ticker,time,open,high,low,close,volume,ma10,ma20,ma50,ma10_score,ma20_score,ma50_score,money_flow,dollar_flow,trend_score
AGR,2015-01-05,5.26,5.35,5.26,5.35,93170,,,,,,,0.2635,0.1626,0.2635
AGR,2015-01-06,5.26,5.35,5.18,5.35,49630,,,,,,,0.086,0.0575,0.1747
AGR,2015-01-07,5.35,5.52,5.35,5.44,390650,,,,,,,0.0428,0.031,0.1308
AGR,2015-01-08,5.44,5.52,5.35,5.44,139340,,,,,,,0.0256,0.015,0.1045
AGR,2015-01-09,5.44,5.61,5.35,5.52,449900,,,,,,,0.2658,0.1643,0.1367
AGR,2015-01-12,5.52,5.52,5.35,5.44,82460,,,,,,,0.0084,0.0063,0.1154
AGR,2015-01-13,5.35,5.52,5.35,5.44,144170,,,,,,,0.0192,0.0113,0.1016
AGR,2015-01-14,5.44,5.52,5.35,5.52,99290,,,,,,,0.3083,0.1943,0.1275
AGR,2015-01-15,5.52,5.52,5.44,5.52,99950,,,,,,,0.2085,0.1227,0.1365
AGR,2015-01-16,5.44,5.7,5.44,5.44,340340,5.45,,,-0.1102,,,-0.6593,-0.4106,0.1887
AGR,2015-01-19,5.52,5.78,5.52,5.78,839710,5.49,,,5.3015,,,2.0244,1.3991,0.3648
AGR,2015-01-20,5.78,5.78,5.61,5.7,216360,5.52,,,3.1861,,,0.0434,0.0301,0.3606
AGR,2015-01-21,5.61,5.7,5.52,5.52,104880,5.53,,,-0.2169,,,-0.2863,-0.2108,0.3849
AGR,2015-01-22,5.61,5.61,5.52,5.61,244110,5.55,,,1.0993,,,0.7478,0.48,0.4571
AGR,2015-01-23,5.7,5.7,5.52,5.61,311770,5.56,,,0.9356,,,0.0,0.0,0.4306
AGR,2015-01-26,5.7,5.7,5.52,5.7,166760,5.58,,,2.0774,,,0.4936,0.3281,0.4791
AGR,2015-01-27,5.61,5.78,5.52,5.61,194390,5.6,,,0.1607,,,-0.0819,-0.056,0.4853
AGR,2015-01-28,5.52,5.61,5.52,5.52,226780,5.6,,,-1.4462,,,-0.3217,-0.2075,0.4867
AGR,2015-01-29,5.61,5.61,5.44,5.52,112770,5.6,,,-1.4462,,,-0.0178,-0.01,0.4676
AGR,2015-01-30,5.52,5.61,5.35,5.44,302750,5.6,5.52,,-2.8745,-1.5117,,-0.1928,-0.1303,0.421
AGR,2015-02-02,5.52,5.52,5.26,5.35,91000,5.56,5.52,,-3.7424,-3.1411,,-0.0599,-0.0387,0.2245
AGR,2015-02-03,5.35,5.35,5.09,5.18,191420,5.51,5.52,,-5.9208,-6.0743,,-0.0856,-0.0576,0.2287
AGR,2015-02-04,5.18,5.18,5.09,5.18,136830,5.47,5.5,,-5.3363,-5.8524,,0.3553,0.2237,0.2356
AGR,2015-02-05,5.18,5.35,5.18,5.18,110940,5.43,5.49,,-4.5865,-5.6294,,-0.427,-0.2255,0.2036
AGR,2015-02-06,5.26,5.26,5.18,5.18,70560,5.39,5.47,,-3.8247,-5.3363,,-0.2289,-0.1287,0.2264
AGR,2015-02-09,5.26,5.35,5.09,5.18,61360,5.33,5.46,,-2.8871,-5.1108,,-0.0655,-0.0377,0.1836
AGR,2015-02-10,5.26,5.26,5.09,5.26,91280,5.3,5.45,,-0.736,-3.4862,,0.2892,0.1528,0.2044
AGR,2015-02-11,5.26,5.35,5.18,5.35,46270,5.28,5.44,,1.2874,-1.6815,,0.15,0.0946,0.1872
AGR,2015-02-12,5.26,5.44,5.26,5.35,48690,5.26,5.43,,1.6144,-1.5277,,-0.0,-0.0,0.1854
AGR,2015-02-13,5.26,5.44,5.26,5.26,74730,5.25,5.42,,0.2478,-3.0236,,-0.2794,-0.1532,0.1941
AGR,2015-02-24,5.35,5.44,5.35,5.44,95290,5.26,5.41,,3.5008,0.6103,,0.3536,0.2088,0.2234
AGR,2015-02-25,5.35,5.44,5.35,5.44,49480,5.28,5.39,,2.9913,0.8528,,0.0962,0.0596,0.2245
AGR,2015-02-26,5.44,5.44,5.26,5.35,78970,5.3,5.39,,0.9624,-0.6592,,-0.0,-0.0,0.189
AGR,2015-02-27,5.35,5.44,5.26,5.26,106650,5.31,5.37,,-0.8856,-2.0119,,-0.3165,-0.1534,0.1779
AGR,2015-03-02,5.26,5.35,5.18,5.26,37250,5.32,5.35,,-1.0348,-1.6914,,-0.0087,-0.0052,0.1559
AGR,2015-03-03,5.26,5.35,5.09,5.26,226230,5.32,5.33,,-1.1835,-1.2855,,0.1341,0.0781,0.1628
AGR,2015-03-04,5.35,5.61,5.35,5.61,668790,5.36,5.33,,4.7032,5.2829,,1.2693,0.8047,0.2608
AGR,2015-03-05,5.7,5.7,5.52,5.52,346230,5.38,5.33,,2.6977,3.5939,,-0.5852,-0.3671,0.3043
AGR,2015-03-06,5.52,5.52,5.44,5.52,73270,5.39,5.33,,2.3739,3.5939,,0.1643,0.0966,0.3207
AGR,2015-03-09,5.44,5.52,5.35,5.35,205060,5.4,5.32,,-0.9443,0.4884,,-0.4784,-0.2703,0.3406
AGR,2015-03-10,5.35,5.61,5.35,5.44,321280,5.4,5.33,,0.7221,2.0925,,-0.2952,-0.174,0.3348
AGR,2015-03-11,5.44,5.52,5.35,5.44,76290,5.4,5.34,,0.7221,1.8441,,0.0125,0.0075,0.3264
AGR,2015-03-12,5.52,5.52,5.44,5.44,169850,5.41,5.35,,0.5545,1.5968,,-0.5022,-0.277,0.3766
AGR,2015-03-13,5.44,5.52,5.35,5.44,245050,5.43,5.37,,0.2211,1.3507,,0.039,0.0213,0.3489
AGR,2015-03-16,5.52,5.52,5.35,5.35,171840,5.44,5.38,,-1.6001,-0.4836,,-0.3384,-0.1801,0.3819
AGR,2015-03-17,5.35,5.44,5.35,5.35,171410,5.45,5.38,,-1.7628,-0.6407,,-0.5241,-0.3047,0.4209
AGR,2015-03-18,5.35,5.44,5.26,5.35,120890,5.42,5.39,,-1.2915,-0.7237,,-0.0,-0.0,0.294
AGR,2015-03-19,5.44,5.44,5.18,5.26,166620,5.39,5.38,,-2.4842,-2.3122,,-0.2102,-0.1295,0.2564
AGR,2015-03-20,5.18,5.26,5.18,5.26,177040,5.37,5.38,,-2.0119,-2.2305,,0.2599,0.1131,0.266
AGR,2015-03-23,5.26,5.35,5.18,5.26,210700,5.36,5.38,5.41,-1.8474,-2.2305,-2.787,-0.0278,-0.0166,0.2209
AGR,2015-03-24,5.18,5.18,5.01,5.18,333750,5.33,5.37,5.41,-2.8689,-3.4843,-4.2053,0.8204,0.4839,0.2735
AGR,2015-03-25,5.18,5.26,5.01,5.01,197400,5.29,5.35,5.4,-5.293,-6.2763,-7.2325,-0.5517,-0.2558,0.3274
AGR,2015-03-26,5.09,5.18,5.01,5.01,186870,5.25,5.33,5.39,-4.5169,-5.9773,-7.0846,-0.53,-0.2733,0.3302
AGR,2015-03-27,5.09,5.09,4.92,5.01,335460,5.2,5.32,5.38,-3.7279,-5.7562,-6.9361,0.0363,0.0218,0.3299
AGR,2015-03-30,5.09,5.09,4.83,4.83,312910,5.15,5.29,5.37,-6.25,-8.7733,-10.0492,-0.6693,-0.3506,0.363
AGR,2015-03-31,4.83,5.01,4.83,4.92,111400,5.11,5.28,5.36,-3.6994,-6.774,-8.1953,0.0,0.0,0.3106
AGR,2015-04-01,4.92,5.01,4.75,4.75,247590,5.05,5.23,5.35,-5.922,-9.2559,-11.1385,-0.5671,-0.3071,0.3673
AGR,2015-04-02,4.92,5.01,4.66,5.01,196630,5.02,5.21,5.34,-0.2787,-3.8203,-6.0954,0.5005,0.2737,0.3963
AGR,2015-04-03,5.01,5.01,4.83,4.92,66200,4.99,5.18,5.32,-1.4028,-5.001,-7.5744,0.0,0.0,0.3703
AGR,2015-04-06,4.92,4.92,4.83,4.83,82960,4.95,5.15,5.31,-2.3651,-6.2682,-9.0567,-0.316,-0.1592,0.3991
AGR,2015-04-07,4.83,5.01,4.83,5.01,74710,4.93,5.13,5.3,1.6227,-2.3677,-5.3932,0.1852,0.0974,0.3356
AGR,2015-04-08,5.01,5.01,4.92,4.92,50630,4.92,5.11,5.28,-0.0203,-3.6333,-6.8182,-0.1451,-0.0663,0.295
AGR,2015-04-09,4.92,5.01,4.92,4.92,216620,4.91,5.08,5.27,0.1629,-3.1401,-6.6059,-0.5709,-0.3179,0.2991
AGR,2015-04-10,4.92,5.09,4.92,5.01,211930,4.91,5.06,5.26,1.9951,-0.949,-4.6804,0.0305,0.0181,0.2985
AGR,2015-04-13,5.09,5.09,4.92,5.01,56550,4.93,5.04,5.24,1.6227,-0.615,-4.4622,0.0094,0.0048,0.2325
AGR,2015-04-14,4.92,5.01,4.92,4.92,37300,4.93,5.02,5.23,-0.2028,-1.9823,-5.8986,-0.0947,-0.0536,0.242
AGR,2015-04-15,4.92,4.92,4.83,4.83,36510,4.94,4.99,5.21,-2.1871,-3.2743,-7.3435,-0.0844,-0.0387,0.1937
AGR,2015-04-16,4.92,5.09,4.92,5.09,600670,4.95,4.99,5.2,2.9114,2.1063,-2.1944,1.3188,0.6457,0.2755
AGR,2015-04-17,5.01,5.26,5.01,5.18,162430,4.97,4.98,5.2,4.1834,3.9952,-0.3348,0.1164,0.0538,0.2872
AGR,2015-04-20,5.09,5.18,4.92,5.01,111160,4.99,4.97,5.19,0.4008,0.8353,-3.4459,-0.1151,-0.0597,0.2671
AGR,2015-04-21,5.01,5.09,5.01,5.09,159360,5.0,4.96,5.18,1.8407,2.5383,-1.8057,0.4374,0.2325,0.2923
AGR,2015-04-22,5.01,5.09,5.01,5.09,107580,5.01,4.97,5.18,1.4955,2.4557,-1.7716,0.2828,0.1505,0.306
AGR,2015-04-23,5.09,5.09,4.92,5.09,56130,5.03,4.97,5.18,1.1526,2.3733,-1.7375,0.1811,0.0906,0.2671
AGR,2015-04-24,4.92,5.09,4.92,5.01,58810,5.03,4.97,5.18,-0.4372,0.7643,-3.2183,0.0127,0.0064,0.2653
AGR,2015-04-27,4.92,5.09,4.92,5.01,17680,5.03,4.98,5.17,-0.4372,0.5822,-3.1547,0.0038,0.0023,0.2647
AGR,2015-05-04,5.01,5.01,4.66,4.66,304180,5.01,4.97,5.16,-6.9117,-6.1997,-9.7389,-0.4319,-0.24,0.2984
AGR,2015-05-05,4.66,4.83,4.57,4.75,122430,5.0,4.97,5.15,-4.962,-4.3881,-7.8135,0.1109,0.0579,0.3011
AGR,2015-05-06,4.75,4.75,4.57,4.57,53830,4.95,4.95,5.14,-7.6021,-7.6021,-11.0376,-0.127,-0.0719,0.1819
AGR,2015-05-07,4.49,4.66,4.49,4.57,130720,4.88,4.93,5.12,-6.4483,-7.274,-10.7666,-0.03,-0.0166,0.1733
AGR,2015-05-08,4.57,4.75,4.57,4.75,86110,4.86,4.92,5.11,-2.2433,-3.5435,-7.0668,0.3239,0.1953,0.1941
AGR,2015-05-11,4.75,4.75,4.57,4.75,25990,4.82,4.91,5.1,-1.5544,-3.2882,-6.8152,0.1214,0.067,0.1625
AGR,2015-05-12,4.57,4.66,4.49,4.57,130400,4.77,4.89,5.08,-4.2531,-6.6204,-10.0394,-0.0237,-0.0127,0.1366
AGR,2015-05-13,4.57,4.57,4.49,4.49,68100,4.71,4.87,5.06,-4.7316,-7.8502,-11.3139,-0.242,-0.122,0.1427
AGR,2015-05-14,4.49,4.57,4.4,4.49,47020,4.66,4.85,5.05,-3.6687,-7.3558,-11.0433,0.0116,0.0057,0.1426
AGR,2015-05-15,4.49,4.57,4.31,4.4,69050,4.6,4.82,5.03,-4.3478,-8.6379,-12.5283,-0.046,-0.0242,0.1468
AGR,2015-05-18,4.4,4.4,4.23,4.31,110610,4.57,4.79,5.01,-5.586,-9.9363,-13.9927,-0.0156,-0.0082,0.1052
AGR,2015-05-19,4.23,4.31,4.23,4.31,74070,4.52,4.76,4.99,-4.6671,-9.4443,-13.5441,0.185,0.096,0.1126
AGR,2015-05-20,4.23,4.57,4.23,4.57,205370,4.52,4.73,4.97,1.0838,-3.4541,-7.9779,0.3043,0.1702,0.1304
AGR,2015-05-21,4.66,4.83,4.57,4.75,299270,4.54,4.71,4.95,4.6486,0.8065,-4.0559,0.3062,0.1785,0.158
AGR,2015-05-22,4.83,4.83,4.66,4.83,101280,4.55,4.7,4.94,6.2239,2.7004,-2.2346,0.1992,0.0989,0.1455
AGR,2015-05-25,4.75,4.83,4.66,4.75,122460,4.55,4.69,4.93,4.4645,1.3658,-3.5846,0.0163,0.0091,0.135
AGR,2015-05-26,4.75,4.83,4.66,4.83,138790,4.57,4.67,4.91,5.6199,3.3597,-1.7174,0.2686,0.1563,0.1595
AGR,2015-05-27,4.83,4.92,4.66,4.75,171400,4.6,4.66,4.9,3.2833,2.0189,-3.0731,-0.1199,-0.0547,0.1473
AGR,2015-05-28,4.83,5.01,4.75,4.92,340270,4.64,4.65,4.89,5.9888,5.7723,0.6094,0.2039,0.1182,0.1665
AGR,2015-05-29,5.01,5.01,4.83,4.92,58000,4.69,4.65,4.88,4.8147,5.8748,0.7866,0.0,0.0,0.1619
AGR,2015-06-01,4.92,4.92,4.75,4.83,119380,4.75,4.66,4.87,1.7699,3.7483,-0.8458,-0.0186,-0.0095,0.1622
AGR,2015-06-02,4.83,4.92,4.66,4.75,221930,4.79,4.66,4.86,-0.8351,2.0299,-2.2473,-0.1143,-0.0671,0.1551
AGR,2015-06-03,4.75,4.83,4.75,4.75,116360,4.81,4.66,4.85,-1.2063,1.833,-2.0417,-0.1601,-0.069,0.1407
AGR,2015-06-04,4.75,4.92,4.75,4.83,133510,4.82,4.68,4.84,0.2907,3.2603,-0.2149,-0.0125,-0.0075,0.1113
AGR,2015-06-05,4.83,5.01,4.75,4.92,394850,4.82,4.69,4.83,1.9689,4.9936,1.7875,0.1564,0.0852,0.1071
AGR,2015-06-08,5.01,5.09,4.92,5.09,285880,4.86,4.7,4.83,4.7541,8.2288,5.3438,0.4393,0.2493,0.1494
AGR,2015-06-09,5.01,5.01,4.75,4.92,203560,4.87,4.72,4.83,1.0682,4.2262,1.8634,0.1199,0.0646,0.1345
AGR,2015-06-10,4.92,5.01,4.83,5.01,111370,4.89,4.75,4.83,2.3702,5.5515,3.7267,0.206,0.1166,0.1431
AGR,2015-06-11,4.92,5.09,4.92,5.01,271480,4.9,4.77,4.83,2.1823,4.9764,3.7267,0.0191,0.0094,0.1246
AGR,2015-06-12,5.35,5.35,5.26,5.35,834800,4.95,4.82,4.84,8.1682,10.9959,10.5281,1.2984,0.8321,0.2544
AGR,2015-06-15,5.7,5.7,5.7,5.7,1074000,5.03,4.89,4.86,13.2525,16.5763,17.3806,0.0,0.0,0.2526
AGR,2015-06-16,5.95,5.95,5.52,5.61,1480710,5.12,4.95,4.87,9.5917,13.2304,15.1194,-0.9302,-0.5642,0.3342
AGR,2015-06-17,5.52,5.7,5.44,5.52,921020,5.2,5.0,4.88,6.2356,10.3559,13.036,-0.6935,-0.4727,0.3875
AGR,2015-06-18,5.52,5.87,5.52,5.87,1598710,5.3,5.06,4.9,10.7547,16.0538,19.7373,3.5111,2.3497,0.7374
AGR,2015-06-19,5.87,6.13,5.7,5.7,1521690,5.38,5.1,4.92,5.9874,11.7318,15.8584,-1.4844,-0.7507,0.8702
AGR,2015-06-22,5.7,5.78,5.35,5.44,1933910,5.41,5.14,4.93,0.4988,5.919,10.3807,-2.2808,-1.3374,1.0543
AGR,2015-06-23,5.44,5.7,5.44,5.44,886520,5.46,5.17,4.94,-0.4575,5.2937,10.1482,-2.6176,-1.7312,1.3041
AGR,2015-06-24,5.52,5.61,5.44,5.44,808750,5.51,5.2,4.95,-1.2346,4.5953,9.9168,-1.549,-1.0244,1.4384
AGR,2015-06-25,5.52,5.61,5.44,5.52,1003790,5.56,5.23,4.96,-0.7016,5.5248,11.3038,-0.1439,-0.0968,1.4509
AGR,2015-06-26,5.52,5.87,5.52,5.61,1659400,5.58,5.27,4.97,0.4476,6.5426,12.8455,-1.1241,-0.7894,1.4335
AGR,2015-06-29,5.7,5.7,5.52,5.7,802310,5.59,5.31,4.99,2.0591,7.3649,14.2972,1.5504,1.0537,1.5885
AGR,2015-06-30,5.61,5.61,5.35,5.35,810010,5.56,5.34,5.0,-3.7597,0.206,7.0557,-1.2372,-0.8276,1.6192
AGR,2015-07-01,5.44,5.44,5.01,5.18,2094480,5.52,5.36,5.0,-6.2443,-3.3672,3.6166,-1.0272,-0.5827,1.6526
AGR,2015-07-02,5.09,5.35,5.01,5.35,806210,5.47,5.39,5.0,-2.2474,-0.6776,6.9444,1.1032,0.6663,1.4118
AGR,2015-07-03,5.26,5.35,5.09,5.09,1263370,5.41,5.4,5.0,-5.9497,-5.6534,1.7146,-1.7086,-1.077,1.4342
AGR,2015-07-06,5.18,5.18,5.09,5.09,563370,5.38,5.4,5.0,-5.3375,-5.6534,1.7146,-0.6168,-0.3183,1.2678
AGR,2015-07-07,5.09,5.18,5.01,5.09,827570,5.34,5.4,5.0,-4.7173,-5.8018,1.7146,-0.0721,-0.0374,1.0133
AGR,2015-07-08,5.09,5.18,5.01,5.09,837640,5.31,5.41,5.0,-4.0889,-5.8715,1.7146,-0.0638,-0.0336,0.8647
AGR,2015-07-09,5.01,5.18,5.01,5.09,377000,5.26,5.41,5.01,-3.3055,-5.9411,1.682,-0.0341,-0.0188,0.8538
AGR,2015-07-10,5.09,5.26,5.09,5.09,407910,5.21,5.4,5.01,-2.3408,-5.7146,1.6496,-0.5189,-0.3242,0.7932
AGR,2015-07-13,5.18,5.18,5.09,5.09,304030,5.15,5.37,5.02,-1.1842,-5.1788,1.4753,-0.4633,-0.2559,0.6845
AGR,2015-07-14,5.09,5.09,4.92,5.01,356050,5.12,5.34,5.02,-2.0911,-6.1446,-0.2231,0.0333,0.017,0.5641
AGR,2015-07-15,4.92,5.09,4.83,4.92,447870,5.09,5.31,5.03,-3.3589,-7.3097,-2.1519,-0.1581,-0.0825,0.4772
AGR,2015-07-16,4.92,5.09,4.92,4.92,253460,5.05,5.26,5.04,-2.5357,-6.4728,-2.2879,-0.3732,-0.1794,0.4042
AGR,2015-07-17,4.92,5.09,4.92,5.01,110910,5.04,5.23,5.04,-0.5952,-4.1332,-0.6031,0.0155,0.0096,0.2349
AGR,2015-07-20,5.01,5.01,4.83,4.92,198000,5.02,5.2,5.04,-2.0506,-5.3846,-2.4545,0.0,0.0,0.1732
AGR,2015-07-21,5.01,5.01,4.75,4.83,271280,5.0,5.17,5.05,-3.342,-6.5674,-4.3375,-0.2444,-0.145,0.1905
AGR,2015-07-22,4.75,4.92,4.75,4.92,338300,4.98,5.14,5.06,-1.2048,-4.3453,-2.7207,0.4151,0.224,0.2256
AGR,2015-07-23,4.92,5.09,4.75,4.92,552550,4.96,5.11,5.07,-0.8664,-3.7841,-2.8858,0.0,0.0,0.2222
AGR,2015-07-24,4.92,5.01,4.83,4.92,124370,4.95,5.08,5.08,-0.5257,-3.1305,-3.0847,0.0,0.0,0.1703
AGR,2015-07-27,4.92,5.01,4.83,4.83,362180,4.92,5.04,5.09,-1.8293,-4.081,-5.0521,-0.6641,-0.4041,0.1904
AGR,2015-07-28,4.83,4.92,4.75,4.75,140010,4.89,5.01,5.1,-2.9424,-5.1044,-6.786,-0.145,-0.0725,0.2015
AGR,2015-07-29,4.75,4.92,4.75,4.83,169750,4.88,4.99,5.1,-1.1259,-3.1676,-5.3127,-0.0163,-0.0085,0.1874
AGR,2015-07-30,4.92,4.92,4.75,4.83,140650,4.88,4.96,5.1,-0.9434,-2.6602,-5.3424,-0.0177,-0.0094,0.1518
AGR,2015-07-31,4.92,4.92,4.75,4.75,160280,4.85,4.94,5.1,-2.0619,-3.9434,-6.881,-0.2333,-0.1229,0.1736
AGR,2015-08-03,4.75,4.75,4.66,4.66,199120,4.82,4.92,5.1,-3.3997,-5.3519,-8.6131,-0.3463,-0.1973,0.2082
AGR,2015-08-04,4.75,4.75,4.66,4.75,99120,4.82,4.91,5.1,-1.3704,-3.1896,-6.8189,0.2666,0.1288,0.2104
AGR,2015-08-05,4.75,4.92,4.75,4.83,250410,4.81,4.89,5.1,0.4785,-1.2976,-5.2793,-0.0279,-0.0163,0.1717
AGR,2015-08-06,4.83,4.92,4.83,4.92,136790,4.81,4.88,5.1,2.3507,0.7165,-3.5143,0.2344,0.1566,0.1952
AGR,2015-08-07,4.92,4.92,4.75,4.75,58410,4.79,4.87,5.1,-0.8351,-2.424,-6.786,-0.2179,-0.1316,0.2169
AGR,2015-08-10,4.75,4.92,4.75,4.75,289880,4.78,4.85,5.09,-0.6692,-2.082,-6.7567,-0.6079,-0.2918,0.2113
AGR,2015-08-11,4.75,4.83,4.75,4.75,75660,4.78,4.84,5.09,-0.6692,-1.8189,-6.7567,-0.1395,-0.0725,0.2108
AGR,2015-08-12,4.75,4.75,4.57,4.66,105340,4.77,4.82,5.09,-2.2036,-3.4197,-8.4911,0.0,0.0,0.2091
AGR,2015-08-13,4.66,4.66,4.49,4.49,301600,4.73,4.8,5.09,-5.0941,-6.5265,-11.7115,-0.6643,-0.3115,0.2738
AGR,2015-08-14,4.49,4.57,4.4,4.4,166510,4.7,4.77,5.08,-6.3032,-7.8148,-13.3039,-0.4278,-0.2127,0.2933
AGR,2015-08-17,4.49,4.57,4.4,4.4,134040,4.67,4.75,5.06,-5.7816,-7.3099,-13.0675,-0.2344,-0.1153,0.2821
AGR,2015-08-18,4.4,4.49,4.4,4.49,87520,4.64,4.73,5.05,-3.3161,-5.074,-11.1384,0.1594,0.0739,0.2714
AGR,2015-08-19,4.49,4.49,4.4,4.49,183680,4.61,4.71,5.04,-2.603,-4.6405,-10.9551,0.3453,0.1794,0.3031
AGR,2015-08-20,4.49,4.57,4.4,4.49,45070,4.57,4.69,5.03,-1.686,-4.2031,-10.7711,0.0044,0.002,0.2801
AGR,2015-08-21,4.49,4.49,4.23,4.31,300050,4.52,4.66,5.01,-4.7093,-7.4412,-13.9927,-0.1369,-0.0742,0.272
AGR,2015-08-24,4.31,4.31,4.06,4.06,467520,4.45,4.62,4.98,-8.846,-12.0832,-18.4477,-0.3729,-0.1795,0.2485
AGR,2015-08-25,3.8,4.06,3.8,3.88,185540,4.37,4.57,4.94,-11.1518,-15.182,-21.5179,-0.0932,-0.0386,0.2439
AGR,2015-08-26,3.97,4.14,3.97,4.14,188400,4.32,4.54,4.92,-4.0556,-8.8106,-15.7886,0.2584,0.1305,0.2697
AGR,2015-08-27,4.23,4.31,4.14,4.31,170580,4.3,4.51,4.88,0.3025,-4.5193,-11.7707,0.2992,0.1547,0.2332
AGR,2015-08-28,4.23,4.31,4.14,4.14,475850,4.27,4.48,4.85,-3.0672,-7.6614,-14.706,-0.6747,-0.3009,0.2579
AGR,2015-08-31,4.23,4.31,4.06,4.23,294280,4.25,4.46,4.83,-0.5642,-5.1995,-12.4151,0.2095,0.0984,0.2554
AGR,2015-09-01,4.31,4.31,4.14,4.23,57060,4.23,4.44,4.81,0.0473,-4.6438,-11.974,0.0097,0.0047,0.2404
AGR,2015-09-03,4.14,4.23,4.06,4.14,57660,4.19,4.4,4.78,-1.264,-5.9412,-13.3782,-0.0062,-0.0031,0.2065
AGR,2015-09-04,4.06,4.14,4.06,4.14,120020,4.16,4.36,4.75,-0.4329,-5.1003,-12.8751,0.3612,0.1872,0.2422
AGR,2015-09-07,4.14,4.14,3.97,4.06,92030,4.13,4.33,4.72,-1.7663,-6.1922,-13.9976,0.0219,0.0111,0.2307
AGR,2015-09-08,3.97,4.14,3.97,4.14,184460,4.14,4.3,4.69,-0.0241,-3.6649,-11.7195,0.3336,0.171,0.2268
AGR,2015-09-09,4.14,4.14,4.06,4.06,155330,4.16,4.26,4.66,-2.3804,-4.7619,-12.9465,-0.3768,-0.1978,0.2551
AGR,2015-09-10,4.06,4.06,3.88,3.88,199020,4.13,4.22,4.64,-6.1215,-8.1439,-16.3396,-0.8584,-0.397,0.3151
AGR,2015-09-11,3.88,3.97,3.88,3.88,343670,4.09,4.19,4.61,-5.1345,-7.4759,-15.8059,-0.801,-0.3817,0.3653
AGR,2015-09-14,3.8,3.88,3.71,3.71,206800,4.05,4.16,4.58,-8.3272,-10.7959,-19.0098,-0.4764,-0.2222,0.3455
AGR,2015-09-15,3.8,3.8,3.54,3.62,366300,3.99,4.12,4.55,-9.1821,-12.1359,-20.464,-0.3886,-0.1477,0.3634
AGR,2015-09-16,3.62,3.71,3.54,3.62,75230,3.92,4.08,4.52,-7.7707,-11.1983,-19.9469,-0.0155,-0.007,0.364
AGR,2015-09-17,3.54,3.62,3.45,3.45,745250,3.86,4.02,4.49,-10.529,-14.2751,-23.1489,-2.0137,-0.7847,0.5647
AGR,2015-09-18,3.45,3.62,3.45,3.62,380250,3.8,3.98,4.46,-4.837,-9.0681,-18.8304,0.3617,0.1222,0.5647
AGR,2015-09-21,3.8,3.8,3.71,3.8,708000,3.78,3.96,4.43,0.5823,-3.9312,-14.2986,1.6919,0.792,0.7318
AGR,2015-09-22,3.8,3.88,3.62,3.71,305550,3.74,3.94,4.41,-0.6693,-5.7897,-15.8043,-0.1998,-0.0965,0.7184
AGR,2015-09-23,3.71,3.71,3.54,3.71,201250,3.7,3.93,4.38,0.2703,-5.586,-15.3045,0.4437,0.1726,0.7251
AGR,2015-09-24,3.62,3.8,3.62,3.71,298130,3.68,3.91,4.36,0.7331,-5.0665,-14.834,0.0,0.0,0.6392
AGR,2015-09-25,3.62,3.71,3.62,3.62,60870,3.66,3.87,4.33,-1.0118,-6.5445,-16.4011,-0.1862,-0.0733,0.5777
AGR,2015-09-28,3.62,3.71,3.54,3.54,79290,3.64,3.84,4.3,-2.7473,-7.8964,-17.6897,-0.1576,-0.0685,0.5459
AGR,2015-09-29,3.54,3.62,3.45,3.54,164700,3.63,3.81,4.27,-2.533,-7.0622,-17.1581,0.0247,0.0107,0.5095
AGR,2015-09-30,3.54,3.62,3.54,3.54,35800,3.62,3.77,4.25,-2.3179,-6.2127,-16.6549,-0.096,-0.0416,0.5175
AGR,2015-10-01,3.62,3.62,3.54,3.54,78260,3.63,3.74,4.22,-2.5599,-5.4613,-16.1098,-0.2509,-0.1099,0.3412
AGR,2015-10-02,3.54,3.62,3.45,3.54,52290,3.62,3.71,4.19,-2.3448,-4.6978,-15.5575,0.0134,0.0059,0.3064
AGR,2015-10-05,3.45,3.62,3.45,3.54,51270,3.6,3.69,4.16,-1.6393,-4.026,-14.9978,0.0059,0.0026,0.1378
AGR,2015-10-06,3.62,3.71,3.62,3.71,345060,3.6,3.67,4.14,3.0842,1.1726,-10.4341,0.4048,0.1891,0.1583
AGR,2015-10-07,3.71,3.71,3.62,3.62,173040,3.59,3.64,4.12,0.8357,-0.6859,-12.1274,-0.2418,-0.0872,0.1381
AGR,2015-10-08,3.62,3.71,3.62,3.62,150000,3.58,3.63,4.1,1.0891,-0.3304,-11.6081,-0.2145,-0.0926,0.1596
AGR,2015-10-09,3.71,3.8,3.62,3.62,310600,3.58,3.62,4.07,1.0891,0.0276,-11.0827,-0.4303,-0.1585,0.184
AGR,2015-10-12,3.71,3.8,3.62,3.8,250540,3.61,3.62,4.05,5.3507,4.871,-6.2238,0.4394,0.1699,0.2122
AGR,2015-10-13,3.71,3.8,3.71,3.71,129310,3.62,3.63,4.03,2.3731,2.2602,-8.0135,-0.2665,-0.1043,0.2363
AGR,2015-10-14,3.71,3.71,3.62,3.71,120230,3.64,3.63,4.01,1.8951,2.1335,-7.5366,0.2766,0.1077,0.2544
AGR,2015-10-15,3.62,3.8,3.62,3.71,63200,3.66,3.65,3.99,1.4215,1.7693,-7.0175,0.0,0.0,0.2293
AGR,2015-10-16,3.62,3.71,3.54,3.54,586830,3.66,3.64,3.96,-3.2258,-2.7873,-10.6602,-1.0476,-0.4171,0.3327
AGR,2015-10-19,3.45,3.54,3.37,3.54,249430,3.66,3.63,3.94,-3.2258,-2.439,-10.1112,0.5285,0.2016,0.385
AGR,2015-10-20,3.54,3.54,3.45,3.54,23600,3.64,3.62,3.91,-2.774,-2.2099,-9.5554,0.0419,0.0158,0.3487
AGR,2015-10-21,3.54,3.54,3.45,3.54,58360,3.63,3.61,3.89,-2.5599,-1.9798,-8.9928,0.1298,0.0573,0.3375
AGR,2015-10-22,3.45,3.62,3.45,3.54,242140,3.62,3.6,3.87,-2.3448,-1.7485,-8.4656,0.0415,0.0164,0.3202
AGR,2015-10-23,3.54,3.62,3.54,3.54,195640,3.62,3.6,3.85,-2.1288,-1.6393,-8.0137,-0.4214,-0.1559,0.3193
AGR,2015-10-26,3.54,3.54,3.45,3.45,98020,3.58,3.59,3.83,-3.6851,-4.02,-9.9076,-0.1736,-0.0609,0.2928
AGR,2015-10-27,3.54,3.54,3.45,3.45,72080,3.56,3.59,3.81,-2.9809,-3.8997,-9.4583,-0.1414,-0.0637,0.2802
AGR,2015-10-28,3.54,3.54,3.37,3.45,191550,3.53,3.59,3.79,-2.2663,-3.7791,-8.9614,-0.0219,-0.0083,0.2548
AGR,2015-10-29,3.45,3.54,3.45,3.54,55950,3.51,3.59,3.77,0.7686,-1.269,-6.1157,0.1171,0.0388,0.2665
AGR,2015-10-30,3.54,3.54,3.45,3.45,25040,3.5,3.58,3.75,-1.5411,-3.6582,-7.9951,-0.0675,-0.0242,0.1685
AGR,2015-11-02,3.54,3.54,3.45,3.45,80820,3.5,3.58,3.73,-1.2876,-3.537,-7.5711,-0.1881,-0.0701,0.1344
AGR,2015-11-03,3.45,3.45,3.37,3.45,32870,3.49,3.56,3.72,-1.0327,-3.1851,-7.268,0.053,0.0185,0.1355
AGR,2015-11-04,3.45,3.45,3.37,3.45,134910,3.48,3.56,3.71,-0.7765,-2.9536,-7.0532,0.2911,0.1028,0.1517
AGR,2015-11-05,3.37,3.45,3.28,3.37,114460,3.46,3.54,3.7,-2.6012,-4.8694,-8.8302,0.0166,0.0058,0.1492
AGR,2015-11-06,3.45,3.45,3.37,3.45,90860,3.45,3.53,3.68,-0.029,-2.3769,-6.2296,0.1701,0.0605,0.1241
AGR,2015-11-09,3.45,3.45,3.37,3.37,43990,3.44,3.51,3.66,-2.1202,-4.0569,-8.019,-0.0862,-0.0293,0.1153
AGR,2015-11-10,3.37,3.45,3.37,3.37,80090,3.44,3.5,3.65,-1.8923,-3.5903,-7.5851,-0.252,-0.0881,0.1264
AGR,2015-11-11,3.45,3.45,3.28,3.37,128710,3.43,3.48,3.63,-1.6633,-3.1192,-7.1472,0.0178,0.0068,0.126
AGR,2015-11-12,3.37,3.45,3.37,3.45,96310,3.42,3.47,3.62,0.9362,-0.4473,-4.5802,0.1442,0.0533,0.1287
AGR,2015-11-13,3.37,3.45,3.28,3.28,132900,3.4,3.45,3.6,-3.5578,-4.9964,-8.8484,-0.2356,-0.082,0.1455
AGR,2015-11-16,3.37,3.37,3.28,3.37,91570,3.39,3.44,3.58,-0.6779,-2.1487,-5.9867,0.1601,0.0565,0.1427
AGR,2015-11-17,3.28,3.37,3.28,3.37,29820,3.38,3.44,3.57,-0.4431,-1.9066,-5.5811,0.0378,0.0124,0.1412
AGR,2015-11-18,3.37,3.37,3.28,3.28,23890,3.37,3.42,3.55,-2.6128,-4.1636,-7.6992,-0.0544,-0.0213,0.1175
AGR,2015-11-19,3.28,3.37,3.28,3.37,165690,3.37,3.41,3.54,0.0594,-1.2888,-4.8936,0.4502,0.1551,0.1608
AGR,2015-11-20,3.37,3.37,3.28,3.28,173250,3.35,3.4,3.53,-2.1188,-3.5578,-7.119,-0.4071,-0.146,0.1845
AGR,2015-11-23,3.37,3.45,3.28,3.45,376220,3.36,3.4,3.53,2.7091,1.4408,-2.161,0.7254,0.2623,0.2485
AGR,2015-11-24,3.37,3.45,3.28,3.28,121610,3.35,3.39,3.52,-2.0896,-3.3161,-6.8023,-0.2141,-0.0749,0.2447
AGR,2015-11-25,3.37,3.45,3.28,3.45,137090,3.36,3.39,3.52,2.7397,1.6949,-1.8771,0.1996,0.0743,0.2629
AGR,2015-11-26,3.37,3.45,3.37,3.37,165370,3.35,3.38,3.51,0.597,-0.4137,-4.1088,-0.3552,-0.1471,0.284
AGR,2015-11-27,3.45,3.45,3.28,3.28,88600,3.35,3.38,3.51,-2.0896,-2.8292,-6.4888,-0.1539,-0.0603,0.2758
AGR,2015-11-30,3.28,3.37,3.28,3.28,158680,3.34,3.37,3.5,-1.8258,-2.5839,-6.2107,-0.3349,-0.1193,0.2933
AGR,2015-12-01,3.37,3.37,3.19,3.28,120820,3.33,3.36,3.49,-1.5606,-2.3374,-5.9795,-0.0,-0.0,0.2895
AGR,2015-12-02,3.28,3.37,3.19,3.28,27500,3.33,3.35,3.48,-1.5606,-2.0896,-5.7471,-0.0,-0.0,0.2841
AGR,2015-12-03,3.19,3.37,3.19,3.28,40980,3.32,3.35,3.47,-1.294,-1.9579,-5.5136,-0.0,-0.0,0.239
AGR,2015-12-04,3.28,3.28,3.19,3.19,62120,3.31,3.33,3.46,-3.7417,-4.2761,-7.878,-0.1936,-0.0693,0.2177
AGR,2015-12-07,3.19,3.28,3.19,3.28,30320,3.3,3.33,3.46,-0.5156,-1.4423,-5.1365,0.1041,0.0325,0.1556
AGR,2015-12-08,3.19,3.28,3.11,3.28,109750,3.3,3.32,3.45,-0.5156,-1.3089,-4.9936,0.1843,0.0628,0.1526
AGR,2015-12-09,3.19,3.28,3.19,3.19,71700,3.27,3.31,3.45,-2.4763,-3.7562,-7.4128,-0.1412,-0.048,0.1467
AGR,2015-12-10,3.19,3.19,3.11,3.19,59490,3.25,3.3,3.44,-1.9367,-3.3773,-7.2243,0.1357,0.0528,0.1248
AGR,2015-12-11,3.19,3.19,3.11,3.19,54210,3.24,3.3,3.43,-1.6646,-3.2454,-7.035,0.1674,0.0614,0.1261
AGR,2015-12-14,3.11,3.19,3.02,3.02,99520,3.22,3.28,3.42,-6.1529,-7.9128,-11.7217,-0.3175,-0.1032,0.1244
AGR,2015-12-15,3.11,3.11,3.02,3.11,37640,3.2,3.27,3.41,-2.8429,-4.7911,-8.7709,0.1266,0.0458,0.1371
AGR,2015-12-16,3.11,3.11,3.11,3.11,58760,3.18,3.26,3.4,-2.3241,-4.5427,-8.4971,0.0,0.0,0.1371
AGR,2015-12-17,3.02,3.19,3.02,3.11,120160,3.17,3.24,3.39,-1.7998,-4.1602,-8.2217,0.0222,0.007,0.1393
AGR,2015-12-18,3.11,3.11,3.02,3.02,28290,3.15,3.23,3.38,-4.127,-6.5594,-10.5609,-0.0221,-0.0073,0.1221
AGR,2015-12-21,3.02,3.11,2.93,3.02,47570,3.12,3.21,3.36,-3.3291,-5.9337,-10.1458,0.0,0.0,0.1117
AGR,2015-12-22,2.93,3.11,2.93,3.11,48460,3.11,3.2,3.35,0.0966,-2.8732,-7.1365,0.159,0.0542,0.1092
AGR,2015-12-23,3.02,3.11,2.93,2.93,123550,3.08,3.18,3.33,-4.901,-7.7456,-12.1018,-0.3924,-0.1496,0.1343
AGR,2015-12-24,3.02,3.02,2.93,3.02,51910,3.06,3.16,3.32,-1.436,-4.385,-9.0252,0.1436,0.0469,0.1351
AGR,2015-12-25,2.93,3.02,2.93,3.02,144890,3.05,3.15,3.31,-0.8861,-3.9898,-8.7393,0.15,0.0617,0.1333
AGR,2015-12-28,3.02,3.02,2.85,2.93,110220,3.04,3.13,3.3,-3.555,-6.3299,-11.1313,-0.0161,-0.0048,0.1032
AGR,2015-12-29,2.93,3.02,2.93,2.93,57630,3.02,3.11,3.28,-2.9801,-5.8029,-10.8013,-0.1073,-0.0348,0.1013
AGR,2015-12-30,2.93,3.02,2.93,2.93,152140,3.0,3.09,3.27,-2.3984,-5.27,-10.4687,-0.3285,-0.1083,0.1341
AGR,2015-12-31,2.93,3.02,2.85,2.93,49100,2.98,3.08,3.26,-1.8097,-4.7309,-10.1337,-0.0059,-0.002,0.1325
AGR,2016-01-04,2.93,3.02,2.85,2.93,60430,2.98,3.06,3.25,-1.5126,-4.3265,-9.7962,-0.0077,-0.0021,0.1311
AGR,2016-01-05,2.85,2.93,2.76,2.93,45000,2.97,3.05,3.24,-1.2138,-3.7767,-9.5065,0.0967,0.0306,0.1407
AGR,2016-01-06,2.85,2.93,2.85,2.85,135140,2.94,3.02,3.23,-3.0612,-5.7384,-11.6498,-0.3956,-0.1216,0.1644
AGR,2016-01-07,2.85,2.85,2.68,2.76,203090,2.92,3.0,3.21,-5.5765,-8.0613,-14.0722,-0.0206,-0.0065,0.1272
AGR,2016-01-08,2.59,2.68,2.59,2.59,276300,2.88,2.97,3.19,-10.0694,-12.8533,-18.8851,-0.5093,-0.1603,0.1638
AGR,2016-01-11,2.59,2.68,2.42,2.5,210430,2.83,2.94,3.17,-11.5983,-14.8936,-21.235,-0.1786,-0.0469,0.1666
AGR,2016-01-12,2.42,2.59,2.42,2.59,211350,2.79,2.92,3.16,-7.3014,-11.1797,-17.9549,0.3978,0.116,0.2048
AGR,2016-01-13,2.59,2.68,2.5,2.59,198720,2.76,2.89,3.14,-6.1594,-10.3806,-17.5054,-0.0,-0.0,0.1941
AGR,2016-01-14,2.5,2.59,2.42,2.5,159510,2.72,2.86,3.12,-7.9868,-12.5721,-19.8872,-0.0234,-0.0063,0.1636
AGR,2016-01-15,2.5,2.59,2.42,2.42,211020,2.67,2.82,3.1,-9.2273,-14.3363,-21.9758,-0.4783,-0.1295,0.2108
AGR,2016-01-18,2.42,2.5,2.33,2.33,363490,2.61,2.79,3.08,-10.5909,-16.5024,-24.331,-0.523,-0.1507,0.2623
AGR,2016-01-19,2.33,2.42,2.33,2.33,80600,2.55,2.76,3.06,-8.4839,-15.4572,-23.8164,-0.1502,-0.0427,0.2677
AGR,2016-01-20,2.33,2.33,2.24,2.24,235100,2.48,2.71,3.04,-9.8592,-17.4194,-26.2138,-0.5302,-0.1408,0.2811
AGR,2016-01-21,2.24,2.24,2.16,2.24,218240,2.43,2.68,3.01,-7.9326,-16.3555,-25.6604,0.3581,0.1056,0.3149
AGR,2016-01-22,2.24,2.24,2.16,2.16,193660,2.39,2.64,2.99,-9.6234,-18.0266,-27.6963,-0.2639,-0.08,0.2903
AGR,2016-01-25,2.16,2.24,2.16,2.24,289780,2.36,2.6,2.97,-5.2453,-13.7134,-24.4927,0.3757,0.1023,0.3101
AGR,2016-01-26,2.33,2.33,2.24,2.33,280710,2.34,2.57,2.95,-0.3422,-9.1972,-20.9043,0.5507,0.178,0.3253
AGR,2016-01-27,2.42,2.42,2.42,2.42,149550,2.32,2.54,2.93,4.2654,-4.7432,-17.3158,0.0,0.0,0.3253
AGR,2016-01-28,2.5,2.5,2.5,2.5,281610,2.32,2.52,2.91,7.7122,-0.7543,-14.1248,0.0,0.0,0.323
AGR,2016-01-29,2.59,2.68,2.5,2.59,342110,2.34,2.5,2.9,10.7784,3.5172,-10.5539,-0.0,-0.0,0.2752
AGR,2016-02-01,2.59,2.59,2.5,2.59,92270,2.36,2.48,2.88,9.5601,4.2254,-10.1256,0.1886,0.0533,0.2417
AGR,2016-02-02,2.5,2.5,2.42,2.42,71950,2.37,2.46,2.86,1.9806,-1.606,-15.4201,-0.2,-0.0729,0.2467
AGR,2016-02-03,2.42,2.5,2.33,2.5,86490,2.4,2.44,2.85,4.2101,2.3751,-12.1451,0.239,0.0657,0.2176
AGR,2016-02-04,2.5,2.5,2.42,2.42,39260,2.42,2.42,2.82,0.1241,-0.2062,-14.3363,-0.1481,-0.0396,0.1966
AGR,2016-02-05,2.42,2.5,2.42,2.5,67030,2.45,2.42,2.81,1.9992,3.2844,-10.956,0.2532,0.0809,0.1955
AGR,2016-02-15,2.5,2.5,2.42,2.5,45740,2.48,2.42,2.79,0.9285,3.2844,-10.4585,0.1878,0.0486,0.1767
AGR,2016-02-16,2.5,2.59,2.42,2.5,121990,2.49,2.42,2.78,0.2406,3.4768,-9.9553,-0.0168,-0.0052,0.1234
AGR,2016-02-17,2.42,2.5,2.42,2.5,52710,2.5,2.41,2.76,-0.0799,3.6699,-9.4465,0.1035,0.0298,0.1337
AGR,2016-02-18,2.42,2.59,2.42,2.5,118790,2.5,2.41,2.75,-0.0799,3.6699,-8.932,-0.0166,-0.0047,0.1354
AGR,2016-02-19,2.5,2.5,2.42,2.5,80560,2.49,2.42,2.73,0.2808,3.4982,-8.4115,0.1089,0.0356,0.1463
AGR,2016-02-22,2.5,2.59,2.5,2.59,86420,2.49,2.43,2.72,3.8909,6.6502,-4.6953,0.1153,0.0393,0.1389
AGR,2016-02-23,2.59,2.68,2.5,2.5,151150,2.5,2.44,2.7,-0.04,2.5851,-7.4759,-0.2097,-0.061,0.1399
AGR,2016-02-24,2.5,2.59,2.5,2.5,78780,2.5,2.45,2.69,-0.04,2.0408,-6.9387,-0.1533,-0.0431,0.1313
AGR,2016-02-25,2.5,2.59,2.5,2.59,68190,2.52,2.47,2.67,2.8594,4.9645,-3.1558,0.0965,0.028,0.1262
AGR,2016-02-26,2.5,2.59,2.5,2.5,56610,2.52,2.48,2.66,-0.7149,0.6239,-6.0362,-0.1611,-0.0446,0.117
AGR,2016-02-29,2.5,2.59,2.5,2.5,67070,2.52,2.5,2.65,-0.7149,0.1001,-5.5463,-0.1219,-0.0326,0.1104
AGR,2016-03-01,2.59,2.59,2.5,2.59,38650,2.53,2.51,2.64,2.4931,3.1667,-1.827,0.0799,0.0226,0.1167
AGR,2016-03-02,2.59,2.68,2.5,2.59,128160,2.54,2.52,2.63,2.1293,2.8186,-1.4385,-0.0,-0.0,0.1063
AGR,2016-03-03,2.59,2.68,2.5,2.68,60620,2.55,2.53,2.62,4.9334,6.0127,2.3213,0.1358,0.0422,0.1183
AGR,2016-03-04,2.59,2.68,2.59,2.59,92760,2.56,2.53,2.61,1.0535,2.4525,-0.7206,-0.25,-0.0648,0.1324
AGR,2016-03-07,2.59,2.68,2.59,2.59,300290,2.56,2.53,2.6,1.0535,2.4525,-0.3923,-0.4129,-0.1086,0.1621
AGR,2016-03-08,2.59,2.68,2.59,2.68,124120,2.58,2.54,2.59,3.8357,5.4703,3.3392,0.2252,0.0613,0.1637
AGR,2016-03-09,2.68,2.76,2.59,2.76,209760,2.61,2.55,2.59,5.8688,8.0658,6.712,0.4837,0.158,0.1967
AGR,2016-03-10,2.76,2.85,2.68,2.76,243460,2.62,2.57,2.58,5.1829,7.3512,6.8525,-0.0244,-0.0077,0.1895
AGR,2016-03-11,2.76,2.76,2.68,2.76,71290,2.65,2.58,2.58,4.1509,6.8111,7.068,0.1284,0.0345,0.1862
AGR,2016-03-14,2.76,2.85,2.68,2.76,94250,2.68,2.6,2.57,3.139,6.2765,7.2845,-0.0113,-0.0033,0.1752
AGR,2016-03-15,2.59,2.76,2.59,2.68,227570,2.68,2.61,2.57,-0.1862,2.8396,4.3776,0.0278,0.0081,0.17
AGR,2016-03-16,2.76,2.85,2.68,2.76,298400,2.7,2.62,2.56,2.1466,5.3837,7.6359,-0.0373,-0.0117,0.1737
AGR,2016-03-17,2.93,2.93,2.93,2.93,803550,2.73,2.64,2.56,7.4441,10.9638,14.2657,0.0,0.0,0.1601
AGR,2016-03-18,2.93,3.02,2.85,2.85,296230,2.75,2.66,2.56,3.5234,7.2235,11.2152,-0.4103,-0.1087,0.1761
AGR,2016-03-21,2.93,2.93,2.76,2.85,267270,2.78,2.67,2.56,2.5549,6.7016,11.2847,0.0218,0.007,0.137
AGR,2016-03-22,2.85,2.85,2.68,2.76,470810,2.79,2.68,2.56,-0.9688,2.8316,7.9137,-0.0629,-0.0211,0.1208
AGR,2016-03-23,2.76,2.85,2.68,2.85,231310,2.8,2.7,2.56,1.9313,5.4969,11.4326,0.5119,0.1437,0.1236
AGR,2016-03-24,2.85,2.85,2.76,2.76,116500,2.8,2.71,2.56,-1.2876,1.845,7.9137,-0.2159,-0.0664,0.1428
AGR,2016-03-25,2.76,2.85,2.68,2.76,162040,2.8,2.72,2.56,-1.2876,1.3588,7.7704,-0.0183,-0.0058,0.1318
AGR,2016-03-28,2.68,2.76,2.68,2.68,130500,2.79,2.73,2.56,-3.8737,-1.9034,4.4997,-0.2689,-0.0836,0.1575
AGR,2016-03-29,2.68,2.76,2.68,2.76,60290,2.8,2.74,2.57,-1.2876,0.7115,7.4766,0.0944,0.0299,0.1642
AGR,2016-03-30,2.68,2.76,2.68,2.68,235940,2.79,2.74,2.57,-3.8737,-2.3679,4.2883,-0.4562,-0.1399,0.2061
AGR,2016-03-31,2.68,2.85,2.68,2.76,460880,2.77,2.75,2.58,-0.397,0.4001,7.1845,-0.0442,-0.0148,0.2105
AGR,2016-04-01,2.68,2.76,2.68,2.68,293590,2.75,2.75,2.58,-2.687,-2.6693,3.8679,-0.5892,-0.2102,0.2284
AGR,2016-04-04,2.68,2.76,2.59,2.59,112810,2.73,2.75,2.59,-5.0587,-5.9379,0.1779,-0.2419,-0.0734,0.2504
AGR,2016-04-05,2.59,2.68,2.59,2.68,142380,2.72,2.75,2.59,-1.4706,-2.6693,3.3791,0.2825,0.09,0.2723
AGR,2016-04-06,2.68,2.68,2.59,2.68,108030,2.7,2.75,2.6,-0.8509,-2.5277,3.0294,0.2251,0.0683,0.2437
AGR,2016-04-07,2.68,2.68,2.59,2.68,30730,2.7,2.75,2.61,-0.5566,-2.3857,2.682,0.0562,0.015,0.2277
AGR,2016-04-08,2.5,2.59,2.5,2.5,531670,2.67,2.73,2.62,-6.332,-8.5087,-4.4635,-1.1812,-0.3693,0.344
AGR,2016-04-11,2.42,2.5,2.33,2.5,420690,2.65,2.72,2.62,-5.696,-8.0713,-4.6529,0.7464,0.1904,0.3917
AGR,2016-04-12,2.5,2.5,2.33,2.33,113080,2.61,2.7,2.62,-10.6595,-13.7676,-11.1365,-0.1743,-0.0488,0.3997
AGR,2016-04-13,2.42,2.42,2.33,2.42,153440,2.58,2.68,2.62,-6.2742,-9.8696,-7.704,0.2979,0.0784,0.3839
AGR,2016-04-14,2.42,2.5,2.42,2.5,267250,2.56,2.66,2.62,-2.1909,-6.1385,-4.6529,0.622,0.1889,0.4417
AGR,2016-04-15,2.68,2.68,2.59,2.59,400430,2.55,2.65,2.62,1.6883,-2.2826,-1.2204,-0.6635,-0.201,0.4491
AGR,2016-04-19,2.59,2.68,2.5,2.59,257080,2.55,2.64,2.62,1.6883,-1.8009,-1.2204,-0.0,-0.0,0.4249
AGR,2016-04-20,2.59,2.59,2.5,2.5,77660,2.53,2.62,2.62,-1.1467,-4.7438,-4.7111,-0.2069,-0.0521,0.4173
AGR,2016-04-21,2.5,2.59,2.5,2.59,58180,2.52,2.61,2.63,2.7778,-0.8233,-1.3484,0.1296,0.0367,0.4078
AGR,2016-04-22,2.42,2.5,2.42,2.5,232990,2.5,2.6,2.63,-0.0799,-3.7906,-4.8344,0.3467,0.089,0.4369
AGR,2016-04-25,2.59,2.59,2.42,2.5,46490,2.5,2.59,2.63,-0.0799,-3.3069,-4.8344,-0.0039,-0.001,0.3191
AGR,2016-04-26,2.59,2.59,2.42,2.5,112190,2.5,2.58,2.63,-0.0799,-2.9691,-4.8344,-0.011,-0.0027,0.2456
AGR,2016-04-27,2.5,2.59,2.42,2.5,92520,2.52,2.56,2.63,-0.7543,-2.4771,-4.8344,-0.0103,-0.0029,0.2292
AGR,2016-04-28,2.5,2.59,2.42,2.5,83740,2.53,2.55,2.63,-1.0685,-2.1335,-4.8344,-0.0119,-0.0033,0.2006
AGR,2016-04-29,2.5,2.59,2.5,2.59,67990,2.54,2.55,2.63,2.1293,1.7282,-1.476,0.1331,0.0413,0.1517
AGR,2016-05-04,2.59,2.59,2.5,2.5,46830,2.53,2.54,2.63,-1.0685,-1.4584,-4.8996,-0.0807,-0.0222,0.0934
AGR,2016-05-05,2.42,2.59,2.42,2.42,34040,2.51,2.53,2.63,-3.5857,-4.2911,-7.8236,-0.062,-0.0165,0.0996
AGR,2016-05-06,2.42,2.5,2.42,2.5,123820,2.51,2.52,2.63,-0.3984,-0.774,-4.7764,0.2554,0.0757,0.1045
AGR,2016-05-09,2.5,2.59,2.5,2.59,91120,2.51,2.51,2.63,3.1873,2.9821,-1.416,0.1872,0.0541,0.1102
AGR,2016-05-10,2.5,2.59,2.5,2.5,16180,2.51,2.51,2.63,-0.3984,-0.2394,-4.7764,-0.0333,-0.0086,0.0789
AGR,2016-05-11,2.5,2.5,2.42,2.42,75000,2.5,2.5,2.62,-3.2774,-3.2774,-7.7674,-0.1311,-0.0323,0.0916
AGR,2016-05-12,2.5,2.5,2.42,2.5,79610,2.5,2.5,2.62,-0.0799,-0.0799,-4.7183,0.1624,0.0449,0.1068
AGR,2016-05-13,2.5,2.5,2.42,2.5,37200,2.5,2.51,2.62,-0.0799,-0.4182,-4.6529,0.0793,0.0225,0.1136
AGR,2016-05-16,2.5,2.59,2.42,2.5,76080,2.5,2.51,2.62,-0.0799,-0.5767,-4.5874,-0.0088,-0.0023,0.1133
AGR,2016-05-17,2.59,2.59,2.42,2.5,29600,2.49,2.51,2.62,0.2808,-0.5767,-4.4562,-0.0031,-0.0007,0.1003
AGR,2016-05-18,2.5,2.59,2.42,2.42,57350,2.49,2.51,2.61,-2.6157,-3.4318,-7.3932,-0.1067,-0.0293,0.1029
AGR,2016-05-19,2.5,2.5,2.42,2.5,88500,2.49,2.5,2.61,0.2808,-0.06,-4.2659,0.1593,0.0494,0.1127
AGR,2016-05-20,2.42,2.59,2.42,2.59,83580,2.5,2.51,2.61,3.5172,3.352,-0.7511,0.1884,0.0536,0.106
AGR,2016-05-23,2.5,2.59,2.5,2.59,38020,2.5,2.51,2.61,3.5172,3.352,-0.6216,0.0845,0.0237,0.0957
AGR,2016-05-24,2.5,2.5,2.42,2.5,126050,2.5,2.51,2.6,-0.0799,-0.2394,-3.8831,0.2797,0.078,0.1203
AGR,2016-05-25,2.5,2.59,2.42,2.5,21080,2.51,2.51,2.6,-0.3984,-0.2394,-3.6906,-0.0025,-0.0006,0.1075
AGR,2016-05-26,2.5,2.5,2.42,2.5,50320,2.51,2.51,2.59,-0.3984,-0.2394,-3.4973,0.1046,0.0296,0.1017
AGR,2016-05-27,2.42,2.5,2.42,2.42,52100,2.5,2.5,2.59,-3.2774,-3.2774,-6.3975,-0.1325,-0.0384,0.107
AGR,2016-05-30,2.42,2.5,2.42,2.42,31790,2.49,2.5,2.58,-2.9671,-3.1225,-6.1506,-0.059,-0.0185,0.112
AGR,2016-05-31,2.5,2.5,2.42,2.5,147380,2.49,2.49,2.57,0.2406,0.2607,-2.7237,0.2476,0.0695,0.1365
AGR,2016-06-01,2.59,2.59,2.5,2.5,76650,2.5,2.49,2.56,-0.0799,0.2607,-2.4581,-0.1391,-0.0445,0.1397
AGR,2016-06-02,2.59,2.59,2.5,2.59,47730,2.51,2.5,2.56,3.1462,3.5172,1.2589,0.0868,0.0298,0.1325
AGR,2016-06-03,2.59,2.59,2.5,2.59,50120,2.51,2.51,2.55,3.1462,3.3313,1.3937,0.0854,0.0286,0.1222
AGR,2016-06-06,2.59,2.59,2.5,2.5,50140,2.5,2.5,2.55,-0.0799,-0.0799,-1.8607,-0.0914,-0.0289,0.1229
AGR,2016-06-07,2.5,2.59,2.5,2.5,22490,2.5,2.5,2.54,-0.0799,-0.0799,-1.66,-0.0443,-0.0125,0.0993
AGR,2016-06-08,2.59,2.59,2.5,2.59,46650,2.51,2.51,2.54,3.1462,3.1667,2.0167,0.0833,0.0213,0.1074
AGR,2016-06-09,2.59,2.59,2.5,2.59,464480,2.52,2.51,2.54,2.7778,2.9821,2.0891,0.858,0.2335,0.1827
AGR,2016-06-10,2.59,2.59,2.5,2.5,173500,2.53,2.51,2.53,-1.1076,-0.5964,-1.256,-0.2891,-0.0894,0.1984
AGR,2016-06-13,2.5,2.5,2.42,2.5,191960,2.54,2.51,2.53,-1.4196,-0.5964,-1.1154,0.3154,0.0904,0.224
AGR,2016-06-14,2.5,2.59,2.5,2.5,79110,2.54,2.51,2.52,-1.4196,-0.5964,-0.9116,-0.1662,-0.0464,0.2159
AGR,2016-06-15,2.5,2.59,2.5,2.59,157480,2.54,2.52,2.52,1.7682,2.6352,2.7289,0.3393,0.0922,0.2359
AGR,2016-06-16,2.5,2.59,2.42,2.5,191140,2.54,2.52,2.52,-1.4196,-0.9312,-0.77,-0.0174,-0.0048,0.229
AGR,2016-06-17,2.42,2.5,2.42,2.42,137600,2.52,2.51,2.51,-3.9301,-3.7773,-3.7467,-0.1417,-0.0343,0.2346
AGR,2016-06-20,2.42,2.5,2.42,2.5,53330,2.52,2.51,2.51,-0.7543,-0.4182,-0.4222,0.1054,0.0264,0.236
AGR,2016-06-21,2.42,2.5,2.42,2.5,51950,2.52,2.51,2.51,-0.7543,-0.4182,-0.2792,0.0953,0.0231,0.2411
AGR,2016-06-22,2.42,2.5,2.42,2.5,31150,2.51,2.51,2.51,-0.3984,-0.4182,-0.2792,0.0729,0.0194,0.2401
AGR,2016-06-23,2.42,2.5,2.42,2.5,44290,2.5,2.51,2.51,-0.04,-0.4182,-0.2792,0.0922,0.0241,0.1635
AGR,2016-06-24,2.42,2.42,2.33,2.42,274860,2.49,2.51,2.51,-2.9282,-3.6049,-3.5395,0.3058,0.0799,0.1652
AGR,2016-06-27,2.42,2.42,2.33,2.42,196070,2.48,2.51,2.51,-2.6157,-3.6049,-3.5395,0.3732,0.0983,0.171
AGR,2016-06-28,2.42,2.5,2.42,2.5,6350,2.48,2.51,2.51,0.6036,-0.4182,-0.3508,0.021,0.0056,0.1564
AGR,2016-06-29,2.5,2.5,2.42,2.42,25990,2.47,2.51,2.51,-1.9449,-3.451,-3.4086,-0.0448,-0.0111,0.127
AGR,2016-06-30,2.42,2.5,2.42,2.42,56120,2.46,2.5,2.5,-1.626,-3.1225,-3.2774,-0.1008,-0.027,0.1353
AGR,2016-07-01,2.42,2.5,2.33,2.42,23600,2.46,2.49,2.5,-1.626,-2.7917,-3.2155,0.0028,0.0007,0.1214
AGR,2016-07-04,2.42,2.5,2.33,2.42,115610,2.45,2.49,2.5,-1.3051,-2.6353,-3.0837,0.0094,0.0024,0.1118
AGR,2016-07-05,2.42,2.5,2.33,2.42,142740,2.44,2.48,2.5,-0.982,-2.4783,-3.0216,0.0114,0.003,0.1034
AGR,2016-07-06,2.42,2.5,2.33,2.42,192860,2.44,2.47,2.49,-0.6568,-2.1431,-2.9593,0.0168,0.004,0.0978
AGR,2016-07-07,2.5,2.5,2.33,2.33,68140,2.42,2.46,2.49,-3.6792,-5.2846,-6.4407,-0.1006,-0.0221,0.0987
AGR,2016-07-08,2.42,2.42,2.33,2.42,96240,2.42,2.46,2.49,0.0413,-1.4658,-2.7644,0.1736,0.0433,0.0854
AGR,2016-07-11,2.42,2.42,2.33,2.42,97950,2.42,2.45,2.49,0.0413,-1.3051,-2.7018,0.0933,0.0252,0.0575
AGR,2016-07-12,2.42,2.42,2.33,2.33,34200,2.4,2.44,2.48,-2.9975,-4.645,-6.1241,-0.0502,-0.0111,0.0604
AGR,2016-07-13,2.33,2.42,2.33,2.42,84260,2.4,2.44,2.48,0.7494,-0.616,-2.4351,0.1049,0.025,0.0664
AGR,2016-07-14,2.42,2.5,2.33,2.33,29130,2.39,2.43,2.48,-2.6327,-3.9769,-5.9953,-0.0277,-0.0065,0.0591
AGR,2016-07-15,2.33,2.42,2.33,2.42,115430,2.39,2.43,2.48,1.1283,-0.2679,-2.3012,0.2048,0.0535,0.0793
AGR,2016-07-18,2.42,2.42,2.33,2.42,42320,2.39,2.42,2.47,1.1283,-0.1032,-2.1669,0.0664,0.0176,0.085
AGR,2016-07-19,2.33,2.42,2.33,2.33,89660,2.38,2.41,2.47,-2.2651,-3.4797,-5.6757,-0.2105,-0.0509,0.1049
AGR,2016-07-20,2.42,2.42,2.33,2.33,59470,2.38,2.41,2.47,-1.8947,-3.1386,-5.6069,-0.1,-0.0213,0.1132
AGR,2016-07-21,2.42,2.42,2.33,2.33,38680,2.38,2.4,2.46,-1.8947,-2.7952,-5.4767,-0.0661,-0.0151,0.1097
AGR,2016-07-22,2.33,2.33,2.24,2.33,40040,2.37,2.39,2.46,-1.5216,-2.6123,-5.3461,0.0557,0.0139,0.098
AGR,2016-07-25,2.33,2.33,2.24,2.24,70620,2.35,2.38,2.46,-4.5997,-6.0206,-8.8096,-0.1495,-0.0367,0.1036
AGR,2016-07-26,2.24,2.24,2.24,2.24,46380,2.34,2.37,2.45,-4.2326,-5.5052,-8.6162,0.0,0.0,0.0986
AGR,2016-07-27,2.24,2.33,2.24,2.24,15280,2.32,2.36,2.45,-3.4899,-5.145,-8.4818,-0.028,-0.0075,0.0909
AGR,2016-07-28,2.24,2.33,2.24,2.24,24950,2.31,2.35,2.44,-3.1142,-4.7821,-8.2869,-0.0408,-0.0092,0.0922
AGR,2016-07-29,2.24,2.33,2.16,2.33,62020,2.3,2.35,2.44,1.1724,-0.7666,-4.3985,0.1172,0.0242,0.0834
AGR,2016-08-01,2.33,2.33,2.24,2.24,73000,2.28,2.34,2.43,-1.9694,-4.2326,-7.8265,-0.1961,-0.0434,0.0964
AGR,2016-08-02,2.24,2.33,2.16,2.24,112590,2.28,2.33,2.42,-1.5817,-3.8627,-7.6289,-0.0081,-0.0018,0.0762
AGR,2016-08-03,2.16,2.24,2.16,2.16,91630,2.26,2.32,2.42,-4.3825,-6.776,-10.6774,-0.187,-0.044,0.0849
AGR,2016-08-04,2.16,2.16,2.07,2.07,93450,2.23,2.3,2.41,-7.2996,-10.1563,-14.0936,-0.1433,-0.034,0.0926
AGR,2016-08-05,1.98,2.16,1.98,2.07,19210,2.21,2.29,2.4,-6.2075,-9.4686,-13.8433,-0.0,-0.0,0.087
AGR,2016-08-08,1.98,2.16,1.98,2.07,54870,2.19,2.27,2.4,-5.4795,-8.7704,-13.5916,-0.0,-0.0,0.0721
AGR,2016-08-09,1.98,2.16,1.98,2.16,51820,2.18,2.26,2.39,-1.0082,-4.4459,-9.578,0.1045,0.0199,0.0825
AGR,2016-08-10,2.16,2.24,2.07,2.24,114200,2.18,2.25,2.38,2.6581,-0.5108,-6.0245,0.2079,0.0426,0.1005
AGR,2016-08-11,2.24,2.33,2.24,2.33,101290,2.19,2.25,2.38,6.3441,3.4866,-2.035,0.1279,0.029,0.1092
AGR,2016-08-12,2.33,2.33,2.24,2.33,61810,2.19,2.25,2.37,6.3441,3.6938,-1.8203,0.0367,0.0228,0.1011
AGR,2016-08-15,2.33,2.33,2.24,2.24,56050,2.19,2.24,2.37,2.2364,0.0894,-5.4054,-0.0722,-0.017,0.0888
AGR,2016-08-16,2.24,2.33,2.16,2.16,69040,2.18,2.23,2.36,-1.0536,-3.1173,-8.5211,-0.1143,-0.0214,0.0994
AGR,2016-08-17,2.16,2.24,2.16,2.24,32940,2.19,2.22,2.35,2.2364,0.6742,-4.8509,0.0619,0.0135,0.0869
AGR,2016-08-18,2.16,2.24,2.16,2.24,72550,2.21,2.22,2.35,1.4493,0.8782,-4.5671,0.1091,0.019,0.0835
AGR,2016-08-19,2.24,2.24,2.16,2.16,10790,2.22,2.21,2.34,-2.571,-2.3508,-7.7081,-0.0191,-0.0033,0.0854
AGR,2016-08-22,2.16,2.16,2.07,2.07,22130,2.22,2.2,2.33,-6.6306,-6.0585,-11.2274,-0.04,-0.0075,0.0894
AGR,2016-08-23,2.16,2.16,2.07,2.16,55130,2.22,2.2,2.33,-2.571,-1.7959,-7.0968,0.1105,0.0202,0.09
AGR,2016-08-24,2.07,2.16,2.07,2.16,9350,2.21,2.2,2.32,-2.2182,-1.6169,-6.7519,0.0177,0.0039,0.0709
AGR,2016-08-25,2.07,2.16,2.07,2.16,13280,2.19,2.19,2.31,-1.4599,-1.4374,-6.4773,0.024,0.0056,0.0605
AGR,2016-08-26,2.07,2.16,2.07,2.16,55470,2.17,2.18,2.3,-0.6897,-1.0536,-6.2663,0.0904,0.0174,0.0659
AGR,2016-08-29,2.16,2.16,2.07,2.07,43260,2.16,2.17,2.3,-4.0778,-4.8057,-9.8354,-0.056,-0.0115,0.0643
AGR,2016-08-30,2.07,2.16,2.07,2.16,175620,2.16,2.17,2.29,0.0927,-0.4838,-5.6356,0.3457,0.0669,0.0874
AGR,2016-08-31,2.24,2.24,2.16,2.16,225350,2.15,2.17,2.28,0.4651,-0.4838,-5.3545,-0.4317,-0.0756,0.1244
AGR,2016-09-01,2.16,2.24,2.16,2.24,46110,2.15,2.18,2.28,4.186,2.7994,-1.6249,0.0858,0.019,0.1221
AGR,2016-09-05,2.16,2.24,2.16,2.16,139190,2.15,2.18,2.27,0.4651,-1.0763,-4.9212,-0.2689,-0.0586,0.1471
AGR,2016-09-06,2.16,2.24,2.16,2.16,184350,2.16,2.19,2.27,0.0463,-1.2797,-4.7031,-0.3619,-0.0666,0.1793
AGR,2016-09-07,2.16,2.24,2.16,2.24,4230,2.17,2.19,2.26,3.3687,2.1898,-0.9463,0.0099,0.0022,0.1692
AGR,2016-09-08,2.24,2.24,2.16,2.16,74670,2.17,2.19,2.26,-0.323,-1.2797,-4.2638,-0.1295,-0.0227,0.1804
AGR,2016-09-09,2.16,2.24,2.07,2.16,165010,2.17,2.18,2.25,-0.323,-0.8947,-4.0426,0.0216,0.0036,0.1802
AGR,2016-09-12,2.16,2.3,2.16,2.27,71390,2.18,2.18,2.25,4.2241,4.2959,0.9786,0.0793,0.0159,0.179
AGR,2016-09-13,2.24,2.24,2.17,2.24,19330,2.2,2.18,2.24,2.0501,2.9175,-0.196,0.049,0.0086,0.1783
AGR,2016-09-14,2.2,2.24,2.18,2.18,12310,2.2,2.18,2.24,-0.7738,0.1148,-2.6612,-0.029,-0.0062,0.1467
AGR,2016-09-15,2.17,2.17,2.04,2.11,159200,2.19,2.17,2.23,-3.7409,-2.8098,-5.5252,0.025,0.0057,0.106
AGR,2016-09-16,2.07,2.16,2.07,2.16,64850,2.18,2.17,2.23,-1.0989,-0.323,-3.139,0.052,0.0096,0.1026
AGR,2016-09-19,2.16,2.24,2.16,2.18,89780,2.19,2.17,2.23,-0.2745,0.5535,-2.0313,-0.0769,-0.0127,0.0834
AGR,2016-09-20,2.16,2.2,2.16,2.17,10630,2.19,2.17,2.22,-0.7773,-0.1381,-2.2611,-0.0103,-0.0017,0.0483
AGR,2016-09-21,2.16,2.17,2.14,2.16,6420,2.18,2.17,2.22,-0.872,-0.5983,-2.5623,0.0052,0.001,0.0478
AGR,2016-09-22,2.16,2.16,2.16,2.16,124000,2.18,2.17,2.21,-0.872,-0.5983,-2.3332,0.0,0.0,0.0348
AGR,2016-09-23,2.16,2.2,2.16,2.16,26870,2.18,2.17,2.21,-0.872,-0.5983,-2.1828,-0.0616,-0.0103,0.0388
AGR,2016-09-26,2.16,2.18,2.16,2.18,13860,2.17,2.17,2.2,0.4608,0.276,-1.062,0.0319,0.0057,0.0341
AGR,2016-09-27,2.18,2.18,2.11,2.11,34610,2.16,2.18,2.2,-2.179,-3.0331,-3.9687,-0.0556,-0.0103,0.0347
AGR,2016-09-28,2.17,2.17,2.11,2.16,16230,2.16,2.18,2.19,0.232,-0.7353,-1.5407,0.0203,0.0047,0.0339
AGR,2016-09-29,2.17,2.17,2.12,2.14,65770,2.16,2.17,2.19,-0.8341,-1.6092,-2.2831,-0.0242,-0.004,0.0338
AGR,2016-09-30,2.14,2.14,2.05,2.06,185970,2.15,2.17,2.18,-4.0968,-4.8938,-5.7036,-0.2519,-0.043,0.0538
AGR,2016-10-03,2.07,2.08,2.06,2.07,82800,2.14,2.16,2.18,-3.1352,-4.2332,-5.0197,-0.0,-0.0,0.0461
AGR,2016-10-04,2.07,2.07,2.05,2.05,16140,2.12,2.16,2.18,-3.5294,-4.9165,-5.7731,-0.0366,-0.0059,0.0487
AGR,2016-10-05,2.05,2.16,2.05,2.07,3960,2.12,2.15,2.17,-2.1739,-3.6088,-4.7049,-0.0056,-0.0011,0.0488
AGR,2016-10-06,1.93,2.03,1.93,2.0,50570,2.1,2.14,2.17,-4.7619,-6.5202,-7.7235,0.0298,0.0062,0.0518
AGR,2016-10-07,2.0,2.14,1.94,2.14,62370,2.1,2.14,2.17,2.0019,0.0701,-1.173,0.1307,0.0323,0.0587
AGR,2016-10-10,2.13,2.14,2.03,2.03,35210,2.08,2.13,2.16,-2.5444,-4.538,-5.9924,-0.0588,-0.0135,0.0614
AGR,2016-10-11,2.03,2.07,1.98,2.04,43140,2.08,2.12,2.16,-1.7341,-3.6145,-5.354,0.0251,0.0044,0.0583
AGR,2016-10-12,2.03,2.07,2.03,2.07,14900,2.07,2.11,2.15,0.1451,-1.9422,-3.8104,0.0338,0.0066,0.0597
AGR,2016-10-13,2.07,2.1,2.04,2.07,21920,2.06,2.11,2.15,0.4854,-1.8492,-3.7299,-0.0,-0.0,0.0572
AGR,2016-10-14,2.07,2.21,2.07,2.16,64820,2.07,2.11,2.15,4.3478,2.4182,0.3717,0.026,0.0065,0.0346
AGR,2016-10-17,2.16,2.16,2.07,2.07,13330,2.07,2.1,2.15,0.0,-1.5926,-3.8104,-0.0254,-0.0049,0.0372
AGR,2016-10-18,2.07,2.13,2.07,2.13,4540,2.08,2.1,2.15,2.5024,1.3562,-1.0775,0.0104,0.0026,0.0346
AGR,2016-10-19,2.07,2.11,2.06,2.11,40590,2.08,2.1,2.15,1.3449,0.5241,-1.9608,0.0603,0.0143,0.04
AGR,2016-10-20,2.07,2.11,2.07,2.07,18480,2.09,2.09,2.15,-0.9095,-1.1697,-3.6672,-0.046,-0.0092,0.0417
AGR,2016-10-21,2.07,2.11,1.98,2.07,49630,2.08,2.09,2.14,-0.5764,-0.9569,-3.4335,0.0356,0.0082,0.0321
AGR,2016-10-24,2.0,2.07,2.0,2.07,2810,2.09,2.08,2.14,-0.767,-0.6956,-3.1987,0.0053,0.001,0.0268
AGR,2016-10-25,2.07,2.07,2.01,2.06,1030,2.09,2.08,2.13,-1.341,-1.0567,-3.5038,0.0016,0.0004,0.0244
AGR,2016-10-26,2.05,2.08,2.03,2.08,13350,2.09,2.08,2.13,-0.4308,0.0962,-2.4939,0.0384,0.0098,0.0249
AGR,2016-10-27,2.03,2.07,2.03,2.07,2490,2.09,2.07,2.13,-0.9095,-0.2169,-2.8078,0.0081,0.0015,0.0257
AGR,2016-10-28,2.07,2.08,1.93,2.05,33630,2.08,2.07,2.13,-1.3474,-1.1572,-3.5748,0.0581,0.0135,0.0289
AGR,2016-10-31,2.0,2.03,1.98,2.03,43020,2.07,2.07,2.12,-2.1215,-2.027,-4.3986,0.096,0.018,0.036
AGR,2016-11-01,2.05,2.05,1.94,2.03,66990,2.06,2.07,2.12,-1.6473,-1.9797,-4.3626,0.14,0.0266,0.0489
AGR,2016-11-02,2.03,2.03,1.9,1.98,12460,2.05,2.07,2.12,-3.4617,-4.1858,-6.5597,0.0059,0.0012,0.0435
AGR,2016-11-03,1.95,2.07,1.92,2.03,32310,2.05,2.07,2.12,-0.8305,-1.8375,-4.0824,0.0305,0.0058,0.042
AGR,2016-11-04,2.03,2.04,1.94,2.03,12270,2.04,2.06,2.11,-0.6363,-1.5758,-3.9644,0.0359,0.0067,0.042
AGR,2016-11-07,1.98,2.04,1.98,2.03,12140,2.04,2.06,2.11,-0.4414,-1.5758,-3.8462,0.0238,0.0047,0.0439
AGR,2016-11-08,2.03,2.03,1.92,1.98,19580,2.03,2.06,2.11,-2.5111,-3.8602,-6.1344,0.0055,0.0012,0.0442
AGR,2016-11-09,1.95,1.98,1.92,1.98,75990,2.02,2.05,2.11,-2.0287,-3.6496,-5.974,0.1554,0.026,0.0559
AGR,2016-11-10,1.92,1.98,1.92,1.94,37090,2.01,2.05,2.1,-3.3865,-5.2966,-7.6806,-0.0272,-0.006,0.0578
AGR,2016-11-11,1.94,1.98,1.94,1.98,77770,2.0,2.04,2.1,-1.0495,-2.9174,-5.5434,0.273,0.0542,0.0793
AGR,2016-11-14,1.98,1.98,1.94,1.94,27790,1.99,2.03,2.09,-2.6104,-4.5745,-7.2569,-0.0685,-0.0115,0.0766
AGR,2016-11-15,1.95,1.98,1.94,1.97,28820,1.99,2.02,2.09,-0.8056,-2.716,-5.6513,0.0406,0.0077,0.0666
AGR,2016-11-16,1.95,1.98,1.95,1.98,41840,1.99,2.02,2.08,-0.3021,-1.9074,-4.9357,0.0985,0.0213,0.0759
AGR,2016-11-17,1.98,1.98,1.93,1.96,44100,1.98,2.01,2.08,-0.9601,-2.6329,-5.7148,0.0203,0.0045,0.0749
AGR,2016-11-18,1.96,1.96,1.93,1.93,42080,1.97,2.01,2.07,-1.9807,-3.7886,-6.9521,-0.1101,-0.0214,0.0823
AGR,2016-11-21,1.94,1.96,1.9,1.93,58330,1.96,2.0,2.07,-1.4803,-3.4517,-6.646,0.0,0.0,0.0799
AGR,2016-11-22,1.92,1.93,1.9,1.92,40530,1.95,1.99,2.06,-1.6897,-3.6145,-6.8413,0.0322,0.006,0.0826
AGR,2016-11-23,1.94,1.94,1.92,1.92,6920,1.95,1.98,2.06,-1.3867,-3.2258,-6.6057,-0.0148,-0.0027,0.0685
AGR,2016-11-24,1.92,1.93,1.92,1.92,35270,1.94,1.98,2.05,-1.2853,-2.8586,-6.4327,-0.0797,-0.0136,0.0738
AGR,2016-11-25,1.92,1.92,1.9,1.9,43070,1.94,1.97,2.05,-1.9102,-3.5043,-7.1722,-0.0896,-0.0165,0.0554
AGR,2016-11-28,1.9,1.93,1.86,1.93,60410,1.94,1.96,2.04,-0.3099,-1.7312,-5.4756,0.1365,0.0226,0.0622
AGR,2016-11-29,1.9,1.92,1.83,1.92,34980,1.93,1.96,2.04,-0.5697,-1.9658,-5.7345,0.0656,0.011,0.0648
AGR,2016-11-30,1.86,1.91,1.86,1.88,41180,1.92,1.95,2.03,-2.1343,-3.7625,-7.4439,-0.0166,-0.0035,0.0566
AGR,2016-12-01,1.88,1.92,1.87,1.9,31840,1.92,1.95,2.03,-0.7833,-2.414,-6.2192,0.0123,0.0023,0.0558
AGR,2016-12-02,1.9,1.91,1.88,1.88,46620,1.91,1.94,2.02,-1.5707,-3.0678,-6.9491,-0.1154,-0.0218,0.0563
AGR,2016-12-05,1.76,1.92,1.76,1.87,59280,1.9,1.93,2.01,-1.7857,-3.1841,-7.1592,0.0513,0.0109,0.0614
AGR,2016-12-06,1.87,1.87,1.78,1.85,44070,1.9,1.92,2.01,-2.4776,-3.8961,-7.9144,0.0442,0.0093,0.0626
AGR,2016-12-07,1.85,1.86,1.81,1.81,36680,1.89,1.92,2.0,-4.0297,-5.557,-9.5904,-0.1043,-0.0206,0.0716
AGR,2016-12-08,1.85,1.85,1.81,1.85,46310,1.88,1.91,2.0,-1.5434,-3.2427,-7.3239,0.1208,0.0255,0.0757
AGR,2016-12-09,1.81,1.85,1.79,1.83,33650,1.87,1.9,1.99,-2.2436,-3.9118,-8.1141,0.036,0.0072,0.0703
AGR,2016-12-12,1.73,1.83,1.73,1.8,103200,1.86,1.9,1.99,-3.1737,-5.1383,-9.3747,0.0864,0.0181,0.0653
AGR,2016-12-13,1.8,1.8,1.78,1.79,30500,1.85,1.89,1.98,-3.0336,-5.2158,-9.6416,0.0,0.0,0.0587
AGR,2016-12-14,1.73,1.81,1.73,1.81,33870,1.84,1.88,1.98,-1.5769,-3.7234,-8.3915,0.0251,0.0085,0.0596
AGR,2016-12-15,1.81,1.83,1.77,1.83,56580,1.83,1.87,1.97,-0.1092,-2.3219,-7.2196,0.113,0.0189,0.0697
AGR,2016-12-16,1.83,1.83,1.73,1.73,52970,1.82,1.86,1.96,-4.7881,-7.1639,-11.9234,-0.0642,-0.0097,0.0645
AGR,2016-12-19,1.74,1.86,1.74,1.86,82580,1.82,1.86,1.96,2.4229,0.0,-5.1408,0.1909,0.0368,0.0785
AGR,2016-12-20,1.98,1.98,1.98,1.98,156400,1.83,1.86,1.96,8.2559,6.2802,1.041,-0.3209,-0.0578,0.1062
AGR,2016-12-21,2.12,2.12,2.12,2.12,64460,1.86,1.87,1.96,13.9785,13.1874,8.1302,-0.1488,-0.0285,0.1106
AGR,2016-12-22,2.27,2.27,2.27,2.27,87050,1.9,1.89,1.96,19.3481,20.0741,15.5451,0.0,0.0,0.0985
AGR,2016-12-23,2.42,2.42,2.24,2.3,456120,1.95,1.91,1.97,18.0092,20.3873,16.9056,-0.4013,-0.0947,0.1351
AGR,2016-12-26,2.3,2.42,2.3,2.33,222250,2.0,1.93,1.97,16.3836,20.6941,18.1182,-0.2752,-0.0771,0.1539
AGR,2016-12-27,2.4,2.4,2.33,2.33,116050,2.06,1.95,1.98,13.3268,19.4259,17.8792,-0.2408,-0.0509,0.178
AGR,2016-12-28,2.25,2.29,2.17,2.17,363660,2.09,1.97,1.98,3.7285,10.4045,9.7179,-0.7579,-0.1832,0.2513
AGR,2016-12-29,2.12,2.15,2.04,2.07,96780,2.12,1.97,1.98,-2.1739,4.8632,4.6617,-0.0931,-0.0208,0.2493
AGR,2016-12-30,2.21,2.21,2.07,2.15,121650,2.16,1.99,1.98,-0.3707,8.1761,8.6188,0.0339,0.0073,0.2463
AGR,2017-01-03,2.17,2.24,2.15,2.17,49690,2.19,2.0,1.98,-0.868,8.3645,9.5185,-0.0584,-0.0132,0.233
AGR,2017-01-04,2.17,2.17,2.09,2.09,57190,2.2,2.01,1.98,-5.0,3.7478,5.449,-0.1463,-0.0284,0.2156
AGR,2017-01-05,2.09,2.13,2.08,2.12,61050,2.2,2.03,1.98,-3.6364,4.4335,6.9195,0.0928,0.0225,0.21
AGR,2017-01-06,2.12,2.21,2.11,2.11,85850,2.18,2.04,1.98,-3.3883,3.2795,6.3723,-0.1767,-0.0339,0.2277
AGR,2017-01-09,2.16,2.17,2.13,2.14,107450,2.17,2.06,1.99,-1.2915,3.9592,7.7868,-0.1144,-0.0234,0.199
AGR,2017-01-10,2.16,2.23,2.15,2.2,111630,2.15,2.08,1.99,2.0882,5.8456,10.6195,0.0782,0.015,0.1793
AGR,2017-01-11,2.18,2.22,2.17,2.21,204630,2.14,2.1,1.99,3.1265,5.2632,10.9215,0.2149,0.0468,0.1767
AGR,2017-01-12,2.22,2.22,2.17,2.21,113890,2.15,2.12,2.0,2.9343,4.2699,10.666,0.137,0.0341,0.1146
AGR,2017-01-13,2.19,2.22,2.17,2.21,87510,2.16,2.14,2.0,2.2675,3.3435,10.4669,0.1187,0.0295,0.1171
AGR,2017-01-16,2.22,2.22,2.14,2.19,68340,2.16,2.16,2.0,1.1547,1.3185,9.2923,0.0359,0.0092,0.1173
AGR,2017-01-17,2.17,2.19,2.16,2.18,49490,2.17,2.18,2.01,0.6464,0.1148,8.6307,0.0285,0.007,0.1143
AGR,2017-01-18,2.18,2.19,2.17,2.18,134050,2.18,2.19,2.01,0.2299,-0.3429,8.4146,0.0,0.0,0.0997
AGR,2017-01-19,2.2,2.24,2.18,2.24,220420,2.19,2.19,2.02,2.4234,2.1199,11.1111,0.646,0.1368,0.155
AGR,2017-01-20,2.24,2.28,2.24,2.27,118770,2.2,2.19,2.02,3.0413,3.4876,12.2318,0.1798,0.0406,0.1553
AGR,2017-01-23,2.3,2.33,2.27,2.33,86350,2.22,2.19,2.03,4.8605,6.1503,14.8009,0.2423,0.0673,0.1681
AGR,2017-01-24,2.33,2.36,2.32,2.34,224030,2.24,2.2,2.04,4.6512,6.5816,14.841,0.0,0.0,0.1603
AGR,2017-01-25,2.35,2.49,2.35,2.49,605650,2.26,2.2,2.05,9.9823,13.002,21.582,1.3514,0.3066,0.274
AGR,2017-02-02,2.55,2.67,2.5,2.67,379370,2.31,2.23,2.06,15.5844,19.8115,29.4985,0.8477,0.2127,0.345
AGR,2017-02-03,2.72,2.85,2.72,2.76,523060,2.36,2.26,2.08,16.7019,21.962,32.8328,-0.3853,-0.1066,0.3717
AGR,2017-02-06,2.76,2.82,2.75,2.79,468610,2.42,2.3,2.1,15.0515,21.5686,33.1742,0.1312,0.0407,0.3812
AGR,2017-02-07,2.76,2.79,2.72,2.73,357360,2.48,2.32,2.11,10.0806,17.5204,29.3226,-0.4438,-0.1296,0.4228
AGR,2017-02-08,2.68,2.76,2.68,2.74,164550,2.54,2.36,2.13,8.0442,16.3235,28.7957,0.1466,0.0422,0.4374
AGR,2017-02-09,2.76,2.93,2.59,2.93,757090,2.6,2.4,2.15,12.476,22.2871,36.4314,1.1018,0.324,0.483
AGR,2017-02-10,3.01,3.1,2.93,3.06,702680,2.68,2.44,2.17,14.0089,25.2302,40.9878,0.6531,0.1877,0.5303
AGR,2017-02-13,3.11,3.27,3.06,3.27,732220,2.78,2.5,2.2,17.7106,30.8,48.7851,1.2926,0.4381,0.6354
AGR,2017-02-14,3.28,3.49,3.19,3.27,1318960,2.87,2.55,2.22,13.8976,28.0595,46.9927,-0.926,-0.3261,0.728
AGR,2017-02-15,3.28,3.44,3.19,3.32,1018540,2.95,2.61,2.25,12.39,27.2518,47.3852,0.0621,0.0193,0.599
AGR,2017-02-16,3.37,3.37,3.1,3.1,1031130,3.0,2.65,2.28,3.4368,16.8268,36.144,-1.226,-0.3702,0.6369
AGR,2017-02-17,3.04,3.15,2.88,2.93,1063660,3.01,2.69,2.3,-2.787,8.9422,27.5244,-0.824,-0.2325,0.6807
AGR,2017-02-20,2.85,2.97,2.74,2.92,532610,3.03,2.73,2.32,-3.5349,7.1167,25.9489,0.3301,0.1003,0.7006
AGR,2017-02-21,2.93,3.11,2.93,3.02,479330,3.06,2.77,2.34,-1.178,9.104,28.9827,0.0,0.0,0.6562
AGR,2017-02-22,3.06,3.06,2.82,2.85,318540,3.07,2.8,2.36,-7.0753,1.7312,20.6911,-0.2241,-0.0752,0.664
AGR,2017-02-23,2.77,2.91,2.72,2.72,422990,3.05,2.83,2.38,-10.7026,-3.7339,14.3049,-0.5223,-0.1417,0.606
AGR,2017-02-24,2.63,2.73,2.54,2.55,667020,3.0,2.84,2.39,-14.8581,-10.1955,6.5341,-0.5159,-0.143,0.5923
AGR,2017-02-27,2.54,2.72,2.54,2.72,312110,2.94,2.86,2.41,-7.483,-4.8618,12.7975,0.3654,0.1,0.4996
AGR,2017-02-28,2.87,2.91,2.86,2.91,586290,2.9,2.89,2.43,0.2066,0.7792,19.5759,0.5621,0.1855,0.4632
AGR,2017-03-01,2.91,2.91,2.71,2.76,296310,2.85,2.9,2.45,-3.0899,-4.8604,12.5153,-0.1974,-0.0549,0.4767
AGR,2017-03-02,2.8,2.85,2.72,2.76,202490,2.81,2.91,2.47,-1.919,-5.0077,11.6505,-0.095,-0.0305,0.3636
AGR,2017-03-03,2.8,2.8,2.68,2.68,209530,2.79,2.9,2.49,-3.9082,-7.634,7.6738,-0.323,-0.0726,0.3135
AGR,2017-03-06,2.7,2.86,2.69,2.8,377920,2.78,2.9,2.51,0.8282,-3.5148,11.536,0.1373,0.0368,0.2942
AGR,2017-03-07,2.8,2.85,2.76,2.8,183560,2.76,2.91,2.53,1.6334,-3.631,10.7069,-0.0308,-0.0085,0.2973
AGR,2017-03-08,2.82,2.82,2.76,2.77,233410,2.75,2.91,2.54,0.8373,-4.7128,8.8409,-0.2973,-0.0896,0.3046
AGR,2017-03-09,2.77,2.77,2.72,2.72,129410,2.75,2.9,2.56,-0.9829,-6.0936,6.3747,-0.196,-0.0515,0.272
AGR,2017-03-10,2.74,2.87,2.74,2.77,308400,2.77,2.88,2.57,0.0361,-3.8862,7.9081,-0.2837,-0.0813,0.2488
AGR,2017-03-13,2.74,2.75,2.72,2.74,117050,2.77,2.86,2.58,-1.1187,-4.0448,6.3747,0.0633,0.0174,0.2186
AGR,2017-03-14,2.83,2.83,2.73,2.75,58910,2.76,2.83,2.58,-0.1815,-2.8097,6.4159,-0.0583,-0.0152,0.1682
AGR,2017-03-15,2.75,2.76,2.68,2.68,235400,2.75,2.8,2.59,-2.439,-4.2002,3.427,-0.437,-0.0914,0.1922
AGR,2017-03-16,2.75,2.85,2.68,2.85,464130,2.76,2.78,2.6,3.4107,2.3339,9.4134,0.5074,0.1591,0.2334
AGR,2017-03-17,2.93,3.0,2.86,2.91,559860,2.78,2.78,2.62,4.7139,4.5259,11.0009,-0.1604,-0.0423,0.2172
AGR,2017-03-20,2.93,3.06,2.92,3.02,975210,2.8,2.79,2.64,7.8186,8.2825,14.4373,0.5111,0.1732,0.2545
AGR,2017-03-21,3.11,3.11,3.05,3.06,540690,2.83,2.79,2.66,8.242,9.6381,15.1762,-0.414,-0.1169,0.2929
AGR,2017-03-22,3.05,3.27,3.05,3.27,1797150,2.88,2.81,2.68,13.6601,16.2873,21.9967,1.739,0.6302,0.437
AGR,2017-03-23,3.45,3.49,3.32,3.49,1795430,2.95,2.85,2.71,18.1449,22.4347,28.8869,2.44,0.7242,0.6614
AGR,2017-03-24,3.71,3.74,3.54,3.74,2756960,3.05,2.91,2.74,22.5828,28.5223,36.4764,2.8243,1.3178,0.9155
AGR,2017-03-27,3.58,3.62,3.48,3.48,2255860,3.12,2.95,2.77,11.36,18.0461,25.7589,-2.4918,-0.9223,1.1583
AGR,2017-03-28,3.36,3.57,3.36,3.38,927440,3.19,2.97,2.79,6.0226,13.7473,21.1122,-0.9302,-0.34,1.2455
AGR,2017-03-29,3.31,3.45,3.16,3.16,1413660,3.24,2.99,2.81,-2.3486,5.6326,12.4635,-2.1956,-0.725,1.4214
AGR,2017-03-30,3.19,3.37,3.19,3.36,909170,3.29,3.02,2.83,2.2209,11.203,18.6106,1.1422,0.3628,1.4849
AGR,2017-03-31,3.42,3.44,3.19,3.19,594150,3.32,3.05,2.85,-3.7707,4.6931,11.8356,-0.8941,-0.2736,1.5582
AGR,2017-04-03,3.19,3.27,3.1,3.1,575440,3.32,3.06,2.87,-6.7108,1.241,7.9914,-0.6048,-0.1879,1.5676
AGR,2017-04-04,3.06,3.24,3.06,3.23,531330,3.34,3.08,2.89,-3.2934,4.7511,11.7029,0.4719,0.1806,1.5734
AGR,2017-04-05,3.23,3.3,3.18,3.21,286250,3.33,3.11,2.91,-3.7193,3.365,10.2259,-0.1637,-0.0639,1.4159
AGR,2017-04-07,3.21,3.21,3.13,3.14,317350,3.3,3.13,2.93,-4.8196,0.4318,7.1599,-0.2679,-0.0777,1.1986
AGR,2017-04-10,2.93,3.11,2.93,2.94,2128150,3.22,3.14,2.94,-8.6673,-6.2201,-0.1223,-1.7769,-0.6949,1.0939
AGR,2017-04-11,2.98,3.1,2.98,3.06,1111310,3.18,3.15,2.96,-3.6827,-2.888,3.4413,0.3062,0.1437,0.8753
AGR,2017-04-12,3.02,3.06,2.96,3.01,806930,3.14,3.16,2.97,-4.1401,-4.8673,1.2922,-0.0,-0.0,0.7823
AGR,2017-04-13,3.01,3.01,2.86,2.95,492140,3.12,3.18,2.98,-5.4184,-7.1597,-1.0333,0.1412,0.051,0.5769
AGR,2017-04-14,2.93,3.0,2.93,2.93,226880,3.08,3.18,2.99,-4.7464,-7.9051,-1.8754,-0.2482,-0.0909,0.4875
AGR,2017-04-17,3.0,3.02,2.95,2.96,525700,3.05,3.18,2.99,-3.0462,-7.0352,-1.0033,-0.3869,-0.1379,0.4368
AGR,2017-04-18,2.94,2.98,2.93,2.94,288060,3.04,3.18,2.99,-3.1939,-7.5472,-1.7708,-0.182,-0.0614,0.3945
AGR,2017-04-19,2.98,3.14,2.98,3.14,685580,3.03,3.18,3.0,3.6988,-1.3819,4.6248,1.0764,0.4142,0.4549
AGR,2017-04-20,3.32,3.34,3.02,3.06,987000,3.01,3.17,3.01,1.5599,-3.5765,1.7423,-1.3699,-0.4606,0.5756
AGR,2017-04-21,3.06,3.19,3.02,3.02,255930,3.0,3.15,3.01,0.6331,-4.127,0.3522,-0.3951,-0.1725,0.5883
AGR,2017-04-24,2.96,3.02,2.93,3.0,311150,3.01,3.11,3.01,-0.2328,-3.6299,-0.2726,0.246,0.0837,0.4352
AGR,2017-04-25,2.95,3.02,2.93,2.98,346000,3.0,3.09,3.0,-0.6335,-3.4974,-0.7461,0.0476,0.0203,0.4093
AGR,2017-04-26,2.93,3.02,2.93,2.94,117650,2.99,3.07,3.0,-1.738,-4.1096,-1.8626,-0.1343,-0.0456,0.4228
AGR,2017-04-27,2.98,3.01,2.93,2.99,225390,3.0,3.06,2.99,-0.2003,-2.2077,0.0268,0.1501,0.0448,0.4237
AGR,2017-04-28,2.94,2.98,2.94,2.98,184200,3.0,3.04,2.99,-0.6998,-1.9253,-0.2277,0.2094,0.0643,0.4198
AGR,2017-05-03,2.99,3.05,2.94,2.99,325340,3.0,3.03,2.99,-0.466,-1.2713,0.0669,-0.0317,-0.0113,0.3842
AGR,2017-05-04,2.96,3.15,2.96,3.1,664880,3.02,3.03,2.99,2.649,2.3609,3.6235,0.2798,0.0976,0.394
AGR,2017-05-05,3.23,3.23,3.04,3.05,198370,3.01,3.02,2.99,1.2953,1.0101,1.9317,-0.1697,-0.0618,0.3034
AGR,2017-05-08,3.03,3.07,2.93,3.0,287750,3.0,3.01,3.0,-0.1664,-0.2991,0.1603,0.0,0.0,0.1664
AGR,2017-05-09,2.96,3.06,2.91,3.06,888940,3.01,3.0,3.0,1.6949,1.8303,1.932,0.9084,0.3466,0.2177
AGR,2017-05-10,3.11,3.15,3.06,3.07,604740,3.02,3.01,3.01,1.7905,1.9426,1.9121,-0.4169,-0.1588,0.2348
AGR,2017-05-11,3.11,3.11,3.03,3.04,148950,3.02,3.01,3.02,0.5956,0.9799,0.7023,-0.1199,-0.0368,0.242
AGR,2017-05-12,3.04,3.04,2.98,2.98,307690,3.03,3.01,3.02,-1.5202,-0.9638,-1.331,-0.3348,-0.1084,0.2621
AGR,2017-05-15,2.96,3.06,2.96,3.04,604470,3.03,3.01,3.03,0.2969,0.8794,0.4693,0.3125,0.1221,0.2783
AGR,2017-05-16,3.05,3.16,3.05,3.08,581520,3.04,3.02,3.03,1.2825,1.953,1.5764,-0.1665,-0.0601,0.274
AGR,2017-05-17,3.03,3.12,3.03,3.05,296650,3.05,3.03,3.04,0.0985,0.8098,0.3422,-0.1428,-0.0489,0.2851
AGR,2017-05-18,3.0,3.05,2.98,2.98,402300,3.03,3.03,3.04,-1.8122,-1.569,-2.0768,-0.3674,-0.1297,0.2939
AGR,2017-05-19,3.0,3.12,2.94,3.05,483110,3.03,3.02,3.05,0.4942,0.8932,0.0591,0.091,0.0278,0.286
AGR,2017-05-22,3.05,3.15,3.05,3.08,1114590,3.04,3.02,3.05,1.2159,1.8519,0.8381,-0.3502,-0.0981,0.321
AGR,2017-05-23,3.08,3.1,3.01,3.02,217460,3.04,3.02,3.06,-0.6252,-0.1323,-1.3201,-0.1196,-0.0428,0.2422
AGR,2017-05-24,2.98,3.03,2.94,3.01,411820,3.03,3.02,3.07,-0.7583,-0.4794,-1.8009,0.2602,0.071,0.2265
AGR,2017-05-25,3.02,3.04,2.98,3.01,424340,3.03,3.03,3.07,-0.6601,-0.5288,-1.9736,-0.0,-0.0,0.2145
AGR,2017-05-26,3.02,3.02,2.96,3.01,207820,3.03,3.03,3.08,-0.7583,-0.6437,-2.1393,0.1735,0.0426,0.1984
AGR,2017-05-29,3.01,3.05,2.99,2.99,219730,3.03,3.03,3.08,-1.255,-1.3038,-2.9851,-0.1565,-0.0534,0.1828
AGR,2017-05-30,2.99,2.99,2.93,2.95,567020,3.01,3.03,3.08,-2.1559,-2.576,-4.345,-0.1125,-0.0384,0.1774
AGR,2017-05-31,2.95,2.97,2.93,2.93,189560,3.0,3.02,3.08,-2.4309,-3.1405,-5.0058,-0.1798,-0.0511,0.1811
AGR,2017-06-01,2.93,2.98,2.93,2.97,27530,3.0,3.02,3.08,-1.066,-1.6068,-3.6778,0.0253,0.0067,0.1469
AGR,2017-06-02,2.94,2.99,2.93,2.97,169980,2.99,3.01,3.08,-0.8016,-1.4762,-3.6215,0.0727,0.0203,0.145
AGR,2017-06-05,2.97,2.97,2.92,2.93,373850,2.98,3.01,3.07,-1.6448,-2.6901,-4.7092,-0.2973,-0.0859,0.1398
AGR,2017-06-06,2.93,2.94,2.89,2.91,300700,2.97,3.0,3.06,-1.9542,-3.113,-5.0013,-0.0619,-0.0163,0.134
AGR,2017-06-07,2.93,2.93,2.89,2.89,288700,2.96,2.99,3.05,-2.2327,-3.4897,-5.1277,-0.2742,-0.0817,0.1354
AGR,2017-06-08,2.88,3.01,2.85,2.99,460990,2.95,2.99,3.04,1.2187,-0.0668,-1.5281,0.458,0.1481,0.1812
AGR,2017-06-09,2.98,2.98,2.9,2.92,101910,2.94,2.99,3.03,-0.8489,-2.3085,-3.5412,-0.0676,-0.0203,0.1706
AGR,2017-06-12,2.93,2.93,2.89,2.89,116970,2.94,2.98,3.02,-1.5332,-3.0689,-4.3616,-0.1447,-0.0431,0.1694
AGR,2017-06-13,2.92,2.92,2.85,2.9,136610,2.93,2.97,3.01,-1.0239,-2.439,-3.7376,0.0715,0.0207,0.1653
AGR,2017-06-14,2.92,3.1,2.9,3.1,1131840,2.95,2.98,3.01,5.1917,4.2017,2.9627,1.19,0.3718,0.2663
AGR,2017-06-15,3.28,3.31,3.15,3.15,2629460,2.97,2.98,3.01,6.2395,5.5807,4.5886,-3.3327,-1.1435,0.5971
AGR,2017-06-16,3.15,3.26,3.15,3.18,486430,2.99,2.99,3.01,6.497,6.3545,5.6198,-0.2101,-0.0474,0.6108
AGR,2017-06-19,3.18,3.28,3.11,3.14,788140,3.01,2.99,3.01,4.423,4.9115,4.3397,-0.4506,-0.1396,0.6261
AGR,2017-06-20,3.14,3.18,3.09,3.11,782610,3.03,3.0,3.01,2.742,3.7531,3.3635,-0.4795,-0.1236,0.6679
AGR,2017-06-21,3.1,3.15,3.05,3.06,422050,3.04,3.0,3.01,0.5256,2.0,1.6206,-0.3745,-0.1051,0.6779
AGR,2017-06-22,3.06,3.27,3.02,3.27,1902550,3.07,3.01,3.02,6.4453,8.5297,8.4433,1.7173,0.5582,0.8038
AGR,2017-06-23,3.37,3.42,3.3,3.36,1300420,3.12,3.03,3.02,7.8306,10.8728,11.1699,0.0,0.0,0.7971
AGR,2017-06-26,3.36,3.45,3.35,3.37,987810,3.16,3.05,3.03,6.5107,10.5099,11.1918,-0.7086,-0.2197,0.8535
AGR,2017-06-27,3.37,3.37,3.23,3.24,832750,3.2,3.06,3.04,1.3133,5.7441,6.6842,-0.6619,-0.2122,0.9125
AGR,2017-06-28,3.24,3.28,3.17,3.28,437370,3.22,3.08,3.04,1.99,6.4417,7.7742,0.5743,0.1951,0.8509
AGR,2017-06-29,3.41,3.43,3.37,3.37,1196020,3.24,3.1,3.05,4.0766,8.6571,10.4194,-1.5929,-0.5539,0.677
AGR,2017-06-30,3.37,3.38,3.3,3.33,721120,3.25,3.12,3.06,2.367,6.7479,8.9731,-0.213,-0.058,0.6773
AGR,2017-07-03,3.37,3.37,3.26,3.27,602570,3.27,3.14,3.06,0.1225,4.2563,6.8627,-0.6274,-0.1917,0.6949
AGR,2017-07-04,3.28,3.4,3.26,3.37,1213270,3.29,3.16,3.07,2.3694,6.6624,9.8794,1.0039,0.3291,0.7474
AGR,2017-07-05,3.4,3.6,3.39,3.6,3153400,3.35,3.2,3.08,7.5912,12.6761,16.9211,3.4092,1.4381,1.0508
AGR,2017-07-06,3.85,3.85,3.82,3.85,3271350,3.4,3.24,3.1,13.1022,18.9006,24.3379,2.7748,1.2076,1.1566
AGR,2017-07-07,3.88,3.88,3.6,3.6,1790370,3.43,3.27,3.11,5.0175,10.0244,15.7705,-1.1585,-0.4815,1.2724
AGR,2017-07-10,3.53,3.58,3.39,3.49,2028990,3.44,3.3,3.12,1.4535,5.6935,11.8733,0.1,0.0375,1.2116
AGR,2017-07-11,3.45,3.56,3.37,3.49,1062520,3.46,3.33,3.13,0.7215,4.7576,11.5087,0.319,0.0954,1.1773
AGR,2017-07-12,3.58,3.64,3.49,3.58,868870,3.5,3.36,3.14,2.432,6.6905,13.9547,0.1991,0.0562,1.1398
AGR,2017-07-13,3.62,3.68,3.55,3.68,843890,3.53,3.38,3.15,4.3676,8.8114,16.7068,1.1472,0.3701,1.0952
AGR,2017-07-14,3.7,3.73,3.6,3.64,577000,3.56,3.4,3.16,2.3334,6.9016,15.0079,-0.2461,-0.0858,1.0985
AGR,2017-07-17,3.63,3.71,3.51,3.55,551020,3.58,3.43,3.18,-0.9763,3.6345,11.7758,-0.3034,-0.1181,1.0661
AGR,2017-07-18,3.47,3.56,3.45,3.54,906310,3.6,3.45,3.19,-1.7213,2.698,11.1251,0.7497,0.2523,1.0407
AGR,2017-07-19,3.78,3.78,3.78,3.78,1275060,3.62,3.48,3.2,4.4199,8.5271,18.1324,0.0,0.0,0.6998
AGR,2017-07-20,4.04,4.04,3.88,4.04,3599870,3.64,3.52,3.22,11.0195,14.7238,25.4736,4.2552,1.721,0.8478
AGR,2017-07-21,4.04,4.04,3.84,3.84,1174150,3.66,3.55,3.24,4.8321,8.3063,18.6284,-1.2512,-0.4688,0.8571
AGR,2017-07-24,3.84,3.84,3.73,3.76,779390,3.69,3.56,3.25,1.897,5.4698,15.6425,-0.6082,-0.2074,0.9079
AGR,2017-07-25,3.75,3.89,3.72,3.82,967350,3.72,3.59,3.27,2.6054,6.2883,16.9555,0.2195,0.081,0.898
AGR,2017-07-26,3.88,3.88,3.77,3.82,922400,3.75,3.62,3.28,1.9482,5.4957,16.4066,-0.1103,-0.0379,0.8891
AGR,2017-07-27,3.86,3.88,3.8,3.84,832000,3.76,3.64,3.3,2.0462,5.3642,16.406,0.0,0.0,0.7744
AGR,2017-07-28,3.88,4.07,3.84,3.97,1793480,3.8,3.68,3.32,4.5838,7.9831,19.6792,0.3012,0.1206,0.7799
AGR,2017-07-31,4.04,4.21,4.01,4.11,1433490,3.85,3.72,3.34,6.6978,10.5284,23.135,0.0,0.0,0.7495
AGR,2017-08-01,4.31,4.39,4.28,4.39,3063400,3.94,3.77,3.37,11.5062,16.4611,30.4529,3.0242,1.2733,0.977
AGR,2017-08-02,4.39,4.64,4.24,4.61,2639690,4.02,3.82,3.4,14.6766,20.6806,35.7,2.7197,1.1145,1.249
AGR,2017-08-03,4.62,4.93,4.62,4.71,3767640,4.09,3.86,3.43,15.2435,21.926,37.2698,-1.9757,-0.904,1.021
AGR,2017-08-04,4.71,4.94,4.49,4.92,1909710,4.2,3.93,3.47,17.2825,25.2227,41.8113,1.9136,0.9872,1.0872
AGR,2017-08-07,5.18,5.26,5.05,5.26,2491850,4.35,4.02,3.51,21.0587,30.9272,49.6529,2.7051,1.3816,1.2969
AGR,2017-08-08,5.62,5.62,5.48,5.62,2055150,4.53,4.12,3.57,24.1989,36.2755,57.5024,1.9669,1.145,1.4717
AGR,2017-08-09,6.01,6.01,5.39,5.77,5422770,4.72,4.23,3.62,22.2458,36.2938,59.1724,0.9338,0.6021,1.554
AGR,2017-08-10,5.38,5.61,5.38,5.38,1939260,4.87,4.32,3.67,10.3816,24.5803,46.4663,-2.519,-1.4803,1.8059
AGR,2017-08-11,5.05,5.18,5.01,5.01,1510070,4.98,4.39,3.71,0.6428,14.201,34.895,-1.786,-0.8555,1.9544
AGR,2017-08-14,4.68,5.18,4.67,5.18,3172990,5.08,4.47,3.76,1.8682,15.9226,37.8026,3.2856,1.8115,2.2829
AGR,2017-08-15,5.35,5.54,5.27,5.44,1812600,5.19,4.56,3.81,4.817,19.2067,42.7971,0.6547,0.3619,2.046
AGR,2017-08-16,5.44,5.44,5.13,5.13,1202420,5.24,4.63,3.85,-2.1366,10.7752,33.0946,-1.6341,-0.7746,1.9374
AGR,2017-08-17,5.01,5.08,4.78,4.92,2195960,5.26,4.68,3.89,-6.5172,5.2406,26.3807,-0.0831,-0.0468,1.7482
AGR,2017-08-18,4.75,5.01,4.68,4.96,888660,5.27,4.73,3.93,-5.8287,4.8404,26.0867,0.9093,0.441,1.6478
AGR,2017-08-21,5.01,5.13,4.88,4.88,1274050,5.23,4.79,3.97,-6.6743,1.9428,22.8105,-1.7314,-0.8997,1.5504
AGR,2017-08-22,4.75,4.78,4.63,4.68,1643410,5.14,4.83,4.01,-8.8608,-3.1056,16.7315,-0.8759,-0.4506,1.4413
AGR,2017-08-23,4.66,4.89,4.66,4.7,723510,5.03,4.87,4.04,-6.5235,-3.57,16.3021,-0.9706,-0.4323,1.445
AGR,2017-08-24,4.7,4.88,4.7,4.81,770670,4.97,4.92,4.07,-3.2388,-2.2854,18.0542,0.2582,0.1249,1.2189
AGR,2017-08-25,4.81,5.02,4.71,4.97,1374010,4.97,4.97,4.11,0.0604,-0.0503,20.9187,1.1899,0.5672,1.1593
AGR,2017-08-28,5.05,5.05,4.86,4.92,592720,4.94,5.01,4.15,-0.425,-1.8552,18.6743,-0.2258,-0.1154,0.8533
AGR,2017-08-29,4.92,4.92,4.8,4.8,672400,4.88,5.03,4.18,-1.5788,-4.6389,14.8435,-0.5739,-0.2737,0.8452
AGR,2017-08-30,4.83,4.87,4.75,4.75,545380,4.84,5.04,4.21,-1.8392,-5.7633,12.7356,-0.749,-0.3308,0.7567
AGR,2017-08-31,4.7,4.83,4.7,4.82,676700,4.83,5.05,4.24,-0.1864,-4.4788,13.5614,0.6944,0.3155,0.8178
AGR,2017-09-01,4.9,4.92,4.82,4.85,326430,4.82,5.04,4.27,0.6642,-3.8176,13.4715,-0.2259,-0.0995,0.7495
AGR,2017-09-05,4.86,5.03,4.84,4.95,1119560,4.82,5.03,4.31,2.5907,-1.5317,14.9612,0.2326,0.1046,0.5996
AGR,2017-09-06,4.95,4.95,4.85,4.88,424850,4.84,4.99,4.34,0.7224,-2.2044,12.4787,-0.2539,-0.1101,0.5374
AGR,2017-09-07,4.84,4.94,4.83,4.88,600040,4.86,4.95,4.37,0.3496,-1.3244,11.6552,-0.0824,-0.0344,0.4486
AGR,2017-09-08,4.85,4.88,4.77,4.81,637960,4.86,4.92,4.4,-1.0899,-2.1761,9.3331,-0.2513,-0.1073,0.4479
AGR,2017-09-11,4.83,4.83,4.72,4.76,766480,4.84,4.9,4.43,-1.6935,-2.9463,7.4977,-0.2445,-0.1064,0.3534
AGR,2017-09-12,4.75,4.84,4.73,4.84,479950,4.83,4.89,4.46,0.1241,-0.9719,8.5348,0.7802,0.2654,0.4088
AGR,2017-09-13,4.83,4.87,4.82,4.84,346310,4.84,4.86,4.49,0.0413,-0.3603,7.8239,-0.1,-0.0399,0.3614
AGR,2017-09-14,4.84,5.09,4.83,5.09,2026560,4.87,4.86,4.52,4.4745,4.8296,12.6455,3.3141,1.2315,0.6179
AGR,2017-09-15,5.09,5.11,4.96,5.07,653440,4.9,4.86,4.54,3.5328,4.2566,11.6003,0.3875,0.1436,0.5872
AGR,2017-09-18,5.11,5.35,5.11,5.31,1194540,4.94,4.88,4.58,7.4246,8.8003,16.0098,1.2599,0.5055,0.6906
AGR,2017-09-19,5.26,5.29,5.18,5.18,1141550,4.97,4.9,4.61,4.3093,5.8115,12.3401,-1.3949,-0.687,0.8069
AGR,2017-09-20,5.26,5.32,5.21,5.24,517830,5.0,4.92,4.65,4.7581,6.4284,12.7852,-0.301,-0.1621,0.8116
AGR,2017-09-21,5.28,5.28,5.18,5.2,463490,5.03,4.95,4.68,3.2976,5.0823,11.1491,-0.3927,-0.1726,0.8426
AGR,2017-09-22,5.21,5.24,5.19,5.2,823960,5.07,4.97,4.71,2.5034,4.6699,10.4315,-0.5846,-0.2602,0.876
AGR,2017-09-25,5.2,5.2,5.0,5.01,1181020,5.1,4.97,4.74,-1.7262,0.8048,5.781,-1.513,-0.6851,1.0028
AGR,2017-09-26,5.01,5.14,4.98,5.13,738400,5.13,4.98,4.77,0.0585,3.0017,7.5968,0.7646,0.3578,1.0012
AGR,2017-09-27,5.15,5.15,5.05,5.09,212260,5.15,4.99,4.8,-1.2034,1.9019,6.0682,-0.0515,-0.0231,0.9964
AGR,2017-09-28,5.09,5.12,4.88,4.94,359530,5.14,5.0,4.82,-3.8349,-1.2888,2.4471,-0.2056,-0.0961,0.6855
AGR,2017-09-29,4.94,5.01,4.87,4.94,451240,5.12,5.01,4.84,-3.5909,-1.407,2.0661,0.0,0.0,0.6468
AGR,2017-10-02,4.91,5.03,4.89,4.9,252340,5.08,5.01,4.86,-3.6002,-2.2541,0.7982,-0.4227,-0.1825,0.5631
AGR,2017-10-03,4.89,4.89,4.66,4.78,504840,5.04,5.0,4.88,-5.2151,-4.486,-2.0813,0.0508,0.0162,0.4287
AGR,2017-10-04,4.79,4.92,4.79,4.91,214140,5.01,5.01,4.9,-1.996,-1.9177,0.1346,0.2892,0.1249,0.4275
AGR,2017-10-05,5.0,5.0,4.93,4.94,381320,4.98,5.01,4.93,-0.8828,-1.3775,0.2883,-0.3141,-0.1381,0.4196
AGR,2017-10-06,4.94,4.96,4.9,4.91,282970,4.96,5.01,4.95,-0.9082,-2.0742,-0.7519,-0.4148,-0.1671,0.4026
AGR,2017-10-09,4.98,4.98,4.83,4.92,406940,4.95,5.02,4.97,-0.5257,-2.0311,-0.9303,0.1342,0.0706,0.2648
AGR,2017-10-10,4.92,4.92,4.84,4.86,186330,4.92,5.02,4.98,-1.1994,-3.2451,-2.4331,-0.1471,-0.0585,0.203
AGR,2017-10-11,4.88,5.06,4.85,4.89,533410,4.9,5.03,4.99,-0.1837,-2.6962,-2.0276,-0.4774,-0.2136,0.2456
AGR,2017-10-12,4.92,4.96,4.88,4.89,481350,4.89,5.02,5.0,-0.0817,-2.5022,-2.1374,-0.449,-0.1849,0.2699
AGR,2017-10-13,4.89,4.92,4.88,4.89,306270,4.89,5.01,5.0,0.0205,-2.327,-2.2078,-0.2081,-0.0878,0.2907
AGR,2017-10-16,4.99,4.99,4.82,4.84,364220,4.88,4.98,5.0,-0.8806,-2.8698,-3.1768,-0.4093,-0.1387,0.2894
AGR,2017-10-17,4.82,4.88,4.82,4.83,350730,4.89,4.97,4.99,-1.1866,-2.7288,-3.2103,-0.2315,-0.1031,0.3075
AGR,2017-10-18,4.9,4.9,4.75,4.75,504360,4.87,4.94,4.97,-2.5041,-3.8656,-4.4804,-0.466,-0.196,0.3251
AGR,2017-10-19,4.75,4.87,4.75,4.8,318310,4.86,4.92,4.95,-1.1939,-2.4588,-3.0969,-0.068,-0.0276,0.3005
AGR,2017-10-20,4.79,4.82,4.69,4.69,696180,4.84,4.9,4.94,-3.019,-4.1977,-5.053,-0.8803,-0.3545,0.3471
AGR,2017-10-23,4.68,4.69,4.4,4.43,791920,4.79,4.87,4.93,-7.4577,-8.9695,-10.1055,-0.6958,-0.2889,0.4032
AGR,2017-10-24,4.43,4.44,4.38,4.4,452150,4.74,4.83,4.91,-7.1926,-8.9027,-10.4307,-0.2703,-0.1082,0.4156
AGR,2017-10-25,4.4,4.61,4.4,4.44,176980,4.7,4.8,4.89,-5.4514,-7.4518,-9.247,-0.1625,-0.0657,0.3841
AGR,2017-10-26,4.41,4.51,4.13,4.29,333850,4.64,4.76,4.88,-7.4633,-9.9685,-12.0108,-0.0793,-0.0283,0.3471
AGR,2017-10-27,4.27,4.29,4.0,4.14,682850,4.56,4.72,4.86,-9.2304,-12.381,-14.8148,-0.0348,-0.0105,0.3298
AGR,2017-10-30,4.06,4.14,4.02,4.03,436700,4.48,4.68,4.84,-10.0446,-13.9165,-16.7596,-0.3682,-0.1242,0.3257
AGR,2017-10-31,3.97,4.06,3.93,3.95,410980,4.39,4.64,4.82,-10.0638,-14.8707,-18.0974,-0.3406,-0.1305,0.3366
AGR,2017-11-01,3.97,4.08,3.97,3.98,313000,4.31,4.59,4.81,-7.7636,-13.3558,-17.2351,-0.3144,-0.1273,0.3214
AGR,2017-11-02,4.06,4.1,3.95,3.96,154920,4.23,4.54,4.79,-6.4051,-12.8617,-17.3967,-0.1529,-0.0502,0.3299
AGR,2017-11-03,3.97,4.01,3.88,3.97,407670,4.16,4.5,4.78,-4.5444,-11.7287,-16.8969,0.1593,0.0562,0.2578
AGR,2017-11-06,3.97,4.01,3.97,3.99,234200,4.12,4.45,4.76,-3.0377,-10.3572,-16.1342,0.0,0.0,0.1882
AGR,2017-11-07,4.01,4.01,3.94,3.97,207430,4.07,4.41,4.74,-2.5049,-9.9058,-16.22,-0.051,-0.0175,0.1663
AGR,2017-11-08,3.92,3.97,3.9,3.93,179120,4.02,4.36,4.72,-2.2631,-9.8314,-16.7585,-0.0256,-0.0074,0.1526
AGR,2017-11-09,3.88,3.96,3.87,3.89,159480,3.98,4.31,4.7,-2.2859,-9.7134,-17.3044,-0.122,-0.0395,0.1569
AGR,2017-11-10,3.81,3.95,3.81,3.91,195340,3.96,4.26,4.69,-1.2127,-8.2052,-16.5564,0.1014,0.0204,0.1635
AGR,2017-11-13,3.96,4.0,3.89,4.0,282200,3.96,4.22,4.67,1.1378,-5.1571,-14.3249,0.2927,0.0768,0.156
AGR,2017-11-14,3.99,4.01,3.88,3.98,147250,3.96,4.18,4.65,0.5558,-4.6707,-14.3976,0.0945,0.0245,0.1314
AGR,2017-11-15,3.98,3.99,3.96,3.99,322180,3.96,4.14,4.63,0.783,-3.5533,-13.8527,0.3411,0.0989,0.134
AGR,2017-11-16,4.0,4.26,3.99,4.26,369440,3.99,4.11,4.62,6.7937,3.6496,-7.7762,0.3584,0.1317,0.1546
AGR,2017-11-17,4.56,4.56,4.4,4.56,806660,4.05,4.1,4.61,12.6482,11.1246,-1.1746,1.0537,0.364,0.244
AGR,2017-11-20,4.31,4.66,4.31,4.56,391080,4.1,4.11,4.61,11.084,10.9489,-1.0889,0.2202,0.0637,0.2661
AGR,2017-11-21,4.49,4.56,4.41,4.52,297060,4.16,4.12,4.6,8.6538,9.8154,-1.8202,0.1392,0.0388,0.2749
AGR,2017-11-22,4.49,4.57,4.4,4.51,429080,4.22,4.12,4.6,6.9227,9.4793,-1.8968,0.1224,0.0398,0.2846
AGR,2017-11-23,4.57,4.69,4.5,4.65,524010,4.29,4.14,4.59,8.2906,12.3867,1.3425,0.3708,0.1305,0.3094
AGR,2017-11-24,4.57,4.66,4.57,4.66,281860,4.37,4.16,4.58,6.6606,11.9251,1.7423,0.2675,0.1022,0.326
AGR,2017-11-27,4.66,4.82,4.63,4.82,413700,4.45,4.2,4.57,8.2903,14.68,5.4612,0.3375,0.155,0.3305
AGR,2017-11-28,4.82,4.84,4.7,4.81,428100,4.53,4.25,4.56,6.0873,13.2831,5.4131,0.1128,0.0501,0.3324
AGR,2017-11-29,4.81,4.82,4.7,4.73,320420,4.61,4.28,4.55,2.6476,10.4237,3.8921,-0.1122,-0.0484,0.3095
AGR,2017-11-30,4.73,4.81,4.69,4.8,396460,4.66,4.33,4.54,2.9601,10.9698,5.6152,0.2647,0.0955,0.3001
AGR,2017-12-01,4.74,4.83,4.73,4.75,291800,4.68,4.36,4.54,1.474,8.8326,4.7224,-0.1934,-0.0678,0.2141
AGR,2017-12-04,4.82,4.88,4.72,4.84,781490,4.71,4.41,4.53,2.7819,9.8253,6.7867,0.2715,0.1055,0.2192
AGR,2017-12-05,4.9,5.05,4.85,4.91,946370,4.75,4.45,4.53,3.412,10.238,8.4364,-0.1941,-0.0787,0.2247
AGR,2017-12-06,4.92,4.94,4.75,4.85,334400,4.78,4.5,4.52,1.422,7.7778,7.225,0.0153,0.0061,0.214
AGR,2017-12-07,4.85,4.92,4.75,4.88,425180,4.81,4.55,4.52,1.5609,7.2645,7.9169,0.2511,0.0904,0.202
AGR,2017-12-08,4.83,4.87,4.75,4.75,242940,4.81,4.59,4.52,-1.3295,3.452,5.1304,-0.256,-0.1033,0.2009
AGR,2017-12-11,4.58,4.75,4.58,4.62,290960,4.79,4.62,4.51,-3.6295,-0.0541,2.38,-0.1431,-0.055,0.1814
AGR,2017-12-12,4.62,4.64,4.38,4.62,617120,4.78,4.65,4.51,-3.2461,-0.7412,2.4527,0.4478,0.1534,0.2149
AGR,2017-12-13,4.66,4.66,4.49,4.6,135950,4.76,4.69,4.5,-3.4019,-1.8143,2.1496,0.0544,0.0206,0.2091
AGR,2017-12-14,4.62,4.66,4.56,4.66,339320,4.75,4.7,4.5,-1.8534,-0.9564,3.6108,0.3909,0.1587,0.2218
AGR,2017-12-15,4.66,4.88,4.66,4.74,266690,4.75,4.71,4.49,-0.1475,0.5515,5.4693,-0.0577,-0.0195,0.2082
AGR,2017-12-18,4.74,4.9,4.74,4.86,742290,4.75,4.73,4.49,2.3373,2.7701,8.1683,0.3382,0.1336,0.2149
AGR,2017-12-19,4.91,4.91,4.75,4.77,111400,4.74,4.74,4.49,0.7392,0.6011,6.2077,-0.1043,-0.0325,0.2059
AGR,2017-12-20,4.69,4.82,4.69,4.77,130380,4.73,4.75,4.49,0.9097,0.326,6.2645,0.0348,0.0138,0.2078
AGR,2017-12-21,4.75,4.75,4.69,4.73,323670,4.71,4.76,4.49,0.382,-0.5989,5.4485,0.0943,0.0338,0.1922
AGR,2017-12-22,4.73,4.75,4.7,4.73,153670,4.71,4.76,4.48,0.4246,-0.672,5.5238,0.0442,0.0141,0.171
AGR,2017-12-25,4.63,4.73,4.63,4.63,280110,4.71,4.75,4.48,-1.7194,-2.5776,3.3898,-0.406,-0.1392,0.1973
AGR,2017-12-26,4.62,4.75,4.62,4.75,223670,4.72,4.75,4.48,0.5504,0.0105,6.1073,0.2557,0.0833,0.1781
AGR,2017-12-27,4.76,4.76,4.72,4.75,142140,4.74,4.75,4.48,0.2321,-0.0105,6.1073,0.0808,0.0286,0.1807
AGR,2017-12-28,4.75,4.94,4.71,4.89,629690,4.76,4.76,4.48,2.6879,2.8391,9.1908,0.4782,0.1592,0.1894
AGR,2017-12-29,5.01,5.23,5.0,5.23,2107910,4.81,4.78,4.49,8.7092,9.4371,16.5018,2.0146,0.7802,0.3851
AGR,2018-01-02,5.23,5.44,5.23,5.32,915610,4.86,4.8,4.51,9.5326,10.7641,18.0386,-0.0973,-0.0413,0.361
AGR,2018-01-03,5.35,5.4,5.05,5.16,875180,4.9,4.82,4.52,5.3922,7.154,14.1038,-0.2546,-0.0936,0.3761
AGR,2018-01-04,5.09,5.31,5.08,5.17,1067860,4.94,4.83,4.54,4.7407,7.0061,13.957,-0.2068,-0.0723,0.3932
AGR,2018-01-05,5.32,5.32,5.09,5.09,928480,4.97,4.84,4.55,2.3733,5.1219,11.7993,-0.5789,-0.2517,0.4417
AGR,2018-01-08,5.18,5.19,4.96,5.0,778410,5.0,4.85,4.57,0.02,2.9972,9.4092,-0.2652,-0.1028,0.4638
AGR,2018-01-09,5.08,5.09,4.9,5.08,940580,5.04,4.88,4.59,0.7137,4.1517,10.6513,0.4706,0.1862,0.4703
AGR,2018-01-10,5.04,5.18,4.96,5.08,916910,5.08,4.9,4.61,0.0591,3.6629,10.1092,0.0447,0.0155,0.4492
AGR,2018-01-11,5.01,5.09,5.01,5.04,626140,5.11,4.92,4.63,-1.2926,2.387,8.7426,-0.089,-0.0354,0.45
AGR,2018-01-12,5.08,5.22,5.04,5.09,758930,5.13,4.94,4.66,-0.7023,2.9531,9.2884,-0.1209,-0.05,0.4143
AGR,2018-01-15,5.09,5.35,5.09,5.35,1196670,5.14,4.97,4.68,4.1261,7.5485,14.1942,0.782,0.31,0.291
AGR,2018-01-16,5.26,5.38,5.12,5.29,1554290,5.14,5.0,4.71,3.0185,5.8847,12.2904,0.364,0.1518,0.3177
AGR,2018-01-17,5.31,5.32,5.06,5.06,814160,5.12,5.01,4.73,-1.2683,0.9879,6.9135,-0.351,-0.136,0.3273
AGR,2018-01-18,4.83,5.09,4.83,5.09,942760,5.12,5.03,4.76,-0.5277,1.2633,7.0227,0.3952,0.142,0.3462
AGR,2018-01-19,5.09,5.09,4.89,5.01,1029500,5.11,5.04,4.78,-1.9378,-0.6051,4.8468,0.1241,0.0348,0.3007
AGR,2018-01-22,5.01,5.13,4.98,5.11,766570,5.12,5.06,4.8,-0.1953,0.9981,6.4051,0.3754,0.1226,0.3117
AGR,2018-01-23,5.11,5.11,5.11,5.11,0,5.12,5.08,4.82,-0.2538,0.5213,5.9155,0.0,0.0,0.2646
AGR,2018-01-24,5.11,5.11,5.11,5.11,0,5.13,5.1,4.85,-0.3121,0.1666,5.4217,0.0,0.0,0.2602
AGR,2018-01-25,5.11,5.21,5.07,5.19,1150830,5.14,5.12,4.87,0.9531,1.2979,6.5446,0.3626,0.1161,0.2875
AGR,2018-01-26,5.26,5.28,5.09,5.17,529480,5.15,5.14,4.89,0.4078,0.6326,5.7389,-0.0508,-0.0181,0.2805
AGR,2018-01-29,5.28,5.28,5.13,5.18,706430,5.13,5.14,4.9,0.9353,0.8763,5.6755,-0.1216,-0.0418,0.2145
AGR,2018-01-30,5.26,5.54,5.17,5.54,4904020,5.16,5.15,4.92,7.4268,7.6564,12.5696,2.3824,0.9011,0.4163
AGR,2018-01-31,5.91,5.91,5.44,5.44,980180,5.2,5.16,4.94,4.7161,5.4264,10.1259,-0.3889,-0.1479,0.4201
AGR,2018-02-01,5.42,5.43,5.16,5.18,604510,5.2,5.16,4.95,-0.4612,0.3779,4.5789,-0.2938,-0.1216,0.41
AGR,2018-02-02,5.11,5.26,5.08,5.13,886010,5.22,5.16,4.96,-1.6488,-0.6295,3.3691,-0.3692,-0.1127,0.4345
AGR,2018-02-05,5.01,5.19,5.01,5.05,1194100,5.21,5.16,4.97,-3.071,-2.2265,1.5974,-0.2856,-0.1097,0.4255
AGR,2018-02-06,4.7,5.05,4.7,4.75,859500,5.17,5.15,4.97,-8.1948,-7.7401,-4.4112,-0.2521,-0.0744,0.4507
AGR,2018-02-07,4.92,5.01,4.83,4.91,370120,5.15,5.14,4.97,-4.7342,-4.4747,-1.2311,-0.0358,-0.0115,0.4543
AGR,2018-02-08,4.91,4.91,4.75,4.81,232430,5.12,5.13,4.97,-5.9812,-6.2104,-3.2738,-0.0488,-0.0207,0.4229
AGR,2018-02-09,4.49,4.79,4.48,4.75,454910,5.07,5.11,4.97,-6.3855,-7.0723,-4.4612,0.2406,0.0843,0.4419
AGR,2018-02-12,4.75,4.92,4.62,4.82,152460,5.04,5.08,4.97,-4.3271,-5.2114,-3.0805,0.0386,0.0122,0.4336
AGR,2018-02-13,4.82,5.07,4.8,5.07,277850,4.99,5.07,4.98,1.5828,-0.0788,1.8522,0.2819,0.0971,0.2235
AGR,2018-02-21,5.09,5.09,5.05,5.08,290040,4.96,5.08,4.98,2.5227,0.0985,1.9835,0.1608,0.054,0.2007
AGR,2018-02-22,4.78,5.07,4.78,4.92,180100,4.93,5.07,4.98,-0.1826,-2.8915,-1.2564,-0.0066,-0.0023,0.172
AGR,2018-02-23,4.92,4.98,4.88,4.93,156040,4.91,5.06,4.98,0.4278,-2.6173,-1.0755,-0.0,-0.0,0.1351
AGR,2018-02-26,4.83,4.96,4.83,4.83,532650,4.89,5.05,4.99,-1.1664,-4.328,-3.1132,-0.2934,-0.0981,0.1359
AGR,2018-02-27,4.83,4.88,4.81,4.85,329600,4.9,5.04,4.99,-0.9598,-3.6838,-2.8017,0.0466,0.0136,0.1153
AGR,2018-02-28,4.83,4.89,4.82,4.86,252760,4.89,5.02,4.99,-0.6541,-3.2451,-2.6949,0.0281,0.0085,0.1145
AGR,2018-03-01,4.86,5.05,4.83,4.92,389070,4.9,5.01,5.0,0.3467,-1.7866,-1.6197,-0.0477,-0.014,0.1144
AGR,2018-03-02,4.92,4.92,4.83,4.85,276100,4.91,4.99,5.0,-1.2823,-2.8737,-3.093,-0.1066,-0.0336,0.101
AGR,2018-03-05,4.87,4.92,4.83,4.83,255630,4.91,4.98,5.01,-1.7094,-2.9341,-3.5273,-0.1121,-0.0353,0.1084
AGR,2018-03-06,4.75,4.89,4.75,4.88,221400,4.89,4.94,5.01,-0.3064,-1.2745,-2.5364,0.1086,0.036,0.091
AGR,2018-03-07,4.88,5.07,4.88,5.01,632240,4.89,4.92,5.01,2.4959,1.7982,-0.0359,0.1898,0.0696,0.0939
AGR,2018-03-08,5.01,5.02,4.93,5.01,212000,4.9,4.91,5.02,2.3075,1.9744,-0.1316,0.1622,0.0554,0.1095
AGR,2018-03-09,4.93,5.02,4.93,4.95,195130,4.9,4.9,5.02,1.041,0.938,-1.4141,-0.0998,-0.0313,0.1195
AGR,2018-03-12,4.95,4.96,4.85,4.85,185230,4.9,4.89,5.02,-1.0406,-0.8991,-3.4518,-0.1432,-0.0415,0.1044
AGR,2018-03-13,4.86,4.91,4.82,4.85,121650,4.9,4.9,5.03,-1.0406,-1.0002,-3.5363,-0.0277,-0.0086,0.1026
AGR,2018-03-14,4.88,4.88,4.8,4.8,331810,4.89,4.89,5.03,-1.9408,-1.9107,-4.5498,-0.2099,-0.0628,0.1207
AGR,2018-03-15,4.8,4.88,4.77,4.77,223430,4.88,4.89,5.03,-2.2541,-2.4839,-5.1539,-0.1713,-0.0591,0.1331
AGR,2018-03-16,4.77,4.89,4.75,4.81,253910,4.88,4.89,5.03,-1.3536,-1.7264,-4.3281,-0.0227,-0.0057,0.1247
AGR,2018-03-19,4.89,4.9,4.79,4.79,217310,4.87,4.89,5.02,-1.6831,-2.105,-4.5589,-0.1486,-0.0507,0.1284
AGR,2018-03-20,4.8,4.8,4.75,4.78,259480,4.86,4.88,5.01,-1.6865,-2.0191,-4.5527,0.0454,0.0134,0.1221
AGR,2018-03-21,4.83,4.83,4.75,4.75,234520,4.84,4.86,5.0,-1.7783,-2.3036,-4.9962,-0.2372,-0.0634,0.1268
AGR,2018-03-22,4.82,4.82,4.75,4.75,161240,4.81,4.85,4.99,-1.2474,-2.1325,-4.8363,-0.1271,-0.0381,0.1233
AGR,2018-03-23,4.66,4.7,4.42,4.66,167300,4.78,4.84,4.98,-2.5309,-3.719,-6.4783,0.0875,0.0275,0.1221
AGR,2018-03-26,4.66,4.66,4.49,4.5,135970,4.75,4.82,4.97,-5.1833,-6.7067,-9.5077,-0.0808,-0.021,0.1158
AGR,2018-03-27,4.53,4.62,4.53,4.58,150740,4.72,4.81,4.96,-2.9455,-4.7817,-7.7134,0.0125,0.0036,0.1143
AGR,2018-03-28,4.58,4.58,4.5,4.53,170670,4.69,4.79,4.95,-3.4527,-5.497,-8.5181,-0.0423,-0.0128,0.0975
AGR,2018-03-29,4.54,4.54,4.47,4.49,148260,4.66,4.77,4.94,-3.7307,-5.9095,-9.124,-0.0741,-0.0232,0.0878
AGR,2018-03-30,4.55,4.55,4.5,4.5,84060,4.63,4.75,4.93,-2.8707,-5.3528,-8.7036,-0.0926,-0.0266,0.0948
AGR,2018-04-02,4.5,4.5,4.4,4.5,253700,4.6,4.74,4.91,-2.2589,-5.0232,-8.3876,0.1697,0.0513,0.0969
AGR,2018-04-03,4.5,4.57,4.41,4.48,102900,4.57,4.72,4.9,-2.0551,-5.0445,-8.493,-0.0105,-0.0033,0.0934
AGR,2018-04-04,4.48,4.5,4.4,4.47,442020,4.55,4.69,4.88,-1.6718,-4.7111,-8.4767,0.1255,0.035,0.0823
AGR,2018-04-05,4.4,4.49,4.4,4.41,136550,4.51,4.66,4.87,-2.2606,-5.3851,-9.453,-0.0918,-0.0274,0.0787
AGR,2018-04-06,4.44,4.62,4.44,4.6,306250,4.51,4.64,4.86,2.0861,-0.9368,-5.3926,0.173,0.0532,0.0873
AGR,2018-04-09,4.66,4.74,4.53,4.53,89860,4.51,4.63,4.85,0.4657,-2.107,-6.6095,-0.0582,-0.0176,0.085
AGR,2018-04-10,4.6,4.6,4.43,4.49,68060,4.5,4.61,4.84,-0.2222,-2.5925,-7.1969,-0.0145,-0.004,0.0852
AGR,2018-04-11,4.43,4.49,4.38,4.42,154290,4.49,4.59,4.82,-1.5371,-3.7142,-8.3824,-0.0216,-0.0064,0.0831
AGR,2018-04-12,4.57,4.57,4.42,4.49,84360,4.49,4.58,4.81,0.0223,-1.8901,-6.6606,-0.0051,-0.0015,0.0762
AGR,2018-04-13,4.56,4.56,4.37,4.38,114540,4.48,4.56,4.79,-2.1666,-3.8419,-8.6472,-0.0835,-0.0248,0.0753
AGR,2018-04-16,4.37,4.4,4.37,4.38,28240,4.46,4.53,4.78,-1.9037,-3.4072,-8.3414,-0.012,-0.0036,0.0596
AGR,2018-04-17,4.28,4.45,4.28,4.38,96300,4.46,4.51,4.76,-1.6835,-2.9793,-7.8942,0.017,0.0051,0.0602
AGR,2018-04-18,4.44,4.44,4.27,4.27,185060,4.43,4.49,4.73,-3.7204,-4.9104,-9.7633,-0.1513,-0.0429,0.0628
AGR,2018-04-19,4.27,4.27,4.06,4.06,281010,4.4,4.46,4.71,-7.7273,-8.8869,-13.7931,-0.192,-0.0423,0.0728
AGR,2018-04-20,4.23,4.23,4.07,4.19,77130,4.36,4.43,4.69,-3.877,-5.471,-10.6762,0.0314,0.0077,0.0587
AGR,2018-04-23,4.06,4.26,4.06,4.06,72480,4.31,4.41,4.67,-5.8442,-7.9469,-13.0807,-0.0371,-0.011,0.0565
AGR,2018-04-24,4.06,4.06,3.95,4.0,138260,4.26,4.38,4.66,-6.1694,-8.7071,-14.0893,-0.0126,-0.0024,0.0564
AGR,2018-04-26,4.0,4.0,3.72,3.72,218590,4.19,4.34,4.63,-11.2807,-14.3055,-19.6926,-0.1303,-0.0305,0.0672
AGR,2018-04-27,3.72,3.96,3.71,3.76,110530,4.12,4.3,4.61,-8.7379,-12.6496,-18.4594,-0.0544,-0.0142,0.0722
AGR,2018-05-02,3.8,3.8,3.56,3.7,68240,4.05,4.26,4.59,-8.6871,-13.2372,-19.3935,0.0097,0.0023,0.0648
AGR,2018-05-03,3.61,3.69,3.44,3.44,367620,3.96,4.21,4.56,-13.0874,-18.3189,-24.6044,-0.2603,-0.0663,0.0896
AGR,2018-05-04,3.45,3.51,3.45,3.49,56990,3.87,4.16,4.53,-9.7958,-16.1461,-22.9751,0.0208,0.0053,0.09
AGR,2018-05-07,3.5,3.5,3.45,3.49,62360,3.79,4.11,4.5,-7.9399,-15.1471,-22.4307,0.0359,0.0086,0.0784
AGR,2018-05-08,3.49,3.49,3.46,3.49,63670,3.73,4.07,4.47,-6.5345,-14.1874,-21.9344,0.0642,0.0171,0.0657
AGR,2018-05-09,3.49,3.49,3.44,3.45,167510,3.66,4.01,4.44,-5.7377,-13.9544,-22.3148,-0.1437,-0.0375,0.0769
AGR,2018-05-10,3.51,3.51,3.37,3.37,53160,3.59,3.95,4.41,-6.1543,-14.7159,-23.6139,-0.0467,-0.0125,0.0779
AGR,2018-05-11,3.37,3.48,3.37,3.45,41070,3.54,3.9,4.38,-2.4321,-11.5271,-21.3012,0.0192,0.0045,0.0785
AGR,2018-05-14,3.45,3.46,3.37,3.45,59890,3.51,3.85,4.36,-1.6814,-10.4129,-20.7916,0.0706,0.0144,0.0726
AGR,2018-05-15,3.39,3.45,3.39,3.45,74020,3.48,3.8,4.33,-0.8051,-9.1866,-20.2533,0.1123,0.0218,0.0783
AGR,2018-05-16,3.4,3.45,3.4,3.43,65600,3.45,3.75,4.3,-0.6085,-8.5699,-20.1917,0.0171,0.0042,0.0791
AGR,2018-05-17,3.43,3.44,3.37,3.37,74220,3.44,3.7,4.27,-2.1487,-8.9435,-21.0514,-0.1092,-0.0224,0.064
AGR,2018-05-18,3.44,3.44,3.24,3.42,108770,3.44,3.65,4.24,-0.4946,-6.3783,-19.3282,0.1217,0.0253,0.0741
AGR,2018-05-21,3.43,3.43,3.3,3.37,29420,3.42,3.61,4.21,-1.6058,-6.5965,-19.8878,0.0025,0.0006,0.0707
AGR,2018-05-22,3.31,3.32,3.13,3.13,171000,3.39,3.56,4.17,-7.6424,-12.1157,-24.922,-0.1755,-0.042,0.0819
AGR,2018-05-23,3.09,3.19,2.93,3.13,152490,3.36,3.51,4.13,-6.762,-10.7881,-24.2608,0.0792,0.0156,0.0754
AGR,2018-05-24,3.13,3.13,3.05,3.06,45340,3.33,3.46,4.1,-7.9976,-11.5223,-25.3076,-0.0512,-0.0099,0.0759
AGR,2018-05-25,3.09,3.09,3.0,3.0,264600,3.28,3.41,4.06,-8.5645,-11.9847,-26.1047,-0.2402,-0.0525,0.098
AGR,2018-05-28,3.02,3.02,2.8,2.8,85650,3.22,3.36,4.02,-12.9353,-16.7286,-30.3448,-0.0458,-0.0101,0.0955
AGR,2018-05-29,2.61,2.93,2.61,2.83,216310,3.15,3.32,3.98,-10.2727,-14.6562,-28.9123,0.0626,0.0145,0.0905
AGR,2018-05-30,2.85,2.85,2.71,2.72,107560,3.08,3.27,3.94,-11.7742,-16.7432,-30.9504,-0.1391,-0.0238,0.1027
AGR,2018-05-31,2.73,2.8,2.73,2.8,39210,3.03,3.24,3.9,-7.4686,-13.4467,-28.1941,0.0369,0.0062,0.0955
AGR,2018-06-01,2.84,2.93,2.8,2.81,91820,2.96,3.2,3.86,-5.2277,-12.2149,-27.2021,-0.0924,-0.0157,0.0925
AGR,2018-06-04,2.9,3.0,2.82,3.0,111120,2.93,3.18,3.82,2.459,-5.5564,-21.5686,0.0879,0.0201,0.1011
AGR,2018-06-05,3.09,3.18,3.0,3.15,138370,2.93,3.16,3.79,7.5085,-0.3007,-16.9523,0.0923,0.0247,0.0928
AGR,2018-06-06,3.15,3.18,3.11,3.17,111550,2.93,3.15,3.76,8.0436,0.7789,-15.7632,0.0768,0.0171,0.0925
AGR,2018-06-07,3.19,3.2,3.15,3.19,74600,2.95,3.14,3.74,8.2457,1.7057,-14.6374,0.0483,0.0113,0.0922
AGR,2018-06-08,3.19,3.19,3.11,3.12,116170,2.96,3.12,3.71,5.441,0.0,-15.8531,-0.1023,-0.024,0.0784
AGR,2018-06-11,3.12,3.12,3.02,3.1,80790,2.99,3.1,3.68,3.7136,-0.0806,-15.7426,0.0607,0.0135,0.0799
AGR,2018-06-12,3.06,3.09,2.93,3.02,58010,3.01,3.08,3.65,0.3989,-1.9799,-17.2557,0.0095,0.0018,0.0746
AGR,2018-06-13,3.02,3.06,3.02,3.05,52080,3.04,3.06,3.62,0.296,-0.3919,-15.7645,0.0527,0.0087,0.066
AGR,2018-06-14,3.1,3.1,2.93,2.93,28230,3.05,3.04,3.59,-4.0602,-3.6184,-18.3708,-0.0315,-0.0066,0.0655
AGR,2018-06-15,3.02,3.13,2.93,3.02,73990,3.08,3.02,3.56,-1.7886,0.0,-15.1733,-0.0074,-0.0013,0.057
AGR,2018-06-18,3.02,3.1,2.99,3.06,61040,3.08,3.0,3.53,-0.6816,1.8472,-13.3635,0.015,0.0036,0.0497
AGR,2018-06-19,3.06,3.06,2.86,2.86,81720,3.05,2.99,3.5,-6.291,-4.3798,-18.3091,-0.0721,-0.0146,0.0476
AGR,2018-06-20,3.02,3.02,2.91,3.01,15260,3.04,2.98,3.47,-0.8564,0.8375,-13.2365,0.0153,0.0032,0.0415
AGR,2018-06-21,3.08,3.08,2.91,3.02,37600,3.02,2.98,3.44,0.0331,1.2404,-12.1838,0.0197,0.0045,0.0386
AGR,2018-06-22,3.04,3.04,2.92,3.02,63120,3.01,2.98,3.41,0.3656,1.2064,-11.4266,0.0498,0.0103,0.0334
AGR,2018-06-25,3.04,3.05,2.98,3.05,62980,3.0,3.0,3.38,1.5313,1.7854,-9.822,0.1147,0.0266,0.0388
AGR,2018-06-26,3.05,3.05,2.95,3.02,9870,3.0,3.01,3.35,0.5326,0.4657,-9.926,0.0077,0.0018,0.0386
AGR,2018-06-27,3.02,3.02,2.93,3.01,46080,3.0,3.02,3.33,0.3333,-0.3476,-9.4846,0.0464,0.0103,0.038
AGR,2018-06-28,3.04,3.04,2.92,2.98,48470,3.0,3.03,3.3,-0.8319,-1.6339,-9.6258,0.0,0.0,0.0348
AGR,2018-06-29,2.9,3.01,2.9,2.99,39790,3.0,3.04,3.27,-0.3997,-1.5962,-8.5515,0.0362,0.0069,0.0377
AGR,2018-07-02,2.93,2.94,2.89,2.93,45020,2.99,3.04,3.24,-1.9739,-3.4596,-9.646,0.0334,0.0083,0.0395
AGR,2018-07-03,2.9,2.98,2.74,2.74,78480,2.98,3.01,3.22,-7.961,-9.106,-14.8116,-0.053,-0.0116,0.0376
AGR,2018-07-04,2.76,2.85,2.74,2.83,46280,2.96,3.0,3.19,-4.3596,-5.588,-11.263,0.0366,0.0074,0.0397
AGR,2018-07-05,2.84,2.84,2.74,2.74,31250,2.93,2.98,3.16,-6.5165,-7.8992,-13.3679,-0.0354,-0.0078,0.0413
AGR,2018-07-06,2.8,2.83,2.74,2.83,88930,2.91,2.96,3.14,-2.8159,-4.408,-9.8554,0.0701,0.0173,0.0433
AGR,2018-07-09,2.74,2.84,2.74,2.83,26060,2.89,2.95,3.12,-2.0761,-3.9701,-9.3414,0.0267,0.0067,0.0345
AGR,2018-07-10,2.83,2.84,2.8,2.84,19180,2.87,2.94,3.1,-1.1142,-3.3356,-8.4816,0.0331,0.0072,0.0371
AGR,2018-07-11,2.74,2.86,2.74,2.76,11180,2.85,2.92,3.08,-3.0558,-5.5926,-10.5174,-0.0082,-0.0021,0.0333
AGR,2018-07-12,2.76,2.76,2.72,2.72,56760,2.82,2.91,3.07,-3.5803,-6.6255,-11.4007,-0.1232,-0.0317,0.0456
AGR,2018-07-13,2.78,2.78,2.72,2.74,161110,2.8,2.9,3.06,-2.0029,-5.4846,-10.311,-0.0781,-0.0207,0.0498
AGR,2018-07-16,2.71,2.93,2.71,2.93,288790,2.8,2.89,3.04,4.7926,1.2965,-3.7387,0.5108,0.1363,0.0975
AGR,2018-07-17,3.01,3.01,2.93,2.98,127150,2.82,2.9,3.03,5.6738,2.8118,-1.7669,0.0311,0.0077,0.0953
AGR,2018-07-18,2.98,3.18,2.93,3.11,273330,2.85,2.9,3.03,9.1994,7.1121,2.7488,0.0844,0.0205,0.1001
AGR,2018-07-19,3.04,3.16,3.04,3.1,192080,2.88,2.91,3.02,7.4896,6.6208,2.6014,0.0,0.0,0.0966
AGR,2018-07-20,3.11,3.11,3.02,3.11,150820,2.91,2.91,3.01,6.7995,6.7995,3.1646,0.1437,0.0354,0.1039
AGR,2018-07-23,3.11,3.11,2.89,2.89,112060,2.92,2.9,3.0,-0.9596,-0.4821,-3.7757,-0.0383,-0.0219,0.1051
AGR,2018-07-24,2.93,3.09,2.93,3.05,326810,2.94,2.91,3.0,3.7768,4.9733,1.8228,0.167,0.0523,0.1185
AGR,2018-07-25,3.05,3.26,3.05,3.26,601570,2.99,2.92,2.99,9.0666,11.7204,8.9572,0.6521,0.2,0.1829
AGR,2018-07-26,3.49,3.49,3.29,3.3,365640,3.05,2.93,2.99,8.3032,12.4744,10.3458,-0.3108,-0.0883,0.2016
AGR,2018-07-27,3.12,3.37,3.12,3.31,270660,3.1,2.95,2.99,6.6366,12.2034,10.7616,0.1691,0.0499,0.2107
AGR,2018-07-30,3.31,3.53,3.31,3.41,380730,3.15,2.97,2.99,8.1853,14.6604,14.0773,-0.0346,-0.0094,0.1631
AGR,2018-07-31,3.34,3.45,3.32,3.35,278150,3.19,3.0,2.99,5.0486,11.4994,11.9054,-0.1677,-0.0507,0.1768
AGR,2018-08-01,3.29,3.37,3.26,3.28,230210,3.21,3.03,3.0,2.3082,8.3581,9.4574,-0.1556,-0.0473,0.1839
AGR,2018-08-02,3.28,3.28,3.21,3.23,146100,3.22,3.05,3.0,0.3417,5.8496,7.6667,-0.0643,-0.0162,0.1903
AGR,2018-08-03,3.2,3.37,3.2,3.26,232970,3.23,3.07,3.01,0.804,6.0853,8.4786,-0.0689,-0.017,0.1828
AGR,2018-08-06,3.37,3.41,3.26,3.37,117610,3.28,3.1,3.02,2.6813,8.7097,11.7152,0.0741,0.0214,0.1864
AGR,2018-08-07,3.29,3.38,3.28,3.29,125910,3.31,3.12,3.03,-0.484,5.3643,8.7316,-0.1344,-0.0295,0.1832
AGR,2018-08-08,3.29,3.36,3.26,3.32,168000,3.31,3.15,3.04,0.2415,5.3801,9.2896,0.0319,0.0083,0.1211
AGR,2018-08-09,3.49,3.55,3.43,3.43,804260,3.32,3.19,3.05,3.1579,7.6585,12.4443,-0.7952,-0.1811,0.1696
AGR,2018-08-10,3.5,3.5,3.37,3.43,169570,3.34,3.22,3.06,2.7869,6.5052,11.989,-0.0134,-0.0034,0.154
AGR,2018-08-13,3.45,3.45,3.37,3.43,129220,3.34,3.25,3.07,2.7254,5.6848,11.6755,0.0434,0.0136,0.1549
AGR,2018-08-14,3.37,3.43,3.36,3.38,281780,3.34,3.27,3.08,1.137,3.5064,9.883,-0.1131,-0.0298,0.1494
AGR,2018-08-15,3.37,3.41,3.26,3.27,270650,3.34,3.27,3.08,-2.1251,-0.1069,6.2378,-0.1618,-0.0435,0.1501
AGR,2018-08-16,3.2,3.32,3.2,3.26,27820,3.34,3.28,3.08,-2.512,-0.6552,5.8648,-0.0,-0.0,0.1436
AGR,2018-08-17,3.41,3.41,3.28,3.28,87300,3.35,3.29,3.08,-1.9725,-0.304,6.4037,-0.0879,-0.0235,0.1455
AGR,2018-08-20,3.28,3.34,3.19,3.23,180050,3.33,3.31,3.09,-3.0612,-2.3284,4.6934,-0.091,-0.025,0.1472
AGR,2018-08-21,3.2,3.28,3.2,3.28,70160,3.33,3.32,3.09,-1.5311,-1.1602,6.1351,0.0688,0.0176,0.1407
AGR,2018-08-22,3.29,3.29,3.24,3.24,96610,3.32,3.32,3.09,-2.4977,-2.3361,4.712,-0.1122,-0.0312,0.1487
AGR,2018-08-23,3.24,3.28,3.22,3.22,141690,3.3,3.31,3.1,-2.4833,-2.8218,3.871,-0.2728,-0.0579,0.0965
AGR,2018-08-24,3.24,3.24,3.19,3.22,158670,3.28,3.31,3.1,-1.8592,-2.6896,3.7371,0.036,0.0076,0.0987
AGR,2018-08-27,3.24,3.24,3.18,3.18,194740,3.26,3.3,3.11,-2.3342,-3.5633,2.3693,-0.2046,-0.0502,0.1148
AGR,2018-08-28,3.24,3.24,3.19,3.2,50350,3.24,3.29,3.11,-1.1736,-2.7356,2.7881,-0.0371,-0.0092,0.1072
AGR,2018-08-29,3.19,3.23,3.18,3.18,167150,3.23,3.28,3.12,-1.5175,-3.1963,2.0343,-0.2077,-0.0467,0.1118
AGR,2018-08-30,3.18,3.23,3.18,3.22,59350,3.22,3.28,3.12,-0.155,-1.9638,3.1853,0.0317,0.0069,0.115
AGR,2018-08-31,3.22,3.22,3.18,3.22,87520,3.22,3.28,3.12,0.0311,-1.904,3.0532,0.0908,0.0177,0.1153
AGR,2018-09-04,3.22,3.23,3.12,3.19,42870,3.22,3.27,3.13,-0.7776,-2.5508,2.0017,0.0106,0.0026,0.1072
AGR,2018-09-05,3.19,3.19,3.12,3.13,117520,3.2,3.27,3.13,-2.1875,-4.1494,0.0128,-0.1137,-0.0241,0.1117
AGR,2018-09-06,3.12,3.16,3.12,3.12,75720,3.19,3.26,3.13,-2.133,-4.1622,-0.3768,-0.0849,-0.0219,0.109
AGR,2018-09-07,3.11,3.15,3.07,3.07,143510,3.17,3.24,3.13,-3.2461,-5.1737,-2.0296,-0.1556,-0.04,0.0973
AGR,2018-09-10,3.11,3.11,3.0,3.11,65910,3.16,3.22,3.14,-1.6445,-3.4611,-0.8291,0.0835,0.0202,0.102
AGR,2018-09-11,3.12,3.15,3.07,3.12,159140,3.16,3.21,3.14,-1.1407,-2.6825,-0.6306,0.0355,0.0082,0.0851
AGR,2018-09-12,3.15,3.19,3.12,3.13,124360,3.15,3.19,3.15,-0.6034,-1.9884,-0.5592,-0.0825,-0.021,0.0897
AGR,2018-09-13,3.12,3.19,3.12,3.16,135560,3.15,3.19,3.15,0.4131,-0.8783,0.1839,0.0239,0.0061,0.0713
AGR,2018-09-14,3.19,3.19,3.11,3.11,92210,3.14,3.18,3.16,-0.8291,-2.2166,-1.6321,-0.11,-0.0276,0.0791
AGR,2018-09-17,3.11,3.15,3.08,3.08,139300,3.12,3.17,3.17,-1.3453,-2.8544,-2.7348,-0.1456,-0.0352,0.0846
AGR,2018-09-18,3.07,3.19,3.04,3.09,112180,3.11,3.16,3.17,-0.7069,-2.3234,-2.579,-0.0269,-0.0064,0.0862
AGR,2018-09-19,3.09,3.15,3.07,3.09,222300,3.11,3.15,3.18,-0.5792,-2.0292,-2.7323,-0.1277,-0.031,0.0876
AGR,2018-09-20,3.09,3.11,3.06,3.1,202240,3.11,3.15,3.18,-0.1932,-1.4935,-2.626,0.1039,0.0242,0.0895
AGR,2018-09-21,3.11,3.28,3.11,3.28,623040,3.13,3.15,3.19,4.8929,4.127,2.6668,0.3909,0.0732,0.113
AGR,2018-09-24,3.45,3.48,3.31,3.32,578550,3.15,3.16,3.21,5.4638,5.2298,3.5429,-0.5151,-0.1225,0.1562
AGR,2018-09-25,3.32,3.39,3.3,3.38,476260,3.17,3.16,3.22,6.4902,6.793,5.1191,0.4064,0.1014,0.1933
AGR,2018-09-26,3.33,3.4,3.32,3.32,334430,3.19,3.17,3.22,3.9775,4.6988,3.0352,-0.282,-0.0608,0.2132
AGR,2018-09-27,3.32,3.33,3.28,3.31,292760,3.21,3.18,3.23,3.1796,4.1699,2.5975,0.0528,0.013,0.2161
AGR,2018-09-28,3.3,3.45,3.26,3.42,689990,3.24,3.19,3.23,5.5881,7.2941,5.7972,0.2798,0.0671,0.2331
AGR,2018-10-01,3.54,3.6,3.44,3.45,667180,3.28,3.2,3.24,5.3114,7.8462,6.5012,-0.4105,-0.1026,0.2596
AGR,2018-10-02,3.45,3.47,3.37,3.41,289390,3.31,3.21,3.25,3.0834,6.2305,4.9295,-0.048,-0.0115,0.2617
AGR,2018-10-03,3.38,3.42,3.31,3.37,456250,3.34,3.22,3.26,1.0192,4.5934,3.4949,0.0605,0.0134,0.255
AGR,2018-10-04,3.4,3.4,3.27,3.32,560800,3.36,3.23,3.26,-1.1316,2.7228,1.9218,-0.123,-0.0294,0.2569
AGR,2018-10-05,3.33,3.33,3.28,3.28,311700,3.36,3.24,3.26,-2.3228,1.1565,0.7062,-0.2232,-0.0518,0.2401
AGR,2018-10-08,3.31,3.32,3.21,3.24,233510,3.35,3.25,3.26,-3.2836,-0.277,-0.4792,-0.1055,-0.0222,0.1992
AGR,2018-10-09,3.19,3.28,3.19,3.2,139530,3.33,3.25,3.25,-3.9616,-1.6293,-1.5809,-0.0972,-0.025,0.1682
AGR,2018-10-10,3.2,3.22,3.15,3.19,273960,3.32,3.26,3.25,-3.8867,-2.027,-1.7918,0.0408,0.0091,0.1441
AGR,2018-10-11,3.11,3.11,2.98,2.98,498640,3.29,3.25,3.24,-9.3122,-8.223,-8.0871,-0.1636,-0.0421,0.1552
AGR,2018-10-12,2.93,3.05,2.93,3.02,245660,3.25,3.24,3.24,-6.9624,-6.862,-6.7326,0.0728,0.0167,0.1345
AGR,2018-10-15,3.13,3.13,2.99,3.05,177640,3.21,3.24,3.23,-4.8659,-5.8932,-5.6837,-0.0311,-0.0074,0.0966
AGR,2018-10-16,3.03,3.18,3.03,3.13,155770,3.18,3.24,3.23,-1.5104,-3.4844,-3.066,0.0633,0.0137,0.0981
AGR,2018-10-17,3.18,3.19,3.13,3.15,132090,3.16,3.25,3.23,-0.1901,-2.9575,-2.3619,-0.062,-0.0143,0.0983
AGR,2018-10-18,3.15,3.15,3.05,3.1,114700,3.13,3.25,3.22,-1.0849,-4.4978,-3.7805,0.0,0.0,0.086
AGR,2018-10-19,3.02,3.06,3.02,3.06,148810,3.11,3.24,3.21,-1.671,-5.4096,-4.8034,0.192,0.0373,0.0828
AGR,2018-10-22,3.03,3.09,3.02,3.06,104960,3.09,3.22,3.21,-1.0989,-5.0279,-4.5837,0.0134,0.0033,0.0736
AGR,2018-10-23,3.06,3.06,2.94,2.97,106920,3.07,3.2,3.2,-3.2888,-7.231,-7.1236,-0.0676,-0.0172,0.0707
AGR,2018-10-24,2.96,3.02,2.87,2.93,77180,3.05,3.18,3.19,-3.7767,-7.9195,-8.1159,-0.0143,-0.0035,0.068
AGR,2018-10-25,2.93,2.93,2.76,2.84,164080,3.03,3.16,3.18,-6.3016,-10.0839,-10.6974,-0.0084,-0.0019,0.0525
AGR,2018-10-26,2.85,2.93,2.83,2.83,100730,3.01,3.13,3.17,-6.0425,-9.5558,-10.7706,-0.1071,-0.0242,0.0559
AGR,2018-10-29,2.85,2.86,2.81,2.83,53050,2.99,3.1,3.16,-5.3512,-8.6507,-10.5167,-0.0178,-0.004,0.0546
AGR,2018-10-30,2.84,2.93,2.8,2.82,74200,2.96,3.07,3.15,-4.6975,-8.0984,-10.6011,-0.0851,-0.0185,0.0568
AGR,2018-10-31,2.85,2.88,2.83,2.87,62860,2.93,3.04,3.15,-2.0812,-5.7007,-8.7788,0.0293,0.0065,0.0535
AGR,2018-11-01,2.89,2.89,2.85,2.85,53320,2.91,3.02,3.14,-1.927,-5.6291,-9.1894,-0.0632,-0.0148,0.0598
AGR,2018-11-02,2.92,2.92,2.84,2.91,160840,2.89,3.0,3.13,0.6572,-3.0485,-7.0941,0.1337,0.0291,0.054
AGR,2018-11-05,2.91,2.91,2.84,2.85,59420,2.87,2.98,3.12,-0.6969,-4.4266,-8.7942,-0.0605,-0.0137,0.0587
AGR,2018-11-06,2.85,2.91,2.85,2.88,81000,2.86,2.97,3.12,0.6641,-2.8995,-7.6568,-0.0,-0.0,0.052
AGR,2018-11-07,2.89,2.9,2.88,2.88,70170,2.86,2.95,3.11,0.8403,-2.3894,-7.4669,-0.1201,-0.029,0.0625
AGR,2018-11-08,2.93,2.93,2.86,2.87,41480,2.86,2.94,3.11,0.3847,-2.5467,-7.6041,-0.0413,-0.0103,0.0658
AGR,2018-11-09,2.87,2.88,2.85,2.88,48200,2.86,2.94,3.1,0.5587,-1.9741,-7.0788,0.0592,0.013,0.061
AGR,2018-11-12,2.85,2.87,2.85,2.87,57040,2.87,2.93,3.09,0.0697,-2.0143,-7.1918,0.0877,0.0198,0.068
AGR,2018-11-13,2.69,2.86,2.69,2.85,82530,2.87,2.92,3.09,-0.7315,-2.2298,-7.6355,0.1003,0.0232,0.0695
AGR,2018-11-14,2.85,2.86,2.78,2.84,103140,2.87,2.9,3.08,-0.9763,-2.0521,-7.7862,0.0727,0.0173,0.0739
AGR,2018-11-15,2.81,2.84,2.78,2.79,92370,2.86,2.88,3.07,-2.5157,-3.2594,-9.2152,-0.0879,-0.022,0.0763
AGR,2018-11-16,2.79,2.85,2.79,2.81,67730,2.85,2.87,3.07,-1.4727,-2.1417,-8.4094,-0.0332,-0.0073,0.0663
AGR,2018-11-19,2.86,2.86,2.8,2.81,80750,2.85,2.86,3.06,-1.3343,-1.7139,-8.2299,-0.0716,-0.0158,0.0674
AGR,2018-11-20,2.8,2.82,2.8,2.81,33050,2.84,2.85,3.06,-1.0912,-1.4381,-8.0437,0.0,0.0,0.0674
AGR,2018-11-21,2.81,2.83,2.77,2.83,86530,2.84,2.85,3.05,-0.2116,-0.5622,-7.207,0.12,0.0231,0.0674
AGR,2018-11-22,2.85,2.85,2.8,2.8,81300,2.83,2.84,3.04,-1.0251,-1.5471,-7.9734,-0.1214,-0.0256,0.0754
AGR,2018-11-23,2.85,2.93,2.83,2.83,31620,2.82,2.84,3.04,0.2125,-0.4923,-6.8159,-0.0406,-0.0092,0.0735
AGR,2018-11-26,2.85,2.85,2.8,2.85,19100,2.82,2.84,3.03,0.9922,0.1757,-6.015,0.0294,0.0064,0.0677
AGR,2018-11-27,2.85,2.87,2.84,2.85,98640,2.82,2.85,3.03,0.9922,0.123,-5.866,-0.0505,-0.0117,0.0627
AGR,2018-11-28,2.85,2.86,2.81,2.86,40010,2.82,2.85,3.02,1.2748,0.4919,-5.392,0.0709,0.0154,0.0625
AGR,2018-11-29,2.86,2.88,2.85,2.87,72410,2.83,2.85,3.02,1.3418,0.8079,-4.9165,0.0296,0.007,0.0567
AGR,2018-11-30,2.87,2.88,2.84,2.88,64310,2.84,2.85,3.01,1.4442,1.2124,-4.3317,0.0821,0.0203,0.0616
AGR,2018-12-03,2.92,2.97,2.88,2.93,144060,2.85,2.85,3.0,2.771,2.8251,-2.4179,0.0133,0.003,0.0558
AGR,2018-12-04,2.93,3.01,2.93,2.93,89390,2.86,2.85,2.99,2.3402,2.7349,-2.1245,-0.1225,-0.0291,0.068
AGR,2018-12-05,2.93,2.97,2.92,2.95,108190,2.88,2.86,2.99,2.6087,3.3094,-1.2122,0.0246,0.0057,0.0585
AGR,2018-12-06,2.96,2.96,2.92,2.93,115320,2.89,2.86,2.98,1.4543,2.5013,-1.6316,-0.0722,-0.0188,0.0536
AGR,2018-12-07,2.93,2.98,2.93,2.97,87600,2.9,2.86,2.97,2.3432,3.7373,0.0135,0.0639,0.0165,0.0559
AGR,2018-12-10,2.97,2.97,2.93,2.96,22190,2.91,2.87,2.96,1.6135,3.2258,0.0068,0.0149,0.0034,0.0544
AGR,2018-12-11,2.93,2.94,2.91,2.94,39060,2.92,2.87,2.95,0.616,2.3677,-0.3525,0.0655,0.0151,0.0559
AGR,2018-12-12,2.93,2.94,2.92,2.94,13680,2.93,2.88,2.94,0.3413,2.1898,-0.0612,0.016,0.004,0.0505
AGR,2018-12-13,2.93,2.93,2.85,2.93,227000,2.94,2.88,2.93,-0.2044,1.595,-0.1363,0.2936,0.0697,0.0769
AGR,2018-12-14,2.93,2.93,2.89,2.89,36780,2.94,2.89,2.93,-1.6003,0.0693,-1.2371,-0.044,-0.01,0.0731
AGR,2018-12-17,2.9,2.93,2.86,2.89,43490,2.93,2.89,2.92,-1.4661,-0.0692,-1.0003,-0.0061,-0.0014,0.0723
AGR,2018-12-18,2.89,2.89,2.83,2.83,69480,2.92,2.89,2.91,-3.1817,-2.1777,-2.8093,-0.0901,-0.0203,0.0691
AGR,2018-12-19,2.83,2.88,2.82,2.83,43760,2.91,2.89,2.9,-2.7825,-2.1777,-2.5683,-0.0446,-0.0097,0.0711
AGR,2018-12-20,2.89,2.89,2.84,2.87,78960,2.9,2.9,2.9,-1.2048,-0.9149,-1.1163,0.0241,0.0054,0.0663
AGR,2018-12-21,2.85,2.86,2.83,2.85,130850,2.89,2.9,2.9,-1.4863,-1.6393,-1.6902,0.0456,0.0082,0.0645
AGR,2018-12-24,2.85,2.85,2.78,2.78,59070,2.88,2.89,2.89,-3.3043,-3.9392,-3.9259,-0.0802,-0.0191,0.071
AGR,2018-12-25,2.76,2.78,2.69,2.69,144080,2.85,2.89,2.88,-5.614,-6.7914,-6.7526,-0.1548,-0.0377,0.0799
AGR,2018-12-26,2.8,2.87,2.68,2.86,159300,2.84,2.89,2.88,0.6334,-0.9009,-0.66,0.2222,0.0488,0.1005
AGR,2018-12-27,2.86,2.98,2.86,2.96,124350,2.84,2.89,2.88,4.0422,2.4044,2.9136,0.106,0.0242,0.0818
AGR,2018-12-28,2.96,2.97,2.8,2.95,73890,2.85,2.89,2.87,3.4725,1.935,2.6444,0.0655,0.0155,0.0839
AGR,2019-01-02,2.87,2.95,2.85,2.92,43490,2.85,2.89,2.87,2.3125,0.9158,1.6996,0.0313,0.0069,0.0865
AGR,2019-01-03,2.93,2.93,2.85,2.89,80800,2.86,2.89,2.87,1.049,-0.0519,0.7109,0.0,0.0,0.0774
AGR,2019-01-04,2.88,2.9,2.82,2.85,155710,2.86,2.89,2.87,-0.4193,-1.2645,-0.6276,-0.0632,-0.0152,0.0793
AGR,2019-01-07,2.85,2.94,2.85,2.93,27770,2.87,2.89,2.87,2.1618,1.507,2.0977,0.0431,0.0103,0.0812
AGR,2019-01-08,2.93,2.93,2.9,2.93,101230,2.88,2.88,2.87,1.8776,1.5774,2.0266,0.2292,0.0623,0.0996
AGR,2019-01-09,2.93,2.94,2.86,2.89,45410,2.89,2.88,2.87,0.1039,0.3124,0.5917,-0.0173,-0.0042,0.0933
AGR,2019-01-10,2.92,3.02,2.92,2.95,181350,2.91,2.88,2.88,1.2702,2.3772,2.5873,-0.161,-0.0404,0.0939
AGR,2019-01-11,2.95,2.97,2.92,2.94,117090,2.92,2.88,2.88,0.6505,2.0302,2.1898,-0.0462,-0.01,0.0763
AGR,2019-01-14,2.93,2.98,2.92,2.96,45210,2.92,2.88,2.88,1.3352,2.6708,2.8063,0.0298,0.0079,0.0687
AGR,2019-01-15,2.96,3.06,2.9,2.99,134400,2.92,2.89,2.88,2.2222,3.5319,3.7906,0.0304,0.0071,0.0652
AGR,2019-01-16,2.99,3.02,2.98,3.02,83650,2.94,2.89,2.88,2.8961,4.3358,4.7084,0.1715,0.0399,0.0792
AGR,2019-01-17,2.98,3.04,2.98,2.98,19300,2.94,2.9,2.89,1.2228,2.6878,3.2499,-0.0354,-0.0096,0.0827
AGR,2019-01-18,2.93,3.02,2.92,2.92,30980,2.95,2.91,2.89,-1.0505,0.4645,1.1431,-0.061,-0.0149,0.0825
AGR,2019-01-21,2.9,2.99,2.9,2.97,42800,2.95,2.91,2.89,0.5076,2.0093,2.8037,0.0331,0.0089,0.0815
AGR,2019-01-22,2.98,2.98,2.93,2.93,21080,2.96,2.92,2.89,-0.846,0.4973,1.3841,-0.0302,-0.0078,0.0616
AGR,2019-01-23,2.95,2.95,2.93,2.93,11570,2.96,2.92,2.89,-0.9801,0.2395,1.342,-0.0217,-0.0054,0.062
AGR,2019-01-24,2.98,2.98,2.89,2.89,18790,2.95,2.93,2.89,-2.1334,-1.4661,-0.0692,-0.0357,-0.0076,0.0495
AGR,2019-01-25,2.87,2.94,2.85,2.93,83760,2.95,2.94,2.89,-0.7453,-0.2214,1.251,0.1602,0.0343,0.0609
AGR,2019-01-28,2.93,2.97,2.86,2.97,140790,2.95,2.94,2.9,0.5757,1.1236,2.5057,0.3175,0.0742,0.0897
AGR,2019-01-29,2.97,3.02,2.88,2.98,42640,2.95,2.94,2.9,0.9485,1.4123,2.7303,0.0279,0.0063,0.0894
AGR,2019-01-30,2.99,2.99,2.93,2.93,75350,2.94,2.94,2.9,-0.4417,-0.3062,0.9231,-0.1281,-0.0327,0.0851
AGR,2019-01-31,3.01,3.02,2.93,2.98,53910,2.94,2.94,2.91,1.2572,1.24,2.5253,0.0097,0.0024,0.0825
AGR,2019-02-01,3.02,3.02,2.97,2.99,31020,2.95,2.95,2.91,1.3559,1.3388,2.7562,-0.0093,-0.0017,0.0773
AGR,2019-02-11,3.01,3.02,2.93,3.02,63980,2.96,2.96,2.91,2.1997,2.1997,3.6305,0.0867,0.0204,0.0827
AGR,2019-02-12,3.05,3.08,3.02,3.03,216400,2.96,2.96,2.92,2.1922,2.3649,3.8311,-0.1684,-0.0469,0.0965
AGR,2019-02-13,3.06,3.06,2.99,3.02,91550,2.97,2.97,2.92,1.5467,1.8035,3.368,-0.0134,-0.003,0.0957
AGR,2019-02-14,3.02,3.05,3.0,3.03,54270,2.99,2.97,2.93,1.4056,2.003,3.5827,0.0121,0.0027,0.0933
AGR,2019-02-15,3.02,3.04,3.0,3.02,47570,3.0,2.97,2.93,0.7674,1.5297,3.128,0.0,0.0,0.0773
AGR,2019-02-18,3.05,3.05,3.01,3.03,38470,3.0,2.98,2.93,0.8991,1.7461,3.3565,0.0,0.0,0.0456
AGR,2019-02-19,3.04,3.04,3.0,3.03,20740,3.01,2.98,2.93,0.7314,1.6779,3.2509,0.0075,0.0017,0.0435
AGR,2019-02-20,3.03,3.04,2.99,3.03,85940,3.02,2.98,2.94,0.3976,1.6608,3.1805,0.0617,0.0158,0.0369
AGR,2019-02-21,3.02,3.03,2.98,3.02,19780,3.02,2.98,2.94,-0.0662,1.2573,2.777,0.0123,0.0021,0.0372
AGR,2019-02-22,3.02,3.02,2.95,3.01,30270,3.02,2.99,2.94,-0.463,0.77,2.3949,0.0215,0.0049,0.0384
AGR,2019-02-25,3.01,3.01,2.98,2.98,59310,3.02,2.99,2.94,-1.3245,-0.251,1.3399,-0.0569,-0.0118,0.0354
AGR,2019-02-26,3.02,3.02,2.98,3.0,65240,3.02,2.99,2.94,-0.5635,0.3009,1.9992,0.0,0.0,0.0186
AGR,2019-02-27,3.01,3.02,2.98,3.02,76440,3.02,3.0,2.94,0.0994,0.8179,2.6373,0.0884,0.0183,0.0261
AGR,2019-02-28,3.02,3.02,2.98,2.98,73720,3.01,3.0,2.94,-1.0624,-0.6667,1.2503,-0.0503,-0.0095,0.0299
AGR,2019-03-01,3.04,3.04,2.94,3.02,35190,3.01,3.0,2.94,0.2656,0.5159,2.5537,0.0221,0.0044,0.0321
AGR,2019-03-04,3.02,3.02,2.99,3.01,37600,3.01,3.01,2.95,0.0,0.1164,2.1586,0.01,0.0022,0.0331
AGR,2019-03-05,3.01,3.1,2.98,3.05,279340,3.01,3.01,2.95,1.2616,1.3289,3.4039,0.0377,0.0102,0.0361
AGR,2019-03-06,3.06,3.08,3.03,3.07,80240,3.02,3.02,2.95,1.7905,1.7567,3.955,0.0604,0.0117,0.036
AGR,2019-03-07,3.07,3.15,3.05,3.14,209330,3.03,3.02,2.96,3.6988,3.8017,6.1026,0.1453,0.034,0.0493
AGR,2019-03-08,3.14,3.14,3.07,3.09,46360,3.04,3.03,2.96,1.7787,1.9802,4.2299,-0.0215,-0.0047,0.0493
AGR,2019-03-11,3.09,3.11,3.06,3.08,94700,3.05,3.03,2.97,1.1162,1.5496,3.7456,-0.0292,-0.0064,0.0465
AGR,2019-03-12,3.08,3.08,2.93,3.08,80590,3.05,3.04,2.97,0.8513,1.466,3.5851,0.0669,0.0149,0.0532
AGR,2019-03-13,3.08,3.09,3.06,3.09,52980,3.06,3.04,2.98,0.9474,1.6782,3.7052,0.0417,0.0104,0.0485
AGR,2019-03-14,3.02,3.11,3.02,3.1,87300,3.07,3.04,2.99,0.8786,1.8899,3.7553,0.0733,0.0168,0.0508
AGR,2019-03-15,3.1,3.1,3.05,3.06,139030,3.08,3.04,2.99,-0.5525,0.5091,2.2796,-0.0744,-0.0176,0.0561
AGR,2019-03-18,3.05,3.27,3.05,3.27,713670,3.1,3.06,3.0,5.3819,6.9851,9.0727,0.6877,0.1644,0.1238
AGR,2019-03-19,3.49,3.49,3.45,3.49,1115200,3.15,3.08,3.01,10.8993,13.3301,15.9931,0.8759,0.2562,0.2076
AGR,2019-03-20,3.62,3.65,3.51,3.64,980370,3.2,3.11,3.02,13.608,17.0418,20.4022,1.0331,0.2612,0.3049
AGR,2019-03-21,3.58,3.62,3.42,3.42,533570,3.23,3.13,3.03,5.8168,9.2652,12.7299,-0.3641,-0.093,0.3268
AGR,2019-03-22,3.38,3.45,3.28,3.44,317800,3.27,3.15,3.05,5.2954,9.1544,12.9498,0.4353,0.0917,0.3682
AGR,2019-03-25,3.37,3.67,3.21,3.62,679440,3.32,3.18,3.06,9.0033,13.7113,18.3239,0.569,0.1658,0.4222
AGR,2019-03-26,3.63,3.69,3.54,3.59,216940,3.37,3.21,3.07,6.465,11.7336,16.8392,-0.1163,-0.0338,0.4271
AGR,2019-03-27,3.59,3.62,3.54,3.54,132330,3.42,3.24,3.09,3.5996,9.293,14.7265,-0.2458,-0.0606,0.4475
AGR,2019-03-28,3.54,3.55,3.45,3.52,168160,3.46,3.27,3.1,1.7635,7.7771,13.6584,0.108,0.0239,0.451
AGR,2019-03-29,3.47,3.62,3.45,3.54,239660,3.51,3.29,3.11,0.941,7.5334,13.863,0.0204,0.0044,0.4456
AGR,2019-04-01,3.54,3.57,3.47,3.47,66610,3.53,3.32,3.12,-1.6161,4.6757,11.2465,-0.0982,-0.0221,0.3866
AGR,2019-04-02,3.47,3.54,3.37,3.45,226870,3.52,3.34,3.13,-2.0721,3.4483,10.28,-0.0179,-0.0043,0.3008
AGR,2019-04-03,3.37,3.45,3.24,3.37,198950,3.5,3.35,3.14,-3.6041,0.597,7.4823,0.0699,0.0187,0.2045
AGR,2019-04-04,3.37,3.49,3.35,3.41,136680,3.5,3.36,3.14,-2.432,1.3825,8.4606,-0.027,-0.0077,0.1708
AGR,2019-04-05,3.32,3.41,3.32,3.4,78300,3.49,3.38,3.15,-2.6067,0.6215,7.8133,0.0892,0.0223,0.1362
AGR,2019-04-08,3.37,3.42,3.36,3.41,110050,3.47,3.4,3.16,-1.7291,0.427,7.8295,0.0841,0.0199,0.0877
AGR,2019-04-09,3.41,3.43,3.37,3.41,63880,3.45,3.41,3.17,-1.2167,-0.0586,7.5032,0.0212,0.0045,0.0782
AGR,2019-04-10,3.34,3.41,3.33,3.4,85960,3.44,3.43,3.18,-1.1053,-0.8023,6.8712,0.0932,0.0218,0.0629
AGR,2019-04-11,3.37,3.51,3.37,3.4,219640,3.43,3.44,3.19,-0.7589,-1.2346,6.5296,-0.2077,-0.0569,0.0729
AGR,2019-04-12,3.45,3.63,3.45,3.63,933150,3.44,3.47,3.21,5.6769,4.5808,13.2393,1.571,0.4144,0.2279
AGR,2019-04-16,3.66,3.66,3.49,3.54,261230,3.44,3.48,3.22,2.8472,1.5928,10.0404,-0.1704,-0.0426,0.2352
AGR,2019-04-17,3.54,3.63,3.54,3.55,212720,3.45,3.49,3.23,2.8389,1.7921,9.9616,-0.1584,-0.0418,0.2492
AGR,2019-04-18,3.55,3.55,3.43,3.46,167530,3.46,3.48,3.24,-0.0289,-0.5318,6.8231,-0.1534,-0.0422,0.2576
AGR,2019-04-19,3.53,3.53,3.45,3.52,206280,3.47,3.48,3.25,1.3825,1.0478,8.3144,0.3438,0.0971,0.2893
AGR,2019-04-22,3.52,3.52,3.43,3.43,79630,3.48,3.48,3.26,-1.295,-1.5217,5.2599,-0.1416,-0.0351,0.2945
AGR,2019-04-23,3.4,3.54,3.4,3.43,84920,3.48,3.47,3.27,-1.3517,-1.2523,4.9957,-0.0963,-0.0223,0.2957
AGR,2019-04-24,3.49,3.49,3.41,3.42,151550,3.48,3.47,3.27,-1.6676,-1.2987,4.4402,-0.1425,-0.0381,0.3078
AGR,2019-04-25,3.37,3.49,3.37,3.4,55330,3.48,3.46,3.28,-2.2427,-1.6773,3.5891,-0.0532,-0.0146,0.3038
AGR,2019-04-26,3.37,3.43,3.37,3.37,114470,3.48,3.45,3.29,-3.0216,-2.333,2.4628,-0.189,-0.0419,0.302
AGR,2019-05-02,3.37,3.37,3.22,3.28,238910,3.44,3.44,3.29,-4.6512,-4.5818,-0.4311,-0.0722,-0.0159,0.1521
AGR,2019-05-03,3.28,3.28,3.21,3.27,83330,3.41,3.43,3.3,-4.1899,-4.5952,-0.8791,0.088,0.0204,0.1439
AGR,2019-05-06,3.27,3.27,3.18,3.18,182460,3.38,3.41,3.3,-5.8057,-6.8541,-3.6947,-0.273,-0.0704,0.1553
AGR,2019-05-07,3.21,3.22,3.12,3.12,163410,3.34,3.4,3.3,-6.6427,-8.2758,-5.5633,-0.2762,-0.07,0.1676
AGR,2019-05-08,3.12,3.19,3.12,3.17,143310,3.31,3.39,3.31,-4.1427,-6.4759,-4.1369,0.086,0.0234,0.1418
AGR,2019-05-09,3.26,3.26,3.07,3.07,127230,3.27,3.37,3.31,-6.1449,-8.9831,-7.1947,-0.1931,-0.0518,0.147
AGR,2019-05-10,3.07,3.18,3.04,3.18,86360,3.25,3.36,3.31,-2.0333,-5.3994,-3.9855,0.1528,0.0428,0.1526
AGR,2019-05-13,3.19,3.19,3.12,3.16,70590,3.22,3.35,3.32,-1.8634,-5.6435,-4.6815,0.0148,0.0032,0.1398
AGR,2019-05-14,3.16,3.19,3.09,3.19,139010,3.2,3.34,3.32,-0.2813,-4.4481,-3.8751,0.1638,0.0372,0.1509
AGR,2019-05-15,3.19,3.19,3.13,3.19,106740,3.18,3.33,3.32,0.2829,-4.1466,-3.9966,0.1271,0.0301,0.1447
AGR,2019-05-16,3.19,3.19,3.17,3.17,40370,3.17,3.31,3.33,0.0,-4.0847,-4.6846,-0.0523,-0.0109,0.1427
AGR,2019-05-17,3.17,3.17,3.12,3.13,68390,3.16,3.28,3.33,-0.8238,-4.7039,-5.9552,-0.0587,-0.0139,0.1398
AGR,2019-05-20,3.13,3.32,3.13,3.26,170430,3.16,3.27,3.33,3.0341,-0.3058,-2.1726,0.0921,0.0199,0.1217
AGR,2019-05-21,3.26,3.28,3.17,3.2,92530,3.17,3.26,3.34,0.8827,-1.7501,-4.048,-0.0647,-0.0139,0.1005
AGR,2019-05-22,3.25,3.26,3.15,3.2,47400,3.18,3.24,3.34,0.7874,-1.265,-4.0825,-0.0059,-0.0014,0.0925
AGR,2019-05-23,3.18,3.22,3.18,3.22,110150,3.19,3.23,3.34,0.9404,-0.325,-3.5582,0.148,0.033,0.088
AGR,2019-05-24,3.15,3.2,3.15,3.18,105770,3.19,3.22,3.34,-0.3135,-1.1809,-4.8132,0.0265,0.0054,0.0754
AGR,2019-05-27,3.19,3.22,3.12,3.15,43370,3.19,3.2,3.34,-1.223,-1.7007,-5.7507,-0.0438,-0.0093,0.0783
AGR,2019-05-28,3.17,3.19,3.14,3.14,35750,3.18,3.19,3.34,-1.3819,-1.6137,-6.078,-0.0569,-0.01,0.0676
AGR,2019-05-29,3.19,3.19,3.12,3.12,93050,3.18,3.18,3.34,-1.7941,-1.8559,-6.6874,-0.1353,-0.0293,0.0684
AGR,2019-05-30,3.13,3.13,3.1,3.1,67620,3.17,3.17,3.34,-2.2082,-2.2082,-7.3077,-0.0992,-0.0237,0.0731
AGR,2019-05-31,3.11,3.13,3.1,3.1,32660,3.17,3.16,3.34,-2.1156,-1.9453,-7.2134,-0.0413,-0.0093,0.0714
AGR,2019-06-03,3.11,3.11,3.06,3.08,43420,3.15,3.16,3.33,-2.1912,-2.4236,-7.5852,-0.0097,-0.0024,0.0631
AGR,2019-06-04,3.06,3.11,3.05,3.05,113300,3.13,3.15,3.32,-2.6803,-3.2667,-8.1602,-0.2707,-0.0658,0.0837
AGR,2019-06-05,3.05,3.13,3.05,3.1,59090,3.12,3.15,3.31,-0.7682,-1.5717,-6.4744,0.0271,0.007,0.0859
AGR,2019-06-06,3.05,3.11,3.05,3.1,35840,3.11,3.15,3.31,-0.3856,-1.6185,-6.2821,0.0459,0.0109,0.0756
AGR,2019-06-07,3.1,3.12,3.1,3.12,24250,3.11,3.15,3.3,0.4507,-0.8895,-5.3915,0.0336,0.0074,0.0764
AGR,2019-06-10,3.12,3.13,3.11,3.11,44590,3.1,3.15,3.29,0.2579,-1.1286,-5.4194,-0.0822,-0.0194,0.0802
AGR,2019-06-11,3.11,3.14,3.09,3.14,51370,3.1,3.14,3.28,1.225,-0.0955,-4.2741,0.1239,0.0256,0.0869
AGR,2019-06-12,3.14,3.36,3.14,3.36,313980,3.13,3.15,3.28,7.4856,6.6159,2.5328,0.5806,0.1407,0.1314
AGR,2019-06-13,3.41,3.41,3.24,3.27,103200,3.14,3.16,3.27,4.0407,3.5958,-0.0489,-0.1415,-0.0316,0.1356
AGR,2019-06-14,3.28,3.4,3.28,3.3,168790,3.16,3.16,3.27,4.3313,4.2654,0.973,-0.2416,-0.0567,0.1557
AGR,2019-06-17,3.3,3.31,3.25,3.3,100140,3.18,3.17,3.27,3.6107,4.1996,1.0658,0.1291,0.0301,0.1676
AGR,2019-06-18,3.32,3.41,3.24,3.35,195710,3.22,3.17,3.26,4.1991,5.5284,2.6097,0.0956,0.0206,0.1501
AGR,2019-06-19,3.37,3.39,3.3,3.37,171130,3.24,3.18,3.26,3.9482,5.875,3.2475,0.1783,0.0461,0.1652
AGR,2019-06-20,3.37,3.43,3.33,3.4,94380,3.27,3.19,3.26,3.912,6.5163,4.1667,0.0453,0.0115,0.1652
AGR,2019-06-21,3.4,3.42,3.37,3.42,245420,3.3,3.2,3.26,3.5736,6.7416,4.773,0.2648,0.0512,0.1883
AGR,2019-06-24,3.41,3.41,3.28,3.28,153240,3.32,3.21,3.26,-1.1751,2.1648,0.5641,-0.2816,-0.0677,0.2082
AGR,2019-06-25,3.36,3.36,3.27,3.27,65360,3.33,3.22,3.26,-1.8607,1.6475,0.3375,-0.112,-0.0269,0.207
AGR,2019-06-26,3.27,3.35,3.27,3.32,26530,3.33,3.23,3.26,-0.2404,2.8819,1.9218,0.0097,0.0026,0.1499
AGR,2019-06-27,3.36,3.36,3.29,3.35,92310,3.34,3.24,3.25,0.4197,3.411,3.0199,0.0818,0.0197,0.144
AGR,2019-06-28,3.35,3.36,3.28,3.36,55580,3.34,3.25,3.25,0.5386,3.3051,3.4419,0.0721,0.0156,0.127
AGR,2019-07-01,3.36,3.47,3.36,3.45,221580,3.36,3.27,3.25,2.7703,5.4723,6.2781,0.2152,0.0519,0.1356
AGR,2019-07-02,3.45,3.54,3.45,3.49,231260,3.37,3.29,3.25,3.5301,5.9824,7.4905,-0.0445,-0.011,0.1305
AGR,2019-07-03,3.49,3.49,3.45,3.45,149240,3.38,3.31,3.25,2.1012,4.2139,6.3043,-0.2728,-0.0584,0.14
AGR,2019-07-04,3.49,3.62,3.43,3.54,848500,3.39,3.33,3.25,4.3324,6.2266,9.0036,0.2062,0.0446,0.1561
AGR,2019-07-05,3.54,3.59,3.53,3.55,146640,3.41,3.35,3.25,4.2278,5.8438,9.2308,-0.0888,-0.021,0.1385
AGR,2019-07-08,3.55,3.6,3.54,3.55,190270,3.43,3.38,3.25,3.4081,5.154,9.1435,-0.2494,-0.0616,0.1353
AGR,2019-07-09,3.55,3.62,3.55,3.57,431850,3.46,3.4,3.26,3.0898,5.0773,9.6437,-0.2879,-0.0658,0.1528
AGR,2019-07-10,3.57,3.6,3.52,3.53,593510,3.48,3.41,3.26,1.3203,3.6406,8.3088,-0.6655,-0.1568,0.2184
AGR,2019-07-11,3.53,3.56,3.45,3.56,297050,3.5,3.42,3.26,1.5692,4.0784,9.0419,0.4419,0.1066,0.2544
AGR,2019-07-12,3.57,3.79,3.57,3.69,702710,3.54,3.44,3.27,4.2962,7.2674,12.7337,0.0823,0.0214,0.2554
AGR,2019-07-15,3.72,3.87,3.68,3.71,469200,3.56,3.46,3.28,4.0965,7.2099,12.9789,-0.5581,-0.1503,0.2897
AGR,2019-07-16,3.71,3.79,3.58,3.62,241710,3.58,3.47,3.29,1.2021,4.2026,9.9035,-0.1931,-0.0447,0.3046
AGR,2019-07-17,3.56,3.62,3.54,3.56,342910,3.59,3.48,3.3,-0.7804,2.1961,7.8265,-0.2264,-0.0573,0.2999
AGR,2019-07-18,3.6,3.6,3.45,3.52,287910,3.59,3.49,3.31,-1.8405,0.8741,6.3251,-0.0306,-0.0062,0.2824
AGR,2019-07-19,3.45,3.6,3.45,3.58,186460,3.59,3.5,3.32,-0.2508,2.3588,7.8768,0.148,0.0348,0.2883
AGR,2019-07-22,3.58,3.61,3.56,3.59,123180,3.59,3.51,3.33,-0.0835,2.1919,7.8985,0.0334,0.0083,0.2667
AGR,2019-07-23,3.62,3.73,3.58,3.68,407740,3.6,3.53,3.34,2.1088,4.146,10.2787,0.1837,0.0457,0.2563
AGR,2019-07-24,3.7,3.76,3.65,3.72,437960,3.62,3.55,3.35,2.6773,4.6855,11.1244,0.1499,0.0402,0.2047
AGR,2019-07-25,3.64,3.8,3.64,3.76,616910,3.64,3.57,3.36,3.2116,5.2043,11.9247,0.3838,0.1096,0.1989
AGR,2019-07-26,3.75,3.75,3.67,3.74,166190,3.65,3.59,3.37,2.5219,4.0913,10.9266,0.1864,0.0539,0.2093
AGR,2019-07-29,3.79,3.79,3.62,3.67,122130,3.64,3.6,3.38,0.7135,1.8313,8.5863,-0.0804,-0.0198,0.1616
AGR,2019-07-30,3.67,3.67,3.54,3.59,158470,3.64,3.61,3.39,-1.4007,-0.5265,5.9747,-0.0388,-0.0093,0.1461
AGR,2019-07-31,3.62,3.65,3.46,3.65,378380,3.65,3.62,3.4,0.0,0.8566,7.4604,0.4947,0.1333,0.173
AGR,2019-08-01,3.62,3.68,3.54,3.67,174650,3.67,3.63,3.41,0.1364,1.2274,7.7637,0.1953,0.0498,0.1894
AGR,2019-08-02,3.62,3.67,3.56,3.57,289820,3.66,3.63,3.41,-2.5655,-1.558,4.5878,-0.3136,-0.0712,0.206
AGR,2019-08-05,3.55,3.62,3.55,3.62,87750,3.67,3.63,3.42,-1.2817,-0.2755,5.7614,0.1077,0.0232,0.2134
AGR,2019-08-06,3.62,3.62,3.46,3.54,340930,3.65,3.63,3.43,-3.0933,-2.439,3.1829,0.0,0.0,0.1951
AGR,2019-08-07,3.58,3.75,3.57,3.62,561440,3.64,3.63,3.44,-0.6313,-0.3578,5.2081,-0.385,-0.0993,0.2186
AGR,2019-08-08,3.62,3.62,3.61,3.62,110700,3.63,3.64,3.45,-0.248,-0.44,4.8911,0.143,0.0366,0.1945
AGR,2019-08-09,3.61,3.62,3.58,3.62,138830,3.62,3.63,3.46,0.0829,-0.3441,4.5759,0.1929,0.0496,0.1951
AGR,2019-08-12,3.62,3.62,3.58,3.59,28430,3.61,3.63,3.47,-0.5265,-1.0065,3.4046,-0.0255,-0.0065,0.1897
AGR,2019-08-13,3.59,3.61,3.55,3.58,62600,3.61,3.62,3.48,-0.7761,-1.2278,2.8027,0.0,0.0,0.1858
AGR,2019-08-14,3.59,3.77,3.59,3.73,777790,3.62,3.63,3.5,3.1527,2.67,6.7239,0.7065,0.1701,0.207
AGR,2019-08-15,3.75,3.75,3.67,3.71,131930,3.62,3.64,3.51,2.4862,1.8531,5.7824,0.0,0.0,0.1874
AGR,2019-08-16,3.71,3.84,3.68,3.8,289170,3.64,3.65,3.52,4.3096,4.0099,7.93,0.201,0.0464,0.1762
AGR,2019-08-19,3.8,4.06,3.77,4.06,898980,3.69,3.68,3.54,10.1166,10.4161,14.6957,1.7037,0.5369,0.3358
AGR,2019-08-20,4.06,4.31,4.06,4.21,1328110,3.75,3.7,3.56,12.147,13.6763,18.2186,0.3834,0.1276,0.3741
AGR,2019-08-21,4.27,4.27,4.14,4.21,552840,3.81,3.73,3.58,10.4117,12.9292,17.6569,0.0507,0.0164,0.3407
AGR,2019-08-22,4.12,4.31,4.12,4.17,963430,3.87,3.75,3.6,7.8077,11.2445,15.9557,-0.656,-0.1737,0.392
AGR,2019-08-23,4.17,4.23,4.1,4.14,435300,3.92,3.77,3.61,5.6122,9.858,14.5862,-0.2492,-0.0686,0.3976
AGR,2019-08-26,4.14,4.4,4.07,4.31,1201060,3.99,3.8,3.63,7.9659,13.4061,18.6282,0.6439,0.2376,0.4594
AGR,2019-08-27,4.31,4.49,4.31,4.44,945410,4.08,3.84,3.66,8.8769,15.5347,21.4774,0.4818,0.1582,0.5076
AGR,2019-08-28,4.48,4.65,4.41,4.48,2298690,4.15,3.88,3.68,7.8738,15.3302,21.8318,-1.572,-0.5684,0.5942
AGR,2019-08-29,4.48,4.48,4.28,4.28,566270,4.21,3.92,3.69,1.6627,9.3231,15.8385,-0.9688,-0.323,0.6911
AGR,2019-08-30,4.28,4.36,4.28,4.31,816180,4.26,3.95,3.71,1.15,9.0587,16.0911,-0.3024,-0.1008,0.7012
AGR,2019-09-03,4.31,4.31,4.12,4.13,689560,4.27,3.98,3.73,-3.2334,3.8341,10.7357,-0.7854,-0.2698,0.6094
AGR,2019-09-04,4.1,4.26,4.0,4.25,371740,4.27,4.01,3.75,-0.515,5.9058,13.3575,0.4805,0.1691,0.6191
AGR,2019-09-05,4.34,4.34,4.22,4.24,237130,4.28,4.04,3.77,-0.8187,4.8467,12.5385,-0.3064,-0.1015,0.6446
AGR,2019-09-06,4.26,4.28,4.14,4.23,199800,4.28,4.07,3.79,-1.1913,3.8164,11.751,0.1078,0.038,0.5898
AGR,2019-09-09,4.27,4.27,4.15,4.23,268770,4.29,4.11,3.8,-1.3986,3.0451,11.2397,0.1746,0.05,0.5824
AGR,2019-09-10,4.23,4.26,4.19,4.23,401970,4.28,4.14,3.82,-1.2144,2.248,10.7852,0.0862,0.0271,0.5266
AGR,2019-09-11,4.23,4.23,4.12,4.12,381900,4.25,4.16,3.83,-3.0588,-1.0567,7.5493,-0.6927,-0.1989,0.5477
AGR,2019-09-12,4.12,4.19,4.12,4.12,132880,4.21,4.18,3.84,-2.2307,-1.5179,7.1744,-0.1835,-0.0572,0.4088
AGR,2019-09-13,4.14,4.19,4.06,4.17,365510,4.2,4.21,3.86,-0.7852,-0.8677,8.1207,0.3557,0.1119,0.3475
AGR,2019-09-16,4.08,4.14,4.02,4.05,291820,4.18,4.22,3.87,-3.0405,-4.0057,4.7378,-0.1898,-0.0572,0.3362
AGR,2019-09-17,4.05,4.07,3.97,3.97,321580,4.16,4.21,3.88,-4.5902,-5.8014,2.4463,-0.4502,-0.1283,0.3027
AGR,2019-09-18,3.97,3.97,3.88,3.91,307080,4.13,4.2,3.88,-5.2581,-6.8937,0.7213,-0.1365,-0.0389,0.2683
AGR,2019-09-19,3.91,3.96,3.86,3.96,249800,4.1,4.19,3.89,-3.3911,-5.4215,1.7838,0.2924,0.1032,0.2669
AGR,2019-09-20,3.97,4.0,3.87,3.87,559120,4.06,4.17,3.9,-4.7502,-7.2387,-0.6877,-0.5633,-0.1016,0.3125
AGR,2019-09-23,3.75,3.83,3.69,3.69,358980,4.01,4.15,3.9,-7.9571,-11.0736,-5.3069,-0.4664,-0.1363,0.3417
AGR,2019-09-24,3.69,3.8,3.67,3.67,434610,3.95,4.12,3.9,-7.1591,-10.8682,-5.8008,-0.7446,-0.2148,0.4075
AGR,2019-09-25,3.64,3.7,3.63,3.63,198570,3.9,4.08,3.9,-7.0184,-10.9639,-6.8323,-0.3408,-0.0965,0.3723
AGR,2019-09-26,3.63,3.81,3.63,3.81,277820,3.87,4.04,3.9,-1.6266,-5.7747,-2.3377,0.3364,0.101,0.3876
AGR,2019-09-27,3.75,3.86,3.75,3.82,260610,3.84,4.02,3.91,-0.469,-4.9869,-2.2318,0.0909,0.0263,0.3611
AGR,2019-09-30,3.86,3.93,3.8,3.93,150930,3.83,4.0,3.91,2.7182,-1.7868,0.4037,0.1832,0.0563,0.3605
AGR,2019-10-01,3.93,3.93,3.81,3.88,132900,3.82,3.99,3.92,1.6505,-2.7325,-1.0204,0.0269,0.0088,0.3182
AGR,2019-10-02,3.99,3.99,3.81,3.82,56570,3.81,3.97,3.92,0.3151,-3.7177,-2.6206,-0.0702,-0.0192,0.3115
AGR,2019-10-03,3.8,3.8,3.75,3.79,117710,3.79,3.94,3.92,-0.0264,-3.929,-3.4198,0.078,0.0223,0.2901
AGR,2019-10-04,3.8,3.88,3.78,3.78,99190,3.78,3.92,3.92,-0.0529,-3.6329,-3.6845,-0.1163,-0.0338,0.2454
AGR,2019-10-07,3.88,3.88,3.78,3.79,98660,3.79,3.9,3.93,-0.0527,-2.833,-3.4542,-0.0989,-0.0284,0.2086
AGR,2019-10-08,3.79,3.81,3.75,3.75,75680,3.8,3.88,3.93,-1.3158,-3.2633,-4.5121,-0.0905,-0.0284,0.1432
AGR,2019-10-09,3.75,3.8,3.72,3.75,42140,3.81,3.86,3.93,-1.6264,-2.7994,-4.5899,-0.0146,-0.0045,0.1106
AGR,2019-10-10,3.71,3.75,3.71,3.74,88950,3.8,3.84,3.93,-1.7083,-2.5788,-4.8878,0.069,0.0194,0.0839
AGR,2019-10-11,3.7,3.74,3.67,3.7,115630,3.79,3.82,3.93,-2.4519,-3.0271,-5.9194,-0.0288,-0.0071,0.0776
AGR,2019-10-14,3.71,3.75,3.68,3.68,117830,3.77,3.8,3.94,-2.3355,-3.0814,-6.4803,-0.1431,-0.0419,0.0736
AGR,2019-10-15,3.68,3.75,3.68,3.68,86230,3.75,3.78,3.94,-1.8143,-2.7098,-6.5088,-0.1494,-0.0465,0.0859
AGR,2019-10-16,3.75,3.75,3.68,3.69,115050,3.74,3.77,3.94,-1.2048,-2.1609,-6.3262,-0.1415,-0.0385,0.093
AGR,2019-10-17,3.49,3.69,3.49,3.67,130170,3.72,3.76,3.94,-1.4236,-2.3157,-6.8575,0.1756,0.0437,0.1028
AGR,2019-10-18,3.72,3.72,3.65,3.7,77460,3.72,3.75,3.94,-0.4038,-1.2939,-6.1343,0.053,0.0156,0.0964
AGR,2019-10-21,3.7,3.7,3.63,3.63,62140,3.7,3.75,3.94,-1.8654,-3.0837,-7.9148,-0.0925,-0.0309,0.0958
AGR,2019-10-22,3.63,3.67,3.62,3.65,100820,3.69,3.74,3.94,-1.0572,-2.5237,-7.4356,0.0308,0.0084,0.0898
AGR,2019-10-23,3.65,3.65,3.62,3.65,393480,3.68,3.75,3.94,-0.7883,-2.5497,-7.4684,0.6336,0.2071,0.1517
AGR,2019-10-24,3.68,3.69,3.62,3.65,40420,3.67,3.74,3.94,-0.545,-2.3411,-7.4309,-0.0111,-0.0025,0.1459
AGR,2019-10-25,3.65,3.75,3.65,3.75,395870,3.68,3.73,3.94,2.0408,0.4285,-4.914,0.7249,0.2018,0.2156
AGR,2019-10-28,3.75,3.75,3.68,3.71,56350,3.68,3.72,3.94,0.87,-0.3492,-5.8853,-0.0141,-0.0041,0.2026
AGR,2019-10-29,3.71,3.71,3.65,3.65,70220,3.68,3.71,3.93,-0.6803,-1.657,-7.2144,-0.1165,-0.0342,0.1994
AGR,2019-10-30,3.69,3.69,3.62,3.64,125430,3.67,3.7,3.92,-0.8174,-1.688,-7.1997,-0.0894,-0.0227,0.1941
AGR,2019-10-31,3.64,3.66,3.63,3.63,64300,3.67,3.69,3.91,-0.982,-1.7458,-7.1801,-0.0875,-0.0246,0.1853
AGR,2019-11-01,3.63,3.67,3.62,3.63,65850,3.66,3.69,3.9,-0.7926,-1.546,-6.9231,-0.0502,-0.0099,0.185
AGR,2019-11-04,3.63,3.65,3.62,3.64,280680,3.66,3.68,3.89,-0.5464,-1.0735,-6.4267,0.1047,0.029,0.1863
AGR,2019-11-05,3.64,3.64,3.62,3.62,47810,3.66,3.67,3.88,-1.0118,-1.443,-6.6096,-0.0657,-0.0151,0.1898
AGR,2019-11-06,3.62,3.62,3.61,3.62,72560,3.65,3.67,3.86,-0.9305,-1.2682,-6.2128,0.1034,0.0273,0.1367
AGR,2019-11-07,3.62,3.62,3.56,3.56,53820,3.64,3.66,3.84,-2.332,-2.6658,-7.3255,-0.0879,-0.0239,0.1444
AGR,2019-11-08,3.62,3.62,3.56,3.56,53740,3.63,3.65,3.83,-1.8202,-2.4791,-6.9767,-0.0839,-0.0221,0.0803
AGR,2019-11-11,3.57,3.59,3.56,3.58,43220,3.61,3.65,3.81,-0.9134,-1.7967,-6.0959,0.0204,0.006,0.081
AGR,2019-11-12,3.51,3.59,3.51,3.59,36700,3.61,3.64,3.8,-0.4713,-1.4007,-5.5661,0.0444,0.0132,0.0737
AGR,2019-11-13,3.61,3.61,3.55,3.55,67520,3.6,3.63,3.79,-1.3341,-2.3115,-6.2731,-0.0803,-0.0224,0.0728
AGR,2019-11-14,3.54,3.57,3.54,3.56,29250,3.59,3.63,3.77,-0.8633,-1.8878,-5.6704,0.0127,0.0037,0.0654
AGR,2019-11-15,3.56,3.56,3.52,3.52,119230,3.58,3.62,3.76,-1.676,-2.749,-6.378,-0.1794,-0.0615,0.0783
AGR,2019-11-18,3.52,3.58,3.51,3.53,22740,3.57,3.61,3.75,-1.0927,-2.3378,-5.7611,-0.015,-0.0037,0.0693
AGR,2019-11-19,3.53,3.54,3.51,3.54,31460,3.56,3.61,3.73,-0.5897,-1.9119,-5.1447,0.0559,0.0126,0.0683
AGR,2019-11-20,3.54,3.56,3.52,3.56,45100,3.56,3.6,3.72,0.1406,-1.2346,-4.3217,0.0733,0.0195,0.0653
AGR,2019-11-21,3.56,3.56,3.53,3.54,8370,3.55,3.6,3.71,-0.3659,-1.6393,-4.5616,-0.0037,-0.0008,0.0569
AGR,2019-11-22,3.51,3.56,3.37,3.45,221500,3.54,3.58,3.69,-2.5974,-3.7388,-6.6255,-0.0395,-0.0112,0.0525
AGR,2019-11-25,3.45,3.45,3.37,3.37,231190,3.52,3.57,3.68,-4.2886,-5.5228,-8.4538,-0.4172,-0.1011,0.0921
AGR,2019-11-26,3.34,3.56,3.32,3.44,245260,3.51,3.56,3.67,-1.8825,-3.2757,-6.2824,0.0,0.0,0.0877
AGR,2019-11-27,3.41,3.41,3.31,3.31,293060,3.48,3.54,3.66,-4.9397,-6.4972,-9.5282,-0.5137,-0.1309,0.131
AGR,2019-11-28,3.31,3.31,3.23,3.26,236830,3.45,3.52,3.64,-5.562,-7.4258,-10.5526,-0.0887,-0.0191,0.1386
AGR,2019-11-29,3.26,3.34,3.24,3.24,111170,3.42,3.5,3.63,-5.3738,-7.4814,-10.793,-0.1931,-0.0435,0.14
AGR,2019-12-02,3.24,3.28,3.19,3.19,131240,3.39,3.48,3.62,-5.8997,-8.3202,-11.9271,-0.1573,-0.0358,0.1542
AGR,2019-12-03,3.15,3.19,3.04,3.14,236420,3.35,3.46,3.61,-6.2687,-9.1304,-13.0531,0.1185,0.0242,0.1605
AGR,2019-12-04,3.11,3.13,3.05,3.06,209410,3.3,3.43,3.6,-7.2727,-10.7221,-15.0,-0.2442,-0.0522,0.1776
AGR,2019-12-05,3.11,3.11,3.02,3.09,128330,3.26,3.4,3.59,-5.0691,-9.2244,-13.822,0.1557,0.0278,0.1928
AGR,2019-12-06,3.09,3.09,3.05,3.08,76650,3.22,3.38,3.57,-4.2884,-8.8757,-13.7448,0.0766,0.0166,0.1965
AGR,2019-12-09,3.08,3.09,3.07,3.09,83060,3.19,3.36,3.55,-3.1348,-7.9124,-13.0557,0.1167,0.0266,0.1665
AGR,2019-12-10,3.09,3.11,2.98,3.02,127520,3.15,3.33,3.54,-4.0661,-9.2275,-14.6121,-0.0881,-0.0183,0.1753
AGR,2019-12-11,3.02,3.02,2.99,3.0,64690,3.12,3.3,3.52,-3.7536,-9.0771,-14.7824,-0.0376,-0.0084,0.1276
AGR,2019-12-12,3.0,3.0,2.9,2.95,357900,3.09,3.27,3.5,-4.407,-9.7583,-15.8009,0.0,0.0,0.1188
AGR,2019-12-13,2.95,2.96,2.9,2.93,190710,3.06,3.24,3.49,-4.0917,-9.5539,-15.964,0.0,0.0,0.0995
AGR,2019-12-16,2.93,2.94,2.91,2.92,103870,3.03,3.21,3.47,-3.5667,-9.0059,-15.8307,-0.0563,-0.014,0.0894
AGR,2019-12-17,2.92,3.11,2.92,2.93,558540,3.01,3.18,3.45,-2.5607,-7.8182,-15.1413,-0.6137,-0.1881,0.1389
AGR,2019-12-18,3.05,3.05,2.93,2.93,147470,2.99,3.15,3.44,-2.1376,-6.8955,-14.7364,-0.2564,-0.0512,0.1401
AGR,2019-12-19,2.93,3.0,2.93,2.99,43210,2.98,3.12,3.42,0.2011,-4.1513,-12.6089,0.0553,0.0133,0.1301
AGR,2019-12-20,2.99,2.99,2.93,2.96,206910,2.97,3.1,3.41,-0.4038,-4.3619,-13.1098,-0.0,-0.0,0.1224
AGR,2019-12-23,3.0,3.0,2.92,2.93,75780,2.96,3.07,3.39,-0.8796,-4.6534,-13.6101,-0.0698,-0.0151,0.1177
AGR,2019-12-24,2.93,2.96,2.93,2.94,24620,2.95,3.05,3.38,-0.2714,-3.5433,-12.9353,-0.0136,-0.0033,0.1103
AGR,2019-12-25,2.98,2.98,2.94,2.96,62730,2.94,3.03,3.36,0.5435,-2.3263,-11.9624,0.0,0.0,0.1065
AGR,2019-12-26,2.96,2.98,2.93,2.95,62100,2.94,3.02,3.35,0.2038,-2.1559,-11.8824,-0.0209,-0.0058,0.1086
AGR,2019-12-27,2.95,2.96,2.93,2.94,83020,2.94,3.0,3.33,-0.1698,-2.0,-11.7806,-0.0448,-0.0116,0.1131
AGR,2019-12-30,2.97,2.97,2.88,2.9,138880,2.94,2.99,3.32,-1.4611,-2.8638,-12.598,-0.1071,-0.0231,0.1182
AGR,2019-12-31,2.96,3.1,2.87,3.1,96470,2.96,2.98,3.31,4.7297,3.9048,-6.2594,0.1655,0.0401,0.0733
AGR,2020-01-02,3.02,3.06,2.93,3.03,127610,2.97,2.98,3.29,2.0202,1.6097,-8.0313,0.1115,0.0298,0.0589
AGR,2020-01-03,3.03,3.12,3.03,3.09,98870,2.98,2.98,3.28,3.6913,3.6217,-5.8902,0.0484,0.0126,0.0582
AGR,2020-01-06,3.09,3.09,2.99,3.0,133300,2.98,2.98,3.27,0.5362,0.7388,-8.212,-0.1736,-0.0405,0.0755
AGR,2020-01-07,2.97,3.0,2.95,2.99,49980,2.99,2.97,3.25,0.0,0.5718,-8.1131,0.0548,0.0139,0.074
AGR,2020-01-08,2.99,3.0,2.94,2.95,93690,2.99,2.97,3.24,-1.3708,-0.6567,-8.9506,-0.0707,-0.0196,0.0797
AGR,2020-01-09,2.97,2.98,2.93,2.97,27730,2.99,2.97,3.23,-0.7353,0.0674,-7.9526,0.028,0.0065,0.0825
AGR,2020-01-10,3.01,3.01,2.96,2.98,27690,3.0,2.97,3.21,-0.5008,0.3536,-7.2691,-0.0064,-0.0017,0.0811
AGR,2020-01-13,3.02,3.02,2.8,2.8,93050,2.98,2.96,3.2,-6.0718,-5.5012,-12.4179,-0.1641,-0.0397,0.093
AGR,2020-01-14,2.8,2.93,2.8,2.93,130220,2.98,2.96,3.18,-1.8097,-1.1304,-7.9427,0.2099,0.053,0.1033
AGR,2020-01-15,2.97,2.97,2.89,2.93,13430,2.97,2.96,3.17,-1.2471,-1.1304,-7.5418,0.0,0.0,0.0867
AGR,2020-01-16,2.94,2.94,2.9,2.94,34480,2.96,2.96,3.16,-0.6085,-0.8097,-6.8264,0.0481,0.0123,0.0804
AGR,2020-01-17,2.94,2.97,2.93,2.94,17700,2.94,2.96,3.14,-0.1019,-0.726,-6.4588,-0.0152,-0.0034,0.0771
AGR,2020-01-20,2.95,2.95,2.93,2.94,23200,2.94,2.96,3.13,0.1021,-0.6925,-6.0883,-0.0,-0.0,0.0597
AGR,2020-01-21,2.96,2.96,2.89,2.93,99690,2.93,2.96,3.12,-0.0341,-1.0302,-6.0174,0.0178,0.0042,0.056
AGR,2020-01-22,2.93,3.11,2.9,3.11,128620,2.95,2.97,3.11,5.531,4.7491,0.0644,0.1806,0.0448,0.067
AGR,2020-01-30,2.93,3.09,2.92,2.94,43940,2.94,2.97,3.1,-0.1359,-0.9434,-5.0326,-0.0353,-0.0078,0.0677
AGR,2020-01-31,2.94,2.94,2.89,2.93,119510,2.94,2.97,3.08,-0.3062,-1.2471,-4.9689,0.0443,0.0108,0.0715
AGR,2020-02-03,2.93,2.93,2.74,2.85,180900,2.94,2.96,3.07,-3.1929,-3.7975,-7.1601,0.0185,0.0048,0.057
AGR,2020-02-04,2.85,2.89,2.83,2.89,54730,2.94,2.96,3.06,-1.7007,-2.4308,-5.4629,0.0488,0.0117,0.0408
AGR,2020-02-05,2.91,2.92,2.89,2.91,72550,2.94,2.95,3.04,-0.953,-1.4395,-4.4147,0.0283,0.0066,0.0437
AGR,2020-02-06,2.93,2.93,2.86,2.91,88290,2.94,2.95,3.03,-0.8518,-1.2388,-4.0048,0.0281,0.0066,0.0417
AGR,2020-02-07,2.91,2.93,2.85,2.93,111320,2.93,2.94,3.02,-0.1363,-0.2893,-2.9544,0.1188,0.0276,0.052
AGR,2020-02-10,2.74,2.92,2.74,2.89,110350,2.93,2.93,3.01,-1.3315,-1.4661,-3.9229,0.1238,0.033,0.0644
AGR,2020-02-11,2.83,2.89,2.83,2.86,20220,2.92,2.93,3.0,-2.1218,-2.2723,-4.5967,-0.0,-0.0,0.0626
AGR,2020-02-12,2.86,2.87,2.83,2.86,78400,2.9,2.92,2.99,-1.2772,-2.1218,-4.2261,0.0425,0.0101,0.0488
AGR,2020-02-13,2.85,2.86,2.82,2.85,55060,2.89,2.92,2.98,-1.3158,-2.2634,-4.266,0.0359,0.0094,0.0489
AGR,2020-02-14,2.85,2.85,2.81,2.84,42750,2.88,2.91,2.97,-1.3546,-2.3719,-4.332,0.0333,0.0079,0.0478
AGR,2020-02-17,2.92,2.92,2.83,2.88,90630,2.88,2.91,2.96,-0.0694,-1.1329,-2.7487,0.0162,0.0038,0.0476
AGR,2020-02-18,2.89,2.89,2.83,2.85,95520,2.88,2.91,2.95,-0.9729,-2.0282,-3.5402,-0.0424,-0.0097,0.0469
AGR,2020-02-19,2.88,2.88,2.83,2.86,94450,2.87,2.91,2.95,-0.4525,-1.566,-3.018,0.0277,0.0077,0.0469
AGR,2020-02-20,2.88,3.02,2.85,3.01,420550,2.88,2.91,2.95,4.4051,3.472,2.1031,0.3514,0.1033,0.0792
AGR,2020-02-21,2.89,3.01,2.89,2.94,113790,2.88,2.91,2.94,1.9417,1.0657,-0.1698,-0.0218,-0.0057,0.0695
AGR,2020-02-24,2.89,2.89,2.85,2.86,130310,2.88,2.9,2.94,-0.7289,-1.5491,-2.7409,-0.035,-0.0101,0.0606
AGR,2020-02-25,2.83,2.86,2.8,2.86,136220,2.88,2.9,2.94,-0.7289,-1.4303,-2.5886,0.0962,0.0272,0.0702
AGR,2020-02-26,2.86,2.86,2.85,2.85,49440,2.88,2.89,2.93,-1.0417,-1.3329,-2.8166,-0.0538,-0.0163,0.0714
AGR,2020-02-27,2.85,2.9,2.82,2.86,52310,2.88,2.88,2.93,-0.7289,-0.8494,-2.3824,0.0,0.0,0.0678
AGR,2020-02-28,2.85,2.85,2.78,2.8,96170,2.88,2.88,2.93,-2.6764,-2.7102,-4.3324,-0.0342,-0.0103,0.0679
AGR,2020-03-02,2.76,2.88,2.76,2.85,81530,2.87,2.88,2.93,-0.8351,-0.9729,-2.5708,0.0268,0.0084,0.0689
AGR,2020-03-03,2.9,2.9,2.81,2.87,72990,2.88,2.88,2.92,-0.2086,-0.2433,-1.8535,0.0196,0.0064,0.0666
AGR,2020-03-04,2.87,2.93,2.85,2.93,95520,2.88,2.88,2.92,1.6302,1.8068,0.1983,0.0611,0.0209,0.07
AGR,2020-03-05,2.93,2.97,2.92,2.92,189580,2.87,2.88,2.92,1.6006,1.4417,-0.1368,-0.1256,-0.0404,0.0474
AGR,2020-03-06,2.92,2.92,2.86,2.91,68820,2.87,2.88,2.92,1.3584,1.1295,-0.4243,0.0579,0.0165,0.051
AGR,2020-03-09,2.82,2.82,2.71,2.71,288970,2.86,2.87,2.92,-5.112,-5.5255,-7.1091,-0.1276,-0.033,0.0603
AGR,2020-03-10,2.59,2.76,2.59,2.74,120070,2.84,2.86,2.91,-3.6568,-4.2795,-5.9583,0.0751,0.0194,0.0582
AGR,2020-03-11,2.76,2.76,2.55,2.65,266070,2.82,2.85,2.91,-6.1615,-7.0827,-8.8658,-0.0066,-0.0019,0.0534
AGR,2020-03-12,2.59,2.59,2.47,2.47,259400,2.78,2.83,2.9,-11.3106,-12.8133,-14.7688,-0.1254,-0.031,0.066
AGR,2020-03-13,2.4,2.5,2.3,2.48,241330,2.75,2.82,2.89,-9.9165,-11.9005,-14.1453,0.1147,0.0274,0.074
AGR,2020-03-16,2.55,2.55,2.46,2.46,121580,2.71,2.79,2.88,-9.3589,-11.9542,-14.5537,-0.0892,-0.0224,0.0803
AGR,2020-03-17,2.42,2.47,2.36,2.47,85730,2.67,2.78,2.87,-7.629,-10.991,-13.9493,0.0569,0.0141,0.084
AGR,2020-03-18,2.45,2.55,2.42,2.54,194030,2.64,2.76,2.86,-3.6053,-7.9377,-11.164,0.1252,0.0371,0.0904
AGR,2020-03-19,2.54,2.54,2.42,2.49,181470,2.59,2.73,2.85,-3.9352,-8.8913,-12.5825,0.0228,0.0064,0.0801
AGR,2020-03-20,2.49,2.49,2.42,2.44,64020,2.55,2.71,2.84,-4.1257,-9.8966,-13.9451,-0.0215,-0.0048,0.0765
AGR,2020-03-23,2.4,2.4,2.28,2.28,193360,2.5,2.68,2.82,-8.8729,-14.8936,-19.1776,-0.0896,-0.0231,0.0727
AGR,2020-03-24,2.22,2.3,2.22,2.24,65920,2.45,2.65,2.81,-8.646,-15.4079,-20.1711,-0.0266,-0.0062,0.0679
AGR,2020-03-25,2.29,2.34,2.24,2.33,100330,2.42,2.62,2.79,-3.719,-11.1365,-16.5951,0.0716,0.0142,0.0744
AGR,2020-03-26,2.33,2.33,2.17,2.17,175860,2.39,2.59,2.78,-9.205,-16.1353,-21.875,-0.1514,-0.0328,0.077
AGR,2020-03-27,2.17,2.24,2.03,2.17,96840,2.36,2.56,2.76,-8.0119,-15.1017,-21.4167,0.0311,0.007,0.0686
AGR,2020-03-30,2.17,2.17,2.02,2.02,272280,2.32,2.51,2.75,-12.743,-19.6659,-26.4331,-0.1984,-0.0525,0.0795
AGR,2020-03-31,2.02,2.14,1.88,1.9,322690,2.26,2.47,2.73,-15.8547,-22.9521,-30.2803,-0.3072,-0.0907,0.1045
AGR,2020-04-01,1.94,2.02,1.93,2.02,91730,2.21,2.42,2.71,-8.4316,-16.5462,-25.3786,0.0895,0.0228,0.101
AGR,2020-04-03,2.0,2.11,2.0,2.08,125090,2.16,2.38,2.69,-3.9261,-12.5499,-22.6708,0.0462,0.0101,0.1033
AGR,2020-04-06,2.14,2.22,2.1,2.22,229250,2.14,2.34,2.68,3.5931,-5.2901,-17.0218,0.1184,0.0241,0.113
AGR,2020-04-07,2.32,2.32,2.11,2.21,118140,2.14,2.32,2.66,3.4644,-4.7003,-16.9423,-0.004,-0.0009,0.1044
AGR,2020-04-08,2.17,2.17,2.13,2.16,110260,2.13,2.29,2.65,1.5038,-5.6769,-18.3488,0.0403,0.0086,0.1058
AGR,2020-04-09,2.11,2.22,2.11,2.2,149150,2.12,2.27,2.63,4.0189,-2.9768,-16.2607,0.0679,0.0156,0.1054
AGR,2020-04-10,2.16,2.26,2.14,2.24,218760,2.12,2.26,2.61,5.5608,-0.7092,-14.2813,0.1453,0.036,0.1048
AGR,2020-04-13,2.3,2.4,2.3,2.4,339850,2.15,2.25,2.6,11.8881,6.5719,-7.7845,0.3503,0.078,0.1367
AGR,2020-04-14,2.55,2.55,2.37,2.49,377300,2.19,2.25,2.6,13.5949,10.4948,-4.061,0.0988,0.0273,0.1268
AGR,2020-04-15,2.5,2.52,2.48,2.49,232210,2.25,2.25,2.59,10.6175,10.4458,-3.7644,-0.0872,-0.0216,0.1048
AGR,2020-04-16,2.33,2.48,2.33,2.42,155650,2.29,2.25,2.58,5.6307,7.6273,-6.1142,0.0317,0.0071,0.099
AGR,2020-04-17,2.47,2.5,2.42,2.49,222600,2.33,2.25,2.57,6.7753,10.7405,-3.0827,0.101,0.025,0.1045
AGR,2020-04-20,2.55,2.55,2.47,2.5,333800,2.36,2.25,2.56,5.9322,11.0371,-2.3666,-0.0448,-0.0115,0.0971
AGR,2020-04-21,2.37,2.44,2.37,2.41,267200,2.38,2.26,2.55,1.2605,6.7316,-5.5272,0.0145,0.0039,0.0982
AGR,2020-04-22,2.33,2.45,2.31,2.45,97410,2.41,2.27,2.54,1.702,8.0009,-3.6495,0.0738,0.0178,0.1015
AGR,2020-04-23,2.45,2.5,2.42,2.43,59610,2.43,2.27,2.53,-0.0822,6.8837,-4.1118,-0.0436,-0.011,0.0991
AGR,2020-04-24,2.38,2.49,2.38,2.48,130840,2.46,2.29,2.53,0.9772,8.3443,-1.8521,0.0937,0.0233,0.0939
AGR,2020-04-27,2.48,2.49,2.44,2.44,60010,2.46,2.3,2.52,-0.813,5.9718,-3.1285,-0.043,-0.0091,0.0632
AGR,2020-04-28,2.42,2.47,2.42,2.44,62150,2.46,2.32,2.51,-0.611,5.014,-2.7888,-0.0136,-0.0031,0.0547
AGR,2020-04-29,2.4,2.47,2.4,2.42,67020,2.45,2.35,2.5,-1.1438,3.0006,-3.2542,-0.0276,-0.0059,0.0487
AGR,2020-05-04,2.42,2.42,2.37,2.39,66900,2.45,2.37,2.49,-2.2495,0.9291,-4.0931,-0.0111,-0.0029,0.0467
AGR,2020-05-05,2.39,2.43,2.37,2.42,53060,2.44,2.39,2.48,-0.7383,1.4675,-2.4272,0.0519,0.01,0.0418
AGR,2020-05-06,2.42,2.49,2.38,2.49,101530,2.44,2.4,2.47,2.1748,3.8149,0.7608,0.0806,0.016,0.0453
AGR,2020-05-07,2.49,2.5,2.47,2.49,92130,2.44,2.41,2.46,1.8405,3.2124,1.0634,0.0254,0.0057,0.0464
AGR,2020-05-08,2.5,2.64,2.5,2.6,318130,2.46,2.43,2.46,5.6911,6.7981,5.7512,0.0799,0.0189,0.047
AGR,2020-05-11,2.61,2.74,2.61,2.72,264170,2.49,2.46,2.46,9.2808,10.5466,10.7492,0.1224,0.0286,0.0549
AGR,2020-05-12,2.74,2.88,2.68,2.78,300480,2.52,2.49,2.45,10.3613,11.7588,13.266,-0.0,-0.0,0.0456
AGR,2020-05-13,2.78,2.87,2.78,2.85,206790,2.56,2.51,2.46,11.3281,13.5458,16.0707,0.0673,0.0176,0.048
AGR,2020-05-14,2.85,3.05,2.85,3.02,469940,2.62,2.54,2.46,15.3552,19.0617,22.8241,0.2515,0.0692,0.0718
AGR,2020-05-15,3.14,3.14,2.82,2.82,380710,2.66,2.55,2.46,6.0948,10.4583,14.7368,-0.2251,-0.0639,0.0915
AGR,2020-05-18,2.85,2.98,2.82,2.98,171350,2.72,2.58,2.46,9.6798,15.4591,21.1973,0.1233,0.0338,0.1027
AGR,2020-05-19,3.02,3.02,2.89,2.96,215350,2.77,2.6,2.46,6.8206,13.6495,20.3448,0.0106,0.0028,0.0986
AGR,2020-05-20,2.86,2.93,2.86,2.9,121520,2.81,2.62,2.46,3.1294,10.4972,17.9149,0.0125,0.0029,0.0918
AGR,2020-05-21,2.9,2.92,2.85,2.86,133700,2.85,2.65,2.46,0.3861,8.0468,16.1468,-0.0642,-0.0156,0.0957
AGR,2020-05-22,2.86,2.93,2.84,2.86,231600,2.88,2.67,2.46,-0.5217,7.2165,16.0338,-0.0718,-0.0211,0.0949
AGR,2020-05-25,2.86,2.89,2.85,2.85,140740,2.89,2.69,2.47,-1.3158,6.0071,15.4407,-0.1045,-0.0273,0.0931
AGR,2020-05-26,2.85,2.93,2.85,2.92,252470,2.9,2.71,2.48,0.6203,7.7292,17.8465,0.1112,0.0298,0.1042
AGR,2020-05-27,2.93,2.93,2.87,2.87,58240,2.9,2.73,2.49,-1.1708,5.0512,15.4651,-0.0217,-0.0054,0.0997
AGR,2020-05-28,2.85,2.87,2.83,2.85,123320,2.89,2.75,2.49,-1.2816,3.5422,14.3018,0.0,0.0,0.0745
AGR,2020-05-29,2.78,2.93,2.76,2.93,338850,2.9,2.78,2.5,1.1042,5.4716,17.0782,0.2563,0.084,0.0776
AGR,2020-06-01,2.93,3.08,2.93,3.06,497250,2.91,2.81,2.51,5.2994,8.8387,21.7668,0.1895,0.0609,0.0842
AGR,2020-06-02,3.06,3.07,2.98,2.99,145190,2.91,2.84,2.52,2.7845,5.2817,18.5097,-0.0477,-0.0147,0.088
AGR,2020-06-03,3.01,3.01,2.86,3.0,252940,2.92,2.87,2.53,2.7749,4.6938,18.3806,0.1199,0.0424,0.0987
AGR,2020-06-04,3.0,3.08,2.98,3.05,792820,2.94,2.89,2.55,3.8121,5.4087,19.6266,0.1513,0.0457,0.1074
AGR,2020-06-05,3.05,3.08,2.98,3.05,243270,2.96,2.92,2.57,3.1451,4.5953,18.8713,0.0396,0.0149,0.1042
AGR,2020-06-08,3.13,3.26,3.11,3.26,545480,3.0,2.94,2.58,8.7392,10.7713,26.1415,0.2131,0.082,0.115
AGR,2020-06-09,3.49,3.49,3.41,3.49,1987600,3.06,2.98,2.61,14.239,17.1731,33.6755,0.9945,0.3324,0.2034
AGR,2020-06-10,3.71,3.71,3.44,3.66,1534870,3.13,3.02,2.64,16.7837,21.2322,38.6049,0.45,0.17,0.2462
AGR,2020-06-11,3.66,3.66,3.41,3.41,1023080,3.19,3.04,2.67,6.8966,12.2264,27.7919,-0.2083,-0.0703,0.267
AGR,2020-06-12,3.18,3.37,3.18,3.18,1051630,3.22,3.06,2.69,-1.0886,4.0406,18.0401,-0.2631,-0.097,0.2677
AGR,2020-06-15,3.37,3.37,3.13,3.15,406570,3.22,3.06,2.72,-2.2953,2.7732,15.9538,-0.1396,-0.0409,0.2627
AGR,2020-06-16,3.15,3.24,3.13,3.24,532370,3.25,3.08,2.74,-0.277,5.229,18.2568,0.3016,0.0999,0.2881
AGR,2020-06-17,3.26,3.26,3.14,3.18,398420,3.27,3.09,2.76,-2.663,2.8128,15.2592,-0.0937,-0.0359,0.2855
AGR,2020-06-18,3.07,3.17,3.07,3.11,230050,3.27,3.11,2.78,-4.9801,0.1449,11.9914,-0.0453,-0.0138,0.2749
AGR,2020-06-19,3.11,3.21,3.11,3.21,340420,3.29,3.12,2.8,-2.4019,2.7858,14.7248,0.1531,0.0491,0.2862
AGR,2020-06-22,3.18,3.24,3.18,3.18,388560,3.28,3.14,2.82,-3.0783,1.29,12.862,-0.2492,-0.0876,0.2898
AGR,2020-06-23,3.18,3.37,3.18,3.29,788010,3.26,3.16,2.84,0.8893,4.1799,15.9022,0.0795,0.03,0.1983
AGR,2020-06-24,3.3,3.44,3.3,3.31,600970,3.23,3.18,2.86,2.6038,4.0881,15.8639,-0.285,-0.1099,0.1818
AGR,2020-06-25,3.11,3.28,3.11,3.21,214470,3.21,3.2,2.87,0.1248,0.3752,11.7999,0.0261,0.0102,0.1636
AGR,2020-06-26,3.21,3.26,3.16,3.19,179770,3.21,3.21,2.89,-0.5301,-0.654,10.5643,-0.0624,-0.0231,0.1436
AGR,2020-06-29,3.12,3.12,2.98,2.98,672880,3.19,3.21,2.9,-6.5831,-7.0783,2.8863,-0.4055,-0.1409,0.1701
AGR,2020-06-30,2.98,3.05,2.98,3.0,419860,3.17,3.21,2.91,-5.2432,-6.4692,3.2134,-0.1615,-0.0526,0.1561
AGR,2020-07-01,3.02,3.15,2.99,3.12,166070,3.16,3.21,2.92,-1.2658,-2.9096,6.8859,0.0809,0.0251,0.1549
AGR,2020-07-02,3.12,3.12,3.03,3.08,93390,3.16,3.22,2.93,-2.439,-4.1991,5.0334,0.0159,0.0042,0.1519
AGR,2020-07-03,3.04,3.1,3.04,3.05,75050,3.14,3.22,2.94,-2.8972,-5.1322,3.5865,-0.056,-0.0141,0.1422
AGR,2020-07-06,3.05,3.15,3.05,3.11,239370,3.13,3.21,2.96,-0.7658,-3.0398,5.1386,0.0533,0.0127,0.1226
AGR,2020-07-07,3.13,3.15,3.02,3.03,324020,3.11,3.18,2.97,-2.5097,-4.8516,2.0546,-0.2155,-0.0612,0.1362
AGR,2020-07-08,3.02,3.11,3.02,3.07,117330,3.08,3.16,2.98,-0.454,-2.6941,2.9649,0.0167,0.0047,0.1094
AGR,2020-07-09,3.07,3.11,3.06,3.11,152670,3.07,3.14,3.0,1.1711,-0.9554,3.8397,0.112,0.0345,0.118
AGR,2020-07-10,3.07,3.13,3.07,3.08,146320,3.06,3.14,3.01,0.555,-1.7544,2.3868,-0.1083,-0.0294,0.1226
AGR,2020-07-13,3.08,3.13,3.04,3.09,160960,3.07,3.13,3.02,0.5205,-1.341,2.2434,0.02,0.0054,0.084
AGR,2020-07-14,3.1,3.1,3.03,3.07,214290,3.08,3.12,3.04,-0.357,-1.7128,1.1465,0.0272,0.0086,0.0706
AGR,2020-07-15,3.1,3.11,3.07,3.07,131100,3.08,3.12,3.05,-0.1951,-1.5394,0.7615,-0.0918,-0.0285,0.0717
AGR,2020-07-16,3.12,3.12,3.06,3.08,61870,3.08,3.12,3.06,0.13,-1.1712,0.6997,-0.018,-0.0045,0.0719
AGR,2020-07-17,3.02,3.1,3.02,3.09,148560,3.08,3.11,3.07,0.3247,-0.6591,0.7039,0.1031,0.0301,0.0766
AGR,2020-07-20,3.12,3.18,3.11,3.13,521500,3.08,3.11,3.08,1.5574,0.7079,1.7357,-0.1487,-0.0447,0.0861
AGR,2020-07-21,3.15,3.27,3.15,3.17,432940,3.1,3.1,3.08,2.3902,2.1921,2.7753,-0.3195,-0.0855,0.0965
AGR,2020-07-22,3.19,3.24,3.13,3.14,164020,3.1,3.09,3.09,1.1924,1.5032,1.6115,-0.1235,-0.0338,0.1072
AGR,2020-07-23,3.07,3.15,3.04,3.05,234130,3.1,3.09,3.09,-1.5176,-1.1505,-1.32,-0.1811,-0.0509,0.1141
AGR,2020-07-24,3.05,3.05,2.84,2.85,560550,3.07,3.07,3.09,-7.2869,-7.1207,-7.8088,-0.2202,-0.073,0.1253
AGR,2020-07-27,2.65,2.73,2.65,2.65,510800,3.03,3.05,3.08,-12.5413,-13.1717,-14.0949,-0.1606,-0.0458,0.1394
AGR,2020-07-28,2.59,2.76,2.59,2.74,232090,3.0,3.04,3.08,-8.5752,-9.8388,-11.0505,0.0851,0.0232,0.1452
AGR,2020-07-29,2.74,2.74,2.55,2.59,224730,2.95,3.01,3.07,-12.1736,-14.0249,-15.7504,-0.1063,-0.0281,0.1466
AGR,2020-07-30,2.59,2.71,2.59,2.68,119350,2.91,2.99,3.07,-7.8721,-10.4428,-12.7206,0.084,0.0222,0.1532
AGR,2020-07-31,2.59,2.68,2.59,2.65,99770,2.86,2.97,3.07,-7.5044,-10.8495,-13.5794,0.038,0.009,0.1467
AGR,2020-08-03,2.59,2.76,2.59,2.74,162480,2.83,2.95,3.06,-3.0432,-7.2444,-10.5802,0.0767,0.0222,0.1395
AGR,2020-08-04,2.8,2.8,2.74,2.74,153020,2.78,2.94,3.06,-1.5451,-6.7869,-10.4751,-0.1142,-0.0356,0.119
AGR,2020-08-05,2.73,2.8,2.72,2.79,253460,2.75,2.93,3.06,1.5284,-4.6317,-8.7937,0.1408,0.0346,0.1207
AGR,2020-08-06,2.78,2.98,2.68,2.98,1863200,2.74,2.92,3.06,8.7194,2.0898,-2.6653,1.9277,0.5609,0.2954
AGR,2020-08-07,3.06,3.11,2.93,3.0,424470,2.76,2.92,3.06,8.8534,2.916,-2.0568,-0.0889,-0.0242,0.2822
AGR,2020-08-10,3.02,3.06,2.99,2.99,188920,2.79,2.91,3.06,7.1685,2.7491,-2.3386,-0.1467,-0.0389,0.2808
AGR,2020-08-11,2.99,2.99,2.93,2.94,274530,2.81,2.9,3.06,4.6263,1.2571,-3.9404,-0.1685,-0.0491,0.2892
AGR,2020-08-12,2.9,2.95,2.9,2.94,161250,2.84,2.9,3.06,3.3392,1.4843,-3.9027,0.0968,0.0268,0.2882
AGR,2020-08-13,2.98,3.02,2.93,2.98,315750,2.88,2.89,3.06,3.6522,3.0429,-2.5507,0.0311,0.0079,0.2829
AGR,2020-08-14,2.98,3.02,2.96,2.96,340190,2.91,2.89,3.06,1.8582,2.5819,-3.1477,-0.2781,-0.0798,0.307
AGR,2020-08-17,2.98,2.99,2.94,2.96,410070,2.93,2.88,3.05,1.0929,2.8849,-2.9572,-0.0653,-0.0205,0.3058
AGR,2020-08-18,3.0,3.0,2.93,2.96,431000,2.95,2.87,3.04,0.339,3.2618,-2.6188,-0.0603,-0.0167,0.3004
AGR,2020-08-19,2.96,3.0,2.95,3.0,186440,2.97,2.86,3.03,0.9761,4.9134,-0.8723,0.1669,0.046,0.303
AGR,2020-08-20,3.02,3.19,3.02,3.11,624340,2.98,2.86,3.02,4.2225,8.6463,2.9665,0.0308,0.008,0.1133
AGR,2020-08-21,3.14,3.18,3.09,3.15,313810,3.0,2.88,3.02,5.035,9.47,4.3115,0.062,0.0191,0.1106
AGR,2020-08-24,3.11,3.18,3.11,3.16,482650,3.02,2.9,3.02,4.7745,8.8529,4.6358,0.1219,0.0377,0.1082
AGR,2020-08-25,3.17,3.18,3.14,3.18,504440,3.04,2.92,3.02,4.6053,8.7179,5.3399,0.2592,0.0713,0.1172
AGR,2020-08-26,3.19,3.32,3.19,3.3,1166070,3.08,2.96,3.02,7.2822,11.4677,9.2281,0.4545,0.138,0.153
AGR,2020-08-27,3.28,3.31,3.28,3.3,391040,3.11,2.99,3.02,6.1776,10.3126,9.0909,0.0919,0.0263,0.1591
AGR,2020-08-28,3.3,3.49,3.3,3.41,807950,3.15,3.03,3.03,8.151,12.5598,12.5784,0.0637,0.02,0.1377
AGR,2020-08-31,3.45,3.45,3.28,3.28,760110,3.18,3.06,3.03,2.9827,7.3123,8.2151,-0.4238,-0.1321,0.1735
AGR,2020-09-01,3.28,3.37,3.26,3.28,464940,3.22,3.08,3.03,1.9583,6.3726,8.2223,-0.2043,-0.05,0.1879
AGR,2020-09-03,3.28,3.44,3.28,3.39,557480,3.26,3.11,3.03,4.1155,8.8807,11.7926,0.1393,0.0367,0.1851
AGR,2020-09-04,3.32,3.52,3.32,3.49,1374450,3.29,3.14,3.04,5.9502,11.1819,14.8782,0.6365,0.1578,0.2457
AGR,2020-09-07,3.49,3.62,3.49,3.54,869570,3.33,3.17,3.04,6.2106,11.813,16.2562,-0.0789,-0.0243,0.2474
AGR,2020-09-08,3.49,3.56,3.47,3.54,605470,3.37,3.19,3.06,5.0133,10.8502,15.8301,0.2289,0.0659,0.2581
AGR,2020-09-09,3.49,3.62,3.48,3.59,615730,3.41,3.23,3.07,5.2169,11.2833,17.0143,0.2095,0.0632,0.2531
AGR,2020-09-10,3.59,3.84,3.59,3.81,1259180,3.46,3.27,3.08,10.0202,16.5316,23.629,0.5858,0.1893,0.2663
AGR,2020-09-11,3.81,4.05,3.77,4.0,1959630,3.53,3.32,3.1,13.2182,20.4638,29.0239,0.8894,0.3323,0.346
AGR,2020-09-14,4.04,4.07,4.01,4.07,603400,3.6,3.38,3.12,13.087,20.5569,30.4236,0.3086,0.1138,0.3705
AGR,2020-09-15,4.09,4.09,3.98,4.01,1043050,3.67,3.43,3.14,9.2048,16.9608,27.764,-0.3004,-0.1078,0.3582
AGR,2020-09-16,4.01,4.06,3.95,4.03,1060120,3.75,3.48,3.16,7.5527,15.7381,27.5882,0.3058,0.1244,0.3683
AGR,2020-09-17,4.29,4.29,4.12,4.25,1255760,3.83,3.54,3.18,10.8792,19.9041,33.5554,0.3976,0.1483,0.3942
AGR,2020-09-18,4.25,4.36,4.15,4.33,1166030,3.92,3.61,3.21,10.5438,20.0943,35.034,0.4627,0.1749,0.3768
AGR,2020-09-21,4.47,4.47,4.27,4.27,1163740,3.99,3.66,3.23,7.0175,16.6189,32.1818,-0.507,-0.1978,0.4196
AGR,2020-09-22,4.15,4.29,4.15,4.19,1033710,4.06,3.71,3.25,3.3292,12.8468,28.8279,-0.2308,-0.0828,0.4198
AGR,2020-09-23,4.21,4.25,4.16,4.19,772650,4.12,3.76,3.27,1.8226,11.3325,27.9467,-0.1829,-0.0597,0.4171
AGR,2020-09-24,4.19,4.2,4.14,4.15,878710,4.15,3.81,3.3,0.0241,9.0384,25.8949,-0.3785,-0.1315,0.3964
AGR,2020-09-25,4.16,4.19,4.12,4.15,515190,4.16,3.85,3.32,-0.3362,7.8342,25.0829,-0.0425,-0.0151,0.3117
AGR,2020-09-28,4.15,4.44,4.11,4.39,1712000,4.2,3.9,3.34,4.6235,12.6363,31.2878,0.6074,0.2351,0.3416
AGR,2020-09-29,4.42,4.54,4.36,4.38,971810,4.23,3.95,3.37,3.4727,10.8159,30.0166,-0.2386,-0.0887,0.3354
AGR,2020-09-30,4.24,4.45,4.24,4.41,613640,4.27,4.01,3.39,3.2545,10.0025,29.9505,0.2012,0.0752,0.3249
AGR,2020-10-01,4.49,4.65,4.38,4.49,1092340,4.3,4.06,3.42,4.5402,10.4823,31.2635,-0.1106,-0.0451,0.2962
AGR,2020-10-02,4.57,4.57,4.18,4.4,1134790,4.3,4.11,3.45,2.278,7.069,27.625,0.0798,0.0335,0.2579
AGR,2020-10-05,4.4,4.5,4.36,4.5,976920,4.33,4.16,3.48,4.0462,8.2381,29.2881,0.4237,0.1716,0.2496
AGR,2020-10-06,4.53,4.58,4.43,4.45,823920,4.35,4.2,3.52,2.2753,5.8768,26.5427,-0.2705,-0.1053,0.2536
AGR,2020-10-07,4.38,4.47,4.38,4.42,622450,4.37,4.24,3.55,1.0517,4.1348,24.5,-0.0238,-0.0089,0.2377
AGR,2020-10-08,4.42,4.45,4.36,4.4,639660,4.4,4.27,3.59,0.0227,2.9481,22.6857,-0.0328,-0.0123,0.2031
AGR,2020-10-09,4.4,4.53,4.38,4.48,841380,4.43,4.3,3.62,1.083,4.2345,23.6749,0.1741,0.0665,0.2163
AGR,2020-10-12,4.49,4.56,4.38,4.4,694540,4.43,4.31,3.66,-0.7444,1.9817,20.304,-0.2147,-0.072,0.177
AGR,2020-10-13,4.4,4.44,4.38,4.4,428780,4.44,4.33,3.69,-0.7892,1.5228,19.2218,-0.1006,-0.0336,0.1632
AGR,2020-10-14,4.4,4.46,4.33,4.33,602950,4.43,4.35,3.72,-2.1911,-0.4369,16.3228,-0.2478,-0.0849,0.1678
AGR,2020-10-15,4.5,4.5,4.33,4.38,943310,4.42,4.36,3.75,-0.8152,0.5625,16.6693,-0.1525,-0.0515,0.172
AGR,2020-10-16,4.38,4.43,4.31,4.35,427340,4.41,4.36,3.78,-1.3829,-0.1492,15.0307,-0.0708,-0.0228,0.1711
AGR,2020-10-19,4.4,4.4,4.35,4.38,597980,4.4,4.36,3.81,-0.4319,0.4127,14.9848,0.0688,0.0231,0.1357
AGR,2020-10-20,4.38,4.38,4.31,4.33,490650,4.39,4.37,3.84,-1.2993,-0.8927,12.878,-0.1177,-0.0372,0.1204
AGR,2020-10-21,4.33,4.39,4.33,4.33,525810,4.38,4.38,3.86,-1.0964,-1.0512,12.0658,-0.1954,-0.0738,0.1375
AGR,2020-10-22,4.3,4.33,4.27,4.28,454900,4.37,4.38,3.89,-1.9698,-2.3388,10.0087,-0.1421,-0.0404,0.1485
AGR,2020-10-23,4.28,4.33,4.24,4.27,462710,4.34,4.39,3.92,-1.7261,-2.7002,9.0287,-0.0817,-0.0211,0.1392
AGR,2020-10-26,4.27,4.28,4.19,4.19,606500,4.32,4.38,3.94,-3.099,-4.3051,6.3182,-0.1921,-0.0597,0.137
AGR,2020-10-27,4.14,4.18,3.94,4.01,799400,4.28,4.36,3.96,-6.4177,-8.0275,1.2115,-0.124,-0.0416,0.1393
AGR,2020-10-28,3.88,3.99,3.8,3.84,618510,4.24,4.33,3.98,-9.3484,-11.3471,-3.5079,-0.1232,-0.0379,0.1268
AGR,2020-10-29,3.8,4.09,3.71,3.87,622810,4.19,4.3,4.0,-7.5269,-10.0105,-3.1774,-0.0514,-0.0148,0.1167
AGR,2020-10-30,3.87,4.05,3.83,3.87,181080,4.14,4.27,4.01,-6.454,-9.4525,-3.5442,-0.0826,-0.0212,0.1179
AGR,2020-11-02,3.87,3.91,3.79,3.87,140400,4.09,4.24,4.03,-5.2863,-8.7802,-3.8891,0.0296,0.009,0.114
AGR,2020-11-03,3.92,3.93,3.88,3.9,234060,4.04,4.22,4.04,-3.537,-7.4733,-3.4988,-0.0351,-0.01,0.1057
AGR,2020-11-04,3.9,4.07,3.9,4.07,372900,4.02,4.2,4.06,1.3194,-3.0375,0.2661,0.2374,0.083,0.1099
AGR,2020-11-05,4.07,4.07,4.0,4.02,204460,3.99,4.18,4.07,0.7266,-3.7932,-1.3158,-0.0478,-0.0153,0.1005
AGR,2020-11-06,4.02,4.03,3.93,3.96,187120,3.96,4.15,4.09,0.0,-4.6358,-3.1027,-0.071,-0.0206,0.0994
AGR,2020-11-09,4.01,4.14,3.98,4.05,385220,3.95,4.14,4.1,2.6356,-2.0556,-1.2099,-0.0245,-0.007,0.0827
AGR,2020-11-10,4.06,4.25,4.04,4.2,556950,3.96,4.12,4.12,5.9269,1.8182,1.9913,0.1121,0.0344,0.0815
AGR,2020-11-11,4.23,4.23,4.18,4.2,310870,4.0,4.12,4.14,4.9738,1.9789,1.5376,-0.0344,-0.01,0.0726
AGR,2020-11-12,4.24,4.24,4.18,4.21,298680,4.04,4.11,4.15,4.3371,2.4331,1.3774,0.0,0.0,0.0675
AGR,2020-11-13,4.21,4.23,4.16,4.21,330080,4.07,4.1,4.17,3.4652,2.6078,1.0271,0.071,0.0236,0.0663
AGR,2020-11-16,4.23,4.5,4.22,4.5,1642430,4.13,4.11,4.19,8.9061,9.5157,7.4909,0.5858,0.1954,0.1219
AGR,2020-11-17,4.52,4.75,4.52,4.7,1812180,4.21,4.13,4.21,11.5859,13.8704,11.6496,0.3445,0.1284,0.1529
AGR,2020-11-18,4.83,4.83,4.55,4.65,810140,4.27,4.14,4.23,8.8993,12.224,9.9083,-0.0938,-0.0319,0.1385
AGR,2020-11-19,4.55,4.62,4.49,4.54,1186570,4.32,4.16,4.25,5.044,9.2265,6.9393,-0.1273,-0.0368,0.1465
AGR,2020-11-20,4.49,4.53,4.43,4.46,999440,4.37,4.17,4.25,2.0128,7.0571,4.8277,-0.1618,-0.0546,0.1555
AGR,2020-11-23,4.66,4.66,4.47,4.56,431670,4.42,4.18,4.26,3.0974,8.9736,6.9318,-0.0098,-0.0033,0.1541
AGR,2020-11-24,4.56,4.57,4.47,4.53,712980,4.46,4.21,4.27,1.6607,7.5882,5.9699,0.0799,0.0242,0.1508
AGR,2020-11-25,4.49,4.53,4.44,4.49,944660,4.49,4.24,4.28,0.1115,5.8214,4.8086,0.0391,0.0126,0.1513
AGR,2020-11-26,4.43,4.53,4.43,4.5,493540,4.51,4.27,4.29,-0.3101,5.2755,4.9196,0.0941,0.0307,0.1607
AGR,2020-11-27,4.51,4.82,4.5,4.82,2670950,4.58,4.32,4.3,5.3552,11.5224,12.1243,1.2276,0.4284,0.2764
AGR,2020-11-30,4.99,5.15,4.88,4.88,4496590,4.61,4.37,4.31,5.788,11.6066,13.1988,-1.6225,-0.5561,0.38
AGR,2020-12-01,4.75,5.21,4.75,5.21,2261020,4.66,4.44,4.33,11.7067,17.3952,20.2844,0.5732,0.2267,0.4029
AGR,2020-12-02,5.18,5.44,5.17,5.35,1698720,4.73,4.5,4.35,13.0123,18.8361,22.8586,0.2372,0.0981,0.4172
AGR,2020-12-03,5.38,5.39,5.19,5.26,2000160,4.81,4.56,4.38,9.4465,15.2498,20.1791,-0.2273,-0.0993,0.4272
AGR,2020-12-04,5.26,5.27,5.19,5.26,1203700,4.89,4.63,4.4,7.6545,13.6315,19.5726,0.3514,0.1402,0.4462
AGR,2020-12-07,5.31,5.63,5.28,5.63,2120620,4.99,4.71,4.42,12.7579,19.5837,27.2662,0.8201,0.3541,0.5272
AGR,2020-12-08,5.82,6.01,5.7,6.01,2089990,5.14,4.8,4.46,16.9033,25.2475,34.8622,0.9733,0.46,0.6166
AGR,2020-12-09,6.34,6.43,6.3,6.43,1451030,5.33,4.91,4.5,20.5248,30.9572,42.9906,0.4945,0.2511,0.6621
AGR,2020-12-10,6.88,6.88,6.56,6.73,5499200,5.56,5.04,4.54,21.0867,33.6378,48.1857,0.0923,0.0488,0.6619
AGR,2020-12-11,6.73,6.82,6.3,6.75,2119990,5.75,5.16,4.59,17.3709,30.7379,47.1037,0.553,0.2451,0.5945
AGR,2020-12-14,6.75,7.21,6.75,7.21,4487130,5.98,5.3,4.64,20.488,36.0762,55.2942,1.6088,0.7145,0.5931
AGR,2020-12-15,7.25,7.47,7.08,7.25,4593680,6.19,5.43,4.7,17.1622,33.6159,54.2947,-0.219,-0.1148,0.5577
AGR,2020-12-16,7.25,7.27,7.14,7.16,2475960,6.37,5.55,4.75,12.4195,28.9742,50.6227,-0.59,-0.328,0.593
AGR,2020-12-17,7.11,7.21,6.9,7.06,2125670,6.55,5.68,4.81,7.8027,24.3505,46.8753,0.0217,0.0105,0.5724
AGR,2020-12-18,7.02,7.25,7.02,7.2,1951190,6.74,5.81,4.86,6.7774,23.8284,48.1116,0.348,0.1869,0.5721
AGR,2020-12-21,7.2,7.7,7.2,7.69,4114220,6.95,5.97,4.93,10.6634,28.7891,56.0787,1.1518,0.6872,0.6052
AGR,2020-12-22,7.6,7.82,7.46,7.82,2614340,7.13,6.14,5.0,9.6774,27.455,56.544,0.668,0.4155,0.5747
AGR,2020-12-23,7.77,7.79,7.46,7.48,2337820,7.24,6.28,5.06,3.3863,19.0135,47.8728,-0.4812,-0.3025,0.5734
AGR,2020-12-24,7.45,7.45,6.96,7.16,2679180,7.28,6.42,5.11,-1.6213,11.5612,40.0078,-0.2021,-0.1268,0.5844
AGR,2020-12-25,7.16,7.59,7.1,7.51,1965430,7.35,6.55,5.18,2.1213,14.6127,45.0591,0.3245,0.1845,0.5615
AGR,2020-12-28,7.77,7.77,7.38,7.51,1568970,7.38,6.68,5.24,1.7064,12.3579,43.3261,-0.164,-0.0932,0.417
AGR,2020-12-29,7.33,7.49,7.33,7.38,1600570,7.4,6.79,5.3,-0.2298,8.6492,39.2243,-0.2188,-0.1039,0.417
AGR,2020-12-30,7.38,7.39,7.22,7.24,1632900,7.4,6.89,5.36,-2.2282,5.1256,35.0998,-0.3763,-0.2025,0.3957
AGR,2020-12-31,7.25,7.53,7.19,7.42,1772710,7.44,7.0,5.42,-0.2822,6.0758,36.8549,0.257,0.1227,0.4192
AGR,2021-01-04,7.59,7.82,7.49,7.66,3317500,7.49,7.11,5.49,2.3107,7.6599,39.5366,0.0298,0.0156,0.3874
AGR,2021-01-05,7.66,8.2,7.6,8.2,5703100,7.54,7.24,5.57,8.7822,13.2049,47.2225,1.887,1.0952,0.4609
AGR,2021-01-06,8.61,8.76,8.56,8.76,2891500,7.63,7.38,5.66,14.7799,18.6831,54.6392,0.9729,0.5423,0.4914
AGR,2021-01-07,9.02,9.36,8.97,9.36,3640500,7.82,7.53,5.78,19.6931,24.3441,62.0723,0.7729,0.5154,0.5205
AGR,2021-01-08,9.79,10.01,9.41,9.97,5266000,8.1,7.69,5.9,23.0712,29.6573,69.0633,1.4103,0.9889,0.6414
AGR,2021-01-11,9.97,10.57,9.58,9.92,3347300,8.34,7.85,6.02,18.9163,26.4016,64.8333,-0.2462,-0.1622,0.6335
AGR,2021-01-12,9.75,9.92,9.28,9.71,2910700,8.56,7.97,6.14,13.4081,21.786,58.2722,0.3112,0.1974,0.6482
AGR,2021-01-13,9.79,9.79,9.49,9.54,2640700,8.78,8.09,6.25,8.6808,17.9598,52.6937,-0.4291,-0.2761,0.6693
AGR,2021-01-14,9.49,10.18,9.15,10.18,3449800,9.07,8.24,6.37,12.2134,23.5662,59.8116,0.8554,0.6128,0.7172
AGR,2021-01-15,10.79,10.87,10.53,10.87,2858000,9.42,8.43,6.51,15.4295,28.9595,67.0509,0.8127,0.6014,0.7728
AGR,2021-01-18,11.3,11.61,11.13,11.61,2821600,9.81,8.65,6.66,18.3245,34.2274,74.3243,0.6663,0.5207,0.8364
AGR,2021-01-19,11.78,11.99,10.83,10.83,3076300,10.07,8.81,6.8,7.4938,22.9773,59.3678,-0.467,-0.3738,0.6944
AGR,2021-01-20,10.1,10.61,10.1,10.1,5006200,10.21,8.92,6.91,-1.0677,13.2224,46.0889,-1.2805,-0.8972,0.7252
AGR,2021-01-21,10.1,10.79,9.75,10.79,2863400,10.35,9.09,7.05,4.2311,18.7541,53.1496,0.6342,0.441,0.7113
AGR,2021-01-22,11.05,11.39,10.66,10.66,2191000,10.42,9.26,7.17,2.2934,15.1064,48.5839,-0.6997,-0.4853,0.6402
AGR,2021-01-25,10.18,10.79,10.1,10.36,2554900,10.46,9.4,7.3,-1.0033,10.1717,41.9684,-0.1796,-0.1188,0.6336
AGR,2021-01-26,9.92,10.1,9.66,9.71,1781600,10.46,9.51,7.4,-7.2145,2.0655,31.1879,-0.3474,-0.2459,0.6372
AGR,2021-01-27,9.28,9.28,9.06,9.06,1956000,10.42,9.6,7.49,-13.0268,-5.6004,20.9807,-0.396,-0.2638,0.6339
AGR,2021-01-28,8.43,8.43,8.43,8.43,389500,10.24,9.66,7.56,-17.6919,-12.7058,11.4431,0.0,0.0,0.5483
AGR,2021-01-29,7.84,8.97,7.84,8.52,2654300,10.01,9.71,7.64,-14.8596,-12.2735,11.46,0.1363,0.0758,0.4807
AGR,2021-02-01,8.2,8.54,7.92,7.92,1587700,9.64,9.72,7.71,-17.8253,-18.5604,2.6811,-0.3501,-0.2129,0.4491
AGR,2021-02-02,7.38,7.94,7.37,7.77,1665600,9.33,9.7,7.78,-16.7381,-19.9258,-0.0951,0.1691,0.0861,0.4193
AGR,2021-02-03,7.94,8.31,7.77,8.31,1112400,9.15,9.68,7.85,-9.2101,-14.1618,5.8194,0.2711,0.1542,0.3184
AGR,2021-02-04,8.8,8.89,8.46,8.89,1850700,8.96,9.66,7.94,-0.8145,-7.9472,11.9506,0.9948,0.5495,0.3544
AGR,2021-02-05,9.19,9.49,8.89,9.49,1652800,8.85,9.63,8.04,7.2801,-1.4896,18.0231,0.5888,0.3691,0.3433
AGR,2021-02-08,9.92,10.14,9.06,9.92,3584100,8.8,9.63,8.14,12.7017,2.974,21.8254,0.6767,0.435,0.393
AGR,2021-02-09,9.84,10.18,9.58,10.05,1587800,8.84,9.65,8.25,13.7392,4.1397,21.8743,0.2812,0.1724,0.3864
AGR,2021-02-17,10.05,10.31,9.92,10.27,1981200,8.96,9.69,8.35,14.6589,6.0184,23.0323,0.3771,0.2309,0.3845
AGR,2021-02-18,10.27,10.27,9.84,9.92,1663100,9.11,9.67,8.44,8.9392,2.5429,17.5523,-0.3869,-0.2046,0.4232
AGR,2021-02-19,9.66,10.1,9.66,9.79,1339900,9.23,9.62,8.53,6.0327,1.7672,14.7795,-0.2501,-0.1466,0.4346
AGR,2021-02-22,9.92,10.01,9.62,9.84,1286500,9.43,9.53,8.62,4.4032,3.2366,14.1399,0.0647,0.0394,0.406
AGR,2021-02-23,9.79,9.92,9.66,9.79,1357700,9.63,9.48,8.7,1.6932,3.2755,12.4744,-0.0,-0.0,0.3891
AGR,2021-02-24,9.92,10.27,9.66,9.79,1472500,9.78,9.46,8.78,0.1535,3.4446,11.506,-0.2828,-0.189,0.3903
AGR,2021-02-25,9.92,9.92,9.66,9.79,765400,9.86,9.41,8.85,-0.7603,3.9941,10.659,-0.0,-0.0,0.2908
AGR,2021-02-26,9.75,9.79,9.49,9.75,913300,9.89,9.37,8.91,-1.4255,4.0722,9.4596,0.1773,0.1112,0.2497
AGR,2021-03-01,9.92,10.23,9.75,10.23,2298700,9.92,9.36,8.98,3.1042,9.2715,13.9579,0.503,0.3327,0.2323
AGR,2021-03-02,10.36,10.44,10.1,10.14,1205900,9.93,9.38,9.04,2.1045,8.062,12.2228,-0.3496,-0.2133,0.2392
AGR,2021-03-03,9.97,10.18,9.97,10.14,814900,9.92,9.44,9.09,2.2384,7.4437,11.5094,0.1647,0.1186,0.2179
AGR,2021-03-04,10.14,10.83,10.14,10.53,3775700,9.98,9.54,9.16,5.5216,10.3484,14.9463,0.1532,0.1033,0.1945
AGR,2021-03-05,10.53,10.66,9.92,10.53,1232200,10.05,9.64,9.23,4.7449,9.1984,14.082,0.1984,0.1361,0.1894
AGR,2021-03-08,10.79,10.79,10.53,10.66,1694400,10.14,9.78,9.3,5.1801,8.998,14.6311,0.0,0.0,0.1829
AGR,2021-03-09,10.44,10.57,10.18,10.44,1543000,10.2,9.91,9.35,2.3529,5.3109,11.6052,0.158,0.1,0.1987
AGR,2021-03-10,10.31,10.61,10.31,10.53,1250200,10.27,10.02,9.41,2.4917,5.0426,11.9189,0.2021,0.1427,0.1906
AGR,2021-03-11,10.66,11.26,10.66,11.22,5028000,10.42,10.14,9.48,7.7086,10.64,18.312,1.3245,1.0159,0.3231
AGR,2021-03-12,11.3,11.35,10.96,11.05,1675500,10.55,10.22,9.56,4.7691,8.1319,15.5713,-0.2953,-0.2283,0.3349
AGR,2021-03-15,10.96,11.09,10.83,10.83,1206300,10.61,10.26,9.63,2.1024,5.5093,12.4891,-0.3706,-0.2797,0.3216
AGR,2021-03-16,10.87,10.87,10.36,10.57,2459900,10.65,10.29,9.69,-0.7512,2.7161,9.095,-0.1597,-0.1173,0.3026
AGR,2021-03-17,10.53,10.66,10.4,10.61,1306900,10.7,10.31,9.75,-0.8133,2.9348,8.7826,0.2301,0.1617,0.3092
AGR,2021-03-18,10.66,10.96,10.61,10.74,1080300,10.72,10.35,9.82,0.2053,3.7832,9.3308,-0.0966,-0.0623,0.3035
AGR,2021-03-19,10.61,10.87,10.61,10.79,1035600,10.74,10.4,9.89,0.4281,3.765,9.0913,0.1175,0.0728,0.2954
AGR,2021-03-22,10.79,10.79,10.53,10.61,1072800,10.74,10.44,9.95,-1.2012,1.6576,6.6353,-0.1422,-0.0941,0.3097
AGR,2021-03-23,10.48,10.66,10.27,10.36,1496900,10.73,10.47,9.99,-3.4573,-1.0081,3.6726,-0.305,-0.2074,0.3244
AGR,2021-03-24,10.18,10.4,9.88,10.01,1325200,10.68,10.48,10.02,-6.2646,-4.4528,-0.0799,-0.1971,-0.1238,0.3239
AGR,2021-03-25,10.01,10.1,9.75,9.84,1326400,10.54,10.48,10.03,-6.6502,-6.0979,-1.8708,-0.2389,-0.1542,0.2153
AGR,2021-03-26,9.58,9.84,9.32,9.71,1115000,10.41,10.48,10.02,-6.6974,-7.3208,-3.117,0.1328,0.089,0.199
AGR,2021-03-29,9.75,10.14,9.75,10.14,841800,10.34,10.47,10.03,-1.9153,-3.175,1.129,0.2184,0.1645,0.1838
AGR,2021-03-30,10.23,10.31,9.92,10.18,940100,10.3,10.47,10.04,-1.1555,-2.8116,1.4328,0.0874,0.0556,0.1766
AGR,2021-03-31,10.18,10.23,9.84,10.14,800000,10.25,10.47,10.05,-1.0925,-3.1935,0.9136,0.1251,0.0869,0.1661
AGR,2021-04-01,10.14,10.83,10.14,10.79,2388300,10.26,10.49,10.06,5.1965,2.8844,7.2522,0.475,0.3034,0.2039
AGR,2021-04-02,11.18,11.18,10.53,10.61,1847400,10.24,10.49,10.06,3.6234,1.1295,5.5175,-0.5391,-0.3518,0.2461
AGR,2021-04-05,10.79,10.87,10.53,10.7,1333200,10.25,10.49,10.04,4.4106,1.9679,6.6056,0.0,0.0,0.2319
AGR,2021-04-06,10.48,10.66,10.31,10.48,959600,10.26,10.5,10.03,2.1442,-0.1477,4.4865,-0.0076,-0.0053,0.2021
AGR,2021-04-07,10.48,10.79,10.48,10.66,1356400,10.32,10.5,10.04,3.2446,1.5045,6.1626,0.0683,0.0412,0.1893
AGR,2021-04-08,10.74,10.83,10.53,10.61,985600,10.4,10.47,10.04,1.9996,1.3226,5.7026,-0.1748,-0.1222,0.1829
AGR,2021-04-09,10.48,10.66,10.48,10.57,1028000,10.49,10.45,10.04,0.7818,1.1725,5.3229,0.0,0.0,0.1696
AGR,2021-04-12,10.74,11.05,10.53,10.87,3018200,10.56,10.45,10.05,2.9259,4.0241,8.2023,0.2067,0.1433,0.1684
AGR,2021-04-13,11.22,11.22,10.7,10.79,3238000,10.62,10.46,10.07,1.5816,3.1499,7.1755,-0.4233,-0.2609,0.202
AGR,2021-04-14,10.7,10.87,10.53,10.87,1377200,10.69,10.47,10.1,1.6363,3.7857,7.5833,0.313,0.1944,0.2208
AGR,2021-04-15,10.87,10.87,10.48,10.53,1391900,10.67,10.46,10.15,-1.3028,0.6404,3.7868,-0.2171,-0.1301,0.195
AGR,2021-04-16,10.36,10.44,9.88,10.14,2679100,10.62,10.43,10.18,-4.5378,-2.7851,-0.3753,-0.0704,-0.0455,0.1481
AGR,2021-04-19,10.05,10.36,9.71,10.36,1128400,10.59,10.42,10.23,-2.1534,-0.5567,1.3005,0.2673,0.1392,0.1748
AGR,2021-04-20,10.36,10.36,9.97,10.05,903200,10.54,10.4,10.27,-4.6942,-3.3886,-2.1669,-0.1717,-0.0928,0.1913
AGR,2021-04-22,9.92,10.01,9.58,9.58,1479000,10.44,10.38,10.3,-8.2112,-7.716,-6.9722,-0.2454,-0.1431,0.209
AGR,2021-04-23,9.45,9.92,9.41,9.92,879900,10.37,10.38,10.32,-4.321,-4.4776,-3.8629,0.177,0.0932,0.2092
AGR,2021-04-26,9.92,10.01,9.54,9.62,646500,10.27,10.38,10.32,-6.3565,-7.3262,-6.7938,-0.1061,-0.0522,0.2198
AGR,2021-04-27,9.62,9.62,9.28,9.41,555500,10.13,10.34,10.31,-7.0801,-9.0294,-8.7382,-0.0477,-0.0265,0.2039
AGR,2021-04-28,9.41,9.58,9.28,9.49,499200,10.0,10.31,10.3,-5.0715,-7.949,-7.8623,0.0826,0.0419,0.1698
AGR,2021-04-29,9.49,9.66,9.32,9.32,641800,9.84,10.27,10.28,-5.3038,-9.237,-9.3456,-0.1859,-0.0928,0.1571
AGR,2021-05-04,8.8,9.32,8.72,9.06,548500,9.7,10.18,10.26,-6.5498,-11.0194,-11.7269,0.0172,0.0082,0.1371
AGR,2021-05-05,9.32,9.66,9.23,9.66,634200,9.65,10.13,10.26,0.1348,-4.682,-5.8571,0.1856,0.1002,0.1487
AGR,2021-05-06,9.92,9.92,9.49,9.49,722700,9.56,10.07,10.25,-0.7322,-5.7971,-7.4508,-0.2073,-0.1063,0.1427
AGR,2021-05-07,9.36,9.49,9.19,9.28,627300,9.48,10.01,10.24,-2.1407,-7.3297,-9.4086,-0.0669,-0.0318,0.1322
AGR,2021-05-10,8.97,9.66,8.97,9.58,917100,9.48,9.96,10.24,1.0229,-3.8153,-6.4417,0.1684,0.0825,0.1245
AGR,2021-05-11,9.79,9.79,9.54,9.54,1080000,9.44,9.91,10.23,1.0058,-3.6996,-6.7868,-0.269,-0.128,0.1337
AGR,2021-05-12,9.49,9.58,9.41,9.54,657800,9.44,9.86,10.23,1.0914,-3.1963,-6.7485,0.0757,0.0368,0.1306
AGR,2021-05-13,9.49,9.84,9.41,9.49,1128000,9.44,9.79,10.22,0.4764,-3.0247,-7.1029,-0.1613,-0.0802,0.142
AGR,2021-05-14,9.49,9.66,9.41,9.49,870300,9.44,9.72,10.2,0.4764,-2.3763,-6.9845,-0.0937,-0.0468,0.1431
AGR,2021-05-17,9.49,9.62,9.36,9.41,622200,9.45,9.65,10.19,-0.4654,-2.4668,-7.6364,-0.1,-0.049,0.1345
AGR,2021-05-18,9.36,9.49,9.28,9.36,767900,9.48,9.59,10.16,-1.3075,-2.3932,-7.9157,-0.0545,-0.0253,0.1382
AGR,2021-05-19,9.36,9.36,9.28,9.28,872800,9.45,9.55,10.14,-1.7574,-2.7916,-8.4777,-0.2073,-0.1014,0.1404
AGR,2021-05-20,9.28,9.84,9.23,9.75,1853600,9.47,9.52,10.12,2.935,2.459,-3.6695,0.2842,0.1429,0.1481
AGR,2021-05-21,9.84,10.18,9.79,9.84,1343800,9.53,9.51,10.11,3.2746,3.519,-2.6648,-0.2792,-0.1271,0.1693
AGR,2021-05-24,9.88,9.97,9.58,9.75,663800,9.54,9.51,10.09,2.1477,2.4806,-3.4061,-0.0252,-0.0123,0.155
AGR,2021-05-25,9.66,10.18,9.62,9.97,2530400,9.59,9.52,10.07,3.9841,4.7654,-0.9812,0.1845,0.1,0.1466
AGR,2021-05-26,10.27,10.31,10.05,10.1,1345700,9.64,9.54,10.05,4.7283,5.8645,0.4995,-0.2315,-0.1299,0.1621
AGR,2021-05-27,10.23,10.27,9.88,9.88,811300,9.68,9.56,10.03,2.0345,3.3041,-1.5034,-0.2701,-0.1347,0.173
AGR,2021-05-28,9.79,10.31,9.71,10.27,2362500,9.76,9.6,10.02,5.2146,6.9457,2.4459,0.4102,0.1995,0.2047
AGR,2021-05-31,10.79,10.96,10.74,10.96,6565700,9.92,9.68,10.03,10.5284,13.1647,9.2526,1.0762,0.5799,0.3023
AGR,2021-06-01,11.69,11.69,11.65,11.65,4547600,10.14,9.81,10.05,14.8349,18.7019,15.9204,-1.1391,-0.6544,0.4107
AGR,2021-06-02,11.56,11.87,11.22,11.69,3995900,10.39,9.92,10.07,12.5554,17.8903,16.1104,0.3764,0.2212,0.4277
AGR,2021-06-03,12.08,12.47,12.04,12.47,6300100,10.66,10.07,10.11,17.0013,23.8947,23.4018,1.1236,0.7604,0.5116
AGR,2021-06-04,13.12,13.12,12.51,12.94,5976400,10.97,10.25,10.16,17.9796,26.2685,27.4023,0.4555,0.2714,0.5292
AGR,2021-06-07,12.51,12.86,12.04,12.08,5156900,11.2,10.37,10.2,7.8475,16.4562,18.4523,-1.1026,-0.6878,0.637
AGR,2021-06-08,11.74,12.08,11.26,11.26,3642200,11.33,10.46,10.23,-0.6178,7.6585,10.105,-0.4997,-0.2794,0.6685
AGR,2021-06-09,11.13,11.99,10.48,11.69,4979500,11.49,10.57,10.27,1.7495,10.6327,13.8688,0.6622,0.4187,0.7116
AGR,2021-06-10,11.74,11.74,10.96,11.3,1617500,11.63,10.66,10.29,-2.8458,6.0336,9.8218,-0.0447,-0.0254,0.689
AGR,2021-06-11,11.05,11.69,11.05,11.43,1824300,11.75,10.75,10.31,-2.6986,6.286,10.8159,0.0762,0.0401,0.6556
AGR,2021-06-14,11.43,12.21,11.18,12.04,4819100,11.86,10.89,10.35,1.5605,10.6059,16.3015,0.9692,0.6051,0.6449
AGR,2021-06-15,12.12,12.3,11.82,11.99,2524000,11.89,11.02,10.38,0.8495,8.8318,15.5507,-0.1718,-0.1022,0.5482
AGR,2021-06-16,11.91,11.91,11.35,11.65,2092100,11.88,11.14,10.4,-1.9773,4.6204,12.0494,0.0335,0.0198,0.5139
AGR,2021-06-17,11.3,11.74,11.22,11.65,2291700,11.8,11.23,10.42,-1.2963,3.7354,11.845,0.3509,0.2066,0.4366
AGR,2021-06-18,11.82,11.87,11.65,11.69,2014100,11.68,11.32,10.44,0.1028,3.2412,11.9689,-0.3213,-0.1963,0.4232
AGR,2021-06-21,11.43,11.69,11.39,11.43,1466900,11.61,11.41,10.46,-1.5758,0.2016,9.3173,-0.3199,-0.1716,0.3449
AGR,2021-06-22,11.52,11.65,11.39,11.48,1524200,11.64,11.48,10.47,-1.3322,-0.0218,9.6131,-0.125,-0.0738,0.3075
AGR,2021-06-23,11.48,11.99,11.48,11.61,2066300,11.63,11.56,10.49,-0.1462,0.4499,10.6346,-0.3023,-0.1811,0.2715
AGR,2021-06-24,11.65,11.82,11.48,11.61,1377700,11.66,11.64,10.51,-0.4117,-0.2963,10.4788,-0.1115,-0.0598,0.2782
AGR,2021-06-25,11.65,12.25,11.48,12.25,3985900,11.74,11.74,10.54,4.3441,4.313,16.246,1.0647,0.6087,0.377
AGR,2021-06-28,12.43,12.47,12.04,12.08,2789600,11.74,11.8,10.56,2.861,2.3772,14.3701,-0.5964,-0.3406,0.3397
AGR,2021-06-29,12.08,12.47,11.99,12.21,2432000,11.77,11.83,10.6,3.7736,3.234,15.2343,-0.0689,-0.0429,0.3294
AGR,2021-06-30,12.08,12.17,11.82,11.91,1590200,11.79,11.84,10.63,1.0007,0.604,12.0287,-0.2026,-0.114,0.3464
AGR,2021-07-01,12.08,12.73,11.95,12.73,11084100,11.9,11.85,10.68,6.9748,7.4126,19.2104,2.4866,1.4826,0.5599
AGR,2021-07-02,13.38,13.59,13.12,13.59,7293400,12.09,11.88,10.75,12.4069,14.3554,26.4257,1.9121,1.2953,0.719
AGR,2021-07-05,14.24,14.32,13.63,13.98,5862600,12.34,11.98,10.84,13.2442,16.7042,28.9977,0.0182,0.0115,0.6888
AGR,2021-07-06,13.81,13.85,13.03,13.03,7694500,12.5,12.07,10.9,4.24,7.976,19.5457,-0.9949,-0.6258,0.7758
AGR,2021-07-07,12.43,12.94,12.12,12.73,3927700,12.61,12.12,10.96,0.9356,5.0373,16.1306,0.3722,0.1941,0.7828
AGR,2021-07-08,12.94,13.03,12.25,12.51,2412400,12.7,12.18,11.02,-1.5116,2.7094,13.4817,-0.2865,-0.1517,0.8003
AGR,2021-07-09,12.17,12.47,11.65,11.65,4849400,12.64,12.19,11.07,-7.8469,-4.4377,5.2679,-1.3032,-0.7495,0.8242
AGR,2021-07-12,11.22,11.22,10.87,10.87,3095800,12.52,12.13,11.1,-13.1858,-10.4059,-2.0544,-0.5276,-0.3171,0.8173
AGR,2021-07-13,10.96,11.22,10.27,11.05,3180600,12.4,12.09,11.14,-10.923,-8.5681,-0.7883,0.7165,0.418,0.882
AGR,2021-07-14,11.05,11.26,10.36,10.61,2136900,12.28,12.03,11.16,-13.5642,-11.8295,-4.901,-0.4166,-0.2193,0.9034
AGR,2021-07-15,10.4,11.35,10.4,11.3,1980800,12.13,12.02,11.19,-6.8579,-5.9587,0.956,0.6069,0.3296,0.7155
AGR,2021-07-16,11.3,11.39,10.96,11.0,1540900,11.87,11.98,11.23,-7.3528,-8.1918,-2.0254,-0.4876,-0.2561,0.573
AGR,2021-07-19,10.4,10.7,10.27,10.27,2620200,11.5,11.92,11.24,-10.7112,-13.8676,-8.6396,-0.5127,-0.2873,0.6225
AGR,2021-07-20,10.14,10.96,9.92,10.96,2188600,11.3,11.9,11.27,-2.9659,-7.8798,-2.7472,0.4425,0.2337,0.5672
AGR,2021-07-21,10.96,11.18,10.61,10.7,1110300,11.09,11.85,11.29,-3.5341,-9.7199,-5.2494,-0.335,-0.1737,0.5635
AGR,2021-07-22,10.7,10.92,10.53,10.79,1107800,10.92,11.81,11.32,-1.1905,-8.6445,-4.6719,0.1259,0.066,0.5475
AGR,2021-07-23,10.57,10.79,10.53,10.53,1635400,10.81,11.72,11.34,-2.5722,-10.1919,-7.1396,-0.3918,-0.1945,0.4563
AGR,2021-07-26,10.36,10.61,10.23,10.48,1519800,10.77,11.64,11.36,-2.6836,-10.0043,-7.7546,0.2254,0.1059,0.4261
AGR,2021-07-27,10.61,10.79,10.53,10.61,1227600,10.72,11.57,11.39,-1.0723,-8.2577,-6.8154,-0.1929,-0.0904,0.3737
AGR,2021-07-28,10.61,10.74,10.53,10.61,812700,10.72,11.5,11.41,-1.0723,-7.7391,-7.0326,-0.1121,-0.0605,0.3433
AGR,2021-07-29,10.66,11.35,10.66,11.35,4652900,10.73,11.43,11.44,5.7782,-0.7086,-0.8266,1.6279,0.9134,0.4454
AGR,2021-07-30,11.65,11.65,11.35,11.48,2347200,10.78,11.33,11.48,6.5133,1.3642,0.0227,-0.0975,-0.0575,0.4064
AGR,2021-08-02,11.39,11.65,11.35,11.48,2190600,10.9,11.2,11.51,5.3308,2.4954,-0.278,-0.1107,-0.0591,0.3662
AGR,2021-08-03,11.82,12.25,11.65,12.08,4032500,11.01,11.15,11.55,9.7085,8.3117,4.5507,0.4529,0.2424,0.3672
AGR,2021-08-04,12.34,12.47,12.12,12.25,4201700,11.17,11.13,11.6,9.708,10.0728,5.6289,-0.3807,-0.2122,0.3718
AGR,2021-08-05,12.17,12.51,11.99,12.43,2450200,11.33,11.12,11.65,9.7087,11.7303,6.7118,0.4179,0.2507,0.401
AGR,2021-08-06,12.47,12.47,12.12,12.12,2625800,11.49,11.15,11.69,5.4922,8.7142,3.7209,-0.613,-0.3273,0.4231
AGR,2021-08-09,11.91,12.47,11.91,12.43,3769000,11.68,11.23,11.71,6.3848,10.7202,6.1069,0.6606,0.3762,0.4666
AGR,2021-08-10,12.6,12.86,12.3,12.43,2271600,11.87,11.3,11.73,4.7531,10.0438,5.9658,-0.3047,-0.1721,0.4778
AGR,2021-08-11,12.43,12.6,12.21,12.25,2286600,12.03,11.38,11.74,1.8288,7.6686,4.3317,-0.3219,-0.1847,0.4988
AGR,2021-08-12,11.99,12.43,11.91,12.08,2851100,12.1,11.42,11.73,-0.19,5.8118,2.9522,-0.199,-0.1122,0.3559
AGR,2021-08-13,12.04,12.38,11.95,12.34,2921700,12.19,11.48,11.72,1.2388,7.4585,5.2757,0.4509,0.2573,0.3912
AGR,2021-08-16,12.77,13.2,12.6,13.2,4739600,12.36,11.63,11.74,6.7875,13.4996,12.3978,0.8892,0.5468,0.4691
AGR,2021-08-17,13.2,13.2,12.73,12.86,3090000,12.44,11.72,11.78,3.3845,9.6802,9.2052,-0.3291,-0.1741,0.4567
AGR,2021-08-18,12.69,13.29,12.6,12.94,3704500,12.51,11.84,11.8,3.4538,9.3182,9.6517,-0.0201,-0.0117,0.4206
AGR,2021-08-19,12.94,13.76,12.81,13.76,6247500,12.64,11.99,11.85,8.8521,14.8054,16.1162,1.4493,0.8867,0.5238
AGR,2021-08-20,13.89,14.45,13.12,13.89,8016800,12.82,12.15,11.9,8.3632,14.2881,16.7286,0.1941,0.1304,0.4819
AGR,2021-08-23,13.89,14.84,13.63,14.84,9274900,13.06,12.37,11.96,13.6381,19.9531,24.128,1.3873,0.9601,0.5546
AGR,2021-08-24,15.45,15.71,13.81,14.07,6652000,13.22,12.54,12.0,6.4055,12.1607,17.2793,-1.2785,-0.9382,0.6519
AGR,2021-08-25,13.94,14.24,13.46,14.24,3132100,13.42,12.73,12.05,6.0945,11.8969,18.186,0.9674,0.6258,0.7165
AGR,2021-08-26,14.15,14.67,13.85,13.94,3430000,13.61,12.86,12.09,2.4397,8.4361,15.258,-0.9232,-0.5958,0.7889
AGR,2021-08-27,13.94,14.32,13.5,14.32,3149100,13.81,13.0,12.15,3.723,10.175,17.8872,0.5557,0.368,0.7994
AGR,2021-08-30,14.58,14.67,14.32,14.5,3596600,13.94,13.15,12.21,4.0471,10.2787,18.7687,0.0237,0.0153,0.7128
AGR,2021-08-31,14.71,14.84,14.24,14.24,3283100,14.07,13.26,12.26,1.1795,7.419,16.1141,-0.9124,-0.6029,0.7712
AGR,2021-09-01,14.15,14.58,13.98,14.45,2798400,14.22,13.37,12.32,1.5817,8.1061,17.2832,0.3947,0.2723,0.8086
AGR,2021-09-06,14.84,15.45,14.58,15.45,5608500,14.39,13.52,12.4,7.3364,14.2963,24.6229,0.9671,0.6869,0.7604
AGR,2021-09-07,15.45,15.71,14.93,15.06,4064100,14.51,13.66,12.45,3.7833,10.2126,20.9289,-0.4946,-0.3755,0.7905
AGR,2021-09-08,15.27,15.27,14.58,14.8,2955400,14.51,13.78,12.51,2.0197,7.3787,18.3243,-0.3435,-0.2165,0.6861
AGR,2021-09-09,14.67,15.02,14.58,14.93,2218100,14.59,13.91,12.56,2.3093,7.3483,18.8467,0.3907,0.2781,0.5973
AGR,2021-09-10,15.1,15.14,14.8,14.8,2084200,14.65,14.04,12.62,1.0308,5.4469,17.2723,-0.6296,-0.4069,0.5635
AGR,2021-09-13,14.8,14.8,14.2,14.45,3193200,14.7,14.15,12.65,-1.7007,2.0913,14.1877,-0.101,-0.0692,0.4813
AGR,2021-09-14,14.37,14.41,13.94,14.02,2960200,14.67,14.24,12.66,-4.4308,-1.5311,10.7145,-0.4181,-0.3074,0.4675
AGR,2021-09-15,13.81,14.5,13.76,14.24,1984200,14.64,14.29,12.67,-2.7588,-0.3499,12.4057,0.1426,0.0978,0.4794
AGR,2021-09-16,14.32,14.37,14.11,14.2,1343400,14.64,14.36,12.69,-3.0055,-1.0935,11.8833,-0.1319,-0.0751,0.4014
AGR,2021-09-17,14.32,14.84,14.32,14.76,2913600,14.67,14.45,12.73,0.6066,2.1595,15.9247,0.4733,0.3036,0.4093
AGR,2021-09-20,14.93,15.19,14.5,14.67,2849800,14.59,14.49,12.78,0.5277,1.2178,14.8283,-0.2774,-0.1957,0.3403
AGR,2021-09-21,14.24,14.54,14.07,14.37,2442900,14.52,14.52,12.83,-1.0603,-1.016,12.0031,0.1637,0.1138,0.3072
AGR,2021-09-22,14.41,14.8,14.32,14.67,2454700,14.51,14.51,12.91,1.0957,1.1097,13.6681,0.2725,0.2223,0.3001
AGR,2021-09-23,15.06,15.1,14.58,14.67,2858200,14.49,14.54,12.98,1.2772,0.901,13.034,-0.3304,-0.2692,0.294
AGR,2021-09-24,14.76,14.76,14.41,14.5,1346700,14.46,14.55,13.06,0.3113,-0.3573,11.0583,-0.1974,-0.1476,0.2508
AGR,2021-09-27,14.32,14.54,13.81,13.81,2153700,14.39,14.55,13.11,-4.0372,-5.0565,5.3684,-0.3471,-0.2429,0.2754
AGR,2021-09-28,13.46,14.24,13.46,14.2,1316200,14.41,14.54,13.17,-1.4505,-2.335,7.8175,0.2695,0.1814,0.2606
AGR,2021-09-29,14.15,14.15,13.85,14.07,1023500,14.39,14.52,13.25,-2.2374,-3.0858,6.2175,0.1768,0.1264,0.264
AGR,2021-09-30,14.24,14.28,13.98,13.98,1030300,14.37,14.5,13.31,-2.714,-3.6194,5.0591,-0.4446,-0.2698,0.2953
AGR,2021-10-01,13.89,14.24,13.81,13.85,1526300,14.28,14.48,13.37,-3.0044,-4.3178,3.5917,-0.3246,-0.2111,0.2804
AGR,2021-10-04,13.81,13.98,13.38,13.68,1954300,14.18,14.39,13.43,-3.5261,-4.9109,1.8797,-0.0,-0.0,0.2527
AGR,2021-10-05,13.89,14.63,13.76,14.58,3059400,14.2,14.36,13.51,2.6688,1.5144,7.9312,0.7623,0.5216,0.3125
AGR,2021-10-06,14.58,14.8,14.37,14.45,1350000,14.18,14.35,13.59,1.9113,0.732,6.3438,-0.2559,-0.1728,0.3109
AGR,2021-10-07,14.45,14.76,14.2,14.5,2115400,14.16,14.32,13.67,2.3867,1.2322,6.1043,0.0403,0.0272,0.2818
AGR,2021-10-08,14.5,14.67,14.32,14.41,1277800,14.15,14.3,13.74,1.8159,0.7411,4.8625,-0.2048,-0.1395,0.2826
AGR,2021-10-11,14.5,14.89,14.37,14.71,3116200,14.24,14.32,13.81,3.2788,2.745,6.5247,0.2165,0.1439,0.2695
AGR,2021-10-12,14.93,15.53,14.89,15.06,5428900,14.33,14.37,13.88,5.1015,4.809,8.4968,-0.7634,-0.5223,0.3189
AGR,2021-10-13,15.19,15.4,14.8,14.84,1963000,14.41,14.4,13.95,3.0126,3.0627,6.3967,-0.5306,-0.3388,0.3543
AGR,2021-10-14,14.67,15.27,14.67,15.1,2626600,14.52,14.44,14.01,4.0088,4.5417,7.794,0.3213,0.214,0.342
AGR,2021-10-15,15.27,15.45,14.93,15.1,3516700,14.64,14.46,14.07,3.1209,4.4188,7.3572,-0.4242,-0.3092,0.3519
AGR,2021-10-18,14.84,15.36,14.45,14.76,6170400,14.75,14.47,14.11,0.061,2.0359,4.5933,-0.4977,-0.3546,0.4017
AGR,2021-10-19,14.76,14.97,14.54,14.63,1785500,14.76,14.48,14.16,-0.8539,1.0464,3.3046,-0.3449,-0.2199,0.3599
AGR,2021-10-20,14.58,14.76,14.41,14.58,2789500,14.77,14.47,14.2,-1.2797,0.7323,2.6399,-0.0281,-0.0211,0.3372
AGR,2021-10-21,14.76,14.93,14.45,14.58,1501500,14.78,14.47,14.25,-1.3332,0.7637,2.3302,-0.1841,-0.1174,0.3515
AGR,2021-10-22,14.58,14.58,14.37,14.41,2505000,14.78,14.46,14.29,-2.4836,-0.3802,0.8313,-0.4066,-0.2624,0.3717
AGR,2021-10-25,14.54,14.67,14.41,14.5,1701300,14.76,14.5,14.34,-1.7349,0.0034,1.1186,-0.0927,-0.0601,0.3593
AGR,2021-10-26,14.41,14.67,14.24,14.54,1203700,14.7,14.52,14.38,-1.1153,0.1619,1.0873,0.1091,0.0731,0.2939
AGR,2021-10-27,14.58,15.02,14.45,14.84,3523300,14.7,14.56,14.42,0.9249,1.9581,2.9383,0.2642,0.1506,0.2673
AGR,2021-10-28,14.93,15.45,14.93,15.06,3992200,14.7,14.61,14.46,2.449,3.0871,4.1465,-0.4818,-0.3108,0.2833
AGR,2021-10-29,15.36,15.36,14.84,15.1,2517600,14.7,14.67,14.5,2.7211,2.9206,4.1121,0.0,0.0,0.2409
AGR,2021-11-01,15.45,15.96,15.1,15.96,6579200,14.82,14.79,14.55,7.6923,7.9436,9.7088,1.1084,0.7685,0.302
AGR,2021-11-02,16.31,16.57,16.05,16.44,3401300,15.0,14.88,14.6,9.5927,10.495,12.6135,0.3083,0.2309,0.2983
AGR,2021-11-03,16.7,16.83,15.71,15.71,4063200,15.11,14.94,14.62,3.9434,5.1434,7.4849,-0.387,-0.2893,0.3342
AGR,2021-11-04,15.96,16.78,15.58,16.65,4358500,15.32,15.05,14.67,8.6744,10.6386,13.5155,0.7549,0.5461,0.3913
AGR,2021-11-05,16.91,17.13,16.44,16.57,2874500,15.54,15.16,14.71,6.6486,9.3224,12.6123,-0.4268,-0.3186,0.3933
AGR,2021-11-08,16.61,17.26,16.57,17.04,4034000,15.79,15.27,14.78,7.9096,11.5658,15.3206,0.3267,0.2432,0.4167
AGR,2021-11-09,17.04,17.04,16.61,16.7,3044200,16.01,15.36,14.82,4.3294,8.7558,12.6567,-0.3391,-0.2604,0.4397
AGR,2021-11-10,16.83,17.0,16.65,16.74,2096700,16.2,15.45,14.87,3.3525,8.346,12.5863,-0.2032,-0.1355,0.4336
AGR,2021-11-11,16.83,17.13,16.22,16.74,3924900,16.36,15.53,14.92,2.2915,7.774,12.2089,0.1036,0.0781,0.3958
AGR,2021-11-12,16.74,17.91,16.57,17.91,6120000,16.65,15.67,14.99,7.5934,14.273,19.4972,1.1321,0.9278,0.509
AGR,2021-11-15,18.73,19.16,18.64,19.16,3959000,16.97,15.89,15.06,12.9317,20.5562,27.2075,0.7326,0.5992,0.4714
AGR,2021-11-16,18.12,20.28,18.12,19.89,4802800,17.31,16.16,15.16,14.898,23.1122,31.2126,0.6405,0.526,0.5047
AGR,2021-11-17,19.89,21.14,19.42,20.8,4380300,17.82,16.47,15.28,16.7228,26.3132,36.1381,0.644,0.5477,0.5304
AGR,2021-11-18,21.27,22.22,21.27,22.22,4268200,18.38,16.85,15.42,20.912,31.8773,44.0575,0.6332,0.5714,0.5182
AGR,2021-11-19,23.13,23.56,20.67,21.57,8195400,18.88,17.21,15.56,14.266,25.356,38.6265,-0.4624,-0.4342,0.5217
AGR,2021-11-22,21.75,22.35,20.71,20.71,4822400,19.24,17.52,15.68,7.618,18.2246,32.037,-0.6023,-0.595,0.5493
AGR,2021-11-23,20.11,22.13,20.11,22.13,3477900,19.79,17.9,15.85,11.8411,23.652,39.6461,0.6852,0.5868,0.5839
AGR,2021-11-24,22.87,23.3,22.52,22.7,3023800,20.38,18.29,16.02,11.3673,24.1115,41.7297,-0.2347,-0.2317,0.5871
AGR,2021-11-25,22.61,23.73,22.0,23.13,3575700,21.02,18.69,16.2,10.0276,23.7328,42.8219,0.2458,0.2378,0.6013
AGR,2021-11-26,23.04,23.3,22.09,22.48,3153400,21.48,19.06,16.35,4.6604,17.9279,37.4974,-0.2071,-0.1903,0.5088
AGR,2021-11-29,21.75,23.39,21.57,23.26,3414100,21.89,19.43,16.52,6.2634,19.7272,40.7888,0.5644,0.5013,0.492
AGR,2021-11-30,23.73,24.59,23.3,23.9,4353700,22.29,19.8,16.71,7.223,20.704,43.0127,-0.0564,-0.0586,0.4336
AGR,2021-12-01,23.56,23.99,23.39,23.9,1845200,22.6,20.21,16.9,5.7522,18.2583,41.4502,0.31,0.3147,0.4002
AGR,2021-12-02,23.82,24.12,23.39,23.39,2100800,22.72,20.55,17.07,2.9625,13.8366,37.0176,-0.501,-0.4691,0.3869
AGR,2021-12-03,23.34,23.47,21.79,21.79,6293300,22.74,20.81,17.22,-4.1734,4.7193,26.5639,-0.7812,-0.6993,0.4188
AGR,2021-12-06,21.7,21.83,20.28,20.28,3855500,22.7,20.97,17.35,-10.645,-3.2904,16.9146,-0.717,-0.6448,0.4303
AGR,2021-12-07,20.71,21.14,19.42,21.14,2690300,22.6,21.19,17.48,-6.4478,-0.2454,20.905,0.5757,0.521,0.4193
AGR,2021-12-08,21.14,21.4,20.88,21.19,2241500,22.45,21.41,17.63,-5.5957,-1.0484,20.2119,0.1107,0.1065,0.4069
AGR,2021-12-09,20.88,21.57,20.88,21.57,1558000,22.29,21.66,17.78,-3.2301,-0.3971,21.3229,0.4621,0.3845,0.4285
AGR,2021-12-10,21.57,21.57,20.88,21.06,1628200,22.15,21.81,17.92,-4.9124,-3.4543,17.5013,-0.2273,-0.194,0.4306
AGR,2021-12-13,21.06,21.92,20.8,21.31,1694500,21.95,21.92,18.08,-2.929,-2.7873,17.8924,-0.0368,-0.0332,0.3778
AGR,2021-12-14,21.57,21.57,20.88,21.06,1531300,21.67,21.98,18.21,-2.8105,-4.1834,15.68,-0.1771,-0.161,0.3899
AGR,2021-12-15,20.97,21.06,20.62,20.62,1816200,21.34,21.97,18.33,-3.3785,-6.1469,12.5005,-0.4491,-0.374,0.4038
AGR,2021-12-16,20.62,20.97,20.02,20.19,2233900,21.02,21.87,18.44,-3.9532,-7.6775,9.4748,-0.2691,-0.2368,0.3806
AGR,2021-12-17,20.45,21.23,20.19,21.23,1986000,20.96,21.85,18.58,1.264,-2.8464,14.2688,0.3623,0.3269,0.3387
AGR,2021-12-20,21.31,22.0,21.1,21.57,2480900,21.09,21.9,18.72,2.2566,-1.4844,15.2478,0.0239,0.0215,0.2694
AGR,2021-12-21,21.57,21.57,21.01,21.06,1367300,21.09,21.84,18.84,-0.1233,-3.5781,11.806,-0.2379,-0.1811,0.2356
AGR,2021-12-22,21.06,21.4,20.37,20.71,2206700,21.04,21.74,18.95,-1.5591,-4.7466,9.2668,-0.1342,-0.1136,0.238
AGR,2021-12-23,20.62,20.62,19.29,19.76,3218500,20.86,21.57,19.05,-5.2596,-8.4061,3.7445,-0.1547,-0.118,0.2072
AGR,2021-12-24,19.76,20.37,19.46,20.11,1155200,20.76,21.46,19.15,-3.1404,-6.2689,5.0295,0.1152,0.1049,0.196
AGR,2021-12-27,20.58,20.58,19.85,20.02,679000,20.63,21.29,19.25,-2.971,-5.9785,3.9881,-0.1073,-0.0799,0.2031
AGR,2021-12-28,20.19,20.19,19.76,19.85,1719000,20.51,21.09,19.36,-3.2274,-5.8818,2.549,-0.2037,-0.1647,0.2057
AGR,2021-12-29,19.89,21.06,19.5,20.71,2375600,20.52,20.93,19.48,0.921,-1.0559,6.3185,0.3296,0.2739,0.1938
AGR,2021-12-30,21.4,22.13,21.14,22.13,3580400,20.72,20.87,19.63,6.8308,6.0475,12.7345,0.8801,0.7819,0.2549
AGR,2021-12-31,22.7,23.0,21.96,22.0,2792500,20.79,20.88,19.78,5.8099,5.3716,11.2122,-0.6599,-0.577,0.2847
AGR,2022-01-04,22.18,22.44,22.0,22.0,2426000,20.84,20.96,19.93,5.5916,4.9393,10.3753,-0.5486,-0.4376,0.3371
AGR,2022-01-05,22.0,22.78,21.66,21.75,2947800,20.9,20.99,20.08,4.0471,3.5961,8.3372,-0.389,-0.3126,0.3522
AGR,2022-01-06,21.44,22.0,21.14,21.44,2707400,20.98,21.01,20.21,2.2072,2.0588,6.0955,-0.1611,-0.1251,0.3549
AGR,2022-01-07,21.4,22.0,21.31,21.66,1660100,21.17,21.01,20.34,2.3291,3.084,6.4886,0.0047,0.0037,0.3399
AGR,2022-01-10,21.83,21.83,20.71,20.71,2885900,21.23,20.99,20.45,-2.4356,-1.3551,1.2595,-0.3663,-0.292,0.3651
AGR,2022-01-11,20.71,21.4,20.19,20.37,1904600,21.26,20.95,20.54,-4.1953,-2.7569,-0.8306,-0.2579,-0.1954,0.3801
AGR,2022-01-12,20.37,21.57,20.28,21.14,2198500,21.39,20.95,20.63,-1.1734,0.8997,2.4493,0.1092,0.0832,0.3707
AGR,2022-01-13,21.23,21.4,20.41,20.41,1327600,21.36,20.94,20.73,-4.452,-2.5357,-1.537,-0.1884,-0.1666,0.3565
AGR,2022-01-14,20.28,20.67,20.06,20.28,1020900,21.18,20.95,20.8,-4.2312,-3.1773,-2.5056,-0.0795,-0.0588,0.2765
AGR,2022-01-17,20.45,20.45,18.9,18.9,2557200,20.87,20.83,20.85,-9.422,-9.2611,-9.343,-0.3248,-0.2523,0.243
AGR,2022-01-18,17.6,18.21,17.6,17.6,2481900,20.43,20.63,20.86,-13.8353,-14.6894,-15.624,-0.5954,-0.4486,0.2476
AGR,2022-01-19,18.12,18.29,17.47,18.12,1274900,20.06,20.48,20.89,-9.6845,-11.5386,-13.2491,0.2085,0.1636,0.2296
AGR,2022-01-20,18.42,18.73,17.82,18.55,942400,19.77,20.38,20.92,-6.1899,-8.9593,-11.3441,0.1279,0.0904,0.2263
AGR,2022-01-21,18.38,18.55,17.69,18.25,807000,19.43,20.3,20.95,-6.0876,-10.0985,-12.9036,0.0693,0.0492,0.2327
AGR,2022-01-24,17.82,17.95,17.0,17.0,1898200,19.06,20.14,20.94,-10.8173,-15.6097,-18.7986,-0.3291,-0.2331,0.229
AGR,2022-01-25,15.88,17.0,15.88,16.57,1226900,18.68,19.97,20.88,-11.305,-17.0338,-20.6562,0.0578,0.038,0.209
AGR,2022-01-26,16.83,17.0,16.27,16.27,713300,18.2,19.79,20.81,-10.5798,-17.7992,-21.8217,-0.1779,-0.1272,0.2159
AGR,2022-01-27,16.22,17.17,16.05,16.4,863300,17.79,19.58,20.72,-7.8341,-16.2304,-20.8624,-0.1364,-0.093,0.2107
AGR,2022-01-28,16.74,16.74,16.27,16.48,760600,17.41,19.29,20.61,-5.3635,-14.5893,-20.0334,-0.021,-0.0145,0.2048
AGR,2022-02-07,17.34,17.47,17.0,17.43,675000,17.27,19.07,20.53,0.944,-8.5831,-15.0825,0.1859,0.1254,0.1909
AGR,2022-02-08,17.34,17.6,17.09,17.47,741800,17.25,18.84,20.46,1.2519,-7.2718,-14.6181,0.1172,0.0794,0.1431
AGR,2022-02-09,17.43,18.08,17.3,17.86,938200,17.23,18.65,20.38,3.6684,-4.2128,-12.3461,0.1015,0.069,0.1324
AGR,2022-02-10,17.95,18.04,17.65,17.78,784400,17.15,18.46,20.28,3.6674,-3.6967,-12.3153,-0.1188,-0.0766,0.1315
AGR,2022-02-11,17.56,17.91,17.52,17.78,565700,17.1,18.27,20.17,3.9523,-2.674,-11.8502,0.0678,0.0432,0.1313
AGR,2022-02-14,17.6,17.6,16.83,17.09,902400,17.11,18.09,20.06,-0.1344,-5.5149,-14.8158,-0.0557,-0.0385,0.104
AGR,2022-02-15,17.0,17.3,16.91,17.17,671600,17.17,17.93,19.94,-0.0175,-4.2254,-13.8943,0.086,0.0545,0.1068
AGR,2022-02-16,17.56,17.6,17.26,17.34,619300,17.28,17.74,19.81,0.3472,-2.241,-12.4658,-0.1088,-0.0749,0.0999
AGR,2022-02-17,17.34,17.56,17.34,17.56,586700,17.4,17.6,19.68,0.9427,-0.1989,-10.7841,0.2261,0.1366,0.1089
AGR,2022-02-18,17.43,18.08,17.3,17.86,1871900,17.53,17.47,19.57,1.8592,2.209,-8.7472,0.2496,0.1743,0.1317
AGR,2022-02-21,18.12,18.73,18.12,18.51,1349000,17.64,17.45,19.51,4.9201,6.0472,-5.1081,0.1075,0.0814,0.1239
AGR,2022-02-22,18.21,18.47,17.69,17.99,1478300,17.69,17.47,19.46,1.6729,2.953,-7.5568,-0.0843,-0.0574,0.1206
AGR,2022-02-23,18.12,18.38,18.12,18.25,970500,17.73,17.48,19.4,2.9155,4.402,-5.9414,0.0,0.0,0.1105
AGR,2022-02-24,18.21,18.73,17.26,17.78,2057300,17.73,17.44,19.33,0.265,1.9379,-8.0405,-0.1414,-0.1003,0.1127
AGR,2022-02-25,18.12,18.51,17.95,18.38,1228400,17.79,17.45,19.27,3.2991,5.3386,-4.6225,0.1678,0.1172,0.1227
AGR,2022-02-28,18.64,18.64,18.12,18.21,1001200,17.9,17.51,19.21,1.7034,4.0037,-5.2244,-0.1661,-0.1148,0.1338
AGR,2022-03-01,18.16,18.51,17.99,18.38,1042700,18.03,17.6,19.16,1.9638,4.4348,-4.0469,0.1184,0.0863,0.137
AGR,2022-03-02,18.47,18.47,17.95,18.16,1290900,18.11,17.69,19.1,0.2872,2.6337,-4.9075,-0.0444,-0.0335,0.1306
AGR,2022-03-03,18.34,18.55,17.95,18.51,1753200,18.2,17.8,19.06,1.6865,3.9917,-2.8601,0.2774,0.1974,0.1357
AGR,2022-03-04,18.86,19.24,18.77,18.86,1875500,18.3,17.92,19.03,3.0432,5.2543,-0.885,-0.2776,-0.1958,0.1385
AGR,2022-03-07,18.55,18.9,18.38,18.55,1230600,18.31,17.97,18.97,1.3274,3.2018,-2.2388,-0.1093,-0.0736,0.1387
AGR,2022-03-08,18.29,18.9,18.12,18.34,1587800,18.34,18.02,18.91,-0.0109,1.7871,-3.0153,-0.1074,-0.0747,0.141
AGR,2022-03-09,18.86,18.86,18.04,18.29,1160200,18.35,18.04,18.85,-0.3052,1.3886,-2.9955,-0.1065,-0.0716,0.1516
AGR,2022-03-10,18.73,18.81,18.38,18.38,583400,18.41,18.07,18.81,-0.1413,1.7184,-2.2767,-0.1545,-0.109,0.1529
AGR,2022-03-11,18.38,18.38,17.73,17.86,1182700,18.35,18.07,18.77,-2.6915,-1.1813,-4.8492,-0.167,-0.117,0.1529
AGR,2022-03-14,17.6,17.6,17.0,17.13,1544800,18.25,18.08,18.71,-6.1164,-5.2308,-8.4476,-0.1745,-0.116,0.1537
AGR,2022-03-15,17.26,17.34,17.09,17.22,807100,18.13,18.08,18.65,-5.0193,-4.7461,-7.6903,0.0095,0.0062,0.1428
AGR,2022-03-16,17.26,17.47,17.13,17.3,780300,18.04,18.08,18.6,-4.1233,-4.293,-7.0072,0.0,0.0,0.1384
AGR,2022-03-17,17.52,17.56,17.34,17.52,861800,17.94,18.07,18.54,-2.3683,-3.0652,-5.5006,0.1528,0.1091,0.1259
AGR,2022-03-18,17.56,17.65,17.43,17.52,591000,17.81,18.06,18.45,-1.6338,-2.9739,-5.0283,-0.033,-0.0204,0.1015
AGR,2022-03-21,17.52,17.69,17.43,17.69,927400,17.73,18.02,18.36,-0.1975,-1.8095,-3.6566,0.2557,0.1567,0.1161
AGR,2022-03-22,17.95,18.04,17.65,17.82,780800,17.67,18.01,18.28,0.8318,-1.0412,-2.5047,-0.0213,-0.0146,0.1075
AGR,2022-03-23,18.04,18.04,17.82,17.86,806000,17.63,17.99,18.2,1.3046,-0.7116,-1.8681,-0.1252,-0.085,0.1094
AGR,2022-03-24,17.82,17.95,17.65,17.69,961100,17.56,17.98,18.12,0.7346,-1.6321,-2.4,-0.173,-0.1098,0.1112
AGR,2022-03-25,17.69,17.86,17.56,17.56,613100,17.53,17.94,18.04,0.1654,-2.1318,-2.6769,-0.1487,-0.0987,0.1094
AGR,2022-03-28,17.0,17.56,17.0,17.26,1216400,17.54,17.9,17.97,-1.6188,-3.5485,-3.9724,-0.0172,-0.0109,0.0936
AGR,2022-03-29,17.34,17.6,17.26,17.34,698300,17.56,17.84,17.91,-1.2303,-2.819,-3.201,-0.1167,-0.0741,0.1044
AGR,2022-03-30,17.34,17.52,17.0,17.17,816100,17.54,17.79,17.83,-2.1262,-3.5041,-3.7232,-0.0593,-0.0401,0.1103
AGR,2022-03-31,17.17,17.43,16.96,17.13,631200,17.5,17.72,17.77,-2.1367,-3.3541,-3.5929,-0.0476,-0.031,0.0998
AGR,2022-04-01,16.96,17.26,16.83,17.26,735400,17.48,17.64,17.71,-1.2473,-2.1791,-2.5299,0.1708,0.11,0.1135
AGR,2022-04-04,17.6,18.47,17.34,18.47,2471600,17.56,17.64,17.7,5.2062,4.7022,4.3538,0.5335,0.3564,0.1413
AGR,2022-04-05,18.47,18.64,17.86,17.95,1559100,17.57,17.62,17.71,2.1686,1.8671,1.3758,-0.3518,-0.2315,0.1744
AGR,2022-04-06,17.6,18.12,17.43,17.91,981700,17.57,17.6,17.7,1.9119,1.7498,1.1739,0.0801,0.053,0.1699
AGR,2022-04-07,17.78,17.91,17.43,17.43,909000,17.55,17.55,17.68,-0.6724,-0.7092,-1.4129,-0.1888,-0.1244,0.1714
AGR,2022-04-08,17.34,17.65,17.0,17.04,1176900,17.5,17.51,17.66,-2.6063,-2.7036,-3.4867,-0.1965,-0.1383,0.1762
AGR,2022-04-12,16.91,17.22,15.96,15.96,1221100,17.37,17.46,17.63,-8.0963,-8.5649,-9.4971,-0.2315,-0.153,0.1977
AGR,2022-04-13,16.01,16.4,15.27,16.4,994800,17.27,17.41,17.63,-5.0486,-5.8229,-6.9841,0.2386,0.1451,0.2099
AGR,2022-04-14,16.53,16.65,16.14,16.14,474500,17.17,17.36,17.63,-5.9934,-7.0062,-8.4453,-0.1576,-0.0933,0.2197
AGR,2022-04-15,16.22,16.22,15.36,15.49,907900,17.0,17.25,17.61,-8.9091,-10.2263,-12.0416,-0.1624,-0.097,0.2312
AGR,2022-04-18,15.1,15.4,14.41,14.41,1376000,16.72,17.1,17.57,-13.8158,-15.7261,-17.9815,-0.2391,-0.1508,0.238
AGR,2022-04-19,14.45,14.84,13.5,13.5,600100,16.22,16.89,17.49,-16.7848,-20.0687,-22.8157,-0.1223,-0.0721,0.1969
AGR,2022-04-20,13.46,13.98,13.2,13.46,864300,15.77,16.67,17.41,-14.6697,-19.2634,-22.6899,-0.0586,-0.0359,0.1675
AGR,2022-04-21,13.29,14.32,12.56,13.46,1146600,15.33,16.45,17.32,-12.1926,-18.1838,-22.2971,0.006,0.0034,0.1601
AGR,2022-04-22,13.98,13.98,13.2,13.38,724500,14.92,16.24,17.23,-10.3458,-17.5905,-22.3646,-0.107,-0.0573,0.152
AGR,2022-04-25,13.46,13.68,12.47,12.47,818000,14.47,15.98,17.13,-13.8038,-21.9723,-27.1961,-0.14,-0.0834,0.1463
AGR,2022-04-26,12.38,12.77,11.61,12.77,726600,14.15,15.76,17.04,-9.7399,-18.9567,-25.0666,0.129,0.0722,0.1361
AGR,2022-04-27,12.77,13.07,12.51,13.03,371300,13.81,15.54,16.96,-5.6549,-16.16,-23.1676,0.1151,0.0612,0.1237
AGR,2022-04-28,13.12,13.38,13.03,13.12,391500,13.51,15.34,16.87,-2.8796,-14.4664,-22.25,-0.0813,-0.0459,0.1161
AGR,2022-04-29,13.07,13.33,12.94,13.2,546900,13.28,15.14,16.79,-0.6024,-12.8281,-21.3696,0.0632,0.0351,0.1062
AGR,2022-05-04,13.2,13.29,12.86,12.9,472900,13.13,14.92,16.69,-1.7442,-13.5649,-22.6999,-0.1302,-0.0748,0.0953
AGR,2022-05-05,13.12,13.12,12.34,12.77,435300,13.06,14.64,16.57,-2.1906,-12.7702,-22.9488,0.0211,0.0108,0.0851
AGR,2022-05-06,12.6,12.6,11.91,11.91,592900,12.9,14.34,16.45,-7.6816,-16.9311,-27.6067,-0.1551,-0.0829,0.0948
AGR,2022-05-09,11.74,11.74,11.09,11.09,699700,12.66,14.0,16.31,-12.4289,-20.7659,-31.9991,-0.1228,-0.067,0.1065
AGR,2022-05-10,10.36,11.65,10.36,11.65,1012300,12.49,13.71,16.19,-6.7328,-15.01,-28.0242,0.2167,0.113,0.1175
AGR,2022-05-11,11.65,11.78,11.22,11.52,374800,12.4,13.43,16.05,-7.0668,-14.2315,-28.2189,0.017,0.0076,0.1052
AGR,2022-05-12,11.22,11.3,10.74,10.74,590800,12.19,13.17,15.9,-11.9167,-18.4541,-32.4503,-0.1316,-0.0696,0.1054
AGR,2022-05-13,10.1,10.7,10.01,10.01,982800,11.89,12.85,15.73,-15.8187,-22.1072,-36.3717,-0.1637,-0.0908,0.1103
AGR,2022-05-16,10.1,10.53,10.05,10.1,561800,11.59,12.55,15.57,-12.8484,-19.5155,-35.135,-0.1099,-0.0597,0.1131
AGR,2022-05-17,9.66,10.79,9.66,10.79,757200,11.35,12.31,15.42,-4.9172,-12.3762,-30.0096,0.1485,0.0791,0.1217
AGR,2022-05-18,11.13,11.39,10.87,10.92,597200,11.15,12.14,15.26,-2.0628,-10.0457,-28.4291,-0.1585,-0.081,0.1245
AGR,2022-05-19,10.48,11.09,10.44,10.92,609200,10.96,12.01,15.1,-0.4104,-9.0796,-27.7061,0.1275,0.0638,0.1351
AGR,2022-05-20,11.22,11.3,10.96,10.96,587100,10.87,11.89,14.96,0.828,-7.7868,-26.7252,-0.2523,-0.133,0.1448
AGR,2022-05-23,11.13,11.18,10.27,10.53,655200,10.81,11.74,14.8,-2.6262,-10.299,-28.8619,-0.1107,-0.0586,0.1436
AGR,2022-05-24,10.4,10.61,10.1,10.61,482900,10.71,11.6,14.65,-0.9337,-8.5384,-27.561,0.1292,0.0653,0.1349
AGR,2022-05-25,10.79,11.09,10.57,11.05,615300,10.66,11.53,14.51,3.6294,-4.1589,-23.8488,0.1133,0.0609,0.1445
AGR,2022-05-26,11.22,11.65,11.13,11.35,1050800,10.72,11.46,14.4,5.8374,-0.9469,-21.1532,-0.0678,-0.0381,0.1381
AGR,2022-05-27,11.26,11.48,11.22,11.3,519500,10.85,11.37,14.28,4.1187,-0.6331,-20.8495,-0.0929,-0.0433,0.1311
AGR,2022-05-30,11.43,11.56,11.22,11.48,428300,10.99,11.29,14.16,4.4491,1.6829,-18.9277,0.1074,0.0546,0.1308
AGR,2022-05-31,11.26,11.52,11.26,11.26,573700,11.04,11.19,14.04,2.0112,0.5986,-19.772,-0.2135,-0.1086,0.1373
AGR,2022-06-01,11.3,11.48,11.05,11.18,476900,11.06,11.11,13.91,1.0484,0.6572,-19.6158,-0.083,-0.0377,0.1297
AGR,2022-06-02,11.18,11.43,10.96,10.96,633100,11.07,11.02,13.77,-0.9758,-0.5129,-20.4275,-0.1781,-0.093,0.1348
AGR,2022-06-03,10.96,11.0,10.66,10.7,428800,11.04,10.96,13.63,-3.0973,-2.3366,-21.5036,-0.2008,-0.0886,0.1297
AGR,2022-06-06,10.7,11.13,10.48,10.61,516600,11.05,10.93,13.49,-3.9819,-2.9455,-21.327,-0.0818,-0.0382,0.1268
AGR,2022-06-07,10.57,10.66,10.18,10.36,625800,11.02,10.87,13.34,-6.0317,-4.6699,-22.3365,-0.0402,-0.0177,0.1179
AGR,2022-06-08,10.53,10.87,10.48,10.7,514900,10.99,10.83,13.2,-2.6388,-1.1684,-18.9541,0.0222,0.0103,0.1088
AGR,2022-06-09,10.79,11.05,10.79,11.05,359300,10.96,10.84,13.08,0.8212,1.9185,-15.5083,0.1477,0.0728,0.1168
AGR,2022-06-10,10.87,11.0,10.61,10.61,388200,10.89,10.87,12.94,-2.5801,-2.4099,-18.029,-0.0862,-0.0403,0.1161
AGR,2022-06-13,10.48,10.48,9.88,9.88,860600,10.73,10.86,12.8,-7.9303,-9.0323,-22.7992,-0.142,-0.071,0.1196
AGR,2022-06-14,9.28,9.84,9.28,9.45,485200,10.55,10.79,12.64,-10.4265,-12.4514,-25.2622,-0.0639,-0.0269,0.1046
AGR,2022-06-15,9.23,9.66,8.8,8.8,619500,10.31,10.69,12.48,-14.6625,-17.6647,-29.4589,-0.1594,-0.0785,0.1122
AGR,2022-06-16,8.89,9.23,8.63,8.8,440800,10.1,10.58,12.28,-12.8368,-16.8399,-28.3481,-0.0581,-0.0263,0.1002
AGR,2022-06-17,8.29,8.63,8.19,8.19,777600,9.85,10.44,12.09,-16.8106,-21.578,-32.2379,-0.1613,-0.0696,0.0963
AGR,2022-06-20,7.7,8.37,7.62,7.62,628400,9.55,10.3,11.88,-20.176,-26.005,-35.8618,-0.1225,-0.0515,0.1004
AGR,2022-06-21,7.27,7.94,7.27,7.42,488400,9.25,10.14,11.68,-19.8011,-26.8136,-36.4748,-0.0684,-0.027,0.1032
AGR,2022-06-22,7.94,7.94,7.51,7.87,621800,8.97,9.98,11.5,-12.2533,-21.1383,-31.5474,0.1043,0.0435,0.1114
AGR,2022-06-23,7.87,8.03,7.78,7.94,350900,8.66,9.81,11.34,-8.2929,-19.0539,-29.9614,0.0329,0.0134,0.0999
AGR,2022-06-24,8.27,8.4,8.03,8.23,508100,8.42,9.66,11.17,-2.2565,-14.7636,-26.3416,0.0187,0.008,0.0932
AGR,2022-06-27,8.2,8.63,8.15,8.63,429100,8.3,9.51,11.02,4.0386,-9.282,-21.7092,0.1485,0.0664,0.0938
AGR,2022-06-28,8.76,8.97,8.54,8.59,518300,8.21,9.38,10.88,4.6412,-8.4173,-21.0841,-0.1519,-0.0634,0.1026
AGR,2022-06-29,8.21,8.85,8.21,8.61,541400,8.19,9.25,10.77,5.1282,-6.929,-20.0483,0.0779,0.0314,0.0944
AGR,2022-06-30,8.61,8.63,8.08,8.12,533700,8.12,9.11,10.66,-0.0246,-10.8574,-23.8374,-0.1167,-0.0537,0.1003
AGR,2022-07-01,7.94,8.67,7.68,8.46,734100,8.15,9.0,10.56,3.8164,-5.9687,-19.897,0.1286,0.0618,0.097
AGR,2022-07-04,8.51,9.02,8.51,8.97,1008700,8.28,8.92,10.47,8.281,0.6169,-14.3397,0.4293,0.2007,0.1277
AGR,2022-07-05,8.97,8.97,8.76,8.76,582900,8.42,8.83,10.38,4.0627,-0.8489,-15.6004,-0.1867,-0.0836,0.1396
AGR,2022-07-06,8.46,8.76,8.46,8.46,464600,8.48,8.72,10.3,-0.2005,-3.015,-17.8561,-0.1299,-0.057,0.1421
AGR,2022-07-07,8.37,8.63,8.17,8.33,286000,8.52,8.59,10.21,-2.1841,-2.9929,-18.4149,-0.0529,-0.0198,0.1441
AGR,2022-07-08,8.54,8.76,8.46,8.63,370700,8.56,8.49,10.12,0.8649,1.673,-14.7419,0.019,0.0091,0.1441
AGR,2022-07-11,8.76,8.85,8.5,8.54,387100,8.55,8.42,10.03,-0.0819,1.4131,-14.8605,-0.1305,-0.0591,0.1424
AGR,2022-07-12,8.51,8.8,8.51,8.8,870300,8.57,8.39,9.94,2.7077,4.9055,-11.492,0.3187,0.1474,0.159
AGR,2022-07-13,8.85,8.93,8.76,8.8,766000,8.59,8.39,9.86,2.4805,4.9055,-10.7559,-0.1603,-0.0831,0.1673
AGR,2022-07-14,8.8,9.41,8.63,9.41,1536800,8.72,8.42,9.79,7.9624,11.771,-3.9149,0.5297,0.2776,0.2086
AGR,2022-07-15,9.45,9.71,9.32,9.36,778600,8.81,8.48,9.74,6.2912,10.4099,-3.9251,-0.1814,-0.091,0.2139
AGR,2022-07-18,9.49,9.66,9.32,9.41,862900,8.85,8.57,9.71,6.3277,9.8401,-3.0776,-0.1585,-0.0829,0.1868
AGR,2022-07-19,9.36,9.45,8.97,9.19,1048100,8.89,8.66,9.66,3.3397,6.1753,-4.8615,-0.0446,-0.0225,0.1726
AGR,2022-07-20,9.54,9.62,9.32,9.41,879200,8.99,8.73,9.62,4.6951,7.7584,-2.1565,-0.1196,-0.0608,0.1715
AGR,2022-07-21,9.41,9.45,9.19,9.36,672700,9.09,8.8,9.59,2.959,6.3213,-2.3963,0.0796,0.0406,0.1742
AGR,2022-07-22,9.32,9.45,9.23,9.23,617100,9.15,8.85,9.57,0.8633,4.2526,-3.5951,-0.2034,-0.1005,0.1926
AGR,2022-07-25,9.23,9.45,9.02,9.23,589300,9.22,8.88,9.56,0.1085,3.9005,-3.4196,-0.0062,-0.0031,0.1802
AGR,2022-07-26,9.23,9.28,9.06,9.06,369800,9.25,8.91,9.52,-2.0117,1.7178,-4.8539,-0.1399,-0.0703,0.1623
AGR,2022-07-27,9.06,9.41,9.06,9.36,820300,9.3,8.94,9.49,0.6235,4.6453,-1.3803,0.2213,0.1146,0.1684
AGR,2022-07-28,9.49,9.84,9.49,9.66,1399000,9.33,9.02,9.47,3.5703,7.0775,2.0516,-0.0125,-0.006,0.1167
AGR,2022-07-29,9.66,9.84,9.58,9.66,689000,9.36,9.08,9.44,3.2382,6.3701,2.3327,-0.0893,-0.0391,0.1075
AGR,2022-08-01,9.66,10.27,9.66,10.27,1436000,9.44,9.15,9.43,8.7578,12.2834,8.8546,0.3014,0.1579,0.1218
AGR,2022-08-02,10.36,10.53,10.18,10.27,1365500,9.55,9.22,9.43,7.528,11.3641,8.9332,-0.2086,-0.1133,0.1382
AGR,2022-08-03,10.18,10.36,10.1,10.36,1330100,9.65,9.32,9.41,7.402,11.1946,10.0489,0.3218,0.1779,0.1584
AGR,2022-08-04,10.44,10.7,10.27,10.36,1089400,9.75,9.42,9.39,6.3,9.9963,10.2808,-0.2054,-0.0988,0.171
AGR,2022-08-05,10.36,10.74,10.27,10.7,1221400,9.89,9.52,9.38,8.1573,12.3714,14.0457,0.3204,0.1724,0.1827
AGR,2022-08-08,10.79,10.87,10.48,10.53,1181300,10.02,9.62,9.36,5.0584,9.4424,12.4616,-0.2777,-0.1432,0.2098
AGR,2022-08-09,10.53,10.66,10.36,10.53,957400,10.17,9.71,9.35,3.5398,8.4672,12.6372,0.0467,0.0248,0.2005
AGR,2022-08-10,10.44,10.61,10.4,10.44,759000,10.28,9.79,9.33,1.5762,6.6394,11.8516,-0.1535,-0.0816,0.1937
AGR,2022-08-11,10.61,10.79,10.18,10.31,907000,10.34,9.83,9.32,-0.3191,4.8297,10.6128,-0.1152,-0.0633,0.204
AGR,2022-08-12,10.18,10.61,10.18,10.44,827600,10.42,9.89,9.32,0.1823,5.5718,12.0701,0.0529,0.0268,0.2004
AGR,2022-08-15,10.57,10.66,10.48,10.61,939900,10.46,9.95,9.32,1.4825,6.6439,13.895,0.1243,0.065,0.1827
AGR,2022-08-16,10.66,10.66,10.53,10.57,407700,10.48,10.02,9.32,0.8107,5.5101,13.4145,-0.0628,-0.0311,0.1681
AGR,2022-08-17,10.61,10.7,10.48,10.53,756200,10.5,10.07,9.32,0.2666,4.5265,13.0265,-0.1103,-0.0551,0.1469
AGR,2022-08-18,10.48,10.87,10.4,10.61,1231100,10.53,10.14,9.31,0.7884,4.6712,13.9929,-0.0491,-0.0239,0.1313
AGR,2022-08-19,10.61,10.96,10.48,10.74,1394900,10.53,10.21,9.31,1.9846,5.1704,15.3574,0.0481,0.0245,0.1041
AGR,2022-08-22,10.74,11.26,10.66,11.13,2351700,10.59,10.31,9.34,5.0892,7.9849,19.2262,0.4387,0.2368,0.1202
AGR,2022-08-23,10.96,11.65,10.7,11.65,2105000,10.7,10.44,9.38,8.848,11.6275,24.211,0.4665,0.2705,0.1622
AGR,2022-08-24,11.74,11.78,11.52,11.56,1034100,10.82,10.55,9.43,6.8886,9.6098,22.5303,-0.2628,-0.1332,0.1731
AGR,2022-08-25,11.48,11.82,11.48,11.65,1459500,10.95,10.65,9.49,6.4024,9.4308,22.7427,0.0,0.0,0.1616
AGR,2022-08-26,11.65,11.74,11.3,11.35,1479800,11.04,10.73,9.55,2.808,5.7733,18.7909,-0.3014,-0.1674,0.1864
AGR,2022-08-29,11.05,11.13,10.57,11.0,1987300,11.08,10.77,9.62,-0.7131,2.164,14.319,0.2053,0.1018,0.1945
AGR,2022-08-30,11.18,11.18,10.7,10.83,810800,11.1,10.8,9.69,-2.4764,0.3242,11.7601,-0.1173,-0.0593,0.2
AGR,2022-08-31,10.79,11.0,10.61,10.96,805400,11.15,10.82,9.75,-1.6864,1.2471,12.3849,0.2569,0.1212,0.2146
AGR,2022-09-05,10.83,11.05,10.74,10.83,639800,11.17,10.85,9.81,-3.0439,-0.1705,10.3976,-0.0861,-0.0457,0.2183
AGR,2022-09-06,10.74,10.92,10.74,10.83,673100,11.18,10.86,9.86,-3.1219,-0.2303,9.8155,0.0,0.0,0.2135
AGR,2022-09-07,10.66,10.83,10.18,10.18,1360400,11.08,10.84,9.89,-8.1559,-6.0669,2.901,-0.2041,-0.0988,0.19
AGR,2022-09-08,10.27,10.48,9.92,10.01,788400,10.92,10.81,9.92,-8.3333,-7.4134,0.893,-0.1395,-0.0755,0.1573
AGR,2022-09-09,10.05,10.18,9.66,10.01,624500,10.76,10.79,9.95,-7.0135,-7.2289,0.6091,0.0521,0.0256,0.1363
AGR,2022-09-12,10.18,10.36,9.92,10.05,553077,10.6,10.78,9.99,-5.2334,-6.7458,0.6207,-0.0899,-0.0421,0.1452
AGR,2022-09-13,10.05,10.27,9.92,10.1,368047,10.48,10.76,10.02,-3.626,-6.1338,0.7904,0.0054,0.0026,0.1157
AGR,2022-09-14,9.75,10.36,9.75,10.36,600157,10.42,10.75,10.05,-0.5376,-3.6055,3.0989,0.1504,0.0791,0.1102
AGR,2022-09-15,10.4,10.4,10.1,10.23,266198,10.36,10.73,10.08,-1.2167,-4.6643,1.5082,-0.0151,-0.0069,0.0999
AGR,2022-09-16,10.18,10.18,9.84,9.84,412577,10.24,10.7,10.11,-3.9438,-8.003,-2.6282,-0.099,-0.045,0.0842
AGR,2022-09-19,9.84,9.88,9.19,9.19,808937,10.08,10.62,10.12,-8.8294,-13.5059,-9.2148,-0.164,-0.0783,0.092
AGR,2022-09-20,9.19,9.41,9.06,9.36,558985,9.93,10.56,10.14,-5.7686,-11.33,-7.6686,0.1545,0.0731,0.1074
AGR,2022-09-21,9.19,9.45,9.19,9.41,265603,9.86,10.47,10.15,-4.5252,-10.1242,-7.3345,0.1172,0.0554,0.0987
AGR,2022-09-22,9.32,9.66,9.19,9.58,479292,9.81,10.37,10.17,-2.3744,-7.5869,-5.8051,0.102,0.049,0.095
AGR,2022-09-23,9.58,9.66,9.41,9.41,314952,9.75,10.26,10.18,-3.5169,-8.2757,-7.5875,-0.0971,-0.0502,0.0995
AGR,2022-09-26,9.32,9.32,8.76,8.8,748652,9.63,10.12,10.17,-8.5999,-13.0134,-13.4744,-0.1396,-0.0625,0.1044
AGR,2022-09-27,8.67,8.93,8.67,8.8,300413,9.5,9.99,10.16,-7.3489,-11.9031,-13.379,0.0,0.0,0.1039
AGR,2022-09-28,8.8,8.93,8.63,8.8,381014,9.34,9.88,10.15,-5.8018,-10.9222,-13.2749,0.0166,0.0077,0.0905
AGR,2022-09-29,8.89,9.06,8.46,8.46,339276,9.17,9.76,10.13,-7.6923,-13.3241,-16.5055,-0.0918,-0.0445,0.0982
AGR,2022-09-30,8.37,8.46,8.03,8.46,524155,9.03,9.64,10.11,-6.2812,-12.1997,-16.3486,0.1289,0.0586,0.1012
AGR,2022-10-03,8.45,8.46,7.87,7.87,383353,8.9,9.49,10.08,-11.5233,-17.0487,-21.9525,-0.0862,-0.0404,0.0934
AGR,2022-10-04,8.07,8.07,7.51,7.51,374989,8.71,9.32,10.05,-13.7773,-19.4336,-25.2677,-0.1099,-0.0527,0.0889
AGR,2022-10-05,7.77,7.94,7.68,7.94,342620,8.56,9.21,10.02,-7.2755,-13.7847,-20.7854,0.1608,0.0755,0.0933
AGR,2022-10-06,7.94,8.07,7.49,7.61,288147,8.37,9.09,9.99,-9.0366,-16.277,-23.8574,-0.0412,-0.0199,0.0872
AGR,2022-10-07,7.34,7.59,7.08,7.08,907300,8.13,8.94,9.95,-12.9473,-20.8319,-28.8356,-0.1523,-0.0728,0.0927
AGR,2022-10-10,6.64,7.33,6.64,7.25,635573,7.98,8.8,9.9,-9.1251,-17.6417,-26.7721,0.1531,0.0664,0.0941
AGR,2022-10-11,7.33,7.33,6.75,6.75,616784,7.77,8.64,9.84,-13.1609,-21.8343,-31.4192,-0.1252,-0.0593,0.1066
AGR,2022-10-12,6.73,7.12,6.73,6.9,445853,7.58,8.46,9.78,-9.007,-18.4638,-29.4118,-0.0174,-0.0079,0.1067
AGR,2022-10-13,7.07,7.07,6.85,6.92,205467,7.43,8.3,9.71,-6.8515,-16.5964,-28.7186,-0.0389,-0.015,0.1014
AGR,2022-10-14,7.25,7.33,7.07,7.08,505205,7.29,8.16,9.64,-2.894,-13.2247,-26.5743,-0.1933,-0.0806,0.1078
AGR,2022-10-17,7.08,7.21,6.95,7.2,341816,7.22,8.06,9.58,-0.3322,-10.6644,-24.8371,0.1122,0.0473,0.1104
AGR,2022-10-18,7.51,7.51,7.33,7.33,403963,7.21,7.96,9.51,1.7208,-7.8914,-22.9378,-0.1302,-0.0588,0.1125
AGR,2022-10-19,7.08,7.46,7.06,7.25,315476,7.14,7.85,9.45,1.5833,-7.6433,-23.2496,-0.0085,-0.0036,0.0972
AGR,2022-10-20,7.25,7.25,7.05,7.12,124628,7.09,7.73,9.38,0.4515,-7.8556,-24.0776,-0.0194,-0.0078,0.095
AGR,2022-10-21,7.12,7.14,6.64,6.64,418453,7.04,7.59,9.3,-5.7354,-12.4992,-28.6175,-0.0728,-0.0324,0.0871
AGR,2022-10-24,6.68,6.73,6.19,6.19,466721,6.94,7.46,9.22,-10.7812,-17.0019,-32.8604,-0.1012,-0.0464,0.0819
AGR,2022-10-25,5.87,6.36,5.8,6.06,554214,6.87,7.32,9.13,-11.7776,-17.2244,-33.6399,-0.0102,-0.0044,0.0704
AGR,2022-10-26,6.07,6.28,6.06,6.06,185440,6.78,7.18,9.04,-10.6853,-15.6459,-32.972,-0.0804,-0.0389,0.0767
AGR,2022-10-27,5.9,6.48,5.9,6.48,366556,6.74,7.08,8.96,-3.8718,-8.5392,-27.6721,0.0734,0.0337,0.0801
AGR,2022-10-28,6.64,6.73,6.54,6.56,276013,6.69,6.99,8.88,-1.9285,-6.1516,-26.1245,-0.0614,-0.0284,0.067
AGR,2022-10-31,6.67,6.67,6.3,6.58,272330,6.63,6.93,8.8,-0.7092,-4.9888,-25.2205,0.0362,0.0171,0.0594
AGR,2022-11-01,6.59,6.9,6.59,6.83,338179,6.58,6.89,8.72,3.8467,-0.8924,-21.6833,0.0608,0.0279,0.0524
AGR,2022-11-02,6.8,7.08,6.79,6.82,242726,6.53,6.84,8.63,4.3771,-0.2268,-21.0173,-0.073,-0.0311,0.0589
AGR,2022-11-03,6.44,6.9,6.44,6.54,381916,6.48,6.78,8.53,0.9883,-3.5683,-23.3528,-0.1109,-0.0489,0.068
AGR,2022-11-04,6.56,6.6,6.13,6.21,307805,6.43,6.74,8.43,-3.4665,-7.843,-26.2961,-0.0449,-0.0211,0.0652
AGR,2022-11-07,6.26,6.46,5.95,5.97,385728,6.41,6.67,8.31,-6.8788,-10.5551,-28.1761,-0.0769,-0.0376,0.0628
AGR,2022-11-08,5.65,6.13,5.65,6.08,249144,6.41,6.64,8.21,-5.1926,-8.4475,-25.9133,0.0512,0.0232,0.0669
AGR,2022-11-09,6.2,6.3,6.05,6.05,228471,6.41,6.6,8.11,-5.6457,-8.3125,-25.3787,-0.0808,-0.0378,0.0669
AGR,2022-11-10,5.95,6.14,5.63,5.63,575915,6.33,6.53,8.0,-11.0163,-13.8353,-29.6567,-0.1051,-0.0504,0.0701
AGR,2022-11-11,5.74,5.91,5.64,5.64,426931,6.24,6.46,7.9,-9.5429,-12.7205,-28.5823,-0.094,-0.0449,0.0734
AGR,2022-11-14,5.68,5.68,5.26,5.34,312519,6.11,6.37,7.79,-12.6166,-16.1564,-31.4277,-0.0495,-0.0244,0.0747
AGR,2022-11-15,5.18,5.35,4.97,4.97,371031,5.92,6.25,7.67,-16.1181,-20.4927,-35.2038,-0.0802,-0.038,0.0766
AGR,2022-11-16,4.63,5.32,4.63,5.32,626921,5.78,6.15,7.57,-7.8788,-13.5592,-29.7504,0.0704,0.0319,0.0764
AGR,2022-11-17,5.52,5.63,5.48,5.63,454382,5.68,6.08,7.49,-0.95,-7.4013,-24.7869,0.1079,0.0491,0.0761
AGR,2022-11-18,5.87,5.94,5.52,5.86,457826,5.65,6.04,7.4,3.7352,-2.9962,-20.8365,0.0464,0.0247,0.0762
AGR,2022-11-21,6.21,6.21,5.87,5.89,358536,5.64,6.03,7.32,4.4141,-2.2569,-19.5267,-0.0944,-0.0462,0.078
AGR,2022-11-22,5.9,6.21,5.79,6.01,585513,5.63,6.02,7.24,6.6738,-0.2241,-16.9591,0.0047,0.002,0.0734
AGR,2022-11-23,6.01,6.17,5.9,5.91,199664,5.62,6.02,7.15,5.1601,-1.762,-17.3242,-0.0477,-0.0258,0.07
AGR,2022-11-24,5.62,5.95,5.62,5.81,272895,5.64,5.98,7.06,3.0507,-2.8834,-17.7054,0.0124,0.0057,0.0608
AGR,2022-11-25,5.96,6.21,5.86,6.21,573490,5.7,5.96,6.99,9.043,4.1073,-11.1257,0.1111,0.0564,0.0625
AGR,2022-11-28,6.47,6.64,6.39,6.64,815354,5.82,5.97,6.94,13.9914,11.2601,-4.2731,0.1247,0.0594,0.07
AGR,2022-11-29,7.03,7.06,6.63,6.9,1023729,6.02,5.97,6.89,14.656,15.5489,0.1859,0.0311,0.0159,0.0651
AGR,2022-11-30,6.99,7.05,6.73,6.99,846470,6.18,5.98,6.84,13.0154,16.8896,2.2109,0.1025,0.0488,0.0683
AGR,2022-12-01,7.08,7.33,6.99,7.02,996487,6.32,6.0,6.79,11.0057,16.9221,3.4239,-0.0982,-0.0528,0.0673
AGR,2022-12-02,6.95,7.49,6.91,7.49,1112250,6.49,6.07,6.75,15.4617,23.4344,10.9761,0.1212,0.0624,0.0748
AGR,2022-12-05,8.0,8.0,7.75,7.81,1072253,6.68,6.16,6.73,16.9337,26.7857,16.0579,-0.0847,-0.0435,0.0738
AGR,2022-12-06,7.81,7.81,7.27,7.27,1237966,6.8,6.22,6.7,6.8332,16.8904,8.5269,-0.1021,-0.0573,0.0836
AGR,2022-12-07,7.25,7.27,6.77,6.77,867538,6.89,6.26,6.66,-1.7559,8.2248,1.6791,-0.1733,-0.0933,0.0961
AGR,2022-12-08,6.95,7.24,6.95,7.24,1015692,7.03,6.34,6.63,2.9286,14.2677,9.1381,0.1821,0.0937,0.1131
AGR,2022-12-09,7.33,7.33,7.07,7.25,528368,7.14,6.42,6.61,1.5691,12.9899,9.6889,0.0487,0.0232,0.1069
AGR,2022-12-12,7.27,7.5,6.91,7.06,861720,7.18,6.5,6.59,-1.6713,8.5736,7.0768,-0.0583,-0.032,0.1002
AGR,2022-12-13,7.02,7.38,7.0,7.38,517632,7.23,6.62,6.59,2.1029,11.4299,11.9743,0.0837,0.0434,0.1055
AGR,2022-12-14,7.68,7.68,7.33,7.33,542303,7.26,6.72,6.58,0.9364,9.0206,11.4219,-0.1234,-0.0687,0.1076
AGR,2022-12-15,7.34,7.46,7.25,7.36,714549,7.3,6.81,6.57,0.8772,8.0764,11.963,0.0098,0.0048,0.0987
AGR,2022-12-16,7.12,7.42,7.12,7.39,512755,7.29,6.89,6.58,1.4274,7.3114,12.3134,0.0873,0.0419,0.0953
AGR,2022-12-19,7.4,7.77,7.36,7.42,1005586,7.25,6.96,6.58,2.3872,6.5633,12.7111,-0.0977,-0.0524,0.0966
AGR,2022-12-20,7.17,7.38,6.95,7.06,876310,7.23,7.02,6.59,-2.2973,0.6343,7.1418,-0.0713,-0.0379,0.0936
AGR,2022-12-21,7.08,7.08,6.57,6.64,757126,7.21,7.05,6.58,-7.944,-5.8423,0.8475,-0.1452,-0.0719,0.0908
AGR,2022-12-22,6.77,6.82,6.56,6.69,425069,7.16,7.1,6.58,-6.5381,-5.7215,1.6779,0.0,0.0,0.0726
AGR,2022-12-23,6.77,6.77,6.6,6.73,293075,7.11,7.12,6.57,-5.2913,-5.5041,2.3948,0.0697,0.0339,0.0746
AGR,2022-12-26,6.73,6.77,6.27,6.3,390890,7.03,7.1,6.55,-10.3841,-11.33,-3.8843,-0.0625,-0.0324,0.0751
AGR,2022-12-27,6.3,6.62,6.29,6.62,350472,6.95,7.09,6.54,-4.803,-6.6422,1.2171,0.0792,0.0417,0.0746
AGR,2022-12-28,6.74,6.74,6.58,6.65,192415,6.89,7.07,6.53,-3.4272,-5.9938,1.8626,-0.0124,-0.0055,0.0635
AGR,2022-12-29,6.65,6.69,6.58,6.58,208633,6.81,7.05,6.52,-3.349,-6.6931,0.9574,-0.0871,-0.0418,0.0713
AGR,2022-12-30,6.66,6.66,6.58,6.58,149237,6.73,7.01,6.52,-2.1852,-6.0872,0.976,-0.0666,-0.0312,0.0692
AGR,2023-01-03,6.58,7.01,6.53,7.01,547602,6.69,6.97,6.53,4.8459,0.6244,7.3047,0.1144,0.0587,0.0708
AGR,2023-01-04,7.1,7.1,6.97,7.01,456239,6.68,6.95,6.55,4.9244,0.8125,6.9935,-0.0482,-0.0255,0.0685
AGR,2023-01-05,7.01,7.1,6.74,7.01,523516,6.72,6.97,6.57,4.3465,0.6389,6.6841,0.0919,0.0433,0.0632
AGR,2023-01-06,7.01,7.12,7.01,7.01,790716,6.75,6.95,6.58,3.8519,0.8053,6.5123,-0.2037,-0.1057,0.0836
AGR,2023-01-09,7.04,7.16,6.94,6.95,152922,6.77,6.94,6.59,2.6285,0.1585,5.4756,-0.055,-0.0282,0.0821
AGR,2023-01-10,6.82,7.0,6.78,6.84,320786,6.83,6.93,6.59,0.2051,-1.2702,3.7244,-0.0744,-0.0352,0.0833
AGR,2023-01-11,6.85,7.12,6.85,7.05,388290,6.87,6.91,6.6,2.635,2.0039,6.8376,0.0668,0.033,0.082
AGR,2023-01-12,7.11,7.11,6.95,7.01,291732,6.9,6.9,6.6,1.5206,1.6605,6.1703,-0.0328,-0.0157,0.0841
AGR,2023-01-13,7.07,7.18,6.95,7.06,706388,6.95,6.88,6.61,1.5389,2.6088,6.7594,-0.0107,-0.0056,0.0765
AGR,2023-01-16,7.06,7.1,6.94,7.01,296768,7.0,6.86,6.63,0.2001,2.1642,5.7475,-0.0176,-0.0084,0.0716
AGR,2023-01-17,7.06,7.24,7.01,7.22,705285,7.02,6.85,6.65,2.893,5.3784,8.5062,0.1187,0.0593,0.072
AGR,2023-01-18,7.22,7.28,7.16,7.22,348231,7.04,6.86,6.68,2.586,5.2555,8.1356,-0.0,-0.0,0.0672
AGR,2023-01-19,7.22,7.45,7.22,7.36,551937,7.07,6.9,6.7,4.0577,6.7363,9.8016,0.038,0.0186,0.0618
AGR,2023-01-27,7.49,7.58,7.37,7.41,692112,7.11,6.93,6.74,4.1755,6.9033,9.9635,-0.1205,-0.0584,0.0535
AGR,2023-01-30,7.45,7.51,7.32,7.42,737781,7.16,6.97,6.77,3.6313,6.5174,9.5332,0.0088,0.0046,0.0488
AGR,2023-01-31,7.45,7.45,7.37,7.45,804456,7.22,7.02,6.82,3.1713,6.0725,9.2952,0.1459,0.0716,0.056
AGR,2023-02-01,7.52,7.58,7.19,7.2,1156527,7.24,7.05,6.86,-0.4975,2.0915,4.941,-0.129,-0.0672,0.0622
AGR,2023-02-02,7.2,7.3,7.01,7.09,536504,7.24,7.07,6.9,-2.1259,0.2191,2.8073,-0.0765,-0.0384,0.0666
AGR,2023-02-03,7.12,7.21,6.99,7.07,581861,7.24,7.1,6.93,-2.4155,-0.4085,2.0909,-0.0548,-0.0228,0.071
AGR,2023-02-06,7.1,7.1,6.99,7.08,280461,7.25,7.12,6.95,-2.3718,-0.6176,1.8764,0.067,0.0299,0.0759
AGR,2023-02-07,7.11,7.23,6.93,7.01,354383,7.23,7.12,6.97,-3.0563,-1.6002,0.545,-0.0353,-0.018,0.0676
AGR,2023-02-08,7.09,7.1,6.84,7.06,388158,7.22,7.13,6.99,-2.1483,-0.9331,0.9581,0.1189,0.0503,0.0795
AGR,2023-02-09,7.06,7.12,7.01,7.01,151297,7.18,7.13,7.02,-2.3677,-1.6347,-0.0713,-0.0562,-0.0253,0.0813
AGR,2023-02-10,7.01,7.01,6.88,6.9,250238,7.13,7.12,7.04,-3.2122,-3.1035,-1.9441,-0.0619,-0.0311,0.0754
AGR,2023-02-13,6.9,6.9,6.43,6.44,755404,7.03,7.1,7.04,-8.4056,-9.2382,-8.5409,-0.1813,-0.0943,0.0927
AGR,2023-02-14,6.49,6.66,6.44,6.6,278071,6.95,7.08,7.04,-4.9813,-6.8257,-6.258,0.0744,0.0352,0.0855
AGR,2023-02-15,6.66,6.83,6.66,6.75,281209,6.9,7.07,7.04,-2.1881,-4.5059,-4.0866,0.0058,0.0027,0.0732
AGR,2023-02-16,6.8,6.93,6.73,6.85,235829,6.88,7.06,7.03,-0.3926,-2.9814,-2.6269,0.0155,0.0073,0.0671
AGR,2023-02-17,6.84,6.92,6.75,6.84,236812,6.85,7.05,7.03,-0.2043,-2.9718,-2.7193,0.0062,0.003,0.0623
AGR,2023-02-20,6.92,7.28,6.88,7.27,661062,6.87,7.06,7.03,5.7762,2.9381,3.461,0.104,0.0531,0.066
AGR,2023-02-21,7.27,7.37,7.19,7.19,497857,6.89,7.06,7.01,4.339,1.8269,2.5034,-0.0989,-0.0519,0.0723
AGR,2023-02-22,7.01,7.14,6.93,6.93,450120,6.88,7.05,7.01,0.756,-1.6533,-1.1074,-0.0633,-0.0331,0.0668
AGR,2023-02-23,6.93,6.93,6.74,6.93,463582,6.87,7.02,7.01,0.8734,-1.3523,-1.1525,0.0899,0.0452,0.0701
AGR,2023-02-24,6.96,6.96,6.78,6.8,257107,6.86,6.99,7.0,-0.8746,-2.7808,-2.8849,-0.0642,-0.0343,0.0704
AGR,2023-02-27,6.8,6.84,6.71,6.75,384730,6.89,6.96,6.99,-2.0461,-3.0312,-3.4611,-0.0405,-0.021,0.0563
AGR,2023-02-28,6.84,6.93,6.66,6.76,195750,6.91,6.93,6.99,-2.1283,-2.4038,-3.235,-0.0224,-0.0136,0.0511
AGR,2023-03-01,6.75,6.93,6.72,6.93,334999,6.92,6.91,6.98,0.0722,0.2459,-0.6736,0.0781,0.0407,0.0583
AGR,2023-03-02,7.01,7.01,6.84,6.88,138684,6.93,6.9,6.97,-0.6928,-0.326,-1.2629,-0.0398,-0.0207,0.0607
AGR,2023-03-03,6.94,6.94,6.77,6.77,178178,6.92,6.89,6.96,-2.1818,-1.706,-2.6767,-0.0548,-0.0284,0.0656
AGR,2023-03-06,6.8,6.93,6.8,6.84,165511,6.88,6.88,6.95,-0.5525,-0.5163,-1.5147,-0.0238,-0.0122,0.0576
AGR,2023-03-07,6.75,6.93,6.75,6.84,425448,6.84,6.87,6.93,-0.0438,-0.3932,-1.3499,0.0,0.0,0.0477
AGR,2023-03-08,6.76,6.89,6.76,6.89,218900,6.84,6.86,6.93,0.7457,0.4593,-0.5801,0.0501,0.0242,0.0464
AGR,2023-03-09,6.94,6.97,6.89,6.97,482793,6.84,6.86,6.94,1.8559,1.6554,0.4786,0.1474,0.0725,0.0521
AGR,2023-03-10,6.93,6.97,6.87,6.9,213062,6.85,6.86,6.94,0.6858,0.6344,-0.5907,-0.0334,-0.0154,0.049
AGR,2023-03-13,6.71,6.84,6.71,6.8,270000,6.86,6.87,6.94,-0.8457,-1.0837,-2.0512,0.0341,0.0157,0.0484
AGR,2023-03-14,6.81,6.84,6.58,6.66,394719,6.85,6.88,6.95,-2.7453,-3.1625,-4.1671,-0.0405,-0.0204,0.0502
AGR,2023-03-15,6.84,7.13,6.77,7.13,1345748,6.87,6.9,6.96,3.8148,3.3858,2.4455,0.3044,0.161,0.0728
AGR,2023-03-16,7.15,7.15,7.01,7.1,846990,6.89,6.91,6.97,3.0479,2.7645,1.8827,0.094,0.0483,0.0782
AGR,2023-03-17,7.28,7.28,7.08,7.09,531800,6.92,6.92,6.98,2.427,2.4344,1.5905,-0.1591,-0.0692,0.0887
AGR,2023-03-20,7.08,7.13,6.93,6.93,478332,6.93,6.9,6.99,-0.0144,0.3693,-0.8016,-0.1164,-0.0582,0.0979
AGR,2023-03-21,7.01,7.04,6.92,7.04,258221,6.95,6.9,6.99,1.2804,2.0734,0.7643,0.102,0.0475,0.1081
AGR,2023-03-22,7.1,7.1,7.02,7.02,297691,6.96,6.9,6.99,0.8041,1.717,0.4752,-0.123,-0.0535,0.1154
AGR,2023-03-23,7.0,7.14,6.93,7.13,516032,6.98,6.91,6.99,2.149,3.1614,2.0145,0.1752,0.0859,0.1182
AGR,2023-03-24,7.2,7.28,7.16,7.19,822774,7.01,6.93,6.99,2.5824,3.7368,2.82,-0.164,-0.081,0.1313
AGR,2023-03-27,7.23,7.54,7.15,7.51,1699883,7.08,6.97,7.0,6.0734,7.763,7.2244,0.509,0.2864,0.1787
AGR,2023-03-28,7.54,7.58,7.41,7.45,819683,7.16,7.0,7.02,4.0648,6.3754,6.1828,-0.0992,-0.0563,0.1846
AGR,2023-03-29,7.45,7.63,7.37,7.62,1280062,7.21,7.04,7.03,5.7159,8.2694,8.4296,0.5674,0.2847,0.2109
AGR,2023-03-30,8.07,8.07,7.72,7.8,2012829,7.28,7.08,7.04,7.1723,10.1073,10.742,-0.2764,-0.1645,0.2292
AGR,2023-03-31,7.79,8.24,7.72,8.23,2727321,7.39,7.16,7.07,11.3366,14.9923,16.4601,0.8336,0.4454,0.2966
AGR,2023-04-03,8.58,8.59,8.47,8.53,1660502,7.55,7.24,7.1,12.9502,17.7933,20.1882,-0.0,-0.0,0.285
AGR,2023-04-04,8.55,8.72,8.42,8.68,2093028,7.72,7.33,7.13,12.4935,18.3609,21.8006,0.3268,0.2072,0.3075
AGR,2023-04-05,8.74,8.94,8.66,8.86,1990182,7.9,7.43,7.16,12.1519,19.2142,23.7568,0.1979,0.1348,0.3149
AGR,2023-04-06,8.94,9.12,8.42,8.42,2342003,8.03,7.5,7.18,4.8698,12.1993,17.2637,-0.3001,-0.1949,0.3274
AGR,2023-04-07,8.5,8.81,8.37,8.81,1877104,8.19,7.6,7.21,7.5571,15.9211,22.2185,0.4402,0.3013,0.3551
AGR,2023-04-10,9.12,9.21,8.77,8.86,1509067,8.33,7.7,7.24,6.4136,15.0201,22.423,-0.1446,-0.0993,0.3186
AGR,2023-04-11,8.86,8.9,8.6,8.86,1340506,8.47,7.81,7.27,4.6415,13.4007,21.9479,0.1813,0.1194,0.3268
AGR,2023-04-12,8.86,8.94,8.59,8.59,1700507,8.56,7.89,7.29,0.3036,8.9272,17.7809,-0.4633,-0.2833,0.3164
AGR,2023-04-13,8.53,8.67,8.4,8.4,1220032,8.62,7.95,7.32,-2.5974,5.6471,14.7635,-0.2948,-0.18,0.3183
AGR,2023-04-14,8.43,8.56,8.31,8.33,1026577,8.63,8.01,7.34,-3.521,3.9561,13.4167,-0.1263,-0.0809,0.2475
AGR,2023-04-17,8.34,8.57,8.31,8.57,762056,8.64,8.1,7.37,-0.7872,5.8678,16.2128,0.3267,0.2055,0.2802
AGR,2023-04-18,8.52,8.9,8.5,8.86,1626076,8.66,8.19,7.41,2.3567,8.2336,19.5456,0.3711,0.2434,0.2846
AGR,2023-04-19,8.99,9.47,8.94,9.47,5171524,8.72,8.31,7.46,8.6383,13.9797,26.9505,1.2574,0.8775,0.3906
AGR,2023-04-20,9.73,9.86,9.47,9.6,2388227,8.83,8.43,7.51,8.6587,13.852,27.8057,-0.4488,-0.3057,0.4055
AGR,2023-04-21,9.64,10.26,9.6,10.26,3965680,8.98,8.59,7.58,14.2539,19.5038,35.3812,1.2587,0.9202,0.4873
AGR,2023-04-24,10.43,10.83,10.08,10.61,3142789,9.15,8.74,7.66,15.893,21.3889,38.4756,0.4876,0.4015,0.5216
AGR,2023-04-25,10.52,10.78,9.91,9.91,3631279,9.26,8.86,7.73,7.0194,11.8068,28.2317,-1.0291,-0.7803,0.6064
AGR,2023-04-26,9.91,10.43,9.69,10.35,1871922,9.44,9.0,7.8,9.6863,15.0,32.6889,0.4178,0.2967,0.6018
AGR,2023-04-27,10.13,10.3,10.04,10.13,1111855,9.61,9.12,7.87,5.422,11.1172,28.7854,-0.1379,-0.096,0.5861
AGR,2023-04-28,10.21,10.26,9.86,10.08,1652591,9.78,9.21,7.93,3.0253,9.4581,27.1026,0.0464,0.032,0.5782
AGR,2023-05-04,9.95,10.78,9.95,10.78,3012114,10.01,9.32,8.0,7.7461,15.6466,34.7365,0.8627,0.6841,0.6318
AGR,2023-05-05,10.78,10.96,10.39,10.65,1734329,10.18,9.42,8.07,4.5758,13.0573,31.9703,-0.0595,-0.0476,0.6006
AGR,2023-05-08,10.83,11.0,10.65,10.7,2108490,10.31,9.51,8.15,3.8129,12.4895,31.3625,-0.3574,-0.3016,0.5106
AGR,2023-05-09,10.7,10.83,10.43,10.7,1176615,10.42,9.63,8.22,2.7167,11.1573,30.1576,0.1596,0.1344,0.4817
AGR,2023-05-10,10.7,10.96,10.52,10.65,2210001,10.46,9.72,8.3,1.8554,9.5905,28.3473,-0.248,-0.1983,0.3806
AGR,2023-05-11,10.7,10.87,10.52,10.61,1794044,10.46,9.81,8.38,1.4728,8.2046,26.6866,-0.2292,-0.1779,0.3548
AGR,2023-05-12,10.61,10.92,10.48,10.92,2121597,10.56,9.91,8.46,3.4385,10.2084,29.1055,0.4443,0.3549,0.2963
AGR,2023-05-15,11.05,11.22,10.78,10.78,1727951,10.6,10.02,8.54,1.6981,7.6063,26.3005,-0.2679,-0.2158,0.2813
AGR,2023-05-16,10.78,10.92,10.65,10.74,1108388,10.66,10.14,8.61,0.741,5.9694,24.7039,-0.1142,-0.0816,0.2789
AGR,2023-05-17,10.7,11.0,10.61,10.65,2159857,10.72,10.25,8.69,-0.6344,3.8923,22.5547,-0.2775,-0.2233,0.302
AGR,2023-05-18,10.74,11.14,10.65,10.87,2371167,10.73,10.37,8.77,1.3331,4.862,23.9368,-0.0737,-0.0592,0.2231
AGR,2023-05-19,10.92,11.14,10.65,10.96,1320906,10.76,10.47,8.85,1.8777,4.67,23.7998,0.0986,0.0719,0.227
AGR,2023-05-22,11.05,11.18,10.92,11.0,1560174,10.79,10.55,8.94,1.9651,4.2901,23.1086,-0.1623,-0.1264,0.2075
AGR,2023-05-23,11.05,11.22,10.83,10.92,1658339,10.81,10.61,9.01,1.0176,2.8878,21.1422,-0.2698,-0.1935,0.2185
AGR,2023-05-24,11.05,11.62,10.87,11.44,3181033,10.89,10.67,9.1,5.0602,7.1914,25.6452,0.3725,0.2784,0.231
AGR,2023-05-25,11.49,11.53,11.05,11.14,1628475,10.94,10.7,9.19,1.8095,4.1219,21.195,-0.294,-0.2169,0.2375
AGR,2023-05-26,11.14,11.27,11.05,11.14,1468776,10.96,10.76,9.28,1.6053,3.5268,20.025,-0.0905,-0.0723,0.2021
AGR,2023-05-29,11.18,11.49,11.18,11.4,1459008,11.03,10.81,9.37,3.392,5.4287,21.7065,0.1275,0.1029,0.1881
AGR,2023-05-30,11.49,11.84,11.22,11.53,2174608,11.1,10.88,9.46,3.8271,5.9451,21.9409,-0.0,-0.0,0.1766
AGR,2023-05-31,11.53,11.66,11.31,11.4,1631393,11.18,10.95,9.54,1.9678,4.1191,19.4768,-0.1964,-0.1537,0.1685
AGR,2023-06-01,11.53,11.66,11.22,11.4,1877794,11.23,10.98,9.63,1.4867,3.8251,18.3678,-0.0714,-0.0575,0.1683
AGR,2023-06-02,11.62,11.62,11.4,11.49,1688310,11.29,11.02,9.72,1.8075,4.2461,18.2099,-0.067,-0.0509,0.1651
AGR,2023-06-05,11.84,11.92,11.44,11.49,1804327,11.34,11.06,9.81,1.3674,3.8738,17.1325,-0.2403,-0.1815,0.1729
AGR,2023-06-06,11.49,11.84,11.27,11.71,1908456,11.41,11.11,9.9,2.5933,5.3816,18.2709,0.1813,0.1442,0.1641
AGR,2023-06-07,11.75,11.79,11.44,11.62,2051309,11.43,11.16,9.99,1.6445,4.1172,16.321,0.0121,0.009,0.1281
AGR,2023-06-08,11.62,11.62,11.0,11.0,2857583,11.42,11.18,10.06,-3.6609,-1.61,9.3505,-0.2723,-0.1989,0.1259
AGR,2023-06-09,11.05,11.22,10.61,11.22,2215940,11.43,11.2,10.13,-1.8029,0.2233,10.7077,0.3945,0.2682,0.1563
AGR,2023-06-12,11.31,11.31,10.83,11.05,1357945,11.39,11.21,10.2,-2.9936,-1.4141,8.2972,-0.0307,-0.0183,0.1466
AGR,2023-06-13,11.09,11.35,11.05,11.22,1490664,11.36,11.23,10.27,-1.2324,-0.1113,9.2311,0.0379,0.0271,0.1504
AGR,2023-06-14,11.31,11.35,11.14,11.14,1203036,11.33,11.26,10.33,-1.7117,-1.0394,7.8412,-0.1679,-0.122,0.1475
AGR,2023-06-15,11.14,11.14,10.87,11.05,1054087,11.3,11.27,10.38,-2.2037,-1.9173,6.4506,0.1026,0.069,0.1507
AGR,2023-06-16,11.22,11.71,11.22,11.27,3444534,11.28,11.28,10.43,-0.0621,-0.1019,8.0309,-0.3615,-0.259,0.1801
AGR,2023-06-19,11.4,11.4,11.14,11.31,930879,11.26,11.3,10.48,0.453,0.1151,7.9075,0.0625,0.0492,0.1623
AGR,2023-06-20,11.35,11.49,11.27,11.49,1540526,11.24,11.33,10.54,2.2515,1.4525,8.9864,0.2995,0.2105,0.1741
AGR,2023-06-21,11.66,12.28,11.62,12.28,3776140,11.3,11.37,10.61,8.6437,8.0273,15.7181,0.8542,0.5985,0.2584
AGR,2023-06-22,12.71,12.84,12.45,12.54,3911123,11.46,11.44,10.69,9.4527,9.6393,17.3542,-0.473,-0.3676,0.2784
AGR,2023-06-23,12.58,13.37,12.32,13.11,3190688,11.65,11.54,10.77,12.5708,13.6442,21.7202,0.4015,0.292,0.2791
AGR,2023-06-26,13.11,13.15,12.28,13.15,3375820,11.86,11.62,10.86,10.9143,13.1329,21.0665,0.7251,0.5366,0.3486
AGR,2023-06-27,13.33,13.33,12.89,13.06,1508621,12.04,11.7,10.96,8.4718,11.6239,19.215,-0.108,-0.08,0.3556
AGR,2023-06-28,13.06,13.11,12.8,12.93,1821585,12.22,11.78,11.05,5.8188,9.7949,17.0454,-0.0643,-0.0501,0.3452
AGR,2023-06-29,12.76,12.84,12.28,12.28,2457103,12.34,11.82,11.12,-0.5023,3.8873,10.4197,-0.336,-0.2518,0.3686
AGR,2023-06-30,12.45,12.58,12.14,12.41,1587859,12.46,11.87,11.19,-0.3693,4.5801,10.8808,0.1168,0.0861,0.3441
AGR,2023-07-03,12.67,12.67,12.36,12.45,720323,12.57,11.91,11.25,-0.9547,4.4945,10.649,-0.1083,-0.0806,0.3487
AGR,2023-07-04,12.45,13.15,12.41,13.15,2498255,12.74,11.99,11.32,3.2506,9.7068,16.1374,0.4858,0.3706,0.3673
AGR,2023-07-05,13.24,13.28,12.84,12.84,1506917,12.79,12.05,11.37,0.3752,6.5781,12.8851,-0.3181,-0.2408,0.3137
AGR,2023-07-06,12.89,13.15,12.45,12.84,2880286,12.82,12.14,11.42,0.1404,5.7704,12.4442,0.0679,0.05,0.2732
AGR,2023-07-07,12.71,12.98,12.54,12.98,1036463,12.81,12.23,11.48,1.335,6.1542,13.0623,0.2022,0.152,0.2533
AGR,2023-07-10,13.02,13.33,13.02,13.2,2111236,12.81,12.34,11.54,3.0123,7.0126,14.4105,0.0729,0.0549,0.188
AGR,2023-07-11,13.33,13.41,13.02,13.11,2273489,12.82,12.43,11.6,2.2701,5.4749,13.0465,-0.2492,-0.1998,0.2022
AGR,2023-07-12,13.15,13.55,13.11,13.28,2316598,12.85,12.54,11.66,3.3141,5.9307,13.8839,-0.1439,-0.1089,0.2101
AGR,2023-07-13,13.41,13.41,13.28,13.33,1115475,12.96,12.65,11.71,2.8629,5.3713,13.8149,-0.0588,-0.0427,0.1824
AGR,2023-07-14,13.46,13.46,12.98,13.33,3031764,13.05,12.75,11.77,2.1378,4.5203,13.2964,0.3476,0.2617,0.2055
AGR,2023-07-17,13.37,13.55,13.24,13.41,1744253,13.15,12.86,11.82,2.0005,4.289,13.4537,0.0428,0.0294,0.1989
AGR,2023-07-18,13.41,13.5,13.24,13.24,1318564,13.16,12.95,11.87,0.6385,2.271,11.5361,-0.3228,-0.2474,0.1826
AGR,2023-07-19,13.33,13.37,13.11,13.11,2495486,13.18,12.99,11.92,-0.5537,0.9432,9.9851,-0.4114,-0.3452,0.192
AGR,2023-07-20,13.11,13.15,12.8,13.15,2379161,13.21,13.02,11.97,-0.4843,1.014,9.8525,0.5354,0.3928,0.2387
AGR,2023-07-21,13.33,13.72,13.02,13.68,4218900,13.28,13.05,12.03,2.981,4.8557,13.7554,0.619,0.4497,0.2804
AGR,2023-07-24,13.9,13.98,13.5,13.72,2206789,13.34,13.08,12.08,2.8794,4.9331,13.5329,-0.0331,-0.028,0.2764
AGR,2023-07-25,13.77,13.77,13.46,13.5,2126970,13.38,13.1,12.14,0.9346,3.077,11.2045,-0.3334,-0.2621,0.2848
AGR,2023-07-26,13.46,13.63,13.28,13.41,1905573,13.39,13.12,12.2,0.1643,2.2026,9.9631,-0.1091,-0.0781,0.2813
AGR,2023-07-27,13.41,13.55,13.24,13.28,2309703,13.38,13.17,12.24,-0.7696,0.8276,8.4684,-0.3494,-0.2663,0.3104
AGR,2023-07-28,13.33,13.72,13.33,13.63,2515714,13.41,13.23,12.3,1.6178,3.0079,10.8436,0.2405,0.1853,0.2997
AGR,2023-07-31,13.81,13.9,13.5,13.68,1744774,13.44,13.29,12.35,1.7857,2.9074,10.7674,-0.026,-0.0187,0.298
AGR,2023-08-01,13.81,13.81,13.33,13.33,1992777,13.45,13.3,12.4,-0.8848,0.2067,7.5139,-0.2157,-0.1544,0.2873
AGR,2023-08-02,13.24,13.41,13.24,13.37,1334801,13.48,13.33,12.44,-0.7792,0.3076,7.5018,0.1515,0.111,0.2613
AGR,2023-08-03,13.41,13.72,13.28,13.5,1990262,13.51,13.36,12.48,-0.074,1.0328,8.1367,0.0,0.0,0.2078
AGR,2023-08-04,13.59,13.77,13.41,13.72,2081985,13.51,13.4,12.54,1.5243,2.3957,9.4465,0.2023,0.1512,0.1661
AGR,2023-08-07,14.03,14.29,13.85,14.16,2795822,13.56,13.45,12.59,4.4402,5.3023,12.4613,0.2248,0.1701,0.1853
AGR,2023-08-08,14.16,14.25,13.9,13.98,1408711,13.61,13.49,12.64,2.7488,3.6285,10.6013,-0.1048,-0.0845,0.1624
AGR,2023-08-09,13.85,13.94,13.63,13.72,1909580,13.64,13.51,12.69,0.6086,1.5356,8.1473,-0.144,-0.1004,0.1659
AGR,2023-08-10,13.63,13.85,13.63,13.63,1760557,13.67,13.53,12.73,-0.3072,0.7577,7.0615,-0.2742,-0.1995,0.1584
AGR,2023-08-11,13.63,14.16,13.59,14.03,2878753,13.71,13.56,12.78,2.3191,3.447,9.7654,0.2646,0.1725,0.1608
AGR,2023-08-14,14.29,14.64,13.98,14.47,2724599,13.79,13.62,12.84,4.9235,6.2759,12.6824,0.2436,0.1868,0.1826
AGR,2023-08-15,14.51,14.51,14.2,14.25,1370202,13.88,13.67,12.89,2.6435,4.2734,10.5319,-0.1785,-0.1212,0.1788
AGR,2023-08-16,14.16,14.29,14.03,14.2,1635115,13.97,13.72,12.94,1.6755,3.4948,9.705,0.1002,0.0654,0.1737
AGR,2023-08-17,14.29,14.82,14.16,14.38,2669505,14.05,13.78,13.01,2.3196,4.339,10.5185,-0.1185,-0.0877,0.1856
AGR,2023-08-18,14.29,14.34,13.41,13.41,3378506,14.02,13.77,13.06,-4.3714,-2.6038,2.7177,-0.2227,-0.1687,0.1876
AGR,2023-08-21,13.41,13.59,12.89,13.15,1715370,13.92,13.74,13.1,-5.5452,-4.294,0.4031,-0.1076,-0.0734,0.1759
AGR,2023-08-22,13.24,13.37,12.23,13.33,3175647,13.86,13.73,13.14,-3.8031,-2.9239,1.4506,0.4115,0.3004,0.2065
AGR,2023-08-23,13.59,13.59,13.11,13.15,921761,13.8,13.72,13.18,-4.7101,-4.144,-0.2246,-0.1685,-0.1055,0.209
AGR,2023-08-24,13.24,13.55,12.98,13.55,1648329,13.79,13.73,13.23,-1.7546,-1.3254,2.4218,0.2661,0.191,0.2082
AGR,2023-08-25,13.63,13.98,13.55,13.77,2060875,13.77,13.74,13.28,0.0291,0.2256,3.6929,0.0103,0.0067,0.1828
AGR,2023-08-28,13.85,14.12,13.77,14.07,2006922,13.73,13.76,13.33,2.5062,2.2641,5.5134,0.2986,0.1985,0.1883
AGR,2023-08-29,14.25,14.64,14.12,14.47,3061017,13.75,13.82,13.39,5.2517,4.7374,8.0302,0.2575,0.1681,0.1962
AGR,2023-08-30,14.38,15.34,14.38,15.17,4119997,13.85,13.91,13.45,9.5702,9.0935,12.7697,0.5621,0.421,0.2423
AGR,2023-08-31,15.17,15.69,15.08,15.21,2061053,13.93,13.99,13.51,9.2045,8.7127,12.62,-0.2281,-0.1547,0.2533
AGR,2023-09-05,15.52,15.52,15.04,15.21,1924822,14.11,14.07,13.55,7.8112,8.1369,12.2708,-0.1284,-0.0951,0.2439
AGR,2023-09-06,15.34,15.96,14.99,15.56,2547794,14.35,14.14,13.6,8.4396,10.0775,14.4471,0.0641,0.0488,0.2395
AGR,2023-09-07,15.61,15.74,15.43,15.61,1758866,14.58,14.22,13.65,7.0865,9.7981,14.3858,0.0512,0.0375,0.2035
AGR,2023-09-08,15.61,15.74,15.34,15.52,1451977,14.81,14.31,13.7,4.7658,8.4784,13.2962,-0.0264,-0.0185,0.1893
AGR,2023-09-11,15.78,16.35,15.65,15.69,3665461,15.03,14.41,13.77,4.4051,8.8827,13.9698,-0.294,-0.2352,0.1921
AGR,2023-09-12,15.83,16.79,15.65,16.79,3683921,15.33,14.55,13.85,9.5238,15.4111,21.1889,0.452,0.359,0.2362
AGR,2023-09-13,17.1,17.58,16.57,16.83,3052489,15.61,14.67,13.94,7.8431,14.7552,20.7144,-0.2515,-0.1947,0.2315
AGR,2023-09-14,16.92,17.54,16.75,17.27,2829066,15.89,14.82,14.02,8.7121,16.5553,23.1425,0.1277,0.1063,0.2185
AGR,2023-09-15,17.19,17.27,16.57,16.88,2553064,16.06,14.95,14.11,5.1255,12.9021,19.6722,-0.076,-0.0572,0.1699
AGR,2023-09-18,16.66,17.27,16.44,17.01,1768322,16.24,15.08,14.19,4.7607,12.7797,19.885,0.1679,0.1454,0.1639
AGR,2023-09-19,17.05,17.23,16.53,17.01,1532414,16.42,15.26,14.27,3.6121,11.4496,19.2078,0.1114,0.0833,0.1622
AGR,2023-09-20,17.19,17.89,17.01,17.8,2558194,16.64,15.5,14.36,6.9647,14.8758,23.9451,0.4022,0.3422,0.196
AGR,2023-09-21,17.89,17.89,16.88,16.97,2256315,16.78,15.68,14.44,1.1504,8.2478,17.5338,-0.2752,-0.2133,0.2184
AGR,2023-09-22,16.48,16.57,15.78,15.78,5308497,16.8,15.81,14.49,-6.0882,-0.1803,8.9147,-0.6019,-0.4681,0.276
AGR,2023-09-25,15.52,15.78,14.69,14.69,3019540,16.7,15.87,14.52,-12.0517,-7.4092,1.2015,-0.3199,-0.2581,0.2786
AGR,2023-09-26,14.12,15.56,14.12,14.2,3958951,16.44,15.89,14.53,-13.6463,-10.6187,-2.2913,-0.4959,-0.4003,0.283
AGR,2023-09-27,14.34,15.17,14.12,15.17,2771405,16.28,15.94,14.57,-6.8067,-4.8426,4.1309,0.3771,0.2948,0.2955
AGR,2023-09-28,15.26,15.87,15.08,15.43,2820261,16.09,15.99,14.61,-4.1258,-3.5022,5.5981,-0.0961,-0.067,0.2923
AGR,2023-09-29,15.56,15.78,15.21,15.21,1594214,15.93,15.99,14.65,-4.5018,-4.8899,3.7942,-0.4791,-0.3607,0.3327
AGR,2023-10-02,15.17,15.78,15.17,15.56,1629711,15.78,16.01,14.7,-1.4067,-2.8077,5.8345,0.2188,0.183,0.3378
AGR,2023-10-03,15.26,15.43,14.51,14.51,3824455,15.53,15.97,14.72,-6.58,-9.1677,-1.4186,-0.4808,-0.3906,0.3747
AGR,2023-10-04,13.78,15.47,13.78,15.01,2532963,15.25,15.95,14.74,-1.5931,-5.8757,1.8,0.3329,0.2497,0.3678
AGR,2023-10-05,15.15,15.33,14.15,14.38,1616693,14.99,15.89,14.76,-4.095,-9.4772,-2.589,-0.2243,-0.1704,0.3627
AGR,2023-10-06,14.33,15.01,13.97,14.65,1676890,14.88,15.84,14.79,-1.5523,-7.5243,-0.9265,0.1183,0.0896,0.3143
AGR,2023-10-09,14.69,15.01,14.65,14.83,1566246,14.9,15.8,14.82,-0.4364,-6.1333,0.081,0.0,0.0,0.2823
AGR,2023-10-10,15.19,15.28,15.01,15.06,2503761,14.98,15.71,14.85,0.5273,-4.1527,1.4374,-0.3331,-0.252,0.266
AGR,2023-10-11,15.19,15.92,15.01,15.92,2766424,15.06,15.67,14.89,5.7386,1.6149,6.9073,0.6481,0.507,0.2931
AGR,2023-10-12,16.1,16.15,15.65,15.74,1723965,15.09,15.59,14.94,4.3282,0.9589,5.3576,-0.4096,-0.3313,0.3245
AGR,2023-10-13,15.51,15.83,15.06,15.42,2384382,15.11,15.52,14.98,2.0651,-0.6283,2.9331,-0.0423,-0.0297,0.2808
AGR,2023-10-16,15.51,15.56,15.01,15.19,1613453,15.07,15.43,15.01,0.7896,-1.5331,1.1695,-0.12,-0.0861,0.2709
AGR,2023-10-17,15.33,15.38,14.15,14.15,2415292,15.04,15.28,15.02,-5.8863,-7.4165,-5.8111,-0.4215,-0.3015,0.265
AGR,2023-10-18,14.28,14.42,13.19,13.6,4258923,14.89,15.07,15.01,-8.6881,-9.7754,-9.4046,-0.3291,-0.244,0.2646
AGR,2023-10-19,13.65,13.65,12.69,12.69,3038143,14.72,14.86,14.99,-13.82,-14.6001,-15.321,-0.7807,-0.5225,0.3203
AGR,2023-10-20,12.69,13.37,11.92,13.28,2902958,14.59,14.73,14.98,-8.9663,-9.8714,-11.3319,0.4658,0.3158,0.355
AGR,2023-10-23,13.28,13.33,12.56,12.74,1694159,14.38,14.64,14.96,-11.3986,-12.9603,-14.8362,-0.3425,-0.2366,0.3893
AGR,2023-10-24,12.83,13.01,12.6,13.01,1161516,14.17,14.58,14.94,-8.2122,-10.7529,-12.9125,0.4261,0.29,0.3986
AGR,2023-10-25,13.06,13.28,12.83,12.83,1345704,13.86,14.46,14.91,-7.4648,-11.2755,-13.9284,-0.3696,-0.2609,0.3707
AGR,2023-10-26,12.46,12.46,11.96,11.96,2825589,13.49,14.29,14.86,-11.322,-16.2875,-19.5176,-0.3113,-0.2219,0.3609
AGR,2023-10-27,11.87,12.24,11.33,11.92,1486077,13.14,14.12,14.81,-9.2639,-15.5957,-19.5399,0.1132,0.072,0.368
AGR,2023-10-30,11.87,12.15,11.37,11.37,1025109,12.76,13.91,14.75,-10.8585,-18.2779,-22.9393,-0.2598,-0.1688,0.382
AGR,2023-10-31,11.46,11.65,10.64,10.69,1824423,12.41,13.72,14.7,-13.8528,-22.0959,-27.2799,-0.3088,-0.1959,0.3707
AGR,2023-11-01,10.69,11.42,10.37,11.42,1872882,12.19,13.54,14.67,-6.3243,-15.6729,-22.1307,0.3449,0.2242,0.3723
AGR,2023-11-02,11.69,12.19,11.55,12.19,1848006,12.14,13.43,14.64,0.4036,-9.2533,-16.7509,0.2791,0.1899,0.3221
AGR,2023-11-03,12.46,12.46,12.06,12.24,2113237,12.04,13.31,14.62,1.6865,-8.0563,-16.3054,-0.0628,-0.0378,0.2818
AGR,2023-11-06,12.46,12.6,12.01,12.46,1061796,12.01,13.19,14.6,3.7555,-5.5631,-14.6739,0.1627,0.1114,0.2638
AGR,2023-11-07,12.37,12.69,12.19,12.33,1332617,11.94,13.06,14.57,3.2577,-5.5715,-15.3973,-0.1955,-0.1362,0.2408
AGR,2023-11-08,12.37,13.15,12.19,13.15,2664287,11.97,12.92,14.56,9.8305,1.7881,-9.6568,0.307,0.2179,0.2345
AGR,2023-11-09,13.83,13.92,13.42,13.6,2764408,12.14,12.81,14.54,12.054,6.1505,-6.4533,-0.1294,-0.0913,0.2163
AGR,2023-11-10,13.24,14.1,13.24,13.56,2573293,12.3,12.72,14.51,10.2349,6.6122,-6.5214,-0.1364,-0.0952,0.2186
AGR,2023-11-13,13.6,13.83,13.28,13.47,1726834,12.51,12.63,14.47,7.6653,6.6255,-6.9186,-0.1742,-0.1238,0.2101
AGR,2023-11-14,13.83,13.97,13.56,13.6,2248536,12.8,12.61,14.44,6.2334,7.8894,-5.8107,-0.6328,-0.4884,0.2425
AGR,2023-11-15,14.06,14.19,13.65,13.65,2196226,13.02,12.61,14.4,4.7985,8.2646,-5.2136,-0.4045,-0.2927,0.2484
AGR,2023-11-16,13.65,14.06,13.51,14.06,1492737,13.21,12.68,14.37,6.4184,10.9139,-2.1559,0.29,0.2088,0.2495
AGR,2023-11-17,14.06,14.15,13.47,13.65,2839462,13.35,12.7,14.33,2.2242,7.5226,-4.7612,-0.214,-0.1605,0.2647
AGR,2023-11-20,13.37,14.38,13.24,14.1,2334607,13.52,12.76,14.3,4.3131,10.4756,-1.4027,0.2535,0.1979,0.2737
AGR,2023-11-21,14.33,14.47,14.1,14.24,1763958,13.71,12.82,14.25,3.8809,11.0375,-0.0674,-0.1381,-0.0927,0.268
AGR,2023-11-22,14.28,14.47,14.1,14.47,1906416,13.84,12.91,14.2,4.552,12.1141,1.8842,0.35,0.2609,0.2723
AGR,2023-11-23,14.74,14.74,13.47,13.47,2234466,13.83,12.98,14.13,-2.5819,3.7591,-4.6466,-0.2363,-0.1751,0.283
AGR,2023-11-24,13.65,14.1,13.1,14.1,3047832,13.88,13.09,14.07,1.5777,7.7076,0.2075,0.4146,0.3023,0.3108
AGR,2023-11-27,14.01,14.1,13.74,13.78,858289,13.91,13.21,14.01,-0.9488,4.3031,-1.615,-0.1832,-0.1344,0.3117
AGR,2023-11-28,13.83,14.01,13.51,14.01,1414606,13.95,13.38,13.95,0.4085,4.7281,0.4575,0.3076,0.2248,0.2792
AGR,2023-11-29,14.24,14.33,14.01,14.19,1594617,14.01,13.52,13.87,1.3065,4.9867,2.2776,0.0673,0.0488,0.2455
AGR,2023-11-30,14.19,14.42,14.01,14.01,2130042,14.0,13.61,13.81,0.0571,2.9617,1.413,-0.4191,-0.2949,0.2584
AGR,2023-12-01,14.19,14.28,13.87,14.24,1139652,14.06,13.71,13.78,1.273,3.8885,3.3082,0.3406,0.2634,0.271
AGR,2023-12-04,14.6,15.19,14.47,15.15,4045637,14.17,13.84,13.79,6.9462,9.4535,9.8367,0.597,0.4858,0.3054
AGR,2023-12-05,15.19,15.33,15.01,15.1,1704024,14.25,13.98,13.81,5.95,8.0114,9.3316,-0.1754,-0.1378,0.3091
AGR,2023-12-06,15.15,15.33,15.01,15.28,1771649,14.33,14.09,13.81,6.6071,8.4727,10.6172,0.2443,0.1954,0.2985
AGR,2023-12-07,15.33,15.38,14.33,14.88,5081524,14.47,14.15,13.8,2.805,5.1553,7.8073,0.0539,0.0463,0.2803
AGR,2023-12-08,14.88,14.92,14.38,14.6,1290105,14.52,14.2,13.79,0.5233,2.7988,5.8723,-0.0684,-0.0493,0.2457
AGR,2023-12-11,14.69,14.69,14.33,14.6,1524539,14.61,14.26,13.77,-0.0411,2.3915,6.0199,0.2458,0.1881,0.2519
AGR,2023-12-12,14.6,14.78,14.51,14.51,706355,14.66,14.3,13.77,-0.9962,1.4366,5.3663,-0.2395,-0.1783,0.2451
AGR,2023-12-13,14.56,14.83,14.28,14.38,1539259,14.68,14.34,13.76,-2.0102,0.2719,4.518,-0.1706,-0.1235,0.2555
AGR,2023-12-14,14.65,14.65,14.28,14.42,1060007,14.72,14.36,13.76,-2.0114,0.4248,4.8026,-0.0585,-0.0447,0.2194
AGR,2023-12-15,14.42,14.74,14.38,14.47,1308273,14.74,14.4,13.76,-1.8251,0.4861,5.1935,-0.1797,-0.1263,0.2033
AGR,2023-12-18,14.47,14.47,14.15,14.28,1036957,14.65,14.41,13.74,-2.5389,-0.8953,3.8953,-0.0612,-0.0436,0.1498
AGR,2023-12-19,14.28,14.51,14.06,14.51,953855,14.59,14.42,13.73,-0.5688,0.6067,5.6533,0.219,0.1661,0.1541
AGR,2023-12-20,14.51,14.78,14.47,14.65,832284,14.53,14.43,13.71,0.8259,1.514,6.8703,0.0703,0.048,0.1367
AGR,2023-12-21,14.47,14.65,14.38,14.6,697227,14.5,14.49,13.69,0.6758,0.7731,6.683,0.1835,0.1322,0.1497
AGR,2023-12-22,14.6,14.78,14.38,14.51,1238272,14.49,14.51,13.67,0.1173,0.0103,6.1666,-0.1579,-0.1175,0.1586
AGR,2023-12-25,14.38,14.65,14.19,14.47,1901890,14.48,14.54,13.65,-0.0691,-0.502,5.9856,0.1571,0.1032,0.1498
AGR,2023-12-26,14.51,14.65,14.42,14.56,797081,14.49,14.57,13.66,0.5178,-0.0721,6.5808,0.067,0.0459,0.1325
AGR,2023-12-27,14.6,14.83,14.56,14.74,1468570,14.52,14.6,13.68,1.5082,0.9727,7.7186,0.1329,0.0981,0.1287
AGR,2023-12-28,14.69,14.74,14.6,14.65,969773,14.54,14.63,13.72,0.7288,0.1367,6.7551,-0.0932,-0.068,0.1322
AGR,2023-12-29,14.74,14.74,14.56,14.6,747270,14.56,14.65,13.75,0.2954,-0.3277,6.1865,-0.1199,-0.0837,0.1262
AGR,2024-01-02,14.97,14.97,14.47,14.47,1299385,14.58,14.61,13.78,-0.7272,-0.9854,4.9768,-0.2658,-0.2001,0.1467
AGR,2024-01-03,14.47,14.6,14.42,14.6,913451,14.59,14.59,13.82,0.1028,0.0754,5.6761,0.1835,0.1408,0.1431
AGR,2024-01-04,14.69,15.1,14.6,14.83,3411165,14.6,14.57,13.86,1.5545,1.8089,7.031,-0.0446,-0.0341,0.1405
AGR,2024-01-05,14.92,15.01,14.74,14.92,1201638,14.64,14.57,13.92,1.9474,2.4127,7.2224,0.1222,0.0929,0.1344
AGR,2024-01-08,15.01,15.56,15.01,15.47,3663443,14.73,14.61,13.99,5.0166,5.8719,10.6106,0.5975,0.4687,0.1784
AGR,2024-01-09,15.65,15.65,15.19,15.33,1635533,14.82,14.65,14.07,3.4622,4.6524,8.9924,-0.1502,-0.1189,0.1777
AGR,2024-01-10,15.33,15.38,14.88,15.06,1669719,14.87,14.68,14.15,1.2982,2.6165,6.4115,-0.1108,-0.0868,0.1821
AGR,2024-01-11,15.1,15.47,15.06,15.28,1678852,14.92,14.72,14.23,2.406,3.7973,7.3803,0.0371,0.0307,0.1725
AGR,2024-01-12,15.01,15.42,15.01,15.1,1592604,14.97,14.76,14.29,0.8954,2.3382,5.6831,-0.1892,-0.1552,0.1821
AGR,2024-01-15,15.15,15.28,14.74,14.74,1402718,14.98,14.77,14.34,-1.6021,-0.193,2.8037,-0.3111,-0.2505,0.2012
AGR,2024-01-16,14.65,15.01,14.6,15.01,1061398,15.03,14.8,14.39,-0.1596,1.3847,4.3158,0.222,0.1632,0.1968
AGR,2024-01-17,15.06,15.69,14.92,15.1,2028391,15.08,14.83,14.44,0.1061,1.7897,4.5388,-0.2937,-0.2227,0.2078
AGR,2024-01-18,15.1,15.42,14.88,15.01,1500450,15.1,14.85,14.48,-0.6092,1.0604,3.6488,-0.2904,-0.2088,0.2324
AGR,2024-01-19,15.19,15.28,14.92,14.97,991924,15.11,14.87,14.51,-0.9069,0.6657,3.1773,-0.1894,-0.1437,0.2391
AGR,2024-01-22,15.1,15.24,14.88,15.19,1126325,15.08,14.9,14.54,0.7361,1.9121,4.4589,0.2313,0.1764,0.2025
AGR,2024-01-23,15.19,15.28,15.01,15.1,810321,15.06,14.94,14.57,0.2922,1.0946,3.6077,-0.0883,-0.0666,0.1963
AGR,2024-01-24,15.1,15.38,15.01,15.1,1527190,15.06,14.96,14.6,0.2656,0.9122,3.3949,-0.2618,-0.1934,0.2114
AGR,2024-01-25,15.19,15.28,15.01,15.1,513244,15.04,14.98,14.63,0.3856,0.791,3.19,-0.0694,-0.0502,0.2147
AGR,2024-01-26,15.15,15.19,15.01,15.1,654505,15.04,15.0,14.65,0.3856,0.6398,3.0435,0.0,0.0,0.1957
AGR,2024-01-29,15.1,15.24,15.01,15.01,522975,15.07,15.02,14.68,-0.3915,-0.0965,2.2396,-0.1527,-0.1184,0.1799
AGR,2024-01-30,15.01,15.06,14.83,15.06,1010671,15.07,15.05,14.7,-0.0929,0.0399,2.4462,0.3022,0.2131,0.1879
AGR,2024-01-31,15.15,15.6,14.92,14.92,2623480,15.06,15.07,14.71,-0.9033,-0.9954,1.4,-0.3792,-0.3043,0.1965
AGR,2024-02-01,14.92,15.33,14.92,15.33,1188211,15.09,15.1,14.73,1.6039,1.5568,4.0648,0.4109,0.2741,0.2085
AGR,2024-02-02,15.47,15.79,15.47,15.65,3702771,15.16,15.13,14.77,3.2594,3.4266,5.9236,0.1082,0.0817,0.2004
AGR,2024-02-05,15.65,15.92,15.47,15.69,1340406,15.21,15.14,14.81,3.183,3.6157,5.9663,-0.0072,-0.0057,0.178
AGR,2024-02-06,15.74,16.06,15.56,15.79,1177633,15.28,15.17,14.85,3.3715,4.1179,6.3529,-0.0314,-0.022,0.1723
AGR,2024-02-07,15.74,15.92,15.6,15.79,1212763,15.34,15.2,14.88,2.9067,3.8679,6.0985,0.0717,0.0554,0.1533
AGR,2024-02-15,15.83,15.88,15.6,15.74,1199810,15.41,15.22,14.91,2.1547,3.3826,5.5427,0.0,0.0,0.1464
AGR,2024-02-16,15.83,15.97,15.6,15.74,1306613,15.47,15.26,14.95,1.7322,3.1658,5.2984,-0.0812,-0.059,0.1545
AGR,2024-02-19,15.79,15.79,15.38,15.65,1716835,15.54,15.3,14.98,0.7338,2.2709,4.4991,0.1147,0.0777,0.1507
AGR,2024-02-20,15.74,16.15,15.74,15.92,2708617,15.62,15.35,14.99,1.9076,3.7269,6.1928,-0.0822,-0.0614,0.1287
AGR,2024-02-21,15.92,15.92,15.65,15.83,878476,15.71,15.38,15.01,0.7446,2.8958,5.4897,0.0759,0.0551,0.0983
AGR,2024-02-22,15.83,15.92,15.56,15.6,1137260,15.74,15.41,15.01,-0.8895,1.2067,3.9127,-0.1835,-0.139,0.0756
AGR,2024-02-23,15.69,15.74,14.69,15.06,2620174,15.68,15.42,15.02,-3.9602,-2.3251,0.2917,-0.0767,-0.0556,0.0724
AGR,2024-02-26,15.1,15.74,15.01,15.74,2081147,15.69,15.45,15.04,0.3443,1.9034,4.6612,0.429,0.3085,0.1146
AGR,2024-02-27,15.79,16.06,15.6,15.83,1598658,15.69,15.48,15.06,0.8923,2.2445,5.0878,0.0,0.0,0.1115
AGR,2024-02-28,15.92,15.92,15.56,15.74,1121093,15.68,15.51,15.09,0.3507,1.4535,4.3199,0.0,0.0,0.1043
AGR,2024-02-29,15.83,16.19,15.74,15.88,2740656,15.7,15.55,15.12,1.1529,2.0992,5.039,-0.2184,-0.1605,0.1262
AGR,2024-03-01,16.06,16.83,15.92,16.47,3490695,15.77,15.62,15.16,4.4256,5.4282,8.6469,0.153,0.1197,0.1333
AGR,2024-03-04,16.6,16.79,16.19,16.47,1855453,15.85,15.69,15.2,3.8855,4.9379,8.361,-0.0254,-0.018,0.1244
AGR,2024-03-05,16.47,17.1,16.1,17.1,3115430,15.97,15.8,15.26,7.0624,8.2484,12.09,0.5942,0.4326,0.1756
AGR,2024-03-06,17.29,17.65,16.92,17.38,3844314,16.13,15.92,15.31,7.7696,9.1709,13.4983,0.1832,0.1556,0.1863
AGR,2024-03-07,17.65,18.56,17.65,18.56,4335493,16.42,16.08,15.39,13.0122,15.4121,20.5884,0.8161,0.6696,0.2496
AGR,2024-03-08,19.11,19.42,18.65,19.11,5478863,16.83,16.25,15.48,13.5607,17.5674,23.4384,0.1037,0.0939,0.2523
AGR,2024-03-11,18.92,19.65,18.65,19.29,3088526,17.18,16.43,15.58,12.2621,17.375,23.8364,0.1534,0.1332,0.2247
AGR,2024-03-12,19.29,19.33,18.65,19.02,2898076,17.5,16.6,15.67,8.6733,14.6059,21.3939,0.0641,0.0572,0.2311
AGR,2024-03-13,19.11,19.92,18.83,19.83,3897868,17.91,16.8,15.77,10.7141,18.0498,25.718,0.4466,0.3683,0.2758
AGR,2024-03-14,20.02,20.02,19.2,19.42,3849549,18.26,16.98,15.87,6.3236,14.3564,22.3924,-0.3402,-0.2799,0.288
AGR,2024-03-15,19.42,19.56,18.83,19.56,3016910,18.57,17.17,15.97,5.3085,13.8997,22.5165,0.5953,0.4949,0.3322
AGR,2024-03-18,19.65,19.7,18.2,18.33,6766885,18.76,17.31,16.04,-2.2921,5.9109,14.2782,-0.7908,-0.5982,0.4088
AGR,2024-03-19,18.38,18.65,18.11,18.42,2085887,18.89,17.43,16.12,-2.4984,5.6677,14.2765,0.0672,0.0557,0.356
AGR,2024-03-20,18.47,19.02,18.29,18.88,1936446,19.04,17.58,16.2,-0.8508,7.3673,16.5116,0.2122,0.1839,0.3589
AGR,2024-03-21,19.42,19.56,18.7,18.92,2967946,19.08,17.75,16.29,-0.8282,6.5885,16.172,-0.2257,-0.1939,0.2999
AGR,2024-03-22,19.02,19.56,18.88,19.2,3697260,19.09,17.96,16.37,0.592,6.9191,17.2748,-0.0377,-0.031,0.2933
AGR,2024-03-25,19.2,19.42,18.79,18.88,1952077,19.05,18.11,16.44,-0.8716,4.2259,14.8418,-0.2349,-0.1941,0.3015
AGR,2024-03-26,18.7,19.24,18.56,19.2,1245585,19.06,18.28,16.52,0.7134,5.0156,16.2411,0.1889,0.1654,0.3139
AGR,2024-03-27,19.47,19.47,19.15,19.29,1411477,19.01,18.46,16.6,1.4729,4.4934,16.1908,-0.0427,-0.0363,0.2736
AGR,2024-03-28,19.56,20.61,19.52,20.61,5942894,19.13,18.7,16.71,7.7422,10.2316,23.3497,1.3103,1.1379,0.3706
AGR,2024-03-29,20.61,20.7,20.15,20.29,2389889,19.2,18.89,16.81,5.6661,7.4227,20.6847,-0.237,-0.2071,0.3347
AGR,2024-04-01,20.29,20.47,19.74,20.15,1968083,19.38,19.07,16.92,3.9517,5.6523,19.0856,0.0714,0.0625,0.2628
AGR,2024-04-02,20.02,20.29,19.79,20.29,1879680,19.57,19.23,17.03,3.6738,5.504,19.1693,0.2603,0.2235,0.2821
AGR,2024-04-03,20.65,20.93,19.74,19.83,3392278,19.67,19.35,17.12,0.8339,2.4594,15.824,-0.3801,-0.3238,0.2989
AGR,2024-04-04,19.83,19.83,19.11,19.38,2605917,19.71,19.4,17.21,-1.6843,-0.0773,12.6207,-0.1107,-0.0938,0.2874
AGR,2024-04-05,18.92,19.02,18.65,18.65,3103559,19.66,19.37,17.28,-5.1229,-3.727,7.917,-0.4526,-0.3771,0.3289
AGR,2024-04-08,18.42,18.88,18.29,18.42,2280954,19.61,19.33,17.35,-6.0731,-4.7003,6.1892,-0.2542,-0.214,0.3308
AGR,2024-04-09,18.51,19.15,18.47,19.15,1801842,19.61,19.34,17.43,-2.3258,-0.9568,9.8844,0.3812,0.3152,0.35
AGR,2024-04-10,19.2,19.2,18.74,18.83,1264565,19.56,19.28,17.5,-3.7321,-2.3593,7.5877,-0.1585,-0.1339,0.3616
AGR,2024-04-11,18.38,19.11,18.38,19.06,1435238,19.4,19.27,17.58,-1.7779,-1.0744,8.4113,0.3668,0.3158,0.2673
AGR,2024-04-12,19.29,19.74,18.97,19.7,2278589,19.35,19.27,17.67,1.8298,2.2102,11.4682,0.5174,0.4649,0.2953
AGR,2024-04-15,19.74,20.43,18.33,18.33,5477730,19.16,19.27,17.74,-4.3519,-4.8978,3.3281,-0.4396,-0.3979,0.3321
AGR,2024-04-16,18.33,18.65,17.15,18.65,4297873,19.0,19.29,17.81,-1.8421,-3.2952,4.7082,0.7144,0.6003,0.3776
AGR,2024-04-17,18.83,19.02,17.88,17.88,2932285,18.8,19.24,17.87,-4.9189,-7.0469,0.0526,-0.4759,-0.4252,0.3871
AGR,2024-04-19,16.97,17.6,16.65,16.65,6263895,18.53,19.12,17.9,-10.1554,-12.9275,-6.9676,-1.0673,-0.8508,0.4828
AGR,2024-04-22,17.1,17.6,16.56,17.29,2913697,18.4,19.03,17.93,-6.0122,-9.1267,-3.5684,0.4218,0.3451,0.4797
AGR,2024-04-23,17.38,17.38,16.1,16.1,3430936,18.16,18.89,17.94,-11.3631,-14.7584,-10.2464,-0.9949,-0.7751,0.5538
AGR,2024-04-24,16.38,17.01,16.29,16.83,2974162,17.93,18.77,17.96,-6.1454,-10.3309,-6.2855,0.3317,0.2346,0.5488
AGR,2024-04-25,16.83,16.88,16.38,16.56,1979933,17.7,18.63,17.97,-6.4671,-11.123,-7.8679,-0.2448,-0.1599,0.5575
AGR,2024-04-26,16.29,16.79,16.29,16.38,1709572,17.44,18.42,17.99,-6.0618,-11.0797,-8.9342,-0.4327,-0.281,0.5641
AGR,2024-05-02,16.42,16.47,15.69,15.97,2162261,17.06,18.2,17.99,-6.4112,-12.2768,-11.2364,-0.2694,-0.1834,0.5392
AGR,2024-05-03,16.19,16.47,16.15,16.19,1408734,16.85,18.01,18.0,-3.9169,-10.0905,-10.0675,-0.3437,-0.2399,0.5297
AGR,2024-05-06,16.6,17.29,16.33,16.97,2468234,16.68,17.84,18.02,1.7264,-4.882,-5.8446,0.1732,0.1396,0.4755
AGR,2024-05-07,16.97,17.1,16.7,16.88,1688663,16.58,17.69,18.04,1.7971,-4.5977,-6.453,-0.0648,-0.0413,0.4344
AGR,2024-05-08,16.7,17.38,16.6,17.15,2646633,16.63,17.58,18.08,3.1145,-2.4571,-5.1197,0.2493,0.1948,0.3526
AGR,2024-05-09,17.38,17.47,16.92,16.97,1199473,16.6,17.5,18.11,2.2289,-3.0175,-6.3135,-0.2698,-0.1927,0.3374
AGR,2024-05-10,17.15,17.29,16.79,17.2,1485091,16.71,17.44,18.14,2.9324,-1.3592,-5.1966,0.2977,0.2289,0.2677
AGR,2024-05-13,17.2,17.56,16.92,17.38,2077765,16.76,17.35,18.17,3.6684,0.1816,-4.3678,0.3276,0.2844,0.2673
AGR,2024-05-14,17.42,17.51,17.2,17.33,960665,16.84,17.27,18.21,2.8975,0.3271,-4.8095,-0.0539,-0.0405,0.2482
AGR,2024-05-15,17.42,18.29,17.24,17.88,3148188,16.99,17.21,18.25,5.226,3.8659,-2.0038,0.2021,0.1525,0.2252
AGR,2024-05-16,18.2,18.29,17.83,17.92,1648045,17.19,17.13,18.27,4.2649,4.6393,-1.9404,-0.2266,-0.179,0.2209
AGR,2024-05-17,17.92,18.47,17.65,18.29,2315066,17.4,17.12,18.31,5.1331,6.8123,-0.1147,0.2947,0.2356,0.216
AGR,2024-05-20,18.74,18.74,18.29,18.29,1450995,17.53,17.11,18.33,4.3414,6.9247,-0.2443,-0.2522,-0.1975,0.2239
AGR,2024-05-21,18.29,18.38,17.97,18.38,2308436,17.68,17.13,18.35,3.9652,7.294,0.1373,0.4915,0.3944,0.2665
AGR,2024-05-22,18.42,19.06,18.2,18.61,3021132,17.82,17.23,18.36,4.4039,8.0187,1.3848,-0.0225,-0.0193,0.2439
AGR,2024-05-23,18.47,18.74,18.15,18.7,1892131,18.0,17.3,18.35,3.9004,8.0987,1.9207,0.2751,0.2133,0.2444
AGR,2024-05-24,18.61,18.61,17.47,17.88,3617257,18.07,17.39,18.32,-1.0296,2.8295,-2.3986,-0.1831,-0.1409,0.2329
AGR,2024-05-27,17.92,17.97,17.65,17.74,1216417,18.1,17.43,18.29,-1.9998,1.7581,-3.0273,-0.1543,-0.1272,0.2156
AGR,2024-05-28,17.92,18.61,17.83,18.42,1825745,18.21,17.53,18.27,1.1477,5.098,0.8453,0.2294,0.1755,0.2332
AGR,2024-05-29,18.47,19.2,18.29,18.79,4324229,18.3,17.65,18.25,2.6664,6.477,2.942,0.0679,0.0579,0.2197
AGR,2024-05-30,18.47,19.83,18.47,19.83,5171790,18.49,17.84,18.26,7.2298,11.1547,8.6075,0.9513,0.7449,0.2922
AGR,2024-05-31,20.02,20.38,19.29,19.38,2255680,18.6,18.0,18.28,4.1823,7.6697,6.021,-0.5129,-0.4392,0.314
AGR,2024-06-03,19.92,19.92,19.38,19.61,1654832,18.73,18.13,18.3,4.676,8.1543,7.1397,-0.0495,-0.0436,0.2937
AGR,2024-06-04,19.83,20.11,19.52,19.56,2220812,18.85,18.27,18.32,3.7556,7.0871,6.7872,-0.4337,-0.3656,0.288
AGR,2024-06-05,19.88,20.2,19.47,19.61,2460907,18.95,18.39,18.33,3.4719,6.6427,6.9796,-0.2763,-0.2137,0.3133
AGR,2024-06-06,19.65,19.97,19.2,19.47,1725689,19.03,18.51,18.34,2.3175,5.1665,6.1846,-0.1602,-0.1286,0.3018
AGR,2024-06-07,19.61,19.83,19.38,19.83,1317454,19.22,18.64,18.36,3.1523,6.3556,8.036,0.4542,0.3978,0.329
AGR,2024-06-10,20.11,20.61,19.97,20.29,2983835,19.48,18.79,18.38,4.1635,7.9801,10.411,0.0,0.0,0.3135
AGR,2024-06-11,20.38,20.88,20.29,20.88,4098140,19.73,18.97,18.41,5.8555,10.0801,13.4252,0.7554,0.6489,0.3661
AGR,2024-06-12,20.88,21.15,19.83,20.79,1965927,19.92,19.11,18.41,4.3413,8.7713,12.9143,0.1708,0.1433,0.3764
AGR,2024-06-13,20.83,21.02,20.47,20.47,1932299,19.99,19.24,18.42,2.4063,6.3874,11.1546,-0.4647,-0.3759,0.3278
AGR,2024-06-14,20.47,20.88,19.06,19.06,2972465,19.96,19.28,18.39,-4.4947,-1.1385,3.6207,-0.3026,-0.2546,0.3067
AGR,2024-06-17,19.06,19.47,19.02,19.29,2357458,19.92,19.33,18.37,-3.187,-0.2044,4.9853,0.1136,0.0877,0.3131
AGR,2024-06-18,19.52,19.52,19.02,19.02,1609104,19.87,19.36,18.36,-4.2826,-1.7638,3.6072,-0.3506,-0.25,0.3048
AGR,2024-06-19,19.11,19.33,18.15,19.29,2282286,19.84,19.4,18.36,-2.7673,-0.5439,5.0883,0.5265,0.4023,0.3299
AGR,2024-06-20,19.29,19.38,18.7,18.97,1240764,19.79,19.41,18.36,-4.1387,-2.2618,3.3089,-0.0621,-0.0518,0.32
AGR,2024-06-21,18.97,19.02,18.65,18.7,1486950,19.68,19.45,18.37,-4.9604,-3.856,1.8075,-0.2439,-0.1975,0.299
AGR,2024-06-24,18.61,18.61,17.42,17.47,4600714,19.39,19.44,18.33,-9.9206,-10.1176,-4.7146,-0.5339,-0.3811,0.3524
AGR,2024-06-25,17.47,17.74,17.47,17.7,997121,19.08,19.4,18.31,-7.2133,-8.7652,-3.341,0.2732,0.1943,0.3042
AGR,2024-06-26,17.74,17.92,17.24,17.65,1235541,18.76,19.34,18.28,-5.9269,-8.7549,-3.4654,0.0808,0.0527,0.2952
AGR,2024-06-27,17.65,17.65,17.29,17.42,828634,18.46,19.22,18.24,-5.6185,-9.3794,-4.4851,-0.0936,-0.0699,0.2581
AGR,2024-06-28,17.38,17.51,16.38,16.83,2611838,18.23,19.1,18.21,-7.6999,-11.8641,-7.5681,-0.1261,-0.0923,0.2404
AGR,2024-07-01,16.6,17.38,16.6,17.38,865621,18.04,18.98,18.18,-3.6746,-8.4492,-4.4141,0.3078,0.1882,0.2599
AGR,2024-07-02,17.56,17.7,17.38,17.56,870096,17.9,18.88,18.18,-1.883,-7.0112,-3.3901,0.04,0.0266,0.2288
AGR,2024-07-03,17.65,17.74,17.42,17.51,629450,17.72,18.78,18.19,-1.1795,-6.7575,-3.7563,-0.1169,-0.081,0.1879
AGR,2024-07-04,17.7,17.79,17.29,17.38,964563,17.56,18.67,18.2,-1.0251,-6.9319,-4.4803,-0.2291,-0.1468,0.2045
AGR,2024-07-05,17.42,17.47,17.01,17.38,1311618,17.43,18.55,18.22,-0.2754,-6.3174,-4.6145,0.2539,0.1801,0.2056
AGR,2024-07-08,17.56,17.65,17.33,17.56,1008092,17.44,18.42,18.24,0.7054,-4.6455,-3.7038,0.112,0.0775,0.1634
AGR,2024-07-09,17.56,18.11,17.56,18.01,1932655,17.47,18.27,18.26,3.1028,-1.4339,-1.3929,0.2928,0.2166,0.1653
AGR,2024-07-10,18.11,18.11,17.79,17.79,1082431,17.48,18.12,18.29,1.7618,-1.832,-2.7476,-0.2461,-0.1694,0.1819
AGR,2024-07-11,17.83,18.15,17.79,17.92,1260975,17.53,17.99,18.33,2.2131,-0.414,-2.2453,-0.0916,-0.0648,0.1816
AGR,2024-07-12,17.83,18.01,17.74,17.83,874012,17.63,17.93,18.36,1.123,-0.5744,-2.91,-0.1012,-0.0761,0.1791
AGR,2024-07-15,17.83,18.06,17.7,17.83,552618,17.68,17.86,18.38,0.8655,-0.168,-3.0008,-0.0613,-0.0458,0.1545
AGR,2024-07-16,17.97,18.06,17.83,17.88,1346566,17.71,17.8,18.4,0.9656,0.4325,-2.8345,-0.1985,-0.1483,0.1703
AGR,2024-07-17,17.97,18.01,16.92,17.24,1685429,17.68,17.7,18.4,-2.4997,-2.6016,-6.3217,-0.1169,-0.0999,0.1703
AGR,2024-07-18,17.42,17.42,16.83,17.29,1303240,17.67,17.62,18.41,-2.1671,-1.8534,-6.0826,0.1489,0.1048,0.1623
AGR,2024-07-19,17.2,17.47,16.7,16.74,1144805,17.61,17.52,18.4,-4.935,-4.4439,-9.0247,-0.2394,-0.1963,0.1609
AGR,2024-07-22,16.6,16.65,15.79,15.92,2634999,17.44,17.44,18.37,-8.7418,-8.7208,-13.3436,-0.4206,-0.2966,0.1917
AGR,2024-07-23,15.97,16.24,15.65,15.74,892293,17.22,17.34,18.34,-8.584,-9.2429,-14.1748,-0.1227,-0.0882,0.1747
AGR,2024-07-24,15.38,16.1,15.1,16.01,1442945,17.04,17.26,18.3,-6.0446,-7.2476,-12.5242,0.3025,0.2122,0.1804
AGR,2024-07-25,15.69,16.01,15.69,15.92,460481,16.84,17.19,18.26,-5.4632,-7.3665,-12.8254,0.0942,0.0648,0.1806
AGR,2024-07-26,16.06,16.06,15.88,16.01,430544,16.66,17.14,18.22,-3.89,-6.62,-12.1131,0.0821,0.0511,0.1787
AGR,2024-07-29,16.1,16.24,15.97,16.1,421485,16.49,17.08,18.17,-2.3355,-5.7432,-11.4061,-0.0059,-0.004,0.1732
AGR,2024-07-30,16.01,16.06,15.74,15.83,549753,16.28,16.99,18.12,-2.7641,-6.8522,-12.6466,-0.0719,-0.063,0.1605
AGR,2024-07-31,16.01,16.1,15.74,15.74,514927,16.13,16.91,18.06,-2.4179,-6.897,-12.8673,-0.1305,-0.0907,0.1619
AGR,2024-08-01,15.92,15.92,14.65,14.74,3060410,15.88,16.77,17.99,-7.1496,-12.1259,-18.0437,-0.4537,-0.3009,0.1924
AGR,2024-08-02,14.78,15.56,14.65,15.47,1177540,15.75,16.68,17.94,-1.7653,-7.2459,-13.7537,0.1902,0.1334,0.1874
AGR,2024-08-05,14.83,15.6,14.74,14.83,1174543,15.64,16.54,17.88,-5.173,-10.3494,-17.0526,-0.1327,-0.0988,0.1587
AGR,2024-08-06,15.06,15.47,14.83,15.38,1242800,15.6,16.41,17.82,-1.4292,-6.2795,-13.6828,0.241,0.1671,0.1705
AGR,2024-08-07,15.47,15.51,15.1,15.28,517799,15.53,16.28,17.75,-1.6098,-6.1713,-13.9048,-0.0218,-0.0133,0.1424
AGR,2024-08-08,15.06,15.47,14.88,15.1,735684,15.45,16.14,17.65,-2.2527,-6.4668,-14.4631,-0.0586,-0.0472,0.1388
AGR,2024-08-09,15.15,15.97,15.15,15.79,2188940,15.43,16.04,17.58,2.3597,-1.5709,-10.1892,0.4149,0.2488,0.1721
AGR,2024-08-12,15.79,15.92,15.65,15.83,577685,15.4,15.94,17.51,2.7989,-0.7025,-9.5728,0.0616,0.0411,0.1777
AGR,2024-08-13,16.01,16.01,15.47,15.6,1011344,15.38,15.83,17.43,1.4568,-1.4405,-10.4817,-0.2349,-0.1535,0.194
AGR,2024-08-14,15.83,15.83,15.28,15.28,874623,15.33,15.73,17.34,-0.3262,-2.8608,-11.88,-0.3287,-0.2129,0.2138
AGR,2024-08-15,15.33,15.38,15.06,15.1,680664,15.37,15.62,17.25,-1.7311,-3.3322,-12.477,-0.2106,-0.1418,0.1895
AGR,2024-08-16,15.33,16.15,15.19,16.15,2562257,15.43,15.59,17.18,4.6391,3.5854,-5.9899,0.3485,0.2585,0.2053
AGR,2024-08-19,16.65,16.65,16.24,16.65,1649991,15.62,15.63,17.11,6.6214,6.543,-2.6669,0.5055,0.3618,0.2426
AGR,2024-08-20,16.65,17.15,16.33,16.88,2358670,15.77,15.68,17.03,7.0658,7.6222,-0.8587,0.204,0.1498,0.2389
AGR,2024-08-21,16.83,16.88,16.56,16.83,1017247,15.92,15.73,16.95,5.7094,7.0236,-0.6904,0.1697,0.1157,0.2537
AGR,2024-08-22,17.06,17.06,16.56,16.79,955864,16.09,15.77,16.87,4.3505,6.4747,-0.4943,-0.0261,-0.0201,0.2504
AGR,2024-08-23,16.83,17.24,16.65,17.24,1562296,16.24,15.83,16.84,6.1903,8.9037,2.3935,0.4747,0.3883,0.2564
AGR,2024-08-26,17.29,17.56,17.06,17.1,1481890,16.36,15.88,16.79,4.5105,7.6792,1.8269,-0.3056,-0.2168,0.2808
AGR,2024-08-27,16.97,17.06,16.83,16.83,954271,16.48,15.93,16.75,2.0928,5.6464,0.4812,-0.3292,-0.2082,0.2903
AGR,2024-08-28,17.01,17.01,16.47,16.88,956124,16.64,15.99,16.7,1.4118,5.5825,1.0706,0.1571,0.1224,0.2731
AGR,2024-08-29,16.88,17.01,16.65,16.7,602703,16.8,16.09,16.66,-0.6248,3.8202,0.2654,-0.1376,-0.1042,0.2658
AGR,2024-08-30,16.83,16.88,16.7,16.79,641516,16.87,16.15,16.62,-0.4683,3.9532,1.0375,0.0,0.0,0.231
AGR,2024-09-04,16.38,16.65,16.33,16.47,1150511,16.85,16.23,16.6,-2.261,1.4569,-0.7688,-0.0421,-0.0299,0.1846
AGR,2024-09-05,16.65,16.74,16.24,16.42,994143,16.8,16.29,16.57,-2.291,0.8259,-0.9172,-0.093,-0.0628,0.1735
AGR,2024-09-06,16.38,16.6,16.24,16.42,522086,16.76,16.34,16.55,-2.052,0.4742,-0.7699,0.0,0.0,0.1565
AGR,2024-09-09,16.33,16.38,16.19,16.38,431006,16.72,16.41,16.53,-2.0511,-0.1615,-0.8871,0.2271,0.1534,0.1766
AGR,2024-09-10,16.47,16.6,16.01,16.15,861777,16.61,16.42,16.51,-2.7928,-1.6713,-2.1983,-0.1378,-0.1004,0.143
AGR,2024-09-11,16.15,16.24,15.6,16.01,1189160,16.51,16.43,16.49,-2.9991,-2.5771,-2.8849,0.1328,0.0988,0.1257
AGR,2024-09-12,16.19,16.29,15.97,15.97,383463,16.42,16.45,16.45,-2.7346,-2.9297,-2.9404,-0.1905,-0.1331,0.1118
AGR,2024-09-13,15.97,16.33,15.97,16.15,530775,16.35,16.5,16.43,-1.1991,-2.0945,-1.6839,-0.0,-0.0,0.0961
AGR,2024-09-16,16.1,16.29,15.88,16.06,509519,16.28,16.54,16.4,-1.3635,-2.9226,-2.0744,-0.0194,-0.013,0.0843
AGR,2024-09-17,16.15,16.56,16.1,16.56,924457,16.26,16.56,16.38,1.8513,-0.0241,1.0755,0.2426,0.1693,0.1085
AGR,2024-09-18,16.56,17.01,16.47,16.7,1558835,16.28,16.57,16.37,2.5673,0.8058,2.0371,-0.0904,-0.0579,0.1134
AGR,2024-09-19,16.74,17.01,16.65,16.74,710050,16.31,16.56,16.34,2.6113,1.09,2.4405,-0.151,-0.1076,0.1192
AGR,2024-09-20,17.01,17.1,16.74,16.83,784147,16.36,16.56,16.32,2.9043,1.6335,3.1124,-0.0956,-0.0634,0.1287
AGR,2024-09-23,16.79,16.88,16.29,16.65,732614,16.38,16.55,16.3,1.6359,0.589,2.1686,0.0628,0.048,0.1123
AGR,2024-09-24,16.83,16.83,16.6,16.83,433737,16.45,16.53,16.28,2.31,1.8026,3.4,0.1289,0.0948,0.1114
AGR,2024-09-25,17.01,17.33,17.01,17.15,1572262,16.56,16.53,16.26,3.5378,3.7225,5.4541,-0.0422,-0.0313,0.1023
AGR,2024-09-26,17.15,17.33,17.06,17.1,1361265,16.68,16.55,16.25,2.5364,3.3358,5.2476,-0.2173,-0.1647,0.105
AGR,2024-09-27,17.15,17.33,17.15,17.29,1390459,16.79,16.57,16.25,2.9718,4.3546,6.4105,0.2246,0.1746,0.1275
AGR,2024-09-30,17.29,17.65,17.24,17.56,1656845,16.94,16.61,16.25,3.6539,5.7099,8.0363,0.3006,0.2236,0.1556
AGR,2024-10-01,17.7,18.15,17.56,17.88,2612445,17.07,16.67,16.28,4.7268,7.2843,9.851,0.0465,0.0349,0.136
AGR,2024-10-02,17.92,17.92,17.5,17.55,1260910,17.16,16.72,16.31,2.2846,4.9641,7.608,-0.2533,-0.2103,0.1523
AGR,2024-10-03,17.55,17.74,17.08,17.12,2048933,17.2,16.76,16.34,-0.442,2.1785,4.7941,-0.2797,-0.2276,0.1651
AGR,2024-10-04,17.12,17.41,16.98,17.08,1002527,17.22,16.79,16.36,-0.8188,1.7393,4.4125,-0.1328,-0.1064,0.1689
AGR,2024-10-07,17.12,17.41,17.08,17.36,634448,17.29,16.84,16.39,0.3932,3.1063,5.9376,0.1926,0.1415,0.1819
AGR,2024-10-08,17.45,17.55,17.08,17.31,1040695,17.34,16.9,16.41,-0.173,2.4563,5.4652,-0.0058,-0.0043,0.1695
AGR,2024-10-09,17.31,17.5,17.12,17.5,903537,17.38,16.97,16.44,0.7194,3.1262,6.4412,0.252,0.1708,0.1905
AGR,2024-10-10,17.55,17.69,17.31,17.31,791670,17.4,17.04,16.47,-0.4944,1.6054,5.0964,-0.1768,-0.1194,0.1865
AGR,2024-10-11,17.31,17.55,17.17,17.55,551061,17.42,17.11,16.51,0.7347,2.5926,6.3198,0.2041,0.1389,0.1844
AGR,2024-10-14,17.45,17.78,17.45,17.5,1067322,17.42,17.18,16.56,0.4823,1.8715,5.6636,-0.1889,-0.1443,0.1733
AGR,2024-10-15,17.5,17.59,17.12,17.12,920475,17.34,17.21,16.6,-1.2687,-0.5027,3.1636,-0.2151,-0.1656,0.1901
AGR,2024-10-16,17.12,17.22,17.08,17.12,564424,17.3,17.23,16.64,-1.0233,-0.624,2.8797,-0.0922,-0.0628,0.174
AGR,2024-10-17,17.12,17.26,16.7,17.22,1330289,17.31,17.25,16.68,-0.5027,-0.1826,3.2523,0.2398,0.1869,0.17
AGR,2024-10-18,17.26,17.5,17.12,17.12,494186,17.31,17.27,16.71,-1.1033,-0.8456,2.4267,-0.1251,-0.0986,0.1692
AGR,2024-10-21,17.17,17.17,16.93,16.93,779298,17.27,17.28,16.75,-1.9574,-2.0255,1.0686,-0.1945,-0.1354,0.1694
AGR,2024-10-22,16.93,17.03,16.51,16.6,1235434,17.2,17.27,16.77,-3.4715,-3.8712,-0.9972,-0.2353,-0.1568,0.1924
AGR,2024-10-23,16.65,16.89,16.46,16.7,502605,17.12,17.25,16.78,-2.4362,-3.166,-0.504,0.024,0.0173,0.1696
AGR,2024-10-24,16.7,16.79,16.51,16.51,450365,17.04,17.22,16.8,-3.0933,-4.1036,-1.7426,-0.0979,-0.0688,0.1617
AGR,2024-10-25,16.65,16.7,16.51,16.6,342947,16.94,17.18,16.83,-2.0187,-3.3873,-1.3619,-0.0064,-0.0044,0.1419
AGR,2024-10-28,16.6,16.84,16.6,16.84,315941,16.88,17.15,16.86,-0.2133,-1.7847,-0.1423,0.1553,0.1056,0.1386
AGR,2024-10-29,16.84,16.93,16.79,16.84,325133,16.85,17.09,16.88,-0.0475,-1.4859,-0.224,-0.0363,-0.0244,0.1207
AGR,2024-10-30,16.84,16.84,16.65,16.75,247692,16.81,17.05,16.88,-0.3629,-1.7826,-0.769,0.0065,0.0039,0.1121
AGR,2024-10-31,16.98,16.98,16.7,16.79,254350,16.77,17.04,16.88,0.1312,-1.4527,-0.5214,-0.0401,-0.0269,0.0921
AGR,2024-11-01,16.75,16.75,16.51,16.7,375058,16.73,17.02,16.88,-0.1554,-1.8715,-1.0394,0.0655,0.0432,0.0862
AGR,2024-11-04,16.75,16.93,16.27,16.7,555176,16.7,16.99,16.87,-0.018,-1.6808,-1.0288,0.0543,0.0388,0.0722
AGR,2024-11-05,16.7,16.75,16.56,16.7,238216,16.71,16.96,16.86,-0.0778,-1.504,-0.9654,0.0584,0.0407,0.0545
AGR,2024-11-06,16.84,17.31,16.75,17.31,857840,16.77,16.95,16.87,3.1954,2.151,2.6264,0.2671,0.1884,0.0788
AGR,2024-11-07,17.31,17.36,17.08,17.17,536194,16.84,16.94,16.87,1.9596,1.3667,1.7554,-0.0686,-0.051,0.0759
AGR,2024-11-08,17.17,17.31,16.93,17.17,709123,16.9,16.92,16.88,1.6157,1.4805,1.7204,0.0642,0.0441,0.0816
AGR,2024-11-11,17.17,17.22,16.75,16.98,511131,16.91,16.89,16.89,0.408,0.512,0.5614,-0.0029,-0.0018,0.0664
AGR,2024-11-12,16.98,17.31,16.93,16.98,532109,16.92,16.89,16.89,0.325,0.5537,0.5388,-0.1205,-0.0819,0.0748
AGR,2024-11-13,16.7,16.98,16.56,16.79,765666,16.93,16.87,16.9,-0.8211,-0.4742,-0.6238,0.0246,0.0165,0.0766
AGR,2024-11-14,16.79,16.79,16.08,16.08,933591,16.86,16.81,16.89,-4.615,-4.3597,-4.7878,-0.2371,-0.1578,0.0963
AGR,2024-11-15,16.08,16.08,15.42,15.42,1199560,16.73,16.73,16.87,-7.8302,-7.8192,-8.5876,-0.3051,-0.2075,0.1203
AGR,2024-11-18,15.42,16.13,15.42,15.94,711447,16.65,16.68,16.86,-4.2873,-4.4279,-5.4556,0.1346,0.0874,0.1283
AGR,2024-11-19,16.04,16.04,15.61,15.61,324717,16.54,16.63,16.85,-5.6513,-6.1278,-7.3536,-0.0965,-0.0568,0.1321
AGR,2024-11-20,15.66,16.18,15.57,15.75,603792,16.39,16.58,16.84,-3.899,-5.0146,-6.4938,-0.0944,-0.0554,0.1148
AGR,2024-11-21,15.9,16.08,15.8,16.08,270206,16.28,16.56,16.85,-1.2285,-2.8986,-4.5471,0.1014,0.0665,0.1181
AGR,2024-11-22,16.08,16.13,15.9,15.94,275764,16.16,16.53,16.84,-1.3431,-3.5518,-5.3545,-0.068,-0.05,0.1185
AGR,2024-11-25,16.04,16.04,15.9,15.99,178397,16.06,16.48,16.84,-0.4235,-2.9998,-5.0498,0.0224,0.0157,0.1205
AGR,2024-11-26,16.04,16.42,16.04,16.27,442723,15.99,16.46,16.83,1.7702,-1.1303,-3.3538,0.0399,0.029,0.1124
AGR,2024-11-27,16.27,16.27,16.04,16.04,354874,15.91,16.42,16.82,0.8044,-2.3172,-4.6453,-0.1901,-0.1241,0.129
AGR,2024-11-28,16.13,16.27,16.04,16.08,224050,15.91,16.38,16.81,1.0558,-1.8615,-4.3324,-0.0679,-0.0468,0.112
AGR,2024-11-29,16.04,16.23,15.9,16.13,331940,15.98,16.36,16.79,0.9197,-1.3848,-3.9549,0.0512,0.032,0.0866
AGR,2024-12-02,16.13,16.23,16.04,16.08,190720,16.0,16.33,16.78,0.5188,-1.5038,-4.1876,-0.0675,-0.042,0.0799
AGR,2024-12-03,16.08,16.23,15.94,15.99,189108,16.04,16.29,16.77,-0.2806,-1.8416,-4.6284,-0.0382,-0.0273,0.0741
AGR,2024-12-04,15.99,15.99,15.66,15.75,660046,16.04,16.21,16.74,-1.7774,-2.8497,-5.9027,-0.0945,-0.0663,0.0741
AGR,2024-12-05,15.75,16.84,15.47,16.79,2093024,16.11,16.19,16.73,4.2469,3.6868,0.3478,0.2711,0.2051,0.0911
AGR,2024-12-06,16.7,16.79,16.56,16.7,1076506,16.18,16.17,16.72,3.2011,3.2809,-0.1196,0.067,0.0483,0.091
AGR,2024-12-09,16.7,16.89,16.6,16.75,676736,16.26,16.16,16.7,3.0262,3.6638,0.2766,0.0098,0.0075,0.0897
AGR,2024-12-10,16.75,16.79,16.51,16.7,501942,16.3,16.14,16.68,2.4477,3.444,0.1187,0.0677,0.0499,0.0925
AGR,2024-12-11,16.75,16.79,16.23,16.6,655562,16.36,16.13,16.66,1.4856,2.8851,-0.3673,0.0936,0.0687,0.0829
AGR,2024-12-12,16.65,16.7,16.46,16.51,367531,16.4,16.16,16.65,0.6707,2.1911,-0.8349,-0.0761,-0.0523,0.0837
AGR,2024-12-13,16.46,16.51,16.18,16.18,638590,16.4,16.19,16.63,-1.3715,-0.0865,-2.7118,-0.3284,-0.2232,0.1114
AGR,2024-12-16,16.27,16.32,16.08,16.08,418277,16.4,16.2,16.61,-1.9811,-0.7469,-3.164,-0.2292,-0.1621,0.1276
AGR,2024-12-17,16.23,16.23,16.04,16.13,419417,16.42,16.23,16.58,-1.7602,-0.5978,-2.7247,-0.0128,-0.0079,0.125
AGR,2024-12-18,16.08,16.27,16.04,16.27,294764,16.47,16.25,16.56,-1.2203,0.1046,-1.7346,0.1295,0.0964,0.1285
AGR,2024-12-19,16.04,16.13,15.9,16.13,741758,16.4,16.26,16.53,-1.6763,-0.772,-2.4411,0.2175,0.1511,0.1232
AGR,2024-12-20,16.13,16.23,16.04,16.04,279282,16.34,16.26,16.5,-1.83,-1.356,-2.8079,-0.0898,-0.069,0.1254
AGR,2024-12-23,15.99,16.23,15.99,16.04,354310,16.27,16.26,16.47,-1.4015,-1.3712,-2.6356,-0.095,-0.0648,0.134
AGR,2024-12-24,16.04,16.04,15.94,15.99,522485,16.2,16.25,16.45,-1.278,-1.5939,-2.8058,0.0,0.0,0.1272
AGR,2024-12-25,15.99,16.51,15.99,16.13,766953,16.15,16.25,16.43,-0.1238,-0.7598,-1.8367,-0.1025,-0.0706,0.1281
AGR,2024-12-26,16.23,16.27,16.13,16.13,219001,16.11,16.26,16.41,0.1117,-0.7751,-1.7063,-0.073,-0.0536,0.1278
AGR,2024-12-27,16.23,16.23,16.08,16.13,402443,16.11,16.26,16.39,0.1428,-0.7751,-1.5875,-0.0436,-0.0284,0.0993
AGR,2024-12-30,16.13,16.32,16.13,16.13,301131,16.11,16.26,16.37,0.1117,-0.7904,-1.4914,-0.1058,-0.0735,0.087
AGR,2024-12-31,16.08,16.13,15.94,15.99,343778,16.1,16.26,16.36,-0.6709,-1.6514,-2.2736,-0.0614,-0.0401,0.0918
AGR,2025-01-02,15.99,16.13,15.94,16.13,230227,16.08,16.28,16.35,0.286,-0.9062,-1.3492,0.1434,0.0922,0.0932
AGR,2025-01-03,16.08,16.13,15.8,15.85,426355,16.06,16.23,16.34,-1.283,-2.3444,-2.9833,-0.0755,-0.051,0.079
AGR,2025-01-06,15.9,15.94,15.47,15.57,417664,16.01,16.17,16.32,-2.7422,-3.7344,-4.5769,-0.079,-0.0535,0.0779
AGR,2025-01-07,15.57,15.75,15.38,15.38,389473,15.94,16.11,16.29,-3.5313,-4.5047,-5.5723,-0.1407,-0.0937,0.0825
AGR,2025-01-08,15.38,15.9,15.38,15.61,370586,15.9,16.05,16.26,-1.8548,-2.7475,-4.0152,-0.0211,-0.0141,0.0846
AGR,2025-01-09,15.57,15.85,15.47,15.47,173539,15.84,15.99,16.24,-2.3297,-3.2793,-4.7261,-0.1007,-0.0697,0.0844
AGR,2025-01-10,15.57,15.61,15.09,15.09,383676,15.74,15.92,16.2,-4.0991,-5.2344,-6.8714,-0.1064,-0.0753,0.0878
AGR,2025-01-13,15.47,15.47,15.09,15.33,392690,15.66,15.88,16.18,-2.076,-3.4696,-5.23,0.0412,0.0275,0.0875
AGR,2025-01-14,15.24,15.38,15.19,15.28,264585,15.57,15.84,16.15,-1.8626,-3.5414,-5.3729,-0.0071,-0.0048,0.0776
AGR,2025-01-15,15.33,15.52,15.28,15.38,200707,15.51,15.8,16.12,-0.8318,-2.6798,-4.5977,-0.0145,-0.0109,0.073
AGR,2025-01-16,15.57,15.99,15.57,15.57,471300,15.45,15.77,16.09,0.7571,-1.2588,-3.2102,-0.2274,-0.1564,0.0813
AGR,2025-01-17,15.66,15.66,15.42,15.47,217502,15.42,15.74,16.05,0.3568,-1.6873,-3.6281,-0.0639,-0.0402,0.0802
AGR,2025-01-20,15.66,15.66,15.42,15.42,188363,15.4,15.7,16.02,0.1299,-1.8116,-3.7297,-0.098,-0.0674,0.0821
AGR,2025-01-21,15.61,15.61,15.33,15.33,259015,15.4,15.67,15.98,-0.4222,-2.1635,-4.094,-0.1379,-0.0985,0.0818
AGR,2025-01-22,15.47,15.47,15.24,15.24,261214,15.36,15.63,15.95,-0.7683,-2.5046,-4.449,-0.093,-0.065,0.089
AGR,2025-01-23,15.24,15.66,15.24,15.47,484542,15.36,15.6,15.92,0.7293,-0.8238,-2.8462,0.0179,0.0114,0.0807
AGR,2025-01-24,15.57,15.57,15.38,15.42,380340,15.39,15.56,15.91,0.1884,-0.9188,-3.0798,-0.0808,-0.0529,0.0781
AGR,2025-02-03,15.28,15.61,15.28,15.47,426262,15.4,15.53,15.91,0.4219,-0.3863,-2.7717,0.0269,0.0146,0.0767
AGR,2025-02-04,15.47,16.04,15.47,15.9,477822,15.47,15.52,15.91,2.7995,2.4584,-0.0641,0.0751,0.0611,0.0835
AGR,2025-02-05,15.9,15.94,15.8,15.85,259071,15.51,15.51,15.92,2.1658,2.1823,-0.4084,-0.0249,-0.0187,0.0846
AGR,2025-02-06,15.85,16.13,15.85,15.85,503229,15.54,15.5,15.92,1.9817,2.2746,-0.4209,-0.2047,-0.1475,0.0823
AGR,2025-02-07,15.8,15.94,15.75,15.8,295922,15.58,15.5,15.91,1.4446,1.9684,-0.7001,-0.0483,-0.0329,0.0807
AGR,2025-02-10,15.71,15.9,15.57,15.57,698752,15.59,15.5,15.9,-0.1283,0.484,-2.1001,-0.1731,-0.1077,0.0883
AGR,2025-02-11,15.61,15.75,15.57,15.71,196148,15.63,15.51,15.9,0.5247,1.2797,-1.185,0.0401,0.0256,0.0785
AGR,2025-02-12,15.75,16.08,15.71,15.71,367419,15.68,15.52,15.89,0.2233,1.2471,-1.1154,-0.141,-0.1024,0.0833
AGR,2025-02-13,15.71,15.75,15.66,15.66,227157,15.69,15.53,15.88,-0.2166,0.8631,-1.3829,-0.0849,-0.0552,0.09
AGR,2025-02-14,15.75,16.04,15.75,15.85,677597,15.74,15.56,15.88,0.7181,1.8376,-0.1575,-0.0564,-0.039,0.0875
AGR,2025-02-17,15.85,16.27,15.8,16.13,879636,15.8,15.6,15.88,2.0692,3.3709,1.6063,0.0886,0.0668,0.0937
AGR,2025-02-18,16.13,16.23,16.04,16.04,669848,15.82,15.64,15.87,1.4099,2.5444,1.0445,-0.2287,-0.1837,0.1091
AGR,2025-02-19,16.18,16.23,16.04,16.18,551158,15.85,15.68,15.88,2.082,3.1756,1.902,0.0594,0.048,0.1125
AGR,2025-02-20,16.27,16.42,16.13,16.13,656699,15.88,15.71,15.89,1.5871,2.6735,1.5385,-0.1839,-0.1333,0.1104
AGR,2025-02-21,16.13,16.13,15.94,16.08,435473,15.91,15.74,15.87,1.0939,2.1569,1.3143,0.0677,0.0495,0.1124
AGR,2025-02-24,16.08,16.6,16.04,16.56,1221577,16.0,15.8,15.87,3.4677,4.8267,4.357,0.228,0.1637,0.1179
AGR,2025-02-25,16.6,16.89,16.51,16.65,1802189,16.1,15.86,15.87,3.4226,4.9579,4.9374,-0.1223,-0.0979,0.1261
AGR,2025-02-26,16.75,17.31,16.56,16.89,1981738,16.22,15.95,15.87,4.15,5.92,6.4245,-0.0616,-0.0503,0.1182
AGR,2025-02-27,17.08,17.08,16.65,16.89,939539,16.34,16.02,15.88,3.366,5.4505,6.3857,0.0199,0.0159,0.1117
AGR,2025-02-28,16.89,17.08,16.79,16.98,1711333,16.45,16.1,15.89,3.2031,5.4986,6.8893,0.1321,0.1041,0.1192
AGR,2025-03-03,16.98,17.36,16.7,17.22,1998414,16.56,16.18,15.91,3.973,6.4112,8.2583,0.2966,0.2454,0.14
AGR,2025-03-04,17.22,17.36,16.84,16.98,1494507,16.66,16.24,15.92,1.9452,4.5792,6.6288,-0.1844,-0.1346,0.1356
AGR,2025-03-05,16.98,17.41,16.93,16.98,2225620,16.74,16.29,15.94,1.4579,4.2165,6.5151,-0.2793,-0.2208,0.1576
AGR,2025-03-06,17.17,17.55,17.03,17.55,2400559,16.88,16.38,15.97,3.9815,7.1559,9.9142,0.3136,0.2728,0.1705
AGR,2025-03-07,17.69,17.69,17.45,17.55,1164327,17.02,16.47,16.0,3.0837,6.5865,9.719,-0.0399,-0.0327,0.1678
AGR,2025-03-10,17.64,17.78,17.17,17.31,2101620,17.1,16.55,16.02,1.2281,4.5763,8.047,-0.246,-0.1854,0.1696
AGR,2025-03-11,17.08,17.59,17.03,17.55,1674153,17.19,16.64,16.05,2.0942,5.4402,9.339,0.2415,0.1887,0.1815
AGR,2025-03-12,17.59,17.64,17.36,17.59,1391207,17.26,16.74,16.08,1.9119,5.0871,9.3701,0.1659,0.1308,0.1919
AGR,2025-03-13,17.5,17.64,17.17,17.31,1395368,17.3,16.82,16.11,0.0462,2.9071,7.4715,-0.0924,-0.0714,0.1992
AGR,2025-03-14,17.31,17.36,17.08,17.22,800913,17.33,16.89,16.13,-0.6118,1.9568,6.7682,0.0,0.0,0.186
AGR,2025-03-17,17.22,17.45,17.08,17.36,742590,17.34,16.95,16.15,0.1153,2.4128,7.4723,0.1022,0.078,0.1665
AGR,2025-03-18,17.45,17.45,17.22,17.22,528450,17.36,17.01,16.17,-0.8293,1.2346,6.4619,-0.097,-0.077,0.1578
AGR,2025-03-19,17.17,17.36,17.12,17.31,734419,17.4,17.07,16.2,-0.5001,1.4268,6.8439,0.1069,0.0717,0.1406
AGR,2025-03-20,17.41,18.02,17.31,17.55,1909294,17.4,17.14,16.23,0.8795,2.407,8.1358,-0.1599,-0.1365,0.1252
AGR,2025-03-21,17.55,17.59,17.36,17.45,579679,17.39,17.21,16.26,0.3623,1.4181,7.308,-0.0324,-0.0275,0.1244
AGR,2025-03-24,17.36,17.74,17.12,17.64,1015659,17.42,17.26,16.3,1.2629,2.2016,8.2009,0.1353,0.1064,0.1134
AGR,2025-03-25,17.78,17.83,17.26,17.26,1351650,17.39,17.29,16.34,-0.7533,-0.1764,5.6265,-0.3747,-0.2912,0.1267
AGR,2025-03-26,17.12,17.31,16.84,16.98,1505767,17.33,17.29,16.37,-2.0196,-1.8213,3.739,-0.1898,-0.136,0.1291
AGR,2025-03-27,16.93,17.03,16.79,16.79,748334,17.28,17.29,16.39,-2.8244,-2.8918,2.413,-0.214,-0.1716,0.1412
AGR,2025-03-28,16.89,17.17,16.56,16.84,1153093,17.24,17.28,16.43,-2.3202,-2.5632,2.4992,-0.0309,-0.0232,0.1443
AGR,2025-03-31,16.7,16.93,16.65,16.79,574203,17.18,17.26,16.46,-2.2871,-2.7315,2.0135,0.0,0.0,0.1341
AGR,2025-04-01,16.79,16.98,16.75,16.89,373968,17.15,17.26,16.49,-1.516,-2.1267,2.4207,0.0285,0.0212,0.1273
AGR,2025-04-02,16.93,17.08,16.84,17.03,488277,17.12,17.26,16.52,-0.5373,-1.3297,3.0635,0.0717,0.059,0.1237
AGR,2025-04-03,15.9,16.42,15.85,15.85,1691455,16.95,17.17,16.53,-6.5007,-7.712,-4.1103,-0.1002,-0.0734,0.1178
AGR,2025-04-04,14.76,15.28,14.76,14.86,2989509,16.69,17.04,16.52,-10.9807,-12.7934,-10.0332,-0.1294,-0.0922,0.1275
AGR,2025-04-08,14.2,14.53,13.82,13.82,1124251,16.31,16.87,16.49,-15.2719,-18.0576,-16.1672,-0.1099,-0.0739,0.1249
AGR,2025-04-09,12.88,13.3,12.88,12.88,3223678,15.87,16.63,16.44,-18.8559,-22.5589,-21.6364,-0.2957,-0.2031,0.117
AGR,2025-04-10,13.77,13.77,13.77,13.77,253185,15.55,16.44,16.41,-11.4583,-16.246,-16.0714,0.0,0.0,0.098
AGR,2025-04-11,14.58,14.62,13.92,14.58,2225412,15.33,16.3,16.39,-4.8986,-10.5768,-11.0379,0.1428,0.0952,0.0909
AGR,2025-04-14,14.58,14.91,14.43,14.81,1331553,15.13,16.18,16.38,-2.1021,-8.4899,-9.5672,0.1235,0.0779,0.1002
AGR,2025-04-15,14.53,14.72,14.15,14.15,1262806,14.86,16.02,16.35,-4.8036,-11.6922,-13.4578,-0.2533,-0.1491,0.1255
AGR,2025-04-16,14.25,14.43,14.06,14.2,556090,14.6,15.87,16.32,-2.7064,-10.5371,-12.971,-0.0327,-0.0185,0.1259
AGR,2025-04-17,13.68,14.34,13.68,14.15,842182,14.31,15.71,16.28,-1.0974,-9.9558,-13.0963,0.0831,0.0499,0.1271
AGR,2025-04-18,14.34,14.58,14.2,14.25,872144,14.15,15.55,16.25,0.7281,-8.3572,-12.3099,-0.1022,-0.0747,0.1273
AGR,2025-04-21,14.48,14.48,13.73,13.73,1151186,14.03,15.36,16.21,-2.1662,-10.6323,-15.294,-0.2392,-0.157,0.1382
AGR,2025-04-22,13.73,13.82,12.78,13.11,2056822,13.96,15.14,16.16,-6.109,-13.391,-18.8728,-0.0821,-0.0516,0.1355
AGR,2025-04-23,13.44,13.58,13.35,13.49,557580,14.02,14.95,16.12,-3.8078,-9.7568,-16.2912,0.0303,0.018,0.1089
AGR,2025-04-24,13.54,13.87,13.54,13.77,737171,14.02,14.79,16.08,-1.8112,-6.884,-14.3476,0.084,0.0502,0.1173
AGR,2025-04-25,13.82,13.92,13.73,13.77,505587,13.94,14.64,16.04,-1.2408,-5.9233,-14.1457,-0.057,-0.0317,0.1087
AGR,2025-04-28,14.01,14.01,13.77,13.82,580387,13.84,14.49,16.0,-0.1734,-4.5975,-13.6153,-0.1132,-0.0737,0.1077
AGR,2025-04-29,13.92,13.92,13.77,13.87,370793,13.82,14.34,15.95,0.3909,-3.2775,-13.0571,0.04,0.0241,0.0864
AGR,2025-05-05,14.06,14.06,13.87,14.01,386577,13.8,14.2,15.91,1.5438,-1.3102,-11.9555,0.0497,0.0322,0.0881
AGR,2025-05-06,14.01,14.29,14.01,14.01,728253,13.78,14.04,15.87,1.647,-0.2492,-11.7147,-0.1492,-0.1142,0.0947
AGR,2025-05-07,13.96,14.1,13.92,13.96,552214,13.75,13.95,15.83,1.4977,0.0681,-11.7885,-0.0748,-0.0504,0.0919
AGR,2025-05-08,14.1,14.25,13.96,14.25,723008,13.81,13.92,15.79,3.216,2.3707,-9.7473,0.1755,0.1007,0.0856
AGR,2025-05-09,14.29,14.43,14.06,14.15,684790,13.91,13.94,15.74,1.7254,1.5319,-10.1062,-0.0897,-0.0617,0.0863
AGR,2025-05-12,14.2,14.25,14.01,14.06,579331,13.97,14.0,15.69,0.6659,0.4609,-10.3831,-0.0615,-0.0397,0.0895
AGR,2025-05-13,14.34,14.43,14.15,14.34,785883,14.02,14.02,15.64,2.2533,2.2533,-8.3003,0.0585,0.0361,0.0869
AGR,2025-05-14,14.34,14.53,14.2,14.48,1510642,14.1,14.02,15.59,2.7315,3.2884,-7.1188,0.2093,0.1187,0.1021
AGR,2025-05-15,14.62,14.72,14.43,14.62,914589,14.18,14.01,15.54,3.1393,4.3578,-5.9359,0.0567,0.0393,0.0965
AGR,2025-05-16,14.62,14.81,14.43,14.48,805605,14.24,14.03,15.49,1.714,3.2368,-6.5071,-0.0919,-0.0631,0.1017
AGR,2025-05-19,14.34,14.39,14.15,14.2,804640,14.26,14.03,15.43,-0.3858,1.2406,-7.9846,-0.0968,-0.0636,0.1064
AGR,2025-05-20,14.2,14.39,14.15,14.29,615188,14.28,14.03,15.38,0.049,1.8314,-7.0775,0.0206,0.0124,0.0935
AGR,2025-05-21,14.34,14.39,14.1,14.2,727410,14.31,14.03,15.31,-0.7479,1.2081,-7.2586,-0.0411,-0.0267,0.0902
AGR,2025-05-22,14.2,14.43,14.06,14.2,904866,14.3,14.05,15.24,-0.7132,1.0389,-6.851,-0.0336,-0.0234,0.076
AGR,2025-05-23,14.2,14.29,14.06,14.15,513140,14.3,14.11,15.18,-1.0628,0.3119,-6.7926,-0.0276,-0.0192,0.0698
AGR,2025-05-26,14.15,14.34,13.82,14.34,696442,14.33,14.15,15.12,0.0698,1.3535,-5.1399,0.0941,0.0612,0.073
AGR,2025-05-27,14.43,14.58,14.34,14.48,1209101,14.34,14.18,15.05,0.9481,2.0869,-3.8181,0.0362,0.0249,0.0708
AGR,2025-05-28,14.58,14.72,14.43,14.53,1086354,14.35,14.22,15.0,1.2614,2.1657,-3.1282,-0.065,-0.0439,0.0564
AGR,2025-05-29,14.62,14.62,14.34,14.39,486132,14.33,14.25,14.94,0.4467,0.9789,-3.6982,-0.0514,-0.0344,0.0558
AGR,2025-05-30,14.39,14.72,14.34,14.43,1351918,14.32,14.28,14.88,0.7611,1.061,-3.0503,-0.1202,-0.0778,0.0587
AGR,2025-06-02,14.6,14.8,14.5,14.8,768496,14.38,14.32,14.84,2.9136,3.3664,-0.24,0.1269,0.1048,0.0617
AGR,2025-06-03,15.05,15.45,15.05,15.2,2062941,14.47,14.38,14.79,5.0304,5.7207,2.7485,-0.0934,-0.0711,0.0689
AGR,2025-06-04,15.6,15.6,15.05,15.2,1027494,14.57,14.44,14.75,4.3096,5.2668,3.076,-0.0842,-0.0605,0.0733
AGR,2025-06-05,15.3,15.3,14.9,15.0,786370,14.65,14.48,14.7,2.3751,3.6126,2.0589,-0.0831,-0.0568,0.0782
AGR,2025-06-06,14.9,15.0,14.7,14.7,819575,14.71,14.5,14.64,-0.0476,1.3479,0.4194,-0.1305,-0.0896,0.0885
AGR,2025-06-09,14.7,14.85,14.6,14.65,678482,14.74,14.53,14.59,-0.5971,0.7981,0.436,-0.0803,-0.0548,0.0871
AGR,2025-06-10,14.6,14.8,14.6,14.65,406340,14.76,14.55,14.54,-0.7116,0.6907,0.7579,-0.0532,-0.0355,0.0888
AGR,2025-06-11,14.85,14.85,14.6,14.7,269018,14.77,14.56,14.5,-0.4874,0.9581,1.3933,-0.0203,-0.0121,0.0844
AGR,2025-06-12,14.8,14.85,14.7,14.75,429229,14.81,14.57,14.46,-0.3917,1.2563,2.0323,-0.0339,-0.0231,0.0826
AGR,2025-06-13,14.6,14.6,14.3,14.4,1411100,14.81,14.56,14.41,-2.7356,-1.1193,-0.0583,-0.084,-0.0561,0.079
AGR,2025-06-16,14.4,14.75,14.3,14.75,523000,14.8,14.59,14.37,-0.3378,1.0932,2.6758,0.0818,0.052,0.0745
AGR,2025-06-17,14.9,14.9,14.65,14.7,303000,14.75,14.61,14.32,-0.339,0.6091,2.6608,-0.045,-0.031,0.0696
AGR,2025-06-18,14.7,14.8,14.55,14.6,556800,14.69,14.63,14.29,-0.6127,-0.2119,2.1408,-0.0735,-0.0476,0.0686
AGR,2025-06-19,14.6,14.65,14.4,14.6,498300,14.65,14.65,14.29,-0.3413,-0.3481,2.1779,0.0761,0.0513,0.0679
AGR,2025-06-20,14.65,14.8,14.55,14.55,378900,14.64,14.67,14.3,-0.5808,-0.8248,1.7241,-0.0833,-0.0494,0.0631
AGR,2025-06-23,14.45,14.55,14.3,14.45,427500,14.61,14.68,14.33,-1.129,-1.5433,0.8036,0.0216,0.0126,0.0573
AGR,2025-06-24,14.75,14.95,14.6,14.7,872500,14.62,14.69,14.35,0.5472,0.0851,2.4148,-0.0749,-0.0457,0.0594
AGR,2025-06-25,14.7,14.85,14.65,14.65,389700,14.62,14.69,14.35,0.2395,-0.296,2.0565,-0.0802,-0.0523,0.0654
AGR,2025-06-26,14.65,14.65,14.4,14.55,467100,14.6,14.7,14.35,-0.3083,-1.0305,1.3966,0.0251,0.0153,0.0645
AGR,2025-06-27,14.65,14.75,14.5,14.6,342200,14.61,14.71,14.36,-0.1026,-0.7478,1.6812,-0.0162,-0.0101,0.0578
AGR,2025-06-30,14.8,14.9,14.7,14.8,746300,14.62,14.71,14.37,1.2312,0.6118,2.988,0.0,0.0,0.0496
AGR,2025-07-01,14.8,14.85,14.6,14.65,441400,14.62,14.68,14.38,0.2395,-0.2214,1.8734,-0.0735,-0.0448,0.0524
AGR,2025-07-02,14.65,15.35,14.6,15.2,1765900,14.68,14.68,14.4,3.5775,3.5246,5.5585,0.1751,0.122,0.0626
AGR,2025-07-03,15.2,15.5,14.9,15.0,2075100,14.71,14.68,14.42,1.9368,2.1624,3.9861,-0.2661,-0.168,0.0816
AGR,2025-07-04,15.15,15.2,14.95,14.95,711100,14.76,14.69,14.46,1.3216,1.7353,3.3758,-0.2016,-0.1247,0.0934
AGR,2025-07-07,15.15,15.2,15.0,15.15,1129000,14.82,14.72,14.5,2.1922,2.9212,4.5188,0.0744,0.0611,0.0987
AGR,2025-07-08,15.25,15.5,15.15,15.3,1646000,14.88,14.75,14.53,2.788,3.7112,5.3313,-0.0386,-0.0261,0.0951
AGR,2025-07-09,15.45,16.05,15.45,15.9,3194900,15.01,14.81,14.57,5.9294,7.3418,9.1418,0.2187,0.1499,0.1089
AGR,2025-07-10,16.0,16.0,15.6,15.7,1099500,15.12,14.86,14.61,3.8017,5.6528,7.4915,-0.0935,-0.062,0.1158
AGR,2025-07-11,15.7,16.25,15.6,15.95,2353600,15.26,14.94,14.65,4.5216,6.7782,8.893,0.0287,0.0186,0.117
AGR,2025-07-14,16.0,16.9,15.5,16.35,2194600,15.42,15.02,14.69,6.0655,8.873,11.2684,0.0616,0.0473,0.1232
AGR,2025-07-15,16.55,16.9,15.8,16.15,2964600,15.57,15.09,14.74,3.7584,7.0245,9.5881,-0.0993,-0.0686,0.1257
AGR,2025-07-16,16.15,16.4,16.1,16.25,1490600,15.67,15.17,14.78,3.7013,7.1017,9.925,0.0,0.0,0.1082
AGR,2025-07-17,16.45,16.55,16.1,16.25,1829100,15.8,15.26,14.82,2.8807,6.5225,9.6284,-0.0827,-0.0558,0.0899
AGR,2025-07-18,16.35,16.8,16.15,16.4,1711600,15.94,15.35,14.87,2.8858,6.8578,10.3055,-0.0503,-0.0364,0.0748
AGR,2025-07-21,16.45,16.45,15.95,15.95,2399500,16.02,15.42,14.91,-0.437,3.4203,7.0068,-0.2611,-0.1808,0.0934
AGR,2025-07-22,15.85,16.4,15.7,16.35,1667700,16.12,15.5,14.95,1.3953,5.4499,9.3953,0.1408,0.0925,0.1037
AGR,2025-07-23,16.6,17.1,16.45,16.65,3284300,16.2,15.6,14.99,2.7778,6.6966,11.08,-0.1583,-0.1014,0.0976
AGR,2025-07-24,16.8,16.8,16.35,16.55,1304700,16.29,15.71,15.03,1.6273,5.3805,10.1292,-0.021,-0.0142,0.0904
AGR,2025-07-25,16.55,17.15,16.5,16.9,3698400,16.38,15.82,15.08,3.1746,6.8268,12.0972,0.0897,0.0585,0.0965
AGR,2025-07-28,17.55,18.05,17.4,18.05,3382300,16.55,15.98,15.15,9.0634,12.936,19.1168,0.273,0.223,0.1176
AGR,2025-07-29,19.1,19.1,17.1,17.1,6770500,16.64,16.1,15.21,2.7336,6.1782,12.4305,-0.2473,-0.1773,0.1324
AGR,2025-07-30,17.6,17.9,17.0,17.6,3463600,16.78,16.23,15.28,4.8868,8.4746,15.2028,0.1015,0.0768,0.1426
AGR,2025-07-31,18.2,18.2,17.15,17.9,2458600,16.94,16.37,15.35,5.6359,9.3464,16.6017,0.1037,0.0743,0.1447
AGR,2025-08-01,17.8,18.2,17.05,17.2,3393300,17.02,16.48,15.41,1.0279,4.3531,11.5985,-0.3046,-0.1941,0.1701
AGR,2025-08-04,17.15,17.65,17.0,17.55,1449400,17.18,16.6,15.48,2.1239,5.707,13.397,0.0947,0.0684,0.1535
AGR,2025-08-05,17.95,18.3,16.9,17.35,5118900,17.28,16.7,15.53,0.376,3.8611,11.6905,-0.1891,-0.1248,0.1583
AGR,2025-08-06,17.5,17.9,17.4,17.8,1544100,17.4,16.8,15.6,2.2989,5.9524,14.107,0.1283,0.0782,0.1553
AGR,2025-08-07,18.2,18.65,18.0,18.4,3334900,17.58,16.94,15.68,4.6346,8.6507,17.3499,0.0753,0.058,0.1607
AGR,2025-08-08,18.6,18.85,17.8,18.2,2749800,17.72,17.05,15.76,2.7378,6.7605,15.5189,-0.0658,-0.0467,0.1583
AGR,2025-08-11,18.2,18.45,18.0,18.4,2647200,17.75,17.15,15.83,3.662,7.2886,16.257,0.2348,0.1519,0.1545
AGR,2025-08-12,18.6,18.6,17.95,18.2,2170300,17.86,17.25,15.89,1.9037,5.492,14.5591,-0.0579,-0.0403,0.1355
AGR,2025-08-13,18.35,18.5,17.85,18.45,4051500,17.94,17.36,15.95,2.8142,6.2635,15.6595,0.3469,0.216,0.1601
AGR,2025-08-14,18.7,19.2,18.55,18.65,3490500,18.02,17.48,16.02,3.4961,6.6781,16.3807,-0.2584,-0.1671,0.1756
AGR,2025-08-15,18.95,19.0,18.0,18.2,2575300,18.12,17.57,16.1,0.4415,3.5709,13.0786,-0.1329,-0.0829,0.1584
AGR,2025-08-18,18.25,18.7,17.85,18.65,2795000,18.23,17.71,16.18,2.3039,5.3226,15.3014,0.2732,0.1831,0.1762
AGR,2025-08-19,18.9,19.5,18.7,19.05,3977200,18.4,17.84,16.26,3.5326,6.7675,17.1371,-0.0448,-0.0308,0.1618
AGR,2025-08-20,19.05,19.2,17.75,18.4,2517700,18.46,17.93,16.34,-0.325,2.6213,12.6278,-0.0227,-0.0141,0.1513
AGR,2025-08-21,18.6,18.95,18.0,18.25,1873700,18.44,18.02,16.41,-1.0572,1.3045,11.233,-0.083,-0.0537,0.152
AGR,2025-08-22,18.05,18.1,17.0,17.05,3469600,18.33,18.02,16.46,-6.9831,-5.396,3.5844,-0.2237,-0.1434,0.1678
AGR,2025-08-25,17.4,17.6,16.8,16.9,1329100,18.18,17.96,16.5,-7.0407,-5.9282,2.4056,-0.0908,-0.0586,0.1534
AGR,2025-08-26,16.7,17.8,16.7,17.8,1441200,18.14,18.0,16.57,-1.8743,-1.1111,7.4555,0.1181,0.074,0.1595
AGR,2025-08-27,17.8,17.95,17.45,17.45,1857400,18.04,17.99,16.62,-3.2705,-3.0151,4.9814,-0.1762,-0.1033,0.1424
AGR,2025-08-28,17.75,18.15,17.5,18.0,1849200,17.98,18.0,16.69,0.1391,0.0139,7.849,0.1448,0.0859,0.131
AGR,2025-08-29,18.35,19.25,18.2,19.25,6477600,18.08,18.1,16.78,6.4712,6.3536,14.6926,0.6763,0.4583,0.1854
AGR,2025-09-03,19.85,20.55,19.7,20.55,4985200,18.27,18.25,16.91,12.4795,12.6027,21.5545,0.6485,0.4721,0.2229
AGR,2025-09-04,20.8,20.8,20.0,20.45,2773500,18.41,18.4,17.02,11.0809,11.1111,20.1457,0.0399,0.0287,0.2224
AGR,2025-09-05,20.5,20.75,19.05,19.05,3911300,18.48,18.47,17.11,3.1123,3.1542,11.3449,-0.2473,-0.1707,0.2449
AGR,2025-09-08,19.05,19.3,18.0,18.1,4127300,18.46,18.45,17.18,-1.9502,-1.9103,5.3551,-0.2168,-0.1466,0.2582
AGR,2025-09-09,18.3,18.55,17.9,18.55,2038900,18.61,18.47,17.26,-0.3224,0.4331,7.4802,0.3099,0.1988,0.2669
AGR,2025-09-10,18.65,18.7,18.15,18.2,1296900,18.74,18.46,17.33,-2.8815,-1.4085,5.0384,-0.2613,-0.172,0.2839
AGR,2025-09-11,18.1,18.5,17.4,18.4,2276400,18.8,18.47,17.4,-2.1277,-0.379,5.735,0.207,0.1296,0.2928
AGR,2025-09-12,18.45,18.7,18.2,18.35,1148800,18.89,18.46,17.46,-2.8587,-0.6228,5.0673,-0.0739,-0.046,0.2826
AGR,2025-09-15,18.5,19.0,18.35,19.0,1605300,18.99,18.48,17.54,0.0527,2.7999,8.293,0.2503,0.1515,0.2931
AGR,2025-09-16,19.4,19.4,18.35,18.5,1870100,18.92,18.5,17.62,-2.194,0.0135,5.0182,-0.1646,-0.1048,0.2419
AGR,2025-09-17,18.35,18.5,18.0,18.05,1284700,18.66,18.47,17.67,-3.2949,-2.2607,2.1274,-0.129,-0.0806,0.19
AGR,2025-09-18,18.2,18.25,17.8,17.95,1060300,18.42,18.41,17.73,-2.5251,-2.5119,1.258,-0.093,-0.0541,0.1953
AGR,2025-09-19,18.0,18.15,17.8,17.9,628500,18.3,18.39,17.77,-2.1858,-2.6513,0.7486,-0.0507,-0.0282,0.1757
AGR,2025-09-22,17.75,17.8,17.05,17.35,1290700,18.23,18.34,17.8,-4.8011,-5.4109,-2.5281,-0.0385,-0.0224,0.1578
AGR,2025-09-23,17.35,17.6,17.3,17.35,569200,18.1,18.36,17.83,-4.1701,-5.4882,-2.6812,-0.084,-0.0535,0.1352
AGR,2025-09-24,17.5,17.9,17.2,17.9,684700,18.08,18.41,17.86,-0.9682,-2.757,0.2296,0.0787,0.0517,0.117
AGR,2025-09-25,18.0,18.05,17.8,17.85,953500,18.02,18.41,17.89,-0.9434,-3.0418,-0.2403,-0.0875,-0.0568,0.105
AGR,2025-09-26,17.85,17.9,17.45,17.45,898900,17.93,18.41,17.92,-2.6771,-5.2146,-2.6065,-0.1492,-0.0927,0.1125
AGR,2025-09-29,17.5,17.65,17.3,17.35,631400,17.76,18.38,17.94,-2.3361,-5.5911,-3.2833,-0.0898,-0.0562,0.0965
AGR,2025-09-30,17.55,17.55,17.0,17.4,1083800,17.66,18.28,17.96,-1.4444,-4.84,-3.1126,0.093,0.0543,0.0893
AGR,2025-10-01,17.5,17.65,17.3,17.5,465500,17.6,18.13,17.99,-0.5682,-3.4882,-2.7237,0.0213,0.012,0.0786
AGR,2025-10-02,17.65,17.65,17.1,17.1,496600,17.52,17.96,18.0,-2.3694,-4.8149,-5.0264,-0.0899,-0.0563,0.0783
AGR,2025-10-03,17.15,17.2,16.85,17.0,859000,17.42,17.86,18.01,-2.439,-4.8286,-5.6185,-0.0228,-0.0153,0.0755
AGR,2025-10-06,17.35,18.15,17.25,18.15,1721400,17.51,17.87,18.04,3.6847,1.5953,0.5875,0.1932,0.1196,0.0909
AGR,2025-10-07,18.2,18.4,17.7,17.8,731800,17.55,17.83,18.06,1.4245,-0.1543,-1.4506,-0.088,-0.0568,0.0913
AGR,2025-10-08,18.35,18.35,17.6,17.75,970900,17.54,17.8,18.06,1.2261,-0.3089,-1.6947,-0.114,-0.0608,0.0949
AGR,2025-10-09,17.8,17.9,17.55,17.65,724100,17.52,17.77,18.07,0.7708,-0.6613,-2.3081,-0.0559,-0.0298,0.0917
AGR,2025-10-10,17.9,17.9,17.55,17.65,670900,17.54,17.73,18.07,0.6558,-0.4652,-2.3135,-0.0572,-0.0289,0.0825
AGR,2025-10-13,17.45,17.55,17.2,17.45,1040100,17.54,17.66,18.06,-0.5415,-1.1611,-3.3723,0.052,0.0285,0.0787
AGR,2025-10-14,17.8,17.9,17.35,17.35,939000,17.54,17.6,18.06,-1.0832,-1.4064,-3.942,-0.0926,-0.0495,0.0787
AGR,2025-10-15,17.45,17.5,17.2,17.35,787000,17.52,17.56,18.06,-0.9986,-1.21,-3.9207,0.0,0.0,0.0766
AGR,2025-10-16,17.4,17.55,17.2,17.35,662900,17.55,17.53,18.06,-1.1396,-1.0409,-3.9207,-0.0141,-0.0073,0.069
AGR,2025-10-17,17.35,17.65,17.2,17.2,912800,17.57,17.5,18.05,-2.1059,-1.7002,-4.688,-0.0994,-0.0509,0.0766
AGR,2025-10-20,17.1,17.4,16.0,16.0,1501500,17.35,17.43,18.0,-7.8075,-8.2042,-11.1012,-0.0885,-0.0491,0.0662
AGR,2025-10-21,15.9,16.4,15.9,16.15,351200,17.19,17.37,17.96,-6.05,-7.0236,-10.0629,-0.0,-0.0,0.0574
