ticker,time,open,high,low,close,volume,ma10,ma20,ma50,ma10_score,ma20_score,ma50_score,money_flow,dollar_flow,trend_score
CLX,2017-03-01,11.81,11.81,11.81,11.81,83100,,,,,,,-0.1129,-0.1323,0.0113
CLX,2017-03-02,13.55,13.55,13.55,13.55,27700,,,,,,,-0.0345,-0.0537,0.0147
CLX,2017-03-03,15.55,15.55,15.55,15.55,41100,,,,,,,0.0631,0.0823,0.021
CLX,2017-03-06,17.88,17.88,13.22,13.22,43210,,,,,,,-0.0538,-0.0674,0.0264
CLX,2017-03-07,12.8,12.89,12.8,12.8,40890,,,,,,,-0.0631,-0.0782,0.0327
CLX,2017-03-08,10.89,14.13,10.89,12.31,28898,,,,,,,-0.0072,-0.0095,0.0335
CLX,2017-03-09,12.31,12.31,10.81,11.81,49300,,,,,,,0.0252,0.0284,0.036
CLX,2017-03-10,12.39,12.39,11.64,11.89,12300,,,,,,,-0.0069,-0.0085,0.0367
CLX,2017-03-13,11.97,11.97,11.64,11.89,11659,,,,,,,0.0095,0.0113,0.0376
CLX,2017-03-14,11.56,11.64,10.89,11.64,17600,12.65,,,-7.9553,,,0.0293,0.0321,0.0406
CLX,2017-03-15,10.89,11.06,10.89,10.98,8000,12.56,,,-12.6406,,,0.0,0.0,0.0293
CLX,2017-03-16,10.98,11.39,10.64,10.64,5129,12.27,,,-13.2791,,,-0.0056,-0.0066,0.0264
CLX,2017-03-17,10.81,11.22,10.73,10.81,4828,11.8,,,-8.3862,,,-0.0032,-0.0031,0.0204
CLX,2017-03-20,10.98,10.98,10.48,10.64,9900,11.54,,,-7.781,,,-0.0041,-0.0048,0.0154
CLX,2017-03-21,10.73,11.06,10.73,10.89,20200,11.35,,,-4.0293,,,0.0,0.0,0.0091
CLX,2017-03-22,11.22,11.39,10.98,10.98,8100,11.22,,,-2.1497,,,-0.0078,-0.0095,0.0092
CLX,2017-03-23,11.22,11.22,10.81,10.81,3300,11.12,,,-2.7674,,,-0.0046,-0.0041,0.0071
CLX,2017-03-24,10.81,10.81,10.81,10.81,2000,11.01,,,-1.8127,,,0.0,0.0,0.0064
CLX,2017-03-27,10.81,11.31,10.81,10.89,10200,10.91,,,-0.1524,,,-0.0076,-0.0087,0.0062
CLX,2017-03-28,11.14,11.14,10.73,10.81,11700,10.83,11.74,,-0.1536,-7.8994,,-0.0087,-0.0102,0.0042
CLX,2017-03-29,10.81,10.81,10.48,10.48,2488,10.78,11.67,,-2.7777,-10.2244,,-0.0038,-0.0042,0.0045
CLX,2017-03-30,10.64,10.64,10.64,10.64,1020,10.78,11.52,,-1.2346,-7.6479,,0.0,0.0,0.004
CLX,2017-03-31,10.48,10.81,10.48,10.73,2266,10.77,11.28,,-0.3861,-4.9373,,0.0017,0.0018,0.0038
CLX,2017-04-03,10.89,10.89,10.73,10.73,300,10.78,11.16,,-0.4629,-3.8748,,-0.0003,-0.0003,0.0035
CLX,2017-04-04,10.48,10.56,10.39,10.48,6734,10.73,11.04,,-2.4012,-5.1204,,0.0,0.0,0.0035
CLX,2017-04-05,10.48,10.56,8.98,10.48,3600,10.68,10.95,,-1.9455,-4.328,,0.0037,0.0047,0.003
CLX,2017-04-07,10.39,10.48,10.39,10.39,5200,10.64,10.88,,-2.3438,-4.4708,,-0.0059,-0.0056,0.0032
CLX,2017-04-10,10.48,10.48,10.39,10.48,2525,10.61,10.81,,-1.2539,-3.0769,,0.0024,0.0033,0.0034
CLX,2017-04-11,10.39,10.48,10.39,10.48,7200,10.57,10.74,,-0.8654,-2.439,,0.006,0.0096,0.0033
CLX,2017-04-12,10.48,10.48,10.31,10.39,3500,10.53,10.68,,-1.2638,-2.648,,0.0,0.0,0.0024
CLX,2017-04-13,10.31,10.31,10.14,10.14,1200,10.49,10.63,,-3.3281,-4.613,,-0.0017,-0.0021,0.0022
CLX,2017-04-14,9.56,10.23,9.56,10.23,5700,10.45,10.61,,-2.148,-3.6427,,0.0063,0.008,0.0028
CLX,2017-04-17,9.98,10.06,9.81,9.81,8500,10.36,10.56,,-5.297,-7.1232,,-0.0088,-0.0103,0.0035
CLX,2017-04-18,9.56,9.65,9.56,9.56,5300,10.24,10.51,,-6.6559,-9.019,,-0.0056,-0.0061,0.004
CLX,2017-04-19,9.81,9.98,9.81,9.98,6000,10.19,10.46,,-2.1207,-4.6484,,0.0093,0.0114,0.005
CLX,2017-04-20,9.98,9.98,9.81,9.81,22500,10.13,10.41,,-3.1199,-5.7132,,-0.0416,-0.0444,0.0088
CLX,2017-04-21,9.56,9.89,9.15,9.31,14000,10.02,10.33,,-7.054,-9.8592,,-0.0122,-0.0162,0.0094
CLX,2017-04-24,9.81,9.81,9.65,9.65,8100,9.94,10.27,,-2.9289,-6.1109,,-0.0116,-0.0126,0.0103
CLX,2017-04-25,9.15,9.56,9.15,9.56,1000,9.84,10.21,,-2.8716,-6.3137,,0.0012,0.0017,0.0098
CLX,2017-04-26,9.56,9.56,9.31,9.4,5700,9.74,10.14,,-3.5836,-7.3011,,-0.0028,-0.003,0.0101
CLX,2017-04-27,9.48,9.48,9.48,9.48,0,9.68,10.09,,-2.0618,-6.0181,,0.0,0.0,0.0099
CLX,2017-04-28,9.48,9.48,9.48,9.48,300,9.6,10.03,,-1.2987,-5.4726,,0.0,0.0,0.0093
CLX,2017-05-03,9.31,9.56,9.31,9.56,7200,9.58,9.97,,-0.1736,-4.0868,,0.0077,0.0088,0.0092
CLX,2017-05-04,9.48,9.48,9.31,9.31,10000,9.55,9.9,,-2.524,-5.9219,,-0.0089,-0.0093,0.0095
CLX,2017-05-05,9.4,9.48,9.15,9.31,6100,9.49,9.84,,-1.8405,-5.3655,,-0.0,-0.0,0.0086
CLX,2017-05-08,9.81,9.81,9.31,9.31,14800,9.44,9.78,,-1.3216,-4.8024,,-0.0125,-0.0136,0.0057
CLX,2017-05-09,9.15,9.15,8.73,9.15,10500,9.42,9.72,,-2.9126,-5.9025,,0.0108,0.0122,0.0056
CLX,2017-05-10,9.06,9.15,8.73,9.06,7800,9.36,9.65,,-3.1972,-6.075,,0.0041,0.0046,0.0048
CLX,2017-05-11,9.56,9.56,9.15,9.15,2200,9.32,9.58,,-1.8733,-4.5553,,-0.0024,-0.0022,0.0049
CLX,2017-05-12,9.15,9.15,9.15,9.15,0,9.3,9.52,10.61,-1.61,-3.9301,-13.7796,0.0,0.0,0.0046
CLX,2017-05-15,9.4,9.4,9.23,9.23,17800,9.27,9.47,10.56,-0.4485,-2.5889,-12.5709,-0.0152,-0.0181,0.0062
CLX,2017-05-16,9.23,9.23,9.23,9.23,100,9.25,9.42,10.47,-0.1799,-2.0733,-11.8488,0.0,0.0,0.0062
CLX,2017-05-17,9.23,9.48,9.15,9.48,2400,9.24,9.41,10.35,2.6103,0.7513,-8.4043,0.0021,0.0022,0.0056
CLX,2017-05-18,9.15,9.48,9.15,9.15,7400,9.22,9.39,10.27,-0.8115,-2.5686,-10.9167,-0.0068,-0.0073,0.0054
CLX,2017-05-19,9.15,9.4,9.15,9.15,11000,9.2,9.35,10.19,-0.6323,-2.1352,-10.2773,-0.0093,-0.0085,0.0063
CLX,2017-05-22,9.23,9.23,9.15,9.15,1500,9.19,9.31,10.13,-0.4525,-1.7857,-9.7177,-0.0012,-0.001,0.0052
CLX,2017-05-23,9.15,9.23,9.15,9.23,9200,9.2,9.31,10.08,0.3616,-0.8486,-8.431,0.0065,0.0071,0.0048
CLX,2017-05-24,9.15,9.15,9.15,9.15,0,9.2,9.28,10.02,-0.6323,-1.4778,-8.7591,0.0,0.0,0.0043
CLX,2017-05-25,9.15,9.15,9.15,9.15,0,9.2,9.26,9.97,-0.6323,-1.2567,-8.2569,0.0,0.0,0.0041
CLX,2017-05-26,8.48,9.15,8.31,9.15,6300,9.2,9.25,9.92,-0.6323,-1.1236,-7.7955,0.0078,0.0058,0.0049
CLX,2017-05-29,8.98,9.06,8.98,9.06,5200,9.19,9.23,9.88,-1.3575,-1.8018,-8.2801,0.0037,0.0038,0.0037
CLX,2017-05-30,8.81,8.81,8.73,8.73,1200,9.14,9.19,9.84,-4.4587,-5.0204,-11.3026,-0.0007,-0.0007,0.0038
CLX,2017-05-31,8.73,8.73,8.73,8.73,10,9.06,9.15,9.8,-3.6698,-4.5889,-10.9264,0.0,0.0,0.0036
CLX,2017-06-01,8.98,9.15,8.98,9.15,400,9.06,9.14,9.77,0.9175,0.0455,-6.3989,0.0006,0.0005,0.003
CLX,2017-06-02,8.73,8.73,8.73,8.73,140,9.02,9.11,9.73,-3.2258,-4.1971,-10.2565,0.0,0.0,0.0021
CLX,2017-06-05,8.73,8.73,8.73,8.73,0,8.98,9.08,9.68,-2.7778,-3.8902,-9.8403,0.0,0.0,0.0019
CLX,2017-06-06,8.73,8.73,8.73,8.73,100,8.93,9.06,9.64,-2.2347,-3.6698,-9.4516,0.0,0.0,0.0013
CLX,2017-06-07,8.81,8.9,8.81,8.9,1000,8.91,9.05,9.6,-0.0933,-1.7447,-7.3593,0.0009,0.0009,0.0014
CLX,2017-06-08,8.9,8.9,8.9,8.9,300,8.88,9.04,9.56,0.1873,-1.6092,-6.9727,0.0,0.0,0.0014
CLX,2017-06-09,8.73,8.73,8.56,8.73,2300,8.84,9.02,9.52,-1.223,-3.2258,-8.313,0.003,0.0027,0.0009
CLX,2017-06-12,8.65,8.65,8.65,8.65,0,8.8,8.99,9.49,-1.7013,-3.8372,-8.8359,0.0,0.0,0.0005
CLX,2017-06-13,8.73,8.73,8.73,8.73,900,8.8,8.97,9.45,-0.7562,-2.6426,-7.5867,0.0,0.0,0.0005
CLX,2017-06-14,8.81,8.9,8.81,8.9,1600,8.81,8.94,9.41,0.9434,-0.4651,-5.4603,0.0017,0.0015,0.0006
CLX,2017-06-15,8.98,8.98,8.98,8.98,700,8.8,8.93,9.38,2.0794,0.5586,-4.2214,0.0,0.0,0.0006
CLX,2017-06-16,8.81,9.15,8.31,8.56,6900,8.78,8.9,9.34,-2.4621,-3.7833,-8.2814,-0.0027,-0.0016,0.0008
CLX,2017-06-19,7.73,7.73,7.73,7.73,100,8.68,8.83,9.28,-10.9196,-12.4294,-16.6966,-0.0001,-0.0001,0.0008
CLX,2017-06-20,8.81,8.81,8.81,8.81,100,8.69,8.81,9.25,1.4354,0.0472,-4.7277,0.0,0.0,0.0008
CLX,2017-06-21,8.65,9.15,8.65,9.15,6000,8.71,8.81,9.22,4.9619,3.8226,-0.8473,0.0066,0.0055,0.0014
CLX,2017-06-22,8.81,8.81,8.65,8.65,1100,8.69,8.78,9.19,-0.4784,-1.5617,-5.8823,-0.001,-0.0009,0.0015
CLX,2017-06-23,8.81,8.81,8.81,8.81,100,8.7,8.77,9.16,1.3384,0.5216,-3.7414,0.0,0.0,0.0012
CLX,2017-06-26,8.81,8.81,8.81,8.81,0,8.71,8.76,9.13,1.145,0.6648,-3.4608,0.0,0.0,0.0012
CLX,2017-06-27,8.9,8.9,8.9,8.9,100,8.73,8.76,9.1,1.9048,1.5181,-2.2652,0.0,0.0,0.0012
CLX,2017-06-28,8.9,8.9,8.9,8.9,2000,8.73,8.77,9.08,1.9048,1.4218,-2.0684,0.0,0.0,0.001
CLX,2017-06-29,8.9,8.9,8.9,8.9,0,8.72,8.76,9.07,2.0019,1.5662,-1.9248,0.0,0.0,0.001
CLX,2017-06-30,8.9,8.9,8.9,8.9,0,8.76,8.77,9.05,1.6145,1.4699,-1.6905,0.0,0.0,0.0008
CLX,2017-07-03,8.98,8.98,8.98,8.98,100,8.88,8.78,9.03,1.1235,2.2727,-0.5891,0.0,0.0,0.0008
CLX,2017-07-04,9.06,9.06,9.06,9.06,1400,8.91,8.8,9.03,1.774,3.0246,0.3868,0.0,0.0,0.0008
CLX,2017-07-05,8.98,8.98,8.98,8.98,1100,8.89,8.8,9.01,1.0289,2.0311,-0.3874,0.0,0.0,0.0001
CLX,2017-07-06,8.98,8.98,8.98,8.98,310,8.92,8.81,9.0,0.6523,1.983,-0.2586,0.0,0.0,0.0
CLX,2017-07-07,8.98,8.98,8.98,8.98,0,8.94,8.82,8.99,0.4651,1.8387,-0.1664,0.0,0.0,0.0
CLX,2017-07-10,8.98,8.98,8.98,8.98,0,8.95,8.83,8.98,0.2785,1.647,-0.0556,0.0,0.0,0.0
CLX,2017-07-11,10.06,10.06,10.06,10.06,120,9.07,8.9,9.0,10.9074,13.0313,11.8299,0.0001,0.0001,0.0
CLX,2017-07-12,8.73,8.73,8.73,8.73,100,9.05,8.89,8.98,-3.5813,-1.8233,-2.7778,0.0,0.0,0.0
CLX,2017-07-13,8.73,8.73,8.73,8.73,0,9.04,8.88,8.97,-3.4039,-1.6854,-2.6516,0.0,0.0,0.0
CLX,2017-07-14,8.73,8.73,8.73,8.73,0,9.02,8.89,8.96,-3.2258,-1.7774,-2.5251,0.0,0.0,0.0
CLX,2017-07-17,8.73,8.81,8.73,8.81,3900,9.0,8.94,8.95,-2.1237,-1.4412,-1.487,0.0036,0.0035,0.0004
CLX,2017-07-18,8.73,8.73,8.73,8.73,2000,8.97,8.94,8.94,-2.6877,-2.3256,-2.3256,0.0,0.0,0.0004
CLX,2017-07-19,8.73,8.73,8.73,8.73,0,8.95,8.92,8.93,-2.4164,-2.0979,-2.2529,0.0,0.0,0.0004
CLX,2017-07-20,8.73,8.73,8.73,8.73,1500,8.92,8.92,8.92,-2.1435,-2.1435,-2.1618,-0.0018,-0.0015,0.0005
CLX,2017-07-21,9.56,9.98,9.56,9.98,5000,9.02,8.98,8.94,10.5992,11.1112,11.6072,0.0053,0.0051,0.0011
CLX,2017-07-24,8.81,8.81,8.73,8.73,1500,9.0,8.98,8.93,-2.9575,-2.7328,-2.2347,-0.0026,-0.0021,0.0013
CLX,2017-07-25,8.73,9.73,8.73,9.73,4000,8.96,9.02,8.94,8.5344,7.8839,8.817,0.0051,0.0048,0.0018
CLX,2017-07-26,9.31,9.31,9.31,9.31,0,9.02,9.04,8.94,3.2258,3.0359,4.2054,0.0,0.0,0.0018
CLX,2017-07-27,9.31,9.31,9.31,9.31,0,9.08,9.06,8.94,2.5641,2.7995,4.1667,0.0,0.0,0.0018
CLX,2017-07-28,9.31,9.31,9.31,9.31,0,9.14,9.08,8.94,1.9108,2.5641,4.1279,0.0,0.0,0.0018
CLX,2017-07-31,9.31,9.31,9.31,9.31,0,9.19,9.1,8.95,1.3575,2.3766,4.0892,0.0,0.0,0.0015
CLX,2017-08-01,9.15,9.15,8.73,8.73,1900,9.19,9.08,8.94,-4.9774,-3.8462,-2.3074,-0.0019,-0.0016,0.0017
CLX,2017-08-02,8.9,8.9,8.9,8.9,1200,9.2,9.08,8.93,-3.3423,-1.9697,-0.3909,0.0,0.0,0.0017
CLX,2017-08-03,7.65,8.9,7.65,8.9,1100,9.22,9.07,8.93,-3.5167,-1.9248,-0.3353,0.0014,0.0012,0.0016
CLX,2017-08-04,9.15,9.15,9.15,9.15,1000,9.14,9.08,8.93,0.091,0.7326,2.4591,0.0,0.0,0.0011
CLX,2017-08-07,7.9,9.15,7.9,9.15,2100,9.18,9.09,8.93,-0.3623,0.6405,2.44,0.0023,0.002,0.0011
CLX,2017-08-08,9.48,9.56,9.48,9.56,2000,9.16,9.06,8.94,4.3557,5.5046,6.8972,0.0019,0.0019,0.0008
CLX,2017-08-09,9.15,9.15,9.15,9.15,2600,9.15,9.08,8.95,0.0,0.6865,2.1546,0.0,0.0,0.0008
CLX,2017-08-10,9.15,9.15,9.15,9.15,0,9.13,9.1,8.95,0.1822,0.4567,2.1546,0.0,0.0,0.0008
CLX,2017-08-11,9.15,9.15,8.73,8.73,15800,9.07,9.1,8.95,-3.7581,-4.1096,-2.4889,-0.0187,-0.0156,0.0026
CLX,2017-08-14,9.15,9.15,9.15,9.15,0,9.05,9.12,8.96,1.0101,0.2735,2.0598,0.0,0.0,0.0026
CLX,2017-08-15,9.15,9.15,9.15,9.15,100,9.1,9.14,8.97,0.5485,0.0455,1.9652,0.0,0.0,0.0024
CLX,2017-08-16,9.15,9.15,9.15,9.15,0,9.12,9.16,8.97,0.2735,-0.1815,1.9085,0.0,0.0,0.0024
CLX,2017-08-17,9.15,9.15,9.15,9.15,100,9.15,9.18,8.98,0.0,-0.4074,1.8519,0.0,0.0,0.0023
CLX,2017-08-18,9.15,9.15,9.15,9.15,0,9.15,9.14,8.99,0.0,0.0455,1.7577,0.0,0.0,0.0023
CLX,2017-08-21,9.15,9.15,9.15,9.15,100,9.15,9.16,9.0,0.0,-0.1815,1.6448,0.0,0.0,0.0021
CLX,2017-08-22,9.15,9.23,9.15,9.23,4000,9.11,9.14,9.01,1.2773,1.0009,2.4552,0.0064,0.0064,0.0025
CLX,2017-08-23,9.23,9.23,9.23,9.23,2200,9.12,9.13,9.01,1.185,1.0468,2.3796,0.0,0.0,0.0025
CLX,2017-08-24,9.23,9.23,9.23,9.23,0,9.13,9.13,9.02,1.0929,1.0928,2.323,0.0,0.0,0.0025
CLX,2017-08-25,8.31,9.15,8.31,9.15,300,9.17,9.12,9.03,-0.272,0.2735,1.2705,0.0004,0.0003,0.0007
CLX,2017-08-28,8.56,8.56,8.56,8.56,0,9.11,9.08,9.05,-6.0219,-5.7208,-5.3483,0.0,0.0,0.0007
CLX,2017-08-29,8.73,8.73,8.73,8.73,5000,9.07,9.08,9.05,-3.7581,-3.8902,-3.4927,0.0,0.0,0.0007
CLX,2017-08-30,8.73,8.73,8.73,8.73,11200,9.03,9.08,9.04,-3.3149,-3.8022,-3.4039,0.0,0.0,0.0007
CLX,2017-08-31,8.73,8.73,8.73,8.73,0,8.99,9.07,9.04,-2.8677,-3.7139,-3.4217,0.0,0.0,0.0007
CLX,2017-09-01,8.73,8.73,8.73,8.73,15000,8.95,9.05,9.04,-2.4164,-3.4927,-3.4039,0.0,0.0,0.0007
CLX,2017-09-05,8.73,8.9,8.73,8.81,10100,8.91,9.03,9.04,-1.1194,-2.3941,-2.4839,0.0,0.0,0.0007
CLX,2017-09-06,8.73,8.73,8.73,8.73,0,8.86,8.99,9.03,-1.501,-2.8678,-3.3683,0.0,0.0,0.0
CLX,2017-09-07,8.73,8.73,8.73,8.73,14800,8.81,8.97,9.03,-0.9434,-2.6426,-3.3328,0.0,0.0,0.0
CLX,2017-09-08,8.73,8.73,8.73,8.73,12300,8.76,8.95,9.03,-0.3795,-2.4164,-3.2971,0.0,0.0,0.0
CLX,2017-09-11,8.73,8.73,8.73,8.73,0,8.72,8.95,9.02,0.0953,-2.4164,-3.2615,0.0,0.0,0.0
CLX,2017-09-12,8.73,8.73,8.73,8.73,0,8.74,8.93,9.02,-0.0952,-2.1891,-3.208,0.0,0.0,0.0
CLX,2017-09-13,8.73,8.73,8.73,8.73,0,8.74,8.91,9.01,-0.0952,-1.9608,-3.1366,0.0,0.0,0.0
CLX,2017-09-14,9.98,9.98,9.98,9.98,100,8.86,8.95,9.03,12.5705,11.5242,10.4566,0.0,0.0,0.0
CLX,2017-09-15,8.56,9.98,8.56,9.81,300,8.97,8.98,9.05,9.3605,9.2593,8.416,0.0003,0.0002,0.0
CLX,2017-09-18,9.48,9.48,9.48,9.48,0,9.05,9.0,9.06,4.7795,5.3605,4.6256,0.0,0.0,0.0
CLX,2017-09-19,8.73,8.73,8.73,8.73,15000,9.04,8.98,9.05,-3.4039,-2.7328,-3.5813,-0.0183,-0.0151,0.0019
CLX,2017-09-20,9.89,9.89,9.89,9.89,100,9.15,9.01,9.05,8.0836,9.8293,9.3148,0.0,0.0,0.0019
CLX,2017-09-21,9.89,9.89,9.89,9.89,0,9.27,9.04,9.07,6.7265,9.4253,9.0343,0.0,0.0,0.0019
CLX,2017-09-22,9.89,9.89,9.89,9.89,10,9.39,9.08,9.1,5.403,9.0243,8.7553,0.0,0.0,0.0019
CLX,2017-09-25,9.06,9.06,9.06,9.06,100,9.42,9.07,9.1,-3.7952,-0.0917,-0.4566,0.0,0.0,0.0019
CLX,2017-09-26,9.15,9.15,8.56,8.56,2100,9.4,9.07,9.1,-8.9302,-5.5912,-5.8845,-0.0025,-0.002,0.0021
CLX,2017-09-27,8.81,8.81,8.81,8.81,100,9.41,9.08,9.1,-6.3604,-2.8859,-3.161,0.0,0.0,0.0021
CLX,2017-09-28,8.98,8.98,8.98,8.98,2000,9.31,9.09,9.11,-3.5715,-1.1894,-1.3879,0.0,0.0,0.0021
CLX,2017-09-29,8.98,8.98,8.98,8.98,0,9.23,9.1,9.11,-2.7027,-1.3248,-1.4419,0.0,0.0,0.0021
CLX,2017-10-02,8.98,8.98,8.98,8.98,0,9.18,9.11,9.09,-2.1739,-1.4599,-1.2256,0.0,0.0,0.0021
CLX,2017-10-03,8.31,9.15,7.65,9.15,16000,9.22,9.13,9.1,-0.8115,0.1822,0.5117,0.0378,0.0228,0.004
CLX,2017-10-04,8.73,8.73,8.73,8.73,23000,9.1,9.13,9.08,-4.1096,-4.3716,-3.8462,0.0,0.0,0.004
CLX,2017-10-05,8.73,8.73,8.73,8.73,10000,8.99,9.13,9.07,-2.8677,-4.3716,-3.7228,0.0,0.0,0.004
CLX,2017-10-06,8.73,8.73,8.73,8.73,700,8.87,9.13,9.06,-1.5933,-4.3716,-3.599,-0.0015,-0.0011,0.0042
CLX,2017-10-09,9.15,9.56,9.15,9.56,6900,8.92,9.17,9.06,7.1762,4.2611,5.5239,0.0117,0.0117,0.0053
CLX,2017-10-10,9.15,9.15,9.15,9.15,1000,8.98,9.19,9.06,1.8519,-0.4975,0.973,0.0,0.0,0.0051
CLX,2017-10-11,8.98,8.98,8.98,8.98,500,9.0,9.2,9.06,-0.1849,-2.4391,-0.9175,0.0,0.0,0.0051
CLX,2017-10-12,8.9,8.9,8.73,8.73,16000,8.97,9.14,9.06,-2.6877,-4.5021,-3.6344,-0.0202,-0.0147,0.0071
CLX,2017-10-13,8.73,8.73,7.73,7.73,10100,8.85,9.04,9.04,-12.594,-14.4434,-14.4277,-0.014,-0.0092,0.0085
CLX,2017-10-16,9.15,9.15,9.15,9.15,200,8.86,9.02,9.04,3.1895,1.3825,1.2146,0.0,0.0,0.0085
CLX,2017-10-17,8.81,8.81,8.73,8.73,40500,8.82,9.02,9.03,-1.0368,-3.2258,-3.2971,-0.0402,-0.0322,0.0088
CLX,2017-10-18,8.73,8.73,8.73,8.73,10000,8.82,8.96,9.01,-1.0368,-2.5974,-3.1187,0.0,0.0,0.0088
CLX,2017-10-19,8.73,8.73,8.73,8.73,400,8.82,8.91,9.0,-1.0368,-1.9608,-3.0292,0.0,0.0,0.0088
CLX,2017-10-20,9.15,9.15,9.15,9.15,9900,8.86,8.87,9.0,3.1895,3.1412,1.5885,-0.0127,-0.0099,0.0099
CLX,2017-10-23,9.89,9.89,9.89,9.89,100,8.9,8.91,9.03,11.215,11.0593,9.6168,0.0001,0.0001,0.0087
CLX,2017-10-24,8.48,8.73,8.48,8.73,600,8.86,8.92,9.02,-1.4085,-2.0979,-3.1901,0.0011,0.0008,0.0088
CLX,2017-10-25,8.4,8.4,8.4,8.4,100,8.8,8.9,9.0,-4.5368,-5.6074,-6.7233,0.0,0.0,0.0088
CLX,2017-10-26,8.73,8.73,8.73,8.73,10000,8.8,8.88,8.99,-0.7562,-1.7314,-2.9396,0.0,0.0,0.0068
CLX,2017-10-27,8.73,8.73,8.73,8.73,0,8.9,8.87,8.99,-1.8692,-1.5933,-2.8498,0.0,0.0,0.0054
CLX,2017-10-30,8.73,8.73,8.73,8.73,0,8.86,8.86,8.98,-1.4085,-1.4547,-2.7598,0.0,0.0,0.0054
CLX,2017-10-31,8.73,8.81,8.73,8.73,20000,8.86,8.84,8.97,-1.4085,-1.223,-2.6697,-0.0239,-0.0202,0.0038
CLX,2017-11-01,8.81,8.81,8.81,8.81,0,8.86,8.84,8.96,-0.5628,-0.3291,-1.6515,0.0,0.0,0.0038
CLX,2017-11-02,8.81,8.81,8.81,8.81,0,8.87,8.85,8.95,-0.656,-0.3759,-1.5602,0.0,0.0,0.0038
CLX,2017-11-03,8.73,8.73,8.73,8.73,6400,8.83,8.85,8.94,-1.13,-1.3158,-2.3801,0.0,0.0,0.0025
CLX,2017-11-06,8.73,8.73,8.73,8.73,0,8.71,8.81,8.93,0.1908,-0.8499,-2.2892,0.0,0.0,0.0025
CLX,2017-11-07,8.73,8.73,8.73,8.73,0,8.71,8.78,8.94,0.1908,-0.6153,-2.3256,0.0,0.0,0.0024
CLX,2017-11-08,8.73,8.73,8.73,8.73,3000,8.75,8.77,8.94,-0.1901,-0.474,-2.3256,0.0,0.0,0.0024
CLX,2017-11-09,8.73,8.73,8.73,8.73,0,8.75,8.77,8.94,-0.1901,-0.474,-2.3256,0.0,0.0,0.0024
CLX,2017-11-10,9.89,9.89,9.89,9.89,100,8.86,8.88,8.96,11.6323,11.4233,10.4101,0.0001,0.0001,0.0024
CLX,2017-11-13,8.98,8.98,8.9,8.9,6100,8.88,8.87,8.96,0.1873,0.3282,-0.7605,-0.0064,-0.0036,0.003
CLX,2017-11-14,8.9,8.9,8.9,8.9,0,8.9,8.88,8.97,0.0,0.2342,-0.7789,0.0,0.0,0.0006
CLX,2017-11-15,8.9,8.9,8.9,8.9,700,8.91,8.88,8.97,-0.0933,0.1404,-0.8157,0.0,0.0,0.0006
CLX,2017-11-16,9.81,9.81,8.31,8.81,5300,8.91,8.89,8.97,-1.0271,-0.8419,-1.7609,-0.0017,-0.0013,0.0008
CLX,2017-11-17,8.81,8.81,8.81,8.81,0,8.91,8.87,8.97,-1.1194,-0.656,-1.7791,0.0,0.0,0.0008
CLX,2017-11-20,8.73,8.73,8.73,8.73,7100,8.91,8.81,8.97,-2.0523,-0.9434,-2.7057,0.0,0.0,0.0008
CLX,2017-11-21,8.73,8.73,8.73,8.73,0,8.91,8.81,8.97,-2.0523,-0.9434,-2.7057,0.0,0.0,0.0008
CLX,2017-11-22,8.81,8.81,8.81,8.81,200,8.92,8.83,8.97,-1.2116,-0.2353,-1.7973,0.0,0.0,0.0008
CLX,2017-11-23,8.81,8.81,8.73,8.73,800,8.92,8.83,8.95,-2.1436,-1.1765,-2.4526,-0.001,-0.0006,0.0009
CLX,2017-11-24,8.81,8.81,8.81,8.81,0,8.81,8.84,8.93,0.0,-0.2822,-1.3035,0.0,0.0,0.0009
CLX,2017-11-27,9.98,9.98,9.98,9.98,1000,8.92,8.9,8.94,11.836,12.0972,11.6072,0.0008,0.0008,0.0003
CLX,2017-11-28,8.9,8.9,8.9,8.9,100,8.92,8.91,8.94,-0.2796,-0.14,-0.5206,0.0,0.0,0.0003
CLX,2017-11-29,8.81,8.81,8.73,8.73,3000,8.91,8.91,8.92,-1.9608,-1.9608,-2.1253,-0.0021,-0.0017,0.0006
CLX,2017-11-30,8.81,8.81,8.81,8.81,200,8.91,8.91,8.9,-1.0271,-1.0271,-0.9531,0.0,0.0,0.0004
CLX,2017-12-01,8.81,8.81,8.81,8.81,0,8.91,8.91,8.88,-1.0271,-1.0733,-0.7119,0.0,0.0,0.0004
CLX,2017-12-04,8.81,8.81,8.81,8.81,0,8.91,8.91,8.87,-1.1194,-1.1194,-0.656,0.0,0.0,0.0004
CLX,2017-12-05,8.98,8.98,8.98,8.98,200,8.94,8.93,8.88,0.4651,0.6055,1.1236,0.0,0.0,0.0004
CLX,2017-12-06,8.81,8.81,8.73,8.73,3000,8.93,8.93,8.88,-2.2347,-2.1891,-1.667,-0.0026,-0.0019,0.0006
CLX,2017-12-07,8.73,8.73,8.73,8.73,0,8.93,8.93,8.87,-2.2347,-2.1891,-1.6117,0.0,0.0,0.0006
CLX,2017-12-08,8.73,8.73,8.73,8.73,0,8.92,8.87,8.87,-2.1436,-1.5472,-1.5564,0.0,0.0,0.0006
CLX,2017-12-11,9.15,9.15,8.73,8.73,3100,8.8,8.86,8.86,-0.7562,-1.4547,-1.501,-0.0029,-0.0021,0.0008
CLX,2017-12-12,9.15,9.15,8.73,8.73,100600,8.78,8.85,8.86,-0.5682,-1.3622,-1.4085,-0.0864,-0.0557,0.0094
CLX,2017-12-13,9.15,9.15,9.15,9.15,0,8.82,8.86,8.86,3.6758,3.1895,3.1895,0.0,0.0,0.0092
CLX,2017-12-14,9.15,9.15,9.15,9.15,0,8.86,8.88,8.87,3.2864,2.9963,3.0928,0.0,0.0,0.0092
CLX,2017-12-15,9.15,9.15,9.15,9.15,0,8.89,8.9,8.88,2.9,2.8038,2.9963,0.0,0.0,0.0092
CLX,2017-12-18,9.15,9.15,9.15,9.15,0,8.92,8.92,8.87,2.5164,2.5641,3.0928,0.0,0.0,0.0092
CLX,2017-12-19,8.73,8.73,8.73,8.73,1000,8.9,8.92,8.86,-1.8692,-2.0979,-1.501,0.0,0.0,0.0092
CLX,2017-12-20,8.73,8.73,8.73,8.73,700,8.9,8.91,8.86,-1.8692,-2.0523,-1.4455,0.0,0.0,0.0089
CLX,2017-12-21,8.73,8.73,8.73,8.73,0,8.9,8.91,8.86,-1.8692,-2.0523,-1.4455,0.0,0.0,0.0089
CLX,2017-12-22,8.73,8.73,8.73,8.73,0,8.9,8.91,8.88,-1.8692,-2.0066,-1.667,0.0,0.0,0.0089
CLX,2017-12-25,8.81,8.81,8.73,8.73,9900,8.9,8.85,8.87,-1.8692,-1.3158,-1.5748,-0.0145,-0.0093,0.0101
CLX,2017-12-26,8.73,8.73,8.73,8.73,0,8.9,8.84,8.87,-1.8692,-1.223,-1.5748,0.0,0.0,0.0015
CLX,2017-12-27,8.81,8.81,8.81,8.81,500,8.86,8.84,8.87,-0.5628,-0.3291,-0.656,0.0,0.0,0.0015
CLX,2017-12-28,8.81,8.81,8.81,8.81,0,8.83,8.84,8.87,-0.1883,-0.3291,-0.6747,0.0,0.0,0.0015
CLX,2017-12-29,8.81,8.81,8.81,8.81,0,8.8,8.84,8.87,0.1891,-0.3291,-0.6001,0.0,0.0,0.0015
CLX,2018-01-02,8.81,8.81,8.81,8.81,0,8.76,8.84,8.85,0.5693,-0.3291,-0.3572,0.0,0.0,0.0015
CLX,2018-01-03,8.9,9.15,8.9,9.15,10400,8.81,8.85,8.85,3.8716,3.3349,3.3058,0.0082,0.0053,0.0023
CLX,2018-01-04,9.06,9.06,9.06,9.06,0,8.84,8.87,8.87,2.54,2.2035,2.2131,0.0,0.0,0.0023
CLX,2018-01-05,8.81,8.81,8.73,8.73,1000,8.84,8.87,8.87,-1.223,-1.5471,-1.5379,-0.0006,-0.0005,0.0023
CLX,2018-01-08,8.73,8.73,8.73,8.73,0,8.84,8.87,8.87,-1.223,-1.5471,-1.5379,0.0,0.0,0.0023
CLX,2018-01-09,8.81,8.81,8.73,8.73,10400,8.84,8.87,8.87,-1.223,-1.5471,-1.5379,-0.0058,-0.004,0.0015
CLX,2018-01-10,8.73,8.73,8.73,8.73,5000,8.84,8.87,8.87,-1.223,-1.5471,-1.5379,0.0,0.0,0.0015
CLX,2018-01-11,8.73,8.73,8.73,8.73,1000,8.83,8.85,8.87,-1.13,-1.3158,-1.5194,0.0,0.0,0.0015
CLX,2018-01-12,9.15,9.15,9.15,9.15,6000,8.86,8.85,8.87,3.1895,3.3835,3.0928,0.0,0.0,0.0015
CLX,2018-01-15,9.4,9.98,8.73,8.73,16000,8.86,8.83,8.87,-1.4085,-1.0834,-1.5933,-0.0105,-0.0067,0.0025
CLX,2018-01-16,9.15,9.15,9.15,9.15,200,8.89,8.83,8.88,2.9,3.627,2.9963,0.0,0.0,0.0025
CLX,2018-01-17,9.15,9.15,9.15,9.15,0,8.89,8.85,8.89,2.9,3.3835,2.8999,0.0,0.0,0.0017
CLX,2018-01-18,9.15,9.15,9.15,9.15,0,8.9,8.87,8.9,2.8038,3.1412,2.8038,0.0,0.0,0.0017
CLX,2018-01-19,9.15,9.15,9.15,9.15,1400,8.94,8.89,8.91,2.3256,2.8999,2.7078,0.0,0.0,0.0016
CLX,2018-01-22,9.23,9.23,9.23,9.23,200,8.99,8.91,8.89,2.6827,3.5447,3.7965,0.0,0.0,0.0016
CLX,2018-01-23,9.23,9.23,9.23,9.23,0,9.04,8.94,8.9,2.1159,3.2558,3.7189,0.0,0.0,0.001
CLX,2018-01-24,9.23,9.31,9.23,9.31,400,9.1,8.97,8.91,2.3766,3.8479,4.5556,0.0014,0.0012,0.0012
CLX,2018-01-25,9.31,9.31,8.73,8.73,200,9.1,8.96,8.9,-4.022,-2.5974,-1.9425,-0.0001,-0.0,0.0012
CLX,2018-01-26,9.06,9.06,9.06,9.06,0,9.09,8.98,8.91,-0.2745,0.9727,1.7361,0.0,0.0,0.0012
CLX,2018-01-29,9.06,9.06,9.06,9.06,0,9.12,8.99,8.91,-0.6381,0.8326,1.6791,0.0,0.0,0.0002
CLX,2018-01-30,8.73,8.73,8.73,8.73,1000,9.08,8.98,8.91,-3.8462,-2.8228,-2.0523,0.0,0.0,0.0002
CLX,2018-01-31,8.73,8.73,8.73,8.73,400,9.04,8.96,8.91,-3.4039,-2.5974,-2.0523,0.0,0.0,0.0002
CLX,2018-02-01,8.73,8.73,8.73,8.73,10,9.0,8.95,8.91,-2.9575,-2.4164,-2.034,0.0,0.0,0.0002
CLX,2018-02-02,8.73,8.73,8.73,8.73,0,8.95,8.95,8.91,-2.507,-2.4164,-2.034,0.0,0.0,0.0002
CLX,2018-02-05,8.73,8.73,8.73,8.73,4700,8.91,8.95,8.91,-1.9608,-2.4164,-2.0157,0.0,0.0,0.0002
CLX,2018-02-06,8.73,8.73,8.73,8.73,0,8.86,8.95,8.89,-1.4085,-2.4164,-1.7406,0.0,0.0,0.0002
CLX,2018-02-07,8.73,8.73,8.73,8.73,0,8.8,8.95,8.88,-0.7562,-2.4164,-1.7038,0.0,0.0,0.0
CLX,2018-02-08,9.15,9.15,9.15,9.15,2000,8.84,8.97,8.89,3.4808,1.9936,2.8807,0.0,0.0,0.0
CLX,2018-02-09,9.15,9.15,9.15,9.15,0,8.85,8.97,8.9,3.3835,1.9936,2.8038,0.0,0.0,0.0
CLX,2018-02-12,9.15,9.15,9.15,9.15,0,8.86,8.99,8.9,3.2864,1.7577,2.727,0.0,0.0,0.0
CLX,2018-02-13,9.15,9.15,9.15,9.15,0,8.9,8.99,8.91,2.8038,1.7577,2.6503,0.0,0.0,0.0
CLX,2018-02-21,9.15,9.15,9.15,9.15,0,8.94,8.99,8.91,2.3256,1.7577,2.612,0.0,0.0,0.0
CLX,2018-02-22,9.15,9.15,9.15,9.15,0,8.98,8.99,8.92,1.8519,1.7577,2.5164,0.0,0.0,0.0
CLX,2018-02-23,9.15,9.15,9.15,9.15,0,9.02,8.99,8.93,1.3825,1.7577,2.4209,0.0,0.0,0.0
CLX,2018-02-26,9.15,9.15,9.15,9.15,0,9.06,8.98,8.94,0.9174,1.8048,2.3256,0.0,0.0,0.0
CLX,2018-02-27,9.15,9.15,9.15,9.15,0,9.1,8.98,8.95,0.4566,1.8519,2.2305,0.0,0.0,0.0
CLX,2018-02-28,9.15,9.15,9.15,9.15,0,9.15,8.97,8.95,0.0,1.9463,2.1356,0.0,0.0,0.0
CLX,2018-03-01,8.81,8.81,8.81,8.81,100,9.11,8.98,8.95,-3.2847,-1.8064,-1.5053,0.0,0.0,0.0
CLX,2018-03-02,8.81,8.81,8.81,8.81,0,9.08,8.96,8.94,-2.9304,-1.6698,-1.432,0.0,0.0,0.0
CLX,2018-03-05,8.73,8.73,8.73,8.73,510,9.04,8.95,8.93,-3.4039,-2.4164,-2.2711,0.0,0.0,0.0
CLX,2018-03-06,8.73,8.73,8.73,8.73,35010,9.0,8.95,8.92,-2.9575,-2.4164,-2.18,0.0,0.0,0.0
CLX,2018-03-07,8.73,8.73,8.73,8.73,20,8.95,8.95,8.92,-2.507,-2.4164,-2.18,0.0,0.0,0.0
CLX,2018-03-08,8.73,8.73,8.73,8.73,4,8.91,8.95,8.92,-2.0523,-2.4164,-2.18,0.0,0.0,0.0
CLX,2018-03-09,8.73,8.81,8.73,8.81,4000,8.88,8.95,8.93,-0.7491,-1.5327,-1.2668,0.0037,0.002,0.0004
CLX,2018-03-12,8.73,8.73,8.73,8.73,0,8.84,8.95,8.93,-1.223,-2.4617,-2.1982,0.0,0.0,0.0004
CLX,2018-03-13,8.73,8.73,8.73,8.73,0,8.8,8.95,8.93,-0.7562,-2.4617,-2.1982,0.0,0.0,0.0004
CLX,2018-03-14,8.73,8.73,8.73,8.73,0,8.76,8.95,8.93,-0.2849,-2.4617,-2.1982,0.0,0.0,0.0004
CLX,2018-03-15,8.73,8.73,8.73,8.73,400,8.75,8.93,8.92,-0.1901,-2.2347,-2.18,0.0,0.0,0.0004
CLX,2018-03-16,9.98,9.98,8.9,9.15,700,8.78,8.93,8.93,4.1667,2.4209,2.4018,-0.0002,-0.0001,0.0004
CLX,2018-03-19,9.98,9.98,9.98,9.98,800,8.91,8.97,8.95,12.0449,11.2142,11.4207,0.0,0.0,0.0004
CLX,2018-03-20,9.98,9.98,9.23,9.56,1200,8.99,8.99,8.97,6.383,6.3338,6.5999,-0.0001,-0.0001,0.0004
CLX,2018-03-21,8.81,8.81,8.81,8.81,116,9.0,8.98,8.96,-2.0333,-1.8064,-1.6698,-0.0001,-0.0001,0.0004
CLX,2018-03-22,9.98,9.98,9.98,9.98,507,9.12,9.02,8.98,9.3893,10.6501,11.0906,0.0004,0.0002,0.0005
CLX,2018-03-23,8.81,9.15,8.81,8.98,1100,9.14,9.01,8.99,-1.7289,-0.3231,-0.0741,-0.0,-0.0,0.0001
CLX,2018-03-26,9.15,9.15,8.9,8.9,1100,9.15,9.0,8.99,-2.8156,-1.109,-1.0358,-0.0007,-0.0004,0.0002
CLX,2018-03-27,9.15,9.15,9.15,8.9,5,9.17,8.98,8.99,-2.9918,-0.9717,-1.0724,0.0,0.0,0.0002
CLX,2018-03-28,8.81,8.81,8.81,8.81,100,9.18,8.97,8.99,-3.9855,-1.7153,-2.0152,0.0,0.0,0.0002
CLX,2018-03-29,8.81,8.81,8.81,8.81,0,9.19,8.97,9.0,-4.0724,-1.7153,-2.0333,0.0,0.0,0.0002
CLX,2018-03-30,8.81,8.81,8.81,8.81,0,9.15,8.97,8.99,-3.7239,-1.7153,-1.9608,0.0,0.0,0.0001
CLX,2018-04-02,8.81,8.81,8.81,8.81,0,9.04,8.97,8.99,-2.4839,-1.7609,-1.9789,0.0,0.0,0.0001
CLX,2018-04-03,8.81,8.81,8.81,8.81,0,8.96,8.98,8.98,-1.6698,-1.8064,-1.9063,0.0,0.0,0.0001
CLX,2018-04-04,8.4,8.4,8.4,8.4,100,8.92,8.96,8.97,-5.8714,-6.2645,-6.3774,0.0,0.0,0.0001
CLX,2018-04-05,8.4,8.4,8.4,8.4,0,8.76,8.94,8.95,-4.1745,-6.0902,-6.2209,0.0,0.0,0.0001
CLX,2018-04-06,8.4,8.4,8.4,8.4,0,8.71,8.92,8.94,-3.5339,-5.8714,-6.0639,0.0,0.0,0.0001
CLX,2018-04-09,8.4,8.4,8.4,8.4,0,8.66,8.91,8.92,-2.9779,-5.6956,-5.8889,0.0,0.0,0.0
CLX,2018-04-10,8.4,8.4,8.4,8.4,0,8.61,8.89,8.91,-2.4154,-5.5192,-5.7132,0.0,0.0,0.0
CLX,2018-04-11,8.4,8.4,8.4,8.4,0,8.56,8.87,8.89,-1.9417,-5.3421,-5.5191,0.0,0.0,0.0
CLX,2018-04-12,8.4,8.4,8.4,8.4,0,8.52,8.86,8.88,-1.4634,-5.1643,-5.4484,0.0,0.0,0.0
CLX,2018-04-13,8.4,8.4,8.4,8.4,0,8.48,8.82,8.87,-0.9804,-4.7619,-5.3065,0.0,0.0,0.0
CLX,2018-04-16,7.9,8.73,7.9,8.48,4000,8.45,8.74,8.86,0.3936,-2.9958,-4.2434,0.002,0.0012,0.0002
CLX,2018-04-17,8.48,8.48,8.48,8.48,1,8.41,8.69,8.85,0.7904,-2.3924,-4.1894,0.0,0.0,0.0002
CLX,2018-04-18,8.48,8.48,8.48,8.48,0,8.42,8.67,8.85,0.691,-2.2052,-4.1354,0.0,0.0,0.0002
CLX,2018-04-19,8.48,8.48,8.48,8.48,0,8.43,8.6,8.84,0.5917,-1.354,-4.0813,0.0,0.0,0.0002
CLX,2018-04-20,9.15,9.15,9.15,9.15,1510,8.51,8.61,8.85,7.5269,6.2802,3.3446,0.0,0.0,0.0002
CLX,2018-04-23,9.15,9.15,9.15,9.15,0,8.58,8.62,8.86,6.5892,6.1264,3.2476,0.0,0.0,0.0002
CLX,2018-04-24,9.15,9.15,9.15,9.15,0,8.66,8.63,8.87,5.6677,5.973,3.1508,0.0,0.0,0.0002
CLX,2018-04-26,9.15,9.15,9.15,9.15,0,8.73,8.65,8.88,4.7619,5.7693,3.0542,0.0,0.0,0.0002
CLX,2018-04-27,9.15,9.15,9.15,9.15,0,8.81,8.66,8.88,3.8716,5.5662,3.0542,0.0,0.0,0.0002
CLX,2018-05-02,9.15,9.15,9.15,9.15,0,8.88,8.68,8.88,2.9963,5.364,3.0542,0.0,0.0,0.0002
CLX,2018-05-03,8.65,8.65,8.65,8.65,200,8.9,8.67,8.87,-2.8037,-0.2876,-2.4573,0.0,0.0,0.0
CLX,2018-05-04,8.65,8.65,8.65,8.65,0,8.91,8.66,8.86,-2.9851,-0.1919,-2.3474,0.0,0.0,0.0
CLX,2018-05-07,8.65,8.65,8.65,8.65,0,8.93,8.68,8.85,-3.1657,-0.3354,-2.2372,0.0,0.0,0.0
CLX,2018-05-08,9.15,9.15,9.15,9.15,100,9.0,8.71,8.85,1.6636,4.9618,3.4029,0.0,0.0,0.0
CLX,2018-05-09,9.15,9.15,9.15,9.15,0,9.0,8.75,8.85,1.6636,4.5131,3.4029,0.0,0.0,0.0
CLX,2018-05-10,8.31,8.31,8.31,8.31,1000,8.91,8.75,8.83,-6.7164,-4.943,-5.8203,0.0,0.0,0.0
CLX,2018-05-11,8.31,8.31,8.31,8.31,0,8.83,8.74,8.81,-5.8381,-4.8978,-5.6426,0.0,0.0,0.0
CLX,2018-05-14,8.31,8.31,8.31,8.31,0,8.75,8.74,8.8,-4.943,-4.8525,-5.4642,0.0,0.0,0.0
CLX,2018-05-15,8.31,8.31,8.31,8.31,0,8.66,8.73,8.79,-4.0307,-4.8072,-5.3568,0.0,0.0,0.0
CLX,2018-05-16,8.31,8.31,8.31,8.31,0,8.58,8.73,8.78,-3.1008,-4.7619,-5.2492,0.0,0.0,0.0
CLX,2018-05-17,8.31,8.31,8.31,8.31,0,8.55,8.72,8.77,-2.7237,-4.6711,-5.1593,0.0,0.0,0.0
CLX,2018-05-18,8.31,8.31,8.31,8.31,0,8.51,8.71,8.76,-2.3438,-4.5802,-5.0693,0.0,0.0,0.0
CLX,2018-05-21,8.31,8.31,8.31,8.31,750,8.48,8.71,8.75,-1.9608,-4.489,-4.9791,0.0,0.0,0.0
CLX,2018-05-22,8.73,8.73,8.31,8.31,6200,8.4,8.7,8.74,-0.9901,-4.3977,-4.8887,-0.0063,-0.004,0.0006
CLX,2018-05-23,8.73,8.73,8.31,8.31,450,8.31,8.66,8.73,0.0,-3.9385,-4.7801,-0.0004,-0.0002,0.0007
CLX,2018-05-24,8.31,8.56,8.31,8.56,1600,8.34,8.63,8.73,2.6919,-0.7229,-1.8861,0.0024,0.0013,0.0009
CLX,2018-05-25,8.56,8.56,8.56,8.56,0,8.36,8.6,8.73,2.3857,-0.3869,-1.8487,0.0,0.0,0.0009
CLX,2018-05-28,8.56,8.56,8.56,8.56,100,8.39,8.57,8.72,2.0813,-0.0485,-1.8113,0.0,0.0,0.0009
CLX,2018-05-29,8.73,8.81,8.73,8.81,1010,8.44,8.55,8.72,4.4335,3.0627,1.0293,0.0008,0.0006,0.001
CLX,2018-05-30,8.73,8.73,8.73,8.81,20,8.49,8.54,8.72,3.8198,3.2635,1.1064,0.0,0.0,0.001
CLX,2018-05-31,8.65,8.73,8.65,8.73,6200,8.53,8.54,8.69,2.3391,2.2395,0.44,0.0058,0.003,0.0016
CLX,2018-06-01,8.73,8.73,8.73,8.73,0,8.57,8.54,8.68,1.8428,2.1897,0.6325,0.0,0.0,0.0016
CLX,2018-06-04,8.73,8.73,8.73,8.73,30,8.61,8.55,8.67,1.3513,2.14,0.6518,0.0,0.0,0.0016
CLX,2018-06-05,8.73,8.73,8.73,8.73,3000,8.66,8.53,8.65,0.8645,2.389,0.9421,0.0,0.0,0.0009
CLX,2018-06-06,8.73,8.73,8.73,8.73,0,8.7,8.51,8.64,0.3824,2.6393,1.0003,0.0,0.0,0.0009
CLX,2018-06-07,8.73,8.73,8.73,8.73,0,8.71,8.53,8.64,0.1908,2.3891,1.0392,0.0,0.0,0.0007
CLX,2018-06-08,8.73,8.73,8.73,8.73,0,8.73,8.55,8.64,-0.0,2.1401,1.0781,0.0,0.0,0.0007
CLX,2018-06-11,8.73,8.73,8.73,8.73,0,8.75,8.57,8.64,-0.1901,1.8923,1.0976,0.0,0.0,0.0007
CLX,2018-06-12,8.73,8.73,8.73,8.73,30,8.74,8.59,8.63,-0.0952,1.6457,1.1171,0.0,0.0,0.0006
CLX,2018-06-13,8.73,8.73,8.73,8.73,0,8.73,8.61,8.63,0.0,1.4003,1.1365,0.0,0.0,0.0006
CLX,2018-06-14,8.73,8.73,8.73,8.73,0,8.73,8.63,8.63,0.0,1.1561,1.156,0.0,0.0,0.0
CLX,2018-06-15,7.57,7.57,7.57,7.57,100,8.61,8.59,8.61,-12.1621,-11.9497,-12.0773,-0.0001,-0.0,0.0
CLX,2018-06-18,8.65,8.65,8.65,8.65,20000,8.61,8.61,8.61,0.4832,0.4346,0.4249,0.0,0.0,0.0
CLX,2018-06-19,8.65,8.65,8.65,8.65,0,8.6,8.63,8.62,0.5803,0.241,0.3668,0.0,0.0,0.0
CLX,2018-06-20,8.65,8.81,8.65,8.81,3200,8.61,8.65,8.62,2.4155,1.8741,2.1982,0.004,0.0024,0.0004
CLX,2018-06-21,7.57,8.73,7.57,8.73,3100,8.61,8.66,8.63,1.4493,0.8161,1.156,0.0055,0.0037,0.001
CLX,2018-06-22,8.73,8.73,8.73,8.73,200,8.61,8.67,8.64,1.4493,0.7194,1.0781,0.0,0.0,0.001
CLX,2018-06-25,8.73,8.73,8.73,8.73,0,8.61,8.68,8.64,1.4493,0.6229,1.0003,0.0,0.0,0.001
CLX,2018-06-26,8.73,8.73,8.73,8.73,300,8.61,8.67,8.65,1.4493,0.6711,0.9227,0.0,0.0,0.001
CLX,2018-06-27,8.31,8.31,8.31,8.31,3806,8.56,8.65,8.65,-2.9126,-3.8461,-3.8646,0.0,0.0,0.001
CLX,2018-06-28,8.73,8.73,8.4,8.4,1100,8.53,8.63,8.65,-1.5594,-2.6974,-2.8846,-0.0013,-0.0009,0.0011
CLX,2018-06-29,8.73,8.73,8.73,8.73,0,8.65,8.63,8.65,0.9615,1.1561,0.9033,0.0,0.0,0.0011
CLX,2018-07-02,8.73,8.73,8.73,8.73,0,8.66,8.63,8.66,0.8645,1.1561,0.8451,0.0,0.0,0.0011
CLX,2018-07-03,8.73,8.73,8.73,8.73,0,8.66,8.63,8.66,0.7677,1.1561,0.7871,0.0,0.0,0.0011
CLX,2018-07-04,8.73,8.73,8.73,8.73,1000,8.66,8.63,8.65,0.8645,1.1561,0.8839,0.0,0.0,0.0007
CLX,2018-07-05,8.65,8.73,8.65,8.73,5300,8.66,8.63,8.65,0.8645,1.1561,0.9809,0.006,0.0042,0.0007
CLX,2018-07-06,8.73,8.73,8.73,8.73,0,8.66,8.63,8.64,0.8645,1.1561,1.0781,0.0,0.0,0.0007
CLX,2018-07-09,8.73,8.73,8.73,8.73,0,8.66,8.63,8.63,0.8645,1.1561,1.1755,0.0,0.0,0.0007
CLX,2018-07-10,8.73,8.73,8.73,8.73,0,8.66,8.63,8.62,0.8645,1.1561,1.2731,0.0,0.0,0.0007
CLX,2018-07-11,8.73,8.73,8.73,8.73,0,8.7,8.63,8.61,0.3824,1.1561,1.3709,0.0,0.0,0.0007
CLX,2018-07-12,8.73,8.73,8.73,8.73,0,8.73,8.63,8.61,0.0,1.1561,1.3513,0.0,0.0,0.0006
CLX,2018-07-13,8.73,8.73,8.73,8.73,5900,8.73,8.69,8.62,0.0,0.4785,1.3318,0.0,0.0,0.0006
CLX,2018-07-16,8.73,8.73,8.73,8.73,0,8.73,8.69,8.62,0.0,0.4304,1.3122,0.0,0.0,0.0006
CLX,2018-07-17,8.73,8.73,8.73,8.73,10,8.73,8.7,8.61,0.0,0.3824,1.4101,0.0,0.0,0.0006
CLX,2018-07-18,7.73,7.73,7.57,7.57,800,8.61,8.63,8.58,-12.1621,-12.3736,-11.7875,-0.0006,-0.0003,0.0007
CLX,2018-07-19,8.73,8.73,8.73,8.73,800,8.61,8.63,8.59,1.3513,1.1074,1.685,0.0,0.0,0.0001
CLX,2018-07-20,8.73,8.73,8.73,8.73,0,8.61,8.63,8.59,1.3513,1.1074,1.5867,0.0,0.0,0.0001
CLX,2018-07-23,8.73,8.73,8.73,8.73,0,8.61,8.63,8.6,1.3513,1.1074,1.4885,0.0,0.0,0.0001
CLX,2018-07-24,8.73,8.73,8.73,8.73,0,8.61,8.63,8.61,1.3513,1.1074,1.3905,0.0,0.0,0.0001
CLX,2018-07-25,8.65,8.65,8.65,8.65,200,8.61,8.65,8.62,0.4832,-0.048,0.3474,0.0,0.0,0.0001
CLX,2018-07-26,8.65,8.65,8.65,8.65,0,8.6,8.66,8.62,0.5803,-0.1919,0.27,0.0,0.0,0.0001
CLX,2018-07-27,8.65,8.65,8.65,8.65,0,8.59,8.66,8.63,0.6777,-0.144,0.1927,0.0,0.0,0.0001
CLX,2018-07-30,8.23,8.23,8.23,8.23,100,8.54,8.63,8.63,-3.6028,-4.6702,-4.6059,0.0,0.0,0.0001
CLX,2018-07-31,8.23,8.23,8.23,8.23,0,8.49,8.61,8.63,-3.0363,-4.394,-4.5875,0.0,0.0,0.0001
CLX,2018-08-01,8.23,8.23,8.23,8.23,0,8.56,8.58,8.63,-3.7901,-4.1162,-4.5691,0.0,0.0,0.0
CLX,2018-08-02,8.23,8.23,8.23,8.23,0,8.51,8.56,8.62,-3.2258,-3.8368,-4.4955,0.0,0.0,0.0
CLX,2018-08-03,8.23,8.23,8.23,8.23,0,8.46,8.54,8.61,-2.6549,-3.5558,-4.4217,0.0,0.0,0.0
CLX,2018-08-06,8.23,8.23,8.23,8.23,0,8.41,8.51,8.61,-2.0772,-3.2731,-4.3478,0.0,0.0,0.0
CLX,2018-08-07,8.23,8.23,8.23,8.23,5,8.36,8.49,8.59,-1.4926,-2.9887,-4.2183,0.0,0.0,0.0
CLX,2018-08-08,8.73,8.73,8.73,8.73,300,8.36,8.49,8.59,4.3737,2.8907,1.6063,0.0,0.0,0.0
CLX,2018-08-09,8.73,8.73,8.73,8.73,0,8.37,8.49,8.59,4.2701,2.8907,1.6063,0.0,0.0,0.0
CLX,2018-08-10,8.73,8.73,8.73,8.73,23100,8.38,8.49,8.59,4.1667,2.8907,1.6063,0.0,0.0,0.0
CLX,2018-08-13,8.73,8.73,8.73,8.73,0,8.43,8.49,8.59,3.5503,2.8907,1.6063,0.0,0.0,0.0
CLX,2018-08-14,8.73,8.73,8.73,8.73,0,8.48,8.49,8.59,2.9412,2.8907,1.6063,0.0,0.0,0.0
CLX,2018-08-15,8.73,8.73,8.73,8.73,0,8.53,8.54,8.59,2.3392,2.1898,1.6063,0.0,0.0,0.0
CLX,2018-08-16,8.73,8.73,8.73,8.73,0,8.58,8.54,8.59,1.7442,2.1898,1.6063,0.0,0.0,0.0
CLX,2018-08-17,8.73,8.73,8.73,8.73,0,8.63,8.54,8.59,1.1561,2.1898,1.6063,0.0,0.0,0.0
CLX,2018-08-20,8.73,8.73,8.73,8.73,0,8.68,8.54,8.59,0.5747,2.1898,1.6063,0.0,0.0,0.0
CLX,2018-08-21,8.73,8.73,8.73,8.73,0,8.73,8.54,8.59,0.0,2.1898,1.6063,0.0,0.0,0.0
CLX,2018-08-22,8.73,8.73,8.73,8.73,0,8.73,8.55,8.59,0.0,2.1401,1.6063,0.0,0.0,0.0
CLX,2018-08-23,8.4,8.4,8.4,8.4,500,8.7,8.54,8.59,-3.4416,-1.6073,-2.1886,0.0,0.0,0.0
CLX,2018-08-24,8.4,8.4,8.4,8.4,0,8.66,8.52,8.6,-3.071,-1.4633,-2.3777,0.0,0.0,0.0
CLX,2018-08-27,8.4,8.4,8.4,8.4,0,8.63,8.53,8.6,-2.6974,-1.5594,-2.321,0.0,0.0,0.0
CLX,2018-08-28,8.4,8.4,8.4,8.4,0,8.6,8.54,8.59,-2.321,-1.6552,-2.2643,0.0,0.0,0.0
CLX,2018-08-29,8.4,8.4,8.4,8.4,0,8.56,8.55,8.58,-1.9417,-1.7509,-2.1696,0.0,0.0,0.0
CLX,2018-08-30,8.4,8.4,8.4,8.4,10,8.53,8.56,8.58,-1.5594,-1.8464,-2.0938,0.0,0.0,0.0
CLX,2018-08-31,8.4,8.4,8.4,8.4,0,8.5,8.56,8.57,-1.1741,-1.9417,-2.0178,0.0,0.0,0.0
CLX,2018-09-04,8.4,8.4,8.4,8.4,700,8.46,8.57,8.56,-0.7858,-2.0368,-1.9417,0.0,0.0,0.0
CLX,2018-09-05,8.56,8.56,8.56,8.56,1000,8.45,8.59,8.56,1.3779,-0.2904,0.0389,0.0,0.0,0.0
CLX,2018-09-06,8.56,8.56,8.56,8.56,700,8.43,8.58,8.57,1.5779,-0.1938,-0.0194,0.0,0.0,0.0
CLX,2018-09-07,8.65,8.65,8.65,8.65,600,8.46,8.58,8.57,2.2616,0.8241,0.8926,0.0,0.0,0.0
CLX,2018-09-10,8.73,8.73,8.73,8.73,500,8.49,8.58,8.57,2.8403,1.7935,1.8626,0.0,0.0,0.0
CLX,2018-09-11,8.73,8.73,8.73,8.73,0,8.52,8.58,8.57,2.439,1.7935,1.8626,0.0,0.0,0.0
CLX,2018-09-12,8.81,8.81,8.81,8.81,100,8.56,8.58,8.57,2.9126,2.7132,2.8128,0.0,0.0,0.0
CLX,2018-09-13,8.48,8.48,8.48,8.48,100,8.57,8.57,8.57,-1.067,-1.019,-1.0093,0.0,0.0,0.0
CLX,2018-09-14,8.48,8.48,8.48,8.48,0,8.58,8.56,8.56,-1.1628,-0.8747,-0.9517,0.0,0.0,0.0
CLX,2018-09-17,8.48,8.48,8.48,8.48,0,8.59,8.54,8.56,-1.2585,-0.73,-0.8939,0.0,0.0,0.0
CLX,2018-09-18,8.48,8.48,8.48,8.48,0,8.6,8.53,8.55,-1.354,-0.5848,-0.8361,0.0,0.0,0.0
CLX,2018-09-19,8.48,8.48,8.48,8.48,0,8.59,8.52,8.55,-1.2585,-0.4393,-0.7782,0.0,0.0,0.0
CLX,2018-09-20,8.48,8.48,8.48,8.48,0,8.58,8.51,8.54,-1.1628,-0.2933,-0.7203,0.0,0.0,0.0
CLX,2018-09-21,8.48,8.48,8.48,8.48,0,8.56,8.51,8.54,-0.9709,-0.342,-0.6623,0.0,0.0,0.0
CLX,2018-09-24,8.48,8.48,8.48,8.48,0,8.54,8.51,8.53,-0.6816,-0.3907,-0.6042,0.0,0.0,0.0
CLX,2018-09-25,9.73,9.73,8.31,8.31,200,8.5,8.51,8.52,-2.1526,-2.296,-2.458,-0.0002,-0.0001,0.0
CLX,2018-09-26,9.06,9.06,9.06,9.06,0,8.52,8.54,8.53,6.3415,6.0827,6.2378,0.0,0.0,0.0
CLX,2018-09-27,9.06,9.06,9.06,9.06,0,8.58,8.58,8.56,5.6202,5.6714,5.8664,0.0,0.0,0.0
CLX,2018-09-28,9.06,9.06,9.06,9.06,0,8.64,8.61,8.57,4.9086,5.2632,5.7842,0.0,0.0,0.0
CLX,2018-10-01,9.06,9.06,9.06,8.31,10,8.62,8.61,8.56,-3.568,-3.3816,-2.856,0.0,0.0,0.0
CLX,2018-10-02,8.73,8.73,8.73,8.73,2200,8.65,8.62,8.56,0.9615,1.2536,2.0011,0.0,0.0,0.0
CLX,2018-10-03,8.73,8.73,8.73,8.73,0,8.67,8.63,8.56,0.6711,1.1561,2.0011,0.0,0.0,0.0
CLX,2018-10-04,8.73,8.73,8.73,8.73,0,8.7,8.64,8.56,0.3824,1.0587,1.9813,0.0,0.0,0.0
CLX,2018-10-05,8.73,8.73,8.73,8.73,0,8.72,8.64,8.56,0.0953,1.0101,1.9615,0.0,0.0,0.0
CLX,2018-10-08,8.73,8.73,8.73,8.73,0,8.75,8.64,8.56,-0.1901,1.0101,1.9417,0.0,0.0,0.0
CLX,2018-10-09,8.73,8.73,8.73,8.73,0,8.79,8.64,8.57,-0.6623,1.0101,1.8231,0.0,0.0,0.0
CLX,2018-10-10,9.31,9.31,8.31,8.31,1100,8.71,8.62,8.58,-4.5801,-3.5214,-3.0444,-0.0012,-0.0007,0.0001
CLX,2018-10-11,9.23,9.23,9.23,9.23,0,8.73,8.66,8.6,5.7143,6.6282,7.3708,0.0,0.0,0.0001
CLX,2018-10-12,9.23,9.23,9.23,9.23,0,8.75,8.69,8.62,5.5133,6.1693,7.1222,0.0,0.0,0.0001
CLX,2018-10-15,9.23,9.23,9.23,9.23,0,8.84,8.73,8.64,4.4214,5.7143,6.8746,0.0,0.0,0.0001
CLX,2018-10-16,9.23,9.23,9.23,9.23,0,8.89,8.77,8.66,3.8354,5.2631,6.6282,0.0,0.0,0.0001
CLX,2018-10-17,9.23,9.23,9.23,9.23,0,8.94,8.81,8.68,3.2558,4.8159,6.383,0.0,0.0,0.0001
CLX,2018-10-18,8.31,9.31,8.31,8.48,1200,8.91,8.81,8.67,-4.8507,-3.6827,-2.1864,-0.001,-0.0006,0.0002
CLX,2018-10-19,9.15,9.15,9.15,9.15,0,8.95,8.84,8.68,2.1356,3.4808,5.3842,0.0,0.0,0.0002
CLX,2018-10-22,9.15,9.15,9.15,9.15,0,9.0,8.87,8.69,1.6636,3.0928,5.2834,0.0,0.0,0.0002
CLX,2018-10-23,9.15,9.15,9.15,9.15,0,9.04,8.91,8.7,1.196,2.612,5.1827,0.0,0.0,0.0002
CLX,2018-10-24,9.15,9.15,9.15,9.15,0,9.12,8.92,8.7,0.2735,2.5642,5.0822,0.0,0.0,0.0001
CLX,2018-10-25,9.15,9.15,9.15,9.15,0,9.11,8.92,8.71,0.365,2.5164,4.9819,0.0,0.0,0.0001
CLX,2018-10-26,9.15,9.15,9.15,9.15,0,9.1,8.93,8.72,0.4567,2.4686,4.8818,0.0,0.0,0.0001
CLX,2018-10-29,9.15,9.15,9.15,9.15,200,9.1,8.97,8.73,0.5485,1.9936,4.7819,0.0,0.0,0.0001
CLX,2018-10-30,9.15,9.15,9.15,9.15,0,9.09,8.99,8.74,0.6405,1.7577,4.6822,0.0,0.0,0.0001
CLX,2018-10-31,9.15,9.15,9.15,9.15,0,9.08,9.01,8.75,0.7326,1.5229,4.5827,0.0,0.0,0.0001
CLX,2018-11-01,9.15,9.15,9.15,9.15,0,9.15,9.03,8.75,0.0,1.2892,4.4833,0.0,0.0,0.0
CLX,2018-11-02,9.15,9.15,9.15,9.15,0,9.15,9.05,8.77,0.0,1.0565,4.305,0.0,0.0,0.0
CLX,2018-11-05,9.31,9.31,8.31,8.31,700,9.06,9.03,8.77,-8.2569,-7.919,-5.1593,-0.001,-0.0007,0.0001
CLX,2018-11-06,8.9,8.9,8.9,8.9,0,9.04,9.04,8.78,-1.5639,-1.5639,1.3642,0.0,0.0,0.0001
CLX,2018-11-07,8.9,8.9,8.9,8.9,578,9.01,9.07,8.79,-1.2915,-1.8798,1.2491,0.0,0.0,0.0001
CLX,2018-11-08,8.48,8.48,8.48,8.48,300,8.95,9.03,8.79,-5.2045,-6.0774,-3.5005,0.0,0.0,0.0001
CLX,2018-11-09,8.73,8.73,8.73,8.73,1800,8.91,9.0,8.8,-1.9608,-3.0471,-0.7374,0.0,0.0,0.0001
CLX,2018-11-12,8.73,8.73,8.73,8.73,0,8.86,8.98,8.8,-1.501,-2.7778,-0.8124,0.0,0.0,0.0001
CLX,2018-11-13,8.73,8.73,8.73,8.73,600,8.82,8.95,8.81,-1.0368,-2.507,-0.8873,0.0,0.0,0.0001
CLX,2018-11-14,8.9,8.9,8.81,8.81,1200,8.79,8.93,8.81,0.2838,-1.3495,0.0,-0.0017,-0.0012,0.0003
CLX,2018-11-15,8.9,8.9,8.9,8.9,0,8.76,8.95,8.82,1.5181,-0.6499,0.8673,0.0,0.0,0.0003
CLX,2018-11-16,8.9,8.9,8.9,8.81,30,8.73,8.94,8.82,0.9524,-1.3954,-0.1131,0.0,0.0,0.0003
CLX,2018-11-19,8.73,8.73,8.73,8.73,710,8.77,8.92,8.82,-0.474,-2.098,-1.0554,0.0,0.0,0.0002
CLX,2018-11-20,8.73,8.73,8.73,8.73,0,8.76,8.9,8.82,-0.2849,-1.8692,-1.0554,0.0,0.0,0.0002
CLX,2018-11-21,8.73,8.73,8.73,8.73,0,8.74,8.88,8.82,-0.0952,-1.6394,-1.0368,0.0,0.0,0.0002
CLX,2018-11-22,8.73,8.73,8.73,8.73,0,8.76,8.86,8.83,-0.3795,-1.4085,-1.0927,0.0,0.0,0.0002
CLX,2018-11-23,8.73,8.73,8.73,8.73,0,8.76,8.83,8.83,-0.3795,-1.1765,-1.1486,0.0,0.0,0.0002
CLX,2018-11-26,8.73,8.73,8.73,8.73,0,8.76,8.81,8.84,-0.3795,-0.9434,-1.2044,0.0,0.0,0.0002
CLX,2018-11-27,8.73,8.73,8.73,8.73,0,8.76,8.79,8.84,-0.3795,-0.7092,-1.2601,0.0,0.0,0.0002
CLX,2018-11-28,8.73,8.73,8.73,8.73,0,8.76,8.77,8.85,-0.2849,-0.474,-1.3158,0.0,0.0,0.0
CLX,2018-11-29,8.73,8.73,8.73,8.73,0,8.74,8.75,8.85,-0.0952,-0.2376,-1.3714,0.0,0.0,0.0
CLX,2018-11-30,8.73,8.73,8.73,8.73,100,8.73,8.73,8.86,0.0,-0.0,-1.427,0.0,0.0,0.0
CLX,2018-12-03,8.73,8.73,8.73,8.73,0,8.73,8.75,8.86,0.0,-0.2375,-1.4825,0.0,0.0,0.0
CLX,2018-12-04,8.73,8.73,8.73,8.73,800,8.73,8.74,8.87,0.0,-0.1427,-1.5748,0.0,0.0,0.0
CLX,2018-12-05,8.73,8.73,8.73,8.73,0,8.73,8.73,8.86,0.0,-0.0476,-1.501,0.0,0.0,0.0
CLX,2018-12-06,8.73,8.73,8.73,8.73,0,8.73,8.75,8.86,0.0,-0.1901,-1.427,0.0,0.0,0.0
CLX,2018-12-07,8.73,8.73,8.73,8.73,2000,8.73,8.75,8.85,0.0,-0.1901,-1.3529,0.0,0.0,0.0
CLX,2018-12-10,8.73,8.73,8.73,8.73,0,8.73,8.75,8.86,0.0,-0.1901,-1.4455,0.0,0.0,0.0
CLX,2018-12-11,8.73,8.73,8.73,8.73,2000,8.73,8.75,8.86,0.0,-0.1901,-1.4455,0.0,0.0,0.0
CLX,2018-12-12,8.73,8.73,8.73,8.73,1000,8.73,8.74,8.86,0.0,-0.1427,-1.4455,0.0,0.0,0.0
CLX,2018-12-13,8.73,8.73,8.73,8.73,0,8.73,8.73,8.86,0.0,-0.0476,-1.4455,0.0,0.0,0.0
CLX,2018-12-14,8.73,8.73,8.73,8.73,0,8.73,8.73,8.86,0.0,0.0,-1.4455,0.0,0.0,0.0
CLX,2018-12-17,8.73,8.73,8.73,8.73,0,8.73,8.73,8.86,0.0,0.0,-1.4455,0.0,0.0,0.0
CLX,2018-12-18,8.73,8.73,8.73,8.73,0,8.73,8.73,8.86,0.0,0.0,-1.4455,0.0,0.0,0.0
CLX,2018-12-19,8.73,8.73,8.73,8.73,0,8.73,8.73,8.87,0.0,0.0,-1.5379,0.0,0.0,0.0
CLX,2018-12-20,8.73,8.73,8.73,8.73,0,8.73,8.73,8.86,0.0,0.0,-1.427,0.0,0.0,0.0
CLX,2018-12-21,8.73,8.73,8.73,8.73,0,8.73,8.73,8.85,0.0,0.0,-1.3158,0.0,0.0,0.0
CLX,2018-12-24,8.73,8.73,8.73,8.73,0,8.73,8.73,8.84,0.0,0.0,-1.2044,0.0,0.0,0.0
CLX,2018-12-25,8.73,8.73,8.73,8.73,0,8.73,8.73,8.83,0.0,0.0,-1.0927,0.0,0.0,0.0
CLX,2018-12-26,8.73,8.73,8.73,8.73,0,8.73,8.73,8.82,0.0,0.0,-0.9808,0.0,0.0,0.0
CLX,2018-12-27,8.73,8.99,8.99,8.99,0,8.76,8.74,8.83,2.6421,2.793,1.8177,0.0,0.0,0.0
CLX,2018-12-28,8.73,8.99,8.99,8.99,0,8.78,8.76,8.82,2.3417,2.6421,1.8543,0.0,0.0,0.0
CLX,2019-01-02,8.73,8.99,8.99,8.99,0,8.81,8.77,8.82,2.043,2.4917,1.8909,0.0,0.0,0.0
CLX,2019-01-03,8.73,8.99,8.99,8.99,0,8.83,8.78,8.82,1.746,2.3417,1.9276,0.0,0.0,0.0
CLX,2019-01-04,8.73,8.99,8.99,8.99,0,8.86,8.79,8.81,1.4508,2.1921,1.9643,0.0,0.0,0.0
CLX,2019-01-07,8.73,8.99,8.99,8.99,0,8.88,8.81,8.81,1.1573,2.043,2.001,0.0,0.0,0.0
CLX,2019-01-08,8.73,8.99,8.99,8.99,0,8.91,8.82,8.81,0.8655,1.8943,2.0378,0.0,0.0,0.0
CLX,2019-01-09,8.73,8.99,8.99,8.99,0,8.94,8.83,8.8,0.5753,1.746,2.0746,0.0,0.0,0.0
CLX,2019-01-10,9.24,9.24,8.73,8.73,3100,8.94,8.83,8.8,-2.2986,-1.1612,-0.7482,-0.0068,-0.005,0.0007
CLX,2019-01-11,8.99,8.99,8.99,8.99,200,8.96,8.85,8.79,0.2865,1.598,2.2079,0.0,0.0,0.0007
CLX,2019-01-14,8.99,8.99,8.99,8.99,0,8.96,8.86,8.79,0.2865,1.4506,2.2448,0.0,0.0,0.0007
CLX,2019-01-15,8.99,8.99,8.99,8.99,0,8.96,8.87,8.79,0.2865,1.3037,2.2817,0.0,0.0,0.0007
CLX,2019-01-16,9.16,9.16,8.99,8.99,5100,8.96,8.88,8.8,0.2865,1.1571,2.1253,-0.0105,-0.0072,0.0017
CLX,2019-01-17,9.16,8.99,8.99,8.99,0,8.96,8.9,8.8,0.2865,1.011,2.1043,0.0,0.0,0.0017
CLX,2019-01-18,9.16,8.99,8.99,8.99,0,8.96,8.91,8.8,0.2865,0.8653,2.0832,0.0,0.0,0.0017
CLX,2019-01-21,8.99,8.99,8.99,8.99,100,8.96,8.92,8.81,0.2865,0.72,1.9659,0.0,0.0,0.0017
CLX,2019-01-22,8.99,8.99,8.99,8.99,0,8.96,8.94,8.82,0.2865,0.5752,1.9065,0.0,0.0,0.0017
CLX,2019-01-23,8.73,8.73,8.73,8.73,200,8.94,8.94,8.82,-2.2989,-2.2986,-1.0053,0.0,0.0,0.0017
CLX,2019-01-24,9.24,9.24,9.24,9.24,2000,8.99,8.96,8.83,2.8571,3.152,4.696,0.0,0.0,0.001
CLX,2019-01-25,9.24,9.24,9.24,9.24,2900,9.01,8.99,8.84,2.5641,2.8571,4.5939,0.0,0.0,0.001
CLX,2019-01-28,8.56,9.24,8.56,9.24,2700,9.04,9.0,8.85,2.2727,2.7104,4.5117,0.0062,0.0044,0.0017
CLX,2019-01-29,9.24,9.24,9.24,9.24,0,9.06,9.01,8.85,1.983,2.5641,4.4101,0.0,0.0,0.0017
CLX,2019-01-30,9.24,9.24,9.24,9.24,0,9.09,9.03,8.86,1.6949,2.4182,4.289,0.0,0.0,0.0006
CLX,2019-01-31,8.82,8.82,8.82,8.82,100,9.07,9.02,8.87,-2.8302,-2.2306,-0.5584,0.0,0.0,0.0006
CLX,2019-02-01,8.82,8.82,8.82,8.82,0,9.06,9.01,8.87,-2.6465,-2.1378,-0.5777,0.0,0.0,0.0006
CLX,2019-02-11,8.82,8.82,8.82,8.82,0,9.04,9.0,8.87,-2.4621,-2.0447,-0.5969,0.0,0.0,0.0006
CLX,2019-02-12,9.07,9.07,9.07,9.07,5000,9.05,9.0,8.88,0.2838,0.7604,2.2193,0.0,0.0,0.0006
CLX,2019-02-13,8.56,8.56,8.56,8.56,200,9.03,8.98,8.87,-5.2133,-4.7166,-3.5296,0.0,0.0,0.0006
CLX,2019-02-14,8.56,8.56,8.56,8.56,0,8.96,8.97,8.87,-4.489,-4.6257,-3.4924,0.0,0.0,0.0006
CLX,2019-02-15,8.56,8.56,8.56,8.56,100,8.89,8.95,8.87,-3.7536,-4.3977,-3.4552,0.0,0.0,0.0006
CLX,2019-02-18,9.42,9.42,8.82,8.82,7900,8.85,8.94,8.87,-0.3868,-1.4354,-0.578,-0.0084,-0.0047,0.0008
CLX,2019-02-19,9.33,8.82,8.82,8.82,0,8.81,8.94,8.87,0.0972,-1.341,-0.5973,0.0,0.0,0.0008
CLX,2019-02-20,9.33,8.82,8.82,8.82,0,8.76,8.93,8.87,0.586,-1.2464,-0.6165,0.0,0.0,0.0008
CLX,2019-02-21,9.33,8.82,8.82,8.82,0,8.76,8.92,8.87,0.586,-1.1516,-0.6357,0.0,0.0,0.0008
CLX,2019-02-22,9.33,8.82,8.82,8.82,0,8.76,8.91,8.87,0.586,-1.0567,-0.655,0.0,0.0,0.0008
CLX,2019-02-25,9.33,8.82,8.82,8.82,0,8.76,8.9,8.88,0.586,-0.9615,-0.6742,0.0,0.0,0.0008
CLX,2019-02-26,9.33,9.33,9.33,8.82,1,8.74,8.89,8.88,0.8815,-0.8662,-0.6934,0.0,0.0,0.0008
CLX,2019-02-27,9.33,9.33,9.33,8.82,50,8.76,8.9,8.88,0.586,-0.9139,-0.7126,0.0,0.0,0.0008
CLX,2019-02-28,9.33,8.82,8.82,8.82,0,8.79,8.88,8.88,0.2921,-0.675,-0.7318,0.0,0.0,0.0008
CLX,2019-03-01,9.33,8.82,8.82,8.82,0,8.82,8.85,8.88,0.0,-0.435,-0.751,0.0,0.0,0.0008
CLX,2019-03-04,9.33,8.82,8.82,8.82,0,8.82,8.83,8.88,0.0,-0.1938,-0.7702,0.0,0.0,0.0
CLX,2019-03-05,8.73,9.42,8.73,9.42,300,8.88,8.84,8.9,6.0752,6.4859,5.8104,0.0002,0.0002,0.0
CLX,2019-03-06,8.99,9.42,9.42,9.42,0,8.94,8.85,8.91,5.364,6.383,5.6477,0.0,0.0,0.0
CLX,2019-03-07,8.82,8.82,8.82,8.82,500,8.94,8.85,8.91,-1.341,-0.3868,-1.0943,0.0,0.0,0.0
CLX,2019-03-08,8.9,8.99,8.9,8.99,1400,8.95,8.86,8.92,0.3824,1.4493,0.7681,0.0015,0.001,0.0002
CLX,2019-03-11,8.9,8.99,8.99,8.99,0,8.97,8.87,8.92,0.1909,1.3514,0.71,0.0,0.0,0.0002
CLX,2019-03-12,9.42,9.42,9.33,9.42,6500,9.03,8.88,8.94,4.2654,5.973,5.344,0.0054,0.0037,0.0007
CLX,2019-03-13,9.24,9.33,8.9,9.33,3205,9.08,8.92,8.95,2.7332,4.5563,4.2464,0.0026,0.0019,0.001
CLX,2019-03-14,8.65,8.65,8.65,8.65,100,9.06,8.93,8.95,-4.627,-3.1639,-3.3862,0.0,0.0,0.001
CLX,2019-03-15,8.99,8.99,8.39,8.56,2045,9.04,8.93,8.94,-5.3031,-4.1228,-4.3063,-0.0008,-0.0005,0.001
CLX,2019-03-18,8.82,8.56,8.56,8.56,0,9.01,8.91,8.94,-5.0333,-3.9847,-4.2146,0.0,0.0,0.001
CLX,2019-03-19,8.82,8.82,8.82,8.56,4,8.93,8.9,8.93,-4.1228,-3.8462,-4.1228,0.0,0.0,0.001
CLX,2019-03-20,8.82,8.82,8.82,8.82,368,8.87,8.9,8.92,-0.5791,-0.9615,-1.2085,0.0,0.0,0.001
CLX,2019-03-21,8.82,8.82,8.82,8.82,0,8.87,8.9,8.92,-0.5791,-0.9615,-1.1706,0.0,0.0,0.001
CLX,2019-03-22,8.82,8.82,8.82,8.82,0,8.85,8.9,8.92,-0.3868,-0.9615,-1.1326,0.0,0.0,0.0009
CLX,2019-03-25,8.99,8.99,8.99,8.99,104,8.85,8.91,8.92,1.5474,0.8646,0.7871,0.0,0.0,0.0009
CLX,2019-03-26,8.99,8.99,8.99,8.99,10,8.81,8.92,8.92,2.0409,0.7678,0.7871,0.0,0.0,0.0003
CLX,2019-03-27,8.99,9.42,8.99,9.42,510,8.82,8.95,8.93,6.7961,5.2128,5.4852,0.001,0.0006,0.0002
CLX,2019-03-28,9.33,9.42,9.42,9.42,0,8.89,8.98,8.94,5.871,4.8618,5.3236,0.0,0.0,0.0002
CLX,2019-03-29,9.33,9.33,9.33,9.33,345,8.97,9.0,8.95,4.0076,3.6121,4.2862,0.0,0.0,0.0001
CLX,2019-04-01,9.33,9.42,9.33,9.42,320,9.06,9.03,8.95,3.9697,4.216,5.1424,0.0005,0.0003,0.0001
CLX,2019-04-02,9.33,9.42,9.42,9.42,0,9.14,9.03,8.96,2.9962,4.216,5.042,0.0,0.0,0.0001
CLX,2019-04-03,8.99,8.99,8.99,8.99,100,9.16,9.01,8.96,-1.8691,-0.2849,0.2674,0.0,0.0,0.0001
CLX,2019-04-04,9.07,9.07,9.07,9.07,600,9.18,9.03,8.97,-1.2116,0.5216,1.203,0.0,0.0,0.0001
CLX,2019-04-05,9.07,9.07,9.07,9.07,100,9.21,9.03,8.97,-1.487,0.4739,1.1836,0.0,0.0,0.0001
CLX,2019-04-08,9.07,9.07,9.07,9.07,0,9.22,9.03,8.97,-1.5785,0.4263,1.1643,0.0,0.0,0.0001
CLX,2019-04-09,9.07,9.07,9.07,9.07,0,9.23,9.02,8.97,-1.6698,0.617,1.145,0.0,0.0,0.0001
CLX,2019-04-10,9.42,9.42,9.42,9.42,100,9.23,9.02,8.98,2.0408,4.3643,4.8018,0.0,0.0,0.0
CLX,2019-04-11,9.42,9.42,9.42,9.42,20,9.23,9.06,8.99,2.0408,3.9206,4.7619,0.0,0.0,0.0
CLX,2019-04-12,9.42,9.76,8.47,9.76,5730,9.27,9.12,9.0,5.2632,6.992,8.4475,0.0096,0.0068,0.001
CLX,2019-04-16,9.42,9.76,9.76,9.76,0,9.3,9.18,9.01,4.8758,6.2937,8.3238,0.0,0.0,0.001
CLX,2019-04-17,9.42,9.76,9.76,9.76,0,9.34,9.24,9.02,4.4913,5.6045,8.2005,0.0,0.0,0.001
CLX,2019-04-18,9.42,9.76,9.76,9.76,0,9.42,9.29,9.03,3.6364,5.0691,8.0774,0.0,0.0,0.001
CLX,2019-04-19,8.56,8.56,8.56,8.56,100,9.36,9.27,9.02,-8.5923,-7.7065,-5.1414,0.0,0.0,0.001
CLX,2019-04-22,8.56,8.56,8.56,8.56,0,9.31,9.26,9.02,-8.0883,-7.5786,-5.0874,0.0,0.0,0.001
CLX,2019-04-23,8.56,8.56,8.56,8.56,0,9.26,9.24,9.01,-7.5786,-7.3645,-5.0333,0.0,0.0,0.001
CLX,2019-04-24,8.56,8.56,8.56,8.56,0,9.21,9.22,9.0,-7.0632,-7.1495,-4.9249,0.0,0.0,0.001
CLX,2019-04-25,8.56,8.56,8.56,8.56,0,9.12,9.18,9.0,-6.1914,-6.7164,-4.9249,0.0,0.0,0.001
CLX,2019-04-26,8.56,8.56,8.56,8.56,0,9.04,9.13,9.0,-5.303,-6.2793,-4.9249,0.0,0.0,0.001
CLX,2019-05-02,8.56,8.56,8.56,8.56,0,8.92,9.09,9.0,-4.0307,-5.8824,-4.9249,0.0,0.0,0.0
CLX,2019-05-03,8.3,8.99,8.3,8.99,400,8.84,9.07,9.01,1.6457,-0.9433,-0.2091,0.0006,0.0004,0.0001
CLX,2019-05-06,8.82,8.99,8.99,8.99,0,8.76,9.05,9.01,2.5391,-0.7092,-0.247,0.0,0.0,0.0001
CLX,2019-05-07,8.82,8.99,8.99,8.99,0,8.69,9.05,9.01,3.4483,-0.7092,-0.2849,0.0,0.0,0.0001
CLX,2019-05-08,8.82,8.99,8.99,8.99,0,8.73,9.05,9.02,2.9412,-0.6622,-0.3227,0.0,0.0,0.0001
CLX,2019-05-09,8.82,8.99,8.99,8.99,0,8.77,9.04,9.02,2.4391,-0.6152,-0.3606,0.0,0.0,0.0001
CLX,2019-05-10,8.82,8.99,8.99,8.99,0,8.82,9.04,9.02,1.9418,-0.5681,-0.3984,0.0,0.0,0.0001
CLX,2019-05-13,8.82,8.82,8.82,8.99,50,8.86,9.03,9.03,1.4493,-0.521,-0.4362,0.0,0.0,0.0001
CLX,2019-05-14,8.73,8.73,8.73,8.73,100,8.88,9.0,9.03,-1.6394,-2.9957,-3.2625,0.0,0.0,0.0001
CLX,2019-05-15,8.73,8.73,8.73,8.73,0,8.89,8.97,9.02,-1.8287,-2.6253,-3.2442,0.0,0.0,0.0001
CLX,2019-05-16,8.73,8.73,8.73,8.73,0,8.91,8.91,9.02,-2.0173,-2.0644,-3.2258,0.0,0.0,0.0001
CLX,2019-05-17,8.73,8.73,8.73,8.73,0,8.88,8.86,9.02,-1.7341,-1.4969,-3.2075,0.0,0.0,0.0
CLX,2019-05-20,8.73,8.73,8.73,8.73,0,8.86,8.81,9.01,-1.4493,-0.9228,-3.0603,0.0,0.0,0.0
CLX,2019-05-21,9.33,9.33,9.33,9.33,102,8.89,8.79,9.0,4.9085,6.1343,3.6121,0.0,0.0,0.0
CLX,2019-05-22,9.33,9.33,9.33,9.33,0,8.93,8.83,9.01,4.5062,5.6713,3.4941,0.0,0.0,0.0
CLX,2019-05-23,9.33,9.33,9.33,9.33,0,8.96,8.87,9.02,4.1069,5.2123,3.4155,0.0,0.0,0.0
CLX,2019-05-24,9.33,9.33,9.33,9.33,0,9.0,8.91,9.03,3.7107,4.7573,3.3371,0.0,0.0,0.0
CLX,2019-05-27,9.33,9.33,9.33,9.33,316,9.03,8.94,9.03,3.3175,4.3062,3.3567,0.0,0.0,0.0
CLX,2019-05-28,9.33,9.33,9.33,9.33,0,9.09,8.98,9.03,2.6365,3.8589,3.3567,0.0,0.0,0.0
CLX,2019-05-29,9.33,9.33,9.33,9.33,0,9.15,9.02,9.04,1.9644,3.4155,3.2001,0.0,0.0,0.0
CLX,2019-05-30,9.33,9.33,9.33,9.33,0,9.21,9.06,9.06,1.3011,2.9759,3.0245,0.0,0.0,0.0
CLX,2019-05-31,9.33,9.33,9.33,9.33,0,9.27,9.08,9.07,0.6463,2.7817,2.8495,0.0,0.0,0.0
CLX,2019-06-03,9.33,9.33,9.33,9.33,100,9.33,9.09,9.09,0.0,2.5882,2.6752,0.0,0.0,0.0
CLX,2019-06-04,9.33,9.33,9.33,9.33,0,9.33,9.11,9.1,0.0,2.3955,2.5592,0.0,0.0,0.0
CLX,2019-06-05,9.33,9.33,9.33,9.33,0,9.33,9.13,9.11,0.0,2.2034,2.4436,0.0,0.0,0.0
CLX,2019-06-06,8.56,8.56,8.56,8.56,10358,9.25,9.11,9.1,-7.493,-6.015,-5.962,0.0198,0.013,0.002
CLX,2019-06-07,8.3,8.3,7.79,7.79,400,9.1,9.05,9.08,-14.3932,-13.9073,-14.1995,-0.0006,-0.0003,0.002
CLX,2019-06-10,8.13,8.13,8.13,8.13,100,8.98,9.0,9.06,-9.4375,-9.6958,-10.2588,0.0,0.0,0.002
CLX,2019-06-11,8.13,8.13,8.13,8.13,0,8.86,8.97,9.04,-8.2125,-9.3943,-10.0038,0.0,0.0,0.002
CLX,2019-06-12,9.33,9.33,9.33,9.33,100,8.86,9.0,9.03,5.314,3.6122,3.2783,-0.0002,-0.0001,0.0021
CLX,2019-06-13,10.53,10.53,10.53,10.53,108,8.98,9.09,9.06,17.2545,15.7647,16.2351,0.0002,0.0002,0.0021
CLX,2019-06-14,9.84,9.84,9.84,9.84,200,9.03,9.15,9.07,9.0047,7.5772,8.5725,0.0,0.0,0.0021
CLX,2019-06-17,9.84,9.84,9.84,9.84,0,9.08,9.21,9.07,8.3883,6.927,8.4701,0.0,0.0,0.0021
CLX,2019-06-18,9.84,9.84,9.84,9.84,0,9.13,9.23,9.09,7.7788,6.6296,8.2658,0.0,0.0,0.0021
CLX,2019-06-19,9.84,9.84,9.84,9.84,0,9.18,9.26,9.11,7.1761,6.3338,8.0827,0.0,0.0,0.0021
CLX,2019-06-20,9.84,9.84,9.84,9.84,0,9.31,9.28,9.12,5.6985,6.0397,7.9002,0.0,0.0,0.0001
CLX,2019-06-21,9.67,9.67,9.67,9.67,200,9.5,9.3,9.13,1.8018,4.0037,5.8845,0.0,0.0,0.0
CLX,2019-06-24,9.67,9.67,9.67,9.67,0,9.66,9.32,9.15,0.1773,3.8126,5.7458,0.0,0.0,0.0
CLX,2019-06-25,8.56,8.56,8.56,8.56,100,9.7,9.28,9.13,-11.7387,-7.7491,-6.2441,0.0,0.0,0.0
CLX,2019-06-26,8.56,8.56,8.56,8.56,0,9.62,9.24,9.11,-11.032,-7.3645,-6.068,0.0,0.0,0.0
CLX,2019-06-27,8.56,8.56,8.56,8.56,0,9.42,9.2,9.09,-9.1735,-6.9767,-5.8203,0.0,0.0,0.0
CLX,2019-06-28,8.56,8.56,8.56,8.56,0,9.3,9.16,9.06,-7.919,-6.5857,-5.5713,0.0,0.0,0.0
CLX,2019-07-01,8.99,8.99,8.99,8.99,1918,9.21,9.15,9.05,-2.4163,-1.7313,-0.681,0.0,0.0,0.0
CLX,2019-07-02,8.99,8.99,8.99,8.99,0,9.12,9.13,9.03,-1.5009,-1.5471,-0.5116,0.0,0.0,0.0
CLX,2019-07-03,8.56,8.56,8.13,8.13,800,8.95,9.07,9.03,-9.1778,-10.335,-9.9013,-0.0015,-0.0007,0.0001
CLX,2019-07-04,8.39,8.39,8.39,8.39,0,8.81,9.06,9.02,-4.7619,-7.4162,-7.0209,0.0,0.0,0.0001
CLX,2019-07-05,8.99,8.99,8.99,8.99,100,8.74,9.12,9.03,2.8404,-1.4547,-0.4739,0.0,0.0,0.0001
CLX,2019-07-08,8.99,8.99,8.99,8.99,0,8.67,9.16,9.04,3.6526,-1.9149,-0.5681,0.0,0.0,0.0001
CLX,2019-07-09,9.42,9.42,9.42,9.42,100,8.76,9.23,9.06,7.5269,2.0408,3.9698,0.0,0.0,0.0001
CLX,2019-07-10,9.42,9.42,9.42,9.42,0,8.84,9.23,9.07,6.486,1.9935,3.7736,0.0,0.0,0.0001
CLX,2019-07-11,9.59,9.76,9.59,9.76,200,8.96,9.19,9.1,8.8825,6.1453,7.2639,0.0003,0.0002,0.0002
CLX,2019-07-12,9.67,9.76,9.76,9.76,0,9.08,9.19,9.11,7.4458,6.1947,7.0825,0.0,0.0,0.0002
CLX,2019-07-15,9.07,9.07,9.07,9.07,100,9.09,9.15,9.11,-0.1883,-0.8419,-0.4508,0.0,0.0,0.0002
CLX,2019-07-16,9.07,9.07,9.07,9.07,11,9.1,9.11,9.12,-0.2822,-0.4227,-0.4695,0.0,0.0,0.0002
CLX,2019-07-17,9.33,9.42,8.56,8.56,2310,9.14,9.05,9.11,-6.3671,-5.3926,-6.015,-0.0031,-0.0019,0.0003
CLX,2019-07-18,9.33,8.56,8.56,8.56,0,9.16,8.98,9.1,-6.5421,-4.7166,-5.9266,0.0,0.0,0.0003
CLX,2019-07-19,9.33,9.33,9.33,9.33,2100,9.19,8.97,9.11,1.4897,4.0572,2.4628,0.0,0.0,0.0003
CLX,2019-07-22,9.33,9.33,9.33,9.33,333,9.23,8.95,9.11,1.1131,4.2563,2.3858,0.0,0.0,0.0003
CLX,2019-07-23,9.42,9.42,9.33,9.33,3511,9.22,8.99,9.12,1.207,3.8095,2.2514,-0.0048,-0.003,0.0008
CLX,2019-07-24,8.73,8.73,8.73,8.73,218,9.15,9.0,9.12,-4.5837,-2.9496,-4.3152,-0.0003,-0.0002,0.0008
CLX,2019-07-25,8.99,9.42,8.99,9.42,1400,9.12,9.04,9.14,3.2864,4.1667,3.0349,0.0018,0.0012,0.001
CLX,2019-07-26,9.5,9.59,9.5,9.59,1700,9.1,9.09,9.16,5.3622,5.4614,4.7121,0.0026,0.0019,0.0012
CLX,2019-07-29,9.59,9.59,9.59,9.59,11,9.15,9.12,9.17,4.7708,5.115,4.5166,0.0,0.0,0.0012
CLX,2019-07-30,9.59,9.59,9.59,9.59,0,9.2,9.15,9.18,4.1861,4.7708,4.4582,0.0,0.0,0.0012
CLX,2019-07-31,9.59,9.59,9.59,9.59,0,9.3,9.22,9.18,3.0359,3.9443,4.3997,0.0,0.0,0.0009
CLX,2019-08-01,9.59,9.59,9.59,9.59,0,9.41,9.28,9.19,1.9109,3.2734,4.3414,0.0,0.0,0.0009
CLX,2019-08-02,9.59,9.59,9.59,9.59,0,9.43,9.31,9.19,1.6334,2.9412,4.2831,0.0,0.0,0.0009
CLX,2019-08-05,9.59,9.59,9.07,9.07,5300,9.41,9.32,9.19,-3.5487,-2.6183,-1.2484,-0.0065,-0.0035,0.0016
CLX,2019-08-06,9.59,10.96,8.99,8.99,3700,9.37,9.3,9.18,-4.1096,-3.3149,-2.107,-0.0048,-0.0028,0.0016
CLX,2019-08-07,9.5,9.5,9.5,9.5,100,9.45,9.3,9.18,0.5434,2.1629,3.4482,0.0,0.0,0.0016
CLX,2019-08-08,9.16,9.5,9.16,9.5,600,9.46,9.29,9.19,0.4524,2.3041,3.4097,0.0008,0.0005,0.0015
CLX,2019-08-09,10.27,10.78,10.27,10.78,27100,9.58,9.34,9.22,12.6005,15.4903,17.0133,0.0377,0.0287,0.005
CLX,2019-08-12,11.56,12.24,11.56,12.24,24200,9.84,9.5,9.28,24.3479,28.8869,31.9676,0.0432,0.0372,0.0093
CLX,2019-08-13,14.04,14.04,12.24,12.24,3222,10.11,9.66,9.33,21.0839,26.7731,31.1446,-0.0049,-0.0042,0.0098
CLX,2019-08-14,11.3,11.9,11.21,11.21,14300,10.27,9.79,9.37,9.1667,14.5606,19.6566,-0.0239,-0.0169,0.0122
CLX,2019-08-15,11.21,11.9,10.27,10.7,6400,10.38,9.89,9.41,3.0503,8.1315,13.657,-0.0036,-0.0027,0.0125
CLX,2019-08-16,9.93,11.9,9.93,10.7,8700,10.49,9.96,9.47,1.9576,7.3883,12.9586,-0.0027,-0.0017,0.0128
CLX,2019-08-19,9.93,11.3,9.93,11.3,1901,10.72,10.06,9.54,5.4313,12.2926,18.4919,0.0037,0.0032,0.0125
CLX,2019-08-20,10.61,12.07,10.61,12.07,83600,11.02,10.2,9.61,9.4721,18.3383,25.5342,0.1209,0.1146,0.0241
CLX,2019-08-21,12.67,13.61,12.67,13.61,57484,11.44,10.44,9.7,19.012,30.3279,40.3106,0.0689,0.0715,0.031
CLX,2019-08-22,13.35,15.32,12.67,13.7,61100,11.85,10.66,9.76,15.5235,28.5141,40.2771,-0.0198,-0.0171,0.0329
CLX,2019-08-23,13.78,14.55,13.7,14.38,40200,12.21,10.9,9.85,17.7295,31.9717,45.9346,0.036,0.0342,0.0327
CLX,2019-08-26,14.38,15.84,14.38,14.98,59803,12.49,11.17,9.96,19.9452,34.151,50.4471,-0.0125,-0.016,0.0297
CLX,2019-08-27,15.41,15.84,14.98,15.41,90700,12.8,11.46,10.07,20.3209,34.4789,53.0352,0.0,0.0,0.0292
CLX,2019-08-28,15.24,17.12,14.81,17.12,140270,13.4,11.83,10.21,27.7955,44.6654,67.6165,0.2316,0.3165,0.05
CLX,2019-08-29,17.12,18.15,17.12,17.97,59761,14.12,12.25,10.38,27.2727,46.6993,73.2387,0.0695,0.0961,0.0566
CLX,2019-08-30,18.4,18.4,15.41,15.49,37344,14.6,12.55,10.49,6.0961,23.4652,47.6586,-0.0521,-0.0621,0.0615
CLX,2019-09-03,15.84,15.84,14.29,14.29,37900,14.9,12.81,10.58,-4.0781,11.5937,35.0477,-0.0483,-0.0573,0.066
CLX,2019-09-04,14.21,15.24,13.61,13.95,81131,15.09,13.06,10.69,-7.544,6.8502,30.4835,-0.0663,-0.0759,0.0605
CLX,2019-09-05,13.87,14.12,13.44,14.12,20822,15.14,13.29,10.8,-6.727,6.2802,30.7241,0.0408,0.0443,0.0577
CLX,2019-09-06,13.61,13.7,12.84,13.27,40550,15.1,13.48,10.9,-12.1315,-1.5561,21.7405,-0.0,-0.0,0.0557
CLX,2019-09-09,13.18,13.87,12.75,13.7,13009,15.03,13.62,11.0,-8.8838,0.5341,24.4943,0.0173,0.0161,0.0538
CLX,2019-09-10,13.95,13.95,13.1,13.18,6700,14.85,13.67,11.08,-11.2392,-3.5692,18.9189,-0.0081,-0.0079,0.0534
CLX,2019-09-11,13.18,13.44,12.84,12.92,21400,14.6,13.7,11.16,-11.4889,-5.684,15.7798,-0.0286,-0.0251,0.0563
CLX,2019-09-12,12.92,14.12,12.92,14.12,21600,14.3,13.85,11.28,-1.2567,1.9778,25.1707,0.0302,0.032,0.0361
CLX,2019-09-13,13.7,13.7,13.01,13.7,17700,13.87,14.0,11.39,-1.2955,-2.1706,20.2465,0.0248,0.0255,0.0317
CLX,2019-09-16,13.18,13.61,13.01,13.44,6350,13.67,14.14,11.48,-1.6907,-4.9349,17.0768,0.0036,0.0035,0.0268
CLX,2019-09-17,13.61,13.61,12.92,13.18,19700,13.56,14.23,11.56,-2.7778,-7.3684,14.0065,-0.0069,-0.0065,0.0227
CLX,2019-09-18,13.61,13.61,13.01,13.01,13500,13.46,14.28,11.63,-3.3693,-8.8729,11.8305,-0.0182,-0.017,0.0179
CLX,2019-09-19,13.01,13.44,13.01,13.44,4300,13.4,14.27,11.71,0.3195,-5.8188,14.7158,0.0051,0.0061,0.0143
CLX,2019-09-20,13.1,13.44,12.92,12.92,14200,13.36,14.23,11.78,-3.2672,-9.173,9.7383,-0.0145,-0.0086,0.0157
CLX,2019-09-23,13.35,13.35,12.92,12.92,8209,13.28,14.16,11.84,-2.7062,-8.7062,9.1513,-0.0109,-0.011,0.0151
CLX,2019-09-24,12.92,12.92,12.75,12.75,7400,13.24,14.05,11.91,-3.6846,-9.2017,7.0402,-0.0127,-0.0126,0.0156
CLX,2019-09-25,12.75,12.75,12.15,12.33,15100,13.18,13.89,11.98,-6.4935,-11.2754,2.8865,-0.0114,-0.0107,0.0138
CLX,2019-09-26,12.75,12.75,11.98,12.33,8300,13.0,13.65,12.06,-5.2008,-9.7179,2.2437,-0.0011,-0.0011,0.0109
CLX,2019-09-27,11.9,11.98,11.56,11.9,20100,12.82,13.35,12.12,-7.2096,-10.8688,-1.85,0.0157,0.014,0.01
CLX,2019-09-30,12.07,12.07,11.73,11.98,4600,12.68,13.17,12.17,-5.4693,-9.0318,-1.5748,0.0028,0.0026,0.0099
CLX,2019-10-01,11.73,11.73,11.3,11.38,18250,12.5,13.03,12.22,-8.9041,-12.615,-6.8105,-0.0134,-0.0127,0.0106
CLX,2019-10-02,11.64,11.73,11.3,11.56,6900,12.35,12.91,12.26,-6.4449,-10.4774,-5.7526,0.002,0.0016,0.009
CLX,2019-10-03,11.64,11.73,11.64,11.73,1900,12.18,12.79,12.32,-3.7245,-8.2998,-4.8214,0.0021,0.0018,0.0086
CLX,2019-10-04,11.73,12.41,11.73,12.41,2400,12.13,12.75,12.38,2.3288,-2.6192,0.2489,0.0028,0.0027,0.0075
CLX,2019-10-07,11.98,11.98,11.64,11.98,1501,12.03,12.66,12.43,-0.4268,-5.3415,-3.5813,0.0019,0.0017,0.0066
CLX,2019-10-08,11.64,11.81,11.56,11.81,2600,11.94,12.59,12.47,-1.0753,-6.1863,-5.2978,0.0031,0.0031,0.0056
CLX,2019-10-09,12.24,12.24,11.47,11.98,5400,11.91,12.54,12.52,0.647,-4.4695,-4.2931,0.0025,0.0024,0.0047
CLX,2019-10-10,12.15,12.41,11.73,11.73,2300,11.85,12.42,12.56,-1.0115,-5.6149,-6.663,-0.0036,-0.0032,0.005
CLX,2019-10-11,12.07,12.07,11.81,11.81,5200,11.84,12.33,12.61,-0.2169,-4.1999,-6.3137,-0.0094,-0.0072,0.0044
CLX,2019-10-14,11.9,11.98,11.56,11.56,6900,11.79,12.24,12.65,-2.0319,-5.5614,-8.6356,-0.0085,-0.0077,0.0049
CLX,2019-10-15,11.47,11.47,11.3,11.3,8100,11.79,12.14,12.69,-4.1395,-6.944,-10.9793,-0.014,-0.0133,0.005
CLX,2019-10-16,11.64,11.64,11.13,11.64,6900,11.79,12.07,12.75,-1.3063,-3.5803,-8.6635,0.0117,0.0101,0.006
CLX,2019-10-17,11.21,11.73,11.13,11.73,7400,11.79,11.99,12.79,-0.5805,-2.1778,-8.3121,0.0126,0.01,0.007
CLX,2019-10-18,11.81,11.81,11.13,11.13,19200,11.67,11.9,12.82,-4.6222,-6.4748,-13.2177,-0.0313,-0.0272,0.0099
CLX,2019-10-21,11.13,11.13,11.13,11.13,2100,11.58,11.81,12.83,-3.9172,-5.763,-13.264,0.0,0.0,0.0097
CLX,2019-10-22,11.56,11.56,11.56,11.56,500,11.56,11.75,12.82,0.0,-1.6393,-9.8317,0.0,0.0,0.0094
CLX,2019-10-23,11.13,11.56,11.13,11.56,13200,11.51,11.71,12.8,0.3718,-1.3158,-9.7352,0.0215,0.022,0.0113
CLX,2019-10-24,11.56,11.56,11.56,11.56,1000,11.5,11.67,12.81,0.5212,-0.9901,-9.7835,0.0,0.0,0.0109
CLX,2019-10-25,11.64,11.64,11.3,11.38,5600,11.45,11.65,12.82,-0.5979,-2.2418,-11.2149,-0.0053,-0.0044,0.0105
CLX,2019-10-28,11.47,11.56,11.13,11.56,8600,11.45,11.62,12.84,0.8969,-0.5891,-10.0,0.015,0.0134,0.0111
CLX,2019-10-29,11.56,11.56,11.04,11.13,7500,11.44,11.61,12.84,-2.6946,-4.1652,-13.3102,-0.0082,-0.0074,0.0106
CLX,2019-10-30,11.38,11.38,10.87,10.96,14700,11.37,11.58,12.81,-3.6145,-5.3955,-14.4957,-0.0163,-0.0125,0.011
CLX,2019-10-31,10.96,10.96,10.36,10.96,15700,11.29,11.54,12.76,-2.9568,-5.0798,-14.1401,0.0214,0.018,0.0119
CLX,2019-11-01,10.78,10.78,10.53,10.61,6200,11.24,11.45,12.7,-5.5597,-7.3243,-16.4195,-0.0026,-0.0015,0.009
CLX,2019-11-04,10.61,10.61,10.61,10.61,10500,11.19,11.38,12.62,-5.1262,-6.7669,-15.9208,0.0,0.0,0.009
CLX,2019-11-05,10.61,10.61,10.27,10.27,15200,11.06,11.31,12.53,-7.1207,-9.1597,-18.0216,-0.0211,-0.0136,0.0111
CLX,2019-11-06,10.27,10.27,9.93,9.93,3500,10.9,11.2,12.42,-8.8767,-11.3827,-20.0551,-0.005,-0.0036,0.0095
CLX,2019-11-07,10.1,10.1,9.93,9.93,1000,10.73,11.11,12.28,-7.496,-10.6661,-19.1187,-0.0016,-0.0012,0.0097
CLX,2019-11-08,9.93,10.01,9.93,10.01,1700,10.6,11.02,12.12,-5.4928,-9.1615,-17.3496,0.0027,0.002,0.0094
CLX,2019-11-11,10.1,10.1,9.42,9.42,4600,10.38,10.92,12.0,-9.3157,-13.7593,-21.5071,-0.0064,-0.005,0.0085
CLX,2019-11-12,9.59,10.01,9.59,9.84,26250,10.25,10.84,11.91,-4.0067,-9.2344,-17.3257,0.0063,0.0051,0.0084
CLX,2019-11-13,9.59,10.1,9.59,10.1,300,10.17,10.77,11.83,-0.6734,-6.2003,-14.6165,0.0004,0.0003,0.0068
CLX,2019-11-14,10.01,10.01,9.84,9.84,10900,10.06,10.67,11.74,-2.1277,-7.7787,-16.1808,-0.0143,-0.0114,0.0061
CLX,2019-11-15,9.84,9.84,8.47,9.84,23100,9.98,10.61,11.68,-1.3722,-7.2207,-15.6892,0.0356,0.0338,0.0093
CLX,2019-11-18,8.99,10.19,8.99,9.5,400,9.87,10.53,11.59,-3.7294,-9.7561,-18.0328,-0.0001,-0.0001,0.0094
CLX,2019-11-19,9.42,9.59,9.42,9.59,8900,9.8,10.43,11.52,-2.1834,-8.0837,-16.7781,0.016,0.0097,0.0088
CLX,2019-11-20,9.5,9.59,9.33,9.59,8600,9.77,10.33,11.45,-1.8405,-7.2079,-16.293,0.0141,0.01,0.0097
CLX,2019-11-21,9.33,9.5,9.33,9.5,600,9.72,10.23,11.36,-2.2888,-7.113,-16.3653,0.0008,0.0005,0.0097
CLX,2019-11-22,9.42,9.67,9.42,9.42,5600,9.66,10.13,11.27,-2.5686,-7.0553,-16.4895,-0.0064,-0.0049,0.01
CLX,2019-11-25,9.5,9.84,9.5,9.84,1900,9.71,10.04,11.2,1.4109,-2.0026,-12.1333,0.0034,0.0024,0.0097
CLX,2019-11-26,9.84,9.84,9.84,9.84,1000,9.71,9.98,11.14,1.4109,-1.3722,-11.6065,0.0,0.0,0.0091
CLX,2019-11-27,9.93,9.93,9.67,9.67,900,9.66,9.92,11.07,0.0886,-2.4601,-12.6199,-0.0016,-0.0012,0.0092
CLX,2019-11-28,10.19,10.19,9.59,9.59,400,9.64,9.85,10.99,-0.5328,-2.651,-12.7862,-0.0006,-0.0004,0.0079
CLX,2019-11-29,9.76,9.59,9.59,9.59,0,9.61,9.8,10.93,-0.2671,-2.1407,-12.2532,0.0,0.0,0.0043
CLX,2019-12-02,9.67,9.76,9.59,9.76,400,9.64,9.75,10.86,1.2434,0.0439,-10.1655,0.0005,0.0003,0.0043
CLX,2019-12-03,9.67,9.67,9.67,9.67,500,9.65,9.72,10.8,0.2662,-0.5282,-10.4454,0.0,0.0,0.0027
CLX,2019-12-04,9.59,9.59,9.42,9.5,1300,9.64,9.7,10.74,-1.421,-2.0733,-11.5679,-0.0,-0.0,0.0013
CLX,2019-12-05,10.19,10.27,9.5,10.19,1400,9.71,9.71,10.7,4.9383,4.8458,-4.8152,0.0024,0.0014,0.0015
CLX,2019-12-06,10.19,10.19,10.19,10.19,0,9.78,9.72,10.67,4.112,4.7535,-4.5097,0.0,0.0,0.0008
CLX,2019-12-09,10.19,10.19,10.19,10.19,0,9.82,9.76,10.63,3.7489,4.3402,-4.1868,0.0,0.0,0.0005
CLX,2019-12-10,9.84,10.1,9.76,10.1,3200,9.84,9.77,10.61,2.6087,3.3275,-4.7619,0.0056,0.004,0.0011
CLX,2019-12-11,9.84,9.84,9.67,9.76,3900,9.85,9.76,10.57,-0.9557,0.0,-7.6773,0.0,0.0,0.0009
CLX,2019-12-12,9.67,9.76,9.67,9.76,2900,9.87,9.75,10.53,-1.1275,0.0439,-7.3321,0.0051,0.0035,0.0014
CLX,2019-12-13,9.76,9.93,9.76,9.84,2800,9.89,9.75,10.48,-0.5191,0.9214,-6.0611,-0.0,-0.0,0.0014
CLX,2019-12-16,10.1,10.1,9.76,9.76,1300,9.89,9.77,10.43,-1.3841,-0.0876,-6.4807,-0.0021,-0.0017,0.0015
CLX,2019-12-17,9.84,10.1,9.84,10.1,700,9.94,9.79,10.4,1.6366,3.1469,-2.8806,0.0009,0.0009,0.0016
CLX,2019-12-18,10.1,10.36,10.1,10.36,6000,10.02,9.83,10.37,3.3305,5.3548,-0.0991,0.0105,0.0073,0.0027
CLX,2019-12-19,10.23,10.49,10.49,10.49,0,10.05,9.88,10.34,4.3238,6.1555,1.4077,0.0,0.0,0.0024
CLX,2019-12-20,10.23,10.49,10.49,10.49,0,10.08,9.93,10.32,4.0111,5.5823,1.6681,0.0,0.0,0.0024
CLX,2019-12-23,9.88,10.05,9.79,10.05,1200,10.07,9.94,10.29,-0.1571,1.1119,-2.2487,0.0015,0.0011,0.0026
CLX,2019-12-24,10.14,10.23,10.14,10.23,2600,10.08,9.96,10.26,1.4356,2.6567,-0.3559,0.0043,0.0037,0.0024
CLX,2019-12-25,10.23,10.23,10.05,10.23,6700,10.13,9.99,10.24,0.9647,2.3712,-0.0808,0.0098,0.0096,0.0034
CLX,2019-12-26,10.23,10.23,9.97,10.23,4700,10.18,10.02,10.21,0.4983,2.0436,0.2126,0.008,0.0076,0.0037
CLX,2019-12-27,9.97,10.23,9.97,10.23,2400,10.22,10.06,10.19,0.1199,1.7181,0.3895,0.0039,0.0035,0.0041
CLX,2019-12-30,10.14,10.23,10.23,10.23,0,10.26,10.08,10.17,-0.3389,1.4808,0.567,0.0,0.0,0.0039
CLX,2019-12-31,10.14,10.23,10.23,10.23,0,10.28,10.11,10.14,-0.4629,1.2018,0.8302,0.0,0.0,0.0038
CLX,2020-01-02,10.31,10.31,9.97,9.97,3700,10.24,10.13,10.11,-2.6249,-1.5985,-1.4249,-0.006,-0.0052,0.0033
CLX,2020-01-03,10.23,10.31,10.23,10.31,5930,10.22,10.14,10.09,0.933,1.7594,2.2548,0.0087,0.0075,0.0042
CLX,2020-01-06,9.97,9.97,9.97,9.97,100,10.17,10.13,10.06,-1.9608,-1.5554,-0.9042,0.0,0.0,0.0042
CLX,2020-01-07,10.23,10.31,10.23,10.31,1200,10.19,10.13,10.03,1.1905,1.8041,2.7963,0.0022,0.0019,0.0043
CLX,2020-01-08,10.23,10.31,10.31,10.31,0,10.2,10.14,10.02,1.1045,1.6964,2.963,0.0,0.0,0.0038
CLX,2020-01-09,10.23,10.31,10.23,10.31,300,10.21,10.17,10.01,1.0187,1.418,3.0951,0.0005,0.0004,0.0029
CLX,2020-01-10,10.23,10.31,10.23,10.31,800,10.22,10.2,9.99,0.933,1.1411,3.2274,0.0009,0.0008,0.0022
CLX,2020-01-13,10.4,10.4,9.97,9.97,1200,10.19,10.2,9.98,-2.2109,-2.3184,-0.1134,-0.0021,-0.0018,0.002
CLX,2020-01-14,10.49,11.7,10.49,11.7,52000,10.34,10.3,10.0,13.1601,13.588,17.0032,0.0856,0.0854,0.0106
CLX,2020-01-15,11.79,12.13,11.79,12.13,900,10.53,10.4,10.04,15.2263,16.643,20.8861,0.0015,0.0016,0.0107
CLX,2020-01-16,11.27,11.27,11.27,11.27,100,10.66,10.45,10.07,5.6911,7.8391,11.9527,0.0,0.0,0.0102
CLX,2020-01-17,11.18,11.18,11.01,11.01,500,10.73,10.48,10.09,2.5848,5.0889,9.1351,-0.0009,-0.0007,0.0094
CLX,2020-01-20,11.09,11.09,11.09,11.09,1200,10.84,10.51,10.11,2.3181,5.6105,9.7594,0.0,0.0,0.0094
CLX,2020-01-21,11.09,11.09,11.09,11.09,0,10.92,10.56,10.14,1.5873,5.0903,9.3959,0.0,0.0,0.0091
CLX,2020-01-22,11.87,11.96,11.87,11.96,300,11.09,10.64,10.18,7.8968,12.3778,17.4518,0.0004,0.0004,0.0092
CLX,2020-01-30,10.49,10.49,10.49,10.49,100,11.1,10.66,10.19,-5.5426,-1.586,2.9047,0.0,0.0,0.0091
CLX,2020-01-31,10.49,10.49,10.49,10.49,0,11.12,10.67,10.2,-5.6898,-1.706,2.7747,0.0,0.0,0.009
CLX,2020-02-03,10.66,10.66,9.97,9.97,2300,11.12,10.66,10.21,-10.3664,-6.4661,-2.3454,-0.0015,-0.0013,0.009
CLX,2020-02-04,10.49,10.49,10.49,10.49,900,11.0,10.67,10.23,-4.6493,-1.706,2.5513,0.0,0.0,0.0004
CLX,2020-02-05,10.49,10.49,10.49,10.49,600,10.83,10.68,10.25,-3.2,-1.8256,2.3708,0.0,0.0,0.0003
CLX,2020-02-06,10.66,10.66,10.66,10.66,100,10.77,10.72,10.27,-1.0458,-0.5257,3.845,0.0,0.0,0.0003
CLX,2020-02-07,10.66,10.66,10.66,10.66,0,10.74,10.74,10.29,-0.7264,-0.6863,3.6108,0.0,0.0,0.0002
CLX,2020-02-10,10.66,10.66,10.66,10.66,1800,10.7,10.77,10.31,-0.3241,-1.006,3.3605,0.0,0.0,0.0002
CLX,2020-02-11,10.66,10.66,10.66,10.66,0,10.65,10.79,10.33,0.0814,-1.1651,3.1968,0.0,0.0,0.0002
CLX,2020-02-12,10.66,10.66,10.14,10.4,2400,10.5,10.79,10.34,-0.9084,-3.6145,0.5711,-0.0,-0.0,0.0002
CLX,2020-02-13,10.49,10.4,10.4,10.4,0,10.49,10.8,10.36,-0.8265,-3.6532,0.4295,0.0,0.0,0.0002
CLX,2020-02-14,10.92,11.18,10.23,10.31,1100,10.47,10.8,10.37,-1.49,-4.456,-0.5472,-0.0014,-0.0012,0.0003
CLX,2020-02-17,10.75,10.31,10.31,10.31,0,10.51,10.81,10.39,-1.8151,-4.6092,-0.6866,0.0,0.0,0.0001
CLX,2020-02-18,10.75,11.09,10.4,10.4,9600,10.5,10.75,10.4,-0.9084,-3.2258,0.0239,-0.0129,-0.0106,0.0014
CLX,2020-02-19,10.4,11.27,10.4,11.27,200,10.57,10.7,10.43,6.5574,5.2632,8.0277,0.0003,0.0003,0.0015
CLX,2020-02-20,10.75,10.75,9.97,9.97,8000,10.51,10.64,10.44,-5.1155,-6.3137,-4.5226,-0.0077,-0.0074,0.0022
CLX,2020-02-21,10.4,10.4,10.4,10.4,1000,10.48,10.61,10.44,-0.7445,-1.9608,-0.4125,0.0,0.0,0.0022
CLX,2020-02-24,10.4,10.4,10.4,10.4,3400,10.45,10.57,10.45,-0.4975,-1.6394,-0.4536,0.0,0.0,0.0022
CLX,2020-02-25,10.05,10.05,9.97,9.97,2500,10.38,10.52,10.44,-4.0067,-5.2328,-4.5616,-0.0018,-0.0017,0.0024
CLX,2020-02-26,10.14,10.4,10.14,10.4,3100,10.38,10.44,10.45,0.1669,-0.3736,-0.4695,0.0034,0.0037,0.0027
CLX,2020-02-27,10.14,10.23,9.88,10.23,3100,10.37,10.43,10.46,-1.3378,-1.9119,-2.2163,0.0029,0.0027,0.003
CLX,2020-02-28,10.14,10.4,9.97,9.97,4100,10.33,10.4,10.46,-3.5235,-4.1667,-4.7406,-0.0034,-0.0037,0.0032
CLX,2020-03-02,10.31,10.49,10.23,10.49,4600,10.35,10.43,10.48,1.34,0.5819,0.1061,0.003,0.0035,0.0035
CLX,2020-03-03,10.14,10.49,10.14,10.49,700,10.36,10.43,10.49,1.2552,0.5819,-0.0333,0.0006,0.0007,0.0023
CLX,2020-03-04,10.4,10.49,10.49,10.49,0,10.28,10.43,10.5,2.0236,0.5819,-0.1071,0.0,0.0,0.0023
CLX,2020-03-05,10.4,10.49,10.49,10.49,0,10.33,10.42,10.5,1.5101,0.6655,-0.1321,0.0,0.0,0.0015
CLX,2020-03-06,10.4,10.49,10.49,10.49,0,10.34,10.41,10.5,1.425,0.7494,-0.1321,0.0,0.0,0.0015
CLX,2020-03-09,10.14,10.57,9.79,10.4,2000,10.34,10.4,10.5,0.5867,0.0417,-0.9411,0.0005,0.0005,0.0016
CLX,2020-03-10,10.05,10.4,10.05,10.4,10200,10.38,10.38,10.51,0.1669,0.1669,-1.0065,0.0084,0.0082,0.0022
CLX,2020-03-11,10.4,10.4,10.4,10.4,0,10.38,10.38,10.51,0.1669,0.1669,-1.0391,0.0,0.0,0.0019
CLX,2020-03-12,9.62,11.27,9.53,11.27,41000,10.49,10.43,10.53,7.4381,8.0632,6.9959,0.0199,0.0223,0.0036
CLX,2020-03-13,10.31,10.4,9.53,10.4,2373,10.53,10.43,10.53,-1.2346,-0.2908,-1.2671,0.0014,0.0014,0.0034
CLX,2020-03-16,10.31,10.31,10.31,10.4,27,10.52,10.44,10.54,-1.1532,-0.3322,-1.2996,0.0,0.0,0.0031
CLX,2020-03-17,10.31,10.4,10.4,10.4,0,10.51,10.44,10.54,-1.0717,-0.3322,-1.332,0.0,0.0,0.003
CLX,2020-03-18,9.53,9.53,9.1,9.1,1500,10.38,10.33,10.52,-12.2807,-11.8758,-13.4806,-0.0011,-0.0012,0.0031
CLX,2020-03-19,9.53,9.53,9.53,9.53,1006,10.28,10.31,10.51,-7.2513,-7.4853,-9.2858,0.0,0.0,0.0031
CLX,2020-03-20,9.53,9.53,9.53,9.53,300,10.18,10.26,10.49,-6.383,-7.0946,-9.151,0.0,0.0,0.0031
CLX,2020-03-23,9.62,9.62,9.53,9.53,1100,10.1,10.22,10.49,-5.5794,-6.7006,-9.0759,-0.0005,-0.0005,0.0031
CLX,2020-03-24,9.53,9.53,9.53,9.53,2627,10.01,10.2,10.47,-4.7619,-6.5023,-8.9404,0.0,0.0,0.0023
CLX,2020-03-25,9.53,9.53,9.53,9.53,0,9.92,10.15,10.46,-3.9301,-6.1033,-8.8045,0.0,0.0,0.0023
CLX,2020-03-26,9.53,9.53,9.53,9.53,1000,9.75,10.12,10.44,-2.2222,-5.7816,-8.6682,0.0,0.0,0.0003
CLX,2020-03-27,9.53,9.53,9.53,9.53,0,9.66,10.1,10.42,-1.3453,-5.5794,-8.5315,0.0,0.0,0.0002
CLX,2020-03-30,9.53,9.53,9.53,9.53,1000,9.58,10.05,10.42,-0.4525,-5.1315,-8.4554,0.0,0.0,0.0002
CLX,2020-03-31,9.53,9.53,9.53,9.53,0,9.49,10.0,10.37,0.4566,-4.6794,-8.0729,0.0,0.0,0.0002
CLX,2020-04-01,9.53,9.53,9.53,9.53,0,9.53,9.95,10.32,0.0,-4.2229,-7.6096,0.0,0.0,0.0001
CLX,2020-04-03,9.36,9.36,9.36,9.36,1000,9.52,9.9,10.28,-1.6393,-5.429,-8.9529,0.0,0.0,0.0001
CLX,2020-04-06,9.88,9.88,9.53,9.62,800,9.53,9.86,10.25,1.0009,-2.3747,-6.1707,-0.0002,-0.0002,0.0001
CLX,2020-04-07,9.62,9.62,9.53,9.62,18000,9.53,9.82,10.22,0.9091,-1.9867,-5.9003,0.0128,0.0127,0.0013
CLX,2020-04-08,9.62,9.62,9.62,9.62,0,9.54,9.78,10.2,0.8174,-1.5957,-5.6283,0.0,0.0,0.0013
CLX,2020-04-09,10.05,10.23,10.05,10.23,300,9.61,9.77,10.16,6.4022,4.7028,0.6655,0.0002,0.0002,0.0013
CLX,2020-04-10,10.14,10.14,10.14,10.14,100,9.67,9.71,10.15,4.8387,4.4177,-0.1195,0.0,0.0,0.0013
CLX,2020-04-13,10.14,10.14,10.14,10.14,0,9.73,9.7,10.15,4.1852,4.5577,-0.0512,0.0,0.0,0.0013
CLX,2020-04-14,10.05,10.05,9.97,9.97,3200,9.78,9.68,10.15,1.9503,3.0004,-1.7598,-0.0025,-0.0028,0.0016
CLX,2020-04-15,10.14,10.14,10.14,10.14,100,9.84,9.66,10.14,3.0837,4.9328,0.0171,0.0,0.0,0.0016
CLX,2020-04-16,9.97,9.97,9.97,9.97,7400,9.88,9.71,10.13,0.8772,2.6786,-1.5917,0.0,0.0,0.0016
CLX,2020-04-17,10.23,10.4,9.97,10.31,11260,9.98,9.75,10.12,3.3884,5.8249,1.9011,0.0041,0.0042,0.002
CLX,2020-04-20,10.23,10.23,9.97,9.97,3200,10.01,9.77,10.11,-0.4329,2.0408,-1.3891,-0.0017,-0.0018,0.0021
CLX,2020-04-21,9.97,9.97,9.53,9.53,3600,10.0,9.77,10.09,-4.6794,-2.3958,-5.4658,-0.0014,-0.0015,0.001
CLX,2020-04-22,9.53,9.88,9.53,9.88,1700,10.03,9.79,10.07,-1.4694,0.9743,-1.8764,0.0013,0.0012,0.0011
CLX,2020-04-23,9.62,9.88,9.88,9.88,0,9.99,9.8,10.06,-1.1275,0.7957,-1.775,0.0,0.0,0.0011
CLX,2020-04-24,9.79,9.79,9.79,9.79,100,9.96,9.82,10.05,-1.6536,-0.2207,-2.5189,0.0,0.0,0.0011
CLX,2020-04-27,9.79,9.79,9.79,9.79,1000,9.92,9.83,10.04,-1.31,-0.3527,-2.4179,0.0,0.0,0.0011
CLX,2020-04-28,9.79,10.05,9.79,10.05,4210,9.93,9.86,10.03,1.2216,2.0229,0.2246,0.0046,0.0043,0.0013
CLX,2020-04-29,10.05,10.05,10.05,10.05,0,9.92,9.88,10.03,1.31,1.7544,0.294,0.0,0.0,0.0013
CLX,2020-05-04,10.05,10.05,10.05,10.05,0,9.93,9.91,10.0,1.2216,1.4873,0.5374,0.0,0.0,0.0013
CLX,2020-05-05,10.05,10.05,10.05,10.05,0,9.91,9.94,10.0,1.4873,1.1334,0.5199,0.0,0.0,0.0009
CLX,2020-05-06,9.88,10.05,9.62,9.88,2500,9.9,9.95,9.99,-0.1752,-0.7401,-1.1104,0.0004,0.0003,0.0008
CLX,2020-05-07,9.79,10.05,9.79,10.05,12900,9.95,9.98,9.99,1.0453,0.7819,0.6944,0.0107,0.0096,0.0017
CLX,2020-05-08,10.05,10.05,10.05,10.05,0,9.97,10.0,9.99,0.8696,0.5635,0.677,0.0,0.0,0.0016
CLX,2020-05-11,9.97,9.97,9.79,9.79,2300,9.96,9.98,9.97,-1.6536,-1.8245,-1.8074,-0.0015,-0.0013,0.0017
CLX,2020-05-12,9.79,9.97,9.79,9.97,3851,9.98,9.97,9.97,-0.0869,-0.0,-0.0174,0.0024,0.002,0.002
CLX,2020-05-13,9.97,9.97,9.71,9.71,2000,9.97,9.95,9.96,-2.6087,-2.3965,-2.5748,-0.0012,-0.001,0.0021
CLX,2020-05-14,10.05,10.05,9.97,10.05,6200,9.97,9.95,9.96,0.8696,1.0453,0.9925,0.0047,0.0043,0.0021
CLX,2020-05-15,9.97,9.97,9.97,9.97,5587,9.96,9.94,9.95,0.087,0.2615,0.2266,0.0,0.0,0.0021
CLX,2020-05-18,9.79,9.79,9.71,9.71,800,9.92,9.93,9.93,-2.1834,-2.2261,-2.2346,-0.0006,-0.0005,0.0022
CLX,2020-05-19,9.79,9.79,9.62,9.62,5000,9.88,9.89,9.91,-2.6316,-2.7595,-2.9381,-0.0032,-0.0028,0.0025
CLX,2020-05-20,9.62,9.97,9.53,9.97,2300,9.89,9.89,9.9,0.7888,0.7446,0.6652,0.0017,0.0013,0.0026
CLX,2020-05-21,9.88,9.97,9.71,9.71,4400,9.86,9.9,9.89,-1.4951,-1.9693,-1.8233,-0.003,-0.0024,0.0018
CLX,2020-05-22,9.79,9.97,9.79,9.97,1600,9.85,9.91,9.88,1.2324,0.6124,0.8949,0.0009,0.0009,0.0019
CLX,2020-05-25,9.97,10.05,9.53,9.97,15300,9.86,9.91,9.87,1.0545,0.5684,0.9835,0.0076,0.0069,0.0025
CLX,2020-05-26,9.71,10.23,9.71,9.97,4900,9.86,9.92,9.84,1.0545,0.4805,1.2502,-0.0,-0.0,0.0023
CLX,2020-05-27,9.97,10.05,9.79,10.05,4500,9.9,9.93,9.84,1.5762,1.2216,2.2026,0.0017,0.0014,0.0023
CLX,2020-05-28,10.14,10.14,9.79,10.14,2800,9.91,9.94,9.83,2.3622,2.0497,3.1382,0.0027,0.0024,0.0021
CLX,2020-05-29,9.79,9.79,9.71,9.71,2000,9.88,9.92,9.82,-1.7544,-2.1406,-1.1299,-0.0015,-0.0017,0.0023
CLX,2020-06-01,10.05,10.05,9.97,9.97,1200,9.91,9.92,9.84,0.6124,0.5245,1.3394,-0.0006,-0.0007,0.0023
CLX,2020-06-02,10.05,10.4,10.05,10.23,12200,9.97,9.92,9.85,2.6087,3.0568,3.8367,0.0,0.0,0.002
CLX,2020-06-03,9.88,10.23,9.88,10.23,2600,9.99,9.94,9.86,2.3417,2.8771,3.6907,0.0014,0.0017,0.0019
CLX,2020-06-04,10.31,10.4,10.23,10.4,9500,10.06,9.96,9.88,3.3591,4.4386,5.2631,0.0046,0.0047,0.0021
CLX,2020-06-05,10.49,11.79,10.49,11.79,56097,10.25,10.05,9.93,15.0592,17.3425,18.7565,0.0229,0.0332,0.0043
CLX,2020-06-08,12.05,12.48,11.96,12.05,18460,10.45,10.16,9.98,15.2571,18.6007,20.7646,-0.0048,-0.0068,0.004
CLX,2020-06-09,11.7,11.7,11.7,11.7,1320,10.63,10.25,10.02,10.1142,14.2132,16.782,0.0007,0.0007,0.0041
CLX,2020-06-10,10.31,10.83,10.23,10.57,5600,10.68,10.29,10.04,-0.974,2.7801,5.3177,0.0004,0.0004,0.004
CLX,2020-06-11,10.49,10.75,10.14,10.23,7830,10.69,10.3,10.05,-4.2984,-0.6734,1.7242,-0.0011,-0.0012,0.0038
CLX,2020-06-12,10.05,10.14,9.97,9.97,1724,10.71,10.3,10.06,-6.958,-3.1987,-0.9475,-0.0004,-0.0005,0.0037
CLX,2020-06-15,10.05,10.4,9.97,10.05,3440,10.72,10.31,10.07,-6.2247,-2.521,-0.1893,-0.0009,-0.0008,0.0037
CLX,2020-06-16,10.14,10.92,10.14,10.57,700,10.76,10.36,10.1,-1.6922,2.0494,4.721,0.0,0.0,0.0037
CLX,2020-06-17,10.23,10.83,10.23,10.4,1400,10.77,10.38,10.11,-3.4594,0.1669,2.8454,-0.0004,-0.0005,0.0036
CLX,2020-06-18,10.23,10.31,10.14,10.14,3300,10.75,10.41,10.12,-5.6451,-2.5406,0.1712,-0.0033,-0.0032,0.0035
CLX,2020-06-19,10.31,11.27,10.31,11.18,2900,10.69,10.47,10.16,4.6229,6.8323,10.1059,0.0011,0.0012,0.0013
CLX,2020-06-22,10.83,10.83,10.83,10.83,1100,10.57,10.51,10.17,2.543,3.0927,6.5643,0.0,0.0,0.0008
CLX,2020-06-23,10.83,10.83,10.83,10.83,30,10.48,10.55,10.18,3.3912,2.6694,6.4192,0.0,0.0,0.0008
CLX,2020-06-24,10.66,10.66,10.23,10.23,3000,10.44,10.56,10.18,-2.0747,-3.1596,0.4427,-0.0017,-0.002,0.0009
CLX,2020-06-25,10.4,10.23,10.23,10.23,0,10.44,10.57,10.19,-2.0747,-3.1993,0.3914,0.0,0.0,0.0008
CLX,2020-06-26,10.4,10.4,10.4,10.4,500,10.49,10.6,10.19,-0.8265,-1.8807,2.0408,0.0,0.0,0.0007
CLX,2020-06-29,10.4,10.4,10.14,10.14,5503,10.5,10.61,10.2,-3.3856,-4.4118,-0.544,-0.0033,-0.0039,0.001
CLX,2020-06-30,10.23,10.14,10.14,10.14,0,10.45,10.61,10.19,-2.9851,-4.3727,-0.5102,0.0,0.0,0.001
CLX,2020-07-01,10.31,10.31,10.23,10.23,4000,10.44,10.61,10.2,-1.9933,-3.5553,0.289,-0.0031,-0.0032,0.0012
CLX,2020-07-02,10.4,10.4,10.4,10.4,5400,10.46,10.61,10.22,-0.58,-1.9207,1.8157,0.0,0.0,0.0009
CLX,2020-07-03,10.4,10.4,10.4,10.4,2903,10.38,10.54,10.23,0.1669,-1.2752,1.7121,0.0,0.0,0.0008
CLX,2020-07-06,10.66,10.66,10.66,10.66,2005,10.37,10.47,10.24,2.8428,1.8634,4.0962,0.0,0.0,0.0008
CLX,2020-07-07,10.75,10.75,10.75,10.75,2220,10.36,10.42,10.26,3.7657,3.1614,4.7475,0.0,0.0,0.0008
CLX,2020-07-08,10.57,10.66,10.57,10.66,2000,10.4,10.42,10.28,2.5,2.2869,3.7275,0.0026,0.0025,0.0009
CLX,2020-07-09,10.66,10.66,10.66,10.66,0,10.44,10.44,10.29,2.0747,2.0747,3.6051,0.0,0.0,0.0009
CLX,2020-07-10,10.4,10.66,10.31,10.66,5800,10.47,10.48,10.3,1.8212,1.737,3.4831,0.0065,0.006,0.0015
CLX,2020-07-13,10.66,10.75,10.57,10.57,6300,10.51,10.51,10.31,0.5771,0.6601,2.5382,-0.007,-0.0064,0.0019
CLX,2020-07-14,10.57,10.57,10.57,10.57,2600,10.56,10.51,10.32,0.1642,0.6601,2.4349,0.0,0.0,0.0019
CLX,2020-07-15,10.57,10.57,10.57,10.57,0,10.59,10.51,10.34,-0.1637,0.5771,2.2975,0.0,0.0,0.0016
CLX,2020-07-16,10.66,10.83,10.66,10.83,4100,10.64,10.55,10.35,1.8744,2.7115,4.655,0.0036,0.0031,0.002
CLX,2020-07-17,10.83,10.83,10.66,10.66,7304,10.66,10.52,10.36,0.0,1.318,2.86,-0.0068,-0.0068,0.0026
CLX,2020-07-20,10.83,10.66,10.66,10.66,0,10.66,10.51,10.38,0.0,1.4015,2.6883,0.0,0.0,0.0026
CLX,2020-07-21,10.66,10.75,10.66,10.83,801,10.67,10.51,10.4,1.5434,3.0502,4.184,0.0027,0.0024,0.0029
CLX,2020-07-22,10.75,10.75,10.75,10.75,1000,10.68,10.54,10.42,0.6494,1.9737,3.1443,0.0,0.0,0.0027
CLX,2020-07-23,10.66,10.66,10.66,10.66,2000,10.68,10.56,10.43,-0.1623,0.9438,2.1934,0.0,0.0,0.0027
CLX,2020-07-24,10.66,10.66,10.66,10.66,0,10.68,10.57,10.45,-0.1623,0.8197,2.0578,0.0,0.0,0.002
CLX,2020-07-27,10.23,10.23,9.71,9.71,7827,10.59,10.55,10.45,-8.347,-8.0082,-7.0693,-0.0025,-0.0026,0.0016
CLX,2020-07-28,9.88,10.05,9.88,10.05,1700,10.54,10.55,10.46,-4.6053,-4.6837,-3.8302,0.0008,0.0008,0.0016
CLX,2020-07-29,9.97,9.97,9.88,9.88,4700,10.47,10.53,10.45,-5.6292,-6.1729,-5.4727,-0.0038,-0.0038,0.002
CLX,2020-07-30,9.88,9.88,9.88,10.06,10,10.39,10.51,10.46,-3.2297,-4.3453,-3.8532,0.0,0.0,0.0017
CLX,2020-07-31,10.59,10.59,9.7,9.7,8050,10.3,10.48,10.46,-5.7574,-7.3947,-7.18,-0.0092,-0.0079,0.0019
CLX,2020-08-03,10.5,10.5,10.41,10.41,1200,10.27,10.47,10.46,1.3439,-0.5406,-0.5136,-0.0007,-0.0008,0.002
CLX,2020-08-04,10.32,10.5,9.79,10.5,4000,10.24,10.45,10.47,2.5385,0.4221,0.2279,0.003,0.0036,0.002
CLX,2020-08-05,10.5,10.59,10.5,10.5,4600,10.21,10.45,10.48,2.7891,0.5004,0.143,-0.0034,-0.0031,0.0023
CLX,2020-08-06,10.59,10.59,10.41,10.41,3300,10.19,10.43,10.49,2.1767,-0.2241,-0.7494,-0.0034,-0.0034,0.0027
CLX,2020-08-07,10.5,10.5,10.5,10.5,1010,10.17,10.43,10.5,3.2077,0.7,-0.0589,0.0,0.0,0.0027
CLX,2020-08-10,10.5,10.5,10.5,10.5,10,10.25,10.42,10.52,2.4118,0.7369,-0.1598,0.0,0.0,0.0024
CLX,2020-08-11,10.5,10.5,10.5,10.5,3800,10.3,10.42,10.52,1.9704,0.7738,-0.2111,0.0,0.0,0.0024
CLX,2020-08-12,10.59,10.59,10.5,10.5,4500,10.36,10.41,10.53,1.3629,0.8107,-0.2624,-0.0045,-0.0044,0.0024
CLX,2020-08-13,10.59,10.59,10.41,10.59,1300,10.41,10.4,10.53,1.6949,1.7791,0.5404,0.0011,0.001,0.0025
CLX,2020-08-14,10.32,10.32,10.32,10.32,888,10.47,10.38,10.5,-1.4322,-0.6032,-1.6994,0.0,0.0,0.0016
CLX,2020-08-17,10.06,10.15,10.06,10.15,4000,10.45,10.36,10.46,-2.8716,-2.059,-3.0283,0.0032,0.0034,0.0019
CLX,2020-08-18,10.15,10.15,10.15,10.15,0,10.41,10.32,10.43,-2.5424,-1.7321,-2.739,0.0,0.0,0.0016
CLX,2020-08-19,10.59,10.59,10.23,10.23,26000,10.38,10.3,10.42,-1.4444,-0.6301,-1.8291,-0.0234,-0.0219,0.0036
CLX,2020-08-20,10.41,10.41,10.32,10.32,5000,10.37,10.28,10.43,-0.5102,0.392,-1.0007,-0.0042,-0.0036,0.0036
CLX,2020-08-21,10.41,10.41,10.41,10.41,200,10.37,10.27,10.44,0.4256,1.3739,-0.2391,0.0,0.0,0.0036
CLX,2020-08-24,10.59,10.59,10.41,10.41,4200,10.36,10.3,10.44,0.5111,1.0285,-0.307,-0.0025,-0.0025,0.0039
CLX,2020-08-25,10.5,10.5,10.41,10.41,1700,10.35,10.32,10.44,0.5968,0.8545,-0.2756,-0.0009,-0.0008,0.004
CLX,2020-08-26,10.59,10.76,10.59,10.76,1212,10.37,10.37,10.45,3.7415,3.8297,3.0334,0.0007,0.0007,0.0036
CLX,2020-08-27,10.59,10.59,10.59,10.59,12202,10.37,10.39,10.46,2.0408,1.8676,1.2581,-0.0086,-0.0079,0.0043
CLX,2020-08-28,10.59,12.17,10.59,11.47,22180,10.49,10.48,10.46,9.3356,9.4276,9.636,0.0012,0.0013,0.0045
CLX,2020-08-31,11.03,11.03,11.03,11.03,104,10.58,10.51,10.46,4.2535,4.9098,5.3803,0.0,0.0,0.0041
CLX,2020-09-01,11.03,11.12,11.03,11.03,16300,10.67,10.54,10.47,3.3912,4.6463,5.3415,-0.0112,-0.0092,0.0053
CLX,2020-09-03,11.47,11.47,11.2,11.47,5108,10.79,10.59,10.49,6.296,8.3333,9.296,0.0034,0.003,0.0033
CLX,2020-09-04,11.47,12.53,11.47,12.26,18986,10.98,10.68,10.53,11.6466,14.8286,16.4112,0.0063,0.0055,0.0035
CLX,2020-09-07,11.73,11.73,11.65,11.65,16200,11.11,10.74,10.56,4.8452,8.4635,10.2884,-0.0064,-0.0064,0.0041
CLX,2020-09-08,11.65,12.35,11.65,12.35,1110,11.3,10.83,10.6,9.2896,14.0529,16.4849,0.0008,0.0008,0.0039
CLX,2020-09-09,11.73,12.17,11.73,12.17,400,11.48,10.91,10.64,6.0723,11.5602,14.3822,0.0002,0.0002,0.0039
CLX,2020-09-10,12.35,12.35,11.73,12.26,1400,11.63,11.0,10.68,5.4628,11.4675,14.7722,0.0006,0.0006,0.0039
CLX,2020-09-11,11.82,12.17,11.73,11.73,2100,11.74,11.06,10.71,-0.0751,6.1029,9.5448,-0.0015,-0.0016,0.0032
CLX,2020-09-14,11.65,11.91,11.47,11.91,2300,11.79,11.14,10.74,1.0479,6.9307,10.8797,0.0012,0.0013,0.0032
CLX,2020-09-15,11.47,11.91,11.38,11.38,2580,11.82,11.2,10.76,-3.7313,1.6148,5.8101,-0.0016,-0.0017,0.0033
CLX,2020-09-16,11.56,11.56,11.12,11.12,4500,11.83,11.25,10.76,-6.0403,-1.1765,3.2787,-0.0029,-0.0032,0.0025
CLX,2020-09-17,11.47,12.26,11.47,11.91,1800,11.87,11.33,10.79,0.2972,5.0992,10.3996,0.0001,0.0001,0.0022
CLX,2020-09-18,11.47,11.47,11.2,11.47,1300,11.8,11.39,10.8,-2.7674,0.6971,6.1519,0.0007,0.0007,0.0016
CLX,2020-09-21,11.29,11.38,11.29,11.38,1338,11.77,11.44,10.82,-3.2983,-0.5013,5.1953,0.0006,0.0006,0.001
CLX,2020-09-22,11.29,11.38,11.2,11.2,2100,11.65,11.48,10.83,-3.8607,-2.3828,3.4439,-0.0011,-0.001,0.0011
CLX,2020-09-23,11.2,11.47,11.2,11.47,1800,11.58,11.53,10.85,-0.9901,-0.5356,5.713,0.0013,0.0011,0.0012
CLX,2020-09-24,11.29,12.26,11.29,11.91,1500,11.55,11.59,10.88,3.1322,2.7788,9.5093,0.0003,0.0003,0.0011
CLX,2020-09-25,11.82,11.82,11.38,11.38,303,11.51,11.63,10.89,-1.1494,-2.1244,4.5373,-0.0002,-0.0002,0.001
CLX,2020-09-28,11.91,11.91,11.91,11.91,1800,11.51,11.65,10.91,3.4483,2.234,9.1491,0.0,0.0,0.0009
CLX,2020-09-29,11.47,11.47,11.47,11.47,100,11.52,11.67,10.93,-0.4594,-1.7385,4.9512,0.0,0.0,0.0007
CLX,2020-09-30,11.47,11.47,11.47,11.47,0,11.56,11.69,10.94,-0.7634,-1.9238,4.8296,0.0,0.0,0.0004
CLX,2020-10-01,11.47,11.65,11.29,11.29,4000,11.5,11.69,10.95,-1.7651,-3.3597,3.1142,-0.0022,-0.0022,0.0006
CLX,2020-10-02,11.38,11.47,11.38,11.38,3500,11.49,11.64,10.97,-0.9216,-2.2357,3.7835,-0.0019,-0.0021,0.0008
CLX,2020-10-05,11.29,11.29,11.03,11.2,3500,11.47,11.62,10.98,-2.3077,-3.5688,2.0733,0.0005,0.0005,0.0007
CLX,2020-10-06,11.38,11.65,11.38,11.65,6300,11.51,11.58,11.02,1.1495,0.5332,5.7189,0.0028,0.0029,0.0009
CLX,2020-10-07,11.82,11.91,11.82,11.91,500,11.56,11.57,11.05,3.0534,2.9356,7.7585,0.0002,0.0002,0.0008
CLX,2020-10-08,11.91,11.91,11.82,11.82,1400,11.55,11.55,11.09,2.3682,2.3682,6.5861,-0.0006,-0.0006,0.0008
CLX,2020-10-09,11.82,12.26,11.82,12.26,8300,11.64,11.57,11.14,5.3829,5.9451,10.1252,0.0052,0.0054,0.0013
CLX,2020-10-12,11.82,11.82,11.73,11.73,2500,11.62,11.57,11.18,0.9871,1.4493,4.989,-0.001,-0.0009,0.0014
CLX,2020-10-13,11.73,11.91,11.73,11.73,3000,11.65,11.58,11.2,0.7576,1.2948,4.7409,-0.0021,-0.0019,0.0017
CLX,2020-10-14,11.91,11.91,11.91,11.91,1700,11.69,11.62,11.23,1.8868,2.4668,6.0487,0.0,0.0,0.0017
CLX,2020-10-15,11.91,11.91,11.56,11.56,600,11.72,11.61,11.25,-1.3554,-0.4181,2.7128,-0.0002,-0.0002,0.0015
CLX,2020-10-16,11.82,11.91,11.82,11.91,8400,11.77,11.63,11.28,1.1994,2.4279,5.5677,0.0042,0.0037,0.0017
CLX,2020-10-19,12.35,12.35,11.56,11.56,3200,11.8,11.64,11.3,-2.0927,-0.6824,2.2479,-0.0018,-0.0016,0.0018
CLX,2020-10-20,11.56,11.91,11.56,11.73,5400,11.81,11.66,11.33,-0.6721,0.6052,3.5826,0.0,0.0,0.0015
CLX,2020-10-21,11.65,11.73,11.65,11.73,1700,11.8,11.68,11.35,-0.5235,0.4911,3.3572,0.0006,0.0006,0.0016
CLX,2020-10-22,11.91,11.91,11.91,11.91,1000,11.8,11.68,11.38,0.8968,2.0023,4.6512,0.0,0.0,0.0015
CLX,2020-10-23,11.73,11.73,11.73,11.73,100,11.75,11.69,11.4,-0.1501,0.3395,2.8934,0.0,0.0,0.001
CLX,2020-10-26,11.56,11.56,11.47,11.47,1300,11.72,11.67,11.43,-2.1821,-1.7385,0.3706,-0.0004,-0.0003,0.0009
CLX,2020-10-27,11.38,11.47,11.29,11.47,2400,11.7,11.67,11.45,-1.9608,-1.7385,0.1386,0.0009,0.0009,0.0008
CLX,2020-10-28,11.82,11.82,11.12,11.12,4000,11.62,11.65,11.47,-4.328,-4.6177,-3.1068,-0.0014,-0.0012,0.001
CLX,2020-10-29,10.85,10.85,10.85,10.85,1000,11.55,11.63,11.48,-6.0351,-6.7121,-5.5154,0.0,0.0,0.0009
CLX,2020-10-30,11.2,11.38,11.12,11.2,2200,11.48,11.62,11.5,-2.3828,-3.6054,-2.5925,-0.0005,-0.0004,0.0006
CLX,2020-11-02,10.5,11.73,10.5,11.73,1000,11.5,11.65,11.53,2.0722,0.7194,1.7754,0.0006,0.0006,0.0004
CLX,2020-11-03,11.2,11.2,11.12,11.12,1500,11.43,11.62,11.54,-2.7778,-4.3643,-3.6992,-0.0011,-0.0009,0.0006
CLX,2020-11-04,11.91,11.91,11.91,11.91,100,11.45,11.62,11.57,4.0062,2.4668,2.912,0.0,0.0,0.0005
CLX,2020-11-05,11.73,11.73,11.73,11.73,100,11.43,11.62,11.59,2.6235,0.9871,1.2177,0.0,0.0,0.0005
CLX,2020-11-06,11.82,11.82,11.38,11.47,4500,11.41,11.58,11.61,0.5414,-0.9524,-1.2158,-0.0026,-0.0022,0.0008
CLX,2020-11-09,11.56,11.56,11.47,11.47,15300,11.41,11.57,11.61,0.5414,-0.8391,-1.2158,-0.0078,-0.0063,0.0015
CLX,2020-11-10,11.91,11.91,11.47,11.91,10200,11.45,11.57,11.63,4.0062,2.8963,2.4279,0.0039,0.0034,0.0018
CLX,2020-11-11,11.91,11.91,11.91,11.91,0,11.53,11.57,11.65,3.29,2.8963,2.2727,0.0,0.0,0.0017
CLX,2020-11-12,11.65,11.65,11.65,11.65,1300,11.61,11.58,11.65,0.304,0.5715,-0.0303,0.0,0.0,0.0017
CLX,2020-11-13,11.91,11.91,11.91,11.91,100,11.68,11.58,11.64,1.9637,2.8571,2.3037,0.0,0.0,0.0016
CLX,2020-11-16,11.91,11.91,11.91,11.91,1000,11.7,11.6,11.65,1.8099,2.7006,2.2572,0.0,0.0,0.0015
CLX,2020-11-17,11.38,11.82,11.38,11.82,3200,11.77,11.6,11.64,0.4498,1.9011,1.5921,0.0011,0.001,0.0015
CLX,2020-11-18,11.56,11.56,11.56,11.56,1000,11.73,11.59,11.62,-1.5038,-0.3044,-0.5768,0.0,0.0,0.0015
CLX,2020-11-19,11.65,11.65,11.56,11.56,3100,11.72,11.57,11.61,-1.3554,-0.1525,-0.456,-0.0015,-0.0011,0.0017
CLX,2020-11-20,11.65,11.65,11.65,11.65,2000,11.73,11.57,11.61,-0.7518,0.6482,0.3192,0.0,0.0,0.0014
CLX,2020-11-23,11.65,11.65,11.65,11.65,1300,11.75,11.58,11.6,-0.9009,0.5715,0.365,0.0,0.0,0.0006
CLX,2020-11-24,11.65,11.82,11.65,11.82,1700,11.74,11.6,11.61,0.6762,1.9399,1.8082,0.001,0.0008,0.0004
CLX,2020-11-25,11.73,12.09,11.73,11.91,6700,11.74,11.64,11.63,1.4275,2.3503,2.4279,-0.0,-0.0,0.0004
CLX,2020-11-26,12.09,12.35,12.09,12.35,5700,11.81,11.71,11.64,4.5556,5.4614,6.141,0.0027,0.0024,0.0006
CLX,2020-11-27,12.17,12.17,12.0,12.0,8000,11.82,11.75,11.65,1.4925,2.1021,3.0147,-0.0037,-0.0032,0.001
CLX,2020-11-30,12.09,12.09,11.91,12.0,14700,11.83,11.76,11.66,1.4168,1.9872,2.9055,-0.0,-0.0,0.001
CLX,2020-12-01,12.0,12.0,11.82,11.82,1800,11.83,11.8,11.67,-0.0746,0.1869,1.285,-0.0005,-0.0004,0.0009
CLX,2020-12-02,12.17,12.17,12.17,12.17,1000,11.89,11.81,11.69,2.3739,3.062,4.1824,0.0,0.0,0.0009
CLX,2020-12-03,12.17,12.26,12.0,12.0,2500,11.94,11.83,11.69,0.5173,1.4547,2.657,-0.001,-0.0009,0.0009
CLX,2020-12-04,12.35,13.67,12.35,13.32,33200,12.1,11.92,11.73,10.0583,11.769,13.6021,0.0061,0.0061,0.0015
CLX,2020-12-07,13.67,13.67,13.23,13.59,26100,12.3,12.02,11.76,10.4735,12.9861,15.5289,0.006,0.0063,0.0021
CLX,2020-12-08,13.67,13.67,13.32,13.32,6400,12.45,12.1,11.8,7.0163,10.1386,12.9225,-0.003,-0.0031,0.0023
CLX,2020-12-09,12.88,13.67,12.88,13.59,325100,12.62,12.18,11.84,7.6923,11.5538,14.7541,0.0861,0.0921,0.0109
CLX,2020-12-10,14.12,15.26,13.59,15.17,446200,12.9,12.36,11.92,17.6471,22.8133,27.332,0.107,0.127,0.0213
CLX,2020-12-11,15.35,16.14,14.91,14.91,32410,13.19,12.51,11.99,13.0435,19.224,24.3744,-0.0115,-0.0112,0.0221
CLX,2020-12-14,15.17,15.44,15.0,15.09,94621,13.5,12.66,12.07,11.7647,19.1223,25.0366,-0.0205,-0.0189,0.0242
CLX,2020-12-15,15.09,15.17,14.91,14.91,42370,13.81,12.82,12.13,7.9872,16.3111,22.9091,-0.0157,-0.0169,0.0257
CLX,2020-12-16,15.0,15.09,14.73,15.0,19600,14.09,12.99,12.19,6.4496,15.4499,23.0101,0.0034,0.004,0.026
CLX,2020-12-17,15.0,15.0,14.38,15.0,7200,14.39,13.16,12.26,4.2305,13.941,22.3726,0.0023,0.0023,0.0262
CLX,2020-12-18,14.73,15.44,14.73,15.44,27100,14.6,13.35,12.32,5.7402,15.626,25.3222,0.0085,0.0098,0.0264
CLX,2020-12-21,15.44,15.44,15.17,15.17,26800,14.76,13.53,12.39,2.8093,12.1617,22.4897,-0.0078,-0.0092,0.0266
CLX,2020-12-22,15.09,15.44,15.0,15.26,10700,14.95,13.7,12.46,2.0649,11.3973,22.5039,0.0005,0.0007,0.0263
CLX,2020-12-23,15.0,15.44,15.0,15.44,246060,15.14,13.88,12.53,1.9813,11.2524,23.2221,0.0578,0.0748,0.0235
CLX,2020-12-24,15.44,16.76,15.26,16.06,475300,15.23,14.06,12.62,5.4461,14.1782,27.2371,0.0115,0.016,0.014
CLX,2020-12-25,16.32,16.32,15.88,15.88,21400,15.32,14.26,12.7,3.627,11.3862,25.0521,-0.0052,-0.0063,0.0133
CLX,2020-12-28,15.09,16.76,15.09,16.76,400,15.49,14.49,12.8,8.2005,15.6422,30.9262,0.0001,0.0002,0.0113
CLX,2020-12-29,15.97,15.97,15.35,15.44,21050,15.54,14.68,12.88,-0.6811,5.1999,19.8958,-0.0055,-0.0054,0.0103
CLX,2020-12-30,15.62,15.62,15.44,15.62,12210,15.61,14.85,12.95,0.0565,5.1694,20.5394,0.0037,0.0043,0.0103
CLX,2020-12-31,15.44,15.53,15.44,15.53,10559,15.66,15.02,13.03,-0.8451,3.3471,19.1928,0.0043,0.0043,0.0105
CLX,2021-01-04,15.44,15.44,15.17,15.44,11400,15.66,15.13,13.1,-1.4085,2.0408,17.8451,0.0034,0.0035,0.01
CLX,2021-01-05,15.0,15.17,15.0,15.17,11264,15.66,15.21,13.18,-3.0986,-0.232,15.1734,0.0037,0.004,0.0096
CLX,2021-01-06,15.17,15.17,15.17,15.17,2500,15.65,15.3,13.25,-3.044,-0.836,14.5292,0.0,0.0,0.0095
CLX,2021-01-07,15.17,15.35,15.0,15.0,2520,15.61,15.37,13.33,-3.9005,-2.439,12.538,-0.0005,-0.0006,0.0038
CLX,2021-01-08,15.09,15.7,14.73,15.7,6210,15.57,15.4,13.42,0.8499,1.9765,16.9821,0.0019,0.0021,0.0028
CLX,2021-01-11,15.0,15.0,14.82,14.82,4700,15.47,15.39,13.5,-4.1643,-3.7249,9.8183,-0.0011,-0.0011,0.0024
CLX,2021-01-12,15.17,15.26,15.0,15.26,2900,15.32,15.4,13.57,-0.3456,-0.9164,12.4984,0.0009,0.0009,0.0025
CLX,2021-01-13,15.0,15.26,15.0,15.26,1100,15.3,15.42,13.65,-0.2307,-1.0297,11.8149,0.0003,0.0003,0.002
CLX,2021-01-14,14.38,15.62,14.38,15.62,200,15.3,15.45,13.72,2.0761,1.0562,13.7825,0.0,0.0001,0.0016
CLX,2021-01-15,15.17,15.62,15.17,15.26,20500,15.27,15.47,13.79,-0.0578,-1.312,10.6421,-0.0035,-0.0036,0.0015
CLX,2021-01-18,15.0,15.7,15.0,15.7,1500,15.3,15.48,13.88,2.6528,1.4534,13.1452,0.0004,0.0004,0.0012
CLX,2021-01-19,15.0,15.0,14.56,14.56,6000,15.24,15.45,13.94,-4.4586,-5.7682,4.4171,-0.0009,-0.001,0.001
CLX,2021-01-20,15.0,15.0,14.56,14.73,3100,15.19,15.42,14.0,-3.0197,-4.4622,5.2565,-0.0002,-0.0002,0.001
CLX,2021-01-21,14.73,15.17,14.73,15.17,7300,15.21,15.41,14.06,-0.232,-1.5173,7.9047,0.0016,0.0016,0.0011
CLX,2021-01-22,15.17,15.17,15.09,15.09,1700,15.15,15.36,14.13,-0.4077,-1.7806,6.7549,-0.0005,-0.0005,0.0009
CLX,2021-01-25,15.0,15.0,15.0,15.0,15600,15.17,15.32,14.19,-1.1053,-2.0738,5.6688,0.0,0.0,0.0008
CLX,2021-01-26,15.0,15.44,15.0,15.0,16700,15.14,15.23,14.25,-0.9324,-1.5064,5.211,-0.0042,-0.0046,0.0012
CLX,2021-01-27,15.17,15.17,14.56,15.09,9000,15.12,15.21,14.32,-0.2333,-0.812,5.3475,0.0013,0.0014,0.0013
CLX,2021-01-28,15.0,15.0,13.23,14.82,14800,15.04,15.17,14.39,-1.4663,-2.2972,3.0296,0.0018,0.0019,0.0014
CLX,2021-01-29,13.32,14.56,13.32,14.56,1400,14.97,15.12,14.45,-2.7696,-3.734,0.7695,0.0004,0.0003,0.0011
CLX,2021-02-01,14.91,14.91,13.76,13.76,5100,14.78,15.04,14.49,-6.8656,-8.4775,-5.0054,-0.0011,-0.0012,0.0012
CLX,2021-02-02,13.85,13.85,13.5,13.5,2000,14.67,14.95,14.52,-7.9976,-9.7345,-7.07,-0.0005,-0.0004,0.0012
CLX,2021-02-03,14.12,14.91,14.12,14.91,7300,14.69,14.94,14.59,1.5015,-0.2067,2.2136,0.0018,0.0018,0.0013
CLX,2021-02-04,15.0,15.0,14.56,15.0,2400,14.67,14.94,14.65,2.2249,0.3838,2.3849,0.0013,0.0012,0.0013
CLX,2021-02-05,14.38,14.91,14.38,14.73,2100,14.64,14.89,14.7,0.6631,-1.0663,0.2521,0.0002,0.0002,0.0013
CLX,2021-02-08,14.56,15.0,14.56,15.0,5100,14.64,14.9,14.76,2.4713,0.6512,1.6381,0.0016,0.0016,0.0014
CLX,2021-02-09,14.56,14.56,14.56,14.56,500,14.59,14.87,14.81,-0.2419,-2.0772,-1.6921,0.0,0.0,0.001
CLX,2021-02-17,14.56,15.0,14.56,15.0,57500,14.58,14.85,14.87,2.8433,0.9801,0.8543,0.0137,0.0123,0.0023
CLX,2021-02-18,14.64,15.17,14.56,15.17,2301,14.62,14.83,14.93,3.8021,2.3201,1.6308,0.0009,0.0007,0.0022
CLX,2021-02-19,15.0,15.0,15.0,15.0,100,14.66,14.82,14.99,2.2864,1.2206,0.0471,0.0,0.0,0.0021
CLX,2021-02-22,15.0,15.0,14.73,15.0,7200,14.79,14.78,15.02,1.432,1.4622,-0.1762,0.0028,0.0026,0.0023
CLX,2021-02-23,15.0,15.26,15.0,15.09,9000,14.94,14.81,15.05,0.9445,1.8767,0.211,-0.0011,-0.0011,0.0024
CLX,2021-02-24,15.0,15.17,15.0,15.17,2500,14.97,14.83,15.09,1.3554,2.3201,0.5495,0.0008,0.0009,0.0023
CLX,2021-02-25,15.09,15.09,15.09,15.09,1100,14.98,14.83,15.12,0.7067,1.7555,-0.2333,0.0,0.0,0.0021
CLX,2021-02-26,14.56,15.17,14.56,14.91,5200,15.0,14.82,15.12,-0.5882,0.6252,-1.3657,0.0002,0.0002,0.0021
CLX,2021-03-01,15.0,15.0,14.73,14.73,6100,14.97,14.8,15.11,-1.591,-0.4767,-2.5102,-0.0013,-0.0013,0.0021
CLX,2021-03-02,14.73,15.0,14.64,14.91,10400,15.01,14.8,15.11,-0.6467,0.7451,-1.3196,0.002,0.0018,0.0023
CLX,2021-03-03,15.0,15.0,14.82,14.91,7200,15.0,14.79,15.11,-0.5882,0.8052,-1.3196,0.0,0.0,0.0009
CLX,2021-03-04,14.73,14.82,14.56,14.82,21400,14.96,14.79,15.11,-0.9434,0.2088,-1.8806,0.0066,0.0063,0.0015
CLX,2021-03-05,14.91,14.91,14.64,14.64,5600,14.93,14.79,15.1,-1.8912,-1.0137,-3.0034,-0.0014,-0.0013,0.0016
CLX,2021-03-08,14.91,15.0,14.82,14.82,14704,14.91,14.85,15.09,-0.5917,-0.1782,-1.7544,-0.0043,-0.0044,0.0018
CLX,2021-03-09,15.0,15.0,14.91,14.91,7506,14.89,14.92,15.08,0.1185,-0.0591,-1.1349,-0.0023,-0.0021,0.0019
CLX,2021-03-10,15.44,15.44,14.64,15.0,7400,14.87,14.92,15.08,0.8303,0.5025,-0.515,-0.0003,-0.0003,0.0018
CLX,2021-03-11,15.0,15.0,14.64,14.91,11221,14.86,14.92,15.06,0.3563,-0.0591,-1.0307,0.0017,0.0018,0.002
CLX,2021-03-12,14.82,15.0,14.82,14.91,19400,14.86,14.93,15.04,0.3563,-0.1182,-0.8798,0.0,0.0,0.002
CLX,2021-03-15,15.0,15.0,15.0,15.0,7000,14.88,14.93,15.02,0.7706,0.4728,-0.1762,-0.0022,-0.0022,0.0021
CLX,2021-03-16,15.0,17.2,15.0,17.2,197100,15.11,15.06,15.03,13.8354,14.2355,14.4366,0.0734,0.0868,0.0092
CLX,2021-03-17,18.53,19.41,18.53,19.41,195602,15.56,15.28,15.11,24.7166,27.0208,28.4297,0.0562,0.0719,0.0148
CLX,2021-03-18,19.41,19.94,17.64,18.09,70332,15.89,15.43,15.16,13.8257,17.2434,19.2832,-0.015,-0.0162,0.0157
CLX,2021-03-19,18.7,18.7,17.2,17.73,95143,16.2,15.56,15.21,9.4771,13.9456,16.6164,-0.0083,-0.0084,0.0164
CLX,2021-03-22,17.82,20.29,17.82,20.29,158600,16.74,15.83,15.3,21.1802,28.2051,32.5954,0.0544,0.0687,0.0214
CLX,2021-03-23,20.03,20.73,19.23,19.85,82300,17.24,16.07,15.4,15.1484,23.5585,28.9251,-0.0056,-0.0072,0.0217
CLX,2021-03-24,19.41,19.41,18.17,18.79,46504,17.62,16.25,15.47,6.66,15.6666,21.4783,-0.0,-0.0,0.0217
CLX,2021-03-25,18.53,19.41,18.44,18.44,56600,17.97,16.41,15.54,2.6019,12.3354,18.6691,-0.0209,-0.0252,0.0236
CLX,2021-03-26,18.44,18.7,17.64,18.35,36602,18.31,16.59,15.59,0.1927,10.6383,17.7003,0.0029,0.0037,0.0239
CLX,2021-03-29,18.44,18.53,18.09,18.53,33300,18.67,16.78,15.66,-0.7561,10.4391,18.2699,0.0087,0.0119,0.0245
CLX,2021-03-30,18.61,19.67,18.35,19.41,150300,18.89,17.0,15.75,2.7557,14.1671,23.2493,0.0251,0.0304,0.0197
CLX,2021-03-31,19.5,19.5,18.53,19.32,37100,18.88,17.22,15.83,2.3365,12.1926,22.06,0.0069,0.0091,0.0148
CLX,2021-04-01,18.7,18.88,18.35,18.44,20300,18.91,17.4,15.89,-2.5186,5.9569,16.0725,-0.003,-0.0033,0.0136
CLX,2021-04-02,18.35,18.61,18.35,18.61,42000,19.0,17.6,15.95,-2.0427,5.7644,16.6906,0.0163,0.0185,0.0144
CLX,2021-04-05,18.61,18.61,17.82,18.53,35600,18.83,17.79,16.01,-1.5932,4.1667,15.728,0.0087,0.0106,0.0098
CLX,2021-04-06,18.61,18.61,18.0,18.35,15538,18.68,17.96,16.08,-1.7478,2.1862,14.0851,0.0006,0.0007,0.0093
CLX,2021-04-07,18.17,18.17,17.82,18.17,50200,18.61,18.12,16.15,-2.3697,0.3165,12.5068,0.0156,0.016,0.0109
CLX,2021-04-08,17.91,18.0,17.64,17.64,42300,18.54,18.25,16.2,-4.8072,-3.3349,8.8969,-0.016,-0.0185,0.0104
CLX,2021-04-09,18.09,19.14,17.47,18.53,36000,18.55,18.43,16.27,-0.1426,0.5025,13.8582,0.0033,0.0038,0.0104
CLX,2021-04-12,18.97,19.85,18.53,18.97,49700,18.6,18.63,16.35,1.9924,1.7992,16.003,-0.0037,-0.0045,0.0099
CLX,2021-04-13,18.61,18.97,18.0,18.44,21743,18.5,18.69,16.42,-0.3338,-1.3686,12.2932,-0.0004,-0.0004,0.0075
CLX,2021-04-14,18.17,18.17,18.17,18.17,3500,18.39,18.63,16.48,-1.1516,-2.4621,10.2666,0.0,0.0,0.0068
CLX,2021-04-15,18.44,18.97,17.29,18.26,36800,18.37,18.64,16.55,-0.5764,-2.035,10.3411,0.0012,0.0013,0.0066
CLX,2021-04-16,18.26,18.26,16.5,16.76,58500,18.18,18.59,16.59,-7.8117,-9.8458,1.0101,-0.0151,-0.0161,0.0065
CLX,2021-04-19,17.2,17.2,15.0,15.88,73610,17.92,18.37,16.64,-11.3737,-13.5654,-4.5498,-0.0035,-0.0028,0.006
CLX,2021-04-20,15.7,17.64,15.7,15.88,43100,17.67,18.17,16.68,-10.1348,-12.6213,-4.8223,-0.0113,-0.0096,0.007
CLX,2021-04-22,16.67,16.67,15.0,15.0,25700,17.35,17.98,16.69,-13.574,-16.6054,-10.1195,-0.0043,-0.0039,0.0059
CLX,2021-04-23,15.0,15.79,14.91,15.79,29100,17.17,17.85,16.7,-8.0165,-11.5394,-5.4511,0.0058,0.0049,0.0049
CLX,2021-04-26,15.79,15.79,15.0,15.79,39300,16.89,17.72,16.72,-6.5274,-10.901,-5.5708,0.0098,0.0079,0.0055
CLX,2021-04-27,15.44,15.53,15.09,15.44,5600,16.54,17.57,16.73,-6.6667,-12.1266,-7.7297,0.0012,0.0011,0.0053
CLX,2021-04-28,15.7,15.7,15.0,15.44,40000,16.24,17.37,16.75,-4.943,-11.1224,-7.8268,0.0041,0.0034,0.0056
CLX,2021-04-29,15.44,15.62,15.17,15.17,27720,15.94,17.16,16.75,-4.8146,-11.5908,-9.426,-0.0081,-0.0065,0.0064
CLX,2021-05-04,15.17,16.32,15.09,16.23,15800,15.74,17.05,16.77,3.139,-4.8112,-3.2292,0.0032,0.0027,0.0066
CLX,2021-05-05,16.32,16.32,15.7,15.79,16600,15.64,16.91,16.79,0.9588,-6.625,-5.9479,-0.0035,-0.0031,0.0055
CLX,2021-05-06,15.88,16.14,15.88,15.88,28700,15.64,16.78,16.81,1.5229,-5.3627,-5.5217,-0.0082,-0.007,0.0059
CLX,2021-05-07,15.88,15.88,15.26,15.62,30700,15.62,16.64,16.82,0.0,-6.1755,-7.1548,0.0012,0.0009,0.0049
CLX,2021-05-10,15.26,15.53,15.0,15.26,62809,15.64,16.5,16.82,-2.4253,-7.4866,-9.2626,0.0,0.0,0.0045
CLX,2021-05-11,15.26,15.88,15.26,15.88,10100,15.65,16.41,16.84,1.4657,-3.2258,-5.6801,0.0025,0.002,0.0042
CLX,2021-05-12,15.62,15.97,15.53,15.97,17605,15.67,16.28,16.86,1.9144,-1.9236,-5.2753,0.0038,0.0031,0.0036
CLX,2021-05-13,15.97,16.14,15.7,15.7,24915,15.69,16.12,16.88,0.0562,-2.5725,-6.9524,-0.0057,-0.0047,0.004
CLX,2021-05-14,15.53,15.79,15.44,15.44,20400,15.69,15.97,16.89,-1.6302,-3.3149,-8.578,-0.0061,-0.005,0.0042
CLX,2021-05-17,15.44,16.23,15.35,15.35,8300,15.71,15.83,16.9,-2.3021,-3.01,-9.1479,-0.0022,-0.0017,0.0036
CLX,2021-05-18,15.53,15.53,15.53,15.53,6100,15.64,15.69,16.91,-0.7332,-1.0402,-8.1803,0.0,0.0,0.0033
CLX,2021-05-19,15.44,15.88,15.44,15.7,28700,15.63,15.64,16.93,0.4515,0.4231,-7.253,0.0014,0.0011,0.0031
CLX,2021-05-20,15.88,16.23,15.79,15.79,32900,15.62,15.63,16.95,1.0728,1.0158,-6.8388,-0.0072,-0.0058,0.003
CLX,2021-05-21,15.88,15.97,15.53,15.53,20700,15.62,15.62,16.96,-0.565,-0.5649,-8.4668,-0.0058,-0.0042,0.0035
CLX,2021-05-24,15.88,15.97,15.7,15.79,20500,15.67,15.66,16.98,0.7883,0.8735,-6.9937,-0.002,-0.0016,0.0037
CLX,2021-05-25,15.79,15.79,15.35,15.7,40700,15.65,15.65,17.0,0.3382,0.3382,-7.5997,0.0071,0.0061,0.0041
CLX,2021-05-26,15.88,15.88,15.79,15.88,1000,15.64,15.66,17.01,1.5229,1.4371,-6.668,0.0003,0.0002,0.0038
CLX,2021-05-27,15.97,15.97,15.35,15.35,3000,15.61,15.65,17.02,-1.6394,-1.9166,-9.8165,-0.001,-0.0008,0.0033
CLX,2021-05-28,15.53,15.62,15.35,15.35,4300,15.6,15.65,16.98,-1.5837,-1.8889,-9.6198,-0.0009,-0.0006,0.0028
CLX,2021-05-31,15.44,15.7,15.44,15.62,3800,15.62,15.67,16.91,-0.0565,-0.3378,-7.649,0.0002,0.0002,0.0026
CLX,2021-06-01,15.62,15.88,15.62,15.79,5500,15.65,15.65,16.86,0.9019,0.9303,-6.3514,0.0005,0.0004,0.0026
CLX,2021-06-02,15.44,15.7,15.44,15.7,9900,15.65,15.64,16.82,0.3382,0.3948,-6.6499,0.0021,0.0016,0.0027
CLX,2021-06-03,15.7,16.32,15.7,16.14,24800,15.69,15.66,16.74,2.9246,3.1276,-3.5522,0.0019,0.0017,0.0022
CLX,2021-06-04,16.14,16.14,15.44,15.79,21810,15.71,15.66,16.66,0.5053,0.8167,-5.2007,0.0,0.0,0.0016
CLX,2021-06-07,15.79,17.2,15.79,15.88,67605,15.72,15.69,16.6,1.0101,1.1805,-4.3367,-0.014,-0.0115,0.0028
CLX,2021-06-08,16.76,16.76,15.7,15.7,10500,15.72,15.69,16.55,-0.1122,0.1125,-5.0869,-0.0014,-0.0011,0.0022
CLX,2021-06-09,15.53,15.97,15.44,15.7,19600,15.7,15.67,16.49,0.0,0.197,-4.7823,0.0,0.0,0.0022
CLX,2021-06-10,15.7,15.7,15.44,15.62,13210,15.73,15.67,16.43,-0.7291,-0.3378,-4.9817,0.0009,0.0007,0.0022
CLX,2021-06-11,15.62,16.06,15.62,15.62,91000,15.76,15.68,16.36,-0.8958,-0.3939,-4.541,-0.0202,-0.0145,0.0041
CLX,2021-06-14,15.79,16.32,15.79,15.79,54900,15.77,15.7,16.29,0.1118,0.59,-3.0441,-0.0165,-0.0135,0.0058
CLX,2021-06-15,15.88,16.32,15.88,16.06,41100,15.8,15.73,16.24,1.6192,2.1038,-1.1299,-0.0019,-0.0015,0.0059
CLX,2021-06-16,16.14,16.76,16.14,16.32,28900,15.86,15.76,16.19,2.8921,3.5835,0.7845,-0.0028,-0.0023,0.006
CLX,2021-06-17,16.41,16.41,16.06,16.06,11700,15.85,15.77,16.14,1.2799,1.8182,-0.5464,-0.0027,-0.0022,0.0061
CLX,2021-06-18,16.23,16.23,15.88,16.06,38000,15.88,15.8,16.1,1.1111,1.6476,-0.263,0.0,0.0,0.0061
CLX,2021-06-21,16.06,16.32,15.88,15.88,11840,15.88,15.8,16.05,0.0,0.5025,-1.0771,-0.0035,-0.0026,0.005
CLX,2021-06-22,15.88,16.23,15.88,15.88,35743,15.9,15.81,16.02,-0.111,0.4465,-0.8592,-0.0096,-0.0078,0.0058
CLX,2021-06-23,15.7,16.14,15.7,16.14,7200,15.94,15.82,15.97,1.2728,2.0351,1.0938,0.0022,0.0018,0.006
CLX,2021-06-24,16.06,16.06,15.7,15.79,5000,15.96,15.84,15.91,-1.0503,-0.3341,-0.721,-0.0009,-0.0006,0.006
CLX,2021-06-25,15.7,15.79,15.7,15.7,5600,15.97,15.86,15.85,-1.6575,-1.0011,-0.935,-0.0015,-0.0011,0.0042
CLX,2021-06-28,15.7,15.7,15.7,15.7,8030,15.96,15.87,15.8,-1.6031,-1.0286,-0.6253,0.0,0.0,0.0025
CLX,2021-06-29,15.7,15.7,15.44,15.7,43613,15.92,15.86,15.75,-1.3851,-1.0011,-0.3025,0.0148,0.0118,0.0038
CLX,2021-06-30,15.7,16.41,15.44,15.88,26700,15.88,15.87,15.73,0.0,0.0556,0.9308,-0.0006,-0.0005,0.0036
CLX,2021-07-01,15.62,15.79,15.62,15.62,21300,15.84,15.84,15.73,-1.3928,-1.4477,-0.718,-0.0048,-0.0035,0.0038
CLX,2021-07-02,15.62,16.06,15.44,15.88,32200,15.82,15.85,15.73,0.3904,0.1948,0.9648,0.0036,0.0029,0.0041
CLX,2021-07-05,16.14,16.14,15.35,15.88,27800,15.82,15.85,15.75,0.3904,0.1948,0.8517,0.002,0.0014,0.004
CLX,2021-07-06,15.44,15.79,15.35,15.44,20500,15.77,15.84,15.74,-2.1253,-2.507,-1.9059,-0.0016,-0.0012,0.0032
CLX,2021-07-07,15.44,15.44,15.35,15.44,11000,15.7,15.82,15.73,-1.6854,-2.4255,-1.8619,0.0021,0.0013,0.0032
CLX,2021-07-08,15.53,15.7,15.26,15.62,21700,15.69,15.82,15.74,-0.4499,-1.3103,-0.7625,0.0046,0.0031,0.0036
CLX,2021-07-09,15.44,15.44,15.17,15.17,6600,15.63,15.8,15.73,-2.9345,-3.9643,-3.5334,-0.0018,-0.0013,0.0036
CLX,2021-07-12,15.17,15.44,14.64,14.64,42601,15.53,15.74,15.72,-5.6818,-6.9767,-6.8358,-0.0073,-0.0059,0.0043
CLX,2021-07-13,15.0,15.0,14.82,15.0,6900,15.46,15.69,15.69,-2.9681,-4.4139,-4.4407,0.0024,0.0019,0.0031
CLX,2021-07-14,14.73,14.91,14.73,14.91,700,15.36,15.62,15.68,-2.9294,-4.5468,-4.8959,0.0003,0.0002,0.0031
CLX,2021-07-15,14.73,15.0,14.73,14.82,2900,15.28,15.56,15.66,-3.0023,-4.7349,-5.3308,-0.0003,-0.0002,0.0026
CLX,2021-07-16,14.91,14.91,14.82,14.91,1300,15.18,15.5,15.64,-1.8013,-3.8133,-4.6813,0.0005,0.0004,0.0023
CLX,2021-07-19,14.91,15.0,14.56,15.0,9900,15.09,15.46,15.64,-0.6429,-2.9681,-4.0849,0.0019,0.0016,0.0023
CLX,2021-07-20,14.56,15.0,14.56,14.91,3800,15.04,15.41,15.62,-0.8798,-3.2351,-4.5306,0.0005,0.0003,0.0022
CLX,2021-07-21,14.91,14.91,14.56,14.91,12800,14.99,15.35,15.6,-0.5297,-2.8457,-4.401,0.0056,0.0041,0.0025
CLX,2021-07-22,14.91,15.0,14.56,14.91,14700,14.92,15.3,15.58,-0.0591,-2.5656,-4.3035,0.003,0.0022,0.0024
CLX,2021-07-23,15.0,15.0,15.0,15.0,100,14.9,15.27,15.57,0.6513,-1.7625,-3.6827,0.0,0.0,0.0022
CLX,2021-07-26,14.82,14.82,14.64,14.73,4200,14.91,15.22,15.56,-1.1834,-3.1884,-5.3073,0.0,0.0,0.0015
CLX,2021-07-27,14.56,14.73,14.47,14.73,6100,14.88,15.17,15.54,-1.0077,-2.8787,-5.2106,0.0025,0.0016,0.0015
CLX,2021-07-28,14.64,14.91,14.64,14.82,12000,14.87,15.12,15.53,-0.3559,-1.9551,-4.5346,0.0023,0.0017,0.0017
CLX,2021-07-29,14.82,14.91,14.73,14.73,12200,14.87,15.07,15.5,-0.8902,-2.2534,-4.9732,-0.0043,-0.0031,0.0021
CLX,2021-07-30,14.82,14.82,14.64,14.82,10000,14.86,15.02,15.49,-0.2375,-1.3216,-4.3171,0.0031,0.0024,0.0023
CLX,2021-08-02,14.73,14.91,14.56,14.91,27909,14.85,14.97,15.47,0.4159,-0.4125,-3.6378,0.0106,0.0073,0.0032
CLX,2021-08-03,14.56,15.0,14.56,14.82,8400,14.84,14.94,15.45,-0.1189,-0.7972,-4.0986,0.0004,0.0003,0.0032
CLX,2021-08-04,14.73,15.0,14.73,15.0,9200,14.85,14.92,15.44,1.0101,0.5322,-2.8461,0.0033,0.0022,0.003
CLX,2021-08-05,15.17,15.17,15.09,15.09,402,14.87,14.89,15.43,1.4837,1.3033,-2.241,-0.0001,-0.0001,0.0027
CLX,2021-08-06,14.73,15.09,14.73,14.73,2400,14.84,14.87,15.42,-0.7134,-0.9196,-4.4513,-0.0006,-0.0004,0.0027
CLX,2021-08-09,14.91,16.23,14.73,15.88,170500,14.95,14.93,15.42,6.1947,6.3516,2.9513,0.0184,0.0134,0.0046
CLX,2021-08-10,15.97,16.59,15.79,15.88,91038,15.07,14.98,15.43,5.3864,6.0383,2.9395,-0.0179,-0.0128,0.0061
CLX,2021-08-11,16.06,16.06,15.7,15.88,23400,15.17,15.02,15.43,4.6512,5.6959,2.916,0.0,0.0,0.0059
CLX,2021-08-12,15.53,16.32,15.44,16.32,417500,15.33,15.1,15.43,6.4442,8.0923,5.7506,0.084,0.0636,0.0138
CLX,2021-08-13,16.32,17.82,16.32,16.85,157400,15.54,15.2,15.45,8.4611,10.8854,9.0307,-0.0088,-0.0068,0.0144
CLX,2021-08-16,16.85,17.38,16.32,16.32,99545,15.68,15.26,15.46,4.1081,6.9364,5.5454,-0.0187,-0.0141,0.0152
CLX,2021-08-17,16.41,16.67,16.23,16.5,333400,15.84,15.34,15.48,4.1203,7.5331,6.577,0.0158,0.0107,0.0168
CLX,2021-08-18,16.41,16.94,16.41,16.85,226600,16.03,15.44,15.5,5.1183,9.1429,8.6957,0.0568,0.0427,0.0221
CLX,2021-08-19,17.03,17.29,16.67,16.94,272745,16.22,15.54,15.53,4.4614,8.998,9.0785,-0.0091,-0.0068,0.023
CLX,2021-08-20,16.94,17.82,16.94,17.38,379700,16.48,15.66,15.56,5.4604,10.9859,11.6653,0.0,0.0,0.023
CLX,2021-08-23,17.38,17.56,16.5,16.85,204900,16.58,15.77,15.59,1.6498,6.883,8.1173,-0.0102,-0.008,0.0221
CLX,2021-08-24,16.85,16.94,16.32,16.76,206000,16.67,15.87,15.6,0.5823,5.6436,7.4539,0.0234,0.0204,0.0227
CLX,2021-08-25,15.7,16.76,15.7,16.76,154100,16.75,15.96,15.61,0.0527,5.0014,7.3932,0.0477,0.0362,0.0274
CLX,2021-08-26,16.76,17.56,16.76,17.2,307900,16.84,16.09,15.63,2.1477,6.9372,10.0576,0.0118,0.0094,0.0202
CLX,2021-08-27,16.85,17.38,16.85,17.29,109000,16.89,16.21,15.66,2.4033,6.6667,10.4474,0.0128,0.0102,0.0206
CLX,2021-08-30,17.38,19.5,17.29,19.14,399600,17.17,16.42,15.72,11.5108,16.5726,21.7733,0.0627,0.0534,0.025
CLX,2021-08-31,18.97,19.06,18.44,18.7,191100,17.39,16.62,15.78,7.5596,12.5564,18.5417,-0.0076,-0.0066,0.0242
CLX,2021-09-01,18.7,19.23,18.53,18.88,141700,17.59,16.81,15.83,7.322,12.3065,19.2466,0.0,0.0,0.0185
CLX,2021-09-06,18.88,18.88,18.17,18.61,218610,17.76,16.99,15.89,4.8187,9.5819,17.1571,0.0094,0.008,0.0185
CLX,2021-09-07,18.53,19.5,18.53,18.97,418143,17.92,17.2,15.95,5.8592,10.2847,18.8896,-0.007,-0.0066,0.0192
CLX,2021-09-08,19.14,19.32,18.97,19.32,213300,18.16,17.37,16.03,6.3623,11.224,20.5549,0.0687,0.0562,0.0251
CLX,2021-09-09,19.41,20.2,19.41,20.2,378915,18.51,17.59,16.12,9.1516,14.8733,25.3558,0.1126,0.1081,0.034
CLX,2021-09-10,20.2,21.09,20.2,20.73,360400,18.91,17.83,16.21,9.6593,16.2791,27.8703,0.0218,0.0196,0.0314
CLX,2021-09-13,20.91,22.58,20.91,21.44,356229,19.33,18.09,16.33,10.9083,18.5366,31.2804,-0.025,-0.0254,0.0328
CLX,2021-09-14,21.88,22.06,21.17,21.61,468800,19.76,18.32,16.44,9.375,17.9586,31.4378,-0.0,-0.0,0.0315
CLX,2021-09-15,21.97,21.97,20.29,20.91,344400,19.94,18.55,16.55,4.8672,12.6961,26.373,-0.022,-0.0221,0.0274
CLX,2021-09-16,20.91,21.17,20.29,20.73,204025,20.14,18.76,16.65,2.9347,10.4842,24.5099,-0.0,-0.0,0.0267
CLX,2021-09-17,21.09,21.17,20.11,20.82,223200,20.34,18.96,16.76,2.3861,9.793,24.2367,0.0175,0.0158,0.0284
CLX,2021-09-20,20.38,20.64,19.41,19.85,235802,20.46,19.11,16.84,-2.9754,3.8781,17.8504,-0.0129,-0.0123,0.0288
CLX,2021-09-21,18.97,19.85,18.97,19.76,347700,20.54,19.23,16.94,-3.7801,2.7759,16.691,0.0676,0.0644,0.0348
CLX,2021-09-22,19.14,20.29,19.14,20.11,422817,20.62,19.39,17.04,-2.439,3.7307,18.0124,0.0708,0.0788,0.035
CLX,2021-09-23,20.29,21.17,20.11,20.82,1070800,20.68,19.59,17.16,0.6826,6.2584,21.3243,0.0631,0.0728,0.0301
CLX,2021-09-24,21.09,21.61,20.29,20.29,472265,20.64,19.77,17.27,-1.6674,2.6328,17.5028,-0.143,-0.1491,0.0422
CLX,2021-09-27,20.56,20.56,19.59,20.03,227200,20.49,19.91,17.37,-2.2815,0.576,15.2752,-0.0033,-0.0034,0.04
CLX,2021-09-28,19.59,20.03,19.14,20.03,408200,20.34,20.05,17.48,-1.5185,-0.11,14.6001,0.0932,0.0881,0.0493
CLX,2021-09-29,19.5,20.11,19.41,19.76,151500,20.22,20.08,17.57,-2.2687,-1.5817,12.4724,-0.0,-0.0,0.0471
CLX,2021-09-30,19.76,20.03,19.41,19.76,202000,20.12,20.13,17.67,-1.7974,-1.8405,11.8546,0.0125,0.0106,0.0484
CLX,2021-10-01,19.59,19.59,19.14,19.5,230700,19.99,20.16,17.76,-2.4713,-3.3034,9.7864,0.0361,0.0331,0.0503
CLX,2021-10-04,19.5,19.5,19.14,19.32,206700,19.94,20.2,17.85,-3.0973,-4.3459,8.2551,0.0,0.0,0.049
CLX,2021-10-05,19.32,20.03,19.23,19.76,306600,19.94,20.24,17.94,-0.8849,-2.354,10.1387,0.0287,0.0266,0.0451
CLX,2021-10-06,19.76,20.03,19.32,19.76,157100,19.9,20.26,18.04,-0.7092,-2.4603,9.5248,0.0118,0.0108,0.0392
CLX,2021-10-07,19.85,19.85,19.5,19.59,395100,19.78,20.23,18.14,-0.9813,-3.1836,7.9661,-0.0527,-0.0479,0.0381
CLX,2021-10-08,19.59,20.56,19.41,20.29,269950,19.78,20.21,18.25,2.587,0.4148,11.1863,0.0479,0.0459,0.0286
CLX,2021-10-11,20.64,20.64,19.94,20.11,167710,19.79,20.14,18.36,1.6496,-0.1314,9.5733,-0.019,-0.0171,0.0302
CLX,2021-10-12,20.29,20.29,19.59,19.76,176705,19.76,20.05,18.46,0.0,-1.4301,7.0746,-0.0265,-0.0237,0.0235
CLX,2021-10-13,20.29,20.29,19.59,19.85,114800,19.77,20.0,18.55,0.4016,-0.728,6.9798,-0.009,-0.0076,0.0244
CLX,2021-10-14,19.67,20.03,19.5,19.67,184510,19.76,19.94,18.65,-0.4465,-1.3493,5.4772,-0.0174,-0.015,0.0249
CLX,2021-10-15,19.76,20.2,19.41,20.11,555500,19.82,19.91,18.75,1.4686,1.0415,7.2538,0.1502,0.1453,0.0363
CLX,2021-10-18,20.29,20.64,20.03,20.2,335410,19.91,19.92,18.86,1.4621,1.3947,7.1395,-0.0365,-0.0354,0.04
CLX,2021-10-19,20.47,20.47,19.76,19.94,131102,19.93,19.93,18.96,0.0443,0.0221,5.1554,-0.0218,-0.0189,0.0393
CLX,2021-10-20,19.94,20.2,19.67,19.94,213630,19.95,19.92,19.04,-0.0442,0.0664,4.7072,-0.0,-0.0,0.0381
CLX,2021-10-21,19.85,20.03,19.67,19.94,114300,19.98,19.88,19.12,-0.2208,0.2884,4.2628,0.0153,0.0133,0.0344
CLX,2021-10-22,19.85,22.5,19.76,22.06,1872360,20.16,19.97,19.25,9.4092,10.4484,14.5948,0.3318,0.3251,0.0627
CLX,2021-10-25,22.94,24.44,22.5,23.56,886124,20.5,20.15,19.39,14.8881,16.9258,21.4741,0.0142,0.0149,0.0623
CLX,2021-10-26,23.38,23.73,22.76,23.38,352800,20.86,20.31,19.52,12.0507,15.0923,19.7578,0.022,0.0236,0.0618
CLX,2021-10-27,23.2,23.47,22.76,23.29,820843,21.21,20.49,19.66,9.817,13.6706,18.46,0.0835,0.0744,0.0693
CLX,2021-10-28,23.29,24.79,23.11,24.44,710409,21.68,20.72,19.82,12.6933,17.9225,23.2974,0.0993,0.1032,0.0775
CLX,2021-10-29,24.79,26.29,24.7,26.2,832386,22.29,21.06,20.01,17.5307,24.424,30.9639,0.1515,0.1738,0.0776
CLX,2021-11-01,26.03,27.53,25.94,26.47,857834,22.92,21.42,20.2,15.4735,23.584,31.0387,-0.0481,-0.055,0.0788
CLX,2021-11-02,26.47,26.47,25.41,25.58,806700,23.48,21.71,20.36,8.9406,17.8622,25.6499,-0.0974,-0.113,0.0863
CLX,2021-11-03,25.58,28.23,25.41,25.76,854410,24.07,22.01,20.54,7.0381,17.0575,25.4188,-0.0612,-0.0743,0.0924
CLX,2021-11-04,26.47,26.47,25.5,25.85,453515,24.66,22.32,20.72,4.83,15.8103,24.7445,-0.0274,-0.0306,0.0936
CLX,2021-11-05,25.94,26.47,25.94,26.47,304402,25.1,22.63,20.92,5.4482,16.9591,26.5396,0.0724,0.0858,0.0677
CLX,2021-11-08,26.47,27.35,26.47,26.64,398446,25.41,22.96,21.1,4.8611,16.0646,26.2436,-0.0536,-0.062,0.0716
CLX,2021-11-09,26.73,26.82,25.76,26.29,344100,25.7,23.28,21.28,2.3,12.9216,23.5182,-0.0,-0.0,0.0694
CLX,2021-11-10,26.47,30.17,26.47,30.17,1667134,26.39,23.8,21.51,14.343,26.784,40.3019,0.3333,0.3996,0.0944
CLX,2021-11-11,31.76,33.08,30.0,32.29,495285,27.17,24.43,21.78,18.8312,32.1777,48.2742,0.0443,0.064,0.0889
CLX,2021-11-12,32.38,32.38,30.52,31.41,245741,27.69,24.99,22.03,13.4119,25.6618,42.5825,-0.0022,-0.0031,0.074
CLX,2021-11-15,30.61,30.88,29.82,30.79,637339,28.13,25.52,22.27,9.473,20.636,38.2507,0.0982,0.1286,0.079
CLX,2021-11-16,30.79,30.79,28.94,29.2,576240,28.49,25.99,22.48,2.5085,12.3748,29.9262,-0.0862,-0.1033,0.0779
CLX,2021-11-17,29.11,29.82,28.14,28.41,703257,28.75,26.41,22.66,-1.1967,7.5664,25.3796,-0.117,-0.1356,0.0835
CLX,2021-11-18,28.41,30.0,28.14,29.03,503730,29.07,26.86,22.83,-0.1517,8.046,27.1154,-0.0036,-0.0042,0.0811
CLX,2021-11-19,29.03,29.03,26.2,28.05,460525,29.23,27.16,22.98,-4.0145,3.2803,22.0823,0.0215,0.0262,0.076
CLX,2021-11-22,28.05,28.05,25.5,25.58,387100,29.12,27.27,23.06,-12.1478,-6.1641,10.9326,-0.045,-0.0547,0.0751
CLX,2021-11-23,25.23,27.17,23.11,26.55,158510,29.15,27.42,23.16,-8.8983,-3.1687,14.6492,0.0217,0.0222,0.0773
CLX,2021-11-24,27.35,27.35,25.67,26.47,221210,28.78,27.58,23.27,-8.0319,-4.046,13.7225,-0.0017,-0.0019,0.0441
CLX,2021-11-25,26.47,26.82,26.03,26.29,193102,28.18,27.68,23.38,-6.7001,-5.0048,12.4274,-0.0144,-0.0158,0.0412
CLX,2021-11-26,26.38,26.38,25.58,25.76,303600,27.61,27.65,23.48,-6.7093,-6.8432,9.7002,-0.0312,-0.0328,0.0441
CLX,2021-11-29,25.06,25.5,24.7,25.5,167200,27.08,27.6,23.6,-5.8632,-7.6382,8.0535,0.0322,0.0313,0.0374
CLX,2021-11-30,26.29,26.29,25.23,25.23,170101,26.69,27.59,23.71,-5.4545,-8.5385,6.4384,-0.0316,-0.0346,0.032
CLX,2021-12-01,25.14,25.76,25.14,25.58,157010,26.4,27.58,23.81,-3.1073,-7.2297,7.4313,0.0162,0.0175,0.0219
CLX,2021-12-02,25.58,27.79,25.41,26.47,303235,26.15,27.61,23.93,1.2146,-4.138,10.6113,-0.008,-0.0085,0.0224
CLX,2021-12-03,26.91,27.08,25.58,25.67,144054,25.91,27.57,24.04,-0.9193,-6.88,6.8125,-0.0158,-0.0166,0.0218
CLX,2021-12-06,26.11,26.11,23.91,24.26,136010,25.78,27.45,24.12,-5.8864,-11.6182,0.5852,-0.0172,-0.0184,0.019
CLX,2021-12-07,24.17,26.03,24.17,25.14,138500,25.64,27.39,24.22,-1.9271,-8.2126,3.8024,0.0014,0.0015,0.017
CLX,2021-12-08,25.14,25.41,24.7,25.06,63800,25.5,27.14,24.33,-1.7301,-7.6723,2.9881,0.0,0.0,0.0168
CLX,2021-12-09,24.88,25.32,24.7,25.14,121900,25.38,26.78,24.44,-0.9385,-6.111,2.8955,0.0155,0.015,0.0169
CLX,2021-12-10,25.14,26.11,25.14,26.03,348200,25.41,26.51,24.57,2.4305,-1.8303,5.9398,0.0832,0.0875,0.0221
CLX,2021-12-13,26.47,26.64,25.58,25.58,235706,25.42,26.25,24.69,0.6595,-2.5374,3.6158,-0.0577,-0.0616,0.0247
CLX,2021-12-14,25.76,25.76,25.23,25.41,138200,25.43,26.06,24.8,-0.1041,-2.5051,2.4328,-0.0112,-0.0122,0.0226
CLX,2021-12-15,25.41,25.41,24.7,25.06,241100,25.38,25.89,24.91,-1.2861,-3.2368,0.5808,0.0,0.0,0.021
CLX,2021-12-16,24.79,24.88,23.91,24.44,350500,25.18,25.66,25.01,-2.9432,-4.7783,-2.279,0.006,0.0063,0.0208
CLX,2021-12-17,24.35,24.7,24.08,24.26,157006,25.04,25.47,25.09,-3.1008,-4.7619,-3.2916,-0.0123,-0.0126,0.0204
CLX,2021-12-20,24.17,24.26,22.94,23.47,407500,24.96,25.37,25.15,-5.9739,-7.4944,-6.706,-0.0177,-0.0173,0.0205
CLX,2021-12-21,23.47,23.64,22.76,23.11,239200,24.76,25.2,25.22,-6.6286,-8.2633,-8.3531,-0.0101,-0.0084,0.0214
CLX,2021-12-22,23.11,24.26,23.11,23.56,288300,24.61,25.05,25.3,-4.2667,-5.9693,-6.8778,-0.0119,-0.0114,0.0225
CLX,2021-12-23,23.56,24.0,22.58,22.94,289800,24.38,24.88,25.36,-5.9334,-7.8178,-9.5526,-0.0237,-0.0209,0.0234
CLX,2021-12-24,23.38,23.38,22.23,22.94,265114,24.08,24.74,25.42,-4.727,-7.2919,-9.7536,0.0142,0.0148,0.0165
CLX,2021-12-27,22.67,23.47,22.32,22.94,149709,23.81,24.61,25.47,-3.668,-6.81,-9.9474,0.0034,0.0029,0.0111
CLX,2021-12-28,22.94,23.2,22.5,22.58,128322,23.53,24.48,25.52,-4.012,-7.7478,-11.5167,-0.0196,-0.018,0.0119
CLX,2021-12-29,22.67,23.2,22.5,22.85,190910,23.31,24.34,25.58,-1.9682,-6.1424,-10.6835,-0.0,-0.0,0.0119
CLX,2021-12-30,22.67,23.29,22.5,23.29,197300,23.19,24.19,25.65,0.4184,-3.7023,-9.1972,0.0485,0.0453,0.0162
CLX,2021-12-31,23.29,24.61,23.29,23.91,320322,23.16,24.1,25.69,3.2381,-0.7871,-6.924,-0.0055,-0.0052,0.0155
CLX,2022-01-04,24.0,24.26,23.47,23.73,228610,23.18,24.07,25.69,2.3592,-1.411,-7.6236,-0.0172,-0.0148,0.0154
CLX,2022-01-05,23.82,24.7,23.38,24.26,329505,23.3,24.03,25.71,4.1272,0.973,-5.628,0.0173,0.0154,0.0161
CLX,2022-01-06,24.26,24.88,23.91,24.79,345600,23.42,24.01,25.74,5.8381,3.2329,-3.6813,0.0556,0.0498,0.0205
CLX,2022-01-07,24.97,25.41,24.53,24.97,310073,23.63,24.01,25.75,5.6759,4.0059,-3.0357,0.0,0.0,0.0181
CLX,2022-01-10,25.14,25.5,24.44,24.44,372705,23.78,23.93,25.71,2.7829,2.1387,-4.9612,-0.0473,-0.0443,0.0214
CLX,2022-01-11,24.35,24.88,24.17,24.61,243300,23.94,23.88,25.68,2.8003,3.0852,-4.1369,0.0117,0.0107,0.0223
CLX,2022-01-12,24.17,24.53,23.64,24.08,305300,24.09,23.81,25.65,-0.0366,1.1486,-6.0887,0.0,0.0,0.0203
CLX,2022-01-13,25.58,25.58,23.82,24.44,341206,24.25,23.78,25.62,0.7639,2.7639,-4.6143,-0.0145,-0.0153,0.0218
CLX,2022-01-14,24.35,26.47,24.08,25.67,542800,24.49,23.84,25.62,4.8271,7.6781,0.2204,0.0505,0.0469,0.022
CLX,2022-01-17,25.76,27.17,25.76,26.2,779243,24.72,23.94,25.61,5.9957,9.4527,2.308,-0.0371,-0.0398,0.0251
CLX,2022-01-18,26.2,26.55,25.58,26.2,461600,24.97,24.08,25.6,4.947,8.8311,2.3432,0.0302,0.0337,0.0264
CLX,2022-01-19,25.85,26.03,25.14,25.94,385500,25.13,24.22,25.59,3.1941,7.1038,1.3374,0.086,0.0962,0.0333
CLX,2022-01-20,25.67,27.53,25.06,26.64,990915,25.32,24.37,25.52,5.2265,9.3213,4.3827,0.0635,0.064,0.0341
CLX,2022-01-21,27.26,27.35,26.47,26.64,569713,25.49,24.56,25.41,4.5344,8.4965,4.8466,-0.097,-0.0999,0.0438
CLX,2022-01-24,26.91,27.08,25.58,26.11,657100,25.65,24.72,25.31,1.7882,5.6577,3.1934,-0.0335,-0.0362,0.0424
CLX,2022-01-25,25.23,25.58,23.38,25.23,331200,25.72,24.83,25.19,-1.8868,1.6166,0.1471,0.0458,0.0456,0.0458
CLX,2022-01-26,25.32,25.41,24.26,24.79,212300,25.79,24.94,25.11,-3.8659,-0.6013,-1.258,-0.0041,-0.0044,0.0462
CLX,2022-01-27,24.7,25.23,24.08,25.23,206425,25.87,25.06,25.04,-2.4557,0.6865,0.7539,0.087,0.0908,0.0535
CLX,2022-01-28,24.79,25.32,24.44,24.61,136302,25.76,25.13,24.95,-4.4521,-2.0365,-1.3646,-0.0212,-0.0217,0.0505
CLX,2022-02-07,25.06,25.76,25.06,25.32,146000,25.67,25.2,24.9,-1.3746,0.4902,1.6865,-0.0121,-0.0118,0.048
CLX,2022-02-08,25.41,26.82,25.23,26.47,631802,25.7,25.33,24.92,2.9866,4.475,6.2173,0.1138,0.1157,0.0564
CLX,2022-02-09,26.47,28.23,26.47,27.61,546251,25.87,25.5,24.94,6.7531,8.2857,10.7259,0.0408,0.0425,0.0519
CLX,2022-02-10,27.53,28.23,26.47,27.08,414015,25.91,25.62,24.95,4.5284,5.7345,8.5496,-0.0563,-0.055,0.0511
CLX,2022-02-11,27.0,27.0,26.03,26.55,343700,25.9,25.69,24.96,2.5204,3.3476,6.4056,0.0112,0.0106,0.0426
CLX,2022-02-14,26.55,26.55,25.23,25.23,365401,25.81,25.73,24.95,-2.2556,-1.9541,1.1459,-0.0694,-0.0706,0.0462
CLX,2022-02-15,25.32,25.67,24.88,25.41,225100,25.83,25.77,24.94,-1.6394,-1.4205,1.8604,0.0289,0.0269,0.0445
CLX,2022-02-16,25.41,26.11,25.41,25.85,209040,25.94,25.86,24.96,-0.3401,-0.0512,3.5775,0.0174,0.0177,0.0458
CLX,2022-02-17,26.03,26.11,25.58,25.76,98600,25.99,25.93,24.96,-0.8826,-0.6465,3.2094,-0.0127,-0.0112,0.0384
CLX,2022-02-18,25.76,25.76,25.14,25.41,282500,26.07,25.92,24.94,-2.5381,-1.9575,1.882,-0.0123,-0.0121,0.0375
CLX,2022-02-21,25.23,25.32,24.79,25.06,198537,26.04,25.86,24.93,-3.794,-3.1048,0.5167,-0.0,-0.0,0.0363
CLX,2022-02-22,25.06,25.06,24.26,24.35,497440,25.83,25.77,24.93,-5.7377,-5.4956,-2.3216,-0.0959,-0.0876,0.0345
CLX,2022-02-23,24.35,25.23,24.26,24.79,217549,25.55,25.71,24.92,-2.9696,-3.569,-0.5239,0.0057,0.0054,0.031
CLX,2022-02-24,24.79,25.23,23.73,24.08,343232,25.25,25.58,24.9,-4.6122,-5.8458,-3.2807,-0.0427,-0.0408,0.0296
CLX,2022-02-25,24.61,24.79,24.26,24.35,161600,25.03,25.47,24.89,-2.7141,-4.3825,-2.1554,-0.0275,-0.0254,0.0312
CLX,2022-02-28,24.35,24.53,23.73,23.82,295901,24.89,25.35,24.84,-4.2893,-6.0379,-4.1125,-0.0586,-0.0529,0.0302
CLX,2022-03-01,23.82,23.91,23.2,23.47,288100,24.69,25.26,24.8,-4.9661,-7.1067,-5.3718,-0.0164,-0.0152,0.0289
CLX,2022-03-02,23.56,24.61,23.47,23.82,161802,24.49,25.21,24.77,-2.7378,-5.5284,-3.8256,-0.0111,-0.011,0.0283
CLX,2022-03-03,24.0,24.61,23.82,24.44,205800,24.36,25.17,24.76,0.326,-2.9262,-1.283,0.0209,0.0196,0.0291
CLX,2022-03-04,24.61,24.7,24.08,24.44,201000,24.26,25.17,24.76,0.7273,-2.8922,-1.283,0.0069,0.0063,0.0286
CLX,2022-03-07,24.44,24.44,23.91,24.0,250303,24.16,25.1,24.75,-0.6574,-4.3937,-3.0441,-0.0429,-0.0372,0.0329
CLX,2022-03-08,24.0,24.08,23.64,23.82,174300,24.1,24.97,24.76,-1.1713,-4.5937,-3.7845,-0.0054,-0.0049,0.0238
CLX,2022-03-09,23.47,23.91,23.38,23.82,158351,24.01,24.78,24.77,-0.7718,-3.8633,-3.8393,0.0248,0.0216,0.0257
CLX,2022-03-10,23.73,24.0,23.64,23.73,183950,23.97,24.61,24.77,-0.9937,-3.567,-4.2091,-0.0243,-0.0221,0.0239
CLX,2022-03-11,23.73,23.82,23.56,23.73,184302,23.91,24.47,24.79,-0.738,-3.0106,-4.2705,0.0145,0.0135,0.0226
CLX,2022-03-14,23.73,23.73,23.2,23.2,195401,23.85,24.37,24.8,-2.7007,-4.7791,-6.4257,-0.0391,-0.0351,0.0206
CLX,2022-03-15,23.03,23.56,23.03,23.38,59100,23.84,24.27,24.8,-1.9245,-3.6539,-5.7476,0.0058,0.0051,0.0196
CLX,2022-03-16,23.29,23.73,23.11,23.73,92702,23.83,24.16,24.83,-0.4073,-1.771,-4.4133,0.0331,0.0312,0.0218
CLX,2022-03-17,23.64,25.23,23.64,24.97,601040,23.88,24.12,24.87,4.5438,3.5113,0.3902,0.112,0.1135,0.0309
CLX,2022-03-18,24.97,25.14,24.7,24.97,230620,23.93,24.1,24.9,4.3126,3.6061,0.2551,0.0141,0.0124,0.0316
CLX,2022-03-21,25.14,25.32,24.7,24.88,229700,24.02,24.09,24.92,3.5623,3.2778,-0.177,-0.027,-0.0231,0.03
CLX,2022-03-22,25.14,25.14,24.35,24.88,226800,24.13,24.12,24.95,3.1079,3.1644,-0.2688,0.0162,0.0153,0.0311
CLX,2022-03-23,24.88,26.38,24.79,26.11,1659519,24.36,24.18,24.98,7.2075,7.9898,4.5272,0.2699,0.2665,0.0556
CLX,2022-03-24,26.11,27.79,26.11,27.26,1538209,24.71,24.34,25.03,10.3177,11.9971,8.9025,0.1394,0.1355,0.0671
CLX,2022-03-25,27.26,27.61,26.64,26.82,792497,25.02,24.46,25.07,7.1932,9.6285,6.982,-0.1223,-0.1233,0.0779
CLX,2022-03-28,26.47,26.82,25.85,26.2,861859,25.32,24.58,25.1,3.4843,6.5853,4.3717,-0.0465,-0.0444,0.0787
CLX,2022-03-29,26.47,27.26,26.2,27.0,769670,25.68,24.76,25.15,5.1185,9.0326,7.3308,0.1215,0.1194,0.0902
CLX,2022-03-30,27.0,29.55,26.73,28.05,1244063,26.11,24.97,25.23,7.4324,12.3476,11.1888,-0.0163,-0.018,0.0885
CLX,2022-03-31,28.23,28.5,27.26,27.7,341905,26.39,25.13,25.3,4.9816,10.2141,9.5069,-0.0265,-0.0277,0.08
CLX,2022-04-01,27.7,27.7,27.0,27.61,411514,26.65,25.29,25.34,3.6081,9.1733,8.9909,0.0717,0.0735,0.0857
CLX,2022-04-04,27.7,29.55,27.35,28.85,1465633,27.05,25.54,25.39,6.6536,12.9729,13.6285,0.1136,0.1179,0.0944
CLX,2022-04-05,28.85,29.11,28.14,28.5,581724,27.41,25.77,25.43,3.9588,10.5786,12.0361,-0.0464,-0.0483,0.0974
CLX,2022-04-06,28.32,28.32,27.26,27.53,724626,27.55,25.95,25.47,-0.0961,6.0503,8.0856,-0.0755,-0.0761,0.078
CLX,2022-04-07,27.35,27.88,26.29,26.29,708500,27.45,26.08,25.46,-4.2416,0.7949,3.2643,-0.1472,-0.1456,0.0788
CLX,2022-04-08,26.47,27.08,24.7,25.06,770400,27.28,26.15,25.43,-8.1501,-4.1835,-1.4642,-0.1031,-0.1065,0.0768
CLX,2022-04-12,25.06,25.67,23.56,23.91,539650,27.05,26.18,25.38,-11.6112,-8.6927,-5.8112,-0.0682,-0.0673,0.079
CLX,2022-04-13,24.26,25.06,23.82,24.88,296020,26.84,26.26,25.38,-7.2978,-5.2578,-1.9608,0.0507,0.0465,0.0719
CLX,2022-04-14,24.88,25.94,24.44,24.88,436911,26.52,26.32,25.38,-6.1876,-5.4643,-1.9676,-0.0599,-0.0542,0.0763
CLX,2022-04-15,24.97,25.23,24.0,24.0,471506,26.15,26.27,25.35,-8.2321,-8.6482,-5.3518,-0.121,-0.1113,0.0857
CLX,2022-04-18,24.0,24.35,23.11,23.38,441856,25.73,26.19,25.33,-9.1221,-10.7293,-7.6977,-0.0439,-0.0446,0.0829
CLX,2022-04-19,23.64,24.26,23.11,23.73,599100,25.21,26.13,25.3,-5.8782,-9.183,-6.1868,0.0094,0.0097,0.0725
CLX,2022-04-20,23.73,23.82,23.2,23.38,514280,24.7,26.06,25.24,-5.3572,-10.2759,-7.3556,-0.0447,-0.0473,0.0724
CLX,2022-04-21,23.38,23.38,20.11,22.41,573760,24.19,25.87,25.13,-7.3669,-13.3845,-10.8334,0.0538,0.0498,0.0702
CLX,2022-04-22,22.23,22.76,20.47,21.61,479500,23.72,25.59,25.02,-8.8881,-15.5318,-13.6168,0.0,0.0,0.0555
CLX,2022-04-25,21.17,21.88,18.53,19.06,493501,23.12,25.2,24.87,-17.5887,-24.383,-23.3825,-0.0578,-0.0523,0.0509
CLX,2022-04-26,19.23,20.64,18.09,20.29,228700,22.76,24.91,24.77,-10.8527,-18.5264,-18.0912,0.0294,0.026,0.0471
CLX,2022-04-27,20.29,21.17,20.03,20.91,103019,22.36,24.6,24.68,-6.5089,-15.0081,-15.2906,0.0201,0.017,0.044
CLX,2022-04-28,20.91,22.41,20.91,22.41,588400,22.12,24.32,24.61,1.3163,-7.8542,-8.9606,0.2516,0.2411,0.0632
CLX,2022-04-29,22.5,22.76,21.88,22.5,193600,21.97,24.06,24.55,2.4096,-6.4907,-8.3591,0.0268,0.0253,0.0538
CLX,2022-05-04,22.41,22.76,21.97,22.76,87720,21.91,23.82,24.5,3.9066,-4.4267,-7.0806,0.0297,0.0299,0.0523
CLX,2022-05-05,22.76,22.94,21.79,22.06,131200,21.74,23.48,24.44,1.461,-6.0504,-9.7408,-0.0335,-0.0294,0.0547
CLX,2022-05-06,21.61,21.97,21.53,21.61,263400,21.56,23.13,24.38,0.2455,-6.5599,-11.3475,-0.0414,-0.0399,0.0544
CLX,2022-05-09,21.7,21.7,20.03,20.91,252100,21.41,22.8,24.3,-2.3486,-8.2995,-13.9684,0.0023,0.0024,0.0493
CLX,2022-05-10,19.32,21.97,18.79,21.88,206000,21.44,22.58,24.26,2.0576,-3.1061,-9.8116,0.0416,0.0405,0.0534
CLX,2022-05-11,21.26,21.88,21.17,21.35,16300,21.67,22.4,24.2,-1.4658,-4.6681,-11.7754,-0.0052,-0.0042,0.0482
CLX,2022-05-12,20.73,21.09,19.41,19.41,55700,21.58,22.17,24.11,-10.0572,-12.4552,-19.5024,-0.0124,-0.0118,0.0465
CLX,2022-05-13,20.29,20.29,17.47,17.56,163420,21.24,21.8,23.99,-17.3588,-19.4821,-26.8275,-0.0255,-0.0247,0.047
CLX,2022-05-16,18.97,19.41,17.64,17.64,128300,20.77,21.44,23.87,-15.0382,-17.7124,-26.0792,-0.0317,-0.0299,0.025
CLX,2022-05-17,18.17,19.76,18.17,19.76,84300,20.49,21.23,23.78,-3.5729,-6.9187,-16.8831,0.0165,0.0161,0.024
CLX,2022-05-18,20.03,20.11,19.41,19.5,93200,20.17,21.04,23.68,-3.3246,-7.3181,-17.6541,-0.023,-0.0208,0.0233
CLX,2022-05-19,19.41,19.5,19.06,19.06,96200,19.87,20.8,23.58,-4.0853,-8.3969,-19.1798,-0.0423,-0.0368,0.0242
CLX,2022-05-20,19.41,19.59,18.61,18.61,125901,19.57,20.56,23.47,-4.8692,-9.4809,-20.7005,-0.0543,-0.0482,0.0255
CLX,2022-05-23,18.09,19.06,17.91,18.17,144800,19.29,20.35,23.36,-5.807,-10.7065,-22.2054,-0.0307,-0.0278,0.0283
CLX,2022-05-24,17.82,18.09,17.47,18.0,144900,18.91,20.17,23.25,-4.8063,-10.7806,-22.5806,0.0277,0.0236,0.0269
CLX,2022-05-25,18.09,18.61,17.64,18.17,254430,18.59,20.13,23.14,-2.2307,-9.7085,-21.446,0.005,0.0044,0.0269
CLX,2022-05-26,19.06,19.67,18.35,19.23,296500,18.57,20.07,23.06,3.5629,-4.1969,-16.5838,0.0414,0.0393,0.0298
CLX,2022-05-27,19.14,19.5,18.61,19.32,205500,18.75,20.0,22.97,3.0588,-3.3752,-15.9051,0.0572,0.0456,0.033
CLX,2022-05-30,19.32,19.59,18.88,19.23,198800,18.91,19.84,22.88,1.7265,-3.0465,-15.9599,-0.0,-0.0,0.0298
CLX,2022-05-31,19.67,19.85,18.97,19.76,158600,18.91,19.7,22.78,4.5264,0.3135,-13.2523,0.0472,0.0419,0.0329
CLX,2022-06-01,19.85,19.85,18.79,18.97,101856,18.85,19.51,22.66,0.6083,-2.7809,-16.2968,-0.0299,-0.0229,0.0336
CLX,2022-06-02,18.97,19.32,18.7,19.06,204800,18.85,19.36,22.54,1.0763,-1.5721,-15.4731,0.0082,0.0074,0.0302
CLX,2022-06-03,19.06,19.06,18.61,18.88,256600,18.88,19.22,22.42,0.0,-1.7898,-15.8077,0.0316,0.0245,0.0279
CLX,2022-06-06,18.79,18.88,18.35,18.53,108700,18.91,19.1,22.27,-2.0522,-3.0247,-16.8185,-0.0096,-0.0078,0.0258
CLX,2022-06-07,18.53,18.79,18.17,18.61,210500,18.98,18.94,22.1,-1.9061,-1.7233,-15.7685,0.0232,0.0182,0.0253
CLX,2022-06-08,18.53,19.32,18.53,18.88,228200,19.05,18.82,21.94,-0.88,0.3282,-13.9525,-0.0086,-0.007,0.0257
CLX,2022-06-09,19.06,19.23,18.97,19.23,252900,19.05,18.81,21.8,0.9726,2.2514,-11.7838,0.1044,0.089,0.032
CLX,2022-06-10,19.14,20.47,19.06,19.59,377100,19.07,18.91,21.65,2.6827,3.5689,-9.5502,-0.021,-0.018,0.0284
CLX,2022-06-13,19.23,19.23,18.26,18.44,187900,18.99,18.95,21.46,-2.9261,-2.7002,-14.0837,-0.0197,-0.0183,0.0303
CLX,2022-06-14,18.17,18.7,17.82,18.17,252800,18.84,18.87,21.27,-3.5129,-3.6933,-14.5583,-0.017,-0.0137,0.0273
CLX,2022-06-15,17.73,18.26,16.41,17.38,312632,18.68,18.76,21.07,-6.9438,-7.3813,-17.4973,0.0038,0.0037,0.0247
CLX,2022-06-16,17.47,17.82,17.2,17.56,199600,18.53,18.69,20.84,-5.2381,-6.0656,-15.7565,0.0087,0.0078,0.0247
CLX,2022-06-17,16.85,16.85,16.41,16.76,145100,18.31,18.6,20.61,-8.4778,-9.8672,-18.6504,0.0181,0.0159,0.0234
CLX,2022-06-20,16.76,16.76,14.91,14.91,156400,17.95,18.43,20.35,-16.9533,-19.1194,-26.7447,-0.0305,-0.025,0.0255
CLX,2022-06-21,15.0,15.79,14.56,15.0,169100,17.59,18.28,20.13,-14.7443,-17.9735,-25.4844,-0.0123,-0.0097,0.0244
CLX,2022-06-22,15.0,15.44,14.73,15.09,92600,17.21,18.13,19.93,-12.3526,-16.7883,-24.2961,0.0,0.0,0.0235
CLX,2022-06-23,15.26,15.53,15.09,15.53,54500,16.84,17.94,19.76,-7.8051,-13.471,-21.4215,0.0183,0.0145,0.0149
CLX,2022-06-24,15.44,15.88,15.26,15.35,72900,16.42,17.75,19.57,-6.5019,-13.4974,-21.558,-0.0237,-0.0188,0.0152
CLX,2022-06-27,15.53,15.79,15.17,15.53,83400,16.13,17.56,19.38,-3.7199,-11.58,-19.8907,0.0041,0.0033,0.0136
CLX,2022-06-28,15.44,16.23,15.44,15.88,136600,15.9,17.37,19.22,-0.111,-8.5598,-17.3781,0.0058,0.0045,0.0125
CLX,2022-06-29,15.62,15.88,15.35,15.44,116300,15.7,17.19,19.06,-1.6854,-10.1874,-19.004,-0.0445,-0.032,0.0166
CLX,2022-06-30,15.44,15.53,15.09,15.35,75400,15.48,17.0,18.89,-0.8547,-9.7276,-18.7523,0.0039,0.0033,0.0161
CLX,2022-07-01,15.0,15.17,14.73,15.17,161900,15.32,16.82,18.73,-0.9787,-9.7823,-18.9826,0.0493,0.0422,0.0192
CLX,2022-07-04,15.26,15.44,15.0,15.17,42000,15.35,16.65,18.58,-1.1494,-8.8742,-18.3518,-0.0044,-0.0035,0.0166
CLX,2022-07-05,15.17,15.26,14.82,14.91,75700,15.34,16.47,18.45,-2.8177,-9.4562,-19.1929,-0.0145,-0.011,0.0168
CLX,2022-07-06,14.91,15.09,14.56,14.82,90500,15.32,16.26,18.37,-3.2258,-8.869,-19.3006,0.0,0.0,0.0168
CLX,2022-07-07,14.64,15.0,14.64,15.0,56100,15.26,16.05,18.26,-1.7341,-6.5678,-17.8665,0.0344,0.0229,0.0185
CLX,2022-07-08,14.73,15.26,14.64,15.09,47701,15.24,15.83,18.14,-0.9843,-4.6823,-16.853,0.0079,0.0065,0.0169
CLX,2022-07-11,15.09,15.17,14.73,14.82,30800,15.17,15.65,17.99,-2.2688,-5.2721,-17.6228,-0.0081,-0.0063,0.0173
CLX,2022-07-12,15.0,15.26,14.82,15.17,133540,15.09,15.5,17.85,0.526,-2.078,-14.9693,0.0294,0.0233,0.0196
CLX,2022-07-13,15.35,15.79,14.82,15.7,307000,15.12,15.41,17.7,3.8506,1.8889,-11.3016,0.0993,0.0916,0.0251
CLX,2022-07-14,15.35,15.7,15.35,15.62,180600,15.15,15.32,17.58,3.0868,1.9585,-11.1535,0.0311,0.027,0.0278
CLX,2022-07-15,15.79,15.88,15.53,15.53,159700,15.18,15.25,17.45,2.2661,1.793,-11.0392,-0.0471,-0.0389,0.0276
CLX,2022-07-18,15.62,15.97,15.62,15.79,177100,15.24,15.3,17.35,3.5879,3.2295,-8.9892,-0.0,-0.0,0.0272
CLX,2022-07-19,15.79,15.88,15.17,15.88,210520,15.34,15.34,17.23,3.5078,3.5078,-7.8435,0.108,0.0935,0.0365
CLX,2022-07-20,15.88,16.59,15.88,16.06,380000,15.47,15.39,17.13,3.822,4.3279,-6.2436,-0.0645,-0.056,0.043
CLX,2022-07-21,16.23,16.59,15.97,16.23,307600,15.59,15.43,17.06,4.1313,5.233,-4.8604,-0.017,-0.015,0.0412
CLX,2022-07-22,16.23,16.32,15.97,15.97,161000,15.68,15.46,17.03,1.8571,3.3105,-6.237,-0.053,-0.0451,0.0458
CLX,2022-07-25,16.06,16.06,15.53,15.62,90300,15.76,15.46,16.99,-0.8959,0.9986,-8.0901,-0.0271,-0.0226,0.0477
CLX,2022-07-26,15.62,15.62,15.17,15.17,177100,15.76,15.43,16.9,-3.6954,-1.63,-10.2015,-0.0671,-0.0561,0.0514
CLX,2022-07-27,15.17,15.7,15.0,15.7,93500,15.76,15.44,16.82,-0.336,1.7143,-6.6499,0.0354,0.0306,0.045
CLX,2022-07-28,15.79,15.88,15.44,15.7,83100,15.77,15.46,16.76,-0.3917,1.5982,-6.2763,0.0052,0.0041,0.0424
CLX,2022-07-29,15.7,15.88,15.44,15.53,70700,15.77,15.47,16.69,-1.5109,0.3421,-6.9866,-0.0143,-0.01,0.0392
CLX,2022-08-01,15.62,15.79,15.53,15.79,191400,15.77,15.51,16.65,0.1679,1.8492,-5.1304,0.0402,0.0323,0.0432
CLX,2022-08-02,15.88,16.67,15.88,16.32,315308,15.81,15.58,16.61,3.2366,4.7862,-1.7525,0.011,0.0095,0.0335
CLX,2022-08-03,16.23,16.59,16.14,16.41,184400,15.84,15.66,16.58,3.5635,4.8183,-1.0112,0.0089,0.0078,0.0279
CLX,2022-08-04,16.59,17.2,16.5,16.85,334700,15.91,15.75,16.53,5.9346,7.0028,1.9428,0.0,0.0,0.0262
CLX,2022-08-05,16.85,17.03,16.32,16.76,146600,15.99,15.83,16.48,4.8565,5.8791,1.724,0.0116,0.0097,0.0221
CLX,2022-08-08,17.2,17.2,16.5,16.67,102700,16.09,15.92,16.43,3.6184,4.7091,1.5037,-0.0162,-0.0132,0.021
CLX,2022-08-09,16.59,16.76,16.41,16.5,209400,16.22,15.99,16.36,1.6857,3.1724,0.8304,-0.0385,-0.0318,0.0181
CLX,2022-08-10,16.59,18.09,16.59,17.64,556200,16.42,16.09,16.34,7.4691,9.6792,8.0147,0.0749,0.067,0.0221
CLX,2022-08-11,18.0,18.0,16.76,17.2,229400,16.57,16.17,16.3,3.8339,6.412,5.5538,-0.0145,-0.0132,0.023
CLX,2022-08-12,17.2,17.56,16.85,17.38,122300,16.75,16.26,16.27,3.7388,6.8909,6.833,0.0187,0.0157,0.0234
CLX,2022-08-15,17.38,17.91,17.38,17.64,399600,16.94,16.35,16.25,4.1667,7.904,8.5776,0.0,0.0,0.0194
CLX,2022-08-16,17.64,17.82,17.38,17.56,81500,17.06,16.44,16.23,2.8955,6.8169,8.1757,-0.0066,-0.0054,0.019
CLX,2022-08-17,17.47,17.64,17.12,17.2,175000,17.14,16.49,16.2,0.3603,4.306,6.2207,-0.0313,-0.0254,0.0212
CLX,2022-08-18,16.76,17.03,16.76,16.85,250320,17.14,16.52,16.15,-1.6984,1.9754,4.3488,-0.0317,-0.0243,0.0244
CLX,2022-08-19,16.85,16.94,16.5,16.59,121500,17.12,16.55,16.09,-3.1427,0.1865,3.0928,-0.0303,-0.0237,0.0263
CLX,2022-08-22,16.5,16.67,16.41,16.5,138814,17.11,16.6,16.05,-3.5585,-0.6112,2.7924,-0.0153,-0.0121,0.0262
CLX,2022-08-23,16.23,16.67,16.23,16.67,105000,17.12,16.67,16.02,-2.6275,-0.0,4.0863,0.0233,0.0192,0.0247
CLX,2022-08-24,16.67,16.85,16.32,16.76,148301,17.04,16.73,16.01,-1.6054,0.211,4.7178,0.0362,0.0265,0.0208
CLX,2022-08-25,16.76,16.85,16.59,16.59,60800,16.97,16.77,15.99,-2.2869,-1.1047,3.7413,-0.0207,-0.0161,0.0214
CLX,2022-08-26,16.76,16.76,16.41,16.41,72200,16.88,16.82,15.98,-2.7705,-2.4134,2.683,-0.019,-0.0152,0.0214
CLX,2022-08-29,16.23,16.23,15.53,15.97,180200,16.71,16.82,16.0,-4.435,-5.0865,-0.2095,0.0087,0.0062,0.0223
CLX,2022-08-30,16.06,16.23,15.79,15.79,122400,16.53,16.8,16.02,-4.4824,-5.9874,-1.41,-0.0387,-0.0284,0.0255
CLX,2022-08-31,15.97,16.06,15.79,16.06,66400,16.42,16.78,16.04,-2.2031,-4.3113,0.121,0.0267,0.0183,0.0251
CLX,2022-09-05,15.97,15.97,15.53,15.79,129500,16.31,16.73,16.04,-3.1909,-5.5907,-1.5618,0.0083,0.0064,0.0227
CLX,2022-09-06,15.79,15.97,15.53,15.79,55100,16.23,16.68,16.05,-2.7174,-5.3161,-1.6159,0.0036,0.0026,0.0201
CLX,2022-09-07,15.7,15.7,15.17,15.26,109100,16.11,16.61,16.05,-5.2574,-8.1009,-4.8823,-0.0109,-0.0079,0.0196
CLX,2022-09-08,15.53,15.62,15.26,15.35,82000,15.98,16.55,16.04,-3.9205,-7.2495,-4.2694,-0.0107,-0.0088,0.0184
CLX,2022-09-09,15.35,15.53,15.26,15.44,87700,15.84,16.44,16.04,-2.5613,-6.0907,-3.7192,0.0071,0.0053,0.0154
CLX,2022-09-12,15.53,15.53,15.26,15.35,24000,15.72,16.35,16.04,-2.3569,-6.0982,-4.2694,-0.0032,-0.0023,0.0137
CLX,2022-09-13,15.44,15.44,15.26,15.44,75100,15.62,16.25,16.04,-1.1858,-4.9946,-3.751,0.0386,0.0277,0.0157
CLX,2022-09-14,15.09,15.35,15.0,15.35,67200,15.56,16.14,16.04,-1.3605,-4.8661,-4.322,0.0169,0.0131,0.0165
CLX,2022-09-15,15.62,15.7,15.35,15.7,49100,15.55,16.04,16.06,0.9643,-2.1171,-2.2193,0.0208,0.0145,0.0147
CLX,2022-09-16,15.44,15.62,15.26,15.53,92000,15.5,15.96,16.07,0.1708,-2.7087,-3.4028,0.011,0.0079,0.0131
CLX,2022-09-19,15.26,15.44,15.0,15.09,132600,15.43,15.87,16.08,-2.2298,-4.9472,-6.1574,-0.0161,-0.0126,0.0139
CLX,2022-09-20,15.09,15.35,15.0,15.26,45900,15.38,15.8,16.08,-0.7458,-3.4329,-5.0807,0.0089,0.0068,0.0144
CLX,2022-09-21,15.17,15.35,14.91,15.17,81800,15.37,15.74,16.09,-1.2629,-3.5874,-5.6707,0.0104,0.0079,0.0144
CLX,2022-09-22,15.0,15.35,14.91,15.26,46200,15.36,15.67,16.09,-0.6318,-2.5901,-5.1327,0.0089,0.0068,0.0142
CLX,2022-09-23,15.17,15.35,15.09,15.35,48704,15.35,15.6,16.08,-0.0,-1.5837,-4.5425,0.015,0.0126,0.015
CLX,2022-09-26,15.09,15.17,14.2,14.82,99600,15.3,15.51,16.07,-3.1142,-4.4369,-7.743,0.0059,0.0044,0.0153
CLX,2022-09-27,15.0,15.0,14.64,14.73,24000,15.23,15.43,16.05,-3.2445,-4.4895,-8.2014,-0.0044,-0.0034,0.0118
CLX,2022-09-28,14.82,14.82,14.2,14.29,62700,15.12,15.34,16.02,-5.4842,-6.843,-10.7831,-0.0146,-0.011,0.0116
CLX,2022-09-29,14.56,14.56,13.76,13.76,132000,14.93,15.24,15.98,-7.8014,-9.6961,-13.8597,-0.0357,-0.028,0.0131
CLX,2022-09-30,14.03,14.2,13.59,14.12,95400,14.79,15.14,15.94,-4.5346,-6.7871,-11.4359,0.0168,0.0126,0.0137
CLX,2022-10-03,14.12,14.12,13.15,13.15,75200,14.59,15.01,15.88,-9.9154,-12.4302,-17.2038,-0.0169,-0.0132,0.0138
CLX,2022-10-04,13.5,13.59,12.88,13.06,55800,14.37,14.87,15.82,-9.1467,-12.2183,-17.4568,-0.0082,-0.0068,0.0137
CLX,2022-10-05,13.23,13.5,13.15,13.23,59437,14.18,14.77,15.77,-6.6584,-10.421,-16.0886,-0.014,-0.0109,0.014
CLX,2022-10-06,13.23,13.23,12.35,12.53,133650,13.9,14.63,15.72,-9.8985,-14.3804,-20.2963,-0.0196,-0.0155,0.0151
CLX,2022-10-07,12.35,12.35,11.82,12.0,124200,13.57,14.46,15.64,-11.5735,-17.0226,-23.3025,-0.007,-0.0056,0.0143
CLX,2022-10-10,11.65,13.23,11.47,12.53,61210,13.34,14.32,15.58,-6.0846,-12.5077,-19.5923,0.0038,0.0029,0.0141
CLX,2022-10-11,12.0,12.17,11.47,11.56,58800,13.02,14.12,15.5,-11.2466,-18.1762,-25.4411,-0.0089,-0.0072,0.0146
CLX,2022-10-12,11.91,12.53,11.65,12.26,66403,12.82,13.97,15.43,-4.3359,-12.2198,-20.526,0.0081,0.0065,0.0139
CLX,2022-10-13,12.09,12.26,12.09,12.26,7500,12.67,13.8,15.35,-3.2033,-11.1253,-20.1058,0.0039,0.0026,0.0107
CLX,2022-10-14,12.35,12.44,12.26,12.44,51300,12.5,13.64,15.27,-0.494,-8.8264,-18.5348,0.0214,0.0156,0.0112
CLX,2022-10-17,12.44,12.44,12.17,12.26,9400,12.41,13.5,15.18,-1.2082,-9.18,-19.2048,-0.0011,-0.0008,0.0096
CLX,2022-10-18,12.35,12.53,12.26,12.44,52426,12.35,13.36,15.09,0.7143,-6.9,-17.5728,0.0056,0.0043,0.0093
CLX,2022-10-19,12.35,12.35,12.26,12.35,22300,12.26,13.22,15.0,0.7194,-6.5733,-17.6858,0.012,0.0085,0.0091
CLX,2022-10-20,12.35,12.35,12.17,12.17,9500,12.23,13.07,14.92,-0.4329,-6.8197,-18.3915,-0.0049,-0.0034,0.0077
CLX,2022-10-21,12.17,12.17,11.2,11.38,60950,12.17,12.87,14.79,-6.4539,-11.553,-23.0677,-0.0068,-0.0051,0.0077
CLX,2022-10-24,11.12,11.38,10.59,10.59,82310,11.97,12.66,14.66,-11.5696,-16.3472,-27.7891,-0.0179,-0.014,0.0091
CLX,2022-10-25,10.76,10.94,10.15,10.23,47400,11.84,12.43,14.52,-13.5619,-17.6721,-29.509,-0.0095,-0.0069,0.0091
CLX,2022-10-26,9.7,11.29,9.09,10.06,49100,11.62,12.22,14.37,-13.4396,-17.6895,-29.9926,-0.0025,-0.002,0.0086
CLX,2022-10-27,10.15,10.59,9.97,10.59,56200,11.45,12.06,14.23,-7.5501,-12.2165,-25.586,0.0113,0.0084,0.0093
CLX,2022-10-28,10.67,10.67,10.23,10.32,27800,11.24,11.87,14.09,-8.1633,-13.0435,-26.7377,-0.0047,-0.0034,0.0076
CLX,2022-10-31,10.5,10.59,10.15,10.59,71500,11.07,11.74,13.96,-4.3825,-9.8422,-24.185,0.0185,0.014,0.0094
CLX,2022-11-01,10.5,10.67,10.32,10.5,128600,10.88,11.61,13.84,-3.4874,-9.6088,-24.1555,0.0,0.0,0.0088
CLX,2022-11-02,10.5,11.12,10.5,10.76,61400,10.72,11.49,13.73,0.4115,-6.334,-21.5939,-0.0033,-0.0022,0.0079
CLX,2022-11-03,10.67,11.65,10.67,11.29,134300,10.63,11.43,13.62,6.2241,-1.1964,-17.0877,0.0189,0.0143,0.0093
CLX,2022-11-04,11.29,11.29,10.67,11.03,119500,10.6,11.38,13.51,4.0799,-3.1008,-18.3434,0.0038,0.0031,0.009
CLX,2022-11-07,11.12,11.12,10.06,10.59,127100,10.6,11.28,13.39,-0.0833,-6.1767,-20.9069,0.0,0.0,0.0072
CLX,2022-11-08,10.41,10.85,10.41,10.41,47000,10.61,11.23,13.27,-1.9119,-7.2691,-21.5216,-0.0122,-0.0094,0.0075
CLX,2022-11-09,10.23,11.03,10.23,10.94,93200,10.7,11.16,13.16,2.2259,-1.9763,-16.9012,0.0256,0.0213,0.0098
CLX,2022-11-10,10.67,10.67,10.15,10.23,178500,10.67,11.06,13.05,-4.053,-7.4591,-21.6004,-0.0217,-0.0188,0.0109
CLX,2022-11-11,10.41,10.59,10.23,10.23,84700,10.66,10.95,12.94,-3.9735,-6.527,-20.8947,-0.0186,-0.016,0.0123
CLX,2022-11-14,10.32,10.32,9.26,9.79,105300,10.58,10.82,12.82,-7.4229,-9.5355,-23.5958,0.0,0.0,0.0104
CLX,2022-11-15,9.7,9.88,9.18,9.35,159340,10.46,10.67,12.69,-10.624,-12.3605,-26.2968,-0.0173,-0.0153,0.0121
CLX,2022-11-16,9.26,10.15,9.18,10.15,84206,10.4,10.56,12.59,-2.4597,-3.9265,-19.3888,0.0095,0.0081,0.0128
CLX,2022-11-17,10.23,10.41,9.88,10.23,74504,10.3,10.46,12.48,-0.5998,-2.1923,-18.0212,0.0059,0.0049,0.0115
CLX,2022-11-18,10.23,10.67,9.88,10.67,70300,10.26,10.43,12.39,4.0413,2.3688,-13.83,0.0115,0.0111,0.0122
CLX,2022-11-21,10.41,10.85,10.41,10.85,86400,10.29,10.44,12.3,5.4889,3.9291,-11.7647,0.0258,0.023,0.0148
CLX,2022-11-22,10.85,11.91,10.85,11.12,130900,10.36,10.49,12.21,7.3254,6.016,-8.9727,-0.0111,-0.0085,0.0147
CLX,2022-11-23,11.12,11.38,11.03,11.12,53600,10.37,10.54,12.13,7.1428,5.4834,-8.337,-0.0069,-0.007,0.0128
CLX,2022-11-24,11.03,11.12,10.94,11.03,54900,10.45,10.56,12.03,5.4852,4.4277,-8.3578,0.0,0.0,0.0107
CLX,2022-11-25,11.03,11.29,11.03,11.2,52400,10.55,10.6,11.95,6.1873,5.6572,-6.2177,0.0034,0.0031,0.0091
CLX,2022-11-28,11.38,11.56,11.29,11.47,79700,10.72,10.65,11.87,6.9959,7.7051,-3.4175,0.0041,0.0033,0.0095
CLX,2022-11-29,11.47,11.91,11.38,11.47,53200,10.93,10.7,11.8,4.9233,7.2165,-2.7965,-0.0042,-0.0036,0.0082
CLX,2022-11-30,11.12,11.56,11.12,11.47,50690,11.06,10.73,11.72,3.6683,6.864,-2.1821,0.0059,0.0046,0.0079
CLX,2022-12-01,11.65,11.82,11.2,11.47,118600,11.19,10.74,11.65,2.5237,6.7762,-1.545,-0.002,-0.0018,0.0075
CLX,2022-12-02,11.29,11.73,11.2,11.65,80696,11.28,10.77,11.57,3.2057,8.1082,0.6098,0.0059,0.0047,0.0069
CLX,2022-12-05,11.91,12.09,11.56,11.56,110700,11.35,10.82,11.51,1.7871,6.808,0.4139,-0.0168,-0.0127,0.006
CLX,2022-12-06,11.73,11.73,11.2,11.2,82400,11.36,10.86,11.44,-1.3975,3.1681,-2.0516,-0.0068,-0.0059,0.0056
CLX,2022-12-07,10.94,11.38,10.59,10.59,74900,11.31,10.84,11.36,-6.3962,-2.3596,-6.8468,-0.0149,-0.0125,0.0064
CLX,2022-12-08,10.67,11.12,10.59,10.76,53800,11.28,10.87,11.3,-4.613,-0.9741,-4.7917,-0.0032,-0.0024,0.0067
CLX,2022-12-09,10.94,10.94,10.67,10.67,29200,11.23,10.89,11.24,-4.9489,-1.9846,-4.9937,-0.007,-0.0049,0.0071
CLX,2022-12-12,10.59,11.2,10.59,10.85,203900,11.17,10.94,11.19,-2.8436,-0.8464,-3.0274,-0.004,-0.0034,0.0071
CLX,2022-12-13,10.94,11.12,10.59,10.85,50300,11.11,11.02,11.15,-2.3034,-1.5212,-2.6436,0.0,0.0,0.0067
CLX,2022-12-14,11.12,11.12,10.67,10.94,135900,11.05,11.06,11.1,-1.0375,-1.077,-1.4465,0.0061,0.0051,0.0067
CLX,2022-12-15,11.03,11.03,10.94,11.03,46800,11.01,11.1,11.07,0.1603,-0.6359,-0.3825,0.0135,0.01,0.0078
CLX,2022-12-16,11.03,11.21,11.03,11.12,44900,10.96,11.12,11.05,1.4671,-0.0211,0.5939,0.0,0.0,0.0072
CLX,2022-12-19,11.21,11.3,11.12,11.12,61213,10.91,11.13,11.02,1.8752,-0.1409,0.8511,-0.0084,-0.0067,0.0064
CLX,2022-12-20,11.12,11.12,10.76,11.12,137700,10.9,11.13,11.02,1.9555,-0.1419,0.9315,0.023,0.0191,0.008
CLX,2022-12-21,11.12,11.12,10.76,10.85,62287,10.93,11.12,10.99,-0.768,-2.4596,-1.2764,-0.0083,-0.0066,0.0074
CLX,2022-12-22,10.94,10.94,10.76,10.94,18400,10.95,11.12,10.96,-0.1004,-1.6068,-0.213,0.008,0.006,0.0078
CLX,2022-12-23,10.85,11.03,10.76,11.03,5000,10.98,11.11,10.93,0.4016,-0.7149,0.8715,0.0022,0.0018,0.0074
CLX,2022-12-26,10.85,10.85,10.58,10.67,15500,10.97,11.07,10.9,-2.7263,-3.6219,-2.15,-0.0009,-0.0008,0.0071
CLX,2022-12-27,10.58,10.94,10.58,10.94,28800,10.97,11.04,10.87,-0.3314,-0.9337,0.6151,0.0065,0.0056,0.0077
CLX,2022-12-28,10.94,11.57,10.94,11.48,530001,11.03,11.04,10.85,4.0984,3.9736,5.7738,0.1943,0.1492,0.0265
CLX,2022-12-29,11.3,11.75,11.3,11.39,158801,11.06,11.04,10.84,2.9412,3.1921,5.0931,-0.0396,-0.0328,0.0291
CLX,2022-12-30,11.57,11.57,11.21,11.3,24313,11.08,11.02,10.84,1.9575,2.5339,4.2747,-0.0054,-0.0043,0.0297
CLX,2023-01-03,11.12,11.48,10.94,11.39,147600,11.11,11.01,10.85,2.5224,3.433,4.9534,0.0205,0.0171,0.0309
CLX,2023-01-04,11.39,12.02,11.39,11.57,141450,11.15,11.03,10.88,3.7277,4.9005,6.3574,-0.0167,-0.0145,0.0302
CLX,2023-01-05,11.75,11.84,11.39,11.57,63810,11.23,11.08,10.91,3.0596,4.4349,6.0624,-0.0045,-0.0035,0.0299
CLX,2023-01-06,11.75,12.93,11.66,12.38,323084,11.37,11.16,10.94,8.903,10.9664,13.1471,0.0118,0.0108,0.0303
CLX,2023-01-09,12.38,12.38,12.02,12.11,49900,11.48,11.23,10.98,5.5118,7.8419,10.3086,-0.0098,-0.0087,0.031
CLX,2023-01-10,12.2,12.2,11.84,11.93,74026,11.61,11.29,11.01,2.8038,5.7239,8.3966,-0.0186,-0.0154,0.0328
CLX,2023-01-11,12.2,12.47,11.93,12.02,107520,11.71,11.34,11.04,2.6235,5.9751,8.9163,-0.0256,-0.0215,0.0347
CLX,2023-01-12,12.2,12.2,11.66,11.75,124200,11.74,11.38,11.06,0.077,3.2155,6.2693,-0.0373,-0.0297,0.019
CLX,2023-01-13,12.02,12.02,11.75,11.75,44416,11.78,11.42,11.07,-0.2303,2.8888,6.1812,-0.0157,-0.0136,0.0166
CLX,2023-01-16,11.84,11.93,11.57,11.75,58150,11.82,11.45,11.08,-0.6116,2.6046,6.0427,-0.0,-0.0,0.0161
CLX,2023-01-17,11.93,12.47,11.57,11.66,92112,11.85,11.48,11.1,-1.6018,1.5748,5.0234,-0.015,-0.0121,0.0155
CLX,2023-01-18,11.66,11.93,11.66,11.75,156106,11.87,11.51,11.13,-0.9901,2.0809,5.5825,-0.017,-0.0137,0.0155
CLX,2023-01-19,11.84,11.84,11.75,11.84,86001,11.9,11.56,11.15,-0.456,2.4237,6.2226,0.0273,0.0214,0.0178
CLX,2023-01-27,11.84,12.29,11.84,12.11,210015,11.87,11.62,11.19,2.0564,4.2396,8.2902,0.0118,0.0093,0.0178
CLX,2023-01-30,12.11,12.75,12.11,12.65,346321,11.92,11.7,11.23,6.141,8.1499,12.6514,0.0558,0.0501,0.0224
CLX,2023-01-31,12.75,12.75,12.38,12.56,108920,11.99,11.8,11.29,4.8266,6.5134,11.2975,0.0,0.0,0.0206
CLX,2023-02-01,12.65,12.75,12.02,12.11,257900,11.99,11.85,11.34,0.9797,2.1731,6.7717,-0.0228,-0.0199,0.0203
CLX,2023-02-02,11.84,12.2,11.84,11.93,105321,12.01,11.88,11.38,-0.6772,0.4567,4.848,-0.0166,-0.014,0.0182
CLX,2023-02-03,11.93,12.02,11.75,11.84,170700,12.02,11.9,11.41,-1.5038,-0.4938,3.7604,-0.0196,-0.0137,0.0186
CLX,2023-02-06,11.75,11.93,11.66,11.84,94001,12.03,11.93,11.44,-1.5778,-0.72,3.5488,0.0118,0.0088,0.0198
CLX,2023-02-07,11.75,11.93,11.66,11.75,85501,12.04,11.95,11.45,-2.4024,-1.627,2.5969,-0.0061,-0.0052,0.0189
CLX,2023-02-08,11.66,11.84,11.48,11.66,102200,12.03,11.95,11.46,-3.0804,-2.4206,1.711,0.0,0.0,0.0172
CLX,2023-02-09,11.75,11.84,11.57,11.75,135900,12.02,11.96,11.48,-2.2557,-1.7385,2.3861,0.0169,0.0127,0.0161
CLX,2023-02-10,11.66,11.66,11.48,11.48,75500,11.96,11.91,11.49,-4.006,-3.6419,-0.0554,-0.027,-0.0225,0.0177
CLX,2023-02-13,11.48,11.57,11.12,11.12,102000,11.81,11.86,11.48,-5.8193,-6.2857,-3.1888,-0.0256,-0.0229,0.0146
CLX,2023-02-14,11.3,11.3,11.03,11.21,39600,11.67,11.83,11.48,-3.9504,-5.235,-2.3574,0.0077,0.0062,0.0154
CLX,2023-02-15,11.21,11.48,11.21,11.48,118204,11.61,11.8,11.48,-1.0903,-2.7192,0.003,0.0418,0.0332,0.0173
CLX,2023-02-16,11.39,11.66,11.3,11.57,32100,11.57,11.79,11.48,0.0,-1.8781,0.7727,0.0053,0.0042,0.0162
CLX,2023-02-17,11.57,11.66,11.3,11.48,35110,11.53,11.78,11.48,-0.4702,-2.5326,-0.0165,0.0,0.0,0.0142
CLX,2023-02-20,11.39,11.75,11.03,11.66,177400,11.52,11.77,11.48,1.2559,-0.9597,1.5554,0.022,0.018,0.0152
CLX,2023-02-21,11.66,11.93,11.48,11.84,211330,11.52,11.78,11.49,2.7451,0.4986,3.0788,0.0252,0.0217,0.0172
CLX,2023-02-22,11.66,11.75,11.48,11.57,164854,11.52,11.77,11.49,0.471,-1.7274,0.6541,-0.0077,-0.0067,0.0179
CLX,2023-02-23,11.57,11.57,11.3,11.57,67600,11.5,11.76,11.51,0.6289,-1.6141,0.4822,0.0131,0.011,0.0176
CLX,2023-02-24,11.57,11.57,11.3,11.39,45901,11.49,11.72,11.53,-0.8654,-2.8527,-1.1953,-0.0049,-0.0044,0.0153
CLX,2023-02-27,11.21,11.39,11.03,11.3,96329,11.51,11.66,11.54,-1.8068,-3.0632,-2.0855,0.0132,0.0114,0.0141
CLX,2023-02-28,11.39,11.57,11.3,11.39,57000,11.52,11.6,11.55,-1.1764,-1.7926,-1.3941,-0.0084,-0.0086,0.0142
CLX,2023-03-01,11.39,11.57,11.3,11.57,44600,11.53,11.57,11.56,0.3135,0.0,0.0465,0.0104,0.009,0.011
CLX,2023-03-02,11.66,11.66,11.39,11.39,20300,11.52,11.54,11.57,-1.0989,-1.3312,-1.5932,-0.0111,-0.0095,0.0116
CLX,2023-03-03,11.57,11.57,11.21,11.39,37100,11.51,11.52,11.58,-1.0212,-1.1377,-1.6547,0.0,0.0,0.0116
CLX,2023-03-06,11.57,11.57,11.3,11.3,99700,11.47,11.49,11.58,-1.4973,-1.691,-2.4657,-0.0371,-0.0312,0.0131
CLX,2023-03-07,11.39,11.48,11.3,11.39,145700,11.43,11.48,11.59,-0.3164,-0.7483,-1.7314,0.0,0.0,0.0106
CLX,2023-03-08,11.39,11.66,11.3,11.57,139400,11.43,11.47,11.6,1.2658,0.8668,-0.2494,0.016,0.0129,0.0114
CLX,2023-03-09,11.57,11.66,11.48,11.66,60629,11.43,11.47,11.62,1.9763,1.6949,0.3891,0.0186,0.0153,0.012
CLX,2023-03-10,11.57,11.75,11.48,11.75,43500,11.47,11.48,11.63,2.4428,2.3622,1.0258,0.0171,0.0134,0.0132
CLX,2023-03-13,11.39,11.57,11.39,11.57,36260,11.5,11.5,11.64,0.6289,0.5894,-0.6211,0.0119,0.0093,0.0131
CLX,2023-03-14,11.48,11.57,11.3,11.48,34100,11.51,11.52,11.66,-0.2357,-0.314,-1.5351,0.003,0.0026,0.0125
CLX,2023-03-15,11.57,11.84,11.48,11.75,69500,11.52,11.53,11.67,1.9608,1.9208,0.6503,0.0079,0.0069,0.0123
CLX,2023-03-16,11.66,11.75,11.21,11.57,64030,11.54,11.53,11.68,0.2349,0.3528,-0.9134,0.0083,0.007,0.012
CLX,2023-03-17,11.48,11.57,11.39,11.39,15500,11.54,11.52,11.68,-1.3312,-1.1764,-2.4617,-0.0051,-0.0036,0.0125
CLX,2023-03-20,11.48,11.57,11.03,11.03,154500,11.52,11.49,11.67,-4.2386,-4.0503,-5.5143,-0.0378,-0.0299,0.0126
CLX,2023-03-21,11.39,11.39,11.03,11.3,37200,11.51,11.47,11.67,-1.8068,-1.4585,-3.1759,0.0074,0.0055,0.0133
CLX,2023-03-22,11.21,11.3,11.21,11.21,15700,11.47,11.45,11.66,-2.2853,-2.0924,-3.8909,-0.0065,-0.0045,0.0124
CLX,2023-03-23,11.21,11.3,11.12,11.3,38000,11.43,11.43,11.66,-1.1858,-1.1858,-3.0708,0.0144,0.0112,0.0119
CLX,2023-03-24,11.3,11.39,11.21,11.3,49600,11.39,11.43,11.64,-0.7937,-1.1467,-2.89,-0.0,-0.0,0.0102
CLX,2023-03-27,11.3,11.39,11.21,11.39,55800,11.37,11.43,11.62,0.159,-0.3952,-1.9913,0.0198,0.0168,0.011
CLX,2023-03-28,11.39,11.39,11.3,11.3,47800,11.35,11.43,11.61,-0.4777,-1.1467,-2.6632,-0.0109,-0.0094,0.0118
CLX,2023-03-29,11.3,11.39,11.12,11.3,39343,11.31,11.42,11.59,-0.08,-1.0293,-2.5418,0.0062,0.0046,0.0116
CLX,2023-03-30,11.21,11.39,11.21,11.3,50000,11.28,11.41,11.58,0.1602,-0.9901,-2.4657,-0.0,-0.0,0.0108
CLX,2023-03-31,11.3,11.39,11.21,11.3,32400,11.27,11.41,11.58,0.2406,-0.9509,-2.3895,-0.0,-0.0,0.0103
CLX,2023-04-03,11.39,11.66,11.39,11.57,361117,11.33,11.42,11.57,2.1549,1.3059,-0.0156,0.0225,0.0207,0.0088
CLX,2023-04-04,11.66,11.66,11.39,11.48,89510,11.34,11.43,11.57,1.1953,0.4747,-0.7657,-0.0064,-0.0053,0.0087
CLX,2023-04-05,11.48,11.66,11.48,11.66,125650,11.39,11.43,11.57,2.381,2.0166,0.8128,0.0293,0.0261,0.011
CLX,2023-04-06,11.66,12.2,11.66,11.75,215853,11.43,11.43,11.56,2.7668,2.7668,1.6101,-0.0184,-0.0166,0.0114
CLX,2023-04-07,11.93,11.93,11.48,11.66,58030,11.47,11.43,11.56,1.6549,2.0166,0.9074,-0.0027,-0.0024,0.0116
CLX,2023-04-10,11.66,11.66,11.48,11.48,133610,11.48,11.43,11.53,0.0,0.4747,-0.4546,-0.0217,-0.0193,0.0118
CLX,2023-04-11,11.57,11.66,11.48,11.66,32621,11.52,11.43,11.51,1.2559,1.9763,1.2718,0.006,0.0052,0.0113
CLX,2023-04-12,11.75,11.84,11.57,11.75,137500,11.56,11.43,11.51,1.6419,2.7668,2.121,0.0125,0.0104,0.012
CLX,2023-04-13,11.75,12.2,11.75,12.11,211833,11.64,11.46,11.51,4.0373,5.6783,5.2301,0.0309,0.0271,0.015
CLX,2023-04-14,12.02,12.02,11.66,11.66,99316,11.68,11.48,11.51,-0.1548,1.6148,1.3354,-0.0146,-0.0129,0.0165
CLX,2023-04-17,11.75,11.84,11.57,11.66,43022,11.69,11.51,11.5,-0.232,1.3354,1.3673,-0.0061,-0.0052,0.0149
CLX,2023-04-18,11.66,11.84,11.66,11.84,23918,11.72,11.53,11.51,1.0023,2.6646,2.9227,0.0069,0.0059,0.0149
CLX,2023-04-19,11.93,12.02,11.84,11.93,122940,11.75,11.57,11.51,1.5385,3.1251,3.6595,0.0,0.0,0.012
CLX,2023-04-20,11.93,12.29,11.84,12.11,157400,11.79,11.61,11.52,2.7608,4.3208,5.164,0.0176,0.0151,0.0119
CLX,2023-04-21,12.11,12.2,11.84,11.93,75000,11.81,11.64,11.53,0.9947,2.4845,3.5132,-0.012,-0.0101,0.0128
CLX,2023-04-24,12.11,12.11,11.75,11.84,41400,11.85,11.67,11.54,-0.0763,1.511,2.6002,-0.0078,-0.0072,0.0114
CLX,2023-04-25,11.93,12.02,11.84,11.93,117700,11.88,11.7,11.56,0.4567,2.0093,3.2541,0.0,0.0,0.0108
CLX,2023-04-26,11.93,11.93,11.66,11.93,68700,11.9,11.73,11.56,0.304,1.7341,3.1734,0.0195,0.0159,0.0115
CLX,2023-04-27,12.02,12.11,11.84,12.11,79301,11.9,11.77,11.58,1.8237,2.9186,4.6385,0.0323,0.0267,0.0117
CLX,2023-04-28,12.11,12.11,11.84,12.02,71513,11.93,11.81,11.59,0.7576,1.8377,3.7604,0.0068,0.0055,0.0109
CLX,2023-05-04,12.11,12.11,11.75,12.02,161801,11.97,11.83,11.59,0.4532,1.6431,3.6956,0.0232,0.0203,0.0126
CLX,2023-05-05,11.84,12.02,11.75,11.93,154609,11.98,11.85,11.6,-0.3773,0.6865,2.8999,0.0202,0.018,0.0139
CLX,2023-05-08,11.93,12.11,11.93,12.02,112900,11.99,11.87,11.6,0.3017,1.2948,3.5987,-0.0,-0.0,0.0139
CLX,2023-05-09,12.11,12.93,12.11,12.84,636482,12.06,11.92,11.63,6.4468,7.6573,10.3684,0.1927,0.1939,0.0314
CLX,2023-05-10,12.84,13.2,12.75,13.11,224098,12.18,11.99,11.66,7.6466,9.269,12.3682,0.0368,0.0361,0.0339
CLX,2023-05-11,12.93,14.01,12.93,13.29,250941,12.32,12.09,11.7,7.8503,9.9477,13.5311,-0.0219,-0.021,0.0353
CLX,2023-05-12,13.47,13.47,13.02,13.2,115650,12.45,12.16,11.74,6.0276,8.5099,12.4115,-0.0048,-0.0046,0.0358
CLX,2023-05-15,13.47,13.56,12.84,12.84,149914,12.54,12.22,11.77,2.3792,5.0684,9.0965,-0.0233,-0.0222,0.0362
CLX,2023-05-16,12.65,13.11,12.65,13.02,99800,12.63,12.26,11.8,3.078,6.1555,10.3279,0.0184,0.0159,0.0348
CLX,2023-05-17,12.93,13.02,12.84,12.84,79500,12.71,12.32,11.83,0.9957,4.1819,8.5295,-0.0129,-0.0124,0.0354
CLX,2023-05-18,12.84,13.11,12.84,13.11,70301,12.82,12.39,11.86,2.2567,5.7622,10.4846,0.0215,0.0205,0.0353
CLX,2023-05-19,12.93,13.29,12.93,13.2,74072,12.94,12.46,11.9,1.9553,5.9122,10.9086,0.0105,0.0091,0.0343
CLX,2023-05-22,13.2,13.47,13.2,13.47,123499,13.09,12.54,11.94,2.9006,7.4261,12.8275,0.0337,0.032,0.0377
CLX,2023-05-23,13.56,13.83,13.38,13.47,205492,13.15,12.61,11.97,2.4055,6.8483,12.4868,-0.0374,-0.0329,0.0221
CLX,2023-05-24,13.56,13.56,13.38,13.38,108400,13.18,12.68,12.01,1.5089,5.5258,11.429,-0.0244,-0.0212,0.0209
CLX,2023-05-25,13.38,13.38,13.11,13.2,95400,13.17,12.75,12.04,0.2059,3.5461,9.6261,-0.0092,-0.008,0.0196
CLX,2023-05-26,13.2,13.74,13.2,13.47,148800,13.2,12.82,12.08,2.0548,5.0405,11.5103,0.0,0.0,0.0191
CLX,2023-05-29,13.38,13.83,13.38,13.74,121126,13.29,12.91,12.12,3.4013,6.4053,13.382,0.0152,0.0147,0.0183
CLX,2023-05-30,13.92,13.92,13.56,13.65,107220,13.35,12.99,12.16,2.2342,5.08,12.2509,-0.0139,-0.0124,0.0179
CLX,2023-05-31,13.83,14.01,13.74,14.01,255100,13.47,13.09,12.21,4.0269,7.0442,14.7298,0.0624,0.0602,0.0228
CLX,2023-06-01,13.83,14.37,13.83,14.01,135268,13.56,13.19,12.27,3.3333,6.2372,14.1721,-0.0095,-0.0093,0.0216
CLX,2023-06-02,14.01,14.19,13.83,13.92,121770,13.63,13.29,12.32,2.122,4.7619,12.9529,-0.0133,-0.0122,0.0219
CLX,2023-06-05,13.92,14.01,13.65,13.74,70310,13.66,13.37,12.37,0.5956,2.7374,11.0299,-0.0059,-0.0053,0.0191
CLX,2023-06-06,13.74,13.74,13.38,13.56,140700,13.67,13.41,12.42,-0.7937,1.1122,9.1703,-0.0,-0.0,0.0154
CLX,2023-06-07,13.56,14.01,13.56,13.92,143700,13.72,13.45,12.47,1.4493,3.4946,11.6104,0.0179,0.0158,0.0147
CLX,2023-06-08,14.01,14.19,13.74,13.74,228510,13.78,13.47,12.52,-0.2625,1.9792,9.7473,-0.0218,-0.0198,0.016
CLX,2023-06-09,13.83,13.83,13.47,13.65,110200,13.79,13.5,12.57,-1.0485,1.1386,8.6174,-0.0,-0.0,0.016
CLX,2023-06-12,13.74,13.74,13.47,13.56,147800,13.78,13.53,12.61,-1.5748,0.2004,7.5115,-0.0134,-0.0097,0.0158
CLX,2023-06-13,13.56,13.83,13.56,13.65,59900,13.78,13.56,12.66,-0.9186,0.6331,7.8263,-0.0038,-0.0033,0.0148
CLX,2023-06-14,13.65,13.65,13.38,13.38,125520,13.71,13.59,12.7,-2.439,-1.563,5.3381,-0.0175,-0.0152,0.0103
CLX,2023-06-15,13.56,13.56,13.11,13.47,333700,13.66,13.61,12.74,-1.3898,-1.0296,5.7337,0.0586,0.0478,0.0152
CLX,2023-06-16,13.38,13.65,13.38,13.38,85200,13.6,13.62,12.78,-1.6611,-1.759,4.712,-0.0113,-0.0095,0.015
CLX,2023-06-19,13.47,13.47,13.2,13.38,139300,13.57,13.61,12.81,-1.3991,-1.7264,4.4313,0.0102,0.0094,0.0155
CLX,2023-06-20,13.47,13.56,13.29,13.56,97600,13.57,13.62,12.85,-0.0666,-0.4315,5.5446,0.019,0.0156,0.0174
CLX,2023-06-21,13.56,13.83,13.56,13.74,53700,13.55,13.64,12.89,1.4009,0.7623,6.6068,0.004,0.0032,0.016
CLX,2023-06-22,13.65,13.92,13.56,13.83,142200,13.56,13.67,12.94,2.0,1.1905,6.9183,0.016,0.0136,0.0154
CLX,2023-06-23,13.83,13.92,13.65,13.92,125800,13.59,13.69,12.98,2.4618,1.6837,7.2424,0.0315,0.0241,0.0185
CLX,2023-06-26,13.92,13.92,13.56,13.83,113500,13.61,13.69,13.02,1.5937,0.9901,6.2058,0.0123,0.0094,0.0184
CLX,2023-06-27,13.65,13.92,13.65,13.83,61005,13.63,13.7,13.06,1.4589,0.9235,5.9264,0.0064,0.005,0.0187
CLX,2023-06-28,13.83,13.92,13.65,13.92,118901,13.69,13.7,13.1,1.7173,1.6166,6.2509,0.026,0.0216,0.0195
CLX,2023-06-29,13.92,13.92,13.65,13.65,150100,13.7,13.68,13.14,-0.402,-0.2378,3.8587,-0.0205,-0.0169,0.0157
CLX,2023-06-30,13.74,13.74,13.46,13.56,79210,13.72,13.66,13.18,-1.2032,-0.7797,2.8885,-0.0085,-0.0068,0.0154
CLX,2023-07-03,13.37,13.74,13.37,13.74,16600,13.76,13.66,13.21,-0.1229,0.5699,4.0028,0.0059,0.0049,0.015
CLX,2023-07-04,13.74,13.74,13.56,13.74,141600,13.78,13.67,13.24,-0.2546,0.5031,3.7471,0.0275,0.0218,0.0159
CLX,2023-07-05,13.65,13.74,13.65,13.74,38419,13.78,13.66,13.28,-0.2553,0.5692,3.4645,0.0081,0.0065,0.0163
CLX,2023-07-06,13.74,13.83,13.56,13.74,96300,13.77,13.66,13.32,-0.1904,0.5689,3.1694,0.0066,0.0052,0.0153
CLX,2023-07-07,13.56,13.83,13.56,13.83,72902,13.76,13.67,13.36,0.5435,1.1759,3.5662,0.0143,0.0114,0.0136
CLX,2023-07-10,13.83,14.66,13.74,14.29,323411,13.8,13.71,13.4,3.5458,4.2681,6.6412,0.0138,0.0112,0.0138
CLX,2023-07-11,14.29,14.29,14.11,14.2,79700,13.84,13.74,13.45,2.6016,3.3872,5.624,0.0,0.0,0.0131
CLX,2023-07-12,14.2,14.2,13.92,14.02,75701,13.85,13.77,13.49,1.1984,1.8076,3.9438,-0.0069,-0.0055,0.0112
CLX,2023-07-13,14.11,14.29,13.92,14.11,100702,13.9,13.8,13.53,1.5262,2.2395,4.3047,0.0,0.0,0.0092
CLX,2023-07-14,14.11,14.11,13.92,14.02,118000,13.94,13.83,13.57,0.5291,1.3366,3.3045,-0.0,-0.0,0.0083
CLX,2023-07-17,14.02,14.48,14.02,14.2,117700,13.99,13.87,13.61,1.5162,2.3653,4.3286,-0.006,-0.0044,0.0083
CLX,2023-07-18,14.2,14.2,14.11,14.2,77201,14.04,13.91,13.64,1.1827,2.1287,4.1197,0.0189,0.0155,0.0075
CLX,2023-07-19,14.39,14.39,14.11,14.11,90200,14.07,13.92,13.66,0.2621,1.3308,3.2917,-0.0149,-0.0134,0.0081
CLX,2023-07-20,14.02,14.29,13.92,14.29,90802,14.13,13.95,13.68,1.1749,2.4846,4.488,0.0205,0.0162,0.0095
CLX,2023-07-21,14.11,14.48,14.11,14.39,102500,14.18,13.97,13.7,1.4304,2.974,4.9797,0.0085,0.0064,0.009
CLX,2023-07-24,14.48,14.48,14.11,14.29,83100,14.18,13.99,13.73,0.7802,2.1443,4.0852,-0.0,-0.0,0.0076
CLX,2023-07-25,14.48,14.75,14.29,14.66,351400,14.23,14.04,13.77,3.046,4.4695,6.5159,0.0444,0.0376,0.012
CLX,2023-07-26,14.75,14.75,14.39,14.48,77325,14.28,14.06,13.8,1.4212,2.9508,4.9257,-0.0086,-0.0066,0.0122
CLX,2023-07-27,14.29,14.57,13.83,14.39,122100,14.3,14.1,13.82,0.5803,2.0275,4.0644,0.0125,0.0102,0.0134
CLX,2023-07-28,14.39,14.48,14.29,14.48,76525,14.35,14.15,13.85,0.8998,2.3468,4.5378,0.0136,0.0111,0.0148
CLX,2023-07-31,14.48,14.85,14.39,14.57,234765,14.39,14.19,13.87,1.2821,2.6975,5.0365,-0.007,-0.0053,0.0149
CLX,2023-08-01,14.57,14.57,14.29,14.39,188200,14.4,14.22,13.89,-0.128,1.1673,3.5699,-0.0068,-0.0052,0.0137
CLX,2023-08-02,14.39,14.39,14.2,14.29,205345,14.42,14.25,13.91,-0.8952,0.3236,2.7704,-0.0,-0.0,0.0122
CLX,2023-08-03,14.39,14.66,14.29,14.29,292400,14.42,14.28,13.93,-0.8952,0.1292,2.6086,-0.0574,-0.0422,0.0159
CLX,2023-08-04,14.39,14.57,14.39,14.48,91300,14.43,14.31,13.95,0.3195,1.1924,3.7822,0.0,0.0,0.015
CLX,2023-08-07,14.66,14.75,14.39,14.48,183600,14.45,14.32,13.97,0.1915,1.1272,3.6724,-0.0181,-0.014,0.0168
CLX,2023-08-08,14.48,14.66,14.39,14.48,155600,14.43,14.33,13.98,0.3195,1.0296,3.5495,-0.0071,-0.0059,0.0131
CLX,2023-08-09,14.39,14.48,14.29,14.29,131560,14.41,14.34,13.99,-0.8318,-0.3536,2.189,-0.0237,-0.0171,0.0146
CLX,2023-08-10,14.39,14.39,14.11,14.2,140800,14.4,14.35,13.99,-1.3453,-1.0283,1.5021,-0.0073,-0.0055,0.0141
CLX,2023-08-11,14.2,14.39,14.11,14.29,184015,14.38,14.36,14.0,-0.5773,-0.4816,2.1066,0.0103,0.0068,0.0138
CLX,2023-08-14,14.29,14.66,14.2,14.39,175171,14.36,14.37,14.01,0.1927,0.0962,2.6706,-0.0065,-0.0049,0.0137
CLX,2023-08-15,14.48,14.57,14.39,14.39,91110,14.36,14.38,14.03,0.1927,0.0321,2.5495,-0.0175,-0.012,0.0148
CLX,2023-08-16,14.48,14.48,14.29,14.29,84711,14.36,14.39,14.04,-0.4496,-0.6729,1.8379,-0.0169,-0.011,0.0165
CLX,2023-08-17,14.29,14.29,14.11,14.11,106150,14.34,14.38,14.04,-1.6077,-1.8916,0.4709,-0.0141,-0.0102,0.0122
CLX,2023-08-18,14.11,14.11,13.46,13.46,298100,14.24,14.34,14.04,-5.4404,-6.0791,-4.1004,-0.0196,-0.0149,0.0141
CLX,2023-08-21,12.08,13.65,12.08,13.37,128600,14.13,14.29,14.04,-5.3525,-6.4214,-4.7319,0.0202,0.014,0.0143
CLX,2023-08-22,13.28,13.37,12.91,13.37,87400,14.02,14.22,14.03,-4.6053,-5.9968,-4.6942,0.0122,0.0089,0.0148
CLX,2023-08-23,13.37,13.37,13.19,13.28,28113,13.92,14.16,14.03,-4.5726,-6.25,-5.3382,-0.0,-0.0,0.0125
CLX,2023-08-24,13.37,13.56,13.28,13.46,77300,13.84,14.12,14.03,-2.7315,-4.6375,-4.0228,0.0042,0.0029,0.0122
CLX,2023-08-25,13.46,13.56,13.37,13.46,48165,13.76,14.07,14.03,-2.1448,-4.2937,-4.0345,-0.0,-0.0,0.0111
CLX,2023-08-28,13.46,13.92,13.46,13.92,144500,13.71,14.04,14.04,1.5467,-0.7885,-0.8254,0.0301,0.0197,0.0135
CLX,2023-08-29,13.92,13.92,13.65,13.83,75800,13.66,14.01,14.05,1.2829,-1.2508,-1.5206,0.0061,0.0038,0.0123
CLX,2023-08-30,13.74,13.83,13.65,13.65,32200,13.59,13.98,14.04,0.407,-2.3425,-2.821,-0.0069,-0.0046,0.0113
CLX,2023-08-31,13.74,13.83,13.56,13.83,70060,13.57,13.95,14.04,1.9715,-0.8592,-1.5081,0.0134,0.0083,0.0113
CLX,2023-09-05,13.83,13.83,13.56,13.83,90265,13.6,13.92,14.04,1.6949,-0.6293,-1.4958,0.0208,0.0139,0.0114
CLX,2023-09-06,13.83,14.11,13.74,14.02,152220,13.67,13.9,14.05,2.5641,0.8626,-0.2091,0.0109,0.0074,0.0105
CLX,2023-09-07,14.11,14.57,14.02,14.2,330800,13.75,13.88,14.05,3.2864,2.2916,1.0505,-0.02,-0.0133,0.0112
CLX,2023-09-08,14.39,14.57,14.2,14.39,104680,13.86,13.89,14.06,3.7924,3.5856,2.2951,-0.0,-0.0,0.0112
CLX,2023-09-11,14.39,14.48,14.11,14.11,77572,13.92,13.88,14.07,1.3245,1.6274,0.2621,-0.007,-0.005,0.0115
CLX,2023-09-12,14.2,14.39,14.11,14.29,27200,14.01,13.88,14.09,2.0408,2.9558,1.4663,0.0011,0.0007,0.0116
CLX,2023-09-13,14.29,16.14,14.29,15.49,1025203,14.16,13.94,14.12,9.375,11.1479,9.7035,0.0521,0.037,0.0138
CLX,2023-09-14,15.49,15.58,14.85,15.03,133627,14.28,13.97,14.15,5.2292,7.5907,6.2443,-0.0095,-0.0069,0.0142
CLX,2023-09-15,15.12,15.12,14.39,14.48,203580,14.37,13.98,14.16,0.7702,3.562,2.2269,-0.0398,-0.0256,0.0175
CLX,2023-09-18,14.57,14.66,14.39,14.48,89700,14.43,14.0,14.18,0.3195,3.4256,2.1205,-0.0076,-0.0056,0.0169
CLX,2023-09-19,14.48,14.48,14.11,14.48,84107,14.5,14.05,14.19,-0.1272,3.0522,2.0276,0.0165,0.0104,0.0165
CLX,2023-09-20,14.29,14.66,14.2,14.39,65800,14.53,14.1,14.19,-1.0152,2.0275,1.3645,-0.0026,-0.0018,0.0156
CLX,2023-09-21,14.29,14.48,14.02,14.02,95800,14.52,14.13,14.19,-3.4308,-0.8157,-1.2089,-0.0142,-0.0091,0.0151
CLX,2023-09-22,14.02,14.02,13.56,13.74,157200,14.45,14.16,14.18,-4.9138,-2.9316,-3.1209,-0.0036,-0.0024,0.0154
CLX,2023-09-25,13.74,13.83,13.28,13.37,129700,14.38,14.15,14.17,-6.9917,-5.5067,-5.6235,-0.0092,-0.0067,0.0156
CLX,2023-09-26,13.37,13.65,13.28,13.28,84804,14.28,14.14,14.15,-6.9768,-6.0972,-6.1767,-0.0119,-0.009,0.0167
CLX,2023-09-27,13.37,13.46,12.91,13.37,92350,14.06,14.11,14.14,-4.918,-5.2597,-5.4142,0.0084,0.0058,0.0123
CLX,2023-09-28,13.19,13.37,13.09,13.09,18900,13.87,14.08,14.11,-5.5851,-6.9767,-7.2259,-0.0056,-0.0033,0.012
CLX,2023-09-29,13.28,13.74,13.28,13.37,48200,13.76,14.06,14.1,-2.815,-4.918,-5.1668,-0.0087,-0.0057,0.0088
CLX,2023-10-02,13.56,13.74,13.37,13.37,42504,13.65,14.04,14.08,-2.027,-4.7619,-5.0426,-0.0205,-0.0147,0.0101
CLX,2023-10-03,13.37,13.46,13.0,13.19,55000,13.52,14.01,14.06,-2.4556,-5.8591,-6.1926,-0.0014,-0.001,0.0086
CLX,2023-10-04,13.28,13.37,13.09,13.19,33652,13.4,13.97,14.04,-1.5829,-5.5794,-6.0446,-0.0032,-0.0021,0.0087
CLX,2023-10-05,13.28,13.28,12.82,12.91,122911,13.29,13.9,14.0,-2.8453,-7.131,-7.7856,-0.0167,-0.0114,0.0089
CLX,2023-10-06,13.0,13.09,12.82,13.09,42937,13.22,13.84,13.97,-0.9763,-5.3649,-6.283,0.0098,0.0066,0.0095
CLX,2023-10-09,13.19,13.28,13.09,13.28,8436,13.21,13.8,13.95,0.4885,-3.7433,-4.8123,0.0025,0.0017,0.0089
CLX,2023-10-10,13.28,13.56,13.19,13.46,44003,13.23,13.75,13.93,1.7422,-2.112,-3.3496,0.0047,0.0031,0.0082
CLX,2023-10-11,13.46,13.46,13.19,13.37,55539,13.23,13.65,13.91,1.0453,-2.027,-3.8462,0.0043,0.0028,0.0078
CLX,2023-10-12,13.37,13.46,13.19,13.19,142500,13.24,13.56,13.88,-0.4178,-2.7211,-5.0086,-0.0529,-0.0357,0.0125
CLX,2023-10-13,13.28,13.28,13.19,13.28,17650,13.23,13.5,13.86,0.3484,-1.6058,-4.2044,0.0048,0.0029,0.0121
CLX,2023-10-16,13.19,13.46,13.19,13.37,99118,13.23,13.44,13.84,1.0453,-0.5146,-3.4106,0.0071,0.0045,0.0108
CLX,2023-10-17,13.37,13.56,13.09,13.09,114843,13.22,13.37,13.82,-0.9763,-2.069,-5.2196,-0.02,-0.0132,0.0126
CLX,2023-10-18,13.28,13.28,12.73,12.91,179200,13.2,13.3,13.78,-2.1663,-2.9126,-6.342,-0.0138,-0.0097,0.0137
CLX,2023-10-19,13.0,13.0,12.82,12.82,151103,13.19,13.24,13.75,-2.7972,-3.1696,-6.7865,-0.0388,-0.026,0.0159
CLX,2023-10-20,12.91,12.91,12.63,12.91,65202,13.17,13.2,13.72,-1.9608,-2.1663,-5.9266,0.0119,0.0078,0.0161
CLX,2023-10-23,12.91,13.0,12.82,12.91,37200,13.13,13.17,13.7,-1.6854,-1.9951,-5.7493,-0.0,-0.0,0.0158
CLX,2023-10-24,13.09,13.09,12.91,13.09,28100,13.09,13.16,13.67,0.0,-0.5254,-4.2352,0.0103,0.007,0.0164
CLX,2023-10-25,13.09,13.28,13.09,13.19,24700,13.08,13.15,13.65,0.8463,0.2454,-3.3914,0.0,0.0,0.016
CLX,2023-10-26,13.09,13.09,12.36,12.54,166513,13.01,13.13,13.61,-3.6145,-4.4609,-7.8716,-0.0092,-0.0068,0.0116
CLX,2023-10-27,12.63,12.82,12.26,12.26,32907,12.91,13.07,13.57,-5.0,-6.1729,-9.6345,-0.0084,-0.0055,0.012
CLX,2023-10-30,12.63,12.73,12.54,12.54,46530,12.83,13.03,13.54,-2.2286,-3.7509,-7.3822,-0.0118,-0.0084,0.0124
CLX,2023-10-31,12.36,12.63,12.26,12.26,18404,12.74,12.98,13.52,-3.7627,-5.5398,-9.2646,-0.0035,-0.0025,0.0108
CLX,2023-11-01,12.54,12.63,12.26,12.54,53716,12.71,12.95,13.5,-1.3063,-3.1684,-7.1039,0.005,0.0035,0.0099
CLX,2023-11-02,12.82,12.91,12.36,12.82,54800,12.71,12.95,13.49,0.8709,-0.9971,-4.9767,0.0055,0.0039,0.0066
CLX,2023-11-03,12.82,13.0,12.82,12.82,25423,12.7,12.93,13.48,0.9441,-0.8912,-4.9117,-0.0076,-0.0048,0.0061
CLX,2023-11-06,13.09,13.19,12.73,12.91,9500,12.7,12.92,13.47,1.6703,-0.0357,-4.149,-0.0006,-0.0004,0.0062
CLX,2023-11-07,12.91,12.91,12.73,12.82,13500,12.67,12.88,13.46,1.1645,-0.501,-4.7423,0.0,0.0,0.0051
CLX,2023-11-08,12.82,13.09,12.73,13.0,54200,12.65,12.86,13.44,2.7697,1.0753,-3.2391,0.0031,0.0022,0.0055
CLX,2023-11-09,13.09,13.19,12.91,12.91,70600,12.69,12.85,13.42,1.7442,0.4664,-3.7933,-0.0118,-0.0079,0.0057
CLX,2023-11-10,13.19,13.19,12.82,12.82,37500,12.74,12.83,13.4,0.5789,-0.0719,-4.3622,-0.0077,-0.0051,0.0056
CLX,2023-11-13,12.82,12.91,12.73,12.82,63500,12.77,12.8,13.38,0.361,0.1441,-4.2172,0.0,0.0,0.0045
CLX,2023-11-14,12.73,13.0,12.73,12.91,41000,12.84,12.79,13.36,0.5747,0.9373,-3.395,0.0048,0.0035,0.0046
CLX,2023-11-15,13.0,13.09,12.91,13.0,45800,12.88,12.8,13.34,0.9306,1.6216,-2.557,-0.0,-0.0,0.0041
CLX,2023-11-16,13.0,13.09,12.91,13.0,57600,12.9,12.8,13.32,0.7863,1.5484,-2.3816,-0.0,-0.0,0.0036
CLX,2023-11-17,13.0,13.19,12.82,13.0,70100,12.92,12.81,13.29,0.6424,1.5119,-2.1784,-0.0,-0.0,0.0028
CLX,2023-11-20,12.82,13.09,12.82,13.0,74900,12.93,12.81,13.27,0.5706,1.4753,-2.0153,0.0053,0.0038,0.0033
CLX,2023-11-21,13.09,13.09,12.91,12.91,45800,12.94,12.8,13.24,-0.2138,0.8282,-2.507,-0.0149,-0.009,0.0048
CLX,2023-11-22,13.09,13.09,12.91,13.0,16100,12.94,12.8,13.19,0.4989,1.6216,-1.44,-0.0,-0.0,0.0045
CLX,2023-11-23,13.09,13.09,12.82,12.82,59906,12.93,12.81,13.15,-0.8559,0.072,-2.5108,-0.0063,-0.0044,0.0039
CLX,2023-11-24,12.82,12.82,12.54,12.82,74600,12.93,12.84,13.12,-0.8559,-0.1436,-2.2641,0.0102,0.0067,0.0042
CLX,2023-11-27,12.73,12.82,12.63,12.73,90612,12.92,12.85,13.08,-1.4989,-0.9332,-2.7073,0.0,0.0,0.0042
CLX,2023-11-28,12.73,12.73,12.63,12.73,82500,12.9,12.87,13.05,-1.3581,-1.1107,-2.4459,0.018,0.0119,0.0055
CLX,2023-11-29,12.63,12.73,12.54,12.73,111600,12.87,12.88,13.01,-1.1461,-1.1815,-2.197,0.0376,0.0243,0.0092
CLX,2023-11-30,12.91,13.0,12.73,12.73,29140,12.85,12.87,12.99,-0.9332,-1.1461,-2.0025,-0.0058,-0.0037,0.0098
CLX,2023-12-01,12.63,12.82,12.54,12.73,21100,12.82,12.87,12.97,-0.7194,-1.1107,-1.8492,0.0026,0.0018,0.0101
CLX,2023-12-04,12.91,13.0,12.73,13.0,52702,12.82,12.87,12.96,1.4388,1.0029,0.3416,0.0087,0.0061,0.0104
CLX,2023-12-05,13.0,13.0,12.82,12.82,34500,12.81,12.87,12.95,0.072,-0.4298,-1.0112,-0.0082,-0.0054,0.0097
CLX,2023-12-06,12.91,13.09,12.91,13.09,65401,12.82,12.88,12.94,2.1583,1.6828,1.1684,0.0131,0.0089,0.011
CLX,2023-12-07,13.09,13.19,12.82,13.0,54600,12.84,12.88,12.94,1.2931,0.9306,0.4703,-0.0,-0.0,0.0104
CLX,2023-12-08,13.19,13.19,12.91,13.0,6300,12.86,12.89,12.93,1.1478,0.8584,0.5276,-0.0006,-0.0004,0.0095
CLX,2023-12-11,13.0,13.09,12.91,12.91,12900,12.87,12.9,12.93,0.2865,0.1072,-0.1142,-0.0042,-0.0028,0.0099
CLX,2023-12-12,13.0,13.09,12.91,13.0,40500,12.9,12.9,12.92,0.7863,0.7863,0.628,-0.0,-0.0,0.0081
CLX,2023-12-13,13.0,13.0,12.73,12.82,74300,12.91,12.89,12.91,-0.7143,-0.5722,-0.7426,-0.0043,-0.0028,0.0048
CLX,2023-12-14,12.91,12.91,12.73,12.73,48900,12.91,12.88,12.91,-1.4286,-1.1815,-1.4286,-0.0111,-0.0075,0.0053
CLX,2023-12-15,12.73,12.82,12.63,12.73,52000,12.91,12.86,12.9,-1.4286,-1.0753,-1.3722,0.0,0.0,0.005
CLX,2023-12-18,12.73,12.73,12.63,12.73,46500,12.88,12.85,12.89,-1.2169,-0.9688,-1.2875,0.0148,0.0093,0.0056
CLX,2023-12-19,12.63,12.73,12.54,12.73,32800,12.87,12.84,12.88,-1.1461,-0.8977,-1.1744,0.0075,0.005,0.0056
CLX,2023-12-20,12.73,12.82,12.54,12.82,46501,12.85,12.83,12.87,-0.2153,-0.1078,-0.3727,0.0244,0.0145,0.0067
CLX,2023-12-21,12.73,12.91,12.63,12.82,6700,12.83,12.83,12.86,-0.0719,-0.1078,-0.3155,0.0009,0.0006,0.0068
CLX,2023-12-22,12.82,12.82,12.82,12.82,16600,12.81,12.83,12.85,0.072,-0.1078,-0.244,0.0,0.0,0.0067
CLX,2023-12-25,12.82,12.82,12.73,12.82,36100,12.8,12.84,12.84,0.1441,-0.1437,-0.158,0.0137,0.0079,0.0077
CLX,2023-12-26,12.82,12.91,12.82,12.82,10301,12.78,12.84,12.83,0.2886,-0.1795,-0.1149,-0.004,-0.0024,0.0081
CLX,2023-12-27,12.91,12.91,12.91,12.91,35400,12.79,12.85,12.83,0.9372,0.4664,0.6036,0.0,0.0,0.0076
CLX,2023-12-28,12.91,12.91,12.91,12.91,19900,12.81,12.86,12.83,0.7919,0.3944,0.5891,0.0,0.0,0.0065
CLX,2023-12-29,12.91,12.91,12.91,12.91,40500,12.83,12.87,12.83,0.647,0.3224,0.5891,0.0,0.0,0.0065
CLX,2024-01-02,12.91,13.0,12.91,13.0,28300,12.86,12.87,12.84,1.1478,1.039,1.2931,0.0058,0.0039,0.0056
CLX,2024-01-03,13.0,13.19,13.0,13.19,31700,12.9,12.89,12.84,2.2159,2.3256,2.7152,0.0064,0.0044,0.0055
CLX,2024-01-04,13.09,13.09,12.91,12.91,56300,12.91,12.88,12.83,-0.0,0.2506,0.6036,-0.0092,-0.0061,0.004
CLX,2024-01-05,13.0,13.0,12.82,13.0,62300,12.93,12.88,12.84,0.5706,0.9667,1.2495,0.0189,0.0124,0.0058
CLX,2024-01-08,12.91,13.0,12.82,12.91,45791,12.94,12.87,12.86,-0.2138,0.2865,0.4304,-0.0,-0.0,0.0058
CLX,2024-01-09,12.91,12.91,12.82,12.91,26900,12.95,12.87,12.86,-0.2849,0.2865,0.3728,0.0063,0.0042,0.0051
CLX,2024-01-10,12.91,13.0,12.91,13.0,42410,12.97,12.87,12.88,0.2845,1.0029,0.9739,0.01,0.0068,0.0057
CLX,2024-01-11,13.09,13.09,12.91,12.91,47600,12.97,12.88,12.88,-0.4268,0.2506,0.2004,-0.0145,-0.0101,0.0071
CLX,2024-01-12,13.09,13.09,12.63,12.91,57500,12.97,12.89,12.89,-0.4268,0.1789,0.186,0.0024,0.0017,0.0074
CLX,2024-01-15,13.09,14.66,13.09,13.56,198450,13.03,12.93,12.9,4.034,4.8503,5.0751,-0.0182,-0.0134,0.0092
CLX,2024-01-16,13.83,14.48,13.37,13.56,73403,13.09,12.97,12.91,3.5941,4.5148,4.97,-0.0102,-0.0068,0.0096
CLX,2024-01-17,13.56,13.56,13.37,13.37,30820,13.1,13.0,12.93,2.0408,2.8369,3.4532,-0.0084,-0.0056,0.0098
CLX,2024-01-18,13.19,13.28,13.19,13.28,29000,13.14,13.03,12.93,1.0526,1.9469,2.6957,0.011,0.0069,0.01
CLX,2024-01-19,13.37,13.37,13.09,13.28,41510,13.17,13.05,12.94,0.8403,1.7668,2.6372,0.0036,0.0024,0.0085
CLX,2024-01-22,13.28,13.28,13.09,13.19,42810,13.2,13.07,12.95,-0.0698,0.9175,1.8664,0.0,0.0,0.0085
CLX,2024-01-23,13.19,13.28,13.0,13.09,56400,13.21,13.08,12.95,-0.9072,0.1058,1.1108,-0.0061,-0.004,0.0084
CLX,2024-01-24,13.0,13.19,13.0,13.09,14000,13.22,13.09,12.95,-0.9763,0.0,1.082,0.0,0.0,0.0074
CLX,2024-01-25,13.0,13.09,13.0,13.09,22100,13.24,13.1,12.96,-1.1142,-0.0704,1.0676,0.0091,0.0056,0.0069
CLX,2024-01-26,13.0,13.19,12.91,13.19,27332,13.27,13.12,12.96,-0.6254,0.5273,1.7504,0.0105,0.0066,0.0077
CLX,2024-01-29,13.09,13.19,13.0,13.09,31401,13.22,13.13,12.96,-0.9763,-0.2459,1.0245,0.0,0.0,0.0059
CLX,2024-01-30,13.09,13.28,13.09,13.19,23300,13.19,13.14,12.97,0.0,0.3861,1.707,0.0,0.0,0.0049
CLX,2024-01-31,13.28,13.28,13.09,13.09,31100,13.16,13.13,12.97,-0.4905,-0.2809,0.967,-0.0045,-0.0032,0.0045
CLX,2024-02-01,13.19,13.56,13.09,13.46,161900,13.18,13.16,12.98,2.1693,2.3126,3.7374,0.0335,0.0196,0.0067
CLX,2024-02-02,13.56,13.65,13.46,13.46,19600,13.2,13.18,12.99,2.0266,2.1336,3.6343,-0.0046,-0.003,0.0068
CLX,2024-02-05,13.56,13.65,13.46,13.56,46601,13.23,13.21,13.01,2.439,2.582,4.2258,0.0,0.0,0.0068
CLX,2024-02-06,13.46,13.56,13.37,13.37,61100,13.26,13.24,13.02,0.8345,1.0101,2.7058,-0.0205,-0.0121,0.0083
CLX,2024-02-07,13.74,13.83,13.28,13.37,45041,13.29,13.26,13.03,0.6245,0.8696,2.604,-0.0095,-0.0062,0.0092
CLX,2024-02-15,13.37,13.65,13.19,13.37,64005,13.32,13.28,13.05,0.4155,0.6944,2.5025,-0.0034,-0.0022,0.0087
CLX,2024-02-16,13.46,13.83,13.46,13.56,89768,13.35,13.31,13.06,1.5194,1.8358,3.7843,-0.0115,-0.0071,0.0087
CLX,2024-02-19,13.65,13.74,13.46,13.56,55421,13.4,13.31,13.08,1.17,1.8358,3.6525,-0.0039,-0.0023,0.0091
CLX,2024-02-20,13.65,13.65,13.46,13.56,27817,13.44,13.31,13.09,0.8923,1.8358,3.5649,0.0,0.0,0.0091
CLX,2024-02-21,13.56,13.56,13.46,13.46,26601,13.47,13.32,13.1,-0.0684,1.108,2.759,-0.007,-0.0043,0.0094
CLX,2024-02-22,13.46,13.65,13.46,13.56,70412,13.48,13.33,13.11,0.5472,1.6949,3.3901,0.0,0.0,0.006
CLX,2024-02-23,13.56,13.65,13.28,13.28,97200,13.46,13.33,13.12,-1.3699,-0.3805,1.2373,-0.0096,-0.0061,0.0065
CLX,2024-02-26,13.37,13.37,13.28,13.37,52400,13.45,13.34,13.12,-0.5487,0.2419,1.8831,0.0108,0.0066,0.0076
CLX,2024-02-27,13.37,13.37,13.28,13.37,67502,13.45,13.35,13.13,-0.5487,0.1381,1.8115,0.0144,0.0086,0.007
CLX,2024-02-28,13.46,13.46,13.37,13.46,59802,13.45,13.37,13.14,0.0685,0.6897,2.4418,0.0146,0.0087,0.0075
CLX,2024-02-29,13.46,13.65,13.37,13.46,52600,13.46,13.39,13.16,-0.0,0.551,2.3412,-0.0037,-0.0023,0.0075
CLX,2024-03-01,13.46,13.56,13.37,13.46,25600,13.45,13.4,13.17,0.0685,0.4472,2.2266,-0.0,-0.0,0.0064
CLX,2024-03-04,13.56,13.65,13.37,13.56,146500,13.45,13.43,13.19,0.754,0.9616,2.7972,0.01,0.0058,0.007
CLX,2024-03-05,13.56,13.83,13.56,13.83,305859,13.48,13.46,13.21,2.5992,2.7749,4.7194,0.0586,0.0343,0.0129
CLX,2024-03-06,13.83,14.39,13.56,13.92,449816,13.53,13.5,13.23,2.9311,3.142,5.2264,-0.0092,-0.0062,0.0131
CLX,2024-03-07,13.92,14.02,13.74,13.83,117601,13.56,13.52,13.25,2.0408,2.3192,4.3696,-0.0074,-0.0045,0.0138
CLX,2024-03-08,13.74,13.74,13.56,13.56,65913,13.58,13.52,13.27,-0.2036,0.2387,2.1685,-0.0064,-0.0041,0.0135
CLX,2024-03-11,13.56,13.56,13.28,13.37,112400,13.58,13.51,13.28,-1.5615,-1.0577,0.6944,-0.0067,-0.004,0.0131
CLX,2024-03-12,13.37,13.46,13.28,13.37,82001,13.58,13.51,13.29,-1.5615,-1.0577,0.6106,0.0,0.0,0.0117
CLX,2024-03-13,13.37,13.65,13.37,13.56,57051,13.59,13.52,13.31,-0.2713,0.2387,1.8853,0.0026,0.0015,0.0105
CLX,2024-03-14,13.46,13.56,13.37,13.37,73051,13.58,13.52,13.31,-1.5615,-1.1251,0.4294,-0.014,-0.0079,0.0115
CLX,2024-03-15,13.37,13.46,13.28,13.37,130110,13.57,13.51,13.32,-1.4946,-1.0577,0.3599,0.0,0.0,0.0115
CLX,2024-03-18,13.37,13.65,13.09,13.28,225216,13.55,13.5,13.33,-1.9742,-1.6394,-0.3874,-0.0106,-0.0058,0.0116
CLX,2024-03-19,13.28,13.37,13.19,13.28,55000,13.49,13.49,13.34,-1.5721,-1.5385,-0.4287,-0.0,-0.0,0.0057
CLX,2024-03-20,13.28,13.37,13.28,13.37,38800,13.44,13.48,13.34,-0.4804,-0.8208,0.235,0.0069,0.0042,0.0055
CLX,2024-03-21,13.37,13.46,13.28,13.46,75601,13.4,13.48,13.35,0.4818,-0.1026,0.8427,0.0118,0.0072,0.0059
CLX,2024-03-22,13.46,13.92,13.46,13.65,214401,13.41,13.5,13.36,1.7882,1.1274,2.1253,-0.0074,-0.0043,0.006
CLX,2024-03-25,13.65,13.65,13.37,13.46,43608,13.42,13.5,13.38,0.3437,-0.2732,0.6619,-0.0025,-0.0014,0.0056
CLX,2024-03-26,13.37,13.56,13.37,13.46,110865,13.43,13.51,13.39,0.2747,-0.3073,0.5787,-0.0,-0.0,0.0056
CLX,2024-03-27,13.46,13.56,13.37,13.46,59708,13.42,13.51,13.4,0.3437,-0.3073,0.5094,-0.0,-0.0,0.0053
CLX,2024-03-28,13.46,13.46,13.37,13.37,63700,13.42,13.5,13.4,-0.3436,-0.9563,-0.2477,-0.0142,-0.0079,0.0053
CLX,2024-03-29,13.46,13.46,13.37,13.37,80000,13.42,13.5,13.41,-0.3436,-0.9225,-0.3163,-0.0162,-0.0093,0.007
CLX,2024-04-01,13.37,13.46,13.28,13.37,110257,13.43,13.49,13.41,-0.4121,-0.8547,-0.2888,0.0,0.0,0.0059
CLX,2024-04-02,13.46,13.56,13.19,13.28,115402,13.43,13.46,13.4,-1.0989,-1.3361,-0.9356,-0.008,-0.0045,0.0067
CLX,2024-04-03,13.28,13.46,13.28,13.37,83400,13.43,13.43,13.4,-0.4121,-0.4463,-0.2477,0.0,0.0,0.006
CLX,2024-04-04,13.37,13.37,13.28,13.28,55900,13.41,13.4,13.4,-0.9629,-0.9288,-0.9356,-0.0095,-0.0055,0.0058
CLX,2024-04-05,13.28,13.37,13.19,13.28,123281,13.37,13.39,13.4,-0.6897,-0.8265,-0.9356,-0.0,-0.0,0.005
CLX,2024-04-08,13.28,13.37,13.19,13.28,57914,13.35,13.39,13.41,-0.5525,-0.7923,-0.9493,-0.0,-0.0,0.0048
CLX,2024-04-09,13.19,13.28,13.09,13.28,49340,13.33,13.38,13.41,-0.4149,-0.7581,-0.9765,0.0104,0.0059,0.0058
CLX,2024-04-10,13.19,13.37,13.0,13.37,87616,13.33,13.37,13.42,0.346,0.0,-0.33,0.018,0.0107,0.0076
CLX,2024-04-11,13.28,13.28,13.09,13.28,28700,13.32,13.37,13.42,-0.277,-0.6554,-1.0446,0.0085,0.0051,0.0071
CLX,2024-04-12,13.19,13.28,13.09,13.19,66100,13.3,13.36,13.42,-0.8321,-1.2771,-1.7317,0.0,0.0,0.0054
CLX,2024-04-15,13.19,13.28,12.73,12.91,240201,13.25,13.34,13.42,-2.5748,-3.2147,-3.7669,-0.0064,-0.0041,0.0061
CLX,2024-04-16,12.82,12.82,12.45,12.54,190609,13.18,13.3,13.4,-4.8286,-5.7193,-6.4263,-0.0158,-0.0089,0.0069
CLX,2024-04-17,12.63,12.73,12.54,12.54,15200,13.09,13.26,13.39,-4.2254,-5.4242,-6.349,-0.0025,-0.0015,0.0071
CLX,2024-04-19,12.54,12.54,12.08,12.36,187300,13.0,13.21,13.37,-4.9645,-6.4246,-7.5735,0.0064,0.0037,0.0068
CLX,2024-04-22,12.17,12.54,12.17,12.54,33711,12.93,13.15,13.35,-2.9957,-4.6284,-6.0644,0.0121,0.0071,0.008
CLX,2024-04-23,12.45,12.45,12.17,12.36,30501,12.84,13.09,13.33,-3.7356,-5.6338,-7.2793,0.0029,0.0017,0.0083
CLX,2024-04-24,12.45,12.63,12.36,12.36,32710,12.74,13.04,13.31,-3.0391,-5.2334,-7.1379,-0.0073,-0.0038,0.008
CLX,2024-04-25,12.36,12.54,12.36,12.45,80600,12.65,12.99,13.29,-1.6035,-4.1533,-6.315,0.0,0.0,0.0062
CLX,2024-04-26,12.45,12.54,12.36,12.36,23205,12.56,12.94,13.27,-1.6153,-4.4904,-6.8668,-0.0091,-0.0044,0.0062
CLX,2024-05-02,12.36,12.54,12.36,12.45,33600,12.49,12.89,13.25,-0.2954,-3.4334,-6.015,0.0,0.0,0.0062
CLX,2024-05-03,12.45,12.63,12.45,12.54,37104,12.45,12.85,13.23,0.7407,-2.404,-5.1736,-0.0,-0.0,0.0056
CLX,2024-05-06,12.54,12.73,12.54,12.63,54801,12.46,12.82,13.21,1.4064,-1.4389,-4.343,-0.0,-0.0,0.004
CLX,2024-05-07,12.63,12.73,12.54,12.73,27408,12.48,12.79,13.19,1.9956,-0.4688,-3.537,0.0106,0.0051,0.0048
CLX,2024-05-08,12.63,12.82,12.63,12.82,72508,12.52,12.76,13.18,2.3564,0.4336,-2.7292,0.0167,0.0097,0.0059
CLX,2024-05-09,12.82,12.82,12.73,12.82,6100,12.55,12.74,13.17,2.1308,0.6153,-2.661,0.0017,0.0009,0.0048
CLX,2024-05-10,12.82,12.82,12.63,12.82,38108,12.6,12.72,13.16,1.757,0.7977,-2.5792,0.0119,0.0068,0.0057
CLX,2024-05-13,12.82,12.82,12.63,12.73,36289,12.63,12.69,13.14,0.7299,0.2907,-3.1851,0.0,0.0,0.005
CLX,2024-05-14,12.73,12.73,12.54,12.63,19907,12.65,12.65,13.13,-0.1458,-0.1458,-3.7651,-0.0,-0.0,0.005
CLX,2024-05-15,12.82,12.82,12.54,12.63,214400,12.68,12.62,13.11,-0.3637,0.1096,-3.6433,-0.0209,-0.0111,0.0062
CLX,2024-05-16,12.73,12.73,12.54,12.63,132800,12.7,12.59,13.09,-0.5084,0.3295,-3.5211,-0.0,-0.0,0.0062
CLX,2024-05-17,12.73,13.56,12.63,12.73,665103,12.72,12.58,13.08,0.0725,1.136,-2.6935,-0.1204,-0.0666,0.0182
CLX,2024-05-20,12.91,13.09,12.82,12.82,81551,12.74,12.6,13.06,0.6517,1.757,-1.8361,-0.014,-0.0077,0.0196
CLX,2024-05-21,12.91,12.91,12.63,12.82,129801,12.74,12.61,13.04,0.5789,1.6454,-1.6695,0.0092,0.0051,0.0195
CLX,2024-05-22,12.73,12.91,12.73,12.73,290440,12.74,12.63,13.01,-0.0724,0.7667,-2.2109,-0.0464,-0.0272,0.0225
CLX,2024-05-23,12.91,13.09,12.63,13.09,352001,12.76,12.66,13.0,2.6012,3.4608,0.695,0.0594,0.0321,0.0282
CLX,2024-05-24,13.28,14.11,13.0,13.65,1146850,12.85,12.72,13.01,6.2455,7.2852,4.905,0.0344,0.0201,0.0305
CLX,2024-05-27,13.74,14.29,13.74,14.02,752707,12.97,12.8,13.02,8.0313,9.4706,7.6335,0.0,0.0,0.0305
CLX,2024-05-28,13.92,14.2,13.83,13.92,317302,13.1,12.88,13.03,6.2632,8.1274,6.8648,-0.039,-0.0225,0.0344
CLX,2024-05-29,14.11,14.2,13.74,13.83,610201,13.22,12.95,13.04,4.6025,6.7996,6.0821,-0.0581,-0.0364,0.0381
CLX,2024-05-30,13.83,14.2,13.83,14.11,465500,13.37,13.03,13.05,5.5172,8.242,8.0814,0.0427,0.0238,0.0424
CLX,2024-05-31,14.02,14.48,14.02,14.2,350672,13.52,13.12,13.07,5.0478,8.2601,8.6343,-0.0191,-0.012,0.0322
CLX,2024-06-03,14.29,14.39,14.11,14.2,248768,13.66,13.2,13.09,3.9838,7.6171,8.4813,-0.0167,-0.0106,0.0325
CLX,2024-06-04,14.11,14.29,14.11,14.2,415123,13.8,13.27,13.11,2.9412,7.0188,8.3439,0.0,0.0,0.0316
CLX,2024-06-05,14.2,14.48,14.2,14.29,246648,13.95,13.34,13.12,2.4454,7.1181,8.9095,-0.015,-0.0084,0.0284
CLX,2024-06-06,14.29,14.29,14.02,14.11,260130,14.05,13.41,13.13,0.3937,5.227,7.4287,-0.0271,-0.0156,0.0252
CLX,2024-06-07,14.11,16.14,14.11,16.14,1700650,14.3,13.57,13.19,12.8304,18.8859,22.3776,0.5884,0.4169,0.0806
CLX,2024-06-10,16.14,17.52,16.14,17.06,1213894,14.61,13.79,13.26,16.793,23.7045,28.6688,0.1044,0.0759,0.0911
CLX,2024-06-11,17.06,17.15,16.32,16.6,1316754,14.87,13.99,13.32,11.5933,18.6552,24.602,-0.0816,-0.0553,0.0953
CLX,2024-06-12,16.6,16.69,15.95,16.51,845585,15.14,14.18,13.38,9.0134,16.3849,23.3292,0.0804,0.0536,0.0976
CLX,2024-06-13,16.41,17.89,16.41,16.97,900581,15.43,14.4,13.46,9.9821,17.8354,26.0965,-0.0544,-0.0363,0.0987
CLX,2024-06-14,17.06,17.06,16.14,16.23,619009,15.63,14.57,13.51,3.8348,11.3572,20.1037,-0.0504,-0.036,0.1018
CLX,2024-06-17,16.41,16.41,16.14,16.32,567039,15.84,14.75,13.57,3.0268,10.6596,20.2446,0.0459,0.0297,0.1048
CLX,2024-06-18,16.32,17.34,16.32,17.06,949167,16.13,14.96,13.65,5.7747,14.0216,25.0,0.0938,0.0598,0.1141
CLX,2024-06-19,17.15,17.15,14.39,16.69,618022,16.37,15.16,13.72,1.9718,10.0973,21.6889,0.1022,0.0671,0.1229
CLX,2024-06-20,16.69,17.8,16.51,17.15,985667,16.67,15.36,13.79,2.8761,11.6446,24.3481,-0.0,-0.0,0.1202
CLX,2024-06-21,17.06,17.89,17.06,17.71,989850,16.83,15.57,13.88,5.2055,13.7441,27.5409,0.1239,0.0945,0.0737
CLX,2024-06-24,17.71,18.35,17.15,17.52,1044989,16.88,15.74,13.97,3.8251,11.3064,25.4456,-0.051,-0.0364,0.0684
CLX,2024-06-25,17.52,17.52,16.14,16.51,1131511,16.87,15.87,14.03,-2.1323,4.0093,17.6548,-0.2068,-0.1361,0.0809
CLX,2024-06-26,16.6,16.88,16.32,16.78,472801,16.89,16.02,14.1,-0.655,4.7783,19.032,0.1004,0.0621,0.0829
CLX,2024-06-27,16.88,17.15,16.51,16.6,463451,16.86,16.14,14.17,-1.5317,2.8278,17.157,-0.1359,-0.096,0.091
CLX,2024-06-28,16.6,16.78,15.95,16.23,493349,16.86,16.24,14.23,-3.7199,-0.0852,14.0192,-0.039,-0.0275,0.0899
CLX,2024-07-01,16.23,16.23,14.94,15.58,1001147,16.78,16.31,14.3,-7.1428,-4.4658,9.0182,-0.0,-0.0,0.0853
CLX,2024-07-02,15.68,15.77,15.4,15.77,263586,16.65,16.39,14.36,-5.3156,-3.7975,9.8125,0.0968,0.0574,0.0856
CLX,2024-07-03,15.68,16.14,15.31,15.58,430193,16.54,16.46,14.42,-5.7971,-5.2956,8.0425,-0.0607,-0.0374,0.0814
CLX,2024-07-04,15.68,16.6,15.58,16.41,531979,16.47,16.57,14.5,-0.336,-0.946,13.1883,0.1252,0.0756,0.094
CLX,2024-07-05,16.6,16.97,16.32,16.41,417823,16.34,16.59,14.58,0.4514,-1.0287,12.5585,-0.0958,-0.0635,0.0912
CLX,2024-07-08,16.78,16.97,16.41,16.6,326048,16.25,16.56,14.67,2.1567,0.2227,13.1648,-0.0275,-0.018,0.0888
CLX,2024-07-09,16.51,16.88,16.41,16.69,421964,16.27,16.57,14.75,2.6077,0.7515,13.1392,0.0203,0.0138,0.0701
CLX,2024-07-10,16.78,17.06,16.69,16.97,567499,16.29,16.59,14.85,4.1903,2.2791,14.2999,0.0643,0.0422,0.0665
CLX,2024-07-11,17.55,17.64,16.87,16.87,380497,16.31,16.59,14.93,3.4433,1.7463,12.9989,-0.0996,-0.0662,0.0629
CLX,2024-07-12,17.16,17.16,16.59,16.78,230118,16.37,16.61,15.02,2.5108,1.0011,11.7228,-0.0266,-0.0188,0.0617
CLX,2024-07-15,16.78,16.78,16.2,16.78,334073,16.49,16.64,15.1,1.7682,0.8625,11.1095,0.1326,0.0931,0.0749
CLX,2024-07-16,16.78,16.87,16.49,16.78,333758,16.59,16.62,15.18,1.1487,0.9479,10.5163,0.0435,0.0304,0.0696
CLX,2024-07-17,16.78,16.97,15.82,16.11,656700,16.64,16.59,15.25,-3.2025,-2.9197,5.6378,-0.0549,-0.0436,0.069
CLX,2024-07-18,16.4,16.4,15.53,16.11,555901,16.61,16.54,15.31,-3.0237,-2.6131,5.184,0.0381,0.0248,0.0603
CLX,2024-07-19,15.82,16.01,15.53,15.82,280200,16.55,16.45,15.37,-4.4133,-3.8038,2.9023,0.013,0.0101,0.052
CLX,2024-07-22,15.82,15.82,14.86,15.53,578247,16.44,16.35,15.43,-5.5425,-4.9783,0.6638,0.0533,0.0364,0.0546
CLX,2024-07-23,15.34,15.34,14.77,14.96,249220,16.27,16.27,15.48,-8.0715,-8.0619,-3.3555,-0.0165,-0.0112,0.0542
CLX,2024-07-24,15.05,15.05,14.38,14.96,401647,16.07,16.18,15.52,-6.9212,-7.5429,-3.6449,0.0732,0.0478,0.0551
CLX,2024-07-25,14.77,14.96,14.57,14.77,136806,15.86,16.09,15.57,-6.8924,-8.2081,-5.1407,0.0,0.0,0.0452
CLX,2024-07-26,14.86,15.44,14.77,15.44,229260,15.72,16.05,15.62,-1.8293,-3.7984,-1.1731,0.0985,0.0589,0.0524
CLX,2024-07-29,15.34,15.63,15.15,15.34,182202,15.58,16.03,15.67,-1.5385,-4.3232,-2.1032,-0.0137,-0.0089,0.0405
CLX,2024-07-30,15.34,15.34,14.86,15.24,147880,15.43,16.01,15.72,-1.1809,-4.7655,-3.0154,0.0265,0.0224,0.0388
CLX,2024-07-31,15.15,15.34,14.86,15.15,290434,15.33,15.99,15.77,-1.1882,-5.2355,-3.9216,0.0148,0.0098,0.0348
CLX,2024-08-01,15.15,15.15,14.19,14.48,629921,15.17,15.89,15.8,-4.5512,-8.8819,-8.339,-0.0436,-0.0283,0.0353
CLX,2024-08-02,14.29,14.86,14.29,14.77,303202,15.06,15.81,15.82,-1.9733,-6.5869,-6.65,0.0407,0.0271,0.0381
CLX,2024-08-05,14.57,14.77,13.9,14.09,417052,14.92,15.68,15.82,-5.527,-10.1208,-10.9019,-0.0331,-0.0234,0.0361
CLX,2024-08-06,14.0,14.48,14.0,14.48,311501,14.87,15.57,15.83,-2.6435,-7.0189,-8.5414,0.0844,0.0547,0.0429
CLX,2024-08-07,14.57,14.77,14.19,14.38,162233,14.81,15.44,15.84,-2.9126,-6.8612,-9.2101,-0.0186,-0.0107,0.0374
CLX,2024-08-08,14.48,14.77,14.48,14.57,116100,14.79,15.33,15.85,-1.4906,-4.9109,-8.0535,-0.0121,-0.0094,0.0386
CLX,2024-08-09,14.86,15.15,14.67,14.96,101239,14.75,15.24,15.87,1.4304,-1.825,-5.7238,0.0069,0.0039,0.0294
CLX,2024-08-12,14.96,15.15,14.77,15.05,128092,14.72,15.15,15.88,2.2801,-0.6329,-5.2212,0.0207,0.013,0.0301
CLX,2024-08-13,15.15,16.78,15.15,15.92,717651,14.78,15.11,15.92,7.6524,5.3634,-0.0039,-0.0189,-0.0125,0.0294
CLX,2024-08-14,16.11,16.3,15.44,15.72,215990,14.84,15.09,15.95,5.9432,4.2262,-1.386,-0.0271,-0.018,0.0306
CLX,2024-08-15,15.72,15.72,15.15,15.24,144054,14.92,15.04,15.97,2.1851,1.3384,-4.5285,-0.0396,-0.0268,0.0302
CLX,2024-08-16,15.34,15.72,15.24,15.72,213233,15.01,15.04,15.96,4.7254,4.5585,-1.4752,0.029,0.0208,0.029
CLX,2024-08-19,15.72,16.01,15.63,15.72,112168,15.18,15.05,15.93,3.6008,4.4919,-1.31,-0.0173,-0.0116,0.0275
CLX,2024-08-20,15.72,15.82,15.63,15.72,116738,15.3,15.09,15.92,2.7569,4.2262,-1.2015,0.0,0.0,0.019
CLX,2024-08-21,15.63,15.72,13.81,15.44,121212,15.41,15.11,15.89,0.1867,2.1574,-2.8781,0.0206,0.0128,0.0192
CLX,2024-08-22,15.53,15.53,15.24,15.44,85438,15.49,15.14,15.86,-0.3713,1.931,-2.6906,0.0097,0.0069,0.019
CLX,2024-08-23,15.44,15.53,15.15,15.24,94827,15.52,15.13,15.84,-1.7912,0.7285,-3.7799,-0.0144,-0.0104,0.0197
CLX,2024-08-26,15.34,15.44,15.15,15.15,84931,15.53,15.13,15.82,-2.4691,0.1585,-4.2432,-0.0208,-0.013,0.0197
CLX,2024-08-27,15.34,15.34,14.96,15.15,72089,15.46,15.12,15.78,-1.9851,0.1902,-4.0113,-0.0,-0.0,0.0178
CLX,2024-08-28,15.24,15.63,15.05,15.63,153124,15.45,15.14,15.76,1.1794,3.1972,-0.8401,0.0485,0.0347,0.02
CLX,2024-08-29,15.34,15.53,15.34,15.34,41730,15.46,15.19,15.72,-0.7444,1.0101,-2.4409,-0.0132,-0.0091,0.0173
CLX,2024-08-30,15.44,15.44,15.24,15.44,34605,15.43,15.22,15.68,0.0622,1.4173,-1.547,0.0113,0.0076,0.0156
CLX,2024-09-04,15.53,15.53,15.15,15.15,74504,15.37,15.27,15.63,-1.4348,-0.8161,-3.0883,-0.0218,-0.0142,0.016
CLX,2024-09-05,15.34,15.34,14.96,15.24,84751,15.32,15.31,15.61,-0.5006,-0.4383,-2.3172,0.0142,0.0089,0.0175
CLX,2024-09-06,15.15,15.15,14.77,14.96,96300,15.27,15.34,15.57,-2.0716,-2.5,-3.9354,0.0,0.0,0.0154
CLX,2024-09-09,14.96,15.05,14.86,14.86,87510,15.22,15.36,15.54,-2.3314,-3.2157,-4.3377,-0.0463,-0.0283,0.0191
CLX,2024-09-10,14.96,15.05,14.67,14.77,70600,15.17,15.35,15.51,-2.6549,-3.7801,-4.7753,-0.0107,-0.0071,0.0187
CLX,2024-09-11,14.86,15.15,14.77,14.96,79400,15.15,15.34,15.49,-1.2658,-2.5,-3.4605,0.0,0.0,0.0166
CLX,2024-09-12,15.15,15.15,14.96,15.05,33200,15.14,15.3,15.48,-0.57,-1.5982,-2.7518,0.0,0.0,0.0166
CLX,2024-09-13,15.05,15.05,14.96,14.96,41802,15.07,15.26,15.47,-0.7634,-1.9793,-3.2928,-0.0207,-0.0133,0.0138
CLX,2024-09-16,15.05,15.05,14.67,14.77,66223,15.01,15.24,15.43,-1.6603,-3.0837,-4.3286,-0.0104,-0.0064,0.0135
CLX,2024-09-17,14.86,15.05,14.67,14.96,30907,14.97,15.2,15.4,-0.0641,-1.5773,-2.9027,0.004,0.0025,0.0128
CLX,2024-09-18,14.96,14.96,14.67,14.67,96500,14.92,15.14,15.37,-1.671,-3.1339,-4.5308,-0.0381,-0.0213,0.0144
CLX,2024-09-19,14.77,14.86,14.67,14.77,52000,14.87,15.1,15.33,-0.7092,-2.1912,-3.6654,0.0,0.0,0.013
CLX,2024-09-20,14.96,14.96,14.77,14.77,54303,14.85,15.06,15.28,-0.581,-1.9733,-3.3877,-0.0133,-0.0077,0.0144
CLX,2024-09-23,14.86,14.86,14.57,14.67,59067,14.83,15.02,15.24,-1.0989,-2.3612,-3.7373,-0.0076,-0.0051,0.0105
CLX,2024-09-24,14.67,14.67,14.48,14.67,115300,14.82,15.0,15.2,-1.0349,-2.1739,-3.47,0.0342,0.0219,0.0128
CLX,2024-09-25,14.67,15.05,14.48,14.86,366300,14.81,14.98,15.16,0.3236,-0.8,-1.9608,0.0261,0.0168,0.0154
CLX,2024-09-26,14.96,14.96,14.77,14.77,80000,14.78,14.96,15.12,-0.1297,-1.3137,-2.3338,-0.0182,-0.0118,0.0173
CLX,2024-09-27,15.05,15.05,14.57,14.67,64441,14.76,14.91,15.09,-0.5848,-1.6393,-2.7831,-0.0114,-0.0075,0.0163
CLX,2024-09-30,14.77,14.77,14.57,14.67,105310,14.75,14.88,15.06,-0.5202,-1.4175,-2.5974,-0.0,-0.0,0.0153
CLX,2024-10-01,14.67,14.77,14.57,14.67,87102,14.72,14.84,15.04,-0.3257,-1.1628,-2.4484,-0.0,-0.0,0.0149
CLX,2024-10-02,14.67,14.77,14.57,14.67,45400,14.72,14.82,15.02,-0.3257,-1.0029,-2.3363,-0.0,-0.0,0.0111
CLX,2024-10-03,14.67,14.67,14.57,14.57,87625,14.7,14.78,15.01,-0.848,-1.4267,-2.925,-0.0136,-0.0094,0.0124
CLX,2024-10-04,14.57,14.57,14.38,14.48,96400,14.67,14.76,15.0,-1.3072,-1.9162,-3.502,0.0,0.0,0.0111
CLX,2024-10-07,14.19,14.57,14.19,14.38,64101,14.64,14.74,15.0,-1.7682,-2.4073,-4.0921,0.0,0.0,0.0103
CLX,2024-10-08,14.48,14.57,14.38,14.57,44139,14.63,14.73,14.98,-0.3932,-1.0417,-2.7013,0.0116,0.0072,0.0081
CLX,2024-10-09,14.57,14.77,14.48,14.57,35700,14.6,14.71,14.96,-0.197,-0.9126,-2.6016,-0.0033,-0.0019,0.0058
CLX,2024-10-10,14.77,14.77,14.57,14.57,21700,14.58,14.68,14.95,-0.0657,-0.7509,-2.5141,-0.0048,-0.0027,0.0045
CLX,2024-10-11,14.67,14.67,14.48,14.48,22706,14.56,14.66,14.94,-0.5925,-1.2426,-3.0684,-0.0085,-0.0047,0.0042
CLX,2024-10-14,14.67,14.77,14.57,14.67,67706,14.56,14.66,14.94,0.7242,0.0981,-1.8098,-0.0,-0.0,0.0042
CLX,2024-10-15,14.67,14.67,14.38,14.57,45002,14.55,14.64,14.94,0.1318,-0.4258,-2.4265,0.0035,0.0023,0.0045
CLX,2024-10-16,14.57,14.57,14.48,14.57,10746,14.54,14.63,14.95,0.1978,-0.3932,-2.4891,0.0041,0.0024,0.005
CLX,2024-10-17,14.57,14.67,14.38,14.67,25316,14.55,14.63,14.95,0.7905,0.295,-1.8728,0.0054,0.0036,0.0041
CLX,2024-10-18,14.48,14.57,14.48,14.57,37210,14.56,14.62,14.95,0.0658,-0.2952,-2.5391,0.0095,0.0063,0.0051
CLX,2024-10-21,14.67,14.67,14.38,14.48,17017,14.57,14.61,14.95,-0.6579,-0.8861,-3.1679,-0.0014,-0.0008,0.0052
CLX,2024-10-22,14.48,14.57,14.48,14.57,100900,14.57,14.6,14.94,0.0,-0.197,-2.4766,0.0295,0.0172,0.007
CLX,2024-10-23,14.38,14.57,14.38,14.57,43614,14.57,14.59,14.93,-0.0,-0.0986,-2.414,0.0181,0.0113,0.0085
CLX,2024-10-24,14.57,14.57,14.48,14.48,17705,14.56,14.57,14.91,-0.5925,-0.6579,-2.8689,-0.0039,-0.0024,0.0084
CLX,2024-10-25,14.38,14.57,14.38,14.48,22750,14.56,14.56,14.88,-0.5925,-0.5925,-2.7062,0.0,0.0,0.0075
CLX,2024-10-28,14.48,14.67,14.48,14.48,42309,14.54,14.55,14.87,-0.4614,-0.527,-2.6058,-0.0207,-0.0121,0.0096
CLX,2024-10-29,14.57,14.67,14.57,14.57,37000,14.54,14.55,14.84,0.1978,0.1647,-1.8088,-0.0144,-0.0084,0.0107
CLX,2024-10-30,14.67,15.34,14.67,15.05,195568,14.59,14.57,14.83,3.1537,3.3235,1.513,0.0142,0.0076,0.0117
CLX,2024-10-31,15.05,15.05,14.77,14.86,34901,14.61,14.58,14.81,1.706,1.9066,0.3366,-0.0051,-0.003,0.0117
CLX,2024-11-01,14.86,14.86,14.67,14.77,27568,14.63,14.6,14.8,0.9174,1.1494,-0.2203,0.0,0.0,0.0107
CLX,2024-11-04,14.77,14.96,14.67,14.77,32100,14.66,14.62,14.78,0.7194,1.0167,-0.1297,-0.0034,-0.0022,0.0109
CLX,2024-11-05,14.67,14.96,14.67,14.77,60560,14.68,14.63,14.78,0.5879,0.9505,-0.0649,-0.0104,-0.0064,0.009
CLX,2024-11-06,14.96,15.34,14.86,15.15,88069,14.74,14.66,14.78,2.7977,3.3693,2.5308,0.0055,0.0034,0.0078
CLX,2024-11-07,15.24,15.34,15.05,15.15,60623,14.8,14.68,14.78,2.3316,3.1668,2.5308,-0.0072,-0.0047,0.0081
CLX,2024-11-08,15.24,15.24,14.86,14.96,32700,14.85,14.71,14.76,0.7101,1.6949,1.325,-0.0057,-0.0034,0.0087
CLX,2024-11-11,14.96,15.53,14.96,15.53,279757,14.96,14.75,14.77,3.8462,5.2974,5.1948,0.0753,0.043,0.0141
CLX,2024-11-12,15.53,15.92,15.44,15.44,119160,15.04,14.79,14.77,2.6131,4.3422,4.5455,-0.0365,-0.0225,0.0164
CLX,2024-11-13,15.44,15.53,15.15,15.34,131341,15.07,14.83,14.77,1.7812,3.426,3.8691,0.0,0.0,0.0149
CLX,2024-11-14,15.34,15.34,14.96,15.15,55010,15.1,14.86,14.77,0.3175,1.9684,2.5841,-0.0,-0.0,0.0144
CLX,2024-11-15,15.15,15.15,14.67,14.86,123900,15.11,14.87,14.77,-1.6497,-0.0645,0.6494,-0.0063,-0.0041,0.015
CLX,2024-11-18,14.57,14.96,14.57,14.77,46000,15.11,14.89,14.76,-2.2843,-0.8052,0.013,0.0,0.0,0.0147
CLX,2024-11-19,14.86,15.05,14.67,14.77,307200,15.11,14.89,14.76,-2.2843,-0.869,0.013,-0.0456,-0.0253,0.0182
CLX,2024-11-20,14.77,14.96,14.77,14.96,39800,15.09,14.91,14.76,-0.8895,0.2893,1.3119,0.0153,0.0085,0.0192
CLX,2024-11-21,14.96,14.96,14.77,14.96,9300,15.07,14.94,14.76,-0.7634,0.1284,1.325,0.0035,0.0021,0.0188
CLX,2024-11-22,14.96,14.96,14.67,14.77,48614,15.05,14.95,14.76,-1.9108,-1.2504,0.052,-0.0061,-0.0042,0.0189
CLX,2024-11-25,14.77,14.96,14.77,14.96,39800,15.0,14.98,14.76,-0.2558,-0.128,1.325,0.0176,0.0115,0.0131
CLX,2024-11-26,14.96,15.15,14.96,14.96,43680,14.95,15.0,14.76,0.0641,-0.2558,1.325,-0.0189,-0.0125,0.0113
CLX,2024-11-27,14.86,15.05,14.86,14.86,37703,14.9,14.99,14.77,-0.2574,-0.8317,0.6494,-0.0202,-0.0122,0.0133
CLX,2024-11-28,14.96,15.05,14.77,14.77,74020,14.86,14.98,14.77,-0.6452,-1.44,0.0,-0.0345,-0.0217,0.0168
CLX,2024-11-29,14.77,15.15,14.77,14.86,58501,14.86,14.99,14.77,0.0,-0.8317,0.6363,-0.0114,-0.0066,0.0173
CLX,2024-12-02,14.96,15.15,14.86,14.86,52700,14.87,14.99,14.77,-0.0645,-0.8634,0.6102,-0.0323,-0.0185,0.0205
CLX,2024-12-03,14.86,15.15,14.77,15.05,112731,14.9,15.01,14.78,1.0296,0.3195,1.8555,0.0174,0.0116,0.0177
CLX,2024-12-04,15.05,15.53,14.96,15.24,251506,14.93,15.01,14.79,2.1195,1.565,3.0995,0.0,0.0,0.0162
CLX,2024-12-05,15.24,15.44,15.24,15.24,97800,14.96,15.01,14.8,1.9231,1.5326,3.0327,-0.0137,-0.0094,0.0172
CLX,2024-12-06,15.24,15.34,15.05,15.05,142010,14.99,15.02,14.8,0.4479,0.2234,1.6839,-0.0408,-0.0265,0.0207
CLX,2024-12-09,15.15,15.24,14.96,15.15,141305,15.01,15.0,14.81,0.9585,0.9907,2.2654,0.0199,0.0137,0.0209
CLX,2024-12-10,15.15,15.92,15.15,15.72,519905,15.08,15.01,14.83,4.2594,4.7254,5.9979,0.098,0.0678,0.0288
CLX,2024-12-11,15.92,15.92,15.34,15.53,247232,15.15,15.02,14.85,2.5316,3.3823,4.5836,-0.0365,-0.0251,0.0304
CLX,2024-12-12,15.53,15.63,15.24,15.44,205006,15.22,15.04,14.87,1.4493,2.6458,3.8174,0.0,0.0,0.027
CLX,2024-12-13,15.34,15.44,15.24,15.44,94189,15.27,15.07,14.89,1.0672,2.4499,3.6837,0.048,0.0312,0.0306
CLX,2024-12-16,15.44,16.3,15.34,15.82,685054,15.37,15.12,14.92,2.932,4.629,6.0548,-0.0,-0.0,0.0274
CLX,2024-12-17,15.92,15.92,15.63,15.72,225963,15.44,15.17,14.94,1.8634,3.6662,5.2496,-0.0438,-0.0262,0.0301
CLX,2024-12-18,15.53,15.72,15.53,15.63,129060,15.48,15.2,14.96,0.9913,2.8067,4.4604,-0.0,-0.0,0.0301
CLX,2024-12-19,15.44,16.3,15.24,16.11,548966,15.56,15.26,14.99,3.512,5.5608,7.4444,0.1023,0.0708,0.0389
CLX,2024-12-20,16.11,16.87,16.01,16.49,968316,15.71,15.35,15.03,5.0061,7.4664,9.7079,0.0348,0.0273,0.0383
CLX,2024-12-23,16.59,16.87,16.2,16.3,404824,15.82,15.41,15.06,3.0303,5.7543,8.1976,-0.133,-0.092,0.0496
CLX,2024-12-24,16.3,16.97,16.3,16.49,824647,15.9,15.49,15.1,3.7394,6.4686,9.1925,-0.1115,-0.0811,0.051
CLX,2024-12-25,16.68,16.78,16.3,16.49,592925,15.99,15.57,15.14,3.1175,5.9113,8.9159,-0.0344,-0.0241,0.0508
CLX,2024-12-26,16.49,16.59,16.01,16.11,554641,16.06,15.64,15.17,0.2985,3.0043,6.1813,-0.1232,-0.0902,0.0631
CLX,2024-12-27,16.3,16.3,15.82,16.01,338235,16.12,15.7,15.2,-0.6544,2.0159,5.3495,-0.022,-0.0142,0.0605
CLX,2024-12-30,15.82,16.2,15.82,16.01,146233,16.14,15.75,15.23,-0.7724,1.6433,5.1372,-0.0,-0.0,0.0605
CLX,2024-12-31,16.11,16.11,15.92,16.01,99020,16.17,15.8,15.26,-0.949,1.335,4.939,-0.0,-0.0,0.0561
CLX,2025-01-02,16.2,16.2,15.92,16.2,298505,16.22,15.85,15.29,-0.1182,2.2384,5.9694,0.1867,0.12,0.0748
CLX,2025-01-03,16.11,16.49,16.01,16.11,185206,16.22,15.89,15.32,-0.7092,1.3575,5.1183,-0.0283,-0.0194,0.0674
CLX,2025-01-06,16.3,16.59,15.63,15.82,290600,16.16,15.93,15.35,-2.0772,-0.6921,3.0606,-0.0577,-0.0395,0.0697
CLX,2025-01-07,15.92,15.92,15.44,15.44,309300,16.07,15.94,15.37,-3.9379,-3.187,0.4367,-0.1117,-0.0743,0.0675
CLX,2025-01-08,15.63,15.63,15.24,15.44,135336,15.96,15.93,15.39,-3.3033,-3.0996,0.324,0.0,0.0,0.0564
CLX,2025-01-09,15.44,15.53,15.34,15.44,81083,15.86,15.93,15.39,-2.6602,-3.0704,0.274,0.0,0.0,0.053
CLX,2025-01-10,15.44,15.63,15.34,15.53,164523,15.8,15.93,15.41,-1.699,-2.4977,0.809,0.0152,0.0111,0.0422
CLX,2025-01-13,15.44,15.53,15.24,15.44,274809,15.74,15.93,15.42,-1.9488,-3.0996,0.0995,0.0364,0.0245,0.0436
CLX,2025-01-14,15.44,15.82,15.44,15.72,216010,15.71,15.93,15.44,0.061,-1.2643,1.8381,0.0549,0.0387,0.0491
CLX,2025-01-15,15.82,15.92,15.63,15.92,80430,15.71,15.94,15.46,1.3431,-0.1203,2.9266,0.0346,0.0269,0.0525
CLX,2025-01-16,15.82,15.92,15.63,15.72,120000,15.66,15.94,15.48,0.4287,-1.3534,1.6109,-0.0194,-0.0135,0.0358
CLX,2025-01-17,15.72,15.82,15.63,15.82,116910,15.63,15.93,15.49,1.227,-0.6623,2.1419,0.0592,0.0378,0.0389
CLX,2025-01-20,15.92,16.49,15.82,16.3,524830,15.68,15.92,15.52,3.9755,2.4096,5.055,0.1188,0.0856,0.045
CLX,2025-01-21,16.4,16.49,16.11,16.2,148000,15.75,15.91,15.53,2.8606,1.8379,4.3468,-0.0395,-0.0296,0.0378
CLX,2025-01-22,16.3,16.97,16.11,16.78,1058033,15.89,15.93,15.56,5.6126,5.3582,7.8649,0.2111,0.1618,0.0589
CLX,2025-01-23,16.97,16.97,16.3,16.3,314991,15.97,15.92,15.57,2.0408,2.4096,4.654,-0.1225,-0.0821,0.0712
CLX,2025-01-24,16.4,16.4,15.92,16.11,485160,16.03,15.92,15.59,0.4785,1.2048,3.2956,-0.0356,-0.0243,0.0732
CLX,2025-02-03,16.2,16.2,15.92,16.2,155831,16.11,15.93,15.62,0.5952,1.7459,3.7319,0.0652,0.0369,0.0761
CLX,2025-02-04,16.2,17.55,16.2,17.26,1483878,16.26,15.99,15.67,6.1321,7.946,10.1322,0.2615,0.2296,0.0967
CLX,2025-02-05,17.45,17.64,16.97,17.26,681233,16.4,16.05,15.72,5.2632,7.5269,9.7829,-0.0329,-0.0265,0.0966
CLX,2025-02-06,17.26,19.18,17.26,18.31,1171833,16.65,16.16,15.79,9.9597,13.3531,15.9966,0.0478,0.0396,0.0994
CLX,2025-02-07,18.31,18.79,17.64,17.93,871642,16.87,16.25,15.85,6.3104,10.357,13.1413,-0.1517,-0.1163,0.1087
CLX,2025-02-10,17.93,18.03,17.16,17.35,950436,16.97,16.32,15.9,2.2599,6.3142,9.1545,-0.1312,-0.0904,0.1099
CLX,2025-02-11,17.45,17.93,17.16,17.83,511393,17.13,16.44,15.96,4.0851,8.4548,11.7654,0.1435,0.1029,0.1203
CLX,2025-02-12,17.64,17.93,17.64,17.83,343881,17.24,16.56,16.01,3.4483,7.67,11.3639,0.0441,0.0361,0.1036
CLX,2025-02-13,17.93,18.03,17.35,17.55,658295,17.36,16.67,16.07,1.0491,5.2632,9.2016,-0.1065,-0.0771,0.102
CLX,2025-02-14,17.45,18.41,17.45,18.22,862214,17.57,16.8,16.14,3.6552,8.4165,12.8936,0.1379,0.1095,0.1122
CLX,2025-02-17,18.41,18.98,17.83,18.5,729071,17.8,16.96,16.21,3.9311,9.132,14.1607,0.0302,0.0261,0.1087
CLX,2025-02-18,18.41,18.89,18.03,18.41,513001,17.92,17.09,16.28,2.7287,7.7139,13.0742,-0.0195,-0.0179,0.0845
CLX,2025-02-19,18.5,18.89,18.22,18.22,481653,18.02,17.21,16.34,1.1176,5.8791,11.4631,-0.1096,-0.0996,0.0922
CLX,2025-02-20,18.31,18.41,18.03,18.12,508788,18.0,17.33,16.4,0.6926,4.5932,10.4875,-0.0716,-0.0581,0.0946
CLX,2025-02-21,17.93,18.7,17.93,18.6,584542,18.06,17.46,16.47,2.9724,6.5056,12.9483,0.1424,0.1206,0.0936
CLX,2025-02-24,18.6,19.94,18.6,19.18,870025,18.25,17.61,16.55,5.0972,8.9028,15.8614,-0.0274,-0.0226,0.0833
CLX,2025-02-25,19.18,19.18,18.6,18.89,469132,18.35,17.74,16.63,2.9258,6.4577,13.6101,0.0,0.0,0.0689
CLX,2025-02-26,18.89,18.98,18.31,18.41,494062,18.41,17.82,16.68,0.0,3.2813,10.3702,-0.0923,-0.0818,0.0737
CLX,2025-02-27,18.41,18.6,18.12,18.5,518584,18.5,17.93,16.74,0.0,3.181,10.551,0.0563,0.0492,0.0687
CLX,2025-02-28,18.98,18.98,17.64,17.74,862548,18.46,18.02,16.78,-3.8961,-1.5434,5.6781,-0.184,-0.1509,0.0733
CLX,2025-03-03,17.93,17.93,17.55,17.55,544995,18.36,18.08,16.83,-4.4386,-2.9692,4.2735,-0.1411,-0.1185,0.0844
CLX,2025-03-04,17.55,17.74,17.35,17.74,508077,18.29,18.11,16.87,-3.0398,-2.0387,5.1734,0.1354,0.1032,0.096
CLX,2025-03-05,14.96,17.83,14.96,17.64,294473,18.24,18.13,16.9,-3.2597,-2.6713,4.3676,0.0404,0.0331,0.0891
CLX,2025-03-06,17.55,17.93,17.55,17.83,258202,18.21,18.1,16.95,-2.0537,-1.4831,5.2274,0.0169,0.0149,0.0836
CLX,2025-03-07,17.83,17.83,17.35,17.55,368720,18.1,18.08,16.98,-3.072,-2.9692,3.3548,-0.015,-0.0123,0.0709
CLX,2025-03-10,17.55,17.64,17.07,17.26,280012,17.91,18.08,16.99,-3.6403,-4.5346,1.5687,-0.0201,-0.0151,0.0702
CLX,2025-03-11,17.16,17.83,16.78,17.45,348191,17.77,18.06,17.01,-1.7809,-3.3714,2.5583,0.0159,0.0124,0.0717
CLX,2025-03-12,17.45,17.55,17.16,17.26,213614,17.65,18.03,17.03,-2.2271,-4.2808,1.3399,-0.0199,-0.0153,0.0645
CLX,2025-03-13,17.26,17.26,16.87,16.87,210501,17.49,18.0,17.04,-3.5088,-6.2334,-0.9567,-0.0345,-0.0259,0.0623
CLX,2025-03-14,16.87,16.97,16.68,16.78,288238,17.39,17.92,17.05,-3.5281,-6.3921,-1.5969,-0.018,-0.0139,0.0457
CLX,2025-03-17,16.97,17.26,16.78,17.26,137712,17.36,17.86,17.08,-0.6074,-3.3816,1.0668,0.0369,0.0279,0.0353
CLX,2025-03-18,17.07,17.35,16.97,17.07,93700,17.3,17.8,17.1,-1.3304,-4.0948,-0.1795,-0.0086,-0.0067,0.0226
CLX,2025-03-19,17.07,17.16,16.78,16.97,121251,17.23,17.73,17.12,-1.5025,-4.2985,-0.8514,-0.0,-0.0,0.0186
CLX,2025-03-20,17.07,17.26,16.68,16.78,122420,17.12,17.67,17.13,-2.0157,-5.0204,-2.0376,-0.021,-0.0172,0.019
CLX,2025-03-21,16.87,17.07,16.78,16.87,80920,17.06,17.58,17.14,-1.068,-4.0087,-1.566,-0.0069,-0.0057,0.0182
CLX,2025-03-24,16.78,16.97,16.59,16.87,118307,17.02,17.46,17.16,-0.8451,-3.3763,-1.687,0.0116,0.0087,0.0173
CLX,2025-03-25,16.78,17.07,16.78,17.07,131601,16.98,17.37,17.2,0.5082,-1.766,-0.7583,0.0361,0.0278,0.0194
CLX,2025-03-26,17.26,17.45,17.07,17.16,189317,16.97,17.31,17.23,1.1299,-0.8585,-0.4006,-0.0296,-0.0214,0.0203
CLX,2025-03-27,17.35,17.55,17.07,17.26,93676,17.01,17.25,17.27,1.4656,0.0556,-0.0555,-0.0054,-0.0044,0.0174
CLX,2025-03-28,17.35,17.45,16.97,17.07,90400,17.04,17.22,17.3,0.1688,-0.8633,-1.3413,-0.0178,-0.0135,0.0174
CLX,2025-03-31,17.07,17.07,16.68,16.78,179604,16.99,17.18,17.33,-1.2415,-2.3165,-3.1544,-0.0205,-0.0147,0.0158
CLX,2025-04-01,16.78,17.07,16.78,16.87,153001,16.97,17.13,17.35,-0.565,-1.5109,-2.7302,-0.0179,-0.0133,0.0167
CLX,2025-04-02,17.07,17.26,16.87,16.87,47705,16.96,17.1,17.37,-0.5088,-1.29,-2.8376,-0.012,-0.0098,0.0179
CLX,2025-04-03,16.68,16.68,14.86,14.96,945405,16.78,16.95,17.35,-10.8571,-11.7647,-13.8026,-0.0501,-0.0346,0.0208
CLX,2025-04-04,14.96,15.24,14.19,15.24,462608,16.62,16.84,17.34,-8.2516,-9.4533,-12.0867,0.0325,0.0237,0.0233
CLX,2025-04-08,14.96,14.96,12.85,13.04,695526,16.23,16.63,17.28,-19.6692,-21.5686,-24.5199,-0.0556,-0.0352,0.0278
CLX,2025-04-09,13.04,13.42,12.08,12.56,385058,15.78,16.38,17.2,-20.4131,-23.3246,-26.987,-0.0101,-0.0067,0.0251
CLX,2025-04-10,14.77,14.77,14.57,14.77,55200,15.54,16.26,17.16,-4.9969,-9.1713,-13.9665,0.0645,0.0467,0.0286
CLX,2025-04-11,15.34,15.34,14.19,14.57,293476,15.27,16.14,17.13,-4.5825,-9.7119,-14.9127,-0.0071,-0.0047,0.0288
CLX,2025-04-14,14.77,15.05,14.67,14.96,96859,15.06,16.05,17.1,-0.7002,-6.81,-12.5561,0.0077,0.0049,0.0278
CLX,2025-04-15,14.77,15.15,14.67,14.86,279501,14.87,15.93,17.08,-0.0645,-6.7108,-12.98,-0.0112,-0.0069,0.0269
CLX,2025-04-16,14.86,15.15,14.57,14.77,92172,14.66,15.82,17.03,0.7194,-6.6384,-13.2883,-0.0074,-0.0044,0.0258
CLX,2025-04-17,14.77,14.86,14.57,14.86,54600,14.46,15.71,16.98,2.7851,-5.4013,-12.4788,0.0128,0.008,0.0259
CLX,2025-04-18,15.05,16.3,14.96,15.34,181326,14.5,15.64,16.92,5.8201,-1.9007,-9.3382,-0.0123,-0.0097,0.0221
CLX,2025-04-21,15.34,16.3,15.34,15.53,359802,14.53,15.57,16.87,6.9307,-0.2463,-7.9441,-0.0449,-0.0332,0.0234
CLX,2025-04-22,15.82,15.82,14.38,14.96,212616,14.72,15.48,16.83,1.6287,-3.3457,-11.101,-0.0047,-0.0033,0.0183
CLX,2025-04-23,15.15,16.01,15.15,15.24,206708,14.99,15.38,16.77,1.7274,-0.9037,-9.1117,-0.04,-0.0268,0.0213
CLX,2025-04-24,15.34,15.53,15.15,15.24,38033,15.03,15.29,16.72,1.4031,-0.2822,-8.8303,-0.0055,-0.0036,0.0154
CLX,2025-04-25,15.15,15.34,15.05,15.15,70902,15.09,15.18,16.67,0.3812,-0.221,-9.1432,-0.0046,-0.0028,0.0151
CLX,2025-04-28,15.53,15.53,15.05,15.15,13634,15.11,15.09,16.61,0.2538,0.4131,-8.8076,-0.0027,-0.0019,0.0146
CLX,2025-04-29,15.24,15.44,15.05,15.34,106023,15.16,15.01,16.55,1.2018,2.1711,-7.3001,0.0173,0.0115,0.0152
CLX,2025-05-05,15.34,15.34,15.05,15.15,66020,15.2,14.93,16.48,-0.3155,1.4772,-8.0968,-0.006,-0.0042,0.0151
CLX,2025-05-06,15.24,15.53,15.15,15.44,130205,15.25,14.86,16.43,1.1942,3.9045,-6.0348,0.0133,0.0112,0.0151
CLX,2025-05-07,15.44,15.53,15.24,15.44,36237,15.26,14.88,16.37,1.1307,3.7371,-5.7267,0.0029,0.0022,0.0142
CLX,2025-05-08,15.34,15.53,15.34,15.53,72940,15.26,14.89,16.31,1.7588,4.2807,-4.7843,0.0179,0.0111,0.0115
CLX,2025-05-09,15.53,15.72,15.44,15.53,116200,15.32,15.02,16.24,1.3767,3.4153,-4.3571,-0.0098,-0.0074,0.012
CLX,2025-05-12,15.44,15.53,15.34,15.53,98915,15.35,15.17,16.17,1.1868,2.402,-3.9602,0.018,0.0128,0.0098
CLX,2025-05-13,15.53,15.82,15.53,15.82,148514,15.41,15.22,16.12,2.6758,3.937,-1.8675,0.031,0.021,0.0124
CLX,2025-05-14,15.72,15.72,15.53,15.63,54750,15.46,15.27,16.06,1.1166,2.3227,-2.7098,-0.0,-0.0,0.0119
CLX,2025-05-15,15.63,15.63,15.34,15.53,91135,15.49,15.3,16.02,0.2475,1.5038,-3.0405,0.0061,0.0045,0.0122
CLX,2025-05-16,15.44,15.53,15.24,15.34,106213,15.49,15.33,15.98,-0.9901,0.0938,-3.9731,-0.0055,-0.004,0.011
CLX,2025-05-19,15.24,15.44,15.15,15.34,81310,15.51,15.36,15.93,-1.1125,-0.0937,-3.6841,0.0056,0.004,0.011
CLX,2025-05-20,15.34,15.34,15.24,15.24,75400,15.49,15.37,15.88,-1.6089,-0.8419,-3.9971,-0.0153,-0.0098,0.0112
CLX,2025-05-21,15.34,15.34,15.15,15.24,107100,15.48,15.37,15.83,-1.487,-0.811,-3.6831,0.0,0.0,0.0109
CLX,2025-05-22,15.24,15.24,15.15,15.24,36800,15.45,15.36,15.78,-1.3035,-0.7181,-3.4022,0.0056,0.0042,0.0097
CLX,2025-05-23,15.24,15.24,15.05,15.15,39173,15.41,15.36,15.74,-1.6801,-1.4041,-3.7524,-0.0,-0.0,0.0087
CLX,2025-05-26,15.05,15.44,15.05,15.44,35001,15.4,15.37,15.7,0.2491,0.4054,-1.6734,0.0047,0.0033,0.0074
CLX,2025-05-27,15.44,16.01,15.44,15.72,191506,15.39,15.4,15.67,2.1807,2.1171,0.3549,0.0,0.0,0.0043
CLX,2025-05-28,15.72,16.01,15.53,15.72,73072,15.4,15.43,15.65,2.1171,1.9267,0.5025,-0.0028,-0.0021,0.0046
CLX,2025-05-29,15.82,16.01,15.63,15.72,81710,15.42,15.46,15.62,1.99,1.737,0.6382,-0.0067,-0.0049,0.0046
CLX,2025-05-30,15.63,15.82,15.44,15.63,126220,15.45,15.47,15.59,1.1794,1.0226,0.2337,-0.0,-0.0,0.0041
CLX,2025-06-02,15.53,15.53,15.34,15.53,164210,15.47,15.49,15.56,0.434,0.2786,-0.1848,0.0271,0.0234,0.0062
CLX,2025-06-03,15.53,15.63,15.44,15.53,71730,15.49,15.49,15.53,0.2475,0.2475,0.0,0.0,0.0,0.0047
CLX,2025-06-04,15.53,15.63,15.44,15.44,95616,15.51,15.49,15.51,-0.4944,-0.3713,-0.4452,-0.0173,-0.0126,0.0064
CLX,2025-06-05,15.44,15.53,15.34,15.53,61600,15.54,15.49,15.48,-0.0617,0.2475,0.3469,0.0131,0.0092,0.0072
CLX,2025-06-06,15.44,15.53,15.34,15.34,112700,15.56,15.48,15.45,-1.4171,-0.9288,-0.6951,-0.0179,-0.0128,0.009
CLX,2025-06-09,15.44,15.44,15.34,15.44,28800,15.56,15.48,15.42,-0.801,-0.2787,0.1368,0.0057,0.0041,0.0091
CLX,2025-06-10,15.44,15.53,15.34,15.44,54068,15.53,15.46,15.38,-0.6173,-0.155,0.3616,0.0,0.0,0.0091
CLX,2025-06-11,15.44,15.44,15.34,15.34,53500,15.49,15.45,15.34,-0.9901,-0.6828,-0.0125,-0.0203,-0.0126,0.0108
CLX,2025-06-12,15.34,15.44,15.34,15.44,36900,15.47,15.44,15.31,-0.186,-0.031,0.8267,0.0088,0.0063,0.011
CLX,2025-06-13,15.34,15.44,15.24,15.34,78100,15.44,15.44,15.28,-0.6211,-0.652,0.389,-0.0,-0.0,0.011
CLX,2025-06-16,15.34,15.53,15.34,15.53,51510,15.44,15.45,15.25,0.6211,0.5275,1.8228,0.0081,0.0054,0.0091
CLX,2025-06-17,15.44,15.63,15.44,15.44,62335,15.43,15.46,15.23,0.0622,-0.155,1.3854,-0.0155,-0.0112,0.0107
CLX,2025-06-18,15.44,15.82,15.44,15.63,79800,15.45,15.48,15.24,1.1794,0.96,2.5544,-0.0,-0.0,0.0089
CLX,2025-06-19,15.63,15.72,15.53,15.63,102846,15.46,15.5,15.25,1.1166,0.8351,2.5028,-0.0,-0.0,0.0076
CLX,2025-06-20,15.63,15.63,15.44,15.63,52602,15.48,15.52,15.3,0.9288,0.6794,2.1559,0.0116,0.0074,0.007
CLX,2025-06-23,15.53,15.53,15.34,15.44,87300,15.48,15.52,15.36,-0.3096,-0.5559,0.5245,0.0,0.0,0.0064
CLX,2025-06-24,15.53,15.72,15.44,15.53,67800,15.49,15.51,15.37,0.2475,0.1236,1.0479,-0.0045,-0.0029,0.0069
CLX,2025-06-25,15.44,15.53,15.34,15.44,107400,15.5,15.5,15.39,-0.4329,-0.4021,0.3115,0.0,0.0,0.0049
CLX,2025-06-26,15.44,15.53,15.44,15.44,23101,15.5,15.48,15.4,-0.4329,-0.3096,0.2491,-0.0062,-0.004,0.0046
CLX,2025-06-27,15.53,16.3,15.53,16.11,369050,15.58,15.51,15.42,3.3846,3.864,4.4386,0.0439,0.03,0.009
CLX,2025-06-30,16.11,16.59,16.11,16.11,244421,15.64,15.54,15.45,3.0043,3.6717,4.2572,-0.0601,-0.0419,0.0142
CLX,2025-07-01,16.3,16.3,16.01,16.11,228600,15.71,15.57,15.48,2.5641,3.4801,4.0892,-0.0212,-0.0142,0.0148
CLX,2025-07-02,16.11,16.59,16.11,16.4,253240,15.78,15.61,15.5,3.8882,5.0046,5.8037,0.0084,0.0063,0.0156
CLX,2025-07-03,16.49,16.59,15.92,16.11,378642,15.83,15.64,15.51,1.7565,2.9727,3.8704,-0.0312,-0.0211,0.0187
CLX,2025-07-04,16.11,16.3,16.01,16.3,92002,15.9,15.69,15.53,2.5332,3.8802,4.9253,0.026,0.0175,0.0202
CLX,2025-07-07,16.11,16.59,16.11,16.49,193805,16.0,15.74,15.56,3.0557,4.7503,5.9896,0.0154,0.0137,0.0217
CLX,2025-07-08,16.59,16.68,16.3,16.49,149736,16.1,15.8,15.58,2.4419,4.4006,5.8201,0.0,0.0,0.0212
CLX,2025-07-09,16.49,16.49,16.3,16.4,111634,16.19,15.85,15.61,1.2433,3.4483,5.0369,-0.0,-0.0,0.0212
CLX,2025-07-10,16.4,16.49,16.3,16.4,56113,16.29,15.9,15.63,0.6474,3.1363,4.8694,-0.0,-0.0,0.0206
CLX,2025-07-11,16.4,16.4,16.2,16.3,114818,16.31,15.94,15.65,-0.0588,2.2249,4.1284,0.0,0.0,0.0162
CLX,2025-07-14,16.3,17.0,16.3,16.4,60341,16.34,15.99,15.68,0.377,2.5755,4.6026,-0.0056,-0.0043,0.0108
CLX,2025-07-15,16.4,16.4,16.2,16.3,81579,16.36,16.03,15.7,-0.3523,1.6756,3.8504,0.0,0.0,0.0087
CLX,2025-07-16,16.3,16.3,16.2,16.3,65020,16.35,16.06,15.71,-0.2941,1.4631,3.7363,0.0086,0.0068,0.0087
CLX,2025-07-17,16.3,16.5,16.3,16.4,117802,16.38,16.1,15.73,0.1387,1.841,4.2576,-0.0,-0.0,0.0056
CLX,2025-07-18,16.4,16.8,16.4,16.5,221598,16.4,16.15,15.75,0.6262,2.1854,4.7644,-0.0141,-0.0102,0.0044
CLX,2025-07-21,16.5,16.5,16.2,16.2,132611,16.37,16.19,15.76,-1.0276,0.0909,2.7725,-0.0144,-0.0101,0.0043
CLX,2025-07-22,16.3,16.3,16.1,16.3,144800,16.35,16.22,15.77,-0.3001,0.4706,3.344,0.0142,0.0093,0.0057
CLX,2025-07-23,16.3,16.7,16.2,16.6,375907,16.37,16.28,15.79,1.4081,1.9542,5.1166,0.0282,0.018,0.0085
CLX,2025-07-24,16.7,16.8,16.5,16.5,259205,16.38,16.33,15.81,0.7328,1.0102,4.3555,-0.0376,-0.0253,0.0123
CLX,2025-07-25,16.6,16.7,16.4,16.6,154700,16.41,16.36,15.84,1.1578,1.4695,4.821,0.0054,0.0035,0.0128
CLX,2025-07-28,16.5,17.2,16.5,16.9,573200,16.46,16.4,15.87,2.6731,3.0538,6.5056,0.0066,0.005,0.0129
CLX,2025-07-29,17.0,17.1,16.3,16.4,351000,16.47,16.41,15.89,-0.425,-0.0841,3.2043,-0.0096,-0.0066,0.0139
CLX,2025-07-30,16.2,16.7,16.2,16.5,167400,16.49,16.42,15.92,0.0606,0.4931,3.6698,0.0029,0.0021,0.0133
CLX,2025-07-31,16.5,16.8,16.4,16.6,184900,16.51,16.44,15.94,0.5451,0.9509,4.1208,0.0,0.0,0.0133
CLX,2025-08-01,16.6,16.6,16.2,16.4,213600,16.5,16.45,15.97,-0.6061,-0.2959,2.7052,-0.0,-0.0,0.0119
CLX,2025-08-04,16.4,16.4,16.2,16.4,119000,16.52,16.44,15.99,-0.7264,-0.2682,2.5814,0.0112,0.0076,0.0116
CLX,2025-08-05,16.4,16.8,16.3,16.5,444000,16.54,16.44,16.0,-0.2418,0.3373,3.1069,-0.0092,-0.0058,0.0111
CLX,2025-08-06,16.6,16.6,16.4,16.5,134900,16.53,16.45,16.02,-0.1815,0.3055,3.007,0.0,0.0,0.0083
CLX,2025-08-07,16.6,16.9,16.5,16.6,209200,16.54,16.46,16.04,0.3628,0.8507,3.5181,-0.0102,-0.0071,0.0055
CLX,2025-08-08,16.7,16.7,16.3,16.6,237400,16.54,16.48,16.06,0.3628,0.7587,3.3928,0.0119,0.0077,0.0062
CLX,2025-08-11,16.6,17.3,16.5,17.3,534100,16.58,16.52,16.09,4.3426,4.7215,7.516,0.0608,0.0369,0.0116
CLX,2025-08-12,17.3,17.6,17.0,17.2,443900,16.66,16.57,16.12,3.2413,3.8334,6.6735,-0.0171,-0.0112,0.0123
CLX,2025-08-13,17.3,17.5,16.8,17.0,206800,16.71,16.6,16.16,1.7355,2.4096,5.229,-0.0089,-0.0051,0.0129
CLX,2025-08-14,17.1,17.1,16.7,17.0,340500,16.75,16.63,16.18,1.4925,2.2249,5.0382,0.0182,0.0107,0.0148
CLX,2025-08-15,16.9,16.9,16.5,16.7,235800,16.78,16.64,16.21,-0.4768,0.3606,3.0116,0.0,0.0,0.0148
CLX,2025-08-18,16.7,16.8,16.6,16.7,53500,16.81,16.66,16.24,-0.6544,0.21,2.8513,-0.0,-0.0,0.0136
CLX,2025-08-19,16.8,16.8,16.6,16.8,132900,16.84,16.69,16.26,-0.2375,0.6591,3.2937,0.012,0.0072,0.0139
CLX,2025-08-20,16.7,17.5,16.7,16.9,398600,16.88,16.7,16.3,0.1185,1.1673,3.7097,-0.0173,-0.0099,0.0157
CLX,2025-08-21,17.0,17.0,16.4,16.4,207100,16.86,16.7,16.31,-2.7284,-1.7964,0.5225,-0.0194,-0.0112,0.0166
CLX,2025-08-22,16.5,16.6,16.1,16.3,449000,16.83,16.68,16.33,-3.1491,-2.3075,-0.2078,-0.0064,-0.0039,0.016
CLX,2025-08-25,16.4,16.5,16.1,16.2,97100,16.72,16.65,16.35,-3.11,-2.7027,-0.901,-0.0044,-0.0027,0.0104
CLX,2025-08-26,16.2,16.5,16.2,16.3,140500,16.63,16.64,16.36,-1.9844,-2.0727,-0.3945,-0.0038,-0.0022,0.009
CLX,2025-08-27,16.4,16.4,16.2,16.3,151600,16.56,16.63,16.38,-1.57,-2.0138,-0.4762,0.0,0.0,0.0082
CLX,2025-08-28,16.2,16.4,16.2,16.4,155000,16.5,16.62,16.39,-0.6061,-1.3534,0.0402,0.0226,0.0122,0.0086
CLX,2025-08-29,16.4,16.4,16.2,16.2,130800,16.45,16.62,16.4,-1.5198,-2.4977,-1.2487,-0.0137,-0.0078,0.01
CLX,2025-09-03,16.3,16.5,16.2,16.4,82500,16.42,16.62,16.42,-0.1218,-1.294,-0.1468,0.0036,0.0021,0.0103
CLX,2025-09-04,16.4,16.7,16.4,16.6,142100,16.4,16.62,16.45,1.2195,-0.1203,0.9397,0.0054,0.0032,0.0097
CLX,2025-09-05,16.5,16.8,16.5,16.5,122400,16.36,16.62,16.47,0.8557,-0.722,0.2021,-0.0077,-0.0046,0.0087
CLX,2025-09-08,16.3,16.4,16.2,16.2,133600,16.34,16.6,16.48,-0.8568,-2.4096,-1.7109,-0.0083,-0.005,0.0076
CLX,2025-09-09,16.2,16.3,16.2,16.2,60600,16.33,16.58,16.48,-0.7961,-2.2919,-1.7219,-0.0092,-0.0052,0.0079
CLX,2025-09-10,16.3,16.3,16.3,16.3,35800,16.34,16.53,16.49,-0.2448,-1.3914,-1.1383,0.0,0.0,0.0074
CLX,2025-09-11,16.3,16.3,16.1,16.2,75600,16.33,16.48,16.49,-0.7961,-1.699,-1.7558,-0.0,-0.0,0.0071
CLX,2025-09-12,16.5,16.5,16.3,16.5,43500,16.35,16.45,16.49,0.9174,0.2735,0.0508,0.007,0.0039,0.0078
CLX,2025-09-15,16.5,16.6,16.3,16.5,68600,16.36,16.43,16.5,0.8557,0.426,0.0033,0.0036,0.0019,0.0059
CLX,2025-09-16,16.5,16.6,16.4,16.6,145300,16.4,16.42,16.51,1.2195,1.0654,0.5727,0.0179,0.0102,0.0063
CLX,2025-09-17,16.7,16.7,16.5,16.5,32300,16.41,16.42,16.51,0.5484,0.5178,-0.0342,-0.0041,-0.0023,0.0063
CLX,2025-09-18,16.5,16.5,16.3,16.3,108300,16.38,16.39,16.5,-0.4884,-0.5491,-1.223,-0.0285,-0.015,0.0086
CLX,2025-09-19,16.3,16.4,16.2,16.3,77400,16.36,16.36,16.5,-0.3667,-0.3667,-1.2115,0.0,0.0,0.0079
CLX,2025-09-22,16.3,16.3,16.1,16.2,159500,16.36,16.35,16.5,-0.978,-0.9174,-1.7943,-0.0,-0.0,0.007
CLX,2025-09-23,16.1,16.2,16.1,16.2,24400,16.36,16.35,16.49,-0.978,-0.8871,-1.7825,0.0054,0.0032,0.0066
CLX,2025-09-24,16.2,16.3,16.0,16.3,32200,16.36,16.35,16.49,-0.3667,-0.3058,-1.1642,0.0037,0.0022,0.007
CLX,2025-09-25,16.4,16.4,16.1,16.2,34800,16.36,16.35,16.49,-0.978,-0.8871,-1.7586,-0.0018,-0.001,0.0072
CLX,2025-09-26,16.2,16.3,16.1,16.1,94200,16.32,16.34,16.49,-1.348,-1.4386,-2.3414,-0.0156,-0.0089,0.0081
CLX,2025-09-29,16.2,16.2,16.0,16.2,101800,16.29,16.32,16.48,-0.5525,-0.7657,-1.711,0.0203,0.0118,0.0097
CLX,2025-09-30,16.2,16.2,16.0,16.1,94100,16.24,16.32,16.47,-0.8621,-1.348,-2.2702,0.0,0.0,0.0079
CLX,2025-10-01,16.1,16.3,16.1,16.3,58800,16.22,16.32,16.48,0.4932,-0.0919,-1.0682,0.0188,0.0098,0.0094
CLX,2025-10-02,16.1,16.1,16.1,16.1,6000,16.2,16.29,16.47,-0.6173,-1.1664,-2.2584,0.0,0.0,0.0066
CLX,2025-10-03,16.0,16.1,16.0,16.1,52900,16.18,16.27,16.46,-0.4944,-1.0449,-2.199,0.0098,0.0062,0.0075
