ticker,time,open,high,low,close,volume,ma10,ma20,ma50,ma10_score,ma20_score,ma50_score,money_flow,dollar_flow,trend_score
DRI,2017-05-23,11.15,11.15,4.8,4.8,111700,,,,,,,-0.0788,-0.0457,0.0079
DRI,2017-05-24,4.86,5.7,4.86,4.86,202103,,,,,,,-0.2303,-0.1037,0.0309
DRI,2017-05-25,4.8,5.64,4.8,5.64,202103,,,,,,,0.2372,0.1218,0.0546
DRI,2017-05-26,6.06,6.06,6.0,6.06,180912,,,,,,,0.2265,0.1138,0.0773
DRI,2017-05-29,6.96,6.96,6.6,6.96,659560,,,,,,,0.4703,0.3771,0.1243
DRI,2017-05-30,7.14,7.2,6.36,6.6,222051,,,,,,,-0.0564,-0.044,0.13
DRI,2017-05-31,6.36,6.6,6.18,6.36,307650,,,,,,,-0.0418,-0.0261,0.1341
DRI,2017-06-01,6.3,6.78,6.3,6.6,260098,,,,,,,0.0998,0.0601,0.1441
DRI,2017-06-02,6.78,6.78,6.36,6.48,201770,,,,,,,-0.1113,-0.0692,0.1552
DRI,2017-06-05,6.6,7.5,6.6,7.5,1181703,6.18,,,21.2415,,,1.5605,1.1766,0.3113
DRI,2017-06-06,8.22,8.34,7.8,8.34,1144164,6.54,,,27.5229,,,1.177,0.8965,0.4211
DRI,2017-06-07,9.47,9.47,7.68,7.92,534081,6.84,,,15.688,,,-0.3719,-0.3121,0.4353
DRI,2017-06-08,7.92,8.1,7.5,7.8,626765,7.06,,,10.4503,,,0.0,0.0,0.4116
DRI,2017-06-09,7.62,8.4,7.38,7.92,809448,7.24,,,9.2715,,,0.0629,0.052,0.3952
DRI,2017-06-12,7.86,7.92,7.5,7.5,303639,7.3,,,2.7116,,,-0.3776,-0.2994,0.3859
DRI,2017-06-13,7.44,7.8,7.38,7.5,282010,7.39,,,1.461,,,-0.1483,-0.1143,0.3951
DRI,2017-06-14,7.62,7.8,7.5,7.68,335263,7.52,,,2.0733,,,0.0705,0.0561,0.398
DRI,2017-06-15,7.74,7.98,7.68,7.86,683387,7.65,,,2.7451,,,0.1734,0.1524,0.4053
DRI,2017-06-16,7.8,7.92,7.68,7.8,478560,7.78,,,0.2314,,,0.0,0.0,0.3942
DRI,2017-06-19,7.68,7.68,7.56,7.62,263813,7.79,6.99,,-2.2324,9.0129,,0.0,0.0,0.2382
DRI,2017-06-20,7.56,7.74,7.44,7.56,292594,7.71,7.12,,-2.0218,6.0606,,-0.0646,-0.0412,0.1269
DRI,2017-06-21,7.56,7.56,6.9,7.38,469469,7.66,7.25,,-3.6805,1.737,,0.2352,0.1616,0.1133
DRI,2017-06-22,7.32,7.5,7.2,7.32,179955,7.61,7.33,,-3.8613,-0.2453,,-0.0324,-0.0239,0.1165
DRI,2017-06-23,7.26,7.38,7.08,7.2,323882,7.54,7.39,,-4.5346,-2.6369,,-0.0676,-0.0484,0.117
DRI,2017-06-26,7.2,7.26,7.14,7.2,296132,7.51,7.4,,-4.1533,-2.7946,,0.0,0.0,0.0792
DRI,2017-06-27,7.14,7.2,7.02,7.02,323371,7.46,7.42,,-5.9486,-5.4928,,-0.2996,-0.2105,0.0943
DRI,2017-06-28,7.08,7.26,7.02,7.14,191987,7.41,7.46,,-3.6437,-4.3793,,0.0,0.0,0.0873
DRI,2017-06-29,7.14,7.2,7.02,7.14,147894,7.33,7.49,,-2.6983,-4.7238,,0.0655,0.0489,0.0765
DRI,2017-06-30,7.08,7.26,7.02,7.26,228730,7.28,7.53,,-0.3295,-3.6241,,0.2697,0.1626,0.1035
DRI,2017-07-03,7.08,7.14,6.96,7.08,129963,7.23,7.51,,-2.0747,-5.7508,,0.0554,0.0375,0.109
DRI,2017-07-04,7.08,7.08,6.9,6.9,108441,7.16,7.44,,-3.6851,-7.2581,,-0.1568,-0.1071,0.1182
DRI,2017-07-05,6.9,6.96,6.66,6.78,184216,7.1,7.38,,-4.5608,-8.1674,,-0.0396,-0.0318,0.0987
DRI,2017-07-06,6.78,6.78,6.54,6.72,258661,7.04,7.32,,-4.5997,-8.3095,,0.1098,0.085,0.1064
DRI,2017-07-07,6.6,7.38,6.6,7.2,323455,7.04,7.29,,2.2147,-1.2751,,0.1128,0.0948,0.1109
DRI,2017-07-10,6.9,7.26,6.9,7.08,184762,7.03,7.27,,0.6826,-2.6403,,0.0,0.0,0.1109
DRI,2017-07-11,7.02,7.2,6.96,7.08,244318,7.03,7.25,,0.5967,-2.3583,,-0.0,-0.0,0.081
DRI,2017-07-12,7.08,7.32,7.08,7.2,162603,7.04,7.22,,2.2147,-0.3736,,0.0,0.0,0.081
DRI,2017-07-13,7.2,7.2,7.02,7.14,91623,7.04,7.19,,1.3629,-0.7092,,0.0411,0.0263,0.0785
DRI,2017-07-14,7.08,7.14,7.02,7.08,70471,7.02,7.15,,0.7685,-1.0483,,0.0,0.0,0.0515
DRI,2017-07-17,7.08,7.08,6.9,6.96,121410,7.01,7.12,,-0.7699,-2.2746,,-0.0371,-0.0287,0.0497
DRI,2017-07-18,6.96,6.96,6.78,6.84,110384,7.0,7.08,,-2.3973,-3.4717,,-0.048,-0.0319,0.0388
DRI,2017-07-19,6.9,7.02,6.84,7.02,137456,7.03,7.06,,-0.1707,-0.6792,,0.1806,0.115,0.0529
DRI,2017-07-20,7.38,7.5,7.08,7.2,278599,7.08,7.06,,1.695,1.9542,,-0.1423,-0.1047,0.0562
DRI,2017-07-21,7.2,7.2,7.02,7.08,145319,7.06,7.05,,0.1698,0.3401,,-0.0517,-0.0365,0.0501
DRI,2017-07-24,6.96,7.2,6.9,6.9,129474,7.05,7.04,,-2.1277,-2.0026,,-0.2223,-0.1407,0.0723
DRI,2017-07-25,7.14,7.2,6.9,6.9,313589,7.03,7.03,,-1.8771,-1.919,,-0.403,-0.2717,0.1126
DRI,2017-07-26,6.96,7.08,6.96,7.02,156911,7.01,7.03,,0.0855,-0.1281,,-0.0,-0.0,0.1126
DRI,2017-07-27,7.02,7.14,6.96,7.14,176065,7.01,7.03,,1.7964,1.5792,,0.2778,0.1886,0.1363
DRI,2017-07-28,7.14,7.5,7.08,7.38,729965,7.04,7.03,,4.7701,4.9041,,0.4049,0.3051,0.1768
DRI,2017-07-31,7.44,8.04,7.44,7.8,1015920,7.12,7.07,7.07,9.4277,10.3098,10.3191,0.1686,0.1197,0.1899
DRI,2017-08-01,7.8,7.8,7.56,7.74,354922,7.21,7.11,7.13,7.2319,8.8149,8.5676,0.175,0.133,0.2026
DRI,2017-08-02,7.56,7.62,7.38,7.62,489515,7.27,7.15,7.18,4.6991,6.499,6.0632,0.5913,0.4068,0.2437
DRI,2017-08-03,7.56,7.92,7.56,7.8,1033806,7.33,7.21,7.22,6.296,8.1981,7.9197,0.4291,0.3344,0.2724
DRI,2017-08-04,7.8,7.86,7.62,7.74,496171,7.4,7.23,7.26,4.5381,6.9652,6.594,0.0,0.0,0.2672
DRI,2017-08-07,7.2,8.64,7.2,8.28,1478248,7.54,7.29,7.28,9.7852,13.4868,13.6176,0.8024,0.6522,0.3252
DRI,2017-08-08,8.52,8.58,8.34,8.34,979616,7.68,7.35,7.32,8.509,13.3306,13.8971,-0.9397,-0.8352,0.3789
DRI,2017-08-09,8.52,8.58,8.16,8.28,779444,7.81,7.41,7.36,5.9907,11.6956,12.4877,-0.2548,-0.2414,0.4044
DRI,2017-08-10,8.22,8.34,8.16,8.28,400919,7.92,7.47,7.39,4.4663,10.8433,11.9766,0.1736,0.1601,0.3939
DRI,2017-08-11,8.28,8.52,8.22,8.34,532324,8.02,7.53,7.43,3.9641,10.7129,12.2235,-0.1261,-0.1022,0.3661
DRI,2017-08-14,8.34,8.4,8.34,8.4,220878,8.08,7.6,7.45,3.9347,10.4537,12.7578,0.2292,0.2068,0.3721
DRI,2017-08-15,8.4,8.82,8.4,8.76,919203,8.18,7.7,7.45,7.0381,13.7515,17.4578,0.9155,0.8273,0.4462
DRI,2017-08-16,8.76,8.76,8.64,8.76,409341,8.29,7.78,7.47,5.5676,12.4807,17.1938,0.5595,0.4577,0.443
DRI,2017-08-17,8.7,8.76,8.52,8.52,551343,8.37,7.85,7.49,1.7921,8.4797,13.7638,-0.3131,-0.3075,0.4314
DRI,2017-08-18,8.52,8.58,8.34,8.58,330354,8.45,7.92,7.5,1.4904,8.2104,14.3634,0.4835,0.4092,0.4797
DRI,2017-08-21,8.58,8.58,8.46,8.46,203296,8.47,8.0,7.52,-0.1417,5.6575,12.476,-0.2756,-0.2521,0.4271
DRI,2017-08-22,8.4,8.46,8.28,8.28,425055,8.46,8.07,7.53,-2.197,2.526,9.8551,-0.6775,-0.629,0.4008
DRI,2017-08-23,8.28,8.4,8.28,8.4,310843,8.47,8.14,7.55,-0.92,3.1308,11.2347,0.638,0.517,0.4392
DRI,2017-08-24,8.34,8.52,8.34,8.4,153507,8.49,8.2,7.56,-1.06,2.3392,11.0759,-0.0768,-0.0664,0.4295
DRI,2017-08-25,8.4,8.58,8.4,8.52,168181,8.5,8.26,7.57,0.141,3.0853,12.4485,0.0723,0.0599,0.4241
DRI,2017-08-28,8.83,8.83,8.52,8.58,284361,8.52,8.3,7.59,0.6554,3.3476,12.9811,-0.1754,-0.1602,0.4187
DRI,2017-08-29,8.64,9.01,8.64,8.89,545082,8.53,8.36,7.62,4.1398,6.3537,16.6651,0.1551,0.1397,0.3427
DRI,2017-08-30,8.89,8.95,8.76,8.83,380642,8.54,8.42,7.65,3.3259,4.8508,15.41,-0.1747,-0.1498,0.3042
DRI,2017-08-31,8.83,8.89,8.52,8.64,652035,8.55,8.46,7.67,0.996,2.1237,12.582,-0.2649,-0.2214,0.2994
DRI,2017-09-01,8.64,8.64,8.33,8.39,902422,8.54,8.49,7.7,-1.6984,-1.1977,9.0028,-0.9361,-0.7216,0.3446
DRI,2017-09-05,8.39,8.58,8.39,8.45,145450,8.54,8.5,7.72,-0.9676,-0.5697,9.4528,-0.0639,-0.0501,0.3235
DRI,2017-09-06,8.58,8.58,8.33,8.39,165982,8.55,8.5,7.75,-1.8286,-1.3331,8.2625,-0.1233,-0.0942,0.2681
DRI,2017-09-07,8.33,8.39,8.08,8.14,632083,8.52,8.5,7.77,-4.4545,-4.1815,4.7827,-0.5701,-0.4042,0.2613
DRI,2017-09-08,8.27,8.33,8.08,8.08,297646,8.49,8.49,7.79,-4.8317,-4.8035,3.7308,-0.4315,-0.3155,0.2967
DRI,2017-09-11,8.08,8.14,7.71,7.89,391815,8.43,8.47,7.8,-6.3422,-6.7578,1.1713,-0.0657,-0.0484,0.2961
DRI,2017-09-12,7.83,7.96,7.77,7.96,112475,8.37,8.44,7.82,-4.9034,-5.7789,1.7386,0.1831,0.1065,0.2968
DRI,2017-09-13,7.89,8.2,7.89,8.2,175334,8.3,8.42,7.85,-1.1236,-2.5166,4.568,0.2541,0.1766,0.3067
DRI,2017-09-14,8.08,8.08,7.96,7.96,125108,8.21,8.38,7.87,-3.1037,-5.0196,1.0953,-0.2041,-0.1203,0.3097
DRI,2017-09-15,8.08,8.08,7.89,7.96,68548,8.14,8.35,7.89,-2.2901,-4.7013,0.7779,-0.029,-0.017,0.2861
DRI,2017-09-18,7.89,7.89,7.71,7.89,263954,8.09,8.31,7.91,-2.4578,-5.0583,-0.1859,0.418,0.2525,0.2343
DRI,2017-09-19,7.83,7.96,7.83,7.96,89364,8.04,8.29,7.93,-1.0819,-4.0223,0.3768,0.1097,0.0836,0.2389
DRI,2017-09-20,7.96,7.96,7.89,7.89,37324,7.99,8.27,7.94,-1.2442,-4.5524,-0.6125,-0.0479,-0.0393,0.2313
DRI,2017-09-21,7.96,7.96,7.77,7.77,135650,7.96,8.24,7.95,-2.3438,-5.6986,-2.3187,-0.1917,-0.1302,0.1935
DRI,2017-09-22,7.96,7.96,7.77,7.89,179142,7.94,8.21,7.97,-0.5482,-3.8972,-0.9445,0.0706,0.0486,0.1574
DRI,2017-09-25,7.89,7.89,7.83,7.83,131584,7.93,8.18,7.98,-1.2539,-4.2553,-1.9104,-0.1875,-0.135,0.1696
DRI,2017-09-26,7.89,8.02,7.83,8.02,152123,7.94,8.15,8.01,1.018,-1.6394,0.1586,0.1793,0.133,0.1692
DRI,2017-09-27,7.89,8.39,7.89,8.08,232092,7.92,8.11,8.03,1.9608,-0.3831,0.6224,-0.0703,-0.0514,0.1508
DRI,2017-09-28,8.02,8.08,7.83,7.96,218319,7.92,8.07,8.05,0.3922,-1.3867,-1.157,-0.0,-0.0,0.1304
DRI,2017-09-29,7.89,7.89,7.77,7.83,227165,7.91,8.03,8.06,-1.0212,-2.439,-2.8548,0.0,0.0,0.1275
DRI,2017-10-02,7.83,7.96,7.71,7.77,205701,7.9,8.0,8.08,-1.6523,-2.8372,-3.7913,-0.2001,-0.14,0.1057
DRI,2017-10-03,7.77,7.83,7.52,7.65,120779,7.87,7.96,8.09,-2.8436,-3.9063,-5.5059,-0.0559,-0.0315,0.1003
DRI,2017-10-04,7.71,7.71,7.65,7.71,57228,7.85,7.92,8.11,-1.821,-2.7069,-4.9282,0.0917,0.0661,0.1047
DRI,2017-10-05,7.77,7.77,7.65,7.71,80249,7.84,7.9,8.12,-1.7432,-2.439,-5.09,0.0,0.0,0.0855
DRI,2017-10-06,7.71,7.71,7.65,7.65,94252,7.82,7.88,8.13,-2.2258,-2.9586,-5.9733,-0.2064,-0.131,0.0991
DRI,2017-10-09,7.65,7.71,7.58,7.71,65450,7.81,7.87,8.14,-1.2739,-2.0537,-5.286,0.1085,0.0913,0.0912
DRI,2017-10-10,7.65,7.71,7.52,7.58,150006,7.76,7.85,8.13,-2.3218,-3.4046,-6.7649,-0.0792,-0.0518,0.0812
DRI,2017-10-11,7.58,7.58,7.27,7.46,331184,7.7,7.81,8.13,-3.1477,-4.5346,-8.2308,0.0953,0.0693,0.0837
DRI,2017-10-12,7.52,7.58,7.4,7.46,144340,7.65,7.79,8.12,-2.5183,-4.2298,-8.1953,-0.0599,-0.038,0.0897
DRI,2017-10-13,7.46,7.83,7.4,7.71,310419,7.64,7.78,8.12,0.8951,-0.8793,-5.1144,0.1814,0.1249,0.1078
DRI,2017-10-16,7.65,7.65,7.46,7.46,97748,7.61,7.75,8.12,-1.9608,-3.8076,-8.1125,-0.1453,-0.0781,0.1024
DRI,2017-10-17,7.46,7.58,7.4,7.52,212494,7.6,7.73,8.1,-0.9821,-2.7332,-7.1743,0.07,0.0493,0.1038
DRI,2017-10-18,7.58,7.58,7.4,7.46,89911,7.57,7.71,8.08,-1.4778,-3.2648,-7.7417,-0.0276,-0.0187,0.0974
DRI,2017-10-19,7.52,7.52,7.46,7.52,107483,7.55,7.7,8.07,-0.4116,-2.3012,-6.7989,0.1382,0.089,0.1112
DRI,2017-10-20,7.58,7.58,7.46,7.52,117931,7.54,7.68,8.05,-0.2474,-2.064,-6.6242,-0.0,-0.0,0.0905
DRI,2017-10-23,7.46,7.46,7.21,7.33,184737,7.5,7.65,8.03,-2.2369,-4.1819,-8.7123,-0.0,-0.0,0.0797
DRI,2017-10-24,7.21,7.27,7.09,7.15,265320,7.46,7.61,8.01,-4.1667,-6.0842,-10.7561,-0.1588,-0.1064,0.0877
DRI,2017-10-25,7.15,7.15,7.09,7.15,59807,7.43,7.56,7.98,-3.7657,-5.5054,-10.3965,0.0884,0.0581,0.087
DRI,2017-10-26,7.09,7.15,7.02,7.09,138870,7.39,7.52,7.94,-4.1211,-5.7851,-10.8022,0.0,0.0,0.081
DRI,2017-10-27,7.09,7.21,7.09,7.15,35503,7.33,7.49,7.92,-2.5424,-4.5247,-9.709,-0.0,-0.0,0.0628
DRI,2017-10-30,7.21,7.21,7.15,7.21,82647,7.31,7.46,7.89,-1.3605,-3.3333,-8.6085,0.0836,0.0517,0.0567
DRI,2017-10-31,7.15,7.15,7.02,7.15,143220,7.27,7.43,7.86,-1.7094,-3.8462,-9.0951,0.1713,0.1217,0.0668
DRI,2017-11-01,7.09,7.21,7.02,7.21,103000,7.25,7.41,7.84,-0.5145,-2.6845,-8.0554,0.1267,0.0948,0.0767
DRI,2017-11-02,7.09,7.09,6.96,6.96,132042,7.19,7.37,7.81,-3.1979,-5.5649,-10.9,-0.1509,-0.0907,0.078
DRI,2017-11-03,6.9,7.02,6.71,6.96,97795,7.14,7.34,7.78,-2.439,-5.1249,-10.5717,0.0595,0.0377,0.0839
DRI,2017-11-06,7.02,7.21,7.02,7.21,198827,7.12,7.31,7.76,1.2217,-1.4024,-7.0662,0.2938,0.1714,0.1133
DRI,2017-11-07,7.21,7.27,7.21,7.21,31813,7.13,7.29,7.73,1.1334,-1.1504,-6.7374,-0.0545,-0.0355,0.1029
DRI,2017-11-08,7.21,7.21,7.02,7.15,152546,7.13,7.28,7.7,0.2615,-1.7934,-7.1233,0.0508,0.0281,0.0991
DRI,2017-11-09,7.09,7.09,7.02,7.02,52110,7.12,7.26,7.66,-1.3962,-3.212,-8.309,-0.0722,-0.0426,0.1063
DRI,2017-11-10,7.02,7.15,7.02,7.15,51758,7.12,7.23,7.63,0.349,-1.1178,-6.3213,0.0627,0.0239,0.1126
DRI,2017-11-13,7.09,7.15,7.09,7.15,64448,7.12,7.21,7.61,0.4366,-0.9048,-6.0151,0.067,0.0324,0.1109
DRI,2017-11-14,7.09,7.21,7.09,7.15,78900,7.12,7.19,7.58,0.4366,-0.648,-5.6914,-0.0,-0.0,0.0938
DRI,2017-11-15,7.15,7.27,7.15,7.21,140541,7.12,7.18,7.56,1.3101,0.3895,-4.5739,0.0,0.0,0.0811
DRI,2017-11-16,7.21,7.33,7.15,7.21,205002,7.14,7.17,7.54,0.9574,0.6071,-4.3378,-0.0664,-0.0437,0.0727
DRI,2017-11-17,7.27,7.33,7.15,7.27,223600,7.17,7.15,7.52,1.3865,1.6507,-3.3058,0.0977,0.0556,0.0765
DRI,2017-11-20,7.21,7.21,7.09,7.15,172889,7.17,7.14,7.51,-0.2602,0.0435,-4.7698,-0.0,-0.0,0.0471
DRI,2017-11-21,7.15,7.15,6.96,7.09,128822,7.15,7.14,7.49,-0.9556,-0.7833,-5.3785,0.0433,0.0201,0.046
DRI,2017-11-22,7.15,7.15,7.02,7.09,109847,7.15,7.14,7.47,-0.8695,-0.7401,-5.0949,0.0,0.0,0.0409
DRI,2017-11-23,7.09,7.09,6.77,7.02,466644,7.15,7.14,7.45,-1.7392,-1.568,-5.6919,0.3438,0.186,0.0681
DRI,2017-11-24,6.9,6.96,6.84,6.9,59746,7.12,7.12,7.43,-3.1414,-3.1414,-7.0975,-0.0,-0.0,0.0618
DRI,2017-11-27,6.84,7.02,6.84,6.9,128000,7.1,7.11,7.41,-2.8021,-2.9296,-6.848,-0.0346,-0.0231,0.0586
DRI,2017-11-28,7.02,7.02,6.84,6.9,179354,7.07,7.09,7.39,-2.4605,-2.7596,-6.5814,-0.0276,-0.018,0.0613
DRI,2017-11-29,6.84,6.96,6.84,6.96,105973,7.05,7.08,7.37,-1.2345,-1.7112,-5.5012,0.0743,0.0495,0.0688
DRI,2017-11-30,6.96,7.02,6.9,6.96,207510,7.02,7.08,7.35,-0.8849,-1.7112,-5.2934,0.0,0.0,0.0621
DRI,2017-12-01,6.96,7.09,6.96,7.09,118100,7.0,7.09,7.33,1.1535,-0.0438,-3.3898,0.1299,0.0689,0.0653
DRI,2017-12-04,7.15,7.33,7.15,7.27,107231,7.02,7.09,7.32,3.6315,2.5416,-0.696,0.0249,0.0148,0.0678
DRI,2017-12-05,7.27,7.33,7.09,7.09,116301,7.02,7.09,7.3,0.9744,0.0,-2.9952,-0.0596,-0.0361,0.0695
DRI,2017-12-06,7.15,7.15,7.02,7.09,29300,7.02,7.08,7.28,0.9744,0.0439,-2.7303,0.0,0.0,0.0695
DRI,2017-12-07,7.09,7.15,7.02,7.09,40465,7.02,7.09,7.27,0.885,0.0,-2.4974,0.0,0.0,0.0351
DRI,2017-12-08,7.09,7.21,7.02,7.21,79870,7.05,7.09,7.25,2.2027,1.7098,-0.6168,0.0844,0.0539,0.0435
DRI,2017-12-11,7.21,7.21,7.15,7.15,68655,7.08,7.09,7.24,0.9657,0.8329,-1.3045,-0.0637,-0.0388,0.0464
DRI,2017-12-12,7.21,7.33,7.09,7.21,263810,7.11,7.09,7.23,1.3986,1.6652,-0.3265,0.0,0.0,0.0437
DRI,2017-12-13,7.15,7.27,7.15,7.27,122143,7.14,7.09,7.22,1.8276,2.4967,0.6538,0.1663,0.1026,0.0529
DRI,2017-12-14,7.33,8.02,7.33,7.96,712951,7.24,7.13,7.23,9.8713,11.5469,10.0413,0.6714,0.4746,0.12
DRI,2017-12-15,7.96,8.2,7.83,7.96,181944,7.33,7.17,7.24,8.5666,11.0148,9.9468,-0.048,-0.029,0.1118
DRI,2017-12-18,7.96,7.96,7.71,7.83,175108,7.38,7.2,7.24,6.0606,8.7614,8.1917,0.0,0.0,0.1093
DRI,2017-12-19,7.71,7.77,7.58,7.65,193391,7.44,7.23,7.24,2.7568,5.7609,5.5975,-0.0802,-0.0415,0.1114
DRI,2017-12-20,7.58,7.89,7.58,7.89,207760,7.52,7.27,7.25,4.9586,8.5934,8.9007,0.2411,0.1635,0.1355
DRI,2017-12-21,7.83,8.02,7.71,7.77,194140,7.59,7.31,7.25,2.3751,6.3377,7.0939,-0.1019,-0.0627,0.1457
DRI,2017-12-22,7.77,7.83,7.65,7.65,103595,7.63,7.34,7.25,0.1628,4.1049,5.3984,-0.148,-0.0826,0.1521
DRI,2017-12-25,7.71,7.71,7.4,7.52,218305,7.67,7.37,7.25,-1.9449,1.9806,3.6669,-0.0634,-0.0372,0.152
DRI,2017-12-26,7.46,7.58,7.33,7.52,174806,7.7,7.41,7.25,-2.3406,1.5526,3.6669,0.1005,0.0548,0.1621
DRI,2017-12-27,7.46,7.77,7.46,7.46,354644,7.72,7.43,7.25,-3.3816,0.3764,2.8102,-0.4035,-0.2382,0.1858
DRI,2017-12-28,7.52,7.58,7.46,7.52,117667,7.68,7.46,7.25,-2.0243,0.8333,3.6669,-0.0,-0.0,0.1187
DRI,2017-12-29,7.52,7.52,7.27,7.46,300100,7.63,7.48,7.25,-2.2004,-0.2493,2.8278,0.1437,0.0835,0.1282
DRI,2018-01-02,7.46,7.52,7.33,7.46,159462,7.59,7.49,7.26,-1.7199,-0.3736,2.7926,0.0395,0.0242,0.1322
DRI,2018-01-03,7.52,7.52,7.4,7.4,120721,7.56,7.5,7.26,-2.2186,-1.4085,1.8661,-0.0945,-0.0516,0.1336
DRI,2018-01-04,7.46,7.71,7.4,7.58,231808,7.53,7.53,7.27,0.6601,0.7432,4.3092,0.0411,0.0224,0.1136
DRI,2018-01-05,7.58,7.71,7.52,7.52,264759,7.51,7.55,7.28,0.1655,-0.3706,3.3305,-0.1652,-0.112,0.1199
DRI,2018-01-08,7.58,7.65,7.46,7.58,163993,7.5,7.57,7.29,1.0771,0.2054,4.0601,0.0285,0.0172,0.108
DRI,2018-01-09,7.71,8.08,7.71,7.96,857675,7.55,7.61,7.3,5.4366,4.5752,8.9548,0.1604,0.1038,0.1177
DRI,2018-01-10,7.96,8.27,7.89,7.96,551767,7.59,7.65,7.32,4.8321,4.0651,8.7142,-0.1974,-0.1125,0.1274
DRI,2018-01-11,7.96,8.02,7.83,7.96,253223,7.64,7.68,7.33,4.1497,3.6018,8.493,0.0478,0.0308,0.0918
DRI,2018-01-12,7.96,8.02,7.77,7.83,362515,7.67,7.67,7.35,2.107,2.0656,6.5449,-0.065,-0.044,0.0983
DRI,2018-01-15,7.83,7.96,7.77,7.96,254452,7.72,7.67,7.37,3.0596,3.6857,7.944,0.1666,0.1015,0.1006
DRI,2018-01-16,7.96,8.39,7.96,8.2,1306606,7.79,7.69,7.39,5.2632,6.6667,11.0177,0.143,0.0952,0.111
DRI,2018-01-17,8.39,8.39,7.89,7.96,376588,7.85,7.71,7.41,1.346,3.2258,7.4367,-0.1218,-0.0773,0.1137
DRI,2018-01-18,7.96,7.96,7.83,7.83,298750,7.88,7.7,7.42,-0.5525,1.6539,5.563,-0.1253,-0.0723,0.1221
DRI,2018-01-19,7.89,7.89,7.71,7.83,416902,7.91,7.71,7.43,-0.9434,1.6129,5.3336,0.0835,0.0388,0.1139
DRI,2018-01-22,7.83,7.96,7.65,7.83,326260,7.93,7.72,7.45,-1.2539,1.4902,5.1402,0.0436,0.0224,0.1154
DRI,2018-01-23,7.89,7.89,7.71,7.83,240233,7.92,7.73,7.46,-1.0989,1.2862,4.9476,0.2253,0.1869,0.1219
DRI,2018-01-24,7.77,7.96,7.77,7.83,160005,7.91,7.75,7.48,-0.9434,1.083,4.7556,-0.185,-0.1311,0.1207
DRI,2018-01-25,7.83,7.83,7.58,7.65,352259,7.88,7.76,7.48,-2.9203,-1.4424,2.1425,-0.0779,-0.0392,0.1237
DRI,2018-01-26,7.65,7.65,7.52,7.58,185163,7.85,7.76,7.49,-3.4046,-2.2827,1.2112,0.0,0.0,0.1172
DRI,2018-01-29,7.65,7.71,7.52,7.52,157600,7.81,7.76,7.5,-3.6625,-3.1226,0.315,-0.0814,-0.0417,0.1087
DRI,2018-01-30,7.52,7.65,7.46,7.65,143600,7.75,7.77,7.51,-1.3633,-1.6394,1.838,0.0696,0.0374,0.1013
DRI,2018-01-31,7.65,7.65,7.46,7.52,150327,7.71,7.78,7.52,-2.4194,-3.3161,0.0661,-0.0198,-0.0109,0.0911
DRI,2018-02-01,7.52,7.52,6.9,6.9,944827,7.61,7.74,7.51,-9.3878,-10.915,-8.1583,-0.5376,-0.3065,0.1324
DRI,2018-02-02,6.84,7.09,6.84,7.09,331150,7.54,7.72,7.51,-6.0181,-8.2495,-5.6916,0.3108,0.1377,0.1551
DRI,2018-02-05,7.21,7.27,6.71,6.84,338241,7.44,7.69,7.51,-8.1036,-11.0392,-8.9856,-0.0809,-0.0443,0.1588
DRI,2018-02-06,6.53,6.84,5.97,6.4,489631,7.3,7.61,7.5,-12.2657,-15.8496,-14.6644,0.0,0.0,0.1363
DRI,2018-02-07,6.4,7.02,6.4,6.77,239750,7.19,7.55,7.5,-5.7909,-10.2512,-9.6636,0.042,0.0193,0.122
DRI,2018-02-08,6.84,6.84,6.71,6.71,31343,7.1,7.49,7.49,-5.4291,-10.3362,-10.4329,-0.0264,-0.0163,0.1169
DRI,2018-02-09,6.53,6.65,6.46,6.59,116249,7.0,7.42,7.49,-5.8614,-11.2599,-12.004,0.0276,0.014,0.1196
DRI,2018-02-12,6.71,7.09,6.71,7.02,80100,6.95,7.38,7.49,1.0733,-4.8021,-6.1774,0.0405,0.0195,0.1155
DRI,2018-02-13,6.96,7.09,6.96,7.02,61843,6.89,7.32,7.48,1.9855,-4.034,-6.115,-0.0,-0.0,0.1086
DRI,2018-02-21,7.09,7.15,6.96,6.96,84846,6.83,7.27,7.48,1.9109,-4.2326,-6.9149,-0.0942,-0.0454,0.116
DRI,2018-02-22,6.96,6.96,6.84,7.02,91660,6.84,7.23,7.48,2.6339,-2.8375,-6.0682,0.1962,0.1002,0.0819
DRI,2018-02-23,6.84,7.02,6.84,6.96,56600,6.83,7.19,7.47,1.9109,-3.1142,-6.8684,0.0132,0.0062,0.0521
DRI,2018-02-26,6.96,6.96,6.77,6.84,150009,6.83,7.14,7.47,0.091,-4.1812,-8.4401,-0.0275,-0.0136,0.0468
DRI,2018-02-27,6.53,6.96,6.53,6.84,33453,6.87,7.09,7.46,-0.5425,-3.5087,-8.3639,0.0143,0.0066,0.0482
DRI,2018-02-28,6.77,6.84,6.65,6.77,121787,6.87,7.03,7.45,-1.4467,-3.6677,-9.091,0.0316,0.0143,0.0472
DRI,2018-03-01,6.77,6.84,6.77,6.84,109200,6.89,6.99,7.44,-0.722,-2.2222,-8.1496,0.0737,0.0342,0.0519
DRI,2018-03-02,6.77,6.84,6.71,6.77,86142,6.91,6.95,7.42,-1.8902,-2.5481,-8.695,-0.0,-0.0,0.0491
DRI,2018-03-05,6.77,6.84,6.53,6.59,147120,6.86,6.91,7.39,-3.9855,-4.5904,-10.8794,-0.0387,-0.0178,0.0489
DRI,2018-03-06,6.59,6.71,6.53,6.59,37640,6.82,6.85,7.37,-3.3728,-3.8549,-10.5787,-0.0072,-0.0034,0.0497
DRI,2018-03-07,6.53,6.59,6.46,6.53,84800,6.77,6.8,7.35,-3.6698,-4.0658,-11.1525,-0.0,-0.0,0.0402
DRI,2018-03-08,6.53,6.65,6.53,6.53,62000,6.73,6.78,7.32,-2.9575,-3.8022,-10.8205,-0.0612,-0.029,0.0267
DRI,2018-03-09,6.65,6.65,6.46,6.53,98700,6.68,6.76,7.29,-2.3256,-3.4039,-10.5165,-0.0303,-0.013,0.0284
DRI,2018-03-12,6.53,6.65,6.46,6.46,150159,6.64,6.74,7.27,-2.7128,-4.059,-11.0807,-0.1164,-0.0487,0.0373
DRI,2018-03-13,6.46,6.53,6.4,6.53,33486,6.61,6.74,7.25,-1.3158,-3.2258,-9.9795,0.0228,0.0103,0.0382
DRI,2018-03-14,6.53,6.96,6.53,6.84,184000,6.62,6.75,7.24,3.2864,1.3358,-5.5145,0.0498,0.0227,0.04
DRI,2018-03-15,6.71,6.9,6.65,6.77,230030,6.61,6.75,7.22,2.4436,0.3683,-6.1963,-0.0,-0.0,0.0326
DRI,2018-03-16,6.71,6.77,6.65,6.71,169686,6.61,6.76,7.21,1.5993,-0.6439,-6.8484,0.0,0.0,0.0326
DRI,2018-03-19,6.71,6.71,6.65,6.65,58100,6.61,6.74,7.19,0.5639,-1.2916,-7.5035,-0.0398,-0.0199,0.0327
DRI,2018-03-20,6.65,6.71,6.59,6.65,22402,6.62,6.72,7.17,0.4695,-1.0176,-7.2952,-0.0,-0.0,0.032
DRI,2018-03-21,6.65,6.65,6.53,6.59,51470,6.63,6.7,7.16,-0.5628,-1.6697,-7.9541,0.0,0.0,0.032
DRI,2018-03-22,6.59,6.71,6.53,6.65,53600,6.64,6.68,7.14,0.1872,-0.4652,-6.8432,0.014,0.0063,0.0273
DRI,2018-03-23,6.53,6.53,6.22,6.46,96600,6.63,6.66,7.12,-2.5304,-2.8945,-9.1862,0.0425,0.0198,0.0285
DRI,2018-03-26,6.46,6.46,6.4,6.46,25570,6.63,6.64,7.1,-2.5304,-2.6217,-8.8998,0.0172,0.0068,0.0186
DRI,2018-03-27,6.4,6.53,6.4,6.4,21373,6.62,6.62,7.06,-3.2863,-3.2409,-9.3788,-0.0159,-0.0071,0.0179
DRI,2018-03-28,6.46,6.46,6.4,6.4,61100,6.58,6.6,7.03,-2.6464,-2.9674,-8.9784,-0.0605,-0.0271,0.019
DRI,2018-03-29,6.46,6.46,6.34,6.34,144200,6.53,6.57,7.0,-2.9496,-3.5461,-9.446,-0.1678,-0.0784,0.0358
DRI,2018-03-30,6.34,6.4,6.34,6.34,82165,6.5,6.55,6.97,-2.3923,-3.2258,-9.0585,-0.0902,-0.0395,0.0448
DRI,2018-04-02,6.34,6.4,6.34,6.34,46542,6.46,6.54,6.94,-1.9231,-3.0418,-8.6349,-0.0312,-0.0141,0.0439
DRI,2018-04-03,6.4,6.4,6.22,6.28,52213,6.43,6.52,6.9,-2.321,-3.7636,-9.0253,-0.0142,-0.0066,0.0454
DRI,2018-04-04,6.28,6.28,6.22,6.28,109061,6.4,6.51,6.87,-1.8464,-3.5799,-8.5807,0.0778,0.0322,0.0531
DRI,2018-04-05,6.28,6.34,6.22,6.28,75094,6.36,6.5,6.84,-1.2707,-3.3954,-8.165,0.0,0.0,0.0517
DRI,2018-04-06,6.28,6.28,6.22,6.28,97558,6.34,6.49,6.8,-0.9804,-3.2103,-7.7456,0.071,0.0322,0.0546
DRI,2018-04-09,6.34,6.34,6.15,6.15,120200,6.31,6.47,6.77,-2.463,-4.8991,-9.1242,-0.078,-0.0356,0.0607
DRI,2018-04-10,6.22,6.22,5.59,6.09,190900,6.28,6.45,6.74,-2.9703,-5.5422,-9.5774,0.0826,0.0352,0.0673
DRI,2018-04-11,6.15,6.15,5.9,6.03,155715,6.24,6.41,6.7,-3.3864,-5.9165,-10.0185,-0.0,-0.0,0.0613
DRI,2018-04-12,6.09,6.22,5.97,6.15,100413,6.22,6.38,6.67,-1.0989,-3.5087,-7.7524,0.045,0.0202,0.049
DRI,2018-04-13,6.15,6.15,5.97,6.03,77050,6.19,6.34,6.64,-2.6104,-4.9485,-9.193,-0.0209,-0.0093,0.0421
DRI,2018-04-16,6.15,6.15,6.09,6.09,10820,6.17,6.31,6.61,-1.2097,-3.5433,-7.8601,-0.0138,-0.0062,0.0403
DRI,2018-04-17,6.15,6.15,6.09,6.15,24971,6.15,6.29,6.58,0.0,-2.1739,-6.4979,0.0249,0.0109,0.0414
DRI,2018-04-18,6.15,6.22,6.09,6.15,56600,6.14,6.27,6.55,0.2024,-1.8344,-6.1077,0.0,0.0,0.0336
DRI,2018-04-19,6.09,6.09,5.97,6.03,50300,6.12,6.24,6.54,-1.4227,-3.3383,-7.7595,0.0,0.0,0.0336
DRI,2018-04-20,5.97,6.03,5.9,6.03,84400,6.09,6.22,6.52,-1.0204,-3.0,-7.4603,0.0686,0.0265,0.0334
DRI,2018-04-23,6.03,6.03,5.97,5.97,69730,6.07,6.19,6.5,-1.7401,-3.6145,-8.1691,-0.0357,-0.017,0.0292
DRI,2018-04-24,6.16,6.16,5.9,6.03,13250,6.07,6.17,6.49,-0.5815,-2.2817,-7.072,-0.0,-0.0,0.0209
DRI,2018-04-26,5.97,5.97,5.83,5.9,40955,6.05,6.15,6.47,-2.5356,-4.0157,-8.8464,-0.0,-0.0,0.0209
DRI,2018-04-27,5.83,5.83,5.7,5.77,43410,6.02,6.12,6.45,-4.0928,-5.7111,-10.6115,-0.0,-0.0,0.0164
DRI,2018-05-02,5.77,5.77,5.64,5.64,5100,5.98,6.08,6.43,-5.659,-7.3223,-12.3849,-0.0043,-0.0018,0.0147
DRI,2018-05-03,5.7,5.7,5.57,5.57,10600,5.92,6.05,6.41,-5.9395,-7.8186,-13.0114,-0.0075,-0.0035,0.0141
DRI,2018-05-04,5.7,5.7,5.57,5.57,31536,5.87,6.01,6.38,-5.0079,-7.2777,-12.6155,-0.0344,-0.0159,0.0151
DRI,2018-05-07,5.64,5.64,5.51,5.51,69517,5.8,5.97,6.35,-5.0792,-7.777,-13.2476,-0.0667,-0.0268,0.0217
DRI,2018-05-08,5.51,5.64,5.51,5.64,35358,5.76,5.94,6.32,-2.1597,-5.0728,-10.7927,0.0357,0.0159,0.0253
DRI,2018-05-09,5.7,5.7,5.64,5.64,17250,5.72,5.91,6.29,-1.4911,-4.5588,-10.4176,-0.0247,-0.0112,0.0209
DRI,2018-05-10,5.7,5.7,5.24,5.57,70900,5.68,5.88,6.27,-1.9608,-5.2024,-11.102,0.0267,0.0127,0.02
DRI,2018-05-11,5.57,5.57,5.38,5.51,54890,5.63,5.85,6.24,-2.2118,-5.8496,-11.7733,0.0188,0.0077,0.0219
DRI,2018-05-14,5.44,5.64,5.44,5.57,36800,5.6,5.83,6.22,-0.4684,-4.3555,-10.3777,0.0186,0.0069,0.0238
DRI,2018-05-15,5.64,5.64,5.51,5.57,55800,5.58,5.8,6.19,-0.1175,-3.8762,-10.0117,-0.0,-0.0,0.0238
DRI,2018-05-16,5.57,5.64,5.44,5.64,103704,5.58,5.78,6.17,1.0576,-2.4161,-8.6174,0.136,0.0564,0.0369
DRI,2018-05-17,5.51,5.51,5.44,5.51,65795,5.57,5.75,6.15,-1.1764,-4.201,-10.4284,0.0972,0.0354,0.0459
DRI,2018-05-18,5.44,5.51,5.44,5.44,46400,5.56,5.71,6.13,-2.1226,-4.7515,-11.1633,-0.0647,-0.0222,0.0489
DRI,2018-05-21,5.51,5.57,5.44,5.51,162300,5.56,5.68,6.1,-0.9433,-3.0554,-9.7926,0.0,0.0,0.0422
DRI,2018-05-22,5.51,5.51,5.38,5.38,36800,5.53,5.65,6.08,-2.8436,-4.8163,-11.6073,-0.0378,-0.0175,0.0424
DRI,2018-05-23,5.44,5.44,5.38,5.44,50946,5.51,5.62,6.06,-1.3079,-3.1515,-10.2089,0.0491,0.0174,0.0449
DRI,2018-05-24,5.51,5.51,5.38,5.38,43700,5.49,5.59,6.04,-2.148,-3.8123,-10.971,-0.066,-0.0244,0.0488
DRI,2018-05-25,5.38,5.38,5.38,5.38,47708,5.48,5.56,6.02,-1.9139,-3.2449,-10.6304,0.0,0.0,0.0469
DRI,2018-05-28,5.38,5.38,5.11,5.18,59500,5.44,5.52,5.98,-4.8193,-6.1758,-13.4227,-0.0159,-0.007,0.0467
DRI,2018-05-29,5.05,5.18,4.98,5.18,72828,5.4,5.49,5.95,-4.1262,-5.6716,-12.9583,0.0562,0.0254,0.0523
DRI,2018-05-30,5.31,5.31,5.05,5.11,8800,5.35,5.46,5.92,-4.4118,-6.4187,-13.5956,-0.0067,-0.0023,0.0394
DRI,2018-05-31,5.05,5.11,4.98,5.11,62800,5.31,5.44,5.89,-3.7037,-6.0241,-13.1445,0.059,0.0207,0.0355
DRI,2018-06-01,5.11,5.31,5.11,5.31,38100,5.3,5.43,5.86,0.2475,-2.174,-9.3913,0.0454,0.0162,0.0336
DRI,2018-06-04,5.24,5.24,5.11,5.11,71900,5.26,5.41,5.83,-2.7432,-5.4546,-12.3057,-0.057,-0.0233,0.0393
DRI,2018-06-05,5.18,5.18,5.18,5.18,39400,5.24,5.39,5.8,-1.1264,-3.8344,-10.7308,0.0,0.0,0.0355
DRI,2018-06-06,5.24,5.38,5.24,5.31,64400,5.22,5.37,5.78,1.6311,-1.099,-8.1054,-0.0,-0.0,0.0306
DRI,2018-06-07,5.31,5.38,5.24,5.38,45100,5.22,5.36,5.76,2.8858,0.3058,-6.619,0.0489,0.0202,0.0289
DRI,2018-06-08,5.38,5.44,5.38,5.38,58800,5.22,5.35,5.74,2.8858,0.4286,-6.2849,-0.069,-0.0292,0.0358
DRI,2018-06-11,5.38,5.38,5.31,5.31,31200,5.24,5.34,5.71,1.3767,-0.5525,-7.0741,-0.0391,-0.0158,0.0381
DRI,2018-06-12,5.31,5.31,5.24,5.24,135100,5.24,5.32,5.69,0.0001,-1.4778,-7.868,-0.1794,-0.064,0.0504
DRI,2018-06-13,5.31,5.31,5.18,5.24,44000,5.26,5.3,5.67,-0.2493,-1.1124,-7.5121,0.0,0.0,0.0498
DRI,2018-06-14,5.18,5.24,5.18,5.24,26350,5.27,5.29,5.65,-0.4974,-0.8673,-7.1535,0.0294,0.0116,0.0468
DRI,2018-06-15,5.24,5.31,5.24,5.31,27800,5.27,5.28,5.63,0.7462,0.4962,-5.6699,0.0279,0.0096,0.0451
DRI,2018-06-18,5.31,5.31,5.24,5.24,31018,5.28,5.27,5.61,-0.7444,-0.4974,-6.4911,-0.0279,-0.012,0.0422
DRI,2018-06-19,5.18,5.24,5.11,5.24,49810,5.29,5.26,5.59,-0.8674,-0.3735,-6.1454,0.0439,0.018,0.0466
DRI,2018-06-20,5.18,5.31,5.18,5.31,48600,5.29,5.26,5.57,0.3717,0.9974,-4.6421,0.0594,0.0231,0.0525
DRI,2018-06-21,5.24,5.24,5.24,5.24,43100,5.28,5.25,5.55,-0.6211,-0.1248,-5.5109,0.0,0.0,0.0476
DRI,2018-06-22,5.24,5.24,5.24,5.24,39403,5.26,5.24,5.53,-0.3736,0.0001,-5.2217,0.0,0.0,0.0407
DRI,2018-06-25,5.24,5.24,5.18,5.18,15200,5.25,5.24,5.52,-1.3733,-1.25,-6.1181,-0.0278,-0.0114,0.0396
DRI,2018-06-26,5.24,5.24,5.18,5.18,13100,5.24,5.24,5.5,-1.25,-1.25,-5.7853,-0.0258,-0.0109,0.0242
DRI,2018-06-27,5.18,5.24,5.18,5.24,29300,5.24,5.25,5.48,0.0,-0.1248,-4.3196,0.0378,0.0155,0.028
DRI,2018-06-28,5.24,5.24,5.18,5.18,66938,5.24,5.25,5.46,-1.1264,-1.4348,-5.2001,-0.0782,-0.0345,0.0329
DRI,2018-06-29,5.18,5.24,5.18,5.24,16600,5.23,5.25,5.44,0.2507,-0.1248,-3.6796,0.0237,0.0091,0.0325
DRI,2018-07-02,5.05,5.11,5.05,5.05,23600,5.21,5.25,5.42,-3.1448,-3.8102,-6.9138,-0.0291,-0.0128,0.0326
DRI,2018-07-03,5.11,5.11,4.92,4.92,31461,5.18,5.23,5.4,-5.0633,-6.0739,-8.9581,-0.0212,-0.0095,0.0303
DRI,2018-07-04,5.05,5.11,4.92,5.05,16600,5.15,5.22,5.38,-2.0357,-3.3272,-6.1896,0.0069,0.0027,0.025
DRI,2018-07-05,5.05,5.05,4.92,4.92,22087,5.12,5.2,5.36,-3.9693,-5.4225,-8.2681,-0.0251,-0.0107,0.0276
DRI,2018-07-06,4.92,5.05,4.92,5.05,13400,5.1,5.18,5.34,-1.0284,-2.5934,-5.4752,0.0106,0.005,0.0286
DRI,2018-07-09,4.98,5.05,4.98,5.05,26200,5.09,5.17,5.32,-0.7733,-2.3463,-5.1725,0.0335,0.016,0.0292
DRI,2018-07-10,4.98,5.05,4.98,4.98,11000,5.07,5.16,5.31,-1.6817,-3.3693,-6.1264,-0.0189,-0.0076,0.0285
DRI,2018-07-11,4.79,4.85,4.72,4.85,23000,5.03,5.14,5.29,-3.5202,-5.5521,-8.3251,0.0253,0.0125,0.0272
DRI,2018-07-12,4.85,4.85,4.79,4.85,18500,5.0,5.12,5.28,-2.8872,-5.189,-8.0746,0.0401,0.0189,0.0234
DRI,2018-07-13,4.85,4.85,4.79,4.85,26556,4.96,5.09,5.26,-2.1164,-4.762,-7.8227,0.0384,0.0184,0.0249
DRI,2018-07-16,4.85,4.85,4.39,4.46,92409,4.9,5.05,5.24,-8.9691,-11.8028,-14.9574,-0.116,-0.049,0.0336
DRI,2018-07-17,4.59,4.59,3.93,4.26,204100,4.83,5.01,5.21,-11.8045,-14.8657,-18.28,0.0,0.0,0.0315
DRI,2018-07-18,4.2,4.59,4.2,4.59,88656,4.79,4.97,5.19,-4.1096,-7.6518,-11.6385,0.0623,0.0243,0.037
DRI,2018-07-19,4.46,4.52,4.46,4.46,66401,4.74,4.93,5.17,-5.9474,-9.5744,-13.7931,-0.0675,-0.0258,0.0413
DRI,2018-07-20,4.52,4.52,4.26,4.39,72170,4.67,4.89,5.15,-6.0309,-10.1274,-14.6932,-0.0,-0.0,0.0402
DRI,2018-07-23,4.39,4.46,4.33,4.46,40400,4.62,4.85,5.13,-3.4091,-8.1081,-13.0434,0.0166,0.0127,0.0385
DRI,2018-07-24,4.46,4.46,4.39,4.39,12310,4.56,4.81,5.1,-3.5971,-8.7194,-13.926,-0.0126,-0.0059,0.0379
DRI,2018-07-25,4.46,4.46,4.39,4.39,68550,4.51,4.77,5.08,-2.6163,-7.9038,-13.5038,-0.0742,-0.0324,0.0428
DRI,2018-07-26,4.39,4.39,4.33,4.39,21100,4.46,4.73,5.06,-1.6153,-7.1379,-13.1224,0.0199,0.0081,0.0407
DRI,2018-07-27,4.39,4.39,4.39,4.39,32009,4.42,4.69,5.03,-0.5935,-6.2937,-12.7604,0.0,0.0,0.0369
DRI,2018-07-30,4.39,4.46,4.39,4.39,36300,4.41,4.65,5.01,-0.4458,-5.6338,-12.3725,-0.0363,-0.0132,0.0289
DRI,2018-07-31,4.39,4.65,4.39,4.65,29300,4.45,4.64,5.0,4.5655,0.2825,-6.873,0.0328,0.0143,0.0322
DRI,2018-08-01,4.59,4.65,4.59,4.59,37639,4.45,4.62,4.98,3.0927,-0.6388,-7.8705,-0.0398,-0.0182,0.03
DRI,2018-08-02,4.65,4.65,4.46,4.46,29246,4.45,4.6,4.96,0.1473,-2.9957,-10.1717,-0.03,-0.0109,0.0262
DRI,2018-08-03,4.52,4.59,4.46,4.52,43800,4.46,4.57,4.95,1.3217,-1.0042,-8.5365,0.0,0.0,0.0262
DRI,2018-08-06,4.46,4.46,4.46,4.46,31300,4.46,4.54,4.93,-0.1468,-1.805,-9.5985,0.0,0.0,0.0246
DRI,2018-08-07,4.52,4.59,4.52,4.59,199560,4.48,4.52,4.92,2.3391,1.5228,-6.7165,0.2656,0.0845,0.0499
DRI,2018-08-08,4.59,4.59,4.59,4.59,50400,4.5,4.51,4.91,1.8922,1.8181,-6.5172,0.0,0.0,0.0424
DRI,2018-08-09,4.65,4.72,4.65,4.65,62600,4.53,4.5,4.9,2.7496,3.4985,-5.004,-0.0621,-0.0216,0.0467
DRI,2018-08-10,4.65,4.65,4.59,4.65,55104,4.56,4.49,4.89,2.1583,3.7253,-4.7491,0.0566,0.0206,0.0523
DRI,2018-08-13,4.65,4.65,4.52,4.52,45956,4.57,4.49,4.87,-1.0042,0.73,-7.2081,-0.0309,-0.0135,0.0518
DRI,2018-08-14,4.52,4.59,4.52,4.59,14800,4.56,4.51,4.86,0.5746,1.8181,-5.635,0.0139,0.0052,0.0499
DRI,2018-08-15,4.59,4.59,4.52,4.59,39500,4.56,4.51,4.85,0.5746,1.8181,-5.3543,0.0273,0.0109,0.0486
DRI,2018-08-16,4.52,4.59,4.52,4.52,20410,4.57,4.51,4.83,-1.0042,0.2908,-6.3771,-0.0192,-0.0063,0.0476
DRI,2018-08-17,4.52,4.52,4.52,4.52,1600,4.57,4.52,4.81,-1.0042,0.1452,-6.0457,0.0,0.0,0.0476
DRI,2018-08-20,4.52,4.52,4.46,4.46,18000,4.57,4.52,4.8,-2.439,-1.3062,-7.0784,-0.0195,-0.0077,0.0495
DRI,2018-08-21,4.46,4.52,4.39,4.46,49000,4.56,4.52,4.78,-2.1583,-1.3778,-6.7727,0.0,0.0,0.0229
DRI,2018-08-22,4.46,4.52,4.39,4.46,57200,4.54,4.52,4.77,-1.8759,-1.4492,-6.4649,0.0,0.0,0.0229
DRI,2018-08-23,4.52,4.52,4.52,4.52,83500,4.53,4.53,4.75,-0.1447,-0.1446,-4.8012,0.0,0.0,0.0167
DRI,2018-08-24,4.52,4.52,4.46,4.52,59400,4.52,4.54,4.74,0.1452,-0.2889,-4.485,0.0674,0.0209,0.0178
DRI,2018-08-27,4.52,4.59,4.52,4.59,61850,4.52,4.55,4.72,1.4492,0.9372,-2.8318,0.0647,0.0242,0.0212
DRI,2018-08-28,4.59,4.59,4.39,4.46,70000,4.51,4.54,4.71,-1.1628,-1.7341,-5.2924,-0.0287,-0.0102,0.0227
DRI,2018-08-29,4.46,4.46,4.46,4.46,21400,4.5,4.53,4.69,-0.8746,-1.5919,-4.9483,0.0,0.0,0.0199
DRI,2018-08-30,4.46,4.52,4.46,4.52,38758,4.5,4.53,4.68,0.5831,-0.2169,-3.2529,0.0344,0.0112,0.0215
DRI,2018-08-31,4.52,4.52,4.52,4.52,44650,4.5,4.53,4.66,0.5831,-0.2169,-2.9535,0.0,0.0,0.0215
DRI,2018-09-04,4.52,4.52,4.46,4.46,16100,4.5,4.53,4.65,-0.8746,-1.663,-4.0632,-0.0146,-0.0052,0.021
DRI,2018-09-05,4.46,4.52,4.39,4.52,35450,4.5,4.53,4.63,0.4367,-0.1447,-2.3768,0.048,0.0153,0.0258
DRI,2018-09-06,4.46,4.46,4.39,4.46,16000,4.5,4.52,4.62,-1.0189,-1.4493,-3.4639,0.0179,0.007,0.0276
DRI,2018-09-07,4.46,4.46,4.46,4.46,15600,4.5,4.51,4.6,-0.8746,-1.2346,-3.1615,0.0,0.0,0.0276
DRI,2018-09-10,4.46,4.46,4.46,4.46,15800,4.49,4.5,4.59,-0.7299,-1.0189,-2.8294,0.0,0.0,0.0208
DRI,2018-09-11,4.46,4.46,4.39,4.39,33000,4.47,4.5,4.57,-1.7596,-2.3324,-3.984,-0.0295,-0.0101,0.0173
DRI,2018-09-12,4.46,4.46,4.46,4.46,19708,4.47,4.49,4.57,-0.2933,-0.7299,-2.3549,0.0,0.0,0.0144
DRI,2018-09-13,4.46,4.52,4.46,4.52,3300,4.48,4.49,4.55,1.0249,0.8035,-0.6908,0.0041,0.0016,0.0149
DRI,2018-09-14,4.52,4.59,4.52,4.52,24630,4.48,4.49,4.55,1.0249,0.8035,-0.519,-0.0293,-0.0111,0.0143
DRI,2018-09-17,4.52,4.52,4.39,4.46,54500,4.47,4.48,4.54,-0.2933,-0.5848,-1.7057,0.0,0.0,0.0143
DRI,2018-09-18,4.39,4.46,4.39,4.46,21900,4.47,4.48,4.52,-0.2933,-0.5848,-1.4493,0.0158,0.0057,0.0145
DRI,2018-09-19,4.46,4.52,4.39,4.46,59971,4.46,4.48,4.51,-0.1468,-0.5848,-1.2202,0.0,0.0,0.0097
DRI,2018-09-20,4.46,4.46,4.46,4.46,23700,4.46,4.48,4.51,-0.1468,-0.5848,-1.0477,0.0,0.0,0.0079
DRI,2018-09-21,4.39,4.46,4.39,4.46,32504,4.46,4.48,4.5,-0.1468,-0.5121,-0.8746,0.0204,0.0054,0.0099
DRI,2018-09-24,4.39,4.52,4.39,4.52,127150,4.47,4.48,4.49,1.1731,0.951,0.73,0.1285,0.0428,0.0228
DRI,2018-09-25,4.59,4.85,4.52,4.85,196670,4.52,4.49,4.5,7.4019,7.9503,7.8402,0.2169,0.0816,0.0415
DRI,2018-09-26,4.85,5.31,4.85,5.11,131203,4.58,4.53,4.52,11.5879,12.9615,13.2404,0.0158,0.0055,0.0431
DRI,2018-09-27,5.18,5.18,4.79,4.92,41920,4.62,4.55,4.52,6.383,8.0691,8.7271,-0.0127,-0.0049,0.0439
DRI,2018-09-28,4.92,4.92,4.79,4.79,42400,4.65,4.56,4.53,2.962,4.8851,5.6747,-0.0251,-0.0088,0.0435
DRI,2018-10-01,4.92,5.24,4.92,5.05,82518,4.71,4.59,4.54,7.2422,9.9999,11.1431,-0.0117,-0.0045,0.0447
DRI,2018-10-02,4.98,5.11,4.98,5.11,50738,4.77,4.62,4.55,7.1428,10.6382,12.2625,0.0421,0.0159,0.0473
DRI,2018-10-03,5.05,5.18,4.98,5.05,102330,4.83,4.65,4.57,4.4775,8.6036,10.505,-0.0493,-0.0174,0.0522
DRI,2018-10-04,5.05,5.11,4.85,4.85,90301,4.87,4.67,4.58,-0.4038,3.9325,5.9868,-0.0857,-0.0313,0.0608
DRI,2018-10-05,4.85,4.98,4.85,4.85,88413,4.91,4.69,4.59,-1.2016,3.4964,5.7747,-0.0633,-0.0233,0.0651
DRI,2018-10-08,4.85,4.85,4.65,4.79,96100,4.94,4.7,4.59,-3.0543,1.7423,4.1668,0.0319,0.0107,0.0554
DRI,2018-10-09,4.72,4.72,4.65,4.65,27400,4.92,4.72,4.6,-5.3333,-1.3204,1.1972,-0.0245,-0.0095,0.0362
DRI,2018-10-10,4.65,4.72,4.65,4.65,19600,4.87,4.73,4.6,-4.4415,-1.5257,1.1972,-0.0203,-0.007,0.0367
DRI,2018-10-11,4.52,4.52,4.33,4.33,99600,4.81,4.72,4.59,-10.0818,-8.2697,-5.822,-0.0327,-0.0128,0.0387
DRI,2018-10-12,4.33,4.46,4.26,4.46,76800,4.78,4.71,4.59,-6.7215,-5.4242,-2.968,0.0456,0.0161,0.0407
DRI,2018-10-15,4.46,4.72,4.39,4.46,31510,4.72,4.71,4.59,-5.5555,-5.4242,-2.9403,-0.0231,-0.0083,0.0419
DRI,2018-10-16,4.33,4.46,4.33,4.39,30185,4.65,4.71,4.59,-5.5007,-6.7502,-4.3404,-0.0,-0.0,0.0376
DRI,2018-10-17,4.46,4.52,4.39,4.52,29650,4.6,4.71,4.59,-1.5691,-4.0333,-1.4567,0.0418,0.0143,0.0369
DRI,2018-10-18,4.46,4.52,4.39,4.39,22900,4.55,4.71,4.59,-3.4582,-6.7502,-4.231,-0.0278,-0.0099,0.0311
DRI,2018-10-19,4.39,4.39,4.39,4.39,31900,4.5,4.71,4.58,-2.4746,-6.6853,-4.1214,0.0,0.0,0.0248
DRI,2018-10-22,4.39,4.46,4.39,4.39,35500,4.46,4.7,4.58,-1.6153,-6.5551,-4.0115,-0.0317,-0.0115,0.0248
DRI,2018-10-23,4.39,4.39,4.26,4.26,9387,4.43,4.67,4.57,-3.7036,-8.7718,-6.7699,-0.0119,-0.0045,0.0235
DRI,2018-10-24,4.33,4.33,4.26,4.33,14105,4.39,4.63,4.57,-1.4926,-6.5818,-5.227,0.0131,0.005,0.0228
DRI,2018-10-25,4.26,4.33,4.2,4.33,39100,4.39,4.6,4.56,-1.4926,-5.983,-5.118,0.034,0.012,0.0229
DRI,2018-10-26,4.26,4.26,4.26,4.26,72200,4.37,4.58,4.55,-2.5486,-6.8767,-6.4478,0.0,0.0,0.0183
DRI,2018-10-29,4.39,4.39,4.2,4.33,29850,4.36,4.54,4.55,-0.752,-4.6932,-4.9266,0.0167,0.0061,0.0177
DRI,2018-10-30,4.33,4.39,4.26,4.26,6500,4.35,4.5,4.55,-1.9607,-5.2477,-6.286,-0.0108,-0.0036,0.0188
DRI,2018-10-31,4.33,4.33,4.26,4.26,55000,4.32,4.46,4.54,-1.3656,-4.4117,-6.2048,-0.0427,-0.0149,0.0189
DRI,2018-11-01,4.26,4.26,4.2,4.2,36450,4.3,4.43,4.54,-2.439,-5.1852,-7.5412,-0.0434,-0.0157,0.0204
DRI,2018-11-02,4.2,4.2,3.93,4.13,135800,4.27,4.39,4.53,-3.3743,-5.9,-8.8278,0.0753,0.0241,0.028
DRI,2018-11-05,4.13,4.13,4.0,4.06,19700,4.24,4.35,4.52,-4.1732,-6.6266,-10.0929,-0.0,-0.0,0.0248
DRI,2018-11-06,4.0,4.06,4.0,4.0,70000,4.22,4.32,4.51,-5.1321,-7.4354,-11.3114,-0.0835,-0.0285,0.0319
DRI,2018-11-07,3.93,3.93,3.87,3.93,56300,4.18,4.28,4.5,-5.8085,-8.1867,-12.5619,0.0965,0.0332,0.0403
DRI,2018-11-08,3.93,3.93,3.87,3.93,75600,4.14,4.26,4.49,-4.9128,-7.7633,-12.3576,0.1057,0.038,0.0475
DRI,2018-11-09,3.93,3.93,3.87,3.87,38520,4.1,4.24,4.47,-5.6001,-8.6688,-13.5658,-0.0474,-0.0147,0.0522
DRI,2018-11-12,3.87,3.87,3.61,3.8,161700,4.04,4.2,4.46,-5.9967,-9.5163,-14.7559,0.1245,0.0393,0.063
DRI,2018-11-13,3.67,3.74,3.61,3.74,13530,3.99,4.17,4.45,-6.4039,-10.3773,-15.954,0.0186,0.0061,0.0638
DRI,2018-11-14,3.67,3.67,3.61,3.61,56902,3.93,4.12,4.43,-8.1804,-12.5597,-18.5669,-0.08,-0.0256,0.0675
DRI,2018-11-15,3.61,3.61,3.54,3.61,17800,3.87,4.08,4.41,-6.7797,-11.7176,-18.2522,0.0254,0.0086,0.0657
DRI,2018-11-16,3.67,3.8,3.67,3.8,13800,3.84,4.05,4.4,-0.8546,-6.2246,-13.536,0.0202,0.0064,0.0602
DRI,2018-11-19,3.8,3.8,3.61,3.61,75000,3.79,4.02,4.38,-4.8444,-10.2042,-17.6894,-0.0997,-0.0318,0.0702
DRI,2018-11-20,3.67,3.74,3.61,3.74,67449,3.76,3.99,4.37,-0.6968,-6.327,-14.4401,0.1013,0.0299,0.0719
DRI,2018-11-21,3.74,3.74,3.61,3.61,31812,3.73,3.95,4.35,-3.3393,-8.7895,-17.1188,-0.0441,-0.0119,0.0667
DRI,2018-11-22,3.67,3.67,3.67,3.67,6300,3.7,3.92,4.33,-0.885,-6.3545,-15.2799,0.0,0.0,0.0561
DRI,2018-11-23,3.67,3.74,3.67,3.74,52700,3.69,3.89,4.32,1.2434,-4.0404,-13.4527,0.0675,0.0219,0.0581
DRI,2018-11-26,3.67,3.74,3.67,3.74,60200,3.68,3.86,4.3,1.4235,-3.3078,-13.1627,0.0929,0.0281,0.055
DRI,2018-11-27,3.67,3.67,3.61,3.61,191700,3.67,3.83,4.29,-1.7858,-5.9026,-15.8765,-0.2939,-0.0885,0.0825
DRI,2018-11-28,3.61,3.67,3.61,3.67,84640,3.68,3.8,4.27,-0.1783,-3.4483,-14.0313,0.1498,0.0446,0.0895
DRI,2018-11-29,3.67,3.67,3.61,3.61,451800,3.68,3.77,4.25,-1.9609,-4.431,-15.2282,-0.5557,-0.1718,0.1425
DRI,2018-11-30,3.61,3.61,3.61,3.61,162000,3.66,3.75,4.24,-1.4338,-3.7621,-14.8871,0.0,0.0,0.1405
DRI,2018-12-03,3.67,3.74,3.67,3.74,94100,3.67,3.73,4.22,1.7858,0.1758,-11.4631,0.0782,0.0231,0.1383
DRI,2018-12-04,3.67,3.67,3.61,3.67,59400,3.66,3.71,4.2,0.1789,-1.1474,-12.5273,0.0814,0.0248,0.1364
DRI,2018-12-05,3.67,3.74,3.67,3.67,49768,3.67,3.7,4.17,0.0,-0.7972,-11.922,-0.0568,-0.0171,0.1376
DRI,2018-12-06,3.74,3.74,3.61,3.74,252800,3.68,3.69,4.14,1.6043,1.2434,-9.8386,0.3155,0.1075,0.1692
DRI,2018-12-07,3.67,3.8,3.67,3.74,32000,3.68,3.68,4.12,1.6043,1.4235,-9.3799,0.0,0.0,0.1624
DRI,2018-12-10,3.8,3.8,3.74,3.8,19110,3.68,3.68,4.1,3.203,3.203,-7.2296,0.0257,0.0081,0.1557
DRI,2018-12-11,3.74,3.8,3.74,3.8,22100,3.7,3.69,4.07,2.655,3.1112,-6.6322,0.0369,0.0116,0.13
DRI,2018-12-12,3.8,3.8,3.67,3.67,125000,3.7,3.69,4.04,-0.885,-0.5329,-9.2383,-0.1463,-0.0464,0.1297
DRI,2018-12-13,3.74,3.74,3.67,3.74,37200,3.72,3.7,4.02,0.5291,1.0639,-7.1056,0.0479,0.015,0.0789
DRI,2018-12-14,3.8,3.87,3.74,3.8,175500,3.74,3.7,4.0,1.7545,2.837,-4.9802,0.0,0.0,0.0789
DRI,2018-12-17,3.8,3.8,3.74,3.8,37800,3.74,3.71,3.98,1.5762,2.5642,-4.5109,0.0372,0.0113,0.0748
DRI,2018-12-18,3.8,3.8,3.67,3.74,150800,3.75,3.71,3.96,-0.3497,0.7958,-5.7227,0.0,0.0,0.0666
DRI,2018-12-19,3.74,3.74,3.67,3.67,33850,3.75,3.71,3.94,-2.098,-1.0601,-6.9149,-0.0522,-0.0155,0.0662
DRI,2018-12-20,3.74,3.74,3.67,3.67,61800,3.74,3.71,3.93,-1.9265,-1.0601,-6.6044,-0.0941,-0.0283,0.044
DRI,2018-12-21,3.67,3.74,3.61,3.67,55235,3.74,3.71,3.92,-1.7545,-0.9726,-6.2291,0.0,0.0,0.044
DRI,2018-12-24,3.67,3.67,3.61,3.61,22700,3.72,3.7,3.9,-2.9984,-2.5687,-7.5009,-0.0308,-0.0099,0.0445
DRI,2018-12-25,3.61,3.61,3.54,3.61,52450,3.7,3.7,3.88,-2.4824,-2.5687,-7.1261,0.0564,0.0192,0.0465
DRI,2018-12-26,3.67,3.67,3.54,3.61,11800,3.69,3.7,3.86,-2.3092,-2.4824,-6.6848,-0.0,-0.0,0.0319
DRI,2018-12-27,3.67,3.74,3.61,3.67,39502,3.68,3.7,3.85,-0.3559,-0.7972,-4.6322,0.0,0.0,0.0271
DRI,2018-12-28,3.67,3.67,3.61,3.61,6050,3.66,3.7,3.83,-1.6101,-2.5687,-5.9508,-0.007,-0.0021,0.0278
DRI,2019-01-02,3.61,3.61,3.61,3.61,19000,3.64,3.69,3.82,-1.0792,-2.3958,-5.5633,0.0,0.0,0.024
DRI,2019-01-03,3.61,3.61,3.47,3.54,38600,3.63,3.69,3.8,-2.3507,-3.9999,-6.9285,0.0,0.0,0.024
DRI,2019-01-04,3.54,3.54,3.47,3.54,7500,3.61,3.68,3.79,-1.9962,-3.8289,-6.542,0.0122,0.0038,0.02
DRI,2019-01-07,3.61,3.61,3.54,3.54,7110,3.6,3.67,3.77,-1.6392,-3.5713,-6.1521,-0.0142,-0.0043,0.0121
DRI,2019-01-08,3.54,3.74,3.54,3.74,30400,3.61,3.67,3.76,3.6364,1.7857,-0.6622,0.0684,0.0248,0.0189
DRI,2019-01-09,3.8,4.0,3.74,4.0,65740,3.64,3.68,3.76,9.7123,8.6376,6.4945,0.1003,0.0353,0.0259
DRI,2019-01-10,3.87,4.0,3.87,3.93,8000,3.68,3.69,3.75,6.9519,6.6667,4.9318,0.0,0.0,0.0202
DRI,2019-01-11,3.93,4.46,3.93,4.13,100580,3.73,3.71,3.75,10.7205,11.3074,10.2555,-0.0493,-0.0162,0.0251
DRI,2019-01-14,4.13,4.13,4.0,4.13,11040,3.78,3.73,3.74,9.3749,10.7205,10.2941,0.0218,0.0084,0.0273
DRI,2019-01-15,4.13,4.2,4.06,4.13,15630,3.83,3.75,3.74,7.8766,10.2362,10.2941,0.0,0.0,0.0266
DRI,2019-01-16,4.06,4.2,4.06,4.13,80300,3.88,3.76,3.75,6.4188,9.7561,10.2555,0.0,0.0,0.0266
DRI,2019-01-17,4.06,4.06,4.06,4.06,33700,3.93,3.78,3.75,3.3332,7.5454,8.4673,0.0,0.0,0.0266
DRI,2019-01-18,4.13,4.13,4.06,4.06,61110,3.99,3.8,3.75,1.9736,6.9887,8.3915,-0.1202,-0.0443,0.0374
DRI,2019-01-21,4.2,4.46,4.2,4.39,165520,4.07,3.84,3.76,7.8905,14.5299,16.8468,0.1152,0.0509,0.0475
DRI,2019-01-22,4.39,4.79,4.39,4.52,210460,4.15,3.88,3.77,9.0049,16.6527,19.9167,-0.1013,-0.0435,0.0508
DRI,2019-01-23,4.52,4.52,4.39,4.39,31400,4.19,3.92,3.78,4.8513,12.1339,16.0776,-0.059,-0.0232,0.0467
DRI,2019-01-24,4.39,4.39,4.2,4.2,9520,4.22,3.95,3.79,-0.4665,6.3123,10.6118,-0.018,-0.0059,0.0485
DRI,2019-01-25,4.33,4.39,4.33,4.33,11224,4.24,3.98,3.81,2.1671,8.6419,13.6363,-0.0272,-0.009,0.0463
DRI,2019-01-28,4.39,4.39,4.26,4.33,71350,4.25,4.02,3.82,1.6949,7.755,13.2074,-0.0,-0.0,0.0441
DRI,2019-01-29,4.2,4.33,4.13,4.33,19950,4.27,4.05,3.83,1.227,6.796,12.8976,0.0304,0.0107,0.0471
DRI,2019-01-30,4.2,4.26,4.13,4.26,21300,4.29,4.08,3.85,-0.6115,4.334,10.8081,0.0362,0.0141,0.0507
DRI,2019-01-31,4.2,4.2,4.2,4.2,18450,4.3,4.12,3.85,-2.439,1.9109,8.8436,0.0,0.0,0.0507
DRI,2019-02-01,4.26,4.39,4.26,4.33,37030,4.33,4.16,3.87,-0.0001,4.1009,11.8264,-0.0,-0.0,0.0387
DRI,2019-02-11,4.39,4.39,4.39,4.39,133800,4.33,4.2,3.88,1.5151,4.6058,13.0992,0.0,0.0,0.0272
DRI,2019-02-12,4.39,4.59,4.39,4.46,110400,4.32,4.24,3.9,3.1867,5.2632,14.3626,-0.0429,-0.0188,0.0214
DRI,2019-02-13,4.46,4.46,4.39,4.46,25300,4.33,4.26,3.91,3.0304,4.696,13.9411,0.0259,0.0089,0.0181
DRI,2019-02-14,4.52,4.59,4.52,4.59,84600,4.37,4.29,3.93,5.1051,6.9518,16.7055,0.0947,0.0343,0.0257
DRI,2019-02-15,4.59,4.59,4.52,4.52,37090,4.39,4.31,3.95,3.1391,4.9431,14.5419,-0.0546,-0.0177,0.0285
DRI,2019-02-18,4.59,4.59,4.52,4.52,44723,4.41,4.33,3.97,2.6787,4.4664,14.012,-0.0469,-0.0146,0.0332
DRI,2019-02-19,4.59,4.65,4.59,4.59,87900,4.43,4.35,3.99,3.5502,5.4216,15.0936,-0.0638,-0.0228,0.0365
DRI,2019-02-20,4.59,4.72,4.52,4.65,52120,4.47,4.38,4.01,4.1056,6.2874,16.2029,0.0209,0.0086,0.035
DRI,2019-02-21,4.72,4.72,4.65,4.65,77406,4.52,4.41,4.03,3.0479,5.5762,15.6352,-0.0808,-0.0228,0.0431
DRI,2019-02-22,4.65,4.72,4.59,4.65,88720,4.55,4.44,4.04,2.3055,4.8744,15.0729,-0.0,-0.0,0.0431
DRI,2019-02-25,4.72,4.72,4.65,4.72,48400,4.58,4.45,4.06,3.0043,5.9603,16.1291,0.0465,0.0158,0.0477
DRI,2019-02-26,4.72,4.72,4.65,4.65,95900,4.6,4.46,4.08,1.1396,4.335,14.0013,-0.1173,-0.04,0.0551
DRI,2019-02-27,4.65,4.65,4.65,4.65,96800,4.62,4.47,4.1,0.7092,4.0293,13.5273,0.0,0.0,0.0526
DRI,2019-02-28,4.65,4.65,4.59,4.59,73620,4.62,4.49,4.12,-0.7093,2.1152,11.5004,-0.0503,-0.0151,0.0481
DRI,2019-03-01,4.65,4.65,4.65,4.65,23300,4.63,4.51,4.14,0.4243,3.1977,12.5555,0.0,0.0,0.0426
DRI,2019-03-04,4.72,4.72,4.65,4.72,35350,4.65,4.53,4.16,1.4085,4.1969,13.6006,0.0283,0.0104,0.0408
DRI,2019-03-05,4.72,4.79,4.72,4.79,30020,4.67,4.55,4.17,2.3844,5.1117,14.6358,0.0243,0.0106,0.0368
DRI,2019-03-06,4.79,4.79,4.72,4.72,66100,4.68,4.58,4.19,0.8404,3.1519,12.5704,-0.0824,-0.0254,0.043
DRI,2019-03-07,4.72,4.79,4.65,4.65,40200,4.68,4.6,4.21,-0.5602,1.2117,10.523,-0.0349,-0.0127,0.0384
DRI,2019-03-08,4.59,4.65,4.59,4.59,33000,4.67,4.61,4.23,-1.8234,-0.4976,8.4934,-0.0356,-0.0123,0.042
DRI,2019-03-11,4.59,4.65,4.52,4.59,30000,4.66,4.62,4.25,-1.5472,-0.7093,8.0246,-0.0,-0.0,0.0373
DRI,2019-03-12,4.59,4.65,4.52,4.52,58800,4.65,4.63,4.27,-2.6797,-2.1969,6.0561,-0.0489,-0.0168,0.0305
DRI,2019-03-13,4.59,4.59,4.52,4.59,28600,4.64,4.63,4.28,-1.13,-0.9201,7.0991,0.0225,0.0089,0.0327
DRI,2019-03-14,4.59,4.59,4.52,4.59,29400,4.64,4.63,4.3,-1.13,-0.9201,6.6097,0.0319,0.0115,0.0309
DRI,2019-03-15,4.59,4.59,4.59,4.59,56500,4.63,4.63,4.32,-0.9902,-0.9902,6.1249,0.0,0.0,0.0309
DRI,2019-03-18,4.59,4.65,4.52,4.59,50300,4.62,4.64,4.34,-0.7093,-1.0601,5.6763,-0.0,-0.0,0.0281
DRI,2019-03-19,4.59,4.59,4.46,4.52,110600,4.6,4.63,4.36,-1.5691,-2.4044,3.7283,0.0,0.0,0.0256
DRI,2019-03-20,4.52,4.52,4.39,4.46,49600,4.57,4.63,4.38,-2.439,-3.6144,1.8269,0.0,0.0,0.0174
DRI,2019-03-21,4.39,4.65,4.39,4.52,88400,4.56,4.62,4.4,-0.7193,-2.0581,2.8624,0.0,0.0,0.0139
DRI,2019-03-22,4.65,4.65,4.52,4.52,53600,4.55,4.61,4.42,-0.5763,-1.9189,2.4044,-0.0831,-0.0247,0.0186
DRI,2019-03-25,4.39,4.46,4.39,4.46,17900,4.54,4.6,4.44,-1.7341,-3.0648,0.5026,0.0191,0.0074,0.0206
DRI,2019-03-26,4.39,4.39,4.26,4.33,30433,4.52,4.58,4.45,-4.2091,-5.5795,-2.7123,-0.0,-0.0,0.0157
DRI,2019-03-27,4.26,4.33,4.26,4.33,35820,4.49,4.57,4.45,-3.6497,-5.2406,-2.8555,0.0666,0.0216,0.0201
DRI,2019-03-28,4.33,4.33,4.2,4.26,38306,4.46,4.55,4.46,-4.4117,-6.34,-4.4679,0.0,0.0,0.0169
DRI,2019-03-29,4.26,4.26,4.26,4.26,37600,4.43,4.53,4.46,-3.7037,-5.9334,-4.524,0.0,0.0,0.0169
DRI,2019-04-01,4.33,4.39,4.33,4.33,14020,4.4,4.51,4.47,-1.6395,-4.0699,-3.1407,-0.0206,-0.0062,0.0189
DRI,2019-04-02,4.33,4.33,4.33,4.33,29600,4.38,4.49,4.47,-1.1977,-3.5793,-3.2259,0.0,0.0,0.0189
DRI,2019-04-03,4.33,4.33,4.33,4.33,25700,4.37,4.47,4.47,-0.901,-3.1549,-3.3109,0.0,0.0,0.0189
DRI,2019-04-04,4.33,4.33,4.26,4.26,10900,4.34,4.45,4.48,-1.8126,-4.2004,-4.8594,-0.0151,-0.0055,0.0204
DRI,2019-04-05,4.33,4.39,4.2,4.2,19900,4.31,4.43,4.48,-2.5875,-5.2553,-6.378,-0.0291,-0.0092,0.015
DRI,2019-04-08,4.39,4.52,4.26,4.46,209000,4.31,4.42,4.48,3.5008,0.8155,-0.5557,0.1195,0.0385,0.0251
DRI,2019-04-09,4.39,4.65,4.39,4.65,168947,4.34,4.43,4.49,7.2508,5.1073,3.7708,0.1685,0.0521,0.0419
DRI,2019-04-10,4.59,4.65,4.59,4.59,53600,4.37,4.43,4.49,5.105,3.6269,2.2196,-0.0771,-0.0254,0.043
DRI,2019-04-11,4.65,4.65,4.59,4.59,20700,4.4,4.43,4.5,4.3219,3.6269,2.0408,-0.0343,-0.0134,0.0464
DRI,2019-04-12,4.59,4.65,4.52,4.59,72400,4.43,4.43,4.5,3.5503,3.6269,1.9219,-0.0,-0.0,0.0464
DRI,2019-04-16,4.52,4.59,4.39,4.39,25700,4.44,4.42,4.5,-1.034,-0.5935,-2.4745,-0.0406,-0.0138,0.0484
DRI,2019-04-17,4.52,4.59,4.39,4.52,36328,4.46,4.42,4.51,1.4707,2.374,0.3491,0.0116,0.0041,0.0496
DRI,2019-04-18,4.39,4.46,4.39,4.46,6400,4.47,4.42,4.51,-0.2932,0.8902,-1.1915,0.0117,0.0045,0.0508
DRI,2019-04-19,4.46,4.46,4.46,4.46,10000,4.49,4.42,4.52,-0.7299,0.9651,-1.3062,0.0,0.0,0.0492
DRI,2019-04-22,4.46,4.46,4.46,4.46,22700,4.52,4.41,4.52,-1.3062,1.0402,-1.3635,0.0,0.0,0.0463
DRI,2019-04-23,4.52,4.52,4.46,4.46,1504,4.52,4.41,4.52,-1.3062,1.0402,-1.3921,-0.003,-0.0009,0.0347
DRI,2019-04-24,4.46,4.46,4.46,4.46,48810,4.5,4.42,4.52,-0.8746,0.8902,-1.3921,0.0,0.0,0.0178
DRI,2019-04-25,4.46,4.46,4.39,4.46,49900,4.48,4.43,4.52,-0.5848,0.7408,-1.3921,0.0956,0.0367,0.0197
DRI,2019-04-26,4.39,4.46,4.39,4.46,1500,4.47,4.43,4.52,-0.2932,0.5174,-1.3349,0.0025,0.0008,0.0165
DRI,2019-05-02,4.39,4.39,4.39,4.39,56699,4.45,4.44,4.52,-1.3255,-1.107,-2.7294,0.0,0.0,0.0165
DRI,2019-05-03,4.39,4.39,4.39,4.39,54103,4.45,4.44,4.51,-1.3255,-1.18,-2.6729,0.0,0.0,0.0124
DRI,2019-05-06,4.39,4.39,4.33,4.33,7404,4.43,4.44,4.51,-2.367,-2.655,-4.014,-0.011,-0.004,0.0124
DRI,2019-05-07,4.33,4.33,4.26,4.26,29300,4.41,4.44,4.5,-3.4175,-4.059,-5.303,-0.0497,-0.0179,0.0162
DRI,2019-05-08,4.26,4.26,4.26,4.26,24110,4.39,4.44,4.49,-2.985,-4.059,-5.1371,0.0,0.0,0.0162
DRI,2019-05-09,4.26,4.33,4.26,4.33,12512,4.38,4.45,4.49,-1.1977,-2.7267,-3.5371,0.0188,0.0075,0.0181
DRI,2019-05-10,4.39,4.46,4.39,4.46,15410,4.38,4.45,4.48,1.7964,0.2211,-0.4975,0.0275,0.0111,0.0205
DRI,2019-05-13,4.46,4.52,4.39,4.39,26800,4.37,4.43,4.47,0.4497,-0.9609,-1.8459,-0.0394,-0.0124,0.0245
DRI,2019-05-14,4.39,4.39,4.33,4.33,24900,4.36,4.42,4.47,-0.752,-2.1498,-3.1691,-0.0293,-0.0096,0.0178
DRI,2019-05-15,4.33,4.33,4.33,4.33,35200,4.35,4.41,4.46,-0.4526,-1.8588,-3.0553,0.0,0.0,0.0176
DRI,2019-05-16,4.46,4.46,4.39,4.46,19800,4.35,4.4,4.46,2.4097,1.2659,-0.0294,0.0257,0.0077,0.0201
DRI,2019-05-17,4.39,4.52,4.39,4.46,66015,4.36,4.41,4.45,2.2557,1.1905,0.0883,0.0,0.0,0.0201
DRI,2019-05-20,4.46,4.46,4.39,4.39,33200,4.37,4.4,4.45,0.6006,-0.1491,-1.2091,-0.0489,-0.0149,0.0239
DRI,2019-05-21,4.52,4.52,4.52,4.52,39000,4.39,4.4,4.44,2.9852,2.7551,1.8301,0.0,0.0,0.019
DRI,2019-05-22,4.52,4.59,4.52,4.52,97400,4.42,4.41,4.44,2.374,2.6787,1.8902,-0.1335,-0.0463,0.0323
DRI,2019-05-23,4.59,4.59,4.52,4.52,4600,4.44,4.41,4.44,1.9203,2.6023,1.9203,-0.0062,-0.002,0.031
DRI,2019-05-24,4.52,4.52,4.52,4.52,12500,4.44,4.41,4.44,1.77,2.5261,1.9504,0.0,0.0,0.0283
DRI,2019-05-27,4.59,4.65,4.59,4.65,60865,4.47,4.42,4.44,4.1055,5.2631,4.8435,0.1541,0.0495,0.0398
DRI,2019-05-28,4.59,5.18,4.59,5.18,484125,4.56,4.46,4.45,13.669,16.1765,16.3476,0.7713,0.232,0.114
DRI,2019-05-29,5.24,5.51,5.11,5.18,161219,4.64,4.49,4.46,11.5819,15.2444,16.04,-0.1555,-0.0587,0.1295
DRI,2019-05-30,5.05,5.24,5.05,5.05,114580,4.7,4.53,4.47,7.3918,11.5133,12.87,-0.1682,-0.0686,0.1438
DRI,2019-05-31,4.98,5.11,4.85,4.92,137825,4.75,4.55,4.48,3.5911,7.9914,9.7775,-0.087,-0.0324,0.1525
DRI,2019-06-03,4.85,4.92,4.59,4.72,211600,4.78,4.57,4.48,-1.2346,3.2258,5.294,-0.0475,-0.0182,0.1523
DRI,2019-06-04,4.65,4.85,4.65,4.85,44600,4.81,4.6,4.49,0.8174,5.413,8.0291,0.1064,0.0421,0.163
DRI,2019-06-05,4.85,4.98,4.79,4.92,85564,4.85,4.63,4.5,1.3513,6.082,9.2976,0.0524,0.0224,0.1549
DRI,2019-06-06,4.85,5.11,4.85,5.11,309410,4.91,4.67,4.51,4.1388,9.3969,13.3721,0.5965,0.2449,0.2139
DRI,2019-06-07,5.24,5.38,5.18,5.31,308210,4.99,4.72,4.53,6.4388,12.5781,17.2892,0.1424,0.056,0.2281
DRI,2019-06-10,5.38,5.44,5.18,5.24,135945,5.05,4.76,4.55,3.8962,10.1929,15.3736,-0.1239,-0.0529,0.2251
DRI,2019-06-11,5.18,5.31,5.11,5.24,149074,5.05,4.81,4.56,3.7614,9.1406,14.9096,0.1202,0.0431,0.16
DRI,2019-06-12,5.24,5.38,5.18,5.31,259300,5.07,4.85,4.59,4.7865,9.3855,15.8135,0.1594,0.0636,0.1604
DRI,2019-06-13,5.31,5.57,5.31,5.51,542819,5.11,4.91,4.61,7.6924,12.2245,19.454,0.5768,0.222,0.2012
DRI,2019-06-14,5.38,5.57,5.18,5.31,172703,5.15,4.95,4.63,3.0534,7.2847,14.6983,-0.1233,-0.0479,0.2049
DRI,2019-06-17,5.31,5.38,5.24,5.31,71100,5.21,5.0,4.65,1.8867,6.2991,14.2131,-0.0,-0.0,0.2001
DRI,2019-06-18,5.24,5.31,5.05,5.24,217199,5.25,5.03,4.67,-0.1248,4.2346,12.3596,0.1802,0.063,0.2075
DRI,2019-06-19,5.31,5.38,5.18,5.31,118970,5.29,5.07,4.69,0.3717,4.7187,13.255,0.0743,0.0315,0.2097
DRI,2019-06-20,5.38,5.44,5.24,5.31,243783,5.31,5.11,4.71,-0.0001,3.9127,12.7191,-0.0977,-0.0405,0.1598
DRI,2019-06-21,5.31,5.31,5.18,5.24,122800,5.3,5.15,4.73,-1.1124,1.9109,10.9571,0.0,0.0,0.1456
DRI,2019-06-24,5.18,5.24,5.05,5.05,203730,5.28,5.17,4.73,-4.4666,-2.2843,6.6186,-0.3762,-0.145,0.1708
DRI,2019-06-25,5.05,5.05,4.79,4.92,356070,5.25,5.15,4.74,-6.367,-4.5801,3.7058,0.0,0.0,0.1588
DRI,2019-06-26,4.92,4.98,4.85,4.98,40850,5.22,5.14,4.75,-4.5225,-3.1229,4.9145,0.0599,0.0257,0.1488
DRI,2019-06-27,4.98,4.98,4.85,4.85,144810,5.15,5.13,4.75,-5.8524,-5.4917,2.0408,-0.179,-0.0657,0.1091
DRI,2019-06-28,4.92,4.92,4.79,4.92,31750,5.11,5.13,4.76,-3.8461,-4.2145,3.1921,0.0412,0.0137,0.1009
DRI,2019-07-01,4.92,5.05,4.92,4.98,51651,5.08,5.15,4.77,-1.9354,-3.1846,4.367,0.0,0.0,0.1009
DRI,2019-07-02,4.98,4.98,4.85,4.92,120959,5.05,5.15,4.78,-2.5974,-4.5194,2.7961,0.0,0.0,0.0828
DRI,2019-07-03,4.85,4.98,4.85,4.92,131010,5.01,5.15,4.79,-1.8325,-4.5194,2.5992,0.0,0.0,0.0754
DRI,2019-07-04,4.85,4.92,4.79,4.92,122393,4.97,5.14,4.8,-1.0554,-4.3367,2.4031,0.1871,0.0582,0.0843
DRI,2019-07-05,4.85,4.92,4.79,4.85,101610,4.93,5.12,4.81,-1.5958,-5.189,0.8724,-0.0,-0.0,0.0843
DRI,2019-07-08,5.13,5.13,4.85,4.85,60748,4.91,5.1,4.82,-1.1699,-4.7909,0.7428,-0.1182,-0.0413,0.0585
DRI,2019-07-09,4.85,4.85,4.64,4.71,68340,4.89,5.07,4.82,-3.6331,-7.0652,-2.2804,-0.0354,-0.011,0.0621
DRI,2019-07-10,4.64,4.64,4.57,4.57,221300,4.85,5.03,4.82,-5.7179,-9.1781,-5.2422,-0.3329,-0.1053,0.0894
DRI,2019-07-11,4.57,4.64,4.57,4.64,111700,4.83,4.99,4.83,-3.8525,-6.9818,-3.8839,0.1658,0.0537,0.088
DRI,2019-07-12,4.57,4.71,4.57,4.64,42854,4.8,4.96,4.83,-3.3021,-6.3548,-3.9831,-0.0,-0.0,0.0839
DRI,2019-07-15,4.64,4.64,4.57,4.57,37500,4.76,4.92,4.84,-3.9453,-7.0815,-5.5336,-0.0656,-0.0225,0.0905
DRI,2019-07-16,4.57,4.57,4.5,4.57,117151,4.72,4.89,4.85,-3.2436,-6.4417,-5.6546,0.1497,0.0455,0.1055
DRI,2019-07-17,4.57,4.64,4.57,4.64,66700,4.7,4.85,4.85,-1.1803,-4.3484,-4.3535,0.0888,0.0301,0.1143
DRI,2019-07-18,4.43,4.5,4.22,4.43,337821,4.65,4.81,4.86,-4.6864,-7.8616,-8.7403,0.2682,0.0712,0.1225
DRI,2019-07-19,4.29,4.5,4.29,4.43,84450,4.61,4.77,4.85,-3.8169,-7.0756,-8.7301,0.0306,0.0093,0.1255
DRI,2019-07-22,4.43,4.5,4.36,4.43,116594,4.56,4.74,4.86,-2.9276,-6.4705,-8.7447,-0.0,-0.0,0.1137
DRI,2019-07-23,4.43,4.5,4.36,4.43,56600,4.54,4.71,4.86,-2.3256,-5.9885,-8.7838,-0.0,-0.0,0.1102
DRI,2019-07-24,4.5,4.57,4.43,4.5,64500,4.53,4.69,4.86,-0.621,-4.0062,-7.4023,0.0,0.0,0.0769
DRI,2019-07-25,4.57,4.85,4.57,4.71,85600,4.54,4.68,4.87,3.8761,0.6426,-3.1631,0.0,0.0,0.0603
DRI,2019-07-26,4.85,4.85,4.78,4.78,19620,4.55,4.68,4.87,5.1005,2.2912,-1.8489,-0.0295,-0.0113,0.0632
DRI,2019-07-29,4.78,4.78,4.5,4.57,105400,4.55,4.65,4.88,0.4637,-1.7903,-6.2481,-0.0843,-0.0275,0.0651
DRI,2019-07-30,4.5,4.57,4.5,4.57,13053,4.55,4.64,4.88,0.4637,-1.4248,-6.2666,0.0139,0.0044,0.0515
DRI,2019-07-31,4.5,4.5,4.5,4.5,36020,4.54,4.62,4.88,-0.7751,-2.5046,-7.7002,0.0,0.0,0.0426
DRI,2019-08-01,4.5,4.5,4.43,4.5,73900,4.54,4.6,4.88,-0.9287,-2.0639,-7.6918,0.0967,0.0312,0.0255
DRI,2019-08-02,4.43,4.5,4.36,4.43,51400,4.54,4.58,4.87,-2.4769,-3.1515,-9.0998,-0.0,-0.0,0.0224
DRI,2019-08-05,4.43,4.43,4.29,4.36,115864,4.54,4.55,4.87,-3.876,-4.1731,-10.4346,0.0,0.0,0.0224
DRI,2019-08-06,4.29,4.43,4.29,4.36,16900,4.53,4.53,4.85,-3.7268,-3.8014,-10.1325,0.0,0.0,0.0224
DRI,2019-08-07,4.36,4.36,4.36,4.36,7700,4.52,4.52,4.84,-3.4268,-3.577,-9.8283,0.0,0.0,0.0224
DRI,2019-08-08,4.36,4.36,4.22,4.22,214800,4.47,4.5,4.82,-5.5117,-6.2499,-12.4371,-0.2785,-0.0868,0.0503
DRI,2019-08-09,4.29,4.36,4.29,4.36,11130,4.42,4.49,4.81,-1.4309,-2.8213,-9.3092,0.0154,0.005,0.0489
DRI,2019-08-12,4.43,4.43,4.29,4.43,18400,4.41,4.48,4.8,0.4784,-1.099,-7.7355,0.0327,0.0105,0.0437
DRI,2019-08-13,4.36,4.36,4.29,4.29,35300,4.38,4.47,4.79,-2.0866,-3.937,-10.4552,-0.0547,-0.0168,0.0478
DRI,2019-08-14,4.36,4.36,4.29,4.29,19100,4.36,4.45,4.78,-1.6129,-3.5573,-10.2205,-0.0313,-0.009,0.0509
DRI,2019-08-15,4.29,4.29,4.22,4.22,73800,4.33,4.44,4.76,-2.5973,-4.9127,-11.3607,-0.0857,-0.0274,0.0498
DRI,2019-08-16,4.22,4.29,4.15,4.29,110303,4.32,4.43,4.74,-0.6514,-3.1746,-9.4957,0.1527,0.0409,0.0651
DRI,2019-08-19,4.29,4.29,4.22,4.22,14320,4.3,4.42,4.72,-1.9607,-4.5345,-10.5929,-0.0272,-0.0091,0.0678
DRI,2019-08-20,4.22,4.43,4.22,4.36,55000,4.3,4.42,4.7,1.3071,-1.2739,-7.2654,0.0264,0.0094,0.0705
DRI,2019-08-21,4.29,4.36,4.29,4.29,45200,4.3,4.41,4.68,-0.1637,-2.6337,-8.3636,-0.0537,-0.0182,0.0758
DRI,2019-08-22,4.36,4.36,4.29,4.29,46354,4.3,4.39,4.66,-0.3268,-2.1652,-7.8849,-0.0666,-0.019,0.0546
DRI,2019-08-23,4.29,4.29,4.22,4.29,51800,4.3,4.36,4.64,-0.1637,-1.6129,-7.4797,0.0772,0.0228,0.0608
DRI,2019-08-26,4.29,4.29,4.22,4.22,76011,4.28,4.34,4.62,-1.3157,-2.8339,-8.5665,-0.0899,-0.0337,0.0666
DRI,2019-08-27,4.22,4.22,4.15,4.15,118600,4.26,4.32,4.59,-2.6404,-3.9871,-9.6619,-0.136,-0.0432,0.0747
DRI,2019-08-28,4.15,4.22,4.15,4.22,75001,4.26,4.31,4.57,-0.8264,-2.0407,-7.6924,0.1232,0.0432,0.0839
DRI,2019-08-29,4.22,4.22,4.15,4.15,14000,4.25,4.29,4.55,-2.318,-3.2788,-8.7679,-0.0239,-0.0079,0.0777
DRI,2019-08-30,4.15,4.15,4.08,4.15,35000,4.23,4.28,4.53,-1.9934,-2.9606,-8.3265,0.0516,0.017,0.0676
DRI,2019-09-03,4.08,4.15,4.01,4.01,47350,4.21,4.26,4.51,-4.8413,-5.8629,-11.0255,-0.0605,-0.0205,0.0709
DRI,2019-09-04,4.08,4.08,3.94,3.94,14400,4.17,4.24,4.49,-5.565,-7.054,-12.2054,-0.0201,-0.0067,0.0703
DRI,2019-09-05,4.01,4.01,3.94,3.94,23800,4.14,4.22,4.47,-4.762,-6.5889,-11.795,-0.0461,-0.0148,0.0695
DRI,2019-09-06,3.94,4.01,3.87,3.94,66000,4.1,4.2,4.45,-3.9452,-6.2762,-11.433,-0.0,-0.0,0.0629
DRI,2019-09-09,3.94,4.08,3.94,3.94,53800,4.07,4.18,4.43,-3.1143,-5.8033,-11.0417,-0.1043,-0.0285,0.0656
DRI,2019-09-10,3.94,4.01,3.94,4.01,32200,4.04,4.16,4.41,-0.8695,-3.6348,-9.0531,0.0483,0.015,0.0614
DRI,2019-09-11,3.94,3.94,3.87,3.94,31400,4.02,4.14,4.39,-2.098,-4.9237,-10.2505,0.057,0.016,0.0535
DRI,2019-09-12,3.87,3.94,3.87,3.94,49200,3.99,4.13,4.37,-1.4085,-4.5184,-9.8486,0.0677,0.0206,0.0479
DRI,2019-09-13,3.94,3.94,3.94,3.94,2700,3.97,4.11,4.35,-0.885,-4.1917,-9.4431,0.0,0.0,0.0456
DRI,2019-09-16,4.08,4.22,4.01,4.15,5800,3.97,4.1,4.34,4.4248,1.1139,-4.283,0.0025,0.0008,0.0407
DRI,2019-09-17,4.15,4.15,4.01,4.01,24650,3.97,4.09,4.32,0.8851,-2.0618,-7.166,-0.0342,-0.01,0.038
DRI,2019-09-18,4.01,4.01,3.87,3.94,76000,3.97,4.07,4.3,-0.885,-3.2816,-8.4669,-0.0,-0.0,0.036
DRI,2019-09-19,3.94,4.01,3.87,3.94,48700,3.97,4.05,4.29,-0.885,-2.8622,-8.1968,-0.0,-0.0,0.0314
DRI,2019-09-20,3.94,3.94,3.8,3.87,69900,3.97,4.03,4.27,-2.4822,-4.0976,-9.5097,0.0,0.0,0.0314
DRI,2019-09-23,3.87,3.87,3.8,3.8,31200,3.95,4.01,4.26,-3.9145,-5.2631,-10.8027,-0.0405,-0.0128,0.025
DRI,2019-09-24,3.8,3.8,3.73,3.8,47600,3.93,3.99,4.24,-3.3988,-4.7618,-10.4774,0.0818,0.0254,0.0284
DRI,2019-09-25,3.66,3.8,3.66,3.73,6822,3.91,3.97,4.23,-4.6761,-6.0282,-11.7842,0.0,0.0,0.0227
DRI,2019-09-26,3.66,3.8,3.66,3.73,18910,3.89,3.94,4.21,-4.159,-5.4414,-11.4007,0.0,0.0,0.0159
DRI,2019-09-27,3.73,3.8,3.66,3.73,38700,3.87,3.92,4.19,-3.6363,-4.9326,-11.1035,0.0,0.0,0.0159
DRI,2019-09-30,3.8,3.94,3.8,3.8,27610,3.83,3.9,4.18,-0.9174,-2.7026,-9.152,-0.0335,-0.0103,0.019
DRI,2019-10-01,3.87,3.87,3.73,3.87,61800,3.82,3.9,4.17,1.2891,-0.722,-7.22,0.075,0.0254,0.0231
DRI,2019-10-02,3.8,3.87,3.8,3.87,49800,3.81,3.89,4.16,1.476,-0.6324,-6.9689,0.0688,0.02,0.03
DRI,2019-10-03,3.66,3.8,3.66,3.73,58290,3.79,3.88,4.14,-1.6697,-3.9854,-10.0169,0.0,0.0,0.03
DRI,2019-10-04,3.8,3.8,3.73,3.73,57920,3.78,3.87,4.12,-1.3035,-3.7238,-9.5871,-0.0683,-0.0201,0.0368
DRI,2019-10-07,3.73,3.73,3.66,3.66,26200,3.76,3.86,4.1,-2.8039,-5.1961,-10.8062,-0.0327,-0.0094,0.036
DRI,2019-10-08,3.73,3.73,3.73,3.73,25800,3.76,3.84,4.08,-0.749,-3.0191,-8.715,0.0,0.0,0.0278
DRI,2019-10-09,3.73,3.73,3.66,3.73,2503,3.76,3.83,4.07,-0.749,-2.7522,-8.3361,0.0035,0.0011,0.0282
DRI,2019-10-10,3.73,3.73,3.66,3.66,22100,3.75,3.82,4.05,-2.4391,-4.2358,-9.6909,-0.034,-0.0098,0.0316
DRI,2019-10-11,3.66,3.66,3.59,3.66,78300,3.74,3.81,4.03,-2.2557,-3.8818,-9.3129,0.1365,0.0343,0.0452
DRI,2019-10-14,3.66,3.66,3.59,3.59,63623,3.72,3.78,4.02,-3.5917,-5.0279,-10.683,-0.0774,-0.0228,0.0496
DRI,2019-10-15,3.59,3.59,3.52,3.59,33600,3.69,3.76,4.0,-2.8572,-4.4944,-10.3375,0.0579,0.0179,0.0479
DRI,2019-10-16,3.52,3.8,3.52,3.66,68700,3.67,3.74,3.99,-0.3832,-2.2557,-8.2569,-0.0,-0.0,0.041
DRI,2019-10-17,3.66,3.66,3.66,3.66,13300,3.66,3.73,3.97,-0.192,-1.8869,-7.9321,0.0,0.0,0.041
DRI,2019-10-18,3.66,3.73,3.66,3.73,17100,3.66,3.72,3.96,1.7276,0.1891,-5.9282,0.0274,0.0085,0.0369
DRI,2019-10-21,3.66,3.73,3.66,3.73,21000,3.67,3.72,3.95,1.5327,0.2839,-5.6267,0.0313,0.0111,0.0368
DRI,2019-10-22,3.66,3.73,3.66,3.73,20000,3.67,3.71,3.94,1.5327,0.3789,-5.2894,0.0307,0.0088,0.0399
DRI,2019-10-23,3.73,3.8,3.66,3.8,32210,3.68,3.72,3.93,3.2505,2.176,-3.2604,0.052,0.0181,0.0447
DRI,2019-10-24,3.73,3.73,3.73,3.73,4200,3.69,3.72,3.91,1.1451,0.2839,-4.7789,0.0,0.0,0.0413
DRI,2019-10-25,3.66,3.73,3.66,3.73,5700,3.69,3.72,3.9,0.9524,0.2839,-4.5388,0.0104,0.003,0.0287
DRI,2019-10-28,3.66,3.8,3.66,3.8,4610,3.71,3.72,3.9,2.2727,2.176,-2.4918,0.008,0.0025,0.0218
DRI,2019-10-29,3.73,3.73,3.59,3.59,13410,3.71,3.7,3.88,-3.4091,-3.1339,-7.6087,-0.0223,-0.0067,0.0182
DRI,2019-10-30,3.66,3.66,3.66,3.66,20901,3.71,3.69,3.87,-1.5153,-0.9525,-5.4546,0.0,0.0,0.0182
DRI,2019-10-31,3.73,3.73,3.59,3.66,4400,3.71,3.69,3.86,-1.5153,-0.8581,-5.1442,-0.0,-0.0,0.0182
DRI,2019-11-01,3.66,3.73,3.59,3.59,13500,3.7,3.68,3.84,-3.0419,-2.5788,-6.6276,-0.0172,-0.0035,0.0172
DRI,2019-11-04,3.66,3.73,3.66,3.66,26303,3.69,3.68,3.83,-0.9525,-0.6687,-4.4821,-0.0293,-0.0083,0.017
DRI,2019-11-05,3.73,3.8,3.73,3.73,40300,3.69,3.68,3.82,0.9525,1.2417,-2.394,-0.0554,-0.0135,0.0195
DRI,2019-11-06,3.8,3.8,3.73,3.73,5300,3.69,3.68,3.81,1.1451,1.2417,-2.1778,-0.0076,-0.0021,0.015
DRI,2019-11-07,3.73,3.8,3.73,3.8,51300,3.69,3.69,3.8,2.8572,2.9552,-0.111,0.0842,0.0251,0.0234
DRI,2019-11-08,3.73,3.8,3.66,3.66,77300,3.69,3.69,3.79,-0.7634,-0.8581,-3.5609,-0.1199,-0.0337,0.0344
DRI,2019-11-11,3.73,3.73,3.66,3.73,47300,3.68,3.7,3.78,1.3385,0.8564,-1.4869,0.0665,0.0214,0.0402
DRI,2019-11-12,3.73,3.8,3.73,3.73,26600,3.69,3.7,3.78,0.9525,0.6648,-1.3402,-0.0324,-0.0102,0.0413
DRI,2019-11-13,3.8,3.8,3.73,3.73,23300,3.7,3.71,3.77,0.7605,0.5693,-1.2299,-0.0277,-0.0084,0.044
DRI,2019-11-14,3.8,3.87,3.73,3.87,76900,3.72,3.72,3.77,3.9697,4.068,2.5354,0.1001,0.0327,0.054
DRI,2019-11-15,3.94,4.01,3.87,3.94,36600,3.76,3.73,3.77,4.8688,5.6602,4.3996,-0.0,-0.0,0.0523
DRI,2019-11-18,3.94,3.94,3.87,3.87,38500,3.78,3.73,3.77,2.4208,3.5781,2.5736,-0.0593,-0.017,0.0553
DRI,2019-11-19,3.87,3.94,3.87,3.94,34807,3.8,3.75,3.77,3.7036,5.1642,4.4775,0.0621,0.0161,0.056
DRI,2019-11-20,4.01,4.01,3.94,3.94,16600,3.82,3.75,3.77,3.1307,4.9671,4.4775,-0.0269,-0.0085,0.0579
DRI,2019-11-21,3.87,3.94,3.87,3.87,13600,3.83,3.76,3.77,1.1029,2.8999,2.6502,-0.0183,-0.0044,0.0513
DRI,2019-11-22,3.94,3.94,3.8,3.94,43900,3.85,3.77,3.77,2.1897,4.4775,4.5165,0.0496,0.0165,0.0443
DRI,2019-11-25,3.87,4.08,3.87,4.01,60800,3.88,3.78,3.77,3.261,6.0466,6.4625,0.0365,0.0108,0.0413
DRI,2019-11-26,4.01,4.01,4.01,4.01,6500,3.91,3.8,3.77,2.5181,5.458,6.4625,0.0,0.0,0.0381
DRI,2019-11-27,4.01,4.08,4.01,4.01,21807,3.94,3.82,3.77,1.7858,4.9724,6.4228,-0.038,-0.0121,0.0391
DRI,2019-11-28,4.08,4.08,3.94,3.94,42300,3.95,3.83,3.77,-0.1783,2.7522,4.5555,-0.0634,-0.0171,0.0354
DRI,2019-11-29,4.01,4.01,3.94,3.94,27000,3.95,3.85,3.77,-0.1783,2.283,4.5165,-0.0468,-0.0131,0.0401
DRI,2019-12-02,3.94,3.94,3.87,3.94,9996,3.95,3.86,3.77,-0.3559,1.9107,4.4385,0.012,0.0035,0.0354
DRI,2019-12-03,3.87,3.94,3.87,3.94,17700,3.95,3.88,3.77,-0.3559,1.6333,4.3607,0.0268,0.007,0.0318
DRI,2019-12-04,3.87,3.87,3.87,3.87,26200,3.95,3.88,3.78,-1.9608,-0.3623,2.4208,0.0,0.0,0.0291
DRI,2019-12-05,3.87,4.01,3.87,4.01,22940,3.96,3.89,3.78,1.2434,2.9811,5.9874,0.0499,0.0118,0.0323
DRI,2019-12-06,4.01,4.22,4.01,4.15,138066,3.98,3.92,3.79,4.2402,5.9245,9.4619,0.0921,0.0275,0.0366
DRI,2019-12-09,4.15,4.22,4.15,4.15,49500,3.99,3.94,3.8,3.8732,5.3571,9.2592,-0.0693,-0.0218,0.0398
DRI,2019-12-10,4.15,4.15,4.08,4.08,38310,4.0,3.96,3.8,1.9333,3.1111,7.2882,-0.0694,-0.0204,0.0468
DRI,2019-12-11,4.01,4.08,3.94,4.01,24230,4.0,3.97,3.81,0.1759,0.9744,5.3605,0.0,0.0,0.043
DRI,2019-12-12,4.01,4.08,3.94,4.08,29300,4.02,3.98,3.81,1.5762,2.4735,7.0111,0.0514,0.0154,0.0418
DRI,2019-12-13,4.08,4.08,4.08,4.08,76800,4.03,3.99,3.82,1.2217,2.2928,6.814,-0.1115,-0.0374,0.0482
DRI,2019-12-16,4.08,4.64,4.08,4.64,369540,4.1,4.03,3.84,13.2075,15.2838,20.9233,0.5996,0.2455,0.107
DRI,2019-12-17,4.43,4.64,4.43,4.5,130910,4.16,4.05,3.85,8.2911,11.0148,16.7884,-0.0536,-0.0261,0.1097
DRI,2019-12-18,4.5,4.5,4.36,4.36,118400,4.21,4.08,3.87,3.6789,6.9888,12.7682,-0.2064,-0.0651,0.1303
DRI,2019-12-19,4.43,4.43,4.22,4.29,103710,4.23,4.1,3.88,1.3289,4.7211,10.5874,-0.0621,-0.0229,0.1315
DRI,2019-12-20,4.22,4.5,4.22,4.36,75700,4.26,4.12,3.89,2.4793,5.8924,11.9942,-0.0,-0.0,0.1223
DRI,2019-12-23,4.36,4.43,4.29,4.36,62800,4.28,4.14,3.91,1.9736,5.4422,11.5509,0.0,0.0,0.1154
DRI,2019-12-24,4.36,4.36,4.36,4.36,15900,4.3,4.15,3.92,1.3072,4.9958,11.1111,0.0,0.0,0.1085
DRI,2019-12-25,4.29,4.36,4.29,4.36,33600,4.34,4.17,3.94,0.4862,4.5531,10.7142,0.0483,0.0213,0.1133
DRI,2019-12-26,4.36,4.36,4.15,4.15,75501,4.35,4.18,3.95,-4.5308,-0.757,5.0943,-0.1269,-0.051,0.1208
DRI,2019-12-27,4.15,4.22,4.15,4.22,58410,4.36,4.2,3.96,-3.2257,0.5869,6.6099,0.0943,0.0375,0.1191
DRI,2019-12-30,4.29,4.5,4.15,4.22,136520,4.32,4.21,3.97,-2.28,0.2507,6.3454,-0.1139,-0.0376,0.0705
DRI,2019-12-31,4.29,4.36,4.22,4.36,21300,4.3,4.23,3.98,1.3072,3.0756,9.5406,0.0366,0.0133,0.0688
DRI,2020-01-02,4.29,4.29,4.22,4.29,15900,4.3,4.25,3.99,-0.1636,0.9099,7.508,0.0257,0.0104,0.0508
DRI,2020-01-03,4.29,4.29,4.22,4.29,47500,4.3,4.27,4.0,-0.1636,0.5771,7.2057,0.0693,0.0263,0.0515
DRI,2020-01-06,4.29,4.29,4.15,4.22,34900,4.28,4.27,4.01,-1.4777,-1.1531,5.1894,0.0,0.0,0.0515
DRI,2020-01-07,4.29,4.29,4.15,4.15,22936,4.26,4.27,4.02,-2.6403,-2.8007,3.2551,-0.042,-0.0151,0.0557
DRI,2020-01-08,4.15,4.15,4.01,4.15,37051,4.24,4.27,4.03,-2.156,-2.8807,2.9668,0.0419,0.0169,0.0599
DRI,2020-01-09,4.08,4.08,4.01,4.08,44810,4.21,4.28,4.04,-3.172,-4.6053,1.0101,0.0754,0.0253,0.0626
DRI,2020-01-10,4.08,4.15,3.94,4.08,20624,4.21,4.28,4.05,-3.0101,-4.6053,0.7995,0.008,0.003,0.0507
DRI,2020-01-13,4.15,4.15,3.94,3.94,34197,4.18,4.27,4.05,-5.724,-7.7431,-2.8453,-0.0604,-0.0217,0.0473
DRI,2020-01-14,4.08,4.15,4.01,4.08,37503,4.16,4.24,4.06,-2.027,-3.8143,0.4155,0.0,0.0,0.0359
DRI,2020-01-15,4.01,4.15,4.01,4.15,4401,4.14,4.22,4.07,0.1697,-1.7486,1.935,0.0076,0.0028,0.033
DRI,2020-01-16,4.08,4.08,3.94,3.94,64805,4.11,4.2,4.08,-4.1097,-6.2762,-3.3484,-0.0903,-0.0332,0.0395
DRI,2020-01-17,4.08,4.08,4.01,4.08,29900,4.09,4.19,4.08,-0.1721,-2.6845,-0.0345,0.0514,0.0162,0.0377
DRI,2020-01-20,4.01,4.08,4.01,4.08,12000,4.07,4.18,4.09,0.1728,-2.3569,-0.2408,0.0215,0.0073,0.0399
DRI,2020-01-21,4.08,4.15,3.94,4.08,76809,4.07,4.16,4.1,0.3461,-2.027,-0.4121,0.0318,0.0111,0.0388
DRI,2020-01-22,4.08,4.08,4.01,4.08,19100,4.06,4.15,4.1,0.52,-1.6949,-0.5828,0.0268,0.0092,0.0373
DRI,2020-01-30,4.08,4.08,4.01,4.01,19600,4.05,4.13,4.11,-1.0416,-2.9786,-2.4306,-0.0205,-0.0066,0.0318
DRI,2020-01-31,3.94,4.01,3.8,3.8,43215,4.02,4.11,4.11,-5.5943,-7.6923,-7.5342,-0.0267,-0.0089,0.0337
DRI,2020-02-03,3.73,3.8,3.38,3.59,52840,3.99,4.08,4.1,-10.0529,-12.1447,-12.5214,0.0,0.0,0.0277
DRI,2020-02-04,3.87,3.87,3.59,3.59,30100,3.94,4.05,4.09,-8.9286,-11.4583,-12.4012,-0.0268,-0.0092,0.0304
DRI,2020-02-05,3.8,3.8,3.8,3.8,31614,3.9,4.02,4.09,-2.7027,-5.5944,-7.1845,0.0,0.0,0.0296
DRI,2020-02-06,3.8,3.8,3.8,3.8,4918,3.89,4.0,4.09,-2.3508,-5.0131,-7.1207,0.0,0.0,0.0206
DRI,2020-02-07,3.8,3.87,3.8,3.87,200,3.87,3.98,4.09,-0.0001,-2.741,-5.4008,0.0002,0.0001,0.0154
DRI,2020-02-10,3.66,3.8,3.66,3.8,25200,3.84,3.96,4.09,-1.0989,-3.9999,-7.0567,0.0425,0.0153,0.0175
DRI,2020-02-11,3.8,3.8,3.73,3.8,65600,3.81,3.94,4.08,-0.369,-3.5714,-6.9607,0.0705,0.0245,0.0214
DRI,2020-02-12,3.8,3.8,3.66,3.73,43550,3.78,3.92,4.08,-1.3035,-4.8473,-8.5575,0.0,0.0,0.0187
DRI,2020-02-13,3.73,3.73,3.73,3.73,4483,3.75,3.9,4.07,-0.5628,-4.4183,-8.4311,0.0,0.0,0.0167
DRI,2020-02-14,3.66,3.87,3.66,3.73,29200,3.74,3.88,4.07,-0.3759,-3.9854,-8.3361,-0.0152,-0.005,0.0155
DRI,2020-02-17,3.73,3.73,3.66,3.66,11000,3.75,3.87,4.06,-2.4391,-5.4546,-9.9412,-0.0178,-0.0056,0.0173
DRI,2020-02-18,3.73,3.73,3.73,3.73,30400,3.76,3.85,4.06,-0.9345,-3.1963,-8.1136,0.0,0.0,0.0146
DRI,2020-02-19,3.73,3.73,3.66,3.73,29712,3.76,3.83,4.05,-0.749,-2.6629,-8.0179,0.0432,0.0158,0.0189
DRI,2020-02-20,3.8,4.08,3.8,3.94,52000,3.77,3.83,4.05,4.4774,2.8465,-2.8454,-0.0,-0.0,0.0189
DRI,2020-02-21,4.01,4.01,3.87,3.87,3700,3.77,3.82,4.05,2.6119,1.2891,-4.5139,-0.0042,-0.0016,0.0193
DRI,2020-02-24,3.87,3.87,3.73,3.73,7110,3.76,3.8,4.04,-0.9345,-1.9426,-7.7939,-0.0038,-0.0015,0.0155
DRI,2020-02-25,3.73,3.73,3.73,3.73,13700,3.76,3.78,4.03,-0.749,-1.4869,-7.601,0.0,0.0,0.0084
DRI,2020-02-26,3.73,3.8,3.66,3.66,57200,3.75,3.76,4.03,-2.4391,-2.8038,-9.1545,-0.0623,-0.0248,0.0147
DRI,2020-02-27,3.73,3.73,3.73,3.73,18814,3.75,3.75,4.02,-0.5628,-0.5628,-7.2777,0.0,0.0,0.0147
DRI,2020-02-28,3.73,3.73,3.59,3.66,63138,3.74,3.74,4.01,-2.2557,-2.2557,-8.836,-0.0,-0.0,0.0131
DRI,2020-03-02,3.66,3.66,3.59,3.66,17800,3.74,3.75,4.0,-2.2557,-2.3475,-8.6438,0.0117,0.005,0.0125
DRI,2020-03-03,3.59,3.66,3.59,3.66,42420,3.73,3.75,3.98,-2.0716,-2.4391,-8.1922,0.0343,0.0146,0.016
DRI,2020-03-04,3.59,3.66,3.59,3.66,32800,3.73,3.74,3.97,-1.8868,-2.2557,-7.8015,0.0209,0.0093,0.0137
DRI,2020-03-05,3.66,3.73,3.59,3.66,60600,3.7,3.73,3.95,-1.1407,-2.0717,-7.4734,-0.0,-0.0,0.0137
DRI,2020-03-06,3.66,3.66,3.59,3.59,52400,3.67,3.72,3.94,-2.2988,-3.5917,-8.9286,-0.0662,-0.0247,0.0199
DRI,2020-03-09,3.59,3.59,3.16,3.16,202240,3.62,3.69,3.91,-12.4514,-14.2041,-19.152,-0.0892,-0.0285,0.0285
DRI,2020-03-10,3.24,3.38,3.16,3.31,56400,3.57,3.66,3.89,-7.4802,-9.7888,-15.1011,0.0154,0.005,0.03
DRI,2020-03-11,3.38,3.45,3.16,3.16,121300,3.52,3.64,3.87,-10.1797,-12.9594,-18.2116,-0.0631,-0.0223,0.0301
DRI,2020-03-12,3.16,3.16,2.81,2.88,494100,3.44,3.59,3.84,-16.1554,-19.7652,-24.9084,-0.144,-0.0434,0.0445
DRI,2020-03-13,2.88,2.88,2.6,2.81,69400,3.35,3.55,3.81,-16.1425,-20.7135,-26.2264,0.0205,0.0059,0.0465
DRI,2020-03-16,2.81,3.09,2.81,2.88,83200,3.28,3.51,3.79,-12.0172,-17.8357,-23.8485,-0.0306,-0.0096,0.0484
DRI,2020-03-17,2.88,2.88,2.81,2.81,71100,3.19,3.46,3.76,-11.8942,-18.7816,-25.1496,-0.0472,-0.0139,0.0497
DRI,2020-03-18,2.88,2.88,2.81,2.88,309400,3.12,3.42,3.73,-7.4492,-15.7246,-22.6707,0.2355,0.0839,0.0712
DRI,2020-03-19,2.74,2.81,2.74,2.74,190100,3.02,3.36,3.7,-9.3025,-18.4102,-25.8274,-0.1434,-0.0471,0.0855
DRI,2020-03-20,2.81,2.81,2.81,2.81,286400,2.95,3.31,3.67,-4.5345,-14.984,-23.3128,0.2246,0.0612,0.1014
DRI,2020-03-23,2.74,2.74,2.46,2.46,161400,2.88,3.25,3.63,-14.4255,-24.1604,-32.2494,-0.0748,-0.0217,0.0999
DRI,2020-03-24,2.53,2.67,2.46,2.53,127600,2.8,3.19,3.6,-9.5476,-20.5297,-29.6874,-0.0344,-0.0096,0.1018
DRI,2020-03-25,2.6,2.74,2.6,2.74,152236,2.76,3.14,3.57,-0.5104,-12.6541,-23.2285,0.1359,0.0339,0.1091
DRI,2020-03-26,2.81,2.81,2.67,2.67,25000,2.74,3.09,3.54,-2.3137,-13.4397,-24.6032,-0.0215,-0.0061,0.0968
DRI,2020-03-27,2.67,2.74,2.67,2.74,7000,2.73,3.04,3.52,0.5153,-9.8267,-22.0313,0.0067,0.002,0.0955
DRI,2020-03-30,2.53,2.6,2.39,2.53,53000,2.69,2.99,3.49,-6.005,-15.1942,-27.4485,0.0129,0.0044,0.0937
DRI,2020-03-31,2.53,2.53,2.46,2.46,73500,2.66,2.93,3.46,-7.4075,-15.8655,-28.804,-0.0826,-0.0327,0.0972
DRI,2020-04-01,2.53,2.6,2.46,2.6,38800,2.63,2.87,3.43,-1.0694,-9.4247,-24.0558,0.0379,0.0131,0.0775
DRI,2020-04-03,2.6,2.67,2.6,2.67,101300,2.62,2.82,3.4,1.8766,-5.355,-21.4227,0.0824,0.0247,0.0714
DRI,2020-04-06,2.74,2.74,2.6,2.74,145800,2.62,2.78,3.37,4.8386,-1.3908,-18.7163,0.0753,0.0208,0.0564
DRI,2020-04-07,2.67,2.74,2.46,2.6,294303,2.63,2.75,3.35,-1.0694,-5.4916,-22.2035,0.0,0.0,0.049
DRI,2020-04-08,2.6,2.67,2.53,2.6,67300,2.64,2.72,3.32,-1.3332,-4.269,-21.5104,0.0,0.0,0.0455
DRI,2020-04-09,2.6,2.67,2.6,2.67,23000,2.63,2.69,3.29,1.6042,-0.7833,-18.6992,0.0164,0.0048,0.0336
DRI,2020-04-10,2.6,2.67,2.53,2.6,75320,2.62,2.68,3.26,-0.8042,-2.8871,-20.1553,0.0,0.0,0.0314
DRI,2020-04-13,2.6,2.74,2.6,2.74,154100,2.62,2.68,3.24,4.5575,2.4966,-15.2912,0.1587,0.0435,0.0466
DRI,2020-04-14,2.74,2.95,2.67,2.95,354040,2.67,2.68,3.23,10.8179,10.2361,-8.417,0.2783,0.0933,0.0732
DRI,2020-04-15,2.88,2.88,2.81,2.81,165203,2.7,2.68,3.21,4.1668,4.987,-12.3575,-0.1245,-0.0372,0.0774
DRI,2020-04-16,2.74,2.81,2.74,2.74,223300,2.71,2.67,3.19,1.0362,2.6315,-13.9834,-0.2284,-0.0605,0.0964
DRI,2020-04-17,2.74,2.81,2.74,2.81,275203,2.73,2.68,3.17,3.0929,5.125,-11.2294,0.168,0.0504,0.105
DRI,2020-04-20,2.74,2.88,2.67,2.81,182844,2.74,2.68,3.15,2.8279,5.125,-10.6344,0.0326,0.0099,0.1007
DRI,2020-04-21,2.74,2.81,2.67,2.67,127300,2.74,2.69,3.13,-2.5641,-0.5236,-14.4915,-0.0485,-0.015,0.1056
DRI,2020-04-22,2.74,2.74,2.67,2.67,284820,2.75,2.69,3.1,-2.8133,-0.7833,-13.8713,-0.2157,-0.0592,0.1271
DRI,2020-04-23,2.67,2.88,2.6,2.81,586210,2.76,2.7,3.08,1.7813,4.3026,-8.8006,0.2867,0.0869,0.1541
DRI,2020-04-24,2.81,3.09,2.81,3.02,480690,2.81,2.71,3.07,7.7696,11.3991,-1.5116,0.2105,0.065,0.1752
DRI,2020-04-27,2.95,3.09,2.81,2.88,203728,2.82,2.72,3.05,2.2444,5.9431,-5.5735,-0.0727,-0.0188,0.1666
DRI,2020-04-28,2.81,2.81,2.67,2.74,430500,2.8,2.73,3.04,-2.0102,0.386,-9.6387,-0.0,-0.0,0.1388
DRI,2020-04-29,2.74,2.81,2.67,2.74,143300,2.79,2.75,3.02,-1.7634,-0.1282,-9.0486,-0.0,-0.0,0.1263
DRI,2020-05-04,2.74,2.74,2.74,2.74,94218,2.79,2.75,3.0,-1.7634,-0.3833,-8.4508,0.0,0.0,0.1035
DRI,2020-05-05,2.74,2.74,2.67,2.74,157200,2.79,2.76,2.97,-1.5153,-0.5103,-7.7143,0.2307,0.0513,0.1098
DRI,2020-05-06,2.67,2.81,2.67,2.74,136900,2.78,2.76,2.95,-1.2659,-0.5103,-7.0101,-0.0,-0.0,0.1065
DRI,2020-05-07,2.74,2.81,2.74,2.74,113108,2.79,2.76,2.93,-1.5152,-0.7635,-6.3851,-0.0935,-0.0238,0.111
DRI,2020-05-08,2.74,2.81,2.74,2.81,182342,2.8,2.77,2.91,0.5027,1.3943,-3.3815,0.1071,0.0283,0.1001
DRI,2020-05-11,2.81,2.88,2.81,2.81,182400,2.8,2.78,2.89,0.5027,1.1379,-2.8182,-0.1221,-0.0306,0.0837
DRI,2020-05-12,2.88,2.88,2.81,2.88,69000,2.79,2.8,2.88,3.5354,3.1447,0.1955,0.0421,0.0106,0.0668
DRI,2020-05-13,2.81,2.88,2.81,2.88,239100,2.79,2.8,2.86,3.5354,2.8858,0.7371,0.14,0.0388,0.0736
DRI,2020-05-14,2.88,3.09,2.81,3.02,555200,2.81,2.81,2.85,7.5002,7.7696,6.1206,0.2113,0.0612,0.0947
DRI,2020-05-15,3.02,3.09,2.88,2.95,230571,2.83,2.81,2.84,4.2183,4.9999,4.1666,-0.0453,-0.0139,0.0992
DRI,2020-05-18,2.95,2.95,2.81,2.95,122200,2.86,2.82,2.82,3.4482,4.6076,4.6859,0.088,0.0246,0.108
DRI,2020-05-19,2.88,2.95,2.81,2.88,186900,2.87,2.83,2.81,0.4902,1.9901,2.7569,-0.0,-0.0,0.085
DRI,2020-05-20,2.88,2.88,2.81,2.88,131480,2.88,2.83,2.79,-0.0,1.8634,3.2746,0.0947,0.0222,0.0944
DRI,2020-05-21,2.88,2.95,2.88,2.95,132810,2.9,2.84,2.79,1.6948,3.8318,5.9535,0.0894,0.0232,0.094
DRI,2020-05-22,2.88,2.95,2.81,2.88,67000,2.91,2.86,2.78,-0.9662,0.9853,3.745,-0.0,-0.0,0.0833
DRI,2020-05-25,2.81,2.88,2.81,2.81,43256,2.91,2.86,2.77,-3.3815,-1.4777,1.4715,-0.0321,-0.0084,0.0743
DRI,2020-05-26,2.81,3.02,2.81,3.02,345820,2.93,2.86,2.78,3.3655,5.9115,8.9713,0.2032,0.0578,0.0904
DRI,2020-05-27,2.95,2.95,2.88,2.95,139050,2.93,2.86,2.78,0.7193,3.321,6.329,0.0518,0.0135,0.0816
DRI,2020-05-28,2.88,2.95,2.88,2.95,46700,2.93,2.87,2.78,0.9615,2.9411,6.2752,0.0443,0.0118,0.0649
DRI,2020-05-29,2.95,3.02,2.88,3.02,161010,2.93,2.88,2.78,3.1176,4.8782,8.6409,0.1224,0.0424,0.0726
DRI,2020-06-01,3.02,3.09,3.02,3.09,99750,2.95,2.9,2.79,5.012,6.6667,10.9991,0.0519,0.0176,0.069
DRI,2020-06-02,3.09,3.09,3.02,3.02,231206,2.96,2.92,2.79,2.1379,3.7396,8.258,-0.0978,-0.0315,0.0788
DRI,2020-06-03,3.02,3.02,2.95,2.95,153610,2.97,2.93,2.8,-0.474,0.9614,5.6337,-0.0839,-0.031,0.0777
DRI,2020-06-04,2.95,3.02,2.95,3.02,133600,2.98,2.94,2.81,1.6549,2.8709,7.7156,0.0641,0.0199,0.0751
DRI,2020-06-05,2.95,3.09,2.95,3.02,218900,2.99,2.95,2.82,1.1766,2.5031,7.3391,0.0,0.0,0.0751
DRI,2020-06-08,3.09,3.24,3.09,3.16,557536,3.02,2.97,2.83,4.6511,6.635,11.996,-0.0,-0.0,0.0719
DRI,2020-06-09,3.24,3.31,3.16,3.24,520000,3.05,2.99,2.84,6.2357,8.3629,14.0309,0.0,0.0,0.0516
DRI,2020-06-10,3.31,3.38,3.16,3.38,308703,3.09,3.01,2.85,9.3393,12.1495,18.46,0.1441,0.0511,0.0609
DRI,2020-06-11,3.38,3.8,3.38,3.52,826160,3.14,3.03,2.87,11.8569,15.8749,22.5491,-0.0561,-0.0201,0.062
DRI,2020-06-12,3.52,3.66,3.16,3.52,457130,3.19,3.06,2.89,10.1322,14.8106,21.6546,0.049,0.0205,0.0547
DRI,2020-06-15,3.52,3.52,3.16,3.31,166820,3.21,3.08,2.9,2.8446,7.306,13.8015,-0.0137,-0.0044,0.0509
DRI,2020-06-16,3.31,3.38,3.24,3.24,111800,3.24,3.1,2.92,0.0001,4.4269,10.9505,-0.0635,-0.0215,0.0474
DRI,2020-06-17,3.31,3.31,3.24,3.24,473700,3.26,3.12,2.93,-0.862,3.8376,10.5771,-0.3344,-0.1325,0.0725
DRI,2020-06-18,3.24,3.38,3.16,3.24,310900,3.28,3.13,2.94,-1.4989,3.3709,10.1007,-0.1023,-0.0329,0.0763
DRI,2020-06-19,3.24,3.45,3.16,3.38,328220,3.32,3.15,2.95,1.6948,7.0233,14.2857,0.0739,0.0264,0.0837
DRI,2020-06-22,3.45,3.66,3.45,3.59,902088,3.36,3.19,2.97,6.6945,12.3348,20.6815,0.192,0.0781,0.1029
DRI,2020-06-23,3.59,3.59,3.45,3.45,586110,3.38,3.21,2.99,1.8709,7.2208,15.294,-0.3763,-0.1536,0.1405
DRI,2020-06-24,3.52,3.52,3.31,3.38,156500,3.38,3.24,3.0,-0.208,4.3478,12.4648,-0.0289,-0.0116,0.129
DRI,2020-06-25,3.24,3.45,3.16,3.31,372900,3.36,3.25,3.01,-1.6736,1.6216,9.8645,0.0,0.0,0.1234
DRI,2020-06-26,3.31,3.38,3.24,3.24,301924,3.33,3.26,3.02,-2.9535,-0.862,7.2263,-0.2628,-0.1014,0.1448
DRI,2020-06-29,3.24,3.24,2.95,3.02,438410,3.31,3.26,3.02,-8.5106,-7.2276,0.0466,-0.1323,-0.0483,0.1567
DRI,2020-06-30,3.09,3.16,2.88,2.95,232340,3.28,3.26,3.03,-9.8714,-9.2874,-2.3711,-0.1042,-0.0345,0.1607
DRI,2020-07-01,2.95,3.09,2.95,3.09,175240,3.26,3.26,3.03,-5.1724,-5.1724,2.0882,0.1367,0.0429,0.141
DRI,2020-07-02,3.02,3.09,2.95,3.02,77100,3.24,3.26,3.04,-6.7244,-7.3275,-0.4629,0.0,0.0,0.1307
DRI,2020-07-03,3.09,3.09,3.02,3.02,46912,3.21,3.26,3.05,-5.7017,-7.3275,-0.6927,-0.0527,-0.0136,0.1286
DRI,2020-07-06,3.02,3.09,2.88,3.02,120520,3.15,3.26,3.05,-4.0178,-7.1274,-0.8302,0.0448,0.0106,0.1139
DRI,2020-07-07,3.02,3.09,2.88,3.02,458600,3.11,3.25,3.05,-2.7149,-6.8255,-0.8302,0.1201,0.035,0.0883
DRI,2020-07-08,2.95,3.02,2.95,2.95,77210,3.07,3.22,3.05,-3.6699,-8.3971,-3.1813,-0.0987,-0.0271,0.0952
DRI,2020-07-09,3.02,3.24,3.02,3.24,289037,3.06,3.21,3.06,5.7472,0.7668,5.6987,0.2106,0.0698,0.1163
DRI,2020-07-10,3.24,3.24,3.02,3.16,103700,3.05,3.19,3.07,3.6865,-0.8812,3.1163,0.0381,0.0109,0.0938
DRI,2020-07-13,3.09,3.09,3.02,3.09,76000,3.06,3.18,3.08,1.1494,-2.7625,0.5944,0.0848,0.0237,0.0891
DRI,2020-07-14,3.09,3.09,2.95,3.09,105810,3.07,3.18,3.08,0.6865,-2.5471,0.365,0.094,0.0308,0.0881
DRI,2020-07-15,2.95,3.09,2.95,3.09,209330,3.07,3.17,3.09,0.6865,-2.3308,0.1365,0.1466,0.0474,0.089
DRI,2020-07-16,3.09,3.16,3.02,3.09,149100,3.08,3.16,3.1,0.4566,-2.1135,-0.0908,0.0,0.0,0.089
DRI,2020-07-17,3.09,3.09,3.09,3.09,165600,3.09,3.15,3.1,0.2278,-1.676,-0.272,0.0,0.0,0.0838
DRI,2020-07-20,3.09,3.09,2.95,2.95,534500,3.08,3.12,3.11,-4.1097,-5.192,-4.8914,-0.3557,-0.1036,0.1149
DRI,2020-07-21,3.03,3.18,3.03,3.03,415500,3.08,3.09,3.11,-1.7213,-2.1623,-2.6016,-0.4584,-0.1216,0.1487
DRI,2020-07-22,3.18,3.18,3.03,3.03,229900,3.09,3.08,3.11,-1.9566,-1.609,-2.6919,-0.2118,-0.0576,0.16
DRI,2020-07-23,3.03,3.03,2.87,2.95,190200,3.06,3.06,3.11,-3.5806,-3.5752,-5.1419,0.0,0.0,0.1389
DRI,2020-07-24,2.87,2.87,2.64,2.72,404700,3.02,3.03,3.11,-9.874,-10.4293,-12.4974,-0.0584,-0.0189,0.141
DRI,2020-07-27,2.64,2.64,2.33,2.41,481566,2.95,3.0,3.09,-18.3106,-19.8504,-22.2237,-0.0758,-0.0201,0.1401
DRI,2020-07-28,2.33,2.64,2.17,2.64,212300,2.9,2.99,3.09,-9.0,-11.6314,-14.5622,0.1019,0.0275,0.1409
DRI,2020-07-29,2.48,2.64,2.41,2.64,145800,2.86,2.96,3.08,-7.5501,-10.9534,-14.427,0.1185,0.0326,0.1381
DRI,2020-07-30,2.56,2.64,2.56,2.64,21200,2.81,2.95,3.08,-6.0532,-10.3719,-14.2523,0.03,0.008,0.1411
DRI,2020-07-31,2.56,2.56,2.56,2.56,86666,2.76,2.92,3.07,-7.0547,-12.3201,-16.6001,0.0,0.0,0.1411
DRI,2020-08-03,2.64,2.64,2.56,2.64,145800,2.73,2.9,3.07,-3.1338,-9.0646,-13.9756,0.09,0.0256,0.1145
DRI,2020-08-04,2.64,2.87,2.64,2.87,172120,2.71,2.9,3.07,6.017,-0.7819,-6.2928,0.1278,0.0423,0.0814
DRI,2020-08-05,2.79,2.87,2.79,2.79,64100,2.69,2.89,3.06,4.046,-3.1977,-8.7308,-0.0475,-0.012,0.065
DRI,2020-08-06,2.87,2.87,2.72,2.79,117200,2.67,2.87,3.06,4.651,-2.4539,-8.6359,-0.0,-0.0,0.065
DRI,2020-08-07,2.79,2.79,2.72,2.79,125636,2.68,2.85,3.05,4.3477,-1.82,-8.4987,0.1186,0.0309,0.071
DRI,2020-08-10,2.79,2.87,2.79,2.79,34410,2.72,2.83,3.05,2.857,-1.3005,-8.3188,-0.0268,-0.0068,0.0661
DRI,2020-08-11,2.79,2.79,2.72,2.79,93220,2.73,2.82,3.04,2.2726,-0.7756,-8.1807,0.0856,0.0244,0.0645
DRI,2020-08-12,2.79,2.87,2.72,2.79,37000,2.75,2.8,3.04,1.6948,-0.2449,-8.0847,-0.0,-0.0,0.0526
DRI,2020-08-13,2.87,2.87,2.87,2.87,133900,2.77,2.79,3.04,3.6414,2.9339,-5.4371,0.0,0.0,0.0496
DRI,2020-08-14,2.87,2.87,2.79,2.87,94648,2.8,2.78,3.03,2.4931,3.345,-5.3426,0.0777,0.0224,0.0574
DRI,2020-08-17,2.87,3.03,2.79,2.95,298129,2.83,2.78,3.03,4.1097,6.1452,-2.6464,0.0795,0.0254,0.0564
DRI,2020-08-18,2.95,3.03,2.95,2.95,94000,2.84,2.78,3.02,3.8252,6.2937,-2.463,-0.0921,-0.0263,0.0528
DRI,2020-08-19,2.95,3.03,2.95,3.03,26200,2.86,2.78,3.02,5.6912,9.0909,0.3348,0.0236,0.0067,0.0504
DRI,2020-08-20,2.95,3.03,2.95,2.95,99200,2.88,2.78,3.01,2.4259,6.2937,-1.8696,-0.0831,-0.0214,0.0587
DRI,2020-08-21,2.95,3.03,2.87,2.87,160810,2.89,2.78,2.99,-0.5376,3.2078,-4.0409,-0.0954,-0.0277,0.0564
DRI,2020-08-24,2.87,2.95,2.79,2.87,182099,2.9,2.81,2.98,-0.8043,2.3513,-3.7625,0.0,0.0,0.0537
DRI,2020-08-25,2.87,2.95,2.87,2.95,152500,2.91,2.82,2.98,1.3334,4.5392,-0.9723,0.0785,0.0205,0.053
DRI,2020-08-26,2.95,3.03,2.95,2.95,141300,2.93,2.84,2.97,0.7958,3.9672,-0.7825,-0.0796,-0.022,0.061
DRI,2020-08-27,3.03,3.18,3.03,3.11,363987,2.95,2.86,2.97,5.2632,8.5483,4.5308,0.0,0.0,0.061
DRI,2020-08-28,3.18,3.18,3.11,3.18,276110,2.98,2.89,2.97,6.7709,10.0673,7.2834,0.138,0.0414,0.067
DRI,2020-08-31,3.18,3.18,3.11,3.11,280362,3.0,2.92,2.96,3.627,6.5247,5.0074,-0.1562,-0.0469,0.0746
DRI,2020-09-01,3.11,3.34,3.11,3.26,535298,3.03,2.93,2.95,7.6924,11.1113,10.3964,0.1239,0.0309,0.0778
DRI,2020-09-03,3.26,3.34,3.18,3.26,246700,3.05,2.96,2.95,6.8703,10.2364,10.4825,-0.0,-0.0,0.0755
DRI,2020-09-04,3.18,3.18,3.11,3.18,112400,3.07,2.98,2.95,3.5354,6.9102,7.9415,0.0745,0.0171,0.0746
DRI,2020-09-07,3.11,3.18,3.11,3.11,217600,3.1,2.99,2.95,0.2506,3.7614,5.4015,-0.0855,-0.0238,0.0736
DRI,2020-09-08,3.11,3.18,3.11,3.18,224900,3.13,3.01,2.95,1.737,5.6702,7.9202,0.1537,0.0414,0.089
DRI,2020-09-09,3.11,3.11,3.03,3.11,129510,3.14,3.03,2.95,-1.2346,2.5641,5.1799,0.0772,0.0204,0.0889
DRI,2020-09-10,3.11,3.18,3.11,3.11,81400,3.16,3.04,2.95,-1.7199,2.0408,5.1721,-0.0498,-0.0134,0.0859
DRI,2020-09-11,3.18,3.18,3.11,3.18,170875,3.17,3.06,2.96,0.4902,4.061,7.6856,0.1202,0.0365,0.0979
DRI,2020-09-14,3.18,3.26,3.18,3.18,56810,3.17,3.07,2.96,0.4902,3.5354,7.57,-0.0289,-0.0086,0.087
DRI,2020-09-15,3.18,3.18,3.18,3.18,93200,3.18,3.09,2.96,0.2445,3.1447,7.4546,0.0,0.0,0.0714
DRI,2020-09-16,3.18,3.26,3.18,3.18,131600,3.17,3.1,2.97,0.4902,2.7569,7.3394,-0.0836,-0.0277,0.0673
DRI,2020-09-17,3.18,3.34,3.18,3.26,433420,3.17,3.11,2.97,2.9412,4.869,9.7304,-0.0,-0.0,0.0673
DRI,2020-09-18,3.26,3.34,3.26,3.26,149825,3.18,3.12,2.97,2.6895,4.3479,9.7116,-0.0826,-0.0243,0.0681
DRI,2020-09-21,3.26,3.42,3.26,3.34,352838,3.2,3.15,2.98,4.369,6.042,12.1928,0.0,0.0,0.0596
DRI,2020-09-22,3.34,3.42,3.26,3.34,221500,3.21,3.17,2.98,3.8648,5.2632,12.0093,0.0,0.0,0.0442
DRI,2020-09-23,3.42,3.42,3.34,3.34,54103,3.24,3.19,2.99,3.1176,4.6229,11.8263,-0.0387,-0.0103,0.0404
DRI,2020-09-24,3.26,3.34,3.18,3.26,298800,3.25,3.21,2.99,0.2387,1.6949,9.1042,-0.0,-0.0,0.0354
DRI,2020-09-25,3.26,3.26,3.18,3.18,61920,3.25,3.21,2.99,-2.148,-0.8464,6.4434,-0.0357,-0.01,0.0269
DRI,2020-09-28,3.26,3.42,3.26,3.34,490600,3.27,3.22,3.0,2.1378,3.7395,11.4541,0.0,0.0,0.0241
DRI,2020-09-29,3.42,3.42,3.26,3.34,89145,3.28,3.23,3.0,1.6549,3.3654,11.1687,0.0,0.0,0.0241
DRI,2020-09-30,2.95,3.26,2.95,3.26,150900,3.29,3.23,3.01,-0.9434,0.9616,8.4152,0.0803,0.0227,0.0237
DRI,2020-10-01,3.26,3.34,3.26,3.26,129180,3.29,3.23,3.01,-0.9434,0.9616,8.2475,-0.0705,-0.0214,0.0308
DRI,2020-10-02,3.26,3.26,3.18,3.18,117412,3.28,3.23,3.02,-3.0733,-1.4423,5.507,-0.0639,-0.0202,0.0289
DRI,2020-10-05,3.26,3.26,3.26,3.26,118500,3.28,3.24,3.03,-0.4739,0.7194,7.6924,0.0,0.0,0.0289
DRI,2020-10-06,3.26,3.34,3.26,3.26,227200,3.27,3.24,3.04,-0.2375,0.5988,7.0883,-0.1018,-0.0301,0.0391
DRI,2020-10-07,3.26,3.34,3.26,3.26,95400,3.26,3.25,3.06,0.0,0.3584,6.6532,-0.0328,-0.0093,0.0385
DRI,2020-10-08,3.26,3.26,3.18,3.26,124900,3.26,3.26,3.07,0.0,0.1192,6.2216,0.0575,0.0161,0.0443
DRI,2020-10-09,3.34,3.42,3.34,3.34,170300,3.28,3.26,3.08,1.8958,2.2592,8.2579,-0.106,-0.0313,0.0513
DRI,2020-10-12,3.42,3.42,3.26,3.34,109600,3.28,3.27,3.1,1.8958,2.0166,7.7155,0.0,0.0,0.0513
DRI,2020-10-13,3.34,3.34,3.26,3.26,191200,3.27,3.28,3.11,-0.2375,-0.4739,4.7905,-0.1347,-0.0347,0.0648
DRI,2020-10-14,3.26,3.26,3.26,3.26,272500,3.27,3.28,3.12,-0.2375,-0.5917,4.5297,0.0,0.0,0.0567
DRI,2020-10-15,3.26,3.26,3.18,3.26,86800,3.27,3.28,3.13,-0.2375,-0.5917,4.2184,0.034,0.0089,0.0531
DRI,2020-10-16,3.26,3.34,3.18,3.34,108100,3.28,3.28,3.14,1.6549,1.6549,6.3305,0.0537,0.0137,0.0521
DRI,2020-10-19,3.34,3.73,3.34,3.73,1300100,3.33,3.3,3.16,11.888,12.8084,17.9941,0.7483,0.2164,0.1269
DRI,2020-10-20,3.88,4.19,3.65,4.19,1390000,3.42,3.35,3.19,22.4488,25.2899,31.5788,0.7763,0.2442,0.1943
DRI,2020-10-21,4.19,4.19,3.88,3.96,423500,3.49,3.38,3.21,13.3334,17.2414,23.3673,-0.0788,-0.0281,0.1989
DRI,2020-10-22,3.96,4.5,3.88,4.43,970600,3.61,3.44,3.24,22.5806,28.8135,36.4942,0.3409,0.1037,0.2273
DRI,2020-10-23,4.43,4.66,4.35,4.66,1316000,3.74,3.51,3.28,24.4812,32.7431,42.1125,0.6952,0.2024,0.2862
DRI,2020-10-26,4.74,5.36,4.74,5.36,449100,3.94,3.61,3.33,35.8267,48.3869,60.9891,0.1422,0.0585,0.3004
DRI,2020-10-27,5.36,5.82,4.97,5.36,1711200,4.15,3.71,3.38,28.9719,44.3513,58.6935,-0.058,-0.0264,0.2927
DRI,2020-10-28,5.28,5.51,5.12,5.36,934500,4.36,3.82,3.42,22.7757,40.3864,56.4624,0.0641,0.0284,0.2991
DRI,2020-10-29,5.43,5.43,5.12,5.36,555500,4.57,3.92,3.47,17.1477,36.6335,54.3623,0.1451,0.0605,0.3103
DRI,2020-10-30,5.36,5.67,5.36,5.59,687500,4.8,4.04,3.52,16.5049,38.3285,58.6602,0.2457,0.0946,0.3295
DRI,2020-11-02,5.59,6.21,5.59,6.06,939200,5.03,4.18,3.59,20.3704,44.8467,68.8311,0.2969,0.1459,0.2843
DRI,2020-11-03,6.06,6.06,5.75,5.82,638500,5.19,4.31,3.65,12.1077,35.1352,59.7104,-0.2385,-0.1058,0.2305
DRI,2020-11-04,5.82,5.82,5.28,5.43,1319600,5.34,4.42,3.7,1.7442,23.0228,47.0587,-0.3601,-0.1709,0.2587
DRI,2020-11-05,5.43,5.43,5.12,5.2,965600,5.42,4.51,3.74,-4.0114,15.2193,39.0619,-0.2633,-0.1132,0.2509
DRI,2020-11-06,5.2,5.59,5.2,5.59,418500,5.51,4.63,3.79,1.4085,20.8054,47.4805,0.3937,0.1663,0.2208
DRI,2020-11-09,5.36,5.59,5.36,5.43,524600,5.52,4.73,3.84,-1.5471,14.8482,41.7003,-0.0892,-0.0355,0.2155
DRI,2020-11-10,5.43,5.43,4.97,5.2,790200,5.5,4.83,3.88,-5.5006,7.7171,34.161,0.0,0.0,0.2097
DRI,2020-11-11,5.2,5.2,4.89,5.2,456000,5.49,4.93,3.92,-5.2333,5.595,32.8311,0.2528,0.0944,0.2285
DRI,2020-11-12,5.05,5.67,5.05,5.59,818100,5.51,5.04,3.96,1.4084,10.8545,41.0658,0.3185,0.1506,0.2459
DRI,2020-11-13,5.59,5.67,5.43,5.51,574500,5.5,5.15,4.01,0.141,7.0083,37.4902,-0.0962,-0.0436,0.2309
DRI,2020-11-16,5.59,5.59,5.36,5.43,467000,5.44,5.24,4.06,-0.1427,3.7805,33.9968,-0.0555,-0.0234,0.2068
DRI,2020-11-17,5.51,5.59,5.36,5.59,625000,5.42,5.31,4.1,3.1519,5.3402,36.2088,0.2092,0.0961,0.2039
DRI,2020-11-18,5.43,5.51,5.28,5.36,809900,5.41,5.38,4.15,-1.0044,-0.3611,29.1166,-0.1083,-0.0433,0.1787
DRI,2020-11-19,5.36,5.36,5.2,5.28,441100,5.42,5.42,4.19,-2.5789,-2.5789,25.9258,-0.0,-0.0,0.1523
DRI,2020-11-20,5.28,5.43,5.2,5.43,468400,5.4,5.46,4.24,0.5747,-0.4268,28.252,0.1889,0.0786,0.1319
DRI,2020-11-23,5.36,5.43,5.28,5.36,220400,5.4,5.46,4.28,-0.7195,-1.8493,25.1359,0.0,0.0,0.1229
DRI,2020-11-24,5.36,5.36,5.2,5.28,391100,5.4,5.45,4.32,-2.2989,-3.2029,22.1263,-0.0,-0.0,0.1229
DRI,2020-11-25,5.28,5.28,5.2,5.2,313800,5.4,5.45,4.36,-3.7355,-4.4903,19.2172,-0.1174,-0.0452,0.1094
DRI,2020-11-26,5.2,5.28,5.2,5.2,363100,5.36,5.44,4.4,-3.039,-4.354,18.1659,-0.1734,-0.0681,0.0949
DRI,2020-11-27,5.2,5.2,5.12,5.2,297800,5.33,5.42,4.44,-2.4744,-4.0114,17.1329,0.1366,0.0535,0.0989
DRI,2020-11-30,5.28,5.43,5.28,5.36,458500,5.33,5.38,4.48,0.583,-0.5048,19.5425,0.0,0.0,0.0934
DRI,2020-12-01,5.2,5.36,5.2,5.36,257900,5.3,5.36,4.52,1.0249,-0.0725,18.4752,0.0653,0.0275,0.079
DRI,2020-12-02,5.36,5.43,5.2,5.43,461400,5.31,5.36,4.56,2.3392,1.3758,19.0881,0.193,0.0841,0.0875
DRI,2020-12-03,5.43,6.13,5.43,6.13,1372900,5.4,5.41,4.62,13.6691,13.4243,32.7285,0.5204,0.277,0.1395
DRI,2020-12-04,6.91,6.91,5.98,6.06,1265700,5.46,5.43,4.68,10.953,11.5082,29.439,-0.4103,-0.1977,0.1616
DRI,2020-12-07,6.06,6.13,5.82,5.9,581400,5.51,5.45,4.73,7.0422,8.185,24.7537,-0.1127,-0.0528,0.1729
DRI,2020-12-08,5.9,6.13,5.67,6.06,1049800,5.59,5.5,4.78,8.3333,10.1695,26.5822,0.3294,0.161,0.2058
DRI,2020-12-09,6.06,6.06,5.82,5.9,553000,5.66,5.53,4.84,4.2523,6.6666,21.9903,-0.0625,-0.0304,0.2004
DRI,2020-12-10,5.75,5.98,5.59,5.59,764200,5.7,5.53,4.88,-1.9073,1.0527,14.4674,-0.2053,-0.0936,0.2035
DRI,2020-12-11,5.59,5.98,5.59,5.9,915754,5.77,5.55,4.94,2.288,6.2937,19.4968,0.1963,0.0786,0.2095
DRI,2020-12-14,5.82,6.06,5.82,5.82,416943,5.82,5.57,4.99,0.1336,4.5297,16.7134,-0.1494,-0.0557,0.2245
DRI,2020-12-15,5.9,5.98,5.75,5.82,379100,5.86,5.58,5.04,-0.6622,4.3116,15.5269,-0.047,-0.0203,0.2226
DRI,2020-12-16,5.82,5.9,5.75,5.82,363174,5.9,5.61,5.09,-1.3157,3.8782,14.3642,0.0,0.0,0.2033
DRI,2020-12-17,5.9,5.98,5.67,5.75,477100,5.86,5.63,5.14,-1.9867,2.069,11.7488,-0.0757,-0.0312,0.1589
DRI,2020-12-18,5.75,5.98,5.75,5.9,566814,5.85,5.65,5.19,0.9295,4.3955,13.6363,0.0596,0.0272,0.1238
DRI,2020-12-21,5.98,6.68,5.82,6.68,2036249,5.92,5.72,5.26,12.7129,16.7685,26.956,0.5924,0.3159,0.1718
DRI,2020-12-22,6.6,6.68,6.37,6.44,1247397,5.96,5.78,5.32,8.073,11.5592,21.0619,-0.1596,-0.0844,0.1548
DRI,2020-12-23,6.44,6.44,6.06,6.13,1148550,5.99,5.82,5.38,2.4643,5.3333,13.9971,-0.1614,-0.0853,0.1647
DRI,2020-12-24,6.06,6.13,5.67,5.98,1020300,6.02,5.86,5.43,-0.7733,1.9867,9.9999,0.1397,0.0751,0.1581
DRI,2020-12-25,5.98,6.52,5.9,6.29,858534,6.06,5.92,5.49,3.7132,6.2993,14.4715,0.0526,0.0258,0.1438
DRI,2020-12-28,6.21,6.37,6.06,6.21,538016,6.1,5.96,5.54,1.7812,4.2345,12.0448,0.0,0.0,0.1288
DRI,2020-12-29,6.21,6.29,6.13,6.21,751724,6.14,6.0,5.58,1.1378,3.4929,11.2347,0.0,0.0,0.1241
DRI,2020-12-30,6.21,6.21,5.98,6.13,472872,6.17,6.04,5.63,-0.6289,1.6077,8.9956,0.0475,0.0221,0.1289
DRI,2020-12-31,6.06,6.21,5.98,6.21,486589,6.22,6.04,5.66,-0.1248,2.8278,9.6792,0.1998,0.0812,0.1413
DRI,2021-01-04,6.21,6.37,6.13,6.37,514425,6.27,6.06,5.7,1.6109,5.1283,11.7471,0.1527,0.0675,0.1506
DRI,2021-01-05,6.37,6.37,6.13,6.21,456988,6.22,6.07,5.71,-0.1248,2.3018,8.6957,-0.0504,-0.0228,0.0964
DRI,2021-01-06,6.21,6.21,6.06,6.21,552710,6.2,6.08,5.73,0.2506,2.1711,8.3717,0.1855,0.0768,0.099
DRI,2021-01-07,6.21,6.91,6.21,6.75,1823200,6.26,6.12,5.76,7.9404,10.3361,17.2823,0.2152,0.106,0.1044
DRI,2021-01-08,6.83,6.83,6.44,6.6,524899,6.32,6.17,5.78,4.4225,6.9182,14.0939,-0.0325,-0.0156,0.0936
DRI,2021-01-11,6.6,6.83,6.44,6.75,828001,6.37,6.21,5.81,6.0975,8.6821,16.3102,0.1165,0.0539,0.1
DRI,2021-01-12,6.75,7.14,6.68,7.07,1493559,6.45,6.28,5.83,9.5067,12.5542,21.2364,0.3087,0.1466,0.1309
DRI,2021-01-13,7.22,7.38,6.91,6.99,879422,6.53,6.34,5.85,7.0155,10.2942,19.4268,-0.1432,-0.0701,0.1452
DRI,2021-01-14,7.14,7.14,6.91,7.07,462240,6.62,6.4,5.88,6.6823,10.437,20.0845,0.0383,0.0196,0.1443
DRI,2021-01-15,7.07,7.14,6.91,7.07,913948,6.71,6.46,5.92,5.3241,9.3094,19.3287,0.0868,0.0428,0.133
DRI,2021-01-18,7.14,7.61,7.14,7.38,1043303,6.81,6.54,5.96,8.3238,12.8266,23.8269,0.0,0.0,0.1177
DRI,2021-01-19,7.45,7.61,6.29,6.91,1855148,6.88,6.55,5.99,0.4515,5.5128,15.4345,-0.0166,-0.0088,0.1143
DRI,2021-01-20,6.83,6.99,6.21,6.75,767007,6.93,6.56,6.02,-2.5756,2.8977,12.2581,0.0785,0.0379,0.1036
DRI,2021-01-21,6.68,7.22,6.68,7.07,717753,6.96,6.61,6.05,1.4493,6.8703,16.6967,0.0682,0.0319,0.0889
DRI,2021-01-22,7.14,7.3,6.99,6.99,855410,7.0,6.66,6.08,-0.2217,4.8951,14.8839,-0.274,-0.1275,0.1131
DRI,2021-01-25,7.07,7.07,6.83,6.83,626200,7.01,6.69,6.11,-2.5471,2.1474,11.8455,-0.1785,-0.079,0.1193
DRI,2021-01-26,6.83,6.91,6.21,6.44,1260431,6.95,6.7,6.13,-7.2625,-3.8238,5.1432,-0.106,-0.0511,0.099
DRI,2021-01-27,6.37,6.44,5.9,5.98,652300,6.85,6.69,6.14,-12.6985,-10.6211,-2.581,-0.0943,-0.0428,0.0941
DRI,2021-01-28,5.98,5.98,5.28,5.28,1098610,6.67,6.65,6.14,-20.8383,-20.5608,-13.9459,-0.1706,-0.0649,0.1073
DRI,2021-01-29,5.2,5.75,4.81,5.59,491056,6.52,6.61,6.14,-14.2857,-15.493,-8.976,0.0826,0.0309,0.1069
DRI,2021-02-01,5.59,5.59,4.97,5.12,318000,6.3,6.55,6.14,-18.619,-21.8009,-16.4768,-0.0351,-0.0141,0.1104
DRI,2021-02-02,5.2,5.36,5.12,5.28,203861,6.13,6.51,6.13,-13.9241,-18.8545,-13.9241,0.0171,0.0061,0.1105
DRI,2021-02-03,5.43,5.59,5.36,5.59,278825,6.02,6.48,6.14,-7.0968,-13.6691,-8.953,0.0679,0.027,0.1094
DRI,2021-02-04,5.67,5.67,5.43,5.59,242000,5.87,6.42,6.15,-4.7619,-12.8857,-9.0679,0.0434,0.0154,0.1069
DRI,2021-02-05,5.51,5.59,5.43,5.51,230100,5.72,6.36,6.15,-3.6635,-13.3618,-10.4214,-0.0,-0.0,0.0796
DRI,2021-02-08,5.59,6.13,5.59,5.82,735511,5.62,6.32,6.17,3.5912,-7.8057,-5.5653,-0.0335,-0.0134,0.065
DRI,2021-02-09,5.82,5.9,5.75,5.9,140300,5.57,6.26,6.18,5.9971,-5.7073,-4.4747,0.0439,0.0165,0.0588
DRI,2021-02-17,6.06,6.21,5.9,6.13,352000,5.58,6.21,6.19,9.8748,-1.3117,-0.9529,0.0421,0.0161,0.0536
DRI,2021-02-18,6.13,6.21,5.9,6.13,702735,5.67,6.17,6.21,8.2192,-0.5664,-1.1759,0.1304,0.0442,0.0496
DRI,2021-02-19,6.06,6.13,5.98,6.06,321400,5.71,6.12,6.2,5.9782,-1.0153,-2.4024,-0.0,-0.0,0.0413
DRI,2021-02-22,6.13,6.44,6.13,6.44,596000,5.85,6.07,6.21,10.2258,6.1382,3.7241,0.2344,0.0978,0.0613
DRI,2021-02-23,6.37,6.44,6.29,6.37,290125,5.95,6.04,6.22,6.9101,5.3308,2.321,0.0,0.0,0.0596
DRI,2021-02-24,6.37,6.44,6.21,6.29,438350,6.02,6.02,6.23,4.3815,4.4488,0.9975,-0.0488,-0.0214,0.0576
DRI,2021-02-25,6.37,6.6,6.29,6.44,879500,6.11,5.99,6.24,5.4638,7.5827,3.311,0.0,0.0,0.0533
DRI,2021-02-26,6.37,6.6,6.29,6.52,711600,6.21,5.97,6.26,4.9999,9.3038,4.2441,0.0939,0.0405,0.0627
DRI,2021-03-01,6.6,6.75,6.52,6.6,608482,6.29,5.95,6.27,4.9382,10.8213,5.2501,-0.0443,-0.0199,0.0638
DRI,2021-03-02,6.6,6.6,6.37,6.52,587900,6.35,5.96,6.28,2.6894,9.4462,3.7805,0.074,0.0301,0.0668
DRI,2021-03-03,6.44,6.75,6.44,6.75,855621,6.41,6.0,6.3,5.3269,12.6214,7.1692,0.2798,0.137,0.0906
DRI,2021-03-04,6.75,6.75,6.52,6.68,489601,6.47,6.07,6.32,3.2413,10.0448,5.6511,0.0507,0.023,0.0826
DRI,2021-03-05,6.6,6.91,6.52,6.91,869951,6.55,6.13,6.34,5.4503,12.6583,8.9352,0.2155,0.1012,0.1041
DRI,2021-03-08,6.91,7.14,6.91,6.91,969906,6.6,6.22,6.36,4.7059,11.0418,8.5896,-0.2836,-0.1397,0.1091
DRI,2021-03-09,6.99,7.14,6.91,6.99,687300,6.66,6.31,6.37,4.8952,10.7693,9.7026,-0.0705,-0.0316,0.1161
DRI,2021-03-10,7.14,7.61,7.07,7.53,2052717,6.79,6.41,6.39,10.984,17.5758,17.8329,0.5074,0.2651,0.162
DRI,2021-03-11,7.53,7.53,7.3,7.45,685760,6.89,6.5,6.42,8.23,14.6953,16.1384,0.0698,0.0368,0.1689
DRI,2021-03-12,7.53,7.61,7.38,7.45,761246,6.98,6.6,6.45,6.7853,13.0077,15.6069,-0.0831,-0.045,0.1679
DRI,2021-03-15,7.45,8.23,7.38,7.84,2563870,7.1,6.7,6.48,10.3825,17.1014,21.045,0.0715,0.0401,0.1706
DRI,2021-03-16,7.92,8.0,7.61,7.69,1472636,7.22,6.79,6.51,6.4517,13.2724,18.1103,-0.3262,-0.1792,0.1958
DRI,2021-03-17,7.76,7.76,7.61,7.69,609510,7.31,6.86,6.54,5.0956,11.991,17.5773,0.0,0.0,0.1678
DRI,2021-03-18,7.69,7.76,7.53,7.69,804855,7.41,6.94,6.57,3.665,10.7383,17.0213,0.0936,0.0449,0.1721
DRI,2021-03-19,7.61,7.84,7.53,7.76,989850,7.5,7.03,6.6,3.5196,10.4972,17.647,0.1465,0.069,0.1652
DRI,2021-03-22,7.76,7.76,7.61,7.69,587300,7.58,7.09,6.63,1.4345,8.4338,16.0066,0.0,0.0,0.1368
DRI,2021-03-23,7.69,7.69,7.3,7.53,759173,7.63,7.15,6.65,-1.3225,5.3775,13.212,0.0576,0.0295,0.1356
DRI,2021-03-24,7.38,7.53,7.14,7.3,777880,7.61,7.2,6.67,-4.0817,1.4023,9.3531,-0.0464,-0.0226,0.0895
DRI,2021-03-25,7.3,7.38,7.07,7.14,622141,7.58,7.23,6.68,-5.7378,-1.2346,6.9021,-0.1154,-0.0562,0.094
DRI,2021-03-26,7.3,7.3,6.6,6.99,944333,7.53,7.26,6.69,-7.2165,-3.6918,4.4569,0.025,0.0125,0.0882
DRI,2021-03-29,6.99,7.14,6.99,7.14,324142,7.46,7.28,6.7,-4.2665,-1.919,6.6542,0.0842,0.0464,0.0895
DRI,2021-03-30,7.14,7.22,6.99,7.07,342900,7.4,7.31,6.7,-4.512,-3.3457,5.4951,-0.0319,-0.0146,0.0601
DRI,2021-03-31,7.14,7.14,6.83,6.99,635887,7.33,7.32,6.7,-4.661,-4.5599,4.3358,0.0,0.0,0.0601
DRI,2021-04-01,6.99,7.14,6.91,7.14,427060,7.27,7.34,6.7,-1.8144,-2.7485,6.6295,0.096,0.0424,0.0603
DRI,2021-04-02,7.14,7.38,7.07,7.3,597854,7.23,7.36,6.7,0.9667,-0.8962,8.8719,0.1157,0.0535,0.0572
DRI,2021-04-05,7.38,7.45,7.22,7.3,338923,7.19,7.38,6.7,1.5119,-1.1567,8.8971,-0.0356,-0.0177,0.0608
DRI,2021-04-06,7.3,7.3,7.07,7.22,324721,7.16,7.4,6.71,0.8677,-2.3622,7.6388,0.0299,0.0152,0.058
DRI,2021-04-07,7.14,7.22,6.99,7.14,413733,7.14,7.38,6.72,-0.0,-3.158,6.3583,0.043,0.0182,0.0577
DRI,2021-04-08,7.14,7.14,6.91,7.07,470644,7.14,7.36,6.72,-0.9793,-3.9577,5.2024,0.06,0.0294,0.0521
DRI,2021-04-09,7.07,7.38,7.07,7.22,738038,7.16,7.34,6.72,0.8677,-1.6914,7.4399,-0.0,-0.0,0.0496
DRI,2021-04-12,7.22,7.38,7.14,7.38,954181,7.18,7.32,6.73,2.7027,0.7423,9.5732,0.2131,0.1061,0.0625
DRI,2021-04-13,7.38,7.53,7.14,7.3,723890,7.2,7.3,6.75,1.2931,-0.0532,8.1454,-0.029,-0.0128,0.0622
DRI,2021-04-14,7.3,7.3,7.07,7.3,428684,7.24,7.28,6.77,0.8584,0.2132,7.724,0.0974,0.0417,0.072
DRI,2021-04-15,7.3,7.45,7.14,7.22,996052,7.24,7.26,6.81,-0.3216,-0.5348,5.9708,-0.104,-0.0449,0.0728
DRI,2021-04-16,7.22,7.3,6.91,7.14,796787,7.23,7.23,6.84,-1.1816,-1.1816,4.3557,0.0586,0.0277,0.0671
DRI,2021-04-19,7.14,7.22,6.99,7.22,356986,7.22,7.2,6.89,-0.0,0.2155,4.8478,0.0845,0.0321,0.072
DRI,2021-04-20,7.3,8.0,7.22,7.76,3557134,7.27,7.22,6.94,6.7236,7.5847,11.9319,0.4595,0.2032,0.1149
DRI,2021-04-22,7.76,7.92,7.45,7.53,967382,7.31,7.23,6.98,2.9724,4.1891,7.9698,-0.107,-0.0516,0.1213
DRI,2021-04-23,7.45,7.61,7.3,7.61,478050,7.37,7.25,7.02,3.2667,4.9251,8.4551,0.0961,0.0407,0.1249
DRI,2021-04-26,7.53,7.92,7.45,7.76,1743160,7.42,7.29,7.06,4.6025,6.4962,9.9626,0.1446,0.0598,0.1394
DRI,2021-04-27,7.76,7.76,7.53,7.61,604132,7.45,7.31,7.1,2.1898,4.034,7.2211,-0.0737,-0.0337,0.1254
DRI,2021-04-28,7.61,7.76,7.53,7.61,537737,7.48,7.34,7.13,1.7654,3.6489,6.7074,-0.0741,-0.0306,0.13
DRI,2021-04-29,7.69,7.69,7.3,7.38,753225,7.48,7.36,7.16,-1.4523,0.211,3.0816,-0.1308,-0.0535,0.1333
DRI,2021-05-04,7.38,7.38,6.99,7.07,1093600,7.47,7.36,7.17,-5.4053,-3.9577,-1.5151,-0.1544,-0.06,0.1383
DRI,2021-05-05,7.07,7.3,6.91,7.22,761996,7.48,7.35,7.2,-3.4268,-1.7952,0.3236,0.1336,0.058,0.1458
DRI,2021-05-06,7.22,7.53,7.22,7.38,591400,7.49,7.36,7.22,-1.5544,0.2639,2.2165,0.0,0.0,0.1374
DRI,2021-05-07,7.3,7.38,6.99,7.14,650340,7.43,7.35,7.23,-3.8663,-2.8512,-1.224,-0.0347,-0.0135,0.0949
DRI,2021-05-10,7.07,7.22,6.99,7.14,415221,7.39,7.35,7.25,-3.3614,-2.8512,-1.4568,0.033,0.0123,0.0875
DRI,2021-05-11,7.14,7.38,7.07,7.14,448578,7.34,7.36,7.26,-2.7485,-2.9024,-1.6464,-0.0559,-0.0206,0.0835
DRI,2021-05-12,7.14,7.76,7.14,7.61,1800031,7.33,7.38,7.28,3.8136,3.158,4.4554,0.1961,0.0785,0.0886
DRI,2021-05-13,7.61,8.07,7.53,7.69,1308896,7.34,7.39,7.31,4.762,3.9917,5.2073,-0.1275,-0.0539,0.094
DRI,2021-05-14,7.69,7.69,7.53,7.69,772922,7.34,7.41,7.33,4.6512,3.7193,4.8729,0.2314,0.0951,0.1097
DRI,2021-05-17,7.69,7.76,7.45,7.53,805160,7.36,7.42,7.34,2.3207,1.4645,2.537,-0.1052,-0.043,0.1072
DRI,2021-05-18,7.53,7.53,7.22,7.3,676812,7.38,7.43,7.36,-1.1567,-1.7251,-0.8021,-0.101,-0.038,0.1018
DRI,2021-05-19,7.38,7.53,7.22,7.3,528612,7.39,7.43,7.36,-1.2605,-1.8277,-0.9066,-0.0628,-0.0249,0.0948
DRI,2021-05-20,7.3,7.3,7.14,7.3,495578,7.38,7.44,7.37,-1.1567,-1.8789,-1.011,0.1078,0.0424,0.1055
DRI,2021-05-21,7.3,7.61,7.3,7.53,588350,7.42,7.43,7.38,1.4645,1.4114,1.9979,0.0823,0.0298,0.1103
DRI,2021-05-24,7.53,8.54,7.53,8.54,4068350,7.56,7.48,7.4,12.9363,14.2264,15.3523,1.2043,0.5418,0.2274
DRI,2021-05-25,8.7,9.16,8.15,8.38,1956416,7.69,7.52,7.42,9.0908,11.5702,12.9707,-0.3073,-0.1465,0.2526
DRI,2021-05-26,8.38,8.7,8.15,8.46,759609,7.77,7.55,7.44,8.8911,12.0822,13.7075,0.0303,0.0146,0.236
DRI,2021-05-27,8.46,8.46,8.0,8.15,1533057,7.82,7.58,7.45,4.2701,7.582,9.4434,-0.1701,-0.0732,0.2402
DRI,2021-05-28,8.15,8.85,8.15,8.54,1539515,7.9,7.62,7.47,8.055,12.0163,14.3927,0.0342,0.0143,0.2205
DRI,2021-05-31,8.54,8.62,8.07,8.23,1441376,7.97,7.67,7.48,3.2133,7.3418,10.0727,-0.1012,-0.0427,0.2201
DRI,2021-06-01,8.23,8.54,8.15,8.54,1119593,8.1,7.74,7.49,5.465,10.331,13.966,0.2804,0.1218,0.2381
DRI,2021-06-02,8.54,9.16,8.31,8.93,2094770,8.26,7.83,7.52,8.0828,14.0874,18.7772,0.2008,0.0943,0.2519
DRI,2021-06-03,8.93,9.08,8.7,8.85,1222106,8.42,7.9,7.54,5.1661,12.0394,17.3806,-0.0436,-0.0218,0.2454
DRI,2021-06-04,8.85,8.93,8.54,8.77,989760,8.54,7.98,7.57,2.7273,9.9222,15.9688,0.0368,0.0156,0.2409
DRI,2021-06-07,8.77,9.55,8.77,9.16,1955605,8.6,8.08,7.6,6.4982,13.3525,20.5065,-0.0,-0.0,0.1205
DRI,2021-06-08,9.24,9.47,8.15,8.46,1494670,8.61,8.15,7.63,-1.7133,3.8589,10.9302,-0.1085,-0.0474,0.1006
DRI,2021-06-09,8.54,9.55,8.15,9.08,2014400,8.67,8.22,7.67,4.7448,10.4815,18.421,0.148,0.0752,0.1124
DRI,2021-06-10,9.01,9.16,8.85,9.01,1068394,8.76,8.29,7.71,2.8368,8.6651,16.8412,-0.0,-0.0,0.0953
DRI,2021-06-11,8.93,9.08,8.77,8.77,810494,8.78,8.34,7.74,-0.0884,5.1652,13.3173,-0.1802,-0.0762,0.1099
DRI,2021-06-14,8.93,8.93,8.54,8.62,1214133,8.82,8.4,7.77,-2.2887,2.6352,10.8448,-0.2188,-0.1025,0.1217
DRI,2021-06-15,8.62,9.32,8.54,9.08,1594716,8.87,8.49,7.81,2.3622,7.0448,16.2559,0.1484,0.0696,0.1085
DRI,2021-06-16,9.08,9.32,8.85,8.93,794533,8.87,8.57,7.85,0.6125,4.2139,13.7939,-0.1189,-0.0562,0.1003
DRI,2021-06-17,8.93,9.55,8.77,9.47,1708085,8.94,8.68,7.89,5.9948,9.1723,20.0552,0.3203,0.1606,0.128
DRI,2021-06-18,9.47,9.94,9.32,9.63,2680584,9.02,8.78,7.94,6.7125,9.6374,21.2832,-0.0,-0.0,0.1243
DRI,2021-06-21,9.7,9.7,9.16,9.24,1410751,9.03,8.82,7.98,2.3216,4.7996,15.7813,-0.3002,-0.1338,0.1543
DRI,2021-06-22,9.47,9.63,9.24,9.32,954021,9.11,8.86,8.02,2.2147,5.1248,16.0991,-0.1528,-0.077,0.1588
DRI,2021-06-23,9.32,9.32,8.7,8.85,2090537,9.09,8.88,8.06,-2.6473,-0.3496,9.8478,-0.3118,-0.1459,0.1751
DRI,2021-06-24,8.85,9.01,8.7,8.85,645166,9.08,8.92,8.09,-2.4807,-0.7401,9.447,0.0,0.0,0.1751
DRI,2021-06-25,8.77,8.93,8.7,8.85,628469,9.08,8.93,8.12,-2.5641,-0.9126,9.0284,0.0559,0.0243,0.1627
DRI,2021-06-28,8.85,8.93,8.62,8.77,1193282,9.1,8.96,8.15,-3.5836,-2.0797,7.6806,0.0,0.0,0.1408
DRI,2021-06-29,8.77,9.08,8.62,8.7,1192774,9.06,8.97,8.18,-4.0274,-3.0303,6.3426,-0.2704,-0.1226,0.153
DRI,2021-06-30,8.77,8.77,8.54,8.54,715491,9.02,8.95,8.2,-5.3357,-4.5553,4.0878,-0.1878,-0.0809,0.1599
DRI,2021-07-01,8.67,8.75,8.44,8.59,798609,8.93,8.94,8.23,-3.7969,-3.8094,4.4014,-0.0,-0.0,0.1279
DRI,2021-07-02,8.59,8.59,8.36,8.44,832323,8.81,8.92,8.25,-4.3019,-5.4119,2.3012,-0.0726,-0.0316,0.1352
DRI,2021-07-05,8.36,8.36,8.04,8.04,866055,8.69,8.86,8.26,-7.556,-9.3022,-2.644,-0.1847,-0.0696,0.1236
DRI,2021-07-06,8.04,8.44,7.88,7.88,630748,8.55,8.83,8.26,-7.8625,-10.8042,-4.6342,-0.0816,-0.0323,0.1165
DRI,2021-07-07,7.96,8.04,7.64,7.88,666215,8.45,8.77,8.26,-6.8027,-10.1915,-4.6606,0.0259,0.0087,0.0879
DRI,2021-07-08,7.8,8.04,7.72,7.88,283422,8.36,8.72,8.27,-5.7183,-9.6105,-4.7228,0.0,0.0,0.0879
DRI,2021-07-09,7.88,8.52,7.56,7.72,379902,8.24,8.66,8.27,-6.3549,-10.8979,-6.6726,-0.0681,-0.0268,0.0891
DRI,2021-07-12,7.72,7.72,6.84,7.24,847594,8.09,8.59,8.27,-10.4844,-15.7402,-12.4171,-0.0131,-0.0055,0.0904
DRI,2021-07-13,7.16,7.48,7.16,7.32,337308,7.95,8.51,8.27,-7.937,-13.9318,-11.5095,0.0,0.0,0.0634
DRI,2021-07-14,7.32,7.32,7.0,7.24,468300,7.82,8.42,8.27,-7.4262,-14.0149,-12.4758,0.1028,0.039,0.0549
DRI,2021-07-15,7.24,7.48,7.16,7.48,301328,7.71,8.32,8.28,-2.9928,-10.1177,-9.6134,0.1032,0.0384,0.0652
DRI,2021-07-16,7.56,7.72,7.48,7.64,343125,7.63,8.22,8.29,0.1043,-7.096,-7.801,0.0445,0.0169,0.0624
DRI,2021-07-19,7.64,7.64,7.32,7.32,533344,7.56,8.13,8.29,-3.1579,-9.9166,-11.6807,-0.1045,-0.0432,0.0544
DRI,2021-07-20,7.32,7.64,7.24,7.64,250878,7.54,8.04,8.3,1.3727,-5.0201,-7.9511,0.0507,0.0194,0.0513
DRI,2021-07-21,7.56,7.64,7.4,7.48,185813,7.5,7.98,8.3,-0.2123,-6.1999,-9.841,-0.0273,-0.0102,0.0514
DRI,2021-07-22,7.48,7.72,7.4,7.64,300158,7.47,7.91,8.3,2.2364,-3.4712,-7.9124,0.051,0.0196,0.0565
DRI,2021-07-23,7.64,7.8,7.32,7.32,557875,7.43,7.84,8.29,-1.4989,-6.5907,-11.6716,-0.1338,-0.0486,0.0631
DRI,2021-07-26,7.4,7.56,7.24,7.32,537850,7.44,7.77,8.28,-1.6043,-5.7175,-11.627,-0.1262,-0.0421,0.0744
DRI,2021-07-27,7.48,7.88,7.48,7.8,756676,7.49,7.72,8.29,4.1445,1.0145,-5.9772,0.185,0.0679,0.0929
DRI,2021-07-28,7.88,7.88,7.64,7.8,183380,7.54,7.68,8.3,3.3755,1.5018,-6.0906,0.0352,0.0145,0.0861
DRI,2021-07-29,7.8,7.88,7.64,7.8,303071,7.58,7.64,8.31,2.9412,2.0302,-6.2038,0.0354,0.0142,0.0794
DRI,2021-07-30,7.8,8.12,7.8,8.12,878015,7.62,7.63,8.33,6.4718,6.4162,-2.5128,0.2731,0.1176,0.1022
DRI,2021-08-02,8.12,8.2,7.96,8.12,417945,7.7,7.63,8.32,5.3719,6.3608,-2.4137,0.0529,0.0208,0.0971
DRI,2021-08-03,8.04,8.2,7.72,7.96,846428,7.74,7.64,8.31,2.8806,4.2209,-4.2288,0.0,0.0,0.092
DRI,2021-08-04,7.96,7.96,7.8,7.96,503153,7.78,7.64,8.3,2.2495,4.1666,-4.1124,0.178,0.0676,0.1071
DRI,2021-08-05,7.88,8.28,7.8,8.2,790081,7.84,7.66,8.3,4.5685,7.0686,-1.2464,0.1299,0.053,0.115
DRI,2021-08-06,8.2,8.2,8.04,8.12,374222,7.92,7.68,8.29,2.5125,5.7542,-2.1054,0.0,0.0,0.1016
DRI,2021-08-09,8.04,8.28,7.96,8.28,603939,8.01,7.73,8.29,3.277,7.106,-0.1971,0.1232,0.0482,0.1013
DRI,2021-08-10,8.28,8.91,8.2,8.83,2087028,8.12,7.8,8.3,8.8236,13.2076,6.4452,0.4058,0.1708,0.1234
DRI,2021-08-11,8.83,9.31,8.83,8.99,1204954,8.24,7.89,8.3,9.1788,13.9688,8.3464,-0.0713,-0.0312,0.127
DRI,2021-08-12,9.15,9.15,8.67,8.75,809682,8.33,7.95,8.3,5.0621,10.0551,5.4946,-0.1088,-0.0457,0.1343
DRI,2021-08-13,8.83,8.83,8.44,8.75,1078002,8.4,8.01,8.3,4.2654,9.2897,5.4995,0.1227,0.0509,0.1193
DRI,2021-08-16,8.75,9.31,8.52,9.15,1991089,8.5,8.1,8.3,7.6779,12.9666,10.2975,0.2242,0.0986,0.1364
DRI,2021-08-17,9.23,9.63,9.15,9.31,1483084,8.63,8.18,8.31,7.8341,13.7579,11.9867,-0.1175,-0.0471,0.1481
DRI,2021-08-18,9.39,9.39,9.23,9.23,638716,8.76,8.27,8.32,5.3588,11.5921,10.9901,-0.2394,-0.1026,0.1543
DRI,2021-08-19,9.15,9.47,9.15,9.47,1094371,8.89,8.36,8.33,6.5353,13.2255,13.7336,0.2539,0.1107,0.1667
DRI,2021-08-20,9.47,9.87,9.31,9.63,3837490,9.04,8.48,8.34,6.5141,13.5617,15.4078,0.084,0.0404,0.1751
DRI,2021-08-23,9.63,9.71,9.31,9.39,1240370,9.15,8.58,8.36,2.6087,9.4112,12.3384,-0.1113,-0.0502,0.1739
DRI,2021-08-24,9.39,9.63,9.23,9.31,827159,9.2,8.66,8.36,1.2111,7.5368,11.3259,-0.1314,-0.0655,0.1464
DRI,2021-08-25,9.23,9.47,8.83,9.15,1347851,9.22,8.73,8.37,-0.6908,4.8792,9.3645,0.0,0.0,0.1393
DRI,2021-08-26,9.15,10.27,9.15,9.95,2275778,9.33,8.83,8.38,6.5643,12.6126,18.7394,0.3373,0.1629,0.1622
DRI,2021-08-27,10.03,10.35,9.71,10.27,1643109,9.49,8.94,8.39,8.2215,14.8198,22.3526,0.2174,0.1068,0.1716
DRI,2021-08-30,10.19,10.74,10.03,10.66,1878306,9.64,9.07,8.42,10.6524,17.5954,26.6648,0.3365,0.1655,0.1829
DRI,2021-08-31,10.66,10.66,10.27,10.43,1200628,9.75,9.19,8.44,6.9388,13.4199,23.5038,-0.0666,-0.0332,0.1778
DRI,2021-09-01,10.43,10.82,10.19,10.58,1206204,9.88,9.32,8.48,7.0854,13.5297,24.8765,0.0748,0.039,0.1613
DRI,2021-09-06,10.58,10.98,10.43,10.66,1408121,10.0,9.45,8.51,6.603,12.8896,25.2794,-0.0347,-0.0172,0.1394
DRI,2021-09-07,10.66,10.66,10.03,10.27,1244443,10.07,9.55,8.54,1.9763,7.4553,20.2052,-0.0568,-0.0302,0.1367
DRI,2021-09-08,10.27,10.35,10.11,10.19,669310,10.15,9.65,8.57,0.3921,5.5669,18.8799,-0.0717,-0.0324,0.1327
DRI,2021-09-09,10.19,10.58,10.03,10.5,777403,10.27,9.73,8.6,2.3256,7.9313,22.0795,0.1654,0.0865,0.1361
DRI,2021-09-10,10.43,10.58,10.27,10.27,533551,10.38,9.8,8.64,-1.0736,4.7929,18.8283,-0.1611,-0.0742,0.1522
DRI,2021-09-13,10.43,10.9,10.27,10.58,1402805,10.44,9.89,8.68,1.372,7.0423,21.9512,0.0,0.0,0.1185
DRI,2021-09-14,10.58,10.74,10.35,10.43,479366,10.46,9.97,8.72,-0.3044,4.5491,19.5692,-0.0616,-0.0347,0.1029
DRI,2021-09-15,10.43,10.66,10.27,10.66,940760,10.46,10.05,8.77,1.9787,6.1386,21.575,0.2279,0.1203,0.0921
DRI,2021-09-16,10.66,10.98,10.58,10.66,907919,10.48,10.11,8.83,1.7464,5.4288,20.8078,-0.1739,-0.0822,0.1028
DRI,2021-09-17,10.83,10.91,10.66,10.91,706190,10.51,10.2,8.89,3.7475,6.9475,22.7211,0.1659,0.082,0.1119
DRI,2021-09-20,10.83,11.07,10.58,10.74,704774,10.52,10.26,8.94,2.1209,4.6973,20.1148,-0.0451,-0.0241,0.1129
DRI,2021-09-21,10.58,10.58,9.85,10.5,922614,10.54,10.31,9.0,-0.4216,1.8856,16.6597,0.1742,0.0904,0.1247
DRI,2021-09-22,10.58,10.66,10.26,10.58,628378,10.58,10.37,9.07,-0.0243,2.0855,16.698,0.0913,0.0545,0.1267
DRI,2021-09-23,10.58,10.83,10.42,10.58,536445,10.59,10.43,9.13,-0.0968,1.4637,15.8648,-0.019,-0.0114,0.112
DRI,2021-09-24,10.5,10.58,10.34,10.42,431547,10.61,10.49,9.2,-1.7754,-0.7004,13.2941,-0.0434,-0.0238,0.1002
DRI,2021-09-27,10.5,10.58,9.85,9.93,861398,10.54,10.49,9.25,-5.7989,-5.3473,7.4112,-0.1079,-0.0558,0.111
DRI,2021-09-28,9.93,9.93,9.52,9.93,912483,10.49,10.47,9.29,-5.3547,-5.1956,6.8816,0.2082,0.1012,0.1257
DRI,2021-09-29,10.34,10.34,9.69,10.17,397674,10.44,10.45,9.35,-2.573,-2.637,8.8413,0.0735,0.0396,0.1103
DRI,2021-09-30,10.17,10.26,10.01,10.17,264449,10.39,10.44,9.4,-2.1144,-2.5201,8.2543,0.0381,0.0172,0.0967
DRI,2021-10-01,10.26,10.26,9.85,9.93,527618,10.3,10.4,9.45,-3.5573,-4.5606,5.1083,-0.0828,-0.0399,0.0884
DRI,2021-10-04,9.93,10.58,9.93,10.26,967061,10.25,10.38,9.5,0.0794,-1.2379,7.9566,0.0,0.0,0.0838
DRI,2021-10-05,10.26,10.42,10.17,10.17,429946,10.22,10.38,9.56,-0.3984,-1.9786,6.4603,-0.1204,-0.0594,0.0785
DRI,2021-10-06,10.42,10.74,10.34,10.74,1153409,10.23,10.41,9.63,5.0119,3.2332,11.6225,0.3474,0.1777,0.1041
DRI,2021-10-07,10.83,11.23,10.74,11.15,1524090,10.29,10.44,9.69,8.3861,6.8118,15.0493,0.2721,0.1452,0.1294
DRI,2021-10-08,11.15,11.23,10.74,10.91,956217,10.34,10.47,9.75,5.5118,4.153,11.8128,-0.1051,-0.0561,0.1356
DRI,2021-10-11,10.91,11.31,10.91,10.99,778843,10.44,10.49,9.82,5.2221,4.7282,11.9154,-0.1054,-0.0544,0.1353
DRI,2021-10-12,10.99,11.07,10.74,10.99,793687,10.55,10.52,9.88,4.1667,4.4478,11.2647,0.1193,0.0631,0.1264
DRI,2021-10-13,10.91,11.15,10.83,10.99,670228,10.63,10.54,9.93,3.3691,4.2869,10.6215,0.0,0.0,0.1191
DRI,2021-10-14,10.99,12.05,10.99,11.97,2616949,10.81,10.6,10.01,10.6928,12.8599,19.4905,0.6257,0.3347,0.1778
DRI,2021-10-15,12.05,12.37,11.97,12.05,1650419,11.02,10.66,10.1,9.3057,13.0202,19.3289,-0.3452,-0.2057,0.2041
DRI,2021-10-18,12.21,12.21,11.8,11.97,1248742,11.19,10.72,10.17,6.9091,11.6173,17.6443,-0.0634,-0.0375,0.2104
DRI,2021-10-19,12.05,13.1,11.8,12.53,1936958,11.43,10.82,10.26,9.6866,15.8331,22.185,0.0805,0.0452,0.2064
DRI,2021-10-20,13.02,13.02,12.05,12.53,1077928,11.61,10.92,10.34,7.9944,14.7969,21.179,0.0,0.0,0.1717
DRI,2021-10-21,12.53,12.53,12.21,12.29,710971,11.72,11.0,10.41,4.8611,11.6864,18.0293,-0.0951,-0.0531,0.154
DRI,2021-10-22,12.29,12.86,12.13,12.53,1227605,11.88,11.11,10.48,5.4795,12.8205,19.5609,0.0357,0.0205,0.147
DRI,2021-10-25,12.45,12.94,12.29,12.7,933652,12.05,11.25,10.56,5.3342,12.8799,20.2092,0.0413,0.0238,0.1406
DRI,2021-10-26,12.7,12.7,12.37,12.62,644465,12.22,11.38,10.64,3.2645,10.833,18.5715,0.0738,0.0439,0.1361
DRI,2021-10-27,12.62,12.94,12.62,12.86,1168016,12.4,11.52,10.71,3.6745,11.6608,20.0297,0.1188,0.0613,0.148
DRI,2021-10-28,12.94,13.02,12.7,12.78,940968,12.49,11.65,10.78,2.3468,9.7135,18.5028,-0.1135,-0.0635,0.0967
DRI,2021-10-29,12.78,13.59,12.78,13.27,987581,12.61,11.81,10.86,5.2292,12.2976,22.1175,0.0406,0.0241,0.0663
DRI,2021-11-01,13.27,13.27,12.78,12.86,1257643,12.7,11.94,10.93,1.282,7.6661,17.6374,-0.1412,-0.0806,0.0741
DRI,2021-11-02,12.94,12.94,12.62,12.94,1134186,12.74,12.08,11.0,1.5974,7.1067,17.6687,0.2059,0.1246,0.0866
DRI,2021-11-03,13.02,13.43,12.45,12.53,1066286,12.74,12.17,11.06,-1.5974,2.9756,13.3206,-0.0847,-0.0516,0.0951
DRI,2021-11-04,12.53,12.7,12.29,12.62,601090,12.77,12.25,11.13,-1.211,3.0242,13.3788,0.0798,0.0447,0.0935
DRI,2021-11-05,12.53,12.86,12.37,12.78,635654,12.8,12.34,11.2,-0.1272,3.562,14.0979,0.1012,0.06,0.1001
DRI,2021-11-08,12.78,13.43,12.78,13.1,1464222,12.84,12.45,11.26,2.0926,5.2976,16.3489,0.0,0.0,0.0959
DRI,2021-11-09,13.19,13.35,12.94,13.1,756091,12.88,12.55,11.32,1.7057,4.4099,15.7654,-0.029,-0.0178,0.0915
DRI,2021-11-10,13.1,13.19,12.94,13.02,1097411,12.9,12.65,11.37,0.9464,2.927,14.5687,-0.0729,-0.0388,0.0869
DRI,2021-11-11,13.1,14.0,12.94,13.84,2139552,13.01,12.75,11.44,6.383,8.5569,21.0028,0.2735,0.1739,0.1029
DRI,2021-11-12,13.92,14.16,13.59,13.67,846094,13.05,12.83,11.5,4.8035,6.599,18.9365,-0.1117,-0.0711,0.11
DRI,2021-11-15,13.02,13.84,13.02,13.51,981007,13.11,12.91,11.55,3.0416,4.6988,16.9411,0.0364,0.0216,0.0995
DRI,2021-11-16,13.59,13.67,13.19,13.51,1044463,13.17,12.95,11.62,2.5958,4.3041,16.2878,0.0726,0.0412,0.0862
DRI,2021-11-17,13.43,14.49,13.19,14.16,1540456,13.33,13.04,11.7,6.2271,8.6481,21.0634,0.1876,0.1111,0.0965
DRI,2021-11-18,14.16,14.49,14.0,14.16,624245,13.49,13.13,11.77,5.0091,7.8735,20.311,-0.0308,-0.0184,0.0916
DRI,2021-11-19,14.16,14.16,13.02,13.51,1234438,13.56,13.18,11.84,-0.3602,2.5324,14.1499,-0.0264,-0.0159,0.0841
DRI,2021-11-22,13.67,13.67,12.21,12.53,1355264,13.5,13.17,11.88,-7.173,-4.8207,5.5503,-0.094,-0.0581,0.0935
DRI,2021-11-23,12.53,13.1,12.05,13.1,562198,13.5,13.19,11.93,-2.9536,-0.6786,9.8523,0.1108,0.0575,0.1017
DRI,2021-11-24,13.19,13.51,13.02,13.27,407403,13.53,13.21,11.98,-1.9254,0.4004,10.7335,0.0,0.0,0.0944
DRI,2021-11-25,13.35,13.84,13.35,13.59,1092352,13.5,13.26,12.04,0.663,2.5484,12.8989,0.0,0.0,0.067
DRI,2021-11-26,13.59,13.84,13.1,13.27,635535,13.46,13.26,12.09,-1.451,0.0921,9.7643,-0.0653,-0.0368,0.0624
DRI,2021-11-29,13.02,13.43,12.7,13.27,585237,13.44,13.28,12.14,-1.2719,-0.0613,9.308,0.0627,0.0336,0.065
DRI,2021-11-30,13.27,14.49,13.19,14.24,2534460,13.51,13.34,12.21,5.4216,6.7724,16.6355,0.2937,0.1861,0.0871
DRI,2021-12-01,14.08,14.16,13.76,14.0,578434,13.5,13.41,12.28,3.7395,4.3689,13.9979,0.0278,0.017,0.0712
DRI,2021-12-02,13.84,14.81,13.67,14.33,1185746,13.51,13.5,12.36,6.0241,6.12,15.942,0.0404,0.0239,0.0721
DRI,2021-12-03,14.33,14.33,13.59,13.67,1052490,13.53,13.54,12.42,1.0831,0.9616,10.0918,-0.1016,-0.0592,0.0796
DRI,2021-12-06,13.51,13.67,12.78,13.02,811529,13.58,13.54,12.48,-4.0768,-3.8173,4.3297,-0.0686,-0.0405,0.0771
DRI,2021-12-07,13.27,13.59,12.86,13.1,634322,13.58,13.54,12.55,-3.4772,-3.2161,4.4505,-0.0453,-0.0261,0.0705
DRI,2021-12-08,13.43,14.0,13.02,13.51,844218,13.6,13.56,12.61,-0.6583,-0.3901,7.1244,-0.0,-0.0,0.0705
DRI,2021-12-09,13.43,13.59,13.27,13.51,382090,13.59,13.55,12.68,-0.5988,-0.2704,6.5605,0.0567,0.0308,0.0762
DRI,2021-12-10,13.43,13.67,13.02,13.51,689467,13.62,13.54,12.75,-0.7771,-0.2104,5.9619,0.1007,0.058,0.0798
DRI,2021-12-13,13.43,13.84,13.35,13.76,688140,13.67,13.55,12.82,0.6552,1.5015,7.288,0.1118,0.0669,0.0847
DRI,2021-12-14,13.76,14.08,13.43,13.59,757744,13.6,13.56,12.89,-0.0598,0.2702,5.4559,-0.0916,-0.055,0.0645
DRI,2021-12-15,13.59,13.59,13.35,13.51,564097,13.55,13.52,12.95,-0.3003,-0.0903,4.3762,0.0464,0.0263,0.0663
DRI,2021-12-16,13.27,13.67,13.1,13.59,740609,13.48,13.5,12.99,0.8454,0.7238,4.6104,0.0992,0.0603,0.0722
DRI,2021-12-17,13.51,13.84,13.51,13.59,683516,13.47,13.5,13.05,0.9064,0.6934,4.1797,-0.0624,-0.0373,0.0683
DRI,2021-12-20,13.59,13.67,13.27,13.35,647586,13.5,13.54,13.09,-1.1453,-1.4127,1.9393,-0.0842,-0.0485,0.0698
DRI,2021-12-21,13.35,13.43,13.19,13.35,695267,13.53,13.55,13.14,-1.3237,-1.5015,1.5731,0.0491,0.0241,0.0702
DRI,2021-12-22,13.27,14.24,13.19,14.0,2008844,13.58,13.59,13.2,3.1175,3.0249,6.0419,0.1937,0.1135,0.0896
DRI,2021-12-23,13.84,14.16,13.59,13.84,901415,13.61,13.6,13.24,1.6747,1.7355,4.5125,-0.0211,-0.0116,0.086
DRI,2021-12-24,13.67,13.84,13.59,13.76,629868,13.63,13.63,13.27,0.8955,0.9558,3.6301,0.0489,0.0317,0.0808
DRI,2021-12-27,13.76,14.24,13.67,13.92,1009414,13.65,13.66,13.31,1.9678,1.907,4.5488,-0.0427,-0.023,0.0739
DRI,2021-12-28,14.0,15.47,13.76,15.22,3309983,13.81,13.71,13.37,10.1945,11.0451,13.8716,0.4823,0.3056,0.113
DRI,2021-12-29,15.22,15.38,14.9,14.98,745912,13.96,13.76,13.42,7.2887,8.8758,11.637,-0.1253,-0.0772,0.1209
DRI,2021-12-30,14.65,14.98,14.24,14.33,803715,14.03,13.76,13.46,2.0882,4.142,6.4602,-0.1537,-0.0914,0.1263
DRI,2021-12-31,14.41,14.41,13.67,14.0,1230676,14.07,13.77,13.49,-0.5205,1.6549,3.8146,-0.035,-0.0199,0.1236
DRI,2022-01-04,14.0,14.0,13.76,14.0,665757,14.14,13.82,13.51,-0.9787,1.2957,3.6145,0.1506,0.0794,0.1302
DRI,2022-01-05,14.0,14.24,13.84,14.0,929647,14.2,13.87,13.54,-1.4327,0.9686,3.4027,-0.0292,-0.0155,0.1282
DRI,2022-01-06,14.0,14.81,13.76,14.33,1371878,14.24,13.91,13.57,0.6289,3.0143,5.5789,0.0207,0.011,0.111
DRI,2022-01-07,14.33,14.41,14.16,14.41,730507,14.29,13.95,13.6,0.7973,3.2672,5.9246,0.1437,0.0782,0.1232
DRI,2022-01-10,14.41,15.06,14.24,14.41,1392523,14.36,14.0,13.62,0.3402,2.9369,5.7474,-0.1061,-0.0603,0.1289
DRI,2022-01-11,14.73,14.73,14.0,14.08,689375,14.37,14.01,13.65,-2.0385,0.4937,3.1727,-0.1032,-0.055,0.135
DRI,2022-01-12,14.08,14.16,12.94,13.76,911901,14.23,14.02,13.66,-3.3181,-1.8868,0.6671,0.0453,0.0229,0.0913
DRI,2022-01-13,13.59,13.67,12.86,12.86,774664,14.02,13.99,13.67,-8.2462,-8.0594,-5.93,-0.1098,-0.0628,0.0897
DRI,2022-01-14,13.1,13.43,11.48,13.02,438354,13.89,13.96,13.68,-6.2134,-6.7055,-4.7959,0.0714,0.0345,0.0815
DRI,2022-01-17,13.02,13.1,11.64,11.8,668705,13.67,13.87,13.66,-13.639,-14.9061,-13.5979,-0.066,-0.0329,0.0846
DRI,2022-01-18,11.8,12.29,11.4,11.56,679076,13.42,13.78,13.63,-13.8872,-16.1252,-15.1935,-0.1037,-0.0528,0.0799
DRI,2022-01-19,11.4,11.64,11.15,11.23,353019,13.15,13.67,13.59,-14.5511,-17.8571,-17.3553,-0.0657,-0.0334,0.0836
DRI,2022-01-20,11.07,11.8,10.58,11.48,717150,12.86,13.55,13.56,-10.7595,-15.2899,-15.3662,0.0752,0.0337,0.089
DRI,2022-01-21,11.4,12.13,11.4,11.8,233800,12.6,13.45,13.52,-6.3307,-12.2276,-12.7032,0.0074,0.0035,0.0754
DRI,2022-01-24,11.97,11.97,10.99,11.15,248508,12.27,13.32,13.47,-9.1512,-16.2592,-17.2105,-0.0287,-0.0137,0.0676
DRI,2022-01-25,11.4,11.4,10.66,11.07,201993,11.97,13.17,13.42,-7.5459,-15.9716,-17.5157,0.0046,0.0021,0.0578
DRI,2022-01-26,11.07,11.4,11.07,11.07,262000,11.7,12.97,13.37,-5.4242,-14.6265,-17.2145,-0.0654,-0.0325,0.0598
DRI,2022-01-27,11.15,11.23,10.99,11.07,138942,11.53,12.77,13.31,-3.9548,-13.3206,-16.8297,-0.0195,-0.0094,0.0508
DRI,2022-01-28,11.07,11.07,10.74,10.91,226300,11.31,12.6,13.24,-3.5972,-13.4367,-17.65,-0.0,-0.0,0.0436
DRI,2022-02-07,11.4,11.8,11.23,11.64,150400,11.3,12.48,13.21,3.0259,-6.7493,-11.8699,0.0214,0.0106,0.0391
DRI,2022-02-08,11.72,11.97,11.48,11.8,228332,11.32,12.37,13.19,4.2416,-4.6052,-10.538,0.0246,0.0118,0.0312
DRI,2022-02-09,11.64,11.97,11.56,11.88,145500,11.39,12.27,13.17,4.3602,-3.1188,-9.754,0.0217,0.0102,0.0268
DRI,2022-02-10,11.88,12.21,11.8,12.13,248671,11.45,12.16,13.15,5.8991,-0.2343,-7.7399,0.0677,0.0313,0.0261
DRI,2022-02-11,12.21,12.29,12.05,12.13,285547,11.48,12.04,13.12,5.5989,0.7097,-7.5338,-0.0342,-0.016,0.0288
DRI,2022-02-14,12.13,12.13,11.8,11.88,290200,11.56,11.92,13.09,2.8169,-0.2732,-9.204,-0.0276,-0.0138,0.0286
DRI,2022-02-15,11.88,12.13,11.88,12.05,169136,11.66,11.81,13.06,3.3519,1.9635,-7.7882,0.0216,0.0101,0.0304
DRI,2022-02-16,11.97,12.37,11.97,12.37,345955,11.79,11.75,13.03,4.9724,5.3361,-5.0237,0.115,0.0586,0.0353
DRI,2022-02-17,12.37,12.45,12.21,12.29,210200,11.91,11.72,12.99,3.2126,4.8975,-5.4003,-0.027,-0.0116,0.0361
DRI,2022-02-18,12.29,12.29,12.05,12.13,342600,12.03,11.67,12.95,0.8119,3.9052,-6.3364,-0.0348,-0.017,0.0396
DRI,2022-02-21,12.21,12.53,12.13,12.45,422700,12.11,11.7,12.92,2.8226,6.3978,-3.6403,0.0726,0.0382,0.0447
DRI,2022-02-22,12.37,12.53,12.21,12.53,407611,12.18,11.75,12.91,2.8724,6.6482,-2.9371,0.1008,0.0491,0.0523
DRI,2022-02-23,12.53,12.53,12.37,12.37,214200,12.23,11.81,12.9,1.1311,4.7554,-4.0888,-0.0623,-0.0302,0.0564
DRI,2022-02-24,12.45,12.45,11.64,12.05,681777,12.23,11.84,12.87,-1.4647,1.7531,-6.4002,-0.0,-0.0,0.0496
DRI,2022-02-25,12.05,13.19,12.05,13.02,1128306,12.32,11.9,12.86,5.7502,9.4391,1.2658,0.2056,0.1056,0.0667
DRI,2022-02-28,13.02,13.19,12.78,13.19,490290,12.45,12.0,12.85,5.9516,9.8677,2.5836,0.1245,0.0652,0.0764
DRI,2022-03-01,13.1,13.27,12.78,13.19,685517,12.56,12.11,12.84,4.9903,8.9075,2.6746,0.104,0.0553,0.0847
DRI,2022-03-02,13.19,13.19,12.86,13.02,491305,12.62,12.21,12.83,3.1592,6.7022,1.4971,0.0,0.0,0.0732
DRI,2022-03-03,13.02,13.67,12.78,13.51,1041707,12.75,12.33,12.83,6.0025,9.6071,5.3032,0.1211,0.064,0.0826
DRI,2022-03-04,13.51,14.0,13.35,13.76,1405048,12.91,12.47,12.83,6.5574,10.3133,7.1791,0.0843,0.0446,0.0875
DRI,2022-03-07,13.92,15.47,13.92,15.38,3639687,13.2,12.66,12.87,16.5228,21.5434,19.5294,0.8351,0.4807,0.1638
DRI,2022-03-08,15.22,17.01,15.14,16.44,4363572,13.59,12.89,12.93,20.9581,27.5655,27.14,0.2648,0.1677,0.1802
DRI,2022-03-09,16.52,17.83,16.44,17.5,1920601,14.11,13.17,13.02,24.0623,32.8801,34.459,0.2389,0.1562,0.1978
DRI,2022-03-10,17.09,17.17,15.63,15.95,2644330,14.5,13.36,13.05,10.0505,19.403,22.2097,-0.4056,-0.2555,0.2384
DRI,2022-03-11,16.03,17.17,15.47,16.03,1654922,14.8,13.56,13.1,8.3609,18.2828,22.4211,-0.1299,-0.0844,0.2308
DRI,2022-03-14,15.95,15.95,14.73,14.9,1734767,14.97,13.71,13.12,-0.4894,8.6698,13.5236,-0.2536,-0.1513,0.2437
DRI,2022-03-15,14.98,15.38,14.08,14.9,1256533,15.14,13.85,13.14,-1.6129,7.5522,13.3548,0.0927,0.0538,0.2426
DRI,2022-03-16,14.9,15.47,14.41,15.14,501379,15.35,13.99,13.14,-1.3786,8.2339,15.2274,0.0689,0.043,0.2495
DRI,2022-03-17,15.06,15.3,14.73,14.98,707147,15.5,14.12,13.14,-3.3613,6.0519,13.9884,-0.0281,-0.0175,0.2402
DRI,2022-03-18,14.98,15.3,14.81,15.06,923164,15.63,14.27,13.15,-3.6458,5.5334,14.4802,0.0,0.0,0.2318
DRI,2022-03-21,15.06,16.03,14.73,15.47,1329215,15.64,14.42,13.18,-1.0932,7.2537,17.3129,0.0458,0.0253,0.1528
DRI,2022-03-22,15.38,15.79,15.3,15.47,629402,15.54,14.57,13.21,-0.4715,6.1749,17.0527,-0.0447,-0.0271,0.1308
DRI,2022-03-23,15.47,16.2,15.22,15.87,1473386,15.38,14.74,13.25,3.2292,7.6753,19.7936,0.1199,0.0737,0.1189
DRI,2022-03-24,15.95,16.28,15.47,15.55,645668,15.33,14.92,13.27,1.38,4.2292,17.1204,-0.1269,-0.072,0.0911
DRI,2022-03-25,15.71,15.71,14.98,15.3,1064361,15.26,15.03,13.29,0.2667,1.8143,15.1255,-0.0286,-0.017,0.0809
DRI,2022-03-28,15.3,15.3,14.24,14.41,1578421,15.21,15.09,13.29,-5.2969,-4.5307,8.3895,-0.2162,-0.1171,0.0772
DRI,2022-03-29,14.65,15.3,14.24,15.06,960545,15.23,15.18,13.31,-1.1224,-0.8309,13.1222,0.1635,0.0912,0.0843
DRI,2022-03-30,15.06,15.3,14.49,14.73,844471,15.19,15.27,13.33,-3.0011,-3.5181,10.5141,-0.0709,-0.042,0.0845
DRI,2022-03-31,14.65,15.3,14.65,14.98,648146,15.19,15.34,13.37,-1.3933,-2.3872,11.9903,0.0,0.0,0.0817
DRI,2022-04-01,14.98,15.3,14.65,14.98,778601,15.18,15.4,13.41,-1.3405,-2.7741,11.6641,0.0,0.0,0.0817
DRI,2022-04-04,14.98,15.87,14.98,15.79,1957210,15.21,15.42,13.49,3.7988,2.3747,17.0367,0.3457,0.2019,0.1117
DRI,2022-04-05,15.79,16.12,15.63,15.79,1036620,15.25,15.39,13.58,3.5771,2.5912,16.3069,-0.1012,-0.0599,0.1173
DRI,2022-04-06,15.87,16.03,15.22,15.47,905610,15.2,15.29,13.66,1.7131,1.1445,13.2031,-0.0756,-0.044,0.1129
DRI,2022-04-07,15.38,15.55,14.49,14.73,1227729,15.12,15.23,13.73,-2.5834,-3.2603,7.3292,-0.1375,-0.078,0.1139
DRI,2022-04-08,14.65,14.98,14.49,14.49,586917,15.04,15.15,13.78,-3.6797,-4.3782,5.1388,-0.1117,-0.0685,0.1222
DRI,2022-04-12,14.49,14.81,13.67,13.76,591443,14.98,15.09,13.83,-8.1522,-8.8703,-0.5531,-0.0961,-0.0561,0.1102
DRI,2022-04-13,13.76,14.16,13.27,14.0,593520,14.87,15.05,13.89,-5.8566,-6.9767,0.7852,0.0906,0.0482,0.1029
DRI,2022-04-14,14.08,14.33,13.76,13.92,383131,14.79,14.99,13.95,-5.8888,-7.1409,-0.2101,-0.0545,-0.0282,0.1013
DRI,2022-04-15,13.84,15.38,13.84,14.73,1171791,14.77,14.98,14.02,-0.2205,-1.6304,5.0737,0.0475,0.0276,0.106
DRI,2022-04-18,14.81,15.79,14.81,15.38,1638136,14.81,14.99,14.11,3.9032,2.6058,9.0217,0.0475,0.0326,0.1108
DRI,2022-04-19,15.38,15.71,14.16,14.24,886513,14.65,14.93,14.16,-2.7778,-4.6062,0.5747,-0.1617,-0.1021,0.0924
DRI,2022-04-20,14.65,14.65,13.35,13.67,866549,14.44,14.84,14.2,-5.2987,-7.8695,-3.7028,-0.0882,-0.056,0.0911
DRI,2022-04-21,13.51,13.51,11.88,12.13,1311439,14.11,14.66,14.21,-14.0219,-17.2452,-14.623,-0.2121,-0.1099,0.1047
DRI,2022-04-22,12.13,13.02,11.48,12.37,970600,13.87,14.5,14.21,-10.7981,-14.6547,-12.9339,0.042,0.0212,0.0952
DRI,2022-04-25,12.13,12.37,10.83,11.07,598762,13.53,14.28,14.19,-18.1708,-22.5071,-21.9825,-0.0701,-0.0378,0.091
DRI,2022-04-26,10.17,11.64,10.17,11.48,659080,13.3,14.14,14.18,-13.7087,-18.8256,-19.0679,0.091,0.047,0.0905
DRI,2022-04-27,11.23,12.05,11.23,11.8,324734,13.08,13.98,14.18,-9.7697,-15.5504,-16.7432,0.047,0.0233,0.0862
DRI,2022-04-28,11.8,11.97,11.64,11.88,285900,12.88,13.83,14.17,-7.7118,-14.0924,-16.1113,0.061,0.0318,0.0868
DRI,2022-04-29,11.8,11.88,11.56,11.8,663926,12.58,13.67,14.16,-6.2095,-13.6905,-16.6283,0.1152,0.059,0.0936
DRI,2022-05-04,11.88,12.13,11.72,11.97,400206,12.24,13.52,14.15,-2.2606,-11.5257,-15.4589,0.0271,0.0148,0.0915
DRI,2022-05-05,12.05,12.21,11.64,11.97,451042,12.01,13.33,14.14,-0.4065,-10.2564,-15.4005,0.0305,0.0151,0.0784
DRI,2022-05-06,11.8,11.8,11.4,11.48,280078,11.79,13.12,14.12,-2.6916,-12.5039,-18.732,-0.044,-0.0231,0.074
DRI,2022-05-09,11.48,11.48,9.85,9.93,620500,11.57,12.84,14.07,-14.2053,-22.6624,-29.439,-0.098,-0.0491,0.0626
DRI,2022-05-10,9.93,10.34,9.12,10.26,423234,11.36,12.62,14.04,-9.7421,-18.7097,-26.9396,0.0785,0.0371,0.0662
DRI,2022-05-11,10.34,10.34,9.77,10.01,273400,11.26,12.39,13.98,-11.0629,-19.2118,-28.3718,-0.0247,-0.01,0.0617
DRI,2022-05-12,10.01,10.17,9.12,9.12,484811,11.02,12.16,13.9,-17.2821,-25.0335,-34.3955,-0.1079,-0.0496,0.0634
DRI,2022-05-13,9.12,9.52,8.3,8.47,549700,10.69,11.88,13.8,-20.792,-28.7671,-38.6647,-0.0672,-0.032,0.0654
DRI,2022-05-16,8.79,9.28,8.79,8.95,218600,10.39,11.64,13.72,-13.8606,-23.05,-34.7413,-0.018,-0.0088,0.0611
DRI,2022-05-17,8.95,9.85,8.63,9.85,367439,10.2,11.39,13.65,-3.4318,-13.5406,-27.8301,0.072,0.036,0.0568
DRI,2022-05-18,9.77,9.93,9.52,9.77,354915,9.98,11.11,13.57,-2.1207,-12.0879,-28.0057,0.0234,0.0111,0.0564
DRI,2022-05-19,9.6,9.69,9.03,9.6,255300,9.74,10.88,13.45,-1.4203,-11.7097,-28.5974,0.0841,0.0382,0.0618
DRI,2022-05-20,9.6,9.69,9.44,9.52,151900,9.55,10.67,13.31,-0.2557,-10.7551,-28.4666,-0.0217,-0.0104,0.0596
DRI,2022-05-23,9.6,9.69,9.28,9.52,360100,9.51,10.54,13.15,0.1712,-9.6525,-27.599,0.0284,0.0142,0.0526
DRI,2022-05-24,9.52,9.52,9.2,9.44,230700,9.43,10.39,13.02,0.1727,-9.1621,-27.5,0.0309,0.0144,0.0478
DRI,2022-05-25,9.36,10.17,9.36,10.09,519925,9.43,10.35,12.9,6.9888,-2.439,-21.7863,0.0904,0.0455,0.0544
DRI,2022-05-26,10.09,10.5,10.01,10.34,595100,9.56,10.29,12.81,8.1771,0.4746,-19.3241,0.0832,0.0444,0.0519
DRI,2022-05-27,10.5,10.83,10.5,10.66,383700,9.78,10.23,12.73,9.0758,4.2164,-16.2297,-0.0,-0.0,0.0452
DRI,2022-05-30,10.66,10.66,10.34,10.5,333000,9.93,10.16,12.64,5.7377,3.324,-16.9028,0.0,0.0,0.0434
DRI,2022-05-31,10.58,10.74,10.42,10.58,402906,10.0,10.1,12.55,5.777,4.7542,-15.672,-0.0,-0.0,0.0362
DRI,2022-06-01,10.74,10.74,10.34,10.58,267700,10.08,10.03,12.46,4.9233,5.4767,-15.066,0.0235,0.0106,0.0362
DRI,2022-06-02,10.5,11.56,10.5,11.23,867113,10.25,10.0,12.37,9.6108,12.3779,-9.2224,0.0939,0.0525,0.0372
DRI,2022-06-03,11.23,11.31,10.74,11.23,460805,10.42,9.98,12.29,7.8125,12.5153,-8.5971,0.2017,0.0954,0.0552
DRI,2022-06-06,11.23,11.23,10.99,11.07,438068,10.57,10.04,12.19,4.696,10.2554,-9.2123,-0.0385,-0.0195,0.0562
DRI,2022-06-07,11.07,11.23,10.5,10.91,577200,10.72,10.07,12.1,1.7463,8.2828,-9.8615,0.0165,0.008,0.0548
DRI,2022-06-08,11.07,11.8,10.83,11.72,969400,10.88,10.16,12.03,7.7038,15.3846,-2.5579,0.2719,0.1406,0.0729
DRI,2022-06-09,11.8,11.97,11.56,11.72,434518,11.02,10.29,11.97,6.3515,13.924,-2.1207,-0.0357,-0.0194,0.0682
DRI,2022-06-10,11.64,11.8,11.31,11.4,659600,11.09,10.43,11.9,2.7146,9.2044,-4.2539,-0.0977,-0.0512,0.078
DRI,2022-06-13,11.31,11.4,10.09,10.09,799200,11.05,10.49,11.81,-8.6892,-3.8014,-14.5299,-0.132,-0.0697,0.0912
DRI,2022-06-14,10.09,10.5,9.52,10.34,432225,11.03,10.52,11.72,-6.2731,-1.7028,-11.7688,0.0965,0.0472,0.1008
DRI,2022-06-15,10.42,10.5,9.69,9.85,375961,10.96,10.52,11.61,-10.104,-6.383,-15.1949,-0.058,-0.0328,0.1043
DRI,2022-06-16,10.34,10.42,10.09,10.34,275100,10.87,10.56,11.5,-4.869,-2.0818,-10.1458,0.0418,0.0228,0.099
DRI,2022-06-17,10.01,10.01,9.52,9.85,391126,10.73,10.57,11.39,-8.1942,-6.8514,-13.4973,0.027,0.0148,0.0816
DRI,2022-06-20,9.85,10.09,9.44,9.44,400213,10.57,10.57,11.27,-10.6318,-10.6662,-16.185,-0.078,-0.042,0.0855
DRI,2022-06-21,9.6,9.69,9.28,9.44,332705,10.42,10.57,11.16,-9.375,-10.6662,-15.3903,-0.0169,-0.0089,0.0856
DRI,2022-06-22,9.69,9.77,9.36,9.77,203100,10.22,10.55,11.06,-4.4585,-7.4431,-11.7257,0.0505,0.0277,0.0634
DRI,2022-06-23,9.6,9.85,9.6,9.69,321600,10.02,10.52,10.98,-3.3306,-7.9304,-11.8127,-0.0359,-0.0187,0.0634
DRI,2022-06-24,9.69,10.58,9.69,10.17,487000,9.9,10.5,10.91,2.796,-3.0632,-6.7165,0.0201,0.0111,0.0557
DRI,2022-06-27,10.17,10.5,10.17,10.34,138138,9.92,10.49,10.84,4.1837,-1.4358,-4.5974,-0.0,-0.0,0.0425
DRI,2022-06-28,10.42,10.5,10.26,10.34,175000,9.92,10.48,10.75,4.1837,-1.3209,-3.8171,-0.0223,-0.0116,0.0351
DRI,2022-06-29,10.34,10.34,10.09,10.09,257508,9.95,10.45,10.64,1.473,-3.4268,-5.1553,-0.1484,-0.0732,0.0441
DRI,2022-06-30,10.17,10.17,9.69,9.69,245602,9.88,10.37,10.55,-1.9769,-6.63,-8.1932,-0.0628,-0.0355,0.0462
DRI,2022-07-01,9.52,9.93,9.36,9.77,231900,9.87,10.3,10.47,-1.0717,-5.1758,-6.7309,0.0303,0.0173,0.0465
DRI,2022-07-04,9.77,10.01,9.44,9.69,364112,9.9,10.23,10.42,-2.1382,-5.3301,-7.0748,-0.0275,-0.0144,0.0415
DRI,2022-07-05,9.52,9.85,9.44,9.52,198587,9.91,10.16,10.37,-3.8619,-6.2875,-8.1344,-0.0381,-0.0193,0.0436
DRI,2022-07-06,9.77,9.85,9.44,9.6,476845,9.89,10.06,10.34,-2.8807,-4.4921,-7.0867,-0.0267,-0.0142,0.0412
DRI,2022-07-07,9.52,9.52,9.28,9.44,144522,9.87,9.94,10.3,-4.2904,-5.0348,-8.3004,0.0293,0.0129,0.0406
DRI,2022-07-08,9.36,9.6,9.28,9.44,237814,9.79,9.84,10.25,-3.5744,-4.0926,-7.878,0.0,0.0,0.0385
DRI,2022-07-11,9.6,9.6,9.2,9.28,116510,9.69,9.8,10.2,-4.2017,-5.3549,-9.0038,-0.0306,-0.0157,0.0416
DRI,2022-07-12,9.28,10.34,9.28,9.85,632400,9.64,9.78,10.16,2.1959,0.7075,-3.0449,0.0179,0.0095,0.0412
DRI,2022-07-13,9.85,10.09,9.69,9.85,242300,9.61,9.78,10.12,2.4555,0.7075,-2.6392,-0.0192,-0.0114,0.0282
DRI,2022-07-14,9.77,9.77,9.44,9.6,480200,9.6,9.74,10.07,-0.0,-1.4202,-4.608,-0.0,-0.0,0.0219
DRI,2022-07-15,9.69,9.69,9.44,9.52,445510,9.58,9.73,10.03,-0.5947,-2.092,-5.0479,-0.0435,-0.0229,0.0233
DRI,2022-07-18,9.6,9.93,9.52,9.6,610300,9.57,9.73,10.02,0.3401,-1.3378,-4.1741,-0.143,-0.0789,0.0348
DRI,2022-07-19,9.85,10.02,9.69,9.77,266739,9.6,9.75,10.01,1.8064,0.1932,-2.4285,-0.068,-0.0372,0.0378
DRI,2022-07-20,9.85,9.94,9.69,9.85,543142,9.62,9.76,10.01,2.4176,1.012,-1.5564,0.0615,0.0337,0.0413
DRI,2022-07-21,9.85,9.85,9.69,9.77,258203,9.65,9.76,10.02,1.1969,0.1054,-2.5252,0.0,0.0,0.0384
DRI,2022-07-22,9.85,10.19,9.77,10.11,793989,9.72,9.76,10.06,3.9701,3.5931,0.5067,0.1569,0.0872,0.054
DRI,2022-07-25,9.85,10.11,9.77,9.94,383925,9.79,9.74,10.08,1.5483,2.0751,-1.3616,0.0,0.0,0.051
DRI,2022-07-26,9.85,9.94,9.69,9.77,217201,9.78,9.71,10.07,-0.0925,0.638,-3.0183,-0.0274,-0.0154,0.0519
DRI,2022-07-27,9.69,9.77,9.69,9.77,140425,9.77,9.69,10.07,-0.012,0.8057,-3.0188,0.0531,0.0294,0.0553
DRI,2022-07-28,9.94,10.53,9.77,9.94,300000,9.8,9.7,10.08,1.3655,2.4103,-1.4121,-0.052,-0.0265,0.0605
DRI,2022-07-29,9.85,10.19,9.85,10.02,353812,9.85,9.72,10.09,1.7064,3.1425,-0.675,0.0,0.0,0.0562
DRI,2022-08-01,10.02,10.11,9.94,10.11,496842,9.9,9.74,10.1,2.0408,3.7844,0.0438,0.1042,0.0551,0.0523
DRI,2022-08-02,10.11,10.28,10.02,10.19,380500,9.95,9.77,10.12,2.4556,4.2916,0.7281,0.04,0.0222,0.0495
DRI,2022-08-03,10.11,10.28,10.11,10.28,493900,9.99,9.81,10.12,2.8667,4.7938,1.5239,0.1194,0.0668,0.0553
DRI,2022-08-04,10.28,10.44,10.11,10.19,415141,10.03,9.84,10.12,1.5953,3.5392,0.7209,-0.0672,-0.0328,0.062
DRI,2022-08-05,10.19,10.19,10.02,10.19,285068,10.04,9.88,10.11,1.5101,3.1465,0.8148,0.0902,0.0473,0.0553
DRI,2022-08-08,10.11,10.28,10.11,10.19,369807,10.06,9.93,10.1,1.2552,2.6726,0.8764,0.0,0.0,0.0553
DRI,2022-08-09,10.28,11.2,10.28,10.95,1538348,10.18,9.98,10.11,7.5269,9.7012,8.3008,0.256,0.1447,0.0782
DRI,2022-08-10,10.87,11.12,10.7,10.78,433400,10.28,10.03,10.11,4.8321,7.5116,6.5926,-0.0851,-0.0477,0.0814
DRI,2022-08-11,10.87,11.03,10.36,10.44,962203,10.33,10.07,10.1,1.0595,3.7178,3.4229,-0.16,-0.0907,0.0922
DRI,2022-08-12,10.53,10.61,10.28,10.61,423200,10.39,10.12,10.09,2.107,4.8238,5.2202,0.1291,0.0681,0.1051
DRI,2022-08-15,10.53,10.78,10.44,10.61,347900,10.44,10.17,10.08,1.6129,4.3047,5.3157,0.0,0.0,0.0947
DRI,2022-08-16,10.61,10.7,10.36,10.53,772000,10.48,10.21,10.07,0.4823,3.0928,4.5584,0.0,0.0,0.0907
DRI,2022-08-17,10.53,10.61,10.11,10.19,566147,10.47,10.23,10.04,-2.6549,-0.3705,1.521,-0.1009,-0.0504,0.0888
DRI,2022-08-18,10.19,10.19,9.94,10.11,505708,10.46,10.25,10.01,-3.3817,-1.3564,1.0068,0.0632,0.03,0.0884
DRI,2022-08-19,10.11,10.11,9.85,9.94,322300,10.44,10.24,9.98,-4.7619,-2.9206,-0.3866,-0.0445,-0.0215,0.0839
DRI,2022-08-22,9.94,10.02,9.85,9.85,313200,10.4,10.23,9.97,-5.2631,-3.7037,-1.1835,-0.1033,-0.0507,0.0942
DRI,2022-08-23,9.85,10.11,9.77,10.02,441600,10.31,10.25,9.97,-2.7778,-2.1784,0.5691,0.0489,0.0253,0.0735
DRI,2022-08-24,10.02,10.36,10.02,10.36,382905,10.27,10.28,9.98,0.9024,0.8197,3.8431,0.1403,0.0661,0.079
DRI,2022-08-25,10.28,10.36,10.11,10.28,244600,10.25,10.29,9.98,0.2465,-0.1637,3.0115,0.0277,0.0137,0.0658
DRI,2022-08-26,10.19,10.19,9.94,10.11,351502,10.2,10.3,9.98,-0.9084,-1.8405,1.2704,0.0309,0.0157,0.056
DRI,2022-08-29,9.77,9.94,9.6,9.85,511100,10.12,10.28,9.99,-2.6622,-4.1769,-1.3429,0.0492,0.0225,0.0609
DRI,2022-08-30,9.85,10.44,9.85,10.11,581701,10.08,10.28,10.0,0.2506,-1.6797,1.0522,-0.0263,-0.0126,0.0635
DRI,2022-08-31,10.19,10.19,10.02,10.11,152700,10.07,10.27,10.01,0.3344,-1.5991,0.9836,-0.0,-0.0,0.0534
DRI,2022-09-05,10.02,10.44,9.94,10.11,334600,10.07,10.27,10.02,0.3344,-1.5587,0.8987,-0.0358,-0.0183,0.0507
DRI,2022-09-06,10.36,10.36,9.94,10.11,218000,10.09,10.26,10.02,0.1669,-1.5183,0.9123,-0.0142,-0.0068,0.0477
DRI,2022-09-07,9.94,10.19,9.85,9.85,463862,10.09,10.25,10.01,-2.3372,-3.8224,-1.5155,-0.0696,-0.0334,0.0443
DRI,2022-09-08,10.02,10.02,9.69,9.85,337000,10.07,10.19,10.0,-2.1739,-3.3058,-1.4204,0.0,0.0,0.0394
DRI,2022-09-09,9.94,9.94,9.52,9.77,515800,10.01,10.14,9.99,-2.439,-3.6545,-2.1998,0.0249,0.0122,0.0279
DRI,2022-09-12,9.77,9.85,9.69,9.77,138611,9.96,10.11,9.99,-1.9442,-3.3333,-2.2163,0.0,0.0,0.0251
DRI,2022-09-13,9.77,9.85,9.6,9.77,201109,9.93,10.06,9.99,-1.6115,-2.9289,-2.2168,0.0346,0.016,0.0255
DRI,2022-09-14,9.69,9.69,9.52,9.69,188317,9.91,10.02,9.99,-2.294,-3.3208,-3.0598,0.0472,0.0237,0.0253
DRI,2022-09-15,9.69,9.69,9.52,9.6,185318,9.86,9.97,9.99,-2.6473,-3.7162,-3.9177,0.0,0.0,0.0226
DRI,2022-09-16,9.6,9.69,9.26,9.35,339520,9.79,9.93,9.99,-4.4751,-5.8524,-6.3984,-0.0489,-0.0216,0.0275
DRI,2022-09-19,9.35,9.43,8.51,8.51,466565,9.63,9.85,9.97,-11.636,-13.6383,-14.6711,-0.0946,-0.0429,0.0334
DRI,2022-09-20,8.84,8.84,8.51,8.84,258323,9.5,9.8,9.96,-6.9149,-9.7162,-11.1852,0.1001,0.0459,0.042
DRI,2022-09-21,8.84,8.84,8.59,8.68,132801,9.38,9.74,9.95,-7.5404,-10.8996,-12.7711,-0.0283,-0.0127,0.0379
DRI,2022-09-22,8.59,8.68,8.34,8.68,263743,9.26,9.67,9.92,-6.3636,-10.2787,-12.5647,0.0851,0.0381,0.0464
DRI,2022-09-23,8.42,8.68,8.42,8.59,149707,9.15,9.58,9.9,-6.0774,-10.3297,-13.1936,0.0154,0.0074,0.0454
DRI,2022-09-26,8.51,8.51,7.75,7.92,487746,8.96,9.46,9.86,-11.6541,-16.3329,-19.7281,-0.059,-0.0242,0.0513
DRI,2022-09-27,7.92,8.09,7.75,7.83,225050,8.77,9.35,9.83,-10.6628,-16.2162,-20.309,-0.0408,-0.0175,0.0519
DRI,2022-09-28,7.92,7.92,7.58,7.58,191200,8.56,9.24,9.79,-11.4174,-17.9207,-22.5607,-0.0624,-0.0257,0.0535
DRI,2022-09-29,7.83,7.83,7.41,7.41,211561,8.34,9.1,9.74,-11.1112,-18.5563,-23.915,-0.0573,-0.025,0.0592
DRI,2022-09-30,7.33,7.58,6.82,7.58,334302,8.16,8.97,9.7,-7.1208,-15.5327,-21.8208,0.0823,0.0341,0.0625
DRI,2022-10-03,7.41,7.41,6.74,6.82,162500,7.99,8.81,9.64,-14.647,-22.5622,-29.2082,-0.0274,-0.0114,0.0558
DRI,2022-10-04,6.99,7.16,6.65,6.74,145322,7.78,8.64,9.57,-13.4199,-22.0273,-29.5898,-0.0284,-0.0126,0.0486
DRI,2022-10-05,6.91,6.99,6.82,6.99,89507,7.61,8.5,9.51,-8.1858,-17.7403,-26.4966,0.042,0.0178,0.05
DRI,2022-10-06,6.91,6.91,6.4,6.49,135200,7.4,8.33,9.45,-12.3007,-22.1436,-31.3358,-0.022,-0.0092,0.0437
DRI,2022-10-07,6.57,6.57,5.9,5.9,191234,7.13,8.14,9.37,-17.2577,-27.5363,-37.0617,-0.0321,-0.0131,0.0454
DRI,2022-10-10,5.98,6.32,5.81,6.06,161345,6.94,7.95,9.29,-12.6214,-23.7289,-34.7235,-0.0,-0.0,0.0395
DRI,2022-10-11,5.98,6.23,5.39,5.73,134700,6.73,7.75,9.2,-14.8936,-26.087,-37.7745,-0.0055,-0.0023,0.0359
DRI,2022-10-12,5.64,5.9,5.56,5.73,213505,6.54,7.55,9.12,-12.4839,-24.1495,-37.1767,0.0,0.0,0.0297
DRI,2022-10-13,5.73,5.9,5.64,5.81,104100,6.38,7.36,9.03,-8.9709,-21.0526,-35.6343,0.0181,0.006,0.0258
DRI,2022-10-14,5.9,6.06,5.81,5.9,176310,6.22,7.19,8.94,-5.1491,-17.9848,-34.0618,-0.0244,-0.0086,0.02
DRI,2022-10-17,5.9,5.9,5.73,5.81,108600,6.11,7.05,8.85,-4.9586,-17.6119,-34.3607,0.0,0.0,0.0172
DRI,2022-10-18,5.9,6.06,5.9,5.9,181300,6.03,6.91,8.77,-2.2347,-14.6342,-32.757,-0.0584,-0.0217,0.0202
DRI,2022-10-19,5.98,5.98,5.81,5.81,158300,5.91,6.76,8.68,-1.7093,-14.0722,-33.0487,-0.0847,-0.0296,0.0245
DRI,2022-10-20,5.73,5.9,5.73,5.73,67800,5.84,6.62,8.58,-1.8759,-13.4309,-33.2155,-0.0352,-0.0117,0.0258
DRI,2022-10-21,5.73,5.9,5.47,5.56,424006,5.8,6.46,8.47,-4.209,-14.0065,-34.3806,-0.0443,-0.0169,0.027
DRI,2022-10-24,5.64,5.64,5.14,5.22,146723,5.72,6.33,8.37,-8.6892,-17.4983,-37.5881,-0.0212,-0.0085,0.0292
DRI,2022-10-25,5.31,5.31,4.89,5.05,183104,5.65,6.19,8.26,-10.5812,-18.3673,-38.788,-0.0094,-0.0035,0.0296
DRI,2022-10-26,5.05,5.22,4.89,4.97,74100,5.58,6.06,8.14,-10.8762,-17.9986,-38.9739,-0.016,-0.0065,0.0312
DRI,2022-10-27,5.05,5.31,4.97,5.31,107400,5.53,5.95,8.04,-3.9635,-10.8911,-33.99,0.0215,0.0083,0.0315
DRI,2022-10-28,5.31,5.56,5.22,5.22,113320,5.46,5.84,7.94,-4.321,-10.5339,-34.2245,-0.0319,-0.0121,0.0323
DRI,2022-10-31,5.39,5.39,4.97,5.05,51200,5.38,5.75,7.84,-6.1032,-12.0879,-35.5254,-0.0079,-0.003,0.0331
DRI,2022-11-01,5.31,5.31,5.05,5.05,94782,5.3,5.66,7.74,-4.6104,-10.7806,-34.7116,-0.0311,-0.0109,0.0303
DRI,2022-11-02,5.14,5.22,5.05,5.14,66400,5.23,5.57,7.65,-1.7714,-7.7854,-32.8046,-0.0,-0.0,0.0219
DRI,2022-11-03,5.05,5.14,4.97,5.05,63500,5.16,5.5,7.55,-2.1207,-8.1163,-33.0357,0.0,0.0,0.0183
DRI,2022-11-04,5.05,5.05,4.8,4.89,85802,5.1,5.45,7.44,-4.1322,-10.3554,-34.3148,-0.0063,-0.0024,0.0145
DRI,2022-11-07,4.89,4.89,4.21,4.21,275062,4.99,5.36,7.32,-15.683,-21.3837,-42.4361,-0.0595,-0.021,0.0184
DRI,2022-11-08,4.3,4.38,4.21,4.3,179500,4.92,5.29,7.2,-12.6712,-18.725,-40.3369,0.0,0.0,0.0174
DRI,2022-11-09,4.46,4.46,4.3,4.3,62954,4.85,5.21,7.09,-11.4583,-17.609,-39.4011,-0.0222,-0.0076,0.018
DRI,2022-11-10,4.21,4.3,3.71,3.71,486368,4.69,5.11,6.96,-21.0054,-27.4526,-46.757,-0.0888,-0.0287,0.0248
DRI,2022-11-11,3.96,4.38,3.96,4.3,515920,4.6,5.03,6.84,-6.5934,-14.5728,-37.2384,0.0682,0.0254,0.0284
DRI,2022-11-14,4.3,4.3,3.87,3.96,205311,4.49,4.94,6.72,-11.82,-19.7953,-41.1028,-0.0315,-0.012,0.0308
DRI,2022-11-15,4.04,4.04,3.71,3.87,449150,4.37,4.83,6.6,-11.368,-19.8606,-41.2666,-0.0,-0.0,0.0276
DRI,2022-11-16,3.79,4.38,3.54,4.13,361683,4.27,4.75,6.48,-3.3532,-13.1207,-36.3306,0.0162,0.0059,0.0293
DRI,2022-11-17,4.3,4.38,4.13,4.38,282610,4.2,4.68,6.37,4.2083,-6.4749,-31.2715,0.0672,0.0251,0.036
DRI,2022-11-18,4.38,4.38,4.04,4.3,243260,4.14,4.62,6.26,3.6586,-7.0191,-31.4147,0.0199,0.008,0.0374
DRI,2022-11-21,4.3,4.55,4.3,4.38,306011,4.16,4.58,6.16,5.2631,-4.3239,-28.8451,-0.0304,-0.0114,0.0345
DRI,2022-11-22,4.55,4.63,4.38,4.46,181604,4.18,4.55,6.05,6.8549,-1.8518,-26.2044,-0.0102,-0.0032,0.0355
DRI,2022-11-23,4.55,4.55,4.21,4.3,94300,4.18,4.51,5.94,2.8227,-4.8507,-27.7005,-0.0122,-0.0049,0.0345
DRI,2022-11-24,4.3,4.3,4.13,4.13,99101,4.22,4.46,5.83,-2.1957,-7.3725,-29.2317,-0.0298,-0.0099,0.0286
DRI,2022-11-25,4.21,4.63,4.21,4.63,368100,4.25,4.43,5.74,8.9109,4.6622,-19.2601,0.0713,0.0282,0.0289
DRI,2022-11-28,4.97,5.05,4.8,5.05,409710,4.36,4.43,5.67,15.8302,14.177,-10.8469,0.0627,0.0236,0.032
DRI,2022-11-29,5.05,5.31,4.89,5.14,326609,4.49,4.43,5.59,14.4465,15.9695,-8.1602,0.0078,0.003,0.0328
DRI,2022-11-30,4.8,5.22,4.8,5.14,313604,4.59,4.43,5.52,11.9266,15.9695,-6.9839,0.0365,0.0131,0.0348
DRI,2022-12-01,5.14,5.56,5.05,5.14,426560,4.67,4.43,5.45,10.1083,15.8594,-5.777,-0.034,-0.0138,0.0315
DRI,2022-12-02,5.31,5.47,4.97,5.39,551494,4.78,4.46,5.39,12.8748,20.8688,0.0313,0.0401,0.0153,0.0335
DRI,2022-12-05,5.39,5.64,5.31,5.47,350909,4.89,4.52,5.34,12.0689,21.0427,2.5236,-0.0,-0.0,0.0305
DRI,2022-12-06,5.47,5.56,5.22,5.31,413524,4.97,4.57,5.29,6.7796,16.022,0.3184,-0.0171,-0.0071,0.0311
DRI,2022-12-07,5.31,5.39,5.14,5.22,243011,5.06,4.62,5.24,3.1615,13.0356,-0.3856,-0.0162,-0.0071,0.0315
DRI,2022-12-08,5.05,5.56,5.05,5.39,373602,5.19,4.7,5.2,3.8961,14.5927,3.627,0.0223,0.0089,0.0308
DRI,2022-12-09,5.39,5.56,5.31,5.47,141020,5.27,4.76,5.16,3.8338,14.9424,6.105,0.0113,0.0042,0.0248
DRI,2022-12-12,5.47,5.9,5.39,5.73,505713,5.34,4.85,5.14,7.2555,18.0555,11.4754,0.0232,0.0106,0.0208
DRI,2022-12-13,5.73,5.9,5.47,5.73,200300,5.4,4.94,5.12,6.0842,15.8433,11.9157,0.0065,0.0027,0.0207
DRI,2022-12-14,5.81,5.9,5.56,5.73,271173,5.46,5.02,5.09,4.9383,13.9983,12.471,0.0,0.0,0.0171
DRI,2022-12-15,5.64,6.06,5.56,5.9,575100,5.53,5.1,5.08,6.5449,15.6069,16.0477,0.0551,0.0224,0.0192
DRI,2022-12-16,5.81,5.98,5.73,5.9,186900,5.58,5.18,5.08,5.5807,13.8211,16.0477,0.0132,0.0052,0.0165
DRI,2022-12-19,5.73,5.81,5.47,5.47,502013,5.58,5.23,5.07,-1.9608,4.5856,8.0092,-0.0689,-0.028,0.0234
DRI,2022-12-20,5.39,5.56,5.14,5.31,411500,5.58,5.28,5.06,-4.9774,0.5586,4.8601,-0.0137,-0.0056,0.023
DRI,2022-12-21,5.47,5.47,4.72,5.05,458614,5.57,5.31,5.05,-9.2284,-4.9127,0.1336,-0.0135,-0.0052,0.0228
DRI,2022-12-22,5.31,5.47,4.97,5.14,283800,5.54,5.37,5.03,-7.2948,-4.2386,2.0749,-0.0413,-0.015,0.0247
DRI,2022-12-23,5.05,5.14,4.97,5.14,83900,5.51,5.39,5.02,-6.7278,-4.6875,2.3833,0.0377,0.0143,0.0273
DRI,2022-12-26,5.05,5.05,4.8,4.8,110500,5.42,5.38,5.0,-11.353,-10.7282,-3.9434,-0.0201,-0.0081,0.027
DRI,2022-12-27,4.89,5.05,4.8,5.05,150700,5.35,5.37,4.98,-5.5117,-5.956,1.4542,0.0341,0.0139,0.0298
DRI,2022-12-28,5.05,5.14,4.89,5.14,185710,5.29,5.37,4.97,-2.8663,-4.3887,3.4248,0.0952,0.034,0.0393
DRI,2022-12-29,4.8,5.14,4.8,5.05,99500,5.21,5.37,4.95,-2.9125,-5.8823,2.0062,0.0208,0.0078,0.0358
DRI,2022-12-30,5.14,5.14,4.97,5.05,69148,5.12,5.35,4.94,-1.3157,-5.5861,2.2147,0.0,0.0,0.0345
DRI,2023-01-03,4.97,5.31,4.97,5.31,99050,5.1,5.34,4.95,3.9603,-0.7093,7.2888,0.0207,0.0083,0.0297
DRI,2023-01-04,5.31,5.31,5.14,5.14,142000,5.09,5.34,4.95,0.9933,-3.7096,3.8474,-0.039,-0.0155,0.0322
DRI,2023-01-05,5.22,5.31,5.14,5.31,83900,5.11,5.34,4.95,3.7891,-0.631,7.1064,0.0295,0.0108,0.0338
DRI,2023-01-06,5.22,5.31,5.14,5.14,105600,5.11,5.33,4.95,0.4942,-3.5573,3.7768,-0.0272,-0.0106,0.0324
DRI,2023-01-09,5.22,5.39,5.14,5.31,116506,5.13,5.32,4.95,3.4482,-0.2376,7.1428,0.0154,0.0062,0.0302
DRI,2023-01-10,5.22,5.31,5.14,5.31,144209,5.18,5.3,4.96,2.439,0.1589,7.0336,0.0734,0.0278,0.0355
DRI,2023-01-11,5.22,5.56,5.22,5.47,236100,5.22,5.29,4.97,4.8387,3.5856,10.2442,0.0422,0.0165,0.0363
DRI,2023-01-12,5.47,5.47,5.39,5.47,88900,5.26,5.27,4.97,4.1666,3.8338,10.0948,0.04,0.0154,0.0308
DRI,2023-01-13,5.56,5.56,5.39,5.39,149900,5.29,5.25,4.98,1.9109,2.7288,8.2544,-0.0525,-0.0213,0.034
DRI,2023-01-16,5.47,5.47,5.31,5.47,58900,5.33,5.23,4.99,2.6856,4.7542,9.6861,0.028,0.0109,0.0368
DRI,2023-01-17,5.47,5.64,5.39,5.64,303962,5.37,5.23,5.02,5.1807,7.8038,12.4162,0.0619,0.0247,0.0409
DRI,2023-01-18,5.64,6.32,5.56,6.32,1000412,5.48,5.29,5.06,15.2074,19.5219,24.8336,0.3284,0.1491,0.0698
DRI,2023-01-19,6.32,6.49,6.23,6.49,366885,5.6,5.36,5.1,15.7895,21.0692,27.0627,0.1158,0.0525,0.0785
DRI,2023-01-27,6.49,6.74,6.49,6.65,583027,5.75,5.43,5.16,15.6662,22.4806,28.8744,0.0547,0.0245,0.0812
DRI,2023-01-30,6.57,6.65,6.49,6.49,615780,5.87,5.5,5.21,10.4735,17.9173,24.5552,-0.1389,-0.066,0.0936
DRI,2023-01-31,6.4,6.49,6.15,6.49,442112,5.99,5.58,5.26,8.2982,16.1388,23.3579,0.0803,0.0351,0.0943
DRI,2023-02-01,6.65,6.65,6.23,6.32,507047,6.07,5.65,5.31,4.0222,11.8568,19.0476,-0.0357,-0.0167,0.0936
DRI,2023-02-02,6.32,6.4,6.23,6.32,163603,6.16,5.71,5.35,2.5992,10.7011,18.0731,-0.0,-0.0,0.0896
DRI,2023-02-03,6.32,6.57,6.23,6.32,214000,6.25,5.77,5.39,1.0782,9.4891,17.2241,-0.0369,-0.0141,0.0881
DRI,2023-02-06,6.4,6.4,6.15,6.4,170361,6.34,5.84,5.43,0.9297,9.6682,17.8661,0.064,0.0267,0.0917
DRI,2023-02-07,6.4,6.57,6.23,6.32,305481,6.41,5.89,5.47,-1.4455,7.2962,15.4912,-0.0326,-0.0153,0.0887
DRI,2023-02-08,6.32,6.4,6.15,6.4,190520,6.42,5.95,5.51,-0.2624,7.5726,16.208,0.0841,0.0331,0.0643
DRI,2023-02-09,6.4,7.16,6.4,6.99,1079973,6.47,6.03,5.56,8.073,15.841,25.6815,0.2237,0.1037,0.0751
DRI,2023-02-10,7.07,7.16,6.74,6.82,273611,6.49,6.12,5.62,5.1947,11.4934,21.4756,-0.0586,-0.0299,0.0755
DRI,2023-02-13,6.82,6.82,6.15,6.23,594900,6.46,6.17,5.65,-3.5203,1.0928,10.3489,-0.1119,-0.0574,0.0728
DRI,2023-02-14,6.32,6.4,6.23,6.32,404411,6.44,6.22,5.67,-1.9608,1.626,11.3421,-0.0,-0.0,0.0648
DRI,2023-02-15,6.32,6.49,6.23,6.49,317317,6.46,6.27,5.7,0.3911,3.4946,13.7707,0.1122,0.0524,0.0724
DRI,2023-02-16,6.57,6.57,6.4,6.57,272100,6.49,6.32,5.73,1.2987,3.9308,14.6722,0.0895,0.0422,0.0814
DRI,2023-02-17,6.57,6.65,6.49,6.57,244981,6.51,6.38,5.76,0.9056,2.9703,14.1019,0.0,0.0,0.0777
DRI,2023-02-20,6.49,6.99,6.49,6.91,441704,6.56,6.45,5.79,5.2632,7.0496,19.3248,0.0488,0.0243,0.0761
DRI,2023-02-21,6.91,6.91,6.74,6.82,301258,6.61,6.51,5.81,3.1847,4.7865,17.3232,-0.0,-0.0,0.0729
DRI,2023-02-22,6.65,6.82,6.4,6.57,552425,6.63,6.52,5.84,-0.8894,0.7102,12.4892,-0.0155,-0.0079,0.066
DRI,2023-02-23,6.4,6.65,6.4,6.65,424500,6.59,6.53,5.87,0.894,1.8697,13.3754,0.0823,0.0411,0.0519
DRI,2023-02-24,6.57,6.65,6.49,6.49,114900,6.56,6.52,5.89,-1.1553,-0.581,10.0944,-0.0369,-0.0195,0.0497
DRI,2023-02-27,6.57,6.57,6.23,6.23,205800,6.56,6.51,5.91,-5.0065,-4.2692,5.5333,-0.0563,-0.0278,0.0442
DRI,2023-02-28,6.32,6.4,6.23,6.32,125421,6.56,6.5,5.92,-3.7227,-2.8497,6.7464,-0.0,-0.0,0.0442
DRI,2023-03-01,6.23,6.49,6.15,6.49,230000,6.56,6.51,5.93,-1.1553,-0.3881,9.3129,0.0536,0.0267,0.0383
DRI,2023-03-02,6.32,6.57,6.32,6.49,124500,6.55,6.52,5.95,-1.0283,-0.5168,9.0343,0.0225,0.0113,0.0316
DRI,2023-03-03,6.49,6.57,6.32,6.4,99430,6.54,6.52,5.96,-2.0618,-1.8721,7.4358,-0.0102,-0.0051,0.0326
DRI,2023-03-06,6.4,6.57,6.32,6.49,85570,6.49,6.53,5.97,-0.1297,-0.6452,8.6343,0.0107,0.0053,0.0288
DRI,2023-03-07,6.49,6.49,6.32,6.49,139877,6.46,6.54,5.99,0.3911,-0.7732,8.2677,0.0599,0.0289,0.0348
DRI,2023-03-08,6.49,6.49,6.32,6.49,84902,6.45,6.54,6.01,0.5222,-0.8371,7.8431,0.0194,0.009,0.0352
DRI,2023-03-09,6.4,6.49,6.32,6.49,131500,6.43,6.51,6.04,0.7853,-0.4525,7.332,0.0402,0.0188,0.031
DRI,2023-03-10,6.49,6.49,6.32,6.4,114069,6.43,6.49,6.07,-0.3931,-1.4266,5.497,0.0,0.0,0.0273
DRI,2023-03-13,6.4,6.49,6.32,6.4,105900,6.44,6.5,6.09,-0.6535,-1.5543,5.0595,0.0,0.0,0.0217
DRI,2023-03-14,6.4,6.4,6.23,6.23,105017,6.43,6.5,6.12,-3.1414,-4.083,1.8161,-0.028,-0.0135,0.0245
DRI,2023-03-15,6.32,6.49,6.32,6.4,119200,6.43,6.49,6.15,-0.3931,-1.4267,4.1097,0.0,0.0,0.0191
DRI,2023-03-16,6.32,6.4,6.23,6.32,77812,6.41,6.48,6.17,-1.4455,-2.5341,2.3472,-0.0,-0.0,0.0168
DRI,2023-03-17,6.4,6.4,6.32,6.4,20218,6.41,6.47,6.2,-0.1314,-1.106,3.2609,0.0067,0.0027,0.0165
DRI,2023-03-20,6.4,6.4,5.98,6.15,215303,6.38,6.43,6.22,-3.5667,-4.4502,-1.1643,-0.0105,-0.0048,0.0165
DRI,2023-03-21,6.15,6.23,5.98,6.15,112800,6.34,6.4,6.24,-3.0545,-3.9474,-1.4313,0.0148,0.0062,0.012
DRI,2023-03-22,6.15,6.23,6.06,6.06,44102,6.3,6.38,6.26,-3.7434,-4.8878,-3.0695,-0.0182,-0.007,0.0118
DRI,2023-03-23,6.23,6.23,6.06,6.15,39146,6.27,6.35,6.27,-1.8817,-3.183,-1.9871,0.0,0.0,0.0078
DRI,2023-03-24,6.15,6.23,5.98,6.15,76400,6.24,6.33,6.29,-1.4845,-2.9255,-2.3019,0.01,0.0043,0.0088
DRI,2023-03-27,6.06,6.15,6.06,6.15,122102,6.22,6.33,6.31,-1.084,-2.8609,-2.5627,0.0432,0.0201,0.0131
DRI,2023-03-28,6.15,6.23,6.06,6.15,99600,6.21,6.32,6.33,-0.9498,-2.7315,-2.8221,0.0,0.0,0.0103
DRI,2023-03-29,6.06,6.15,6.06,6.15,51500,6.18,6.3,6.34,-0.545,-2.4716,-3.0287,0.0248,0.0102,0.0128
DRI,2023-03-30,6.23,6.23,6.06,6.15,109807,6.17,6.29,6.35,-0.2732,-2.2103,-3.2343,0.0,0.0,0.0128
DRI,2023-03-31,6.23,6.23,6.15,6.23,76500,6.15,6.28,6.37,1.3698,-0.7378,-2.1682,0.0244,0.0101,0.0146
DRI,2023-04-03,6.23,6.32,6.15,6.32,117602,6.17,6.27,6.39,2.459,0.7387,-1.1076,0.022,0.0115,0.0157
DRI,2023-04-04,6.23,6.74,6.23,6.57,462342,6.21,6.27,6.41,5.8345,4.698,2.5507,0.0328,0.0161,0.0175
DRI,2023-04-05,6.49,6.57,6.4,6.57,119620,6.26,6.28,6.41,4.9798,4.6278,2.4698,0.0278,0.0143,0.0185
DRI,2023-04-06,6.57,6.57,6.23,6.4,343320,6.28,6.27,6.41,1.8767,2.0135,-0.1313,0.0,0.0,0.0185
DRI,2023-04-07,6.4,6.4,6.23,6.32,138048,6.3,6.27,6.4,0.2674,0.7387,-1.3418,-0.0,-0.0,0.0175
DRI,2023-04-10,6.32,6.4,6.23,6.32,136456,6.32,6.27,6.4,-0.0,0.8064,-1.2898,-0.0,-0.0,0.0132
DRI,2023-04-11,6.32,6.4,6.23,6.4,124400,6.34,6.27,6.4,0.9297,2.0135,0.0527,0.023,0.0112,0.0155
DRI,2023-04-12,6.32,6.49,6.32,6.32,343501,6.36,6.27,6.4,-0.6623,0.7387,-1.2638,-0.0935,-0.0428,0.0223
DRI,2023-04-13,6.4,6.49,6.32,6.4,94420,6.38,6.27,6.4,0.2639,2.0135,0.0264,0.0,0.0,0.0223
DRI,2023-04-14,6.32,6.4,6.15,6.32,146500,6.39,6.27,6.4,-1.1858,0.7387,-1.2898,0.0072,0.0035,0.0206
DRI,2023-04-17,6.32,6.4,6.23,6.32,85200,6.39,6.28,6.4,-1.1858,0.6036,-1.2638,-0.0,-0.0,0.0184
DRI,2023-04-18,6.32,6.4,6.23,6.4,103410,6.38,6.29,6.4,0.3963,1.7403,0.0264,0.0296,0.0144,0.0181
DRI,2023-04-19,6.4,6.4,6.15,6.32,143107,6.35,6.3,6.4,-0.5305,0.2004,-1.2638,0.0116,0.0055,0.0165
DRI,2023-04-20,6.23,6.32,6.23,6.32,65000,6.34,6.31,6.38,-0.3984,0.0667,-1.0554,0.0366,0.0169,0.0201
DRI,2023-04-21,6.23,6.4,6.23,6.32,126365,6.34,6.32,6.37,-0.3984,-0.0666,-0.8985,-0.0,-0.0,0.0201
DRI,2023-04-24,6.23,6.32,6.23,6.32,65993,6.34,6.33,6.38,-0.3984,-0.1996,-0.9247,0.0248,0.0124,0.0226
DRI,2023-04-25,6.32,6.32,6.23,6.32,74801,6.33,6.34,6.38,-0.266,-0.3322,-0.9247,0.0212,0.0104,0.0224
DRI,2023-04-26,6.32,6.91,6.32,6.65,810769,6.37,6.36,6.38,4.4973,4.5665,4.3042,0.033,0.0154,0.0164
DRI,2023-04-27,6.74,6.74,6.57,6.65,260000,6.39,6.39,6.38,4.0843,4.1529,4.2766,-0.0,-0.0,0.0164
DRI,2023-04-28,6.65,6.65,6.4,6.57,392036,6.42,6.41,6.38,2.3623,2.5641,2.9567,0.0367,0.0171,0.0193
DRI,2023-05-04,6.49,6.57,6.4,6.49,150301,6.43,6.41,6.37,0.7853,1.1162,1.7711,-0.0,-0.0,0.0193
DRI,2023-05-05,6.49,6.49,6.32,6.4,179132,6.43,6.41,6.36,-0.5235,-0.0657,0.5824,0.0,0.0,0.0164
DRI,2023-05-08,6.4,6.65,6.32,6.57,302307,6.46,6.41,6.36,1.695,2.5641,3.2293,0.0358,0.0191,0.0188
DRI,2023-05-09,6.57,6.99,6.57,6.74,419933,6.5,6.42,6.37,3.627,4.918,5.8481,-0.0326,-0.0177,0.0184
DRI,2023-05-10,6.74,6.91,6.49,6.91,408010,6.56,6.45,6.37,5.2632,7.0496,8.351,0.112,0.0592,0.0296
DRI,2023-05-11,6.91,6.91,6.65,6.74,179750,6.6,6.47,6.38,2.0408,4.0989,5.5409,-0.0158,-0.0079,0.0287
DRI,2023-05-12,6.74,6.82,6.57,6.82,292331,6.65,6.49,6.39,2.5316,5.0583,6.6912,0.0612,0.0314,0.0327
DRI,2023-05-15,6.82,7.07,6.74,6.82,518200,6.67,6.52,6.4,2.2727,4.6511,6.5789,-0.0402,-0.0208,0.0334
DRI,2023-05-16,6.82,6.91,6.74,6.82,236350,6.69,6.54,6.41,2.0151,4.3142,6.4668,-0.0,-0.0,0.0334
DRI,2023-05-17,6.82,7.24,6.74,7.07,902627,6.74,6.58,6.42,5.0,7.5544,10.1784,0.0486,0.0265,0.0346
DRI,2023-05-18,7.07,7.07,6.82,6.99,189915,6.79,6.61,6.43,2.9777,5.7326,8.6957,0.0192,0.0101,0.0365
DRI,2023-05-19,6.91,6.99,6.74,6.99,329910,6.85,6.64,6.44,2.0911,5.2632,8.5252,0.0929,0.0441,0.0458
DRI,2023-05-22,6.91,7.07,6.82,6.99,341027,6.89,6.67,6.45,1.4671,4.7319,8.3552,0.0308,0.0156,0.0453
DRI,2023-05-23,6.99,7.07,6.82,6.91,175100,6.91,6.7,6.46,0.0,3.0151,6.91,-0.0177,-0.0082,0.0438
DRI,2023-05-24,6.91,6.91,6.74,6.74,244801,6.89,6.73,6.47,-2.2005,0.1879,4.1938,-0.0552,-0.0247,0.0382
DRI,2023-05-25,6.74,7.07,6.74,6.82,329710,6.9,6.75,6.48,-1.099,1.0604,5.3589,-0.0475,-0.022,0.0413
DRI,2023-05-26,6.91,6.91,6.74,6.82,270100,6.9,6.78,6.49,-1.099,0.6836,5.1674,-0.0,-0.0,0.0352
DRI,2023-05-29,6.82,7.07,6.82,7.07,448500,6.92,6.8,6.5,2.1898,4.0892,8.8365,0.0934,0.0477,0.0405
DRI,2023-05-30,7.07,7.16,6.99,7.16,538229,6.96,6.82,6.52,2.9056,4.9383,9.8476,0.1387,0.0669,0.0544
DRI,2023-05-31,7.07,7.58,7.07,7.5,954900,7.0,6.87,6.54,7.0999,9.1355,14.6316,0.1575,0.0838,0.0653
DRI,2023-06-01,7.5,7.5,7.24,7.33,439814,7.03,6.91,6.56,4.1916,6.0329,11.653,-0.0306,-0.0161,0.0664
DRI,2023-06-02,7.33,7.5,7.33,7.33,696103,7.07,6.96,6.59,3.6949,5.3269,11.2532,-0.1518,-0.0756,0.0723
DRI,2023-06-05,7.33,7.5,7.16,7.33,438284,7.1,6.99,6.61,3.2029,4.7562,10.8281,0.0,0.0,0.0693
DRI,2023-06-06,7.33,7.5,7.24,7.5,407100,7.16,7.03,6.64,4.7059,6.5868,12.9155,0.0712,0.0371,0.0746
DRI,2023-06-07,7.5,7.58,7.41,7.5,455550,7.23,7.06,6.67,3.6089,6.1419,12.4589,0.0,0.0,0.0691
DRI,2023-06-08,7.5,7.58,7.33,7.41,484251,7.29,7.1,6.69,1.6166,4.451,10.7754,-0.0154,-0.0077,0.0659
DRI,2023-06-09,7.33,7.41,7.24,7.41,239800,7.35,7.13,6.72,0.8018,4.0189,10.3586,0.0427,0.0195,0.0701
DRI,2023-06-12,7.33,7.5,7.24,7.41,381809,7.39,7.15,6.74,0.342,3.5903,9.945,0.0345,0.0142,0.0643
DRI,2023-06-13,7.41,7.92,7.41,7.66,772381,7.44,7.2,6.77,3.0578,6.495,13.1841,0.0,0.0,0.0504
DRI,2023-06-14,7.66,7.83,7.33,7.41,570900,7.43,7.21,6.8,-0.2268,2.7437,9.0728,-0.0531,-0.0263,0.0399
DRI,2023-06-15,7.41,7.5,7.16,7.24,357400,7.42,7.23,6.81,-2.3837,0.2331,6.304,-0.0519,-0.0236,0.0421
DRI,2023-06-16,7.24,7.41,7.07,7.24,341830,7.41,7.24,6.83,-2.2727,0.0581,6.0942,0.0,0.0,0.0269
DRI,2023-06-19,7.16,7.24,6.99,7.16,270300,7.4,7.25,6.84,-3.189,-1.2202,4.6799,0.0197,0.01,0.0289
DRI,2023-06-20,7.16,7.24,6.99,7.24,209900,7.37,7.26,6.86,-1.7143,-0.2899,5.6511,0.0409,0.0185,0.0258
DRI,2023-06-21,7.16,7.33,7.16,7.33,218200,7.35,7.29,6.88,-0.3436,0.4619,6.5654,0.0493,0.0211,0.0307
DRI,2023-06-22,7.33,7.41,7.24,7.33,290600,7.34,7.32,6.9,-0.2293,0.1151,6.2531,0.0,0.0,0.0292
DRI,2023-06-23,7.33,7.41,7.24,7.33,152500,7.34,7.34,6.91,-0.1148,-0.2293,5.9684,0.0,0.0,0.0249
DRI,2023-06-26,7.33,7.41,7.16,7.24,225500,7.32,7.35,6.93,-1.0357,-1.4891,4.4703,-0.0162,-0.0067,0.0231
DRI,2023-06-27,7.33,7.33,7.16,7.33,171500,7.29,7.36,6.95,0.5781,-0.4576,5.4035,0.054,0.0231,0.0285
DRI,2023-06-28,7.33,7.5,7.33,7.41,429000,7.29,7.36,6.97,1.7341,0.7441,6.2801,-0.0,-0.0,0.0232
DRI,2023-06-29,7.33,7.41,7.24,7.24,223500,7.29,7.35,6.99,-0.5781,-1.4891,3.5895,-0.0306,-0.0138,0.0211
DRI,2023-06-30,7.33,7.33,7.16,7.24,91600,7.29,7.35,7.01,-0.5781,-1.4327,3.3405,-0.0,-0.0,0.0211
DRI,2023-07-03,7.24,7.24,7.16,7.24,132000,7.29,7.34,7.03,-0.6929,-1.3762,3.068,0.0473,0.0211,0.0238
DRI,2023-07-04,7.16,7.41,7.07,7.33,177041,7.3,7.34,7.05,0.3461,-0.1148,3.9675,0.0172,0.0075,0.0215
DRI,2023-07-05,7.33,7.33,7.24,7.24,140300,7.29,7.32,7.07,-0.6929,-1.0926,2.503,-0.0295,-0.0129,0.0195
DRI,2023-07-06,7.24,7.24,7.07,7.24,321200,7.29,7.31,7.09,-0.5781,-0.9787,2.2349,0.0662,0.0281,0.0261
DRI,2023-07-07,7.16,7.24,7.07,7.24,169800,7.28,7.31,7.1,-0.463,-0.8646,1.9682,0.0331,0.0142,0.0294
DRI,2023-07-10,7.24,7.33,7.16,7.33,203700,7.29,7.3,7.12,0.5781,0.3461,2.9586,0.0438,0.0189,0.0322
DRI,2023-07-11,7.33,7.5,7.33,7.5,554100,7.3,7.29,7.13,2.6529,2.7714,5.0768,0.1128,0.0526,0.0381
DRI,2023-07-12,7.41,7.5,7.33,7.41,220400,7.3,7.29,7.15,1.4994,1.6166,3.6513,-0.0,-0.0,0.0381
DRI,2023-07-13,7.41,7.5,7.33,7.41,348131,7.32,7.3,7.17,1.2658,1.4994,3.3834,-0.0,-0.0,0.035
DRI,2023-07-14,7.5,7.5,7.24,7.41,339600,7.34,7.31,7.19,1.0333,1.3825,3.0927,0.0283,0.012,0.0378
DRI,2023-07-17,7.41,7.66,7.33,7.58,782200,7.37,7.33,7.21,2.8571,3.3888,5.1401,0.0994,0.0397,0.043
DRI,2023-07-18,7.58,7.66,7.5,7.5,243241,7.39,7.34,7.22,1.4824,2.0642,3.7538,-0.0594,-0.0263,0.0473
DRI,2023-07-19,7.5,7.5,7.24,7.24,360200,7.39,7.34,7.23,-1.9384,-1.3196,0.163,-0.0594,-0.0281,0.0502
DRI,2023-07-20,7.33,7.41,7.24,7.41,147550,7.4,7.34,7.25,0.1137,0.9174,2.3018,0.0331,0.0139,0.0469
DRI,2023-07-21,7.24,7.41,7.24,7.41,260500,7.42,7.35,7.26,-0.1135,0.8596,2.1355,0.0432,0.0172,0.0479
DRI,2023-07-24,7.41,7.41,7.24,7.33,431440,7.42,7.35,7.27,-1.2485,-0.3436,0.8345,0.0,0.0,0.0436
DRI,2023-07-25,7.33,7.41,7.24,7.33,549500,7.4,7.35,7.28,-1.0238,-0.3436,0.6945,0.0,0.0,0.0323
DRI,2023-07-26,7.33,7.41,7.24,7.33,412365,7.4,7.35,7.28,-0.9111,-0.2865,0.6246,0.0,0.0,0.0323
DRI,2023-07-27,7.33,7.33,7.07,7.24,477200,7.38,7.35,7.29,-1.8265,-1.4327,-0.601,0.0324,0.0138,0.0355
DRI,2023-07-28,7.24,7.33,7.16,7.24,381000,7.36,7.35,7.29,-1.6018,-1.4327,-0.6699,-0.0,-0.0,0.0327
DRI,2023-07-31,7.42,7.51,7.24,7.33,567200,7.34,7.35,7.3,-0.0759,-0.3026,0.4349,-0.0281,-0.0114,0.0256
DRI,2023-08-01,7.33,7.33,7.24,7.24,430500,7.31,7.35,7.31,-0.9245,-1.4333,-0.8524,-0.0466,-0.0188,0.0243
DRI,2023-08-02,7.24,7.33,7.16,7.24,273900,7.31,7.35,7.32,-0.9247,-1.4333,-0.9894,-0.0,-0.0,0.0183
DRI,2023-08-03,7.24,7.24,7.07,7.16,466250,7.29,7.34,7.32,-1.7749,-2.5631,-2.2715,0.0,0.0,0.015
DRI,2023-08-04,7.16,7.16,6.98,7.16,451336,7.26,7.34,7.33,-1.4291,-2.5052,-2.3606,0.0608,0.0253,0.0168
DRI,2023-08-07,7.07,7.24,7.07,7.16,273850,7.24,7.33,7.33,-1.1959,-2.3913,-2.3822,0.0,0.0,0.0168
DRI,2023-08-08,7.16,7.33,7.16,7.33,391808,7.24,7.32,7.33,1.2097,0.1023,-0.048,0.0537,0.0237,0.0222
DRI,2023-08-09,7.33,7.68,7.16,7.59,1715268,7.27,7.33,7.34,4.4421,3.5496,3.4944,0.2059,0.0827,0.0427
DRI,2023-08-10,7.59,7.77,7.51,7.59,878071,7.3,7.34,7.34,3.9428,3.4221,3.4197,-0.0457,-0.0191,0.0441
DRI,2023-08-11,7.59,7.68,7.42,7.42,779035,7.32,7.34,7.34,1.3111,1.0403,1.0174,-0.1317,-0.0493,0.0572
DRI,2023-08-14,7.42,7.51,7.33,7.42,716901,7.33,7.33,7.35,1.1905,1.1521,0.9925,0.0,0.0,0.0544
DRI,2023-08-15,7.51,7.51,7.33,7.42,338079,7.35,7.33,7.34,0.9502,1.2059,1.014,0.0,0.0,0.0498
DRI,2023-08-16,7.42,7.51,7.33,7.51,445290,7.37,7.34,7.34,1.7752,2.2139,2.1998,0.0887,0.0332,0.0586
DRI,2023-08-17,7.51,7.51,7.24,7.24,626528,7.38,7.33,7.34,-1.8913,-1.2386,-1.3202,-0.0834,-0.0332,0.067
DRI,2023-08-18,7.24,7.24,6.55,6.63,1136250,7.33,7.3,7.32,-9.5239,-9.0849,-9.4503,-0.0562,-0.0222,0.0665
DRI,2023-08-21,6.81,6.81,6.37,6.55,388000,7.27,7.26,7.31,-9.964,-9.7975,-10.4299,-0.0189,-0.0071,0.0684
DRI,2023-08-22,6.63,6.81,6.2,6.55,382830,7.19,7.22,7.29,-8.9806,-9.3087,-10.1546,0.0076,0.0028,0.0638
DRI,2023-08-23,6.55,6.63,6.37,6.37,161821,7.07,7.17,7.26,-9.8765,-11.138,-12.2998,-0.0355,-0.0118,0.0468
DRI,2023-08-24,6.46,6.55,6.37,6.55,291450,6.96,7.13,7.25,-6.0151,-8.2568,-9.7236,0.0471,0.0166,0.0469
DRI,2023-08-25,6.46,6.63,6.46,6.55,176450,6.88,7.1,7.24,-4.8224,-7.8058,-9.5495,0.0,0.0,0.0337
DRI,2023-08-28,6.55,6.63,6.46,6.63,246302,6.8,7.06,7.23,-2.4391,-6.1149,-8.2099,0.0513,0.017,0.0389
DRI,2023-08-29,6.55,6.72,6.55,6.72,189124,6.73,7.04,7.22,-0.1296,-4.5257,-6.8671,0.0459,0.0151,0.0435
DRI,2023-08-30,6.72,6.81,6.63,6.72,163080,6.65,7.01,7.2,1.05,-4.1692,-6.7099,0.0,0.0,0.0346
DRI,2023-08-31,6.72,6.81,6.63,6.81,313200,6.61,6.99,7.19,3.0384,-2.6824,-5.3616,0.0603,0.0193,0.0323
DRI,2023-09-05,6.81,7.07,6.81,6.98,553548,6.64,6.99,7.19,5.1248,-0.0625,-2.8416,0.0424,0.015,0.0309
DRI,2023-09-06,7.07,7.07,6.89,6.98,338131,6.68,6.98,7.18,4.4386,0.0625,-2.7708,-0.0,-0.0,0.029
DRI,2023-09-07,6.98,7.16,6.98,7.07,313119,6.74,6.96,7.18,4.9223,1.5037,-1.4844,0.0,0.0,0.0283
DRI,2023-09-08,6.98,7.42,6.98,7.33,1216866,6.83,6.95,7.17,7.2798,5.4615,2.1874,0.1325,0.0481,0.038
DRI,2023-09-11,7.33,7.42,7.07,7.16,388930,6.89,6.93,7.17,3.7974,3.2745,-0.2214,-0.0176,-0.0067,0.035
DRI,2023-09-12,7.16,7.24,6.98,7.16,576921,6.96,6.92,7.17,2.8858,3.47,-0.1972,0.0236,0.0083,0.0374
DRI,2023-09-13,7.16,7.24,6.98,7.07,398125,7.0,6.9,7.17,0.9975,2.4668,-1.3663,-0.0225,-0.0078,0.0345
DRI,2023-09-14,7.07,7.07,6.81,6.98,296720,7.03,6.88,7.16,-0.6211,1.5229,-2.4898,0.0141,0.0051,0.0313
DRI,2023-09-15,6.98,7.07,6.81,6.98,465405,7.05,6.85,7.15,-0.9901,1.9108,-2.4185,0.0404,0.0134,0.0353
DRI,2023-09-18,6.98,6.98,6.81,6.89,343509,7.06,6.83,7.15,-2.3486,0.894,-3.5442,0.0,0.0,0.0293
DRI,2023-09-19,6.63,6.98,6.63,6.98,250900,7.06,6.85,7.14,-1.1125,1.9108,-2.2517,0.0491,0.0157,0.03
DRI,2023-09-20,6.89,7.07,6.89,7.07,624907,7.07,6.88,7.14,-0.0,2.7919,-0.9581,0.1232,0.0433,0.0423
DRI,2023-09-21,7.07,7.07,6.98,6.98,213786,7.06,6.9,7.13,-1.1125,1.2018,-2.0396,-0.0317,-0.0105,0.0455
DRI,2023-09-22,6.98,6.98,6.72,6.81,493900,7.01,6.92,7.11,-2.8642,-1.6393,-4.3262,-0.0187,-0.0065,0.0341
DRI,2023-09-25,6.81,6.98,6.46,6.55,406201,6.95,6.92,7.1,-5.7789,-5.4225,-7.7815,-0.0287,-0.0107,0.0352
DRI,2023-09-26,6.55,6.72,6.28,6.28,340956,6.86,6.91,7.08,-8.3969,-9.0335,-11.1878,-0.048,-0.0177,0.0376
DRI,2023-09-27,6.37,6.55,6.11,6.37,393700,6.79,6.89,7.05,-6.1697,-7.5949,-9.6454,0.0107,0.0036,0.0365
DRI,2023-09-28,6.37,6.46,6.11,6.28,216010,6.72,6.87,7.03,-6.4935,-8.5714,-10.5755,0.0,0.0,0.0351
DRI,2023-09-29,6.28,6.37,6.2,6.2,132300,6.64,6.85,7.01,-6.7017,-9.4965,-11.5539,-0.0398,-0.0126,0.035
DRI,2023-10-02,6.2,6.37,6.2,6.28,209570,6.58,6.82,6.98,-4.5093,-7.8695,-10.0184,0.0,0.0,0.035
DRI,2023-10-03,6.2,6.28,5.93,6.02,257752,6.48,6.77,6.96,-7.1332,-11.0824,-13.4228,-0.0162,-0.0056,0.0317
DRI,2023-10-04,6.02,6.11,5.93,6.11,104700,6.39,6.73,6.93,-4.3715,-9.2088,-11.8593,0.0302,0.0096,0.0224
DRI,2023-10-05,6.2,6.2,6.02,6.11,153764,6.3,6.68,6.91,-3.0471,-8.5565,-11.5482,0.0,0.0,0.0192
DRI,2023-10-06,6.02,6.2,6.02,6.11,153110,6.23,6.62,6.88,-1.9608,-7.7125,-11.235,0.0,0.0,0.0174
DRI,2023-10-09,6.2,6.28,6.11,6.2,73538,6.2,6.57,6.86,0.0,-5.7105,-9.6921,0.0,0.0,0.0145
DRI,2023-10-10,6.28,6.37,6.2,6.28,173000,6.2,6.53,6.84,1.4084,-3.7433,-8.1633,0.0,0.0,0.0097
DRI,2023-10-11,6.28,6.63,6.28,6.55,365210,6.21,6.5,6.83,5.337,0.6711,-4.1166,0.0428,0.0142,0.0129
DRI,2023-10-12,6.55,6.63,6.46,6.55,261407,6.24,6.48,6.81,4.895,1.01,-3.9201,0.0,0.0,0.0129
DRI,2023-10-13,6.55,6.81,6.55,6.81,599704,6.3,6.47,6.8,8.0333,5.1922,0.0513,0.1635,0.0518,0.0253
DRI,2023-10-16,6.81,7.07,6.81,6.89,514017,6.36,6.47,6.8,8.3676,6.5408,1.4121,-0.0369,-0.0124,0.0289
DRI,2023-10-17,6.89,7.07,6.63,6.72,267843,6.43,6.46,6.79,4.4776,4.0541,-1.0282,-0.028,-0.0098,0.0301
DRI,2023-10-18,6.63,6.89,6.55,6.81,364280,6.5,6.44,6.78,4.698,5.6195,0.3603,0.0422,0.0162,0.0313
DRI,2023-10-19,6.63,6.89,6.46,6.55,347846,6.55,6.42,6.77,-0.0001,1.9021,-3.2758,-0.0536,-0.0188,0.0367
DRI,2023-10-20,6.63,6.72,6.37,6.63,333611,6.6,6.41,6.75,0.529,3.4013,-1.7073,0.0306,0.0107,0.0397
DRI,2023-10-23,6.63,6.89,6.63,6.63,204526,6.64,6.42,6.73,-0.1315,3.331,-1.4268,-0.0776,-0.0289,0.0475
DRI,2023-10-24,6.72,6.72,6.55,6.63,62965,6.68,6.44,6.71,-0.6536,3.0508,-1.1961,-0.0,-0.0,0.0475
DRI,2023-10-25,6.72,6.72,6.55,6.63,187304,6.68,6.45,6.7,-0.7833,2.8416,-0.9644,-0.0,-0.0,0.0432
DRI,2023-10-26,6.63,6.63,6.02,6.02,367708,6.63,6.44,6.67,-9.2104,-6.4406,-9.7094,-0.0405,-0.0151,0.0473
DRI,2023-10-27,5.93,6.28,5.93,6.28,133110,6.58,6.44,6.64,-4.5093,-2.439,-5.4373,0.0342,0.0121,0.0344
DRI,2023-10-30,6.28,6.28,6.02,6.11,73306,6.5,6.43,6.62,-6.0402,-5.0203,-7.749,-0.0062,-0.0023,0.0313
DRI,2023-10-31,6.02,6.2,5.76,5.85,195200,6.41,6.42,6.61,-8.8436,-8.9674,-11.4928,-0.022,-0.0079,0.0307
DRI,2023-11-01,5.85,5.93,5.76,5.93,89000,6.33,6.41,6.59,-6.2069,-7.483,-10.0053,0.0164,0.0057,0.0281
DRI,2023-11-02,6.02,6.2,6.02,6.2,89001,6.29,6.42,6.59,-1.5256,-3.467,-5.9353,0.0134,0.0048,0.0241
DRI,2023-11-03,6.28,6.37,6.11,6.11,115200,6.24,6.42,6.58,-2.0978,-4.8266,-7.1864,-0.0342,-0.0106,0.0245
DRI,2023-11-06,6.28,6.28,6.02,6.11,95011,6.19,6.41,6.57,-1.2693,-4.7618,-7.0631,-0.0092,-0.0032,0.0176
DRI,2023-11-07,6.11,6.2,6.02,6.11,79300,6.14,6.41,6.56,-0.4267,-4.6321,-6.9396,0.0,0.0,0.0176
DRI,2023-11-08,6.11,6.46,6.11,6.46,138401,6.12,6.4,6.56,5.5634,0.8861,-1.5696,0.0159,0.0057,0.0192
DRI,2023-11-09,6.37,6.46,6.28,6.37,158702,6.15,6.39,6.55,3.5461,-0.3413,-2.7963,-0.0,-0.0,0.0152
DRI,2023-11-10,6.28,6.37,6.2,6.28,106201,6.15,6.37,6.55,2.1277,-1.3022,-4.0,0.0,0.0,0.0117
DRI,2023-11-13,6.2,6.37,6.2,6.28,119200,6.17,6.34,6.53,1.8388,-0.8264,-3.8461,0.0,0.0,0.0111
DRI,2023-11-14,6.2,6.28,6.2,6.2,64202,6.2,6.31,6.52,-0.1406,-1.798,-4.9531,-0.0225,-0.008,0.0112
DRI,2023-11-15,6.37,6.46,6.28,6.28,166710,6.24,6.28,6.51,0.6993,0.0,-3.4076,-0.0308,-0.0105,0.0126
DRI,2023-11-16,6.37,6.37,6.2,6.37,63152,6.26,6.27,6.49,1.8131,1.5299,-1.8554,0.0123,0.0041,0.0125
DRI,2023-11-17,6.28,6.37,6.11,6.2,222004,6.27,6.25,6.47,-1.1142,-0.9072,-4.2094,-0.0119,-0.0042,0.0103
DRI,2023-11-20,6.11,6.37,6.02,6.28,218720,6.28,6.24,6.45,0.0,0.7698,-2.5974,0.0233,0.0083,0.0117
DRI,2023-11-21,6.37,6.37,6.28,6.37,127983,6.31,6.22,6.44,0.9682,2.3843,-1.0035,0.0411,0.0127,0.0158
DRI,2023-11-22,6.28,6.37,6.2,6.37,64501,6.3,6.21,6.42,1.108,2.6001,-0.7883,0.0118,0.004,0.0154
DRI,2023-11-23,6.28,6.37,6.11,6.11,156300,6.27,6.21,6.4,-2.6425,-1.6854,-4.6061,-0.0165,-0.0057,0.017
DRI,2023-11-24,6.2,6.2,6.02,6.2,196001,6.27,6.21,6.39,-1.1142,-0.2108,-3.0054,0.0267,0.0087,0.0197
DRI,2023-11-27,6.2,6.2,6.11,6.2,38801,6.26,6.21,6.37,-0.9763,-0.2809,-2.793,0.0106,0.0036,0.0208
DRI,2023-11-28,6.11,6.11,6.02,6.11,101201,6.25,6.23,6.36,-2.2346,-1.892,-3.8989,0.022,0.0071,0.0207
DRI,2023-11-29,6.11,6.2,6.11,6.11,167200,6.23,6.24,6.34,-1.9608,-2.0294,-3.6078,-0.0562,-0.0179,0.0232
DRI,2023-11-30,6.11,6.2,6.11,6.2,41301,6.21,6.24,6.32,-0.2809,-0.6298,-1.9878,0.0081,0.0026,0.0228
DRI,2023-12-01,6.11,6.2,6.11,6.2,81001,6.21,6.24,6.31,-0.2809,-0.6993,-1.798,0.0301,0.0104,0.0247
DRI,2023-12-04,6.11,6.37,6.02,6.28,306681,6.21,6.25,6.3,1.1236,0.5587,-0.3322,0.0254,0.0088,0.0249
DRI,2023-12-05,6.2,6.2,6.11,6.2,80900,6.2,6.25,6.3,0.0,-0.9072,-1.6893,0.019,0.0063,0.0227
DRI,2023-12-06,6.2,6.28,6.11,6.28,389900,6.19,6.24,6.3,1.5515,0.6289,-0.277,0.0784,0.026,0.0293
DRI,2023-12-07,6.28,6.46,6.2,6.37,207601,6.21,6.24,6.3,2.528,2.0265,1.08,0.0154,0.0058,0.0292
DRI,2023-12-08,6.37,6.37,6.11,6.28,419710,6.22,6.24,6.3,0.9818,0.6289,-0.3322,0.04,0.0126,0.0305
DRI,2023-12-11,6.2,6.28,6.11,6.28,124300,6.23,6.24,6.3,0.8403,0.6289,-0.3322,0.04,0.0135,0.0335
DRI,2023-12-12,6.28,6.28,6.2,6.28,97000,6.25,6.25,6.31,0.5587,0.5587,-0.4149,0.033,0.0109,0.0346
DRI,2023-12-13,6.28,6.28,6.11,6.28,139000,6.27,6.25,6.31,0.2785,0.5587,-0.47,0.0242,0.0078,0.0314
DRI,2023-12-14,6.28,6.28,6.11,6.2,59003,6.27,6.24,6.31,-1.1142,-0.6993,-1.8795,0.0,0.0,0.0305
DRI,2023-12-15,6.11,6.2,6.11,6.11,76701,6.26,6.24,6.31,-2.371,-2.0294,-3.2614,-0.0211,-0.0064,0.0296
DRI,2023-12-18,6.2,6.28,6.11,6.2,113800,6.25,6.23,6.31,-0.838,-0.5602,-1.8795,0.0,0.0,0.0271
DRI,2023-12-19,6.2,6.28,6.11,6.28,78830,6.26,6.23,6.31,0.4184,0.911,-0.4975,0.0181,0.0061,0.027
DRI,2023-12-20,6.28,6.28,6.2,6.2,38085,6.25,6.22,6.31,-0.838,-0.3509,-1.7709,-0.0201,-0.0059,0.0212
DRI,2023-12-21,6.28,6.63,6.2,6.55,770465,6.27,6.24,6.31,4.4568,4.895,3.7631,0.1934,0.0636,0.039
DRI,2023-12-22,6.73,6.73,6.46,6.55,173301,6.29,6.26,6.3,4.0707,4.6541,3.9023,-0.0211,-0.0072,0.0371
DRI,2023-12-25,6.55,6.55,6.37,6.46,273614,6.31,6.27,6.29,2.3419,2.9854,2.6014,0.0,0.0,0.0331
DRI,2023-12-26,6.46,6.55,6.37,6.46,249501,6.33,6.29,6.29,2.06,2.6998,2.6869,0.0,0.0,0.0298
DRI,2023-12-27,6.46,6.64,6.46,6.55,229401,6.35,6.31,6.28,3.0654,3.7833,4.2188,-0.0,-0.0,0.0274
DRI,2023-12-28,6.46,6.73,6.46,6.64,518993,6.4,6.33,6.29,3.7727,4.8563,5.6346,0.0582,0.0198,0.0332
DRI,2023-12-29,6.64,7.0,6.64,6.91,1236928,6.48,6.37,6.29,6.6972,8.5514,9.8778,0.1787,0.0606,0.049
DRI,2024-01-02,6.91,7.0,6.73,7.0,321829,6.56,6.4,6.3,6.7708,9.3616,11.1925,0.0657,0.0244,0.0555
DRI,2024-01-03,6.91,7.0,6.73,6.82,220532,6.61,6.44,6.3,3.1514,6.0034,8.2395,-0.0147,-0.0054,0.0552
DRI,2024-01-04,6.91,6.91,6.64,6.82,522332,6.68,6.46,6.31,2.1851,5.5621,8.1746,0.0284,0.0101,0.056
DRI,2024-01-05,6.82,6.91,6.82,6.82,380600,6.7,6.48,6.32,1.7639,5.1952,7.9008,-0.1157,-0.0413,0.0482
DRI,2024-01-08,6.73,6.82,6.73,6.73,183101,6.72,6.51,6.33,0.1353,3.4359,6.3117,-0.0443,-0.0154,0.0506
DRI,2024-01-09,6.82,6.82,6.55,6.64,433100,6.74,6.52,6.34,-1.4845,1.7597,4.6996,-0.0338,-0.012,0.054
DRI,2024-01-10,6.64,6.73,6.55,6.64,309904,6.76,6.54,6.36,-1.7496,1.4827,4.4386,0.0,0.0,0.054
DRI,2024-01-11,6.64,6.73,6.55,6.64,207000,6.77,6.56,6.37,-1.8817,1.2072,4.2074,0.0,0.0,0.054
DRI,2024-01-12,6.64,6.64,6.46,6.55,296200,6.76,6.58,6.38,-3.0956,-0.4467,2.6662,-0.0,-0.0,0.0481
DRI,2024-01-15,6.55,6.73,6.55,6.64,290800,6.73,6.6,6.39,-1.3513,0.5305,3.9193,0.0,0.0,0.0303
DRI,2024-01-16,6.64,6.73,6.64,6.64,111552,6.69,6.63,6.4,-0.8152,0.1942,3.7469,-0.0233,-0.0078,0.026
DRI,2024-01-17,6.64,6.73,6.55,6.64,112200,6.68,6.64,6.41,-0.5449,-0.0744,3.5751,0.0,0.0,0.0246
DRI,2024-01-18,6.64,6.64,6.55,6.64,119005,6.66,6.67,6.41,-0.2732,-0.4067,3.5165,0.0444,0.0145,0.0262
DRI,2024-01-19,6.64,6.91,6.64,6.91,757700,6.67,6.69,6.43,3.6834,3.4013,7.5887,0.2001,0.0723,0.0346
DRI,2024-01-22,6.82,6.82,6.64,6.73,194600,6.67,6.69,6.43,0.9549,0.5434,4.6119,-0.0,-0.0,0.0302
DRI,2024-01-23,6.73,6.73,6.64,6.64,176508,6.67,6.7,6.44,-0.4093,-0.9498,3.0841,-0.0577,-0.0195,0.0326
DRI,2024-01-24,6.64,6.73,6.64,6.73,95510,6.68,6.72,6.45,0.8174,0.2031,4.3231,0.0317,0.0107,0.0357
DRI,2024-01-25,6.73,6.73,6.64,6.64,39610,6.68,6.72,6.46,-0.5449,-1.2178,2.7999,-0.016,-0.0052,0.0373
DRI,2024-01-26,6.73,6.91,6.64,6.82,489911,6.7,6.73,6.47,1.7639,1.3514,5.4691,0.0632,0.021,0.0436
DRI,2024-01-29,6.82,7.28,6.82,7.19,919811,6.76,6.74,6.49,6.3257,6.5408,10.7553,0.1608,0.0606,0.0597
DRI,2024-01-30,7.09,7.46,7.09,7.28,802250,6.82,6.76,6.51,6.6666,7.6715,11.8149,-0.0,-0.0,0.0574
DRI,2024-01-31,7.37,7.46,7.0,7.09,470697,6.87,6.77,6.52,3.3112,4.7683,8.7776,-0.0408,-0.0159,0.0615
DRI,2024-02-01,7.09,7.37,7.0,7.37,684948,6.94,6.8,6.54,6.1599,8.3612,12.6173,0.2366,0.0773,0.0807
DRI,2024-02-02,7.37,7.64,7.19,7.37,571119,6.99,6.83,6.57,5.4688,7.9281,12.1857,-0.0267,-0.0097,0.0634
DRI,2024-02-05,7.37,7.37,7.09,7.19,622711,7.03,6.85,6.59,2.1992,4.9137,9.0871,-0.0502,-0.0192,0.0684
DRI,2024-02-06,7.28,8.19,7.28,7.46,505326,7.11,6.89,6.61,4.8593,8.2508,12.7973,-0.1011,-0.0348,0.0727
DRI,2024-02-07,7.55,7.55,7.37,7.46,229081,7.19,6.93,6.64,3.7974,7.6115,12.3388,-0.0,-0.0,0.0695
DRI,2024-02-15,7.46,7.55,7.28,7.37,528040,7.26,6.97,6.66,1.5038,5.7442,10.5499,-0.0472,-0.0173,0.0727
DRI,2024-02-16,7.46,7.64,7.37,7.37,392000,7.31,7.01,6.69,0.7463,5.1266,10.1627,-0.1001,-0.0351,0.0764
DRI,2024-02-19,7.46,7.82,7.37,7.64,719383,7.36,7.06,6.72,3.8319,8.2474,13.7515,0.0303,0.0108,0.0633
DRI,2024-02-20,7.73,7.73,7.55,7.73,361326,7.4,7.11,6.75,4.4226,8.6957,14.6117,0.0901,0.0334,0.0723
DRI,2024-02-21,7.64,7.73,7.55,7.73,508306,7.47,7.17,6.78,3.5323,7.868,14.0925,0.1321,0.0482,0.0814
DRI,2024-02-22,7.73,7.73,7.55,7.64,334471,7.49,7.22,6.8,1.9417,5.8601,12.3005,-0.0,-0.0,0.0578
DRI,2024-02-23,7.64,7.73,7.46,7.55,678302,7.51,7.25,6.83,0.4843,4.1406,10.5805,-0.0224,-0.0084,0.0573
DRI,2024-02-26,7.46,7.73,7.46,7.64,249877,7.56,7.29,6.85,1.083,4.7381,11.4697,0.0171,0.0061,0.054
DRI,2024-02-27,7.73,8.0,7.64,7.82,664086,7.59,7.35,6.88,2.9941,6.3699,13.6138,0.0,0.0,0.0439
DRI,2024-02-28,7.91,8.0,7.73,7.82,430922,7.63,7.41,6.92,2.5031,5.5863,13.1083,-0.0348,-0.0125,0.0474
DRI,2024-02-29,7.82,7.91,7.55,7.82,522656,7.68,7.47,6.95,1.8958,4.7504,12.6072,0.0551,0.0204,0.0482
DRI,2024-03-01,7.82,7.82,7.64,7.82,402448,7.72,7.52,6.98,1.2957,4.0533,12.0826,0.0844,0.0322,0.0466
DRI,2024-03-04,7.82,7.91,7.55,7.73,833127,7.73,7.54,7.01,-0.0,2.4714,10.2666,0.0,0.0,0.0436
DRI,2024-03-05,7.73,7.82,7.64,7.82,196329,7.74,7.57,7.04,1.0576,3.3034,11.0489,0.0375,0.0127,0.0383
DRI,2024-03-06,7.82,7.82,7.64,7.73,270403,7.74,7.6,7.07,-0.1175,1.6746,9.3083,0.0,0.0,0.0251
DRI,2024-03-07,7.64,7.82,7.64,7.82,273400,7.76,7.63,7.11,0.8207,2.5642,10.0882,0.0515,0.0181,0.0303
DRI,2024-03-08,7.64,7.82,7.55,7.73,263102,7.78,7.64,7.13,-0.5848,1.1303,8.446,0.0085,0.0032,0.0289
DRI,2024-03-11,7.73,8.19,7.73,8.0,1016161,7.81,7.69,7.16,2.4447,4.1421,11.8171,0.0361,0.0133,0.0308
DRI,2024-03-12,8.1,8.46,7.91,8.37,1270000,7.87,7.73,7.2,6.3584,8.2353,16.2791,0.2126,0.0858,0.0521
DRI,2024-03-13,8.46,8.55,8.28,8.46,812389,7.93,7.78,7.24,6.6513,8.7083,16.8929,0.0371,0.0134,0.0523
DRI,2024-03-14,8.46,8.55,8.28,8.37,883817,7.99,7.83,7.27,4.7836,6.8525,15.0576,-0.0563,-0.0203,0.0524
DRI,2024-03-15,8.46,9.55,8.37,9.55,1946869,8.16,7.94,7.33,17.0568,20.2749,30.2729,0.384,0.1602,0.0824
DRI,2024-03-18,9.64,10.46,9.37,10.28,2341273,8.41,8.07,7.4,22.1621,27.3239,38.923,0.2204,0.0961,0.1044
DRI,2024-03-19,10.28,10.82,10.1,10.37,991226,8.67,8.2,7.47,19.6223,26.3858,38.8889,-0.0538,-0.0259,0.106
DRI,2024-03-20,10.91,10.91,9.82,10.19,1082956,8.91,8.33,7.53,14.2857,22.3375,35.2331,-0.0642,-0.0307,0.1125
DRI,2024-03-21,10.46,10.46,10.01,10.19,874115,9.15,8.45,7.6,11.332,20.4949,34.0355,-0.0272,-0.0129,0.11
DRI,2024-03-22,10.19,10.19,9.91,10.01,587733,9.38,8.58,7.66,6.6925,16.649,30.5483,-0.034,-0.0148,0.1126
DRI,2024-03-25,10.01,10.1,9.82,10.01,544796,9.58,8.7,7.73,4.4634,15.0628,29.4423,0.0306,0.0136,0.112
DRI,2024-03-26,9.91,11.37,9.91,11.37,1796230,9.88,8.87,7.82,15.1012,28.1394,45.315,0.3088,0.1633,0.1216
DRI,2024-03-27,11.37,12.01,11.19,11.64,1015932,10.2,9.06,7.92,14.1838,28.4496,46.9238,0.0273,0.0143,0.1207
DRI,2024-03-28,11.64,11.64,10.91,11.19,787647,10.48,9.23,8.01,6.7708,21.1822,39.5824,-0.0435,-0.0209,0.1194
DRI,2024-03-29,11.19,11.82,11.19,11.55,629224,10.68,9.42,8.12,8.1771,22.646,42.3447,0.0182,0.0092,0.0828
DRI,2024-04-01,11.55,11.64,11.1,11.46,625238,10.8,9.6,8.21,6.15,19.3182,39.5658,0.0615,0.0313,0.0669
DRI,2024-04-02,11.37,12.28,11.19,12.19,1376830,10.98,9.82,8.32,11.0191,24.0741,46.4481,0.1591,0.0841,0.0774
DRI,2024-04-03,11.92,12.73,11.92,12.46,1151584,11.21,10.06,8.44,11.2013,23.8698,47.6611,0.0507,0.0278,0.0761
DRI,2024-04-04,12.55,12.64,12.19,12.28,745131,11.41,10.28,8.55,7.5697,19.4161,43.5864,-0.0761,-0.042,0.081
DRI,2024-04-05,12.19,12.37,11.1,11.37,1806196,11.55,10.46,8.64,-1.5748,8.6484,31.5789,-0.1505,-0.0781,0.0926
DRI,2024-04-08,11.37,11.46,10.55,10.82,779208,11.63,10.61,8.72,-6.9586,2.0583,24.0876,-0.0621,-0.0312,0.0958
DRI,2024-04-09,10.91,11.37,10.46,11.28,1117673,11.62,10.75,8.82,-2.9734,4.907,27.9406,0.1891,0.0943,0.0838
DRI,2024-04-10,11.28,11.55,10.55,10.82,945096,11.54,10.87,8.9,-6.2254,-0.4184,21.652,-0.0884,-0.044,0.0899
DRI,2024-04-11,10.82,11.01,10.64,11.01,369527,11.52,11.0,8.98,-4.4988,0.0413,22.4944,0.1092,0.056,0.0965
DRI,2024-04-12,11.01,11.37,11.01,11.37,586074,11.51,11.09,9.08,-1.1858,2.501,25.2756,0.1485,0.0802,0.1095
DRI,2024-04-15,11.28,12.01,10.73,11.01,1679051,11.46,11.13,9.15,-3.9683,-1.1034,20.2544,-0.077,-0.0431,0.1111
DRI,2024-04-16,11.19,11.37,10.82,11.28,981639,11.37,11.17,9.23,-0.8,0.9361,22.1675,0.1087,0.0573,0.106
DRI,2024-04-17,11.28,11.46,10.91,11.1,781325,11.23,11.22,9.31,-1.2145,-1.0944,19.1639,-0.0423,-0.0241,0.1052
DRI,2024-04-19,11.1,11.1,10.64,10.73,1160528,11.08,11.25,9.38,-3.1198,-4.5693,14.4298,-0.1184,-0.0628,0.1094
DRI,2024-04-22,10.82,11.1,10.46,10.64,857569,11.01,11.28,9.44,-3.3058,-5.6452,12.6733,-0.1315,-0.068,0.1075
DRI,2024-04-23,10.55,10.55,9.46,9.64,1084285,10.89,11.26,9.49,-11.4452,-14.378,1.5521,-0.2099,-0.1005,0.1223
DRI,2024-04-24,9.91,10.28,9.28,10.28,625131,10.79,11.21,9.55,-4.7218,-8.2792,7.619,0.1394,0.0614,0.1173
DRI,2024-04-25,10.1,10.46,10.01,10.19,307688,10.72,11.13,9.6,-5.0042,-8.4967,6.0606,-0.0273,-0.0112,0.1112
DRI,2024-04-26,10.19,10.19,9.82,9.91,382154,10.61,11.07,9.66,-6.5981,-10.4355,2.6752,-0.0756,-0.0307,0.1079
DRI,2024-05-02,9.91,10.1,9.73,10.01,377801,10.48,10.99,9.71,-4.5139,-8.978,3.0542,0.0833,0.0365,0.1013
DRI,2024-05-03,10.01,10.55,10.01,10.28,385527,10.41,10.93,9.76,-1.2238,-5.99,5.2926,-0.0,-0.0,0.0936
DRI,2024-05-06,10.28,11.37,10.19,11.37,1151743,10.41,10.89,9.83,9.1703,4.3841,15.6122,0.2423,0.1342,0.107
DRI,2024-05-07,11.37,11.92,11.37,11.55,1030754,10.46,10.85,9.91,10.4348,6.4989,16.5565,-0.132,-0.0587,0.116
DRI,2024-05-08,11.64,12.01,11.19,11.64,1491185,10.55,10.81,9.99,10.3448,7.6535,16.5332,0.0381,0.0206,0.1079
DRI,2024-05-09,11.64,12.01,11.28,11.64,1018037,10.65,10.83,10.07,9.3083,7.5179,15.5861,0.0,0.0,0.0948
DRI,2024-05-10,11.64,11.82,11.37,11.73,812710,10.86,10.87,10.15,8.0402,7.9046,15.5499,0.1525,0.0813,0.0891
DRI,2024-05-13,11.73,11.92,11.46,11.73,696769,11.01,10.9,10.23,6.6115,7.6794,14.6666,0.0501,0.0302,0.0801
DRI,2024-05-14,11.73,12.73,11.64,12.19,1529834,11.21,10.96,10.32,8.7663,11.1572,18.1033,-0.0,-0.0,0.0774
DRI,2024-05-15,12.19,12.37,11.92,12.1,885439,11.42,11.02,10.41,5.8917,9.7812,16.2587,-0.0519,-0.027,0.075
DRI,2024-05-16,12.19,12.37,11.55,11.55,1590562,11.58,11.03,10.48,-0.2357,4.7422,10.2239,-0.3604,-0.1877,0.1027
DRI,2024-05-17,11.64,12.28,11.46,11.92,1386609,11.74,11.07,10.56,1.4717,7.5975,12.7949,0.0349,0.0184,0.1062
DRI,2024-05-20,12.01,12.28,11.82,12.01,943436,11.81,11.11,10.65,1.6949,8.0639,12.7627,-0.0328,-0.0172,0.0853
DRI,2024-05-21,12.01,12.1,11.73,12.01,879914,11.85,11.16,10.73,1.3047,7.6233,11.8644,0.0938,0.0503,0.0814
DRI,2024-05-22,12.01,13.1,12.01,12.46,2183890,11.93,11.24,10.83,4.4207,10.8414,15.1067,-0.0583,-0.0346,0.0835
DRI,2024-05-23,12.64,12.73,12.19,12.64,958320,12.03,11.34,10.92,5.0642,11.4675,15.7369,0.1072,0.0576,0.0942
DRI,2024-05-24,12.64,13.1,11.92,12.46,1906072,12.11,11.48,11.01,2.9301,8.5148,13.1483,-0.0265,-0.0146,0.0816
DRI,2024-05-27,12.55,13.46,12.55,13.28,1528034,12.26,11.63,11.11,8.3086,14.1517,19.5154,0.2652,0.1684,0.1031
DRI,2024-05-28,13.01,13.64,13.01,13.37,769404,12.38,11.79,11.21,8.0088,13.3822,19.2794,0.0268,0.0155,0.1058
DRI,2024-05-29,13.37,14.01,13.1,13.37,1883311,12.51,11.97,11.31,6.9091,11.7446,18.2242,-0.1196,-0.0752,0.1125
DRI,2024-05-30,13.46,13.92,13.1,13.64,1137840,12.72,12.15,11.39,7.2962,12.3175,19.7701,0.0698,0.0384,0.0835
DRI,2024-05-31,13.64,13.73,13.1,13.19,944891,12.84,12.29,11.45,2.6912,7.2882,15.189,-0.1841,-0.1095,0.0984
DRI,2024-06-03,13.28,13.28,12.82,13.01,1690894,12.94,12.37,11.5,0.4919,5.1084,13.0792,-0.0682,-0.041,0.1019
DRI,2024-06-04,13.01,13.19,12.82,13.1,1522082,13.05,12.45,11.56,0.3485,5.1863,13.2966,0.1714,0.0991,0.1097
DRI,2024-06-05,13.19,13.19,12.82,12.82,947559,13.09,12.51,11.61,-2.0153,2.5082,10.4323,-0.1727,-0.0897,0.1211
DRI,2024-06-06,13.01,13.01,12.55,12.73,1038412,13.1,12.57,11.67,-2.7778,1.3391,9.1363,-0.0644,-0.0348,0.1169
DRI,2024-06-07,12.82,12.82,12.19,12.46,1950282,13.1,12.6,11.72,-4.8611,-1.1187,6.3499,-0.0957,-0.0535,0.1238
DRI,2024-06-10,12.46,12.92,12.46,12.82,1633402,13.05,12.66,11.75,-1.7422,1.3295,9.1838,0.2528,0.1422,0.1225
DRI,2024-06-11,12.82,13.55,12.73,13.19,3973444,13.03,12.71,11.78,1.1863,3.7938,11.9864,0.0815,0.0453,0.128
DRI,2024-06-12,13.19,13.19,12.92,13.01,1028626,13.0,12.75,11.81,0.07,1.9971,10.1016,-0.0655,-0.0353,0.1226
DRI,2024-06-13,13.01,13.01,12.73,12.92,1249030,12.92,12.82,11.84,-0.0703,0.745,9.0798,0.0998,0.052,0.1256
DRI,2024-06-14,12.92,12.92,12.28,12.37,1806158,12.84,12.84,11.86,-3.6827,-3.6827,4.3105,-0.1313,-0.0735,0.1203
DRI,2024-06-17,12.37,12.46,11.82,12.19,1078033,12.76,12.85,11.86,-4.4904,-5.1663,2.7765,0.0371,0.0186,0.1172
DRI,2024-06-18,12.19,12.46,12.1,12.37,419648,12.69,12.87,11.86,-2.5089,-3.8869,4.3265,0.0456,0.022,0.1046
DRI,2024-06-19,12.28,12.37,12.1,12.19,499097,12.62,12.86,11.86,-3.4582,-5.1998,2.8081,-0.0412,-0.0205,0.0915
DRI,2024-06-20,12.19,12.28,11.82,12.01,920884,12.55,12.82,11.87,-4.3478,-6.383,1.165,-0.0447,-0.024,0.0895
DRI,2024-06-21,12.01,12.37,12.01,12.37,791977,12.54,12.82,11.9,-1.3778,-3.5119,3.9597,0.178,0.0981,0.0977
DRI,2024-06-24,12.37,12.64,12.01,12.19,1417292,12.48,12.77,11.92,-2.3324,-4.5244,2.2745,-0.077,-0.0393,0.0802
DRI,2024-06-25,12.19,12.19,11.92,12.1,607228,12.37,12.7,11.94,-2.2059,-4.7619,1.2947,0.0788,0.0393,0.0799
DRI,2024-06-26,12.1,13.01,12.01,12.82,3554997,12.35,12.67,11.98,3.8291,1.184,7.0615,0.7175,0.3484,0.1451
DRI,2024-06-27,12.82,12.82,12.55,12.82,969203,12.34,12.63,12.01,3.9056,1.5119,6.802,0.395,0.2232,0.1746
DRI,2024-06-28,12.82,12.82,10.91,11.73,2076030,12.28,12.56,12.02,-4.4445,-6.5894,-2.4058,-0.0704,-0.0367,0.1685
DRI,2024-07-01,12.01,12.01,11.28,11.55,853053,12.22,12.49,12.03,-5.4356,-7.5018,-3.9625,-0.0759,-0.0316,0.1724
DRI,2024-07-02,11.55,11.92,11.46,11.73,433936,12.15,12.42,12.04,-3.4431,-5.5291,-2.5533,0.032,0.0146,0.171
DRI,2024-07-03,11.64,11.82,11.64,11.73,412375,12.11,12.37,12.06,-3.0804,-5.1122,-2.7149,-0.0,-0.0,0.1669
DRI,2024-07-04,11.73,12.1,11.64,11.92,726561,12.1,12.32,12.09,-1.5038,-3.321,-1.4148,0.054,0.0242,0.1679
DRI,2024-07-05,11.82,12.01,11.73,11.92,745110,12.05,12.3,12.13,-1.1321,-3.1065,-1.7844,0.079,0.0393,0.158
DRI,2024-07-08,11.92,12.01,11.73,11.92,587038,12.02,12.25,12.16,-0.9077,-2.7469,-2.0488,0.0496,0.024,0.1552
DRI,2024-07-09,11.19,12.55,11.19,12.46,1675109,12.06,12.22,12.21,3.3182,2.0104,2.056,0.3462,0.1837,0.182
DRI,2024-07-10,12.46,12.55,11.92,12.1,636174,11.99,12.17,12.25,0.9105,-0.5979,-1.2767,-0.062,-0.0297,0.1164
DRI,2024-07-11,12.1,12.28,11.82,11.82,784392,11.89,12.12,12.29,-0.5355,-2.4024,-3.7892,-0.2055,-0.0978,0.0975
DRI,2024-07-12,11.92,12.01,11.73,12.01,599885,11.92,12.1,12.32,0.7634,-0.7519,-2.583,0.2087,0.1095,0.1113
DRI,2024-07-15,12.01,12.1,11.82,12.01,393243,11.96,12.09,12.34,0.3803,-0.6772,-2.6835,0.0524,0.027,0.1089
DRI,2024-07-16,12.01,12.46,11.92,12.19,1428491,12.01,12.08,12.35,1.5152,0.9036,-1.3109,0.0,0.0,0.1057
DRI,2024-07-17,12.1,12.28,11.46,11.82,894128,12.02,12.06,12.35,-1.5897,-1.9608,-4.2851,-0.0167,-0.01,0.1074
DRI,2024-07-18,11.73,11.82,11.19,11.64,1430745,11.99,12.04,12.35,-2.8831,-3.3232,-5.7576,0.1254,0.061,0.1146
DRI,2024-07-19,11.55,11.64,10.91,11.19,674877,11.92,11.98,12.34,-6.1069,-6.6414,-9.3589,-0.0393,-0.022,0.1106
DRI,2024-07-22,11.19,11.19,10.01,10.19,1020713,11.74,11.88,12.31,-13.2455,-14.2747,-17.2577,-0.1617,-0.0746,0.1218
DRI,2024-07-23,10.28,10.37,9.82,9.91,628036,11.49,11.77,12.27,-13.6976,-15.7976,-19.1754,-0.0829,-0.0386,0.0955
DRI,2024-07-24,9.91,10.19,9.55,10.1,635722,11.29,11.64,12.23,-10.556,-13.2474,-17.423,0.116,0.0525,0.1009
DRI,2024-07-25,10.1,10.37,9.91,10.19,692758,11.12,11.51,12.2,-8.4219,-11.4624,-16.4927,0.0647,0.0293,0.0868
DRI,2024-07-26,10.1,10.37,10.1,10.37,378373,10.96,11.44,12.17,-5.3942,-9.3439,-14.7854,0.1622,0.0668,0.0821
DRI,2024-07-29,10.65,10.65,10.28,10.46,262383,10.81,11.38,12.14,-3.1616,-8.0731,-13.783,0.0,0.0,0.0769
DRI,2024-07-30,10.37,10.37,10.0,10.18,432854,10.61,11.31,12.1,-3.9746,-9.9224,-15.8397,0.0,0.0,0.0769
DRI,2024-07-31,10.18,10.28,9.81,10.0,418619,10.42,11.22,12.05,-4.0842,-10.8911,-17.0462,-0.0213,-0.0097,0.0773
DRI,2024-08-01,10.0,10.0,9.16,9.25,1120272,10.18,11.09,11.98,-9.1704,-16.5622,-22.8136,-0.1504,-0.0642,0.0798
DRI,2024-08-02,9.16,9.34,8.88,9.34,571181,10.0,10.96,11.92,-6.5606,-14.7302,-21.6262,0.1149,0.0504,0.0874
DRI,2024-08-05,9.34,9.34,8.41,8.6,778007,9.84,10.79,11.83,-12.6456,-20.3453,-27.325,-0.0667,-0.0296,0.0779
DRI,2024-08-06,8.5,8.97,8.5,8.88,342729,9.74,10.61,11.74,-8.8353,-16.3585,-24.3805,0.0556,0.0228,0.0752
DRI,2024-08-07,8.78,8.88,8.5,8.78,309683,9.6,10.45,11.65,-8.5613,-15.926,-24.587,0.0534,0.0192,0.0689
DRI,2024-08-08,8.69,8.88,8.6,8.6,238217,9.45,10.28,11.54,-8.9991,-16.4233,-25.5461,-0.0746,-0.0349,0.0699
DRI,2024-08-09,8.78,8.97,8.69,8.78,407363,9.29,10.12,11.46,-5.4326,-13.2468,-23.3424,-0.0459,-0.0158,0.0583
DRI,2024-08-12,8.88,9.25,8.78,9.25,314136,9.17,9.99,11.38,0.9175,-7.3712,-18.7318,0.1008,0.0403,0.0684
DRI,2024-08-13,9.25,9.44,8.97,9.16,379418,9.06,9.83,11.3,1.031,-6.8935,-18.9917,-0.0339,-0.0134,0.0717
DRI,2024-08-14,9.06,9.34,8.97,9.06,232056,8.97,9.7,11.23,1.0417,-6.5313,-19.281,-0.0435,-0.017,0.074
DRI,2024-08-15,9.16,9.16,8.78,8.88,221983,8.93,9.56,11.15,-0.6277,-7.1338,-20.3984,-0.0458,-0.0186,0.0635
DRI,2024-08-16,8.88,9.44,8.88,9.44,636857,8.94,9.47,11.09,5.5381,-0.3558,-14.9093,0.0866,0.0386,0.0607
DRI,2024-08-19,9.44,9.72,9.44,9.72,485649,9.05,9.45,11.03,7.3271,2.8592,-11.888,0.1491,0.0642,0.0689
DRI,2024-08-20,9.72,10.18,9.72,10.09,870246,9.17,9.46,10.97,9.9797,6.7157,-7.982,0.1317,0.0591,0.0765
DRI,2024-08-21,9.53,10.09,9.53,10.09,280738,9.31,9.46,10.91,8.4338,6.7188,-7.49,0.0681,0.0291,0.078
DRI,2024-08-22,10.0,10.28,9.9,10.0,333597,9.45,9.45,10.85,5.8357,5.8368,-7.8536,-0.0569,-0.0268,0.0762
DRI,2024-08-23,9.9,10.09,9.81,10.09,312861,9.58,9.43,10.8,5.3659,6.9837,-6.5998,0.0952,0.0471,0.0812
DRI,2024-08-26,10.0,10.28,9.81,9.9,506971,9.64,9.4,10.76,2.7131,5.3154,-7.9403,-0.0747,-0.0313,0.0785
DRI,2024-08-27,9.9,10.0,9.62,9.9,510653,9.72,9.39,10.71,1.923,5.4726,-7.5162,0.0882,0.0351,0.084
DRI,2024-08-28,9.9,10.56,9.9,10.37,910895,9.85,9.41,10.67,5.3131,10.2284,-2.8239,0.1234,0.0615,0.092
DRI,2024-08-29,10.56,10.56,10.18,10.28,363252,9.99,9.46,10.64,2.8999,8.642,-3.3864,-0.0574,-0.0273,0.0931
DRI,2024-08-30,10.28,10.37,10.18,10.28,397016,10.07,9.51,10.6,2.0408,8.1081,-3.0048,0.0,0.0,0.0845
DRI,2024-09-04,10.18,10.18,9.81,10.0,532936,10.1,9.58,10.55,-1.0176,4.3902,-5.2584,-0.0,-0.0,0.0696
DRI,2024-09-05,10.0,10.0,9.81,9.9,340891,10.08,9.63,10.51,-1.7609,2.8626,-5.752,0.0,0.0,0.0564
DRI,2024-09-06,9.9,9.9,9.72,9.9,202291,10.06,9.68,10.45,-1.5785,2.2672,-5.2251,0.0702,0.0281,0.0566
DRI,2024-09-09,9.81,10.18,9.81,10.09,408235,10.07,9.76,10.4,0.1856,3.3988,-2.9289,0.1077,0.0469,0.0617
DRI,2024-09-10,10.09,10.28,9.9,10.09,404386,10.07,9.82,10.36,0.1856,2.7105,-2.6211,0.0,0.0,0.0522
DRI,2024-09-11,10.09,10.37,10.09,10.37,781245,10.12,9.88,10.34,2.4931,4.9645,0.3124,0.3098,0.1555,0.0757
DRI,2024-09-12,10.28,10.74,10.28,10.56,584146,10.18,9.95,10.32,3.6697,6.1033,2.3525,0.0583,0.0274,0.0727
DRI,2024-09-13,10.65,10.93,10.46,10.65,364869,10.21,10.03,10.29,4.3001,6.1947,3.4754,-0.0361,-0.017,0.0639
DRI,2024-09-16,10.65,10.74,10.46,10.56,528953,10.24,10.11,10.27,3.1022,4.388,2.839,-0.0553,-0.0248,0.0637
DRI,2024-09-17,10.56,10.84,10.46,10.84,544903,10.3,10.18,10.24,5.2631,6.422,5.7912,0.1429,0.0668,0.078
DRI,2024-09-18,10.93,11.12,10.74,10.74,690001,10.37,10.24,10.22,3.6036,4.9749,5.1194,-0.2715,-0.1149,0.1052
DRI,2024-09-19,10.93,11.02,10.65,10.74,323503,10.45,10.27,10.19,2.7703,4.6406,5.4736,-0.0684,-0.0321,0.112
DRI,2024-09-20,10.74,11.02,10.65,10.84,507817,10.55,10.31,10.16,2.7458,5.1677,6.6544,-0.0,-0.0,0.105
DRI,2024-09-23,10.84,10.93,10.74,10.84,218549,10.62,10.35,10.14,2.0228,4.7404,6.8618,0.0,0.0,0.0942
DRI,2024-09-24,10.84,11.02,10.74,11.02,434422,10.72,10.39,10.12,2.8771,6.0675,8.9151,0.1288,0.0631,0.1071
DRI,2024-09-25,11.02,11.21,10.93,11.02,534250,10.78,10.45,10.1,2.2531,5.4985,9.1266,-0.0381,-0.0187,0.0799
DRI,2024-09-26,11.12,11.59,11.12,11.4,930708,10.87,10.52,10.09,4.9011,8.3001,13.0024,0.042,0.0223,0.0783
DRI,2024-09-27,11.49,11.49,11.12,11.31,465236,10.93,10.57,10.08,3.4188,6.9377,12.1916,-0.0,-0.0,0.0747
DRI,2024-09-30,11.31,11.4,11.12,11.21,381094,11.0,10.62,10.07,1.9541,5.5874,11.3596,-0.0409,-0.02,0.0733
DRI,2024-10-01,11.4,11.68,11.31,11.49,553994,11.06,10.68,10.07,3.8851,7.6115,14.0745,0.0,0.0,0.059
DRI,2024-10-02,11.59,11.87,11.49,11.77,756496,11.17,10.77,10.11,5.4393,9.3275,16.4901,0.0993,0.0573,0.0418
DRI,2024-10-03,11.77,11.87,11.4,11.4,580342,11.23,10.84,10.14,1.4975,5.1271,12.4617,-0.0901,-0.0499,0.0439
DRI,2024-10-04,11.68,11.68,11.21,11.21,401148,11.27,10.91,10.16,-0.4975,2.7837,10.3751,-0.0994,-0.0539,0.0539
DRI,2024-10-07,11.31,11.4,11.21,11.31,318291,11.31,10.97,10.18,-0.0826,3.0665,11.0504,-0.0,-0.0,0.0539
DRI,2024-10-08,11.31,11.4,11.12,11.31,250638,11.34,11.03,10.2,-0.3295,2.499,10.8465,0.022,0.0108,0.0432
DRI,2024-10-09,11.31,11.31,11.12,11.21,227932,11.36,11.07,10.21,-1.3158,1.2658,9.7695,0.0,0.0,0.0394
DRI,2024-10-10,11.31,11.31,10.74,10.93,546738,11.31,11.09,10.23,-3.3857,-1.4322,6.8688,-0.0404,-0.0176,0.0392
DRI,2024-10-11,10.93,11.02,10.74,10.93,393435,11.28,11.1,10.25,-3.0655,-1.5566,6.6739,0.0485,0.021,0.0441
DRI,2024-10-14,10.93,11.21,10.93,11.02,281417,11.26,11.13,10.28,-2.0746,-0.9236,7.2143,-0.0238,-0.0118,0.0424
DRI,2024-10-15,11.12,11.31,11.12,11.12,336250,11.22,11.14,10.32,-0.9159,-0.2096,7.7508,-0.0782,-0.0405,0.0502
DRI,2024-10-16,11.02,11.21,10.84,11.12,225134,11.16,11.16,10.37,-0.335,-0.3767,7.2266,0.0427,0.0194,0.0445
DRI,2024-10-17,11.02,11.12,10.93,11.12,185656,11.13,11.18,10.41,-0.0839,-0.5432,6.7648,0.0392,0.0202,0.0394
DRI,2024-10-18,11.02,11.21,11.02,11.12,144542,11.12,11.19,10.46,0.0,-0.6678,6.288,0.0,0.0,0.0295
DRI,2024-10-21,11.21,11.59,11.21,11.4,806467,11.13,11.22,10.52,2.4349,1.582,8.3866,0.0,0.0,0.0295
DRI,2024-10-22,11.4,11.4,11.02,11.21,327386,11.12,11.23,10.57,0.8403,-0.1664,6.1196,-0.0,-0.0,0.0273
DRI,2024-10-23,11.21,11.31,11.02,11.21,227382,11.12,11.24,10.6,0.8403,-0.2494,5.7269,0.031,0.0154,0.0304
DRI,2024-10-24,11.21,11.31,11.02,11.02,412474,11.13,11.22,10.64,-0.9236,-1.7485,3.5997,-0.0897,-0.0429,0.0353
DRI,2024-10-25,11.12,11.21,10.93,11.12,212197,11.15,11.21,10.68,-0.2515,-0.8333,4.0756,0.0254,0.0118,0.033
DRI,2024-10-28,11.02,11.21,10.93,11.02,165701,11.15,11.2,10.73,-1.0897,-1.5846,2.7875,-0.0273,-0.0123,0.0333
DRI,2024-10-29,11.12,11.49,11.02,11.02,675574,11.14,11.18,10.76,-1.0067,-1.379,2.484,-0.264,-0.1194,0.0519
DRI,2024-10-30,11.12,11.12,11.02,11.12,186665,11.14,11.15,10.79,-0.1678,-0.2515,3.0839,0.0934,0.0376,0.057
DRI,2024-10-31,11.12,11.12,10.93,11.12,372495,11.14,11.13,10.81,-0.1678,-0.1259,2.8878,0.1646,0.0764,0.0695
DRI,2024-11-01,11.02,11.02,10.74,10.84,291231,11.11,11.11,10.82,-2.4391,-2.4801,0.1554,-0.029,-0.0127,0.0724
DRI,2024-11-04,10.84,10.93,10.46,10.56,488540,11.02,11.08,10.83,-4.2373,-4.6816,-2.5358,-0.0942,-0.0434,0.0819
DRI,2024-11-05,10.56,10.65,10.46,10.56,172620,10.96,11.04,10.84,-3.6658,-4.3589,-2.6198,0.0,0.0,0.0819
DRI,2024-11-06,10.65,10.84,10.65,10.84,318861,10.92,11.02,10.86,-0.7699,-1.6533,-0.2065,0.0992,0.0448,0.0887
DRI,2024-11-07,10.84,10.84,10.74,10.84,103287,10.9,11.02,10.88,-0.5999,-1.6116,-0.3779,0.037,0.0178,0.0834
DRI,2024-11-08,10.84,11.02,10.84,10.93,232906,10.88,11.02,10.89,0.4291,-0.7634,0.3774,-0.0,-0.0,0.0809
DRI,2024-11-11,10.84,11.4,10.84,11.31,966257,10.91,11.03,10.91,3.5959,2.4989,3.6136,0.1727,0.0745,0.0954
DRI,2024-11-12,11.4,11.49,11.21,11.21,439848,10.93,11.03,10.93,2.5641,1.6088,2.5817,-0.135,-0.0618,0.0825
DRI,2024-11-13,11.21,11.4,11.02,11.4,769260,10.96,11.05,10.96,4.0068,3.1712,4.0246,0.2596,0.1213,0.0991
DRI,2024-11-14,11.21,11.68,11.21,11.4,1195081,10.99,11.06,10.99,3.7415,3.0405,3.7415,-0.0607,-0.0294,0.0887
DRI,2024-11-15,11.4,11.4,11.02,11.12,376267,11.02,11.06,11.01,0.933,0.5068,0.9673,-0.0479,-0.0241,0.0906
DRI,2024-11-18,11.12,11.21,11.02,11.12,494309,11.07,11.05,11.03,0.422,0.6343,0.7792,0.0,0.0,0.0812
DRI,2024-11-19,11.21,11.4,11.12,11.12,559653,11.13,11.04,11.05,-0.0839,0.6768,0.5917,-0.1664,-0.0709,0.0978
DRI,2024-11-20,11.21,11.21,10.84,11.12,341572,11.16,11.04,11.07,-0.335,0.7194,0.4559,0.0652,0.0276,0.0944
DRI,2024-11-21,11.21,11.31,11.02,11.31,195717,11.2,11.05,11.08,0.9174,2.2823,2.0064,0.0738,0.0351,0.0981
DRI,2024-11-22,11.31,11.77,11.31,11.77,1491661,11.29,11.09,11.11,4.3046,6.1947,6.007,0.5626,0.3109,0.1544
DRI,2024-11-25,11.77,12.43,11.77,11.96,1099695,11.35,11.13,11.13,5.3498,7.4276,7.4186,-0.2073,-0.1125,0.1578
DRI,2024-11-26,12.34,12.34,11.76,11.86,661157,11.42,11.17,11.15,3.8803,6.1358,6.3297,-0.1881,-0.1023,0.1632
DRI,2024-11-27,11.96,12.15,11.76,12.05,599425,11.48,11.22,11.18,4.9682,7.4126,7.8058,0.1607,0.0803,0.1533
DRI,2024-11-28,12.05,12.25,11.96,12.25,644716,11.57,11.28,11.21,5.8669,8.5858,9.2374,0.2995,0.1608,0.1772
DRI,2024-11-29,12.25,12.25,11.96,12.15,372982,11.67,11.34,11.24,4.1057,7.1083,8.1244,0.0485,0.0235,0.1772
DRI,2024-12-02,12.15,12.15,11.86,11.96,618558,11.75,11.41,11.26,1.723,4.7624,6.1967,-0.1266,-0.0598,0.1899
DRI,2024-12-03,12.15,12.44,11.86,12.05,354711,11.85,11.49,11.28,1.7347,4.9201,6.8581,-0.0365,-0.0201,0.1769
DRI,2024-12-04,12.05,12.15,11.96,12.05,448847,11.94,11.55,11.3,0.9387,4.3684,6.6637,0.0,0.0,0.1704
DRI,2024-12-05,12.15,12.73,12.05,12.53,1393679,12.06,11.63,11.32,3.9064,7.7516,10.7077,0.0834,0.0483,0.1713
DRI,2024-12-06,12.53,12.73,12.44,12.53,524790,12.14,11.71,11.35,3.2539,7.0142,10.4678,-0.0501,-0.0283,0.1201
DRI,2024-12-09,12.63,12.82,12.53,12.63,610595,12.21,11.78,11.38,3.4755,7.2305,11.0397,-0.0844,-0.0505,0.1078
DRI,2024-12-10,12.63,12.82,12.25,12.44,501179,12.26,11.84,11.39,1.4151,5.0465,9.1629,-0.063,-0.0361,0.0953
DRI,2024-12-11,12.44,12.63,12.34,12.53,393128,12.31,11.9,11.41,1.8011,5.3554,9.8621,0.0584,0.0333,0.0851
DRI,2024-12-12,12.63,13.31,12.63,13.02,1407135,12.39,11.98,11.44,5.0584,8.6686,13.7649,0.0715,0.0401,0.0623
DRI,2024-12-13,12.53,13.11,12.53,12.73,487779,12.45,12.06,11.47,2.2463,5.5448,10.9428,-0.0835,-0.0458,0.0658
DRI,2024-12-16,12.73,12.73,12.44,12.53,694792,12.51,12.13,11.5,0.2313,3.3388,9.0282,-0.1268,-0.0726,0.0658
DRI,2024-12-17,12.53,12.92,12.53,12.82,510715,12.58,12.21,11.53,1.9157,4.9854,11.2503,0.1482,0.0739,0.0769
DRI,2024-12-18,12.82,12.82,12.25,12.53,990708,12.63,12.29,11.55,-0.7634,2.0258,8.4919,-0.0,-0.0,0.0769
DRI,2024-12-19,12.34,12.34,12.15,12.15,853409,12.59,12.33,11.58,-3.5222,-1.4519,4.9325,-0.2499,-0.1351,0.0936
DRI,2024-12-20,12.15,12.34,11.86,12.34,1200785,12.57,12.36,11.61,-1.8405,-0.1183,6.339,0.3849,0.2341,0.1271
DRI,2024-12-23,12.34,12.63,12.15,12.53,653919,12.56,12.39,11.64,-0.2302,1.2067,7.7203,0.1798,0.0977,0.1366
DRI,2024-12-24,12.53,12.73,12.34,12.44,1267375,12.56,12.41,11.66,-0.9977,0.1942,6.6498,-0.1997,-0.1131,0.1503
DRI,2024-12-25,12.53,12.63,12.25,12.44,829267,12.55,12.43,11.69,-0.9217,0.0388,6.4089,-0.0,-0.0,0.1444
DRI,2024-12-26,12.34,12.44,11.96,12.15,1018507,12.47,12.43,11.71,-2.5522,-2.2498,3.7513,-0.068,-0.0384,0.1441
DRI,2024-12-27,12.15,12.25,11.86,12.05,660248,12.4,12.42,11.73,-2.7994,-2.988,2.7639,0.0,0.0,0.1357
DRI,2024-12-30,12.05,12.15,11.96,12.05,410043,12.35,12.43,11.74,-2.42,-3.0256,2.6495,0.0,0.0,0.1231
DRI,2024-12-31,12.05,12.15,12.05,12.15,200651,12.28,12.43,11.76,-1.0989,-2.2877,3.3057,0.0754,0.0385,0.1158
DRI,2025-01-02,12.25,12.44,12.05,12.34,932366,12.26,12.45,11.78,0.6289,-0.8521,4.7442,0.2899,0.1468,0.1448
DRI,2025-01-03,12.34,12.34,11.96,12.15,498806,12.26,12.43,11.81,-0.9434,-2.2498,2.9112,0.0,0.0,0.1198
DRI,2025-01-06,12.15,12.25,11.67,11.76,592015,12.21,12.39,11.82,-3.6335,-5.0584,-0.4645,-0.1297,-0.068,0.0943
DRI,2025-01-07,11.86,11.96,11.47,11.67,733806,12.12,12.34,11.83,-3.7391,-5.4688,-1.3875,-0.053,-0.0274,0.0816
DRI,2025-01-08,11.67,11.67,11.38,11.57,505539,12.03,12.3,11.84,-3.8462,-5.9192,-2.2926,0.0833,0.0428,0.0699
DRI,2025-01-09,11.57,11.67,11.38,11.57,265004,11.95,12.25,11.85,-3.1477,-5.549,-2.3672,0.051,0.0276,0.075
DRI,2025-01-10,11.96,11.96,11.38,11.38,263127,11.87,12.17,11.86,-4.143,-6.4976,-4.0364,-0.073,-0.04,0.0755
DRI,2025-01-13,11.38,11.47,11.18,11.47,286972,11.81,12.11,11.87,-2.8571,-5.217,-3.3268,0.1144,0.0596,0.087
DRI,2025-01-14,11.38,11.47,11.28,11.47,227702,11.75,12.05,11.89,-2.379,-4.8,-3.4759,0.1156,0.0621,0.0985
DRI,2025-01-15,11.38,11.57,11.38,11.57,247929,11.7,11.99,11.91,-1.0717,-3.4982,-2.8303,0.1072,0.0621,0.1017
DRI,2025-01-16,11.47,11.76,11.47,11.57,188803,11.62,11.94,11.92,-0.4149,-3.1086,-2.9497,-0.0303,-0.0158,0.0757
DRI,2025-01-17,11.57,11.76,11.57,11.76,335657,11.58,11.92,11.94,1.582,-1.3344,-1.4851,0.1687,0.0844,0.0926
DRI,2025-01-20,11.76,12.15,11.76,12.15,995049,11.62,11.91,11.96,4.5643,1.983,1.5378,0.5163,0.2927,0.1313
DRI,2025-01-21,12.15,12.63,12.15,12.34,1186944,11.69,11.9,11.99,5.6106,3.6857,2.9711,-0.1265,-0.0756,0.1386
DRI,2025-01-22,12.34,12.34,12.05,12.15,335085,11.74,11.89,12.0,3.4483,2.1898,1.2039,-0.0398,-0.023,0.1343
DRI,2025-01-23,12.15,12.82,12.05,12.34,909528,11.82,11.88,12.02,4.4046,3.854,2.649,-0.0881,-0.0459,0.138
DRI,2025-01-24,12.34,12.44,12.05,12.15,518555,11.9,11.88,12.04,2.107,2.2312,0.9192,-0.0954,-0.0502,0.1402
DRI,2025-02-03,12.25,12.25,11.96,12.15,570642,11.97,11.89,12.06,1.531,2.1898,0.7467,0.08,0.0348,0.1368
DRI,2025-02-04,12.15,12.44,11.96,12.34,734062,12.05,11.9,12.08,2.4,3.6857,2.1386,0.1361,0.0885,0.1388
DRI,2025-02-05,12.34,12.53,12.25,12.44,764362,12.14,11.92,12.11,2.4623,4.3689,2.7121,0.0856,0.0513,0.1367
DRI,2025-02-06,12.44,12.92,12.34,12.73,1399039,12.25,11.94,12.14,3.8552,6.6236,4.8222,0.1893,0.1121,0.1526
DRI,2025-02-07,12.73,13.21,12.73,12.82,1717236,12.36,11.97,12.17,3.7441,7.1285,5.3528,-0.3555,-0.2035,0.1712
DRI,2025-02-10,12.82,12.92,12.25,12.25,1066747,12.37,11.99,12.18,-1.0133,2.09,0.5219,-0.2641,-0.1318,0.146
DRI,2025-02-11,12.34,12.44,12.15,12.25,600313,12.36,12.02,12.19,-0.936,1.8444,0.4747,-0.074,-0.0376,0.1408
DRI,2025-02-12,12.25,12.44,12.15,12.25,624298,12.37,12.06,12.2,-1.0133,1.5594,0.4111,-0.0795,-0.0462,0.1448
DRI,2025-02-13,12.44,12.92,12.25,12.73,1402918,12.41,12.12,12.21,2.5641,5.0537,4.2489,0.2252,0.1212,0.1585
DRI,2025-02-14,12.92,13.21,12.92,13.02,1540217,12.5,12.2,12.22,4.1667,6.7194,6.4837,-0.1378,-0.08,0.1627
DRI,2025-02-17,13.11,14.95,13.11,14.08,13290596,12.69,12.33,12.26,10.9422,14.1963,14.7979,0.174,0.1173,0.1721
DRI,2025-02-18,14.17,16.29,14.17,15.43,2471049,13.0,12.52,12.33,18.6944,23.1717,25.0977,0.1529,0.1202,0.1738
DRI,2025-02-19,15.43,16.29,14.75,15.04,3326105,13.26,12.7,12.39,13.4545,18.451,21.3819,-0.4713,-0.3637,0.2124
DRI,2025-02-20,14.95,15.81,14.85,15.14,4866447,13.5,12.88,12.45,12.1429,17.559,21.5547,-0.5436,-0.3772,0.2478
DRI,2025-02-21,15.14,15.62,14.95,15.04,2602433,13.72,13.04,12.5,9.6275,15.342,20.2961,-0.6079,-0.4288,0.273
DRI,2025-02-24,15.04,15.52,15.04,15.23,2612515,14.02,13.2,12.56,8.6657,15.4549,21.3145,-0.1134,-0.0769,0.258
DRI,2025-02-25,15.23,16.2,15.14,16.1,4665439,14.41,13.38,12.63,11.7805,20.317,27.5199,0.983,0.7782,0.3489
DRI,2025-02-26,16.1,16.39,15.72,15.81,2207639,14.76,13.57,12.69,7.1195,16.5601,24.5633,-0.4089,-0.3185,0.3818
DRI,2025-02-27,15.72,15.91,15.23,15.72,2673682,15.06,13.74,12.76,4.3534,14.4261,23.1862,0.208,0.1582,0.3801
DRI,2025-02-28,15.72,15.81,15.33,15.52,1757304,15.31,13.9,12.81,1.3854,11.6505,21.1984,-0.0874,-0.0645,0.375
DRI,2025-03-03,15.52,15.72,15.23,15.43,1955604,15.45,14.07,12.86,-0.1248,9.6642,19.94,-0.1012,-0.0771,0.3678
DRI,2025-03-04,15.43,15.81,14.95,15.33,2475255,15.44,14.22,12.92,-0.6871,7.8332,18.6744,-0.0735,-0.0495,0.3598
DRI,2025-03-05,15.23,15.33,14.95,14.95,1238018,15.43,14.34,12.96,-3.125,4.2017,15.3102,-0.1962,-0.1398,0.3323
DRI,2025-03-06,14.95,15.33,14.95,15.23,1442714,15.44,14.47,13.01,-1.3117,5.2982,17.0544,0.0941,0.0724,0.2874
DRI,2025-03-07,15.23,15.62,15.14,15.23,1313740,15.46,14.59,13.08,-1.4348,4.4283,16.502,-0.1625,-0.122,0.2428
DRI,2025-03-10,15.33,15.72,14.95,15.23,1444654,15.46,14.74,13.13,-1.4348,3.3693,15.9888,-0.0777,-0.053,0.2393
DRI,2025-03-11,15.14,15.72,14.85,15.72,2540818,15.42,14.91,13.2,1.9387,5.3993,19.0824,0.4271,0.3082,0.1837
DRI,2025-03-12,15.72,16.01,15.33,15.52,1050804,15.39,15.08,13.26,0.8772,2.9741,17.0739,-0.0835,-0.0594,0.1511
DRI,2025-03-13,15.43,15.52,14.85,15.04,2564285,15.32,15.19,13.31,-1.825,-0.9838,12.9944,-0.1802,-0.127,0.1483
DRI,2025-03-14,15.04,15.52,14.85,14.95,1603157,15.26,15.29,13.37,-2.0846,-2.239,11.8003,-0.2147,-0.1507,0.1611
DRI,2025-03-17,14.95,15.04,13.88,14.08,3658322,15.13,15.29,13.41,-6.9471,-7.9155,4.9907,-0.6519,-0.4131,0.2161
DRI,2025-03-18,14.08,14.27,13.88,14.17,1108434,15.01,15.22,13.45,-5.5877,-6.9031,5.3763,0.1018,0.0688,0.219
DRI,2025-03-19,14.27,14.66,14.08,14.46,1478293,14.96,15.2,13.5,-3.3505,-4.8223,7.1582,0.1226,0.0713,0.2116
DRI,2025-03-20,14.46,14.46,14.17,14.37,600690,14.88,15.16,13.54,-3.4349,-5.2163,6.1254,0.0515,0.0371,0.2073
DRI,2025-03-21,14.37,14.46,14.17,14.37,659224,14.79,15.12,13.58,-2.8683,-5.0048,5.7788,0.0567,0.0417,0.1968
DRI,2025-03-24,14.37,14.56,14.27,14.46,734652,14.71,15.08,13.64,-1.7038,-4.1227,6.067,0.0481,0.0327,0.1938
DRI,2025-03-25,14.56,15.23,14.37,15.14,3009207,14.66,15.04,13.71,3.2895,0.6733,10.4545,0.6482,0.4628,0.2159
DRI,2025-03-26,15.14,15.23,14.85,15.14,973378,14.62,15.0,13.78,3.562,0.8997,9.8824,0.1515,0.0992,0.2227
DRI,2025-03-27,15.04,15.23,14.75,14.95,948877,14.61,14.96,13.84,2.3102,-0.1289,7.9538,-0.0543,-0.0397,0.2101
DRI,2025-03-28,14.95,15.04,14.66,14.75,1057990,14.59,14.93,13.91,1.1236,-1.1628,6.0438,-0.1736,-0.1185,0.206
DRI,2025-03-31,14.75,14.75,13.31,13.6,2763465,14.54,14.83,13.95,-6.4987,-8.3523,-2.5705,-0.3751,-0.2249,0.1783
DRI,2025-04-01,13.98,13.98,13.11,13.31,1375555,14.45,14.73,13.99,-7.9386,-9.6859,-4.8932,-0.2675,-0.1611,0.1949
DRI,2025-04-02,13.5,13.6,13.11,13.21,616733,14.33,14.65,14.02,-7.8062,-9.8091,-5.8031,-0.0931,-0.0603,0.192
DRI,2025-04-03,13.02,13.02,11.38,11.38,2538454,14.03,14.45,14.02,-18.9003,-21.2809,-18.8446,-0.1504,-0.082,0.2019
DRI,2025-04-04,10.41,10.61,9.83,10.32,3105846,13.62,14.21,13.99,-24.2746,-27.3838,-26.2578,0.0547,0.0278,0.2017
DRI,2025-04-08,10.41,10.41,8.58,8.58,2018200,13.04,13.87,13.92,-34.1716,-38.1515,-38.3486,-0.1973,-0.0851,0.2166
DRI,2025-04-09,8.2,8.87,7.81,8.39,1633200,12.36,13.51,13.84,-32.1373,-37.9015,-39.3897,0.0136,0.0063,0.1531
DRI,2025-04-10,9.35,9.35,9.35,9.35,229493,11.78,13.2,13.78,-20.6219,-29.1454,-32.1489,-0.2702,-0.1272,0.165
DRI,2025-04-11,10.61,10.7,9.35,10.12,2837934,11.3,12.95,13.74,-10.4096,-21.8459,-26.3158,0.0294,0.0141,0.1625
DRI,2025-04-14,10.61,10.61,10.12,10.32,1185121,10.86,12.72,13.7,-4.9734,-18.9087,-24.7115,-0.0377,-0.0172,0.1489
DRI,2025-04-15,10.32,10.32,9.45,9.83,1742787,10.48,12.51,13.66,-6.1638,-21.3873,-27.9864,-0.0389,-0.0167,0.1153
DRI,2025-04-16,9.74,10.12,9.74,9.93,885917,10.14,12.3,13.61,-2.0913,-19.2474,-27.0228,0.0,0.0,0.0885
DRI,2025-04-17,9.93,10.03,9.64,9.93,624351,9.82,12.07,13.56,1.1788,-17.7316,-26.753,0.0727,0.0321,0.0865
DRI,2025-04-18,9.93,10.22,9.93,10.12,1779258,9.69,11.86,13.51,4.4776,-14.6341,-25.0428,0.0942,0.0514,0.0809
DRI,2025-04-21,10.32,11.09,10.32,10.61,1752580,9.72,11.67,13.46,9.127,-9.1285,-21.2147,-0.0911,-0.0492,0.0845
DRI,2025-04-22,10.7,10.8,9.64,10.41,1870564,9.9,11.47,13.43,5.1607,-9.2055,-22.4361,0.0681,0.035,0.0716
DRI,2025-04-23,10.51,10.8,10.51,10.61,1047177,10.12,11.24,13.39,4.7619,-5.6604,-20.8063,-0.0872,-0.0429,0.0789
DRI,2025-04-24,10.8,11.18,10.7,10.99,1339067,10.29,11.04,13.37,6.8416,-0.3932,-17.7726,0.0774,0.0393,0.0597
DRI,2025-04-25,11.09,11.28,10.8,10.9,1158886,10.37,10.83,13.33,5.1163,0.5785,-18.2699,-0.1354,-0.0629,0.0703
DRI,2025-04-28,10.9,10.99,10.61,10.7,1268151,10.4,10.63,13.28,2.873,0.6803,-19.4368,-0.2115,-0.1091,0.0877
DRI,2025-04-29,10.8,10.9,10.61,10.8,508321,10.5,10.49,13.22,2.8466,2.9412,-18.3078,0.055,0.028,0.0893
DRI,2025-05-05,10.8,11.28,10.8,10.99,1197803,10.61,10.37,13.13,3.6364,5.948,-16.2873,-0.065,-0.0337,0.0958
DRI,2025-05-06,10.99,11.28,10.99,11.09,1029844,10.72,10.27,13.05,3.4173,7.9812,-15.0414,-0.0702,-0.0432,0.0955
DRI,2025-05-07,11.09,11.18,10.99,11.09,645998,10.82,10.25,12.97,2.4955,8.1335,-14.5109,0.0,0.0,0.0861
DRI,2025-05-08,11.09,11.96,11.09,11.57,2147255,10.91,10.32,12.9,6.0071,12.1495,-10.3139,0.0579,0.0283,0.0828
DRI,2025-05-09,11.76,11.76,11.28,11.38,824694,11.01,10.46,12.82,3.3275,8.8059,-11.2782,-0.1259,-0.0724,0.0886
DRI,2025-05-12,11.47,11.76,11.28,11.67,1456678,11.12,10.62,12.74,4.9436,9.8502,-8.3889,0.1589,0.0877,0.0957
DRI,2025-05-13,11.76,11.76,11.47,11.67,1150272,11.18,10.74,12.65,4.3103,8.6664,-7.7884,0.0799,0.0421,0.096
DRI,2025-05-14,11.76,11.86,11.38,11.57,1375243,11.25,10.81,12.57,2.8278,7.0473,-7.9472,-0.0548,-0.0255,0.0879
DRI,2025-05-15,11.57,11.57,11.28,11.47,1130558,11.33,10.87,12.49,1.2766,5.5901,-8.1223,0.0749,0.0424,0.0742
DRI,2025-05-16,11.67,11.67,11.28,11.38,848332,11.39,10.94,12.41,-0.0847,3.9648,-8.2997,-0.0655,-0.0362,0.0753
DRI,2025-05-19,11.38,11.57,11.18,11.38,1548882,11.43,11.02,12.33,-0.4219,3.2823,-7.7116,0.0,0.0,0.0688
DRI,2025-05-20,11.38,11.47,11.18,11.38,563285,11.45,11.09,12.26,-0.6734,2.6087,-7.1743,0.0377,0.0187,0.0656
DRI,2025-05-21,11.38,11.38,10.99,11.09,1346911,11.45,11.14,12.17,-3.1987,-0.4329,-8.9181,-0.1226,-0.0633,0.0778
DRI,2025-05-22,10.99,11.18,10.99,11.09,861839,11.41,11.16,12.09,-2.7895,-0.6479,-8.2935,0.0,0.0,0.072
DRI,2025-05-23,11.09,11.09,10.9,11.09,746229,11.38,11.19,12.01,-2.5424,-0.9475,-7.6602,0.1847,0.1026,0.0779
DRI,2025-05-26,10.99,11.57,10.9,11.47,1987591,11.36,11.24,11.92,1.0187,2.1021,-3.7684,0.1916,0.1031,0.0812
DRI,2025-05-27,11.57,11.67,11.38,11.57,1202462,11.35,11.27,11.84,1.9541,2.6958,-2.312,0.0718,0.041,0.0804
DRI,2025-05-28,11.67,11.67,11.47,11.57,1269187,11.35,11.3,11.77,1.9541,2.3891,-1.736,0.0,0.0,0.0749
DRI,2025-05-29,11.57,11.96,11.57,11.76,1070632,11.38,11.35,11.71,3.3898,3.6093,0.4446,0.0,0.0,0.0674
DRI,2025-05-30,11.76,11.76,11.28,11.38,1319985,11.38,11.38,11.66,0.0,-0.0424,-2.3987,-0.1336,-0.0701,0.0742
DRI,2025-06-02,11.38,11.38,11.09,11.38,763014,11.38,11.4,11.6,0.0,-0.2114,-1.9282,0.1256,0.0818,0.0868
DRI,2025-06-03,11.28,11.47,11.28,11.38,770255,11.38,11.42,11.54,0.0,-0.3378,-1.4037,0.0,0.0,0.083
DRI,2025-06-04,11.47,11.96,11.47,11.76,2353867,11.45,11.45,11.49,2.7801,2.7368,2.4005,0.085,0.0484,0.0792
DRI,2025-06-05,11.76,12.63,11.67,12.44,3150030,11.58,11.49,11.45,7.4105,8.2215,8.6407,0.3991,0.2332,0.1192
DRI,2025-06-06,12.34,12.73,12.34,12.53,2753549,11.72,11.55,11.41,6.9079,8.5142,9.853,-0.0,-0.0,0.1007
DRI,2025-06-09,12.53,12.82,12.05,12.15,1609687,11.79,11.58,11.35,3.0253,4.9563,7.0336,-0.2382,-0.1393,0.1053
DRI,2025-06-10,12.34,12.34,11.96,12.05,1448332,11.84,11.59,11.29,1.7915,3.9501,6.7646,-0.1898,-0.1073,0.1171
DRI,2025-06-11,12.25,12.25,11.86,12.05,951202,11.89,11.62,11.23,1.3788,3.7344,7.3146,0.0,0.0,0.1171
DRI,2025-06-12,12.05,12.34,12.05,12.15,718196,11.93,11.65,11.18,1.8593,4.2615,8.6769,-0.0567,-0.0327,0.1228
DRI,2025-06-13,12.15,12.15,11.57,11.76,1698249,11.97,11.67,11.14,-1.6922,0.7848,5.5729,-0.1007,-0.0572,0.1195
DRI,2025-06-16,11.76,12.05,11.57,12.05,965375,12.03,11.71,11.12,0.1603,2.9654,8.4128,0.1509,0.0804,0.122
DRI,2025-06-17,11.96,12.25,11.96,12.05,824416,12.1,11.74,11.09,-0.3984,2.6694,8.639,-0.068,-0.0392,0.1288
DRI,2025-06-18,12.34,12.34,11.96,12.05,874291,12.13,11.79,11.11,-0.6359,2.2495,8.5069,-0.0962,-0.0521,0.13
DRI,2025-06-19,12.05,12.53,11.96,12.44,1646814,12.13,11.85,11.15,2.5437,4.9207,11.5531,0.2795,0.1631,0.118
DRI,2025-06-20,12.44,12.63,12.15,12.25,472764,12.1,11.91,11.22,1.1952,2.7924,9.1065,-0.0623,-0.0331,0.1242
DRI,2025-06-23,12.25,12.34,11.96,12.25,976719,12.11,11.95,11.3,1.1146,2.4607,8.3618,0.1235,0.0635,0.1127
DRI,2025-06-24,12.25,12.34,12.15,12.25,726579,12.13,11.99,11.36,0.9539,2.1722,7.8098,0.0,0.0,0.0938
DRI,2025-06-25,12.25,12.82,12.15,12.53,2462607,12.18,12.03,11.41,2.9295,4.1667,9.8901,0.0723,0.041,0.101
DRI,2025-06-26,12.53,12.73,12.34,12.53,803022,12.22,12.07,11.45,2.6046,3.8339,9.4645,-0.0,-0.0,0.0953
DRI,2025-06-27,12.53,12.53,12.34,12.34,809313,12.27,12.12,11.5,0.5499,1.8298,7.3105,-0.1911,-0.1027,0.1044
DRI,2025-06-30,12.44,12.73,12.34,12.73,1337736,12.34,12.19,11.56,3.125,4.4304,10.1285,0.3284,0.1858,0.1221
DRI,2025-07-01,12.73,12.92,12.44,12.63,1188741,12.4,12.25,11.61,1.8663,3.109,8.7859,-0.066,-0.0355,0.1219
DRI,2025-07-02,12.63,13.02,12.53,12.73,2003336,12.47,12.3,11.66,2.0882,3.4888,9.127,-0.0663,-0.0393,0.1189
DRI,2025-07-03,12.82,12.82,12.34,12.44,2591416,12.47,12.3,11.7,-0.232,1.1368,6.3128,-0.2988,-0.1588,0.1209
DRI,2025-07-04,12.53,12.53,12.25,12.44,1160844,12.49,12.29,11.74,-0.3861,1.1765,5.9461,0.1095,0.0583,0.1256
DRI,2025-07-07,12.44,12.53,12.34,12.44,789655,12.51,12.31,11.78,-0.5397,1.0576,5.6165,-0.0,-0.0,0.1132
DRI,2025-07-08,12.44,12.53,12.34,12.53,890243,12.53,12.33,11.81,0.0,1.6419,6.1571,0.1454,0.0827,0.1278
DRI,2025-07-09,12.53,12.63,12.34,12.53,1044505,12.53,12.36,11.84,0.0,1.4436,5.8632,0.0478,0.0266,0.1253
DRI,2025-07-10,12.53,12.63,12.44,12.63,1153140,12.54,12.38,11.88,0.6918,2.0249,6.3312,0.1951,0.1093,0.1448
DRI,2025-07-11,12.63,12.73,12.44,12.63,1468329,12.57,12.42,11.92,0.4601,1.6686,6.0042,0.0774,0.0412,0.1335
DRI,2025-07-14,12.63,12.63,12.34,12.53,1031393,12.55,12.45,11.95,-0.1536,0.6971,4.9233,0.0449,0.0271,0.1051
DRI,2025-07-15,12.63,12.63,12.44,12.53,974092,12.54,12.47,11.98,-0.0769,0.5025,4.6699,0.0,0.0,0.0985
DRI,2025-07-16,12.34,12.53,12.34,12.53,1095112,12.52,12.5,12.0,0.077,0.3086,4.4177,0.1447,0.0908,0.1064
DRI,2025-07-17,12.53,12.92,12.53,12.92,2306275,12.57,12.52,12.03,2.7607,3.196,7.389,0.3118,0.1717,0.1077
DRI,2025-07-18,12.92,13.31,12.82,13.21,2879142,12.65,12.57,12.07,4.4207,5.1016,9.4599,0.2204,0.1313,0.1187
DRI,2025-07-21,13.11,13.5,12.92,13.11,1534664,12.72,12.61,12.1,3.1084,3.9755,8.4011,-0.0558,-0.0324,0.1243
DRI,2025-07-22,12.92,13.31,12.82,13.21,1454030,12.79,12.66,12.13,3.3183,4.3412,8.9203,0.0859,0.047,0.1184
DRI,2025-07-23,13.31,13.31,13.02,13.21,1066167,12.85,12.69,12.16,2.7757,4.0638,8.6267,0.0445,0.0234,0.1181
DRI,2025-07-24,13.21,13.4,13.11,13.4,2194559,12.93,12.74,12.2,3.654,5.2233,9.8641,0.3176,0.1796,0.1303
DRI,2025-07-25,13.4,13.6,13.21,13.4,1571201,13.01,12.79,12.24,3.0393,4.787,9.5006,0.0,0.0,0.1226
DRI,2025-07-28,13.4,13.79,13.31,13.5,2133137,13.1,12.83,12.28,3.0169,5.2236,9.9074,-0.0344,-0.0214,0.1215
DRI,2025-07-29,13.9,14.0,12.7,13.0,2736870,13.15,12.85,12.31,-1.1408,1.1899,5.5672,-0.0538,-0.03,0.1269
DRI,2025-07-30,12.9,13.1,12.7,13.0,1130453,13.2,12.86,12.35,-1.4895,1.0827,5.2405,0.0498,0.0286,0.1174
DRI,2025-07-31,12.9,13.1,12.7,13.0,864377,13.2,12.89,12.39,-1.5489,0.8624,4.9157,0.0425,0.0228,0.0905
DRI,2025-08-01,12.9,12.9,12.4,12.7,1958609,13.15,12.9,12.42,-3.4483,-1.5652,2.2287,0.0476,0.0233,0.0732
DRI,2025-08-04,12.7,12.8,12.4,12.8,918611,13.12,12.92,12.45,-2.4559,-0.929,2.8141,0.0867,0.0472,0.0763
DRI,2025-08-05,12.7,12.9,12.4,12.6,1706038,13.06,12.92,12.47,-3.5319,-2.5017,1.0405,-0.0353,-0.0173,0.0712
DRI,2025-08-06,12.7,12.8,12.5,12.7,1658919,13.01,12.93,12.49,-2.3855,-1.7907,1.6583,0.0765,0.0344,0.0744
DRI,2025-08-07,12.7,12.9,12.6,12.8,1159879,12.95,12.94,12.51,-1.1592,-1.0821,2.289,0.0378,0.0208,0.0465
DRI,2025-08-08,12.9,13.0,12.6,12.9,1215752,12.9,12.95,12.54,0.0009,-0.4128,2.8379,0.0611,0.0316,0.0526
DRI,2025-08-11,12.9,13.3,12.7,13.2,2001200,12.87,12.99,12.58,2.5641,1.6421,4.9246,0.1521,0.0727,0.0643
DRI,2025-08-12,13.2,13.3,12.9,13.1,1002600,12.88,13.02,12.61,1.7081,0.653,3.8453,-0.0,-0.0,0.0589
DRI,2025-08-13,13.1,13.2,12.6,12.9,1234000,12.87,13.03,12.64,0.2331,-1.0226,2.0759,0.0,0.0,0.054
DRI,2025-08-14,12.9,12.9,12.6,12.8,1853100,12.85,13.03,12.64,-0.3891,-1.7445,1.2267,0.0659,0.0303,0.0563
DRI,2025-08-15,12.8,12.8,12.5,12.6,1064300,12.84,13.0,12.65,-1.8692,-3.053,-0.3653,-0.0305,-0.0136,0.0546
DRI,2025-08-18,12.6,12.8,12.5,12.6,660700,12.82,12.97,12.66,-1.7161,-2.8612,-0.4363,-0.0244,-0.0114,0.0484
DRI,2025-08-19,12.6,12.6,12.4,12.5,1198700,12.81,12.94,12.66,-2.42,-3.3679,-1.2963,0.0,0.0,0.0448
DRI,2025-08-20,12.5,12.6,12.0,12.4,1208500,12.78,12.9,12.67,-2.9734,-3.84,-2.1397,0.0351,0.0153,0.0407
DRI,2025-08-21,12.4,12.4,12.1,12.2,1096800,12.72,12.84,12.67,-4.0881,-4.9478,-3.7258,-0.0342,-0.0151,0.0403
DRI,2025-08-22,12.2,12.2,11.6,11.7,1271300,12.6,12.75,12.67,-7.1429,-8.2349,-7.6623,-0.0601,-0.0271,0.0402
DRI,2025-08-25,11.8,11.9,11.6,11.7,555100,12.45,12.66,12.66,-6.0241,-7.5829,-7.6108,-0.0169,-0.0078,0.0267
DRI,2025-08-26,11.7,12.0,11.6,12.0,628100,12.34,12.61,12.66,-2.7553,-4.8374,-5.234,0.0515,0.0223,0.0319
DRI,2025-08-27,12.0,12.1,11.8,12.1,583400,12.26,12.57,12.66,-1.3051,-3.7008,-4.4515,0.0554,0.0231,0.0374
DRI,2025-08-28,12.0,12.3,12.0,12.1,356200,12.19,12.52,12.66,-0.7383,-3.3546,-4.4004,-0.0173,-0.0071,0.0325
DRI,2025-08-29,12.1,12.1,11.9,12.0,310800,12.13,12.48,12.65,-1.0717,-3.8847,-5.1537,0.0,0.0,0.0295
DRI,2025-09-03,12.0,12.0,11.8,12.0,407000,12.07,12.44,12.65,-0.58,-3.5757,-5.1169,0.0529,0.023,0.0323
DRI,2025-09-04,12.0,12.1,11.9,12.0,359700,12.02,12.42,12.64,-0.1664,-3.3427,-5.0801,0.0,0.0,0.0323
DRI,2025-09-05,12.1,12.3,12.0,12.1,847300,11.99,12.38,12.63,0.9174,-2.3012,-4.2233,-0.0179,-0.008,0.0306
DRI,2025-09-08,12.2,12.2,11.8,11.8,384300,11.95,12.34,12.62,-1.2552,-4.3373,-6.4891,-0.0239,-0.0107,0.0296
DRI,2025-09-09,11.9,12.0,11.7,12.0,423500,11.98,12.29,12.61,0.1669,-2.3596,-4.8527,0.0644,0.0276,0.03
DRI,2025-09-10,12.0,12.0,11.8,11.9,195500,12.0,12.22,12.6,-0.8333,-2.6585,-5.5216,0.0,0.0,0.0283
DRI,2025-09-11,11.9,12.0,11.7,11.9,687800,11.99,12.16,12.58,-0.7506,-2.1784,-5.4118,0.0255,0.0106,0.0257
DRI,2025-09-12,11.8,12.1,11.8,12.0,684100,11.98,12.12,12.57,0.1669,-0.9901,-4.5065,0.0367,0.0153,0.0238
DRI,2025-09-15,12.0,12.2,11.9,12.2,470000,11.99,12.09,12.56,1.7515,0.9098,-2.8781,0.0734,0.0294,0.0295
DRI,2025-09-16,12.1,12.3,12.0,12.2,698500,12.01,12.07,12.56,1.582,1.0771,-2.8413,0.0287,0.0123,0.0323
DRI,2025-09-17,12.2,12.3,11.9,12.1,418500,12.02,12.04,12.55,0.6656,0.4566,-3.5858,-0.0,-0.0,0.027
DRI,2025-09-18,12.0,12.1,11.8,11.9,333000,12.01,12.01,12.54,-0.9159,-0.9571,-5.0834,-0.0292,-0.0114,0.0299
DRI,2025-09-19,11.9,12.0,11.7,11.9,356800,11.99,11.99,12.52,-0.7506,-0.7506,-4.9872,0.0224,0.0087,0.0304
DRI,2025-09-22,11.9,11.9,11.6,11.8,676300,11.99,11.97,12.51,-1.5847,-1.4202,-5.6604,0.0336,0.0137,0.0314
DRI,2025-09-23,11.7,11.8,11.5,11.6,263300,11.95,11.96,12.49,-2.9289,-3.0506,-7.1063,-0.0194,-0.0085,0.0269
DRI,2025-09-24,11.6,11.9,11.6,11.9,226900,11.95,11.98,12.47,-0.4184,-0.6263,-4.6069,0.0261,0.0116,0.0295
DRI,2025-09-25,11.8,11.9,11.7,11.8,410100,11.94,11.96,12.46,-1.1725,-1.379,-5.297,0.0,0.0,0.0269
DRI,2025-09-26,11.8,11.9,11.7,11.8,187900,11.92,11.95,12.45,-1.0067,-1.2552,-5.1852,0.0,0.0,0.0233
DRI,2025-09-29,11.8,11.8,11.6,11.7,218100,11.87,11.93,12.42,-1.4322,-1.9279,-5.804,-0.0,-0.0,0.0159
DRI,2025-09-30,11.6,11.7,11.4,11.5,432400,11.8,11.9,12.39,-2.5424,-3.4019,-7.1586,-0.0272,-0.011,0.0158
DRI,2025-10-01,11.5,11.6,11.4,11.5,207300,11.74,11.88,12.35,-2.0443,-3.1987,-6.9162,0.0,0.0,0.0158
DRI,2025-10-02,11.5,11.6,11.4,11.5,154200,11.7,11.86,12.32,-1.7094,-2.9945,-6.6578,0.0,0.0,0.0129
DRI,2025-10-03,11.5,11.5,11.3,11.3,228300,11.64,11.82,12.28,-2.921,-4.3589,-7.996,-0.0424,-0.0194,0.0149
DRI,2025-10-06,11.4,11.5,11.4,11.5,262800,11.61,11.8,12.24,-0.9475,-2.5424,-6.0766,0.0295,0.0118,0.0145
DRI,2025-10-07,11.5,11.5,11.3,11.4,283800,11.59,11.77,12.2,-1.6393,-3.1436,-6.5878,0.0,0.0,0.0125
DRI,2025-10-08,11.4,11.6,11.3,11.5,256500,11.55,11.75,12.16,-0.4329,-2.1277,-5.4587,0.0167,0.0059,0.0116
DRI,2025-10-09,11.4,11.5,11.3,11.5,263900,11.52,11.73,12.13,-0.1736,-1.9608,-5.225,0.0475,0.0173,0.0163
DRI,2025-10-10,11.5,11.5,11.3,11.4,212100,11.48,11.7,12.1,-0.6969,-2.5641,-5.8007,0.0,0.0,0.0163
DRI,2025-10-13,9.7,11.4,9.7,11.3,385300,11.44,11.66,12.07,-1.2238,-3.0459,-6.3639,0.0397,0.0149,0.0203
DRI,2025-10-14,11.3,11.4,11.0,11.0,712800,11.39,11.6,12.03,-3.4241,-5.1315,-8.5923,-0.0703,-0.0246,0.0246
DRI,2025-10-15,11.1,11.1,10.8,11.0,435700,11.34,11.54,12.0,-2.9982,-4.6794,-8.3181,0.0262,0.0085,0.0272
DRI,2025-10-16,10.9,11.2,10.8,10.9,358400,11.28,11.49,11.96,-3.3688,-5.1349,-8.8933,-0.0266,-0.0089,0.0299
DRI,2025-10-17,10.9,11.0,10.5,10.8,180000,11.23,11.44,11.93,-3.829,-5.5531,-9.4416,0.0039,0.0013,0.026
DRI,2025-10-20,10.9,10.9,10.3,10.5,461500,11.13,11.37,11.88,-5.6604,-7.6517,-11.6162,-0.0091,-0.0034,0.024
DRI,2025-10-21,10.5,10.6,10.3,10.5,346300,11.04,11.32,11.83,-4.8913,-7.2028,-11.2576,0.015,0.0054,0.0255
DRI,2025-10-22,10.6,10.7,10.5,10.7,244700,10.96,11.26,11.78,-2.3723,-4.9311,-9.1835,0.0417,0.0152,0.028
DRI,2025-10-23,10.8,11.5,10.7,11.4,717500,10.95,11.24,11.75,4.1096,1.4686,-2.9622,0.1005,0.0389,0.0333
DRI,2025-10-24,11.4,11.6,11.1,11.5,635800,10.96,11.22,11.72,4.927,2.4955,-1.8771,0.072,0.0264,0.0405
DRI,2025-10-27,11.5,11.8,11.4,11.4,569200,10.97,11.21,11.69,3.9198,1.7403,-2.4974,-0.0806,-0.0319,0.0446
DRI,2025-10-28,11.4,11.6,11.2,11.5,316700,11.02,11.21,11.67,4.3557,2.6328,-1.4567,0.0199,0.0072,0.0395
DRI,2025-10-29,11.6,11.8,11.5,11.8,486400,11.1,11.22,11.65,6.3063,5.1693,1.2528,0.1304,0.0571,0.05
DRI,2025-10-30,11.8,12.0,11.6,12.0,610400,11.21,11.24,11.64,7.0473,6.7141,3.0574,0.1127,0.0494,0.0586
DRI,2025-10-31,11.9,12.4,11.8,12.3,1024400,11.36,11.3,11.64,8.2746,8.8977,5.6519,0.1055,0.0427,0.0687
DRI,2025-11-03,12.3,12.3,11.9,12.0,680000,11.51,11.32,11.64,4.2572,6.0071,3.1105,-0.036,-0.0168,0.0714
DRI,2025-11-04,12.0,12.0,11.4,11.9,544400,11.65,11.34,11.64,2.1459,4.892,2.2161,0.0356,0.0166,0.0735
DRI,2025-11-05,11.9,11.9,11.5,11.7,564800,11.75,11.36,11.64,-0.4255,3.0383,0.4982,-0.0,-0.0,0.0693
DRI,2025-11-06,11.9,12.2,11.7,12.0,494800,11.81,11.38,11.64,1.6088,5.4482,3.0751,0.0279,0.012,0.062
DRI,2025-11-07,11.9,12.1,11.8,12.0,747100,11.86,11.41,11.64,1.1804,5.1709,3.0928,0.0404,0.0171,0.0589
DRI,2025-11-10,11.9,12.1,11.8,12.0,283000,11.92,11.44,11.64,0.6711,4.8493,3.1105,0.0261,0.0104,0.0534
DRI,2025-11-11,12.0,12.1,11.9,11.9,263500,11.96,11.49,11.64,-0.5017,3.5683,2.2688,-0.0627,-0.0273,0.0577
DRI,2025-11-12,12.0,12.4,12.0,12.4,945900,12.02,11.56,11.64,3.1614,7.2664,6.4926,0.1948,0.0872,0.0642
DRI,2025-11-13,12.4,12.7,12.3,12.6,875400,12.08,11.64,11.66,4.3046,8.2009,8.0988,0.1071,0.0465,0.0636
DRI,2025-11-14,12.6,12.7,12.4,12.6,539100,12.11,11.74,11.67,4.0462,7.3711,8.0062,0.0525,0.0254,0.0583
DRI,2025-11-17,12.6,13.1,12.6,12.9,946100,12.2,11.86,11.69,5.7377,8.8148,10.3696,0.0453,0.0223,0.0592
DRI,2025-11-18,12.9,12.9,12.6,12.8,389000,12.29,11.97,11.7,4.1497,6.934,9.3643,0.0355,0.016,0.0592
DRI,2025-11-19,12.7,13.1,12.7,12.9,1003500,12.41,12.08,11.72,3.9484,6.7881,10.0307,0.0,0.0,0.0592
DRI,2025-11-20,12.9,13.1,12.8,13.0,684600,12.51,12.16,11.75,3.9169,6.9079,10.676,0.0643,0.0306,0.0629
DRI,2025-11-21,13.0,13.0,12.5,12.7,546700,12.58,12.22,11.76,0.9539,3.928,7.9932,-0.0259,-0.0123,0.0614
DRI,2025-11-24,12.7,13.0,12.7,12.9,773600,12.67,12.3,11.77,1.8153,4.9207,9.5634,0.08,0.0344,0.0668
DRI,2025-11-25,12.9,12.9,12.6,12.7,604600,12.75,12.36,11.78,-0.3922,2.7924,7.7733,-0.042,-0.0193,0.0647
DRI,2025-11-26,12.7,12.8,12.5,12.8,334400,12.79,12.4,11.8,0.0782,3.1842,8.493,0.0684,0.0308,0.0521
DRI,2025-11-27,12.8,13.3,12.7,13.2,1253500,12.85,12.46,11.82,2.7237,5.8965,11.6373,0.238,0.1139,0.0652
DRI,2025-11-28,13.2,13.3,12.9,13.0,573100,12.89,12.5,11.85,0.8534,4.0,9.7417,-0.0655,-0.0315,0.0665
DRI,2025-12-01,13.0,13.2,12.9,13.0,609300,12.9,12.55,11.87,0.7752,3.5857,9.5198,-0.0529,-0.0267,0.0673
DRI,2025-12-02,13.0,13.0,12.8,13.0,548100,12.92,12.6,11.9,0.6192,3.1337,9.2621,0.1237,0.0563,0.0761
DRI,2025-12-03,12.9,13.0,12.8,13.0,476900,12.93,12.67,11.92,0.5414,2.6046,9.0604,0.1029,0.046,0.0864
DRI,2025-12-04,13.0,13.1,12.9,13.0,568500,12.93,12.72,11.94,0.5414,2.2013,8.8413,0.0,0.0,0.0799
DRI,2025-12-05,13.0,13.0,12.8,12.9,404000,12.95,12.76,11.97,-0.3861,1.0576,7.8054,0.0,0.0,0.0773
DRI,2025-12-08,12.9,13.1,12.9,13.0,359100,12.96,12.82,11.99,0.3086,1.4436,8.4056,0.0,0.0,0.0693
DRI,2025-12-09,13.0,13.0,12.6,12.7,452800,12.96,12.86,12.02,-2.0062,-1.2058,5.6924,-0.0489,-0.0227,0.07
DRI,2025-12-10,12.7,12.9,12.7,12.8,337200,12.96,12.88,12.04,-1.2346,-0.5825,6.2946,0.0,0.0,0.0632
DRI,2025-12-11,12.7,12.8,12.4,12.5,362000,12.89,12.87,12.06,-3.0256,-2.8749,3.6312,-0.0547,-0.0242,0.0449
DRI,2025-12-12,12.6,12.7,12.1,12.3,623600,12.82,12.86,12.08,-4.0562,-4.3174,1.8043,-0.0256,-0.0129,0.0409
DRI,2025-12-15,12.3,12.5,12.2,12.4,362000,12.76,12.83,12.1,-2.8213,-3.3515,2.4793,0.0395,0.0193,0.0395
DRI,2025-12-16,12.4,12.5,12.0,12.3,336200,12.69,12.8,12.12,-3.0733,-3.9438,1.5019,0.0121,0.0051,0.0284
DRI,2025-12-17,12.4,12.7,12.3,12.6,484000,12.65,12.79,12.14,-0.3953,-1.4855,3.7891,0.079,0.0356,0.026
DRI,2025-12-18,12.6,12.6,12.3,12.5,73900,12.6,12.76,12.16,-0.7937,-2.076,2.7961,0.0099,0.0044,0.027
DRI,2025-12-19,12.4,12.6,12.3,12.4,338100,12.55,12.75,12.18,-1.1952,-2.7451,1.8062,-0.0228,-0.0091,0.0293
DRI,2025-12-22,12.5,12.6,12.3,12.5,291500,12.5,12.73,12.2,0.0,-1.8068,2.4254,0.02,0.0082,0.0313
DRI,2025-12-23,12.6,12.6,12.4,12.4,230800,12.47,12.72,12.23,-0.5613,-2.4774,1.3734,-0.06,-0.0224,0.0324
DRI,2025-12-24,12.5,12.6,12.3,12.4,229900,12.43,12.69,12.26,-0.2414,-2.3237,1.1419,-0.0192,-0.0074,0.0343
DRI,2025-12-25,12.4,12.5,12.3,12.3,277100,12.41,12.65,12.29,-0.8864,-2.7668,0.0977,-0.0453,-0.0184,0.0333
DRI,2025-12-26,12.5,12.5,12.2,12.4,252100,12.42,12.62,12.32,-0.161,-1.7433,0.6494,0.0176,0.0065,0.0325
DRI,2025-12-29,12.3,12.9,12.3,12.9,659400,12.47,12.62,12.37,3.4483,2.2592,4.3014,0.2183,0.087,0.0504
DRI,2025-12-30,13.0,13.4,12.9,13.2,1683400,12.56,12.62,12.42,5.0955,4.5545,6.2631,0.1088,0.0426,0.0601
DRI,2025-12-31,13.2,13.4,12.9,13.0,564700,12.6,12.62,12.47,3.1746,2.9703,4.2669,-0.0738,-0.0314,0.0596
DRI,2026-01-05,13.0,13.1,12.7,12.8,476800,12.63,12.62,12.5,1.346,1.4665,2.4328,-0.0542,-0.0224,0.064
DRI,2026-01-06,12.9,13.7,12.8,13.5,1830500,12.74,12.64,12.54,5.9655,6.7616,7.6899,0.1791,0.0815,0.0796
DRI,2026-01-07,13.5,13.8,13.4,13.6,944000,12.85,12.68,12.58,5.8366,7.2978,8.1081,-0.0,-0.0,0.0776
DRI,2026-01-08,13.6,13.8,13.0,13.3,985200,12.94,12.71,12.62,2.7821,4.6832,5.4217,-0.0404,-0.0162,0.0757
DRI,2026-01-09,13.1,14.8,13.1,14.5,4857400,13.15,12.79,12.67,10.2662,13.3698,14.4436,0.3473,0.1786,0.1085
DRI,2026-01-12,14.5,14.8,13.9,14.0,903600,13.32,12.86,12.71,5.1051,8.8224,10.1495,-0.0677,-0.0307,0.1107
DRI,2026-01-13,14.2,14.2,13.5,13.8,1978400,13.46,12.94,12.74,2.526,6.6461,8.3203,-0.0322,-0.0153,0.1122
DRI,2026-01-14,13.8,14.4,13.7,14.0,2088700,13.57,13.02,12.78,3.1688,7.5269,9.5462,-0.0406,-0.0177,0.0944
DRI,2026-01-15,14.1,14.5,13.6,14.0,2222200,13.65,13.1,12.82,2.5641,6.8295,9.1873,-0.0413,-0.0161,0.0877
DRI,2026-01-16,14.0,14.1,12.9,13.2,2913200,13.67,13.14,12.85,-3.4382,0.4949,2.7077,-0.2312,-0.0907,0.1034
DRI,2026-01-19,13.3,13.3,12.4,12.7,2450200,13.66,13.14,12.87,-7.0278,-3.3853,-1.2902,-0.1714,-0.065,0.1151
