ticker,time,open,high,low,close,volume,ma10,ma20,ma50,ma10_score,ma20_score,ma50_score,money_flow,dollar_flow,trend_score
GAS,2015-01-05,33.4,33.64,32.68,32.92,319840,,,,,,,-0.4525,-1.747,0.4525
GAS,2015-01-06,31.97,32.68,31.97,32.44,345050,,,,,,,0.1996,0.823,0.326
GAS,2015-01-07,31.97,33.16,31.97,32.92,509250,,,,,,,0.5706,2.5204,0.4076
GAS,2015-01-08,33.4,33.64,33.16,33.16,290220,,,,,,,-0.907,-3.29,0.5324
GAS,2015-01-09,33.4,35.31,33.4,35.31,859620,,,,,,,1.6403,6.7269,0.754
GAS,2015-01-12,37.69,37.69,37.69,37.69,671210,,,,,,,0.0,0.0,0.6283
GAS,2015-01-13,37.22,39.12,37.22,38.41,1270070,,,,,,,0.7181,3.022,0.6412
GAS,2015-01-14,37.69,37.93,36.5,36.98,705280,,,,,,,-0.7265,-3.1283,0.6518
GAS,2015-01-15,37.22,37.69,36.74,37.45,403100,,,,,,,0.4208,1.7294,0.6262
GAS,2015-01-16,37.22,37.69,36.74,36.98,334230,35.43,,,4.3771,,,-0.324,-1.3842,0.5959
GAS,2015-01-19,36.98,37.45,36.26,36.5,258660,35.78,,,2.0,,,-0.3744,-1.6602,0.5881
GAS,2015-01-20,36.74,37.22,36.5,36.98,456860,36.24,,,2.0408,,,0.52,2.403,0.6202
GAS,2015-01-21,36.98,37.22,36.74,36.98,271070,36.64,,,0.9115,,,0.0,0.0001,0.5631
GAS,2015-01-22,36.98,37.45,36.98,37.45,269320,37.07,,,1.0296,,,0.8282,3.6948,0.5552
GAS,2015-01-23,37.69,38.65,37.45,38.65,641740,37.41,,,3.3163,,,1.5194,6.9336,0.5431
GAS,2015-01-26,38.89,39.12,38.17,38.17,327410,37.45,,,1.9108,,,-0.9707,-4.4253,0.6402
GAS,2015-01-27,38.17,38.17,37.45,37.93,313480,37.41,,,1.4031,,,0.1429,0.6708,0.5827
GAS,2015-01-28,38.17,38.17,37.22,37.45,253270,37.45,,,-0.0,,,-0.1801,-0.8197,0.528
GAS,2015-01-29,37.22,37.45,36.98,36.98,111790,37.41,,,-1.148,,,-0.3007,-1.152,0.516
GAS,2015-01-30,37.45,37.45,36.74,36.74,268300,37.38,36.41,,-1.723,0.9174,,-0.5607,-2.612,0.5397
GAS,2015-02-02,36.98,37.22,36.5,36.5,82200,37.38,36.58,,-2.3612,-0.2282,,-0.1759,-0.7944,0.5199
GAS,2015-02-03,36.98,37.69,36.5,36.5,335140,37.34,36.79,,-2.2364,-0.7782,,-0.4871,-2.3791,0.5166
GAS,2015-02-04,37.22,37.69,36.98,37.45,479230,37.38,37.01,,0.1914,1.1924,,0.418,1.9219,0.5584
GAS,2015-02-05,37.22,37.69,36.98,37.45,268680,37.38,37.23,,0.1914,0.6088,,0.3412,1.3694,0.5097
GAS,2015-02-06,37.93,38.41,37.69,37.93,409620,37.31,37.36,,1.6624,1.5326,,-0.4428,-1.8813,0.402
GAS,2015-02-09,38.17,38.17,37.69,37.69,250850,37.26,37.36,,1.1524,0.894,,-0.8706,-3.7059,0.392
GAS,2015-02-10,38.17,38.17,37.45,37.45,169730,37.22,37.31,,0.641,0.3836,,-0.5386,-2.0993,0.4316
GAS,2015-02-11,37.45,37.45,36.98,37.22,182290,37.19,37.32,,0.0641,-0.2876,,-0.0,-0.0001,0.4136
GAS,2015-02-12,37.22,37.69,36.5,37.69,400480,37.26,37.34,,1.1524,0.9585,,1.1463,4.8963,0.4981
GAS,2015-02-13,37.93,38.17,37.69,37.69,196250,37.36,37.37,,0.894,0.8618,,-0.7339,-2.998,0.5154
GAS,2015-02-24,37.93,37.93,37.69,37.93,131510,37.5,37.44,,1.145,1.3061,,0.4856,2.1371,0.5464
GAS,2015-02-25,37.93,37.93,37.45,37.45,233210,37.6,37.47,,-0.3807,-0.0318,,-0.4547,-2.08,0.5432
GAS,2015-02-26,37.69,37.69,36.98,37.45,185200,37.6,37.49,,-0.3807,-0.0954,,0.178,0.6242,0.5192
GAS,2015-02-27,37.45,37.69,36.98,37.69,289710,37.62,37.5,,0.1902,0.5089,,0.8714,3.1285,0.5722
GAS,2015-03-02,37.45,37.69,37.22,37.45,95850,37.57,37.44,,-0.3175,0.0319,,0.0,0.0,0.5279
GAS,2015-03-03,37.45,37.69,37.22,37.22,420410,37.53,37.4,,-0.8265,-0.4785,,-0.8117,-3.4999,0.522
GAS,2015-03-04,37.45,37.93,37.22,37.93,806850,37.57,37.4,,0.9524,1.4354,,1.5292,6.6345,0.6211
GAS,2015-03-05,38.41,38.89,38.17,38.41,1020720,37.69,37.44,,1.8987,2.5804,,-0.577,-2.574,0.6788
GAS,2015-03-06,38.65,38.65,37.93,37.93,361220,37.72,37.49,,0.5693,1.1772,,-0.8074,-3.4454,0.6449
GAS,2015-03-09,37.93,38.17,37.22,37.22,332440,37.67,37.51,,-1.2033,-0.7949,,-0.7747,-3.135,0.649
GAS,2015-03-10,37.22,37.69,37.22,37.45,431920,37.62,37.56,,-0.4439,-0.2858,,0.0,0.0001,0.6004
GAS,2015-03-11,37.45,37.45,36.74,36.98,359610,37.57,37.59,,-1.5873,-1.6185,,-0.3371,-1.4238,0.5886
GAS,2015-03-12,36.74,37.22,36.74,36.98,199670,37.53,37.56,,-1.4622,-1.556,,0.0,0.0,0.5709
GAS,2015-03-13,36.74,37.22,36.5,36.5,202010,37.41,37.51,,-2.4235,-2.7027,,-0.5472,-2.052,0.5384
GAS,2015-03-16,36.98,37.45,36.5,36.5,291740,37.31,37.44,,-2.1739,-2.5167,,-0.5735,-2.1196,0.5958
GAS,2015-03-17,36.74,36.98,36.5,36.74,295300,37.26,37.4,,-1.4085,-1.7544,,-0.0,-0.0001,0.5146
GAS,2015-03-18,36.74,36.74,36.02,36.26,152790,37.1,37.34,,-2.2508,-2.8754,,-0.177,-0.6473,0.3794
GAS,2015-03-19,36.74,36.74,36.02,36.02,215120,36.86,37.28,,-2.2654,-3.36,,-0.7118,-3.0982,0.3929
GAS,2015-03-20,36.02,36.5,35.78,36.02,384350,36.67,37.19,,-1.7567,-3.143,,-0.1886,-0.5801,0.331
GAS,2015-03-23,36.5,36.98,36.02,36.26,476500,36.57,37.12,36.88,-0.848,-2.3136,-1.6818,-0.5348,-2.2913,0.307
GAS,2015-03-24,36.26,36.5,35.07,35.78,384090,36.41,37.01,36.94,-1.7038,-3.3194,-3.1258,0.0,0.0,0.307
GAS,2015-03-25,35.78,36.02,33.4,33.4,1296740,36.05,36.81,36.96,-7.3461,-9.2677,-9.6308,-3.6267,-11.4145,0.636
GAS,2015-03-26,32.44,32.92,31.25,31.97,1157060,35.55,36.54,36.94,-10.0671,-12.5041,-13.4591,-0.4679,-1.6008,0.6827
GAS,2015-03-27,32.68,33.16,31.25,31.25,719800,35.02,36.21,36.9,-10.763,-13.7023,-15.309,-1.3242,-5.127,0.7604
GAS,2015-03-30,31.25,31.97,30.54,30.54,444770,34.43,35.87,36.81,-11.2959,-14.8653,-17.034,-0.9521,-3.2606,0.7983
GAS,2015-03-31,30.54,31.73,30.3,31.49,1041160,33.9,35.58,36.68,-7.1077,-11.4985,-14.1519,3.2532,12.4617,1.1236
GAS,2015-04-01,31.49,31.73,29.34,29.58,1028480,33.23,35.16,36.51,-10.9835,-15.8752,-18.9648,-1.8792,-6.5111,1.2939
GAS,2015-04-02,29.82,30.3,29.1,30.06,546750,32.64,34.75,36.37,-7.8947,-13.4912,-17.3445,0.8347,2.818,1.3061
GAS,2015-04-03,30.54,30.54,29.82,30.54,291480,32.09,34.38,36.23,-4.8327,-11.1728,-15.7118,1.1659,3.9025,1.4039
GAS,2015-04-06,30.54,30.54,29.82,29.82,524550,31.44,34.01,36.09,-5.1593,-12.3115,-17.3608,-2.0131,-6.5165,1.5517
GAS,2015-04-07,29.82,30.3,29.34,29.82,409230,30.85,33.63,35.95,-3.3256,-11.3161,-17.0538,-0.0,-0.0,1.5517
GAS,2015-04-08,30.3,30.54,29.58,29.82,406840,30.49,33.27,35.81,-2.1909,-10.3621,-16.7222,-0.5831,-1.668,1.2473
GAS,2015-04-09,29.82,29.82,29.34,29.58,319300,30.25,32.9,35.66,-2.2082,-10.0798,-17.0457,0.0,0.0001,1.2005
GAS,2015-04-10,29.58,29.82,29.34,29.58,418270,30.08,32.55,35.5,-1.6653,-9.1242,-16.6779,0.0,0.0001,1.0681
GAS,2015-04-13,29.58,30.54,29.58,30.06,404770,30.04,32.23,35.33,0.0794,-6.7357,-14.9223,-0.0,-0.0,0.9729
GAS,2015-04-14,30.3,31.01,30.06,30.54,548310,29.94,31.92,35.18,1.992,-4.3348,-13.1968,0.0,0.0,0.6476
GAS,2015-04-15,30.77,32.44,30.77,32.21,1192200,30.2,31.72,35.06,6.6351,1.5419,-8.1508,1.9696,6.1273,0.6566
GAS,2015-04-16,33.16,33.16,32.21,32.21,648620,30.42,31.53,34.96,5.8824,2.1566,-7.875,-1.426,-4.5765,0.7158
GAS,2015-04-17,32.21,32.92,31.73,31.73,1311260,30.54,31.31,34.85,3.9063,1.3333,-8.9665,-2.5771,-7.5227,0.8569
GAS,2015-04-20,31.73,31.97,31.01,31.25,594950,30.68,31.06,34.74,1.8662,0.6144,-10.0522,-1.0,-3.3392,0.7556
GAS,2015-04-21,31.01,31.73,31.01,31.01,493320,30.8,30.82,34.63,0.6971,0.6192,-10.456,-1.3532,-4.5753,0.8909
GAS,2015-04-22,31.01,31.25,30.77,31.01,337590,30.92,30.7,34.53,0.3086,1.0101,-10.1714,0.0,0.0001,0.8326
GAS,2015-04-23,31.01,31.01,30.3,30.77,324800,31.04,30.64,34.39,-0.8455,0.4282,-10.5161,0.3501,1.08,0.8676
GAS,2015-04-24,31.01,31.97,30.54,31.49,869410,31.23,30.66,34.27,0.8403,2.7237,-8.1164,1.0669,3.4581,0.9743
GAS,2015-04-27,31.73,31.73,31.25,31.49,236030,31.37,30.7,34.14,0.3802,2.5641,-7.7697,-0.0,-0.0,0.9743
GAS,2015-05-04,31.97,31.97,29.82,29.82,511070,31.3,30.62,33.99,-4.7256,-2.6101,-12.2561,-0.7275,-2.668,1.047
GAS,2015-05-05,29.82,30.3,29.34,30.06,432150,31.09,30.64,33.84,-3.3001,-1.9074,-11.1675,0.5092,1.7566,0.901
GAS,2015-05-06,30.54,31.49,30.3,30.54,544250,30.92,30.67,33.7,-1.2346,-0.4278,-9.3998,-0.7738,-2.9771,0.8358
GAS,2015-05-07,30.54,30.77,30.3,30.3,138300,30.77,30.66,33.56,-1.5504,-1.1673,-9.7114,-0.5418,-2.05,0.6322
GAS,2015-05-08,30.3,30.54,30.06,30.3,152640,30.68,30.68,33.41,-1.2442,-1.2442,-9.3116,-0.0,-0.0,0.5322
GAS,2015-05-11,30.3,30.54,29.82,30.06,346780,30.58,30.69,33.25,-1.7161,-2.0598,-9.5996,-0.5396,-1.951,0.4509
GAS,2015-05-12,30.06,30.3,29.58,29.58,270730,30.44,30.68,33.09,-2.8213,-3.577,-10.6113,-0.8374,-2.9411,0.5346
GAS,2015-05-13,29.82,29.82,29.34,29.58,387320,30.32,30.68,32.94,-2.439,-3.577,-10.184,0.0,0.0001,0.4996
GAS,2015-05-14,29.58,30.06,29.34,29.58,293250,30.13,30.68,32.77,-1.8211,-3.577,-9.7394,-0.4118,-1.3555,0.4341
GAS,2015-05-15,29.58,29.82,29.1,29.1,399800,29.89,30.63,32.61,-2.6337,-4.9844,-10.7404,-0.864,-3.0511,0.5205
GAS,2015-05-18,29.1,29.1,27.67,27.67,458080,29.68,30.49,32.42,-6.7524,-9.2332,-14.6306,-1.0991,-3.9764,0.5577
GAS,2015-05-19,28.15,29.1,27.67,29.1,452250,29.58,30.33,32.24,-1.6129,-4.0504,-9.7233,1.1255,4.0219,0.6193
GAS,2015-05-20,28.87,30.3,28.63,30.3,396180,29.56,30.24,32.08,2.502,0.1972,-5.5481,0.5875,2.1902,0.6007
GAS,2015-05-21,30.3,30.54,29.82,30.06,284220,29.53,30.15,31.92,1.7771,-0.3164,-5.8296,-0.2513,-0.9404,0.5716
GAS,2015-05-22,30.3,30.54,29.82,30.54,348700,29.56,30.12,31.79,3.3091,1.3861,-3.9327,0.6843,2.2205,0.6401
GAS,2015-05-25,30.54,30.77,30.06,30.54,178580,29.61,30.1,31.65,3.1426,1.4665,-3.5127,0.1351,0.4958,0.5996
GAS,2015-05-26,30.54,30.77,30.06,30.3,335220,29.68,30.06,31.51,2.09,0.7936,-3.8607,-0.2169,-0.8143,0.5376
GAS,2015-05-27,30.63,30.63,30.15,30.15,162200,29.73,30.03,31.38,1.4051,0.4138,-3.906,-0.3682,-1.0936,0.5744
GAS,2015-05-28,30.15,30.63,29.91,30.63,221430,29.84,29.99,31.26,2.6641,2.166,-2.0021,0.4344,1.6089,0.5766
GAS,2015-05-29,30.63,30.63,30.15,30.15,166190,29.94,29.92,31.13,0.6939,0.782,-3.1521,-0.2995,-1.1818,0.5202
GAS,2015-06-01,30.39,30.39,29.91,29.91,221080,30.17,29.92,31.0,-0.8525,-0.0394,-3.5036,-0.5843,-1.8867,0.4687
GAS,2015-06-02,30.15,30.15,29.67,29.67,173200,30.22,29.9,30.87,-1.8359,-0.781,-3.8729,-0.2891,-1.0986,0.3851
GAS,2015-06-03,29.91,30.39,29.91,30.15,96830,30.21,29.88,30.75,-0.1917,0.8971,-1.9368,0.0,0.0,0.3263
GAS,2015-06-04,29.91,30.39,29.91,29.91,88840,30.2,29.86,30.63,-0.9416,0.1547,-2.333,-0.1416,-0.5346,0.3153
GAS,2015-06-05,29.91,30.88,29.91,30.88,477570,30.23,29.89,30.52,2.1389,3.2855,1.1733,0.6178,2.1386,0.3087
GAS,2015-06-08,30.88,31.36,30.39,30.63,434550,30.24,29.92,30.41,1.308,2.3801,0.7229,-0.3346,-1.1784,0.3286
GAS,2015-06-09,30.63,30.88,30.15,30.15,167890,30.22,29.95,30.35,-0.2394,0.6718,-0.6512,-0.3231,-1.0869,0.3393
GAS,2015-06-10,30.39,30.88,30.15,30.63,211270,30.27,30.0,30.32,1.1952,2.1032,1.0271,0.1309,0.4601,0.3155
GAS,2015-06-11,30.88,32.32,30.88,31.84,1166050,30.39,30.12,30.34,4.7619,5.725,4.9638,0.4639,1.4693,0.3185
GAS,2015-06-12,32.32,32.32,31.6,31.84,513670,30.56,30.25,30.36,4.1831,5.247,4.8736,-0.2669,-1.0944,0.3152
GAS,2015-06-15,31.84,31.84,31.12,31.36,119500,30.71,30.44,30.36,2.121,3.0249,3.2936,-0.0675,-0.2989,0.2635
GAS,2015-06-16,31.36,31.36,30.63,30.63,235210,30.8,30.51,30.38,-0.5481,0.3951,0.84,-0.2539,-0.8564,0.26
GAS,2015-06-17,30.63,30.88,30.39,30.39,144770,30.83,30.52,30.39,-1.4084,-0.411,0.024,-0.2826,-1.0805,0.2883
GAS,2015-06-18,30.39,30.88,30.15,30.39,200850,30.88,30.54,30.38,-1.5625,-0.4656,0.0334,-0.1487,-0.5274,0.289
GAS,2015-06-19,30.88,30.88,30.39,30.39,187420,30.83,30.53,30.39,-1.4084,-0.4423,-0.0043,-0.1826,-0.498,0.2455
GAS,2015-06-22,30.39,30.63,30.15,30.63,242180,30.83,30.53,30.41,-0.626,0.3317,0.7353,0.4921,1.6497,0.2612
GAS,2015-06-23,30.63,31.12,30.63,30.63,203460,30.88,30.55,30.43,-0.7812,0.2764,0.6814,-0.6046,-2.3283,0.2894
GAS,2015-06-24,30.88,31.12,30.39,30.63,190740,30.88,30.57,30.45,-0.7812,0.1972,0.6118,-0.1218,-0.4738,0.2885
GAS,2015-06-25,30.63,30.63,29.91,30.15,511820,30.71,30.55,30.46,-1.8068,-1.3028,-1.0097,-0.4132,-1.615,0.2834
GAS,2015-06-26,30.15,30.39,29.91,29.91,302220,30.51,30.54,30.46,-1.9763,-2.0537,-1.7921,-0.4202,-1.6556,0.2987
GAS,2015-06-29,29.91,30.39,29.67,30.39,424890,30.42,30.56,30.45,-0.0793,-0.5525,-0.1987,0.8256,3.0589,0.3745
GAS,2015-06-30,30.15,30.88,29.91,29.91,632010,30.35,30.57,30.41,-1.4308,-2.1696,-1.6346,-0.9618,-3.6974,0.4453
GAS,2015-07-01,30.39,30.39,29.91,29.91,470410,30.3,30.56,30.36,-1.2739,-2.131,-1.4859,-1.12,-3.728,0.5291
GAS,2015-07-02,29.91,30.63,29.91,30.39,586040,30.3,30.59,30.34,0.3185,-0.6309,0.1912,0.2665,0.9548,0.5409
GAS,2015-07-03,30.63,30.88,30.39,30.63,439510,30.32,30.57,30.32,1.0342,0.1972,1.0275,0.0,0.0,0.5226
GAS,2015-07-06,30.63,31.36,30.39,31.36,779350,30.39,30.61,30.33,3.1746,2.4429,3.3904,0.8551,2.7534,0.5589
GAS,2015-07-07,31.36,31.6,31.12,31.36,599420,30.47,30.67,30.34,2.9295,2.2414,3.3669,0.0,0.0,0.4984
GAS,2015-07-08,31.12,31.36,30.39,30.63,542710,30.47,30.67,30.33,0.5542,-0.118,0.9908,-0.3527,-1.1435,0.5215
GAS,2015-07-09,30.15,30.39,29.91,30.39,423470,30.49,30.6,30.31,-0.3165,-0.6701,0.2682,0.6507,2.1944,0.5453
GAS,2015-07-10,30.63,30.88,30.15,30.15,222190,30.51,30.51,30.29,-1.1858,-1.1858,-0.4397,-0.2812,-1.0868,0.5314
GAS,2015-07-13,30.39,30.63,30.15,30.63,272340,30.54,30.48,30.3,0.316,0.5144,1.0989,0.4144,1.4164,0.4902
GAS,2015-07-14,30.39,30.88,30.39,30.39,404070,30.59,30.47,30.31,-0.6309,-0.2375,0.2807,-0.6415,-2.0283,0.4582
GAS,2015-07-15,30.63,30.63,30.15,30.15,244570,30.61,30.45,30.3,-1.4972,-0.9901,-0.4899,-0.2806,-0.96,0.3743
GAS,2015-07-16,30.15,30.39,29.91,29.91,303580,30.56,30.43,30.29,-2.131,-1.7043,-1.2608,-0.4508,-1.3344,0.3927
GAS,2015-07-17,29.91,30.39,29.91,29.91,202490,30.49,30.41,30.29,-1.8987,-1.6263,-1.2356,-0.4812,-1.8148,0.4408
GAS,2015-07-20,29.67,29.67,28.46,28.95,581760,30.25,30.32,30.26,-4.3062,-4.5346,-4.3513,-0.2737,-1.0051,0.3827
GAS,2015-07-21,28.95,29.19,28.22,28.46,543400,29.96,30.21,30.24,-4.992,-5.7884,-5.8759,-0.632,-2.2936,0.4459
GAS,2015-07-22,28.22,28.71,27.98,28.71,155540,29.77,30.12,30.22,-3.5657,-4.6856,-5.0231,0.191,0.6403,0.4297
GAS,2015-07-23,28.71,29.67,28.71,29.67,299960,29.69,30.09,30.22,-0.0812,-1.4028,-1.8363,0.4579,1.705,0.4104
GAS,2015-07-24,29.91,29.91,29.19,29.43,161500,29.62,30.07,30.23,-0.6515,-2.126,-2.6552,-0.1092,-0.4028,0.3932
GAS,2015-07-27,29.43,29.43,29.19,29.19,154970,29.48,30.01,30.26,-0.982,-2.7331,-3.5497,-0.2808,-1.0431,0.3799
GAS,2015-07-28,29.19,29.19,28.46,28.95,371430,29.33,29.96,30.26,-1.3158,-3.3817,-4.3368,0.1264,0.4099,0.3284
GAS,2015-07-29,29.19,29.19,28.46,28.46,319560,29.16,29.89,30.22,-2.3987,-4.7619,-5.817,-0.5222,-1.7003,0.3525
GAS,2015-07-30,28.71,28.71,28.46,28.71,212840,29.04,29.8,30.19,-1.1628,-3.6827,-4.9337,0.46,1.482,0.3535
GAS,2015-07-31,28.71,29.19,28.46,28.46,267330,28.9,29.69,30.15,-1.5025,-4.143,-5.603,-0.3885,-1.2544,0.3442
GAS,2015-08-03,28.46,28.46,27.74,27.98,243890,28.8,29.53,30.1,-2.8476,-5.2287,-7.0454,-0.1422,-0.4977,0.331
GAS,2015-08-04,27.74,27.98,27.74,27.98,141850,28.75,29.36,30.06,-2.6845,-4.6836,-6.9021,0.3808,1.1268,0.3059
GAS,2015-08-05,27.98,28.46,27.98,28.22,110080,28.71,29.24,30.02,-1.6807,-3.4653,-5.9788,0.0,0.0,0.2868
GAS,2015-08-06,28.22,28.46,27.98,27.98,76300,28.54,29.12,29.96,-1.9442,-3.8939,-6.6173,-0.131,-0.5084,0.2541
GAS,2015-08-07,27.98,28.22,27.74,27.98,254910,28.39,29.01,29.92,-1.4443,-3.5343,-6.4818,0.0,0.0,0.2432
GAS,2015-08-10,27.98,27.98,27.5,27.74,240160,28.25,28.86,29.88,-1.7933,-3.8863,-7.1532,-0.0,-0.0,0.2151
GAS,2015-08-11,27.98,27.98,27.5,27.74,256740,28.13,28.73,29.84,-1.3722,-3.4425,-7.0331,-0.0,-0.0,0.2025
GAS,2015-08-12,27.5,27.74,27.26,27.5,204700,28.03,28.6,29.79,-1.8933,-3.838,-7.6774,0.0,0.0,0.1503
GAS,2015-08-13,27.26,27.5,26.78,27.02,277450,27.86,28.45,29.73,-3.0303,-5.0445,-9.1204,-0.2039,-0.5942,0.1246
GAS,2015-08-14,26.78,27.02,25.33,25.33,903090,27.55,28.22,29.62,-8.056,-10.2564,-14.4812,-2.3377,-6.8847,0.3196
GAS,2015-08-17,25.09,25.57,23.59,23.78,900380,27.13,27.96,29.48,-12.3244,-14.9487,-19.3205,-1.2611,-3.509,0.4314
GAS,2015-08-18,23.4,23.88,23.4,23.88,698260,26.72,27.74,29.35,-10.6175,-13.8981,-18.6471,1.2684,3.2283,0.5202
GAS,2015-08-19,23.64,23.78,23.3,23.59,306450,26.25,27.48,29.21,-10.1433,-14.1503,-19.2456,0.1153,0.3219,0.5317
GAS,2015-08-20,23.54,23.54,21.95,21.95,1150130,25.65,27.09,29.02,-14.4254,-18.9815,-24.3482,-1.9108,-4.3059,0.7097
GAS,2015-08-21,21.71,21.71,20.46,20.7,1068610,24.92,26.66,28.79,-16.957,-22.36,-28.119,-0.7791,-2.126,0.7876
GAS,2015-08-24,20.7,20.7,19.25,19.25,952520,24.07,26.16,28.55,-20.0401,-26.4177,-32.5786,-0.7598,-1.8258,0.8636
GAS,2015-08-25,18.09,19.49,18.09,18.72,1357700,23.17,25.65,28.31,-19.2172,-27.0197,-33.8854,-0.1837,-0.3847,0.882
GAS,2015-08-26,18.96,20.02,18.96,20.02,656020,22.42,25.23,28.1,-10.7143,-20.6349,-28.7627,0.9028,2.294,0.9723
GAS,2015-08-27,20.89,21.42,20.74,21.42,675850,21.86,24.86,27.93,-2.03,-13.845,-23.2949,1.1805,3.1185,1.0699
GAS,2015-08-28,22.92,22.92,22.87,22.92,1277900,21.62,24.59,27.78,5.9795,-6.7896,-17.4975,1.8207,4.7156,1.0182
GAS,2015-08-31,24.12,24.36,23.64,23.64,1940210,21.61,24.37,27.64,9.3994,-2.9895,-14.4613,-3.8505,-10.5865,1.2772
GAS,2015-09-01,24.12,24.12,22.96,22.96,773620,21.52,24.12,27.48,6.7264,-4.781,-16.4414,-2.2704,-6.1557,1.3774
GAS,2015-09-03,22.29,22.92,21.95,22.05,725570,21.36,23.81,27.31,3.2069,-7.3962,-19.2722,-1.0579,-2.967,1.4716
GAS,2015-09-04,22.19,22.87,22.1,22.14,414800,21.38,23.52,27.15,3.565,-5.8365,-18.4406,-1.0928,-3.178,1.3898
GAS,2015-09-07,22.14,22.48,21.9,22.1,308390,21.52,23.22,26.99,2.6675,-4.851,-18.1471,-0.4126,-1.1695,1.3532
GAS,2015-09-08,22.1,22.39,22.0,22.39,339710,21.84,22.95,26.83,2.5188,-2.48,-16.5798,0.6144,1.7832,1.3386
GAS,2015-09-09,22.72,23.11,22.58,22.67,347260,22.23,22.7,26.69,1.9965,-0.1169,-15.0428,-0.5343,-1.648,1.3737
GAS,2015-09-10,22.43,22.67,22.24,22.39,266120,22.47,22.45,26.54,-0.365,-0.2687,-15.6517,-0.38,-1.0928,1.3214
GAS,2015-09-11,22.53,22.82,22.39,22.43,373110,22.57,22.22,26.38,-0.5986,0.9772,-14.9598,-0.672,-1.9184,1.2705
GAS,2015-09-14,22.43,22.43,21.71,21.95,310540,22.47,22.05,26.21,-2.3186,-0.4377,-16.2371,-0.2385,-0.683,1.1123
GAS,2015-09-15,21.71,22.34,21.71,22.1,208430,22.32,21.96,26.02,-0.9944,0.604,-15.0846,0.133,0.3241,0.7406
GAS,2015-09-16,22.29,22.43,22.1,22.24,241750,22.25,21.88,25.84,-0.0217,1.6426,-13.9251,-0.1204,-0.3431,0.5256
GAS,2015-09-17,22.82,23.59,22.77,23.45,988040,22.39,21.87,25.69,4.7414,7.1901,-8.7495,1.7185,4.675,0.5916
GAS,2015-09-18,23.64,23.78,23.01,23.16,801110,22.49,21.93,25.55,2.9822,5.5757,-9.3656,-0.4762,-1.1151,0.53
GAS,2015-09-21,23.06,23.25,22.77,23.06,343530,22.58,22.05,25.41,2.1149,4.5723,-9.2394,0.1654,0.491,0.5053
GAS,2015-09-22,23.06,23.35,22.92,22.92,440350,22.64,22.24,25.25,1.2362,3.0592,-9.2576,-0.9401,-2.8513,0.5378
GAS,2015-09-23,22.92,23.25,22.87,23.21,308250,22.69,22.46,25.11,2.2751,3.3186,-7.5853,0.5122,1.2741,0.5356
GAS,2015-09-24,23.06,23.16,22.87,22.92,327170,22.74,22.6,24.97,0.7637,1.3766,-8.209,-0.4998,-1.3421,0.5476
GAS,2015-09-25,22.92,23.11,22.92,22.92,245050,22.79,22.68,24.83,0.5504,1.0423,-7.6917,-0.741,-1.8657,0.5545
GAS,2015-09-28,23.11,23.11,22.34,22.34,498980,22.83,22.65,24.67,-2.1556,-1.3845,-9.4713,-0.9904,-2.7787,0.6297
GAS,2015-09-29,22.19,22.19,21.71,22.05,419360,22.82,22.57,24.54,-3.4031,-2.3191,-10.142,0.421,1.1731,0.6585
GAS,2015-09-30,22.24,22.34,22.05,22.1,334210,22.81,22.53,24.41,-3.1303,-1.9167,-9.4755,-0.5953,-1.671,0.706
GAS,2015-10-01,22.59,23.03,22.54,22.54,326600,22.72,22.55,24.29,-0.7929,-0.0587,-7.1911,-1.0425,-3.0097,0.6384
GAS,2015-10-02,22.54,22.59,22.29,22.34,178800,22.64,22.56,24.14,-1.3069,-0.9769,-7.4449,-0.5194,-1.4675,0.6427
GAS,2015-10-05,22.44,22.64,22.39,22.59,389040,22.59,22.59,24.0,-0.0089,0.0069,-5.8899,0.4536,1.2793,0.6715
GAS,2015-10-06,22.88,23.03,22.79,22.83,677180,22.58,22.61,23.87,1.119,0.9982,-4.3562,-0.4798,-1.4145,0.6255
GAS,2015-10-07,23.43,23.92,23.38,23.43,1225250,22.6,22.65,23.76,3.6383,3.4439,-1.4215,-1.3898,-3.3161,0.7133
GAS,2015-10-08,23.43,23.53,23.18,23.48,483920,22.66,22.7,23.66,3.5998,3.4126,-0.7975,0.4987,1.44,0.7132
GAS,2015-10-09,23.77,24.26,23.67,23.82,938020,22.75,22.77,23.57,4.705,4.6137,1.0786,-0.6501,-1.6665,0.7041
GAS,2015-10-12,23.82,23.97,23.67,23.92,994980,22.91,22.87,23.48,4.4122,4.5947,1.8901,1.1742,2.9292,0.7225
GAS,2015-10-13,23.53,23.62,23.38,23.43,706460,23.05,22.94,23.38,1.6474,2.1409,0.178,-0.8749,-2.2708,0.7678
GAS,2015-10-14,23.13,23.43,22.98,23.18,629420,23.16,22.98,23.29,0.1065,0.8591,-0.4678,-0.1608,-0.4103,0.7244
GAS,2015-10-15,23.03,23.33,23.03,23.33,179650,23.23,22.98,23.19,0.4033,1.5291,0.5903,0.4362,1.3424,0.6638
GAS,2015-10-16,23.43,23.62,23.38,23.38,177430,23.34,22.99,23.1,0.1691,1.695,1.2049,-0.3174,-0.8531,0.6436
GAS,2015-10-19,23.43,23.43,23.23,23.28,273490,23.41,23.0,23.0,-0.5478,1.218,1.1899,-0.2907,-0.7402,0.6273
GAS,2015-10-20,23.18,23.28,22.98,23.13,516990,23.44,23.01,22.91,-1.3047,0.5277,0.9513,-0.0,-0.0001,0.5793
GAS,2015-10-21,23.18,23.18,22.98,23.03,279680,23.4,23.0,22.82,-1.5599,0.1367,0.9356,-0.3121,-0.9248,0.4715
GAS,2015-10-22,23.03,23.13,22.93,23.03,263400,23.35,23.01,22.73,-1.3727,0.1114,1.3324,0.0,0.0001,0.4216
GAS,2015-10-23,23.03,23.33,23.03,23.23,333250,23.29,23.02,22.65,-0.2753,0.9002,2.542,0.2399,0.6472,0.3806
GAS,2015-10-26,23.18,23.43,23.08,23.08,363720,23.21,23.06,22.61,-0.5525,0.0957,2.0914,-0.6467,-1.6335,0.3279
GAS,2015-10-27,22.83,23.03,22.69,22.79,560610,23.15,23.1,22.59,-1.5555,-1.3455,0.8716,-0.4722,-1.424,0.2876
GAS,2015-10-28,22.79,22.93,22.74,22.83,430180,23.11,23.13,22.57,-1.195,-1.2898,1.1837,0.0,0.0,0.2715
GAS,2015-10-29,23.18,23.28,22.93,23.03,460190,23.08,23.16,22.56,-0.2137,-0.5431,2.1085,-0.4151,-0.9976,0.2694
GAS,2015-10-30,23.08,23.23,22.98,23.08,379850,23.05,23.19,22.58,0.1284,-0.4891,2.2246,-0.2047,-0.5215,0.2581
GAS,2015-11-02,23.08,23.28,23.03,23.03,462000,23.03,23.22,22.63,0.0214,-0.7966,1.7957,-1.0731,-2.7765,0.3364
GAS,2015-11-03,23.13,23.13,22.98,23.03,335730,23.02,23.23,22.7,0.0643,-0.8387,1.4564,-0.1809,-0.4386,0.3545
GAS,2015-11-04,23.28,23.82,23.18,23.43,1370410,23.06,23.23,22.8,1.6043,0.86,2.7682,-0.6879,-1.7293,0.392
GAS,2015-11-05,23.57,23.82,23.28,23.67,1323090,23.12,23.24,22.87,2.3891,1.8784,3.5182,1.4866,3.763,0.5407
GAS,2015-11-06,23.62,23.62,23.38,23.43,410780,23.14,23.22,22.91,1.2362,0.9028,2.2605,-0.4625,-1.1441,0.563
GAS,2015-11-09,23.33,23.43,23.13,23.18,425340,23.15,23.18,22.91,0.1278,-0.0,1.1608,-0.556,-1.3111,0.5539
GAS,2015-11-10,23.08,23.08,22.54,22.69,789700,23.14,23.14,22.89,-1.9608,-1.9712,-0.9092,-1.1253,-2.7854,0.6192
GAS,2015-11-11,22.49,22.64,22.39,22.59,653260,23.12,23.11,22.89,-2.2829,-2.2725,-1.3076,0.9213,2.4358,0.7113
GAS,2015-11-12,22.49,22.49,21.9,22.09,1035900,23.02,23.05,22.89,-4.0274,-4.1506,-3.4665,-0.5169,-1.2514,0.7215
GAS,2015-11-13,21.75,21.75,21.21,21.5,1123490,22.86,22.96,22.88,-5.9534,-6.3373,-5.9995,0.1806,0.4227,0.7191
GAS,2015-11-16,21.4,21.45,21.16,21.26,518020,22.69,22.86,22.86,-6.3044,-7.0019,-7.0093,-0.301,-0.6862,0.6419
GAS,2015-11-17,21.5,21.75,21.45,21.45,432350,22.53,22.77,22.84,-4.7723,-5.7932,-6.0697,-0.5485,-1.1627,0.6787
GAS,2015-11-18,21.31,21.45,21.26,21.36,173530,22.32,22.69,22.81,-4.3305,-5.8798,-6.3935,0.0,0.0,0.6099
GAS,2015-11-19,21.36,21.6,21.26,21.36,397150,22.09,22.61,22.79,-3.3266,-5.5307,-6.3089,-0.4629,-1.0458,0.5075
GAS,2015-11-20,21.36,21.5,21.31,21.4,311440,21.89,22.51,22.77,-2.2082,-4.9288,-6.0076,-0.0,-0.0,0.4612
GAS,2015-11-23,21.4,21.45,21.26,21.31,256650,21.7,22.43,22.76,-1.8182,-4.9923,-6.3877,-0.2459,-0.5553,0.4302
GAS,2015-11-24,21.4,21.55,21.16,21.26,219010,21.56,22.35,22.74,-1.3956,-4.888,-6.5355,-0.1924,-0.441,0.3369
GAS,2015-11-25,21.4,21.55,21.31,21.45,159630,21.44,22.28,22.73,0.046,-3.7078,-5.6028,0.0465,0.1095,0.2495
GAS,2015-11-26,21.55,21.55,21.36,21.45,122820,21.38,22.2,22.69,0.346,-3.3655,-5.4369,0.0,0.0,0.1978
GAS,2015-11-27,21.4,21.4,21.16,21.16,240340,21.35,22.1,22.65,-0.878,-4.2838,-6.5766,-0.4181,-1.0796,0.2215
GAS,2015-11-30,20.96,20.96,20.27,20.32,495020,21.25,21.97,22.59,-4.3862,-7.5093,-10.061,-0.8963,-2.04,0.2811
GAS,2015-12-01,20.42,20.62,20.22,20.22,283310,21.13,21.83,22.54,-4.295,-7.3655,-10.2835,-0.6759,-1.3065,0.2938
GAS,2015-12-02,20.22,20.37,20.12,20.22,543410,21.01,21.67,22.48,-3.7784,-6.6803,-10.0453,-0.3713,-0.7742,0.3309
GAS,2015-12-03,20.12,20.12,19.73,19.88,498940,20.87,21.48,22.42,-4.7507,-7.4627,-11.3413,-0.4288,-0.9181,0.3275
GAS,2015-12-04,19.88,20.12,19.83,19.88,508280,20.71,21.3,22.36,-4.0476,-6.6914,-11.1002,-1.0552,-2.4154,0.433
GAS,2015-12-07,19.73,19.78,19.43,19.43,698260,20.53,21.11,22.3,-5.334,-7.9654,-12.8591,-2.4003,-4.5248,0.6485
GAS,2015-12-08,19.19,19.38,18.74,19.38,778870,20.34,20.95,22.25,-4.7042,-7.475,-12.872,1.3123,2.6958,0.7605
GAS,2015-12-09,19.38,19.38,19.09,19.09,269380,20.1,20.77,22.19,-5.054,-8.1197,-13.9694,-0.5302,-1.1243,0.8088
GAS,2015-12-10,18.99,19.09,18.79,18.79,393400,19.84,20.61,22.11,-5.271,-8.8189,-15.016,-0.8962,-2.1141,0.8985
GAS,2015-12-11,18.79,19.04,18.69,18.94,360100,19.61,20.48,22.04,-3.4448,-7.5256,-14.0824,0.4808,1.0689,0.9047
GAS,2015-12-14,18.74,18.74,18.3,18.45,660590,19.43,20.34,21.96,-5.0521,-9.3114,-16.0042,-0.7025,-1.4178,0.8853
GAS,2015-12-15,18.69,18.99,18.64,18.79,408030,19.28,20.21,21.88,-2.5575,-7.0051,-14.1157,-0.1944,-0.4317,0.8372
GAS,2015-12-16,18.99,19.09,18.89,18.94,260170,19.16,20.09,21.79,-1.1329,-5.709,-13.0829,-0.3774,-0.8195,0.8378
GAS,2015-12-17,18.74,18.94,18.69,18.69,352990,19.04,19.95,21.69,-1.8135,-6.3156,-13.8362,-1.1094,-2.1373,0.9059
GAS,2015-12-18,18.69,18.74,18.49,18.54,225030,18.9,19.81,21.59,-1.9045,-6.3862,-14.1003,-0.1054,-0.2208,0.8109
GAS,2015-12-21,18.54,18.59,18.05,18.1,667530,18.77,19.65,21.47,-3.5733,-7.8815,-15.702,-1.274,-2.5975,0.6983
GAS,2015-12-22,18.1,18.35,18.1,18.2,364390,18.65,19.5,21.37,-2.4326,-6.6532,-14.8278,-0.2399,-0.4837,0.591
GAS,2015-12-23,18.2,18.35,18.15,18.25,197930,18.57,19.34,21.27,-1.7264,-5.6243,-14.2009,0.0,0.0,0.538
GAS,2015-12-24,18.64,18.89,18.45,18.45,499280,18.53,19.19,21.17,-0.479,-3.8561,-12.8733,-1.3807,-2.8134,0.5865
GAS,2015-12-25,18.54,18.69,18.45,18.49,263940,18.49,19.05,21.07,0.0267,-2.9252,-12.2355,-0.1639,-0.4162,0.5548
GAS,2015-12-28,18.59,18.59,18.15,18.15,238010,18.46,18.94,20.97,-1.6831,-4.1916,-13.4525,-0.5935,-1.1255,0.5439
GAS,2015-12-29,18.05,18.25,17.75,18.0,279070,18.38,18.83,20.87,-2.066,-4.4127,-13.7361,-0.0,-0.0,0.5244
GAS,2015-12-30,18.0,18.25,17.85,18.0,167250,18.29,18.72,20.77,-1.5642,-3.8462,-13.3181,-0.0908,-0.2019,0.4958
GAS,2015-12-31,18.05,18.05,17.85,17.85,162060,18.2,18.62,20.66,-1.9236,-4.1186,-13.5997,-0.3337,-0.7004,0.4182
GAS,2016-01-04,18.0,18.25,17.85,17.85,182580,18.13,18.52,20.56,-1.5502,-3.5952,-13.1478,-0.3945,-0.7399,0.4471
GAS,2016-01-05,17.85,18.0,17.75,17.8,233890,18.1,18.44,20.45,-1.6617,-3.4372,-12.9407,-0.3007,-0.6068,0.3498
GAS,2016-01-06,17.8,17.95,17.8,17.9,105380,18.08,18.36,20.35,-0.955,-2.5111,-12.0384,0.103,0.2051,0.3361
GAS,2016-01-07,17.75,17.75,17.02,17.02,759190,17.95,18.26,20.24,-5.2198,-6.8197,-15.9193,-1.3033,-2.6856,0.4664
GAS,2016-01-08,17.06,17.31,16.97,17.26,332300,17.83,18.18,20.12,-3.208,-5.0719,-14.2115,0.4383,0.977,0.3722
GAS,2016-01-11,17.26,17.41,17.16,17.26,324170,17.71,18.1,20.0,-2.5341,-4.6321,-13.7123,-0.1439,-0.2626,0.3702
GAS,2016-01-12,16.82,17.16,16.82,17.11,337230,17.61,18.03,19.89,-2.8011,-5.1005,-13.9428,0.4539,0.8814,0.3562
GAS,2016-01-13,17.11,17.61,17.11,17.26,473070,17.53,17.96,19.77,-1.5471,-3.8726,-12.6921,-0.518,-1.019,0.408
GAS,2016-01-14,17.26,17.26,16.92,16.97,435400,17.43,17.86,19.64,-2.6599,-4.9986,-13.6242,-0.7782,-1.5122,0.4767
GAS,2016-01-15,17.06,17.21,16.92,16.92,214240,17.34,17.77,19.51,-2.4182,-4.8015,-13.2787,-0.4863,-0.9476,0.492
GAS,2016-01-18,16.23,16.72,15.73,15.73,1238200,17.12,17.63,19.35,-8.1221,-10.7568,-18.7054,-1.7872,-3.6896,0.6313
GAS,2016-01-19,15.78,16.03,15.68,15.73,514120,16.92,17.51,19.2,-6.9971,-10.1535,-18.0749,-0.684,-1.3352,0.6696
GAS,2016-01-20,15.73,15.73,15.14,15.14,873730,16.64,17.36,19.05,-9.0101,-12.7717,-20.5322,-1.9645,-3.6172,0.8558
GAS,2016-01-21,14.84,15.14,14.7,14.8,1009530,16.42,17.19,18.9,-9.8829,-13.9044,-21.7037,-0.9239,-1.8699,0.8178
GAS,2016-01-22,14.99,15.83,14.89,15.78,1189260,16.27,17.05,18.77,-3.0009,-7.4476,-15.9222,1.4502,3.2505,0.919
GAS,2016-01-25,16.67,16.87,16.67,16.87,753540,16.23,16.97,18.68,3.9198,-0.6103,-9.6958,0.9754,2.0354,1.0022
GAS,2016-01-26,16.32,18.0,16.28,17.51,1059720,16.27,16.94,18.6,7.6083,3.3629,-5.8855,0.8899,2.2182,1.0458
GAS,2016-01-27,18.0,18.35,17.85,18.0,967500,16.34,16.94,18.53,10.1388,6.2745,-2.8739,-0.865,-1.6885,1.0805
GAS,2016-01-28,18.25,18.54,17.9,18.1,1009030,16.46,16.94,18.47,9.979,6.8258,-1.9974,-0.8623,-1.9623,1.0889
GAS,2016-01-29,18.49,19.33,18.3,19.33,1288510,16.7,17.02,18.43,15.7708,13.6067,4.9082,3.3949,7.8776,1.3797
GAS,2016-02-01,19.43,19.48,18.49,18.49,1125880,16.98,17.05,18.37,8.9483,8.4755,0.6765,-2.3025,-4.8361,1.4313
GAS,2016-02-02,18.0,18.15,17.51,17.75,766710,17.18,17.05,18.3,3.3592,4.1516,-2.9754,-0.4916,-1.3323,1.412
GAS,2016-02-03,17.21,18.84,17.06,18.84,869550,17.55,17.09,18.25,7.3637,10.2135,3.2265,2.4116,5.243,1.4567
GAS,2016-02-04,19.28,19.28,18.59,18.74,357750,17.94,17.18,18.2,4.453,9.0857,2.9922,-0.7649,-1.6381,1.4408
GAS,2016-02-05,18.74,18.74,18.49,18.74,193980,18.24,17.25,18.14,2.7583,8.618,3.3002,0.7306,1.8077,1.3689
GAS,2016-02-15,18.54,18.99,18.49,18.84,799110,18.44,17.33,18.1,2.1937,8.6926,4.1099,1.3006,2.6498,1.4014
GAS,2016-02-16,19.09,19.73,18.89,19.73,1364980,18.66,17.46,18.08,5.7362,12.9625,9.087,3.2058,7.9188,1.633
GAS,2016-02-17,19.63,19.68,19.23,19.43,765590,18.8,17.57,18.07,3.3578,10.581,7.5445,-0.1677,-0.3799,1.5632
GAS,2016-02-18,19.97,20.71,19.92,20.57,1427340,19.05,17.75,18.08,7.9751,15.8494,13.779,2.1198,5.0342,1.689
GAS,2016-02-19,20.12,21.21,20.12,20.96,1219680,19.21,17.95,18.1,9.1142,16.7422,15.8228,0.8956,2.4717,1.4391
GAS,2016-02-22,20.86,21.36,20.86,21.16,691380,19.48,18.23,18.12,8.6351,16.0872,16.7474,0.1845,0.5275,1.2273
GAS,2016-02-23,21.31,22.19,21.31,21.36,1480380,19.84,18.51,18.16,7.6579,15.3897,17.5864,-1.8294,-4.6042,1.361
GAS,2016-02-24,21.26,21.4,20.71,21.11,1509510,20.06,18.81,18.2,5.2114,12.2476,16.008,0.4187,1.0298,1.1618
GAS,2016-02-25,21.6,21.6,20.62,20.62,686070,20.25,19.1,18.23,1.8022,7.9546,13.1075,-0.9726,-2.2871,1.1825
GAS,2016-02-26,20.96,21.16,20.71,20.96,787790,20.47,19.36,18.27,2.385,8.294,14.7284,0.2474,0.5894,1.1342
GAS,2016-02-29,21.11,21.36,21.01,21.06,612850,20.69,19.56,18.31,1.7636,7.638,15.0014,-0.7948,-1.8155,1.0836
GAS,2016-03-01,21.21,21.8,21.06,21.5,909320,20.87,19.76,18.37,3.0246,8.796,17.0344,0.3754,0.8914,0.8006
GAS,2016-03-02,21.7,21.95,21.6,21.75,779100,21.1,19.95,18.43,3.0614,9.01,17.9965,-0.206,-0.4759,0.8044
GAS,2016-03-03,22.05,22.39,22.05,22.29,775150,21.28,20.16,18.5,4.7751,10.5675,20.5012,0.7381,1.9437,0.6662
GAS,2016-03-04,22.19,22.88,22.09,22.83,1085350,21.46,20.34,18.58,6.3879,12.2832,22.8834,2.5681,6.0416,0.8335
GAS,2016-03-07,23.62,24.41,23.53,24.36,1965600,21.78,20.63,18.7,11.8406,18.0971,30.2949,2.3952,5.993,1.0546
GAS,2016-03-08,24.66,25.4,23.67,23.77,1734860,22.03,20.93,18.81,7.9266,13.5721,26.3633,-2.7854,-6.9649,1.1502
GAS,2016-03-09,23.23,23.82,23.23,23.38,978270,22.25,21.16,18.92,5.0532,10.4895,23.5856,-1.1218,-3.2655,1.2205
GAS,2016-03-10,23.97,24.17,23.57,23.82,896680,22.57,21.41,19.03,5.5276,11.2519,25.1944,-0.2553,-0.7063,1.1488
GAS,2016-03-11,23.82,23.87,23.53,23.72,926390,22.85,21.66,19.13,3.8204,9.5173,23.9882,0.2395,0.5633,1.148
GAS,2016-03-14,23.92,24.02,23.72,23.77,535200,23.12,21.91,19.24,2.8157,8.5097,23.5644,-0.7356,-1.8835,1.142
GAS,2016-03-15,23.43,23.53,22.83,22.93,1433850,23.26,22.07,19.33,-1.4204,3.9222,18.6164,-2.1371,-5.4396,1.3182
GAS,2016-03-16,22.98,23.28,22.88,23.13,609350,23.4,22.25,19.44,-1.1591,3.945,19.0053,0.324,0.871,1.33
GAS,2016-03-17,24.52,24.57,24.16,24.16,1231580,23.59,22.43,19.56,2.4215,7.7004,23.5178,-2.1048,-5.6621,1.4667
GAS,2016-03-18,24.52,24.52,23.8,23.8,739470,23.69,22.57,19.68,0.4819,5.4259,20.939,-1.0235,-2.4915,1.3122
GAS,2016-03-21,23.7,23.8,23.18,23.18,670640,23.57,22.68,19.79,-1.6369,2.2295,17.1634,-0.9303,-2.4636,1.1657
GAS,2016-03-22,23.54,23.95,22.97,23.44,1011840,23.53,22.78,19.9,-0.4032,2.8926,17.7942,-0.1209,-0.3534,0.8993
GAS,2016-03-23,23.44,23.95,23.39,23.9,612230,23.59,22.92,20.02,1.3407,4.2884,19.4042,1.1154,2.7161,0.8986
GAS,2016-03-24,23.59,23.7,23.23,23.23,855580,23.53,23.05,20.14,-1.2521,0.791,15.3423,-1.5933,-4.1949,1.0324
GAS,2016-03-25,23.13,23.39,23.03,23.28,750070,23.48,23.17,20.26,-0.8485,0.5079,14.9109,0.6151,1.6902,1.07
GAS,2016-03-28,23.34,23.44,23.18,23.28,273940,23.43,23.28,20.38,-0.6421,0.0276,14.2319,-0.1129,-0.3131,1.0077
GAS,2016-03-29,23.13,23.13,22.41,22.41,824770,23.38,23.32,20.49,-4.1644,-3.9213,9.3674,-1.2992,-3.4238,0.9239
GAS,2016-03-30,22.31,22.56,22.05,22.15,607540,23.28,23.34,20.59,-4.8672,-5.1072,7.5968,-0.7054,-1.8393,0.9621
GAS,2016-03-31,22.05,22.05,21.12,21.12,814690,22.98,23.28,20.67,-8.0924,-9.2932,2.1799,-1.3304,-3.4781,0.8847
GAS,2016-04-01,21.12,21.48,21.07,21.38,470820,22.74,23.21,20.76,-5.981,-7.8989,2.9814,0.4756,1.368,0.8299
GAS,2016-04-04,20.71,21.38,20.71,20.81,697070,22.5,23.03,20.86,-7.5091,-9.6489,-0.2364,-1.0383,-2.5613,0.8407
GAS,2016-04-05,20.61,21.12,20.4,21.12,813570,22.27,22.9,20.97,-5.1584,-7.7763,0.725,1.6115,4.1011,0.9897
GAS,2016-04-06,21.69,22.15,21.53,22.15,844500,22.09,22.84,21.11,0.2565,-3.0178,4.9368,1.7623,4.5445,1.0544
GAS,2016-04-07,22.72,22.92,22.46,22.72,1021450,22.04,22.78,21.27,3.0614,-0.2961,6.8194,0.2077,0.4733,0.9159
GAS,2016-04-08,23.44,23.44,22.51,22.72,693050,21.99,22.73,21.41,3.3271,-0.0757,6.1272,-0.8571,-2.4953,0.94
GAS,2016-04-11,23.28,23.54,23.13,23.18,968630,21.98,22.71,21.53,5.4853,2.0963,7.658,-1.2861,-3.1778,1.0574
GAS,2016-04-12,23.18,23.49,23.18,23.44,914510,22.08,22.73,21.65,6.1596,3.1159,8.2579,0.9425,2.7163,1.0217
GAS,2016-04-13,23.85,24.21,23.54,23.8,1273840,22.24,22.76,21.77,6.994,4.5486,9.3378,-0.5689,-1.491,1.008
GAS,2016-04-14,23.44,23.85,23.44,23.64,714940,22.5,22.74,21.88,5.1065,3.9873,8.0772,0.0,0.0001,0.875
GAS,2016-04-15,23.7,24.11,23.7,23.85,880220,22.74,22.74,21.97,4.8698,4.8816,8.5707,-0.365,-1.0709,0.8639
GAS,2016-04-19,23.18,23.23,22.72,22.82,1543460,22.94,22.72,22.05,-0.5388,0.4307,3.4733,-1.6432,-3.8849,0.9244
GAS,2016-04-20,23.08,23.13,22.87,23.08,859070,23.14,22.7,22.16,-0.2671,1.6449,4.1384,1.3777,3.2769,0.9011
GAS,2016-04-21,23.54,24.52,23.54,24.52,1430930,23.38,22.74,22.27,4.892,7.8509,10.0827,3.1699,8.5961,1.0418
GAS,2016-04-22,24.21,25.5,24.21,25.5,2152670,23.65,22.85,22.41,7.7962,11.5996,13.7863,3.2066,8.761,1.3417
GAS,2016-04-25,25.55,25.55,24.88,24.88,692070,23.87,22.93,22.53,4.2296,8.5149,10.4228,-0.982,-2.6348,1.3542
GAS,2016-04-26,24.73,25.5,24.57,25.5,841390,24.1,23.04,22.67,5.7918,10.6764,12.5013,1.4008,3.6328,1.3657
GAS,2016-04-27,26.27,26.79,25.76,26.01,1114170,24.36,23.22,22.79,6.7879,12.0355,14.1408,-1.0608,-3.2024,1.3775
GAS,2016-04-28,26.27,27.04,26.01,26.27,1261820,24.61,23.43,22.93,6.7616,12.1495,14.5832,-1.5234,-4.5321,1.4729
GAS,2016-04-29,26.53,26.79,26.01,26.27,583190,24.87,23.68,23.04,5.6338,10.9299,14.0157,-0.3784,-1.2065,1.5108
GAS,2016-05-04,25.24,26.01,25.14,26.01,1295780,25.09,23.92,23.14,3.6961,8.7776,12.4048,2.2336,6.5511,1.6976
GAS,2016-05-05,26.01,26.53,25.76,25.76,536180,25.38,24.16,23.24,1.4816,6.5985,10.8514,-0.9759,-2.8216,1.6309
GAS,2016-05-06,25.76,26.79,25.65,26.01,816430,25.67,24.41,23.33,1.3242,6.585,11.5126,-0.6161,-2.0031,1.5547
GAS,2016-05-09,26.53,26.53,25.76,26.27,576800,25.85,24.61,23.43,1.6341,6.7392,12.1204,0.3951,1.2082,1.2773
GAS,2016-05-10,25.76,26.27,25.5,26.27,974170,25.93,24.79,23.54,1.3312,5.974,11.5817,2.0005,5.626,1.1567
GAS,2016-05-11,26.27,26.79,26.01,26.79,630570,26.12,24.99,23.66,2.5641,7.1723,13.2093,1.1074,3.167,1.1692
GAS,2016-05-12,27.04,27.82,26.79,27.04,786420,26.27,25.19,23.78,2.9412,7.3729,13.7225,-0.8011,-2.4579,1.1092
GAS,2016-05-13,27.04,27.82,26.79,27.82,780030,26.45,25.41,23.91,5.1607,9.489,16.3538,1.6622,5.292,1.1694
GAS,2016-05-16,27.56,28.59,27.56,28.59,818020,26.68,25.65,24.04,7.1428,11.4793,18.9055,1.6053,4.9307,1.1776
GAS,2016-05-17,29.36,30.39,29.11,30.39,1565850,27.1,25.98,24.21,12.1673,16.9707,25.558,2.7916,8.2474,1.4189
GAS,2016-05-18,30.39,30.91,29.62,29.88,1128220,27.48,26.28,24.35,8.716,13.6698,22.7158,-1.2605,-4.4121,1.3216
GAS,2016-05-19,29.36,29.88,29.11,29.62,779220,27.87,26.62,24.45,6.2847,11.2508,21.1348,0.4665,1.7444,1.2706
GAS,2016-05-20,30.14,30.14,29.36,29.62,671010,28.23,26.95,24.57,4.927,9.9006,20.5581,-0.5045,-1.7538,1.2595
GAS,2016-05-23,29.62,29.62,28.85,29.11,488360,28.51,27.18,24.68,2.0777,7.0786,17.9117,-0.362,-1.2075,1.2561
GAS,2016-05-24,28.85,29.36,28.33,29.11,470200,28.8,27.36,24.79,1.0734,6.373,17.409,0.5231,1.7277,1.1084
GAS,2016-05-25,29.62,29.88,29.36,29.62,379090,29.08,27.6,24.91,1.8601,7.3262,18.9212,0.0,0.0,0.9977
GAS,2016-05-26,29.62,29.88,29.11,29.36,401200,29.31,27.79,25.02,0.1757,5.6534,17.3602,-0.2784,-0.9355,0.9454
GAS,2016-05-27,29.11,29.36,28.85,29.11,280110,29.44,27.95,25.14,-1.1373,4.1475,15.7596,0.0,0.0,0.7792
GAS,2016-05-30,29.36,29.62,28.85,29.36,400740,29.52,28.1,25.27,-0.5236,4.4913,16.2079,0.2482,0.9757,0.6435
GAS,2016-05-31,29.36,31.17,29.36,30.91,972210,29.57,28.33,25.4,4.5296,9.0909,21.6743,1.1609,4.1126,0.4804
GAS,2016-06-01,30.91,31.17,30.39,30.91,407400,29.67,28.58,25.54,4.1667,8.1568,20.997,0.2462,0.9995,0.379
GAS,2016-06-02,30.65,31.68,30.65,31.68,543250,29.88,28.87,25.71,6.0345,9.7235,23.2021,0.9874,4.2001,0.4311
GAS,2016-06-03,31.68,32.2,31.17,31.17,337210,30.03,29.13,25.87,3.7736,6.985,20.4747,-0.5742,-2.3509,0.438
GAS,2016-06-06,30.91,31.42,30.65,31.17,321640,30.24,29.38,26.01,3.0664,6.0938,19.802,0.196,0.7763,0.4215
GAS,2016-06-07,31.94,31.94,31.17,31.68,170530,30.5,29.65,26.18,3.8851,6.8636,20.9963,0.1115,0.4071,0.3803
GAS,2016-06-08,32.2,32.45,31.17,31.17,595820,30.65,29.86,26.34,1.6807,4.3553,18.3166,-1.0625,-3.3428,0.4865
GAS,2016-06-09,31.42,31.94,31.42,31.94,423150,30.91,30.11,26.51,3.3333,6.0736,20.4585,0.7867,2.659,0.5374
GAS,2016-06-10,31.42,31.94,31.17,31.17,555260,31.11,30.28,26.69,0.1656,2.9349,16.7728,-0.9257,-3.6161,0.6299
GAS,2016-06-13,30.39,30.91,30.14,30.91,751750,31.27,30.39,26.86,-1.1532,1.6949,15.0527,1.2277,4.4498,0.7279
GAS,2016-06-14,30.91,31.42,30.39,30.91,511180,31.27,30.42,27.06,-1.1532,1.6088,14.2205,0.0,0.0,0.6118
GAS,2016-06-15,30.65,31.94,30.39,31.68,564820,31.35,30.51,27.27,1.0682,3.8413,16.1912,0.8069,2.719,0.6679
GAS,2016-06-16,31.42,31.68,30.91,30.91,398130,31.27,30.57,27.47,-1.1532,1.0952,12.5239,-0.6158,-2.0941,0.6307
GAS,2016-06-17,30.39,31.17,30.39,30.65,329190,31.22,30.62,27.66,-1.8152,0.0841,10.8173,-0.1131,-0.3673,0.5846
GAS,2016-06-20,31.17,31.68,30.91,31.68,322630,31.27,30.75,27.85,1.318,3.0151,13.7583,0.637,2.0376,0.6287
GAS,2016-06-21,31.68,31.94,31.17,31.17,277680,31.22,30.86,28.02,-0.165,1.0017,11.2337,-0.51,-1.5512,0.6685
GAS,2016-06-22,31.17,31.68,31.17,31.17,129740,31.22,30.93,28.19,-0.165,0.7494,10.5669,-0.3035,-1.0297,0.5926
GAS,2016-06-23,31.17,31.42,31.17,31.42,135840,31.17,31.04,28.35,0.8264,1.2448,10.8325,0.2823,0.9367,0.5422
GAS,2016-06-24,31.42,31.68,29.36,30.91,991960,31.14,31.13,28.5,-0.7444,-0.7033,8.4442,0.3681,1.2404,0.4864
GAS,2016-06-27,30.14,31.42,29.88,31.17,249890,31.17,31.22,28.65,-0.0,-0.165,8.7855,0.3172,1.0815,0.3954
GAS,2016-06-28,30.39,31.17,30.39,31.17,123320,31.19,31.23,28.8,-0.0826,-0.2062,8.2174,0.4074,1.3892,0.4361
GAS,2016-06-29,31.17,31.94,31.17,31.94,452560,31.22,31.28,28.96,2.3102,2.0996,10.2811,0.7828,2.5769,0.4337
GAS,2016-06-30,32.45,33.23,32.2,32.2,336610,31.35,31.31,29.15,2.7116,2.8383,10.4552,-0.6039,-2.1737,0.4325
GAS,2016-07-01,32.45,34.26,32.45,33.74,708190,31.65,31.44,29.36,6.5907,7.3331,14.9163,0.6023,2.2141,0.4814
GAS,2016-07-04,34.0,34.26,33.74,34.26,204330,31.91,31.59,29.56,7.3446,8.4386,15.9021,0.2836,1.0368,0.4461
GAS,2016-07-05,34.26,34.77,33.48,33.74,430750,32.17,31.69,29.72,4.8839,6.4608,13.5261,-0.3524,-1.3033,0.4303
GAS,2016-07-06,33.48,33.74,32.97,33.23,461320,32.38,31.8,29.89,2.6253,4.4957,11.1686,-0.2274,-0.7524,0.4227
GAS,2016-07-07,33.48,34.51,33.23,34.51,468190,32.69,31.93,30.07,5.595,8.1081,14.785,0.6884,2.2684,0.4633
GAS,2016-07-08,34.0,34.51,33.48,34.0,764050,32.99,32.07,30.23,3.0445,6.0241,12.4744,-0.0,-0.0,0.4265
GAS,2016-07-11,33.48,34.0,32.71,32.97,620090,33.17,32.17,30.36,-0.6211,2.482,8.585,-0.3543,-1.3157,0.4303
GAS,2016-07-12,32.97,33.48,32.97,33.23,516910,33.38,32.29,30.5,-0.463,2.9118,8.9343,-0.0,-0.0,0.3895
GAS,2016-07-13,33.74,34.51,33.48,34.0,686300,33.59,32.4,30.66,1.227,4.9285,10.8871,-0.0,-0.0,0.3112
GAS,2016-07-14,33.74,34.26,33.23,33.23,423230,33.69,32.52,30.81,-1.3762,2.1782,7.8415,-0.4026,-1.4086,0.2911
GAS,2016-07-15,33.48,33.48,32.97,32.97,308940,33.61,32.63,30.95,-1.9157,1.026,6.5246,-0.5475,-2.0029,0.2856
GAS,2016-07-18,33.23,33.48,32.97,33.48,218600,33.54,32.72,31.09,-0.1536,2.3219,7.6872,0.3435,1.2666,0.2916
GAS,2016-07-19,33.23,33.48,32.2,32.97,509820,33.46,32.81,31.23,-1.4627,0.4709,5.5757,0.2397,0.8409,0.2804
GAS,2016-07-20,32.71,32.97,32.2,32.2,370850,33.35,32.87,31.34,-3.4749,-2.0376,2.7453,-0.6238,-1.9024,0.32
GAS,2016-07-21,32.45,33.23,32.2,32.45,364630,33.15,32.92,31.44,-2.0979,-1.4084,3.211,-0.3106,-1.0044,0.2822
GAS,2016-07-22,31.94,31.94,30.65,31.68,527280,32.92,32.96,31.52,-3.7559,-3.8687,0.5066,0.4389,1.5207,0.3261
GAS,2016-07-25,31.68,32.45,31.17,31.94,258480,32.81,32.99,31.59,-2.6687,-3.2006,1.109,0.1099,0.3886,0.3016
GAS,2016-07-26,31.68,31.68,30.39,30.39,476690,32.53,32.96,31.59,-6.5717,-7.7765,-3.7834,-1.0268,-3.4231,0.4043
GAS,2016-07-27,30.39,31.17,30.39,31.17,431140,32.25,32.92,31.61,-3.3546,-5.3208,-1.4176,0.7889,3.0072,0.4832
GAS,2016-07-28,30.91,30.91,29.36,29.88,434230,31.91,32.8,31.62,-6.3761,-8.9124,-5.5067,-0.2368,-0.7232,0.4666
GAS,2016-07-29,29.11,30.39,28.85,30.14,342350,31.63,32.62,31.63,-4.7231,-7.6194,-4.7231,0.4316,1.1669,0.455
GAS,2016-08-01,30.91,31.17,30.14,30.91,157810,31.37,32.45,31.67,-1.4778,-4.7619,-2.3914,0.212,0.6544,0.4419
GAS,2016-08-02,29.88,30.65,29.88,30.65,505680,31.14,32.3,31.7,-1.5715,-5.1037,-3.2992,0.616,1.8963,0.4795
GAS,2016-08-03,30.14,30.65,29.88,30.39,340370,30.96,32.16,31.71,-1.8303,-5.4866,-4.1586,0.2315,0.7884,0.4403
GAS,2016-08-04,30.91,31.17,30.65,30.65,284210,30.78,31.96,31.74,-0.4184,-4.1096,-3.4248,-0.4361,-1.5672,0.4528
GAS,2016-08-05,30.65,31.17,30.65,30.65,242360,30.68,31.8,31.77,-0.084,-3.6047,-3.5187,-0.4176,-1.3872,0.4507
GAS,2016-08-08,30.65,31.17,30.39,31.17,233810,30.6,31.71,31.8,1.8518,-1.7059,-2.0084,0.5682,1.9338,0.4965
GAS,2016-08-09,31.17,31.94,31.17,31.68,155570,30.73,31.63,31.82,3.1014,0.1629,-0.4371,0.1046,0.2982,0.4043
GAS,2016-08-10,31.68,31.94,31.42,31.94,282640,30.81,31.53,31.84,3.6789,1.3072,0.3074,0.5147,1.626,0.3769
GAS,2016-08-11,31.42,31.94,31.17,31.94,328430,31.01,31.46,31.85,2.99,1.5145,0.2912,0.4135,1.3236,0.3946
GAS,2016-08-12,32.97,33.74,32.45,32.45,485930,31.24,31.44,31.87,3.8747,3.2364,1.8264,-0.2878,-2.5224,0.3802
GAS,2016-08-15,32.45,33.23,32.45,32.97,261300,31.45,31.41,31.91,4.8321,4.961,3.3258,0.1123,0.3945,0.3702
GAS,2016-08-16,33.23,33.48,32.45,32.71,398420,31.65,31.4,31.93,3.3361,4.1838,2.4524,-0.3289,-0.9554,0.3415
GAS,2016-08-17,32.71,32.97,32.45,32.71,416560,31.89,31.42,31.96,2.5848,4.0984,2.3533,0.0,0.0,0.3184
GAS,2016-08-18,32.71,32.71,31.68,31.94,395590,32.02,31.4,31.96,-0.2413,1.7227,-0.0645,-0.2974,-0.7443,0.3045
GAS,2016-08-19,32.71,33.74,32.2,33.23,666770,32.27,31.47,32.0,2.9529,5.5646,3.8313,0.3944,1.0482,0.3022
GAS,2016-08-22,33.23,34.26,33.23,33.74,462840,32.53,31.56,32.06,3.7213,6.8952,5.2547,0.0,0.0,0.2454
GAS,2016-08-23,33.23,33.23,32.45,32.71,280550,32.63,31.68,32.09,0.2368,3.252,1.9262,-0.1866,-0.5413,0.2536
GAS,2016-08-24,32.71,33.23,32.71,32.71,212080,32.71,31.76,32.11,0.0,3.0008,1.8608,-0.4004,-1.3411,0.2421
GAS,2016-08-25,32.45,32.71,31.68,31.94,334400,32.71,31.86,32.13,-2.3622,0.2425,-0.6092,-0.3025,-1.0657,0.231
GAS,2016-08-26,31.94,32.71,31.94,32.71,151110,32.74,31.99,32.18,-0.0787,2.2544,1.6651,0.2457,0.7181,0.2268
GAS,2016-08-29,32.45,32.97,32.45,32.45,201650,32.69,32.07,32.19,-0.7092,1.2048,0.8161,-0.2611,-0.8558,0.2417
GAS,2016-08-30,31.94,33.23,31.94,33.23,328260,32.74,32.2,32.23,1.4949,3.2,3.0845,0.6472,1.9411,0.2735
GAS,2016-08-31,32.97,33.23,32.71,32.97,361250,32.76,32.32,32.27,0.6289,1.992,2.1711,-0.0,-0.0,0.2735
GAS,2016-09-01,32.97,33.23,32.45,32.71,242130,32.84,32.43,32.29,-0.3922,0.8737,1.2921,-0.1506,-0.4914,0.2589
GAS,2016-09-05,32.45,32.71,32.2,32.45,307240,32.76,32.52,32.32,-0.9434,-0.198,0.3984,-0.0,-0.0,0.2194
GAS,2016-09-06,32.45,33.23,32.45,32.97,299840,32.69,32.61,32.36,0.8668,1.1058,1.8784,0.1963,0.5627,0.239
GAS,2016-09-07,32.45,32.97,31.94,32.45,341850,32.66,32.65,32.39,-0.6309,-0.5917,0.2068,-0.0,-0.0,0.2204
GAS,2016-09-08,32.45,33.48,32.45,33.23,253060,32.71,32.71,32.41,1.5748,1.5748,2.5111,0.2203,0.5966,0.2024
GAS,2016-09-09,33.48,34.26,33.23,33.23,390520,32.84,32.78,32.43,1.1765,1.3752,2.446,-0.8753,-2.3107,0.2597
GAS,2016-09-12,32.45,32.71,32.2,32.5,199240,32.82,32.78,32.41,-0.9575,-0.833,0.2988,0.0772,0.2254,0.2428
GAS,2016-09-13,32.2,32.97,32.2,32.71,159100,32.84,32.77,32.38,-0.4078,-0.1651,1.031,0.1355,0.3518,0.2302
GAS,2016-09-14,32.71,32.81,32.4,32.71,183850,32.79,32.77,32.36,-0.2513,-0.1651,1.0953,0.2154,0.7221,0.1871
GAS,2016-09-15,32.2,32.71,32.2,32.45,301400,32.74,32.75,32.34,-0.8811,-0.9122,0.3472,-0.0,-0.0,0.1871
GAS,2016-09-16,32.45,32.56,32.35,32.56,104950,32.73,32.78,32.3,-0.5194,-0.6914,0.7878,0.084,0.2431,0.1804
GAS,2016-09-19,32.61,32.97,32.56,32.97,127030,32.78,32.77,32.28,0.5815,0.6052,2.1287,0.2181,0.5504,0.2022
GAS,2016-09-20,32.92,34.0,32.71,34.0,221460,32.88,32.78,32.3,3.3996,3.7084,5.2531,0.4288,1.1004,0.2254
GAS,2016-09-21,34.0,34.87,33.79,34.82,399860,33.12,32.89,32.33,5.1486,5.8814,7.6982,0.885,2.8774,0.314
GAS,2016-09-22,35.44,35.54,34.93,34.93,240820,33.29,33.0,32.35,4.9211,5.8383,7.9549,-0.4856,-1.6215,0.3405
GAS,2016-09-23,34.87,35.34,34.72,35.34,162790,33.5,33.17,32.39,5.4898,6.5383,9.0863,0.3732,1.0435,0.2903
GAS,2016-09-26,35.03,35.29,34.57,35.29,261700,33.78,33.3,32.44,4.4685,5.9715,8.7716,0.6004,1.7699,0.3426
GAS,2016-09-27,35.29,35.7,35.08,35.7,318780,34.08,33.46,32.49,4.7619,6.6892,9.8918,0.5128,1.6281,0.3803
GAS,2016-09-28,35.54,36.06,35.54,36.06,459890,34.41,33.6,32.55,4.7904,7.3126,10.7911,0.8623,3.4105,0.445
GAS,2016-09-29,37.09,38.22,37.09,37.71,456820,34.94,33.84,32.66,7.9328,11.4325,15.4647,0.0763,0.2288,0.4527
GAS,2016-09-30,37.97,38.02,36.57,36.57,343210,35.34,34.03,32.74,3.4759,7.4451,11.6859,-0.5992,-1.8316,0.5042
GAS,2016-10-03,36.67,37.08,36.57,36.82,125030,35.72,34.25,32.84,3.0848,7.5166,12.1256,0.0,0.0,0.4824
GAS,2016-10-04,36.82,37.34,36.31,36.88,157860,36.01,34.45,32.94,2.405,7.0572,11.9469,0.036,0.1055,0.4431
GAS,2016-10-05,36.88,37.45,36.88,37.14,116800,36.24,34.68,33.08,2.467,7.0822,12.2745,-0.0236,-0.0831,0.3569
GAS,2016-10-06,37.34,37.45,36.57,36.57,86330,36.41,34.85,33.18,0.4384,4.9319,10.1898,-0.128,-0.499,0.3212
GAS,2016-10-07,37.24,37.24,36.57,36.77,109370,36.55,35.02,33.32,0.6117,4.9929,10.3564,-0.0885,-0.3789,0.2927
GAS,2016-10-10,36.77,36.77,35.01,35.01,128380,36.52,35.15,33.42,-4.1404,-0.3981,4.7578,-0.2145,-0.8642,0.2541
GAS,2016-10-11,35.94,37.34,35.42,37.34,291730,36.69,35.38,33.55,1.7918,5.5465,11.3129,0.5076,1.6588,0.2536
GAS,2016-10-12,37.34,37.34,36.31,36.57,146820,36.74,35.57,33.67,-0.4662,2.7877,8.6109,-0.1667,-0.578,0.184
GAS,2016-10-13,35.79,36.82,35.79,36.82,96960,36.65,35.79,33.8,0.4812,2.8845,8.9648,0.1661,0.7399,0.193
GAS,2016-10-14,36.93,37.24,36.72,36.72,76660,36.66,36.0,33.92,0.1556,2.0013,8.2689,-0.1077,-0.461,0.1439
GAS,2016-10-17,36.72,36.72,35.79,36.05,119640,36.59,36.15,34.02,-1.4743,-0.2979,5.9438,-0.1013,-0.3462,0.154
GAS,2016-10-18,36.05,36.2,35.37,35.53,128270,36.45,36.23,34.11,-2.5327,-1.9399,4.1523,-0.1837,-0.7602,0.1688
GAS,2016-10-19,35.79,36.05,35.58,35.84,90290,36.32,36.28,34.2,-1.328,-1.2195,4.8091,0.0148,0.0613,0.1679
GAS,2016-10-20,36.2,36.2,35.79,35.79,144580,36.24,36.33,34.27,-1.2593,-1.4794,4.4223,-0.3629,-1.258,0.1914
GAS,2016-10-21,35.53,35.79,35.32,35.79,186160,36.15,36.35,34.35,-0.9901,-1.5403,4.1882,0.3466,1.3926,0.2172
GAS,2016-10-24,35.32,35.74,35.32,35.32,112040,36.18,36.35,34.41,-2.3656,-2.8291,2.6579,-0.2112,-0.7209,0.2169
GAS,2016-10-25,35.27,35.53,34.8,35.42,187330,35.98,36.34,34.46,-1.5566,-2.507,2.8126,0.3136,1.3236,0.1975
GAS,2016-10-26,35.22,35.42,35.11,35.11,143550,35.84,36.29,34.5,-2.0261,-3.2375,1.7675,-0.4094,-1.8008,0.2217
GAS,2016-10-27,35.11,35.27,34.85,35.17,128110,35.67,36.16,34.55,-1.4248,-2.7539,1.773,0.2078,0.7104,0.2259
GAS,2016-10-28,35.01,35.37,35.01,35.27,117960,35.53,36.1,34.62,-0.7299,-2.2918,1.8768,0.1449,0.5911,0.2296
GAS,2016-10-31,35.27,35.27,34.23,34.23,297550,35.35,35.97,34.64,-3.1548,-4.8237,-1.1769,-0.6615,-2.1593,0.2856
GAS,2016-11-01,33.97,34.65,33.87,34.49,285650,35.24,35.85,34.65,-2.1339,-3.7835,-0.4714,0.5596,1.8339,0.3232
GAS,2016-11-02,34.49,34.65,34.08,34.18,140040,35.08,35.7,34.68,-2.558,-4.2569,-1.4529,-0.1831,-0.6407,0.3401
GAS,2016-11-03,34.13,34.13,32.99,33.87,224930,34.89,35.56,34.71,-2.9141,-4.7689,-2.4153,0.248,0.7895,0.3286
GAS,2016-11-04,34.08,34.08,33.66,34.08,92300,34.71,35.43,34.75,-1.8377,-3.8208,-1.9383,0.3401,1.0712,0.3279
GAS,2016-11-07,34.08,34.91,33.71,34.91,152080,34.67,35.42,34.79,0.6732,-1.4641,0.3231,0.4466,1.5307,0.3514
GAS,2016-11-08,35.17,35.17,34.85,35.11,157360,34.64,35.31,34.85,1.3625,-0.5655,0.7653,0.3234,1.2644,0.3524
GAS,2016-11-09,34.23,35.11,33.19,34.8,239570,34.61,35.22,34.88,0.5545,-1.2,-0.218,0.3316,0.9821,0.3446
GAS,2016-11-10,34.8,35.53,34.8,35.27,244160,34.62,35.15,34.92,1.8727,0.3468,0.9871,0.1525,0.6235,0.3391
GAS,2016-11-11,35.27,35.79,35.27,35.32,31690,34.63,35.08,34.98,2.0072,0.695,0.9847,-0.0891,-0.338,0.3335
GAS,2016-11-14,35.27,35.27,34.65,34.75,89780,34.68,35.01,35.02,0.2094,-0.7481,-0.7768,-0.1479,-0.4678,0.2822
GAS,2016-11-15,34.75,34.96,34.54,34.85,92810,34.71,34.98,35.06,0.4034,-0.3559,-0.5876,0.13,0.4437,0.2392
GAS,2016-11-16,35.22,35.42,34.8,34.91,125530,34.79,34.93,35.11,0.3429,-0.0742,-0.5788,-0.1965,-0.7638,0.2406
GAS,2016-11-17,35.01,35.01,34.85,34.85,73200,34.89,34.89,35.14,-0.0892,-0.0892,-0.8185,-0.168,-0.6912,0.2326
GAS,2016-11-18,34.75,34.91,34.75,34.85,78920,34.96,34.84,35.17,-0.3115,0.0447,-0.9103,0.069,0.2445,0.2054
GAS,2016-11-21,34.85,34.96,34.85,34.91,70110,34.96,34.82,35.22,-0.1632,0.2532,-0.8981,0.0,0.0001,0.1608
GAS,2016-11-22,35.27,36.05,35.27,35.63,93310,35.01,34.83,35.28,1.7627,2.3083,0.9959,-0.0147,-0.0513,0.1299
GAS,2016-11-23,35.63,35.89,35.53,35.58,59900,35.09,34.85,35.34,1.3893,2.0909,0.6851,-0.0919,-0.3122,0.106
GAS,2016-11-24,35.37,35.58,35.27,35.37,47110,35.1,34.86,35.4,0.7683,1.4654,-0.0671,-0.0354,-0.1127,0.0942
GAS,2016-11-25,35.27,35.37,35.01,35.27,126720,35.1,34.86,35.45,0.4877,1.1679,-0.5126,0.1131,0.4109,0.0966
GAS,2016-11-28,35.27,35.32,35.01,35.27,156290,35.15,34.91,35.5,0.3394,1.0176,-0.6415,0.2363,0.7411,0.1055
GAS,2016-11-29,34.59,35.27,33.45,33.45,165130,35.01,34.86,35.49,-4.4444,-4.0393,-5.7266,-0.31,-0.9328,0.1235
GAS,2016-11-30,33.45,33.45,32.68,33.14,197670,34.83,34.81,35.45,-4.8541,-4.7903,-6.515,0.0791,0.309,0.1117
GAS,2016-12-01,35.42,35.42,35.27,35.42,355160,34.89,34.89,35.46,1.5311,1.5387,-0.106,0.6908,2.4045,0.164
GAS,2016-12-02,35.79,35.94,35.01,35.22,125390,34.93,34.94,35.46,0.8316,0.7792,-0.6842,-0.1716,-0.6198,0.1743
GAS,2016-12-05,34.85,35.11,34.23,34.49,43400,34.89,34.92,35.44,-1.1299,-1.2401,-2.6883,-0.0413,-0.1653,0.1784
GAS,2016-12-06,34.75,34.75,33.19,34.7,141330,34.79,34.9,35.42,-0.2683,-0.587,-2.0477,0.238,0.9641,0.2007
GAS,2016-12-07,33.87,34.59,33.71,33.87,50640,34.62,34.86,35.38,-2.1723,-2.8346,-4.2719,-0.0936,-0.3625,0.2009
GAS,2016-12-08,33.19,33.97,33.14,33.71,109720,34.45,34.78,35.3,-2.1526,-3.0646,-4.496,0.1076,0.432,0.2081
GAS,2016-12-09,33.97,34.23,33.19,34.23,177470,34.35,34.72,35.25,-0.3473,-1.419,-2.8983,0.5707,2.27,0.2539
GAS,2016-12-12,34.7,35.42,34.23,34.23,171330,34.25,34.7,35.2,-0.0454,-1.3453,-2.7553,-0.3582,-1.484,0.2661
GAS,2016-12-13,34.75,34.75,33.45,33.71,123920,34.27,34.64,35.14,-1.6344,-2.68,-4.0562,-0.1525,-0.5322,0.2503
GAS,2016-12-14,33.25,33.97,33.25,33.71,68590,34.33,34.58,35.07,-1.7978,-2.5122,-3.8689,0.0146,0.0933,0.2439
GAS,2016-12-15,33.71,33.71,33.14,33.4,114660,34.13,34.51,35.01,-2.1277,-3.2088,-4.5841,-0.0207,-0.0639,0.1769
GAS,2016-12-16,33.66,33.66,32.93,33.3,111530,33.94,34.43,34.94,-1.8799,-3.2914,-4.6912,0.0,0.0,0.1597
GAS,2016-12-19,33.97,33.97,33.45,33.66,89160,33.85,34.37,34.91,-0.5669,-2.0599,-3.5776,-0.0411,-0.1465,0.1597
GAS,2016-12-20,33.66,33.71,32.93,32.99,128610,33.68,34.24,34.82,-2.0634,-3.651,-5.2726,-0.2284,-0.7083,0.1587
GAS,2016-12-21,33.4,33.82,33.25,33.71,148590,33.67,34.14,34.77,0.1387,-1.2608,-3.0285,0.2192,0.6814,0.1713
GAS,2016-12-22,34.14,34.3,33.98,34.14,74520,33.71,34.08,34.71,1.2884,0.1809,-1.6379,0.0,0.0,0.1605
GAS,2016-12-23,34.2,34.2,33.34,33.34,91970,33.62,33.99,34.64,-0.8411,-1.9076,-3.7738,-0.243,-0.845,0.1278
GAS,2016-12-26,33.87,33.87,32.85,32.85,33570,33.48,33.86,34.58,-1.8782,-2.9867,-4.9955,-0.0831,-0.3313,0.1003
GAS,2016-12-27,32.8,33.01,30.59,32.26,122290,33.34,33.81,34.52,-3.2253,-4.5653,-6.5293,0.0961,0.2823,0.0946
GAS,2016-12-28,32.26,32.53,32.05,32.21,199190,33.19,33.76,34.44,-2.9484,-4.5925,-6.4883,-0.1389,-0.5183,0.1071
GAS,2016-12-29,32.21,32.32,32.1,32.1,158240,33.06,33.59,34.37,-2.8917,-4.4406,-6.6006,-0.3341,-1.1752,0.1384
GAS,2016-12-30,32.1,32.69,32.1,32.58,63220,32.98,33.46,34.3,-1.2145,-2.6184,-5.0155,0.0785,0.2619,0.1462
GAS,2017-01-03,32.8,32.8,32.21,32.32,119390,32.85,33.35,34.24,-1.6282,-3.1069,-5.6338,-0.1609,-0.5522,0.1582
GAS,2017-01-04,32.26,33.23,32.21,33.07,144060,32.86,33.27,34.2,0.6384,-0.6069,-3.3025,0.2522,0.7878,0.1606
GAS,2017-01-05,33.23,33.23,32.8,33.07,30860,32.79,33.23,34.16,0.8362,-0.4872,-3.1868,0.0195,0.0756,0.1406
GAS,2017-01-06,33.07,33.07,32.48,32.48,73420,32.63,33.17,34.1,-0.4615,-2.085,-4.7685,-0.1515,-0.4526,0.1558
GAS,2017-01-09,32.48,32.91,32.26,32.53,210470,32.55,33.08,34.05,-0.0496,-1.6707,-4.4574,-0.0745,-0.2374,0.1389
GAS,2017-01-10,32.69,32.69,32.15,32.26,145150,32.49,32.98,34.01,-0.6951,-2.1922,-5.1372,-0.2418,-0.6986,0.1548
GAS,2017-01-11,32.26,32.53,32.26,32.48,52950,32.51,32.92,33.97,-0.0993,-1.3553,-4.3915,0.0556,0.1805,0.1508
GAS,2017-01-12,32.53,32.75,32.37,32.53,35960,32.54,32.86,33.94,-0.0331,-1.0142,-4.1402,-0.0103,-0.0381,0.1379
GAS,2017-01-13,32.53,32.69,32.05,32.05,172210,32.54,32.8,33.9,-1.5039,-2.2853,-5.4647,-0.393,-1.4386,0.1438
GAS,2017-01-16,32.05,32.05,31.03,31.19,292540,32.4,32.69,33.84,-3.7344,-4.6013,-7.8454,-0.4205,-1.5691,0.178
GAS,2017-01-17,30.97,31.19,30.43,30.49,274310,32.21,32.53,33.75,-5.358,-6.2847,-9.6751,-0.4055,-1.435,0.2024
GAS,2017-01-18,30.49,30.97,30.49,30.86,250630,31.99,32.43,33.67,-3.5294,-4.8171,-8.3291,0.2677,0.9645,0.204
GAS,2017-01-19,30.65,30.86,30.65,30.86,48270,31.77,32.28,33.59,-2.86,-4.3971,-8.1141,0.1418,0.4278,0.2162
GAS,2017-01-20,30.86,31.29,30.65,31.24,88440,31.65,32.14,33.51,-1.2912,-2.7941,-6.77,0.2217,0.7036,0.2232
GAS,2017-01-23,31.24,31.46,30.65,31.46,143830,31.54,32.04,33.43,-0.2728,-1.8374,-5.911,0.4052,1.5487,0.2563
GAS,2017-01-24,31.72,32.48,31.46,32.26,158760,31.54,32.01,33.38,2.2844,0.7726,-3.3546,0.203,0.7398,0.2524
GAS,2017-01-25,32.26,32.32,31.99,32.32,190060,31.53,32.02,33.33,2.5073,0.9321,-3.046,0.4256,1.3023,0.2894
GAS,2017-02-02,32.42,32.8,32.42,32.53,102440,31.53,32.03,33.28,3.1895,1.5527,-2.2615,-0.0981,-0.3018,0.2982
GAS,2017-02-03,32.53,32.53,31.83,31.99,174630,31.52,32.03,33.23,1.5012,-0.1091,-3.7114,-0.1831,-0.5943,0.2772
GAS,2017-02-06,31.99,32.8,31.62,32.26,415830,31.63,32.01,33.17,2.0061,0.7811,-2.7505,0.0749,0.2705,0.2426
GAS,2017-02-07,32.26,32.53,32.15,32.26,230780,31.8,32.01,33.12,1.437,0.7895,-2.5952,-0.1727,-0.628,0.2194
GAS,2017-02-08,32.26,32.26,31.78,31.78,118350,31.9,31.94,33.04,-0.3709,-0.5218,-3.8325,-0.2108,-0.7233,0.2137
GAS,2017-02-09,30.65,31.46,30.54,31.19,2471360,31.93,31.85,32.96,-2.324,-2.0849,-5.3708,1.4683,4.6498,0.3463
GAS,2017-02-10,31.19,31.99,31.13,31.72,774350,31.98,31.81,32.88,-0.7903,-0.2789,-3.5256,0.5096,1.5537,0.3751
GAS,2017-02-13,31.72,31.94,31.62,31.78,646920,32.01,31.78,32.81,-0.7223,0.0085,-3.1565,0.0,0.0,0.3346
GAS,2017-02-14,31.72,31.99,31.46,31.78,1178960,31.96,31.75,32.74,-0.572,0.0847,-2.95,0.3556,1.2273,0.3499
GAS,2017-02-15,31.83,31.83,31.56,31.78,943370,31.91,31.72,32.71,-0.4045,0.195,-2.8505,0.8703,2.7751,0.3943
GAS,2017-02-16,31.72,32.26,31.62,31.89,1044840,31.84,31.68,32.69,0.1351,0.6364,-2.4468,-0.2067,-0.6562,0.4052
GAS,2017-02-17,31.94,32.05,31.62,31.67,507400,31.81,31.66,32.61,-0.4395,0.017,-2.8817,-0.4679,-1.4548,0.4337
GAS,2017-02-20,31.67,31.83,31.35,31.72,545730,31.76,31.69,32.54,-0.1016,0.1018,-2.508,0.3316,1.1224,0.4594
GAS,2017-02-21,31.72,32.48,31.67,32.1,1564800,31.74,31.77,32.49,1.135,1.0323,-1.2061,0.1173,0.4506,0.4538
GAS,2017-02-22,32.42,33.34,32.42,33.34,2022590,31.9,31.9,32.47,4.5179,4.5179,2.6861,1.898,7.6108,0.6225
GAS,2017-02-23,33.61,34.09,33.39,33.87,1381370,32.16,32.05,32.47,5.3159,5.7047,4.3419,0.6541,2.24,0.5411
GAS,2017-02-24,33.93,33.93,33.18,33.18,749570,32.31,32.14,32.45,2.6793,3.2118,2.2226,-0.6467,-2.3481,0.5548
GAS,2017-02-27,32.96,33.28,32.64,33.28,868170,32.46,32.23,32.44,2.5344,3.2527,2.6139,1.0182,3.4262,0.6566
GAS,2017-02-28,33.34,33.5,32.42,32.42,665120,32.53,32.24,32.4,-0.3141,0.5586,0.0731,-0.6356,-2.399,0.6846
GAS,2017-03-01,32.48,32.48,31.56,31.67,1311380,32.51,32.21,32.36,-2.5963,-1.6777,-2.1268,-1.3398,-4.2954,0.7316
GAS,2017-03-02,31.94,31.99,31.19,31.19,926350,32.44,32.14,32.31,-3.878,-2.9776,-3.4716,-1.1264,-4.1924,0.8236
GAS,2017-03-03,31.19,31.67,30.92,31.51,487640,32.43,32.12,32.27,-2.8354,-1.9001,-2.3586,0.4274,1.1454,0.8195
GAS,2017-03-06,31.46,31.72,31.29,31.29,672260,32.39,32.07,32.23,-3.3704,-2.4227,-2.9045,-0.8322,-2.5253,0.8696
GAS,2017-03-07,31.19,31.35,30.92,31.29,979520,32.3,32.02,32.18,-3.1292,-2.2752,-2.7617,1.1052,3.4328,0.9684
GAS,2017-03-08,31.4,31.4,30.97,31.08,434580,32.08,31.99,32.14,-3.1177,-2.8408,-3.3153,-0.4152,-1.4188,0.8201
GAS,2017-03-09,30.86,30.86,30.54,30.54,1168640,31.75,31.96,32.08,-3.794,-4.4254,-4.8002,-1.7744,-5.3165,0.9321
GAS,2017-03-10,30.43,30.43,29.79,30.0,1316700,31.43,31.87,32.0,-4.5338,-5.8545,-6.2342,-0.7474,-2.378,0.9422
GAS,2017-03-13,29.57,29.9,28.98,29.41,869240,31.04,31.75,31.92,-5.2486,-7.3666,-7.8566,-0.0828,-0.2492,0.8486
GAS,2017-03-14,29.41,30.33,29.41,29.57,607090,30.76,31.64,31.85,-3.8462,-6.5341,-7.1605,-0.6469,-1.8492,0.8498
GAS,2017-03-15,29.57,29.95,29.47,29.57,684900,30.55,31.53,31.8,-3.1861,-6.2074,-7.0035,-0.7061,-1.6571,0.7864
GAS,2017-03-16,30.11,30.11,29.73,29.9,566040,30.42,31.43,31.75,-1.7147,-4.8841,-5.8521,-0.0883,-0.295,0.6826
GAS,2017-03-17,29.84,29.9,29.57,29.57,562130,30.22,31.33,31.7,-2.1526,-5.5956,-6.7196,-0.564,-1.5422,0.6962
GAS,2017-03-20,29.57,29.73,29.47,29.47,604570,30.04,31.21,31.64,-1.9152,-5.5986,-6.8756,-0.7436,-2.5429,0.6874
GAS,2017-03-21,29.57,29.73,29.25,29.25,503250,29.84,31.07,31.58,-1.9643,-5.8579,-7.3759,-0.5764,-1.6923,0.6345
GAS,2017-03-22,29.14,29.25,28.5,28.5,1255270,29.58,30.83,31.49,-3.6539,-7.5608,-9.4976,-1.2183,-3.9648,0.7148
GAS,2017-03-23,28.5,29.14,28.5,28.61,971180,29.39,30.57,31.4,-2.6532,-6.4122,-8.8979,-0.8795,-2.1854,0.6253
GAS,2017-03-24,28.71,29.3,28.71,29.3,516030,29.32,30.37,31.34,-0.0367,-3.5142,-6.4827,0.5303,1.9686,0.6036
GAS,2017-03-27,29.2,29.25,28.87,29.04,555010,29.28,30.16,31.27,-0.8265,-3.7262,-7.1335,-0.0876,-0.2769,0.6041
GAS,2017-03-28,29.04,29.04,28.77,28.82,319850,29.2,29.98,31.2,-1.3073,-3.8651,-7.618,-0.238,-0.7579,0.5632
GAS,2017-03-29,29.09,29.36,28.82,28.93,552250,29.14,29.84,31.13,-0.7197,-3.0631,-7.0619,-0.5147,-1.5692,0.5441
GAS,2017-03-30,29.04,29.41,29.04,29.25,362230,29.07,29.75,31.06,0.6103,-1.6631,-5.827,0.0727,0.2039,0.5425
GAS,2017-03-31,29.57,29.73,29.36,29.57,532050,29.07,29.65,31.01,1.72,-0.2539,-4.6364,0.1146,0.3328,0.4976
GAS,2017-04-03,29.47,29.73,29.3,29.41,428240,29.07,29.55,30.98,1.1839,-0.4821,-5.0479,-0.2241,-0.6719,0.4456
GAS,2017-04-04,29.57,29.57,29.04,29.2,551270,29.06,29.45,30.95,0.4625,-0.8581,-5.6637,-0.2205,-0.7764,0.41
GAS,2017-04-05,29.52,29.63,29.3,29.47,535710,29.16,29.37,30.92,1.0511,0.3295,-4.7089,0.0,0.0,0.2882
GAS,2017-04-07,29.73,30.76,29.63,30.76,1555420,29.37,29.38,30.92,4.7044,4.6852,-0.5287,1.7486,5.0189,0.3751
GAS,2017-04-10,31.3,31.3,30.86,30.97,485730,29.54,29.43,30.91,4.8461,5.2487,0.1891,-0.2287,-0.9625,0.345
GAS,2017-04-11,31.03,31.3,30.65,30.92,718510,29.73,29.5,30.9,3.999,4.7955,0.0477,-0.0992,-0.4754,0.3461
GAS,2017-04-12,31.03,31.03,30.16,30.16,733350,29.86,29.53,30.86,0.982,2.1116,-2.2851,-0.8919,-3.3514,0.4115
GAS,2017-04-13,30.7,30.7,29.56,29.78,678760,29.95,29.54,30.81,-0.576,0.787,-3.3607,-0.6,-2.2154,0.42
GAS,2017-04-14,29.88,29.94,29.12,29.34,568130,29.96,29.51,30.75,-2.0593,-0.5935,-4.5764,-0.2885,-1.0777,0.4416
GAS,2017-04-17,29.5,29.99,29.23,29.39,463270,29.94,29.51,30.69,-1.8189,-0.3789,-4.2375,-0.273,-0.9937,0.4574
GAS,2017-04-18,29.39,30.05,29.39,29.99,457560,30.0,29.53,30.65,-0.0129,1.5597,-2.1421,0.4016,1.4,0.4752
GAS,2017-04-19,30.05,30.16,29.78,29.94,247430,30.07,29.57,30.6,-0.4405,1.2575,-2.1714,-0.0554,-0.2073,0.4587
GAS,2017-04-20,29.61,29.61,29.39,29.39,405730,30.06,29.61,30.56,-2.2274,-0.734,-3.8002,-0.7474,-2.4998,0.5334
GAS,2017-04-21,29.34,29.61,29.18,29.18,256750,29.91,29.64,30.52,-2.439,-1.5642,-4.387,-0.3948,-1.7025,0.398
GAS,2017-04-24,29.18,29.67,29.07,29.45,361260,29.75,29.65,30.47,-1.0245,-0.6701,-3.351,0.1404,0.4733,0.3892
GAS,2017-04-25,29.39,29.5,29.23,29.23,110460,29.58,29.66,30.42,-1.196,-1.437,-3.9049,-0.1364,-0.574,0.3929
GAS,2017-04-26,29.29,29.67,29.18,29.67,334940,29.54,29.7,30.38,0.4423,-0.1111,-2.3378,0.4895,1.6967,0.3527
GAS,2017-04-27,29.67,30.48,29.61,30.37,1008680,29.6,29.77,30.35,2.6301,2.0232,0.0843,1.0084,3.0897,0.3935
GAS,2017-04-28,30.27,30.48,29.67,30.21,498570,29.68,29.82,30.31,1.7788,1.3113,-0.3438,0.1891,0.6007,0.3836
GAS,2017-05-03,29.94,30.27,29.88,30.05,651080,29.75,29.84,30.28,1.0064,0.6837,-0.7762,-0.0995,-0.3584,0.3662
GAS,2017-05-04,29.94,30.05,29.83,30.05,623850,29.75,29.88,30.25,0.9879,0.5766,-0.6662,0.5536,1.8887,0.3814
GAS,2017-05-05,29.67,29.88,29.61,29.72,238870,29.73,29.9,30.2,-0.0366,-0.6038,-1.5911,-0.0457,-0.1636,0.3805
GAS,2017-05-08,29.72,30.1,29.72,29.94,402680,29.79,29.92,30.13,0.5117,0.0453,-0.6466,0.0486,0.1716,0.3106
GAS,2017-05-09,29.88,30.32,29.83,30.27,561550,29.89,29.9,30.06,1.2382,1.2197,0.6785,0.4484,1.7188,0.3159
GAS,2017-05-10,30.43,30.48,29.94,29.94,296500,29.94,29.85,30.0,-0.0182,0.3009,-0.193,-0.2631,-0.9965,0.3282
GAS,2017-05-11,30.21,30.21,29.88,29.99,125850,30.02,29.8,29.93,-0.0907,0.6393,0.2083,-0.0451,-0.1389,0.3191
GAS,2017-05-12,30.1,30.1,29.61,29.67,260390,30.02,29.78,29.88,-1.1786,-0.3747,-0.7,-0.221,-0.7185,0.2922
GAS,2017-05-15,29.67,29.67,29.39,29.45,360800,29.93,29.76,29.83,-1.6006,-1.0517,-1.2819,-0.1862,-0.712,0.21
GAS,2017-05-16,29.83,29.83,29.67,29.72,198540,29.88,29.78,29.8,-0.5283,-0.2011,-0.2716,-0.0418,-0.1479,0.1953
GAS,2017-05-17,29.78,29.78,29.39,29.61,176600,29.84,29.79,29.76,-0.748,-0.603,-0.5102,0.0219,0.0733,0.1875
GAS,2017-05-18,29.61,29.99,29.5,29.78,461480,29.81,29.78,29.73,-0.1096,-0.0183,0.1406,0.0467,0.1661,0.1368
GAS,2017-05-19,29.94,30.7,29.94,30.43,1110510,29.88,29.81,29.72,1.84,2.0911,2.3971,0.2686,0.8275,0.1591
GAS,2017-05-22,31.03,31.79,30.97,31.63,1581550,30.05,29.92,29.73,5.2536,5.7132,6.3878,0.7466,2.182,0.2289
GAS,2017-05-23,31.63,31.84,31.24,31.24,469660,30.15,30.02,29.74,3.6475,4.0798,5.0563,-0.3312,-1.252,0.2172
GAS,2017-05-24,31.24,31.3,30.81,31.08,472380,30.26,30.1,29.76,2.7163,3.255,4.4315,0.0598,0.1721,0.1969
GAS,2017-05-25,31.57,31.9,31.24,31.63,940320,30.42,30.22,29.81,3.9542,4.647,6.1026,0.1844,0.5301,0.2108
GAS,2017-05-26,31.08,31.46,30.92,30.92,595270,30.55,30.28,29.83,1.2117,2.094,3.635,-0.745,-1.9112,0.2632
GAS,2017-05-29,31.03,31.73,30.92,31.57,639880,30.76,30.34,29.87,2.6367,4.0452,5.6829,0.2741,0.9961,0.272
GAS,2017-05-30,31.57,31.63,30.81,30.81,408770,30.87,30.37,29.89,-0.194,1.4337,3.0689,-0.2426,-0.8834,0.2921
GAS,2017-05-31,31.03,31.03,30.21,30.27,391640,30.93,30.38,29.91,-2.1644,-0.3941,1.201,-0.3223,-0.9592,0.3221
GAS,2017-06-01,30.21,30.43,30.1,30.32,412340,30.99,30.4,29.92,-2.1606,-0.2597,1.3252,0.2106,0.5825,0.3385
GAS,2017-06-02,30.37,30.37,29.67,29.72,944820,30.92,30.4,29.93,-3.8732,-2.2294,-0.707,-1.0287,-2.9317,0.4145
GAS,2017-06-05,29.72,30.1,29.61,30.05,245020,30.76,30.4,29.96,-2.3182,-1.1727,0.2803,0.2518,0.7599,0.3651
GAS,2017-06-06,30.05,30.16,29.94,30.16,314000,30.65,30.4,29.99,-1.6161,-0.7969,0.5395,0.3229,0.8902,0.3642
GAS,2017-06-07,30.05,30.59,30.05,30.21,631150,30.56,30.41,30.01,-1.1576,-0.6622,0.6602,-0.2389,-0.7666,0.3821
GAS,2017-06-08,29.45,30.43,29.45,30.21,404080,30.42,30.42,30.04,-0.6978,-0.6978,0.5814,0.2976,0.9761,0.3935
GAS,2017-06-09,30.21,30.21,29.78,29.88,279320,30.32,30.43,30.06,-1.4363,-1.8065,-0.5763,-0.1846,-0.5759,0.3374
GAS,2017-06-12,29.88,30.37,29.83,30.05,362400,30.17,30.46,30.08,-0.397,-1.3669,-0.1074,-0.0899,-0.2855,0.319
GAS,2017-06-13,30.05,30.59,29.94,30.59,444780,30.15,30.51,30.11,1.4807,0.2766,1.6116,0.5462,1.716,0.3494
GAS,2017-06-14,30.65,31.41,30.65,31.3,1090870,30.25,30.59,30.14,3.4731,2.3132,3.843,0.82,2.6576,0.3991
GAS,2017-06-15,31.03,31.24,30.76,30.97,457380,30.31,30.65,30.17,2.1727,1.0478,2.6531,-0.0642,-0.2231,0.3845
GAS,2017-06-16,30.97,31.57,30.97,31.3,613830,30.47,30.7,30.21,2.7153,1.9684,3.5912,0.0533,0.1236,0.287
GAS,2017-06-19,31.84,31.84,31.46,31.68,1080490,30.64,30.7,30.26,3.4115,3.2006,4.6988,0.1359,0.4342,0.2754
GAS,2017-06-20,31.63,31.79,31.52,31.63,711980,30.78,30.72,30.28,2.7409,2.9594,4.4588,-0.1571,-0.4193,0.2588
GAS,2017-06-21,31.41,31.57,31.03,31.41,738120,30.9,30.73,30.28,1.6382,2.1963,3.7098,0.3256,0.9539,0.2675
GAS,2017-06-22,31.3,31.41,30.86,31.03,686630,30.98,30.7,30.29,0.1405,1.0549,2.4443,-0.2471,-0.7732,0.2624
GAS,2017-06-23,31.03,31.08,30.48,30.86,360190,31.08,30.7,30.3,-0.7005,0.5319,1.8575,0.1024,0.3152,0.2542
GAS,2017-06-26,31.03,31.14,30.86,31.03,209750,31.18,30.67,30.33,-0.4888,1.1535,2.3119,0.0504,0.1451,0.2502
GAS,2017-06-27,31.14,31.73,31.03,31.24,577840,31.24,30.7,30.36,0.0,1.7911,2.9006,-0.2058,-0.6437,0.2162
GAS,2017-06-28,31.52,31.85,31.36,31.74,516800,31.29,30.77,30.41,1.4495,3.1648,4.3788,0.3774,1.2574,0.1719
GAS,2017-06-29,31.63,31.85,31.63,31.74,549030,31.37,30.84,30.45,1.2005,2.9268,4.2589,0.0,0.0001,0.1655
GAS,2017-06-30,31.91,32.63,31.85,32.3,1282490,31.47,30.97,30.49,2.6402,4.2875,5.9143,0.2162,0.5795,0.1818
GAS,2017-07-03,32.24,33.07,32.24,33.02,868690,31.6,31.12,30.57,4.4851,6.1042,8.0194,0.9635,3.0457,0.2646
GAS,2017-07-04,32.8,32.85,32.13,32.68,394690,31.71,31.24,30.64,3.0879,4.6111,6.687,0.3069,0.9922,0.2795
GAS,2017-07-05,32.8,33.35,32.63,33.29,1598410,31.89,31.4,30.71,4.389,6.0383,8.404,1.4559,5.7332,0.3926
GAS,2017-07-06,33.29,33.68,33.07,33.63,719680,32.15,31.57,30.8,4.5789,6.5175,9.1737,0.4996,1.9359,0.4178
GAS,2017-07-07,33.63,33.74,33.24,33.63,728970,32.43,31.76,30.88,3.6881,5.8899,8.8937,0.2623,1.0304,0.4338
GAS,2017-07-10,33.52,33.68,33.07,33.4,1071320,32.67,31.92,30.94,2.2552,4.6389,7.9642,0.0909,0.3324,0.4379
GAS,2017-07-11,33.35,33.52,32.91,33.29,458340,32.87,32.06,31.0,1.2808,3.8524,7.3921,0.1426,0.4124,0.4315
GAS,2017-07-12,33.46,34.9,33.35,34.62,1483860,33.16,32.23,31.09,4.4103,7.4425,11.3519,1.0894,3.0143,0.5028
GAS,2017-07-13,34.73,35.45,34.51,35.01,882290,33.49,32.43,31.19,4.5492,7.9693,12.2407,0.0698,0.2186,0.5097
GAS,2017-07-14,35.18,35.62,34.9,35.18,750170,33.78,32.62,31.3,4.1496,7.837,12.3803,-0.1923,-0.6575,0.5073
GAS,2017-07-17,35.29,35.29,34.24,34.4,723250,33.91,32.76,31.39,1.4374,5.0214,9.5901,-0.453,-1.7368,0.4563
GAS,2017-07-18,33.9,34.4,33.57,33.63,509580,34.01,32.86,31.46,-1.124,2.3413,6.8905,-0.5759,-1.8824,0.4832
GAS,2017-07-19,33.79,34.85,33.79,34.73,687010,34.15,33.02,31.55,1.7032,5.1809,10.0768,0.7112,2.2424,0.4087
GAS,2017-07-20,34.62,34.85,33.63,34.35,253890,34.22,33.19,31.64,0.3561,3.4866,8.5484,0.055,0.1932,0.3643
GAS,2017-07-21,34.9,34.9,33.24,33.24,462650,34.19,33.31,31.71,-2.771,-0.2087,4.8102,-0.4927,-1.6355,0.3873
GAS,2017-07-24,32.35,33.52,32.13,33.02,772050,34.15,33.41,31.78,-3.3095,-1.1692,3.8777,0.372,1.1244,0.4154
GAS,2017-07-25,32.57,33.79,32.57,33.52,284880,34.17,33.52,31.86,-1.9131,-0.0165,5.1951,0.1995,0.6527,0.4211
GAS,2017-07-26,34.07,34.24,33.74,33.96,332530,34.1,33.63,31.95,-0.4223,0.9718,6.2961,-0.0486,-0.151,0.317
GAS,2017-07-27,33.63,33.96,33.29,33.57,350280,33.96,33.72,32.02,-1.1419,-0.4517,4.8332,-0.092,-0.294,0.3192
GAS,2017-07-28,33.57,34.07,33.57,34.07,338940,33.85,33.81,32.1,0.6547,0.7618,6.1487,0.439,1.5276,0.3439
GAS,2017-07-31,34.29,34.9,34.07,34.68,513860,33.88,33.89,32.16,2.3712,2.3127,7.8421,0.199,0.6282,0.3185
GAS,2017-08-01,34.68,35.57,34.62,35.57,811680,34.07,34.04,32.24,4.3903,4.4837,10.3021,0.8007,2.7952,0.341
GAS,2017-08-02,35.23,35.79,34.79,35.34,580980,34.13,34.14,32.33,3.5546,3.521,9.3258,0.0779,0.2481,0.2776
GAS,2017-08-03,35.07,35.57,35.01,35.34,465420,34.23,34.23,32.4,3.253,3.2613,9.075,0.1159,0.4089,0.2837
GAS,2017-08-04,35.34,35.34,34.85,34.9,576960,34.4,34.29,32.48,1.4656,1.7771,7.4432,-0.4945,-1.8332,0.2839
GAS,2017-08-07,34.9,35.9,34.68,35.51,635240,34.65,34.4,32.56,2.4944,3.2372,9.0547,0.2511,0.877,0.2718
GAS,2017-08-08,35.73,36.01,35.45,35.73,516540,34.87,34.52,32.66,2.4785,3.5147,9.4045,0.0,0.0,0.2519
GAS,2017-08-09,35.51,35.73,34.62,35.12,458730,34.98,34.54,32.76,0.3959,1.6759,7.2198,-0.035,-0.1407,0.2505
GAS,2017-08-10,34.96,35.29,34.62,34.9,272390,35.12,34.54,32.85,-0.6152,1.0506,6.2462,-0.059,-0.2292,0.2472
GAS,2017-08-11,34.73,35.18,33.85,33.96,498850,35.11,34.48,32.93,-3.2665,-1.5024,3.1131,-0.4926,-1.6264,0.2526
GAS,2017-08-14,33.96,34.35,33.79,34.24,149840,35.06,34.47,33.02,-2.3542,-0.675,3.6905,0.0934,0.3432,0.242
GAS,2017-08-15,34.29,34.29,33.63,33.68,294210,34.87,34.47,33.09,-3.4154,-2.2901,1.7952,-0.3418,-1.1868,0.1961
GAS,2017-08-16,33.74,34.51,33.52,34.51,187980,34.79,34.46,33.17,-0.7962,0.1527,4.0361,0.257,0.8284,0.214
GAS,2017-08-17,34.12,34.51,33.79,33.79,169350,34.63,34.43,33.25,-2.4312,-1.8582,1.6457,-0.0962,-0.3754,0.2121
GAS,2017-08-18,33.29,33.9,33.29,33.74,155160,34.52,34.46,33.32,-2.2629,-2.09,1.2444,0.1032,0.3435,0.1729
GAS,2017-08-21,33.79,34.07,33.74,33.85,126800,34.35,34.5,33.4,-1.4675,-1.8868,1.3457,-0.0572,-0.2091,0.1536
GAS,2017-08-22,33.85,33.96,33.57,33.63,253080,34.14,34.5,33.46,-1.509,-2.5448,0.4996,-0.2883,-1.0886,0.1824
GAS,2017-08-23,33.63,33.79,33.57,33.79,105000,34.01,34.5,33.51,-0.6353,-2.0395,0.846,0.2156,0.7026,0.2004
GAS,2017-08-24,33.79,34.29,33.79,34.01,239980,33.92,34.52,33.57,0.2777,-1.4604,1.3234,-0.04,-0.1399,0.1985
GAS,2017-08-25,34.01,34.46,33.96,34.01,189640,33.93,34.52,33.62,0.2613,-1.4525,1.1598,-0.1901,-0.6293,0.1683
GAS,2017-08-28,34.01,34.96,34.01,34.9,582890,33.99,34.53,33.69,2.6728,1.083,3.5974,0.5287,1.9622,0.2118
GAS,2017-08-29,34.62,34.9,34.4,34.68,293560,34.09,34.48,33.75,1.7225,0.5703,2.7534,0.0278,0.0977,0.1804
GAS,2017-08-30,34.73,34.9,34.35,34.68,285860,34.11,34.45,33.82,1.6729,0.6674,2.5547,0.0788,0.2653,0.1626
GAS,2017-08-31,34.68,34.85,34.35,34.68,222080,34.2,34.42,33.89,1.4094,0.7646,2.3336,0.0901,0.3024,0.162
GAS,2017-09-01,34.85,35.57,34.85,35.18,755320,34.34,34.43,33.97,2.4359,2.1722,3.5413,-0.1005,-0.3245,0.1617
GAS,2017-09-05,35.29,36.29,35.18,35.84,604870,34.54,34.45,34.07,3.769,4.0528,5.1998,0.1594,0.5295,0.1719
GAS,2017-09-06,35.95,36.4,35.84,36.06,557740,34.78,34.46,34.17,3.6789,4.6456,5.5516,-0.1659,-0.5441,0.1597
GAS,2017-09-07,36.06,37.45,36.01,36.78,1045650,35.08,34.55,34.27,4.8476,6.4785,7.3426,0.1209,0.3869,0.1502
GAS,2017-09-08,36.78,37.73,36.78,37.28,1176330,35.41,34.67,34.38,5.2878,7.5509,8.4469,0.1003,0.3382,0.1562
GAS,2017-09-11,37.28,37.28,36.29,36.56,726030,35.66,34.8,34.46,2.5163,5.0788,6.0888,-0.3788,-1.2916,0.1751
GAS,2017-09-12,36.34,36.67,36.23,36.56,551400,35.83,34.91,34.53,2.0408,4.7286,5.871,0.4489,1.1996,0.1671
GAS,2017-09-13,36.67,37.12,36.56,36.89,401930,36.05,35.07,34.62,2.3356,5.1967,6.5736,0.1164,0.3635,0.176
GAS,2017-09-14,37.12,39.44,37.12,38.22,935560,36.41,35.26,34.72,4.9909,8.4139,10.1005,-0.0727,-0.2058,0.1754
GAS,2017-09-15,38.79,38.96,38.22,38.51,450920,36.79,35.49,34.82,4.6635,8.4867,10.6,-0.1322,-0.3762,0.1796
GAS,2017-09-18,38.73,38.73,38.17,38.45,430400,37.12,35.73,34.91,3.5894,7.614,10.1334,-0.0,-0.0,0.1695
GAS,2017-09-19,38.51,38.56,38.0,38.11,725660,37.34,35.94,35.01,2.0566,6.0372,8.8737,-0.5339,-1.9512,0.207
GAS,2017-09-20,37.66,38.11,37.16,38.11,593650,37.55,36.17,35.1,1.4999,5.3796,8.5748,0.7609,3.015,0.2665
GAS,2017-09-21,37.77,38.22,37.49,38.22,300880,37.69,36.39,35.17,1.4102,5.0468,8.6721,0.4261,1.4245,0.297
GAS,2017-09-22,37.94,38.73,37.94,38.51,405840,37.82,36.61,35.24,1.8254,5.1701,9.2541,0.2056,0.6894,0.3076
GAS,2017-09-25,38.51,38.67,38.22,38.51,125620,38.01,36.84,35.31,1.3049,4.5289,9.0482,0.0448,0.1588,0.2742
GAS,2017-09-26,38.67,39.35,38.67,39.07,633130,38.26,37.05,35.4,2.1107,5.4584,10.3485,0.1243,0.4488,0.2417
GAS,2017-09-27,39.01,39.91,38.84,39.74,526360,38.54,37.3,35.53,3.1064,6.5511,11.8673,0.4366,1.5681,0.2737
GAS,2017-09-28,39.46,40.19,39.46,39.74,497770,38.7,37.55,35.63,2.7019,5.8327,11.5528,-0.1313,-0.5075,0.2796
GAS,2017-09-29,39.41,39.74,38.84,38.84,348210,38.73,37.76,35.72,0.2903,2.8673,8.7537,-0.4757,-1.6457,0.3139
GAS,2017-10-02,38.84,39.46,38.84,39.07,442170,38.79,37.95,35.83,0.71,2.9325,9.0274,-0.2344,-0.8242,0.3374
GAS,2017-10-03,39.07,39.12,38.45,38.67,267850,38.85,38.1,35.95,-0.4486,1.5171,7.5895,-0.2068,-0.5904,0.3047
GAS,2017-10-04,38.67,39.07,38.34,39.07,440790,38.94,38.25,36.06,0.3176,2.1472,8.3495,0.7044,2.5776,0.299
GAS,2017-10-05,39.07,39.18,38.22,38.22,864180,38.94,38.32,36.14,-1.8476,-0.2453,5.7608,-0.9987,-3.4537,0.3563
GAS,2017-10-06,38.22,38.22,38.0,38.11,527450,38.9,38.36,36.23,-2.0373,-0.6462,5.1854,0.0001,0.0002,0.3357
GAS,2017-10-09,38.0,38.51,37.77,37.94,375540,38.85,38.43,36.31,-2.3296,-1.2636,4.4965,-0.3347,-1.3864,0.3647
GAS,2017-10-10,37.94,37.94,37.61,37.72,692210,38.71,38.49,36.37,-2.5701,-1.9961,3.7036,-0.3647,-1.1874,0.3887
GAS,2017-10-11,38.11,38.51,38.06,38.34,580150,38.57,38.56,36.43,-0.6121,-0.5758,5.2433,0.2085,0.7806,0.3659
GAS,2017-10-12,38.51,38.9,38.22,38.73,718730,38.47,38.58,36.49,0.6721,0.3788,6.1262,0.4469,1.4721,0.3975
GAS,2017-10-13,38.51,39.52,38.51,39.35,1256910,38.52,38.63,36.57,2.145,1.87,7.5843,1.1413,4.0085,0.464
GAS,2017-10-16,39.46,39.91,38.9,39.01,549810,38.52,38.65,36.66,1.2843,0.9234,6.4229,-0.636,-1.7861,0.5042
GAS,2017-10-17,39.07,39.24,38.73,39.01,310840,38.55,38.7,36.73,1.1957,0.8062,6.22,0.0342,0.1247,0.4869
GAS,2017-10-18,39.07,39.85,38.79,39.07,617790,38.55,38.75,36.79,1.3415,0.8269,6.1801,-0.2691,-0.9546,0.4434
GAS,2017-10-19,39.07,39.74,39.07,39.52,634880,38.68,38.81,36.88,2.1654,1.8177,7.1463,0.2716,0.9197,0.3707
GAS,2017-10-20,39.35,40.36,39.35,39.74,642160,38.84,38.87,36.98,2.3155,2.2341,7.4738,-0.1817,-0.6245,0.3889
GAS,2017-10-23,39.8,39.91,38.28,38.28,626330,38.88,38.86,37.07,-1.5327,-1.4971,3.28,-0.6954,-2.5539,0.425
GAS,2017-10-24,38.11,39.18,37.94,39.18,704810,39.02,38.87,37.16,0.4034,0.8027,5.4253,1.2606,4.6248,0.5145
GAS,2017-10-25,39.12,39.46,38.9,39.24,455400,39.11,38.84,37.28,0.3162,1.013,5.2619,0.1344,0.4848,0.5071
GAS,2017-10-26,39.18,39.29,38.51,38.56,519670,39.1,38.78,37.36,-1.3659,-0.5725,3.228,-0.673,-2.2498,0.5297
GAS,2017-10-27,38.56,38.96,38.17,38.96,273010,39.06,38.79,37.46,-0.2591,0.4275,3.9939,0.4028,1.182,0.4559
GAS,2017-10-30,39.46,41.48,39.46,40.98,2168000,39.25,38.89,37.6,4.3964,5.3849,8.9748,1.0971,3.8626,0.502
GAS,2017-10-31,40.98,41.54,40.19,40.19,927460,39.37,38.96,37.73,2.0845,3.1597,6.5226,-1.1109,-4.4437,0.6097
GAS,2017-11-01,40.87,41.2,40.47,41.04,838420,39.57,39.06,37.88,3.7079,5.0586,8.3319,0.5552,2.3697,0.6383
GAS,2017-11-02,41.2,41.48,40.36,40.81,735730,39.7,39.19,38.02,2.8037,4.1383,7.3405,-0.1681,-0.5918,0.6279
GAS,2017-11-03,40.81,41.32,40.7,41.32,571850,39.85,39.35,38.17,3.6671,5.0,8.2554,0.5808,2.1793,0.6678
GAS,2017-11-06,41.6,42.44,41.48,42.16,499030,40.24,39.56,38.33,4.7632,6.5719,9.9951,0.3039,1.0374,0.6287
GAS,2017-11-07,42.83,42.95,41.99,41.99,649940,40.52,39.77,38.47,3.6205,5.5756,9.1513,-1.1079,-4.1859,0.6134
GAS,2017-11-08,42.1,43.28,42.1,43.06,693240,40.91,40.01,38.64,5.2632,7.6221,11.4421,0.4294,1.4332,0.6429
GAS,2017-11-09,42.72,43.28,42.61,43.17,545450,41.37,40.23,38.81,4.362,7.3075,11.244,0.5036,1.8251,0.626
GAS,2017-11-10,43.17,43.34,42.72,43.17,522740,41.79,40.42,38.98,3.3091,6.8002,10.7593,0.2877,0.6616,0.6145
GAS,2017-11-13,43.17,44.69,42.89,44.69,678800,42.16,40.71,39.17,6.0,9.7839,14.0963,0.7041,2.1268,0.5752
GAS,2017-11-14,44.91,45.31,44.13,44.97,491250,42.64,41.0,39.35,5.4713,9.6717,14.2812,0.2503,0.7457,0.4891
GAS,2017-11-15,44.41,44.8,44.13,44.8,449990,43.01,41.29,39.53,4.1558,8.5018,13.3493,0.4772,1.6034,0.4813
GAS,2017-11-16,44.52,45.03,44.3,44.91,524770,43.42,41.56,39.69,3.4304,8.0679,13.1682,0.3535,1.4469,0.4998
GAS,2017-11-17,44.91,45.14,44.24,44.63,621920,43.76,41.81,39.83,2.0041,6.7635,12.045,-0.1018,-0.3557,0.4519
GAS,2017-11-20,45.15,46.4,44.86,46.0,520030,44.14,42.19,40.02,4.2127,9.0259,14.931,0.3264,1.0091,0.4542
GAS,2017-11-21,45.83,47.25,45.54,46.11,747040,44.55,42.54,40.21,3.504,8.4051,14.6682,-0.251,-0.7573,0.3685
GAS,2017-11-22,46.68,47.76,46.45,47.08,529790,44.95,42.93,40.42,4.7308,9.669,16.4847,-0.0223,-0.0779,0.3278
GAS,2017-11-23,47.71,47.76,45.66,45.89,669620,45.23,43.3,40.57,1.4588,5.9802,13.0981,-0.6451,-2.28,0.3419
GAS,2017-11-24,46.11,46.11,45.43,45.66,635060,45.47,43.63,40.71,0.4033,4.6443,12.1414,-0.2006,-0.7829,0.3332
GAS,2017-11-27,45.83,46.85,45.66,46.17,694900,45.62,43.89,40.87,1.2004,5.1928,12.9714,-0.0805,-0.3596,0.2709
GAS,2017-11-28,46.23,46.4,45.43,45.43,519350,45.67,44.15,41.02,-0.5221,2.8926,10.7639,-0.2393,-1.0269,0.2698
GAS,2017-11-29,45.83,45.83,44.8,45.43,726350,45.73,44.37,41.16,-0.6589,2.3831,10.37,0.1132,0.4923,0.2334
GAS,2017-11-30,45.32,46.85,45.09,45.37,659280,45.78,44.6,41.3,-0.8829,1.7317,9.8502,-0.3585,-1.2762,0.2339
GAS,2017-12-01,46.11,46.68,45.89,46.57,524060,45.97,44.86,41.47,1.3003,3.801,12.3061,0.4115,1.4345,0.2648
GAS,2017-12-04,46.68,47.19,46.23,46.34,792790,46.01,45.07,41.62,0.7301,2.8143,11.3362,-0.4226,-1.5943,0.2745
GAS,2017-12-05,46.23,48.22,46.23,47.08,1289420,46.1,45.33,41.78,2.124,3.8698,12.6804,-0.0944,-0.3798,0.2588
GAS,2017-12-06,47.25,47.76,46.57,47.42,699210,46.14,45.55,41.94,2.7887,4.1222,13.0822,0.2614,1.0714,0.2827
GAS,2017-12-07,47.31,48.9,47.31,48.39,887140,46.39,45.81,42.11,4.3201,5.6418,14.916,0.3511,1.2777,0.2533
GAS,2017-12-08,48.68,49.24,47.99,48.79,720080,46.7,46.09,42.31,4.474,5.8627,15.3177,0.2074,0.896,0.254
GAS,2017-12-11,48.11,48.85,47.25,47.37,829330,46.82,46.22,42.47,1.1673,2.4769,11.5162,-0.6601,-2.6595,0.312
GAS,2017-12-12,47.82,49.53,46.51,49.53,1353460,47.23,46.45,42.69,4.8698,6.6315,16.0165,1.1613,4.3531,0.4042
GAS,2017-12-13,49.81,50.33,49.19,49.3,972050,47.62,46.67,42.9,3.539,5.6295,14.9321,-1.0593,-4.4216,0.4988
GAS,2017-12-14,49.3,49.3,48.68,48.85,940650,47.96,46.87,43.11,1.8398,4.2148,13.3093,-0.4921,-2.1328,0.5121
GAS,2017-12-15,48.85,49.59,48.85,49.53,334350,48.26,47.12,43.34,2.6306,5.1233,14.2887,0.2236,0.84,0.4933
GAS,2017-12-18,50.1,52.66,50.1,52.66,938560,48.89,47.45,43.63,7.7084,10.9845,20.6941,0.8542,3.8024,0.5365
GAS,2017-12-19,52.15,52.94,51.46,51.46,775800,49.33,47.72,43.91,4.3278,7.8566,17.2154,-0.9654,-3.3581,0.6236
GAS,2017-12-20,51.46,54.08,51.46,52.43,833650,49.83,47.98,44.19,5.2211,9.2721,18.6578,-0.2522,-1.1344,0.6227
GAS,2017-12-21,52.66,53.97,52.43,52.6,665130,50.25,48.32,44.47,4.6788,8.866,18.3015,-0.4524,-1.8817,0.6328
GAS,2017-12-22,52.72,53.4,52.09,53.0,358360,50.67,48.69,44.74,4.595,8.8634,18.4702,0.2008,0.7746,0.6321
GAS,2017-12-25,53.0,53.86,52.94,53.68,313930,51.31,49.06,45.03,4.6382,9.4221,19.2152,0.2847,1.1917,0.5946
GAS,2017-12-26,54.31,55.51,54.03,55.51,607330,51.9,49.57,45.36,6.9431,11.9853,22.3643,0.6982,2.8091,0.5483
GAS,2017-12-27,56.93,56.93,55.79,56.25,669700,52.6,50.11,45.71,6.938,12.2536,23.0637,-0.1522,-0.6771,0.4576
GAS,2017-12-28,56.25,56.47,55.05,56.19,543780,53.33,50.65,46.04,5.3587,10.9425,22.0487,0.4388,1.7663,0.4523
GAS,2017-12-29,56.42,56.42,55.39,55.45,721960,53.92,51.09,46.35,2.8294,8.5297,19.6249,-0.6138,-2.6497,0.4913
GAS,2018-01-02,55.28,55.91,53.51,54.25,1418300,54.08,51.49,46.67,0.3158,5.3737,16.2445,-0.4015,-1.7907,0.446
GAS,2018-01-03,54.08,55.68,54.08,55.45,755420,54.48,51.91,47.0,1.7764,6.8275,17.9835,0.4226,1.7267,0.3917
GAS,2018-01-04,55.79,58.07,55.79,58.07,977010,55.05,52.44,47.37,5.4918,10.7372,22.5733,0.8661,3.6156,0.4531
GAS,2018-01-05,58.41,58.92,56.93,57.16,829840,55.5,52.88,47.75,2.9849,8.0965,19.7108,-0.3997,-2.0595,0.4478
GAS,2018-01-08,56.93,58.01,56.36,57.16,730170,55.92,53.29,48.11,2.2195,7.2478,18.805,-0.0131,-0.0596,0.4291
GAS,2018-01-09,58.07,58.87,57.16,58.07,778170,56.35,53.83,48.45,3.0407,7.8737,19.8469,0.0291,0.1374,0.4035
GAS,2018-01-10,59.21,59.78,58.52,58.64,904540,56.67,54.29,48.82,3.476,8.0174,20.1073,-0.3973,-1.6681,0.3734
GAS,2018-01-11,58.92,59.21,57.56,58.75,697400,56.92,54.76,49.18,3.2206,7.2932,19.4734,0.1769,0.8431,0.3759
GAS,2018-01-12,58.69,58.98,56.93,57.21,1049410,57.02,55.18,49.5,0.3395,3.6938,15.5766,-0.2719,-1.3427,0.3592
GAS,2018-01-15,57.21,58.18,56.13,58.18,968320,57.29,55.61,49.84,1.5501,4.6274,16.7362,0.6339,2.8238,0.3612
GAS,2018-01-16,58.52,59.15,57.95,58.92,1138380,57.76,55.92,50.18,2.0106,5.365,17.4312,0.5399,2.5799,0.375
GAS,2018-01-17,58.64,59.32,56.87,56.87,1016930,57.9,56.19,50.47,-1.7796,1.2107,12.6782,-0.4386,-1.9897,0.3766
GAS,2018-01-18,56.36,56.99,55.11,56.99,1015250,57.8,56.42,50.75,-1.3987,1.004,12.2841,0.4258,1.7865,0.3326
GAS,2018-01-19,56.87,57.5,56.36,56.36,724530,57.72,56.61,51.02,-2.3476,-0.4375,10.476,-0.4356,-1.4548,0.3362
GAS,2018-01-22,56.36,60.29,55.79,60.29,1812130,58.03,56.97,51.36,3.8948,5.8206,17.3881,1.2109,4.7944,0.456
GAS,2018-01-23,60.29,60.29,60.29,60.29,0,58.25,57.3,51.67,3.4988,5.2109,16.6793,0.0,0.0,0.4531
GAS,2018-01-24,60.29,60.29,60.29,60.29,0,58.42,57.54,51.98,3.2063,4.7737,15.9915,0.0,0.0,0.4134
GAS,2018-01-25,64.05,64.5,63.19,64.5,1156390,58.99,57.95,52.37,9.3418,11.2967,23.1631,0.5111,2.1719,0.4468
GAS,2018-01-26,67.63,68.32,63.76,66.27,2222720,59.9,58.46,52.8,10.6359,13.3564,25.5095,0.1348,0.6227,0.4331
GAS,2018-01-29,67.69,67.69,65.47,65.98,929870,60.68,58.99,53.22,8.7446,11.8618,23.9678,-0.2588,-1.1637,0.3956
GAS,2018-01-30,64.9,66.49,64.05,66.32,1171560,61.42,59.59,53.63,7.9904,11.3022,23.6652,0.4885,2.2776,0.3904
GAS,2018-01-31,65.47,70.93,64.9,70.93,2286340,62.82,60.36,54.13,12.9135,17.5139,31.0503,0.9055,4.7041,0.4371
GAS,2018-02-01,70.93,70.93,67.75,69.57,1183240,64.08,60.94,54.58,8.5643,14.1629,27.4669,0.0961,0.552,0.4041
GAS,2018-02-02,69.57,70.59,68.32,68.89,561430,65.33,61.52,55.04,5.4374,11.9645,25.1603,-0.2635,-1.1343,0.3869
GAS,2018-02-05,67.23,68.2,64.1,64.1,1082160,65.71,61.87,55.41,-2.4517,3.6069,15.696,-0.4659,-2.3879,0.3124
GAS,2018-02-06,59.66,62.34,59.66,59.66,1054820,65.65,61.95,55.68,-9.1224,-3.6942,7.1597,-0.433,-1.7231,0.3557
GAS,2018-02-07,61.43,63.65,60.74,62.62,708130,65.89,62.15,56.02,-4.9512,0.7603,11.7864,0.1822,0.7763,0.3739
GAS,2018-02-08,59.78,61.43,59.21,59.21,684310,65.36,62.17,56.3,-9.4077,-4.7706,5.1716,-0.5757,-3.1453,0.3804
GAS,2018-02-09,55.11,56.93,55.11,55.11,1146710,64.24,62.07,56.49,-14.2148,-11.213,-2.4469,-0.8174,-3.4645,0.4487
GAS,2018-02-12,54.2,58.92,54.2,58.92,1341740,63.53,62.1,56.74,-7.2581,-5.1242,3.851,1.0174,4.1117,0.5245
GAS,2018-02-13,59.95,62.05,59.95,61.48,541220,63.05,62.23,57.04,-2.4831,-1.2029,7.7909,0.2516,1.0946,0.5008
GAS,2018-02-21,62.62,64.79,62.0,63.76,553510,62.33,62.58,57.37,2.2925,1.8923,11.1332,0.1629,0.718,0.4266
GAS,2018-02-22,62.62,62.79,60.35,60.35,605460,61.41,62.75,57.63,-1.7336,-3.8243,4.7079,-0.6477,-2.8421,0.4817
GAS,2018-02-23,62.05,63.48,61.03,63.19,748160,60.84,63.09,57.93,3.8645,0.1669,9.0866,0.4028,1.7105,0.4957
GAS,2018-02-26,63.48,67.18,63.48,64.33,845250,60.86,63.29,58.24,5.6964,1.6461,10.4594,-0.2507,-1.1626,0.4741
GAS,2018-02-27,66.04,66.04,64.1,64.62,608620,61.36,63.51,58.58,5.3071,1.7481,10.2948,-0.2843,-1.238,0.4593
GAS,2018-02-28,64.05,65.01,63.48,64.84,721370,61.58,63.73,58.89,5.2972,1.7419,10.1079,0.4361,1.8851,0.4846
GAS,2018-03-01,64.33,66.84,63.76,66.04,875090,62.26,63.81,59.23,6.062,3.4929,11.5041,0.2844,1.2734,0.4555
GAS,2018-03-02,64.9,67.18,64.9,66.61,923410,63.41,63.83,59.58,5.0364,4.3571,11.7948,0.3197,1.4635,0.4057
GAS,2018-03-05,67.75,68.49,63.76,63.76,822020,63.9,63.72,59.87,-0.2138,0.0715,6.5084,-0.3603,-1.6016,0.34
GAS,2018-03-06,65.47,66.72,64.33,66.61,806110,64.41,63.73,60.14,3.4117,4.5156,10.7472,0.4175,2.0065,0.3566
GAS,2018-03-07,66.61,67.06,63.48,65.36,718330,64.57,63.45,60.42,1.2167,3.0012,8.1651,0.0279,0.1405,0.3431
GAS,2018-03-08,64.39,66.55,64.39,65.24,301630,65.06,63.23,60.68,0.28,3.1735,7.5208,-0.0626,-0.2968,0.2846
GAS,2018-03-09,65.36,65.75,63.76,63.76,606610,65.12,62.98,60.9,-2.0808,1.2429,4.6964,-0.5582,-2.3479,0.3002
GAS,2018-03-12,66.04,66.49,64.9,66.15,504770,65.3,63.08,61.16,1.3078,4.8689,8.1554,0.2238,0.9577,0.2975
GAS,2018-03-13,66.15,66.15,64.84,65.47,218290,65.38,63.37,61.4,0.1306,3.3104,6.6276,-0.0065,-0.0293,0.2697
GAS,2018-03-14,65.47,67.46,65.24,67.29,816130,65.63,63.6,61.64,2.533,5.7955,9.1755,0.4353,1.9472,0.2696
GAS,2018-03-15,66.61,68.89,66.04,68.89,577980,65.91,64.09,61.89,4.5086,7.4839,11.3053,0.4419,2.4289,0.2854
GAS,2018-03-16,68.89,72.87,68.2,72.87,1231950,66.54,64.98,62.22,9.514,12.1479,17.1132,0.7696,3.0369,0.3303
GAS,2018-03-19,72.3,73.72,72.02,73.15,727400,67.48,65.69,62.58,8.4114,11.3663,16.9053,0.166,0.9136,0.3109
GAS,2018-03-20,72.02,73.44,71.73,71.73,619750,67.99,66.2,62.93,5.5011,8.3545,13.9941,-0.5443,-2.5222,0.3236
GAS,2018-03-21,72.87,73.78,72.02,72.41,621450,68.7,66.63,63.27,5.4115,8.6762,14.4626,-0.3457,-1.5218,0.3554
GAS,2018-03-22,73.9,76.8,73.33,76.17,898250,69.79,67.42,63.63,9.1443,12.9734,19.7166,0.4513,2.3281,0.3942
GAS,2018-03-23,73.72,75.15,73.15,74.52,722160,70.87,67.99,63.97,5.1575,9.604,16.486,0.1969,1.0569,0.3581
GAS,2018-03-26,74.01,77.31,73.78,73.78,960430,71.63,68.46,64.31,3.0043,7.7665,14.7329,-0.6469,-2.9319,0.4004
GAS,2018-03-27,75.15,75.72,71.62,72.19,854590,72.3,68.84,64.59,-0.1575,4.8584,11.7634,-0.4588,-2.3018,0.4457
GAS,2018-03-28,72.24,72.59,71.45,72.3,420920,72.8,69.22,64.86,-0.6881,4.458,11.468,0.2084,1.0544,0.423
GAS,2018-03-29,72.3,72.41,71.45,72.02,254020,73.12,69.51,65.13,-1.5028,3.5994,10.5769,0.0522,0.2767,0.384
GAS,2018-03-30,72.3,74.98,72.02,74.81,606010,73.31,69.92,65.48,2.0424,6.9815,14.243,0.5889,3.0407,0.3659
GAS,2018-04-02,75.15,77.65,74.98,77.48,811810,73.74,70.61,65.87,5.0722,9.7315,17.6359,0.4745,2.6168,0.3968
GAS,2018-04-03,77.48,77.48,75.72,75.72,738610,74.14,71.07,66.2,2.127,6.5449,14.3732,-0.6006,-3.3558,0.4024
GAS,2018-04-04,76.8,76.86,73.44,74.01,851340,74.3,71.5,66.54,-0.3908,3.5114,11.2176,-0.4042,-1.9711,0.4083
GAS,2018-04-05,74.01,74.58,72.07,73.95,1029020,74.08,71.93,66.88,-0.1691,2.8056,10.5683,0.4436,2.3287,0.4075
GAS,2018-04-06,74.01,75.66,73.15,73.9,327230,74.01,72.44,67.23,-0.1615,2.0079,9.9069,-0.0975,-0.5201,0.3976
GAS,2018-04-09,72.93,74.58,72.87,73.9,419850,74.03,72.83,67.51,-0.1769,1.4657,9.4638,0.0545,0.2985,0.3383
GAS,2018-04-10,74.01,74.86,73.72,73.72,594310,74.18,73.24,67.78,-0.614,0.6607,8.7778,-0.4282,-2.2109,0.3353
GAS,2018-04-11,74.86,75.43,72.02,72.02,819030,74.15,73.48,68.01,-2.8791,-1.9874,5.8914,-0.4211,-2.1693,0.3565
GAS,2018-04-12,72.87,74.29,71.73,74.29,791540,74.38,73.75,68.21,-0.1148,0.7411,8.9261,0.7091,3.8481,0.4222
GAS,2018-04-13,75.15,75.15,71.73,72.87,410160,74.19,73.75,68.34,-1.7727,-1.1888,6.6329,-0.1111,-0.5968,0.3744
GAS,2018-04-16,73.72,73.72,71.85,72.47,379940,73.68,73.71,68.47,-1.6457,-1.6837,5.8487,-0.1616,-0.856,0.3431
GAS,2018-04-17,72.3,73.21,70.59,72.87,646850,73.4,73.77,68.6,-0.7213,-1.2193,6.2276,0.4774,2.4811,0.3308
GAS,2018-04-18,73.55,73.84,72.36,73.61,804260,73.36,73.83,68.65,0.3415,-0.2969,7.2228,0.4553,2.4343,0.3359
GAS,2018-04-19,74.46,75.26,72.93,73.61,1152430,73.33,73.7,68.73,0.3882,-0.1236,7.0967,-0.3264,-1.4839,0.3242
GAS,2018-04-20,72.98,76.29,72.98,76.29,947250,73.56,73.79,68.88,3.6991,3.3831,10.7511,0.7706,3.7566,0.3915
GAS,2018-04-23,76.12,77.42,70.99,70.99,925000,73.27,73.65,69.02,-3.1155,-3.6098,2.8589,-0.4735,-2.6871,0.4334
GAS,2018-04-24,70.99,73.72,67.18,73.33,642240,73.23,73.71,69.29,0.1244,-0.5175,5.8218,0.5673,2.4703,0.4473
GAS,2018-04-26,73.38,73.72,68.2,68.2,1075280,72.85,73.5,69.4,-6.3843,-7.2109,-1.7308,-0.6409,-3.209,0.4693
GAS,2018-04-27,66.04,68.15,63.48,63.48,953420,71.77,73.08,69.49,-11.5571,-13.1349,-8.6515,-0.7813,-3.7593,0.4765
GAS,2018-05-02,59.78,61.48,59.04,59.04,284180,70.39,72.29,69.57,-16.1275,-18.3304,-15.1377,-0.2422,-1.0236,0.4897
GAS,2018-05-03,54.94,56.93,54.94,54.94,1512540,68.63,71.16,69.49,-19.9569,-22.7969,-20.9392,-1.0717,-4.8519,0.5807
GAS,2018-05-04,55.79,57.95,54.99,55.79,686180,66.93,70.16,69.37,-16.6383,-20.4836,-19.5785,-0.3455,-1.595,0.5675
GAS,2018-05-07,57.5,58.92,56.19,58.92,426370,65.46,69.41,69.28,-9.9843,-15.1083,-14.9464,0.4093,1.7566,0.5629
GAS,2018-05-08,58.92,60.35,58.07,58.64,798500,63.96,68.64,69.24,-8.3222,-14.576,-15.3156,-0.4034,-1.8676,0.5706
GAS,2018-05-09,59.21,62.51,58.92,61.2,820800,62.45,68.01,69.2,-2.0055,-10.0117,-11.5648,0.3169,1.5636,0.5252
GAS,2018-05-10,62.68,64.05,59.78,59.78,879660,61.33,67.3,69.11,-2.5341,-11.1825,-13.5076,-0.7726,-3.9543,0.5551
GAS,2018-05-11,59.78,63.25,58.35,63.25,810690,60.32,66.78,69.08,4.8509,-5.2856,-8.4466,0.8334,3.9104,0.5817
GAS,2018-05-14,63.31,67.18,63.31,67.18,617860,60.22,66.54,69.13,11.5523,0.9626,-2.8263,0.9385,4.1794,0.6115
GAS,2018-05-15,67.75,69.17,67.52,67.52,678850,60.62,66.2,69.16,11.372,1.9952,-2.374,-1.0291,-4.2767,0.6363
GAS,2018-05-16,66.04,68.43,66.04,68.15,606740,61.54,65.96,69.19,10.741,3.3099,-1.5123,0.6063,3.0404,0.6727
GAS,2018-05-17,68.89,69.45,66.04,66.04,403650,62.65,65.64,69.24,5.4162,0.6071,-4.6194,-0.5959,-2.6015,0.6251
GAS,2018-05-18,66.04,66.61,62.11,65.47,780910,63.61,65.27,69.21,2.9175,0.3053,-5.4105,0.5375,2.2146,0.6443
GAS,2018-05-21,66.89,66.89,61.77,61.77,441810,63.9,64.68,69.14,-3.3321,-4.4978,-10.6643,-0.4935,-2.307,0.6527
GAS,2018-05-22,61.48,62.91,58.18,60.29,464230,64.06,64.01,69.04,-5.8918,-5.8164,-12.68,-0.0517,-0.2688,0.6175
GAS,2018-05-23,60.06,64.5,59.78,64.5,600060,64.39,63.42,69.06,0.168,1.701,-6.5983,0.5781,2.4345,0.6437
GAS,2018-05-24,64.62,65.53,61.54,64.44,285680,64.86,63.1,69.02,-0.6407,2.1384,-6.6345,0.1972,0.8735,0.5861
GAS,2018-05-25,62.62,63.19,59.95,59.95,479980,64.53,62.43,68.91,-7.1019,-3.9715,-13.0112,-0.4355,-2.0111,0.5463
GAS,2018-05-28,55.79,56.93,55.79,55.79,479870,63.39,61.81,68.68,-11.9892,-9.7315,-18.7706,-0.2562,-1.2212,0.4781
GAS,2018-05-29,51.92,56.87,51.92,54.65,1241130,62.1,61.36,68.4,-11.9993,-10.9379,-20.0972,0.099,0.4722,0.3851
GAS,2018-05-30,54.65,54.65,50.84,50.84,1176750,60.37,60.95,67.96,-15.7944,-16.5966,-25.1918,-1.7817,-6.0098,0.5026
GAS,2018-05-31,51.81,52.94,51.46,51.46,1078930,58.92,60.78,67.52,-12.6486,-15.3281,-23.7838,-1.0141,-3.5807,0.5444
GAS,2018-06-01,52.38,53.12,52.09,52.66,632800,57.64,60.62,67.14,-8.6329,-13.1374,-21.5703,0.0837,0.2966,0.4991
GAS,2018-06-04,52.89,53.29,51.81,52.55,948070,56.71,60.31,66.75,-7.3479,-12.867,-21.2739,0.0,0.0,0.4497
GAS,2018-06-05,52.38,56.19,52.32,56.19,1375130,56.3,60.18,66.35,-0.2022,-6.6358,-15.3081,1.3745,6.828,0.582
GAS,2018-06-06,57.5,58.81,56.36,58.58,610180,55.71,60.05,66.03,5.1502,-2.4506,-11.2778,0.4791,2.1426,0.5721
GAS,2018-06-07,58.64,58.64,55.22,56.7,1220730,54.94,59.9,65.69,3.2124,-5.3367,-13.6766,-0.1764,-0.7687,0.57
GAS,2018-06-08,56.65,57.5,54.65,55.51,886300,54.49,59.51,65.35,1.8596,-6.7298,-15.0653,-0.4165,-1.8204,0.5681
GAS,2018-06-11,54.65,56.87,54.14,55.34,430500,54.45,58.92,65.01,1.6311,-6.0824,-14.8847,-0.0675,-0.2851,0.5493
GAS,2018-06-12,54.43,55.11,51.81,52.49,975270,54.23,58.17,64.62,-3.2123,-9.7627,-18.7751,-0.759,-2.7102,0.6153
GAS,2018-06-13,52.94,54.99,52.94,54.99,581410,54.65,57.51,64.23,0.6355,-4.3754,-14.3739,1.1852,3.9588,0.5556
GAS,2018-06-14,55.22,55.79,53.51,53.51,441200,54.85,56.88,63.75,-2.439,-5.9247,-16.0519,-0.4931,-1.9823,0.5035
GAS,2018-06-15,53.51,54.6,53.51,54.6,424790,55.05,56.34,63.32,-0.817,-3.0971,-13.7838,0.4256,1.5027,0.5377
GAS,2018-06-18,54.08,54.25,51.24,51.24,804300,54.91,55.81,62.87,-6.6971,-8.2007,-18.5019,-0.7227,-3.0382,0.61
GAS,2018-06-19,50.38,50.95,47.65,49.53,1737920,54.25,55.28,62.38,-8.6998,-10.397,-20.6016,0.2114,0.8174,0.4936
GAS,2018-06-20,50.1,52.38,48.68,52.38,590050,53.63,54.67,61.95,-2.3354,-4.1966,-15.4552,0.7214,2.7628,0.5179
GAS,2018-06-21,52.38,52.38,50.38,50.72,423980,53.03,53.98,61.49,-4.3478,-6.0374,-17.5031,-0.4972,-1.9881,0.5499
GAS,2018-06-22,49.59,52.43,49.53,51.64,953560,52.64,53.57,61.04,-1.9141,-3.608,-15.4139,0.5099,1.8955,0.5593
GAS,2018-06-25,53.46,53.8,51.81,51.81,559460,52.29,53.37,60.64,-0.9254,-2.9282,-14.5684,-1.0227,-4.181,0.6548
GAS,2018-06-26,50.1,51.52,50.1,51.24,362610,52.16,53.2,60.18,-1.7789,-3.6867,-14.8598,0.4283,1.7821,0.6217
GAS,2018-06-27,52.32,52.66,51.24,51.35,759500,51.8,53.22,59.75,-0.8682,-3.5191,-14.0559,-0.8222,-3.3106,0.5854
GAS,2018-06-28,51.76,52.11,50.65,50.83,423120,51.53,53.19,59.32,-1.3656,-4.4438,-14.3098,-0.3756,-1.6264,0.5737
GAS,2018-06-29,50.83,51.82,50.07,51.53,381860,51.23,53.14,58.89,0.5892,-3.027,-12.5022,0.3635,1.3676,0.5675
GAS,2018-07-02,50.65,51.99,48.97,51.47,781630,51.25,53.08,58.45,0.4301,-3.0383,-11.9389,0.6301,2.8285,0.5582
GAS,2018-07-03,51.47,51.53,48.32,48.32,550270,51.13,52.69,57.94,-5.4826,-8.2818,-16.5965,-0.3715,-1.6387,0.5742
GAS,2018-07-04,48.91,49.26,45.36,46.29,866710,50.52,52.07,57.34,-8.3772,-11.1124,-19.2776,-0.5612,-2.0509,0.5582
GAS,2018-07-05,46.29,46.87,43.08,43.08,625240,49.75,51.39,56.78,-13.4063,-16.1657,-24.1237,-0.7093,-2.6423,0.5794
GAS,2018-07-06,42.5,46.05,40.76,46.05,744380,49.2,50.92,56.24,-6.3882,-9.5561,-18.1077,0.5862,2.5412,0.5871
GAS,2018-07-09,46.29,48.79,46.29,46.29,499120,48.64,50.47,55.8,-4.8473,-8.2838,-17.0471,-0.6378,-2.789,0.5486
GAS,2018-07-10,46.87,48.32,46.58,46.58,552090,48.18,50.17,55.46,-3.323,-7.1633,-16.0167,-0.9489,-3.5782,0.6006
GAS,2018-07-11,45.41,46.58,44.31,45.3,616210,47.57,49.69,55.19,-4.7852,-8.8353,-17.9195,-0.087,-0.4018,0.5271
GAS,2018-07-12,44.54,46.52,44.31,46.0,237010,47.09,49.31,55.01,-2.3244,-6.7234,-16.3825,0.2702,1.2048,0.5166
GAS,2018-07-13,46.0,47.74,46.0,47.63,416710,46.7,48.96,54.84,1.9823,-2.73,-13.1611,0.5225,2.459,0.5325
GAS,2018-07-16,47.74,48.03,46.69,47.28,219390,46.28,48.76,54.61,2.1512,-3.0514,-13.4304,-0.0504,-0.2254,0.4745
GAS,2018-07-17,46.35,46.46,45.41,46.0,518690,46.05,48.59,54.36,-0.1138,-5.3351,-15.3841,0.0566,0.2351,0.443
GAS,2018-07-18,46.58,48.32,46.29,48.32,696840,46.25,48.39,54.1,4.4814,-0.1256,-10.6766,0.4894,2.0073,0.4358
GAS,2018-07-19,48.91,49.55,48.5,49.02,455830,46.85,48.3,53.89,4.6483,1.4968,-9.0235,0.0,0.0,0.3649
GAS,2018-07-20,48.91,48.91,47.8,48.15,545360,47.06,48.13,53.58,2.3262,0.0496,-10.1407,-0.1921,-0.8159,0.3255
GAS,2018-07-23,49.02,50.13,48.62,49.26,668990,47.35,48.0,53.23,4.0207,2.6201,-7.4572,-0.0424,-0.3577,0.2659
GAS,2018-07-24,49.43,50.07,47.98,49.37,406130,47.63,47.91,52.86,3.6548,3.0629,-6.6016,0.1384,0.7346,0.1849
GAS,2018-07-25,49.78,50.3,48.67,48.73,398500,47.98,47.77,52.47,1.5777,2.0048,-7.131,-0.4001,-1.937,0.2162
GAS,2018-07-26,48.97,49.43,47.98,48.38,318080,48.21,47.65,52.12,0.3502,1.5334,-7.1721,-0.1319,-0.5889,0.2024
GAS,2018-07-27,49.2,49.78,48.56,49.37,328400,48.39,47.54,51.8,2.0334,3.8452,-4.6843,0.1319,0.5987,0.1633
GAS,2018-07-30,49.66,50.6,48.91,50.6,496190,48.72,47.5,51.58,3.848,6.5147,-1.9007,0.4967,2.0724,0.2079
GAS,2018-07-31,50.94,52.05,50.19,51.12,591060,49.23,47.64,51.39,3.8316,7.3022,-0.531,-0.0,-0.0,0.2023
GAS,2018-08-01,51.12,52.57,50.71,51.64,601640,49.56,47.91,51.14,4.1936,7.7961,0.994,-0.0,-0.0,0.1533
GAS,2018-08-02,51.99,53.27,51.29,52.98,638300,49.96,48.4,50.91,6.0483,9.4605,4.0794,0.4629,1.9884,0.1996
GAS,2018-08-03,53.27,55.54,53.27,54.5,786540,50.6,48.83,50.8,7.71,11.6146,7.2828,0.0611,0.2758,0.1865
GAS,2018-08-06,54.96,56.48,54.15,55.95,795130,51.26,49.31,50.8,9.1425,13.4727,10.1413,0.592,2.9646,0.2415
GAS,2018-08-07,56.18,56.18,54.55,54.73,661110,51.8,49.72,50.8,5.6536,10.0831,7.7312,-0.691,-2.62,0.2968
GAS,2018-08-08,55.37,57.06,55.31,57.06,892220,52.63,50.3,50.93,8.4071,13.4259,12.0412,0.8483,4.2087,0.3416
GAS,2018-08-09,56.77,57.35,55.95,57.17,573240,53.51,50.86,51.04,6.8437,12.4084,12.0187,0.4267,1.8229,0.3711
GAS,2018-08-10,57.17,57.52,56.59,57.47,571920,54.32,51.36,51.14,5.7878,11.8984,12.3774,0.5143,2.3135,0.4093
GAS,2018-08-13,57.06,59.97,56.71,59.97,552870,55.26,51.99,51.28,8.5239,15.348,16.9338,0.3722,2.1506,0.3969
GAS,2018-08-14,59.97,60.32,58.22,58.92,399060,56.04,52.64,51.34,5.1429,11.9407,14.7681,-0.1246,-0.5941,0.4093
GAS,2018-08-15,58.92,59.39,55.31,55.31,660200,56.41,52.99,51.27,-1.9405,4.3899,7.8742,-0.4559,-2.1971,0.4549
GAS,2018-08-16,54.15,55.84,52.4,55.02,926520,56.61,53.29,51.24,-2.8078,3.2561,7.3769,0.4567,1.8298,0.4543
GAS,2018-08-17,56.48,56.53,55.54,56.01,245620,56.76,53.68,51.25,-1.3232,4.3441,9.2871,-0.0145,-0.0708,0.4496
GAS,2018-08-20,56.01,57.23,55.78,57.17,342360,56.88,54.07,51.29,0.5118,5.7335,11.4792,0.3409,1.7265,0.4245
GAS,2018-08-21,56.53,57.06,56.07,56.77,488840,57.09,54.44,51.37,-0.5609,4.2669,10.5002,0.1973,0.9501,0.3751
GAS,2018-08-22,57.35,58.51,57.12,58.22,569580,57.2,54.92,51.44,1.7812,6.0164,13.1913,0.3842,1.9791,0.3287
GAS,2018-08-23,58.8,59.5,57.7,58.46,332960,57.33,55.42,51.54,1.96,5.4733,13.4262,-0.1031,-0.4206,0.2964
GAS,2018-08-24,58.11,59.62,58.11,59.1,515530,57.49,55.91,51.63,2.7848,5.7016,14.469,0.1803,0.7282,0.2629
GAS,2018-08-27,59.93,60.11,59.39,59.51,451380,57.45,56.35,51.79,3.5899,5.6027,14.9054,-0.3144,-1.5228,0.2572
GAS,2018-08-28,59.93,60.88,59.21,60.7,433220,57.63,56.83,52.01,5.3316,6.8028,16.6956,0.4193,2.0164,0.2866
GAS,2018-08-29,60.7,60.94,59.27,59.93,370820,58.09,57.25,52.17,3.1655,4.6813,14.8776,-0.0991,-0.4486,0.251
GAS,2018-08-30,59.99,62.36,59.39,62.36,723510,58.82,57.72,52.4,6.0175,8.0498,19.0146,0.6427,2.8893,0.2696
GAS,2018-08-31,62.36,63.07,61.17,61.17,382800,59.34,58.05,52.59,3.0931,5.3821,16.3241,-0.3979,-1.5851,0.3079
GAS,2018-09-04,61.17,61.77,60.4,61.17,433000,59.74,58.31,52.78,2.4028,4.9102,15.9112,0.0511,0.252,0.2789
GAS,2018-09-05,60.28,61.17,58.5,59.45,508070,60.01,58.55,52.94,-0.9257,1.5452,12.2981,-0.1987,-0.8326,0.2791
GAS,2018-09-06,59.39,60.28,58.8,59.51,257060,60.14,58.67,53.1,-1.0392,1.4341,12.0648,-0.0115,-0.0598,0.2418
GAS,2018-09-07,58.92,59.99,58.74,59.63,368200,60.25,58.79,53.28,-1.035,1.4243,11.9174,0.1711,0.8912,0.2486
GAS,2018-09-10,59.63,60.76,59.63,59.87,197420,60.33,58.91,53.45,-0.7679,1.6208,12.0126,-0.1443,-0.7106,0.245
GAS,2018-09-11,59.39,61.47,59.39,61.47,463340,60.53,58.99,53.65,1.5602,4.2099,14.5841,0.4139,1.9789,0.255
GAS,2018-09-12,62.36,65.69,61.77,64.74,1239470,60.93,59.28,53.98,6.2482,9.2092,19.9392,0.5939,3.2956,0.2724
GAS,2018-09-13,64.86,66.82,63.37,64.14,472370,61.35,59.72,54.33,4.5499,7.4071,18.0577,-0.3237,-1.7598,0.2949
GAS,2018-09-14,63.61,65.15,63.25,64.14,502510,61.53,60.18,54.75,4.2471,6.5929,17.1496,-0.0373,-0.2014,0.2343
GAS,2018-09-17,64.14,65.81,63.67,64.74,687310,61.89,60.61,55.13,4.6065,6.8053,17.4328,-0.0,-0.0,0.1946
GAS,2018-09-18,64.14,65.21,63.67,65.09,268030,62.28,61.01,55.5,4.5203,6.6962,17.279,0.1633,0.8597,0.2058
GAS,2018-09-19,66.52,67.05,65.93,66.58,545150,62.99,61.5,55.9,5.6949,8.2594,19.0959,0.0989,0.5577,0.1958
GAS,2018-09-20,67.11,69.13,66.88,68.9,563350,63.93,62.03,56.38,7.7666,11.062,22.2075,0.3799,2.0742,0.2326
GAS,2018-09-21,68.66,69.37,67.89,68.84,461610,64.85,62.55,56.83,6.1453,10.0456,21.1207,0.0811,0.3297,0.2236
GAS,2018-09-24,68.84,70.08,68.84,69.96,339610,65.86,63.1,57.28,6.2314,10.8862,22.1461,0.2778,1.4296,0.237
GAS,2018-09-25,71.21,71.21,70.08,70.08,411900,66.72,63.62,57.74,5.0383,10.1517,21.3869,-0.4542,-2.4695,0.241
GAS,2018-09-26,70.08,70.56,69.55,69.55,327570,67.2,64.07,58.21,3.4909,8.5566,19.4862,-0.2756,-1.3176,0.2092
GAS,2018-09-27,69.96,70.02,68.12,69.61,386390,67.75,64.55,58.63,2.7439,7.8346,18.72,0.1976,1.0851,0.1966
GAS,2018-09-28,70.08,70.08,68.72,68.72,286600,68.21,64.87,59.03,0.7489,5.933,16.4185,-0.1696,-0.8546,0.2098
GAS,2018-10-01,68.78,71.21,68.78,71.03,493290,68.84,65.36,59.48,3.1924,8.6779,19.4168,0.2976,1.6198,0.2395
GAS,2018-10-02,71.15,73.35,71.09,72.16,515710,69.54,65.91,59.94,3.7663,9.4841,20.3867,-0.0225,-0.1201,0.2255
GAS,2018-10-03,71.81,73.05,71.75,72.87,239720,70.17,66.58,60.41,3.851,9.451,20.6298,0.252,1.2856,0.2408
GAS,2018-10-04,74.24,74.24,73.05,73.65,227900,70.65,67.29,60.91,4.2455,9.4488,20.9105,0.0,0.0,0.2028
GAS,2018-10-05,72.4,73.41,71.27,71.27,403490,70.89,67.87,61.37,0.5362,5.0098,16.1374,-0.2891,-1.5631,0.2236
GAS,2018-10-08,69.79,70.56,69.01,69.19,347700,70.81,68.34,61.76,-2.2897,1.2515,12.0264,-0.2665,-1.2923,0.2225
GAS,2018-10-09,71.27,71.27,70.02,70.86,169930,70.89,68.81,62.17,-0.0503,2.978,13.9712,0.0508,0.2991,0.1821
GAS,2018-10-10,71.27,71.92,70.86,71.86,185290,71.12,69.16,62.58,1.0438,3.9072,14.8289,0.1705,0.9028,0.1716
GAS,2018-10-11,66.99,69.37,66.88,66.88,944220,70.85,69.3,62.89,-5.6082,-3.4967,6.3397,-0.3098,-1.8801,0.1828
GAS,2018-10-12,66.88,71.21,64.14,71.21,607890,71.1,69.65,63.25,0.1587,2.2383,12.5812,0.3608,2.0365,0.2019
GAS,2018-10-15,70.08,71.27,68.3,68.3,473420,70.83,69.83,63.53,-3.5639,-2.1901,7.511,-0.5786,-3.1683,0.23
GAS,2018-10-16,68.3,70.32,68.24,69.37,316710,70.55,70.04,63.8,-1.6669,-0.9624,8.7344,0.033,0.1705,0.2311
GAS,2018-10-17,70.68,70.97,69.37,69.55,492070,70.21,70.19,64.09,-0.9474,-0.918,8.5096,-0.5394,-2.8333,0.2598
GAS,2018-10-18,68.95,69.19,68.0,68.0,242460,69.65,70.15,64.31,-2.3621,-3.0565,5.7391,-0.2942,-1.6295,0.2893
GAS,2018-10-19,65.33,67.59,65.33,66.52,654420,69.17,70.03,64.5,-3.8379,-5.0163,3.1307,0.0445,0.1976,0.2648
GAS,2018-10-22,67.11,68.06,66.52,66.52,341980,68.91,69.86,64.68,-3.4649,-4.7821,2.842,-0.3052,-1.6817,0.2687
GAS,2018-10-23,66.52,66.52,63.02,64.98,384490,68.32,69.61,64.78,-4.8944,-6.6513,0.2993,0.0576,0.3367,0.2694
GAS,2018-10-24,63.61,64.32,60.46,60.46,798130,67.18,69.15,64.81,-9.9991,-12.5655,-6.7128,-0.7382,-3.915,0.3261
GAS,2018-10-25,57.61,60.58,56.48,60.46,568570,66.54,68.69,64.92,-9.1315,-11.9834,-6.8608,0.4664,2.2986,0.3418
GAS,2018-10-26,61.77,61.95,60.46,60.46,473890,65.46,68.28,65.02,-7.6393,-11.4513,-7.0167,-0.5034,-2.5197,0.356
GAS,2018-10-29,60.34,60.4,56.72,57.61,481650,64.39,67.61,65.06,-10.5331,-14.7889,-11.4446,-0.4176,-2.0364,0.3399
GAS,2018-10-30,57.37,59.1,57.14,58.8,526490,63.34,66.94,65.09,-7.1643,-12.164,-9.6638,0.6073,2.8138,0.3974
GAS,2018-10-31,59.69,61.77,59.39,61.77,516660,62.56,66.39,65.19,-1.2627,-6.9559,-5.247,0.4008,2.0228,0.3835
GAS,2018-11-01,61.17,61.41,60.16,60.28,282450,61.79,65.72,65.23,-2.432,-8.2693,-7.5831,-0.2721,-1.418,0.3813
GAS,2018-11-02,60.16,61.11,59.1,61.0,665140,61.23,65.2,65.28,-0.388,-6.4535,-6.5633,0.6515,3.0776,0.442
GAS,2018-11-05,60.28,60.88,59.33,60.76,460360,60.66,64.78,65.31,0.1665,-6.2113,-6.9746,0.5551,2.7578,0.467
GAS,2018-11-06,61.59,62.01,60.34,60.52,413030,60.21,64.27,65.33,0.5129,-5.8269,-7.367,-0.3868,-1.995,0.4999
GAS,2018-11-07,59.87,60.58,58.86,59.27,605260,60.09,63.64,65.31,-1.3639,-6.8552,-9.2364,-0.5369,-2.7847,0.4798
GAS,2018-11-08,60.58,60.58,59.45,59.45,229280,59.99,63.26,65.3,-0.9009,-6.027,-8.9503,-0.3206,-1.7448,0.4652
GAS,2018-11-09,59.15,59.15,56.42,56.42,681560,59.59,62.53,65.18,-5.3125,-9.7601,-13.4317,-0.8383,-3.7942,0.4987
GAS,2018-11-12,56.42,57.85,55.53,57.37,438100,59.56,61.98,65.1,-3.6793,-7.4314,-11.871,0.398,1.8961,0.4968
GAS,2018-11-13,55.47,56.3,55.29,55.77,438310,59.26,61.3,64.99,-5.893,-9.0204,-14.1917,-0.0355,-0.1722,0.4396
GAS,2018-11-14,54.64,55.53,52.86,53.57,807750,58.44,60.5,64.88,-8.3333,-11.4514,-17.4235,-0.5297,-2.5157,0.4525
GAS,2018-11-15,54.58,55.24,53.51,53.69,612630,57.78,59.78,64.76,-7.0819,-10.1927,-17.0916,-0.6929,-3.4773,0.4946
GAS,2018-11-16,54.94,56.42,54.23,56.42,580710,57.33,59.28,64.7,-1.5748,-4.8192,-12.7864,0.8516,4.012,0.5146
GAS,2018-11-19,56.42,57.61,56.42,57.25,516050,56.98,58.82,64.64,0.4899,-2.6558,-11.4296,0.2744,1.3867,0.4865
GAS,2018-11-20,56.9,57.55,56.48,57.08,513460,56.63,58.42,64.55,0.7866,-2.3026,-11.585,0.0857,0.3867,0.4564
GAS,2018-11-21,55.83,56.13,55.35,55.77,734350,56.28,58.19,64.38,-0.9076,-4.1543,-13.3684,0.0783,0.3263,0.4105
GAS,2018-11-22,55.77,56.66,55.24,55.35,295800,55.87,57.93,64.2,-0.9248,-4.4495,-13.7788,-0.3685,-1.7194,0.4153
GAS,2018-11-23,55.24,55.59,54.7,54.94,292670,55.72,57.66,64.02,-1.407,-4.7129,-14.1802,-0.175,-0.8346,0.349
GAS,2018-11-26,53.81,54.46,53.57,53.93,668590,55.38,57.47,63.8,-2.6169,-6.1644,-15.472,-0.2064,-0.9008,0.3298
GAS,2018-11-27,54.52,54.88,53.63,53.81,529980,55.18,57.22,63.57,-2.4863,-5.9629,-15.3587,-0.5805,-2.6054,0.3843
GAS,2018-11-28,53.81,54.94,53.75,54.34,563260,55.26,56.85,63.33,-1.6552,-4.4087,-14.1876,0.0,0.0,0.3313
GAS,2018-11-29,54.76,54.76,52.92,53.51,908960,55.24,56.51,63.02,-3.1287,-5.3074,-15.0881,-0.3967,-1.819,0.3017
GAS,2018-11-30,53.57,54.17,53.28,53.93,437560,54.99,56.16,62.72,-1.9333,-3.9712,-14.0217,0.2603,1.2803,0.2426
GAS,2018-12-03,55.83,57.61,55.35,57.61,1357490,55.03,56.0,62.48,4.6951,2.8741,-7.7877,1.1283,5.1339,0.328
GAS,2018-12-04,57.61,57.91,56.72,57.31,850850,55.05,55.84,62.22,4.1105,2.6377,-7.8864,0.0,0.0,0.3194
GAS,2018-12-05,56.72,57.31,56.13,57.08,576190,55.18,55.73,61.97,3.4334,2.4138,-7.899,0.3943,1.8516,0.351
GAS,2018-12-06,56.72,57.55,55.95,56.48,831270,55.29,55.58,61.71,2.1482,1.6188,-8.4697,-0.3458,-1.7802,0.3487
GAS,2018-12-07,56.42,57.49,56.42,57.2,936130,55.52,55.62,61.48,3.0167,2.8297,-6.9673,0.5041,2.6492,0.3816
GAS,2018-12-10,57.31,58.8,57.14,58.03,1017190,55.93,55.65,61.22,3.7485,4.2634,-5.2137,0.0978,0.4721,0.3708
GAS,2018-12-11,57.61,57.79,57.02,57.08,613810,56.26,55.72,60.92,1.4569,2.4357,-6.3042,-0.8683,-4.0968,0.3996
GAS,2018-12-12,57.08,57.97,57.08,57.61,466030,56.58,55.92,60.61,1.8159,3.0216,-4.9504,0.1091,0.5423,0.4105
GAS,2018-12-13,57.61,58.44,57.49,57.67,464540,57.0,56.12,60.29,1.1774,2.7622,-4.3482,-0.3741,-1.8116,0.4082
GAS,2018-12-14,57.79,58.2,56.72,56.9,584180,57.3,56.14,60.0,-0.6945,1.3435,-5.1767,-0.5353,-2.5208,0.4357
GAS,2018-12-17,56.9,56.9,55.24,55.24,805870,57.06,56.04,59.73,-3.1956,-1.4413,-7.5179,-0.7921,-3.5017,0.4021
GAS,2018-12-18,54.05,55.53,53.93,55.53,818850,56.88,55.97,59.42,-2.3703,-0.7747,-6.5411,1.0617,4.9347,0.5083
GAS,2018-12-19,55.53,55.53,53.75,54.64,802830,56.64,55.91,59.07,-3.5235,-2.268,-7.5042,0.0,0.0,0.4689
GAS,2018-12-20,54.4,55.53,54.4,55.53,303240,56.54,55.92,58.85,-1.7857,-0.6904,-5.6337,0.4615,2.0929,0.4804
GAS,2018-12-21,54.64,54.88,54.05,54.46,208950,56.27,55.89,58.51,-3.2088,-2.5608,-6.9206,-0.0,-0.0,0.43
GAS,2018-12-24,54.11,54.23,52.86,52.86,718380,55.75,55.84,58.2,-5.188,-5.3393,-9.1818,-0.9738,-4.5733,0.5176
GAS,2018-12-25,50.19,51.37,49.59,50.96,758570,55.14,55.7,57.84,-7.5829,-8.5093,-11.8897,0.4349,2.0938,0.4743
GAS,2018-12-26,50.96,51.32,48.94,49.3,684770,54.31,55.45,57.43,-9.2301,-11.0921,-14.164,-0.7493,-2.9837,0.5383
GAS,2018-12-27,51.67,52.09,50.96,51.37,555700,53.68,55.34,57.1,-4.293,-7.1639,-10.0233,-0.187,-0.7846,0.5196
GAS,2018-12-28,51.37,51.73,50.6,51.43,351010,53.13,55.21,56.8,-3.197,-6.8467,-9.4407,0.1927,0.8236,0.4853
GAS,2019-01-02,51.14,51.61,51.14,51.55,417520,52.76,54.91,56.5,-2.2963,-6.1165,-8.7507,0.5629,2.3061,0.4624
GAS,2019-01-03,51.37,51.67,49.89,50.31,404480,52.24,54.56,56.2,-3.7062,-7.7995,-10.4935,-0.2384,-1.1715,0.38
GAS,2019-01-04,49.77,50.78,48.94,50.19,336550,51.8,54.22,56.0,-3.1074,-7.4328,-10.3772,0.1943,0.8645,0.3995
GAS,2019-01-07,51.37,51.85,50.78,51.26,255840,51.37,53.96,55.81,-0.2197,-5.003,-8.1661,-0.0566,-0.2488,0.359
GAS,2019-01-08,51.26,52.68,51.26,52.44,600270,51.17,53.72,55.65,2.4956,-2.3716,-5.7671,0.9003,4.572,0.449
GAS,2019-01-09,53.28,53.69,52.86,53.39,515500,51.22,53.49,55.57,4.244,-0.1721,-3.914,0.225,1.0572,0.3741
GAS,2019-01-10,53.99,54.76,53.75,54.23,685580,51.55,53.34,55.48,5.1964,1.6534,-2.2568,-0.0878,-0.4385,0.3394
GAS,2019-01-11,54.28,54.46,53.51,54.05,338400,52.02,53.17,55.32,3.8931,1.6589,-2.306,0.083,0.356,0.2728
GAS,2019-01-14,53.93,53.93,52.86,53.16,370320,52.2,52.94,55.18,1.8318,0.4095,-3.6681,-0.3252,-1.6157,0.2866
GAS,2019-01-15,53.16,53.75,53.16,53.63,368380,52.42,52.78,55.03,2.3114,1.6205,-2.5469,0.4017,1.7908,0.3075
GAS,2019-01-16,54.28,54.28,53.63,53.81,198780,52.65,52.7,54.89,2.2112,2.096,-1.9756,-0.1848,-0.8125,0.2697
GAS,2019-01-17,54.05,54.05,52.86,52.86,178680,52.9,52.57,54.74,-0.0786,0.5479,-3.4372,-0.3269,-1.6479,0.2785
GAS,2019-01-18,53.16,53.33,52.68,52.86,227340,53.17,52.48,54.61,-0.5809,0.7186,-3.2104,-0.2031,-0.9709,0.2794
GAS,2019-01-21,53.93,54.11,53.16,53.75,257610,53.42,52.39,54.5,0.6226,2.5903,-1.3732,0.0896,0.4842,0.2827
GAS,2019-01-22,53.93,53.99,53.28,53.28,220970,53.5,52.33,54.44,-0.4219,1.7988,-2.1319,-0.3189,-1.613,0.2246
GAS,2019-01-23,53.22,53.75,52.92,53.45,227610,53.51,52.36,54.36,-0.0999,2.0813,-1.663,0.122,0.5844,0.2143
GAS,2019-01-24,53.51,54.23,53.33,53.33,332180,53.42,52.48,54.31,-0.1557,1.624,-1.7935,-0.6288,-2.6374,0.2684
GAS,2019-01-25,53.1,53.63,53.04,53.16,325280,53.33,52.68,54.3,-0.323,0.9133,-2.1066,-0.4723,-1.9117,0.3073
GAS,2019-01-28,53.51,53.57,52.98,53.16,189380,53.33,52.76,54.29,-0.323,0.7429,-2.0873,-0.1724,-0.7771,0.292
GAS,2019-01-29,52.62,52.86,51.97,52.21,309890,53.19,52.8,54.21,-1.8425,-1.1304,-3.6881,-0.22,-0.9337,0.2739
GAS,2019-01-30,52.27,52.86,52.27,52.27,216190,53.03,52.84,54.11,-1.4447,-1.0847,-3.4007,-0.3668,-1.7569,0.2921
GAS,2019-01-31,53.1,53.1,52.15,52.15,327020,52.96,52.93,54.01,-1.5364,-1.4811,-3.4443,-0.526,-2.4158,0.312
GAS,2019-02-01,52.44,52.74,52.27,52.27,329360,52.9,53.03,53.94,-1.2013,-1.4503,-3.0986,-0.4954,-1.7461,0.3412
GAS,2019-02-11,52.74,53.75,52.15,53.75,513260,52.9,53.16,53.9,1.6055,1.1117,-0.2865,0.6962,3.0635,0.4019
GAS,2019-02-12,53.57,54.64,53.45,54.05,623510,52.98,53.24,53.89,2.0179,1.5172,0.2976,0.0,0.0,0.37
GAS,2019-02-13,54.52,55.59,54.4,55.24,571680,53.16,53.33,53.91,3.9106,3.5692,2.4522,0.2343,0.999,0.3812
GAS,2019-02-14,55.29,55.65,54.82,54.94,475450,53.32,53.37,53.94,3.0411,2.9436,1.8588,-0.3802,-1.648,0.3563
GAS,2019-02-15,55.12,56.01,54.94,55.83,916910,53.58,53.46,53.97,4.1898,4.4386,3.4536,0.9006,3.6045,0.3992
GAS,2019-02-18,56.72,57.85,56.42,57.73,971850,54.04,53.68,54.05,6.8249,7.534,6.8085,0.849,3.3844,0.4668
GAS,2019-02-19,57.73,58.15,56.72,57.02,784000,54.52,53.85,54.11,4.5752,5.8726,5.3694,-0.332,-1.4706,0.478
GAS,2019-02-20,57.02,57.2,56.48,57.02,533120,55.0,54.01,54.1,3.6717,5.5583,5.3926,0.3207,1.6167,0.4734
GAS,2019-02-21,57.02,57.91,56.84,57.73,1213190,55.56,54.26,54.11,3.9128,6.3981,6.6936,0.8444,2.9542,0.5053
GAS,2019-02-22,57.37,59.27,57.08,58.98,876610,56.23,54.56,54.15,4.8907,8.0875,8.9222,0.6373,3.0172,0.5195
GAS,2019-02-25,59.69,59.99,58.8,58.92,587600,56.74,54.82,54.19,3.8309,7.4698,8.7147,-0.4514,-1.918,0.495
GAS,2019-02-26,58.5,58.74,57.61,58.15,919960,57.15,55.07,54.21,1.7354,5.5924,7.2524,-0.0593,-0.2522,0.5009
GAS,2019-02-27,58.32,58.92,58.03,58.5,475590,57.48,55.32,54.22,1.7772,5.7548,7.8908,0.0367,0.1534,0.4811
GAS,2019-02-28,58.8,59.87,58.2,58.32,1014710,57.82,55.57,54.25,0.8731,4.9594,7.5128,-0.5941,-2.2731,0.5025
GAS,2019-03-01,59.1,59.39,58.44,59.39,549800,58.17,55.88,54.28,2.0929,6.2869,9.4116,0.5755,2.2783,0.47
GAS,2019-03-04,60.11,61.17,60.11,61.17,1064060,58.52,56.28,54.35,4.5367,8.6957,12.5486,0.853,4.0387,0.4704
GAS,2019-03-05,60.28,62.36,60.11,61.77,878610,58.99,56.76,54.45,4.7015,8.8264,13.438,0.3371,1.899,0.4709
GAS,2019-03-06,61.23,61.77,60.28,61.77,607480,59.47,57.23,54.58,3.865,7.923,13.1665,0.7577,3.0549,0.5146
GAS,2019-03-07,62.07,62.66,61.17,61.17,636880,59.81,57.68,54.69,2.2739,6.0489,11.8471,-0.5528,-2.6407,0.4855
GAS,2019-03-08,60.64,61.0,59.81,59.99,717540,59.92,58.07,54.8,0.119,3.2984,9.4614,-0.5427,-2.4432,0.476
GAS,2019-03-11,59.99,60.05,58.74,59.51,497400,59.97,58.36,54.88,-0.7724,1.9744,8.4369,0.1394,0.6108,0.4448
GAS,2019-03-12,60.58,60.58,59.51,60.52,528030,60.21,58.68,55.0,0.5129,3.1324,10.0337,0.3901,1.7884,0.4779
GAS,2019-03-13,61.17,61.41,59.99,60.34,452730,60.4,58.94,55.15,-0.0885,2.3832,9.412,-0.1785,-0.9252,0.4921
GAS,2019-03-14,60.88,61.29,60.34,60.7,714530,60.63,59.23,55.35,0.1078,2.487,9.6708,-0.194,-0.9213,0.4521
GAS,2019-03-15,61.79,61.85,61.19,61.55,624450,60.85,59.51,55.59,1.1499,3.4227,10.7163,0.0506,0.2494,0.3996
GAS,2019-03-18,61.73,63.31,61.73,63.0,824960,61.03,59.78,55.82,3.229,5.3988,12.8595,0.4901,2.4769,0.3633
GAS,2019-03-19,63.55,63.61,62.09,62.7,754590,61.13,60.06,56.05,2.576,4.3958,11.8654,-0.1186,-0.6576,0.3414
GAS,2019-03-20,62.4,62.4,61.25,61.91,592690,61.14,60.3,56.26,1.2637,2.6661,10.0535,0.114,0.5112,0.2771
GAS,2019-03-21,62.7,62.7,59.97,59.97,689690,61.02,60.42,56.45,-1.714,-0.7333,6.2424,-0.4705,-2.2496,0.2688
GAS,2019-03-22,60.52,60.82,59.79,60.52,715730,61.07,60.49,56.66,-0.907,0.0415,6.8172,0.4568,1.8137,0.2603
GAS,2019-03-25,58.46,59.49,57.91,59.49,875550,61.07,60.52,56.82,-2.5898,-1.7074,4.6952,0.9359,4.8193,0.3399
GAS,2019-03-26,59.97,59.97,58.28,58.82,349120,60.9,60.56,56.95,-3.4125,-2.8629,3.2905,-0.2003,-1.0105,0.3209
GAS,2019-03-27,59.73,59.73,58.82,58.88,371570,60.76,60.58,57.06,-3.0808,-2.7935,3.1979,-0.5988,-2.6351,0.363
GAS,2019-03-28,58.16,59.73,58.16,59.73,340660,60.66,60.65,57.17,-1.528,-1.5079,4.4827,0.5443,2.1621,0.398
GAS,2019-03-29,59.91,60.28,59.43,59.49,255710,60.45,60.65,57.28,-1.5933,-1.9153,3.861,-0.318,-1.2423,0.4247
GAS,2019-04-01,59.67,61.19,59.67,61.0,433760,60.25,60.64,57.43,1.2467,0.5959,6.2141,0.4855,2.0385,0.4243
GAS,2019-04-02,61.85,62.15,61.19,61.19,563160,60.1,60.61,57.59,1.8043,0.9441,6.2511,-0.7523,-3.4796,0.4876
GAS,2019-04-03,61.25,61.73,60.64,61.49,451150,60.06,60.6,57.74,2.3805,1.4672,6.493,0.3676,1.8707,0.513
GAS,2019-04-04,61.73,61.91,61.31,61.37,379650,60.2,60.61,57.91,1.9422,1.2512,5.9709,-0.42,-2.2119,0.508
GAS,2019-04-05,61.37,62.88,61.19,62.88,845350,60.43,60.75,58.11,4.0497,3.5027,8.2116,1.2336,5.8693,0.5856
GAS,2019-04-08,63.61,64.82,63.61,64.82,886190,60.97,61.02,58.33,6.3196,6.2294,11.1242,1.0145,4.7519,0.5935
GAS,2019-04-09,65.43,65.43,63.31,63.61,705700,61.45,61.17,58.54,3.5197,3.9807,8.6621,-0.5029,-2.1234,0.6237
GAS,2019-04-10,63.31,64.03,62.94,63.73,467860,61.93,61.34,58.74,2.9052,3.8911,8.4882,0.2991,1.3667,0.5938
GAS,2019-04-11,64.34,64.34,63.61,63.61,281390,62.32,61.49,58.95,2.0706,3.4483,7.9045,-0.4662,-2.5192,0.586
GAS,2019-04-12,63.31,65.0,62.82,64.52,393550,62.82,61.64,59.18,2.7001,4.6734,9.0257,0.369,1.8427,0.5911
GAS,2019-04-16,63.61,64.09,63.0,63.79,303000,63.1,61.68,59.39,1.0945,3.4279,7.4112,0.2129,1.0501,0.5638
GAS,2019-04-17,63.85,65.37,63.85,64.7,664240,63.45,61.78,59.64,1.9668,4.7316,8.4849,0.0765,0.3892,0.4962
GAS,2019-04-18,64.52,64.82,63.79,63.97,265360,63.7,61.88,59.87,0.428,3.3824,6.8464,-0.315,-1.727,0.491
GAS,2019-04-19,64.82,65.18,64.15,64.34,221520,64.0,62.1,60.12,0.5301,3.6047,7.0178,-0.3189,-1.7467,0.4808
GAS,2019-04-22,64.4,66.64,64.34,65.79,415660,64.29,62.36,60.39,2.337,5.4984,8.9461,0.1953,0.9985,0.377
GAS,2019-04-23,66.64,68.39,66.33,67.97,743710,64.6,62.78,60.67,5.2138,8.2594,12.0299,0.8657,4.2061,0.3621
GAS,2019-04-24,67.85,69.61,67.85,67.97,451460,65.04,63.24,60.95,4.5082,7.4764,11.5181,-0.4905,-2.7487,0.3609
GAS,2019-04-25,67.97,68.94,67.67,68.46,310480,65.51,63.72,61.21,4.4942,7.4298,11.8281,0.1416,0.8339,0.3452
GAS,2019-04-26,67.97,68.76,67.85,68.33,155140,65.98,64.15,61.48,3.5623,6.5206,11.1437,0.0171,0.0821,0.3002
GAS,2019-05-02,67.85,69.36,67.79,69.06,229350,66.44,64.63,61.75,3.9482,6.8566,11.8447,0.2132,1.0098,0.2847
GAS,2019-05-03,68.03,69.0,67.55,68.15,208380,66.87,64.99,61.96,1.9114,4.8707,10.0017,-0.0514,-0.2575,0.2685
GAS,2019-05-06,66.64,67.55,64.64,65.37,388710,66.94,65.2,62.12,-2.3529,0.2602,5.2203,-0.2897,-1.5947,0.2898
GAS,2019-05-07,65.91,66.52,65.43,65.73,235770,67.12,65.41,62.3,-2.067,0.4909,5.5094,-0.1781,-0.9897,0.2762
GAS,2019-05-08,65.73,66.33,64.21,66.03,388880,67.29,65.64,62.46,-1.8637,0.5953,5.7139,0.3891,2.3343,0.2832
GAS,2019-05-09,66.03,66.03,64.46,64.58,319300,67.16,65.73,62.58,-3.8514,-1.7466,3.2011,-0.4066,-2.4106,0.3043
GAS,2019-05-10,64.58,65.67,64.58,65.37,242390,66.9,65.75,62.7,-2.2999,-0.5896,4.2448,0.1921,1.1357,0.2369
GAS,2019-05-13,65.43,65.43,64.52,64.58,266910,66.57,65.8,62.83,-2.9851,-1.8597,2.778,-0.3397,-1.5785,0.2219
GAS,2019-05-14,64.52,66.03,64.09,66.03,312120,66.32,65.92,62.98,-0.4384,0.1746,4.8406,0.3677,1.8316,0.2445
GAS,2019-05-15,66.03,67.12,66.03,66.64,308570,66.15,66.07,63.15,0.7326,0.8619,5.5239,0.041,0.2121,0.2469
GAS,2019-05-16,67.85,67.85,66.7,66.7,186420,65.92,66.18,63.3,1.1856,0.7873,5.376,-0.2418,-1.0861,0.2497
GAS,2019-05-17,67.24,67.49,66.76,66.76,291760,65.78,66.33,63.41,1.492,0.6531,5.2859,-0.4169,-2.1375,0.2863
GAS,2019-05-20,67.06,68.46,66.76,68.46,395860,66.09,66.51,63.54,3.5842,2.9191,7.7338,0.5832,2.7627,0.3156
GAS,2019-05-21,68.46,68.58,67.43,67.55,396200,66.27,66.69,63.66,1.9289,1.2808,6.1107,-0.4779,-2.2261,0.3456
GAS,2019-05-22,67.55,68.76,66.94,66.94,255740,66.36,66.82,63.77,0.8764,0.1768,4.9689,-0.3505,-1.8007,0.3417
GAS,2019-05-23,66.64,66.94,65.12,66.09,469570,66.51,66.84,63.89,-0.6285,-1.1148,3.4409,0.0422,0.1995,0.3053
GAS,2019-05-24,64.82,66.09,64.52,64.52,605650,66.43,66.67,63.99,-2.8728,-3.2214,0.8177,-0.7609,-3.2497,0.3622
GAS,2019-05-27,64.82,65.49,64.52,65.24,196160,66.49,66.53,64.09,-1.8768,-1.9304,1.8034,0.2485,1.1177,0.3531
GAS,2019-05-28,65.97,65.97,64.82,65.37,141830,66.43,66.37,64.19,-1.596,-1.5196,1.8329,-0.0119,-0.0451,0.3175
GAS,2019-05-29,65.37,65.97,65.12,65.85,254400,66.35,66.25,64.29,-0.7487,-0.6035,2.4235,0.263,1.2606,0.3397
GAS,2019-05-30,65.85,66.09,65.43,65.49,105790,66.23,66.07,64.37,-1.116,-0.8848,1.7335,-0.127,-0.6719,0.3282
GAS,2019-05-31,64.52,65.31,63.18,63.18,370420,65.87,65.82,64.37,-4.0743,-4.0081,-1.8482,-0.4676,-2.2364,0.3333
GAS,2019-06-03,61.97,62.4,59.97,61.43,585280,65.17,65.63,64.35,-5.7358,-6.3971,-4.5395,0.1313,0.6542,0.2881
GAS,2019-06-04,61.43,62.4,60.58,61.79,187500,64.59,65.43,64.35,-4.3331,-5.5599,-3.9711,0.1491,0.7517,0.2552
GAS,2019-06-05,62.7,62.82,61.79,61.79,100400,64.08,65.22,64.38,-3.5643,-5.2529,-4.0253,-0.1847,-0.9903,0.2386
GAS,2019-06-06,61.19,61.19,60.46,60.46,343360,63.51,65.01,64.38,-4.8073,-7.0028,-6.0936,-0.6622,-3.2126,0.3006
GAS,2019-06-07,61.19,62.4,60.46,62.4,553140,63.3,64.86,64.44,-1.426,-3.8012,-3.17,0.7668,3.5425,0.3012
GAS,2019-06-10,63.0,63.37,62.4,62.7,301290,63.05,64.77,64.52,-0.5477,-3.1941,-2.8169,-0.2058,-1.0492,0.2969
GAS,2019-06-11,62.7,63.06,61.85,63.0,239360,62.81,64.62,64.6,0.3086,-2.4985,-2.472,0.5213,2.2459,0.3479
GAS,2019-06-12,62.46,62.64,61.49,61.49,222140,62.37,64.36,64.64,-1.418,-4.4616,-4.8681,-0.4099,-1.8927,0.3626
GAS,2019-06-13,60.52,62.09,60.34,61.49,277920,61.97,64.1,64.68,-0.782,-4.0733,-4.9269,0.1832,0.7872,0.3682
GAS,2019-06-14,61.49,62.15,61.49,61.79,181500,61.83,63.85,64.69,-0.0686,-3.2258,-4.4819,-0.0353,-0.1596,0.325
GAS,2019-06-17,61.79,62.22,61.25,61.73,117830,61.86,63.51,64.7,-0.2154,-2.8089,-4.5916,0.0,0.0,0.3118
GAS,2019-06-18,61.49,61.73,61.25,61.49,157350,61.83,63.21,64.7,-0.5584,-2.7265,-4.9661,0.0,0.0,0.2969
GAS,2019-06-19,62.76,62.82,62.03,62.82,177540,61.94,63.01,64.73,1.428,-0.2933,-2.9499,0.3325,1.6669,0.3117
GAS,2019-06-20,62.82,63.73,62.4,63.49,326020,62.24,62.88,64.74,2.0051,0.9731,-1.9388,0.2494,1.2361,0.2704
GAS,2019-06-21,63.91,64.28,63.61,63.91,194280,62.39,62.85,64.72,2.4371,1.6965,-1.2561,-0.0189,-0.0732,0.1956
GAS,2019-06-24,61.19,63.73,61.19,63.31,141490,62.45,62.75,64.72,1.3677,0.8882,-2.1829,0.1743,0.8418,0.1925
GAS,2019-06-25,62.7,63.61,62.58,62.7,225300,62.42,62.62,64.7,0.4464,0.1355,-3.0881,-0.294,-1.4331,0.1698
GAS,2019-06-26,63.31,63.79,62.94,63.43,150000,62.62,62.49,64.69,1.2964,1.4928,-1.959,0.0314,0.1714,0.1319
GAS,2019-06-27,63.79,63.91,59.37,59.37,219480,62.4,62.19,64.59,-4.8636,-4.5346,-8.0865,-0.2714,-1.2175,0.1407
GAS,2019-06-28,61.79,62.76,59.07,59.07,995340,62.13,61.98,64.5,-4.9337,-4.7061,-8.4215,-1.29,-5.1539,0.2662
GAS,2019-07-01,62.4,62.82,61.55,62.82,357230,62.24,62.05,64.46,0.9344,1.2399,-2.5413,0.5475,2.5541,0.3209
GAS,2019-07-02,62.94,63.0,62.28,62.94,199800,62.39,62.11,64.44,0.8934,1.3411,-2.3221,0.2864,1.3298,0.3496
GAS,2019-07-03,62.4,62.52,61.85,62.4,200830,62.34,62.14,64.4,0.0875,0.4143,-3.1099,0.2343,0.9327,0.3398
GAS,2019-07-04,62.4,63.0,62.4,62.52,134830,62.25,62.24,64.33,0.438,0.4428,-2.823,-0.1237,-0.4891,0.3272
GAS,2019-07-05,62.88,62.88,62.52,62.76,221780,62.13,62.26,64.23,1.014,0.8027,-2.2881,0.1345,0.5792,0.3387
GAS,2019-07-08,62.94,62.94,61.91,62.4,160240,62.04,62.25,64.12,0.5761,0.2433,-2.6851,-0.0183,-0.0825,0.3231
GAS,2019-07-09,62.4,63.55,62.15,63.25,224910,62.09,62.26,64.01,1.8536,1.5861,-1.2019,0.1977,0.8216,0.3135
GAS,2019-07-10,63.61,64.09,63.61,64.09,406980,62.16,62.39,63.93,3.1089,2.7334,0.2558,0.6122,2.7131,0.3716
GAS,2019-07-11,64.7,65.06,64.34,64.34,198380,62.66,62.53,63.84,2.6781,2.887,0.7839,-0.2946,-1.3221,0.3739
GAS,2019-07-12,64.94,65.0,63.85,64.09,166770,63.16,62.65,63.75,1.4771,2.3112,0.5321,-0.1249,-0.5812,0.2574
GAS,2019-07-15,63.91,64.4,63.61,64.21,151450,63.3,62.77,63.73,1.4451,2.3018,0.7585,0.1425,0.6866,0.2169
GAS,2019-07-16,64.21,64.52,63.91,64.46,231630,63.45,62.92,63.71,1.5849,2.4456,1.1792,0.2367,1.014,0.2119
GAS,2019-07-17,64.15,66.03,63.91,65.97,532120,63.81,63.08,63.7,3.3893,4.5909,3.5585,0.6682,3.219,0.2553
GAS,2019-07-18,65.97,65.97,64.82,64.94,196780,64.05,63.15,63.71,1.3903,2.8396,1.9302,-0.2467,-0.9593,0.2676
GAS,2019-07-19,65.12,65.12,64.09,64.21,299330,64.2,63.16,63.69,0.0283,1.664,0.8256,-0.2487,-1.097,0.2791
GAS,2019-07-22,63.67,64.88,63.67,63.91,126500,64.35,63.19,63.68,-0.6778,1.136,0.371,-0.1029,-0.4757,0.2875
GAS,2019-07-23,63.91,65.43,63.91,64.88,165220,64.51,63.3,63.65,0.5728,2.4929,1.9301,0.0622,0.2914,0.274
GAS,2019-07-24,65.0,65.55,64.58,64.64,133000,64.57,63.36,63.61,0.1126,2.0125,1.6132,-0.1462,-0.7199,0.2274
GAS,2019-07-25,64.58,65.73,64.21,65.43,436120,64.68,63.67,63.59,1.1615,2.7642,2.8924,0.3277,1.6731,0.2307
GAS,2019-07-26,65.43,66.03,65.37,65.43,300030,64.81,63.98,63.56,0.9535,2.2534,2.9356,-0.369,-1.9301,0.2551
GAS,2019-07-29,65.55,67.24,65.18,67.24,668960,65.11,64.21,63.54,3.275,4.7318,5.8352,1.0701,5.1284,0.3478
GAS,2019-07-30,67.24,68.15,66.03,66.03,378650,65.27,64.36,63.51,1.1695,2.5979,3.9779,-0.4032,-1.837,0.3645
GAS,2019-07-31,66.03,66.94,65.79,66.09,126560,65.28,64.54,63.49,1.2435,2.398,4.1011,-0.0781,-0.388,0.3055
GAS,2019-08-01,66.58,66.58,65.31,65.61,235090,65.35,64.7,63.48,0.3986,1.4045,3.3535,-0.1611,-0.7579,0.2969
GAS,2019-08-02,64.21,64.88,63.61,64.21,436240,65.35,64.77,63.47,-1.7336,-0.8605,1.1682,-0.0275,-0.1141,0.2748
GAS,2019-08-05,63.97,64.21,62.94,63.0,343310,65.26,64.8,63.43,-3.4534,-2.7765,-0.6705,-0.3797,-1.498,0.3025
GAS,2019-08-06,61.31,62.4,60.58,61.79,409620,64.95,64.73,63.36,-4.8596,-4.5391,-2.4707,0.18,0.7496,0.3142
GAS,2019-08-07,62.34,62.4,60.52,60.88,217060,64.57,64.57,63.26,-5.7135,-5.7091,-3.7541,-0.2045,-0.9187,0.3201
GAS,2019-08-08,60.64,62.7,60.22,61.19,397340,64.15,64.41,63.17,-4.618,-5.0082,-3.1435,-0.113,-0.5107,0.2986
GAS,2019-08-09,61.31,62.09,61.25,61.37,170690,63.74,64.28,63.14,-3.7255,-4.524,-2.7999,-0.1686,-0.7666,0.2786
GAS,2019-08-12,61.91,62.4,61.79,61.79,207340,63.2,64.15,63.14,-2.2239,-3.6827,-2.1395,-0.3684,-1.6566,0.2084
GAS,2019-08-13,61.25,61.67,60.52,60.58,499630,62.65,63.96,63.12,-3.3069,-5.2851,-4.0215,-0.6927,-3.0032,0.2373
GAS,2019-08-14,62.09,62.09,60.88,61.13,163970,62.15,63.72,63.1,-1.6569,-4.0692,-3.1372,-0.1612,-0.6604,0.2457
GAS,2019-08-15,59.97,61.13,59.79,61.13,266470,61.71,63.53,63.12,-0.9425,-3.7811,-3.1577,0.3094,1.4299,0.2605
GAS,2019-08-16,61.06,61.67,60.94,61.13,373200,61.4,63.37,63.09,-0.444,-3.5465,-3.1186,-0.2584,-0.9861,0.2836
GAS,2019-08-19,61.79,62.09,61.19,61.67,177900,61.26,63.26,63.07,0.6625,-2.5138,-2.2226,0.0225,0.1103,0.2479
GAS,2019-08-20,62.09,62.58,61.97,62.4,315690,61.33,63.14,63.06,1.7485,-1.1706,-1.051,0.1822,0.9286,0.2481
GAS,2019-08-21,62.7,64.03,62.52,63.73,495360,61.61,63.09,63.1,3.4415,1.013,0.9907,0.3527,1.7756,0.2629
GAS,2019-08-22,63.85,63.85,63.0,63.37,284870,61.83,62.99,63.14,2.4887,0.6011,0.355,-0.0586,-0.2469,0.2575
GAS,2019-08-23,63.61,63.61,62.34,63.0,293260,61.99,62.87,63.17,1.632,0.2168,-0.2589,0.0208,0.0901,0.2427
GAS,2019-08-26,62.15,62.4,61.19,61.49,518030,61.96,62.58,63.16,-0.7626,-1.7425,-2.6491,-0.3064,-1.6711,0.2365
GAS,2019-08-27,62.28,62.28,61.49,61.73,150750,62.08,62.36,63.17,-0.5563,-1.0151,-2.2729,-0.0665,-0.314,0.1739
GAS,2019-08-28,61.79,62.52,61.79,61.97,106940,62.16,62.16,63.15,-0.3021,-0.2973,-1.863,-0.0879,-0.4525,0.1665
GAS,2019-08-29,62.59,63.09,62.28,62.28,205170,62.28,61.99,63.13,0.0116,0.4716,-1.333,-0.35,-1.7249,0.1706
GAS,2019-08-30,62.28,62.97,62.28,62.35,176460,62.4,61.9,63.09,-0.0847,0.7234,-1.1858,-0.2129,-1.0555,0.1661
GAS,2019-09-03,62.41,62.41,60.12,61.85,159010,62.42,61.84,63.07,-0.9079,0.0156,-1.9263,0.1044,0.5454,0.1742
GAS,2019-09-04,61.85,62.41,61.85,62.22,235150,62.4,61.86,63.06,-0.2842,0.5818,-1.3217,0.1096,0.5737,0.167
GAS,2019-09-05,62.9,63.21,62.22,62.28,109840,62.25,61.93,63.03,0.047,0.5681,-1.1876,-0.1863,-0.9473,0.1503
GAS,2019-09-06,62.9,62.9,62.22,62.47,70560,62.17,62.0,63.09,0.4903,0.7638,-0.9901,-0.0362,-0.1962,0.1481
GAS,2019-09-09,62.1,62.59,62.04,62.04,100280,62.07,62.03,63.15,-0.0521,0.0101,-1.7702,-0.1944,-0.8369,0.1655
GAS,2019-09-10,62.28,62.59,61.29,61.54,338880,62.07,62.02,63.13,-0.8592,-0.7691,-2.5157,-0.3149,-1.4968,0.1663
GAS,2019-09-11,61.54,61.66,61.04,61.17,170960,62.02,62.05,63.09,-1.3689,-1.4155,-3.0502,-0.1863,-0.8107,0.1783
GAS,2019-09-12,61.35,61.91,61.29,61.54,85080,61.97,62.07,63.08,-0.7,-0.8494,-2.4344,-0.0234,-0.1112,0.1718
GAS,2019-09-13,61.35,63.03,61.35,62.59,260180,62.01,62.14,63.08,0.9495,0.7289,-0.7665,0.1762,0.8692,0.1545
GAS,2019-09-16,64.45,64.52,63.71,64.08,622830,62.18,62.29,63.1,3.0599,2.8777,1.5491,-0.0628,-0.31,0.1395
GAS,2019-09-17,64.45,66.31,64.14,66.25,836730,62.62,62.52,63.18,5.7997,5.9704,4.8583,1.0955,5.308,0.2386
GAS,2019-09-18,65.69,65.69,64.27,64.45,691660,62.84,62.62,63.21,2.5641,2.9264,1.9747,-0.6867,-3.3016,0.2963
GAS,2019-09-19,63.83,64.33,63.77,64.33,266300,63.05,62.65,63.21,2.0348,2.6794,1.771,0.3122,1.8702,0.3089
GAS,2019-09-20,64.33,64.89,63.59,63.71,276350,63.17,62.67,63.2,0.8535,1.6623,0.8106,-0.226,-0.7089,0.3279
GAS,2019-09-23,63.71,64.83,63.71,64.14,257330,63.38,62.72,63.2,1.2027,2.2615,1.4954,-0.0743,-0.3949,0.3159
GAS,2019-09-24,64.39,64.83,63.83,64.14,229570,63.64,62.86,63.2,0.7888,2.0456,1.4977,-0.148,-0.7766,0.2992
GAS,2019-09-25,63.83,63.83,63.03,63.46,216420,63.87,62.94,63.18,-0.6404,0.8222,0.4506,0.0285,0.1434,0.2834
GAS,2019-09-26,63.46,64.64,63.09,64.45,343280,64.16,63.07,63.15,0.454,2.1962,2.0692,0.3171,1.6617,0.3127
GAS,2019-09-27,64.7,65.63,64.7,65.07,489500,64.41,63.21,63.15,1.0295,2.9513,3.0464,-0.1262,-0.6379,0.3077
GAS,2019-09-30,65.07,66.62,65.07,65.88,632370,64.59,63.38,63.18,1.9958,3.9355,4.2672,0.0307,0.1642,0.3045
GAS,2019-10-01,65.82,66.0,65.07,65.82,283850,64.55,63.58,63.22,1.9683,3.5138,4.1064,0.2066,1.1911,0.2156
GAS,2019-10-02,65.69,65.69,63.96,64.14,450590,64.52,63.68,63.21,-0.5764,0.7299,1.4833,-0.4889,-2.3641,0.1959
GAS,2019-10-03,63.83,63.83,62.9,63.21,511550,64.4,63.73,63.18,-1.8476,-0.8023,0.0576,-0.188,-0.9397,0.1834
GAS,2019-10-04,63.21,63.77,62.28,62.28,595640,64.26,63.72,63.11,-3.0765,-2.2469,-1.3157,-0.7018,-3.4476,0.231
GAS,2019-10-07,62.9,62.9,62.28,62.41,224250,64.09,63.73,63.05,-2.6206,-2.0809,-1.0246,-0.1681,-0.8189,0.2404
GAS,2019-10-08,62.41,62.53,61.73,61.91,425630,63.86,63.75,62.95,-3.0568,-2.8871,-1.6446,-0.273,-1.4435,0.2529
GAS,2019-10-09,61.91,62.59,61.79,62.16,201050,63.73,63.8,62.87,-2.4699,-2.5741,-1.1291,-0.0214,-0.1133,0.2522
GAS,2019-10-10,62.16,62.72,62.16,62.66,173870,63.55,63.86,62.8,-1.4139,-1.8828,-0.2315,0.2083,1.023,0.2413
GAS,2019-10-11,62.72,63.83,62.72,63.4,212840,63.39,63.9,62.76,0.0196,-0.7808,1.0238,0.0825,0.3596,0.2369
GAS,2019-10-14,63.77,63.83,62.97,63.21,217560,63.12,63.86,62.74,0.1473,-1.0045,0.7597,-0.1134,-0.5876,0.2452
GAS,2019-10-15,63.21,63.21,62.59,62.72,194130,62.81,63.68,62.73,-0.148,-1.5085,-0.0215,-0.2007,-1.0822,0.2446
GAS,2019-10-16,62.72,63.15,62.66,62.72,147010,62.67,63.59,62.75,0.0791,-1.3741,-0.0511,-0.189,-0.9073,0.2146
GAS,2019-10-17,62.78,63.15,62.28,62.59,247850,62.61,63.51,62.78,-0.0198,-1.4346,-0.303,-0.1193,-0.527,0.2077
GAS,2019-10-18,63.09,63.09,62.53,62.59,167550,62.64,63.45,62.81,-0.0693,-1.3479,-0.3477,-0.2085,-1.0846,0.1584
GAS,2019-10-21,62.59,63.15,62.28,62.72,170180,62.67,63.38,62.84,0.0791,-1.0414,-0.1933,0.0,0.0,0.1416
GAS,2019-10-22,62.72,63.03,62.72,62.84,122380,62.76,63.31,62.86,0.1284,-0.7439,-0.0294,-0.0376,-0.1822,0.1181
GAS,2019-10-23,62.84,62.97,62.59,62.72,105640,62.82,63.28,62.9,-0.1579,-0.8815,-0.2944,-0.0568,-0.3269,0.1216
GAS,2019-10-24,63.21,63.52,63.09,63.46,150780,62.9,63.23,62.95,0.8967,0.3725,0.813,0.2059,0.8406,0.1214
GAS,2019-10-25,63.83,63.83,63.21,63.52,254770,62.91,63.15,63.0,0.9753,0.5938,0.8346,0.0,0.0,0.1131
GAS,2019-10-28,63.65,63.96,63.52,63.77,217560,62.97,63.04,63.05,1.2795,1.1551,1.1431,0.0542,0.2818,0.1072
GAS,2019-10-29,63.83,63.83,63.34,63.34,127260,63.03,62.92,63.08,0.4916,0.6649,0.4019,-0.2113,-1.1146,0.1083
GAS,2019-10-30,63.4,64.02,63.03,63.96,339620,63.15,62.91,63.12,1.2758,1.6649,1.3342,0.497,2.3039,0.1391
GAS,2019-10-31,64.14,64.33,63.4,64.14,410730,63.31,62.96,63.12,1.3216,1.8851,1.6155,0.335,1.8135,0.1606
GAS,2019-11-01,63.46,64.95,63.46,64.76,401260,63.52,63.08,63.15,1.9512,2.6674,2.5519,0.3828,1.4206,0.178
GAS,2019-11-04,65.14,66.0,65.14,65.38,499870,63.79,63.23,63.2,2.4968,3.406,3.4553,-0.2386,-1.2164,0.2019
GAS,2019-11-05,65.44,66.44,65.38,66.31,618060,64.14,63.45,63.3,3.3916,4.5126,4.7663,0.6497,2.8088,0.2631
GAS,2019-11-06,66.31,66.31,65.38,65.57,350590,64.42,63.62,63.37,1.7797,3.0637,3.4658,-0.3015,-1.4992,0.2876
GAS,2019-11-07,65.38,65.94,65.14,65.75,175980,64.65,63.77,63.45,1.7063,3.1048,3.6355,0.1555,0.8031,0.2826
GAS,2019-11-08,66.31,66.31,65.44,65.51,224320,64.85,63.88,63.51,1.013,2.5467,3.1401,-0.2984,-1.5,0.3124
GAS,2019-11-11,65.51,65.69,64.64,64.64,279720,64.94,63.95,63.56,-0.4581,1.0757,1.7005,-0.3935,-2.1982,0.3463
GAS,2019-11-12,64.52,65.32,64.45,65.07,177250,65.11,64.07,63.62,-0.0571,1.567,2.2794,0.0926,0.5074,0.3345
GAS,2019-11-13,65.07,65.07,64.52,65.07,179700,65.22,64.19,63.68,-0.228,1.3807,2.1878,0.2135,1.1316,0.3061
GAS,2019-11-14,65.07,66.75,65.01,66.0,645350,65.41,64.36,63.75,0.9096,2.5567,3.5267,0.1201,0.6687,0.2846
GAS,2019-11-15,66.0,67.24,65.69,66.93,568170,65.62,64.57,63.84,1.9926,3.6518,4.8381,0.5155,3.4801,0.2979
GAS,2019-11-18,67.24,67.55,67.12,67.24,505950,65.81,64.8,63.95,2.1753,3.7682,5.152,-0.334,-1.6649,0.3074
GAS,2019-11-19,66.93,66.93,66.25,66.62,283980,65.84,64.99,64.05,1.186,2.5128,4.0175,0.0461,0.2013,0.2471
GAS,2019-11-20,66.31,66.37,65.07,65.07,628880,65.79,65.11,64.13,-1.0927,-0.0524,1.4748,-1.0189,-5.3399,0.3188
GAS,2019-11-21,64.45,65.69,64.45,64.52,390200,65.67,65.16,64.19,-1.7554,-0.9892,0.5117,-0.4714,-1.8834,0.3504
GAS,2019-11-22,65.2,65.32,63.09,63.9,409620,65.51,65.18,64.21,-2.4598,-1.9682,-0.4941,-0.1287,-0.6918,0.3334
GAS,2019-11-25,63.65,64.45,63.46,63.9,211820,65.43,65.18,64.21,-2.3489,-1.9776,-0.4884,-0.0477,-0.2244,0.2988
GAS,2019-11-26,64.33,64.33,63.21,63.21,252670,65.25,65.18,64.15,-3.1155,-3.0142,-1.4569,-0.4852,-1.9073,0.3381
GAS,2019-11-27,63.65,63.65,63.15,63.21,210540,65.06,65.14,64.12,-2.8386,-2.9588,-1.4188,-0.2749,-1.3803,0.3442
GAS,2019-11-28,63.21,63.59,62.1,62.47,613070,64.71,65.06,64.09,-3.4575,-3.9771,-2.522,-0.4597,-1.9597,0.3782
GAS,2019-11-29,62.84,62.84,62.22,62.28,183130,64.24,64.93,64.06,-3.0484,-4.0802,-2.7689,-0.2541,-1.1217,0.3521
GAS,2019-12-02,62.59,62.84,59.81,60.73,497220,63.59,64.7,63.99,-4.4927,-6.1303,-5.0866,-0.2308,-1.0312,0.3417
GAS,2019-12-03,60.73,61.23,60.12,60.24,299980,62.95,64.4,63.91,-4.3119,-6.4575,-5.7464,-0.3535,-1.4092,0.3725
GAS,2019-12-04,60.24,61.66,59.87,61.54,229290,62.6,64.2,63.87,-1.6929,-4.1367,-3.6521,0.3087,1.3734,0.3015
GAS,2019-12-05,61.97,61.97,60.36,60.73,238890,62.22,63.95,63.8,-2.3904,-5.0203,-4.8026,-0.2801,-1.004,0.2823
GAS,2019-12-06,60.73,61.35,60.12,60.73,89240,61.91,63.71,63.71,-1.8921,-4.6646,-4.673,0.0,0.0,0.2695
GAS,2019-12-09,60.73,61.85,60.73,61.85,255030,61.7,63.57,63.63,0.2411,-2.7006,-2.7992,0.3573,1.6753,0.3004
GAS,2019-12-10,61.91,61.91,60.3,60.67,241390,61.45,63.35,63.53,-1.2607,-4.2215,-4.4953,-0.2354,-1.0283,0.2755
GAS,2019-12-11,60.67,61.04,60.3,60.8,173200,61.21,63.13,63.46,-0.6683,-3.7008,-4.1992,0.1001,0.4724,0.258
GAS,2019-12-12,60.92,60.92,60.36,60.67,252590,61.03,62.87,63.41,-0.5789,-3.4898,-4.3179,0.0492,0.2194,0.2169
GAS,2019-12-13,61.35,61.35,60.73,60.73,211520,60.87,62.56,63.38,-0.224,-2.9126,-4.1733,-0.3071,-1.5339,0.2222
GAS,2019-12-16,60.73,61.48,60.67,60.86,169400,60.88,62.24,63.35,-0.0407,-2.2156,-3.9308,-0.1481,-0.795,0.214
GAS,2019-12-17,61.11,61.23,60.42,60.42,179390,60.9,61.93,63.32,-0.7836,-2.4268,-4.5708,-0.2203,-1.4433,0.2006
GAS,2019-12-18,60.3,60.61,59.19,59.19,353770,60.67,61.63,63.26,-2.4415,-3.9718,-6.4404,-0.6163,-2.6396,0.2314
GAS,2019-12-19,59.5,59.99,59.25,59.37,288330,60.53,61.38,63.19,-1.9146,-3.2665,-6.049,-0.345,-1.7607,0.2379
GAS,2019-12-20,60.18,60.18,59.5,59.5,193020,60.41,61.16,63.12,-1.5082,-2.7158,-5.7363,-0.2738,-1.3261,0.2653
GAS,2019-12-23,59.81,60.05,59.19,59.37,382060,60.16,60.93,63.04,-1.3083,-2.5581,-5.818,-0.2691,-1.2259,0.2564
GAS,2019-12-24,59.25,59.74,59.25,59.68,201150,60.06,60.75,62.98,-0.6295,-1.7648,-5.2352,0.2493,1.294,0.2578
GAS,2019-12-25,59.93,60.36,59.68,60.05,177680,59.98,60.6,62.92,0.1137,-0.8949,-4.564,0.0232,0.1408,0.2501
GAS,2019-12-26,60.12,60.3,59.62,59.62,135710,59.88,60.45,62.87,-0.4347,-1.3788,-5.1637,-0.228,-1.3175,0.268
GAS,2019-12-27,59.93,60.24,59.56,60.12,150260,59.82,60.34,62.82,0.4973,-0.38,-4.2996,0.1546,0.8757,0.2528
GAS,2019-12-30,60.12,60.3,59.74,59.74,224740,59.71,60.29,62.76,0.0623,-0.9148,-4.8014,-0.3124,-1.4599,0.2692
GAS,2019-12-31,59.99,59.99,57.95,58.07,388160,59.47,60.19,62.66,-2.3551,-3.5164,-7.3268,-0.5854,-2.836,0.3057
GAS,2020-01-02,58.07,59.0,58.07,58.63,141260,59.41,60.04,62.58,-1.3247,-2.3534,-6.3144,0.0457,0.2526,0.2486
GAS,2020-01-03,58.63,59.74,58.63,58.75,218980,59.35,59.94,62.48,-1.0128,-1.9851,-5.9748,-0.2485,-1.2894,0.239
GAS,2020-01-06,59.93,60.73,59.62,60.61,431090,59.46,59.94,62.43,1.9281,1.1271,-2.9088,0.5431,2.6946,0.2659
GAS,2020-01-07,60.55,60.55,59.68,60.18,142800,59.54,59.85,62.35,1.0616,0.5436,-3.4926,0.0374,0.1948,0.2428
GAS,2020-01-08,61.11,61.35,60.12,60.12,439260,59.59,59.82,62.29,0.884,0.4869,-3.4922,-0.4972,-2.8977,0.2676
GAS,2020-01-09,59.5,59.99,58.75,59.0,320980,59.48,59.73,62.19,-0.8127,-1.2295,-5.132,-0.324,-1.5703,0.2976
GAS,2020-01-10,59.19,59.5,58.88,59.43,160820,59.46,59.67,62.1,-0.0521,-0.3998,-4.2895,0.149,0.823,0.2897
GAS,2020-01-13,59.43,59.43,58.69,59.06,355190,59.36,59.59,61.98,-0.5011,-0.884,-4.7133,0.0,0.0,0.2743
GAS,2020-01-14,59.0,59.5,58.81,58.81,166850,59.27,59.49,61.85,-0.7634,-1.1304,-4.9117,-0.2692,-1.3913,0.27
GAS,2020-01-15,58.88,58.88,57.7,58.26,201400,59.28,59.38,61.69,-1.7353,-1.8892,-5.5675,-0.0184,-0.0949,0.2133
GAS,2020-01-16,58.26,58.44,57.64,57.82,508390,59.2,59.31,61.54,-2.3344,-2.5078,-6.0347,-0.3813,-2.0581,0.2468
GAS,2020-01-17,57.82,58.38,57.45,57.76,281760,59.1,59.23,61.38,-2.2753,-2.4799,-5.8909,-0.1615,-0.7211,0.2381
GAS,2020-01-20,57.76,58.01,57.57,57.88,134180,58.83,59.15,61.22,-1.6117,-2.1375,-5.4541,0.1032,0.4933,0.1941
GAS,2020-01-21,57.88,58.81,57.88,58.81,180960,58.7,59.12,61.11,0.2006,-0.5189,-3.7525,0.2245,1.1339,0.2128
GAS,2020-01-22,58.81,59.12,58.44,58.81,162790,58.57,59.08,60.98,0.4233,-0.4458,-3.555,0.0208,0.1025,0.1652
GAS,2020-01-30,56.4,58.13,56.4,57.02,379940,58.37,58.93,60.82,-2.3147,-3.2394,-6.2545,-0.1138,-0.5175,0.1442
GAS,2020-01-31,56.46,56.83,53.3,53.61,551680,57.78,58.62,60.57,-7.2287,-8.5575,-11.4981,-0.2814,-1.3264,0.1574
GAS,2020-02-03,52.68,53.24,49.95,51.56,565980,57.03,58.2,60.27,-9.5947,-11.3998,-14.4403,-0.0069,-0.0347,0.1581
GAS,2020-02-04,52.62,52.68,50.82,50.82,376400,56.24,57.75,59.94,-9.6319,-12.003,-15.2122,-0.3355,-1.626,0.1647
GAS,2020-02-05,51.44,52.06,49.95,50.57,290230,55.47,57.38,59.62,-8.8268,-11.86,-15.1714,-0.1391,-0.6163,0.1768
GAS,2020-02-06,50.57,53.24,50.57,53.24,253870,55.01,57.11,59.38,-3.2222,-6.7774,-10.3453,0.189,0.8516,0.1576
GAS,2020-02-07,53.24,53.92,52.68,53.3,299430,54.56,56.83,59.15,-2.3171,-6.221,-9.9005,0.0,0.0,0.1414
GAS,2020-02-10,52.68,53.86,52.06,53.79,282460,54.15,56.49,58.95,-0.6638,-4.7776,-8.7507,0.4429,2.2563,0.1754
GAS,2020-02-11,53.36,53.79,52.93,53.05,235700,53.58,56.14,58.74,-0.9832,-5.4979,-9.6799,-0.181,-0.8804,0.171
GAS,2020-02-12,53.67,53.67,53.05,53.3,175490,53.03,55.8,58.54,0.5143,-4.4763,-8.9504,-0.0381,-0.1848,0.1728
GAS,2020-02-13,53.17,54.6,53.17,54.23,272240,52.75,55.56,58.36,2.8081,-2.3928,-7.077,0.1711,0.894,0.1785
GAS,2020-02-14,54.23,55.1,53.92,54.85,162870,52.87,55.33,58.21,3.7393,-0.8681,-5.7689,0.1469,0.7103,0.165
GAS,2020-02-17,54.85,55.34,54.1,54.1,180040,53.12,55.08,58.04,1.8432,-1.7722,-6.7846,-0.2913,-1.3498,0.1935
GAS,2020-02-18,53.92,54.17,53.17,53.3,215600,53.37,54.8,57.89,-0.1393,-2.7479,-7.9367,-0.2172,-0.9899,0.1817
GAS,2020-02-19,53.3,53.36,52.86,52.86,166790,53.6,54.53,57.75,-1.3759,-3.0627,-8.4528,-0.2425,-1.2587,0.192
GAS,2020-02-20,54.54,54.54,52.8,52.86,198200,53.56,54.29,57.57,-1.3074,-2.62,-8.1769,-0.1745,-0.9479,0.1905
GAS,2020-02-21,53.3,53.42,52.93,52.93,171440,53.53,54.04,57.42,-1.1231,-2.0698,-7.8192,-0.1965,-0.9996,0.2102
GAS,2020-02-24,52.68,52.68,51.75,52.0,348150,53.35,53.75,57.24,-2.5325,-3.263,-9.1618,-0.0875,-0.4887,0.1746
GAS,2020-02-25,51.13,52.0,51.13,51.44,348890,53.19,53.38,57.03,-3.2859,-3.6396,-9.8081,-0.0704,-0.3814,0.1636
GAS,2020-02-26,51.13,51.13,49.33,49.52,478410,52.81,52.92,56.81,-6.2317,-6.4238,-12.8357,-0.4133,-2.2242,0.2011
GAS,2020-02-27,49.46,49.52,48.4,48.96,359090,52.28,52.51,56.57,-6.3537,-6.7682,-13.4569,0.0,0.0,0.184
GAS,2020-02-28,46.54,48.28,46.54,46.98,449640,51.49,52.18,56.3,-8.7736,-9.9762,-16.5584,-0.1867,-1.0068,0.188
GAS,2020-03-02,46.85,49.27,46.73,48.96,255710,50.98,52.05,56.06,-3.963,-5.9412,-12.6705,0.127,0.7209,0.1716
GAS,2020-03-03,51.38,51.38,49.58,49.58,270460,50.61,51.99,55.84,-2.0328,-4.637,-11.2078,-0.2184,-1.2611,0.1717
GAS,2020-03-04,49.27,49.27,48.22,48.4,307460,50.16,51.88,55.6,-3.5088,-6.7073,-12.9417,-0.1266,-0.748,0.1601
GAS,2020-03-05,48.4,49.58,48.4,48.4,262610,49.72,51.64,55.38,-2.6427,-6.2706,-12.6027,-0.174,-0.9672,0.16
GAS,2020-03-06,48.34,48.4,47.78,48.03,208460,49.23,51.38,55.15,-2.4298,-6.5139,-12.9174,-0.0527,-0.263,0.1456
GAS,2020-03-09,44.68,44.68,44.68,44.68,226330,48.49,50.92,54.86,-7.8594,-12.2497,-18.5476,0.0,0.0,0.1369
GAS,2020-03-10,41.58,43.94,41.58,42.45,1377350,47.6,50.39,54.52,-10.8073,-15.7545,-22.1343,-0.2969,-1.2455,0.1596
GAS,2020-03-11,43.69,44.06,39.54,39.54,1022830,46.6,49.7,54.12,-15.1483,-20.4489,-26.9371,-0.5318,-2.3506,0.1714
GAS,2020-03-12,36.81,37.74,36.81,36.81,832050,45.38,48.83,53.65,-18.8857,-24.6145,-31.3866,-0.4042,-1.556,0.2118
GAS,2020-03-13,34.27,36.25,34.27,35.33,975880,44.22,47.86,53.17,-20.1121,-26.1849,-33.5571,0.0361,0.1303,0.1968
GAS,2020-03-16,35.2,37.31,34.71,36.75,664400,43.0,46.99,52.7,-14.5287,-21.7884,-30.2632,0.2795,1.1174,0.212
GAS,2020-03-17,34.83,37.12,34.83,37.06,531530,41.75,46.18,52.25,-11.2233,-19.7423,-29.0646,0.3338,1.2904,0.2235
GAS,2020-03-18,37.18,37.18,35.82,35.95,1111270,40.5,45.33,51.8,-11.2471,-20.7055,-30.6121,-0.6921,-3.0721,0.2801
GAS,2020-03-19,34.71,35.02,34.02,34.27,897780,39.09,44.4,51.32,-12.3197,-22.8139,-33.2142,-0.3387,-1.3883,0.2966
GAS,2020-03-20,35.33,36.01,34.71,35.88,563530,37.87,43.55,50.86,-5.2528,-17.6035,-29.4453,0.3577,1.2431,0.3271
GAS,2020-03-23,34.21,34.71,33.4,33.4,779860,36.74,42.62,50.31,-9.0909,-21.6228,-33.6093,-0.3616,-1.4217,0.3632
GAS,2020-03-24,34.71,34.95,33.78,34.83,769350,35.98,41.79,49.81,-3.2036,-16.6543,-30.0717,0.4917,1.8858,0.3827
GAS,2020-03-25,36.75,37.25,36.07,37.25,1074610,35.75,41.18,49.35,4.1775,-9.5424,-24.5259,0.9588,3.2491,0.4254
GAS,2020-03-26,37.18,37.43,36.25,36.38,564130,35.71,40.55,48.9,1.8743,-10.2789,-25.602,-0.3828,-1.487,0.4233
GAS,2020-03-27,36.38,36.63,35.39,36.07,484150,35.78,40.0,48.43,0.7967,-9.8303,-25.524,0.0465,0.185,0.4243
GAS,2020-03-30,34.02,34.33,33.78,33.84,556090,35.49,39.25,47.93,-4.6621,-13.7781,-29.3953,-0.3153,-1.4515,0.4279
GAS,2020-03-31,35.76,35.76,33.47,33.96,414540,35.18,38.46,47.43,-3.4701,-11.7055,-28.3941,-0.2644,-1.4434,0.421
GAS,2020-04-01,33.9,35.7,33.9,34.77,577930,35.07,37.78,46.96,-0.8483,-7.98,-25.9621,-0.0195,-0.0898,0.3537
GAS,2020-04-03,37.18,37.18,35.64,36.69,1147360,35.31,37.2,46.54,3.9143,-1.3662,-21.1613,0.3361,1.3816,0.3534
GAS,2020-04-06,38.42,39.04,37.8,39.04,1513290,35.62,36.75,46.16,9.6034,6.2484,-15.4203,0.7815,3.0768,0.3958
GAS,2020-04-07,39.6,39.6,38.3,38.98,945030,36.18,36.46,45.78,7.7424,6.9091,-14.8573,0.0317,0.1323,0.3628
GAS,2020-04-08,37.99,38.92,37.68,38.86,869540,36.58,36.28,45.39,6.2172,7.0971,-14.3817,0.5722,2.3034,0.3709
GAS,2020-04-09,39.29,41.52,39.11,41.52,1506780,37.01,36.38,45.04,12.1902,14.13,-7.8075,1.0758,4.9077,0.3826
GAS,2020-04-10,40.9,41.83,40.28,41.58,944260,37.53,36.62,44.73,10.7992,13.5556,-7.0328,0.635,3.0384,0.4078
GAS,2020-04-13,42.27,43.07,41.83,42.14,1048800,38.14,36.96,44.5,10.4972,14.0174,-5.3004,-0.5404,-2.2773,0.4572
GAS,2020-04-14,41.52,41.71,40.53,41.52,1273310,38.91,37.2,44.3,6.7219,11.6202,-6.2701,0.6845,3.2218,0.4941
GAS,2020-04-15,40.78,41.71,40.59,41.27,645240,39.64,37.41,44.11,4.1276,10.3288,-6.4265,0.1081,0.4733,0.4785
GAS,2020-04-16,41.27,42.14,40.78,41.77,717400,40.34,37.7,43.93,3.5489,10.7915,-4.9231,0.3337,1.3447,0.5099
GAS,2020-04-17,41.83,42.76,41.83,41.96,811680,40.87,38.09,43.71,2.6691,10.1619,-4.007,-0.3631,-1.6226,0.5126
GAS,2020-04-20,42.14,42.76,41.58,42.64,1227520,41.23,38.42,43.49,3.4275,10.9678,-1.9692,0.5189,2.3964,0.4864
GAS,2020-04-21,40.9,41.65,39.97,39.97,1557070,41.32,38.75,43.22,-3.2693,3.1505,-7.5083,-0.5937,-2.7399,0.5426
GAS,2020-04-22,37.8,40.04,37.8,39.35,760590,41.37,38.98,42.94,-4.8832,0.9619,-8.3615,0.224,0.904,0.5077
GAS,2020-04-23,40.28,40.9,40.16,40.35,620260,41.26,39.13,42.69,-2.2082,3.0961,-5.4823,-0.3032,-1.3171,0.4305
GAS,2020-04-24,40.78,40.9,40.1,40.35,583010,41.13,39.33,42.41,-1.9135,2.5762,-4.8635,-0.1963,-0.8086,0.3866
GAS,2020-04-27,40.35,40.84,39.66,39.79,476510,40.9,39.52,42.11,-2.7125,0.6822,-5.5076,-0.2686,-0.9596,0.3594
GAS,2020-04-28,38.8,39.66,38.67,38.92,775610,40.64,39.77,41.8,-4.2245,-2.1426,-6.8968,-0.4226,-1.5789,0.3332
GAS,2020-04-29,39.04,39.79,39.04,39.29,623860,40.44,40.04,41.52,-2.8353,-1.8652,-5.3731,-0.1996,-0.7293,0.3424
GAS,2020-05-04,40.28,40.66,39.42,39.54,410240,40.22,40.28,41.26,-1.6798,-1.8311,-4.161,-0.2726,-1.2147,0.3362
GAS,2020-05-05,40.04,40.59,39.66,40.59,652830,40.08,40.47,41.01,1.2834,0.2986,-1.0185,0.9581,3.15,0.3957
GAS,2020-05-06,41.34,42.64,41.34,42.51,1540630,40.07,40.65,40.8,6.1098,4.5971,4.1952,0.9913,3.5291,0.443
GAS,2020-05-07,42.51,43.07,41.96,42.58,705710,40.33,40.83,40.61,5.5786,4.2884,4.8311,0.0648,0.2562,0.3901
GAS,2020-05-08,42.58,43.88,42.58,43.13,1700680,40.7,41.04,40.45,5.9683,5.1042,6.6405,-0.1427,-0.5783,0.382
GAS,2020-05-11,43.38,45.24,43.38,45.24,1084850,41.19,41.23,40.36,9.824,9.7414,12.087,0.7265,2.9283,0.4243
GAS,2020-05-12,45.18,45.86,44.0,45.37,1145720,41.7,41.41,40.29,8.7991,9.5399,12.5946,0.326,1.288,0.4373
GAS,2020-05-13,45.24,45.8,44.62,44.87,991060,42.2,41.55,40.25,6.3142,7.9872,11.4807,-0.3361,-1.4473,0.444
GAS,2020-05-14,44.37,44.87,44.13,44.31,688000,42.74,41.69,40.16,3.6683,6.2881,10.3497,-0.2618,-1.1109,0.4279
GAS,2020-05-15,45.18,45.24,43.94,43.94,904360,43.21,41.82,40.04,1.6925,5.0604,9.7319,-0.5334,-2.4381,0.4613
GAS,2020-05-18,44.37,45.55,44.37,45.55,1071380,43.81,42.01,39.99,3.9751,8.4231,13.9182,0.7723,3.3287,0.5113
GAS,2020-05-19,46.73,46.73,45.92,46.36,1144660,44.39,42.23,39.94,4.4401,9.7659,16.0518,0.0561,0.2421,0.4211
GAS,2020-05-20,45.24,46.36,45.24,45.98,548540,44.73,42.4,39.9,2.7986,8.4557,15.2389,0.1316,0.4927,0.3351
GAS,2020-05-21,46.17,46.85,45.86,46.48,952810,45.12,42.73,39.94,3.0078,8.7902,16.3765,0.1604,0.6542,0.3447
GAS,2020-05-22,46.42,46.42,45.61,45.8,982700,45.39,43.05,40.01,0.9012,6.3922,14.4778,-0.2955,-1.4373,0.36
GAS,2020-05-25,45.8,45.92,45.49,45.68,554990,45.43,43.31,40.13,0.532,5.4514,13.8189,-0.0589,-0.2511,0.2932
GAS,2020-05-26,46.17,46.42,45.74,46.42,615970,45.54,43.62,40.32,1.9325,6.4223,15.121,0.3619,1.5787,0.2968
GAS,2020-05-27,46.79,47.29,46.36,46.48,1141480,45.7,43.95,40.54,1.7087,5.753,14.6403,-0.3121,-1.2835,0.2944
GAS,2020-05-28,46.48,46.73,45.8,45.8,551210,45.85,44.3,40.73,-0.1081,3.3928,12.457,-0.5226,-2.1629,0.3205
GAS,2020-05-29,46.17,46.17,45.68,46.11,372610,46.07,44.64,40.91,0.0942,3.2975,12.717,0.2125,1.1234,0.2884
GAS,2020-06-01,46.42,47.1,46.23,46.67,596060,46.18,44.99,41.12,1.0603,3.719,13.4857,0.0,0.0,0.2112
GAS,2020-06-02,46.67,48.22,46.48,47.35,1452270,46.28,45.33,41.38,2.3169,4.4501,14.4158,0.0,0.0,0.2055
GAS,2020-06-03,48.03,48.53,47.53,48.34,633960,46.51,45.62,41.63,3.9307,5.9567,16.1129,0.2163,1.3067,0.214
GAS,2020-06-04,48.4,49.27,48.34,48.34,848030,46.7,45.91,41.93,3.5169,5.2916,15.2857,-0.4069,-2.0156,0.2387
GAS,2020-06-05,47.72,48.34,47.41,47.72,881330,46.89,46.14,42.19,1.7711,3.4251,13.1122,-0.1194,-0.7203,0.2211
GAS,2020-06-08,49.27,49.27,48.53,48.96,659450,47.22,46.33,42.42,3.6882,5.6856,15.4093,0.043,0.2521,0.2195
GAS,2020-06-09,48.46,48.9,48.34,48.59,481610,47.44,46.49,42.67,2.4301,4.5194,13.8773,-0.0269,-0.1304,0.186
GAS,2020-06-10,48.34,48.59,48.03,48.34,426400,47.62,46.66,42.91,1.5096,3.5994,12.6484,0.0221,0.1123,0.157
GAS,2020-06-11,48.03,48.4,44.99,44.99,1251510,47.54,46.69,43.14,-5.3578,-3.6432,4.3073,-0.2549,-1.1657,0.1302
GAS,2020-06-12,43.44,46.42,43.44,46.23,878600,47.55,46.81,43.38,-2.776,-1.2313,6.5745,0.1925,1.0581,0.1282
GAS,2020-06-15,46.23,46.73,44.68,44.68,554870,47.35,46.77,43.58,-5.6406,-4.4527,2.5342,-0.2285,-0.9814,0.151
GAS,2020-06-16,45.55,45.55,44.93,45.3,454210,47.15,46.71,43.75,-3.9169,-3.0182,3.5469,0.0516,0.2449,0.1562
GAS,2020-06-17,45.55,45.8,44.99,45.18,330300,46.83,46.67,43.87,-3.5332,-3.2001,2.9748,-0.1255,-0.694,0.1471
GAS,2020-06-18,44.99,45.24,44.62,44.75,317660,46.47,46.59,43.99,-3.7205,-3.9511,1.7188,-0.1882,-0.8378,0.1252
GAS,2020-06-19,45.37,45.43,44.99,44.99,303720,46.2,46.55,44.11,-2.6157,-3.3353,1.9978,-0.1368,-0.6506,0.127
GAS,2020-06-22,45.3,45.68,45.24,45.3,227680,45.84,46.53,44.19,-1.1628,-2.6307,2.5245,-0.1038,-0.5332,0.1331
GAS,2020-06-23,45.37,46.05,45.24,45.8,349770,45.56,46.5,44.27,0.5305,-1.4995,3.4492,0.0863,0.4679,0.139
GAS,2020-06-24,45.61,45.98,44.62,44.99,240120,45.22,46.42,44.33,-0.5071,-3.0772,1.4987,-0.0606,-0.3246,0.1429
GAS,2020-06-25,44.62,45.24,44.31,44.87,335210,45.21,46.38,44.4,-0.7539,-3.2474,1.0665,0.0463,0.2573,0.122
GAS,2020-06-26,44.93,45.37,44.62,44.75,322890,45.06,46.31,44.47,-0.7014,-3.3726,0.63,-0.1873,-0.9986,0.1215
GAS,2020-06-29,44.62,44.62,43.2,43.2,571650,44.91,46.13,44.49,-3.8223,-6.3675,-2.9167,-0.345,-1.7982,0.1331
GAS,2020-06-30,43.75,44.31,42.14,42.76,459150,44.66,45.9,44.51,-4.2465,-6.8449,-3.9265,-0.1765,-0.8454,0.1456
GAS,2020-07-01,43.07,44.0,42.76,44.0,387430,44.54,45.69,44.54,-1.2105,-3.6896,-1.2023,0.3023,1.3475,0.1633
GAS,2020-07-02,44.25,44.31,43.69,43.69,210850,44.44,45.46,44.61,-1.6736,-3.8789,-2.0616,-0.3221,-1.2363,0.1767
GAS,2020-07-03,44.25,44.25,43.57,43.57,310040,44.29,45.25,44.7,-1.6371,-3.7118,-2.5236,-0.3482,-1.2904,0.1978
GAS,2020-07-06,44.5,45.12,44.13,44.87,485000,44.25,45.04,44.79,1.4006,-0.3853,0.1854,0.2701,0.9516,0.2145
GAS,2020-07-07,45.24,46.05,44.87,44.87,819010,44.16,44.86,44.88,1.614,0.0276,-0.0166,-0.6436,-2.7762,0.2702
GAS,2020-07-08,45.24,45.92,44.93,45.18,534040,44.18,44.7,44.98,2.2727,1.0745,0.4326,-0.3413,-1.4279,0.2983
GAS,2020-07-09,45.8,46.98,45.68,46.6,1179910,44.35,44.78,45.14,5.0866,4.0758,3.2485,0.3681,1.7559,0.3305
GAS,2020-07-10,46.48,46.73,45.98,46.05,461690,44.48,44.77,45.27,3.5251,2.8516,1.7084,-0.4234,-1.7587,0.3541
GAS,2020-07-13,46.48,46.67,46.05,46.42,592380,44.8,44.86,45.41,3.6105,3.4816,2.2191,0.1323,0.5541,0.3328
GAS,2020-07-14,46.81,47.78,46.74,46.94,631990,45.22,44.94,45.54,3.8008,4.4476,3.0732,-0.3512,-1.7458,0.3503
GAS,2020-07-15,47.39,47.85,46.87,46.87,507920,45.51,45.02,45.63,3.0032,4.1069,2.7338,-0.3559,-1.741,0.3556
GAS,2020-07-16,47.26,47.39,46.94,46.94,534310,45.83,45.13,45.71,2.4156,3.9981,2.68,-0.4652,-1.8464,0.3699
GAS,2020-07-17,46.94,47.13,46.74,46.74,382400,46.15,45.22,45.78,1.2884,3.3657,2.0922,-0.3551,-1.5872,0.3706
GAS,2020-07-20,46.29,46.68,46.09,46.09,492500,46.27,45.26,45.8,-0.3843,1.8392,0.6349,-0.3279,-1.4896,0.3764
GAS,2020-07-21,46.09,46.61,46.03,46.16,264440,46.4,45.28,45.82,-0.5207,1.9425,0.742,-0.162,-0.6551,0.3282
GAS,2020-07-22,46.48,46.48,45.57,45.64,343540,46.44,45.31,45.83,-1.7385,0.7222,-0.4265,-0.2713,-1.1116,0.3212
GAS,2020-07-23,45.64,46.55,45.64,46.22,629750,46.41,45.38,45.87,-0.3968,1.8615,0.7661,0.1689,0.7332,0.3013
GAS,2020-07-24,46.22,46.48,43.88,44.4,1173440,46.24,45.36,45.88,-3.9789,-2.1129,-3.2217,-0.3051,-1.6132,0.2895
GAS,2020-07-27,41.74,44.86,41.48,41.61,1319680,45.76,45.28,45.8,-9.078,-8.1147,-9.1585,-0.3833,-1.7602,0.3146
GAS,2020-07-28,42.91,44.08,41.61,44.08,683540,45.47,45.35,45.76,-3.0736,-2.8001,-3.6688,0.328,1.4756,0.3123
GAS,2020-07-29,42.32,43.3,41.15,41.28,777530,44.92,45.21,45.66,-8.0909,-8.6908,-9.5925,-0.5557,-2.3904,0.3323
GAS,2020-07-30,44.14,44.14,41.93,42.58,417700,44.48,45.16,45.58,-4.2678,-5.6992,-6.5855,-0.2433,-1.0448,0.3101
GAS,2020-07-31,41.93,42.58,41.48,42.58,314230,44.06,45.11,45.52,-3.3638,-5.5961,-6.4534,0.3578,1.3868,0.3103
GAS,2020-08-03,42.45,43.88,42.39,43.69,536220,43.82,45.05,45.48,-0.3115,-3.0188,-3.9416,0.2447,1.1494,0.302
GAS,2020-08-04,44.53,44.53,44.01,44.27,387300,43.63,45.02,45.44,1.4601,-1.6547,-2.5631,0.0,0.0,0.2858
GAS,2020-08-05,44.27,44.79,44.08,44.6,566050,43.53,44.99,45.4,2.4492,-0.8685,-1.7662,0.1903,0.7643,0.2777
GAS,2020-08-06,44.53,45.38,44.47,45.18,640610,43.43,44.92,45.39,4.0419,0.5911,-0.4504,0.3788,1.7151,0.2987
GAS,2020-08-07,45.18,45.96,44.99,45.64,571770,43.55,44.9,45.38,4.7918,1.6506,0.5732,0.1801,0.7645,0.2862
GAS,2020-08-10,45.7,46.22,45.64,45.83,469290,43.97,44.87,45.36,4.2283,2.1517,1.0401,-0.1215,-0.5064,0.26
GAS,2020-08-11,45.83,46.03,45.31,45.51,550870,44.12,44.8,45.32,3.1535,1.5891,0.405,-0.23,-1.0661,0.2502
GAS,2020-08-12,45.83,46.55,45.51,46.29,973330,44.62,44.77,45.28,3.7447,3.3982,2.2188,0.4862,2.1873,0.2433
GAS,2020-08-13,47.2,47.39,46.48,47.2,951630,45.08,44.78,45.26,4.7015,5.4007,4.2814,0.4791,1.9953,0.2669
GAS,2020-08-14,46.81,47.33,46.68,47.0,870730,45.52,44.79,45.25,3.2562,4.9347,3.8834,0.0,0.0,0.2311
GAS,2020-08-17,46.81,47.07,46.29,46.81,460890,45.83,44.83,45.2,2.1277,4.4159,3.5509,0.1229,0.6231,0.2189
GAS,2020-08-18,47.46,47.46,46.48,46.74,297780,46.08,44.86,45.17,1.4391,4.2029,3.4916,-0.1361,-0.6153,0.2325
GAS,2020-08-19,46.81,47.0,46.68,46.87,224530,46.31,44.92,45.14,1.2214,4.3491,3.8469,0.0406,0.1786,0.2175
GAS,2020-08-20,46.74,46.94,46.16,46.16,444340,46.4,44.92,45.16,-0.5324,2.7645,2.2099,-0.3723,-1.5004,0.2169
GAS,2020-08-21,46.29,46.87,46.22,46.81,494700,46.52,45.04,45.17,0.6149,3.9336,3.6231,0.2348,1.1118,0.2224
GAS,2020-08-24,46.94,47.78,46.94,47.46,638880,46.68,45.33,45.23,1.6571,4.697,4.9334,0.087,0.4242,0.2189
GAS,2020-08-25,47.59,48.43,47.59,47.98,722600,46.93,45.52,45.28,2.2302,5.3909,5.958,-0.0286,-0.1216,0.1988
GAS,2020-08-26,48.11,48.37,47.78,47.78,431210,47.08,45.85,45.33,1.4913,4.2184,5.4061,-0.243,-1.0876,0.1744
GAS,2020-08-27,47.72,47.72,47.13,47.46,501290,47.11,46.09,45.39,0.7452,2.9619,4.5639,0.0393,0.1659,0.1305
GAS,2020-08-28,48.11,48.76,47.52,48.24,1011700,47.23,46.38,45.45,2.1335,4.0163,6.1311,0.0798,0.363,0.1384
GAS,2020-08-31,48.37,48.76,47.78,48.17,549950,47.37,46.6,45.51,1.7019,3.3761,5.8544,-0.0612,-0.2856,0.1323
GAS,2020-09-01,48.17,49.08,47.98,49.02,844110,47.59,46.84,45.57,2.9914,4.6568,7.5593,0.5173,1.9414,0.1704
GAS,2020-09-03,49.41,49.54,48.95,49.28,587250,47.83,47.07,45.66,3.0171,4.6889,7.927,0.0433,0.1722,0.1707
GAS,2020-09-04,48.17,48.89,48.17,48.5,937330,48.07,47.24,45.73,0.8926,2.67,6.0499,-0.0565,-0.1974,0.1391
GAS,2020-09-07,48.37,48.37,46.81,46.81,1336130,48.07,47.29,45.77,-2.6237,-1.0309,2.2615,-0.525,-2.2008,0.1681
GAS,2020-09-08,46.81,47.65,46.81,46.81,663940,48.0,47.34,45.84,-2.4919,-1.1329,2.1004,-0.4537,-1.7949,0.2048
GAS,2020-09-09,46.16,46.81,46.09,46.61,740970,47.87,47.4,45.92,-2.6212,-1.6596,1.5045,0.2009,0.7983,0.222
GAS,2020-09-10,47.13,47.39,46.74,46.81,620770,47.77,47.43,45.98,-2.0142,-1.3023,1.8048,-0.3034,-1.2329,0.2281
GAS,2020-09-11,46.61,47.13,46.35,46.68,264100,47.69,47.4,46.04,-2.1265,-1.5224,1.3903,-0.031,-0.138,0.2272
GAS,2020-09-14,46.81,47.13,46.42,46.42,557430,47.51,47.37,46.09,-2.2988,-2.0106,0.7008,-0.2834,-1.2236,0.2476
GAS,2020-09-15,46.94,47.0,46.42,47.0,727700,47.39,47.38,46.14,-0.823,-0.7958,1.8759,0.4596,2.0183,0.2874
GAS,2020-09-16,47.07,47.46,46.81,46.81,353430,47.17,47.38,46.18,-0.7718,-1.2142,1.368,-0.2244,-1.092,0.2581
GAS,2020-09-17,47.13,47.33,46.61,46.61,398140,46.9,47.37,46.2,-0.6237,-1.5988,0.883,-0.2377,-0.9927,0.2776
GAS,2020-09-18,46.94,47.26,46.55,47.13,373220,46.77,47.42,46.21,0.7784,-0.6032,1.9853,0.131,0.5572,0.285
GAS,2020-09-21,47.39,47.85,46.87,47.33,939720,46.82,47.44,46.24,1.083,-0.2466,2.3506,-0.0272,-0.1204,0.2352
GAS,2020-09-22,47.26,47.39,46.74,46.74,821590,46.81,47.41,46.25,-0.1528,-1.4056,1.0712,-0.4275,-1.7676,0.2326
GAS,2020-09-23,47.13,47.78,46.94,47.26,823090,46.88,47.37,46.25,0.8182,-0.2333,2.1814,-0.1358,-0.5098,0.2261
GAS,2020-09-24,47.26,47.98,47.07,47.78,820660,46.98,47.37,46.27,1.716,0.8645,3.2651,0.305,1.2453,0.2263
GAS,2020-09-25,47.78,47.85,47.2,47.52,459680,47.06,47.38,46.28,0.9808,0.3087,2.6772,-0.0,-0.0,0.2232
GAS,2020-09-28,47.52,47.78,46.94,46.94,417070,47.11,47.31,46.29,-0.3726,-0.7901,1.4045,-0.2123,-0.907,0.2161
GAS,2020-09-29,46.94,47.46,46.48,46.48,1073200,47.06,47.23,46.3,-1.2294,-1.5762,0.4044,-0.3389,-1.3737,0.204
GAS,2020-09-30,46.48,46.81,46.35,46.35,615450,47.02,47.09,46.3,-1.4104,-1.5737,0.1151,-0.3277,-1.3146,0.2143
GAS,2020-10-01,46.48,47.07,46.48,47.07,252570,47.06,46.98,46.33,0.0138,0.1799,1.5969,0.1378,0.6043,0.2043
GAS,2020-10-02,47.07,47.13,46.22,46.74,612860,47.02,46.9,46.34,-0.5945,-0.3258,0.8726,0.0476,0.2209,0.196
GAS,2020-10-05,46.74,47.33,46.55,47.13,704400,47.0,46.91,46.39,0.2766,0.4712,1.5947,0.1522,0.6565,0.2085
GAS,2020-10-06,47.33,47.59,47.07,47.13,763230,47.04,46.93,46.5,0.1935,0.4364,1.3532,-0.2566,-1.0968,0.1914
GAS,2020-10-07,47.13,48.95,46.94,48.17,2294270,47.13,47.01,46.59,2.2069,2.4825,3.4079,0.1784,0.7488,0.1956
GAS,2020-10-08,48.69,48.89,48.17,48.5,774540,47.2,47.09,46.73,2.7407,2.9889,3.7841,-0.0324,-0.135,0.1684
GAS,2020-10-09,48.76,48.76,48.17,48.3,438960,47.28,47.17,46.84,2.1587,2.398,3.1143,-0.1518,-0.6488,0.1836
GAS,2020-10-12,48.3,49.8,48.11,48.76,1917010,47.46,47.29,46.97,2.7257,3.107,3.812,-0.1758,-0.6673,0.1799
GAS,2020-10-13,48.82,49.21,48.56,48.76,596720,47.69,47.38,47.07,2.2356,2.916,3.5883,-0.1682,-0.6472,0.1628
GAS,2020-10-14,49.08,49.54,48.69,48.89,1263470,47.95,47.48,47.16,1.9661,2.9643,3.6612,-0.2796,-1.1136,0.158
GAS,2020-10-15,49.41,49.99,48.76,48.76,1377170,48.11,47.59,47.24,1.3377,2.459,3.2034,-0.54,-2.1223,0.1983
GAS,2020-10-16,48.76,49.41,48.37,49.02,1091120,48.34,47.68,47.32,1.3986,2.8018,3.5857,0.1353,0.5054,0.207
GAS,2020-10-19,49.08,49.41,48.04,48.11,1196620,48.44,47.72,47.37,-0.6845,0.8106,1.5563,-0.6232,-2.3261,0.2541
GAS,2020-10-20,47.78,48.11,47.13,47.2,1119350,48.45,47.74,47.4,-2.5765,-1.1438,-0.4225,-0.5417,-1.9182,0.2826
GAS,2020-10-21,47.46,47.72,47.0,47.0,950020,48.33,47.73,47.43,-2.7442,-1.5255,-0.8965,-0.3538,-1.4962,0.3002
GAS,2020-10-22,47.0,47.91,46.74,47.91,796300,48.27,47.74,47.46,-0.7407,0.3677,0.9534,0.3729,1.2281,0.3342
GAS,2020-10-23,47.98,48.24,47.72,47.78,606780,48.22,47.75,47.47,-0.9033,0.0681,0.6546,-0.2405,-0.718,0.3431
GAS,2020-10-26,47.85,48.11,46.81,46.81,649920,48.02,47.74,47.47,-2.5315,-1.9608,-1.3915,-0.2058,-0.7396,0.3461
GAS,2020-10-27,47.07,47.2,46.74,46.81,653240,47.83,47.76,47.47,-2.134,-1.9941,-1.3915,-0.1738,-0.6911,0.3467
GAS,2020-10-28,46.81,47.26,46.61,46.74,776140,47.61,47.78,47.47,-1.8296,-2.1702,-1.5284,-0.1598,-0.6182,0.3347
GAS,2020-10-29,46.61,46.94,46.16,46.16,779650,47.35,47.73,47.45,-2.5261,-3.3027,-2.7317,-0.4074,-1.4639,0.3214
GAS,2020-10-30,46.81,46.81,45.51,45.77,786390,47.03,47.69,47.45,-2.6818,-4.0218,-3.5378,-0.3372,-1.0635,0.3416
GAS,2020-11-02,45.83,46.03,45.12,45.31,926540,46.75,47.59,47.42,-3.0733,-4.7944,-4.4368,-0.3349,-1.2316,0.3128
GAS,2020-11-03,45.51,46.29,45.44,45.64,975380,46.59,47.52,47.38,-2.0511,-3.9606,-3.6773,-0.3922,-1.3631,0.2978
GAS,2020-11-04,46.09,47.13,46.03,46.74,577270,46.57,47.45,47.35,0.3769,-1.4866,-1.2932,0.1081,0.441,0.2733
GAS,2020-11-05,46.81,46.81,46.35,46.48,432170,46.42,47.35,47.33,0.126,-1.8262,-1.7884,-0.101,-0.388,0.2461
GAS,2020-11-06,46.42,46.68,45.96,46.03,474350,46.25,47.23,47.3,-0.4779,-2.5532,-2.6911,-0.3648,-1.2671,0.2585
GAS,2020-11-09,46.16,46.68,46.16,46.42,717480,46.21,47.12,47.26,0.4502,-1.4833,-1.7909,-0.0,-0.0,0.2379
GAS,2020-11-10,47.85,47.98,46.94,46.94,1271490,46.22,47.03,47.24,1.5471,-0.1866,-0.6386,-0.489,-1.742,0.2694
GAS,2020-11-11,47.65,47.98,47.39,47.59,1594170,46.31,46.96,47.21,2.7657,1.3359,0.7987,-0.2945,-1.0048,0.2829
GAS,2020-11-12,47.78,48.11,47.52,47.72,547590,46.46,46.91,47.18,2.7004,1.7254,1.1409,-0.0947,-0.3822,0.2516
GAS,2020-11-13,47.52,47.78,47.26,47.78,896800,46.66,46.85,47.16,2.3962,1.9983,1.3094,0.4506,1.7711,0.263
GAS,2020-11-16,48.04,48.11,47.13,47.13,1255550,46.85,46.8,47.17,0.6106,0.7154,-0.0827,-0.4478,-1.6349,0.2743
GAS,2020-11-17,47.46,49.08,47.39,49.08,2192600,47.19,46.89,47.22,4.0088,4.6721,3.9515,0.7338,2.9593,0.3084
GAS,2020-11-18,49.15,52.01,48.82,52.01,3450740,47.72,47.14,47.32,8.9918,10.322,9.8961,1.3845,5.3671,0.4361
GAS,2020-11-19,52.27,54.8,52.27,53.37,2283360,48.41,47.42,47.46,10.2605,12.566,12.4688,-0.1363,-0.4834,0.4396
GAS,2020-11-20,52.98,53.44,52.59,53.18,1207780,49.12,47.69,47.59,8.2583,11.5201,11.7517,0.1873,0.7623,0.4219
GAS,2020-11-23,53.37,54.28,52.79,54.28,1796080,49.91,48.06,47.74,8.7664,12.9523,13.6982,0.7692,3.1642,0.4988
GAS,2020-11-24,54.28,54.48,52.66,53.63,1824250,50.58,48.4,47.88,6.0411,10.8126,12.0254,0.0731,0.2655,0.4572
GAS,2020-11-25,54.35,54.41,53.76,53.76,1428530,51.2,48.75,48.02,5.0159,10.2814,11.9716,-0.5343,-2.1239,0.4812
GAS,2020-11-26,53.63,54.22,53.11,54.15,1099520,51.84,49.15,48.17,4.4645,10.1779,12.4308,0.4633,1.8944,0.518
GAS,2020-11-27,54.28,54.28,53.76,54.28,947930,52.49,49.58,48.31,3.4184,9.4938,12.3671,0.4347,1.7754,0.5164
GAS,2020-11-30,54.28,55.97,54.28,54.28,1332670,53.2,50.03,48.45,2.0283,8.512,12.0444,-0.4809,-1.9291,0.5197
GAS,2020-12-01,53.31,55.06,53.18,54.28,1332900,53.72,50.46,48.6,1.0407,7.5823,11.6967,0.0582,0.248,0.4522
GAS,2020-12-02,54.28,54.93,53.76,54.61,983710,53.98,50.85,48.75,1.1561,7.3894,12.0269,0.1828,0.7998,0.332
GAS,2020-12-03,54.61,55.19,54.28,54.93,978850,54.14,51.27,48.89,1.4649,7.1383,12.364,0.159,0.7579,0.3343
GAS,2020-12-04,55.26,56.17,54.93,55.58,1502870,54.38,51.75,49.05,2.2116,7.4053,13.3201,0.0307,0.1359,0.3186
GAS,2020-12-07,55.71,56.17,55.32,56.1,1390120,54.56,52.24,49.23,2.8238,7.4051,13.9545,0.4562,2.0305,0.2873
GAS,2020-12-08,56.23,56.23,55.58,55.97,1140540,54.8,52.69,49.42,2.1473,6.2373,13.2537,0.1073,0.4846,0.2908
GAS,2020-12-09,55.91,56.95,55.58,55.97,1135190,55.02,53.11,49.62,1.737,5.3985,12.8145,-0.165,-0.7614,0.2538
GAS,2020-12-10,55.97,56.17,54.87,54.87,1085890,55.09,53.46,49.77,-0.4012,2.6265,10.2403,-0.2917,-1.3048,0.2367
GAS,2020-12-11,55.65,55.97,55.06,55.97,914520,55.26,53.87,49.96,1.2941,3.8977,12.0452,0.3268,1.2408,0.2259
GAS,2020-12-14,55.97,56.69,55.78,56.56,860080,55.49,54.35,50.15,1.9332,4.0732,12.7907,0.2201,0.7973,0.1998
GAS,2020-12-15,56.23,56.49,55.39,55.52,1095430,55.61,54.67,50.31,-0.1637,1.5579,10.3473,-0.3119,-1.2828,0.2252
GAS,2020-12-16,55.91,56.17,55.32,55.78,773810,55.73,54.86,50.46,0.0933,1.6829,10.53,0.0205,0.0911,0.2089
GAS,2020-12-17,55.39,55.65,54.67,54.67,1844030,55.7,54.92,50.59,-1.8441,-0.4498,8.0755,-0.5856,-2.2983,0.2516
GAS,2020-12-18,54.87,55.32,54.67,55.19,590630,55.66,55.02,50.73,-0.8409,0.3131,8.8071,0.1118,0.4771,0.2597
GAS,2020-12-21,55.39,56.17,55.0,56.1,1296520,55.66,55.11,50.87,0.7942,1.7989,10.2819,0.3353,1.5011,0.2476
GAS,2020-12-22,55.58,55.91,55.0,55.45,909760,55.61,55.2,51.01,-0.2806,0.4534,8.7178,0.0,0.0,0.2369
GAS,2020-12-23,55.32,55.78,55.0,55.06,551200,55.52,55.27,51.13,-0.8197,-0.3705,7.6923,-0.1076,-0.5102,0.2311
GAS,2020-12-24,55.26,55.52,53.31,54.54,1253120,55.49,55.29,51.25,-1.6989,-1.3463,6.4343,0.0606,0.2968,0.208
GAS,2020-12-25,54.48,55.06,53.63,54.74,617310,55.36,55.31,51.36,-1.1273,-1.0343,6.5769,0.0825,0.3517,0.1836
GAS,2020-12-28,55.26,57.6,54.8,56.49,2377030,55.36,55.42,51.53,2.0552,1.9355,9.6364,0.1559,0.6967,0.1772
GAS,2020-12-29,56.56,57.21,55.91,56.62,490820,55.47,55.54,51.72,2.0863,1.9548,9.4881,0.0179,0.0668,0.1478
GAS,2020-12-30,56.62,56.88,56.43,56.49,672840,55.54,55.63,51.91,1.7207,1.5483,8.8372,-0.1451,-0.6207,0.1602
GAS,2020-12-31,56.56,56.62,56.04,56.3,957350,55.7,55.7,52.07,1.0738,1.0738,8.1122,-0.0437,-0.1608,0.106
GAS,2021-01-04,57.14,58.12,56.62,57.73,1362600,55.95,55.81,52.27,3.1718,3.4423,10.4368,0.1935,0.7757,0.1142
GAS,2021-01-05,57.21,58.64,56.3,58.51,1262700,56.19,55.93,52.51,4.1185,4.6147,11.4303,0.3717,1.5833,0.1178
GAS,2021-01-06,59.16,59.74,58.51,58.77,1161900,56.53,56.07,52.75,3.9678,4.8177,11.4179,-0.2258,-0.8841,0.1404
GAS,2021-01-07,59.16,60.33,57.99,60.26,1446600,57.05,56.28,53.02,5.641,7.0748,13.6698,0.2903,1.2759,0.1587
GAS,2021-01-08,60.33,60.65,59.61,60.26,934700,57.62,56.55,53.3,4.5921,6.564,13.0681,0.0724,0.3159,0.1599
GAS,2021-01-11,60.46,61.56,60.26,60.65,743600,58.21,56.79,53.6,4.1992,6.8117,13.1677,-0.0698,-0.2899,0.1586
GAS,2021-01-12,60.65,61.04,59.81,60.85,949100,58.65,57.0,53.91,3.7579,6.7518,12.8772,0.2014,0.8231,0.1632
GAS,2021-01-13,61.5,61.5,60.26,60.46,1091600,59.03,57.25,54.2,2.4229,5.6098,11.5402,-0.1824,-0.7735,0.1796
GAS,2021-01-14,60.2,60.46,59.48,59.87,775000,59.37,57.45,54.47,0.8541,4.215,9.9282,-0.0386,-0.1673,0.169
GAS,2021-01-15,60.46,60.65,58.83,59.55,1767000,59.69,57.7,54.73,-0.2396,3.2113,8.8093,-0.1079,-0.4484,0.1754
GAS,2021-01-18,59.81,59.81,58.44,58.9,972000,59.81,57.88,54.99,-1.5217,1.7577,7.1175,-0.0763,-0.3095,0.1637
GAS,2021-01-19,58.9,58.9,54.8,55.26,1158400,59.48,57.84,55.16,-7.1038,-4.4622,0.1744,-0.1367,-0.5787,0.1402
GAS,2021-01-20,55.91,56.23,52.14,56.23,1022600,59.23,57.88,55.35,-5.0598,-2.8417,1.5998,0.2617,1.052,0.1438
GAS,2021-01-21,56.88,57.14,56.23,56.88,966400,58.89,57.97,55.53,-3.411,-1.8728,2.4302,0.0918,0.3451,0.1239
GAS,2021-01-22,56.88,57.21,56.17,56.3,1062200,58.5,58.06,55.71,-3.7564,-3.0289,1.0643,-0.2551,-0.9566,0.1422
GAS,2021-01-25,56.1,56.36,55.0,55.06,1225400,57.94,58.07,55.85,-4.9596,-5.183,-1.4107,-0.3162,-1.1285,0.1668
GAS,2021-01-26,55.13,55.13,52.66,54.15,1329100,57.27,57.96,55.99,-5.4376,-6.562,-3.2835,0.0706,0.2858,0.1537
GAS,2021-01-27,54.15,54.15,51.36,51.36,940900,56.36,57.69,56.04,-8.8707,-10.9809,-8.3505,-0.1904,-0.7416,0.1545
GAS,2021-01-28,48.11,50.71,47.78,47.78,1569900,55.15,57.26,55.95,-13.3561,-16.5484,-14.6024,-0.2438,-0.8391,0.175
GAS,2021-01-29,47.78,50.71,47.13,49.6,902600,54.15,56.92,55.88,-8.4034,-12.8598,-11.2295,0.0869,0.2885,0.173
GAS,2021-02-01,49.93,50.51,48.43,48.89,670300,53.15,56.48,55.79,-8.0235,-13.4438,-12.3747,-0.0832,-0.3196,0.1736
GAS,2021-02-02,48.89,50.06,48.63,49.73,934100,52.6,56.04,55.7,-5.4505,-11.2581,-10.7143,0.1282,0.4319,0.1728
GAS,2021-02-03,51.03,52.01,50.71,52.01,874500,52.18,55.7,55.67,-0.324,-6.6348,-6.5748,0.213,0.7874,0.1679
GAS,2021-02-04,52.66,53.11,51.88,52.66,790800,51.75,55.32,55.65,1.746,-4.8179,-5.3694,0.1121,0.3744,0.1699
GAS,2021-02-05,53.44,53.96,52.79,52.79,799000,51.4,54.95,55.62,2.6938,-3.9337,-5.0892,-0.285,-1.0313,0.1729
GAS,2021-02-08,53.24,53.89,50.12,51.36,1695100,51.03,54.49,55.56,0.6369,-5.7392,-7.5634,-0.1863,-0.659,0.1599
GAS,2021-02-09,51.94,52.85,50.71,52.85,1216500,50.9,54.09,55.53,3.8314,-2.2778,-4.8232,0.3806,1.2801,0.1909
GAS,2021-02-17,55.26,56.49,54.28,56.49,1923100,51.42,53.89,55.58,9.8748,4.8377,1.6517,0.4603,1.6183,0.2179
GAS,2021-02-18,57.53,58.83,56.75,58.57,2259700,52.5,53.82,55.66,11.5789,8.8296,5.2447,0.6292,2.0358,0.2565
GAS,2021-02-19,57.21,58.18,57.21,57.79,1134700,53.31,53.73,55.71,8.4014,7.5555,3.7364,0.1029,0.3679,0.2581
GAS,2021-02-22,57.21,57.99,56.62,57.34,1156500,54.16,53.66,55.75,5.8696,6.8638,2.8547,0.0217,0.0804,0.2519
GAS,2021-02-23,58.51,58.7,57.6,58.12,1546200,55.0,53.8,55.79,5.6738,8.0297,4.1788,-0.0332,-0.1295,0.2424
GAS,2021-02-24,57.86,57.86,56.56,57.27,820100,55.53,53.85,55.81,3.1495,6.356,2.6161,0.0274,0.1096,0.2239
GAS,2021-02-25,57.99,58.12,57.34,57.99,1366000,56.06,53.91,55.85,3.4443,7.5736,3.8223,0.4506,1.6367,0.2577
GAS,2021-02-26,56.69,58.05,56.69,58.05,872900,56.58,53.99,55.92,2.5965,7.5191,3.8203,0.2305,0.8841,0.2523
GAS,2021-03-01,58.7,59.74,58.12,59.74,1661100,57.42,54.23,55.99,4.0417,10.172,6.6992,0.3629,1.471,0.2699
GAS,2021-03-02,59.74,60.78,59.16,59.16,1386700,58.05,54.48,56.05,1.9037,8.5919,5.5562,-0.5235,-1.9309,0.2842
GAS,2021-03-03,59.09,59.48,58.64,59.16,696900,58.32,54.87,56.12,1.438,7.8199,5.4193,0.0526,0.2255,0.2435
GAS,2021-03-04,59.29,59.81,57.86,59.09,1325100,58.37,55.43,56.18,1.2362,6.6026,5.1791,0.1097,0.4408,0.1915
GAS,2021-03-05,60.0,60.91,58.83,60.13,1469200,58.61,55.96,56.29,2.6068,7.4582,6.8228,0.091,0.3716,0.1903
GAS,2021-03-08,61.76,62.41,60.91,61.76,1649000,59.05,56.6,56.43,4.591,9.1076,9.4546,0.0629,0.2767,0.1944
GAS,2021-03-09,61.63,61.63,59.16,60.91,696100,59.33,57.16,56.52,2.6737,6.562,7.773,0.0901,0.3519,0.2001
GAS,2021-03-10,60.52,60.52,59.16,59.81,995600,59.58,57.55,56.61,0.3819,3.9196,5.6548,-0.0164,-0.068,0.199
GAS,2021-03-11,60.46,60.46,59.81,60.26,337200,59.81,57.93,56.71,0.7609,4.0229,6.2635,0.0411,0.1752,0.1581
GAS,2021-03-12,60.46,60.46,59.09,59.22,398400,59.93,58.26,56.81,-1.1716,1.6628,4.2573,-0.1057,-0.4543,0.1456
GAS,2021-03-15,59.48,59.81,59.22,59.22,398200,59.87,58.65,56.9,-1.0858,0.981,4.0929,-0.1222,-0.5175,0.1215
GAS,2021-03-16,59.22,59.48,58.31,58.7,893400,59.83,58.94,56.94,-1.8798,-0.4026,3.0987,-0.1099,-0.4607,0.0802
GAS,2021-03-17,58.77,61.76,58.25,60.33,798700,59.95,59.13,57.01,0.6398,2.0229,5.8153,0.0423,0.1788,0.0791
GAS,2021-03-18,60.39,60.46,59.48,59.68,276400,60.0,59.19,57.08,-0.5417,0.8293,4.5582,-0.0579,-0.2159,0.0739
GAS,2021-03-19,58.83,59.09,58.31,59.09,966800,59.9,59.25,57.13,-1.3458,-0.2688,3.4318,0.2861,1.0252,0.0935
GAS,2021-03-22,59.16,59.55,58.51,58.83,510900,59.61,59.33,57.16,-1.2979,-0.8328,2.9368,-0.0664,-0.2496,0.0938
GAS,2021-03-23,58.51,59.81,58.44,59.68,563500,59.48,59.41,57.18,0.3279,0.4596,4.3727,0.1731,0.7026,0.1021
GAS,2021-03-24,57.86,58.57,57.73,58.57,729000,59.36,59.47,57.18,-1.3252,-1.5085,2.4469,0.2173,0.8491,0.1222
GAS,2021-03-25,58.57,59.68,57.86,58.7,635700,59.2,59.51,57.14,-0.8455,-1.3492,2.7304,-0.0169,-0.0674,0.1198
GAS,2021-03-26,58.05,58.18,55.91,57.99,375100,59.08,59.5,57.1,-1.8486,-2.5456,1.5598,0.0741,0.3079,0.1166
GAS,2021-03-29,58.7,58.83,57.86,58.18,257900,58.98,59.43,57.05,-1.3448,-2.0895,1.9897,-0.0223,-0.1002,0.1066
GAS,2021-03-30,58.18,58.51,57.86,58.25,588000,58.93,59.38,57.0,-1.1583,-1.905,2.1968,0.0329,0.1235,0.0989
GAS,2021-03-31,57.99,58.96,57.86,58.31,630300,58.73,59.34,56.95,-0.7084,-1.7256,2.3879,-0.0324,-0.1388,0.0979
GAS,2021-04-01,58.38,58.9,58.25,58.9,632100,58.65,59.33,56.93,0.4212,-0.7232,3.4506,0.1421,0.5177,0.1063
GAS,2021-04-02,59.48,59.61,58.7,58.7,951100,58.61,59.26,56.92,0.1553,-0.9325,3.1387,-0.3687,-1.3697,0.1146
GAS,2021-04-05,58.83,59.29,58.12,58.12,723500,58.54,59.07,56.9,-0.7218,-1.6177,2.1387,-0.2281,-0.9023,0.1308
GAS,2021-04-06,58.05,58.38,57.86,58.31,674800,58.41,58.94,56.96,-0.1558,-1.0698,2.3715,0.1399,0.572,0.1275
GAS,2021-04-07,58.44,59.16,57.86,57.92,1201200,58.34,58.85,57.0,-0.7132,-1.5741,1.6265,-0.3372,-1.1566,0.1394
GAS,2021-04-08,58.51,58.51,57.79,57.86,684700,58.26,58.73,57.02,-0.6807,-1.4833,1.4777,-0.2142,-0.8589,0.1592
GAS,2021-04-09,57.86,58.44,57.53,57.73,379200,58.23,58.66,57.05,-0.8597,-1.5794,1.1989,-0.0759,-0.2819,0.1594
GAS,2021-04-12,57.86,57.92,56.43,57.14,1911900,58.13,58.55,57.09,-1.6888,-2.4038,0.1002,-0.0186,-0.0716,0.159
GAS,2021-04-13,56.95,57.14,55.71,55.91,1358600,57.89,58.41,57.12,-3.425,-4.2849,-2.1237,-0.1978,-0.6689,0.1755
GAS,2021-04-14,55.84,57.08,55.58,56.23,741700,57.68,58.21,57.22,-2.5132,-3.3897,-1.7224,-0.022,-0.0724,0.1744
GAS,2021-04-15,57.08,57.4,55.58,55.91,1471400,57.38,58.02,57.38,-2.5717,-3.6361,-2.5672,-0.1983,-0.6607,0.1801
GAS,2021-04-16,55.91,56.56,55.58,55.91,590300,57.11,57.86,57.51,-2.0947,-3.3708,-2.7809,-0.0724,-0.2673,0.1504
GAS,2021-04-19,55.91,56.69,55.65,56.69,577300,56.96,57.75,57.66,-0.4793,-1.8405,-1.6911,0.1367,0.407,0.1413
GAS,2021-04-20,57.21,57.86,56.62,57.21,1410500,56.85,57.63,57.81,0.6289,-0.7276,-1.0458,-0.024,-0.0781,0.1297
GAS,2021-04-22,57.21,57.21,55.78,55.78,1101600,56.64,57.49,57.89,-1.5152,-2.9741,-3.6453,-0.1828,-0.6525,0.1143
GAS,2021-04-23,55.71,55.91,54.61,55.91,849600,56.44,57.35,57.95,-0.9445,-2.5109,-3.529,0.1709,0.5313,0.1099
GAS,2021-04-26,55.65,55.65,52.98,52.98,1072100,55.97,57.1,57.96,-5.3316,-7.2071,-8.5831,-0.2668,-0.7523,0.129
GAS,2021-04-27,52.98,53.31,52.14,52.98,791100,55.55,56.84,57.99,-4.6226,-6.7826,-8.6343,0.1287,0.4092,0.14
GAS,2021-04-28,52.98,53.63,52.72,53.24,631900,55.28,56.59,58.0,-3.6924,-5.9107,-8.1983,0.0373,0.1076,0.124
GAS,2021-04-29,53.96,54.35,53.5,54.28,624400,55.09,56.39,57.95,-1.4633,-3.7298,-6.3334,0.1529,0.4604,0.1371
GAS,2021-05-04,53.96,54.15,53.31,54.15,930600,54.91,56.15,57.87,-1.3851,-3.5545,-6.415,0.219,0.6519,0.1391
GAS,2021-05-05,54.8,55.91,54.61,55.58,919800,54.88,55.99,57.82,1.2793,-0.7315,-3.8699,0.1344,0.4491,0.1453
GAS,2021-05-06,55.78,55.78,54.87,55.19,911300,54.73,55.85,57.78,0.8433,-1.1699,-4.4736,-0.0746,-0.2302,0.1391
GAS,2021-05-07,54.61,55.19,53.31,54.61,856900,54.47,55.66,57.71,0.2506,-1.8921,-5.3713,0.0867,0.2571,0.1454
GAS,2021-05-10,54.28,55.91,53.96,55.91,763900,54.49,55.56,57.68,2.6131,0.626,-3.0724,0.1824,0.532,0.1454
GAS,2021-05-11,55.71,55.97,55.26,55.45,737800,54.44,55.44,57.63,1.8629,0.0235,-3.7767,-0.0835,-0.2389,0.1366
GAS,2021-05-12,55.58,56.17,55.32,56.17,616200,54.76,55.36,57.59,2.5763,1.4561,-2.4721,0.1342,0.3967,0.1234
GAS,2021-05-13,56.17,56.3,55.58,55.65,549200,55.02,55.29,57.51,1.1342,0.6526,-3.2375,-0.1022,-0.3124,0.1207
GAS,2021-05-14,55.32,55.65,54.28,54.67,825800,55.17,55.23,57.42,-0.8956,-1.0006,-4.7845,-0.106,-0.3098,0.1276
GAS,2021-05-17,55.26,55.26,53.44,53.63,1039300,55.1,55.1,57.31,-2.6664,-2.6549,-6.4159,-0.2133,-0.621,0.1336
GAS,2021-05-18,53.83,53.96,52.85,53.31,1096100,55.02,54.97,57.19,-3.1076,-3.016,-6.7949,-0.0578,-0.1586,0.1175
GAS,2021-05-19,53.31,53.96,52.98,53.05,299500,54.76,54.82,57.05,-3.1339,-3.2373,-7.0191,-0.0616,-0.178,0.1102
GAS,2021-05-20,53.18,53.18,52.2,52.53,714400,54.5,54.62,56.87,-3.6145,-3.821,-7.6318,-0.0518,-0.1465,0.1079
GAS,2021-05-21,52.01,53.18,51.88,52.66,596800,54.3,54.39,56.7,-3.0288,-3.1795,-7.1335,0.0334,0.0844,0.1026
GAS,2021-05-24,53.05,53.63,52.85,53.31,504600,54.04,54.26,56.57,-1.3593,-1.7611,-5.771,0.0249,0.0699,0.0869
GAS,2021-05-25,53.63,54.09,53.37,53.89,594700,53.89,54.16,56.45,0.0121,-0.4981,-4.5217,0.0788,0.2412,0.0864
GAS,2021-05-26,53.44,53.76,53.24,53.24,414400,53.59,54.18,56.33,-0.655,-1.722,-5.4731,-0.1158,-0.3504,0.0846
GAS,2021-05-27,53.11,53.31,52.01,52.07,687500,53.24,54.13,56.18,-2.1859,-3.8011,-7.3153,-0.206,-0.566,0.0949
GAS,2021-05-28,52.72,53.57,52.33,53.31,655400,53.1,54.13,56.08,0.3918,-1.5252,-4.9341,0.0758,0.1981,0.0919
GAS,2021-05-31,53.24,53.76,52.53,53.7,853700,53.11,54.1,55.94,1.114,-0.751,-4.0115,0.1252,0.3448,0.0831
GAS,2021-06-01,55.19,55.19,54.35,54.41,1013500,53.22,54.12,55.84,2.2477,0.5466,-2.5498,-0.2148,-0.5944,0.0988
GAS,2021-06-02,54.8,56.88,54.61,56.82,1981500,53.59,54.18,55.79,6.0165,4.8716,1.8411,0.3939,1.1773,0.132
GAS,2021-06-03,57.53,57.86,57.21,57.4,1263100,54.08,54.29,55.76,6.1426,5.7358,2.9426,-0.0901,-0.2917,0.1359
GAS,2021-06-04,57.08,59.68,55.26,59.42,2154200,54.76,54.53,55.76,8.5124,8.9652,6.5666,0.3533,1.0173,0.1679
GAS,2021-06-07,59.74,59.87,55.91,58.96,1617400,55.32,54.68,55.77,6.5805,7.8286,5.7356,0.2074,0.651,0.1861
GAS,2021-06-08,58.31,58.9,56.95,57.27,972400,55.66,54.77,55.74,2.8965,4.5635,2.7573,-0.0889,-0.2626,0.1871
GAS,2021-06-09,57.47,57.86,55.97,56.82,866600,56.02,54.81,55.71,1.4274,3.6712,1.9837,-0.0198,-0.0628,0.1775
GAS,2021-06-10,56.56,56.69,55.58,55.97,1036100,56.41,54.82,55.67,-0.7722,2.0989,0.5465,-0.0657,-0.1932,0.1635
GAS,2021-06-11,56.56,56.75,56.04,56.56,390700,56.73,54.92,55.64,-0.3094,2.989,1.6593,0.0395,0.1077,0.1599
GAS,2021-06-14,57.86,58.77,57.21,58.18,1645200,57.18,55.14,55.63,1.7508,5.5113,4.5854,0.1235,0.3903,0.1597
GAS,2021-06-15,58.18,58.38,57.53,57.66,548600,57.51,55.36,55.61,0.2713,4.1569,3.6966,-0.0884,-0.2631,0.1471
GAS,2021-06-16,58.38,60.13,58.18,59.74,2150100,57.8,55.7,55.63,3.363,7.2658,7.3975,0.2897,0.9164,0.1366
GAS,2021-06-17,59.09,61.43,58.83,61.04,1664700,58.16,56.12,55.69,4.9514,8.7687,9.6194,0.2731,0.8822,0.1549
GAS,2021-06-18,60.91,60.98,60.13,60.26,753100,58.25,56.5,55.73,3.4598,6.6559,8.1428,-0.1306,-0.4252,0.1327
GAS,2021-06-21,60.52,62.41,60.2,60.46,967400,58.4,56.86,55.78,3.5289,6.3282,8.3941,-0.2204,-0.6425,0.134
GAS,2021-06-22,61.43,61.89,60.78,61.69,1273100,58.84,57.25,55.85,4.8503,7.7613,10.4567,0.2199,0.7333,0.1471
GAS,2021-06-23,61.63,61.89,60.33,61.04,907200,59.26,57.64,55.92,3.0057,5.9042,9.1632,-0.0225,-0.0728,0.1473
GAS,2021-06-24,61.11,62.86,61.04,62.28,1357600,59.89,58.15,56.02,3.9835,7.0989,11.1678,0.1666,0.5017,0.1574
GAS,2021-06-25,62.41,63.71,61.82,63.71,1539200,60.61,58.67,56.18,5.1164,8.5873,13.4049,0.4108,1.2833,0.1946
GAS,2021-06-28,64.92,64.98,59.62,63.71,868700,61.16,59.17,56.33,4.1655,7.6674,13.1025,0.1197,0.3704,0.1942
GAS,2021-06-29,63.04,63.37,61.76,62.37,790600,61.63,59.57,56.46,1.1942,4.697,10.468,-0.0672,-0.2183,0.1921
GAS,2021-06-30,62.37,63.31,61.36,62.37,841400,61.89,59.85,56.59,0.7653,4.2116,10.2159,0.0076,0.0239,0.1638
GAS,2021-07-01,62.7,63.17,62.03,63.17,983500,62.11,60.14,56.72,1.7158,5.05,11.3827,0.2203,0.6753,0.1586
GAS,2021-07-02,63.84,65.39,63.78,64.78,1847800,62.56,60.4,56.87,3.554,7.2482,13.9163,0.121,0.4039,0.1576
GAS,2021-07-05,64.45,64.78,61.7,61.7,1553700,62.68,60.54,56.99,-1.5719,1.9106,8.2664,-0.3314,-0.9582,0.1687
GAS,2021-07-06,63.44,63.64,57.54,57.54,1415500,62.27,60.55,57.02,-7.5925,-4.9781,0.9124,-0.183,-0.5297,0.165
GAS,2021-07-07,57.67,61.36,57.67,61.36,1397500,62.3,60.78,57.19,-1.5038,0.9558,7.301,0.2719,0.7116,0.1899
GAS,2021-07-08,60.89,62.9,60.29,62.37,912200,62.31,61.1,57.37,0.0967,2.0739,8.7033,0.1919,0.5266,0.1925
GAS,2021-07-09,61.5,63.64,60.56,61.5,1080000,62.09,61.35,57.54,-0.9505,0.242,6.8763,-0.1137,-0.3562,0.1628
GAS,2021-07-12,61.63,61.63,58.55,59.01,990800,61.62,61.39,57.63,-4.2229,-3.8677,2.3956,-0.1174,-0.3997,0.1625
GAS,2021-07-13,60.89,62.3,59.75,61.36,581300,61.52,61.57,57.78,-0.2507,-0.3444,6.2025,0.0537,0.1816,0.1612
GAS,2021-07-14,61.36,62.17,60.83,61.23,611500,61.4,61.65,57.89,-0.284,-0.6819,5.7637,-0.1074,-0.3447,0.1712
GAS,2021-07-15,60.69,61.36,60.36,60.69,494000,61.15,61.63,58.0,-0.7567,-1.5239,4.6382,-0.0564,-0.1699,0.1548
GAS,2021-07-16,60.36,61.09,60.36,60.36,279000,60.71,61.64,58.12,-0.5854,-2.0753,3.8543,-0.1084,-0.3256,0.1535
GAS,2021-07-19,58.68,59.69,58.14,58.14,703200,60.36,61.52,58.16,-3.6667,-5.4882,-0.0306,-0.1378,-0.4519,0.1342
GAS,2021-07-20,57.74,60.09,57.0,59.69,665100,60.57,61.42,58.25,-1.4615,-2.8223,2.4723,0.0994,0.2975,0.1258
GAS,2021-07-21,60.36,60.36,58.21,58.61,569200,60.3,61.3,58.29,-2.7917,-4.38,0.5458,-0.1568,-0.4569,0.1143
GAS,2021-07-22,59.35,60.49,58.61,59.95,487700,60.05,61.18,58.38,-0.1675,-2.006,2.6949,0.071,0.2136,0.1022
GAS,2021-07-23,59.89,60.29,59.01,59.01,356400,59.81,60.95,58.47,-1.3232,-3.169,0.9366,-0.0855,-0.2502,0.0994
GAS,2021-07-26,58.88,60.09,58.14,59.22,614500,59.83,60.72,58.58,-1.0201,-2.4794,1.0876,0.0298,0.0804,0.0906
GAS,2021-07-27,60.36,60.76,59.35,59.69,877900,59.66,60.59,58.71,0.045,-1.4887,1.6677,-0.1874,-0.5257,0.104
GAS,2021-07-28,59.69,60.69,59.69,59.75,322200,59.51,60.46,58.84,0.4057,-1.1647,1.55,-0.1609,-0.5074,0.1093
GAS,2021-07-29,60.29,60.36,59.62,60.02,504300,59.44,60.3,58.99,0.9702,-0.4615,1.7467,0.016,0.0495,0.1053
GAS,2021-07-30,60.36,60.83,60.02,60.09,530200,59.42,60.06,59.14,1.1287,0.0391,1.6045,-0.1374,-0.438,0.1082
GAS,2021-08-02,61.03,63.51,60.76,62.7,1567600,59.87,60.11,59.33,4.7267,4.3061,5.6912,0.2469,0.7482,0.1191
GAS,2021-08-03,62.7,62.77,61.63,62.37,974700,60.14,60.36,59.5,3.702,3.3333,4.8265,0.0741,0.2218,0.1166
GAS,2021-08-04,62.37,63.51,62.23,63.04,538300,60.58,60.44,59.69,4.0514,4.2996,5.606,0.0501,0.1507,0.1059
GAS,2021-08-05,62.77,62.97,62.03,62.9,634600,60.88,60.47,59.91,3.3267,4.0315,5.0002,0.1342,0.4199,0.1122
GAS,2021-08-06,62.9,63.44,61.83,61.97,1309200,61.17,60.49,60.08,1.2936,2.439,3.135,-0.2551,-0.7322,0.1292
GAS,2021-08-09,61.7,62.7,61.03,62.37,1055000,61.49,60.66,60.26,1.4287,2.8192,3.506,0.1292,0.381,0.1391
GAS,2021-08-10,62.37,64.98,62.3,64.38,2217800,61.96,60.81,60.45,3.9074,5.8726,6.4926,0.3049,0.9347,0.1509
GAS,2021-08-11,65.05,66.32,63.84,64.04,1507800,62.39,60.95,60.6,2.6551,5.0778,5.6853,-0.2242,-0.6982,0.1572
GAS,2021-08-12,63.37,64.04,63.37,63.37,727100,62.72,61.08,60.72,1.0371,3.7492,4.373,-0.1465,-0.445,0.1703
GAS,2021-08-13,63.11,63.17,61.43,62.37,1311800,62.95,61.18,60.78,-0.9268,1.9346,2.6166,0.0191,0.0565,0.1584
GAS,2021-08-16,62.03,63.71,61.7,63.17,1110200,63.0,61.44,60.86,0.2768,2.8272,3.797,0.0973,0.2951,0.1435
GAS,2021-08-17,63.17,63.17,61.97,61.97,1132300,62.96,61.55,60.96,-1.5765,0.6755,1.6569,-0.2692,-0.7176,0.163
GAS,2021-08-18,61.97,62.37,61.76,62.1,522300,62.86,61.72,61.06,-1.2161,0.6084,1.7007,0.0218,0.0627,0.1602
GAS,2021-08-19,62.03,62.03,60.15,60.96,2388200,62.67,61.77,61.16,-2.7287,-1.319,-0.3292,-0.0792,-0.222,0.1546
GAS,2021-08-20,60.36,60.69,58.48,58.68,2766300,62.34,61.76,61.2,-5.8735,-4.9843,-4.1237,-0.3468,-1.017,0.1638
GAS,2021-08-23,58.68,59.35,57.54,57.54,1158700,61.86,61.67,61.19,-6.9818,-6.7036,-5.9666,-0.1732,-0.4784,0.1682
GAS,2021-08-24,58.34,58.55,57.0,57.67,1081800,61.19,61.57,61.19,-5.7431,-6.3334,-5.7477,-0.0373,-0.1152,0.1415
GAS,2021-08-25,57.74,58.55,57.67,58.55,557300,60.64,61.51,61.17,-3.4506,-4.8242,-4.2855,0.1721,0.4685,0.1363
GAS,2021-08-26,58.81,58.81,57.74,57.87,687800,60.09,61.41,61.1,-3.683,-5.75,-5.2837,-0.1783,-0.5011,0.1394
GAS,2021-08-27,57.87,58.41,57.67,58.34,927500,59.69,61.32,61.06,-2.2472,-4.8504,-4.4554,0.1339,0.3738,0.1509
GAS,2021-08-30,59.28,59.35,58.48,58.68,793100,59.24,61.12,61.03,-0.9397,-3.9886,-3.8502,-0.0984,-0.2661,0.151
GAS,2021-08-31,59.01,59.95,58.75,59.95,878800,59.04,61.0,60.99,1.5563,-1.7096,-1.7063,0.2438,0.6978,0.1485
GAS,2021-09-01,59.82,59.95,59.42,59.42,536100,58.77,60.82,60.96,1.1069,-2.2992,-2.5339,-0.133,-0.389,0.1596
GAS,2021-09-06,60.02,60.69,59.82,60.62,868100,58.73,60.7,60.93,3.2199,-0.1271,-0.4997,0.1266,0.3573,0.1644
GAS,2021-09-07,60.69,60.76,59.48,59.48,720100,58.81,60.58,60.84,1.1402,-1.8045,-2.2353,-0.1314,-0.4047,0.1428
GAS,2021-09-08,59.48,59.69,58.81,58.88,550500,58.95,60.4,60.75,-0.1138,-2.5203,-3.0734,-0.1497,-0.3902,0.1405
GAS,2021-09-09,59.28,59.75,59.08,59.42,444500,59.12,60.15,60.69,0.4991,-1.2263,-2.0951,0.0,0.0,0.1367
GAS,2021-09-10,59.35,59.89,59.35,59.42,421100,59.21,59.92,60.63,0.3511,-0.8449,-1.9998,-0.0954,-0.254,0.129
GAS,2021-09-13,60.22,60.22,59.42,59.42,613400,59.36,59.73,60.55,0.0904,-0.5165,-1.8783,-0.1166,-0.3362,0.1229
GAS,2021-09-14,60.09,60.42,59.55,59.69,669100,59.5,59.59,60.45,0.3156,0.1576,-1.2691,-0.0993,-0.3196,0.1194
GAS,2021-09-15,60.02,61.9,59.35,61.36,1379300,59.77,59.5,60.45,2.6706,3.1276,1.5155,0.1935,0.5873,0.1289
GAS,2021-09-16,61.7,62.23,61.63,62.1,981700,59.98,59.51,60.54,3.5331,4.3557,2.5811,0.1741,0.479,0.1219
GAS,2021-09-17,61.83,62.23,61.5,61.63,834000,60.2,59.48,60.54,2.3727,3.6077,1.7967,-0.1247,-0.3479,0.1211
GAS,2021-09-20,61.63,61.63,59.55,59.55,1516300,60.09,59.41,60.49,-0.9039,0.2314,-1.5456,-0.291,-0.8628,0.1376
GAS,2021-09-21,59.08,59.35,57.87,59.15,1444000,60.06,59.44,60.44,-1.5185,-0.4852,-2.1348,0.255,0.7445,0.1499
GAS,2021-09-22,59.35,60.02,58.75,59.28,712000,60.1,59.52,60.44,-1.3613,-0.4056,-1.9216,-0.0272,-0.0911,0.1377
GAS,2021-09-23,59.82,61.7,59.55,60.76,1094400,60.24,59.68,60.43,0.8684,1.8092,0.5393,0.0242,0.0832,0.1401
GAS,2021-09-24,61.36,62.23,60.76,61.03,925000,60.4,59.8,60.43,1.0438,2.0465,0.9899,-0.1777,-0.5695,0.1483
GAS,2021-09-27,61.97,62.03,60.36,60.36,1124300,60.49,59.93,60.42,-0.2217,0.7162,-0.1088,-0.1811,-0.5689,0.1548
GAS,2021-09-28,61.03,64.04,60.49,63.78,4515800,60.9,60.2,60.49,4.7241,5.9433,5.4324,0.8747,2.7294,0.2323
GAS,2021-09-29,64.04,65.99,63.91,64.92,2756300,61.25,60.51,60.63,5.9777,7.2814,7.0773,-0.0329,-0.1128,0.2163
GAS,2021-09-30,64.78,65.18,64.11,65.05,1244900,61.55,60.77,60.73,5.6875,7.0522,7.1089,0.4039,1.1644,0.2392
GAS,2021-10-01,64.38,69.54,64.31,69.41,4336000,62.33,61.26,60.95,11.3622,13.2943,13.8814,1.0754,3.6258,0.3343
GAS,2021-10-04,71.09,74.24,69.74,69.74,4046700,63.35,61.72,61.14,10.0995,13.0005,14.0651,-1.0748,-3.3141,0.4127
GAS,2021-10-05,71.76,73.7,70.75,73.1,2090000,64.74,62.4,61.43,12.9066,17.1413,19.0008,0.3459,1.2249,0.4218
GAS,2021-10-06,73.1,76.18,73.1,76.12,2420800,66.43,63.26,61.76,14.5886,20.3159,23.2356,0.6973,2.5262,0.4888
GAS,2021-10-07,74.44,75.78,73.43,74.44,2255400,67.79,64.01,62.06,9.8031,16.2852,19.9481,-0.0863,-0.3071,0.495
GAS,2021-10-08,74.98,76.38,73.43,75.38,1830600,69.23,64.81,62.37,8.8831,16.3019,20.8524,0.1921,0.7085,0.4964
GAS,2021-10-11,75.51,75.78,73.84,75.45,2259900,70.74,65.61,62.68,6.6553,14.9836,20.3646,0.3341,1.1824,0.5117
GAS,2021-10-12,74.98,76.79,74.17,75.11,1949700,71.87,66.39,62.98,4.5069,13.1427,19.258,-0.1653,-0.5975,0.4408
GAS,2021-10-13,75.45,75.45,73.77,74.44,1789300,72.82,67.04,63.22,2.2194,11.0389,17.7544,-0.1115,-0.3675,0.4487
GAS,2021-10-14,74.24,76.79,74.24,74.64,3003400,73.78,67.67,63.46,1.1634,10.3072,17.616,-0.5803,-1.935,0.4663
GAS,2021-10-15,75.11,75.78,74.77,75.11,1099600,74.35,68.34,63.7,1.0192,9.9063,17.9071,-0.1277,-0.474,0.3715
GAS,2021-10-18,75.45,79.87,75.31,78.13,3109300,75.19,69.27,64.01,3.9065,12.7892,22.0611,0.1857,0.7168,0.2826
GAS,2021-10-19,77.79,78.8,76.45,76.79,1065700,75.56,70.15,64.3,1.6242,9.4594,19.4126,-0.2533,-0.8709,0.2734
GAS,2021-10-20,77.39,77.39,74.1,76.79,1708500,75.63,71.03,64.59,1.5341,8.1107,18.8795,0.3798,1.558,0.2416
GAS,2021-10-21,77.12,77.39,75.11,75.24,1640500,75.71,71.75,64.81,-0.6112,4.8696,16.101,-0.3873,-1.3225,0.2717
GAS,2021-10-22,75.38,76.38,74.24,75.18,1280800,75.69,72.46,65.03,-0.6734,3.7531,15.6004,-0.0419,-0.1444,0.2567
GAS,2021-10-25,75.78,77.26,74.91,75.11,2117000,75.65,73.2,65.27,-0.718,2.6158,15.0819,-0.3106,-1.0589,0.2543
GAS,2021-10-26,75.78,77.19,75.38,76.32,2367100,75.77,73.82,65.55,0.7169,3.3794,16.4337,0.0201,0.0723,0.2398
GAS,2021-10-27,77.26,81.61,76.92,81.61,4182900,76.49,74.66,65.91,6.6982,9.3196,23.8198,0.8515,2.7857,0.3138
GAS,2021-10-28,81.48,86.11,80.01,83.83,2341300,77.41,75.6,66.35,8.2907,10.8893,26.3392,0.1428,0.5238,0.2701
GAS,2021-10-29,83.16,85.5,81.48,83.49,1159800,78.25,76.3,66.78,6.7021,9.4265,25.0276,0.0,0.0,0.2573
GAS,2021-11-01,83.56,85.17,81.15,81.35,2076500,78.57,76.88,67.19,3.5336,5.8095,21.0748,-0.3146,-1.1351,0.2702
GAS,2021-11-02,82.42,82.42,80.68,81.55,1507400,79.05,77.3,67.64,3.1645,5.4915,20.5536,0.0,0.0,0.2449
GAS,2021-11-03,81.55,82.42,79.47,80.47,1891200,79.42,77.52,68.1,1.3342,3.8107,18.1661,-0.0573,-0.2243,0.2126
GAS,2021-11-04,79.2,81.82,78.46,78.53,1660900,79.74,77.73,68.52,-1.5222,1.0354,14.6084,-0.3528,-1.2293,0.2092
GAS,2021-11-05,79.13,82.89,77.99,82.08,1340800,80.43,78.06,68.99,2.051,5.1546,18.9782,0.215,0.8187,0.2265
GAS,2021-11-08,83.02,83.09,79.94,82.49,1648200,81.17,78.41,69.48,1.6193,5.1956,18.7144,0.2277,0.836,0.2182
GAS,2021-11-09,81.01,83.16,79.8,79.94,1665900,81.53,78.65,69.92,-1.9576,1.6328,14.3361,-0.2936,-1.1022,0.2455
GAS,2021-11-10,80.54,82.29,79.8,80.74,1009600,81.45,78.97,70.36,-0.8646,2.2462,14.7628,-0.0489,-0.1617,0.1653
GAS,2021-11-11,80.47,81.82,78.73,79.8,1895800,81.04,79.23,70.75,-1.5308,0.728,12.7919,-0.1066,-0.3906,0.1617
GAS,2021-11-12,79.94,81.08,78.06,79.2,1370200,80.62,79.43,71.15,-1.7553,-0.2913,11.3164,-0.0619,-0.2281,0.1679
GAS,2021-11-15,79.8,80.41,76.92,79.74,2157500,80.45,79.51,71.53,-0.8919,0.2826,11.4715,0.2461,0.8607,0.161
GAS,2021-11-16,79.13,80.61,77.99,78.26,1545600,80.13,79.59,71.91,-2.3268,-1.6642,8.8376,-0.256,-0.8407,0.1866
GAS,2021-11-17,78.46,79.6,78.33,78.73,701200,79.95,79.68,72.3,-1.5266,-1.1951,8.8892,-0.0629,-0.2071,0.1872
GAS,2021-11-18,77.79,78.46,76.32,76.32,1277500,79.73,79.74,72.64,-4.2813,-4.2893,5.0591,-0.1894,-0.608,0.1708
GAS,2021-11-19,76.32,76.45,71.02,71.09,2905400,78.63,79.53,72.88,-9.5949,-10.6202,-2.4552,-0.4237,-1.34,0.1917
GAS,2021-11-22,69.74,71.29,68.14,68.47,1436500,77.23,79.2,73.06,-11.3407,-13.5478,-6.277,-0.1412,-0.4761,0.183
GAS,2021-11-23,68.74,70.75,68.74,70.15,768400,76.25,78.89,73.27,-8.0035,-11.0847,-4.2563,0.0606,0.1683,0.1597
GAS,2021-11-24,71.56,71.69,69.07,69.07,922700,75.08,78.27,73.42,-8.0029,-11.7433,-5.9189,-0.133,-0.41,0.1681
GAS,2021-11-25,69.48,70.48,68.94,69.68,657700,74.07,77.56,73.57,-5.9303,-10.16,-5.2923,-0.0064,-0.0192,0.1581
GAS,2021-11-26,69.68,69.74,68.14,68.4,1256000,72.99,76.8,73.71,-6.2845,-10.9365,-7.1951,-0.1549,-0.4497,0.1674
GAS,2021-11-29,65.45,67.8,65.45,66.66,1292000,71.68,76.07,73.85,-7.0072,-12.3689,-9.7348,0.0071,0.0192,0.1435
GAS,2021-11-30,67.13,68.2,65.92,65.92,1391100,70.45,75.29,73.98,-6.4255,-12.4393,-10.8972,-0.258,-0.7559,0.1437
GAS,2021-12-01,65.45,66.73,65.39,66.06,1464900,69.18,74.57,74.12,-4.5172,-11.4129,-10.8791,0.0,0.0,0.1374
GAS,2021-12-02,65.99,66.73,65.72,65.99,591100,68.15,73.94,74.22,-3.1687,-10.7524,-11.0951,-0.0658,-0.1791,0.1251
GAS,2021-12-03,66.46,66.46,64.78,64.78,1033200,67.52,73.07,74.3,-4.0524,-11.3477,-12.8096,-0.1282,-0.3538,0.0955
GAS,2021-12-06,64.58,65.05,61.03,61.7,1232300,66.84,72.04,74.33,-7.6954,-14.3509,-16.9915,-0.1528,-0.4271,0.0967
GAS,2021-12-07,63.37,64.72,62.7,64.72,964000,66.3,71.27,74.35,-2.3872,-9.2021,-12.9533,0.2065,0.587,0.1113
GAS,2021-12-08,65.39,66.59,64.92,65.86,1098500,65.98,70.53,74.36,-0.183,-6.6274,-11.4422,0.0338,0.1047,0.1014
GAS,2021-12-09,65.65,67.06,65.05,66.19,560300,65.63,69.85,74.39,0.8584,-5.2374,-11.0186,0.0222,0.059,0.1029
GAS,2021-12-10,65.99,65.99,64.51,64.78,677400,65.27,69.13,74.29,-0.7398,-6.2864,-12.8033,-0.126,-0.3478,0.1
GAS,2021-12-13,65.72,66.59,65.18,65.72,720800,65.17,68.43,74.21,0.8438,-3.9545,-11.4437,-0.0418,-0.1196,0.1035
GAS,2021-12-14,65.65,66.32,64.72,65.86,765000,65.16,67.81,74.07,1.06,-2.8781,-11.0894,0.0771,0.2241,0.0854
GAS,2021-12-15,65.45,65.86,64.65,65.52,473400,65.11,67.15,73.86,0.6283,-2.422,-11.2883,0.052,0.1429,0.0906
GAS,2021-12-16,65.72,67.13,65.12,66.12,956600,65.12,66.64,73.69,1.5343,-0.7699,-10.269,0.0,0.0,0.084
GAS,2021-12-17,66.46,67.06,65.59,66.39,531800,65.29,66.4,73.51,1.6949,-0.0151,-9.6847,0.0088,0.0258,0.0721
GAS,2021-12-20,65.72,65.72,64.38,64.85,860700,65.6,66.22,73.3,-1.145,-2.071,-11.5279,-0.0559,-0.1565,0.0624
GAS,2021-12-21,64.85,64.98,63.04,63.04,1259500,65.43,65.87,73.06,-3.6589,-4.2916,-13.714,-0.2668,-0.6185,0.0684
GAS,2021-12-22,64.31,64.78,63.44,63.84,592000,65.23,65.6,72.85,-2.1281,-2.6834,-12.3582,-0.0424,-0.1133,0.0693
GAS,2021-12-23,64.38,65.52,63.37,63.84,1522500,65.0,65.31,72.63,-1.7747,-2.2487,-12.0976,-0.1404,-0.355,0.0811
GAS,2021-12-24,64.58,65.05,63.91,64.18,700000,64.94,65.1,72.41,-1.167,-1.4164,-11.3692,-0.0863,-0.2607,0.0771
GAS,2021-12-27,64.18,64.92,64.18,64.31,328900,64.8,64.98,72.14,-0.7452,-1.032,-10.8438,-0.0619,-0.154,0.0792
GAS,2021-12-28,65.05,66.06,65.05,65.79,1086700,64.79,64.98,71.92,1.5423,1.2488,-8.5195,0.1035,0.2832,0.0818
GAS,2021-12-29,66.26,66.26,64.92,65.05,458100,64.74,64.93,71.68,0.4765,0.1911,-9.2491,-0.0924,-0.247,0.0858
GAS,2021-12-30,65.72,65.99,65.05,65.05,580600,64.63,64.88,71.48,0.6433,0.2636,-8.9903,-0.1428,-0.3852,0.1001
GAS,2021-12-31,65.32,65.32,64.45,64.51,674800,64.45,64.87,71.26,0.1041,-0.5428,-9.4708,-0.146,-0.3833,0.1138
GAS,2022-01-04,64.98,68.34,64.98,68.34,1730300,64.8,65.2,71.13,5.4647,4.8138,-3.9241,0.3913,1.0071,0.1474
GAS,2022-01-05,68.87,70.68,68.74,70.42,2082700,65.53,65.48,71.01,7.4499,7.5324,-0.8368,0.2368,0.634,0.1444
GAS,2022-01-06,69.74,70.35,69.01,69.54,828300,66.1,65.67,70.77,5.2044,5.9028,-1.7304,-0.0326,-0.0839,0.1434
GAS,2022-01-07,70.08,73.3,69.28,72.09,1777900,66.93,65.96,70.53,7.7154,9.2924,2.2096,0.1399,0.3807,0.1433
GAS,2022-01-10,72.09,72.09,68.4,68.4,1000600,67.35,66.14,70.23,1.5633,3.4168,-2.603,-0.127,-0.3431,0.1474
GAS,2022-01-11,69.07,70.08,68.4,69.28,650100,67.85,66.32,69.99,2.1054,4.4542,-1.0214,0.005,0.0131,0.1417
GAS,2022-01-12,70.42,73.03,70.42,72.43,1475800,68.51,66.65,69.81,5.7165,8.6683,3.7524,0.1185,0.3152,0.1432
GAS,2022-01-13,73.17,74.44,70.42,70.42,772800,69.05,66.89,69.61,1.9814,5.2632,1.1619,-0.1095,-0.3429,0.1449
GAS,2022-01-14,69.74,71.42,69.41,70.75,539400,69.62,67.13,69.45,1.628,5.3999,1.8713,0.0502,0.1316,0.1357
GAS,2022-01-17,71.56,73.57,65.86,70.15,1451600,70.18,67.31,69.21,-0.0478,4.2092,1.3507,0.0208,0.0616,0.1232
GAS,2022-01-18,69.74,72.43,69.74,71.76,931200,70.52,67.66,69.0,1.7497,6.0561,3.9986,0.1117,0.3532,0.0952
GAS,2022-01-19,72.49,73.03,70.75,71.76,664500,70.66,68.1,68.83,1.5566,5.3772,4.2458,-0.0218,-0.0709,0.0737
GAS,2022-01-20,71.76,72.83,70.75,72.83,717300,70.99,68.54,68.68,2.598,6.2518,6.0485,0.1611,0.4583,0.0866
GAS,2022-01-21,72.43,72.96,70.21,72.03,1063800,70.98,68.95,68.52,1.4739,4.4544,5.1148,0.0956,0.2795,0.0821
GAS,2022-01-24,71.76,73.1,71.62,71.82,1029200,71.32,69.34,68.37,0.7052,3.5884,5.0474,-0.1297,-0.3988,0.0824
GAS,2022-01-25,71.09,73.43,69.74,73.43,1322100,71.74,69.79,68.25,2.3652,5.2176,7.5998,0.2681,0.8087,0.1087
GAS,2022-01-26,73.97,75.78,73.1,75.24,1440600,72.02,70.26,68.19,4.479,7.0866,10.3505,0.2157,0.7293,0.1184
GAS,2022-01-27,75.45,77.05,73.9,74.98,911500,72.47,70.76,68.11,3.4515,5.9565,10.0784,-0.1224,-0.4009,0.1197
GAS,2022-01-28,75.04,75.78,71.42,73.1,1656400,72.71,71.16,68.05,0.535,2.7188,7.423,-0.099,-0.3162,0.1246
GAS,2022-02-07,76.32,77.79,75.18,76.92,926300,73.39,71.78,68.16,4.8159,7.1562,12.8471,0.1026,0.3367,0.1328
GAS,2022-02-08,76.79,77.46,75.51,76.45,637800,73.86,72.19,68.32,3.514,5.9037,11.8964,-0.0071,-0.0221,0.1223
GAS,2022-02-09,75.78,76.18,73.77,73.77,1828900,74.06,72.36,68.4,-0.3894,1.951,7.8558,-0.4539,-1.3279,0.1655
GAS,2022-02-10,75.11,75.65,73.77,75.11,859800,74.29,72.64,68.52,1.1104,3.4069,9.6234,0.167,0.4777,0.1661
GAS,2022-02-11,75.45,75.65,74.44,74.44,483000,74.53,72.75,68.61,-0.117,2.3183,8.4938,-0.1735,-0.4982,0.1739
GAS,2022-02-14,76.18,79.13,75.65,77.79,1817900,75.12,73.22,68.8,3.5529,6.2417,13.0715,0.0798,0.2613,0.1689
GAS,2022-02-15,77.79,80.21,76.18,78.73,1425600,75.65,73.69,69.04,4.0688,6.8341,14.0359,0.146,0.4459,0.1567
GAS,2022-02-16,76.79,77.73,75.78,76.79,723400,75.81,73.91,69.26,1.2916,3.8879,10.8701,0.0083,0.0263,0.136
GAS,2022-02-17,76.72,79.6,76.25,79.6,1128100,76.27,74.37,69.53,4.37,7.0334,14.4891,0.4352,1.2098,0.1672
GAS,2022-02-18,78.13,79.6,77.32,78.46,732400,76.81,74.76,69.78,2.1566,4.9563,12.4459,-0.0,-0.0,0.1573
GAS,2022-02-21,78.13,78.46,77.46,77.66,332600,76.88,75.13,70.04,1.0119,3.3606,10.8834,-0.0571,-0.1875,0.1528
GAS,2022-02-22,79.13,79.47,77.79,78.13,721200,77.05,75.45,70.36,1.4013,3.5464,11.0327,-0.107,-0.3248,0.1628
GAS,2022-02-23,78.87,80.81,77.99,78.46,1292100,77.52,75.79,70.64,1.2198,3.5307,11.0752,-0.2506,-0.7706,0.1424
GAS,2022-02-24,79.13,82.15,78.66,79.8,1890000,77.99,76.14,70.92,2.3304,4.8181,12.5296,-0.1539,-0.5,0.1411
GAS,2022-02-25,80.54,81.95,78.19,78.6,1320300,78.4,76.46,71.17,0.2481,2.789,10.441,-0.2647,-0.8205,0.1503
GAS,2022-02-28,79.8,80.21,78.46,79.13,940300,78.54,76.83,71.45,0.76,2.9983,10.7482,-0.0551,-0.1733,0.1478
GAS,2022-03-01,79.8,79.8,77.86,78.93,1037700,78.56,77.1,71.72,0.4781,2.3701,10.0597,0.0244,0.0778,0.1356
GAS,2022-03-02,80.47,81.28,79.13,79.94,1558200,78.87,77.34,72.0,1.3519,3.3601,11.0262,-0.0695,-0.238,0.1418
GAS,2022-03-03,81.75,81.75,79.8,80.94,1368500,79.01,77.64,72.31,2.4531,4.2584,11.9438,0.0431,0.1365,0.1025
GAS,2022-03-04,80.47,80.47,79.13,79.13,1555800,79.07,77.94,72.57,0.0763,1.5316,9.0472,-0.3734,-1.1353,0.1399
GAS,2022-03-07,84.16,84.16,82.15,83.56,2264100,79.66,78.27,72.91,4.891,6.7558,14.6042,0.2323,0.726,0.1574
GAS,2022-03-08,82.22,84.36,80.54,80.94,1426800,79.95,78.5,73.23,1.2499,3.1183,10.5291,-0.1746,-0.5445,0.1642
GAS,2022-03-09,82.35,83.96,80.94,81.95,1297600,80.29,78.91,73.61,2.063,3.8586,11.3277,-0.1016,-0.3109,0.1493
GAS,2022-03-10,79.13,80.34,78.33,79.47,963500,80.26,79.12,73.92,-0.986,0.4365,7.5005,0.034,0.1068,0.1373
GAS,2022-03-11,79.13,79.13,75.31,75.71,1619500,79.97,79.19,74.16,-5.3249,-4.3869,2.0925,-0.3012,-0.9234,0.1409
GAS,2022-03-14,73.77,75.11,71.09,71.09,1389300,79.17,78.85,74.3,-10.2075,-9.8486,-4.3252,-0.277,-0.788,0.1631
GAS,2022-03-15,69.74,72.43,68.4,72.43,967000,78.52,78.54,74.46,-7.7554,-7.779,-2.7325,0.2855,0.8041,0.1892
GAS,2022-03-16,72.76,73.77,71.09,73.23,617000,77.85,78.36,74.61,-5.927,-6.5429,-1.848,0.1322,0.399,0.1955
GAS,2022-03-17,72.49,73.63,71.09,71.09,744100,76.86,77.93,74.73,-7.5124,-8.7858,-4.8781,-0.2073,-0.6136,0.2119
GAS,2022-03-18,72.43,73.63,72.09,73.03,601000,76.25,77.66,74.89,-4.2216,-5.9626,-2.484,0.0401,0.1062,0.1786
GAS,2022-03-21,73.37,77.12,73.03,76.45,830800,75.54,77.6,75.13,1.2074,-1.4821,1.7585,0.1539,0.4195,0.1707
GAS,2022-03-22,77.12,78.13,76.12,77.12,788400,75.16,77.55,75.31,2.6144,-0.5534,2.4116,-0.0,-0.0,0.1533
GAS,2022-03-23,76.65,77.26,75.18,75.31,620500,74.49,77.39,75.4,1.0983,-2.6905,-0.1227,-0.1319,-0.385,0.1563
GAS,2022-03-24,77.05,77.12,75.04,75.31,596000,74.08,77.17,75.52,1.6658,-2.4072,-0.2753,-0.1087,-0.2985,0.1638
GAS,2022-03-25,76.38,76.45,72.43,74.24,385200,73.93,76.95,75.56,0.4173,-3.5252,-1.752,-0.0093,-0.0268,0.1346
GAS,2022-03-28,74.31,75.78,73.97,74.1,357200,74.23,76.7,75.68,-0.1717,-3.3838,-2.0772,-0.0602,-0.1677,0.1129
GAS,2022-03-29,73.77,75.78,73.03,75.04,695700,74.49,76.5,75.79,0.7382,-1.9109,-0.9875,0.1019,0.2831,0.0946
GAS,2022-03-30,74.37,74.71,73.17,73.84,590500,74.55,76.2,75.82,-0.9625,-3.1023,-2.6164,-0.0162,-0.048,0.083
GAS,2022-03-31,73.77,75.04,72.56,72.63,374200,74.71,75.78,75.86,-2.7828,-4.1635,-4.2643,-0.0964,-0.2716,0.0719
GAS,2022-04-01,72.29,74.37,71.76,73.57,429800,74.76,75.51,75.92,-1.5967,-2.5668,-3.0987,0.0384,0.1075,0.0717
GAS,2022-04-04,73.84,75.71,73.7,75.38,610500,74.65,75.1,76.02,0.9702,0.3751,-0.8504,0.0879,0.2448,0.0651
GAS,2022-04-05,75.58,76.99,74.44,76.65,727800,74.61,74.88,76.12,2.7416,2.3643,0.696,0.1571,0.4512,0.0808
GAS,2022-04-06,76.72,78.13,75.91,76.25,832600,74.7,74.6,76.21,2.0738,2.216,0.0493,-0.1211,-0.3477,0.0797
GAS,2022-04-07,76.25,77.12,75.04,75.65,729000,74.73,74.41,76.27,1.2204,1.6674,-0.816,-0.0636,-0.1851,0.0752
GAS,2022-04-08,76.32,76.79,73.9,73.9,617300,74.7,74.32,76.31,-1.0683,-0.555,-3.1498,-0.1175,-0.3672,0.086
GAS,2022-04-12,74.24,75.45,71.76,73.03,632900,74.59,74.41,76.33,-2.0948,-1.8565,-4.3226,-0.0371,-0.1149,0.0837
GAS,2022-04-13,73.17,74.1,72.36,73.84,513600,74.47,74.48,76.34,-0.8555,-0.8689,-3.2785,0.0853,0.239,0.0821
GAS,2022-04-14,74.71,75.45,74.64,74.84,461700,74.57,74.56,76.33,0.3597,0.3733,-1.9504,-0.0766,-0.2134,0.0881
GAS,2022-04-15,75.45,79.13,75.11,77.19,1786900,75.03,74.87,76.37,2.8781,3.0992,1.066,0.0153,0.0466,0.08
GAS,2022-04-18,78.33,79.07,76.59,77.32,848000,75.4,75.08,76.46,2.5436,2.9832,1.1297,-0.0598,-0.2064,0.0821
GAS,2022-04-19,78.8,78.8,76.38,76.38,676400,75.51,75.08,76.45,1.1635,1.7373,-0.0842,-0.1379,-0.4665,0.0871
GAS,2022-04-20,76.18,76.18,71.42,71.49,1409200,74.99,74.8,76.35,-4.6682,-4.4246,-6.3664,-0.2786,-0.9249,0.0993
GAS,2022-04-21,69.74,72.63,69.07,70.42,1072500,74.41,74.55,76.28,-5.3628,-5.5501,-7.6907,-0.0608,-0.1828,0.0932
GAS,2022-04-22,70.48,75.31,67.06,75.31,1341800,74.37,74.55,76.29,1.2624,1.0165,-1.2782,0.3677,1.1285,0.1237
GAS,2022-04-25,73.1,75.31,70.08,70.08,684200,73.99,74.35,76.2,-5.2841,-5.737,-8.03,-0.1171,-0.3997,0.1236
GAS,2022-04-26,68.4,73.1,65.79,73.1,669700,74.0,74.3,76.11,-1.2144,-1.6112,-3.9512,0.1189,0.391,0.1318
GAS,2022-04-27,70.42,74.77,69.74,74.44,789600,74.06,74.26,76.02,0.5162,0.2348,-2.0784,0.2478,0.775,0.148
GAS,2022-04-28,73.97,73.97,72.23,72.23,215400,73.8,74.18,75.93,-2.1265,-2.6397,-4.8755,-0.092,-0.2912,0.1496
GAS,2022-04-29,71.76,72.7,70.42,71.09,548300,73.19,74.11,75.76,-2.8681,-4.0767,-6.1665,-0.0783,-0.2415,0.1559
GAS,2022-05-04,72.16,73.77,71.89,72.43,521100,72.7,74.05,75.64,-0.369,-2.1916,-4.2434,-0.0755,-0.2505,0.1575
GAS,2022-05-05,74.44,74.44,73.03,73.37,351200,72.39,73.95,75.55,1.3432,-0.789,-2.8919,-0.0871,-0.2645,0.1524
GAS,2022-05-06,71.42,73.7,71.42,73.63,576300,72.61,73.8,75.46,1.4131,-0.2226,-2.4208,0.142,0.4789,0.1387
GAS,2022-05-09,73.1,73.1,69.07,70.35,571900,72.6,73.5,75.3,-3.1036,-4.2927,-6.5745,-0.0368,-0.1306,0.1363
GAS,2022-05-10,67.4,72.49,67.06,72.43,645200,72.31,73.34,75.15,0.1576,-1.2481,-3.6248,0.1347,0.4494,0.113
GAS,2022-05-11,71.96,73.43,71.09,73.03,328500,72.61,73.3,75.04,0.5819,-0.366,-2.6775,0.1364,0.4023,0.115
GAS,2022-05-12,72.43,72.43,69.48,70.82,833900,72.38,73.19,74.87,-2.1588,-3.2391,-5.417,-0.0169,-0.0602,0.1047
GAS,2022-05-13,69.95,71.42,67.06,67.06,899400,71.64,72.85,74.64,-6.3933,-7.9444,-10.1479,-0.1498,-0.5652,0.095
GAS,2022-05-16,69.07,69.48,63.71,63.71,955900,70.79,72.29,74.31,-10.0038,-11.8738,-14.2677,-0.2359,-0.8239,0.1093
GAS,2022-05-17,63.71,67.67,63.04,67.67,516700,70.45,71.82,74.05,-3.9505,-5.7802,-8.6167,0.1013,0.3482,0.1116
GAS,2022-05-18,67.73,71.35,67.26,70.42,909900,70.25,71.47,73.87,0.2387,-1.4778,-4.6789,0.1623,0.5538,0.1203
GAS,2022-05-19,66.73,71.42,66.73,70.95,1136600,70.01,71.2,73.62,1.3507,-0.3485,-3.6237,0.3994,1.3406,0.1516
GAS,2022-05-20,70.75,71.56,69.48,70.08,292900,69.65,71.13,73.4,0.6162,-1.4755,-4.5261,-0.0527,-0.185,0.1426
GAS,2022-05-23,70.75,70.88,68.94,69.41,541100,69.56,71.08,73.15,-0.2121,-2.3493,-5.1155,-0.1103,-0.4013,0.15
GAS,2022-05-24,69.41,71.69,68.81,70.95,840400,69.41,70.86,72.98,2.2222,0.1278,-2.7806,0.1099,0.3851,0.1475
GAS,2022-05-25,71.29,72.7,70.95,72.7,764900,69.38,70.99,72.92,4.7849,2.3994,-0.309,0.1663,0.6027,0.1505
GAS,2022-05-26,73.77,74.57,71.09,72.16,565300,69.51,70.95,72.94,3.8109,1.7109,-1.0739,-0.0911,-0.3392,0.1579
GAS,2022-05-27,72.76,74.57,72.76,73.77,404700,70.18,70.91,72.97,5.1123,4.0287,1.0955,0.0209,0.0652,0.145
GAS,2022-05-30,74.91,75.31,73.63,73.77,682000,71.19,70.99,72.98,3.6269,3.9157,1.0806,-0.2711,-0.9086,0.1485
GAS,2022-05-31,74.31,78.93,73.43,78.93,2358100,72.31,71.38,73.14,9.1533,10.5787,7.9242,0.8771,3.2581,0.2261
GAS,2022-06-01,79.6,83.09,78.46,81.15,1740200,73.39,71.82,73.3,10.573,12.9891,10.7045,0.122,0.4198,0.2221
GAS,2022-06-02,80.47,82.49,79.0,79.74,1399300,74.26,72.14,73.36,7.3686,10.5378,8.6857,-0.2273,-0.9022,0.2049
GAS,2022-06-03,79.13,83.83,79.13,83.29,2364500,75.59,72.62,73.49,10.1943,14.6973,13.3398,1.1175,3.9141,0.3113
GAS,2022-06-06,84.16,88.86,84.16,87.11,2646200,77.36,73.46,73.72,12.6138,18.5922,18.1618,0.1796,0.7165,0.3183
GAS,2022-06-07,87.11,87.85,83.22,87.18,2035900,78.98,74.19,73.96,10.3846,17.5035,17.8732,0.3717,1.4501,0.3445
GAS,2022-06-08,87.18,88.46,86.04,86.44,1703300,80.35,74.87,74.21,7.578,15.4656,16.4913,-0.3822,-1.4566,0.3661
GAS,2022-06-09,86.44,87.32,85.3,85.57,1293800,81.7,75.6,74.44,4.7447,13.1858,14.9612,-0.3901,-1.5472,0.3959
GAS,2022-06-10,84.83,85.57,79.6,79.6,2455800,82.28,76.23,74.53,-3.2521,4.4251,6.8118,-0.5458,-1.9984,0.4484
GAS,2022-06-13,77.12,81.88,76.79,79.13,1737200,82.82,77.0,74.63,-4.4457,2.7695,6.0312,-0.0227,-0.0937,0.4236
GAS,2022-06-14,80.47,84.5,79.2,84.5,1357700,83.37,77.84,74.87,1.3514,8.5505,12.8608,0.4546,1.8181,0.3814
GAS,2022-06-15,83.16,85.91,81.01,83.16,2223400,83.57,78.48,75.06,-0.4975,5.9603,10.7855,-0.0705,-0.3368,0.3762
GAS,2022-06-16,83.9,88.46,82.35,85.84,2330800,84.18,79.22,75.27,1.9677,8.3506,14.0413,0.1011,0.4589,0.3636
GAS,2022-06-17,83.83,89.86,83.49,89.86,1558000,84.84,80.21,75.54,5.9205,12.0308,18.9694,0.3232,1.6115,0.2841
GAS,2022-06-20,87.85,88.52,83.63,83.63,1717900,84.49,80.92,75.68,-1.0239,3.3397,10.4968,-0.3347,-1.5972,0.2997
GAS,2022-06-21,83.16,85.37,77.79,80.14,2345500,83.79,81.38,75.77,-4.3541,-1.5286,5.7634,-0.2262,-1.0135,0.2851
GAS,2022-06-22,79.47,80.47,74.57,74.57,1887400,82.6,81.48,75.79,-9.7183,-8.4736,-1.5999,-0.4691,-1.9651,0.2938
GAS,2022-06-23,73.77,79.74,73.77,78.33,1113700,81.88,81.79,75.89,-4.3329,-4.227,3.2112,0.197,0.8314,0.2745
GAS,2022-06-24,78.33,78.93,76.32,76.45,806000,81.56,81.92,75.94,-6.2654,-6.6759,0.6676,-0.3291,-1.3609,0.2528
GAS,2022-06-27,77.12,78.93,76.45,76.72,903600,81.32,82.07,75.98,-5.6573,-6.5169,0.9709,-0.2451,-0.996,0.2751
GAS,2022-06-28,78.13,78.87,77.39,77.79,798300,80.65,82.01,75.99,-3.5423,-5.1435,2.3668,-0.1388,-0.5425,0.2435
GAS,2022-06-29,77.79,79.13,76.65,78.46,968700,80.18,81.88,76.02,-2.1412,-4.1691,3.2183,0.2566,0.9834,0.2621
GAS,2022-06-30,78.13,80.14,77.46,77.46,1008200,79.34,81.76,76.04,-2.3751,-5.2658,1.8662,-0.2579,-1.1653,0.2778
GAS,2022-07-01,76.99,77.66,73.77,75.78,974500,77.93,81.39,76.12,-2.7622,-6.8886,-0.4511,0.0102,0.0454,0.2465
GAS,2022-07-04,77.22,77.5,74.74,74.81,462800,77.05,80.77,76.21,-2.9065,-7.3783,-1.8364,-0.2327,-0.9432,0.2363
GAS,2022-07-05,75.09,76.33,70.27,70.95,1503400,76.13,79.96,76.12,-6.8021,-11.263,-6.7916,-0.3715,-1.4006,0.2508
GAS,2022-07-06,68.61,68.82,65.99,65.99,1689000,75.28,78.94,76.04,-12.3291,-16.3969,-13.214,-0.4726,-1.7301,0.2512
GAS,2022-07-07,64.82,66.48,63.79,64.82,628400,73.92,77.9,75.88,-12.3116,-16.7869,-14.5681,-0.0882,-0.2663,0.2403
GAS,2022-07-08,67.17,67.65,65.44,65.86,692300,72.87,77.21,75.71,-9.6185,-14.7079,-13.0095,-0.1666,-0.6267,0.224
GAS,2022-07-11,65.79,66.75,65.37,65.37,477100,71.73,76.53,75.57,-8.8613,-14.5713,-13.4899,-0.2085,-0.7547,0.2204
GAS,2022-07-12,65.58,68.2,65.58,68.2,779400,70.77,75.71,75.51,-3.635,-9.9212,-9.6834,0.2863,1.057,0.2351
GAS,2022-07-13,66.82,66.82,65.72,66.34,896400,69.56,74.87,75.39,-4.6294,-11.3937,-12.0046,0.0443,0.1772,0.2139
GAS,2022-07-14,66.82,68.34,66.82,68.06,697700,68.62,73.98,75.28,-0.8137,-8.0012,-9.593,0.153,0.5952,0.2034
GAS,2022-07-15,68.06,68.13,66.82,67.17,516900,67.76,72.85,75.15,-0.8743,-7.7973,-10.629,-0.0718,-0.2668,0.2095
GAS,2022-07-18,67.23,67.85,66.48,67.17,567900,66.99,72.02,75.09,0.2571,-6.7436,-10.5532,0.0,0.0,0.1863
GAS,2022-07-19,68.06,70.27,67.72,70.2,933900,66.92,71.53,75.05,4.9001,-1.8577,-6.4611,0.4505,1.77,0.1942
GAS,2022-07-20,71.3,71.71,70.27,70.95,894600,67.41,71.34,75.0,5.2524,-0.5466,-5.399,-0.0145,-0.0571,0.1484
GAS,2022-07-21,70.89,72.33,69.92,71.71,862900,68.1,71.01,75.02,5.3004,0.9838,-4.4115,0.1612,0.6482,0.1556
GAS,2022-07-22,71.64,75.71,71.64,74.26,1087700,68.94,70.9,75.17,7.7138,4.7345,-1.2036,0.1032,0.4215,0.1493
GAS,2022-07-25,74.05,75.43,71.92,72.13,543700,69.62,70.67,75.33,3.6018,2.0532,-4.2591,-0.2163,-0.8612,0.1501
GAS,2022-07-26,74.19,74.19,71.64,72.13,483400,70.01,70.39,75.42,3.0208,2.464,-4.3723,-0.1136,-0.4716,0.1328
GAS,2022-07-27,72.06,72.61,71.3,72.13,374600,70.59,70.07,75.46,2.1762,2.9273,-4.4157,0.0372,0.1522,0.1321
GAS,2022-07-28,73.71,75.57,72.68,73.23,508900,71.11,69.86,75.5,2.9839,4.8166,-3.0135,-0.0983,-0.3694,0.1267
GAS,2022-07-29,74.4,75.43,73.57,74.05,530100,71.8,69.78,75.58,3.1472,6.1309,-2.0217,-0.0859,-0.2981,0.1281
GAS,2022-08-01,74.05,75.43,73.57,74.33,424900,72.51,69.75,75.68,2.5081,6.5626,-1.785,-0.0165,-0.0641,0.1297
GAS,2022-08-02,74.05,74.67,72.81,74.54,444800,72.95,69.93,75.75,2.1815,6.5852,-1.6052,0.1194,0.485,0.0966
GAS,2022-08-03,74.61,77.84,74.4,77.15,583600,73.57,70.49,75.84,4.8787,9.4552,1.7307,0.0846,0.3554,0.1036
GAS,2022-08-04,76.81,77.09,74.74,75.09,769800,73.9,71.0,75.9,1.6033,5.7534,-1.0706,-0.1758,-0.6316,0.1051
GAS,2022-08-05,74.26,75.78,73.37,75.43,726100,74.02,71.48,75.93,1.9079,5.5269,-0.6604,0.1642,0.6375,0.1112
GAS,2022-08-08,75.16,77.15,74.4,76.47,350600,74.45,72.04,75.99,2.7017,6.149,0.6289,0.0553,0.2123,0.0951
GAS,2022-08-09,76.67,77.5,75.78,77.15,368600,74.96,72.48,75.95,2.9317,6.4436,1.583,0.081,0.3223,0.0918
GAS,2022-08-10,76.47,77.29,75.85,76.4,389600,75.38,72.99,75.86,1.3433,4.672,0.7113,-0.0303,-0.1206,0.0911
GAS,2022-08-11,77.15,78.46,76.67,77.84,846900,75.85,73.48,75.82,2.634,5.9441,2.6696,0.0578,0.244,0.0871
GAS,2022-08-12,77.84,79.84,77.84,78.81,363800,76.32,74.06,75.73,3.2584,6.4137,4.0647,-0.0038,-0.015,0.0789
GAS,2022-08-15,79.22,79.36,77.64,78.53,404300,76.74,74.63,75.56,2.3339,5.234,3.9364,0.0048,0.0191,0.0777
GAS,2022-08-16,77.84,78.53,77.15,78.19,326200,77.11,75.03,75.38,1.4027,4.2145,3.7275,0.0652,0.2438,0.0723
GAS,2022-08-17,78.53,79.15,76.81,77.43,879200,77.13,75.35,75.2,0.384,2.761,2.9685,-0.1106,-0.4199,0.0749
GAS,2022-08-18,77.84,81.22,77.09,78.33,987400,77.46,75.68,75.05,1.1206,3.4954,4.3605,-0.1481,-0.5439,0.0721
GAS,2022-08-19,79.15,81.29,78.81,79.63,536800,77.88,75.95,75.05,2.2556,4.8526,6.1035,-0.0742,-0.287,0.0631
GAS,2022-08-22,79.5,80.6,79.01,79.15,370200,78.15,76.3,75.05,1.287,3.7378,5.4605,-0.1008,-0.3976,0.0677
GAS,2022-08-23,79.57,80.81,79.57,80.6,446500,78.49,76.72,74.98,2.6856,5.0505,7.4997,0.0659,0.274,0.0662
GAS,2022-08-24,81.29,82.32,80.6,80.81,358100,78.93,77.16,74.93,2.3739,4.7275,7.843,-0.0997,-0.3664,0.0731
GAS,2022-08-25,81.22,81.98,80.25,80.25,424500,79.17,77.51,74.82,1.366,3.5417,7.2674,-0.1441,-0.5565,0.0817
GAS,2022-08-26,80.25,80.25,79.29,79.36,491500,79.23,77.77,74.61,0.1652,2.0372,6.3691,-0.1112,-0.4422,0.0925
GAS,2022-08-29,78.67,80.94,78.67,80.94,669800,79.47,78.11,74.55,1.8551,3.6338,8.5709,0.129,0.4835,0.1049
GAS,2022-08-30,81.01,82.67,80.6,81.91,725100,79.84,78.47,74.59,2.5884,4.3761,9.8125,0.0612,0.2383,0.1045
GAS,2022-08-31,81.15,81.98,80.53,80.67,429300,80.16,78.65,74.71,0.6273,2.5664,7.9736,-0.1396,-0.4948,0.1074
GAS,2022-09-05,80.12,80.94,79.7,80.19,325500,80.35,78.9,74.75,-0.2058,1.6239,7.2748,-0.0232,-0.094,0.0949
GAS,2022-09-06,80.94,81.15,80.19,80.25,247300,80.41,79.15,74.82,-0.197,1.4013,7.2578,-0.069,-0.2612,0.0944
GAS,2022-09-07,79.91,79.91,77.15,77.15,846100,80.21,79.18,74.83,-3.8131,-2.5579,3.1028,-0.1269,-0.477,0.097
GAS,2022-09-08,77.84,78.19,76.19,77.02,315200,79.85,79.17,74.82,-3.5542,-2.7234,2.9401,-0.0142,-0.0608,0.0918
GAS,2022-09-09,77.77,78.53,76.88,78.53,332700,79.63,79.28,74.82,-1.3756,-0.9428,4.9638,0.0804,0.3168,0.0899
GAS,2022-09-12,78.53,79.5,78.19,78.33,365447,79.43,79.3,74.84,-1.3962,-1.2335,4.6633,-0.1146,-0.4295,0.0869
GAS,2022-09-13,78.26,79.08,77.71,78.67,247690,79.37,79.3,74.89,-0.8767,-0.7905,5.0424,0.0511,0.1908,0.0809
GAS,2022-09-14,77.36,78.33,77.02,77.5,317925,79.02,79.25,74.95,-1.9266,-2.2037,3.4045,-0.021,-0.0842,0.0701
GAS,2022-09-15,78.53,78.67,76.6,77.02,566763,78.53,79.19,75.07,-1.9298,-2.7403,2.5952,-0.1448,-0.5071,0.0785
GAS,2022-09-16,76.47,77.84,76.12,76.47,499222,78.11,79.14,75.28,-2.1078,-3.3774,1.5777,-0.072,-0.2603,0.0717
GAS,2022-09-19,76.47,77.71,74.4,74.4,501580,77.53,78.94,75.47,-4.0426,-5.755,-1.4185,-0.1017,-0.4033,0.0796
GAS,2022-09-20,75.78,75.78,74.05,75.16,404167,77.02,78.72,75.66,-2.4238,-4.5244,-0.6592,0.0438,0.1709,0.077
GAS,2022-09-21,75.16,75.71,74.61,75.09,216921,76.82,78.52,75.85,-2.2509,-4.365,-1.0045,-0.0173,-0.0671,0.0661
GAS,2022-09-22,75.09,76.74,74.95,76.47,232592,76.76,78.31,76.02,-0.3859,-2.3532,0.5927,0.052,0.2052,0.0699
GAS,2022-09-23,76.74,78.88,76.47,77.5,362373,76.66,78.14,76.24,1.0963,-0.8243,1.6536,-0.0159,-0.0692,0.0634
GAS,2022-09-26,76.47,78.67,76.47,78.26,666967,76.65,78.04,76.44,2.094,0.2736,2.3737,0.0907,0.3681,0.061
GAS,2022-09-27,78.53,78.53,76.47,76.81,215515,76.47,77.92,76.64,0.4504,-1.419,0.2283,-0.0521,-0.219,0.0611
GAS,2022-09-28,75.78,77.29,71.64,71.64,663049,75.88,77.45,76.72,-5.5833,-7.498,-6.6226,-0.2162,-0.8423,0.0806
GAS,2022-09-29,73.37,74.19,72.33,72.33,307940,75.41,76.97,76.77,-4.0833,-6.0277,-5.7772,-0.0834,-0.3553,0.0745
GAS,2022-09-30,70.27,77.15,69.85,75.78,719355,75.34,76.73,76.86,0.576,-1.239,-1.4143,0.1102,0.4563,0.0783
GAS,2022-10-03,75.09,75.09,73.23,73.71,367621,75.27,76.4,76.9,-2.0774,-3.5254,-4.1528,-0.0398,-0.1792,0.0721
GAS,2022-10-04,73.78,75.09,71.3,73.02,260605,75.06,76.04,76.88,-2.7166,-3.9725,-5.0179,-0.007,-0.0333,0.0685
GAS,2022-10-05,73.09,75.02,73.09,73.71,402534,74.92,75.87,76.91,-1.6182,-2.8465,-4.1614,-0.0675,-0.3019,0.0735
GAS,2022-10-06,73.85,74.74,73.64,73.64,448077,74.64,75.7,76.94,-1.3383,-2.7209,-4.2887,-0.1093,-0.5209,0.0792
GAS,2022-10-07,73.64,73.64,70.27,70.27,334392,73.92,75.29,76.9,-4.9394,-6.6703,-8.6316,-0.0561,-0.2723,0.0832
GAS,2022-10-10,70.27,75.16,70.27,73.02,431117,73.39,75.02,76.9,-0.5069,-2.6675,-5.0434,0.0172,0.0771,0.0759
GAS,2022-10-11,73.02,75.16,72.33,73.09,508433,73.02,74.74,76.88,0.0943,-2.212,-4.93,-0.0478,-0.2534,0.0755
GAS,2022-10-12,72.4,74.26,72.4,73.71,169930,73.23,74.55,76.87,0.6585,-1.1319,-4.1081,0.0211,0.1045,0.0559
GAS,2022-10-13,72.95,74.54,72.4,74.4,544677,73.43,74.42,76.87,1.3133,-0.0324,-3.2085,0.2471,1.0488,0.0723
GAS,2022-10-14,74.47,75.91,74.4,75.64,388161,73.42,74.38,76.83,3.0212,1.6902,-1.5564,0.1025,0.4651,0.0715
GAS,2022-10-17,74.33,77.98,73.85,76.81,300499,73.73,74.5,76.87,4.1764,3.0975,-0.0771,0.0463,0.2143,0.0722
GAS,2022-10-18,77.98,77.98,76.47,76.47,448644,74.08,74.57,76.89,3.227,2.5451,-0.5519,-0.1444,-0.6971,0.0859
GAS,2022-10-19,76.53,77.84,74.4,75.16,423333,74.22,74.57,76.86,1.2623,0.7852,-2.2209,-0.1269,-0.5725,0.0919
GAS,2022-10-20,75.09,76.47,74.54,76.4,165429,74.5,74.57,76.85,2.5523,2.4528,-0.588,0.0797,0.3542,0.0889
GAS,2022-10-21,76.4,77.57,73.85,73.85,468482,74.85,74.39,76.8,-1.3436,-0.7224,-3.841,-0.0815,-0.4134,0.0914
GAS,2022-10-24,73.85,75.02,73.37,73.85,503749,74.94,74.16,76.72,-1.4525,-0.4273,-3.7408,-0.0455,-0.2568,0.0943
GAS,2022-10-25,73.85,75.09,72.75,73.85,367399,75.01,74.02,76.62,-1.552,-0.228,-3.6162,-0.0055,-0.0304,0.0901
GAS,2022-10-26,73.85,74.54,73.64,74.4,181943,75.08,74.15,76.54,-0.9083,0.3298,-2.792,0.0545,0.3314,0.0934
GAS,2022-10-27,75.02,76.6,73.78,75.78,468948,75.22,74.33,76.49,0.7418,1.951,-0.9295,0.0389,0.2151,0.0726
GAS,2022-10-28,75.85,76.47,75.09,75.09,194238,75.16,74.29,76.44,-0.1008,1.071,-1.7699,-0.0547,-0.2991,0.0678
GAS,2022-10-31,75.09,76.53,74.74,76.53,156474,75.14,74.43,76.4,1.8612,2.8228,0.1695,0.0404,0.2283,0.0672
GAS,2022-11-01,76.74,78.19,75.23,75.78,451807,75.07,74.57,76.33,0.9452,1.6166,-0.722,-0.093,-0.4871,0.0621
GAS,2022-11-02,76.19,78.19,74.88,75.78,584412,75.13,74.67,76.26,0.8619,1.476,-0.6341,-0.1015,-0.496,0.0595
GAS,2022-11-03,77.02,77.29,75.78,76.74,162655,75.16,74.83,76.18,2.0988,2.5547,0.7324,0.0228,0.122,0.0539
GAS,2022-11-04,76.74,77.15,74.47,76.47,329779,75.43,75.14,76.1,1.3791,1.7648,0.4852,0.0355,0.2126,0.0492
GAS,2022-11-07,76.81,78.19,76.81,77.77,405553,75.82,75.38,76.05,2.5804,3.1804,2.2719,0.0351,0.2291,0.0482
GAS,2022-11-08,78.46,79.22,77.77,78.81,382150,76.31,75.66,76.04,3.2677,4.1562,3.6457,0.0425,0.2589,0.0519
GAS,2022-11-09,78.88,80.94,78.81,80.19,405163,76.89,75.99,76.02,4.2824,5.5256,5.4787,0.0415,0.2642,0.0506
GAS,2022-11-10,79.29,80.46,75.78,78.12,276472,77.13,76.17,75.94,1.2862,2.5548,2.8627,0.0,0.0,0.0467
GAS,2022-11-11,78.26,80.25,78.26,78.46,170267,77.46,76.31,75.9,1.2895,2.8164,3.3763,-0.0297,-0.2022,0.0442
GAS,2022-11-14,78.33,79.91,76.33,78.39,350428,77.65,76.39,75.86,0.9581,2.6196,3.3343,0.0138,0.1036,0.0415
GAS,2022-11-15,78.39,78.88,75.09,76.81,421339,77.75,76.41,75.8,-1.2138,0.5229,1.3378,-0.0083,-0.0626,0.0331
GAS,2022-11-16,72.68,80.6,72.68,80.6,315032,78.24,76.68,75.86,3.0202,5.1071,6.24,0.0354,0.2509,0.0265
GAS,2022-11-17,79.63,82.67,79.63,82.46,442936,78.81,76.99,75.97,4.6329,7.1093,8.536,0.091,0.6392,0.0333
GAS,2022-11-18,82.05,82.25,77.15,78.74,398964,79.04,77.23,75.98,-0.3748,1.9534,3.634,-0.0247,-0.1817,0.0322
GAS,2022-11-21,78.74,78.88,76.12,76.67,172835,78.92,77.37,75.94,-2.8541,-0.9037,0.9579,-0.0309,-0.2027,0.0318
GAS,2022-11-22,76.53,79.15,75.16,75.23,314371,78.57,77.44,75.88,-4.2525,-2.8599,-0.8571,-0.0514,-0.2722,0.0327
GAS,2022-11-23,75.5,76.95,74.4,74.54,228301,78.0,77.45,75.82,-4.4423,-3.7581,-1.6882,-0.0526,-0.3672,0.0338
GAS,2022-11-24,75.09,75.09,72.33,72.88,475170,77.48,77.3,75.73,-5.9305,-5.7167,-3.7639,-0.0856,-0.503,0.0423
GAS,2022-11-25,73.71,74.05,71.64,72.19,399180,76.85,77.16,75.65,-6.0595,-6.4328,-4.5659,-0.042,-0.2583,0.0436
GAS,2022-11-28,72.19,77.22,71.64,77.22,370982,76.73,77.19,75.71,0.6374,0.0402,2.0055,0.0567,0.3261,0.0479
GAS,2022-11-29,77.15,78.46,75.02,77.15,405505,76.77,77.26,75.75,0.5025,-0.1382,1.8608,0.0116,0.068,0.0482
GAS,2022-11-30,77.15,77.15,75.78,75.91,283255,76.3,77.27,75.76,-0.5056,-1.7519,0.2019,-0.0439,-0.2323,0.049
GAS,2022-12-01,77.15,77.15,72.33,73.37,514796,75.39,77.1,75.7,-2.6864,-4.8427,-3.0831,-0.0352,-0.2042,0.0435
GAS,2022-12-02,73.37,77.84,73.37,76.6,572277,75.18,77.11,75.68,1.8968,-0.6522,1.2179,0.0278,0.1513,0.0438
GAS,2022-12-05,77.84,78.26,76.26,77.98,500992,75.31,77.12,75.68,3.5492,1.1211,3.0459,0.0551,0.2898,0.0462
GAS,2022-12-06,77.84,78.19,75.09,75.43,494660,75.33,76.95,75.65,0.1372,-1.9696,-0.2859,-0.0317,-0.1882,0.0442
GAS,2022-12-07,75.43,76.81,73.57,73.57,336963,75.23,76.62,75.69,-2.2068,-3.9741,-2.7942,-0.0672,-0.418,0.0457
GAS,2022-12-08,74.47,76.4,73.02,73.02,466069,75.25,76.36,75.7,-2.9571,-4.3753,-3.5399,-0.0836,-0.4503,0.0455
GAS,2022-12-09,74.33,74.74,73.02,73.02,374805,75.33,76.09,75.65,-3.0636,-4.0333,-3.4696,-0.0899,-0.4434,0.0503
GAS,2022-12-12,74.4,74.67,72.33,72.33,350416,74.84,75.79,75.62,-3.3505,-4.5585,-4.3454,-0.0483,-0.2785,0.0494
GAS,2022-12-13,73.64,74.05,72.4,72.75,401009,74.4,75.58,75.61,-2.2222,-3.755,-3.7918,-0.0378,-0.1972,0.0521
GAS,2022-12-14,73.43,74.4,73.37,74.05,277656,74.21,75.26,75.62,-0.2135,-1.5973,-2.0697,0.0211,0.1217,0.0498
GAS,2022-12-15,73.71,74.4,72.75,73.23,504872,74.2,74.8,75.61,-1.3091,-2.0953,-3.1523,-0.0604,-0.3051,0.0523
GAS,2022-12-16,73.23,74.33,72.88,73.3,256186,73.87,74.52,75.67,-0.774,-1.6454,-3.1389,-0.0233,-0.1139,0.0518
GAS,2022-12-19,73.02,73.57,72.47,72.47,449723,73.32,74.31,75.66,-1.1557,-2.4797,-4.2174,-0.0618,-0.3325,0.0525
GAS,2022-12-20,72.33,72.68,71.37,72.19,218729,72.99,74.16,75.64,-1.0948,-2.652,-4.559,0.0096,0.0532,0.0503
GAS,2022-12-21,73.02,73.02,71.3,71.3,198649,72.77,74.0,75.59,-2.0165,-3.6492,-5.6827,-0.0525,-0.2844,0.0488
GAS,2022-12-22,72.33,72.33,69.71,69.71,254043,72.44,73.84,75.5,-3.7565,-5.5882,-7.6642,-0.1108,-0.5479,0.0516
GAS,2022-12-23,70.61,71.51,69.92,69.92,261584,72.13,73.73,75.39,-3.0564,-5.1623,-7.25,-0.1175,-0.6048,0.0543
GAS,2022-12-26,70.33,72.06,70.33,70.68,332806,71.96,73.4,75.26,-1.7806,-3.7072,-6.0921,-0.0363,-0.2155,0.0531
GAS,2022-12-27,71.57,71.64,70.13,71.02,154907,71.79,73.09,75.16,-1.0652,-2.8321,-5.4978,0.0064,0.0365,0.05
GAS,2022-12-28,71.37,71.64,70.4,70.95,222008,71.48,72.85,75.07,-0.7325,-2.5959,-5.4838,-0.0127,-0.0623,0.0491
GAS,2022-12-29,71.57,71.57,70.68,70.68,97877,71.22,72.71,74.96,-0.7641,-2.7949,-5.7072,-0.0409,-0.2154,0.0472
GAS,2022-12-30,70.68,70.82,69.92,69.92,141536,70.89,72.38,74.88,-1.3605,-3.3931,-6.6203,-0.0632,-0.3228,0.0512
GAS,2023-01-03,70.27,72.33,70.2,72.33,288001,70.87,72.09,74.85,2.0607,0.3297,-3.3612,0.0601,0.3275,0.051
GAS,2023-01-04,72.68,72.68,71.64,72.33,225395,70.89,71.94,74.82,2.0408,0.5458,-3.322,0.0206,0.1153,0.0521
GAS,2023-01-05,72.33,73.5,71.99,73.43,270319,71.1,71.93,74.8,3.2846,2.0877,-1.8235,0.0865,0.4383,0.0555
GAS,2023-01-06,73.37,73.64,72.06,72.13,139113,71.34,71.89,74.73,1.1008,0.3306,-3.4792,-0.0327,-0.1788,0.0477
GAS,2023-01-09,72.54,72.75,71.64,71.99,153714,71.55,71.84,74.66,0.6162,0.211,-3.5836,-0.0228,-0.1245,0.0382
GAS,2023-01-10,71.99,72.06,71.02,72.06,256557,71.68,71.82,74.57,0.5189,0.3261,-3.3754,0.1305,0.6711,0.0476
GAS,2023-01-11,72.26,72.61,71.71,71.78,108289,71.76,71.77,74.49,0.0288,0.0096,-3.6416,-0.0327,-0.1676,0.0503
GAS,2023-01-12,71.78,72.47,71.78,72.33,236970,71.9,71.69,74.43,0.6036,0.8985,-2.812,0.064,0.3249,0.0554
GAS,2023-01-13,72.06,72.68,71.92,71.99,193206,72.03,71.63,74.33,-0.0574,0.5049,-3.1511,-0.0553,-0.2999,0.0569
GAS,2023-01-16,72.19,72.19,70.95,70.95,245082,72.13,71.51,74.22,-1.6331,-0.7755,-4.3995,-0.1166,-0.5883,0.0622
GAS,2023-01-17,70.95,72.13,70.61,71.78,290557,72.08,71.47,74.1,-0.411,0.4289,-3.1292,0.0323,0.164,0.0594
GAS,2023-01-18,72.26,72.81,71.78,71.85,152009,72.03,71.46,73.96,-0.2487,0.5495,-2.8538,-0.0432,-0.2232,0.0617
GAS,2023-01-19,72.13,72.26,71.3,71.99,249968,71.88,71.49,73.8,0.1437,0.6938,-2.4513,0.0338,0.17,0.0564
GAS,2023-01-27,72.4,75.91,72.4,74.54,535858,72.13,71.73,73.73,3.3429,3.9086,1.1007,0.0325,0.1632,0.0564
GAS,2023-01-30,75.09,75.16,73.43,73.43,267740,72.27,71.91,73.62,1.6109,2.122,-0.2582,-0.0604,-0.3248,0.0601
GAS,2023-01-31,73.43,74.05,72.75,73.23,283944,72.39,72.04,73.52,1.161,1.6544,-0.3992,-0.0136,-0.0669,0.0484
GAS,2023-02-01,73.64,76.19,73.02,73.43,733142,72.55,72.16,73.45,1.2153,1.771,-0.0263,-0.0637,-0.3459,0.0515
GAS,2023-02-02,73.71,74.4,73.3,73.71,294056,72.69,72.29,73.32,1.4026,1.9582,0.5375,-0.0234,-0.1246,0.0475
GAS,2023-02-03,73.57,73.71,72.47,72.47,259121,72.74,72.38,73.12,-0.3694,0.119,-0.8838,-0.0895,-0.3923,0.0509
GAS,2023-02-06,72.47,73.71,71.78,73.02,242382,72.95,72.54,73.0,0.1039,0.6648,0.0264,0.026,0.1239,0.0418
GAS,2023-02-07,73.5,74.26,72.33,73.23,287622,73.09,72.58,72.93,0.1885,0.8874,0.4043,-0.0044,-0.0238,0.039
GAS,2023-02-08,73.23,74.4,73.16,73.92,273595,73.3,72.66,72.91,0.8459,1.7254,1.3852,0.0269,0.1221,0.0374
GAS,2023-02-09,74.33,74.95,73.92,74.47,314948,73.54,72.71,72.91,1.2551,2.4111,2.143,0.0078,0.0387,0.0348
GAS,2023-02-10,74.47,74.47,73.09,73.09,202618,73.4,72.76,72.91,-0.4223,0.4497,0.2476,-0.0723,-0.3952,0.0388
GAS,2023-02-13,73.09,74.26,72.54,72.95,201702,73.35,72.81,72.92,-0.5447,0.194,0.0378,-0.0263,-0.1579,0.0354
GAS,2023-02-14,73.23,73.71,72.75,72.75,108393,73.3,72.85,72.84,-0.7612,-0.1371,-0.123,-0.064,-0.3492,0.0404
GAS,2023-02-15,73.02,74.05,72.81,73.78,181832,73.34,72.95,72.77,0.6012,1.1427,1.3897,0.0357,0.1896,0.0376
GAS,2023-02-16,73.3,75.02,73.3,74.33,261175,73.4,73.05,72.74,1.267,1.7589,2.1916,0.0172,0.0917,0.037
GAS,2023-02-17,74.05,74.33,73.5,73.85,186611,73.54,73.14,72.75,0.4215,0.9701,1.5151,-0.0138,-0.0734,0.0294
GAS,2023-02-20,73.92,75.09,73.92,75.09,200451,73.74,73.34,72.72,1.8216,2.3763,3.2627,0.0332,0.18,0.0302
GAS,2023-02-21,74.74,75.43,74.61,74.61,216401,73.88,73.49,72.65,0.979,1.5233,2.6949,-0.043,-0.2399,0.034
GAS,2023-02-22,74.05,75.78,73.64,73.71,240858,73.86,73.58,72.61,-0.2052,0.1779,1.5103,-0.0317,-0.1811,0.0345
GAS,2023-02-23,74.12,74.12,72.19,72.88,174978,73.7,73.62,72.6,-1.1123,-1.0059,0.3909,-0.0097,-0.053,0.0347
GAS,2023-02-24,73.02,74.05,72.33,73.37,127537,73.73,73.57,72.61,-0.4952,-0.2716,1.0456,0.0082,0.049,0.0283
GAS,2023-02-27,73.37,73.37,70.95,71.64,245564,73.6,73.48,72.58,-2.6582,-2.4939,-1.2889,-0.0288,-0.1632,0.0285
GAS,2023-02-28,72.33,72.61,71.23,71.3,73808,73.46,73.38,72.56,-2.9354,-2.8351,-1.7355,-0.0293,-0.1925,0.0251
GAS,2023-03-01,71.09,72.95,71.09,72.4,113040,73.32,73.33,72.55,-1.2496,-1.2636,-0.207,0.0107,0.0597,0.0226
GAS,2023-03-02,72.33,72.88,72.06,72.33,115151,73.12,73.26,72.52,-1.0741,-1.2648,-0.2546,-0.0208,-0.1167,0.0229
GAS,2023-03-03,72.95,72.95,70.82,71.99,184697,72.93,73.23,72.49,-1.294,-1.7026,-0.6956,0.0055,0.031,0.0221
GAS,2023-03-06,72.33,72.68,71.37,71.44,92025,72.57,73.16,72.45,-1.5569,-2.3494,-1.4052,-0.0308,-0.1678,0.0218
GAS,2023-03-07,72.26,72.68,71.57,71.99,203826,72.3,73.09,72.45,-0.4383,-1.5127,-0.6314,-0.0218,-0.1167,0.0197
GAS,2023-03-08,71.51,72.95,71.44,72.95,147912,72.23,73.05,72.46,1.0014,-0.1273,0.6788,0.0339,0.1771,0.0199
GAS,2023-03-09,72.54,74.33,72.54,73.57,190929,72.3,73.0,72.51,1.7627,0.7832,1.4708,0.009,0.0476,0.0199
GAS,2023-03-10,73.23,73.92,72.68,73.71,229702,72.33,73.03,72.59,1.9048,0.9291,1.5489,0.0598,0.303,0.025
GAS,2023-03-13,73.71,74.74,72.95,74.47,347167,72.61,73.11,72.68,2.5519,1.861,2.4644,0.0787,0.4075,0.03
GAS,2023-03-14,73.23,74.4,72.68,74.19,185231,72.9,73.18,72.75,1.767,1.3838,1.9867,0.0375,0.2158,0.0309
GAS,2023-03-15,74.19,74.4,73.43,73.71,196394,73.03,73.18,72.8,0.9244,0.7296,1.2491,-0.019,-0.1071,0.0317
GAS,2023-03-16,73.71,73.71,71.78,72.06,277848,73.01,73.06,72.82,-1.3021,-1.3766,-1.0519,-0.0768,-0.4189,0.0373
GAS,2023-03-17,72.54,73.16,71.44,71.44,226885,72.95,72.94,72.84,-2.0774,-2.0636,-1.9237,-0.0752,-0.3335,0.0443
GAS,2023-03-20,71.64,72.06,70.89,70.95,189661,72.9,72.74,72.86,-2.6741,-2.4483,-2.6134,-0.0407,-0.2151,0.0452
GAS,2023-03-21,71.09,71.64,70.68,71.09,112167,72.81,72.56,72.83,-2.3652,-2.0222,-2.391,-0.0063,-0.0304,0.0437
GAS,2023-03-22,71.64,71.64,70.75,70.89,126378,72.61,72.42,72.8,-2.3719,-2.1165,-2.6361,-0.0362,-0.1624,0.0439
GAS,2023-03-23,70.61,70.95,70.27,70.61,146774,72.31,72.3,72.75,-2.3531,-2.3438,-2.9393,-0.0,-0.0,0.043
GAS,2023-03-24,70.68,71.37,70.33,70.54,251706,71.99,72.16,72.72,-2.0189,-2.2481,-2.9917,-0.0595,-0.2936,0.043
GAS,2023-03-27,70.61,71.02,70.27,70.27,102356,71.57,72.09,72.68,-1.8287,-2.5369,-3.3249,-0.0362,-0.1925,0.0387
GAS,2023-03-28,70.54,71.71,70.54,71.44,270856,71.3,72.1,72.67,0.1932,-0.922,-1.6968,0.0328,0.1808,0.0383
GAS,2023-03-29,71.44,71.44,70.68,70.82,99384,71.01,72.02,72.65,-0.2716,-1.6738,-2.5241,-0.0304,-0.1444,0.0394
GAS,2023-03-30,70.95,71.57,70.54,70.54,139070,70.86,71.93,72.61,-0.4472,-1.9345,-2.8555,-0.0352,-0.1932,0.0353
GAS,2023-03-31,70.54,71.09,70.13,70.27,247273,70.74,71.85,72.58,-0.6719,-2.2005,-3.1891,-0.0562,-0.2641,0.0334
GAS,2023-04-03,71.37,71.51,70.27,70.61,322416,70.71,71.81,72.57,-0.1364,-1.6645,-2.7053,-0.0268,-0.1567,0.032
GAS,2023-04-04,71.3,71.3,70.13,70.2,565204,70.62,71.72,72.54,-0.5951,-2.1181,-3.2326,-0.1061,-0.5579,0.0419
GAS,2023-04-05,70.89,70.89,70.13,70.2,218046,70.55,71.58,72.51,-0.498,-1.9297,-3.1884,-0.0414,-0.2284,0.0425
GAS,2023-04-06,70.75,70.75,69.85,69.92,307226,70.48,71.4,72.47,-0.7917,-2.0648,-3.5134,-0.0333,-0.1841,0.0458
GAS,2023-04-07,69.85,70.2,69.58,69.71,145398,70.4,71.2,72.37,-0.9688,-2.0803,-3.6704,-0.019,-0.1048,0.0417
GAS,2023-04-10,69.65,70.06,68.54,68.54,468327,70.22,70.9,72.27,-2.3936,-3.323,-5.1604,-0.0761,-0.4096,0.0457
GAS,2023-04-11,68.54,69.16,68.54,68.82,240208,69.96,70.63,72.18,-1.6345,-2.5651,-4.6628,-0.0049,-0.0259,0.0429
GAS,2023-04-12,68.89,69.65,68.61,68.75,280644,69.76,70.38,72.09,-1.4418,-2.3197,-4.6345,-0.056,-0.2789,0.0455
GAS,2023-04-13,69.51,69.51,68.68,68.89,181526,69.59,70.22,71.99,-1.0097,-1.9031,-4.3154,-0.0219,-0.1121,0.0442
GAS,2023-04-14,69.37,69.37,67.58,67.58,281935,69.32,70.03,71.9,-2.5142,-3.5019,-6.0057,-0.0413,-0.2192,0.0427
GAS,2023-04-17,67.65,67.92,66.89,66.96,238658,68.96,69.83,71.78,-2.8971,-4.1136,-6.7107,-0.0885,-0.4452,0.0488
GAS,2023-04-18,67.17,67.37,66.61,66.68,220538,68.61,69.61,71.64,-2.8015,-4.2058,-6.9249,-0.0516,-0.2611,0.0434
GAS,2023-04-19,67.17,67.37,65.51,65.86,334988,68.17,69.36,71.48,-3.3953,-5.0504,-7.8714,-0.0513,-0.2533,0.0444
GAS,2023-04-20,66.13,67.17,65.86,66.13,281528,67.79,69.14,71.32,-2.4489,-4.3444,-7.2697,-0.0917,-0.443,0.0502
GAS,2023-04-21,66.68,66.68,65.58,65.72,415420,67.39,68.89,71.17,-2.4839,-4.6095,-7.6584,-0.0989,-0.4764,0.0582
GAS,2023-04-24,65.79,65.93,64.13,64.13,564516,66.95,68.59,70.99,-4.2083,-6.4933,-9.6608,-0.212,-1.0764,0.0718
GAS,2023-04-25,64.75,64.75,63.38,63.38,322355,66.41,68.19,70.81,-4.5643,-7.0519,-10.4919,-0.0913,-0.4514,0.0804
GAS,2023-04-26,63.1,64.89,63.1,64.34,336828,65.97,67.86,70.62,-2.4645,-5.1873,-8.8869,0.0369,0.1661,0.0785
GAS,2023-04-27,64.48,64.89,63.51,63.51,299274,65.43,67.51,70.4,-2.9269,-5.9184,-9.7812,-0.1205,-0.5489,0.0884
GAS,2023-04-28,64.27,64.27,63.58,63.93,161489,65.06,67.19,70.2,-1.747,-4.8595,-8.9375,-0.0,-0.0,0.0843
GAS,2023-05-04,63.45,63.93,63.1,63.38,204349,64.71,66.83,69.97,-2.0547,-5.1693,-9.4203,-0.0195,-0.0934,0.0774
GAS,2023-05-05,63.38,63.65,63.1,63.31,168024,64.37,66.49,69.74,-1.6481,-4.7816,-9.2256,-0.0164,-0.0803,0.0738
GAS,2023-05-08,63.51,64.13,63.51,64.13,263795,64.2,66.18,69.55,-0.0966,-3.0965,-7.7871,0.0625,0.326,0.075
GAS,2023-05-09,64.41,65.24,64.41,64.82,276864,64.07,65.93,69.39,1.1828,-1.677,-6.5801,-0.0,-0.0,0.0658
GAS,2023-05-10,65.17,65.17,63.93,64.2,247894,63.91,65.65,69.21,0.4527,-2.2087,-7.2286,-0.0378,-0.1857,0.0597
GAS,2023-05-11,64.41,64.62,63.51,63.51,407444,63.85,65.4,69.04,-0.5286,-2.886,-8.0079,-0.1072,-0.5052,0.0492
GAS,2023-05-12,63.38,63.93,63.38,63.72,263647,63.89,65.15,68.89,-0.2588,-2.1888,-7.5055,0.0138,0.066,0.0415
GAS,2023-05-15,64.07,64.69,63.51,63.51,396381,63.8,64.89,68.71,-0.4535,-2.1128,-7.5671,-0.0614,-0.2968,0.0439
GAS,2023-05-16,64.07,64.2,63.51,63.65,253223,63.82,64.62,68.54,-0.2591,-1.503,-7.1319,-0.047,-0.2056,0.0366
GAS,2023-05-17,63.72,64.07,63.24,63.31,291065,63.76,64.41,68.37,-0.7023,-1.7112,-7.3999,-0.0392,-0.1912,0.0405
GAS,2023-05-18,63.38,64.41,63.24,64.07,503082,63.82,64.27,68.22,0.3778,-0.3109,-6.0891,0.063,0.3031,0.0448
GAS,2023-05-19,64.2,65.79,64.13,65.37,862162,64.03,64.2,68.09,2.0979,1.8295,-3.9843,0.1214,0.5389,0.0553
GAS,2023-05-22,65.79,65.86,64.75,65.24,359492,64.14,64.17,67.93,1.7077,1.664,-3.969,-0.0122,-0.0574,0.0503
GAS,2023-05-23,65.37,65.37,64.13,64.2,435649,64.08,64.07,67.75,0.1935,0.2043,-5.2287,-0.1171,-0.5073,0.062
GAS,2023-05-24,64.55,64.55,63.72,63.72,414116,64.03,63.97,67.55,-0.4841,-0.393,-5.6623,-0.0934,-0.3953,0.0676
GAS,2023-05-25,64.07,65.31,63.72,65.24,611656,64.2,64.03,67.36,1.6094,1.8882,-3.1539,0.1608,0.7117,0.0729
GAS,2023-05-26,65.72,65.72,64.41,64.55,429032,64.29,64.09,67.17,0.4072,0.7202,-3.9014,-0.1147,-0.5534,0.083
GAS,2023-05-29,64.75,65.03,64.41,64.62,416082,64.4,64.1,66.99,0.3423,0.806,-3.5376,-0.0289,-0.1347,0.0798
GAS,2023-05-30,64.62,64.75,63.93,64.0,586864,64.43,64.12,66.83,-0.6736,-0.1987,-4.2327,-0.1262,-0.5435,0.0877
GAS,2023-05-31,63.93,64.2,63.93,63.93,405559,64.49,64.12,66.68,-0.8759,-0.3062,-4.1203,-0.1003,-0.4548,0.0938
GAS,2023-06-01,64.41,64.41,63.38,63.38,548283,64.42,64.12,66.52,-1.6253,-1.1656,-4.7303,-0.1146,-0.5205,0.099
GAS,2023-06-02,63.58,63.93,63.38,63.38,575070,64.22,64.13,66.37,-1.3193,-1.1709,-4.5088,-0.1254,-0.5397,0.0994
GAS,2023-06-05,63.79,64.75,63.79,64.75,521886,64.18,64.16,66.25,0.9017,0.9288,-2.2523,0.0878,0.3795,0.1069
GAS,2023-06-06,65.1,65.99,64.96,65.51,838254,64.31,64.19,66.14,1.8747,2.055,-0.9561,0.0098,0.0445,0.0962
GAS,2023-06-07,65.58,65.79,64.62,65.1,707326,64.44,64.24,66.04,1.0155,1.3405,-1.4187,-0.0258,-0.1094,0.0894
GAS,2023-06-08,65.44,65.58,64.27,64.48,632360,64.37,64.29,65.92,0.1712,0.3,-2.1862,-0.0412,-0.1805,0.0775
GAS,2023-06-09,64.48,64.82,64.2,64.55,289060,64.37,64.33,65.78,0.2782,0.3427,-1.8766,0.0057,0.0227,0.0666
GAS,2023-06-12,65.03,65.03,64.0,64.69,490703,64.38,64.39,65.66,0.4815,0.4654,-1.4835,0.0444,0.1587,0.0681
GAS,2023-06-13,64.96,65.03,64.48,64.75,582255,64.45,64.44,65.54,0.4703,0.4864,-1.2045,0.0,0.0,0.0555
GAS,2023-06-14,64.82,65.93,64.82,65.17,760536,64.58,64.53,65.44,0.9174,0.9821,-0.419,-0.0398,-0.1729,0.0495
GAS,2023-06-15,65.37,67.37,65.24,66.55,1300142,64.89,64.66,65.36,2.5478,2.9192,1.8128,0.0852,0.3554,0.0465
GAS,2023-06-16,66.96,67.1,65.79,65.79,590070,65.13,64.68,65.27,1.0048,1.7148,0.7894,-0.0777,-0.3324,0.0417
GAS,2023-06-19,65.93,66.75,65.58,65.58,638667,65.22,64.7,65.18,0.5598,1.3683,0.6151,-0.1395,-0.6499,0.0469
GAS,2023-06-20,65.58,66.48,65.31,66.48,508385,65.31,64.81,65.11,1.7825,2.5723,2.0969,0.099,0.4104,0.0558
GAS,2023-06-21,66.48,66.48,65.65,65.99,483724,65.4,64.92,65.04,0.9058,1.65,1.4723,-0.0182,-0.0703,0.0551
GAS,2023-06-22,65.99,66.48,65.79,65.86,813212,65.54,64.95,64.98,0.4835,1.3893,1.3442,-0.1464,-0.6017,0.0656
GAS,2023-06-23,66.34,66.34,65.44,65.58,628737,65.64,65.01,64.92,-0.0944,0.8849,1.0208,-0.1085,-0.4027,0.0759
GAS,2023-06-26,65.58,66.34,65.51,66.13,942884,65.79,65.08,64.87,0.5236,1.6142,1.9519,0.1014,0.3823,0.0816
GAS,2023-06-27,66.61,66.82,66.13,66.34,510946,65.95,65.2,64.82,0.5954,1.7486,2.351,-0.0644,-0.2486,0.088
GAS,2023-06-28,66.75,66.75,65.72,65.72,763309,66.0,65.29,64.78,-0.4279,0.6595,1.4527,-0.1666,-0.6722,0.1007
GAS,2023-06-29,65.79,65.99,65.17,65.17,710475,65.86,65.38,64.74,-1.0564,-0.3214,0.6576,-0.0972,-0.3933,0.1019
GAS,2023-06-30,65.17,65.44,64.07,64.07,681696,65.69,65.41,64.69,-2.4748,-2.0589,-0.9648,-0.2209,-0.8612,0.1162
GAS,2023-07-03,64.62,65.1,64.48,64.75,381177,65.61,65.41,64.67,-1.302,-1.0057,0.1342,-0.0152,-0.0606,0.1038
GAS,2023-07-04,65.03,65.72,64.82,65.51,498643,65.51,65.41,64.66,-0.0,0.1527,1.3254,0.0523,0.2024,0.0991
GAS,2023-07-05,65.65,65.65,64.96,64.96,410710,65.41,65.41,64.64,-0.6846,-0.6793,0.4966,-0.0865,-0.3379,0.1059
GAS,2023-07-06,65.44,66.48,65.24,65.58,1374718,65.38,65.46,64.67,0.3056,0.1842,1.4104,-0.126,-0.4841,0.1039
GAS,2023-07-07,65.93,66.55,65.65,66.13,672841,65.44,65.54,64.72,1.0633,0.9039,2.1755,0.0101,0.0395,0.094
GAS,2023-07-10,66.48,67.23,66.41,67.17,1126437,65.54,65.66,64.78,2.4806,2.287,3.6815,0.2018,0.7963,0.1041
GAS,2023-07-11,67.37,67.51,66.82,66.96,720211,65.6,65.77,64.85,2.0687,1.8014,3.2527,-0.088,-0.3666,0.1064
GAS,2023-07-12,67.23,67.23,66.27,66.48,568943,65.68,65.84,64.9,1.2167,0.9678,2.4286,-0.0887,-0.3419,0.0987
GAS,2023-07-13,66.82,68.61,66.55,68.41,1368903,66.0,65.93,65.0,3.6426,3.7509,5.2375,0.2491,0.941,0.1138
GAS,2023-07-14,68.54,69.23,67.85,68.2,695602,66.41,66.05,65.1,2.6864,3.2487,4.7619,-0.0871,-0.3405,0.1005
GAS,2023-07-17,68.27,68.34,67.58,68.2,514519,66.76,66.18,65.18,2.1566,3.0445,4.6313,0.0832,0.2988,0.1073
GAS,2023-07-18,68.2,69.16,67.85,68.75,742811,67.08,66.3,65.26,2.4851,3.6991,5.3498,0.0668,0.2713,0.1087
GAS,2023-07-19,69.09,69.09,68.13,68.13,526260,67.4,66.4,65.34,1.0834,2.5987,4.2743,-0.0867,-0.3863,0.1088
GAS,2023-07-20,67.99,68.34,67.17,67.99,562961,67.64,66.51,65.43,0.5194,2.2268,3.921,0.052,0.2007,0.1013
GAS,2023-07-21,67.99,68.47,67.58,68.47,533046,67.88,66.66,65.52,0.883,2.7284,4.5062,0.0883,0.3258,0.1092
GAS,2023-07-24,68.68,68.82,67.79,67.85,539460,67.94,66.74,65.61,-0.1318,1.6669,3.4229,-0.0838,-0.3578,0.0974
GAS,2023-07-25,68.06,68.61,67.85,68.06,413752,68.05,66.83,65.7,0.0101,1.8452,3.5987,-0.0398,-0.162,0.0925
GAS,2023-07-26,68.06,68.06,67.65,67.65,390890,68.17,66.92,65.78,-0.768,1.0808,2.8337,-0.087,-0.3234,0.0924
GAS,2023-07-27,67.85,68.06,67.58,67.65,468538,68.1,67.05,65.86,-0.6576,0.8939,2.7218,-0.0682,-0.2713,0.0743
GAS,2023-07-28,67.51,68.61,67.51,68.54,537952,68.13,67.27,65.92,0.6067,1.8893,3.9816,0.0835,0.3314,0.0739
GAS,2023-07-31,68.96,70.68,68.96,69.99,1191248,68.31,67.53,66.01,2.4607,3.6365,6.0233,0.0354,0.1368,0.0691
GAS,2023-08-01,70.47,70.47,69.37,69.37,609783,68.37,67.73,66.12,1.461,2.4259,4.9199,-0.066,-0.2548,0.0691
GAS,2023-08-02,69.58,69.99,68.82,69.16,331000,68.47,67.94,66.23,1.006,1.8049,4.4354,-0.0293,-0.118,0.0633
GAS,2023-08-03,69.16,69.23,68.61,68.61,451419,68.54,68.09,66.29,0.1106,0.7689,3.4977,-0.0882,-0.3221,0.0669
GAS,2023-08-04,68.61,69.51,68.47,69.09,545129,68.6,68.24,66.38,0.723,1.2569,4.0824,0.0147,0.0589,0.0596
GAS,2023-08-07,69.78,69.78,68.82,69.51,351763,68.76,68.35,66.48,1.0819,1.6881,4.5509,0.0298,0.1151,0.0542
GAS,2023-08-08,69.51,69.85,69.3,69.71,530327,68.93,68.49,66.6,1.1393,1.7853,4.6817,0.0364,0.1522,0.0538
GAS,2023-08-09,69.85,69.85,69.3,69.58,371966,69.12,68.65,66.71,0.6578,1.3547,4.2979,-0.0,-0.0,0.0451
GAS,2023-08-10,70.2,71.44,69.92,70.27,772698,69.38,68.74,66.85,1.2708,2.2198,5.1135,-0.0658,-0.2542,0.0449
GAS,2023-08-11,70.13,70.27,69.37,69.92,344654,69.52,68.83,66.98,0.5747,1.5914,4.3938,0.0134,0.0474,0.0379
GAS,2023-08-14,69.99,70.2,69.23,69.3,549889,69.45,68.88,67.07,-0.2182,0.6101,3.3279,-0.0869,-0.3247,0.043
GAS,2023-08-15,69.37,69.37,68.96,69.16,326750,69.43,68.9,67.14,-0.3869,0.3799,3.0103,-0.0,-0.0,0.0364
GAS,2023-08-16,69.16,69.85,68.89,69.03,403732,69.42,68.95,67.22,-0.5656,0.1149,2.685,-0.0574,-0.1976,0.0392
GAS,2023-08-17,68.89,69.58,68.61,68.89,416997,69.45,68.99,67.31,-0.8035,-0.1498,2.3458,-0.0238,-0.0901,0.0328
GAS,2023-08-18,68.82,68.82,67.23,67.23,905677,69.26,68.93,67.36,-2.9242,-2.4585,-0.1902,-0.0597,-0.2389,0.0373
GAS,2023-08-21,67.92,68.47,67.58,68.27,452171,69.14,68.95,67.43,-1.2555,-0.9891,1.2361,0.0593,0.2312,0.0403
GAS,2023-08-22,68.54,69.58,68.2,69.09,599046,69.07,69.0,67.52,0.0299,0.1348,2.3302,0.025,0.0972,0.0391
GAS,2023-08-23,69.09,70.33,69.09,70.2,725113,69.14,69.13,67.62,1.5345,1.5446,3.808,0.1238,0.4516,0.0515
GAS,2023-08-24,70.61,70.61,70.2,70.54,553934,69.16,69.27,67.7,1.992,1.8298,4.1942,0.0597,0.2268,0.0509
GAS,2023-08-25,70.54,70.54,69.58,69.85,540071,69.16,69.34,67.78,1.0061,0.7401,3.053,-0.05,-0.1776,0.0546
GAS,2023-08-28,70.47,71.51,70.13,71.09,688253,69.34,69.39,67.89,2.5335,2.447,4.712,0.0573,0.2037,0.0516
GAS,2023-08-29,72.09,72.09,70.95,71.31,543718,69.55,69.49,67.99,2.527,2.6141,4.88,-0.0495,-0.1724,0.0566
GAS,2023-08-30,71.38,71.38,70.52,70.88,426838,69.74,69.58,68.09,1.6404,1.872,4.1005,-0.0151,-0.0543,0.0523
GAS,2023-08-31,70.88,71.02,70.38,70.38,574050,69.88,69.67,68.18,0.7084,1.0255,3.2295,-0.1104,-0.3656,0.061
GAS,2023-09-05,71.52,71.52,70.45,71.09,420968,70.27,69.77,68.29,1.1712,1.904,4.1081,0.0193,0.0696,0.057
GAS,2023-09-06,71.31,72.66,71.16,72.45,548490,70.69,69.91,68.41,2.4912,3.6294,5.8982,0.0562,0.2033,0.0566
GAS,2023-09-07,72.38,73.66,71.81,73.45,912452,71.12,70.1,68.56,3.2687,4.7789,7.1361,0.1269,0.4646,0.0668
GAS,2023-09-08,73.45,73.73,72.95,72.95,549487,71.4,70.27,68.7,2.1708,3.8164,6.1833,-0.0997,-0.3602,0.0644
GAS,2023-09-11,73.88,73.88,72.16,72.38,372055,71.58,70.37,68.85,1.1109,2.8492,5.1315,-0.0253,-0.0972,0.061
GAS,2023-09-12,72.95,73.95,72.16,73.31,589269,71.93,70.54,69.03,1.9154,3.9178,6.1943,0.0202,0.0729,0.058
GAS,2023-09-13,73.59,75.88,73.31,75.38,1297241,72.36,70.85,69.24,4.1728,6.3941,8.8579,0.1344,0.4939,0.0657
GAS,2023-09-14,75.38,77.02,74.59,75.66,553353,72.79,71.17,69.45,3.942,6.3095,8.9509,-0.0093,-0.0361,0.0617
GAS,2023-09-15,76.38,78.3,75.73,78.23,794027,73.53,71.63,69.71,6.3974,9.2137,12.2222,0.1953,0.7256,0.0797
GAS,2023-09-18,78.45,79.87,77.09,77.8,470615,74.27,72.08,69.96,4.7573,7.9441,11.2179,-0.0584,-0.2368,0.0745
GAS,2023-09-19,77.8,79.23,76.8,78.52,404882,75.01,72.64,70.2,4.6722,8.0884,11.8422,0.0326,0.1176,0.0758
GAS,2023-09-20,78.52,78.52,77.37,77.8,428934,75.55,73.12,70.42,2.9856,6.4074,10.4907,-0.0212,-0.0819,0.0723
GAS,2023-09-21,77.52,77.8,76.02,76.02,774672,75.8,73.46,70.6,0.2825,3.477,7.6794,-0.115,-0.4157,0.0711
GAS,2023-09-22,77.01,77.95,76.06,77.86,731774,76.3,73.85,70.82,2.0544,5.4378,9.9377,0.0755,0.3006,0.0687
GAS,2023-09-25,77.86,78.81,76.24,76.66,509213,76.72,74.15,70.99,-0.0787,3.3853,7.9927,-0.036,-0.1577,0.0698
GAS,2023-09-26,76.66,77.26,76.06,76.06,442585,77.0,74.46,71.15,-1.2153,2.1488,6.9111,-0.0623,-0.2783,0.074
GAS,2023-09-27,76.24,76.66,73.67,76.15,570995,77.08,74.72,71.31,-1.2034,1.9177,6.7928,0.0511,0.2078,0.0657
GAS,2023-09-28,76.92,78.38,76.15,78.38,924317,77.35,75.07,71.5,1.3291,4.4045,9.6201,0.2765,1.0296,0.0924
GAS,2023-09-29,78.55,78.55,76.66,77.69,596889,77.3,75.41,71.69,0.5132,3.0242,8.3718,0.0163,0.0651,0.0745
GAS,2023-10-02,77.52,77.52,76.15,76.49,289838,77.16,75.72,71.86,-0.8702,1.0245,6.4466,-0.0698,-0.2961,0.0756
GAS,2023-10-03,76.06,76.06,73.67,73.92,546379,76.7,75.86,71.97,-3.6267,-2.5515,2.7148,-0.054,-0.23,0.0778
GAS,2023-10-04,73.67,74.09,73.49,73.49,603799,76.27,75.91,72.08,-3.6438,-3.1827,1.9599,-0.1739,-0.6676,0.093
GAS,2023-10-05,73.41,73.49,72.12,72.12,590485,75.88,75.84,72.16,-4.9554,-4.9052,-0.0541,-0.1341,-0.5234,0.0949
GAS,2023-10-06,72.04,72.12,71.1,72.12,350739,75.31,75.8,72.25,-4.2311,-4.8535,-0.1779,0.0804,0.3104,0.0954
GAS,2023-10-09,74.09,74.78,73.24,74.18,515226,75.06,75.89,72.38,-1.1754,-2.2576,2.482,0.0345,0.1348,0.0953
GAS,2023-10-10,74.69,75.55,73.15,74.01,986809,74.86,75.93,72.49,-1.1329,-2.5284,2.0912,-0.0595,-0.23,0.095
GAS,2023-10-11,74.52,74.95,73.24,73.67,658965,74.61,75.84,72.57,-1.2629,-2.8703,1.5156,-0.0771,-0.2881,0.0976
GAS,2023-10-12,74.01,74.01,72.81,73.67,640192,74.14,75.74,72.65,-0.6355,-2.7424,1.3955,0.1017,0.3929,0.0801
GAS,2023-10-13,72.9,73.67,72.3,73.49,432474,73.72,75.51,72.74,-0.3021,-2.6642,1.0393,0.0884,0.3023,0.0873
GAS,2023-10-16,74.09,75.29,74.09,74.44,875100,73.51,75.34,72.86,1.2584,-1.1961,2.171,-0.0807,-0.2935,0.0884
GAS,2023-10-17,74.27,74.44,72.98,72.98,455114,73.42,75.06,72.93,-0.595,-2.7717,0.0655,-0.0794,-0.3016,0.091
GAS,2023-10-18,72.81,72.9,69.81,71.1,793366,73.18,74.73,72.96,-2.8444,-4.8572,-2.5608,-0.0306,-0.1227,0.0766
GAS,2023-10-19,71.1,71.52,70.15,70.15,639458,72.98,74.43,72.97,-3.8732,-5.7483,-3.8637,-0.1643,-0.619,0.0797
GAS,2023-10-20,70.41,71.27,68.53,71.27,813248,72.9,74.1,73.01,-2.2327,-3.8261,-2.383,0.149,0.5604,0.0865
GAS,2023-10-23,71.35,71.35,68.87,69.04,467637,72.38,73.72,72.98,-4.6154,-6.3499,-5.4018,-0.1529,-0.5927,0.0984
GAS,2023-10-24,69.38,69.64,68.53,69.55,348445,71.94,73.4,72.98,-3.3103,-5.2343,-4.688,0.1082,0.406,0.1032
GAS,2023-10-25,69.38,69.73,68.87,68.87,330029,71.46,73.03,72.97,-3.6202,-5.7002,-5.6159,-0.0907,-0.3523,0.1046
GAS,2023-10-26,66.64,68.53,64.67,64.67,1073905,70.56,72.35,72.88,-8.3404,-10.6086,-11.2589,-0.1183,-0.474,0.1063
GAS,2023-10-27,65.53,67.24,64.76,66.47,378501,69.85,71.79,72.83,-4.8437,-7.4041,-8.7266,0.0369,0.138,0.1011
GAS,2023-10-30,66.47,66.56,65.53,65.61,256878,68.97,71.24,72.76,-4.8684,-7.8995,-9.8217,-0.0543,-0.2118,0.0985
GAS,2023-10-31,65.61,66.04,65.1,65.61,355595,68.24,70.83,72.73,-3.8413,-7.3593,-9.7815,0.0061,0.0244,0.0911
GAS,2023-11-01,66.39,66.39,65.36,65.87,296886,67.71,70.45,72.68,-2.7198,-6.4932,-9.3685,-0.0,-0.0,0.0881
GAS,2023-11-02,66.21,67.84,65.87,67.84,445062,67.48,70.23,72.66,0.5331,-3.4029,-6.6256,0.0672,0.2617,0.0784
GAS,2023-11-03,68.01,68.27,67.07,67.76,455623,67.13,70.01,72.61,0.9315,-3.2238,-6.6807,0.0193,0.0661,0.0654
GAS,2023-11-06,67.76,67.76,66.81,67.67,415470,66.99,69.69,72.55,1.0101,-2.8947,-6.725,0.0993,0.3748,0.06
GAS,2023-11-07,67.67,68.87,67.24,67.5,310197,66.79,69.36,72.5,1.0645,-2.686,-6.9007,-0.0708,-0.2807,0.0563
GAS,2023-11-08,67.24,68.53,66.81,68.53,504909,66.75,69.1,72.45,2.6562,-0.8367,-5.416,0.0582,0.2205,0.053
GAS,2023-11-09,68.53,68.87,67.67,68.53,628544,67.14,68.85,72.39,2.0669,-0.4666,-5.3433,0.045,0.1633,0.0457
GAS,2023-11-10,67.67,68.53,67.24,67.41,525995,67.23,68.54,72.33,0.2675,-1.6496,-6.7922,-0.0799,-0.2852,0.05
GAS,2023-11-13,67.67,68.1,67.33,67.67,307123,67.44,68.21,72.27,0.3429,-0.7849,-6.3668,-0.0111,-0.0406,0.0457
GAS,2023-11-14,67.93,68.27,67.24,67.76,446339,67.65,67.94,72.2,0.1519,-0.2774,-6.1616,-0.0,-0.0,0.0451
GAS,2023-11-15,68.18,69.13,68.18,68.61,824597,67.93,67.82,72.13,1.0088,1.1683,-4.8741,-0.0138,-0.0517,0.0465
GAS,2023-11-16,68.44,68.53,67.67,68.53,652563,68.0,67.74,72.03,0.7811,1.1634,-4.863,0.1268,0.4534,0.0524
GAS,2023-11-17,68.18,68.27,67.07,67.41,779931,67.96,67.55,71.92,-0.8067,-0.1966,-6.2649,-0.0536,-0.2065,0.0558
GAS,2023-11-20,66.56,67.58,66.47,67.07,575036,67.9,67.45,71.81,-1.2237,-0.5588,-6.6035,0.0094,0.036,0.0469
GAS,2023-11-21,67.5,67.76,67.07,67.67,380971,67.92,67.35,71.7,-0.3657,0.4706,-5.6204,0.0918,0.2999,0.049
GAS,2023-11-22,67.67,67.93,67.16,67.67,483253,67.83,67.29,71.55,-0.2399,0.5601,-5.417,0.0296,0.105,0.0461
GAS,2023-11-23,67.76,67.84,65.96,65.96,612482,67.58,67.36,71.35,-2.3957,-2.0792,-7.5608,-0.0648,-0.2398,0.0481
GAS,2023-11-24,66.04,66.47,65.1,66.39,626236,67.47,67.35,71.11,-1.6123,-1.4371,-6.6506,0.0745,0.2603,0.0475
GAS,2023-11-27,66.56,66.56,65.53,65.79,405014,67.28,67.36,70.87,-2.2279,-2.3398,-7.18,-0.0556,-0.1975,0.052
GAS,2023-11-28,65.53,65.96,64.93,65.96,527517,67.1,67.38,70.62,-1.7105,-2.1104,-6.6073,0.1148,0.4015,0.0635
GAS,2023-11-29,65.7,66.81,65.61,66.64,597375,66.91,67.42,70.4,-0.3969,-1.1499,-5.3377,0.1434,0.4977,0.0764
GAS,2023-11-30,66.73,67.07,65.53,65.53,466561,66.61,67.3,70.19,-1.6204,-2.6346,-6.6413,-0.0919,-0.3094,0.0729
GAS,2023-12-01,65.96,66.73,65.61,66.56,493376,66.52,67.24,69.96,0.0515,-1.0191,-4.8703,0.127,0.4707,0.0803
GAS,2023-12-04,66.64,67.76,66.56,67.67,785341,66.58,67.24,69.78,1.6339,0.6369,-3.0294,0.1116,0.4157,0.0905
GAS,2023-12-05,67.67,68.44,67.41,67.67,662868,66.58,67.25,69.62,1.6339,0.6241,-2.7955,-0.0781,-0.281,0.0891
GAS,2023-12-06,67.67,68.36,67.58,68.36,481091,66.65,67.24,69.46,2.5575,1.656,-1.5908,0.0967,0.3495,0.0958
GAS,2023-12-07,68.01,68.1,66.39,66.73,858080,66.73,67.15,69.23,0.0,-0.6314,-3.6106,-0.1148,-0.4515,0.1008
GAS,2023-12-08,66.9,67.41,66.39,66.47,886067,66.74,67.1,69.0,-0.3979,-0.9446,-3.6695,-0.2109,-0.7029,0.1145
GAS,2023-12-11,67.33,67.33,66.64,67.07,695214,66.86,67.07,68.81,0.3075,-0.0064,-2.5344,0.0559,0.2007,0.1145
GAS,2023-12-12,67.07,67.16,66.73,66.98,472065,66.97,67.04,68.68,0.0256,-0.0767,-2.4621,0.0321,0.1128,0.1062
GAS,2023-12-13,66.98,66.98,65.79,65.87,1121325,66.89,66.9,68.52,-1.5239,-1.5365,-3.8702,-0.1675,-0.5655,0.1086
GAS,2023-12-14,65.87,66.56,65.7,65.87,403989,66.92,66.77,68.4,-1.5743,-1.3407,-3.6944,-0.0551,-0.195,0.105
GAS,2023-12-15,65.87,65.87,65.1,65.1,807520,66.78,66.65,68.26,-2.5141,-2.3262,-4.6257,-0.2217,-0.7168,0.1144
GAS,2023-12-18,65.1,65.19,64.67,64.67,616593,66.48,66.53,68.07,-2.7187,-2.7939,-4.9884,-0.1943,-0.6412,0.1227
GAS,2023-12-19,64.24,64.59,63.56,64.24,887468,66.14,66.36,67.87,-2.8623,-3.1883,-5.346,0.0679,0.2332,0.1217
GAS,2023-12-20,64.67,64.67,64.07,64.42,574287,65.74,66.2,67.69,-2.0195,-2.6915,-4.8342,0.0433,0.1322,0.1164
GAS,2023-12-21,64.24,64.33,63.73,63.99,728928,65.47,66.1,67.49,-2.2635,-3.1945,-5.1958,-0.0436,-0.14,0.1092
GAS,2023-12-22,64.16,64.42,63.64,63.99,617722,65.22,65.98,67.3,-1.8913,-3.0185,-4.928,-0.025,-0.0836,0.0906
GAS,2023-12-25,63.99,65.7,63.99,65.53,1057401,65.07,65.97,67.13,0.7109,-0.6623,-2.3786,0.3213,0.9782,0.1172
GAS,2023-12-26,65.7,65.7,64.84,65.44,756305,64.91,65.94,66.97,0.8182,-0.7534,-2.2868,0.1172,0.3672,0.1257
GAS,2023-12-27,65.44,65.7,65.19,65.36,707087,64.86,65.88,66.86,0.766,-0.7867,-2.2472,-0.064,-0.2142,0.1153
GAS,2023-12-28,65.44,65.44,64.76,65.1,767974,64.78,65.85,66.76,0.4892,-1.1446,-2.4841,0.0,0.0,0.1098
GAS,2023-12-29,65.27,65.36,64.67,64.67,1036114,64.74,65.76,66.63,-0.1058,-1.6543,-2.9338,-0.2994,-0.9497,0.1176
GAS,2024-01-02,64.93,65.36,64.67,64.76,694239,64.75,65.61,66.54,0.0132,-1.3055,-2.6802,-0.1062,-0.3649,0.1088
GAS,2024-01-03,64.67,65.1,64.59,65.1,569882,64.83,65.49,66.45,0.4096,-0.5886,-2.0341,0.1143,0.4002,0.1134
GAS,2024-01-04,65.1,66.3,65.1,65.7,1509345,64.96,65.35,66.39,1.134,0.5308,-1.0374,0.0,0.0,0.1091
GAS,2024-01-05,65.96,66.3,65.96,66.13,1078228,65.18,65.32,66.42,1.4588,1.2326,-0.4359,0.0,0.0,0.1047
GAS,2024-01-08,66.21,66.64,65.53,65.79,1023970,65.36,65.29,66.4,0.6553,0.7609,-0.9314,-0.1335,-0.4542,0.1156
GAS,2024-01-09,65.79,65.96,65.01,65.01,893745,65.31,65.19,66.39,-0.446,-0.2628,-2.0746,-0.2095,-0.7276,0.1044
GAS,2024-01-10,65.27,65.44,64.67,64.67,1028605,65.23,65.07,66.37,-0.8536,-0.6121,-2.563,-0.2436,-0.8395,0.117
GAS,2024-01-11,64.84,65.19,64.67,65.1,494998,65.2,65.03,66.36,-0.1576,0.1054,-1.895,0.0998,0.3589,0.1206
GAS,2024-01-12,65.19,65.19,64.24,64.33,810531,65.13,64.95,66.29,-1.2232,-0.9627,-2.954,-0.1401,-0.5009,0.1346
GAS,2024-01-15,64.67,65.01,64.67,64.84,441634,65.14,64.94,66.23,-0.4602,-0.1517,-2.0927,-0.0,-0.0,0.1047
GAS,2024-01-16,64.67,64.84,64.24,64.76,458019,65.14,64.95,66.17,-0.5917,-0.2902,-2.1359,0.0683,0.2217,0.1009
GAS,2024-01-17,65.1,65.1,64.33,64.42,832372,65.07,64.95,66.11,-1.0136,-0.8308,-2.5629,-0.176,-0.5784,0.1071
GAS,2024-01-18,64.42,64.76,64.42,64.5,413905,64.95,64.96,66.03,-0.6989,-0.7055,-2.3144,-0.0772,-0.2443,0.1148
GAS,2024-01-19,64.67,65.7,64.59,65.7,1005255,64.91,65.04,65.97,1.214,1.0074,-0.4129,0.2654,0.9116,0.1413
GAS,2024-01-22,65.87,65.87,65.27,65.36,483613,64.87,65.11,65.93,0.7527,0.3749,-0.8705,-0.0981,-0.3327,0.1378
GAS,2024-01-23,65.44,65.7,65.1,65.19,763584,64.89,65.1,65.88,0.4621,0.1382,-1.0557,-0.1782,-0.5907,0.1347
GAS,2024-01-24,65.19,65.44,64.84,64.93,480111,64.91,65.07,65.82,0.0264,-0.2172,-1.3612,-0.114,-0.3715,0.1217
GAS,2024-01-25,64.93,65.19,64.59,64.59,548469,64.86,65.03,65.74,-0.4226,-0.6849,-1.7615,-0.2213,-0.7001,0.1339
GAS,2024-01-26,65.1,65.53,64.42,64.42,729607,64.87,65.0,65.66,-0.6999,-0.8962,-1.8994,-0.2821,-0.8858,0.1481
GAS,2024-01-29,64.5,65.7,64.5,65.61,925756,64.95,65.04,65.63,1.0288,0.8758,-0.0183,0.2312,0.7951,0.1712
GAS,2024-01-30,65.19,65.61,65.19,65.44,505114,65.01,65.08,65.59,0.6588,0.5594,-0.2298,0.0301,0.0949,0.1674
GAS,2024-01-31,65.53,65.53,64.59,64.59,596405,65.03,65.05,65.53,-0.6849,-0.7176,-1.4431,-0.0862,-0.3053,0.1584
GAS,2024-02-01,64.67,64.84,64.5,64.67,515096,65.05,65.0,65.47,-0.5794,-0.5073,-1.222,0.0,0.0,0.1507
GAS,2024-02-02,65.01,65.01,64.42,64.42,675701,64.92,64.92,65.44,-0.7785,-0.7719,-1.5681,-0.158,-0.5033,0.1399
GAS,2024-02-05,64.42,64.93,64.33,64.42,639823,64.83,64.85,65.4,-0.6343,-0.6671,-1.5088,-0.1105,-0.3785,0.1412
GAS,2024-02-06,64.67,65.01,64.59,64.84,797157,64.79,64.84,65.38,0.0793,0.0066,-0.8254,0.0531,0.1587,0.1287
GAS,2024-02-07,64.84,64.93,64.67,64.84,474821,64.78,64.85,65.36,0.0926,-0.0066,-0.7916,0.0498,0.1618,0.1222
GAS,2024-02-15,64.93,65.1,64.84,64.84,550505,64.81,64.83,65.32,0.0529,0.0132,-0.7369,-0.1477,-0.4774,0.1149
GAS,2024-02-16,64.84,65.96,64.84,65.61,1014786,64.93,64.9,65.33,1.0554,1.1021,0.4406,0.0997,0.3112,0.0966
GAS,2024-02-19,66.04,68.1,65.96,67.93,2377258,65.16,65.05,65.35,4.2461,4.4177,3.9373,0.4199,1.3373,0.1155
GAS,2024-02-20,68.1,68.27,66.98,67.33,1008894,65.35,65.18,65.35,3.0279,3.2919,3.0306,-0.1174,-0.3783,0.1242
GAS,2024-02-21,67.33,67.33,66.39,66.56,1113168,65.55,65.29,65.32,1.5421,1.9417,1.8856,-0.184,-0.5779,0.134
GAS,2024-02-22,66.81,67.41,66.39,66.73,1038459,65.75,65.4,65.29,1.4852,2.0301,2.1988,-0.0719,-0.2386,0.1412
GAS,2024-02-23,66.9,67.07,65.44,65.44,1956755,65.85,65.39,65.27,-0.6243,0.0851,0.2704,-0.1939,-0.6329,0.1448
GAS,2024-02-26,65.53,65.79,64.93,65.27,1095850,65.94,65.38,65.24,-1.0133,-0.1703,0.0446,-0.0451,-0.1378,0.1383
GAS,2024-02-27,65.53,66.64,65.27,66.47,1155596,66.1,65.45,65.23,0.5572,1.564,1.9015,0.1856,0.5667,0.1515
GAS,2024-02-28,66.81,67.84,66.56,66.81,1572323,66.3,65.54,65.23,0.7752,1.9408,2.4321,-0.2286,-0.7001,0.1694
GAS,2024-02-29,67.24,67.24,66.13,66.3,1256967,66.45,65.63,65.24,-0.2192,1.0246,1.6308,-0.1836,-0.5751,0.173
GAS,2024-03-01,66.64,66.64,66.21,66.47,991978,66.53,65.73,65.25,-0.0901,1.1273,1.8747,0.0416,0.1348,0.1672
GAS,2024-03-04,66.64,67.24,66.56,66.64,1139213,66.4,65.78,65.28,0.3612,1.3087,2.089,-0.1752,-0.5127,0.1427
GAS,2024-03-05,66.81,67.84,66.64,67.67,2071718,66.44,65.89,65.34,1.8566,2.6974,3.5685,0.2827,0.8305,0.1592
GAS,2024-03-06,68.01,69.9,68.01,68.61,2291595,66.64,66.09,65.43,2.9563,3.8103,4.8704,-0.1527,-0.5234,0.1561
GAS,2024-03-07,68.7,69.13,68.18,68.87,1249300,66.86,66.3,65.51,3.0109,3.8693,5.12,0.1069,0.3301,0.1596
GAS,2024-03-08,69.38,69.9,68.1,68.1,2107122,67.12,66.49,65.6,1.4548,2.4221,3.813,-0.2045,-0.6774,0.1607
GAS,2024-03-11,68.1,68.1,66.64,66.64,1479764,67.26,66.6,65.65,-0.917,0.0643,1.5109,-0.2632,-0.8063,0.1825
GAS,2024-03-12,66.64,67.24,66.56,66.73,1175867,67.28,66.69,65.67,-0.8275,0.0514,1.6043,-0.1476,-0.4744,0.1787
GAS,2024-03-13,67.16,67.84,66.81,67.67,1231885,67.37,66.83,65.72,0.445,1.2496,2.9692,0.1126,0.3244,0.1671
GAS,2024-03-14,68.27,69.73,68.01,69.38,3839884,67.68,67.06,65.8,2.5187,3.4615,5.4468,0.44,1.3151,0.1927
GAS,2024-03-15,69.64,71.01,69.13,70.5,2401677,68.08,67.31,65.91,3.5481,4.7407,6.9637,0.2153,0.6628,0.2101
GAS,2024-03-18,70.5,71.01,68.44,68.7,2496172,68.29,67.34,65.99,0.6021,2.0097,4.1072,-0.2819,-0.8213,0.2207
GAS,2024-03-19,69.38,69.38,68.27,68.27,951753,68.35,67.39,66.06,-0.1128,1.3028,3.3481,-0.2063,-0.6534,0.2131
GAS,2024-03-20,68.53,69.55,68.18,69.38,1463589,68.42,67.53,66.14,1.4021,2.7397,4.8978,0.1952,0.6357,0.2174
GAS,2024-03-21,70.15,70.15,68.95,69.38,939783,68.48,67.67,66.22,1.326,2.5381,4.7811,-0.0418,-0.1346,0.2108
GAS,2024-03-22,69.38,69.81,68.87,68.95,1236323,68.56,67.84,66.27,0.5747,1.6414,4.0455,-0.1753,-0.528,0.2079
GAS,2024-03-25,68.95,69.73,68.61,68.87,973961,68.78,68.02,66.34,0.1245,1.2467,3.8196,-0.0883,-0.2709,0.1904
GAS,2024-03-26,68.95,69.3,68.53,69.13,597363,69.02,68.15,66.42,0.1489,1.4265,4.078,0.0571,0.1834,0.1814
GAS,2024-03-27,69.55,69.98,68.61,68.78,848150,69.13,68.25,66.5,-0.508,0.7781,3.4341,-0.1538,-0.4765,0.1855
GAS,2024-03-28,68.87,69.13,68.44,68.78,775755,69.07,68.38,66.57,-0.4216,0.595,3.3196,-0.0,-0.0,0.1415
GAS,2024-03-29,69.04,69.55,68.7,68.7,617449,68.89,68.49,66.66,-0.286,0.3064,3.0557,-0.1249,-0.3745,0.1325
GAS,2024-04-01,68.7,69.13,68.36,69.04,749279,68.93,68.61,66.74,0.1616,0.6305,3.4394,0.1722,0.5279,0.1215
GAS,2024-04-02,68.87,70.75,68.44,70.67,1743848,69.17,68.76,66.86,2.1672,2.7781,5.6906,0.2239,0.6864,0.1232
GAS,2024-04-03,70.67,71.44,70.07,70.07,1763920,69.24,68.83,66.98,1.2001,1.7983,4.617,-0.2329,-0.7169,0.127
GAS,2024-04-04,70.24,70.58,69.47,69.81,753029,69.28,68.88,67.08,0.7666,1.3555,4.0682,-0.0493,-0.1544,0.1278
GAS,2024-04-05,69.38,71.27,68.87,69.3,1386347,69.31,68.94,67.15,-0.0247,0.5219,3.1914,-0.13,-0.4113,0.1232
GAS,2024-04-08,69.38,69.38,68.36,68.36,676601,69.26,69.02,67.21,-1.3109,-0.968,1.6975,-0.1347,-0.4274,0.1279
GAS,2024-04-09,68.53,68.95,68.1,68.44,624419,69.19,69.11,67.28,-1.0894,-0.9668,1.7264,-0.0264,-0.0799,0.1248
GAS,2024-04-10,68.44,68.95,67.84,67.84,638713,69.1,69.12,67.34,-1.8222,-1.8466,0.748,-0.1315,-0.41,0.1226
GAS,2024-04-11,67.58,67.93,67.33,67.5,646286,68.97,69.02,67.4,-2.1361,-2.209,0.1525,-0.0819,-0.2575,0.1308
GAS,2024-04-12,67.67,68.36,67.5,68.27,360618,68.93,68.91,67.47,-0.9569,-0.9322,1.1807,0.0731,0.2369,0.1256
GAS,2024-04-15,68.44,69.04,63.56,65.1,1097958,68.54,68.73,67.46,-5.0119,-5.2841,-3.5019,-0.0385,-0.1275,0.1122
GAS,2024-04-16,65.27,65.87,64.24,65.1,1117067,67.98,68.57,67.46,-4.2339,-5.0653,-3.4921,0.0098,0.0297,0.0908
GAS,2024-04-17,65.27,65.53,64.33,64.33,651625,67.4,68.32,67.45,-4.5622,-5.8425,-4.6277,-0.1057,-0.3496,0.0781
GAS,2024-04-19,64.33,65.27,63.99,64.24,885443,66.85,68.06,67.44,-3.8954,-5.6129,-4.7425,-0.0904,-0.2865,0.0822
GAS,2024-04-22,64.42,64.76,64.16,64.24,820723,66.34,67.83,67.44,-3.1633,-5.2851,-4.7377,-0.2096,-0.655,0.0902
GAS,2024-04-23,64.67,64.67,63.39,63.56,476240,65.86,67.56,67.42,-3.4985,-5.9271,-5.7299,-0.1014,-0.32,0.0868
GAS,2024-04-24,64.24,64.24,63.64,63.9,853125,65.41,67.3,67.4,-2.3049,-5.0528,-5.1952,-0.0272,-0.0744,0.0869
GAS,2024-04-25,63.9,64.16,63.39,63.39,789526,64.96,67.03,67.37,-2.4262,-5.4374,-5.9171,-0.3504,-0.8929,0.1088
GAS,2024-04-26,63.3,63.56,62.96,62.96,775211,64.51,66.74,67.34,-2.4034,-5.6664,-6.5004,-0.3069,-0.7898,0.1313
GAS,2024-05-02,62.53,63.64,62.53,63.3,692637,64.01,66.47,67.29,-1.1107,-4.768,-5.927,0.1174,0.3255,0.1357
GAS,2024-05-03,63.47,63.9,63.3,63.56,515373,63.86,66.2,67.2,-0.4695,-3.9855,-5.4223,-0.0239,-0.0669,0.1343
GAS,2024-05-06,63.82,64.42,63.82,64.07,891544,63.76,65.87,67.14,0.4971,-2.7245,-4.5651,-0.0268,-0.0836,0.136
GAS,2024-05-07,64.59,65.36,63.99,65.36,1497374,63.86,65.63,67.11,2.3474,-0.4176,-2.6165,0.5756,1.446,0.183
GAS,2024-05-08,65.44,66.47,64.42,66.3,1384473,64.06,65.46,67.1,3.4898,1.289,-1.1999,0.265,0.8168,0.2004
GAS,2024-05-09,66.39,66.39,65.19,65.19,773816,64.16,65.25,67.1,1.6021,-0.0985,-2.8519,-0.2118,-0.5913,0.2006
GAS,2024-05-10,65.36,65.79,64.16,64.67,652537,64.27,65.07,67.09,0.6264,-0.6056,-3.6006,-0.0752,-0.2207,0.198
GAS,2024-05-13,65.01,65.19,64.24,64.42,631673,64.32,64.86,67.05,0.1465,-0.6933,-3.9248,-0.1446,-0.4782,0.2098
GAS,2024-05-14,64.67,65.01,64.16,64.42,786204,64.42,64.69,67.0,-0.0133,-0.4303,-3.856,-0.1092,-0.3164,0.1856
GAS,2024-05-15,64.42,64.93,64.16,64.67,883985,64.59,64.55,66.97,0.1194,0.1858,-3.4255,0.0863,0.2395,0.1636
GAS,2024-05-16,65.1,65.53,65.01,65.01,1117717,64.77,64.39,66.94,0.3835,0.9711,-2.8716,-0.2533,-0.7408,0.1772
GAS,2024-05-17,65.27,65.27,64.67,64.84,966114,64.89,64.38,66.9,-0.0792,0.7252,-3.0755,-0.0938,-0.2695,0.1842
GAS,2024-05-20,65.19,65.79,65.1,65.1,1111690,65.0,64.38,66.85,0.1581,1.1243,-2.6165,-0.193,-0.5481,0.2008
GAS,2024-05-21,65.27,66.47,65.1,65.7,1699128,65.03,64.45,66.79,1.0274,1.9472,-1.6339,-0.0453,-0.1329,0.1477
GAS,2024-05-22,66.21,66.21,65.53,65.61,833355,64.96,64.51,66.73,1.0021,1.7062,-1.6663,-0.1,-0.3129,0.1313
GAS,2024-05-23,65.61,68.44,65.44,68.44,3992143,65.29,64.72,66.73,4.8281,5.7438,2.5595,0.6699,1.9454,0.1771
GAS,2024-05-24,68.95,69.81,66.64,67.67,2575031,65.59,64.93,66.75,3.1736,4.2216,1.373,-0.1632,-0.4868,0.1859
GAS,2024-05-27,67.67,69.64,66.9,69.38,2135887,66.09,65.2,66.81,4.9903,6.4109,3.8568,0.502,1.6639,0.2216
GAS,2024-05-28,70.24,70.58,69.38,70.15,2234999,66.66,65.54,66.86,5.2429,7.0378,4.9327,0.1561,0.4704,0.2263
GAS,2024-05-29,71.1,72.38,69.47,70.41,3696102,67.23,65.91,66.88,4.7267,6.8226,5.2847,-0.2071,-0.6848,0.2384
GAS,2024-05-30,70.15,70.5,68.61,69.47,2358041,67.68,66.22,66.86,2.6452,4.9023,3.9077,-0.0394,-0.1105,0.217
GAS,2024-05-31,69.81,69.98,68.61,68.61,1430852,68.06,66.48,66.85,0.8181,3.215,2.6292,-0.3903,-1.2046,0.2466
GAS,2024-06-03,69.3,69.98,68.87,68.87,1707173,68.43,66.71,66.87,0.6384,3.2291,2.9951,-0.3443,-1.0935,0.2618
GAS,2024-06-04,68.87,70.15,68.78,69.21,1516688,68.78,66.91,66.86,0.6227,3.4439,3.5128,-0.1281,-0.3906,0.27
GAS,2024-06-05,69.3,70.41,69.04,69.04,1782747,69.13,67.04,66.86,-0.1239,2.9769,3.2671,-0.325,-0.9068,0.2925
GAS,2024-06-06,69.81,69.81,68.7,68.78,1057364,69.16,67.22,66.85,-0.545,2.3191,2.888,-0.2775,-0.8082,0.2533
GAS,2024-06-07,68.95,69.38,68.78,68.78,875131,69.27,67.43,66.85,-0.7048,2.0071,2.8907,-0.3005,-0.9263,0.267
GAS,2024-06-10,69.21,69.38,68.78,68.78,1116685,69.21,67.65,66.84,-0.6188,1.6777,2.9012,-0.2881,-0.8671,0.2456
GAS,2024-06-11,69.13,69.9,68.78,68.78,2393983,69.07,67.87,66.84,-0.4216,1.3505,2.9012,-0.4421,-1.2792,0.2742
GAS,2024-06-12,68.95,69.38,68.61,68.87,1338297,68.92,68.08,66.85,-0.0746,1.1639,3.0267,-0.0852,-0.2428,0.262
GAS,2024-06-13,69.38,69.38,68.7,68.7,1404329,68.84,68.26,66.85,-0.2115,0.64,2.7705,-0.3366,-0.9315,0.2918
GAS,2024-06-14,68.7,69.04,67.67,67.67,2279755,68.75,68.4,66.82,-1.5699,-1.0707,1.2743,-0.2321,-0.7095,0.2759
GAS,2024-06-17,67.67,67.93,66.47,66.47,1253152,68.51,68.47,66.73,-2.9757,-2.9211,-0.3953,-0.302,-0.8222,0.2717
GAS,2024-06-18,66.81,67.67,66.81,66.81,939481,68.27,68.53,66.67,-2.133,-2.5,0.2158,-0.2043,-0.5323,0.2793
GAS,2024-06-19,66.98,67.5,66.73,66.98,994747,68.06,68.6,66.61,-1.5857,-2.3477,0.5581,-0.0821,-0.2244,0.255
GAS,2024-06-20,67.41,67.58,66.81,66.81,832465,67.87,68.51,66.56,-1.5524,-2.4817,0.3758,-0.202,-0.6018,0.2475
GAS,2024-06-21,66.98,67.67,66.73,66.73,1054201,67.66,68.47,66.53,-1.3799,-2.5397,0.2961,-0.237,-0.7034,0.2411
GAS,2024-06-24,66.73,67.16,65.44,65.53,1728655,67.34,68.27,66.47,-2.6841,-4.0211,-1.4201,-0.1972,-0.541,0.2321
GAS,2024-06-25,65.61,66.13,65.36,65.36,1020013,66.99,68.03,66.42,-2.4421,-3.9345,-1.6043,-0.3969,-1.0677,0.2275
GAS,2024-06-26,65.53,65.87,65.19,65.53,1134629,66.66,67.79,66.38,-1.6962,-3.3359,-1.2878,0.0,0.0,0.219
GAS,2024-06-27,65.61,66.64,65.53,65.53,1011267,66.34,67.59,66.33,-1.2266,-3.0541,-1.2062,-0.4122,-1.1876,0.2266
GAS,2024-06-28,65.61,66.13,65.53,65.61,661159,66.14,67.44,66.34,-0.79,-2.7116,-1.0924,-0.1121,-0.3262,0.2146
GAS,2024-07-01,65.7,66.56,65.61,66.56,792691,66.15,67.33,66.37,0.6216,-1.145,0.2839,0.2823,0.6763,0.2126
GAS,2024-07-02,66.81,67.07,66.47,66.98,877417,66.16,67.22,66.42,1.2429,-0.3441,0.8486,0.2312,0.6005,0.2153
GAS,2024-07-03,67.24,67.24,66.81,66.98,641471,66.16,67.11,66.48,1.2429,-0.1914,0.7654,-0.0544,-0.1473,0.2125
GAS,2024-07-04,67.16,68.27,66.98,66.98,1166947,66.18,67.02,66.53,1.2167,-0.0575,0.6824,-0.4337,-1.0933,0.2357
GAS,2024-07-05,67.24,67.93,67.16,67.33,752936,66.24,66.95,66.61,1.6423,0.5629,1.0828,-0.133,-0.373,0.2253
GAS,2024-07-08,67.41,67.76,67.24,67.41,794488,66.43,66.88,66.68,1.4829,0.7941,1.1048,-0.0672,-0.1832,0.2123
GAS,2024-07-09,67.67,67.67,67.16,67.67,1536625,66.66,66.83,66.76,1.5163,1.2626,1.36,0.3665,1.0544,0.2093
GAS,2024-07-10,67.84,68.27,67.24,67.24,1122444,66.83,66.74,66.85,0.6152,0.7444,0.5894,-0.2552,-0.6789,0.2348
GAS,2024-07-11,67.33,67.58,66.98,66.98,728827,66.98,66.66,66.92,0.0128,0.4883,0.0947,-0.191,-0.5142,0.2127
GAS,2024-07-12,67.41,68.44,66.56,66.81,1233522,67.1,66.62,66.99,-0.4213,0.2957,-0.2583,-0.3121,-0.9105,0.2327
GAS,2024-07-15,67.67,68.01,67.07,67.07,1210372,67.15,66.65,67.05,-0.1148,0.6362,0.0358,-0.4839,-1.3927,0.2528
GAS,2024-07-16,67.67,67.76,67.07,67.07,908462,67.16,66.66,67.08,-0.1275,0.6168,-0.0153,-0.2376,-0.6805,0.2535
GAS,2024-07-17,67.5,67.5,66.04,66.81,1574904,67.14,66.65,67.09,-0.4848,0.2442,-0.4137,0.0156,0.0529,0.2496
GAS,2024-07-18,66.9,67.33,66.64,66.9,1132909,67.13,66.66,67.13,-0.3445,0.3663,-0.3369,-0.0579,-0.1619,0.212
GAS,2024-07-19,66.9,67.16,66.56,66.64,664109,67.06,66.65,67.16,-0.6259,-0.0128,-0.778,-0.1105,-0.368,0.2098
GAS,2024-07-22,66.64,66.64,65.61,65.96,1144264,66.92,66.67,67.2,-1.4337,-1.0728,-1.8433,-0.0873,-0.2604,0.2118
GAS,2024-07-23,66.04,66.21,65.79,65.79,657563,66.73,66.69,67.22,-1.4121,-1.3614,-2.1382,-0.1302,-0.4019,0.1881
GAS,2024-07-24,65.7,66.3,65.36,65.96,1007241,66.6,66.71,67.25,-0.9646,-1.1363,-1.9208,0.0702,0.2073,0.1696
GAS,2024-07-25,65.87,65.96,65.44,65.79,491000,66.48,66.73,67.26,-1.0437,-1.4121,-2.198,0.0764,0.2232,0.1582
GAS,2024-07-26,65.61,66.13,65.53,66.13,546309,66.41,66.75,67.29,-0.4256,-0.9367,-1.7262,0.2343,0.6137,0.1504
GAS,2024-07-29,66.39,66.39,65.96,65.96,362719,66.3,66.72,67.31,-0.5168,-1.149,-2.0057,-0.1369,-0.3961,0.1157
GAS,2024-07-30,65.96,66.13,65.79,66.13,631858,66.21,66.68,67.32,-0.1164,-0.8286,-1.7637,0.1889,0.7123,0.1108
GAS,2024-07-31,66.3,68.95,66.3,68.44,3190659,66.37,66.75,67.37,3.1234,2.5279,1.5867,0.4972,1.5435,0.159
GAS,2024-08-01,68.61,69.47,67.41,67.58,1424377,66.44,66.78,67.35,1.7277,1.1993,0.3408,-0.2048,-0.6379,0.1737
GAS,2024-08-02,66.9,67.58,66.64,67.58,1396760,66.53,66.8,67.35,1.5836,1.1798,0.3434,0.2811,0.8905,0.1907
GAS,2024-08-05,66.81,67.24,65.44,65.53,2103391,66.49,66.7,67.28,-1.4429,-1.7593,-2.5974,-0.2718,-0.9175,0.2092
GAS,2024-08-06,65.79,66.81,65.53,66.21,889502,66.53,66.63,67.2,-0.4764,-0.6235,-1.4634,0.016,0.0489,0.1978
GAS,2024-08-07,66.47,68.1,66.47,68.01,1833582,66.74,66.67,67.15,1.9125,2.0172,1.2858,0.566,1.5744,0.2473
GAS,2024-08-08,68.01,70.58,67.58,69.98,3935363,67.16,66.82,67.16,4.2092,4.7369,4.2039,0.7395,2.8084,0.3137
GAS,2024-08-09,70.24,70.41,69.3,69.9,1245266,67.53,66.97,67.19,3.5008,4.3678,4.0365,0.0324,0.0888,0.2935
GAS,2024-08-12,69.9,71.35,69.55,70.67,1891401,68.0,67.15,67.22,3.9174,5.2363,5.1277,0.1445,0.4412,0.2942
GAS,2024-08-13,70.5,70.5,69.47,69.81,1733588,68.37,67.29,67.23,2.1047,3.749,3.8349,-0.2579,-0.7781,0.3011
GAS,2024-08-14,70.15,71.35,70.07,70.24,2300224,68.55,67.46,67.26,2.4616,4.1204,4.4347,-0.6322,-1.9175,0.3146
GAS,2024-08-15,70.24,70.84,69.55,69.55,1248976,68.75,67.59,67.27,1.1712,2.902,3.3921,-0.5154,-1.6433,0.3457
GAS,2024-08-16,69.9,71.18,69.38,70.75,2314337,69.07,67.8,67.31,2.4433,4.3588,5.1131,0.1649,0.5504,0.3341
GAS,2024-08-19,70.84,72.55,70.75,72.38,3023679,69.75,68.12,67.38,3.7701,6.2559,7.4162,0.7511,2.4069,0.382
GAS,2024-08-20,72.98,73.75,72.38,72.38,2913347,70.37,68.45,67.46,2.8606,5.744,7.3016,-0.7351,-2.3629,0.4539
GAS,2024-08-21,72.38,73.24,72.3,72.81,2172929,70.85,68.79,67.53,2.7687,5.8399,7.8106,0.0479,0.1476,0.4021
GAS,2024-08-22,73.07,73.15,72.21,72.38,1302471,71.09,69.12,67.61,1.8195,4.7153,7.0596,-0.2828,-0.9621,0.3564
GAS,2024-08-23,72.55,73.15,72.47,72.55,893181,71.35,69.44,67.71,1.6807,4.4776,7.1582,-0.2038,-0.7255,0.3736
GAS,2024-08-26,72.98,73.07,71.87,72.12,1217680,71.5,69.75,67.82,0.8746,3.4017,6.348,-0.1708,-0.5213,0.3762
GAS,2024-08-27,72.38,72.38,71.1,71.52,1797784,71.67,70.02,67.91,-0.2032,2.1469,5.3176,-0.207,-0.5955,0.3711
GAS,2024-08-28,71.35,72.12,71.35,71.78,846956,71.82,70.19,68.01,-0.0596,2.27,5.5469,0.0298,0.1025,0.3109
GAS,2024-08-29,71.78,72.04,71.44,71.44,909559,72.01,70.38,68.1,-0.797,1.5031,4.9004,-0.2875,-0.9483,0.2881
GAS,2024-08-30,71.7,71.95,71.35,71.35,959811,72.07,70.57,68.19,-0.9983,1.1106,4.6325,-0.3136,-1.0046,0.3029
GAS,2024-09-04,71.1,72.3,71.01,71.87,1379372,72.02,70.89,68.32,-0.2141,1.3836,5.1906,0.1345,0.4323,0.2413
GAS,2024-09-05,72.3,72.64,71.35,71.35,902277,71.92,71.14,68.44,-0.7861,0.295,4.2553,-0.3016,-0.8951,0.1979
GAS,2024-09-06,72.38,72.38,71.78,72.04,878935,71.84,71.34,68.57,0.2742,0.9725,5.0567,-0.0436,-0.1268,0.1975
GAS,2024-09-09,71.78,73.15,71.7,72.55,1970503,71.86,71.47,68.71,0.9656,1.5101,5.5899,0.1834,0.5736,0.1876
GAS,2024-09-10,72.47,72.98,71.52,72.04,1907904,71.81,71.58,68.84,0.3221,0.6402,4.6462,-0.1709,-0.5665,0.1843
GAS,2024-09-11,71.95,71.95,71.1,71.61,1491908,71.76,71.63,68.94,-0.2029,-0.0239,3.8716,0.1183,0.4098,0.179
GAS,2024-09-12,71.78,72.12,71.44,71.61,1761490,71.76,71.72,69.03,-0.2148,-0.1493,3.7324,-0.4395,-1.4016,0.2023
GAS,2024-09-13,71.63,71.63,69.84,69.94,2097827,71.58,71.7,69.09,-2.2934,-2.4598,1.2241,-0.928,-2.8762,0.2921
GAS,2024-09-16,69.66,69.66,68.34,68.34,1867152,71.27,71.64,69.12,-4.1136,-4.6107,-1.1307,-0.5852,-1.6992,0.3219
GAS,2024-09-17,68.34,68.9,68.06,68.43,767172,70.98,71.53,69.14,-3.5864,-4.3243,-1.0261,-0.0224,-0.066,0.2927
GAS,2024-09-18,69.0,69.19,68.62,68.81,780115,70.67,71.35,69.17,-2.6364,-3.557,-0.5217,-0.1024,-0.2772,0.2895
GAS,2024-09-19,68.9,69.09,68.62,69.09,982241,70.45,71.18,69.2,-1.9229,-2.9375,-0.1545,0.415,1.2506,0.3009
GAS,2024-09-20,69.28,69.47,68.71,68.81,999886,70.12,70.98,69.23,-1.8739,-3.0618,-0.6076,-0.1825,-0.5104,0.3148
GAS,2024-09-23,68.81,69.0,68.62,68.71,553339,69.74,70.8,69.26,-1.4689,-2.9437,-0.7932,-0.1075,-0.3469,0.3072
GAS,2024-09-24,68.71,69.56,68.71,69.37,854422,69.47,70.64,69.32,-0.1425,-1.7926,0.0841,0.1406,0.4337,0.3041
GAS,2024-09-25,69.66,69.66,69.19,69.47,665980,69.26,70.51,69.36,0.3023,-1.4741,0.1507,0.0285,0.0882,0.2952
GAS,2024-09-26,69.47,70.22,69.47,69.66,1110898,69.06,70.41,69.42,0.8587,-1.076,0.3473,-0.1255,-0.4072,0.2638
GAS,2024-09-27,69.84,69.94,69.19,69.19,536860,68.99,70.28,69.46,0.2865,-1.5629,-0.3988,-0.1554,-0.4929,0.1865
GAS,2024-09-30,69.19,69.28,68.71,68.9,647886,69.04,70.16,69.5,-0.2045,-1.7875,-0.8626,-0.0697,-0.2092,0.135
GAS,2024-10-01,69.0,69.37,68.71,68.71,1034022,69.07,70.03,69.54,-0.5179,-1.8714,-1.1924,-0.2171,-0.6405,0.1544
GAS,2024-10-02,69.0,69.66,68.62,68.62,1054613,69.05,69.86,69.6,-0.627,-1.7781,-1.4033,-0.2769,-0.9299,0.1719
GAS,2024-10-03,69.09,69.09,68.24,68.24,794441,68.97,69.71,69.65,-1.0509,-2.0992,-2.0135,-0.1234,-0.4086,0.1427
GAS,2024-10-04,68.53,69.37,68.24,69.0,868617,68.99,69.56,69.71,0.0136,-0.8025,-1.0187,0.0718,0.2394,0.1316
GAS,2024-10-07,69.19,69.37,68.34,68.62,581788,68.98,69.36,69.76,-0.5186,-1.0642,-1.6388,-0.1149,-0.3449,0.1324
GAS,2024-10-08,69.09,69.09,68.34,68.34,638862,68.87,69.17,69.81,-0.779,-1.2078,-2.1056,-0.1681,-0.5009,0.1351
GAS,2024-10-09,68.34,68.62,68.06,68.43,548921,68.77,69.01,69.86,-0.4927,-0.844,-2.0403,0.0511,0.1373,0.1374
GAS,2024-10-10,68.9,69.28,68.24,69.0,1047112,68.71,68.88,69.92,0.4247,0.164,-1.3129,0.1056,0.2891,0.1354
GAS,2024-10-11,69.19,69.37,68.9,68.9,604336,68.68,68.83,69.92,0.3289,0.1026,-1.4605,-0.2238,-0.6107,0.1422
GAS,2024-10-14,69.28,69.28,68.43,68.62,527144,68.65,68.85,69.95,-0.0411,-0.3281,-1.8935,-0.0744,-0.23,0.1427
GAS,2024-10-15,68.43,68.71,68.15,68.43,597333,68.62,68.85,69.96,-0.2743,-0.6016,-2.1863,-0.0,-0.0,0.121
GAS,2024-10-16,68.34,68.43,67.77,67.77,759380,68.54,68.79,70.01,-1.1125,-1.4846,-3.1903,-0.2881,-0.7955,0.1221
GAS,2024-10-17,67.77,68.06,67.02,67.3,741051,68.44,68.71,70.03,-1.6641,-2.0414,-3.8925,-0.071,-0.2213,0.1169
GAS,2024-10-18,67.4,68.06,67.4,67.49,322990,68.29,68.64,70.02,-1.1716,-1.6731,-3.6093,-0.0583,-0.1863,0.1155
GAS,2024-10-21,67.49,67.49,67.11,67.49,470617,68.18,68.58,69.97,-1.0079,-1.5853,-3.5406,0.1174,0.3328,0.1158
GAS,2024-10-22,67.49,67.68,67.02,67.02,546473,68.05,68.46,69.91,-1.5078,-2.1037,-4.1345,-0.1592,-0.4441,0.1149
GAS,2024-10-23,67.02,67.02,66.55,66.74,668356,67.88,68.32,69.83,-1.678,-2.3214,-4.431,-0.0547,-0.1611,0.1152
GAS,2024-10-24,66.74,67.02,66.74,66.83,414375,67.66,68.18,69.77,-1.2243,-1.9811,-4.2144,-0.03,-0.087,0.1077
GAS,2024-10-25,66.83,67.21,66.74,66.74,322990,67.44,68.06,69.7,-1.0468,-1.9432,-4.2532,-0.1158,-0.3245,0.0969
GAS,2024-10-28,66.74,66.83,66.55,66.55,311918,67.24,67.94,69.64,-1.022,-2.0504,-4.4409,-0.1541,-0.4205,0.1049
GAS,2024-10-29,66.55,66.93,66.55,66.64,352459,67.06,67.84,69.56,-0.6176,-1.7622,-4.1927,-0.0689,-0.1882,0.1117
GAS,2024-10-30,66.74,67.11,66.46,66.46,319335,66.93,67.73,69.44,-0.7032,-1.8831,-4.3003,-0.1598,-0.3845,0.0989
GAS,2024-10-31,66.83,66.83,66.36,66.36,621117,66.83,67.64,69.32,-0.7042,-1.8857,-4.2699,-0.2744,-0.76,0.1193
GAS,2024-11-01,66.36,66.55,65.89,66.08,434881,66.69,67.49,69.19,-0.9174,-2.0921,-4.4918,-0.0557,-0.1487,0.119
GAS,2024-11-04,66.27,66.27,65.8,65.8,466703,66.52,67.35,69.06,-1.0896,-2.3061,-4.7186,-0.1501,-0.4301,0.1223
GAS,2024-11-05,65.8,65.89,65.33,65.51,545382,66.37,67.21,68.91,-1.2906,-2.521,-4.9337,-0.0935,-0.2621,0.1157
GAS,2024-11-06,65.89,66.93,65.8,65.99,505958,66.3,67.09,68.79,-0.4686,-1.6416,-4.0799,-0.1049,-0.2881,0.1207
GAS,2024-11-07,66.83,66.83,65.99,65.99,375439,66.21,66.94,68.68,-0.3412,-1.4203,-3.9252,-0.1345,-0.3936,0.1312
GAS,2024-11-08,66.08,66.64,65.89,65.89,430443,66.13,66.79,68.56,-0.3559,-1.339,-3.8974,-0.1479,-0.3991,0.1344
GAS,2024-11-11,65.99,66.36,65.89,65.99,547051,66.07,66.65,68.45,-0.1282,-1.0027,-3.6067,-0.088,-0.2206,0.1278
GAS,2024-11-12,65.99,66.36,65.7,65.7,427710,65.98,66.52,68.34,-0.4138,-1.2241,-3.8605,-0.1312,-0.3517,0.134
GAS,2024-11-13,65.89,65.89,64.01,65.42,830818,65.87,66.4,68.21,-0.6859,-1.4743,-4.0928,0.1401,0.3749,0.132
GAS,2024-11-14,65.14,66.17,64.95,64.95,545852,65.73,66.28,68.08,-1.1886,-2.0095,-4.6037,-0.1386,-0.3823,0.1185
GAS,2024-11-15,64.86,65.33,64.57,64.57,776455,65.58,66.14,67.93,-1.5358,-2.3627,-4.9482,-0.1976,-0.5777,0.1326
GAS,2024-11-18,64.57,65.04,64.29,64.95,938378,65.5,66.01,67.78,-0.8336,-1.6043,-4.1795,0.2852,0.7695,0.1462
GAS,2024-11-19,65.42,65.61,63.91,63.91,694629,65.34,65.85,67.62,-2.1755,-2.9445,-5.4805,-0.2066,-0.5047,0.1575
GAS,2024-11-20,63.91,64.38,63.54,63.63,713697,65.1,65.7,67.46,-2.2556,-3.1449,-5.6755,-0.2119,-0.5128,0.1682
GAS,2024-11-21,63.82,64.57,63.82,64.2,1169371,64.92,65.57,67.31,-1.1164,-2.0889,-4.6287,-0.0,-0.0,0.1547
GAS,2024-11-22,64.57,66.46,64.57,65.14,1016902,64.85,65.49,67.22,0.45,-0.5318,-3.0921,-0.1534,-0.4682,0.1553
GAS,2024-11-25,65.33,66.17,65.23,65.23,903133,64.77,65.42,67.15,0.7121,-0.2878,-2.8623,-0.3974,-1.1756,0.1862
GAS,2024-11-26,65.33,65.8,65.33,65.51,449617,64.75,65.36,67.1,1.1775,0.2304,-2.3569,-0.0384,-0.1151,0.1769
GAS,2024-11-27,65.7,65.7,64.95,65.23,418508,64.73,65.3,67.02,0.7707,-0.1081,-2.674,-0.0562,-0.1516,0.1685
GAS,2024-11-28,65.23,65.89,65.23,65.23,444726,64.76,65.25,66.95,0.7267,-0.0216,-2.5618,-0.2067,-0.5906,0.1753
GAS,2024-11-29,65.23,65.7,65.14,65.51,284526,64.86,65.22,66.88,1.016,0.4546,-2.0436,0.037,0.0963,0.1593
GAS,2024-12-02,65.61,65.7,64.95,65.14,406129,64.87,65.19,66.81,0.4063,-0.0722,-2.5023,-0.1248,-0.3208,0.1432
GAS,2024-12-03,65.23,65.51,64.67,64.67,635508,64.95,65.14,66.72,-0.4348,-0.7297,-3.0702,-0.1962,-0.579,0.1422
GAS,2024-12-04,64.67,65.14,64.48,64.57,309857,65.04,65.07,66.62,-0.7236,-0.7667,-3.069,-0.0696,-0.2038,0.128
GAS,2024-12-05,64.67,65.7,64.48,64.86,632081,65.11,65.02,66.52,-0.3903,-0.2461,-2.5046,-0.034,-0.1018,0.1314
GAS,2024-12-06,65.8,65.8,64.95,65.14,432819,65.11,64.98,66.44,0.0434,0.2463,-1.9608,-0.0689,-0.2023,0.1229
GAS,2024-12-09,65.42,65.42,65.14,65.23,397177,65.11,64.94,66.37,0.1879,0.4493,-1.7105,-0.0549,-0.1692,0.0887
GAS,2024-12-10,65.33,65.51,64.95,64.95,403884,65.05,64.9,66.29,-0.1592,0.0725,-2.0248,-0.1524,-0.4553,0.1001
GAS,2024-12-11,64.95,65.14,64.57,64.67,540375,65.0,64.86,66.21,-0.5069,-0.3047,-2.3343,-0.1605,-0.4711,0.1105
GAS,2024-12-12,64.76,64.95,64.48,64.48,516999,64.92,64.84,66.14,-0.6815,-0.5589,-2.5078,-0.1839,-0.5099,0.1082
GAS,2024-12-13,64.48,64.57,64.2,64.38,348855,64.81,64.83,66.05,-0.6536,-0.6897,-2.5141,0.0,0.0,0.1045
GAS,2024-12-16,64.48,64.57,64.1,64.1,351048,64.7,64.79,65.96,-0.931,-1.0606,-2.8087,-0.1921,-0.5614,0.1112
GAS,2024-12-17,64.1,64.48,64.01,64.01,414016,64.64,64.79,65.87,-0.9757,-1.213,-2.8238,-0.2402,-0.5973,0.1156
GAS,2024-12-18,64.38,64.67,64.29,64.48,505584,64.63,64.84,65.79,-0.233,-0.5517,-1.9916,0.0,0.0,0.1087
GAS,2024-12-19,64.2,64.57,64.01,64.48,722922,64.59,64.85,65.7,-0.1749,-0.5733,-1.8568,0.1411,0.4042,0.1194
GAS,2024-12-20,64.48,64.76,64.38,64.57,342798,64.54,64.82,65.61,0.0583,-0.3848,-1.5838,0.0,0.0,0.1125
GAS,2024-12-23,64.76,65.04,64.48,64.48,565417,64.46,64.78,65.53,0.0292,-0.4722,-1.6031,-0.2595,-0.7233,0.133
GAS,2024-12-24,64.57,64.67,64.2,64.2,510724,64.38,64.72,65.44,-0.2924,-0.8072,-1.9072,-0.161,-0.4698,0.1338
GAS,2024-12-25,64.29,64.86,64.29,64.38,457811,64.36,64.68,65.38,0.0439,-0.4512,-1.5176,-0.0883,-0.2538,0.1266
GAS,2024-12-26,64.57,65.51,64.48,64.48,998374,64.36,64.64,65.32,0.1901,-0.2476,-1.2883,-0.3335,-0.9972,0.1416
GAS,2024-12-27,64.67,64.95,64.48,64.48,541006,64.37,64.59,65.26,0.1755,-0.1676,-1.1972,-0.1757,-0.4739,0.1592
GAS,2024-12-30,64.57,64.76,64.2,64.2,403368,64.38,64.54,65.19,-0.2778,-0.5323,-1.5305,-0.1414,-0.4068,0.1541
GAS,2024-12-31,64.38,64.67,64.1,64.1,771779,64.38,64.51,65.14,-0.4386,-0.6347,-1.5868,-0.2897,-0.7804,0.159
GAS,2025-01-02,64.29,64.48,64.01,64.1,428945,64.35,64.49,65.08,-0.3803,-0.5985,-1.507,-0.1601,-0.4208,0.175
GAS,2025-01-03,64.1,64.38,64.01,64.01,461525,64.3,64.45,65.03,-0.4538,-0.6792,-1.5663,-0.1171,-0.3305,0.1726
GAS,2025-01-06,64.01,64.2,63.35,63.54,675519,64.2,64.37,64.96,-1.0264,-1.2869,-2.1938,-0.1233,-0.3489,0.185
GAS,2025-01-07,63.63,63.91,62.97,63.07,684430,64.06,64.26,64.89,-1.543,-1.8531,-2.814,-0.1977,-0.5528,0.1788
GAS,2025-01-08,63.07,63.26,62.69,63.16,522641,63.95,64.17,64.82,-1.2364,-1.5696,-2.5644,0.1723,0.4821,0.1799
GAS,2025-01-09,63.26,63.54,62.88,63.07,370904,63.82,64.09,64.76,-1.1799,-1.5936,-2.6078,-0.0918,-0.2699,0.1803
GAS,2025-01-10,63.07,63.54,62.78,62.78,423495,63.65,64.0,64.68,-1.3605,-1.9046,-2.9366,-0.1175,-0.3545,0.1587
GAS,2025-01-13,62.78,63.16,62.31,62.5,543700,63.45,63.91,64.61,-1.4983,-2.2019,-3.2662,-0.1204,-0.3415,0.1531
GAS,2025-01-14,62.6,63.44,62.6,62.97,398081,63.33,63.85,64.56,-0.5648,-1.3783,-2.4525,-0.0225,-0.0661,0.1412
GAS,2025-01-15,63.26,63.44,62.88,62.88,395965,63.21,63.8,64.5,-0.5212,-1.4386,-2.5188,-0.1711,-0.5383,0.1294
GAS,2025-01-16,63.16,63.35,62.69,62.97,494534,63.1,63.72,64.44,-0.1939,-1.1744,-2.2816,-0.034,-0.0965,0.1168
GAS,2025-01-17,63.26,63.26,62.69,62.88,322610,62.98,63.64,64.38,-0.1644,-1.198,-2.3335,-0.054,-0.1443,0.1105
GAS,2025-01-20,63.26,64.2,62.88,63.73,663286,63.0,63.6,64.34,1.1505,0.1998,-0.951,0.0982,0.2919,0.108
GAS,2025-01-21,64.01,64.1,63.16,63.16,350164,63.01,63.53,64.28,0.239,-0.5852,-1.7426,-0.1866,-0.5702,0.1068
GAS,2025-01-22,63.54,63.54,62.78,62.88,314300,62.98,63.47,64.22,-0.1644,-0.927,-2.0959,-0.084,-0.251,0.098
GAS,2025-01-23,62.88,63.26,62.78,63.07,317886,62.98,63.4,64.18,0.1345,-0.5271,-1.7307,0.0246,0.0656,0.0913
GAS,2025-01-24,63.07,63.91,62.88,63.91,433426,63.1,63.37,64.16,1.2979,0.8541,-0.3785,0.1595,0.441,0.0955
GAS,2025-02-03,63.82,63.82,62.97,63.16,464089,63.16,63.31,64.13,0.0,-0.2305,-1.5089,-0.1084,-0.245,0.0943
GAS,2025-02-04,62.97,63.35,62.97,63.16,399294,63.18,63.26,64.09,-0.0298,-0.1488,-1.454,0.0,0.0,0.092
GAS,2025-02-05,63.54,64.1,63.44,63.82,653675,63.27,63.24,64.09,0.8628,0.9154,-0.423,0.0314,0.0963,0.0781
GAS,2025-02-06,64.2,64.2,63.54,63.63,540424,63.34,63.22,64.09,0.4607,0.6552,-0.7167,-0.1567,-0.4638,0.0903
GAS,2025-02-07,63.63,64.01,63.35,63.35,819020,63.39,63.18,64.07,-0.0594,0.2607,-1.1312,-0.2825,-0.798,0.1132
GAS,2025-02-10,63.26,63.63,62.97,63.35,734423,63.35,63.18,64.04,0.0,0.2756,-1.076,0.026,0.067,0.106
GAS,2025-02-11,63.35,63.91,62.6,63.07,672417,63.34,63.18,64.0,-0.431,-0.1713,-1.4503,-0.0711,-0.1857,0.0944
GAS,2025-02-12,63.07,63.54,63.07,63.16,344984,63.37,63.18,63.95,-0.3268,-0.0223,-1.2306,-0.0791,-0.2371,0.0939
GAS,2025-02-13,63.16,63.16,62.69,62.78,652055,63.34,63.16,63.9,-0.8768,-0.5961,-1.7442,-0.1466,-0.3892,0.1061
GAS,2025-02-14,63.35,63.91,63.07,63.73,1148668,63.32,63.21,63.87,0.6392,0.8191,-0.224,0.1712,0.4862,0.1073
GAS,2025-02-17,63.73,64.38,63.54,63.82,764369,63.39,63.27,63.84,0.6831,0.8628,-0.0236,-0.0633,-0.1935,0.1028
GAS,2025-02-18,64.01,64.29,63.73,64.01,635619,63.47,63.33,63.81,0.8453,1.0777,0.3068,-0.0,-0.0,0.1028
GAS,2025-02-19,64.2,64.95,63.91,64.67,1391454,63.56,63.42,63.81,1.7476,1.9742,1.3394,0.1433,0.4749,0.114
GAS,2025-02-20,65.14,65.23,64.48,64.76,603108,63.67,63.5,63.82,1.715,1.9788,1.4809,-0.0421,-0.1248,0.1025
GAS,2025-02-21,64.57,64.76,64.2,64.38,768870,63.77,63.58,63.81,0.9594,1.2658,0.9058,-0.0837,-0.2529,0.0826
GAS,2025-02-24,64.2,64.76,63.82,64.57,1067313,63.9,63.62,63.8,1.0607,1.4943,1.2188,0.1392,0.3996,0.094
GAS,2025-02-25,64.67,65.23,64.29,64.67,811623,64.06,63.7,63.78,0.9552,1.5221,1.3843,-0.0418,-0.1328,0.091
GAS,2025-02-26,64.67,64.86,64.38,64.38,520569,64.18,63.77,63.77,0.3227,0.9594,0.9594,-0.135,-0.4279,0.0966
GAS,2025-02-27,64.38,64.57,63.91,64.01,810546,64.3,63.82,63.76,-0.4538,0.295,0.3897,-0.1051,-0.3255,0.0925
GAS,2025-02-28,64.1,64.67,64.01,64.01,788934,64.33,63.82,63.75,-0.4975,0.2876,0.4046,-0.196,-0.5966,0.0949
GAS,2025-03-03,64.1,64.67,64.1,64.57,648941,64.4,63.9,63.75,0.2631,1.0607,1.2845,0.112,0.3569,0.0998
GAS,2025-03-04,64.57,65.33,64.29,65.04,1446897,64.51,63.99,63.77,0.8318,1.6475,1.9926,0.1759,0.5021,0.1174
GAS,2025-03-05,65.14,65.23,64.38,64.38,742204,64.48,64.02,63.78,-0.146,0.5734,0.9475,-0.1177,-0.3608,0.1148
GAS,2025-03-06,64.29,64.48,64.1,64.29,830862,64.43,64.05,63.78,-0.2191,0.3748,0.8059,0.0,0.0,0.1106
GAS,2025-03-07,64.29,64.38,63.73,63.82,1400205,64.38,64.07,63.76,-0.8627,-0.3967,0.0886,-0.2062,-0.648,0.1229
GAS,2025-03-10,64.1,64.2,63.26,63.82,1423956,64.3,64.1,63.75,-0.7466,-0.4332,0.1122,0.0613,0.1748,0.1151
GAS,2025-03-11,63.63,63.73,63.07,63.44,524630,64.18,64.12,63.73,-1.144,-1.0497,-0.4461,0.0126,0.0367,0.1122
GAS,2025-03-12,63.82,64.29,63.44,63.91,762710,64.13,64.15,63.72,-0.3376,-0.3741,0.3013,0.0157,0.046,0.1002
GAS,2025-03-13,63.91,64.76,63.82,64.29,1089423,64.16,64.23,63.72,0.2054,0.0953,0.8952,0.0,0.0,0.0897
GAS,2025-03-14,64.2,64.29,63.35,63.73,944662,64.13,64.23,63.71,-0.6311,-0.7841,0.0325,-0.0354,-0.106,0.0737
GAS,2025-03-17,63.82,64.38,63.73,64.2,1118340,64.09,64.25,63.7,0.1616,-0.0806,0.7802,0.1282,0.3702,0.0753
GAS,2025-03-18,64.57,65.8,64.1,65.04,2799984,64.09,64.3,63.72,1.4833,1.1565,2.083,0.0571,0.1771,0.0634
GAS,2025-03-19,65.04,65.7,64.57,64.76,705383,64.13,64.3,63.73,0.9834,0.7099,1.6188,-0.117,-0.3045,0.0634
GAS,2025-03-20,64.67,65.04,64.1,64.57,751046,64.16,64.3,63.74,0.6455,0.4319,1.3084,-0.0,-0.0,0.0634
GAS,2025-03-21,64.48,64.57,63.73,63.73,1175106,64.15,64.26,63.73,-0.6603,-0.8349,-0.0118,-0.3034,-0.989,0.0731
GAS,2025-03-24,64.01,64.01,63.07,63.26,1197442,64.09,64.2,63.73,-1.3071,-1.4663,-0.7415,-0.1412,-0.4193,0.0811
GAS,2025-03-25,63.54,63.63,63.16,63.26,769187,64.07,64.13,63.73,-1.2781,-1.3578,-0.7473,-0.1278,-0.3809,0.0926
GAS,2025-03-26,63.35,64.2,63.26,63.54,549281,64.04,64.08,63.74,-0.7791,-0.8519,-0.316,-0.0684,-0.1878,0.0978
GAS,2025-03-27,63.63,64.01,63.16,63.26,427958,63.93,64.05,63.74,-1.0601,-1.2346,-0.7649,-0.0952,-0.2949,0.1074
GAS,2025-03-28,63.44,63.44,62.88,62.88,773315,63.85,63.99,63.74,-1.5185,-1.7358,-1.3585,-0.2538,-0.7382,0.1292
GAS,2025-03-31,62.88,62.88,62.13,62.88,730088,63.72,63.9,63.75,-1.3148,-1.6055,-1.3702,0.1653,0.458,0.1329
GAS,2025-04-01,62.97,63.82,62.78,63.54,871673,63.57,63.83,63.76,-0.0444,-0.4572,-0.3543,0.1387,0.3988,0.1411
GAS,2025-04-02,63.26,63.63,63.07,63.16,255498,63.41,63.77,63.77,-0.386,-0.9521,-0.9536,-0.0428,-0.1325,0.1337
GAS,2025-04-03,59.77,61.56,58.83,58.83,2019618,62.83,63.5,63.69,-6.367,-7.3456,-7.6236,-0.1197,-0.3371,0.1456
GAS,2025-04-04,54.78,57.23,54.78,55.25,2749154,61.98,63.07,63.53,-10.858,-12.3881,-13.0319,-0.1192,-0.3247,0.1272
GAS,2025-04-08,52.71,53.0,51.39,51.39,2638742,60.8,62.45,63.29,-15.4668,-17.6967,-18.7911,-0.258,-0.6661,0.1389
GAS,2025-04-09,47.82,52.71,47.82,47.82,2771893,59.25,61.66,62.98,-19.301,-22.4546,-24.0748,-0.2543,-0.6735,0.1515
GAS,2025-04-10,51.11,51.11,51.11,51.11,57969,58.01,61.02,62.75,-11.8936,-16.2425,-18.5394,-0.0676,-0.1715,0.1515
GAS,2025-04-11,54.69,54.69,52.52,54.69,2260184,57.16,60.54,62.58,-4.3149,-9.6704,-12.6053,0.1637,0.4239,0.1583
GAS,2025-04-14,56.29,56.29,55.16,55.72,1095600,56.44,60.14,62.41,-1.2675,-7.348,-10.717,0.0,0.0,0.1329
GAS,2025-04-15,55.54,55.82,54.69,54.78,842624,55.63,59.67,62.25,-1.5228,-8.1947,-11.9889,-0.141,-0.3365,0.1305
GAS,2025-04-16,54.78,55.35,53.75,54.69,630914,54.75,59.16,62.08,-0.1032,-7.5503,-11.9003,0.0269,0.0609,0.1193
GAS,2025-04-17,53.94,54.88,53.65,54.69,484864,53.9,58.65,61.89,1.467,-6.7565,-11.6404,0.0781,0.19,0.1229
GAS,2025-04-18,54.97,55.91,54.88,54.97,658045,53.51,58.17,61.72,2.7265,-5.5016,-10.9349,-0.0855,-0.2532,0.1194
GAS,2025-04-21,54.97,55.25,54.41,54.69,300891,53.46,57.72,61.55,2.3067,-5.2511,-11.1431,-0.0208,-0.058,0.1096
GAS,2025-04-22,53.75,54.69,51.11,54.12,1112830,53.73,57.26,61.36,0.7358,-5.482,-11.7963,0.0832,0.2219,0.0921
GAS,2025-04-23,54.69,55.16,54.03,54.12,698924,54.36,56.81,61.18,-0.4329,-4.7225,-11.5385,-0.1455,-0.3652,0.0813
GAS,2025-04-24,54.12,54.6,53.94,54.12,411235,54.66,56.34,61.0,-0.9816,-3.9265,-11.2764,-0.051,-0.1271,0.0796
GAS,2025-04-25,54.22,55.07,54.12,55.07,914869,54.7,55.93,60.85,0.6711,-1.54,-9.5044,0.1781,0.4182,0.081
GAS,2025-04-28,54.97,55.07,54.69,54.97,272057,54.62,55.53,60.67,0.6376,-1.0086,-9.3984,0.0454,0.1202,0.0856
GAS,2025-04-29,54.97,54.97,54.78,54.88,310949,54.63,55.13,60.5,0.448,-0.461,-9.2861,0.0,0.0,0.0715
GAS,2025-05-05,54.97,55.25,54.41,55.07,659689,54.67,54.71,60.32,0.7231,0.6538,-8.705,0.0995,0.2582,0.0787
GAS,2025-05-06,55.35,56.29,55.16,56.1,901786,54.81,54.36,60.15,2.3527,3.2124,-6.7234,0.123,0.3825,0.0832
GAS,2025-05-07,56.1,57.89,56.1,56.95,886178,55.01,54.26,59.99,3.525,4.9527,-5.0683,-0.0114,-0.0327,0.0758
GAS,2025-05-08,57.42,58.08,57.14,57.8,863199,55.32,54.39,59.86,4.4751,6.2651,-3.4439,0.0839,0.2042,0.0821
GAS,2025-05-09,57.98,58.36,57.23,57.51,492943,55.66,54.69,59.72,3.3316,5.1545,-3.6885,-0.0626,-0.1819,0.08
GAS,2025-05-12,57.42,58.83,57.42,58.64,836157,56.11,55.24,59.6,4.5127,6.1691,-1.5984,0.1115,0.309,0.0766
GAS,2025-05-13,58.83,58.93,58.17,58.36,668467,56.53,55.6,59.48,3.2301,4.9691,-1.8739,-0.0697,-0.1838,0.0785
GAS,2025-05-14,58.36,58.64,57.98,58.27,657223,56.85,55.78,59.36,2.4834,4.4638,-1.8426,-0.0187,-0.0438,0.0626
GAS,2025-05-15,58.27,58.45,57.8,58.36,670110,57.19,55.91,59.25,2.0408,4.3859,-1.4966,0.0951,0.2741,0.0675
GAS,2025-05-16,58.36,58.36,57.8,58.17,298990,57.52,56.08,59.12,1.1291,3.7348,-1.6018,0.0154,0.0434,0.0691
GAS,2025-05-19,57.23,57.61,57.14,57.14,585495,57.73,56.2,58.96,-1.0272,1.6665,-3.094,-0.1193,-0.3362,0.071
GAS,2025-05-20,57.23,57.23,56.48,56.95,606057,57.81,56.31,58.81,-1.4979,1.1283,-3.169,0.0304,0.0754,0.0618
GAS,2025-05-21,56.95,57.33,56.67,56.76,315994,57.8,56.4,58.66,-1.7915,0.6342,-3.2413,-0.0411,-0.1086,0.0648
GAS,2025-05-22,56.85,57.89,56.85,57.42,761684,57.76,56.54,58.53,-0.5867,1.5566,-1.904,0.0106,0.0309,0.0574
GAS,2025-05-23,57.51,59.68,57.51,59.3,1314682,57.94,56.8,58.44,2.3558,4.4084,1.4689,0.2121,0.63,0.0724
GAS,2025-05-26,59.4,59.77,57.89,59.3,633710,58.0,57.06,58.36,2.2395,3.9347,1.6129,0.0428,0.1188,0.0655
GAS,2025-05-27,59.77,60.15,59.21,59.96,780094,58.16,57.35,58.28,3.0911,4.5548,2.8813,0.0838,0.2481,0.0669
GAS,2025-05-28,60.24,60.9,60.24,60.34,1153927,58.37,57.61,58.2,3.3704,4.73,3.668,-0.1588,-0.4591,0.0809
GAS,2025-05-29,60.24,60.43,59.96,60.24,674253,58.56,57.88,58.13,2.8774,4.0904,3.6303,0.0222,0.0638,0.0736
GAS,2025-05-30,60.24,61.47,60.24,61.18,1363574,58.86,58.19,58.07,3.9501,5.144,5.3587,0.1238,0.3493,0.0845
GAS,2025-06-02,60.9,61.75,60.34,61.66,724959,59.31,58.52,58.0,3.9518,5.3563,6.2932,0.1034,0.3649,0.0829
GAS,2025-06-03,61.66,62.03,61.47,61.94,745474,59.81,58.81,57.95,3.5568,5.3137,6.8841,0.0901,0.2844,0.0889
GAS,2025-06-04,61.94,61.94,60.9,61.0,741828,60.23,59.01,57.88,1.2658,3.3575,5.3898,-0.1097,-0.3236,0.0957
GAS,2025-06-05,61.0,61.0,59.77,60.05,807057,60.5,59.13,57.8,-0.7313,1.5681,3.8953,-0.0918,-0.2588,0.1039
GAS,2025-06-06,60.05,60.05,59.11,59.3,873482,60.5,59.22,57.72,-1.976,0.1431,2.733,-0.0835,-0.2362,0.091
GAS,2025-06-09,59.4,60.05,59.11,59.58,554973,60.53,59.26,57.65,-1.5552,0.54,3.3537,0.0,0.0,0.0867
GAS,2025-06-10,59.58,59.87,59.02,59.21,428952,60.45,59.31,57.56,-2.0554,-0.1667,2.8551,-0.0625,-0.1734,0.0846
GAS,2025-06-11,59.3,59.58,58.74,58.93,490503,60.31,59.34,57.48,-2.2944,-0.698,2.5188,-0.1027,-0.2526,0.079
GAS,2025-06-12,59.77,59.77,58.93,59.11,480239,60.2,59.38,57.4,-1.7983,-0.4439,2.9812,-0.0632,-0.1776,0.0831
GAS,2025-06-13,60.62,62.13,59.96,60.62,3701324,60.14,59.5,57.36,0.7982,1.8826,5.6881,-0.2573,-0.753,0.0964
GAS,2025-06-16,62.13,64.86,61.84,64.86,3185256,60.46,59.89,57.38,7.2707,8.2993,13.0212,0.4978,1.4262,0.1359
GAS,2025-06-17,65.51,65.8,64.2,65.23,2773875,60.79,60.3,57.42,7.3088,8.1798,13.5954,0.202,0.6289,0.147
GAS,2025-06-18,65.89,67.11,65.14,66.74,2667613,61.36,60.8,57.58,8.759,9.7693,15.8989,0.3635,1.0889,0.1724
GAS,2025-06-19,66.74,68.06,65.99,67.59,2689421,62.12,61.31,57.83,8.8044,10.2411,16.8696,0.3736,1.1841,0.2006
GAS,2025-06-20,67.77,67.77,65.23,65.42,1745659,62.73,61.61,58.11,4.2917,6.1798,12.5798,-0.3267,-0.9272,0.2249
GAS,2025-06-23,69.28,69.28,67.4,68.34,2944181,63.6,62.06,58.52,7.4441,10.1084,16.7766,0.0,0.0,0.2249
GAS,2025-06-24,64.1,66.27,64.1,65.04,2635888,64.19,62.32,58.8,1.3345,4.3728,10.6202,-0.0689,-0.1891,0.2256
GAS,2025-06-25,64.76,64.86,63.54,63.54,1727482,64.65,62.48,58.98,-1.7181,1.6949,7.7345,-0.3555,-1.02,0.2508
GAS,2025-06-26,63.73,64.48,63.54,64.48,763083,65.19,62.69,59.15,-1.083,2.8529,9.007,0.2043,0.5679,0.265
GAS,2025-06-27,64.48,64.57,63.63,64.01,702702,65.52,62.83,59.34,-2.3129,1.8727,7.8749,-0.0332,-0.0924,0.2425
GAS,2025-06-30,64.2,64.29,63.35,63.82,676141,65.42,62.94,59.52,-2.446,1.3983,7.2276,0.0,0.0,0.1928
GAS,2025-07-01,63.54,63.82,62.5,62.5,860628,65.15,62.97,59.67,-4.0601,-0.74,4.7385,-0.2389,-0.6346,0.1965
GAS,2025-07-02,62.5,63.07,62.31,62.5,565194,64.72,63.04,59.83,-3.4322,-0.8585,4.4748,-0.0467,-0.1358,0.1648
GAS,2025-07-03,62.97,63.54,62.31,62.31,914152,64.2,63.16,59.98,-2.9326,-1.3339,3.8953,-0.1759,-0.4678,0.145
GAS,2025-07-04,62.5,62.78,62.31,62.5,557316,63.9,63.32,60.15,-2.1947,-1.286,3.9189,-0.0316,-0.0844,0.1155
GAS,2025-07-07,62.78,62.78,62.5,62.6,503042,63.33,63.47,60.31,-1.1593,-1.3719,3.783,-0.0221,-0.0776,0.1177
GAS,2025-07-08,63.16,63.73,62.78,63.73,912247,63.2,63.69,60.51,0.8341,0.0517,5.3205,0.149,0.4305,0.1257
GAS,2025-07-09,63.91,64.01,63.63,64.01,953313,63.25,63.95,60.69,1.2055,0.0957,5.4754,0.1308,0.3711,0.1033
GAS,2025-07-10,64.1,64.86,63.63,64.38,1139402,63.24,64.21,60.87,1.816,0.2712,5.7677,0.0445,0.1269,0.0873
GAS,2025-07-11,64.1,64.48,63.63,63.91,688133,63.23,64.38,61.05,1.0868,-0.7165,4.6838,-0.0363,-0.0975,0.0876
GAS,2025-07-14,64.48,64.57,63.91,64.2,771989,63.26,64.34,61.24,1.473,-0.2268,4.8328,-0.0144,-0.0445,0.089
GAS,2025-07-15,64.2,64.48,63.73,63.73,802790,63.39,64.27,61.39,0.5346,-0.8422,3.8057,-0.0739,-0.2065,0.0725
GAS,2025-07-16,63.73,63.91,63.26,63.44,526909,63.48,64.1,61.52,-0.0593,-1.0279,3.1275,-0.0298,-0.0948,0.0708
GAS,2025-07-17,63.54,63.91,63.07,63.73,1394340,63.62,63.91,61.64,0.1627,-0.2872,3.3872,0.1048,0.2844,0.0637
GAS,2025-07-18,63.91,64.48,63.44,64.1,904209,63.78,63.84,61.77,0.5018,0.4055,3.7762,0.0314,0.0909,0.0637
GAS,2025-07-21,64.2,64.2,63.26,63.54,728324,63.88,63.6,61.87,-0.5305,-0.1036,2.6991,-0.0318,-0.0892,0.0647
GAS,2025-07-22,63.73,63.91,63.16,63.91,654881,63.9,63.55,61.98,0.0295,0.5777,3.1225,0.0644,0.1705,0.0562
GAS,2025-07-23,64.1,65.23,63.63,64.95,1706029,63.99,63.62,62.11,1.5004,2.0937,4.5676,0.1383,0.3564,0.057
GAS,2025-07-24,65.04,66.08,64.95,65.04,1237600,64.06,63.65,62.25,1.543,2.1963,4.4943,-0.1492,-0.4091,0.0674
GAS,2025-07-25,65.04,65.89,64.67,64.67,1100648,64.13,63.68,62.38,0.8366,1.5521,3.6731,-0.1158,-0.2955,0.0754
GAS,2025-07-28,65.04,65.33,64.29,64.86,1180965,64.2,63.73,62.53,1.0264,1.765,3.7182,0.0087,0.0259,0.0748
GAS,2025-07-29,64.86,66.36,64.01,64.01,2111426,64.22,63.81,62.67,-0.3371,0.3172,2.1328,-0.0771,-0.2116,0.0751
GAS,2025-07-30,64.67,64.67,63.26,63.91,905438,64.27,63.88,62.81,-0.5565,0.0589,1.7503,-0.0053,-0.015,0.0727
GAS,2025-07-31,65.51,65.51,63.63,63.73,840979,64.27,63.95,62.94,-0.8494,-0.3459,1.2473,-0.0745,-0.196,0.0696
GAS,2025-08-01,64.2,64.2,63.35,63.63,890436,64.22,64.0,63.03,-0.9233,-0.5809,0.9588,-0.0361,-0.0884,0.0701
GAS,2025-08-04,63.73,64.76,63.54,64.01,2048458,64.27,64.07,63.12,-0.4101,-0.1028,1.4048,-0.0446,-0.1214,0.0714
GAS,2025-08-05,64.38,65.33,63.44,63.82,2023677,64.26,64.08,63.2,-0.6884,-0.404,0.983,-0.1256,-0.3119,0.0775
GAS,2025-08-06,63.82,65.23,63.82,65.23,1301814,64.29,64.14,63.3,1.4641,1.7024,3.0575,0.18,0.4163,0.0817
GAS,2025-08-07,65.8,65.8,64.57,65.04,980245,64.29,64.17,63.39,1.1713,1.3568,2.6045,-0.0221,-0.0618,0.069
GAS,2025-08-08,65.33,66.74,64.95,66.08,2214217,64.43,64.28,63.49,2.5566,2.7969,4.0771,0.0585,0.1552,0.0633
GAS,2025-08-11,66.17,67.02,65.99,66.27,1232042,64.57,64.38,63.58,2.6239,2.924,4.2222,-0.0638,-0.1532,0.0688
GAS,2025-08-12,66.27,67.11,65.89,66.36,1695903,64.81,64.52,63.67,2.3965,2.8596,4.2252,-0.0453,-0.1191,0.0656
GAS,2025-08-13,66.46,66.74,65.23,65.89,1890630,65.01,64.64,63.77,1.3611,1.9368,3.3271,-0.0239,-0.0544,0.0674
GAS,2025-08-14,66.08,66.17,65.14,65.61,1227101,65.19,64.73,63.88,0.6353,1.3523,2.7054,-0.0119,-0.028,0.0612
GAS,2025-08-15,65.89,67.3,65.33,65.61,1679691,65.39,64.81,64.01,0.3311,1.2346,2.503,-0.1032,-0.24,0.0679
GAS,2025-08-18,66.93,66.93,65.51,65.89,1177304,65.58,64.93,64.13,0.4737,1.486,2.7417,-0.0609,-0.1482,0.0695
GAS,2025-08-19,66.17,66.64,65.7,65.8,1328741,65.78,65.02,64.26,0.0286,1.1944,2.3846,-0.0958,-0.2329,0.0665
GAS,2025-08-20,65.89,65.99,63.54,64.29,1688499,65.68,64.99,64.37,-2.121,-1.0718,-0.1258,-0.0565,-0.1277,0.0542
GAS,2025-08-21,64.95,65.42,64.01,65.23,1062477,65.7,65.0,64.49,-0.7163,0.3621,1.1443,0.0729,0.1717,0.0593
GAS,2025-08-22,64.95,65.04,64.01,64.01,1197617,65.5,64.96,64.56,-2.2708,-1.4707,-0.8573,-0.085,-0.2096,0.0619
GAS,2025-08-25,64.86,65.51,64.48,64.67,968482,65.34,64.95,64.56,-1.0229,-0.442,0.1691,-0.0561,-0.1431,0.0611
GAS,2025-08-26,64.76,65.42,64.67,65.42,779131,65.24,65.03,64.56,0.2741,0.608,1.3297,0.0639,0.151,0.063
GAS,2025-08-27,65.61,65.61,64.67,64.86,1393145,65.14,65.07,64.52,-0.4335,-0.3327,0.5135,-0.0793,-0.1775,0.0685
GAS,2025-08-28,65.5,65.5,64.7,64.9,771485,65.07,65.13,64.47,-0.2568,-0.3543,0.6662,-0.0561,-0.1237,0.073
GAS,2025-08-29,65.0,65.0,63.8,63.8,1479957,64.89,65.14,64.44,-1.6741,-2.0559,-0.9903,-0.1546,-0.3566,0.0781
GAS,2025-09-03,64.2,64.4,63.4,63.8,897084,64.68,65.13,64.35,-1.3562,-2.0402,-0.8506,-0.0233,-0.0539,0.0743
GAS,2025-09-04,63.9,64.2,63.8,64.2,721211,64.52,65.15,64.33,-0.492,-1.4548,-0.2028,0.0829,0.191,0.0731
GAS,2025-09-05,64.9,65.2,63.6,63.8,1221479,64.47,65.08,64.34,-1.0367,-1.961,-0.8327,-0.0579,-0.1369,0.0732
GAS,2025-09-08,63.8,64.2,62.6,62.6,1298636,64.21,64.95,64.3,-2.5001,-3.624,-2.641,-0.0807,-0.1926,0.074
GAS,2025-09-09,63.0,63.1,61.6,62.1,1262474,64.01,64.75,64.26,-2.9905,-4.1001,-3.3613,-0.064,-0.1419,0.0719
GAS,2025-09-10,62.1,62.5,61.7,61.9,759169,63.74,64.54,64.22,-2.8831,-4.0855,-3.6149,-0.0936,-0.2159,0.0756
GAS,2025-09-11,62.4,62.6,61.3,62.0,812672,63.4,64.32,64.21,-2.2013,-3.6048,-3.4441,0.0069,0.0151,0.0699
GAS,2025-09-12,62.3,62.9,61.7,62.5,556100,63.16,64.15,64.21,-1.045,-2.5705,-2.6654,0.0298,0.065,0.065
GAS,2025-09-15,62.6,63.3,62.6,63.2,651000,62.99,64.03,64.23,0.3334,-1.294,-1.6024,0.0726,0.1504,0.0666
GAS,2025-09-16,63.6,63.6,62.7,62.7,773700,62.88,63.88,64.23,-0.2863,-1.852,-2.3868,-0.0952,-0.2095,0.0607
GAS,2025-09-17,62.8,64.3,62.8,64.0,1489100,62.9,63.79,64.26,1.7488,0.3315,-0.4065,0.1122,0.2566,0.0696
GAS,2025-09-18,64.0,64.1,62.9,63.0,731300,62.78,63.65,64.25,0.3504,-1.0192,-1.9405,-0.1602,-0.332,0.0773
GAS,2025-09-19,63.3,63.3,62.5,62.5,658200,62.65,63.56,64.22,-0.2394,-1.6665,-2.673,-0.124,-0.2521,0.0839
GAS,2025-09-22,62.4,62.5,61.2,61.8,883600,62.57,63.39,64.16,-1.2306,-2.5046,-3.6856,-0.0101,-0.0216,0.0769
GAS,2025-09-23,61.9,62.0,61.2,61.6,544500,62.52,63.27,64.12,-1.4715,-2.6351,-3.928,0.0,0.0,0.0705
GAS,2025-09-24,61.6,61.7,61.1,61.6,558200,62.49,63.11,64.07,-1.4242,-2.3985,-3.8501,0.0427,0.0988,0.0654
GAS,2025-09-25,62.0,62.3,61.8,61.9,550000,62.48,62.94,64.03,-0.9283,-1.6489,-3.3267,-0.0504,-0.1173,0.0697
GAS,2025-09-26,62.3,62.4,61.5,61.5,265100,62.38,62.77,63.99,-1.4107,-2.0233,-3.8931,-0.044,-0.1,0.0711
GAS,2025-09-29,61.6,62.0,61.4,61.5,381300,62.21,62.6,63.95,-1.1413,-1.7572,-3.8262,-0.0505,-0.1152,0.0689
GAS,2025-09-30,61.5,61.7,60.4,60.4,647500,61.98,62.43,63.87,-2.5492,-3.2516,-5.4368,-0.1221,-0.2583,0.0716
GAS,2025-10-01,60.5,60.9,60.5,60.6,211700,61.64,62.27,63.81,-1.6872,-2.6819,-5.0364,-0.0339,-0.0674,0.0638
GAS,2025-10-02,60.7,61.0,60.3,60.3,454300,61.37,62.08,63.74,-1.7435,-2.8594,-5.3993,-0.0822,-0.1855,0.056
GAS,2025-10-03,60.2,60.5,60.0,60.1,470400,61.13,61.89,63.64,-1.6849,-2.8922,-5.5694,-0.0524,-0.1273,0.0488
GAS,2025-10-06,61.1,61.1,60.2,60.8,420400,61.03,61.8,63.56,-0.3769,-1.6181,-4.342,0.0157,0.0334,0.0494
GAS,2025-10-07,61.1,61.1,60.6,60.9,302600,60.96,61.74,63.48,-0.0984,-1.3605,-4.0709,0.0102,0.0229,0.0504
GAS,2025-10-08,61.2,61.6,60.9,60.9,379300,60.89,61.69,63.41,0.0164,-1.2806,-3.9512,-0.0743,-0.1378,0.0536
GAS,2025-10-09,60.9,61.4,60.6,60.9,363100,60.79,61.64,63.34,0.181,-1.1925,-3.857,-0.0163,-0.0316,0.0502
GAS,2025-10-10,60.9,61.2,60.6,60.9,592500,60.73,61.55,63.28,0.2799,-1.0641,-3.7654,-0.0,-0.0,0.0458
GAS,2025-10-13,60.1,60.9,60.1,60.6,516900,60.64,61.42,63.22,-0.066,-1.3431,-4.1447,0.0151,0.0303,0.0422
GAS,2025-10-14,60.9,60.9,60.0,60.0,568000,60.6,61.29,63.15,-0.9901,-2.1047,-4.9846,-0.056,-0.1068,0.0356
GAS,2025-10-15,60.0,60.2,58.8,59.0,1271300,60.44,61.04,63.05,-2.3825,-3.3421,-6.4198,-0.1641,-0.2855,0.0486
GAS,2025-10-16,58.8,59.2,58.5,58.7,956300,60.28,60.82,62.95,-2.6211,-3.4936,-6.7441,-0.0608,-0.1097,0.0465
GAS,2025-10-17,58.7,59.2,58.5,58.6,320000,60.13,60.63,62.81,-2.5445,-3.3482,-6.7064,-0.0249,-0.0449,0.0437
GAS,2025-10-20,58.6,59.5,57.0,57.0,604700,59.75,60.39,62.65,-4.6025,-5.6135,-9.0207,-0.0356,-0.0723,0.0457
GAS,2025-10-21,57.3,58.8,56.0,56.0,837900,59.26,60.11,62.45,-5.5012,-6.8375,-10.3283,-0.1088,-0.2102,0.0556
GAS,2025-10-22,57.2,59.0,57.2,59.0,1023700,59.07,59.98,62.3,-0.1185,-1.6339,-5.304,0.1743,0.3495,0.0656
GAS,2025-10-23,60.0,60.7,59.5,59.8,554800,58.96,59.88,62.17,1.4247,-0.1253,-3.8174,-0.0518,-0.1052,0.0691
GAS,2025-10-24,60.4,60.8,59.6,59.6,643300,58.83,59.78,62.05,1.3089,-0.3011,-3.9447,-0.1214,-0.2308,0.0813
GAS,2025-10-27,60.2,60.2,59.3,59.3,512900,58.7,59.67,61.92,1.0221,-0.6201,-4.2335,-0.0726,-0.1496,0.087
GAS,2025-10-28,59.3,60.2,59.1,60.0,660100,58.7,59.65,61.81,2.2147,0.5868,-2.9271,0.0527,0.1001,0.0867
GAS,2025-10-29,60.1,61.2,60.0,60.2,639500,58.82,59.63,61.7,2.3461,0.9559,-2.4239,-0.1143,-0.2552,0.0817
GAS,2025-10-30,60.2,60.8,59.7,59.7,460400,58.92,59.6,61.57,1.3238,0.1678,-3.0427,-0.085,-0.1854,0.0841
GAS,2025-10-31,59.8,62.3,59.8,61.6,1173700,59.22,59.68,61.52,4.0189,3.2258,0.1306,0.0798,0.1617,0.0896
GAS,2025-11-03,62.0,62.9,61.5,61.5,1095100,59.67,59.71,61.45,3.0669,2.9978,0.0895,-0.1159,-0.2777,0.0977
GAS,2025-11-04,62.1,62.2,60.1,60.5,1008600,60.12,59.69,61.37,0.6321,1.357,-1.4254,-0.0613,-0.1448,0.0929
GAS,2025-11-05,60.7,63.6,60.6,63.0,1680600,60.52,59.8,61.34,4.0978,5.36,2.7037,0.2736,0.6252,0.1028
GAS,2025-11-06,63.3,63.3,61.7,62.1,626000,60.75,59.86,61.28,2.2222,3.7507,1.3462,-0.0881,-0.1963,0.1065
GAS,2025-11-07,61.8,62.9,61.0,62.9,1225100,61.08,59.96,61.24,2.9797,4.912,2.7174,0.1987,0.4391,0.1142
GAS,2025-11-10,62.8,62.8,61.0,61.2,738300,61.27,59.98,61.16,-0.1142,2.0255,0.0621,-0.1588,-0.3241,0.1228
GAS,2025-11-11,61.3,62.0,60.9,61.1,553500,61.38,60.04,61.11,-0.4562,1.7655,-0.0131,-0.0838,-0.1873,0.1259
GAS,2025-11-12,61.5,62.0,60.6,61.9,648800,61.55,60.18,61.07,0.5686,2.8495,1.3591,0.1145,0.2553,0.126
GAS,2025-11-13,61.7,63.5,61.4,62.9,1158200,61.87,60.4,61.04,1.6648,4.1477,3.0404,0.1215,0.2625,0.1296
GAS,2025-11-14,62.9,63.4,62.5,62.8,496800,61.99,60.6,61.02,1.3067,3.6218,2.9103,-0.0484,-0.1166,0.1265
GAS,2025-11-17,63.2,63.8,62.0,63.0,689000,62.14,60.9,61.03,1.384,3.4398,3.2245,0.0183,0.0441,0.1167
GAS,2025-11-18,63.4,63.4,62.1,62.4,749600,62.33,61.22,61.04,0.1123,1.9192,2.2314,-0.1106,-0.2427,0.1216
GAS,2025-11-19,62.5,62.8,62.0,62.2,380800,62.25,61.39,61.04,-0.0803,1.3277,1.8937,-0.0452,-0.1025,0.0988
GAS,2025-11-20,62.2,62.3,61.7,62.1,392000,62.25,61.5,61.05,-0.241,0.9756,1.7266,0.0368,0.0836,0.0937
GAS,2025-11-21,61.6,61.9,61.0,61.9,467300,62.15,61.62,61.03,-0.4023,0.4625,1.4189,0.1109,0.2556,0.0849
GAS,2025-11-24,61.9,62.0,61.0,61.0,390000,62.13,61.7,60.99,-1.8188,-1.1345,0.0164,-0.121,-0.2458,0.0811
GAS,2025-11-25,61.0,61.4,60.8,60.8,405700,62.1,61.74,60.95,-2.0934,-1.5225,-0.2494,-0.0846,-0.1862,0.0812
GAS,2025-11-26,60.8,62.0,60.7,62.0,529300,62.11,61.83,60.91,-0.1771,0.2749,1.7862,0.1083,0.2362,0.0805
GAS,2025-11-27,61.9,63.1,61.5,63.0,1562200,62.12,62.0,60.91,1.4166,1.6211,3.4279,0.3893,0.8894,0.1073
GAS,2025-11-28,63.0,63.8,62.5,63.4,1243100,62.18,62.08,60.93,1.962,2.1181,4.0538,0.1092,0.2561,0.1134
GAS,2025-12-01,63.4,65.8,63.4,65.4,2743800,62.42,62.28,61.0,4.7741,5.0096,7.2096,0.4766,1.2092,0.1592
GAS,2025-12-02,65.4,66.1,64.8,66.1,1960300,62.79,62.56,61.09,5.2715,5.6586,8.1975,0.4425,1.0218,0.1924
GAS,2025-12-03,66.2,66.2,64.3,64.5,1151400,63.02,62.63,61.15,2.3485,2.9776,5.4783,-0.196,-0.4345,0.2075
GAS,2025-12-04,64.6,65.0,64.1,65.0,1027400,63.31,62.78,61.21,2.6694,3.5362,6.1883,0.2792,0.6284,0.2318
GAS,2025-12-05,65.2,65.2,64.0,64.0,735600,63.52,62.83,61.26,0.7557,1.8541,4.4693,-0.1489,-0.3259,0.2356
GAS,2025-12-08,64.1,65.4,63.6,65.4,1050700,63.96,63.04,61.34,2.2514,3.7354,6.6188,0.2383,0.5373,0.2473
GAS,2025-12-09,65.3,65.3,63.6,64.0,731000,64.28,63.19,61.41,-0.4356,1.2818,4.2142,-0.0836,-0.1951,0.2472
GAS,2025-12-10,63.9,64.1,63.4,63.5,443900,64.43,63.27,61.47,-1.4434,0.3635,3.3024,-0.1019,-0.2447,0.2466
GAS,2025-12-11,63.6,63.9,62.5,62.6,470100,64.39,63.26,61.52,-2.7799,-1.0355,1.7621,-0.1218,-0.2694,0.2198
GAS,2025-12-12,62.6,62.9,61.3,61.3,598400,64.18,63.18,61.54,-4.4874,-2.9756,-0.39,-0.0738,-0.1855,0.2163
GAS,2025-12-15,61.3,62.4,61.0,62.1,620600,63.85,63.14,61.57,-2.7408,-1.6393,0.8674,0.116,0.2835,0.1802
GAS,2025-12-16,62.5,64.3,62.1,64.3,870400,63.67,63.23,61.63,0.9895,1.6922,4.3255,0.1562,0.3416,0.1516
GAS,2025-12-17,64.2,64.8,62.9,62.9,532900,63.51,63.26,61.67,-0.9605,-0.5769,1.9879,-0.1739,-0.3914,0.1494
GAS,2025-12-18,63.6,63.8,62.4,63.3,625000,63.34,63.32,61.72,-0.0632,-0.0395,2.5566,0.0719,0.1602,0.1286
GAS,2025-12-19,63.6,64.0,63.0,64.0,658000,63.34,63.43,61.78,1.042,0.8986,3.5867,0.1333,0.2733,0.1271
GAS,2025-12-22,64.3,65.3,64.2,65.3,1262800,63.33,63.64,61.88,3.1107,2.6004,5.5302,0.2602,0.5571,0.1293
GAS,2025-12-23,65.3,66.3,64.6,65.3,1512400,63.46,63.87,61.98,2.8995,2.2389,5.3498,-0.0694,-0.1361,0.1279
GAS,2025-12-24,65.4,66.1,64.4,66.1,1526800,63.72,64.08,62.13,3.7351,3.1604,6.3967,0.3823,0.7867,0.1559
GAS,2025-12-25,66.1,69.3,65.5,69.2,3702300,64.38,64.39,62.34,7.4868,7.4784,11.0113,0.573,1.3091,0.201
GAS,2025-12-26,69.0,70.9,68.0,70.5,2428400,65.3,64.74,62.57,7.9632,8.8971,12.6666,0.3679,0.7732,0.2304
GAS,2025-12-29,70.6,75.4,70.2,75.1,5613700,66.6,65.22,62.94,12.7628,15.1399,19.3276,1.6441,3.8055,0.3832
GAS,2025-12-30,75.1,75.7,73.8,74.9,1764400,67.66,65.67,63.31,10.7006,14.0638,18.2993,0.0901,0.1996,0.3766
GAS,2025-12-31,74.5,75.8,72.4,72.4,1872800,68.61,66.06,63.58,5.524,9.5973,13.8687,-0.408,-0.9661,0.4
