ticker,time,open,high,low,close,volume,ma10,ma20,ma50,ma10_score,ma20_score,ma50_score,money_flow,dollar_flow,trend_score
GEX,2015-10-26,7.48,7.48,6.38,7.48,18200,,,,,,,0.0323,0.0261,0.0032
GEX,2015-10-27,6.9,6.9,6.9,6.9,3500,,,,,,,0.0069,0.0062,0.0039
GEX,2015-10-28,6.52,6.52,5.9,5.97,31900,,,,,,,-0.0483,-0.0328,0.0087
GEX,2015-10-29,5.97,6.52,5.93,6.28,20300,,,,,,,0.0075,0.0049,0.0095
GEX,2015-10-30,6.07,6.55,6.07,6.38,19500,,,,,,,0.015,0.0104,0.011
GEX,2015-11-02,6.41,6.52,6.0,6.31,8200,,,,,,,0.0038,0.0027,0.0114
GEX,2015-11-03,6.31,6.55,6.24,6.55,56900,,,,,,,0.0918,0.0627,0.0206
GEX,2015-11-04,6.59,7.24,6.55,6.93,70000,,,,,,,0.0152,0.0113,0.0221
GEX,2015-11-05,7.41,7.79,7.41,7.79,20812,,,,,,,0.0518,0.0427,0.0273
GEX,2015-11-06,8.45,8.83,7.93,8.21,75488,6.88,,,19.2982,,,-0.0544,-0.047,0.0327
GEX,2015-11-09,8.34,8.34,7.1,8.07,135200,6.94,,,16.3022,,,0.1471,0.1207,0.0442
GEX,2015-11-10,8.38,8.38,6.97,7.24,133600,6.97,,,3.8575,,,-0.2568,-0.2001,0.0692
GEX,2015-11-11,6.65,7.38,6.62,7.24,65707,7.1,,,1.9912,,,0.0984,0.083,0.0742
GEX,2015-11-12,7.24,7.76,7.21,7.59,84303,7.23,,,4.9118,,,0.0473,0.0389,0.0782
GEX,2015-11-13,7.59,7.83,7.45,7.79,148800,7.37,,,5.7063,,,0.2156,0.1817,0.0982
GEX,2015-11-16,7.62,7.83,7.1,7.48,214000,7.49,,,-0.0921,,,0.0178,0.0143,0.0996
GEX,2015-11-17,7.55,7.69,7.41,7.52,30300,7.59,,,-0.9091,,,-0.0096,-0.0071,0.0914
GEX,2015-11-18,7.41,7.55,6.9,7.21,178600,7.61,,,-5.3442,,,-0.0213,-0.0185,0.092
GEX,2015-11-19,7.34,7.34,6.93,7.17,94000,7.55,,,-5.0228,,,0.0426,0.0321,0.0911
GEX,2015-11-20,6.9,7.14,6.55,7.0,126700,7.43,7.15,,-5.8004,-2.1686,,0.1578,0.1216,0.1015
GEX,2015-11-23,7.0,7.24,6.9,7.21,66850,7.34,7.14,,-1.878,0.9174,,0.1027,0.078,0.097
GEX,2015-11-24,6.9,7.41,6.9,7.24,140402,7.34,7.16,,-1.4085,1.156,,0.0825,0.0642,0.0796
GEX,2015-11-25,7.17,7.41,7.1,7.38,109200,7.36,7.23,,0.2812,2.0749,,0.1239,0.0999,0.0821
GEX,2015-11-26,7.31,7.59,7.31,7.41,77008,7.34,7.29,,0.9864,1.7511,,-0.0414,-0.0379,0.0815
GEX,2015-11-27,7.45,7.45,7.34,7.38,59100,7.3,7.34,,1.0865,0.5876,,-0.0343,-0.0307,0.0634
GEX,2015-11-30,7.31,7.34,7.17,7.21,96200,7.27,7.38,,-0.9009,-2.3593,,-0.122,-0.0983,0.0738
GEX,2015-12-01,7.34,7.41,7.17,7.21,29100,7.24,7.41,,-0.4762,-2.7907,,-0.0496,-0.0341,0.0778
GEX,2015-12-02,7.17,7.21,7.0,7.03,103300,7.22,7.42,,-2.6253,-5.1824,,-0.234,-0.1693,0.0991
GEX,2015-12-03,7.07,7.1,7.03,7.07,45600,7.21,7.38,,-2.0076,-4.2503,,0.0,0.0,0.0948
GEX,2015-12-04,7.03,7.07,6.93,7.0,58300,7.21,7.32,,-2.9636,-4.4031,,0.0,0.0,0.079
GEX,2015-12-07,6.97,6.97,6.83,6.83,57400,7.18,7.26,,-4.8535,-5.9606,,-0.1975,-0.1305,0.0885
GEX,2015-12-08,6.86,6.93,6.72,6.9,114600,7.14,7.24,,-3.4283,-4.7846,,0.129,0.0936,0.0932
GEX,2015-12-09,6.83,7.1,6.76,7.03,133103,7.11,7.23,,-1.0189,-2.7413,,0.1575,0.1226,0.0965
GEX,2015-12-10,7.0,7.1,6.93,6.97,72700,7.06,7.2,,-1.3671,-3.2798,,-0.0998,-0.0869,0.1024
GEX,2015-12-11,6.9,7.0,6.9,7.0,84500,7.02,7.16,,-0.3436,-2.2628,,0.2618,0.214,0.1251
GEX,2015-12-14,6.93,7.0,6.93,6.97,79200,7.0,7.14,,-0.4926,-2.3918,,0.0,0.0,0.1129
GEX,2015-12-15,6.9,7.0,6.83,7.0,59900,6.98,7.11,,0.2965,-1.5519,,0.1995,0.1638,0.1279
GEX,2015-12-16,7.0,7.24,6.93,7.03,97600,6.98,7.1,,0.7905,-0.9468,,-0.0942,-0.0757,0.1139
GEX,2015-12-17,7.03,7.14,7.0,7.14,469200,6.99,7.1,,2.1717,0.5342,,1.4758,1.0821,0.2615
GEX,2015-12-18,7.07,7.07,6.55,7.0,143102,6.99,7.1,,0.1975,-1.4084,,0.082,0.0647,0.2697
GEX,2015-12-21,6.83,6.86,6.38,6.86,340600,6.99,7.08,,-1.8254,-3.1159,,0.793,0.6108,0.3292
GEX,2015-12-22,6.55,6.65,6.31,6.48,377300,6.95,7.04,,-6.6998,-7.9785,,-0.0,-0.0,0.3163
GEX,2015-12-23,6.24,6.34,5.52,6.14,569600,6.86,6.98,,-10.5078,-12.0988,,0.9087,0.7393,0.3915
GEX,2015-12-24,5.79,6.83,5.52,6.76,1135600,6.84,6.95,,-1.1599,-2.7537,,2.8157,2.0938,0.6631
GEX,2015-12-25,6.79,6.9,6.1,6.72,122574700,6.81,6.92,,-1.2658,-2.7916,,70.3442,64.9528,7.6713
GEX,2015-12-28,6.97,7.03,6.62,7.03,1884100,6.82,6.91,,3.1867,1.8218,,4.6885,3.4426,8.1402
GEX,2015-12-29,7.24,7.24,6.86,7.0,1055500,6.82,6.9,,2.6809,1.4747,,-0.5361,-0.4503,8.1738
GEX,2015-12-30,6.9,7.41,6.65,7.41,5716150,6.85,6.92,,8.1489,7.1785,,12.3924,11.3246,9.4036
GEX,2015-12-31,7.59,8.0,7.41,7.93,1996310,6.93,6.96,,14.371,13.946,,3.1391,2.9233,9.57
GEX,2016-01-04,8.1,8.1,7.41,7.72,4515450,7.01,7.0,7.1,10.2362,10.3992,8.7379,-0.9741,-0.7904,9.6592
GEX,2016-01-05,7.72,7.76,7.52,7.69,1693845,7.09,7.04,7.11,8.463,9.2334,8.1894,1.5576,1.355,9.7356
GEX,2016-01-06,7.65,8.28,7.65,8.24,1517316,7.27,7.11,7.13,13.4315,15.9632,15.5148,3.9462,3.6225,10.1303
GEX,2016-01-07,8.24,8.55,8.03,8.45,1717369,7.5,7.18,7.18,12.6954,17.7035,17.5962,1.7731,1.8134,10.2167
GEX,2016-01-08,8.38,8.45,8.21,8.38,1093280,7.66,7.25,7.23,9.4102,15.6042,15.9572,0.8654,0.9291,10.0217
GEX,2016-01-11,8.28,8.28,7.76,7.93,2196300,7.78,7.29,7.26,1.9504,8.7214,9.2845,-1.6244,-1.36,3.1497
GEX,2016-01-12,7.93,8.14,7.72,8.03,817620,7.88,7.35,7.29,1.9694,9.3383,10.1863,0.7682,0.6985,2.7577
GEX,2016-01-13,7.93,8.14,7.93,8.07,1098024,7.99,7.4,7.32,1.0362,9.0147,10.2006,1.003,0.9165,2.8044
GEX,2016-01-14,7.93,8.0,7.76,7.93,1583200,8.04,7.45,7.34,-1.3299,6.5062,8.0218,1.7019,1.5301,1.7353
GEX,2016-01-15,7.93,7.97,7.86,7.93,534600,8.04,7.49,7.34,-1.3299,5.942,7.9813,0.4041,0.369,1.4618
GEX,2016-01-18,7.76,7.79,7.52,7.76,1165082,8.04,7.52,7.34,-3.5163,3.1164,5.7629,1.2607,1.282,1.4905
GEX,2016-01-19,7.62,7.86,7.62,7.83,430000,8.05,7.57,7.33,-2.8254,3.3697,6.7732,0.5726,0.5515,1.392
GEX,2016-01-20,7.93,7.97,7.72,7.79,1278100,8.01,7.64,7.34,-2.712,2.0316,6.1431,-1.2328,-1.1613,1.1206
GEX,2016-01-21,7.83,8.1,7.76,8.1,814030,7.98,7.74,7.36,1.5996,4.747,10.1115,1.3431,1.4795,1.0776
GEX,2016-01-22,8.14,8.48,8.14,8.45,1088160,7.98,7.82,7.38,5.8315,8.0247,14.5288,1.1866,1.4234,1.1097
GEX,2016-01-25,8.52,9.03,8.45,8.97,1299888,8.09,7.93,7.4,10.8742,13.0189,21.1557,1.2872,1.421,1.076
GEX,2016-01-26,8.62,9.1,8.62,8.79,946060,8.16,8.02,7.43,7.7313,9.6302,18.4063,-0.5295,-0.6563,1.0521
GEX,2016-01-27,8.9,9.03,8.69,8.83,852380,8.24,8.11,7.45,7.1578,8.8204,18.4527,-0.3812,-0.3636,0.99
GEX,2016-01-28,8.83,8.83,8.48,8.55,728330,8.3,8.17,7.48,3.0329,4.6856,14.3385,-0.9749,-1.0451,0.9173
GEX,2016-01-29,8.52,8.52,8.31,8.41,986380,8.35,8.19,7.5,0.7848,2.6936,12.122,0.0,0.0,0.8769
GEX,2016-02-01,8.45,8.45,8.17,8.21,740100,8.39,8.22,7.53,-2.2186,-0.1259,9.0142,-1.1358,-1.0545,0.8644
GEX,2016-02-02,8.14,8.28,8.0,8.17,1130300,8.43,8.24,7.55,-3.0278,-0.8369,8.2785,0.7834,0.9741,0.8854
GEX,2016-02-03,8.1,8.14,8.0,8.1,381100,8.46,8.23,7.56,-4.1989,-1.5913,7.12,0.5282,0.4932,0.815
GEX,2016-02-04,8.21,8.28,8.14,8.14,135400,8.46,8.22,7.58,-3.8305,-0.986,7.3605,-0.507,-0.4688,0.7314
GEX,2016-02-05,8.21,8.34,8.17,8.34,142900,8.45,8.22,7.6,-1.2648,1.5527,9.8203,0.5359,0.5887,0.6663
GEX,2016-02-15,8.24,8.34,8.14,8.14,255708,8.37,8.23,7.61,-2.7606,-1.0897,6.884,-1.0439,-0.9167,0.642
GEX,2016-02-16,8.1,8.38,8.1,8.31,371000,8.32,8.24,7.64,-0.1243,0.8369,8.8331,0.436,0.4528,0.6326
GEX,2016-02-17,8.38,8.52,8.24,8.45,502800,8.28,8.26,7.66,1.9983,2.2751,10.2808,0.4959,0.4884,0.6441
GEX,2016-02-18,8.52,8.86,8.48,8.76,628848,8.3,8.3,7.69,5.4817,5.5036,13.8197,0.6794,0.6834,0.6146
GEX,2016-02-19,8.72,8.79,8.48,8.48,470100,8.31,8.33,7.72,2.0747,1.8422,9.8312,-0.6326,-0.7042,0.6778
GEX,2016-02-22,8.55,8.62,8.41,8.45,454800,8.33,8.36,7.75,1.3653,1.0101,8.976,-0.4053,-0.462,0.6048
GEX,2016-02-23,8.45,8.45,8.21,8.31,748210,8.35,8.39,7.78,-0.4543,-0.9249,6.7884,-0.1489,-0.1453,0.5413
GEX,2016-02-24,8.45,8.52,8.24,8.38,313800,8.38,8.42,7.81,0.0412,-0.4506,7.2658,0.0,0.0,0.4885
GEX,2016-02-25,8.45,8.45,8.21,8.21,521700,8.38,8.42,7.83,-2.0979,-2.5589,4.7442,-0.7424,-0.6894,0.512
GEX,2016-02-26,8.17,8.28,8.14,8.28,376900,8.38,8.41,7.86,-1.1939,-1.6393,5.2724,1.0681,1.003,0.5653
GEX,2016-02-29,8.24,8.28,8.21,8.24,242300,8.39,8.38,7.89,-1.7269,-1.6258,4.5038,0.0001,0.0001,0.4609
GEX,2016-03-01,8.28,8.45,8.21,8.34,771600,8.39,8.35,7.91,-0.5343,-0.1238,5.4466,0.2271,0.2075,0.44
GEX,2016-03-02,8.34,8.59,8.34,8.52,563500,8.4,8.34,7.94,1.4373,2.1294,7.2141,0.4473,0.404,0.4351
GEX,2016-03-03,8.55,8.69,8.55,8.55,623700,8.38,8.34,7.97,2.0997,2.543,7.2387,-1.3951,-1.4027,0.5067
GEX,2016-03-04,8.59,8.62,8.31,8.38,899600,8.37,8.34,8.0,0.1649,0.4963,4.7504,-1.3535,-1.1537,0.5788
GEX,2016-03-07,8.28,8.28,7.69,8.0,1282800,8.32,8.33,8.02,-3.8541,-3.9337,-0.2408,0.1035,0.0849,0.5486
GEX,2016-03-08,8.0,8.17,8.0,8.03,534800,8.29,8.32,8.04,-3.1185,-3.4397,-0.1029,-0.5841,-0.4933,0.5921
GEX,2016-03-09,7.97,8.17,7.97,8.14,395900,8.27,8.32,8.08,-1.5847,-2.2167,0.7685,0.6039,0.6072,0.6525
GEX,2016-03-10,8.1,8.28,8.07,8.28,537350,8.28,8.33,8.12,0.0,-0.6417,1.9368,0.9176,0.8815,0.67
GEX,2016-03-11,8.24,8.24,8.17,8.17,337638,8.27,8.32,8.15,-1.1265,-1.7821,0.3132,-0.6114,-0.4926,0.6244
GEX,2016-03-14,8.17,8.24,8.1,8.24,379100,8.27,8.33,8.18,-0.292,-1.0147,0.7844,0.7824,0.6934,0.7026
GEX,2016-03-15,8.17,8.34,8.14,8.28,208510,8.26,8.32,8.2,0.2088,-0.5799,0.8997,0.1443,0.1325,0.6943
GEX,2016-03-16,8.28,8.31,8.17,8.21,227600,8.23,8.31,8.23,-0.2515,-1.2654,-0.2348,-0.2414,-0.2293,0.6737
GEX,2016-03-17,8.24,8.41,8.21,8.38,537800,8.21,8.29,8.25,2.058,1.0395,1.6226,0.6142,0.5716,0.5956
GEX,2016-03-18,8.41,8.48,8.28,8.34,261500,8.21,8.29,8.25,1.6807,0.7075,1.103,-0.1204,-0.1024,0.4723
GEX,2016-03-21,8.38,8.41,8.34,8.34,272500,8.24,8.28,8.27,1.2552,0.7704,0.9511,-0.3776,-0.3588,0.4997
GEX,2016-03-22,8.38,8.62,8.38,8.52,1286900,8.29,8.29,8.28,2.7454,2.724,2.8309,0.4178,0.4416,0.4831
GEX,2016-03-23,8.55,9.24,8.55,9.0,1660850,8.38,8.32,8.3,7.4516,8.1417,8.4608,1.1119,1.0174,0.5339
GEX,2016-03-24,9.31,9.41,9.0,9.14,1396650,8.46,8.37,8.31,7.9869,9.1883,9.9402,-0.8655,-0.8932,0.5287
GEX,2016-03-25,9.14,9.14,8.72,8.93,914230,8.54,8.4,8.32,4.6042,6.3001,7.3086,0.0,0.0,0.4676
GEX,2016-03-28,8.93,9.24,8.93,9.21,2003930,8.63,8.45,8.35,6.6294,8.9574,10.2851,3.2281,3.5243,0.7121
GEX,2016-03-29,9.48,9.48,9.21,9.28,2006390,8.73,8.5,8.37,6.1982,9.1721,10.7817,-1.5784,-1.7145,0.8555
GEX,2016-03-30,9.31,9.31,9.0,9.03,1137710,8.82,8.52,8.39,2.4638,6.0085,7.6506,-1.7154,-1.812,1.0029
GEX,2016-03-31,9.1,9.1,8.76,8.79,1371400,8.86,8.53,8.41,-0.7396,3.0303,4.5596,-1.7983,-1.9491,1.1213
GEX,2016-04-01,8.65,8.72,8.41,8.48,943700,8.87,8.54,8.42,-4.3918,-0.6663,0.7371,-1.0553,-1.2044,1.2148
GEX,2016-04-04,8.48,8.55,8.34,8.38,601100,8.88,8.56,8.43,-5.5944,-2.0951,-0.6379,-0.8574,-0.8482,1.2628
GEX,2016-04-05,8.45,8.65,8.45,8.55,623200,8.88,8.58,8.45,-3.6893,-0.3816,1.2328,0.0001,0.0001,1.221
GEX,2016-04-06,8.8,8.8,8.55,8.77,779200,8.86,8.62,8.47,-1.004,1.7545,3.5437,1.1633,1.1747,1.2262
GEX,2016-04-07,8.77,8.87,8.73,8.84,903820,8.83,8.64,8.48,0.1456,2.2544,4.2113,0.8297,0.7328,1.2226
GEX,2016-04-08,8.91,8.95,8.73,8.77,473500,8.81,8.67,8.49,-0.4838,1.0754,3.2864,-0.7015,-0.7873,1.2927
GEX,2016-04-11,8.87,8.87,8.69,8.69,420500,8.76,8.7,8.48,-0.723,-0.0147,2.5051,-0.746,-0.6876,1.0445
GEX,2016-04-12,8.69,8.8,8.66,8.73,433400,8.7,8.72,8.48,0.3111,0.1363,2.9437,0.0,0.0,0.8867
GEX,2016-04-13,8.77,8.77,8.52,8.52,648000,8.65,8.73,8.47,-1.5789,-2.5087,0.4758,-1.2553,-1.1732,0.8407
GEX,2016-04-14,8.52,8.77,8.52,8.59,583568,8.63,8.74,8.48,-0.512,-1.8031,1.3151,-0.5835,-0.6192,0.7192
GEX,2016-04-15,8.62,8.69,8.59,8.59,446700,8.64,8.76,8.48,-0.6325,-1.9391,1.2736,-0.7431,-0.7822,0.688
GEX,2016-04-19,8.62,8.62,8.37,8.41,534600,8.64,8.76,8.48,-2.7434,-4.0251,-0.892,-0.6788,-0.5886,0.6701
GEX,2016-04-20,8.52,8.52,8.3,8.41,399800,8.63,8.75,8.49,-2.5812,-3.9651,-0.947,-0.0,-0.0,0.6701
GEX,2016-04-21,8.44,8.44,8.34,8.37,222220,8.59,8.72,8.49,-2.5512,-4.0312,-1.4326,-0.1646,-0.1514,0.5702
GEX,2016-04-22,8.44,8.48,8.34,8.37,228700,8.54,8.68,8.5,-2.0185,-3.608,-1.4869,-0.1704,-0.1515,0.5043
GEX,2016-04-25,8.55,8.59,8.37,8.37,742700,8.5,8.66,8.5,-1.5632,-3.2967,-1.4932,-1.0566,-0.9447,0.5398
GEX,2016-04-26,8.44,8.44,8.26,8.3,457410,8.46,8.61,8.5,-1.9525,-3.622,-2.376,-0.4577,-0.3855,0.511
GEX,2016-04-27,8.3,8.44,8.26,8.41,773710,8.43,8.57,8.5,-0.2982,-1.8757,-1.1308,0.8831,0.8509,0.5993
GEX,2016-04-28,8.41,8.77,8.41,8.69,687610,8.45,8.55,8.51,2.8912,1.6802,2.19,0.9996,0.9758,0.5738
GEX,2016-04-29,8.77,8.8,8.62,8.69,476710,8.46,8.55,8.51,2.7601,1.7384,2.2052,-0.1865,-0.1959,0.5341
GEX,2016-05-04,8.55,8.66,8.55,8.55,286270,8.46,8.55,8.51,1.1045,0.0165,0.4996,-0.4911,-0.4731,0.5088
GEX,2016-05-05,8.55,8.66,8.48,8.48,750300,8.46,8.55,8.51,0.1698,-0.8821,-0.3522,-1.3631,-1.2951,0.5773
GEX,2016-05-06,8.55,8.59,8.41,8.44,525000,8.47,8.55,8.51,-0.297,-1.2397,-0.8056,-0.6512,-0.6732,0.6424
GEX,2016-05-09,8.44,8.55,8.34,8.37,489330,8.47,8.53,8.51,-1.1455,-1.8534,-1.6481,-0.671,-0.6453,0.693
GEX,2016-05-10,8.3,8.37,8.3,8.37,258800,8.47,8.51,8.52,-1.1455,-1.5839,-1.6862,0.5333,0.4747,0.7293
GEX,2016-05-11,8.26,8.48,8.26,8.44,307660,8.48,8.49,8.52,-0.3815,-0.5501,-0.8813,0.3611,0.3165,0.6598
GEX,2016-05-12,8.52,8.52,8.41,8.41,106540,8.49,8.48,8.52,-0.9314,-0.8054,-1.3417,-0.2187,-0.2067,0.6359
GEX,2016-05-13,8.48,8.48,8.34,8.34,243600,8.48,8.46,8.52,-1.6949,-1.4234,-2.1829,-0.5184,-0.4914,0.5994
GEX,2016-05-16,8.44,8.44,8.26,8.37,211400,8.45,8.45,8.52,-0.8932,-0.9143,-1.7277,0.083,0.0744,0.5077
GEX,2016-05-17,8.37,8.37,8.34,8.37,208610,8.41,8.44,8.52,-0.5124,-0.7877,-1.6862,0.3703,0.298,0.5261
GEX,2016-05-18,8.34,8.37,8.3,8.37,273900,8.4,8.43,8.51,-0.2995,-0.6608,-1.6845,0.5102,0.497,0.528
GEX,2016-05-19,8.34,8.37,8.3,8.34,110000,8.38,8.42,8.52,-0.5572,-1.045,-2.1836,0.0,0.0,0.3917
GEX,2016-05-20,8.3,8.34,8.3,8.34,149500,8.37,8.42,8.53,-0.4292,-1.0028,-2.2528,0.3369,0.3279,0.3603
GEX,2016-05-23,8.34,8.37,8.26,8.26,282970,8.36,8.41,8.53,-1.1603,-1.7934,-3.1241,-0.6313,-0.5922,0.3563
GEX,2016-05-24,8.3,8.34,8.16,8.23,550900,8.35,8.41,8.53,-1.4206,-2.1368,-3.5345,-0.245,-0.2264,0.3275
GEX,2016-05-25,8.3,8.34,8.26,8.3,769600,8.33,8.4,8.53,-0.3881,-1.2399,-2.7211,0.0,0.0,0.2914
GEX,2016-05-26,8.34,8.37,8.23,8.3,211100,8.32,8.4,8.53,-0.2591,-1.2399,-2.7345,-0.0,-0.0,0.2695
GEX,2016-05-27,8.26,8.26,8.16,8.19,293600,8.31,8.39,8.53,-1.3841,-2.3973,-3.9789,-0.2509,-0.2461,0.2428
GEX,2016-05-30,8.19,8.23,8.16,8.19,531050,8.29,8.37,8.53,-1.1704,-2.104,-3.9756,-0.0001,-0.0001,0.2345
GEX,2016-05-31,8.19,8.41,8.16,8.41,937000,8.29,8.35,8.53,1.3865,0.6452,-1.4551,1.5737,1.5067,0.3548
GEX,2016-06-01,8.44,8.59,8.44,8.52,666000,8.31,8.35,8.53,2.5087,1.9575,-0.2317,0.0001,0.0001,0.3038
GEX,2016-06-02,8.48,8.8,8.41,8.77,1271940,8.35,8.37,8.54,4.9914,4.7885,2.6135,1.8952,2.2175,0.4933
GEX,2016-06-03,8.8,8.98,8.8,8.84,1256700,8.4,8.39,8.55,5.2182,5.3985,3.3768,-1.2862,-1.4911,0.5882
GEX,2016-06-06,8.8,8.8,8.44,8.69,899500,8.44,8.4,8.54,2.9787,3.4851,1.7684,0.6555,0.7246,0.5907
GEX,2016-06-07,8.66,8.77,8.55,8.73,974500,8.49,8.42,8.54,2.7919,3.6911,2.2863,1.2765,1.2775,0.6938
GEX,2016-06-08,8.91,8.98,8.77,8.91,1736699,8.55,8.44,8.54,4.1579,5.5319,4.3958,1.0335,0.9265,0.7972
GEX,2016-06-09,8.91,8.98,8.77,8.8,1714600,8.6,8.46,8.53,2.2965,4.0119,3.2307,-2.12,-1.973,1.0092
GEX,2016-06-10,8.84,8.87,8.8,8.8,1159500,8.67,8.49,8.52,1.5755,3.7257,3.3453,-1.9254,-2.1155,1.1766
GEX,2016-06-13,8.84,8.84,8.62,8.62,907300,8.71,8.5,8.51,-0.9901,1.4584,1.334,-1.4874,-1.5027,1.3253
GEX,2016-06-14,8.62,8.95,8.62,8.84,1135600,8.75,8.52,8.51,0.9852,3.71,3.8562,0.7967,0.7948,1.2476
GEX,2016-06-15,8.95,9.41,8.95,9.31,2481000,8.83,8.57,8.53,5.3702,8.5954,9.1333,2.8816,2.8404,1.5358
GEX,2016-06-16,9.34,9.59,9.23,9.27,2379794,8.88,8.62,8.54,4.3689,7.5896,8.4853,-2.9279,-2.9801,1.6391
GEX,2016-06-17,9.31,9.31,8.95,9.09,2596100,8.91,8.65,8.56,2.0573,5.0446,6.249,-0.5357,-0.5146,1.564
GEX,2016-06-20,9.13,9.13,8.91,9.05,1169432,8.94,8.69,8.56,1.2455,4.1538,5.7579,0.7661,0.7002,1.5751
GEX,2016-06-21,9.05,9.13,8.73,8.73,1866100,8.94,8.72,8.56,-2.3704,0.1443,2.0066,-3.4249,-2.9137,1.7899
GEX,2016-06-22,8.77,8.91,8.77,8.84,1208350,8.94,8.75,8.56,-1.0856,1.0682,3.2486,0.0002,0.0002,1.6866
GEX,2016-06-23,8.8,9.05,8.8,9.05,983800,8.96,8.78,8.57,1.0425,3.0886,5.6781,2.0408,1.9431,1.6787
GEX,2016-06-24,8.98,8.98,7.65,8.73,1793880,8.95,8.81,8.57,-2.488,-0.8972,1.9039,1.247,1.1845,1.6108
GEX,2016-06-27,8.66,8.66,8.41,8.66,652900,8.96,8.83,8.57,-3.3293,-1.9728,1.0313,1.2434,1.1743,1.5864
GEX,2016-06-28,8.55,8.69,8.55,8.62,532800,8.94,8.84,8.57,-3.4982,-2.4985,0.6036,0.0,0.0,1.5068
GEX,2016-06-29,8.62,8.8,8.62,8.77,743200,8.88,8.86,8.57,-1.2945,-1.0142,2.2375,0.7709,0.6976,1.2957
GEX,2016-06-30,8.77,8.91,8.77,8.8,949876,8.83,8.86,8.58,-0.366,-0.6286,2.562,-0.8528,-0.8365,1.0882
GEX,2016-07-01,8.84,8.91,8.73,8.8,586300,8.81,8.86,8.59,-0.0408,-0.6085,2.4676,-0.2329,-0.2229,1.0579
GEX,2016-07-04,8.8,8.87,8.77,8.84,685800,8.78,8.86,8.6,0.6135,-0.2837,2.7741,0.3167,0.2982,1.013
GEX,2016-07-05,8.8,8.8,8.66,8.66,849020,8.78,8.86,8.61,-1.3508,-2.2709,0.6179,-1.1595,-1.0971,0.7864
GEX,2016-07-06,8.66,8.69,8.59,8.62,405910,8.76,8.85,8.61,-1.5183,-2.5183,0.1418,-0.2004,-0.1715,0.8064
GEX,2016-07-07,8.66,8.95,8.59,8.87,1001100,8.74,8.85,8.62,1.5625,0.2843,2.9253,0.8855,0.7463,0.6909
GEX,2016-07-08,8.91,9.2,8.87,8.95,1351490,8.76,8.86,8.63,2.1329,1.0142,3.6291,-1.3621,-1.2547,0.7024
GEX,2016-07-11,8.95,8.95,8.69,8.69,644200,8.76,8.86,8.63,-0.779,-1.8654,0.7158,-0.613,-0.599,0.6394
GEX,2016-07-12,8.73,8.8,8.66,8.77,470220,8.78,8.86,8.63,-0.1228,-1.0142,1.5313,0.3454,0.2957,0.6739
GEX,2016-07-13,8.77,8.91,8.77,8.87,1070510,8.79,8.83,8.64,0.9812,0.4474,2.7028,0.6653,0.6022,0.6634
GEX,2016-07-14,8.8,8.87,8.73,8.77,603060,8.78,8.81,8.65,-0.2045,-0.4894,1.3879,-0.2867,-0.2598,0.6068
GEX,2016-07-15,8.77,8.77,8.55,8.69,594710,8.77,8.79,8.65,-0.9009,-1.0832,0.4983,0.3516,0.335,0.6186
GEX,2016-07-18,8.62,8.77,8.59,8.77,319908,8.77,8.78,8.66,0.0,-0.1023,1.2364,0.5023,0.4838,0.6372
GEX,2016-07-19,8.69,8.73,8.55,8.62,578300,8.76,8.77,8.66,-1.599,-1.6797,-0.481,-0.2727,-0.2475,0.5485
GEX,2016-07-20,8.59,8.62,8.48,8.55,339800,8.76,8.76,8.67,-2.339,-2.339,-1.3349,-0.0,-0.0,0.5285
GEX,2016-07-21,8.59,8.59,8.34,8.37,454970,8.71,8.72,8.67,-3.8382,-4.0165,-3.3997,-0.5537,-0.4608,0.4953
GEX,2016-07-22,8.44,8.77,8.34,8.44,299000,8.66,8.71,8.67,-2.4491,-3.0328,-2.5947,-0.2077,-0.1899,0.3799
GEX,2016-07-25,8.62,8.98,8.62,8.77,993120,8.66,8.71,8.68,1.2028,0.6186,1.0436,-0.4236,-0.4071,0.3609
GEX,2016-07-26,8.8,8.84,8.62,8.69,351020,8.66,8.72,8.68,0.4566,-0.2473,0.1407,-0.2528,-0.2396,0.3517
GEX,2016-07-27,8.66,8.8,8.62,8.73,205116,8.64,8.71,8.69,1.0395,0.1855,0.4714,0.0751,0.0797,0.2926
GEX,2016-07-28,8.91,8.91,8.73,8.87,584970,8.65,8.72,8.7,2.5748,1.7927,1.9987,0.5748,0.52,0.3214
GEX,2016-07-29,8.84,8.91,8.77,8.8,760800,8.66,8.72,8.71,1.6176,0.9685,1.0643,-0.7167,-0.5663,0.3579
GEX,2016-08-01,8.8,8.84,8.73,8.77,204728,8.66,8.71,8.72,1.2028,0.5978,0.5357,-0.1833,-0.1601,0.326
GEX,2016-08-02,8.62,8.62,8.48,8.55,492500,8.66,8.71,8.73,-1.2039,-1.8152,-2.0093,-0.0,-0.0,0.2988
GEX,2016-08-03,8.55,8.55,8.44,8.55,753400,8.66,8.71,8.73,-1.2039,-1.7747,-2.0657,1.542,1.4714,0.453
GEX,2016-08-04,8.48,8.59,8.44,8.48,391600,8.67,8.69,8.74,-2.1559,-2.3785,-2.9286,-0.3002,-0.2979,0.4276
GEX,2016-08-05,8.62,8.62,8.23,8.26,843700,8.65,8.65,8.74,-4.4454,-4.4851,-5.4121,-1.1887,-1.0631,0.5257
GEX,2016-08-08,8.3,8.3,7.51,7.72,1604000,8.54,8.6,8.73,-9.5879,-10.2109,-11.4862,-1.7783,-1.4942,0.6612
GEX,2016-08-09,7.76,8.16,7.72,8.16,518700,8.49,8.57,8.72,-3.9356,-4.8616,-6.492,1.048,0.7658,0.7407
GEX,2016-08-10,8.08,8.41,8.08,8.41,411900,8.46,8.55,8.72,-0.5947,-1.66,-3.5847,0.7486,0.6209,0.808
GEX,2016-08-11,8.34,8.34,8.19,8.26,483800,8.4,8.52,8.71,-1.5833,-3.0559,-5.1234,-0.0,-0.0,0.7506
GEX,2016-08-12,8.12,8.34,8.01,0.0,521300,7.52,8.09,8.53,-100.0,-100.0,-100.0,-15.6002,0.0,2.2389
GEX,2016-08-15,8.23,8.23,7.98,8.01,178530,7.44,8.05,8.52,7.6775,-0.4908,-5.9548,-0.1634,-0.1398,2.2369
GEX,2016-08-16,8.01,8.62,7.9,8.12,453000,7.4,8.03,8.51,9.7621,1.1639,-4.5527,-0.2993,-0.2154,2.2668
GEX,2016-08-17,8.08,8.26,8.08,8.08,221200,7.35,8.0,8.49,9.9707,1.0101,-4.7901,-0.4169,-0.3296,2.1543
GEX,2016-08-18,8.08,8.12,8.01,8.05,140100,7.31,7.99,8.48,10.1278,0.7647,-5.0445,-0.0703,-0.0442,2.1314
GEX,2016-08-19,8.01,8.05,7.87,7.9,189400,7.27,7.96,8.46,8.6956,-0.6997,-6.5421,-0.2019,-0.1272,2.0327
GEX,2016-08-22,7.9,8.05,7.69,7.72,142100,7.27,7.91,8.44,6.2253,-2.3171,-8.4717,-0.2058,-0.1475,1.8754
GEX,2016-08-23,7.72,7.83,7.69,7.83,464300,7.24,7.86,8.42,8.1885,-0.4112,-6.9728,0.93,0.644,1.8636
GEX,2016-08-24,7.8,8.01,7.8,7.8,185200,7.18,7.82,8.39,8.6085,-0.2758,-7.0664,-0.3506,-0.2791,1.8238
GEX,2016-08-25,7.87,7.9,7.76,7.8,173600,7.13,7.76,8.36,9.3198,0.4164,-6.7389,-0.1573,-0.1348,1.8396
GEX,2016-08-26,7.8,7.9,7.76,7.83,210500,7.92,7.72,8.33,-1.0441,1.5133,-6.0264,-0.0,-0.0,0.2795
GEX,2016-08-29,7.87,7.87,7.72,7.8,334120,7.89,7.67,8.31,-1.229,1.6869,-6.1744,-0.0,-0.0,0.2632
GEX,2016-08-30,7.8,7.87,7.76,7.8,206200,7.86,7.63,8.29,-0.8227,2.1897,-5.963,-0.1355,-0.0953,0.2468
GEX,2016-08-31,7.8,8.44,7.8,8.26,1262900,7.88,7.62,8.28,4.8792,8.5161,-0.191,1.0736,0.7248,0.3125
GEX,2016-09-01,8.26,8.26,8.08,8.19,225000,7.89,7.6,8.26,3.7779,7.7759,-0.8524,0.0839,0.0683,0.3139
GEX,2016-09-05,8.16,8.16,8.08,8.08,60800,7.91,7.59,8.25,2.1799,6.4837,-2.0034,-0.118,-0.0968,0.3055
GEX,2016-09-06,7.9,8.12,7.9,7.98,150500,7.94,7.6,8.24,0.498,4.8902,-3.1498,-0.0985,-0.0682,0.2947
GEX,2016-09-07,8.08,8.08,7.9,7.98,162900,7.95,7.6,8.22,0.3163,5.0142,-2.9975,-0.0762,-0.0622,0.2094
GEX,2016-09-08,7.83,7.94,7.83,7.94,92400,7.97,7.57,8.21,-0.3157,4.8636,-3.2399,0.1609,0.1038,0.1904
GEX,2016-09-09,7.83,7.9,7.8,7.9,321751,7.98,7.55,8.19,-0.9009,4.6373,-3.4665,0.7217,0.4512,0.2468
GEX,2016-09-12,7.8,7.9,7.72,7.76,179300,7.97,7.94,8.17,-2.6149,-2.2845,-4.9797,-0.2084,-0.1451,0.2677
GEX,2016-09-13,7.8,7.8,7.69,7.69,138300,7.96,7.93,8.14,-3.386,-2.9918,-5.5938,-0.3537,-0.2154,0.303
GEX,2016-09-14,7.72,7.72,7.47,7.51,442400,7.93,7.9,8.12,-5.3013,-4.8919,-7.5385,-0.7417,-0.5695,0.3637
GEX,2016-09-15,7.55,7.55,7.37,7.51,151100,7.85,7.87,8.1,-4.3916,-4.5444,-7.2842,0.1851,0.1527,0.2748
GEX,2016-09-16,7.51,7.51,7.33,7.37,104400,7.77,7.83,8.07,-5.2242,-5.9632,-8.7185,-0.0502,-0.0328,0.2714
GEX,2016-09-19,7.44,7.62,7.44,7.51,131100,7.71,7.81,8.04,-2.6549,-3.886,-6.6047,-0.045,-0.0258,0.2641
GEX,2016-09-20,7.58,7.62,7.47,7.55,193400,7.67,7.8,8.02,-1.6394,-3.3149,-5.8887,0.0,0.0,0.2543
GEX,2016-09-21,7.55,7.58,7.44,7.55,207500,7.63,7.79,7.99,-1.0834,-3.1365,-5.601,0.2538,0.1783,0.2721
GEX,2016-09-22,7.55,8.62,7.55,7.72,476000,7.61,7.79,7.97,1.5589,-0.7844,-3.0745,-0.6387,-0.4706,0.3198
GEX,2016-09-23,8.62,8.8,7.83,7.83,501200,7.6,7.79,7.95,3.0732,0.5767,-1.4912,-1.1491,-0.7104,0.3626
GEX,2016-09-26,7.9,7.9,7.76,7.76,58400,7.6,7.78,7.93,2.1277,-0.3,-2.165,-0.1341,-0.0866,0.3551
GEX,2016-09-27,7.8,7.83,7.72,7.76,255600,7.61,7.78,7.91,2.0312,-0.277,-1.9162,-0.137,-0.0942,0.3335
GEX,2016-09-28,7.76,7.8,7.76,7.8,174200,7.63,7.78,7.9,2.1176,0.1846,-1.256,0.327,0.2787,0.292
GEX,2016-09-29,7.76,7.87,7.76,7.83,168300,7.67,7.76,7.88,2.1555,0.9259,-0.62,0.1032,0.0643,0.2838
GEX,2016-09-30,7.83,8.41,7.8,7.9,486600,7.72,7.75,7.87,2.3732,2.0408,0.4107,-0.5497,-0.362,0.3338
GEX,2016-10-03,7.9,8.12,7.87,7.94,208500,7.76,7.74,7.86,2.2675,2.5998,0.9962,-0.1939,-0.1466,0.3486
GEX,2016-10-04,7.76,7.94,7.72,7.9,353000,7.8,7.74,7.84,1.3358,2.183,0.7603,0.5324,0.3348,0.4019
GEX,2016-10-05,7.87,7.94,7.87,7.9,235900,7.84,7.73,7.83,0.8711,2.2305,0.9637,-0.0,-0.0,0.3765
GEX,2016-10-06,7.9,7.98,7.9,7.94,249500,7.86,7.73,7.81,1.0517,2.6952,1.6279,0.0,0.0,0.3126
GEX,2016-10-07,7.94,7.98,7.83,7.9,498000,7.86,7.73,7.79,0.5025,2.2305,1.4199,0.0,0.0,0.1977
GEX,2016-10-10,7.9,7.9,7.87,7.87,425200,7.88,7.74,7.78,-0.0913,1.6949,1.2015,-0.7111,-0.6409,0.2554
GEX,2016-10-11,7.87,7.94,7.87,7.94,418800,7.89,7.75,7.76,0.5917,2.4571,2.3432,0.7275,0.5031,0.3145
GEX,2016-10-12,7.9,8.05,7.9,8.01,92100,7.92,7.78,7.75,1.2256,3.0499,3.4131,0.1041,0.079,0.2922
GEX,2016-10-13,8.05,8.3,8.05,8.12,143400,7.94,7.81,7.74,2.2163,4.0277,4.9211,-0.1057,-0.1037,0.2924
GEX,2016-10-14,8.16,8.16,8.08,8.16,76500,7.97,7.85,7.73,2.3445,3.9616,5.4735,0.1074,0.1016,0.2482
GEX,2016-10-17,8.08,8.12,8.05,8.12,194100,7.99,7.88,7.73,1.6645,3.1022,5.0479,0.3703,0.2844,0.2658
GEX,2016-10-18,8.08,8.16,8.08,8.12,848100,8.01,7.9,7.74,1.3908,2.7273,4.9406,0.0,0.0,0.2126
GEX,2016-10-19,8.08,8.16,8.08,8.12,262100,8.03,7.93,7.74,1.1186,2.3551,4.9504,0.0,0.0,0.2126
GEX,2016-10-20,8.08,8.12,8.08,8.12,296300,8.05,7.95,7.73,0.8929,2.1008,5.0284,0.7453,0.5839,0.2871
GEX,2016-10-21,8.08,8.12,7.9,8.05,330800,8.06,7.96,7.73,-0.1783,1.0602,4.157,0.2056,0.1853,0.3077
GEX,2016-10-24,8.27,8.27,8.08,8.16,24000,8.09,7.98,7.89,0.8304,2.1935,3.4046,-0.0091,-0.0071,0.2375
GEX,2016-10-25,8.08,8.2,8.04,8.2,87700,8.12,8.01,7.89,0.9854,2.3956,3.8436,0.2058,0.2008,0.1853
GEX,2016-10-26,8.12,8.2,8.12,8.2,57600,8.14,8.03,7.9,0.7558,2.1401,3.8233,0.1652,0.1678,0.1914
GEX,2016-10-27,8.24,8.24,8.16,8.24,37300,8.15,8.05,7.9,1.0851,2.3626,4.2707,0.1202,0.0955,0.1929
GEX,2016-10-28,8.16,8.2,8.08,8.12,27530,8.14,8.06,7.9,-0.2884,0.7923,2.7901,-0.0266,-0.0246,0.1848
GEX,2016-10-31,8.2,8.31,8.2,8.2,59800,8.15,8.07,7.91,0.5614,1.5858,3.6876,-0.1327,-0.1032,0.161
GEX,2016-11-01,8.27,8.31,8.2,8.2,17000,8.16,8.08,7.92,0.4663,1.4018,3.5638,-0.0559,-0.0432,0.1666
GEX,2016-11-02,8.27,8.27,8.04,8.04,71600,8.15,8.09,7.92,-1.3276,-0.5879,1.5649,-0.1478,-0.1208,0.1814
GEX,2016-11-03,8.16,8.16,7.89,7.93,18500,8.13,8.09,7.92,-2.5141,-2.0072,0.0739,-0.0268,-0.0199,0.1096
GEX,2016-11-04,7.77,8.0,7.35,7.74,278910,8.1,8.08,7.92,-4.513,-4.2857,-2.34,0.1801,0.1291,0.107
GEX,2016-11-07,7.77,7.89,7.74,7.89,177900,8.07,8.08,7.92,-2.2878,-2.3935,-0.4107,0.5234,0.4049,0.1584
GEX,2016-11-08,8.08,8.16,7.89,8.16,47700,8.07,8.09,7.93,1.0968,0.8033,2.8958,0.1475,0.1331,0.1526
GEX,2016-11-09,7.93,7.93,7.7,7.89,127712,8.04,8.09,7.93,-1.8669,-2.4511,-0.525,0.1747,0.117,0.1536
GEX,2016-11-10,8.08,8.08,8.0,8.08,60800,8.02,8.09,7.93,0.7194,-0.0483,1.948,0.1328,0.1239,0.1548
GEX,2016-11-11,8.2,8.2,7.97,7.97,81600,8.01,8.08,7.92,-0.5287,-1.3606,0.5487,-0.2858,-0.2429,0.1807
GEX,2016-11-14,8.0,8.12,8.0,8.08,22800,8.0,8.07,7.92,1.0587,0.0928,2.0066,0.0188,0.0138,0.1694
GEX,2016-11-15,8.0,8.0,7.89,7.97,15300,7.97,8.07,7.92,-0.0966,-1.2432,0.5519,0.0143,0.0112,0.1652
GEX,2016-11-16,7.93,7.93,7.89,7.89,52900,7.96,8.06,7.92,-0.8704,-2.0572,-0.3977,-0.1244,-0.109,0.1629
GEX,2016-11-17,7.81,7.89,7.81,7.85,184800,7.95,8.04,7.92,-1.2585,-2.372,-0.8612,-0.0001,-0.0001,0.1602
GEX,2016-11-18,7.85,7.85,7.77,7.77,62900,7.95,8.03,7.92,-2.2739,-3.164,-1.8008,-0.1657,-0.1304,0.1587
GEX,2016-11-21,8.0,8.0,7.77,7.77,15200,7.94,8.01,7.92,-2.1318,-2.9313,-1.8041,-0.03,-0.0284,0.1094
GEX,2016-11-22,7.74,7.85,7.74,7.85,30308,7.91,7.99,7.92,-0.7782,-1.7578,-0.8724,0.0715,0.0549,0.1018
GEX,2016-11-23,7.74,7.85,7.74,7.77,11002,7.9,7.97,7.93,-1.6074,-2.4626,-1.9098,-0.0079,-0.0058,0.0851
GEX,2016-11-24,7.77,8.85,7.77,7.81,86200,7.87,7.95,7.93,-0.782,-1.7187,-1.4995,-0.1798,-0.1265,0.0898
GEX,2016-11-25,8.04,8.08,7.85,7.85,23900,7.86,7.94,7.94,-0.1469,-1.0669,-1.1353,-0.0502,-0.0401,0.0663
GEX,2016-11-28,7.89,7.89,7.81,7.81,71500,7.84,7.92,7.95,-0.2946,-1.3126,-1.695,-0.1624,-0.1126,0.0806
GEX,2016-11-29,7.89,7.89,7.89,7.89,32000,7.83,7.9,7.95,0.7867,-0.1461,-0.8124,0.0,0.0,0.0792
GEX,2016-11-30,7.89,7.89,7.62,7.77,205300,7.82,7.89,7.96,-0.5416,-1.4394,-2.3202,0.0589,0.0537,0.0726
GEX,2016-12-01,7.62,7.74,7.62,7.7,116000,7.8,7.88,7.96,-1.3321,-2.2722,-3.2805,0.075,0.0567,0.0801
GEX,2016-12-02,7.7,7.89,7.66,7.7,105200,7.79,7.87,7.96,-1.2346,-2.2483,-3.2475,-0.1732,-0.1361,0.0809
GEX,2016-12-05,7.7,7.7,7.62,7.7,59625,7.79,7.86,7.95,-1.137,-2.1287,-3.232,0.1389,0.1228,0.0918
GEX,2016-12-06,7.62,7.66,7.58,7.58,115900,7.76,7.84,7.95,-2.2817,-3.2417,-4.6405,-0.2091,-0.1839,0.1055
GEX,2016-12-07,7.58,7.58,7.43,7.5,87700,7.73,7.82,7.94,-2.9368,-3.9882,-5.5392,0.0,0.0,0.1048
GEX,2016-12-08,7.54,7.54,7.47,7.54,142100,7.7,7.79,7.94,-2.0978,-3.162,-4.9855,0.3718,0.3318,0.1239
GEX,2016-12-09,7.54,7.58,7.47,7.54,114855,7.67,7.77,7.93,-1.7051,-2.8981,-4.8989,0.1226,0.1065,0.1312
GEX,2016-12-12,7.54,7.54,7.5,7.5,374500,7.64,7.74,7.92,-1.8127,-3.0333,-5.2801,-0.7812,-0.7079,0.1931
GEX,2016-12-13,7.5,7.5,7.47,7.5,397100,7.6,7.72,7.91,-1.3158,-2.7432,-5.1843,0.8119,0.6298,0.2743
GEX,2016-12-14,7.5,7.5,7.43,7.47,565800,7.57,7.69,7.91,-1.4227,-2.9757,-5.5659,0.0001,0.0001,0.2684
GEX,2016-12-15,7.47,7.47,7.43,7.47,366900,7.55,7.68,7.9,-1.1213,-2.7325,-5.4524,0.7272,0.5015,0.3336
GEX,2016-12-16,7.54,7.54,7.47,7.47,236400,7.53,7.66,7.89,-0.818,-2.537,-5.3473,-0.2867,-0.1989,0.3449
GEX,2016-12-19,7.5,7.54,7.47,7.5,328700,7.51,7.65,7.88,-0.0513,-1.8621,-4.7716,-0.0001,-0.0001,0.3311
GEX,2016-12-20,7.5,7.66,7.5,7.58,378300,7.51,7.63,7.87,0.9738,-0.6806,-3.7072,-0.0,-0.0,0.3101
GEX,2016-12-21,7.58,7.66,7.58,7.66,256420,7.52,7.63,7.87,1.7903,0.4036,-2.6421,0.5959,0.4193,0.3697
GEX,2016-12-22,7.66,7.66,7.58,7.58,141015,7.53,7.62,7.86,0.7157,-0.4548,-3.4884,-0.3371,-0.2479,0.3663
GEX,2016-12-23,7.58,7.58,7.5,7.54,143000,7.53,7.6,7.84,0.2045,-0.7594,-3.8282,0.0,0.0,0.354
GEX,2016-12-26,7.54,7.54,7.5,7.5,583500,7.53,7.59,7.83,-0.3068,-1.0655,-4.1685,-1.4504,-1.3151,0.4209
GEX,2016-12-27,7.5,7.62,7.5,7.62,111810,7.54,7.57,7.82,1.072,0.6354,-2.5697,0.2334,0.1614,0.3631
GEX,2016-12-28,7.58,7.66,7.58,7.66,101000,7.56,7.57,7.81,1.3238,1.2208,-1.9619,0.2105,0.1864,0.3841
GEX,2016-12-29,7.7,8.2,7.62,7.81,284500,7.59,7.57,7.81,2.889,3.1767,0.0875,-0.2004,-0.1701,0.3315
GEX,2016-12-30,7.85,8.08,7.7,7.93,298800,7.64,7.58,7.8,3.7783,4.542,1.5979,0.1169,0.0945,0.3145
GEX,2017-01-03,7.85,8.0,7.85,7.97,216100,7.69,7.6,7.8,3.6554,4.8632,2.1415,0.2287,0.1921,0.3373
GEX,2017-01-04,8.0,8.12,7.97,8.04,250120,7.73,7.62,7.8,4.0318,5.5555,3.1691,-0.0,-0.0,0.3373
GEX,2017-01-05,8.04,8.08,7.97,8.04,367700,7.77,7.65,7.79,3.5166,5.1836,3.2098,0.3096,0.2889,0.3087
GEX,2017-01-06,8.08,8.08,7.97,7.97,223400,7.81,7.67,7.79,2.0206,3.8895,2.2929,-0.4591,-0.3368,0.3209
GEX,2017-01-09,7.97,8.08,7.89,8.08,365403,7.86,7.69,7.79,2.7901,5.0263,3.7857,0.7789,0.6127,0.3988
GEX,2017-01-10,8.08,8.12,8.04,8.04,232707,7.92,7.72,7.78,1.6042,4.1614,3.3323,-0.6475,-0.465,0.3185
GEX,2017-01-11,8.04,8.08,8.04,8.04,161800,7.96,7.75,7.78,1.0638,3.7993,3.3732,-0.2829,-0.2247,0.3235
GEX,2017-01-12,8.04,8.08,8.04,8.08,222700,8.0,7.78,7.78,1.0101,3.8833,3.8576,0.4488,0.4118,0.3473
GEX,2017-01-13,8.08,8.08,8.08,8.08,62620,8.03,7.81,7.78,0.6712,3.4738,3.8165,0.0,0.0,0.3272
GEX,2017-01-16,8.08,8.08,7.89,7.93,56900,8.03,7.83,7.79,-1.2464,1.2036,1.7887,-0.0718,-0.0675,0.3227
GEX,2017-01-17,7.89,7.89,7.7,7.7,42200,8.0,7.84,7.78,-3.7999,-1.8646,-1.1272,-0.0727,-0.0637,0.3071
GEX,2017-01-18,7.81,7.97,7.77,7.97,38000,7.99,7.86,7.78,-0.3371,1.3215,2.384,0.073,0.0671,0.3144
GEX,2017-01-19,8.08,8.08,7.81,7.81,19500,7.97,7.87,7.78,-1.9797,-0.7335,0.4255,-0.0573,-0.043,0.2892
GEX,2017-01-20,7.77,7.81,7.74,7.74,11500,7.95,7.88,7.77,-2.6634,-1.8075,-0.4753,-0.0348,-0.0271,0.2468
GEX,2017-01-23,7.77,7.81,7.77,7.81,18510,7.92,7.89,7.77,-1.3605,-0.9997,0.5548,0.0522,0.0489,0.1741
GEX,2017-01-24,7.81,7.93,7.81,7.93,23200,7.91,7.91,7.77,0.2433,0.1946,2.0813,0.0512,0.0452,0.1145
GEX,2017-01-25,7.93,8.08,7.89,8.08,8900,7.91,7.94,7.77,2.1401,1.8429,4.0325,0.0199,0.0151,0.0882
GEX,2017-02-02,8.0,8.04,8.0,8.04,28800,7.91,7.95,7.77,1.7031,1.1127,3.4961,0.0644,0.049,0.0497
GEX,2017-02-03,8.04,8.04,7.7,7.89,34200,7.89,7.96,7.77,0.0001,-0.8703,1.5053,0.0074,0.0059,0.0505
GEX,2017-02-06,7.89,7.89,7.62,7.66,43700,7.86,7.95,7.77,-2.5942,-3.6086,-1.4363,-0.0625,-0.0531,0.0495
GEX,2017-02-07,7.81,7.81,7.7,7.74,15947,7.87,7.93,7.77,-1.6634,-2.4982,-0.4359,-0.0092,-0.0079,0.0432
GEX,2017-02-08,7.89,7.89,7.66,7.7,26100,7.84,7.92,7.77,-1.8165,-2.7711,-0.892,-0.0312,-0.0254,0.039
GEX,2017-02-09,7.66,7.7,7.62,7.7,49407,7.83,7.9,7.76,-1.6716,-2.5579,-0.8724,0.0714,0.0557,0.0404
GEX,2017-02-10,7.66,7.77,7.66,7.77,23533,7.83,7.89,7.76,-0.7371,-1.4634,0.1288,0.0411,0.0303,0.041
GEX,2017-02-13,7.77,7.93,7.77,7.93,84535,7.84,7.88,7.77,1.0795,0.5859,2.0914,0.1502,0.1249,0.0509
GEX,2017-02-14,7.89,7.93,7.77,7.81,18400,7.83,7.87,7.77,-0.2457,-0.7335,0.6047,-0.0139,-0.0118,0.0471
GEX,2017-02-15,7.74,7.77,7.7,7.7,10200,7.79,7.85,7.76,-1.2346,-1.9849,-0.833,-0.0156,-0.0118,0.0467
GEX,2017-02-16,7.7,7.7,7.66,7.7,18300,7.76,7.83,7.76,-0.7937,-1.7441,-0.8134,0.0218,0.0166,0.0424
GEX,2017-02-17,7.66,7.7,7.66,7.66,44200,7.74,7.81,7.76,-0.995,-1.9704,-1.2995,-0.0544,-0.0404,0.0471
GEX,2017-02-20,7.7,7.74,7.7,7.7,93400,7.74,7.8,7.76,-0.547,-1.3321,-0.8035,-0.1024,-0.0833,0.0511
GEX,2017-02-21,7.7,7.74,7.66,7.7,60700,7.74,7.8,7.76,-0.4975,-1.3321,-0.8035,-0.0,-0.0,0.0502
GEX,2017-02-22,7.7,7.7,7.66,7.7,54900,7.74,7.79,7.76,-0.4975,-1.1614,-0.833,0.0516,0.0474,0.0522
GEX,2017-02-23,7.7,7.7,7.5,7.54,153200,7.72,7.77,7.76,-2.2931,-2.9702,-2.8259,-0.1135,-0.0861,0.0564
GEX,2017-02-24,7.58,7.62,7.43,7.47,131100,7.69,7.76,7.76,-2.9029,-3.7937,-3.7984,-0.0678,-0.0553,0.0591
GEX,2017-02-27,7.66,7.66,7.5,7.66,325400,7.66,7.75,7.76,-0.0502,-1.2162,-1.3484,0.3801,0.294,0.0821
GEX,2017-02-28,7.58,7.85,7.54,7.66,272252,7.65,7.74,7.77,0.151,-1.0442,-1.3875,-0.0653,-0.058,0.0872
GEX,2017-03-01,7.7,7.77,7.66,7.7,104320,7.65,7.72,7.77,0.6542,-0.2991,-0.9411,-0.0468,-0.0363,0.0904
GEX,2017-03-02,7.7,7.77,7.7,7.77,92315,7.65,7.71,7.78,1.5586,0.8739,-0.0297,0.1125,0.1036,0.0994
GEX,2017-03-03,7.74,7.77,7.58,7.77,212445,7.67,7.7,7.78,1.4056,0.9495,-0.1088,0.3251,0.2135,0.1265
GEX,2017-03-06,7.74,8.51,7.74,8.51,395800,7.75,7.74,7.8,9.7865,9.841,8.9959,0.4904,0.4007,0.1653
GEX,2017-03-07,8.39,8.7,8.35,8.39,288155,7.82,7.78,7.82,7.3363,7.8941,7.2729,-0.3399,-0.2811,0.1993
GEX,2017-03-08,8.47,8.51,8.24,8.27,233210,7.87,7.8,7.83,5.0831,6.0158,5.6096,-0.318,-0.2881,0.2259
GEX,2017-03-09,8.27,8.35,8.2,8.35,199487,7.95,7.84,7.85,4.9831,6.5554,6.4039,0.303,0.2468,0.2449
GEX,2017-03-10,8.27,8.43,8.27,8.35,181710,8.04,7.87,7.86,3.8278,6.1644,6.1956,0.0,0.0,0.2381
GEX,2017-03-13,8.27,8.35,8.24,8.27,132420,8.1,7.88,7.88,2.0893,4.9549,5.0215,-0.0716,-0.06,0.2072
GEX,2017-03-14,8.27,8.27,7.7,7.74,197100,8.11,7.88,7.88,-4.6489,-1.8315,-1.8746,-0.2809,-0.2087,0.2288
GEX,2017-03-15,7.85,8.43,7.85,8.16,356110,8.16,7.9,7.89,0.0,3.2384,3.3542,0.044,0.0284,0.2285
GEX,2017-03-16,8.16,8.31,8.16,8.31,285465,8.21,7.93,7.91,1.2183,4.778,5.1299,0.3121,0.2894,0.2485
GEX,2017-03-17,8.39,8.43,8.24,8.43,238760,8.28,7.97,7.92,1.8131,5.7205,6.4244,0.2391,0.1863,0.2399
GEX,2017-03-20,8.54,8.54,8.27,8.31,185400,8.26,8.0,7.93,0.6523,3.8711,4.8645,-0.1628,-0.1563,0.2071
GEX,2017-03-21,8.27,8.62,8.2,8.2,156717,8.24,8.03,7.93,-0.5138,2.1093,3.3479,-0.1806,-0.1475,0.1912
GEX,2017-03-22,8.2,8.24,7.31,8.12,143100,8.22,8.05,7.93,-1.2635,0.8845,2.3576,0.1037,0.0955,0.1698
GEX,2017-03-23,8.16,8.16,6.97,8.12,70760,8.2,8.08,7.93,-0.9855,0.524,2.3377,0.0901,0.0632,0.1485
GEX,2017-03-24,8.12,8.27,8.12,8.2,309289,8.19,8.11,7.94,0.141,1.0197,3.2477,0.0,0.0,0.1485
GEX,2017-03-27,8.24,8.24,8.16,8.24,36750,8.18,8.14,7.94,0.6586,1.1343,3.6923,0.0407,0.0363,0.1454
GEX,2017-03-28,8.24,8.24,8.16,8.16,65020,8.22,8.17,7.94,-0.7955,-0.1177,2.6933,-0.0802,-0.0722,0.1253
GEX,2017-03-29,8.2,8.2,7.0,8.12,71300,8.22,8.19,7.95,-1.2172,-0.8459,2.1891,0.0962,0.082,0.1305
GEX,2017-03-30,8.16,8.39,6.97,8.2,243041,8.21,8.21,7.95,-0.1407,-0.1641,3.1277,0.2511,0.1954,0.1244
GEX,2017-03-31,8.16,8.27,7.0,8.2,174622,8.19,8.23,7.95,0.141,-0.4208,3.0978,0.2322,0.1856,0.1237
GEX,2017-04-03,8.24,8.27,7.0,8.24,210800,8.18,8.22,7.96,0.7059,0.2108,3.5017,0.2076,0.1738,0.1282
GEX,2017-04-04,8.27,8.27,7.04,8.12,77210,8.17,8.2,7.97,-0.6124,-1.0319,1.9422,0.058,0.0566,0.116
GEX,2017-04-05,8.2,8.2,7.7,8.2,522350,8.18,8.2,7.97,0.2353,-0.0469,2.8489,0.5946,0.607,0.165
GEX,2017-04-07,8.16,8.16,8.08,8.16,30600,8.18,8.19,7.98,-0.2822,-0.3993,2.2772,0.0347,0.0262,0.1595
GEX,2017-04-10,8.08,8.16,7.97,8.16,124960,8.18,8.18,7.99,-0.2353,-0.2822,2.1687,0.118,0.1299,0.1713
GEX,2017-04-11,8.08,8.2,8.08,8.16,216240,8.17,8.18,7.99,-0.1413,-0.2118,2.0802,0.0598,0.0752,0.1732
GEX,2017-04-12,8.2,8.47,8.2,8.31,355410,8.19,8.2,8.0,1.5514,1.3133,3.9061,-0.0618,-0.0636,0.1714
GEX,2017-04-13,8.31,9.54,7.47,8.35,190890,8.21,8.21,8.01,1.7347,1.6632,4.3169,-0.0403,-0.0417,0.1658
GEX,2017-04-14,8.47,8.47,8.2,8.2,66700,8.21,8.21,8.01,-0.1407,-0.1407,2.3546,-0.073,-0.0757,0.148
GEX,2017-04-17,8.31,8.62,8.24,8.35,322050,8.22,8.2,8.02,1.5442,1.7824,4.1567,-0.1328,-0.1361,0.1381
GEX,2017-04-18,8.43,8.51,7.2,8.39,280000,8.24,8.21,8.03,1.8215,2.2034,4.4461,0.2432,0.235,0.1416
GEX,2017-04-19,8.39,8.62,8.39,8.54,409710,8.28,8.23,8.05,3.1598,3.8596,6.149,0.2127,0.2279,0.1571
GEX,2017-04-20,8.58,8.7,8.47,8.62,435150,8.32,8.25,8.07,3.5599,4.4776,6.86,0.2668,0.2614,0.1243
GEX,2017-04-21,8.62,8.74,7.5,8.58,167510,8.37,8.27,8.08,2.5758,3.7209,6.15,0.1977,0.2459,0.1406
GEX,2017-04-24,8.66,8.66,8.54,8.62,247450,8.41,8.3,8.1,2.4703,3.9202,6.4032,0.1189,0.1165,0.1407
GEX,2017-04-25,8.62,8.7,7.89,8.58,339760,8.46,8.31,8.11,1.502,3.2407,5.7573,0.2987,0.3694,0.1646
GEX,2017-04-26,8.7,9.89,8.51,8.58,293560,8.48,8.33,8.13,1.1796,2.9785,5.5571,-0.384,-0.3822,0.1968
GEX,2017-04-27,8.54,8.62,8.51,8.62,69900,8.51,8.36,8.15,1.3117,3.1308,5.7901,0.0938,0.0811,0.2022
GEX,2017-04-28,8.51,8.62,8.47,8.58,73460,8.55,8.38,8.17,0.4052,2.4345,5.0895,0.0418,0.0377,0.199
GEX,2017-05-03,8.54,8.66,8.47,8.54,170960,8.57,8.4,8.18,-0.2695,1.7648,4.392,-0.0363,-0.0374,0.1894
GEX,2017-05-04,8.58,8.77,8.47,8.66,313300,8.59,8.42,8.2,0.7613,2.8806,5.5545,0.0698,0.0682,0.1721
GEX,2017-05-05,8.74,9.2,8.62,9.08,795760,8.65,8.46,8.23,5.0289,7.2971,10.3422,0.4549,0.4994,0.1963
GEX,2017-05-08,9.04,9.24,8.62,9.04,390803,8.69,8.51,8.26,4.0745,6.3108,9.5163,0.1236,0.1318,0.182
GEX,2017-05-09,9.12,9.27,8.08,9.16,325610,8.75,8.56,8.29,4.7074,7.0385,10.4819,0.2701,0.3119,0.1892
GEX,2017-05-10,9.16,9.2,7.85,8.89,415507,8.77,8.59,8.32,1.3158,3.4483,6.8653,0.1985,0.2238,0.1971
GEX,2017-05-11,8.89,9.08,8.85,9.08,325143,8.82,8.64,8.35,2.9219,5.1225,8.8059,0.349,0.3251,0.2022
GEX,2017-05-12,9.08,9.08,8.93,8.97,84787,8.86,8.67,8.37,1.1724,3.3947,7.0871,-0.0461,-0.0452,0.1684
GEX,2017-05-15,8.97,9.08,8.85,8.93,266900,8.89,8.7,8.4,0.3894,2.6094,6.3147,-0.0766,-0.0885,0.1667
GEX,2017-05-16,8.97,9.04,8.85,8.97,397800,8.93,8.74,8.42,0.3878,2.598,6.4705,0.0502,0.0535,0.1675
GEX,2017-05-17,8.97,8.97,8.85,8.85,269400,8.96,8.76,8.44,-1.2451,0.988,4.8314,-0.234,-0.2339,0.1873
GEX,2017-05-18,8.89,8.93,8.81,8.85,384100,8.98,8.79,8.45,-1.4567,0.7226,4.7455,-0.1163,-0.1226,0.1919
GEX,2017-05-19,9.05,9.33,8.85,9.29,652480,9.0,8.83,8.47,3.2196,5.301,9.7391,0.4596,0.4328,0.1924
GEX,2017-05-22,9.25,9.53,9.25,9.37,520870,9.04,8.86,8.49,3.7333,5.7613,10.4025,-0.0586,-0.0502,0.1859
GEX,2017-05-23,9.37,10.06,9.25,9.49,1397140,9.07,8.91,8.51,4.6807,6.5745,11.5236,-0.3945,-0.4492,0.1983
GEX,2017-05-24,9.49,9.66,9.13,9.17,129560,9.1,8.94,8.53,0.818,2.6437,7.5356,-0.1248,-0.1055,0.191
GEX,2017-05-25,9.21,9.21,9.13,9.17,129560,9.11,8.97,8.55,0.7181,2.3057,7.3095,0.0,0.0,0.1561
GEX,2017-05-26,9.17,9.21,9.01,9.13,259523,9.12,8.99,8.58,0.0945,1.5454,6.4908,0.065,0.0491,0.1579
GEX,2017-05-29,9.09,9.25,9.05,9.05,89360,9.14,9.01,8.59,-0.9214,0.4099,5.3332,-0.0637,-0.0664,0.1567
GEX,2017-05-30,9.05,9.09,9.01,9.01,223742,9.14,9.04,8.61,-1.41,-0.2739,4.6947,-0.133,-0.1403,0.1649
GEX,2017-05-31,9.25,10.06,8.93,8.97,99620,9.15,9.06,8.62,-1.9788,-0.9536,4.0959,-0.0881,-0.0774,0.1504
GEX,2017-06-01,8.97,9.01,8.81,8.89,284160,9.16,9.07,8.63,-2.8998,-1.9674,3.0241,-0.0875,-0.0701,0.1475
GEX,2017-06-02,8.93,8.93,8.81,8.89,129400,9.12,9.06,8.64,-2.4713,-1.8639,2.8587,0.0556,0.047,0.1071
GEX,2017-06-05,8.81,9.01,8.81,8.93,268708,9.07,9.05,8.66,-1.5521,-1.3585,3.1306,0.0707,0.0634,0.1083
GEX,2017-06-06,8.97,9.17,8.93,9.13,440400,9.04,9.05,8.68,1.0686,0.8782,5.2074,0.3022,0.2507,0.0991
GEX,2017-06-07,9.17,9.17,9.01,9.01,372720,9.02,9.06,8.7,-0.0892,-0.5218,3.6226,-0.3543,-0.3328,0.122
GEX,2017-06-08,9.25,9.25,8.93,8.97,462440,9.0,9.05,8.71,-0.3129,-0.9053,2.9857,-0.4618,-0.4476,0.1682
GEX,2017-06-09,9.01,9.09,9.01,9.05,237000,8.99,9.06,8.73,0.6711,-0.0634,3.6967,0.0,0.0,0.1617
GEX,2017-06-12,9.05,9.05,8.97,9.01,157650,8.99,9.06,8.75,0.2686,-0.5533,3.0255,-0.0,-0.0,0.1553
GEX,2017-06-13,8.97,9.01,8.97,9.01,108800,8.99,9.06,8.76,0.2686,-0.5778,2.834,0.1338,0.1232,0.1554
GEX,2017-06-14,8.97,9.01,8.93,9.01,270678,8.99,9.07,8.78,0.2237,-0.6656,2.6432,0.2845,0.2648,0.175
GEX,2017-06-15,9.01,9.05,8.97,9.05,205700,9.01,9.08,8.8,0.4913,-0.3322,2.9101,0.2606,0.2625,0.1923
GEX,2017-06-16,9.05,9.05,8.93,9.01,74117,9.02,9.07,8.81,-0.0892,-0.6211,2.2455,0.0236,0.0157,0.1891
GEX,2017-06-19,8.97,9.05,8.93,8.97,284110,9.02,9.05,8.83,-0.5796,-0.8448,1.6105,-0.0836,-0.0753,0.1904
GEX,2017-06-20,8.97,8.97,8.89,8.93,400600,9.0,9.02,8.84,-0.8043,-0.9813,0.9782,-0.0,-0.0,0.1602
GEX,2017-06-21,8.93,10.26,8.93,9.01,59940,9.0,9.01,8.86,0.0894,0.0,1.6917,-0.0581,-0.0486,0.1306
GEX,2017-06-22,9.05,9.25,9.01,9.13,322900,9.02,9.01,8.88,1.2489,1.3619,2.8277,-0.0,-0.0,0.0844
GEX,2017-06-23,9.17,9.21,9.05,9.17,411900,9.03,9.01,8.9,1.559,1.7857,3.0811,0.2152,0.1952,0.1059
GEX,2017-06-26,9.13,9.25,9.13,9.25,158400,9.06,9.02,8.92,2.1768,2.5641,3.7749,0.1897,0.163,0.1249
GEX,2017-06-27,9.29,9.57,9.25,9.41,753120,9.1,9.04,8.94,3.4941,4.1158,5.2925,0.0,0.0,0.1115
GEX,2017-06-28,9.41,9.49,9.29,9.29,388600,9.12,9.06,8.96,1.8519,2.5983,3.724,-0.5073,-0.4929,0.1338
GEX,2017-06-29,9.7,9.7,9.25,9.45,424470,9.16,9.09,8.98,3.1607,4.0514,5.2699,-0.0515,-0.0505,0.1129
GEX,2017-06-30,9.29,9.41,9.25,9.41,355800,9.2,9.11,9.0,2.2728,3.3113,4.6191,0.4204,0.3267,0.1526
GEX,2017-07-03,8.81,9.53,8.77,9.37,318900,9.24,9.13,9.01,1.3926,2.6206,3.998,0.2356,0.2081,0.1678
GEX,2017-07-04,10.55,10.55,9.58,9.58,372400,9.31,9.16,9.03,2.8679,4.5863,6.0138,-0.5399,-0.5091,0.2218
GEX,2017-07-05,9.72,9.72,9.39,9.44,520500,9.35,9.18,9.05,0.9152,2.8313,4.2887,-0.4007,-0.4462,0.256
GEX,2017-07-06,9.39,9.53,9.35,9.39,411700,9.38,9.2,9.07,0.143,2.0936,3.5921,-0.1744,-0.1874,0.2735
GEX,2017-07-07,9.39,9.44,9.35,9.44,495000,9.4,9.22,9.08,0.3527,2.3818,3.9063,0.3208,0.3515,0.284
GEX,2017-07-10,9.39,9.39,9.11,9.21,343700,9.4,9.23,9.09,-2.0584,-0.233,1.229,-0.1071,-0.1077,0.2758
GEX,2017-07-11,9.11,9.16,9.02,9.11,393000,9.37,9.23,9.11,-2.7322,-1.2903,0.0946,0.149,0.1177,0.2907
GEX,2017-07-12,9.16,9.44,9.16,9.25,48700,9.37,9.25,9.12,-1.2083,0.0822,1.4607,-0.0185,-0.0137,0.2418
GEX,2017-07-13,9.3,9.3,9.16,9.16,128425,9.34,9.25,9.13,-1.8881,-0.9765,0.3359,-0.1735,-0.1415,0.254
GEX,2017-07-14,9.16,9.21,9.07,9.16,67700,9.31,9.26,9.13,-1.6206,-1.0559,0.3188,0.0251,0.0222,0.2145
GEX,2017-07-17,9.11,9.16,9.07,9.07,342976,9.28,9.26,9.13,-2.2932,-2.1063,-0.6997,-0.313,-0.3154,0.2222
GEX,2017-07-18,9.07,9.07,8.98,8.98,88800,9.22,9.26,9.13,-2.6593,-3.1281,-1.6732,-0.115,-0.0992,0.1797
GEX,2017-07-19,8.98,9.16,8.93,8.93,127580,9.17,9.26,9.13,-2.6236,-3.5844,-2.1885,-0.1668,-0.1342,0.1563
GEX,2017-07-20,8.98,8.98,8.84,8.98,82100,9.13,9.25,9.13,-1.6725,-3.0024,-1.6585,0.0978,0.0889,0.1487
GEX,2017-07-21,8.84,9.02,8.79,8.98,94000,9.08,9.24,9.13,-1.1716,-2.8988,-1.6602,0.0601,0.0533,0.1226
GEX,2017-07-24,9.25,10.22,8.79,8.79,204330,9.04,9.22,9.12,-2.7636,-4.6622,-3.6587,-0.3517,-0.2823,0.147
GEX,2017-07-25,8.93,8.98,8.84,8.93,176980,9.02,9.2,9.12,-1.0257,-2.9014,-2.1294,0.0755,0.0656,0.1397
GEX,2017-07-26,8.98,8.98,8.88,8.93,45151,8.99,9.18,9.12,-0.6691,-2.7086,-2.146,-0.0,-0.0,0.1378
GEX,2017-07-27,8.93,8.93,8.88,8.93,210300,8.97,9.15,9.13,-0.4128,-2.4293,-2.1625,0.3318,0.2802,0.1537
GEX,2017-07-28,8.98,8.98,8.93,8.93,240930,8.94,9.13,9.12,-0.1552,-2.17,-2.0843,-0.3118,-0.2838,0.1824
GEX,2017-07-31,8.93,8.98,8.93,8.98,525700,8.93,9.11,9.11,0.4661,-1.4478,-1.4908,0.437,0.3523,0.1947
GEX,2017-08-01,8.93,8.98,8.93,8.93,437112,8.93,9.07,9.1,-0.0,-1.6059,-1.8768,-0.4318,-0.3739,0.2264
GEX,2017-08-02,8.88,8.88,8.84,8.88,51300,8.92,9.05,9.09,-0.4666,-1.8154,-2.3229,0.062,0.0495,0.216
GEX,2017-08-03,8.88,9.02,8.88,8.88,115207,8.91,9.02,9.09,-0.3632,-1.5385,-2.2606,-0.1437,-0.1247,0.2206
GEX,2017-08-04,8.98,8.98,8.88,8.93,70023,8.91,9.0,9.08,0.2077,-0.7457,-1.7076,-0.0,-0.0,0.2145
GEX,2017-08-07,8.93,8.93,8.88,8.93,87200,8.92,8.98,9.08,0.0518,-0.5924,-1.6809,0.0949,0.0828,0.1889
GEX,2017-08-08,8.88,8.98,8.84,8.84,89707,8.91,8.97,9.08,-0.8822,-1.4702,-2.6621,-0.0863,-0.0799,0.1899
GEX,2017-08-09,8.84,8.84,8.7,8.79,284340,8.9,8.94,9.07,-1.2474,-1.7326,-3.1331,0.0724,0.072,0.1972
GEX,2017-08-10,8.79,8.84,8.74,8.84,113807,8.89,8.93,9.07,-0.6243,-1.0362,-2.6115,0.1485,0.1438,0.1788
GEX,2017-08-11,8.79,8.84,8.7,8.79,117570,8.88,8.91,9.07,-0.9901,-1.35,-3.0999,0.0464,0.0391,0.1523
GEX,2017-08-14,8.7,8.88,8.7,8.74,393960,8.85,8.89,9.07,-1.2539,-1.6905,-3.57,-0.2047,-0.1913,0.1291
GEX,2017-08-15,8.88,8.93,8.74,8.79,43655,8.84,8.88,9.06,-0.5756,-1.0675,-2.9866,-0.0306,-0.0275,0.0889
GEX,2017-08-16,8.79,8.84,8.7,8.74,66157,8.83,8.88,9.06,-0.9434,-1.4855,-3.44,-0.0299,-0.0244,0.0857
GEX,2017-08-17,8.7,8.84,8.7,8.7,114980,8.81,8.86,9.05,-1.2605,-1.8533,-3.8928,-0.0652,-0.0651,0.0779
GEX,2017-08-18,10.09,10.09,8.7,8.79,157140,8.79,8.85,9.04,-0.0526,-0.7055,-2.8142,-0.1982,-0.1716,0.0977
GEX,2017-08-21,8.79,8.79,8.7,8.74,73635,8.78,8.85,9.04,-0.369,-1.2023,-3.2683,0.0,0.0,0.0882
GEX,2017-08-22,8.74,8.93,8.74,8.74,83050,8.77,8.84,9.03,-0.2638,-1.0989,-3.211,-0.1318,-0.128,0.0928
GEX,2017-08-23,8.74,8.84,8.74,8.79,16700,8.77,8.83,9.03,0.2638,-0.4975,-2.6511,-0.0,-0.0,0.0855
GEX,2017-08-24,8.74,8.74,8.7,8.74,8500,8.76,8.82,9.02,-0.1585,-0.9174,-3.0973,0.0128,0.0113,0.072
GEX,2017-08-25,8.7,8.74,8.7,8.7,12100,8.75,8.81,9.02,-0.5817,-1.3123,-3.5428,-0.0156,-0.0131,0.0689
GEX,2017-08-28,8.79,9.72,8.6,9.11,666755,8.79,8.82,9.02,3.7389,3.3308,1.0429,-0.0571,-0.0553,0.0541
GEX,2017-08-29,9.16,9.3,8.93,9.11,657290,8.82,8.83,9.02,3.3579,3.2225,1.002,0.0,0.0,0.0511
GEX,2017-08-30,9.11,9.16,9.02,9.07,699700,8.85,8.84,9.02,2.4568,2.5909,0.4767,-0.3211,-0.2817,0.0802
GEX,2017-08-31,9.02,9.07,8.98,8.98,1167485,8.88,8.84,9.02,1.0944,1.491,-0.5138,-1.4188,-1.2257,0.2155
GEX,2017-09-01,8.93,9.02,8.88,8.98,1154823,8.9,8.85,9.02,0.8841,1.4645,-0.4702,0.6754,0.5512,0.2633
GEX,2017-09-05,8.93,9.02,8.93,8.93,1033100,8.91,8.85,9.01,0.1556,0.9414,-0.9121,-1.3588,-1.1236,0.3991
GEX,2017-09-06,8.93,9.07,8.88,9.02,850300,8.94,8.85,9.0,0.8795,1.8809,0.2021,0.6332,0.5176,0.4493
GEX,2017-09-07,9.02,9.25,8.98,9.16,661792,8.98,8.87,9.0,2.0093,3.2326,1.7738,0.3328,0.2643,0.4826
GEX,2017-09-08,9.11,9.67,9.11,9.35,950033,9.04,8.9,9.0,3.3777,5.0169,3.8549,-0.2282,-0.1925,0.5041
GEX,2017-09-11,9.39,9.58,9.25,9.53,1295167,9.12,8.94,9.0,4.4624,6.6528,5.8841,1.0868,0.9621,0.6112
GEX,2017-09-12,9.48,10.09,9.48,9.99,1852524,9.21,9.0,9.01,8.4882,11.0539,10.8715,2.0841,1.5208,0.8139
GEX,2017-09-13,9.95,10.18,9.72,9.81,1201256,9.28,9.05,9.02,5.6829,8.3844,8.7626,-1.0422,-0.8631,0.9181
GEX,2017-09-14,9.67,9.72,9.53,9.58,211355,9.33,9.09,9.02,2.6277,5.3436,6.1648,-0.1729,-0.1219,0.9033
GEX,2017-09-15,9.48,9.9,9.39,9.67,1004018,9.4,9.14,9.03,2.8543,5.796,7.1245,0.116,0.0827,0.773
GEX,2017-09-18,9.67,9.95,9.67,9.72,1845120,9.47,9.19,9.03,2.5391,5.7669,7.571,-1.9552,-1.4464,0.901
GEX,2017-09-19,9.81,10.18,9.76,10.04,1895377,9.59,9.25,9.05,4.7298,8.5272,10.9521,0.7764,0.7447,0.8428
GEX,2017-09-20,10.09,10.55,10.09,10.46,2213707,9.73,9.34,9.07,7.4655,11.992,15.212,1.6981,1.8395,0.9493
GEX,2017-09-21,10.55,10.78,10.5,10.64,1505773,9.88,9.43,9.1,7.7284,12.8558,16.8937,0.0,0.0,0.916
GEX,2017-09-22,10.69,10.96,10.69,10.78,1943598,10.02,9.53,9.14,7.5716,13.1068,17.9986,-0.7659,-0.7103,0.9698
GEX,2017-09-25,10.78,11.01,10.41,10.55,795868,10.12,9.62,9.16,4.2047,9.6154,15.1166,-0.6124,-0.5896,0.9223
GEX,2017-09-26,10.27,10.55,10.27,10.36,318382,10.16,9.69,9.19,2.0036,6.9979,12.7782,-0.1256,-0.1199,0.7265
GEX,2017-09-27,10.32,10.36,10.13,10.18,618620,10.2,9.74,9.21,-0.1815,4.5131,10.4751,-0.4499,-0.4121,0.6672
GEX,2017-09-28,10.22,10.22,10.09,10.13,735590,10.25,9.79,9.24,-1.1733,3.4727,9.6864,-0.2798,-0.2743,0.6779
GEX,2017-09-29,10.13,10.13,9.99,10.09,507400,10.29,9.85,9.26,-2.0225,2.4195,8.9238,0.2313,0.2075,0.6895
GEX,2017-10-02,10.09,10.87,10.09,10.5,985175,10.37,9.92,9.29,1.2489,5.8275,13.0478,0.1126,0.106,0.5052
GEX,2017-10-03,10.55,10.87,10.5,10.55,2448310,10.42,10.0,9.32,1.1984,5.4335,13.1177,-4.26,-3.2897,0.8535
GEX,2017-10-04,10.83,10.87,10.5,10.59,812254,10.44,10.08,9.36,1.507,5.0699,13.2094,-0.6515,-0.6406,0.7489
GEX,2017-10-05,10.78,10.83,10.5,10.55,606845,10.43,10.15,9.39,1.1535,3.8961,12.3263,-0.5027,-0.4751,0.7992
GEX,2017-10-06,10.5,10.64,10.41,10.46,362500,10.4,10.21,9.42,0.5785,2.4246,10.9801,-0.4771,-0.4108,0.7703
GEX,2017-10-09,10.46,10.64,10.46,10.5,552420,10.39,10.26,9.45,1.0686,2.3906,11.1003,-0.4581,-0.5218,0.7549
GEX,2017-10-10,10.59,10.64,10.36,10.59,756223,10.41,10.29,9.48,1.7325,2.9907,11.6964,0.7966,0.7263,0.822
GEX,2017-10-11,10.32,10.69,10.32,10.64,947010,10.46,10.33,9.52,1.7249,3.0235,11.7808,1.0223,1.0505,0.8792
GEX,2017-10-12,10.69,11.7,10.59,10.64,1703872,10.51,10.38,9.55,1.2324,2.4956,11.3694,-1.9436,-1.7532,1.0456
GEX,2017-10-13,10.78,10.78,10.59,10.64,485921,10.57,10.43,9.59,0.7006,2.0182,10.9611,-0.3318,-0.3139,1.0556
GEX,2017-10-16,10.64,10.87,10.59,10.59,590454,10.58,10.47,9.62,0.1749,1.1484,10.0961,-0.8703,-0.664,1.1314
GEX,2017-10-17,10.59,10.64,10.5,10.5,272303,10.57,10.5,9.65,-0.6564,0.0441,8.779,-0.2701,-0.2627,0.7324
GEX,2017-10-18,10.59,10.78,10.27,10.46,571475,10.56,10.5,9.69,-0.9641,-0.3967,7.9377,-0.144,-0.1355,0.6817
GEX,2017-10-19,10.41,10.5,10.41,10.41,98360,10.54,10.49,9.72,-1.2725,-0.728,7.102,-0.1264,-0.1123,0.644
GEX,2017-10-20,10.5,10.55,10.27,10.27,381550,10.52,10.46,9.75,-2.4176,-1.8134,5.3631,-0.4844,-0.431,0.6448
GEX,2017-10-23,10.36,10.46,9.99,10.04,798065,10.48,10.43,9.77,-4.1942,-3.7907,2.7268,-0.7066,-0.6737,0.6696
GEX,2017-10-24,10.18,10.41,10.13,10.32,429455,10.45,10.43,9.8,-1.2837,-1.1086,5.2284,0.2579,0.2474,0.6157
GEX,2017-10-25,10.32,10.41,10.18,10.27,394280,10.41,10.44,9.83,-1.3772,-1.5958,4.4411,-0.1168,-0.1098,0.5252
GEX,2017-10-26,10.32,10.32,10.09,10.09,195928,10.36,10.43,9.86,-2.6351,-3.3474,2.2802,-0.2984,-0.2579,0.3607
GEX,2017-10-27,10.22,10.41,10.09,10.32,572650,10.33,10.45,9.89,-0.0896,-1.24,4.2836,0.3618,0.2801,0.3637
GEX,2017-10-30,10.36,10.36,10.09,10.18,231022,10.28,10.43,9.92,-1.0346,-2.4174,2.5928,-0.0779,-0.0673,0.2844
GEX,2017-10-31,10.04,10.18,9.99,10.09,208020,10.24,10.41,9.95,-1.5357,-3.0896,1.3859,0.0,0.0,0.2574
GEX,2017-11-01,10.09,10.27,9.99,9.99,251150,10.2,10.38,9.97,-1.9964,-3.7004,0.2041,-0.3085,-0.3199,0.2739
GEX,2017-11-02,9.99,10.18,9.85,9.9,254765,10.15,10.34,9.99,-2.4168,-4.2934,-0.9443,-0.2082,-0.1763,0.282
GEX,2017-11-03,9.85,9.9,9.53,9.72,789967,10.09,10.31,10.01,-3.7139,-5.745,-2.9843,0.0,0.0,0.2336
GEX,2017-11-06,9.76,10.09,9.76,9.95,272645,10.08,10.28,10.04,-1.3309,-3.2403,-0.9217,0.0577,0.0456,0.1687
GEX,2017-11-07,9.99,10.18,9.95,10.09,440200,10.06,10.25,10.06,0.276,-1.6467,0.2668,0.1517,0.1374,0.1581
GEX,2017-11-08,9.76,10.13,9.72,9.72,530322,10.0,10.21,10.07,-2.8677,-4.8266,-3.5281,-0.5314,-0.3951,0.1996
GEX,2017-11-09,9.99,9.99,9.48,9.48,307224,9.94,10.15,10.08,-4.6068,-6.5634,-5.9029,-0.4233,-0.3368,0.2121
GEX,2017-11-10,9.85,9.85,9.67,9.76,112660,9.89,10.11,10.09,-1.2635,-3.4104,-3.2997,0.0,0.0,0.1759
GEX,2017-11-13,9.67,9.9,9.62,9.62,51000,9.83,10.06,10.11,-2.1176,-4.3238,-4.7968,-0.053,-0.0344,0.1734
GEX,2017-11-14,9.72,9.81,9.62,9.67,47792,9.79,10.02,10.12,-1.2288,-3.4642,-4.479,-0.0285,-0.0181,0.1762
GEX,2017-11-15,9.72,9.95,9.72,9.81,278821,9.77,9.98,10.14,0.3788,-1.7609,-3.2582,-0.0592,-0.0435,0.1513
GEX,2017-11-16,9.9,10.18,9.81,9.99,275624,9.78,9.96,10.15,2.1759,0.3018,-1.5946,-0.0,-0.0,0.1305
GEX,2017-11-17,10.04,10.13,9.44,9.95,161255,9.8,9.95,10.17,1.4629,-0.0,-2.166,0.0983,0.0756,0.1403
GEX,2017-11-20,10.09,10.18,9.85,10.09,505995,9.82,9.95,10.18,2.7333,1.3718,-0.9091,0.2835,0.1917,0.1629
GEX,2017-11-21,10.04,10.64,10.04,10.5,1521296,9.86,9.96,10.19,6.5228,5.4588,3.0788,0.8277,0.5663,0.2305
GEX,2017-11-22,10.46,10.83,10.36,10.59,3314005,9.95,9.97,10.2,6.5116,6.2152,3.8266,-0.0001,-0.0001,0.1774
GEX,2017-11-23,10.64,10.92,10.59,10.59,500935,10.06,10.0,10.22,5.3358,5.9449,3.6199,-0.6145,-0.4965,0.1965
GEX,2017-11-24,10.64,10.78,10.46,10.5,565515,10.13,10.01,10.24,3.653,4.9226,2.5479,-0.3837,-0.3391,0.2348
GEX,2017-11-27,10.5,10.69,10.22,10.64,2456622,10.23,10.03,10.26,3.9783,6.0641,3.7158,1.5978,1.6347,0.3893
GEX,2017-11-28,10.64,10.73,10.5,10.69,2735671,10.34,10.06,10.27,3.402,6.2069,4.0353,0.7568,0.7624,0.4621
GEX,2017-11-29,10.73,11.06,10.59,10.92,2903644,10.45,10.11,10.28,4.5173,8.0092,6.1915,0.8131,0.8321,0.5375
GEX,2017-11-30,11.01,11.47,10.92,11.15,1988019,10.56,10.17,10.29,5.5628,9.6202,8.3341,-0.2652,-0.2302,0.5641
GEX,2017-12-01,11.24,11.66,11.2,11.61,2306489,10.73,10.27,10.31,8.2363,13.114,12.647,2.0303,1.7539,0.7573
GEX,2017-12-04,11.57,12.17,11.57,11.7,3408034,10.89,10.35,10.33,7.4767,13.0474,13.2904,-1.279,-1.2162,0.8568
GEX,2017-12-05,11.8,11.94,11.43,11.43,2303370,10.98,10.42,10.35,4.0438,9.6559,10.3763,-1.181,-1.1426,0.8921
GEX,2017-12-06,11.47,11.47,11.01,11.1,2294250,11.03,10.49,10.37,0.6289,5.8435,7.0569,-1.1971,-1.141,1.0118
GEX,2017-12-07,11.24,11.47,11.2,11.24,1404400,11.1,10.58,10.39,1.2922,6.276,8.1635,-1.0399,-0.8778,1.0544
GEX,2017-12-08,11.24,11.29,11.15,11.2,1015875,11.17,10.65,10.42,0.2485,5.1259,7.4886,-0.357,-0.3529,1.0517
GEX,2017-12-11,11.15,11.38,11.01,11.15,1601655,11.22,10.73,10.43,-0.6186,3.9465,6.9115,-0.371,-0.3487,0.929
GEX,2017-12-12,11.15,11.29,10.87,11.1,1566340,11.26,10.8,10.44,-1.3969,2.8278,6.3547,0.1495,0.1246,0.8683
GEX,2017-12-13,11.1,11.2,10.87,10.96,1361590,11.27,10.86,10.45,-2.6694,1.0015,4.9509,-0.7953,-0.731,0.8665
GEX,2017-12-14,11.01,11.1,10.96,11.06,721946,11.26,10.91,10.46,-1.7674,1.357,5.7335,0.2766,0.2686,0.8677
GEX,2017-12-15,11.06,11.47,11.01,11.24,1287805,11.22,10.97,10.47,0.2062,2.4452,7.3417,0.0,0.0,0.6646
GEX,2017-12-18,11.24,11.33,11.2,11.29,955300,11.18,11.03,10.49,0.9934,2.3061,7.6217,0.2904,0.2757,0.5658
GEX,2017-12-19,11.33,11.47,11.24,11.43,1156815,11.18,11.08,10.51,2.2351,3.1315,8.7722,0.8662,0.6629,0.5343
GEX,2017-12-20,11.38,12.12,11.38,11.98,2585570,11.27,11.15,10.53,6.3655,7.4689,13.7662,1.8808,1.9162,0.6027
GEX,2017-12-21,12.03,12.12,11.89,11.89,1018355,11.33,11.21,10.56,4.9408,6.0231,12.6205,-0.8908,-0.8334,0.5878
GEX,2017-12-22,11.84,11.84,11.47,11.7,1790950,11.38,11.27,10.58,2.8455,3.8162,10.6446,0.6444,0.5443,0.6165
GEX,2017-12-25,11.7,11.8,11.1,11.43,1312120,11.41,11.31,10.6,0.1622,1.0018,7.8508,-0.1271,-0.1127,0.5921
GEX,2017-12-26,11.47,11.75,11.33,11.33,1734391,11.43,11.35,10.61,-0.8499,-0.102,6.8096,-1.993,-1.6187,0.7765
GEX,2017-12-27,11.47,11.7,11.01,11.15,1603754,11.45,11.36,10.63,-2.6263,-1.833,4.9286,-1.092,-0.9561,0.8061
GEX,2017-12-28,11.2,11.43,11.06,11.38,1639740,11.48,11.37,10.65,-0.8864,0.1018,6.9101,1.655,1.3295,0.944
GEX,2017-12-29,11.52,11.98,11.52,11.61,2547746,11.52,11.37,10.67,0.8032,2.1363,8.8087,-1.465,-1.3161,1.0905
GEX,2018-01-02,11.8,11.98,11.75,11.98,885550,11.59,11.38,10.71,3.3932,5.2632,11.8694,0.6586,0.6408,1.1273
GEX,2018-01-03,12.03,12.58,11.89,12.49,2070135,11.7,11.44,10.75,6.8038,9.2233,16.149,1.1948,1.0942,1.1602
GEX,2018-01-04,12.86,13.18,12.49,13.09,1931289,11.81,11.54,10.81,10.8934,13.4951,21.1058,1.2547,1.1601,1.0975
GEX,2018-01-05,13.09,13.18,12.63,12.77,1671470,11.89,11.61,10.86,7.3512,9.9602,17.5268,-0.5176,-0.5696,1.0602
GEX,2018-01-08,12.81,12.81,12.44,12.72,2278527,12.0,11.69,10.91,6.0548,8.8463,16.5847,0.5939,0.5957,1.0552
GEX,2018-01-09,12.63,13.09,12.63,13.05,1596165,12.16,11.78,10.97,7.306,10.7185,18.9271,0.7156,0.7463,1.114
GEX,2018-01-10,13.05,14.11,13.0,14.02,2687395,12.43,11.93,11.05,12.8071,17.5102,26.8738,1.2008,1.1881,1.0348
GEX,2018-01-11,13.88,14.2,13.65,14.2,2738703,12.73,12.09,11.13,11.5552,17.467,27.5764,1.5486,1.756,1.0805
GEX,2018-01-12,14.2,15.17,14.06,14.71,5149666,13.06,12.27,11.23,12.6062,19.8643,31.0152,0.3076,0.3826,0.9457
GEX,2018-01-18,13.93,13.93,13.93,13.93,31140,13.3,12.41,11.31,4.7321,12.2297,23.0883,-0.0131,-0.0132,0.4897
GEX,2018-01-19,14.9,14.9,14.9,14.9,91830,13.59,12.59,11.41,9.6357,18.3388,30.5335,-0.0553,-0.0487,0.4435
GEX,2018-01-22,15.94,15.94,15.54,15.94,3619740,13.93,12.81,11.53,14.3948,24.3795,38.2368,2.4212,2.5131,0.6262
GEX,2018-01-23,15.94,15.94,15.94,15.94,0,14.22,13.01,11.65,12.1054,22.4889,36.7606,0.0,0.0,0.5547
GEX,2018-01-24,15.94,15.94,15.94,15.94,0,14.53,13.21,11.78,9.661,20.6127,35.2625,0.0,0.0,0.4346
GEX,2018-01-25,16.19,16.47,15.22,15.68,2264840,14.83,13.41,11.9,5.7557,16.9268,31.7784,-0.2596,-0.2658,0.3057
GEX,2018-01-26,15.68,15.68,14.8,15.04,2515140,15.03,13.59,12.01,0.0462,10.6101,25.1974,-0.724,-0.7571,0.3473
GEX,2018-01-29,14.9,15.04,14.48,14.48,1873480,15.07,13.75,12.11,-3.9435,5.3074,19.6163,-0.9685,-0.9447,0.4442
GEX,2018-01-30,14.43,14.48,14.06,14.11,1469010,15.07,13.9,12.19,-6.3412,1.5229,15.7364,-0.5542,-0.5409,0.4996
GEX,2018-01-31,14.11,15.08,14.11,14.67,1380700,15.06,14.06,12.29,-2.6264,4.2849,19.3748,0.0783,0.0827,0.5074
GEX,2018-02-01,14.43,14.8,14.11,14.16,924090,15.08,14.19,12.37,-6.1494,-0.2364,14.4481,-0.457,-0.5244,0.5518
GEX,2018-02-02,14.25,14.25,13.88,14.09,1011970,15.0,14.3,12.45,-6.1054,-1.4563,13.155,0.1186,0.1022,0.5581
GEX,2018-02-05,14.09,14.09,13.12,13.12,1560570,14.72,14.33,12.5,-10.9051,-8.4524,4.9106,-0.672,-0.6933,0.3832
GEX,2018-02-06,12.21,13.18,12.21,13.12,4346230,14.44,14.33,12.55,-9.1637,-8.4598,4.4891,1.53,1.3181,0.5362
GEX,2018-02-07,13.79,13.79,13.23,13.56,825060,14.2,14.37,12.61,-4.5447,-5.6513,7.4835,0.1202,0.1094,0.5482
GEX,2018-02-08,13.42,13.88,13.07,13.46,715180,13.98,14.4,12.67,-3.6902,-6.5361,6.2509,-0.0172,-0.021,0.524
GEX,2018-02-09,13.14,13.97,12.77,13.97,966160,13.87,14.45,12.74,0.717,-3.3136,9.6906,0.6889,0.7286,0.5205
GEX,2018-02-12,14.02,14.2,13.79,14.11,509950,13.83,14.45,12.81,1.9897,-2.3844,10.1879,0.2149,0.2054,0.4451
GEX,2018-02-13,14.16,14.57,14.11,14.34,343770,13.86,14.46,12.87,3.4886,-0.8318,11.3986,-0.0,-0.0,0.3897
GEX,2018-02-21,15.04,15.04,14.16,14.57,249530,13.85,14.45,12.94,5.228,0.8161,12.5965,-0.0145,-0.0143,0.3833
GEX,2018-02-22,14.39,14.8,14.34,14.53,934440,13.89,14.48,13.0,4.6144,0.2875,11.7359,-0.1997,-0.2079,0.3576
GEX,2018-02-23,14.53,14.64,14.53,14.62,617110,13.94,14.47,13.06,4.8788,1.023,11.9456,0.2593,0.2445,0.3717
GEX,2018-02-26,15.13,15.13,14.71,14.8,726590,14.11,14.41,13.13,4.9352,2.704,12.7793,-0.2223,-0.2323,0.3267
GEX,2018-02-27,14.8,14.87,14.62,14.76,557360,14.27,14.36,13.2,3.4036,2.8037,11.8043,0.0503,0.0462,0.1787
GEX,2018-02-28,14.76,14.8,14.64,14.64,743520,14.38,14.29,13.27,1.8176,2.4603,10.3595,-0.5783,-0.5439,0.2245
GEX,2018-03-01,14.76,14.99,14.62,14.99,1127400,14.53,14.26,13.34,3.1355,5.1436,12.3323,0.7581,0.7333,0.2986
GEX,2018-03-02,14.99,15.96,14.85,15.96,1447690,14.73,14.3,13.44,8.3373,11.5963,18.7567,1.0073,1.0915,0.3305
GEX,2018-03-05,16.01,16.42,15.68,15.68,1710930,14.89,14.36,13.53,5.3286,9.1963,15.9014,-0.7495,-0.7964,0.3839
GEX,2018-03-06,15.82,16.47,15.68,16.38,1751220,15.09,14.48,13.64,8.5058,13.1352,20.0692,0.767,0.8784,0.4606
GEX,2018-03-07,16.19,16.42,16.15,16.42,1741430,15.28,14.56,13.75,7.4943,12.77,19.4683,1.4188,1.7454,0.6011
GEX,2018-03-08,16.42,16.65,16.42,16.47,1415170,15.47,14.68,13.85,6.4434,12.1966,18.9005,-0.8363,-0.992,0.6647
GEX,2018-03-09,16.61,16.79,16.49,16.61,1661360,15.67,14.81,13.96,5.9778,12.1787,18.9884,-0.3532,-0.3798,0.6741
GEX,2018-03-12,16.65,16.89,16.52,16.61,1002350,15.85,14.98,14.06,4.7716,10.8709,18.1115,-0.3877,-0.4135,0.6907
GEX,2018-03-13,16.56,16.61,16.19,16.31,1470480,16.01,15.14,14.15,1.8786,7.7158,15.2639,-0.4459,-0.4786,0.7302
GEX,2018-03-14,16.31,16.42,15.82,16.08,733010,16.15,15.27,14.23,-0.4583,5.311,12.9604,-0.0712,-0.0745,0.6795
GEX,2018-03-15,15.96,16.75,15.96,16.65,682530,16.32,15.43,14.33,2.0698,7.9703,16.2153,0.4012,0.5157,0.6438
GEX,2018-03-16,16.79,16.79,16.56,16.56,417320,16.38,15.55,14.43,1.1299,6.4763,14.7473,-0.2618,-0.2328,0.5693
GEX,2018-03-19,16.65,16.75,16.19,16.45,528820,16.45,15.67,14.54,-0.0422,4.9446,13.1445,-0.0302,-0.0366,0.4973
GEX,2018-03-20,16.38,16.38,16.19,16.19,374790,16.43,15.76,14.64,-1.4778,2.7146,10.6265,-0.3269,-0.3335,0.4533
GEX,2018-03-21,16.19,16.45,15.91,16.24,570290,16.42,15.85,14.73,-1.085,2.4668,10.211,0.1253,0.1221,0.324
GEX,2018-03-22,16.19,16.28,15.96,16.01,498680,16.37,15.92,14.82,-2.2185,0.5375,7.9967,-0.2811,-0.2996,0.2685
GEX,2018-03-23,15.73,16.24,15.73,16.19,876410,16.33,16.0,14.91,-0.8358,1.2,8.6282,0.5246,0.598,0.2856
GEX,2018-03-26,16.19,16.42,16.01,16.19,309370,16.29,16.07,14.98,-0.5823,0.7629,8.0914,-0.0231,-0.0224,0.2491
GEX,2018-03-27,16.33,16.33,16.12,16.12,209200,16.27,16.14,15.04,-0.8958,-0.0932,7.1945,-0.1565,-0.1697,0.2202
GEX,2018-03-28,16.15,16.19,16.08,16.19,282460,16.28,16.22,15.11,-0.5399,-0.1426,7.168,0.279,0.308,0.241
GEX,2018-03-29,16.19,16.28,16.19,16.26,472110,16.24,16.28,15.18,0.1282,-0.1066,7.1254,0.2737,0.3237,0.2282
GEX,2018-03-30,16.38,17.02,16.33,16.77,1997780,16.26,16.32,15.25,3.1294,2.764,9.9384,0.5844,0.6708,0.2605
GEX,2018-04-02,16.93,17.07,16.77,17.0,862920,16.32,16.39,15.31,4.1962,3.7623,11.0205,0.3125,0.3688,0.2887
GEX,2018-04-03,17.07,17.3,17.0,17.07,1115590,16.4,16.42,15.37,4.0609,3.9656,11.0576,-0.4892,-0.6083,0.3049
GEX,2018-04-04,17.12,18.0,17.07,17.9,1504140,16.57,16.49,15.44,8.0402,8.5478,15.9933,0.8556,0.9826,0.378
GEX,2018-04-05,18.0,18.53,18.0,18.27,1292710,16.8,16.58,15.52,8.7854,10.189,17.7277,0.0485,0.0619,0.3547
GEX,2018-04-06,18.55,18.55,18.18,18.23,883370,17.0,16.67,15.59,7.2109,9.3761,16.9278,-0.4822,-0.6203,0.3505
GEX,2018-04-09,18.23,18.55,18.23,18.39,1277970,17.22,16.75,15.64,6.7831,9.7611,17.5966,-0.0,-0.0,0.3482
GEX,2018-04-10,18.41,18.51,17.12,17.81,1420250,17.39,16.83,15.68,2.4208,5.8346,13.6263,-0.0,-0.0,0.3325
GEX,2018-04-11,17.81,17.86,17.07,17.12,1044360,17.48,16.88,15.7,-2.0905,1.3977,9.0352,-0.4742,-0.5655,0.352
GEX,2018-04-12,17.35,17.56,16.93,17.46,650700,17.6,16.92,15.73,-0.7884,3.2055,10.9935,0.4114,0.5154,0.3658
GEX,2018-04-13,17.72,17.72,17.49,17.58,587900,17.68,16.97,15.79,-0.5886,3.5775,11.3684,-0.0957,-0.1192,0.3169
GEX,2018-04-16,17.67,18.04,17.12,17.93,479820,17.78,17.05,15.85,0.8458,5.1632,13.0727,0.4603,0.5977,0.3317
GEX,2018-04-17,18.27,18.27,17.97,18.09,362500,17.88,17.14,15.93,1.1774,5.5259,13.5242,-0.0834,-0.1053,0.2911
GEX,2018-04-18,18.18,18.18,17.95,17.95,403280,17.88,17.23,16.0,0.3751,4.196,12.1906,-0.3299,-0.421,0.2386
GEX,2018-04-19,17.81,18.04,16.84,17.26,487740,17.78,17.29,16.06,-2.953,-0.194,7.4371,-0.1027,-0.1065,0.244
GEX,2018-04-20,17.12,17.72,17.12,17.72,222300,17.73,17.37,16.13,-0.0652,2.0313,9.8208,0.181,0.2008,0.2139
GEX,2018-04-23,17.72,17.81,17.21,17.21,523020,17.61,17.42,16.22,-2.2853,-1.1887,6.128,-0.2681,-0.3616,0.2407
GEX,2018-04-24,16.93,17.3,16.79,17.12,232120,17.54,17.47,16.3,-2.4261,-1.9997,5.0391,0.0636,0.0639,0.247
GEX,2018-04-26,17.12,17.12,16.47,16.47,366950,17.48,17.48,16.35,-5.7703,-5.7827,0.7043,-0.2184,-0.2576,0.2215
GEX,2018-04-27,16.47,17.07,16.42,17.02,368160,17.43,17.52,16.43,-2.3484,-2.819,3.6474,0.259,0.3287,0.2062
GEX,2018-05-02,17.02,17.39,16.89,17.02,151080,17.38,17.53,16.49,-2.0365,-2.8896,3.2635,-0.0585,-0.0699,0.2025
GEX,2018-05-03,17.02,17.12,15.85,16.98,290330,17.28,17.53,16.54,-1.7666,-3.147,2.6258,0.1609,0.2172,0.1725
GEX,2018-05-04,17.26,17.26,16.28,16.28,294710,17.1,17.49,16.58,-4.7877,-6.8968,-1.7994,-0.322,-0.4267,0.1964
GEX,2018-05-07,16.28,16.65,16.01,16.56,256180,16.96,17.42,16.62,-2.3725,-4.9452,-0.3646,0.1759,0.2059,0.181
GEX,2018-05-08,16.79,16.79,16.47,16.52,209900,16.89,17.34,16.66,-2.2186,-4.7301,-0.8801,-0.1514,-0.1941,0.1859
GEX,2018-05-09,16.33,16.52,16.1,16.19,316100,16.74,17.23,16.69,-3.2614,-6.0465,-3.0068,-0.2508,-0.3239,0.1928
GEX,2018-05-10,16.01,16.19,15.82,15.96,351790,16.61,17.11,16.72,-3.9265,-6.7316,-4.5247,-0.0772,-0.102,0.1738
GEX,2018-05-11,16.1,16.65,15.78,16.65,303130,16.57,17.05,16.76,0.5306,-2.3464,-0.5991,0.3119,0.3752,0.1986
GEX,2018-05-14,16.65,16.79,16.33,16.7,407610,16.59,17.03,16.8,0.6693,-1.9555,-0.5674,0.3708,0.41,0.2138
GEX,2018-05-15,16.7,17.21,16.7,16.75,317200,16.56,17.0,16.83,1.1173,-1.4765,-0.5003,-0.3946,-0.4024,0.2274
GEX,2018-05-16,16.65,16.65,16.28,16.4,639380,16.5,16.94,16.84,-0.6028,-3.1818,-2.6126,-0.3137,-0.3721,0.2529
GEX,2018-05-17,16.65,16.65,16.31,16.35,348470,16.44,16.86,16.85,-0.5066,-3.0045,-2.9646,-0.3766,-0.4056,0.2745
GEX,2018-05-18,16.52,16.65,16.28,16.65,651650,16.47,16.79,16.86,1.0952,-0.7991,-1.2129,0.9055,0.9321,0.3328
GEX,2018-05-21,16.65,16.7,16.47,16.52,430600,16.47,16.72,16.86,0.2809,-1.2038,-2.0468,-0.2885,-0.3538,0.3441
GEX,2018-05-22,16.52,16.52,15.91,15.91,591330,16.41,16.65,16.85,-3.0166,-4.4179,-5.5516,-0.6088,-0.8108,0.3898
GEX,2018-05-23,15.96,16.05,15.73,15.91,417310,16.38,16.56,16.84,-2.8523,-3.8972,-5.4737,0.0574,0.0584,0.3705
GEX,2018-05-24,15.91,15.94,15.82,15.87,240540,16.37,16.49,16.82,-3.08,-3.7868,-5.6656,-0.0724,-0.0778,0.37
GEX,2018-05-25,15.82,15.87,14.8,14.8,680810,16.19,16.38,16.79,-8.5453,-9.6045,-11.8336,-0.6182,-0.6908,0.4006
GEX,2018-05-28,14.8,15.73,13.79,13.79,1152840,15.9,16.24,16.75,-13.2712,-15.1239,-17.6704,-0.6157,-0.7095,0.4251
GEX,2018-05-29,13.88,14.57,13.88,14.46,159430,15.67,16.11,16.7,-7.7218,-10.2849,-13.4373,0.082,0.1002,0.3939
GEX,2018-05-30,14.67,14.67,14.06,14.2,184680,15.45,15.97,16.65,-8.0563,-11.0854,-14.7199,-0.1504,-0.1382,0.3775
GEX,2018-05-31,14.16,15.17,14.16,15.13,545560,15.32,15.88,16.63,-1.283,-4.7411,-9.0201,0.4655,0.4737,0.3864
GEX,2018-06-01,15.04,15.17,14.9,15.08,724650,15.17,15.82,16.61,-0.5643,-4.6714,-9.177,0.2872,0.2893,0.3246
GEX,2018-06-04,15.22,16.05,15.17,15.82,184180,15.1,15.78,16.6,4.7955,0.2418,-4.6717,0.0691,0.0855,0.3027
GEX,2018-06-05,16.19,16.33,15.73,15.94,148850,15.1,15.75,16.6,5.5454,1.1599,-3.9668,-0.0458,-0.0635,0.2464
GEX,2018-06-06,15.82,16.01,15.82,15.94,123130,15.1,15.74,16.59,5.5292,1.2416,-3.9373,0.0297,0.0356,0.2436
GEX,2018-06-07,15.96,16.1,15.43,15.73,161730,15.09,15.73,16.58,4.2465,-0.0073,-5.1392,-0.0181,-0.0213,0.2382
GEX,2018-06-08,15.73,15.75,15.27,15.73,255060,15.18,15.68,16.57,3.6112,0.2876,-5.0942,0.2709,0.3304,0.2035
GEX,2018-06-11,15.68,15.71,15.45,15.54,106630,15.36,15.63,16.56,1.22,-0.5255,-6.1374,-0.0363,-0.0419,0.1455
GEX,2018-06-12,15.59,15.87,15.27,15.68,376710,15.48,15.57,16.55,1.315,0.7055,-5.2332,0.1917,0.2018,0.1565
GEX,2018-06-13,15.87,15.96,15.64,15.68,688550,15.63,15.54,16.53,0.3552,0.9379,-5.1085,-0.999,-0.9455,0.2413
GEX,2018-06-14,15.87,15.87,15.41,15.41,430390,15.66,15.49,16.5,-1.5958,-0.5451,-6.6076,-0.4806,-0.5464,0.2429
GEX,2018-06-15,15.27,15.59,15.08,15.17,228850,15.66,15.42,16.46,-3.1305,-1.568,-7.7978,-0.1457,-0.1416,0.2287
GEX,2018-06-18,15.17,15.27,14.39,14.76,211790,15.56,15.33,16.39,-5.1442,-3.7199,-9.9836,-0.0301,-0.0356,0.2248
GEX,2018-06-19,14.94,14.94,14.39,14.53,380300,15.42,15.26,16.32,-5.7764,-4.798,-10.9876,-0.1676,-0.185,0.237
GEX,2018-06-20,14.57,14.87,14.57,14.8,309380,15.3,15.2,16.25,-3.2648,-2.6246,-8.9046,0.2038,0.2173,0.2544
GEX,2018-06-21,14.85,15.22,14.62,14.94,135840,15.23,15.16,16.18,-1.8536,-1.4117,-7.6589,0.0187,0.0216,0.2544
GEX,2018-06-22,15.24,15.27,14.76,15.27,113690,15.18,15.18,16.13,0.5791,0.5714,-5.3601,0.1346,0.1454,0.2408
GEX,2018-06-25,15.27,15.5,14.85,15.08,248570,15.13,15.24,16.09,-0.3363,-1.0697,-6.2707,-0.1298,-0.1514,0.2502
GEX,2018-06-26,14.94,15.08,14.62,14.8,175560,15.04,15.26,16.04,-1.599,-3.0009,-7.6906,-0.0694,-0.0824,0.2379
GEX,2018-06-27,14.8,15.08,14.76,14.8,132070,14.96,15.29,15.98,-1.0207,-3.1917,-7.3699,-0.1222,-0.1394,0.1503
GEX,2018-06-28,14.67,14.8,14.39,14.8,28570,14.9,15.28,15.92,-0.6211,-3.0891,-7.0065,0.0334,0.0413,0.1055
GEX,2018-06-29,14.8,15.54,14.76,15.54,783370,14.93,15.3,15.87,4.0892,1.6026,-2.0437,1.1175,1.2514,0.2027
GEX,2018-07-02,15.54,15.54,14.67,14.85,93860,14.94,15.25,15.81,-0.6192,-2.624,-6.0497,-0.067,-0.0853,0.2064
GEX,2018-07-03,14.41,14.48,14.2,14.2,588670,14.91,15.16,15.75,-4.7471,-6.3382,-9.7988,-0.3973,-0.4961,0.2294
GEX,2018-07-04,14.34,15.13,13.74,14.34,174300,14.86,15.08,15.68,-3.517,-4.9226,-8.5249,-0.0288,-0.0319,0.2119
GEX,2018-07-05,14.34,14.34,13.62,13.88,310020,14.76,14.99,15.61,-5.9561,-7.4217,-11.098,-0.102,-0.1194,0.2202
GEX,2018-07-06,13.88,14.39,13.6,14.34,146640,14.67,14.92,15.56,-2.2082,-3.8909,-7.8067,0.1019,0.1334,0.2169
GEX,2018-07-09,14.34,14.39,14.3,14.34,84290,14.59,14.86,15.51,-1.7121,-3.502,-7.5538,-0.0,-0.0,0.204
GEX,2018-07-10,14.34,14.8,14.2,14.2,145460,14.53,14.79,15.46,-2.2604,-3.9575,-8.1141,-0.2499,-0.2866,0.222
GEX,2018-07-11,14.3,14.3,13.79,14.11,104660,14.46,14.71,15.4,-2.4312,-4.0729,-8.3671,0.0314,0.0439,0.2129
GEX,2018-07-12,14.34,14.34,13.83,14.16,128430,14.4,14.65,15.34,-1.6709,-3.3481,-7.7285,0.076,0.1026,0.2172
GEX,2018-07-13,14.16,14.6,13.97,14.48,167820,14.29,14.61,15.31,1.3273,-0.9023,-5.3952,0.1532,0.2172,0.1208
GEX,2018-07-16,14.48,15.27,14.34,14.48,118040,14.25,14.6,15.26,1.5904,-0.8081,-5.1372,-0.1454,-0.1962,0.1286
GEX,2018-07-17,14.3,14.71,13.65,14.71,249100,14.3,14.61,15.23,2.8461,0.7126,-3.3934,0.2436,0.3109,0.1132
GEX,2018-07-18,14.71,14.76,14.6,14.67,255590,14.34,14.6,15.2,2.291,0.4436,-3.5037,-0.0257,-0.0313,0.1129
GEX,2018-07-19,14.67,14.8,14.57,14.8,208010,14.43,14.59,15.17,2.597,1.4424,-2.442,0.2112,0.261,0.1238
GEX,2018-07-20,14.8,14.8,14.57,14.67,154880,14.46,14.56,15.13,1.4075,0.6988,-3.1026,-0.0296,-0.037,0.1166
GEX,2018-07-23,14.67,14.99,14.57,14.67,197280,14.49,14.54,15.09,1.181,0.843,-2.8412,-0.0375,-0.1118,0.1204
GEX,2018-07-24,14.67,15.04,14.67,14.8,1014800,14.55,14.54,15.06,1.7165,1.7974,-1.6686,-0.2596,-0.4113,0.1213
GEX,2018-07-25,14.8,15.68,14.8,15.22,1582200,14.67,14.56,15.03,3.7855,4.5108,1.2557,-0.0902,-0.1328,0.1272
GEX,2018-07-26,15.13,15.85,15.04,15.73,2414690,14.82,14.61,15.02,6.1174,7.6631,4.7282,1.6294,2.3412,0.2825
GEX,2018-07-27,15.64,15.96,15.64,15.91,2447830,14.97,14.63,15.0,6.337,8.7919,6.0648,2.1031,3.0545,0.4775
GEX,2018-07-30,15.82,15.91,15.64,15.73,1706220,15.09,14.67,14.99,4.2306,7.2048,4.9415,-0.5681,-0.729,0.5198
GEX,2018-07-31,15.68,15.87,15.64,15.68,1859190,15.19,14.75,14.98,3.2592,6.3529,4.6652,-1.2487,-1.7994,0.6203
GEX,2018-08-01,15.54,15.96,15.54,15.73,3151920,15.29,14.82,14.98,2.8433,6.1671,4.9999,-0.3704,-0.5713,0.6548
GEX,2018-08-02,15.78,15.96,15.64,15.73,3936230,15.39,14.91,14.98,2.2249,5.5082,5.0193,-1.7356,-2.1995,0.8072
GEX,2018-08-03,15.87,16.42,15.73,16.38,4424990,15.56,15.01,15.01,5.2632,9.1077,9.1145,3.855,5.1562,1.1897
GEX,2018-08-06,16.42,16.77,16.4,16.56,4301200,15.75,15.12,15.06,5.1704,9.5304,9.9407,-0.726,-1.0674,1.2586
GEX,2018-08-07,16.52,16.65,16.28,16.38,3281740,15.91,15.23,15.1,2.9668,7.5334,8.436,-2.1823,-2.4716,1.4509
GEX,2018-08-08,16.24,16.54,16.1,16.42,3019720,16.03,15.35,15.15,2.4827,7.0244,8.4234,1.3613,1.8889,1.578
GEX,2018-08-09,16.47,16.61,16.33,16.33,2234450,16.09,15.45,15.17,1.5243,5.6728,7.6417,-2.2044,-2.6271,1.6355
GEX,2018-08-10,16.28,16.38,16.15,16.38,2446530,16.13,15.55,15.2,1.5199,5.3258,7.7626,2.5202,3.1599,1.6772
GEX,2018-08-13,16.42,16.84,16.28,16.84,4204550,16.24,15.67,15.22,3.6742,7.4856,10.6585,2.8272,4.3966,1.9031
GEX,2018-08-14,16.84,17.0,16.75,16.77,3542270,16.35,15.77,15.23,2.5604,6.3439,10.082,-2.7146,-3.5912,2.0497
GEX,2018-08-15,16.65,16.75,15.82,15.82,2366340,16.36,15.83,15.23,-3.2942,-0.0365,3.8724,-1.6346,-2.2023,2.1761
GEX,2018-08-16,15.9,16.7,15.84,16.3,1908120,16.42,15.9,15.24,-0.7304,2.4866,6.917,0.1196,0.1368,2.0145
GEX,2018-08-17,16.24,17.41,16.21,17.21,6307620,16.5,16.03,15.27,4.3117,7.3802,12.7,4.2351,6.0819,2.0525
GEX,2018-08-20,17.21,17.84,17.21,17.5,5132040,16.6,16.17,15.31,5.4459,8.2075,14.2796,-0.5052,-0.7608,2.0304
GEX,2018-08-21,17.44,17.73,17.3,17.3,3380390,16.69,16.3,15.34,3.6643,6.1512,12.7346,-3.3106,-4.6948,2.1433
GEX,2018-08-22,17.18,17.24,16.81,16.87,3701610,16.73,16.38,15.37,0.8244,2.9982,9.7697,-3.1486,-4.6123,2.322
GEX,2018-08-23,16.81,17.27,16.81,17.04,3637330,16.8,16.44,15.4,1.4191,3.6306,10.6505,0.0,0.0,2.1016
GEX,2018-08-24,17.07,17.44,17.01,17.44,3813530,16.91,16.52,15.45,3.148,5.5747,12.9172,4.3116,5.1156,2.2807
GEX,2018-08-27,17.36,17.5,17.07,17.13,2602540,16.94,16.59,15.49,1.1162,3.2342,10.5419,-2.0155,-2.7103,2.1995
GEX,2018-08-28,17.13,17.24,16.73,16.73,2360930,16.93,16.64,15.54,-1.2217,0.5053,7.6526,-2.8893,-3.8195,2.217
GEX,2018-08-29,16.73,16.84,16.56,16.64,1949560,17.02,16.69,15.57,-2.2013,-0.2832,6.8479,-0.9685,-1.1862,2.1504
GEX,2018-08-30,16.7,16.78,16.5,16.58,2185880,17.04,16.73,15.61,-2.7009,-0.8796,6.2568,-0.7793,-0.9158,2.2164
GEX,2018-08-31,16.7,16.84,16.53,16.58,2240470,16.98,16.74,15.63,-2.3404,-0.9407,6.0778,-1.4833,-1.5809,1.9412
GEX,2018-09-04,16.7,16.76,16.04,16.07,2258040,16.84,16.72,15.65,-4.5678,-3.8734,2.6561,-1.8795,-2.3497,2.0786
GEX,2018-09-05,16.1,16.27,15.78,15.78,3232620,16.69,16.69,15.67,-5.4147,-5.4159,0.7035,-4.3774,-4.8311,2.1853
GEX,2018-09-06,15.78,16.04,15.61,15.64,2314810,16.56,16.65,15.69,-5.5757,-6.0521,-0.315,-2.2488,-3.0372,2.0953
GEX,2018-09-07,15.58,15.95,15.58,15.93,3050530,16.45,16.63,15.71,-3.1978,-4.2182,1.3624,2.8074,3.8111,2.3761
GEX,2018-09-10,15.95,16.5,15.81,16.47,5382350,16.36,16.63,15.73,0.6993,-0.9784,4.6967,6.2166,8.2441,2.5666
GEX,2018-09-11,16.5,16.87,16.3,16.7,4524160,16.31,16.63,15.77,2.3664,0.4396,5.902,1.6176,2.0497,2.5268
GEX,2018-09-12,16.58,16.78,16.58,16.58,2990230,16.3,16.62,15.82,1.7544,-0.1923,4.86,-2.7827,-3.8545,2.5161
GEX,2018-09-13,16.61,16.64,16.3,16.53,2819020,16.29,16.65,15.86,1.4747,-0.747,4.2104,1.1646,1.5918,2.5357
GEX,2018-09-14,16.53,16.7,16.36,16.36,2565390,16.26,16.65,15.91,0.5626,-1.7942,2.8076,-3.0603,-4.1327,2.7638
GEX,2018-09-17,16.41,16.41,16.27,16.33,2128590,16.24,16.61,15.95,0.5459,-1.7043,2.3724,-0.4463,-0.588,2.6601
GEX,2018-09-18,16.36,16.58,16.3,16.53,2590370,16.28,16.56,15.99,1.4925,-0.2072,3.3442,1.1208,1.4706,2.5842
GEX,2018-09-19,16.61,16.76,16.47,16.58,1733920,16.36,16.53,16.04,1.3455,0.3547,3.394,-0.4005,-0.5439,2.1866
GEX,2018-09-20,16.58,16.64,16.3,16.3,1885740,16.43,16.5,16.08,-0.8006,-1.2046,1.3349,-1.6187,-2.0284,2.1235
GEX,2018-09-21,16.3,16.44,15.9,15.9,3195190,16.43,16.44,16.12,-3.2202,-3.2959,-1.3676,-2.0037,-1.8512,2.0432
GEX,2018-09-24,16.01,16.13,15.87,15.95,2168630,16.38,16.37,16.15,-2.5668,-2.5072,-1.1935,-0.7334,-0.8549,1.4949
GEX,2018-09-25,15.98,15.98,15.81,15.95,1701130,16.3,16.31,16.18,-2.1224,-2.1567,-1.3737,1.2477,1.5206,1.4579
GEX,2018-09-26,15.95,16.15,15.87,16.07,1801070,16.25,16.27,16.2,-1.1086,-1.2562,-0.8331,0.6091,0.6574,1.2405
GEX,2018-09-27,16.07,16.58,16.07,16.58,2831330,16.25,16.27,16.24,2.0229,1.9243,2.1013,2.5659,3.2905,1.3806
GEX,2018-09-28,16.58,16.67,16.41,16.44,2342430,16.26,16.26,16.28,1.09,1.09,1.0175,-1.0802,-1.2707,1.1826
GEX,2018-10-01,16.41,16.47,16.24,16.36,1920970,16.27,16.25,16.31,0.5449,0.6333,0.2822,-0.0001,-0.0001,1.138
GEX,2018-10-02,16.36,16.41,16.13,16.27,1624190,16.24,16.26,16.34,0.1761,0.044,-0.4395,0.0,0.0001,1.0259
GEX,2018-10-03,16.3,16.41,16.21,16.27,1421510,16.21,16.29,16.37,0.3704,-0.1053,-0.6177,-0.8939,-1.0052,1.0753
GEX,2018-10-04,16.33,16.87,16.27,16.87,5816960,16.27,16.35,16.4,3.7089,3.1919,2.8429,5.5086,6.9501,1.4643
GEX,2018-10-05,16.87,16.98,16.67,16.76,3200770,16.35,16.39,16.42,2.4654,2.2331,2.0181,-1.0426,-1.2935,1.3682
GEX,2018-10-08,16.53,16.78,16.13,16.58,2405150,16.42,16.4,16.44,1.0277,1.151,0.8913,0.9393,1.0692,1.3887
GEX,2018-10-09,16.58,16.58,16.13,16.15,2920620,16.44,16.37,16.45,-1.7049,-1.3014,-1.7688,-2.2848,-3.0448,1.4925
GEX,2018-10-10,16.24,16.3,16.1,16.27,2200440,16.46,16.35,16.46,-1.1294,-0.5071,-1.1438,1.6414,1.9371,1.5957
GEX,2018-10-11,15.73,15.9,15.15,15.15,2477890,16.31,16.28,16.45,-7.099,-6.9359,-7.8551,-0.8135,-1.0975,1.4204
GEX,2018-10-12,14.93,15.73,14.93,15.67,2192060,16.23,16.25,16.44,-3.4871,-3.5721,-4.7186,1.1145,1.3605,1.4239
GEX,2018-10-15,15.67,15.67,15.27,15.33,1090650,16.13,16.2,16.42,-4.9982,-5.3923,-6.6858,-0.9521,-1.1492,1.5191
GEX,2018-10-16,15.44,15.55,15.35,15.47,1010570,16.05,16.15,16.4,-3.6338,-4.1969,-5.6897,0.1759,0.1995,1.5367
GEX,2018-10-17,15.61,15.78,15.47,15.55,1172110,15.98,16.09,16.39,-2.6659,-3.3576,-5.0715,-0.7531,-0.8703,1.5226
GEX,2018-10-18,15.44,15.55,15.27,15.27,1026780,15.82,16.04,16.36,-3.4882,-4.8298,-6.685,-1.2502,-1.5174,1.0968
GEX,2018-10-19,15.21,15.33,15.15,15.33,598720,15.68,16.01,16.34,-2.2433,-4.3028,-6.2203,0.7721,0.7806,1.0697
GEX,2018-10-22,15.44,15.44,15.1,15.27,800190,15.55,15.98,16.32,-1.7841,-4.4552,-6.4433,0.0,0.0,0.9758
GEX,2018-10-23,15.27,15.27,14.75,14.87,800960,15.42,15.93,16.28,-3.5609,-6.6427,-8.6754,-0.5627,-0.7428,0.8036
GEX,2018-10-24,15.1,15.1,14.58,14.58,688290,15.25,15.85,16.24,-4.3691,-8.0087,-10.1903,-0.6383,-0.802,0.7032
GEX,2018-10-25,14.01,14.41,13.72,14.24,1527060,15.16,15.73,16.21,-6.0555,-9.5039,-12.1321,0.6674,0.7625,0.6886
GEX,2018-10-26,14.35,14.53,13.87,14.01,1138670,14.99,15.61,16.16,-6.5421,-10.2646,-13.2989,-0.6841,-0.7831,0.6456
GEX,2018-10-29,14.01,14.12,13.9,14.01,1036230,14.86,15.5,16.1,-5.7148,-9.5858,-12.9539,0.0,0.0,0.5504
GEX,2018-10-30,14.01,14.12,13.9,14.01,1462760,14.71,15.38,16.03,-4.7804,-8.9219,-12.5749,0.0,0.0,0.5328
GEX,2018-10-31,14.07,14.64,14.07,14.58,1940290,14.62,15.3,15.97,-0.2348,-4.6818,-8.6971,1.2035,1.4073,0.5778
GEX,2018-11-01,14.61,15.1,14.58,14.98,2066350,14.59,15.2,15.93,2.7048,-1.4575,-5.9685,1.361,1.738,0.5889
GEX,2018-11-02,15.04,15.27,14.81,15.1,1208130,14.57,15.12,15.89,3.6513,-0.1608,-5.0189,0.3361,0.3876,0.5453
GEX,2018-11-05,15.1,15.1,14.81,14.87,696250,14.53,15.04,15.84,2.3622,-1.1125,-6.1541,-0.5955,-0.7136,0.6049
GEX,2018-11-06,15.1,15.1,14.7,14.75,903730,14.51,14.97,15.8,1.6549,-1.4138,-6.5962,-0.7675,-0.949,0.6253
GEX,2018-11-07,14.87,14.87,14.58,14.75,991110,14.53,14.89,15.76,1.5348,-0.9121,-6.3623,0.3395,0.433,0.5955
GEX,2018-11-08,14.87,15.04,14.7,14.87,1150920,14.59,14.88,15.72,1.8809,-0.0481,-5.4236,-0.0,-0.0001,0.5287
GEX,2018-11-09,14.87,14.87,14.64,14.75,783500,14.67,14.83,15.68,0.5848,-0.5109,-5.9321,-0.0,-0.0,0.4603
GEX,2018-11-12,14.75,14.81,14.47,14.81,785620,14.75,14.8,15.65,0.4266,0.0483,-5.3535,1.2115,1.4758,0.5815
GEX,2018-11-13,14.64,14.7,14.41,14.7,584770,14.82,14.77,15.62,-0.8105,-0.4647,-5.9194,0.8046,1.0042,0.6619
GEX,2018-11-14,14.75,14.87,14.35,14.58,623820,14.82,14.72,15.6,-1.5824,-0.9132,-6.5078,-0.0975,-0.123,0.5513
GEX,2018-11-15,14.58,14.58,14.07,14.18,1249810,14.74,14.66,15.57,-3.764,-3.2761,-8.9039,-0.9945,-1.3038,0.5147
GEX,2018-11-16,14.24,14.47,13.92,14.3,751600,14.66,14.61,15.54,-2.458,-2.1526,-7.9766,0.4084,0.477,0.5219
GEX,2018-11-19,14.35,14.53,14.18,14.44,699550,14.61,14.57,15.49,-1.1935,-0.8929,-6.8128,0.4655,0.574,0.5089
GEX,2018-11-20,14.44,14.87,14.41,14.64,1300320,14.6,14.56,15.45,0.2545,0.5598,-5.2694,0.0,0.0,0.4322
GEX,2018-11-21,14.47,14.93,14.47,14.93,1434110,14.62,14.58,15.42,2.0927,2.4032,-3.2114,2.0022,2.1922,0.5984
GEX,2018-11-22,14.98,14.98,14.78,14.87,1102630,14.62,14.61,15.39,1.7015,1.7911,-3.3745,-0.2346,-0.2863,0.6219
GEX,2018-11-23,14.87,14.87,14.64,14.64,1077780,14.61,14.64,15.35,0.2153,0.0098,-4.6484,-1.3771,-1.718,0.7596
GEX,2018-11-26,14.64,14.64,14.41,14.64,674230,14.59,14.67,15.32,0.3331,-0.2047,-4.4384,1.0434,1.225,0.7428
GEX,2018-11-27,14.64,14.64,14.44,14.64,691620,14.59,14.7,15.28,0.3725,-0.4182,-4.2024,1.0553,1.2767,0.7679
GEX,2018-11-28,14.53,14.64,14.47,14.64,637440,14.59,14.7,15.24,0.3331,-0.4375,-3.958,1.1255,1.3092,0.8707
GEX,2018-11-29,14.7,14.75,14.47,14.58,757260,14.63,14.68,15.21,-0.3323,-0.6913,-4.1173,-0.1856,-0.229,0.7898
GEX,2018-11-30,14.58,14.58,14.3,14.47,541460,14.65,14.65,15.18,-1.2298,-1.2587,-4.6902,0.1383,0.1819,0.7628
GEX,2018-12-03,14.53,14.75,14.44,14.58,1196530,14.66,14.64,15.15,-0.546,-0.3809,-3.7627,-0.0902,-0.1014,0.7252
GEX,2018-12-04,14.64,14.67,14.5,14.67,1246150,14.67,14.63,15.13,0.0195,0.2345,-3.0319,1.7061,2.0464,0.8958
GEX,2018-12-05,14.58,15.1,14.5,14.9,2075700,14.66,14.64,15.1,1.599,1.7478,-1.3669,0.789,0.9538,0.7745
GEX,2018-12-06,14.87,14.93,14.7,14.7,965110,14.65,14.63,15.07,0.3515,0.4397,-2.4482,-1.2027,-1.6048,0.8713
GEX,2018-12-07,14.75,14.87,14.58,14.7,1110350,14.65,14.63,15.03,0.3123,0.4593,-2.2219,-0.2709,-0.3573,0.7607
GEX,2018-12-10,14.7,14.7,14.5,14.5,1128410,14.64,14.61,14.99,-0.9572,-0.8022,-3.3144,-1.5182,-1.7554,0.8082
GEX,2018-12-11,14.55,14.64,14.35,14.47,1817500,14.62,14.6,14.96,-1.0366,-0.9203,-3.2727,-0.6071,-0.7138,0.7634
GEX,2018-12-12,14.53,14.58,14.35,14.55,1702730,14.61,14.6,14.92,-0.3914,-0.3231,-2.4755,1.4945,1.8515,0.8003
GEX,2018-12-13,14.64,14.7,14.35,14.55,1402980,14.61,14.62,14.88,-0.3719,-0.4498,-2.1718,0.3021,0.3607,0.8119
GEX,2018-12-14,14.55,14.58,14.35,14.38,1277390,14.6,14.62,14.83,-1.4885,-1.6522,-3.0156,-1.1466,-1.3205,0.9127
GEX,2018-12-17,14.55,14.73,14.41,14.41,3550350,14.58,14.62,14.79,-1.1765,-1.447,-2.5371,-3.4913,-3.9405,1.2528
GEX,2018-12-18,14.41,14.44,14.07,14.12,2613490,14.53,14.6,14.75,-2.775,-3.2321,-4.2079,-2.3514,-2.7344,1.3174
GEX,2018-12-19,14.18,14.24,13.32,13.38,1719220,14.38,14.52,14.69,-6.9212,-7.8377,-8.8927,-2.3142,-2.4303,1.4699
GEX,2018-12-20,13.44,13.5,12.78,13.38,1633110,14.24,14.45,14.65,-6.0618,-7.3634,-8.6722,1.6999,1.8103,1.5196
GEX,2018-12-21,13.38,13.38,12.7,13.38,10166390,14.11,14.38,14.61,-5.1864,-6.9582,-8.3862,10.6072,9.2558,2.5532
GEX,2018-12-24,13.38,13.38,12.87,12.87,806180,13.95,14.29,14.56,-7.768,-9.982,-11.6122,-1.0916,-1.2286,2.5106
GEX,2018-12-25,12.52,13.44,12.12,13.44,1876480,13.85,14.23,14.52,-2.9527,-5.5846,-7.4257,2.0233,2.5257,2.6522
GEX,2018-12-26,12.7,13.04,12.7,12.98,636440,13.69,14.15,14.47,-5.1796,-8.2643,-10.2589,0.6602,0.6801,2.5688
GEX,2018-12-27,13.1,13.1,12.72,12.98,620420,13.53,14.07,14.42,-4.0778,-7.7423,-9.9742,0.3051,0.3121,2.5691
GEX,2018-12-28,13.01,13.01,12.67,12.67,493650,13.36,13.98,14.37,-5.2001,-9.3977,-11.8303,-0.5722,-0.5954,2.5116
GEX,2019-01-02,12.67,12.75,12.24,12.5,988870,13.17,13.88,14.31,-5.1238,-9.9526,-12.6873,-0.0,-0.0,2.1625
GEX,2019-01-03,12.5,12.5,11.64,11.64,1757600,12.92,13.72,14.25,-9.9358,-15.2083,-18.3125,-1.9506,-2.1547,2.1224
GEX,2019-01-04,11.64,11.92,11.61,11.87,972370,12.77,13.57,14.19,-7.0757,-12.5764,-16.388,1.0039,1.0417,1.9914
GEX,2019-01-07,12.18,12.18,11.92,12.07,1032880,12.64,13.44,14.15,-4.5249,-10.2319,-14.7165,0.2293,0.2308,1.8444
GEX,2019-01-08,12.07,12.12,11.98,12.01,925970,12.5,13.31,14.11,-3.9341,-9.755,-14.8798,-1.2642,-1.4301,0.9101
GEX,2019-01-09,12.01,12.27,11.98,12.15,1190830,12.43,13.19,14.07,-2.2314,-7.8691,-13.6389,0.3637,0.3867,0.8373
GEX,2019-01-10,12.18,12.47,12.15,12.35,1623560,12.32,13.08,14.04,0.2553,-5.5944,-12.0091,0.9805,1.087,0.733
GEX,2019-01-11,12.41,12.58,12.35,12.5,1441350,12.27,12.98,14.0,1.8173,-3.7445,-10.7253,0.7108,0.6906,0.738
GEX,2019-01-14,12.52,12.52,12.29,12.38,934390,12.21,12.87,13.94,1.3814,-3.8205,-11.2123,-0.4607,-0.5292,0.7536
GEX,2019-01-15,12.35,12.47,12.24,12.41,1252850,12.19,12.77,13.89,1.8301,-2.854,-10.6629,1.1381,1.16,0.8102
GEX,2019-01-16,12.41,12.52,12.35,12.38,1130850,12.17,12.67,13.84,1.6909,-2.3015,-10.5483,-1.5426,-1.5276,0.9645
GEX,2019-01-17,12.44,12.44,12.32,12.35,953600,12.25,12.58,13.79,0.8639,-1.8405,-10.444,-0.873,-1.0012,0.8567
GEX,2019-01-18,12.44,12.44,12.29,12.35,592390,12.29,12.53,13.74,0.4651,-1.4374,-10.1311,-0.2322,-0.252,0.7795
GEX,2019-01-21,12.29,12.5,12.27,12.41,741380,12.33,12.48,13.7,0.6493,-0.5955,-9.3908,0.258,0.3008,0.7824
GEX,2019-01-22,12.41,12.41,12.21,12.29,696970,12.36,12.43,13.65,-0.509,-1.0812,-9.9024,-0.1427,-0.1605,0.6703
GEX,2019-01-23,12.29,12.35,12.24,12.29,414700,12.37,12.4,13.6,-0.624,-0.8531,-9.5689,-0.0001,-0.0001,0.6339
GEX,2019-01-24,12.44,12.58,12.29,12.52,1309650,12.39,12.35,13.55,1.0847,1.3655,-7.591,1.4849,1.3953,0.6843
GEX,2019-01-25,12.55,12.55,12.38,12.5,714110,12.39,12.33,13.51,0.8539,1.3333,-7.5172,0.5842,0.5399,0.6717
GEX,2019-01-28,12.55,12.55,12.41,12.44,411410,12.39,12.3,13.48,0.3461,1.0923,-7.7021,-0.5576,-0.5739,0.6814
GEX,2019-01-29,12.5,12.5,12.27,12.44,602220,12.4,12.29,13.44,0.3229,1.1864,-7.4468,0.4602,0.4406,0.6136
GEX,2019-01-30,12.41,12.41,12.29,12.29,663300,12.39,12.28,13.4,-0.7616,0.1047,-8.2177,-1.1268,-1.2462,0.572
GEX,2019-01-31,12.41,12.44,12.29,12.35,510730,12.39,12.32,13.35,-0.3,0.2786,-7.4748,-0.1646,-0.1701,0.5011
GEX,2019-02-01,12.47,12.52,12.21,12.52,869620,12.41,12.35,13.3,0.945,1.4007,-5.851,1.3146,1.0924,0.6094
GEX,2019-02-11,12.64,12.75,12.52,12.67,983160,12.43,12.38,13.26,1.8859,2.3095,-4.46,0.3336,0.3423,0.6169
GEX,2019-02-12,12.7,13.04,12.67,12.92,1693030,12.5,12.43,13.22,3.4325,4.0037,-2.2661,0.7606,0.9541,0.6787
GEX,2019-02-13,12.92,13.15,12.9,13.12,1788020,12.58,12.48,13.19,4.3419,5.2028,-0.5245,1.432,1.4208,0.8219
GEX,2019-02-14,13.12,13.27,13.01,13.15,2624490,12.64,12.52,13.16,4.0489,5.0949,-0.0825,0.3276,0.3324,0.7062
GEX,2019-02-15,13.15,13.21,12.92,13.15,1264400,12.71,12.55,13.13,3.5104,4.8194,0.1437,1.1208,1.0434,0.7598
GEX,2019-02-18,13.18,13.64,13.15,13.58,2669220,12.82,12.61,13.11,5.9322,7.722,3.5671,2.1376,1.9444,0.9178
GEX,2019-02-19,13.64,13.7,13.38,13.52,2635270,12.93,12.66,13.09,4.5997,6.7961,3.2796,-0.1743,-0.1781,0.8892
GEX,2019-02-20,13.52,13.58,13.47,13.58,2415070,13.06,12.72,13.07,4.007,6.7416,3.8751,2.9148,3.4304,1.068
GEX,2019-02-21,13.5,13.58,13.44,13.5,1961830,13.17,12.78,13.05,2.4528,5.5928,3.4045,-0.4076,-0.3286,1.0923
GEX,2019-02-22,13.5,13.55,13.38,13.52,1150500,13.27,12.84,13.02,1.8957,5.3335,3.8419,0.7608,0.796,1.0369
GEX,2019-02-25,13.55,13.64,13.52,13.64,2931140,13.37,12.9,13.0,2.0102,5.7181,4.8905,2.827,2.7186,1.2863
GEX,2019-02-26,13.64,14.15,13.61,14.12,5313900,13.49,12.99,12.99,4.7054,8.7148,8.7244,5.8493,5.9062,1.7952
GEX,2019-02-27,14.18,14.58,14.15,14.41,3171550,13.62,13.1,12.99,5.8157,10.0197,10.9399,0.7362,0.7468,1.7256
GEX,2019-02-28,14.44,14.44,14.01,14.1,2568260,13.71,13.18,12.98,2.794,6.9763,8.5808,-1.0521,-0.9616,1.798
GEX,2019-03-01,14.1,14.18,14.07,14.12,2399350,13.81,13.26,12.97,2.2774,6.5344,8.8729,0.0,0.0,1.686
GEX,2019-03-04,14.12,14.12,13.7,13.9,3283860,13.84,13.33,12.96,0.3925,4.2359,7.2185,-0.1756,-0.1864,1.4898
GEX,2019-03-05,13.92,13.92,13.61,13.72,2414190,13.86,13.4,12.95,-0.9901,2.4546,6.0024,-0.5348,-0.6607,1.5258
GEX,2019-03-06,13.72,13.78,13.55,13.78,1743980,13.88,13.47,12.93,-0.7209,2.3138,6.5476,2.1817,1.9547,1.4525
GEX,2019-03-07,13.84,13.84,13.64,13.67,1748240,13.9,13.54,12.93,-1.6663,0.9717,5.7382,-1.0855,-1.151,1.5203
GEX,2019-03-08,13.67,13.67,13.35,13.35,1439160,13.88,13.58,12.93,-3.8105,-1.6531,3.3095,-1.556,-1.5348,1.5998
GEX,2019-03-11,13.41,13.44,13.12,13.21,1040290,13.84,13.6,12.92,-4.5455,-2.9004,2.2305,-0.7261,-0.7023,1.3897
GEX,2019-03-12,13.27,13.52,13.24,13.47,999770,13.77,13.63,12.92,-2.2213,-1.2061,4.2082,0.4987,0.4944,0.8547
GEX,2019-03-13,13.52,13.55,13.38,13.41,929050,13.67,13.65,12.93,-1.9239,-1.7287,3.6785,-0.489,-0.5501,0.8299
GEX,2019-03-14,13.44,13.64,13.41,13.58,859290,13.62,13.67,12.94,-0.2939,-0.6276,4.9817,0.4618,0.4904,0.7709
GEX,2019-03-15,13.55,13.58,13.41,13.41,1050650,13.55,13.68,12.95,-1.034,-1.9751,3.5869,-0.9373,-0.9887,0.8646
GEX,2019-03-18,13.44,13.55,13.41,13.44,726570,13.5,13.67,12.95,-0.487,-1.7148,3.7344,-0.4189,-0.4362,0.889
GEX,2019-03-19,13.44,13.47,13.27,13.32,633550,13.46,13.66,12.97,-1.0406,-2.4799,2.7473,-0.2127,-0.2471,0.8568
GEX,2019-03-20,13.44,13.44,13.15,13.32,592140,13.42,13.65,12.98,-0.7032,-2.388,2.616,0.1462,0.1374,0.6532
GEX,2019-03-21,13.32,13.35,13.04,13.04,573050,13.36,13.63,13.01,-2.3763,-4.3223,0.1978,-0.3912,-0.3977,0.5838
GEX,2019-03-22,13.04,13.1,12.81,13.04,881540,13.32,13.6,13.04,-2.1459,-4.1513,0.0176,0.8242,0.686,0.5106
GEX,2019-03-25,12.81,12.95,12.75,12.87,642780,13.29,13.56,13.05,-3.1842,-5.1433,-1.4196,0.0983,0.1059,0.4478
GEX,2019-03-26,12.92,13.04,12.84,12.95,685810,13.24,13.51,13.07,-2.1598,-4.0965,-0.9056,0.157,0.1721,0.4137
GEX,2019-03-27,13.04,13.15,12.92,13.1,656120,13.21,13.44,13.09,-0.8443,-2.5636,0.0437,0.6119,0.5931,0.4259
GEX,2019-03-28,13.1,13.15,12.92,13.15,589300,13.16,13.39,13.11,-0.0869,-1.7933,0.3578,0.9455,0.8167,0.4743
GEX,2019-03-29,13.21,13.21,13.12,13.21,515270,13.14,13.35,13.12,0.5003,-1.0283,0.6843,0.7481,0.6362,0.4554
GEX,2019-04-01,13.27,13.27,13.12,13.15,576900,13.12,13.31,13.14,0.2834,-1.1815,0.1306,-0.5119,-0.4577,0.4647
GEX,2019-04-02,13.21,13.24,13.12,13.18,629610,13.1,13.28,13.15,0.6111,-0.7642,0.2305,0.0001,0.0001,0.4434
GEX,2019-04-03,13.15,13.21,13.1,13.21,631210,13.09,13.25,13.17,0.9174,-0.3344,0.3214,0.9343,1.0074,0.5222
GEX,2019-04-04,13.21,13.27,13.15,13.24,1031890,13.11,13.23,13.19,0.9814,0.0432,0.4033,0.7158,0.8051,0.5547
GEX,2019-04-05,13.24,13.61,13.21,13.61,2223370,13.17,13.25,13.21,3.3659,2.7523,3.0258,3.2629,3.3095,0.7986
GEX,2019-04-08,13.61,13.67,13.5,13.55,1197180,13.24,13.26,13.23,2.3979,2.1882,2.4156,-0.4551,-0.4404,0.8343
GEX,2019-04-09,13.52,13.52,13.27,13.41,1106690,13.28,13.26,13.26,0.9688,1.1321,1.1648,0.1225,0.1074,0.8308
GEX,2019-04-10,13.32,13.32,12.98,12.98,1031490,13.27,13.24,13.27,-2.1762,-1.9438,-2.172,-1.5037,-1.3701,0.92
GEX,2019-04-11,12.95,13.04,12.87,12.92,504990,13.25,13.21,13.28,-2.439,-2.1328,-2.6618,-0.2786,-0.3022,0.8533
GEX,2019-04-12,12.9,12.95,12.75,12.9,461070,13.22,13.18,13.29,-2.4232,-2.1586,-2.9356,0.333,0.3274,0.8118
GEX,2019-04-16,12.87,12.87,12.7,12.87,250320,13.19,13.15,13.29,-2.4284,-2.1633,-3.2133,0.3928,0.3875,0.7999
GEX,2019-04-17,12.87,12.92,12.7,12.7,1084370,13.14,13.12,13.3,-3.3732,-3.2364,-4.5408,-1.0404,-1.0268,0.9039
GEX,2019-04-18,12.7,12.75,12.47,12.58,778740,13.08,13.08,13.3,-3.7831,-3.8357,-5.4414,-0.2861,-0.3011,0.8391
GEX,2019-04-19,12.75,12.81,12.7,12.75,243290,13.03,13.07,13.31,-2.1071,-2.4177,-4.2096,0.0,0.0,0.7675
GEX,2019-04-22,12.75,12.81,12.64,12.75,312970,12.94,13.05,13.32,-1.4582,-2.3108,-4.2425,0.1859,0.182,0.4598
GEX,2019-04-23,12.81,12.81,12.55,12.75,495480,12.86,13.05,13.32,-0.8448,-2.268,-4.2548,0.5437,0.493,0.4687
GEX,2019-04-24,12.7,12.81,12.67,12.75,341160,12.8,13.04,13.32,-0.3352,-2.193,-4.2302,0.0854,0.089,0.465
GEX,2019-04-25,12.81,12.87,12.7,12.75,368530,12.77,13.02,13.31,-0.1567,-2.0641,-4.1767,-0.235,-0.2553,0.3381
GEX,2019-04-26,12.64,12.81,12.64,12.75,368150,12.76,13.0,13.3,-0.0224,-1.9133,-4.119,0.2029,0.1799,0.3305
GEX,2019-05-02,12.78,12.78,12.64,12.75,267860,12.74,12.98,13.29,0.0898,-1.7405,-4.0612,0.2435,0.2106,0.3216
GEX,2019-05-03,12.7,12.87,12.61,12.87,757850,12.74,12.96,13.28,0.9874,-0.7499,-3.0966,1.1203,1.0513,0.3943
GEX,2019-05-06,12.81,13.24,12.75,12.98,456300,12.77,12.95,13.27,1.657,0.2097,-2.1552,-0.04,-0.0434,0.2943
GEX,2019-05-07,13.04,13.1,12.64,12.87,495640,12.8,12.94,13.25,0.5362,-0.5415,-2.9126,0.0,0.0,0.2657
GEX,2019-05-08,12.7,12.75,12.52,12.75,443280,12.8,12.91,13.24,-0.3575,-1.24,-3.6675,0.6197,0.705,0.3276
GEX,2019-05-09,12.7,12.72,12.35,12.72,574300,12.8,12.87,13.22,-0.5586,-1.1221,-3.7671,0.8699,1.0004,0.396
GEX,2019-05-10,12.72,12.75,12.5,12.75,289610,12.8,12.83,13.2,-0.3352,-0.5907,-3.4214,0.5148,0.5877,0.3932
GEX,2019-05-13,12.75,12.75,12.5,12.72,1008210,12.79,12.79,13.18,-0.5364,-0.5475,-3.433,1.1563,1.0427,0.5002
GEX,2019-05-14,12.64,12.67,12.52,12.67,435780,12.78,12.78,13.14,-0.917,-0.8727,-3.6118,0.5126,0.4823,0.528
GEX,2019-05-15,12.67,12.81,12.58,12.81,1238790,12.79,12.77,13.12,0.1565,0.291,-2.3327,1.4863,1.4409,0.6563
GEX,2019-05-16,12.98,12.98,12.7,12.75,670340,12.79,12.77,13.09,-0.2906,-0.1008,-2.5648,-0.5225,-0.4434,0.6842
GEX,2019-05-17,12.75,12.81,12.64,12.81,800860,12.78,12.76,13.07,0.2013,0.3696,-1.9651,1.1428,1.1227,0.6865
GEX,2019-05-20,12.81,13.1,12.7,13.1,1813900,12.8,12.78,13.05,2.3464,2.4494,0.3198,2.6669,2.4025,0.9492
GEX,2019-05-21,13.15,13.15,12.95,13.07,677490,12.82,12.81,13.04,1.9634,2.0317,0.2105,0.1483,0.1319,0.964
GEX,2019-05-22,13.1,13.1,12.9,12.92,646960,12.83,12.82,13.02,0.713,0.8478,-0.7728,-0.6327,-0.6194,0.9653
GEX,2019-05-23,12.87,12.95,12.7,12.95,983170,12.86,12.83,13.02,0.7562,0.9921,-0.492,1.3274,1.22,1.0111
GEX,2019-05-24,12.92,12.92,12.72,12.87,778120,12.87,12.83,13.01,0.0,0.2786,-1.0989,0.4193,0.3523,1.0015
GEX,2019-05-27,12.81,12.81,12.7,12.75,501730,12.87,12.83,13.0,-0.9109,-0.6128,-1.8702,0.0001,0.0001,0.8859
GEX,2019-05-28,12.75,13.04,12.55,13.04,1657040,12.91,12.85,12.99,1.0191,1.5025,0.3875,2.6468,1.9935,1.0993
GEX,2019-05-29,12.98,12.98,12.78,12.87,1074280,12.91,12.85,12.97,-0.3543,0.1224,-0.8243,-0.2227,-0.2044,0.973
GEX,2019-05-30,12.87,12.98,12.81,12.9,630470,12.93,12.86,12.96,-0.2433,0.2891,-0.525,0.0,0.0,0.9207
GEX,2019-05-31,12.9,12.9,12.78,12.78,880510,12.92,12.85,12.95,-1.1062,-0.5672,-1.3071,-1.1157,-1.0631,0.918
GEX,2019-06-03,12.78,12.78,12.55,12.75,624920,12.89,12.84,12.94,-1.0648,-0.7013,-1.4408,0.5253,0.5355,0.7038
GEX,2019-06-04,12.7,12.84,12.64,12.84,396550,12.87,12.84,12.93,-0.2222,-0.0222,-0.7032,0.9458,0.9808,0.7836
GEX,2019-06-05,12.9,12.9,12.78,12.84,192290,12.86,12.85,12.93,-0.1556,-0.0556,-0.6725,0.0,0.0,0.7203
GEX,2019-06-06,12.81,12.81,12.67,12.75,466020,12.84,12.85,12.92,-0.6681,-0.7345,-1.2925,0.1791,0.1805,0.6055
GEX,2019-06-07,12.78,12.78,12.67,12.7,304500,12.82,12.84,12.92,-0.9813,-1.1576,-1.709,-0.2114,-0.196,0.5847
GEX,2019-06-10,12.87,12.9,12.78,12.87,795940,12.83,12.85,12.91,0.2674,0.1224,-0.3675,0.7294,0.7478,0.6576
GEX,2019-06-11,12.87,12.92,12.81,12.9,564790,12.82,12.86,12.91,0.6023,0.2556,-0.1152,0.6842,0.5996,0.4614
GEX,2019-06-12,12.92,12.92,12.84,12.9,414970,12.82,12.87,12.91,0.5798,0.2222,-0.0753,0.256,0.2448,0.4647
GEX,2019-06-13,12.87,12.9,12.78,12.81,372490,12.81,12.87,12.9,-0.0223,-0.4666,-0.6784,-0.393,-0.349,0.504
GEX,2019-06-14,12.87,12.87,12.78,12.81,351650,12.82,12.87,12.89,-0.0446,-0.4666,-0.6256,-0.2515,-0.2342,0.4176
GEX,2019-06-17,12.87,12.87,12.64,12.75,343130,12.82,12.85,12.88,-0.4908,-0.7786,-1.0033,0.0,0.0,0.365
GEX,2019-06-18,12.75,12.75,12.58,12.58,401360,12.79,12.83,12.87,-1.632,-1.928,-2.2396,-0.6687,-0.5506,0.3373
GEX,2019-06-19,12.72,12.72,12.52,12.58,396890,12.76,12.81,12.86,-1.4337,-1.7967,-2.1396,-0.3197,-0.3138,0.3693
GEX,2019-06-20,12.58,12.75,12.55,12.7,385460,12.76,12.8,12.84,-0.4931,-0.8043,-1.1092,0.1992,0.1922,0.3713
GEX,2019-06-21,12.81,12.81,12.29,12.29,1472920,12.72,12.77,12.81,-3.3274,-3.717,-4.0393,-1.5884,-1.1329,0.509
GEX,2019-06-24,12.47,12.64,12.29,12.64,405770,12.7,12.76,12.8,-0.4504,-0.9856,-1.2423,0.7453,0.7062,0.5106
GEX,2019-06-25,12.58,12.64,12.41,12.58,393510,12.66,12.74,12.79,-0.6548,-1.2567,-1.6276,0.336,0.3204,0.4758
GEX,2019-06-26,12.58,12.7,12.47,12.64,872160,12.64,12.73,12.78,0.0,-0.7188,-1.1362,0.6388,0.6801,0.5141
GEX,2019-06-27,12.7,12.7,12.29,12.29,404420,12.59,12.7,12.77,-2.3172,-3.1859,-3.7299,-0.5002,-0.4581,0.5248
GEX,2019-06-28,12.41,12.58,12.24,12.58,407730,12.56,12.69,12.77,0.1365,-0.8562,-1.447,0.5289,0.4398,0.5525
GEX,2019-07-01,12.58,12.64,12.38,12.41,436630,12.53,12.67,12.76,-0.9585,-2.0758,-2.7473,-0.5233,-0.4699,0.6048
GEX,2019-07-02,12.55,12.55,12.32,12.35,259900,12.51,12.65,12.76,-1.2346,-2.3398,-3.1607,-0.3367,-0.3028,0.5716
GEX,2019-07-03,12.35,12.44,12.32,12.41,289810,12.49,12.63,12.75,-0.6411,-1.721,-2.6601,0.2668,0.2075,0.5664
GEX,2019-07-04,12.52,12.52,12.35,12.41,260870,12.46,12.61,12.74,-0.4131,-1.5873,-2.6076,-0.1342,-0.1042,0.5599
GEX,2019-07-05,12.41,12.41,12.21,12.29,591400,12.46,12.59,12.73,-1.3309,-2.3393,-3.4359,-0.1545,-0.1289,0.4165
GEX,2019-07-08,12.27,12.29,12.01,12.29,430490,12.43,12.56,12.72,-1.0585,-2.117,-3.3665,0.8439,0.738,0.4263
GEX,2019-07-09,12.29,12.29,12.12,12.29,251250,12.4,12.53,12.71,-0.8303,-1.8825,-3.2969,0.3933,0.3154,0.4321
GEX,2019-07-10,12.29,12.35,12.09,12.35,787030,12.37,12.5,12.71,-0.1387,-1.212,-2.7859,1.1705,0.9904,0.4852
GEX,2019-07-11,12.29,12.32,12.21,12.32,203240,12.37,12.48,12.7,-0.3928,-1.2487,-2.9454,0.3006,0.2543,0.4653
GEX,2019-07-12,12.32,12.35,12.18,12.27,367120,12.34,12.45,12.69,-0.6024,-1.4925,-3.3043,0.0,0.0,0.4124
GEX,2019-07-15,12.18,12.35,12.07,12.35,469520,12.33,12.43,12.67,0.1391,-0.644,-2.5315,0.8154,0.7533,0.4416
GEX,2019-07-16,12.35,12.35,12.21,12.32,284050,12.33,12.42,12.66,-0.0695,-0.7712,-2.6736,0.2206,0.177,0.43
GEX,2019-07-17,12.32,12.32,12.18,12.29,344440,12.32,12.4,12.65,-0.2089,-0.8874,-2.8293,0.273,0.2421,0.4306
GEX,2019-07-18,12.29,12.32,12.18,12.32,806950,12.31,12.39,12.64,0.0929,-0.5078,-2.5416,1.2804,0.9309,0.5452
GEX,2019-07-19,12.21,12.38,12.15,12.38,812330,12.32,12.39,12.64,0.4873,-0.0808,-2.0318,0.8815,0.7351,0.6179
GEX,2019-07-22,12.35,12.41,12.18,12.29,644020,12.32,12.37,12.63,-0.2089,-0.6355,-2.6445,-0.0,-0.0,0.5335
GEX,2019-07-23,12.29,12.35,12.18,12.35,937080,12.33,12.36,12.62,0.2088,-0.0809,-2.1429,1.265,1.1232,0.6207
GEX,2019-07-24,12.35,12.7,12.29,12.7,1493840,12.36,12.36,12.62,2.7064,2.6708,0.5936,1.8722,1.7767,0.6909
GEX,2019-07-25,12.7,12.92,12.61,12.92,1461640,12.42,12.4,12.62,4.0515,4.2555,2.3782,1.8155,1.8154,0.8424
GEX,2019-07-26,12.92,12.95,12.78,12.87,832320,12.48,12.41,12.62,3.0928,3.6747,1.916,0.0,0.0,0.8424
GEX,2019-07-29,12.87,12.92,12.75,12.81,748230,12.53,12.43,12.62,2.2597,3.0477,1.509,-0.3984,-0.3593,0.8007
GEX,2019-07-30,12.81,12.9,12.78,12.81,1249460,12.58,12.45,12.61,1.8645,2.8584,1.5504,-0.664,-0.5802,0.845
GEX,2019-07-31,12.87,12.92,12.81,12.9,1131360,12.64,12.48,12.61,2.0593,3.3456,2.2351,0.7409,0.7143,0.8918
GEX,2019-08-01,12.98,12.98,12.87,12.98,536590,12.7,12.51,12.61,2.2062,3.7952,2.9105,0.7002,0.645,0.8338
GEX,2019-08-02,12.92,12.98,12.84,12.98,614320,12.76,12.54,12.62,1.7253,3.5112,2.8919,0.8121,0.6758,0.8268
GEX,2019-08-05,12.98,13.27,12.92,13.21,1335090,12.85,12.59,12.63,2.7809,4.9523,4.629,1.0911,0.8969,0.9359
GEX,2019-08-06,13.15,13.21,13.04,13.15,712190,12.93,12.63,12.63,1.7024,4.1431,4.1573,0.3132,0.2746,0.8408
GEX,2019-08-07,13.24,13.24,13.15,13.21,593130,12.98,12.67,12.63,1.7397,4.2419,4.5533,0.3052,0.2938,0.6841
GEX,2019-08-08,13.21,13.21,13.1,13.21,707180,13.01,12.72,12.64,1.5161,3.8786,4.5012,0.9145,0.8799,0.594
GEX,2019-08-09,13.21,13.38,13.21,13.3,730470,13.06,12.77,12.65,1.8397,4.1317,5.0943,-0.0,-0.0,0.594
GEX,2019-08-12,13.38,13.38,13.27,13.3,424840,13.1,12.82,12.66,1.4619,3.7483,5.0041,-0.3798,-0.3642,0.5921
GEX,2019-08-13,13.5,13.5,13.1,13.15,605130,13.14,12.86,12.67,0.1088,2.3018,3.8234,-0.6714,-0.6221,0.5928
GEX,2019-08-14,13.15,13.21,13.1,13.15,624830,13.16,12.9,12.67,-0.0869,1.9617,3.7719,0.0001,0.0001,0.5188
GEX,2019-08-15,12.98,13.12,12.87,13.12,610450,13.18,12.94,12.68,-0.4123,1.4252,3.4856,0.709,0.695,0.5196
GEX,2019-08-16,13.48,13.48,13.28,13.28,764910,13.21,12.98,12.69,0.5678,2.3016,4.6469,-1.0635,-0.8755,0.5448
GEX,2019-08-19,13.51,13.51,13.19,13.28,487940,13.22,13.03,12.7,0.5117,1.9136,4.5782,-0.3702,-0.3862,0.4727
GEX,2019-08-20,13.28,13.28,13.12,13.22,544240,13.22,13.08,12.71,-0.0352,1.0734,4.0076,0.1566,0.1676,0.457
GEX,2019-08-21,13.22,13.25,13.15,13.19,289930,13.22,13.1,12.71,-0.2652,0.6335,3.7016,-0.1152,-0.1186,0.438
GEX,2019-08-22,13.32,13.32,13.02,13.19,384880,13.22,13.12,12.72,-0.2464,0.5333,3.6404,0.0618,0.0534,0.3528
GEX,2019-08-23,13.15,13.19,12.95,13.02,274070,13.19,13.12,12.73,-1.2848,-0.7784,2.3142,-0.1749,-0.1545,0.3702
GEX,2019-08-26,13.09,13.09,12.66,13.02,452950,13.16,13.13,12.73,-1.0786,-0.8582,2.2711,0.3696,0.4233,0.3692
GEX,2019-08-27,13.02,13.15,12.82,13.15,861120,13.16,13.15,12.74,-0.079,0.0128,3.2115,0.9886,0.9856,0.4009
GEX,2019-08-28,13.02,13.25,13.02,13.25,326670,13.17,13.17,12.76,0.5954,0.6269,3.8763,0.5344,0.5843,0.4544
GEX,2019-08-29,13.22,13.65,13.22,13.58,592070,13.22,13.2,12.77,2.7363,2.89,6.3065,0.7031,0.7513,0.4538
GEX,2019-08-30,13.78,13.78,13.65,13.71,568320,13.26,13.23,12.8,3.397,3.6001,7.0987,-0.0,-0.0,0.3474
GEX,2019-09-03,13.71,13.74,13.58,13.58,675500,13.29,13.25,12.82,2.1771,2.4631,5.9155,-0.8594,-0.9789,0.3963
GEX,2019-09-04,13.58,13.71,13.55,13.61,839600,13.33,13.28,12.84,2.1214,2.5334,6.0014,-0.2356,-0.2687,0.4042
GEX,2019-09-05,13.61,13.71,13.61,13.65,483800,13.38,13.3,12.86,2.0158,2.6128,6.091,-0.3177,-0.3456,0.4245
GEX,2019-09-06,13.74,13.78,13.65,13.71,978900,13.43,13.32,12.89,2.1058,2.9134,6.368,-0.0,-0.0,0.4183
GEX,2019-09-09,13.74,13.81,13.68,13.81,1050800,13.51,13.35,12.91,2.2395,3.4541,6.9294,2.0397,1.9474,0.6048
GEX,2019-09-10,13.81,14.14,13.81,14.14,1039270,13.62,13.39,12.95,3.8146,5.5839,9.1829,1.5627,1.6808,0.7241
GEX,2019-09-11,14.17,14.47,14.17,14.4,1241490,13.74,13.45,12.99,4.7847,7.0491,10.8633,1.2515,1.2741,0.7504
GEX,2019-09-12,14.47,14.53,14.4,14.47,871490,13.87,13.52,13.03,4.3395,7.015,11.0177,-0.0001,-0.0001,0.697
GEX,2019-09-13,14.66,15.09,14.5,15.09,1329380,14.02,13.62,13.09,7.6706,10.8294,15.3368,1.8704,2.1652,0.8137
GEX,2019-09-16,15.06,15.06,14.83,14.86,592840,14.13,13.7,13.14,5.1652,8.5104,13.134,-0.552,-0.6213,0.8689
GEX,2019-09-17,14.93,14.93,14.66,14.8,661770,14.25,13.77,13.19,3.8062,7.437,12.2061,0.0,0.0,0.783
GEX,2019-09-18,14.7,14.86,14.7,14.76,304130,14.37,13.85,13.24,2.746,6.6002,11.5392,-0.0814,-0.0889,0.7676
GEX,2019-09-19,14.76,14.89,14.73,14.76,305420,14.48,13.93,13.28,1.9528,5.9962,11.1343,-0.2144,-0.2885,0.7572
GEX,2019-09-20,14.86,14.93,14.8,14.86,385260,14.6,14.01,13.33,1.8247,6.0659,11.4509,-0.0,-0.0,0.7572
GEX,2019-09-23,14.93,14.93,14.66,14.66,265140,14.68,14.09,13.38,-0.112,4.0476,9.5773,-0.3448,-0.4126,0.5877
GEX,2019-09-24,14.66,14.73,14.53,14.53,402070,14.72,14.17,13.43,-1.2731,2.5641,8.2417,-0.6925,-0.8037,0.5007
GEX,2019-09-25,14.6,14.6,14.47,14.53,298830,14.73,14.24,13.47,-1.3613,2.0668,7.8866,0.0,0.0,0.3756
GEX,2019-09-26,14.53,14.66,14.53,14.6,145560,14.75,14.31,13.52,-1.0033,2.0455,8.0053,-0.0,-0.0,0.3756
GEX,2019-09-27,14.66,14.96,14.66,14.93,830130,14.73,14.37,13.57,1.3393,3.8545,10.0139,0.833,0.9505,0.2718
GEX,2019-09-30,15.09,15.09,14.83,14.89,275330,14.73,14.43,13.62,1.0935,3.2008,9.3663,-0.1667,-0.1987,0.2333
GEX,2019-10-01,14.86,14.93,14.53,14.66,526100,14.72,14.49,13.67,-0.3797,1.2256,7.303,-0.2123,-0.2675,0.2545
GEX,2019-10-02,14.6,14.8,14.47,14.47,360370,14.69,14.53,13.71,-1.522,-0.43,5.5327,-0.5022,-0.5385,0.2966
GEX,2019-10-03,14.47,14.47,14.2,14.43,297220,14.66,14.57,13.74,-1.5254,-0.9253,5.0263,0.2457,0.278,0.2997
GEX,2019-10-04,14.63,14.63,14.47,14.53,204260,14.63,14.61,13.78,-0.6295,-0.5288,5.4971,-0.048,-0.0545,0.3045
GEX,2019-10-07,14.57,14.6,14.27,14.6,578400,14.62,14.65,13.81,-0.1349,-0.3479,5.7086,0.7245,0.815,0.3425
GEX,2019-10-08,14.6,14.66,14.47,14.6,181530,14.63,14.67,13.85,-0.1798,-0.5042,5.4354,0.0723,0.0893,0.2805
GEX,2019-10-09,14.6,14.63,14.4,14.47,366300,14.62,14.68,13.88,-1.0347,-1.4227,4.2359,-0.2171,-0.2617,0.3022
GEX,2019-10-10,14.4,14.6,14.4,14.47,348110,14.61,14.68,13.91,-0.9456,-1.4227,4.0003,-0.1786,-0.1991,0.32
GEX,2019-10-11,14.5,14.8,14.4,14.4,508320,14.55,14.64,13.94,-1.0393,-1.6394,3.3165,-0.8836,-0.8665,0.3251
GEX,2019-10-14,14.47,14.5,14.37,14.5,360090,14.51,14.62,13.97,-0.0906,-0.8432,3.7979,0.437,0.5131,0.3521
GEX,2019-10-15,14.37,14.53,14.37,14.47,216710,14.49,14.61,13.99,-0.1815,-0.9567,3.3765,0.075,0.0926,0.3384
GEX,2019-10-16,14.47,14.47,14.14,14.2,265370,14.47,14.58,14.02,-1.8182,-2.5711,1.3446,-0.274,-0.2928,0.3156
GEX,2019-10-17,14.14,14.14,13.71,14.01,845540,14.42,14.54,14.03,-2.8949,-3.6744,-0.1765,0.5483,0.5373,0.3458
GEX,2019-10-18,13.88,14.01,13.68,13.84,228870,14.36,14.49,14.04,-3.573,-4.4701,-1.437,0.0,0.0,0.341
GEX,2019-10-21,13.84,14.14,13.71,13.84,192070,14.28,14.45,14.06,-3.0624,-4.1984,-1.5137,-0.1096,-0.1408,0.2795
GEX,2019-10-22,13.84,13.88,13.51,13.68,409110,14.19,14.41,14.06,-3.5921,-5.0553,-2.7363,-0.0574,-0.0597,0.2781
GEX,2019-10-23,13.68,13.78,13.58,13.68,208450,14.11,14.36,14.07,-3.0529,-4.7728,-2.809,0.0,0.0,0.2563
GEX,2019-10-24,13.68,13.74,13.58,13.74,286080,14.04,14.32,14.09,-2.0848,-4.0294,-2.4237,0.5465,0.478,0.2931
GEX,2019-10-25,13.81,13.81,13.65,13.74,269380,13.97,14.26,14.1,-1.6239,-3.6311,-2.5095,0.0985,0.1019,0.2146
GEX,2019-10-28,13.74,13.74,13.42,13.68,188150,13.89,14.2,14.11,-1.5151,-3.6814,-3.0303,0.1962,0.2134,0.1905
GEX,2019-10-29,13.68,13.68,13.28,13.68,684830,13.81,14.15,14.11,-0.9524,-3.3457,-3.0845,1.1385,1.2678,0.2969
GEX,2019-10-30,13.61,14.14,13.51,14.14,551920,13.8,14.14,14.13,2.4297,0.0233,0.0465,0.9202,0.94,0.3615
GEX,2019-10-31,14.01,14.01,13.68,13.81,170700,13.78,14.1,14.14,0.1908,-2.0865,-2.3664,-0.0466,-0.0531,0.3113
GEX,2019-11-01,13.81,13.88,13.65,13.81,303850,13.78,14.07,14.16,0.2147,-1.8347,-2.4526,0.1656,0.1285,0.3279
GEX,2019-11-04,13.81,13.81,13.58,13.78,668600,13.77,14.03,14.17,0.0239,-1.7815,-2.7887,0.534,0.5627,0.3703
GEX,2019-11-05,13.78,13.78,13.61,13.74,167110,13.78,13.98,14.19,-0.2625,-1.7164,-3.1196,0.1386,0.1212,0.3785
GEX,2019-11-06,13.74,13.78,13.65,13.78,580710,13.79,13.95,14.2,-0.0954,-1.2375,-2.9733,0.8329,0.8464,0.4618
GEX,2019-11-07,13.81,13.94,13.68,13.78,369880,13.79,13.91,14.21,-0.1192,-0.9924,-3.0452,-0.1514,-0.1627,0.4222
GEX,2019-11-08,13.71,13.81,13.71,13.71,258210,13.79,13.88,14.21,-0.5722,-1.2199,-3.5258,-0.4016,-0.4151,0.4526
GEX,2019-11-11,13.78,13.81,13.65,13.74,350970,13.8,13.84,14.21,-0.3813,-0.7126,-3.2989,0.0996,0.1145,0.4429
GEX,2019-11-12,13.74,13.74,13.58,13.74,284320,13.8,13.81,14.22,-0.4288,-0.4525,-3.3213,0.3439,0.3953,0.3634
GEX,2019-11-13,13.78,13.78,13.55,13.68,387540,13.76,13.78,14.22,-0.5736,-0.7397,-3.7928,0.0658,0.0715,0.278
GEX,2019-11-14,13.68,13.68,13.55,13.65,178590,13.74,13.76,14.22,-0.6939,-0.8482,-4.024,0.1162,0.1318,0.285
GEX,2019-11-15,13.65,13.65,13.55,13.61,140540,13.72,13.75,14.22,-0.7908,-1.0043,-4.242,0.0706,0.0961,0.2754
GEX,2019-11-18,13.61,13.71,13.48,13.58,465070,13.7,13.74,14.21,-0.888,-1.1489,-4.4424,-0.1024,-0.0996,0.2323
GEX,2019-11-19,13.58,13.81,13.48,13.81,2165320,13.71,13.74,14.2,0.7436,0.4785,-2.7778,3.8221,3.4579,0.6006
GEX,2019-11-20,13.81,13.84,13.65,13.71,1261240,13.7,13.75,14.19,0.072,-0.2512,-3.3783,-0.6815,-0.739,0.5855
GEX,2019-11-21,13.71,13.71,13.48,13.61,1795800,13.68,13.74,14.17,-0.5286,-0.9214,-3.9577,0.344,0.2887,0.6048
GEX,2019-11-22,13.55,13.58,13.32,13.55,1247030,13.67,13.73,14.14,-0.8901,-1.3292,-4.2128,1.0587,1.1982,0.6705
GEX,2019-11-25,13.48,13.51,13.32,13.48,1055840,13.64,13.72,14.11,-1.181,-1.7376,-4.4913,1.2672,1.2492,0.7872
GEX,2019-11-26,13.48,13.48,13.15,13.38,1321020,13.61,13.7,14.09,-1.6433,-2.3513,-4.9998,1.0188,0.8381,0.8547
GEX,2019-11-27,13.28,13.38,13.25,13.38,519250,13.58,13.67,14.06,-1.4289,-2.0811,-4.8132,0.9042,0.9457,0.9386
GEX,2019-11-28,13.38,13.45,13.12,13.28,1071470,13.54,13.64,14.03,-1.8941,-2.6154,-5.3155,-0.0,-0.0,0.9269
GEX,2019-11-29,13.28,13.35,13.22,13.25,743210,13.5,13.61,14.0,-1.8749,-2.657,-5.3324,-0.6436,-0.6009,0.9842
GEX,2019-12-02,13.32,13.32,12.82,13.15,643310,13.46,13.58,13.97,-2.296,-3.1594,-5.8336,0.2568,0.244,0.9997
GEX,2019-12-03,13.02,13.15,12.69,13.15,558950,13.4,13.55,13.94,-1.8164,-2.948,-5.647,0.842,0.7258,0.7017
GEX,2019-12-04,13.15,13.15,12.86,13.15,254530,13.34,13.52,13.91,-1.405,-2.7237,-5.4597,0.3982,0.3705,0.6734
GEX,2019-12-05,12.89,13.15,12.89,13.15,192400,13.29,13.49,13.88,-1.0636,-2.4985,-5.2627,0.4221,0.3221,0.6812
GEX,2019-12-06,12.95,13.15,12.82,13.15,371780,13.25,13.46,13.85,-0.769,-2.296,-5.0197,0.7436,0.6937,0.6497
GEX,2019-12-09,13.15,13.15,12.69,13.15,496300,13.22,13.43,13.81,-0.5223,-2.0808,-4.78,0.6979,0.686,0.5927
GEX,2019-12-10,12.82,13.09,12.79,13.09,437030,13.19,13.4,13.78,-0.7976,-2.3313,-5.0391,0.7872,0.7363,0.5696
GEX,2019-12-11,13.09,13.09,12.63,13.09,597540,13.16,13.37,13.75,-0.5746,-2.1151,-4.8484,1.0371,1.0439,0.5829
GEX,2019-12-12,12.72,13.09,12.63,13.09,952940,13.14,13.34,13.73,-0.4253,-1.91,-4.6615,1.6706,1.5933,0.7499
GEX,2019-12-13,13.09,13.09,12.76,12.99,937400,13.12,13.31,13.7,-0.9777,-2.4209,-5.1666,0.5459,0.5727,0.7402
GEX,2019-12-16,12.95,13.02,12.89,13.02,196970,13.1,13.28,13.66,-0.6273,-1.9681,-4.7069,0.32,0.3618,0.7465
GEX,2019-12-17,13.02,13.02,12.72,12.99,707530,13.09,13.24,13.63,-0.7538,-1.9121,-4.7228,0.6746,0.9377,0.7297
GEX,2019-12-18,12.79,12.99,12.79,12.99,214460,13.07,13.2,13.6,-0.6289,-1.6434,-4.5156,0.3738,0.3478,0.7273
GEX,2019-12-19,12.82,12.95,12.79,12.95,250710,13.05,13.17,13.57,-0.7307,-1.6475,-4.545,0.4496,0.5002,0.7301
GEX,2019-12-20,12.86,12.89,12.23,12.23,4524610,12.96,13.11,13.53,-5.6077,-6.6734,-9.5859,-6.4213,-6.3344,1.2978
GEX,2019-12-23,12.76,12.95,12.49,12.95,215480,12.94,13.08,13.5,0.1271,-0.9552,-4.0195,0.2668,0.2622,1.2547
GEX,2019-12-24,12.95,12.95,12.79,12.95,173250,12.93,13.06,13.47,0.229,-0.7931,-3.8039,0.2871,0.3206,1.2047
GEX,2019-12-25,12.76,12.92,12.63,12.92,455320,12.91,13.04,13.44,0.1019,-0.8702,-3.865,0.6568,0.8531,1.1667
GEX,2019-12-26,12.82,12.89,12.76,12.76,153190,12.88,13.01,13.42,-0.9193,-1.9335,-4.9113,-0.2578,-0.3167,1.0254
GEX,2019-12-27,12.76,12.76,12.56,12.76,457710,12.85,12.98,13.39,-0.7419,-1.7473,-4.7572,0.738,0.8656,1.0446
GEX,2019-12-30,12.63,12.72,12.4,12.72,778100,12.82,12.96,13.37,-0.7692,-1.8389,-4.8438,1.0803,1.0541,1.1206
GEX,2019-12-31,12.72,12.72,12.66,12.72,396290,12.8,12.94,13.35,-0.5652,-1.6768,-4.7079,0.6804,0.7084,1.1212
GEX,2020-01-02,12.72,12.72,12.49,12.69,246750,12.77,12.92,13.33,-0.5923,-1.7561,-4.8135,0.2856,0.3337,1.1124
GEX,2020-01-03,12.69,12.69,12.33,12.63,495710,12.73,12.89,13.31,-0.8521,-2.0658,-5.1478,0.4637,0.5047,1.1138
GEX,2020-01-06,12.49,13.48,12.36,13.48,206400,12.86,12.91,13.31,4.8325,4.432,1.3146,0.3371,0.3663,0.5054
GEX,2020-01-07,13.48,13.48,12.95,13.12,564170,12.88,12.91,13.29,1.8897,1.6431,-1.3207,-0.3893,-0.4356,0.5176
GEX,2020-01-08,12.99,12.99,12.82,12.92,200170,12.87,12.9,13.28,0.3831,0.1784,-2.6939,0.0453,0.0559,0.4934
GEX,2020-01-09,12.89,12.99,12.89,12.92,200070,12.87,12.89,13.26,0.3831,0.2423,-2.5152,-0.1118,-0.1143,0.4389
GEX,2020-01-10,12.92,12.95,12.86,12.95,200830,12.89,12.88,13.24,0.4846,0.5487,-2.141,0.2324,0.2706,0.4364
GEX,2020-01-13,13.02,13.02,12.79,12.95,176450,12.91,12.88,13.22,0.331,0.5615,-2.0144,0.1329,0.1502,0.3759
GEX,2020-01-14,12.95,12.95,12.76,12.86,114800,12.93,12.87,13.2,-0.5342,-0.1405,-2.6249,0.0,0.0,0.2678
GEX,2020-01-15,12.82,12.95,12.76,12.92,683420,12.94,12.87,13.19,-0.1778,0.396,-2.0048,0.7884,0.8831,0.2786
GEX,2020-01-16,12.92,12.95,12.79,12.95,817390,12.97,12.87,13.17,-0.1267,0.6643,-1.6328,1.1363,1.3031,0.3637
GEX,2020-01-17,12.95,13.19,12.92,13.09,1160880,13.02,12.88,13.16,0.5304,1.6343,-0.5298,0.4991,0.4964,0.3673
GEX,2020-01-20,13.09,13.09,12.86,12.99,276790,12.97,12.91,13.14,0.1521,0.5729,-1.1709,0.0711,0.0753,0.3407
GEX,2020-01-21,13.02,13.02,12.36,13.02,1555970,12.96,12.92,13.13,0.4821,0.8018,-0.8115,1.9385,2.1186,0.4956
GEX,2020-01-22,12.95,13.02,12.63,13.02,467980,12.97,12.92,13.11,0.4057,0.7762,-0.7021,0.6581,0.7031,0.5569
GEX,2020-01-30,12.82,12.95,12.43,12.95,749070,12.97,12.92,13.1,-0.1267,0.2545,-1.0945,0.7863,0.7899,0.6243
GEX,2020-01-31,12.69,12.69,12.46,12.69,841230,12.94,12.92,13.08,-1.9558,-1.7561,-2.9614,0.5185,0.5601,0.6529
GEX,2020-02-03,12.43,12.63,11.8,12.63,816860,12.91,12.91,13.06,-2.2155,-2.2155,-3.3184,0.5305,0.6227,0.6927
GEX,2020-02-04,12.49,12.49,12.17,12.49,917370,12.88,12.9,13.04,-2.9622,-3.1477,-4.1663,0.816,0.904,0.7743
GEX,2020-02-05,12.3,12.56,12.3,12.56,233060,12.84,12.89,13.01,-2.1767,-2.5759,-3.4769,0.2727,0.2806,0.7227
GEX,2020-02-06,12.49,12.56,12.36,12.53,330530,12.8,12.88,12.99,-2.1069,-2.7689,-3.5541,0.1639,0.1689,0.6255
GEX,2020-02-07,12.53,12.82,12.49,12.49,127750,12.74,12.88,12.97,-1.9102,-2.9746,-3.6414,-0.1362,-0.1439,0.5892
GEX,2020-02-10,12.49,12.49,12.36,12.46,99880,12.69,12.83,12.94,-1.7626,-2.8454,-3.7338,0.0841,0.0975,0.5905
GEX,2020-02-11,12.26,12.46,12.13,12.46,749300,12.63,12.79,12.92,-1.3278,-2.5958,-3.582,0.8075,0.8847,0.4774
GEX,2020-02-12,12.46,12.49,12.13,12.49,872340,12.58,12.77,12.91,-0.6536,-2.1753,-3.1946,0.9432,1.0095,0.5059
GEX,2020-02-13,12.36,12.36,12.17,12.33,526920,12.51,12.74,12.89,-1.4714,-3.2383,-4.3123,0.4608,0.532,0.4734
GEX,2020-02-14,12.26,12.36,12.03,12.36,843800,12.48,12.71,12.87,-0.9484,-2.7544,-3.9199,1.3187,1.3893,0.5534
GEX,2020-02-17,12.3,12.33,12.17,12.33,503950,12.45,12.68,12.85,-0.977,-2.7742,-4.0381,0.8136,0.8357,0.5817
GEX,2020-02-18,12.23,12.23,12.07,12.07,500370,12.41,12.64,12.83,-2.7557,-4.5513,-5.9264,-0.6667,-0.6644,0.5667
GEX,2020-02-19,12.07,12.36,11.97,12.33,1158020,12.39,12.61,12.81,-0.4513,-2.2419,-3.7524,1.4189,1.7104,0.6814
GEX,2020-02-20,12.36,12.43,12.33,12.33,192890,12.37,12.58,12.79,-0.2925,-1.9992,-3.6287,-0.1831,-0.2247,0.6833
GEX,2020-02-21,12.23,12.33,12.2,12.3,156950,12.35,12.54,12.78,-0.3995,-1.9531,-3.7571,0.0897,0.101,0.6786
GEX,2020-02-24,12.17,12.2,11.94,12.2,502960,12.32,12.5,12.76,-0.9874,-2.4326,-4.3864,0.27,0.3409,0.6972
GEX,2020-02-25,11.94,12.3,11.9,12.3,532820,12.3,12.47,12.74,-0.0534,-1.3583,-3.4839,0.376,0.4662,0.6541
GEX,2020-02-26,12.1,12.26,12.03,12.26,172020,12.28,12.43,12.72,-0.1339,-1.3227,-3.6176,0.1874,0.2492,0.5785
GEX,2020-02-27,12.1,12.2,12.03,12.03,410000,12.25,12.38,12.7,-1.7713,-2.8146,-5.2697,-0.391,-0.4263,0.5715
GEX,2020-02-28,12.03,12.1,11.38,12.1,743160,12.22,12.35,12.68,-1.022,-2.0495,-4.6039,0.6173,0.8416,0.5014
GEX,2020-03-02,11.54,11.94,11.54,11.94,960360,12.19,12.32,12.66,-2.0507,-3.1095,-5.7436,0.6299,0.8586,0.483
GEX,2020-03-03,11.94,11.94,11.51,11.87,1393310,12.17,12.29,12.64,-2.4324,-3.3984,-6.0923,0.7805,1.0728,0.4944
GEX,2020-03-04,11.64,11.64,11.48,11.51,1155240,12.08,12.23,12.61,-4.7619,-5.9393,-8.7401,-0.4432,-0.6089,0.3968
GEX,2020-03-05,11.64,11.64,11.21,11.25,992380,11.98,12.17,12.58,-6.0956,-7.605,-10.5789,-0.5549,-0.699,0.434
GEX,2020-03-06,11.25,11.51,10.98,11.51,1167030,11.9,12.12,12.55,-3.2615,-5.059,-8.2761,1.4766,1.7465,0.5727
GEX,2020-03-09,10.85,11.31,10.72,10.72,1000710,11.75,12.03,12.52,-8.7602,-10.929,-14.3593,-0.4413,-0.4646,0.5898
GEX,2020-03-10,10.19,10.46,10.19,10.19,904610,11.54,11.92,12.46,-11.6557,-14.4945,-18.2015,-0.7415,-0.7302,0.6264
GEX,2020-03-11,10.06,10.39,9.54,10.0,1073570,11.31,11.8,12.4,-11.6279,-15.2613,-19.4019,0.0429,0.047,0.6119
GEX,2020-03-12,9.57,9.57,9.31,9.31,1711320,11.04,11.64,12.33,-15.6985,-20.0903,-24.5293,-0.8309,-0.7929,0.6559
GEX,2020-03-13,8.68,8.84,8.68,8.81,1756940,10.71,11.47,12.25,-17.7157,-23.1542,-28.0692,0.6264,0.5505,0.6568
GEX,2020-03-16,8.81,8.81,8.22,8.81,4240250,10.4,11.29,12.17,-15.2435,-21.9569,-27.6028,3.1214,2.8983,0.906
GEX,2020-03-17,8.81,9.4,8.55,9.4,1177650,10.15,11.16,12.11,-7.3534,-15.7212,-22.3164,0.7809,0.7511,0.906
GEX,2020-03-18,9.86,10.0,9.54,9.6,1098210,9.96,11.02,12.04,-3.5986,-12.8878,-20.2752,-0.5994,-0.6898,0.9216
GEX,2020-03-19,9.21,9.37,8.94,9.34,1096510,9.77,10.87,11.98,-4.4093,-14.1086,-22.0251,0.7001,0.7732,0.9361
GEX,2020-03-20,9.21,9.54,9.21,9.54,1245340,9.57,10.73,11.91,-0.3779,-11.1656,-19.9647,0.9767,0.8866,0.8862
GEX,2020-03-23,8.94,9.27,8.88,8.88,1310410,9.39,10.57,11.82,-5.4291,-15.9926,-24.9041,-0.6076,-0.6234,0.9028
GEX,2020-03-24,8.65,9.34,8.65,9.24,1715500,9.29,10.41,11.74,-0.5661,-11.2865,-21.3282,0.9889,0.997,0.9275
GEX,2020-03-25,9.47,9.5,9.27,9.31,1125830,9.22,10.27,11.67,0.8913,-9.3675,-20.2772,-0.7179,-0.5919,0.995
GEX,2020-03-26,9.34,9.34,9.14,9.21,891530,9.21,10.13,11.6,-0.0713,-9.0761,-20.6169,-0.2555,-0.2455,0.9375
GEX,2020-03-27,8.88,9.21,8.88,8.94,273240,9.23,9.97,11.52,-3.0648,-10.2754,-22.3478,-0.1578,-0.1526,0.8906
GEX,2020-03-30,8.81,8.94,8.32,8.88,1890540,9.23,9.81,11.44,-3.8462,-9.5478,-22.3692,1.085,1.2711,0.687
GEX,2020-03-31,8.88,9.07,8.55,9.07,921180,9.2,9.68,11.36,-1.3581,-6.2022,-20.1157,1.0358,1.4823,0.7125
GEX,2020-04-01,8.94,9.54,8.88,9.14,371530,9.15,9.56,11.28,-0.1437,-4.3523,-18.9976,-0.0725,-0.0853,0.6598
GEX,2020-04-03,9.27,9.27,8.94,9.14,918480,9.13,9.45,11.21,0.072,-3.2875,-18.4463,0.1495,0.1516,0.6047
GEX,2020-04-06,9.21,9.54,9.21,9.54,1363920,9.13,9.35,11.14,4.3916,1.9511,-14.3836,0.7097,0.6624,0.578
GEX,2020-04-07,10.0,10.0,9.34,9.67,1258380,9.21,9.3,11.07,4.925,3.942,-12.6819,-0.0,-0.0,0.5173
GEX,2020-04-08,9.67,9.77,9.47,9.77,832160,9.27,9.28,11.01,5.3938,5.2445,-11.2692,0.6094,0.6056,0.4793
GEX,2020-04-09,9.77,9.86,9.6,9.8,1306550,9.32,9.27,10.94,5.1888,5.7112,-10.446,0.4667,0.486,0.4542
GEX,2020-04-10,9.8,9.9,9.6,9.8,972650,9.37,9.29,10.88,4.5247,5.4307,-9.9263,0.32,0.3532,0.4606
GEX,2020-04-13,9.8,9.9,9.77,9.86,933400,9.47,9.35,10.82,4.2029,5.541,-8.8478,0.4799,0.4697,0.4928
GEX,2020-04-14,10.19,10.55,10.13,10.29,2072230,9.61,9.42,10.77,7.1184,9.2496,-4.4858,-0.3758,-0.4333,0.4219
GEX,2020-04-15,10.72,10.72,10.32,10.52,1246110,9.75,9.48,10.74,7.8894,11.034,-1.9908,0.0,0.0,0.3183
GEX,2020-04-16,10.52,10.52,10.29,10.52,1065860,9.89,9.52,10.69,6.383,10.4972,-1.6172,1.0862,1.0911,0.4197
GEX,2020-04-17,10.52,10.95,10.42,10.95,1930410,10.07,9.6,10.66,8.717,14.0216,2.6827,1.1733,1.3389,0.5221
GEX,2020-04-20,11.18,11.18,10.85,11.05,1658100,10.22,9.68,10.63,8.0734,14.1498,3.8897,0.1778,0.2088,0.4689
GEX,2020-04-21,10.85,10.85,10.29,10.39,1771830,10.29,9.75,10.59,0.9262,6.5228,-1.9121,-0.4372,-0.5152,0.5126
GEX,2020-04-22,9.96,10.49,9.96,10.46,677370,10.36,9.81,10.55,0.8883,6.5326,-0.9161,0.4496,0.4767,0.4966
GEX,2020-04-23,10.59,10.78,10.52,10.62,1833440,10.45,9.88,10.52,1.6682,7.4875,1.0006,-0.4473,-0.5005,0.4947
GEX,2020-04-24,10.65,10.75,10.49,10.69,1762540,10.53,9.95,10.48,1.4357,7.3493,1.9448,0.7704,0.83,0.5397
GEX,2020-04-27,10.75,10.75,10.42,10.42,1345810,10.59,10.03,10.44,-1.5834,3.9344,-0.1952,-0.9638,-0.887,0.5881
GEX,2020-04-28,10.32,10.39,10.16,10.19,963610,10.58,10.09,10.4,-3.6669,0.9772,-1.998,-0.7533,-0.7248,0.6259
GEX,2020-04-29,10.23,10.29,10.09,10.23,1194650,10.55,10.15,10.36,-3.0851,0.7288,-1.3325,0.3824,0.3506,0.6641
GEX,2020-05-04,10.16,10.16,9.77,9.86,1189220,10.49,10.19,10.31,-5.9266,-3.1789,-4.3672,-0.4929,-0.5377,0.6048
GEX,2020-05-05,9.86,9.9,9.63,9.9,1248600,10.38,10.23,10.27,-4.6563,-3.2154,-3.5936,1.84,1.4648,0.6715
GEX,2020-05-06,9.93,10.0,9.8,10.0,1088220,10.28,10.25,10.22,-2.72,-2.4703,-2.1942,0.8632,0.7089,0.74
GEX,2020-05-07,10.03,10.09,9.93,10.09,1048860,10.25,10.27,10.18,-1.4762,-1.7128,-0.8205,0.8716,0.8063,0.7835
GEX,2020-05-08,10.06,10.26,10.03,10.16,1944760,10.22,10.29,10.14,-0.5471,-1.2622,0.2466,0.1626,0.1521,0.7548
GEX,2020-05-11,10.16,10.23,10.09,10.19,1340080,10.17,10.31,10.09,0.1939,-1.1322,0.9838,0.4488,0.4043,0.7549
GEX,2020-05-12,10.13,10.16,10.0,10.09,1354050,10.11,10.32,10.05,-0.1951,-2.2293,0.3924,0.1657,0.1434,0.6945
GEX,2020-05-13,10.06,10.16,9.93,10.09,1756600,10.08,10.34,10.01,0.1305,-2.3381,0.7946,0.4427,0.4251,0.6423
GEX,2020-05-14,10.23,10.78,10.19,10.78,6045610,10.14,10.36,9.99,6.3554,4.094,7.9374,4.618,4.6412,1.0288
GEX,2020-05-15,10.95,11.08,10.72,10.78,3563300,10.2,10.37,9.97,5.7723,3.962,8.1723,-1.3421,-1.4685,1.1248
GEX,2020-05-18,10.72,11.01,10.49,11.01,4220830,10.31,10.4,9.96,6.824,5.9289,10.5903,3.0314,3.1044,1.3786
GEX,2020-05-19,11.11,11.54,11.05,11.38,9804480,10.46,10.42,9.96,8.7708,9.1827,14.1914,2.0948,2.1742,1.4041
GEX,2020-05-20,11.34,11.38,11.05,11.05,3311820,10.56,10.42,9.95,4.5752,6.0271,10.9937,-2.3819,-2.112,1.556
GEX,2020-05-21,11.15,11.25,11.05,11.11,3960170,10.67,10.46,9.96,4.1923,6.2893,11.5659,-0.8899,-0.8578,1.5578
GEX,2020-05-22,11.38,11.54,11.21,11.25,5634820,10.77,10.5,9.98,4.3637,7.1428,12.6482,-2.5259,-2.9573,1.7941
GEX,2020-05-25,11.41,11.8,11.34,11.74,4279410,10.93,10.55,10.02,7.4007,11.2496,17.1799,2.2769,2.4862,1.9769
GEX,2020-05-26,11.9,11.9,11.64,11.8,3649150,11.1,10.61,10.07,6.3389,11.2833,17.2513,0.5334,0.586,2.0137
GEX,2020-05-27,11.8,11.84,11.34,11.34,4147070,11.23,10.65,10.12,1.0545,6.4814,12.1149,-1.5459,-1.5237,2.124
GEX,2020-05-28,11.38,11.44,11.31,11.34,2335060,11.28,10.71,10.17,0.5538,5.9094,11.5566,-1.1126,-1.1321,1.7735
GEX,2020-05-29,11.38,11.48,11.21,11.48,2416120,11.35,10.77,10.21,1.1008,6.5161,12.3921,1.8368,2.3743,1.8229
GEX,2020-06-01,11.51,11.57,11.44,11.54,2731600,11.4,10.86,10.25,1.211,6.2992,12.6082,0.7146,0.8815,1.5913
GEX,2020-06-02,11.57,11.57,11.25,11.25,2202570,11.39,10.92,10.29,-1.2702,2.9345,9.3141,-0.934,-1.0899,1.4752
GEX,2020-06-03,11.21,11.38,11.18,11.21,1312110,11.41,10.99,10.32,-1.7008,2.0652,8.6402,-0.4787,-0.6531,1.2849
GEX,2020-06-04,11.28,11.38,10.98,11.18,2075960,11.41,11.04,10.37,-2.0455,1.2658,7.8407,0.0,0.0,1.1959
GEX,2020-06-05,11.18,11.54,11.01,11.48,2283760,11.44,11.11,10.41,0.345,3.3308,10.2198,0.6946,1.0072,1.0128
GEX,2020-06-08,11.57,12.03,11.51,11.8,3385750,11.44,11.19,10.46,3.161,5.5262,12.8363,0.1655,0.2333,0.8016
GEX,2020-06-09,11.97,11.97,11.54,11.54,1233220,11.42,11.26,10.51,1.0944,2.5116,9.8316,-0.6196,-0.6981,0.8102
GEX,2020-06-10,11.54,11.71,11.41,11.57,906060,11.44,11.33,10.56,1.1785,2.1326,9.5958,0.0471,0.0568,0.6604
GEX,2020-06-11,11.64,11.71,10.82,11.18,2439370,11.42,11.35,10.61,-2.1301,-1.5206,5.4002,-0.092,-0.1032,0.5583
GEX,2020-06-12,10.92,11.01,10.75,10.98,1140770,11.37,11.36,10.64,-3.4403,-3.3425,3.1692,0.2142,0.2755,0.396
GEX,2020-06-15,11.15,11.15,10.55,10.65,993110,11.28,11.34,10.67,-5.5944,-6.087,-0.2033,-0.2727,-0.275,0.3519
GEX,2020-06-16,10.85,10.85,10.62,10.72,778240,11.23,11.31,10.71,-4.5668,-5.2326,0.1167,-0.0632,-0.0701,0.2648
GEX,2020-06-17,10.92,10.92,10.69,10.72,324010,11.18,11.29,10.73,-4.1459,-5.0946,-0.1042,-0.1629,-0.212,0.2332
GEX,2020-06-18,10.69,11.05,10.65,10.92,583740,11.16,11.28,10.76,-2.1514,-3.2634,1.498,0.192,0.2078,0.2524
GEX,2020-06-19,10.98,11.18,10.92,11.18,1538080,11.13,11.28,10.78,0.4728,-0.9035,3.6712,0.6931,0.8105,0.2522
GEX,2020-06-22,11.41,11.44,11.18,11.41,1027620,11.09,11.26,10.82,2.9063,1.2843,5.4903,0.4933,0.6344,0.285
GEX,2020-06-23,11.44,11.48,11.31,11.41,1347740,11.07,11.25,10.85,3.0285,1.462,5.177,0.1729,0.2315,0.2404
GEX,2020-06-24,11.38,11.44,11.08,11.15,1167280,11.03,11.24,10.87,1.0432,-0.7901,2.5098,-0.4109,-0.5387,0.2767
GEX,2020-06-25,11.05,11.15,10.92,11.15,460320,11.03,11.23,10.89,1.0734,-0.703,2.3489,0.3174,0.4346,0.2993
GEX,2020-06-26,11.28,11.38,11.11,11.34,1719180,11.06,11.22,10.91,2.526,1.1137,4.0034,1.1216,1.499,0.39
GEX,2020-06-29,11.25,11.34,10.65,10.65,2223840,11.06,11.17,10.91,-3.7147,-4.6638,-2.3509,-1.3429,-1.7046,0.497
GEX,2020-06-30,11.11,11.11,10.69,10.88,901440,11.08,11.16,10.91,-1.7804,-2.4462,-0.229,-0.0623,-0.0751,0.4969
GEX,2020-07-01,10.92,11.05,10.82,11.05,1460980,11.11,11.15,10.91,-0.5917,-0.8995,1.278,1.1398,1.2593,0.5946
GEX,2020-07-02,11.15,11.25,11.05,11.25,1674470,11.15,11.15,10.93,0.885,0.8403,2.9252,2.549,2.5074,0.8303
GEX,2020-07-03,11.41,11.41,11.25,11.38,1489890,11.17,11.15,10.94,1.8846,2.0649,3.9538,1.0026,0.9524,0.8613
GEX,2020-07-06,11.41,11.41,11.28,11.38,947480,11.16,11.13,10.96,1.9146,2.261,3.8104,0.5296,0.4662,0.8649
GEX,2020-07-07,11.41,11.48,11.31,11.41,1486820,11.16,11.12,10.97,2.2091,2.6172,3.9731,0.2344,0.2548,0.871
GEX,2020-07-08,11.51,12.07,11.41,11.77,2725520,11.23,11.13,11.0,4.8624,5.7764,7.0063,0.3484,0.3781,0.8648
GEX,2020-07-09,11.9,12.59,11.8,12.59,3439570,11.37,11.2,11.05,10.7576,12.4486,13.9813,2.5147,3.1767,1.0845
GEX,2020-07-10,13.12,13.28,12.76,13.19,4399620,11.55,11.31,11.11,14.115,16.5867,18.7023,3.053,3.5934,1.2777
GEX,2020-07-13,13.81,13.81,13.35,13.55,4413310,11.84,11.45,11.18,14.3809,18.2718,21.155,-0.7051,-0.8342,1.2139
GEX,2020-07-14,13.58,14.37,13.28,14.3,6279710,12.19,11.63,11.27,17.3772,22.9508,26.9183,4.8884,7.3695,1.6965
GEX,2020-07-15,14.4,14.4,13.97,14.01,4707960,12.48,11.8,11.35,12.2234,18.7291,23.4139,-2.7889,-4.0169,1.8614
GEX,2020-07-16,14.01,14.11,13.81,14.11,4165400,12.77,11.96,11.43,10.4816,17.9706,23.4106,3.6572,4.2609,1.9722
GEX,2020-07-17,14.14,14.5,13.94,14.17,7392910,13.05,12.11,11.51,8.619,17.0559,23.1217,-1.2113,-1.6312,1.9931
GEX,2020-07-20,14.17,14.2,13.81,14.01,5495430,13.31,12.24,11.59,5.2372,14.47,20.8922,0.0,0.0,1.9401
GEX,2020-07-21,13.97,14.07,13.65,13.81,3698020,13.55,12.36,11.66,1.917,11.7616,18.43,-0.9479,-1.1295,2.0115
GEX,2020-07-22,13.78,13.78,13.32,13.51,2604600,13.72,12.47,11.73,-1.5333,8.3289,15.2164,-0.3426,-0.4092,2.0109
GEX,2020-07-23,13.51,13.55,13.12,13.28,2305720,13.79,12.58,11.78,-3.6949,5.5795,12.7735,-0.5018,-0.621,1.8096
GEX,2020-07-24,13.25,13.35,12.36,13.02,4215340,13.78,12.67,11.82,-5.4892,2.8038,10.1224,0.6098,0.9358,1.5653
GEX,2020-07-27,12.17,12.72,12.13,12.26,3982090,13.65,12.75,11.85,-10.1421,-3.7792,3.5076,-0.6955,-0.9285,1.5643
GEX,2020-07-28,12.23,12.69,12.17,12.63,2293530,13.48,12.83,11.87,-6.3415,-1.6142,6.3358,0.8244,1.0515,1.1579
GEX,2020-07-29,12.49,12.49,11.77,12.43,1727230,13.32,12.9,11.9,-6.7127,-3.6697,4.4314,1.1487,1.4738,0.9939
GEX,2020-07-30,12.49,12.56,12.3,12.36,1034790,13.15,12.96,11.93,-5.9765,-4.5927,3.6612,-0.7329,-0.9016,0.7015
GEX,2020-07-31,12.17,12.3,11.9,12.17,680160,12.95,13.0,11.94,-6.0437,-6.4002,1.8498,0.2582,0.2852,0.6062
GEX,2020-08-03,12.17,12.72,12.13,12.72,2653210,12.82,13.07,11.96,-0.7437,-2.6047,6.3538,1.6384,2.2195,0.77
GEX,2020-08-04,12.82,13.25,12.82,13.22,3549710,12.76,13.16,11.99,3.5816,0.4749,10.2155,2.2424,3.3852,0.8995
GEX,2020-08-05,13.28,13.51,12.99,13.48,2491480,12.76,13.24,12.04,5.6701,1.8127,12.0096,1.6157,1.9299,1.0268
GEX,2020-08-06,13.48,13.48,13.19,13.25,2661660,12.75,13.27,12.07,3.8928,-0.1734,9.7495,-1.532,-2.0068,1.1298
GEX,2020-08-07,13.19,14.01,13.15,14.01,5856600,12.85,13.31,12.12,8.9793,5.1982,15.5286,5.5194,7.1215,1.6208
GEX,2020-08-10,14.04,14.37,14.04,14.07,5193580,13.03,13.34,12.17,7.9718,5.4837,15.5882,-3.2312,-4.0779,1.8743
GEX,2020-08-11,14.14,14.24,13.71,13.81,5112890,13.15,13.32,12.23,5.0,3.7037,12.9518,-2.934,-4.075,2.0853
GEX,2020-08-12,13.81,13.81,13.35,13.55,3150850,13.26,13.29,12.27,2.1318,1.9045,10.3788,-0.4528,-0.5884,2.0157
GEX,2020-08-13,13.58,13.68,13.45,13.58,2381830,13.39,13.27,12.32,1.4492,2.3544,10.2156,0.3009,0.3542,1.9725
GEX,2020-08-14,13.58,13.91,13.48,13.78,4409420,13.55,13.25,12.37,1.6991,3.9961,11.4006,1.3893,1.9083,2.0856
GEX,2020-08-17,13.78,13.97,13.42,13.94,3571540,13.67,13.24,12.41,1.9966,5.2632,12.3417,2.5221,3.7621,2.174
GEX,2020-08-18,13.94,14.5,13.84,14.27,7649680,13.77,13.27,12.46,3.6047,7.5589,14.4877,2.2413,3.0714,2.1739
GEX,2020-08-19,14.27,14.34,14.01,14.27,3895850,13.85,13.31,12.52,3.0145,7.2532,13.9945,2.1101,2.8046,2.2233
GEX,2020-08-20,14.27,14.27,13.88,13.91,3994130,13.92,13.34,12.57,-0.0709,4.29,10.623,-2.781,-3.3338,2.3482
GEX,2020-08-21,13.94,14.04,13.68,13.94,5514310,13.91,13.38,12.63,0.2127,4.1769,10.3649,1.4904,2.0469,1.9453
GEX,2020-08-24,13.94,14.14,13.94,13.97,4533090,13.9,13.47,12.7,0.5203,3.7598,10.0466,-1.7884,-2.5193,1.801
GEX,2020-08-25,14.01,14.63,14.01,14.6,10794940,13.98,13.57,12.78,4.4215,7.6103,14.2681,4.9699,6.3716,2.0046
GEX,2020-08-26,14.5,14.83,14.3,14.63,9599290,14.09,13.68,12.85,3.8507,6.984,13.8282,1.3503,1.8415,2.0944
GEX,2020-08-27,14.6,14.7,14.47,14.63,6731010,14.19,13.79,12.93,3.0809,6.104,13.174,2.0314,2.6221,2.2674
GEX,2020-08-28,14.66,14.7,14.5,14.5,6802390,14.27,13.91,12.99,1.6363,4.2676,11.5834,-3.3988,-4.6256,2.4684
GEX,2020-08-31,14.4,14.76,14.4,14.6,8236590,14.33,14.0,13.06,1.8582,4.2743,11.7938,0.4179,0.5887,2.2579
GEX,2020-09-01,14.8,15.52,14.76,15.52,10158170,14.46,14.12,13.14,7.3459,9.9465,18.1004,7.0246,8.2181,2.7363
GEX,2020-09-03,15.65,16.6,15.62,16.6,10488440,14.69,14.27,13.25,13.026,16.3461,25.3164,6.9146,9.043,3.2167
GEX,2020-09-04,16.51,16.77,16.18,16.77,9056130,14.98,14.45,13.36,11.9649,16.0674,25.4921,6.0237,7.244,3.541
GEX,2020-09-07,16.77,17.33,16.37,17.06,12246430,15.29,14.6,13.48,11.6129,16.8787,26.6224,2.1584,3.2353,3.6078
GEX,2020-09-08,17.1,17.13,16.87,17.03,7462540,15.6,14.75,13.6,9.2136,15.4832,25.1933,1.2704,1.7953,3.556
GEX,2020-09-09,16.93,17.13,16.74,17.13,7530830,15.85,14.91,13.73,8.0913,14.8589,24.7725,4.4794,6.5251,3.5069
GEX,2020-09-10,17.23,17.36,16.9,17.03,7621490,16.09,15.09,13.85,5.8655,12.8786,22.9819,-2.0034,-2.9332,3.5723
GEX,2020-09-11,17.03,17.03,16.44,16.6,9431330,16.29,15.24,13.96,1.9584,8.9536,18.9747,-2.9542,-4.6395,3.6645
GEX,2020-09-14,16.67,17.0,16.57,16.64,9535520,16.5,15.38,14.06,0.837,8.1543,18.3183,-3.3667,-5.1476,3.6613
GEX,2020-09-15,16.64,16.77,16.54,16.67,7104540,16.71,15.52,14.17,-0.2165,7.4153,17.6662,0.6411,0.9848,3.6836
GEX,2020-09-16,16.7,16.74,16.34,16.44,8915200,16.8,15.63,14.27,-2.1335,5.1967,15.2233,-2.8474,-4.8062,3.2659
GEX,2020-09-17,16.47,16.47,16.05,16.05,9341530,16.74,15.72,14.35,-4.1634,2.092,11.7881,-5.6002,-7.9295,3.1345
GEX,2020-09-18,16.11,16.18,15.85,15.85,8336570,16.65,15.81,14.42,-4.8183,0.2183,9.9152,-4.6512,-6.5494,2.9972
GEX,2020-09-21,15.91,16.14,15.88,16.14,5914580,16.56,15.92,14.48,-2.502,1.3834,11.5098,2.5674,3.8486,3.0381
GEX,2020-09-22,16.14,16.54,15.98,16.37,8391970,16.49,16.04,14.53,-0.7177,2.0596,12.6595,1.7951,2.5637,3.0906
GEX,2020-09-23,16.44,16.57,16.34,16.44,6284110,16.42,16.14,14.58,0.1001,1.8849,12.7803,-0.6385,-0.8244,2.7065
GEX,2020-09-24,16.41,16.41,15.98,16.05,6921640,16.33,16.21,14.62,-1.712,-0.9941,9.7665,-3.1099,-4.2375,2.8172
GEX,2020-09-25,16.05,16.05,15.65,15.82,7150600,16.25,16.27,14.65,-2.6513,-2.7694,7.9395,-0.6834,-0.9414,2.5901
GEX,2020-09-28,15.82,15.88,15.45,15.52,6309600,16.13,16.32,14.68,-3.8109,-4.8866,5.7253,-2.2288,-3.0968,2.4763
GEX,2020-09-29,15.59,15.72,15.49,15.52,6138590,16.02,16.36,14.71,-3.1198,-5.1542,5.5079,-1.3835,-1.843,2.5505
GEX,2020-09-30,15.55,15.55,15.39,15.55,4056310,15.93,16.36,14.74,-2.3736,-4.9628,5.4815,2.1532,2.882,2.4811
GEX,2020-10-01,15.59,15.85,15.59,15.85,5291390,15.91,16.33,14.79,-0.3926,-2.9302,7.1492,2.8943,4.2101,2.2105
GEX,2020-10-02,15.85,15.91,15.12,15.59,5124070,15.88,16.27,14.84,-1.8837,-4.194,5.0439,0.4657,0.711,1.792
GEX,2020-10-05,15.65,15.75,15.55,15.65,3046810,15.84,16.2,14.89,-1.1628,-3.3699,5.1144,0.0,0.0,1.5352
GEX,2020-10-06,15.75,15.85,15.55,15.59,3362410,15.76,16.12,14.96,-1.0851,-3.3442,4.2079,-1.1706,-1.6168,1.4728
GEX,2020-10-07,15.59,15.59,15.32,15.32,4323990,15.64,16.03,15.01,-2.0597,-4.4397,2.081,-1.4833,-1.9418,1.5573
GEX,2020-10-08,15.39,15.39,14.8,14.86,5867110,15.53,15.93,15.06,-4.2779,-6.6791,-1.3057,-2.0947,-2.6621,1.4558
GEX,2020-10-09,14.86,15.59,14.47,14.99,7724430,15.44,15.85,15.11,-2.9168,-5.3746,-0.779,-0.2817,-0.3661,1.4156
GEX,2020-10-12,15.06,15.39,14.8,14.86,4466010,15.38,15.76,15.17,-3.3569,-5.6761,-1.999,-1.3767,-1.5795,1.3304
GEX,2020-10-13,14.86,15.06,14.57,14.99,4471410,15.33,15.67,15.21,-2.1669,-4.3323,-1.4267,2.2967,2.6489,1.4217
GEX,2020-10-14,14.99,15.06,14.57,14.63,6427840,15.23,15.58,15.24,-3.9499,-6.0983,-3.9831,-1.9361,-2.2691,1.4
GEX,2020-10-15,14.63,14.89,14.5,14.66,5922590,15.12,15.51,15.26,-2.9802,-5.4684,-3.9166,-0.3863,-0.4479,1.1492
GEX,2020-10-16,14.7,14.7,14.3,14.37,7655700,14.99,15.44,15.28,-4.1667,-6.9322,-5.9932,-2.5345,-2.7227,1.3561
GEX,2020-10-19,14.4,14.43,13.78,13.81,11274060,14.81,15.32,15.28,-6.7495,-9.8712,-9.6269,-5.8314,-6.2071,1.9392
GEX,2020-10-20,13.74,13.74,13.19,13.58,10075750,14.61,15.18,15.27,-7.0448,-10.5577,-11.0757,2.3135,2.3337,2.0535
GEX,2020-10-21,13.81,14.01,13.78,13.97,8699270,14.47,15.06,15.27,-3.453,-7.2052,-8.5116,2.3015,2.8273,2.1353
GEX,2020-10-22,14.01,14.11,13.58,14.11,6477700,14.4,14.96,15.29,-2.0324,-5.7247,-7.7181,3.0264,2.8798,2.2285
GEX,2020-10-23,14.14,14.17,13.81,13.97,8677650,14.3,14.87,15.29,-2.2539,-6.0254,-8.6257,-0.4171,-0.3611,2.242
GEX,2020-10-26,14.01,14.01,13.48,13.48,7395320,14.16,14.77,15.29,-4.784,-8.7165,-11.8166,-2.3437,-2.3832,2.3387
GEX,2020-10-27,13.38,13.38,13.12,13.15,8071800,13.97,14.65,15.27,-5.8824,-10.2233,-13.8785,-2.2543,-2.4959,2.3345
GEX,2020-10-28,12.99,13.02,12.46,12.49,12154400,13.76,14.5,15.24,-9.1995,-13.8127,-17.9939,-3.6893,-3.741,2.5098
GEX,2020-10-29,12.49,12.76,12.03,12.72,10796060,13.57,14.34,15.21,-6.2045,-11.269,-16.3134,5.1195,4.9224,2.9831
GEX,2020-10-30,12.72,12.79,12.03,12.49,8208260,13.38,14.19,15.18,-6.611,-11.9249,-17.6741,1.2745,1.0838,2.8571
GEX,2020-11-02,12.53,12.63,12.23,12.53,5662090,13.25,14.03,15.15,-5.4591,-10.7101,-17.3034,1.7953,1.7879,2.4535
GEX,2020-11-03,12.49,12.69,12.4,12.63,6954480,13.16,13.88,15.12,-4.024,-9.0479,-16.5036,2.9051,2.753,2.5127
GEX,2020-11-04,12.63,13.48,12.53,13.48,15437360,13.11,13.79,15.1,2.86,-2.2413,-10.7182,9.8212,11.4826,3.2646
GEX,2020-11-05,13.48,13.74,13.09,13.12,11543790,13.01,13.7,15.07,0.8595,-4.2591,-12.9391,-5.6637,-6.019,3.5284
GEX,2020-11-06,13.09,13.22,12.76,12.99,8998330,12.91,13.6,15.04,0.6113,-4.5202,-13.6234,0.0,0.0,3.4867
GEX,2020-11-09,12.99,13.22,12.86,13.12,9673420,12.87,13.52,15.01,1.9157,-2.9315,-12.5882,2.2326,2.1183,3.4756
GEX,2020-11-10,13.22,13.32,12.92,12.92,8253160,12.85,13.41,14.98,0.563,-3.6528,-13.7098,-3.1766,-3.0492,3.5678
GEX,2020-11-11,12.92,13.02,12.76,12.82,7578760,12.88,13.32,14.92,-0.4594,-3.7393,-14.059,-2.107,-1.9062,3.4096
GEX,2020-11-12,12.82,12.89,12.76,12.89,5135700,12.9,13.23,14.85,-0.0764,-2.5966,-13.186,2.6785,2.8989,3.1655
GEX,2020-11-13,12.95,13.35,12.89,13.15,12312710,12.96,13.17,14.77,1.4456,-0.1498,-10.9806,0.8819,0.9297,3.1262
GEX,2020-11-16,13.19,13.42,12.99,12.99,9962450,13.01,13.13,14.69,-0.1769,-1.0893,-11.6054,-3.5547,-3.4814,3.3021
GEX,2020-11-17,13.05,13.12,12.95,13.09,7425690,13.06,13.11,14.61,0.2266,-0.1505,-10.4531,1.4972,1.5905,3.1613
GEX,2020-11-18,13.12,13.74,12.99,13.68,15541890,13.08,13.09,14.54,4.6015,4.4833,-5.9589,5.1934,5.2292,2.6986
GEX,2020-11-19,13.71,13.97,13.55,13.55,9903000,13.12,13.06,14.48,3.2581,3.6999,-6.4147,-4.6054,-4.0093,2.5927
GEX,2020-11-20,13.51,14.3,13.51,14.27,15309010,13.25,13.08,14.43,7.719,9.1138,-1.0984,5.6799,6.1791,3.1607
GEX,2020-11-23,14.24,14.37,14.01,14.14,8587900,13.35,13.11,14.38,5.9113,7.837,-1.6693,-1.0086,-1.0741,3.0383
GEX,2020-11-24,14.14,14.24,13.81,13.94,11343550,13.45,13.15,14.32,3.6421,6.0133,-2.6719,-2.4536,-2.2993,2.966
GEX,2020-11-25,14.01,14.01,13.74,13.74,7471980,13.54,13.21,14.27,1.481,4.0189,-3.6866,-2.7907,-2.791,3.0344
GEX,2020-11-26,13.74,13.78,13.55,13.68,4440470,13.62,13.26,14.22,0.4104,3.1491,-3.8283,0.3024,0.3059,2.7968
GEX,2020-11-27,13.81,13.88,13.68,13.78,4863080,13.68,13.32,14.18,0.6728,3.393,-2.8518,0.0,0.0,2.7086
GEX,2020-11-30,13.94,13.94,13.45,13.45,6438770,13.73,13.37,14.13,-2.0594,0.5779,-4.8085,-2.3311,-2.2576,2.5862
GEX,2020-12-01,13.25,13.45,13.12,13.32,8694430,13.75,13.41,14.07,-3.1796,-0.6623,-5.3296,0.4411,0.4542,2.4806
GEX,2020-12-02,13.42,13.71,13.35,13.58,5641230,13.74,13.41,14.01,-1.1962,1.2627,-3.0653,0.641,0.6804,2.0254
GEX,2020-12-03,13.61,13.88,13.61,13.78,5312870,13.77,13.44,13.96,0.0717,2.4826,-1.3375,0.504,0.5908,1.6152
GEX,2020-12-04,13.68,13.78,13.58,13.61,5250520,13.7,13.47,13.92,-0.6479,1.0249,-2.2062,-1.3648,-1.4349,1.1837
GEX,2020-12-07,13.68,13.97,13.51,13.71,7783790,13.66,13.5,13.88,0.3852,1.534,-1.241,-0.4301,-0.461,1.1259
GEX,2020-12-08,13.71,14.01,13.61,13.81,8800270,13.65,13.55,13.85,1.2048,1.9294,-0.2849,-0.0,-0.0,0.8805
GEX,2020-12-09,13.88,14.07,13.81,13.84,7204860,13.66,13.6,13.82,1.3725,1.7892,0.1999,-1.8386,-2.0587,0.7853
GEX,2020-12-10,13.84,13.88,13.45,13.45,7341520,13.63,13.63,13.77,-1.3507,-1.315,-2.3167,-1.9683,-2.1134,0.9519
GEX,2020-12-11,13.48,13.68,13.32,13.68,5714950,13.62,13.65,13.73,0.4104,0.1806,-0.3688,2.0334,1.8531,1.1552
GEX,2020-12-14,13.74,13.78,13.61,13.65,6564760,13.64,13.69,13.69,0.0241,-0.3003,-0.317,-1.4097,-1.217,1.0631
GEX,2020-12-15,13.65,13.97,13.51,13.74,9207440,13.68,13.72,13.65,0.4325,0.1798,0.6744,0.0001,0.0001,1.019
GEX,2020-12-16,13.94,14.11,13.81,13.94,10529400,13.72,13.73,13.62,1.6055,1.5204,2.3265,-0.4041,-0.4427,0.9953
GEX,2020-12-17,13.94,14.04,13.61,13.61,7449510,13.7,13.74,13.6,-0.6718,-0.8976,0.0967,-2.365,-2.2464,1.1814
GEX,2020-12-18,13.65,13.78,13.58,13.68,6823580,13.71,13.71,13.57,-0.2398,-0.2039,0.7752,0.0001,0.0001,1.0449
GEX,2020-12-21,13.68,13.71,13.55,13.65,8083480,13.7,13.68,13.55,-0.4318,-0.2643,0.7135,0.4708,0.5078,1.049
GEX,2020-12-22,13.68,14.6,13.58,14.53,14694680,13.78,13.71,13.54,5.4893,5.9952,7.3389,3.2767,3.8406,1.3767
GEX,2020-12-23,14.8,15.52,14.6,15.52,24190880,13.94,13.8,13.56,11.2945,12.4613,14.4742,5.6727,7.4629,1.7601
GEX,2020-12-24,15.55,15.72,14.47,15.45,13419170,14.15,13.89,13.57,9.2515,11.2689,13.8565,3.1922,4.3843,1.8825
GEX,2020-12-25,15.32,15.42,15.03,15.19,10648240,14.3,13.96,13.59,6.2557,8.8211,11.7832,-0.4352,-0.5065,1.7226
GEX,2020-12-28,15.39,15.65,14.93,15.16,10181950,14.45,14.04,13.62,4.9158,7.9246,11.3204,-1.1626,-1.359,1.6979
GEX,2020-12-29,15.16,15.39,15.03,15.22,9194050,14.6,14.14,13.65,4.3027,7.6619,11.534,0.3035,0.3015,1.7283
GEX,2020-12-30,15.26,15.32,14.83,14.83,9559510,14.68,14.2,13.67,0.9852,4.4102,8.5074,-2.8775,-3.2027,1.9756
GEX,2020-12-31,14.8,15.06,14.76,14.8,6510070,14.8,14.25,13.68,-0.0444,3.8062,8.1575,-2.0749,-1.9953,1.9466
GEX,2021-01-04,14.93,15.32,14.8,15.06,8319800,14.94,14.33,13.7,0.7922,5.1182,9.9059,0.0,0.0,1.9466
GEX,2021-01-05,14.99,15.65,14.93,15.45,9273300,15.12,14.41,13.74,2.1961,7.2202,12.4617,1.3939,1.5494,2.0389
GEX,2021-01-06,15.72,15.72,15.06,15.29,8392900,15.2,14.49,13.78,0.6058,5.5379,10.9203,-0.8477,-0.8333,1.796
GEX,2021-01-07,15.32,15.62,15.03,15.36,7352200,15.18,14.56,13.84,1.1479,5.4414,10.9369,0.1735,0.1926,1.2461
GEX,2021-01-08,15.32,15.59,15.12,15.39,11064800,15.17,14.66,13.89,1.4084,4.968,10.7482,0.4896,0.5392,0.9758
GEX,2021-01-11,15.55,16.34,15.52,16.31,16848700,15.29,14.79,13.97,6.6896,10.2589,16.7333,3.6452,3.9969,1.2968
GEX,2021-01-12,16.44,16.44,15.78,16.08,6360900,15.38,14.91,14.04,4.5542,7.8161,14.5038,-0.1981,-0.2127,1.2004
GEX,2021-01-13,16.05,16.08,15.55,15.78,11194900,15.43,15.01,14.11,2.2582,5.1133,11.8933,-0.341,-0.372,1.2041
GEX,2021-01-14,15.65,15.82,15.45,15.68,7796600,15.52,15.1,14.15,1.0593,3.8537,10.8478,0.527,0.5933,0.9691
GEX,2021-01-15,15.78,16.08,15.62,15.68,7646900,15.61,15.21,14.2,0.4845,3.1463,10.4474,-1.5499,-1.6726,0.9166
GEX,2021-01-18,15.72,16.05,15.65,15.68,10133000,15.67,15.31,14.25,0.084,2.4705,10.0295,-1.9929,-2.1275,1.1159
GEX,2021-01-19,15.68,15.68,14.6,14.6,9038800,15.59,15.35,14.28,-6.3291,-4.9148,2.2053,-1.3724,-1.5055,1.1137
GEX,2021-01-20,14.5,14.73,13.61,14.34,8159800,15.49,15.34,14.31,-7.4507,-6.5681,0.1654,0.6143,0.622,1.0904
GEX,2021-01-21,14.63,14.99,14.3,14.99,7222700,15.45,15.32,14.36,-2.9787,-2.1144,4.4434,1.6015,1.5716,1.2332
GEX,2021-01-22,14.93,15.22,14.7,14.7,6732900,15.38,15.28,14.39,-4.4668,-3.8089,2.1248,-2.152,-2.0959,1.3994
GEX,2021-01-25,14.53,15.29,14.47,14.83,5715900,15.24,15.26,14.43,-2.6759,-2.8331,2.7991,-0.1959,-0.1867,1.0545
GEX,2021-01-26,14.83,14.86,13.94,14.14,4954500,15.04,15.21,14.45,-6.0109,-7.0471,-2.1437,-0.7144,-0.7442,1.1061
GEX,2021-01-27,14.01,14.43,13.48,13.78,6119400,14.84,15.14,14.46,-7.1777,-8.9922,-4.7381,-0.4698,-0.4843,1.119
GEX,2021-01-28,12.95,13.22,12.82,12.82,7768700,14.56,15.04,14.44,-11.9042,-14.7261,-11.2264,-1.2062,-1.0992,1.1869
GEX,2021-01-29,12.0,13.32,12.0,13.15,5915200,14.3,14.96,14.44,-8.046,-12.0589,-8.9004,1.1192,0.9819,1.1438
GEX,2021-02-01,13.02,13.42,12.36,12.4,5168500,13.97,14.82,14.4,-11.2941,-16.3709,-13.9152,-1.0686,-1.0335,1.0514
GEX,2021-02-02,12.63,12.69,12.26,12.59,4380300,13.77,14.68,14.37,-8.5701,-14.2121,-12.357,0.594,0.5011,0.9736
GEX,2021-02-03,12.76,13.42,12.72,13.25,4442400,13.67,14.58,14.35,-3.0318,-9.1012,-7.6916,0.5672,0.5268,0.9689
GEX,2021-02-04,13.28,14.01,13.15,13.55,5463600,13.52,14.49,14.35,0.1945,-6.4912,-5.6042,-0.2262,-0.1924,0.8313
GEX,2021-02-05,13.55,13.84,13.48,13.78,3594600,13.43,14.41,14.35,2.5955,-4.3706,-4.0135,0.8154,0.756,0.6977
GEX,2021-02-08,13.71,13.78,12.99,13.22,4844700,13.27,14.25,14.34,-0.3718,-7.2557,-7.8362,-0.6433,-0.5739,0.7424
GEX,2021-02-09,13.22,13.42,12.89,13.32,3755900,13.19,14.11,14.34,0.9975,-5.6494,-7.1314,0.7335,0.6124,0.7443
GEX,2021-02-17,13.61,14.07,13.48,13.97,4659700,13.2,14.02,14.35,5.8267,-0.3517,-2.6346,0.7434,0.6358,0.7717
GEX,2021-02-18,14.14,14.43,13.78,14.2,5539100,13.34,13.95,14.36,6.4564,1.8267,-1.117,0.6153,0.48,0.7126
GEX,2021-02-19,14.01,14.4,13.94,14.37,4051800,13.46,13.88,14.38,6.7155,3.4932,-0.0549,1.5806,1.3888,0.7588
GEX,2021-02-22,14.4,14.63,14.14,14.27,5134800,13.65,13.81,14.39,4.5279,3.3087,-0.8318,-0.9409,-0.8513,0.746
GEX,2021-02-23,14.27,14.27,14.01,14.11,6413100,13.8,13.79,14.4,2.1915,2.3012,-2.028,-0.586,-0.5455,0.7452
GEX,2021-02-24,14.07,14.17,13.74,13.94,5347200,13.87,13.77,14.4,0.4978,1.2537,-3.1875,-0.1373,-0.1327,0.7022
GEX,2021-02-25,14.04,14.07,13.71,13.81,4153000,13.9,13.71,14.4,-0.6387,0.7315,-4.0964,-0.9359,-0.7987,0.7732
GEX,2021-02-26,13.58,13.94,13.55,13.88,4405900,13.91,13.67,14.41,-0.2364,1.5155,-3.6969,0.7763,0.704,0.7693
GEX,2021-03-01,14.01,14.83,13.97,14.83,9063500,14.07,13.67,14.43,5.3985,8.4917,2.7569,1.9855,1.9689,0.9035
GEX,2021-03-02,15.39,15.39,14.86,14.96,8888500,14.23,13.71,14.46,5.1051,9.1258,3.4796,-2.1052,-1.9232,1.0407
GEX,2021-03-03,14.99,15.19,14.86,14.96,3115600,14.33,13.77,14.48,4.3817,8.6567,3.3058,-0.4057,-0.4362,1.0069
GEX,2021-03-04,15.12,15.55,14.76,15.09,9658900,14.42,13.88,14.5,4.6512,8.7162,4.0486,-0.5001,-0.5115,0.9954
GEX,2021-03-05,15.09,15.19,14.66,15.09,5285900,14.49,13.98,14.53,4.1288,7.9619,3.8368,0.819,0.8241,0.9192
GEX,2021-03-08,15.32,15.45,15.06,15.12,8213400,14.58,14.12,14.56,3.7438,7.1512,3.8562,-1.6079,-1.7126,0.9859
GEX,2021-03-09,15.06,15.36,14.83,15.12,4920400,14.68,14.24,14.59,3.0235,6.1988,3.6456,0.1886,0.1783,0.9462
GEX,2021-03-10,15.12,15.22,14.99,15.09,4152800,14.8,14.33,14.6,2.0,5.2873,3.3411,-0.2051,-0.213,0.9529
GEX,2021-03-11,15.22,15.26,15.06,15.09,4930100,14.92,14.41,14.6,1.1236,4.7228,3.4017,-1.0021,-1.0612,0.9596
GEX,2021-03-12,15.12,15.16,14.89,14.93,5001800,15.03,14.47,14.59,-0.6782,3.1701,2.3491,-1.2267,-1.3072,1.0046
GEX,2021-03-15,15.03,15.03,14.76,14.86,5008700,15.03,14.55,14.58,-1.1373,2.1354,1.9442,-0.3847,-0.4065,0.8445
GEX,2021-03-16,14.89,14.89,14.66,14.76,4518700,15.01,14.62,14.57,-1.6645,0.9556,1.3224,-0.2372,-0.2451,0.6577
GEX,2021-03-17,14.76,14.83,14.7,14.76,4243000,14.99,14.66,14.56,-1.5351,0.6839,1.3865,-0.0,-0.0,0.6171
GEX,2021-03-18,14.93,15.42,14.83,15.32,10223600,15.02,14.72,14.57,2.0363,4.0992,5.1539,2.3742,2.2267,0.8046
GEX,2021-03-19,15.32,15.75,15.32,15.59,9262400,15.07,14.78,14.59,3.4483,5.4505,6.8434,0.6315,0.5881,0.7858
GEX,2021-03-22,15.59,15.68,15.29,15.36,4384300,15.09,14.83,14.59,1.7651,3.5132,5.2228,-1.0067,-0.9843,0.7257
GEX,2021-03-23,15.32,15.32,14.89,15.09,6880600,15.09,14.88,14.59,0.0436,1.4028,3.4716,-0.2009,-0.2023,0.7269
GEX,2021-03-24,14.86,14.99,14.47,14.66,6324100,15.04,14.92,14.57,-2.5136,-1.708,0.6273,-0.4707,-0.4467,0.7535
GEX,2021-03-25,14.8,14.8,14.34,14.47,4933600,14.98,14.95,14.56,-3.4241,-3.2436,-0.6054,-0.7841,-0.7618,0.7317
GEX,2021-03-26,14.27,14.93,13.81,14.7,6600100,14.96,14.99,14.54,-1.7366,-1.9737,1.0718,0.9255,0.964,0.7016
GEX,2021-03-29,14.86,15.32,14.7,15.32,7748600,15.0,15.02,14.52,2.1258,2.0252,5.511,2.0133,2.328,0.8644
GEX,2021-03-30,15.26,16.18,15.26,15.78,19405700,15.11,15.06,14.52,4.4841,4.8035,8.7252,0.7731,0.7845,0.918
GEX,2021-03-31,15.78,16.05,15.55,15.65,5600100,15.19,15.09,14.51,3.008,3.6924,7.8387,-0.9768,-1.1074,1.0157
GEX,2021-04-01,15.78,15.95,15.62,15.82,5473000,15.24,15.13,14.52,3.7532,4.5311,8.9517,0.2462,0.2374,0.8029
GEX,2021-04-02,15.98,15.98,15.72,15.85,5104300,15.27,15.17,14.52,3.7898,4.4873,9.1535,0.0,0.0,0.7397
GEX,2021-04-05,16.08,16.11,15.75,15.98,6153000,15.33,15.21,14.53,4.2247,5.0584,10.0145,0.5289,0.5684,0.692
GEX,2021-04-06,15.98,17.1,15.85,16.77,14904700,15.5,15.29,14.57,8.1884,9.6538,15.1034,1.9515,2.2487,0.867
GEX,2021-04-07,16.9,17.92,16.87,17.92,14686600,15.83,15.43,14.64,13.235,16.1057,22.4004,4.5766,4.7513,1.2776
GEX,2021-04-08,18.41,19.04,18.35,18.74,10628200,16.25,15.62,14.72,15.3146,20.0126,27.3629,0.5775,0.7282,1.257
GEX,2021-04-09,18.45,18.71,17.89,18.15,8558700,16.6,15.78,14.78,9.3502,15.0359,22.7649,-1.0743,-1.2524,1.2718
GEX,2021-04-12,18.08,18.74,17.89,18.58,9996300,16.92,15.96,14.86,9.7727,16.3749,25.0221,1.3714,1.6856,1.2076
GEX,2021-04-13,18.87,18.87,17.89,17.99,6519300,17.14,16.12,14.94,4.9098,11.5416,20.4156,-1.0427,-1.1136,1.2346
GEX,2021-04-14,17.69,18.41,17.56,18.31,6586900,17.41,16.3,15.03,5.1936,12.3437,21.8765,1.1525,1.2174,1.2522
GEX,2021-04-15,18.28,18.28,17.56,17.59,7085000,17.59,16.42,15.12,0.0187,7.1608,16.3246,-1.3515,-1.3924,1.3627
GEX,2021-04-16,17.43,17.82,16.44,17.03,7473900,17.71,16.49,15.2,-3.8069,3.3004,12.0533,-0.3932,-0.441,1.402
GEX,2021-04-19,17.1,17.46,16.64,17.43,5612800,17.85,16.59,15.3,-2.3761,5.0337,13.8952,1.2232,1.0985,1.4714
GEX,2021-04-20,17.43,17.53,16.83,16.83,3832900,17.86,16.68,15.39,-5.7264,0.9364,9.4204,-1.2354,-1.163,1.3998
GEX,2021-04-22,16.64,17.43,16.44,16.51,3868000,17.72,16.77,15.45,-6.83,-1.5783,6.8313,-0.5562,-0.5738,0.9978
GEX,2021-04-23,16.57,17.39,16.31,17.26,5147500,17.57,16.91,15.52,-1.7406,2.0805,11.1911,0.7841,0.7379,1.0185
GEX,2021-04-26,17.36,17.69,16.77,16.97,6770700,17.45,17.02,15.59,-2.7699,-0.338,8.8378,-0.9628,-0.8555,1.0073
GEX,2021-04-27,16.97,17.1,16.77,17.06,2536500,17.3,17.11,15.67,-1.3496,-0.269,8.9329,0.7418,0.7567,0.9444
GEX,2021-04-28,17.06,17.62,16.87,17.39,5767200,17.24,17.19,15.75,0.8965,1.1763,10.4569,0.9334,0.871,0.9334
GEX,2021-04-29,17.62,18.02,17.49,17.49,4862100,17.16,17.28,15.82,1.9548,1.208,10.5891,-1.409,-1.3421,0.9591
GEX,2021-05-04,17.1,17.39,16.97,17.36,3957200,17.13,17.36,15.88,1.3241,0.0,9.3213,0.7891,0.7299,0.9028
GEX,2021-05-05,17.49,18.02,17.26,17.56,4827100,17.19,17.45,15.94,2.1619,0.6408,10.1213,-0.3065,-0.3088,0.8942
GEX,2021-05-06,17.62,17.85,17.43,17.46,5643400,17.19,17.52,16.01,1.5685,-0.3472,9.0663,-1.3697,-1.307,0.9088
GEX,2021-05-07,17.53,17.72,16.97,17.1,4958000,17.22,17.54,16.07,-0.6876,-2.5031,6.4091,-0.8617,-0.7724,0.8714
GEX,2021-05-10,16.83,17.1,16.7,16.93,4969800,17.26,17.49,16.13,-1.8861,-3.1682,4.9949,0.1979,0.1743,0.8356
GEX,2021-05-11,16.9,17.36,16.57,17.2,6628600,17.25,17.41,16.2,-0.324,-1.2276,6.1799,0.963,0.8361,0.8535
GEX,2021-05-12,17.2,17.36,17.0,17.26,2896100,17.28,17.37,16.26,-0.1142,-0.5964,6.1421,0.2865,0.2542,0.7859
GEX,2021-05-13,17.23,17.23,16.97,16.97,4655100,17.27,17.29,16.31,-1.7704,-1.8452,4.049,-1.0597,-0.9634,0.8177
GEX,2021-05-14,17.1,17.16,16.87,16.87,3639000,17.22,17.23,16.34,-2.0432,-2.0992,3.2027,-1.0885,-0.9719,0.8332
GEX,2021-05-17,17.06,17.06,16.44,16.51,4203400,17.12,17.14,16.38,-3.5913,-3.693,0.7992,-0.8675,-0.7668,0.779
GEX,2021-05-18,16.51,16.77,16.24,16.31,4385700,17.02,17.07,16.4,-4.1546,-4.4868,-0.5534,-0.9798,-0.818,0.7981
GEX,2021-05-19,16.37,16.44,15.95,16.11,4384400,16.87,17.03,16.42,-4.5021,-5.3872,-1.8783,-0.3472,-0.298,0.8021
GEX,2021-05-20,16.18,16.31,16.05,16.05,3367100,16.73,16.96,16.44,-4.088,-5.3897,-2.3883,-0.7325,-0.6198,0.7384
GEX,2021-05-21,16.05,16.77,16.05,16.6,4098500,16.68,16.95,16.47,-0.4534,-2.0273,0.8306,0.6232,0.4862,0.7146
GEX,2021-05-24,17.1,17.39,16.83,17.23,5501500,16.71,16.98,16.51,3.109,1.4422,4.3533,0.6722,0.5867,0.762
GEX,2021-05-25,17.39,17.66,17.2,17.23,5280200,16.71,16.98,16.55,3.0887,1.4521,4.0839,-1.3194,-1.2604,0.7976
GEX,2021-05-26,17.43,17.66,17.3,17.39,5450100,16.73,17.0,16.6,3.9906,2.2914,4.7649,-0.6916,-0.6748,0.8381
GEX,2021-05-27,17.43,17.89,17.23,17.69,6015400,16.8,17.04,16.66,5.3044,3.841,6.1856,0.8015,0.7246,0.8123
GEX,2021-05-28,17.76,17.89,17.49,17.66,4459800,16.88,17.05,16.72,4.6172,3.568,5.6213,-0.1487,-0.1266,0.7183
GEX,2021-05-31,17.69,17.72,17.23,17.46,4854100,16.97,17.05,16.77,2.8671,2.4207,4.1054,-0.053,-0.0465,0.6369
GEX,2021-06-01,17.46,17.62,17.23,17.26,5778900,17.07,17.04,16.81,1.1366,1.2927,2.6915,-1.2067,-1.0425,0.6596
GEX,2021-06-02,17.26,17.26,16.9,17.16,9097000,17.17,17.02,16.84,-0.0575,0.8306,1.9133,0.8709,0.7791,0.712
GEX,2021-06-03,18.35,18.35,18.35,18.35,644000,17.4,17.07,16.9,5.433,7.5157,8.5682,-0.1148,-0.1167,0.6502
GEX,2021-06-04,19.63,19.63,19.63,19.63,2071800,17.71,17.19,16.99,10.8523,14.1595,15.5114,0.0,0.0,0.5879
GEX,2021-06-07,20.45,20.78,19.55,19.88,13939800,17.97,17.34,17.1,10.597,14.618,16.2545,-1.5418,-1.6125,0.6748
GEX,2021-06-08,19.79,20.12,18.56,18.72,4954700,18.12,17.42,17.18,3.315,7.4873,8.959,-0.5364,-0.51,0.5965
GEX,2021-06-09,18.72,19.05,18.39,18.56,7157100,18.24,17.48,17.26,1.7523,6.1461,7.5161,-0.7894,-0.8068,0.6063
GEX,2021-06-10,18.56,18.64,18.06,18.14,6660600,18.28,17.54,17.31,-0.7556,3.4392,4.7844,-1.0243,-0.9615,0.6286
GEX,2021-06-11,18.14,19.38,18.14,18.72,8733500,18.39,17.63,17.37,1.8098,6.1696,7.7527,-0.1296,-0.1143,0.6267
GEX,2021-06-14,19.05,19.05,18.56,18.64,5406700,18.51,17.74,17.43,0.7157,5.0667,6.9105,-1.0845,-1.0814,0.7299
GEX,2021-06-15,18.89,19.22,18.68,18.89,3943400,18.67,17.87,17.49,1.1653,5.6938,7.9494,-0.2122,-0.2043,0.6304
GEX,2021-06-16,18.8,18.93,18.23,18.56,4546600,18.81,17.99,17.55,-1.3374,3.1422,5.7366,-0.0601,-0.0574,0.5493
GEX,2021-06-17,18.39,18.93,18.31,18.72,3821400,18.84,18.12,17.6,-0.6565,3.2911,6.3443,0.2985,0.2922,0.5677
GEX,2021-06-18,18.8,19.55,18.8,18.97,8741700,18.78,18.24,17.65,1.0101,3.9783,7.4813,-1.2167,-1.2252,0.6894
GEX,2021-06-21,19.13,19.13,18.47,18.6,6401000,18.65,18.31,17.66,-0.2874,1.5633,5.2976,-1.1886,-1.0537,0.654
GEX,2021-06-22,18.76,18.97,18.51,18.64,6289900,18.64,18.38,17.66,-0.0221,1.3984,5.5435,-0.762,-0.7505,0.6766
GEX,2021-06-23,18.64,18.89,18.47,18.51,2698900,18.64,18.44,17.67,-0.6637,0.4193,4.7997,-0.6441,-0.6284,0.6621
GEX,2021-06-24,18.47,18.68,18.06,18.1,4730200,18.63,18.46,17.66,-2.8546,-1.9269,2.5208,-1.4063,-1.1951,0.7003
GEX,2021-06-25,18.06,18.1,17.52,17.69,8203300,18.53,18.46,17.65,-4.5394,-4.1694,0.2191,-0.9382,-0.7946,0.7811
GEX,2021-06-28,17.9,18.47,17.81,18.35,7830700,18.5,18.5,17.65,-0.8246,-0.8343,3.9528,1.288,1.1391,0.8015
GEX,2021-06-29,18.39,18.76,18.18,18.23,4506400,18.44,18.55,17.66,-1.1407,-1.7586,3.1778,-1.3114,-1.2266,0.9114
GEX,2021-06-30,18.23,18.39,18.1,18.14,3284100,18.39,18.6,17.69,-1.3674,-2.4606,2.5819,-0.6152,-0.5415,0.9669
GEX,2021-07-01,18.14,18.35,18.1,18.23,4969500,18.35,18.59,17.7,-0.6518,-1.9847,2.9551,0.0,0.0,0.9371
GEX,2021-07-02,18.43,18.8,18.23,18.8,6878100,18.33,18.55,17.74,2.5872,1.3446,5.9805,1.8019,1.7281,0.9956
GEX,2021-07-05,18.8,19.88,18.14,19.46,10724800,18.42,18.53,17.8,5.6874,5.0172,9.3347,1.2,1.0862,0.9967
GEX,2021-07-06,19.46,19.46,18.72,18.72,7333300,18.42,18.53,17.83,1.6115,1.0123,4.9931,-0.9481,-0.8751,1.0153
GEX,2021-07-07,18.56,18.97,17.9,18.97,9093800,18.47,18.55,17.87,2.7015,2.2336,6.1424,1.7692,1.4013,1.1278
GEX,2021-07-08,18.97,19.26,18.76,18.97,9922000,18.56,18.59,17.91,2.2222,2.0069,5.9168,-0.5898,-0.4796,1.0462
GEX,2021-07-09,18.93,19.17,18.14,18.72,7391600,18.66,18.59,17.93,0.3315,0.6763,4.3806,0.2386,0.2245,0.9762
GEX,2021-07-12,18.31,18.72,17.44,18.27,11143600,18.65,18.58,17.95,-2.0562,-1.6648,1.7637,0.5513,0.5646,0.9025
GEX,2021-07-13,18.35,18.39,17.57,18.1,4933800,18.64,18.54,17.97,-2.8761,-2.3468,0.7616,0.5192,0.5124,0.8233
GEX,2021-07-14,17.77,17.98,17.28,17.4,6406700,18.56,18.48,17.96,-6.2639,-5.8351,-3.1234,-1.8202,-1.6026,0.9438
GEX,2021-07-15,17.15,18.35,17.15,18.35,4382400,18.58,18.46,17.98,-1.2209,-0.6031,2.0555,1.4996,1.3461,1.0938
GEX,2021-07-16,18.35,18.56,18.02,18.1,3141500,18.51,18.42,18.0,-2.1836,-1.7128,0.5671,-0.845,-0.748,0.9981
GEX,2021-07-19,17.32,17.81,16.91,17.24,5418100,18.28,18.35,18.01,-5.7285,-6.0674,-4.2758,-0.289,-0.2754,0.907
GEX,2021-07-20,17.24,17.81,16.74,17.81,3471100,18.19,18.31,18.02,-2.0852,-2.7027,-1.1374,0.7018,0.6152,0.8824
GEX,2021-07-21,17.73,17.85,17.44,17.48,2859800,18.04,18.26,18.02,-3.1078,-4.2349,-2.992,-1.0079,-0.8621,0.8062
GEX,2021-07-22,17.48,17.85,17.4,17.65,3475400,17.91,18.23,18.04,-1.4733,-3.2112,-2.151,0.1077,0.0946,0.758
GEX,2021-07-23,17.61,18.06,17.52,17.61,2806300,17.8,18.23,18.05,-1.0887,-3.4155,-2.4595,-0.4653,-0.3983,0.7807
GEX,2021-07-26,17.32,17.9,17.32,17.77,1901800,17.75,18.2,18.08,0.1162,-2.3561,-1.6837,0.5101,0.4112,0.7766
GEX,2021-07-27,17.81,18.56,17.81,18.23,4487700,17.76,18.2,18.11,2.5998,0.1359,0.6121,0.2032,0.1702,0.745
GEX,2021-07-28,18.14,18.51,18.14,18.18,1906900,17.84,18.2,18.16,1.9182,-0.102,0.1552,-0.8571,-0.8109,0.6487
GEX,2021-07-29,18.31,18.31,18.1,18.18,2214400,17.83,18.2,18.2,2.0125,-0.0906,-0.0802,-0.155,-0.1426,0.5142
GEX,2021-07-30,18.18,18.8,18.02,18.72,5259600,17.89,18.2,18.24,4.6565,2.8779,2.6267,1.2967,1.2742,0.5594
GEX,2021-08-02,18.76,19.05,18.43,18.47,4733800,18.01,18.15,18.27,2.5641,1.795,1.1325,-1.5566,-1.3506,0.6861
GEX,2021-08-03,18.47,18.64,18.23,18.56,2513000,18.09,18.14,18.29,2.5992,2.296,1.4367,0.3904,0.3381,0.655
GEX,2021-08-04,18.56,18.64,18.35,18.56,3274100,18.19,18.12,18.32,1.9946,2.4124,1.308,0.4952,0.4316,0.6037
GEX,2021-08-05,18.47,18.89,18.47,18.72,3508700,18.3,18.11,18.34,2.2983,3.3933,2.0936,0.1732,0.1585,0.6103
GEX,2021-08-06,18.8,18.84,18.47,18.47,3862300,18.39,18.09,18.35,0.4709,2.0966,0.6547,-0.9024,-0.7583,0.654
GEX,2021-08-09,18.39,19.55,18.31,19.38,11953300,18.55,18.15,18.39,4.4909,6.7818,5.377,1.7888,1.6156,0.7819
GEX,2021-08-10,19.55,20.41,19.55,20.29,14976400,18.75,18.26,18.45,8.1794,11.1111,9.9479,2.6798,2.576,1.0295
GEX,2021-08-11,20.37,20.78,19.96,20.29,9760100,18.96,18.4,18.51,6.9798,10.2398,9.5768,-0.3457,-0.3361,0.9784
GEX,2021-08-12,19.92,20.58,19.88,19.88,6771500,19.13,18.48,18.54,3.8793,7.5533,7.1731,-1.3649,-1.2878,1.0994
GEX,2021-08-13,19.88,20.0,19.05,19.46,9019400,19.21,18.55,18.54,1.331,4.9355,4.9682,-0.2235,-0.2048,0.992
GEX,2021-08-16,19.63,20.16,19.55,19.75,7965500,19.33,18.67,18.54,2.154,5.7745,6.5391,-0.4987,-0.4677,0.8862
GEX,2021-08-17,19.83,20.04,19.55,19.59,6313700,19.44,18.76,18.56,0.7637,4.3956,5.5508,-1.2509,-1.0407,0.9723
GEX,2021-08-18,19.26,19.55,19.05,19.22,12145200,19.5,18.85,18.57,-1.4799,1.947,3.4774,-1.5224,-1.3477,1.075
GEX,2021-08-19,19.05,19.67,19.05,19.46,10392600,19.58,18.94,18.6,-0.5897,2.7651,4.661,0.8033,0.7155,1.138
GEX,2021-08-20,19.46,20.62,19.46,19.79,28580200,19.71,19.05,18.62,0.4184,3.9074,6.3123,-1.8793,-1.84,1.2357
GEX,2021-08-23,19.96,20.45,19.71,19.79,10548100,19.75,19.15,18.64,0.2088,3.3592,6.1806,-1.2277,-1.1515,1.1796
GEX,2021-08-24,19.59,20.0,18.64,18.64,11480200,19.59,19.17,18.64,-4.8421,-2.7748,0.0133,-3.0385,-3.0044,1.2155
GEX,2021-08-25,18.72,18.93,18.27,18.6,8819600,19.42,19.19,18.64,-4.2259,-3.0941,-0.2124,0.0,0.0,1.1809
GEX,2021-08-26,18.72,19.38,18.64,18.8,9259300,19.31,19.22,18.64,-2.6265,-2.1774,0.885,-1.773,-1.5749,1.2217
GEX,2021-08-27,18.8,19.63,18.76,19.63,14892700,19.33,19.27,18.65,1.5575,1.8727,5.2352,2.6258,2.4256,1.4619
GEX,2021-08-30,19.88,20.16,19.55,19.55,9478800,19.31,19.32,18.67,1.2388,1.1632,4.6866,-2.1877,-1.939,1.6308
GEX,2021-08-31,19.67,20.04,19.55,19.92,12148600,19.34,19.39,18.7,2.9851,2.7222,6.5285,1.6895,1.5778,1.6747
GEX,2021-09-01,19.79,20.49,19.75,20.0,9285000,19.42,19.46,18.73,2.9943,2.7651,6.8,-0.7701,-0.7471,1.5995
GEX,2021-09-06,20.2,21.36,20.08,21.36,19369500,19.61,19.59,18.79,8.938,9.0182,13.6713,3.3394,3.3091,1.8531
GEX,2021-09-07,21.52,21.94,20.74,20.86,14586000,19.71,19.71,18.85,5.8356,5.8467,10.664,-2.1132,-2.2671,1.8765
GEX,2021-09-08,20.86,21.32,20.58,20.86,9477200,19.82,19.79,18.9,5.2631,5.4496,10.3695,-0.6762,-0.6181,1.8213
GEX,2021-09-09,21.28,21.65,20.95,21.28,8891200,20.09,19.84,18.97,5.9331,7.2654,12.1886,-0.1558,-0.1632,1.5331
GEX,2021-09-10,21.24,21.52,20.95,20.99,6077900,20.32,19.87,19.02,3.2664,5.6236,10.3356,-1.5724,-1.4634,1.6903
GEX,2021-09-13,21.03,21.07,20.12,20.12,11580100,20.46,19.88,19.06,-1.6327,1.2028,5.5729,-2.2012,-2.1299,1.7331
GEX,2021-09-14,19.96,20.25,19.63,19.63,10390800,20.46,19.89,19.08,-4.0516,-1.3267,2.8878,-2.2271,-2.3272,1.6932
GEX,2021-09-15,19.63,20.04,19.63,19.79,4628500,20.48,19.89,19.08,-3.3622,-0.5078,3.7165,-0.2242,-0.2184,1.4969
GEX,2021-09-16,19.96,20.37,19.83,20.08,3458900,20.5,19.92,19.11,-2.0318,0.8177,5.0792,-0.085,-0.0754,1.3364
GEX,2021-09-17,20.08,20.45,19.96,20.2,4863000,20.52,19.97,19.14,-1.5273,1.1874,5.5898,-0.0,-0.0,1.2594
GEX,2021-09-20,20.29,20.7,19.79,19.79,7045500,20.36,19.98,19.15,-2.7946,-0.9594,3.3458,-1.353,-1.3191,1.0608
GEX,2021-09-21,19.46,19.96,19.38,19.67,7141600,20.24,19.98,19.17,-2.8316,-1.548,2.5983,0.0,0.0,0.8495
GEX,2021-09-22,19.79,19.96,19.67,19.88,4247000,20.14,19.98,19.2,-1.3306,-0.5365,3.5001,0.4406,0.4918,0.8259
GEX,2021-09-23,20.12,20.33,19.63,19.63,4473800,19.98,20.03,19.23,-1.7544,-2.0173,2.0496,-0.7921,-0.8744,0.8896
GEX,2021-09-24,19.71,19.79,19.38,19.46,5032200,19.83,20.07,19.27,-1.8303,-3.0502,0.9755,-0.9129,-0.9253,0.8236
GEX,2021-09-27,19.5,19.67,18.97,18.97,7581700,19.71,20.08,19.29,-3.7657,-5.5538,-1.6548,-1.2219,-1.1949,0.7257
GEX,2021-09-28,18.8,19.38,18.56,19.38,4255000,19.69,20.07,19.31,-1.5501,-3.4412,0.3501,0.9708,0.9157,0.6
GEX,2021-09-29,19.38,19.38,18.89,19.05,3102900,19.61,20.05,19.35,-2.8595,-4.9676,-1.5429,-0.3831,-0.3774,0.6159
GEX,2021-09-30,19.22,19.55,18.93,19.05,2548000,19.51,20.0,19.37,-2.3462,-4.7619,-1.6686,-0.6596,-0.5497,0.6734
GEX,2021-10-01,19.05,19.38,18.97,18.97,4494700,19.38,19.95,19.4,-2.1485,-4.9292,-2.2441,-1.1736,-1.0662,0.7908
GEX,2021-10-04,19.01,19.38,18.93,19.05,4229400,19.31,19.84,19.43,-1.3453,-3.9601,-1.9608,-0.5086,-0.4206,0.7063
GEX,2021-10-05,19.13,19.38,19.09,19.22,4140700,19.26,19.75,19.46,-0.2569,-2.7242,-1.2754,-0.166,-0.153,0.7229
GEX,2021-10-06,19.38,19.96,19.38,19.46,5113000,19.22,19.68,19.5,1.2441,-1.1208,-0.1777,-1.1022,-1.014,0.7891
GEX,2021-10-07,19.67,20.12,19.63,20.08,6808100,19.27,19.62,19.53,4.2157,2.3324,2.799,1.5136,1.4444,0.8612
GEX,2021-10-08,20.12,20.29,19.71,19.79,5826400,19.3,19.56,19.57,2.5422,1.1698,1.1549,-1.3728,-1.3171,0.9072
GEX,2021-10-11,19.96,20.16,19.79,19.92,3152200,19.4,19.55,19.6,2.6786,1.8558,1.6072,-0.2373,-0.2179,0.8088
GEX,2021-10-12,20.0,20.25,19.71,20.08,6392400,19.47,19.58,19.63,3.1561,2.5803,2.3066,0.7384,0.7002,0.7855
GEX,2021-10-13,20.04,20.25,19.83,19.88,2706000,19.55,19.58,19.66,1.6663,1.5058,1.1118,-0.6761,-0.5868,0.8148
GEX,2021-10-14,19.96,20.16,19.88,19.92,5545700,19.64,19.57,19.68,1.428,1.7592,1.1815,-1.1186,-0.9898,0.8607
GEX,2021-10-15,20.08,20.37,19.88,20.2,7883000,19.76,19.57,19.72,2.2537,3.2339,2.4761,0.911,0.9037,0.8345
GEX,2021-10-18,20.37,20.49,20.04,20.16,4320000,19.87,19.59,19.75,1.4733,2.9257,2.1175,-0.4973,-0.4906,0.8333
GEX,2021-10-19,20.16,20.2,19.79,19.79,4694500,19.93,19.6,19.77,-0.6828,0.9995,0.1043,-1.5578,-1.373,0.9725
GEX,2021-10-20,19.88,20.04,19.42,19.67,5623500,19.95,19.59,19.78,-1.4056,0.421,-0.5504,-0.3953,-0.4129,0.9018
GEX,2021-10-21,19.79,19.96,19.55,19.71,5223500,19.91,19.59,19.77,-1.0147,0.6104,-0.2837,-0.2795,-0.247,0.7784
GEX,2021-10-22,19.79,20.41,19.71,20.25,8163500,19.96,19.63,19.77,1.4463,3.1404,2.4325,1.1328,1.0437,0.7544
GEX,2021-10-25,20.49,21.28,20.29,20.86,14215900,20.05,19.72,19.79,4.051,5.7803,5.4562,0.4196,0.396,0.7726
GEX,2021-10-26,20.91,20.95,20.58,20.78,5301500,20.12,19.79,19.81,3.2787,4.989,4.8995,0.135,0.1316,0.7123
GEX,2021-10-27,20.86,21.07,20.66,21.07,7983200,20.24,19.9,19.84,4.0945,5.9067,6.2149,1.6258,1.3555,0.8073
GEX,2021-10-28,21.19,21.77,21.15,21.69,10799800,20.42,20.03,19.88,6.2197,8.2973,9.1015,1.9122,1.7978,0.8866
GEX,2021-10-29,21.81,23.17,21.77,23.05,18226900,20.7,20.23,19.96,11.3324,13.9305,15.5006,3.0752,3.1597,1.103
GEX,2021-11-01,23.09,23.83,23.05,23.34,13840700,21.02,20.45,20.03,11.0239,14.1474,16.4945,-0.6141,-0.6305,1.1147
GEX,2021-11-02,23.3,24.58,23.26,24.37,14426600,21.48,20.7,20.13,13.4575,17.7056,21.0867,1.797,2.0311,1.1386
GEX,2021-11-03,24.66,24.82,23.5,23.83,18684800,21.9,20.92,20.21,8.8512,13.9141,17.9495,-0.89,-1.0222,1.1881
GEX,2021-11-04,23.92,25.48,23.71,25.48,19024800,22.47,21.19,20.34,13.3945,20.2452,25.2635,4.2126,4.7119,1.5814
GEX,2021-11-05,26.39,26.97,25.98,26.55,14883500,23.1,21.53,20.5,14.9384,23.3362,29.5201,0.5909,0.7216,1.5272
GEX,2021-11-08,26.88,28.41,26.8,28.41,17222400,23.86,21.96,20.69,19.0806,29.4018,37.2838,3.8546,4.8269,1.8707
GEX,2021-11-09,30.27,30.27,28.37,29.19,24205800,24.7,22.41,20.89,18.197,30.2668,39.7773,-0.605,-0.8215,1.9177
GEX,2021-11-10,29.19,31.21,28.74,31.21,18569200,25.71,22.98,21.12,21.3919,35.8457,47.7996,3.7009,4.6872,2.1253
GEX,2021-11-11,32.0,32.91,31.34,31.59,17171300,26.7,23.56,21.35,18.2829,34.0567,47.9221,-2.1676,-3.1303,2.1508
GEX,2021-11-12,31.59,33.4,30.51,33.4,19096700,27.74,24.22,21.62,20.4103,37.8958,54.4799,3.535,5.4312,2.1968
GEX,2021-11-15,33.77,35.71,33.65,35.71,21821800,28.98,25.0,21.91,23.2389,42.8453,62.9964,4.0424,6.2531,2.5396
GEX,2021-11-16,36.12,36.37,34.64,35.46,16003000,30.08,25.78,22.2,17.8728,37.545,59.7385,-0.1592,-0.2355,2.3758
GEX,2021-11-17,35.59,37.94,34.72,37.85,17592800,31.49,26.69,22.54,20.22,41.8199,67.9412,4.0558,6.3836,2.6924
GEX,2021-11-18,38.43,40.49,37.94,40.49,16307100,32.99,27.73,22.92,22.75,46.0223,76.6378,2.4173,4.1018,2.5129
GEX,2021-11-19,41.15,42.64,37.98,42.06,23721800,34.54,28.82,23.35,21.7765,45.9332,80.1611,2.6676,4.9376,2.7206
GEX,2021-11-22,42.22,42.22,39.13,39.13,21805500,35.61,29.73,23.73,9.8888,31.6045,64.9345,-2.7231,-5.1563,2.6074
GEX,2021-11-23,36.41,37.52,36.41,36.41,21305700,36.33,30.52,24.06,0.2156,19.3163,51.323,-4.1981,-6.0272,2.9667
GEX,2021-11-24,36.7,37.94,35.46,36.7,17643700,36.88,31.3,24.4,-0.492,17.2595,50.409,-0.0,-0.0,2.5966
GEX,2021-11-25,37.11,39.26,36.29,39.26,12358200,37.65,32.18,24.78,4.2716,22.0044,58.3974,2.7737,4.6119,2.6572
GEX,2021-11-26,40.0,40.66,37.11,38.02,20674400,38.11,32.92,25.14,-0.2381,15.4737,51.2318,-1.8679,-2.9757,2.4905
GEX,2021-11-29,36.41,39.19,36.41,38.03,13971500,38.34,33.66,25.5,-0.8223,12.9754,49.0972,0.4346,0.6642,2.1297
GEX,2021-11-30,38.47,40.68,37.13,40.36,24213100,38.83,34.46,25.92,3.9451,17.1366,55.7343,3.6984,6.5585,2.4837
GEX,2021-12-01,40.45,41.71,39.46,41.22,14349300,39.17,35.33,26.34,5.2329,16.6721,56.4528,1.9311,3.424,2.2712
GEX,2021-12-02,41.35,41.53,39.55,39.55,14390100,39.07,36.03,26.74,1.2295,9.7783,47.9027,-3.437,-5.5321,2.3732
GEX,2021-12-03,39.55,39.55,36.81,36.81,27724100,38.55,36.54,27.09,-4.5051,0.7348,35.8873,-3.4421,-5.343,2.4506
GEX,2021-12-06,36.41,36.68,34.25,34.25,10686600,38.06,36.84,27.4,-10.0116,-7.0189,25.0194,-1.9885,-3.0603,2.3771
GEX,2021-12-07,33.62,34.97,31.87,34.47,16687500,37.87,37.1,27.7,-8.9581,-7.0748,24.4682,2.4336,3.6462,2.2007
GEX,2021-12-08,34.79,34.79,33.26,33.26,6539000,37.52,37.2,27.98,-11.3582,-10.5926,18.8669,-1.6805,-2.5927,2.3687
GEX,2021-12-09,33.26,35.19,33.26,35.06,9833500,37.1,37.38,28.3,-5.51,-6.1976,23.8748,2.5104,3.4872,2.3424
GEX,2021-12-10,35.24,35.51,34.2,34.79,9111000,36.78,37.44,28.62,-5.4137,-7.0918,21.5628,-0.2752,-0.4001,2.1831
GEX,2021-12-13,35.06,36.68,34.79,36.23,10533100,36.6,37.47,28.96,-1.0193,-3.3176,25.087,1.3439,2.0917,2.274
GEX,2021-12-14,36.41,38.12,35.6,37.35,19122600,36.3,37.56,29.32,2.8975,-0.5694,27.3717,1.8164,2.9594,2.0858
GEX,2021-12-15,37.53,38.25,36.09,36.54,13210800,35.83,37.5,29.67,1.9819,-2.5531,23.1779,-1.9011,-2.8777,2.0828
GEX,2021-12-16,36.72,36.95,35.78,35.96,10933700,35.47,37.27,29.98,1.3685,-3.528,19.9247,-1.4206,-2.253,1.8812
GEX,2021-12-17,36.14,37.71,35.55,36.81,17271200,35.47,37.01,30.32,3.776,-0.5366,21.3948,0.5249,0.8417,1.5895
GEX,2021-12-20,36.95,37.4,35.15,35.87,14852000,35.63,36.85,30.64,0.6559,-2.6577,17.0506,-1.1582,-1.763,1.5065
GEX,2021-12-21,36.0,36.0,34.25,34.61,16327800,35.65,36.76,30.93,-2.9126,-5.8432,11.8827,-2.0394,-2.5811,1.467
GEX,2021-12-22,34.47,34.52,32.86,33.17,15596600,35.64,36.58,31.2,-6.924,-9.3211,6.319,-1.7367,-2.3877,1.4727
GEX,2021-12-23,33.53,33.58,31.01,31.01,16123700,35.23,36.17,31.42,-11.9786,-14.2529,-1.2982,-2.6417,-3.2196,1.4858
GEX,2021-12-24,31.1,33.17,31.1,33.17,13503500,35.07,35.93,31.68,-5.421,-7.6692,4.7039,3.1461,4.7702,1.7729
GEX,2021-12-27,33.8,35.19,33.17,35.06,12225500,34.96,35.78,31.98,0.2957,-2.0101,9.6318,3.1356,4.1607,1.9521
GEX,2021-12-28,35.15,36.27,34.61,35.24,15147200,34.74,35.52,32.29,1.423,-0.7972,9.1397,-0.7515,-1.0938,1.8456
GEX,2021-12-29,34.88,35.37,33.26,33.26,10634100,34.42,35.12,32.56,-3.3564,-5.3042,2.1545,-2.6802,-3.6344,1.9235
GEX,2021-12-30,33.8,34.52,33.35,34.16,5833800,34.24,34.85,32.85,-0.2232,-1.9924,3.9924,0.5515,0.7713,1.8366
GEX,2021-12-31,34.38,36.54,34.2,36.54,25614700,34.21,34.84,33.17,6.8191,4.8829,10.1516,6.5612,9.5991,2.4402
GEX,2022-01-04,37.85,39.06,37.85,39.06,26358000,34.53,35.08,33.54,13.1216,11.3389,16.4614,5.9601,8.6538,2.9204
GEX,2022-01-05,39.55,41.62,39.01,39.06,35011300,34.97,35.31,33.9,11.6823,10.6161,15.2057,-5.3132,-7.7735,3.2478
GEX,2022-01-06,38.65,41.76,38.29,41.76,36471500,35.83,35.74,34.32,16.5329,16.848,21.6754,7.1762,11.0172,3.7917
GEX,2022-01-07,42.61,44.68,41.98,44.05,29087800,37.14,36.18,34.76,18.6154,21.7316,26.7041,3.0499,4.9993,3.8325
GEX,2022-01-10,44.68,46.66,43.15,43.15,25267600,38.13,36.6,35.17,13.1542,17.8854,22.6995,-3.208,-5.4235,3.8387
GEX,2022-01-11,43.33,45.31,42.25,44.36,31372000,39.06,37.01,35.59,13.5658,19.8688,24.6599,2.3112,3.8463,3.7563
GEX,2022-01-12,43.78,44.59,41.26,41.26,27589500,39.67,37.2,35.92,4.0227,10.9031,14.8547,-4.1138,-6.1785,4.0925
GEX,2022-01-13,41.31,41.85,38.38,38.38,16407200,40.18,37.3,36.22,-4.4636,2.9164,5.9888,-2.3263,-3.9252,4.0571
GEX,2022-01-14,35.73,39.78,35.73,39.64,42602600,40.73,37.48,36.5,-2.6598,5.7681,8.6145,11.1024,16.137,5.1122
GEX,2022-01-17,40.0,40.27,36.9,36.9,20171700,40.76,37.49,36.71,-9.4718,-1.5588,0.5326,-2.5615,-3.9346,4.7123
GEX,2022-01-18,34.43,35.78,34.34,34.34,22936100,40.29,37.41,36.82,-14.7702,-8.2062,-6.7483,-5.5008,-8.189,4.6663
GEX,2022-01-19,33.26,34.88,32.45,33.35,17710800,39.72,37.35,36.91,-16.0349,-10.6992,-9.6376,-1.283,-1.9052,4.2633
GEX,2022-01-20,34.16,35.64,33.71,35.6,17691800,39.1,37.47,37.0,-8.9655,-4.9904,-3.7771,3.7888,5.1984,3.9246
GEX,2022-01-21,35.96,36.23,34.38,34.47,16300300,38.15,37.64,37.05,-9.6265,-8.4124,-6.9597,-4.1769,-5.798,4.0373
GEX,2022-01-24,33.8,34.43,32.09,32.09,20880000,37.04,37.59,37.03,-13.36,-14.6188,-13.3277,-3.6213,-4.9195,4.0786
GEX,2022-01-25,30.02,32.54,30.02,32.54,19351500,35.86,37.46,36.96,-9.2504,-13.1322,-11.9631,3.9243,5.1312,4.2399
GEX,2022-01-26,32.77,33.17,30.65,31.46,12453600,34.88,37.27,36.88,-9.7938,-15.5864,-14.6969,-1.1097,-1.56,3.9395
GEX,2022-01-27,31.46,32.18,31.01,31.69,7154000,34.21,37.19,36.76,-7.3709,-14.8036,-13.7994,0.4635,0.6299,3.7532
GEX,2022-01-28,31.96,32.18,30.2,31.82,8562600,33.43,37.08,36.59,-4.8003,-14.1714,-13.0224,1.4136,1.948,2.7843
GEX,2022-02-07,32.63,34.02,32.45,33.31,10315500,33.07,36.92,36.41,0.7204,-9.7772,-8.5306,0.2937,0.4043,2.5576
GEX,2022-02-08,33.35,34.11,32.86,33.31,8217500,32.96,36.63,36.3,1.0363,-9.0686,-8.237,-0.7568,-1.0218,2.0832
GEX,2022-02-09,33.31,35.28,33.08,34.7,11847700,33.1,36.41,36.26,4.8343,-4.6972,-4.3079,1.3812,1.8736,2.093
GEX,2022-02-10,34.83,35.01,33.76,33.89,9458800,32.93,36.02,36.21,2.9211,-5.9029,-6.394,-3.376,-4.2695,2.0517
GEX,2022-02-11,33.94,34.38,33.53,33.62,7180700,32.84,35.49,36.09,2.3676,-5.2805,-6.8489,-2.0355,-2.5913,1.8376
GEX,2022-02-14,32.81,33.26,31.91,31.91,15026000,32.82,34.93,35.97,-2.7797,-8.6464,-11.281,-2.8556,-3.7578,1.761
GEX,2022-02-15,32.59,33.26,31.91,33.22,9072400,32.89,34.38,35.87,0.9839,-3.3734,-7.4097,3.249,4.1242,1.6935
GEX,2022-02-16,33.71,35.33,33.62,35.06,19376100,33.25,34.07,35.77,5.4339,2.9159,-1.983,4.4096,6.2875,2.0235
GEX,2022-02-17,35.06,36.36,34.61,36.23,19486900,33.71,33.96,35.67,7.481,6.6843,1.5676,6.3619,8.019,2.6133
GEX,2022-02-18,35.51,37.08,35.37,36.18,17029800,34.14,33.78,35.6,5.9768,7.0977,1.6337,-0.2741,-0.3941,2.4993
GEX,2022-02-21,36.41,37.26,35.82,36.23,15534100,34.43,33.75,35.59,5.2082,7.3379,1.7934,-1.945,-2.949,2.6645
GEX,2022-02-22,35.15,35.87,34.16,35.28,21189900,34.63,33.8,35.61,1.8819,4.3952,-0.9164,1.6532,2.243,2.7541
GEX,2022-02-23,35.96,36.27,35.06,35.37,10566000,34.7,33.9,35.63,1.943,4.349,-0.7141,-1.4788,-2.0408,2.7639
GEX,2022-02-24,35.06,36.32,33.26,35.37,20835800,34.85,33.89,35.67,1.5091,4.3836,-0.8317,1.873,2.688,2.6136
GEX,2022-02-25,35.78,37.71,35.69,36.95,27912400,35.18,34.01,35.71,5.0211,8.6296,3.4691,1.7413,2.5161,2.5841
GEX,2022-02-28,36.95,37.71,36.59,36.95,14320700,35.68,34.25,35.75,3.5395,7.8599,3.3442,-1.3087,-1.8825,2.4295
GEX,2022-03-01,37.67,37.67,36.95,36.95,13224800,36.06,34.47,35.77,2.4682,7.1708,3.3027,-3.0046,-4.4495,2.405
GEX,2022-03-02,36.63,37.13,35.55,35.96,22831700,36.15,34.7,35.74,-0.5223,3.6269,0.6163,-1.9797,-2.9994,2.162
GEX,2022-03-03,36.27,37.31,36.0,37.22,14224000,36.25,34.98,35.75,2.6786,6.4062,4.0986,2.2367,3.2272,1.7495
GEX,2022-03-04,37.49,38.56,37.4,37.44,14549100,36.37,35.26,35.78,2.9412,6.1958,4.6404,-3.2214,-4.613,2.0442
GEX,2022-03-07,37.04,37.76,36.59,36.99,13032000,36.45,35.44,35.78,1.4922,4.3754,3.3738,-1.0308,-1.4131,1.9528
GEX,2022-03-08,37.04,37.76,35.06,35.06,23652700,36.43,35.53,35.77,-3.7512,-1.322,-1.983,-3.6707,-4.9347,2.1546
GEX,2022-03-09,35.51,35.96,33.98,35.96,21111600,36.48,35.59,35.79,-1.4414,1.0292,0.4545,4.9614,6.6075,2.5028
GEX,2022-03-10,36.23,36.59,35.51,35.51,9049900,36.5,35.67,35.84,-2.7094,-0.4599,-0.9305,-2.3962,-3.3258,2.5551
GEX,2022-03-11,35.42,35.46,33.71,34.11,14879100,36.21,35.7,35.9,-5.7962,-4.4321,-4.9825,-1.8878,-2.5889,2.5698
GEX,2022-03-14,33.76,34.43,32.86,33.08,14716800,35.83,35.76,35.9,-7.6653,-7.4796,-7.8572,-2.0978,-2.7596,2.6487
GEX,2022-03-15,33.26,34.29,32.9,34.02,10774500,35.54,35.8,35.88,-4.2499,-4.9473,-5.1735,1.9502,2.5583,2.5433
GEX,2022-03-16,34.25,34.92,34.02,34.43,8235100,35.38,35.76,35.87,-2.6931,-3.7326,-4.0028,-0.294,-0.4127,2.3747
GEX,2022-03-17,34.61,34.88,34.16,34.25,7161600,35.09,35.67,35.88,-2.3828,-3.9698,-4.5567,-1.4991,-2.126,2.3009
GEX,2022-03-18,34.29,34.83,34.07,34.61,9238600,34.8,35.59,35.89,-0.5553,-2.7471,-3.5789,1.1681,1.4532,2.0956
GEX,2022-03-21,34.61,35.46,34.52,35.28,10108300,34.63,35.54,35.87,1.8819,-0.7209,-1.6315,1.7234,2.1587,2.1649
GEX,2022-03-22,35.51,35.69,35.15,35.28,10052800,34.65,35.54,35.79,1.8158,-0.7209,-1.424,-1.0731,-1.4723,1.9051
GEX,2022-03-23,35.15,37.13,35.1,36.05,24563200,34.66,35.57,35.73,3.9938,1.333,0.8805,-0.3994,-0.5543,1.4489
GEX,2022-03-24,35.96,36.63,35.78,35.87,12503700,34.7,35.6,35.62,3.3679,0.7576,0.7093,-2.4231,-3.1466,1.4516
GEX,2022-03-25,36.0,36.14,35.51,35.51,10838200,34.84,35.53,35.44,1.9223,-0.0506,0.1801,-2.6275,-3.5829,1.5256
GEX,2022-03-28,34.92,35.55,33.98,34.61,16288800,34.99,35.41,35.27,-1.0918,-2.2595,-1.8833,-0.6444,-0.8326,1.3802
GEX,2022-03-29,34.7,35.51,34.7,35.15,8330900,35.1,35.32,35.09,0.1281,-0.4836,0.1691,0.2924,0.3797,1.2145
GEX,2022-03-30,34.88,35.55,33.76,34.29,13739000,35.09,35.24,34.95,-2.2672,-2.6724,-1.8751,-1.1558,-1.5804,1.3006
GEX,2022-03-31,34.52,35.82,34.34,34.83,12893200,35.15,35.12,34.88,-0.8951,-0.8063,-0.1289,-1.1708,-1.5731,1.2678
GEX,2022-04-01,35.06,35.46,34.88,35.33,8767200,35.22,35.01,34.79,0.3063,0.9051,1.5399,1.0972,1.461,1.2607
GEX,2022-04-04,35.78,37.13,35.37,36.72,29702400,35.36,35.0,34.79,3.8383,4.9252,5.5555,3.4505,4.6514,1.4334
GEX,2022-04-05,36.59,37.26,35.96,35.96,13993600,35.43,35.04,34.82,1.4842,2.6101,3.2631,-4.1036,-5.4726,1.7365
GEX,2022-04-06,33.62,35.28,33.44,33.62,47665300,35.19,34.93,34.83,-4.4578,-3.7385,-3.4639,-7.9994,-10.0751,2.4965
GEX,2022-04-07,33.98,34.43,32.0,32.9,26794400,34.89,34.8,34.77,-5.7066,-5.4447,-5.3824,-1.4446,-1.8197,2.3986
GEX,2022-04-08,32.45,33.17,30.61,30.61,30354100,34.4,34.62,34.7,-11.0269,-11.5871,-11.7784,-5.7781,-7.4224,2.7137
GEX,2022-04-12,31.42,31.91,30.43,30.43,14124600,33.98,34.49,34.66,-10.4616,-11.7685,-12.2125,-2.6775,-3.4301,2.917
GEX,2022-04-13,31.01,32.54,30.11,32.54,14256500,33.72,34.41,34.66,-3.5052,-5.4398,-6.1179,3.4198,4.2023,3.2297
GEX,2022-04-14,32.81,33.08,32.14,32.36,10455600,33.53,34.31,34.68,-3.4852,-5.6789,-6.685,-1.8201,-2.1733,3.2961
GEX,2022-04-15,32.36,32.36,30.16,30.52,19012000,33.1,34.12,34.66,-7.7947,-10.5637,-11.9394,-3.2822,-3.9216,3.5073
GEX,2022-04-18,29.75,30.38,28.41,28.59,20416700,32.42,33.82,34.59,-11.8381,-15.4817,-17.3618,-2.9042,-3.6771,3.688
GEX,2022-04-19,28.86,30.02,26.61,26.74,17439300,31.43,33.4,34.46,-14.9028,-19.9193,-22.3947,-3.2735,-3.8512,3.6703
GEX,2022-04-20,26.16,27.37,24.9,24.9,23643600,30.32,32.88,34.29,-17.8773,-24.26,-27.3881,-4.8044,-5.5173,3.7404
GEX,2022-04-21,23.64,26.34,23.64,26.07,20350700,29.57,32.38,34.12,-11.8273,-19.4836,-23.5957,3.761,4.1739,3.3165
GEX,2022-04-22,26.52,27.33,24.77,26.52,11333000,28.93,31.91,33.97,-8.3281,-16.8955,-21.9411,1.1456,1.2334,3.2866
GEX,2022-04-25,26.88,26.88,24.68,24.68,11985400,28.33,31.37,33.79,-12.9124,-21.3354,-26.9811,-2.0513,-2.4445,2.914
GEX,2022-04-26,24.18,25.17,22.97,25.17,15173200,27.81,30.9,33.66,-9.4877,-18.5336,-25.2197,2.694,3.0264,2.9156
GEX,2022-04-27,25.17,25.66,24.09,25.35,12419200,27.09,30.41,33.5,-6.4211,-16.6297,-24.3319,2.6954,2.8554,2.8432
GEX,2022-04-28,25.26,25.8,24.59,24.59,8502500,26.31,29.92,33.29,-6.5596,-17.8309,-26.1509,-3.6304,-3.8974,3.0242
GEX,2022-04-29,24.59,25.71,24.45,25.35,14066000,25.8,29.45,33.07,-1.725,-13.9129,-23.355,2.0941,2.2787,2.9054
GEX,2022-05-04,25.17,25.8,24.81,25.13,9847200,25.45,28.94,32.85,-1.2716,-13.1718,-23.5231,-1.2101,-1.3733,2.736
GEX,2022-05-05,25.4,26.38,25.08,25.62,17069200,25.34,28.38,32.64,1.1176,-9.7316,-21.5114,-1.3949,-1.4641,2.5481
GEX,2022-05-06,24.27,24.95,23.87,23.87,16471200,25.23,27.78,32.41,-5.415,-14.0777,-26.3666,-4.31,-4.685,2.4987
GEX,2022-05-09,22.65,23.1,22.2,22.2,10157200,24.85,27.21,32.15,-10.6367,-18.3876,-30.9361,-1.7823,-1.9807,2.3008
GEX,2022-05-10,20.68,22.02,20.68,21.57,22456500,24.35,26.64,31.87,-11.4064,-19.0147,-32.3124,1.602,1.5793,2.3465
GEX,2022-05-11,21.57,22.02,20.68,21.39,8121400,24.02,26.18,31.56,-10.9448,-18.2762,-32.215,0.3431,0.293,2.1756
GEX,2022-05-12,21.04,21.75,19.91,19.91,9752900,23.5,25.65,31.22,-15.264,-22.3828,-36.2259,-2.1714,-2.1587,2.1234
GEX,2022-05-13,18.97,19.87,18.52,18.52,15889100,22.82,24.95,30.85,-18.8337,-25.7858,-39.9802,-2.6475,-2.7362,2.1186
GEX,2022-05-16,19.33,19.55,17.26,17.71,18080200,22.13,24.22,30.49,-19.9675,-26.8813,-41.9153,-2.7122,-2.6139,2.0268
GEX,2022-05-17,17.35,18.92,17.26,18.92,11989400,21.48,23.64,30.12,-11.9247,-19.9544,-37.1811,2.3509,2.241,2.0524
GEX,2022-05-18,19.51,20.05,18.97,19.69,11690500,20.94,23.19,29.77,-5.9884,-15.1245,-33.8648,1.2825,1.2182,2.0597
GEX,2022-05-19,18.88,20.23,18.79,19.78,11783700,20.36,22.85,29.42,-2.8483,-13.437,-32.7854,1.9405,1.8046,2.1142
GEX,2022-05-20,20.14,20.95,19.78,20.14,13138400,19.98,22.61,29.12,0.7647,-10.9344,-30.8621,-2.1692,-2.162,1.9002
GEX,2022-05-23,20.54,20.54,18.74,18.88,10097600,19.65,22.25,28.78,-3.9341,-15.1515,-34.414,-3.3828,-3.3187,2.0602
GEX,2022-05-24,18.79,19.51,18.02,19.51,8417300,19.44,21.9,28.46,0.3236,-10.9196,-31.4658,2.2532,2.1532,2.1253
GEX,2022-05-25,19.78,20.86,19.73,20.86,15774500,19.39,21.71,28.2,7.5568,-3.9238,-26.0393,3.4314,3.5408,2.4341
GEX,2022-05-26,21.39,21.75,20.99,21.22,11808800,19.52,21.51,27.96,8.6806,-1.3687,-24.1255,-2.0345,-2.2075,2.4205
GEX,2022-05-27,21.17,21.48,20.95,21.13,8157800,19.78,21.3,27.7,6.7939,-0.8125,-23.7434,-1.2639,-1.1248,2.2821
GEX,2022-05-30,21.13,21.75,20.95,21.57,9874400,20.17,21.15,27.45,6.9757,2.0191,-21.3914,2.5856,2.5253,2.2694
GEX,2022-05-31,21.39,21.62,21.04,21.35,9621000,20.41,20.95,27.19,4.6025,1.9204,-21.472,0.2749,0.2728,2.0618
GEX,2022-06-01,21.3,21.44,20.32,21.04,11571100,20.55,20.74,26.92,2.3846,1.4084,-21.8489,1.4253,1.2652,2.0761
GEX,2022-06-02,21.22,21.22,20.0,20.14,9623100,20.58,20.47,26.61,-2.162,-1.625,-24.3371,-2.1057,-2.1008,2.0926
GEX,2022-06-03,19.87,20.45,19.51,19.87,9657100,20.55,20.27,26.3,-3.3457,-1.9847,-24.4754,-1.4141,-1.1741,2.0171
GEX,2022-06-06,19.87,20.32,19.37,19.42,8928700,20.61,20.13,25.97,-5.7797,-3.5391,-25.2388,-2.1337,-1.8816,1.8922
GEX,2022-06-07,19.33,20.68,18.92,20.54,10901100,20.71,20.08,25.67,-0.8246,2.3058,-19.9678,2.3722,2.1472,1.9041
GEX,2022-06-08,20.99,21.57,20.63,21.04,12305800,20.73,20.06,25.38,1.4744,4.8622,-17.1065,-0.5918,-0.5476,1.6202
GEX,2022-06-09,21.04,21.39,20.86,21.13,6916300,20.72,20.12,25.11,1.9523,4.9928,-15.8581,0.0001,0.0001,1.4167
GEX,2022-06-10,20.86,22.47,20.68,21.57,21404500,20.77,20.27,24.84,3.8961,6.4184,-13.1285,0.0,0.0,1.2903
GEX,2022-06-13,20.72,22.2,20.54,20.54,14976200,20.66,20.41,24.56,-0.5873,0.6165,-16.3647,-2.4712,-2.6351,1.2789
GEX,2022-06-14,20.54,21.22,20.32,20.77,8081600,20.6,20.51,24.28,0.7853,1.2603,-14.4698,0.0,0.0,1.2514
GEX,2022-06-15,20.77,21.08,19.33,19.33,13077800,20.43,20.49,23.96,-5.4114,-5.6707,-19.3306,-3.367,-3.7119,1.4456
GEX,2022-06-16,19.96,20.14,18.88,18.88,8014500,20.31,20.44,23.6,-7.0385,-7.6619,-20.0152,-2.4351,-2.3923,1.4785
GEX,2022-06-17,18.16,18.65,17.57,17.57,19771400,20.08,20.32,23.23,-12.4692,-13.4956,-24.3597,-4.1055,-3.9613,1.7476
GEX,2022-06-20,17.62,18.16,16.36,16.36,11853000,19.77,20.19,22.89,-17.2539,-18.967,-28.5209,-2.31,-2.1298,1.7653
GEX,2022-06-21,15.73,16.5,15.24,15.46,15469500,19.26,19.99,22.54,-19.7387,-22.6445,-31.403,-2.5227,-2.151,1.7803
GEX,2022-06-22,16.0,16.54,15.91,16.54,8453800,18.81,19.77,22.26,-12.0879,-16.3446,-25.6896,2.1006,1.9245,1.9312
GEX,2022-06-23,16.86,17.39,16.68,17.26,5926600,18.43,19.57,22.0,-6.3415,-11.8255,-21.5302,1.2411,1.1376,2.0553
GEX,2022-06-24,17.53,17.66,17.08,17.08,6014800,17.98,19.37,21.69,-5.0,-11.833,-21.2403,-2.7348,-2.4921,2.3288
GEX,2022-06-27,17.26,18.25,17.12,18.25,10281400,17.75,19.21,21.4,2.8108,-4.9848,-14.7417,3.5614,3.4157,2.4378
GEX,2022-06-28,18.34,19.24,18.02,18.79,9852500,17.55,19.08,21.17,7.0423,-1.5196,-11.2489,0.9754,0.9101,2.5353
GEX,2022-06-29,18.43,18.97,18.29,18.38,6118600,17.46,18.95,20.97,5.3038,-2.9656,-12.3145,-2.5845,-2.3023,2.4571
GEX,2022-06-30,18.43,18.83,17.57,17.57,10318800,17.33,18.82,20.78,1.4267,-6.6046,-15.4339,-2.6392,-2.6805,2.4775
GEX,2022-07-01,17.53,17.98,16.72,17.84,8454200,17.35,18.72,20.64,2.8231,-4.659,-13.5491,2.0215,2.0959,2.2691
GEX,2022-07-04,17.98,18.7,17.98,18.43,5891700,17.56,18.67,20.49,4.9398,-1.2762,-10.0522,0.7794,0.7673,2.1161
GEX,2022-07-05,18.43,18.56,17.75,17.89,4831300,17.8,18.53,20.32,0.4797,-3.48,-11.943,-1.0311,-0.9729,1.9669
GEX,2022-07-06,17.53,17.84,16.95,16.99,5813300,17.85,18.33,20.16,-4.8099,-7.3189,-15.7303,-1.4639,-1.3646,1.9032
GEX,2022-07-07,17.08,17.35,16.72,17.12,3818500,17.84,18.13,20.0,-3.9818,-5.5528,-14.3782,0.6644,0.5275,1.8456
GEX,2022-07-08,17.3,18.2,17.3,17.71,5326800,17.9,17.94,19.85,-1.0547,-1.2779,-10.7749,-0.2051,-0.2063,1.5926
GEX,2022-07-11,17.71,18.7,17.71,18.43,10908000,17.92,17.83,19.72,2.86,3.3396,-6.5719,2.17,2.1934,1.4534
GEX,2022-07-12,18.43,19.69,18.43,19.51,10202000,17.99,17.77,19.61,8.4458,9.7761,-0.5135,2.6723,2.812,1.6231
GEX,2022-07-13,19.69,19.78,19.18,19.18,7476700,18.07,17.76,19.49,6.1782,8.0027,-1.5636,-2.9607,-3.4023,1.6608
GEX,2022-07-14,18.95,19.78,18.91,19.78,8417700,18.29,17.81,19.37,8.1665,11.0869,2.117,2.9015,3.2494,1.687
GEX,2022-07-15,19.78,20.1,19.41,19.41,9042400,18.45,17.9,19.28,5.2504,8.4598,0.6799,-2.6542,-2.8093,1.7503
GEX,2022-07-18,19.83,19.83,19.32,19.37,5153100,18.54,18.05,19.23,4.4687,7.3014,0.7376,-1.6424,-1.8098,1.8366
GEX,2022-07-19,19.28,19.78,18.86,19.69,5408100,18.72,18.26,19.19,5.1838,7.8226,2.6138,2.2079,2.4202,1.9542
GEX,2022-07-20,19.92,20.84,19.92,20.47,11472700,19.07,18.46,19.17,7.3644,10.9113,6.7922,0.7793,0.8818,1.8858
GEX,2022-07-21,20.38,21.07,20.24,20.47,7494300,19.4,18.62,19.18,5.5121,9.9544,6.7297,-1.2798,-1.4534,1.9473
GEX,2022-07-22,20.61,21.39,20.47,20.89,9357000,19.72,18.81,19.23,5.9117,11.0431,8.6201,-0.308,-0.3507,1.9576
GEX,2022-07-25,20.89,21.35,20.56,20.61,8580100,19.94,18.93,19.29,3.3683,8.892,6.8622,-3.413,-3.8557,2.0819
GEX,2022-07-26,20.89,20.93,19.69,19.78,9658900,19.97,18.98,19.3,-0.9216,4.243,2.4773,-3.1141,-3.5209,2.1261
GEX,2022-07-27,19.51,20.43,19.28,20.24,7792300,20.07,19.07,19.32,0.848,6.1474,4.8002,2.0025,2.2824,2.0303
GEX,2022-07-28,20.89,21.12,20.56,20.56,6787800,20.15,19.22,19.33,2.0548,6.9972,6.3806,-2.121,-2.2245,1.9522
GEX,2022-07-29,20.61,21.53,20.43,21.16,12788600,20.33,19.39,19.35,4.1195,9.1666,9.3584,1.4349,1.4023,1.8303
GEX,2022-08-01,21.07,22.08,20.89,21.9,11904000,20.58,19.56,19.41,6.4163,11.9616,12.81,1.7292,1.9563,1.839
GEX,2022-08-02,21.81,22.4,21.53,21.81,11504600,20.79,19.75,19.46,4.8904,10.3857,12.0705,-1.3329,-1.5764,1.7515
GEX,2022-08-03,21.44,22.27,21.44,21.94,8982400,20.94,20.0,19.48,4.8121,9.7086,12.6537,0.4829,0.5729,1.7218
GEX,2022-08-04,22.22,22.22,21.35,21.35,11501500,21.02,20.21,19.48,1.5317,5.6042,9.5687,-3.7208,-3.772,1.9659
GEX,2022-08-05,21.21,21.85,21.02,21.67,11702500,21.1,20.41,19.49,2.6815,6.1577,11.1597,2.0601,2.2764,2.1411
GEX,2022-08-08,21.71,22.91,21.71,22.54,13157800,21.3,20.62,19.51,5.8544,9.3382,15.5291,1.5977,1.7998,1.9596
GEX,2022-08-09,22.54,22.59,22.17,22.27,7064300,21.54,20.76,19.53,3.3526,7.2814,14.0073,-1.4375,-1.6395,1.7919
GEX,2022-08-10,22.27,22.96,21.94,22.36,11289800,21.76,20.91,19.56,2.7702,6.9072,14.3235,-0.6717,-0.7766,1.6589
GEX,2022-08-11,22.59,22.68,21.62,21.71,13301300,21.87,21.01,19.59,-0.7152,3.3501,10.8513,-2.433,-2.8448,1.6901
GEX,2022-08-12,21.81,22.63,21.67,22.54,9851700,22.01,21.17,19.64,2.4248,6.4986,14.7652,2.4314,2.7108,1.7897
GEX,2022-08-15,22.77,23.19,22.68,22.68,9563900,22.09,21.33,19.71,2.6869,6.3187,15.0854,-2.8457,-3.2104,1.9014
GEX,2022-08-16,22.73,22.77,22.36,22.45,6821900,22.15,21.47,19.75,1.35,4.564,13.6979,-1.5198,-1.6216,1.9201
GEX,2022-08-17,22.4,22.86,22.17,22.45,9613400,22.2,21.57,19.77,1.1189,4.0845,13.5351,-0.5153,-0.5615,1.9233
GEX,2022-08-18,22.31,22.45,22.04,22.08,7320300,22.28,21.65,19.79,-0.8674,1.9975,11.5659,-2.1325,-2.1867,1.7645
GEX,2022-08-19,22.13,22.5,21.85,21.99,8179600,22.31,21.71,19.8,-1.423,1.3141,11.0543,-1.936,-2.0385,1.7521
GEX,2022-08-22,21.76,22.4,21.76,21.85,7778000,22.24,21.77,19.83,-1.7377,0.391,10.2113,-1.8314,-1.9816,1.7754
GEX,2022-08-23,21.67,22.59,21.67,22.59,9873700,22.27,21.91,19.86,1.4253,3.1079,13.7146,2.1877,2.5312,1.8505
GEX,2022-08-24,22.63,23.83,22.59,23.51,22266300,22.39,22.07,19.95,5.0144,6.5138,17.8504,3.9342,4.1829,2.1767
GEX,2022-08-25,23.51,24.11,23.37,23.46,7679300,22.56,22.22,20.04,3.9967,5.6119,17.0816,-1.961,-2.1911,2.1295
GEX,2022-08-26,23.55,23.6,22.82,23.0,10914500,22.61,22.31,20.15,1.7501,3.114,14.1673,-1.5234,-1.744,2.0387
GEX,2022-08-29,22.31,22.54,21.62,22.54,16812300,22.59,22.34,20.27,-0.224,0.9061,11.2016,3.2381,3.37,2.0779
GEX,2022-08-30,22.77,23.19,22.36,22.36,7582100,22.58,22.37,20.41,-0.9982,-0.0411,9.5485,-2.3966,-2.5338,2.1656
GEX,2022-08-31,22.17,22.77,22.17,22.31,6129600,22.57,22.39,20.53,-1.1415,-0.3288,8.7082,-1.3259,-1.2943,2.2467
GEX,2022-09-05,22.27,22.68,22.27,22.4,5040000,22.6,22.44,20.63,-0.8752,-0.1538,8.612,-0.5393,-0.6059,2.0873
GEX,2022-09-06,22.5,23.37,22.5,23.0,15306700,22.7,22.51,20.75,1.3171,2.2077,10.8746,0.786,0.8479,1.9723
GEX,2022-09-07,23.0,23.32,21.9,21.9,16856500,22.71,22.47,20.82,-3.5657,-2.5589,5.1825,-2.5275,-2.6741,2.042
GEX,2022-09-08,22.04,22.27,20.79,20.79,12113700,22.53,22.4,20.86,-7.6986,-7.1678,-0.313,-3.1541,-3.6134,2.1386
GEX,2022-09-09,21.07,21.58,20.33,21.58,10570000,22.34,22.36,20.92,-3.3986,-3.5079,3.1206,2.5502,2.7511,2.0002
GEX,2022-09-12,21.62,21.76,21.07,21.12,6307461,22.1,22.33,20.99,-4.4546,-5.4388,0.5814,-2.1729,-2.1769,2.0214
GEX,2022-09-13,21.21,21.3,20.75,21.25,5226300,21.93,22.27,21.06,-3.0634,-4.5455,0.9109,2.2434,2.2527,2.0934
GEX,2022-09-14,20.79,21.3,20.66,21.12,6525500,21.78,22.19,21.12,-3.0623,-4.831,0.0004,0.702,0.7656,1.8398
GEX,2022-09-15,21.35,21.53,21.16,21.16,3957800,21.66,22.12,21.18,-2.3147,-4.346,-0.0915,-1.688,-1.6134,1.7689
GEX,2022-09-16,21.16,21.25,20.33,20.33,9593800,21.47,22.02,21.25,-5.2722,-7.6473,-4.3032,-2.3069,-2.1965,1.867
GEX,2022-09-19,20.33,20.33,18.95,18.95,10441200,21.12,21.86,21.29,-10.2592,-13.2997,-10.9518,-2.1173,-2.1207,2.0248
GEX,2022-09-20,19.23,19.51,18.31,19.32,6824600,20.75,21.73,21.32,-6.8943,-11.0735,-9.3601,1.8247,1.8166,2.1287
GEX,2022-09-21,19.14,19.55,18.77,19.09,4971000,20.47,21.59,21.33,-6.7416,-11.5704,-10.4948,-0.5599,-0.5446,1.932
GEX,2022-09-22,18.82,19.6,18.68,19.51,5870200,20.34,21.44,21.33,-4.1158,-9.0031,-8.5537,1.5172,1.5136,1.7683
GEX,2022-09-23,19.37,19.83,19.32,19.32,4941300,20.12,21.23,21.33,-3.9561,-8.9727,-9.4281,-1.5218,-1.6329,1.6654
GEX,2022-09-26,18.86,18.91,17.99,17.99,13591400,19.81,20.95,21.3,-9.1754,-14.1509,-15.5398,-2.9597,-2.7356,1.7441
GEX,2022-09-27,17.99,18.36,17.94,17.94,4472200,19.47,20.7,21.27,-7.8667,-13.3237,-15.6392,-1.6225,-1.5848,1.682
GEX,2022-09-28,17.9,18.13,17.3,17.3,5702386,19.09,20.44,21.23,-9.3976,-15.363,-18.5089,-1.8625,-1.7377,1.7981
GEX,2022-09-29,17.85,17.85,16.75,16.75,5849209,18.65,20.16,21.17,-10.2121,-16.9234,-20.8902,-1.5845,-1.5483,1.7877
GEX,2022-09-30,16.65,17.48,15.64,17.48,11817094,18.37,19.92,21.11,-4.8096,-12.2199,-17.1788,2.9092,2.7552,1.8479
GEX,2022-10-03,17.21,17.3,16.29,16.29,6937286,18.1,19.61,21.02,-10.0152,-16.9501,-22.5383,-1.5598,-1.5365,1.7922
GEX,2022-10-04,16.65,16.65,15.37,15.46,7506713,17.71,19.23,20.92,-12.7273,-19.6268,-26.0954,-1.8864,-1.8953,1.7984
GEX,2022-10-05,15.96,16.29,15.64,16.19,7991460,17.42,18.95,20.83,-7.0504,-14.532,-22.2477,2.678,2.6104,2.0102
GEX,2022-10-06,16.24,16.24,15.09,15.09,8267472,16.98,18.66,20.73,-11.1352,-19.1421,-27.2211,-2.0175,-1.9549,2.0602
GEX,2022-10-07,14.63,14.72,14.08,14.08,16767035,16.46,18.29,20.61,-14.4535,-23.0189,-31.6964,-2.8164,-2.7049,2.1897
GEX,2022-10-10,13.8,14.31,13.11,13.62,12446747,16.02,17.91,20.47,-14.9914,-23.9759,-33.4802,-0.601,-0.499,1.9538
GEX,2022-10-11,13.66,13.66,12.7,12.7,8079464,15.49,17.48,20.3,-18.0523,-27.378,-37.4575,-1.6405,-1.4998,1.9556
GEX,2022-10-12,12.05,13.39,12.05,12.88,9549290,15.05,17.07,20.12,-14.4254,-24.5486,-35.9824,0.701,0.6028,1.8394
GEX,2022-10-13,12.97,13.2,12.61,12.93,7342527,14.67,16.66,19.94,-11.8846,-22.4078,-35.1818,0.2948,0.2143,1.7105
GEX,2022-10-14,13.3,13.8,13.25,13.8,15772761,14.3,16.33,19.78,-3.506,-15.5049,-30.2293,6.527,5.374,2.0722
GEX,2022-10-17,13.8,14.17,13.43,13.94,8624191,14.07,16.08,19.63,-0.9156,-13.3295,-28.9999,1.1504,0.9561,2.0313
GEX,2022-10-18,14.26,14.58,13.76,13.8,12078319,13.9,15.81,19.48,-0.728,-12.6892,-29.135,-3.4591,-2.9973,2.1886
GEX,2022-10-19,13.85,14.12,13.39,13.43,7823228,13.63,15.52,19.29,-1.418,-13.4687,-30.3734,-3.6757,-2.9337,2.2883
GEX,2022-10-20,13.34,13.53,12.79,13.02,9640622,13.42,15.2,19.11,-2.9825,-14.3463,-31.8663,-1.8739,-1.4101,2.274
GEX,2022-10-21,13.02,13.11,12.15,12.15,12727642,13.23,14.84,18.9,-8.1739,-18.1649,-35.7539,-2.2155,-1.8318,2.2139
GEX,2022-10-24,11.96,12.24,11.32,11.32,10663941,13.0,14.51,18.7,-12.9203,-21.9914,-39.4685,-2.3125,-1.9832,2.385
GEX,2022-10-25,10.77,11.69,10.54,10.81,20215724,12.81,14.15,18.46,-15.5891,-23.6021,-41.4403,-2.7014,-2.1405,2.4911
GEX,2022-10-26,10.9,11.23,10.35,10.81,6303039,12.6,13.83,18.22,-14.2023,-21.81,-40.6775,0.1437,0.1258,2.4354
GEX,2022-10-27,11.13,11.55,10.95,11.55,12158454,12.46,13.57,18.01,-7.3459,-14.8864,-35.8713,2.4346,2.0282,2.6494
GEX,2022-10-28,11.78,12.33,11.69,11.78,16389579,12.26,13.28,17.79,-3.94,-11.3266,-33.8091,-3.2988,-2.792,2.3266
GEX,2022-10-31,11.96,12.38,11.41,12.33,12351425,12.1,13.08,17.6,1.9011,-5.7666,-29.9383,2.8882,2.5818,2.5003
GEX,2022-11-01,12.65,12.7,12.19,12.33,11211208,11.95,12.93,17.4,3.1563,-4.6264,-29.1605,-1.6719,-1.4034,2.3216
GEX,2022-11-02,12.33,12.47,11.96,11.96,10601836,11.8,12.72,17.21,1.325,-5.9334,-30.485,-4.0184,-3.0713,2.3559
GEX,2022-11-03,11.73,12.24,11.73,11.96,6088219,11.7,12.56,16.99,2.2415,-4.7619,-29.6156,-0.2846,-0.2339,2.197
GEX,2022-11-04,11.87,11.92,11.13,11.13,16915113,11.6,12.41,16.75,-4.0063,-10.3039,-33.5201,-3.7394,-3.2019,2.3494
GEX,2022-11-07,11.13,11.13,10.4,10.4,15667144,11.51,12.25,16.49,-9.6362,-15.1333,-36.9314,-3.3878,-2.932,2.4569
GEX,2022-11-08,9.89,10.86,9.89,10.77,8948862,11.5,12.15,16.24,-6.4,-11.4307,-33.7148,1.8814,1.5454,2.3749
GEX,2022-11-09,10.95,11.32,10.67,10.86,6902155,11.51,12.05,16.01,-5.6377,-9.9236,-32.1722,-1.0463,-0.8941,2.4651
GEX,2022-11-10,10.49,10.67,10.12,10.12,12675543,11.36,11.91,15.76,-10.9312,-15.0415,-35.7889,-2.3139,-2.0164,2.4531
GEX,2022-11-11,10.4,10.81,10.08,10.58,18901238,11.24,11.75,15.53,-5.8919,-9.9628,-31.8559,1.5608,1.4163,2.2793
GEX,2022-11-14,10.49,11.04,10.08,10.67,12659253,11.08,11.59,15.29,-3.6545,-7.8999,-30.2087,0.7714,0.7808,2.0676
GEX,2022-11-15,10.31,10.77,9.94,10.63,17854056,10.91,11.43,15.05,-2.5728,-7.0235,-29.3664,2.5783,2.6563,2.1582
GEX,2022-11-16,9.98,11.36,9.89,11.36,15011806,10.85,11.33,14.83,4.7497,0.3249,-23.4014,1.6853,1.6622,1.9249
GEX,2022-11-17,11.5,11.96,11.32,11.69,13579953,10.82,11.26,14.65,7.9932,3.7794,-20.2512,0.4619,0.4552,1.9426
GEX,2022-11-18,11.5,12.24,11.04,12.1,21224787,10.92,11.26,14.46,10.8302,7.4786,-16.3433,2.6758,2.985,1.8363
GEX,2022-11-21,12.24,12.47,12.01,12.24,9649903,11.1,11.3,14.29,10.2362,8.2621,-14.3373,-0.0001,-0.0001,1.4975
GEX,2022-11-22,12.15,12.88,11.59,11.64,24538207,11.19,11.34,14.09,4.0296,2.5953,-17.412,-3.8562,-3.1456,1.695
GEX,2022-11-23,11.59,12.01,11.32,11.32,10444726,11.23,11.37,13.9,0.7371,-0.4653,-18.5646,-2.6924,-2.8432,1.8596
GEX,2022-11-24,11.13,11.55,10.9,11.55,10298722,11.38,11.37,13.7,1.4961,1.5577,-15.7436,3.098,2.8541,1.938
GEX,2022-11-25,11.87,12.28,11.59,12.28,13932542,11.55,11.4,13.54,6.3745,7.7917,-9.307,2.6981,2.7683,2.0517
GEX,2022-11-28,12.51,13.11,12.42,13.11,22183283,11.79,11.43,13.43,11.1978,14.665,-2.3505,3.3929,3.2691,2.3139
GEX,2022-11-29,13.25,13.85,12.7,13.53,23101973,12.08,11.49,13.31,11.9574,17.6706,1.6106,1.2087,1.2351,2.1769
GEX,2022-11-30,13.43,13.94,13.11,13.76,16105988,12.32,11.58,13.2,11.6505,18.745,4.1739,1.732,1.652,2.1816
GEX,2022-12-01,13.99,14.4,12.88,13.07,21559311,12.46,11.64,13.08,4.8745,12.253,-0.0774,-1.9553,-1.9992,2.331
GEX,2022-12-02,12.88,13.94,12.79,13.94,15130301,12.64,11.78,12.97,10.262,18.3363,7.4926,1.6493,1.6166,2.2283
GEX,2022-12-05,14.49,14.91,14.12,14.91,21411193,12.91,12.01,12.91,15.4668,24.1617,15.4915,3.2506,3.235,2.5534
GEX,2022-12-06,14.86,15.5,14.26,14.26,22521536,13.17,12.18,12.83,8.278,17.0916,11.135,-1.857,-2.0704,2.3534
GEX,2022-12-07,14.22,14.63,13.89,14.12,12457065,13.45,12.34,12.77,4.9932,14.4242,10.6067,-0.9325,-1.1116,2.1774
GEX,2022-12-08,14.49,15.09,14.35,14.72,15486786,13.77,12.57,12.73,6.9161,17.0874,15.657,-0.0,-0.0,1.8677
GEX,2022-12-09,14.77,14.86,14.31,14.72,9564014,14.01,12.78,12.67,5.0558,15.1908,16.1609,1.1467,1.1327,1.7125
GEX,2022-12-12,14.54,15.73,14.35,14.35,23161457,14.14,12.96,12.63,1.5294,10.7168,13.6032,-3.1923,-3.6282,1.6925
GEX,2022-12-13,14.49,14.68,13.99,14.63,11301011,14.25,13.16,12.62,2.68,11.1305,15.9399,1.5843,1.65,1.73
GEX,2022-12-14,15.18,15.18,14.4,14.4,13746803,14.31,13.32,12.58,0.6108,8.1361,14.4424,-3.1281,-3.4993,1.8696
GEX,2022-12-15,14.35,14.58,14.12,14.54,10630706,14.46,13.46,12.57,0.5409,8.0157,15.6408,2.4513,2.4319,1.9192
GEX,2022-12-16,14.35,15.32,14.22,15.04,23790907,14.57,13.61,12.59,3.2523,10.5664,19.4826,2.5292,2.5215,2.0072
GEX,2022-12-19,15.0,15.23,14.17,14.17,18236251,14.5,13.7,12.6,-2.2533,3.4078,12.4416,-2.5045,-2.616,1.9326
GEX,2022-12-20,14.12,14.26,13.2,13.2,26840321,14.39,13.78,12.61,-8.2481,-4.1896,4.691,-4.4758,-4.4919,2.1945
GEX,2022-12-21,13.34,13.34,12.28,12.28,22632237,14.21,13.83,12.6,-13.5362,-11.1776,-2.512,-5.9812,-5.5652,2.6994
GEX,2022-12-22,12.42,12.56,11.59,12.47,18687536,13.98,13.88,12.59,-10.8259,-10.1459,-0.9792,6.5973,5.7932,3.3591
GEX,2022-12-23,12.47,13.02,12.28,12.74,16698640,13.78,13.9,12.57,-7.5434,-8.3085,1.3835,1.8717,1.7486,3.4316
GEX,2022-12-26,12.84,12.84,11.87,11.87,11655197,13.53,13.84,12.53,-12.3046,-14.2145,-5.2585,-2.118,-2.0977,3.3241
GEX,2022-12-27,11.5,12.1,11.04,12.05,29266672,13.28,13.76,12.49,-9.2169,-12.4185,-3.5204,6.0375,5.8527,3.7695
GEX,2022-12-28,12.05,12.33,11.73,12.1,13087981,13.05,13.68,12.47,-7.2637,-11.552,-2.9448,1.5509,1.2945,3.6117
GEX,2022-12-29,11.96,12.24,11.69,11.69,8827026,12.76,13.61,12.44,-8.4355,-14.1457,-6.0651,-3.6838,-3.1925,3.735
GEX,2022-12-30,11.78,11.82,11.41,11.41,8864485,12.4,13.48,12.43,-7.9777,-15.3872,-8.1753,-3.9619,-3.2838,3.8783
GEX,2023-01-03,11.46,12.19,11.46,12.19,12430805,12.2,13.35,12.44,-0.0754,-8.6679,-2.0188,2.596,2.3669,3.8874
GEX,2023-01-04,12.38,12.61,12.1,12.1,17018058,12.09,13.24,12.47,0.0761,-8.6171,-2.9592,-4.6923,-4.3629,3.9091
GEX,2023-01-05,12.19,12.56,12.1,12.47,18319976,12.11,13.16,12.5,2.9635,-5.2447,-0.2723,3.8695,3.2881,3.6979
GEX,2023-01-06,12.42,12.61,11.87,12.05,15931750,12.07,13.02,12.51,-0.1144,-7.4532,-3.6623,-2.0507,-1.864,3.2432
GEX,2023-01-09,12.15,12.28,11.87,11.87,8592089,11.98,12.88,12.51,-0.9217,-7.8572,-5.1471,-3.4015,-3.0186,3.3962
GEX,2023-01-10,11.87,12.15,11.5,12.1,11527057,12.0,12.77,12.51,0.8049,-5.2423,-3.2732,5.0277,4.2793,3.6872
GEX,2023-01-11,12.15,12.51,12.1,12.1,11510488,12.01,12.64,12.5,0.7663,-4.294,-3.2377,-4.1133,-3.5184,3.4948
GEX,2023-01-12,12.15,12.24,12.01,12.24,7512677,12.02,12.53,12.51,1.7987,-2.3674,-2.1771,3.3844,2.8936,3.6781
GEX,2023-01-13,12.33,12.88,12.28,12.61,26787752,12.11,12.44,12.52,4.0638,1.3501,0.6612,0.7231,0.6797,3.382
GEX,2023-01-16,12.7,12.7,12.38,12.51,9739904,12.22,12.31,12.55,2.3711,1.6442,-0.2933,-0.6645,-0.5803,3.0523
GEX,2023-01-17,12.61,12.88,12.47,12.88,14530054,12.29,12.25,12.6,4.7905,5.1841,2.2346,2.961,2.6804,3.0888
GEX,2023-01-18,13.07,13.3,12.79,13.2,14449297,12.4,12.25,12.65,6.454,7.8137,4.3864,3.0128,2.8427,2.9208
GEX,2023-01-19,13.11,13.3,12.97,13.25,12284403,12.48,12.29,12.7,6.1556,7.7643,4.3554,2.7702,2.5284,2.8109
GEX,2023-01-27,13.53,13.8,13.25,13.53,11712048,12.63,12.35,12.76,7.1038,9.538,5.9612,0.0,0.0,2.6059
GEX,2023-01-30,13.43,13.71,13.11,13.11,19220616,12.75,12.37,12.82,2.8138,6.0268,2.3119,-4.334,-4.1356,2.6991
GEX,2023-01-31,13.07,13.48,12.97,13.48,13731366,12.89,12.45,12.87,4.5681,8.2979,4.7251,2.4921,2.2465,2.4455
GEX,2023-02-01,13.57,13.66,12.56,12.65,20151452,12.95,12.48,12.91,-2.2743,1.4012,-2.0167,-1.9738,-1.8349,2.2316
GEX,2023-02-02,12.65,12.84,12.33,12.47,12775327,12.97,12.5,12.93,-3.8666,-0.2209,-3.6067,-1.8457,-1.6543,2.0777
GEX,2023-02-03,12.56,12.79,12.33,12.51,7049158,12.96,12.54,12.95,-3.4434,-0.1835,-3.3748,-0.487,-0.3648,2.0541
GEX,2023-02-06,12.51,12.74,12.38,12.7,7031579,12.98,12.6,12.96,-2.1624,0.7667,-2.0443,1.9792,1.6216,2.1856
GEX,2023-02-07,12.7,13.07,12.51,12.51,14960626,12.94,12.62,12.97,-3.3061,-0.8204,-3.5051,-3.1954,-2.9416,2.209
GEX,2023-02-08,12.61,12.84,12.38,12.56,6793391,12.88,12.64,12.99,-2.4652,-0.6369,-3.2875,-0.6009,-0.4614,1.9678
GEX,2023-02-09,12.56,12.84,12.51,12.56,5043125,12.81,12.64,13.01,-1.9396,-0.6731,-3.4722,-1.342,-1.1088,1.825
GEX,2023-02-10,12.56,12.84,12.42,12.56,10140670,12.71,12.67,13.03,-1.1943,-0.8714,-3.6221,-1.2052,-1.1232,1.9455
GEX,2023-02-13,12.47,12.51,11.69,11.78,17031227,12.58,12.67,13.02,-6.3643,-7.0105,-9.5534,-3.3237,-3.2019,1.8445
GEX,2023-02-14,11.78,11.87,11.41,11.5,9091614,12.38,12.64,12.99,-7.0977,-8.9751,-11.4543,-3.2165,-2.756,1.9169
GEX,2023-02-15,11.55,11.87,11.5,11.78,6326833,12.29,12.62,12.95,-4.1916,-6.6715,-9.0845,1.1186,0.9442,1.8314
GEX,2023-02-16,11.87,12.05,11.78,12.01,5589224,12.25,12.61,12.92,-1.9534,-4.7619,-7.0579,1.2271,1.047,1.7696
GEX,2023-02-17,11.96,12.1,11.78,11.87,5692859,12.18,12.57,12.9,-2.568,-5.581,-7.9558,-1.0887,-0.9226,1.8297
GEX,2023-02-20,11.87,12.47,11.87,12.47,11553926,12.16,12.57,12.87,2.535,-0.8053,-3.0966,1.9125,1.7077,1.8231
GEX,2023-02-21,12.61,12.65,12.19,12.19,11607521,12.13,12.53,12.81,0.5311,-2.7344,-4.8405,-2.3093,-2.0852,1.7345
GEX,2023-02-22,11.59,11.92,11.5,11.5,21344859,12.02,12.45,12.76,-4.3245,-7.6127,-9.8384,-3.0007,-2.6569,1.9744
GEX,2023-02-23,11.5,11.59,10.77,11.5,16072717,11.92,12.36,12.7,-3.4749,-6.9594,-9.4662,2.4225,2.0717,2.0825
GEX,2023-02-24,11.5,11.5,11.04,11.04,6611395,11.76,12.24,12.63,-6.14,-9.7744,-12.581,-2.1235,-1.8963,2.1743
GEX,2023-02-27,10.86,11.13,10.58,10.58,8083347,11.64,12.11,12.55,-9.1268,-12.6305,-15.6706,-2.2141,-1.8442,2.0634
GEX,2023-02-28,10.77,10.95,10.58,10.58,4030538,11.55,11.97,12.47,-8.403,-11.5724,-15.1604,-1.7754,-1.7205,1.9192
GEX,2023-03-01,10.58,10.81,10.35,10.81,6258477,11.46,11.87,12.4,-5.6225,-8.95,-12.7821,1.4593,1.203,1.9533
GEX,2023-03-02,10.86,11.0,10.77,10.81,3045237,11.34,11.79,12.32,-4.6266,-8.3106,-12.2742,-0.9906,-0.8211,1.9297
GEX,2023-03-03,10.86,10.95,10.58,10.58,3684859,11.21,11.69,12.24,-5.5829,-9.52,-13.5858,-1.1326,-0.933,1.9341
GEX,2023-03-06,10.86,11.04,10.63,10.67,7896561,11.03,11.59,12.16,-3.2123,-7.9365,-12.2076,-2.3011,-1.8649,1.9729
GEX,2023-03-07,10.77,10.81,10.63,10.77,3411230,10.88,11.51,12.09,-1.0989,-6.4374,-10.9521,0.7336,0.5781,1.8153
GEX,2023-03-08,10.77,10.95,10.63,10.95,5488796,10.83,11.43,12.04,1.1045,-4.1675,-9.0909,1.257,0.979,1.641
GEX,2023-03-09,11.09,11.64,11.04,11.5,13378454,10.83,11.37,12.03,6.2022,1.1327,-4.3831,2.2012,1.8134,1.6188
GEX,2023-03-10,11.36,11.59,11.32,11.41,7189974,10.87,11.31,12.01,4.9958,0.8335,-4.9808,-0.9392,-0.7308,1.5004
GEX,2023-03-13,11.18,11.41,11.13,11.32,6646075,10.94,11.29,11.98,3.4483,0.2241,-5.5227,0.7254,0.5643,1.3515
GEX,2023-03-14,11.32,11.36,10.9,10.95,9525232,10.98,11.26,11.96,-0.2515,-2.7976,-8.4545,-2.0311,-1.7173,1.3771
GEX,2023-03-15,11.32,11.5,11.09,11.46,8661541,11.04,11.25,11.95,3.7499,1.8404,-4.1276,1.5246,1.3227,1.3836
GEX,2023-03-16,11.32,11.36,11.04,11.13,8585426,11.07,11.2,11.93,0.5401,-0.6364,-6.6718,-1.4271,-1.1969,1.4273
GEX,2023-03-17,11.41,11.41,11.09,11.36,8173373,11.15,11.18,11.92,1.8976,1.646,-4.6921,1.9412,1.357,1.5081
GEX,2023-03-20,11.32,11.32,10.9,10.9,5629649,11.17,11.1,11.91,-2.429,-1.782,-8.473,-1.3705,-1.105,1.4151
GEX,2023-03-21,11.04,11.23,10.9,11.18,4073550,11.22,11.05,11.89,-0.3282,1.1657,-5.9962,1.1457,0.8606,1.4563
GEX,2023-03-22,11.27,11.32,11.04,11.04,4793673,11.23,11.03,11.87,-1.6393,0.1252,-6.9911,-1.9765,-1.3804,1.5282
GEX,2023-03-23,10.95,11.18,10.95,11.18,3988534,11.19,11.01,11.85,-0.1233,1.5249,-5.6238,1.4983,1.1793,1.458
GEX,2023-03-24,11.27,11.41,11.18,11.32,6708452,11.18,11.03,11.83,1.1929,2.6497,-4.3397,0.5303,0.417,1.4171
GEX,2023-03-27,11.36,11.55,11.32,11.55,8956389,11.21,11.07,11.82,3.0377,4.2791,-2.3423,3.166,2.7591,1.6611
GEX,2023-03-28,11.64,11.73,11.5,11.5,9018472,11.26,11.12,11.81,2.1242,3.434,-2.6328,-2.0592,-1.8232,1.6639
GEX,2023-03-29,11.55,11.59,11.36,11.5,6167161,11.27,11.15,11.8,2.0825,3.114,-2.5341,0.594,0.4557,1.5709
GEX,2023-03-30,11.59,11.64,11.36,11.36,9111412,11.29,11.18,11.78,0.652,1.6251,-3.5609,-2.303,-2.0312,1.6585
GEX,2023-03-31,11.36,11.41,11.23,11.41,7850414,11.29,11.22,11.76,1.0183,1.6602,-2.9734,2.4972,1.8909,1.7141
GEX,2023-04-03,11.59,12.19,11.55,12.1,19253268,11.41,11.29,11.75,6.0057,7.1283,2.9677,2.5683,2.5583,1.8339
GEX,2023-04-04,12.15,12.15,11.92,12.1,8772956,11.51,11.36,11.74,5.158,6.4993,3.1049,1.1199,1.0088,1.8313
GEX,2023-04-05,12.05,12.51,12.05,12.33,12530462,11.63,11.43,11.72,5.9707,7.8688,5.2218,0.5843,0.5612,1.6921
GEX,2023-04-06,12.42,12.61,11.96,11.96,14551057,11.71,11.45,11.69,2.121,4.4386,2.3058,-1.8641,-1.7509,1.7286
GEX,2023-04-07,11.96,12.15,11.78,12.05,9379932,11.79,11.49,11.66,2.2638,4.9469,3.353,1.0989,1.045,1.7855
GEX,2023-04-10,12.19,12.47,11.96,12.05,11377542,11.84,11.52,11.64,1.8266,4.6117,3.5409,-1.1748,-1.1068,1.5864
GEX,2023-04-11,12.01,12.24,11.87,12.24,8653148,11.91,11.59,11.62,2.7424,5.6184,5.3465,1.5964,1.4842,1.5401
GEX,2023-04-12,12.33,12.65,12.24,12.38,19963516,12.0,11.63,11.61,3.1442,6.3872,6.5853,-1.8163,-1.6228,1.6623
GEX,2023-04-13,12.42,12.56,12.15,12.19,8991462,12.08,11.69,11.61,0.914,4.3307,5.0504,-1.6887,-1.5149,1.6009
GEX,2023-04-14,12.19,12.33,11.64,11.64,13577378,12.1,11.7,11.59,-3.8388,-0.5112,0.4447,-1.9897,-1.8084,1.5501
GEX,2023-04-17,11.73,11.87,11.64,11.78,4484242,12.07,11.74,11.57,-2.439,0.2938,1.7974,0.3831,0.336,1.3316
GEX,2023-04-18,11.87,12.01,11.73,12.01,5323655,12.06,11.78,11.56,-0.4576,1.8934,3.8765,1.5203,1.3803,1.3717
GEX,2023-04-19,12.1,12.1,11.73,11.78,5834639,12.01,11.82,11.54,-1.9157,-0.3697,2.0245,-1.0645,-0.9355,1.4197
GEX,2023-04-20,11.73,11.92,11.69,11.82,3096365,11.99,11.85,11.53,-1.4192,-0.2522,2.5539,0.3484,0.2984,1.2681
GEX,2023-04-21,11.78,11.92,11.59,11.69,4990029,11.96,11.87,11.51,-2.2701,-1.5695,1.5107,-0.6781,-0.5773,1.226
GEX,2023-04-24,11.59,11.78,11.55,11.59,4349884,11.91,11.87,11.51,-2.6651,-2.3634,0.7436,-0.9819,-0.8948,1.2067
GEX,2023-04-25,11.69,11.87,11.55,11.59,5080192,11.85,11.88,11.51,-2.1359,-2.4012,0.7275,-1.0299,-0.9253,1.1501
GEX,2023-04-26,11.59,11.78,11.59,11.78,4748664,11.79,11.89,11.51,-0.0781,-0.9671,2.3263,1.3524,1.1104,1.1037
GEX,2023-04-27,11.78,12.24,11.78,12.1,11216185,11.78,11.93,11.51,2.7344,1.4269,5.1075,1.8047,1.5546,1.1153
GEX,2023-04-28,12.15,12.33,12.1,12.1,5729076,11.82,11.96,11.52,2.3346,1.1344,5.0655,-1.6127,-1.3667,1.0776
GEX,2023-05-04,12.1,12.42,11.96,12.33,12578315,11.88,11.98,11.51,3.7955,2.9581,7.0886,2.1639,1.9993,1.2557
GEX,2023-05-05,12.33,12.97,12.28,12.7,21710847,11.95,12.01,11.52,6.2764,5.7673,10.1884,1.6996,1.6545,1.2736
GEX,2023-05-08,12.88,12.93,12.61,12.79,10615489,12.05,12.03,11.55,6.1474,6.3301,10.7394,0.3592,0.3711,1.2031
GEX,2023-05-09,12.88,12.88,12.61,12.79,8553392,12.15,12.07,11.57,5.3031,5.9653,10.4929,1.1054,1.1272,1.2788
GEX,2023-05-10,12.79,13.16,12.79,12.88,12575630,12.26,12.11,11.61,5.0263,6.3628,10.9351,-1.7255,-1.6803,1.3835
GEX,2023-05-11,12.97,13.53,12.74,13.3,23220353,12.44,12.17,11.67,6.9182,9.2214,13.968,2.5116,2.4668,1.5365
GEX,2023-05-12,13.3,13.43,13.16,13.43,10393235,12.62,12.23,11.72,6.4528,9.8157,14.5907,2.1759,2.1754,1.6511
GEX,2023-05-15,13.48,13.48,12.88,12.88,26018129,12.73,12.26,11.76,1.1926,5.0854,9.4948,-4.0318,-3.9171,1.919
GEX,2023-05-16,13.07,13.16,12.88,13.02,13813926,12.82,12.3,11.81,1.5429,5.8537,10.254,-0.0002,-0.0001,1.7386
GEX,2023-05-17,13.07,13.2,12.74,12.79,13890162,12.89,12.36,11.85,-0.7851,3.4997,7.9025,-1.7969,-1.756,1.757
GEX,2023-05-18,12.88,12.93,12.7,12.84,9004387,12.94,12.41,11.9,-0.8176,3.4291,7.897,0.5483,0.5262,1.5954
GEX,2023-05-19,12.84,13.07,12.79,13.02,10047913,12.97,12.46,11.94,0.3546,4.4859,9.0307,1.8863,1.6605,1.6141
GEX,2023-05-22,13.11,13.34,13.07,13.34,12577770,13.03,12.54,11.99,2.4011,6.4025,11.2817,3.3983,3.2599,1.918
GEX,2023-05-23,13.43,13.48,13.02,13.16,12784506,13.07,12.61,12.02,0.7042,4.3796,9.4444,-1.5476,-1.3634,1.9622
GEX,2023-05-24,13.25,13.3,13.02,13.02,6828982,13.08,12.67,12.05,-0.4573,2.741,8.007,-1.5411,-1.3276,1.9438
GEX,2023-05-25,13.02,13.34,12.88,13.2,8758420,13.07,12.75,12.09,1.0207,3.5353,9.1919,1.0117,0.8984,1.7938
GEX,2023-05-26,13.25,13.99,13.11,13.8,31382256,13.11,12.86,12.15,5.3001,7.2961,13.6019,6.1425,6.2956,2.1905
GEX,2023-05-29,13.99,14.4,13.89,14.22,20766740,13.24,12.98,12.2,7.3662,9.4774,16.4807,1.1814,1.2074,1.9054
GEX,2023-05-30,14.31,14.49,13.99,14.35,18102557,13.37,13.1,12.27,7.3271,9.589,16.9941,2.1198,2.0378,2.1174
GEX,2023-05-31,14.45,14.45,14.17,14.22,13890546,13.52,13.2,12.33,5.1736,7.6655,15.333,-2.2942,-2.2998,2.1671
GEX,2023-06-01,14.17,15.18,14.17,15.18,37298752,13.75,13.35,12.41,10.4048,13.7539,22.3219,7.7884,8.4454,2.8911
GEX,2023-06-02,15.55,15.83,15.32,15.73,24082877,14.02,13.5,12.5,12.2047,16.5644,25.8463,3.3371,3.5187,3.0362
GEX,2023-06-05,15.83,16.01,15.6,16.01,21993359,14.29,13.66,12.6,12.0412,17.2112,27.0444,3.6981,3.9303,3.0662
GEX,2023-06-06,15.87,16.7,15.64,16.56,18111036,14.63,13.85,12.71,13.2075,19.6013,30.312,2.3436,2.6823,3.1458
GEX,2023-06-07,16.65,17.48,16.42,17.48,20652455,15.08,14.08,12.83,15.9597,24.183,36.23,4.27,4.8286,3.4187
GEX,2023-06-08,17.62,18.49,16.47,16.47,45732843,15.4,14.24,12.93,6.9295,15.6891,27.3659,-4.355,-4.8387,3.753
GEX,2023-06-09,16.93,17.57,16.65,17.57,36816421,15.78,14.44,13.05,11.3703,21.6754,34.6398,6.5567,7.0653,3.7944
GEX,2023-06-12,18.08,18.13,17.3,17.94,19782841,16.15,14.7,13.18,11.0795,22.0848,36.1162,2.9786,2.9316,3.9741
GEX,2023-06-13,17.99,18.03,17.3,17.44,20113862,16.46,14.92,13.3,5.9251,16.8851,31.0693,-2.3918,-2.6975,4.0013
GEX,2023-06-14,17.67,17.71,17.21,17.21,20686138,16.76,15.14,13.42,2.6626,13.6605,28.2227,-2.8879,-3.2938,4.0607
GEX,2023-06-15,17.02,17.48,17.02,17.48,12035065,16.99,15.37,13.53,2.8974,13.7384,29.2429,3.487,3.7998,3.6306
GEX,2023-06-16,17.76,17.94,17.3,17.57,20973601,17.17,15.6,13.64,2.3306,12.6678,28.8799,-0.3947,-0.4472,3.3363
GEX,2023-06-19,17.67,17.67,17.02,17.07,12383626,17.28,15.78,13.73,-1.2247,8.1317,24.3048,-2.3121,-2.7887,3.1977
GEX,2023-06-20,17.07,17.67,17.07,17.67,13243859,17.39,16.01,13.84,1.5873,10.3448,27.6002,2.5759,2.8206,3.221
GEX,2023-06-21,17.76,18.86,17.71,18.68,37343661,17.51,16.29,13.98,6.6737,14.6407,33.6317,5.7602,6.2652,3.37
GEX,2023-06-22,19.09,19.09,18.54,18.95,17107201,17.76,16.58,14.12,6.7357,14.3174,34.2807,1.9241,2.2679,3.1269
GEX,2023-06-23,19.14,19.41,18.54,18.95,23966514,17.9,16.84,14.25,5.9126,12.5683,33.0148,-0.3158,-0.3369,2.5028
GEX,2023-06-26,18.91,18.91,17.67,18.82,51424911,17.98,17.07,14.38,4.6304,10.2426,30.8633,9.4203,10.0683,3.147
GEX,2023-06-27,19.0,19.0,18.22,18.31,22604666,18.07,17.27,14.5,1.3238,6.0485,26.269,-5.4533,-5.7639,3.4531
GEX,2023-06-28,18.22,18.49,17.71,17.94,18006668,18.14,17.45,14.63,-1.1156,2.8074,22.6647,-1.6186,-1.7683,3.3262
GEX,2023-06-29,18.03,18.03,17.11,17.11,15724279,18.11,17.55,14.73,-5.4878,-2.4774,16.1556,-2.1514,-2.2756,3.1926
GEX,2023-06-30,17.16,17.8,17.02,17.8,14433378,18.13,17.65,14.85,-1.8016,0.86,19.8959,4.6737,5.0352,3.6205
GEX,2023-07-03,18.03,18.03,17.71,17.8,6550034,18.2,17.74,14.97,-2.1986,0.35,18.9305,-1.0075,-1.0934,3.4901
GEX,2023-07-04,17.9,18.13,17.71,18.13,11849971,18.25,17.82,15.1,-0.6806,1.7168,20.0707,2.3071,2.4581,3.4632
GEX,2023-07-05,18.22,18.31,17.57,17.57,19325500,18.14,17.82,15.21,-3.1194,-1.4066,15.5126,-4.0762,-4.2913,3.2948
GEX,2023-07-06,17.57,17.71,16.79,17.39,22788444,17.98,17.87,15.33,-3.3001,-2.6902,13.4386,1.4093,1.4248,3.2433
GEX,2023-07-07,17.02,17.16,16.47,16.98,25282533,17.79,17.84,15.44,-4.5525,-4.8479,9.9654,2.3026,2.3009,3.442
GEX,2023-07-10,17.02,17.85,17.02,17.85,18095991,17.69,17.84,15.56,0.9103,0.0774,14.725,3.891,4.0635,2.8891
GEX,2023-07-11,18.03,18.03,17.62,17.62,14955433,17.62,17.85,15.67,-0.0,-1.2632,12.4486,-3.0493,-3.3248,2.6487
GEX,2023-07-12,17.71,17.9,17.44,17.76,10136962,17.6,17.87,15.78,0.8887,-0.6435,12.5168,1.1086,1.1362,2.5977
GEX,2023-07-13,17.9,18.63,17.76,18.59,38091102,17.75,17.93,15.91,4.7175,3.6695,16.8373,7.7654,7.9447,3.1591
GEX,2023-07-14,18.82,18.95,18.26,18.77,24355093,17.85,17.99,16.03,5.1817,4.3478,17.1,2.8566,3.0519,2.9774
GEX,2023-07-17,18.91,19.28,18.59,18.86,16352000,17.95,18.08,16.15,5.0743,4.339,16.7891,-0.8316,-0.823,2.9598
GEX,2023-07-18,18.86,19.0,18.4,18.91,12194582,18.03,18.14,16.27,4.8737,4.2354,16.1936,2.0659,2.2955,2.9357
GEX,2023-07-19,19.09,19.32,18.77,18.77,16432043,18.15,18.14,16.39,3.422,3.4483,14.5167,-2.7111,-3.3075,2.7992
GEX,2023-07-20,18.72,19.18,18.45,19.09,13356479,18.32,18.15,16.51,4.219,5.1831,15.6633,2.254,2.4205,2.8836
GEX,2023-07-21,19.37,19.97,19.32,19.64,19621884,18.59,18.19,16.63,5.6931,8.0192,18.1189,0.0,0.0,2.6534
GEX,2023-07-24,19.83,20.43,19.69,20.24,23118986,18.83,18.26,16.78,7.5269,10.8731,20.6471,2.0687,2.6221,2.4711
GEX,2023-07-25,20.52,20.56,19.87,20.24,12963731,19.09,18.35,16.92,6.0497,10.2895,19.6172,0.1832,0.22,2.1845
GEX,2023-07-26,20.24,20.98,20.01,20.89,29558848,19.4,18.5,17.08,7.6595,12.8932,22.2533,5.3261,6.073,2.6063
GEX,2023-07-27,21.44,21.44,20.56,21.02,21703140,19.64,18.7,17.25,7.0258,12.4508,21.8927,0.233,0.2845,1.853
GEX,2023-07-28,21.02,21.02,20.52,20.75,16209088,19.84,18.84,17.4,4.5676,10.1074,19.2238,-0.2618,-0.3117,1.5935
GEX,2023-07-31,21.07,21.07,20.56,20.75,11473249,20.03,18.99,17.55,3.5829,9.2538,18.2175,-0.4642,-0.5283,1.5568
GEX,2023-08-01,20.79,21.44,20.33,20.79,36229703,20.22,19.12,17.7,2.8441,8.7323,17.4575,-0.6538,-0.7539,1.4156
GEX,2023-08-02,21.02,21.3,20.79,21.12,16770576,20.45,19.3,17.87,3.2389,9.4029,18.1954,0.9842,1.1941,1.2429
GEX,2023-08-03,21.12,21.71,20.98,21.62,18788405,20.71,19.51,18.03,4.4212,10.8098,19.8979,2.7605,3.1647,1.2935
GEX,2023-08-04,22.04,22.04,21.35,21.71,21824324,20.91,19.75,18.19,3.8275,9.9464,19.3607,0.1955,0.2452,1.3131
GEX,2023-08-07,21.9,21.9,21.44,21.53,11685909,21.04,19.93,18.34,2.3174,8.0083,17.405,-1.3808,-1.6297,1.2443
GEX,2023-08-08,21.62,21.76,21.07,21.16,16673311,21.13,20.11,18.47,0.1306,5.227,14.5475,-1.6768,-2.1164,1.3937
GEX,2023-08-09,21.02,21.3,20.75,20.93,16633148,21.14,20.27,18.61,-0.9793,3.2683,12.4846,-0.9976,-1.0965,0.9608
GEX,2023-08-10,20.89,20.98,20.1,20.29,25476209,21.07,20.35,18.71,-3.6908,-0.3277,8.4284,-2.2948,-2.5402,1.167
GEX,2023-08-11,20.29,20.61,20.15,20.61,15912537,21.05,20.45,18.81,-2.0979,0.7987,9.5783,2.6944,2.7809,1.4103
GEX,2023-08-14,20.7,21.07,20.7,20.79,14614369,21.06,20.54,18.9,-1.2454,1.2205,9.9971,-1.3478,-1.5029,1.4986
GEX,2023-08-15,20.93,21.3,20.89,21.16,12976845,21.09,20.66,19.0,0.3271,2.4499,11.4017,0.8305,0.8872,1.5163
GEX,2023-08-16,21.16,21.25,21.02,21.07,9883283,21.09,20.77,19.07,-0.0873,1.4396,10.4999,-1.1803,-1.2368,1.5359
GEX,2023-08-17,21.16,22.31,21.07,21.76,42020627,21.1,20.9,19.17,3.1175,4.0933,13.4891,0.6218,0.7423,1.322
GEX,2023-08-18,21.62,21.62,20.24,20.24,28372857,20.96,20.93,19.23,-3.4028,-3.3073,5.2783,-1.8701,-2.2333,1.4895
GEX,2023-08-21,19.97,20.15,19.14,19.32,18697571,20.73,20.89,19.26,-6.8116,-7.4992,0.3488,-2.8946,-3.1623,1.6409
GEX,2023-08-22,19.6,19.69,18.08,19.69,15973491,20.59,20.86,19.3,-4.3575,-5.6125,2.0214,2.2256,2.4522,1.6958
GEX,2023-08-23,19.92,20.2,19.51,19.74,13821691,20.47,20.8,19.35,-3.5738,-5.1305,1.9923,-1.012,-1.032,1.6972
GEX,2023-08-24,19.83,20.24,19.37,20.2,16681722,20.46,20.76,19.4,-1.2818,-2.7255,4.0777,2.4106,2.6099,1.7088
GEX,2023-08-25,20.2,20.52,20.06,20.15,13638447,20.41,20.73,19.46,-1.2846,-2.807,3.5657,-1.7696,-1.795,1.6163
GEX,2023-08-28,20.52,21.21,20.2,21.12,26505894,20.44,20.75,19.54,3.2853,1.7626,8.0814,4.5194,4.7497,1.9335
GEX,2023-08-29,21.35,21.71,20.93,21.16,20902751,20.44,20.77,19.61,3.5103,1.8939,7.9305,-2.0917,-2.151,2.0596
GEX,2023-08-30,21.39,21.53,20.75,21.53,18603130,20.49,20.79,19.66,5.0741,3.5627,9.489,3.9411,4.2797,2.3357
GEX,2023-08-31,21.71,22.73,21.62,22.73,36642308,20.59,20.84,19.74,10.3911,9.0267,15.1301,7.0427,7.493,2.9777
GEX,2023-09-05,23.0,23.09,22.5,22.77,25826040,20.84,20.9,19.82,9.2715,8.9708,14.9185,-0.4551,-0.5212,2.8362
GEX,2023-09-06,22.86,23.0,22.36,23.0,29400441,21.21,20.97,19.9,8.4599,9.6852,15.5909,4.2136,4.8221,2.9681
GEX,2023-09-07,23.09,23.19,22.5,22.63,27108083,21.5,21.05,19.99,5.2632,7.5527,13.2493,-2.9382,-3.2837,3.0394
GEX,2023-09-08,22.63,23.65,22.54,23.65,37212744,21.89,21.18,20.1,8.0059,11.642,17.6417,6.7537,7.8502,3.6136
GEX,2023-09-11,23.74,23.74,22.36,22.36,29573803,22.11,21.28,20.21,1.1236,5.047,10.6558,-2.6818,-3.164,3.6407
GEX,2023-09-12,22.59,23.23,21.99,23.23,20357598,22.42,21.42,20.31,3.6323,8.4855,14.3673,2.4981,2.8393,3.7135
GEX,2023-09-13,23.51,24.2,23.0,23.83,38661561,22.69,21.57,20.43,5.0284,10.4949,16.6194,2.5218,2.9034,3.5138
GEX,2023-09-14,23.83,23.83,22.54,22.68,31985010,22.84,21.64,20.53,-0.7049,4.7933,10.4985,-3.5865,-4.1755,3.6632
GEX,2023-09-15,22.86,22.96,22.04,22.59,21803361,22.95,21.72,20.63,-1.5638,4.0034,9.5151,1.1352,1.2023,3.3827
GEX,2023-09-18,22.45,22.54,21.53,21.67,29665340,22.84,21.71,20.71,-5.1359,-0.2119,4.6202,-5.4829,-6.1283,3.2267
GEX,2023-09-19,21.85,22.27,21.02,22.27,28430850,22.79,21.82,20.82,-2.3012,2.0667,6.9613,5.5597,5.6407,3.7371
GEX,2023-09-20,22.4,22.73,22.13,22.54,19315731,22.74,21.98,20.91,-0.89,2.5748,7.8013,1.4651,1.6383,3.4623
GEX,2023-09-21,22.68,22.68,21.71,21.85,26256057,22.67,22.08,21.0,-3.5924,-1.052,4.0799,-2.7844,-2.8718,3.4469
GEX,2023-09-22,21.25,21.35,20.33,20.33,40814560,22.34,22.11,21.05,-8.9598,-8.0508,-3.388,-4.6306,-4.7834,3.2346
GEX,2023-09-25,20.1,20.52,18.95,18.95,27110070,22.0,22.05,21.05,-13.8256,-14.0503,-9.9768,-2.8721,-3.0938,3.2536
GEX,2023-09-26,18.59,19.37,17.67,17.67,29189499,21.44,21.93,21.03,-17.5966,-19.4377,-16.0068,-4.1119,-4.2428,3.415
GEX,2023-09-27,17.76,18.86,16.98,18.86,26201572,20.94,21.82,21.03,-9.9297,-13.5386,-10.3198,3.564,3.5718,3.5192
GEX,2023-09-28,18.82,19.28,18.31,19.28,18525133,20.6,21.72,21.04,-6.4314,-11.257,-8.3833,5.5393,4.9976,3.7145
GEX,2023-09-29,19.37,19.51,18.77,19.14,17816551,20.26,21.6,21.05,-5.519,-11.4046,-9.0711,0.0,0.0,3.601
GEX,2023-10-02,19.05,19.46,18.77,18.95,10585275,19.98,21.41,21.04,-5.1566,-11.4835,-9.9336,-2.3806,-2.4673,3.2908
GEX,2023-10-03,18.45,18.63,17.67,17.67,24735596,19.52,21.16,21.01,-9.5193,-16.5036,-15.8964,-3.1109,-3.1505,3.0459
GEX,2023-10-04,17.02,18.59,16.84,18.13,20222079,19.08,20.91,20.96,-5.0145,-13.3304,-13.532,2.7624,2.5922,3.1756
GEX,2023-10-05,18.4,18.72,18.03,18.22,14809351,18.72,20.69,20.92,-2.6788,-11.9609,-12.9249,-1.5675,-1.5295,3.0539
GEX,2023-10-06,18.22,18.82,17.99,18.72,11075477,18.56,20.45,20.88,0.8924,-8.4261,-10.3208,1.9732,1.9607,2.7882
GEX,2023-10-09,18.68,19.0,18.45,18.82,12227454,18.54,20.27,20.83,1.4637,-7.172,-9.6891,1.2268,1.2077,2.6237
GEX,2023-10-10,19.05,19.46,18.91,19.05,17466317,18.68,20.06,20.8,1.9453,-5.0568,-8.4355,-1.8428,-1.8202,2.3968
GEX,2023-10-11,19.09,19.87,18.95,19.83,17776089,18.78,19.86,20.78,5.5855,-0.1622,-4.5911,3.7527,3.7445,2.4156
GEX,2023-10-12,20.01,20.15,19.51,19.69,14111499,18.82,19.71,20.76,4.6199,-0.105,-5.1544,-2.2477,-2.3083,2.0865
GEX,2023-10-13,19.32,19.92,19.18,19.78,14684740,18.89,19.57,20.73,4.7503,1.0814,-4.5886,2.504,2.2887,2.3369
GEX,2023-10-16,19.87,20.61,19.74,19.97,20756638,18.99,19.49,20.7,5.1611,2.4673,-3.547,-2.1176,-2.0537,2.3106
GEX,2023-10-17,20.24,20.38,18.59,18.59,15107156,19.08,19.3,20.64,-2.5802,-3.7064,-9.942,-2.6367,-2.536,2.2631
GEX,2023-10-18,18.86,19.28,17.94,18.86,23493160,19.15,19.12,20.58,-1.5133,-1.3356,-8.3676,2.0664,2.1822,2.1935
GEX,2023-10-19,18.68,19.0,17.94,18.31,15726226,19.16,18.94,20.53,-4.4418,-3.3277,-10.8023,-1.2287,-1.2022,2.1597
GEX,2023-10-20,18.22,19.28,18.03,19.28,11814157,19.22,18.89,20.49,0.3112,2.0582,-5.9441,2.1642,2.1851,2.1788
GEX,2023-10-23,19.18,19.51,18.72,19.0,13235379,19.23,18.89,20.47,-1.2198,0.5845,-7.1743,-1.4759,-1.567,2.2037
GEX,2023-10-24,19.23,19.74,18.68,19.74,14003149,19.3,18.99,20.45,2.2402,3.9118,-3.4958,5.1417,5.4137,2.5336
GEX,2023-10-25,19.87,20.01,19.18,19.18,11429224,19.24,19.01,20.42,-0.2869,0.9197,-6.0472,-3.1424,-3.3846,2.4725
GEX,2023-10-26,18.68,18.82,17.85,17.85,31582513,19.06,18.94,20.35,-6.3254,-5.7452,-12.2966,-3.4755,-3.8298,2.5953
GEX,2023-10-27,18.17,18.45,17.21,18.31,8930851,18.91,18.9,20.3,-3.163,-3.1041,-9.7915,1.7855,1.8306,2.5235
GEX,2023-10-30,17.94,18.26,17.07,17.07,9729038,18.62,18.8,20.2,-8.3272,-9.2244,-15.5205,-2.4675,-2.4871,2.5585
GEX,2023-10-31,17.3,17.44,15.92,15.92,21050629,18.35,18.71,20.12,-13.2615,-14.9459,-20.8745,-3.9531,-3.8398,2.6901
GEX,2023-11-01,16.01,16.75,15.5,16.61,10836421,18.13,18.64,20.06,-8.3756,-10.8972,-17.2208,1.5515,1.4977,2.6386
GEX,2023-11-02,16.98,17.76,16.84,17.76,14155065,18.07,18.62,20.02,-1.7312,-4.6089,-11.3174,2.1373,2.1665,2.7295
GEX,2023-11-03,18.08,18.13,17.34,17.48,14628053,17.89,18.55,19.98,-2.2885,-5.7773,-12.4988,-2.8134,-2.4475,2.7944
GEX,2023-11-06,17.8,18.31,17.44,18.26,15558264,17.82,18.53,19.94,2.5045,-1.4155,-8.4072,4.0635,4.1276,3.0531
GEX,2023-11-07,18.03,18.26,17.85,17.99,9980439,17.64,18.47,19.9,1.9556,-2.6273,-9.5954,-1.1097,-1.162,2.6499
GEX,2023-11-08,17.85,19.23,17.85,19.23,27367122,17.65,18.44,19.86,8.9677,4.2654,-3.169,3.1531,3.3348,2.651
GEX,2023-11-09,19.51,20.33,19.41,19.69,30259971,17.83,18.44,19.83,10.4231,6.7598,-0.7053,-2.0206,-2.1011,2.5055
GEX,2023-11-10,19.51,20.7,19.46,20.1,35858029,18.01,18.46,19.8,11.622,8.9096,1.5287,0.2746,0.2896,2.3544
GEX,2023-11-13,20.52,20.7,19.83,20.24,20507153,18.33,18.47,19.75,10.4418,9.5754,2.4829,-0.3515,-0.3813,2.1428
GEX,2023-11-14,20.56,20.84,20.2,20.38,21836511,18.77,18.56,19.7,8.5518,9.7893,3.4322,-3.2983,-3.8521,2.0773
GEX,2023-11-15,20.98,21.02,20.33,20.43,18795043,19.16,18.64,19.65,6.6282,9.5755,3.9375,-2.5381,-2.7962,2.176
GEX,2023-11-16,20.33,20.61,20.1,20.61,12627726,19.44,18.76,19.61,6.0104,9.8847,5.0903,2.4551,2.6277,2.2078
GEX,2023-11-17,20.75,20.98,19.87,19.87,24556985,19.68,18.79,19.54,0.9818,5.7916,1.7285,-3.9389,-4.4578,2.3203
GEX,2023-11-20,19.14,20.24,19.14,20.15,21363910,19.87,18.84,19.49,1.4124,6.9336,3.375,3.7956,4.3337,2.2935
GEX,2023-11-21,20.43,20.52,20.15,20.52,11894999,20.12,18.88,19.44,1.9662,8.6612,5.5571,3.8227,3.7625,2.5648
GEX,2023-11-22,20.61,21.35,20.52,21.3,42811650,20.33,18.99,19.39,4.7748,12.1744,9.8667,6.9834,7.7866,2.9479
GEX,2023-11-23,21.35,21.44,19.83,19.83,27256128,20.34,19.09,19.33,-2.5328,3.8804,2.5751,-2.8822,-3.1939,3.034
GEX,2023-11-24,20.06,20.24,19.23,20.06,24646262,20.34,19.17,19.28,-1.3798,4.6065,4.0374,2.1346,2.2427,3.22
GEX,2023-11-27,20.15,20.15,19.51,19.51,9832339,20.27,19.3,19.24,-3.7458,1.0847,1.4014,-2.6994,-2.8371,3.4548
GEX,2023-11-28,19.41,19.97,19.0,19.78,15728721,20.21,19.49,19.19,-2.0947,1.4989,3.1027,2.1184,2.2125,3.3368
GEX,2023-11-29,19.87,20.15,19.83,20.15,12977962,20.18,19.67,19.14,-0.1368,2.4561,5.2834,4.3736,4.5608,3.5204
GEX,2023-11-30,20.15,20.52,19.78,19.78,14998833,20.1,19.77,19.1,-1.5568,0.0698,3.5845,-2.955,-2.9944,3.5704
GEX,2023-12-01,20.01,20.1,19.64,20.06,10003975,20.11,19.9,19.09,-0.2745,0.8093,5.0603,2.9762,3.3005,3.4741
GEX,2023-12-04,20.52,21.44,20.33,21.44,40466382,20.24,20.06,19.14,5.9091,6.893,11.9977,6.7135,7.8555,3.7659
GEX,2023-12-05,21.53,21.99,21.44,21.67,28048313,20.36,20.24,19.22,6.4407,7.0576,12.728,-1.1006,-1.2602,3.4937
GEX,2023-12-06,21.76,22.08,21.58,22.04,18437737,20.43,20.38,19.29,7.8586,8.1264,14.2653,3.0343,3.5253,3.0988
GEX,2023-12-07,22.04,22.08,20.79,21.53,42172459,20.6,20.47,19.33,4.5109,5.1685,11.3808,1.3433,1.6949,2.9449
GEX,2023-12-08,21.62,21.9,21.16,21.48,19574936,20.74,20.54,19.38,3.5706,4.5913,10.8737,-0.7009,-0.7517,2.8015
GEX,2023-12-11,21.48,21.62,20.98,21.21,13796404,20.91,20.59,19.42,1.4078,3.0053,9.1951,-1.2668,-1.4335,2.6583
GEX,2023-12-12,21.39,21.62,21.25,21.3,9773096,21.07,20.64,19.5,1.1138,3.2215,9.26,-2.4881,-2.7532,2.6952
GEX,2023-12-13,21.44,21.62,20.89,20.89,18829884,21.14,20.66,19.55,-1.197,1.1023,6.8336,-3.2815,-3.4928,2.586
GEX,2023-12-14,21.16,21.16,20.56,20.56,16934231,21.22,20.66,19.6,-3.0789,-0.4455,4.9345,-3.8455,-4.236,2.6751
GEX,2023-12-15,20.61,20.89,20.38,20.47,15553821,21.26,20.69,19.63,-3.7005,-1.0342,4.2789,-2.7186,-2.7431,2.6493
GEX,2023-12-18,20.56,20.56,20.2,20.2,12676968,21.13,20.69,19.66,-4.4406,-2.3794,2.7285,-3.9956,-4.084,2.3775
GEX,2023-12-19,20.2,20.61,20.06,20.61,11818219,21.03,20.69,19.69,-1.9908,-0.4002,4.668,2.7157,2.9705,2.539
GEX,2023-12-20,20.61,20.89,20.61,20.79,9943049,20.9,20.67,19.71,-0.5282,0.6121,5.499,1.7372,1.7018,2.4093
GEX,2023-12-21,20.66,20.89,20.56,20.79,8729417,20.83,20.72,19.73,-0.1767,0.3775,5.381,1.5646,1.6235,2.4315
GEX,2023-12-22,20.79,21.3,20.79,20.89,16002197,20.77,20.76,19.75,0.5537,0.6206,5.7289,-3.7017,-4.0173,2.7315
GEX,2023-12-25,20.93,21.44,20.89,21.35,15889046,20.79,20.85,19.78,2.7003,2.383,7.907,4.0221,3.9467,3.0071
GEX,2023-12-26,21.35,21.76,21.25,21.58,22745650,20.81,20.94,19.84,3.6693,3.043,8.741,2.408,2.455,2.9991
GEX,2023-12-27,21.62,21.76,21.48,21.48,19831615,20.87,21.01,19.89,2.9315,2.2777,7.9919,-5.3767,-5.874,3.2086
GEX,2023-12-28,21.48,21.62,21.39,21.53,12522960,20.97,21.09,19.96,2.6766,2.072,7.8739,0.8416,0.917,2.9082
GEX,2023-12-29,21.62,21.71,21.44,21.71,13185299,21.09,21.18,20.01,2.9444,2.5418,8.5307,3.8152,4.0074,3.0178
GEX,2024-01-02,21.81,21.85,20.2,20.38,47563137,21.11,21.12,20.04,-3.4648,-3.5174,1.7221,-7.5671,-8.1484,3.375
GEX,2024-01-03,20.38,20.75,20.33,20.75,15212385,21.13,21.08,20.06,-1.7857,-1.5606,3.4546,3.0542,3.3778,3.4089
GEX,2024-01-04,20.75,20.84,20.47,20.47,25879581,21.09,21.0,20.08,-2.9444,-2.5085,1.9473,-4.2283,-4.4786,3.658
GEX,2024-01-05,20.56,20.61,20.1,20.38,19586477,21.05,20.94,20.13,-3.1906,-2.6802,1.234,0.5405,0.5699,3.5555
GEX,2024-01-08,20.52,20.66,20.43,20.47,12233961,21.01,20.89,20.18,-2.5619,-2.004,1.4731,-1.7803,-1.8706,3.3634
GEX,2024-01-09,20.52,21.07,20.47,20.66,18657651,20.94,20.86,20.25,-1.362,-0.9923,2.0222,-1.6766,-1.8262,3.1288
GEX,2024-01-10,20.61,20.75,20.15,20.38,15562692,20.82,20.82,20.34,-2.1211,-2.0995,0.2172,-0.8518,-0.9085,2.9732
GEX,2024-01-11,20.43,20.56,20.15,20.33,14966174,20.71,20.79,20.41,-1.7996,-2.1907,-0.3741,-0.5044,-0.5632,2.486
GEX,2024-01-12,19.87,20.15,19.55,19.6,26907384,20.51,20.74,20.45,-4.4629,-5.5118,-4.1534,-4.8132,-5.1795,2.8832
GEX,2024-01-15,19.83,19.92,19.32,19.32,9921790,20.27,20.68,20.48,-4.6971,-6.5836,-5.6731,-2.2013,-2.3562,2.7218
GEX,2024-01-16,19.32,19.83,19.23,19.78,8433114,20.21,20.66,20.51,-2.1392,-4.2636,-3.5701,1.49,1.4601,2.114
GEX,2024-01-17,19.97,20.1,19.74,19.83,9380363,20.12,20.62,20.55,-1.4632,-3.859,-3.519,-1.2742,-1.2799,1.936
GEX,2024-01-18,19.92,19.97,19.74,19.87,6907129,20.06,20.58,20.56,-0.9401,-3.4205,-3.3557,0.516,0.4967,1.5648
GEX,2024-01-19,20.01,20.43,19.92,20.01,13386487,20.03,20.54,20.57,-0.0689,-2.5647,-2.715,-2.2495,-2.2967,1.7357
GEX,2024-01-22,20.06,20.15,19.64,20.06,7801873,19.98,20.5,20.57,0.3683,-2.1434,-2.487,1.4132,1.4422,1.699
GEX,2024-01-23,20.1,20.2,19.83,19.83,6225887,19.9,20.42,20.56,-0.3699,-2.9061,-3.5665,-2.0374,-2.0375,1.7351
GEX,2024-01-24,19.78,19.97,19.69,19.74,6943371,19.84,20.33,20.55,-0.5102,-2.9192,-3.9538,-1.5387,-1.506,1.8038
GEX,2024-01-25,19.78,20.06,19.69,19.78,5596365,19.78,20.24,20.54,0.0,-2.2838,-3.6695,-1.1286,-1.0802,1.8662
GEX,2024-01-26,19.74,20.01,19.74,19.92,5438810,19.81,20.16,20.52,0.534,-1.2092,-2.9322,0.7032,0.6788,1.4552
GEX,2024-01-29,19.97,20.33,19.92,20.01,10717689,19.88,20.08,20.52,0.6478,-0.3322,-2.497,-1.7324,-1.8049,1.4083
GEX,2024-01-30,20.01,20.15,19.92,20.15,5279953,19.92,20.07,20.52,1.1547,0.4127,-1.8245,1.5835,1.5237,1.4177
GEX,2024-01-31,20.15,20.33,19.78,19.78,13302218,19.92,20.02,20.51,-0.6699,-1.1835,-3.5485,-1.9236,-2.0722,1.4826
GEX,2024-02-01,19.69,19.92,19.69,19.74,8499113,19.9,19.98,20.48,-0.8322,-1.2317,-3.6258,-1.7592,-1.5258,1.6069
GEX,2024-02-02,19.74,20.06,19.69,19.69,10517023,19.87,19.95,20.48,-0.903,-1.2915,-3.8375,-2.4638,-2.3767,1.6284
GEX,2024-02-05,19.78,19.87,19.46,19.51,11169339,19.81,19.9,20.46,-1.5556,-1.9767,-4.6849,-2.1015,-2.1036,1.6972
GEX,2024-02-06,19.55,19.64,19.37,19.46,9792423,19.78,19.84,20.46,-1.605,-1.913,-4.9053,-1.088,-0.9573,1.6023
GEX,2024-02-07,19.51,19.92,19.46,19.78,9321524,19.78,19.81,20.46,0.0,-0.1393,-3.3317,1.1734,1.1521,1.5657
GEX,2024-02-15,20.01,20.47,19.92,20.24,22463696,19.83,19.81,20.47,2.0882,2.2067,-1.0925,1.006,0.9978,1.5535
GEX,2024-02-16,20.33,20.79,20.24,20.56,19059061,19.89,19.85,20.48,3.3765,3.5801,0.4043,0.81,0.7842,1.5641
GEX,2024-02-19,20.56,20.7,20.29,20.47,15974287,19.94,19.91,20.49,2.6765,2.8188,-0.0853,-0.3743,-0.3534,1.4283
GEX,2024-02-20,20.56,20.84,20.33,20.7,22529261,19.99,19.96,20.48,3.5435,3.7344,1.11,2.5467,2.5044,1.5247
GEX,2024-02-21,20.84,20.84,20.52,20.61,12999893,20.08,20.0,20.45,2.6581,3.0714,0.7647,-1.4528,-1.4068,1.4776
GEX,2024-02-22,20.61,20.89,20.52,20.52,10865836,20.15,20.03,20.42,1.8032,2.4463,0.464,-2.2592,-2.2771,1.5276
GEX,2024-02-23,20.7,20.7,19.97,20.1,19977528,20.2,20.03,20.4,-0.4556,0.3559,-1.4256,-1.2385,-1.2231,1.405
GEX,2024-02-26,19.92,20.15,19.78,20.01,7907136,20.25,20.03,20.37,-1.1588,-0.0919,-1.7349,0.4072,0.3779,1.2356
GEX,2024-02-27,20.01,20.47,19.97,20.24,11931283,20.33,20.05,20.35,-0.4074,0.9522,-0.511,0.2319,0.2133,1.15
GEX,2024-02-28,20.38,21.25,20.24,20.75,33260874,20.42,20.1,20.34,1.5994,3.2154,2.0316,-0.0001,-0.0001,1.0327
GEX,2024-02-29,20.89,21.02,20.38,20.52,17564257,20.45,20.14,20.33,0.3375,1.8846,0.937,-2.1198,-2.0404,1.144
GEX,2024-03-01,20.61,21.35,20.47,21.35,36714726,20.53,20.21,20.34,3.9892,5.6226,4.9299,7.7019,7.9,1.8332
GEX,2024-03-04,21.71,21.71,21.25,21.3,24726434,20.61,20.27,20.36,3.3482,5.0601,4.6186,-4.0599,-3.7781,2.2018
GEX,2024-03-05,21.35,21.62,21.21,21.62,18750661,20.7,20.35,20.39,4.4444,6.2627,6.0517,3.5718,3.3211,2.3043
GEX,2024-03-06,21.9,21.99,20.75,20.98,37095998,20.74,20.41,20.4,1.1535,2.7953,2.8556,-4.2779,-4.4518,2.5868
GEX,2024-03-07,20.98,21.3,20.7,21.21,21923507,20.81,20.48,20.4,1.9235,3.549,3.9412,2.861,2.7025,2.647
GEX,2024-03-08,21.35,21.39,20.79,20.79,19347812,20.88,20.54,20.4,-0.3966,1.2545,1.912,-1.8793,-1.8758,2.7111
GEX,2024-03-11,20.79,20.79,20.06,20.33,16388207,20.91,20.58,20.39,-2.7503,-1.1849,-0.2887,-0.7289,-0.6774,2.7432
GEX,2024-03-12,20.33,20.56,20.15,20.24,10941154,20.91,20.62,20.37,-3.1903,-1.8186,-0.6323,-1.5285,-1.4728,2.8729
GEX,2024-03-13,20.33,21.02,20.24,21.02,19242734,20.94,20.68,20.36,0.4175,1.6685,3.2629,2.6391,2.3442,3.1368
GEX,2024-03-14,21.12,21.48,20.93,21.07,25212935,20.99,20.72,20.35,0.3726,1.6874,3.5309,-2.406,-2.1743,3.1654
GEX,2024-03-15,20.98,21.48,20.89,21.21,23262496,20.98,20.75,20.35,1.0965,2.1946,4.2421,0.3535,0.3258,2.4306
GEX,2024-03-18,21.39,21.58,20.29,20.84,28888770,20.93,20.77,20.33,-0.4396,0.3322,2.5211,-0.5831,-0.5102,2.0829
GEX,2024-03-19,20.98,21.07,20.7,20.75,9768053,20.84,20.77,20.34,-0.4635,-0.1218,2.0316,-1.5909,-1.52,1.8848
GEX,2024-03-20,20.89,21.44,20.7,21.44,21960382,20.89,20.82,20.35,2.6206,2.9948,5.3536,3.9032,3.888,1.8473
GEX,2024-03-21,21.81,21.94,21.44,21.58,23950050,20.93,20.87,20.37,3.0996,3.3951,5.9169,-1.6966,-1.6766,1.7309
GEX,2024-03-22,21.76,23.05,21.76,22.96,72097465,21.14,21.01,20.42,8.5727,9.2621,12.4076,10.6929,10.707,2.6123
GEX,2024-03-25,23.14,23.32,22.4,22.54,35717649,21.36,21.14,20.46,5.5125,6.6493,10.1569,-4.2112,-4.1958,2.9605
GEX,2024-03-26,22.4,23.55,22.4,23.09,29620886,21.65,21.28,20.51,6.6723,8.5288,12.5863,1.0189,1.0873,2.9095
GEX,2024-03-27,23.28,23.28,22.68,23.05,20734655,21.85,21.39,20.57,5.4737,7.7303,12.0705,1.1596,1.1924,2.7616
GEX,2024-03-28,23.28,23.32,22.73,22.82,17133185,22.03,21.51,20.62,3.5923,6.0849,10.6846,-2.6191,-2.5539,2.7829
GEX,2024-03-29,22.86,23.28,22.68,22.91,21788383,22.2,21.59,20.68,3.2124,6.1268,10.775,-1.016,-1.0135,2.8492
GEX,2024-04-01,22.91,23.32,22.77,23.19,18914938,22.43,21.68,20.76,3.3634,6.9383,11.6922,2.7977,2.8571,3.0706
GEX,2024-04-02,23.09,23.92,22.86,23.46,28651790,22.7,21.77,20.83,3.3435,7.7541,12.6226,0.5186,0.5246,2.9634
GEX,2024-04-03,23.46,23.55,22.59,22.59,29265896,22.82,21.85,20.89,-1.0081,3.3575,8.1402,-3.8685,-3.8075,2.9599
GEX,2024-04-04,22.59,22.73,21.99,22.27,27012364,22.89,21.91,20.94,-2.7135,1.638,6.3549,-1.147,-1.1373,2.905
GEX,2024-04-05,21.9,22.22,21.58,21.58,26079221,22.75,21.95,20.97,-5.1567,-1.6874,2.905,-3.8026,-3.7213,2.2159
GEX,2024-04-08,21.58,21.71,21.44,21.58,19132143,22.65,22.01,21.0,-4.7522,-1.9649,2.7562,0.0001,0.0001,1.7948
GEX,2024-04-09,21.53,21.99,21.44,21.99,12143396,22.54,22.1,21.04,-2.449,-0.4789,4.5128,2.5693,2.4779,1.9499
GEX,2024-04-10,21.99,21.99,21.44,21.44,12421635,22.38,22.12,21.07,-4.2138,-3.0681,1.7245,-2.5547,-2.5007,2.0894
GEX,2024-04-11,21.02,21.44,21.02,21.25,16514861,22.23,22.13,21.1,-4.3676,-3.9401,0.7106,0.5425,0.5305,1.8817
GEX,2024-04-12,21.44,21.53,21.25,21.39,11965367,22.07,22.14,21.13,-3.0846,-3.3565,1.2234,0.0001,0.0001,1.7801
GEX,2024-04-15,21.21,21.62,19.92,19.92,26720689,21.75,22.09,21.13,-8.3986,-9.8198,-5.7343,-2.1446,-2.1377,1.7148
GEX,2024-04-16,19.6,19.87,18.59,19.18,30788868,21.32,22.01,21.11,-10.0129,-12.8435,-9.1345,-0.3653,-0.3219,1.6995
GEX,2024-04-17,19.37,19.46,18.4,18.4,15115811,20.9,21.86,21.09,-11.9525,-15.8161,-12.7247,-2.4536,-2.2823,1.558
GEX,2024-04-19,17.99,18.77,17.57,18.13,20927409,20.49,21.69,21.05,-11.5203,-16.4192,-13.9024,-0.274,-0.2428,1.4707
GEX,2024-04-22,18.72,18.72,18.22,18.49,9791676,20.18,21.46,21.03,-8.3447,-13.8356,-12.0543,0.3196,0.2835,1.1224
GEX,2024-04-23,18.54,18.59,17.9,17.9,10011172,19.81,21.23,21.0,-9.6609,-15.7097,-14.7678,-2.908,-2.5551,1.4132
GEX,2024-04-24,18.22,18.86,18.03,18.68,11216262,19.48,21.01,20.98,-4.1096,-11.1014,-10.9766,1.3901,1.1,1.2953
GEX,2024-04-25,18.59,19.14,18.45,19.14,12252770,19.25,20.82,20.97,-0.5736,-8.0562,-8.7279,5.4267,4.1275,1.5824
GEX,2024-04-26,18.77,19.14,18.72,18.77,10445278,19.0,20.61,20.94,-1.2107,-8.9387,-10.3573,-3.2156,-2.4323,1.8498
GEX,2024-05-02,18.77,19.37,18.63,19.28,10426960,18.79,20.43,20.91,2.5955,-5.6519,-7.827,3.4574,2.8849,2.1955
GEX,2024-05-03,19.32,19.37,18.95,19.0,8913724,18.7,20.22,20.88,1.624,-6.0403,-9.0188,-2.2557,-1.8595,2.2066
GEX,2024-05-06,19.18,19.69,19.14,19.6,8682558,18.74,20.03,20.86,4.5912,-2.1477,-6.0557,1.2189,1.1508,2.292
GEX,2024-05-07,19.69,20.38,19.64,20.15,18641540,18.91,19.91,20.85,6.5434,1.2249,-3.3667,2.6884,2.0557,2.3154
GEX,2024-05-08,19.97,20.2,19.78,20.1,10556409,19.11,19.8,20.84,5.1998,1.5452,-3.549,1.3495,1.2532,2.423
GEX,2024-05-09,20.15,20.24,19.87,19.92,8157470,19.25,19.72,20.84,3.4648,1.0384,-4.415,-1.6755,-1.4185,2.5586
GEX,2024-05-10,19.97,20.01,19.64,19.97,8247631,19.46,19.64,20.84,2.6005,1.687,-4.19,1.9381,1.7477,2.4616
GEX,2024-05-13,20.01,20.75,20.01,20.33,16638998,19.63,19.55,20.84,3.6099,4.0,-2.4326,-0.75,-0.7697,2.3976
GEX,2024-05-14,20.43,20.7,20.33,20.33,10575301,19.75,19.5,20.83,2.9823,4.2945,-2.3938,-3.6764,-3.3135,2.2225
GEX,2024-05-15,20.56,20.93,20.43,20.66,15732935,19.93,19.47,20.84,3.6233,6.1089,-0.8611,-0.419,-0.3674,1.9429
GEX,2024-05-16,20.89,20.93,20.61,20.7,13345267,20.08,19.43,20.82,3.1164,6.5341,-0.5788,-1.2972,-1.1993,1.7269
GEX,2024-05-17,20.7,21.07,20.66,21.07,11184212,20.28,19.49,20.82,3.8784,8.1081,1.211,2.5397,2.3635,1.7553
GEX,2024-05-20,21.44,21.85,21.21,21.44,18863670,20.47,19.6,20.81,4.7426,9.364,2.9971,-0.9385,-0.8708,1.7272
GEX,2024-05-21,21.35,21.58,20.98,21.44,13032791,20.6,19.75,20.82,4.0875,8.5235,2.9516,1.4954,1.4285,1.6079
GEX,2024-05-22,21.58,21.62,20.79,20.89,15468496,20.67,19.89,20.82,1.0236,4.9954,0.3315,-1.9269,-1.9032,1.6657
GEX,2024-05-23,20.89,21.99,20.75,21.81,22680629,20.86,20.06,20.84,4.5204,8.7156,4.6496,2.6824,2.4603,1.7664
GEX,2024-05-24,21.58,21.85,20.89,21.16,20199516,20.98,20.22,20.85,0.8551,4.6525,1.478,-1.5604,-1.4378,1.7286
GEX,2024-05-27,21.16,22.22,21.07,22.04,16390032,21.15,20.39,20.89,4.1757,8.0776,5.488,3.2331,3.3469,1.9769
GEX,2024-05-28,22.31,22.31,21.85,22.08,18365322,21.33,20.54,20.91,3.5376,7.5269,5.6013,0.0001,0.0001,1.6093
GEX,2024-05-29,22.13,22.45,21.53,21.71,18558787,21.43,20.68,20.92,1.3093,4.9822,3.7773,-1.7669,-1.7739,1.7441
GEX,2024-05-30,21.44,21.71,21.12,21.71,13013171,21.54,20.81,20.93,0.8331,4.367,3.7271,2.3926,2.0849,1.8536
GEX,2024-05-31,21.76,21.81,21.44,21.44,8689754,21.57,20.93,20.95,-0.6185,2.4401,2.3501,-2.3692,-2.2657,1.8366
GEX,2024-06-03,21.62,22.04,21.53,21.9,10355178,21.62,21.04,20.97,1.2981,4.0664,4.4317,0.9483,0.9407,1.8376
GEX,2024-06-04,21.99,22.5,21.81,21.94,14945048,21.67,21.13,20.98,1.2739,3.8424,4.6007,-2.0262,-1.9353,1.8906
GEX,2024-06-05,22.04,22.27,21.71,21.71,11126879,21.75,21.21,20.98,-0.1692,2.3639,3.4906,-2.0287,-1.7564,1.9008
GEX,2024-06-06,21.76,22.08,21.53,21.71,12161479,21.74,21.3,20.96,-0.127,1.9328,3.6133,-1.2606,-1.1431,1.7586
GEX,2024-06-07,21.76,22.4,21.71,21.99,15606711,21.82,21.4,20.95,0.7588,2.7404,4.9857,-1.072,-1.0521,1.7098
GEX,2024-06-10,21.99,22.13,21.81,21.99,8238477,21.82,21.49,20.92,0.7801,2.3445,5.0965,0.3036,0.2894,1.4168
GEX,2024-06-11,22.13,22.13,21.21,21.39,19086427,21.75,21.54,20.89,-1.6497,-0.6834,2.4004,-2.1165,-1.8814,1.6285
GEX,2024-06-12,21.44,21.71,21.25,21.67,9202633,21.75,21.59,20.87,-0.3596,0.3623,3.836,1.406,1.2511,1.5924
GEX,2024-06-13,21.81,22.08,21.67,21.81,10871244,21.76,21.65,20.85,0.2326,0.7439,4.608,-0.8696,-0.759,1.4401
GEX,2024-06-14,21.85,22.82,21.76,21.81,35940454,21.79,21.68,20.82,0.0633,0.5729,4.7467,-3.3392,-3.2593,1.5371
GEX,2024-06-17,21.94,22.17,21.76,21.9,10918117,21.79,21.71,20.79,0.4855,0.8902,5.347,-0.878,-0.782,1.53
GEX,2024-06-18,22.04,22.54,21.85,21.99,21356865,21.8,21.73,20.78,0.8864,1.1854,5.8506,-2.7869,-2.3366,1.6061
GEX,2024-06-19,22.22,22.54,21.76,21.94,24254762,21.82,21.79,20.77,0.5693,0.7286,5.6619,-3.1816,-2.808,1.7214
GEX,2024-06-20,22.04,22.08,21.44,21.44,17375605,21.79,21.77,20.77,-1.6255,-1.5112,3.2389,-4.2161,-4.0105,2.017
GEX,2024-06-21,21.53,21.81,21.35,21.35,11122833,21.73,21.78,20.76,-1.7574,-1.9753,2.8186,-2.4972,-2.3463,2.1595
GEX,2024-06-24,21.48,21.53,20.24,20.24,23490012,21.55,21.69,20.73,-6.0832,-6.661,-2.3351,-2.9755,-2.4973,2.4267
GEX,2024-06-25,20.33,20.75,20.24,20.61,7255472,21.48,21.61,20.71,-4.0274,-4.6403,-0.4798,1.2844,1.0799,2.3435
GEX,2024-06-26,20.61,20.75,20.33,20.47,11727524,21.36,21.55,20.69,-4.1362,-5.0059,-1.0716,-1.2438,-0.9537,2.3272
GEX,2024-06-27,20.47,20.61,20.38,20.56,4963273,21.23,21.49,20.68,-3.1419,-4.3236,-0.5473,1.2141,1.0862,2.3617
GEX,2024-06-28,20.66,20.66,19.87,20.33,11780126,21.08,21.44,20.69,-3.5566,-5.1502,-1.6991,0.4928,0.4395,2.077
GEX,2024-07-01,20.1,20.47,20.1,20.47,5036666,20.94,21.37,20.71,-2.2408,-4.1878,-1.1551,1.7935,1.3092,2.1686
GEX,2024-07-02,20.47,20.7,20.43,20.7,4542382,20.81,21.31,20.76,-0.5305,-2.8288,-0.2659,1.6713,1.3207,2.057
GEX,2024-07-03,20.7,20.89,20.61,20.75,5402317,20.69,21.26,20.81,0.2668,-2.3915,-0.2963,-0.0001,-0.0001,1.7389
GEX,2024-07-04,20.84,21.25,20.79,20.89,6469186,20.64,21.22,20.86,1.2037,-1.5505,0.1368,-1.4386,-1.1228,1.4611
GEX,2024-07-05,20.98,21.16,20.79,20.98,6084626,20.6,21.16,20.92,1.8312,-0.8803,0.2815,0.0,0.0,1.2114
GEX,2024-07-08,21.02,21.25,20.93,20.98,8879546,20.67,21.11,20.97,1.4686,-0.6428,0.0614,-1.6081,-1.3544,1.0747
GEX,2024-07-09,21.12,21.81,21.07,21.81,19194749,20.79,21.13,21.02,4.8672,3.178,3.7471,4.5716,4.1873,1.4034
GEX,2024-07-10,21.81,21.9,21.48,21.48,6635193,20.9,21.13,21.07,2.8182,1.6986,1.9517,-1.509,-1.2691,1.4299
GEX,2024-07-11,21.76,21.76,21.35,21.35,6543286,20.97,21.1,21.11,1.7767,1.1554,1.0981,-1.713,-1.4559,1.4798
GEX,2024-07-12,21.44,21.48,21.07,21.16,7333382,21.06,21.07,21.16,0.5025,0.4367,0.0217,-1.4119,-1.2954,1.5717
GEX,2024-07-15,21.35,21.62,21.02,21.62,8935746,21.17,21.06,21.2,2.1295,2.6873,2.0009,3.5762,3.2921,1.75
GEX,2024-07-16,21.9,22.17,21.16,21.16,21087997,21.22,21.02,21.22,-0.2602,0.7005,-0.2645,-5.5041,-4.9334,2.1333
GEX,2024-07-17,21.44,21.44,19.69,20.33,13172321,21.18,20.93,21.22,-3.9757,-2.8678,-4.188,-0.5824,-0.5927,2.1915
GEX,2024-07-18,20.61,20.89,20.15,20.89,10648831,21.18,20.91,21.24,-1.3687,-0.099,-1.6763,2.1774,1.8738,2.2654
GEX,2024-07-19,20.89,20.98,20.29,20.33,9858350,21.11,20.86,21.25,-3.6827,-2.5036,-4.3083,-1.9939,-2.0055,2.4648
GEX,2024-07-22,20.24,20.66,20.2,20.33,9486410,21.05,20.86,21.25,-3.388,-2.5251,-4.3083,-0.8694,-0.791,2.3909
GEX,2024-07-23,20.52,20.56,20.1,20.1,8866472,20.88,20.84,21.25,-3.7021,-3.5107,-5.3703,-1.7539,-1.6377,2.1091
GEX,2024-07-24,19.92,20.7,19.87,20.7,10239822,20.8,20.85,21.25,-0.4645,-0.6951,-2.5594,2.6168,2.4029,2.2199
GEX,2024-07-25,20.79,20.79,20.33,20.61,5307041,20.73,20.85,21.24,-0.5549,-1.1474,-2.9841,0.4962,0.4475,2.0982
GEX,2024-07-26,20.79,20.79,20.52,20.79,4889736,20.69,20.87,21.24,0.5115,-0.3747,-2.0924,2.0943,1.7087,2.1665
GEX,2024-07-29,20.89,20.93,20.75,20.75,6797634,20.6,20.89,21.22,0.7146,-0.6608,-2.2455,-2.5708,-2.3132,2.0659
GEX,2024-07-30,21.12,21.21,20.7,20.93,14254365,20.58,20.9,21.21,1.7215,0.1651,-1.3315,-0.3886,-0.4581,1.5544
GEX,2024-07-31,21.07,21.21,20.75,20.93,11480036,20.64,20.91,21.22,1.4267,0.121,-1.3357,-0.5827,-0.549,1.5544
GEX,2024-08-01,21.07,21.07,19.78,19.78,14356979,20.53,20.85,21.18,-3.6306,-5.1296,-6.5786,-2.4779,-2.2363,1.5845
GEX,2024-08-02,19.51,19.87,19.23,19.78,8970076,20.47,20.79,21.15,-3.3708,-4.8567,-6.4566,1.2902,1.1752,1.5141
GEX,2024-08-05,19.69,20.2,18.68,18.68,12783219,20.31,20.68,21.08,-8.0199,-9.6674,-11.3963,-1.8267,-1.7405,1.6098
GEX,2024-08-06,19.05,19.28,18.72,19.18,4808667,20.21,20.55,21.02,-5.0979,-6.6278,-8.7447,0.865,0.758,1.5209
GEX,2024-08-07,19.32,19.51,19.18,19.37,5021318,20.08,20.44,20.98,-3.551,-5.2442,-7.6633,0.2477,0.1949,1.284
GEX,2024-08-08,19.32,19.46,18.86,19.14,7173367,19.93,20.33,20.92,-3.9926,-5.8611,-8.5353,-0.1729,-0.1787,1.2517
GEX,2024-08-09,19.28,19.74,19.18,19.74,5646813,19.83,20.26,20.89,-0.464,-2.5775,-5.5233,1.9119,1.4605,1.2335
GEX,2024-08-12,20.2,20.29,19.69,19.78,12013121,19.73,20.17,20.85,0.2565,-1.9049,-5.1108,-2.6673,-2.2619,1.2431
GEX,2024-08-13,19.87,19.87,19.28,19.51,7159029,19.59,20.08,20.8,-0.4228,-2.8748,-6.2155,-0.7409,-0.6155,1.2783
GEX,2024-08-14,19.69,19.74,19.23,19.23,4613166,19.42,20.03,20.75,-0.9714,-3.9853,-7.3212,-1.734,-1.434,1.3935
GEX,2024-08-15,19.23,19.32,18.95,19.05,3259216,19.35,19.94,20.7,-1.5458,-4.4652,-7.9714,-0.6716,-0.5796,1.2128
GEX,2024-08-16,19.28,19.78,19.09,19.78,10753817,19.35,19.91,20.65,2.2592,-0.6355,-4.2103,1.4629,1.3519,1.2301
GEX,2024-08-19,19.92,20.01,19.74,19.78,6683660,19.46,19.88,20.61,1.6789,-0.4975,-4.005,-1.3681,-1.1857,1.1842
GEX,2024-08-20,19.92,20.1,19.74,20.1,7292349,19.55,19.88,20.58,2.8477,1.1223,-2.3202,1.8484,1.6282,1.2826
GEX,2024-08-21,20.24,20.24,19.78,20.1,5777680,19.62,19.85,20.55,2.4619,1.2746,-2.1715,0.5606,0.4617,1.3139
GEX,2024-08-22,20.15,20.15,19.87,19.97,5899557,19.7,19.82,20.51,1.3309,0.7428,-2.6687,-0.6691,-0.6232,1.3635
GEX,2024-08-23,19.97,19.97,19.74,19.87,5487503,19.72,19.77,20.48,0.7933,0.5119,-2.9344,0.3331,0.3181,1.2056
GEX,2024-08-26,20.06,20.33,19.87,19.87,8128178,19.73,19.73,20.43,0.7463,0.7345,-2.7421,-1.9962,-1.6653,1.1385
GEX,2024-08-27,19.87,20.06,19.78,19.87,5013924,19.76,19.68,20.39,0.5587,1.0054,-2.5403,-0.5765,-0.455,1.122
GEX,2024-08-28,19.97,19.97,19.64,19.78,5401927,19.82,19.62,20.35,-0.1857,0.8325,-2.7853,-0.2447,-0.2296,0.9731
GEX,2024-08-29,19.83,19.87,19.51,19.51,4324280,19.87,19.61,20.31,-1.8064,-0.5045,-3.9594,-1.3663,-1.2231,1.0426
GEX,2024-08-30,19.6,19.74,19.46,19.46,4584985,19.83,19.59,20.27,-1.8789,-0.6576,-4.0076,-1.5009,-1.2879,1.0464
GEX,2024-09-04,19.32,19.64,19.23,19.51,4527393,19.81,19.63,20.26,-1.5099,-0.6328,-3.7108,0.4416,0.3781,0.9537
GEX,2024-09-05,19.64,19.74,19.28,19.46,4713819,19.74,19.64,20.23,-1.4216,-0.9368,-3.8287,-0.3145,-0.254,0.8003
GEX,2024-09-06,19.41,19.51,19.23,19.46,3639516,19.68,19.65,20.21,-1.0989,-0.96,-3.7324,0.8431,0.6492,0.8286
GEX,2024-09-09,19.41,19.6,19.23,19.32,2790723,19.61,19.66,20.19,-1.4779,-1.7084,-4.2975,-0.735,-0.6026,0.8352
GEX,2024-09-10,19.51,19.51,19.05,19.14,4908004,19.54,19.63,20.17,-2.0485,-2.4962,-5.0965,-0.8944,-0.7806,0.8913
GEX,2024-09-11,19.14,19.23,18.91,19.09,4259758,19.46,19.59,20.14,-1.8912,-2.5593,-5.1949,0.2415,0.2201,0.7158
GEX,2024-09-12,19.23,19.37,19.05,19.14,2053263,19.39,19.58,20.11,-1.2815,-2.2327,-4.8186,-0.4397,-0.3725,0.7022
GEX,2024-09-13,19.05,19.18,18.95,18.95,3349114,19.3,19.56,20.07,-1.8113,-3.1044,-5.5652,-1.6554,-1.3803,0.8432
GEX,2024-09-16,18.95,19.09,18.68,18.68,4072355,19.22,19.54,20.03,-2.8243,-4.4256,-6.7353,-1.2729,-1.0043,0.8339
GEX,2024-09-17,18.68,19.14,18.68,19.14,4793851,19.19,19.51,19.99,-0.2637,-1.9099,-4.2622,1.2563,1.0249,0.8094
GEX,2024-09-18,19.14,19.23,19.05,19.09,2824480,19.15,19.48,19.95,-0.2883,-1.9724,-4.3117,-0.5554,-0.4121,0.8208
GEX,2024-09-19,19.09,19.23,19.05,19.09,2551556,19.11,19.43,19.9,-0.0963,-1.717,-4.0507,-0.5403,-0.4453,0.8434
GEX,2024-09-20,19.28,19.41,19.18,19.28,7002716,19.09,19.38,19.85,0.9639,-0.5577,-2.9104,-0.3404,-0.2629,0.7931
GEX,2024-09-23,19.32,19.32,19.09,19.09,3135358,19.07,19.34,19.81,0.1206,-1.2845,-3.6184,-1.2165,-1.0853,0.8413
GEX,2024-09-24,19.14,19.51,19.14,19.41,5764686,19.1,19.32,19.77,1.6622,0.5001,-1.8194,0.8536,0.7311,0.8372
GEX,2024-09-25,19.64,19.78,19.55,19.64,6893607,19.15,19.31,19.73,2.5703,1.7515,-0.4569,-0.2957,-0.2541,0.8426
GEX,2024-09-26,19.64,19.78,19.46,19.6,4973268,19.2,19.29,19.7,2.0848,1.5858,-0.5324,-0.1606,-0.1419,0.8147
GEX,2024-09-27,19.74,19.78,19.55,19.69,6400971,19.27,19.29,19.69,2.1724,2.0871,0.0,0.3733,0.3345,0.6865
GEX,2024-09-30,19.69,20.01,19.64,20.01,8280892,19.4,19.31,19.67,3.1294,3.6208,1.7258,2.6694,2.3145,0.8262
GEX,2024-10-01,20.01,20.24,19.92,20.01,10136794,19.49,19.34,19.67,2.667,3.4729,1.7591,-0.9144,-0.777,0.792
GEX,2024-10-02,19.92,20.01,19.74,19.74,6107667,19.56,19.35,19.65,0.9174,1.985,0.4166,-1.6056,-1.5237,0.897
GEX,2024-10-03,19.74,19.83,19.46,19.51,7368232,19.6,19.35,19.64,-0.4695,0.7844,-0.6933,-0.8577,-0.8059,0.9287
GEX,2024-10-04,19.51,19.6,19.41,19.51,2614945,19.62,19.36,19.62,-0.5862,0.7724,-0.5722,-0.0,-0.0,0.8947
GEX,2024-10-07,19.55,19.6,19.09,19.23,7704520,19.64,19.35,19.59,-2.0619,-0.63,-1.8411,-1.5213,-1.2642,0.9252
GEX,2024-10-08,19.14,19.37,19.09,19.14,4253761,19.61,19.35,19.56,-2.3932,-1.1054,-2.1453,-0.7462,-0.619,0.9144
GEX,2024-10-09,19.23,19.32,19.14,19.28,3033324,19.57,19.36,19.53,-1.5044,-0.4396,-1.291,0.4242,0.3192,0.9273
GEX,2024-10-10,19.46,19.51,19.32,19.46,4492514,19.56,19.38,19.5,-0.494,0.4274,-0.1982,0.5002,0.3826,0.9612
GEX,2024-10-11,19.46,19.51,19.32,19.32,4119386,19.52,19.4,19.47,-1.0134,-0.3795,-0.7421,-1.5232,-1.1525,1.0762
GEX,2024-10-14,19.51,19.55,18.91,18.95,9041186,19.41,19.41,19.45,-2.3697,-2.3465,-2.5498,-1.9647,-1.6573,1.0057
GEX,2024-10-15,19.0,19.14,18.77,18.77,5621627,19.29,19.39,19.43,-2.695,-3.2028,-3.3954,-1.3108,-1.127,1.0454
GEX,2024-10-16,18.77,19.05,18.68,18.68,5727123,19.18,19.37,19.43,-2.6379,-3.5744,-3.8689,-2.1819,-1.6373,1.103
GEX,2024-10-17,18.72,18.95,18.45,18.77,6889686,19.11,19.35,19.42,-1.7814,-3.0188,-3.3542,0.3957,0.3396,1.0568
GEX,2024-10-18,18.86,19.05,18.77,18.86,4054436,19.05,19.33,19.41,-0.9662,-2.439,-2.8298,-0.3433,-0.3011,1.0911
GEX,2024-10-21,18.86,19.41,18.77,19.18,12126334,19.04,19.34,19.41,0.749,-0.7969,-1.1755,0.8641,0.6884,1.0254
GEX,2024-10-22,19.23,19.37,18.95,19.09,7036357,19.04,19.32,19.4,0.29,-1.1905,-1.5841,-0.683,-0.5355,1.0191
GEX,2024-10-23,19.09,19.14,18.95,18.95,4803710,19.0,19.29,19.38,-0.2663,-1.7293,-2.2121,-1.9639,-1.6268,1.1731
GEX,2024-10-24,18.91,19.18,18.86,18.86,5155361,18.94,19.25,19.37,-0.4371,-2.0194,-2.6221,-1.12,-0.9093,1.2351
GEX,2024-10-25,18.91,19.0,18.77,18.82,2897169,18.89,19.21,19.36,-0.4139,-2.0359,-2.818,-0.6214,-0.4864,1.1449
GEX,2024-10-28,18.86,19.18,18.77,18.95,3651446,18.89,19.15,19.36,0.3165,-1.0448,-2.0959,-0.2009,-0.1552,0.9685
GEX,2024-10-29,19.0,19.23,18.95,19.14,4531631,18.93,19.11,19.35,1.0935,0.1444,-1.0796,0.5906,0.4576,0.8965
GEX,2024-10-30,19.14,19.14,18.82,18.86,3423273,18.95,19.07,19.33,-0.4613,-1.0737,-2.4135,-1.2262,-0.8356,0.8009
GEX,2024-10-31,18.86,18.91,18.68,18.77,3663908,18.95,19.03,19.3,-0.9468,-1.3659,-2.7553,-0.3242,-0.2472,0.7938
GEX,2024-11-01,18.72,18.82,18.59,18.59,4702922,18.92,18.98,19.27,-1.7749,-2.0962,-3.5569,-1.4074,-1.0417,0.9002
GEX,2024-11-04,18.54,18.63,18.13,18.22,6463536,18.83,18.93,19.24,-3.2258,-3.7784,-5.2949,-1.3248,-1.0423,0.9462
GEX,2024-11-05,18.31,18.36,18.08,18.13,4015396,18.73,18.88,19.2,-3.2179,-4.0078,-5.6016,-1.3817,-1.0566,1.0161
GEX,2024-11-06,18.26,18.68,18.08,18.59,4213444,18.69,18.85,19.18,-0.5661,-1.3913,-3.0757,0.9068,0.6937,0.9104
GEX,2024-11-07,18.72,18.72,18.45,18.49,2447633,18.66,18.8,19.15,-0.8631,-1.6273,-3.4165,-0.5846,-0.4735,0.8568
GEX,2024-11-08,18.45,18.54,18.26,18.26,3118470,18.6,18.75,19.12,-1.8056,-2.5767,-4.4663,-1.0706,-0.791,0.9018
GEX,2024-11-11,18.22,18.26,17.85,18.13,8613381,18.52,18.71,19.09,-2.1118,-3.0989,-5.0511,0.7716,0.52,0.9588
GEX,2024-11-12,18.13,18.26,17.9,17.9,5671581,18.39,18.66,19.06,-2.7014,-4.1045,-6.1022,-1.741,-1.2625,1.0739
GEX,2024-11-13,17.85,17.9,17.34,17.48,9816392,18.25,18.6,19.02,-4.2338,-6.022,-8.0793,-1.6577,-1.1758,1.117
GEX,2024-11-14,17.39,17.48,16.7,16.75,12479242,18.05,18.5,18.96,-7.2375,-9.4865,-11.6976,-2.7957,-1.9669,1.3642
GEX,2024-11-15,16.65,17.16,16.61,16.93,9082099,17.89,18.4,18.91,-5.3498,-8.0115,-10.4884,0.3852,0.2926,1.262
GEX,2024-11-18,16.79,16.93,16.42,16.61,6893315,17.73,18.28,18.86,-6.3068,-9.1252,-11.9383,-0.7647,-0.524,1.2059
GEX,2024-11-19,16.61,16.7,15.73,15.83,13343114,17.5,18.11,18.79,-9.5451,-12.6238,-15.7895,-3.2068,-1.9358,1.3885
GEX,2024-11-20,15.78,16.19,15.73,16.06,7112354,17.24,17.97,18.73,-6.8837,-10.6389,-14.2885,1.0861,0.655,1.4064
GEX,2024-11-21,16.06,16.7,15.96,16.65,10647006,17.06,17.86,18.68,-2.3733,-6.7371,-10.8594,3.5126,2.4105,1.6992
GEX,2024-11-22,16.65,16.7,16.38,16.61,9498517,16.89,17.75,18.64,-1.6884,-6.4161,-10.8818,1.5401,1.1887,1.7461
GEX,2024-11-25,16.61,17.3,16.56,17.21,9643694,16.8,17.66,18.61,2.4096,-2.5661,-7.5265,3.1809,2.4332,1.9871
GEX,2024-11-26,17.3,17.34,17.11,17.16,6705787,16.73,17.56,18.57,2.5853,-2.2793,-7.5772,-1.7177,-1.3327,1.9847
GEX,2024-11-27,17.02,17.25,16.98,17.16,4207931,16.7,17.48,18.53,2.7831,-1.8033,-7.3844,0.7521,0.531,1.8942
GEX,2024-11-28,17.3,17.48,17.11,17.34,5817695,16.76,17.4,18.49,3.5146,-0.3436,-6.2142,0.6755,0.5076,1.6822
GEX,2024-11-29,17.34,17.44,17.25,17.3,3840899,16.79,17.34,18.45,3.0137,-0.2388,-6.2625,-0.75,-0.5099,1.7186
GEX,2024-12-02,17.3,17.48,17.25,17.25,3128286,16.86,17.29,18.42,2.3472,-0.2261,-6.3249,-1.9134,-1.3007,1.8335
GEX,2024-12-03,17.34,17.48,17.16,17.21,3188960,16.99,17.25,18.37,1.2452,-0.2268,-6.3502,-0.7035,-0.5437,1.5832
GEX,2024-12-04,17.3,17.34,17.11,17.16,4113007,17.1,17.17,18.32,0.3228,-0.0804,-6.3473,-0.7757,-0.597,1.5521
GEX,2024-12-05,17.21,17.76,17.02,17.76,5797502,17.22,17.14,18.29,3.1534,3.6242,-2.8882,0.8102,0.6572,1.2819
GEX,2024-12-06,17.8,17.94,17.53,17.53,5861920,17.31,17.1,18.24,1.2759,2.502,-3.9189,-1.6808,-1.307,1.296
GEX,2024-12-09,17.57,17.67,17.39,17.53,4337976,17.34,17.07,18.19,1.0878,2.6816,-3.6565,-0.0001,-0.0001,0.9779
GEX,2024-12-10,17.48,17.62,17.39,17.44,2938488,17.37,17.05,18.14,0.3974,2.2804,-3.89,-0.6639,-0.52,0.8725
GEX,2024-12-11,17.34,17.53,17.02,17.11,3703168,17.36,17.03,18.09,-1.4309,0.4998,-5.3917,-1.0504,-0.8046,0.9023
GEX,2024-12-12,17.21,17.34,17.11,17.16,2839468,17.34,17.05,18.04,-1.061,0.6476,-4.8906,-0.6042,-0.4392,0.8952
GEX,2024-12-13,17.21,17.25,17.02,17.02,1841259,17.32,17.05,17.99,-1.7003,-0.1888,-5.3951,-0.947,-0.6878,0.9149
GEX,2024-12-16,17.02,17.67,17.02,17.48,5182207,17.34,17.1,17.96,0.8225,2.2468,-2.6489,1.2175,0.9504,0.8453
GEX,2024-12-17,17.34,17.8,17.34,17.62,4490943,17.38,17.19,17.93,1.3764,2.5161,-1.7142,0.5214,0.3542,0.8271
GEX,2024-12-18,17.62,17.85,17.62,17.85,4497908,17.45,17.28,17.9,2.2937,3.3152,-0.2724,1.9772,1.6377,0.9473
GEX,2024-12-19,17.67,17.71,17.39,17.67,5278618,17.44,17.33,17.86,1.2926,1.9514,-1.1023,1.1024,0.8545,0.9765
GEX,2024-12-20,17.62,17.94,17.57,17.9,3992975,17.48,17.39,17.83,2.3954,2.8964,0.3457,0.962,0.8373,0.9046
GEX,2024-12-23,17.94,17.94,17.71,17.71,1862195,17.5,17.42,17.81,1.2359,1.6904,-0.5476,-0.8535,-0.6485,0.9899
GEX,2024-12-24,17.57,17.9,17.53,17.76,3568178,17.53,17.45,17.79,1.3124,1.7798,-0.1758,0.2817,0.2241,0.9517
GEX,2024-12-25,17.76,18.03,17.76,17.8,3627674,17.6,17.48,17.77,1.1765,1.8555,0.1812,-0.7004,-0.5389,0.9167
GEX,2024-12-26,17.85,17.94,17.71,17.8,3463880,17.66,17.5,17.75,0.8075,1.7216,0.2902,-0.2314,-0.1893,0.8794
GEX,2024-12-27,17.9,17.9,17.71,17.8,3132577,17.74,17.53,17.73,0.3631,1.5748,0.4099,0.0,0.0,0.7847
GEX,2024-12-30,17.71,17.85,17.39,17.62,2035188,17.75,17.55,17.7,-0.7515,0.4195,-0.4523,-0.0,-0.0,0.663
GEX,2024-12-31,17.57,17.62,17.39,17.57,3361027,17.75,17.56,17.67,-0.9849,0.0524,-0.5415,0.7587,0.5509,0.6867
GEX,2025-01-02,17.57,17.57,17.39,17.48,1700415,17.71,17.58,17.64,-1.2987,-0.5626,-0.8971,0.0,0.0,0.489
GEX,2025-01-03,17.44,17.48,16.93,16.93,3803974,17.64,17.54,17.6,-4.0167,-3.4754,-3.816,-0.9661,-0.7084,0.4754
GEX,2025-01-06,17.02,17.02,16.42,16.56,4390248,17.5,17.49,17.56,-5.3877,-5.313,-5.6653,-0.777,-0.5664,0.4569
GEX,2025-01-07,16.56,16.79,16.52,16.7,2325199,17.4,17.45,17.51,-4.0444,-4.2974,-4.6343,0.28,0.2054,0.3995
GEX,2025-01-08,16.61,16.84,16.61,16.75,1462906,17.3,17.42,17.46,-3.2172,-3.8436,-4.1096,0.1449,0.1046,0.3858
GEX,2025-01-09,16.7,17.16,16.7,17.07,3219034,17.23,17.41,17.43,-0.9346,-1.9815,-2.0643,1.1198,0.863,0.4278
GEX,2025-01-10,17.02,17.34,16.93,17.11,4334786,17.16,17.41,17.39,-0.2681,-1.7043,-1.6134,-0.1334,-0.1079,0.418
GEX,2025-01-13,16.93,17.16,16.88,17.11,1616214,17.09,17.42,17.37,0.1346,-1.7303,-1.4465,0.4293,0.3242,0.4609
GEX,2025-01-14,17.02,17.34,17.02,17.11,2124838,17.04,17.4,17.34,0.4319,-1.6264,-1.321,-0.463,-0.3613,0.5072
GEX,2025-01-15,17.16,17.44,17.11,17.44,2502796,17.03,17.39,17.33,2.4048,0.2778,0.6159,1.0826,0.9295,0.5396
GEX,2025-01-16,17.57,17.67,17.39,17.57,2078341,17.04,17.37,17.31,3.1596,1.1519,1.531,0.3339,0.2626,0.573
GEX,2025-01-17,17.48,17.67,17.44,17.57,2840574,17.1,17.37,17.29,2.7711,1.1787,1.639,0.2853,0.2076,0.5049
GEX,2025-01-20,17.62,17.67,17.44,17.44,3140871,17.19,17.35,17.27,1.4454,0.5172,0.9375,-1.6379,-1.2898,0.591
GEX,2025-01-21,17.44,17.62,17.44,17.44,4260058,17.26,17.33,17.26,1.0128,0.5972,1.0182,-2.2666,-1.8832,0.7897
GEX,2025-01-22,17.44,17.53,17.21,17.21,1365628,17.31,17.3,17.25,-0.5848,-0.5716,-0.2348,-0.4859,-0.3879,0.8238
GEX,2025-01-23,17.16,17.57,17.11,17.39,2863258,17.34,17.28,17.24,0.2919,0.6122,0.8431,0.2219,0.1606,0.734
GEX,2025-01-24,17.39,18.59,17.34,18.59,20520595,17.49,17.32,17.28,6.2878,7.2899,7.5498,7.5241,5.9968,1.4731
GEX,2025-02-03,18.86,19.51,18.68,19.32,13362440,17.71,17.4,17.33,9.1192,11.0523,11.5005,3.1072,2.1359,1.7408
GEX,2025-02-04,19.32,19.64,19.23,19.51,9330727,17.95,17.49,17.39,8.6901,11.5056,12.1871,0.9629,0.9703,1.7908
GEX,2025-02-05,19.64,19.87,19.37,19.69,10235019,18.17,17.6,17.46,8.3545,11.8808,12.7444,0.939,0.883,1.7765
GEX,2025-02-06,19.74,19.83,19.46,19.74,7494078,18.39,17.71,17.54,7.3305,11.4286,12.5334,1.5241,1.3851,1.8955
GEX,2025-02-07,19.74,20.15,19.64,19.78,7981014,18.61,17.85,17.6,6.3041,10.7962,12.3948,-1.2491,-1.0766,1.9919
GEX,2025-02-10,19.74,19.74,19.32,19.32,6607804,18.8,17.99,17.65,2.79,7.3894,9.4434,-1.6353,-1.2722,1.9916
GEX,2025-02-11,19.41,19.69,19.32,19.51,5439800,19.0,18.13,17.7,2.6386,7.5732,10.1985,-0.0001,-0.0,1.765
GEX,2025-02-12,19.51,20.2,19.51,19.83,9559996,19.27,18.29,17.75,2.9131,8.4277,11.6812,-0.2442,-0.2261,1.7408
GEX,2025-02-13,20.01,20.61,19.97,20.43,12711015,19.57,18.45,17.82,4.3724,10.6818,14.628,2.0389,1.7433,1.9225
GEX,2025-02-14,20.52,20.56,20.15,20.24,6375964,19.74,18.61,17.88,2.5641,8.7628,13.227,-0.9497,-0.8478,1.2651
GEX,2025-02-17,20.33,20.98,20.29,20.66,12270042,19.87,18.79,17.94,3.9592,9.9412,15.1105,0.2033,0.1977,0.9747
GEX,2025-02-18,20.66,20.84,20.47,20.7,8277081,19.99,18.97,18.01,3.5673,9.1438,14.9249,0.7073,0.7379,0.9491
GEX,2025-02-19,20.75,20.98,20.66,20.89,9973207,20.11,19.14,18.09,3.8664,9.1215,15.4746,0.9703,1.0254,0.9522
GEX,2025-02-20,20.89,20.98,20.7,20.7,11034417,20.21,19.3,18.16,2.459,7.2834,14.0106,-3.0906,-2.9061,1.1089
GEX,2025-02-21,20.56,20.84,20.56,20.66,7969612,20.29,19.45,18.22,1.791,6.1968,13.3953,-0.8687,-0.8244,1.0708
GEX,2025-02-24,20.66,21.3,20.66,21.07,13990036,20.47,19.63,18.29,2.9445,7.3228,15.2201,0.8689,0.8024,0.9942
GEX,2025-02-25,21.16,21.25,20.98,21.07,10596826,20.62,19.81,18.36,2.1637,6.3385,14.7755,-0.9107,-0.9349,1.0852
GEX,2025-02-26,21.12,21.16,20.93,21.07,7353414,20.75,20.01,18.43,1.5521,5.3116,14.3228,0.3807,0.3905,1.0989
GEX,2025-02-27,21.07,21.07,20.29,20.75,11937603,20.78,20.18,18.5,-0.155,2.8389,12.1332,0.3827,0.3799,0.9333
GEX,2025-02-28,20.75,21.12,20.75,20.93,8358754,20.85,20.29,18.58,0.3972,3.1512,12.6684,0.0001,0.0001,0.8383
GEX,2025-03-03,21.07,21.76,20.98,21.39,15842899,20.92,20.4,18.67,2.2428,4.8833,14.6054,0.2404,0.2502,0.842
GEX,2025-03-04,21.39,21.53,20.29,21.35,22825246,20.99,20.49,18.74,1.7098,4.1877,13.8874,4.3018,3.9763,1.2015
GEX,2025-03-05,21.35,21.99,20.98,20.98,13541138,21.0,20.55,18.81,-0.0876,2.0705,11.5242,-2.147,-2.1174,1.3192
GEX,2025-03-06,21.16,21.62,20.93,21.53,13180526,21.08,20.64,18.88,2.1388,4.3013,14.0128,1.2606,1.3587,1.1362
GEX,2025-03-07,21.53,21.67,21.25,21.35,6679661,21.15,20.72,18.96,0.9354,3.0195,12.5995,-0.765,-0.7885,1.1258
GEX,2025-03-10,21.39,21.48,21.02,21.12,7113963,21.15,20.81,19.02,-0.174,1.4701,11.009,-0.9216,-0.8644,1.1311
GEX,2025-03-11,20.79,21.07,20.75,20.98,4787238,21.14,20.88,19.09,-0.7833,0.4516,9.906,0.3452,0.3283,1.0745
GEX,2025-03-12,21.02,21.44,21.02,21.16,7241529,21.15,20.95,19.16,0.0435,1.0101,10.476,-0.4469,-0.4303,1.0811
GEX,2025-03-13,21.25,21.39,20.79,20.98,9329922,21.18,20.98,19.22,-0.9342,0.0,9.1536,-0.5881,-0.5714,1.1017
GEX,2025-03-14,20.93,21.02,20.52,20.75,6397493,21.16,21.0,19.28,-1.9352,-1.2157,7.6269,-0.1089,-0.1048,1.1126
GEX,2025-03-17,20.84,21.21,20.84,21.12,5199950,21.13,21.03,19.34,-0.0653,0.4267,9.161,0.6962,0.6557,1.1581
GEX,2025-03-18,21.3,21.44,20.84,20.84,3693610,21.08,21.03,19.41,-1.1349,-0.9187,7.3765,-0.6778,-0.6634,0.7957
GEX,2025-03-19,20.79,21.07,20.7,20.98,4087132,21.08,21.04,19.48,-0.4801,-0.2843,7.7098,0.51,0.4248,0.632
GEX,2025-03-20,21.12,21.94,20.93,21.94,17829425,21.12,21.1,19.57,3.8989,4.0009,12.1561,4.6068,4.9991,0.9667
GEX,2025-03-21,21.94,22.04,21.39,21.39,9411399,21.13,21.14,19.66,1.2631,1.208,8.8381,-2.4206,-2.5993,1.1322
GEX,2025-03-24,21.48,21.62,21.3,21.44,5728655,21.16,21.16,19.75,1.3264,1.3374,8.5336,-0.161,-0.1597,1.0562
GEX,2025-03-25,21.48,21.94,21.39,21.58,20508627,21.22,21.18,19.85,1.6913,1.868,8.6957,-1.8957,-1.9003,1.2112
GEX,2025-03-26,21.62,21.85,21.16,21.25,6291802,21.23,21.19,19.94,0.13,0.3039,6.5891,-1.4418,-1.3095,1.3107
GEX,2025-03-27,21.39,21.71,21.3,21.44,6809851,21.27,21.22,20.03,0.7785,1.0079,7.0428,-0.6491,-0.6774,1.3168
GEX,2025-03-28,21.44,21.53,21.21,21.48,5491090,21.35,21.25,20.12,0.6466,1.0932,6.8063,1.2867,1.2637,1.4346
GEX,2025-03-31,21.25,21.62,21.07,21.62,8253073,21.4,21.26,20.21,1.0535,1.6876,7.0127,1.8668,1.7655,1.5516
GEX,2025-04-01,21.9,22.68,21.81,22.45,32864008,21.56,21.32,20.31,4.14,5.3086,10.5273,5.4497,5.4514,2.0288
GEX,2025-04-02,23.0,23.69,22.77,23.6,31841532,21.82,21.45,20.44,8.1594,10.0268,15.4885,6.4221,7.3702,2.62
GEX,2025-04-03,22.45,22.82,21.99,21.99,29255037,21.82,21.47,20.52,0.7588,2.4103,7.146,-1.7333,-1.8028,2.3327
GEX,2025-04-04,20.47,21.71,20.47,21.71,22661230,21.86,21.49,20.61,-0.6525,1.0382,5.3759,1.5953,1.6904,2.2501
GEX,2025-04-08,20.79,21.12,20.2,20.2,12429506,21.73,21.45,20.66,-7.0703,-5.8243,-2.2533,-1.2154,-1.2129,2.3556
GEX,2025-04-09,18.82,19.32,18.82,18.82,16643489,21.46,21.34,20.69,-12.307,-11.8154,-9.0545,-1.5264,-1.5663,2.3187
GEX,2025-04-10,20.1,20.1,20.1,20.1,656524,21.34,21.28,20.75,-5.7987,-5.5442,-3.0999,0.0,0.0,2.1745
GEX,2025-04-11,20.24,21.12,19.55,21.02,22571245,21.3,21.29,20.82,-1.2959,-1.2319,0.9811,1.4432,1.4192,2.2539
GEX,2025-04-14,21.25,22.45,21.07,22.45,12769136,21.4,21.37,20.9,4.9237,5.0479,7.4322,2.0286,2.0013,2.3281
GEX,2025-04-15,21.94,23.6,21.94,23.14,18961806,21.55,21.47,20.97,7.3868,7.7664,10.3312,1.6914,1.6881,2.3105
GEX,2025-04-16,23.28,23.51,22.91,22.91,14691391,21.59,21.58,21.04,6.0929,6.1834,8.881,-3.5535,-3.3353,2.1209
GEX,2025-04-17,22.82,24.2,22.63,24.2,17987230,21.65,21.74,21.13,11.7484,11.3227,14.5121,4.1882,4.4425,1.8975
GEX,2025-04-18,24.84,25.85,24.47,25.3,27695232,21.99,21.91,21.24,15.0868,15.5098,19.1095,0.8803,1.1842,1.8122
GEX,2025-04-21,25.85,26.36,24.24,25.12,19011588,22.33,22.09,21.35,12.5077,13.7026,17.6521,-0.6873,-0.8728,1.7214
GEX,2025-04-22,24.84,25.53,23.37,24.2,32653525,22.73,22.23,21.45,6.4777,8.8576,12.8271,-0.8351,-0.9833,1.6834
GEX,2025-04-23,25.03,25.12,24.52,24.8,10165866,23.32,22.39,21.55,6.3116,10.7458,15.048,-0.1954,-0.2231,1.5503
GEX,2025-04-24,25.35,25.67,23.55,24.66,21101410,23.78,22.56,21.65,3.6951,9.2985,13.8972,0.2652,0.2955,1.5768
GEX,2025-04-25,24.61,24.94,24.38,24.89,8473013,24.17,22.73,21.74,3.0091,9.5037,14.5122,1.3739,1.4461,1.5699
GEX,2025-04-28,25.27,25.27,24.14,24.43,6269854,24.36,22.88,21.82,0.2499,6.7509,11.925,-1.0476,-1.217,1.4718
GEX,2025-04-29,24.66,25.03,24.19,24.85,6179896,24.54,23.04,21.91,1.2723,7.8351,13.4228,1.1131,1.2897,1.414
GEX,2025-05-05,25.18,26.58,25.18,26.58,19175817,24.9,23.25,22.02,6.7449,14.3381,20.6931,5.2037,6.4524,1.579
GEX,2025-05-06,27.0,27.57,26.58,26.82,11806045,25.16,23.41,22.14,6.566,14.5541,21.1053,-1.263,-1.8675,1.2865
GEX,2025-05-07,26.96,28.32,26.82,27.89,13103556,25.42,23.7,22.29,9.7209,17.6763,25.1618,1.4012,1.9523,1.3386
GEX,2025-05-08,28.04,28.46,27.89,28.41,10254489,25.75,24.04,22.44,10.321,18.1827,26.5948,2.0786,2.4611,1.4777
GEX,2025-05-09,28.55,28.55,27.89,28.13,8094208,26.15,24.44,22.58,7.5867,15.1132,24.5578,-0.5894,-0.8287,1.4531
GEX,2025-05-12,28.13,28.6,28.04,28.18,6167764,26.48,24.9,22.73,6.391,13.1383,23.9852,-0.5616,-0.739,1.4897
GEX,2025-05-13,28.36,28.36,27.47,27.66,14572342,26.78,25.28,22.86,3.2733,9.4078,21.0141,-1.7587,-2.15,1.6391
GEX,2025-05-14,28.5,28.75,28.06,28.55,5775805,27.15,25.66,23.01,5.1613,11.2726,24.0617,0.4933,0.5575,1.551
GEX,2025-05-15,28.65,28.7,27.57,27.86,10458153,27.49,25.93,23.15,1.3404,7.4537,20.3424,-0.9947,-1.362,1.5457
GEX,2025-05-16,27.91,29.19,27.86,28.9,9493449,27.9,26.22,23.3,3.5755,10.2175,24.0038,0.8154,1.1301,1.516
GEX,2025-05-19,28.9,30.22,28.7,29.19,10404570,28.16,26.53,23.46,3.6649,10.0263,24.4335,-0.7611,-1.0762,1.0717
GEX,2025-05-20,29.24,29.98,29.19,29.93,9859570,28.47,26.82,23.64,5.1252,11.6042,26.6149,1.7364,2.2347,1.1191
GEX,2025-05-21,30.37,32.0,30.32,32.0,22258335,28.88,27.15,23.85,10.791,17.843,34.1732,4.0531,5.9771,1.3842
GEX,2025-05-22,32.49,34.21,31.31,31.5,37390569,29.19,27.47,24.05,7.9304,14.6816,30.993,-4.9443,-7.822,1.6708
GEX,2025-05-23,32.49,33.18,31.8,33.18,14344966,29.69,27.92,24.29,11.7317,18.832,36.5821,3.5534,5.8771,1.9672
GEX,2025-05-26,33.67,34.56,32.83,34.56,13873685,30.33,28.41,24.56,13.9256,21.6427,40.6834,1.8731,2.9896,2.0983
GEX,2025-05-27,35.25,35.74,34.75,35.44,12877916,31.11,28.95,24.85,13.924,22.4379,42.6323,0.9236,1.5941,2.0148
GEX,2025-05-28,35.44,35.69,33.97,34.95,11384079,31.75,29.45,25.13,10.0775,18.6761,39.0873,0.3135,0.52,1.9969
GEX,2025-05-29,35.15,37.36,35.0,35.25,21266414,32.49,29.99,25.42,8.4848,17.5202,38.6627,-2.767,-4.5945,2.1741
GEX,2025-05-30,35.25,35.44,34.46,34.9,7791520,33.09,30.49,25.69,5.4745,14.453,35.8338,-0.1314,-0.2086,2.1057
GEX,2025-06-02,34.9,35.15,34.36,34.46,7273182,33.62,30.89,25.97,2.504,11.5595,32.7029,-0.9004,-1.7669,2.1196
GEX,2025-06-03,34.7,35.89,34.56,35.34,12002736,34.16,31.31,26.25,3.4731,12.8702,34.6257,0.4023,0.7223,1.9862
GEX,2025-06-04,35.74,36.87,35.69,36.43,14269374,34.6,31.74,26.54,5.2781,14.7651,37.2367,0.6438,1.1254,1.6453
GEX,2025-06-05,36.92,36.92,35.39,35.93,10640939,35.04,32.12,26.83,2.5425,11.8881,33.9148,-0.6545,-1.095,1.2163
GEX,2025-06-06,36.23,36.57,35.2,35.44,12542238,35.27,32.48,27.11,0.4885,9.1132,30.716,-1.2854,-2.1588,0.9895
GEX,2025-06-09,35.64,35.84,34.16,34.46,9525343,35.26,32.8,27.37,-2.2756,5.0663,25.8889,-1.2148,-1.9977,0.9237
GEX,2025-06-10,34.46,35.54,34.46,35.1,7495166,35.23,33.17,27.65,-0.3633,5.8178,26.9428,0.3567,0.5803,0.867
GEX,2025-06-11,35.34,35.34,33.28,33.47,10001371,35.08,33.41,27.89,-4.5748,0.1768,20.0226,-3.0518,-4.1983,1.1408
GEX,2025-06-12,33.92,33.97,33.08,33.97,6550236,34.95,33.72,28.14,-2.8169,0.7299,20.7072,1.5527,2.4719,1.0194
GEX,2025-06-13,33.87,33.87,32.49,33.37,9705217,34.8,33.94,28.37,-4.0883,-1.675,17.6255,0.4933,0.7853,1.0556
GEX,2025-06-16,33.42,34.85,33.33,34.46,7720923,34.8,34.21,28.61,-0.9761,0.7339,20.423,0.5846,0.8813,1.024
GEX,2025-06-17,34.8,34.8,33.97,34.26,3431055,34.69,34.42,28.83,-1.2346,-0.4719,18.8493,-0.2495,-0.4023,1.0087
GEX,2025-06-18,34.31,34.85,34.16,34.36,7055805,34.48,34.54,29.07,-0.3569,-0.5273,18.1768,-0.6656,-1.0228,1.0109
GEX,2025-06-19,34.46,34.95,34.01,34.46,10777867,34.33,34.69,29.33,0.3584,-0.667,17.4855,-0.1445,-0.2322,0.9599
GEX,2025-06-20,34.8,35.15,34.36,34.56,10902336,34.25,34.76,29.62,0.9056,-0.5807,16.6787,-1.1986,-1.7889,0.9512
GEX,2025-06-23,34.75,35.49,34.61,35.34,14067495,34.33,34.8,29.95,2.9391,1.5702,18.0208,2.366,3.4811,1.0663
GEX,2025-06-24,36.43,36.82,35.59,36.67,27177469,34.49,34.86,30.28,6.3222,5.2037,21.1187,4.1309,6.357,1.4437
GEX,2025-06-25,36.97,37.56,36.82,36.92,18352989,34.84,34.96,30.6,5.9771,5.6115,20.6647,-2.7686,-4.5804,1.4154
GEX,2025-06-26,37.31,37.31,36.13,36.92,11327995,35.13,35.04,30.89,5.0862,5.3593,19.5342,1.0152,1.5935,1.3617
GEX,2025-06-27,37.02,37.31,36.28,36.72,11462118,35.47,35.13,31.16,3.5392,4.5257,17.8602,-0.3866,-0.6142,1.351
GEX,2025-06-30,37.07,37.12,36.77,36.82,7355376,35.7,35.25,31.44,3.1297,4.4547,17.1303,-1.2923,-2.0956,1.4218
GEX,2025-07-01,37.02,37.02,36.18,36.43,10588011,35.92,35.3,31.68,1.4115,3.179,14.9831,-1.2106,-1.8576,1.5179
GEX,2025-07-02,36.52,37.56,36.33,37.51,16467805,36.23,35.36,31.92,3.5185,6.0838,17.496,2.5059,4.3558,1.7019
GEX,2025-07-03,37.71,40.12,37.26,39.23,25349723,36.71,35.52,32.21,6.8651,10.4414,21.8158,1.8491,3.0685,1.8724
GEX,2025-07-04,39.72,39.87,38.64,39.38,14229783,37.19,35.72,32.51,5.8761,10.246,21.1323,0.8061,1.3446,1.8331
GEX,2025-07-07,40.12,40.12,37.71,38.4,19928680,37.5,35.92,32.78,2.3891,6.9006,17.1241,-1.1283,-2.3701,1.7094
GEX,2025-07-08,38.44,38.89,37.9,38.89,8469910,37.72,36.11,33.07,3.0928,7.7028,17.6048,1.3894,2.4278,1.4352
GEX,2025-07-09,39.33,39.77,38.54,38.94,14880501,37.92,36.38,33.35,2.6739,7.0293,16.762,-0.7336,-1.258,1.2317
GEX,2025-07-10,39.08,39.43,38.59,39.18,7132850,38.15,36.64,33.64,2.7097,6.9389,16.4692,0.4983,0.8531,1.18
GEX,2025-07-11,39.43,40.17,39.13,39.38,14602216,38.42,36.94,33.93,2.5115,6.6027,16.0518,-1.211,-1.9796,1.2625
GEX,2025-07-14,39.77,39.77,38.59,39.08,10582360,38.64,37.17,34.18,1.1465,5.1447,14.3389,-0.2304,-0.429,1.1563
GEX,2025-07-15,39.28,41.79,38.89,41.3,22047775,39.13,37.52,34.47,5.5479,10.0617,19.8038,1.3423,2.3999,1.1694
GEX,2025-07-16,41.3,42.04,41.1,42.04,11556466,39.58,37.91,34.76,6.2057,10.8947,20.9532,1.5272,3.1845,1.0716
GEX,2025-07-17,42.28,42.83,41.64,42.24,12097851,39.88,38.3,35.03,5.8998,10.2828,20.5607,0.0,0.0,0.8867
GEX,2025-07-18,42.33,42.43,41.45,41.74,7598751,40.12,38.66,35.3,4.0491,7.9842,18.2366,-0.3877,-0.7269,0.8448
GEX,2025-07-21,42.14,44.11,41.79,43.71,15603232,40.65,39.07,35.62,7.5321,11.867,22.7336,1.1208,2.1586,0.8441
GEX,2025-07-22,43.71,46.76,43.42,46.76,17305965,41.44,39.58,36.0,12.8534,18.1519,29.9092,1.705,3.2648,0.8756
GEX,2025-07-23,48.54,49.22,47.45,48.14,11079592,42.36,40.14,36.39,13.6549,19.9338,32.298,-0.3088,-0.5825,0.8331
GEX,2025-07-24,48.24,49.22,47.21,49.22,10911634,43.36,40.76,36.82,13.5203,20.7802,33.7041,1.5794,3.2691,0.9412
GEX,2025-07-25,50.11,52.67,49.52,52.67,19371794,44.69,41.55,37.29,17.8544,26.7547,41.2392,2.0361,4.2048,1.0238
GEX,2025-07-28,56.12,56.31,54.64,56.31,11925885,46.41,42.53,37.83,21.3278,32.4151,48.842,0.9626,2.4823,1.097
GEX,2025-07-29,57.4,60.25,52.38,52.38,30737928,47.52,43.33,38.28,10.2134,20.8885,36.8102,-1.1227,-2.4995,1.075
GEX,2025-07-30,53.46,56.02,52.57,56.02,14884308,48.92,44.25,38.76,14.51,26.5921,44.5116,1.3092,3.2004,1.0532
GEX,2025-07-31,57.89,58.77,55.82,58.77,11098965,50.57,45.23,39.31,16.2157,29.9521,49.5191,1.0919,2.6275,1.1624
GEX,2025-08-01,58.87,58.87,55.03,55.03,11459405,51.9,46.01,39.75,6.0319,19.6106,38.4623,-1.3928,-2.9128,1.2629
GEX,2025-08-04,54.34,56.51,53.06,55.72,14166874,53.1,46.88,40.17,4.9314,18.8701,38.7187,0.7259,1.7008,1.2234
GEX,2025-08-05,57.59,59.56,55.13,58.18,31422253,54.25,47.84,40.62,7.2595,21.6174,43.2241,1.2274,2.7593,1.1757
GEX,2025-08-06,58.77,59.07,57.49,58.28,12076376,55.26,48.81,41.09,5.4694,19.409,41.8372,0.0,0.0,1.1448
GEX,2025-08-07,58.28,58.38,56.41,56.61,10644184,56.0,49.68,41.52,1.09,13.946,36.3464,-0.8325,-2.0069,1.0701
GEX,2025-08-08,57.49,59.37,57.1,59.37,13017503,56.67,50.68,42.01,4.7603,17.1386,41.3204,1.3077,3.0907,0.9973
GEX,2025-08-11,60.35,60.74,58.18,59.07,15051048,56.94,51.68,42.5,3.7344,14.302,38.9886,-0.5283,-1.1192,0.9539
GEX,2025-08-12,59.07,59.37,57.4,57.89,14945855,57.49,52.51,42.95,0.6849,10.2466,34.7789,-0.8649,-1.9494,0.9281
GEX,2025-08-13,57.99,57.99,54.05,55.13,33070420,57.41,53.16,43.32,-3.9616,3.7037,27.2525,-1.5045,-2.8376,0.9476
GEX,2025-08-14,55.53,56.9,54.64,55.43,12995485,57.07,53.82,43.71,-2.8808,2.9815,26.7932,-0.4227,-0.824,0.8807
GEX,2025-08-15,55.72,57.49,54.34,55.72,13547488,57.14,54.52,44.12,-2.481,2.203,26.297,-0.1458,-0.2853,0.756
GEX,2025-08-18,56.12,57.59,54.94,55.13,17317833,57.08,55.09,44.53,-3.415,0.0715,23.7979,-1.6345,-3.309,0.8468
GEX,2025-08-19,55.53,56.21,54.34,54.44,15934862,56.71,55.48,44.92,-3.9931,-1.8634,21.1975,-1.2848,-2.5503,0.8526
GEX,2025-08-20,55.03,55.53,51.1,53.85,19247210,56.26,55.76,45.33,-4.287,-3.4251,18.8046,0.4093,0.7733,0.8935
GEX,2025-08-21,56.12,56.12,53.26,54.15,12396931,56.02,56.01,45.73,-3.3392,-3.3222,18.4018,-0.4401,-0.8568,0.8543
GEX,2025-08-22,54.15,54.44,51.19,53.06,10647054,55.39,56.03,46.13,-4.1948,-5.2891,15.0431,0.1145,0.2327,0.7349
GEX,2025-08-25,54.15,54.15,51.88,52.18,7215392,54.7,55.82,46.48,-4.6076,-6.5256,12.2596,-0.4858,-0.9893,0.7307
GEX,2025-08-26,52.18,54.25,51.69,54.25,5733464,54.33,55.91,46.88,-0.1631,-2.9844,15.7125,0.4699,0.9134,0.6912
GEX,2025-08-27,54.74,55.33,52.97,53.16,9784139,54.14,55.77,47.26,-1.8003,-4.6778,12.5,-0.7737,-1.408,0.6181
GEX,2025-08-28,54.15,56.02,53.66,54.94,11458682,54.09,55.58,47.67,1.5653,-1.1602,15.2512,0.1389,0.2568,0.5897
GEX,2025-08-29,56.02,56.02,53.66,53.66,8645751,53.88,55.51,48.05,-0.4202,-3.3431,11.6712,-0.9027,-1.7421,0.6654
GEX,2025-09-03,54.64,55.23,53.36,54.54,7149063,53.82,55.45,48.43,1.3353,-1.6423,12.6154,0.2449,0.4801,0.5265
GEX,2025-09-04,55.13,55.23,53.16,53.66,9770113,53.74,55.23,48.77,-0.1649,-2.8434,10.0143,-0.588,-1.123,0.4568
GEX,2025-09-05,53.85,55.23,53.06,53.06,11770024,53.67,54.96,49.09,-1.1191,-3.4569,8.0875,-0.7441,-1.451,0.4903
GEX,2025-09-08,53.16,53.16,49.42,49.42,14411816,53.19,54.61,49.34,-7.0887,-9.4925,0.1576,-0.895,-1.6793,0.5357
GEX,2025-09-09,49.72,51.59,48.44,50.9,6800213,52.98,54.18,49.63,-3.9212,-6.0598,2.561,0.5814,1.0472,0.5824
GEX,2025-09-10,52.0,52.7,51.4,52.5,4430270,53.01,53.85,49.94,-0.9585,-2.5132,5.1235,0.7562,1.4687,0.6095
GEX,2025-09-11,52.5,53.2,50.0,52.9,11819987,52.87,53.6,50.27,0.0501,-1.3134,5.2302,1.0671,1.9604,0.6692
GEX,2025-09-12,53.7,55.9,53.0,55.0,16817318,53.06,53.6,50.62,3.6617,2.6169,8.6516,1.026,1.944,0.6944
GEX,2025-09-15,55.5,55.8,54.8,55.4,8787897,53.1,53.6,50.94,4.3242,3.3658,8.7471,0.274,0.491,0.7079
GEX,2025-09-16,56.1,56.2,54.0,54.0,6368584,53.14,53.51,51.24,1.6219,0.9159,5.394,-0.7849,-1.4812,0.6962
GEX,2025-09-17,54.2,54.9,53.8,54.4,4959290,53.12,53.47,51.56,2.4019,1.733,5.5156,0.0566,0.1089,0.6773
GEX,2025-09-18,54.8,54.9,53.8,54.6,5172742,53.22,53.48,51.87,2.5959,2.092,5.2619,0.6186,1.1041,0.6804
GEX,2025-09-19,55.0,56.7,54.7,55.0,9798355,53.41,53.54,52.19,2.973,2.7297,5.3804,-1.2913,-2.2915,0.7351
GEX,2025-09-22,55.4,55.4,51.8,54.8,9503737,53.95,53.57,52.5,1.5758,2.2938,4.3726,0.9439,1.7589,0.74
GEX,2025-09-23,54.8,54.9,52.8,52.8,4364100,54.14,53.56,52.77,-2.4751,-1.4152,0.0519,-0.9657,-1.9055,0.7785
GEX,2025-09-24,52.8,53.0,51.0,52.5,4725600,54.14,53.57,53.04,-3.0292,-2.0048,-1.0198,0.2714,0.5285,0.73
GEX,2025-09-25,52.8,54.4,52.6,53.5,3823100,54.2,53.54,53.28,-1.2915,-0.0686,0.4036,0.0,0.0,0.6233
GEX,2025-09-26,53.8,53.8,52.4,53.0,3227800,54.0,53.53,53.5,-1.8519,-0.9875,-0.9423,-0.0765,-0.1486,0.5283
GEX,2025-09-29,53.1,55.5,53.0,55.4,10053200,54.0,53.55,53.77,2.5926,3.4512,3.0363,1.8395,3.7428,0.6849
GEX,2025-09-30,55.8,55.8,54.0,55.5,6886000,54.15,53.64,54.04,2.4931,3.4597,2.6967,0.8663,1.6633,0.693
GEX,2025-10-01,56.2,58.0,55.7,56.0,13224600,54.31,53.72,54.29,3.1118,4.25,3.1528,-3.1282,-5.7095,1.0002
GEX,2025-10-02,56.6,56.6,53.3,54.2,7935000,54.27,53.74,54.44,-0.129,0.848,-0.4356,-0.6532,-1.3146,1.0036
GEX,2025-10-03,54.1,54.1,52.0,52.5,8382500,54.02,53.72,54.52,-2.8138,-2.2638,-3.7126,-0.8161,-1.7187,0.9561
GEX,2025-10-06,53.3,55.2,52.6,55.2,6685200,54.06,54.0,54.64,2.1088,2.2129,1.0179,0.7501,1.4334,0.9367
GEX,2025-10-07,55.8,55.8,53.2,54.6,7742900,54.24,54.19,54.68,0.6637,0.7566,-0.1506,0.1001,0.1998,0.8502
GEX,2025-10-08,55.0,55.2,53.7,55.2,14070200,54.51,54.32,54.66,1.2658,1.6107,0.9878,2.7542,4.6038,1.0984
GEX,2025-10-09,55.9,57.3,55.2,55.5,19735000,54.71,54.46,54.72,1.444,1.919,1.4207,-2.5392,-4.3633,1.3524
GEX,2025-10-10,55.7,56.9,55.0,55.9,21396500,55.0,54.5,54.72,1.6364,2.5688,2.156,-0.2238,-0.3718,1.3671
GEX,2025-10-13,55.2,55.4,54.2,55.0,13304100,54.96,54.48,54.64,0.0728,0.9545,0.6502,0.5174,0.9302,1.2349
GEX,2025-10-14,55.5,58.8,55.0,58.8,50224700,55.29,54.72,54.72,6.3483,7.4561,7.4561,4.9504,9.159,1.6433
GEX,2025-10-15,60.9,62.9,59.9,62.9,29554100,55.98,55.14,54.86,12.3616,14.0629,14.648,5.3293,9.8571,1.8634
GEX,2025-10-16,64.3,65.7,62.6,65.4,29485800,57.1,55.68,55.01,14.5359,17.4464,18.892,3.5294,7.0116,2.151
GEX,2025-10-17,65.7,65.7,61.5,61.5,26960500,58.0,56.01,55.07,6.0345,9.8018,11.6715,-2.9351,-5.4723,2.3629
GEX,2025-10-20,61.6,62.7,57.2,57.2,34359700,58.2,56.13,55.08,-1.7182,1.9063,3.8412,-2.0241,-4.0698,2.4903
GEX,2025-10-21,56.2,56.7,53.2,56.0,33939300,58.34,56.29,55.02,-4.011,-0.5152,1.7871,2.6429,5.0397,2.7446
GEX,2025-10-22,56.6,56.6,52.3,55.5,15675800,58.37,56.44,54.95,-4.9169,-1.6655,1.0094,1.3045,2.4204,2.5996
GEX,2025-10-23,55.4,56.7,53.5,53.5,14561100,58.17,56.44,54.86,-8.0282,-5.2091,-2.4748,-2.7191,-4.8725,2.6176
GEX,2025-10-24,52.8,53.4,50.8,51.6,19050900,57.74,56.37,54.79,-10.6339,-8.4619,-5.817,-1.3822,-2.2466,2.7334
GEX,2025-10-27,51.6,51.6,48.0,48.0,28387800,57.04,56.0,54.64,-15.8485,-14.2857,-12.1497,-4.018,-6.6227,3.0835
GEX,2025-10-28,47.3,51.0,46.0,51.0,22852000,56.26,55.78,54.54,-9.3494,-8.5612,-6.4975,2.8703,4.589,2.8755
GEX,2025-10-29,51.5,51.5,49.5,50.9,10846000,55.06,55.52,54.46,-7.5554,-8.3213,-6.5358,1.1628,2.1755,2.4588
GEX,2025-10-30,50.9,50.9,47.35,47.35,17555600,53.26,55.18,54.32,-11.0882,-14.186,-12.8273,-3.2442,-5.5438,2.4303
GEX,2025-10-31,47.0,47.25,44.05,44.05,27848100,51.51,54.76,54.12,-14.4826,-19.5507,-18.609,-4.3015,-6.1296,2.567
GEX,2025-11-03,44.2,44.7,42.5,44.1,16102600,50.2,54.2,53.92,-12.1514,-18.6347,-18.2129,0.7748,1.3161,2.442
GEX,2025-11-04,44.75,47.15,43.3,47.15,14858900,49.32,53.83,53.8,-4.3901,-12.4054,-12.3642,1.4589,2.6469,2.3236
GEX,2025-11-05,46.5,46.6,45.1,45.3,8632000,48.3,53.33,53.66,-6.2015,-15.0612,-15.5868,-1.7183,-2.775,2.365
GEX,2025-11-06,45.3,45.3,43.05,45.1,10678200,47.46,52.81,53.48,-4.9626,-14.6036,-15.6721,2.4701,3.9242,2.3401
GEX,2025-11-07,44.9,45.9,43.25,43.95,10500200,46.69,52.22,53.3,-5.8685,-15.8288,-17.5383,-0.8031,-1.2226,2.2822
GEX,2025-11-10,43.1,43.8,40.9,40.9,14389700,45.98,51.51,53.02,-11.0483,-20.5979,-22.8546,-3.9823,-5.3847,2.2786
GEX,2025-11-11,41.15,43.25,39.95,43.25,13594400,45.2,50.73,52.81,-4.3247,-14.7489,-18.1005,3.2319,5.0321,2.3148
GEX,2025-11-12,43.5,45.1,42.9,45.1,13683600,44.62,49.84,52.62,1.0644,-9.515,-14.2908,2.8179,4.5253,2.4803
GEX,2025-11-13,45.1,45.1,43.8,44.25,9247500,44.32,48.78,52.43,-0.1467,-9.2959,-15.6045,-0.696,-1.0513,2.2255
GEX,2025-11-14,43.5,45.6,43.5,45.1,9204400,44.42,47.96,52.27,1.5308,-5.9731,-13.7212,1.4079,2.4017,1.9361
GEX,2025-11-17,45.3,45.7,44.45,45.5,7418300,44.56,47.38,52.19,2.1095,-3.9679,-12.8252,1.2092,2.0802,1.9796
GEX,2025-11-18,45.6,46.2,44.95,45.65,7053500,44.41,46.86,52.09,2.7922,-2.5874,-12.3615,0.2322,0.3677,1.8569
GEX,2025-11-19,45.65,45.65,43.25,43.8,7871500,44.26,46.28,51.92,-1.0393,-5.3536,-15.6313,-1.0124,-1.5885,1.7863
GEX,2025-11-20,44.0,44.65,42.8,44.65,6612100,44.22,45.84,51.75,0.9838,-2.5854,-13.7198,1.8621,2.9976,1.7255
GEX,2025-11-21,44.25,44.65,43.55,44.0,3930800,44.22,45.46,51.53,-0.4975,-3.201,-14.6128,-0.1694,-0.2742,1.6621
GEX,2025-11-24,43.85,44.5,43.3,43.5,3734800,44.48,45.23,51.29,-2.2032,-3.8249,-15.1915,-0.7728,-1.1012,1.3412
GEX,2025-11-25,43.7,45.1,42.0,45.1,13807700,44.66,44.94,51.11,0.9739,0.3672,-11.7659,2.8795,4.6418,1.3059
GEX,2025-11-26,45.5,48.25,45.1,48.25,26226500,44.98,44.8,50.99,7.2699,7.6949,-5.3755,5.3667,8.9501,1.5608
GEX,2025-11-27,48.5,48.85,47.85,47.95,8354400,45.35,44.83,50.86,5.7332,6.9537,-5.7179,-1.9052,-3.2722,1.6817
GEX,2025-11-28,48.2,48.5,45.8,46.55,14974300,45.5,44.96,50.69,2.3189,3.5422,-8.1655,-1.5204,-2.5733,1.693
GEX,2025-12-01,46.95,47.7,46.3,46.65,11316200,45.61,45.08,50.53,2.2802,3.4712,-7.6713,-1.4739,-2.638,1.7195
GEX,2025-12-02,46.75,46.75,44.65,46.0,9917600,45.64,45.03,50.39,0.7777,2.1598,-8.712,0.6397,1.011,1.7602
GEX,2025-12-03,46.2,46.2,44.95,46.05,8492000,45.87,45.06,50.26,0.3924,2.1857,-8.3783,1.3924,2.1522,1.7982
GEX,2025-12-04,46.35,46.75,46.0,46.2,7575700,46.02,45.12,50.12,0.3802,2.3936,-7.812,-0.9618,-1.5216,1.7082
GEX,2025-12-05,46.6,46.65,45.0,45.0,8892700,46.12,45.17,49.96,-2.439,-0.3819,-9.9189,-1.7997,-2.7465,1.8712
GEX,2025-12-08,45.3,45.3,43.1,43.1,12322400,46.08,45.28,49.71,-6.4772,-4.8197,-13.2954,-2.7957,-4.1284,2.0735
GEX,2025-12-09,43.1,44.0,42.55,42.6,6922800,45.83,45.25,49.45,-7.0579,-5.8564,-13.8541,-1.9013,-2.9224,1.9757
