ticker,time,open,high,low,close,volume,ma10,ma20,ma50,ma10_score,ma20_score,ma50_score,money_flow,dollar_flow,trend_score
HQC,2015-01-05,6.77,6.77,6.59,6.59,2118770,,,,,,,-5.994,-4.6315,5.994
HQC,2015-01-06,6.41,6.77,6.41,6.68,1606100,,,,,,,1.3938,1.1835,3.6939
HQC,2015-01-07,6.59,6.77,6.59,6.59,2404930,,,,,,,-4.489,-3.9671,3.9589
HQC,2015-01-08,6.59,6.86,6.5,6.5,1381390,,,,,,,-4.3177,-3.0698,4.0486
HQC,2015-01-09,6.59,6.77,6.5,6.59,1793750,,,,,,,-1.14,-0.8717,3.4669
HQC,2015-01-12,6.68,6.68,6.41,6.5,1278540,,,,,,,-0.7403,-0.6742,3.0125
HQC,2015-01-13,6.5,6.59,6.5,6.5,1266280,,,,,,,-2.8653,-2.0396,2.9914
HQC,2015-01-14,6.5,6.68,6.41,6.5,1698060,,,,,,,-1.75,-1.3253,2.8362
HQC,2015-01-15,6.59,6.68,6.5,6.59,812690,,,,,,,0.0,0.0,2.5211
HQC,2015-01-16,6.59,6.68,6.59,6.59,1051550,6.56,,,0.4114,,,-2.0382,-1.5515,2.4728
HQC,2015-01-19,6.59,6.68,6.5,6.5,1393370,6.55,,,-0.8239,,,-3.3604,-2.6541,2.2095
HQC,2015-01-20,6.41,6.5,6.32,6.5,1795890,6.54,,,-0.5508,,,6.1294,4.9727,2.683
HQC,2015-01-21,6.5,6.5,6.32,6.41,813650,6.52,,,-1.6569,,,0.0,0.0,2.2341
HQC,2015-01-22,6.5,6.5,6.32,6.41,963810,6.51,,,-1.521,,,0.0,0.0,1.8023
HQC,2015-01-23,6.5,6.59,6.41,6.5,2112230,6.5,,,0.0,,,0.0,0.0,1.6883
HQC,2015-01-26,6.68,6.95,6.68,6.86,7795200,6.54,,,4.9572,,,7.7002,6.3076,2.3843
HQC,2015-01-27,6.95,6.95,6.59,6.59,4684040,6.54,,,0.6875,,,-6.4042,-5.2221,2.7382
HQC,2015-01-28,6.59,6.77,6.59,6.68,3149600,6.56,,,1.7827,,,0.0,0.0,2.5632
HQC,2015-01-29,6.68,6.68,6.5,6.59,2636000,6.56,,,0.4114,,,0.0,0.0,2.5632
HQC,2015-01-30,6.68,6.68,6.41,6.41,2199810,6.54,6.55,,-2.0626,-2.1971,,-4.5895,-3.726,2.8184
HQC,2015-02-02,6.41,6.5,6.23,6.23,1330270,6.52,6.54,,-4.4185,-4.6818,,-2.846,-2.1922,2.7669
HQC,2015-02-03,6.32,6.41,6.14,6.14,2078550,6.48,6.51,,-5.2761,-5.6691,,-3.0209,-2.481,2.4561
HQC,2015-02-04,6.23,6.32,6.14,6.23,1351270,6.46,6.49,,-3.62,-4.021,,0.0,0.0,2.4561
HQC,2015-02-05,6.32,6.41,6.23,6.32,2388240,6.46,6.48,,-2.0914,-2.4992,,0.0,0.0,2.4561
HQC,2015-02-06,6.32,6.5,6.32,6.5,813820,6.46,6.48,,0.6971,0.3474,,2.6421,1.9234,2.7203
HQC,2015-02-09,6.23,6.41,6.23,6.23,1600800,6.39,6.46,,-2.5344,-3.62,,-5.5606,-3.9177,2.5063
HQC,2015-02-10,6.23,6.32,6.23,6.23,1264630,6.36,6.45,,-1.9824,-3.4183,,-4.0144,-2.6035,2.2674
HQC,2015-02-11,6.23,6.32,6.23,6.23,1805970,6.31,6.44,,-1.2835,-3.2158,,-5.8495,-4.5204,2.8523
HQC,2015-02-12,6.23,6.41,6.23,6.41,3394040,6.29,6.43,,1.8592,-0.28,,9.707,7.0445,3.823
HQC,2015-02-13,6.41,6.41,6.14,6.32,3803310,6.28,6.41,,0.5729,-1.4732,,4.7356,3.2418,3.8376
HQC,2015-02-24,6.32,6.41,6.32,6.41,504540,6.3,6.41,,1.7137,-0.0,,1.8616,1.3846,3.7392
HQC,2015-02-25,6.32,6.41,6.23,6.23,1585160,6.31,6.4,,-1.2835,-2.603,,-3.0834,-2.3438,3.7454
HQC,2015-02-26,6.23,6.32,6.23,6.32,1122630,6.32,6.39,,0.0,-1.1264,,3.2384,1.9175,4.0693
HQC,2015-02-27,6.32,6.32,6.14,6.23,1778560,6.31,6.38,,-1.2835,-2.397,,0.0,0.0,4.0693
HQC,2015-03-02,6.14,6.32,6.05,6.14,1653590,6.28,6.36,,-2.1514,-3.535,,-2.1954,-1.596,4.0246
HQC,2015-03-03,6.14,6.32,6.14,6.32,1479520,6.28,6.34,,0.5729,-0.284,,2.8571,2.0922,3.7542
HQC,2015-03-04,6.32,6.41,6.23,6.32,2084610,6.29,6.32,,0.429,-0.0712,,0.0,0.0,3.3528
HQC,2015-03-05,6.32,6.5,6.32,6.32,4398270,6.3,6.31,,0.2856,0.2141,,-7.4579,-5.4724,3.5136
HQC,2015-03-06,6.32,6.5,6.32,6.32,3431640,6.29,6.29,,0.429,0.429,,-7.6707,-5.4551,3.31
HQC,2015-03-09,6.32,6.59,6.32,6.41,7689270,6.3,6.29,,1.7137,1.8592,,-5.9849,-4.1745,3.4349
HQC,2015-03-10,6.41,6.5,6.32,6.41,4101820,6.3,6.3,,1.7137,1.7137,,0.0,0.0,3.2488
HQC,2015-03-11,6.41,6.41,6.23,6.23,1511510,6.3,6.31,,-1.1425,-1.213,,-4.2522,-3.027,3.3657
HQC,2015-03-12,6.32,6.32,6.14,6.23,1889190,6.29,6.31,,-1.0011,-1.213,,0.0,0.0,3.0418
HQC,2015-03-13,6.32,6.41,6.23,6.23,4213500,6.29,6.3,,-1.0011,-1.1425,,-11.4111,-7.3047,4.1829
HQC,2015-03-16,6.23,6.32,6.14,6.32,3976870,6.31,6.29,,0.1426,0.429,,7.8202,5.006,4.7454
HQC,2015-03-17,6.23,6.32,6.14,6.23,3361470,6.3,6.29,,-1.1425,-1.0011,,0.0,0.0,4.4597
HQC,2015-03-18,6.23,6.32,6.14,6.14,1606180,6.28,6.29,,-2.2915,-2.3615,,-5.5845,-3.4577,5.0182
HQC,2015-03-19,6.23,6.32,6.05,6.14,3383000,6.27,6.28,,-2.0109,-2.2915,,-3.7259,-2.7555,4.645
HQC,2015-03-20,6.14,6.23,6.05,6.23,935130,6.26,6.28,,-0.4315,-0.7171,,1.3763,0.7324,4.0155
HQC,2015-03-23,6.23,6.23,6.05,6.05,2694100,6.22,6.26,6.38,-2.7488,-3.3778,-5.217,-6.0482,-4.3212,4.0218
HQC,2015-03-24,5.96,6.05,5.87,5.96,2881610,6.18,6.24,6.37,-3.4974,-4.4719,-6.4423,0.0,0.0,4.0218
HQC,2015-03-25,6.05,6.14,5.96,6.05,1888280,6.16,6.23,6.36,-1.7538,-2.8892,-4.8413,0.0,0.0,3.5966
HQC,2015-03-26,6.05,6.14,5.96,5.96,1937390,6.13,6.21,6.35,-2.7891,-4.0567,-6.0707,-5.4956,-3.5102,4.1462
HQC,2015-03-27,6.05,6.14,5.87,5.87,3331930,6.1,6.19,6.33,-3.6916,-5.2309,-7.3051,-6.1251,-4.4519,3.6176
HQC,2015-03-30,6.05,6.14,5.96,5.96,3415340,6.06,6.18,6.32,-1.6339,-3.6378,-5.6962,-7.3109,-4.8869,3.5667
HQC,2015-03-31,6.05,6.05,5.96,5.96,694130,6.03,6.17,6.31,-1.1936,-3.3566,-5.5348,-3.2728,-2.3794,3.8939
HQC,2015-04-01,5.96,5.96,5.69,5.69,2409930,5.99,6.14,6.29,-4.9607,-7.261,-9.5821,-5.5132,-3.6754,3.8868
HQC,2015-04-02,5.69,5.87,5.6,5.78,2594590,5.95,6.11,6.28,-2.8735,-5.3778,-7.9413,2.2008,1.4287,3.7343
HQC,2015-04-03,5.96,5.96,5.78,5.87,3425960,5.92,6.09,6.26,-0.7608,-3.5491,-6.2929,0.0,0.0,3.5967
HQC,2015-04-06,5.87,5.96,5.78,5.78,2405500,5.89,6.05,6.25,-1.8342,-4.5338,-7.4904,-9.208,-5.7732,3.9126
HQC,2015-04-07,5.78,5.96,5.69,5.87,2980930,5.88,6.03,6.24,-0.1531,-2.613,-5.8601,2.4573,1.5593,4.1584
HQC,2015-04-08,5.96,6.05,5.78,5.87,1943240,5.86,6.01,6.22,0.1536,-2.3213,-5.6695,-1.8566,-1.0455,4.344
HQC,2015-04-09,5.87,6.14,5.78,5.96,3295350,5.86,6.0,6.21,1.6891,-0.6004,-4.0845,0.0,0.0,3.7945
HQC,2015-04-10,5.96,6.14,5.96,5.96,2157090,5.87,5.98,6.2,1.5332,-0.3761,-3.9453,-5.2785,-3.8607,3.7098
HQC,2015-04-13,6.05,6.05,5.87,5.87,1364700,5.86,5.96,6.19,0.1536,-1.5101,-5.2033,-3.8729,-2.4431,3.366
HQC,2015-04-14,5.87,5.96,5.78,5.78,1380280,5.84,5.94,6.17,-1.0782,-2.6526,-6.33,-3.5089,-2.4789,3.3896
HQC,2015-04-15,5.78,5.87,5.69,5.78,1411070,5.85,5.92,6.15,-1.2303,-2.3566,-6.0835,0.0,0.0,2.8383
HQC,2015-04-16,5.87,5.96,5.78,5.87,2454790,5.86,5.91,6.14,0.1536,-0.6095,-4.3694,0.0,0.0,2.6182
HQC,2015-04-17,5.87,5.96,5.78,5.96,4266170,5.87,5.89,6.13,1.5332,1.1455,-2.7034,8.379,4.5942,3.4561
HQC,2015-04-20,5.96,5.96,5.78,5.87,2912460,5.88,5.88,6.11,-0.1531,-0.2295,-4.0034,0.0,0.0,2.5353
HQC,2015-04-21,5.87,5.96,5.78,5.87,2798470,5.88,5.88,6.11,-0.1531,-0.1531,-3.8902,0.0,0.0,2.2896
HQC,2015-04-22,5.96,5.96,5.78,5.87,3863160,5.88,5.87,6.1,-0.1531,0.0,-3.8052,0.0,0.0,2.1039
HQC,2015-04-23,5.87,5.96,5.78,5.87,2123510,5.87,5.87,6.1,0.0,0.0767,-3.6916,0.0,0.0,2.1039
HQC,2015-04-24,5.78,5.87,5.78,5.87,1552320,5.86,5.87,6.09,0.1536,0.0767,-3.5491,5.7058,3.4466,2.1467
HQC,2015-04-27,5.78,5.78,5.69,5.78,1815100,5.85,5.86,6.07,-1.2303,-1.3062,-4.8027,6.705,4.7805,2.4299
HQC,2015-05-04,5.69,5.78,5.42,5.42,4273970,5.82,5.83,6.06,-6.8088,-7.0246,-10.4931,-6.085,-4.0567,2.6875
HQC,2015-05-05,5.15,5.24,5.06,5.15,6948620,5.75,5.8,6.03,-10.4815,-11.2452,-14.6475,0.0,0.0,2.6875
HQC,2015-05-06,5.15,5.15,4.88,4.88,3496670,5.65,5.76,6.01,-13.6894,-15.241,-18.7587,-8.2499,-5.0587,3.5125
HQC,2015-05-07,4.7,5.06,4.7,4.97,3685180,5.56,5.71,5.98,-10.5311,-12.9978,-16.8618,7.2043,4.4654,3.395
HQC,2015-05-08,4.88,5.15,4.88,5.06,3552670,5.47,5.68,5.95,-7.563,-10.8606,-14.998,4.4494,2.9531,3.8399
HQC,2015-05-11,5.06,5.15,4.88,4.88,1624190,5.38,5.63,5.92,-9.2093,-13.2753,-17.5982,-7.5973,-4.4656,4.5997
HQC,2015-05-12,4.97,4.97,4.7,4.88,2805030,5.28,5.58,5.9,-7.5057,-12.5056,-17.2208,2.8975,1.6805,4.8894
HQC,2015-05-13,4.79,4.88,4.7,4.79,2229500,5.17,5.52,5.86,-7.3142,-13.2089,-18.3235,0.0,0.0,4.8894
HQC,2015-05-14,4.79,4.88,4.7,4.79,2085860,5.06,5.46,5.84,-5.336,-12.2791,-17.9204,0.0,0.0,4.3188
HQC,2015-05-15,4.79,4.88,4.7,4.7,1905500,4.95,5.4,5.81,-5.0889,-12.9952,-19.0632,-4.13,-2.36,4.0613
HQC,2015-05-18,4.7,4.79,4.52,4.61,3286100,4.87,5.34,5.77,-5.3582,-13.727,-20.1427,-2.6302,-1.5862,3.7159
HQC,2015-05-19,4.61,4.7,4.52,4.7,2477350,4.83,5.29,5.74,-2.6109,-11.1447,-18.1242,6.1663,3.5583,4.3325
HQC,2015-05-20,4.7,4.97,4.7,4.97,5355160,4.84,5.24,5.71,2.7921,-5.2341,-13.0115,7.9393,4.8543,4.3014
HQC,2015-05-21,4.97,5.06,4.88,4.97,2963350,4.84,5.2,5.69,2.7921,-4.3311,-12.5985,0.0,0.0,3.581
HQC,2015-05-22,4.97,5.06,4.88,4.97,3128480,4.83,5.15,5.66,2.9838,-3.4951,-12.1536,0.0,0.0,3.1361
HQC,2015-05-25,4.97,5.06,4.88,4.97,3010700,4.84,5.1,5.63,2.7921,-2.6445,-11.7041,0.0,0.0,2.3763
HQC,2015-05-26,5.06,5.24,5.06,5.24,5797220,4.87,5.07,5.61,7.5754,3.2818,-6.5787,11.2413,7.2956,3.2107
HQC,2015-05-27,5.24,5.24,5.06,5.15,3238920,4.91,5.04,5.59,4.9521,2.2333,-7.8283,0.0,0.0,3.2107
HQC,2015-05-28,5.15,5.33,5.15,5.24,3575260,4.95,5.01,5.57,5.8158,4.6744,-5.884,0.0,0.0,3.2107
HQC,2015-05-29,5.24,5.33,5.06,5.06,3357640,4.99,4.97,5.54,1.4435,1.8109,-8.7038,-6.0458,-4.001,3.4023
HQC,2015-06-01,5.06,5.24,5.06,5.06,1424140,5.03,4.95,5.52,0.5365,2.1809,-8.3167,-3.7468,-2.0438,3.514
HQC,2015-06-02,5.15,5.24,4.97,5.06,3656830,5.07,4.95,5.5,-0.1775,2.2739,-7.9565,-2.036,-1.3202,3.1009
HQC,2015-06-03,5.06,5.15,4.97,5.06,2306530,5.08,4.96,5.48,-0.3545,2.0882,-7.5934,-0.0,-0.0,2.307
HQC,2015-06-04,5.15,5.24,5.06,5.24,3568900,5.1,4.97,5.46,2.6445,5.4326,-3.9589,5.6772,3.7473,2.8747
HQC,2015-06-05,5.33,5.42,5.24,5.33,6318090,5.14,4.98,5.44,3.6763,6.9529,-2.0509,0.0,0.0,2.8747
HQC,2015-06-08,5.42,5.6,5.33,5.51,4813460,5.2,5.01,5.43,6.0635,9.8704,1.4247,2.4589,1.5515,3.1206
HQC,2015-06-09,5.42,5.51,5.24,5.33,4206330,5.2,5.04,5.42,2.4212,5.8065,-1.6278,-2.6906,-1.5963,2.2656
HQC,2015-06-10,5.33,5.42,5.24,5.24,4130540,5.21,5.06,5.4,0.5179,3.5573,-3.0312,-7.6589,-4.5945,3.0314
HQC,2015-06-11,5.33,5.51,5.33,5.33,2953200,5.22,5.09,5.39,2.0682,4.7769,-1.1682,-3.5229,-1.8675,3.3837
HQC,2015-06-12,5.42,5.51,5.24,5.33,4386870,5.25,5.12,5.38,1.5432,4.1321,-0.9367,-2.2792,-1.5646,3.0071
HQC,2015-06-15,5.42,5.51,5.33,5.42,2466620,5.28,5.16,5.37,2.5544,5.0591,0.9386,0.0,0.0,2.6324
HQC,2015-06-16,5.42,5.42,5.24,5.33,2597450,5.31,5.19,5.36,0.3389,2.6876,-0.6042,0.0,0.0,2.4288
HQC,2015-06-17,5.33,5.6,5.24,5.42,6771790,5.35,5.21,5.36,1.3463,3.9708,1.21,0.0,0.0,2.4288
HQC,2015-06-18,5.51,5.51,5.42,5.42,2828470,5.37,5.24,5.35,1.0063,3.524,1.3804,-6.2599,-3.9639,2.487
HQC,2015-06-19,5.51,5.6,5.42,5.42,2074500,5.38,5.26,5.34,0.8372,3.081,1.5171,-2.0215,-0.9831,2.6892
HQC,2015-06-22,5.51,5.51,5.33,5.42,3515440,5.37,5.28,5.33,1.0063,2.6418,1.6886,0.0,0.0,2.4433
HQC,2015-06-23,5.42,5.51,5.33,5.42,1897010,5.38,5.29,5.32,0.8372,2.4672,1.8606,0.0,0.0,2.1742
HQC,2015-06-24,5.42,5.51,5.42,5.42,2032780,5.39,5.3,5.31,0.5006,2.2063,2.0677,-3.8924,-2.6788,1.7976
HQC,2015-06-25,5.42,5.51,5.33,5.42,3127670,5.4,5.31,5.3,0.3332,2.0331,2.2757,0.0,0.0,1.4453
HQC,2015-06-26,5.33,5.51,5.33,5.33,2343580,5.4,5.33,5.29,-1.3328,0.0845,0.7828,-3.2548,-2.2829,1.5429
HQC,2015-06-29,5.33,5.33,5.15,5.24,2733510,5.38,5.33,5.28,-2.6746,-1.7715,-0.7162,0.0,0.0,1.5429
HQC,2015-06-30,5.24,5.33,5.15,5.15,2039720,5.37,5.34,5.27,-4.0253,-3.54,-2.188,-3.1107,-2.0624,1.8539
HQC,2015-07-01,5.24,5.42,5.15,5.24,3367350,5.35,5.35,5.25,-2.0194,-2.0194,-0.2399,-2.6769,-1.5632,2.1216
HQC,2015-07-02,5.24,5.42,5.24,5.42,2396020,5.35,5.36,5.24,1.3463,1.176,3.3996,3.2667,2.0852,1.8223
HQC,2015-07-03,5.6,5.69,5.42,5.6,5417180,5.37,5.37,5.24,4.3608,4.2733,6.9437,2.4386,1.7563,1.864
HQC,2015-07-06,5.6,5.69,5.51,5.6,3939990,5.38,5.38,5.23,4.0119,4.186,7.0541,-0.0,-0.0,1.864
HQC,2015-07-07,5.6,5.78,5.51,5.69,5711260,5.41,5.39,5.23,5.1562,5.5071,8.8495,2.8214,1.6955,2.1462
HQC,2015-07-08,5.78,5.78,5.51,5.51,3210020,5.42,5.41,5.22,1.6605,1.9144,5.5515,-4.1749,-2.4368,2.1744
HQC,2015-07-09,5.65,5.74,5.56,5.65,1761960,5.44,5.42,5.22,3.803,4.1955,8.3247,0.0,0.0,2.1744
HQC,2015-07-10,5.65,5.74,5.56,5.56,1340640,5.47,5.43,5.21,1.7197,2.3187,6.6892,-1.6964,-1.2093,2.0186
HQC,2015-07-13,5.56,5.65,5.46,5.46,1745140,5.49,5.44,5.21,-0.5102,0.4415,4.7542,-2.6532,-1.6149,2.2839
HQC,2015-07-14,5.46,5.56,5.37,5.37,2000220,5.51,5.44,5.22,-2.5408,-1.2505,2.9406,-3.1755,-1.7745,2.2904
HQC,2015-07-15,5.46,5.46,5.28,5.37,1895030,5.52,5.44,5.23,-2.7702,-1.205,2.7476,0.0,0.0,2.0227
HQC,2015-07-16,5.28,5.37,5.28,5.37,1622970,5.52,5.43,5.23,-2.6821,-1.1596,2.5906,2.4107,1.2808,1.9371
HQC,2015-07-17,5.37,5.46,5.37,5.37,1271480,5.5,5.43,5.24,-2.2748,-1.1141,2.4692,-3.0226,-2.0465,1.9955
HQC,2015-07-20,5.37,5.37,5.28,5.28,1676740,5.46,5.42,5.25,-3.3498,-2.6459,0.5983,-3.9469,-2.6464,2.3902
HQC,2015-07-21,5.28,5.37,5.09,5.19,1648200,5.41,5.41,5.25,-4.1197,-4.102,-1.2332,-1.0949,-0.7239,2.2175
HQC,2015-07-22,5.19,5.28,5.19,5.28,2438500,5.39,5.4,5.26,-2.0408,-2.3127,0.2925,2.9957,1.8475,2.0996
HQC,2015-07-23,5.28,5.37,5.19,5.28,1148740,5.35,5.4,5.27,-1.3637,-2.186,0.1062,0.0,0.0,2.0996
HQC,2015-07-24,5.28,5.28,5.19,5.19,1908460,5.32,5.39,5.28,-2.3702,-3.7284,-1.7827,-3.8726,-2.5187,2.3172
HQC,2015-07-27,5.19,5.37,5.19,5.28,1945220,5.3,5.39,5.3,-0.3398,-2.0953,-0.3322,0.0,0.0,2.0519
HQC,2015-07-28,5.28,5.28,5.19,5.28,1481490,5.29,5.4,5.31,-0.1702,-2.2132,-0.55,1.5143,0.896,1.8858
HQC,2015-07-29,5.19,5.37,5.19,5.28,1693150,5.28,5.4,5.32,0.0,-2.2494,-0.666,0.0,0.0,1.8858
HQC,2015-07-30,5.28,5.28,5.19,5.28,1161110,5.27,5.39,5.32,0.1707,-2.1225,-0.7817,2.5059,1.4849,1.8953
HQC,2015-07-31,5.28,5.37,5.19,5.19,840240,5.25,5.37,5.33,-1.1993,-3.4239,-2.5535,-1.222,-0.7197,1.7152
HQC,2015-08-03,5.19,5.19,5.0,5.19,1594260,5.24,5.35,5.33,-1.0297,-3.0541,-2.6339,2.7912,1.8118,1.5997
HQC,2015-08-04,5.09,5.19,5.09,5.09,1029710,5.23,5.32,5.33,-2.7512,-4.3862,-4.4562,-2.7654,-1.4883,1.7667
HQC,2015-08-05,5.09,5.28,5.09,5.28,1613920,5.23,5.31,5.33,0.8789,-0.6024,-0.9381,3.0514,1.9841,1.7723
HQC,2015-08-06,5.28,5.28,5.09,5.19,748620,5.22,5.29,5.33,-0.6699,-1.8718,-2.6084,0.0677,0.0487,1.7791
HQC,2015-08-07,5.19,5.28,5.09,5.19,658430,5.22,5.27,5.33,-0.6699,-1.5274,-2.6559,0.1287,0.0852,1.4047
HQC,2015-08-10,5.19,5.28,5.09,5.09,1796050,5.21,5.25,5.33,-2.2282,-3.0845,-4.5422,-3.7721,-2.0101,1.7819
HQC,2015-08-11,5.19,5.28,5.09,5.19,2026280,5.2,5.24,5.33,-0.1347,-1.0109,-2.7143,0.1966,0.1175,1.6501
HQC,2015-08-12,5.19,5.28,5.0,5.09,2049370,5.18,5.23,5.34,-1.6995,-2.6583,-4.5995,-1.6204,-0.9334,1.8121
HQC,2015-08-13,5.09,5.19,4.91,5.0,2586940,5.15,5.21,5.33,-2.9126,-4.0399,-6.2019,-2.0382,-1.0999,1.7654
HQC,2015-08-14,4.91,5.0,4.91,5.0,2313440,5.13,5.19,5.32,-2.5531,-3.698,-6.0856,5.9764,3.4692,2.2408
HQC,2015-08-17,5.0,5.09,4.91,5.0,1592590,5.11,5.18,5.31,-2.1909,-3.4376,-5.9054,0.0,0.0,1.9617
HQC,2015-08-18,5.0,5.09,4.91,5.0,1973010,5.1,5.17,5.31,-2.0184,-3.2601,-5.7884,0.0,0.0,1.6851
HQC,2015-08-19,5.0,5.0,4.81,5.0,2501470,5.08,5.15,5.3,-1.4778,-2.9974,-5.7031,4.7097,2.7891,1.851
HQC,2015-08-20,5.0,5.0,4.81,5.0,1215240,5.06,5.14,5.3,-1.1076,-2.7332,-5.5856,2.0136,1.0317,2.0456
HQC,2015-08-21,4.91,4.91,4.72,4.91,2862340,5.03,5.13,5.29,-2.3469,-4.2232,-7.1377,3.392,2.1956,2.3719
HQC,2015-08-24,4.81,4.91,4.63,4.81,4737880,5.0,5.1,5.28,-3.8,-5.7417,-8.8186,1.0798,0.6483,2.1027
HQC,2015-08-25,4.72,4.81,4.63,4.72,1111870,4.95,5.08,5.26,-4.7042,-6.9951,-10.3173,0.0,0.0,2.083
HQC,2015-08-26,4.72,4.81,4.63,4.81,1845150,4.92,5.05,5.25,-2.335,-4.7808,-8.3949,2.5335,1.5428,2.1743
HQC,2015-08-27,4.81,4.91,4.81,4.91,1059560,4.92,5.03,5.24,-0.1221,-2.4439,-6.3084,1.8532,1.1223,2.1558
HQC,2015-08-28,4.91,4.91,4.72,4.81,1333130,4.9,5.01,5.23,-1.7766,-4.0686,-8.0024,-0.0997,-0.0541,1.5681
HQC,2015-08-31,4.81,4.91,4.63,4.72,1148830,4.87,4.99,5.21,-3.0602,-5.4203,-9.4814,-0.8135,-0.4462,1.6495
HQC,2015-09-01,4.63,4.91,4.63,4.81,1704300,4.85,4.98,5.2,-0.8247,-3.3457,-7.5391,1.4247,0.8069,1.792
HQC,2015-09-03,4.91,4.91,4.72,4.81,1485530,4.83,4.95,5.19,-0.4347,-2.8871,-7.3218,-0.1425,-0.0871,1.3352
HQC,2015-09-04,4.72,4.81,4.72,4.72,723990,4.8,4.93,5.18,-1.7281,-4.2499,-8.8099,-2.1772,-1.3477,1.3516
HQC,2015-09-07,4.72,4.81,4.63,4.72,635870,4.78,4.91,5.16,-1.3378,-3.7913,-8.5944,0.0,0.0,1.0124
HQC,2015-09-08,4.72,4.81,4.63,4.81,925480,4.78,4.89,5.16,0.5435,-1.6762,-6.6962,1.6769,1.0469,1.0721
HQC,2015-09-09,4.81,4.81,4.72,4.72,903190,4.78,4.87,5.15,-1.3378,-3.0502,-8.289,-2.1875,-1.4062,1.2909
HQC,2015-09-10,4.72,4.72,4.63,4.72,945170,4.78,4.85,5.14,-1.1518,-2.6804,-8.1033,4.0396,2.4464,1.4415
HQC,2015-09-11,4.63,4.81,4.63,4.72,944900,4.76,4.84,5.12,-0.7569,-2.3987,-7.8521,0.0,0.0,1.2562
HQC,2015-09-14,4.72,4.72,4.54,4.72,1071000,4.75,4.82,5.1,-0.5688,-2.1153,-7.5344,2.4712,1.5232,1.4933
HQC,2015-09-15,4.72,4.72,4.54,4.63,1519920,4.74,4.8,5.09,-2.2794,-3.6119,-8.9515,0.0,0.0,1.412
HQC,2015-09-16,4.63,4.72,4.54,4.63,907060,4.72,4.78,5.06,-1.9068,-3.2393,-8.5703,0.0,0.0,1.2695
HQC,2015-09-17,4.63,4.72,4.54,4.63,546960,4.7,4.77,5.05,-1.5313,-2.8637,-8.2514,0.0,0.0,1.2552
HQC,2015-09-18,4.63,4.72,4.63,4.63,1449180,4.69,4.75,5.03,-1.3424,-2.4853,-7.879,-1.3779,-0.645,1.1753
HQC,2015-09-21,4.63,4.72,4.54,4.72,1356850,4.69,4.74,5.01,0.5753,-0.3904,-5.7734,3.2557,1.972,1.5009
HQC,2015-09-22,4.72,4.81,4.72,4.72,1526730,4.68,4.73,4.99,0.7686,-0.2957,-5.4942,-3.2632,-2.0421,1.6595
HQC,2015-09-23,4.72,4.81,4.63,4.72,1450470,4.68,4.73,4.98,0.7686,-0.2957,-5.2475,0.0,0.0,1.4408
HQC,2015-09-24,4.72,4.81,4.72,4.81,1566130,4.69,4.73,4.97,2.4931,1.6054,-3.2232,3.5919,2.0261,1.396
HQC,2015-09-25,4.72,4.72,4.63,4.72,1210950,4.69,4.72,4.96,0.5753,-0.0952,-4.785,3.6738,1.9089,1.7634
HQC,2015-09-28,4.72,4.72,4.54,4.72,1924940,4.69,4.72,4.94,0.5753,-0.0,-4.5346,3.8246,2.2688,1.8987
HQC,2015-09-29,4.63,4.72,4.54,4.72,3300210,4.7,4.72,4.93,0.3828,-0.0,-4.3179,8.2792,4.9375,2.7266
HQC,2015-09-30,4.63,4.72,4.63,4.72,1227700,4.71,4.72,4.92,0.191,0.0954,-4.1352,3.2801,1.9675,3.0546
HQC,2015-10-01,4.72,4.81,4.63,4.72,3585460,4.72,4.71,4.91,-0.0,0.191,-3.9166,0.0,0.0,3.0546
HQC,2015-10-02,4.72,4.81,4.63,4.72,2551600,4.73,4.71,4.9,-0.1903,0.191,-3.6971,0.0,0.0,2.9169
HQC,2015-10-05,4.72,4.81,4.63,4.72,1257840,4.73,4.71,4.89,-0.1903,0.191,-3.512,0.0,0.0,2.5913
HQC,2015-10-06,4.81,4.91,4.72,4.81,3094480,4.74,4.71,4.88,1.5196,2.1015,-1.4829,-0.1925,-0.1194,2.2842
HQC,2015-10-07,4.81,5.09,4.81,5.09,6325530,4.78,4.73,4.88,6.5969,7.6224,4.3332,8.7893,4.5618,3.1631
HQC,2015-10-08,5.28,5.37,5.19,5.37,7441260,4.83,4.76,4.88,11.1571,12.7677,10.032,10.736,7.087,3.8775
HQC,2015-10-09,5.56,5.65,5.46,5.56,6426390,4.92,4.8,4.89,13.1231,15.7369,13.7945,0.4688,0.2805,3.557
HQC,2015-10-12,5.56,5.65,5.46,5.46,3924490,4.99,4.84,4.89,9.4408,12.7866,11.6245,-6.9466,-3.9548,3.8692
HQC,2015-10-13,5.46,5.46,5.37,5.46,5053640,5.06,4.88,4.9,7.8412,11.828,11.5014,10.4297,6.3112,4.0843
HQC,2015-10-14,5.46,5.65,5.46,5.65,4819980,5.16,4.93,4.91,9.5811,14.5232,15.1182,11.1017,6.9175,4.8664
HQC,2015-10-15,5.65,5.74,5.56,5.65,3825950,5.25,4.98,4.92,7.6396,13.3514,14.9449,0.0,0.0,4.8664
HQC,2015-10-16,5.65,6.02,5.65,5.93,6457480,5.37,5.05,4.93,10.4283,17.4374,20.2791,5.932,4.0446,5.4596
HQC,2015-10-19,5.83,6.02,5.74,5.93,5175190,5.49,5.11,4.94,7.9949,16.047,19.9191,3.92,2.5371,5.8516
HQC,2015-10-20,5.83,5.93,5.65,5.83,5549090,5.59,5.17,4.96,4.2374,12.8642,17.5451,2.8219,1.7777,6.1146
HQC,2015-10-21,5.83,5.93,5.65,5.83,3211980,5.67,5.22,4.97,2.8763,11.6644,17.2425,2.0438,1.5292,5.44
HQC,2015-10-22,5.83,6.11,5.74,5.93,9628060,5.72,5.28,4.99,3.617,12.3745,18.852,0.7609,0.5135,4.4425
HQC,2015-10-23,5.93,6.02,5.83,5.93,2184070,5.76,5.34,5.01,2.9514,11.1007,18.4105,0.2483,0.1709,4.4205
HQC,2015-10-26,5.93,6.02,5.83,5.93,2271440,5.81,5.4,5.03,2.1181,9.8555,17.9724,0.212,0.1373,3.747
HQC,2015-10-27,5.93,6.3,5.93,6.3,10292340,5.89,5.48,5.05,6.9428,15.0265,24.6883,20.23,16.8674,4.7271
HQC,2015-10-28,6.3,6.39,6.11,6.11,4364360,5.94,5.55,5.07,2.9139,10.1596,20.3988,-8.5181,-6.0017,4.4687
HQC,2015-10-29,6.2,6.3,6.02,6.2,5218320,5.99,5.62,5.1,3.4713,10.3105,21.5972,3.1377,2.0294,4.7825
HQC,2015-10-30,6.11,6.2,6.02,6.11,2306770,6.01,5.69,5.12,1.6639,7.3814,19.3126,0.0,0.0,4.1893
HQC,2015-11-02,6.02,6.11,5.83,5.83,1951990,6.0,5.75,5.14,-2.8333,1.4707,13.4374,-4.5411,-2.9781,4.2514
HQC,2015-11-03,5.83,6.02,5.83,6.02,1653240,6.02,5.81,5.16,0.0166,3.6858,16.5853,2.6642,1.6856,4.2356
HQC,2015-11-04,6.02,6.11,5.83,5.93,3184780,6.03,5.85,5.19,-1.6421,1.4022,14.3066,-1.9812,-1.2622,4.2293
HQC,2015-11-05,5.93,6.2,5.93,6.2,5399010,6.06,5.89,5.22,2.3778,5.2721,18.8741,13.3671,8.8786,5.49
HQC,2015-11-06,6.11,6.2,5.93,6.02,3742900,6.06,5.91,5.24,-0.742,1.8182,14.9338,-2.3424,-1.4893,5.6994
HQC,2015-11-09,6.02,6.02,5.83,6.02,1816860,6.07,5.94,5.26,-0.889,1.3383,14.4052,3.5635,2.1827,6.0345
HQC,2015-11-10,6.02,6.02,5.83,5.93,1644050,6.04,5.96,5.29,-1.7724,-0.5701,12.1789,0.2718,0.1761,4.0387
HQC,2015-11-11,5.83,5.93,5.74,5.93,2148600,6.02,5.98,5.31,-1.4787,-0.8029,11.7055,5.0501,3.5052,3.6919
HQC,2015-11-12,5.93,5.93,5.74,5.93,3092080,5.99,5.99,5.33,-1.0347,-1.0347,11.2362,4.6271,3.0046,3.8409
HQC,2015-11-13,5.93,6.02,5.83,5.93,2794960,5.97,5.99,5.36,-0.7365,-1.0347,10.7335,0.2603,0.1681,3.8669
HQC,2015-11-16,5.93,6.02,5.74,5.93,4392730,5.98,5.99,5.38,-0.9024,-1.0347,10.2353,2.7381,1.7431,3.6866
HQC,2015-11-17,5.83,6.11,5.74,6.11,5437340,5.99,6.01,5.41,1.9523,1.7316,13.0351,6.8986,4.1656,4.11
HQC,2015-11-18,6.11,6.11,5.93,6.02,2096270,6.0,6.02,5.43,0.2999,0.0748,10.837,-0.0,-0.0,3.9119
HQC,2015-11-19,6.02,6.11,5.93,6.02,2061690,5.98,6.02,5.46,0.6016,0.0,10.3089,-0.0,-0.0,2.5752
HQC,2015-11-20,6.02,6.39,5.93,6.2,6198790,6.0,6.03,5.49,3.2989,2.7596,12.9944,2.5259,1.7274,2.5935
HQC,2015-11-23,6.2,6.39,6.11,6.2,2436090,6.02,6.05,5.52,2.99,2.5302,12.3881,-1.6673,-1.0954,2.4039
HQC,2015-11-24,6.2,6.2,5.93,6.11,3312180,6.04,6.04,5.55,1.1924,1.2008,10.1655,1.9403,1.278,2.5708
HQC,2015-11-25,6.02,6.11,5.93,6.02,3995200,6.05,6.03,5.57,-0.4465,-0.2155,8.0014,-0.0,-0.0,2.0658
HQC,2015-11-26,6.02,6.2,5.93,6.02,4165600,6.06,6.02,5.6,-0.5945,-0.0664,7.4655,-2.9856,-2.2335,1.9016
HQC,2015-11-27,6.02,6.11,5.83,5.93,2210040,6.06,6.02,5.63,-2.0806,-1.4131,5.3698,-1.0984,-0.7948,1.9854
HQC,2015-11-30,5.83,5.93,5.74,5.83,2647520,6.05,6.02,5.65,-3.5726,-3.0756,3.1858,-0.2943,-0.1921,1.741
HQC,2015-12-01,5.83,6.02,5.74,5.83,3148690,6.02,6.01,5.67,-3.124,-2.9223,2.782,-2.6832,-1.4948,1.3195
HQC,2015-12-02,5.83,6.02,5.83,6.02,2609470,6.02,6.01,5.7,0.0332,0.1664,5.6474,8.9164,5.5342,2.2111
HQC,2015-12-03,5.93,6.02,5.83,5.93,2606000,6.01,6.0,5.72,-1.3147,-1.109,3.6605,0.4711,0.3007,2.2583
HQC,2015-12-04,5.93,6.2,5.83,6.2,3879580,6.01,6.01,5.75,3.1786,3.2387,7.8223,12.0861,8.6316,3.2143
HQC,2015-12-07,6.11,6.11,5.93,6.02,3865850,5.99,6.01,5.78,0.4841,0.2414,4.2208,-0.0,-0.0,3.0475
HQC,2015-12-08,5.65,5.74,5.65,5.65,7513080,5.94,5.99,5.79,-4.9622,-5.6997,-2.4988,-12.6636,-7.5827,4.1199
HQC,2015-12-09,5.37,5.65,5.37,5.46,5688360,5.89,5.97,5.81,-7.2848,-8.5121,-6.0176,-3.999,-2.4253,4.5198
HQC,2015-12-10,5.28,5.37,5.09,5.28,7223380,5.82,5.94,5.82,-9.2003,-11.0437,-9.2908,5.8804,3.8983,4.8092
HQC,2015-12-11,5.46,5.46,5.28,5.37,2696050,5.76,5.91,5.83,-6.7546,-9.0986,-7.9502,0.0,0.0,4.6994
HQC,2015-12-14,5.28,5.37,5.09,5.28,2655640,5.7,5.88,5.84,-7.4334,-10.1277,-9.6664,3.0261,1.7481,4.9726
HQC,2015-12-15,5.19,5.28,5.09,5.28,2915580,5.65,5.83,5.85,-6.5321,-9.4883,-9.8114,9.7293,6.0703,5.6772
HQC,2015-12-16,5.28,5.37,5.09,5.19,5042060,5.57,5.79,5.86,-6.7553,-10.3936,-11.379,-4.1779,-2.4855,5.2034
HQC,2015-12-17,5.19,5.37,5.19,5.28,4673460,5.5,5.76,5.85,-4.0175,-8.2537,-9.8145,0.0,0.0,5.1562
HQC,2015-12-18,5.28,5.28,5.09,5.28,2780520,5.41,5.71,5.85,-2.3849,-7.5145,-9.7282,2.1712,1.2946,4.1647
HQC,2015-12-21,5.19,5.37,5.19,5.28,3546900,5.34,5.66,5.85,-1.0309,-6.7632,-9.6726,0.0,0.0,4.1647
HQC,2015-12-22,5.28,5.28,5.19,5.19,2092610,5.29,5.62,5.84,-1.8718,-7.6019,-11.1301,-6.8858,-3.9584,3.587
HQC,2015-12-23,5.19,5.19,5.0,5.19,2258770,5.26,5.58,5.83,-1.3683,-6.9142,-10.9899,7.1884,4.9921,3.9059
HQC,2015-12-24,5.09,5.19,5.0,5.09,2115660,5.24,5.53,5.82,-2.9182,-7.94,-12.5369,-0.3079,-0.1731,3.3487
HQC,2015-12-25,5.0,5.09,4.81,5.0,4329680,5.21,5.48,5.8,-3.957,-8.8007,-13.808,1.6005,1.0983,3.5087
HQC,2015-12-28,4.91,5.0,4.72,4.91,3517090,5.17,5.44,5.78,-5.0106,-9.6845,-15.0607,3.1319,1.6065,3.5193
HQC,2015-12-29,4.91,4.91,4.72,4.91,4023550,5.13,5.39,5.76,-4.3258,-8.9138,-14.7895,7.4877,4.4359,3.2951
HQC,2015-12-30,4.81,4.91,4.81,4.81,2906420,5.09,5.33,5.74,-5.5752,-9.7561,-16.2284,-6.3067,-3.7484,3.508
HQC,2015-12-31,4.72,4.91,4.72,4.91,3490550,5.06,5.28,5.72,-2.9069,-6.99,-14.1818,7.191,4.1514,4.2271
HQC,2016-01-04,4.91,5.0,4.81,4.91,3014000,5.02,5.21,5.7,-2.1912,-5.8395,-13.8748,0.3428,0.1768,4.0443
HQC,2016-01-05,4.81,4.91,4.63,4.81,4013560,4.97,5.15,5.68,-3.2777,-6.6744,-15.296,2.4598,1.3407,4.2903
HQC,2016-01-06,4.81,4.81,4.63,4.81,3033000,4.94,5.11,5.65,-2.5329,-5.9077,-14.8492,8.8923,4.7602,4.4909
HQC,2016-01-07,4.72,4.72,4.54,4.63,4185720,4.88,5.07,5.62,-5.1035,-8.6875,-17.6039,0.0,0.0,3.7721
HQC,2016-01-08,4.54,4.63,4.44,4.63,4269080,4.83,5.04,5.59,-4.2003,-8.0985,-17.1409,7.8836,4.7126,4.5297
HQC,2016-01-11,4.54,4.63,4.44,4.63,2559270,4.8,5.0,5.56,-3.4612,-7.4185,-16.6997,5.6817,2.7798,4.9378
HQC,2016-01-12,4.54,4.81,4.54,4.81,2672930,4.79,4.98,5.54,0.5015,-3.3651,-13.1424,5.0326,2.745,5.1278
HQC,2016-01-13,4.81,4.91,4.63,4.63,2898430,4.76,4.94,5.51,-2.6902,-6.3701,-15.971,-7.9365,-4.1831,5.1727
HQC,2016-01-14,4.54,4.63,4.44,4.63,2578940,4.74,4.92,5.48,-2.3207,-5.8369,-15.5726,6.4539,3.4244,5.1874
HQC,2016-01-15,4.54,4.63,4.44,4.54,3112740,4.7,4.88,5.45,-3.4659,-6.9672,-16.7095,0.3722,0.1946,4.5055
HQC,2016-01-18,4.44,4.44,4.26,4.44,4934130,4.66,4.84,5.42,-4.6392,-8.2265,-18.0691,7.1187,4.145,5.1831
HQC,2016-01-19,4.35,4.54,4.26,4.54,3531180,4.63,4.8,5.39,-1.9227,-5.4364,-15.7637,6.5787,3.7047,5.595
HQC,2016-01-20,4.44,4.63,4.35,4.44,2189640,4.59,4.76,5.36,-3.3101,-6.7912,-17.1611,-1.7587,-0.9495,4.8817
HQC,2016-01-21,4.35,4.44,4.26,4.26,3121160,4.56,4.72,5.33,-6.4764,-9.6884,-20.021,-5.1408,-2.9952,5.3957
HQC,2016-01-22,4.35,4.44,4.07,4.44,2733500,4.54,4.68,5.3,-2.1164,-5.2193,-16.1726,3.7278,2.3521,4.9802
HQC,2016-01-25,4.44,4.72,4.44,4.72,2296280,4.54,4.67,5.27,3.8504,1.0598,-10.4772,2.9711,1.7348,4.7091
HQC,2016-01-26,4.54,4.63,4.44,4.63,3001970,4.53,4.66,5.25,2.2752,-0.5691,-11.749,5.8776,3.8708,4.7936
HQC,2016-01-27,4.54,4.72,4.54,4.72,1973360,4.54,4.65,5.22,4.0564,1.5709,-9.5543,4.4123,2.2575,4.4412
HQC,2016-01-28,4.63,4.72,4.54,4.63,2479920,4.54,4.64,5.19,2.0723,-0.1725,-10.8037,0.0,0.0,3.7958
HQC,2016-01-29,4.63,4.63,4.54,4.63,2278040,4.54,4.62,5.16,1.8702,0.1298,-10.3235,6.0003,3.3335,4.3586
HQC,2016-02-01,4.63,4.91,4.54,4.91,5386790,4.59,4.62,5.14,6.9251,6.1851,-4.4226,11.0091,6.1374,4.7476
HQC,2016-02-02,5.19,5.19,5.0,5.0,6580790,4.64,4.63,5.11,7.8051,7.9098,-2.2139,-18.2748,-13.9323,5.9172
HQC,2016-02-03,4.91,5.09,4.91,5.0,2819520,4.69,4.64,5.09,6.519,7.689,-1.7875,0.0,0.0,5.7414
HQC,2016-02-04,5.09,5.19,5.0,5.19,2705510,4.79,4.67,5.07,8.4186,11.1111,2.2781,10.1223,6.0013,6.2395
HQC,2016-02-05,5.09,5.28,5.0,5.28,3319710,4.87,4.7,5.06,8.3966,12.2568,4.3561,12.5067,8.7139,7.1174
HQC,2016-02-15,5.19,5.28,5.09,5.28,3121420,4.93,4.74,5.05,7.1646,11.4865,4.6249,12.6953,7.2483,8.0898
HQC,2016-02-16,5.19,5.37,5.19,5.37,3963620,5.0,4.76,5.04,7.3785,12.7204,6.6026,9.313,6.262,8.4334
HQC,2016-02-17,5.37,5.46,5.28,5.28,4908090,5.06,4.8,5.03,4.4097,10.0803,5.0454,-9.6733,-5.9537,8.9595
HQC,2016-02-18,5.28,5.37,5.19,5.37,3821210,5.13,4.83,5.01,4.658,11.0996,7.1129,9.0737,5.6189,9.8669
HQC,2016-02-19,5.28,5.46,5.19,5.46,4038720,5.21,4.88,5.0,4.7181,11.8967,9.1127,5.437,3.9081,9.8105
HQC,2016-02-22,5.46,5.56,5.28,5.37,7299860,5.26,4.93,4.99,2.0913,9.0134,7.6713,-3.48,-2.5253,9.0576
HQC,2016-02-23,5.37,5.37,5.09,5.28,6755990,5.29,4.96,4.97,-0.1513,6.3873,6.1819,3.3545,2.0878,7.5656
HQC,2016-02-24,5.19,5.28,5.09,5.19,2951700,5.31,5.0,4.96,-2.2046,3.7896,4.5654,0.3015,0.1822,7.5957
HQC,2016-02-25,5.19,5.28,5.09,5.19,3570910,5.31,5.05,4.96,-2.2046,2.8334,4.6793,0.2664,0.1577,6.6102
HQC,2016-02-26,5.19,5.28,5.09,5.19,4204690,5.3,5.08,4.96,-2.0385,2.0749,4.7173,0.6252,0.3687,5.422
HQC,2016-02-29,5.19,5.46,5.09,5.28,5907870,5.3,5.11,4.95,-0.3398,3.2763,6.5719,0.29,0.166,4.1815
HQC,2016-03-01,5.28,5.37,5.28,5.37,2610890,5.3,5.15,4.96,1.359,4.282,8.3491,5.3893,3.1921,3.7891
HQC,2016-03-02,5.37,5.46,5.19,5.28,3454800,5.3,5.18,4.96,-0.3398,1.9797,6.5332,-2.1315,-1.1947,3.0349
HQC,2016-03-03,5.28,5.37,5.09,5.28,4781740,5.29,5.21,4.96,-0.1702,1.3436,6.4946,3.7971,2.3712,2.5073
HQC,2016-03-04,5.19,5.46,5.19,5.46,5716500,5.29,5.25,4.96,3.2331,3.9703,10.0451,15.4311,8.6707,3.5067
HQC,2016-03-07,5.65,5.74,5.56,5.74,7405830,5.33,5.29,4.97,7.7732,8.4451,15.4744,10.1597,5.9904,4.1746
HQC,2016-03-08,5.65,5.74,5.56,5.65,3825390,5.36,5.33,4.98,5.3515,6.0933,13.4948,0.0,0.0,3.8392
HQC,2016-03-09,5.56,5.74,5.56,5.65,2683170,5.41,5.36,4.99,4.4555,5.4498,13.2855,0.0,0.0,3.809
HQC,2016-03-10,5.65,5.74,5.56,5.74,2953180,5.46,5.39,5.0,5.0512,6.5825,14.8367,5.0449,3.3627,4.2869
HQC,2016-03-11,5.74,5.93,5.65,5.93,5757670,5.54,5.42,5.02,7.0784,9.45,18.2405,10.4092,6.1166,5.2653
HQC,2016-03-14,5.93,6.02,5.83,5.93,3969060,5.6,5.45,5.03,5.8362,8.7974,17.8036,0.4307,0.275,5.2794
HQC,2016-03-15,5.93,5.93,5.65,5.83,5067410,5.65,5.47,5.05,3.2041,6.5132,15.3953,3.0233,1.9556,5.0428
HQC,2016-03-16,5.74,5.83,5.65,5.74,2953270,5.7,5.5,5.07,0.7902,4.4301,13.2418,0.0,0.0,4.8296
HQC,2016-03-17,5.74,5.83,5.65,5.74,2888370,5.74,5.52,5.09,-0.0174,4.0798,12.8278,0.0,0.0,4.4499
HQC,2016-03-18,5.74,5.83,5.65,5.74,18948620,5.77,5.53,5.1,-0.5027,3.8162,12.4608,0.0,0.0,2.9068
HQC,2016-03-21,5.65,5.74,5.37,5.46,6094630,5.74,5.53,5.12,-4.8946,-1.3283,6.7449,-4.3407,-2.7074,2.3249
HQC,2016-03-22,5.28,5.37,5.19,5.37,3230860,5.71,5.54,5.13,-6.0039,-3.0336,4.756,7.3395,4.9151,3.0588
HQC,2016-03-23,5.28,5.37,5.19,5.37,1924150,5.68,5.55,5.14,-5.5409,-3.1909,4.5276,4.2874,2.3443,3.4876
HQC,2016-03-24,5.28,5.37,5.19,5.28,1890880,5.64,5.55,5.15,-6.3664,-4.8906,2.5163,0.0,0.0,2.9831
HQC,2016-03-25,5.28,5.28,5.09,5.28,3573880,5.57,5.56,5.16,-5.2745,-4.9676,2.2582,6.844,4.2677,2.6266
HQC,2016-03-28,5.37,5.46,5.28,5.46,3308030,5.53,5.56,5.18,-1.2122,-1.8868,5.4054,6.8147,4.4299,3.265
HQC,2016-03-29,5.46,5.46,5.28,5.37,2727500,5.48,5.56,5.19,-2.0252,-3.504,3.4443,0.0,0.0,2.9626
HQC,2016-03-30,5.28,5.37,5.19,5.37,2399970,5.44,5.57,5.21,-1.3593,-3.582,3.1502,4.6416,2.9328,3.4268
HQC,2016-03-31,5.37,5.37,5.19,5.28,3228160,5.4,5.57,5.22,-2.186,-5.198,1.1688,0.0,0.0,3.4268
HQC,2016-04-01,5.19,5.28,5.09,5.28,1905150,5.35,5.56,5.23,-1.3453,-5.0445,0.8827,3.8478,2.734,3.8116
HQC,2016-04-04,5.19,5.28,5.09,5.28,2617060,5.33,5.54,5.25,-1.0124,-4.6501,0.5599,5.6198,3.5064,3.9395
HQC,2016-04-05,5.19,5.37,5.19,5.37,2279130,5.33,5.52,5.27,0.6749,-2.779,1.9517,4.5122,2.9195,3.6568
HQC,2016-04-06,5.28,5.37,5.19,5.28,2063960,5.32,5.5,5.28,-0.8451,-4.0872,-0.0757,0.0,0.0,3.228
HQC,2016-04-07,5.28,5.37,5.19,5.28,2601130,5.32,5.48,5.3,-0.8451,-3.6848,-0.46,0.0,0.0,3.228
HQC,2016-04-08,5.28,5.28,5.09,5.19,3799730,5.32,5.44,5.32,-2.3702,-4.6832,-2.4326,0.4448,0.2959,2.5881
HQC,2016-04-11,5.19,5.28,5.09,5.28,3736950,5.3,5.41,5.33,-0.3398,-2.448,-0.9492,6.6116,3.7215,2.5678
HQC,2016-04-12,5.19,5.37,5.19,5.28,2703420,5.29,5.38,5.34,-0.1702,-1.9499,-1.1902,0.0,0.0,2.5678
HQC,2016-04-13,5.28,5.37,5.19,5.19,4190820,5.27,5.36,5.35,-1.5367,-3.1265,-3.045,-8.1123,-4.6323,2.9148
HQC,2016-04-14,5.19,5.28,5.09,5.19,3442110,5.26,5.33,5.36,-1.3683,-2.6266,-3.2475,0.4224,0.2724,2.9571
HQC,2016-04-15,5.19,5.37,5.19,5.28,3704040,5.26,5.31,5.38,0.3421,-0.5088,-1.8076,0.0,0.0,2.5723
HQC,2016-04-19,5.19,5.28,5.09,5.09,3100270,5.24,5.29,5.38,-2.9182,-3.7534,-5.4044,-5.4999,-2.8961,2.5603
HQC,2016-04-20,5.09,5.19,5.0,5.09,4339870,5.22,5.27,5.38,-2.3969,-3.498,-5.436,-0.6072,-0.3176,2.1698
HQC,2016-04-21,5.09,5.19,5.09,5.19,3185880,5.21,5.27,5.39,-0.3073,-1.4339,-3.6462,7.0549,4.0363,2.8753
HQC,2016-04-22,5.19,5.19,5.09,5.19,3608860,5.2,5.26,5.39,-0.1347,-1.3496,-3.6462,5.3782,2.9897,3.4131
HQC,2016-04-25,5.19,5.28,5.19,5.19,4415240,5.2,5.26,5.38,-0.1347,-1.2651,-3.614,-6.2661,-3.503,3.9952
HQC,2016-04-26,5.09,5.28,5.09,5.28,4369670,5.2,5.25,5.38,1.5971,0.6193,-1.9426,7.2772,3.9095,4.0618
HQC,2016-04-27,5.28,5.28,5.09,5.19,3567720,5.19,5.24,5.38,0.0386,-0.9258,-3.5495,0.3573,0.2152,4.0975
HQC,2016-04-28,5.19,5.19,5.09,5.19,4239800,5.19,5.23,5.38,0.0386,-0.7553,-3.5173,10.2364,6.0097,4.31
HQC,2016-04-29,5.09,5.19,5.09,5.19,3863020,5.19,5.22,5.38,0.0386,-0.6699,-3.4526,7.5217,4.7329,5.0199
HQC,2016-05-04,5.19,5.19,5.09,5.09,3103270,5.17,5.22,5.37,-1.5283,-2.4063,-5.1824,-5.3493,-3.0705,5.5548
HQC,2016-05-05,5.09,5.28,5.09,5.28,4096560,5.19,5.22,5.37,1.7733,1.2367,-1.61,7.4582,4.4197,5.7506
HQC,2016-05-06,5.19,5.28,5.19,5.28,3746440,5.21,5.21,5.37,1.402,1.3241,-1.61,7.7717,5.1256,6.4671
HQC,2016-05-09,5.19,5.28,5.19,5.28,4544030,5.22,5.21,5.37,1.227,1.3241,-1.643,9.3402,5.7395,6.6956
HQC,2016-05-10,5.19,5.28,5.19,5.28,4677540,5.22,5.21,5.37,1.0526,1.3241,-1.676,9.6064,5.4281,7.1184
HQC,2016-05-11,5.28,5.37,5.19,5.37,5012250,5.24,5.22,5.37,2.4223,2.8736,-0.067,8.783,5.0188,7.3701
HQC,2016-05-12,5.37,5.46,5.37,5.37,4365470,5.25,5.22,5.38,2.2468,2.785,-0.1005,-8.9044,-5.4261,7.5329
HQC,2016-05-13,5.37,5.37,5.28,5.37,3569830,5.27,5.23,5.38,1.8975,2.6965,-0.1005,7.5969,4.663,8.2568
HQC,2016-05-16,5.37,5.37,5.28,5.37,2311300,5.29,5.24,5.38,1.5507,2.52,-0.1339,4.5357,2.6159,7.6868
HQC,2016-05-17,5.5,5.6,5.4,5.5,3093720,5.32,5.25,5.38,3.4029,4.6921,2.2001,0.0,0.0,6.9346
HQC,2016-05-18,5.5,5.5,5.4,5.5,4068200,5.36,5.26,5.38,2.6119,4.4734,2.1849,7.5757,4.8813,7.1572
HQC,2016-05-19,5.4,5.5,5.4,5.5,3720760,5.38,5.28,5.38,2.1925,4.0681,2.2761,6.6832,4.6399,7.0797
HQC,2016-05-20,5.4,5.5,5.4,5.4,3534980,5.39,5.3,5.37,0.1112,1.8772,0.51,-7.966,-5.044,7.0992
HQC,2016-05-23,5.5,5.5,5.4,5.5,3922040,5.42,5.32,5.37,1.551,3.4612,2.4285,8.7207,5.4961,7.0372
HQC,2016-05-24,5.5,5.5,5.4,5.5,3434770,5.44,5.33,5.36,1.1401,3.1605,2.5201,7.6408,4.7654,6.8406
HQC,2016-05-25,5.4,5.5,5.4,5.4,4007320,5.44,5.34,5.35,-0.7535,1.0857,0.8554,-8.0489,-4.4477,6.7672
HQC,2016-05-26,5.4,5.5,5.3,5.4,3839970,5.44,5.35,5.34,-0.8082,0.9723,1.0555,0.0,0.0,5.8768
HQC,2016-05-27,5.4,5.4,5.3,5.4,3797020,5.45,5.36,5.34,-0.8629,0.7745,1.2184,9.649,6.3006,6.082
HQC,2016-05-30,5.3,5.4,5.3,5.3,3509490,5.44,5.36,5.33,-2.5735,-1.1931,-0.4919,-6.5158,-4.6203,6.28
HQC,2016-05-31,5.3,5.4,5.2,5.4,2878140,5.43,5.37,5.32,-0.5525,0.4745,1.5152,4.8107,2.9763,6.7611
HQC,2016-06-01,5.4,5.4,5.3,5.4,3693410,5.42,5.39,5.31,-0.369,0.1855,1.6451,6.6951,4.7433,6.673
HQC,2016-06-02,5.4,5.4,5.3,5.4,2876490,5.41,5.4,5.31,-0.1848,0.0741,1.6681,5.2234,3.7839,6.527
HQC,2016-06-03,5.4,5.4,5.3,5.4,3011910,5.41,5.4,5.31,-0.1848,-0.037,1.6566,5.129,3.6364,6.2433
HQC,2016-06-06,5.3,5.4,5.3,5.3,3414480,5.39,5.4,5.31,-1.6698,-1.9063,-0.1996,-6.2388,-4.2004,5.9951
HQC,2016-06-07,5.3,5.4,5.2,5.4,3075630,5.38,5.41,5.31,0.3717,-0.1664,1.6375,6.0359,3.7563,5.8347
HQC,2016-06-08,5.4,5.4,5.3,5.4,3460700,5.38,5.41,5.32,0.3717,-0.1941,1.5916,6.1703,3.3578,5.6468
HQC,2016-06-09,5.4,5.4,5.3,5.4,2792410,5.38,5.41,5.31,0.3717,-0.2217,1.6145,5.1915,2.9655,6.166
HQC,2016-06-10,5.3,5.4,5.3,5.3,2808560,5.37,5.41,5.31,-1.3035,-2.0061,-0.2409,-4.6804,-3.1093,5.6691
HQC,2016-06-13,5.2,5.3,5.2,5.3,2998070,5.37,5.4,5.31,-1.3035,-1.9426,-0.2146,4.8946,3.042,5.507
HQC,2016-06-14,5.2,5.3,5.2,5.2,2480620,5.35,5.39,5.31,-2.8037,-3.525,-2.0679,-5.2067,-3.0607,5.5466
HQC,2016-06-15,5.2,5.3,5.2,5.3,4240360,5.34,5.38,5.31,-0.7491,-1.487,-0.1921,9.0874,5.1182,5.7858
HQC,2016-06-16,5.2,5.3,5.2,5.2,4268990,5.32,5.36,5.31,-2.2556,-3.0755,-2.0457,-6.6057,-3.7775,5.924
HQC,2016-06-17,5.1,5.2,5.1,5.1,3107080,5.29,5.35,5.3,-3.5917,-4.6729,-3.8316,-3.2007,-1.7301,5.7312
HQC,2016-06-20,5.1,5.2,5.1,5.2,2838600,5.28,5.34,5.3,-1.5152,-2.5305,-1.9164,5.6035,2.9398,5.6677
HQC,2016-06-21,5.2,5.2,5.1,5.1,2312070,5.25,5.32,5.3,-2.8571,-4.0452,-3.7373,-4.2474,-2.1116,5.4888
HQC,2016-06-22,5.1,5.2,5.0,5.1,1551400,5.22,5.3,5.3,-2.2989,-3.7736,-3.7045,-0.0,-0.0,4.8718
HQC,2016-06-23,5.1,5.1,5.0,5.1,1611980,5.19,5.28,5.29,-1.7341,-3.5005,-3.639,3.3492,1.8024,4.6876
HQC,2016-06-24,5.1,5.1,4.9,5.1,4070030,5.17,5.27,5.29,-1.354,-3.2258,-3.5735,4.5295,2.5177,4.6725
HQC,2016-06-27,5.0,5.1,5.0,5.0,2027430,5.14,5.26,5.29,-2.7237,-4.8525,-5.3962,-3.8607,-2.1103,4.5691
HQC,2016-06-28,5.0,5.0,4.9,5.0,1998980,5.12,5.24,5.28,-2.3438,-4.489,-5.3281,6.6058,3.6113,4.709
HQC,2016-06-29,5.0,5.1,4.9,5.1,2030220,5.1,5.22,5.28,0.0,-2.2989,-3.3688,3.5126,1.8464,4.1515
HQC,2016-06-30,5.0,5.1,5.0,5.0,1214210,5.08,5.2,5.28,-1.5748,-3.8462,-5.2312,-2.1789,-1.2174,3.7088
HQC,2016-07-01,5.0,5.1,4.9,5.1,2361080,5.08,5.18,5.28,0.3937,-1.6393,-3.3395,4.6843,2.6027,3.8572
HQC,2016-07-04,5.0,5.1,5.0,5.1,1743540,5.07,5.18,5.27,0.5917,-1.4493,-3.3065,2.4193,1.3164,3.5388
HQC,2016-07-05,5.0,5.2,5.0,5.2,2694280,5.08,5.16,5.27,2.3622,0.6776,-1.4143,3.673,2.0915,3.4813
HQC,2016-07-06,5.1,5.2,5.1,5.2,1812140,5.09,5.15,5.27,2.1611,0.8729,-1.4181,2.6802,1.3867,3.7494
HQC,2016-07-07,5.2,5.3,5.1,5.3,2653280,5.11,5.15,5.28,3.7182,2.9126,0.4701,3.9015,1.9723,3.8046
HQC,2016-07-08,5.2,5.3,5.2,5.2,2634410,5.12,5.14,5.28,1.5625,1.069,-1.4293,-4.7552,-2.5541,3.8272
HQC,2016-07-11,5.1,5.2,5.1,5.1,2819860,5.13,5.14,5.27,-0.5848,-0.6816,-3.2919,-2.6862,-1.543,3.7097
HQC,2016-07-12,5.0,5.1,5.0,5.1,1818060,5.14,5.13,5.27,-0.7782,-0.5848,-3.2588,2.6633,1.343,3.3154
HQC,2016-07-13,5.0,5.3,5.0,5.3,3072930,5.16,5.13,5.28,2.7132,3.3138,0.4549,3.8173,2.1141,3.3459
HQC,2016-07-14,5.2,5.5,5.2,5.4,4287620,5.2,5.14,5.28,3.8462,5.0584,2.3037,1.3595,0.7729,3.264
HQC,2016-07-15,5.3,5.5,5.3,5.5,3683940,5.24,5.16,5.28,4.9618,6.5891,4.1115,6.5288,3.9836,3.4484
HQC,2016-07-18,5.4,5.6,5.4,5.6,4693630,5.29,5.18,5.29,5.8601,8.1081,5.8761,7.3753,4.546,3.944
HQC,2016-07-19,5.5,5.6,5.5,5.5,3660480,5.32,5.2,5.29,3.3835,5.7692,3.899,-8.6059,-5.0333,4.4373
HQC,2016-07-20,5.5,5.5,5.4,5.4,3166170,5.34,5.22,5.29,1.1236,3.5475,1.9984,-5.3233,-2.7229,4.7016
HQC,2016-07-21,5.3,5.4,5.3,5.3,3180460,5.34,5.22,5.29,-0.7491,1.4354,0.136,-5.416,-2.8562,4.8531
HQC,2016-07-22,5.2,5.3,5.2,5.3,2385380,5.35,5.24,5.29,-0.9346,1.2416,0.1625,3.3066,1.9151,4.7082
HQC,2016-07-25,5.2,5.3,5.2,5.3,2216530,5.37,5.25,5.29,-1.3035,0.9524,0.189,4.7111,2.7595,4.9107
HQC,2016-07-26,5.2,5.4,5.2,5.4,3927390,5.4,5.27,5.29,0.0,2.4668,2.118,8.4575,5.0052,5.4901
HQC,2016-07-27,5.3,5.4,5.3,5.4,3471420,5.41,5.28,5.29,-0.1848,2.176,2.1566,6.3472,4.1872,5.7431
HQC,2016-07-28,5.3,5.4,5.3,5.3,3475840,5.4,5.3,5.28,-1.8519,0.0,0.3408,-5.6846,-3.0805,6.1756
HQC,2016-07-29,5.2,5.3,5.2,5.2,4151800,5.37,5.31,5.28,-3.1657,-1.9793,-1.4778,-7.8508,-3.6599,6.3078
HQC,2016-08-01,5.1,5.3,5.1,5.2,2699800,5.33,5.31,5.27,-2.439,-2.0716,-1.3657,0.0,0.0,5.5703
HQC,2016-08-02,5.2,5.2,5.1,5.2,2861580,5.3,5.31,5.27,-1.8868,-2.0716,-1.2533,3.4852,1.8192,5.0582
HQC,2016-08-03,5.1,5.2,5.1,5.2,2305670,5.28,5.31,5.26,-1.5152,-2.0716,-1.1783,4.7082,2.7406,4.9967
HQC,2016-08-04,5.1,5.2,5.1,5.2,2119400,5.27,5.31,5.26,-1.3283,-1.9793,-1.1031,3.2521,1.9819,4.7803
HQC,2016-08-05,5.1,5.2,5.0,5.1,1615110,5.25,5.3,5.25,-2.8571,-3.7736,-2.8941,-0.0,-0.0,4.4497
HQC,2016-08-08,5.0,5.1,5.0,5.0,1289060,5.22,5.3,5.25,-4.2146,-5.5713,-4.6893,-3.1329,-1.7102,4.2918
HQC,2016-08-09,5.0,5.1,4.9,5.1,1697940,5.19,5.3,5.24,-1.7341,-3.6827,-2.6718,3.4242,1.5714,3.7885
HQC,2016-08-10,5.0,5.2,5.0,5.2,2404050,5.17,5.29,5.24,0.5803,-1.7013,-0.6875,4.3768,2.2494,3.5915
HQC,2016-08-11,5.2,5.4,5.1,5.4,3377350,5.18,5.29,5.24,4.2471,2.0794,3.1322,4.2449,2.2924,3.4475
HQC,2016-08-12,5.3,5.4,5.2,5.3,1950870,5.19,5.28,5.23,2.1195,0.3788,1.261,-0.0,-0.0,2.6624
HQC,2016-08-15,5.2,5.3,5.2,5.3,1627130,5.2,5.26,5.23,1.9231,0.6648,1.261,2.0969,1.1838,2.8721
HQC,2016-08-16,5.2,5.3,5.1,5.2,2162530,5.2,5.25,5.23,0.0,-0.9524,-0.5736,0.0,0.0,2.5236
HQC,2016-08-17,5.1,5.2,5.1,5.1,2427710,5.19,5.24,5.22,-1.7341,-2.5788,-2.3737,-4.5682,-2.2841,2.5096
HQC,2016-08-18,5.0,5.2,5.0,5.1,3462860,5.18,5.22,5.22,-1.5444,-2.3923,-2.2614,-0.0,-0.0,2.1844
HQC,2016-08-19,5.1,5.2,5.0,5.2,2483590,5.19,5.22,5.22,0.1927,-0.3831,-0.3067,4.4037,1.8293,2.6248
HQC,2016-08-22,5.2,5.2,5.1,5.2,3075750,5.21,5.22,5.21,-0.1919,-0.2876,-0.2685,5.5688,2.6964,2.8684
HQC,2016-08-23,5.1,5.2,5.1,5.2,2506600,5.22,5.2,5.21,-0.3831,-0.0961,-0.2685,5.0023,2.3057,3.0262
HQC,2016-08-24,5.1,5.2,5.1,5.2,4165640,5.22,5.19,5.21,-0.3831,0.0962,-0.2302,7.8785,4.1976,3.3763
HQC,2016-08-25,5.1,5.2,5.1,5.2,3856130,5.2,5.19,5.21,0.0,0.1927,-0.2302,6.9751,3.9969,3.6493
HQC,2016-08-26,5.2,5.3,5.1,5.3,5063070,5.2,5.19,5.22,1.9231,2.0212,1.6104,8.2327,3.898,4.4726
HQC,2016-08-29,5.3,5.3,5.2,5.2,3103140,5.19,5.2,5.22,0.1927,0.0962,-0.3067,-4.0178,-2.1076,4.6647
HQC,2016-08-30,5.1,5.2,5.1,5.2,3313720,5.19,5.2,5.22,0.1927,0.0962,-0.345,6.5312,3.0596,5.3178
HQC,2016-08-31,5.1,5.3,5.1,5.3,4341290,5.21,5.2,5.22,1.7274,1.9231,1.4937,8.2817,3.5947,5.6892
HQC,2016-09-01,5.2,5.3,5.1,5.3,3145730,5.23,5.2,5.23,1.3384,1.8252,1.416,5.8708,3.0996,6.2763
HQC,2016-09-05,5.2,5.3,5.1,5.1,3686990,5.22,5.2,5.23,-2.2989,-2.0173,-2.411,-7.1261,-3.7043,6.5485
HQC,2016-09-06,5.1,5.2,5.1,5.1,2110470,5.21,5.21,5.23,-2.1113,-2.1113,-2.4484,-4.1445,-1.8356,6.4061
HQC,2016-09-07,5.1,5.2,5.0,5.2,1532120,5.21,5.22,5.23,-0.1919,-0.2876,-0.6116,3.5826,1.9069,6.2641
HQC,2016-09-08,5.2,5.2,5.1,5.2,2879270,5.21,5.22,5.23,-0.1919,-0.2876,-0.6496,5.0116,2.1215,5.9774
HQC,2016-09-09,5.1,5.2,5.1,5.1,1904350,5.2,5.2,5.24,-1.9231,-1.9231,-2.5974,-4.2637,-1.7254,5.7063
HQC,2016-09-12,5.1,5.16,5.07,5.07,2035870,5.18,5.19,5.24,-2.0668,-2.2839,-3.1593,-3.9437,-1.7964,5.2774
HQC,2016-09-13,5.02,5.1,5.02,5.07,1857740,5.16,5.18,5.23,-1.8203,-2.0668,-3.1482,1.1864,0.477,4.9942
HQC,2016-09-14,5.07,5.08,5.04,5.07,1866370,5.15,5.17,5.23,-1.5725,-1.9437,-3.1,2.1853,1.1348,4.5596
HQC,2016-09-15,5.07,5.07,5.01,5.05,1333620,5.13,5.17,5.23,-1.4826,-2.2833,-3.4269,0.9066,0.5032,3.8221
HQC,2016-09-16,5.05,5.05,4.92,4.98,5301450,5.09,5.16,5.22,-2.2379,-3.5258,-4.6488,-0.3265,-0.1445,3.2677
HQC,2016-09-19,4.98,5.06,4.98,5.05,1906390,5.09,5.15,5.22,-0.7664,-2.0274,-3.253,2.4543,0.9477,2.8005
HQC,2016-09-20,5.06,5.08,5.04,5.06,1577220,5.08,5.15,5.22,-0.4916,-1.6999,-3.0466,-0.0,-0.0,2.3861
HQC,2016-09-21,5.06,5.09,5.06,5.07,1154710,5.07,5.14,5.22,-0.0394,-1.3811,-2.8438,-0.9413,-0.4449,2.1219
HQC,2016-09-22,5.06,5.08,5.06,5.06,2049640,5.06,5.13,5.21,0.0395,-1.4414,-2.9461,-4.1325,-1.999,2.034
HQC,2016-09-23,5.07,5.07,5.05,5.06,1230970,5.05,5.13,5.21,0.1187,-1.3068,-2.8194,-0.0,-0.0,1.6077
HQC,2016-09-26,5.07,5.07,5.03,5.05,2294890,5.05,5.11,5.2,-0.0396,-1.2611,-2.8435,-0.0,-0.0,1.2133
HQC,2016-09-27,5.05,5.2,5.03,5.2,2479970,5.06,5.11,5.19,2.6654,1.6717,0.1965,3.9871,1.8427,1.4934
HQC,2016-09-28,5.2,5.23,5.18,5.19,1788140,5.08,5.11,5.18,2.2257,1.4861,0.1235,-2.011,-1.144,1.4759
HQC,2016-09-29,5.19,5.22,5.18,5.2,2446970,5.09,5.11,5.18,2.121,1.7812,0.3939,0.0,0.0,1.3853
HQC,2016-09-30,5.19,5.2,5.17,5.18,1487270,5.11,5.1,5.18,1.3302,1.5089,0.0541,-0.8654,-0.3746,1.4392
HQC,2016-10-03,5.19,5.2,5.17,5.18,1245320,5.12,5.11,5.17,1.0732,1.4294,0.1005,-0.894,-0.4439,1.2831
HQC,2016-10-04,5.18,5.19,5.13,5.17,1562230,5.14,5.11,5.17,0.662,1.1643,-0.0425,1.187,0.4873,1.4018
HQC,2016-10-05,5.18,5.19,5.17,5.19,1250030,5.15,5.11,5.17,0.8159,1.5656,0.4257,2.7738,1.3674,1.5851
HQC,2016-10-06,5.2,5.25,5.19,5.25,2280860,5.17,5.11,5.16,1.6063,2.6895,1.6457,3.3808,1.891,1.5099
HQC,2016-10-07,5.27,5.3,5.27,5.3,3759380,5.19,5.12,5.16,2.0998,3.4651,2.6137,7.9067,4.8752,2.3006
HQC,2016-10-10,5.3,5.36,5.3,5.35,2425720,5.22,5.14,5.17,2.4708,4.1565,3.5217,2.7014,1.662,2.5707
HQC,2016-10-11,5.35,5.36,5.2,5.3,2761400,5.23,5.15,5.17,1.3191,2.9526,2.5145,1.2011,0.5564,2.2921
HQC,2016-10-12,5.33,5.34,5.3,5.31,3171780,5.24,5.16,5.17,1.2779,2.907,2.6642,-3.6007,-1.8123,2.4511
HQC,2016-10-13,5.31,5.32,5.2,5.3,3914560,5.25,5.17,5.17,0.8947,2.465,2.4313,4.4742,2.8679,2.8985
HQC,2016-10-14,5.29,5.31,5.27,5.28,6113300,5.26,5.19,5.18,0.323,1.7831,2.0132,-4.2945,-2.6408,3.2414
HQC,2016-10-17,5.29,5.29,5.25,5.26,2118330,5.27,5.2,5.18,-0.2087,1.1928,1.564,-2.0177,-1.0054,3.3538
HQC,2016-10-18,5.25,5.36,5.25,5.34,2557440,5.29,5.21,5.19,0.9834,2.4559,2.9735,3.7346,2.3262,3.6086
HQC,2016-10-19,5.36,5.36,5.2,5.29,1867550,5.3,5.22,5.19,-0.151,1.2828,1.9346,0.3451,0.2111,3.3657
HQC,2016-10-20,5.34,5.34,4.92,5.2,1460140,5.29,5.23,5.19,-1.757,-0.5736,0.2004,1.2224,0.6145,3.1498
HQC,2016-10-21,4.84,5.21,4.84,5.17,4330200,5.28,5.24,5.18,-2.0833,-1.2511,-0.2893,6.319,3.6634,2.9911
HQC,2016-10-24,5.18,5.27,5.17,5.2,2254600,5.26,5.24,5.18,-1.2346,-0.8201,0.328,-1.6998,-0.8525,2.8909
HQC,2016-10-25,5.2,5.27,5.19,5.25,2868670,5.26,5.25,5.18,-0.1901,0.0858,1.3122,3.3649,2.1052,3.1073
HQC,2016-10-26,5.25,5.28,5.2,5.27,2555330,5.26,5.25,5.18,0.2664,0.3905,1.6707,5.4642,3.6057,3.2936
HQC,2016-10-27,5.28,5.3,5.27,5.29,1628970,5.26,5.25,5.19,0.666,0.6852,1.9818,1.7611,0.9049,3.0223
HQC,2016-10-28,5.29,5.33,5.29,5.31,2117620,5.26,5.26,5.19,0.989,0.941,2.2845,-0.0,-0.0,2.5929
HQC,2016-10-31,5.35,5.35,4.96,5.16,979770,5.25,5.26,5.19,-1.6768,-1.8918,-0.5895,0.0558,0.0274,2.3967
HQC,2016-11-01,5.18,5.2,5.09,5.14,2499260,5.23,5.26,5.19,-1.6832,-2.2442,-0.9519,-0.7418,-0.3615,2.0974
HQC,2016-11-02,5.2,5.2,4.9,5.15,4841200,5.21,5.26,5.19,-1.2275,-2.0167,-0.7401,6.6316,3.489,2.726
HQC,2016-11-03,5.14,5.15,5.1,5.15,3511900,5.21,5.25,5.19,-1.1327,-1.9234,-0.721,7.0985,3.4366,3.3137
HQC,2016-11-04,5.15,5.31,5.15,5.26,4017110,5.22,5.25,5.19,0.8049,0.2096,1.3761,5.5506,2.6973,3.2368
HQC,2016-11-07,5.26,5.28,5.19,5.25,1358840,5.22,5.24,5.19,0.5169,0.1144,1.2029,1.3292,0.6848,3.1998
HQC,2016-11-08,5.15,5.26,5.15,5.25,1103470,5.22,5.24,5.19,0.5169,0.1622,1.1834,2.7832,1.6273,3.1416
HQC,2016-11-09,5.26,5.26,5.0,5.0,848540,5.2,5.23,5.18,-3.7721,-4.3245,-3.5605,-1.7389,-0.7396,2.7691
HQC,2016-11-10,5.2,5.25,5.16,5.16,1638030,5.18,5.22,5.18,-0.4438,-1.1305,-0.4207,-3.5787,-2.1387,2.9508
HQC,2016-11-11,5.11,5.24,4.8,4.85,4485120,5.14,5.2,5.17,-5.5869,-6.6859,-6.2403,-12.1785,-6.3412,4.1687
HQC,2016-11-14,4.95,5.08,4.9,5.08,2697270,5.13,5.19,5.17,-0.9554,-2.0912,-1.7864,6.6575,3.0774,4.8288
HQC,2016-11-15,5.1,5.12,5.0,5.0,2422790,5.12,5.17,5.17,-2.2483,-3.3163,-3.2957,-6.7912,-3.325,5.4338
HQC,2016-11-16,4.97,5.0,4.88,5.0,3404010,5.1,5.16,5.17,-1.9608,-3.0444,-3.2208,7.9902,4.4431,5.5696
HQC,2016-11-17,5.0,5.0,4.85,4.95,2656440,5.08,5.14,5.16,-2.5591,-3.7807,-4.0958,2.0323,1.1867,5.063
HQC,2016-11-18,4.95,4.95,4.88,4.95,991200,5.05,5.13,5.16,-1.9608,-3.5746,-4.04,2.6003,1.3096,4.768
HQC,2016-11-21,4.9,4.96,4.89,4.89,949710,5.01,5.12,5.15,-2.4536,-4.4549,-5.137,-1.8665,-1.1221,4.8217
HQC,2016-11-22,4.89,4.93,4.89,4.92,1821640,4.98,5.1,5.15,-1.2048,-3.5578,-4.4994,2.1544,1.0373,4.7588
HQC,2016-11-23,5.0,5.0,4.94,4.97,3230430,4.98,5.09,5.15,-0.1406,-2.2904,-3.4914,-0.0,-0.0,4.585
HQC,2016-11-24,4.98,4.98,4.95,4.96,1711920,4.96,5.07,5.15,0.0605,-2.1696,-3.6519,-1.2879,-0.5746,4.3559
HQC,2016-11-25,4.97,4.97,4.89,4.94,2521810,4.97,5.05,5.15,-0.5236,-2.2073,-4.0255,1.3116,0.6669,3.2692
HQC,2016-11-28,4.92,4.93,4.8,4.86,1938660,4.94,5.04,5.14,-1.699,-3.5044,-5.51,-0.3382,-0.1461,2.6373
HQC,2016-11-29,4.88,4.9,4.7,4.71,3700880,4.92,5.02,5.14,-4.1709,-6.0818,-8.3015,-6.2548,-2.6489,2.5836
HQC,2016-11-30,4.71,4.75,4.39,4.39,2996550,4.85,4.98,5.12,-9.5591,-11.7943,-14.3047,-5.9921,-3.0974,2.3838
HQC,2016-12-01,4.09,4.09,4.09,4.09,1362180,4.77,4.92,5.1,-14.2198,-16.9374,-19.8574,2.6514,1.066,2.4457
HQC,2016-12-02,3.81,3.81,3.81,3.81,258920,4.65,4.85,5.08,-18.1349,-21.4676,-24.9764,0.6386,0.2497,2.2495
HQC,2016-12-05,3.55,3.55,3.55,3.55,124910,4.52,4.77,5.05,-21.4602,-25.5219,-29.6807,0.2885,0.1189,2.0917
HQC,2016-12-06,3.31,3.31,3.31,3.31,119190,4.36,4.67,5.01,-24.0652,-29.1145,-33.94,0.215,0.083,1.8978
HQC,2016-12-07,3.08,3.08,3.08,3.08,619830,4.17,4.57,4.97,-26.1391,-32.6555,-38.0082,1.7698,0.6226,2.0748
HQC,2016-12-08,2.87,2.87,2.87,2.87,1992650,3.96,4.46,4.92,-27.5435,-35.6358,-41.688,5.2127,1.7797,2.4672
HQC,2016-12-09,2.67,2.67,2.67,2.67,1647530,3.73,4.35,4.87,-28.4949,-38.6207,-45.1925,5.2948,1.6373,2.8656
HQC,2016-12-12,2.49,2.49,2.49,2.49,377460,3.5,4.22,4.82,-28.7961,-41.0023,-48.3167,0.789,0.2376,2.9107
HQC,2016-12-13,2.32,2.32,2.32,2.32,201350,3.26,4.09,4.76,-28.7907,-43.2277,-51.2687,0.0,0.0,2.2852
HQC,2016-12-14,2.16,2.48,2.16,2.48,78778490,3.07,3.96,4.71,-19.1392,-37.3816,-47.308,58.5306,27.5915,7.539
HQC,2016-12-15,2.65,2.65,2.31,2.36,6608720,2.89,3.83,4.65,-18.452,-38.3973,-49.2342,-9.2768,-2.0197,8.2016
HQC,2016-12-16,2.28,2.52,2.23,2.49,11978940,2.76,3.71,4.59,-9.8479,-32.8479,-45.7823,11.4894,2.6707,9.2867
HQC,2016-12-19,2.34,2.51,2.34,2.4,20773180,2.65,3.58,4.53,-9.3313,-33.0264,-47.0619,-14.0787,-3.5677,10.6657
HQC,2016-12-20,2.42,2.45,2.33,2.36,17211480,2.55,3.46,4.47,-7.5235,-31.7031,-47.2602,-17.6379,-3.9116,12.408
HQC,2016-12-21,2.38,2.41,2.35,2.37,7825630,2.48,3.33,4.42,-4.474,-28.7325,-46.3315,-6.0467,-1.3208,12.8357
HQC,2016-12-22,2.38,2.4,2.34,2.35,7076020,2.43,3.2,4.36,-3.2524,-26.4476,-46.0638,-11.2732,-2.5742,13.4417
HQC,2016-12-23,2.35,2.35,2.27,2.29,7394710,2.39,3.06,4.3,-4.2242,-25.2245,-46.7095,-9.7685,-2.3329,13.8891
HQC,2016-12-26,2.29,2.3,2.19,2.19,7440390,2.36,2.93,4.24,-7.2427,-25.2305,-48.2978,-18.4228,-4.8853,15.6525
HQC,2016-12-27,2.19,2.19,2.09,2.17,7950770,2.35,2.8,4.17,-7.5021,-22.5553,-47.9916,9.9195,1.9591,16.6444
HQC,2016-12-28,2.17,2.32,2.17,2.32,8904630,2.33,2.7,4.11,-0.4292,-14.0263,-43.5935,18.633,5.0008,12.6547
HQC,2016-12-29,2.35,2.39,2.27,2.27,9194880,2.32,2.61,4.05,-2.1973,-12.9434,-44.0114,-19.4034,-4.817,13.6673
HQC,2016-12-30,2.27,2.32,2.27,2.28,8559490,2.3,2.53,4.0,-0.8696,-9.917,-42.9515,-10.0152,-2.3362,13.5199
HQC,2017-01-03,2.36,2.36,2.29,2.3,2350310,2.29,2.47,3.94,0.4367,-6.826,-41.6036,-3.5544,-0.8679,12.4675
HQC,2017-01-04,2.33,2.33,2.26,2.27,3819560,2.28,2.42,3.88,-0.4822,-6.0625,-41.4798,-6.9763,-1.494,11.4013
HQC,2017-01-05,2.26,2.28,2.25,2.25,3090680,2.27,2.38,3.82,-0.8374,-5.2632,-41.0779,-7.8239,-2.0535,11.579
HQC,2017-01-06,2.24,2.25,2.18,2.23,6459350,2.26,2.34,3.76,-1.1963,-4.8229,-40.6504,5.7126,1.1693,11.023
HQC,2017-01-09,2.23,2.28,2.22,2.23,2108670,2.25,2.32,3.7,-0.9329,-3.9207,-39.6612,-2.9847,-0.6506,10.3446
HQC,2017-01-10,2.23,2.25,2.21,2.22,2053480,2.25,2.31,3.64,-1.5084,-3.792,-38.9607,-2.8449,-0.564,8.7868
HQC,2017-01-11,2.2,2.23,2.18,2.19,3307980,2.26,2.3,3.58,-2.9255,-4.824,-38.7926,-3.4741,-0.7594,8.1422
HQC,2017-01-12,2.17,2.2,2.17,2.18,2794890,2.24,2.29,3.52,-2.7654,-4.6369,-38.0435,-1.8792,-0.4654,6.4669
HQC,2017-01-13,2.17,2.19,2.14,2.18,3459000,2.23,2.28,3.46,-2.3735,-4.26,-36.9796,4.7378,1.1791,5.0003
HQC,2017-01-16,2.2,2.2,2.13,2.13,1918280,2.22,2.26,3.4,-3.9675,-5.7105,-37.2902,-4.0283,-1.0259,4.4016
HQC,2017-01-17,2.12,2.13,1.99,2.0,10715650,2.19,2.24,3.33,-8.5923,-10.6744,-39.9688,-15.8446,-3.6779,5.6306
HQC,2017-01-18,2.0,2.03,1.97,1.97,3552190,2.16,2.22,3.27,-8.7118,-11.2413,-39.6816,-6.8204,-1.5656,5.6151
HQC,2017-01-19,1.96,2.0,1.92,1.93,3268400,2.13,2.2,3.2,-9.2192,-12.1729,-39.7741,-7.2047,-1.351,5.5531
HQC,2017-01-20,1.91,1.95,1.86,1.88,3646960,2.09,2.17,3.14,-10.0909,-13.5235,-40.1083,-6.0913,-1.1578,5.591
HQC,2017-01-23,2.01,2.01,2.01,2.01,1761930,2.07,2.16,3.08,-2.8516,-6.9444,-34.7868,-4.9642,-1.2108,5.789
HQC,2017-01-24,2.15,2.15,2.11,2.15,7340020,2.06,2.16,3.02,4.2677,-0.3707,-28.8927,16.1943,3.9179,7.1239
HQC,2017-01-25,2.19,2.21,2.16,2.19,4402350,2.06,2.16,2.97,6.2076,1.4358,-26.198,1.9708,0.4078,6.9736
HQC,2017-02-02,2.19,2.21,2.17,2.2,2830470,2.06,2.15,2.91,6.5891,2.183,-24.435,3.1615,0.6577,7.1018
HQC,2017-02-03,2.19,2.19,2.15,2.16,3743050,2.06,2.15,2.86,4.7527,0.5821,-24.3592,-3.6449,-0.7972,6.9925
HQC,2017-02-06,2.16,2.19,2.15,2.19,3568400,2.07,2.14,2.8,5.8994,2.1932,-21.7969,7.0716,1.7326,7.2968
HQC,2017-02-07,2.2,2.27,2.2,2.24,5744670,2.09,2.14,2.75,7.0746,4.6729,-18.4684,1.4327,0.3607,5.8556
HQC,2017-02-08,2.25,2.31,2.24,2.3,5974610,2.12,2.14,2.7,8.2353,7.4014,-14.6568,7.6025,1.886,5.9338
HQC,2017-02-09,2.31,2.4,2.31,2.38,6876500,2.17,2.15,2.64,9.6774,10.8007,-9.9576,5.5093,1.3293,5.7643
HQC,2017-02-10,2.39,2.4,2.29,2.33,6800010,2.22,2.15,2.59,5.1919,8.2211,-10.0594,-3.2542,-0.7285,5.4806
HQC,2017-02-13,2.34,2.34,2.27,2.3,6901670,2.24,2.16,2.54,2.4955,6.6543,-9.3703,-1.7427,-0.4227,5.1584
HQC,2017-02-14,2.3,2.34,2.27,2.3,5136610,2.26,2.16,2.49,1.815,6.4568,-7.5042,-1.1069,-0.2763,3.6497
HQC,2017-02-15,2.29,2.3,2.2,2.22,7157280,2.26,2.16,2.44,-1.8568,2.6827,-8.8969,-6.593,-1.4635,4.1119
HQC,2017-02-16,2.22,2.28,2.22,2.25,6459440,2.27,2.17,2.39,-0.7499,3.9021,-6.015,0.0,0.0,3.7958
HQC,2017-02-17,2.25,2.25,2.22,2.25,3675880,2.28,2.17,2.36,-1.1424,3.7344,-4.5478,4.5243,0.9994,3.8837
HQC,2017-02-20,2.24,2.28,2.23,2.28,6726830,2.28,2.18,2.33,-0.2188,4.7553,-2.0029,7.3598,1.7901,3.9125
HQC,2017-02-21,2.3,2.43,2.3,2.43,15159310,2.3,2.2,2.3,5.4688,10.5551,5.4596,17.0412,4.9571,5.4734
HQC,2017-02-22,2.6,2.6,2.49,2.6,31641250,2.33,2.23,2.29,11.3967,16.6181,13.5371,29.6934,9.2872,7.6825
HQC,2017-02-23,2.62,2.7,2.58,2.63,24800530,2.36,2.26,2.28,11.4879,16.1404,15.3003,-5.0902,-1.3531,7.6406
HQC,2017-02-24,2.57,2.62,2.5,2.5,14566000,2.38,2.3,2.27,5.2189,8.9087,9.9578,-12.5645,-3.4349,8.5716
HQC,2017-02-27,2.53,2.6,2.5,2.58,13013760,2.4,2.32,2.27,7.3211,11.0155,13.5663,9.1585,2.387,9.3132
HQC,2017-02-28,2.58,2.76,2.58,2.76,17638760,2.45,2.35,2.28,12.6531,17.2223,21.2015,16.8534,5.4099,10.8878
HQC,2017-03-01,2.8,2.92,2.65,2.8,17220780,2.51,2.39,2.29,11.6427,17.4004,22.4418,2.5553,0.7234,10.4841
HQC,2017-03-02,2.85,2.85,2.66,2.66,12596280,2.55,2.41,2.29,4.3546,10.4651,16.1369,-15.3012,-4.8454,12.0142
HQC,2017-03-03,2.65,2.65,2.52,2.57,13123980,2.58,2.43,2.29,-0.4262,5.8266,12.0021,-4.648,-1.0163,12.0266
HQC,2017-03-06,2.56,2.58,2.46,2.51,13293110,2.6,2.44,2.3,-3.6098,2.6795,9.3682,-2.7423,-0.6656,11.5648
HQC,2017-03-07,2.55,2.63,2.54,2.61,10192580,2.62,2.46,2.3,-0.4577,5.9683,13.5177,8.5301,2.211,10.7137
HQC,2017-03-08,2.62,2.62,2.54,2.54,7883380,2.62,2.48,2.3,-2.9052,2.6263,10.3005,-15.074,-4.209,9.2518
HQC,2017-03-09,2.53,2.59,2.51,2.56,9930870,2.61,2.48,2.31,-1.8781,3.0596,10.9859,3.7716,0.947,9.1199
HQC,2017-03-10,2.57,2.58,2.55,2.56,6794410,2.62,2.5,2.31,-2.1033,2.5847,10.7841,-3.8523,-1.0443,8.2487
HQC,2017-03-13,2.55,2.56,2.51,2.51,7257370,2.61,2.51,2.32,-3.7577,0.1596,8.414,-11.7374,-3.0132,8.5066
HQC,2017-03-14,2.5,2.54,2.5,2.5,6500000,2.58,2.52,2.32,-3.1758,-0.6359,7.6936,-10.7035,-2.5816,7.8916
HQC,2017-03-15,2.51,2.6,2.51,2.54,8728970,2.56,2.53,2.33,-0.626,0.316,9.069,-5.3977,-1.0867,8.1758
HQC,2017-03-16,2.55,2.61,2.53,2.61,11330540,2.55,2.55,2.33,2.3128,2.3529,11.7965,12.367,3.6075,7.8824
HQC,2017-03-17,2.63,2.74,2.62,2.7,26311150,2.56,2.57,2.34,5.3042,4.9563,15.227,8.7948,2.1939,8.2971
HQC,2017-03-20,2.75,2.85,2.73,2.75,18830460,2.59,2.6,2.35,6.2597,5.9322,16.8919,-15.4384,-4.9239,9.5667
HQC,2017-03-21,2.75,2.75,2.66,2.7,13943590,2.6,2.61,2.36,3.9661,3.4681,14.3777,-1.7746,-0.481,8.8911
HQC,2017-03-22,2.69,2.76,2.62,2.63,15405520,2.61,2.61,2.37,0.921,0.7277,11.0736,-12.8181,-3.8478,8.6655
HQC,2017-03-23,2.64,2.65,2.59,2.63,10805820,2.61,2.61,2.38,0.6506,0.7277,10.7182,4.8918,1.1169,8.7776
HQC,2017-03-24,2.64,2.68,2.61,2.62,7593840,2.62,2.62,2.38,0.0382,0.1146,9.9362,-5.5771,-1.8513,8.95
HQC,2017-03-27,2.65,2.69,2.64,2.65,9549460,2.63,2.62,2.39,0.6457,1.1257,10.8045,-6.3302,-1.825,8.4093
HQC,2017-03-28,2.67,2.68,2.62,2.63,9073660,2.65,2.61,2.4,-0.6047,0.6121,9.5925,-7.5019,-2.1778,8.0892
HQC,2017-03-29,2.64,2.66,2.62,2.64,5913510,2.66,2.61,2.41,-0.6024,1.3047,9.5981,0.0,0.0,7.5494
HQC,2017-03-30,2.64,2.79,2.64,2.7,13440930,2.66,2.61,2.42,1.3133,3.5276,11.6071,-3.7814,-0.9775,6.6908
HQC,2017-03-31,2.7,2.72,2.66,2.66,7564820,2.66,2.61,2.43,-0.0376,1.8182,9.5191,-11.4031,-2.9787,6.9517
HQC,2017-04-03,2.65,2.67,2.64,2.65,8331430,2.65,2.62,2.44,-0.0377,1.1643,8.6422,-2.9066,-0.7851,5.6985
HQC,2017-04-04,2.66,2.67,2.6,2.6,12137760,2.64,2.62,2.45,-1.5524,-0.7255,6.0705,-12.1379,-3.8051,6.7348
HQC,2017-04-05,2.6,2.6,2.51,2.51,14394380,2.63,2.62,2.46,-4.5264,-4.107,1.9496,-16.464,-5.135,7.0994
HQC,2017-04-07,2.52,2.57,2.49,2.55,8261450,2.62,2.62,2.47,-2.7089,-2.5602,3.0553,4.6444,1.1038,7.0747
HQC,2017-04-10,2.57,2.57,2.51,2.51,6165650,2.61,2.61,2.49,-3.8314,-3.9969,0.9248,-5.7995,-1.9718,7.0969
HQC,2017-04-11,2.5,2.53,2.34,2.34,29876020,2.58,2.61,2.49,-9.2672,-10.2072,-6.1598,-24.7316,-8.9666,8.937
HQC,2017-04-12,2.34,2.46,2.2,2.34,15954360,2.55,2.6,2.5,-8.2353,-9.9307,-6.3026,1.4927,0.4353,8.3361
HQC,2017-04-13,2.39,2.43,2.37,2.4,7563030,2.53,2.59,2.5,-4.9881,-7.3717,-4.0614,-0.0,-0.0,8.3361
HQC,2017-04-14,2.4,2.42,2.32,2.41,8954570,2.5,2.58,2.51,-3.4842,-6.6253,-3.8231,7.7934,2.3893,8.7373
HQC,2017-04-17,2.41,2.46,2.4,2.41,7737810,2.47,2.57,2.51,-2.5081,-6.0978,-4.0147,-5.3215,-1.5855,8.1292
HQC,2017-04-18,2.41,2.46,2.39,2.46,8615870,2.45,2.55,2.52,0.2854,-3.605,-2.2335,9.0721,2.5905,8.7457
HQC,2017-04-19,2.46,2.57,2.46,2.55,8841760,2.45,2.54,2.52,4.1667,0.2162,1.0942,8.8168,2.8094,8.4136
HQC,2017-04-20,2.6,2.6,2.52,2.52,5806020,2.45,2.54,2.53,2.8991,-0.7483,-0.2691,-10.6871,-3.0634,7.8359
HQC,2017-04-21,2.52,2.55,2.5,2.52,6379940,2.45,2.53,2.53,3.0253,-0.5329,-0.3795,-1.9617,-0.7291,7.5676
HQC,2017-04-24,2.52,2.52,2.47,2.49,4798600,2.44,2.53,2.53,1.8822,-1.4642,-1.6898,-1.3677,-0.3899,7.1245
HQC,2017-04-25,2.48,2.5,2.47,2.5,3257550,2.46,2.52,2.54,1.626,-0.774,-1.4506,4.023,1.4468,5.0536
HQC,2017-04-26,2.49,2.53,2.49,2.51,4920530,2.48,2.51,2.54,1.3323,-0.1392,-1.22,-0.0,-0.0,4.9043
HQC,2017-04-27,2.52,2.54,2.5,2.5,4527350,2.49,2.51,2.55,0.5227,-0.2593,-1.8299,-6.0336,-1.5212,5.5077
HQC,2017-04-28,2.49,2.5,2.45,2.47,6073150,2.49,2.5,2.55,-0.9226,-1.002,-3.1752,-1.3824,-0.359,4.8666
HQC,2017-05-03,2.44,2.44,2.38,2.4,8830100,2.49,2.48,2.55,-3.6918,-3.3038,-6.0298,-3.1483,-0.9065,4.6493
HQC,2017-05-04,2.42,2.56,2.42,2.56,8566740,2.5,2.48,2.56,2.3181,3.33,0.0156,7.5998,2.2069,4.502
HQC,2017-05-05,2.65,2.65,2.57,2.62,10899610,2.51,2.48,2.56,4.4241,5.7091,2.208,2.6055,0.824,3.8809
HQC,2017-05-08,2.6,2.62,2.55,2.55,9754650,2.51,2.48,2.56,1.5127,2.8019,-0.4839,-8.2403,-2.4761,3.6362
HQC,2017-05-09,2.58,2.64,2.58,2.63,11088610,2.52,2.48,2.56,4.241,5.8563,2.6382,7.5872,2.5242,4.1988
HQC,2017-05-10,2.65,2.73,2.64,2.65,14106130,2.54,2.49,2.57,4.3718,6.3616,3.2977,-9.7345,-3.2653,5.0355
HQC,2017-05-11,2.67,2.67,2.58,2.6,7125260,2.55,2.5,2.57,2.0008,3.8131,1.3329,-4.2547,-1.136,5.0586
HQC,2017-05-12,2.61,2.7,2.6,2.67,10534930,2.56,2.52,2.56,4.0936,5.9104,4.1342,4.5974,1.3441,5.5184
HQC,2017-05-15,2.81,2.85,2.81,2.85,19213030,2.6,2.54,2.56,9.6154,12.0503,11.1111,16.5234,6.1131,6.5674
HQC,2017-05-16,3.04,3.04,2.91,3.04,26380670,2.66,2.58,2.57,14.4148,18.0583,18.1684,16.6386,6.0261,8.093
HQC,2017-05-17,2.95,3.04,2.92,2.93,21422620,2.71,2.6,2.58,8.1181,12.649,13.5747,-15.4685,-5.1309,9.325
HQC,2017-05-18,2.9,3.13,2.85,3.03,20869850,2.76,2.63,2.59,9.9021,15.231,16.9794,5.4262,1.9623,9.1076
HQC,2017-05-19,3.06,3.24,3.05,3.24,21969020,2.82,2.66,2.6,14.9344,21.6216,24.4813,18.5943,6.0987,10.7065
HQC,2017-05-22,3.46,3.46,3.46,3.46,6618450,2.91,2.71,2.62,18.9003,27.6282,32.0006,0.0,0.0,9.8825
HQC,2017-05-23,3.7,3.7,3.47,3.52,66145120,3.0,2.76,2.64,17.3725,27.49,33.3131,-26.3616,-11.2212,11.7599
HQC,2017-05-24,3.46,3.7,3.41,3.54,19601360,3.09,2.81,2.66,14.6373,25.8219,33.0827,-2.3126,-0.7579,11.0177
HQC,2017-05-25,3.61,3.66,3.52,3.6,13885880,3.19,2.87,2.68,12.9235,25.5011,34.2382,2.3328,0.7618,10.8255
HQC,2017-05-26,3.6,3.64,3.45,3.56,14880410,3.28,2.92,2.7,8.6359,21.8761,31.7055,2.9396,0.8678,10.6597
HQC,2017-05-29,3.52,3.54,3.32,3.32,25213030,3.32,2.96,2.72,-0.1203,12.0864,22.1217,-18.0013,-6.8791,10.8075
HQC,2017-05-30,3.25,3.26,3.09,3.09,24223480,3.33,2.99,2.73,-7.1793,3.2409,13.2615,-14.37,-5.2399,10.5807
HQC,2017-05-31,3.09,3.3,3.05,3.3,14978760,3.37,3.04,2.74,-1.9608,8.6241,20.4292,14.2259,4.6128,10.4564
HQC,2017-06-01,3.3,3.4,3.22,3.27,8318170,3.39,3.07,2.75,-3.5398,6.3934,18.8832,-5.6694,-1.6937,10.4807
HQC,2017-06-02,3.25,3.28,3.17,3.26,8734340,3.39,3.11,2.76,-3.8915,4.975,18.039,7.1504,2.2344,9.3364
HQC,2017-06-05,3.26,3.27,3.16,3.17,8382630,3.36,3.14,2.77,-5.7389,1.0681,14.3331,-9.057,-2.882,10.2421
HQC,2017-06-06,3.14,3.27,3.14,3.25,7425740,3.34,3.17,2.78,-2.5779,2.6046,16.6966,5.283,1.5692,8.1342
HQC,2017-06-07,3.26,3.32,3.24,3.26,7131230,3.31,3.2,2.8,-1.451,1.9387,16.5201,-3.3733,-1.1678,8.2403
HQC,2017-06-08,3.26,3.26,3.16,3.16,7683590,3.26,3.23,2.81,-3.1863,-2.0459,12.5356,-10.1885,-3.4952,9.0258
HQC,2017-06-09,3.11,3.2,3.11,3.12,5671370,3.22,3.25,2.82,-3.1056,-3.9557,10.7247,-5.8298,-1.8958,9.3149
HQC,2017-06-12,3.12,3.17,3.05,3.07,8644030,3.2,3.26,2.83,-3.9124,-5.8138,8.6187,-7.1576,-2.3255,8.2305
HQC,2017-06-13,3.07,3.1,3.03,3.09,6542860,3.2,3.26,2.83,-3.2864,-5.2728,9.0255,5.7382,1.8204,7.3673
HQC,2017-06-14,3.09,3.19,3.08,3.18,8448430,3.18,3.27,2.84,-0.0943,-2.8859,11.7908,7.2727,2.3901,6.672
HQC,2017-06-15,3.19,3.19,3.1,3.12,5256820,3.17,3.28,2.85,-1.5152,-4.849,9.3203,-3.6913,-1.2907,6.4742
HQC,2017-06-16,3.11,3.13,3.08,3.1,6185500,3.15,3.27,2.86,-1.6497,-5.2567,8.2402,-1.1824,-0.2713,5.8774
HQC,2017-06-19,3.15,3.15,3.06,3.07,6671410,3.14,3.25,2.88,-2.2915,-5.6111,6.7752,-4.5691,-1.4136,5.4286
HQC,2017-06-20,3.07,3.14,3.07,3.11,6878860,3.13,3.23,2.89,-0.5754,-3.7748,7.7467,1.0843,0.2846,5.0087
HQC,2017-06-21,3.11,3.11,3.05,3.06,6914690,3.11,3.21,2.9,-1.5444,-4.6135,5.6119,-5.0822,-1.449,5.1796
HQC,2017-06-22,3.09,3.09,3.06,3.08,6034470,3.1,3.18,2.91,-0.6452,-3.2055,5.762,1.8085,0.5612,4.3416
HQC,2017-06-23,3.1,3.29,3.1,3.29,24508290,3.12,3.17,2.93,5.5502,3.8346,12.2407,25.5316,8.378,6.3118
HQC,2017-06-26,3.32,3.47,3.31,3.36,19172100,3.15,3.17,2.95,6.8023,5.977,13.8829,-8.6427,-2.69,6.4603
HQC,2017-06-27,3.33,3.34,3.2,3.2,11836250,3.16,3.18,2.97,1.3621,0.7557,7.8821,-10.9601,-3.5093,6.9825
HQC,2017-06-28,3.19,3.25,3.14,3.25,9696400,3.16,3.17,2.98,2.7181,2.4106,8.9507,12.7408,4.3462,7.5293
HQC,2017-06-29,3.25,3.28,3.21,3.21,9939640,3.17,3.17,3.0,1.1661,1.2459,7.0714,-13.2143,-4.4294,8.4816
HQC,2017-06-30,3.2,3.24,3.19,3.21,7444200,3.18,3.17,3.01,0.8166,1.3258,6.602,-1.7571,-0.4678,8.5391
HQC,2017-07-03,3.21,3.31,3.19,3.25,12218540,3.2,3.17,3.03,1.4991,2.459,7.4096,0.0,0.0,8.0821
HQC,2017-07-04,3.25,3.29,3.24,3.26,9756130,3.22,3.17,3.04,1.3366,2.7581,7.2157,-2.8186,-0.9077,8.2556
HQC,2017-07-05,3.27,3.48,3.27,3.44,23739720,3.26,3.18,3.06,5.6836,8.1251,12.433,15.8226,6.4398,9.3296
HQC,2017-07-06,3.44,3.47,3.36,3.38,15342140,3.28,3.19,3.08,2.8919,5.8731,9.8401,-8.2779,-3.218,9.9766
HQC,2017-07-07,3.39,3.54,3.38,3.4,19959420,3.3,3.21,3.1,3.1553,6.0346,9.8546,-9.6959,-3.8487,8.393
HQC,2017-07-10,3.4,3.43,3.26,3.29,13478100,3.29,3.22,3.11,0.0304,2.2533,5.7606,-8.145,-2.9344,8.3432
HQC,2017-07-11,3.27,3.34,3.24,3.31,8389120,3.3,3.23,3.13,0.303,2.5244,5.8319,3.8301,1.1012,7.6302
HQC,2017-07-12,3.33,3.35,3.31,3.32,7850420,3.31,3.24,3.15,0.3931,2.6117,5.5308,-4.4829,-1.1892,6.8044
HQC,2017-07-13,3.33,3.39,3.33,3.37,8670050,3.32,3.25,3.16,1.4144,3.7562,6.5714,3.8899,1.1721,5.872
HQC,2017-07-14,3.38,3.4,3.32,3.34,9577820,3.34,3.26,3.18,0.1199,2.454,5.1439,-5.321,-1.7271,6.2284
HQC,2017-07-17,3.36,3.44,3.3,3.33,12641350,3.34,3.27,3.19,-0.4187,1.7415,4.3168,-6.6129,-2.4517,6.8897
HQC,2017-07-18,3.3,3.34,3.28,3.29,6131470,3.35,3.28,3.21,-1.703,0.2438,2.6393,-5.3261,-1.7014,7.1404
HQC,2017-07-19,3.3,3.35,3.3,3.32,8089110,3.34,3.29,3.22,-0.4498,0.7587,3.144,-2.1213,-0.6393,5.7703
HQC,2017-07-20,3.32,3.33,3.25,3.25,12195370,3.32,3.3,3.23,-2.1674,-1.6195,0.5632,-14.5328,-4.8212,6.3958
HQC,2017-07-21,3.4,3.4,3.26,3.26,7768470,3.31,3.3,3.24,-1.451,-1.272,0.5056,-8.2727,-2.6878,6.2535
HQC,2017-07-24,3.26,3.33,3.25,3.27,5552680,3.31,3.3,3.25,-1.0889,-0.834,0.5535,-4.7764,-1.428,5.9166
HQC,2017-07-25,3.28,3.3,3.24,3.3,5866560,3.3,3.3,3.26,-0.1513,-0.0757,1.314,7.5414,2.432,6.2877
HQC,2017-07-26,3.31,3.38,3.29,3.35,8079370,3.31,3.31,3.27,1.2696,1.285,2.5845,3.5392,1.0858,6.1934
HQC,2017-07-27,3.34,3.36,3.27,3.28,7166130,3.3,3.31,3.27,-0.5759,-0.9363,0.2874,-8.7756,-2.7384,6.6819
HQC,2017-07-28,3.29,3.32,3.28,3.28,4088530,3.29,3.31,3.27,-0.3948,-1.0409,0.2629,-5.2938,-1.7719,6.6792
HQC,2017-07-31,3.3,3.31,3.2,3.21,8149780,3.28,3.31,3.27,-2.164,-3.0943,-1.7267,-5.5318,-1.6155,6.5711
HQC,2017-08-01,3.16,3.21,3.13,3.16,9028050,3.27,3.31,3.26,-3.3048,-4.4596,-3.0437,-2.226,-0.6903,6.2611
HQC,2017-08-02,3.14,3.26,3.14,3.23,4532360,3.26,3.3,3.25,-0.8898,-2.0322,-0.707,2.7379,0.7976,6.3228
HQC,2017-08-03,3.23,3.26,3.19,3.22,7584670,3.26,3.29,3.25,-1.1057,-2.0979,-0.7826,-1.3494,-0.4339,5.0044
HQC,2017-08-04,3.2,3.23,3.2,3.23,6775170,3.25,3.28,3.24,-0.707,-1.5394,-0.2717,7.4638,2.5582,4.9235
HQC,2017-08-07,3.23,3.29,3.21,3.26,9831130,3.25,3.28,3.24,0.246,-0.5794,0.6919,2.6683,0.8538,4.7127
HQC,2017-08-08,3.27,3.34,3.26,3.31,13415690,3.25,3.28,3.24,1.7522,0.9454,2.0975,3.2169,1.1351,4.2803
HQC,2017-08-09,3.31,3.49,3.28,3.4,23934310,3.26,3.28,3.24,4.3585,3.5638,4.8089,2.608,1.0144,4.1872
HQC,2017-08-10,3.4,3.44,3.28,3.28,10095810,3.26,3.28,3.24,0.6753,0.0458,1.1035,-13.115,-4.791,4.6211
HQC,2017-08-11,3.28,3.3,3.24,3.25,5671540,3.26,3.27,3.24,-0.1536,-0.733,0.185,-4.4794,-1.415,4.5396
HQC,2017-08-14,3.24,3.31,3.24,3.29,7060600,3.26,3.27,3.25,0.8275,0.5501,1.343,3.141,1.1094,4.3006
HQC,2017-08-15,3.29,3.3,3.24,3.25,6440150,3.27,3.27,3.25,-0.6724,-0.6116,0.1109,-5.9878,-2.008,4.6767
HQC,2017-08-16,3.25,3.26,3.21,3.22,6089910,3.27,3.26,3.25,-1.5592,-1.3783,-0.7888,-4.994,-1.5006,4.9024
HQC,2017-08-17,3.2,3.23,3.14,3.14,8410410,3.26,3.26,3.25,-3.7695,-3.6662,-3.2417,-4.7766,-1.7286,5.2451
HQC,2017-08-18,3.14,3.21,3.12,3.18,5001250,3.26,3.26,3.25,-2.3941,-2.3192,-2.0453,2.4395,0.7645,4.7426
HQC,2017-08-21,3.19,3.23,3.18,3.19,4570470,3.25,3.25,3.25,-1.8763,-1.8914,-1.8099,-3.7169,-1.2816,4.8475
HQC,2017-08-22,3.19,3.22,3.17,3.21,3632960,3.24,3.25,3.25,-0.9565,-1.1395,-1.2672,3.4742,1.2507,4.8732
HQC,2017-08-23,3.21,3.33,3.21,3.27,6009060,3.23,3.24,3.25,1.3011,0.8326,0.5226,0.0,0.0,4.6124
HQC,2017-08-24,3.26,3.3,3.25,3.27,5264420,3.23,3.24,3.26,1.3325,0.8481,0.43,-1.5798,-0.5317,3.4589
HQC,2017-08-25,3.28,3.39,3.28,3.34,15617950,3.24,3.25,3.26,3.2138,2.9117,2.4289,1.8303,0.5947,3.194
HQC,2017-08-28,3.37,3.45,3.34,3.45,16786880,3.25,3.26,3.27,6.0886,5.9094,5.5562,17.262,6.3368,4.6061
HQC,2017-08-29,3.48,3.69,3.4,3.46,30864650,3.27,3.27,3.28,5.7134,5.7296,5.636,-15.4409,-5.4103,5.5514
HQC,2017-08-30,3.46,3.55,3.34,3.35,11372420,3.29,3.28,3.28,1.9477,2.1809,2.0968,-14.1738,-4.6096,6.4694
HQC,2017-08-31,3.35,3.4,3.35,3.38,7320630,3.31,3.29,3.29,2.1148,2.845,2.8231,1.782,0.5831,6.17
HQC,2017-09-01,3.38,3.4,3.33,3.39,6913650,3.33,3.29,3.29,1.7712,2.8988,3.0646,8.5418,2.6581,6.7802
HQC,2017-09-05,3.37,3.4,3.29,3.29,8368990,3.34,3.3,3.29,-1.5265,-0.182,0.0669,-11.0276,-3.3638,7.5113
HQC,2017-09-06,3.26,3.32,3.26,3.27,9264060,3.35,3.29,3.29,-2.3006,-0.7286,-0.5837,-9.186,-2.7306,8.0824
HQC,2017-09-07,3.27,3.34,3.27,3.32,7154530,3.35,3.29,3.29,-0.9547,0.9119,0.8935,4.6089,1.331,8.5433
HQC,2017-09-08,3.32,3.33,3.28,3.28,4627500,3.35,3.29,3.29,-2.1772,-0.304,-0.3645,-6.7106,-1.9909,9.0564
HQC,2017-09-11,3.3,3.33,3.23,3.23,6038500,3.34,3.29,3.29,-3.3513,-1.7939,-1.8953,-7.0885,-2.1355,9.5822
HQC,2017-09-12,3.24,3.28,3.23,3.26,4681050,3.32,3.29,3.29,-1.8959,-0.8365,-0.9901,1.5241,0.363,8.0084
HQC,2017-09-13,3.27,3.3,3.25,3.29,4042200,3.31,3.29,3.29,-0.484,0.0152,-0.0972,3.5125,0.9779,6.8156
HQC,2017-09-14,3.3,3.3,3.25,3.26,5530580,3.3,3.29,3.29,-1.1222,-0.957,-0.8998,-5.414,-1.3066,5.9396
HQC,2017-09-15,3.26,3.28,3.25,3.25,3285730,3.28,3.3,3.29,-1.0353,-1.4255,-1.1256,-4.1704,-1.0001,6.1784
HQC,2017-09-18,3.27,3.32,3.27,3.3,3193010,3.28,3.3,3.28,0.7634,-0.0908,0.4566,1.0111,0.2553,5.4254
HQC,2017-09-19,3.33,3.33,3.29,3.29,4032710,3.28,3.31,3.28,0.458,-0.5441,0.1522,-4.9452,-1.5594,4.8171
HQC,2017-09-20,3.29,3.38,3.26,3.29,9307330,3.28,3.31,3.28,0.3967,-0.6643,0.1644,-5.9664,-2.0417,4.4952
HQC,2017-09-21,3.32,3.37,3.32,3.33,6792580,3.28,3.32,3.28,1.5863,0.4525,1.376,-5.7641,-1.6757,4.6107
HQC,2017-09-22,3.34,3.35,3.28,3.28,5058790,3.28,3.32,3.28,0.061,-1.0707,-0.0914,-5.9841,-1.7103,4.538
HQC,2017-09-25,3.28,3.3,3.27,3.27,3239000,3.28,3.31,3.28,-0.3656,-1.2681,-0.3535,-4.6175,-1.3874,4.2909
HQC,2017-09-26,3.28,3.3,3.25,3.27,6169150,3.28,3.3,3.28,-0.396,-0.9991,-0.317,-1.4536,-0.4395,4.2839
HQC,2017-09-27,3.3,3.32,3.27,3.27,5741060,3.28,3.29,3.28,-0.3353,-0.7135,-0.3049,-6.9604,-2.0572,4.6287
HQC,2017-09-28,3.27,3.3,3.22,3.23,6563570,3.28,3.29,3.28,-1.4643,-1.749,-1.4703,-5.6248,-1.7645,4.6498
HQC,2017-09-29,3.23,3.27,3.23,3.25,4187180,3.28,3.28,3.28,-0.8542,-0.9448,-0.8602,0.0,0.0,4.2327
HQC,2017-10-02,3.25,3.28,3.22,3.22,4485500,3.27,3.27,3.28,-1.5291,-1.6043,-1.7514,-8.7251,-2.5293,5.0041
HQC,2017-10-03,3.2,3.23,3.05,3.14,8873640,3.26,3.26,3.27,-3.533,-3.8285,-4.1163,0.0,0.0,4.5096
HQC,2017-10-04,3.14,3.19,3.13,3.17,2924770,3.24,3.26,3.27,-2.251,-2.7607,-3.1233,1.5576,0.4624,4.0687
HQC,2017-10-05,3.17,3.2,3.17,3.2,3946610,3.23,3.25,3.27,-0.9288,-1.6595,-2.1167,4.5579,1.318,3.9481
HQC,2017-10-06,3.19,3.21,3.17,3.19,3174620,3.22,3.25,3.27,-0.9624,-1.8311,-2.3689,0.0,0.0,3.3497
HQC,2017-10-09,3.17,3.19,3.14,3.14,4466930,3.21,3.24,3.26,-2.1197,-3.2357,-3.8167,-7.3951,-2.5355,3.6275
HQC,2017-10-10,3.15,3.19,3.14,3.19,4650800,3.2,3.24,3.26,-0.3125,-1.5888,-2.2731,7.3511,2.0245,4.2172
HQC,2017-10-11,3.19,3.21,3.14,3.14,5514510,3.19,3.23,3.26,-1.4747,-2.9066,-3.7931,-7.923,-2.4265,4.3135
HQC,2017-10-12,3.13,3.16,3.13,3.14,4640520,3.18,3.23,3.26,-1.1957,-2.7261,-3.74,-1.925,-0.5145,3.9435
HQC,2017-10-13,3.13,3.14,3.09,3.1,5585920,3.16,3.22,3.26,-1.9918,-3.7417,-4.8963,-4.5667,-1.2631,4.4002
HQC,2017-10-16,3.1,3.14,3.1,3.11,2612530,3.15,3.21,3.26,-1.3325,-3.1454,-4.5192,-1.9428,-0.4348,3.7219
HQC,2017-10-17,3.11,3.21,3.11,3.18,6104220,3.16,3.21,3.26,0.7605,-0.7955,-2.3222,2.4149,0.7178,3.9634
HQC,2017-10-18,3.18,3.19,3.13,3.15,3902360,3.15,3.2,3.25,-0.1268,-1.5163,-3.1484,-1.1965,-0.3421,3.9273
HQC,2017-10-19,3.15,3.18,3.13,3.13,4633810,3.15,3.19,3.25,-0.5402,-1.8347,-3.6033,-5.9494,-1.5959,4.0664
HQC,2017-10-20,3.13,3.18,3.13,3.15,9085600,3.14,3.18,3.24,0.2227,-1.0057,-2.9096,-2.3136,-0.6298,4.2978
HQC,2017-10-23,3.15,3.17,3.05,3.05,7667170,3.13,3.17,3.24,-2.6803,-3.8158,-5.8758,-8.5111,-2.4879,4.4094
HQC,2017-10-24,3.06,3.09,3.05,3.07,5005210,3.12,3.16,3.24,-1.6656,-2.8788,-5.1298,0.0,0.0,3.6743
HQC,2017-10-25,3.07,3.15,3.06,3.15,5498740,3.12,3.16,3.23,0.8646,-0.1585,-2.5974,8.1148,2.3518,3.6935
HQC,2017-10-26,3.15,3.16,3.05,3.05,5229180,3.11,3.15,3.23,-2.0552,-3.0515,-5.5903,-7.9063,-2.0915,4.2916
HQC,2017-10-27,3.05,3.09,3.04,3.08,3083300,3.11,3.14,3.23,-1.0283,-1.8327,-4.6262,2.7286,0.6326,4.1078
HQC,2017-10-30,3.08,3.1,2.9,2.93,6141930,3.09,3.12,3.22,-5.3006,-6.18,-9.1304,-4.3473,-1.0907,4.3482
HQC,2017-10-31,2.87,2.93,2.73,2.73,9977370,3.05,3.1,3.22,-10.4624,-12.0064,-15.0908,-11.9362,-3.2347,5.3004
HQC,2017-11-01,2.6,2.65,2.54,2.54,12777550,2.99,3.07,3.2,-14.9933,-17.2908,-20.6696,-15.7042,-4.1417,6.7511
HQC,2017-11-02,2.52,2.65,2.52,2.63,9766290,2.94,3.04,3.19,-10.4833,-13.5579,-17.529,7.7234,1.751,6.9285
HQC,2017-11-03,2.6,2.65,2.5,2.65,4944650,2.89,3.02,3.18,-8.241,-12.1207,-16.5775,5.0185,1.2072,7.199
HQC,2017-11-06,2.63,2.67,2.59,2.67,4173290,2.85,2.99,3.16,-6.3158,-10.762,-15.5918,6.1658,1.3292,6.9645
HQC,2017-11-07,2.67,2.72,2.64,2.69,6479330,2.81,2.97,3.15,-4.3385,-9.336,-14.5489,2.7681,0.6714,7.2413
HQC,2017-11-08,2.68,2.73,2.66,2.7,4682040,2.77,2.94,3.13,-2.4214,-8.3192,-13.8151,0.6684,0.1396,6.4967
HQC,2017-11-09,2.7,2.72,2.64,2.66,4641800,2.73,2.92,3.12,-2.4927,-8.9353,-14.7163,-3.215,-0.7179,6.0275
HQC,2017-11-10,2.66,2.67,2.6,2.6,4665450,2.68,2.9,3.1,-2.9851,-10.221,-16.2209,-5.6506,-0.7823,6.3197
HQC,2017-11-13,2.58,2.61,2.45,2.46,5680380,2.63,2.86,3.08,-6.5705,-14.0911,-20.2541,-5.1637,-0.8594,6.4014
HQC,2017-11-14,2.46,2.56,2.46,2.54,5972050,2.61,2.83,3.07,-2.8309,-10.2949,-17.2585,4.2645,0.7171,5.6342
HQC,2017-11-15,2.55,2.57,2.51,2.55,4435470,2.62,2.8,3.06,-2.4857,-8.9773,-16.5412,1.5691,0.3003,4.2207
HQC,2017-11-16,2.54,2.62,2.54,2.61,5997410,2.61,2.78,3.04,-0.1148,-5.9629,-14.1786,4.3739,1.0399,3.8858
HQC,2017-11-17,2.62,2.67,2.58,2.6,5928550,2.61,2.75,3.03,-0.3067,-5.3857,-14.1234,-4.3164,-0.8785,3.8156
HQC,2017-11-20,2.6,2.63,2.57,2.57,3555060,2.6,2.72,3.01,-1.0778,-5.6535,-14.7426,-4.6347,-0.8003,3.6624
HQC,2017-11-21,2.57,2.61,2.57,2.59,3841940,2.59,2.7,3.0,0.0773,-4.0741,-13.6954,0.0,0.0,3.3856
HQC,2017-11-22,2.59,2.67,2.59,2.62,6590710,2.58,2.67,2.99,1.5504,-2.0011,-12.3042,-1.5971,-0.31,3.4785
HQC,2017-11-23,2.63,2.66,2.57,2.6,6081260,2.57,2.65,2.97,1.0101,-1.9238,-12.5874,-2.4904,-0.4985,3.406
HQC,2017-11-24,2.6,2.7,2.57,2.69,6995860,2.58,2.63,2.96,4.1425,2.2231,-9.2198,5.6034,1.2869,3.4013
HQC,2017-11-27,2.71,2.87,2.71,2.87,17497510,2.62,2.63,2.95,9.375,9.1877,-2.8633,14.1918,3.9388,4.3041
HQC,2017-11-28,2.9,3.03,2.81,2.9,11828770,2.66,2.64,2.95,9.0226,9.9735,-1.5882,-0.991,-0.2715,3.9768
HQC,2017-11-29,2.9,2.91,2.81,2.83,7406690,2.69,2.65,2.94,5.2827,6.732,-3.6629,-3.1151,-0.8435,4.1314
HQC,2017-11-30,2.81,2.87,2.76,2.76,6925980,2.7,2.66,2.93,2.1088,3.8375,-5.6797,-5.5574,-1.2025,4.2497
HQC,2017-12-01,2.74,2.74,2.68,2.7,6769010,2.71,2.66,2.91,-0.4792,1.4847,-7.3629,-2.4819,-0.5018,4.0663
HQC,2017-12-04,2.72,2.8,2.72,2.75,4928510,2.73,2.66,2.9,0.6957,3.2089,-5.3096,-0.8591,-0.1923,3.6887
HQC,2017-12-05,2.75,2.76,2.69,2.69,6154550,2.74,2.66,2.89,-1.8606,0.957,-7.0041,-3.1542,-0.7245,4.0041
HQC,2017-12-06,2.69,2.73,2.64,2.68,3443950,2.75,2.66,2.88,-2.439,0.6195,-6.9703,-0.3338,-0.0773,3.8778
HQC,2017-12-07,2.69,2.71,2.6,2.68,6292200,2.76,2.66,2.87,-2.7223,0.5817,-6.6137,3.1698,0.6384,3.9457
HQC,2017-12-08,2.68,2.76,2.64,2.73,5910680,2.76,2.67,2.86,-1.0511,2.2089,-4.5254,3.1217,0.7542,3.6976
HQC,2017-12-11,2.69,2.72,2.61,2.68,4070390,2.74,2.68,2.85,-2.1898,-0.0746,-5.9187,1.0304,0.2348,2.3814
HQC,2017-12-12,2.69,2.71,2.6,2.63,5055090,2.71,2.69,2.84,-3.0593,-2.1031,-7.3422,-1.9715,-0.3922,2.4795
HQC,2017-12-13,2.63,2.65,2.6,2.63,3316450,2.69,2.69,2.83,-2.3394,-2.2487,-6.9883,0.9032,0.2009,2.2583
HQC,2017-12-14,2.62,2.7,2.62,2.7,4686220,2.69,2.7,2.82,0.4838,0.1855,-4.1738,5.3916,1.2909,2.2417
HQC,2017-12-15,2.7,2.71,2.67,2.68,2221120,2.68,2.7,2.81,-0.1862,-0.704,-4.538,-0.8775,-0.1784,2.0813
HQC,2017-12-18,2.7,2.73,2.67,2.69,6018700,2.68,2.7,2.8,0.4106,-0.5545,-3.8736,-1.8253,-0.4147,2.1779
HQC,2017-12-19,2.7,2.7,2.64,2.65,4717630,2.68,2.71,2.79,-0.9346,-2.1418,-4.9361,-3.9153,-0.7011,2.254
HQC,2017-12-20,2.65,2.67,2.64,2.65,2686250,2.67,2.71,2.78,-0.8234,-2.196,-4.6008,-1.0383,-0.2358,2.3245
HQC,2017-12-21,2.65,2.66,2.61,2.65,3004110,2.67,2.71,2.77,-0.7119,-2.2861,-4.263,1.577,0.3306,2.1652
HQC,2017-12-22,2.64,2.67,2.62,2.67,3639400,2.66,2.71,2.76,0.2629,-1.5124,-3.2398,5.2109,1.0125,2.3741
HQC,2017-12-25,2.66,2.68,2.63,2.63,1585440,2.66,2.7,2.75,-1.0534,-2.5565,-4.3567,-2.3007,-0.4717,2.5011
HQC,2017-12-26,2.64,2.66,2.62,2.64,3133170,2.66,2.69,2.74,-0.7146,-1.7126,-3.6145,0.0,0.0,2.304
HQC,2017-12-27,2.64,2.67,2.61,2.61,4181850,2.66,2.68,2.73,-1.7689,-2.4299,-4.3325,-4.7529,-0.9811,2.689
HQC,2017-12-28,2.62,2.65,2.6,2.64,4084510,2.65,2.67,2.72,-0.4149,-1.0865,-2.884,3.2962,0.6231,2.4794
HQC,2017-12-29,2.64,2.65,2.61,2.61,3900120,2.64,2.66,2.71,-1.2859,-2.0454,-3.6047,-3.7299,-0.7578,2.7647
HQC,2018-01-02,2.63,2.67,2.63,2.65,4836310,2.64,2.66,2.7,0.3788,-0.3572,-1.8373,0.0,0.0,2.5821
HQC,2018-01-03,2.65,2.67,2.61,2.62,4987120,2.64,2.66,2.69,-0.6447,-1.3554,-2.624,-2.603,-0.5024,2.4509
HQC,2018-01-04,2.62,2.75,2.62,2.71,9080000,2.64,2.66,2.68,2.535,1.9755,1.0515,3.0966,0.6029,2.6567
HQC,2018-01-05,2.77,2.85,2.72,2.72,13209620,2.65,2.66,2.68,2.6415,2.2749,1.6746,-8.2414,-1.9397,3.3232
HQC,2018-01-08,2.71,2.72,2.66,2.68,4635790,2.65,2.66,2.67,1.0939,0.8656,0.4799,-0.8067,-0.1715,2.8827
HQC,2018-01-09,2.7,2.73,2.65,2.69,6875400,2.66,2.66,2.66,1.242,1.223,1.0367,0.0,0.0,2.6527
HQC,2018-01-10,2.69,2.76,2.69,2.74,9200630,2.67,2.66,2.66,2.7372,2.8915,2.9069,2.1169,0.4122,2.8644
HQC,2018-01-11,2.74,2.86,2.71,2.84,12787930,2.69,2.67,2.67,5.5762,6.2278,6.4228,5.3061,1.2087,2.9197
HQC,2018-01-12,2.82,2.88,2.74,2.74,9863450,2.7,2.68,2.67,1.4815,2.4108,2.591,-3.538,-0.8241,2.9439
HQC,2018-01-15,2.74,2.75,2.7,2.72,4811940,2.71,2.68,2.67,0.332,1.5873,1.7888,-0.6298,-0.1303,2.6338
HQC,2018-01-16,2.7,2.73,2.66,2.68,6364030,2.71,2.68,2.67,-1.2528,0.1121,0.2844,-2.0812,-0.4509,2.842
HQC,2018-01-17,2.68,2.71,2.64,2.64,8277530,2.72,2.68,2.67,-2.7982,-1.3637,-1.1754,-3.5699,-0.7476,2.9387
HQC,2018-01-18,2.62,2.67,2.61,2.67,4686620,2.71,2.68,2.67,-1.5487,-0.2801,-0.03,1.9657,0.3847,2.8256
HQC,2018-01-19,2.66,2.68,2.61,2.62,4713440,2.7,2.68,2.67,-3.0348,-2.0927,-1.8727,-2.0273,-0.3143,2.2042
HQC,2018-01-22,2.61,2.64,2.54,2.55,9934480,2.69,2.67,2.67,-5.1692,-4.4944,-4.4586,-5.3141,-0.8855,2.6549
HQC,2018-01-23,2.55,2.55,2.55,2.55,0,2.68,2.67,2.67,-4.6729,-4.3511,-4.523,0.0,0.0,2.6549
HQC,2018-01-24,2.55,2.55,2.55,2.55,0,2.66,2.66,2.67,-3.991,-4.1894,-4.5301,0.0,0.0,2.4432
HQC,2018-01-25,2.55,2.61,2.54,2.56,8830130,2.63,2.66,2.67,-2.5875,-3.7232,-4.1629,-1.6732,-0.2803,2.0799
HQC,2018-01-26,2.57,2.61,2.56,2.6,4605750,2.61,2.66,2.67,-0.5356,-2.1453,-2.6582,1.6766,0.3033,1.8938
HQC,2018-01-29,2.59,2.61,2.54,2.54,4322200,2.6,2.65,2.67,-2.1572,-4.2774,-4.8618,-2.2351,-0.3852,2.0543
HQC,2018-01-30,2.56,2.59,2.52,2.57,4377820,2.58,2.65,2.67,-0.5803,-3.0006,-3.7381,0.9087,0.1631,1.9371
HQC,2018-01-31,2.58,2.6,2.49,2.49,5682370,2.57,2.64,2.67,-3.1128,-5.7889,-6.6647,-2.2533,-0.4102,1.8054
HQC,2018-02-01,2.51,2.54,2.49,2.51,5016530,2.55,2.63,2.67,-1.7228,-4.6715,-5.8373,-0.572,-0.1183,1.666
HQC,2018-02-02,2.51,2.53,2.5,2.52,3838770,2.54,2.62,2.66,-0.9434,-3.9268,-5.4054,1.2007,0.1877,1.5834
HQC,2018-02-05,2.5,2.5,2.35,2.35,5991210,2.52,2.61,2.66,-6.8938,-9.8408,-11.561,-2.5795,-0.4837,1.3099
HQC,2018-02-06,2.19,2.32,2.19,2.26,13351880,2.5,2.58,2.64,-9.4188,-12.5725,-14.5558,0.4213,0.0634,1.3521
HQC,2018-02-07,2.31,2.38,2.3,2.33,7773580,2.47,2.56,2.63,-5.7825,-9.1441,-11.5279,-1.7006,-0.2679,1.5221
HQC,2018-02-08,2.34,2.34,2.27,2.27,5134510,2.44,2.54,2.62,-7.1195,-10.489,-13.4381,-4.3143,-0.9017,1.7862
HQC,2018-02-09,2.17,2.28,2.17,2.24,3705820,2.41,2.51,2.61,-6.9767,-10.7925,-14.242,0.7202,0.1235,1.6906
HQC,2018-02-12,2.24,2.29,2.24,2.27,2002310,2.38,2.49,2.6,-4.6619,-8.7804,-12.8063,0.3038,0.0472,1.4974
HQC,2018-02-13,2.31,2.39,2.26,2.38,3009980,2.36,2.47,2.6,0.7621,-3.7801,-8.3205,2.5839,0.4327,1.665
HQC,2018-02-21,2.4,2.45,2.38,2.4,1646900,2.35,2.46,2.59,1.9975,-2.4985,-7.3431,-0.7844,-0.1297,1.5181
HQC,2018-02-22,2.4,2.4,2.33,2.35,1630230,2.34,2.45,2.58,0.5563,-3.9051,-9.0416,-0.7473,-0.127,1.5356
HQC,2018-02-23,2.39,2.4,2.35,2.39,2868870,2.32,2.43,2.58,2.8399,-1.8077,-7.2853,1.2073,0.1935,1.5363
HQC,2018-02-26,2.39,2.4,2.32,2.33,3310900,2.32,2.42,2.57,0.3445,-3.8382,-9.3315,-1.3685,-0.2294,1.4152
HQC,2018-02-27,2.33,2.36,2.29,2.33,3340640,2.33,2.41,2.56,0.0429,-3.3997,-9.0838,0.474,0.0743,1.4204
HQC,2018-02-28,2.31,2.33,2.27,2.27,3631770,2.32,2.4,2.56,-2.2815,-5.3378,-11.1755,-2.8217,-0.4262,1.5325
HQC,2018-03-01,2.27,2.3,2.24,2.28,4933050,2.32,2.38,2.55,-1.8933,-4.3624,-10.5391,1.1091,0.1709,1.212
HQC,2018-03-02,2.26,2.28,2.25,2.27,3528270,2.33,2.37,2.54,-2.4495,-4.1183,-10.6299,0.8144,0.1268,1.2214
HQC,2018-03-05,2.27,2.3,2.26,2.28,3512580,2.33,2.35,2.53,-2.0619,-3.1642,-9.9526,0.0,0.0,1.1911
HQC,2018-03-06,2.28,2.31,2.27,2.31,5609130,2.32,2.34,2.52,-0.4739,-1.3453,-8.4931,3.2114,0.535,1.2538
HQC,2018-03-07,2.31,2.47,2.29,2.43,9152460,2.32,2.34,2.52,4.5611,3.9128,-3.5714,4.1429,0.7753,1.5897
HQC,2018-03-08,2.43,2.47,2.35,2.38,5317270,2.33,2.33,2.51,2.2776,2.0583,-5.3527,-2.6193,-0.4519,1.7769
HQC,2018-03-09,2.38,2.39,2.34,2.36,3304000,2.32,2.32,2.51,1.5491,1.5491,-5.9311,-0.6077,-0.0944,1.7169
HQC,2018-03-12,2.34,2.36,2.31,2.31,3545030,2.32,2.32,2.5,-0.5168,-0.5168,-7.6591,-2.746,-0.4101,1.8546
HQC,2018-03-13,2.31,2.33,2.28,2.31,5192010,2.32,2.32,2.5,-0.431,-0.6238,-7.4223,0.7076,0.1131,1.878
HQC,2018-03-14,2.31,2.33,2.29,2.31,4161180,2.32,2.32,2.49,-0.6024,-0.581,-7.1767,0.0,0.0,1.5958
HQC,2018-03-15,2.31,2.33,2.29,2.32,3278140,2.33,2.33,2.48,-0.3436,-0.258,-6.5571,1.2577,0.2321,1.6107
HQC,2018-03-16,2.32,2.36,2.3,2.35,5483980,2.34,2.33,2.48,0.5993,0.7935,-5.1272,2.2821,0.2894,1.7575
HQC,2018-03-19,2.36,2.38,2.33,2.34,4645770,2.34,2.34,2.47,-0.0854,0.2141,-5.3245,-1.9047,-0.3341,1.9479
HQC,2018-03-20,2.32,2.34,2.3,2.32,3184900,2.34,2.33,2.46,-0.9816,-0.5146,-5.8824,0.0,0.0,1.6268
HQC,2018-03-21,2.34,2.39,2.33,2.35,7689020,2.34,2.33,2.46,0.6424,0.88,-4.456,-2.599,-0.3707,1.4724
HQC,2018-03-22,2.35,2.36,2.3,2.32,3645320,2.33,2.33,2.45,-0.3864,-0.3436,-5.3756,-0.9554,-0.1496,1.306
HQC,2018-03-23,2.29,2.29,2.24,2.25,7016470,2.32,2.32,2.44,-2.9336,-3.059,-7.8775,-3.0904,-0.5001,1.5543
HQC,2018-03-26,2.25,2.27,2.23,2.25,3323670,2.31,2.32,2.43,-2.6817,-2.8917,-7.552,0.0,0.0,1.2797
HQC,2018-03-27,2.29,2.32,2.25,2.25,4993360,2.31,2.31,2.42,-2.4284,-2.7237,-7.2165,-3.7228,-0.5782,1.5812
HQC,2018-03-28,2.25,2.29,2.25,2.28,3381520,2.3,2.31,2.42,-0.9987,-1.448,-5.6213,1.6743,0.265,1.7486
HQC,2018-03-29,2.28,2.29,2.25,2.26,1643260,2.3,2.31,2.4,-1.6108,-2.2703,-5.9978,-0.9529,-0.1582,1.7182
HQC,2018-03-30,2.27,2.27,2.25,2.27,2808710,2.29,2.31,2.39,-0.8301,-1.8378,-5.2113,3.0877,0.4816,1.7987
HQC,2018-04-02,2.27,2.28,2.25,2.27,3189800,2.28,2.31,2.39,-0.5259,-1.8166,-4.8537,0.7128,0.1149,1.6795
HQC,2018-04-03,2.26,2.29,2.25,2.27,3867930,2.28,2.31,2.38,-0.3074,-1.7316,-4.5256,0.0,0.0,1.6795
HQC,2018-04-04,2.28,2.31,2.26,2.28,3953900,2.27,2.3,2.37,0.4405,-0.9772,-3.8137,-0.5623,-0.084,1.4759
HQC,2018-04-05,2.28,2.29,2.27,2.29,3182340,2.27,2.3,2.36,1.0146,-0.3481,-3.0811,2.7501,0.4464,1.6553
HQC,2018-04-06,2.29,2.36,2.29,2.33,6810790,2.28,2.3,2.36,2.4176,1.4587,-1.1455,0.7077,0.1187,1.4171
HQC,2018-04-09,2.34,2.38,2.31,2.31,4570720,2.28,2.3,2.35,1.2714,0.5879,-1.7941,-2.9675,-0.5023,1.7138
HQC,2018-04-10,2.31,2.32,2.26,2.29,3916670,2.28,2.3,2.35,0.2188,-0.2396,-2.4286,0.0,0.0,1.3415
HQC,2018-04-11,2.3,2.3,2.23,2.23,3557030,2.28,2.29,2.34,-2.193,-2.6838,-4.7253,-1.8306,-0.2916,1.3572
HQC,2018-04-12,2.23,2.25,2.22,2.25,3586540,2.28,2.29,2.33,-1.2725,-1.6608,-3.6155,3.2179,0.5261,1.5837
HQC,2018-04-13,2.26,2.27,2.24,2.25,2960820,2.28,2.28,2.33,-1.1858,-1.4455,-3.3256,-0.8027,-0.1325,1.3552
HQC,2018-04-16,2.23,2.26,2.23,2.25,2981930,2.28,2.28,2.32,-1.0989,-1.2508,-3.0841,1.2694,0.2076,1.4108
HQC,2018-04-17,2.24,2.26,2.23,2.26,2734240,2.27,2.28,2.32,-0.6157,-0.6812,-2.3927,2.7297,0.4389,1.6838
HQC,2018-04-18,2.27,2.27,2.22,2.25,3247200,2.27,2.27,2.31,-0.9247,-0.9029,-2.6227,0.5315,0.0866,1.6807
HQC,2018-04-19,2.25,2.26,2.22,2.23,3572410,2.26,2.27,2.31,-1.5453,-1.5887,-3.2538,-1.221,-0.1674,1.5278
HQC,2018-04-20,2.22,2.24,2.21,2.23,1785510,2.26,2.26,2.3,-1.1086,-1.5453,-3.0097,0.4843,0.0688,1.5054
HQC,2018-04-23,2.23,2.24,2.18,2.18,2733540,2.24,2.26,2.3,-2.7654,-3.6038,-5.044,-1.3994,-0.2428,1.3486
HQC,2018-04-24,2.17,2.18,2.08,2.1,4795040,2.22,2.25,2.29,-5.5331,-6.8323,-8.4009,-2.8915,-0.3603,1.6378
HQC,2018-04-26,2.07,2.1,2.0,2.02,4924450,2.2,2.24,2.29,-8.2652,-9.8617,-11.6515,-1.7612,-0.2604,1.6308
HQC,2018-04-27,2.03,2.05,2.01,2.05,3500010,2.18,2.23,2.28,-6.0495,-8.0924,-10.1665,2.8695,0.4452,1.596
HQC,2018-05-02,2.05,2.07,2.0,2.02,2362370,2.16,2.22,2.28,-6.4382,-8.927,-11.3102,-0.8628,-0.1247,1.602
HQC,2018-05-03,2.02,2.04,1.97,2.02,2991900,2.14,2.21,2.27,-5.4307,-8.4108,-11.115,0.9085,0.1507,1.5659
HQC,2018-05-04,2.02,2.04,2.0,2.03,1343960,2.11,2.19,2.27,-3.9281,-7.4538,-10.399,0.733,0.123,1.3663
HQC,2018-05-07,2.04,2.06,2.02,2.06,1239350,2.09,2.18,2.26,-1.6237,-5.6128,-8.8011,1.1898,0.1783,1.4321
HQC,2018-05-08,2.06,2.07,2.03,2.06,1358160,2.08,2.17,2.25,-0.8185,-5.1129,-8.5664,0.6855,0.1114,1.3785
HQC,2018-05-09,2.04,2.06,2.01,2.01,2522530,2.05,2.16,2.25,-2.1898,-6.7285,-10.4837,-3.61,-0.5841,1.6911
HQC,2018-05-10,2.03,2.03,2.0,2.02,1618850,2.04,2.14,2.24,-0.9318,-5.6295,-9.7892,0.474,0.0818,1.5986
HQC,2018-05-11,2.02,2.02,1.99,2.02,2321030,2.03,2.13,2.23,-0.5416,-5.0306,-9.5387,2.3862,0.3568,1.548
HQC,2018-05-14,2.02,2.03,1.99,2.01,1665610,2.03,2.12,2.23,-0.9852,-5.0095,-9.7765,-0.0,-0.0,1.3719
HQC,2018-05-15,2.0,2.02,2.0,2.01,2173840,2.03,2.1,2.22,-0.7897,-4.4677,-9.5572,-0.0,-0.0,1.085
HQC,2018-05-16,2.08,2.1,2.03,2.04,3999500,2.03,2.09,2.22,0.5917,-2.5555,-8.017,-3.7456,-0.5616,1.3733
HQC,2018-05-17,2.04,2.06,2.02,2.04,2549390,2.03,2.08,2.21,0.4926,-2.0643,-7.8174,0.0,0.0,1.2824
HQC,2018-05-18,2.04,2.04,2.01,2.02,2271070,2.03,2.07,2.21,-0.4436,-2.4626,-8.4813,-1.0555,-0.134,1.3147
HQC,2018-05-21,2.02,2.02,1.99,2.01,2022460,2.02,2.06,2.2,-0.6917,-2.3798,-8.5865,0.7529,0.1143,1.271
HQC,2018-05-22,2.01,2.01,1.92,2.01,3268620,2.02,2.05,2.19,-0.4458,-1.8555,-8.2778,3.3581,0.5815,1.5382
HQC,2018-05-23,1.98,2.0,1.95,2.0,1556900,2.02,2.04,2.18,-0.892,-1.7923,-8.4333,1.4999,0.1957,1.3272
HQC,2018-05-24,1.98,2.0,1.96,1.99,970350,2.01,2.03,2.18,-1.2407,-1.8254,-8.6234,0.733,0.0996,1.3531
HQC,2018-05-25,1.99,1.99,1.94,1.96,1568560,2.01,2.02,2.17,-2.439,-2.9703,-9.7107,-0.2849,-0.0429,1.143
HQC,2018-05-28,1.95,1.95,1.83,1.83,4061170,1.99,2.01,2.16,-8.0864,-8.9779,-15.3248,-2.1681,-0.3382,1.3598
HQC,2018-05-29,1.79,1.89,1.76,1.85,1787270,1.98,2.0,2.15,-6.3291,-7.5231,-14.0255,0.5302,0.085,1.4128
HQC,2018-05-30,1.83,1.85,1.8,1.83,1251800,1.95,1.99,2.14,-6.346,-8.0864,-14.5419,0.3781,0.0457,1.0761
HQC,2018-05-31,1.84,1.86,1.82,1.84,909270,1.93,1.98,2.13,-4.8604,-7.1645,-13.6718,0.0,0.0,1.0761
HQC,2018-06-01,1.84,1.96,1.84,1.96,6344860,1.93,1.98,2.12,1.6598,-0.9351,-7.73,7.5551,0.9917,1.726
HQC,2018-06-04,2.01,2.06,2.0,2.03,4328140,1.93,1.98,2.12,5.1813,2.6808,-4.1458,-0.0,-0.0,1.6507
HQC,2018-06-05,2.05,2.05,2.01,2.01,4079390,1.93,1.97,2.11,4.1451,1.7979,-4.8115,-4.0764,-0.7215,1.7226
HQC,2018-06-06,2.01,2.02,1.99,2.01,3489510,1.93,1.97,2.11,4.0911,1.7979,-4.5946,1.1228,0.1721,1.6849
HQC,2018-06-07,2.0,2.09,1.99,2.04,2874100,1.94,1.98,2.1,5.3719,3.265,-2.9773,0.0,0.0,1.6116
HQC,2018-06-08,2.04,2.04,2.02,2.02,627250,1.94,1.98,2.1,4.0165,2.2526,-3.7178,-0.7366,-0.1169,1.6567
HQC,2018-06-11,2.01,2.05,2.0,2.02,767380,1.96,1.98,2.09,3.0087,2.2267,-3.4786,-0.1925,-0.0295,1.4592
HQC,2018-06-12,2.03,2.14,2.03,2.1,4556820,1.99,1.98,2.09,5.7402,6.0338,0.4977,1.6478,0.2348,1.5709
HQC,2018-06-13,2.1,2.19,2.1,2.15,3139320,2.02,1.99,2.09,6.5411,8.2578,3.0088,0.7105,0.0925,1.6042
HQC,2018-06-14,2.15,2.18,2.09,2.09,2639240,2.04,1.99,2.08,2.3005,5.1044,0.3072,-2.9485,-0.4624,1.899
HQC,2018-06-15,2.08,2.09,2.04,2.04,3255900,2.05,1.99,2.08,-0.5363,2.5383,-1.8759,-3.2627,-0.4301,1.4698
HQC,2018-06-18,2.04,2.07,2.0,2.0,2600330,2.05,1.99,2.07,-2.3437,0.553,-3.5401,-2.3364,-0.3824,1.7034
HQC,2018-06-19,2.02,2.02,1.88,1.94,2296660,2.04,1.99,2.07,-4.9486,-2.2916,-6.1169,-0.2893,-0.0437,1.3247
HQC,2018-06-20,1.96,1.98,1.93,1.94,1476840,2.03,1.98,2.06,-4.6214,-2.1438,-5.7612,-1.0835,-0.1535,1.3208
HQC,2018-06-21,1.92,2.04,1.92,1.96,3114480,2.03,1.98,2.05,-3.2577,-1.0601,-4.4648,-1.8521,-0.2858,1.506
HQC,2018-06-22,1.94,1.99,1.94,1.99,948930,2.02,1.98,2.05,-1.6312,0.3783,-2.718,1.1252,0.1608,1.5449
HQC,2018-06-25,2.12,2.12,2.07,2.08,5831270,2.03,2.0,2.04,2.5136,4.2607,1.831,-6.396,-1.0496,2.1652
HQC,2018-06-26,2.07,2.09,2.05,2.07,2166780,2.03,2.01,2.04,2.1718,3.1904,1.5204,0.0,0.0,2.0004
HQC,2018-06-27,2.08,2.14,2.07,2.07,2116030,2.02,2.02,2.04,2.5768,2.5768,1.6999,-2.7263,-0.4419,2.202
HQC,2018-06-28,2.07,2.07,1.99,2.03,4376260,2.01,2.03,2.03,0.8946,0.1233,-0.0492,-0.0,-0.0,1.9072
HQC,2018-06-29,2.02,2.04,2.0,2.01,697530,2.01,2.03,2.03,0.0498,-0.9852,-0.7897,-0.498,-0.0729,1.6307
HQC,2018-07-02,2.01,2.02,1.96,1.96,1894190,2.0,2.03,2.02,-2.2444,-3.2815,-2.9799,-2.3355,-0.3987,1.6306
HQC,2018-07-03,1.96,1.97,1.88,1.9,3135840,2.0,2.02,2.01,-5.0475,-5.9871,-5.6416,-1.1763,-0.2035,1.7193
HQC,2018-07-04,1.9,1.94,1.89,1.9,1574870,2.0,2.02,2.01,-4.8573,-5.7306,-5.3313,-1.1714,-0.1755,1.7281
HQC,2018-07-05,1.9,1.93,1.8,1.88,2053520,1.99,2.01,2.0,-5.4801,-6.3512,-6.047,0.5375,0.0871,1.5966
HQC,2018-07-06,1.84,1.93,1.84,1.88,1773620,1.98,2.0,2.0,-4.9545,-6.0235,-5.8399,-0.1552,-0.0273,1.4996
HQC,2018-07-09,1.96,1.96,1.87,1.87,1797080,1.96,1.99,1.99,-4.4456,-6.1716,-6.1998,-2.2976,-0.4057,1.0898
HQC,2018-07-10,1.87,1.93,1.87,1.88,2003770,1.94,1.98,1.99,-2.9928,-5.1463,-5.5371,-2.2964,-0.3491,1.3194
HQC,2018-07-11,1.87,1.87,1.8,1.8,2381890,1.91,1.96,1.99,-5.8085,-8.3736,-9.3564,-2.6246,-0.4802,1.3093
HQC,2018-07-12,1.8,1.83,1.78,1.81,2383090,1.89,1.95,1.98,-4.1821,-7.2033,-8.6597,1.0326,0.1813,1.4125
HQC,2018-07-13,1.85,1.87,1.84,1.85,2489670,1.87,1.94,1.98,-1.228,-4.6883,-6.4712,-1.2009,-0.2188,1.4828
HQC,2018-07-16,1.86,1.88,1.84,1.84,2099820,1.86,1.93,1.97,-1.1284,-4.8112,-6.7694,-3.699,-0.6437,1.6191
HQC,2018-07-17,1.85,1.85,1.82,1.83,1794520,1.85,1.93,1.97,-1.2945,-5.0584,-7.0594,-0.5879,-0.0968,1.5603
HQC,2018-07-18,1.85,1.92,1.83,1.92,2148070,1.86,1.93,1.97,3.4483,-0.3374,-2.3993,1.5077,0.2452,1.5939
HQC,2018-07-19,1.9,1.92,1.87,1.9,1534990,1.86,1.92,1.96,2.2605,-1.2217,-3.298,0.312,0.0507,1.5714
HQC,2018-07-20,1.88,1.9,1.86,1.88,1058400,1.86,1.92,1.96,1.1841,-1.9812,-4.1794,-0.0,-0.0,1.5559
HQC,2018-07-23,1.89,1.94,1.88,1.89,1687150,1.86,1.91,1.96,1.6129,-0.9693,-3.5517,-0.4627,-0.1498,1.3724
HQC,2018-07-24,1.89,1.9,1.87,1.88,1628510,1.86,1.9,1.96,1.0753,-1.0005,-3.9346,-0.555,-0.1119,1.1982
HQC,2018-07-25,1.89,1.98,1.88,1.96,4454510,1.88,1.89,1.96,4.4776,3.512,0.2352,2.8904,0.5621,1.2248
HQC,2018-07-26,1.98,1.98,1.9,1.91,1690330,1.89,1.89,1.95,1.2725,1.1921,-2.1917,-1.1945,-0.2104,1.241
HQC,2018-07-27,1.91,1.93,1.88,1.9,2099780,1.89,1.88,1.95,0.4759,0.9564,-2.5841,-0.5062,-0.0884,1.1715
HQC,2018-07-30,1.92,1.94,1.89,1.91,2743030,1.9,1.88,1.95,0.6322,1.6228,-1.9708,-0.5491,-0.0863,0.8566
HQC,2018-07-31,1.92,1.95,1.9,1.92,3117200,1.91,1.88,1.95,0.6817,2.1005,-1.3665,-0.697,-0.125,0.8675
HQC,2018-08-01,1.94,2.05,1.94,2.05,10700510,1.92,1.89,1.95,6.7708,8.5805,5.2578,11.3246,2.3014,1.8492
HQC,2018-08-02,2.07,2.14,2.01,2.01,7536610,1.93,1.89,1.95,4.0911,6.0966,3.1828,-7.7483,-1.261,2.5928
HQC,2018-08-03,2.05,2.05,1.96,1.96,4455700,1.94,1.9,1.95,1.083,3.2394,0.616,-4.5001,-0.7283,3.0428
HQC,2018-08-06,1.96,1.99,1.93,1.95,4144050,1.94,1.9,1.95,0.2571,2.4967,-0.0205,-1.8701,-0.3253,3.1835
HQC,2018-08-07,1.95,1.96,1.93,1.94,2461040,1.95,1.91,1.95,-0.5638,1.8105,-0.6249,-1.0917,-0.1467,3.2372
HQC,2018-08-08,1.95,1.97,1.94,1.95,2568060,1.95,1.91,1.95,0.0,1.9341,-0.2353,-0.8137,-0.1377,3.0295
HQC,2018-08-09,1.95,1.96,1.93,1.94,2131610,1.95,1.92,1.96,-0.6656,1.068,-0.8484,-0.7051,-0.1019,2.9806
HQC,2018-08-10,1.94,1.95,1.91,1.95,2402730,1.96,1.92,1.96,-0.4086,1.325,-0.3271,2.4694,0.3752,3.1769
HQC,2018-08-13,1.93,1.95,1.93,1.94,2080260,1.96,1.93,1.95,-1.0709,0.5442,-0.747,0.0,0.0,3.122
HQC,2018-08-14,1.94,1.98,1.94,1.94,2456340,1.96,1.94,1.95,-1.1717,0.2584,-0.6758,-2.2995,-0.3599,3.2822
HQC,2018-08-15,1.94,1.96,1.92,1.95,1651220,1.95,1.94,1.95,-0.1536,0.6971,-0.1025,0.57,0.0967,2.2068
HQC,2018-08-16,1.94,1.94,1.91,1.94,1229480,1.95,1.94,1.95,-0.3083,0.0774,-0.5128,1.1532,0.1628,1.5473
HQC,2018-08-17,1.94,1.95,1.91,1.91,2112370,1.94,1.94,1.95,-1.5971,-1.5464,-1.9407,-2.1247,-0.3523,1.3097
HQC,2018-08-20,1.91,1.93,1.89,1.91,2250430,1.94,1.94,1.95,-1.3939,-1.5971,-1.8298,0.0,0.0,1.1227
HQC,2018-08-21,1.9,1.92,1.89,1.9,2259250,1.93,1.94,1.94,-1.7072,-2.1627,-2.1426,-0.7384,-0.1187,1.0874
HQC,2018-08-22,1.9,1.91,1.89,1.89,3113010,1.93,1.94,1.94,-1.9201,-2.5019,-2.3962,-3.5986,-0.601,1.3659
HQC,2018-08-23,1.9,1.92,1.89,1.92,2191640,1.92,1.94,1.93,-0.2597,-0.9799,-0.6725,4.1967,0.5621,1.715
HQC,2018-08-24,1.91,1.92,1.89,1.89,1329090,1.92,1.94,1.93,-1.5112,-2.5019,-2.0725,-1.5088,-0.1944,1.619
HQC,2018-08-27,1.89,1.9,1.83,1.83,7408600,1.91,1.93,1.93,-4.0881,-5.4019,-5.014,-7.7482,-1.1534,2.3938
HQC,2018-08-28,1.84,1.86,1.81,1.83,2877140,1.9,1.93,1.92,-3.5319,-5.1813,-4.9054,-0.707,-0.1024,2.2346
HQC,2018-08-29,1.82,1.85,1.81,1.83,4315050,1.88,1.92,1.92,-2.9178,-4.6378,-4.7966,0.0,0.0,2.1776
HQC,2018-08-30,1.83,1.86,1.81,1.83,5700910,1.87,1.91,1.92,-2.3479,-4.1885,-4.6676,-1.014,-0.1331,2.1636
HQC,2018-08-31,1.83,1.84,1.82,1.83,2535740,1.87,1.9,1.92,-1.9293,-3.8613,-4.5085,0.0,0.0,1.9512
HQC,2018-09-04,1.82,1.83,1.8,1.81,4505910,1.86,1.9,1.91,-2.4784,-4.561,-5.2852,-1.359,-0.198,2.0871
HQC,2018-09-05,1.81,1.82,1.78,1.8,4533670,1.85,1.89,1.91,-2.4919,-4.7367,-5.5416,0.0,0.0,2.0132
HQC,2018-09-06,1.8,1.82,1.79,1.81,1839730,1.84,1.88,1.9,-1.5234,-3.8513,-4.7569,0.6876,0.1083,1.7221
HQC,2018-09-07,1.81,1.82,1.79,1.82,2398850,1.83,1.88,1.9,-0.4376,-3.0109,-4.0186,2.6005,0.4132,1.5625
HQC,2018-09-10,1.82,1.82,1.8,1.81,1057690,1.82,1.87,1.89,-0.5495,-3.1827,-4.3441,0.0,0.0,1.4116
HQC,2018-09-11,1.81,1.81,1.79,1.8,1564300,1.82,1.86,1.89,-0.9356,-3.3557,-4.7115,0.0,0.0,0.6368
HQC,2018-09-12,1.8,1.82,1.79,1.81,2724840,1.82,1.86,1.89,-0.2755,-2.4784,-4.0907,0.8444,0.1307,0.6506
HQC,2018-09-13,1.8,1.89,1.8,1.84,5022190,1.82,1.85,1.89,1.3216,-0.5674,-2.439,-0.6924,-0.1071,0.7198
HQC,2018-09-14,1.86,1.87,1.84,1.84,2135340,1.82,1.85,1.89,1.2658,-0.298,-2.3976,-2.5392,-0.3923,0.8723
HQC,2018-09-17,1.83,1.85,1.81,1.81,1204620,1.82,1.84,1.88,-0.2755,-1.6572,-3.9176,-1.2638,-0.1875,0.9987
HQC,2018-09-18,1.81,1.82,1.79,1.81,2423740,1.82,1.84,1.88,-0.2755,-1.3893,-3.8564,0.5816,0.085,0.921
HQC,2018-09-19,1.81,1.83,1.8,1.81,1959280,1.82,1.83,1.88,-0.3304,-1.1469,-3.7848,-0.7516,-0.1149,0.9961
HQC,2018-09-20,1.82,1.84,1.81,1.81,1811040,1.82,1.83,1.88,-0.3304,-0.9305,-3.795,-1.5469,-0.2214,1.082
HQC,2018-09-21,1.81,1.83,1.8,1.8,3439070,1.81,1.82,1.88,-0.7718,-1.1532,-4.3164,-2.1582,-0.229,1.0378
HQC,2018-09-24,1.81,1.81,1.79,1.8,3598100,1.81,1.82,1.88,-0.717,-0.9083,-4.2655,0.0,0.0,1.0378
HQC,2018-09-25,1.8,1.82,1.8,1.8,2573750,1.81,1.82,1.88,-0.717,-0.8264,-4.2248,-2.8377,-0.396,1.3216
HQC,2018-09-26,1.81,1.89,1.81,1.86,8549550,1.82,1.82,1.88,2.3102,2.3947,-1.0638,1.7985,0.2298,1.417
HQC,2018-09-27,1.86,1.86,1.83,1.83,2071810,1.82,1.82,1.88,0.7155,0.7432,-2.5663,-1.8807,-0.2711,1.5358
HQC,2018-09-28,1.83,1.85,1.82,1.83,2593490,1.82,1.82,1.88,0.7709,0.7432,-2.4936,-0.5118,-0.0686,1.3331
HQC,2018-10-01,1.85,1.87,1.82,1.83,4902480,1.82,1.82,1.88,0.6601,0.7432,-2.4416,-2.0786,-0.2912,1.4145
HQC,2018-10-02,1.83,1.84,1.81,1.82,3419850,1.82,1.82,1.87,0.055,0.1651,-2.9023,-0.947,-0.1271,1.4511
HQC,2018-10-03,1.81,1.82,1.8,1.81,3083330,1.82,1.82,1.87,-0.4948,-0.4127,-3.3636,0.0,0.0,1.3759
HQC,2018-10-04,1.81,1.82,1.8,1.8,1742580,1.82,1.82,1.87,-0.9901,-0.9356,-3.733,-1.652,-0.2237,1.3864
HQC,2018-10-05,1.8,1.84,1.8,1.8,4569610,1.82,1.82,1.87,-0.9901,-0.8811,-3.6196,-3.2743,-0.4463,1.498
HQC,2018-10-08,1.8,1.82,1.79,1.8,1501570,1.82,1.82,1.87,-0.9901,-0.8538,-3.5163,-0.4992,-0.0628,1.548
HQC,2018-10-09,1.8,1.81,1.78,1.8,2504650,1.82,1.82,1.86,-0.9901,-0.8538,-3.4024,0.7484,0.112,1.339
HQC,2018-10-10,1.81,1.82,1.77,1.8,4939450,1.81,1.82,1.86,-0.6623,-0.8264,-3.2778,1.0269,0.1357,1.2619
HQC,2018-10-11,1.76,1.77,1.68,1.7,7747900,1.8,1.81,1.85,-5.5031,-5.9735,-8.3064,-1.4123,-0.2178,1.2151
HQC,2018-10-12,1.67,1.72,1.66,1.72,2652580,1.79,1.8,1.85,-3.8031,-4.5505,-6.9365,1.5744,0.2144,1.3213
HQC,2018-10-15,1.7,1.72,1.68,1.7,2533540,1.78,1.8,1.84,-4.2254,-5.3716,-7.7591,0.0,0.0,1.1135
HQC,2018-10-16,1.7,1.71,1.69,1.71,951230,1.76,1.79,1.84,-3.0612,-4.5493,-6.9742,1.1561,0.1468,1.1344
HQC,2018-10-17,1.71,1.74,1.71,1.73,2526100,1.76,1.79,1.83,-1.4806,-3.2168,-5.6707,1.1832,0.1546,1.2527
HQC,2018-10-18,1.71,1.72,1.69,1.71,885150,1.75,1.78,1.83,-2.1179,-4.0673,-6.5165,0.358,0.0498,1.1233
HQC,2018-10-19,1.7,1.72,1.67,1.72,1818020,1.74,1.78,1.82,-1.0926,-3.2893,-5.7431,2.35,0.2691,1.0309
HQC,2018-10-22,1.7,1.71,1.68,1.71,2018320,1.73,1.77,1.82,-1.1561,-3.6077,-6.044,1.8006,0.2548,1.161
HQC,2018-10-23,1.68,1.69,1.61,1.68,3994470,1.72,1.77,1.81,-2.2119,-4.9774,-7.4278,3.7826,0.5712,1.4644
HQC,2018-10-24,1.6,1.66,1.6,1.63,2893580,1.7,1.76,1.81,-4.174,-7.2018,-9.875,-0.0,-0.0,1.3617
HQC,2018-10-25,1.59,1.61,1.54,1.61,3255270,1.69,1.75,1.8,-4.8463,-7.7628,-10.6449,2.8424,0.3725,1.5047
HQC,2018-10-26,1.6,1.63,1.58,1.61,2235890,1.68,1.73,1.8,-4.2237,-7.1779,-10.3164,0.4756,0.0631,1.3949
HQC,2018-10-29,1.59,1.63,1.59,1.63,1737770,1.67,1.72,1.79,-2.6284,-5.4798,-8.9182,2.9166,0.4023,1.6865
HQC,2018-10-30,1.6,1.64,1.6,1.64,1868950,1.67,1.72,1.78,-1.6197,-4.401,-8.0821,3.0909,0.3983,1.88
HQC,2018-10-31,1.72,1.72,1.6,1.63,2074530,1.66,1.71,1.78,-1.6295,-4.4829,-8.3652,-0.8049,-0.1072,1.8422
HQC,2018-11-01,1.62,1.63,1.58,1.62,1519820,1.65,1.7,1.77,-1.699,-4.5655,-8.6501,1.083,0.1513,1.9147
HQC,2018-11-02,1.61,1.62,1.6,1.62,1477160,1.64,1.69,1.77,-1.0989,-4.0569,-8.3399,1.6426,0.2051,1.8439
HQC,2018-11-05,1.6,1.63,1.6,1.62,2507970,1.63,1.68,1.76,-0.5525,-3.5427,-8.059,1.194,0.1575,1.7833
HQC,2018-11-06,1.61,1.63,1.6,1.62,1255580,1.62,1.67,1.76,-0.1848,-3.023,-7.8393,0.4986,0.0686,1.4549
HQC,2018-11-07,1.61,1.61,1.59,1.61,2015640,1.62,1.66,1.75,-0.6786,-3.0704,-8.1784,3.4583,0.4851,1.8007
HQC,2018-11-08,1.61,1.64,1.59,1.62,2908540,1.62,1.66,1.75,-0.1233,-2.233,-7.3862,0.8112,0.12,1.5976
HQC,2018-11-09,1.61,1.61,1.58,1.6,1507370,1.62,1.65,1.74,-1.2955,-3.089,-8.2884,0.617,0.0791,1.6117
HQC,2018-11-12,1.6,1.6,1.58,1.6,1240050,1.62,1.65,1.74,-1.1125,-2.7947,-8.046,1.9123,0.2531,1.5113
HQC,2018-11-13,1.58,1.59,1.55,1.59,1481390,1.61,1.64,1.74,-1.4259,-3.0488,-8.389,2.0418,0.2807,1.4064
HQC,2018-11-14,1.57,1.59,1.56,1.56,687260,1.61,1.63,1.73,-2.8643,-4.3825,-9.8683,-0.9661,-0.1332,1.4225
HQC,2018-11-15,1.58,1.58,1.54,1.56,2076790,1.6,1.62,1.73,-2.5,-3.9409,-9.6071,0.0,0.0,1.3142
HQC,2018-11-16,1.56,1.57,1.54,1.57,2067080,1.6,1.62,1.72,-1.5674,-2.8766,-8.7634,3.0318,0.3944,1.4531
HQC,2018-11-19,1.67,1.67,1.59,1.6,6668960,1.59,1.61,1.72,0.4394,-0.6828,-6.7925,-6.6518,-0.9382,1.9989
HQC,2018-11-20,1.57,1.6,1.57,1.6,1051850,1.59,1.61,1.71,0.5657,-0.4356,-6.5748,1.5786,0.1992,2.1069
HQC,2018-11-21,1.59,1.61,1.58,1.61,410670,1.59,1.61,1.71,1.1942,0.2491,-5.7708,0.5696,0.0682,1.818
HQC,2018-11-22,1.6,1.61,1.58,1.6,1291830,1.59,1.61,1.7,0.6923,-0.3426,-6.0923,0.6434,0.0866,1.8012
HQC,2018-11-23,1.59,1.6,1.57,1.58,1274090,1.59,1.6,1.7,-0.4411,-1.4963,-6.9822,-0.5441,-0.0744,1.7939
HQC,2018-11-26,1.57,1.59,1.57,1.59,1393710,1.59,1.6,1.69,0.2522,-0.7491,-6.1504,2.1522,0.2762,1.8179
HQC,2018-11-27,1.57,1.58,1.55,1.58,3712590,1.59,1.6,1.69,-0.3155,-1.1882,-6.4867,5.6915,0.749,2.1829
HQC,2018-11-28,1.55,1.58,1.53,1.56,3194970,1.59,1.6,1.68,-1.5773,-2.225,-7.3964,1.1308,0.1424,2.1994
HQC,2018-11-29,1.56,1.57,1.52,1.56,2026660,1.58,1.59,1.68,-1.5773,-2.0408,-7.1207,1.4975,0.1996,2.3491
HQC,2018-11-30,1.53,1.55,1.52,1.55,2126060,1.58,1.59,1.67,-2.0846,-2.4544,-7.4406,2.7073,0.3829,2.3167
HQC,2018-12-03,1.55,1.56,1.52,1.55,2687990,1.58,1.59,1.67,-1.7744,-2.239,-7.1634,1.1167,0.1362,1.7632
HQC,2018-12-04,1.53,1.55,1.52,1.54,1290820,1.57,1.58,1.66,-2.0356,-2.6241,-7.4742,0.5894,0.0753,1.6642
HQC,2018-12-05,1.51,1.54,1.51,1.54,2109780,1.57,1.58,1.66,-1.5974,-2.4081,-7.117,2.4059,0.3045,1.8479
HQC,2018-12-06,1.56,1.56,1.46,1.56,3823940,1.56,1.58,1.65,-0.0641,-0.9524,-5.6033,4.7711,0.6774,2.2607
HQC,2018-12-07,1.54,1.58,1.54,1.57,2404040,1.56,1.57,1.65,0.641,-0.2224,-4.6983,1.4607,0.2095,2.3523
HQC,2018-12-10,1.57,1.63,1.56,1.59,2963140,1.56,1.57,1.64,1.9231,1.0807,-3.2022,-0.5689,-0.0749,2.194
HQC,2018-12-11,1.59,1.62,1.58,1.6,1860690,1.56,1.57,1.64,2.4328,1.6841,-2.3318,0.0,0.0,1.6248
HQC,2018-12-12,1.59,1.62,1.59,1.59,1348380,1.57,1.58,1.63,1.5974,0.9524,-2.6809,-1.5826,-0.2167,1.67
HQC,2018-12-13,1.6,1.62,1.59,1.61,2316490,1.57,1.58,1.63,2.5478,2.0602,-1.227,0.9955,0.1343,1.6198
HQC,2018-12-14,1.61,1.61,1.57,1.57,1804740,1.57,1.58,1.63,-0.1272,-0.4754,-3.4084,-2.1721,-0.2817,1.5663
HQC,2018-12-17,1.56,1.6,1.56,1.58,1175080,1.58,1.58,1.62,0.3175,0.222,-2.5293,0.0,0.0,1.4546
HQC,2018-12-18,1.56,1.59,1.56,1.58,1225620,1.58,1.58,1.62,0.0633,0.2856,-2.264,0.529,0.0696,1.4486
HQC,2018-12-19,1.59,1.59,1.56,1.57,1760440,1.58,1.57,1.61,-0.7585,-0.2224,-2.6055,-0.9042,-0.1144,1.2984
HQC,2018-12-20,1.55,1.58,1.54,1.58,1232970,1.58,1.57,1.61,-0.2525,0.4769,-1.839,1.8792,0.2419,1.0092
HQC,2018-12-21,1.58,1.58,1.56,1.58,556800,1.59,1.57,1.61,-0.3155,0.4769,-1.6679,0.5821,0.0606,0.9214
HQC,2018-12-24,1.57,1.59,1.56,1.57,749230,1.58,1.57,1.6,-0.8212,-0.0955,-2.1319,-0.3385,-0.0471,0.8983
HQC,2018-12-25,1.56,1.56,1.5,1.55,2229740,1.58,1.57,1.6,-1.7744,-1.2739,-3.1855,1.5994,0.2335,1.0583
HQC,2018-12-26,1.55,1.55,1.52,1.54,783810,1.57,1.57,1.6,-2.0979,-1.8483,-3.5813,0.4078,0.0506,0.9408
HQC,2018-12-27,1.56,1.57,1.53,1.56,1945320,1.57,1.57,1.59,-0.5102,-0.5736,-2.1453,1.2437,0.1578,0.9656
HQC,2018-12-28,1.53,1.56,1.46,1.46,2257590,1.56,1.56,1.59,-6.2299,-6.6795,-8.1183,-2.616,-0.3164,1.01
HQC,2019-01-02,1.47,1.49,1.43,1.48,1536900,1.55,1.56,1.58,-4.331,-5.189,-6.5892,1.8435,0.2162,1.1943
HQC,2019-01-03,1.48,1.48,1.42,1.46,1915350,1.54,1.56,1.58,-4.886,-6.2299,-7.5949,0.7051,0.1003,1.2119
HQC,2019-01-04,1.44,1.44,1.39,1.43,3306460,1.52,1.55,1.58,-5.9829,-7.8311,-9.264,3.2265,0.4077,1.4442
HQC,2019-01-07,1.43,1.45,1.4,1.45,1883620,1.51,1.55,1.57,-3.8462,-6.2096,-7.8077,3.7535,0.466,1.6316
HQC,2019-01-08,1.44,1.44,1.41,1.44,1311230,1.49,1.54,1.57,-3.6145,-6.4631,-8.2452,2.9479,0.411,1.8682
HQC,2019-01-09,1.41,1.44,1.41,1.43,4092950,1.48,1.53,1.57,-3.3784,-6.6275,-8.6495,2.0823,0.2619,2.0426
HQC,2019-01-10,1.42,1.44,1.4,1.44,2329480,1.47,1.52,1.56,-1.9741,-5.4808,-7.7751,5.1366,0.6775,2.3963
HQC,2019-01-11,1.42,1.44,1.42,1.44,982280,1.46,1.52,1.56,-1.3023,-5.0132,-7.5501,1.9282,0.2201,2.5483
HQC,2019-01-14,1.42,1.44,1.41,1.42,1390040,1.44,1.51,1.55,-1.7301,-5.7418,-8.5994,-0.915,-0.1213,2.5155
HQC,2019-01-15,1.41,1.42,1.39,1.42,2314180,1.44,1.5,1.55,-1.4573,-5.2702,-8.3634,4.1991,0.4948,2.6738
HQC,2019-01-16,1.41,1.42,1.39,1.4,1464580,1.43,1.49,1.55,-2.3029,-6.0403,-9.3968,-0.9981,-0.1138,2.5892
HQC,2019-01-17,1.39,1.4,1.38,1.4,5875030,1.43,1.48,1.54,-1.8921,-5.4693,-9.1381,10.7476,1.43,3.5935
HQC,2019-01-18,1.42,1.43,1.4,1.42,5454450,1.43,1.47,1.54,-0.4208,-3.6308,-7.6122,3.5748,0.4589,3.6283
HQC,2019-01-21,1.4,1.41,1.38,1.4,2342050,1.42,1.46,1.53,-1.4778,-4.4042,-8.652,1.0882,0.1527,3.3618
HQC,2019-01-22,1.39,1.4,1.37,1.4,1568560,1.42,1.46,1.53,-1.1997,-3.8131,-8.4129,2.2599,0.3001,3.293
HQC,2019-01-23,1.38,1.4,1.36,1.4,3559440,1.41,1.45,1.52,-0.9901,-3.2481,-8.1726,6.6739,0.8349,3.7521
HQC,2019-01-24,1.38,1.4,1.37,1.39,2273510,1.41,1.44,1.52,-1.3485,-3.4051,-8.5887,1.4329,0.1565,3.3818
HQC,2019-01-25,1.39,1.4,1.37,1.4,1076550,1.4,1.43,1.52,-0.3559,-2.2346,-7.7369,2.6167,0.2781,3.4506
HQC,2019-01-28,1.4,1.4,1.36,1.39,2622280,1.4,1.42,1.51,-0.8559,-2.3534,-8.1902,2.9803,0.3509,3.6572
HQC,2019-01-29,1.37,1.39,1.36,1.39,1590310,1.4,1.42,1.51,-0.6433,-2.1127,-7.9714,2.4242,0.2701,3.4797
HQC,2019-01-30,1.37,1.39,1.36,1.39,2233570,1.4,1.42,1.51,-0.5722,-1.8015,-7.7148,3.7955,0.4829,3.7594
HQC,2019-01-31,1.37,1.38,1.37,1.38,804810,1.4,1.41,1.5,-1.1461,-2.2317,-8.1103,1.2942,0.1569,2.8141
HQC,2019-02-01,1.37,1.4,1.34,1.4,2470960,1.39,1.41,1.5,0.4304,-0.7092,-6.5171,3.7222,0.3507,2.8288
HQC,2019-02-11,1.4,1.41,1.39,1.41,3394280,1.4,1.41,1.49,1.0753,0.142,-5.6099,4.6028,0.5306,3.1803
HQC,2019-02-12,1.41,1.45,1.41,1.44,3584120,1.4,1.41,1.49,2.9307,2.2727,-3.4205,2.0871,0.2954,3.163
HQC,2019-02-13,1.46,1.51,1.44,1.5,8996490,1.41,1.41,1.49,6.4585,6.2699,0.7252,6.575,0.7611,3.1531
HQC,2019-02-14,1.51,1.53,1.48,1.48,4628830,1.42,1.41,1.49,4.3724,4.7046,-0.4841,-5.183,-0.6048,3.5281
HQC,2019-02-15,1.48,1.48,1.45,1.45,2081640,1.42,1.41,1.48,1.8974,2.546,-2.3569,-3.0721,-0.3191,3.5736
HQC,2019-02-18,1.51,1.51,1.45,1.46,7008940,1.43,1.42,1.48,2.0979,3.1073,-1.5509,-4.8961,-0.4928,3.7652
HQC,2019-02-19,1.44,1.46,1.4,1.4,2587380,1.43,1.42,1.48,-2.1663,-1.0601,-5.4054,-1.8789,-0.2041,3.7107
HQC,2019-02-20,1.39,1.41,1.39,1.41,4017950,1.43,1.42,1.48,-1.605,-0.3886,-4.5491,4.832,0.601,3.8143
HQC,2019-02-21,1.4,1.41,1.38,1.41,1459120,1.44,1.42,1.47,-1.8106,-0.4237,-4.3808,1.527,0.1301,3.8376
HQC,2019-02-22,1.4,1.41,1.39,1.41,2288250,1.44,1.42,1.47,-1.8789,-0.3886,-4.212,2.2768,0.2577,3.6931
HQC,2019-02-25,1.42,1.44,1.4,1.43,5299310,1.44,1.42,1.47,-0.6254,0.9174,-2.6814,2.5442,0.2618,3.4872
HQC,2019-02-26,1.42,1.43,1.41,1.42,2912770,1.44,1.42,1.47,-1.183,0.141,-3.1642,0.0,0.0,3.2785
HQC,2019-02-27,1.41,1.42,1.4,1.42,1421000,1.43,1.42,1.46,-0.6298,0.0705,-2.9392,1.6432,0.1669,2.7853
HQC,2019-02-28,1.4,1.44,1.4,1.41,1653880,1.42,1.42,1.46,-0.8439,-0.7042,-3.3717,-0.5646,-0.0521,2.3235
HQC,2019-03-01,1.41,1.42,1.4,1.42,1256470,1.42,1.42,1.46,0.0705,-0.0704,-2.4591,1.3145,0.1243,2.1477
HQC,2019-03-04,1.4,1.43,1.4,1.41,2937090,1.41,1.42,1.45,-0.2829,-0.8439,-2.8792,-0.7841,-0.0856,1.7365
HQC,2019-03-05,1.41,1.5,1.41,1.5,8178540,1.42,1.43,1.45,5.3371,5.0788,3.4197,6.6259,0.9048,2.2112
HQC,2019-03-06,1.53,1.57,1.51,1.52,4167240,1.44,1.43,1.45,5.9233,5.9972,4.8855,-3.4632,-0.3434,2.0743
HQC,2019-03-07,1.52,1.54,1.5,1.5,5331430,1.44,1.44,1.45,3.8781,4.1667,3.6198,-4.6326,-0.5421,2.3849
HQC,2019-03-08,1.47,1.49,1.45,1.45,3258330,1.45,1.44,1.45,0.1381,0.5199,0.3321,-3.5168,-0.3823,2.5089
HQC,2019-03-11,1.45,1.46,1.42,1.43,2226000,1.45,1.44,1.44,-1.2431,-0.9352,-0.8459,-1.7151,-0.1807,2.426
HQC,2019-03-12,1.47,1.48,1.46,1.47,3074160,1.45,1.44,1.44,1.17,1.7301,2.0833,0.0,0.0,2.426
HQC,2019-03-13,1.47,1.48,1.45,1.47,1630110,1.46,1.44,1.44,0.823,1.8358,2.2253,0.4289,0.054,2.3046
HQC,2019-03-14,1.47,1.53,1.46,1.51,3029030,1.47,1.44,1.44,2.861,4.4983,5.0654,1.408,0.166,2.3889
HQC,2019-03-15,1.53,1.54,1.48,1.52,4382120,1.48,1.45,1.44,2.8417,4.9361,5.7906,1.3011,0.158,2.3876
HQC,2019-03-18,1.51,1.52,1.48,1.49,2919850,1.49,1.45,1.44,0.2692,2.7586,3.8038,-1.4074,-0.1681,2.4499
HQC,2019-03-19,1.52,1.54,1.49,1.5,5365530,1.49,1.45,1.44,0.9421,3.0928,4.4423,-2.5312,-0.335,2.0404
HQC,2019-03-20,1.5,1.5,1.48,1.49,1373110,1.48,1.46,1.44,0.472,2.1247,3.7316,0.0,0.0,1.6941
HQC,2019-03-21,1.52,1.52,1.49,1.49,4482670,1.48,1.46,1.44,0.5398,1.8455,3.6882,-3.0575,-0.3628,1.5366
HQC,2019-03-22,1.49,1.49,1.46,1.46,1986250,1.48,1.47,1.44,-1.5509,-0.3753,1.5582,-3.0781,-0.2945,1.4927
HQC,2019-03-25,1.44,1.46,1.42,1.44,1655390,1.48,1.47,1.44,-2.965,-1.7735,0.1809,0.0,0.0,1.3212
HQC,2019-03-26,1.44,1.45,1.43,1.44,1059740,1.48,1.47,1.44,-2.7684,-1.8405,0.1809,0.0,0.0,1.3212
HQC,2019-03-27,1.44,1.46,1.43,1.45,636600,1.48,1.47,1.44,-1.9608,-1.2598,0.8485,0.3949,0.0427,1.3178
HQC,2019-03-28,1.44,1.45,1.43,1.44,1192270,1.47,1.47,1.44,-2.1739,-2.0408,0.153,0.0,0.0,1.177
HQC,2019-03-29,1.43,1.44,1.42,1.42,1798630,1.46,1.47,1.44,-2.8728,-3.4014,-1.2105,-2.6049,-0.2428,1.3074
HQC,2019-04-01,1.43,1.44,1.41,1.42,1695280,1.46,1.47,1.44,-2.4055,-3.4342,-1.2105,-0.8317,-0.0812,1.2498
HQC,2019-04-02,1.45,1.46,1.44,1.44,3467230,1.45,1.47,1.44,-0.6211,-1.8739,0.153,-4.6337,-0.5035,1.4601
HQC,2019-04-03,1.46,1.46,1.43,1.45,2800630,1.44,1.46,1.44,0.346,-0.9563,0.7784,1.3707,0.1641,1.5972
HQC,2019-04-04,1.45,1.47,1.43,1.47,5507440,1.44,1.46,1.44,1.8711,0.5128,2.0692,7.6097,0.9567,2.0524
HQC,2019-04-05,1.47,1.48,1.45,1.45,1692490,1.44,1.46,1.44,0.5548,-0.8547,0.6385,-2.4712,-0.2703,1.9917
HQC,2019-04-08,1.45,1.47,1.44,1.44,1319310,1.44,1.46,1.44,-0.1387,-1.5721,-0.111,-1.5091,-0.1569,2.1426
HQC,2019-04-09,1.45,1.46,1.44,1.45,1174820,1.44,1.46,1.44,0.4851,-0.8208,0.513,0.0,0.0,2.1426
HQC,2019-04-10,1.44,1.45,1.44,1.44,954920,1.44,1.46,1.44,-0.1387,-1.4036,-0.2356,-1.3758,-0.1412,2.2407
HQC,2019-04-11,1.46,1.48,1.44,1.44,5451840,1.44,1.46,1.44,-0.1387,-1.1668,-0.3046,-9.0333,-1.0998,3.144
HQC,2019-04-12,1.44,1.46,1.43,1.45,1620200,1.44,1.45,1.45,0.346,-0.2408,0.3183,0.9111,0.102,2.9746
HQC,2019-04-16,1.43,1.45,1.43,1.43,1017830,1.45,1.45,1.45,-1.1065,-1.4133,-1.1202,-1.6084,-0.1771,3.0523
HQC,2019-04-17,1.42,1.44,1.41,1.41,1158310,1.44,1.45,1.45,-2.2869,-2.4896,-2.5301,-1.1114,-0.1231,2.7001
HQC,2019-04-18,1.41,1.43,1.4,1.41,2531840,1.44,1.44,1.45,-2.0153,-2.2191,-2.557,-1.5487,-0.1868,2.7179
HQC,2019-04-19,1.41,1.43,1.41,1.42,703080,1.43,1.44,1.45,-0.9763,-1.2861,-1.9202,0.0,0.0,1.9569
HQC,2019-04-22,1.43,1.43,1.4,1.41,1850920,1.43,1.44,1.45,-1.3986,-1.8106,-2.6243,-1.0991,-0.1203,1.8197
HQC,2019-04-23,1.4,1.41,1.39,1.41,973800,1.43,1.43,1.45,-1.1913,-1.7079,-2.6243,1.9203,0.1934,1.8608
HQC,2019-04-24,1.41,1.42,1.4,1.42,1142380,1.42,1.43,1.45,-0.2809,-0.9418,-1.9066,1.4382,0.1682,2.0046
HQC,2019-04-25,1.42,1.43,1.4,1.42,661450,1.42,1.43,1.45,-0.1406,-0.838,-1.7981,0.422,0.0515,1.9092
HQC,2019-04-26,1.41,1.41,1.38,1.41,4257870,1.42,1.43,1.44,-0.6342,-1.4331,-2.3951,7.0365,0.6966,1.7096
HQC,2019-05-02,1.39,1.4,1.38,1.4,1468510,1.41,1.43,1.44,-0.9901,-2.0637,-3.0202,2.2206,0.2129,1.8405
HQC,2019-05-03,1.39,1.4,1.38,1.4,1238370,1.41,1.43,1.44,-0.7796,-1.9951,-2.9395,1.8345,0.1883,1.8631
HQC,2019-05-06,1.38,1.39,1.35,1.38,2036440,1.41,1.43,1.44,-1.9886,-3.1919,-4.2996,1.517,0.1761,1.9037
HQC,2019-05-07,1.37,1.42,1.37,1.42,3767920,1.41,1.42,1.44,0.7807,-0.2809,-1.5393,6.4022,0.7651,2.3891
HQC,2019-05-08,1.43,1.5,1.42,1.5,9013700,1.42,1.43,1.44,5.8574,5.2262,3.8781,12.6231,1.7118,3.6514
HQC,2019-05-09,1.54,1.54,1.45,1.45,3822610,1.42,1.43,1.44,2.0408,1.7187,0.3599,-5.7524,-0.7631,4.1167
HQC,2019-05-10,1.45,1.48,1.44,1.44,5347310,1.42,1.43,1.44,1.1236,1.0172,-0.346,-9.5196,-1.2373,4.8766
HQC,2019-05-13,1.44,1.45,1.42,1.42,5119990,1.42,1.42,1.44,-0.2809,-0.2809,-1.7301,-7.5211,-0.7637,5.4849
HQC,2019-05-14,1.42,1.43,1.41,1.42,4132970,1.42,1.42,1.44,-0.2809,-0.2108,-1.7301,0.0,0.0,5.4427
HQC,2019-05-15,1.42,1.46,1.42,1.44,1807470,1.43,1.42,1.45,0.911,1.1947,-0.3874,0.0,0.0,4.739
HQC,2019-05-16,1.44,1.46,1.43,1.43,4475910,1.43,1.42,1.45,0.0,0.5626,-1.0928,-5.8035,-0.5583,5.0973
HQC,2019-05-17,1.43,1.44,1.41,1.41,1874280,1.43,1.42,1.45,-1.4675,-0.7741,-2.4761,-2.6751,-0.29,5.1814
HQC,2019-05-20,1.41,1.43,1.4,1.42,2491970,1.44,1.42,1.44,-1.0453,-0.1055,-1.6757,1.2269,0.1202,5.1524
HQC,2019-05-21,1.4,1.42,1.4,1.41,1214950,1.43,1.42,1.44,-1.6736,-0.809,-2.2191,0.0,0.0,4.5122
HQC,2019-05-22,1.42,1.42,1.4,1.4,1228660,1.42,1.42,1.44,-1.6854,-1.4432,-2.7778,-1.6838,-0.1807,3.4182
HQC,2019-05-23,1.39,1.4,1.38,1.4,2596700,1.42,1.42,1.44,-1.339,-1.4085,-2.7102,3.5026,0.3504,3.1933
HQC,2019-05-24,1.38,1.4,1.38,1.39,1768200,1.41,1.42,1.44,-1.6973,-2.0437,-3.3514,0.0,0.0,2.2413
HQC,2019-05-27,1.39,1.39,1.37,1.38,671900,1.41,1.42,1.44,-2.1277,-2.6112,-3.9265,-0.0,-0.0,1.4892
HQC,2019-05-28,1.38,1.4,1.37,1.39,1148440,1.41,1.42,1.43,-1.2082,-1.8015,-3.1224,0.6104,0.0492,1.5502
HQC,2019-05-29,1.39,1.39,1.37,1.39,964150,1.4,1.41,1.43,-0.8559,-1.7321,-2.9601,1.3981,0.1411,1.69
HQC,2019-05-30,1.37,1.39,1.37,1.39,3771810,1.4,1.41,1.43,-0.5722,-1.6973,-2.7836,5.5522,0.6204,1.6649
HQC,2019-05-31,1.38,1.39,1.38,1.38,2164280,1.4,1.41,1.43,-1.0753,-2.3355,-3.3343,-2.7359,-0.2852,1.671
HQC,2019-06-03,1.37,1.38,1.35,1.38,2833220,1.39,1.41,1.43,-0.7908,-2.3355,-3.1715,3.1792,0.3553,1.8662
HQC,2019-06-04,1.36,1.38,1.35,1.36,2042080,1.39,1.41,1.42,-1.8759,-3.5461,-4.4004,-1.6248,-0.18,2.0287
HQC,2019-06-05,1.36,1.37,1.35,1.37,1296350,1.38,1.4,1.42,-0.94,-2.3869,-3.5347,2.3795,0.282,2.0983
HQC,2019-06-06,1.37,1.37,1.34,1.37,1127940,1.38,1.4,1.42,-0.7246,-2.1079,-3.4123,2.1699,0.2387,1.965
HQC,2019-06-07,1.36,1.37,1.35,1.37,749700,1.38,1.4,1.42,-0.5806,-1.8625,-3.3169,1.0392,0.1052,2.0689
HQC,2019-06-10,1.37,1.4,1.37,1.39,2092010,1.38,1.39,1.42,0.7977,-0.3227,-1.8362,1.2735,0.1437,2.1963
HQC,2019-06-11,1.4,1.44,1.39,1.43,4854590,1.38,1.4,1.42,3.3984,2.509,1.0172,7.0514,0.6889,2.8404
HQC,2019-06-12,1.41,1.43,1.4,1.4,3744650,1.38,1.39,1.41,1.1561,0.5025,-1.0461,-6.9233,-0.7261,3.3929
HQC,2019-06-13,1.4,1.43,1.4,1.4,4542180,1.39,1.39,1.41,1.083,0.6109,-1.0181,-9.6168,-0.9412,3.7994
HQC,2019-06-14,1.4,1.42,1.39,1.39,1993720,1.39,1.39,1.41,0.2886,-0.036,-1.6834,-4.2657,-0.4332,3.9523
HQC,2019-06-17,1.39,1.4,1.38,1.4,1755150,1.39,1.39,1.41,0.8646,0.7557,-0.92,3.3932,0.3457,3.9738
HQC,2019-06-18,1.4,1.41,1.39,1.4,2436290,1.39,1.39,1.41,0.5747,0.7919,-0.8499,0.0,0.0,3.8113
HQC,2019-06-19,1.4,1.42,1.4,1.41,3833370,1.4,1.39,1.41,1.0029,1.4754,-0.0567,0.0,0.0,3.5733
HQC,2019-06-20,1.41,1.42,1.39,1.4,1417890,1.4,1.39,1.41,0.0715,0.7557,-0.6951,-0.5675,-0.0619,3.4131
HQC,2019-06-21,1.4,1.41,1.39,1.4,609100,1.4,1.39,1.41,-0.1427,0.7194,-0.6388,0.0,0.0,3.3092
HQC,2019-06-24,1.44,1.44,1.4,1.4,3073610,1.4,1.39,1.41,-0.2138,0.647,-0.5682,-5.6953,-0.6068,3.7513
HQC,2019-06-25,1.4,1.41,1.39,1.4,2407390,1.4,1.39,1.41,0.0,0.6109,-0.5117,0.0,0.0,3.0462
HQC,2019-06-26,1.41,1.41,1.39,1.39,1530380,1.4,1.39,1.41,-0.6433,-0.1078,-1.152,-2.2461,-0.268,2.5785
HQC,2019-06-27,1.39,1.39,1.38,1.39,950710,1.4,1.39,1.4,-0.5722,-0.1078,-1.0676,1.1767,0.1234,1.7345
HQC,2019-06-28,1.38,1.39,1.37,1.39,1161710,1.4,1.39,1.4,-0.5722,-0.1437,-1.0113,1.5058,0.1412,1.4585
HQC,2019-07-01,1.4,1.4,1.38,1.39,1080450,1.4,1.39,1.4,-0.5011,-0.1795,-0.983,0.0,0.0,1.1191
HQC,2019-07-02,1.38,1.4,1.36,1.4,3669560,1.4,1.39,1.4,0.2147,0.3944,-0.2565,6.3214,0.6522,1.7513
HQC,2019-07-03,1.4,1.4,1.37,1.39,393820,1.39,1.4,1.4,-0.3584,-0.3941,-0.9266,0.2409,0.0213,1.7754
HQC,2019-07-04,1.38,1.39,1.37,1.39,459630,1.39,1.4,1.4,-0.2869,-0.4654,-0.8983,0.7026,0.0616,1.7889
HQC,2019-07-05,1.4,1.4,1.37,1.38,848960,1.39,1.4,1.4,-0.8621,-1.2169,-1.5692,-0.5145,-0.0486,1.8403
HQC,2019-07-08,1.38,1.38,1.37,1.37,402730,1.39,1.4,1.4,-1.3679,-1.8625,-2.2127,-0.7875,-0.0774,1.3495
HQC,2019-07-09,1.39,1.4,1.37,1.39,3071910,1.39,1.39,1.4,0.1441,-0.2869,-0.7426,1.592,0.1451,1.5087
HQC,2019-07-10,1.39,1.4,1.38,1.39,1339130,1.39,1.39,1.4,0.1441,-0.2512,-0.7143,0.0,0.0,1.2841
HQC,2019-07-11,1.38,1.4,1.38,1.4,1721210,1.39,1.39,1.4,0.7919,0.4665,0.0,2.5499,0.2492,1.4215
HQC,2019-07-12,1.39,1.4,1.38,1.38,1511800,1.39,1.39,1.4,-0.5764,-0.9332,-1.4004,-1.9515,-0.1952,1.466
HQC,2019-07-15,1.39,1.39,1.37,1.39,1001740,1.39,1.39,1.4,0.1441,-0.1795,-0.7001,1.749,0.1825,1.6409
HQC,2019-07-16,1.38,1.39,1.38,1.39,894470,1.39,1.39,1.4,0.2163,-0.1437,-0.6575,1.1411,0.1054,1.1229
HQC,2019-07-17,1.39,1.4,1.38,1.39,1717600,1.39,1.39,1.4,0.2163,-0.0719,-0.5011,0.0,0.0,1.0988
HQC,2019-07-18,1.39,1.4,1.38,1.39,2693600,1.39,1.39,1.4,0.2163,-0.036,-0.4155,0.0,0.0,1.0285
HQC,2019-07-19,1.4,1.41,1.39,1.41,3180380,1.39,1.39,1.4,1.4388,1.3659,1.0608,3.4531,0.3341,1.3224
HQC,2019-07-22,1.39,1.41,1.39,1.4,3074600,1.39,1.39,1.39,0.5025,0.647,0.3728,0.0,0.0,1.2437
HQC,2019-07-23,1.39,1.4,1.38,1.39,1930010,1.39,1.39,1.39,-0.2154,-0.036,-0.3012,0.0,0.0,1.0844
HQC,2019-07-24,1.39,1.39,1.38,1.39,2496900,1.39,1.39,1.39,-0.2154,-0.036,-0.2297,3.1313,0.3317,1.3976
HQC,2019-07-25,1.37,1.39,1.37,1.39,1004360,1.39,1.39,1.39,-0.1437,-0.036,-0.1724,1.2549,0.136,1.2681
HQC,2019-07-26,1.38,1.39,1.38,1.39,758600,1.39,1.39,1.39,-0.2154,-0.036,-0.1437,1.1382,0.1264,1.1867
HQC,2019-07-29,1.39,1.4,1.37,1.39,1597130,1.39,1.39,1.39,-0.2154,-0.036,-0.1006,0.8528,0.0843,1.0971
HQC,2019-07-30,1.38,1.39,1.37,1.39,834900,1.39,1.39,1.39,-0.2154,-0.0,-0.0719,0.8866,0.0851,1.0717
HQC,2019-07-31,1.37,1.39,1.37,1.39,2258810,1.39,1.39,1.39,-0.2154,0.0,-0.0575,2.9437,0.3074,1.366
HQC,2019-08-01,1.38,1.38,1.37,1.38,1213290,1.39,1.39,1.39,-0.8621,-0.6837,-0.748,1.5872,0.1568,1.5248
HQC,2019-08-02,1.36,1.37,1.36,1.37,1282220,1.39,1.39,1.39,-1.2968,-1.3679,-1.4388,1.6955,0.1497,1.349
HQC,2019-08-05,1.4,1.4,1.36,1.38,2525320,1.39,1.39,1.39,-0.4329,-0.6837,-0.7194,-0.0,-0.0,1.349
HQC,2019-08-06,1.38,1.38,1.36,1.37,1344820,1.38,1.39,1.39,-1.0116,-1.3324,-1.4105,0.0,0.0,1.349
HQC,2019-08-07,1.37,1.39,1.37,1.37,2040740,1.38,1.39,1.39,-0.8683,-1.2613,-1.3821,-3.1359,-0.316,1.3495
HQC,2019-08-08,1.37,1.39,1.36,1.37,1597460,1.38,1.39,1.39,-0.7246,-1.1544,-1.3537,-0.6899,-0.0696,1.293
HQC,2019-08-09,1.37,1.38,1.36,1.37,1094460,1.38,1.39,1.39,-0.5806,-1.1187,-1.3395,0.0,0.0,1.1791
HQC,2019-08-12,1.37,1.38,1.36,1.37,2110690,1.38,1.38,1.39,-0.436,-1.0473,-1.3253,0.0,0.0,1.0939
HQC,2019-08-13,1.37,1.38,1.36,1.37,1137170,1.37,1.38,1.39,-0.2911,-0.9758,-1.3395,0.0,0.0,1.0052
HQC,2019-08-14,1.36,1.37,1.36,1.36,1347770,1.37,1.38,1.39,-0.8023,-1.5919,-2.0455,-2.2087,-0.2007,0.9317
HQC,2019-08-15,1.36,1.37,1.35,1.37,1317820,1.37,1.38,1.39,0.0,-0.7965,-1.3253,1.5302,0.1581,0.926
HQC,2019-08-16,1.36,1.37,1.35,1.36,1261550,1.37,1.38,1.39,-0.6574,-1.342,-2.0314,0.0,0.0,0.7565
HQC,2019-08-19,1.36,1.36,1.35,1.36,684290,1.37,1.38,1.39,-0.5121,-1.1987,-1.989,1.3001,0.1403,0.8865
HQC,2019-08-20,1.35,1.36,1.35,1.36,356440,1.37,1.38,1.39,-0.4392,-1.0909,-1.8901,0.5138,0.057,0.9379
HQC,2019-08-21,1.36,1.36,1.35,1.36,780670,1.36,1.37,1.39,-0.3663,-0.9829,-1.8334,0.9267,0.0993,0.7169
HQC,2019-08-22,1.36,1.36,1.35,1.35,422740,1.36,1.37,1.38,-0.9538,-1.5676,-2.4848,-0.6083,-0.0546,0.7088
HQC,2019-08-23,1.35,1.35,1.34,1.35,815390,1.36,1.37,1.38,-0.8082,-1.4239,-2.4284,1.2158,0.1125,0.8304
HQC,2019-08-26,1.36,1.37,1.34,1.36,1763460,1.36,1.37,1.38,0.0,-0.5848,-1.6488,0.6951,0.0836,0.8999
HQC,2019-08-27,1.35,1.36,1.34,1.36,2725140,1.36,1.37,1.38,0.0736,-0.4757,-1.5919,3.1251,0.324,1.2124
HQC,2019-08-28,1.35,1.36,1.34,1.35,795960,1.36,1.36,1.38,-0.5891,-1.0627,-2.2306,0.0,0.0,0.9915
HQC,2019-08-29,1.35,1.36,1.34,1.35,1854260,1.36,1.36,1.38,-0.4425,-0.9538,-2.1597,0.0,0.0,0.8385
HQC,2019-08-30,1.34,1.36,1.34,1.36,417030,1.36,1.36,1.38,0.295,-0.1835,-1.3778,0.6159,0.0665,0.9001
HQC,2019-09-03,1.35,1.36,1.34,1.35,8749750,1.36,1.36,1.38,-0.369,-0.8082,-2.0319,0.0,0.0,0.7701
HQC,2019-09-04,1.35,1.35,1.33,1.35,993610,1.35,1.36,1.38,-0.2954,-0.7353,-1.9608,1.3877,0.1576,0.8575
HQC,2019-09-05,1.34,1.35,1.34,1.35,3042380,1.35,1.36,1.38,-0.2217,-0.6623,-1.9038,5.9145,0.6497,1.3562
HQC,2019-09-06,1.35,1.36,1.33,1.36,5588490,1.35,1.36,1.38,0.4431,0.1104,-1.1341,10.5421,1.2403,2.3496
HQC,2019-09-09,1.36,1.36,1.34,1.35,1689290,1.35,1.36,1.37,-0.2954,-0.5525,-1.8039,0.0,0.0,2.228
HQC,2019-09-10,1.34,1.34,1.31,1.33,3181460,1.35,1.36,1.37,-1.5544,-1.8812,-3.1741,1.5881,0.163,2.3173
HQC,2019-09-11,1.32,1.32,1.29,1.3,1388280,1.35,1.35,1.37,-3.3457,-3.8462,-5.2202,-0.8398,-0.0775,2.0888
HQC,2019-09-12,1.3,1.31,1.28,1.28,1693020,1.34,1.35,1.37,-4.3348,-5.0445,-6.5284,-2.3366,-0.2299,2.3225
HQC,2019-09-13,1.29,1.29,1.25,1.27,2778970,1.33,1.34,1.37,-4.5113,-5.4356,-7.0958,0.0,0.0,2.3225
HQC,2019-09-16,1.26,1.26,1.23,1.24,2756700,1.32,1.34,1.36,-5.9181,-7.255,-9.1042,-1.2023,-0.1146,2.3811
HQC,2019-09-17,1.24,1.24,1.2,1.24,3968340,1.31,1.33,1.36,-5.1262,-6.837,-8.9307,5.5203,0.4996,2.9331
HQC,2019-09-18,1.23,1.24,1.22,1.23,902190,1.3,1.32,1.36,-5.0193,-7.1348,-9.4523,0.0,0.0,2.7944
HQC,2019-09-19,1.21,1.23,1.21,1.23,1903800,1.28,1.32,1.36,-4.1309,-6.6768,-9.2385,2.2275,0.255,2.4257
HQC,2019-09-20,1.22,1.24,1.22,1.23,1280450,1.27,1.31,1.35,-3.1496,-6.25,-9.0102,0.0,0.0,1.3715
HQC,2019-09-23,1.22,1.23,1.21,1.22,1065570,1.26,1.31,1.35,-2.9435,-6.5492,-9.5358,0.0,0.0,1.3715
HQC,2019-09-24,1.22,1.23,1.21,1.22,2722670,1.25,1.3,1.35,-2.0867,-6.0454,-9.3072,0.0,0.0,1.2126
HQC,2019-09-25,1.22,1.23,1.21,1.22,1776270,1.24,1.29,1.34,-1.454,-5.5362,-9.0774,0.0,0.0,1.1287
HQC,2019-09-26,1.22,1.22,1.21,1.21,920900,1.23,1.28,1.34,-1.7059,-5.7999,-9.58,-1.116,-0.1099,1.0066
HQC,2019-09-27,1.21,1.21,1.19,1.21,1254720,1.23,1.28,1.33,-1.2245,-5.2838,-9.3361,1.613,0.1514,1.1679
HQC,2019-09-30,1.2,1.21,1.16,1.16,2941330,1.22,1.27,1.33,-4.6836,-8.4813,-12.7557,-3.5705,-0.3353,1.4047
HQC,2019-10-01,1.14,1.16,1.14,1.14,2181290,1.21,1.26,1.32,-5.551,-9.3079,-13.9233,-2.6328,-0.2622,1.116
HQC,2019-10-02,1.14,1.14,1.11,1.12,2208980,1.2,1.25,1.32,-6.3545,-10.0763,-15.0872,-1.0222,-0.0858,1.2182
HQC,2019-10-03,1.12,1.12,1.05,1.07,12745570,1.18,1.23,1.31,-9.322,-13.1141,-18.4824,-6.0272,-0.5096,1.5982
HQC,2019-10-04,1.08,1.14,1.08,1.14,3590650,1.17,1.22,1.31,-2.6473,-6.5957,-12.8174,4.225,0.3793,2.0207
HQC,2019-10-07,1.2,1.2,1.14,1.16,3688950,1.16,1.21,1.3,-0.4292,-4.2114,-10.9747,-1.5388,-0.1391,2.1746
HQC,2019-10-08,1.13,1.16,1.1,1.13,7131220,1.16,1.2,1.3,-2.2491,-5.9117,-12.9296,-0.0,-0.0,2.1746
HQC,2019-10-09,1.13,1.13,1.1,1.1,3207940,1.14,1.19,1.29,-3.8462,-7.6406,-14.8607,-4.4376,-0.4149,2.6183
HQC,2019-10-10,1.1,1.1,1.07,1.09,1568250,1.13,1.18,1.29,-3.7102,-7.7444,-15.2411,0.8048,0.0685,2.5872
HQC,2019-10-11,1.08,1.09,1.06,1.08,1862290,1.12,1.17,1.28,-3.4853,-7.8498,-15.625,1.0829,0.0802,2.5342
HQC,2019-10-14,1.08,1.15,1.08,1.12,3034620,1.12,1.17,1.28,0.4484,-3.9451,-12.1569,0.5272,0.0482,2.2299
HQC,2019-10-15,1.12,1.14,1.11,1.14,824510,1.12,1.16,1.27,2.2422,-1.8088,-10.2504,1.423,0.1394,2.1089
HQC,2019-10-16,1.13,1.13,1.1,1.12,1189820,1.12,1.16,1.27,0.4484,-3.0723,-11.4764,0.6782,0.0582,2.0745
HQC,2019-10-17,1.11,1.12,1.1,1.11,1054410,1.12,1.15,1.26,-0.8043,-3.4363,-11.9048,0.0,0.0,1.4718
HQC,2019-10-18,1.1,1.14,1.1,1.12,2283340,1.12,1.14,1.25,0.2686,-2.0979,-10.757,0.0,0.0,1.0493
HQC,2019-10-21,1.15,1.15,1.12,1.13,5093330,1.11,1.14,1.25,1.4363,-0.8337,-9.6145,-2.5246,-0.2717,1.1478
HQC,2019-10-22,1.13,1.16,1.13,1.15,3221460,1.12,1.14,1.25,3.0466,1.2324,-7.6898,1.652,0.1462,1.313
HQC,2019-10-23,1.15,1.2,1.14,1.16,6511440,1.12,1.13,1.24,3.3868,2.3831,-6.5722,-3.5004,-0.3704,1.2193
HQC,2019-10-24,1.16,1.19,1.15,1.15,1146370,1.13,1.13,1.24,1.9504,1.7699,-7.0632,-2.1923,-0.1606,1.3581
HQC,2019-10-25,1.16,1.16,1.14,1.14,972290,1.13,1.13,1.23,0.5291,1.1984,-7.5276,-1.7779,-0.1575,1.4276
HQC,2019-10-28,1.13,1.15,1.13,1.14,816470,1.14,1.13,1.23,0.3521,1.2883,-7.1964,0.0,0.0,1.3748
HQC,2019-10-29,1.13,1.16,1.13,1.13,1838910,1.14,1.12,1.22,-0.4405,0.4444,-7.6647,-3.0429,-0.2864,1.5368
HQC,2019-10-30,1.14,1.15,1.12,1.13,2804380,1.14,1.13,1.22,-0.5282,0.3998,-7.3163,-1.5593,-0.1275,1.6249
HQC,2019-10-31,1.14,1.14,1.12,1.13,1763770,1.14,1.13,1.21,-0.703,0.1329,-6.9653,-0.0,-0.0,1.6249
HQC,2019-11-01,1.13,1.13,1.11,1.12,1911140,1.14,1.13,1.21,-1.5817,-0.6652,-7.438,0.0,0.0,1.6249
HQC,2019-11-04,1.12,1.12,1.1,1.1,2617170,1.14,1.12,1.2,-3.0837,-2.1787,-8.7137,-2.9151,-0.2488,1.664
HQC,2019-11-05,1.09,1.1,1.07,1.08,1806270,1.13,1.12,1.2,-4.2553,-3.7433,-9.955,-0.8278,-0.0581,1.5816
HQC,2019-11-06,1.08,1.1,1.07,1.07,1433080,1.12,1.12,1.19,-4.3789,-4.5069,-10.3552,-2.0545,-0.1661,1.437
HQC,2019-11-07,1.06,1.09,1.06,1.07,1188800,1.11,1.12,1.19,-3.6904,-4.4216,-9.9327,-0.6482,-0.0545,1.2826
HQC,2019-11-08,1.08,1.08,1.06,1.06,1177220,1.1,1.12,1.18,-3.8985,-5.2302,-10.3367,-1.8454,-0.1491,1.2893
HQC,2019-11-11,1.06,1.1,1.06,1.08,3966540,1.1,1.12,1.18,-1.5497,-3.2691,-8.2101,0.0,0.0,1.2893
HQC,2019-11-12,1.08,1.09,1.07,1.07,3668360,1.09,1.11,1.17,-1.9248,-3.8634,-8.6251,-4.4639,-0.4013,1.4314
HQC,2019-11-13,1.08,1.08,1.06,1.08,1597760,1.09,1.11,1.17,-0.5525,-2.7903,-7.3439,1.8993,0.1664,1.4654
HQC,2019-11-14,1.07,1.08,1.06,1.07,2993610,1.08,1.11,1.16,-0.9259,-3.5167,-7.7586,0.0,0.0,1.4654
HQC,2019-11-15,1.07,1.08,1.05,1.05,2417570,1.07,1.11,1.15,-2.1435,-5.0204,-8.9964,-3.6556,-0.3845,1.831
HQC,2019-11-18,1.05,1.08,1.05,1.06,2458610,1.07,1.1,1.15,-0.8419,-3.8113,-7.6655,-1.2624,-0.099,1.6657
HQC,2019-11-19,1.06,1.07,1.05,1.05,3673250,1.07,1.1,1.14,-1.5009,-4.2844,-8.0882,-6.5313,-0.4494,2.2361
HQC,2019-11-20,1.05,1.06,1.04,1.05,3130780,1.06,1.09,1.14,-1.3158,-3.8021,-7.6842,0.0,0.0,2.0306
HQC,2019-11-21,1.04,1.06,1.04,1.05,1633000,1.06,1.09,1.13,-1.1299,-3.3594,-7.3093,0.0,0.0,1.9658
HQC,2019-11-22,1.05,1.05,1.03,1.03,2589660,1.06,1.08,1.13,-2.7384,-4.7179,-8.6879,-2.9288,-0.2534,2.0741
HQC,2019-11-25,1.02,1.04,1.02,1.03,2717830,1.05,1.08,1.12,-2.277,-4.2306,-8.3467,0.0,0.0,2.0741
HQC,2019-11-26,1.03,1.04,1.01,1.03,1030830,1.05,1.07,1.12,-1.9048,-3.7833,-8.0029,0.6606,0.0422,1.6938
HQC,2019-11-27,1.03,1.04,1.02,1.03,4556190,1.05,1.07,1.12,-1.4354,-3.3318,-7.673,0.0,0.0,1.5039
HQC,2019-11-28,1.03,1.04,1.02,1.02,2826860,1.04,1.06,1.11,-1.9231,-3.7736,-8.2239,-4.2419,-0.2947,1.9281
HQC,2019-11-29,1.01,1.03,1.01,1.02,868630,1.04,1.06,1.11,-1.6393,-3.3175,-7.8757,0.0,0.0,1.5625
HQC,2019-12-02,1.02,1.02,0.99,1.0,4627580,1.03,1.05,1.1,-3.0068,-4.7619,-9.3217,-1.8461,-0.1356,1.6209
HQC,2019-12-03,0.99,1.0,0.98,0.98,1342340,1.02,1.04,1.1,-4.2969,-6.2201,-10.7468,-2.0318,-0.1318,1.1709
HQC,2019-12-04,0.98,1.01,0.98,1.0,1348070,1.02,1.04,1.09,-1.8646,-3.9846,-8.5589,0.7018,0.0505,1.2411
HQC,2019-12-05,1.0,1.01,0.99,1.0,2565900,1.01,1.04,1.09,-1.3807,-3.6609,-8.2064,0.0,0.0,1.2411
HQC,2019-12-06,0.99,1.0,0.99,1.0,2804340,1.01,1.03,1.09,-1.088,-3.3816,-7.8511,5.6139,0.403,1.5096
HQC,2019-12-09,1.0,1.0,0.99,0.99,3690880,1.01,1.03,1.08,-1.6882,-3.9301,-8.4859,-5.1714,-0.3872,2.0267
HQC,2019-12-10,0.99,1.0,0.98,0.99,2274840,1.0,1.03,1.08,-1.2961,-3.5558,-8.2314,0.0,0.0,1.9607
HQC,2019-12-11,0.98,0.99,0.97,0.99,1029920,1.0,1.02,1.08,-0.9009,-3.1311,-8.0097,1.7875,0.1369,2.1394
HQC,2019-12-12,0.99,1.0,0.98,0.99,2868470,1.0,1.02,1.07,-0.6024,-2.7505,-7.8727,0.0,0.0,1.7153
HQC,2019-12-13,1.0,1.0,0.98,0.99,4146300,0.99,1.02,1.07,-0.3021,-2.4631,-7.6148,0.0,0.0,1.7153
HQC,2019-12-16,0.99,1.05,0.98,1.05,6343240,1.0,1.01,1.07,5.2104,3.4993,-1.8141,10.3164,0.9525,2.5623
HQC,2019-12-17,1.1,1.12,1.09,1.12,8856610,1.01,1.02,1.07,10.6719,10.0196,4.7512,10.8714,1.3182,3.4462
HQC,2019-12-18,1.17,1.19,1.15,1.17,11913870,1.03,1.02,1.07,13.7026,14.2578,9.2845,0.0,0.0,3.3761
HQC,2019-12-19,1.11,1.16,1.09,1.09,7106180,1.04,1.03,1.07,5.0096,6.2378,1.8121,-12.7383,-1.1933,4.6499
HQC,2019-12-20,1.09,1.16,1.09,1.16,7132930,1.05,1.03,1.07,10.0569,12.3487,8.1888,10.0945,0.9531,5.0979
HQC,2019-12-23,1.21,1.24,1.18,1.23,9461520,1.08,1.04,1.07,14.1002,17.9856,14.4825,7.7619,0.7321,5.357
HQC,2019-12-24,1.21,1.3,1.21,1.28,8370110,1.11,1.06,1.08,15.6278,21.327,18.8266,7.7021,0.8552,6.1272
HQC,2019-12-25,1.27,1.28,1.2,1.2,8727720,1.13,1.06,1.08,6.383,12.835,11.2347,-12.5535,-1.5193,7.2038
HQC,2019-12-26,1.18,1.25,1.17,1.2,6324800,1.15,1.07,1.08,4.4386,11.8881,11.0494,-2.6593,-0.309,7.4697
HQC,2019-12-27,1.24,1.24,1.17,1.18,3708200,1.17,1.08,1.08,1.0274,9.2087,9.0775,-4.2796,-0.4731,7.8977
HQC,2019-12-30,1.15,1.18,1.1,1.11,5637500,1.17,1.09,1.08,-5.4514,2.2099,2.6447,-5.8824,-0.5102,7.4543
HQC,2019-12-31,1.12,1.13,1.07,1.08,3790250,1.17,1.09,1.08,-7.6923,-1.0082,0.0,-4.3374,-0.3886,6.8009
HQC,2020-01-02,1.1,1.15,1.06,1.15,3574730,1.17,1.1,1.08,-1.5411,4.6882,6.5012,5.7818,0.6233,7.3791
HQC,2020-01-03,1.16,1.18,1.12,1.12,2558860,1.17,1.1,1.08,-4.3553,1.4033,3.7806,-3.7372,-0.3691,6.479
HQC,2020-01-06,1.11,1.14,1.09,1.11,2542060,1.17,1.11,1.08,-4.8027,0.0,2.9112,-0.8251,-0.0748,5.552
HQC,2020-01-07,1.12,1.14,1.1,1.11,2571240,1.15,1.12,1.08,-3.8128,-0.5376,2.9685,-2.3585,-0.2262,5.0117
HQC,2020-01-08,1.11,1.12,1.08,1.08,5190820,1.13,1.12,1.08,-4.7619,-3.6145,0.2786,-5.8741,-0.614,4.8289
HQC,2020-01-09,1.1,1.11,1.08,1.1,2095310,1.12,1.13,1.08,-2.1352,-2.3091,2.1925,1.1766,0.1059,3.6912
HQC,2020-01-10,1.11,1.11,1.07,1.07,1488610,1.11,1.13,1.08,-3.6904,-5.3097,-0.4836,-1.7224,-0.1711,3.5975
HQC,2020-01-13,1.08,1.09,1.04,1.04,3883450,1.1,1.13,1.07,-5.196,-8.1678,-3.1297,-6.8498,-0.6493,3.8545
HQC,2020-01-14,1.04,1.05,1.03,1.03,2277140,1.09,1.13,1.07,-5.4178,-8.9704,-3.9358,-3.6764,-0.3323,3.6339
HQC,2020-01-15,1.04,1.05,1.02,1.04,1056840,1.08,1.13,1.07,-4.1475,-7.7605,-2.9307,0.6108,0.0563,3.2613
HQC,2020-01-16,1.04,1.06,1.03,1.03,2480890,1.07,1.12,1.07,-4.0075,-8.0768,-3.7923,-3.4532,-0.3303,3.0284
HQC,2020-01-17,1.04,1.05,1.03,1.03,1129780,1.06,1.12,1.07,-3.1955,-7.83,-3.7203,-1.9432,-0.1539,2.849
HQC,2020-01-20,1.04,1.05,1.03,1.04,856950,1.06,1.11,1.07,-1.6083,-6.4327,-2.7492,0.0,0.0,2.7665
HQC,2020-01-21,1.04,1.08,1.03,1.07,1673880,1.05,1.1,1.07,1.6144,-3.0358,0.0748,1.2461,0.1143,2.6553
HQC,2020-01-22,1.08,1.08,1.05,1.08,1568260,1.05,1.09,1.07,2.5641,-1.2346,0.9912,2.1975,0.1986,2.2876
HQC,2020-01-30,1.05,1.07,1.03,1.04,1275490,1.05,1.09,1.07,-0.6686,-4.1916,-2.6764,-0.6686,-0.0553,2.2368
HQC,2020-01-31,1.03,1.04,1.01,1.02,2638350,1.04,1.08,1.07,-2.1113,-5.2485,-4.4586,-0.5439,-0.0488,2.1189
HQC,2020-02-03,1.0,1.01,0.95,0.99,4321480,1.04,1.07,1.07,-4.5323,-7.2165,-7.1643,0.9334,0.0897,1.5273
HQC,2020-02-04,0.99,0.99,0.94,0.98,2141300,1.03,1.06,1.06,-5.0388,-7.5908,-7.9639,1.144,0.1067,1.2741
HQC,2020-02-05,0.96,1.0,0.96,0.99,1878000,1.03,1.06,1.06,-3.6027,-6.25,-6.9199,1.0935,0.0946,1.3223
HQC,2020-02-06,0.99,1.04,0.98,1.03,3106420,1.03,1.05,1.06,0.2921,-1.9048,-3.1226,1.5403,0.1339,1.131
HQC,2020-02-07,1.03,1.04,1.0,1.01,1895700,1.02,1.04,1.06,-1.4634,-3.303,-4.9322,-1.0073,-0.0882,1.0375
HQC,2020-02-10,1.0,1.01,0.98,1.0,2678640,1.02,1.04,1.06,-2.0568,-3.7536,-5.8203,1.5028,0.1423,1.1877
HQC,2020-02-11,1.0,1.02,0.99,1.01,2249190,1.02,1.03,1.06,-0.4926,-2.3211,-4.8427,0.8061,0.0744,1.1437
HQC,2020-02-12,1.01,1.04,1.0,1.03,2323010,1.01,1.03,1.06,1.9802,-0.1454,-2.9584,1.26,0.1179,1.05
HQC,2020-02-13,1.02,1.03,1.01,1.02,1033330,1.01,1.03,1.06,1.1905,-0.7299,-3.8824,0.0,0.0,0.9831
HQC,2020-02-14,1.02,1.03,1.0,1.01,1143500,1.01,1.02,1.06,0.2979,-1.4153,-4.8068,-0.5938,-0.0526,0.9881
HQC,2020-02-17,1.02,1.02,1.0,1.01,3370820,1.01,1.02,1.06,0.0991,-1.2708,-4.7888,0.0,0.0,0.8948
HQC,2020-02-18,1.01,1.04,1.01,1.02,2345050,1.01,1.02,1.06,0.691,-0.2445,-3.8824,-1.0501,-0.0913,0.8854
HQC,2020-02-19,1.03,1.09,1.02,1.09,4333580,1.02,1.02,1.06,6.5494,6.3415,2.5014,6.3053,0.6733,1.4066
HQC,2020-02-20,1.15,1.16,1.12,1.13,7425050,1.03,1.03,1.07,9.3901,9.7087,6.0038,-3.5148,-0.4078,1.604
HQC,2020-02-21,1.13,1.13,1.06,1.07,3307540,1.04,1.03,1.07,2.9836,3.6822,0.2436,-2.707,-0.2782,1.774
HQC,2020-02-24,1.04,1.04,1.0,1.01,4908570,1.04,1.03,1.07,-2.8846,-1.9893,-5.3953,-1.3211,-0.1431,1.7558
HQC,2020-02-25,0.98,1.04,0.97,1.03,2383970,1.04,1.03,1.07,-1.1516,0.1458,-3.5942,1.2019,0.1301,1.7954
HQC,2020-02-26,1.0,1.05,1.0,1.05,2079880,1.04,1.03,1.07,0.5747,2.2395,-1.8325,2.2643,0.2582,1.8958
HQC,2020-02-27,1.04,1.06,1.03,1.04,1839990,1.05,1.03,1.07,-0.5736,1.2658,-2.8582,-0.5832,-0.0565,1.9542
HQC,2020-02-28,1.02,1.03,1.0,1.02,3350390,1.05,1.03,1.07,-2.5788,-0.6816,-4.7797,0.9276,0.1084,1.9875
HQC,2020-03-02,1.04,1.05,1.0,1.03,4890740,1.05,1.03,1.07,-1.8112,0.0972,-3.9179,0.6424,0.0767,2.0518
HQC,2020-03-03,1.04,1.1,1.04,1.09,4924300,1.06,1.03,1.07,3.2197,5.3649,1.6033,2.6476,0.335,2.2115
HQC,2020-03-04,1.1,1.1,1.06,1.09,8761110,1.06,1.04,1.07,3.2197,4.8581,1.6601,2.7885,0.3704,1.8598
HQC,2020-03-05,1.11,1.14,1.08,1.08,5961320,1.05,1.04,1.07,2.7593,3.6468,0.8969,-3.9475,-0.4892,1.9031
HQC,2020-03-06,1.08,1.15,1.06,1.15,13154770,1.06,1.05,1.07,8.593,9.6282,7.3162,16.6194,1.9817,3.2944
HQC,2020-03-09,1.09,1.13,1.07,1.07,7708310,1.06,1.05,1.07,0.4695,1.6627,0.0187,-3.4,-0.3671,3.5022
HQC,2020-03-10,1.05,1.14,1.04,1.14,10281970,1.08,1.06,1.07,5.948,7.6487,6.7416,8.4179,0.948,4.2239
HQC,2020-03-11,1.18,1.21,1.12,1.21,17371670,1.09,1.07,1.07,10.8059,13.2959,13.4446,9.0297,1.2198,4.9004
HQC,2020-03-12,1.2,1.27,1.15,1.18,12191810,1.11,1.08,1.07,6.6908,9.6654,10.6734,-2.9609,-0.3647,5.1382
HQC,2020-03-13,1.1,1.21,1.1,1.14,7498190,1.12,1.08,1.06,1.9678,5.3118,7.0423,-1.2106,-0.1407,5.1665
HQC,2020-03-16,1.11,1.21,1.11,1.21,14479440,1.14,1.09,1.07,6.5141,10.7551,13.5511,10.6568,1.4004,6.1679
HQC,2020-03-17,1.24,1.29,1.23,1.29,6098380,1.16,1.11,1.07,11.5917,16.6365,20.651,4.0461,0.5443,6.3078
HQC,2020-03-18,1.38,1.38,1.38,1.38,1572430,1.18,1.12,1.08,16.4557,23.1593,28.3482,1.1973,0.2039,6.1486
HQC,2020-03-19,1.47,1.47,1.29,1.29,36623810,1.21,1.13,1.08,6.9652,14.311,19.666,-27.641,-4.2539,8.518
HQC,2020-03-20,1.23,1.29,1.2,1.2,11634350,1.21,1.14,1.08,-0.9083,5.7269,11.1523,-9.1219,-1.0583,7.7682
HQC,2020-03-23,1.18,1.2,1.12,1.12,10315960,1.22,1.14,1.08,-7.8947,-1.7975,3.7229,-4.7827,-0.6301,7.9065
HQC,2020-03-24,1.06,1.13,1.05,1.11,10814460,1.21,1.14,1.08,-8.4913,-3.0144,2.7968,4.3782,0.5347,7.5025
HQC,2020-03-25,1.15,1.17,1.12,1.13,4687930,1.2,1.15,1.08,-6.2241,-1.6108,4.5522,-2.5099,-0.2574,6.8505
HQC,2020-03-26,1.11,1.14,1.06,1.06,7063960,1.19,1.15,1.08,-11.1484,-7.786,-1.8519,-6.0754,-0.6865,7.162
HQC,2020-03-27,1.06,1.06,1.0,1.02,8154680,1.18,1.15,1.08,-13.6325,-11.2658,-5.468,-2.6129,-0.2931,7.3022
HQC,2020-03-30,1.0,1.01,0.95,0.95,9612100,1.16,1.15,1.08,-17.7489,-17.0668,-11.8084,-6.9989,-0.9046,6.9364
HQC,2020-03-31,0.94,1.01,0.94,1.0,8595310,1.13,1.14,1.08,-11.1901,-12.3576,-7.115,6.9012,1.1053,7.2219
HQC,2020-04-01,1.01,1.07,1.01,1.07,5594110,1.1,1.14,1.08,-2.2831,-6.1404,-0.6684,5.4616,0.7742,7.6484
HQC,2020-04-03,1.07,1.13,1.04,1.07,7560300,1.07,1.14,1.08,-0.2796,-6.0992,-0.7421,-2.0498,-0.2453,5.0892
HQC,2020-04-06,1.06,1.1,1.03,1.06,10507990,1.06,1.14,1.08,0.0944,-6.6079,-1.7245,-0.7753,-0.0828,4.2546
HQC,2020-04-07,1.07,1.12,1.04,1.12,8849320,1.06,1.14,1.08,5.7602,-1.5385,3.6845,6.2349,0.7471,4.3998
HQC,2020-04-08,1.12,1.12,1.06,1.09,6869910,1.06,1.14,1.08,3.122,-3.9648,0.8699,0.0,0.0,3.962
HQC,2020-04-09,1.1,1.15,1.07,1.09,8599500,1.05,1.13,1.08,3.5138,-3.4544,0.8512,-3.0701,-0.3672,4.018
HQC,2020-04-10,1.09,1.11,1.06,1.07,5051890,1.05,1.12,1.08,1.518,-4.7619,-1.0542,-2.9973,-0.3686,3.7102
HQC,2020-04-13,1.07,1.1,1.07,1.08,3506090,1.06,1.12,1.08,1.8868,-3.6145,-0.2402,-1.2042,-0.1297,3.5693
HQC,2020-04-14,1.08,1.08,1.04,1.05,4429130,1.07,1.11,1.08,-1.8692,-5.618,-3.1187,-1.7415,-0.2073,3.0436
HQC,2020-04-15,1.06,1.09,1.06,1.09,5709040,1.08,1.1,1.09,1.0195,-1.1338,0.3683,4.3037,0.4966,2.7838
HQC,2020-04-16,1.09,1.12,1.08,1.1,5284460,1.08,1.09,1.09,1.6636,1.0565,1.0844,0.0,0.0,2.2377
HQC,2020-04-17,1.1,1.12,1.09,1.1,4382290,1.08,1.08,1.09,1.3825,1.9462,0.9545,-0.8923,-0.1043,2.1219
HQC,2020-04-20,1.11,1.15,1.11,1.12,6253250,1.09,1.08,1.09,2.6581,4.186,2.5829,-1.6748,-0.2029,2.2119
HQC,2020-04-21,1.1,1.12,1.05,1.06,11482480,1.09,1.07,1.09,-2.3041,-1.1194,-3.0192,-3.1271,-0.3821,1.9011
HQC,2020-04-22,1.04,1.12,1.04,1.11,5595410,1.09,1.07,1.1,2.1159,3.5448,1.3699,3.1769,0.3612,2.2188
HQC,2020-04-23,1.11,1.15,1.1,1.12,8147280,1.09,1.07,1.1,2.7523,4.5264,2.1152,-1.5952,-0.1922,2.0713
HQC,2020-04-24,1.11,1.12,1.09,1.1,3642620,1.09,1.07,1.1,0.6404,2.4686,0.1457,-1.063,-0.119,1.8779
HQC,2020-04-27,1.12,1.13,1.1,1.1,3357880,1.1,1.08,1.1,0.4566,2.0882,-0.0182,-2.3956,-0.2365,1.997
HQC,2020-04-28,1.11,1.11,1.08,1.08,3236460,1.1,1.08,1.1,-1.6393,-0.369,-1.9608,-3.531,-0.3656,2.176
HQC,2020-04-29,1.09,1.11,1.08,1.1,3160660,1.1,1.09,1.1,0.091,1.0101,-0.2901,1.0093,0.1032,1.8465
HQC,2020-05-04,1.09,1.1,1.07,1.07,3445600,1.1,1.09,1.1,-2.3723,-1.7447,-2.9742,-2.8595,-0.3442,2.1325
HQC,2020-05-05,1.08,1.09,1.06,1.07,3335500,1.09,1.09,1.1,-2.1043,-1.7447,-2.8686,-1.634,-0.1413,2.2066
HQC,2020-05-06,1.07,1.09,1.07,1.07,2926470,1.09,1.09,1.1,-1.6544,-1.7898,-2.8686,-2.3259,-0.2083,2.2718
HQC,2020-05-07,1.07,1.08,1.06,1.07,4035180,1.09,1.09,1.1,-1.7447,-1.5639,-2.9742,0.0,0.0,1.959
HQC,2020-05-08,1.07,1.08,1.06,1.06,4343590,1.08,1.09,1.1,-2.214,-2.3491,-3.9333,-2.551,-0.2536,1.8965
HQC,2020-05-11,1.07,1.08,1.06,1.07,2773870,1.08,1.08,1.1,-0.8341,-1.337,-3.0621,0.0,0.0,1.7369
HQC,2020-05-12,1.06,1.08,1.06,1.07,2692290,1.08,1.08,1.1,-0.5576,-1.337,-3.1148,0.0,0.0,1.6306
HQC,2020-05-13,1.07,1.13,1.06,1.11,9799590,1.08,1.09,1.11,3.0641,2.2099,0.3435,2.4596,0.2617,1.637
HQC,2020-05-14,1.1,1.14,1.1,1.11,5508600,1.08,1.09,1.11,2.7778,1.9284,0.1986,-2.0964,-0.2224,1.4936
HQC,2020-05-15,1.11,1.12,1.08,1.09,4316090,1.08,1.09,1.11,1.0195,0.0918,-1.6068,-1.2729,-0.1442,1.5199
HQC,2020-05-18,1.09,1.09,1.07,1.08,5187570,1.08,1.09,1.11,0.0,-0.7353,-2.4919,0.0,0.0,1.234
HQC,2020-05-19,1.1,1.1,1.07,1.08,3414630,1.08,1.09,1.11,-0.0925,-0.644,-2.4919,-0.725,-0.0728,1.1431
HQC,2020-05-20,1.08,1.08,1.07,1.08,3373400,1.08,1.09,1.11,-0.1848,-0.4608,-2.3685,2.4286,0.2136,1.1533
HQC,2020-05-21,1.08,1.1,1.07,1.08,3684420,1.08,1.09,1.11,-0.277,-0.5525,-2.3861,-0.8271,-0.0783,1.2361
HQC,2020-05-22,1.08,1.09,1.06,1.08,3635170,1.08,1.08,1.11,-0.4608,-0.4149,-2.2801,0.6764,0.0775,1.0486
HQC,2020-05-25,1.09,1.12,1.08,1.08,5328190,1.09,1.08,1.1,-0.5525,-0.2309,-2.0497,-3.9546,-0.3988,1.4441
HQC,2020-05-26,1.08,1.1,1.08,1.09,3820460,1.09,1.08,1.1,0.1838,0.7394,-0.9811,0.0,0.0,1.4441
HQC,2020-05-27,1.09,1.1,1.08,1.08,3927980,1.08,1.08,1.1,-0.4608,-0.0925,-1.7825,-1.4641,-0.1397,1.3445
HQC,2020-05-28,1.08,1.09,1.07,1.08,3194760,1.08,1.08,1.1,-0.1848,-0.0925,-1.5497,0.0,0.0,1.1349
HQC,2020-05-29,1.08,1.12,1.07,1.11,6057910,1.08,1.08,1.09,2.3985,2.6352,1.5182,2.7641,0.351,1.284
HQC,2020-06-01,1.18,1.18,1.18,1.18,5680040,1.09,1.09,1.09,7.8611,8.5557,8.3165,0.0,0.0,1.284
HQC,2020-06-02,1.26,1.26,1.26,1.26,2350190,1.11,1.1,1.09,13.3094,14.9111,15.7237,0.0,0.0,1.2115
HQC,2020-06-03,1.34,1.34,1.29,1.34,37648470,1.14,1.11,1.09,17.7504,20.7207,22.7556,20.5499,3.425,3.0236
HQC,2020-06-04,1.43,1.43,1.43,1.43,5947730,1.17,1.13,1.1,21.9096,26.773,30.2605,-2.8531,-0.4174,3.2262
HQC,2020-06-05,1.53,1.53,1.49,1.53,46207840,1.22,1.15,1.11,25.6158,32.8702,38.3113,18.7862,3.6327,5.0372
HQC,2020-06-08,1.63,1.63,1.6,1.63,24795660,1.27,1.18,1.12,28.044,38.1942,46.0312,9.6945,1.8911,5.6112
HQC,2020-06-09,1.74,1.74,1.74,1.74,1774430,1.34,1.21,1.13,30.0448,43.446,54.0096,0.0,0.0,5.6112
HQC,2020-06-10,1.86,1.86,1.86,1.86,9112120,1.42,1.25,1.15,31.3559,48.7405,62.2187,-4.2562,-0.8308,5.8904
HQC,2020-06-11,1.99,1.99,1.99,1.99,26474980,1.51,1.29,1.17,32.0504,53.7273,70.4643,0.0,0.0,5.8904
HQC,2020-06-12,1.86,2.12,1.86,2.12,81739370,1.61,1.35,1.19,31.8408,57.5037,78.1812,20.4586,5.1545,7.6598
HQC,2020-06-15,2.26,2.26,2.26,2.26,3403300,1.72,1.4,1.21,31.7016,60.8541,86.2228,0.0,0.0,7.6598
HQC,2020-06-16,2.41,2.41,2.25,2.38,51925570,1.83,1.47,1.24,30.1969,61.9048,91.9664,18.4192,4.596,9.5018
HQC,2020-06-17,2.22,2.35,2.22,2.22,23400100,1.92,1.53,1.26,15.8664,45.3831,75.772,-16.5161,-4.4845,9.0984
HQC,2020-06-18,2.07,2.07,2.07,2.07,1206670,1.98,1.58,1.28,4.5455,31.3035,61.4665,0.0,0.0,8.8131
HQC,2020-06-19,1.93,2.2,1.93,2.19,56792480,2.05,1.63,1.3,7.0381,34.1912,67.9448,23.6913,5.4809,9.3036
HQC,2020-06-22,2.04,2.33,2.04,2.04,30387330,2.09,1.68,1.32,-2.252,21.4286,54.195,-19.4007,-4.4805,10.2742
HQC,2020-06-23,1.97,2.1,1.9,1.91,32046590,2.1,1.72,1.34,-9.2205,10.982,42.5586,-18.5021,-4.1643,12.1244
HQC,2020-06-24,1.91,1.95,1.78,1.78,33188270,2.1,1.76,1.35,-15.0763,1.3667,31.4818,-18.404,-3.8941,13.5392
HQC,2020-06-25,1.78,1.9,1.69,1.9,21157760,2.09,1.8,1.37,-8.9602,5.7318,38.6052,14.6044,3.4298,14.9996
HQC,2020-06-26,1.97,2.0,1.81,1.84,13013000,2.06,1.83,1.39,-10.6362,0.3545,32.7753,-7.7462,-1.6963,13.7284
HQC,2020-06-29,1.76,1.8,1.72,1.72,19843140,2.0,1.86,1.4,-14.2145,-7.5517,23.0153,-11.9755,-2.482,14.926
HQC,2020-06-30,1.79,1.8,1.6,1.62,18220010,1.93,1.88,1.41,-16.0187,-13.761,15.0078,-13.073,-2.3697,14.3913
HQC,2020-07-01,1.61,1.73,1.57,1.7,14122080,1.88,1.9,1.42,-9.4299,-10.3612,19.7015,6.8809,1.1826,13.4278
HQC,2020-07-02,1.69,1.73,1.64,1.67,6574270,1.84,1.91,1.43,-9.0909,-12.4967,16.5875,-3.3512,-0.4914,13.7629
HQC,2020-07-03,1.64,1.67,1.61,1.62,9662510,1.78,1.91,1.44,-8.9888,-15.3163,12.2972,-7.2304,-0.9896,12.1168
HQC,2020-07-06,1.63,1.68,1.53,1.6,11330970,1.74,1.91,1.45,-7.8341,-16.2961,10.1777,-0.8413,-0.1056,10.2609
HQC,2020-07-07,1.62,1.65,1.57,1.58,9540260,1.7,1.9,1.46,-7.2225,-16.995,8.0859,-5.6234,-0.8519,8.973
HQC,2020-07-08,1.57,1.6,1.56,1.59,5662690,1.68,1.89,1.47,-5.5819,-15.873,8.0457,3.6168,0.5321,7.4943
HQC,2020-07-09,1.7,1.7,1.69,1.7,11867650,1.66,1.88,1.48,2.1635,-9.3575,14.5553,8.6404,1.5004,6.8979
HQC,2020-07-10,1.8,1.81,1.69,1.73,18864870,1.65,1.86,1.5,4.6582,-6.7888,15.5953,-6.9306,-1.0789,6.8163
HQC,2020-07-13,1.76,1.78,1.68,1.7,7880210,1.65,1.83,1.51,2.9679,-7.0022,12.6425,-5.2805,-0.8093,6.1468
HQC,2020-07-14,1.68,1.81,1.66,1.81,18461360,1.67,1.8,1.52,8.3832,0.5835,18.7664,16.4033,3.1352,6.4799
HQC,2020-07-15,1.93,1.93,1.83,1.83,23182570,1.68,1.78,1.54,8.7344,2.809,18.8929,-16.2432,-3.0964,7.4161
HQC,2020-07-16,1.9,1.9,1.82,1.87,13181350,1.7,1.77,1.56,9.8062,5.6497,20.2418,2.8687,0.4523,7.3679
HQC,2020-07-17,1.85,1.95,1.83,1.88,13855350,1.73,1.75,1.57,8.7334,7.153,19.6233,-2.143,-0.3851,6.8591
HQC,2020-07-20,1.9,1.93,1.86,1.86,9601110,1.76,1.75,1.59,5.9829,6.5597,17.1727,-6.3904,-1.169,7.414
HQC,2020-07-21,1.86,1.89,1.77,1.81,8405730,1.78,1.74,1.6,1.7998,3.9931,12.9697,-3.0888,-0.4885,7.1606
HQC,2020-07-22,1.81,1.85,1.8,1.81,8217720,1.8,1.74,1.62,0.5556,3.9036,11.9911,-4.5439,-0.7364,7.2533
HQC,2020-07-23,1.82,1.85,1.74,1.75,12085230,1.81,1.73,1.63,-3.0471,0.8936,7.4279,-9.2815,-1.5237,7.3174
HQC,2020-07-24,1.75,1.76,1.63,1.63,17475180,1.8,1.72,1.64,-9.1922,-5.4524,-0.5976,-7.5704,-1.4658,7.3814
HQC,2020-07-27,1.52,1.57,1.52,1.52,13868670,1.78,1.71,1.65,-14.4626,-11.3186,-7.8006,-4.3635,-0.7309,7.2897
HQC,2020-07-28,1.5,1.59,1.46,1.58,12497940,1.75,1.71,1.66,-9.9202,-7.7103,-4.7389,5.0714,0.817,6.1565
HQC,2020-07-29,1.48,1.5,1.47,1.47,9653940,1.72,1.7,1.67,-14.4354,-13.5548,-11.7859,-7.8502,-1.2004,5.3172
HQC,2020-07-30,1.44,1.51,1.41,1.44,9937440,1.68,1.69,1.67,-14.0299,-14.7425,-13.9579,-5.6274,-0.8168,5.5931
HQC,2020-07-31,1.38,1.45,1.34,1.39,7216300,1.63,1.68,1.68,-14.5141,-17.1386,-17.2521,-0.747,-0.0944,5.4534
HQC,2020-08-03,1.4,1.48,1.39,1.48,8505050,1.59,1.67,1.69,-6.801,-11.4568,-12.3119,5.2511,0.8351,5.3395
HQC,2020-08-04,1.55,1.58,1.53,1.58,22110040,1.56,1.67,1.7,0.9585,-5.4741,-6.9274,16.4091,2.9762,6.6715
HQC,2020-08-05,1.58,1.64,1.55,1.56,10002500,1.54,1.67,1.71,1.2987,-6.5868,-8.6223,-5.7587,-0.8078,6.793
HQC,2020-08-06,1.55,1.59,1.52,1.55,7088220,1.52,1.66,1.72,1.9737,-6.7669,-9.7052,-1.0475,-0.1626,5.9696
HQC,2020-08-07,1.55,1.59,1.54,1.56,6383890,1.51,1.65,1.73,3.1064,-5.6832,-9.5967,-1.206,-0.1746,5.3332
HQC,2020-08-10,1.59,1.66,1.59,1.66,14987030,1.53,1.65,1.74,8.7099,0.4843,-4.3338,11.6469,1.7568,6.0615
HQC,2020-08-11,1.71,1.72,1.64,1.67,8086190,1.54,1.64,1.74,8.724,1.5198,-4.2102,-1.8563,-0.3154,5.74
HQC,2020-08-12,1.66,1.72,1.65,1.68,7864300,1.56,1.64,1.75,7.8998,2.5954,-4.011,-1.1229,-0.1832,5.0673
HQC,2020-08-13,1.69,1.71,1.66,1.69,8198300,1.58,1.63,1.76,6.8268,3.7765,-3.7256,1.4445,0.2149,4.649
HQC,2020-08-14,1.71,1.71,1.6,1.62,10863460,1.6,1.62,1.76,0.9346,0.2786,-7.8079,-5.6719,-0.9225,5.1415
HQC,2020-08-17,1.6,1.64,1.59,1.64,7157340,1.62,1.6,1.76,1.1721,2.2125,-6.6803,5.7246,1.0155,5.1888
HQC,2020-08-18,1.66,1.67,1.62,1.62,3312250,1.62,1.6,1.76,-0.3077,1.5674,-7.6923,-3.2428,-0.5076,3.8722
HQC,2020-08-19,1.64,1.65,1.61,1.64,4816260,1.63,1.59,1.75,0.4287,3.3722,-6.3178,2.1712,0.3345,3.5135
HQC,2020-08-20,1.64,1.65,1.6,1.61,5444780,1.64,1.58,1.74,-1.7694,1.931,-7.6305,-2.736,-0.3838,3.6823
HQC,2020-08-21,1.6,1.64,1.6,1.63,3976120,1.65,1.58,1.73,-0.9721,3.1972,-5.9543,1.1789,0.1942,3.6796
HQC,2020-08-24,1.64,1.74,1.63,1.74,17469670,1.65,1.59,1.72,5.1995,9.3996,0.9984,10.2969,1.8328,3.5446
HQC,2020-08-25,1.78,1.85,1.74,1.74,18087580,1.66,1.6,1.71,4.7562,8.852,1.7544,-9.3147,-1.4317,4.2905
HQC,2020-08-26,1.74,1.78,1.73,1.73,9426940,1.67,1.61,1.7,3.8415,7.3534,1.7527,-5.3141,-0.8604,4.7096
HQC,2020-08-27,1.73,1.76,1.7,1.74,8217120,1.67,1.63,1.69,4.1293,6.9782,2.7397,1.9329,0.2986,4.7584
HQC,2020-08-28,1.76,1.77,1.73,1.73,11137040,1.68,1.64,1.68,2.8537,5.2632,2.7072,-5.5641,-0.9065,4.7476
HQC,2020-08-31,1.73,1.75,1.68,1.7,7854330,1.69,1.65,1.68,0.7109,2.7501,1.3352,-1.8744,-0.3077,4.3626
HQC,2020-09-01,1.68,1.72,1.68,1.71,5190100,1.7,1.66,1.67,0.7661,2.95,2.175,1.8004,0.2352,4.2184
HQC,2020-09-03,1.72,1.75,1.7,1.7,5675030,1.7,1.67,1.67,-0.1762,1.9185,1.6746,-3.766,-0.5152,4.3779
HQC,2020-09-04,1.67,1.72,1.66,1.7,9507580,1.71,1.68,1.67,-0.7009,1.4623,1.9185,2.1009,0.257,4.3143
HQC,2020-09-07,1.7,1.8,1.7,1.74,17130000,1.72,1.68,1.67,0.9867,3.2947,4.4418,-1.3463,-0.2094,4.3311
HQC,2020-09-08,1.75,1.79,1.73,1.74,10195320,1.72,1.69,1.67,0.9867,3.05,4.4167,-4.6446,-0.682,3.7658
HQC,2020-09-09,1.73,1.74,1.71,1.73,5030390,1.72,1.69,1.67,0.4646,2.2761,3.6797,0.9989,0.1472,2.9343
HQC,2020-09-10,1.75,1.77,1.72,1.73,10059410,1.72,1.69,1.67,0.4646,2.1251,3.6425,-3.6867,-0.5538,2.7715
HQC,2020-09-11,1.73,1.76,1.72,1.75,7259710,1.72,1.7,1.67,1.567,3.1232,4.7402,2.5527,0.426,2.8335
HQC,2020-09-14,1.76,1.77,1.74,1.74,8436870,1.72,1.7,1.67,0.9281,2.1726,3.9923,-4.2898,-0.6931,2.7061
HQC,2020-09-15,1.75,1.81,1.74,1.77,17816450,1.73,1.71,1.68,2.253,3.539,5.5708,-1.6075,-0.2654,2.6794
HQC,2020-09-16,1.79,1.79,1.76,1.76,4688700,1.74,1.72,1.68,1.3825,2.5342,4.7494,-2.9773,-0.5448,2.7971
HQC,2020-09-17,1.76,1.79,1.74,1.75,10657900,1.74,1.72,1.68,0.5169,1.626,3.9563,-3.818,-0.5977,2.8023
HQC,2020-09-18,1.74,1.76,1.74,1.75,6660870,1.75,1.73,1.68,0.2291,1.2146,3.8946,0.0,0.0,2.5922
HQC,2020-09-21,1.75,1.77,1.73,1.73,9649900,1.74,1.73,1.68,-0.8596,-0.2307,2.7072,-4.189,-0.6769,2.8764
HQC,2020-09-22,1.72,1.74,1.71,1.73,8009490,1.74,1.73,1.68,-0.8028,-0.2019,2.6706,1.3896,0.2122,2.5509
HQC,2020-09-23,1.74,1.75,1.71,1.72,4943720,1.74,1.73,1.68,-1.3196,-0.7215,2.1863,-1.7655,-0.2411,2.6276
HQC,2020-09-24,1.72,1.76,1.7,1.74,11265650,1.74,1.73,1.68,-0.2294,0.4039,3.4852,2.4439,0.363,2.5033
HQC,2020-09-25,1.74,1.75,1.71,1.71,5504040,1.74,1.73,1.68,-1.7241,-1.2417,1.8949,-3.1718,-0.4783,2.5652
HQC,2020-09-28,1.72,1.76,1.71,1.73,5740970,1.74,1.73,1.68,-0.5175,-0.0866,3.2713,-0.5843,-0.092,2.1947
HQC,2020-09-29,1.73,1.74,1.69,1.69,8805520,1.73,1.73,1.67,-2.3686,-2.3686,1.0886,-2.78,-0.4089,2.3119
HQC,2020-09-30,1.7,1.7,1.67,1.69,6748330,1.72,1.73,1.67,-1.9722,-2.3121,1.234,1.1957,0.1746,2.1338
HQC,2020-10-01,1.71,1.73,1.69,1.7,5379640,1.72,1.73,1.67,-1.1053,-1.7341,1.9674,-1.4656,-0.232,1.8985
HQC,2020-10-02,1.7,1.72,1.65,1.67,9782350,1.71,1.73,1.67,-2.3963,-3.3844,0.2642,-2.2817,-0.3774,2.1267
HQC,2020-10-05,1.68,1.72,1.68,1.71,8185110,1.71,1.73,1.67,0.0585,-0.9844,2.5672,1.7694,0.2766,1.8847
HQC,2020-10-06,1.72,1.82,1.7,1.82,21259670,1.72,1.73,1.67,5.9371,5.1415,8.7736,9.5256,1.5673,2.6983
HQC,2020-10-07,1.86,1.93,1.8,1.8,23116880,1.73,1.73,1.68,4.2874,3.7763,7.2961,-7.9583,-1.2454,3.3176
HQC,2020-10-08,1.81,1.84,1.74,1.75,10211560,1.73,1.74,1.68,1.3318,0.8355,3.9686,-3.758,-0.5637,3.449
HQC,2020-10-09,1.75,1.76,1.73,1.74,8385870,1.73,1.74,1.69,0.578,0.2882,3.0073,-1.7398,-0.2674,3.3058
HQC,2020-10-12,1.73,1.74,1.71,1.71,10776760,1.73,1.73,1.7,-1.0417,-1.3556,0.8493,-4.2833,-0.5691,3.6757
HQC,2020-10-13,1.72,1.74,1.7,1.73,6087110,1.73,1.73,1.7,-0.1155,-0.0866,1.7288,2.1451,0.2922,3.6122
HQC,2020-10-14,1.74,1.74,1.71,1.71,4748400,1.73,1.73,1.7,-1.3841,-1.0989,0.3992,-1.9518,-0.2717,3.6879
HQC,2020-10-15,1.73,1.73,1.7,1.71,5574470,1.74,1.73,1.71,-1.4409,-0.9844,0.2227,-0.7286,-0.1002,3.6142
HQC,2020-10-16,1.71,1.73,1.7,1.71,5118650,1.74,1.72,1.71,-1.6676,-0.8696,0.0351,-0.8469,-0.1101,3.4707
HQC,2020-10-19,1.71,1.73,1.71,1.72,4544620,1.74,1.72,1.71,-1.1494,-0.2609,0.4321,0.0,0.0,3.2937
HQC,2020-10-20,1.72,1.78,1.72,1.73,6719670,1.73,1.72,1.71,-0.0578,0.3189,0.9335,-2.5036,-0.3244,2.5915
HQC,2020-10-21,1.74,1.76,1.73,1.73,3606370,1.72,1.72,1.72,0.348,0.2899,0.8629,-1.3411,-0.2085,1.9298
HQC,2020-10-22,1.72,1.74,1.72,1.73,2833720,1.72,1.72,1.72,0.4646,0.3189,0.8041,0.0,0.0,1.554
HQC,2020-10-23,1.74,1.76,1.73,1.74,6913040,1.72,1.73,1.72,1.0453,0.8111,1.3277,-1.2172,-0.1321,1.5018
HQC,2020-10-26,1.75,1.76,1.7,1.7,8030270,1.72,1.72,1.72,-1.2202,-1.4207,-1.0938,-2.5431,-0.3314,1.3277
HQC,2020-10-27,1.7,1.72,1.68,1.69,8252700,1.72,1.72,1.72,-1.5725,-2.0006,-1.7328,-1.5374,-0.2205,1.267
HQC,2020-10-28,1.69,1.7,1.65,1.67,6758230,1.71,1.72,1.72,-2.5102,-3.1041,-2.9521,-0.4638,-0.064,1.1182
HQC,2020-10-29,1.65,1.69,1.65,1.67,8484120,1.71,1.72,1.72,-2.282,-3.0197,-2.9859,0.0,0.0,1.0453
HQC,2020-10-30,1.68,1.69,1.66,1.66,3322420,1.7,1.72,1.72,-2.5822,-3.5725,-3.6229,-2.3716,-0.271,1.1978
HQC,2020-11-02,1.63,1.65,1.6,1.63,11356760,1.69,1.72,1.72,-3.8348,-5.0946,-5.3646,1.4358,0.1895,1.3414
HQC,2020-11-03,1.62,1.63,1.61,1.62,5807830,1.68,1.71,1.72,-3.8005,-5.1245,-5.814,0.0,0.0,1.091
HQC,2020-11-04,1.62,1.67,1.62,1.66,3294830,1.68,1.7,1.72,-1.0137,-2.3817,-3.3985,1.2593,0.1821,1.0828
HQC,2020-11-05,1.66,1.66,1.64,1.64,3036410,1.67,1.69,1.72,-1.6787,-3.2448,-4.4623,-1.6572,-0.2242,1.2485
HQC,2020-11-06,1.65,1.65,1.62,1.63,2234670,1.66,1.69,1.71,-1.6295,-3.5218,-4.923,-0.7021,-0.0862,1.197
HQC,2020-11-09,1.63,1.66,1.62,1.64,3693660,1.65,1.69,1.71,-0.6663,-2.7284,-4.2392,-0.0,-0.0,0.9427
HQC,2020-11-10,1.65,1.66,1.62,1.62,4747520,1.64,1.68,1.71,-1.4599,-3.6001,-5.3185,-1.8248,-0.2239,0.9715
HQC,2020-11-11,1.62,1.63,1.61,1.61,3156710,1.64,1.68,1.71,-1.7094,-3.9093,-5.7929,-1.7498,-0.2014,1.1001
HQC,2020-11-12,1.61,1.62,1.6,1.61,3198230,1.63,1.67,1.71,-1.348,-3.6217,-5.6935,0.0,0.0,1.1001
HQC,2020-11-13,1.61,1.67,1.6,1.64,6852640,1.63,1.67,1.71,0.6135,-1.6197,-3.8687,0.4913,0.0663,0.912
HQC,2020-11-16,1.64,1.65,1.61,1.63,5057770,1.63,1.66,1.7,-0.0,-1.9549,-4.3315,-0.0,-0.0,0.7684
HQC,2020-11-17,1.63,1.64,1.62,1.63,5354200,1.63,1.66,1.7,-0.0613,-1.6591,-4.2078,-0.0,-0.0,0.7684
HQC,2020-11-18,1.63,1.64,1.61,1.64,4944100,1.63,1.65,1.7,0.6753,-0.7864,-3.5181,1.9913,0.2428,0.8416
HQC,2020-11-19,1.63,1.65,1.62,1.63,3091170,1.63,1.65,1.7,0.1229,-1.0922,-3.9934,-0.4787,-0.0517,0.7238
HQC,2020-11-20,1.62,1.74,1.62,1.7,15308460,1.63,1.65,1.7,3.9755,3.2807,0.1886,2.0556,0.2675,0.8592
HQC,2020-11-23,1.7,1.71,1.66,1.66,4611210,1.64,1.64,1.7,1.405,0.9732,-2.0765,-1.9737,-0.2475,1.0565
HQC,2020-11-24,1.66,1.66,1.62,1.63,5388010,1.64,1.64,1.69,-0.4884,-0.6703,-3.6871,-1.5165,-0.167,1.0257
HQC,2020-11-25,1.63,1.64,1.62,1.63,5728360,1.64,1.64,1.69,-0.6098,-0.5491,-3.5389,-0.0,-0.0,0.8507
HQC,2020-11-26,1.63,1.67,1.62,1.63,4603030,1.64,1.64,1.69,-0.7308,-0.4276,-3.4017,-1.3196,-0.1622,0.9827
HQC,2020-11-27,1.63,1.65,1.62,1.62,4404010,1.64,1.63,1.68,-1.2195,-0.9174,-3.8462,-2.02,-0.2443,1.1355
HQC,2020-11-30,1.63,1.64,1.62,1.62,3554530,1.64,1.63,1.68,-1.1592,-0.8871,-3.7204,-1.2834,-0.1532,1.2639
HQC,2020-12-01,1.61,1.62,1.6,1.61,5461030,1.64,1.63,1.68,-1.6494,-1.4688,-4.1781,0.0,0.0,1.2639
HQC,2020-12-02,1.61,1.7,1.61,1.63,9857630,1.64,1.63,1.68,-0.3667,-0.1531,-2.8837,-2.2844,-0.2982,1.2932
HQC,2020-12-03,1.66,1.71,1.64,1.7,11330610,1.64,1.64,1.68,3.4693,3.9437,1.3352,3.0668,0.4505,1.552
HQC,2020-12-04,1.69,1.73,1.67,1.67,5937230,1.64,1.64,1.68,1.8293,1.9847,-0.4055,-2.3081,-0.3057,1.5773
HQC,2020-12-07,1.67,1.67,1.64,1.65,5555430,1.64,1.64,1.68,0.6711,0.7326,-1.5043,-0.7176,-0.0939,1.4516
HQC,2020-12-08,1.64,1.67,1.64,1.67,6649250,1.64,1.64,1.67,1.6433,1.7982,-0.2866,3.1289,0.4192,1.6129
HQC,2020-12-09,1.67,1.74,1.65,1.7,12355900,1.65,1.64,1.67,3.0303,3.3435,1.4925,0.4661,0.0652,1.6595
HQC,2020-12-10,1.7,1.73,1.66,1.66,6361670,1.65,1.65,1.67,0.4235,0.7587,-0.8482,-1.7088,-0.2307,1.6984
HQC,2020-12-11,1.66,1.68,1.65,1.66,3441960,1.66,1.65,1.67,0.1811,0.6976,-0.8363,-0.4095,-0.0461,1.5374
HQC,2020-12-14,1.66,1.69,1.65,1.67,4942350,1.66,1.65,1.67,0.4813,1.1815,-0.1913,0.0,0.0,1.409
HQC,2020-12-15,1.66,1.73,1.66,1.71,9355250,1.67,1.65,1.67,2.2727,3.3545,2.3339,1.4934,0.1889,1.5584
HQC,2020-12-16,1.73,1.73,1.69,1.7,5629430,1.68,1.66,1.67,1.2507,2.5641,1.8574,-0.9707,-0.131,1.427
HQC,2020-12-17,1.7,1.74,1.69,1.71,11557040,1.68,1.66,1.67,1.7857,2.919,2.5057,-0.734,-0.09,1.1937
HQC,2020-12-18,1.73,1.74,1.7,1.71,4865650,1.68,1.66,1.67,1.5439,2.8881,2.5426,-0.7681,-0.101,1.0397
HQC,2020-12-21,1.73,1.73,1.7,1.72,9839770,1.69,1.66,1.67,1.715,3.3033,3.1299,0.9539,0.1305,1.0633
HQC,2020-12-22,1.72,1.84,1.7,1.84,17603530,1.71,1.68,1.67,7.7283,9.818,10.1796,4.5034,0.6795,1.2008
HQC,2020-12-23,1.96,1.96,1.88,1.94,35309520,1.73,1.69,1.67,12.0092,14.725,15.8486,4.1346,0.6883,1.5676
HQC,2020-12-24,1.9,1.92,1.81,1.81,17722750,1.75,1.7,1.68,3.6062,6.4706,7.9566,-7.2804,-1.182,2.1248
HQC,2020-12-25,1.76,1.84,1.74,1.83,17255340,1.76,1.71,1.68,3.7415,6.9863,8.9934,3.3839,0.481,2.4222
HQC,2020-12-28,1.86,1.91,1.84,1.87,13349080,1.78,1.72,1.68,4.8206,8.5316,11.1772,-0.598,-0.0884,2.482
HQC,2020-12-29,1.87,1.95,1.84,1.89,13937750,1.8,1.74,1.69,4.8835,8.8083,12.1529,-0.4623,-0.0574,2.3789
HQC,2020-12-30,1.94,1.99,1.89,1.9,16370770,1.82,1.75,1.69,4.281,8.5404,12.5192,-3.9514,-0.5675,2.677
HQC,2020-12-31,1.93,1.96,1.9,1.93,7713290,1.84,1.76,1.69,4.6638,9.5346,14.0258,0.0,0.0,2.6036
HQC,2021-01-04,1.97,2.06,1.93,2.06,29631600,1.88,1.78,1.7,9.6328,15.6329,21.2478,8.7921,1.2558,3.406
HQC,2021-01-05,2.06,2.15,2.0,2.03,20429400,1.91,1.8,1.71,6.2827,12.7465,19.0197,-4.0631,-0.5981,3.7169
HQC,2021-01-06,2.05,2.06,1.95,2.0,17440600,1.93,1.82,1.71,3.8422,10.0715,16.8361,-0.532,-0.0707,3.3198
HQC,2021-01-07,2.0,2.08,1.97,2.07,15903800,1.94,1.84,1.72,6.7561,12.7758,20.3628,2.7631,0.4161,3.1826
HQC,2021-01-08,2.12,2.14,2.03,2.05,15482000,1.96,1.86,1.73,4.432,10.5121,18.6755,-3.049,-0.4526,2.7595
HQC,2021-01-11,2.12,2.19,2.08,2.19,24877000,2.0,1.88,1.74,9.5548,16.3965,26.0069,5.8363,0.8745,3.0047
HQC,2021-01-12,2.22,2.34,2.2,2.34,22091300,2.05,1.91,1.75,14.3695,22.1932,33.5464,6.8569,1.074,3.6306
HQC,2021-01-13,2.43,2.5,2.4,2.5,23887800,2.11,1.95,1.77,18.6521,27.91,41.2589,5.828,1.0212,4.1672
HQC,2021-01-14,2.52,2.67,2.52,2.67,33101900,2.18,2.0,1.79,22.2527,33.3,49.162,8.2246,1.5907,4.5945
HQC,2021-01-15,2.84,2.85,2.79,2.85,18317500,2.28,2.06,1.81,25.2197,38.3495,57.094,5.2185,1.0345,5.1164
HQC,2021-01-18,3.04,3.04,3.0,3.04,14828300,2.37,2.13,1.84,28.0539,42.9579,65.0022,3.4931,0.7304,4.5865
HQC,2021-01-19,3.25,3.25,2.83,2.83,44379100,2.45,2.18,1.87,15.3219,29.6975,51.6451,-6.734,-1.4563,4.8536
HQC,2021-01-20,2.82,2.83,2.64,2.74,45552100,2.53,2.23,1.89,8.3861,23.0355,45.081,0.6134,0.1199,4.8617
HQC,2021-01-21,2.8,2.93,2.6,2.93,29181900,2.61,2.28,1.92,12.0888,28.7063,53.0026,6.4647,1.2517,5.2318
HQC,2021-01-22,2.99,3.06,2.83,2.86,20051300,2.7,2.33,1.94,6.1224,22.7995,47.4227,-4.749,-0.9041,5.4018
HQC,2021-01-25,2.8,2.96,2.72,2.8,25252600,2.76,2.38,1.96,1.5965,17.7708,42.6243,-2.3997,-0.4351,5.0582
HQC,2021-01-26,2.8,2.8,2.61,2.61,29474100,2.78,2.41,1.98,-6.2163,8.0969,31.632,-7.4395,-1.4495,5.1164
HQC,2021-01-27,2.5,2.63,2.43,2.43,23784800,2.78,2.44,2.0,-12.464,-0.471,21.5729,-4.8129,-0.8859,5.0149
HQC,2021-01-28,2.26,2.29,2.26,2.26,15038700,2.74,2.46,2.01,-17.3675,-8.1114,12.3707,-2.335,-0.3795,4.426
HQC,2021-01-29,2.11,2.36,2.11,2.25,15588800,2.68,2.48,2.02,-15.8879,-9.1093,11.188,0.4719,0.0709,3.9513
HQC,2021-02-01,2.13,2.23,2.1,2.1,17087900,2.58,2.48,2.03,-18.6362,-15.2371,3.3668,-3.7698,-0.6215,3.979
HQC,2021-02-02,2.01,2.11,1.97,2.07,14577600,2.5,2.48,2.04,-17.3653,-16.5154,1.4805,1.5718,0.2203,3.4628
HQC,2021-02-03,2.08,2.21,2.08,2.21,10167600,2.45,2.49,2.05,-9.8695,-11.245,7.7313,2.4771,0.3884,3.6491
HQC,2021-02-04,2.25,2.32,2.21,2.25,9177200,2.38,2.5,2.06,-5.6208,-9.964,9.0222,-1.3481,-0.192,3.1375
HQC,2021-02-05,2.26,2.27,2.18,2.25,6219300,2.32,2.51,2.08,-3.1425,-10.3228,8.3711,1.2323,0.1896,2.7858
HQC,2021-02-08,2.26,2.26,2.1,2.1,16726100,2.25,2.5,2.09,-6.7909,-16.1509,0.6808,-5.3314,-0.7707,3.079
HQC,2021-02-09,2.06,2.24,2.06,2.24,10445100,2.22,2.5,2.1,1.083,-10.3821,6.7582,3.2676,0.4651,2.6618
HQC,2021-02-17,2.31,2.39,2.26,2.39,9231000,2.21,2.49,2.11,8.047,-4.17,13.0665,2.2093,0.328,2.4014
HQC,2021-02-18,2.45,2.55,2.4,2.47,18390900,2.23,2.48,2.13,10.6135,-0.5636,15.9298,-0.4546,-0.062,2.2134
HQC,2021-02-19,2.41,2.54,2.4,2.49,14592900,2.26,2.47,2.15,10.3234,0.9732,16.0082,1.8915,0.2908,2.3553
HQC,2021-02-22,2.5,2.66,2.49,2.61,14947700,2.31,2.44,2.17,13.0849,6.7703,20.5431,2.4204,0.4081,2.2204
HQC,2021-02-23,2.62,2.62,2.52,2.55,12765100,2.36,2.43,2.18,8.2343,4.9167,16.801,-1.8642,-0.3186,2.2496
HQC,2021-02-24,2.57,2.61,2.48,2.48,12199100,2.38,2.42,2.2,4.0705,2.5853,12.758,-4.0759,-0.7051,2.4095
HQC,2021-02-25,2.52,2.55,2.47,2.53,11482100,2.41,2.4,2.22,4.9357,5.5266,14.1697,2.8416,0.4489,2.5589
HQC,2021-02-26,2.48,2.54,2.45,2.53,7564800,2.44,2.38,2.23,3.731,6.2579,13.2802,1.5538,0.2596,2.591
HQC,2021-03-01,2.53,2.58,2.5,2.56,11115800,2.48,2.37,2.25,3.0181,8.0625,13.707,1.2143,0.2107,2.1793
HQC,2021-03-02,2.6,2.6,2.52,2.56,8646000,2.52,2.37,2.27,1.7084,8.1766,12.8151,0.0,0.0,1.8526
HQC,2021-03-03,2.54,2.65,2.53,2.62,15167200,2.54,2.38,2.29,3.1496,10.2694,14.5405,2.4787,0.4704,1.8795
HQC,2021-03-04,2.65,2.69,2.53,2.61,14802500,2.55,2.39,2.31,2.1926,9.0453,13.2026,0.0,0.0,1.834
HQC,2021-03-05,2.59,2.61,2.54,2.6,9326900,2.56,2.41,2.32,1.3645,7.8391,11.905,1.6501,0.2911,1.8099
HQC,2021-03-08,2.64,2.78,2.63,2.78,29560900,2.58,2.44,2.34,7.6685,13.7014,18.5602,8.6431,1.7108,2.4322
HQC,2021-03-09,2.86,2.97,2.78,2.85,21237600,2.61,2.48,2.37,9.1118,14.7343,20.3852,-1.7181,-0.3132,2.4176
HQC,2021-03-10,2.87,2.97,2.85,2.89,12919300,2.65,2.52,2.39,8.9333,14.7736,21.0015,-1.4903,-0.2981,2.159
HQC,2021-03-11,2.94,2.95,2.83,2.88,16139300,2.69,2.55,2.41,7.1429,12.9633,19.6411,-0.8193,-0.1668,1.9568
HQC,2021-03-12,2.9,3.08,2.89,3.08,27740700,2.74,2.59,2.43,12.2858,18.873,26.6135,9.0897,2.0299,2.7104
HQC,2021-03-15,3.2,3.29,3.16,3.29,11116600,2.82,2.65,2.46,16.8324,24.1275,33.6421,3.4112,0.8016,2.93
HQC,2021-03-16,3.43,3.44,3.2,3.29,26424800,2.89,2.7,2.49,13.8802,21.7166,32.1179,-2.4316,-0.5709,3.1732
HQC,2021-03-17,3.21,3.32,3.06,3.06,27970400,2.93,2.74,2.51,4.33,11.8217,21.7377,-8.0016,-1.709,3.7255
HQC,2021-03-18,3.1,3.16,2.97,2.99,24990000,2.97,2.76,2.54,0.6395,8.2353,17.9301,-6.8829,-1.2835,4.4138
HQC,2021-03-19,3.0,3.0,2.9,2.99,11528500,3.01,2.79,2.56,-0.6645,7.2646,16.9522,2.7254,0.4941,4.5213
HQC,2021-03-22,3.0,3.19,3.0,3.16,18534200,3.05,2.82,2.58,3.6745,12.2558,22.5471,4.3869,0.8855,4.0957
HQC,2021-03-23,3.16,3.18,3.0,3.05,18758900,3.07,2.84,2.6,-0.5867,7.3944,17.3528,-3.1624,-0.6556,4.2401
HQC,2021-03-24,3.0,3.15,2.99,3.03,20215800,3.08,2.87,2.62,-1.6872,5.667,15.6665,-3.015,-0.609,4.3926
HQC,2021-03-25,3.03,3.1,3.0,3.06,14145300,3.1,2.89,2.64,-1.2903,5.736,15.9354,1.0514,0.219,4.4158
HQC,2021-03-26,3.0,3.09,2.95,2.99,10927600,3.09,2.92,2.66,-3.2676,2.5026,12.4821,-1.1164,-0.2388,3.6185
HQC,2021-03-29,3.07,3.19,3.02,3.19,20514000,3.08,2.95,2.68,3.5378,8.1906,19.1098,5.3295,1.3091,3.8103
HQC,2021-03-30,3.31,3.39,3.21,3.3,20477500,3.08,2.99,2.7,7.0733,10.5342,22.34,-0.0,-0.0,3.5671
HQC,2021-03-31,3.3,3.35,3.13,3.17,15015400,3.09,3.01,2.71,2.4895,5.2108,16.9396,-2.7821,-0.6479,3.0452
HQC,2021-04-01,3.16,3.28,3.15,3.19,12493000,3.11,3.04,2.72,2.4735,4.8652,17.2277,-1.0796,-0.2128,2.4649
HQC,2021-04-02,3.2,3.3,3.19,3.21,12795500,3.14,3.07,2.73,2.3923,4.4752,17.6514,-3.1507,-0.6393,2.5074
HQC,2021-04-05,3.29,3.43,3.28,3.43,26010600,3.16,3.1,2.74,8.4756,10.467,25.3563,8.199,1.9084,2.8886
HQC,2021-04-06,3.56,3.67,3.5,3.62,28765300,3.22,3.14,2.75,12.4573,15.1583,31.5407,3.2734,0.8304,2.8997
HQC,2021-04-07,3.62,3.8,3.62,3.72,18375100,3.29,3.18,2.77,13.1387,16.7975,34.2185,0.6362,0.1399,2.6618
HQC,2021-04-08,3.72,3.74,3.55,3.56,23320000,3.34,3.22,2.78,6.6507,10.5934,27.8644,-7.9645,-1.9652,3.3531
HQC,2021-04-09,3.58,3.8,3.56,3.8,23446500,3.42,3.26,2.8,11.1436,16.7435,35.569,8.2071,2.0059,4.0622
HQC,2021-04-12,4.06,4.06,4.06,4.06,6415700,3.51,3.29,2.83,15.8015,23.2731,43.5542,0.0,0.0,3.5293
HQC,2021-04-13,4.34,4.34,4.06,4.16,50758000,3.59,3.34,2.86,15.8129,24.6629,45.4952,-2.9028,-0.7294,3.8195
HQC,2021-04-14,4.01,4.45,4.0,4.45,30257300,3.72,3.41,2.9,19.6237,30.6326,53.4694,6.8799,1.7906,4.2293
HQC,2021-04-15,4.76,4.76,4.69,4.76,20830500,3.88,3.5,2.95,22.7753,36.1946,61.3778,4.3669,1.2371,4.558
HQC,2021-04-16,4.76,5.07,4.6,4.98,33592200,4.05,3.59,3.0,22.8416,38.545,65.7679,7.6278,2.5035,5.0057
HQC,2021-04-19,5.0,5.0,4.64,4.64,29647700,4.18,3.67,3.06,11.1377,26.4822,51.8822,-7.0209,-1.7091,4.8879
HQC,2021-04-20,4.32,4.73,4.32,4.55,48061600,4.27,3.74,3.1,6.6073,21.544,46.5567,1.8922,0.4898,4.7498
HQC,2021-04-22,4.44,4.61,4.24,4.24,18669600,4.32,3.8,3.15,-1.8519,11.4616,34.8086,-3.0978,-0.8394,4.996
HQC,2021-04-23,4.1,4.4,4.0,4.38,17487100,4.4,3.87,3.19,-0.4998,13.1783,37.3988,3.1663,0.7702,4.5162
HQC,2021-04-26,4.08,4.2,4.08,4.08,20928600,4.43,3.92,3.22,-7.9007,3.9623,26.5352,-5.2078,-1.1303,4.2162
HQC,2021-04-27,3.8,3.92,3.8,3.8,26689100,4.4,3.96,3.26,-13.7148,-3.9191,16.6217,-9.7672,-2.2241,5.193
HQC,2021-04-28,3.54,4.0,3.54,3.89,52815500,4.38,3.98,3.29,-11.1263,-2.3717,18.1868,11.3939,2.3993,6.0421
HQC,2021-04-29,3.92,4.09,3.86,3.88,13225800,4.32,4.02,3.32,-10.1852,-3.4826,16.8252,-3.162,-0.6799,5.6703
HQC,2021-05-04,3.61,3.8,3.61,3.61,24144200,4.2,4.04,3.34,-14.1498,-10.6657,7.9545,-5.6804,-1.1258,5.8016
HQC,2021-05-05,3.6,3.85,3.5,3.75,24929700,4.08,4.07,3.37,-8.1333,-7.8171,11.3024,3.1259,0.6985,5.3515
HQC,2021-05-06,3.75,3.85,3.53,3.54,16309600,3.97,4.07,3.39,-10.8761,-13.0968,4.4926,-4.3838,-0.8656,5.0877
HQC,2021-05-07,3.54,3.61,3.38,3.39,19218800,3.86,4.06,3.4,-12.0851,-16.5436,-0.4288,-4.6831,-0.8582,5.3668
HQC,2021-05-10,3.25,3.53,3.16,3.42,26123900,3.77,4.05,3.42,-9.38,-15.493,-0.0993,2.5295,0.4506,5.31
HQC,2021-05-11,3.5,3.55,3.4,3.47,11219700,3.68,4.04,3.44,-5.7833,-14.162,0.8076,-0.1862,-0.0333,5.012
HQC,2021-05-12,3.41,3.62,3.4,3.6,13462900,3.64,4.03,3.46,-0.9629,-10.7254,3.9381,2.3996,0.4534,4.7312
HQC,2021-05-13,3.55,3.61,3.5,3.53,12462200,3.61,4.01,3.48,-2.1619,-11.8822,1.3494,-1.2882,-0.2492,3.8833
HQC,2021-05-14,3.53,3.65,3.51,3.55,13421800,3.57,3.98,3.5,-0.6715,-10.7031,1.3475,-1.7228,-0.3263,2.9162
HQC,2021-05-17,3.57,3.79,3.56,3.79,27160200,3.56,3.94,3.53,6.3114,-3.8681,7.4811,7.0944,1.4569,3.3094
HQC,2021-05-18,3.88,4.03,3.7,3.72,20751900,3.58,3.89,3.55,4.0268,-4.3825,4.836,-5.4467,-1.0407,3.286
HQC,2021-05-19,3.76,3.85,3.6,3.64,12580000,3.57,3.82,3.57,2.1038,-4.7993,1.9836,-2.031,-0.4015,3.1765
HQC,2021-05-20,3.62,3.64,3.5,3.52,14448500,3.56,3.77,3.58,-1.2068,-6.5693,-1.7857,-2.2442,-0.4248,2.9626
HQC,2021-05-21,3.5,3.7,3.46,3.6,10827600,3.58,3.72,3.6,0.4464,-3.2258,0.0278,0.5045,0.0871,2.5447
HQC,2021-05-24,3.61,3.75,3.6,3.62,7664400,3.6,3.69,3.61,0.444,-1.8704,0.1771,-1.6641,-0.3166,2.4582
HQC,2021-05-25,3.66,3.68,3.55,3.56,10962100,3.61,3.65,3.63,-1.4669,-2.4123,-1.8527,-2.7054,-0.5453,2.7101
HQC,2021-05-26,3.53,3.6,3.47,3.47,14526900,3.6,3.62,3.64,-3.6111,-4.0774,-4.5392,-4.0591,-0.8,2.876
HQC,2021-05-27,3.45,3.55,3.4,3.4,10675700,3.59,3.6,3.64,-5.2133,-5.4899,-6.5215,-3.553,-0.6355,3.1025
HQC,2021-05-28,3.48,3.5,3.4,3.44,11452800,3.58,3.58,3.64,-3.8031,-3.7762,-5.4997,-0.4578,-0.077,2.976
HQC,2021-05-31,3.44,3.52,3.4,3.44,9131900,3.54,3.55,3.65,-2.8523,-3.1804,-5.6966,-0.4987,-0.0878,2.3164
HQC,2021-06-01,3.41,3.61,3.4,3.54,11206400,3.52,3.55,3.66,0.4825,-0.2676,-3.247,0.9357,0.1683,1.8653
HQC,2021-06-02,3.6,3.68,3.55,3.61,15182800,3.52,3.54,3.67,2.5568,1.9054,-1.667,-0.2462,-0.0467,1.6869
HQC,2021-06-03,3.72,3.86,3.72,3.86,20733800,3.55,3.56,3.69,8.61,8.4727,4.7433,3.6978,0.8034,1.8322
HQC,2021-06-04,4.02,4.02,3.78,3.83,18796500,3.58,3.58,3.7,7.073,6.9683,3.4911,-2.0391,-0.3783,1.9857
HQC,2021-06-07,3.85,3.88,3.65,3.7,15419100,3.58,3.59,3.71,3.2078,2.935,-0.3823,-2.0659,-0.4063,2.0259
HQC,2021-06-08,3.73,3.95,3.72,3.82,29939100,3.61,3.61,3.73,5.7879,5.7586,2.4293,-0.5354,-0.1053,1.8089
HQC,2021-06-09,3.8,3.9,3.74,3.77,11698600,3.64,3.62,3.74,3.543,4.1293,0.6676,-1.6114,-0.3393,1.5641
HQC,2021-06-10,3.77,3.89,3.68,3.89,16415800,3.69,3.64,3.76,5.4201,6.9122,3.485,3.5376,0.7222,1.5626
HQC,2021-06-11,3.95,4.16,3.92,4.08,36511900,3.75,3.66,3.77,8.6841,11.3233,8.0909,2.7068,0.5315,1.7874
HQC,2021-06-14,4.13,4.16,3.95,3.95,19250400,3.8,3.67,3.79,3.8108,7.5415,4.2161,-5.7815,-1.2379,2.3157
HQC,2021-06-15,3.95,4.05,3.88,3.99,13391200,3.85,3.69,3.81,3.6364,8.2327,4.829,0.917,0.1887,2.3139
HQC,2021-06-16,3.98,4.18,3.89,4.04,17458800,3.89,3.71,3.82,3.776,8.9977,5.6817,0.1352,0.0289,2.3028
HQC,2021-06-17,3.94,4.22,3.94,4.15,17852600,3.92,3.74,3.84,5.8134,11.0219,8.1518,2.0923,0.459,2.1422
HQC,2021-06-18,4.19,4.28,4.15,4.15,15859900,3.95,3.77,3.85,4.957,10.2111,7.8538,-3.9735,-0.8905,2.3356
HQC,2021-06-21,4.1,4.34,4.07,4.25,19371200,4.01,3.8,3.86,6.0115,11.9305,10.1493,1.924,0.3939,2.3215
HQC,2021-06-22,4.3,4.32,4.13,4.15,16720500,4.04,3.83,3.87,2.6719,8.4542,7.2296,-3.5239,-0.7894,2.6203
HQC,2021-06-23,4.13,4.14,3.95,3.97,21391100,4.06,3.85,3.87,-2.2649,3.0767,2.4886,-5.0361,-1.0548,2.9628
HQC,2021-06-24,3.93,4.03,3.92,3.95,9446100,4.07,3.88,3.87,-2.9007,1.8304,2.0303,-1.4745,-0.2814,2.7565
HQC,2021-06-25,3.95,3.99,3.9,3.91,10476600,4.05,3.9,3.87,-3.4806,0.1922,1.1277,-2.175,-0.4161,2.7033
HQC,2021-06-28,3.93,3.99,3.9,3.92,11374700,4.05,3.93,3.86,-3.1621,-0.1655,1.665,-1.6611,-0.3156,2.2912
HQC,2021-06-29,3.93,3.99,3.9,3.9,8463700,4.04,3.94,3.84,-3.4414,-1.1282,1.5995,-2.8776,-0.5845,2.4873
HQC,2021-06-30,3.91,3.95,3.83,3.84,8930500,4.02,3.96,3.82,-4.4538,-2.9323,0.6342,-1.9528,-0.3776,2.6691
HQC,2021-07-01,3.84,3.85,3.75,3.75,12786400,3.98,3.95,3.8,-5.7552,-5.0753,-1.2638,-2.8633,-0.5199,2.7462
HQC,2021-07-02,3.79,3.84,3.75,3.83,7893500,3.95,3.95,3.78,-2.9643,-3.0502,1.2263,1.6073,0.3166,2.5096
HQC,2021-07-05,3.83,3.83,3.67,3.69,11174800,3.89,3.95,3.77,-5.1658,-6.5823,-2.1895,-1.7872,-0.3088,2.4959
HQC,2021-07-06,3.72,3.75,3.44,3.44,11350700,3.82,3.93,3.75,-9.9476,-12.4905,-8.3595,-1.4675,-0.2535,2.2903
HQC,2021-07-07,3.44,3.54,3.3,3.42,10650200,3.76,3.91,3.74,-9.1633,-12.6102,-8.5708,0.0,0.0,1.7866
HQC,2021-07-08,3.42,3.55,3.4,3.47,7215400,3.72,3.89,3.73,-6.6451,-10.8542,-7.0702,-0.1716,-0.0262,1.6564
HQC,2021-07-09,3.47,3.52,3.24,3.24,10160900,3.65,3.85,3.72,-11.2329,-15.8551,-12.9266,-2.7325,-0.4503,1.7121
HQC,2021-07-12,3.2,3.24,3.02,3.02,11245000,3.56,3.8,3.7,-15.1685,-20.6099,-18.4621,-1.916,-0.3335,1.7376
HQC,2021-07-13,3.0,3.23,2.97,3.23,11130900,3.49,3.77,3.7,-7.5293,-14.2326,-12.613,3.9052,0.6942,1.8404
HQC,2021-07-14,3.25,3.39,3.1,3.12,7448100,3.42,3.72,3.68,-8.7986,-16.129,-15.3002,-2.8178,-0.4605,1.9269
HQC,2021-07-15,3.12,3.28,3.11,3.2,4034000,3.37,3.67,3.68,-4.9317,-12.8659,-12.9678,0.0812,0.0129,1.6486
HQC,2021-07-16,3.2,3.26,3.19,3.22,5648600,3.3,3.63,3.67,-2.5719,-11.1969,-12.3428,-0.3136,-0.0503,1.5193
HQC,2021-07-19,3.1,3.19,3.0,3.0,11240400,3.24,3.56,3.66,-7.293,-15.8131,-18.1446,-2.2018,-0.3726,1.5607
HQC,2021-07-20,3.0,3.15,2.93,3.1,8639800,3.2,3.51,3.66,-3.1855,-11.7061,-15.245,0.9524,0.148,1.5092
HQC,2021-07-21,3.15,3.15,3.04,3.04,4088900,3.16,3.46,3.65,-3.9191,-12.2529,-16.6301,-1.8036,-0.2722,1.6896
HQC,2021-07-22,3.05,3.19,3.04,3.15,6377600,3.13,3.42,3.64,0.5747,-8.0158,-13.433,1.0117,0.1597,1.7736
HQC,2021-07-23,3.1,3.15,3.06,3.08,4734100,3.12,3.38,3.63,-1.1553,-8.9565,-15.1375,-0.6309,-0.0961,1.5634
HQC,2021-07-26,3.04,3.14,3.02,3.1,6010700,3.12,3.34,3.62,-0.7682,-7.2412,-14.2604,0.9407,0.1325,1.4659
HQC,2021-07-27,3.12,3.2,3.12,3.13,7329400,3.11,3.3,3.6,0.5138,-5.252,-13.1472,-2.2393,-0.3294,1.2993
HQC,2021-07-28,3.14,3.15,3.08,3.12,4768300,3.11,3.27,3.59,0.1927,-4.5142,-13.1742,0.3933,0.0646,1.0568
HQC,2021-07-29,3.13,3.19,3.12,3.17,3831200,3.11,3.24,3.59,1.8965,-2.1152,-11.6105,0.5748,0.0936,1.1062
HQC,2021-07-30,3.17,3.19,3.16,3.17,7075800,3.11,3.21,3.58,2.0605,-1.1075,-11.3981,-0.7336,-0.1232,1.1482
HQC,2021-08-02,3.12,3.28,3.12,3.23,9452600,3.13,3.18,3.57,3.2279,1.4925,-9.5238,1.3456,0.2098,1.0626
HQC,2021-08-03,3.26,3.28,3.2,3.21,4985600,3.14,3.17,3.56,2.2293,1.2299,-9.9074,-0.9667,-0.1486,1.064
HQC,2021-08-04,3.22,3.28,3.21,3.25,8366400,3.16,3.16,3.56,2.8156,2.7668,-8.6719,0.4223,0.0655,0.9259
HQC,2021-08-05,3.25,3.47,3.21,3.47,9542500,3.19,3.16,3.56,8.6752,9.7233,-2.5281,2.3544,0.4058,1.0602
HQC,2021-08-06,3.62,3.64,3.47,3.51,13587600,3.24,3.18,3.56,8.4672,10.5164,-1.4433,-1.6818,-0.2732,1.1652
HQC,2021-08-09,3.43,3.51,3.4,3.47,6930800,3.27,3.2,3.56,6.0189,8.4884,-2.5828,0.3858,0.0632,1.1098
HQC,2021-08-10,3.47,3.53,3.43,3.44,7138800,3.3,3.21,3.56,4.1162,7.1985,-3.3708,-1.428,-0.2337,1.0286
HQC,2021-08-11,3.42,3.52,3.42,3.42,7234500,3.33,3.22,3.56,2.5795,6.0794,-3.8299,-1.2843,-0.2134,1.1177
HQC,2021-08-12,3.42,3.52,3.37,3.48,9291200,3.36,3.24,3.55,3.4175,7.4737,-1.9332,0.874,0.1456,1.1476
HQC,2021-08-13,3.48,3.54,3.35,3.4,7035500,3.39,3.25,3.54,0.3542,4.712,-3.9548,-0.6323,-0.1017,1.1375
HQC,2021-08-16,3.39,3.48,3.39,3.4,6750100,3.4,3.27,3.53,-0.1468,4.071,-3.7917,-0.9857,-0.1607,1.1015
HQC,2021-08-17,3.42,3.6,3.42,3.5,12480900,3.43,3.29,3.53,1.922,6.4801,-0.7824,-0.3297,-0.0496,1.0378
HQC,2021-08-18,3.49,3.53,3.43,3.43,4731500,3.45,3.31,3.52,-0.6373,3.7351,-2.579,-1.7741,-0.282,1.173
HQC,2021-08-19,3.44,3.53,3.43,3.47,5747200,3.45,3.32,3.51,0.5214,4.4394,-1.2072,-0.2666,-0.0425,0.9642
HQC,2021-08-20,3.49,3.64,3.38,3.41,18673700,3.44,3.34,3.5,-0.9297,2.1264,-2.5436,-2.2012,-0.3748,1.0162
HQC,2021-08-23,3.4,3.45,3.29,3.29,8247700,3.42,3.35,3.49,-3.9136,-1.7471,-5.6171,-1.2329,-0.1946,1.1009
HQC,2021-08-24,3.33,3.39,3.17,3.18,8151100,3.4,3.35,3.47,-6.4155,-5.103,-8.3468,-1.9601,-0.3333,1.1541
HQC,2021-08-25,3.17,3.22,3.06,3.15,9062600,3.37,3.35,3.45,-6.5559,-6.0403,-8.7433,0.3501,0.0512,1.0607
HQC,2021-08-26,3.18,3.22,3.14,3.14,5343200,3.34,3.35,3.43,-5.9035,-6.2966,-8.4975,-1.8475,-0.2811,1.158
HQC,2021-08-27,3.14,3.19,3.11,3.17,4523000,3.31,3.35,3.41,-4.3452,-5.4014,-7.0926,0.399,0.0605,1.1347
HQC,2021-08-30,3.21,3.3,3.18,3.26,6195800,3.3,3.35,3.39,-1.2121,-2.7591,-3.8972,0.4759,0.0714,1.0837
HQC,2021-08-31,3.26,3.48,3.22,3.37,10912800,3.29,3.36,3.38,2.5251,0.2827,-0.1955,0.4658,0.0748,1.0973
HQC,2021-09-01,3.39,3.46,3.35,3.37,5027200,3.28,3.37,3.36,2.7126,0.104,0.1605,-0.7938,-0.1315,0.9993
HQC,2021-09-06,3.4,3.6,3.38,3.55,16429200,3.29,3.37,3.36,7.9355,5.3256,5.7618,1.5437,0.255,1.127
HQC,2021-09-07,3.57,3.57,3.38,3.39,10703900,3.29,3.36,3.35,3.1336,0.7579,1.3089,-1.7474,-0.3065,1.0816
HQC,2021-09-08,3.37,3.42,3.33,3.37,4457300,3.3,3.36,3.34,2.2762,0.3125,1.0434,-0.1592,-0.0237,0.9743
HQC,2021-09-09,3.35,3.38,3.3,3.36,8083700,3.31,3.36,3.32,1.4187,0.1341,1.0709,1.2044,0.2014,0.8987
HQC,2021-09-10,3.38,3.42,3.35,3.36,5283000,3.33,3.35,3.31,0.7798,0.2237,1.3636,-1.1393,-0.1714,0.9776
HQC,2021-09-13,3.4,3.44,3.36,3.36,6026200,3.36,3.35,3.31,0.1192,0.4034,1.6027,-1.1456,-0.1865,0.9074
HQC,2021-09-14,3.4,3.59,3.38,3.59,31962000,3.4,3.36,3.3,5.6504,6.9726,8.7154,6.849,1.3249,1.5524
HQC,2021-09-15,3.82,3.84,3.6,3.65,22062500,3.44,3.37,3.3,6.1973,8.3568,10.5592,-3.1172,-0.5626,1.8166
HQC,2021-09-16,3.7,3.74,3.6,3.6,7964000,3.46,3.37,3.3,4.0462,6.7141,8.9391,-2.5443,-0.4056,2.0244
HQC,2021-09-17,3.56,3.67,3.48,3.61,13412500,3.48,3.38,3.31,3.6165,6.7258,9.1162,1.1607,0.1894,2.0611
HQC,2021-09-20,3.64,3.86,3.56,3.84,32824800,3.51,3.4,3.32,9.3083,12.908,15.8092,5.4599,1.0428,2.4527
HQC,2021-09-21,3.7,4.0,3.7,3.91,19129100,3.56,3.43,3.33,9.6774,14.1273,17.4456,1.8572,0.3582,2.4637
HQC,2021-09-22,4.03,4.18,4.03,4.18,21903500,3.65,3.47,3.35,14.6462,20.4437,24.6868,5.3002,1.249,2.9778
HQC,2021-09-23,4.43,4.44,3.89,3.89,39387300,3.7,3.51,3.37,5.1636,10.9527,15.5812,-6.9731,-1.5327,3.5547
HQC,2021-09-24,3.88,3.88,3.69,3.74,15678600,3.74,3.54,3.38,0.0803,5.7842,10.7164,-2.243,-0.4401,3.665
HQC,2021-09-27,3.71,3.88,3.51,3.51,15499900,3.75,3.55,3.38,-6.4499,-1.238,3.7173,-2.4968,-0.4555,3.8002
HQC,2021-09-28,3.51,3.67,3.42,3.63,11176200,3.76,3.58,3.39,-3.3546,1.4817,7.0039,1.7337,0.3077,3.2886
HQC,2021-09-29,3.59,3.6,3.5,3.52,8682000,3.74,3.59,3.4,-5.9578,-1.9499,3.4442,-1.9262,-0.3579,3.1695
HQC,2021-09-30,3.55,3.6,3.52,3.53,5788100,3.74,3.6,3.41,-5.5139,-1.8899,3.4766,-1.8781,-0.2935,3.1029
HQC,2021-10-01,3.53,3.6,3.48,3.49,8995300,3.72,3.6,3.42,-6.2836,-3.1632,2.0348,-1.96,-0.3319,3.1828
HQC,2021-10-04,3.49,3.59,3.47,3.53,8681100,3.69,3.6,3.43,-4.4138,-2.0261,2.9755,-0.0,-0.0,2.6368
HQC,2021-10-05,3.55,3.62,3.54,3.57,5880100,3.66,3.61,3.44,-2.4324,-1.1628,3.8455,-0.4115,-0.0711,2.4923
HQC,2021-10-06,3.58,3.81,3.58,3.81,16167000,3.62,3.63,3.45,5.1905,4.8431,10.3708,4.8689,0.8823,2.4491
HQC,2021-10-07,3.89,4.04,3.85,3.9,16656400,3.62,3.66,3.47,7.6456,6.5283,12.4762,-2.1133,-0.3938,1.9631
HQC,2021-10-08,3.99,4.04,3.8,3.8,11597000,3.63,3.68,3.48,4.712,3.1768,9.164,-3.8226,-0.7101,2.1211
HQC,2021-10-11,3.82,3.9,3.81,3.82,9759200,3.66,3.71,3.49,4.3716,3.0761,9.3303,-1.7128,-0.3066,2.0427
HQC,2021-10-12,3.86,4.0,3.82,3.87,9141700,3.68,3.72,3.51,5.0489,4.0323,10.3193,-1.2206,-0.2272,1.9914
HQC,2021-10-13,3.87,3.99,3.86,3.92,11743700,3.72,3.73,3.52,5.2632,4.9953,11.3067,-0.2816,-0.0488,1.827
HQC,2021-10-14,3.96,4.13,3.94,4.07,17262100,3.78,3.76,3.54,7.729,8.3311,15.0042,1.7959,0.3262,1.8187
HQC,2021-10-15,4.15,4.25,4.07,4.11,17446200,3.84,3.78,3.56,7.0313,8.6727,15.5728,-3.3797,-0.6858,1.9607
HQC,2021-10-18,4.16,4.25,4.04,4.12,18526400,3.9,3.8,3.57,5.6681,8.5353,15.432,-1.1201,-0.2279,2.0727
HQC,2021-10-19,4.13,4.24,4.07,4.15,11930500,3.96,3.81,3.58,4.8774,8.9811,15.8571,-0.2334,-0.0433,2.0549
HQC,2021-10-20,4.2,4.44,4.15,4.44,39449100,4.02,3.82,3.6,10.4478,16.1999,23.2854,13.8573,3.2807,2.9537
HQC,2021-10-21,4.75,4.75,4.68,4.75,20309500,4.1,3.86,3.63,15.7125,22.9296,30.9406,5.4342,1.1703,3.2858
HQC,2021-10-22,4.8,4.96,4.45,4.57,38195000,4.18,3.91,3.65,9.2779,17.0145,25.1849,-5.2921,-1.1067,3.4328
HQC,2021-10-25,4.5,4.75,4.4,4.75,32256600,4.28,3.97,3.68,11.1111,19.7227,29.2165,5.7098,1.2302,3.8325
HQC,2021-10-26,4.74,5.08,4.65,5.08,32859300,4.4,4.04,3.71,15.5596,25.7426,36.942,7.5273,1.8016,4.4631
HQC,2021-10-27,5.2,5.4,5.08,5.19,25106100,4.52,4.12,3.75,14.7468,25.864,38.57,-1.5962,-0.3319,4.5946
HQC,2021-10-28,5.1,5.2,5.0,5.0,23519800,4.62,4.2,3.78,8.3189,19.1327,32.4363,-5.6721,-1.2395,4.9822
HQC,2021-10-29,5.1,5.35,5.07,5.35,30091700,4.74,4.29,3.81,12.8692,24.7086,40.28,6.1845,1.4763,5.2627
HQC,2021-11-01,5.5,5.72,5.5,5.69,34062200,4.9,4.4,3.86,16.1936,29.377,47.4781,4.1693,1.0516,5.5676
HQC,2021-11-02,5.61,5.98,5.53,5.8,26663600,5.06,4.51,3.91,14.5792,28.6174,48.4895,0.9678,0.262,5.6411
HQC,2021-11-03,5.89,5.89,5.4,5.4,42847700,5.16,4.59,3.95,4.6917,17.6727,36.7712,-4.0821,-1.0696,4.6636
HQC,2021-11-04,5.05,5.39,5.03,5.26,34930700,5.21,4.66,3.99,0.9791,12.9482,31.8362,2.1469,0.5004,4.3348
HQC,2021-11-05,5.26,5.45,5.01,5.45,26144100,5.3,4.74,4.04,2.8884,14.991,35.0414,6.2457,1.5778,4.4302
HQC,2021-11-08,5.45,5.65,5.4,5.48,19252500,5.37,4.82,4.08,2.0484,13.634,34.2282,-1.5519,-0.3779,4.0144
HQC,2021-11-09,5.46,5.48,5.22,5.26,21387700,5.39,4.89,4.12,-2.3756,7.5225,27.5337,-2.8381,-0.6995,3.5455
HQC,2021-11-10,5.25,5.43,5.21,5.33,19144600,5.4,4.96,4.17,-1.3328,7.4055,27.9466,0.3467,0.0756,3.4205
HQC,2021-11-11,5.4,5.65,5.32,5.45,25568600,5.45,5.03,4.21,0.0551,8.3176,29.5337,-1.001,-0.2505,2.9534
HQC,2021-11-12,5.6,5.83,5.54,5.83,34526200,5.5,5.12,4.26,6.0965,13.9228,36.9638,6.3853,1.7292,2.9735
HQC,2021-11-15,6.23,6.23,6.08,6.23,22110200,5.55,5.22,4.31,12.2725,19.2801,44.5409,4.0984,1.1197,2.9664
HQC,2021-11-16,5.95,6.25,5.8,6.0,42168300,5.57,5.32,4.36,7.7393,12.8774,37.539,-0.9764,-0.2453,2.9672
HQC,2021-11-17,5.81,6.42,5.81,6.41,29522800,5.67,5.41,4.42,13.0511,18.3967,44.9177,6.9449,1.8571,3.2535
HQC,2021-11-18,6.5,6.85,6.42,6.85,31185300,5.83,5.52,4.49,17.5159,24.1167,52.4594,4.6216,1.3302,3.501
HQC,2021-11-19,7.14,7.3,6.4,6.9,39656800,5.97,5.64,4.56,15.5005,22.4381,51.1898,0.6589,0.2011,2.9423
HQC,2021-11-22,6.8,6.9,6.42,6.42,29055500,6.07,5.72,4.62,5.8009,12.2574,38.8108,-3.6289,-1.1428,3.15
HQC,2021-11-23,6.0,6.3,5.98,6.1,26555300,6.15,5.77,4.68,-0.8453,5.7192,30.4757,-1.3091,-0.3159,2.9971
HQC,2021-11-24,6.29,6.35,6.11,6.14,14290100,6.23,5.82,4.72,-1.4921,5.5436,29.9471,-1.5448,-0.4223,3.1169
HQC,2021-11-25,6.05,6.4,5.95,6.29,16528300,6.32,5.88,4.78,-0.4274,6.9364,31.623,1.8966,0.5105,3.2065
HQC,2021-11-26,6.4,6.4,6.0,6.11,17920800,6.35,5.92,4.83,-3.7037,3.2095,26.5325,-1.4912,-0.3856,2.7171
HQC,2021-11-29,5.82,6.5,5.82,6.4,23053100,6.36,5.96,4.88,0.5973,7.4637,31.1475,3.1387,0.8102,2.6211
HQC,2021-11-30,6.7,6.8,6.32,6.48,26639100,6.41,5.99,4.93,1.092,8.1893,31.4028,-1.6477,-0.4731,2.6882
HQC,2021-12-01,6.4,6.69,6.4,6.65,17694500,6.43,6.05,4.98,3.3572,9.881,33.5127,3.0797,0.8918,2.3017
HQC,2021-12-02,6.7,7.0,6.56,6.87,25490300,6.44,6.13,5.04,6.7433,12.0261,36.2987,2.4867,0.703,2.0882
HQC,2021-12-03,6.98,7.19,6.7,6.7,28318600,6.42,6.2,5.1,4.4264,8.1517,31.3829,-3.5158,-1.0006,2.3739
HQC,2021-12-06,6.69,6.84,6.24,6.31,21555700,6.4,6.24,5.16,-1.4832,1.1785,22.3912,-3.0745,-0.8764,2.3185
HQC,2021-12-07,6.41,6.66,6.26,6.66,18205500,6.46,6.31,5.22,3.08,5.6053,27.6792,3.8995,1.1396,2.5775
HQC,2021-12-08,6.66,6.88,6.64,6.66,20946700,6.51,6.37,5.28,2.257,4.5034,26.1603,-4.48,-1.4019,2.871
HQC,2021-12-09,6.69,6.75,6.57,6.73,16356900,6.56,6.44,5.34,2.6384,4.5518,25.9592,3.7729,1.0184,3.0587
HQC,2021-12-10,6.73,6.9,6.67,6.81,19165800,6.63,6.49,5.41,2.7614,4.9954,25.892,1.2165,0.3522,3.0312
HQC,2021-12-13,6.9,7.28,6.86,7.28,23999800,6.72,6.54,5.48,8.414,11.3405,32.7401,5.8441,1.8467,3.3017
HQC,2021-12-14,7.7,7.78,7.51,7.7,50180200,6.84,6.62,5.57,12.6225,16.2527,38.3151,4.9411,1.6761,3.6311
HQC,2021-12-15,7.68,8.19,7.56,8.05,27286000,6.98,6.71,5.65,15.3791,20.0507,42.4325,3.7441,1.2648,3.6975
HQC,2021-12-16,8.0,8.6,7.9,8.6,26609900,7.15,6.79,5.75,20.2797,26.6009,49.6745,4.9883,1.9161,3.9477
HQC,2021-12-17,8.75,8.8,8.0,8.0,42988600,7.28,6.85,5.83,9.8901,16.8224,37.226,-7.845,-2.761,4.3806
HQC,2021-12-20,8.1,8.3,7.8,8.26,28482400,7.48,6.94,5.92,10.5017,19.0202,39.56,5.1811,1.8448,4.5913
HQC,2021-12-21,8.26,8.78,8.01,8.6,19598700,7.67,7.06,6.01,12.1398,21.7268,43.0187,2.2101,0.6985,4.4223
HQC,2021-12-22,8.56,9.17,8.56,9.1,29423800,7.91,7.21,6.12,15.0006,26.1611,48.7706,4.0595,1.5421,4.3803
HQC,2021-12-23,9.2,9.24,8.5,9.07,38485900,8.15,7.35,6.22,11.3293,23.3678,45.895,3.4087,1.2227,4.3438
HQC,2021-12-24,9.07,9.25,8.65,8.8,19111000,8.35,7.49,6.31,5.4397,17.5449,39.4479,-2.2252,-0.9203,4.4447
HQC,2021-12-27,8.9,9.24,8.39,9.18,25906500,8.54,7.63,6.41,7.5445,20.3855,43.1735,6.5865,2.3333,4.519
HQC,2021-12-28,9.35,9.7,9.2,9.56,24392100,8.72,7.78,6.52,9.6079,22.8871,46.6258,2.187,0.8679,4.2436
HQC,2021-12-29,9.7,9.7,9.3,9.38,14876000,8.86,7.92,6.62,5.9289,18.4942,41.7175,-2.2489,-0.865,4.094
HQC,2021-12-30,9.3,9.3,9.04,9.06,20900700,8.9,8.03,6.7,1.7863,12.8902,35.123,-4.3488,-1.633,4.0301
HQC,2021-12-31,9.06,9.23,8.6,8.8,19858300,8.98,8.13,6.79,-2.0154,8.2344,29.61,-1.8546,-0.6636,3.431
HQC,2022-01-04,8.87,9.2,8.87,9.04,13396000,9.06,8.27,6.88,-0.2097,9.3504,31.4833,0.0919,0.0312,2.9221
HQC,2022-01-05,9.15,9.36,9.04,9.27,19920300,9.13,8.4,6.96,1.5779,10.39,33.205,1.3689,0.4815,2.838
HQC,2022-01-06,9.27,9.89,9.18,9.78,28721400,9.19,8.55,7.05,6.3737,14.3392,38.7037,3.9004,1.4111,2.8221
HQC,2022-01-07,9.9,10.25,9.78,10.2,29377200,9.31,8.73,7.16,9.5949,16.8787,42.5577,4.55,1.7503,2.9362
HQC,2022-01-10,10.5,10.9,10.35,10.5,36578500,9.48,8.91,7.26,10.7946,17.8253,44.668,-2.1109,-0.8738,2.9248
HQC,2022-01-11,10.05,10.7,9.8,10.0,30460000,9.56,9.05,7.34,4.6135,10.5278,36.1619,-3.2585,-1.2323,2.592
HQC,2022-01-12,9.45,9.95,9.3,9.3,16761800,9.53,9.13,7.41,-2.4441,1.8899,25.435,-2.4998,-0.8527,2.6233
HQC,2022-01-13,8.65,9.1,8.65,8.65,27961000,9.46,9.16,7.48,-8.5624,-5.5419,15.6541,-3.9631,-1.5201,2.7947
HQC,2022-01-14,8.05,8.79,8.05,8.39,38437000,9.39,9.15,7.54,-10.6782,-8.2759,11.2467,-0.8701,-0.2705,2.4468
HQC,2022-01-17,8.7,8.82,7.81,7.81,20944900,9.29,9.14,7.59,-15.9673,-14.528,2.9121,-2.6596,-0.8745,2.5273
HQC,2022-01-18,7.27,7.49,7.27,7.27,16019500,9.12,9.09,7.62,-20.2589,-20.0044,-4.6532,-3.8445,-1.2299,2.9026
HQC,2022-01-19,6.79,7.16,6.77,6.77,26990400,8.87,9.0,7.66,-23.6495,-24.7485,-11.5611,-7.5369,-2.3074,3.5194
HQC,2022-01-20,6.77,7.24,6.65,7.24,9642800,8.61,8.9,7.69,-15.941,-18.6837,-5.8909,2.1672,0.6121,3.3461
HQC,2022-01-21,7.7,7.74,7.55,7.74,15103000,8.37,8.84,7.74,-7.4937,-12.4137,0.0129,4.2809,1.3428,3.3191
HQC,2022-01-24,7.7,7.7,7.2,7.2,15011000,8.04,8.76,7.77,-10.4143,-17.7801,-7.293,-2.602,-0.8009,3.3683
HQC,2022-01-25,6.8,7.29,6.8,7.2,13559400,7.76,8.66,7.79,-7.1806,-16.8399,-7.524,1.7396,0.5136,3.2164
HQC,2022-01-26,7.24,7.34,6.84,6.88,9738900,7.51,8.52,7.8,-8.4498,-19.2867,-11.8333,-2.0406,-0.6305,3.1704
HQC,2022-01-27,6.9,7.1,6.5,6.5,7922700,7.3,8.38,7.81,-10.9589,-22.4344,-16.7222,-3.3303,-0.9442,3.1072
HQC,2022-01-28,6.41,6.95,6.23,6.93,10773500,7.15,8.27,7.81,-3.1311,-16.2386,-11.2312,2.636,0.7975,3.2838
HQC,2022-02-07,7.1,7.41,7.1,7.39,9260900,7.11,8.2,7.82,3.9089,-9.911,-5.4576,2.6807,0.8417,3.2859
HQC,2022-02-08,7.02,7.4,7.02,7.1,8616900,7.1,8.11,7.83,0.0705,-12.4106,-9.3254,-1.6112,-0.4646,3.0625
HQC,2022-02-09,6.88,7.36,6.88,7.2,10404700,7.14,8.0,7.85,0.8686,-10.0281,-8.306,0.8604,0.2451,2.3949
HQC,2022-02-10,7.27,7.39,7.15,7.2,5952000,7.13,7.87,7.87,0.9251,-8.554,-8.5528,-1.5751,-0.4308,2.3357
HQC,2022-02-11,7.18,7.33,7.15,7.26,5869700,7.09,7.73,7.89,2.4555,-6.0377,-8.0174,0.468,0.1309,1.9544
HQC,2022-02-14,7.11,7.23,7.0,7.0,6623100,7.07,7.55,7.91,-0.9341,-7.3032,-11.5111,-1.2596,-0.3695,1.8201
HQC,2022-02-15,7.04,7.16,6.95,7.09,4363000,7.06,7.41,7.92,0.4961,-4.2668,-10.5295,0.5587,0.1534,1.7021
HQC,2022-02-16,7.17,7.52,7.15,7.5,14237600,7.12,7.32,7.94,5.3815,2.515,-5.5986,4.219,1.3027,1.9199
HQC,2022-02-17,7.52,7.65,7.47,7.48,8833500,7.21,7.26,7.96,3.6729,3.0658,-6.0467,-3.0288,-0.7898,1.8898
HQC,2022-02-18,7.4,7.63,7.28,7.55,8686200,7.28,7.22,7.98,3.7515,4.6359,-5.3292,1.4402,0.4356,1.7702
HQC,2022-02-21,7.56,7.99,7.43,7.9,13717900,7.33,7.22,8.0,7.8057,9.4183,-1.2377,2.6623,0.8871,1.7683
HQC,2022-02-22,7.66,7.85,7.4,7.5,13947800,7.37,7.23,8.02,1.7915,3.7129,-6.5164,-1.9152,-0.5574,1.7987
HQC,2022-02-23,7.6,7.75,7.55,7.61,7477900,7.41,7.27,8.04,2.7129,4.6264,-5.3694,-0.8705,-0.2594,1.7997
HQC,2022-02-24,7.55,7.62,7.08,7.12,16617100,7.4,7.27,8.05,-3.7968,-2.0296,-11.5638,-3.3268,-0.9638,1.9749
HQC,2022-02-25,7.3,7.35,7.25,7.28,8320800,7.4,7.24,8.06,-1.6615,0.49,-9.6998,-0.8494,-0.2436,2.0131
HQC,2022-02-28,7.28,7.29,7.15,7.2,5659600,7.42,7.24,8.07,-3.0042,-0.6143,-10.7785,-0.4106,-0.1173,1.9282
HQC,2022-03-01,7.21,7.7,7.2,7.7,18913400,7.48,7.27,8.08,2.8862,5.922,-4.6817,4.2993,1.3343,2.3022
HQC,2022-03-02,7.74,7.74,7.48,7.51,9318100,7.48,7.3,8.07,0.334,2.8626,-6.99,-1.2794,-0.4101,2.0083
HQC,2022-03-03,7.55,7.79,7.45,7.6,9372600,7.5,7.36,8.07,1.3739,3.317,-5.7703,-0.2014,-0.0597,1.7255
HQC,2022-03-04,7.6,7.78,7.52,7.69,13010500,7.51,7.39,8.05,2.3832,4.0032,-4.4388,0.9609,0.2833,1.6776
HQC,2022-03-07,7.8,8.18,7.7,8.04,17929500,7.52,7.43,8.05,6.8439,8.261,-0.0994,1.9153,0.5752,1.6029
HQC,2022-03-08,8.0,8.0,7.65,7.7,13077800,7.54,7.46,8.04,2.0543,3.2656,-4.1907,-1.4489,-0.4291,1.5562
HQC,2022-03-09,7.7,7.8,7.4,7.55,11652700,7.54,7.47,8.02,0.1459,1.0169,-5.811,-0.6842,-0.1925,1.5376
HQC,2022-03-10,7.68,7.75,7.6,7.6,8279400,7.59,7.49,7.99,0.1713,1.4145,-4.8311,-2.1943,-0.6571,1.4244
HQC,2022-03-11,7.6,7.85,7.49,7.53,8987700,7.61,7.51,7.96,-1.0772,0.2997,-5.3426,-1.6458,-0.5014,1.504
HQC,2022-03-14,7.5,7.6,7.25,7.4,9451100,7.63,7.53,7.93,-3.0398,-1.6938,-6.6482,-0.2692,-0.0797,1.4899
HQC,2022-03-15,7.4,7.6,7.32,7.59,6479900,7.62,7.55,7.9,-0.4068,0.4965,-3.8656,1.7764,0.5239,1.2376
HQC,2022-03-16,7.63,7.82,7.6,7.66,8817600,7.64,7.56,7.86,0.3143,1.3161,-2.5098,-1.4314,-0.4513,1.2528
HQC,2022-03-17,7.75,8.19,7.7,8.19,36918100,7.69,7.6,7.83,6.4327,7.8199,4.5523,10.2838,3.505,2.261
HQC,2022-03-18,8.76,8.76,8.5,8.65,38332300,7.79,7.65,7.83,11.0255,13.0571,10.5403,1.8093,0.567,2.3459
HQC,2022-03-21,8.9,9.25,8.81,9.25,30140500,7.91,7.72,7.83,16.911,19.8419,18.072,8.3045,2.7329,2.9848
HQC,2022-03-22,9.26,9.5,8.9,9.07,35494000,8.05,7.8,7.83,12.6848,16.3268,15.7656,-3.2798,-1.1618,3.1679
HQC,2022-03-23,9.3,9.7,9.25,9.7,32345200,8.26,7.9,7.84,17.3766,22.7615,23.6709,7.8963,2.9607,3.8891
HQC,2022-03-24,9.85,10.35,9.75,10.25,49901800,8.53,8.06,7.85,20.1782,27.2028,30.5267,8.1786,3.0534,4.4875
HQC,2022-03-25,10.0,10.85,10.0,10.1,28864900,8.79,8.2,7.85,14.9556,23.1858,28.6493,-5.3471,-2.0867,4.8576
HQC,2022-03-28,9.4,9.8,9.4,9.4,35917400,8.99,8.31,7.83,4.6072,13.1303,20.0695,-7.1063,-2.5072,5.5414
HQC,2022-03-29,9.2,10.05,9.16,10.05,36796800,9.23,8.43,7.83,8.8605,19.2666,28.3558,11.6284,4.3232,6.5265
HQC,2022-03-30,10.0,10.4,9.35,9.35,47494000,9.4,8.52,7.83,-0.5425,9.7611,19.4003,-9.9759,-3.7348,7.381
HQC,2022-03-31,9.56,9.58,8.7,8.7,25325400,9.45,8.57,7.83,-7.956,1.4755,11.0856,-6.8988,-2.3248,7.0425
HQC,2022-04-01,8.11,9.09,8.1,9.01,27640700,9.49,8.64,7.84,-5.0379,4.2884,14.8619,5.388,1.8401,7.4004
HQC,2022-04-04,9.06,9.21,8.66,8.7,15754700,9.43,8.67,7.86,-7.7706,0.3171,10.6589,-2.9049,-0.9326,6.8604
HQC,2022-04-05,8.5,8.86,8.45,8.48,13617600,9.37,8.71,7.89,-9.537,-2.6574,7.5296,-3.4065,-1.0797,6.8731
HQC,2022-04-06,8.16,8.39,7.89,7.89,33458400,9.19,8.73,7.91,-14.1738,-9.6065,-0.2352,-6.9814,-2.0718,6.7816
HQC,2022-04-07,8.0,8.13,7.62,7.8,18624900,8.95,8.74,7.92,-12.8297,-10.7398,-1.5127,-1.1394,-0.3411,6.0777
HQC,2022-04-08,7.81,7.98,7.5,7.5,15794000,8.69,8.74,7.92,-13.674,-14.1582,-5.2432,-3.006,-0.9522,5.8436
HQC,2022-04-12,7.52,7.77,6.98,6.98,23946100,8.45,8.72,7.91,-17.3573,-19.9174,-11.764,-4.5393,-1.3428,5.5869
HQC,2022-04-13,6.99,7.4,6.55,7.38,15530400,8.18,8.71,7.91,-9.7689,-15.226,-6.7499,3.5506,0.993,4.7791
HQC,2022-04-14,7.53,7.54,7.1,7.16,8160900,7.96,8.68,7.92,-10.0503,-17.5163,-9.5937,-1.9703,-0.5232,3.9785
HQC,2022-04-15,7.1,7.13,6.76,6.85,7591000,7.78,8.61,7.93,-11.8971,-20.4737,-13.5843,-1.0002,-0.27,3.3887
HQC,2022-04-18,7.0,7.0,6.38,6.38,28320200,7.51,8.5,7.92,-15.0692,-24.9412,-19.4017,-4.9229,-1.4014,3.3422
HQC,2022-04-19,6.25,6.5,5.94,5.94,12703200,7.24,8.33,7.89,-17.9104,-28.73,-24.6843,-2.5882,-0.6805,3.3105
HQC,2022-04-20,5.63,5.8,5.53,5.53,15640400,6.94,8.16,7.86,-20.3285,-32.2096,-29.6026,-3.1813,-0.8155,3.288
HQC,2022-04-21,5.15,5.15,5.15,5.15,1546800,6.67,7.93,7.81,-22.7539,-35.0567,-34.096,0.0,0.0,2.5898
HQC,2022-04-22,4.79,5.5,4.79,4.96,32484300,6.38,7.67,7.77,-22.2936,-35.2945,-36.1614,-4.641,-0.937,2.94
HQC,2022-04-25,4.96,5.15,4.63,4.63,14556200,6.1,7.39,7.72,-24.0486,-37.3647,-40.0026,-2.4913,-0.5609,2.8885
HQC,2022-04-26,4.4,4.95,4.35,4.95,10192300,5.89,7.17,7.68,-16.002,-30.9575,-35.5133,1.8097,0.4022,2.6156
HQC,2022-04-27,5.0,5.29,4.9,5.29,12978100,5.68,6.93,7.64,-6.9317,-23.6817,-30.7592,4.6972,1.0425,2.7302
HQC,2022-04-28,5.4,5.61,5.4,5.5,17567700,5.52,6.74,7.6,-0.3262,-18.3855,-27.6316,-0.3572,-0.086,2.5689
HQC,2022-04-29,5.5,5.88,5.35,5.88,10825300,5.42,6.6,7.57,8.4671,-10.8821,-22.3044,3.7572,0.9566,2.8446
HQC,2022-05-04,6.0,6.19,5.7,6.01,14152400,5.38,6.45,7.54,11.627,-6.7928,-20.2622,1.2692,0.349,2.4792
HQC,2022-05-05,6.01,6.14,5.65,5.73,15026200,5.36,6.3,7.49,6.8432,-9.0404,-23.5368,-4.7912,-1.1349,2.6995
HQC,2022-05-06,5.67,5.81,5.55,5.57,9075800,5.37,6.15,7.46,3.7824,-9.4898,-25.287,-2.0106,-0.5122,2.5824
HQC,2022-05-09,5.35,5.53,5.19,5.19,8034400,5.37,6.02,7.41,-3.3699,-13.7731,-29.9293,-1.4098,-0.3687,2.7234
HQC,2022-05-10,5.0,5.55,4.84,5.55,12421400,5.43,5.91,7.38,2.2099,-6.0357,-24.7498,2.6589,0.6787,2.5252
HQC,2022-05-11,5.7,5.89,5.59,5.81,9830600,5.55,5.82,7.35,4.7224,-0.2061,-20.9093,2.8995,0.6799,2.566
HQC,2022-05-12,5.7,5.75,5.41,5.41,8915900,5.59,5.74,7.31,-3.2892,-5.8066,-25.9938,-1.9851,-0.5399,2.5836
HQC,2022-05-13,5.4,5.45,5.04,5.04,12995500,5.57,5.63,7.26,-9.499,-10.4239,-30.5498,-2.1653,-0.613,2.3304
HQC,2022-05-16,5.3,5.39,5.05,5.1,8775200,5.53,5.52,7.21,-7.7591,-7.6672,-29.2531,-1.5282,-0.427,2.4475
HQC,2022-05-17,5.16,5.45,5.05,5.45,9016300,5.49,5.45,7.17,-0.6562,-0.0642,-23.9443,1.7679,0.4887,2.2486
HQC,2022-05-18,5.6,5.6,5.26,5.29,10640700,5.41,5.4,7.12,-2.2904,-2.0189,-25.6793,-2.8896,-0.74,2.4106
HQC,2022-05-19,5.1,5.49,5.05,5.28,8465800,5.37,5.37,7.06,-1.6577,-1.6027,-25.24,0.169,0.0421,1.9484
HQC,2022-05-20,5.25,5.52,5.25,5.36,8172700,5.35,5.36,7.02,0.2244,0.0467,-23.601,-0.6497,-0.1742,1.8123
HQC,2022-05-23,5.46,5.73,5.4,5.59,16961100,5.39,5.38,6.98,3.7491,3.913,-19.875,1.0134,0.2965,1.7727
HQC,2022-05-24,5.62,5.7,5.4,5.45,9910800,5.38,5.4,6.93,1.3388,0.8512,-21.3973,-1.7688,-0.4757,1.6836
HQC,2022-05-25,5.5,5.71,5.46,5.69,9438900,5.37,5.46,6.9,6.038,4.2697,-17.498,1.7235,0.4883,1.566
HQC,2022-05-26,5.75,5.75,5.55,5.58,10184500,5.38,5.49,6.86,3.6597,1.6671,-18.6636,-2.9893,-0.8595,1.6665
HQC,2022-05-27,5.56,5.75,5.56,5.68,10801800,5.45,5.51,6.82,4.2776,3.1227,-16.7424,1.32,0.3165,1.5819
HQC,2022-05-30,5.76,6.07,5.68,6.07,15913100,5.54,5.54,6.79,9.4877,9.6361,-10.6091,7.5283,2.0752,2.182
HQC,2022-05-31,6.23,6.49,6.13,6.21,26112500,5.62,5.55,6.75,10.4982,11.8314,-8.0109,-5.3967,-1.5745,2.5448
HQC,2022-06-01,6.21,6.29,5.96,6.14,14268700,5.7,5.56,6.7,7.6249,10.4416,-8.3664,0.5704,0.1483,2.3129
HQC,2022-06-02,6.02,6.16,5.9,6.0,11309800,5.78,5.57,6.64,3.8601,7.6619,-9.5786,-0.7348,-0.2194,2.3695
HQC,2022-06-03,5.94,6.06,5.8,5.92,9235300,5.83,5.59,6.57,1.4915,5.8939,-9.9291,-0.4356,-0.1083,2.3481
HQC,2022-06-06,5.88,6.1,5.81,5.85,10229400,5.86,5.62,6.5,-0.1536,4.0277,-9.939,-1.9551,-0.5223,2.4423
HQC,2022-06-07,5.85,5.85,5.45,5.5,13886500,5.86,5.62,6.4,-6.2074,-2.1526,-14.0706,-2.6789,-0.6583,2.5333
HQC,2022-06-08,5.67,5.88,5.55,5.88,8312300,5.88,5.62,6.32,-0.051,4.5426,-6.9061,2.7977,0.7246,2.6407
HQC,2022-06-09,5.95,6.04,5.8,5.86,5565200,5.91,5.65,6.25,-0.8628,3.7719,-6.1709,-1.1444,-0.3107,2.4562
HQC,2022-06-10,5.75,5.82,5.53,5.59,6146500,5.9,5.67,6.16,-5.2863,-1.4891,-9.1972,-0.8007,-0.2056,2.4043
HQC,2022-06-13,5.21,5.46,5.2,5.2,12723200,5.82,5.68,6.07,-10.5761,-8.4426,-14.3779,-2.1013,-0.5704,1.8616
HQC,2022-06-14,4.96,5.25,4.89,5.1,7293200,5.7,5.66,6.0,-10.5891,-9.9258,-15.017,0.407,0.0981,1.3626
HQC,2022-06-15,5.1,5.22,4.75,4.75,11645800,5.56,5.64,5.92,-14.6451,-15.7054,-19.7093,-2.9968,-0.817,1.6052
HQC,2022-06-16,4.9,4.94,4.5,4.5,7177500,5.42,5.6,5.83,-16.8975,-19.5854,-22.8395,-2.1791,-0.5172,1.7497
HQC,2022-06-17,4.2,4.25,4.19,4.19,9081900,5.24,5.54,5.75,-20.0687,-24.3341,-27.0822,-1.8841,-0.4371,1.8945
HQC,2022-06-20,4.1,4.3,3.9,3.9,7215500,5.05,5.45,5.67,-22.7264,-28.4797,-31.1732,-1.4061,-0.3123,1.8396
HQC,2022-06-21,3.66,3.95,3.63,3.63,14136700,4.86,5.36,5.58,-25.3086,-32.3014,-34.9812,-3.5832,-0.7259,1.93
HQC,2022-06-22,3.7,3.88,3.67,3.88,8808600,4.66,5.27,5.51,-16.7382,-26.3967,-29.5902,2.1893,0.4765,1.8692
HQC,2022-06-23,3.9,4.09,3.9,4.06,4463500,4.48,5.2,5.45,-9.375,-21.8555,-25.5346,1.0233,0.2236,1.8571
HQC,2022-06-24,4.07,4.15,4.03,4.03,5550200,4.32,5.11,5.39,-6.7993,-21.1813,-25.1653,-2.5248,-0.5487,2.0295
HQC,2022-06-27,4.0,4.2,3.92,4.17,5877700,4.22,5.02,5.33,-1.2082,-16.8992,-21.696,1.5983,0.3524,1.9792
HQC,2022-06-28,4.1,4.39,4.1,4.27,7130000,4.14,4.92,5.27,3.1899,-13.229,-19.0337,0.4701,0.1007,1.9855
HQC,2022-06-29,4.25,4.29,4.15,4.15,5078800,4.08,4.82,5.23,1.7656,-13.9272,-20.638,-2.926,-0.5924,1.9784
HQC,2022-06-30,4.12,4.2,3.86,3.86,7104100,4.01,4.71,5.19,-3.8366,-18.1249,-25.5918,-1.8171,-0.4085,1.9422
HQC,2022-07-01,3.84,4.06,3.7,3.97,7167700,3.99,4.62,5.16,-0.5511,-14.0134,-23.0083,1.091,0.2534,1.8629
HQC,2022-07-04,4.1,4.19,4.05,4.12,4552000,4.01,4.53,5.14,2.6408,-9.0608,-19.7788,0.0,0.0,1.7223
HQC,2022-07-05,4.12,4.16,4.0,4.02,4982000,4.05,4.46,5.12,-0.8142,-9.7947,-21.4383,-1.1953,-0.2547,1.4835
HQC,2022-07-06,3.92,4.1,3.9,3.91,5554600,4.06,4.36,5.1,-3.5996,-10.2799,-23.3724,-1.3988,-0.3029,1.4045
HQC,2022-07-07,3.9,3.99,3.88,3.93,3259300,4.04,4.26,5.08,-2.795,-7.779,-22.6713,-0.1803,-0.0329,1.3202
HQC,2022-07-08,3.97,4.15,3.97,4.09,5474700,4.05,4.19,5.06,1.0126,-2.305,-19.1412,0.7023,0.1638,1.1379
HQC,2022-07-11,4.1,4.2,4.05,4.1,6702100,4.04,4.13,5.03,1.4349,-0.7624,-18.4923,-0.9763,-0.2212,1.0757
HQC,2022-07-12,4.18,4.38,4.13,4.38,10426500,4.05,4.1,5.0,8.0681,6.9466,-12.4035,3.8291,0.9063,1.4116
HQC,2022-07-13,4.46,4.65,4.38,4.45,11226300,4.08,4.08,4.97,8.9885,9.0553,-10.4448,-2.1383,-0.5727,1.3329
HQC,2022-07-14,4.36,4.5,4.35,4.39,6977000,4.14,4.08,4.94,6.1412,7.7301,-11.1732,-1.1219,-0.2813,1.2633
HQC,2022-07-15,4.4,4.69,4.4,4.57,12353000,4.2,4.09,4.92,8.9133,11.6268,-7.1553,0.6243,0.1576,1.2167
HQC,2022-07-18,4.65,4.68,4.47,4.49,8241600,4.23,4.12,4.91,6.0713,8.8881,-8.5204,-2.6043,-0.6704,1.4771
HQC,2022-07-19,4.5,4.8,4.49,4.8,20119200,4.31,4.18,4.89,11.3431,14.7776,-1.9047,10.2559,2.7506,2.3832
HQC,2022-07-20,5.13,5.13,5.1,5.13,6869800,4.43,4.24,4.88,15.723,20.8623,5.1316,2.3316,0.6634,2.4765
HQC,2022-07-21,5.15,5.3,4.88,4.93,14716700,4.53,4.29,4.87,8.758,14.972,1.232,-4.3113,-1.19,2.8896
HQC,2022-07-22,4.9,5.25,4.82,5.05,11920500,4.63,4.34,4.87,9.0948,16.3863,3.6918,0.2739,0.0759,2.8467
HQC,2022-07-25,5.08,5.23,5.04,5.09,5899200,4.73,4.38,4.87,7.6565,16.0775,4.5175,-1.2602,-0.3536,2.8751
HQC,2022-07-26,5.1,5.17,4.98,5.0,6515400,4.79,4.42,4.86,4.3841,13.0838,2.8595,-1.9453,-0.5593,2.6867
HQC,2022-07-27,4.86,5.05,4.85,5.05,6551900,4.85,4.47,4.86,4.1237,13.0639,3.9908,2.4754,0.7079,2.7204
HQC,2022-07-28,5.19,5.24,5.05,5.05,7552600,4.92,4.53,4.85,2.7258,11.5776,4.0894,-2.3569,-0.6094,2.8439
HQC,2022-07-29,5.06,5.29,5.01,5.1,9379500,4.97,4.58,4.85,2.6363,11.293,5.2328,-1.127,-0.2683,2.8942
HQC,2022-08-01,5.15,5.21,5.05,5.12,8472300,5.03,4.63,4.84,1.7488,10.5235,5.8507,-0.2221,-0.0593,2.656
HQC,2022-08-02,5.2,5.39,5.13,5.31,13350600,5.08,4.7,4.83,4.4659,13.0509,9.8424,1.6177,0.4674,1.7922
HQC,2022-08-03,5.25,5.45,5.17,5.27,10320400,5.1,4.76,4.83,3.3942,10.5981,9.2047,-0.7125,-0.2042,1.6302
HQC,2022-08-04,5.32,5.39,5.22,5.22,8263200,5.13,4.83,4.82,1.8338,8.0857,8.3302,-2.6732,-0.667,1.4664
HQC,2022-08-05,5.23,5.33,5.18,5.27,7846200,5.15,4.89,4.81,2.3699,7.804,9.5543,0.4965,0.1346,1.4887
HQC,2022-08-08,5.38,5.46,5.3,5.35,10334100,5.17,4.95,4.8,3.4016,8.059,11.5513,-1.2228,-0.3283,1.4849
HQC,2022-08-09,5.36,5.5,5.3,5.36,9893300,5.21,5.0,4.78,2.8791,7.2,12.1574,-1.4471,-0.3997,1.4351
HQC,2022-08-10,5.35,5.48,5.28,5.4,9138600,5.24,5.05,4.76,2.9552,6.9837,13.3454,0.5979,0.1678,1.2474
HQC,2022-08-11,5.5,5.51,5.21,5.24,11164700,5.26,5.09,4.75,-0.4559,2.947,10.339,-1.9786,-0.5613,1.2095
HQC,2022-08-12,5.24,5.3,5.15,5.25,9443600,5.28,5.12,4.74,-0.5493,2.459,10.8624,0.9603,0.2502,1.1929
HQC,2022-08-15,5.34,5.34,5.21,5.22,5395900,5.29,5.16,4.72,-1.3046,1.153,10.523,-1.3562,-0.3567,1.3063
HQC,2022-08-16,5.22,5.29,5.2,5.28,6980500,5.29,5.18,4.72,-0.1135,1.842,11.8976,2.1683,0.5467,1.3613
HQC,2022-08-17,5.29,5.4,5.18,5.21,8967000,5.28,5.19,4.71,-1.3258,0.4144,10.7286,-1.7445,-0.4446,1.4645
HQC,2022-08-18,5.16,5.23,5.1,5.14,9264800,5.27,5.2,4.69,-2.5038,-1.1348,9.5762,-1.3369,-0.3213,1.3309
HQC,2022-08-19,5.18,5.18,5.0,5.1,8220800,5.26,5.2,4.68,-2.9496,-1.9514,8.9511,0.3787,0.0934,1.3191
HQC,2022-08-22,5.07,5.09,4.96,5.0,8426500,5.22,5.2,4.68,-4.2146,-3.7906,6.9061,-1.0687,-0.2656,1.3037
HQC,2022-08-23,4.86,5.1,4.86,5.1,5667400,5.19,5.2,4.68,-1.8098,-1.9608,9.0443,1.2552,0.3294,1.2845
HQC,2022-08-24,5.1,5.18,5.1,5.12,3641200,5.17,5.21,4.68,-0.8904,-1.6425,9.2989,-0.6668,-0.1551,1.2914
HQC,2022-08-25,5.15,5.19,5.09,5.1,3956000,5.15,5.21,4.7,-1.0093,-2.0737,8.5938,-1.0749,-0.2631,1.2011
HQC,2022-08-26,5.1,5.16,5.0,5.01,6072400,5.13,5.2,4.71,-2.3011,-3.7187,6.3062,-1.4027,-0.3514,1.2453
HQC,2022-08-29,4.94,4.98,4.7,4.76,9047900,5.08,5.19,4.73,-6.3361,-8.2056,0.6342,-0.9959,-0.219,1.2093
HQC,2022-08-30,4.8,4.93,4.8,4.84,5126300,5.04,5.16,4.75,-3.9301,-6.2379,1.8047,-0.624,-0.1434,1.0548
HQC,2022-08-31,4.83,4.93,4.83,4.86,4149600,5.0,5.14,4.77,-2.8583,-5.4751,1.8057,-0.6669,-0.1421,0.9471
HQC,2022-09-05,4.9,4.94,4.87,4.87,3405900,4.98,5.12,4.79,-2.1302,-4.9571,1.6701,-1.0933,-0.2687,0.9227
HQC,2022-09-06,4.92,4.92,4.84,4.85,3814000,4.95,5.1,4.81,-2.04,-4.9579,0.9071,-0.9318,-0.2125,0.978
HQC,2022-09-07,4.82,4.82,4.6,4.61,7099400,4.91,5.07,4.82,-6.1482,-9.0012,-4.2615,-0.9683,-0.2169,0.968
HQC,2022-09-08,4.68,4.73,4.48,4.5,6444700,4.85,5.02,4.82,-7.2547,-10.4121,-6.6351,-1.41,-0.3533,0.9835
HQC,2022-09-09,4.5,4.55,4.32,4.48,5607700,4.79,4.98,4.83,-6.4327,-9.9859,-7.1772,0.53,0.119,0.9698
HQC,2022-09-12,4.55,4.58,4.49,4.52,2523706,4.73,4.94,4.84,-4.4397,-8.5205,-6.6039,-0.334,-0.0721,0.8957
HQC,2022-09-13,4.55,4.55,4.44,4.5,2536300,4.68,4.9,4.85,-3.8256,-8.2288,-7.2203,0.1189,0.0254,0.7673
HQC,2022-09-14,4.36,4.52,4.36,4.49,4716900,4.65,4.87,4.86,-3.4824,-7.746,-7.5675,0.7386,0.1715,0.7416
HQC,2022-09-15,4.51,4.58,4.49,4.49,2139300,4.62,4.83,4.87,-2.7507,-6.9912,-7.746,-0.9108,-0.1854,0.7703
HQC,2022-09-16,4.48,4.5,4.36,4.36,3636100,4.57,4.78,4.88,-4.5325,-8.8819,-10.5824,-0.8737,-0.1797,0.791
HQC,2022-09-19,4.36,4.4,4.1,4.1,6030800,4.49,4.73,4.88,-8.686,-13.3742,-15.9733,-1.2229,-0.2667,0.8039
HQC,2022-09-20,4.12,4.2,4.06,4.14,4137400,4.42,4.68,4.88,-6.3136,-11.6329,-15.1709,0.229,0.0491,0.7336
HQC,2022-09-21,4.13,4.2,4.1,4.14,2604000,4.37,4.64,4.88,-5.3065,-10.8143,-15.1848,-0.3322,-0.0709,0.67
HQC,2022-09-22,4.1,4.22,4.09,4.21,3224900,4.34,4.6,4.88,-3.0624,-8.4285,-13.6906,0.8813,0.1911,0.6171
HQC,2022-09-23,4.19,4.25,4.17,4.18,2170200,4.31,4.55,4.87,-3.0837,-8.142,-14.2107,-0.5012,-0.1171,0.6143
HQC,2022-09-26,4.08,4.12,3.89,3.9,8147800,4.25,4.49,4.86,-8.2569,-13.15,-19.796,-1.6191,-0.3264,0.7428
HQC,2022-09-27,3.94,3.97,3.83,3.85,2494500,4.19,4.43,4.85,-8.0268,-13.1416,-20.5891,-0.6457,-0.1358,0.7955
HQC,2022-09-28,3.79,3.85,3.71,3.73,3780793,4.11,4.38,4.83,-9.2457,-14.8596,-22.8223,-0.8807,-0.178,0.8097
HQC,2022-09-29,3.85,3.85,3.7,3.7,3355829,4.03,4.32,4.81,-8.2114,-14.4311,-23.0929,-0.9088,-0.1975,0.8095
HQC,2022-09-30,3.66,3.68,3.45,3.59,5620941,3.95,4.26,4.78,-9.2059,-15.7376,-24.8985,0.3007,0.0588,0.7522
HQC,2022-10-03,3.6,3.64,3.34,3.34,4758244,3.88,4.18,4.75,-13.8731,-20.1721,-29.6605,-1.0703,-0.2179,0.7369
HQC,2022-10-04,3.36,3.5,3.25,3.33,4911426,3.8,4.11,4.71,-12.2992,-18.9387,-29.3594,-0.5191,-0.1131,0.7659
HQC,2022-10-05,3.4,3.5,3.36,3.48,3111475,3.73,4.05,4.68,-6.7274,-14.1059,-25.6696,1.0435,0.22,0.8371
HQC,2022-10-06,3.5,3.51,3.25,3.25,3313728,3.63,3.99,4.65,-10.5915,-18.5259,-30.0594,-0.8082,-0.1696,0.8297
HQC,2022-10-07,3.21,3.26,3.03,3.03,7672500,3.52,3.92,4.61,-13.9205,-22.635,-34.222,-1.2882,-0.269,0.9084
HQC,2022-10-10,2.88,3.06,2.84,3.03,4620620,3.43,3.84,4.57,-11.739,-21.1348,-33.6399,1.0546,0.1962,0.852
HQC,2022-10-11,3.03,3.03,2.82,2.82,8023880,3.33,3.76,4.52,-15.3153,-24.9601,-37.6161,-1.6287,-0.3326,0.9503
HQC,2022-10-12,2.79,3.0,2.76,2.91,4157646,3.25,3.68,4.48,-10.4064,-20.9024,-34.9895,0.3162,0.0618,0.8938
HQC,2022-10-13,2.95,2.97,2.88,2.9,2885945,3.17,3.6,4.43,-8.4596,-19.4333,-34.5077,-0.8353,-0.138,0.8865
HQC,2022-10-14,2.97,3.03,2.94,2.98,3696475,3.11,3.53,4.38,-4.0875,-15.5927,-31.9976,-0.1704,-0.0304,0.8735
HQC,2022-10-17,2.98,3.07,2.95,2.99,3415071,3.07,3.48,4.34,-2.6693,-13.9568,-31.0679,-0.4047,-0.0727,0.8069
HQC,2022-10-18,3.03,3.16,3.02,3.06,3696241,3.04,3.42,4.29,0.4926,-10.5525,-28.7278,-0.5099,-0.0983,0.806
HQC,2022-10-19,3.06,3.12,3.03,3.03,2289273,3.0,3.37,4.25,1.0,-9.9688,-28.6555,-1.2263,-0.2223,0.8243
HQC,2022-10-20,3.03,3.03,2.91,2.94,2303812,2.97,3.3,4.2,-0.9768,-10.9631,-29.9767,-0.5977,-0.1018,0.8032
HQC,2022-10-21,2.94,2.96,2.74,2.74,4956877,2.94,3.23,4.15,-6.8027,-15.1703,-33.9026,-0.8626,-0.162,0.7607
HQC,2022-10-24,2.66,2.75,2.55,2.55,4686640,2.89,3.16,4.09,-11.8257,-19.3676,-37.6772,-1.0166,-0.1976,0.7569
HQC,2022-10-25,2.48,2.64,2.38,2.42,5742069,2.85,3.09,4.04,-15.1473,-21.7082,-40.0248,-1.021,-0.183,0.6961
HQC,2022-10-26,2.5,2.51,2.26,2.26,3997485,2.79,3.02,3.98,-18.9092,-25.1036,-43.1561,-1.7311,-0.3195,0.8376
HQC,2022-10-27,2.4,2.41,2.27,2.41,5445606,2.74,2.95,3.92,-11.9795,-18.3881,-38.4953,1.0902,0.1912,0.8631
HQC,2022-10-28,2.5,2.53,2.4,2.41,2848560,2.68,2.89,3.86,-10.1082,-16.7243,-37.6036,-0.679,-0.1189,0.9139
HQC,2022-10-31,2.43,2.45,2.3,2.37,2171564,2.62,2.85,3.81,-9.5074,-16.7106,-37.7463,-0.0374,-0.0065,0.8772
HQC,2022-11-01,2.42,2.45,2.39,2.4,3288685,2.55,2.8,3.75,-5.9929,-14.2551,-36.0512,-0.7186,-0.1189,0.8981
HQC,2022-11-02,2.38,2.44,2.37,2.4,2203726,2.49,2.74,3.7,-3.6145,-12.5683,-35.1527,-0.1194,-0.0184,0.7874
HQC,2022-11-03,2.39,2.47,2.36,2.42,2946126,2.44,2.7,3.65,-0.7383,-10.4864,-33.6514,0.1377,0.0232,0.7414
HQC,2022-11-04,2.4,2.44,2.3,2.3,3310853,2.39,2.67,3.59,-3.9265,-13.7608,-35.951,-0.7317,-0.1317,0.7283
HQC,2022-11-07,2.3,2.3,2.14,2.14,4340630,2.35,2.62,3.53,-9.0523,-18.3985,-39.4077,-0.9385,-0.1682,0.7204
HQC,2022-11-08,2.01,2.14,2.01,2.08,3608349,2.32,2.59,3.47,-10.3062,-19.5513,-40.1129,0.0721,0.0115,0.6256
HQC,2022-11-09,2.08,2.22,2.08,2.15,3419587,2.31,2.55,3.42,-6.8458,-15.6035,-37.1529,-0.0,-0.0,0.4524
HQC,2022-11-10,2.11,2.15,2.0,2.0,4784423,2.27,2.5,3.36,-11.7777,-20.0799,-40.5505,-0.8732,-0.1522,0.4308
HQC,2022-11-11,2.06,2.07,1.86,1.86,5780209,2.21,2.45,3.3,-15.9132,-23.973,-43.708,-1.2737,-0.2048,0.4902
HQC,2022-11-14,1.76,1.79,1.73,1.73,6324734,2.15,2.38,3.24,-19.46,-27.4177,-46.628,-1.6183,-0.2675,0.6483
HQC,2022-11-15,1.61,1.7,1.61,1.61,3875119,2.07,2.31,3.18,-22.1846,-30.3332,-49.3169,-0.8376,-0.1322,0.6602
HQC,2022-11-16,1.5,1.72,1.5,1.71,16315893,2.0,2.24,3.12,-14.5,-23.8307,-45.1677,1.6653,0.2497,0.8148
HQC,2022-11-17,1.76,1.82,1.76,1.82,11013815,1.94,2.19,3.06,-6.1856,-16.857,-40.6199,2.62,0.4054,1.063
HQC,2022-11-18,1.91,1.94,1.7,1.92,12200348,1.9,2.15,3.01,0.9464,-10.6145,-36.2931,1.6658,0.2976,1.1565
HQC,2022-11-21,1.98,2.05,1.95,2.05,10479780,1.89,2.12,2.96,8.2937,-3.4385,-30.846,3.1272,0.5455,1.3753
HQC,2022-11-22,2.18,2.19,2.1,2.19,12627460,1.9,2.11,2.92,15.021,3.7177,-24.9537,2.1376,0.3294,1.5819
HQC,2022-11-23,2.19,2.2,2.04,2.04,11441450,1.89,2.1,2.87,7.7655,-2.8803,-28.9,-2.9528,-0.5644,1.8772
HQC,2022-11-24,1.96,2.1,1.95,2.02,6400837,1.9,2.08,2.82,6.5963,-2.9313,-28.3637,-0.1282,-0.0209,1.8026
HQC,2022-11-25,2.1,2.16,2.07,2.16,7562865,1.92,2.07,2.78,12.2078,4.4235,-22.1846,1.4646,0.2694,1.8217
HQC,2022-11-28,2.31,2.31,2.28,2.31,5294717,1.98,2.07,2.74,16.4902,11.8373,-15.6934,0.81,0.139,1.7409
HQC,2022-11-29,2.47,2.47,2.29,2.47,16901399,2.07,2.07,2.71,19.3813,19.3813,-8.7416,2.0088,0.3777,1.858
HQC,2022-11-30,2.57,2.64,2.42,2.64,11158921,2.16,2.08,2.68,22.1092,26.8621,-1.3674,2.1639,0.3972,1.9079
HQC,2022-12-01,2.79,2.82,2.7,2.82,15158717,2.26,2.1,2.65,24.6684,34.2218,6.4633,1.8143,0.4039,1.8273
HQC,2022-12-02,2.83,3.01,2.68,3.01,14934224,2.37,2.14,2.63,26.9507,40.8846,14.6492,1.628,0.347,1.8235
HQC,2022-12-05,3.22,3.22,3.1,3.22,13239226,2.49,2.19,2.61,29.4212,46.9984,23.2866,2.0098,0.436,1.7118
HQC,2022-12-06,3.3,3.34,3.0,3.0,18540726,2.57,2.24,2.59,16.777,34.1382,15.6158,-1.5289,-0.3603,1.6509
HQC,2022-12-07,2.82,3.03,2.79,2.8,14985053,2.64,2.27,2.58,5.8601,23.4024,8.6872,-2.739,-0.648,1.6295
HQC,2022-12-08,2.88,2.99,2.87,2.99,9223275,2.74,2.32,2.56,9.0445,28.9627,16.7057,1.6541,0.3647,1.7821
HQC,2022-12-09,3.09,3.1,2.9,2.97,6162483,2.82,2.37,2.55,5.2072,25.1053,16.4889,-0.4432,-0.0889,1.68
HQC,2022-12-12,3.0,3.06,2.77,2.77,11096413,2.87,2.43,2.54,-3.4507,14.1797,9.1325,-1.5291,-0.3372,1.7519
HQC,2022-12-13,2.76,2.84,2.59,2.8,9573244,2.9,2.49,2.53,-3.5148,12.6534,10.777,1.0534,0.211,1.6564
HQC,2022-12-14,2.9,2.99,2.9,2.99,11090599,2.94,2.55,2.52,1.8046,17.2779,18.7545,2.5235,0.588,1.6923
HQC,2022-12-15,3.19,3.19,2.99,3.09,11881790,2.96,2.61,2.51,4.251,18.2549,22.8824,-0.0,-0.0,1.5109
HQC,2022-12-16,2.95,3.12,2.95,3.07,7330138,2.97,2.67,2.52,3.367,14.9597,22.0482,0.6416,0.1309,1.4123
HQC,2022-12-19,3.08,3.19,3.04,3.13,11553222,2.96,2.72,2.52,5.7075,14.8835,24.3346,0.3173,0.0736,1.243
HQC,2022-12-20,3.1,3.14,2.92,3.06,12004282,2.97,2.77,2.52,3.1345,10.5491,21.3227,0.5458,0.128,1.1447
HQC,2022-12-21,3.1,3.15,2.85,2.98,5744383,2.99,2.82,2.52,-0.1675,5.8615,18.0853,-0.2026,-0.0458,0.8911
HQC,2022-12-22,3.06,3.07,2.91,3.0,4534751,2.99,2.86,2.53,0.4689,4.7486,18.7837,0.2473,0.0526,0.7504
HQC,2022-12-23,2.94,3.0,2.88,2.88,2736378,2.98,2.9,2.52,-3.2583,-0.6897,14.1227,-1.2302,-0.2603,0.8291
HQC,2022-12-26,2.8,2.86,2.68,2.68,8812066,2.97,2.92,2.52,-9.7035,-8.172,6.459,-1.6015,-0.3599,0.8363
HQC,2022-12-27,2.55,2.78,2.54,2.74,8387235,2.96,2.93,2.51,-7.4949,-6.5484,9.1199,1.2638,0.2796,0.8574
HQC,2022-12-28,2.78,2.78,2.66,2.69,3470347,2.93,2.93,2.5,-8.2538,-8.3319,7.4195,-0.8897,-0.1658,0.694
HQC,2022-12-29,2.69,2.78,2.66,2.69,3397249,2.89,2.93,2.5,-6.9848,-8.1284,7.6344,-0.7088,-0.142,0.7649
HQC,2022-12-30,2.71,2.72,2.65,2.66,2644482,2.85,2.91,2.5,-6.6994,-8.6068,6.5022,-0.843,-0.1634,0.785
HQC,2023-01-03,2.66,2.84,2.66,2.84,7261661,2.82,2.89,2.5,0.6378,-1.7811,13.4457,1.5162,0.324,0.9049
HQC,2023-01-04,2.88,2.93,2.76,2.76,5813509,2.79,2.88,2.51,-1.1461,-4.15,9.9514,-1.5978,-0.3399,1.0101
HQC,2023-01-05,2.8,2.8,2.71,2.72,3444716,2.77,2.88,2.52,-1.6631,-5.4078,7.9622,-0.9429,-0.177,1.0841
HQC,2023-01-06,2.73,2.76,2.69,2.73,5089480,2.74,2.86,2.53,-0.3286,-4.6288,8.0846,0.187,0.0387,1.0781
HQC,2023-01-09,2.75,2.81,2.7,2.7,2311396,2.72,2.85,2.53,-0.7718,-5.2299,6.6519,-0.9158,-0.1871,1.0466
HQC,2023-01-10,2.7,2.73,2.62,2.67,3672848,2.72,2.84,2.54,-1.8382,-6.1181,5.2175,-0.17,-0.0323,0.9035
HQC,2023-01-11,2.68,2.76,2.68,2.68,3927199,2.71,2.84,2.54,-1.2528,-5.5673,5.3791,-1.4033,-0.2678,0.9175
HQC,2023-01-12,2.71,2.73,2.67,2.68,2227574,2.71,2.82,2.55,-1.2164,-5.0487,5.1475,-0.6689,-0.1257,0.8954
HQC,2023-01-13,2.71,2.72,2.66,2.66,3172927,2.71,2.8,2.55,-1.845,-5.0339,4.1667,-1.1099,-0.222,0.9355
HQC,2023-01-16,2.67,2.7,2.54,2.56,4246286,2.7,2.78,2.56,-5.1852,-7.7644,0.0469,-1.5137,-0.2751,1.0025
HQC,2023-01-17,2.56,2.66,2.56,2.65,3077962,2.68,2.75,2.57,-1.1563,-3.6889,3.153,0.5013,0.0939,0.9011
HQC,2023-01-18,2.69,2.78,2.67,2.77,5702458,2.68,2.74,2.58,3.2811,1.2057,7.2479,1.5304,0.3044,0.8943
HQC,2023-01-19,2.78,2.79,2.73,2.73,3912996,2.68,2.72,2.59,1.7518,0.2019,5.2266,-1.2353,-0.2352,0.9236
HQC,2023-01-27,2.77,2.84,2.76,2.84,5719936,2.69,2.72,2.61,5.4195,4.5463,8.7623,1.6093,0.3074,1.0658
HQC,2023-01-30,2.88,3.03,2.88,3.03,14240112,2.73,2.72,2.63,11.1111,11.2335,15.008,3.2106,0.7112,1.2953
HQC,2023-01-31,3.08,3.13,2.93,3.04,9495494,2.76,2.74,2.66,9.9855,10.868,14.2514,0.1724,0.0352,1.2955
HQC,2023-02-01,3.1,3.1,2.86,2.86,9434663,2.78,2.75,2.69,2.8037,4.0757,6.486,-1.1086,-0.2342,1.266
HQC,2023-02-02,2.85,2.91,2.75,2.78,6433780,2.79,2.75,2.71,-0.4298,0.9991,2.6891,-1.2781,-0.2564,1.327
HQC,2023-02-03,2.84,2.85,2.78,2.81,3472531,2.81,2.76,2.73,0.1069,1.867,3.0436,-0.1713,-0.0291,1.2331
HQC,2023-02-06,2.8,2.93,2.78,2.89,3495135,2.84,2.77,2.75,1.7606,4.3321,5.2287,0.6124,0.1153,1.143
HQC,2023-02-07,2.92,2.93,2.78,2.82,4804929,2.86,2.77,2.76,-1.2951,1.8418,2.1073,-0.4784,-0.0999,1.1407
HQC,2023-02-08,2.85,2.87,2.73,2.81,4479657,2.86,2.77,2.77,-1.7826,1.3891,1.2905,0.2828,0.0488,1.0159
HQC,2023-02-09,2.84,2.85,2.79,2.82,1872432,2.87,2.78,2.79,-1.7422,1.5667,1.0825,-0.0,-0.0,0.8924
HQC,2023-02-10,2.81,2.83,2.75,2.75,2638199,2.86,2.78,2.8,-3.8798,-0.9901,-1.9398,-0.941,-0.1935,0.8256
HQC,2023-02-13,2.71,2.72,2.56,2.57,5535077,2.82,2.77,2.81,-8.7034,-7.2537,-8.6255,-1.2148,-0.2562,0.626
HQC,2023-02-14,2.62,2.65,2.58,2.61,2350072,2.77,2.77,2.82,-5.8442,-5.7081,-7.4008,-0.1983,-0.0387,0.6286
HQC,2023-02-15,2.66,2.79,2.65,2.79,7369282,2.76,2.77,2.82,0.9042,0.5949,-1.2389,2.6046,0.5224,0.7782
HQC,2023-02-16,2.9,2.94,2.81,2.87,4612107,2.77,2.78,2.83,3.4607,3.1261,1.4278,-0.1167,-0.024,0.662
HQC,2023-02-17,2.9,2.97,2.82,2.84,6119623,2.78,2.79,2.83,2.2686,1.7192,0.3534,-1.9971,-0.4067,0.8446
HQC,2023-02-20,3.03,3.03,3.03,3.03,4418831,2.79,2.82,2.83,8.5632,7.6185,7.052,0.0,0.0,0.7834
HQC,2023-02-21,3.24,3.24,3.24,3.24,4897314,2.83,2.84,2.83,14.3664,13.884,14.4553,0.0,0.0,0.7355
HQC,2023-02-22,3.46,3.46,3.36,3.46,51057736,2.9,2.88,2.84,19.3927,20.1597,21.831,7.1757,1.923,1.4248
HQC,2023-02-23,3.5,3.65,3.36,3.65,20916430,2.98,2.93,2.86,22.4421,24.765,27.7564,4.0545,1.1085,1.8303
HQC,2023-02-24,3.7,3.9,3.7,3.9,32426565,3.1,2.98,2.88,25.969,30.9384,35.6427,10.4088,3.3063,2.777
HQC,2023-02-27,3.9,4.06,3.67,3.7,20466873,3.21,3.01,2.89,15.3007,22.842,28.0365,-4.7385,-1.3844,3.1294
HQC,2023-02-28,3.8,3.8,3.45,3.45,19037063,3.29,3.03,2.9,4.7677,13.7675,18.8262,-8.3967,-2.6637,3.9493
HQC,2023-03-01,3.21,3.49,3.21,3.48,26675081,3.36,3.06,2.92,3.5098,13.5956,19.3007,5.7747,1.5406,4.2663
HQC,2023-03-02,3.56,3.62,3.37,3.37,10920360,3.41,3.09,2.92,-1.2309,8.9557,15.2294,-5.9112,-1.5435,4.8457
HQC,2023-03-03,3.35,3.45,3.16,3.16,15910149,3.44,3.11,2.93,-8.2462,1.5914,7.9973,-4.8903,-1.2089,5.135
HQC,2023-03-06,3.34,3.38,3.28,3.38,4003368,3.48,3.14,2.93,-2.8456,7.815,15.2718,1.4974,0.3854,5.2848
HQC,2023-03-07,3.55,3.55,3.33,3.4,14515935,3.49,3.16,2.94,-2.7182,7.4589,15.7407,-2.2613,-0.5693,5.5109
HQC,2023-03-08,3.35,3.52,3.3,3.49,10327652,3.5,3.2,2.95,-0.2287,9.1307,18.4577,1.7191,0.4293,4.9652
HQC,2023-03-09,3.49,3.56,3.45,3.49,8982738,3.48,3.23,2.96,0.2298,7.9994,18.049,-0.7497,-0.1881,4.6348
HQC,2023-03-10,3.4,3.48,3.38,3.4,8197405,3.43,3.26,2.96,-0.9324,4.1667,14.6944,-1.9206,-0.4478,3.7859
HQC,2023-03-13,3.49,3.63,3.49,3.63,21516742,3.42,3.32,2.98,5.9854,9.4362,21.8366,7.0428,1.7751,4.0164
HQC,2023-03-14,3.7,3.74,3.48,3.57,12554163,3.44,3.36,3.0,3.8697,6.0921,19.1112,-1.0289,-0.2846,3.2796
HQC,2023-03-15,3.71,3.74,3.6,3.65,14580481,3.45,3.41,3.02,5.6746,7.1009,21.0453,-0.9411,-0.2624,2.7962
HQC,2023-03-16,3.57,3.6,3.5,3.51,11729044,3.47,3.44,3.03,1.2111,2.0349,15.7728,-3.631,-0.9627,2.5682
HQC,2023-03-17,3.58,3.61,3.49,3.53,5489363,3.5,3.47,3.05,0.7133,1.5974,15.7909,-0.6067,-0.1325,2.1398
HQC,2023-03-20,3.53,3.6,3.35,3.4,10946351,3.51,3.49,3.06,-3.051,-2.6625,10.9878,-1.5983,-0.4042,2.1499
HQC,2023-03-21,3.44,3.5,3.38,3.43,5762984,3.51,3.5,3.08,-2.2792,-2.07,11.5375,-0.3791,-0.0875,1.9617
HQC,2023-03-22,3.48,3.58,3.45,3.49,5304280,3.51,3.5,3.09,-0.5698,-0.3995,12.9523,-0.8436,-0.1863,1.8742
HQC,2023-03-23,3.45,3.49,3.43,3.48,4760930,3.51,3.5,3.1,-0.8264,-0.4434,12.0773,1.1902,0.2936,1.9182
HQC,2023-03-24,3.5,3.69,3.46,3.56,13920160,3.52,3.48,3.12,0.9929,2.343,14.0441,-0.7153,-0.1779,1.7977
HQC,2023-03-27,3.65,3.67,3.58,3.65,12081736,3.53,3.48,3.14,3.4874,5.0058,16.2198,2.3738,0.6552,1.3308
HQC,2023-03-28,3.79,3.9,3.72,3.73,19804264,3.54,3.49,3.16,5.278,6.8768,17.9708,-4.03,-1.1589,1.6309
HQC,2023-03-29,3.73,3.74,3.67,3.72,8102129,3.55,3.5,3.18,4.7887,6.225,16.8856,1.6711,0.4162,1.7039
HQC,2023-03-30,3.8,3.8,3.61,3.61,10520708,3.56,3.51,3.2,1.4045,2.7319,12.7702,-2.6585,-0.7459,1.6067
HQC,2023-03-31,3.64,3.72,3.56,3.65,9565611,3.57,3.54,3.22,2.1837,3.1511,13.3188,0.3807,0.0926,1.5841
HQC,2023-04-03,3.9,3.9,3.88,3.9,30030990,3.62,3.56,3.25,7.6753,9.4123,20.0813,5.6097,1.8101,1.9852
HQC,2023-04-04,4.17,4.17,4.1,4.17,25208485,3.7,3.6,3.28,12.8247,15.7369,27.204,5.3637,1.6723,2.4837
HQC,2023-04-05,4.32,4.46,4.18,4.41,37939118,3.79,3.65,3.31,16.4203,20.855,33.1924,5.6612,1.9564,2.9654
HQC,2023-04-06,4.45,4.6,4.25,4.25,29123019,3.87,3.69,3.34,9.9612,15.2699,27.1922,-3.7319,-1.2506,3.2196
HQC,2023-04-07,4.3,4.5,4.16,4.5,19552566,3.96,3.74,3.37,13.6651,20.2565,33.3491,4.5888,1.6353,3.607
HQC,2023-04-10,4.59,4.71,4.42,4.49,19987820,4.04,3.78,3.4,11.0561,18.6262,31.9114,-1.678,-0.5908,3.5374
HQC,2023-04-11,4.47,4.52,4.26,4.52,16510949,4.12,3.83,3.43,9.6555,17.9387,31.6479,3.0472,1.0494,3.4391
HQC,2023-04-12,4.52,4.53,4.32,4.37,14454365,4.19,3.87,3.46,4.3707,12.9637,26.1693,-2.0641,-0.652,3.4784
HQC,2023-04-13,4.35,4.45,4.27,4.3,11157001,4.26,3.91,3.49,1.0338,10.0307,23.0681,-1.7933,-0.5712,3.3919
HQC,2023-04-14,4.33,4.35,4.15,4.15,12602671,4.31,3.94,3.52,-3.6229,5.3567,17.8709,-1.8465,-0.6004,3.5384
HQC,2023-04-17,4.2,4.34,4.16,4.3,9237007,4.35,3.98,3.55,-1.0584,7.9317,21.1609,2.1967,0.708,3.1971
HQC,2023-04-18,4.37,4.37,4.25,4.35,6575346,4.36,4.03,3.58,-0.3208,7.9404,21.522,1.2524,0.4131,2.786
HQC,2023-04-19,4.37,4.37,4.2,4.2,9070739,4.34,4.07,3.61,-3.2927,3.3083,16.4273,-2.2069,-0.6941,2.4406
HQC,2023-04-20,4.2,4.29,4.19,4.27,6347531,4.35,4.11,3.64,-1.7261,4.0195,17.4238,2.1434,0.6672,2.2817
HQC,2023-04-21,4.28,4.33,4.16,4.24,6586890,4.32,4.14,3.67,-1.8291,2.4402,15.6511,-0.1229,-0.0381,1.8351
HQC,2023-04-24,4.38,4.53,4.27,4.53,33938633,4.32,4.18,3.71,4.7883,8.2955,22.254,12.7556,4.5647,2.9429
HQC,2023-04-25,4.65,4.79,4.5,4.52,16903772,4.32,4.22,3.74,4.557,7.0456,20.7394,-4.13,-1.4542,3.0512
HQC,2023-04-26,4.52,4.58,4.4,4.46,10842174,4.33,4.26,3.78,2.9548,4.7071,18.0831,-1.0292,-0.3207,2.9477
HQC,2023-04-27,4.49,4.54,4.44,4.51,11428947,4.35,4.3,3.81,3.6067,4.7741,18.3789,1.8392,0.5942,2.9523
HQC,2023-04-28,4.55,4.59,4.48,4.52,12733088,4.39,4.35,3.84,2.9613,3.9558,17.6042,-0.9757,-0.3114,2.8652
HQC,2023-05-04,4.49,4.54,4.35,4.45,13265095,4.4,4.38,3.87,1.0216,1.7027,14.9336,0.1999,0.0671,2.6655
HQC,2023-05-05,4.44,4.45,4.33,4.38,9925316,4.41,4.39,3.89,-0.6352,-0.1368,12.4634,-0.6451,-0.2185,2.6048
HQC,2023-05-08,4.41,4.52,4.4,4.5,10134876,4.44,4.39,3.92,1.397,2.494,14.9308,1.6008,0.5857,2.5442
HQC,2023-05-09,4.53,4.53,4.42,4.46,5734107,4.46,4.4,3.93,0.0673,1.3406,13.4398,-0.6083,-0.218,2.3907
HQC,2023-05-10,4.49,4.63,4.46,4.58,17122121,4.49,4.4,3.95,1.9817,3.9728,16.0904,1.9374,0.6784,2.5721
HQC,2023-05-11,4.9,4.9,4.9,4.9,12039093,4.53,4.43,3.97,8.2155,10.722,23.4506,0.0,0.0,1.2966
HQC,2023-05-12,4.95,5.12,4.8,4.87,32762611,4.56,4.44,4.0,6.728,9.6106,21.8231,-3.858,-1.409,1.2694
HQC,2023-05-15,4.8,4.87,4.62,4.62,31683850,4.58,4.46,4.02,0.8954,3.6921,14.9139,-4.9101,-1.7231,1.6575
HQC,2023-05-16,4.66,4.71,4.59,4.66,12326353,4.59,4.47,4.05,1.4367,4.169,15.1698,0.6349,0.2033,1.537
HQC,2023-05-17,4.66,4.83,4.6,4.66,10745342,4.61,4.5,4.08,1.1285,3.5786,14.3222,-0.8312,-0.2979,1.5226
HQC,2023-05-18,4.7,4.7,4.6,4.6,8855087,4.62,4.51,4.1,-0.4975,1.9052,12.1787,-2.6938,-0.9294,1.772
HQC,2023-05-19,4.6,4.62,4.37,4.5,17505901,4.64,4.52,4.12,-2.9126,-0.4755,9.1544,0.1973,0.0602,1.7272
HQC,2023-05-22,4.52,4.58,4.49,4.55,8251953,4.64,4.54,4.14,-1.9397,0.2423,9.8026,0.7427,0.2443,1.6414
HQC,2023-05-23,4.56,4.58,4.52,4.54,7168815,4.65,4.55,4.16,-2.3236,-0.2746,9.0088,-0.723,-0.221,1.6528
HQC,2023-05-24,4.55,4.7,4.55,4.59,9547011,4.65,4.57,4.19,-1.2691,0.4376,9.5832,-1.0049,-0.3061,1.5596
HQC,2023-05-25,4.61,4.69,4.58,4.59,7708144,4.62,4.57,4.21,-0.6063,0.3717,9.0831,-1.8179,-0.5651,1.7414
HQC,2023-05-26,4.7,4.72,4.61,4.63,10827131,4.59,4.58,4.23,0.7836,1.1248,9.4821,-2.3342,-0.8062,1.589
HQC,2023-05-29,4.8,4.8,4.63,4.7,18857420,4.6,4.59,4.25,2.1295,2.3854,10.5882,-0.6933,-0.2349,1.1673
HQC,2023-05-30,4.79,4.79,4.54,4.61,22531745,4.6,4.6,4.27,0.2828,0.3155,7.912,-2.5544,-0.7896,1.3593
HQC,2023-05-31,4.6,4.7,4.6,4.65,11607731,4.6,4.6,4.29,1.1749,1.043,8.2806,0.0,0.0,1.2762
HQC,2023-06-01,4.75,4.9,4.7,4.74,21083510,4.61,4.62,4.32,2.82,2.6752,9.6918,-2.6462,-0.8969,1.2714
HQC,2023-06-02,4.83,4.83,4.66,4.68,14559483,4.63,4.63,4.35,1.1236,1.0472,7.6803,-2.4283,-0.7688,1.4945
HQC,2023-06-05,4.7,4.71,4.59,4.59,14968471,4.63,4.64,4.37,-0.9067,-0.9922,5.0776,-2.5173,-0.7701,1.672
HQC,2023-06-06,4.58,4.66,4.56,4.64,11529411,4.64,4.65,4.39,-0.0431,-0.1076,5.6611,1.21,0.3895,1.7207
HQC,2023-06-07,4.67,4.75,4.64,4.73,15793119,4.66,4.65,4.41,1.5893,1.6658,7.1396,2.0769,0.639,1.8279
HQC,2023-06-08,4.73,4.9,4.68,4.68,28298981,4.67,4.64,4.44,0.3215,0.8295,5.5147,-2.6978,-0.8558,1.9159
HQC,2023-06-09,4.7,4.71,4.56,4.66,11272536,4.67,4.63,4.45,-0.1714,0.6262,4.6251,0.6691,0.1915,1.7493
HQC,2023-06-12,4.72,4.74,4.61,4.66,10551483,4.66,4.63,4.47,-0.0858,0.5828,4.1853,-0.6609,-0.1698,1.7461
HQC,2023-06-13,4.67,4.84,4.67,4.78,26869802,4.68,4.64,4.5,2.1149,3.0394,6.312,1.5067,0.4662,1.6413
HQC,2023-06-14,4.84,4.84,4.64,4.66,11397772,4.68,4.64,4.52,-0.4699,0.4527,3.1795,-1.273,-0.3949,1.7686
HQC,2023-06-15,4.67,4.71,4.61,4.62,7716026,4.67,4.64,4.53,-1.0707,-0.431,1.9687,-1.7917,-0.518,1.6832
HQC,2023-06-16,4.65,4.68,4.56,4.56,13039549,4.66,4.64,4.54,-2.1039,-1.7876,0.4715,-1.7176,-0.5082,1.6121
HQC,2023-06-19,4.57,4.63,4.37,4.38,17025421,4.64,4.63,4.54,-5.5424,-5.4914,-3.4817,-3.427,-1.0642,1.7031
HQC,2023-06-20,4.39,4.49,4.39,4.49,7387738,4.62,4.63,4.54,-2.8559,-3.0656,-1.1623,1.4381,0.4019,1.7259
HQC,2023-06-21,4.54,4.56,4.47,4.51,7642819,4.6,4.63,4.54,-1.9565,-2.5497,-0.7264,-0.1921,-0.0506,1.5374
HQC,2023-06-22,4.52,4.62,4.51,4.61,10523390,4.59,4.63,4.55,0.3701,-0.4105,1.4212,1.9374,0.5563,1.4614
HQC,2023-06-23,4.65,4.65,4.52,4.57,8118290,4.58,4.63,4.55,-0.3054,-1.2105,0.5191,-0.4681,-0.1209,1.4413
HQC,2023-06-26,4.52,4.55,4.3,4.42,10290162,4.56,4.61,4.55,-3.0702,-4.1631,-2.8016,-0.0886,-0.0223,1.384
HQC,2023-06-27,4.47,4.52,4.42,4.49,6440412,4.53,4.61,4.55,-0.9049,-2.5185,-1.3447,0.8121,0.212,1.3146
HQC,2023-06-28,4.49,4.52,4.43,4.44,5432955,4.51,4.6,4.56,-1.5303,-3.3837,-2.5675,-0.9226,-0.251,1.2795
HQC,2023-06-29,4.44,4.46,4.35,4.35,9042221,4.48,4.58,4.56,-2.9451,-4.9388,-4.5634,-1.2362,-0.3334,1.224
HQC,2023-06-30,4.33,4.36,4.25,4.25,9997608,4.45,4.55,4.56,-4.5158,-6.6857,-6.7164,-3.2445,-0.838,1.3767
HQC,2023-07-03,4.26,4.34,4.19,4.19,7061518,4.43,4.53,4.56,-5.4603,-7.5973,-8.0293,-2.5305,-0.6515,1.287
HQC,2023-07-04,4.19,4.25,4.19,4.21,5797047,4.4,4.51,4.55,-4.4051,-6.7139,-7.566,-0.3762,-0.0935,1.1808
HQC,2023-07-05,4.23,4.31,4.23,4.28,5182030,4.38,4.49,4.56,-2.3054,-4.6877,-6.0456,0.2728,0.0701,1.1889
HQC,2023-07-06,4.29,4.29,4.12,4.13,8444524,4.33,4.46,4.55,-4.685,-7.4613,-9.1789,-1.5346,-0.3706,1.1486
HQC,2023-07-07,4.11,4.15,3.96,4.05,10281337,4.28,4.43,4.54,-5.3959,-8.6294,-10.7536,-0.1056,-0.0253,1.1124
HQC,2023-07-10,4.11,4.24,4.1,4.24,6320002,4.26,4.41,4.53,-0.5395,-3.8876,-6.4761,1.3583,0.3383,1.2393
HQC,2023-07-11,4.26,4.31,4.2,4.22,6351643,4.24,4.38,4.53,-0.3777,-3.7299,-6.798,-0.8227,-0.2155,1.2404
HQC,2023-07-12,4.25,4.25,4.15,4.16,5283330,4.21,4.36,4.52,-1.1407,-4.5543,-7.9768,-1.1534,-0.2779,1.2635
HQC,2023-07-13,4.2,4.24,4.17,4.21,6319681,4.19,4.34,4.52,0.3815,-2.9507,-6.7718,0.2052,0.0477,1.1604
HQC,2023-07-14,4.29,4.33,4.23,4.27,11932002,4.2,4.32,4.51,1.7636,-1.2374,-5.397,-0.5975,-0.1458,0.8957
HQC,2023-07-17,4.32,4.48,4.28,4.42,11304291,4.22,4.33,4.51,4.7642,2.1847,-2.039,1.1495,0.2671,0.7576
HQC,2023-07-18,4.45,4.45,4.32,4.35,7870599,4.23,4.32,4.51,2.764,0.7294,-3.5434,-1.0344,-0.2654,0.8234
HQC,2023-07-19,4.39,4.41,4.25,4.25,6511189,4.23,4.31,4.5,0.4728,-1.289,-5.6227,-1.0732,-0.2979,0.9034
HQC,2023-07-20,4.26,4.3,4.21,4.27,4042986,4.24,4.29,4.49,0.6126,-0.4314,-4.9125,0.3024,0.0731,0.7802
HQC,2023-07-21,4.3,4.35,4.27,4.31,5765519,4.27,4.28,4.48,0.9368,0.8069,-3.7818,0.0,0.0,0.7697
HQC,2023-07-24,4.35,4.55,4.33,4.5,16665930,4.3,4.28,4.48,4.7486,5.1525,0.5137,1.6271,0.46,0.7965
HQC,2023-07-25,4.5,4.54,4.39,4.41,8849916,4.31,4.28,4.47,2.2016,3.1458,-1.3864,-1.3731,-0.3621,0.8516
HQC,2023-07-26,4.4,4.45,4.36,4.38,7256977,4.34,4.27,4.47,0.9915,2.5161,-1.9344,-0.8969,-0.2153,0.8259
HQC,2023-07-27,4.4,4.54,4.38,4.46,16235891,4.36,4.28,4.46,2.2467,4.2543,-0.0807,0.0,0.0,0.8054
HQC,2023-07-28,4.5,4.65,4.49,4.59,17773898,4.39,4.3,4.47,4.4606,6.8685,2.7903,0.7892,0.2094,0.8246
HQC,2023-07-31,4.75,4.8,4.63,4.66,16667695,4.42,4.32,4.47,5.4776,7.9078,4.3066,-1.6018,-0.4116,0.8698
HQC,2023-08-01,4.71,4.75,4.5,4.5,16286634,4.43,4.33,4.47,1.5114,3.8541,0.7433,-1.7616,-0.4409,0.9425
HQC,2023-08-02,4.46,4.6,4.45,4.57,9391280,4.46,4.35,4.47,2.3516,5.1179,2.3195,1.2099,0.3215,0.9562
HQC,2023-08-03,4.57,4.65,4.5,4.58,10551547,4.5,4.37,4.47,1.8683,4.8055,2.548,0.1374,0.0335,0.9397
HQC,2023-08-04,4.63,4.9,4.57,4.9,45088258,4.56,4.41,4.47,7.5741,11.0482,9.5805,6.0674,1.7267,1.5464
HQC,2023-08-07,4.77,5.24,4.76,5.1,56172371,4.62,4.46,4.48,10.5092,14.4653,13.8495,4.6194,1.3082,1.8457
HQC,2023-08-08,5.07,5.19,4.96,4.97,30864623,4.67,4.49,4.49,6.4012,10.6165,10.7694,-3.8646,-1.1515,2.0948
HQC,2023-08-09,4.98,5.05,4.87,4.9,21354185,4.72,4.53,4.49,3.7476,8.1678,9.0877,-2.5632,-0.6636,2.2614
HQC,2023-08-10,4.89,4.99,4.85,4.88,17607420,4.76,4.56,4.49,2.4134,6.9355,8.5747,-1.569,-0.4205,2.4183
HQC,2023-08-11,4.92,4.93,4.62,4.75,20786121,4.78,4.59,4.5,-0.6484,3.5422,5.6495,-0.567,-0.1357,2.3961
HQC,2023-08-14,4.75,4.88,4.7,4.81,20034629,4.8,4.61,4.5,0.2919,4.4063,6.8794,0.8201,0.2126,2.318
HQC,2023-08-15,4.86,5.06,4.8,4.97,25631075,4.84,4.64,4.51,2.6223,7.1583,10.2729,1.5152,0.382,2.2933
HQC,2023-08-16,5.0,5.01,4.86,4.86,10899475,4.87,4.67,4.51,-0.2463,4.102,7.7701,-2.1707,-0.5256,2.3894
HQC,2023-08-17,4.87,4.94,4.71,4.71,18776623,4.88,4.69,4.51,-3.5824,0.4157,4.43,-2.499,-0.6468,2.6256
HQC,2023-08-18,4.7,4.7,4.39,4.39,32458269,4.83,4.69,4.5,-9.1849,-6.4863,-2.5484,-2.1394,-0.5579,2.2328
HQC,2023-08-21,4.15,4.38,4.1,4.19,16907508,4.74,4.68,4.5,-11.6593,-10.451,-6.7936,-1.4698,-0.3515,1.9178
HQC,2023-08-22,4.22,4.3,4.01,4.28,10931568,4.67,4.67,4.49,-8.4296,-8.4002,-4.5793,1.3132,0.3151,1.6627
HQC,2023-08-23,4.36,4.36,4.26,4.27,7131324,4.61,4.67,4.48,-7.3954,-8.5065,-4.6364,-1.2526,-0.2776,1.5316
HQC,2023-08-24,4.31,4.36,4.23,4.34,7411743,4.56,4.66,4.47,-4.7619,-6.8869,-2.9517,0.8296,0.1937,1.4577
HQC,2023-08-25,4.33,4.36,4.25,4.3,7308830,4.51,4.65,4.47,-4.6986,-7.4572,-3.7342,-0.1435,-0.0313,1.4153
HQC,2023-08-28,4.3,4.34,4.28,4.34,6448267,4.46,4.63,4.47,-2.7996,-6.2736,-2.8213,1.3434,0.2907,1.4677
HQC,2023-08-29,4.39,4.54,4.38,4.41,10002405,4.41,4.63,4.46,0.0227,-4.6693,-1.2185,-1.5169,-0.3268,1.4678
HQC,2023-08-30,4.42,4.45,4.32,4.35,5973984,4.36,4.62,4.46,-0.1836,-5.7421,-2.4926,-0.681,-0.1505,1.3189
HQC,2023-08-31,4.41,4.49,4.37,4.4,7011814,4.33,4.61,4.46,1.6871,-4.4724,-1.2789,-0.6745,-0.1393,1.1364
HQC,2023-09-05,4.44,4.49,4.4,4.43,7330905,4.33,4.58,4.45,2.2858,-3.3279,-0.5433,-0.5615,-0.1255,0.9786
HQC,2023-09-06,4.48,4.65,4.39,4.57,12847664,4.37,4.56,4.46,4.6006,0.3073,2.5307,0.709,0.1615,0.9025
HQC,2023-09-07,4.6,4.7,4.5,4.59,11840744,4.4,4.54,4.46,4.3182,1.1682,2.9333,-0.2141,-0.0489,0.7926
HQC,2023-09-08,4.59,4.67,4.57,4.6,9461101,4.43,4.52,4.46,3.7672,1.7249,3.0835,-0.687,-0.1561,0.7361
HQC,2023-09-11,4.62,4.67,4.35,4.36,13140578,4.44,4.5,4.46,-1.6911,-3.0249,-2.2991,-1.1167,-0.2579,0.7648
HQC,2023-09-12,4.36,4.43,4.32,4.42,6267079,4.45,4.48,4.47,-0.6072,-1.3283,-1.03,0.629,0.1364,0.8133
HQC,2023-09-13,4.45,4.5,4.3,4.36,7331730,4.45,4.46,4.47,-2.0004,-2.1764,-2.4478,-0.4973,-0.1053,0.7287
HQC,2023-09-14,4.35,4.41,4.18,4.22,9820780,4.43,4.42,4.47,-4.7404,-4.5141,-5.5844,-0.9133,-0.1982,0.6683
HQC,2023-09-15,4.23,4.32,4.2,4.26,4398845,4.42,4.39,4.47,-3.6417,-2.9502,-4.6809,-0.0,-0.0,0.6003
HQC,2023-09-18,4.26,4.26,4.16,4.2,4980880,4.4,4.36,4.47,-4.5671,-3.758,-6.0529,-0.2535,-0.0552,0.5582
HQC,2023-09-19,4.1,4.2,4.07,4.15,7433041,4.37,4.35,4.47,-5.0995,-4.6415,-7.2128,0.3355,0.0637,0.5355
HQC,2023-09-20,4.15,4.29,4.15,4.28,3733915,4.34,4.36,4.47,-1.4733,-1.756,-4.3233,0.6317,0.1342,0.5278
HQC,2023-09-21,4.28,4.35,4.26,4.29,4299306,4.31,4.36,4.47,-0.5563,-1.5378,-4.1298,-0.2127,-0.0433,0.5277
HQC,2023-09-22,4.25,4.27,4.05,4.1,6826467,4.26,4.35,4.47,-3.8462,-5.7146,-8.3512,-0.4225,-0.0884,0.5012
HQC,2023-09-25,4.1,4.24,3.82,3.82,7781080,4.21,4.32,4.47,-9.2637,-11.6252,-14.461,-0.8243,-0.1798,0.472
HQC,2023-09-26,3.8,3.92,3.75,3.75,6475443,4.14,4.3,4.46,-9.4859,-12.6892,-15.8325,-0.9124,-0.2002,0.5003
HQC,2023-09-27,3.75,3.82,3.56,3.73,6333269,4.08,4.26,4.44,-8.5784,-12.5337,-16.0213,0.2651,0.0527,0.4771
HQC,2023-09-28,3.74,3.88,3.74,3.83,5800868,4.04,4.24,4.43,-5.2215,-9.5738,-13.5674,0.496,0.0898,0.4354
HQC,2023-09-29,3.84,3.9,3.8,3.83,2680092,4.0,4.21,4.42,-4.2021,-9.0153,-13.4033,-0.3223,-0.0631,0.4676
HQC,2023-10-02,3.84,3.89,3.83,3.85,2491637,3.96,4.18,4.41,-2.8514,-7.9388,-12.7854,-0.4002,-0.0849,0.4823
HQC,2023-10-03,3.83,3.83,3.59,3.59,7012248,3.91,4.14,4.4,-8.1136,-13.285,-18.4091,-0.8819,-0.1819,0.5369
HQC,2023-10-04,3.5,3.64,3.47,3.61,5760493,3.84,4.09,4.38,-5.9896,-11.7791,-17.6213,1.0735,0.201,0.5811
HQC,2023-10-05,3.65,3.68,3.55,3.55,2702655,3.77,4.04,4.36,-5.7355,-12.1287,-18.6712,-0.6136,-0.1175,0.6212
HQC,2023-10-06,3.48,3.6,3.47,3.59,2730546,3.72,3.99,4.35,-3.3647,-10.0138,-17.4561,0.5298,0.1013,0.6319
HQC,2023-10-09,3.58,3.63,3.56,3.6,2928726,3.69,3.95,4.33,-2.5183,-8.8954,-16.8975,0.1259,0.0238,0.5621
HQC,2023-10-10,3.61,3.85,3.61,3.85,7907171,3.7,3.92,4.32,3.9698,-1.8608,-10.8218,1.6695,0.3345,0.6378
HQC,2023-10-11,3.87,3.9,3.75,3.85,4814727,3.72,3.9,4.3,3.6339,-1.2187,-10.4859,0.376,0.073,0.6489
HQC,2023-10-12,3.85,3.99,3.8,3.8,6421514,3.71,3.88,4.29,2.3707,-1.9734,-11.3599,-2.3813,-0.4732,0.8374
HQC,2023-10-13,3.75,3.81,3.69,3.78,3645309,3.71,3.85,4.27,1.9692,-1.8819,-11.5003,0.4971,0.0869,0.8549
HQC,2023-10-16,3.82,3.99,3.78,3.87,8706733,3.71,3.84,4.26,4.3408,0.8863,-9.0909,-0.2677,-0.0505,0.8416
HQC,2023-10-17,3.95,3.95,3.83,3.83,3253470,3.73,3.82,4.24,2.5984,0.2618,-9.576,-0.5678,-0.1128,0.8102
HQC,2023-10-18,3.82,3.84,3.57,3.57,6631675,3.73,3.78,4.2,-4.2639,-5.6679,-15.1011,-1.5373,-0.3081,0.8566
HQC,2023-10-19,3.6,3.63,3.38,3.44,5049558,3.72,3.74,4.17,-7.4771,-8.0706,-17.5929,-0.6741,-0.1243,0.8627
HQC,2023-10-20,3.24,3.55,3.24,3.55,7254067,3.71,3.71,4.15,-4.4157,-4.4286,-14.4042,1.3288,0.2478,0.9426
HQC,2023-10-23,3.59,3.67,3.5,3.5,5085876,3.7,3.7,4.12,-5.5076,-5.367,-15.0444,-1.9297,-0.3785,1.1229
HQC,2023-10-24,3.52,3.6,3.5,3.54,2893267,3.67,3.69,4.1,-3.621,-4.013,-13.5658,-0.2124,-0.0403,0.9772
HQC,2023-10-25,3.55,3.62,3.52,3.52,3015000,3.64,3.68,4.07,-3.2967,-4.2828,-13.5093,-0.829,-0.1642,1.0225
HQC,2023-10-26,3.48,3.49,3.28,3.28,11422530,3.59,3.65,4.04,-8.5842,-10.137,-18.7314,-1.258,-0.2555,0.9102
HQC,2023-10-27,3.32,3.34,3.08,3.28,5652172,3.54,3.62,4.0,-7.2923,-9.4548,-18.0901,0.7822,0.1439,0.9387
HQC,2023-10-30,3.25,3.27,3.15,3.15,2505710,3.47,3.59,3.97,-9.1171,-12.1951,-20.7188,-0.6353,-0.1185,0.9755
HQC,2023-10-31,3.17,3.23,2.93,2.93,4873098,3.38,3.55,3.94,-13.2109,-17.5693,-25.7099,-0.9155,-0.1641,1.0102
HQC,2023-11-01,2.94,3.05,2.85,3.05,5986930,3.32,3.53,3.92,-8.2431,-13.512,-22.2177,1.1023,0.1959,0.9667
HQC,2023-11-02,3.13,3.25,3.09,3.24,5211468,3.3,3.51,3.9,-1.937,-7.7186,-16.9316,0.6889,0.1276,0.9682
HQC,2023-11-03,3.29,3.29,3.1,3.19,4388954,3.27,3.49,3.88,-2.3868,-8.6222,-17.7581,-0.0686,-0.0109,0.8422
HQC,2023-11-06,3.19,3.29,3.19,3.23,5811013,3.24,3.47,3.86,-0.3394,-6.9834,-16.2475,-0.3394,-0.0611,0.6831
HQC,2023-11-07,3.22,3.25,3.18,3.19,2857279,3.21,3.44,3.83,-0.4991,-7.254,-16.8058,-0.6815,-0.1267,0.7301
HQC,2023-11-08,3.21,3.37,3.18,3.37,7999363,3.19,3.42,3.82,5.6095,-1.3322,-11.6645,0.9216,0.1712,0.7393
HQC,2023-11-09,3.4,3.6,3.39,3.56,14963323,3.22,3.4,3.8,10.5934,4.5982,-6.2665,1.5468,0.291,0.7682
HQC,2023-11-10,3.41,3.6,3.4,3.47,7475993,3.24,3.39,3.78,7.1649,2.4203,-8.2108,-0.4645,-0.0849,0.7364
HQC,2023-11-13,3.52,3.6,3.42,3.51,6393326,3.27,3.37,3.76,7.2083,4.1543,-6.7134,-0.0,-0.0,0.6729
HQC,2023-11-14,3.55,3.58,3.45,3.49,5197983,3.33,3.35,3.74,4.8048,4.0859,-6.7792,-0.7027,-0.1408,0.6516
HQC,2023-11-15,3.55,3.6,3.48,3.49,8545995,3.37,3.35,3.72,3.4381,4.2102,-6.2382,-1.3145,-0.2486,0.6728
HQC,2023-11-16,3.48,3.6,3.47,3.6,11968019,3.41,3.36,3.7,5.5718,7.2386,-2.7658,2.3262,0.4359,0.8366
HQC,2023-11-17,3.63,3.83,3.6,3.63,15508001,3.45,3.36,3.68,5.0955,8.0036,-1.439,-1.8369,-0.3805,1.0134
HQC,2023-11-20,3.62,3.64,3.51,3.63,7225068,3.49,3.37,3.67,3.8924,7.7951,-1.0468,1.3051,0.2689,1.11
HQC,2023-11-21,3.69,3.72,3.58,3.64,5053317,3.54,3.37,3.65,2.8539,7.9318,-0.3504,-0.232,-0.0406,1.065
HQC,2023-11-22,3.62,3.7,3.6,3.69,6329837,3.57,3.38,3.64,3.3324,9.1393,1.3903,0.9279,0.1795,1.0657
HQC,2023-11-23,3.7,3.73,3.5,3.5,8013534,3.56,3.39,3.62,-1.8233,3.184,-3.4483,-0.8474,-0.166,0.9957
HQC,2023-11-24,3.52,3.58,3.35,3.45,9249151,3.56,3.4,3.61,-3.1715,1.4557,-4.4004,-0.164,-0.0297,0.9657
HQC,2023-11-27,3.49,3.54,3.46,3.5,4646370,3.56,3.42,3.59,-1.7406,2.3991,-2.6371,0.0,0.0,0.9657
HQC,2023-11-28,3.5,3.51,3.38,3.47,4343794,3.56,3.44,3.58,-2.5281,0.7257,-3.1051,0.3634,0.0668,0.9317
HQC,2023-11-29,3.49,3.59,3.47,3.59,5434333,3.57,3.47,3.57,0.5602,3.3986,0.6335,1.8265,0.3403,0.9829
HQC,2023-11-30,3.64,3.84,3.61,3.74,24910355,3.58,3.5,3.56,4.3527,6.9488,5.1625,0.6399,0.1228,0.8143
HQC,2023-12-01,3.73,3.78,3.62,3.67,6358375,3.59,3.52,3.55,2.2854,4.2318,3.4444,-0.8862,-0.18,0.7192
HQC,2023-12-04,3.74,3.82,3.7,3.76,12121209,3.6,3.55,3.55,4.4154,5.9901,6.017,-0.0,-0.0,0.5887
HQC,2023-12-05,3.76,3.78,3.69,3.7,9763328,3.61,3.57,3.55,2.5783,3.5544,4.3547,-1.7881,-0.3507,0.7444
HQC,2023-12-06,3.71,3.83,3.71,3.8,9206317,3.62,3.59,3.55,5.0304,5.7171,7.1328,0.9247,0.1856,0.744
HQC,2023-12-07,4.0,4.06,3.96,4.06,41443812,3.67,3.62,3.55,10.5063,12.1702,14.3147,9.2444,2.2054,1.5837
HQC,2023-12-08,4.2,4.29,4.05,4.11,18901358,3.74,3.65,3.56,9.893,12.5565,15.5403,-2.7015,-0.5548,1.8375
HQC,2023-12-11,4.11,4.13,3.93,4.0,12274085,3.79,3.68,3.56,5.5409,8.8139,12.3532,-1.1848,-0.2531,1.956
HQC,2023-12-12,4.0,4.09,4.0,4.02,5633967,3.84,3.7,3.57,4.5514,8.5753,12.6429,-1.0637,-0.2233,2.026
HQC,2023-12-13,4.07,4.27,4.03,4.05,11181503,3.89,3.73,3.58,4.0864,8.5645,13.2044,-1.6233,-0.3362,2.0057
HQC,2023-12-14,4.15,4.28,4.03,4.15,15304257,3.93,3.76,3.59,5.5443,10.4311,15.6118,-0.1391,-0.031,1.9556
HQC,2023-12-15,4.29,4.44,4.25,4.44,29489026,4.01,3.8,3.61,10.7508,16.8882,23.1076,8.106,1.7802,2.6776
HQC,2023-12-18,4.57,4.7,4.51,4.59,19300125,4.09,3.85,3.63,12.1701,19.3293,26.5718,-0.96,-0.2243,2.7736
HQC,2023-12-19,4.5,4.57,4.27,4.27,13870473,4.15,3.88,3.63,2.9164,10.1083,17.4755,-3.1848,-0.7238,2.9132
HQC,2023-12-20,4.1,4.23,4.07,4.16,19868487,4.19,3.9,3.64,-0.5974,6.6257,14.2543,1.3063,0.2568,2.9514
HQC,2023-12-21,4.14,4.28,4.09,4.23,5855090,4.2,3.94,3.65,0.6663,7.4149,15.9031,1.1601,0.2458,2.143
HQC,2023-12-22,4.21,4.3,4.07,4.13,8292432,4.2,3.97,3.66,-1.7602,3.9778,12.9465,-1.4451,-0.3103,2.0173
HQC,2023-12-25,4.15,4.19,4.08,4.1,11325577,4.21,4.0,3.66,-2.7053,2.4488,11.9851,-2.7372,-0.519,2.1726
HQC,2023-12-26,4.1,4.14,4.07,4.09,8468577,4.22,4.03,3.67,-3.1035,1.4133,11.5536,-1.4061,-0.2733,2.2068
HQC,2023-12-27,4.13,4.25,4.1,4.17,9495163,4.23,4.06,3.68,-1.4883,2.6588,13.3645,-0.1717,-0.0365,2.0616
HQC,2023-12-28,4.22,4.22,4.08,4.09,8217806,4.23,4.08,3.69,-3.2411,0.2574,10.7981,-2.3701,-0.4926,2.2847
HQC,2023-12-29,4.1,4.17,4.09,4.14,5986223,4.2,4.1,3.7,-1.3581,0.9018,11.7952,0.4325,0.0872,1.5174
HQC,2024-01-02,4.25,4.25,4.15,4.16,6852009,4.15,4.12,3.72,0.1444,0.8974,11.9363,-1.1194,-0.2465,1.5333
HQC,2024-01-03,4.14,4.45,4.13,4.45,21532245,4.17,4.16,3.73,6.6635,6.9583,19.156,4.3214,1.0294,1.647
HQC,2024-01-04,4.54,4.55,4.36,4.36,12937993,4.19,4.19,3.75,4.0076,4.0945,16.2233,-2.1109,-0.4772,1.7275
HQC,2024-01-05,4.31,4.4,4.2,4.28,10975089,4.2,4.2,3.77,1.9776,1.9169,13.4857,-0.6672,-0.1486,1.6782
HQC,2024-01-08,4.31,4.38,4.28,4.32,7956895,4.22,4.21,3.79,2.4668,2.6128,13.918,-0.3855,-0.0859,1.5722
HQC,2024-01-09,4.36,4.44,4.3,4.32,6744895,4.24,4.23,3.82,1.9349,2.2243,13.2194,-1.1287,-0.26,1.4113
HQC,2024-01-10,4.33,4.35,4.17,4.18,9636205,4.25,4.23,3.84,-1.5776,-1.2754,8.8372,-2.0283,-0.4498,1.4736
HQC,2024-01-11,4.19,4.3,4.17,4.22,5739885,4.25,4.24,3.86,-0.7526,-0.5303,9.2133,-0.4005,-0.0931,1.4964
HQC,2024-01-12,4.2,4.2,4.05,4.16,12912563,4.26,4.24,3.88,-2.3245,-1.9562,7.1502,1.2735,0.2936,1.3868
HQC,2024-01-15,4.16,4.2,4.12,4.12,3923250,4.26,4.23,3.9,-3.2182,-2.5313,5.6139,-0.8695,-0.1989,1.4305
HQC,2024-01-16,4.12,4.2,4.08,4.16,4610732,4.26,4.21,3.92,-2.2786,-1.0819,6.1333,0.321,0.0667,1.3506
HQC,2024-01-17,4.17,4.19,4.13,4.13,2994452,4.22,4.2,3.94,-2.2485,-1.6315,4.8649,-0.8145,-0.1712,1.0
HQC,2024-01-18,4.14,4.18,4.12,4.13,4863639,4.2,4.2,3.95,-1.7135,-1.5964,4.4618,-1.2113,-0.245,0.91
HQC,2024-01-19,4.17,4.19,4.11,4.12,5593237,4.19,4.19,3.96,-1.5767,-1.7058,3.9144,-1.1076,-0.2375,0.954
HQC,2024-01-22,4.13,4.2,4.11,4.2,5070848,4.17,4.19,3.98,0.6229,0.1192,5.5435,1.4405,0.3122,1.0595
HQC,2024-01-23,4.21,4.21,4.15,4.19,3647706,4.16,4.2,3.99,0.6969,-0.2262,4.9336,0.398,0.0846,0.9865
HQC,2024-01-24,4.19,4.39,4.16,4.23,9177804,4.17,4.21,4.01,1.5362,0.5587,5.5442,-1.1936,-0.2519,0.903
HQC,2024-01-25,4.23,4.27,4.17,4.18,3361706,4.16,4.21,4.02,0.4325,-0.6418,3.9387,-1.0853,-0.2215,0.9715
HQC,2024-01-26,4.19,4.24,4.16,4.16,4408067,4.16,4.21,4.03,-0.0481,-1.1994,3.1541,-1.705,-0.3444,1.0146
HQC,2024-01-29,4.17,4.22,4.15,4.15,3617140,4.16,4.21,4.04,-0.3601,-1.4486,2.6415,-1.0539,-0.2283,1.0331
HQC,2024-01-30,4.15,4.18,4.13,4.13,3960782,4.16,4.21,4.05,-0.7689,-1.8886,1.8948,-1.1817,-0.234,1.1191
HQC,2024-01-31,4.15,4.17,4.07,4.1,8628290,4.16,4.19,4.06,-1.4186,-2.1947,0.9256,-0.4988,-0.112,1.0876
HQC,2024-02-01,4.1,4.18,4.09,4.12,3357701,4.16,4.18,4.07,-0.9139,-1.4354,1.2036,-0.3873,-0.0706,1.0052
HQC,2024-02-02,4.13,4.19,4.11,4.11,3680682,4.16,4.17,4.08,-1.1306,-1.4743,0.6563,-0.8608,-0.174,0.9805
HQC,2024-02-05,4.12,4.17,4.08,4.1,4280217,4.15,4.16,4.1,-1.1333,-1.4542,0.0928,-0.5748,-0.1246,0.8939
HQC,2024-02-06,4.1,4.14,4.1,4.13,3228940,4.14,4.15,4.11,-0.2656,-0.5059,0.516,0.5382,0.1017,0.9079
HQC,2024-02-07,4.16,4.17,4.1,4.17,6071518,4.14,4.15,4.12,0.8464,0.4698,1.1449,1.9113,0.397,0.9797
HQC,2024-02-15,4.22,4.28,4.16,4.18,5286239,4.14,4.15,4.13,1.0883,0.7593,1.0981,-0.9457,-0.1964,0.9658
HQC,2024-02-16,4.22,4.34,4.18,4.31,13611777,4.15,4.16,4.15,3.8554,3.7055,3.9556,2.173,0.4447,1.0126
HQC,2024-02-19,4.31,4.34,4.24,4.26,7495461,4.16,4.16,4.16,2.3792,2.3301,2.458,-0.9462,-0.1883,1.0018
HQC,2024-02-20,4.28,4.28,4.19,4.2,7069000,4.17,4.16,4.17,0.7678,0.8403,0.8016,-1.3716,-0.2741,1.0208
HQC,2024-02-21,4.2,4.27,4.17,4.22,6406413,4.18,4.17,4.18,0.9569,1.2112,1.0294,0.0,0.0,0.9709
HQC,2024-02-22,4.25,4.43,4.25,4.28,12896388,4.2,4.18,4.19,2.0019,2.4659,2.2309,-1.7851,-0.3783,1.1107
HQC,2024-02-23,4.32,4.32,4.15,4.16,9130296,4.2,4.18,4.19,-0.976,-0.4547,-0.6828,-0.7983,-0.1651,1.1044
HQC,2024-02-26,4.17,4.19,4.14,4.15,4916978,4.21,4.18,4.19,-1.3314,-0.6345,-0.9405,-0.6072,-0.1175,1.1077
HQC,2024-02-27,4.16,4.19,4.11,4.17,7669436,4.21,4.18,4.19,-0.9501,-0.1317,-0.5438,0.8213,0.1568,1.136
HQC,2024-02-28,4.18,4.21,4.14,4.16,4112030,4.21,4.17,4.2,-1.1642,-0.2876,-0.8485,-0.4267,-0.081,0.9875
HQC,2024-02-29,4.2,4.24,4.15,4.17,5717303,4.21,4.17,4.2,-0.903,-0.036,-0.667,-0.6701,-0.1319,0.96
HQC,2024-03-01,4.18,4.22,4.16,4.22,6903514,4.2,4.17,4.2,0.5001,1.09,0.4905,1.4477,0.2967,0.8874
HQC,2024-03-04,4.29,4.29,4.21,4.21,7693081,4.19,4.18,4.19,0.3815,0.778,0.3624,-1.5792,-0.2907,0.9507
HQC,2024-03-05,4.2,4.34,4.18,4.28,11350760,4.2,4.19,4.19,1.8563,2.27,2.1821,0.5415,0.1003,0.8677
HQC,2024-03-06,4.57,4.57,4.51,4.57,45904577,4.24,4.21,4.19,7.8593,8.5898,8.9496,8.4135,1.9143,1.7091
HQC,2024-03-07,4.6,4.63,4.4,4.43,14449123,4.25,4.22,4.2,4.1863,4.8769,5.4762,-2.0107,-0.3975,1.7316
HQC,2024-03-08,4.47,4.5,4.3,4.3,14477101,4.27,4.23,4.2,0.797,1.5708,2.3468,-1.406,-0.2937,1.7924
HQC,2024-03-11,4.3,4.42,4.2,4.21,9541501,4.27,4.24,4.2,-1.4513,-0.6841,0.1665,-1.5419,-0.2976,1.8859
HQC,2024-03-12,4.3,4.32,4.22,4.23,6747120,4.28,4.24,4.21,-1.122,-0.3299,0.5802,-1.3556,-0.2752,1.9393
HQC,2024-03-13,4.33,4.35,4.26,4.35,7713890,4.3,4.25,4.21,1.2334,2.2807,3.3058,1.0575,0.1952,2.0024
HQC,2024-03-14,4.4,4.55,4.36,4.41,16071812,4.32,4.26,4.22,2.0597,3.4119,4.6114,-1.4548,-0.276,2.0808
HQC,2024-03-15,4.44,4.56,4.41,4.5,16165306,4.35,4.27,4.22,3.4721,5.2878,6.5391,0.6382,0.1251,1.9999
HQC,2024-03-18,4.65,4.81,4.5,4.72,34350981,4.4,4.3,4.24,7.2727,9.8441,11.4417,2.0343,0.4045,2.0454
HQC,2024-03-19,4.72,4.73,4.5,4.55,11209717,4.43,4.31,4.24,2.7784,5.4583,7.2304,-1.3758,-0.2889,2.1288
HQC,2024-03-20,4.55,4.55,4.45,4.55,8939563,4.42,4.33,4.25,2.8249,5.0566,7.1799,1.5905,0.3388,1.4465
HQC,2024-03-21,4.61,4.64,4.52,4.58,10257551,4.44,4.35,4.25,3.1532,5.3843,7.7748,0.0,0.0,1.2455
HQC,2024-03-22,4.57,4.66,4.48,4.53,12445080,4.46,4.36,4.25,1.5012,3.792,6.473,-0.9592,-0.1895,1.2008
HQC,2024-03-25,4.54,4.65,4.51,4.53,12668269,4.5,4.38,4.26,0.7786,3.3421,6.368,-1.524,-0.3073,1.199
HQC,2024-03-26,4.53,4.56,4.49,4.5,12023568,4.52,4.4,4.26,-0.4865,2.2727,5.5743,-1.4766,-0.3078,1.2111
HQC,2024-03-27,4.53,4.59,4.5,4.52,8039491,4.54,4.42,4.27,-0.4186,2.3087,5.8746,-1.0816,-0.2197,1.2135
HQC,2024-03-28,4.55,4.6,4.49,4.52,6678419,4.55,4.44,4.28,-0.6593,1.9051,5.726,-0.6699,-0.1299,1.135
HQC,2024-03-29,4.56,4.56,4.46,4.46,7596554,4.55,4.45,4.28,-1.8918,0.2811,4.1764,-1.5354,-0.2988,1.2247
HQC,2024-04-01,4.46,4.47,4.35,4.43,10294719,4.52,4.46,4.29,-1.9261,-0.6392,3.326,1.0128,0.1986,1.1226
HQC,2024-04-02,4.39,4.43,4.32,4.4,9008114,4.5,4.46,4.29,-2.2657,-1.4447,2.5115,0.5676,0.1081,1.0418
HQC,2024-04-03,4.43,4.47,4.3,4.3,6028621,4.48,4.45,4.3,-3.9535,-3.3925,0.1024,-0.7968,-0.15,0.9624
HQC,2024-04-04,4.33,4.39,4.28,4.3,7484915,4.45,4.44,4.3,-3.3491,-3.2512,0.0233,-0.8103,-0.156,1.0434
HQC,2024-04-05,4.3,4.36,4.25,4.28,9534013,4.42,4.44,4.3,-3.255,-3.6795,-0.516,-0.632,-0.1233,1.0107
HQC,2024-04-08,4.3,4.34,4.24,4.24,6191855,4.4,4.44,4.3,-3.5267,-4.6119,-1.4641,-1.2331,-0.2417,0.9816
HQC,2024-04-09,4.27,4.28,4.2,4.25,5982183,4.37,4.45,4.3,-2.746,-4.4085,-1.2592,0.3163,0.0593,0.8656
HQC,2024-04-10,4.3,4.31,4.23,4.23,4425053,4.34,4.44,4.3,-2.557,-4.7297,-1.7239,-0.9108,-0.1767,0.8485
HQC,2024-04-11,4.16,4.21,4.15,4.17,7601997,4.31,4.43,4.3,-3.1584,-5.8266,-3.1134,-0.7497,-0.145,0.8565
HQC,2024-04-12,4.2,4.26,4.18,4.2,4351168,4.28,4.41,4.3,-1.8692,-4.8266,-2.4345,-0.552,-0.1096,0.7582
HQC,2024-04-15,4.18,4.23,3.91,3.91,11678520,4.23,4.37,4.3,-7.5213,-10.5775,-9.0698,-0.9372,-0.1858,0.7506
HQC,2024-04-16,3.87,3.91,3.64,3.76,12293866,4.16,4.33,4.29,-9.7022,-13.2241,-12.4074,-0.2268,-0.0397,0.7165
HQC,2024-04-17,3.8,3.83,3.74,3.74,4681906,4.11,4.29,4.29,-8.9581,-12.8713,-12.7269,-0.7601,-0.1459,0.7128
HQC,2024-04-19,3.67,3.74,3.52,3.65,6810059,4.04,4.25,4.28,-9.7205,-14.0367,-14.6399,0.2107,0.0379,0.6529
HQC,2024-04-22,3.67,3.79,3.67,3.75,4152385,3.99,4.21,4.27,-6.015,-10.8628,-12.1533,0.4955,0.0902,0.6392
HQC,2024-04-23,3.77,3.78,3.65,3.65,3687432,3.93,4.16,4.26,-7.1483,-12.3228,-14.3152,-1.0703,-0.1934,0.6229
HQC,2024-04-24,3.69,3.8,3.66,3.78,4460423,3.88,4.13,4.25,-2.6777,-8.408,-11.1174,0.7109,0.1149,0.6624
HQC,2024-04-25,3.75,3.76,3.7,3.7,2699501,3.83,4.09,4.24,-3.4195,-9.4469,-12.8058,-1.1992,-0.1779,0.6912
HQC,2024-04-26,3.68,3.79,3.68,3.79,4052146,3.79,4.05,4.24,-0.0791,-6.4082,-10.5204,1.6038,0.2463,0.7766
HQC,2024-05-02,3.8,4.0,3.8,3.83,3315751,3.76,4.02,4.23,1.9702,-4.6789,-9.3706,-1.0243,-0.1705,0.8239
HQC,2024-05-03,3.84,3.88,3.81,3.81,3811441,3.75,3.99,4.22,1.7085,-4.4394,-9.6514,-1.2379,-0.2059,0.8539
HQC,2024-05-06,3.82,3.94,3.8,3.89,4965364,3.76,3.96,4.21,3.485,-1.8049,-7.6185,0.2986,0.0564,0.8611
HQC,2024-05-07,3.9,3.92,3.83,3.89,3242772,3.77,3.94,4.2,3.0737,-1.2941,-7.4735,0.4155,0.0618,0.8267
HQC,2024-05-08,3.84,3.88,3.8,3.83,3543733,3.79,3.92,4.2,1.0021,-2.2336,-8.7052,-0.2037,-0.0362,0.826
HQC,2024-05-09,3.84,3.86,3.8,3.8,3086622,3.8,3.89,4.19,0.079,-2.4014,-9.2646,-0.8451,-0.1367,0.8609
HQC,2024-05-10,3.83,3.86,3.78,3.85,3210502,3.82,3.87,4.18,0.8646,-0.6195,-7.9388,0.7531,0.1312,0.8292
HQC,2024-05-13,3.9,4.11,3.89,4.11,16919487,3.85,3.87,4.18,6.7532,6.2839,-1.6935,6.0905,1.2767,1.3672
HQC,2024-05-14,4.15,4.16,4.01,4.01,6263432,3.88,3.86,4.18,3.3239,3.9938,-4.0165,-2.1745,-0.3897,1.4647
HQC,2024-05-15,4.01,4.05,3.99,4.01,7200801,3.9,3.85,4.17,2.7415,4.21,-3.9429,-0.7024,-0.1206,1.3745
HQC,2024-05-16,4.03,4.09,3.99,3.99,4379801,3.92,3.84,4.17,1.8117,3.9739,-4.3165,-0.9927,-0.1773,1.3714
HQC,2024-05-17,4.03,4.03,3.95,4.0,4717589,3.94,3.84,4.17,1.5744,4.1124,-3.98,0.2674,0.0473,1.2743
HQC,2024-05-20,4.05,4.08,4.0,4.02,5369978,3.95,3.85,4.16,1.7464,4.2802,-3.3793,-0.4667,-0.0815,1.2911
HQC,2024-05-21,4.05,4.23,4.03,4.08,9196612,3.97,3.87,4.15,2.7708,5.3719,-1.7057,-0.9795,-0.1783,1.3476
HQC,2024-05-22,4.12,4.16,4.05,4.05,5998980,3.99,3.89,4.14,1.4529,4.0596,-2.2495,-0.9606,-0.185,1.4232
HQC,2024-05-23,4.19,4.27,4.15,4.15,13780235,4.03,3.91,4.14,3.0544,6.0838,0.2367,-2.313,-0.4061,1.57
HQC,2024-05-24,4.18,4.22,4.04,4.04,10255862,4.05,3.93,4.14,-0.1483,2.7598,-2.34,-1.8496,-0.3285,1.6797
HQC,2024-05-27,4.08,4.14,4.04,4.1,3291895,4.04,3.95,4.13,1.3597,3.8632,-0.8272,0.1905,0.0372,1.0897
HQC,2024-05-28,4.14,4.17,4.1,4.11,4489564,4.06,3.97,4.13,1.3564,3.5786,-0.4698,-0.7833,-0.1377,0.9506
HQC,2024-05-29,4.11,4.26,4.11,4.18,13292263,4.07,3.99,4.12,2.6523,4.8276,1.3382,-0.1407,-0.0275,0.8944
HQC,2024-05-30,4.25,4.35,4.21,4.25,12296143,4.1,4.01,4.12,3.7091,6.0247,3.1603,-0.9697,-0.1661,0.8921
HQC,2024-05-31,4.26,4.34,4.21,4.23,5801558,4.12,4.03,4.11,2.645,4.9758,2.9197,-1.0957,-0.208,0.9749
HQC,2024-06-03,4.3,4.4,4.22,4.24,11580473,4.14,4.05,4.1,2.3413,4.769,3.3189,-1.8142,-0.3533,1.1097
HQC,2024-06-04,4.28,4.29,4.2,4.22,5470481,4.16,4.06,4.1,1.5155,3.8514,2.9972,-0.6844,-0.127,1.0802
HQC,2024-06-05,4.25,4.25,4.18,4.18,6751439,4.17,4.08,4.09,0.2398,2.4259,2.2205,-1.2305,-0.2073,1.1071
HQC,2024-06-06,4.21,4.22,4.12,4.12,4904792,4.17,4.1,4.08,-1.1279,0.5614,0.9556,-1.5239,-0.2648,1.0282
HQC,2024-06-07,4.13,4.19,4.12,4.13,3782624,4.18,4.11,4.07,-1.1015,0.4622,1.3995,-0.9286,-0.1717,0.9361
HQC,2024-06-10,4.15,4.18,4.12,4.12,4410017,4.18,4.11,4.07,-1.3882,0.2067,1.343,-1.1386,-0.2045,1.0309
HQC,2024-06-11,4.13,4.17,4.07,4.1,5522441,4.18,4.12,4.06,-1.8434,-0.3887,1.0599,-0.4079,-0.0702,0.9934
HQC,2024-06-12,4.08,4.13,4.08,4.11,3768641,4.17,4.12,4.05,-1.4388,-0.2669,1.5116,0.144,0.0244,0.9937
HQC,2024-06-13,4.13,4.18,4.11,4.12,3824183,4.16,4.13,4.04,-0.8901,-0.1817,1.9297,-0.654,-0.1084,0.9622
HQC,2024-06-14,4.16,4.16,4.05,4.07,5807838,4.14,4.13,4.03,-1.7146,-1.4766,0.8724,-0.3762,-0.069,0.8902
HQC,2024-06-17,4.08,4.08,3.99,4.0,6731827,4.12,4.13,4.03,-2.8419,-3.1477,-0.6655,-1.2617,-0.2064,0.835
HQC,2024-06-18,4.03,4.05,3.99,4.01,4994780,4.1,4.13,4.02,-2.0996,-2.8232,-0.2736,-0.3621,-0.0562,0.8027
HQC,2024-06-19,4.01,4.03,3.96,3.98,2868276,4.08,4.12,4.01,-2.3553,-3.4683,-0.8619,-0.3044,-0.0492,0.7101
HQC,2024-06-20,4.04,4.04,3.91,3.97,2838353,4.06,4.11,4.01,-2.2408,-3.5002,-0.958,-0.053,-0.0094,0.5631
HQC,2024-06-21,3.98,3.98,3.91,3.91,3013600,4.04,4.11,4.0,-3.1939,-4.8083,-2.294,-0.6773,-0.1173,0.5379
HQC,2024-06-24,3.93,4.05,3.87,3.92,5644345,4.02,4.1,4.0,-2.4633,-4.3553,-1.8823,-0.3179,-0.0519,0.4558
HQC,2024-06-25,3.92,3.96,3.88,3.89,2599946,4.0,4.09,3.99,-2.7014,-4.8318,-2.4672,-0.7592,-0.1209,0.491
HQC,2024-06-26,3.89,3.94,3.86,3.87,3117057,3.97,4.07,3.98,-2.617,-4.9607,-2.8224,-0.7416,-0.1079,0.5507
HQC,2024-06-27,3.9,3.9,3.84,3.85,2649888,3.95,4.05,3.98,-2.4576,-4.9852,-3.1544,-0.72,-0.1216,0.5573
HQC,2024-06-28,3.85,3.88,3.75,3.75,4274716,3.92,4.03,3.97,-4.2146,-6.9017,-5.5939,-1.0148,-0.168,0.6212
HQC,2024-07-01,3.78,3.82,3.72,3.82,2190768,3.9,4.01,3.97,-1.9759,-4.6668,-3.8607,0.7798,0.1069,0.573
HQC,2024-07-02,3.82,3.87,3.82,3.87,1443671,3.88,3.99,3.98,-0.3348,-2.9954,-2.666,0.5313,0.0791,0.5899
HQC,2024-07-03,3.89,3.9,3.85,3.86,1840752,3.87,3.97,3.98,-0.2842,-2.8564,-3.0199,-0.4686,-0.0724,0.6063
HQC,2024-07-04,3.86,3.88,3.82,3.85,1986828,3.86,3.96,3.98,-0.2332,-2.7778,-3.3198,0.0,0.0,0.601
HQC,2024-07-05,3.85,3.85,3.81,3.83,2354430,3.85,3.94,3.99,-0.5453,-2.9151,-3.9089,0.0,0.0,0.5333
HQC,2024-07-08,3.85,3.86,3.79,3.8,1931375,3.84,3.93,3.99,-1.0159,-3.2833,-4.6711,-0.3501,-0.0537,0.5365
HQC,2024-07-09,3.79,3.83,3.78,3.81,2390742,3.83,3.91,3.99,-0.5482,-2.6696,-4.473,0.114,0.0183,0.472
HQC,2024-07-10,3.83,3.87,3.8,3.82,2601877,3.83,3.9,3.99,-0.1568,-2.0513,-4.2367,-0.2536,-0.0382,0.4232
HQC,2024-07-11,3.84,3.88,3.84,3.84,2189430,3.82,3.89,3.99,0.3922,-1.1837,-3.7401,-0.5726,-0.0881,0.4085
HQC,2024-07-12,3.85,3.88,3.81,3.83,1769183,3.83,3.87,3.99,-0.0783,-1.1358,-4.0004,-0.2631,-0.0439,0.3333
HQC,2024-07-15,3.83,3.88,3.82,3.83,1729409,3.83,3.87,3.99,-0.1043,-0.9184,-3.9715,-0.461,-0.0753,0.3014
HQC,2024-07-16,3.86,3.86,3.78,3.78,2863908,3.82,3.85,3.99,-1.1765,-1.9201,-5.1728,-0.7485,-0.1204,0.3232
HQC,2024-07-17,3.81,3.81,3.52,3.53,9817693,3.79,3.83,3.98,-6.9093,-7.869,-11.311,-1.5354,-0.2744,0.4298
HQC,2024-07-18,3.51,3.6,3.51,3.6,4511809,3.77,3.81,3.98,-4.4332,-5.5862,-9.4613,0.9219,0.1383,0.522
HQC,2024-07-19,3.6,3.61,3.5,3.5,3364629,3.73,3.79,3.97,-6.2667,-7.7126,-11.821,-0.7833,-0.1369,0.6004
HQC,2024-07-22,3.54,3.55,3.35,3.37,4530025,3.69,3.77,3.95,-8.6968,-10.4914,-14.7785,-0.8294,-0.1254,0.6483
HQC,2024-07-23,3.38,3.43,3.37,3.39,2133954,3.65,3.74,3.94,-7.0978,-9.3583,-14.003,-0.1407,-0.0223,0.651
HQC,2024-07-24,3.37,3.47,3.35,3.47,2832535,3.61,3.72,3.93,-3.9845,-6.7204,-11.7318,0.7243,0.112,0.698
HQC,2024-07-25,3.46,3.47,3.43,3.45,1918314,3.58,3.7,3.92,-3.4965,-6.7568,-11.9988,0.0,0.0,0.6408
HQC,2024-07-26,3.5,3.5,3.44,3.44,2034800,3.54,3.68,3.91,-2.7149,-6.6359,-12.0025,-0.8726,-0.1187,0.7017
HQC,2024-07-29,3.46,3.47,3.37,3.38,2568400,3.49,3.66,3.9,-3.1796,-7.7133,-13.2533,-0.7755,-0.1145,0.7332
HQC,2024-07-30,3.38,3.41,3.36,3.38,2485400,3.45,3.64,3.88,-2.0574,-7.0918,-12.9404,-0.1486,-0.0285,0.6732
HQC,2024-07-31,3.4,3.53,3.4,3.45,3211700,3.44,3.62,3.87,0.2033,-4.6303,-10.8619,-0.1884,-0.0293,0.5385
HQC,2024-08-01,3.5,3.51,3.36,3.36,3542900,3.42,3.59,3.85,-1.7257,-6.4848,-12.8314,-0.6111,-0.0943,0.5074
HQC,2024-08-02,3.36,3.43,3.36,3.39,3178200,3.41,3.57,3.84,-0.5282,-5.0686,-11.7555,-0.0914,-0.0144,0.4382
HQC,2024-08-05,3.4,3.43,3.31,3.31,4162000,3.4,3.55,3.83,-2.7043,-6.6685,-13.4821,-0.5944,-0.101,0.4147
HQC,2024-08-06,3.38,3.41,3.31,3.38,2059400,3.4,3.52,3.81,-0.6175,-4.1135,-11.314,0.2227,0.0346,0.4229
HQC,2024-08-07,3.4,3.59,3.4,3.59,5939800,3.41,3.51,3.8,5.1861,2.1773,-5.5114,2.0494,0.3,0.5554
HQC,2024-08-08,3.59,3.6,3.5,3.54,2866200,3.42,3.5,3.79,3.4483,1.1862,-6.4779,-0.1795,-0.0344,0.5734
HQC,2024-08-09,3.54,3.59,3.49,3.49,2312200,3.43,3.48,3.77,1.8383,0.2441,-7.4369,-0.7808,-0.1066,0.5642
HQC,2024-08-12,3.5,3.51,3.43,3.47,1939500,3.44,3.46,3.76,0.9895,0.1877,-7.5899,0.0,0.0,0.4866
HQC,2024-08-13,3.44,3.52,3.43,3.46,1739900,3.44,3.45,3.74,0.4646,0.3626,-7.4817,-0.2591,-0.0386,0.4977
HQC,2024-08-14,3.5,3.54,3.47,3.48,1825100,3.45,3.44,3.73,0.9574,1.016,-6.5972,-0.4888,-0.0733,0.5277
HQC,2024-08-15,3.52,3.57,3.49,3.52,3517500,3.46,3.44,3.71,1.646,2.2958,-5.2184,-0.3627,-0.0583,0.5029
HQC,2024-08-16,3.54,3.66,3.53,3.62,5499600,3.49,3.45,3.7,3.8439,5.0189,-2.2573,0.2876,0.0489,0.5225
HQC,2024-08-19,3.65,3.7,3.6,3.6,2978300,3.51,3.46,3.69,2.4182,4.0914,-2.5236,-0.9142,-0.1454,0.5545
HQC,2024-08-20,3.61,3.75,3.61,3.68,6539400,3.55,3.47,3.68,3.8082,5.9603,-0.1303,0.0,0.0,0.5322
HQC,2024-08-21,3.72,3.73,3.62,3.65,3289400,3.55,3.48,3.68,2.7879,4.8248,-0.6965,-0.3627,-0.0559,0.3635
HQC,2024-08-22,3.67,3.68,3.61,3.63,3010200,3.56,3.49,3.67,1.9663,3.9817,-0.9766,-0.4403,-0.0748,0.3896
HQC,2024-08-23,3.63,3.65,3.6,3.61,3763900,3.57,3.5,3.66,1.0638,3.1576,-1.2744,-0.6864,-0.1211,0.3802
HQC,2024-08-26,3.61,3.7,3.61,3.61,4579300,3.59,3.51,3.65,0.6693,2.8197,-1.0634,-1.1242,-0.1713,0.4926
HQC,2024-08-27,3.62,3.68,3.62,3.62,2493500,3.6,3.52,3.64,0.4997,2.7533,-0.5768,-0.8605,-0.1252,0.5527
HQC,2024-08-28,3.64,3.65,3.59,3.6,2780300,3.61,3.53,3.63,-0.3874,1.9686,-0.9192,-0.5862,-0.1011,0.5625
HQC,2024-08-29,3.61,3.63,3.52,3.56,3121700,3.62,3.54,3.63,-1.6031,0.5508,-1.7985,-0.2692,-0.0442,0.5531
HQC,2024-08-30,3.56,3.59,3.51,3.51,3869500,3.61,3.55,3.62,-2.6892,-1.0292,-2.9636,-1.264,-0.1981,0.6508
HQC,2024-09-04,3.49,3.52,3.47,3.5,2382900,3.6,3.56,3.61,-2.6967,-1.5748,-3.0149,0.1394,0.0218,0.5733
HQC,2024-09-05,3.5,3.55,3.47,3.52,1770000,3.58,3.56,3.6,-1.7034,-1.2068,-2.2602,0.1479,0.0216,0.5881
HQC,2024-09-06,3.53,3.53,3.48,3.51,1517000,3.57,3.56,3.59,-1.598,-1.3768,-2.3427,0.1054,0.0149,0.5623
HQC,2024-09-09,3.51,3.52,3.49,3.51,1888400,3.56,3.56,3.59,-1.2658,-1.3352,-2.1576,0.332,0.0501,0.5515
HQC,2024-09-10,3.51,3.53,3.44,3.45,2099100,3.54,3.56,3.58,-2.5148,-2.9672,-3.669,-0.4973,-0.0788,0.5326
HQC,2024-09-11,3.47,3.48,3.37,3.42,3320300,3.52,3.55,3.57,-2.8409,-3.7433,-4.2928,-0.1197,-0.0197,0.4322
HQC,2024-09-12,3.43,3.45,3.41,3.41,1247300,3.5,3.55,3.56,-2.5436,-3.9572,-4.3264,-0.6211,-0.094,0.4082
HQC,2024-09-13,3.43,3.43,3.39,3.43,1395700,3.48,3.55,3.56,-1.4934,-3.3258,-3.5325,0.6883,0.1045,0.4184
HQC,2024-09-16,3.43,3.44,3.38,3.38,1839200,3.46,3.54,3.55,-2.4249,-4.5467,-4.6867,-0.5758,-0.0826,0.4491
HQC,2024-09-17,3.38,3.42,3.36,3.42,2078100,3.45,3.53,3.54,-1.013,-3.1436,-3.3352,0.5451,0.0801,0.3772
HQC,2024-09-18,3.44,3.44,3.4,3.42,1617000,3.45,3.52,3.53,-0.7833,-2.8961,-3.1271,0.0,0.0,0.3633
HQC,2024-09-19,3.43,3.46,3.42,3.44,1822800,3.44,3.51,3.52,0.0291,-1.9943,-2.3559,0.0,0.0,0.3485
HQC,2024-09-20,3.46,3.52,3.44,3.45,3344900,3.43,3.5,3.52,0.4952,-1.4286,-1.866,-0.6105,-0.0854,0.399
HQC,2024-09-23,3.46,3.5,3.41,3.42,1322600,3.42,3.49,3.51,-0.1168,-1.9917,-2.4863,-0.3991,-0.064,0.4057
HQC,2024-09-24,3.42,3.43,3.4,3.41,1815700,3.42,3.48,3.5,-0.2924,-1.9974,-2.538,-0.1794,-0.0271,0.3739
HQC,2024-09-25,3.42,3.46,3.41,3.43,2367900,3.42,3.47,3.49,0.2631,-1.167,-1.7417,-0.1015,-0.0155,0.3721
HQC,2024-09-26,3.45,3.5,3.44,3.45,2532400,3.42,3.46,3.48,0.7299,-0.3466,-0.9816,-0.3812,-0.0607,0.3481
HQC,2024-09-27,3.46,3.48,3.43,3.43,1940800,3.42,3.45,3.48,0.146,-0.6805,-1.4991,-0.5624,-0.0882,0.3355
HQC,2024-09-30,3.45,3.45,3.4,3.41,2032100,3.43,3.45,3.48,-0.5251,-1.0447,-1.9664,-0.3933,-0.0582,0.3172
HQC,2024-10-01,3.41,3.46,3.41,3.43,3363800,3.43,3.44,3.48,0.0292,-0.3486,-1.3517,-0.1412,-0.0208,0.2769
HQC,2024-10-02,3.42,3.43,3.39,3.4,2159700,3.43,3.44,3.48,-0.7879,-1.0765,-2.2314,-0.2838,-0.047,0.3052
HQC,2024-10-03,3.42,3.42,3.35,3.37,2520200,3.42,3.43,3.48,-1.462,-1.7349,-3.0829,-0.1677,-0.0274,0.322
HQC,2024-10-04,3.37,3.37,3.33,3.33,2581700,3.41,3.42,3.47,-2.2887,-2.6458,-4.1561,-0.6398,-0.1023,0.3249
HQC,2024-10-07,3.36,3.38,3.3,3.3,2218800,3.4,3.41,3.47,-2.8269,-3.2258,-4.9375,-0.9645,-0.1383,0.3815
HQC,2024-10-08,3.31,3.34,3.28,3.28,1443100,3.38,3.4,3.47,-3.0446,-3.572,-5.4264,-0.3799,-0.0542,0.4015
HQC,2024-10-09,3.3,3.32,3.28,3.3,1752200,3.37,3.4,3.47,-2.0772,-2.8125,-4.8059,0.0,0.0,0.3914
HQC,2024-10-10,3.32,3.35,3.31,3.31,1013200,3.36,3.39,3.47,-1.3707,-2.3743,-4.4788,-0.2251,-0.0294,0.3758
HQC,2024-10-11,3.31,3.32,3.3,3.31,1356700,3.34,3.38,3.46,-1.0167,-2.2012,-4.4016,0.0,0.0,0.3195
HQC,2024-10-14,3.31,3.34,3.3,3.3,1810500,3.33,3.38,3.46,-0.9901,-2.3813,-4.6573,-0.4601,-0.068,0.3262
HQC,2024-10-15,3.32,3.33,3.28,3.28,1335800,3.32,3.37,3.46,-1.1453,-2.7716,-5.1749,-0.3113,-0.0473,0.3432
HQC,2024-10-16,3.28,3.3,3.25,3.26,1740900,3.3,3.37,3.46,-1.3317,-3.1347,-5.7259,-0.3967,-0.0522,0.3545
HQC,2024-10-17,3.27,3.29,3.24,3.28,1820900,3.3,3.36,3.46,-0.4552,-2.3083,-5.0926,0.2304,0.0348,0.3608
HQC,2024-10-18,3.29,3.29,3.25,3.27,1866300,3.29,3.35,3.45,-0.5777,-2.3443,-5.2064,0.0,0.0,0.2968
HQC,2024-10-21,3.27,3.28,3.23,3.23,1602900,3.28,3.34,3.44,-1.5844,-3.2645,-6.1974,-0.3999,-0.0542,0.2403
HQC,2024-10-22,3.23,3.23,3.14,3.16,3307100,3.27,3.33,3.44,-3.3639,-5.0053,-8.054,-0.5346,-0.0699,0.2558
HQC,2024-10-23,3.17,3.23,3.15,3.22,1407000,3.26,3.32,3.43,-1.2876,-2.8951,-6.1717,0.4317,0.061,0.299
HQC,2024-10-24,3.22,3.22,3.14,3.14,1882600,3.24,3.3,3.43,-3.2357,-4.8629,-8.3319,-0.4091,-0.0555,0.3174
HQC,2024-10-25,3.14,3.19,3.12,3.15,1543100,3.23,3.29,3.42,-2.4466,-4.1534,-7.8624,-0.079,-0.0104,0.3253
HQC,2024-10-28,3.16,3.21,3.16,3.18,1683000,3.22,3.28,3.41,-1.1501,-2.9008,-6.7995,-0.1664,-0.0216,0.2959
HQC,2024-10-29,3.2,3.33,3.19,3.22,3221300,3.21,3.26,3.4,0.2803,-1.3631,-5.4054,-0.7188,-0.0943,0.3367
HQC,2024-10-30,3.25,3.25,3.2,3.21,1549500,3.21,3.26,3.4,0.1248,-1.3825,-5.4826,-0.4656,-0.0541,0.3436
HQC,2024-10-31,3.25,3.25,3.2,3.2,1587700,3.2,3.25,3.39,0.0625,-1.4323,-5.51,-0.7014,-0.0929,0.3907
HQC,2024-11-01,3.22,3.24,3.19,3.19,2094900,3.19,3.24,3.38,-0.0,-1.528,-5.5486,-0.6264,-0.0802,0.4533
HQC,2024-11-04,3.2,3.32,3.2,3.28,5146600,3.2,3.24,3.37,2.6604,1.2815,-2.6822,0.5515,0.0784,0.4685
HQC,2024-11-05,3.26,3.3,3.23,3.24,1581000,3.2,3.24,3.36,1.1552,0.1081,-3.6574,-0.5814,-0.0804,0.4731
HQC,2024-11-06,3.25,3.26,3.22,3.24,2081200,3.21,3.23,3.36,1.092,0.201,-3.445,0.0,0.0,0.43
HQC,2024-11-07,3.26,3.32,3.25,3.25,3116900,3.22,3.23,3.35,1.0572,0.6036,-2.9329,-1.1172,-0.1603,0.5008
HQC,2024-11-08,3.28,3.29,3.23,3.24,2297000,3.22,3.23,3.34,0.4651,0.4029,-3.023,-0.5261,-0.0694,0.5455
HQC,2024-11-11,3.24,3.26,3.18,3.18,3049400,3.22,3.22,3.33,-1.3953,-1.2729,-4.6019,-0.8176,-0.0984,0.6106
HQC,2024-11-12,3.19,3.21,3.15,3.16,2307100,3.22,3.22,3.33,-1.8329,-1.7107,-5.0024,-0.4719,-0.0606,0.5859
HQC,2024-11-13,3.16,3.19,3.15,3.16,1666100,3.21,3.21,3.32,-1.6801,-1.5576,-4.8078,-0.2811,-0.0362,0.5675
HQC,2024-11-14,3.18,3.19,3.12,3.13,1672900,3.21,3.2,3.31,-2.401,-2.2639,-5.4895,-0.3034,-0.0402,0.5277
HQC,2024-11-15,3.11,3.13,3.05,3.06,2462900,3.19,3.19,3.3,-4.1954,-4.1353,-7.3513,-0.4701,-0.0648,0.512
HQC,2024-11-18,3.07,3.19,3.07,3.18,2710500,3.18,3.19,3.3,-0.1256,-0.2979,-3.5253,0.9172,0.1207,0.5486
HQC,2024-11-19,3.18,3.19,3.11,3.11,987600,3.17,3.19,3.29,-1.9237,-2.4161,-5.4539,-0.2937,-0.0349,0.5198
HQC,2024-11-20,3.15,3.18,3.08,3.13,2412600,3.16,3.18,3.28,-0.9494,-1.6496,-4.6778,-0.0,-0.0,0.5198
HQC,2024-11-21,3.16,3.16,3.12,3.14,1529300,3.15,3.18,3.28,-0.2858,-1.3354,-4.2157,0.0,0.0,0.4081
HQC,2024-11-22,3.13,3.15,3.11,3.12,1238300,3.14,3.18,3.27,-0.5419,-1.9176,-4.6455,-0.2337,-0.034,0.3789
HQC,2024-11-25,3.15,3.15,3.13,3.14,2050900,3.13,3.18,3.27,0.2234,-1.2268,-3.8932,0.0,0.0,0.2971
HQC,2024-11-26,3.15,3.24,3.14,3.2,3861200,3.14,3.18,3.26,2.0083,0.6923,-1.9247,0.3295,0.0481,0.2829
HQC,2024-11-27,3.22,3.23,3.16,3.16,1824400,3.14,3.18,3.26,0.7332,-0.4881,-2.9961,-0.9807,-0.128,0.3528
HQC,2024-11-28,3.17,3.19,3.15,3.15,1767500,3.14,3.17,3.25,0.3504,-0.7249,-3.1306,-0.8223,-0.1132,0.4047
HQC,2024-11-29,3.16,3.18,3.14,3.15,1771900,3.15,3.17,3.25,0.0635,-0.6623,-2.9515,-0.3462,-0.0432,0.3923
HQC,2024-12-02,3.18,3.18,3.12,3.12,2420100,3.14,3.16,3.24,-0.7002,-1.3595,-3.6978,-1.4826,-0.1824,0.4489
HQC,2024-12-03,3.13,3.15,3.08,3.08,3673100,3.14,3.16,3.23,-1.8796,-2.3772,-4.7383,-1.1348,-0.1585,0.533
HQC,2024-12-04,3.08,3.1,3.06,3.07,2391200,3.13,3.15,3.23,-2.0109,-2.4313,-4.8357,-0.376,-0.0522,0.5706
HQC,2024-12-05,3.08,3.15,3.07,3.13,2840400,3.13,3.14,3.22,-0.0639,-0.3343,-2.783,0.1984,0.0286,0.5904
HQC,2024-12-06,3.14,3.15,3.1,3.1,2265700,3.13,3.13,3.21,-0.9585,-1.0691,-3.517,-0.6499,-0.0903,0.632
HQC,2024-12-09,3.11,3.22,3.11,3.2,6817700,3.14,3.13,3.21,2.0408,2.0896,-0.2742,1.8028,0.2709,0.8123
HQC,2024-12-10,3.21,3.27,3.18,3.18,4976200,3.13,3.14,3.2,1.4678,1.4192,-0.7429,-1.8775,-0.2693,0.9671
HQC,2024-12-11,3.18,3.23,3.16,3.17,2239000,3.14,3.14,3.2,1.1164,1.0842,-0.9127,-0.712,-0.1015,0.9403
HQC,2024-12-12,3.18,3.22,3.15,3.15,3117700,3.14,3.14,3.19,0.4785,0.4144,-1.4023,-1.1083,-0.149,0.9688
HQC,2024-12-13,3.15,3.16,3.12,3.12,1732400,3.13,3.14,3.19,-0.3831,-0.6369,-2.2127,-0.8897,-0.1189,1.0232
HQC,2024-12-16,3.12,3.14,3.1,3.11,1614100,3.13,3.14,3.19,-0.6707,-0.8449,-2.4099,-0.4417,-0.0619,0.9191
HQC,2024-12-17,3.12,3.14,3.1,3.11,1401200,3.13,3.14,3.18,-0.7658,-0.8449,-2.3057,-0.4056,-0.0489,0.8462
HQC,2024-12-18,3.12,3.14,3.1,3.11,1626600,3.14,3.14,3.18,-0.8923,-0.8133,-2.189,-0.3577,-0.052,0.8444
HQC,2024-12-19,3.1,3.11,3.08,3.11,2267400,3.14,3.13,3.18,-0.8291,-0.7658,-2.0658,0.6634,0.0913,0.8909
HQC,2024-12-20,3.12,3.14,3.1,3.1,1620900,3.14,3.13,3.17,-1.148,-1.0533,-2.2514,-0.5192,-0.0791,0.8778
HQC,2024-12-23,3.12,3.14,3.09,3.1,1217000,3.13,3.13,3.17,-0.8317,-0.9901,-2.1279,-0.3346,-0.0448,0.731
HQC,2024-12-24,3.1,3.14,3.1,3.11,3390700,3.12,3.13,3.16,-0.2886,-0.5277,-1.7067,-0.5343,-0.075,0.5967
HQC,2024-12-25,3.13,3.2,3.11,3.14,3633800,3.12,3.13,3.16,0.7702,0.4639,-0.6832,-0.3504,-0.0487,0.5605
HQC,2024-12-26,3.17,3.35,3.14,3.3,9625000,3.13,3.13,3.16,5.3976,5.3304,4.3643,1.6856,0.2558,0.6182
HQC,2024-12-27,3.32,3.32,3.23,3.27,2864100,3.15,3.14,3.16,3.9415,4.1733,3.4156,-0.1033,-0.014,0.5396
HQC,2024-12-30,3.27,3.27,3.15,3.16,3814000,3.15,3.14,3.16,0.2856,0.6049,-0.019,-1.1138,-0.1559,0.6068
HQC,2024-12-31,3.16,3.19,3.13,3.13,2561000,3.15,3.14,3.16,-0.7295,-0.4295,-0.9494,-0.9628,-0.1259,0.6625
HQC,2025-01-02,3.16,3.18,3.13,3.13,2038400,3.16,3.15,3.16,-0.7924,-0.5244,-0.8929,-1.2659,-0.1617,0.7533
HQC,2025-01-03,3.14,3.17,3.11,3.11,2400200,3.16,3.15,3.16,-1.4263,-1.1286,-1.5075,-0.6093,-0.0833,0.7479
HQC,2025-01-06,3.12,3.14,3.06,3.08,2134500,3.15,3.14,3.16,-2.3153,-2.0512,-2.4143,-0.3506,-0.0479,0.7311
HQC,2025-01-07,3.09,3.11,3.07,3.07,1959400,3.15,3.14,3.15,-2.5397,-2.167,-2.6633,-0.7073,-0.096,0.7683
HQC,2025-01-08,3.07,3.11,3.07,3.09,1298600,3.15,3.13,3.15,-1.8424,-1.3882,-1.9483,0.0,0.0,0.7149
HQC,2025-01-09,3.09,3.11,3.06,3.08,1775500,3.14,3.13,3.15,-1.9733,-1.566,-2.185,-0.2055,-0.0288,0.7004
HQC,2025-01-10,3.09,3.09,3.0,3.0,2503000,3.11,3.12,3.14,-3.599,-3.8924,-4.6044,-0.694,-0.0989,0.6012
HQC,2025-01-13,3.01,3.01,2.96,2.98,2388700,3.08,3.11,3.14,-3.3409,-4.3185,-5.1137,-0.1901,-0.0255,0.6099
HQC,2025-01-14,3.0,3.03,2.97,2.97,1803600,3.06,3.11,3.13,-3.0679,-4.4248,-5.245,-0.9166,-0.1255,0.5902
HQC,2025-01-15,2.97,3.0,2.97,2.99,729100,3.05,3.1,3.13,-1.9672,-3.595,-4.4545,0.105,0.0156,0.5044
HQC,2025-01-16,2.99,3.02,2.99,3.0,967300,3.04,3.1,3.12,-1.2183,-3.1008,-3.9877,-0.1554,-0.0209,0.3934
HQC,2025-01-17,3.0,3.1,3.0,3.04,1470400,3.03,3.09,3.12,0.33,-1.6977,-2.5766,-0.1478,-0.0188,0.3472
HQC,2025-01-20,3.04,3.09,3.03,3.03,1136400,3.02,3.09,3.12,0.1653,-1.91,-2.7662,-0.5905,-0.0815,0.3712
HQC,2025-01-21,3.03,3.06,3.01,3.01,539000,3.02,3.08,3.11,-0.2981,-2.4153,-3.3025,-0.2864,-0.0414,0.3291
HQC,2025-01-22,3.03,3.03,2.98,3.01,1585400,3.01,3.08,3.11,-0.0332,-2.2569,-3.2092,0.1128,0.0159,0.3404
HQC,2025-01-23,3.01,3.03,3.01,3.01,1037500,3.0,3.07,3.11,0.1997,-2.0501,-3.1157,-0.4021,-0.051,0.3601
HQC,2025-01-24,3.02,3.06,3.02,3.05,2292100,3.01,3.06,3.11,1.3626,-0.3431,-1.7777,0.4213,0.0554,0.3328
HQC,2025-02-03,3.07,3.11,3.06,3.07,2067200,3.02,3.05,3.11,1.723,0.6392,-1.1399,-0.5211,-0.0571,0.3659
HQC,2025-02-04,3.09,3.1,3.07,3.1,1493200,3.03,3.05,3.1,2.2765,1.7227,-0.1224,0.4625,0.0754,0.3205
HQC,2025-02-05,3.11,3.15,3.11,3.11,2466000,3.04,3.05,3.1,2.2018,2.0844,0.1998,-0.8277,-0.1234,0.3928
HQC,2025-02-06,3.14,3.14,3.09,3.1,2032500,3.05,3.04,3.1,1.5395,1.8062,-0.1031,-0.4953,-0.0709,0.4268
HQC,2025-02-07,3.11,3.16,3.1,3.13,2778500,3.06,3.05,3.1,2.2208,2.7577,0.8701,-0.0,-0.0,0.412
HQC,2025-02-10,3.12,3.12,3.08,3.08,1854700,3.07,3.05,3.1,0.4239,1.1162,-0.7156,-0.4591,-0.0573,0.3988
HQC,2025-02-11,3.09,3.12,3.08,3.09,1551400,3.08,3.05,3.1,0.4878,1.4112,-0.3612,-0.2869,-0.0365,0.3989
HQC,2025-02-12,3.13,3.16,3.11,3.11,2391100,3.08,3.05,3.1,0.8104,2.0341,0.342,-0.9156,-0.1338,0.4792
HQC,2025-02-13,3.12,3.15,3.11,3.12,2341500,3.1,3.05,3.1,0.7752,2.2951,0.6906,-0.4384,-0.0574,0.4828
HQC,2025-02-14,3.12,3.16,3.12,3.13,1756200,3.1,3.06,3.1,0.8376,2.4047,1.0264,-0.2356,-0.0328,0.4642
HQC,2025-02-17,3.15,3.19,3.15,3.18,3031400,3.12,3.07,3.1,2.0867,3.7013,2.6204,0.3768,0.057,0.4498
HQC,2025-02-18,3.19,3.22,3.17,3.17,3204400,3.12,3.08,3.1,1.5375,3.0392,2.2647,-1.0927,-0.176,0.5128
HQC,2025-02-19,3.17,3.29,3.17,3.24,5297600,3.14,3.09,3.1,3.3493,4.8883,4.4151,0.2004,0.0331,0.4501
HQC,2025-02-20,3.28,3.31,3.23,3.24,3661000,3.15,3.1,3.11,2.8898,4.4824,4.3008,-0.7666,-0.1134,0.4772
HQC,2025-02-21,3.25,3.26,3.17,3.21,4031900,3.16,3.11,3.11,1.6788,3.232,3.2819,-0.1464,-0.022,0.4918
HQC,2025-02-24,3.24,3.24,3.16,3.2,2059400,3.17,3.12,3.11,0.9782,2.6299,2.8939,0.0,0.0,0.4459
HQC,2025-02-25,3.21,3.25,3.2,3.2,2953800,3.18,3.13,3.11,0.6289,2.3181,2.8939,-0.7619,-0.1193,0.4934
HQC,2025-02-26,3.23,3.23,3.18,3.18,2027900,3.19,3.14,3.11,-0.2196,1.4031,2.2508,-0.5257,-0.0818,0.4544
HQC,2025-02-27,3.19,3.23,3.17,3.23,4781200,3.2,3.15,3.11,1.0006,2.6374,3.8185,0.8674,0.135,0.4973
HQC,2025-02-28,3.28,3.4,3.27,3.31,7828700,3.22,3.16,3.11,2.9229,4.7468,6.2805,-0.7493,-0.1176,0.5487
HQC,2025-03-03,3.32,3.32,3.24,3.25,2698700,3.22,3.17,3.12,0.8377,2.556,4.2669,-0.5235,-0.0838,0.5634
HQC,2025-03-04,3.25,3.26,3.15,3.18,4676300,3.22,3.17,3.12,-1.3648,0.2206,1.9754,-0.5682,-0.0789,0.5109
HQC,2025-03-05,3.19,3.22,3.17,3.18,3032300,3.22,3.18,3.12,-1.1809,0.1102,1.9296,-0.2884,-0.0435,0.5197
HQC,2025-03-06,3.2,3.22,3.15,3.19,2468100,3.21,3.18,3.12,-0.7158,0.2829,2.1977,0.046,0.0074,0.4477
HQC,2025-03-07,3.2,3.28,3.2,3.2,4138400,3.21,3.18,3.12,-0.3736,0.4867,2.459,-0.852,-0.1337,0.5182
HQC,2025-03-10,3.23,3.25,3.2,3.2,2142200,3.21,3.19,3.13,-0.3736,0.2978,2.3934,-0.462,-0.0659,0.5644
HQC,2025-03-11,3.18,3.22,3.17,3.22,2492100,3.21,3.2,3.13,0.1867,0.7194,2.9543,0.4192,0.0617,0.5302
HQC,2025-03-12,3.22,3.28,3.2,3.25,5310900,3.22,3.2,3.13,0.9003,1.4357,3.8206,0.2461,0.0365,0.5022
HQC,2025-03-13,3.27,3.34,3.25,3.25,5989500,3.22,3.21,3.13,0.8377,1.2303,3.7477,-0.9817,-0.1484,0.5136
HQC,2025-03-14,3.25,3.38,3.25,3.28,4451100,3.22,3.22,3.13,1.8634,1.9267,4.7187,-0.4495,-0.0691,0.4837
HQC,2025-03-17,3.28,3.32,3.23,3.24,4714700,3.22,3.22,3.13,0.6524,0.5899,3.4615,-0.9792,-0.1425,0.5292
HQC,2025-03-18,3.25,3.29,3.2,3.21,3340900,3.22,3.22,3.13,-0.3724,-0.4034,2.4708,-0.4774,-0.0729,0.5201
HQC,2025-03-19,3.21,3.23,3.19,3.21,2425300,3.22,3.22,3.13,-0.4651,-0.357,2.4185,0.0,0.0,0.4913
HQC,2025-03-20,3.22,3.26,3.18,3.21,2091600,3.23,3.22,3.14,-0.5268,-0.3106,2.3662,-0.1346,-0.0216,0.5002
HQC,2025-03-21,3.21,3.43,3.2,3.43,16306400,3.25,3.23,3.14,5.5385,6.1591,9.1592,4.2047,0.7355,0.8354
HQC,2025-03-24,3.52,3.54,3.42,3.47,7900000,3.28,3.24,3.15,5.8895,6.9502,10.1587,-0.2586,-0.042,0.8151
HQC,2025-03-25,3.5,3.58,3.38,3.4,12241800,3.3,3.25,3.16,3.1866,4.4707,7.7108,-2.7208,-0.4338,1.0452
HQC,2025-03-26,3.42,3.42,3.32,3.37,5820300,3.31,3.26,3.16,1.905,3.2475,6.5714,0.0,0.0,1.0206
HQC,2025-03-27,3.37,3.4,3.34,3.37,3783700,3.32,3.27,3.17,1.5366,3.0266,6.3763,0.0,0.0,0.9225
HQC,2025-03-28,3.39,3.49,3.37,3.4,8032000,3.33,3.28,3.18,2.0715,3.8009,7.0529,-1.318,-0.2055,1.0093
HQC,2025-03-31,3.38,3.5,3.37,3.41,5975500,3.35,3.28,3.18,1.8519,3.8526,7.0778,-0.5202,-0.0781,0.9634
HQC,2025-04-01,3.45,3.45,3.38,3.38,3114800,3.36,3.29,3.19,0.4458,2.6264,5.8632,-1.0899,-0.1658,1.0247
HQC,2025-04-02,3.38,3.42,3.37,3.38,3178000,3.38,3.3,3.2,-0.0591,2.3157,5.6052,-0.48,-0.0793,1.0727
HQC,2025-04-03,3.2,3.28,3.15,3.15,8134500,3.38,3.3,3.2,-6.6943,-4.5888,-1.6731,-0.482,-0.0724,1.1074
HQC,2025-04-04,2.93,3.0,2.93,2.93,14103400,3.33,3.29,3.2,-11.9062,-10.8881,-8.4775,-0.9935,-0.1431,0.7863
HQC,2025-04-08,2.91,2.95,2.73,2.73,6137000,3.25,3.26,3.2,-16.0517,-16.3731,-14.5647,-0.6001,-0.0819,0.8204
HQC,2025-04-09,2.54,2.73,2.54,2.54,8582800,3.17,3.23,3.19,-19.7726,-21.3744,-20.2762,-0.7874,-0.1103,0.6271
HQC,2025-04-10,2.71,2.71,2.71,2.71,444400,3.1,3.2,3.18,-12.5806,-15.405,-14.7799,0.0,0.0,0.6271
HQC,2025-04-11,2.89,2.89,2.81,2.89,9122100,3.05,3.19,3.18,-5.308,-9.2764,-9.0509,0.661,0.0901,0.6932
HQC,2025-04-14,2.98,2.98,2.9,2.97,4309300,3.01,3.17,3.18,-1.2961,-6.3091,-6.4861,0.5132,0.0671,0.6127
HQC,2025-04-15,2.95,3.03,2.9,2.97,4260700,2.96,3.16,3.17,0.1686,-5.9084,-6.4272,0.0658,0.0085,0.5673
HQC,2025-04-16,2.96,3.01,2.92,2.93,3853700,2.92,3.14,3.17,0.3425,-6.7621,-7.5885,-0.7242,-0.0877,0.5307
HQC,2025-04-17,2.91,2.95,2.89,2.94,2783100,2.88,3.13,3.17,2.2253,-6.0403,-7.1735,0.432,0.0562,0.5259
HQC,2025-04-18,3.0,3.0,2.93,2.95,2722000,2.86,3.12,3.16,3.2913,-5.3273,-6.7695,-0.1853,-0.0293,0.4962
HQC,2025-04-21,2.98,3.02,2.95,2.95,4170900,2.86,3.09,3.16,3.219,-4.5925,-6.6633,-0.8671,-0.1295,0.4836
HQC,2025-04-22,2.9,2.95,2.75,2.84,6697000,2.87,3.06,3.16,-1.0108,-7.2047,-10.007,-0.0732,-0.0102,0.4309
HQC,2025-04-23,2.9,2.95,2.88,2.91,2300900,2.91,3.04,3.15,0.1376,-4.1502,-7.6835,-0.0822,-0.011,0.3604
HQC,2025-04-24,2.93,2.97,2.9,2.93,2383500,2.93,3.01,3.15,0.0683,-2.787,-6.9428,-0.0985,-0.0132,0.3702
HQC,2025-04-25,2.95,2.97,2.92,2.93,2022900,2.93,2.99,3.14,-0.0682,-2.0722,-6.8303,-0.2365,-0.0294,0.3278
HQC,2025-04-28,2.95,3.01,2.93,2.97,4383100,2.93,2.97,3.14,1.296,-0.0168,-5.4622,0.0,0.0,0.2765
HQC,2025-04-29,3.0,3.14,3.0,3.06,6564300,2.94,2.95,3.14,4.0462,3.6234,-2.5229,-0.3043,-0.0438,0.3003
HQC,2025-05-05,3.07,3.11,3.0,3.02,2252100,2.95,2.94,3.14,2.3729,2.8961,-3.7051,-0.3889,-0.0551,0.2668
HQC,2025-05-06,3.03,3.17,3.03,3.07,6852500,2.96,2.92,3.13,3.6112,5.155,-2.0046,-0.6005,-0.102,0.2836
HQC,2025-05-07,3.1,3.12,3.06,3.09,2948800,2.98,2.92,3.13,3.7958,5.9489,-1.2716,-0.0,-0.0,0.2651
HQC,2025-05-08,3.16,3.3,3.11,3.3,12653000,3.01,2.94,3.13,9.5618,12.4361,5.3774,3.0746,0.4266,0.4859
HQC,2025-05-09,3.5,3.5,3.35,3.36,10985900,3.06,2.97,3.13,9.6606,13.2648,7.1839,-2.4253,-0.4109,0.7211
HQC,2025-05-12,3.45,3.48,3.3,3.35,8067500,3.11,3.01,3.14,7.7864,11.4067,6.7627,-0.6519,-0.1027,0.778
HQC,2025-05-13,3.39,3.39,3.29,3.3,7595300,3.14,3.04,3.14,4.9285,8.6778,5.0888,-1.2666,-0.1884,0.8949
HQC,2025-05-14,3.31,3.34,3.25,3.26,9576800,3.18,3.06,3.14,2.5802,6.7103,3.7952,-1.4827,-0.1932,1.0195
HQC,2025-05-15,3.27,3.31,3.19,3.23,8682400,3.2,3.07,3.14,0.8115,5.2803,2.8925,-0.5751,-0.0915,1.077
HQC,2025-05-16,3.23,3.25,3.19,3.2,7800100,3.22,3.08,3.14,-0.5594,3.913,1.9693,-0.8031,-0.1242,1.1269
HQC,2025-05-19,3.2,3.24,3.18,3.18,6663000,3.23,3.09,3.14,-1.6698,2.8461,1.332,-1.3564,-0.2124,1.2236
HQC,2025-05-20,3.21,3.21,3.12,3.13,8947600,3.24,3.1,3.14,-3.3951,0.9189,-0.2295,-1.3989,-0.1898,1.3035
HQC,2025-05-21,3.16,3.2,3.12,3.16,4017000,3.25,3.11,3.14,-2.6794,1.5424,0.746,0.0,0.0,1.3035
HQC,2025-05-22,3.16,3.21,3.13,3.15,5421200,3.23,3.12,3.14,-2.5371,0.8969,0.4592,-0.4143,-0.0659,1.0374
HQC,2025-05-23,3.17,3.17,3.13,3.14,2902700,3.21,3.14,3.13,-2.1807,0.0956,0.1787,-0.3593,-0.0564,0.8308
HQC,2025-05-26,3.15,3.2,3.08,3.2,4585100,3.2,3.15,3.13,0.1565,1.5389,2.1059,0.6191,0.0922,0.8275
HQC,2025-05-27,3.23,3.28,3.19,3.26,6964400,3.19,3.17,3.13,2.1623,2.904,4.0138,0.6936,0.1113,0.7703
HQC,2025-05-28,3.26,3.28,3.19,3.2,5409600,3.18,3.18,3.13,0.471,0.5815,2.132,-0.8096,-0.1235,0.7029
HQC,2025-05-29,3.26,3.31,3.22,3.25,9403700,3.19,3.2,3.13,1.9768,1.7055,3.7477,-0.515,-0.0796,0.6969
HQC,2025-05-30,3.27,3.3,3.2,3.21,5281800,3.19,3.2,3.13,0.6901,0.2185,2.4904,-0.7127,-0.1049,0.6879
HQC,2025-06-02,3.22,3.43,3.22,3.43,20968600,3.21,3.22,3.14,6.7538,6.4061,9.3611,3.4535,0.6773,0.8976
HQC,2025-06-03,3.48,3.48,3.34,3.35,10662100,3.24,3.24,3.14,3.5549,3.4749,6.7151,-1.6559,-0.2822,0.9233
HQC,2025-06-04,3.35,3.55,3.31,3.46,15960500,3.26,3.26,3.14,5.9724,6.2654,10.0439,0.7197,0.1204,0.9953
HQC,2025-06-05,3.54,3.54,3.38,3.41,10128700,3.29,3.26,3.14,3.6159,4.5531,8.4675,-1.3384,-0.2136,1.0877
HQC,2025-06-06,3.41,3.44,3.34,3.34,6996500,3.31,3.26,3.14,0.8759,2.4383,6.3288,-1.1153,-0.1771,1.1633
HQC,2025-06-09,3.36,3.38,3.32,3.32,4202700,3.32,3.26,3.14,-0.0903,1.8717,5.746,-0.8293,-0.1319,1.1843
HQC,2025-06-10,3.25,3.31,3.2,3.22,12075600,3.32,3.26,3.14,-2.9828,-1.0753,2.6589,-2.0129,-0.3029,1.3163
HQC,2025-06-11,3.22,3.28,3.21,3.26,3245200,3.32,3.26,3.13,-1.9549,0.1536,4.0071,0.5233,0.071,1.2876
HQC,2025-06-12,3.32,3.42,3.3,3.32,6032000,3.33,3.26,3.13,-0.3601,1.8561,5.9755,-0.9512,-0.1496,1.3312
HQC,2025-06-13,3.23,3.29,3.17,3.24,9543200,3.34,3.26,3.13,-2.8486,-0.6592,3.5342,0.2828,0.0442,1.2883
HQC,2025-06-16,3.23,3.28,3.23,3.26,3137900,3.32,3.27,3.13,-1.748,-0.1684,4.2533,0.0981,0.0141,0.9527
HQC,2025-06-17,3.28,3.34,3.26,3.3,4830300,3.31,3.27,3.13,-0.3924,0.7941,5.5865,0.0,0.0,0.7871
HQC,2025-06-18,3.32,3.34,3.28,3.28,4941700,3.3,3.28,3.13,-0.4552,-0.0,4.8593,-1.0887,-0.1599,0.824
HQC,2025-06-19,3.28,3.32,3.26,3.26,3718600,3.28,3.29,3.13,-0.6098,-0.7761,4.0005,-0.9476,-0.1448,0.7849
HQC,2025-06-20,3.27,3.28,3.22,3.24,3410400,3.27,3.29,3.14,-0.9174,-1.5347,3.0272,-0.2496,-0.0351,0.6984
HQC,2025-06-23,3.18,3.22,3.17,3.2,4868700,3.26,3.29,3.16,-1.7802,-2.7503,1.33,0.2459,0.033,0.64
HQC,2025-06-24,3.24,3.26,3.21,3.21,3465800,3.26,3.29,3.17,-1.443,-2.3723,1.3258,-0.6936,-0.0936,0.5081
HQC,2025-06-25,3.22,3.28,3.21,3.21,3913300,3.25,3.29,3.17,-1.2915,-2.3871,1.1215,-0.8047,-0.1161,0.5362
HQC,2025-06-26,3.22,3.25,3.2,3.21,2783700,3.24,3.29,3.18,-0.9565,-2.3277,0.9688,-0.448,-0.0618,0.4859
HQC,2025-06-27,3.24,3.25,3.21,3.23,3614400,3.24,3.29,3.18,-0.3086,-1.749,1.432,0.0,0.0,0.4576
HQC,2025-06-30,3.26,3.27,3.23,3.24,3376600,3.24,3.28,3.19,0.0618,-1.1592,1.5483,-0.4151,-0.0596,0.4893
HQC,2025-07-01,3.25,3.27,3.21,3.21,3737500,3.23,3.27,3.2,-0.5884,-1.8649,0.438,-1.0357,-0.1408,0.5929
HQC,2025-07-02,3.25,3.27,3.22,3.24,3618400,3.22,3.26,3.2,0.4651,-0.6135,1.1931,-0.1198,-0.018,0.496
HQC,2025-07-03,3.24,3.35,3.24,3.26,8376600,3.22,3.25,3.21,1.0853,0.2306,1.6209,-1.025,-0.1422,0.5037
HQC,2025-07-04,3.3,3.35,3.29,3.31,7354200,3.23,3.25,3.22,2.4134,1.8148,2.8781,-0.6931,-0.0978,0.5481
HQC,2025-07-07,3.36,3.45,3.34,3.36,6987600,3.25,3.25,3.23,3.4483,3.2893,4.1408,-0.5868,-0.1092,0.5822
HQC,2025-07-08,3.37,3.59,3.36,3.59,23940400,3.29,3.27,3.24,9.2514,9.7356,10.8162,3.9102,0.6328,0.9038
HQC,2025-07-09,3.78,3.78,3.6,3.63,19154300,3.33,3.29,3.25,9.0745,10.3343,11.5687,-1.7483,-0.2808,0.9982
HQC,2025-07-10,3.66,3.77,3.62,3.71,16333200,3.38,3.31,3.27,9.8283,12.1015,13.5112,0.5536,0.0905,1.0088
HQC,2025-07-11,3.75,3.92,3.72,3.74,21656400,3.43,3.33,3.28,9.0697,12.1607,13.9549,-2.7426,-0.4278,1.283
HQC,2025-07-14,3.74,3.82,3.58,3.78,20200000,3.48,3.36,3.3,8.5271,12.4833,14.6427,1.7597,0.3188,1.4175
HQC,2025-07-15,3.87,3.87,3.67,3.67,13206200,3.53,3.38,3.31,3.9955,8.612,10.9029,-1.216,-0.1941,1.4355
HQC,2025-07-16,3.65,3.74,3.63,3.72,9862200,3.58,3.4,3.32,3.9978,9.3796,11.9875,0.8291,0.1539,1.5064
HQC,2025-07-17,3.76,3.87,3.72,3.77,17770400,3.63,3.43,3.33,3.914,10.0248,13.1724,-0.8023,-0.1284,1.4842
HQC,2025-07-18,3.84,4.03,3.83,4.03,33524100,3.7,3.47,3.34,8.9189,16.2724,20.4927,4.2761,0.7744,1.8425
HQC,2025-07-21,4.29,4.29,3.92,3.99,24174000,3.76,3.51,3.36,6.0324,13.8211,18.842,-1.6372,-0.2884,1.9475
HQC,2025-07-22,3.93,4.0,3.83,3.91,18105600,3.8,3.54,3.37,3.0303,10.4364,16.0375,-0.1049,-0.0169,1.567
HQC,2025-07-23,3.93,4.02,3.91,3.91,12472900,3.82,3.58,3.38,2.2757,9.3553,15.5916,-1.5603,-0.2403,1.5482
HQC,2025-07-24,3.98,3.98,3.84,3.86,12650300,3.84,3.61,3.4,0.5732,6.9845,13.6899,-1.3084,-0.2127,1.6237
HQC,2025-07-25,3.9,3.98,3.88,3.98,13719100,3.86,3.65,3.41,3.0554,9.1757,16.6882,1.4442,0.2258,1.4938
HQC,2025-07-28,4.0,4.14,4.0,4.08,18008400,3.89,3.69,3.43,4.8304,10.6441,18.9921,0.2075,0.0389,1.3386
HQC,2025-07-29,4.12,4.14,3.8,3.8,25254300,3.9,3.72,3.44,-2.6889,2.233,10.3945,-0.9227,-0.1497,1.3093
HQC,2025-07-30,3.76,3.86,3.65,3.82,16070600,3.92,3.75,3.46,-2.4266,1.9754,10.5516,0.8754,0.147,1.3139
HQC,2025-07-31,3.86,3.87,3.72,3.79,9521700,3.92,3.77,3.47,-3.2423,0.4639,9.2786,-0.0625,-0.0097,1.2399
HQC,2025-08-01,3.76,3.87,3.76,3.8,8870900,3.89,3.8,3.48,-2.414,0.079,9.1515,-0.2941,-0.0429,0.8417
HQC,2025-08-04,3.81,3.97,3.8,3.95,10920000,3.89,3.83,3.5,1.5424,3.2275,12.9733,0.788,0.1317,0.7568
HQC,2025-08-05,3.99,4.02,3.8,3.86,17688700,3.88,3.84,3.51,-0.6435,0.5208,10.0217,-0.8316,-0.1248,0.8295
HQC,2025-08-06,3.88,3.92,3.85,3.86,7468700,3.88,3.85,3.52,-0.5155,0.2207,9.6093,-0.7378,-0.1008,0.7472
HQC,2025-08-07,3.9,4.07,3.89,3.95,13752200,3.89,3.86,3.54,1.5685,2.2389,11.7208,-0.4485,-0.0758,0.6612
HQC,2025-08-08,4.0,4.14,3.91,4.06,21147400,3.9,3.88,3.55,4.1827,4.6527,14.2825,0.6462,0.105,0.5814
HQC,2025-08-11,4.13,4.19,4.03,4.06,13056100,3.9,3.89,3.57,4.2362,4.2764,13.8786,-0.9302,-0.1356,0.6537
HQC,2025-08-12,4.09,4.1,3.91,4.0,13556000,3.92,3.91,3.58,2.1711,2.3018,11.788,-0.0826,-0.013,0.5697
HQC,2025-08-13,4.03,4.17,3.97,4.1,16575300,3.94,3.93,3.59,3.9817,4.3523,14.1743,0.5025,0.0712,0.5324
HQC,2025-08-14,4.15,4.16,4.02,4.06,10345400,3.97,3.94,3.6,2.267,2.9542,12.6526,-0.4734,-0.0678,0.5735
HQC,2025-08-15,4.07,4.08,3.95,3.96,15546400,3.99,3.94,3.62,-0.6523,0.5076,9.5012,-1.1313,-0.1587,0.6572
HQC,2025-08-18,3.97,4.0,3.9,3.97,9004000,3.99,3.94,3.63,-0.4514,0.787,9.3845,0.3991,0.0584,0.6183
HQC,2025-08-19,4.0,4.24,3.99,4.2,39930800,4.02,3.95,3.65,4.4257,6.235,15.1,2.4469,0.3766,0.7798
HQC,2025-08-20,4.25,4.25,3.96,4.06,17489700,4.04,3.96,3.66,0.4453,2.4994,10.7776,-0.4725,-0.0674,0.7533
HQC,2025-08-21,4.1,4.11,3.97,3.98,11562200,4.04,3.97,3.68,-1.6069,0.3277,8.2051,-0.9275,-0.1329,0.8012
HQC,2025-08-22,3.95,3.95,3.72,3.72,18866700,4.01,3.95,3.69,-7.255,-5.9181,0.8731,-1.3385,-0.1918,0.8704
HQC,2025-08-25,3.8,3.8,3.58,3.58,9632600,3.96,3.93,3.69,-9.6644,-8.8827,-3.0913,-0.8775,-0.1235,0.8652
HQC,2025-08-26,3.62,3.76,3.62,3.76,5922500,3.94,3.93,3.7,-4.5443,-4.2526,1.5283,0.4855,0.0658,0.9055
HQC,2025-08-27,3.8,3.89,3.76,3.77,6383200,3.91,3.92,3.71,-3.4818,-3.9368,1.5297,-0.5125,-0.0666,0.9065
HQC,2025-08-28,3.79,3.82,3.75,3.8,3368600,3.88,3.92,3.72,-2.0619,-3.1847,2.0408,0.2099,0.027,0.8801
HQC,2025-08-29,3.78,3.86,3.78,3.82,6079400,3.87,3.93,3.74,-1.1899,-2.6999,2.2593,0.0,0.0,0.767
HQC,2025-09-03,3.84,3.96,3.84,3.91,6433500,3.86,3.92,3.75,1.2953,-0.3568,4.2722,0.1394,0.0197,0.741
HQC,2025-09-04,3.95,3.97,3.88,3.9,6416000,3.83,3.93,3.76,1.8277,-0.6623,3.6242,-0.4094,-0.057,0.5373
HQC,2025-09-05,3.93,4.03,3.87,3.87,12118300,3.81,3.93,3.78,1.5482,-1.4389,2.4677,-0.7662,-0.1096,0.5667
HQC,2025-09-08,3.9,3.93,3.76,3.76,7952300,3.79,3.92,3.79,-0.7654,-4.0082,-0.7339,-0.4939,-0.0707,0.5233
HQC,2025-09-09,3.76,3.8,3.69,3.76,4770900,3.79,3.9,3.8,-0.87,-3.6392,-1.011,0.1978,0.0264,0.4092
HQC,2025-09-10,3.82,3.82,3.69,3.72,3801000,3.81,3.88,3.81,-2.2853,-4.2471,-2.3109,-0.5045,-0.0695,0.3719
HQC,2025-09-11,3.71,3.74,3.6,3.68,6482700,3.8,3.87,3.82,-3.1324,-4.885,-3.5993,0.1029,0.0132,0.3337
HQC,2025-09-12,3.71,3.76,3.7,3.72,3654400,3.79,3.85,3.83,-1.9504,-3.3766,-2.7959,-0.1958,-0.0253,0.302
HQC,2025-09-15,3.75,3.8,3.74,3.8,4008900,3.79,3.84,3.84,0.1581,-0.9643,-0.9849,0.6258,0.0778,0.3436
HQC,2025-09-16,3.82,3.84,3.73,3.74,4808400,3.79,3.83,3.85,-1.215,-2.2478,-2.7662,-0.4842,-0.0634,0.392
HQC,2025-09-17,3.75,3.95,3.74,3.79,7486200,3.77,3.82,3.86,0.424,-0.7074,-1.6861,-0.4925,-0.0664,0.4273
HQC,2025-09-18,3.84,3.85,3.75,3.8,2976700,3.76,3.8,3.86,0.9564,0.079,-1.534,-0.0,-0.0,0.3864
HQC,2025-09-19,3.81,3.83,3.72,3.75,3640700,3.75,3.78,3.86,-0.0533,-0.833,-2.89,-0.3117,-0.0379,0.3409
HQC,2025-09-22,3.78,3.81,3.73,3.74,5367400,3.75,3.77,3.86,-0.2667,-0.7826,-3.164,-0.5998,-0.0768,0.3515
HQC,2025-09-23,3.77,3.84,3.74,3.74,3948000,3.75,3.77,3.86,-0.2134,-0.8089,-3.164,-0.8737,-0.123,0.4191
HQC,2025-09-24,3.77,3.83,3.72,3.83,5470000,3.76,3.78,3.86,1.8888,1.2424,-0.8594,0.6284,0.0896,0.4315
HQC,2025-09-25,3.85,3.89,3.82,3.84,5171900,3.78,3.79,3.87,1.7219,1.3995,-0.6879,-0.3389,-0.0486,0.4551
HQC,2025-09-26,3.85,3.89,3.78,3.78,5335200,3.78,3.79,3.87,-0.0264,-0.198,-2.27,-0.885,-0.1229,0.524
HQC,2025-09-29,3.78,3.81,3.7,3.7,6424000,3.77,3.78,3.87,-1.8828,-2.1811,-4.3037,-1.2777,-0.1743,0.5892
HQC,2025-09-30,3.7,3.74,3.56,3.63,8114200,3.76,3.77,3.86,-3.4574,-3.7901,-5.9196,-0.3402,-0.043,0.5748
HQC,2025-10-01,3.66,3.68,3.61,3.63,2969200,3.74,3.76,3.85,-3.0449,-3.4318,-5.7437,-0.4077,-0.0485,0.5663
HQC,2025-10-02,3.63,3.66,3.55,3.55,6784500,3.72,3.74,3.84,-4.5442,-5.1183,-7.6483,-1.2284,-0.1628,0.6891
HQC,2025-10-03,3.46,3.49,3.4,3.44,8246900,3.69,3.72,3.83,-6.7245,-7.5269,-10.2905,-0.1702,-0.0235,0.675
HQC,2025-10-06,3.46,3.64,3.45,3.59,3949900,3.67,3.71,3.83,-2.2597,-3.2736,-6.2467,0.2099,0.0262,0.636
HQC,2025-10-07,3.6,3.61,3.48,3.5,3573400,3.65,3.7,3.82,-4.0833,-5.367,-8.3674,-0.416,-0.0536,0.5902
HQC,2025-10-08,3.59,3.59,3.47,3.48,4988500,3.61,3.69,3.81,-3.7078,-5.6015,-8.6038,-0.8145,-0.0862,0.6089
HQC,2025-10-09,3.48,3.53,3.44,3.5,3416000,3.58,3.68,3.8,-2.2346,-4.8266,-7.9335,0.2052,0.0227,0.5955
HQC,2025-10-10,3.52,3.58,3.52,3.52,3080000,3.55,3.67,3.8,-0.9567,-4.0218,-7.261,-0.6124,-0.0646,0.5682
HQC,2025-10-13,3.48,3.55,3.45,3.54,4832600,3.54,3.65,3.79,0.0565,-3.1331,-6.6111,0.4512,0.0525,0.4856
HQC,2025-10-14,3.56,3.58,3.4,3.42,7115600,3.52,3.64,3.78,-2.758,-6.0052,-9.5956,-0.5458,-0.0592,0.5061
HQC,2025-10-15,3.47,3.47,3.39,3.4,2543000,3.49,3.62,3.77,-2.6903,-6.0514,-9.8621,-0.3443,-0.0345,0.4998
HQC,2025-10-16,3.44,3.51,3.43,3.48,3430300,3.49,3.6,3.76,-0.2007,-3.4138,-7.555,0.1274,0.0135,0.3897
HQC,2025-10-17,3.49,3.5,3.41,3.43,4286300,3.49,3.59,3.76,-1.6064,-4.3769,-8.6746,-0.2591,-0.0272,0.3986
HQC,2025-10-20,3.42,3.42,3.19,3.19,10404700,3.45,3.56,3.74,-7.4289,-10.3807,-14.7196,-0.6129,-0.0693,0.4389
HQC,2025-10-21,3.21,3.25,3.08,3.15,5349300,3.41,3.53,3.72,-7.6517,-10.7649,-15.3772,-0.1226,-0.0132,0.4095
HQC,2025-10-22,3.19,3.2,3.11,3.14,3492300,3.38,3.5,3.7,-7.0181,-10.1702,-15.2268,-0.1982,-0.021,0.3479
HQC,2025-10-23,3.18,3.22,3.15,3.17,2539500,3.34,3.46,3.69,-5.2033,-8.4344,-14.0316,-0.2032,-0.0217,0.3477
HQC,2025-10-24,3.17,3.17,3.09,3.12,4760300,3.3,3.43,3.67,-5.569,-9.0114,-14.9354,-0.2245,-0.0223,0.3089
HQC,2025-10-27,3.17,3.17,3.12,3.13,3445900,3.26,3.4,3.65,-4.076,-7.9547,-14.2278,-0.2926,-0.0316,0.2931
HQC,2025-10-28,3.15,3.15,3.11,3.15,3248600,3.24,3.38,3.63,-2.6576,-6.7081,-13.2948,0.408,0.0405,0.2793
HQC,2025-10-29,3.17,3.3,3.16,3.26,4404000,3.22,3.36,3.62,1.1794,-2.9184,-9.9149,0.5056,0.0608,0.2954
HQC,2025-10-30,3.27,3.33,3.26,3.3,3780400,3.2,3.35,3.6,2.9963,-1.36,-8.3537,0.0998,0.0119,0.2927
HQC,2025-10-31,3.32,3.33,3.23,3.23,2560900,3.18,3.34,3.58,1.4447,-3.1484,-9.8823,-0.3956,-0.0417,0.3063
HQC,2025-11-03,3.26,3.29,3.16,3.16,4474100,3.18,3.31,3.57,-0.6602,-4.6326,-11.43,-0.4736,-0.0579,0.2924
HQC,2025-11-04,3.22,3.22,3.09,3.22,5524300,3.19,3.3,3.56,1.0038,-2.4095,-9.4946,0.5423,0.0675,0.3343
HQC,2025-11-05,3.21,3.24,3.18,3.2,2544900,3.19,3.29,3.55,0.1879,-2.6023,-9.8642,-0.2302,-0.0266,0.3375
HQC,2025-11-06,3.22,3.22,3.16,3.17,2595200,3.19,3.27,3.54,-0.7514,-3.0284,-10.4115,-0.4871,-0.0549,0.3659
HQC,2025-11-07,3.18,3.19,3.1,3.11,4571800,3.19,3.25,3.53,-2.5994,-4.2635,-11.7781,-0.5767,-0.0626,0.4011
HQC,2025-11-10,3.08,3.12,3.05,3.05,4200000,3.18,3.22,3.51,-4.2386,-5.397,-13.1104,-1.1619,-0.1178,0.4881
HQC,2025-11-11,3.06,3.09,3.01,3.01,3951500,3.17,3.2,3.49,-5.0773,-6.0403,-13.8523,-0.9393,-0.103,0.5412
HQC,2025-11-12,3.05,3.1,3.04,3.07,4356200,3.15,3.19,3.48,-2.6015,-3.6712,-11.7106,-0.0,-0.0,0.4906
HQC,2025-11-13,3.1,3.11,3.03,3.05,4310500,3.13,3.17,3.46,-2.4624,-3.6487,-11.8548,-0.527,-0.055,0.5334
HQC,2025-11-14,3.05,3.12,3.05,3.07,4727300,3.11,3.15,3.44,-1.3179,-2.4623,-10.8646,-0.592,-0.0694,0.553
HQC,2025-11-17,3.09,3.14,3.09,3.13,3155300,3.11,3.14,3.43,0.7079,-0.4611,-8.7889,0.4537,0.054,0.551
HQC,2025-11-18,3.15,3.2,3.1,3.1,5973200,3.1,3.14,3.42,0.1292,-1.3367,-9.3143,-1.6376,-0.177,0.6606
HQC,2025-11-19,3.13,3.15,3.08,3.08,3716500,3.08,3.14,3.41,-0.1297,-1.8796,-9.5607,-0.8826,-0.098,0.7258
HQC,2025-11-20,3.08,3.14,3.08,3.1,2264100,3.08,3.14,3.39,0.7475,-1.1322,-8.6623,-0.2124,-0.0238,0.6983
HQC,2025-11-21,3.1,3.31,3.1,3.31,29923400,3.1,3.14,3.39,6.8776,5.2464,-2.2388,7.0997,0.8704,1.3506
HQC,2025-11-24,3.38,3.38,3.23,3.24,4858600,3.12,3.15,3.37,3.9795,2.8408,-3.9886,-1.3059,-0.1394,1.365
HQC,2025-11-25,3.24,3.28,3.12,3.13,8083000,3.13,3.15,3.36,0.0639,-0.6191,-6.9117,-1.475,-0.1663,1.4186
HQC,2025-11-26,3.14,3.19,3.09,3.13,5681200,3.13,3.14,3.35,-0.1276,-0.4136,-6.5448,-0.2325,-0.0254,1.4419
HQC,2025-11-27,3.18,3.18,3.1,3.12,5972600,3.14,3.13,3.34,-0.6686,-0.4467,-6.4636,-0.8502,-0.0961,1.4742
HQC,2025-11-28,3.12,3.15,3.1,3.11,3355400,3.15,3.13,3.32,-1.1129,-0.5754,-6.4042,-0.4599,-0.0525,1.461
HQC,2025-12-01,3.12,3.15,3.11,3.13,3111900,3.14,3.13,3.31,-0.4769,0.1119,-5.4552,0.0,0.0,1.4156
HQC,2025-12-02,3.12,3.13,3.08,3.11,5047900,3.15,3.12,3.3,-1.1443,-0.3525,-5.7004,0.2279,0.0245,1.2746
HQC,2025-12-03,3.11,3.16,3.11,3.15,4054700,3.15,3.12,3.28,-0.0951,1.0101,-4.0921,0.5249,0.0566,1.2388
HQC,2025-12-04,3.13,3.17,3.13,3.16,3658800,3.16,3.12,3.27,0.0317,1.347,-3.3876,0.4976,0.0541,1.2674
HQC,2025-12-05,3.16,3.17,3.12,3.12,3560700,3.14,3.12,3.26,-0.6369,0.0481,-4.224,-0.7205,-0.0765,0.6295
HQC,2025-12-08,3.14,3.16,3.12,3.15,5398900,3.13,3.12,3.25,0.6068,0.8484,-2.9754,0.6124,0.0664,0.5601
HQC,2025-12-09,3.15,3.29,3.15,3.19,8225400,3.14,3.13,3.24,1.6895,1.8356,-1.4763,-0.7615,-0.0875,0.4888
HQC,2025-12-10,3.19,3.25,3.18,3.2,4770100,3.14,3.14,3.23,1.7812,1.9433,-0.9042,-0.6575,-0.0791,0.5313
HQC,2025-12-11,3.24,3.42,3.21,3.36,19704800,3.17,3.15,3.23,6.0606,6.5145,4.1731,2.5529,0.3021,0.7015
HQC,2025-12-12,3.35,3.38,3.16,3.18,8344100,3.18,3.16,3.22,0.1575,0.6329,-1.2484,-0.8423,-0.1091,0.7398
HQC,2025-12-15,3.19,3.22,3.08,3.1,6607900,3.17,3.16,3.21,-2.2699,-1.8521,-3.4388,-1.5464,-0.1872,0.8944
HQC,2025-12-16,3.1,3.17,3.07,3.16,6139800,3.18,3.16,3.2,-0.5351,-0.0474,-1.361,0.8816,0.0936,0.9598
HQC,2025-12-17,3.17,3.18,3.11,3.12,3404600,3.17,3.16,3.2,-1.7013,-1.3751,-2.3902,-0.7939,-0.0884,0.9867
