ticker,time,open,high,low,close,volume,ma10,ma20,ma50,ma10_score,ma20_score,ma50_score,money_flow,dollar_flow,trend_score
KSV,2016-07-28,8.38,8.38,8.38,8.38,500,,,,,,,0.0,0.0,0.0
KSV,2016-07-29,8.38,8.38,8.38,8.38,0,,,,,,,0.0,0.0,0.0
KSV,2016-08-01,8.38,8.38,8.38,8.38,0,,,,,,,0.0,0.0,0.0
KSV,2016-08-02,8.38,8.38,8.38,8.38,0,,,,,,,0.0,0.0,0.0
KSV,2016-08-03,8.38,8.38,8.38,8.38,0,,,,,,,0.0,0.0,0.0
KSV,2016-08-04,8.38,8.38,8.38,8.38,0,,,,,,,0.0,0.0,0.0
KSV,2016-08-05,8.38,8.38,8.38,8.38,0,,,,,,,0.0,0.0,0.0
KSV,2016-08-08,8.38,8.38,8.38,8.38,0,,,,,,,0.0,0.0,0.0
KSV,2016-08-09,8.38,8.38,8.38,8.38,0,,,,,,,0.0,0.0,0.0
KSV,2016-08-10,8.38,8.38,8.38,8.38,0,8.38,,,0.0,,,0.0,0.0,0.0
KSV,2016-08-11,8.38,8.38,8.38,8.38,0,8.38,,,0.0,,,0.0,0.0,0.0
KSV,2016-08-12,8.38,8.38,8.38,8.38,0,8.38,,,0.0,,,0.0,0.0,0.0
KSV,2016-08-15,8.38,8.38,8.38,8.38,0,8.38,,,0.0,,,0.0,0.0,0.0
KSV,2016-08-16,8.38,8.38,8.38,8.38,0,8.38,,,0.0,,,0.0,0.0,0.0
KSV,2016-08-17,8.38,8.38,8.38,8.38,0,8.38,,,0.0,,,0.0,0.0,0.0
KSV,2016-08-18,8.38,8.38,8.38,8.38,0,8.38,,,0.0,,,0.0,0.0,0.0
KSV,2016-08-19,8.38,8.38,8.38,8.38,0,8.38,,,0.0,,,0.0,0.0,0.0
KSV,2016-08-22,8.38,8.38,8.38,8.38,0,8.38,,,0.0,,,0.0,0.0,0.0
KSV,2016-08-23,8.38,8.38,8.38,8.38,0,8.38,,,0.0,,,0.0,0.0,0.0
KSV,2016-08-24,8.38,8.38,8.38,8.38,0,8.38,8.38,,0.0,0.0,,0.0,0.0,0.0
KSV,2016-08-25,8.38,8.38,8.38,8.38,0,8.38,8.38,,0.0,0.0,,0.0,0.0,0.0
KSV,2016-08-26,8.38,8.38,8.38,8.38,0,8.38,8.38,,0.0,0.0,,0.0,0.0,0.0
KSV,2016-08-29,8.38,8.38,8.38,8.38,0,8.38,8.38,,0.0,0.0,,0.0,0.0,0.0
KSV,2016-08-30,8.38,8.38,8.38,8.38,0,8.38,8.38,,0.0,0.0,,0.0,0.0,0.0
KSV,2016-08-31,8.38,8.38,8.38,8.38,0,8.38,8.38,,0.0,0.0,,0.0,0.0,0.0
KSV,2016-09-01,8.38,8.38,8.38,8.38,0,8.38,8.38,,0.0,0.0,,0.0,0.0,0.0
KSV,2016-09-05,8.38,8.38,8.38,8.38,0,8.38,8.38,,0.0,0.0,,0.0,0.0,0.0
KSV,2016-09-06,8.38,8.38,8.38,8.38,0,8.38,8.38,,0.0,0.0,,0.0,0.0,0.0
KSV,2016-09-07,8.38,8.38,8.38,8.38,0,8.38,8.38,,0.0,0.0,,0.0,0.0,0.0
KSV,2016-09-08,8.38,8.38,8.38,8.38,0,8.38,8.38,,0.0,0.0,,0.0,0.0,0.0
KSV,2016-09-09,8.38,8.38,8.38,8.38,0,8.38,8.38,,0.0,0.0,,0.0,0.0,0.0
KSV,2016-09-12,8.38,8.38,8.38,8.38,0,8.38,8.38,,0.0,0.0,,0.0,0.0,0.0
KSV,2016-09-13,8.38,8.38,8.38,8.38,0,8.38,8.38,,0.0,0.0,,0.0,0.0,0.0
KSV,2016-09-14,8.38,8.38,8.38,8.38,0,8.38,8.38,,0.0,0.0,,0.0,0.0,0.0
KSV,2016-09-15,8.38,8.38,8.38,8.38,0,8.38,8.38,,0.0,0.0,,0.0,0.0,0.0
KSV,2016-09-16,8.38,8.38,8.38,8.38,0,8.38,8.38,,0.0,0.0,,0.0,0.0,0.0
KSV,2016-09-19,8.38,8.38,8.38,8.38,0,8.38,8.38,,0.0,0.0,,0.0,0.0,0.0
KSV,2016-09-20,8.38,8.38,8.38,8.38,0,8.38,8.38,,0.0,0.0,,0.0,0.0,0.0
KSV,2016-09-21,8.38,8.38,8.38,8.38,0,8.38,8.38,,0.0,0.0,,0.0,0.0,0.0
KSV,2016-09-22,8.38,8.38,8.38,8.38,0,8.38,8.38,,0.0,0.0,,0.0,0.0,0.0
KSV,2016-09-23,8.38,8.38,8.38,8.38,0,8.38,8.38,,0.0,0.0,,0.0,0.0,0.0
KSV,2016-09-26,8.38,8.38,8.38,8.38,0,8.38,8.38,,0.0,0.0,,0.0,0.0,0.0
KSV,2016-09-27,8.38,8.38,8.38,8.38,0,8.38,8.38,,0.0,0.0,,0.0,0.0,0.0
KSV,2016-09-28,8.38,8.38,8.38,8.38,0,8.38,8.38,,0.0,0.0,,0.0,0.0,0.0
KSV,2016-09-29,8.38,8.38,8.38,8.38,0,8.38,8.38,,0.0,0.0,,0.0,0.0,0.0
KSV,2016-09-30,8.38,8.38,8.38,8.38,0,8.38,8.38,,0.0,0.0,,0.0,0.0,0.0
KSV,2016-10-03,8.38,8.38,8.38,8.38,0,8.38,8.38,,0.0,0.0,,0.0,0.0,0.0
KSV,2016-10-04,8.38,8.38,8.38,8.38,0,8.38,8.38,,0.0,0.0,,0.0,0.0,0.0
KSV,2016-10-05,8.38,8.38,8.38,8.38,0,8.38,8.38,,0.0,0.0,,0.0,0.0,0.0
KSV,2016-10-06,8.38,8.38,8.38,8.38,0,8.38,8.38,8.38,0.0,0.0,0.0,0.0,0.0,0.0
KSV,2016-10-07,8.38,8.38,8.38,8.38,0,8.38,8.38,8.38,0.0,0.0,0.0,0.0,0.0,0.0
KSV,2016-10-10,8.38,8.38,8.38,8.38,0,8.38,8.38,8.38,0.0,0.0,0.0,0.0,0.0,0.0
KSV,2016-10-11,8.38,8.38,8.38,8.38,0,8.38,8.38,8.38,0.0,0.0,0.0,0.0,0.0,0.0
KSV,2016-10-12,8.38,8.38,8.38,8.38,0,8.38,8.38,8.38,0.0,0.0,0.0,0.0,0.0,0.0
KSV,2016-10-13,8.38,8.38,8.38,8.38,0,8.38,8.38,8.38,0.0,0.0,0.0,0.0,0.0,0.0
KSV,2016-10-14,8.38,8.38,8.38,8.38,0,8.38,8.38,8.38,0.0,0.0,0.0,0.0,0.0,0.0
KSV,2016-10-17,8.38,8.38,8.38,8.38,0,8.38,8.38,8.38,0.0,0.0,0.0,0.0,0.0,0.0
KSV,2016-10-18,8.38,8.38,8.38,8.38,0,8.38,8.38,8.38,0.0,0.0,0.0,0.0,0.0,0.0
KSV,2016-10-19,8.38,8.38,8.38,8.38,0,8.38,8.38,8.38,0.0,0.0,0.0,0.0,0.0,0.0
KSV,2016-10-20,8.38,8.38,8.38,8.38,0,8.38,8.38,8.38,0.0,0.0,0.0,0.0,0.0,0.0
KSV,2016-10-21,8.38,8.38,8.38,8.38,0,8.38,8.38,8.38,0.0,0.0,0.0,0.0,0.0,0.0
KSV,2016-10-24,8.38,8.38,8.38,8.38,0,8.38,8.38,8.38,0.0,0.0,0.0,0.0,0.0,0.0
KSV,2016-10-25,8.38,8.38,8.38,8.38,0,8.38,8.38,8.38,0.0,0.0,0.0,0.0,0.0,0.0
KSV,2016-10-26,8.38,8.38,8.38,8.38,0,8.38,8.38,8.38,0.0,0.0,0.0,0.0,0.0,0.0
KSV,2016-10-27,8.38,8.38,8.38,8.38,0,8.38,8.38,8.38,0.0,0.0,0.0,0.0,0.0,0.0
KSV,2016-10-28,8.38,8.38,8.38,8.38,0,8.38,8.38,8.38,0.0,0.0,0.0,0.0,0.0,0.0
KSV,2016-10-31,8.38,8.38,8.38,8.38,0,8.38,8.38,8.38,0.0,0.0,0.0,0.0,0.0,0.0
KSV,2016-11-01,8.38,8.38,8.38,8.38,0,8.38,8.38,8.38,0.0,0.0,0.0,0.0,0.0,0.0
KSV,2016-11-02,8.38,8.38,8.38,8.38,0,8.38,8.38,8.38,0.0,0.0,0.0,0.0,0.0,0.0
KSV,2016-11-03,8.38,8.38,8.38,8.38,0,8.38,8.38,8.38,0.0,0.0,0.0,0.0,0.0,0.0
KSV,2016-11-04,8.38,8.38,8.38,8.38,0,8.38,8.38,8.38,0.0,0.0,0.0,0.0,0.0,0.0
KSV,2016-11-07,8.38,8.38,8.38,8.38,0,8.38,8.38,8.38,0.0,0.0,0.0,0.0,0.0,0.0
KSV,2016-11-08,8.38,8.38,8.38,8.38,0,8.38,8.38,8.38,0.0,0.0,0.0,0.0,0.0,0.0
KSV,2016-11-09,8.38,8.38,8.38,8.38,0,8.38,8.38,8.38,0.0,0.0,0.0,0.0,0.0,0.0
KSV,2016-11-10,8.38,8.38,8.38,8.38,0,8.38,8.38,8.38,0.0,0.0,0.0,0.0,0.0,0.0
KSV,2016-11-11,8.38,8.38,8.38,8.38,0,8.38,8.38,8.38,0.0,0.0,0.0,0.0,0.0,0.0
KSV,2016-11-14,8.38,8.38,8.38,8.38,0,8.38,8.38,8.38,0.0,0.0,0.0,0.0,0.0,0.0
KSV,2016-11-15,5.03,5.03,5.03,5.03,200,8.05,8.21,8.31,-37.5,-38.7755,-39.5161,0.0,0.0,0.0
KSV,2016-11-16,5.03,5.03,5.03,5.03,0,7.71,8.05,8.25,-34.7826,-37.5,-39.0244,0.0,0.0,0.0
KSV,2016-11-17,5.03,5.03,5.03,5.03,0,7.37,7.88,8.18,-31.8182,-36.1702,-38.5246,0.0,0.0,0.0
KSV,2016-11-18,5.03,5.03,5.03,5.03,0,7.04,7.71,8.11,-28.5714,-34.7826,-38.0165,0.0,0.0,0.0
KSV,2016-11-21,5.03,5.03,5.03,5.03,0,6.7,7.54,8.05,-25.0,-33.3333,-37.5,0.0,0.0,0.0
KSV,2016-11-22,5.03,5.03,5.03,5.03,0,6.37,7.37,7.98,-21.0526,-31.8182,-36.9748,0.0,0.0,0.0
KSV,2016-11-23,5.03,5.03,5.03,5.03,0,6.03,7.21,7.91,-16.6667,-30.2325,-36.4407,0.0,0.0,0.0
KSV,2016-11-24,5.03,5.03,5.03,5.03,0,5.7,7.04,7.84,-11.7647,-28.5714,-35.8974,0.0,0.0,0.0
KSV,2016-11-25,5.03,5.03,5.03,5.03,0,5.36,6.87,7.78,-6.25,-26.8292,-35.3448,0.0,0.0,0.0
KSV,2016-11-28,5.03,5.03,5.03,5.03,0,5.03,6.7,7.71,0.0,-25.0,-34.7826,0.0,0.0,0.0
KSV,2016-11-29,5.03,5.03,5.03,5.03,0,5.03,6.54,7.64,0.0,-23.0769,-34.2105,0.0,0.0,0.0
KSV,2016-11-30,5.03,5.03,5.03,5.03,0,5.03,6.37,7.58,0.0,-21.0526,-33.6283,0.0,0.0,0.0
KSV,2016-12-01,5.03,5.03,5.03,5.03,0,5.03,6.2,7.51,0.0,-18.9189,-33.0357,0.0,0.0,0.0
KSV,2016-12-02,5.03,5.03,5.03,5.03,0,5.03,6.03,7.44,0.0,-16.6667,-32.4324,0.0,0.0,0.0
KSV,2016-12-05,5.03,5.03,5.03,5.03,0,5.03,5.87,7.37,0.0,-14.2857,-31.8182,0.0,0.0,0.0
KSV,2016-12-06,5.03,5.03,5.03,5.03,0,5.03,5.7,7.31,0.0,-11.7647,-31.1926,0.0,0.0,0.0
KSV,2016-12-07,5.03,5.03,5.03,5.03,0,5.03,5.53,7.24,0.0,-9.0909,-30.5555,0.0,0.0,0.0
KSV,2016-12-08,5.03,5.03,5.03,5.03,0,5.03,5.36,7.17,0.0,-6.25,-29.9065,0.0,0.0,0.0
KSV,2016-12-09,5.03,5.03,5.03,5.03,0,5.03,5.2,7.11,0.0,-3.2258,-29.2453,0.0,0.0,0.0
KSV,2016-12-12,5.03,5.03,5.03,5.03,0,5.03,5.03,7.04,0.0,0.0,-28.5714,0.0,0.0,0.0
KSV,2016-12-13,5.03,5.03,5.03,5.03,0,5.03,5.03,6.97,0.0,0.0,-27.8846,0.0,0.0,0.0
KSV,2016-12-14,5.03,5.03,5.03,5.03,0,5.03,5.03,6.91,0.0,0.0,-27.1844,0.0,0.0,0.0
KSV,2016-12-15,5.03,5.03,5.03,5.03,0,5.03,5.03,6.84,0.0,0.0,-26.4706,0.0,0.0,0.0
KSV,2016-12-16,5.03,5.03,5.03,5.03,0,5.03,5.03,6.77,0.0,0.0,-25.7426,0.0,0.0,0.0
KSV,2016-12-19,5.03,5.03,5.03,5.03,0,5.03,5.03,6.7,0.0,0.0,-25.0,0.0,0.0,0.0
KSV,2016-12-20,5.03,5.03,5.03,5.03,0,5.03,5.03,6.64,0.0,0.0,-24.2424,0.0,0.0,0.0
KSV,2016-12-21,5.03,5.03,5.03,5.03,0,5.03,5.03,6.57,0.0,0.0,-23.4694,0.0,0.0,0.0
KSV,2016-12-22,5.03,5.03,5.03,5.03,0,5.03,5.03,6.5,0.0,0.0,-22.6804,0.0,0.0,0.0
KSV,2016-12-23,5.03,5.03,5.03,5.03,0,5.03,5.03,6.44,0.0,0.0,-21.875,0.0,0.0,0.0
KSV,2016-12-26,5.03,5.03,5.03,5.03,0,5.03,5.03,6.37,0.0,0.0,-21.0526,0.0,0.0,0.0
KSV,2016-12-27,5.03,5.03,5.03,5.03,0,5.03,5.03,6.3,0.0,0.0,-20.2127,0.0,0.0,0.0
KSV,2016-12-28,5.03,5.03,5.03,5.03,0,5.03,5.03,6.24,0.0,0.0,-19.3548,0.0,0.0,0.0
KSV,2016-12-29,5.03,5.03,5.03,5.03,0,5.03,5.03,6.17,0.0,0.0,-18.4782,0.0,0.0,0.0
KSV,2016-12-30,3.03,3.03,3.03,3.03,100,4.83,4.93,6.06,-37.2496,-38.5219,-50.0106,0.0,0.0,0.0
KSV,2017-01-03,3.03,3.03,3.03,3.03,0,4.63,4.83,5.95,-34.5404,-37.2496,-49.1121,0.0,0.0,0.0
KSV,2017-01-04,3.03,3.03,3.03,3.03,0,4.43,4.73,5.85,-31.5866,-35.9236,-48.1808,0.0,0.0,0.0
KSV,2017-01-05,3.03,3.03,3.03,3.03,0,4.23,4.63,5.74,-28.3536,-34.5404,-47.2147,0.0,0.0,0.0
KSV,2017-01-06,3.03,3.03,3.03,3.03,0,4.03,4.53,5.63,-24.8,-33.0961,-46.2119,0.0,0.0,0.0
KSV,2017-01-09,3.03,3.03,3.03,3.03,0,3.83,4.43,5.53,-20.8754,-31.5866,-45.1703,0.0,0.0,0.0
KSV,2017-01-10,3.03,3.03,3.03,3.03,0,3.63,4.33,5.42,-16.5186,-30.0074,-44.0875,0.0,0.0,0.0
KSV,2017-01-11,3.03,3.03,3.03,3.03,0,3.43,4.23,5.31,-11.6541,-28.3536,-42.9611,0.0,0.0,0.0
KSV,2017-01-12,3.03,3.03,3.03,3.03,0,3.23,4.13,5.2,-6.1876,-26.6198,-41.7884,0.0,0.0,0.0
KSV,2017-01-13,3.03,3.03,3.03,3.03,0,3.03,4.03,5.1,0.0,-24.8,-40.5665,0.0,0.0,0.0
KSV,2017-01-16,3.03,3.03,3.03,3.03,0,3.03,3.93,4.99,0.0,-22.8876,-39.2921,0.0,0.0,0.0
KSV,2017-01-17,3.03,3.03,3.03,3.03,0,3.03,3.83,4.88,0.0,-20.8754,-37.962,0.0,0.0,0.0
KSV,2017-01-18,3.03,3.03,3.03,3.03,0,3.03,3.73,4.78,0.0,-18.7554,-36.5722,0.0,0.0,0.0
KSV,2017-01-19,3.03,3.03,3.03,3.03,0,3.03,3.63,4.67,0.0,-16.5186,-35.1187,0.0,0.0,0.0
KSV,2017-01-20,3.03,3.03,3.03,3.03,0,3.03,3.53,4.56,0.0,-14.1552,-33.597,0.0,0.0,0.0
KSV,2017-01-23,3.03,3.03,3.03,3.03,0,3.03,3.43,4.46,0.0,-11.6541,-32.0023,0.0,0.0,0.0
KSV,2017-01-24,3.03,3.03,3.03,3.03,0,3.03,3.33,4.35,0.0,-9.0029,-30.3291,0.0,0.0,0.0
KSV,2017-01-25,3.03,3.03,3.03,3.03,0,3.03,3.23,4.31,0.0,-6.1876,-29.6828,0.0,0.0,0.0
KSV,2017-02-02,3.03,3.03,3.03,3.03,0,3.03,3.13,4.27,0.0,-3.1926,-29.0244,0.0,0.0,0.0
KSV,2017-02-03,3.03,3.03,3.03,3.03,0,3.03,3.03,4.23,0.0,0.0,-28.3536,0.0,0.0,0.0
KSV,2017-02-06,3.03,3.03,3.03,3.03,0,3.03,3.03,4.19,0.0,0.0,-27.67,0.0,0.0,0.0
KSV,2017-02-07,3.03,3.03,3.03,3.03,0,3.03,3.03,4.15,0.0,0.0,-26.9733,0.0,0.0,0.0
KSV,2017-02-08,3.03,3.03,3.03,3.03,0,3.03,3.03,4.11,0.0,0.0,-26.2629,0.0,0.0,0.0
KSV,2017-02-09,3.03,3.03,3.03,3.03,0,3.03,3.03,4.07,0.0,0.0,-25.5386,0.0,0.0,0.0
KSV,2017-02-10,3.03,3.03,3.03,3.03,0,3.03,3.03,4.03,0.0,0.0,-24.8,0.0,0.0,0.0
KSV,2017-02-13,3.03,3.03,3.03,3.03,0,3.03,3.03,3.99,0.0,0.0,-24.0465,0.0,0.0,0.0
KSV,2017-02-14,3.03,3.03,3.03,3.03,0,3.03,3.03,3.95,0.0,0.0,-23.2778,0.0,0.0,0.0
KSV,2017-02-15,3.03,3.03,3.03,3.03,0,3.03,3.03,3.91,0.0,0.0,-22.4934,0.0,0.0,0.0
KSV,2017-02-16,3.03,3.03,3.03,3.03,0,3.03,3.03,3.87,0.0,0.0,-21.6928,0.0,0.0,0.0
KSV,2017-02-17,3.03,3.03,3.03,3.03,0,3.03,3.03,3.83,0.0,0.0,-20.8754,0.0,0.0,0.0
KSV,2017-02-20,3.03,3.03,3.03,3.03,0,3.03,3.03,3.79,0.0,0.0,-20.0408,0.0,0.0,0.0
KSV,2017-02-21,3.03,3.03,3.03,3.03,0,3.03,3.03,3.75,0.0,0.0,-19.1884,0.0,0.0,0.0
KSV,2017-02-22,3.03,3.03,3.03,3.03,0,3.03,3.03,3.71,0.0,0.0,-18.3177,0.0,0.0,0.0
KSV,2017-02-23,3.03,3.03,3.03,3.03,0,3.03,3.03,3.67,0.0,0.0,-17.428,0.0,0.0,0.0
KSV,2017-02-24,3.03,3.03,3.03,3.03,0,3.03,3.03,3.63,0.0,0.0,-16.5186,0.0,0.0,0.0
KSV,2017-02-27,3.03,3.03,3.03,3.03,0,3.03,3.03,3.59,0.0,0.0,-15.5891,0.0,0.0,0.0
KSV,2017-02-28,3.03,3.03,3.03,3.03,0,3.03,3.03,3.55,0.0,0.0,-14.6386,0.0,0.0,0.0
KSV,2017-03-01,3.03,3.03,3.03,3.03,0,3.03,3.03,3.51,0.0,0.0,-13.6664,0.0,0.0,0.0
KSV,2017-03-02,3.03,3.03,3.03,3.03,0,3.03,3.03,3.47,0.0,0.0,-12.6719,0.0,0.0,0.0
KSV,2017-03-03,3.03,3.03,3.03,3.03,0,3.03,3.03,3.43,0.0,0.0,-11.6541,0.0,0.0,0.0
KSV,2017-03-06,3.03,3.03,3.03,3.03,0,3.03,3.03,3.39,0.0,0.0,-10.6124,0.0,0.0,0.0
KSV,2017-03-07,3.03,3.03,3.03,3.03,0,3.03,3.03,3.35,0.0,0.0,-9.5458,0.0,0.0,0.0
KSV,2017-03-08,3.03,3.03,3.03,3.03,0,3.03,3.03,3.31,0.0,0.0,-8.4534,0.0,0.0,0.0
KSV,2017-03-09,3.03,3.03,3.03,3.03,0,3.03,3.03,3.27,0.0,0.0,-7.3344,0.0,0.0,0.0
KSV,2017-03-10,3.03,3.03,3.03,3.03,0,3.03,3.03,3.23,0.0,0.0,-6.1876,0.0,0.0,0.0
KSV,2017-03-13,3.03,3.03,3.03,3.03,0,3.03,3.03,3.19,0.0,0.0,-5.0121,0.0,0.0,0.0
KSV,2017-03-14,3.03,3.03,3.03,3.03,0,3.03,3.03,3.15,0.0,0.0,-3.8068,0.0,0.0,0.0
KSV,2017-03-15,3.03,3.03,3.03,3.03,0,3.03,3.03,3.11,0.0,0.0,-2.5705,0.0,0.0,0.0
KSV,2017-03-16,3.03,3.03,3.03,3.03,0,3.03,3.03,3.07,0.0,0.0,-1.302,0.0,0.0,0.0
KSV,2017-03-17,3.03,3.03,3.03,3.03,0,3.03,3.03,3.03,0.0,0.0,0.0,0.0,0.0,0.0
KSV,2017-03-20,3.03,3.03,3.03,3.03,0,3.03,3.03,3.03,0.0,0.0,0.0,0.0,0.0,0.0
KSV,2017-03-21,3.03,3.03,3.03,3.03,0,3.03,3.03,3.03,0.0,0.0,0.0,0.0,0.0,0.0
KSV,2017-03-22,3.03,3.03,3.03,3.03,0,3.03,3.03,3.03,0.0,0.0,0.0,0.0,0.0,0.0
KSV,2017-03-23,3.03,3.03,3.03,3.03,0,3.03,3.03,3.03,0.0,0.0,0.0,0.0,0.0,0.0
KSV,2017-03-24,3.03,3.03,3.03,3.03,0,3.03,3.03,3.03,0.0,0.0,0.0,0.0,0.0,0.0
KSV,2017-03-27,3.03,3.03,3.03,3.03,0,3.03,3.03,3.03,0.0,0.0,0.0,0.0,0.0,0.0
KSV,2017-03-28,3.03,3.03,3.03,3.03,0,3.03,3.03,3.03,0.0,0.0,0.0,0.0,0.0,0.0
KSV,2017-03-29,3.03,3.03,3.03,3.03,0,3.03,3.03,3.03,0.0,0.0,0.0,0.0,0.0,0.0
KSV,2017-03-30,3.03,3.03,3.03,3.03,0,3.03,3.03,3.03,0.0,0.0,0.0,0.0,0.0,0.0
KSV,2017-03-31,3.03,3.03,3.03,3.03,0,3.03,3.03,3.03,0.0,0.0,0.0,0.0,0.0,0.0
KSV,2017-04-03,3.03,3.03,3.03,3.03,0,3.03,3.03,3.03,0.0,0.0,0.0,0.0,0.0,0.0
KSV,2017-04-04,3.03,3.03,3.03,3.03,0,3.03,3.03,3.03,0.0,0.0,0.0,0.0,0.0,0.0
KSV,2017-04-05,3.03,3.03,3.03,3.03,0,3.03,3.03,3.03,0.0,0.0,0.0,0.0,0.0,0.0
KSV,2017-04-07,3.03,3.03,3.03,3.03,0,3.03,3.03,3.03,0.0,0.0,0.0,0.0,0.0,0.0
KSV,2017-04-10,3.03,3.03,3.03,3.03,0,3.03,3.03,3.03,0.0,0.0,0.0,0.0,0.0,0.0
KSV,2017-04-11,3.03,3.03,3.03,3.03,0,3.03,3.03,3.03,0.0,0.0,0.0,0.0,0.0,0.0
KSV,2017-04-12,3.03,3.03,3.03,3.03,0,3.03,3.03,3.03,0.0,0.0,0.0,0.0,0.0,0.0
KSV,2017-04-13,3.03,3.03,3.03,3.03,0,3.03,3.03,3.03,0.0,0.0,0.0,0.0,0.0,0.0
KSV,2017-04-14,3.03,3.03,3.03,3.03,0,3.03,3.03,3.03,0.0,0.0,0.0,0.0,0.0,0.0
KSV,2017-04-17,3.03,3.03,3.03,3.03,0,3.03,3.03,3.03,0.0,0.0,0.0,0.0,0.0,0.0
KSV,2017-04-18,2.9,2.9,2.9,2.9,2000,3.02,3.02,3.03,-3.8462,-4.0512,-4.1738,0.0,0.0,0.0
KSV,2017-04-19,2.9,2.9,2.9,2.9,0,3.0,3.02,3.02,-3.4335,-3.8462,-4.0921,0.0,0.0,0.0
KSV,2017-04-20,2.9,2.9,2.9,2.9,0,2.99,3.01,3.02,-3.0172,-3.6403,-4.0102,0.0,0.0,0.0
KSV,2017-04-21,2.9,2.9,2.9,2.9,0,2.98,3.0,3.02,-2.5974,-3.4335,-3.9283,0.0,0.0,0.0
KSV,2017-04-24,2.9,2.9,2.9,2.9,0,2.97,3.0,3.02,-2.1739,-3.2258,-3.8462,0.0,0.0,0.0
KSV,2017-04-25,2.9,2.9,2.9,2.9,0,2.95,2.99,3.01,-1.7467,-3.0172,-3.7639,0.0,0.0,0.0
KSV,2017-04-26,2.9,2.9,2.9,2.9,0,2.94,2.98,3.01,-1.3158,-2.8078,-3.6815,0.0,0.0,0.0
KSV,2017-04-27,2.9,2.9,2.9,2.9,0,2.93,2.98,3.01,-0.8811,-2.5974,-3.599,0.0,0.0,0.0
KSV,2017-04-28,2.9,2.9,2.9,2.9,0,2.91,2.97,3.01,-0.4425,-2.3861,-3.5163,0.0,0.0,0.0
KSV,2017-05-03,2.9,2.9,2.9,2.9,0,2.9,2.97,3.0,0.0,-2.1739,-3.4335,0.0,0.0,0.0
KSV,2017-05-04,2.9,2.9,2.9,2.9,0,2.9,2.96,3.0,0.0,-1.9608,-3.3505,0.0,0.0,0.0
KSV,2017-05-05,2.9,2.9,2.9,2.9,0,2.9,2.95,3.0,0.0,-1.7467,-3.2674,0.0,0.0,0.0
KSV,2017-05-08,2.9,2.9,2.9,2.9,0,2.9,2.95,3.0,0.0,-1.5317,-3.1842,0.0,0.0,0.0
KSV,2017-05-09,2.9,2.9,2.9,2.9,0,2.9,2.94,2.99,0.0,-1.3158,-3.1008,0.0,0.0,0.0
KSV,2017-05-10,2.9,2.9,2.9,2.9,0,2.9,2.93,2.99,0.0,-1.0989,-3.0172,0.0,0.0,0.0
KSV,2017-05-11,2.9,2.9,2.9,2.9,0,2.9,2.93,2.99,0.0,-0.8811,-2.9336,0.0,0.0,0.0
KSV,2017-05-12,2.9,2.9,2.9,2.9,0,2.9,2.92,2.99,0.0,-0.6623,-2.8497,0.0,0.0,0.0
KSV,2017-05-15,2.9,2.9,2.9,2.9,0,2.9,2.91,2.98,0.0,-0.4425,-2.7658,0.0,0.0,0.0
KSV,2017-05-16,2.9,2.9,2.9,2.9,0,2.9,2.91,2.98,0.0,-0.2217,-2.6817,0.0,0.0,0.0
KSV,2017-05-17,2.9,2.9,2.9,2.9,0,2.9,2.9,2.98,0.0,0.0,-2.5974,0.0,0.0,0.0
KSV,2017-05-18,2.9,2.9,2.9,2.9,0,2.9,2.9,2.98,0.0,0.0,-2.513,0.0,0.0,0.0
KSV,2017-05-19,2.9,2.9,2.9,2.9,0,2.9,2.9,2.97,0.0,0.0,-2.4285,0.0,0.0,0.0
KSV,2017-05-22,2.9,2.9,2.9,2.9,0,2.9,2.9,2.97,0.0,0.0,-2.3438,0.0,0.0,0.0
KSV,2017-05-23,2.9,2.9,2.9,2.9,0,2.9,2.9,2.97,0.0,0.0,-2.2589,0.0,0.0,0.0
KSV,2017-05-24,2.9,2.9,2.9,2.9,0,2.9,2.9,2.97,0.0,0.0,-2.1739,0.0,0.0,0.0
KSV,2017-05-25,2.9,2.9,2.9,2.9,0,2.9,2.9,2.96,0.0,0.0,-2.0888,0.0,0.0,0.0
KSV,2017-05-26,2.9,2.9,2.9,2.9,0,2.9,2.9,2.96,0.0,0.0,-2.0035,0.0,0.0,0.0
KSV,2017-05-29,2.9,2.9,2.9,2.9,0,2.9,2.9,2.96,0.0,0.0,-1.9181,0.0,0.0,0.0
KSV,2017-05-30,2.9,2.9,2.9,2.9,0,2.9,2.9,2.96,0.0,0.0,-1.8325,0.0,0.0,0.0
KSV,2017-05-31,2.9,2.9,2.9,2.9,0,2.9,2.9,2.95,0.0,0.0,-1.7467,0.0,0.0,0.0
KSV,2017-06-01,2.9,2.9,2.9,2.9,0,2.9,2.9,2.95,0.0,0.0,-1.6608,0.0,0.0,0.0
KSV,2017-06-02,2.9,2.9,2.9,2.9,0,2.9,2.9,2.95,0.0,0.0,-1.5748,0.0,0.0,0.0
KSV,2017-06-05,2.9,2.9,2.9,2.9,0,2.9,2.9,2.94,0.0,0.0,-1.4886,0.0,0.0,0.0
KSV,2017-06-06,2.9,2.9,2.9,2.9,0,2.9,2.9,2.94,0.0,0.0,-1.4023,0.0,0.0,0.0
KSV,2017-06-07,2.9,2.9,2.9,2.9,0,2.9,2.9,2.94,0.0,0.0,-1.3158,0.0,0.0,0.0
KSV,2017-06-08,2.9,2.9,2.9,2.9,0,2.9,2.9,2.94,0.0,0.0,-1.2292,0.0,0.0,0.0
KSV,2017-06-09,2.9,2.9,2.9,2.9,0,2.9,2.9,2.93,0.0,0.0,-1.1424,0.0,0.0,0.0
KSV,2017-06-12,2.9,2.9,2.9,2.9,0,2.9,2.9,2.93,0.0,0.0,-1.0554,0.0,0.0,0.0
KSV,2017-06-13,2.9,2.9,2.9,2.9,0,2.9,2.9,2.93,0.0,0.0,-0.9683,0.0,0.0,0.0
KSV,2017-06-14,2.9,2.9,2.9,2.9,0,2.9,2.9,2.93,0.0,0.0,-0.8811,0.0,0.0,0.0
KSV,2017-06-15,2.9,2.9,2.9,2.9,0,2.9,2.9,2.92,0.0,0.0,-0.7937,0.0,0.0,0.0
KSV,2017-06-16,2.9,2.9,2.9,2.9,0,2.9,2.9,2.92,0.0,0.0,-0.7061,0.0,0.0,0.0
KSV,2017-06-19,2.9,2.9,2.9,2.9,0,2.9,2.9,2.92,0.0,0.0,-0.6184,0.0,0.0,0.0
KSV,2017-06-20,2.9,2.9,2.9,2.9,0,2.9,2.9,2.92,0.0,0.0,-0.5305,0.0,0.0,0.0
KSV,2017-06-21,2.9,2.9,2.9,2.9,0,2.9,2.9,2.91,0.0,0.0,-0.4425,0.0,0.0,0.0
KSV,2017-06-22,2.9,2.9,2.9,2.9,0,2.9,2.9,2.91,0.0,0.0,-0.3543,0.0,0.0,0.0
KSV,2017-06-23,2.9,2.9,2.9,2.9,0,2.9,2.9,2.91,0.0,0.0,-0.266,0.0,0.0,0.0
KSV,2017-06-26,2.9,2.9,2.9,2.9,0,2.9,2.9,2.91,0.0,0.0,-0.1775,0.0,0.0,0.0
KSV,2017-06-27,2.9,2.9,2.9,2.9,0,2.9,2.9,2.9,0.0,0.0,-0.0888,0.0,0.0,0.0
KSV,2017-06-28,2.9,2.9,2.9,2.9,0,2.9,2.9,2.9,0.0,0.0,0.0,0.0,0.0,0.0
KSV,2017-06-29,2.58,2.58,2.58,2.58,200,2.87,2.88,2.89,-10.1125,-10.6147,-10.9133,0.0,0.0,0.0
KSV,2017-06-30,2.58,2.58,2.58,2.58,0,2.84,2.87,2.89,-9.0911,-10.1125,-10.7145,0.0,0.0,0.0
KSV,2017-07-03,2.58,2.58,2.58,2.58,0,2.8,2.85,2.88,-8.0461,-9.6047,-10.5147,0.0,0.0,0.0
KSV,2017-07-04,2.58,2.58,2.58,2.58,0,2.77,2.84,2.88,-6.9769,-9.0911,-10.3141,0.0,0.0,0.0
KSV,2017-07-05,2.58,2.58,2.58,2.58,0,2.74,2.82,2.87,-5.8825,-8.5716,-10.1125,0.0,0.0,0.0
KSV,2017-07-06,2.58,2.58,2.58,2.58,0,2.71,2.8,2.86,-4.762,-8.0461,-9.9101,0.0,0.0,0.0
KSV,2017-07-07,2.97,2.97,2.97,2.97,500,2.71,2.81,2.86,9.2636,5.6256,3.5568,-0.0003,-0.0001,0.0
KSV,2017-07-10,3.35,3.35,3.35,3.35,300,2.76,2.83,2.87,21.4954,18.451,16.6965,-0.0003,-0.0001,0.0001
KSV,2017-07-11,3.8,3.8,3.8,3.8,100,2.85,2.88,2.89,33.4844,32.2871,31.579,-0.0001,-0.0,0.0001
KSV,2017-07-12,4.32,4.32,4.32,4.32,100,2.99,2.95,2.92,44.3968,46.6085,47.9683,0.0,0.0,0.0001
KSV,2017-07-13,4.32,4.32,4.32,4.32,0,3.17,3.02,2.95,36.4564,43.1626,46.5443,0.0,0.0,0.0001
KSV,2017-07-14,3.67,3.67,3.67,3.67,100,3.27,3.06,2.96,12.2048,20.2533,24.021,-0.0001,-0.0,0.0001
KSV,2017-07-17,4.19,4.19,4.19,4.19,300,3.44,3.12,2.99,21.9513,34.2977,40.2072,-0.0003,-0.0001,0.0001
KSV,2017-07-18,4.77,4.77,4.77,4.77,300,3.66,3.21,3.03,30.5115,48.4454,57.648,-0.0004,-0.0002,0.0001
KSV,2017-07-19,5.48,5.48,5.48,5.48,1300,3.95,3.34,3.08,38.8888,63.9344,78.0476,-0.0017,-0.0008,0.0003
KSV,2017-07-20,6.25,6.25,6.25,6.25,500,4.31,3.51,3.14,44.9925,78.1451,98.8519,0.0,0.0,0.0003
KSV,2017-07-21,6.25,6.25,6.25,6.25,0,4.64,3.68,3.21,34.7222,70.0263,94.7009,0.0,0.0,0.0003
KSV,2017-07-24,6.25,6.25,6.25,6.25,0,4.93,3.85,3.28,26.7973,62.6153,90.7196,0.0,0.0,0.0003
KSV,2017-07-25,5.61,5.61,5.61,5.61,400,5.11,3.98,3.33,9.7099,40.8907,68.2784,0.0,0.0,0.0002
KSV,2017-07-26,6.45,6.45,5.61,5.61,2600,5.24,4.12,3.39,7.011,36.2568,65.588,-0.0034,-0.0017,0.0006
KSV,2017-07-27,5.48,6.45,5.48,5.48,700,5.36,4.26,3.44,2.2864,28.593,59.355,-0.0011,-0.0006,0.0007
KSV,2017-07-28,5.61,5.61,5.61,5.61,200,5.55,4.41,3.49,1.0453,27.1,60.5758,0.0,0.0,0.0007
KSV,2017-07-31,5.61,5.61,5.61,5.61,0,5.69,4.56,3.55,-1.4723,22.8813,58.1242,0.0,0.0,0.0007
KSV,2017-08-01,5.61,5.61,5.61,5.61,0,5.78,4.72,3.6,-2.9018,18.9337,55.7464,0.0,0.0,0.0006
KSV,2017-08-02,5.61,5.61,5.61,5.61,0,5.79,4.87,3.66,-3.118,15.2318,53.4391,0.0,0.0,0.0005
KSV,2017-08-03,4.77,6.45,4.77,6.45,400,5.81,5.06,3.73,10.9879,27.3886,73.0105,0.0005,0.0003,0.0005
KSV,2017-08-04,5.61,5.61,5.61,5.61,0,5.74,5.19,3.78,-2.3569,8.0074,48.3628,0.0,0.0,0.0005
KSV,2017-08-07,6.39,6.39,6.39,6.39,200,5.76,5.34,3.85,11.0017,19.5798,66.0004,0.0,0.0,0.0005
KSV,2017-08-08,6.39,6.39,6.39,6.39,0,5.84,5.47,3.92,9.5132,16.7535,63.0443,0.0,0.0,0.0005
KSV,2017-08-09,6.39,6.39,6.39,6.39,0,5.91,5.58,3.99,8.064,14.585,60.1917,0.0,0.0,0.0002
KSV,2017-08-10,6.39,6.39,6.39,6.39,0,6.01,5.68,4.06,6.4237,12.4955,57.4371,0.0,0.0,0.0001
KSV,2017-08-11,6.39,6.39,6.39,6.39,0,6.08,5.82,4.13,5.0546,9.8687,54.7757,0.0,0.0,0.0001
KSV,2017-08-14,6.39,6.39,6.39,6.39,0,6.16,5.93,4.2,3.7203,7.8289,52.2028,0.0,0.0,0.0001
KSV,2017-08-15,5.48,5.48,5.48,5.48,500,6.15,5.96,4.25,-10.9082,-8.1236,28.8778,0.0,0.0,0.0001
KSV,2017-08-16,5.48,5.48,5.48,5.48,0,6.14,5.96,4.3,-10.7189,-8.1224,27.3337,0.0,0.0,0.0001
KSV,2017-08-17,5.48,5.48,5.48,5.48,0,6.04,5.92,4.35,-9.2871,-7.5214,25.8262,0.0,0.0,0.0
KSV,2017-08-18,4.7,6.26,4.7,6.26,600,6.1,5.92,4.42,2.5641,5.683,41.6155,0.0009,0.0005,0.0001
KSV,2017-08-21,6.0,6.0,6.0,6.0,1000,6.06,5.91,4.48,-1.0753,1.4965,33.8386,0.0014,0.0009,0.0002
KSV,2017-08-22,6.85,6.85,5.15,5.15,400,5.94,5.89,4.53,-13.2821,-12.5075,13.7839,-0.0006,-0.0004,0.0003
KSV,2017-08-23,6.85,6.85,6.85,6.85,500,5.99,5.95,4.61,14.3791,15.0768,48.6407,0.0,0.0,0.0003
KSV,2017-08-24,6.85,6.85,6.85,6.85,0,6.03,6.02,4.69,13.5136,13.7689,46.1368,0.0,0.0,0.0003
KSV,2017-08-25,6.85,7.83,5.87,7.83,4300,6.18,6.13,4.78,26.7159,27.6699,63.5749,0.0055,0.0041,0.0008
KSV,2017-08-28,7.76,7.76,7.76,7.76,0,6.31,6.24,4.88,22.9339,24.4219,58.9821,0.0,0.0,0.0008
KSV,2017-08-29,7.76,7.76,7.76,7.76,0,6.54,6.34,4.98,18.6441,22.3117,55.8785,0.0,0.0,0.0008
KSV,2017-08-30,7.76,7.76,7.76,7.76,0,6.77,6.45,5.08,14.6436,20.272,52.8936,0.0,0.0,0.0008
KSV,2017-08-31,6.65,8.15,6.65,8.15,200,7.04,6.54,5.18,15.8479,24.6883,57.3469,0.0002,0.0002,0.0009
KSV,2017-09-01,7.43,7.43,7.43,7.43,0,7.15,6.63,5.27,3.9198,12.1495,41.0321,0.0,0.0,0.0008
KSV,2017-09-05,7.43,7.43,7.43,7.43,300,7.3,6.68,5.36,1.8766,11.2738,38.6474,0.0,0.0,0.0006
KSV,2017-09-06,7.43,7.43,7.43,7.43,0,7.53,6.73,5.45,-1.2132,10.4116,36.3419,0.0,0.0,0.0006
KSV,2017-09-07,7.43,7.43,7.43,7.43,0,7.58,6.79,5.54,-1.9777,9.5627,34.1118,0.0,0.0,0.0006
KSV,2017-09-08,7.43,7.43,7.43,7.43,0,7.64,6.84,5.64,-2.7304,8.7267,31.8027,0.0,0.0,0.0006
KSV,2017-09-11,7.43,7.43,7.43,7.43,0,7.6,6.89,5.74,-2.2299,7.9034,29.5718,0.0,0.0,0.0
KSV,2017-09-12,7.43,7.43,7.43,7.43,0,7.57,6.94,5.83,-1.8088,7.0925,27.4152,0.0,0.0,0.0
KSV,2017-09-13,7.43,7.43,7.43,7.43,0,7.54,7.04,5.93,-1.3841,5.6044,25.3291,0.0,0.0,0.0
KSV,2017-09-14,7.43,7.43,7.43,7.43,0,7.51,7.14,6.03,-0.9557,4.1571,23.3103,0.0,0.0,0.0
KSV,2017-09-15,7.43,7.43,7.43,7.43,0,7.43,7.24,6.13,0.0,2.749,21.3555,0.0,0.0,0.0
KSV,2017-09-18,7.43,7.43,7.43,7.43,0,7.43,7.29,6.22,0.0,1.9222,19.6104,0.0,0.0,0.0
KSV,2017-09-19,7.43,7.43,7.43,7.43,0,7.43,7.37,6.3,0.0,0.9296,18.0596,0.0,0.0,0.0
KSV,2017-09-20,7.43,7.43,7.43,7.43,0,7.43,7.48,6.37,0.0,-0.6103,16.7136,0.0,0.0,0.0
KSV,2017-09-21,7.43,7.43,7.43,7.43,0,7.43,7.51,6.43,0.0,-0.9987,15.583,0.0,0.0,0.0
KSV,2017-09-22,7.5,7.5,7.5,7.5,300,7.44,7.54,6.5,0.7888,-0.562,15.4552,0.0,0.0,0.0
KSV,2017-09-25,7.5,7.5,7.5,7.5,0,7.45,7.53,6.57,0.7006,-0.3466,14.1112,0.0,0.0,0.0
KSV,2017-09-26,7.5,7.5,7.5,7.5,0,7.45,7.51,6.64,0.6125,-0.1736,12.9735,0.0,0.0,0.0
KSV,2017-09-27,7.5,7.5,7.5,7.5,0,7.46,7.5,6.69,0.5245,0.0001,12.0521,0.0,0.0,0.0
KSV,2017-09-28,7.5,7.5,7.5,7.5,0,7.47,7.49,6.73,0.4367,0.1743,11.3797,0.0,0.0,0.0
KSV,2017-09-29,7.5,7.5,7.5,7.5,0,7.47,7.45,6.76,0.3491,0.6125,10.9688,0.0,0.0,0.0
KSV,2017-10-02,6.39,6.39,6.39,6.39,100,7.37,7.4,6.76,-13.2744,-13.6564,-5.4739,-0.0002,-0.0001,0.0
KSV,2017-10-03,7.17,7.17,7.17,7.17,500,7.34,7.39,6.78,-2.3091,-2.9126,5.8126,0.0,0.0,0.0
KSV,2017-10-04,7.17,7.17,7.17,7.17,0,7.32,7.38,6.81,-1.9608,-2.741,5.3262,0.0,0.0,0.0
KSV,2017-10-05,7.17,7.17,7.17,7.17,0,7.29,7.36,6.84,-1.6101,-2.5687,4.8444,0.0,0.0,0.0
KSV,2017-10-06,7.17,7.17,7.17,7.17,0,7.26,7.35,6.88,-1.1681,-2.3958,4.3277,0.0,0.0,0.0
KSV,2017-10-09,7.17,7.17,7.17,7.17,0,7.23,7.34,6.91,-0.7221,-2.2222,3.8549,0.0,0.0,0.0
KSV,2017-10-10,7.17,7.17,7.17,7.17,0,7.19,7.32,6.94,-0.272,-2.0481,3.3864,0.0,0.0,0.0
KSV,2017-10-11,7.17,7.17,7.17,7.17,0,7.16,7.31,6.97,0.1821,-1.8734,2.922,0.0,0.0,0.0
KSV,2017-10-12,7.17,7.17,7.17,7.17,0,7.13,7.3,7.0,0.6404,-1.698,2.4619,0.0,0.0,0.0
KSV,2017-10-13,7.17,7.17,7.17,7.17,0,7.1,7.28,7.02,1.1029,-1.522,2.2495,0.0,0.0,0.0
KSV,2017-10-16,7.17,7.17,7.17,7.17,0,7.17,7.27,7.05,0.0,-1.3453,1.7953,0.0,0.0,0.0
KSV,2017-10-17,7.17,7.17,7.17,7.17,100,7.17,7.26,7.06,0.0,-1.168,1.5697,0.0,0.0,0.0
KSV,2017-10-18,7.17,7.17,7.17,7.17,0,7.17,7.25,7.08,0.0,-0.9901,1.3451,0.0,0.0,0.0
KSV,2017-10-19,7.17,7.17,7.17,7.17,0,7.17,7.23,7.09,0.0,-0.8116,1.1215,0.0,0.0,0.0
KSV,2017-10-20,7.17,7.17,7.17,7.17,0,7.17,7.22,7.11,0.0,-0.5875,0.8989,0.0,0.0,0.0
KSV,2017-10-23,7.17,7.17,7.17,7.17,0,7.17,7.2,7.13,0.0,-0.3623,0.6773,0.0,0.0,0.0
KSV,2017-10-24,7.17,7.17,7.17,7.17,0,7.17,7.18,7.14,0.0,-0.1362,0.4566,0.0,0.0,0.0
KSV,2017-10-25,7.17,7.17,7.17,7.17,0,7.17,7.17,7.17,0.0,0.091,-0.0182,0.0,0.0,0.0
KSV,2017-10-26,7.17,7.17,7.17,7.17,0,7.17,7.15,7.21,0.0,0.3192,-0.4885,0.0,0.0,0.0
KSV,2017-10-27,7.17,7.17,7.17,7.17,0,7.17,7.13,7.24,0.0,0.5484,-0.9545,0.0,0.0,0.0
KSV,2017-10-30,7.17,7.17,7.17,7.17,0,7.17,7.17,7.26,0.0,0.0,-1.2035,0.0,0.0,0.0
KSV,2017-10-31,7.17,7.17,7.17,7.17,0,7.17,7.17,7.28,0.0,0.0,-1.522,0.0,0.0,0.0
KSV,2017-11-01,7.17,7.17,7.17,7.17,0,7.17,7.17,7.32,0.0,0.0,-2.0655,0.0,0.0,0.0
KSV,2017-11-02,7.17,7.17,7.17,7.17,0,7.17,7.17,7.33,0.0,0.0,-2.1527,0.0,0.0,0.0
KSV,2017-11-03,7.17,7.17,7.17,7.17,0,7.17,7.17,7.34,0.0,0.0,-2.2396,0.0,0.0,0.0
KSV,2017-11-06,7.17,7.17,7.17,7.17,0,7.17,7.17,7.32,0.0,0.0,-2.0655,0.0,0.0,0.0
KSV,2017-11-07,7.17,7.17,7.17,7.17,0,7.17,7.17,7.31,0.0,0.0,-1.9083,0.0,0.0,0.0
KSV,2017-11-08,7.17,7.17,7.17,7.17,0,7.17,7.17,7.3,0.0,0.0,-1.7506,0.0,0.0,0.0
KSV,2017-11-09,7.17,7.17,7.17,7.17,0,7.17,7.17,7.29,0.0,0.0,-1.5924,0.0,0.0,0.0
KSV,2017-11-10,7.17,7.17,7.17,7.17,0,7.17,7.17,7.27,0.0,0.0,-1.3276,0.0,0.0,0.0
KSV,2017-11-13,7.17,7.17,7.17,7.17,0,7.17,7.17,7.26,0.0,0.0,-1.2567,0.0,0.0,0.0
KSV,2017-11-14,7.17,7.17,7.17,7.17,0,7.17,7.17,7.26,0.0,0.0,-1.1858,0.0,0.0,0.0
KSV,2017-11-15,7.17,7.17,7.17,7.17,0,7.17,7.17,7.25,0.0,0.0,-1.1147,0.0,0.0,0.0
KSV,2017-11-16,7.17,7.17,7.17,7.17,0,7.17,7.17,7.25,0.0,0.0,-1.0436,0.0,0.0,0.0
KSV,2017-11-17,7.17,7.17,7.17,7.17,0,7.17,7.17,7.24,0.0,0.0,-0.9723,0.0,0.0,0.0
KSV,2017-11-20,7.17,7.17,7.17,7.17,0,7.17,7.17,7.24,0.0,0.0,-0.9009,0.0,0.0,0.0
KSV,2017-11-21,7.17,7.17,7.17,7.17,0,7.17,7.17,7.23,0.0,0.0,-0.8294,0.0,0.0,0.0
KSV,2017-11-22,7.17,7.17,7.17,7.17,0,7.17,7.17,7.23,0.0,0.0,-0.7579,0.0,0.0,0.0
KSV,2017-11-23,7.17,7.17,7.17,7.17,0,7.17,7.17,7.22,0.0,0.0,-0.6862,0.0,0.0,0.0
KSV,2017-11-24,7.17,7.17,7.17,7.17,0,7.17,7.17,7.22,0.0,0.0,-0.6144,0.0,0.0,0.0
KSV,2017-11-27,7.17,7.17,7.17,7.17,0,7.17,7.17,7.21,0.0,0.0,-0.5425,0.0,0.0,0.0
KSV,2017-11-28,7.17,7.17,7.17,7.17,0,7.17,7.17,7.21,0.0,0.0,-0.4705,0.0,0.0,0.0
KSV,2017-11-29,7.17,7.17,7.17,7.17,0,7.17,7.17,7.2,0.0,0.0,-0.3984,0.0,0.0,0.0
KSV,2017-11-30,7.17,7.17,7.17,7.17,0,7.17,7.17,7.2,0.0,0.0,-0.3262,0.0,0.0,0.0
KSV,2017-12-01,7.17,7.17,7.17,7.17,0,7.17,7.17,7.19,0.0,0.0,-0.2358,0.0,0.0,0.0
KSV,2017-12-04,7.17,7.17,7.17,7.17,0,7.17,7.17,7.18,0.0,0.0,-0.1452,0.0,0.0,0.0
KSV,2017-12-05,7.17,7.17,7.17,7.17,0,7.17,7.17,7.18,0.0,0.0,-0.0545,0.0,0.0,0.0
KSV,2017-12-06,7.17,7.17,7.17,7.17,0,7.17,7.17,7.17,0.0,0.0,0.0364,0.0,0.0,0.0
KSV,2017-12-07,7.17,7.17,7.17,7.17,0,7.17,7.17,7.16,0.0,0.0,0.1274,0.0,0.0,0.0
KSV,2017-12-08,7.17,7.17,7.17,7.17,0,7.17,7.17,7.16,0.0,0.0,0.2187,0.0,0.0,0.0
KSV,2017-12-11,7.17,7.17,7.17,7.17,0,7.17,7.17,7.17,0.0,0.0,0.0,0.0,0.0,0.0
KSV,2017-12-12,7.17,7.17,7.17,7.17,0,7.17,7.17,7.17,0.0,0.0,0.0,0.0,0.0,0.0
KSV,2017-12-13,7.17,7.17,7.17,7.17,0,7.17,7.17,7.17,0.0,0.0,0.0,0.0,0.0,0.0
KSV,2017-12-14,7.17,7.17,7.17,7.17,0,7.17,7.17,7.17,0.0,0.0,0.0,0.0,0.0,0.0
KSV,2017-12-15,7.17,7.17,7.17,7.17,0,7.17,7.17,7.17,0.0,0.0,0.0,0.0,0.0,0.0
KSV,2017-12-18,7.17,7.17,7.17,7.17,0,7.17,7.17,7.17,0.0,0.0,0.0,0.0,0.0,0.0
KSV,2017-12-19,7.17,7.17,7.17,7.17,0,7.17,7.17,7.17,0.0,0.0,0.0,0.0,0.0,0.0
KSV,2017-12-20,7.17,7.17,7.17,7.17,0,7.17,7.17,7.17,0.0,0.0,0.0,0.0,0.0,0.0
KSV,2017-12-21,7.17,7.17,7.17,7.17,0,7.17,7.17,7.17,0.0,0.0,0.0,0.0,0.0,0.0
KSV,2017-12-22,7.17,7.17,7.17,7.17,0,7.17,7.17,7.17,0.0,0.0,0.0,0.0,0.0,0.0
KSV,2017-12-25,7.17,7.17,7.17,7.17,0,7.17,7.17,7.17,0.0,0.0,0.0,0.0,0.0,0.0
KSV,2017-12-26,7.17,7.17,7.17,7.17,0,7.17,7.17,7.17,0.0,0.0,0.0,0.0,0.0,0.0
KSV,2017-12-27,7.17,7.17,7.17,7.17,0,7.17,7.17,7.17,0.0,0.0,0.0,0.0,0.0,0.0
KSV,2017-12-28,7.17,7.17,7.17,7.17,0,7.17,7.17,7.17,0.0,0.0,0.0,0.0,0.0,0.0
KSV,2017-12-29,7.17,7.17,7.17,7.17,0,7.17,7.17,7.17,0.0,0.0,0.0,0.0,0.0,0.0
KSV,2018-01-02,7.17,7.17,7.17,7.17,0,7.17,7.17,7.17,0.0,0.0,0.0,0.0,0.0,0.0
KSV,2018-01-03,7.17,7.17,7.17,7.17,0,7.17,7.17,7.17,0.0,0.0,0.0,0.0,0.0,0.0
KSV,2018-01-04,7.17,7.17,7.17,7.17,0,7.17,7.17,7.17,0.0,0.0,0.0,0.0,0.0,0.0
KSV,2018-01-05,7.17,7.17,7.17,7.17,0,7.17,7.17,7.17,0.0,0.0,0.0,0.0,0.0,0.0
KSV,2018-01-08,7.17,7.17,7.17,7.17,0,7.17,7.17,7.17,0.0,0.0,0.0,0.0,0.0,0.0
KSV,2018-01-09,7.17,7.17,7.17,7.17,0,7.17,7.17,7.17,0.0,0.0,0.0,0.0,0.0,0.0
KSV,2018-01-10,7.17,7.17,7.17,7.17,0,7.17,7.17,7.17,0.0,0.0,0.0,0.0,0.0,0.0
KSV,2018-01-11,7.17,7.17,7.17,7.17,0,7.17,7.17,7.17,0.0,0.0,0.0,0.0,0.0,0.0
KSV,2018-01-12,7.17,7.17,7.17,7.17,0,7.17,7.17,7.17,0.0,0.0,0.0,0.0,0.0,0.0
KSV,2018-01-15,7.17,7.17,7.17,7.17,0,7.17,7.17,7.17,0.0,0.0,0.0,0.0,0.0,0.0
KSV,2018-01-16,7.17,7.17,7.17,7.17,0,7.17,7.17,7.17,0.0,0.0,0.0,0.0,0.0,0.0
KSV,2018-01-17,7.17,7.17,7.17,7.17,0,7.17,7.17,7.17,0.0,0.0,0.0,0.0,0.0,0.0
KSV,2018-01-18,7.17,7.17,7.17,7.17,0,7.17,7.17,7.17,0.0,0.0,0.0,0.0,0.0,0.0
KSV,2018-01-19,7.17,7.17,7.17,7.17,0,7.17,7.17,7.17,0.0,0.0,0.0,0.0,0.0,0.0
KSV,2018-01-22,7.17,7.17,7.17,7.17,0,7.17,7.17,7.17,0.0,0.0,0.0,0.0,0.0,0.0
KSV,2018-01-23,7.17,7.17,7.17,7.17,0,7.17,7.17,7.17,0.0,0.0,0.0,0.0,0.0,0.0
KSV,2018-01-24,7.17,7.17,7.17,7.17,0,7.17,7.17,7.17,0.0,0.0,0.0,0.0,0.0,0.0
KSV,2018-01-25,7.17,7.17,7.17,7.17,0,7.17,7.17,7.17,0.0,0.0,0.0,0.0,0.0,0.0
KSV,2018-01-26,7.17,7.17,7.17,7.17,0,7.17,7.17,7.17,0.0,0.0,0.0,0.0,0.0,0.0
KSV,2018-01-29,7.17,7.17,7.17,7.17,0,7.17,7.17,7.17,0.0,0.0,0.0,0.0,0.0,0.0
KSV,2018-01-30,7.17,7.17,7.17,7.17,0,7.17,7.17,7.17,0.0,0.0,0.0,0.0,0.0,0.0
KSV,2018-01-31,7.17,7.17,7.17,7.17,0,7.17,7.17,7.17,0.0,0.0,0.0,0.0,0.0,0.0
KSV,2018-02-01,6.52,6.52,6.52,6.52,7500,7.11,7.14,7.16,-8.2569,-8.6758,-8.9253,0.0,0.0,0.0
KSV,2018-02-02,6.52,6.52,6.52,6.52,0,7.04,7.11,7.15,-7.4074,-8.2569,-8.7591,0.0,0.0,0.0
KSV,2018-02-05,6.52,6.52,6.52,6.52,0,6.98,7.08,7.13,-6.5421,-7.8341,-8.5923,0.0,0.0,0.0
KSV,2018-02-06,6.52,6.52,6.52,6.52,0,6.91,7.04,7.12,-5.6604,-7.4074,-8.4249,0.0,0.0,0.0
KSV,2018-02-07,6.52,6.52,6.52,6.52,0,6.85,7.01,7.11,-4.7619,-6.9768,-8.2569,0.0,0.0,0.0
KSV,2018-02-08,6.52,6.52,6.52,6.52,0,6.78,6.98,7.1,-3.8462,-6.5421,-8.0883,0.0,0.0,0.0
KSV,2018-02-09,6.52,6.52,6.52,6.52,0,6.72,6.95,7.08,-2.9126,-6.1033,-7.919,0.0,0.0,0.0
KSV,2018-02-12,6.52,6.52,6.52,6.52,0,6.65,6.91,7.07,-1.9608,-5.6604,-7.7491,0.0,0.0,0.0
KSV,2018-02-13,6.52,6.52,6.52,6.52,0,6.59,6.88,7.06,-0.9901,-5.2133,-7.5786,0.0,0.0,0.0
KSV,2018-02-21,6.52,6.52,6.52,6.52,0,6.52,6.85,7.04,0.0,-4.7619,-7.4074,0.0,0.0,0.0
KSV,2018-02-22,6.52,6.52,6.52,6.52,0,6.52,6.81,7.03,0.0,-4.3062,-7.2356,0.0,0.0,0.0
KSV,2018-02-23,6.52,6.52,6.52,6.52,0,6.52,6.78,7.02,0.0,-3.8462,-7.0632,0.0,0.0,0.0
KSV,2018-02-26,6.52,6.52,6.52,6.52,0,6.52,6.75,7.0,0.0,-3.3817,-6.8902,0.0,0.0,0.0
KSV,2018-02-27,6.52,6.52,6.52,6.52,0,6.52,6.72,6.99,0.0,-2.9126,-6.7164,0.0,0.0,0.0
KSV,2018-02-28,6.52,6.52,6.52,6.52,0,6.52,6.68,6.98,0.0,-2.439,-6.5421,0.0,0.0,0.0
KSV,2018-03-01,6.52,6.52,6.52,6.52,0,6.52,6.65,6.96,0.0,-1.9608,-6.3671,0.0,0.0,0.0
KSV,2018-03-02,6.52,6.52,6.52,6.52,0,6.52,6.62,6.95,0.0,-1.4778,-6.1914,0.0,0.0,0.0
KSV,2018-03-05,6.52,6.52,6.52,6.52,0,6.52,6.59,6.94,0.0,-0.9901,-6.0151,0.0,0.0,0.0
KSV,2018-03-06,6.52,6.52,6.52,6.52,0,6.52,6.55,6.93,0.0,-0.4975,-5.8381,0.0,0.0,0.0
KSV,2018-03-07,6.52,6.52,6.52,6.52,0,6.52,6.52,6.91,0.0,0.0,-5.6604,0.0,0.0,0.0
KSV,2018-03-08,6.52,6.52,6.52,6.52,0,6.52,6.52,6.9,0.0,0.0,-5.4821,0.0,0.0,0.0
KSV,2018-03-09,6.52,6.52,6.52,6.52,0,6.52,6.52,6.89,0.0,0.0,-5.303,0.0,0.0,0.0
KSV,2018-03-12,6.52,6.52,6.52,6.52,0,6.52,6.52,6.87,0.0,0.0,-5.1234,0.0,0.0,0.0
KSV,2018-03-13,6.52,6.52,6.52,6.52,0,6.52,6.52,6.86,0.0,0.0,-4.943,0.0,0.0,0.0
KSV,2018-03-14,6.52,6.52,6.52,6.52,0,6.52,6.52,6.85,0.0,0.0,-4.7619,0.0,0.0,0.0
KSV,2018-03-15,6.52,6.52,6.52,6.52,0,6.52,6.52,6.83,0.0,0.0,-4.5802,0.0,0.0,0.0
KSV,2018-03-16,6.52,6.52,6.52,6.52,0,6.52,6.52,6.82,0.0,0.0,-4.3977,0.0,0.0,0.0
KSV,2018-03-19,6.52,6.52,6.52,6.52,0,6.52,6.52,6.81,0.0,0.0,-4.2146,0.0,0.0,0.0
KSV,2018-03-20,6.52,6.52,6.52,6.52,0,6.52,6.52,6.8,0.0,0.0,-4.0307,0.0,0.0,0.0
KSV,2018-03-21,6.52,6.52,6.52,6.52,0,6.52,6.52,6.78,0.0,0.0,-3.8462,0.0,0.0,0.0
KSV,2018-03-22,6.52,6.52,6.52,6.52,0,6.52,6.52,6.77,0.0,0.0,-3.6609,0.0,0.0,0.0
KSV,2018-03-23,6.52,6.52,6.52,6.52,0,6.52,6.52,6.76,0.0,0.0,-3.4749,0.0,0.0,0.0
KSV,2018-03-26,6.52,6.52,6.52,6.52,0,6.52,6.52,6.74,0.0,0.0,-3.2882,0.0,0.0,0.0
KSV,2018-03-27,6.52,6.52,6.52,6.52,0,6.52,6.52,6.73,0.0,0.0,-3.1008,0.0,0.0,0.0
KSV,2018-03-28,6.52,6.52,6.52,6.52,0,6.52,6.52,6.72,0.0,0.0,-2.9126,0.0,0.0,0.0
KSV,2018-03-29,6.52,6.52,6.52,6.52,0,6.52,6.52,6.7,0.0,0.0,-2.7237,0.0,0.0,0.0
KSV,2018-03-30,6.52,6.52,6.52,6.52,0,6.52,6.52,6.69,0.0,0.0,-2.5341,0.0,0.0,0.0
KSV,2018-04-02,6.52,6.52,6.52,6.52,0,6.52,6.52,6.68,0.0,0.0,-2.3438,0.0,0.0,0.0
KSV,2018-04-03,6.52,6.52,6.52,6.52,0,6.52,6.52,6.66,0.0,0.0,-2.1526,0.0,0.0,0.0
KSV,2018-04-04,6.52,6.52,6.52,6.52,0,6.52,6.52,6.65,0.0,0.0,-1.9608,0.0,0.0,0.0
KSV,2018-04-05,6.52,6.52,6.52,6.52,0,6.52,6.52,6.64,0.0,0.0,-1.7682,0.0,0.0,0.0
KSV,2018-04-06,6.52,6.52,6.52,6.52,0,6.52,6.52,6.63,0.0,0.0,-1.5748,0.0,0.0,0.0
KSV,2018-04-09,6.52,6.52,6.52,6.52,0,6.52,6.52,6.61,0.0,0.0,-1.3807,0.0,0.0,0.0
KSV,2018-04-10,6.52,6.52,6.52,6.52,0,6.52,6.52,6.6,0.0,0.0,-1.1858,0.0,0.0,0.0
KSV,2018-04-11,6.52,6.52,6.52,6.52,0,6.52,6.52,6.59,0.0,0.0,-0.9901,0.0,0.0,0.0
KSV,2018-04-12,6.52,6.52,6.52,6.52,0,6.52,6.52,6.57,0.0,0.0,-0.7937,0.0,0.0,0.0
KSV,2018-04-13,6.52,6.52,6.52,6.52,0,6.52,6.52,6.56,0.0,0.0,-0.5964,0.0,0.0,0.0
KSV,2018-04-16,6.52,6.52,6.52,6.52,0,6.52,6.52,6.55,0.0,0.0,-0.3984,0.0,0.0,0.0
KSV,2018-04-17,6.52,6.52,6.52,6.52,0,6.52,6.52,6.53,0.0,0.0,-0.1996,0.0,0.0,0.0
KSV,2018-04-18,6.52,6.52,6.52,6.52,0,6.52,6.52,6.52,0.0,0.0,0.0,0.0,0.0,0.0
KSV,2018-04-19,6.52,6.52,6.52,6.52,0,6.52,6.52,6.52,0.0,0.0,0.0,0.0,0.0,0.0
KSV,2018-04-20,6.52,6.52,6.52,6.52,0,6.52,6.52,6.52,0.0,0.0,0.0,0.0,0.0,0.0
KSV,2018-04-23,6.52,6.52,6.52,6.52,0,6.52,6.52,6.52,0.0,0.0,0.0,0.0,0.0,0.0
KSV,2018-04-24,6.52,6.52,6.52,6.52,0,6.52,6.52,6.52,0.0,0.0,0.0,0.0,0.0,0.0
KSV,2018-04-26,6.52,6.52,6.52,6.52,0,6.52,6.52,6.52,0.0,0.0,0.0,0.0,0.0,0.0
KSV,2018-04-27,6.52,6.52,6.52,6.52,0,6.52,6.52,6.52,0.0,0.0,0.0,0.0,0.0,0.0
KSV,2018-05-02,6.52,6.52,6.52,6.52,0,6.52,6.52,6.52,0.0,0.0,0.0,0.0,0.0,0.0
KSV,2018-05-03,6.52,6.52,6.52,6.52,0,6.52,6.52,6.52,0.0,0.0,0.0,0.0,0.0,0.0
KSV,2018-05-04,6.52,6.52,6.52,6.52,0,6.52,6.52,6.52,0.0,0.0,0.0,0.0,0.0,0.0
KSV,2018-05-07,6.52,6.52,6.52,6.52,0,6.52,6.52,6.52,0.0,0.0,0.0,0.0,0.0,0.0
KSV,2018-05-08,6.52,6.52,6.52,6.52,0,6.52,6.52,6.52,0.0,0.0,0.0,0.0,0.0,0.0
KSV,2018-05-09,6.52,6.52,6.52,6.52,0,6.52,6.52,6.52,0.0,0.0,0.0,0.0,0.0,0.0
KSV,2018-05-10,6.52,6.52,6.52,6.52,0,6.52,6.52,6.52,0.0,0.0,0.0,0.0,0.0,0.0
KSV,2018-05-11,6.52,6.52,6.52,6.52,0,6.52,6.52,6.52,0.0,0.0,0.0,0.0,0.0,0.0
KSV,2018-05-14,6.52,6.52,6.52,6.52,0,6.52,6.52,6.52,0.0,0.0,0.0,0.0,0.0,0.0
KSV,2018-05-15,6.52,6.52,6.52,6.52,0,6.52,6.52,6.52,0.0,0.0,0.0,0.0,0.0,0.0
KSV,2018-05-16,6.52,6.52,6.52,6.52,0,6.52,6.52,6.52,0.0,0.0,0.0,0.0,0.0,0.0
KSV,2018-05-17,6.52,6.52,6.52,6.52,0,6.52,6.52,6.52,0.0,0.0,0.0,0.0,0.0,0.0
KSV,2018-05-18,6.52,6.52,6.52,6.52,0,6.52,6.52,6.52,0.0,0.0,0.0,0.0,0.0,0.0
KSV,2018-05-21,6.52,6.52,6.52,6.52,0,6.52,6.52,6.52,0.0,0.0,0.0,0.0,0.0,0.0
KSV,2018-05-22,6.52,6.52,6.52,6.52,0,6.52,6.52,6.52,0.0,0.0,0.0,0.0,0.0,0.0
KSV,2018-05-23,6.52,6.52,6.52,6.52,0,6.52,6.52,6.52,0.0,0.0,0.0,0.0,0.0,0.0
KSV,2018-05-24,6.52,6.52,6.52,6.52,0,6.52,6.52,6.52,0.0,0.0,0.0,0.0,0.0,0.0
KSV,2018-05-25,6.52,6.52,6.52,6.52,0,6.52,6.52,6.52,0.0,0.0,0.0,0.0,0.0,0.0
KSV,2018-05-28,6.52,6.52,6.52,6.52,0,6.52,6.52,6.52,0.0,0.0,0.0,0.0,0.0,0.0
KSV,2018-05-29,6.52,6.52,6.52,6.52,0,6.52,6.52,6.52,0.0,0.0,0.0,0.0,0.0,0.0
KSV,2018-05-30,6.52,6.52,6.52,6.52,0,6.52,6.52,6.52,0.0,0.0,0.0,0.0,0.0,0.0
KSV,2018-05-31,6.52,6.52,6.52,6.52,0,6.52,6.52,6.52,0.0,0.0,0.0,0.0,0.0,0.0
KSV,2018-06-01,6.52,6.52,6.52,6.52,0,6.52,6.52,6.52,0.0,0.0,0.0,0.0,0.0,0.0
KSV,2018-06-04,6.54,6.54,6.54,6.54,0,6.52,6.52,6.52,0.2881,0.3041,0.3137,0.0,0.0,0.0
KSV,2018-06-05,6.54,6.54,6.54,6.54,0,6.53,6.52,6.52,0.256,0.2881,0.3073,0.0,0.0,0.0
KSV,2018-06-06,6.54,6.54,6.54,6.54,0,6.53,6.52,6.52,0.2239,0.272,0.3009,0.0,0.0,0.0
KSV,2018-06-07,6.54,6.54,6.54,6.54,0,6.53,6.53,6.52,0.1919,0.256,0.2945,0.0,0.0,0.0
KSV,2018-06-08,6.54,6.54,6.54,6.54,0,6.53,6.53,6.52,0.1598,0.2399,0.2881,0.0,0.0,0.0
KSV,2018-06-11,6.54,6.54,6.54,6.54,0,6.53,6.53,6.52,0.1278,0.2239,0.2816,0.0,0.0,0.0
KSV,2018-06-12,6.54,6.54,6.54,6.54,0,6.54,6.53,6.52,0.0958,0.2079,0.2752,0.0,0.0,0.0
KSV,2018-06-13,6.54,6.54,6.54,6.54,0,6.54,6.53,6.52,0.0639,0.1919,0.2688,0.0,0.0,0.0
KSV,2018-06-14,6.54,6.54,6.54,6.54,0,6.54,6.53,6.53,0.0319,0.1758,0.2624,0.0,0.0,0.0
KSV,2018-06-15,6.54,6.54,6.54,6.54,0,6.54,6.53,6.53,0.0,0.1598,0.256,0.0,0.0,0.0
KSV,2018-06-18,6.54,6.54,6.54,6.54,0,6.54,6.53,6.53,0.0,0.1438,0.2496,0.0,0.0,0.0
KSV,2018-06-19,6.54,6.54,6.54,6.54,0,6.54,6.53,6.53,0.0,0.1278,0.2431,0.0,0.0,0.0
KSV,2018-06-20,6.54,6.54,6.54,6.54,0,6.54,6.54,6.53,0.0,0.1118,0.2367,0.0,0.0,0.0
KSV,2018-06-21,6.54,6.54,6.54,6.54,0,6.54,6.54,6.53,0.0,0.0958,0.2303,0.0,0.0,0.0
KSV,2018-06-22,6.54,6.54,6.54,6.54,0,6.54,6.54,6.53,0.0,0.0799,0.2239,0.0,0.0,0.0
KSV,2018-06-25,6.54,6.54,6.54,6.54,0,6.54,6.54,6.53,0.0,0.0639,0.2175,0.0,0.0,0.0
KSV,2018-06-26,6.54,6.54,6.54,6.54,0,6.54,6.54,6.53,0.0,0.0479,0.2111,0.0,0.0,0.0
KSV,2018-06-27,6.54,6.54,6.54,6.54,0,6.54,6.54,6.53,0.0,0.0319,0.2047,0.0,0.0,0.0
KSV,2018-06-28,6.54,6.54,6.54,6.54,0,6.54,6.54,6.53,0.0,0.016,0.1983,0.0,0.0,0.0
KSV,2018-06-29,6.54,6.54,6.54,6.54,0,6.54,6.54,6.53,0.0,0.0,0.1919,0.0,0.0,0.0
KSV,2018-07-02,6.54,6.54,6.54,6.54,0,6.54,6.54,6.53,0.0,0.0,0.1855,0.0,0.0,0.0
KSV,2018-07-03,6.54,6.54,6.54,6.54,0,6.54,6.54,6.53,0.0,0.0,0.179,0.0,0.0,0.0
KSV,2018-07-04,6.54,6.54,6.54,6.54,0,6.54,6.54,6.53,0.0,0.0,0.1726,0.0,0.0,0.0
KSV,2018-07-05,6.54,6.54,6.54,6.54,0,6.54,6.54,6.53,0.0,0.0,0.1662,0.0,0.0,0.0
KSV,2018-07-06,6.54,6.54,6.54,6.54,0,6.54,6.54,6.53,0.0,0.0,0.1598,0.0,0.0,0.0
KSV,2018-07-09,6.54,6.54,6.54,6.54,0,6.54,6.54,6.53,0.0,0.0,0.1534,0.0,0.0,0.0
KSV,2018-07-10,6.54,6.54,6.54,6.54,0,6.54,6.54,6.53,0.0,0.0,0.147,0.0,0.0,0.0
KSV,2018-07-11,6.54,6.54,6.54,6.54,0,6.54,6.54,6.53,0.0,0.0,0.1406,0.0,0.0,0.0
KSV,2018-07-12,6.54,6.54,6.54,6.54,0,6.54,6.54,6.53,0.0,0.0,0.1342,0.0,0.0,0.0
KSV,2018-07-13,6.54,6.54,6.54,6.54,0,6.54,6.54,6.53,0.0,0.0,0.1278,0.0,0.0,0.0
KSV,2018-07-16,6.54,6.54,6.54,6.54,0,6.54,6.54,6.53,0.0,0.0,0.1214,0.0,0.0,0.0
KSV,2018-07-17,6.54,6.54,6.54,6.54,0,6.54,6.54,6.53,0.0,0.0,0.115,0.0,0.0,0.0
KSV,2018-07-18,6.54,6.54,6.54,6.54,0,6.54,6.54,6.54,0.0,0.0,0.1086,0.0,0.0,0.0
KSV,2018-07-19,6.54,6.54,6.54,6.54,0,6.54,6.54,6.54,0.0,0.0,0.1022,0.0,0.0,0.0
KSV,2018-07-20,6.54,6.54,6.54,6.54,0,6.54,6.54,6.54,0.0,0.0,0.0958,0.0,0.0,0.0
KSV,2018-07-23,6.54,6.54,6.54,6.54,0,6.54,6.54,6.54,0.0,0.0,0.0894,0.0,0.0,0.0
KSV,2018-07-24,6.54,6.54,6.54,6.54,0,6.54,6.54,6.54,0.0,0.0,0.083,0.0,0.0,0.0
KSV,2018-07-25,6.54,6.54,6.54,6.54,0,6.54,6.54,6.54,0.0,0.0,0.0767,0.0,0.0,0.0
KSV,2018-07-26,6.54,6.54,6.54,6.54,0,6.54,6.54,6.54,0.0,0.0,0.0703,0.0,0.0,0.0
KSV,2018-07-27,6.54,6.54,6.54,6.54,0,6.54,6.54,6.54,0.0,0.0,0.0639,0.0,0.0,0.0
KSV,2018-07-30,6.54,6.54,6.54,6.54,0,6.54,6.54,6.54,0.0,0.0,0.0575,0.0,0.0,0.0
KSV,2018-07-31,6.54,6.54,6.54,6.54,0,6.54,6.54,6.54,0.0,0.0,0.0511,0.0,0.0,0.0
KSV,2018-08-01,6.54,6.54,6.54,6.54,0,6.54,6.54,6.54,0.0,0.0,0.0447,0.0,0.0,0.0
KSV,2018-08-02,6.54,6.54,6.54,6.54,0,6.54,6.54,6.54,0.0,0.0,0.0383,0.0,0.0,0.0
KSV,2018-08-03,6.54,6.54,6.54,6.54,0,6.54,6.54,6.54,0.0,0.0,0.0319,0.0,0.0,0.0
KSV,2018-08-06,6.54,6.54,6.54,6.54,0,6.54,6.54,6.54,0.0,0.0,0.0255,0.0,0.0,0.0
KSV,2018-08-07,6.54,6.54,6.54,6.54,0,6.54,6.54,6.54,0.0,0.0,0.0192,0.0,0.0,0.0
KSV,2018-08-08,6.54,6.54,6.54,6.54,0,6.54,6.54,6.54,0.0,0.0,0.0128,0.0,0.0,0.0
KSV,2018-08-09,6.54,6.54,6.54,6.54,0,6.54,6.54,6.54,0.0,0.0,0.0064,0.0,0.0,0.0
KSV,2018-08-10,6.54,6.54,6.54,6.54,0,6.54,6.54,6.54,0.0,0.0,0.0,0.0,0.0,0.0
KSV,2018-08-13,6.54,6.54,6.54,6.54,0,6.54,6.54,6.54,0.0,0.0,0.0,0.0,0.0,0.0
KSV,2018-08-14,6.54,6.54,6.54,6.54,0,6.54,6.54,6.54,0.0,0.0,0.0,0.0,0.0,0.0
KSV,2018-08-15,6.54,6.54,6.54,6.54,0,6.54,6.54,6.54,0.0,0.0,0.0,0.0,0.0,0.0
KSV,2018-08-16,6.54,6.54,6.54,6.54,0,6.54,6.54,6.54,0.0,0.0,0.0,0.0,0.0,0.0
KSV,2018-08-17,6.54,6.54,6.54,6.54,0,6.54,6.54,6.54,0.0,0.0,0.0,0.0,0.0,0.0
KSV,2018-08-20,6.54,6.54,6.54,6.54,0,6.54,6.54,6.54,0.0,0.0,0.0,0.0,0.0,0.0
KSV,2018-08-21,6.54,6.54,6.54,6.54,0,6.54,6.54,6.54,0.0,0.0,0.0,0.0,0.0,0.0
KSV,2018-08-22,6.54,6.54,6.54,6.54,0,6.54,6.54,6.54,0.0,0.0,0.0,0.0,0.0,0.0
KSV,2018-08-23,6.54,6.54,6.54,6.54,0,6.54,6.54,6.54,0.0,0.0,0.0,0.0,0.0,0.0
KSV,2018-08-24,6.54,6.54,6.54,6.54,0,6.54,6.54,6.54,0.0,0.0,0.0,0.0,0.0,0.0
KSV,2018-08-27,6.54,6.54,6.54,6.54,0,6.54,6.54,6.54,0.0,0.0,0.0,0.0,0.0,0.0
KSV,2018-08-28,6.54,6.54,6.54,6.54,0,6.54,6.54,6.54,0.0,0.0,0.0,0.0,0.0,0.0
KSV,2018-08-29,6.54,6.54,6.54,6.54,0,6.54,6.54,6.54,0.0,0.0,0.0,0.0,0.0,0.0
KSV,2018-08-30,6.54,6.54,6.54,6.54,0,6.54,6.54,6.54,0.0,0.0,0.0,0.0,0.0,0.0
KSV,2018-08-31,6.54,6.54,6.54,6.54,0,6.54,6.54,6.54,0.0,0.0,0.0,0.0,0.0,0.0
KSV,2018-09-04,6.54,6.54,6.54,6.54,0,6.54,6.54,6.54,0.0,0.0,0.0,0.0,0.0,0.0
KSV,2018-09-05,6.54,6.54,6.54,6.54,0,6.54,6.54,6.54,0.0,0.0,0.0,0.0,0.0,0.0
KSV,2018-09-06,6.54,6.54,6.54,6.54,0,6.54,6.54,6.54,0.0,0.0,0.0,0.0,0.0,0.0
KSV,2018-09-07,6.54,6.54,6.54,6.54,0,6.54,6.54,6.54,0.0,0.0,0.0,0.0,0.0,0.0
KSV,2018-09-10,6.54,6.54,6.54,6.54,0,6.54,6.54,6.54,0.0,0.0,0.0,0.0,0.0,0.0
KSV,2018-09-11,6.54,6.54,6.54,6.54,0,6.54,6.54,6.54,0.0,0.0,0.0,0.0,0.0,0.0
KSV,2018-09-12,6.54,6.54,6.54,6.54,0,6.54,6.54,6.54,0.0,0.0,0.0,0.0,0.0,0.0
KSV,2018-09-13,6.54,6.54,6.54,6.54,0,6.54,6.54,6.54,0.0,0.0,0.0,0.0,0.0,0.0
KSV,2018-09-14,6.54,6.54,6.54,6.54,0,6.54,6.54,6.54,0.0,0.0,0.0,0.0,0.0,0.0
KSV,2018-09-17,6.54,6.54,6.54,6.54,0,6.54,6.54,6.54,0.0,0.0,0.0,0.0,0.0,0.0
KSV,2018-09-18,6.54,6.54,6.54,6.54,0,6.54,6.54,6.54,0.0,0.0,0.0,0.0,0.0,0.0
KSV,2018-09-19,6.54,6.54,6.54,6.54,0,6.54,6.54,6.54,0.0,0.0,0.0,0.0,0.0,0.0
KSV,2018-09-20,6.54,6.54,6.54,6.54,0,6.54,6.54,6.54,0.0,0.0,0.0,0.0,0.0,0.0
KSV,2018-09-21,6.54,6.54,6.54,6.54,0,6.54,6.54,6.54,0.0,0.0,0.0,0.0,0.0,0.0
KSV,2018-09-24,6.54,6.54,6.54,6.54,0,6.54,6.54,6.54,0.0,0.0,0.0,0.0,0.0,0.0
KSV,2018-09-25,6.54,6.54,6.54,6.54,0,6.54,6.54,6.54,0.0,0.0,0.0,0.0,0.0,0.0
KSV,2018-09-26,6.54,6.54,6.54,6.54,0,6.54,6.54,6.54,0.0,0.0,0.0,0.0,0.0,0.0
KSV,2018-09-27,6.54,6.54,6.54,6.54,0,6.54,6.54,6.54,0.0,0.0,0.0,0.0,0.0,0.0
KSV,2018-09-28,6.54,6.54,6.54,6.54,0,6.54,6.54,6.54,0.0,0.0,0.0,0.0,0.0,0.0
KSV,2018-10-01,6.54,6.54,6.54,6.54,0,6.54,6.54,6.54,0.0,0.0,0.0,0.0,0.0,0.0
KSV,2018-10-02,6.54,6.54,6.54,6.54,0,6.54,6.54,6.54,0.0,0.0,0.0,0.0,0.0,0.0
KSV,2018-10-03,6.54,6.54,6.54,6.54,0,6.54,6.54,6.54,0.0,0.0,0.0,0.0,0.0,0.0
KSV,2018-10-04,6.54,6.54,6.54,6.54,0,6.54,6.54,6.54,0.0,0.0,0.0,0.0,0.0,0.0
KSV,2018-10-05,6.54,6.54,6.54,6.54,0,6.54,6.54,6.54,0.0,0.0,0.0,0.0,0.0,0.0
KSV,2018-10-08,6.54,6.54,6.54,6.54,0,6.54,6.54,6.54,0.0,0.0,0.0,0.0,0.0,0.0
KSV,2018-10-09,6.54,6.54,6.54,6.54,0,6.54,6.54,6.54,0.0,0.0,0.0,0.0,0.0,0.0
KSV,2018-10-10,6.54,6.54,6.54,6.54,0,6.54,6.54,6.54,0.0,0.0,0.0,0.0,0.0,0.0
KSV,2018-10-11,6.54,6.54,6.54,6.54,0,6.54,6.54,6.54,0.0,0.0,0.0,0.0,0.0,0.0
KSV,2018-10-12,6.54,6.54,6.54,6.54,0,6.54,6.54,6.54,0.0,0.0,0.0,0.0,0.0,0.0
KSV,2018-10-15,6.54,6.54,6.54,6.54,0,6.54,6.54,6.54,0.0,0.0,0.0,0.0,0.0,0.0
KSV,2018-10-16,6.54,6.54,6.54,6.54,0,6.54,6.54,6.54,0.0,0.0,0.0,0.0,0.0,0.0
KSV,2018-10-17,6.54,6.54,6.54,6.54,0,6.54,6.54,6.54,0.0,0.0,0.0,0.0,0.0,0.0
KSV,2018-10-18,6.54,6.54,6.54,6.54,0,6.54,6.54,6.54,0.0,0.0,0.0,0.0,0.0,0.0
KSV,2018-10-19,6.54,6.54,6.54,6.54,0,6.54,6.54,6.54,0.0,0.0,0.0,0.0,0.0,0.0
KSV,2018-10-22,6.54,6.54,6.54,6.54,0,6.54,6.54,6.54,0.0,0.0,0.0,0.0,0.0,0.0
KSV,2018-10-23,6.54,6.54,6.54,6.54,0,6.54,6.54,6.54,0.0,0.0,0.0,0.0,0.0,0.0
KSV,2018-10-24,6.54,6.54,6.54,6.54,0,6.54,6.54,6.54,0.0,0.0,0.0,0.0,0.0,0.0
KSV,2018-10-25,6.54,6.54,6.54,6.54,0,6.54,6.54,6.54,0.0,0.0,0.0,0.0,0.0,0.0
KSV,2018-10-26,6.54,6.54,6.54,6.54,0,6.54,6.54,6.54,0.0,0.0,0.0,0.0,0.0,0.0
KSV,2018-10-29,6.54,6.54,6.54,6.54,0,6.54,6.54,6.54,0.0,0.0,0.0,0.0,0.0,0.0
KSV,2018-10-30,6.54,6.54,6.54,6.54,0,6.54,6.54,6.54,0.0,0.0,0.0,0.0,0.0,0.0
KSV,2018-10-31,6.54,6.54,6.54,6.54,0,6.54,6.54,6.54,0.0,0.0,0.0,0.0,0.0,0.0
KSV,2018-11-01,6.54,6.54,6.54,6.54,0,6.54,6.54,6.54,0.0,0.0,0.0,0.0,0.0,0.0
KSV,2018-11-02,6.54,6.54,6.54,6.54,0,6.54,6.54,6.54,0.0,0.0,0.0,0.0,0.0,0.0
KSV,2018-11-05,6.54,6.54,6.54,6.54,0,6.54,6.54,6.54,0.0,0.0,0.0,0.0,0.0,0.0
KSV,2018-11-06,6.54,6.54,6.54,6.54,0,6.54,6.54,6.54,0.0,0.0,0.0,0.0,0.0,0.0
KSV,2018-11-07,6.54,6.54,6.54,6.54,0,6.54,6.54,6.54,0.0,0.0,0.0,0.0,0.0,0.0
KSV,2018-11-08,6.54,6.54,6.54,6.54,0,6.54,6.54,6.54,0.0,0.0,0.0,0.0,0.0,0.0
KSV,2018-11-09,6.54,6.54,6.54,6.54,0,6.54,6.54,6.54,0.0,0.0,0.0,0.0,0.0,0.0
KSV,2018-11-12,6.54,6.54,6.54,6.54,0,6.54,6.54,6.54,0.0,0.0,0.0,0.0,0.0,0.0
KSV,2018-11-13,6.54,6.54,6.54,6.54,0,6.54,6.54,6.54,0.0,0.0,0.0,0.0,0.0,0.0
KSV,2018-11-14,6.54,6.54,6.54,6.54,0,6.54,6.54,6.54,0.0,0.0,0.0,0.0,0.0,0.0
KSV,2018-11-15,6.54,6.54,6.54,6.54,0,6.54,6.54,6.54,0.0,0.0,0.0,0.0,0.0,0.0
KSV,2018-11-16,6.54,6.54,6.54,6.54,0,6.54,6.54,6.54,0.0,0.0,0.0,0.0,0.0,0.0
KSV,2018-11-19,6.54,6.54,6.54,6.54,0,6.54,6.54,6.54,0.0,0.0,0.0,0.0,0.0,0.0
KSV,2018-11-20,6.54,6.54,6.54,6.54,0,6.54,6.54,6.54,0.0,0.0,0.0,0.0,0.0,0.0
KSV,2018-11-21,6.54,6.54,6.54,6.54,0,6.54,6.54,6.54,0.0,0.0,0.0,0.0,0.0,0.0
KSV,2018-11-22,6.54,6.96,6.96,6.96,0,6.58,6.56,6.55,5.7083,6.0446,6.2474,0.0,0.0,0.0
KSV,2018-11-23,6.54,6.96,6.96,6.96,0,6.63,6.58,6.56,5.042,5.7083,6.1121,0.0,0.0,0.0
KSV,2018-11-26,6.54,6.96,6.96,6.96,0,6.67,6.6,6.57,4.3842,5.3741,5.9771,0.0,0.0,0.0
KSV,2018-11-27,6.54,6.96,6.96,6.96,0,6.71,6.63,6.58,3.7345,5.042,5.8425,0.0,0.0,0.0
KSV,2018-11-28,6.54,6.96,6.96,6.96,0,6.75,6.65,6.58,3.0928,4.7121,5.7083,0.0,0.0,0.0
KSV,2018-11-29,6.54,6.96,6.96,6.96,0,6.79,6.67,6.59,2.459,4.3842,5.5744,0.0,0.0,0.0
KSV,2018-11-30,6.54,6.96,6.96,6.96,0,6.83,6.69,6.6,1.833,4.0583,5.4408,0.0,0.0,0.0
KSV,2018-12-03,6.54,6.96,6.96,6.96,0,6.88,6.71,6.61,1.2146,3.7345,5.3075,0.0,0.0,0.0
KSV,2018-12-04,6.54,6.96,6.96,6.96,0,6.92,6.73,6.62,0.6036,3.4126,5.1746,0.0,0.0,0.0
KSV,2018-12-05,6.54,6.96,6.96,6.96,0,6.96,6.75,6.63,0.0,3.0928,5.042,0.0,0.0,0.0
KSV,2018-12-06,6.54,6.96,6.96,6.96,0,6.96,6.77,6.63,0.0,2.7749,4.9098,0.0,0.0,0.0
KSV,2018-12-07,6.54,6.96,6.96,6.96,0,6.96,6.79,6.64,0.0,2.459,4.7779,0.0,0.0,0.0
KSV,2018-12-10,6.54,6.96,6.96,6.96,0,6.96,6.81,6.65,0.0,2.1451,4.6463,0.0,0.0,0.0
KSV,2018-12-11,6.54,6.96,6.96,6.96,0,6.96,6.83,6.66,0.0,1.833,4.5151,0.0,0.0,0.0
KSV,2018-12-12,6.54,6.96,6.96,6.96,0,6.96,6.86,6.67,0.0,1.5229,4.3842,0.0,0.0,0.0
KSV,2018-12-13,6.54,6.96,6.96,6.96,0,6.96,6.88,6.68,0.0,1.2146,4.2536,0.0,0.0,0.0
KSV,2018-12-14,6.54,6.54,6.54,6.54,0,6.92,6.88,6.68,-5.4326,-4.8583,-2.0017,0.0,0.0,0.0
KSV,2018-12-17,6.54,6.96,6.96,6.96,0,6.92,6.9,6.68,0.6036,0.9082,4.1233,0.0,0.0,0.0
KSV,2018-12-18,6.54,6.96,6.96,6.96,0,6.92,6.92,6.69,0.6036,0.6036,3.9934,0.0,0.0,0.0
KSV,2018-12-19,6.54,6.96,6.96,6.96,0,6.92,6.94,6.7,0.6036,0.3009,3.8638,0.0,0.0,0.0
KSV,2018-12-20,6.54,6.96,6.96,6.96,0,6.92,6.94,6.71,0.6036,0.3009,3.7345,0.0,0.0,0.0
KSV,2018-12-21,6.54,6.96,6.96,6.96,0,6.92,6.94,6.72,0.6036,0.3009,3.6055,0.0,0.0,0.0
KSV,2018-12-24,6.54,6.96,6.96,6.96,0,6.92,6.94,6.73,0.6036,0.3009,3.4768,0.0,0.0,0.0
KSV,2018-12-25,6.54,6.96,6.96,6.96,0,6.92,6.94,6.73,0.6036,0.3009,3.3485,0.0,0.0,0.0
KSV,2018-12-26,6.54,6.54,6.54,6.54,0,6.88,6.92,6.73,-4.8583,-5.4326,-2.8524,0.0,0.0,0.0
KSV,2018-12-27,6.54,6.96,6.96,6.96,0,6.88,6.92,6.74,1.2146,0.6036,3.2205,0.0,0.0,0.0
KSV,2018-12-28,6.54,6.96,6.96,6.96,0,6.92,6.92,6.75,0.6036,0.6036,3.0928,0.0,0.0,0.0
KSV,2019-01-02,6.54,6.96,6.96,6.96,0,6.92,6.92,6.76,0.6036,0.6036,2.9654,0.0,0.0,0.0
KSV,2019-01-03,6.54,6.96,6.96,6.96,0,6.92,6.92,6.77,0.6036,0.6036,2.8384,0.0,0.0,0.0
KSV,2019-01-04,6.54,6.96,6.96,6.96,0,6.92,6.92,6.78,0.6036,0.6036,2.7116,0.0,0.0,0.0
KSV,2019-01-07,6.54,6.96,6.96,6.96,0,6.92,6.92,6.78,0.6036,0.6036,2.5852,0.0,0.0,0.0
KSV,2019-01-08,6.54,6.96,6.96,6.96,0,6.92,6.92,6.79,0.6036,0.6036,2.459,0.0,0.0,0.0
KSV,2019-01-09,6.54,6.96,6.96,6.96,0,6.92,6.92,6.8,0.6036,0.6036,2.3332,0.0,0.0,0.0
KSV,2019-01-10,6.54,6.96,6.96,6.96,0,6.92,6.92,6.81,0.6036,0.6036,2.2077,0.0,0.0,0.0
KSV,2019-01-11,6.54,6.96,6.96,6.96,0,6.96,6.92,6.82,0.0,0.6036,2.0825,0.0,0.0,0.0
KSV,2019-01-14,6.54,6.96,6.96,6.96,0,6.96,6.92,6.83,0.0,0.6036,1.9576,0.0,0.0,0.0
KSV,2019-01-15,6.54,6.96,6.96,6.96,0,6.96,6.94,6.83,0.0,0.3009,1.833,0.0,0.0,0.0
KSV,2019-01-16,6.54,6.96,6.96,6.96,0,6.96,6.94,6.84,0.0,0.3009,1.7087,0.0,0.0,0.0
KSV,2019-01-17,6.54,6.96,6.96,6.96,0,6.96,6.94,6.85,0.0,0.3009,1.5847,0.0,0.0,0.0
KSV,2019-01-18,6.54,6.96,6.96,6.96,0,6.96,6.94,6.86,0.0,0.3009,1.461,0.0,0.0,0.0
KSV,2019-01-21,6.54,6.96,6.96,6.96,0,6.96,6.94,6.87,0.0,0.3009,1.3377,0.0,0.0,0.0
KSV,2019-01-22,6.54,6.96,6.96,6.96,0,6.96,6.94,6.88,0.0,0.3009,1.2146,0.0,0.0,0.0
KSV,2019-01-23,6.54,6.96,6.96,6.96,0,6.96,6.94,6.88,0.0,0.3009,1.0918,0.0,0.0,0.0
KSV,2019-01-24,6.54,6.96,6.96,6.96,0,6.96,6.94,6.89,0.0,0.3009,0.9693,0.0,0.0,0.0
KSV,2019-01-25,6.54,6.96,6.96,6.96,0,6.96,6.96,6.9,0.0,0.0,0.8471,0.0,0.0,0.0
KSV,2019-01-28,6.54,6.96,6.96,6.96,0,6.96,6.96,6.91,0.0,0.0,0.7252,0.0,0.0,0.0
KSV,2019-01-29,6.54,6.96,6.96,6.96,0,6.96,6.96,6.92,0.0,0.0,0.6036,0.0,0.0,0.0
KSV,2019-01-30,6.54,6.96,6.96,6.96,0,6.96,6.96,6.93,0.0,0.0,0.4823,0.0,0.0,0.0
KSV,2019-01-31,6.54,6.96,6.96,6.96,0,6.96,6.96,6.93,0.0,0.0,0.3613,0.0,0.0,0.0
KSV,2019-02-01,6.54,6.96,6.96,6.96,0,6.96,6.96,6.94,0.0,0.0,0.2406,0.0,0.0,0.0
KSV,2019-02-11,6.54,6.96,6.96,6.96,0,6.96,6.96,6.94,0.0,0.0,0.2406,0.0,0.0,0.0
KSV,2019-02-12,6.54,6.96,6.96,6.96,0,6.96,6.96,6.94,0.0,0.0,0.2406,0.0,0.0,0.0
KSV,2019-02-13,6.54,6.96,6.96,6.96,0,6.96,6.96,6.94,0.0,0.0,0.2406,0.0,0.0,0.0
KSV,2019-02-14,6.54,6.96,6.96,6.96,0,6.96,6.96,6.94,0.0,0.0,0.2406,0.0,0.0,0.0
KSV,2019-02-15,6.54,6.96,6.96,6.96,0,6.96,6.96,6.94,0.0,0.0,0.2406,0.0,0.0,0.0
KSV,2019-02-18,6.54,6.96,6.96,6.96,0,6.96,6.96,6.94,0.0,0.0,0.2406,0.0,0.0,0.0
KSV,2019-02-19,6.54,6.96,6.96,6.96,0,6.96,6.96,6.94,0.0,0.0,0.2406,0.0,0.0,0.0
KSV,2019-02-20,6.54,6.96,6.96,6.96,0,6.96,6.96,6.94,0.0,0.0,0.2406,0.0,0.0,0.0
KSV,2019-02-21,6.54,6.96,6.96,6.96,0,6.96,6.96,6.94,0.0,0.0,0.2406,0.0,0.0,0.0
KSV,2019-02-22,6.54,6.96,6.96,6.96,0,6.96,6.96,6.94,0.0,0.0,0.2406,0.0,0.0,0.0
KSV,2019-02-25,6.54,6.96,6.96,6.96,0,6.96,6.96,6.94,0.0,0.0,0.2406,0.0,0.0,0.0
KSV,2019-02-26,6.54,6.96,6.96,6.96,0,6.96,6.96,6.94,0.0,0.0,0.2406,0.0,0.0,0.0
KSV,2019-02-27,6.54,6.96,6.96,6.96,0,6.96,6.96,6.94,0.0,0.0,0.2406,0.0,0.0,0.0
KSV,2019-02-28,6.54,6.96,6.96,6.96,0,6.96,6.96,6.94,0.0,0.0,0.2406,0.0,0.0,0.0
KSV,2019-03-01,6.54,6.96,6.96,6.96,0,6.96,6.96,6.94,0.0,0.0,0.2406,0.0,0.0,0.0
KSV,2019-03-04,6.54,6.96,6.96,6.96,0,6.96,6.96,6.94,0.0,0.0,0.2406,0.0,0.0,0.0
KSV,2019-03-05,6.54,6.96,6.96,6.96,0,6.96,6.96,6.95,0.0,0.0,0.1201,0.0,0.0,0.0
KSV,2019-03-06,6.54,6.96,6.96,6.96,0,6.96,6.96,6.95,0.0,0.0,0.1201,0.0,0.0,0.0
KSV,2019-03-07,6.54,6.96,6.96,6.96,0,6.96,6.96,6.95,0.0,0.0,0.1201,0.0,0.0,0.0
KSV,2019-03-08,6.54,6.96,6.96,6.96,0,6.96,6.96,6.95,0.0,0.0,0.1201,0.0,0.0,0.0
KSV,2019-03-11,6.54,6.96,6.96,6.96,0,6.96,6.96,6.95,0.0,0.0,0.1201,0.0,0.0,0.0
KSV,2019-03-12,6.54,6.96,6.96,6.96,0,6.96,6.96,6.95,0.0,0.0,0.1201,0.0,0.0,0.0
KSV,2019-03-13,6.54,6.96,6.96,6.96,0,6.96,6.96,6.95,0.0,0.0,0.1201,0.0,0.0,0.0
KSV,2019-03-14,6.54,6.96,6.96,6.96,0,6.96,6.96,6.95,0.0,0.0,0.1201,0.0,0.0,0.0
KSV,2019-03-15,8.35,8.35,8.35,8.35,300,7.1,7.03,6.99,17.647,18.8119,19.5219,-0.0003,-0.0002,0.0
KSV,2019-03-18,9.05,9.05,9.05,9.05,100,7.31,7.13,7.03,23.8096,26.8293,28.7129,0.0001,0.0001,0.0
KSV,2019-03-19,9.05,9.05,8.35,8.35,1800,7.45,7.2,7.06,12.1495,15.942,18.3432,-0.0014,-0.001,0.0002
KSV,2019-03-20,9.05,9.05,9.05,9.05,300,7.66,7.31,7.1,18.1818,23.8096,27.451,0.0,0.0,0.0002
KSV,2019-03-21,9.05,9.05,8.7,9.05,3200,7.86,7.41,7.14,15.0443,22.0658,26.7057,0.0022,0.0015,0.0004
KSV,2019-03-22,8.98,8.98,8.98,8.98,300,8.07,7.51,7.18,11.3029,19.4998,25.0243,0.0,0.0,0.0004
KSV,2019-03-25,9.05,9.05,9.05,9.05,2000,8.28,7.62,7.22,9.3356,18.7757,25.265,0.0,0.0,0.0004
KSV,2019-03-26,9.05,9.05,9.05,9.05,3000,8.48,7.72,7.26,6.6448,17.1699,24.545,0.0,0.0,0.0004
KSV,2019-03-27,9.05,9.05,9.05,9.05,10000,8.69,7.83,7.31,4.0833,15.607,23.8331,0.0,0.0,0.0004
KSV,2019-03-28,9.05,9.05,9.05,9.05,1000,8.9,7.93,7.35,1.6419,14.0851,23.1294,0.0,0.0,0.0004
KSV,2019-03-29,9.05,9.05,9.05,9.05,0,8.97,8.04,7.39,0.8534,12.6029,22.4336,0.0,0.0,0.0004
KSV,2019-04-01,9.05,9.05,9.05,9.05,0,8.97,8.14,7.43,0.8534,11.1586,21.7457,0.0,0.0,0.0004
KSV,2019-04-02,8.7,8.7,8.7,8.7,100,9.01,8.23,7.47,-3.4003,5.753,16.5175,0.0,0.0,0.0002
KSV,2019-04-03,8.7,8.7,8.7,8.7,0,8.97,8.31,7.5,-3.0256,4.6463,15.977,0.0,0.0,0.0002
KSV,2019-04-04,8.7,8.7,8.7,8.7,0,8.94,8.4,7.54,-2.648,3.5625,15.4414,0.0,0.0,0.0
KSV,2019-04-05,8.35,8.35,8.35,8.35,200,8.87,8.47,7.56,-5.8824,-1.3969,10.4159,0.0,0.0,0.0
KSV,2019-04-08,8.35,8.35,8.35,8.35,0,8.8,8.54,7.59,-5.1384,-2.2005,10.011,0.0,0.0,0.0
KSV,2019-04-09,8.35,8.35,8.35,8.35,0,8.73,8.61,7.62,-4.3825,-2.9911,9.609,0.0,0.0,0.0
KSV,2019-04-10,9.05,9.05,9.05,9.05,900,8.73,8.71,7.66,3.5857,3.8339,18.096,0.0,0.0,0.0
KSV,2019-04-11,9.05,9.05,9.05,9.05,0,8.73,8.82,7.7,3.5857,2.6046,17.4558,0.0,0.0,0.0
KSV,2019-04-12,9.05,9.05,9.05,9.05,0,8.73,8.85,7.75,3.5857,2.2013,16.8225,0.0,0.0,0.0
KSV,2019-04-16,9.05,9.05,9.05,9.05,0,8.73,8.85,7.79,3.5857,2.2013,16.1959,0.0,0.0,0.0
KSV,2019-04-17,9.05,9.05,9.05,9.05,0,8.77,8.89,7.83,3.1746,1.8011,15.5761,0.0,0.0,0.0
KSV,2019-04-18,9.05,9.05,9.05,9.05,0,8.8,8.89,7.87,2.7668,1.8011,14.9629,0.0,0.0,0.0
KSV,2019-04-19,9.05,9.05,9.05,9.05,0,8.84,8.89,7.91,2.3622,1.8011,14.3561,0.0,0.0,0.0
KSV,2019-04-22,9.05,9.05,9.05,9.05,0,8.91,8.89,7.95,1.5625,1.7613,13.7557,0.0,0.0,0.0
KSV,2019-04-23,9.05,9.05,9.05,9.05,0,8.98,8.89,8.0,0.7752,1.7613,13.1616,0.0,0.0,0.0
KSV,2019-04-24,9.05,9.05,9.05,9.05,0,9.05,8.89,8.04,0.0,1.7613,12.5736,0.0,0.0,0.0
KSV,2019-04-25,10.37,10.37,10.37,10.37,100,9.18,8.96,8.11,12.9643,15.7731,27.9409,-0.0002,-0.0002,0.0
KSV,2019-04-26,11.9,11.9,11.9,11.9,100,9.47,9.1,8.2,25.7353,30.7839,45.0627,0.0,0.0,0.0
KSV,2019-05-02,11.9,11.9,11.9,11.9,0,9.75,9.24,8.3,22.0556,28.765,43.3361,0.0,0.0,0.0
KSV,2019-05-03,11.9,11.9,11.9,11.9,0,10.04,9.39,8.4,18.5853,26.8075,41.6501,0.0,0.0,0.0
KSV,2019-05-06,11.9,11.9,11.9,11.9,0,10.32,9.55,8.5,15.3068,24.681,40.0032,0.0,0.0,0.0
KSV,2019-05-07,11.9,11.9,11.9,11.9,0,10.61,9.71,8.6,12.2047,22.6246,38.3943,0.0,0.0,0.0
KSV,2019-05-08,11.9,11.9,11.9,11.9,0,10.89,9.87,8.7,9.2652,20.6349,36.8219,0.0,0.0,0.0
KSV,2019-05-09,11.9,11.9,11.9,11.9,0,11.18,10.04,8.8,6.4757,18.5031,35.2848,0.0,0.0,0.0
KSV,2019-05-10,11.9,11.9,11.9,11.9,0,11.46,10.22,8.9,3.8251,16.4453,33.7819,0.0,0.0,0.0
KSV,2019-05-13,11.9,11.9,11.9,11.9,0,11.75,10.4,9.0,1.3033,14.4578,32.312,0.0,0.0,0.0
KSV,2019-05-14,11.9,11.9,11.9,11.9,0,11.9,10.54,9.09,0.0,12.9085,30.874,0.0,0.0,0.0
KSV,2019-05-15,11.9,13.22,11.9,13.22,1400,12.03,10.75,9.22,9.8902,23.0172,43.4396,0.0017,0.0016,0.0002
KSV,2019-05-16,12.95,13.22,13.22,13.22,0,12.17,10.96,9.34,8.6957,20.6733,41.5165,0.0,0.0,0.0002
KSV,2019-05-17,12.95,13.22,13.22,13.22,0,12.3,11.17,9.47,7.5269,18.417,39.6443,0.0,0.0,0.0002
KSV,2019-05-20,12.95,13.22,13.22,13.22,0,12.43,11.38,9.6,6.383,16.2435,37.821,0.0,0.0,0.0002
KSV,2019-05-21,12.95,13.22,13.22,13.22,0,12.56,11.58,9.72,5.2632,14.1484,36.0447,0.0,0.0,0.0002
KSV,2019-05-22,12.95,13.22,13.22,13.22,0,12.69,11.79,9.85,4.1667,12.1275,34.3136,0.0,0.0,0.0002
KSV,2019-05-23,12.95,13.22,13.22,13.22,0,12.83,12.0,9.97,3.0928,10.1769,32.626,0.0,0.0,0.0002
KSV,2019-05-24,12.95,13.22,13.22,13.22,0,12.96,12.21,10.1,2.0408,8.293,30.9803,0.0,0.0,0.0002
KSV,2019-05-27,12.95,13.22,13.22,13.22,0,13.09,12.42,10.22,1.0101,6.4724,29.375,0.0,0.0,0.0002
KSV,2019-05-28,12.95,13.22,13.22,13.22,0,13.22,12.56,10.35,0.0,5.2632,27.8085,0.0,0.0,0.0002
KSV,2019-05-29,12.95,13.22,13.22,13.22,0,13.22,12.63,10.47,0.0,4.7121,26.2794,0.0,0.0,0.0
KSV,2019-05-30,12.95,13.22,13.22,13.22,0,13.22,12.69,10.57,0.0,4.1667,25.1153,0.0,0.0,0.0
KSV,2019-05-31,12.95,13.22,13.22,13.22,0,13.22,12.76,10.65,0.0,3.627,24.1344,0.0,0.0,0.0
KSV,2019-06-03,14.82,14.82,11.07,11.07,1300,13.01,12.72,10.71,-14.9278,-12.9959,3.3541,-0.0015,-0.0013,0.0001
KSV,2019-06-04,13.64,13.64,12.6,13.64,600,13.05,12.81,10.8,4.5333,6.5217,26.3212,0.0014,0.0016,0.0003
KSV,2019-06-05,15.31,15.31,13.43,13.43,800,13.07,12.88,10.89,2.7689,4.268,23.3858,-0.0015,-0.0016,0.0004
KSV,2019-06-06,15.03,15.03,12.81,12.81,1700,13.03,12.93,10.96,-1.7094,-0.9421,16.8106,-0.0033,-0.0032,0.0008
KSV,2019-06-07,11.14,11.14,11.14,11.14,100,12.82,12.89,11.01,-13.1379,-13.6069,1.189,0.0001,0.0001,0.0008
KSV,2019-06-10,10.16,10.16,10.09,10.09,1500,12.51,12.8,11.03,-19.31,-21.1528,-8.4712,-0.0028,-0.0021,0.0011
KSV,2019-06-11,9.74,9.74,9.05,9.05,3100,12.09,12.66,11.03,-25.1583,-28.5125,-17.9397,-0.0075,-0.0044,0.0018
KSV,2019-06-12,9.05,9.05,9.05,9.05,600,11.67,12.45,11.03,-22.4806,-27.3134,-17.9397,0.0,0.0,0.0018
KSV,2019-06-13,9.05,9.05,9.05,9.05,0,11.25,12.24,11.03,-19.6042,-26.0734,-17.9397,0.0,0.0,0.0018
KSV,2019-06-14,9.05,9.05,9.05,9.05,0,10.84,12.03,11.03,-16.5061,-24.7903,-17.9397,0.0,0.0,0.0018
KSV,2019-06-17,9.05,9.05,9.05,9.05,0,10.63,11.82,11.03,-14.9215,-23.4619,-17.9914,0.0,0.0,0.0017
KSV,2019-06-18,9.05,9.05,9.05,9.05,0,10.18,11.61,11.04,-11.0807,-22.0857,-18.0431,0.0,0.0,0.0015
KSV,2019-06-19,9.05,9.05,9.05,9.05,0,9.74,11.4,11.05,-7.0765,-20.6591,-18.0948,0.0,0.0,0.0014
KSV,2019-06-20,8.7,8.7,8.7,8.7,500,9.33,11.18,11.05,-6.7164,-22.1669,-21.2946,0.0,0.0,0.001
KSV,2019-06-21,8.7,8.7,8.7,8.7,1000,9.08,10.95,11.06,-4.2146,-20.5593,-21.3441,0.0,0.0,0.001
KSV,2019-06-24,8.7,8.7,8.7,8.7,500,8.94,10.73,11.07,-2.7238,-18.8839,-21.3936,0.0,0.0,0.0007
KSV,2019-06-25,8.7,8.7,8.7,8.7,500,8.91,10.5,11.06,-2.3438,-17.1362,-21.3441,0.0,0.0,0.0
KSV,2019-06-26,8.7,8.7,8.7,8.7,0,8.87,10.27,11.05,-1.9608,-15.3117,-21.2946,0.0,0.0,0.0
KSV,2019-06-27,8.7,8.7,8.7,8.7,0,8.84,10.05,11.05,-1.5748,-13.4049,-21.245,0.0,0.0,0.0
KSV,2019-06-28,8.7,8.7,8.7,8.7,0,8.8,9.82,11.04,-1.1858,-11.4104,-21.1953,0.0,0.0,0.0
KSV,2019-07-01,8.7,8.7,8.7,8.7,0,8.77,9.7,11.03,-0.7937,-10.33,-21.1456,0.0,0.0,0.0
KSV,2019-07-02,8.7,8.7,8.7,8.7,0,8.73,9.46,11.03,-0.3984,-7.9868,-21.0958,0.0,0.0,0.0
KSV,2019-07-03,8.7,8.7,8.7,8.7,0,8.7,9.22,11.02,0.0,-5.6248,-21.046,0.0,0.0,0.0
KSV,2019-07-04,8.7,8.7,8.7,8.7,0,8.7,9.01,11.01,0.0,-3.4749,-20.9961,0.0,0.0,0.0
KSV,2019-07-05,9.05,9.05,9.05,9.05,500,8.73,8.91,11.01,3.5857,1.5625,-17.8359,0.0,0.0,0.0
KSV,2019-07-08,9.05,9.05,9.05,9.05,500,8.77,8.86,11.01,3.1746,2.1611,-17.8359,0.0,0.0,0.0
KSV,2019-07-09,9.05,9.05,9.05,9.05,0,8.8,8.86,10.99,2.7668,2.1611,-17.6381,0.0,0.0,0.0
KSV,2019-07-10,9.05,9.05,7.73,7.73,1100,8.71,8.79,10.9,-11.2709,-12.114,-29.1368,-0.0016,-0.0008,0.0002
KSV,2019-07-11,8.91,7.73,7.73,7.73,0,8.61,8.72,10.82,-10.2667,-11.4479,-28.5898,0.0,0.0,0.0002
KSV,2019-07-12,8.91,7.73,7.73,7.73,0,8.51,8.66,10.74,-9.2395,-10.7717,-28.0342,0.0,0.0,0.0002
KSV,2019-07-15,8.91,7.73,7.73,7.73,0,8.41,8.59,10.65,-8.1886,-10.085,-27.4699,0.0,0.0,0.0002
KSV,2019-07-16,9.05,9.05,9.05,9.05,2000,8.45,8.59,10.59,7.084,5.3058,-14.5973,0.0,0.0,0.0002
KSV,2019-07-17,9.05,9.05,9.05,9.05,0,8.48,8.59,10.54,6.6448,5.3058,-14.1347,0.0,0.0,0.0002
KSV,2019-07-18,9.05,9.05,9.05,9.05,500,8.52,8.61,10.48,6.2091,5.093,-13.6672,0.0,0.0,0.0002
KSV,2019-07-19,9.05,9.05,9.05,9.05,800,8.52,8.63,10.42,6.2091,4.881,-13.1944,0.0,0.0,0.0002
KSV,2019-07-22,9.05,9.05,9.05,9.05,0,8.52,8.64,10.37,6.2091,4.6699,-12.7165,0.0,0.0,0.0002
KSV,2019-07-23,9.05,9.05,9.05,9.05,1000,8.52,8.66,10.31,6.2091,4.4596,-12.2333,0.0,0.0,0.0002
KSV,2019-07-24,9.05,9.05,9.05,9.05,0,8.65,8.68,10.23,4.5857,4.2502,-11.5165,0.0,0.0,0.0
KSV,2019-07-25,9.05,9.05,9.05,9.05,0,8.78,8.7,10.14,3.0111,4.0416,-10.7878,0.0,0.0,0.0
KSV,2019-07-26,9.05,9.05,9.05,9.05,800,8.92,8.71,10.06,1.4832,3.8339,-10.0471,0.0,0.0,0.0
KSV,2019-07-29,9.05,9.05,9.05,9.05,0,9.05,8.73,9.98,0.0,3.6269,-9.2939,0.0,0.0,0.0
KSV,2019-07-30,9.05,9.05,9.05,9.05,0,9.05,8.75,9.89,0.0,3.4208,-8.528,0.0,0.0,0.0
KSV,2019-07-31,9.05,9.05,9.05,9.05,0,9.05,8.77,9.81,0.0,3.2156,-7.7491,0.0,0.0,0.0
KSV,2019-08-01,9.05,9.05,9.05,9.05,0,9.05,8.78,9.72,0.0,3.0111,-6.9568,0.0,0.0,0.0
KSV,2019-08-02,9.05,9.05,9.05,9.05,0,9.05,8.78,9.64,0.0,3.0111,-6.1507,0.0,0.0,0.0
KSV,2019-08-05,9.05,9.05,9.05,9.05,0,9.05,8.78,9.56,0.0,3.0111,-5.3306,0.0,0.0,0.0
KSV,2019-08-06,9.05,9.05,9.05,9.05,0,9.05,8.78,9.47,0.0,3.0111,-4.496,0.0,0.0,0.0
KSV,2019-08-07,9.05,9.05,9.05,9.05,0,9.05,8.85,9.39,0.0,2.2414,-3.6466,0.0,0.0,0.0
KSV,2019-08-08,9.05,9.05,9.05,9.05,0,9.05,8.92,9.31,0.0,1.4832,-2.7819,0.0,0.0,0.0
KSV,2019-08-09,9.05,9.05,9.05,9.05,0,9.05,8.98,9.22,0.0,0.7361,-1.9016,0.0,0.0,0.0
KSV,2019-08-12,9.05,9.05,9.05,9.05,0,9.05,9.05,9.18,0.0,0.0,-1.4704,0.0,0.0,0.0
KSV,2019-08-13,9.05,9.05,9.05,9.05,2200,9.05,9.05,9.09,0.0,0.0,-0.4747,0.0,0.0,0.0
KSV,2019-08-14,9.08,9.23,9.23,9.23,0,9.07,9.06,9.01,1.7584,1.8579,2.4217,0.0,0.0,0.0
KSV,2019-08-15,9.08,9.23,9.23,9.23,0,9.08,9.07,8.94,1.5599,1.7584,3.2427,0.0,0.0,0.0
KSV,2019-08-16,9.08,9.23,9.23,9.23,0,9.1,9.07,8.9,1.3623,1.6591,3.6862,0.0,0.0,0.0
KSV,2019-08-19,9.08,9.23,9.23,9.23,0,9.12,9.08,8.88,1.1654,1.5599,3.8886,0.0,0.0,0.0
KSV,2019-08-20,9.08,9.23,9.23,9.23,0,9.14,9.09,8.88,0.9693,1.461,3.8472,0.0,0.0,0.0
KSV,2019-08-21,9.08,9.23,9.23,9.23,0,9.15,9.1,8.89,0.7739,1.3623,3.8058,0.0,0.0,0.0
KSV,2019-08-22,9.08,9.23,9.23,9.23,0,9.17,9.11,8.89,0.5793,1.2638,3.7644,0.0,0.0,0.0
KSV,2019-08-23,9.08,9.23,9.23,9.23,0,9.19,9.12,8.89,0.3855,1.1654,3.7231,0.0,0.0,0.0
KSV,2019-08-26,9.08,9.23,9.23,9.23,0,9.21,9.13,8.9,0.1924,1.0673,3.6818,0.0,0.0,0.0
KSV,2019-08-27,9.08,9.23,9.23,9.23,0,9.23,9.14,8.9,0.0,0.9693,3.6406,0.0,0.0,0.0
KSV,2019-08-28,9.08,9.23,9.23,9.23,0,9.23,9.15,8.9,0.0,0.8715,3.5993,0.0,0.0,0.0
KSV,2019-08-29,9.08,9.23,9.23,9.23,0,9.23,9.15,8.92,0.0,0.7739,3.4773,0.0,0.0,0.0
KSV,2019-08-30,9.08,9.23,9.23,9.23,0,9.23,9.16,8.93,0.0,0.6765,3.3555,0.0,0.0,0.0
KSV,2019-09-03,9.08,9.23,9.23,9.23,0,9.23,9.17,8.94,0.0,0.5793,3.2341,0.0,0.0,0.0
KSV,2019-09-04,9.08,9.23,9.23,9.23,0,9.23,9.18,8.95,0.0,0.4823,3.1129,0.0,0.0,0.0
KSV,2019-09-05,9.08,9.23,9.23,9.23,0,9.23,9.19,8.96,0.0,0.3855,2.992,0.0,0.0,0.0
KSV,2019-09-06,9.08,9.23,9.23,9.23,0,9.23,9.2,8.97,0.0,0.2888,2.8713,0.0,0.0,0.0
KSV,2019-09-09,9.08,9.23,9.23,9.23,0,9.23,9.21,8.98,0.0,0.1924,2.751,0.0,0.0,0.0
KSV,2019-09-10,9.08,9.23,9.23,9.23,0,9.23,9.22,8.99,0.0,0.0961,2.631,0.0,0.0,0.0
KSV,2019-09-11,9.08,9.23,9.23,9.23,0,9.23,9.23,9.0,0.0,0.0,2.5112,0.0,0.0,0.0
KSV,2019-09-12,9.08,9.23,9.23,9.23,0,9.23,9.23,9.01,0.0,0.0,2.3917,0.0,0.0,0.0
KSV,2019-09-13,9.08,9.23,9.23,9.23,0,9.23,9.23,9.02,0.0,0.0,2.2725,0.0,0.0,0.0
KSV,2019-09-16,9.23,9.23,9.23,9.23,100,9.23,9.23,9.02,0.0,0.0,2.2323,0.0,0.0,0.0
KSV,2019-09-17,9.23,9.23,9.23,9.23,0,9.23,9.23,9.03,0.0,0.0,2.1922,0.0,0.0,0.0
KSV,2019-09-18,9.23,9.23,9.23,9.23,0,9.23,9.23,9.03,0.0,0.0,2.1521,0.0,0.0,0.0
KSV,2019-09-19,9.23,9.23,9.23,9.23,0,9.23,9.23,9.06,0.0,0.0,1.814,0.0,0.0,0.0
KSV,2019-09-20,9.23,9.23,9.23,9.23,0,9.23,9.23,9.09,0.0,0.0,1.4781,0.0,0.0,0.0
KSV,2019-09-23,9.23,9.23,9.23,9.23,0,9.23,9.23,9.12,0.0,0.0,1.1444,0.0,0.0,0.0
KSV,2019-09-24,9.23,9.23,9.23,9.23,0,9.23,9.23,9.15,0.0,0.0,0.8129,0.0,0.0,0.0
KSV,2019-09-25,9.23,9.23,9.23,9.23,0,9.23,9.23,9.15,0.0,0.0,0.7739,0.0,0.0,0.0
KSV,2019-09-26,9.23,9.23,9.23,9.23,0,9.23,9.23,9.16,0.0,0.0,0.735,0.0,0.0,0.0
KSV,2019-09-27,9.23,9.23,9.23,9.23,0,9.23,9.23,9.16,0.0,0.0,0.696,0.0,0.0,0.0
KSV,2019-09-30,9.23,9.23,9.23,9.23,0,9.23,9.23,9.16,0.0,0.0,0.6571,0.0,0.0,0.0
KSV,2019-10-01,9.23,9.23,9.23,9.23,0,9.23,9.23,9.17,0.0,0.0,0.6182,0.0,0.0,0.0
KSV,2019-10-02,9.23,9.23,9.23,9.23,0,9.23,9.23,9.17,0.0,0.0,0.5793,0.0,0.0,0.0
KSV,2019-10-03,9.23,9.23,9.23,9.23,0,9.23,9.23,9.18,0.0,0.0,0.5405,0.0,0.0,0.0
KSV,2019-10-04,9.23,9.23,9.23,9.23,0,9.23,9.23,9.18,0.0,0.0,0.5017,0.0,0.0,0.0
KSV,2019-10-07,9.23,9.23,9.23,9.23,0,9.23,9.23,9.18,0.0,0.0,0.4629,0.0,0.0,0.0
KSV,2019-10-08,9.23,9.23,9.23,9.23,0,9.23,9.23,9.19,0.0,0.0,0.4242,0.0,0.0,0.0
KSV,2019-10-09,9.23,9.23,9.23,9.23,0,9.23,9.23,9.19,0.0,0.0,0.3855,0.0,0.0,0.0
KSV,2019-10-10,9.23,9.23,9.23,9.23,0,9.23,9.23,9.19,0.0,0.0,0.3468,0.0,0.0,0.0
KSV,2019-10-11,9.23,9.23,9.23,9.23,0,9.23,9.23,9.2,0.0,0.0,0.3081,0.0,0.0,0.0
KSV,2019-10-14,9.23,9.23,9.23,9.23,0,9.23,9.23,9.2,0.0,0.0,0.2695,0.0,0.0,0.0
KSV,2019-10-15,9.23,9.23,9.23,9.23,0,9.23,9.23,9.2,0.0,0.0,0.2309,0.0,0.0,0.0
KSV,2019-10-16,9.23,9.23,9.23,9.23,0,9.23,9.23,9.21,0.0,0.0,0.1924,0.0,0.0,0.0
KSV,2019-10-17,9.23,9.23,9.23,9.23,0,9.23,9.23,9.21,0.0,0.0,0.1538,0.0,0.0,0.0
KSV,2019-10-18,9.23,9.23,9.23,9.23,0,9.23,9.23,9.21,0.0,0.0,0.1153,0.0,0.0,0.0
KSV,2019-10-21,9.23,9.23,9.23,9.23,0,9.23,9.23,9.22,0.0,0.0,0.0769,0.0,0.0,0.0
KSV,2019-10-22,9.23,9.23,9.23,9.23,0,9.23,9.23,9.22,0.0,0.0,0.0384,0.0,0.0,0.0
KSV,2019-10-23,9.23,9.23,9.23,9.23,0,9.23,9.23,9.23,0.0,0.0,0.0,0.0,0.0,0.0
KSV,2019-10-24,9.23,9.23,9.23,9.23,0,9.23,9.23,9.23,0.0,0.0,0.0,0.0,0.0,0.0
KSV,2019-10-25,9.23,9.23,9.23,9.23,0,9.23,9.23,9.23,0.0,0.0,0.0,0.0,0.0,0.0
KSV,2019-10-28,9.23,9.23,9.23,9.23,0,9.23,9.23,9.23,0.0,0.0,0.0,0.0,0.0,0.0
KSV,2019-10-29,9.23,9.23,9.23,9.23,0,9.23,9.23,9.23,0.0,0.0,0.0,0.0,0.0,0.0
KSV,2019-10-30,9.23,9.23,9.23,9.23,0,9.23,9.23,9.23,0.0,0.0,0.0,0.0,0.0,0.0
KSV,2019-10-31,9.23,9.23,9.23,9.23,0,9.23,9.23,9.23,0.0,0.0,0.0,0.0,0.0,0.0
KSV,2019-11-01,9.23,9.23,9.23,9.23,0,9.23,9.23,9.23,0.0,0.0,0.0,0.0,0.0,0.0
KSV,2019-11-04,9.23,9.23,9.23,9.23,0,9.23,9.23,9.23,0.0,0.0,0.0,0.0,0.0,0.0
KSV,2019-11-05,9.23,9.23,9.23,9.23,0,9.23,9.23,9.23,0.0,0.0,0.0,0.0,0.0,0.0
KSV,2019-11-06,9.23,9.23,9.23,9.23,0,9.23,9.23,9.23,0.0,0.0,0.0,0.0,0.0,0.0
KSV,2019-11-07,9.23,9.23,9.23,9.23,0,9.23,9.23,9.23,0.0,0.0,0.0,0.0,0.0,0.0
KSV,2019-11-08,9.23,9.23,9.23,9.23,0,9.23,9.23,9.23,0.0,0.0,0.0,0.0,0.0,0.0
KSV,2019-11-11,9.23,9.23,9.23,9.23,0,9.23,9.23,9.23,0.0,0.0,0.0,0.0,0.0,0.0
KSV,2019-11-12,9.23,9.23,9.23,9.23,0,9.23,9.23,9.23,0.0,0.0,0.0,0.0,0.0,0.0
KSV,2019-11-13,9.23,9.23,9.23,9.23,0,9.23,9.23,9.23,0.0,0.0,0.0,0.0,0.0,0.0
KSV,2019-11-14,9.23,9.23,9.23,9.23,0,9.23,9.23,9.23,0.0,0.0,0.0,0.0,0.0,0.0
KSV,2019-11-15,9.23,9.23,9.23,9.23,0,9.23,9.23,9.23,0.0,0.0,0.0,0.0,0.0,0.0
KSV,2019-11-18,9.23,9.23,9.23,9.23,0,9.23,9.23,9.23,0.0,0.0,0.0,0.0,0.0,0.0
KSV,2019-11-19,9.23,9.23,9.23,9.23,0,9.23,9.23,9.23,0.0,0.0,0.0,0.0,0.0,0.0
KSV,2019-11-20,9.23,9.23,9.23,9.23,0,9.23,9.23,9.23,0.0,0.0,0.0,0.0,0.0,0.0
KSV,2019-11-21,9.23,9.23,9.23,9.23,0,9.23,9.23,9.23,0.0,0.0,0.0,0.0,0.0,0.0
KSV,2019-11-22,9.23,9.23,9.23,9.23,0,9.23,9.23,9.23,0.0,0.0,0.0,0.0,0.0,0.0
KSV,2019-11-25,9.23,9.23,9.23,9.23,0,9.23,9.23,9.23,0.0,0.0,0.0,0.0,0.0,0.0
KSV,2019-11-26,9.23,9.23,9.23,9.23,0,9.23,9.23,9.23,0.0,0.0,0.0,0.0,0.0,0.0
KSV,2019-11-27,9.23,9.23,9.23,9.23,0,9.23,9.23,9.23,0.0,0.0,0.0,0.0,0.0,0.0
KSV,2019-11-28,9.23,9.23,9.23,9.23,0,9.23,9.23,9.23,0.0,0.0,0.0,0.0,0.0,0.0
KSV,2019-11-29,9.23,9.23,9.23,9.23,0,9.23,9.23,9.23,0.0,0.0,0.0,0.0,0.0,0.0
KSV,2019-12-02,9.23,9.23,9.23,9.23,0,9.23,9.23,9.23,0.0,0.0,0.0,0.0,0.0,0.0
KSV,2019-12-03,9.23,9.23,9.23,9.23,0,9.23,9.23,9.23,0.0,0.0,0.0,0.0,0.0,0.0
KSV,2019-12-04,9.23,9.23,9.23,9.23,0,9.23,9.23,9.23,0.0,0.0,0.0,0.0,0.0,0.0
KSV,2019-12-05,9.23,9.23,9.23,9.23,0,9.23,9.23,9.23,0.0,0.0,0.0,0.0,0.0,0.0
KSV,2019-12-06,9.23,9.23,9.23,9.23,0,9.23,9.23,9.23,0.0,0.0,0.0,0.0,0.0,0.0
KSV,2019-12-09,9.23,9.23,9.23,9.23,0,9.23,9.23,9.23,0.0,0.0,0.0,0.0,0.0,0.0
KSV,2019-12-10,9.23,9.23,9.23,9.23,0,9.23,9.23,9.23,0.0,0.0,0.0,0.0,0.0,0.0
KSV,2019-12-11,9.23,9.23,9.23,9.23,0,9.23,9.23,9.23,0.0,0.0,0.0,0.0,0.0,0.0
KSV,2019-12-12,9.23,9.23,9.23,9.23,0,9.23,9.23,9.23,0.0,0.0,0.0,0.0,0.0,0.0
KSV,2019-12-13,9.23,9.23,9.23,9.23,0,9.23,9.23,9.23,0.0,0.0,0.0,0.0,0.0,0.0
KSV,2019-12-16,9.23,9.23,9.23,9.23,0,9.23,9.23,9.23,0.0,0.0,0.0,0.0,0.0,0.0
KSV,2019-12-17,9.23,9.23,9.23,9.23,0,9.23,9.23,9.23,0.0,0.0,0.0,0.0,0.0,0.0
KSV,2019-12-18,9.23,9.23,9.23,9.23,0,9.23,9.23,9.23,0.0,0.0,0.0,0.0,0.0,0.0
KSV,2019-12-19,9.23,9.23,9.23,9.23,0,9.23,9.23,9.23,0.0,0.0,0.0,0.0,0.0,0.0
KSV,2019-12-20,9.23,9.23,9.23,9.23,0,9.23,9.23,9.23,0.0,0.0,0.0,0.0,0.0,0.0
KSV,2019-12-23,9.23,9.23,9.23,9.23,0,9.23,9.23,9.23,0.0,0.0,0.0,0.0,0.0,0.0
KSV,2019-12-24,9.23,9.23,9.23,9.23,0,9.23,9.23,9.23,0.0,0.0,0.0,0.0,0.0,0.0
KSV,2019-12-25,9.23,9.23,9.23,9.23,0,9.23,9.23,9.23,0.0,0.0,0.0,0.0,0.0,0.0
KSV,2019-12-26,9.23,9.23,9.23,9.23,0,9.23,9.23,9.23,0.0,0.0,0.0,0.0,0.0,0.0
KSV,2019-12-27,9.23,9.23,9.23,9.23,0,9.23,9.23,9.23,0.0,0.0,0.0,0.0,0.0,0.0
KSV,2019-12-30,9.23,9.23,9.23,9.23,0,9.23,9.23,9.23,0.0,0.0,0.0,0.0,0.0,0.0
KSV,2019-12-31,9.23,9.23,9.23,9.23,0,9.23,9.23,9.23,0.0,0.0,0.0,0.0,0.0,0.0
KSV,2020-01-02,9.23,9.23,9.23,9.23,0,9.23,9.23,9.23,0.0,0.0,0.0,0.0,0.0,0.0
KSV,2020-01-03,9.23,9.23,9.23,9.23,0,9.23,9.23,9.23,0.0,0.0,0.0,0.0,0.0,0.0
KSV,2020-01-06,9.23,9.23,9.23,9.23,0,9.23,9.23,9.23,0.0,0.0,0.0,0.0,0.0,0.0
KSV,2020-01-07,9.23,9.23,9.23,9.23,0,9.23,9.23,9.23,0.0,0.0,0.0,0.0,0.0,0.0
KSV,2020-01-08,9.23,9.23,9.23,9.23,0,9.23,9.23,9.23,0.0,0.0,0.0,0.0,0.0,0.0
KSV,2020-01-09,9.23,9.23,9.23,9.23,0,9.23,9.23,9.23,0.0,0.0,0.0,0.0,0.0,0.0
KSV,2020-01-10,9.23,9.23,9.23,9.23,0,9.23,9.23,9.23,0.0,0.0,0.0,0.0,0.0,0.0
KSV,2020-01-13,9.23,9.23,9.23,9.23,0,9.23,9.23,9.23,0.0,0.0,0.0,0.0,0.0,0.0
KSV,2020-01-14,9.23,9.23,9.23,9.23,0,9.23,9.23,9.23,0.0,0.0,0.0,0.0,0.0,0.0
KSV,2020-01-15,9.23,9.23,9.23,9.23,0,9.23,9.23,9.23,0.0,0.0,0.0,0.0,0.0,0.0
KSV,2020-01-16,9.23,9.23,9.23,9.23,0,9.23,9.23,9.23,0.0,0.0,0.0,0.0,0.0,0.0
KSV,2020-01-17,9.23,9.23,9.23,9.23,0,9.23,9.23,9.23,0.0,0.0,0.0,0.0,0.0,0.0
KSV,2020-01-20,9.23,9.23,9.23,9.23,0,9.23,9.23,9.23,0.0,0.0,0.0,0.0,0.0,0.0
KSV,2020-01-21,9.23,9.23,9.23,9.23,0,9.23,9.23,9.23,0.0,0.0,0.0,0.0,0.0,0.0
KSV,2020-01-22,9.23,9.23,9.23,9.23,0,9.23,9.23,9.23,0.0,0.0,0.0,0.0,0.0,0.0
KSV,2020-01-30,9.23,9.23,9.23,9.23,0,9.23,9.23,9.23,0.0,0.0,0.0,0.0,0.0,0.0
KSV,2020-01-31,9.23,9.23,9.23,9.23,0,9.23,9.23,9.23,0.0,0.0,0.0,0.0,0.0,0.0
KSV,2020-02-03,9.23,9.23,9.23,9.23,0,9.23,9.23,9.23,0.0,0.0,0.0,0.0,0.0,0.0
KSV,2020-02-04,9.23,9.23,9.23,9.23,0,9.23,9.23,9.23,0.0,0.0,0.0,0.0,0.0,0.0
KSV,2020-02-05,9.23,9.23,9.23,9.23,0,9.23,9.23,9.23,0.0,0.0,0.0,0.0,0.0,0.0
KSV,2020-02-06,9.23,9.23,9.23,9.23,0,9.23,9.23,9.23,0.0,0.0,0.0,0.0,0.0,0.0
KSV,2020-02-07,9.23,9.23,9.23,9.23,0,9.23,9.23,9.23,0.0,0.0,0.0,0.0,0.0,0.0
KSV,2020-02-10,9.23,9.23,9.23,9.23,0,9.23,9.23,9.23,0.0,0.0,0.0,0.0,0.0,0.0
KSV,2020-02-11,9.23,9.23,9.23,9.23,0,9.23,9.23,9.23,0.0,0.0,0.0,0.0,0.0,0.0
KSV,2020-02-12,9.23,9.23,9.23,9.23,0,9.23,9.23,9.23,0.0,0.0,0.0,0.0,0.0,0.0
KSV,2020-02-13,9.23,9.23,9.23,9.23,0,9.23,9.23,9.23,0.0,0.0,0.0,0.0,0.0,0.0
KSV,2020-02-14,9.23,9.23,9.23,9.23,0,9.23,9.23,9.23,0.0,0.0,0.0,0.0,0.0,0.0
KSV,2020-02-17,9.23,9.23,9.23,9.23,0,9.23,9.23,9.23,0.0,0.0,0.0,0.0,0.0,0.0
KSV,2020-02-18,9.23,9.23,9.23,9.23,0,9.23,9.23,9.23,0.0,0.0,0.0,0.0,0.0,0.0
KSV,2020-02-19,9.23,9.23,9.23,9.23,0,9.23,9.23,9.23,0.0,0.0,0.0,0.0,0.0,0.0
KSV,2020-02-20,9.23,9.23,9.23,9.23,0,9.23,9.23,9.23,0.0,0.0,0.0,0.0,0.0,0.0
KSV,2020-02-21,9.23,9.23,9.23,9.23,0,9.23,9.23,9.23,0.0,0.0,0.0,0.0,0.0,0.0
KSV,2020-02-24,9.23,9.23,9.23,9.23,0,9.23,9.23,9.23,0.0,0.0,0.0,0.0,0.0,0.0
KSV,2020-02-25,9.23,9.23,9.23,9.23,0,9.23,9.23,9.23,0.0,0.0,0.0,0.0,0.0,0.0
KSV,2020-02-26,9.23,9.23,9.23,9.23,0,9.23,9.23,9.23,0.0,0.0,0.0,0.0,0.0,0.0
KSV,2020-02-27,9.23,9.23,9.23,9.23,0,9.23,9.23,9.23,0.0,0.0,0.0,0.0,0.0,0.0
KSV,2020-02-28,9.23,9.23,9.23,9.23,0,9.23,9.23,9.23,0.0,0.0,0.0,0.0,0.0,0.0
KSV,2020-03-02,9.23,9.23,9.23,9.23,0,9.23,9.23,9.23,0.0,0.0,0.0,0.0,0.0,0.0
KSV,2020-03-03,9.23,9.23,9.23,9.23,0,9.23,9.23,9.23,0.0,0.0,0.0,0.0,0.0,0.0
KSV,2020-03-04,9.23,9.23,9.23,9.23,0,9.23,9.23,9.23,0.0,0.0,0.0,0.0,0.0,0.0
KSV,2020-03-05,9.23,9.23,9.23,9.23,0,9.23,9.23,9.23,0.0,0.0,0.0,0.0,0.0,0.0
KSV,2020-03-06,9.23,9.23,9.23,9.23,0,9.23,9.23,9.23,0.0,0.0,0.0,0.0,0.0,0.0
KSV,2020-03-09,9.23,9.23,9.23,9.23,0,9.23,9.23,9.23,0.0,0.0,0.0,0.0,0.0,0.0
KSV,2020-03-10,9.23,9.23,9.23,9.23,0,9.23,9.23,9.23,0.0,0.0,0.0,0.0,0.0,0.0
KSV,2020-03-11,9.23,9.23,9.23,9.23,0,9.23,9.23,9.23,0.0,0.0,0.0,0.0,0.0,0.0
KSV,2020-03-12,9.23,9.23,9.23,9.23,0,9.23,9.23,9.23,0.0,0.0,0.0,0.0,0.0,0.0
KSV,2020-03-13,9.23,9.23,9.23,9.23,0,9.23,9.23,9.23,0.0,0.0,0.0,0.0,0.0,0.0
KSV,2020-03-16,9.23,9.23,9.23,9.23,0,9.23,9.23,9.23,0.0,0.0,0.0,0.0,0.0,0.0
KSV,2020-03-17,9.23,9.23,9.23,9.23,0,9.23,9.23,9.23,0.0,0.0,0.0,0.0,0.0,0.0
KSV,2020-03-18,9.23,9.23,9.23,9.23,0,9.23,9.23,9.23,0.0,0.0,0.0,0.0,0.0,0.0
KSV,2020-03-19,9.23,9.23,9.23,9.23,0,9.23,9.23,9.23,0.0,0.0,0.0,0.0,0.0,0.0
KSV,2020-03-20,9.23,9.23,9.23,9.23,0,9.23,9.23,9.23,0.0,0.0,0.0,0.0,0.0,0.0
KSV,2020-03-23,9.23,9.23,9.23,9.23,0,9.23,9.23,9.23,0.0,0.0,0.0,0.0,0.0,0.0
KSV,2020-03-24,9.23,9.23,9.23,9.23,0,9.23,9.23,9.23,0.0,0.0,0.0,0.0,0.0,0.0
KSV,2020-03-25,9.23,9.23,9.23,9.23,0,9.23,9.23,9.23,0.0,0.0,0.0,0.0,0.0,0.0
KSV,2020-03-26,9.23,9.23,9.23,9.23,0,9.23,9.23,9.23,0.0,0.0,0.0,0.0,0.0,0.0
KSV,2020-03-27,9.23,9.23,9.23,9.23,0,9.23,9.23,9.23,0.0,0.0,0.0,0.0,0.0,0.0
KSV,2020-03-30,9.23,9.23,9.23,9.23,0,9.23,9.23,9.23,0.0,0.0,0.0,0.0,0.0,0.0
KSV,2020-03-31,9.23,9.23,9.23,9.23,0,9.23,9.23,9.23,0.0,0.0,0.0,0.0,0.0,0.0
KSV,2020-04-01,9.23,9.23,9.23,9.23,0,9.23,9.23,9.23,0.0,0.0,0.0,0.0,0.0,0.0
KSV,2020-04-03,9.23,9.23,9.23,9.23,0,9.23,9.23,9.23,0.0,0.0,0.0,0.0,0.0,0.0
KSV,2020-04-06,9.23,9.23,9.23,9.23,0,9.23,9.23,9.23,0.0,0.0,0.0,0.0,0.0,0.0
KSV,2020-04-07,9.23,9.23,9.23,9.23,0,9.23,9.23,9.23,0.0,0.0,0.0,0.0,0.0,0.0
KSV,2020-04-08,9.23,9.23,9.23,9.23,0,9.23,9.23,9.23,0.0,0.0,0.0,0.0,0.0,0.0
KSV,2020-04-09,9.23,9.23,9.23,9.23,0,9.23,9.23,9.23,0.0,0.0,0.0,0.0,0.0,0.0
KSV,2020-04-10,9.23,9.23,9.23,9.23,0,9.23,9.23,9.23,0.0,0.0,0.0,0.0,0.0,0.0
KSV,2020-04-13,9.23,9.23,9.23,9.23,0,9.23,9.23,9.23,0.0,0.0,0.0,0.0,0.0,0.0
KSV,2020-04-14,9.23,9.23,9.23,9.23,0,9.23,9.23,9.23,0.0,0.0,0.0,0.0,0.0,0.0
KSV,2020-04-15,9.23,9.23,9.23,9.23,0,9.23,9.23,9.23,0.0,0.0,0.0,0.0,0.0,0.0
KSV,2020-04-16,9.23,9.23,9.23,9.23,0,9.23,9.23,9.23,0.0,0.0,0.0,0.0,0.0,0.0
KSV,2020-04-17,9.23,9.23,9.23,9.23,0,9.23,9.23,9.23,0.0,0.0,0.0,0.0,0.0,0.0
KSV,2020-04-20,9.23,9.23,9.23,9.23,0,9.23,9.23,9.23,0.0,0.0,0.0,0.0,0.0,0.0
KSV,2020-04-21,9.23,9.23,9.23,9.23,0,9.23,9.23,9.23,0.0,0.0,0.0,0.0,0.0,0.0
KSV,2020-04-22,9.23,9.23,9.23,9.23,0,9.23,9.23,9.23,0.0,0.0,0.0,0.0,0.0,0.0
KSV,2020-04-23,9.23,9.23,9.23,9.23,0,9.23,9.23,9.23,0.0,0.0,0.0,0.0,0.0,0.0
KSV,2020-04-24,9.23,9.23,9.23,9.23,0,9.23,9.23,9.23,0.0,0.0,0.0,0.0,0.0,0.0
KSV,2020-04-27,9.23,9.23,9.23,9.23,0,9.23,9.23,9.23,0.0,0.0,0.0,0.0,0.0,0.0
KSV,2020-04-28,9.23,9.23,9.23,9.23,0,9.23,9.23,9.23,0.0,0.0,0.0,0.0,0.0,0.0
KSV,2020-04-29,9.23,9.23,9.23,9.23,0,9.23,9.23,9.23,0.0,0.0,0.0,0.0,0.0,0.0
KSV,2020-05-04,9.23,9.23,9.23,9.23,0,9.23,9.23,9.23,0.0,0.0,0.0,0.0,0.0,0.0
KSV,2020-05-05,9.23,9.23,9.23,9.23,0,9.23,9.23,9.23,0.0,0.0,0.0,0.0,0.0,0.0
KSV,2020-05-06,9.23,9.23,9.23,9.23,0,9.23,9.23,9.23,0.0,0.0,0.0,0.0,0.0,0.0
KSV,2020-05-07,9.23,9.23,9.23,9.23,0,9.23,9.23,9.23,0.0,0.0,0.0,0.0,0.0,0.0
KSV,2020-05-08,9.23,9.23,9.23,9.23,0,9.23,9.23,9.23,0.0,0.0,0.0,0.0,0.0,0.0
KSV,2020-05-11,9.23,9.23,9.23,9.23,0,9.23,9.23,9.23,0.0,0.0,0.0,0.0,0.0,0.0
KSV,2020-05-12,9.23,9.23,9.23,9.23,0,9.23,9.23,9.23,0.0,0.0,0.0,0.0,0.0,0.0
KSV,2020-05-13,9.23,9.23,9.23,9.23,0,9.23,9.23,9.23,0.0,0.0,0.0,0.0,0.0,0.0
KSV,2020-05-14,9.23,9.23,9.23,9.23,0,9.23,9.23,9.23,0.0,0.0,0.0,0.0,0.0,0.0
KSV,2020-05-15,9.23,9.23,9.23,9.23,0,9.23,9.23,9.23,0.0,0.0,0.0,0.0,0.0,0.0
KSV,2020-05-18,9.23,9.23,9.23,9.23,0,9.23,9.23,9.23,0.0,0.0,0.0,0.0,0.0,0.0
KSV,2020-05-19,9.23,9.23,9.23,9.23,0,9.23,9.23,9.23,0.0,0.0,0.0,0.0,0.0,0.0
KSV,2020-05-20,9.23,9.23,9.23,9.23,0,9.23,9.23,9.23,0.0,0.0,0.0,0.0,0.0,0.0
KSV,2020-05-21,9.23,9.23,9.23,9.23,0,9.23,9.23,9.23,0.0,0.0,0.0,0.0,0.0,0.0
KSV,2020-05-22,9.23,9.23,9.23,9.23,0,9.23,9.23,9.23,0.0,0.0,0.0,0.0,0.0,0.0
KSV,2020-05-25,9.23,9.23,9.23,9.23,0,9.23,9.23,9.23,0.0,0.0,0.0,0.0,0.0,0.0
KSV,2020-05-26,9.23,9.23,9.23,9.23,0,9.23,9.23,9.23,0.0,0.0,0.0,0.0,0.0,0.0
KSV,2020-05-27,9.23,9.23,9.23,9.23,0,9.23,9.23,9.23,0.0,0.0,0.0,0.0,0.0,0.0
KSV,2020-05-28,9.23,9.23,9.23,9.23,0,9.23,9.23,9.23,0.0,0.0,0.0,0.0,0.0,0.0
KSV,2020-05-29,9.23,9.23,9.23,9.23,0,9.23,9.23,9.23,0.0,0.0,0.0,0.0,0.0,0.0
KSV,2020-06-01,9.23,9.23,9.23,9.23,0,9.23,9.23,9.23,0.0,0.0,0.0,0.0,0.0,0.0
KSV,2020-06-02,9.23,9.23,9.23,9.23,0,9.23,9.23,9.23,0.0,0.0,0.0,0.0,0.0,0.0
KSV,2020-06-03,9.23,9.23,9.23,9.23,0,9.23,9.23,9.23,0.0,0.0,0.0,0.0,0.0,0.0
KSV,2020-06-04,9.23,9.23,9.23,9.23,0,9.23,9.23,9.23,0.0,0.0,0.0,0.0,0.0,0.0
KSV,2020-06-05,9.23,9.23,9.23,9.23,0,9.23,9.23,9.23,0.0,0.0,0.0,0.0,0.0,0.0
KSV,2020-06-08,9.23,9.23,9.23,9.23,0,9.23,9.23,9.23,0.0,0.0,0.0,0.0,0.0,0.0
KSV,2020-06-09,9.23,9.23,9.23,9.23,0,9.23,9.23,9.23,0.0,0.0,0.0,0.0,0.0,0.0
KSV,2020-06-10,9.23,9.23,9.23,9.23,0,9.23,9.23,9.23,0.0,0.0,0.0,0.0,0.0,0.0
KSV,2020-06-11,9.23,9.23,9.23,9.23,0,9.23,9.23,9.23,0.0,0.0,0.0,0.0,0.0,0.0
KSV,2020-06-12,9.23,9.23,9.23,9.23,0,9.23,9.23,9.23,0.0,0.0,0.0,0.0,0.0,0.0
KSV,2020-06-15,9.23,9.23,9.23,9.23,0,9.23,9.23,9.23,0.0,0.0,0.0,0.0,0.0,0.0
KSV,2020-06-16,9.23,9.23,9.23,9.23,0,9.23,9.23,9.23,0.0,0.0,0.0,0.0,0.0,0.0
KSV,2020-06-17,9.23,9.23,9.23,9.23,0,9.23,9.23,9.23,0.0,0.0,0.0,0.0,0.0,0.0
KSV,2020-06-18,9.23,9.23,9.23,9.23,0,9.23,9.23,9.23,0.0,0.0,0.0,0.0,0.0,0.0
KSV,2020-06-19,9.23,9.23,9.23,9.23,0,9.23,9.23,9.23,0.0,0.0,0.0,0.0,0.0,0.0
KSV,2020-06-22,9.23,9.23,9.23,9.23,0,9.23,9.23,9.23,0.0,0.0,0.0,0.0,0.0,0.0
KSV,2020-06-23,9.23,9.23,9.23,9.23,0,9.23,9.23,9.23,0.0,0.0,0.0,0.0,0.0,0.0
KSV,2020-06-24,9.23,9.23,9.23,9.23,0,9.23,9.23,9.23,0.0,0.0,0.0,0.0,0.0,0.0
KSV,2020-06-25,9.23,9.23,9.23,9.23,0,9.23,9.23,9.23,0.0,0.0,0.0,0.0,0.0,0.0
KSV,2020-06-26,9.23,9.23,9.23,9.23,0,9.23,9.23,9.23,0.0,0.0,0.0,0.0,0.0,0.0
KSV,2020-06-29,9.23,9.23,9.23,9.23,0,9.23,9.23,9.23,0.0,0.0,0.0,0.0,0.0,0.0
KSV,2020-06-30,9.23,9.23,9.23,9.23,0,9.23,9.23,9.23,0.0,0.0,0.0,0.0,0.0,0.0
KSV,2020-07-01,9.23,9.23,9.23,9.23,0,9.23,9.23,9.23,0.0,0.0,0.0,0.0,0.0,0.0
KSV,2020-07-02,9.23,9.23,9.23,9.23,0,9.23,9.23,9.23,0.0,0.0,0.0,0.0,0.0,0.0
KSV,2020-07-03,9.23,9.23,9.23,9.23,0,9.23,9.23,9.23,0.0,0.0,0.0,0.0,0.0,0.0
KSV,2020-07-06,9.23,9.23,9.23,9.23,0,9.23,9.23,9.23,0.0,0.0,0.0,0.0,0.0,0.0
KSV,2020-07-07,9.23,9.23,9.23,9.23,0,9.23,9.23,9.23,0.0,0.0,0.0,0.0,0.0,0.0
KSV,2020-07-08,9.23,9.23,9.23,9.23,0,9.23,9.23,9.23,0.0,0.0,0.0,0.0,0.0,0.0
KSV,2020-07-09,9.19,11.37,11.37,11.37,0,9.44,9.33,9.27,20.4703,21.8561,22.703,0.0,0.0,0.0
KSV,2020-07-10,9.19,11.37,11.37,11.37,0,9.65,9.44,9.31,17.7912,20.4703,22.1371,0.0,0.0,0.0
KSV,2020-07-13,9.19,11.37,11.37,11.37,0,9.87,9.55,9.35,15.2286,19.1157,21.5764,0.0,0.0,0.0
KSV,2020-07-14,9.19,11.37,11.37,11.37,0,10.08,9.65,9.4,12.7752,17.7912,21.0209,0.0,0.0,0.0
KSV,2020-07-15,9.19,11.37,11.37,11.37,0,10.3,9.76,9.44,10.424,16.4958,20.4703,0.0,0.0,0.0
KSV,2020-07-16,9.19,11.37,11.37,11.37,0,10.51,9.87,9.48,8.1689,15.2286,19.9248,0.0,0.0,0.0
KSV,2020-07-17,9.19,11.37,11.37,11.37,0,10.73,9.98,9.53,6.0041,13.9887,19.3842,0.0,0.0,0.0
KSV,2020-07-20,9.19,11.37,11.37,11.37,0,10.94,10.08,9.57,3.9242,12.7752,18.8484,0.0,0.0,0.0
KSV,2020-07-21,9.19,11.37,11.37,11.37,0,11.16,10.19,9.61,1.9243,11.5872,18.3175,0.0,0.0,0.0
KSV,2020-07-22,9.19,11.37,11.37,11.37,0,11.37,10.3,9.65,0.0,10.424,17.7912,0.0,0.0,0.0
KSV,2020-07-23,9.19,11.37,11.37,11.37,0,11.37,10.41,9.7,0.0,9.2848,17.2696,0.0,0.0,0.0
KSV,2020-07-24,9.19,11.37,11.37,11.37,0,11.37,10.51,9.74,0.0,8.1689,16.7526,0.0,0.0,0.0
KSV,2020-07-27,9.22,11.64,11.64,11.64,0,11.4,10.63,9.79,2.1232,9.4689,18.9234,0.0,0.0,0.0
KSV,2020-07-28,9.22,11.64,11.64,11.64,0,11.43,10.75,9.84,1.8828,8.2394,18.3393,0.0,0.0,0.0
KSV,2020-07-29,9.22,11.64,11.64,11.64,0,11.45,10.88,9.89,1.6436,7.0371,17.7609,0.0,0.0,0.0
KSV,2020-07-30,9.22,11.64,11.64,11.64,0,11.48,11.0,9.93,1.4055,5.8613,17.188,0.0,0.0,0.0
KSV,2020-07-31,9.22,11.64,11.64,11.64,0,11.51,11.12,9.98,1.1685,4.7111,16.6208,0.0,0.0,0.0
KSV,2020-08-03,9.22,11.64,11.64,11.64,0,11.53,11.24,10.03,0.9326,3.5855,16.059,0.0,0.0,0.0
KSV,2020-08-04,9.22,11.64,11.64,11.64,0,11.56,11.36,10.08,0.6978,2.4839,15.5025,0.0,0.0,0.0
KSV,2020-08-05,9.22,11.64,11.64,11.64,0,11.59,11.48,10.13,0.4641,1.4055,14.9514,0.0,0.0,0.0
KSV,2020-08-06,9.22,11.64,11.64,11.64,0,11.61,11.49,10.18,0.2315,1.2869,14.4056,0.0,0.0,0.0
KSV,2020-08-07,8.95,8.95,8.95,8.95,100,11.37,11.37,10.17,-21.2599,-21.259,-11.949,0.0,0.0,0.0
KSV,2020-08-10,8.95,8.95,8.95,8.95,0,11.1,11.25,10.16,-19.3549,-20.413,-11.9021,0.0,0.0,0.0
KSV,2020-08-11,8.95,8.95,8.95,8.95,0,10.84,11.13,10.16,-17.3554,-19.5487,-11.8552,0.0,0.0,0.0
KSV,2020-08-12,8.95,8.95,8.95,8.95,0,10.57,11.01,10.15,-15.2543,-18.6655,-11.8083,0.0,0.0,0.0
KSV,2020-08-13,8.95,8.95,8.95,8.95,0,10.3,10.89,10.15,-13.0435,-17.7626,-11.7613,0.0,0.0,0.0
KSV,2020-08-14,8.95,8.95,8.95,8.95,0,10.03,10.77,10.14,-10.7143,-16.8394,-11.7142,0.0,0.0,0.0
KSV,2020-08-17,8.95,8.95,8.95,8.95,0,9.76,10.65,10.14,-8.2569,-15.8953,-11.6671,0.0,0.0,0.0
KSV,2020-08-18,8.95,8.95,8.95,8.95,0,9.49,10.53,10.13,-5.6604,-14.9295,-11.62,0.0,0.0,0.0
KSV,2020-08-19,8.95,8.95,8.95,8.95,0,9.22,10.41,10.13,-2.9126,-13.9413,-11.5727,0.0,0.0,0.0
KSV,2020-08-20,8.95,8.95,8.95,8.95,0,8.95,10.28,10.12,0.0,-12.9298,-11.5255,0.0,0.0,0.0
KSV,2020-08-21,8.95,8.95,8.95,8.95,0,8.95,10.16,10.12,0.0,-11.8943,-11.4782,0.0,0.0,0.0
KSV,2020-08-24,8.95,8.95,8.95,8.95,0,8.95,10.03,10.11,0.0,-10.7143,-11.4308,0.0,0.0,0.0
KSV,2020-08-25,8.06,8.06,8.06,8.06,1000,8.87,9.85,10.09,-9.0909,-18.1818,-20.1034,0.0005,0.0004,0.0001
KSV,2020-08-26,6.98,6.98,6.98,6.98,200,8.67,9.62,10.04,-19.4215,-27.3743,-30.4474,0.0,0.0,0.0001
KSV,2020-08-27,6.98,6.98,6.98,6.98,0,8.47,9.38,10.0,-17.5476,-25.5725,-30.1356,0.0,0.0,0.0001
KSV,2020-08-28,6.98,6.98,6.98,6.98,0,8.27,9.15,9.95,-15.5844,-23.6791,-29.8211,0.0,0.0,0.0001
KSV,2020-08-31,6.98,6.98,6.98,6.98,0,8.08,8.92,9.91,-13.5255,-21.6868,-29.5037,0.0,0.0,0.0001
KSV,2020-09-01,6.98,6.98,6.98,6.98,0,7.88,8.69,9.86,-11.3636,-19.5876,-29.1834,0.0,0.0,0.0001
KSV,2020-09-03,7.52,7.52,7.52,7.52,500,7.74,8.48,9.83,-2.7778,-11.2988,-23.4717,-0.0003,-0.0002,0.0001
KSV,2020-09-04,8.51,8.51,8.51,8.51,200,7.69,8.32,9.81,10.5937,2.2055,-13.3235,0.0,0.0,0.0001
KSV,2020-09-07,8.51,8.51,8.51,8.51,0,7.65,8.3,9.8,11.2412,2.4811,-13.1964,0.0,0.0,0.0001
KSV,2020-09-08,8.51,8.51,8.51,8.51,0,7.6,8.28,9.79,11.8964,2.7583,-13.069,0.0,0.0,0.0001
KSV,2020-09-09,8.51,8.51,8.51,8.51,0,7.65,8.26,9.77,11.2412,3.0369,-12.9412,0.0,0.0,0.0
KSV,2020-09-10,8.51,8.51,8.51,8.51,0,7.8,8.23,9.76,9.07,3.317,-12.8131,0.0,0.0,0.0
KSV,2020-09-11,8.51,8.51,8.51,8.51,0,7.95,8.21,9.74,6.982,3.5987,-12.6845,0.0,0.0,0.0
KSV,2020-09-14,8.51,8.51,8.51,8.51,0,8.1,8.19,9.73,4.9724,3.8819,-12.5556,0.0,0.0,0.0
KSV,2020-09-15,8.51,8.51,8.51,8.51,0,8.26,8.17,9.71,3.0369,4.1667,-12.4263,0.0,0.0,0.0
KSV,2020-09-16,8.51,8.51,8.51,8.51,0,8.41,8.14,9.7,1.1715,4.453,-12.2966,0.0,0.0,0.0
KSV,2020-09-17,8.51,8.51,8.51,8.51,0,8.51,8.12,9.69,0.0,4.7409,-12.1666,0.0,0.0,0.0
KSV,2020-09-18,8.51,8.51,8.51,8.51,0,8.51,8.1,9.63,0.0,5.0304,-11.6438,0.0,0.0,0.0
KSV,2020-09-21,8.51,8.51,8.51,8.51,0,8.51,8.08,9.57,0.0,5.3215,-11.1148,0.0,0.0,0.0
KSV,2020-09-22,8.51,8.51,8.51,8.51,0,8.51,8.05,9.51,0.0,5.6142,-10.5794,0.0,0.0,0.0
KSV,2020-09-23,8.51,8.51,8.51,8.51,0,8.51,8.08,9.46,0.0,5.3215,-10.0375,0.0,0.0,0.0
KSV,2020-09-24,8.51,8.51,8.51,8.51,0,8.51,8.15,9.4,0.0,4.3383,-9.489,0.0,0.0,0.0
KSV,2020-09-25,8.51,8.51,8.51,8.51,0,8.51,8.23,9.34,0.0,3.3732,-8.9337,0.0,0.0,0.0
KSV,2020-09-28,8.51,8.51,8.51,8.51,0,8.51,8.31,9.28,0.0,2.4259,-8.3717,0.0,0.0,0.0
KSV,2020-09-29,8.51,8.51,8.51,8.51,0,8.51,8.38,9.23,0.0,1.4957,-7.8026,0.0,0.0,0.0
KSV,2020-09-30,8.51,8.51,8.51,8.51,0,8.51,8.46,9.17,0.0,0.5823,-7.2264,0.0,0.0,0.0
KSV,2020-10-01,8.51,8.51,8.51,8.51,0,8.51,8.51,9.11,0.0,0.0,-6.643,0.0,0.0,0.0
KSV,2020-10-02,8.51,8.51,8.51,8.51,0,8.51,8.51,9.05,0.0,0.0,-6.0522,0.0,0.0,0.0
KSV,2020-10-05,8.51,8.51,8.51,8.51,0,8.51,8.51,9.0,0.0,0.0,-5.4538,0.0,0.0,0.0
KSV,2020-10-06,8.51,8.51,8.51,8.51,0,8.51,8.51,8.93,0.0,0.0,-4.7905,0.0,0.0,0.0
KSV,2020-10-07,8.51,8.51,8.51,8.51,0,8.51,8.51,8.87,0.0,0.0,-4.1179,0.0,0.0,0.0
KSV,2020-10-08,8.51,8.51,8.51,8.51,0,8.51,8.51,8.81,0.0,0.0,-3.4357,0.0,0.0,0.0
KSV,2020-10-09,8.51,8.51,8.51,8.51,0,8.51,8.51,8.75,0.0,0.0,-2.7437,0.0,0.0,0.0
KSV,2020-10-12,8.51,8.51,8.51,8.51,0,8.51,8.51,8.68,0.0,0.0,-2.0417,0.0,0.0,0.0
KSV,2020-10-13,8.51,8.51,8.51,8.51,0,8.51,8.51,8.62,0.0,0.0,-1.3295,0.0,0.0,0.0
KSV,2020-10-14,8.51,8.51,8.51,8.51,0,8.51,8.51,8.56,0.0,0.0,-0.6068,0.0,0.0,0.0
KSV,2020-10-15,8.51,8.51,8.51,8.51,0,8.51,8.51,8.5,0.0,0.0,0.1265,0.0,0.0,0.0
KSV,2020-10-16,8.51,8.51,8.51,8.51,0,8.51,8.51,8.43,0.0,0.0,0.8707,0.0,0.0,0.0
KSV,2020-10-19,8.51,8.51,8.51,8.51,0,8.51,8.51,8.42,0.0,0.0,0.9779,0.0,0.0,0.0
KSV,2020-10-20,8.51,8.51,8.51,8.51,0,8.51,8.51,8.42,0.0,0.0,1.0853,0.0,0.0,0.0
KSV,2020-10-21,8.51,8.51,8.51,8.51,0,8.51,8.51,8.41,0.0,0.0,1.193,0.0,0.0,0.0
KSV,2020-10-22,8.51,8.51,8.51,8.51,0,8.51,8.51,8.4,0.0,0.0,1.3009,0.0,0.0,0.0
KSV,2020-10-23,8.51,8.51,8.51,8.51,0,8.51,8.51,8.39,0.0,0.0,1.4091,0.0,0.0,0.0
KSV,2020-10-26,8.51,8.51,8.51,8.51,0,8.51,8.51,8.38,0.0,0.0,1.5174,0.0,0.0,0.0
KSV,2020-10-27,8.51,8.51,8.51,8.51,0,8.51,8.51,8.37,0.0,0.0,1.626,0.0,0.0,0.0
KSV,2020-10-28,8.51,8.51,8.51,8.51,0,8.51,8.51,8.36,0.0,0.0,1.7348,0.0,0.0,0.0
KSV,2020-10-29,8.51,8.51,8.51,8.51,0,8.51,8.51,8.35,0.0,0.0,1.8439,0.0,0.0,0.0
KSV,2020-10-30,8.51,8.51,8.51,8.51,0,8.51,8.51,8.34,0.0,0.0,1.9532,0.0,0.0,0.0
KSV,2020-11-02,8.51,8.51,8.51,8.51,0,8.51,8.51,8.33,0.0,0.0,2.0627,0.0,0.0,0.0
KSV,2020-11-03,8.51,8.51,8.51,8.51,0,8.51,8.51,8.33,0.0,0.0,2.1725,0.0,0.0,0.0
KSV,2020-11-04,8.51,8.51,8.51,8.51,0,8.51,8.51,8.33,0.0,0.0,2.0627,0.0,0.0,0.0
KSV,2020-11-05,8.51,8.51,8.51,8.51,0,8.51,8.51,8.37,0.0,0.0,1.6913,0.0,0.0,0.0
KSV,2020-11-06,8.51,8.51,8.51,8.51,0,8.51,8.51,8.4,0.0,0.0,1.3225,0.0,0.0,0.0
KSV,2020-11-09,8.51,8.51,8.51,8.51,0,8.51,8.51,8.43,0.0,0.0,0.9564,0.0,0.0,0.0
KSV,2020-11-10,8.51,8.51,8.51,8.51,0,8.51,8.51,8.46,0.0,0.0,0.593,0.0,0.0,0.0
KSV,2020-11-11,8.51,8.51,8.51,8.51,0,8.51,8.51,8.49,0.0,0.0,0.2321,0.0,0.0,0.0
KSV,2020-11-12,8.51,8.51,8.51,8.51,0,8.51,8.51,8.51,0.0,0.0,0.0,0.0,0.0,0.0
KSV,2020-11-13,8.51,8.51,8.51,8.51,0,8.51,8.51,8.51,0.0,0.0,0.0,0.0,0.0,0.0
KSV,2020-11-16,8.51,8.51,8.51,8.51,0,8.51,8.51,8.51,0.0,0.0,0.0,0.0,0.0,0.0
KSV,2020-11-17,8.51,8.51,8.51,8.51,0,8.51,8.51,8.51,0.0,0.0,0.0,0.0,0.0,0.0
KSV,2020-11-18,8.51,8.51,8.51,8.51,0,8.51,8.51,8.51,0.0,0.0,0.0,0.0,0.0,0.0
KSV,2020-11-19,8.51,8.51,8.51,8.51,0,8.51,8.51,8.51,0.0,0.0,0.0,0.0,0.0,0.0
KSV,2020-11-20,8.51,8.51,8.51,8.51,0,8.51,8.51,8.51,0.0,0.0,0.0,0.0,0.0,0.0
KSV,2020-11-23,8.51,8.51,8.51,8.51,0,8.51,8.51,8.51,0.0,0.0,0.0,0.0,0.0,0.0
KSV,2020-11-24,8.51,8.51,8.51,8.51,0,8.51,8.51,8.51,0.0,0.0,0.0,0.0,0.0,0.0
KSV,2020-11-25,8.51,8.51,8.51,8.51,0,8.51,8.51,8.51,0.0,0.0,0.0,0.0,0.0,0.0
KSV,2020-11-26,8.51,8.51,8.51,8.51,0,8.51,8.51,8.51,0.0,0.0,0.0,0.0,0.0,0.0
KSV,2020-11-27,8.51,8.51,8.51,8.51,0,8.51,8.51,8.51,0.0,0.0,0.0,0.0,0.0,0.0
KSV,2020-11-30,8.51,8.51,8.51,8.51,0,8.51,8.51,8.51,0.0,0.0,0.0,0.0,0.0,0.0
KSV,2020-12-01,8.51,8.51,8.51,8.51,0,8.51,8.51,8.51,0.0,0.0,0.0,0.0,0.0,0.0
KSV,2020-12-02,8.51,8.51,8.51,8.51,0,8.51,8.51,8.51,0.0,0.0,0.0,0.0,0.0,0.0
KSV,2020-12-03,8.51,8.51,8.51,8.51,0,8.51,8.51,8.51,0.0,0.0,0.0,0.0,0.0,0.0
KSV,2020-12-04,8.51,8.51,8.51,8.51,0,8.51,8.51,8.51,0.0,0.0,0.0,0.0,0.0,0.0
KSV,2020-12-07,8.51,8.51,8.51,8.51,0,8.51,8.51,8.51,0.0,0.0,0.0,0.0,0.0,0.0
KSV,2020-12-08,8.51,8.51,8.51,8.51,0,8.51,8.51,8.51,0.0,0.0,0.0,0.0,0.0,0.0
KSV,2020-12-09,8.51,8.51,8.51,8.51,0,8.51,8.51,8.51,0.0,0.0,0.0,0.0,0.0,0.0
KSV,2020-12-10,8.51,8.51,8.51,8.51,0,8.51,8.51,8.51,0.0,0.0,0.0,0.0,0.0,0.0
KSV,2020-12-11,8.51,8.51,8.51,8.51,0,8.51,8.51,8.51,0.0,0.0,0.0,0.0,0.0,0.0
KSV,2020-12-14,8.51,8.51,8.51,8.51,0,8.51,8.51,8.51,0.0,0.0,0.0,0.0,0.0,0.0
KSV,2020-12-15,8.51,8.51,8.51,8.51,0,8.51,8.51,8.51,0.0,0.0,0.0,0.0,0.0,0.0
KSV,2020-12-16,8.51,8.51,8.51,8.51,0,8.51,8.51,8.51,0.0,0.0,0.0,0.0,0.0,0.0
KSV,2020-12-17,8.51,8.51,8.51,8.51,0,8.51,8.51,8.51,0.0,0.0,0.0,0.0,0.0,0.0
KSV,2020-12-18,8.51,8.51,8.51,8.51,0,8.51,8.51,8.51,0.0,0.0,0.0,0.0,0.0,0.0
KSV,2020-12-21,8.51,8.51,8.51,8.51,0,8.51,8.51,8.51,0.0,0.0,0.0,0.0,0.0,0.0
KSV,2020-12-22,8.51,8.51,8.51,8.51,0,8.51,8.51,8.51,0.0,0.0,0.0,0.0,0.0,0.0
KSV,2020-12-23,8.51,8.51,8.51,8.51,0,8.51,8.51,8.51,0.0,0.0,0.0,0.0,0.0,0.0
KSV,2020-12-24,8.51,8.51,8.51,8.51,0,8.51,8.51,8.51,0.0,0.0,0.0,0.0,0.0,0.0
KSV,2020-12-25,8.51,8.51,8.51,8.51,0,8.51,8.51,8.51,0.0,0.0,0.0,0.0,0.0,0.0
KSV,2020-12-28,8.51,8.51,8.51,8.51,0,8.51,8.51,8.51,0.0,0.0,0.0,0.0,0.0,0.0
KSV,2020-12-29,11.91,11.91,11.91,11.91,200,8.85,8.68,8.57,34.6154,37.255,38.889,0.0,0.0,0.0
KSV,2020-12-30,11.91,11.91,11.91,11.91,0,9.19,8.85,8.64,29.6297,34.6154,37.7953,0.0,0.0,0.0
KSV,2020-12-31,11.91,11.91,11.91,11.91,0,9.53,9.02,8.71,25.0,32.0755,36.7188,0.0,0.0,0.0
KSV,2021-01-04,11.91,11.91,11.91,11.91,0,9.87,9.19,8.78,20.6897,29.6297,35.659,0.0,0.0,0.0
KSV,2021-01-05,11.91,11.91,11.91,11.91,100,10.21,9.36,8.85,16.6667,27.2728,34.6154,0.0,0.0,0.0
KSV,2021-01-06,11.91,11.91,11.91,11.91,0,10.55,9.53,8.92,12.9032,25.0,33.5878,0.0,0.0,0.0
KSV,2021-01-07,11.91,11.91,11.91,11.91,0,10.89,9.7,8.98,9.375,22.8071,32.5758,0.0,0.0,0.0
KSV,2021-01-08,11.19,11.19,10.21,10.21,200,11.06,9.78,9.02,-7.6924,4.3478,13.2075,-0.0001,-0.0,0.0
KSV,2021-01-11,10.75,10.21,10.21,10.21,0,11.23,9.87,9.05,-9.091,3.4482,12.7819,0.0,0.0,0.0
KSV,2021-01-12,10.75,10.21,10.21,10.21,0,11.4,9.95,9.09,-10.4478,2.5641,12.3595,0.0,0.0,0.0
KSV,2021-01-13,9.13,9.31,9.13,9.31,2000,11.14,9.99,9.1,-16.3987,-6.81,2.3219,0.0005,0.0003,0.0001
KSV,2021-01-14,9.22,9.22,9.22,9.22,500,10.87,10.03,9.12,-15.1565,-8.0357,1.1788,0.0001,0.0001,0.0001
KSV,2021-01-15,9.22,9.22,8.51,8.51,5000,10.53,10.03,9.12,-19.2177,-15.1786,-6.6798,-0.0014,-0.0008,0.0002
KSV,2021-01-18,8.78,8.51,8.51,8.51,0,10.19,10.03,9.12,-16.5202,-15.1786,-6.6798,0.0,0.0,0.0002
KSV,2021-01-19,8.78,8.51,8.51,8.51,0,9.85,10.03,9.12,-13.6364,-15.1786,-6.6798,0.0,0.0,0.0002
KSV,2021-01-20,8.78,8.51,8.51,8.51,0,9.51,10.03,9.12,-10.5461,-15.1786,-6.6798,0.0,0.0,0.0002
KSV,2021-01-21,8.78,8.51,8.51,8.51,0,9.17,10.03,9.12,-7.2266,-15.1786,-6.6798,0.0,0.0,0.0002
KSV,2021-01-22,8.78,8.78,8.78,8.78,0,9.03,10.04,9.12,-2.7778,-12.617,-3.7895,0.0,0.0,0.0002
KSV,2021-01-25,8.78,8.51,8.51,8.51,0,8.86,10.04,9.12,-3.9434,-15.292,-6.7347,0.0,0.0,0.0002
KSV,2021-01-26,8.78,8.51,8.51,8.51,0,8.69,10.04,9.12,-2.0619,-15.292,-6.7347,0.0,0.0,0.0002
KSV,2021-01-27,8.95,8.95,8.95,8.95,8900,8.65,9.89,9.13,3.5196,-9.5023,-1.9224,0.0,0.0,0.0002
KSV,2021-01-28,8.95,8.95,8.95,8.95,0,8.62,9.75,9.14,3.8421,-8.1305,-2.0185,0.0,0.0,0.0001
KSV,2021-01-29,8.95,8.95,8.95,8.95,100,8.67,9.6,9.15,3.3058,-6.7164,-2.1144,0.0,0.0,0.0
KSV,2021-02-01,8.95,8.95,8.95,8.95,0,8.71,9.45,9.16,2.7749,-5.2582,-2.2101,0.0,0.0,0.0
KSV,2021-02-02,8.95,8.95,8.95,8.95,0,8.76,9.3,9.17,2.2495,-3.7536,-2.3056,0.0,0.0,0.0
KSV,2021-02-03,8.95,8.95,8.95,8.95,0,8.8,9.16,9.17,1.7294,-2.2005,-2.401,0.0,0.0,0.0
KSV,2021-02-04,8.95,8.95,8.95,8.95,0,8.85,9.01,9.18,1.2146,-0.5964,-2.4961,0.0,0.0,0.0
KSV,2021-02-05,8.95,8.95,8.95,8.95,0,8.87,8.95,9.19,1.0101,0.1001,-2.5911,0.0,0.0,0.0
KSV,2021-02-08,8.95,8.95,8.95,8.95,0,8.91,8.88,9.2,0.5025,0.8064,-2.6859,0.0,0.0,0.0
KSV,2021-02-09,8.95,8.95,8.95,8.95,0,8.95,8.82,9.21,0.0,1.5228,-2.7805,0.0,0.0,0.0
KSV,2021-02-17,8.95,10.3,8.95,9.13,5800,8.97,8.81,9.22,1.7965,3.6586,-0.9708,-0.001,-0.0006,0.0001
KSV,2021-02-18,10.3,10.3,10.3,10.3,100,9.11,8.87,9.26,13.0777,16.1616,11.2186,-0.0,-0.0,0.0001
KSV,2021-02-19,10.3,11.55,10.3,11.55,5300,9.37,9.02,9.32,23.327,28.1033,23.9431,0.0024,0.0017,0.0003
KSV,2021-02-22,11.19,11.19,11.19,11.19,5800,9.59,9.15,9.37,16.7133,22.3092,19.4115,-0.0023,-0.0016,0.0006
KSV,2021-02-23,12.09,12.81,12.09,12.81,11300,9.98,9.37,9.46,28.3663,36.7113,35.3654,0.0041,0.0034,0.001
KSV,2021-02-24,14.06,14.6,14.06,14.6,33000,10.54,9.67,9.58,38.4877,50.926,52.3365,0.011,0.011,0.0021
KSV,2021-02-25,16.75,16.75,16.75,16.75,13500,11.32,10.08,9.75,47.943,66.0746,71.8118,-0.0067,-0.0068,0.0028
KSV,2021-02-26,19.25,19.25,17.91,18.8,9300,12.3,10.58,9.95,52.8384,77.665,88.9509,0.0008,0.001,0.0028
KSV,2021-03-01,17.91,17.91,16.03,16.12,11500,13.02,10.96,10.1,23.7964,46.9988,59.5179,-0.0023,-0.0024,0.0031
KSV,2021-03-02,16.12,18.89,14.33,18.89,7700,14.01,11.48,10.31,34.8243,64.5225,83.2234,0.0029,0.0033,0.0034
KSV,2021-03-03,16.75,16.75,16.66,16.75,4500,14.78,11.87,10.48,13.3333,41.0256,59.829,0.0015,0.0018,0.0034
KSV,2021-03-04,17.91,18.8,17.91,18.8,6300,15.63,12.37,10.68,20.3438,52.0637,76.0268,0.002,0.0024,0.0036
KSV,2021-03-05,18.8,20.6,18.45,18.8,7500,16.35,12.86,10.89,15.0055,46.2396,72.6974,-0.0012,-0.0015,0.0035
KSV,2021-03-08,18.54,20.15,18.0,20.15,13300,17.25,13.42,11.12,16.8224,50.1502,81.1595,0.0039,0.0054,0.0036
KSV,2021-03-09,19.97,19.97,18.8,19.34,700,17.9,13.94,11.34,8.054,38.7729,70.5892,-0.0,-0.0,0.0032
KSV,2021-03-10,18.09,18.09,17.46,17.46,3400,18.19,14.36,11.52,-3.9882,21.5711,51.6094,-0.0012,-0.0014,0.0022
KSV,2021-03-11,17.28,17.28,17.01,17.01,800,18.21,14.77,11.69,-6.588,15.2213,45.5715,-0.0002,-0.0003,0.0016
KSV,2021-03-12,16.75,16.75,16.66,16.66,300,18.0,15.15,11.85,-7.4627,9.9291,40.5471,-0.0001,-0.0001,0.0015
KSV,2021-03-15,16.48,16.48,16.12,16.12,3900,18.0,15.51,12.0,-10.4478,3.9261,34.2883,-0.0012,-0.0013,0.0014
KSV,2021-03-16,16.12,17.91,16.12,17.91,700,17.9,15.96,12.19,0.05,12.2335,46.9076,0.0003,0.0003,0.0012
KSV,2021-03-17,17.91,17.91,17.91,17.91,100,18.02,16.4,12.31,-0.5964,9.2299,45.4757,0.0,0.0,0.001
KSV,2021-03-18,17.82,17.82,16.48,16.66,3600,17.8,16.71,12.41,-6.4386,-0.3482,34.2573,-0.0009,-0.0009,0.0009
KSV,2021-03-19,16.83,17.01,16.66,16.66,8400,17.59,16.97,12.5,-5.2953,-1.847,33.2379,-0.0025,-0.0024,0.001
KSV,2021-03-22,17.91,19.25,17.91,18.8,5200,17.45,17.35,12.64,7.7475,8.3871,48.7884,0.0006,0.0007,0.0007
KSV,2021-03-23,18.54,18.8,18.8,18.8,0,17.4,17.65,12.78,8.0803,6.5449,47.1825,0.0,0.0,0.0007
KSV,2021-03-24,17.91,18.36,17.01,18.36,7600,17.49,17.84,12.91,4.9667,2.9116,42.2426,0.0023,0.0026,0.0008
KSV,2021-03-25,17.64,18.36,18.36,18.36,0,17.62,17.92,13.03,4.1667,2.4488,40.8354,0.0,0.0,0.0008
KSV,2021-03-26,17.64,18.36,18.36,18.36,0,17.79,17.9,13.2,3.1706,2.5769,39.0962,0.0,0.0,0.0008
KSV,2021-03-29,15.22,17.01,15.22,17.01,500,17.88,17.94,13.33,-4.8573,-5.166,27.6024,0.0001,0.0002,0.0007
KSV,2021-03-30,16.57,16.57,16.57,16.57,900,17.75,17.82,13.46,-6.6599,-7.0585,23.0708,0.0,0.0,0.0006
KSV,2021-03-31,16.21,16.21,16.12,16.12,3200,17.57,17.79,13.6,-8.2569,-9.4112,18.5459,-0.0009,-0.001,0.0007
KSV,2021-04-01,16.12,17.91,16.12,17.91,10900,17.69,17.75,13.77,1.2146,0.9082,30.056,0.0025,0.0026,0.0009
KSV,2021-04-02,17.46,17.46,17.46,17.46,100,17.77,17.68,13.95,-1.7632,-1.2408,25.1766,0.0,0.0,0.0006
KSV,2021-04-05,17.01,17.91,17.01,17.01,6600,17.6,17.52,14.12,-3.3079,-2.9126,20.4972,-0.0021,-0.0023,0.0008
KSV,2021-04-06,19.7,19.7,19.25,19.61,3800,17.68,17.54,14.34,10.9422,11.8203,36.7383,0.0006,0.0008,0.0008
KSV,2021-04-07,19.61,22.39,16.75,17.91,8400,17.63,17.56,14.53,1.5744,1.9888,23.259,-0.0015,-0.0016,0.0008
KSV,2021-04-08,20.51,20.6,16.12,16.66,12500,17.46,17.54,14.69,-4.6154,-5.0536,13.3594,-0.0036,-0.004,0.0011
KSV,2021-04-09,19.52,19.52,16.21,19.43,3300,17.57,17.68,14.91,10.6014,9.9013,30.3617,0.0011,0.0013,0.0012
KSV,2021-04-12,18.98,18.98,16.21,17.91,1000,17.66,17.77,15.09,1.4199,0.7811,18.6521,0.0001,0.0001,0.0012
KSV,2021-04-13,19.7,19.7,16.39,18.36,3200,17.84,17.79,15.29,2.9116,3.1706,20.0515,0.0001,0.0001,0.0013
KSV,2021-04-14,21.4,21.4,18.36,18.36,1000,18.06,17.82,15.48,1.6361,3.041,18.5931,-0.0002,-0.0002,0.0012
KSV,2021-04-15,18.27,20.42,18.27,19.7,9000,18.24,17.97,15.69,8.002,9.6437,25.5278,0.0006,0.0007,0.001
KSV,2021-04-16,19.7,19.7,17.37,19.25,13200,18.42,18.1,15.9,4.5211,6.383,21.0858,0.003,0.0037,0.0013
KSV,2021-04-19,20.51,20.51,19.61,19.61,300,18.68,18.14,16.11,4.9856,8.1214,21.7072,-0.0001,-0.0001,0.0011
KSV,2021-04-20,17.28,19.25,17.28,18.8,3000,18.6,18.14,16.31,1.1074,3.6781,15.2959,0.0005,0.0005,0.0011
KSV,2021-04-22,18.0,18.8,18.8,18.8,0,18.69,18.16,16.51,0.6229,3.5503,13.9199,0.0,0.0,0.0009
KSV,2021-04-23,16.12,20.69,16.12,19.43,12600,18.97,18.21,16.72,2.4552,6.6863,16.2417,0.0011,0.0012,0.0007
KSV,2021-04-26,18.63,21.31,18.27,19.61,6900,18.98,18.28,16.93,3.3019,7.3003,15.8362,-0.0002,-0.0002,0.0006
KSV,2021-04-27,18.36,19.97,18.09,19.97,2300,19.19,18.42,17.15,4.0598,8.384,16.4369,0.0008,0.001,0.0007
KSV,2021-04-28,17.91,20.42,17.91,20.42,14700,19.4,18.62,17.38,5.2632,9.6681,17.4773,0.0061,0.0066,0.0013
KSV,2021-04-29,20.6,20.6,20.6,20.6,2300,19.62,18.84,17.61,4.9749,9.3156,16.965,-0.0007,-0.0007,0.0013
KSV,2021-05-04,18.98,22.3,18.98,22.3,1600,19.88,19.06,17.85,12.1621,16.9838,24.9247,0.0004,0.0004,0.0013
KSV,2021-05-05,20.6,21.85,20.6,20.6,2700,20.01,19.22,18.03,2.9083,7.1761,14.2346,-0.0008,-0.0009,0.0011
KSV,2021-05-06,20.69,23.73,20.69,23.73,12600,20.43,19.55,18.28,16.1771,21.3648,29.8129,0.0036,0.0046,0.0014
KSV,2021-05-07,25.7,25.7,25.61,25.7,26600,21.12,19.86,18.54,21.7133,29.425,38.634,0.0071,0.0093,0.0021
KSV,2021-05-10,29.55,29.55,29.55,29.55,2100,22.19,20.44,18.84,33.1719,44.5783,56.8739,-0.0005,-0.0008,0.0021
KSV,2021-05-11,31.34,33.94,31.34,33.94,42900,23.64,21.3,19.18,43.5606,59.3106,76.9374,0.0107,0.018,0.0031
KSV,2021-05-12,33.13,34.03,28.74,30.18,11200,24.7,21.84,19.41,22.19,38.1714,55.4858,-0.0011,-0.0017,0.0032
KSV,2021-05-13,30.18,30.18,30.18,30.18,100,25.72,22.45,19.69,17.3398,34.3968,53.2654,0.0,0.0,0.0031
KSV,2021-05-14,28.3,28.65,25.88,26.33,8100,26.31,22.85,19.84,0.0681,15.2037,32.7074,-0.0016,-0.0023,0.0027
KSV,2021-05-17,23.46,25.52,23.46,25.52,21600,26.8,23.21,20.01,-4.7778,9.9537,27.5168,0.0056,0.0075,0.0031
KSV,2021-05-18,24.36,27.94,24.36,27.76,13400,27.35,23.61,20.19,1.5062,17.5578,37.4723,0.0036,0.0049,0.0035
KSV,2021-05-19,24.89,27.76,24.89,27.76,1700,28.06,24.04,20.37,-1.0849,15.4778,36.2638,0.0004,0.0006,0.0034
KSV,2021-05-20,23.73,25.97,23.73,25.97,4000,28.29,24.36,20.49,-8.1988,6.6177,26.7483,0.0009,0.0012,0.0032
KSV,2021-05-21,25.52,26.86,25.52,26.86,4900,28.4,24.76,20.64,-5.4225,8.4991,30.1631,0.0014,0.0017,0.0026
KSV,2021-05-24,25.88,27.04,25.88,26.86,27200,28.14,25.16,20.83,-4.5194,6.7616,28.9879,0.0056,0.0074,0.0031
KSV,2021-05-25,26.86,29.55,25.61,28.21,20600,27.56,25.6,21.05,2.3392,10.1784,33.9969,0.0019,0.0029,0.0022
KSV,2021-05-26,26.95,28.12,26.86,27.76,5500,27.32,26.01,21.27,1.606,6.7309,30.4934,0.0007,0.001,0.0022
KSV,2021-05-27,28.12,28.12,26.6,26.86,7800,26.99,26.35,21.49,-0.4645,1.9368,25.0208,-0.0017,-0.0023,0.0023
KSV,2021-05-28,26.95,27.76,26.86,26.86,10300,27.04,26.68,21.67,-0.6623,0.7049,23.9874,-0.0021,-0.0026,0.0024
KSV,2021-05-31,26.42,30.98,26.42,27.67,4800,27.26,27.03,21.86,1.5112,2.3687,26.5667,-0.0004,-0.0005,0.0018
KSV,2021-06-01,27.76,27.76,26.86,27.31,16702,27.21,27.28,22.07,0.3619,0.1149,23.7222,-0.0,-0.0,0.0015
KSV,2021-06-02,26.42,27.22,26.42,27.22,26100,27.16,27.61,22.29,0.2308,-1.4107,22.1472,0.0055,0.0075,0.002
KSV,2021-06-03,26.86,30.89,26.86,27.58,3900,27.32,27.8,22.46,0.9505,-0.8052,22.7874,-0.0004,-0.0007,0.002
KSV,2021-06-04,26.86,27.58,26.86,27.31,12300,27.37,27.88,22.63,-0.1963,-2.0552,20.6774,0.0006,0.0007,0.0019
KSV,2021-06-07,27.31,30.98,26.86,26.86,13200,27.37,27.75,22.8,-1.8325,-3.1946,17.8134,-0.0031,-0.0043,0.0016
KSV,2021-06-08,30.98,30.98,26.06,27.76,7600,27.32,27.44,22.99,1.606,1.1584,20.7447,-0.0003,-0.0004,0.0015
KSV,2021-06-09,26.42,27.76,25.97,27.76,9800,27.32,27.32,23.18,1.606,1.606,19.7651,0.0022,0.0032,0.0016
KSV,2021-06-10,27.76,28.65,27.22,28.65,6100,27.5,27.24,23.41,4.2006,5.1767,22.399,0.0013,0.0019,0.0016
KSV,2021-06-11,27.94,30.0,27.76,30.0,13500,27.81,27.43,23.68,7.8558,9.3699,26.6828,0.003,0.0041,0.0017
KSV,2021-06-14,28.65,28.83,28.65,28.83,14600,27.93,27.59,23.93,3.2382,4.4946,20.4729,0.0044,0.0065,0.0021
KSV,2021-06-15,28.65,33.04,28.65,32.15,14200,28.41,27.81,24.22,13.1421,15.5827,32.7368,0.002,0.0031,0.0023
KSV,2021-06-16,30.45,30.45,29.64,30.45,14600,28.74,27.95,24.48,5.952,8.9394,24.3781,0.0033,0.005,0.0021
KSV,2021-06-17,29.73,33.94,28.83,33.94,22400,29.37,28.35,24.82,15.5488,19.7283,36.754,0.0052,0.009,0.0025
KSV,2021-06-18,30.45,32.24,30.45,31.34,12800,29.77,28.57,25.05,5.2631,9.7007,25.1072,-0.0,-0.0,0.0025
KSV,2021-06-21,35.82,35.82,29.55,31.34,15600,30.22,28.79,25.32,3.7037,8.8478,23.7799,-0.002,-0.0029,0.0024
KSV,2021-06-22,30.27,31.34,28.21,31.34,25400,30.58,28.95,25.61,2.489,8.2586,22.3605,0.0068,0.0109,0.003
KSV,2021-06-23,29.55,30.89,29.55,30.45,6600,30.85,29.08,25.83,-1.3062,4.6798,17.851,0.0007,0.001,0.0029
KSV,2021-06-24,32.24,32.24,29.55,30.45,10300,31.03,29.26,26.08,-1.8759,4.0392,16.7182,-0.0012,-0.0017,0.0028
KSV,2021-06-25,32.24,32.24,29.55,31.34,31700,31.16,29.49,26.34,0.5747,6.2861,18.9667,0.0028,0.0041,0.0028
KSV,2021-06-28,31.34,31.34,28.65,30.0,18200,31.28,29.6,26.58,-4.0939,1.3309,12.8706,0.0,0.0,0.0024
KSV,2021-06-29,29.37,30.45,28.65,29.55,8200,31.02,29.72,26.77,-4.7344,-0.5575,10.3679,-0.0,-0.0,0.0022
KSV,2021-06-30,29.1,29.55,29.1,29.19,13000,30.89,29.81,26.97,-5.5072,-2.0874,8.2266,-0.002,-0.0028,0.0021
KSV,2021-07-01,29.46,29.46,28.83,29.37,6500,30.44,29.9,27.17,-3.501,-1.7817,8.1081,0.001,0.0014,0.0016
KSV,2021-07-02,29.1,29.1,28.65,28.83,14500,30.19,29.98,27.37,-4.4794,-3.8232,5.3527,-0.0008,-0.0011,0.0017
KSV,2021-07-05,28.65,30.89,28.65,28.83,11500,29.94,30.08,27.57,-3.6793,-4.1381,4.5862,-0.0021,-0.0027,0.0017
KSV,2021-07-06,30.45,31.34,28.65,28.65,4600,29.67,30.12,27.75,-3.4108,-4.8751,3.2458,-0.0006,-0.0008,0.0011
KSV,2021-07-07,27.76,29.1,27.76,29.1,28700,29.53,30.19,27.94,-1.4554,-3.6037,4.1466,0.0056,0.0066,0.0016
KSV,2021-07-08,28.21,29.1,28.21,29.1,3100,29.4,30.21,28.13,-1.0052,-3.6752,3.4702,0.0011,0.0014,0.0016
KSV,2021-07-09,28.65,28.65,28.65,28.65,4400,29.13,30.15,28.29,-1.6293,-4.9458,1.2851,0.0,0.0,0.0013
KSV,2021-07-12,27.76,27.76,26.86,27.76,12900,28.91,30.09,28.43,-3.9653,-7.7518,-2.3745,0.0022,0.0034,0.0015
KSV,2021-07-13,29.37,29.37,27.31,27.94,2300,28.74,29.88,28.55,-2.8037,-6.5028,-2.133,-0.0003,-0.0005,0.0016
KSV,2021-07-14,26.86,27.76,26.86,27.76,4400,28.6,29.75,28.69,-2.943,-6.6827,-3.2459,0.0019,0.0027,0.0016
KSV,2021-07-15,27.31,28.21,27.31,28.21,5700,28.48,29.46,28.78,-0.9745,-4.2553,-1.9913,0.002,0.0026,0.0016
KSV,2021-07-16,27.76,28.65,26.86,28.65,8700,28.47,29.33,28.84,0.6606,-2.2901,-0.6396,0.0034,0.0046,0.0019
KSV,2021-07-19,26.86,29.1,26.86,27.76,1400,28.36,29.15,28.8,-2.1156,-4.7619,-3.6249,-0.0001,-0.0001,0.0017
KSV,2021-07-20,28.65,28.65,26.86,27.76,5000,28.27,28.97,28.68,-1.8055,-4.1731,-3.2097,0.0,0.0,0.0017
KSV,2021-07-21,27.67,28.65,27.4,27.4,1600,28.1,28.82,28.62,-2.4857,-4.9099,-4.2733,-0.0007,-0.0009,0.0012
KSV,2021-07-22,28.12,28.12,27.76,28.03,10200,27.99,28.7,28.58,0.1279,-2.3249,-1.9362,0.0017,0.0024,0.0012
KSV,2021-07-23,27.76,28.03,28.03,28.03,0,27.93,28.53,28.62,0.3527,-1.7577,-2.0528,0.0,0.0,0.0012
KSV,2021-07-26,27.76,28.21,27.76,28.21,4200,27.97,28.44,28.67,0.8323,-0.8186,-1.6117,0.002,0.0025,0.0012
KSV,2021-07-27,28.21,29.55,27.76,28.65,33200,28.05,28.4,28.69,2.1711,0.9145,-0.1124,0.0,0.0,0.0012
KSV,2021-07-28,28.3,30.0,28.21,30.0,19200,28.27,28.44,28.73,6.1134,5.4952,4.4069,0.0111,0.017,0.0021
KSV,2021-07-29,31.34,31.43,29.73,30.18,26710,28.47,28.48,28.82,6.0082,5.9748,4.7234,-0.0044,-0.0066,0.0023
KSV,2021-07-30,30.0,30.27,29.55,30.0,12800,28.6,28.53,28.88,4.8842,5.131,3.876,0.001,0.0015,0.0021
KSV,2021-08-02,29.55,30.0,29.55,30.0,8000,28.82,28.59,28.94,4.0696,4.917,3.651,0.003,0.0042,0.0024
KSV,2021-08-03,29.55,30.18,29.55,30.0,10200,29.05,28.66,28.98,3.2676,4.6712,3.5229,0.0011,0.0015,0.0025
KSV,2021-08-04,30.45,30.89,30.09,30.8,13388,29.39,28.74,29.04,4.8141,7.1651,6.0811,0.0037,0.0051,0.0028
KSV,2021-08-05,30.89,31.34,30.89,31.16,19100,29.7,28.85,29.12,4.9141,8.0242,6.9979,0.0009,0.0014,0.0027
KSV,2021-08-06,31.16,35.91,31.16,34.48,77600,30.35,29.14,29.28,13.6028,18.3159,17.7586,0.0072,0.0109,0.0034
KSV,2021-08-09,34.03,34.92,33.22,34.92,16100,31.02,29.5,29.42,12.5866,18.3971,18.6998,0.0033,0.0053,0.0036
KSV,2021-08-10,33.22,33.58,33.13,33.31,14400,31.48,29.77,29.54,5.802,11.9133,12.7614,-0.0007,-0.0011,0.0037
KSV,2021-08-11,33.22,34.83,32.86,34.39,14600,31.92,30.1,29.68,7.7139,14.2517,15.8371,0.0014,0.0023,0.0027
KSV,2021-08-12,33.58,33.58,32.95,33.58,8500,32.26,30.37,29.8,4.0799,10.5868,12.6667,0.0017,0.0027,0.0024
KSV,2021-08-13,33.58,34.03,30.89,32.86,39400,32.55,30.58,29.92,0.9629,7.4828,9.8539,0.0019,0.0029,0.0025
KSV,2021-08-16,31.79,33.04,31.79,32.95,13300,32.85,30.84,30.04,0.3272,6.868,9.7067,0.0021,0.0033,0.0024
KSV,2021-08-17,32.51,32.68,31.88,32.68,5410,33.11,31.08,30.14,-1.298,5.157,8.4566,0.0013,0.0017,0.0024
KSV,2021-08-18,31.52,33.13,31.34,32.95,9100,33.33,31.36,30.24,-1.1284,5.0828,8.9725,0.0027,0.004,0.0023
KSV,2021-08-19,33.13,33.13,31.79,32.24,2400,33.44,31.57,30.31,-3.5886,2.1132,6.3516,-0.0002,-0.0003,0.0023
KSV,2021-08-20,31.61,32.15,30.89,32.06,31000,33.19,31.77,30.35,-3.426,0.9019,5.6172,0.0041,0.0063,0.0019
KSV,2021-08-23,32.06,32.24,31.34,32.15,8600,32.92,31.97,30.42,-2.3395,0.5602,5.6815,0.001,0.0015,0.0017
KSV,2021-08-24,32.7,34.16,31.42,33.7,13600,32.96,32.22,30.45,2.2619,4.5975,10.6789,0.0024,0.0042,0.0019
KSV,2021-08-25,34.16,34.16,32.43,33.52,2400,32.87,32.4,30.51,1.9771,3.4666,9.8588,0.0002,0.0003,0.0018
KSV,2021-08-26,33.7,33.7,32.34,33.43,12300,32.85,32.56,30.5,1.7469,2.6703,9.5969,0.0025,0.0039,0.0018
KSV,2021-08-27,31.88,33.25,31.88,33.25,9000,32.89,32.72,30.54,1.0747,1.6039,8.8637,0.0016,0.0024,0.0018
KSV,2021-08-30,33.25,37.44,33.25,35.8,35398,33.18,33.01,30.63,7.8956,8.4374,16.8738,0.0018,0.0028,0.0018
KSV,2021-08-31,36.43,37.25,35.98,36.89,29100,33.6,33.36,30.74,9.7984,10.594,20.0077,0.0035,0.0059,0.002
KSV,2021-09-01,36.34,37.53,36.34,37.25,17900,34.03,33.68,30.88,9.4813,10.6168,20.6585,0.0024,0.0043,0.002
KSV,2021-09-06,35.52,41.08,35.52,38.26,12000,34.63,34.03,31.03,10.4716,12.408,23.2799,-0.0,-0.0001,0.0019
KSV,2021-09-07,37.8,38.07,36.53,37.8,10800,35.2,34.2,31.16,7.3757,10.5298,21.3073,0.0013,0.0024,0.0017
KSV,2021-09-08,36.98,37.35,36.53,37.35,7000,35.72,34.32,31.31,4.5385,8.8128,19.2832,0.0022,0.0036,0.0018
KSV,2021-09-09,36.53,36.89,35.98,36.89,2850,36.04,34.5,31.45,2.3503,6.9284,17.2787,0.0008,0.0015,0.0016
KSV,2021-09-10,36.25,36.43,35.98,36.16,6000,36.31,34.59,31.59,-0.4014,4.5473,14.4549,-0.0004,-0.0006,0.0017
KSV,2021-09-13,36.16,36.16,35.52,36.07,6900,36.57,34.71,31.73,-1.3699,3.9099,13.6845,0.0009,0.0016,0.0015
KSV,2021-09-14,36.07,36.43,35.52,35.8,11600,36.83,34.86,31.87,-2.795,2.6888,12.3303,-0.001,-0.0019,0.0014
KSV,2021-09-15,35.8,39.17,35.8,36.98,20800,36.94,35.06,32.03,0.0986,5.4763,15.4557,-0.0015,-0.0027,0.0014
KSV,2021-09-16,37.07,42.63,37.07,42.63,94500,37.52,35.56,32.31,13.6198,19.8835,31.9357,0.0301,0.0515,0.0041
KSV,2021-09-17,47.18,47.27,42.72,44.36,48000,38.23,36.13,32.61,16.0353,22.7814,36.0077,-0.0032,-0.0061,0.0041
KSV,2021-09-20,44.54,44.63,42.81,44.45,17900,38.85,36.74,32.92,14.4197,20.9885,35.0163,0.0027,0.0059,0.0044
KSV,2021-09-21,40.99,42.63,40.99,41.72,59000,39.24,37.22,33.18,6.3138,12.0773,25.7185,-0.0016,-0.0032,0.0045
KSV,2021-09-22,42.81,45.54,40.99,45.54,93000,40.06,37.89,33.54,13.688,20.1923,35.7918,0.0225,0.0568,0.0065
KSV,2021-09-23,47.36,47.36,45.54,46.45,29300,41.02,38.53,33.91,13.2578,20.5674,36.995,0.0,0.0,0.0064
KSV,2021-09-24,45.54,46.0,43.36,45.36,7800,41.94,39.12,34.26,8.1668,15.9488,32.3972,0.0012,0.0028,0.0065
KSV,2021-09-27,44.63,44.63,41.99,42.63,27700,42.59,39.58,34.55,0.0855,7.6976,23.3828,-0.0023,-0.005,0.0066
KSV,2021-09-28,41.17,43.63,41.08,43.63,14500,43.38,40.1,34.85,0.588,8.8018,25.1975,0.0033,0.0068,0.0068
KSV,2021-09-29,41.9,43.63,41.72,43.27,2800,44.0,40.47,35.16,-1.6767,6.8977,23.0569,0.0006,0.0014,0.0068
KSV,2021-09-30,42.81,43.63,42.26,43.63,9100,44.1,40.81,35.48,-1.0739,6.9077,22.9828,0.0039,0.0074,0.0041
KSV,2021-10-01,44.36,44.36,41.54,43.45,13600,44.01,41.12,35.8,-1.2831,5.6595,21.3714,0.0013,0.0026,0.004
KSV,2021-10-04,42.99,45.09,42.99,43.72,16300,43.94,41.39,36.11,-0.4975,5.6222,21.0732,-0.0013,-0.0024,0.0038
KSV,2021-10-05,43.72,44.54,43.27,43.27,13100,44.09,41.67,36.42,-1.8798,3.8365,18.8093,-0.0037,-0.0075,0.004
KSV,2021-10-06,43.63,43.72,42.9,43.54,15500,43.89,41.98,36.72,-0.8093,3.7214,18.5614,0.0026,0.0053,0.002
KSV,2021-10-07,43.27,43.36,42.35,43.08,25800,43.56,42.29,37.01,-1.0874,1.8848,16.4065,0.0031,0.0063,0.0023
KSV,2021-10-08,42.81,43.36,42.45,43.36,13700,43.36,42.65,37.28,-0.0,1.6659,16.3052,0.0045,0.0092,0.0027
KSV,2021-10-11,43.27,43.36,42.45,42.99,9900,43.39,42.99,37.53,-0.9236,-0.0,14.5403,0.0004,0.0009,0.0025
KSV,2021-10-12,42.81,42.9,42.45,42.63,13500,43.29,43.33,37.79,-1.5359,-1.629,12.8105,-0.0008,-0.0016,0.0022
KSV,2021-10-13,42.54,42.81,42.35,42.72,17000,43.24,43.62,38.04,-1.2008,-2.0672,12.2954,0.0032,0.0058,0.0025
KSV,2021-10-14,44.18,44.63,43.63,44.54,44700,43.33,43.72,38.33,2.7959,1.8856,16.1957,0.0103,0.0202,0.0031
KSV,2021-10-15,44.63,46.45,44.63,45.73,49200,43.56,43.78,38.63,4.977,4.431,18.3633,0.0034,0.0076,0.0033
KSV,2021-10-18,46.0,52.65,46.0,51.83,47500,44.37,44.15,39.04,16.8138,17.3801,32.7406,0.0091,0.0226,0.0041
KSV,2021-10-19,51.01,53.74,51.01,51.92,61900,45.23,44.66,39.39,14.7805,16.2435,31.7963,-0.0069,-0.0155,0.0044
KSV,2021-10-20,50.1,52.83,50.1,51.37,35800,46.02,44.96,39.72,11.639,14.2741,29.3289,-0.0008,-0.0022,0.0043
KSV,2021-10-21,51.92,51.92,49.19,50.1,19200,46.72,45.14,40.06,7.2334,10.9878,25.0616,-0.0017,-0.0037,0.0041
KSV,2021-10-22,48.37,50.46,48.37,50.37,13500,47.42,45.39,40.38,6.2236,10.9773,24.7482,0.0032,0.0073,0.004
KSV,2021-10-25,51.01,51.01,49.73,49.82,11100,48.1,45.75,40.7,3.5789,8.9099,22.4098,-0.0017,-0.0037,0.0041
KSV,2021-10-26,50.1,50.55,49.19,50.55,10700,48.89,46.09,41.06,3.3905,9.673,23.1298,0.0025,0.0057,0.0043
KSV,2021-10-27,51.01,51.92,50.55,51.83,25400,49.81,46.52,41.43,4.06,11.4048,25.0857,0.0045,0.0089,0.0044
KSV,2021-10-28,50.19,51.74,50.19,51.74,12300,50.53,46.93,41.81,2.3977,10.2485,23.728,0.003,0.0066,0.0037
KSV,2021-10-29,51.74,52.56,50.92,51.92,74217,51.14,47.35,42.19,1.5138,9.647,23.0474,0.0034,0.0077,0.0037
KSV,2021-11-01,51.46,53.74,49.19,51.01,22200,51.06,47.72,42.57,-0.107,6.9008,19.8226,-0.0007,-0.0017,0.0028
KSV,2021-11-02,49.92,51.46,47.36,51.46,30500,51.02,48.13,42.96,0.8748,6.9367,19.8002,0.0055,0.0129,0.0027
KSV,2021-11-03,51.46,51.46,47.64,49.1,27100,50.79,48.4,43.3,-3.3357,1.4302,13.3925,-0.0006,-0.0014,0.0027
KSV,2021-11-04,47.55,49.0,47.55,49.0,4000,50.68,48.7,43.6,-3.307,0.6266,12.3877,0.0009,0.0019,0.0026
KSV,2021-11-05,48.64,48.64,47.55,48.28,6900,50.47,48.94,43.9,-4.3494,-1.3678,9.9722,0.0005,0.0012,0.0023
KSV,2021-11-08,48.18,48.18,47.36,48.09,19900,50.3,49.2,44.19,-4.3825,-2.2494,8.8301,0.0035,0.0073,0.0025
KSV,2021-11-09,47.55,48.09,47.36,48.09,9400,50.05,49.47,44.49,-3.9126,-2.7893,8.1037,0.0018,0.004,0.0024
KSV,2021-11-10,47.73,47.73,47.27,47.36,15300,49.61,49.71,44.72,-4.5171,-4.7095,5.9149,-0.0018,-0.0035,0.0022
KSV,2021-11-11,47.36,48.18,46.64,47.91,18200,49.22,49.87,44.94,-2.6647,-3.9357,6.6115,0.0022,0.0047,0.0021
KSV,2021-11-12,47.55,51.74,47.55,51.01,14400,49.13,50.14,45.21,3.8191,1.7349,12.8122,0.0017,0.004,0.0019
KSV,2021-11-15,56.29,56.29,48.46,50.1,5500,49.04,50.05,45.45,2.1545,0.091,10.2204,-0.0006,-0.0013,0.0019
KSV,2021-11-16,50.01,50.1,48.73,49.64,14600,48.86,49.94,45.69,1.6033,-0.5928,8.6523,0.001,0.0021,0.0015
KSV,2021-11-17,47.36,49.46,47.36,49.46,12030,48.89,49.84,45.93,1.155,-0.7675,7.6825,0.0029,0.0059,0.0017
KSV,2021-11-18,46.45,49.1,46.45,47.64,24400,48.76,49.72,46.15,-2.2978,-4.1861,3.2332,-0.0004,-0.0007,0.0016
KSV,2021-11-19,46.54,46.54,46.0,46.0,19100,48.53,49.5,46.34,-5.2177,-7.0752,-0.743,-0.0029,-0.0057,0.0019
KSV,2021-11-22,46.0,46.27,44.72,45.54,10700,48.28,49.29,46.53,-5.6604,-7.5956,-2.1258,0.0001,0.0002,0.0015
KSV,2021-11-23,43.81,46.27,43.81,45.09,6700,47.97,49.01,46.72,-6.0186,-8.0097,-3.49,0.0,0.0001,0.0014
KSV,2021-11-24,46.36,46.36,44.72,45.0,4000,47.74,48.67,46.88,-5.7432,-7.5512,-4.0143,-0.0004,-0.0008,0.0012
KSV,2021-11-25,45.54,47.82,45.54,47.36,17500,47.68,48.45,46.97,-0.6686,-2.2464,0.8338,0.0024,0.0047,0.0012
KSV,2021-11-26,46.45,46.45,45.54,45.54,6000,47.14,48.13,47.0,-3.3816,-5.3837,-3.0933,-0.0011,-0.0021,0.0012
KSV,2021-11-29,45.54,46.09,45.54,46.0,3900,46.73,47.88,47.03,-1.5595,-3.9376,-2.1887,0.0005,0.0009,0.0012
KSV,2021-11-30,46.09,46.45,46.0,46.45,7000,46.41,47.63,47.12,0.0981,-2.4763,-1.4188,0.0013,0.0026,0.0012
KSV,2021-12-01,46.45,46.91,46.45,46.54,7900,46.12,47.51,47.14,0.9283,-2.0228,-1.2675,-0.0011,-0.0022,0.001
KSV,2021-12-02,46.64,46.64,46.45,46.45,2800,46.0,47.38,47.14,0.9901,-1.9514,-1.4607,-0.0007,-0.0012,0.001
KSV,2021-12-03,46.54,46.54,46.27,46.27,3900,46.03,47.28,47.16,0.5343,-2.1289,-1.885,-0.0005,-0.0009,0.0008
KSV,2021-12-06,43.81,46.09,43.81,46.09,4200,46.08,47.18,47.23,0.0198,-2.3072,-2.4146,0.0008,0.0016,0.0009
KSV,2021-12-07,45.82,46.45,45.82,46.45,7100,46.22,47.1,47.29,0.5124,-1.3635,-1.7606,0.0015,0.003,0.001
KSV,2021-12-08,46.09,46.09,46.09,46.09,700,46.33,47.03,47.34,-0.5112,-2.0044,-2.6474,0.0,0.0,0.001
KSV,2021-12-09,45.54,45.54,45.36,45.54,7500,46.14,46.91,47.38,-1.3028,-2.9221,-3.8794,0.0022,0.0039,0.001
KSV,2021-12-10,45.09,45.54,44.81,44.91,3900,46.08,46.61,47.41,-2.5499,-3.6545,-5.2834,-0.0009,-0.0016,0.0009
KSV,2021-12-13,45.18,45.18,44.63,44.72,7800,45.95,46.34,47.43,-2.6759,-3.4889,-5.7075,-0.0013,-0.0024,0.001
KSV,2021-12-14,45.54,46.0,44.81,44.81,6700,45.79,46.1,47.46,-2.1285,-2.786,-5.5771,-0.0016,-0.0031,0.0011
KSV,2021-12-15,45.54,46.0,45.45,45.45,10900,45.68,45.9,47.5,-0.4985,-0.9724,-4.3108,-0.0027,-0.0049,0.0012
KSV,2021-12-16,45.18,45.73,45.18,45.73,9200,45.61,45.8,47.55,0.2596,-0.169,-3.8425,0.0017,0.0034,0.0013
KSV,2021-12-17,45.63,45.63,45.45,45.54,3700,45.53,45.78,47.6,0.02,-0.5173,-4.3136,-0.0,-0.0,0.0013
KSV,2021-12-20,45.09,45.54,45.09,45.54,22400,45.48,45.78,47.65,0.1402,-0.5173,-4.416,0.0049,0.0092,0.0017
KSV,2021-12-21,45.54,45.54,45.54,45.54,6900,45.39,45.8,47.71,0.3412,-0.5668,-4.5328,0.0,0.0,0.0015
KSV,2021-12-22,45.09,45.09,44.63,44.63,3800,45.24,45.78,47.74,-1.3489,-2.5167,-6.5171,-0.0007,-0.0012,0.0016
KSV,2021-12-23,44.81,44.91,44.09,44.81,10600,45.17,45.66,47.75,-0.7864,-1.8454,-6.1463,0.0014,0.0023,0.0015
KSV,2021-12-24,44.45,44.45,44.45,44.45,8100,45.12,45.6,47.72,-1.4937,-2.5267,-6.8596,-0.0019,-0.0038,0.0016
KSV,2021-12-27,44.45,49.1,44.45,49.1,1600,45.56,45.76,47.67,7.7569,7.2957,2.9923,0.0005,0.0009,0.0015
KSV,2021-12-28,45.54,45.54,43.72,43.81,12300,45.46,45.62,47.51,-3.6265,-3.9729,-7.7767,-0.0023,-0.004,0.0016
KSV,2021-12-29,43.81,44.45,43.81,44.45,600,45.36,45.52,47.37,-2.008,-2.3512,-6.1611,0.0002,0.0003,0.0013
KSV,2021-12-30,45.09,45.09,43.81,43.81,1600,45.17,45.39,47.24,-3.0046,-3.4718,-7.261,-0.0004,-0.0007,0.0012
KSV,2021-12-31,45.0,45.09,45.0,45.0,2000,45.11,45.32,47.14,-0.2625,-0.7235,-4.5374,-0.0005,-0.0009,0.0013
KSV,2022-01-04,45.0,45.54,44.63,45.54,4700,45.11,45.3,47.05,0.9489,0.5429,-3.2021,0.0011,0.0018,0.0009
KSV,2022-01-05,45.09,45.54,44.63,44.63,3900,45.02,45.21,46.93,-0.8699,-1.2694,-4.8987,-0.0006,-0.001,0.0009
KSV,2022-01-06,45.09,45.09,43.9,45.09,7600,45.07,45.16,46.8,0.0404,-0.1513,-3.6515,0.0015,0.0024,0.001
KSV,2022-01-07,44.54,44.63,43.9,44.63,4000,45.05,45.11,46.65,-0.93,-1.0601,-4.3342,0.0008,0.0013,0.001
KSV,2022-01-10,42.81,44.63,42.81,43.72,6600,44.98,45.05,46.49,-2.7946,-2.9519,-5.9561,-0.0,-0.0,0.0008
KSV,2022-01-11,44.18,44.18,43.72,44.18,8000,44.49,45.02,46.35,-0.6961,-1.8814,-4.6964,0.0015,0.0025,0.0009
KSV,2022-01-12,43.72,45.54,43.72,45.54,4900,44.66,45.06,46.24,1.9784,1.0714,-1.4972,0.0007,0.0012,0.0007
KSV,2022-01-13,45.54,45.54,44.18,44.18,1100,44.63,45.0,46.14,-1.0204,-1.8219,-4.2486,-0.0002,-0.0003,0.0007
KSV,2022-01-14,43.99,43.99,43.72,43.99,7700,44.65,44.91,46.04,-1.4688,-2.0383,-4.4359,0.0022,0.0035,0.0009
KSV,2022-01-17,41.99,45.36,41.9,45.36,2800,44.69,44.9,45.98,1.5084,1.0244,-1.3432,0.0004,0.0007,0.0009
KSV,2022-01-18,44.45,44.45,44.09,44.09,200,44.54,44.83,45.9,-1.0225,-1.656,-3.9492,-0.0,-0.0001,0.0008
KSV,2022-01-19,37.8,43.81,37.8,43.81,2300,44.46,44.74,45.81,-1.4546,-2.0766,-4.3662,0.0006,0.0012,0.0008
KSV,2022-01-20,42.99,44.54,41.08,44.54,500,44.4,44.74,45.76,0.3077,-0.4377,-2.6556,0.0001,0.0002,0.0007
KSV,2022-01-21,45.45,45.45,42.81,44.18,3400,44.36,44.7,45.68,-0.4107,-1.1817,-3.294,0.0,0.0001,0.0006
KSV,2022-01-24,43.17,43.72,43.17,43.72,500,44.36,44.67,45.54,-1.4374,-2.1207,-3.9846,0.0001,0.0002,0.0006
KSV,2022-01-25,44.18,44.18,40.17,44.18,500,44.36,44.42,45.42,-0.4107,-0.5536,-2.7315,0.0001,0.0002,0.0004
KSV,2022-01-26,43.36,45.18,43.36,44.54,1000,44.26,44.46,45.32,0.638,0.1844,-1.7085,0.0001,0.0001,0.0004
KSV,2022-01-27,43.9,43.9,43.9,43.9,0,44.23,44.43,45.2,-0.7413,-1.189,-2.8774,0.0,0.0,0.0004
KSV,2022-01-28,43.9,43.9,43.9,43.9,0,44.22,44.44,45.13,-0.7209,-1.1991,-2.7167,0.0,0.0,0.0001
KSV,2022-02-07,45.36,45.36,45.36,45.36,100,44.22,44.45,45.12,2.5747,2.0387,0.5411,0.0,0.0,0.0001
KSV,2022-02-08,45.36,45.36,45.36,45.36,0,44.35,44.45,45.11,2.2797,2.0596,0.5492,0.0,0.0,0.0001
KSV,2022-02-09,45.36,45.36,45.36,45.36,0,44.5,44.48,45.12,1.9239,1.976,0.537,0.0,0.0,0.0
KSV,2022-02-10,42.9,45.09,42.9,44.72,2000,44.52,44.46,45.11,0.4501,0.5838,-0.8642,0.0006,0.001,0.0001
KSV,2022-02-11,44.72,44.72,43.54,43.54,600,44.46,44.41,45.04,-2.0692,-1.9588,-3.325,-0.0002,-0.0003,0.0001
KSV,2022-02-14,43.54,45.36,42.81,42.81,3100,44.37,44.36,44.98,-3.5106,-3.5007,-4.8275,-0.0006,-0.001,0.0002
KSV,2022-02-15,42.81,44.63,42.35,44.63,4500,44.41,44.39,44.95,0.4922,0.5541,-0.7173,0.0017,0.0028,0.0003
KSV,2022-02-16,42.81,45.54,42.81,45.54,4900,44.51,44.39,44.94,2.3122,2.6062,1.35,0.0016,0.0029,0.0005
KSV,2022-02-17,43.72,45.09,43.72,45.09,300,44.63,44.43,44.91,1.0204,1.476,0.4016,0.0001,0.0002,0.0005
KSV,2022-02-18,44.91,44.91,43.08,43.08,10200,44.55,44.39,44.84,-3.2918,-2.9345,-3.9165,-0.0031,-0.0052,0.0008
KSV,2022-02-21,45.45,45.45,45.09,45.09,1700,44.52,44.37,44.82,1.2684,1.6114,0.6057,-0.0005,-0.0009,0.0008
KSV,2022-02-22,45.09,45.36,45.09,45.36,200,44.52,44.44,44.8,1.8822,2.0806,1.2483,0.0,0.0001,0.0009
KSV,2022-02-23,45.09,46.0,45.09,45.27,14400,44.51,44.51,44.78,1.6984,1.7088,1.0985,-0.0025,-0.0043,0.0011
KSV,2022-02-24,45.36,45.54,44.27,44.63,830,44.5,44.51,44.75,0.2865,0.266,-0.2605,-0.0001,-0.0001,0.0011
KSV,2022-02-25,44.63,45.27,44.18,44.63,2100,44.61,44.54,44.73,0.0408,0.2148,-0.2199,-0.0001,-0.0002,0.001
KSV,2022-02-28,44.91,44.91,44.27,44.54,8400,44.79,44.58,44.72,-0.5491,-0.0817,-0.4073,-0.0003,-0.0005,0.001
KSV,2022-03-01,44.54,44.54,43.9,43.9,2700,44.71,44.56,44.71,-1.813,-1.4819,-1.797,-0.0006,-0.0011,0.0009
KSV,2022-03-02,45.54,45.54,44.27,44.27,300,44.59,44.55,44.7,-0.715,-0.6338,-0.9578,-0.0001,-0.0001,0.0007
KSV,2022-03-03,45.54,46.45,44.54,46.45,26900,44.72,44.68,44.72,3.8696,3.9755,3.8866,0.0049,0.0088,0.0012
KSV,2022-03-04,46.45,50.1,46.36,47.64,30300,45.18,44.86,44.75,5.4436,6.1821,6.4436,-0.0023,-0.0041,0.0011
KSV,2022-03-07,48.28,51.01,47.46,50.83,38206,45.75,45.14,44.86,11.089,12.6022,13.2995,0.0088,0.0162,0.002
KSV,2022-03-08,51.28,51.46,50.01,50.1,48700,46.23,45.37,44.95,8.3744,10.4085,11.4488,-0.0066,-0.0126,0.0026
KSV,2022-03-09,51.83,57.84,51.01,54.65,70524,47.16,45.84,45.13,15.8748,19.225,21.0898,0.0011,0.0022,0.0025
KSV,2022-03-10,50.19,53.83,50.19,52.92,18700,47.99,46.25,45.3,10.2676,14.4264,16.8262,0.0025,0.005,0.0027
KSV,2022-03-11,52.83,52.83,49.73,50.92,27301,48.62,46.62,45.42,4.7209,9.2223,12.1004,-0.0015,-0.003,0.0029
KSV,2022-03-14,50.55,50.55,46.45,46.64,50500,48.83,46.81,45.46,-4.4954,-0.3697,2.5764,-0.0092,-0.0166,0.0038
KSV,2022-03-15,46.45,46.91,46.45,46.73,7700,49.11,46.91,45.42,-4.859,-0.398,2.884,0.0005,0.0008,0.0037
KSV,2022-03-16,46.73,48.18,46.73,47.73,11400,49.46,47.02,45.5,-3.4991,1.5012,4.9091,0.0015,0.0029,0.0039
KSV,2022-03-17,47.64,50.01,47.64,49.55,29900,49.77,47.25,45.6,-0.4392,4.8776,8.6696,0.0051,0.0103,0.0039
KSV,2022-03-18,49.55,50.55,48.28,49.92,20800,50.0,47.59,45.72,-0.164,4.8904,9.1764,0.0028,0.0049,0.004
KSV,2022-03-21,50.01,50.1,48.37,49.64,18700,49.88,47.82,45.81,-0.4748,3.8194,8.3585,0.0024,0.0042,0.0033
KSV,2022-03-22,48.09,49.55,48.0,48.0,11600,49.67,47.95,45.86,-3.3559,0.114,4.6673,-0.0025,-0.0045,0.0029
KSV,2022-03-23,48.37,48.73,47.91,48.28,6100,49.03,48.1,45.93,-1.5419,0.3693,5.0962,-0.0002,-0.0003,0.0028
KSV,2022-03-24,48.46,49.0,47.82,47.82,9000,48.52,48.26,45.99,-1.4455,-0.906,3.981,-0.0022,-0.0038,0.0028
KSV,2022-03-25,48.28,48.64,48.18,48.28,8400,48.26,48.44,46.06,0.0378,-0.3385,4.8052,-0.0012,-0.0022,0.0028
KSV,2022-03-28,48.28,49.64,48.28,48.28,9200,48.42,48.63,46.15,-0.301,-0.7212,4.5984,-0.0018,-0.0032,0.002
KSV,2022-03-29,48.28,48.28,48.18,48.18,2400,48.57,48.84,46.23,-0.7877,-1.3428,4.22,-0.0008,-0.0013,0.0021
KSV,2022-03-30,46.82,47.82,46.73,47.82,4900,48.58,49.02,46.28,-1.5563,-2.4436,3.3302,0.001,0.0019,0.002
KSV,2022-03-31,47.46,48.28,47.46,47.55,2000,48.38,49.07,46.35,-1.7134,-3.109,2.5903,-0.0004,-0.0008,0.0015
KSV,2022-04-01,45.54,48.0,45.54,47.91,6600,48.18,49.09,46.42,-0.5483,-2.3938,3.202,0.0014,0.0025,0.0014
KSV,2022-04-04,47.36,47.36,46.73,46.91,9300,47.9,48.89,46.46,-2.0726,-4.0522,0.9764,-0.0009,-0.0015,0.0012
KSV,2022-04-05,47.36,47.36,47.36,47.36,7600,47.84,48.75,46.52,-0.9901,-2.8491,1.8131,0.0,0.0,0.001
KSV,2022-04-06,49.19,49.19,47.18,47.36,8000,47.75,48.39,46.59,-0.8012,-2.1176,1.6578,-0.0014,-0.0024,0.0011
KSV,2022-04-07,47.36,47.36,46.0,46.91,6400,47.66,48.09,46.64,-1.5673,-2.4529,0.5781,0.0004,0.0008,0.0009
KSV,2022-04-08,46.54,48.28,46.0,48.28,2700,47.66,47.96,46.72,1.2997,0.6648,3.3259,0.0005,0.001,0.0009
KSV,2022-04-12,46.45,46.54,46.45,46.45,4700,47.47,47.95,46.78,-2.1489,-3.1155,-0.6893,-0.0009,-0.0017,0.0008
KSV,2022-04-13,46.91,46.91,45.54,45.54,2300,47.21,47.89,46.8,-3.5308,-4.8978,-2.6935,-0.0006,-0.0009,0.0007
KSV,2022-04-14,45.63,46.45,45.54,46.36,2700,47.06,47.82,46.84,-1.4902,-3.0476,-1.019,0.0007,0.0012,0.0007
KSV,2022-04-15,45.54,45.54,45.54,45.54,1100,46.86,47.62,46.87,-2.8183,-4.3611,-2.8372,0.0,0.0,0.0007
KSV,2022-04-18,42.35,45.54,42.35,43.72,16000,46.44,47.31,46.87,-5.8639,-7.5857,-6.7164,-0.0004,-0.0008,0.0006
KSV,2022-04-19,43.72,43.81,43.72,43.72,6000,46.13,47.01,46.84,-5.2133,-7.0038,-6.6511,-0.0012,-0.0023,0.0006
KSV,2022-04-20,43.72,43.72,43.63,43.72,7100,45.76,46.8,46.8,-4.4586,-6.5784,-6.5857,0.0014,0.0029,0.0008
KSV,2022-04-21,43.72,43.72,41.9,43.72,11000,45.4,46.57,46.77,-3.6918,-6.1216,-6.5202,0.0025,0.0046,0.0009
KSV,2022-04-22,43.72,43.72,42.99,42.99,3200,45.01,46.33,46.74,-4.4728,-7.2054,-8.0101,-0.0009,-0.0015,0.0009
KSV,2022-04-25,43.63,43.63,43.63,43.63,0,44.54,46.1,46.74,-2.045,-5.3547,-6.6495,0.0,0.0,0.0009
KSV,2022-04-26,38.26,43.63,38.26,43.63,200,44.26,45.87,46.75,-1.42,-4.8754,-6.6823,0.0,0.0001,0.0008
KSV,2022-04-27,44.63,44.63,44.63,44.63,100,44.17,45.69,46.75,1.0518,-2.3126,-4.5392,0.0,0.0,0.0007
KSV,2022-04-28,46.45,46.45,41.54,44.63,600,43.99,45.53,46.74,1.4493,-1.9706,-4.502,0.0001,0.0001,0.0007
KSV,2022-04-29,43.72,46.0,41.9,46.0,3700,44.04,45.45,46.75,4.4467,1.2024,-1.617,0.0013,0.0025,0.0008
KSV,2022-05-04,42.9,46.0,42.81,46.0,2000,44.27,45.36,46.81,3.9095,1.4158,-1.7395,0.0007,0.0014,0.0008
KSV,2022-05-05,45.54,45.54,45.45,45.45,200,44.44,45.28,46.82,2.2751,0.3721,-2.9221,-0.0001,-0.0002,0.0007
KSV,2022-05-06,44.63,44.63,44.63,44.63,200,44.53,45.15,46.81,0.225,-1.1399,-4.6433,0.0,0.0,0.0006
KSV,2022-05-09,42.81,42.81,40.99,42.81,5700,44.44,44.92,46.76,-3.6688,-4.6943,-8.4392,0.001,0.0021,0.0004
KSV,2022-05-10,40.99,44.63,39.35,44.63,2600,44.6,44.81,46.76,0.0613,-0.3862,-4.543,0.0006,0.0011,0.0004
KSV,2022-05-11,44.63,44.63,44.63,44.63,200,44.7,44.62,46.76,-0.163,0.0204,-4.543,0.0001,0.0002,0.0004
KSV,2022-05-12,40.99,40.99,39.62,39.62,2300,44.3,44.28,46.66,-10.5674,-10.5214,-15.0789,-0.0005,-0.001,0.0004
KSV,2022-05-13,38.26,39.17,37.35,37.35,5300,43.58,43.87,46.53,-14.2977,-14.876,-19.7338,-0.0009,-0.0018,0.0005
KSV,2022-05-16,38.16,38.16,38.16,38.16,500,42.93,43.46,46.4,-11.097,-12.187,-17.7561,-0.0001,-0.0003,0.0005
KSV,2022-05-17,36.89,41.9,36.53,41.72,6700,42.5,43.27,46.31,-1.8431,-3.5891,-9.917,0.0012,0.0025,0.0005
KSV,2022-05-18,42.45,42.45,40.99,40.99,1400,42.0,43.13,46.18,-2.4073,-4.9731,-11.2356,-0.0005,-0.0009,0.0005
KSV,2022-05-19,42.17,42.17,42.17,42.17,0,41.67,43.06,46.0,1.2022,-2.052,-8.3277,0.0,0.0,0.0005
KSV,2022-05-20,42.17,42.17,42.17,42.17,0,41.43,42.98,45.85,1.803,-1.8756,-8.0108,0.0,0.0,0.0005
KSV,2022-05-23,48.28,48.28,48.28,48.28,100,41.97,43.21,45.72,15.0174,11.7318,5.5945,0.0,0.0001,0.0004
KSV,2022-05-24,41.08,41.08,41.08,41.08,3000,41.62,43.11,45.48,-1.2913,-4.7116,-9.6772,0.0,0.0,0.0003
KSV,2022-05-25,36.53,40.81,36.53,40.81,4600,41.23,42.97,45.28,-1.0382,-5.0345,-9.8773,0.001,0.002,0.0004
KSV,2022-05-26,40.53,40.53,40.53,40.53,100,41.33,42.81,45.16,-1.9176,-5.3292,-10.2388,0.0,0.0,0.0004
KSV,2022-05-27,38.44,38.44,38.35,38.35,1000,41.43,42.5,44.99,-7.4318,-9.7728,-14.7635,-0.0005,-0.0007,0.0003
KSV,2022-05-30,41.72,41.72,39.17,39.17,700,41.53,42.23,44.82,-5.6811,-7.2476,-12.6087,-0.0003,-0.0006,0.0004
KSV,2022-05-31,38.35,39.8,38.26,39.8,1400,41.33,41.92,44.62,-3.7021,-5.0413,-10.7981,0.0005,0.0009,0.0003
KSV,2022-06-01,40.08,40.08,40.08,40.08,100,41.24,41.62,44.43,-2.8268,-3.7094,-9.788,0.0,0.0,0.0002
KSV,2022-06-02,40.08,40.08,38.35,38.35,400,40.86,41.27,44.2,-6.1525,-7.0743,-13.2424,-0.0001,-0.0002,0.0002
KSV,2022-06-03,40.99,40.99,40.08,40.08,200,40.65,41.04,44.04,-1.4116,-2.3416,-9.0007,-0.0001,-0.0002,0.0003
KSV,2022-06-06,36.53,37.53,36.53,37.44,2100,39.57,40.77,43.83,-5.3867,-8.1769,-14.5779,0.0005,0.0007,0.0003
KSV,2022-06-07,39.17,39.17,37.35,37.35,3500,39.19,40.41,43.62,-4.7176,-7.5744,-14.3764,-0.0009,-0.0014,0.0004
KSV,2022-06-08,37.53,37.53,37.35,37.35,1100,38.85,40.04,43.4,-3.8687,-6.7334,-13.9451,-0.0004,-0.0006,0.0003
KSV,2022-06-09,37.44,37.44,37.44,37.44,500,38.54,39.93,43.18,-2.8598,-6.25,-13.3021,0.0,0.0,0.0003
KSV,2022-06-10,38.26,39.53,38.26,39.53,1100,38.66,40.04,43.01,2.262,-1.2739,-8.082,0.0002,0.0004,0.0003
KSV,2022-06-13,37.35,39.17,36.43,36.43,5100,38.38,39.95,42.78,-5.0783,-8.8111,-14.832,-0.0008,-0.0015,0.0004
KSV,2022-06-14,38.71,38.71,38.71,38.71,100,38.27,39.8,42.6,1.1423,-2.746,-9.1337,0.0,0.0,0.0003
KSV,2022-06-15,37.35,37.35,37.35,37.35,500,38.0,39.62,42.39,-1.7258,-5.7471,-11.9037,0.0,0.0,0.0003
KSV,2022-06-16,37.35,37.35,37.35,37.35,0,37.9,39.38,42.2,-1.466,-5.1694,-11.5044,0.0,0.0,0.0003
KSV,2022-06-17,36.43,36.43,36.43,36.43,1100,37.54,39.09,41.98,-2.9362,-6.8034,-13.2133,0.0,0.0,0.0003
KSV,2022-06-20,36.89,36.89,36.89,36.89,1200,37.48,38.52,41.77,-1.5796,-4.244,-11.6878,0.0,0.0,0.0002
KSV,2022-06-21,36.89,36.89,36.89,36.89,0,37.44,38.32,41.57,-1.4599,-3.7204,-11.2621,0.0,0.0,0.0001
KSV,2022-06-22,36.8,36.8,36.62,36.62,1700,37.36,38.11,41.34,-1.999,-3.9082,-11.4225,-0.0004,-0.0008,0.0002
KSV,2022-06-23,36.71,36.71,35.52,35.52,4300,37.17,37.86,41.12,-4.4352,-6.1598,-13.6098,-0.0014,-0.0026,0.0003
KSV,2022-06-24,42.08,42.08,35.52,35.52,600,36.77,37.71,40.92,-3.3936,-5.8085,-13.1867,-0.0003,-0.0005,0.0003
KSV,2022-06-27,36.89,36.98,36.89,36.98,800,36.83,37.6,40.73,0.4205,-1.6592,-9.2088,0.0003,0.0005,0.0002
KSV,2022-06-28,36.98,37.35,36.16,37.35,4100,36.69,37.48,40.57,1.7875,-0.3645,-7.9438,0.0016,0.0028,0.0004
KSV,2022-06-29,38.89,38.89,38.89,38.89,100,36.84,37.42,40.47,5.5624,3.9309,-3.8981,0.0,0.0,0.0004
KSV,2022-06-30,38.89,38.89,38.89,38.89,0,37.0,37.45,40.37,5.1206,3.855,-3.6683,0.0,0.0,0.0004
KSV,2022-07-01,38.89,38.89,38.89,38.89,0,37.24,37.39,40.28,4.4265,4.0195,-3.4374,0.0,0.0,0.0004
KSV,2022-07-04,33.25,36.89,33.25,36.89,1400,37.24,37.36,40.14,-0.9538,-1.2677,-8.1008,0.0007,0.0014,0.0005
KSV,2022-07-05,36.89,36.89,36.89,36.89,300,37.24,37.34,40.02,-0.9538,-1.2075,-7.8205,0.0,0.0,0.0005
KSV,2022-07-06,36.43,36.43,36.43,36.43,500,37.23,37.3,39.88,-2.1287,-2.308,-8.6299,0.0,0.0,0.0004
KSV,2022-07-07,36.43,36.43,36.43,36.43,0,37.32,37.24,39.73,-2.3676,-2.1766,-8.299,0.0,0.0,0.0003
KSV,2022-07-08,40.08,40.08,40.08,40.08,100,37.77,37.27,39.64,6.1008,7.5269,1.103,0.0,0.0,0.0003
KSV,2022-07-11,37.71,37.71,37.71,37.71,100,37.85,37.34,39.5,-0.361,1.0003,-4.5379,0.0,0.0,0.0002
KSV,2022-07-12,35.52,35.61,35.52,35.52,1200,37.66,37.18,39.29,-5.6832,-4.4469,-9.5925,-0.0004,-0.0008,0.0001
KSV,2022-07-13,35.52,35.52,35.52,35.52,0,37.33,37.09,39.08,-4.8316,-4.2122,-9.1079,0.0,0.0,0.0001
KSV,2022-07-14,30.97,35.52,30.97,35.52,400,36.99,36.99,38.88,-3.9645,-3.9764,-8.6437,0.0001,0.0003,0.0001
KSV,2022-07-15,34.07,35.43,31.88,35.25,1600,36.63,36.94,38.7,-3.7553,-4.5623,-8.9069,0.0004,0.0008,0.0002
KSV,2022-07-18,35.52,36.43,35.52,36.43,200,36.58,36.91,38.57,-0.3984,-1.2955,-5.5356,0.0001,0.0002,0.0001
KSV,2022-07-19,35.98,35.98,35.98,35.98,0,36.49,36.87,38.4,-1.3979,-2.4089,-6.296,0.0,0.0,0.0001
KSV,2022-07-20,35.71,35.71,35.07,35.07,400,36.35,36.79,38.21,-3.5329,-4.6794,-8.2109,-0.0001,-0.0003,0.0001
KSV,2022-07-21,34.61,35.25,34.61,35.25,400,36.23,36.78,38.12,-2.7149,-4.1486,-7.5225,0.0002,0.0003,0.0001
KSV,2022-07-22,35.71,35.71,31.88,35.43,1500,35.77,36.77,38.08,-0.9422,-3.6413,-6.9512,0.0004,0.0008,0.0002
KSV,2022-07-25,33.61,33.61,33.61,33.61,0,35.36,36.6,37.99,-4.9459,-8.1747,-11.5235,0.0,0.0,0.0002
KSV,2022-07-26,31.52,33.52,31.52,33.52,400,35.16,36.41,37.82,-4.6632,-7.9425,-11.3808,0.0002,0.0003,0.0002
KSV,2022-07-27,32.06,34.07,32.06,33.43,400,34.95,36.14,37.67,-4.3524,-7.4984,-11.2669,0.0001,0.0001,0.0002
KSV,2022-07-28,32.34,34.61,32.34,34.61,700,34.86,35.92,37.52,-0.7055,-3.6511,-7.7536,0.0002,0.0004,0.0002
KSV,2022-07-29,34.98,34.98,34.98,34.98,1000,34.83,35.73,37.38,0.4184,-2.1033,-6.4236,0.0,0.0,0.0001
KSV,2022-08-01,34.61,34.61,32.34,34.61,400,34.65,35.61,37.1,-0.1052,-2.8133,-6.7164,0.0001,0.0001,0.0001
KSV,2022-08-02,34.07,34.07,34.07,34.07,200,34.46,35.47,36.96,-1.1367,-3.9671,-7.8409,0.0,0.0,0.0001
KSV,2022-08-03,31.52,34.52,31.52,34.52,5100,34.4,35.38,36.84,0.3442,-2.4202,-6.2902,0.0012,0.0023,0.0002
KSV,2022-08-04,33.52,34.52,33.52,34.52,2500,34.33,35.28,36.72,0.5572,-2.1557,-5.9833,0.0008,0.0013,0.0003
KSV,2022-08-05,32.79,32.79,32.79,32.79,100,34.07,34.92,36.61,-3.7433,-6.091,-10.4255,0.0,0.0,0.0003
KSV,2022-08-08,33.7,33.7,33.7,33.7,100,34.08,34.72,36.5,-1.096,-2.9254,-7.6616,0.0,0.0,0.0003
KSV,2022-08-09,33.61,34.52,32.79,34.52,800,34.18,34.67,36.39,1.0128,-0.4204,-5.1409,0.0003,0.0005,0.0003
KSV,2022-08-10,34.52,34.52,34.52,34.52,1100,34.28,34.62,36.28,0.6908,-0.2763,-4.8504,0.0,0.0,0.0003
KSV,2022-08-11,34.34,35.34,34.34,35.34,7300,34.36,34.61,36.22,2.8632,2.1187,-2.4292,0.0016,0.003,0.0004
KSV,2022-08-12,35.07,35.07,35.07,35.07,0,34.37,34.6,36.12,2.0408,1.3558,-2.9151,0.0,0.0,0.0004
KSV,2022-08-15,32.79,37.35,32.79,37.35,2900,34.64,34.64,36.12,7.8096,7.7954,3.3944,0.0009,0.0016,0.0005
KSV,2022-08-16,36.71,36.71,36.71,36.71,1500,34.9,34.68,36.11,5.167,5.8437,1.665,0.0,0.0,0.0005
KSV,2022-08-17,38.26,38.26,37.35,37.35,2200,35.19,34.79,36.11,6.1351,7.3298,3.4309,-0.0006,-0.001,0.0004
KSV,2022-08-18,37.35,37.8,37.35,37.8,200,35.51,34.92,36.11,6.4375,8.242,4.6711,0.0001,0.0001,0.0003
KSV,2022-08-19,37.62,37.62,37.62,37.62,0,36.0,35.03,36.08,4.5041,7.3843,4.2771,0.0,0.0,0.0003
KSV,2022-08-22,37.53,37.53,37.53,37.53,100,36.38,35.23,36.1,3.1547,6.5288,3.9616,0.0,0.0,0.0003
KSV,2022-08-23,37.53,37.53,37.53,37.53,0,36.68,35.43,36.07,2.3094,5.9262,4.0299,0.0,0.0,0.0003
KSV,2022-08-24,37.53,37.53,37.53,37.53,0,36.98,35.63,36.08,1.4778,5.317,4.0194,0.0,0.0,0.0003
KSV,2022-08-25,32.88,36.43,32.34,36.43,5200,37.09,35.72,36.06,-1.7682,1.9888,1.0407,0.0018,0.003,0.0003
KSV,2022-08-26,32.79,36.43,32.7,34.98,1800,37.08,35.72,36.03,-5.6743,-2.0908,-2.9224,0.0001,0.0002,0.0003
KSV,2022-08-29,36.47,37.71,34.19,37.71,400,37.12,35.88,36.05,1.5891,5.0963,4.6074,0.0001,0.0001,0.0003
KSV,2022-08-30,36.38,36.95,36.38,36.95,200,37.14,36.02,36.05,-0.5222,2.5667,2.4962,0.0001,0.0001,0.0003
KSV,2022-08-31,36.66,36.66,36.66,36.66,0,37.07,36.13,36.05,-1.1076,1.4742,1.7032,0.0,0.0,0.0002
KSV,2022-09-05,36.66,36.66,36.66,36.66,0,36.96,36.24,36.07,-0.803,1.1744,1.639,0.0,0.0,0.0002
KSV,2022-09-06,36.66,36.66,36.66,36.66,0,36.86,36.43,36.09,-0.5457,0.6368,1.5748,0.0,0.0,0.0002
KSV,2022-09-07,36.66,36.66,36.66,36.66,0,36.78,36.58,36.09,-0.3118,0.2296,1.5928,0.0,0.0,0.0002
KSV,2022-09-08,36.66,36.66,36.66,36.66,0,36.69,36.69,36.07,-0.0767,-0.0629,1.6312,0.0,0.0,0.0002
KSV,2022-09-09,36.66,36.66,36.66,36.66,0,36.6,36.79,36.03,0.1594,-0.3536,1.7571,0.0,0.0,0.0002
KSV,2022-09-12,36.66,36.66,36.66,36.66,0,36.63,36.86,35.98,0.0971,-0.5322,1.8833,0.0,0.0,0.0
KSV,2022-09-13,32.48,34.67,32.29,34.67,1400,36.6,36.84,35.9,-5.2686,-5.8925,-3.4328,0.0007,0.0012,0.0001
KSV,2022-09-14,33.72,34.19,33.72,34.19,3100,36.24,36.68,35.85,-5.6604,-6.7828,-4.6123,0.0008,0.0013,0.0002
KSV,2022-09-15,33.24,39.32,33.24,35.14,6200,36.06,36.6,35.81,-2.5546,-3.9886,-1.867,-0.001,-0.0015,0.0002
KSV,2022-09-16,34.57,37.99,34.57,37.99,1700,36.2,36.63,35.84,4.9593,3.7044,5.9976,0.0004,0.0007,0.0003
KSV,2022-09-19,37.61,37.61,37.61,37.61,0,36.29,36.63,35.87,3.6378,2.6938,4.8687,0.0,0.0,0.0003
KSV,2022-09-20,32.48,37.04,32.48,37.04,300,36.33,36.6,35.81,1.9608,1.2175,3.4549,0.0001,0.0002,0.0003
KSV,2022-09-21,37.04,37.04,37.04,37.04,100,36.37,36.57,35.79,1.8543,1.2846,3.4934,0.0,0.0,0.0003
KSV,2022-09-22,37.04,37.04,37.04,37.04,0,36.41,36.55,35.82,1.748,1.3518,3.4057,0.0,0.0,0.0003
KSV,2022-09-23,39.89,39.89,33.24,37.04,1300,36.44,36.52,35.85,1.6419,1.4191,3.3181,0.0001,0.0001,0.0003
KSV,2022-09-26,39.89,39.89,39.89,39.89,900,36.77,36.7,35.94,8.4991,8.7061,10.9952,0.0002,0.0004,0.0003
KSV,2022-09-27,34.29,34.29,34.19,34.19,300,36.72,36.66,35.92,-6.8805,-6.7237,-4.8053,-0.0001,-0.0002,0.0003
KSV,2022-09-28,36.09,36.09,36.09,36.09,100,36.91,36.58,35.91,-2.2131,-1.3243,0.5025,0.0,0.0001,0.0002
KSV,2022-09-29,32.39,32.39,32.39,32.39,200,36.63,36.35,35.84,-11.5893,-10.8963,-9.6316,0.0,0.0,0.0001
KSV,2022-09-30,35.71,35.71,33.24,33.24,600,36.16,36.18,35.8,-8.0641,-8.1124,-7.1519,-0.0001,-0.0003,0.0001
KSV,2022-10-03,31.34,31.82,31.34,31.82,600,35.58,35.94,35.73,-10.5713,-11.4576,-10.9604,0.0001,0.0003,0.0001
KSV,2022-10-04,33.62,36.09,33.62,36.09,500,35.48,35.91,35.75,1.7131,0.5158,0.9628,0.0001,0.0003,0.0001
KSV,2022-10-05,35.33,35.33,35.33,35.33,0,35.31,35.84,35.78,0.0538,-1.4178,-1.2578,0.0,0.0,0.0001
KSV,2022-10-06,30.87,30.87,30.87,30.87,100,34.7,35.55,35.73,-11.032,-13.1713,-13.6053,-0.0,-0.0,0.0001
KSV,2022-10-07,33.24,33.24,30.39,33.24,1600,34.32,35.38,35.73,-3.1276,-6.0403,-6.9499,0.0003,0.0006,0.0001
KSV,2022-10-10,33.15,33.15,30.39,33.15,6700,33.64,35.2,35.7,-1.4681,-5.8411,-7.1396,0.0021,0.0042,0.0003
KSV,2022-10-11,31.82,31.82,31.34,31.34,300,33.36,35.04,35.62,-6.0364,-10.5449,-12.0159,-0.0001,-0.0001,0.0003
KSV,2022-10-12,34.19,34.19,34.19,34.19,3000,33.17,35.04,35.62,3.0928,-2.4126,-3.9948,0.0,0.0,0.0003
KSV,2022-10-13,34.19,34.19,34.19,34.19,0,33.35,34.99,35.62,2.5349,-2.2801,-4.0016,0.0,0.0,0.0003
KSV,2022-10-14,30.11,30.39,30.11,30.3,5600,33.05,34.61,35.53,-8.3333,-12.4468,-14.7326,0.0008,0.0014,0.0004
KSV,2022-10-17,32.1,32.1,32.1,32.1,2800,33.08,34.33,35.49,-2.9572,-6.4878,-9.5308,0.0,0.0,0.0003
KSV,2022-10-18,36.85,36.85,27.73,34.19,5101,32.89,34.19,35.51,3.9561,0.0139,-3.7183,0.0007,0.0014,0.0004
KSV,2022-10-19,35.14,35.14,32.48,32.48,2300,32.61,33.96,35.49,-0.3787,-4.349,-8.4696,-0.0012,-0.0023,0.0005
KSV,2022-10-20,34.67,34.67,34.67,34.67,0,32.99,33.84,35.49,5.0965,2.4418,-2.3221,0.0,0.0,0.0005
KSV,2022-10-21,29.92,32.77,29.63,30.39,4400,32.7,33.51,35.41,-7.0578,-9.2971,-14.1649,-0.0004,-0.0008,0.0005
KSV,2022-10-24,33.24,33.24,27.54,27.54,1100,32.14,32.89,35.25,-14.3026,-16.2576,-21.8679,-0.0002,-0.0005,0.0003
KSV,2022-10-25,32.77,32.77,28.49,28.49,700,31.86,32.61,35.12,-10.5546,-12.6129,-18.8711,-0.0002,-0.0004,0.0004
KSV,2022-10-26,32.77,32.77,32.77,32.77,100,31.71,32.44,35.03,3.3243,1.0101,-6.4579,0.0,0.0,0.0004
KSV,2022-10-27,32.77,32.77,32.77,32.77,0,31.57,32.46,34.95,3.7906,0.951,-6.2471,0.0,0.0,0.0004
KSV,2022-10-28,36.09,36.09,36.09,36.09,100,32.15,32.6,34.93,12.26,10.7065,3.3382,0.0,0.0,0.0003
KSV,2022-10-31,36.09,36.09,36.09,36.09,0,32.55,32.82,34.89,10.8842,9.9855,3.4394,0.0,0.0,0.0003
KSV,2022-11-01,36.09,36.09,36.09,36.09,0,32.74,32.82,34.86,10.2408,9.9855,3.5299,0.0,0.0,0.0002
KSV,2022-11-02,36.09,36.09,36.09,36.09,0,33.1,32.85,34.83,9.0387,9.8583,3.6152,0.0,0.0,0.0001
KSV,2022-11-03,36.09,36.09,36.09,36.09,100,33.24,33.11,34.8,8.5714,8.9918,3.7007,0.0,0.0,0.0001
KSV,2022-11-04,36.09,36.09,36.09,36.09,0,33.81,33.26,34.78,6.7416,8.5249,3.7863,0.0,0.0,0.0
KSV,2022-11-07,30.68,30.68,30.68,30.68,2800,34.13,33.13,34.66,-10.103,-7.4101,-11.4887,0.0,0.0,0.0
KSV,2022-11-08,26.69,29.44,26.69,29.44,200,34.22,33.04,34.55,-13.9606,-10.8811,-14.779,0.0001,0.0001,0.0
KSV,2022-11-09,32.29,32.29,26.59,26.59,1300,33.6,32.66,34.33,-20.8592,-18.5691,-22.5278,-0.0005,-0.0009,0.0001
KSV,2022-11-10,33.05,33.05,33.05,33.05,6000,33.63,32.6,34.25,-1.7227,1.3838,-3.4942,0.0,0.0,0.0001
KSV,2022-11-11,34.19,34.19,33.24,33.24,4500,33.35,32.75,34.18,-0.3133,1.5081,-2.7454,-0.001,-0.0028,0.0002
KSV,2022-11-14,29.06,29.06,29.06,29.06,100,32.64,32.6,34.03,-10.9689,-10.8392,-14.5919,0.0,0.0001,0.0002
KSV,2022-11-15,24.79,24.79,24.79,24.79,1600,31.51,32.13,33.79,-21.3382,-22.8381,-26.6401,-0.0003,-0.0008,0.0002
KSV,2022-11-16,27.92,27.92,27.92,27.92,100,30.7,31.9,33.62,-9.0347,-12.4609,-16.9351,0.0,0.0,0.0002
KSV,2022-11-17,27.92,27.92,27.92,27.92,0,29.88,31.56,33.44,-6.548,-11.5257,-16.501,0.0,0.0,0.0002
KSV,2022-11-18,32.1,32.1,32.1,32.1,500,29.48,31.65,33.35,8.8918,1.4406,-3.7421,0.0,0.0,0.0002
KSV,2022-11-21,32.1,32.1,32.1,32.1,300,29.62,31.88,33.26,8.3681,0.7151,-3.4782,0.0,0.0,0.0002
KSV,2022-11-22,32.1,32.1,32.1,32.1,0,29.89,32.06,33.21,7.4039,0.1481,-3.3291,0.0,0.0,0.0002
KSV,2022-11-23,32.1,32.1,32.1,32.1,0,30.44,32.02,33.17,5.4602,0.2521,-3.2073,0.0,0.0,0.0001
KSV,2022-11-24,27.35,27.35,27.35,27.35,3300,29.87,31.75,33.01,-8.4261,-13.8498,-17.1366,0.0,0.0,0.0001
KSV,2022-11-25,27.35,27.35,23.27,27.35,1800,29.28,31.31,32.8,-6.5845,-12.6479,-16.5991,0.0003,0.0008,0.0001
KSV,2022-11-28,28.49,28.49,28.49,28.49,100,29.23,30.93,32.62,-2.5024,-7.8907,-12.6383,0.0,0.0,0.0001
KSV,2022-11-29,28.49,28.49,28.49,28.49,0,29.6,30.56,32.45,-3.7227,-6.7454,-12.178,0.0,0.0,0.0
KSV,2022-11-30,24.22,24.22,24.22,24.22,6700,29.23,29.96,32.19,-17.1271,-19.1631,-24.7566,-0.0013,-0.0021,0.0002
KSV,2022-12-01,24.22,27.54,24.22,27.54,1500,29.19,29.53,32.0,-5.6297,-6.7374,-13.921,0.0002,0.0004,0.0002
KSV,2022-12-02,20.9,24.12,20.8,24.12,2100,28.39,28.94,31.74,-15.0218,-16.6256,-23.9931,0.0002,0.0004,0.0002
KSV,2022-12-05,19.57,19.57,19.47,19.47,2100,27.13,28.38,31.33,-28.2213,-31.3808,-37.8562,-0.0003,-0.0004,0.0002
KSV,2022-12-06,22.32,22.32,22.32,22.32,1900,26.15,28.02,31.09,-14.6386,-20.339,-28.218,-0.0002,-0.0003,0.0003
KSV,2022-12-07,20.04,24.69,20.04,24.69,200,25.41,27.92,30.87,-2.8037,-11.5646,-19.9951,0.0,0.0001,0.0003
KSV,2022-12-08,24.69,24.69,24.69,24.69,100,25.14,27.51,30.71,-1.7756,-10.221,-19.5943,0.0,0.0,0.0003
KSV,2022-12-09,24.69,24.69,24.69,24.69,0,24.88,27.08,30.54,-0.7255,-8.8039,-19.1442,0.0,0.0,0.0002
KSV,2022-12-12,24.69,24.69,23.27,24.69,1400,24.5,26.86,30.4,0.8143,-8.0622,-18.7652,0.0002,0.0004,0.0002
KSV,2022-12-13,23.27,24.31,23.27,23.56,6500,24.0,26.8,30.15,-1.8599,-12.1035,-21.8701,-0.0005,-0.0008,0.0003
KSV,2022-12-14,23.74,23.74,23.74,23.74,2200,23.95,26.59,29.92,-0.8723,-10.6983,-20.6299,-0.0005,-0.0009,0.0002
KSV,2022-12-15,27.26,27.26,26.59,26.59,800,23.86,26.52,29.83,11.465,0.2686,-10.8507,-0.0002,-0.0004,0.0002
KSV,2022-12-16,26.59,26.59,23.27,26.59,7400,24.11,26.25,29.7,10.3231,1.3208,-10.4516,0.0016,0.0027,0.0003
KSV,2022-12-19,25.64,27.83,25.64,26.59,700,24.82,25.97,29.57,7.1565,2.3953,-10.0546,-0.0,-0.0,0.0003
KSV,2022-12-20,26.4,26.4,26.4,26.4,100,25.23,25.69,29.47,4.6687,2.7916,-10.3977,0.0,0.0,0.0003
KSV,2022-12-21,23.74,23.74,22.8,22.8,2900,25.04,25.22,29.24,-8.953,-9.6215,-22.0425,-0.0008,-0.0013,0.0004
KSV,2022-12-22,23.08,23.08,23.08,23.08,0,24.88,25.01,29.02,-7.2165,-7.7098,-20.4635,0.0,0.0,0.0004
KSV,2022-12-23,26.12,26.12,26.12,26.12,100,25.02,24.95,28.93,4.404,4.7021,-9.7295,0.0,0.0,0.0004
KSV,2022-12-26,26.12,26.12,26.12,26.12,0,25.16,24.83,28.82,3.8128,5.2028,-9.3546,0.0,0.0,0.0004
KSV,2022-12-27,26.12,26.12,26.12,26.12,0,25.42,24.71,28.65,2.7653,5.7082,-8.8438,0.0,0.0,0.0003
KSV,2022-12-28,26.12,26.12,26.12,26.12,0,25.65,24.8,28.53,1.8141,5.3035,-8.4371,0.0,0.0,0.0003
KSV,2022-12-29,26.12,26.59,26.12,26.59,1500,25.65,24.76,28.36,3.6653,7.4238,-6.2416,0.0006,0.0012,0.0003
KSV,2022-12-30,28.49,28.49,28.49,28.49,100,25.84,24.97,28.33,10.2536,14.0901,0.5901,0.0,0.0001,0.0001
KSV,2023-01-03,24.22,24.31,24.22,24.31,1200,25.62,25.22,28.26,-5.0797,-3.5782,-13.9669,0.0003,0.0004,0.0002
KSV,2023-01-04,24.22,24.22,24.22,24.22,100,25.4,25.31,28.18,-4.6372,-4.3152,-14.043,-0.0,-0.0001,0.0002
KSV,2023-01-05,27.07,27.07,27.07,27.07,900,25.83,25.43,28.06,4.8179,6.4426,-3.5402,0.0,0.0,0.0001
KSV,2023-01-06,26.59,27.54,26.59,27.54,1500,26.27,25.57,27.96,4.8445,7.7066,-1.4812,0.0004,0.0008,0.0001
KSV,2023-01-09,27.16,27.16,27.16,27.16,0,26.38,25.7,27.78,2.9888,5.7106,-2.2155,0.0,0.0,0.0001
KSV,2023-01-10,27.16,27.26,27.16,27.16,2400,26.48,25.82,27.6,2.5825,5.2051,-1.5829,-0.0012,-0.0023,0.0003
KSV,2023-01-11,27.16,27.16,27.16,27.16,0,26.58,26.0,27.42,2.1794,4.4749,-0.9421,0.0,0.0,0.0003
KSV,2023-01-12,30.39,30.39,28.49,28.49,2000,26.82,26.24,27.27,6.2323,8.5973,4.4859,-0.0009,-0.0017,0.0003
KSV,2023-01-13,28.49,28.49,28.49,28.49,1000,27.01,26.33,27.12,5.4852,8.2056,5.0715,0.0,0.0,0.0003
KSV,2023-01-16,28.49,28.49,28.49,28.49,2100,27.01,26.43,26.97,5.4852,7.8167,5.6636,0.0,0.0,0.0003
KSV,2023-02-02,26.21,28.49,26.21,28.49,200,27.43,26.52,26.92,3.8781,7.4306,5.835,0.0001,0.0001,0.0
KSV,2023-02-03,27.54,27.54,27.54,27.54,1300,27.76,26.58,26.89,-0.7869,3.6269,2.4518,0.0,0.0,0.0
KSV,2023-02-06,24.79,28.97,24.79,28.97,200,27.95,26.89,26.93,3.6357,7.7358,7.561,0.0001,0.0001,0.0
KSV,2023-02-07,26.12,29.35,26.12,29.35,1200,28.13,27.2,26.86,4.3214,7.8911,9.2722,0.0003,0.0005,0.0
KSV,2023-02-08,28.49,28.49,28.49,28.49,100,28.27,27.32,26.76,0.8065,4.2934,6.466,0.0,0.0,0.0
KSV,2023-02-09,28.49,28.49,28.49,28.49,900,28.4,27.44,26.75,0.3344,3.8422,6.5114,0.0,0.0,0.0
KSV,2023-02-10,26.59,28.97,26.59,28.97,200,28.58,27.58,26.84,1.3626,5.0276,7.9493,0.0001,0.0002,0.0
KSV,2023-02-13,26.12,28.49,26.12,28.49,1100,28.58,27.7,26.85,-0.2991,2.863,6.1346,0.0003,0.0006,0.0001
KSV,2023-02-14,31.34,31.34,26.59,28.97,500,28.63,27.82,26.87,1.1944,4.1311,7.8196,-0.0,-0.0,0.0001
KSV,2023-02-15,28.97,28.97,28.97,28.97,0,28.67,27.84,26.81,1.0268,4.0423,8.0717,0.0,0.0,0.0001
KSV,2023-02-16,28.97,28.97,28.97,28.97,0,28.72,28.08,26.74,0.8598,3.18,8.325,0.0,0.0,0.0001
KSV,2023-02-17,26.59,26.59,26.59,26.59,700,28.63,28.19,26.63,-7.1002,-5.6763,-0.1427,-0.0003,-0.0006,0.0001
KSV,2023-02-20,26.12,28.87,26.12,28.87,38200,28.62,28.29,26.57,0.8961,2.0819,8.6801,0.0063,0.0128,0.0007
KSV,2023-02-21,28.87,28.87,28.87,28.87,0,28.57,28.35,26.6,1.0638,1.8425,8.5559,0.0,0.0,0.0007
KSV,2023-02-22,28.87,28.87,28.87,28.87,0,28.61,28.44,26.63,0.9296,1.5364,8.432,0.0,0.0,0.0007
KSV,2023-02-23,28.87,28.87,28.87,28.87,0,28.65,28.52,26.64,0.7958,1.2321,8.4011,0.0,0.0,0.0007
KSV,2023-02-24,27.54,27.54,26.02,26.02,1400,28.35,28.47,26.59,-8.2077,-8.5752,-2.1149,-0.0004,-0.0009,0.0007
KSV,2023-02-27,26.02,26.02,26.02,26.02,0,28.1,28.34,26.62,-7.4012,-8.1769,-2.2476,0.0,0.0,0.0007
KSV,2023-02-28,23.46,28.49,23.46,28.49,2900,28.06,28.34,26.64,1.5572,0.5362,6.9519,0.0013,0.0033,0.0008
KSV,2023-03-01,26.59,26.59,26.59,26.59,100,27.82,28.25,26.69,-4.4042,-5.8507,-0.363,0.0,0.0,0.0008
KSV,2023-03-02,24.69,24.69,23.93,24.03,1300,27.33,28.02,26.78,-12.0612,-14.2518,-10.2773,-0.0005,-0.001,0.0009
KSV,2023-03-03,24.03,24.03,24.03,24.03,0,27.07,27.85,26.82,-11.2281,-13.7108,-10.3917,0.0,0.0,0.0009
KSV,2023-03-06,23.74,23.74,23.74,23.74,600,26.56,27.59,26.8,-10.5866,-13.9267,-11.3915,0.0,0.0,0.0002
KSV,2023-03-07,23.74,23.74,23.74,23.74,100,26.04,27.31,26.78,-8.8257,-13.0435,-11.3287,0.0,0.0,0.0002
KSV,2023-03-08,23.74,23.74,23.74,23.74,0,25.53,27.07,26.76,-6.9941,-12.2807,-11.2657,0.0,0.0,0.0002
KSV,2023-03-09,23.74,23.74,23.74,23.74,300,25.02,26.83,26.74,-5.0873,-11.5044,-11.2027,0.0,0.0,0.0002
KSV,2023-03-10,23.74,23.74,23.74,23.74,100,24.79,26.57,26.74,-4.2146,-10.6345,-11.2153,0.0,0.0,0.0002
KSV,2023-03-13,23.74,23.74,23.74,23.74,0,24.56,26.33,26.74,-3.3256,-9.8287,-11.2153,0.0,0.0,0.0002
KSV,2023-03-14,23.74,23.74,23.74,23.74,0,24.09,26.07,26.69,-1.4196,-8.9253,-11.0257,0.0,0.0,0.0001
KSV,2023-03-15,21.37,23.18,21.37,23.18,2400,23.74,25.78,26.62,-2.4,-10.1124,-12.938,0.0005,0.0009,0.0001
KSV,2023-03-16,23.18,23.18,23.18,23.18,0,23.66,25.49,26.55,-2.0474,-9.0909,-12.7137,0.0,0.0,0.0001
KSV,2023-03-17,23.18,23.18,23.18,23.18,0,23.57,25.32,26.49,-1.6922,-8.4771,-12.5009,0.0,0.0,0.0001
KSV,2023-03-20,23.18,23.18,23.18,23.18,3000,23.52,25.04,26.49,-1.454,-7.4355,-12.526,0.0,0.0,0.0001
KSV,2023-03-21,23.18,23.18,23.18,23.18,300,23.46,24.75,26.5,-1.2146,-6.3699,-12.5323,0.0,0.0,0.0001
KSV,2023-03-22,21.85,21.85,21.85,21.85,300,23.27,24.4,26.41,-6.1225,-10.471,-17.284,0.0,0.0,0.0001
KSV,2023-03-23,21.85,21.85,21.85,21.85,0,23.08,24.05,26.32,-5.3498,-9.1627,-17.0154,0.0,0.0,0.0001
KSV,2023-03-24,23.18,23.18,23.18,23.18,100,23.02,23.91,26.27,0.6601,-3.0592,-11.7668,0.0,0.0,0.0001
KSV,2023-03-27,21.85,24.6,21.85,24.6,5300,23.11,23.84,26.24,6.4529,3.2078,-6.2342,0.0019,0.0035,0.0002
KSV,2023-03-28,24.6,24.6,24.6,24.6,0,23.19,23.64,26.2,6.0606,4.0579,-6.0914,0.0,0.0,0.0002
KSV,2023-03-29,25.64,25.64,25.64,25.64,100,23.44,23.59,26.14,9.4003,8.6957,-1.8895,0.0,0.0,0.0002
KSV,2023-03-30,25.64,25.64,25.64,25.64,0,23.69,23.67,26.17,8.2598,8.325,-1.9893,0.0,0.0,0.0002
KSV,2023-03-31,25.64,25.64,25.64,25.64,0,23.93,23.75,26.19,7.1429,7.9568,-2.0959,0.0,0.0,0.0002
KSV,2023-04-03,25.64,25.64,25.64,25.64,0,24.18,23.85,26.17,6.0487,7.5269,-1.9893,0.0,0.0,0.0002
KSV,2023-04-04,23.74,23.74,23.74,23.74,400,24.24,23.85,26.09,-2.0376,-0.4381,-8.985,0.0,0.0,0.0002
KSV,2023-04-05,23.74,23.74,23.74,23.74,0,24.43,23.85,26.02,-2.7994,-0.4381,-8.7458,0.0,0.0,0.0002
KSV,2023-04-06,23.74,23.74,21.47,21.66,300,24.41,23.74,25.91,-11.2841,-8.8,-16.4223,-0.0,-0.0001,0.0002
KSV,2023-04-07,21.75,23.74,19.57,23.74,6200,24.47,23.74,25.84,-2.9503,0.0,-8.1153,0.0015,0.0027,0.0003
KSV,2023-04-10,21.47,25.45,21.47,25.45,900,24.55,23.83,25.78,3.675,6.8155,-1.2673,0.0001,0.0003,0.0002
KSV,2023-04-11,22.99,22.99,22.99,22.99,700,24.39,23.79,25.67,-5.7632,-3.3932,-10.4632,-0.0001,-0.0002,0.0002
KSV,2023-04-12,23.27,24.88,23.27,24.88,600,24.31,23.88,25.6,2.3438,4.2164,-2.7901,0.0002,0.0003,0.0002
KSV,2023-04-13,24.79,24.79,22.51,22.51,500,24.0,23.84,25.48,-6.2129,-5.5965,-11.6529,-0.0001,-0.0002,0.0002
KSV,2023-04-14,24.69,24.69,24.69,24.69,100,23.91,23.92,25.42,3.2976,3.2361,-2.8618,0.0,0.0,0.0002
KSV,2023-04-17,24.69,24.69,24.69,24.69,0,23.81,24.0,25.34,3.7096,2.9092,-2.5341,0.0,0.0,0.0002
KSV,2023-04-18,24.69,24.69,24.69,24.69,0,23.91,24.07,25.24,3.2976,2.5843,-2.1747,0.0,0.0,0.0002
KSV,2023-04-19,24.69,24.69,24.69,24.69,0,24.0,24.22,25.17,2.8888,1.9808,-1.8794,0.0,0.0,0.0002
KSV,2023-04-20,24.6,24.69,24.6,24.69,1700,24.31,24.36,25.09,1.6022,1.3843,-1.5823,0.001,0.0017,0.0003
KSV,2023-04-21,22.32,24.69,22.32,24.69,1500,24.4,24.43,25.01,1.2067,1.069,-1.2458,0.0005,0.0008,0.0002
KSV,2023-04-24,26.02,26.02,26.02,26.02,800,24.46,24.5,24.96,6.4078,6.2016,4.2777,0.0,0.0,0.0002
KSV,2023-04-25,26.02,26.02,24.69,26.02,7200,24.76,24.58,24.9,5.1017,5.8937,4.5243,0.002,0.0041,0.0004
KSV,2023-04-26,24.69,25.93,24.69,25.93,702,24.87,24.59,24.84,4.2781,5.4461,4.3977,0.0002,0.0004,0.0004
KSV,2023-04-27,25.93,25.93,25.93,25.93,0,25.21,24.6,24.78,2.8636,5.3851,4.6538,0.0,0.0,0.0004
KSV,2023-04-28,24.69,24.69,24.69,24.69,700,25.21,24.56,24.74,-2.0347,0.5608,-0.1766,0.0,0.0,0.0004
KSV,2023-05-04,24.69,24.69,24.69,24.69,0,25.21,24.51,24.65,-2.0347,0.7557,0.1618,0.0,0.0,0.0004
KSV,2023-05-05,24.69,24.69,24.69,24.69,1100,25.21,24.56,24.57,-2.0347,0.5608,0.5025,0.0,0.0,0.0004
KSV,2023-05-08,24.69,24.69,24.69,24.69,1000,25.21,24.6,24.49,-2.0347,0.3667,0.8456,-0.0002,-0.0005,0.0004
KSV,2023-05-09,24.69,27.07,24.69,27.07,602,25.45,24.88,24.45,6.383,8.8202,10.7054,0.0002,0.0005,0.0003
KSV,2023-05-10,27.54,27.54,25.17,27.07,1400,25.68,25.04,24.47,5.3994,8.0979,10.6109,0.0002,0.0005,0.0003
KSV,2023-05-11,24.41,24.41,24.41,24.41,400,25.52,24.99,24.44,-4.3543,-2.3185,-0.1244,0.0,0.0,0.0003
KSV,2023-05-12,24.5,24.5,24.5,24.5,100,25.37,25.07,24.36,-3.407,-2.2357,0.5926,0.0,0.0,0.0001
KSV,2023-05-15,24.03,25.17,22.42,25.17,4201,25.29,25.08,24.33,-0.4882,0.3598,3.4429,0.0007,0.0012,0.0001
KSV,2023-05-16,25.17,25.17,25.17,25.17,0,25.22,25.21,24.35,-0.1883,-0.1695,3.3461,0.0,0.0,0.0001
KSV,2023-05-17,25.17,25.17,25.17,25.17,0,25.26,25.24,24.38,-0.3759,-0.2635,3.2494,0.0,0.0,0.0001
KSV,2023-05-18,25.17,25.17,25.17,25.17,0,25.31,25.26,24.41,-0.5629,-0.3572,3.1289,0.0,0.0,0.0001
KSV,2023-05-19,24.98,24.98,24.69,24.69,200,25.31,25.26,24.43,-2.439,-2.2373,1.1044,-0.0001,-0.0001,0.0001
KSV,2023-05-22,23.27,24.5,23.27,24.5,600,25.29,25.25,24.44,-3.1168,-2.9528,0.2643,0.0002,0.0003,0.0001
KSV,2023-05-23,24.41,24.41,24.41,24.41,100,25.03,25.24,24.45,-2.4668,-3.2744,-0.1787,0.0,0.0,0.0001
KSV,2023-05-24,24.41,24.41,24.41,24.41,0,24.76,25.22,24.47,-1.4193,-3.2197,-0.2329,0.0,0.0,0.0001
KSV,2023-05-25,23.27,26.5,22.32,26.5,8880,24.97,25.25,24.52,6.124,4.9661,8.0641,0.0026,0.0045,0.0003
KSV,2023-05-26,24.69,25.64,23.93,25.64,21636,25.08,25.23,24.56,2.234,1.6566,4.4164,0.0073,0.0135,0.0011
KSV,2023-05-29,23.37,26.59,23.37,26.59,1523,25.23,25.26,24.63,5.4217,5.283,7.983,0.0003,0.0006,0.001
KSV,2023-05-30,23.93,25.55,23.93,25.55,1700,25.26,25.24,24.68,1.1278,1.223,3.5412,0.0004,0.0007,0.0011
KSV,2023-05-31,23.46,25.36,23.37,25.36,1400,25.28,25.27,24.72,0.3005,0.3382,2.5897,0.0003,0.0006,0.0011
KSV,2023-06-01,22.99,24.6,22.89,24.6,9000,25.23,25.27,24.75,-2.4849,-2.6499,-0.5987,0.0019,0.0033,0.0013
KSV,2023-06-02,24.6,24.6,24.6,24.6,0,25.22,25.26,24.78,-2.4482,-2.6316,-0.713,0.0,0.0,0.0013
KSV,2023-06-05,24.22,24.5,23.74,24.22,5900,25.19,25.24,24.82,-3.8462,-4.0452,-2.4334,0.0002,0.0004,0.0013
KSV,2023-06-06,24.12,24.5,24.03,24.5,1410,25.2,25.11,24.88,-2.7516,-2.4206,-1.4966,0.0002,0.0004,0.0013
KSV,2023-06-07,23.93,24.5,23.93,24.5,1200,25.21,24.98,24.9,-2.7882,-1.9198,-1.6018,0.0002,0.0004,0.0014
KSV,2023-06-08,24.6,25.36,24.5,25.36,2040,25.09,25.03,24.92,1.0598,1.3091,1.7686,0.0002,0.0003,0.0011
KSV,2023-06-09,25.36,25.36,25.26,25.26,8107,25.06,25.07,24.93,0.834,0.7767,1.3333,-0.0014,-0.0022,0.0005
KSV,2023-06-12,23.84,25.17,23.84,25.17,200,24.91,25.07,24.92,1.0294,0.3978,0.9909,0.0001,0.0001,0.0005
KSV,2023-06-13,25.07,25.07,25.07,25.07,300,24.87,25.07,24.91,0.8403,0.0379,0.6558,0.0,0.0,0.0005
KSV,2023-06-14,24.98,27.54,24.98,25.17,3401,24.85,25.07,24.9,1.2997,0.4168,1.0756,-0.0004,-0.0007,0.0005
KSV,2023-06-15,25.07,25.07,25.07,25.07,2102,24.89,25.06,24.89,0.7249,0.0569,0.7403,0.0,0.0,0.0003
KSV,2023-06-16,25.07,25.17,24.69,24.69,1000,24.9,25.06,24.91,-0.8391,-1.4592,-0.8617,-0.0001,-0.0002,0.0003
KSV,2023-06-19,23.93,25.17,23.93,25.17,1829,25.0,25.09,24.94,0.6839,0.3028,0.9293,0.0004,0.0007,0.0003
KSV,2023-06-20,24.31,25.64,24.31,25.64,200,25.11,25.16,25.02,2.118,1.9445,2.5057,0.0,0.0001,0.0003
KSV,2023-06-21,25.64,25.64,23.93,25.64,1201,25.23,25.22,25.06,1.6566,1.6949,2.3503,0.0003,0.0004,0.0003
KSV,2023-06-22,25.64,25.64,25.64,25.64,0,25.26,25.17,25.06,1.5419,1.8676,2.3347,0.0,0.0,0.0003
KSV,2023-06-23,25.64,25.64,25.64,25.64,0,25.29,25.17,25.11,1.3894,1.8676,2.118,0.0,0.0,0.0001
KSV,2023-06-26,24.69,24.69,24.69,24.69,300,25.25,25.08,25.11,-2.1821,-1.5338,-1.6493,0.0,0.0,0.0001
KSV,2023-06-27,24.69,24.69,24.69,24.69,100,25.21,25.04,25.15,-2.0347,-1.3657,-1.8201,0.0,0.0,0.0001
KSV,2023-06-28,24.69,24.69,24.69,24.69,1,25.16,25.0,25.15,-1.8498,-1.2346,-1.8201,0.0,0.0,0.0001
KSV,2023-06-29,23.93,24.6,23.74,24.6,1101,25.11,25.0,25.15,-2.0424,-1.6144,-2.1903,0.0002,0.0002,0.0001
KSV,2023-06-30,23.74,24.41,22.51,24.41,2300,25.08,24.99,25.14,-2.6884,-2.3371,-2.9236,0.0007,0.0011,0.0002
KSV,2023-07-03,22.99,26.78,22.8,23.93,14300,24.96,24.98,25.13,-4.1096,-4.1825,-4.7547,-0.0022,-0.0031,0.0003
KSV,2023-07-04,24.41,24.5,23.74,24.5,3200,24.85,24.98,25.13,-1.3761,-1.9011,-2.4722,0.0006,0.0009,0.0004
KSV,2023-07-05,24.41,25.36,23.74,23.74,300,24.66,24.94,25.11,-3.698,-4.7982,-5.4248,-0.0001,-0.0001,0.0004
KSV,2023-07-06,24.98,25.07,24.98,25.07,205,24.6,24.93,25.09,1.9305,0.5906,-0.053,0.0,0.0001,0.0004
KSV,2023-07-07,25.07,25.07,25.07,25.07,0,24.54,24.92,25.07,2.1672,0.6289,0.0227,0.0,0.0,0.0004
KSV,2023-07-10,24.69,25.45,24.69,25.07,1200,24.58,24.91,25.05,2.0093,0.6481,0.091,-0.0,-0.0,0.0004
KSV,2023-07-11,24.69,24.69,24.69,24.69,100,24.58,24.89,25.03,0.4637,-0.8012,-1.3283,0.0,0.0,0.0004
KSV,2023-07-12,24.6,24.6,24.22,24.22,3203,24.53,24.85,25.02,-1.2776,-2.5229,-3.1891,-0.0009,-0.0012,0.0005
KSV,2023-07-13,23.74,23.74,23.74,23.74,9000,24.45,24.78,25.0,-2.8749,-4.1778,-5.0152,0.0,0.0,0.0005
KSV,2023-07-14,23.74,23.74,23.37,23.37,10000,24.34,24.71,24.97,-4.0187,-5.4573,-6.4354,-0.0025,-0.0033,0.0006
KSV,2023-07-17,23.37,24.22,22.8,24.22,6400,24.37,24.67,24.96,-0.6235,-1.8098,-2.9754,0.0016,0.002,0.0006
KSV,2023-07-18,24.12,24.22,22.89,22.99,4590,24.22,24.53,24.88,-5.098,-6.3105,-7.6195,-0.001,-0.0013,0.0006
KSV,2023-07-19,22.8,23.74,22.51,23.74,1500,24.22,24.44,24.81,-1.9608,-2.8372,-4.3099,0.0002,0.0004,0.0006
KSV,2023-07-20,23.74,23.74,23.46,23.46,300,24.06,24.33,24.8,-2.4872,-3.5721,-5.3857,-0.0001,-0.0001,0.0006
KSV,2023-07-21,23.46,23.74,22.99,23.74,5100,23.93,24.23,24.78,-0.7543,-2.0184,-4.1778,0.0008,0.0011,0.0007
KSV,2023-07-24,23.65,23.93,22.99,23.74,3000,23.79,24.19,24.75,-0.1996,-1.826,-4.0675,0.0003,0.0005,0.0007
KSV,2023-07-25,22.99,23.74,22.89,23.74,400,23.7,24.14,24.72,0.2004,-1.6329,-3.957,0.0001,0.0001,0.0008
KSV,2023-07-26,23.74,23.74,23.74,23.74,3601,23.65,24.09,24.69,0.4016,-1.439,-3.8462,-0.0008,-0.001,0.0007
KSV,2023-07-27,23.93,26.12,23.93,26.12,34002,23.89,24.17,24.71,9.3439,8.0762,5.6879,0.0069,0.0104,0.0014
KSV,2023-07-28,28.4,28.4,26.21,27.16,9411,24.27,24.31,24.76,11.9374,11.7624,9.6962,-0.0002,-0.0003,0.0012
KSV,2023-07-31,27.16,27.16,26.5,26.5,9905,24.5,24.43,24.8,8.1815,8.4548,6.8392,-0.0015,-0.0021,0.0012
KSV,2023-08-01,26.5,28.97,26.12,26.97,4010,24.89,24.56,24.85,8.3556,9.8434,8.5295,-0.0002,-0.0003,0.0011
KSV,2023-08-02,26.97,26.97,26.97,26.97,0,25.22,24.72,24.91,6.968,9.1258,8.306,0.0,0.0,0.0011
KSV,2023-08-03,26.97,29.35,26.21,26.59,10101,25.53,24.79,24.91,4.1667,7.2591,6.7724,-0.0015,-0.0021,0.0012
KSV,2023-08-04,26.21,26.21,26.12,26.12,2401,25.77,24.85,24.92,1.3638,5.1223,4.8258,-0.0003,-0.0005,0.0012
KSV,2023-08-07,26.12,28.11,26.12,26.12,1100,26.01,24.9,24.91,0.4383,4.9018,4.8658,-0.0002,-0.0003,0.0012
KSV,2023-08-08,26.21,27.92,26.12,27.07,3500,26.34,25.02,24.94,2.7768,8.2005,8.5466,0.0,0.0,0.0012
KSV,2023-08-09,25.36,29.73,24.69,27.07,8704,26.67,25.16,24.97,1.4957,7.5878,8.398,-0.0001,-0.0001,0.0011
KSV,2023-08-10,26.69,26.69,25.74,25.93,3400,26.65,25.27,25.0,-2.7085,2.6123,3.7234,-0.0003,-0.0004,0.0004
KSV,2023-08-11,25.93,25.93,24.88,24.88,3600,26.42,25.35,25.0,-5.8232,-1.8175,-0.4786,-0.0006,-0.0007,0.0005
KSV,2023-08-14,26.02,27.07,26.02,27.07,3824,26.48,25.49,25.06,2.2238,6.2046,8.0118,0.0007,0.001,0.0004
KSV,2023-08-15,25.17,25.45,25.17,25.45,1201,26.33,25.61,25.08,-3.3189,-0.6119,1.4921,0.0002,0.0003,0.0004
KSV,2023-08-16,25.45,25.45,25.45,25.45,1603,26.18,25.7,25.1,-2.7576,-0.9425,1.4153,0.0,0.0,0.0004
KSV,2023-08-17,25.36,25.45,24.69,25.45,1000,26.06,25.8,25.1,-2.3324,-1.3255,1.4076,0.0001,0.0002,0.0003
KSV,2023-08-18,24.69,24.69,24.6,24.6,2211,25.91,25.84,25.09,-5.0587,-4.7969,-1.9459,-0.0001,-0.0002,0.0002
KSV,2023-08-21,24.6,24.6,24.6,24.6,3812,25.76,25.88,25.08,-4.4985,-4.9541,-1.9014,0.0,0.0,0.0002
KSV,2023-08-22,24.5,24.5,24.41,24.41,600,25.49,25.92,25.06,-4.2474,-5.8091,-2.6072,-0.0001,-0.0001,0.0002
KSV,2023-08-23,24.5,24.6,24.5,24.6,5100,25.25,25.96,25.05,-2.5583,-5.2323,-1.8047,0.0011,0.0013,0.0003
KSV,2023-08-24,24.69,26.59,24.69,24.79,712,25.13,25.89,25.05,-1.3605,-4.2553,-1.0239,-0.0001,-0.0001,0.0003
KSV,2023-08-25,24.79,24.79,23.74,23.74,1100,25.02,25.72,25.03,-5.0873,-7.6809,-5.1233,-0.0002,-0.0003,0.0003
KSV,2023-08-28,24.69,24.69,24.69,24.69,4000,24.78,25.63,25.02,-0.345,-3.6502,-1.2908,0.0,0.0,0.0002
KSV,2023-08-29,24.98,24.98,24.98,24.98,601,24.73,25.53,25.0,0.9985,-2.1577,-0.0988,0.0,0.0,0.0002
KSV,2023-08-30,25.17,25.17,25.07,25.17,1700,24.7,25.44,24.99,1.8839,-1.064,0.6992,0.0004,0.0004,0.0002
KSV,2023-08-31,27.45,27.45,26.12,26.12,4611,24.77,25.42,25.0,5.4448,2.7653,4.4595,-0.0009,-0.001,0.0003
KSV,2023-09-05,27.07,28.49,26.31,26.59,6449,24.97,25.44,25.02,6.5044,4.5361,6.278,-0.0011,-0.0014,0.0004
KSV,2023-09-06,26.59,27.54,26.59,27.54,3222,25.26,25.51,25.08,9.0226,7.9672,9.8235,0.0005,0.0006,0.0004
KSV,2023-09-07,28.4,28.4,26.59,26.59,635,25.48,25.49,25.12,4.3608,4.3413,5.8761,-0.0001,-0.0001,0.0004
KSV,2023-09-08,28.21,28.21,28.11,28.21,5020,25.84,25.54,25.19,9.1511,10.4295,11.991,0.0009,0.0012,0.0004
KSV,2023-09-11,28.49,30.96,28.49,30.96,75203,26.46,25.8,25.32,17.0136,20.0295,22.3081,0.0068,0.0107,0.0011
KSV,2023-09-12,34.0,34.0,33.91,34.0,134300,27.49,26.25,25.51,23.7042,29.5224,33.3036,0.0165,0.0265,0.0027
KSV,2023-09-13,37.33,37.33,37.33,37.33,213910,28.75,26.77,25.78,29.8315,39.4606,44.8154,0.0,0.0,0.0027
KSV,2023-09-14,41.03,41.03,37.23,39.42,281210,30.19,27.46,26.07,30.5442,43.5241,51.173,0.006,0.0114,0.0033
KSV,2023-09-15,39.42,39.42,36.09,37.04,93705,31.38,28.04,26.34,18.0387,32.0915,40.6318,-0.0105,-0.0172,0.0043
KSV,2023-09-18,37.52,40.75,35.14,40.75,71734,32.84,28.81,26.65,24.0602,41.4441,52.8758,0.0182,0.0378,0.0061
KSV,2023-09-19,44.64,44.74,41.13,42.17,142452,34.4,29.69,27.0,22.5842,42.0573,56.217,-0.0117,-0.0217,0.0071
KSV,2023-09-20,42.55,42.55,37.99,40.84,69028,35.73,30.5,27.31,14.3009,33.9147,49.5444,0.0034,0.0067,0.0074
KSV,2023-09-21,40.84,40.84,38.56,39.42,51123,37.01,31.25,27.6,6.4922,26.1398,42.7883,-0.0019,-0.0034,0.0076
KSV,2023-09-22,39.42,39.42,36.09,38.18,91519,38.01,31.93,27.88,0.4498,19.5895,36.9303,0.0027,0.005,0.0078
KSV,2023-09-25,36.19,38.18,36.09,37.42,62901,38.66,32.56,28.16,-3.1941,14.9358,32.9016,0.0018,0.0037,0.0073
KSV,2023-09-26,36.09,36.57,35.81,36.09,38702,38.87,33.18,28.41,-7.1359,8.789,27.0308,-0.0014,-0.0028,0.0058
KSV,2023-09-27,36.09,37.04,35.24,35.52,43200,38.69,33.72,28.64,-8.1758,5.3521,24.0382,-0.004,-0.0074,0.0062
KSV,2023-09-28,35.52,37.9,35.05,36.95,29843,38.44,34.32,28.92,-3.8794,7.6668,27.7672,0.003,0.005,0.0059
KSV,2023-09-29,36.95,38.47,36.95,37.52,36800,38.49,34.93,29.19,-2.5173,7.3953,28.5138,-0.0028,-0.0051,0.0051
KSV,2023-10-02,37.8,38.75,37.52,37.99,32800,38.21,35.53,29.48,-0.5717,6.9376,28.8577,-0.0036,-0.0074,0.0036
KSV,2023-10-03,36.95,36.95,36.09,36.09,57200,37.6,36.0,29.73,-4.0162,0.2506,21.398,-0.0072,-0.0145,0.0032
KSV,2023-10-04,36.09,36.98,35.8,36.29,21200,37.15,36.44,29.98,-2.3098,-0.4119,21.039,-0.001,-0.0018,0.0029
KSV,2023-10-05,37.37,39.92,37.37,39.92,49400,37.2,37.11,30.3,7.3143,7.5801,31.7218,0.0112,0.0236,0.0039
KSV,2023-10-06,43.84,43.84,41.19,41.78,127131,37.56,37.78,30.67,11.2475,10.5799,36.2491,-0.0162,-0.035,0.0052
KSV,2023-10-09,41.78,44.14,41.19,41.19,62208,37.93,38.3,30.97,8.5902,7.5663,33.0224,-0.0187,-0.0391,0.0069
KSV,2023-10-10,41.59,41.59,39.72,39.72,46227,38.3,38.58,31.22,3.7196,2.9558,27.2396,-0.0098,-0.0195,0.0077
KSV,2023-10-11,39.72,39.72,37.27,37.86,45802,38.53,38.61,31.45,-1.7456,-1.9417,20.3942,-0.0056,-0.0104,0.0079
KSV,2023-10-12,37.86,39.33,37.86,38.35,16909,38.67,38.55,31.67,-0.8337,-0.534,21.0778,-0.0021,-0.0041,0.0078
KSV,2023-10-13,38.35,38.35,37.07,37.37,33002,38.66,38.57,31.88,-3.3327,-3.1189,17.2119,-0.0049,-0.0083,0.008
KSV,2023-10-16,38.05,38.05,35.9,36.19,33590,38.48,38.34,32.07,-5.9391,-5.6129,12.8408,-0.0053,-0.009,0.0082
KSV,2023-10-17,36.19,37.27,35.31,35.31,48805,38.4,38.0,32.26,-8.046,-7.0835,9.4614,-0.0085,-0.0152,0.0083
KSV,2023-10-18,35.5,35.5,32.37,34.43,24038,38.21,37.68,32.42,-9.9076,-8.6352,6.178,0.0017,0.0033,0.0084
KSV,2023-10-19,34.33,34.33,32.86,33.35,14400,37.55,37.38,32.55,-11.204,-10.7799,2.4537,-0.0012,-0.0022,0.0074
KSV,2023-10-20,33.35,33.35,32.07,33.15,28500,36.69,37.12,32.67,-9.6498,-10.7037,1.4719,0.0036,0.0061,0.0061
KSV,2023-10-23,33.25,34.23,32.37,32.37,35500,35.81,36.87,32.8,-9.6138,-12.2195,-1.3187,-0.0135,-0.0236,0.0056
KSV,2023-10-24,34.23,34.23,32.86,32.95,18753,35.13,36.71,32.96,-6.1977,-10.2415,-0.0165,-0.0059,-0.0101,0.0052
KSV,2023-10-25,33.15,34.03,32.37,33.54,37400,34.7,36.62,33.09,-3.3352,-8.3918,1.3707,0.0042,0.0078,0.0051
KSV,2023-10-26,33.45,33.74,32.17,33.25,22927,34.19,36.43,33.25,-2.7539,-8.7344,0.0104,0.0009,0.0019,0.005
KSV,2023-10-27,33.74,34.03,32.37,33.74,28181,33.83,36.24,33.41,-0.2609,-6.9056,0.9822,0.0047,0.0084,0.005
KSV,2023-10-30,33.64,33.74,31.78,33.25,32319,33.53,36.0,33.57,-0.8482,-7.6545,-0.9478,0.0041,0.0078,0.0048
KSV,2023-10-31,36.39,36.39,32.37,32.37,20800,33.24,35.82,33.72,-2.6261,-9.6385,-4.0216,-0.0039,-0.0075,0.0044
KSV,2023-11-01,32.37,33.15,31.97,33.05,14700,33.1,35.66,33.89,-0.1482,-7.303,-2.4746,0.0023,0.0042,0.0044
KSV,2023-11-02,33.84,33.84,31.88,32.17,34007,32.98,35.27,34.05,-2.468,-8.7875,-5.5118,-0.0036,-0.0064,0.0047
KSV,2023-11-03,32.56,34.33,32.37,33.35,21006,33.0,34.85,34.22,1.0401,-4.3062,-2.5557,0.0,0.0,0.0043
KSV,2023-11-06,33.84,34.13,32.95,33.35,11200,33.1,34.46,34.39,0.7407,-3.2166,-3.0405,-0.0011,-0.002,0.0031
KSV,2023-11-07,32.86,32.95,32.37,32.46,20250,33.05,34.09,34.57,-1.7804,-4.7756,-6.0833,-0.0045,-0.0082,0.0029
KSV,2023-11-08,32.17,33.15,32.07,32.86,12043,32.98,33.84,34.73,-0.3865,-2.9126,-5.3951,0.0006,0.0011,0.0026
KSV,2023-11-09,33.15,33.15,32.37,32.56,18802,32.92,33.55,34.88,-1.0727,-2.9523,-6.6499,-0.0016,-0.0026,0.0026
KSV,2023-11-10,32.56,32.76,32.37,32.37,17106,32.78,33.3,35.03,-1.2567,-2.8125,-7.5936,-0.0035,-0.0059,0.0025
KSV,2023-11-13,32.37,32.37,31.97,32.07,9640,32.66,33.1,35.14,-1.8018,-3.0968,-8.7438,-0.0016,-0.0027,0.0023
KSV,2023-11-14,32.07,32.46,32.07,32.07,10204,32.63,32.94,35.25,-1.7133,-2.6206,-9.0274,-0.0036,-0.0065,0.0022
KSV,2023-11-15,32.37,32.86,32.07,32.07,12200,32.53,32.82,35.35,-1.4169,-2.2714,-9.2605,-0.0022,-0.0038,0.0022
KSV,2023-11-16,32.07,32.17,32.07,32.07,4009,32.52,32.75,35.45,-1.3872,-2.0812,-9.5408,-0.0008,-0.0013,0.002
KSV,2023-11-17,32.07,32.46,31.48,31.88,13810,32.38,32.69,35.53,-1.545,-2.4903,-10.2797,-0.0004,-0.0008,0.002
KSV,2023-11-20,31.39,31.88,31.39,31.58,9109,32.2,32.65,35.54,-1.919,-3.2743,-11.1388,-0.0004,-0.0007,0.0019
KSV,2023-11-21,31.58,31.58,31.29,31.48,16136,32.1,32.58,35.49,-1.9248,-3.3569,-11.289,0.0017,0.0026,0.0016
KSV,2023-11-22,31.48,31.48,30.7,30.7,12024,31.89,32.43,35.36,-3.7219,-5.3523,-13.1755,-0.0022,-0.0035,0.0018
KSV,2023-11-23,30.7,31.09,30.31,30.31,10572,31.66,32.29,35.18,-4.2751,-6.1361,-13.8411,-0.0011,-0.0019,0.0018
KSV,2023-11-24,30.31,30.31,29.13,29.42,15107,31.37,32.07,35.02,-6.1914,-8.2569,-15.9867,-0.001,-0.0016,0.0015
KSV,2023-11-27,29.42,32.37,29.33,31.39,22170,31.3,31.98,34.84,0.2821,-1.8555,-9.9041,0.0022,0.0036,0.0016
KSV,2023-11-28,30.99,31.29,30.89,31.29,2255,31.22,31.92,34.62,0.2199,-1.9969,-9.6209,0.0005,0.0008,0.0013
KSV,2023-11-29,31.29,31.29,30.01,31.09,4553,31.12,31.83,34.42,-0.0945,-2.3112,-9.6788,0.0011,0.0017,0.0011
KSV,2023-11-30,31.09,31.09,30.11,30.31,9481,30.94,31.73,34.24,-2.0602,-4.497,-11.4897,-0.0011,-0.0017,0.0012
KSV,2023-12-01,30.31,32.17,30.11,30.7,900,30.83,31.6,34.09,-0.4136,-2.8554,-9.9504,-0.0001,-0.0002,0.0011
KSV,2023-12-04,30.7,31.29,30.5,30.7,9717,30.74,31.47,33.96,-0.1276,-2.4466,-9.5938,-0.0008,-0.0013,0.0012
KSV,2023-12-05,30.6,30.6,30.01,30.21,12962,30.61,31.36,33.84,-1.3137,-3.6597,-10.7286,-0.001,-0.0016,0.0011
KSV,2023-12-06,30.21,30.4,29.23,29.91,41983,30.53,31.21,33.73,-2.0238,-4.1483,-11.3041,0.0014,0.0022,0.001
KSV,2023-12-07,30.31,32.37,30.11,30.6,18200,30.56,31.11,33.6,0.1284,-1.6394,-8.9257,-0.0023,-0.004,0.0012
KSV,2023-12-08,30.99,30.99,29.91,30.4,27600,30.66,31.01,33.46,-0.8317,-1.9608,-9.1248,-0.0007,-0.0011,0.0011
KSV,2023-12-11,30.4,30.99,29.42,30.99,25510,30.62,30.96,33.32,1.2172,0.1109,-6.9767,0.0082,0.0133,0.0017
KSV,2023-12-12,30.99,31.48,30.8,31.19,11900,30.61,30.91,33.22,1.8904,0.8883,-6.1116,0.0006,0.0009,0.0017
KSV,2023-12-13,30.99,30.99,30.11,30.11,13648,30.51,30.82,33.1,-1.3179,-2.2915,-9.0208,-0.0024,-0.0036,0.0019
KSV,2023-12-14,30.21,30.4,29.62,29.62,7020,30.44,30.69,32.89,-2.7062,-3.499,-9.9421,-0.0016,-0.0025,0.0019
KSV,2023-12-15,29.62,29.72,29.23,29.52,12300,30.33,30.58,32.64,-2.652,-3.4483,-9.5662,0.0007,0.001,0.002
KSV,2023-12-18,29.91,30.5,29.42,29.42,10600,30.2,30.47,32.41,-2.5658,-3.4283,-9.212,-0.0033,-0.0049,0.0022
KSV,2023-12-19,29.42,30.01,28.93,29.33,7235,30.11,30.36,32.2,-2.6059,-3.4082,-8.9303,-0.0005,-0.0007,0.0022
KSV,2023-12-20,29.82,30.11,29.52,29.82,2934,30.1,30.32,32.04,-0.9449,-1.6499,-6.9426,-0.0,-0.0,0.002
KSV,2023-12-21,29.82,29.82,29.42,29.42,5222,29.98,30.27,31.86,-1.8646,-2.8025,-7.6525,-0.0022,-0.0032,0.002
KSV,2023-12-22,29.42,29.72,29.33,29.33,4700,29.87,30.27,31.7,-1.8385,-3.1108,-7.4934,-0.0017,-0.0026,0.0021
KSV,2023-12-25,29.72,29.82,29.13,29.72,9539,29.75,30.18,31.57,-0.0989,-1.5435,-5.8714,0.0026,0.0035,0.0015
KSV,2023-12-26,29.82,29.82,28.93,29.42,14124,29.57,30.09,31.45,-0.4975,-2.2164,-6.4546,0.0006,0.0008,0.0016
KSV,2023-12-27,29.42,29.82,29.33,29.82,6600,29.54,30.03,31.36,0.9296,-0.7023,-4.9287,0.0018,0.0027,0.0015
KSV,2023-12-28,30.21,30.21,29.52,29.62,3932,29.54,29.99,31.29,0.2656,-1.2426,-5.3292,-0.0009,-0.0014,0.0014
KSV,2023-12-29,29.42,29.62,29.23,29.42,11605,29.53,29.93,31.21,-0.3653,-1.6877,-5.7315,0.0,0.0,0.0014
KSV,2024-01-02,29.72,29.72,28.93,29.13,12112,29.5,29.85,31.15,-1.2633,-2.415,-6.4803,-0.0012,-0.0019,0.0012
KSV,2024-01-03,29.23,29.52,29.03,29.42,7800,29.51,29.81,31.08,-0.2991,-1.2996,-5.321,0.0009,0.0015,0.0012
KSV,2024-01-04,29.62,29.62,29.03,29.13,21301,29.44,29.77,30.99,-1.066,-2.1578,-6.0008,-0.0023,-0.0035,0.0014
KSV,2024-01-05,29.13,29.23,29.03,29.03,4400,29.4,29.69,30.9,-1.2675,-2.2296,-6.0616,-0.0013,-0.002,0.0013
KSV,2024-01-08,29.03,29.03,28.93,29.03,4700,29.37,29.62,30.81,-1.1686,-2.003,-5.7745,0.0011,0.0017,0.0013
KSV,2024-01-09,29.03,29.13,28.84,29.03,12900,29.31,29.53,30.73,-0.9371,-1.6775,-5.5158,0.001,0.0015,0.0011
KSV,2024-01-10,29.03,29.03,28.54,28.54,9600,29.22,29.39,30.65,-2.3162,-2.9029,-6.88,-0.0023,-0.0034,0.0013
KSV,2024-01-11,28.54,28.54,28.44,28.54,5114,29.09,29.32,30.56,-1.8881,-2.643,-6.605,0.0015,0.0024,0.0013
KSV,2024-01-12,28.54,28.54,27.95,27.95,6200,28.92,29.23,30.48,-3.3571,-4.3785,-8.2776,-0.0013,-0.002,0.0013
KSV,2024-01-15,27.95,28.15,27.95,28.05,5421,28.79,29.16,30.37,-2.5554,-3.8009,-7.6347,0.0,0.0,0.0013
KSV,2024-01-16,27.95,27.95,27.76,27.76,4239,28.65,29.08,30.26,-3.1154,-4.537,-8.2658,-0.0009,-0.0012,0.0013
KSV,2024-01-17,27.76,27.76,27.17,27.27,18143,28.43,28.97,30.15,-4.1048,-5.8903,-9.5758,-0.0033,-0.0045,0.0015
KSV,2024-01-18,27.17,27.17,26.97,27.17,2204,28.24,28.84,30.04,-3.786,-5.7983,-9.5599,0.0008,0.0011,0.0014
KSV,2024-01-19,27.27,27.46,27.17,27.36,8104,28.07,28.74,29.94,-2.5157,-4.7781,-8.5905,0.0007,0.001,0.0013
KSV,2024-01-22,27.07,27.07,26.97,26.97,4700,27.86,28.62,29.83,-3.2031,-5.7574,-9.5752,-0.0013,-0.0018,0.0013
KSV,2024-01-23,27.46,27.46,26.09,27.07,3753,27.67,28.49,29.73,-2.1624,-4.975,-8.9409,0.0005,0.0007,0.0013
KSV,2024-01-24,26.97,27.36,26.97,27.07,1518,27.52,28.37,29.63,-1.6393,-4.5808,-8.6335,-0.0003,-0.0003,0.0011
KSV,2024-01-25,27.07,27.07,26.29,26.97,930,27.36,28.23,29.53,-1.4337,-4.4475,-8.65,0.0003,0.0004,0.0009
KSV,2024-01-26,26.97,27.27,26.97,27.17,3400,27.29,28.1,29.43,-0.4313,-3.3327,-7.679,0.0004,0.0006,0.0009
KSV,2024-01-29,27.17,27.27,26.48,26.48,5963,27.13,27.96,29.32,-2.3861,-5.2798,-9.6809,-0.0017,-0.0024,0.001
KSV,2024-01-30,26.48,26.97,26.48,26.97,3102,27.05,27.85,29.23,-0.2901,-3.152,-7.7181,0.0009,0.0012,0.001
KSV,2024-01-31,26.97,28.44,26.97,27.36,6300,27.06,27.75,29.15,1.1236,-1.3786,-6.1112,-0.0004,-0.0006,0.0007
KSV,2024-02-01,26.58,27.36,26.58,27.17,1300,27.06,27.65,29.07,0.3987,-1.7382,-6.5578,0.0002,0.0003,0.0007
KSV,2024-02-02,27.17,27.27,26.48,27.27,6331,27.05,27.56,29.01,0.7977,-1.0676,-6.0239,0.0015,0.0019,0.0008
KSV,2024-02-05,27.27,27.27,26.58,27.17,3700,27.07,27.47,28.97,0.3623,-1.0891,-6.2161,0.0006,0.0009,0.0007
KSV,2024-02-06,26.58,27.07,26.58,27.07,3503,27.07,27.37,28.88,0.0,-1.093,-6.2755,0.0012,0.0014,0.0008
KSV,2024-02-07,27.07,27.07,26.58,26.87,12000,27.05,27.29,28.79,-0.6527,-1.5097,-6.6694,0.0008,0.001,0.0008
KSV,2024-02-15,26.87,27.17,26.87,26.97,8529,27.05,27.21,28.71,-0.2901,-0.8652,-6.06,-0.0008,-0.001,0.0009
KSV,2024-02-16,26.97,27.27,26.97,27.27,4500,27.06,27.17,28.65,0.7612,0.3429,-4.8336,0.0011,0.0014,0.0009
KSV,2024-02-19,27.36,27.36,26.97,27.27,7909,27.14,27.13,28.58,0.4698,0.488,-4.605,0.0008,0.001,0.0008
KSV,2024-02-20,27.27,28.44,27.27,28.44,8630,27.29,27.17,28.54,4.2416,4.6931,-0.3299,0.0021,0.0029,0.001
KSV,2024-02-21,28.44,28.44,27.85,28.34,11203,27.38,27.22,28.5,3.51,4.1254,-0.5437,0.0019,0.0025,0.0011
KSV,2024-02-22,28.44,28.44,27.95,28.05,1035,27.47,27.27,28.46,2.1064,2.8777,-1.4473,-0.0001,-0.0002,0.0011
KSV,2024-02-23,28.05,28.05,26.68,27.46,8836,27.49,27.27,28.4,-0.107,0.7013,-3.3015,0.0001,0.0002,0.001
KSV,2024-02-26,27.46,30.21,27.17,30.21,51622,27.8,27.43,28.4,8.6803,10.118,6.383,0.0106,0.0147,0.002
KSV,2024-02-27,30.4,33.15,30.21,32.07,27697,28.3,27.68,28.42,13.3449,15.8547,12.8598,0.0016,0.0023,0.002
KSV,2024-02-28,32.37,32.76,29.62,30.21,30475,28.63,27.84,28.4,5.5156,8.508,6.3756,-0.0046,-0.0063,0.0024
KSV,2024-02-29,30.11,30.89,29.52,30.89,15530,29.02,28.04,28.41,6.4549,10.1976,8.7332,0.0033,0.0047,0.0026
KSV,2024-03-01,30.89,31.58,29.42,30.6,9807,29.36,28.21,28.43,4.2432,8.484,7.6233,0.0002,0.0003,0.0025
KSV,2024-03-04,30.89,30.89,28.64,30.31,10114,29.66,28.4,28.45,2.1825,6.7173,6.5297,0.001,0.0013,0.0026
KSV,2024-03-05,29.42,30.11,28.44,29.03,25050,29.72,28.5,28.44,-2.3102,1.8582,2.076,-0.0014,-0.0017,0.0025
KSV,2024-03-06,29.03,29.13,27.27,28.34,33422,29.72,28.55,28.42,-4.6205,-0.7214,-0.2692,0.001,0.0013,0.0024
KSV,2024-03-07,27.95,28.84,27.46,28.84,5360,29.8,28.63,28.4,-3.2258,0.7022,1.5264,0.001,0.0013,0.0025
KSV,2024-03-08,28.84,28.93,28.84,28.84,9712,29.93,28.71,28.39,-3.6697,0.427,1.5685,-0.0009,-0.0013,0.0026
KSV,2024-03-11,28.84,28.84,28.05,28.34,4952,29.75,28.77,28.37,-4.7148,-1.4829,-0.0899,-0.0002,-0.0003,0.0015
KSV,2024-03-12,28.34,28.34,27.46,28.25,6501,29.36,28.83,28.34,-3.8076,-2.0242,-0.3322,0.0013,0.0017,0.0015
KSV,2024-03-13,28.25,28.74,28.15,28.74,8538,29.22,28.92,28.33,-1.6448,-0.6443,1.4473,0.0012,0.0014,0.0011
KSV,2024-03-14,29.23,29.23,28.44,28.44,10408,28.97,29.0,28.3,-1.828,-1.911,0.506,-0.002,-0.0024,0.001
KSV,2024-03-15,28.84,28.84,27.56,28.54,4687,28.77,29.06,28.28,-0.7842,-1.7887,0.9295,0.0005,0.0006,0.001
KSV,2024-03-18,28.74,28.74,27.95,28.44,1436,28.58,29.12,28.26,-0.4804,-2.324,0.6525,0.0001,0.0001,0.001
KSV,2024-03-19,28.64,28.74,27.95,28.44,2535,28.52,29.12,28.24,-0.2751,-2.324,0.7014,0.0001,0.0002,0.0008
KSV,2024-03-20,28.05,28.84,28.05,28.34,11327,28.52,29.12,28.22,-0.619,-2.6608,0.4309,-0.0005,-0.0007,0.0008
KSV,2024-03-21,28.34,28.44,28.25,28.44,12353,28.48,29.14,28.21,-0.1377,-2.3898,0.8275,0.0019,0.0025,0.0009
KSV,2024-03-22,28.44,28.44,28.05,28.15,8400,28.41,29.17,28.19,-0.932,-3.5132,-0.1531,-0.0007,-0.0009,0.0008
KSV,2024-03-25,28.15,28.44,27.56,28.44,22700,28.42,29.09,28.18,0.069,-2.2087,0.9328,0.0038,0.0048,0.0012
KSV,2024-03-26,27.56,28.25,27.56,28.15,4800,28.41,28.89,28.16,-0.932,-2.5632,-0.0488,0.0006,0.0008,0.0011
KSV,2024-03-27,28.15,28.15,27.46,27.46,9600,28.29,28.75,28.14,-2.9126,-4.4857,-2.4118,-0.0023,-0.0028,0.0013
KSV,2024-03-28,27.56,28.84,27.46,27.85,19015,28.23,28.6,28.13,-1.3204,-2.6063,-0.9694,-0.0018,-0.0021,0.0012
KSV,2024-03-29,27.76,27.85,27.36,27.56,7501,28.13,28.45,28.12,-2.0223,-3.1202,-1.9882,-0.0003,-0.0004,0.0012
KSV,2024-04-01,27.95,27.95,26.97,27.66,18831,28.05,28.32,28.11,-1.3986,-2.3208,-1.6119,0.0022,0.0027,0.0014
KSV,2024-04-02,27.46,27.85,27.07,27.66,2352,27.97,28.25,28.11,-1.122,-2.0834,-1.605,0.0002,0.0002,0.0014
KSV,2024-04-03,28.05,28.05,27.36,27.36,6801,27.87,28.2,28.11,-1.8297,-2.9565,-2.6586,-0.0009,-0.0011,0.0015
KSV,2024-04-04,27.17,27.36,27.17,27.36,5500,27.77,28.12,28.12,-1.4482,-2.7027,-2.6721,0.0009,0.0011,0.0014
KSV,2024-04-05,27.07,27.36,26.87,27.36,8000,27.69,28.05,28.12,-1.169,-2.4475,-2.6721,0.0012,0.0014,0.0014
KSV,2024-04-08,27.36,27.66,27.07,27.66,3159,27.61,28.02,28.13,0.1776,-1.2778,-1.6737,0.0006,0.0008,0.0011
KSV,2024-04-09,27.66,27.66,27.36,27.66,4300,27.56,27.99,28.14,0.3559,-1.174,-1.7148,0.0009,0.0011,0.0011
KSV,2024-04-10,27.66,27.66,27.66,27.66,9770,27.58,27.93,28.15,0.2845,-0.9832,-1.7559,0.0,0.0,0.0009
KSV,2024-04-11,27.36,28.05,27.36,28.05,8758,27.6,27.91,28.17,1.6347,0.4919,-0.4386,0.0026,0.0033,0.001
KSV,2024-04-12,28.44,28.44,28.34,28.34,1600,27.68,27.9,28.2,2.4096,1.5817,0.5217,-0.0004,-0.0005,0.001
KSV,2024-04-15,29.42,29.42,27.46,27.46,14898,27.66,27.85,28.22,-0.7092,-1.4084,-2.6764,-0.0012,-0.0016,0.0009
KSV,2024-04-16,27.66,27.76,26.68,26.68,17600,27.56,27.77,28.21,-3.2029,-3.9209,-5.4374,-0.0029,-0.0035,0.0012
KSV,2024-04-17,27.66,27.66,27.56,27.56,445,27.58,27.73,28.22,-0.0711,-0.6014,-2.322,-0.0001,-0.0001,0.0011
KSV,2024-04-19,27.56,27.56,27.07,27.56,4800,27.6,27.68,28.22,-0.1422,-0.4429,-2.3492,0.0008,0.0011,0.0011
KSV,2024-04-22,27.56,27.66,27.46,27.66,2720,27.63,27.66,28.23,0.1065,-0.0,-2.0289,0.001,0.0013,0.0011
KSV,2024-04-23,27.95,27.95,27.27,27.27,3310,27.59,27.6,28.23,-1.1731,-1.2082,-3.4253,-0.001,-0.0013,0.0011
KSV,2024-04-24,27.27,27.85,27.27,27.85,421,27.61,27.58,28.25,0.8881,0.9778,-1.3957,0.0001,0.0001,0.001
KSV,2024-04-25,27.36,27.76,27.36,27.46,8000,27.59,27.58,28.26,-0.4621,-0.4444,-2.825,-0.0018,-0.0019,0.0012
KSV,2024-04-26,27.27,27.46,27.27,27.36,4000,27.52,27.56,28.27,-0.5702,-0.7117,-3.1989,0.0,0.0,0.0009
KSV,2024-05-02,28.25,28.54,27.36,27.36,24910,27.42,27.55,28.27,-0.2146,-0.6764,-3.2057,-0.011,-0.0128,0.002
KSV,2024-05-03,27.17,27.46,27.17,27.46,4600,27.42,27.54,28.27,0.1431,-0.2849,-2.8722,0.0015,0.0018,0.002
KSV,2024-05-06,27.46,27.66,27.36,27.56,4000,27.51,27.54,28.26,0.1782,0.089,-2.4644,0.0003,0.0004,0.0017
KSV,2024-05-07,27.56,27.95,27.46,27.95,11500,27.55,27.57,28.25,1.4596,1.4054,-1.0485,0.0044,0.0047,0.0022
KSV,2024-05-08,27.95,28.44,27.66,28.44,11700,27.64,27.62,28.26,2.9099,2.983,0.6595,0.0027,0.0035,0.0024
KSV,2024-05-09,28.05,28.05,27.66,28.05,3201,27.68,27.65,28.27,1.3466,1.4364,-0.7702,0.0009,0.001,0.0024
KSV,2024-05-10,28.34,28.54,27.95,28.54,5135,27.81,27.7,28.24,2.6455,3.0453,1.0838,0.0016,0.002,0.0024
KSV,2024-05-13,28.15,28.34,27.95,27.95,5100,27.82,27.71,28.15,0.4936,0.8671,-0.7107,-0.0018,-0.0026,0.0026
KSV,2024-05-14,28.44,28.74,28.25,28.34,12700,27.9,27.75,28.12,1.5817,2.1562,0.8163,-0.0027,-0.0032,0.0027
KSV,2024-05-15,28.84,31.09,28.84,31.09,80887,28.28,27.9,28.12,9.9549,11.4431,10.5685,0.0237,0.031,0.0051
KSV,2024-05-16,31.39,34.13,31.09,31.88,55025,28.73,28.08,28.14,10.9594,13.5371,13.2562,-0.006,-0.0084,0.0046
KSV,2024-05-17,31.48,34.13,31.48,33.25,57931,29.31,28.36,28.2,13.4538,17.2199,17.8884,0.0044,0.0063,0.0048
KSV,2024-05-20,33.25,35.8,33.25,35.21,113022,30.07,28.79,28.33,17.0907,22.296,24.2989,0.0106,0.0159,0.0059
KSV,2024-05-21,35.31,35.5,33.84,34.62,31869,30.74,29.14,28.45,12.6356,18.7952,21.6822,-0.0004,-0.0006,0.0055
KSV,2024-05-22,35.11,35.11,33.84,34.33,18753,31.33,29.48,28.56,9.5805,16.4338,20.184,-0.0007,-0.0011,0.0053
KSV,2024-05-23,33.35,34.13,32.95,33.15,28029,31.84,29.76,28.65,4.1282,11.4041,15.7138,-0.0031,-0.0043,0.0055
KSV,2024-05-24,33.25,33.25,32.37,32.76,17105,32.26,30.03,28.74,1.5506,9.079,13.9932,-0.0003,-0.0005,0.0054
KSV,2024-05-27,32.86,34.33,32.86,33.45,15900,32.81,30.31,28.84,1.9432,10.3381,15.9627,-0.0009,-0.0014,0.0053
KSV,2024-05-28,33.45,34.72,33.45,34.23,10301,33.4,30.65,28.95,2.4963,11.68,18.233,0.0006,0.0008,0.0051
KSV,2024-05-29,34.52,35.11,33.64,33.94,16069,33.68,30.98,29.06,0.7571,9.5457,16.7735,-0.0015,-0.0024,0.0029
KSV,2024-05-30,33.94,33.94,32.95,33.54,20100,33.85,31.29,29.16,-0.8983,7.21,15.0276,0.0007,0.001,0.0023
KSV,2024-05-31,33.35,33.64,33.05,33.64,3211,33.89,31.6,29.26,-0.7236,6.4721,14.9541,0.0009,0.0013,0.002
KSV,2024-06-03,33.64,33.84,33.35,33.35,13325,33.7,31.89,29.36,-1.0477,4.5832,13.568,-0.0027,-0.004,0.0012
KSV,2024-06-04,33.45,36.58,33.35,35.01,50532,33.74,32.24,29.5,3.7791,8.6097,18.7072,0.0003,0.0005,0.0012
KSV,2024-06-05,35.31,36.98,35.01,35.5,26965,33.86,32.59,29.64,4.8668,8.9377,19.7962,-0.0025,-0.0034,0.0014
KSV,2024-06-06,35.31,36.29,34.82,35.31,20801,34.07,32.95,29.78,3.6269,7.1429,18.5615,-0.0022,-0.0031,0.0013
KSV,2024-06-07,35.31,35.41,34.62,34.62,8500,34.26,33.26,29.9,1.0593,4.0991,15.7757,-0.0029,-0.0045,0.0015
KSV,2024-06-10,34.03,34.62,34.03,34.13,4954,34.33,33.57,30.02,-0.5714,1.6801,13.6809,-0.0009,-0.0012,0.0015
KSV,2024-06-11,34.33,34.33,33.54,34.13,20754,34.32,33.86,30.16,-0.543,0.8111,13.1781,0.0019,0.0027,0.0016
KSV,2024-06-12,33.94,34.82,33.84,34.82,22519,34.41,34.04,30.3,1.1973,2.276,14.9239,0.0043,0.006,0.0019
KSV,2024-06-13,34.43,35.11,34.33,34.62,10224,34.51,34.18,30.44,0.3126,1.2912,13.7462,-0.0006,-0.0008,0.0019
KSV,2024-06-14,34.62,34.82,34.33,34.33,9120,34.58,34.23,30.57,-0.7374,0.2722,12.2874,-0.0009,-0.0014,0.0019
KSV,2024-06-17,34.13,34.33,34.13,34.33,6300,34.68,34.19,30.7,-1.0181,0.4016,11.7996,0.0015,0.0021,0.0018
KSV,2024-06-18,34.33,35.21,34.33,34.62,20678,34.64,34.19,30.85,-0.0566,1.2622,12.2274,-0.0015,-0.0019,0.0019
KSV,2024-06-19,34.62,38.05,34.62,38.05,68698,34.9,34.38,31.06,9.05,10.699,22.5057,0.017,0.0256,0.0034
KSV,2024-06-20,41.19,41.78,37.27,38.55,31501,35.22,34.65,31.29,9.4403,11.2526,23.1975,-0.0033,-0.0056,0.0035
KSV,2024-06-21,38.55,38.74,36.29,38.05,43237,35.56,34.91,31.5,7.005,9.0041,20.8271,0.0043,0.007,0.0036
KSV,2024-06-24,38.05,38.05,35.6,35.6,29655,35.71,35.02,31.65,-0.3021,1.6664,12.4745,-0.0038,-0.0055,0.0039
KSV,2024-06-25,35.41,36.49,35.31,35.6,11834,35.86,35.09,31.81,-0.7111,1.4675,11.9127,-0.0023,-0.0033,0.004
KSV,2024-06-26,35.6,36.09,35.5,35.9,7700,35.97,35.19,31.97,-0.1909,2.0209,12.2837,0.0008,0.0011,0.0036
KSV,2024-06-27,36.78,36.78,35.11,35.9,13644,36.09,35.3,32.12,-0.5435,1.6808,11.7557,-0.0003,-0.0005,0.0036
KSV,2024-06-28,35.41,35.41,34.62,34.72,17800,36.13,35.36,32.27,-3.9088,-1.8031,7.6053,-0.0032,-0.0048,0.0038
KSV,2024-07-01,34.72,34.82,33.35,34.72,11301,36.17,35.43,32.43,-4.013,-1.9934,7.0716,0.0035,0.0042,0.004
KSV,2024-07-02,34.72,34.92,34.33,34.92,3500,36.2,35.42,32.57,-3.5492,-1.426,7.1902,0.0013,0.0017,0.004
KSV,2024-07-03,36.0,36.0,35.31,35.31,700,35.93,35.41,32.73,-1.7199,-0.2908,7.8813,-0.0003,-0.0004,0.0023
KSV,2024-07-04,36.0,36.0,35.41,36.0,11520,35.67,35.45,32.9,0.9073,1.5495,9.4216,0.0043,0.0057,0.0024
KSV,2024-07-05,35.9,35.9,35.31,35.8,18534,35.45,35.5,33.07,0.9961,0.8287,8.2636,0.0039,0.0057,0.0024
KSV,2024-07-08,37.07,37.07,35.11,35.9,20433,35.48,35.59,33.23,1.1888,0.8542,8.0347,-0.001,-0.0015,0.0021
KSV,2024-07-09,35.6,36.09,35.5,35.5,5375,35.47,35.66,33.39,0.1106,-0.44,6.3392,-0.0013,-0.0019,0.002
KSV,2024-07-10,35.6,35.6,35.31,35.31,12603,35.41,35.69,33.55,-0.277,-1.0581,5.2509,-0.0029,-0.0039,0.0022
KSV,2024-07-11,35.31,35.9,35.01,35.01,6300,35.32,35.71,33.7,-0.8609,-1.9365,3.8999,-0.0016,-0.0023,0.0023
KSV,2024-07-12,36.0,36.0,34.92,35.41,3500,35.39,35.76,33.86,0.0554,-0.9874,4.571,-0.0001,-0.0002,0.002
KSV,2024-07-15,35.41,35.7,35.41,35.5,10200,35.47,35.82,34.02,0.1106,-0.8762,4.3709,-0.0014,-0.002,0.0018
KSV,2024-07-16,35.7,36.39,35.6,36.29,13064,35.6,35.9,34.18,1.9284,1.0791,6.1571,0.0026,0.0039,0.0019
KSV,2024-07-17,36.0,36.09,35.7,35.7,16401,35.64,35.78,34.33,0.1651,-0.233,3.994,-0.0028,-0.0049,0.0022
KSV,2024-07-18,35.7,35.7,34.52,35.5,4810,35.59,35.63,34.48,-0.248,-0.3578,2.9755,0.0007,0.0009,0.0018
KSV,2024-07-19,35.31,35.31,34.72,34.72,13400,35.49,35.47,34.6,-2.1559,-2.1018,0.3401,-0.0031,-0.0053,0.0017
KSV,2024-07-22,34.72,36.39,34.33,36.39,23056,35.53,35.5,34.77,2.4013,2.4862,4.6485,0.0053,0.0085,0.0022
KSV,2024-07-23,36.49,39.92,36.49,36.78,38580,35.66,35.56,34.94,3.1353,3.4198,5.2661,-0.0063,-0.0106,0.0027
KSV,2024-07-24,36.68,36.78,36.09,36.19,7200,35.75,35.58,35.04,1.2346,1.7229,3.2803,-0.0013,-0.0021,0.0025
KSV,2024-07-25,35.8,35.8,34.33,34.33,34300,35.68,35.5,35.09,-3.7933,-3.3016,-2.1745,-0.016,-0.0238,0.004
KSV,2024-07-26,34.33,35.6,34.33,35.6,5600,35.7,35.54,35.14,-0.2747,0.1656,1.3231,0.0024,0.0033,0.0042
KSV,2024-07-29,35.8,37.66,34.92,35.31,9375,35.68,35.57,35.14,-1.0445,-0.7444,0.4801,-0.0025,-0.0038,0.0043
KSV,2024-07-30,35.5,38.84,35.5,38.84,128947,35.94,35.77,35.22,8.0786,8.5824,10.2634,0.0385,0.0828,0.0079
KSV,2024-07-31,42.66,42.66,41.68,42.66,393954,36.63,36.14,35.39,16.4659,18.0621,20.552,0.1,0.1871,0.0176
KSV,2024-08-01,46.88,46.88,43.65,46.88,334790,37.77,36.68,35.67,24.1236,27.8075,31.4487,0.0578,0.1216,0.0233
KSV,2024-08-02,48.06,51.49,48.06,51.49,417464,39.45,37.47,36.04,30.5321,37.4346,42.8727,0.0841,0.1957,0.0314
KSV,2024-08-05,56.59,56.59,52.47,56.59,334599,41.47,38.5,36.5,36.4711,46.9876,55.0325,0.0478,0.1356,0.0357
KSV,2024-08-06,62.08,62.08,56.49,61.59,203709,43.95,39.81,37.05,40.1473,54.737,66.2431,0.0453,0.1252,0.0396
KSV,2024-08-07,61.59,64.63,55.51,55.51,240403,45.88,40.82,37.48,20.9919,36.0087,48.1055,-0.0828,-0.183,0.0477
KSV,2024-08-08,57.87,58.55,52.47,56.2,45590,48.07,41.87,37.94,16.9149,34.2077,48.1462,0.0032,0.0096,0.0465
KSV,2024-08-09,56.98,57.77,50.61,50.61,125594,49.57,42.64,38.27,2.0973,18.7025,32.2263,-0.0424,-0.0813,0.0505
KSV,2024-08-12,50.81,55.61,45.9,47.86,222496,50.82,43.25,38.56,-5.8279,10.6576,24.1099,-0.0424,-0.0853,0.0544
KSV,2024-08-13,46.1,50.02,46.1,47.47,60424,51.69,43.81,38.81,-8.1594,8.3501,22.3025,-0.0081,-0.0161,0.0514
KSV,2024-08-14,47.47,49.55,47.07,47.57,78746,52.18,44.41,39.06,-8.8354,7.1222,21.797,-0.0178,-0.0357,0.0432
KSV,2024-08-15,47.57,51.33,46.58,50.94,60813,52.58,45.18,39.37,-3.1308,12.7507,29.3887,0.0209,0.0474,0.0395
KSV,2024-08-16,51.53,51.53,49.55,50.14,55292,52.45,45.95,39.68,-4.3936,9.1328,26.3783,-0.003,-0.0069,0.0314
KSV,2024-08-19,53.51,53.51,50.14,51.73,44511,51.96,46.72,40.03,-0.4477,10.7349,29.2281,-0.0008,-0.0018,0.0267
KSV,2024-08-20,50.74,52.42,50.74,51.53,20416,50.96,47.45,40.38,1.1291,8.5959,27.6234,-0.0003,-0.0007,0.0222
KSV,2024-08-21,51.53,51.83,49.95,50.14,51526,50.42,48.15,40.68,-0.5459,4.1411,23.2518,-0.0099,-0.02,0.0149
KSV,2024-08-22,51.93,51.93,49.05,49.55,25813,49.75,48.91,40.98,-0.4118,1.3049,20.903,-0.0058,-0.0131,0.0151
KSV,2024-08-23,50.34,50.74,49.45,49.55,13807,49.65,49.61,41.29,-0.1994,-0.1192,20.0115,-0.0035,-0.0083,0.0113
KSV,2024-08-26,51.53,51.53,48.96,50.34,33719,49.9,50.36,41.61,0.8934,-0.0358,20.9931,0.0006,0.0013,0.0071
KSV,2024-08-27,50.05,55.3,49.15,55.3,83751,50.68,51.18,42.02,9.1122,8.0378,31.594,0.0289,0.0599,0.0091
KSV,2024-08-28,55.5,60.65,55.5,60.45,41298,51.97,52.07,42.47,16.3234,16.0888,42.34,0.0121,0.0336,0.0086
KSV,2024-08-29,59.96,60.25,56.49,56.78,27401,52.55,52.57,42.83,8.052,8.0202,32.5676,-0.0073,-0.0188,0.0072
KSV,2024-08-30,56.78,62.43,56.78,62.43,68439,53.78,53.12,43.32,16.0862,17.5425,44.1145,0.0224,0.0605,0.0092
KSV,2024-09-04,61.44,65.51,59.46,61.44,69835,54.75,53.36,43.84,12.2172,15.151,40.1551,-0.007,-0.0186,0.0098
KSV,2024-09-05,62.23,62.23,59.46,61.14,34200,55.71,53.34,44.35,9.7474,14.642,37.8704,0.0024,0.0062,0.01
KSV,2024-09-06,61.14,61.44,58.47,59.36,21605,56.64,53.53,44.82,4.8119,10.8975,32.4467,-0.003,-0.0069,0.0093
KSV,2024-09-09,58.96,59.46,56.49,56.88,16630,57.37,53.56,45.24,-0.8464,6.2012,25.7413,-0.0064,-0.0151,0.0094
KSV,2024-09-10,56.88,57.38,52.13,52.32,79334,57.65,53.65,45.59,-9.2316,-2.466,14.7712,-0.0223,-0.0526,0.0113
KSV,2024-09-11,52.32,54.41,52.32,52.82,27521,57.89,53.9,45.95,-8.7641,-1.9952,14.9454,-0.0057,-0.014,0.0118
KSV,2024-09-12,52.92,53.51,49.85,52.42,23702,57.61,54.14,46.3,-8.9971,-3.1756,13.22,0.0048,0.0109,0.0094
KSV,2024-09-13,52.92,55.5,51.53,55.0,21403,57.06,54.51,46.7,-3.6124,0.8907,17.7829,0.0079,0.0188,0.0089
KSV,2024-09-16,54.5,55.5,52.92,52.92,6322,56.68,54.61,47.03,-6.627,-3.1029,12.5107,-0.002,-0.0044,0.0084
KSV,2024-09-17,54.5,54.5,52.52,53.51,10210,55.78,54.78,47.39,-4.0682,-2.3155,12.9242,0.0,0.0,0.0062
KSV,2024-09-18,54.01,57.48,52.52,53.51,18467,54.99,54.87,47.74,-2.6852,-2.4743,12.0908,-0.0043,-0.0089,0.0059
KSV,2024-09-19,54.21,54.21,51.53,52.92,16830,54.17,54.94,48.09,-2.3052,-3.6797,10.0426,0.0003,0.0006,0.0057
KSV,2024-09-20,52.52,53.02,52.23,53.02,11465,53.53,55.08,48.44,-0.9626,-3.751,9.4426,0.0028,0.0058,0.0057
KSV,2024-09-23,52.92,52.92,51.73,51.83,2003,53.03,55.2,48.78,-2.2613,-6.1041,6.2502,-0.0006,-0.0015,0.0051
KSV,2024-09-24,50.84,53.51,50.84,53.51,20300,53.15,55.4,49.14,0.6899,-3.3989,8.8954,0.006,0.0141,0.0034
KSV,2024-09-25,56.98,58.07,53.51,55.0,40489,53.37,55.63,49.53,3.0641,-1.1312,11.0392,-0.003,-0.0072,0.0032
KSV,2024-09-26,57.38,57.48,53.61,53.91,16869,53.51,55.56,49.88,0.7407,-2.9698,8.0695,-0.0032,-0.0077,0.003
KSV,2024-09-27,55.5,56.09,53.51,54.41,15315,53.45,55.26,50.26,1.7798,-1.5423,8.251,-0.0014,-0.0033,0.0024
KSV,2024-09-30,54.5,55.89,53.61,54.8,5917,53.64,55.16,50.64,2.1615,-0.6468,8.2088,0.0001,0.0002,0.0022
KSV,2024-10-01,54.01,55.99,53.91,54.5,38743,53.74,54.76,51.04,1.4199,-0.4705,6.7874,-0.0035,-0.008,0.0025
KSV,2024-10-02,53.71,54.41,53.71,54.41,1904,53.83,54.41,51.4,1.0677,-0.0091,5.8459,0.0005,0.0013,0.0021
KSV,2024-10-03,54.41,54.41,52.52,53.12,14807,53.85,54.01,51.73,-1.3618,-1.6514,2.6868,-0.0008,-0.0021,0.0022
KSV,2024-10-04,53.12,53.12,52.72,52.72,17257,53.82,53.68,52.06,-2.0438,-1.7816,1.2732,-0.0043,-0.0105,0.0024
KSV,2024-10-07,53.51,53.51,51.53,53.12,8114,53.95,53.49,52.43,-1.543,-0.6948,1.3034,0.0021,0.0047,0.0025
KSV,2024-10-08,52.72,53.22,51.93,51.93,4180,53.79,53.47,52.76,-3.4635,-2.882,-1.5775,-0.0011,-0.0024,0.002
KSV,2024-10-09,51.93,52.42,51.73,51.93,3005,53.48,53.42,53.09,-2.909,-2.801,-2.1937,-0.0004,-0.0007,0.0017
KSV,2024-10-10,52.03,52.52,51.33,51.33,11000,53.23,53.37,53.34,-3.5561,-3.8158,-3.7666,-0.0025,-0.0049,0.0017
KSV,2024-10-11,51.14,51.43,49.75,50.54,15680,52.84,53.15,53.5,-4.3511,-4.904,-5.5318,-0.0003,-0.0007,0.0016
KSV,2024-10-14,50.44,50.44,49.65,49.65,14680,52.32,52.98,53.56,-5.1136,-6.2938,-7.2947,-0.0037,-0.0081,0.0019
KSV,2024-10-15,49.75,50.34,49.55,49.65,2400,51.84,52.79,53.52,-4.2248,-5.9508,-7.2309,-0.0004,-0.0009,0.0016
KSV,2024-10-16,49.75,49.75,49.35,49.35,16843,51.33,52.58,53.37,-3.861,-6.144,-7.5363,-0.0064,-0.0126,0.0022
KSV,2024-10-17,49.35,50.44,44.6,49.55,13407,50.98,52.41,53.13,-2.7994,-5.4642,-6.7441,0.002,0.0044,0.0023
KSV,2024-10-18,49.95,49.95,48.56,48.56,4200,50.56,52.19,52.99,-3.9592,-6.9591,-8.3693,-0.0011,-0.0024,0.002
KSV,2024-10-21,48.56,51.04,48.56,49.65,21807,50.21,52.08,52.86,-1.1249,-4.6713,-6.0801,-0.0007,-0.0013,0.0019
KSV,2024-10-22,49.55,49.55,48.26,49.55,13956,49.98,51.88,52.84,-0.8527,-4.4981,-6.23,0.0041,0.0081,0.0021
KSV,2024-10-23,48.06,49.55,48.06,49.55,3100,49.74,51.61,52.88,-0.3786,-3.9939,-6.2899,0.0013,0.0027,0.0022
KSV,2024-10-24,49.55,49.55,48.76,48.76,1803,49.48,51.35,52.9,-1.462,-5.056,-7.8341,-0.0004,-0.0008,0.002
KSV,2024-10-25,49.35,49.35,48.56,48.66,3200,49.29,51.07,52.92,-1.2867,-4.7157,-8.0593,-0.0009,-0.0017,0.0021
KSV,2024-10-28,48.66,49.45,48.66,49.45,1351,49.27,50.8,52.89,0.362,-2.6531,-6.5088,0.0007,0.0013,0.0018
KSV,2024-10-29,49.55,49.55,48.56,49.45,3110,49.25,50.55,52.88,0.4024,-2.1665,-6.4843,0.001,0.0019,0.0018
KSV,2024-10-30,49.45,49.45,48.16,48.26,9900,49.14,50.24,52.81,-1.7947,-3.9353,-8.6132,-0.0042,-0.0072,0.0016
KSV,2024-10-31,49.55,53.02,49.55,53.02,50234,49.49,50.23,52.84,7.1286,5.5435,0.3376,0.0222,0.0469,0.0036
KSV,2024-11-01,58.27,58.27,55.0,56.29,71215,50.26,50.41,52.96,11.9874,11.6572,6.2795,-0.0045,-0.01,0.004
KSV,2024-11-04,55.99,55.99,52.52,52.52,17927,50.55,50.38,53.02,3.9012,4.2486,-0.942,-0.0058,-0.013,0.0045
KSV,2024-11-05,50.74,53.41,50.74,52.42,28928,50.84,50.41,53.08,3.1189,4.0008,-1.236,0.0039,0.0085,0.0045
KSV,2024-11-06,51.73,52.62,51.63,52.03,17301,51.09,50.41,53.11,1.8429,3.2042,-2.0449,-0.0011,-0.0023,0.0045
KSV,2024-11-07,53.02,54.5,51.43,51.53,22837,51.36,50.42,53.04,0.328,2.2013,-2.8401,-0.0077,-0.0171,0.0052
KSV,2024-11-08,51.63,51.73,50.84,51.53,6011,51.65,50.47,52.86,-0.2302,2.1009,-2.5122,0.0011,0.0024,0.0052
KSV,2024-11-11,50.54,51.53,50.54,51.33,30058,51.84,50.56,52.75,-0.975,1.5388,-2.6865,0.0048,0.0092,0.0056
KSV,2024-11-12,52.03,52.03,50.74,51.43,8537,52.04,50.65,52.53,-1.1617,1.5556,-2.0903,0.0002,0.0004,0.0055
KSV,2024-11-13,51.14,51.53,50.54,51.53,9536,52.36,50.75,52.33,-1.5897,1.5328,-1.5301,0.0032,0.0066,0.0055
KSV,2024-11-14,51.14,51.14,50.14,50.14,27939,52.08,50.78,52.11,-3.7108,-1.2587,-3.7767,-0.0071,-0.0147,0.0039
KSV,2024-11-15,50.14,50.14,49.25,49.35,15666,51.38,50.82,51.91,-3.9537,-2.8956,-4.9328,-0.0031,-0.0067,0.0038
KSV,2024-11-18,50.34,50.44,48.66,48.76,4795,51.01,50.78,51.75,-4.4103,-3.9813,-5.7832,-0.0017,-0.0034,0.0034
KSV,2024-11-19,49.45,53.61,49.45,51.04,25240,50.87,50.85,51.72,0.3312,0.3605,-1.3297,-0.0018,-0.0034,0.0032
KSV,2024-11-20,51.93,51.93,49.55,49.55,16288,50.62,50.85,51.66,-2.1143,-2.5626,-4.0823,-0.0062,-0.0115,0.0037
KSV,2024-11-21,51.43,51.43,49.05,50.44,2502,50.51,50.94,51.62,-0.1373,-0.9728,-2.2808,0.0002,0.0003,0.0029
KSV,2024-11-22,50.44,50.44,45.49,49.35,31911,50.29,50.97,51.51,-1.8719,-3.1788,-4.1829,0.0068,0.0154,0.0035
KSV,2024-11-25,49.35,49.95,44.5,44.5,47161,49.61,50.72,51.34,-10.3076,-12.279,-13.3272,-0.0207,-0.0402,0.0051
KSV,2024-11-26,48.06,48.76,42.61,44.2,82026,48.89,50.46,51.15,-9.5885,-12.4116,-13.5927,-0.017,-0.0335,0.0068
KSV,2024-11-27,44.6,46.58,43.6,44.5,22713,48.18,50.27,50.97,-7.6512,-11.4922,-12.7037,-0.0049,-0.0088,0.0069
KSV,2024-11-28,45.39,46.48,44.6,45.29,20821,47.7,49.89,50.82,-5.0488,-9.2173,-10.8814,-0.0025,-0.0049,0.0065
KSV,2024-11-29,46.28,47.47,45.59,46.68,51294,47.43,49.41,50.69,-1.588,-5.526,-7.9215,0.0032,0.0057,0.0065
KSV,2024-12-02,47.17,47.17,46.38,46.68,9498,47.22,49.11,50.59,-1.1542,-4.9637,-7.7339,-0.0015,-0.0026,0.0065
KSV,2024-12-03,46.38,46.58,45.59,46.18,24280,46.74,48.8,50.44,-1.1874,-5.3711,-8.4479,0.0015,0.0031,0.0064
KSV,2024-12-04,46.18,50.74,46.08,50.74,101152,46.85,48.74,50.36,8.291,4.1074,0.7596,0.0319,0.0717,0.009
KSV,2024-12-05,50.74,55.1,50.74,53.51,86366,47.16,48.84,50.35,13.4692,9.5779,6.2867,0.0033,0.0079,0.0093
KSV,2024-12-06,54.7,55.4,52.32,52.52,21475,47.48,48.89,50.31,10.6241,7.4397,4.3965,-0.0054,-0.0121,0.0092
KSV,2024-12-09,52.52,57.78,52.52,57.78,115477,48.81,49.21,50.37,18.3756,17.4101,14.7006,0.0483,0.1269,0.0119
KSV,2024-12-10,58.47,63.52,58.37,63.52,75730,50.74,49.81,50.55,25.1953,27.5241,25.6616,0.0286,0.0801,0.0131
KSV,2024-12-11,69.87,69.87,69.87,69.87,149659,53.28,50.73,50.86,31.1384,37.7222,37.368,0.0,0.0,0.0126
KSV,2024-12-12,76.8,76.8,68.48,69.87,98785,55.73,51.72,51.2,25.3556,35.0963,36.4692,-0.0234,-0.0679,0.0147
KSV,2024-12-13,70.26,70.26,63.42,65.6,66101,57.63,52.53,51.45,13.8435,24.8939,27.5039,-0.0123,-0.0339,0.0156
KSV,2024-12-16,66.1,72.14,66.1,72.14,21773,60.17,53.7,51.83,19.8946,34.3545,39.1863,0.0119,0.0378,0.0167
KSV,2024-12-17,79.28,79.28,73.33,79.28,172383,63.48,55.11,52.38,24.8829,43.859,51.3546,0.1001,0.3013,0.0265
KSV,2024-12-18,80.27,85.52,79.28,81.16,113339,66.53,56.69,52.96,22.0021,43.1693,53.2388,-0.0198,-0.0732,0.0253
KSV,2024-12-19,81.16,81.16,77.5,80.27,99409,69.2,58.18,53.54,15.996,37.9663,49.9167,0.015,0.0517,0.0265
KSV,2024-12-20,79.28,88.3,78.49,88.3,169670,72.78,60.13,54.3,21.3235,46.848,62.615,0.0546,0.2303,0.0314
KSV,2024-12-23,89.19,97.12,89.19,97.12,70245,76.71,62.76,55.25,26.5986,54.745,75.7848,0.0323,0.1332,0.0298
KSV,2024-12-24,104.06,106.83,99.1,106.83,136417,81.04,65.89,56.39,31.8171,62.1296,89.4419,0.043,0.2026,0.0312
KSV,2024-12-25,112.97,117.43,112.97,117.43,43584,85.8,69.54,57.75,36.8676,68.8756,103.3357,0.0126,0.0632,0.0325
KSV,2024-12-26,129.13,129.13,128.83,129.13,42872,91.73,73.73,59.35,40.7736,75.1344,117.5873,0.0143,0.084,0.0316
KSV,2024-12-27,142.01,142.01,117.43,130.81,225759,98.25,77.94,60.99,33.145,67.8428,114.4807,0.0065,0.0343,0.031
KSV,2024-12-30,130.81,130.81,117.73,117.73,179427,102.81,81.49,62.35,14.5171,44.4728,88.8172,-0.063,-0.3191,0.0361
KSV,2024-12-31,110.2,115.95,106.04,106.04,198523,105.48,84.48,63.48,0.5261,25.5132,67.0361,-0.0748,-0.3238,0.0336
KSV,2025-01-02,95.43,107.03,95.43,101.28,232917,107.49,87.01,64.52,-5.7804,16.4009,56.9844,0.0012,0.005,0.0317
KSV,2025-01-03,104.06,111.39,98.11,111.39,115815,110.61,89.9,65.77,0.7078,23.8977,69.3638,0.0294,0.1396,0.0332
KSV,2025-01-06,122.49,122.49,109.01,113.17,115295,113.09,92.94,67.06,0.0701,21.7744,68.7651,-0.0145,-0.0713,0.0292
KSV,2025-01-07,113.27,116.44,107.52,107.52,65859,114.13,95.42,68.22,-5.7914,12.6804,57.6119,-0.0238,-0.1105,0.0283
KSV,2025-01-08,107.23,117.93,104.06,115.95,81220,115.05,98.04,69.55,0.7839,18.2595,66.7094,0.0286,0.142,0.0269
KSV,2025-01-09,115.95,119.12,114.46,117.93,69519,115.09,100.45,70.94,2.4625,17.4033,66.229,0.0197,0.1039,0.0276
KSV,2025-01-10,117.93,129.72,115.95,129.72,168670,115.15,103.44,72.48,12.6506,25.4072,78.9816,0.0468,0.284,0.0308
KSV,2025-01-13,126.85,139.14,126.85,134.18,48920,115.49,106.87,74.04,16.1833,25.5564,81.239,0.0038,0.0221,0.0306
KSV,2025-01-14,135.77,135.77,125.86,132.79,48744,117.0,109.9,75.64,13.5016,20.8296,75.5581,0.0099,0.0589,0.0253
KSV,2025-01-15,132.69,133.69,127.94,128.14,33871,119.21,112.34,77.16,7.4902,14.0564,66.0758,-0.0136,-0.0853,0.0191
KSV,2025-01-16,130.32,140.92,128.14,140.92,75793,123.17,115.33,78.93,14.4098,22.1859,78.5311,0.0366,0.2274,0.0227
KSV,2025-01-17,141.71,154.99,140.92,148.15,101068,126.85,118.73,80.87,16.7969,24.7861,83.2108,0.0014,0.0086,0.0199
KSV,2025-01-20,148.15,162.52,143.79,158.56,32616,131.39,122.24,83.01,20.6819,29.7122,91.022,0.0098,0.0692,0.0194
KSV,2025-01-21,158.56,173.42,154.6,166.98,46066,137.33,125.73,85.32,21.5904,32.8079,95.7163,0.0077,0.0602,0.0178
KSV,2025-01-22,156.58,173.42,156.58,158.56,72645,141.59,128.32,87.46,11.9821,23.5664,81.2908,-0.0198,-0.1437,0.0169
KSV,2025-01-23,158.56,173.42,158.56,163.51,104567,146.15,130.62,89.7,11.8796,25.1802,82.2882,-0.0135,-0.0908,0.0163
KSV,2025-01-24,164.01,168.97,148.65,158.56,44151,149.04,132.1,91.87,6.3901,20.0345,72.5923,-0.0004,-0.0027,0.0116
KSV,2025-02-03,158.56,165.5,158.56,161.63,78299,151.78,133.64,94.12,6.4899,20.9492,71.7384,-0.0037,-0.0211,0.0116
KSV,2025-02-04,168.47,177.79,163.12,177.79,93815,156.28,136.64,96.7,13.7603,30.1131,83.8605,0.029,0.2624,0.0136
KSV,2025-02-05,187.5,195.52,180.96,195.52,66244,163.02,141.11,99.59,19.9392,38.5582,96.3379,0.0223,0.2052,0.0144
KSV,2025-02-06,211.08,215.05,201.17,215.05,45478,170.43,146.8,102.9,26.1775,46.488,108.9955,0.0185,0.1804,0.0126
KSV,2025-02-07,235.86,236.55,215.05,220.0,144538,177.62,152.23,106.29,23.8632,44.5171,106.9891,-0.0268,-0.2538,0.0152
KSV,2025-02-10,223.97,242.0,220.99,239.82,85953,185.74,158.56,110.1,29.1149,51.2453,117.8296,0.0169,0.1611,0.0159
KSV,2025-02-11,237.84,239.82,223.17,228.13,58062,191.86,164.6,113.77,18.905,38.5996,100.5192,-0.0086,-0.08,0.0159
KSV,2025-02-12,234.37,239.82,224.96,231.0,63792,199.1,170.35,117.5,16.0221,35.606,96.5894,-0.0046,-0.0487,0.0144
KSV,2025-02-13,237.34,254.09,231.89,254.09,101326,208.16,177.16,121.7,22.0662,43.4285,108.7914,0.0379,0.3986,0.0169
KSV,2025-02-14,275.5,279.46,267.57,279.46,64470,220.25,184.64,126.38,26.8841,51.3525,121.1279,0.0173,0.2103,0.0186
KSV,2025-02-17,292.05,307.41,287.39,296.8,129421,233.77,192.77,131.38,26.966,53.9648,125.9082,-0.0019,-0.0265,0.0184
KSV,2025-02-18,316.13,316.13,267.17,267.17,88698,242.71,199.49,135.79,10.0813,33.9261,96.751,-0.0303,-0.4043,0.0185
KSV,2025-02-19,247.75,257.66,240.52,240.52,40044,247.2,205.11,139.68,-2.706,17.2605,72.1912,-0.0091,-0.1093,0.0172
KSV,2025-02-20,217.03,264.5,216.53,255.28,147515,251.23,210.83,143.77,1.6133,21.0839,77.5621,0.0254,0.2911,0.0179
KSV,2025-02-21,255.68,262.32,232.88,234.47,66189,252.68,215.15,147.39,-7.2048,8.982,59.0824,-0.0194,-0.2065,0.0171
KSV,2025-02-24,234.47,234.57,211.08,211.08,173625,249.8,217.77,150.56,-15.4997,-3.0717,40.198,-0.0378,-0.345,0.0192
KSV,2025-02-25,189.97,210.09,189.97,189.97,163368,245.99,218.92,153.2,-22.7701,-13.2226,24.0006,-0.0422,-0.3843,0.0226
KSV,2025-02-26,175.41,189.78,171.24,188.29,150821,241.71,220.41,155.7,-22.1024,-14.5722,20.9313,0.0328,0.2985,0.0254
KSV,2025-02-27,188.29,207.12,188.29,207.12,88710,237.02,222.59,158.45,-12.6145,-6.9498,30.7198,0.0161,0.1578,0.0232
KSV,2025-02-28,217.03,224.96,205.14,217.03,123118,230.77,225.51,161.39,-5.9561,-3.7616,34.4763,0.0061,0.0614,0.0221
KSV,2025-03-03,217.03,231.89,217.03,223.17,53870,223.41,228.59,164.54,-0.1065,-2.3692,35.6349,-0.0024,-0.0258,0.0222
KSV,2025-03-04,225.16,225.16,201.77,216.53,54172,218.35,230.53,167.43,-0.8306,-6.07,29.3297,0.0038,0.0353,0.0195
KSV,2025-03-05,217.82,225.95,212.27,216.53,45746,215.95,231.58,170.17,0.2708,-6.4961,27.2435,-0.0027,-0.0275,0.0189
KSV,2025-03-06,219.9,220.99,202.16,202.66,64634,210.69,230.96,172.6,-3.81,-12.2525,17.414,-0.008,-0.0803,0.0171
KSV,2025-03-07,205.14,208.01,182.74,190.27,116856,206.27,229.47,174.8,-7.7544,-17.0823,8.8497,-0.0097,-0.0862,0.0162
KSV,2025-03-10,190.27,209.3,190.27,209.3,67232,206.09,227.94,177.22,1.558,-8.1799,18.0997,0.0146,0.1324,0.0138
KSV,2025-03-11,210.09,224.96,207.32,207.32,85093,207.82,226.9,179.43,-0.2432,-8.6323,15.5444,-0.0143,-0.132,0.0111
KSV,2025-03-12,207.32,213.06,196.22,197.21,70428,208.71,225.21,181.23,-5.5126,-12.4351,8.8145,-0.0115,-0.1017,0.0089
KSV,2025-03-13,204.05,208.11,187.4,190.27,91904,207.03,222.02,182.69,-8.0944,-14.301,4.1497,-0.0109,-0.0922,0.0084
KSV,2025-03-14,196.12,207.22,189.38,203.16,61730,205.64,218.21,184.17,-1.2096,-6.8986,10.3076,0.0063,0.0586,0.0084
KSV,2025-03-17,203.16,209.1,190.97,192.95,51317,202.62,213.02,185.41,-4.7735,-9.4208,4.0631,-0.0107,-0.0908,0.0093
KSV,2025-03-18,203.16,203.16,192.15,194.43,41004,200.41,209.38,186.95,-2.9818,-7.1374,4.0043,-0.0044,-0.0394,0.0093
KSV,2025-03-19,194.43,194.43,178.38,189.78,64789,197.73,206.84,188.62,-4.0245,-8.2503,0.6116,0.0068,0.0498,0.0097
KSV,2025-03-20,190.27,191.26,185.52,187.6,25868,196.23,203.46,190.35,-4.3988,-7.7957,-1.4463,-0.0018,-0.0168,0.0091
KSV,2025-03-21,187.6,192.95,187.6,189.28,25491,196.13,201.2,191.91,-3.4915,-5.9229,-1.3684,-0.0024,-0.0223,0.0084
KSV,2025-03-24,188.29,188.29,180.36,182.84,34006,193.48,199.79,193.3,-5.5009,-8.4821,-5.4118,-0.0025,-0.0204,0.0072
KSV,2025-03-25,185.32,188.88,183.14,184.33,44207,191.18,199.5,194.84,-3.587,-7.6075,-5.3945,-0.0072,-0.0596,0.0065
KSV,2025-03-26,188.09,192.25,186.31,189.28,48353,190.39,199.55,196.3,-0.583,-5.1474,-3.5772,0.0,0.0,0.0053
KSV,2025-03-27,189.28,191.76,186.41,188.29,29747,190.19,198.61,197.71,-1.0004,-5.1967,-4.7648,-0.0025,-0.0226,0.0045
KSV,2025-03-28,188.29,191.36,185.52,185.52,24825,188.43,197.04,198.83,-1.5462,-5.8469,-6.6948,-0.0081,-0.067,0.0047
KSV,2025-03-31,186.01,190.07,183.53,186.11,52604,187.74,195.18,199.86,-0.8709,-4.6483,-6.8822,-0.0025,-0.0203,0.0038
KSV,2025-04-01,186.31,204.64,186.31,204.64,80423,188.77,194.59,201.3,8.4103,5.1667,1.659,0.0282,0.2543,0.0062
KSV,2025-04-02,204.64,225.06,204.64,225.06,192379,192.29,195.01,203.24,17.0377,15.4051,10.734,0.0485,0.5256,0.0104
KSV,2025-04-03,225.06,247.55,216.04,247.55,198325,198.29,197.26,205.37,24.8438,25.4961,20.5377,0.0118,0.1342,0.0114
KSV,2025-04-04,272.23,272.23,254.69,254.69,94018,204.83,200.48,207.5,24.3408,27.0391,22.7386,-0.0066,-0.0806,0.0118
KSV,2025-04-08,249.73,249.73,229.22,229.22,16578,209.47,201.48,208.92,9.429,13.77,9.7176,-0.0016,-0.018,0.0117
KSV,2025-04-09,206.33,206.33,206.33,206.33,26697,211.67,201.43,209.7,-2.5235,2.4329,-1.6105,-0.0024,-0.0269,0.0112
KSV,2025-04-10,187.3,226.94,187.3,226.94,82067,215.43,202.91,211.07,5.3406,11.841,7.5178,0.0957,1.0653,0.0208
KSV,2025-04-11,242.8,244.68,204.25,208.51,112467,217.46,203.82,211.97,-4.1152,2.2973,-1.6344,-0.0064,-0.0612,0.0212
KSV,2025-04-14,226.15,229.32,209.1,219.01,57453,220.8,204.62,213.18,-0.8124,7.0347,2.7353,-0.0002,-0.0017,0.0204
KSV,2025-04-15,221.98,222.88,206.13,213.06,76367,223.5,205.62,214.21,-4.669,3.6195,-0.5339,-0.0026,-0.0233,0.0204
KSV,2025-04-16,213.06,215.15,207.12,211.28,30376,224.16,206.46,214.88,-5.7471,2.3327,-1.6741,0.0003,0.0023,0.0176
KSV,2025-04-17,215.05,226.74,211.28,224.96,82827,224.15,208.22,215.47,0.3581,8.0361,4.4043,0.0148,0.1412,0.0142
KSV,2025-04-18,227.73,237.84,214.16,214.16,81250,220.81,209.55,215.45,-3.0159,2.1967,-0.6007,-0.0129,-0.1418,0.0144
KSV,2025-04-21,214.25,220.79,206.43,209.4,56798,216.29,210.56,215.24,-3.1844,-0.5507,-2.7128,-0.0069,-0.0692,0.0144
KSV,2025-04-22,209.4,216.04,188.49,199.09,131026,213.27,211.37,214.42,-6.6493,-5.809,-7.1498,-0.0033,-0.0314,0.0146
KSV,2025-04-23,200.18,209.99,196.22,199.09,43735,212.55,212.11,213.84,-6.3316,-6.1368,-6.8976,-0.0064,-0.0556,0.015
KSV,2025-04-24,199.09,204.05,196.22,198.89,30362,209.75,212.59,213.2,-5.1736,-6.4423,-6.7102,-0.0028,-0.024,0.0057
KSV,2025-04-25,207.02,207.02,194.93,200.18,47514,208.91,213.18,212.12,-4.1791,-6.0989,-5.6286,-0.0012,-0.0098,0.0051
KSV,2025-04-28,198.2,202.16,196.22,196.22,22885,206.63,213.72,210.46,-5.0405,-8.1888,-6.7656,-0.0077,-0.0705,0.0059
KSV,2025-04-29,196.22,198.2,195.23,195.23,25350,204.85,214.17,208.43,-4.6974,-8.8469,-6.3323,-0.0082,-0.0695,0.0064
KSV,2025-05-05,198.7,198.7,189.48,191.46,25623,202.87,213.52,206.91,-5.6226,-10.3293,-7.4668,-0.004,-0.0351,0.0068
KSV,2025-05-06,191.76,196.22,191.76,193.24,25189,199.7,211.93,205.97,-3.2306,-8.8146,-6.176,-0.0017,-0.0181,0.0055
KSV,2025-05-07,195.13,195.13,191.86,191.96,16076,197.48,209.15,204.7,-2.7952,-8.2186,-6.2249,-0.0037,-0.034,0.0046
KSV,2025-05-08,192.25,192.25,186.31,187.3,65061,195.27,205.78,203.76,-4.0804,-8.9793,-8.0766,-0.0105,-0.0793,0.0049
KSV,2025-05-09,187.3,187.99,182.34,187.99,37311,194.16,203.71,203.29,-3.1748,-7.7178,-7.5266,0.0095,0.0867,0.0056
KSV,2025-05-12,196.22,196.22,188.29,188.29,24226,193.08,202.81,203.26,-2.4791,-7.1608,-7.365,-0.0044,-0.038,0.0054
KSV,2025-05-13,194.14,194.14,188.29,188.88,22403,192.08,200.91,203.27,-1.6613,-5.9856,-7.0779,-0.0037,-0.0302,0.0055
KSV,2025-05-14,190.27,190.27,186.31,186.31,59685,190.69,199.8,202.86,-2.2971,-6.753,-8.1574,-0.0119,-0.0864,0.0065
KSV,2025-05-15,188.29,189.28,181.55,181.85,69436,189.25,197.94,202.15,-3.9116,-8.1306,-10.0437,-0.0128,-0.1101,0.007
KSV,2025-05-16,181.85,168.47,168.47,168.47,117145,186.58,195.71,201.06,-9.7041,-13.9197,-16.2083,-0.0181,-0.1447,0.008
KSV,2025-05-19,168.47,171.34,157.57,157.57,91632,183.19,193.03,199.88,-13.9843,-18.3694,-21.1677,-0.0189,-0.1375,0.0095
KSV,2025-05-20,158.56,173.33,157.57,173.33,38515,181.19,190.45,199.01,-4.3426,-8.9892,-12.9079,0.0077,0.0566,0.0101
KSV,2025-05-21,190.57,190.57,181.35,186.31,119639,180.63,189.05,198.69,3.1437,-1.452,-6.2307,0.0016,0.014,0.0099
KSV,2025-05-22,186.31,186.31,173.42,177.69,34228,179.67,187.47,198.44,-1.1031,-5.2175,-10.4566,-0.0018,-0.0154,0.0091
KSV,2025-05-23,177.39,178.38,170.65,171.84,30496,178.05,186.1,197.69,-3.4897,-7.6653,-13.0749,-0.0052,-0.044,0.0086
KSV,2025-05-26,171.84,175.21,171.44,171.84,26926,176.41,184.74,196.98,-2.5897,-6.9842,-12.7617,-0.0029,-0.0223,0.0085
KSV,2025-05-27,172.33,172.33,158.56,165.4,80909,174.06,183.07,196.34,-4.9761,-9.6519,-15.7598,-0.0001,-0.0008,0.0081
KSV,2025-05-28,168.47,173.82,166.98,166.98,38201,172.13,181.41,195.88,-2.9881,-7.9512,-14.75,-0.0074,-0.057,0.0077
KSV,2025-05-29,173.42,176.4,166.49,167.58,12894,170.7,179.98,195.16,-1.8287,-6.8884,-14.1345,-0.0017,-0.0129,0.0065
KSV,2025-05-30,167.58,167.88,164.9,164.9,29126,170.34,178.46,194.6,-3.1939,-7.5966,-15.262,-0.0049,-0.0364,0.0052
KSV,2025-06-02,160.54,166.29,160.54,161.93,28175,170.78,176.98,193.95,-5.1819,-8.5055,-16.5108,-0.0024,-0.0217,0.0036
KSV,2025-06-03,167.38,167.38,162.82,163.51,12478,169.8,175.5,193.43,-3.7002,-6.827,-15.4644,-0.0016,-0.0129,0.003
KSV,2025-06-04,163.51,165.99,163.51,163.71,20546,167.54,174.08,192.95,-2.2832,-5.9574,-15.1524,-0.0031,-0.024,0.0031
KSV,2025-06-05,163.71,180.06,163.61,179.97,140887,167.77,173.72,192.76,7.2715,3.5968,-6.6391,0.0294,0.2409,0.0059
KSV,2025-06-06,179.97,182.24,172.43,172.43,30913,167.83,172.94,192.56,2.7458,-0.2922,-10.4496,-0.0049,-0.0396,0.0058
KSV,2025-06-09,172.43,174.42,163.51,164.51,56913,167.09,171.75,192.16,-1.548,-4.2179,-14.3906,-0.0092,-0.0703,0.0065
KSV,2025-06-10,164.51,167.58,162.52,163.51,28104,166.9,170.48,191.64,-2.0306,-4.0865,-14.6775,-0.0045,-0.0332,0.0069
KSV,2025-06-11,163.71,170.45,163.51,166.98,20173,166.9,169.52,191.22,0.0475,-1.4937,-12.6735,0.0,0.0,0.0062
KSV,2025-06-12,166.49,167.48,165.0,165.79,12629,166.73,168.71,190.82,-0.5587,-1.7299,-13.1162,-0.0011,-0.0083,0.0061
KSV,2025-06-13,166.98,172.43,165.99,169.46,35263,167.18,168.76,190.49,1.3634,0.414,-11.0394,0.0005,0.0038,0.0057
KSV,2025-06-16,169.46,169.46,164.51,167.18,19437,167.71,169.24,189.74,-0.3132,-1.2179,-11.8894,0.0002,0.0017,0.0055
KSV,2025-06-17,167.08,168.57,165.7,165.89,23179,167.94,168.87,188.56,-1.2215,-1.7634,-12.0198,-0.0049,-0.0384,0.0058
KSV,2025-06-18,166.49,168.37,166.49,166.98,10201,168.27,167.91,186.95,-0.7656,-0.5489,-10.6783,-0.0011,-0.0079,0.0056
KSV,2025-06-19,166.98,167.38,165.6,167.38,9204,167.01,167.39,185.2,0.2195,-0.0059,-9.6221,0.0023,0.0181,0.0029
KSV,2025-06-20,167.48,167.48,165.6,166.09,16546,166.38,167.1,183.94,-0.1727,-0.6049,-9.7022,-0.0017,-0.0116,0.0026
KSV,2025-06-23,166.09,166.79,163.51,165.0,19670,166.43,166.76,183.11,-0.8574,-1.0548,-9.8899,-0.0005,-0.003,0.0017
KSV,2025-06-24,165.2,166.49,164.41,165.1,18732,166.59,166.75,181.87,-0.8923,-0.9866,-9.2227,-0.0012,-0.0086,0.0014
KSV,2025-06-25,166.29,166.29,163.22,163.51,24852,166.24,166.57,180.97,-1.6393,-1.8354,-9.6475,-0.0041,-0.03,0.0018
KSV,2025-06-26,163.61,166.49,163.51,163.51,19650,166.01,166.37,179.86,-1.5043,-1.7155,-9.0899,-0.0053,-0.0362,0.0022
KSV,2025-06-27,163.61,164.51,161.93,162.72,35509,165.34,166.26,178.86,-1.5824,-2.1279,-9.0214,-0.0032,-0.0223,0.0025
KSV,2025-06-30,161.73,164.51,161.73,162.72,18480,164.89,166.3,177.89,-1.3162,-2.1512,-8.5247,-0.0013,-0.0092,0.0026
KSV,2025-07-01,162.13,163.51,162.13,162.82,14046,164.59,166.27,176.64,-1.0718,-2.0712,-7.8251,0.0,0.0,0.0021
KSV,2025-07-02,163.51,164.41,162.72,162.72,13507,164.16,166.22,175.62,-0.8753,-2.1017,-7.3416,-0.0022,-0.0167,0.0022
KSV,2025-07-03,163.02,165.1,161.73,162.03,30418,163.62,165.32,174.67,-0.9751,-1.9902,-7.2361,-0.0048,-0.0328,0.0024
KSV,2025-07-04,162.03,163.02,161.53,162.42,23517,163.26,164.82,173.93,-0.5099,-1.4521,-6.6171,0.0013,0.0089,0.0024
KSV,2025-07-07,162.52,163.51,162.42,162.52,14568,163.01,164.72,173.2,-0.2979,-1.3326,-6.1656,-0.0016,-0.0138,0.0025
KSV,2025-07-08,162.33,164.01,162.23,162.42,17428,162.74,164.66,172.47,-0.1949,-1.3601,-5.8262,-0.0022,-0.0159,0.0026
KSV,2025-07-09,163.51,172.43,163.51,167.48,101446,163.14,164.69,171.82,2.6607,1.6939,-2.5262,-0.0015,-0.0111,0.0024
KSV,2025-07-10,168.47,168.47,165.5,165.5,23523,163.34,164.67,171.21,1.3227,0.4995,-3.3341,-0.004,-0.0279,0.0022
KSV,2025-07-11,166.49,167.97,163.61,165.0,43405,163.56,164.45,170.6,0.8785,0.3344,-3.282,-0.0025,-0.0167,0.0022
KSV,2025-07-14,164.51,164.51,163.22,163.71,32384,163.66,164.28,170.05,0.0303,-0.3438,-3.724,-0.001,-0.0075,0.0021
KSV,2025-07-15,163.51,166.09,163.51,163.81,21048,163.76,164.17,169.46,0.0303,-0.2203,-3.3311,-0.0015,-0.0104,0.0023
KSV,2025-07-16,163.51,165.1,163.51,163.81,11435,163.87,164.02,168.89,-0.0363,-0.1239,-3.0089,-0.0009,-0.0075,0.0021
KSV,2025-07-17,163.81,170.85,163.32,166.88,58742,164.36,163.99,168.49,1.5375,1.7646,-0.9505,-0.0004,-0.0029,0.0017
KSV,2025-07-18,167.88,177.39,167.88,171.34,52252,165.25,164.25,168.15,3.6882,4.3169,1.8977,-0.0018,-0.0136,0.0017
KSV,2025-07-21,171.34,179.97,171.34,172.43,34911,166.24,164.62,167.84,3.7258,4.7436,2.7397,-0.0028,-0.0212,0.0019
KSV,2025-07-22,176.4,189.68,176.3,189.68,155049,168.97,165.85,167.85,12.2581,14.3642,13.003,0.0153,0.1162,0.0032
KSV,2025-07-23,203.16,208.61,186.31,186.31,63480,170.85,166.99,167.85,9.0487,11.5661,10.9957,-0.008,-0.057,0.0038
KSV,2025-07-24,186.31,187.4,174.42,177.29,55374,172.03,167.68,167.76,3.0589,5.7297,5.6804,-0.0045,-0.0324,0.0039
KSV,2025-07-25,178.38,182.24,175.21,176.4,40658,173.17,168.37,167.92,1.8656,4.7706,5.0495,-0.0028,-0.0192,0.0039
KSV,2025-07-28,180.36,180.36,173.42,173.42,80948,174.14,168.9,168.24,-0.4097,2.6784,3.0843,-0.0065,-0.0513,0.0045
KSV,2025-07-29,173.42,173.72,156.08,162.62,80909,174.02,168.89,168.02,-6.549,-3.7113,-3.2132,-0.0008,-0.0052,0.0044
KSV,2025-07-30,162.62,170.25,162.62,164.31,30404,174.07,168.97,167.58,-5.6077,-2.7594,-1.9538,-0.0015,-0.0105,0.0044
KSV,2025-07-31,166.49,166.49,162.03,162.62,41137,173.64,169.0,167.28,-6.3463,-3.7734,-2.7844,-0.003,-0.0193,0.0047
KSV,2025-08-01,162.13,164.7,161.53,162.62,28369,172.77,169.01,167.1,-5.8736,-3.7791,-2.6771,-0.0011,-0.0065,0.0046
KSV,2025-08-04,166.39,166.39,163.32,165.99,16596,172.13,169.18,166.98,-3.5638,-1.8861,-0.5911,0.0012,0.0079,0.0045
KSV,2025-08-05,166.49,167.48,163.51,164.01,34019,169.56,169.26,166.95,-3.2729,-3.103,-1.7618,-0.0026,-0.0164,0.0032
KSV,2025-08-06,164.01,166.98,164.01,164.7,15363,167.4,169.12,166.91,-1.6102,-2.6134,-1.3193,-0.0011,-0.0064,0.0025
KSV,2025-08-07,166.49,167.88,166.49,166.98,25039,166.37,169.2,166.89,0.3693,-1.309,0.0534,-0.0007,-0.0049,0.0021
KSV,2025-08-08,166.98,167.18,165.5,166.69,21906,165.4,169.28,166.93,0.7789,-1.5338,-0.146,0.0009,0.0059,0.0019
KSV,2025-08-11,167.48,168.67,165.5,166.49,29252,164.7,169.42,167.02,1.083,-1.7314,-0.3192,-0.0013,-0.0073,0.0014
KSV,2025-08-12,167.88,167.88,165.5,165.6,27942,165.0,169.51,167.06,0.3604,-2.3093,-0.8779,-0.003,-0.0187,0.0016
KSV,2025-08-13,166.49,166.49,164.51,164.51,35989,165.02,169.55,167.08,-0.3123,-2.9722,-1.5398,-0.0036,-0.0202,0.0018
KSV,2025-08-14,167.2,168.6,164.0,168.6,46289,165.62,169.63,166.85,1.7999,-0.6078,1.048,0.005,0.0289,0.002
KSV,2025-08-15,169.3,170.2,166.5,166.5,35039,166.01,169.39,166.73,0.2972,-1.7054,-0.1395,-0.003,-0.0172,0.0022
KSV,2025-08-18,166.5,166.5,163.5,164.0,33549,165.81,168.97,166.72,-1.0901,-2.9397,-1.633,-0.0025,-0.0146,0.0024
KSV,2025-08-19,164.0,164.0,162.0,162.4,34615,165.65,167.6,166.7,-1.9598,-3.1045,-2.5796,-0.0019,-0.0109,0.0023
KSV,2025-08-20,162.4,167.0,161.2,163.9,19047,165.57,166.48,166.64,-1.0062,-1.5514,-1.6434,-0.0001,-0.0006,0.0022
KSV,2025-08-21,166.7,166.7,161.0,161.5,18870,165.02,165.69,166.55,-2.1317,-2.5308,-3.0337,-0.0015,-0.0083,0.0023
KSV,2025-08-22,161.5,161.5,155.0,157.0,51256,164.05,164.72,166.3,-4.2969,-4.6887,-5.5943,-0.0014,-0.0082,0.0023
KSV,2025-08-25,157.0,160.0,153.1,153.1,10561,162.71,163.71,166.02,-5.9063,-6.4794,-7.7832,-0.001,-0.0056,0.0023
KSV,2025-08-26,153.1,153.1,146.8,148.0,40718,160.95,162.98,165.66,-8.0463,-9.1891,-10.6625,-0.0021,-0.0108,0.0022
KSV,2025-08-27,149.0,160.0,148.6,155.5,26500,160.05,162.54,165.43,-2.8429,-4.3287,-6.005,0.0005,0.0028,0.0019
KSV,2025-08-28,155.6,157.6,153.1,156.8,20400,158.87,162.24,165.22,-1.303,-3.3557,-5.0978,0.0019,0.0099,0.0016
KSV,2025-08-29,157.0,157.3,153.2,153.2,14600,157.54,161.77,164.96,-2.7549,-5.2996,-7.1317,-0.0015,-0.0082,0.0014
KSV,2025-09-03,160.0,160.0,155.7,156.0,21200,156.74,161.27,164.78,-0.4721,-3.27,-5.3311,-0.0024,-0.0131,0.0014
KSV,2025-09-04,156.5,159.9,156.5,158.5,21100,156.35,161.0,164.65,1.3751,-1.5517,-3.7368,0.0004,0.0024,0.0013
KSV,2025-09-05,160.0,160.0,157.5,158.0,7600,155.76,160.66,164.54,1.4381,-1.6575,-3.9762,-0.0003,-0.0016,0.0013
KSV,2025-09-08,158.0,158.0,153.7,154.0,23300,155.01,160.01,164.35,-0.6516,-3.7583,-6.2988,-0.0012,-0.0072,0.0013
KSV,2025-09-09,153.9,155.5,152.0,152.3,14100,154.54,159.29,164.14,-1.4495,-4.3909,-7.2155,-0.0018,-0.0093,0.0013
KSV,2025-09-10,152.3,156.0,152.3,154.8,6500,154.71,158.71,163.99,0.0582,-2.4637,-5.6013,0.0006,0.0031,0.0013
KSV,2025-09-11,154.8,154.8,148.3,151.0,20100,155.01,157.98,163.75,-2.5869,-4.4185,-7.7856,-0.0004,-0.0019,0.0011
KSV,2025-09-12,151.1,153.8,151.0,153.0,3300,154.76,157.41,163.55,-1.1372,-2.7985,-6.4532,0.0002,0.0012,0.0011
KSV,2025-09-15,152.1,153.8,143.9,152.0,12500,154.28,156.57,163.35,-1.4778,-2.9219,-6.9505,0.0012,0.006,0.001
KSV,2025-09-16,154.8,154.8,150.0,150.3,18700,153.99,155.76,163.11,-2.3963,-3.5085,-7.8544,-0.002,-0.0104,0.0011
KSV,2025-09-17,150.3,151.5,150.0,150.3,6100,153.42,155.08,162.87,-2.0336,-3.0823,-7.7161,-0.0005,-0.0024,0.0009
KSV,2025-09-18,150.3,153.2,149.9,150.0,9100,152.57,154.46,162.62,-1.6845,-2.8875,-7.7595,-0.0023,-0.0109,0.001
KSV,2025-09-19,150.0,152.0,149.5,149.9,2400,151.76,153.76,162.27,-1.2256,-2.5104,-7.6213,-0.0003,-0.0014,0.001
KSV,2025-09-22,150.0,150.0,145.0,145.0,12500,150.86,152.94,161.86,-3.8844,-5.1885,-10.4147,-0.0019,-0.009,0.0011
KSV,2025-09-23,146.0,148.5,144.6,144.6,7200,150.09,152.32,161.45,-3.6578,-5.0652,-10.436,-0.0016,-0.0084,0.0011
KSV,2025-09-24,144.7,146.6,143.6,145.0,8900,149.11,151.91,161.07,-2.7564,-4.5487,-9.9796,-0.0001,-0.0004,0.001
KSV,2025-09-25,145.0,147.9,145.0,146.0,7700,148.61,151.81,160.72,-1.7563,-3.8272,-9.1578,-0.0004,-0.0019,0.001
KSV,2025-09-26,147.6,160.6,146.1,160.6,74200,149.37,152.06,160.65,7.5182,5.6127,-0.0337,0.0123,0.0704,0.0022
KSV,2025-09-29,162.0,172.0,160.0,160.8,46800,150.25,152.27,160.53,7.0216,5.6054,0.1667,-0.0081,-0.0467,0.0029
KSV,2025-09-30,160.8,160.8,150.5,156.0,19000,150.82,152.41,160.23,3.4346,2.3588,-2.6372,0.0002,0.0013,0.0028
KSV,2025-10-01,165.0,165.0,151.9,154.6,20500,151.25,152.34,159.87,2.2149,1.4869,-3.2957,-0.0039,-0.0191,0.0031
KSV,2025-10-02,154.6,154.6,148.0,148.0,20900,151.05,151.81,159.04,-2.0192,-2.5097,-6.9389,-0.0038,-0.0205,0.0032
KSV,2025-10-03,148.1,149.0,144.1,145.3,20600,150.59,151.18,158.22,-3.5128,-3.8862,-8.163,-0.002,-0.0112,0.0034
KSV,2025-10-06,149.5,149.8,145.2,145.5,16300,150.64,150.75,157.58,-3.4121,-3.4826,-7.6656,-0.0016,-0.0079,0.0034
KSV,2025-10-07,146.0,148.0,145.7,145.7,5900,150.75,150.42,156.97,-3.3499,-3.1379,-7.177,-0.001,-0.0052,0.0033
KSV,2025-10-08,149.7,149.7,147.2,147.5,15900,151.0,150.06,156.45,-2.3179,-1.7027,-5.7188,-0.0024,-0.0105,0.0036
KSV,2025-10-09,145.0,147.6,145.0,147.3,11900,151.13,149.87,156.14,-2.5342,-1.7148,-5.6618,0.0016,0.0073,0.0037
KSV,2025-10-10,150.6,151.0,147.3,149.6,13100,150.03,149.7,155.85,-0.2866,-0.0668,-4.008,0.0006,0.0027,0.0025
KSV,2025-10-13,157.6,164.5,155.0,164.5,111800,150.4,150.32,155.88,9.375,9.4296,5.5273,0.0131,0.0674,0.003
KSV,2025-10-14,169.9,178.0,156.0,164.0,94600,151.2,151.01,155.91,8.4656,8.6021,5.188,-0.0025,-0.0128,0.0032
KSV,2025-10-15,158.0,165.0,150.0,154.9,90200,151.23,151.24,155.69,2.4268,2.42,-0.5071,-0.0056,-0.0254,0.0034
