ticker,time,open,high,low,close,volume,ma10,ma20,ma50,ma10_score,ma20_score,ma50_score,money_flow,dollar_flow,trend_score
LIG,2015-01-05,3.97,4.02,3.76,3.76,8600,,,,,,,-0.0244,-0.0107,0.0244
LIG,2015-01-06,3.54,3.97,3.54,3.97,3600,,,,,,,0.0062,0.0032,0.0153
LIG,2015-01-07,3.97,4.02,3.65,3.65,5700,,,,,,,-0.0107,-0.0052,0.0138
LIG,2015-01-08,3.65,3.65,3.65,3.65,0,,,,,,,0.0,0.0,0.0103
LIG,2015-01-09,3.92,3.92,3.92,3.92,1000,,,,,,,0.0,0.0,0.0083
LIG,2015-01-12,3.76,4.02,3.76,4.02,7800,,,,,,,0.0136,0.0076,0.0091
LIG,2015-01-13,4.13,4.19,4.13,4.19,15200,,,,,,,0.0342,0.0157,0.0127
LIG,2015-01-14,4.08,4.08,4.08,4.08,4000,,,,,,,0.0,0.0,0.0111
LIG,2015-01-15,4.08,4.08,4.08,4.08,6200,,,,,,,0.0,0.0,0.0099
LIG,2015-01-16,4.08,4.08,4.08,4.08,3000,3.94,,,3.5422,,,-0.0058,-0.0027,0.0095
LIG,2015-01-19,4.35,4.45,4.24,4.4,51100,4.0,,,9.9196,,,0.0616,0.033,0.0132
LIG,2015-01-20,4.19,4.29,4.19,4.24,3200,4.03,,,5.1931,,,-0.0,-0.0,0.0126
LIG,2015-01-21,4.62,4.62,4.62,4.62,82400,4.13,,,11.8337,,,-0.2247,-0.1414,0.034
LIG,2015-01-22,5.04,5.04,4.99,5.04,160850,4.27,,,18.2391,,,0.492,0.2966,0.0832
LIG,2015-01-23,5.37,5.53,5.1,5.37,42900,4.41,,,21.6544,,,0.0256,0.0162,0.0858
LIG,2015-01-26,5.37,5.37,4.99,4.99,56400,4.51,,,10.7143,,,-0.1673,-0.0997,0.1011
LIG,2015-01-27,4.99,5.04,4.78,4.94,17900,4.58,,,7.7283,,,0.0049,0.003,0.0982
LIG,2015-01-28,4.94,5.1,4.83,4.94,23100,4.67,,,5.7471,,,-0.0066,-0.0039,0.0989
LIG,2015-01-29,5.1,5.15,4.94,5.15,11100,4.78,,,7.8652,,,0.0299,0.0159,0.1018
LIG,2015-01-30,5.15,5.37,5.15,5.37,37600,4.91,4.42,,9.4091,21.3592,,0.0785,0.0533,0.1091
LIG,2015-02-02,5.9,5.9,5.37,5.37,7100,5.0,4.5,,7.2961,19.1895,,-0.0152,-0.0101,0.1045
LIG,2015-02-03,5.37,5.37,5.31,5.31,300,5.11,4.57,,3.9917,16.2655,,-0.0004,-0.0003,0.1045
LIG,2015-02-04,5.26,5.26,4.83,5.15,4900,5.16,4.64,,-0.2079,10.9186,,0.0064,0.0041,0.0827
LIG,2015-02-05,5.37,5.37,5.31,5.37,6100,5.19,4.73,,3.3057,13.4429,,0.0233,0.0134,0.0358
LIG,2015-02-06,5.42,5.42,5.31,5.31,26300,5.19,4.8,,2.3786,10.6764,,-0.0855,-0.0508,0.0418
LIG,2015-02-09,5.31,5.31,5.21,5.21,35750,5.21,4.86,,-0.1031,7.1231,,-0.1242,-0.0731,0.0375
LIG,2015-02-10,5.21,5.21,5.21,5.21,20400,5.24,4.91,,-0.6148,6.0109,,0.0,0.0,0.037
LIG,2015-02-11,5.21,5.21,5.21,5.21,200,5.26,4.97,,-1.1214,4.8081,,0.0,0.0,0.0363
LIG,2015-02-12,5.31,5.31,5.21,5.21,17300,5.27,5.02,,-1.222,3.6324,,-0.0495,-0.0292,0.0383
LIG,2015-02-13,5.69,5.69,4.88,5.69,6800,5.3,5.1,,7.2875,11.4616,,0.0254,0.0157,0.033
LIG,2015-02-24,5.69,6.23,5.69,6.17,300,5.38,5.19,,14.6561,18.8631,,0.0009,0.0006,0.0316
LIG,2015-02-25,6.71,6.71,5.58,5.58,25200,5.41,5.26,,3.1747,6.1225,,-0.049,-0.0334,0.0364
LIG,2015-02-26,5.37,5.63,5.37,5.47,12800,5.44,5.3,,0.5918,3.239,,-0.0074,-0.0038,0.0365
LIG,2015-02-27,5.53,5.63,5.47,5.63,41150,5.47,5.33,,3.0421,5.6869,,0.124,0.0665,0.0466
LIG,2015-03-02,5.63,6.17,5.53,5.69,22400,5.51,5.35,,3.3139,6.3723,,-0.0447,-0.0301,0.0425
LIG,2015-03-03,5.63,6.01,5.63,6.01,47100,5.59,5.4,,7.5889,11.3321,,0.0909,0.0633,0.0392
LIG,2015-03-04,5.85,5.9,5.85,5.85,4000,5.65,5.44,,3.5138,7.4421,,-0.0076,-0.0051,0.0399
LIG,2015-03-05,6.17,6.17,6.17,6.17,100,5.75,5.51,,7.3763,12.0858,,0.0,0.0,0.0399
LIG,2015-03-06,5.8,5.9,5.69,5.9,8150,5.82,5.54,,1.4761,6.486,,0.0182,0.0121,0.0368
LIG,2015-03-09,6.44,6.44,5.74,5.9,18150,5.84,5.57,,1.103,5.9731,,-0.0228,-0.0147,0.0366
LIG,2015-03-10,6.01,6.06,6.01,6.01,34100,5.82,5.6,,3.2258,7.2797,,-0.1016,-0.067,0.0466
LIG,2015-03-11,6.01,6.17,5.9,6.01,25300,5.87,5.64,,2.4703,6.6159,,-0.0142,-0.0097,0.0431
LIG,2015-03-12,5.9,6.17,5.9,6.01,60100,5.92,5.68,,1.5413,5.8101,,-0.0357,-0.0219,0.046
LIG,2015-03-13,6.06,6.44,6.01,6.17,31900,5.97,5.72,,3.3244,7.88,,-0.0216,-0.0137,0.0357
LIG,2015-03-16,6.65,6.65,6.17,6.17,16200,6.02,5.76,,2.4956,7.0764,,-0.0318,-0.0199,0.0344
LIG,2015-03-17,6.17,6.44,6.17,6.44,46000,6.06,5.83,,6.1947,10.5482,,0.1399,0.1003,0.0393
LIG,2015-03-18,6.28,6.39,6.28,6.28,5900,6.11,5.88,,2.8119,6.8005,,-0.0205,-0.013,0.0406
LIG,2015-03-19,6.39,6.44,6.28,6.44,21681,6.13,5.94,,4.9869,8.4011,,0.0715,0.0555,0.0478
LIG,2015-03-20,6.39,6.92,6.39,6.6,73700,6.2,6.01,,6.4014,9.8214,,-0.0217,-0.0122,0.0481
LIG,2015-03-23,6.76,7.24,6.44,7.24,106600,6.34,6.09,5.26,14.3098,18.9951,37.6147,0.2391,0.2046,0.0698
LIG,2015-03-24,7.14,7.14,6.65,6.71,88132,6.41,6.12,5.32,4.6901,9.6972,26.0081,-0.1685,-0.1314,0.0765
LIG,2015-03-25,6.71,6.71,6.71,6.71,7500,6.48,6.17,5.38,3.5625,8.6956,24.7256,0.0,0.0,0.075
LIG,2015-03-26,6.76,6.76,6.6,6.6,13500,6.54,6.23,5.44,0.9852,5.9888,21.3976,-0.0385,-0.0272,0.0753
LIG,2015-03-27,6.6,6.71,6.6,6.6,3600,6.58,6.28,5.5,0.3263,5.1732,20.0938,-0.0066,-0.0054,0.0738
LIG,2015-03-30,6.12,6.44,6.12,6.44,9500,6.61,6.31,5.55,-2.5183,1.9974,16.0991,0.0203,0.0147,0.0727
LIG,2015-03-31,6.6,6.6,6.33,6.44,2800,6.61,6.34,5.6,-2.5183,1.6518,15.0969,-0.0026,-0.0021,0.0589
LIG,2015-04-01,6.01,6.01,6.01,6.01,6000,6.58,6.34,5.63,-8.646,-5.2454,6.7277,0.0,0.0,0.0569
LIG,2015-04-02,6.23,6.23,6.23,6.23,100,6.56,6.35,5.67,-5.0737,-1.9028,9.703,0.0,0.0,0.0497
LIG,2015-04-03,5.9,6.39,5.63,6.39,15000,6.54,6.37,5.72,-2.2989,0.2527,11.6322,0.06,0.0419,0.0536
LIG,2015-04-06,6.39,6.39,6.39,6.39,0,6.45,6.39,5.77,-0.9984,-0.1259,10.7388,0.0,0.0,0.0297
LIG,2015-04-07,6.6,6.6,6.39,6.44,1200,6.42,6.42,5.81,0.2506,0.3764,10.8853,-0.0015,-0.001,0.013
LIG,2015-04-08,6.44,6.49,5.8,5.8,2700,6.33,6.41,5.84,-8.4746,-9.5099,-0.7354,-0.0078,-0.0043,0.0137
LIG,2015-04-09,5.31,6.33,5.31,6.33,10900,6.31,6.42,5.87,0.4256,-1.379,7.8217,0.0286,0.0216,0.0127
LIG,2015-04-10,6.39,6.39,5.8,6.39,24100,6.28,6.43,5.9,1.6225,-0.7093,8.2408,0.059,0.0462,0.018
LIG,2015-04-13,6.44,6.55,6.44,6.55,1500,6.3,6.45,5.92,4.0068,1.4975,10.5273,0.0043,0.003,0.0164
LIG,2015-04-14,6.6,6.6,5.9,6.6,30200,6.31,6.46,5.96,4.5919,2.2019,10.8308,0.0769,0.062,0.0238
LIG,2015-04-15,6.6,6.6,6.6,6.6,0,6.37,6.47,5.99,3.6226,1.9478,10.2151,0.0,0.0,0.0238
LIG,2015-04-16,6.6,6.6,6.6,6.6,0,6.41,6.48,6.02,3.0151,1.8212,9.6062,0.0,0.0,0.0238
LIG,2015-04-17,6.12,6.44,6.06,6.44,4300,6.41,6.47,6.05,0.4184,-0.5387,6.4774,0.0085,0.005,0.0187
LIG,2015-04-20,5.9,6.71,5.85,6.71,11100,6.45,6.45,6.08,4.0799,4.0366,10.424,0.0375,0.0268,0.0224
LIG,2015-04-21,6.76,6.76,6.06,6.44,6700,6.45,6.43,6.1,-0.0833,0.0834,5.6338,0.0014,0.001,0.0224
LIG,2015-04-22,6.17,6.44,6.17,6.44,4700,6.51,6.42,6.12,-1.0717,0.2925,5.2447,0.0123,0.0085,0.0228
LIG,2015-04-23,6.6,6.92,6.55,6.71,7000,6.55,6.43,6.15,2.459,4.3841,9.075,-0.0032,-0.0022,0.0203
LIG,2015-04-24,6.17,6.71,6.17,6.49,20074,6.56,6.42,6.17,-0.9821,1.1282,5.199,0.0147,0.0099,0.0159
LIG,2015-04-27,6.17,6.17,5.9,6.17,9000,6.52,6.41,6.19,-5.3498,-3.6851,-0.2947,0.0334,0.0255,0.0188
LIG,2015-05-04,6.17,6.44,6.17,6.44,8100,6.5,6.41,6.21,-0.9901,0.5025,3.627,0.0115,0.0091,0.0123
LIG,2015-05-05,6.44,6.44,6.23,6.39,5200,6.48,6.43,6.24,-1.4901,-0.6263,2.3744,0.0061,0.0045,0.0129
LIG,2015-05-06,6.39,6.39,5.9,6.39,1600,6.46,6.43,6.26,-1.1628,-0.7507,1.9883,0.0038,0.003,0.0133
LIG,2015-05-07,5.9,6.17,5.9,6.17,2100,6.43,6.42,6.28,-4.0867,-3.9264,-1.743,0.0082,0.0063,0.0132
LIG,2015-05-08,6.39,6.39,6.17,6.17,8500,6.38,6.41,6.29,-3.28,-3.7657,-1.8938,-0.0319,-0.0259,0.0127
LIG,2015-05-11,6.17,6.17,6.17,6.17,0,6.35,6.4,6.29,-2.8716,-3.5639,-1.8938,0.0,0.0,0.0125
LIG,2015-05-12,6.12,6.33,6.12,6.33,1300,6.34,6.43,6.31,-0.1692,-1.4613,0.4256,0.004,0.003,0.0117
LIG,2015-05-13,6.33,6.33,6.33,6.33,0,6.31,6.43,6.32,0.4256,-1.4613,0.1528,0.0,0.0,0.0114
LIG,2015-05-14,6.28,6.28,6.17,6.17,4800,6.27,6.42,6.33,-1.6253,-3.8059,-2.5589,-0.0202,-0.0139,0.0119
LIG,2015-05-15,6.17,6.17,6.17,6.17,0,6.27,6.4,6.34,-1.6253,-3.5235,-2.7073,0.0,0.0,0.0086
LIG,2015-05-18,6.23,6.23,6.23,6.23,100,6.25,6.38,6.35,-0.4293,-2.3981,-1.9277,0.0,0.0,0.0074
LIG,2015-05-19,6.23,6.23,6.23,6.23,0,6.24,6.36,6.36,-0.1722,-2.1098,-2.0436,0.0,0.0,0.0068
LIG,2015-05-20,6.23,6.23,6.23,6.23,0,6.22,6.34,6.36,0.0862,-1.8198,-2.0602,0.0,0.0,0.0064
LIG,2015-05-21,5.69,6.01,5.69,6.01,400,6.2,6.32,6.36,-3.1142,-4.8832,-5.4693,0.0011,0.0008,0.0057
LIG,2015-05-22,5.9,6.12,5.9,6.12,2100,6.2,6.29,6.36,-1.2987,-2.7304,-3.8462,0.0041,0.0027,0.0029
LIG,2015-05-25,6.12,6.12,6.12,6.12,0,6.19,6.27,6.36,-1.2132,-2.4808,-3.8786,0.0,0.0,0.0029
LIG,2015-05-26,6.12,6.12,6.12,6.12,1000,6.17,6.26,6.37,-0.8696,-2.2299,-3.911,0.0,0.0,0.0025
LIG,2015-05-27,6.01,6.01,5.9,5.9,2100,6.13,6.22,6.36,-3.6777,-5.0496,-7.2512,-0.0048,-0.0028,0.003
LIG,2015-05-28,5.9,5.96,5.63,5.96,4100,6.11,6.19,6.36,-2.4605,-3.7712,-6.345,0.008,0.0058,0.0018
LIG,2015-05-29,5.96,6.12,5.96,6.12,611,6.1,6.19,6.36,0.2639,-1.1275,-3.7975,0.0011,0.0009,0.0019
LIG,2015-06-01,6.12,6.12,6.12,6.12,0,6.09,6.17,6.35,0.4405,-0.8696,-3.7,0.0,0.0,0.0019
LIG,2015-06-02,5.9,6.06,5.63,5.9,11600,6.06,6.15,6.35,-2.5686,-3.972,-6.9688,0.0049,0.0037,0.0024
LIG,2015-06-03,5.9,5.9,5.9,5.9,3150,6.03,6.12,6.33,-2.048,-3.5933,-6.8112,0.0,0.0,0.0024
LIG,2015-06-04,5.85,5.9,5.85,5.9,10100,6.02,6.11,6.32,-1.8733,-3.3816,-6.6055,0.0161,0.012,0.0039
LIG,2015-06-05,5.9,5.9,5.9,5.9,0,5.99,6.1,6.29,-1.5219,-3.169,-6.2073,0.0,0.0,0.0035
LIG,2015-06-08,5.9,5.9,5.9,5.9,0,5.97,6.08,6.28,-1.168,-2.9554,-5.9668,0.0,0.0,0.0035
LIG,2015-06-09,5.37,5.9,5.37,5.9,1400,5.95,6.06,6.26,-0.8115,-2.6117,-5.725,0.0027,0.0018,0.0038
LIG,2015-06-10,5.63,5.63,5.63,5.63,1000,5.92,6.03,6.24,-4.8914,-6.5005,-9.7319,0.0,0.0,0.0033
LIG,2015-06-11,5.63,5.63,5.63,5.63,0,5.89,6.0,6.22,-4.3717,-6.0824,-9.4516,0.0,0.0,0.0025
LIG,2015-06-12,5.63,5.63,5.63,5.63,550,5.84,5.97,6.21,-3.5814,-5.6605,-9.2168,-0.0009,-0.0006,0.0024
LIG,2015-06-15,5.9,6.17,5.63,6.17,15200,5.85,5.97,6.2,5.5046,3.3708,-0.4846,0.0257,0.0224,0.005
LIG,2015-06-16,6.17,6.17,5.9,5.9,1400,5.85,5.95,6.2,0.9175,-0.8562,-4.7783,-0.0015,-0.001,0.0047
LIG,2015-06-17,5.8,6.39,5.37,6.39,5400,5.9,5.96,6.2,8.2802,7.1107,2.9589,0.0105,0.0085,0.0057
LIG,2015-06-18,5.8,5.85,5.8,5.85,11900,5.89,5.95,6.19,-0.7286,-1.7576,-5.5296,0.0264,0.018,0.0068
LIG,2015-06-19,5.85,5.85,5.85,5.85,0,5.89,5.94,6.18,-0.6381,-1.5357,-5.3655,0.0,0.0,0.0068
LIG,2015-06-22,5.85,5.85,5.85,5.85,0,5.88,5.93,6.17,-0.5474,-1.3128,-5.1844,0.0,0.0,0.0068
LIG,2015-06-23,5.63,5.85,5.58,5.58,6200,5.85,5.9,6.17,-4.5871,-5.4115,-9.4707,-0.0183,-0.0128,0.0083
LIG,2015-06-24,5.37,5.42,5.1,5.1,7800,5.8,5.86,6.14,-12.0371,-13.0037,-16.9726,-0.0149,-0.0097,0.0098
LIG,2015-06-25,5.53,5.58,5.53,5.58,1200,5.79,5.84,6.12,-3.6144,-4.4557,-8.8678,0.0029,0.0021,0.0101
LIG,2015-06-26,5.74,5.74,5.04,5.63,900,5.79,5.82,6.11,-2.6878,-3.1366,-7.7167,0.0009,0.0006,0.0101
LIG,2015-06-29,5.63,5.63,5.63,5.63,0,5.74,5.79,6.09,-1.7774,-2.7328,-7.4238,0.0,0.0,0.0075
LIG,2015-06-30,5.63,5.63,5.63,5.63,0,5.71,5.78,6.07,-1.3158,-2.507,-7.129,0.0,0.0,0.0074
LIG,2015-07-01,5.1,5.9,5.1,5.9,2100,5.66,5.78,6.05,4.2655,2.1356,-2.4822,0.005,0.0033,0.0068
LIG,2015-07-02,5.9,5.9,5.9,5.9,100,5.67,5.78,6.04,4.1667,2.1356,-2.309,0.0,0.0,0.0042
LIG,2015-07-03,5.9,6.06,5.9,6.06,1000,5.69,5.79,6.03,6.6037,4.7751,0.5695,0.0013,0.0011,0.0043
LIG,2015-07-06,5.53,5.53,5.53,5.53,300,5.66,5.77,6.01,-2.2771,-4.1861,-8.0522,0.0,0.0,0.0043
LIG,2015-07-07,5.63,5.63,5.63,5.63,700,5.66,5.76,6.0,-0.474,-2.098,-6.0151,0.0,0.0,0.0025
LIG,2015-07-08,5.58,5.9,5.58,5.9,1200,5.74,5.77,5.98,2.8038,2.3257,-1.2744,0.0016,0.001,0.0012
LIG,2015-07-09,5.8,5.9,5.8,5.9,800,5.77,5.78,5.97,2.2306,2.0882,-1.0791,0.0012,0.0008,0.001
LIG,2015-07-10,5.9,6.06,5.8,5.8,36500,5.79,5.79,5.96,0.0926,0.0926,-2.7553,-0.0463,-0.0344,0.0055
LIG,2015-07-13,5.9,6.01,5.8,5.96,35500,5.82,5.78,5.95,2.3041,3.064,0.1082,0.027,0.0179,0.0082
LIG,2015-07-14,5.9,5.9,5.47,5.9,28100,5.85,5.78,5.94,0.9175,2.1356,-0.6323,0.0445,0.0274,0.0127
LIG,2015-07-15,5.85,5.9,5.85,5.9,3000,5.85,5.76,5.93,0.9175,2.5642,-0.4704,0.0034,0.0023,0.0125
LIG,2015-07-16,5.9,5.9,5.9,5.9,0,5.85,5.76,5.93,0.9175,2.5164,-0.3803,0.0,0.0,0.0125
LIG,2015-07-17,5.8,5.8,5.37,5.37,10000,5.78,5.73,5.91,-7.1496,-6.4109,-9.19,-0.0237,-0.0161,0.0148
LIG,2015-07-20,5.8,5.9,5.74,5.85,82700,5.81,5.73,5.9,0.6463,2.0122,-0.9091,0.065,0.0482,0.0213
LIG,2015-07-21,5.85,5.9,5.74,5.9,12500,5.84,5.75,5.89,1.103,2.6599,0.1457,0.029,0.0218,0.0242
LIG,2015-07-22,5.74,5.8,5.74,5.8,8600,5.83,5.79,5.88,-0.5526,0.1855,-1.4959,0.0106,0.0072,0.0251
LIG,2015-07-23,5.9,5.9,5.37,5.74,5300,5.81,5.79,5.88,-1.2003,-0.88,-2.2652,0.0032,0.0023,0.0253
LIG,2015-07-24,5.69,5.85,5.69,5.85,2700,5.82,5.8,5.87,0.5535,0.7859,-0.3292,0.0055,0.004,0.0212
LIG,2015-07-27,5.9,5.9,5.8,5.85,39150,5.81,5.81,5.86,0.7394,0.5999,-0.2014,-0.0,-0.0,0.0185
LIG,2015-07-28,5.85,5.9,5.74,5.85,66300,5.8,5.83,5.85,0.8326,0.4146,-0.0733,0.0226,0.0148,0.0163
LIG,2015-07-29,5.85,5.96,5.8,5.96,58300,5.81,5.83,5.85,2.5878,2.2099,1.8535,0.0953,0.0649,0.0255
LIG,2015-07-30,5.96,6.28,5.85,6.23,147415,5.84,5.84,5.85,6.6176,6.5197,6.3634,0.239,0.1669,0.0494
LIG,2015-07-31,6.23,6.23,6.12,6.17,53300,5.92,5.85,5.85,4.2612,5.5046,5.4273,0.0,0.0,0.047
LIG,2015-08-03,6.17,6.34,6.06,6.17,78000,5.95,5.88,5.85,3.6992,4.9293,5.4103,-0.0273,-0.0211,0.0433
LIG,2015-08-04,6.17,6.56,6.17,6.45,150100,6.01,5.92,5.86,7.4218,8.9418,10.0759,0.1726,0.1178,0.0576
LIG,2015-08-05,6.45,6.51,6.34,6.45,91100,6.07,5.95,5.87,6.2607,8.4392,9.87,0.0576,0.0457,0.0623
LIG,2015-08-06,6.51,7.07,6.51,6.9,212954,6.19,6.0,5.89,11.5244,15.0185,17.1366,0.1461,0.1398,0.0766
LIG,2015-08-07,6.96,7.01,6.79,7.01,153700,6.3,6.06,5.91,11.2456,15.7147,18.6805,0.5712,0.5106,0.1332
LIG,2015-08-10,7.07,7.29,7.07,7.29,207046,6.45,6.13,5.93,13.1042,19.0304,22.9383,0.435,0.3323,0.1767
LIG,2015-08-11,7.18,7.35,7.01,7.18,204400,6.58,6.19,5.96,9.1105,15.9893,20.5276,0.0,0.0,0.1744
LIG,2015-08-12,7.13,7.13,6.79,7.01,112600,6.69,6.25,5.98,4.87,12.2645,17.2658,0.0829,0.0659,0.1732
LIG,2015-08-13,6.96,7.13,6.68,7.07,125400,6.77,6.31,6.0,4.3913,12.1162,17.7448,0.2079,0.1585,0.1701
LIG,2015-08-14,7.01,7.13,6.9,7.07,143700,6.86,6.39,6.03,3.0254,10.6224,17.2892,0.1857,0.1524,0.1886
LIG,2015-08-17,7.01,7.18,6.9,7.07,94300,6.95,6.45,6.05,1.695,9.5766,16.8371,0.0328,0.0271,0.1892
LIG,2015-08-18,7.01,7.01,6.85,6.96,50900,7.0,6.5,6.07,-0.6411,6.9635,14.5832,0.0308,0.0228,0.175
LIG,2015-08-19,6.96,6.96,6.68,6.9,161000,7.05,6.56,6.1,-2.07,5.2072,13.1872,0.1819,0.1488,0.1874
LIG,2015-08-20,6.9,6.96,6.73,6.85,114100,7.04,6.61,6.12,-2.7888,3.482,11.8231,0.0,0.0,0.1728
LIG,2015-08-21,6.73,6.79,6.45,6.79,110500,7.02,6.66,6.14,-3.2774,1.9101,10.4899,0.1309,0.1172,0.1288
LIG,2015-08-24,6.73,6.73,6.12,6.68,49800,6.96,6.7,6.15,-4.0323,-0.3926,8.4853,0.0325,0.0271,0.0885
LIG,2015-08-25,6.51,6.56,6.28,6.56,33100,6.9,6.74,6.17,-4.8006,-2.5861,6.4334,0.0433,0.0318,0.0929
LIG,2015-08-26,6.51,6.56,6.4,6.45,17200,6.84,6.76,6.17,-5.6604,-4.602,4.5915,-0.0079,-0.0064,0.0854
LIG,2015-08-27,6.45,6.79,6.12,6.73,251400,6.81,6.79,6.19,-1.0717,-0.8263,8.8274,0.3668,0.305,0.1013
LIG,2015-08-28,6.85,6.96,6.73,6.9,291300,6.79,6.83,6.21,1.6529,1.1098,11.1702,0.2072,0.1612,0.1034
LIG,2015-08-31,6.73,6.73,6.51,6.62,92200,6.74,6.85,6.22,-1.8303,-3.3184,6.3867,-0.0,-0.0,0.1001
LIG,2015-09-01,6.9,6.9,6.4,6.56,54800,6.7,6.85,6.24,-2.092,-4.2161,5.153,-0.0533,-0.0412,0.1024
LIG,2015-09-03,6.34,6.73,6.34,6.62,156000,6.68,6.86,6.27,-0.8404,-3.516,5.5369,0.1221,0.1028,0.0964
LIG,2015-09-04,6.56,6.73,6.51,6.62,89200,6.65,6.85,6.29,-0.5059,-3.3184,5.1884,-0.0,-0.0,0.0964
LIG,2015-09-07,6.62,6.62,6.34,6.34,186400,6.61,6.81,6.31,-4.0747,-6.9576,0.5061,-0.7462,-0.6055,0.1579
LIG,2015-09-08,6.45,6.62,6.28,6.45,64100,6.59,6.77,6.32,-2.0443,-4.7225,2.0206,-0.0,-0.0,0.1547
LIG,2015-09-09,6.56,6.62,6.34,6.51,105000,6.58,6.74,6.34,-1.1083,-3.4138,2.6243,0.0508,0.0451,0.1554
LIG,2015-09-10,6.51,6.79,6.45,6.68,311400,6.6,6.72,6.36,1.1045,-0.6678,5.0222,0.4439,0.3804,0.199
LIG,2015-09-11,6.85,6.85,6.68,6.79,173200,6.61,6.71,6.38,2.7164,1.2128,6.4905,0.1336,0.1152,0.1757
LIG,2015-09-14,6.79,6.79,6.62,6.68,28600,6.59,6.69,6.39,1.3629,-0.1678,4.5296,-0.022,-0.0192,0.1572
LIG,2015-09-15,6.62,6.68,6.45,6.56,219000,6.58,6.66,6.41,-0.2557,-1.4736,2.4402,0.0,0.0,0.1572
LIG,2015-09-16,6.62,6.62,6.4,6.51,53100,6.58,6.64,6.43,-1.0239,-1.9856,1.2885,0.0,0.0,0.1519
LIG,2015-09-17,6.51,6.68,6.45,6.45,135700,6.56,6.62,6.44,-1.6254,-2.5011,0.244,-0.3635,-0.2716,0.176
LIG,2015-09-18,6.56,6.56,6.4,6.45,60200,6.54,6.6,6.45,-1.3722,-2.2109,0.0733,-0.0191,-0.0124,0.1779
LIG,2015-09-21,6.45,6.68,6.45,6.56,193200,6.56,6.59,6.46,0.0001,-0.3407,1.5716,0.0,0.0,0.1033
LIG,2015-09-22,6.62,6.73,6.62,6.68,263200,6.59,6.59,6.48,1.3629,1.3629,3.0782,0.0,0.0,0.1033
LIG,2015-09-23,6.68,6.73,6.62,6.68,72400,6.6,6.59,6.49,1.1045,1.2766,2.8327,0.0,0.0,0.0982
LIG,2015-09-24,6.68,7.01,6.68,6.96,445900,6.63,6.62,6.51,4.9069,5.1292,6.8065,0.6798,0.5554,0.1218
LIG,2015-09-25,7.01,7.01,6.79,6.85,227500,6.64,6.62,6.53,3.1276,3.346,4.7809,-0.3457,-0.2605,0.143
LIG,2015-09-28,6.79,7.01,6.73,6.73,374900,6.64,6.62,6.56,1.3514,1.7812,2.634,-0.7451,-0.6307,0.2153
LIG,2015-09-29,6.73,6.73,6.45,6.62,342500,6.65,6.62,6.58,-0.422,0.0848,0.6867,0.1717,0.1436,0.2325
LIG,2015-09-30,6.62,6.73,6.62,6.68,325200,6.67,6.62,6.59,0.1684,0.8475,1.3017,0.0,0.0,0.2325
LIG,2015-10-01,6.62,6.73,6.45,6.45,122300,6.67,6.61,6.6,-3.1987,-2.4184,-2.298,-0.3898,-0.3222,0.2351
LIG,2015-10-02,6.62,6.62,6.45,6.51,149000,6.67,6.61,6.62,-2.439,-1.4862,-1.6765,-0.2172,-0.179,0.2549
LIG,2015-10-05,6.56,6.73,6.51,6.62,224900,6.68,6.62,6.63,-0.8404,-0.0,-0.2138,-0.0,-0.0,0.2549
LIG,2015-10-06,6.68,6.73,6.45,6.45,373850,6.65,6.62,6.65,-3.0354,-2.5424,-2.9271,-0.4419,-0.368,0.2991
LIG,2015-10-07,6.45,6.51,6.45,6.45,163320,6.63,6.62,6.66,-2.7073,-2.5011,-3.1028,-0.2272,-0.1495,0.3218
LIG,2015-10-08,6.45,6.56,6.45,6.56,197800,6.59,6.61,6.67,-0.4255,-0.7212,-1.5971,0.2859,0.2307,0.2824
LIG,2015-10-09,6.56,6.56,6.45,6.51,201000,6.56,6.6,6.68,-0.7699,-1.3605,-2.521,0.0,0.0,0.2479
LIG,2015-10-12,6.51,6.51,6.4,6.51,121300,6.54,6.59,6.68,-0.4292,-1.2346,-2.6192,0.2152,0.1459,0.1949
LIG,2015-10-13,6.51,6.51,6.4,6.4,69020,6.51,6.58,6.69,-1.8089,-2.8134,-4.3625,-0.1427,-0.1011,0.192
LIG,2015-10-14,6.45,6.45,6.34,6.45,66900,6.49,6.58,6.69,-0.605,-1.919,-3.5235,0.1544,0.1098,0.2074
LIG,2015-10-15,6.45,6.45,6.34,6.4,67130,6.49,6.58,6.69,-1.3841,-2.7304,-4.3464,-0.0,-0.0,0.1685
LIG,2015-10-16,6.4,6.4,6.23,6.23,163700,6.46,6.56,6.67,-3.5622,-5.1283,-6.6757,-0.2932,-0.21,0.1761
LIG,2015-10-19,6.28,6.51,6.23,6.45,229500,6.44,6.56,6.66,0.1742,-1.6253,-3.1498,0.2921,0.2057,0.2053
LIG,2015-10-20,6.45,6.56,6.34,6.34,107000,6.43,6.54,6.64,-1.3961,-3.0874,-4.5608,-0.1902,-0.1304,0.1801
LIG,2015-10-21,6.34,6.45,6.23,6.23,181500,6.41,6.52,6.62,-2.8021,-4.4751,-5.9801,-0.4042,-0.3231,0.1978
LIG,2015-10-22,6.28,6.34,6.12,6.34,131800,6.38,6.49,6.61,-0.7029,-2.2914,-4.091,0.385,0.278,0.2077
LIG,2015-10-23,6.28,6.4,6.23,6.28,82200,6.36,6.46,6.59,-1.2346,-2.7356,-4.7133,-0.0591,-0.0432,0.2136
LIG,2015-10-26,6.28,6.28,6.17,6.28,171000,6.34,6.44,6.58,-0.8849,-2.3965,-4.4858,0.3033,0.2082,0.2224
LIG,2015-10-27,6.28,6.28,5.95,6.17,96300,6.32,6.42,6.56,-2.309,-3.8041,-5.9346,0.063,0.0515,0.2145
LIG,2015-10-28,6.17,6.56,6.17,6.34,369100,6.31,6.4,6.55,0.5339,-0.9206,-3.1871,-0.1027,-0.0751,0.2093
LIG,2015-10-29,6.34,6.4,6.17,6.23,216700,6.29,6.39,6.54,-0.9813,-2.5033,-4.7047,-0.2277,-0.148,0.2321
LIG,2015-10-30,6.23,6.34,6.12,6.34,99500,6.3,6.38,6.53,0.6234,-0.6156,-2.8375,0.2681,0.1877,0.2295
LIG,2015-11-02,6.34,6.34,6.17,6.17,178400,6.27,6.36,6.51,-1.61,-2.9126,-5.2377,-0.4148,-0.2881,0.2418
LIG,2015-11-03,6.23,6.4,6.17,6.28,227100,6.27,6.35,6.51,0.2686,-1.0164,-3.3983,0.0,0.0,0.2228
LIG,2015-11-04,6.34,6.4,6.23,6.28,164300,6.27,6.34,6.5,0.1789,-0.885,-3.3149,-0.1193,-0.0805,0.1943
LIG,2015-11-05,6.34,6.4,6.17,6.28,60000,6.27,6.33,6.5,0.2686,-0.6652,-3.2648,0.0,0.0,0.1558
LIG,2015-11-06,6.23,6.23,6.06,6.17,48600,6.26,6.31,6.48,-1.3453,-2.1787,-4.8278,0.0304,0.0198,0.1529
LIG,2015-11-09,6.34,6.34,6.12,6.17,173900,6.24,6.29,6.47,-1.168,-1.917,-4.6132,-0.1704,-0.107,0.1396
LIG,2015-11-10,6.12,6.17,6.0,6.0,56100,6.23,6.27,6.46,-3.6036,-4.2933,-7.0373,-0.1763,-0.1156,0.151
LIG,2015-11-11,6.0,6.0,5.61,6.0,132100,6.19,6.25,6.45,-3.0797,-3.9497,-6.8755,0.3101,0.2181,0.1717
LIG,2015-11-12,5.89,6.12,5.89,6.12,39600,6.18,6.24,6.44,-1.089,-1.9343,-4.9861,0.0592,0.0397,0.1549
LIG,2015-11-13,6.06,6.68,6.06,6.4,553100,6.19,6.24,6.43,3.3544,2.4258,-0.5583,0.089,0.062,0.137
LIG,2015-11-16,6.45,6.56,6.4,6.51,153400,6.22,6.25,6.44,4.5988,4.176,1.1334,0.0893,0.0624,0.1044
LIG,2015-11-17,6.51,6.56,6.45,6.56,263300,6.25,6.26,6.44,5.027,4.8858,1.9697,0.334,0.2167,0.1378
LIG,2015-11-18,6.51,6.51,6.4,6.45,115700,6.27,6.27,6.44,2.9543,2.9082,0.244,-0.0,-0.0,0.1259
LIG,2015-11-19,6.56,7.01,6.56,6.79,828900,6.32,6.29,6.44,7.46,7.8912,5.4374,-0.0001,-0.0,0.1259
LIG,2015-11-20,6.96,6.96,6.73,6.96,359900,6.4,6.33,6.44,8.7719,9.9778,7.9951,0.8427,0.6475,0.2071
LIG,2015-11-23,6.85,6.9,6.68,6.68,249800,6.45,6.35,6.44,3.5683,5.2166,3.6405,-0.4795,-0.3391,0.238
LIG,2015-11-24,6.62,6.79,6.62,6.79,584300,6.53,6.38,6.45,4.0412,6.4672,5.3089,1.0262,0.7512,0.323
LIG,2015-11-25,6.73,6.85,6.68,6.68,465700,6.59,6.39,6.45,1.2766,4.4318,3.5143,-0.679,-0.4978,0.3599
LIG,2015-11-26,6.72,7.08,6.72,6.86,730800,6.67,6.43,6.46,2.9353,6.8149,6.267,-0.3138,-0.2683,0.3853
LIG,2015-11-27,6.86,6.86,6.57,6.79,320000,6.71,6.45,6.46,1.2318,5.2984,5.0149,0.2785,0.2308,0.4043
LIG,2015-11-30,6.79,6.79,6.49,6.49,226300,6.71,6.46,6.46,-3.1489,0.469,0.4708,-0.4792,-0.3485,0.4433
LIG,2015-12-01,6.49,6.64,6.49,6.64,137900,6.71,6.48,6.46,-1.0615,2.4689,2.7654,0.3302,0.2095,0.4429
LIG,2015-12-02,6.57,6.72,6.57,6.72,235100,6.74,6.5,6.46,-0.3527,3.2638,3.8948,0.8032,0.5563,0.5232
LIG,2015-12-03,6.64,6.72,6.57,6.57,115200,6.72,6.52,6.46,-2.2219,0.7744,1.734,-0.3958,-0.2799,0.5628
LIG,2015-12-04,6.57,6.64,6.42,6.42,118000,6.66,6.53,6.45,-3.6489,-1.6776,-0.4211,-0.3672,-0.2718,0.5153
LIG,2015-12-07,6.42,6.57,6.42,6.49,161100,6.65,6.55,6.44,-2.2735,-0.7924,0.7981,-0.0,-0.0,0.4673
LIG,2015-12-08,6.49,6.57,6.42,6.57,172600,6.62,6.57,6.44,-0.8329,-0.0956,1.9603,0.2909,0.2025,0.3938
LIG,2015-12-09,6.49,6.57,6.42,6.42,94000,6.6,6.59,6.44,-2.6845,-2.6493,-0.2515,-0.185,-0.1319,0.3444
LIG,2015-12-10,6.42,6.49,6.42,6.42,60400,6.55,6.61,6.44,-2.027,-2.8735,-0.2415,-0.138,-0.1113,0.3268
LIG,2015-12-11,6.49,6.57,6.42,6.49,94300,6.52,6.62,6.44,-0.4525,-1.8299,0.9095,-0.0,-0.0,0.299
LIG,2015-12-14,6.42,6.49,6.42,6.49,52100,6.52,6.61,6.43,-0.4525,-1.8192,0.9493,0.1663,0.1182,0.2677
LIG,2015-12-15,6.49,6.57,6.42,6.57,144600,6.52,6.61,6.44,0.7928,-0.7059,2.0598,0.4826,0.3747,0.2829
LIG,2015-12-16,6.49,6.64,6.49,6.57,199000,6.5,6.62,6.44,1.0216,-0.7926,2.0232,0.0,0.0,0.2026
LIG,2015-12-17,6.49,6.79,6.49,6.57,254200,6.5,6.61,6.44,1.0216,-0.6266,2.0221,-0.4001,-0.2707,0.203
LIG,2015-12-18,6.57,6.64,6.49,6.64,76000,6.52,6.59,6.44,1.8099,0.7304,3.1257,0.0594,0.0445,0.1722
LIG,2015-12-21,6.64,6.64,6.49,6.64,96100,6.54,6.59,6.44,1.5801,0.7572,3.083,0.2245,0.1678,0.1947
LIG,2015-12-22,6.64,6.72,6.57,6.64,79900,6.55,6.58,6.45,1.4656,0.8699,3.0046,-0.0,-0.0,0.1656
LIG,2015-12-23,6.64,6.72,6.49,6.64,99200,6.57,6.58,6.45,1.1236,0.8968,2.9441,0.1052,0.0935,0.1576
LIG,2015-12-24,6.57,6.57,6.42,6.49,69900,6.58,6.56,6.45,-1.2346,-1.068,0.626,-0.0,-0.0,0.1438
LIG,2015-12-25,6.49,6.49,6.35,6.35,42000,6.56,6.54,6.46,-3.2621,-2.9893,-1.6971,-0.0435,-0.0379,0.1482
LIG,2015-12-28,6.35,6.49,6.35,6.35,79100,6.55,6.53,6.45,-3.044,-2.8797,-1.6648,-0.1976,-0.1309,0.1513
LIG,2015-12-29,6.35,6.35,6.2,6.35,41100,6.52,6.52,6.45,-2.7149,-2.6599,-1.6668,0.0765,0.0586,0.1107
LIG,2015-12-30,6.35,6.86,6.35,6.79,454900,6.55,6.52,6.47,3.7205,4.0725,5.0111,0.7055,0.5917,0.1812
LIG,2015-12-31,6.86,6.94,6.79,6.79,432300,6.57,6.53,6.47,3.3709,3.8962,4.8654,-0.8905,-0.711,0.2303
LIG,2016-01-04,6.79,7.45,6.79,7.45,1538100,6.65,6.59,6.5,12.0977,13.1653,14.7096,3.3256,2.6043,0.5569
LIG,2016-01-05,7.45,7.9,7.38,7.67,1550450,6.75,6.65,6.53,13.6612,15.4913,17.6132,0.4746,0.4129,0.5819
LIG,2016-01-06,7.67,7.75,7.6,7.6,543600,6.85,6.7,6.55,10.9914,13.4987,15.9744,-1.5953,-1.3493,0.7414
LIG,2016-01-07,7.6,7.6,7.31,7.53,859700,6.94,6.75,6.58,8.5106,11.4754,14.4338,0.7384,0.6735,0.8047
LIG,2016-01-08,7.45,7.45,7.16,7.16,694890,7.0,6.79,6.6,2.2128,5.4347,8.5173,-1.2861,-1.1882,0.9334
LIG,2016-01-11,7.08,7.08,6.57,6.79,570300,7.05,6.8,6.61,-3.6649,-0.2168,2.7838,-0.1811,-0.1298,0.9471
LIG,2016-01-12,6.72,6.86,6.64,6.79,869300,7.09,6.82,6.62,-4.2663,-0.4328,2.592,0.5456,0.4204,0.9819
LIG,2016-01-13,6.94,7.23,6.94,7.16,713100,7.17,6.85,6.64,-0.2058,4.5258,7.8825,0.9769,0.7969,1.072
LIG,2016-01-14,7.31,7.67,6.72,6.94,739710,7.19,6.87,6.65,-3.4907,1.021,4.3407,-0.9963,-0.7925,1.101
LIG,2016-01-15,6.94,7.01,6.64,6.79,900600,7.19,6.88,6.66,-5.5441,-1.2875,1.9657,-0.4087,-0.3198,1.0529
LIG,2016-01-18,6.64,6.64,6.2,6.2,515300,7.06,6.86,6.66,-12.2257,-9.5802,-6.9085,-0.7438,-0.6045,0.7947
LIG,2016-01-19,6.35,6.72,6.35,6.57,561200,6.95,6.85,6.67,-5.5202,-4.1465,-1.4845,0.2091,0.1704,0.7681
LIG,2016-01-20,6.57,6.64,6.35,6.35,409900,6.83,6.84,6.67,-7.0271,-7.1776,-4.9031,-0.9222,-0.712,0.7008
LIG,2016-01-21,6.42,6.42,6.2,6.2,338000,6.69,6.82,6.68,-7.387,-9.0417,-7.169,-0.5568,-0.4721,0.6826
LIG,2016-01-22,6.27,6.42,6.13,6.2,416200,6.6,6.8,6.68,-6.0403,-8.8443,-7.1922,-0.2833,-0.2497,0.5824
LIG,2016-01-25,6.42,6.64,6.35,6.42,1028900,6.56,6.8,6.68,-2.1372,-5.6399,-3.8845,-0.6658,-0.5288,0.6308
LIG,2016-01-26,6.42,6.42,6.13,6.13,909100,6.49,6.79,6.67,-5.6819,-9.8317,-8.1983,-1.7792,-1.5503,0.7542
LIG,2016-01-27,6.13,6.42,6.13,6.42,723550,6.42,6.8,6.67,0.0,-5.5374,-3.7324,1.6222,1.1286,0.8187
LIG,2016-01-28,6.35,6.49,6.2,6.27,631500,6.35,6.77,6.67,-1.2775,-7.3569,-5.8947,-0.7016,-0.5537,0.7893
LIG,2016-01-29,6.27,6.49,6.13,6.27,990850,6.3,6.74,6.66,-0.4683,-7.0021,-5.7487,-0.5214,-0.3928,0.8005
LIG,2016-02-01,6.27,6.42,6.27,6.35,323730,6.32,6.69,6.64,0.4673,-5.1296,-4.4646,-0.0,-0.0,0.7262
LIG,2016-02-02,6.35,6.42,6.2,6.27,156930,6.29,6.62,6.63,-0.2347,-5.2396,-5.4604,-0.1454,-0.1391,0.7198
LIG,2016-02-03,6.2,6.27,6.13,6.2,301650,6.27,6.55,6.62,-1.1765,-5.3521,-6.4062,-0.0,-0.0,0.6276
LIG,2016-02-04,6.27,6.42,6.27,6.27,292283,6.28,6.49,6.62,-0.1175,-3.2992,-5.1762,-1.0941,-0.7841,0.6813
LIG,2016-02-05,6.27,6.35,6.2,6.35,216780,6.29,6.45,6.6,0.8206,-1.5455,-3.9106,0.8163,0.684,0.7346
LIG,2016-02-15,6.35,6.35,6.13,6.2,75328,6.27,6.42,6.59,-1.1765,-3.3928,-5.9772,-0.1022,-0.0685,0.6782
LIG,2016-02-16,6.27,6.35,6.13,6.27,278282,6.29,6.39,6.59,-0.2347,-1.8475,-4.7938,0.2177,0.1711,0.5221
LIG,2016-02-17,6.27,6.27,6.2,6.2,98841,6.27,6.34,6.58,-1.0601,-2.2688,-5.7874,-0.1945,-0.1407,0.3793
LIG,2016-02-18,6.27,6.35,6.27,6.27,237794,6.27,6.31,6.57,0.1178,-0.5847,-4.5372,-0.5654,-0.409,0.3657
LIG,2016-02-19,6.27,6.27,6.2,6.27,392710,6.27,6.28,6.56,0.1178,-0.1761,-4.4514,0.5284,0.4365,0.3664
LIG,2016-02-22,6.27,6.27,6.13,6.2,433480,6.25,6.28,6.56,-0.8265,-1.3506,-5.5118,-0.0,-0.0,0.3664
LIG,2016-02-23,6.2,6.57,6.2,6.35,683724,6.26,6.27,6.56,1.415,1.1764,-3.2186,-0.19,-0.1422,0.3709
LIG,2016-02-24,6.27,6.57,6.27,6.27,566360,6.27,6.27,6.55,0.1178,0.0589,-4.2577,-1.0954,-0.8007,0.4804
LIG,2016-02-25,6.35,6.35,6.2,6.2,171294,6.26,6.27,6.55,-0.9434,-1.1183,-5.3201,-0.2435,-0.1721,0.3954
LIG,2016-02-26,6.2,6.27,6.13,6.2,177880,6.24,6.27,6.54,-0.7092,-1.1183,-5.256,-0.0,-0.0,0.3137
LIG,2016-02-29,6.13,6.27,6.13,6.13,166110,6.24,6.25,6.54,-1.7752,-2.065,-6.2783,-0.3018,-0.2005,0.3337
LIG,2016-03-01,6.13,6.27,6.13,6.2,116304,6.23,6.26,6.53,-0.4739,-0.9434,-5.0633,-0.0,-0.0,0.3119
LIG,2016-03-02,6.27,6.27,6.2,6.2,203100,6.23,6.25,6.52,-0.4739,-0.7679,-4.9559,-0.3758,-0.2475,0.33
LIG,2016-03-03,6.27,6.35,6.2,6.27,250210,6.23,6.25,6.52,0.711,0.4135,-3.7372,0.0,0.0,0.2735
LIG,2016-03-04,6.27,6.35,6.2,6.2,134300,6.22,6.24,6.51,-0.3559,-0.7092,-4.7619,-0.3637,-0.2316,0.257
LIG,2016-03-07,6.2,6.2,6.13,6.13,185076,6.21,6.23,6.5,-1.4252,-1.7171,-5.7462,-0.254,-0.1599,0.2824
LIG,2016-03-08,6.13,6.13,5.98,6.05,209800,6.18,6.22,6.49,-2.148,-2.7283,-6.7122,0.0,0.0,0.2634
LIG,2016-03-09,6.13,6.2,6.05,6.05,292500,6.16,6.21,6.47,-1.7964,-2.6128,-6.542,-0.6703,-0.5057,0.2209
LIG,2016-03-10,6.13,6.13,5.98,6.05,208767,6.15,6.2,6.46,-1.5606,-2.439,-6.3713,0.0,0.0,0.1966
LIG,2016-03-11,6.05,6.13,5.98,6.05,222600,6.13,6.19,6.45,-1.3237,-2.2063,-6.2428,0.0,0.0,0.1966
LIG,2016-03-14,6.05,6.05,5.9,5.9,333900,6.11,6.17,6.45,-3.3816,-4.3634,-8.4039,-0.6903,-0.4388,0.2354
LIG,2016-03-15,5.9,5.98,5.68,5.76,337220,6.07,6.15,6.43,-5.1094,-6.3625,-10.5299,-0.3524,-0.225,0.2707
LIG,2016-03-16,5.68,5.9,5.68,5.9,138267,6.04,6.13,6.42,-2.2005,-3.7304,-8.1093,0.2936,0.2009,0.2624
LIG,2016-03-17,5.9,6.05,5.83,5.83,384700,5.99,6.11,6.41,-2.7094,-4.5894,-8.9862,-0.6581,-0.4276,0.3283
LIG,2016-03-18,5.83,5.98,5.83,5.9,168921,5.96,6.09,6.39,-0.9901,-3.089,-7.5785,0.0,0.0,0.2919
LIG,2016-03-21,5.83,5.9,5.76,5.76,91140,5.93,6.07,6.35,-2.8642,-5.1671,-9.4076,-0.1264,-0.0831,0.2791
LIG,2016-03-22,5.83,5.83,5.76,5.76,113286,5.9,6.04,6.32,-2.3779,-4.7037,-8.8572,-0.2575,-0.1849,0.3049
LIG,2016-03-23,5.83,5.98,5.53,5.9,929620,5.88,6.02,6.28,0.3764,-1.9608,-6.015,1.3834,0.8313,0.3762
LIG,2016-03-24,5.9,5.98,5.76,5.9,162838,5.87,6.01,6.25,0.6289,-1.7199,-5.5267,0.1011,0.0676,0.3863
LIG,2016-03-25,5.83,6.2,5.76,6.05,801700,5.87,6.0,6.23,3.1446,0.861,-2.8206,0.5117,0.3658,0.4375
LIG,2016-03-28,5.98,6.05,5.9,6.05,709013,5.88,6.0,6.21,2.8858,0.9231,-2.5897,1.4657,1.0553,0.515
LIG,2016-03-29,5.9,6.05,5.76,5.76,564900,5.88,5.97,6.19,-2.133,-3.6442,-7.0321,-0.8893,-0.6022,0.5687
LIG,2016-03-30,5.68,5.9,5.68,5.68,834740,5.86,5.95,6.16,-3.0227,-4.4665,-7.7845,-1.6148,-1.0796,0.7008
LIG,2016-03-31,5.68,5.83,5.68,5.68,190600,5.84,5.92,6.14,-2.7778,-3.9901,-7.4074,-0.3114,-0.2191,0.6661
LIG,2016-04-01,5.76,5.76,5.61,5.68,377000,5.82,5.89,6.11,-2.4081,-3.5692,-7.0722,0.0,0.0,0.6661
LIG,2016-04-04,5.68,5.68,5.31,5.39,367878,5.79,5.86,6.1,-6.8877,-8.0025,-11.665,-0.4741,-0.302,0.7009
LIG,2016-04-05,5.39,5.53,5.24,5.31,490200,5.74,5.82,6.07,-7.4551,-8.6874,-12.5152,-0.4854,-0.3108,0.7237
LIG,2016-04-06,5.31,5.39,5.17,5.24,684141,5.67,5.78,6.05,-7.6723,-9.3231,-13.4146,-0.476,-0.2904,0.6329
LIG,2016-04-07,5.39,5.76,5.39,5.76,644820,5.66,5.76,6.04,1.695,-0.128,-4.7386,1.1823,0.6819,0.7411
LIG,2016-04-08,5.9,5.9,5.61,5.76,684020,5.63,5.75,6.03,2.2281,0.1284,-4.5988,0.0001,0.0,0.6899
LIG,2016-04-11,5.76,5.9,5.61,5.61,627400,5.59,5.73,6.02,0.3962,-2.188,-6.7943,-1.1111,-0.6641,0.6544
LIG,2016-04-12,5.68,5.76,5.53,5.61,583964,5.57,5.73,6.01,0.6622,-2.062,-6.634,-0.3008,-0.2067,0.5956
LIG,2016-04-13,5.61,5.68,5.46,5.61,747810,5.56,5.71,5.99,0.7957,-1.8089,-6.381,0.4842,0.2986,0.4825
LIG,2016-04-14,5.53,5.76,5.53,5.61,834910,5.56,5.7,5.98,0.9295,-1.6182,-6.1729,-0.6491,-0.4524,0.5163
LIG,2016-04-15,5.61,5.68,5.46,5.46,879800,5.53,5.68,5.96,-1.3334,-3.8337,-8.3932,-1.4588,-0.9796,0.6622
LIG,2016-04-19,5.46,5.46,5.31,5.31,176600,5.53,5.66,5.94,-3.8718,-6.0666,-10.559,-0.3133,-0.1724,0.6461
LIG,2016-04-20,5.31,5.39,5.24,5.31,814668,5.53,5.63,5.92,-3.8718,-5.6975,-10.2692,-0.0001,-0.0001,0.5976
LIG,2016-04-21,5.31,5.31,5.17,5.17,696900,5.52,5.6,5.9,-6.4171,-7.7126,-12.4562,-1.5448,-0.8818,0.7045
LIG,2016-04-22,5.17,5.39,5.17,5.39,851260,5.48,5.57,5.88,-1.7496,-3.3112,-8.4295,1.2728,0.7337,0.7135
LIG,2016-04-25,5.39,5.61,5.31,5.61,858864,5.47,5.55,5.87,2.5641,1.0638,-4.4266,1.2185,0.737,0.8354
LIG,2016-04-26,5.61,5.61,5.46,5.53,476300,5.46,5.52,5.85,1.3514,0.2004,-5.4701,0.0001,0.0,0.7242
LIG,2016-04-27,5.46,5.61,5.46,5.53,367670,5.45,5.51,5.84,1.4885,0.4016,-5.2312,0.0,0.0,0.6942
LIG,2016-04-28,5.61,5.61,5.39,5.39,416983,5.43,5.5,5.82,-0.8152,-2.0134,-7.5012,-1.0077,-0.6145,0.7465
LIG,2016-04-29,5.39,5.46,5.39,5.46,153005,5.42,5.49,5.81,0.8174,-0.4708,-5.9721,0.2986,0.1978,0.7115
LIG,2016-05-04,5.46,5.53,5.39,5.46,230200,5.42,5.48,5.79,0.8174,-0.2696,-5.7085,-0.0,-0.0,0.5656
LIG,2016-05-05,5.39,5.46,5.31,5.31,246900,5.42,5.47,5.77,-1.9074,-2.8995,-7.9755,-0.4486,-0.2677,0.5791
LIG,2016-05-06,5.31,5.46,5.24,5.31,328800,5.42,5.47,5.75,-1.9074,-2.8995,-7.645,-0.2281,-0.1513,0.6019
LIG,2016-05-09,5.31,5.31,5.17,5.31,246100,5.43,5.48,5.73,-2.1739,-2.965,-7.3359,0.5058,0.3128,0.498
LIG,2016-05-10,5.24,5.31,5.17,5.24,136300,5.42,5.45,5.71,-3.2697,-3.8591,-8.316,0.0,0.0,0.3707
LIG,2016-05-11,5.31,5.46,5.24,5.39,558552,5.39,5.43,5.7,-0.1368,-0.8151,-5.4649,0.3276,0.1878,0.2816
LIG,2016-05-12,5.46,5.53,5.39,5.46,526800,5.39,5.42,5.69,1.3698,0.6802,-3.9461,-0.0001,-0.0,0.2816
LIG,2016-05-13,5.46,5.53,5.31,5.31,306400,5.36,5.41,5.67,-0.9629,-1.7735,-6.25,-0.6508,-0.3958,0.3467
LIG,2016-05-16,5.39,5.39,5.24,5.31,251000,5.36,5.39,5.65,-0.8265,-1.5048,-5.9561,-0.0,-0.0,0.246
LIG,2016-05-17,5.31,5.39,5.31,5.39,170400,5.35,5.38,5.63,0.6897,0.0686,-4.3501,0.3028,0.1588,0.2464
LIG,2016-05-18,5.39,5.39,5.31,5.39,89479,5.34,5.38,5.62,0.8288,0.1372,-4.0735,0.1668,0.1053,0.2631
LIG,2016-05-19,5.39,5.46,5.31,5.39,141500,5.35,5.38,5.6,0.6897,0.0686,-3.8208,0.0,0.0,0.2182
LIG,2016-05-20,5.39,5.39,5.31,5.39,26800,5.36,5.39,5.59,0.551,0.0,-3.5921,0.0605,0.0382,0.2014
LIG,2016-05-23,5.39,5.46,5.31,5.46,198829,5.37,5.4,5.58,1.6483,1.0928,-2.0646,0.4447,0.2778,0.1953
LIG,2016-05-24,5.39,5.46,5.39,5.46,80182,5.39,5.41,5.56,1.2311,1.0238,-1.8568,0.1784,0.1105,0.2132
LIG,2016-05-25,5.46,5.76,5.39,5.68,1151710,5.42,5.41,5.56,4.7619,5.0477,2.2576,1.3865,0.8076,0.3191
LIG,2016-05-26,5.68,5.9,5.61,5.76,579800,5.45,5.42,5.55,5.5481,6.1948,3.6408,0.0,0.0,0.3191
LIG,2016-05-27,5.76,5.83,5.53,5.83,392900,5.51,5.44,5.56,5.8981,7.2641,4.9415,0.9991,0.7045,0.3539
LIG,2016-05-30,5.68,5.83,5.68,5.76,646800,5.55,5.45,5.55,3.7235,5.5481,3.6683,0.0001,0.0001,0.3539
LIG,2016-05-31,5.68,5.76,5.53,5.53,805800,5.56,5.46,5.55,-0.5305,1.4199,-0.2129,-1.3458,-0.8539,0.4582
LIG,2016-06-01,5.53,5.53,5.39,5.53,251360,5.58,5.46,5.54,-0.7936,1.3514,-0.0799,0.4562,0.3316,0.4871
LIG,2016-06-02,5.53,5.68,5.53,5.68,172600,5.61,5.48,5.54,1.3158,3.7037,2.6119,0.3138,0.2392,0.5185
LIG,2016-06-03,5.68,5.68,5.53,5.68,67600,5.64,5.5,5.54,0.7853,3.3557,2.6393,0.1149,0.0858,0.524
LIG,2016-06-06,5.61,5.68,5.46,5.61,280960,5.65,5.51,5.53,-0.7834,1.7402,1.4144,0.171,0.1219,0.4966
LIG,2016-06-07,5.53,5.61,5.53,5.53,234634,5.66,5.53,5.52,-2.2164,0.1335,0.2138,-0.4612,-0.2942,0.5249
LIG,2016-06-08,5.53,5.61,5.53,5.53,482429,5.65,5.53,5.51,-1.9608,0.0,0.4016,-0.8596,-0.4803,0.4722
LIG,2016-06-09,5.53,5.76,5.53,5.76,326665,5.65,5.55,5.51,1.9608,3.7235,4.5297,0.6074,0.3699,0.5329
LIG,2016-06-10,5.76,5.83,5.61,5.68,353200,5.63,5.57,5.51,0.9174,2.0543,3.2172,-0.1965,-0.1398,0.4526
LIG,2016-06-13,5.61,5.76,5.61,5.68,387560,5.62,5.59,5.51,1.0499,1.7173,3.2172,0.0,0.0,0.4526
LIG,2016-06-14,5.83,6.13,5.68,5.98,768710,5.67,5.62,5.51,5.4687,6.4388,8.4627,0.5358,0.3629,0.3716
LIG,2016-06-15,6.05,6.05,5.9,6.05,461970,5.72,5.65,5.52,5.8065,7.1195,9.655,0.9911,0.6378,0.4251
LIG,2016-06-16,6.05,6.13,5.9,5.98,436830,5.75,5.68,5.53,3.9794,5.2631,8.0864,-0.2244,-0.1478,0.4162
LIG,2016-06-17,5.98,6.27,5.9,6.13,608400,5.79,5.72,5.55,5.7324,7.1658,10.431,0.1253,0.0813,0.4172
LIG,2016-06-20,6.05,6.27,6.05,6.27,415660,5.86,5.76,5.57,7.053,8.9744,12.6724,0.8156,0.518,0.4817
LIG,2016-06-21,6.13,6.27,6.13,6.13,369580,5.92,5.79,5.57,3.4912,5.7998,9.8755,-0.6786,-0.4057,0.5034
LIG,2016-06-22,6.13,6.27,6.05,6.27,377008,5.99,5.82,5.58,4.6799,7.7997,12.3151,0.8821,0.6028,0.5057
LIG,2016-06-23,6.2,6.27,6.13,6.13,650766,6.03,5.84,5.6,1.5911,4.9304,9.4697,-1.3389,-0.869,0.5788
LIG,2016-06-24,6.29,6.29,5.62,6.04,600330,6.07,5.85,5.6,-0.3916,3.3081,7.8056,0.1674,0.1102,0.5759
LIG,2016-06-27,5.96,6.04,5.71,6.04,219630,6.1,5.86,5.61,-0.9777,3.0568,7.6393,0.4183,0.2765,0.6177
LIG,2016-06-28,5.87,5.96,5.79,5.96,276700,6.1,5.88,5.62,-2.3207,1.2605,6.0127,0.917,0.5967,0.6559
LIG,2016-06-29,5.79,5.96,5.71,5.96,280505,6.09,5.9,5.63,-2.1701,0.898,5.8257,0.4857,0.2982,0.6053
LIG,2016-06-30,5.96,6.04,5.79,5.96,337270,6.09,5.92,5.64,-2.1378,0.6635,5.5841,0.202,0.1345,0.6031
LIG,2016-07-01,5.87,6.04,5.71,6.04,331700,6.08,5.94,5.66,-0.6228,1.7725,6.7955,0.6568,0.4324,0.6562
LIG,2016-07-04,5.96,6.13,5.87,6.13,497700,6.06,5.96,5.68,1.0025,2.7389,7.9127,0.6901,0.4512,0.6437
LIG,2016-07-05,6.04,6.21,5.96,6.21,496560,6.07,6.0,5.69,2.2445,3.5607,9.0751,0.6758,0.4599,0.6434
LIG,2016-07-06,6.13,6.21,6.04,6.21,402700,6.07,6.03,5.7,2.3516,2.9815,8.8455,0.5954,0.3683,0.6147
LIG,2016-07-07,6.21,6.38,6.13,6.38,622300,6.09,6.06,5.72,4.6832,5.223,11.4581,0.9133,0.5567,0.5722
LIG,2016-07-08,6.29,6.38,6.21,6.38,368500,6.13,6.1,5.74,4.1096,4.6234,11.1309,0.6676,0.4393,0.6222
LIG,2016-07-11,6.21,6.38,6.04,6.13,343081,6.13,6.12,5.75,-0.1368,0.1297,6.4702,-0.1635,-0.1127,0.5967
LIG,2016-07-12,6.13,6.13,5.96,6.13,295330,6.15,6.12,5.77,-0.4093,0.009,6.2249,0.4346,0.2628,0.5485
LIG,2016-07-13,6.13,6.21,5.96,6.13,364300,6.17,6.13,5.78,-0.6803,-0.0513,5.9807,0.151,0.0967,0.515
LIG,2016-07-14,6.04,6.13,5.96,5.96,385350,6.17,6.13,5.79,-3.4013,-2.7737,2.848,-0.3664,-0.2299,0.5314
LIG,2016-07-15,6.04,6.04,5.96,6.04,108844,6.17,6.12,5.81,-2.0409,-1.3369,4.0349,0.1934,0.1295,0.4851
LIG,2016-07-18,6.04,6.13,5.96,5.96,101600,6.15,6.11,5.82,-3.1378,-2.456,2.363,-0.1596,-0.1048,0.4321
LIG,2016-07-19,6.04,6.04,5.96,6.04,55200,6.13,6.1,5.84,-1.5049,-1.0144,3.5194,0.1303,0.0837,0.3775
LIG,2016-07-20,6.04,6.04,5.87,5.96,164210,6.11,6.09,5.85,-2.4725,-2.1363,1.8826,0.0,0.0,0.318
LIG,2016-07-21,6.04,6.04,5.87,5.87,107400,6.06,6.07,5.86,-3.0471,-3.3149,0.3061,-0.183,-0.107,0.2449
LIG,2016-07-22,5.87,5.96,5.71,5.79,138400,6.0,6.06,5.87,-3.4966,-4.4983,-1.2875,-0.0641,-0.0405,0.1846
LIG,2016-07-25,5.87,5.87,5.71,5.79,44252,5.97,6.05,5.87,-2.9536,-4.2997,-1.4476,-0.0,-0.0,0.1682
LIG,2016-07-26,5.87,5.87,5.62,5.79,166000,5.93,6.04,5.88,-2.4046,-4.1667,-1.5824,0.1192,0.0757,0.1367
LIG,2016-07-27,5.87,5.87,5.71,5.79,225920,5.9,6.03,5.89,-1.8493,-4.0334,-1.7169,-0.0,-0.0,0.1216
LIG,2016-07-28,5.79,5.87,5.71,5.79,51220,5.88,6.02,5.9,-1.5692,-3.8998,-1.851,-0.0,-0.0,0.085
LIG,2016-07-29,5.79,5.79,5.62,5.79,252000,5.86,6.01,5.91,-1.1462,-3.6986,-1.9847,0.4741,0.2471,0.113
LIG,2016-08-01,5.87,5.87,5.54,5.79,211020,5.84,6.0,5.91,-0.8621,-3.429,-2.0937,0.2827,0.1636,0.1253
LIG,2016-08-02,5.79,5.79,5.45,5.71,417600,5.81,5.97,5.92,-1.734,-4.4272,-3.5923,0.2547,0.1459,0.1378
LIG,2016-08-03,5.71,5.71,5.54,5.71,105852,5.78,5.94,5.92,-1.3062,-4.0225,-3.5999,0.2167,0.1384,0.1595
LIG,2016-08-04,5.71,5.71,5.37,5.45,250600,5.74,5.9,5.91,-4.9707,-7.5391,-7.7587,-0.1922,-0.1229,0.1604
LIG,2016-08-05,5.2,5.29,5.2,5.2,103640,5.68,5.84,5.9,-8.4195,-10.9195,-11.8288,-0.1787,-0.1007,0.1718
LIG,2016-08-08,5.29,5.45,5.2,5.45,43908,5.65,5.81,5.89,-3.4175,-6.0693,-7.4677,0.1069,0.0636,0.1825
LIG,2016-08-09,5.45,5.54,5.29,5.37,124800,5.6,5.77,5.89,-4.1916,-6.9091,-8.8404,-0.0842,-0.0406,0.179
LIG,2016-08-10,5.37,5.45,5.29,5.37,134250,5.56,5.73,5.89,-3.4691,-6.2958,-8.7894,-0.0,-0.0,0.179
LIG,2016-08-11,5.37,5.45,5.29,5.29,208400,5.51,5.7,5.88,-4.1095,-7.2164,-10.0934,-0.2624,-0.1388,0.2053
LIG,2016-08-12,5.29,5.37,5.2,5.37,137852,5.47,5.66,5.87,-1.8405,-5.1852,-8.5694,0.0816,0.1185,0.166
LIG,2016-08-15,5.37,5.54,5.29,5.37,203512,5.43,5.63,5.87,-1.082,-4.691,-8.4951,-0.0874,-0.05,0.1465
LIG,2016-08-16,5.37,5.37,5.29,5.37,143180,5.4,5.6,5.87,-0.4666,-4.1199,-8.4437,0.2366,0.1128,0.1447
LIG,2016-08-17,5.37,5.54,5.29,5.45,287830,5.37,5.58,5.86,1.5625,-2.182,-6.9874,0.1808,0.0967,0.1411
LIG,2016-08-18,5.37,5.45,5.29,5.45,197600,5.37,5.55,5.86,1.5625,-1.8126,-6.8915,0.2976,0.1271,0.1516
LIG,2016-08-19,5.03,5.45,5.03,5.45,249400,5.4,5.54,5.85,1.0887,-1.5151,-6.8188,0.4426,0.1928,0.178
LIG,2016-08-22,5.29,5.37,5.2,5.37,218900,5.39,5.52,5.85,-0.3116,-2.6616,-8.1544,0.3965,0.1983,0.207
LIG,2016-08-23,5.29,5.37,5.29,5.37,151327,5.39,5.5,5.83,-0.3116,-2.2901,-7.9632,0.3026,0.1439,0.2288
LIG,2016-08-24,5.29,5.37,5.2,5.29,98863,5.38,5.47,5.82,-1.716,-3.3741,-9.1629,0.0,0.0,0.2288
LIG,2016-08-25,5.2,5.37,5.2,5.29,104880,5.38,5.45,5.81,-1.716,-2.9275,-8.9466,0.0,0.0,0.2026
LIG,2016-08-26,5.29,5.37,5.2,5.37,238123,5.38,5.42,5.79,-0.1561,-1.0055,-7.2602,0.3877,0.1859,0.2332
LIG,2016-08-29,5.2,5.29,5.2,5.29,109690,5.37,5.4,5.77,-1.5624,-2.0978,-8.397,0.142,0.0758,0.2386
LIG,2016-08-30,5.2,5.29,5.12,5.2,140100,5.35,5.37,5.75,-2.8213,-3.2006,-9.5618,0.0,0.0,0.215
LIG,2016-08-31,5.2,5.2,5.03,5.12,185034,5.32,5.34,5.73,-3.7856,-4.2387,-10.662,-0.0,-0.0,0.1969
LIG,2016-09-01,5.12,5.12,4.78,5.03,220521,5.28,5.32,5.71,-4.6104,-5.4373,-11.7906,0.2063,0.1035,0.1878
LIG,2016-09-05,5.2,5.2,5.03,5.12,30800,5.24,5.32,5.69,-2.4001,-3.7855,-10.0295,-0.0,-0.0,0.1435
LIG,2016-09-06,5.12,5.12,4.7,4.7,195000,5.18,5.28,5.66,-9.2383,-11.0405,-17.0125,-0.3829,-0.1564,0.1422
LIG,2016-09-07,4.87,4.95,4.7,4.87,80700,5.13,5.26,5.64,-5.0737,-7.4223,-13.7162,0.063,0.0314,0.1182
LIG,2016-09-08,4.7,4.87,4.7,4.87,139600,5.08,5.23,5.62,-4.2905,-6.9768,-13.3812,0.2433,0.0964,0.1425
LIG,2016-09-09,4.7,4.87,4.7,4.87,146727,5.04,5.21,5.6,-3.4942,-6.6023,-13.0435,0.3289,0.127,0.1754
LIG,2016-09-12,4.7,4.78,4.61,4.7,184200,4.98,5.18,5.57,-5.5649,-9.2383,-15.6372,0.0,0.0,0.1366
LIG,2016-09-13,4.7,4.7,4.61,4.7,102100,4.92,5.14,5.54,-4.4368,-8.646,-15.2029,0.2611,0.0973,0.1485
LIG,2016-09-14,4.7,4.78,4.61,4.7,132424,4.87,5.11,5.51,-3.4483,-8.046,-14.7381,0.0,0.0,0.1485
LIG,2016-09-15,4.7,4.7,4.53,4.61,177100,4.82,5.07,5.48,-4.1812,-8.9405,-15.7734,-0.0,-0.0,0.1485
LIG,2016-09-16,4.61,4.61,4.45,4.61,149800,4.77,5.03,5.44,-3.3392,-8.1804,-15.2282,0.1203,0.0493,0.14
LIG,2016-09-19,4.45,4.61,4.2,4.28,240200,4.69,4.97,5.4,-8.7656,-13.8513,-20.7828,-0.2474,-0.081,0.1647
LIG,2016-09-20,4.28,4.28,4.03,4.2,138100,4.64,4.91,5.36,-9.5841,-14.5299,-21.7772,0.0896,0.0283,0.1354
LIG,2016-09-21,4.2,4.2,4.11,4.2,128500,4.57,4.85,5.32,-8.2569,-13.4948,-21.2102,0.3145,0.1232,0.1605
LIG,2016-09-22,4.28,4.28,4.03,4.2,199800,4.51,4.8,5.29,-6.8901,-12.511,-20.6349,0.1338,0.0538,0.1496
LIG,2016-09-23,4.2,4.28,4.2,4.2,158800,4.44,4.74,5.25,-5.4821,-11.5044,-20.1023,-0.3648,-0.1209,0.1532
LIG,2016-09-26,4.2,4.36,4.2,4.36,272200,4.41,4.69,5.22,-0.9524,-6.9768,-16.3719,0.6255,0.2278,0.2157
LIG,2016-09-27,4.36,4.36,4.28,4.36,190450,4.37,4.64,5.19,-0.192,-6.0525,-15.8577,0.3063,0.1188,0.2202
LIG,2016-09-28,4.28,4.36,4.2,4.36,156050,4.34,4.6,5.15,0.5802,-5.196,-15.3095,0.2917,0.1398,0.2494
LIG,2016-09-29,4.28,4.36,4.2,4.36,168100,4.31,4.56,5.12,1.1673,-4.4118,-14.7821,0.3099,0.1076,0.2804
LIG,2016-09-30,4.28,4.36,4.2,4.2,126350,4.27,4.52,5.09,-1.7682,-7.2356,-17.519,-0.2205,-0.0773,0.2904
LIG,2016-10-03,4.28,4.36,4.2,4.36,249714,4.28,4.48,5.06,1.9608,-2.7129,-13.736,0.5394,0.2252,0.3196
LIG,2016-10-04,4.28,4.36,4.11,4.2,510435,4.28,4.46,5.03,-1.9608,-5.9266,-16.5276,-0.3872,-0.1294,0.3494
LIG,2016-10-05,4.2,4.28,4.03,4.2,202000,4.28,4.43,4.99,-1.9608,-5.2133,-15.9946,0.1494,0.0595,0.3329
LIG,2016-10-06,4.11,4.28,3.94,4.2,730300,4.28,4.39,4.96,-1.9608,-4.489,-15.4549,0.5414,0.2421,0.3736
LIG,2016-10-07,4.2,4.2,4.03,4.2,110800,4.28,4.36,4.93,-1.9608,-3.7536,-14.9081,0.2325,0.1137,0.3604
LIG,2016-10-10,4.11,4.2,4.03,4.2,176800,4.26,4.33,4.9,-1.5748,-3.1946,-14.3543,0.2951,0.1425,0.3273
LIG,2016-10-11,4.11,4.2,4.11,4.2,194500,4.25,4.31,4.87,-1.1858,-2.629,-13.7931,0.339,0.1244,0.3306
LIG,2016-10-12,4.2,4.2,4.11,4.11,220900,4.22,4.28,4.83,-2.5843,-3.9214,-14.96,-0.5005,-0.1954,0.3515
LIG,2016-10-13,4.2,4.2,4.11,4.2,152977,4.2,4.26,4.8,-0.1996,-1.4778,-12.679,0.2632,0.1335,0.3468
LIG,2016-10-14,4.2,4.36,4.11,4.36,193835,4.22,4.25,4.78,3.3797,2.7667,-8.772,0.2724,0.1385,0.352
LIG,2016-10-17,4.28,4.36,4.2,4.36,113100,4.22,4.25,4.77,3.3797,2.6653,-8.4508,0.2157,0.0892,0.3196
LIG,2016-10-18,4.36,4.36,4.2,4.36,154400,4.24,4.26,4.74,2.9702,2.463,-8.0298,0.3549,0.1807,0.3164
LIG,2016-10-19,4.36,4.36,4.2,4.36,219100,4.25,4.27,4.72,2.564,2.2615,-7.6377,0.3242,0.1636,0.3339
LIG,2016-10-20,4.2,4.36,4.2,4.36,112000,4.27,4.28,4.7,2.1611,2.0608,-7.2423,0.2818,0.1191,0.3079
LIG,2016-10-21,4.28,4.36,4.2,4.36,148640,4.29,4.28,4.69,1.7612,1.8609,-6.8769,0.277,0.1357,0.3124
LIG,2016-10-24,4.2,4.28,4.2,4.28,182400,4.3,4.28,4.66,-0.3905,0.0001,-8.2403,0.3451,0.1423,0.3174
LIG,2016-10-25,4.28,4.28,4.2,4.2,52400,4.3,4.27,4.64,-2.3437,-1.7682,-9.5841,-0.1228,-0.0615,0.2958
LIG,2016-10-26,4.28,4.36,4.2,4.36,144712,4.32,4.27,4.62,0.9708,2.1611,-5.5576,0.4146,0.2263,0.2872
LIG,2016-10-27,4.28,4.36,4.2,4.36,92800,4.34,4.27,4.6,0.5802,2.1611,-5.1096,0.3003,0.1277,0.2909
LIG,2016-10-28,4.28,4.36,4.2,4.28,131600,4.33,4.28,4.57,-1.1627,0.0982,-6.4563,0.0,0.0,0.2637
LIG,2016-10-31,4.28,4.28,4.2,4.28,114723,4.32,4.27,4.55,-0.9708,0.1966,-5.9734,0.255,0.104,0.2676
LIG,2016-11-01,4.2,4.28,4.2,4.2,67000,4.3,4.27,4.53,-2.5341,-1.7682,-7.3388,-0.2196,-0.0873,0.2541
LIG,2016-11-02,4.2,4.28,4.11,4.11,107620,4.28,4.27,4.5,-3.9214,-3.638,-8.6842,-0.2217,-0.0931,0.2438
LIG,2016-11-03,4.2,4.2,4.03,4.03,111600,4.25,4.26,4.48,-5.1383,-5.4187,-10.0449,-0.226,-0.0855,0.2382
LIG,2016-11-04,4.11,4.11,4.03,4.11,50600,4.22,4.25,4.45,-2.5844,-3.3529,-7.6864,0.1869,0.0709,0.2292
LIG,2016-11-07,4.03,4.11,4.03,4.11,72523,4.2,4.25,4.43,-2.1955,-3.2575,-7.1617,0.2127,0.0859,0.216
LIG,2016-11-08,4.03,4.11,4.03,4.11,63820,4.2,4.25,4.41,-1.9999,-3.1619,-6.6665,0.1974,0.0902,0.2234
LIG,2016-11-09,4.03,4.11,4.03,4.03,68800,4.16,4.24,4.38,-3.2258,-5.0445,-8.0811,-0.1411,-0.0484,0.1961
LIG,2016-11-10,4.03,4.11,3.94,4.11,64200,4.14,4.24,4.36,-0.6085,-2.9702,-5.7328,0.1403,0.0669,0.1801
LIG,2016-11-11,4.11,4.11,3.94,4.11,146600,4.12,4.22,4.34,-0.2036,-2.6811,-5.3322,0.5158,0.2277,0.2317
LIG,2016-11-14,4.11,4.11,3.94,4.03,54900,4.09,4.21,4.32,-1.6394,-4.2871,-6.7961,0.0,0.0,0.2062
LIG,2016-11-15,3.94,4.03,3.86,4.03,103900,4.08,4.19,4.31,-1.2346,-3.9039,-6.5056,0.2925,0.1153,0.2134
LIG,2016-11-16,3.94,4.03,3.86,3.94,117900,4.06,4.17,4.29,-2.8927,-5.4327,-8.0595,-0.0,-0.0,0.1913
LIG,2016-11-17,3.94,3.94,3.86,3.94,186300,4.05,4.15,4.27,-2.6916,-4.9546,-7.6621,0.4262,0.1987,0.2113
LIG,2016-11-18,3.86,3.94,3.86,3.94,81420,4.04,4.13,4.25,-2.287,-4.4716,-7.2613,0.2141,0.0858,0.214
LIG,2016-11-21,3.86,4.03,3.86,3.86,112800,4.01,4.11,4.24,-3.7656,-6.0265,-8.8747,-0.2214,-0.1052,0.2149
LIG,2016-11-22,3.86,3.94,3.86,3.94,153820,3.99,4.09,4.22,-1.2606,-3.6886,-6.5607,0.3616,0.1402,0.2313
LIG,2016-11-23,3.86,3.94,3.78,3.94,186100,3.99,4.07,4.21,-1.0527,-3.1927,-6.2251,0.3991,0.1506,0.2571
LIG,2016-11-24,3.86,3.94,3.78,3.86,95530,3.96,4.05,4.19,-2.5423,-4.6631,-7.8894,0.0,0.0,0.2431
LIG,2016-11-25,3.78,3.94,3.78,3.94,106300,3.94,4.03,4.18,-0.0001,-2.1853,-5.5846,0.2235,0.0901,0.2138
LIG,2016-11-28,3.86,3.86,3.78,3.86,133800,3.93,4.01,4.17,-1.7093,-3.7656,-7.4073,0.3035,0.1042,0.2442
LIG,2016-11-29,3.78,3.86,3.78,3.86,85730,3.91,3.99,4.16,-1.2875,-3.3613,-7.258,0.1613,0.0559,0.2311
LIG,2016-11-30,3.78,3.86,3.69,3.78,34800,3.89,3.98,4.15,-3.0172,-5.0633,-9.0909,0.0,0.0,0.2311
LIG,2016-12-01,3.78,3.78,3.69,3.78,33500,3.88,3.96,4.14,-2.5974,-4.7619,-8.9069,0.0652,0.0242,0.195
LIG,2016-12-02,3.78,3.86,3.69,3.69,85100,3.85,3.94,4.13,-4.1395,-6.3831,-10.7143,-0.21,-0.0796,0.1946
LIG,2016-12-05,3.61,3.69,3.52,3.61,59300,3.83,3.92,4.12,-5.7017,-7.9229,-12.4235,0.0,0.0,0.1724
LIG,2016-12-06,3.61,3.61,3.52,3.61,90300,3.79,3.89,4.1,-4.8672,-7.3275,-12.1013,0.1629,0.0686,0.1526
LIG,2016-12-07,3.52,3.61,3.36,3.61,40340,3.76,3.87,4.09,-4.0178,-6.8255,-11.7767,0.1152,0.0475,0.1242
LIG,2016-12-08,3.52,3.52,3.36,3.36,69400,3.71,3.83,4.07,-9.5022,-12.4726,-17.5257,-0.1815,-0.0725,0.1423
LIG,2016-12-09,3.36,3.61,3.36,3.52,78900,3.67,3.81,4.06,-3.8902,-7.387,-13.1154,0.0846,0.0346,0.1284
LIG,2016-12-12,3.44,3.52,3.36,3.44,50346,3.62,3.78,4.04,-5.0927,-8.889,-14.7964,-0.0,-0.0,0.0981
LIG,2016-12-13,3.36,3.44,3.19,3.36,75600,3.57,3.74,4.02,-6.1032,-10.3138,-16.5275,0.0518,0.018,0.0871
LIG,2016-12-14,3.36,3.36,3.19,3.36,32500,3.53,3.71,4.0,-4.9881,-9.6045,-16.1776,0.0241,0.0154,0.0895
LIG,2016-12-15,3.36,3.36,3.19,3.36,56200,3.49,3.68,3.99,-3.8461,-8.8838,-15.8249,0.1113,0.0346,0.0941
LIG,2016-12-16,3.36,3.36,3.36,3.36,27100,3.46,3.65,3.97,-2.9126,-8.1515,-15.4691,0.0,0.0,0.0731
LIG,2016-12-19,3.36,3.44,3.36,3.44,28150,3.44,3.63,3.96,-0.0001,-5.3119,-13.0251,0.0649,0.0236,0.0796
LIG,2016-12-20,3.36,3.44,3.27,3.44,16500,3.42,3.61,3.94,0.4901,-4.6513,-12.6918,0.0337,0.0109,0.0667
LIG,2016-12-21,3.44,3.44,3.36,3.44,25000,3.41,3.58,3.93,0.9851,-3.9814,-12.3933,0.0579,0.0184,0.061
LIG,2016-12-22,3.44,3.44,3.27,3.44,39000,3.41,3.56,3.91,0.737,-3.4159,-12.055,0.0932,0.0312,0.0521
LIG,2016-12-23,3.27,3.44,3.27,3.44,50800,3.41,3.54,3.89,0.9851,-2.7285,-11.638,0.1337,0.0481,0.0571
LIG,2016-12-26,3.27,3.44,3.27,3.44,61100,3.41,3.52,3.87,0.9851,-2.1481,-11.2171,0.1515,0.0632,0.0722
LIG,2016-12-27,3.36,3.44,3.36,3.44,25200,3.41,3.49,3.86,0.737,-1.5607,-10.7921,0.0526,0.0165,0.0723
LIG,2016-12-28,3.27,3.44,3.27,3.44,19291,3.42,3.48,3.84,0.4902,-1.0857,-10.363,0.0403,0.0161,0.0739
LIG,2016-12-29,3.44,3.52,3.44,3.52,43300,3.44,3.47,3.82,2.4391,1.6949,-7.7734,0.0912,0.0352,0.0719
LIG,2016-12-30,3.61,3.69,3.44,3.69,51300,3.47,3.47,3.81,6.2802,6.5375,-3.0411,0.1004,0.0379,0.082
LIG,2017-01-03,3.69,3.94,3.61,3.94,53800,3.52,3.48,3.8,11.9048,13.253,3.7527,0.1141,0.0478,0.0869
LIG,2017-01-04,3.86,4.03,3.86,4.03,67927,3.58,3.5,3.8,12.4123,14.9701,6.0539,0.174,0.0661,0.1009
LIG,2017-01-05,4.03,4.03,3.94,4.03,23204,3.64,3.52,3.79,10.5992,14.2858,6.2417,0.0586,0.0276,0.101
LIG,2017-01-06,4.03,4.2,4.03,4.2,50598,3.72,3.57,3.79,12.8668,17.6471,10.7664,0.1038,0.0402,0.102
LIG,2017-01-09,4.2,4.36,4.2,4.36,25000,3.81,3.61,3.79,14.5374,20.9302,15.146,0.0531,0.0227,0.094
LIG,2017-01-10,4.36,4.36,4.28,4.28,61863,3.89,3.65,3.79,9.9139,17.2415,12.9318,-0.1709,-0.0654,0.0959
LIG,2017-01-11,4.28,4.53,4.28,4.45,138900,3.99,3.7,3.79,11.3445,20.0453,17.2047,0.0812,0.036,0.0988
LIG,2017-01-12,4.45,4.45,4.28,4.45,51200,4.09,3.76,3.8,8.6066,18.3036,16.9978,0.103,0.0522,0.105
LIG,2017-01-13,4.36,4.53,4.36,4.53,53600,4.2,3.82,3.81,8.0001,18.6814,18.8904,0.1229,0.0634,0.1082
LIG,2017-01-16,4.53,4.53,4.36,4.36,71200,4.26,3.87,3.82,2.3621,12.7982,14.3359,-0.1493,-0.0779,0.1131
LIG,2017-01-17,4.36,4.45,4.2,4.45,48400,4.31,3.92,3.82,3.1128,13.4904,16.3301,0.0833,0.0431,0.11
LIG,2017-01-18,4.36,4.36,4.2,4.36,40200,4.35,3.96,3.83,0.386,10.0529,13.985,0.0772,0.0392,0.1003
LIG,2017-01-19,4.2,4.36,4.2,4.36,12320,4.38,4.01,3.83,-0.3832,8.7866,13.7855,0.0362,0.0154,0.0981
LIG,2017-01-20,4.28,4.36,4.2,4.36,42961,4.4,4.06,3.84,-0.7634,7.5491,13.6363,0.1289,0.0572,0.1006
LIG,2017-01-23,4.2,4.36,4.2,4.36,12580,4.4,4.1,3.84,-0.7634,6.3394,13.4875,0.0356,0.0188,0.0988
LIG,2017-01-24,4.36,4.78,4.36,4.45,199000,4.41,4.15,3.85,0.7605,7.0707,15.4181,-0.2639,-0.1321,0.1081
LIG,2017-01-25,4.45,4.87,4.36,4.87,124200,4.46,4.22,3.87,9.2279,15.1936,25.7588,0.2779,0.1281,0.1278
LIG,2017-02-02,4.78,4.95,4.7,4.95,117200,4.51,4.3,3.89,9.8697,15.122,27.2649,0.2618,0.1225,0.1437
LIG,2017-02-03,4.95,4.95,4.7,4.7,140800,4.52,4.36,3.91,3.8962,7.796,20.3266,-0.2739,-0.1307,0.1588
LIG,2017-02-06,4.61,4.95,4.61,4.95,191700,4.58,4.42,3.93,8.0587,11.9545,26.1223,0.3821,0.2109,0.1821
LIG,2017-02-07,4.78,4.95,4.7,4.95,89422,4.63,4.47,3.95,6.8841,10.6942,25.4252,0.1554,0.0868,0.1893
LIG,2017-02-08,4.95,4.95,4.53,4.95,209400,4.69,4.52,3.97,5.5457,9.5636,24.7885,0.375,0.1997,0.2191
LIG,2017-02-09,4.78,4.87,4.53,4.87,161000,4.74,4.56,3.99,2.6548,6.7157,22.1052,0.2318,0.1146,0.2386
LIG,2017-02-10,4.78,4.95,4.78,4.87,106915,4.79,4.59,4.01,1.5761,5.936,21.4914,-0.0,-0.0,0.2257
LIG,2017-02-13,4.7,4.87,4.7,4.87,108000,4.84,4.62,4.02,0.5199,5.3587,20.9341,0.1914,0.0981,0.2413
LIG,2017-02-14,4.7,4.87,4.61,4.78,35800,4.87,4.64,4.04,-1.8932,2.9811,18.3065,0.018,0.0094,0.2167
LIG,2017-02-15,4.61,4.78,4.45,4.53,161500,4.84,4.65,4.06,-6.4124,-2.527,11.7088,-0.1241,-0.0562,0.2014
LIG,2017-02-16,4.7,4.87,4.61,4.87,90700,4.83,4.67,4.08,0.6944,4.2228,19.3415,0.1075,0.0522,0.1859
LIG,2017-02-17,4.61,4.87,4.61,4.87,8937,4.85,4.69,4.1,0.346,3.8496,18.7065,0.011,0.0053,0.1596
LIG,2017-02-20,4.7,4.87,4.61,4.87,39800,4.84,4.71,4.12,0.5199,3.2947,18.0301,0.0437,0.0226,0.1258
LIG,2017-02-21,4.61,4.78,4.61,4.61,17560,4.81,4.72,4.14,-4.014,-2.2223,11.3811,-0.0197,-0.0109,0.1122
LIG,2017-02-22,4.7,4.78,4.53,4.78,141500,4.79,4.74,4.17,-0.175,0.8851,14.7806,0.1333,0.0765,0.0881
LIG,2017-02-23,4.53,4.7,4.36,4.7,122300,4.77,4.76,4.19,-1.5817,-1.2345,12.1795,0.151,0.0716,0.08
LIG,2017-02-24,4.7,4.7,4.53,4.7,47526,4.76,4.77,4.22,-1.2346,-1.5817,11.465,0.041,0.0211,0.0841
LIG,2017-02-27,4.45,4.7,4.45,4.61,76800,4.73,4.79,4.24,-2.4823,-3.5934,8.9108,0.0299,0.014,0.0679
LIG,2017-02-28,4.53,4.61,4.36,4.61,9700,4.72,4.8,4.26,-2.1353,-3.7621,8.3103,0.0093,0.005,0.067
LIG,2017-03-01,4.36,4.61,4.36,4.61,26400,4.72,4.78,4.29,-2.3091,-3.5088,7.6742,0.0354,0.0165,0.0582
LIG,2017-03-02,4.61,4.61,4.61,4.61,30,4.7,4.77,4.31,-1.7857,-3.1691,7.0455,0.0,0.0,0.0474
LIG,2017-03-03,4.36,4.61,4.36,4.61,1900,4.67,4.76,4.34,-1.2568,-3.0837,6.4241,0.0029,0.0011,0.0466
LIG,2017-03-06,4.45,4.61,4.28,4.61,41647,4.65,4.74,4.36,-0.7221,-2.741,5.8099,0.0517,0.0231,0.0474
LIG,2017-03-07,4.36,4.53,4.28,4.36,74700,4.62,4.72,4.38,-5.6262,-7.4734,-0.3832,-0.0376,-0.0163,0.0492
LIG,2017-03-08,4.36,4.53,4.36,4.53,6500,4.6,4.69,4.4,-1.4597,-3.4852,2.9357,0.0123,0.0062,0.0371
LIG,2017-03-09,4.53,4.61,4.28,4.53,57400,4.58,4.68,4.42,-1.0988,-3.1389,2.428,0.0434,0.0194,0.0263
LIG,2017-03-10,4.28,4.45,4.28,4.45,4400,4.56,4.66,4.44,-2.3941,-4.5045,0.0755,0.0074,0.0035,0.023
LIG,2017-03-13,4.28,4.36,4.28,4.36,27100,4.53,4.63,4.46,-3.7038,-5.7972,-2.2189,0.0438,0.0196,0.0244
LIG,2017-03-14,4.28,4.36,4.2,4.28,27900,4.5,4.61,4.48,-4.8507,-7.1037,-4.4585,0.0,0.0,0.0235
LIG,2017-03-15,4.28,4.36,4.2,4.36,12651,4.47,4.6,4.5,-2.4391,-5.1095,-2.9851,0.0234,0.0081,0.0223
LIG,2017-03-16,4.28,4.36,4.28,4.36,25900,4.45,4.57,4.52,-1.8869,-4.5872,-3.3817,0.0283,0.0138,0.0251
LIG,2017-03-17,4.2,4.36,4.2,4.28,6700,4.41,4.54,4.53,-3.0418,-5.8171,-5.5555,0.0,0.0,0.0248
LIG,2017-03-20,4.28,4.45,4.28,4.36,15419,4.39,4.52,4.54,-0.5737,-3.4355,-3.9882,-0.0,-0.0,0.0196
LIG,2017-03-21,4.28,4.36,4.28,4.36,5327,4.39,4.51,4.55,-0.5737,-3.1658,-4.1652,0.0061,0.0027,0.0165
LIG,2017-03-22,4.28,4.36,4.2,4.36,11700,4.37,4.48,4.56,-0.192,-2.7129,-4.3063,0.0113,0.0057,0.0164
LIG,2017-03-23,4.28,4.36,4.2,4.36,29700,4.35,4.47,4.57,0.1926,-2.3475,-4.447,0.0403,0.0153,0.0161
LIG,2017-03-24,4.11,4.28,4.11,4.28,22500,4.34,4.45,4.57,-1.3539,-3.7735,-6.3188,0.0232,0.0126,0.0177
LIG,2017-03-27,4.2,4.2,4.2,4.2,10064,4.32,4.43,4.56,-2.9126,-5.2133,-8.0882,0.0,0.0,0.0133
LIG,2017-03-28,4.2,4.28,4.2,4.28,7600,4.32,4.41,4.56,-0.9708,-2.9495,-6.2499,0.0094,0.0044,0.0142
LIG,2017-03-29,4.11,4.36,4.03,4.36,55300,4.32,4.4,4.56,0.9708,-0.7634,-4.3767,0.086,0.0396,0.0205
LIG,2017-03-30,4.28,4.28,4.2,4.2,22700,4.3,4.38,4.56,-2.5341,-4.1227,-7.9529,-0.032,-0.0129,0.0208
LIG,2017-03-31,4.11,4.28,4.11,4.2,25060,4.3,4.35,4.55,-2.3437,-3.6609,-7.8171,-0.0,-0.0,0.0208
LIG,2017-04-03,4.11,4.2,4.03,4.2,37200,4.28,4.33,4.55,-1.9608,-3.1946,-7.7491,0.0389,0.0167,0.0247
LIG,2017-04-04,4.11,4.11,3.94,4.03,29600,4.25,4.32,4.54,-5.1383,-6.7055,-11.2754,0.0,0.0,0.0241
LIG,2017-04-05,4.11,4.2,4.11,4.2,18900,4.23,4.3,4.54,-0.7937,-2.439,-7.5102,0.0215,0.0113,0.0251
LIG,2017-04-07,4.2,4.2,4.2,4.2,1000,4.21,4.28,4.53,-0.3984,-2.0568,-7.4417,0.0,0.0,0.0211
LIG,2017-04-10,4.11,4.11,4.11,4.11,1600,4.2,4.27,4.53,-1.9999,-3.638,-9.1919,0.0,0.0,0.0188
LIG,2017-04-11,4.11,4.2,4.03,4.03,43200,4.18,4.25,4.52,-3.6144,-5.2319,-10.9131,-0.0357,-0.0223,0.0224
LIG,2017-04-12,4.11,4.11,4.11,4.11,5700,4.16,4.24,4.51,-1.2096,-3.0661,-8.9218,0.0,0.0,0.0214
LIG,2017-04-13,4.11,4.11,4.11,4.11,1000,4.14,4.23,4.5,-0.6084,-2.7776,-8.6161,0.0,0.0,0.0128
LIG,2017-04-14,4.11,4.45,4.11,4.36,71060,4.15,4.23,4.49,5.0504,3.1745,-2.7675,0.0389,0.0215,0.0135
LIG,2017-04-17,4.36,4.45,4.2,4.36,63300,4.17,4.23,4.48,4.6277,3.0723,-2.6218,0.0218,0.0117,0.0157
LIG,2017-04-18,4.36,4.45,4.36,4.36,33200,4.19,4.23,4.47,4.2083,3.0723,-2.3658,-0.0351,-0.0177,0.0153
LIG,2017-04-19,4.36,4.78,4.36,4.78,266810,4.26,4.25,4.47,12.2048,12.4261,7.1027,0.4158,0.2497,0.0569
LIG,2017-04-20,4.78,5.12,4.78,4.95,132833,4.34,4.28,4.47,14.1199,15.573,10.8606,-0.0,-0.0,0.0547
LIG,2017-04-21,4.95,4.95,4.78,4.95,83809,4.41,4.31,4.47,12.1673,14.786,10.819,0.1312,0.095,0.0679
LIG,2017-04-24,4.87,4.95,4.87,4.87,24200,4.49,4.34,4.47,8.4111,12.0772,8.9406,-0.0348,-0.0193,0.0713
LIG,2017-04-25,4.78,4.87,4.78,4.78,32886,4.56,4.37,4.47,4.7795,9.4051,7.1027,-0.0404,-0.0279,0.0718
LIG,2017-04-26,4.78,5.12,4.78,5.12,189207,4.67,4.41,4.47,9.7122,15.9695,14.4465,0.2779,0.1656,0.0996
LIG,2017-04-27,5.12,5.37,5.12,5.2,116720,4.77,4.46,4.49,8.9631,16.7609,15.9746,-0.0522,-0.0273,0.1048
LIG,2017-04-28,4.87,5.03,4.78,4.78,43000,4.82,4.48,4.48,-0.6968,6.6418,6.6618,-0.049,-0.0246,0.1058
LIG,2017-05-03,4.87,5.03,4.87,5.03,95800,4.88,4.53,4.49,3.0929,11.2142,12.1916,0.102,0.0618,0.1138
LIG,2017-05-04,4.87,5.03,4.78,5.03,40910,4.95,4.57,4.49,1.695,10.1929,12.1077,0.0363,0.0207,0.114
LIG,2017-05-05,4.87,5.03,4.78,5.03,51500,4.98,4.62,4.5,1.1805,8.9919,11.8987,0.0491,0.0299,0.0773
LIG,2017-05-08,4.87,4.95,4.7,4.87,60200,4.97,4.65,4.5,-2.0271,4.5987,8.1282,0.0169,0.0097,0.079
LIG,2017-05-09,4.61,5.03,4.61,5.03,257890,4.98,4.69,4.51,1.1805,7.2387,11.6904,0.2648,0.1686,0.0923
LIG,2017-05-10,5.03,5.29,5.03,5.29,276700,5.02,4.75,4.52,5.3512,11.2093,16.97,0.2434,0.1638,0.1132
LIG,2017-05-11,5.29,5.45,5.2,5.37,226300,5.08,4.82,4.53,5.7851,11.4012,18.4308,0.0811,0.0447,0.1173
LIG,2017-05-12,5.2,5.37,5.12,5.29,238980,5.09,4.88,4.55,3.7892,8.3406,16.2363,0.0869,0.0503,0.0982
LIG,2017-05-15,5.29,5.62,5.29,5.62,322800,5.14,4.95,4.57,9.4771,13.4631,23.0713,0.2768,0.2025,0.1206
LIG,2017-05-16,5.62,5.71,5.54,5.62,338500,5.22,5.02,4.59,7.717,12.0401,22.5311,-0.0,-0.0,0.1157
LIG,2017-05-17,5.62,5.71,5.37,5.62,265300,5.28,5.08,4.61,6.5182,10.6523,21.9956,0.1153,0.0733,0.1171
LIG,2017-05-18,5.62,5.62,5.45,5.62,254590,5.34,5.14,4.63,5.3459,9.2985,21.4648,0.2315,0.1555,0.1366
LIG,2017-05-19,5.62,5.62,5.37,5.54,230600,5.39,5.18,4.65,2.8038,6.8827,19.0477,0.0649,0.0365,0.1382
LIG,2017-05-22,5.54,5.54,5.29,5.54,256700,5.45,5.21,4.67,1.5385,6.2803,18.5346,0.2025,0.1035,0.1567
LIG,2017-05-23,5.54,5.54,5.2,5.37,209310,5.49,5.23,4.69,-2.1407,2.6463,14.5311,-0.0,-0.0,0.1302
LIG,2017-05-24,5.29,5.29,5.03,5.2,156000,5.48,5.25,4.7,-5.0536,-0.8793,10.5958,0.0594,0.0286,0.1118
LIG,2017-05-25,5.2,5.2,4.95,5.12,286100,5.45,5.27,4.72,-6.1539,-2.7889,8.4637,0.1122,0.0521,0.1149
LIG,2017-05-26,5.03,5.29,5.03,5.29,348875,5.45,5.27,4.74,-3.0769,0.2387,11.544,0.4369,0.1916,0.1499
LIG,2017-05-29,5.29,5.45,5.03,5.37,286500,5.43,5.28,4.76,-1.082,1.6679,12.8349,0.1228,0.0759,0.1345
LIG,2017-05-30,5.37,5.37,4.95,5.2,159900,5.39,5.3,4.78,-3.4268,-1.8987,8.9248,0.019,0.0117,0.1364
LIG,2017-05-31,5.12,5.2,5.03,5.2,305800,5.34,5.31,4.79,-2.6688,-2.0537,8.5054,0.29,0.1485,0.1539
LIG,2017-06-01,5.2,5.45,5.2,5.29,150600,5.31,5.32,4.81,-0.4739,-0.7092,9.8327,-0.0774,-0.0373,0.1385
LIG,2017-06-02,5.29,5.45,4.95,5.29,207500,5.29,5.34,4.83,0.0001,-0.9433,9.4131,0.089,0.0451,0.1409
LIG,2017-06-05,5.2,5.2,5.03,5.12,165637,5.24,5.35,4.85,-2.4001,-4.3138,5.6094,-0.0,-0.0,0.1207
LIG,2017-06-06,5.12,5.12,4.95,5.12,97400,5.22,5.35,4.86,-1.9293,-4.3888,5.2813,0.1004,0.0469,0.1307
LIG,2017-06-07,5.12,5.54,4.78,5.45,421180,5.24,5.36,4.89,4.0,1.7215,11.6455,0.3099,0.1796,0.1558
LIG,2017-06-08,5.45,5.79,5.45,5.71,369800,5.3,5.38,4.92,7.595,6.0843,16.0806,0.2452,0.152,0.1691
LIG,2017-06-09,5.71,5.96,5.62,5.87,214800,5.36,5.41,4.95,9.5461,8.6113,18.7245,0.1417,0.0868,0.1395
LIG,2017-06-12,5.87,5.96,5.71,5.87,188017,5.41,5.42,4.98,8.5271,8.3591,18.004,0.078,0.0484,0.1351
LIG,2017-06-13,5.87,5.87,5.54,5.79,157100,5.47,5.43,5.01,5.8281,6.646,15.5778,0.0965,0.0574,0.1428
LIG,2017-06-14,5.79,5.87,5.54,5.79,221300,5.53,5.44,5.04,4.704,6.4814,14.8468,0.1166,0.0698,0.1255
LIG,2017-06-15,5.79,5.79,5.45,5.71,168248,5.57,5.44,5.07,2.4097,4.8574,12.5083,0.1061,0.0679,0.1283
LIG,2017-06-16,5.71,5.71,5.29,5.62,187720,5.6,5.45,5.1,0.2994,3.2357,10.1611,0.1075,0.0448,0.1302
LIG,2017-06-19,5.62,5.62,5.37,5.62,133200,5.66,5.45,5.13,-0.5935,3.1563,9.5487,0.1174,0.0665,0.1419
LIG,2017-06-20,5.62,5.62,5.29,5.54,274000,5.7,5.46,5.16,-2.7981,1.4605,7.3521,0.151,0.0707,0.147
LIG,2017-06-21,5.54,5.54,5.29,5.45,93000,5.7,5.47,5.19,-4.271,-0.3067,5.178,0.0341,0.0174,0.1194
LIG,2017-06-22,5.45,5.45,5.2,5.37,230320,5.66,5.48,5.21,-5.1852,-2.0658,3.0264,0.0689,0.0373,0.1018
LIG,2017-06-23,5.37,5.37,5.12,5.12,172200,5.59,5.47,5.23,-8.4084,-6.5135,-2.1809,-0.1795,-0.0914,0.1056
LIG,2017-06-26,5.12,5.62,5.03,5.62,180796,5.56,5.49,5.26,1.0558,2.4465,6.8239,0.2169,0.1131,0.1195
LIG,2017-06-27,5.62,5.62,5.29,5.29,148800,5.51,5.49,5.28,-4.1095,-3.7432,0.0954,-0.1378,-0.0729,0.1236
LIG,2017-06-28,5.2,5.37,5.2,5.29,141100,5.46,5.5,5.3,-3.2257,-3.8167,-0.2533,0.0,0.0,0.1119
LIG,2017-06-29,5.2,5.29,5.12,5.29,136700,5.42,5.5,5.32,-2.4767,-3.8167,-0.5995,0.1817,0.1004,0.1195
LIG,2017-06-30,5.29,5.37,5.2,5.37,214900,5.4,5.5,5.33,-0.4666,-2.3646,0.7556,0.2536,0.113,0.1341
LIG,2017-07-03,5.37,5.37,5.2,5.29,158200,5.36,5.51,5.34,-1.4084,-4.0365,-0.9433,0.0,0.0,0.1224
LIG,2017-07-04,5.29,5.37,5.2,5.29,93600,5.34,5.52,5.34,-0.9433,-4.1824,-1.0678,0.0,0.0,0.1073
LIG,2017-07-05,5.29,5.45,5.29,5.37,324200,5.33,5.51,5.35,0.7873,-2.5876,0.3134,-0.0,-0.0,0.1038
LIG,2017-07-06,5.37,5.54,5.37,5.45,404060,5.34,5.5,5.37,2.2013,-0.839,1.626,0.0,0.0,0.097
LIG,2017-07-07,5.45,5.96,5.45,5.87,832830,5.41,5.5,5.38,8.5271,6.7887,9.1362,0.3598,0.2468,0.115
LIG,2017-07-10,5.87,5.87,5.54,5.62,169000,5.41,5.49,5.39,3.8759,2.4465,4.2963,-0.0791,-0.0487,0.1012
LIG,2017-07-11,5.62,5.71,5.45,5.45,180200,5.43,5.47,5.4,0.4637,-0.3067,0.9317,-0.2056,-0.0974,0.108
LIG,2017-07-12,5.45,5.54,5.29,5.37,275142,5.44,5.45,5.41,-1.2346,-1.4627,-0.7445,-0.1049,-0.045,0.1185
LIG,2017-07-13,5.37,5.45,5.2,5.37,205124,5.45,5.43,5.42,-1.3868,-1.1584,-0.8675,0.0919,0.0442,0.1095
LIG,2017-07-14,5.37,5.37,5.29,5.37,149700,5.45,5.42,5.42,-1.3868,-0.9288,-0.9901,0.1661,0.0868,0.1007
LIG,2017-07-17,5.29,5.45,5.29,5.37,412200,5.45,5.41,5.43,-1.5385,-0.6983,-1.1736,-0.0,-0.0,0.1007
LIG,2017-07-18,5.37,5.45,5.29,5.45,181072,5.47,5.4,5.44,-0.3067,0.9317,0.2159,0.2353,0.1248,0.1243
LIG,2017-07-19,5.45,5.62,5.45,5.62,196496,5.5,5.41,5.45,2.2901,3.8759,3.1721,0.257,0.1314,0.15
LIG,2017-07-20,5.54,5.62,5.45,5.62,159500,5.51,5.42,5.45,1.9787,3.6349,3.0769,0.1897,0.1091,0.1689
LIG,2017-07-21,5.45,5.54,5.37,5.45,114400,5.47,5.44,5.46,-0.3067,0.2313,-0.0615,0.0,0.0,0.133
LIG,2017-07-24,5.37,5.37,5.12,5.2,167500,5.43,5.42,5.45,-4.1731,-4.0248,-4.5272,-0.0963,-0.0458,0.1347
LIG,2017-07-25,5.03,5.29,4.95,5.2,109400,5.4,5.42,5.44,-3.7267,-3.9504,-4.38,0.0702,0.0357,0.1211
LIG,2017-07-26,5.2,5.29,5.2,5.2,60542,5.39,5.41,5.43,-3.4268,-3.876,-4.2323,-0.0794,-0.0379,0.1186
LIG,2017-07-27,5.29,5.29,5.2,5.29,91000,5.38,5.41,5.43,-1.716,-2.3255,-2.5672,0.1439,0.0721,0.1238
LIG,2017-07-28,5.2,5.29,5.2,5.29,78700,5.37,5.41,5.42,-1.5624,-2.2497,-2.4767,0.102,0.0551,0.1174
LIG,2017-07-31,5.2,5.2,4.78,4.78,423556,5.31,5.38,5.41,-9.9526,-11.1457,-11.5181,-0.3523,-0.153,0.1526
LIG,2017-08-01,4.78,4.78,4.61,4.7,155840,5.24,5.35,5.39,-10.2564,-12.2257,-12.854,0.0,0.0,0.1291
LIG,2017-08-02,4.61,4.7,4.61,4.61,111742,5.14,5.32,5.38,-10.1308,-13.1808,-14.2234,-0.1355,-0.0563,0.1169
LIG,2017-08-03,4.53,4.7,4.53,4.7,104750,5.04,5.28,5.37,-6.822,-10.9698,-12.5274,0.1305,0.0612,0.111
LIG,2017-08-04,4.61,4.7,4.61,4.7,107672,4.97,5.22,5.36,-5.4054,-9.9679,-12.3356,0.1188,0.0592,0.1229
LIG,2017-08-07,4.7,4.78,4.53,4.78,141646,4.93,5.18,5.35,-2.896,-7.6175,-10.5742,0.1539,0.0722,0.1286
LIG,2017-08-08,4.7,4.78,4.61,4.61,178700,4.87,5.14,5.34,-5.1725,-10.1308,-13.5221,-0.172,-0.0845,0.1388
LIG,2017-08-09,4.61,4.95,4.61,4.78,332869,4.82,5.11,5.33,-0.8695,-6.327,-10.2362,0.0,0.0,0.1309
LIG,2017-08-10,4.61,4.78,4.61,4.61,135700,4.76,5.07,5.31,-2.9983,-8.9405,-13.1671,-0.1768,-0.0908,0.1342
LIG,2017-08-11,4.61,4.7,4.61,4.7,92700,4.7,5.03,5.3,0.0,-6.6667,-11.3924,0.1099,0.0502,0.135
LIG,2017-08-14,4.7,4.7,4.61,4.7,61400,4.69,5.0,5.29,0.1789,-6.0403,-11.252,0.0638,0.0322,0.1061
LIG,2017-08-15,4.7,4.78,4.61,4.78,164990,4.7,4.97,5.29,1.7858,-3.7162,-9.5525,0.2303,0.1135,0.1291
LIG,2017-08-16,4.7,4.78,4.61,4.61,96400,4.7,4.92,5.27,-1.7858,-6.1434,-12.4483,-0.1316,-0.0567,0.1288
LIG,2017-08-17,4.61,4.7,4.53,4.7,92812,4.7,4.87,5.25,0.0,-3.5315,-10.5146,0.0527,0.0286,0.121
LIG,2017-08-18,4.61,4.7,4.53,4.61,112400,4.69,4.83,5.23,-1.6101,-4.431,-11.6892,-0.0,-0.0,0.1091
LIG,2017-08-21,4.53,4.61,4.53,4.61,66400,4.67,4.8,5.2,-1.2568,-3.8462,-11.2618,0.09,0.0449,0.1027
LIG,2017-08-22,4.53,4.61,4.53,4.53,80400,4.67,4.77,5.18,-2.8776,-4.9295,-12.4513,-0.1281,-0.0652,0.0983
LIG,2017-08-23,4.53,4.61,4.45,4.61,114900,4.65,4.74,5.15,-0.7221,-2.5687,-10.4235,0.2354,0.1049,0.1219
LIG,2017-08-24,4.53,4.53,4.45,4.45,94300,4.63,4.69,5.13,-3.9855,-5.2726,-13.257,-0.1413,-0.0648,0.1183
LIG,2017-08-25,4.45,4.45,4.11,4.2,222563,4.58,4.64,5.1,-8.4249,-9.5841,-17.7091,-0.1439,-0.0586,0.1217
LIG,2017-08-28,4.2,4.36,4.2,4.36,70300,4.55,4.62,5.07,-4.0591,-5.5405,-13.9928,0.0722,0.0335,0.1226
LIG,2017-08-29,4.28,4.45,4.28,4.36,95100,4.51,4.6,5.05,-3.1658,-5.1961,-13.5926,-0.0,-0.0,0.0995
LIG,2017-08-30,4.36,4.36,4.28,4.36,61600,4.48,4.59,5.03,-2.6218,-4.9361,-13.2177,0.0848,0.036,0.0948
LIG,2017-08-31,4.36,4.36,4.28,4.28,63400,4.44,4.57,5.01,-3.5916,-6.336,-14.5156,-0.0772,-0.032,0.0973
LIG,2017-09-01,4.28,4.36,4.28,4.36,157500,4.41,4.55,4.99,-1.1407,-4.1475,-12.5757,0.2739,0.1095,0.1247
LIG,2017-09-05,4.36,4.36,4.28,4.36,31780,4.39,4.53,4.97,-0.5737,-3.7038,-12.1326,0.0419,0.0169,0.1199
LIG,2017-09-06,4.28,4.36,4.2,4.36,81900,4.37,4.52,4.95,-0.192,-3.4355,-11.8047,0.1222,0.0484,0.1193
LIG,2017-09-07,4.36,4.36,4.2,4.28,83950,4.34,4.49,4.93,-1.3539,-4.7618,-13.1471,0.0,0.0,0.0957
LIG,2017-09-08,4.2,4.28,4.11,4.2,167300,4.31,4.47,4.91,-2.7237,-6.1914,-14.4715,-0.0,-0.0,0.0816
LIG,2017-09-11,4.2,4.2,4.11,4.2,34400,4.31,4.45,4.88,-2.7237,-5.6604,-14.0598,0.0404,0.0158,0.0713
LIG,2017-09-12,4.11,4.11,4.11,4.11,24300,4.29,4.42,4.86,-4.1094,-6.9324,-15.3712,0.0,0.0,0.064
LIG,2017-09-13,4.03,4.2,4.03,4.2,95247,4.27,4.39,4.84,-1.7682,-4.3977,-13.2547,0.1381,0.0491,0.0779
LIG,2017-09-14,4.2,4.2,4.11,4.2,89310,4.25,4.37,4.81,-1.3807,-3.9385,-12.8313,0.1456,0.0453,0.0839
LIG,2017-09-15,3.78,4.11,3.78,4.03,86500,4.23,4.33,4.78,-4.7618,-7.0667,-15.819,0.055,0.0163,0.0817
LIG,2017-09-18,4.11,4.36,4.11,4.36,96710,4.23,4.32,4.75,3.1745,0.9708,-8.2246,0.1534,0.0512,0.0697
LIG,2017-09-19,4.36,4.53,4.36,4.53,100200,4.25,4.32,4.73,6.7194,4.9564,-4.2553,0.1232,0.0534,0.0778
LIG,2017-09-20,4.45,4.53,4.36,4.45,94012,4.25,4.31,4.71,4.5365,3.1129,-5.6268,0.0,0.0,0.0656
LIG,2017-09-21,4.36,4.45,4.36,4.36,79800,4.26,4.3,4.69,2.3621,1.4633,-7.0101,-0.113,-0.043,0.0769
LIG,2017-09-22,4.36,4.53,4.2,4.36,162500,4.28,4.3,4.67,1.9607,1.5624,-6.6093,-0.0,-0.0,0.0769
LIG,2017-09-25,4.28,4.36,4.2,4.2,125210,4.28,4.3,4.65,-1.9608,-2.3437,-9.7473,-0.179,-0.0689,0.0907
LIG,2017-09-26,4.11,4.28,4.11,4.28,70200,4.3,4.29,4.63,-0.3905,-0.2932,-7.5081,0.0832,0.0328,0.0991
LIG,2017-09-27,4.2,4.28,4.11,4.28,353510,4.3,4.29,4.6,-0.5847,-0.1956,-7.036,0.4288,0.166,0.1281
LIG,2017-09-28,4.2,4.28,4.11,4.2,70000,4.3,4.28,4.57,-2.5341,-1.9608,-8.2906,-0.0,-0.0,0.1136
LIG,2017-09-29,4.11,4.2,4.11,4.2,79500,4.32,4.28,4.55,-2.9126,-1.8646,-7.715,0.1082,0.0405,0.1189
LIG,2017-10-02,4.2,4.2,4.11,4.2,20200,4.3,4.27,4.52,-2.5341,-1.6716,-7.2012,0.0391,0.0148,0.1075
LIG,2017-10-03,4.11,4.2,4.03,4.03,37810,4.25,4.25,4.5,-5.3254,-5.2319,-10.4477,-0.0872,-0.0259,0.1039
LIG,2017-10-04,4.03,4.2,4.03,4.11,163000,4.22,4.24,4.48,-2.5844,-2.9702,-8.1364,0.0,0.0,0.1039
LIG,2017-10-05,4.11,4.2,4.03,4.11,62300,4.2,4.23,4.45,-1.9999,-2.7777,-7.6864,0.0,0.0,0.0926
LIG,2017-10-06,4.11,4.2,4.11,4.2,62400,4.18,4.23,4.43,0.4016,-0.7937,-5.3389,0.1361,0.0475,0.1062
LIG,2017-10-09,4.2,4.2,4.2,4.2,9859,4.18,4.23,4.41,0.4016,-0.7937,-4.8706,0.0,0.0,0.0883
LIG,2017-10-10,4.2,4.2,4.03,4.03,92300,4.15,4.22,4.4,-3.0303,-4.6673,-8.3619,-0.1458,-0.0507,0.0945
LIG,2017-10-11,4.03,4.11,4.03,4.03,32300,4.13,4.22,4.38,-2.439,-4.4776,-8.0811,-0.0465,-0.0183,0.0563
LIG,2017-10-12,4.11,4.11,4.03,4.03,32379,4.11,4.21,4.37,-2.0408,-4.2871,-7.8341,-0.0403,-0.0138,0.0603
LIG,2017-10-13,4.03,4.2,4.03,4.11,150100,4.1,4.21,4.36,0.2046,-2.3903,-5.6603,0.0,0.0,0.0495
LIG,2017-10-16,4.03,4.2,4.03,4.2,122900,4.1,4.2,4.35,2.2494,-0.1996,-3.5122,0.1824,0.0552,0.0638
LIG,2017-10-17,4.2,4.28,4.11,4.2,145921,4.12,4.19,4.34,1.8329,0.2004,-3.2508,-0.0,-0.0,0.0551
LIG,2017-10-18,4.2,4.2,4.11,4.11,92101,4.12,4.17,4.33,-0.2036,-1.4083,-4.965,-0.0847,-0.0316,0.0636
LIG,2017-10-19,4.11,4.2,4.03,4.11,93400,4.12,4.16,4.31,-0.2036,-1.1099,-4.6691,0.0,0.0,0.0636
LIG,2017-10-20,4.03,4.11,4.03,4.11,86800,4.11,4.14,4.3,0.0001,-0.8096,-4.4461,0.1108,0.0394,0.0611
LIG,2017-10-23,4.11,4.2,4.03,4.03,79400,4.09,4.14,4.29,-1.6394,-2.6369,-6.1032,-0.0881,-0.034,0.0699
LIG,2017-10-24,4.03,4.11,3.94,4.11,57100,4.1,4.13,4.28,0.2046,-0.4064,-3.8838,0.1024,0.0394,0.0655
LIG,2017-10-25,4.03,4.11,3.94,4.03,82560,4.1,4.12,4.26,-1.8405,-2.1407,-5.5118,0.0,0.0,0.0609
LIG,2017-10-26,4.03,4.03,3.94,4.03,62000,4.1,4.11,4.25,-1.8405,-1.9408,-5.2507,0.0944,0.0328,0.0663
LIG,2017-10-27,4.03,4.03,3.94,4.03,81800,4.09,4.1,4.24,-1.6394,-1.74,-4.9505,0.1205,0.0366,0.0783
LIG,2017-10-30,3.94,4.03,3.78,3.94,94100,4.07,4.09,4.22,-3.0929,-3.4909,-6.6349,0.0318,0.0107,0.0633
LIG,2017-10-31,3.94,3.94,3.69,3.86,133860,4.04,4.08,4.21,-4.3659,-5.3497,-8.2934,0.0533,0.0205,0.0686
LIG,2017-11-01,3.78,3.86,3.69,3.69,70400,3.99,4.06,4.19,-7.5631,-8.997,-11.9296,-0.0867,-0.0332,0.0688
LIG,2017-11-02,3.78,3.86,3.61,3.61,108800,3.94,4.03,4.17,-8.5106,-10.5098,-13.5156,-0.1244,-0.0387,0.0812
LIG,2017-11-03,3.61,3.61,3.44,3.52,127400,3.88,4.0,4.15,-9.2873,-11.8573,-15.1515,0.0,0.0,0.0702
LIG,2017-11-06,3.52,3.61,3.44,3.44,130100,3.83,3.96,4.14,-10.0878,-13.1357,-16.8695,-0.1925,-0.0535,0.0806
LIG,2017-11-07,3.44,3.52,3.36,3.44,123100,3.76,3.93,4.12,-8.4822,-12.4868,-16.497,-0.0,-0.0,0.0703
LIG,2017-11-08,3.44,3.52,3.36,3.52,172900,3.71,3.91,4.1,-4.9774,-9.7745,-14.1104,0.1729,0.0472,0.0876
LIG,2017-11-09,3.52,3.61,3.44,3.52,53600,3.66,3.88,4.09,-3.6697,-9.1892,-13.7577,0.0,0.0,0.0782
LIG,2017-11-10,3.52,3.52,3.44,3.52,50763,3.61,3.85,4.07,-2.3256,-8.4968,-13.4378,0.0614,0.0115,0.0723
LIG,2017-11-13,3.44,3.52,3.36,3.44,69000,3.56,3.81,4.05,-3.302,-9.7911,-15.114,-0.0,-0.0,0.0691
LIG,2017-11-14,3.36,3.44,3.36,3.44,157700,3.52,3.78,4.03,-2.148,-8.889,-14.7256,0.1883,0.0428,0.0826
LIG,2017-11-15,3.44,3.52,3.36,3.52,70863,3.5,3.75,4.02,0.7195,-5.9351,-12.2807,0.0751,0.0199,0.0815
LIG,2017-11-16,3.44,3.61,3.44,3.52,49472,3.49,3.72,4.0,0.9616,-5.1919,-11.9497,0.0,0.0,0.069
LIG,2017-11-17,3.52,3.61,3.52,3.61,56340,3.5,3.69,3.99,3.1176,-2.2726,-9.5878,0.0738,0.0209,0.0764
LIG,2017-11-20,3.61,3.69,3.52,3.61,19000,3.52,3.67,3.98,2.6254,-1.7142,-9.3209,0.0,0.0,0.0572
LIG,2017-11-21,3.52,3.61,3.44,3.52,69780,3.52,3.64,3.97,-0.0,-3.2258,-11.1675,0.0,0.0,0.0572
LIG,2017-11-22,3.52,3.61,3.36,3.61,105500,3.53,3.62,3.96,2.1379,-0.3475,-8.7823,0.1022,0.0273,0.0501
LIG,2017-11-23,3.61,3.69,3.61,3.61,37200,3.54,3.6,3.94,1.8958,0.2332,-8.5106,-0.0456,-0.0127,0.0546
LIG,2017-11-24,3.61,3.61,3.44,3.61,104483,3.55,3.58,3.94,1.6549,0.8207,-8.3155,0.0988,0.0304,0.0584
LIG,2017-11-27,3.61,3.69,3.61,3.69,53210,3.57,3.57,3.92,3.2863,3.5293,-5.8623,0.0432,0.0154,0.0627
LIG,2017-11-28,3.69,3.69,3.61,3.69,115400,3.6,3.56,3.91,2.564,3.7735,-5.4578,0.0532,0.0185,0.0492
LIG,2017-11-29,3.69,3.69,3.61,3.69,95800,3.62,3.56,3.89,2.0881,3.7735,-5.0907,0.0671,0.0237,0.0484
LIG,2017-11-30,3.69,3.69,3.52,3.61,116700,3.62,3.56,3.87,-0.4629,1.4152,-6.886,0.0,0.0,0.0484
LIG,2017-12-01,3.61,3.61,3.52,3.61,75000,3.62,3.56,3.86,-0.4629,1.2957,-6.5217,0.0827,0.0223,0.0493
LIG,2017-12-04,3.61,3.61,3.44,3.52,84613,3.62,3.57,3.85,-2.5522,-1.1765,-8.377,0.0,0.0,0.0493
LIG,2017-12-05,3.61,3.61,3.52,3.52,115360,3.62,3.57,3.83,-2.5522,-1.2926,-8.0158,-0.0591,-0.0178,0.0552
LIG,2017-12-06,3.61,3.61,3.52,3.52,146000,3.61,3.57,3.82,-2.3256,-1.2926,-7.6517,-0.127,-0.0387,0.0577
LIG,2017-12-07,3.52,3.61,3.44,3.52,117130,3.6,3.57,3.8,-2.0979,-1.2926,-7.3257,0.0,0.0,0.0531
LIG,2017-12-08,3.61,3.61,3.44,3.52,103100,3.59,3.57,3.79,-1.8692,-1.2926,-6.9974,0.0,0.0,0.0432
LIG,2017-12-11,3.44,3.52,3.44,3.44,65220,3.57,3.57,3.77,-3.5295,-3.6429,-8.8485,-0.0605,-0.0177,0.045
LIG,2017-12-12,3.52,3.52,3.36,3.44,246200,3.54,3.57,3.76,-2.8437,-3.6429,-8.5639,-0.0,-0.0,0.0396
LIG,2017-12-13,3.44,3.52,3.36,3.52,102600,3.52,3.57,3.75,0.0,-1.2926,-6.0403,0.1399,0.0417,0.0469
LIG,2017-12-14,3.52,3.52,3.44,3.52,88100,3.52,3.57,3.74,0.2387,-1.2926,-5.7451,0.1011,0.0316,0.057
LIG,2017-12-15,3.52,3.61,3.44,3.61,129500,3.52,3.57,3.73,2.6254,1.0577,-3.1967,0.1023,0.028,0.059
LIG,2017-12-18,3.52,3.61,3.52,3.61,89127,3.52,3.57,3.72,2.3811,1.0577,-2.8906,0.0812,0.0247,0.0671
LIG,2017-12-19,3.61,3.61,3.52,3.52,104860,3.52,3.57,3.71,-0.0,-1.2926,-4.8913,-0.1306,-0.0311,0.0743
LIG,2017-12-20,3.52,3.61,3.52,3.52,80300,3.52,3.57,3.7,0.0,-1.1765,-4.6322,-0.0934,-0.0282,0.0709
LIG,2017-12-21,3.52,3.61,3.44,3.44,103039,3.52,3.56,3.68,-2.1481,-3.302,-6.606,-0.0901,-0.0245,0.0799
LIG,2017-12-22,3.52,3.52,3.36,3.44,92700,3.51,3.55,3.67,-1.914,-3.0734,-6.2644,-0.0,-0.0,0.0799
LIG,2017-12-25,3.44,3.52,3.44,3.44,98400,3.51,3.54,3.65,-1.914,-2.7284,-5.8771,-0.1435,-0.0384,0.0882
LIG,2017-12-26,3.44,3.52,3.36,3.52,109001,3.52,3.53,3.64,0.2387,-0.1189,-3.2258,0.1256,0.032,0.1008
LIG,2017-12-27,3.52,3.52,3.44,3.44,101920,3.51,3.52,3.63,-1.914,-2.1481,-5.1805,-0.1158,-0.0315,0.0984
LIG,2017-12-28,3.52,3.52,3.44,3.52,111610,3.51,3.51,3.62,0.4785,0.3584,-2.5522,0.1503,0.0379,0.1033
LIG,2017-12-29,3.52,3.52,3.44,3.52,67100,3.5,3.51,3.6,0.7195,0.4785,-2.2346,0.0643,0.0176,0.0995
LIG,2018-01-02,3.52,3.52,3.44,3.44,72300,3.48,3.5,3.59,-1.2049,-1.7965,-4.2504,-0.0537,-0.0152,0.0967
LIG,2018-01-03,3.52,3.52,3.44,3.52,87490,3.48,3.5,3.58,1.2049,0.5988,-1.5932,0.0686,0.0178,0.0905
LIG,2018-01-04,3.52,3.69,3.44,3.69,168256,3.5,3.51,3.57,5.5156,5.1373,3.2863,0.1495,0.0396,0.0961
LIG,2018-01-05,3.69,3.78,3.44,3.52,124319,3.51,3.51,3.56,0.4785,0.3585,-1.1299,-0.0388,-0.0123,0.091
LIG,2018-01-08,3.52,3.61,3.44,3.61,100280,3.52,3.52,3.56,2.3811,2.6254,1.4631,0.0522,0.015,0.0962
LIG,2018-01-09,3.61,3.61,3.44,3.52,167524,3.53,3.52,3.55,-0.2375,0.1192,-0.6622,0.0,0.0,0.0819
LIG,2018-01-10,3.52,3.78,3.52,3.61,283770,3.54,3.53,3.54,1.8958,2.2593,1.8476,-0.0508,-0.0131,0.0744
LIG,2018-01-11,3.61,3.94,3.61,3.94,498052,3.59,3.55,3.55,9.813,11.1111,11.1636,0.2813,0.09,0.0909
LIG,2018-01-12,3.94,4.11,3.86,4.03,146030,3.64,3.57,3.56,10.5991,12.6761,13.261,0.0175,0.0061,0.0777
LIG,2018-01-15,4.03,4.03,3.78,3.86,88900,3.68,3.59,3.56,5.0229,7.6025,8.3374,-0.0194,-0.0057,0.0732
LIG,2018-01-16,3.78,3.86,3.61,3.78,135280,3.71,3.6,3.57,1.81,5.0175,5.7828,0.0346,0.0106,0.0713
LIG,2018-01-17,3.69,3.78,3.61,3.61,72311,3.72,3.6,3.57,-2.9345,0.2332,0.9865,-0.0312,-0.009,0.0675
LIG,2018-01-18,3.61,3.69,3.52,3.69,93800,3.72,3.61,3.58,-0.6773,2.3255,3.2378,0.0393,0.0107,0.0565
LIG,2018-01-19,3.69,3.78,3.61,3.78,81860,3.74,3.62,3.58,0.8968,4.1667,5.4358,0.0492,0.011,0.0575
LIG,2018-01-22,3.69,3.69,3.52,3.52,136600,3.73,3.63,3.58,-5.618,-2.8902,-1.5933,-0.0911,-0.0211,0.0614
LIG,2018-01-23,3.61,3.69,3.52,3.52,188130,3.73,3.63,3.58,-5.618,-3.0023,-1.6393,-0.5304,-0.1981,0.1145
LIG,2018-01-24,3.52,3.69,3.52,3.61,171890,3.73,3.64,3.59,-3.3707,-0.8073,0.6084,0.0,0.0,0.1094
LIG,2018-01-25,3.52,3.69,3.52,3.69,110600,3.71,3.65,3.59,-0.4526,1.1493,2.8517,0.0489,0.0119,0.0862
LIG,2018-01-26,3.69,3.69,3.52,3.61,115500,3.67,3.65,3.59,-1.6018,-1.2628,0.4674,0.0,0.0,0.0844
LIG,2018-01-29,3.61,3.69,3.52,3.52,94700,3.63,3.65,3.59,-3.0023,-3.5591,-1.8233,-0.049,-0.0118,0.0874
LIG,2018-01-30,3.61,3.69,3.52,3.69,118550,3.62,3.67,3.59,1.8518,0.6864,2.8037,0.0575,0.0149,0.0897
LIG,2018-01-31,3.61,3.69,3.52,3.52,93600,3.62,3.67,3.59,-2.5522,-3.8902,-1.8692,-0.0371,-0.0096,0.0902
LIG,2018-02-01,3.52,3.61,3.52,3.52,73800,3.6,3.66,3.59,-2.0979,-3.6697,-1.8233,-0.042,-0.0122,0.0905
LIG,2018-02-02,3.52,3.52,3.44,3.52,44463,3.57,3.66,3.59,-1.4085,-3.6697,-1.7774,0.0417,0.0092,0.0898
LIG,2018-02-05,3.52,3.52,3.36,3.44,92809,3.57,3.65,3.58,-3.5295,-5.7472,-4.0263,-0.0,-0.0,0.0807
LIG,2018-02-06,3.27,3.36,3.1,3.27,144330,3.54,3.64,3.58,-7.583,-10.0346,-8.4937,0.0198,0.0043,0.0296
LIG,2018-02-07,3.36,3.36,3.27,3.36,61200,3.52,3.62,3.57,-4.5345,-7.4073,-5.9708,0.0535,0.0122,0.0349
LIG,2018-02-08,3.36,3.44,3.36,3.36,55538,3.48,3.6,3.56,-3.6144,-6.651,-5.7936,-0.0467,-0.0144,0.0347
LIG,2018-02-09,3.27,3.36,3.1,3.27,92300,3.45,3.56,3.56,-5.1095,-8.0189,-7.9755,0.0219,0.0055,0.0369
LIG,2018-02-12,3.27,3.36,3.27,3.36,76500,3.43,3.53,3.55,-2.2004,-4.9881,-5.482,0.058,0.0134,0.0378
LIG,2018-02-13,3.44,3.44,3.36,3.44,64700,3.41,3.52,3.55,0.9851,-2.1481,-3.0734,0.0656,0.0159,0.0386
LIG,2018-02-21,3.44,3.52,3.44,3.52,90706,3.41,3.51,3.55,3.4483,0.3584,-0.7092,0.1008,0.0246,0.045
LIG,2018-02-22,3.52,3.52,3.36,3.52,73100,3.41,3.5,3.55,3.4483,0.5988,-0.7092,0.0782,0.02,0.0486
LIG,2018-02-23,3.52,3.52,3.36,3.52,50600,3.41,3.49,3.55,3.4483,0.9615,-0.7092,0.0354,0.0084,0.048
LIG,2018-02-26,3.52,3.52,3.36,3.44,40626,3.41,3.49,3.55,0.9851,-1.3238,-3.0275,-0.0,-0.0,0.048
LIG,2018-02-27,3.44,3.44,3.36,3.44,51200,3.42,3.48,3.55,0.4901,-1.2049,-3.0275,0.0508,0.0118,0.0511
LIG,2018-02-28,3.44,3.44,3.36,3.36,32300,3.42,3.47,3.55,-1.9607,-3.2647,-5.3478,-0.0251,-0.0056,0.0483
LIG,2018-03-01,3.36,3.44,3.36,3.44,51000,3.43,3.46,3.54,0.2444,-0.4855,-2.9357,0.0344,0.008,0.047
LIG,2018-03-02,3.44,3.44,3.36,3.44,40700,3.45,3.45,3.54,-0.2434,-0.2434,-2.8897,0.0282,0.0067,0.0477
LIG,2018-03-05,3.36,3.44,3.36,3.44,60700,3.46,3.44,3.54,-0.4855,-0.1219,-2.7976,0.0266,0.0064,0.0445
LIG,2018-03-06,3.36,3.44,3.36,3.44,48300,3.46,3.43,3.54,-0.4855,0.2444,-2.7054,0.0277,0.0069,0.0407
LIG,2018-03-07,3.36,3.44,3.36,3.36,33400,3.44,3.42,3.53,-2.4389,-1.9607,-4.988,-0.0272,-0.007,0.0334
LIG,2018-03-08,3.36,3.44,3.27,3.44,24500,3.43,3.42,3.53,0.2445,0.6134,-2.5666,0.0242,0.006,0.028
LIG,2018-03-09,3.36,3.36,3.36,3.36,31000,3.41,3.41,3.53,-1.7198,-1.5989,-4.8977,0.0,0.0,0.0244
LIG,2018-03-12,3.36,3.36,3.27,3.36,53600,3.41,3.41,3.53,-1.4777,-1.4777,-4.8524,0.0415,0.009,0.0286
LIG,2018-03-13,3.36,3.36,3.36,3.36,86800,3.4,3.41,3.53,-1.2345,-1.5989,-4.8072,0.0,0.0,0.0235
LIG,2018-03-14,3.36,3.36,3.27,3.27,40276,3.39,3.41,3.52,-3.4653,-3.9409,-7.0544,-0.0254,-0.0055,0.0235
LIG,2018-03-15,3.27,3.36,3.27,3.36,26800,3.38,3.41,3.52,-0.7443,-1.4777,-4.6256,0.0206,0.0055,0.0221
LIG,2018-03-16,3.27,3.36,3.19,3.27,69200,3.36,3.41,3.51,-2.7432,-3.9409,-6.8768,0.0,0.0,0.0193
LIG,2018-03-19,3.27,3.36,3.27,3.36,34200,3.36,3.41,3.51,0.0001,-1.4777,-4.3976,0.0234,0.0059,0.019
LIG,2018-03-20,3.36,3.36,3.27,3.27,26400,3.34,3.4,3.51,-2.0101,-3.7037,-6.6986,-0.0231,-0.0049,0.0186
LIG,2018-03-21,3.27,3.36,3.19,3.27,45300,3.33,3.39,3.5,-1.7633,-3.3457,-6.5645,0.0,0.0,0.0158
LIG,2018-03-22,3.27,3.36,3.27,3.27,49000,3.31,3.37,3.49,-1.2659,-2.9851,-6.3401,-0.0386,-0.0085,0.0173
LIG,2018-03-23,3.36,3.36,3.27,3.36,16700,3.31,3.36,3.49,1.2659,-0.2493,-3.8461,0.0122,0.003,0.0185
LIG,2018-03-26,3.27,3.36,3.27,3.36,30890,3.31,3.36,3.49,1.2659,-0.1248,-3.7072,0.0208,0.0043,0.0164
LIG,2018-03-27,3.27,3.36,3.27,3.36,22100,3.31,3.36,3.48,1.2659,0.0001,-3.6144,0.0164,0.0038,0.0181
LIG,2018-03-28,3.27,3.44,3.19,3.27,101900,3.31,3.35,3.48,-1.2659,-2.378,-5.8426,-0.0336,-0.0077,0.0189
LIG,2018-03-29,3.27,3.27,3.27,3.27,25950,3.31,3.34,3.46,-1.0153,-2.133,-5.4775,0.0,0.0,0.0168
LIG,2018-03-30,3.27,3.36,3.27,3.36,37400,3.31,3.34,3.45,1.2659,0.5026,-2.6763,0.041,0.0095,0.0209
LIG,2018-04-02,3.36,3.36,3.27,3.27,31700,3.31,3.33,3.44,-1.0153,-1.7633,-4.7852,-0.0213,-0.0049,0.0207
LIG,2018-04-03,3.36,3.36,3.27,3.27,23400,3.31,3.32,3.43,-1.0153,-1.5152,-4.5054,-0.019,-0.0046,0.0203
LIG,2018-04-04,3.19,3.27,3.19,3.27,34700,3.31,3.32,3.42,-1.0153,-1.3907,-4.318,0.0247,0.0053,0.0228
LIG,2018-04-05,3.19,3.36,3.19,3.27,27500,3.31,3.31,3.41,-1.0153,-1.1407,-4.0827,0.0,0.0,0.0189
LIG,2018-04-06,3.27,3.44,3.27,3.44,43200,3.31,3.31,3.4,3.7974,3.7973,1.0349,0.0314,0.0078,0.0208
LIG,2018-04-09,3.44,3.69,3.44,3.52,103000,3.33,3.32,3.4,5.7935,6.0606,3.4993,-0.0223,-0.0058,0.021
LIG,2018-04-10,3.52,3.61,3.52,3.61,36110,3.36,3.34,3.41,7.5001,8.1762,5.9114,0.026,0.0066,0.0219
LIG,2018-04-11,3.52,3.52,3.36,3.36,22589,3.36,3.34,3.4,-0.2493,0.5026,-1.3319,-0.0116,-0.0028,0.0197
LIG,2018-04-12,3.36,3.44,3.36,3.44,36420,3.38,3.34,3.4,1.7369,2.8857,1.2845,0.0327,0.0082,0.023
LIG,2018-04-13,3.36,3.52,3.36,3.44,50500,3.39,3.35,3.39,1.4851,2.6282,1.3847,-0.0,-0.0,0.0189
LIG,2018-04-16,3.44,3.52,3.36,3.44,50400,3.41,3.36,3.39,0.9851,2.4999,1.4348,-0.0,-0.0,0.0168
LIG,2018-04-17,3.44,3.44,3.36,3.36,44100,3.41,3.36,3.38,-1.7198,-0.1248,-0.8427,-0.044,-0.0105,0.0193
LIG,2018-04-18,3.44,3.52,3.36,3.44,45500,3.43,3.37,3.38,0.2444,2.117,1.6864,-0.0,-0.0,0.0168
LIG,2018-04-19,3.44,3.52,3.36,3.52,58800,3.46,3.38,3.38,1.9418,4.2184,4.1667,0.0402,0.0087,0.0208
LIG,2018-04-20,3.52,3.52,3.44,3.52,38200,3.47,3.39,3.38,1.6949,3.9604,4.1667,0.0311,0.007,0.0208
LIG,2018-04-23,3.52,3.52,3.36,3.36,28300,3.45,3.39,3.38,-2.6763,-0.99,-0.7443,-0.0145,-0.0039,0.02
LIG,2018-04-24,3.36,3.44,3.27,3.36,38800,3.42,3.39,3.38,-1.9607,-0.99,-0.7936,0.0,0.0,0.0174
LIG,2018-04-26,3.36,3.36,3.36,3.36,50100,3.42,3.39,3.38,-1.9607,-1.1124,-0.7936,0.0,0.0,0.0162
LIG,2018-04-27,3.36,3.44,3.27,3.44,60200,3.42,3.4,3.38,0.4901,1.1096,1.636,0.0493,0.0129,0.0179
LIG,2018-05-02,3.36,3.36,3.36,3.36,5930,3.41,3.4,3.39,-1.7198,-1.3563,-0.8919,0.0,0.0,0.0179
LIG,2018-05-03,3.36,3.36,3.19,3.36,112700,3.41,3.41,3.39,-1.4778,-1.4777,-0.8919,0.0798,0.0221,0.0259
LIG,2018-05-04,3.36,3.36,3.27,3.36,23500,3.41,3.41,3.38,-1.4778,-1.5989,-0.8428,0.0256,0.0071,0.0241
LIG,2018-05-07,3.36,3.44,3.27,3.36,96300,3.4,3.41,3.38,-1.2345,-1.7198,-0.7443,0.0,0.0,0.0241
LIG,2018-05-08,3.36,3.44,3.36,3.36,53110,3.38,3.42,3.38,-0.7444,-1.8404,-0.6457,-0.0537,-0.0142,0.0254
LIG,2018-05-09,3.36,3.36,3.27,3.36,66000,3.36,3.41,3.37,-0.2494,-1.7198,-0.5469,0.0944,0.0256,0.0317
LIG,2018-05-10,3.36,3.44,3.36,3.36,41794,3.36,3.41,3.37,-0.2494,-1.4778,-0.4974,-0.0367,-0.0106,0.034
LIG,2018-05-11,3.36,3.36,3.27,3.36,34500,3.36,3.39,3.37,-0.2494,-1.1124,-0.4479,0.0355,0.0088,0.0375
LIG,2018-05-14,3.36,3.44,3.27,3.36,33320,3.36,3.39,3.37,-0.2494,-1.1124,-0.4479,0.0,0.0,0.0375
LIG,2018-05-15,3.36,3.44,3.36,3.36,54600,3.36,3.39,3.37,0.0,-0.9901,-0.3983,-0.083,-0.0171,0.0409
LIG,2018-05-16,3.36,3.44,3.36,3.44,61100,3.36,3.39,3.37,2.2442,1.485,2.0915,0.0802,0.0203,0.0489
LIG,2018-05-17,3.44,3.52,3.44,3.52,36400,3.38,3.39,3.37,4.2183,3.8318,4.5296,0.0536,0.0125,0.0463
LIG,2018-05-18,3.52,3.52,3.52,3.52,18300,3.4,3.4,3.37,3.7037,3.5758,4.4776,0.0,0.0,0.0437
LIG,2018-05-21,3.44,3.61,3.44,3.52,28800,3.41,3.41,3.38,3.1941,3.4482,4.3737,0.0,0.0,0.0437
LIG,2018-05-22,3.61,3.61,3.36,3.52,78630,3.43,3.41,3.38,2.6895,3.4482,4.3219,0.027,0.0082,0.0411
LIG,2018-05-23,3.52,3.52,3.36,3.36,74900,3.43,3.4,3.38,-2.2004,-1.2345,-0.6457,-0.0721,-0.0158,0.0388
LIG,2018-05-24,3.44,3.52,3.27,3.44,49000,3.44,3.4,3.38,-0.0001,1.1096,1.7874,0.0246,0.0058,0.0376
LIG,2018-05-25,3.44,3.52,3.44,3.44,34800,3.45,3.41,3.38,-0.2434,0.9851,1.7369,-0.0316,-0.0084,0.0372
LIG,2018-05-28,3.44,3.44,3.27,3.27,60800,3.44,3.4,3.38,-4.8781,-3.8225,-3.2258,-0.0325,-0.0091,0.0405
LIG,2018-05-29,3.36,3.36,3.27,3.36,29600,3.44,3.4,3.38,-2.4389,-1.2345,-0.7443,0.0228,0.0067,0.0344
LIG,2018-05-30,3.36,3.44,3.36,3.44,6900,3.44,3.4,3.38,-0.0001,1.1096,1.636,0.0105,0.0024,0.0275
LIG,2018-05-31,3.44,3.44,3.36,3.44,6800,3.43,3.41,3.39,0.2444,0.9851,1.5856,0.0064,0.0015,0.0227
LIG,2018-06-01,3.44,3.44,3.44,3.44,3280,3.42,3.41,3.39,0.4901,0.8609,1.485,0.0,0.0,0.0227
LIG,2018-06-04,3.36,3.52,3.36,3.52,10100,3.42,3.42,3.39,2.9412,3.0675,3.8062,0.008,0.0023,0.0235
LIG,2018-06-05,3.44,3.52,3.36,3.52,17300,3.42,3.43,3.4,2.9412,2.8152,3.6525,0.0172,0.0054,0.0226
LIG,2018-06-06,3.52,3.52,3.44,3.52,26700,3.44,3.44,3.4,2.4391,2.5641,3.5503,0.0258,0.0069,0.0179
LIG,2018-06-07,3.52,3.52,3.44,3.44,13700,3.44,3.44,3.4,-0.0001,-0.0001,1.0349,-0.0148,-0.0039,0.017
LIG,2018-06-08,3.52,3.52,3.44,3.52,40300,3.45,3.45,3.41,2.1898,2.1898,3.3973,0.0474,0.0131,0.0185
LIG,2018-06-11,3.52,3.61,3.52,3.52,22420,3.47,3.46,3.41,1.4493,1.9418,3.2448,-0.0281,-0.0076,0.0181
LIG,2018-06-12,3.52,3.61,3.36,3.44,56300,3.48,3.46,3.42,-1.2049,-0.6061,0.6875,-0.0249,-0.0058,0.0183
LIG,2018-06-13,3.44,3.52,3.44,3.52,31900,3.49,3.47,3.42,0.9616,1.6949,3.0422,0.065,0.0139,0.0238
LIG,2018-06-14,3.52,3.52,3.44,3.44,17131,3.49,3.46,3.42,-1.4424,-0.6061,0.4901,-0.0191,-0.0049,0.025
LIG,2018-06-15,3.52,3.52,3.44,3.44,29600,3.49,3.46,3.43,-1.4424,-0.4855,0.3917,-0.0297,-0.0066,0.028
LIG,2018-06-18,3.52,3.52,3.44,3.44,21300,3.48,3.45,3.43,-1.2049,-0.3646,0.2934,-0.0191,-0.0054,0.0291
LIG,2018-06-19,3.36,3.44,3.36,3.36,35880,3.47,3.44,3.43,-3.1476,-2.5577,-2.2004,-0.0317,-0.0083,0.0306
LIG,2018-06-20,3.36,3.36,3.36,3.36,15000,3.45,3.44,3.43,-2.6763,-2.5577,-2.1526,0.0,0.0,0.028
LIG,2018-06-21,3.44,3.44,3.36,3.44,33900,3.45,3.44,3.43,-0.2434,-0.1219,0.3425,0.0606,0.0164,0.0326
LIG,2018-06-22,3.44,3.52,3.44,3.52,21608,3.45,3.45,3.43,2.1898,2.1898,2.8404,0.0256,0.0065,0.0304
LIG,2018-06-25,3.44,3.52,3.36,3.44,37970,3.44,3.46,3.43,-0.0001,-0.4855,0.3425,-0.0,-0.0,0.0276
LIG,2018-06-26,3.36,3.36,3.36,3.36,22500,3.43,3.46,3.43,-2.2004,-2.9125,-2.0567,0.0,0.0,0.0251
LIG,2018-06-27,3.36,3.36,3.36,3.36,12030,3.41,3.45,3.43,-1.7198,-2.7945,-2.0087,0.0,0.0,0.0186
LIG,2018-06-28,3.27,3.36,3.27,3.36,22100,3.41,3.45,3.42,-1.4777,-2.6763,-1.9607,0.0258,0.0074,0.0193
LIG,2018-06-29,3.36,3.36,3.27,3.36,22300,3.4,3.44,3.42,-1.2345,-2.5578,-1.9607,0.0318,0.0078,0.0195
LIG,2018-07-02,3.27,3.36,3.27,3.36,50700,3.39,3.44,3.42,-0.9901,-2.3198,-1.9126,0.0625,0.0183,0.0238
LIG,2018-07-03,3.36,3.36,3.27,3.36,44300,3.39,3.43,3.42,-0.9901,-2.0807,-1.8163,0.0299,0.0092,0.0236
LIG,2018-07-04,3.27,3.36,3.27,3.36,2400,3.39,3.42,3.41,-0.9901,-1.8404,-1.7198,0.003,0.0008,0.0239
LIG,2018-07-05,3.36,3.36,3.27,3.36,31000,3.38,3.41,3.41,-0.7444,-1.7198,-1.7198,0.0352,0.0102,0.0214
LIG,2018-07-06,3.36,3.44,3.27,3.44,48800,3.37,3.41,3.42,1.9899,0.8609,0.6875,0.0384,0.0124,0.0227
LIG,2018-07-09,3.36,3.44,3.36,3.36,25100,3.36,3.4,3.42,-0.2494,-1.3563,-1.7681,-0.0321,-0.0102,0.0259
LIG,2018-07-10,3.36,3.36,3.36,3.36,1100,3.36,3.4,3.41,-0.2494,-1.2345,-1.7198,0.0,0.0,0.0259
LIG,2018-07-11,3.36,3.36,3.27,3.36,61850,3.36,3.39,3.41,-0.2494,-0.99,-1.7198,0.0682,0.0233,0.0327
LIG,2018-07-12,3.27,3.36,3.27,3.27,56000,3.36,3.38,3.41,-2.5001,-3.2259,-4.1298,-0.1213,-0.0385,0.0422
LIG,2018-07-13,3.36,3.36,3.27,3.27,33800,3.35,3.37,3.41,-2.2557,-2.9851,-4.0827,-0.0489,-0.0158,0.0439
LIG,2018-07-16,3.36,3.36,3.19,3.36,44900,3.35,3.37,3.41,0.2507,-0.3736,-1.6231,0.0791,0.0251,0.0456
LIG,2018-07-17,3.36,3.36,3.19,3.19,15800,3.33,3.36,3.41,-4.2823,-5.1188,-6.4502,-0.0155,-0.0045,0.0442
LIG,2018-07-18,3.27,3.36,3.27,3.36,48500,3.33,3.36,3.41,0.7557,-0.1248,-1.5263,0.0341,0.0097,0.0473
LIG,2018-07-19,3.36,3.36,3.27,3.36,68200,3.33,3.36,3.41,0.7557,0.0,-1.5263,0.0693,0.02,0.0507
LIG,2018-07-20,3.36,3.36,3.27,3.36,54700,3.32,3.35,3.41,1.0101,0.2507,-1.5263,0.0523,0.0155,0.0521
LIG,2018-07-23,3.36,3.36,3.27,3.36,20500,3.32,3.34,3.41,1.0101,0.3764,-1.5263,0.0084,0.0049,0.0497
LIG,2018-07-24,3.36,3.36,3.27,3.36,88400,3.32,3.34,3.41,1.0101,0.3764,-1.5263,0.0903,0.0326,0.0587
LIG,2018-07-25,3.27,3.36,3.27,3.36,30700,3.32,3.34,3.41,1.0101,0.3764,-1.4778,0.0332,0.0111,0.0552
LIG,2018-07-26,3.36,3.36,3.27,3.36,20700,3.33,3.34,3.4,0.7557,0.3764,-1.3806,0.0195,0.006,0.0451
LIG,2018-07-27,3.36,3.36,3.36,3.36,19700,3.34,3.34,3.4,0.5025,0.3764,-1.2832,0.0,0.0,0.0402
LIG,2018-07-30,3.36,3.36,3.27,3.36,29100,3.34,3.34,3.4,0.5025,0.3764,-1.1857,0.0291,0.0081,0.0352
LIG,2018-07-31,3.36,3.36,3.27,3.27,25600,3.35,3.34,3.39,-2.2557,-2.0101,-3.5131,-0.0286,-0.0088,0.0365
LIG,2018-08-01,3.36,3.36,3.27,3.27,8400,3.34,3.34,3.39,-2.0101,-1.8869,-3.4654,-0.0089,-0.0029,0.034
LIG,2018-08-02,3.36,3.36,3.27,3.36,1500,3.34,3.34,3.39,0.5025,0.629,-0.941,0.0015,0.0004,0.0272
LIG,2018-08-03,3.36,3.36,3.27,3.36,18200,3.34,3.33,3.39,0.5025,0.7557,-0.8919,0.0184,0.0051,0.0238
LIG,2018-08-06,3.27,3.36,3.27,3.36,11100,3.34,3.33,3.39,0.5025,0.7557,-0.941,0.015,0.0045,0.0244
LIG,2018-08-07,3.36,3.36,3.36,3.36,25100,3.34,3.33,3.39,0.5025,0.7557,-0.941,0.0,0.0,0.0154
LIG,2018-08-08,3.27,3.36,3.27,3.27,13000,3.33,3.33,3.38,-1.7633,-1.6394,-3.3218,-0.0124,-0.0035,0.0133
LIG,2018-08-09,3.27,3.36,3.27,3.36,9160,3.33,3.33,3.38,0.7557,0.7557,-0.7936,0.0091,0.0023,0.0123
LIG,2018-08-10,3.36,3.36,3.27,3.27,24850,3.32,3.33,3.38,-1.5152,-1.7633,-3.1778,-0.0256,-0.0065,0.0149
LIG,2018-08-13,3.36,3.36,3.02,3.27,58225,3.31,3.33,3.37,-1.2659,-1.6394,-3.0334,0.0196,0.0062,0.0139
LIG,2018-08-14,3.27,3.36,3.27,3.36,8300,3.32,3.34,3.37,1.0101,0.629,-0.4479,0.0078,0.0021,0.0118
LIG,2018-08-15,3.36,3.36,3.27,3.36,32500,3.33,3.34,3.37,0.7557,0.629,-0.3487,0.0224,0.0066,0.0132
LIG,2018-08-16,3.36,3.36,3.27,3.36,20475,3.33,3.34,3.37,0.7557,0.629,-0.299,0.0192,0.0047,0.015
LIG,2018-08-17,3.36,3.36,3.27,3.36,15500,3.33,3.34,3.36,0.7557,0.629,-0.1995,0.0156,0.0046,0.0147
LIG,2018-08-20,3.36,3.36,3.27,3.36,7000,3.33,3.34,3.36,0.7557,0.629,-0.0999,0.0076,0.0023,0.0139
LIG,2018-08-21,3.27,3.36,3.27,3.36,12300,3.33,3.34,3.36,0.7557,0.629,-0.0499,0.0121,0.0034,0.0151
LIG,2018-08-22,3.27,3.36,3.27,3.27,25800,3.33,3.33,3.35,-1.7633,-1.7633,-2.4025,-0.0298,-0.0086,0.0169
LIG,2018-08-23,3.36,3.36,3.27,3.27,21100,3.32,3.33,3.35,-1.5152,-1.6394,-2.3047,-0.0407,-0.0093,0.02
LIG,2018-08-24,3.27,3.36,3.27,3.27,14200,3.32,3.32,3.35,-1.5152,-1.5152,-2.2067,-0.0162,-0.0036,0.0191
LIG,2018-08-27,3.36,3.36,3.27,3.36,23800,3.33,3.32,3.34,0.7557,1.0101,0.3513,0.025,0.0068,0.0196
LIG,2018-08-28,3.27,3.36,3.27,3.36,29500,3.33,3.33,3.34,0.7557,0.8828,0.3513,0.0362,0.0096,0.0225
LIG,2018-08-29,3.36,3.36,3.27,3.27,12700,3.32,3.33,3.34,-1.5152,-1.6394,-2.1085,-0.0158,-0.0039,0.0218
LIG,2018-08-30,3.36,3.36,3.27,3.27,20771,3.31,3.32,3.34,-1.2659,-1.5152,-2.0101,-0.0185,-0.0044,0.0217
LIG,2018-08-31,3.27,3.27,3.27,3.27,10000,3.31,3.32,3.33,-1.0153,-1.3907,-1.8622,0.0,0.0,0.0202
LIG,2018-09-04,3.36,3.36,3.19,3.27,4200,3.3,3.31,3.33,-0.7634,-1.2659,-1.7633,0.0,0.0,0.0194
LIG,2018-09-05,3.19,3.27,3.19,3.19,31800,3.28,3.31,3.33,-2.8134,-3.5534,-4.1857,-0.0431,-0.0097,0.0225
LIG,2018-09-06,3.27,3.27,3.19,3.27,16130,3.28,3.31,3.33,-0.2558,-1.0153,-1.6146,0.0181,0.0052,0.0214
LIG,2018-09-07,3.19,3.36,3.19,3.36,10490,3.29,3.31,3.33,2.0409,1.5229,0.9082,0.0114,0.0033,0.0184
LIG,2018-09-10,3.36,3.36,3.19,3.19,23800,3.28,3.3,3.32,-2.8134,-3.4309,-4.0406,-0.0301,-0.0079,0.0198
LIG,2018-09-11,3.27,3.27,3.27,3.27,4063,3.27,3.3,3.32,-0.0,-0.8895,-1.4654,0.0,0.0,0.0173
LIG,2018-09-12,3.27,3.36,3.27,3.27,34600,3.26,3.3,3.32,0.2571,-0.7634,-1.4156,-0.0321,-0.009,0.0169
LIG,2018-09-13,3.27,3.36,3.19,3.36,16250,3.27,3.3,3.32,2.5642,1.7812,1.1123,0.0202,0.0057,0.0173
LIG,2018-09-14,3.27,3.36,3.27,3.27,10200,3.27,3.29,3.32,-0.0,-0.637,-1.3658,-0.0121,-0.0033,0.0167
LIG,2018-09-17,3.27,3.27,3.27,3.27,4110,3.27,3.29,3.31,-0.0,-0.5102,-1.2659,0.0,0.0,0.0167
LIG,2018-09-18,3.36,3.36,3.19,3.36,26200,3.28,3.29,3.31,2.3019,2.0409,1.2659,0.0189,0.0051,0.0186
LIG,2018-09-19,3.36,3.36,3.27,3.27,12000,3.29,3.28,3.31,-0.5102,-0.3832,-1.2159,-0.0138,-0.0038,0.0157
LIG,2018-09-20,3.27,3.36,3.27,3.36,1900,3.3,3.29,3.31,1.7812,2.0409,1.3172,0.0016,0.0004,0.014
LIG,2018-09-21,3.36,3.36,3.36,3.36,500,3.3,3.29,3.31,1.7812,1.9109,1.2659,0.0,0.0,0.0129
LIG,2018-09-24,3.27,3.27,3.27,3.27,600,3.31,3.29,3.31,-1.0153,-0.637,-1.2659,0.0,0.0,0.0099
LIG,2018-09-25,3.19,3.27,3.19,3.27,1720,3.31,3.29,3.31,-1.0153,-0.5102,-1.2159,0.0019,0.0005,0.0101
LIG,2018-09-26,3.27,3.27,3.19,3.27,15100,3.31,3.28,3.31,-1.0153,-0.3832,-1.2659,0.0127,0.0029,0.0081
LIG,2018-09-27,3.19,3.36,3.19,3.36,28267,3.31,3.29,3.31,1.5229,2.0409,1.2659,0.0257,0.0068,0.0087
LIG,2018-09-28,3.27,3.36,3.19,3.36,3500,3.31,3.29,3.31,1.2659,1.9109,1.2659,0.0021,0.0005,0.0077
LIG,2018-10-01,3.36,3.36,3.36,3.36,0,3.32,3.3,3.31,1.0101,1.7812,1.2659,0.0,0.0,0.0077
LIG,2018-10-02,3.27,3.36,3.27,3.27,20700,3.31,3.3,3.31,-1.2659,-0.7634,-1.2159,-0.0172,-0.0042,0.0075
LIG,2018-10-03,3.19,3.27,3.19,3.27,5100,3.31,3.3,3.31,-1.2659,-0.8895,-1.1658,0.0074,0.0017,0.0069
LIG,2018-10-04,3.19,3.27,3.19,3.27,25500,3.31,3.3,3.31,-1.0153,-0.8895,-1.1157,0.0242,0.006,0.0091
LIG,2018-10-05,3.19,3.27,3.19,3.27,27500,3.3,3.3,3.31,-0.7634,-0.7634,-1.0655,0.0197,0.0049,0.0111
LIG,2018-10-08,3.19,3.44,3.19,3.36,52854,3.31,3.31,3.31,1.5229,1.5229,1.4714,0.0175,0.0041,0.0129
LIG,2018-10-09,3.27,3.36,3.27,3.36,11300,3.31,3.31,3.31,1.2659,1.3942,1.4714,0.0101,0.0028,0.0137
LIG,2018-10-10,3.36,3.36,3.27,3.36,15100,3.32,3.31,3.31,1.0101,1.2659,1.4199,0.0157,0.0039,0.014
LIG,2018-10-11,3.27,3.36,3.19,3.27,16900,3.31,3.31,3.31,-1.2659,-1.1407,-1.1157,0.0,0.0,0.0114
LIG,2018-10-12,3.27,3.27,3.19,3.19,9900,3.3,3.31,3.31,-3.308,-3.5534,-3.5534,-0.0059,-0.0015,0.0118
LIG,2018-10-15,3.27,3.27,3.19,3.27,11000,3.29,3.31,3.3,-0.5102,-1.0153,-0.965,0.0134,0.0035,0.0131
LIG,2018-10-16,3.19,3.27,3.19,3.19,11100,3.28,3.3,3.3,-2.8134,-3.308,-3.4063,-0.0135,-0.0032,0.0127
LIG,2018-10-17,3.27,3.27,3.19,3.19,9400,3.27,3.29,3.3,-2.5642,-3.1848,-3.308,-0.0133,-0.0032,0.0133
LIG,2018-10-18,3.19,3.27,3.19,3.27,10860,3.27,3.29,3.3,-0.0,-0.5102,-0.7634,0.0132,0.0035,0.0122
LIG,2018-10-19,3.27,3.27,3.19,3.27,6500,3.27,3.28,3.3,-0.0,-0.3832,-0.7129,0.0084,0.0018,0.0111
LIG,2018-10-22,3.27,3.27,3.19,3.27,5200,3.26,3.28,3.3,0.2571,-0.3832,-0.7129,0.0046,0.0013,0.0098
LIG,2018-10-23,3.27,3.36,3.27,3.36,9800,3.26,3.29,3.3,2.8279,2.0409,1.7812,0.0124,0.0037,0.01
LIG,2018-10-24,3.27,3.36,3.27,3.36,13100,3.26,3.29,3.3,2.8279,1.9109,1.7812,0.0121,0.0036,0.0097
LIG,2018-10-25,3.19,3.36,3.19,3.36,2040,3.27,3.29,3.3,2.5642,1.9109,1.7812,0.0018,0.0005,0.0099
LIG,2018-10-26,3.36,3.36,3.36,3.36,0,3.29,3.29,3.3,2.0409,1.9109,1.7812,0.0,0.0,0.0093
LIG,2018-10-29,3.27,3.36,3.27,3.36,3300,3.3,3.29,3.3,1.7812,1.9109,1.7812,0.0055,0.0016,0.0085
LIG,2018-10-30,3.36,3.36,3.36,3.36,0,3.31,3.3,3.3,1.2659,1.7812,1.7812,0.0,0.0,0.0071
LIG,2018-10-31,3.27,3.36,3.27,3.27,500,3.32,3.3,3.3,-1.5152,-0.7634,-0.7129,-0.0004,-0.0001,0.0058
LIG,2018-11-01,3.36,3.36,3.36,3.36,100,3.33,3.3,3.3,0.7557,1.6519,1.7812,0.0,0.0,0.0045
LIG,2018-11-02,3.27,3.36,3.27,3.27,12200,3.33,3.3,3.3,-1.7633,-0.8895,-0.7634,-0.0136,-0.0034,0.005
LIG,2018-11-05,3.27,3.27,3.27,3.27,0,3.33,3.3,3.3,-1.7633,-0.7634,-0.7634,0.0,0.0,0.0046
LIG,2018-11-06,3.36,3.36,3.19,3.36,30100,3.33,3.3,3.3,0.7557,1.7812,1.7812,0.0359,0.0103,0.0069
LIG,2018-11-07,3.27,3.36,3.27,3.36,23500,3.33,3.3,3.3,0.7557,1.7812,1.7812,0.0401,0.0118,0.0097
LIG,2018-11-08,3.27,3.36,3.27,3.36,46100,3.33,3.3,3.3,0.7557,1.6519,1.7295,0.0648,0.0198,0.016
LIG,2018-11-09,3.27,3.36,3.27,3.36,59100,3.33,3.31,3.3,0.7557,1.3942,1.6778,0.0728,0.0196,0.0233
LIG,2018-11-12,3.27,3.36,3.19,3.36,54200,3.33,3.31,3.3,0.7557,1.2659,1.6261,0.0837,0.0233,0.0311
LIG,2018-11-13,3.36,3.36,3.27,3.36,49100,3.33,3.32,3.3,0.7557,1.0101,1.5745,0.0676,0.0197,0.0379
LIG,2018-11-14,3.27,3.36,3.1,3.36,95310,3.34,3.33,3.31,0.5025,0.7557,1.4714,0.1342,0.0399,0.0513
LIG,2018-11-15,3.36,3.36,3.27,3.36,8900,3.34,3.34,3.31,0.5025,0.629,1.4199,0.0127,0.004,0.0525
LIG,2018-11-16,3.27,3.36,3.27,3.27,34500,3.34,3.34,3.31,-2.0101,-1.8869,-1.0655,-0.0507,-0.0138,0.0562
LIG,2018-11-19,3.27,3.36,3.27,3.27,18310,3.34,3.34,3.31,-2.0101,-1.8869,-1.1157,-0.0243,-0.007,0.0587
LIG,2018-11-20,3.36,3.36,3.36,3.36,22400,3.34,3.34,3.31,0.5025,0.629,1.3685,0.0,0.0,0.0551
LIG,2018-11-21,3.36,3.36,3.27,3.27,7600,3.33,3.33,3.31,-1.7633,-1.7633,-1.1658,-0.0106,-0.0026,0.0521
LIG,2018-11-22,3.36,3.36,3.36,3.36,100,3.33,3.33,3.31,0.7557,0.7557,1.3685,0.0,0.0,0.0457
LIG,2018-11-23,3.27,3.36,3.27,3.36,25400,3.33,3.33,3.31,0.7557,0.7557,1.3172,0.0325,0.0095,0.0416
LIG,2018-11-26,3.27,3.27,3.27,3.27,500,3.32,3.33,3.31,-1.5152,-1.6394,-1.2159,0.0,0.0,0.0333
LIG,2018-11-27,3.19,3.19,3.19,3.19,16000,3.31,3.32,3.31,-3.5534,-3.9193,-3.6513,0.0,0.0,0.0265
LIG,2018-11-28,3.27,3.27,3.1,3.19,45400,3.29,3.31,3.31,-3.0614,-3.7976,-3.6024,-0.0,-0.0,0.0131
LIG,2018-11-29,3.19,3.27,3.19,3.27,10800,3.28,3.31,3.31,-0.2558,-1.1407,-1.0153,0.0133,0.0037,0.0131
LIG,2018-11-30,3.1,3.27,3.02,3.19,16700,3.27,3.31,3.3,-2.5642,-3.5534,-3.4554,0.0071,0.0021,0.0088
LIG,2018-12-03,3.19,3.19,3.19,3.19,12800,3.26,3.3,3.3,-2.3137,-3.4309,-3.4063,0.0,0.0,0.0063
LIG,2018-12-04,3.19,3.19,3.02,3.19,25400,3.25,3.29,3.3,-1.8089,-3.1848,-3.3572,0.0348,0.0092,0.0098
LIG,2018-12-05,3.1,3.1,3.1,3.1,200,3.23,3.28,3.3,-3.896,-5.3708,-5.8044,0.0,0.0,0.0088
LIG,2018-12-06,3.1,3.27,3.1,3.27,10000,3.22,3.28,3.29,1.5625,-0.1281,-0.6623,0.0125,0.0037,0.01
LIG,2018-12-07,3.19,3.27,3.19,3.27,7300,3.21,3.27,3.29,1.8277,-0.0,-0.6117,0.0088,0.0027,0.0077
LIG,2018-12-10,3.27,3.36,3.27,3.27,11500,3.21,3.27,3.29,1.8277,0.1284,-0.561,-0.0155,-0.0042,0.0092
LIG,2018-12-11,3.27,3.27,3.19,3.19,8106,3.21,3.26,3.29,-0.7834,-2.188,-3.0614,-0.0135,-0.0036,0.0106
LIG,2018-12-12,3.19,3.19,3.19,3.19,0,3.21,3.25,3.29,-0.7834,-1.9356,-3.0119,0.0,0.0,0.0106
LIG,2018-12-13,3.1,3.27,3.1,3.27,17300,3.21,3.25,3.29,1.8277,0.7752,-0.4594,0.0223,0.0061,0.0115
LIG,2018-12-14,3.19,3.27,3.19,3.27,7800,3.22,3.25,3.29,1.5625,0.7752,-0.4594,0.0094,0.0025,0.0117
LIG,2018-12-17,3.27,3.27,3.27,3.27,0,3.23,3.25,3.29,1.2987,0.7752,-0.4086,0.0,0.0,0.0117
LIG,2018-12-18,3.1,3.27,3.1,3.27,1360,3.24,3.24,3.28,1.0363,0.9056,-0.3577,0.0018,0.0005,0.0084
LIG,2018-12-19,3.19,3.27,3.19,3.27,4900,3.26,3.24,3.28,0.5155,0.9056,-0.3068,0.0076,0.002,0.0091
LIG,2018-12-20,3.19,3.27,3.19,3.27,27200,3.26,3.24,3.28,0.5155,1.0363,-0.3068,0.0414,0.0111,0.012
LIG,2018-12-21,3.19,3.27,3.19,3.19,18300,3.25,3.23,3.28,-1.8089,-1.2988,-2.8631,-0.0191,-0.004,0.0131
LIG,2018-12-24,3.19,3.27,3.19,3.27,13200,3.25,3.23,3.28,0.7752,1.2987,-0.3068,0.0178,0.0052,0.0133
LIG,2018-12-25,3.1,3.27,3.1,3.27,18100,3.26,3.23,3.28,0.5155,1.1674,-0.3577,0.0195,0.006,0.0139
LIG,2018-12-26,3.27,3.27,3.27,3.27,0,3.26,3.24,3.29,0.2571,1.0363,-0.4086,0.0,0.0,0.0139
LIG,2018-12-27,3.27,3.27,3.27,3.27,0,3.26,3.24,3.29,0.2571,1.0363,-0.4086,0.0,0.0,0.0117
LIG,2018-12-28,3.27,3.27,3.27,3.27,0,3.26,3.24,3.29,0.2571,0.9056,-0.4086,0.0,0.0,0.0107
LIG,2019-01-02,3.19,3.27,3.19,3.27,9200,3.26,3.25,3.29,0.2571,0.7752,-0.4086,0.0165,0.0043,0.0124
LIG,2019-01-03,3.19,3.27,3.19,3.27,15200,3.26,3.25,3.28,0.2571,0.6452,-0.3577,0.0169,0.0054,0.0139
LIG,2019-01-04,3.27,3.27,3.27,3.27,0,3.26,3.26,3.28,0.2571,0.3861,-0.3068,0.0,0.0,0.0131
LIG,2019-01-07,3.19,3.19,3.19,3.19,8100,3.26,3.26,3.28,-2.0619,-2.0619,-2.7637,0.0,0.0,0.009
LIG,2019-01-08,3.19,3.27,3.19,3.27,29300,3.26,3.26,3.28,0.2571,0.5155,-0.1536,0.0659,0.0209,0.0137
LIG,2019-01-09,3.19,3.27,3.19,3.27,15500,3.26,3.26,3.28,0.2571,0.5155,-0.1025,0.0237,0.0068,0.0143
LIG,2019-01-10,3.27,3.27,3.19,3.27,4300,3.26,3.26,3.27,0.2571,0.3861,-0.0513,0.0094,0.0028,0.0132
LIG,2019-01-11,3.19,3.27,3.19,3.27,19400,3.26,3.26,3.27,0.2571,0.2571,-0.0513,0.0381,0.0099,0.017
LIG,2019-01-14,3.19,3.27,3.19,3.27,36700,3.26,3.26,3.27,0.2571,0.2571,-0.0,0.0725,0.0222,0.0243
LIG,2019-01-15,3.19,3.27,3.1,3.1,25000,3.25,3.26,3.27,-4.3927,-4.6391,-5.0307,-0.0455,-0.0117,0.0288
LIG,2019-01-16,3.19,3.27,3.1,3.1,68300,3.23,3.25,3.27,-3.896,-4.3927,-4.9331,-0.1399,-0.0355,0.0412
LIG,2019-01-17,3.1,3.19,3.1,3.19,23700,3.22,3.24,3.26,-1.0418,-1.6819,-2.2635,0.0435,0.0132,0.0438
LIG,2019-01-18,3.19,3.27,3.19,3.27,22100,3.22,3.24,3.26,1.5625,0.9056,0.3603,0.0434,0.0129,0.0482
LIG,2019-01-21,3.19,3.27,3.19,3.27,20700,3.23,3.24,3.26,1.2987,0.9056,0.4119,0.0288,0.0095,0.0511
LIG,2019-01-22,3.19,3.27,3.19,3.19,36900,3.22,3.24,3.26,-1.0418,-1.6819,-2.062,-0.0532,-0.0161,0.0498
LIG,2019-01-23,3.19,3.19,3.19,3.19,11900,3.21,3.24,3.25,-0.7834,-1.5545,-1.9609,0.0,0.0,0.0474
LIG,2019-01-24,3.19,3.19,3.19,3.19,5100,3.21,3.23,3.25,-0.5236,-1.4268,-1.8596,0.0,0.0,0.0465
LIG,2019-01-25,3.19,3.27,3.19,3.27,36700,3.21,3.23,3.25,2.0943,1.1673,0.7752,0.0892,0.0222,0.0516
LIG,2019-01-28,3.19,3.27,3.19,3.27,57100,3.21,3.23,3.25,2.0943,1.1673,0.8273,0.1298,0.036,0.0573
LIG,2019-01-29,3.19,3.27,3.19,3.27,48700,3.22,3.23,3.25,1.5625,1.1673,0.8273,0.074,0.0197,0.0602
LIG,2019-01-30,3.19,3.27,3.1,3.27,58500,3.24,3.23,3.25,1.0363,1.1673,0.8273,0.099,0.0297,0.0561
LIG,2019-01-31,3.19,3.27,3.19,3.19,39800,3.24,3.23,3.24,-1.5545,-1.2988,-1.6564,-0.0642,-0.018,0.0582
LIG,2019-02-01,3.19,3.27,3.19,3.27,11900,3.24,3.23,3.24,1.0363,1.2987,0.9317,0.0179,0.0039,0.0556
LIG,2019-02-11,3.19,3.27,3.1,3.27,4000,3.24,3.23,3.24,1.0363,1.1673,0.984,0.0054,0.0015,0.0533
LIG,2019-02-12,3.27,3.36,3.19,3.36,80500,3.26,3.24,3.24,3.0929,3.6271,3.5734,0.0939,0.0311,0.0573
LIG,2019-02-13,3.36,3.44,3.36,3.36,40500,3.27,3.24,3.24,2.5642,3.493,3.5198,-0.0415,-0.0108,0.0615
LIG,2019-02-14,3.36,3.69,3.36,3.69,63400,3.32,3.26,3.25,11.111,13.1105,13.5191,0.0712,0.0207,0.0686
LIG,2019-02-15,3.78,4.03,3.78,4.03,138187,3.4,3.3,3.27,18.5186,21.9823,23.2034,0.2037,0.0589,0.0801
LIG,2019-02-18,4.11,4.11,3.69,3.78,105423,3.45,3.33,3.28,9.4891,13.4931,15.1485,-0.0664,-0.0173,0.0737
LIG,2019-02-19,3.69,3.78,3.44,3.69,104434,3.49,3.36,3.29,5.7692,10.0,12.2449,0.0379,0.0109,0.0701
LIG,2019-02-20,3.61,3.61,3.36,3.36,53000,3.5,3.37,3.29,-4.0767,-0.3735,1.9369,-0.0637,-0.0189,0.0666
LIG,2019-02-21,3.44,3.52,3.44,3.52,19700,3.53,3.39,3.3,-0.2375,4.0892,6.8159,0.0205,0.0044,0.0622
LIG,2019-02-22,3.44,3.61,3.36,3.61,53607,3.57,3.4,3.31,1.1765,6.042,9.0265,0.0532,0.0154,0.0657
LIG,2019-02-25,3.52,3.61,3.52,3.61,26000,3.6,3.42,3.32,0.2332,5.5216,8.8058,0.025,0.0065,0.0677
LIG,2019-02-26,3.52,3.61,3.52,3.61,67800,3.62,3.44,3.32,-0.4629,4.8782,8.586,0.0832,0.0219,0.0666
LIG,2019-02-27,3.61,3.61,3.52,3.61,43752,3.65,3.46,3.33,-1.1494,4.2425,8.3671,0.0506,0.0131,0.0675
LIG,2019-02-28,3.52,3.61,3.52,3.61,17800,3.64,3.48,3.34,-0.9216,3.6145,8.0946,0.0122,0.0029,0.0616
LIG,2019-03-01,3.52,3.52,3.52,3.52,40300,3.59,3.49,3.34,-1.8692,0.8403,5.3688,0.0,0.0,0.0413
LIG,2019-03-04,3.52,3.52,3.36,3.52,74217,3.57,3.51,3.35,-1.1765,0.4784,5.2104,0.0596,0.0162,0.0406
LIG,2019-03-05,3.44,3.52,3.36,3.36,51300,3.53,3.51,3.35,-4.9881,-4.4205,0.1503,-0.0416,-0.0127,0.041
LIG,2019-03-06,3.44,3.44,3.44,3.44,5000,3.54,3.52,3.35,-2.8437,-2.2647,2.5512,0.0,0.0,0.0346
LIG,2019-03-07,3.44,3.52,3.36,3.52,17400,3.54,3.54,3.36,-0.474,-0.3559,4.8951,0.0151,0.0042,0.034
LIG,2019-03-08,3.44,3.44,3.44,3.44,5400,3.52,3.55,3.36,-2.3811,-2.9587,2.2953,0.0,0.0,0.0287
LIG,2019-03-11,3.44,3.44,3.36,3.36,5500,3.5,3.55,3.36,-4.0767,-5.4373,-0.2493,-0.0085,-0.0021,0.0271
LIG,2019-03-12,3.44,3.52,3.44,3.44,37800,3.48,3.55,3.37,-1.2049,-3.1878,2.0915,-0.0314,-0.0082,0.0219
LIG,2019-03-13,3.36,3.52,3.36,3.52,75804,3.47,3.56,3.37,1.4493,-1.0601,4.4257,0.0599,0.0181,0.0228
LIG,2019-03-14,3.44,3.61,3.44,3.61,47100,3.47,3.56,3.38,3.8648,1.4152,6.6999,0.0509,0.0144,0.0267
LIG,2019-03-15,3.61,3.61,3.52,3.52,29200,3.47,3.53,3.39,1.4493,-0.2376,4.0634,-0.026,-0.0073,0.0293
LIG,2019-03-18,3.52,3.69,3.44,3.69,116700,3.49,3.53,3.39,5.7692,4.6372,8.7493,0.1124,0.0333,0.0346
LIG,2019-03-19,3.69,4.03,3.69,3.94,86004,3.55,3.54,3.41,11.1111,11.3743,15.7065,0.0338,0.0118,0.0338
LIG,2019-03-20,4.03,4.03,3.78,3.86,19100,3.59,3.57,3.42,7.4768,8.2354,12.8559,-0.0078,-0.0022,0.0346
LIG,2019-03-21,3.78,3.78,3.61,3.61,34400,3.6,3.57,3.43,0.2332,1.0577,5.289,-0.0235,-0.0068,0.0354
LIG,2019-03-22,3.69,3.69,3.52,3.52,51503,3.61,3.57,3.43,-2.3256,-1.1765,2.6895,-0.0801,-0.0185,0.0434
LIG,2019-03-25,3.52,3.86,3.52,3.86,144750,3.66,3.58,3.45,5.5047,7.8547,12.0313,0.1553,0.0517,0.0581
LIG,2019-03-26,3.86,3.86,3.69,3.86,27260,3.7,3.59,3.46,4.3085,7.4767,11.6506,0.0437,0.0145,0.0593
LIG,2019-03-27,3.78,4.03,3.78,3.86,122500,3.73,3.6,3.47,3.3708,7.1014,11.2725,-0.0763,-0.022,0.061
LIG,2019-03-28,3.78,3.86,3.69,3.78,66400,3.75,3.61,3.48,0.6711,4.5296,8.5384,0.0,0.0,0.0559
LIG,2019-03-29,3.78,3.86,3.69,3.78,75400,3.78,3.62,3.49,-0.0,4.1667,8.2251,0.0,0.0,0.0533
LIG,2019-04-01,3.78,3.78,3.69,3.69,41666,3.78,3.63,3.5,-2.2223,1.6165,5.5661,-0.0617,-0.0156,0.0482
LIG,2019-04-02,3.78,3.78,3.61,3.61,32100,3.74,3.65,3.51,-3.5874,-1.0356,2.8709,-0.043,-0.0117,0.0491
LIG,2019-04-03,3.69,3.69,3.61,3.61,4300,3.72,3.65,3.52,-2.9345,-1.2628,2.5764,-0.0064,-0.0019,0.049
LIG,2019-04-04,3.69,3.69,3.61,3.69,2500,3.73,3.66,3.53,-0.901,0.8017,4.6621,0.0035,0.0011,0.047
LIG,2019-04-05,3.69,3.69,3.69,3.69,300,3.74,3.68,3.54,-1.3454,0.4565,4.4138,0.0,0.0,0.039
LIG,2019-04-08,3.61,3.69,3.52,3.61,42330,3.72,3.69,3.54,-2.9345,-2.1615,1.8476,0.0,0.0,0.0235
LIG,2019-04-09,3.61,3.69,3.61,3.69,28436,3.7,3.7,3.55,-0.2268,-0.2269,3.9205,0.0284,0.007,0.0219
LIG,2019-04-10,3.69,3.78,3.69,3.78,20540,3.69,3.71,3.56,2.2727,1.6949,5.9322,0.0298,0.008,0.0173
LIG,2019-04-11,3.86,3.94,3.86,3.94,37700,3.71,3.73,3.58,6.3348,5.7367,10.1734,0.0625,0.0209,0.0235
LIG,2019-04-12,3.94,3.94,3.86,3.94,65900,3.73,3.75,3.59,5.8558,5.1453,9.7617,0.1113,0.0339,0.0346
LIG,2019-04-16,3.86,3.86,3.78,3.86,50500,3.74,3.76,3.6,3.1391,2.6787,7.0765,0.0794,0.0237,0.0364
LIG,2019-04-17,3.78,3.86,3.69,3.69,63800,3.75,3.75,3.61,-1.5661,-1.4559,2.1829,-0.0612,-0.0178,0.0382
LIG,2019-04-18,3.78,3.86,3.69,3.78,99100,3.77,3.74,3.62,0.2228,0.8969,4.2149,0.0,0.0,0.0376
LIG,2019-04-19,3.78,3.94,3.78,3.94,65800,3.79,3.76,3.64,3.9823,4.9106,8.3948,0.1464,0.0491,0.0519
LIG,2019-04-22,3.86,4.03,3.86,3.94,90800,3.82,3.78,3.65,3.2967,4.3285,7.9962,-0.0,-0.0,0.0519
LIG,2019-04-23,3.94,3.94,3.86,3.86,50596,3.84,3.78,3.66,0.4368,2.1089,5.3597,-0.1006,-0.0276,0.062
LIG,2019-04-24,3.86,3.86,3.86,3.86,1100,3.86,3.78,3.67,0.0001,2.1089,5.0709,0.0,0.0,0.0591
LIG,2019-04-25,3.86,4.2,3.86,4.11,102115,3.89,3.79,3.69,5.6036,8.4072,11.4651,0.0978,0.0346,0.0659
LIG,2019-04-26,4.11,4.36,4.11,4.36,60400,3.94,3.82,3.7,10.8741,14.1601,17.8602,0.0997,0.0306,0.0696
LIG,2019-05-02,4.36,4.36,4.11,4.36,61400,3.98,3.85,3.71,9.7045,13.2897,17.6469,0.0928,0.0277,0.0678
LIG,2019-05-03,4.2,4.36,4.2,4.28,26600,4.02,3.88,3.72,6.4719,10.2703,15.0722,0.0,0.0,0.0598
LIG,2019-05-06,4.28,4.36,4.11,4.28,94700,4.08,3.91,3.73,4.9383,9.3248,14.7099,0.047,0.0169,0.0584
LIG,2019-05-07,4.28,4.36,4.28,4.36,30500,4.14,3.95,3.75,5.4766,10.4033,16.331,0.0521,0.0192,0.0636
LIG,2019-05-08,4.28,4.28,4.2,4.28,39500,4.17,3.98,3.77,2.6157,7.4816,13.6364,0.0551,0.0215,0.0545
LIG,2019-05-09,4.28,4.28,4.28,4.28,21800,4.2,4.01,3.78,1.7964,6.6946,13.2327,0.0,0.0,0.0545
LIG,2019-05-10,4.36,4.61,4.28,4.53,68400,4.27,4.06,3.8,6.0904,11.6857,19.3107,0.0611,0.025,0.0506
LIG,2019-05-13,4.53,4.61,4.36,4.61,127100,4.35,4.1,3.82,6.1775,12.4743,20.879,0.1869,0.0621,0.0693
LIG,2019-05-14,4.61,4.87,4.36,4.45,178230,4.38,4.14,3.83,1.5326,7.5051,15.9737,-0.1397,-0.0469,0.0735
LIG,2019-05-15,4.45,4.7,4.45,4.7,121750,4.41,4.17,3.86,6.4639,12.5628,21.8451,0.1464,0.0533,0.0781
LIG,2019-05-16,4.7,4.7,4.53,4.61,48400,4.44,4.21,3.88,3.9697,9.6709,18.996,-0.0,-0.0,0.0688
LIG,2019-05-17,4.61,4.61,4.36,4.45,45200,4.46,4.24,3.9,-0.1883,4.9505,14.1257,-0.0215,-0.0074,0.071
LIG,2019-05-20,4.45,4.53,4.36,4.45,112500,4.47,4.28,3.92,-0.5629,4.0235,13.4903,0.0,0.0,0.0663
LIG,2019-05-21,4.45,4.53,4.28,4.36,128300,4.47,4.3,3.94,-2.4391,1.3644,10.8268,-0.0653,-0.0197,0.0676
LIG,2019-05-22,4.28,4.36,4.11,4.28,270700,4.47,4.32,3.95,-4.3151,-0.9708,8.2803,0.1244,0.0407,0.0745
LIG,2019-05-23,4.2,4.28,4.11,4.2,144100,4.46,4.33,3.97,-6.015,-3.1946,5.7529,-0.0,-0.0,0.0745
LIG,2019-05-24,4.28,4.28,4.11,4.2,48200,4.43,4.35,3.98,-5.303,-3.568,5.3075,-0.0,-0.0,0.0684
LIG,2019-05-27,4.2,4.2,4.03,4.03,170100,4.37,4.36,4.0,-7.8694,-7.6034,0.798,-0.4305,-0.1197,0.0928
LIG,2019-05-28,4.03,4.28,3.94,4.28,57600,4.35,4.37,4.01,-1.734,-2.0172,6.6946,0.0916,0.0228,0.088
LIG,2019-05-29,4.2,4.28,4.2,4.28,89000,4.31,4.36,4.02,-0.7782,-1.923,6.3387,0.1293,0.0402,0.0863
LIG,2019-05-30,4.28,4.28,4.11,4.11,90900,4.26,4.35,4.04,-3.5432,-5.4965,1.8712,-0.1337,-0.0443,0.0996
LIG,2019-05-31,4.11,4.2,4.11,4.11,107330,4.23,4.34,4.04,-2.7777,-5.3139,1.6599,-0.1358,-0.0422,0.1111
LIG,2019-06-03,4.11,4.2,4.11,4.2,7100,4.2,4.34,4.05,-0.1997,-3.2882,3.6054,0.008,0.0027,0.1119
LIG,2019-06-04,4.11,4.11,4.11,4.11,17400,4.18,4.33,4.05,-1.6063,-4.9466,1.4074,0.0,0.0,0.1053
LIG,2019-06-05,4.03,4.03,3.94,4.03,109900,4.15,4.31,4.06,-3.0303,-6.6148,-0.8674,0.2017,0.0705,0.1131
LIG,2019-06-06,4.03,4.03,3.86,3.86,116400,4.12,4.29,4.07,-6.3136,-10.0683,-5.1545,-0.2242,-0.0694,0.1355
LIG,2019-06-07,3.94,4.03,3.86,3.94,46100,4.09,4.26,4.07,-3.6886,-7.4804,-3.1328,-0.0,-0.0,0.1355
LIG,2019-06-10,3.94,3.94,3.94,3.94,7500,4.09,4.23,4.07,-3.4909,-6.7461,-3.1727,0.0,0.0,0.0924
LIG,2019-06-11,3.94,4.28,3.94,4.2,97700,4.08,4.22,4.08,2.8806,-0.4976,2.8383,0.1184,0.0339,0.0951
LIG,2019-06-12,4.28,4.28,4.2,4.2,69910,4.07,4.19,4.09,3.0927,0.1001,2.6272,-0.1293,-0.0407,0.0951
LIG,2019-06-13,4.2,4.28,4.11,4.11,84000,4.07,4.17,4.09,1.031,-1.3091,0.41,-0.1781,-0.0512,0.0995
LIG,2019-06-14,4.11,4.2,4.03,4.2,42100,4.08,4.15,4.1,2.8806,1.01,2.2076,0.0902,0.0277,0.095
LIG,2019-06-17,4.2,4.2,4.03,4.11,41600,4.07,4.14,4.11,1.031,-0.6084,-0.0815,0.0,0.0,0.0942
LIG,2019-06-18,4.11,4.2,4.11,4.2,11850,4.08,4.13,4.13,2.8806,1.626,1.6673,0.0197,0.0055,0.0962
LIG,2019-06-19,4.2,4.2,4.11,4.11,61500,4.09,4.12,4.13,0.6161,-0.2036,-0.5681,-0.1151,-0.0377,0.0875
LIG,2019-06-20,4.11,4.11,4.03,4.11,45300,4.11,4.12,4.14,0.0001,-0.1019,-0.7694,0.0545,0.0175,0.0705
LIG,2019-06-21,4.11,4.28,4.03,4.2,164650,4.14,4.12,4.16,1.4198,1.9367,0.9693,0.0588,0.0149,0.0764
LIG,2019-06-24,4.2,4.28,4.2,4.28,68600,4.17,4.13,4.17,2.6157,3.6585,2.6984,0.1264,0.0413,0.089
LIG,2019-06-25,4.2,4.28,4.11,4.28,65600,4.18,4.13,4.18,2.4096,3.6585,2.4508,0.1118,0.0372,0.0884
LIG,2019-06-26,4.2,4.2,4.11,4.11,55600,4.17,4.12,4.18,-1.4084,-0.2036,-1.6458,-0.0813,-0.0288,0.0836
LIG,2019-06-27,4.11,4.11,4.11,4.11,33800,4.17,4.12,4.18,-1.4084,-0.2036,-1.7247,0.0,0.0,0.0658
LIG,2019-06-28,4.11,4.2,4.03,4.2,66000,4.17,4.12,4.19,0.6035,1.7293,0.1201,0.0855,0.0243,0.0653
LIG,2019-07-01,4.2,4.2,4.2,4.2,5800,4.18,4.12,4.2,0.4015,1.7293,-0.1199,0.0,0.0,0.0653
LIG,2019-07-02,4.2,4.2,4.11,4.2,29400,4.18,4.13,4.21,0.4015,1.626,-0.319,0.0506,0.0156,0.0684
LIG,2019-07-03,4.2,4.2,4.03,4.11,95121,4.18,4.13,4.21,-1.6063,-0.5075,-2.3903,0.0,0.0,0.0569
LIG,2019-07-04,4.03,4.2,4.03,4.03,50363,4.17,4.14,4.21,-3.4205,-2.7356,-4.4205,-0.0775,-0.0197,0.0592
LIG,2019-07-05,4.03,4.03,3.94,3.94,92610,4.14,4.14,4.22,-4.8584,-4.762,-6.4491,-0.1688,-0.0457,0.0702
LIG,2019-07-08,3.94,3.94,3.94,3.94,41700,4.11,4.14,4.22,-4.0817,-4.762,-6.4863,0.0,0.0,0.0576
LIG,2019-07-09,3.94,3.94,3.94,3.94,5900,4.08,4.13,4.21,-3.2922,-4.4716,-6.4119,0.0,0.0,0.0464
LIG,2019-07-10,3.94,4.03,3.94,3.94,8900,4.06,4.12,4.21,-2.8926,-4.1795,-6.2251,-0.0134,-0.0036,0.0396
LIG,2019-07-11,3.94,4.03,3.94,4.03,2200,4.05,4.11,4.2,-0.6211,-2.0408,-4.0767,0.0033,0.0009,0.0399
LIG,2019-07-12,4.03,4.11,4.03,4.03,41100,4.04,4.1,4.19,-0.2079,-1.8405,-3.9616,-0.0531,-0.0155,0.0367
LIG,2019-07-15,4.03,4.03,3.94,3.94,13610,4.01,4.09,4.19,-1.6737,-3.6886,-5.8117,-0.0237,-0.007,0.039
LIG,2019-07-16,4.03,4.03,3.94,3.94,2300,3.99,4.08,4.18,-1.0527,-3.3916,-5.6226,-0.003,-0.0008,0.0343
LIG,2019-07-17,4.03,4.03,4.03,4.03,3000,3.98,4.08,4.17,1.2659,-1.2345,-3.4982,0.0,0.0,0.0343
LIG,2019-07-18,4.03,4.03,4.03,4.03,5400,3.98,4.07,4.17,1.2659,-1.1328,-3.3816,0.0,0.0,0.0265
LIG,2019-07-19,3.94,4.03,3.94,4.03,17940,3.99,4.07,4.16,1.0527,-0.9288,-3.1477,0.0195,0.0054,0.0116
LIG,2019-07-22,3.94,3.94,3.94,3.94,26000,3.99,4.05,4.14,-1.0527,-2.5907,-4.8584,0.0,0.0,0.0116
LIG,2019-07-23,3.94,4.03,3.94,4.03,1300,3.99,4.04,4.14,0.8404,-0.2079,-2.6369,0.0017,0.0005,0.0118
LIG,2019-07-24,3.94,3.94,3.94,3.94,11100,3.99,4.03,4.12,-1.2606,-2.0834,-4.316,0.0,0.0,0.0104
LIG,2019-07-25,3.94,3.94,3.78,3.78,36400,3.97,4.01,4.1,-4.8626,-5.8577,-8.0131,-0.0456,-0.0134,0.0147
LIG,2019-07-26,3.86,4.03,3.86,3.94,40100,3.96,4.0,4.09,-0.4238,-1.3642,-3.6886,-0.0,-0.0,0.0094
LIG,2019-07-29,4.03,4.03,3.86,3.94,63800,3.96,3.99,4.08,-0.4238,-1.0527,-3.4512,-0.0,-0.0,0.007
LIG,2019-07-30,3.86,3.86,3.78,3.78,34800,3.94,3.96,4.07,-4.2553,-4.7619,-7.293,-0.0371,-0.0097,0.0104
LIG,2019-07-31,3.78,3.94,3.69,3.78,167300,3.92,3.95,4.06,-3.6402,-4.357,-7.0632,-0.0727,-0.0206,0.0177
LIG,2019-08-01,3.69,3.69,3.69,3.69,63500,3.88,3.93,4.05,-4.9677,-6.0833,-8.9028,0.0,0.0,0.0177
LIG,2019-08-02,3.78,3.94,3.69,3.69,131700,3.85,3.92,4.04,-4.1395,-5.7816,-8.6759,-0.1746,-0.0417,0.0332
LIG,2019-08-05,3.86,3.86,3.78,3.78,37000,3.83,3.91,4.04,-1.5317,-3.4334,-6.4838,-0.0451,-0.0107,0.0377
LIG,2019-08-06,3.78,3.86,3.78,3.78,39800,3.81,3.9,4.03,-0.881,-3.2258,-6.25,-0.0525,-0.0134,0.0428
LIG,2019-08-07,3.86,3.86,3.69,3.78,18400,3.79,3.89,4.02,-0.4424,-3.0172,-6.015,0.0,0.0,0.0428
LIG,2019-08-08,3.69,3.69,3.69,3.69,19490,3.78,3.88,4.01,-2.4391,-4.762,-7.9113,0.0,0.0,0.0382
LIG,2019-08-09,3.69,3.78,3.61,3.69,21300,3.76,3.86,4.0,-1.7858,-4.3479,-7.7182,-0.0,-0.0,0.0382
LIG,2019-08-12,3.69,3.69,3.61,3.69,31800,3.73,3.85,3.99,-1.1236,-4.035,-7.4854,0.0566,0.0152,0.0439
LIG,2019-08-13,3.61,3.69,3.61,3.61,69100,3.72,3.83,3.98,-2.9344,-5.8049,-9.3591,-0.1073,-0.0277,0.0509
LIG,2019-08-14,3.61,3.78,3.61,3.69,12000,3.71,3.81,3.97,-0.4525,-3.1904,-7.0947,-0.0,-0.0,0.0436
LIG,2019-08-15,3.69,3.69,3.52,3.52,15900,3.69,3.79,3.97,-4.5454,-6.9767,-11.1675,-0.0185,-0.0049,0.0455
LIG,2019-08-16,3.61,3.78,3.61,3.78,107650,3.7,3.78,3.96,2.0408,0.0,-4.7417,0.1491,0.0352,0.0429
LIG,2019-08-19,3.86,3.94,3.86,3.86,21620,3.71,3.77,3.96,4.0725,2.3361,-2.5835,-0.0411,-0.0126,0.0425
LIG,2019-08-20,3.78,3.86,3.78,3.86,51200,3.72,3.76,3.96,3.8376,2.5642,-2.4182,0.0739,0.0233,0.0447
LIG,2019-08-21,3.78,3.78,3.69,3.78,115000,3.72,3.75,3.95,1.5801,0.5587,-4.3367,0.1366,0.0407,0.0583
LIG,2019-08-22,3.78,3.86,3.78,3.86,3689,3.73,3.76,3.94,3.3709,2.6787,-2.0859,0.0053,0.0014,0.0588
LIG,2019-08-23,3.78,3.78,3.69,3.78,22300,3.74,3.75,3.93,0.8968,0.6712,-4.0102,0.0332,0.0086,0.0622
LIG,2019-08-26,3.69,3.86,3.69,3.86,137800,3.76,3.75,3.93,2.6786,3.0236,-1.7513,0.1631,0.0558,0.0728
LIG,2019-08-27,3.78,3.94,3.78,3.94,136812,3.79,3.75,3.92,3.9822,5.0279,0.5132,0.1567,0.0473,0.0778
LIG,2019-08-28,3.86,4.28,3.78,4.28,803875,3.85,3.78,3.93,11.1111,13.2076,8.9744,1.3218,0.4698,0.2099
LIG,2019-08-29,4.36,4.7,4.36,4.45,352298,3.94,3.82,3.93,12.7659,16.4835,13.0546,-0.2995,-0.1056,0.238
LIG,2019-08-30,4.53,4.53,4.2,4.28,86500,3.99,3.85,3.94,7.1429,11.2323,8.7421,-0.0638,-0.0217,0.2295
LIG,2019-09-03,4.11,4.36,4.03,4.36,442610,4.04,3.88,3.94,7.8837,12.554,10.8268,0.565,0.2085,0.2819
LIG,2019-09-04,4.2,4.36,3.94,3.94,648562,4.05,3.88,3.93,-2.6916,1.5118,0.3415,-0.9075,-0.3015,0.3653
LIG,2019-09-05,3.94,4.03,3.78,3.94,151900,4.07,3.89,3.93,-3.0928,1.293,0.4273,0.0982,0.0316,0.3614
LIG,2019-09-06,3.86,3.94,3.78,3.78,192510,4.06,3.9,3.92,-7.0248,-3.1216,-3.6815,-0.3624,-0.1186,0.3971
LIG,2019-09-09,3.78,4.03,3.69,3.94,371500,4.08,3.91,3.92,-3.2922,0.8583,0.7286,0.3601,0.0985,0.4298
LIG,2019-09-10,3.94,3.94,3.78,3.78,216300,4.07,3.91,3.91,-7.2165,-3.537,-3.3505,-0.3251,-0.0945,0.446
LIG,2019-09-11,3.86,3.86,3.78,3.78,256800,4.05,3.92,3.9,-6.8323,-3.7433,-3.1425,-0.4656,-0.1252,0.4769
LIG,2019-09-12,3.78,3.86,3.78,3.86,4600,4.01,3.93,3.89,-3.7656,-1.8142,-0.862,0.0063,0.0019,0.3454
LIG,2019-09-13,3.86,3.86,3.78,3.78,36590,3.94,3.94,3.89,-4.2553,-4.2553,-2.8916,-0.0516,-0.0153,0.3206
LIG,2019-09-16,3.78,3.86,3.78,3.86,7000,3.9,3.95,3.89,-1.0752,-2.2316,-0.6907,0.0092,0.0027,0.3151
LIG,2019-09-17,3.86,3.86,3.78,3.78,44600,3.84,3.94,3.88,-1.7467,-4.2553,-2.7658,-0.0619,-0.0171,0.2648
LIG,2019-09-18,3.78,3.78,3.69,3.78,17150,3.83,3.94,3.88,-1.3158,-4.1534,-2.6816,0.023,0.0065,0.1763
LIG,2019-09-19,3.78,3.86,3.78,3.86,167100,3.82,3.94,3.88,1.099,-2.1276,-0.4759,0.1961,0.0704,0.1861
LIG,2019-09-20,3.86,3.94,3.86,3.94,29900,3.83,3.95,3.88,2.8446,-0.1063,1.7315,0.0302,0.0059,0.1529
LIG,2019-09-23,3.94,3.94,3.78,3.86,18400,3.83,3.95,3.87,0.8773,-2.3354,-0.3465,0.0,0.0,0.1169
LIG,2019-09-24,3.86,3.86,3.78,3.86,40100,3.83,3.95,3.87,0.6565,-2.3354,-0.3033,0.069,0.0218,0.0913
LIG,2019-09-25,3.78,3.86,3.69,3.78,77900,3.83,3.94,3.87,-1.5318,-4.2553,-2.3861,0.0,0.0,0.0447
LIG,2019-09-26,3.78,3.86,3.69,3.86,225000,3.83,3.92,3.86,0.6565,-1.6042,-0.1302,0.2731,0.0858,0.0714
LIG,2019-09-27,3.86,3.86,3.78,3.86,11000,3.84,3.89,3.86,0.4367,-0.862,-0.0434,0.0142,0.0043,0.0677
LIG,2019-09-30,3.78,3.86,3.69,3.78,195200,3.83,3.87,3.86,-1.5318,-2.3861,-2.0888,0.0,0.0,0.0668
LIG,2019-10-01,3.78,3.78,3.69,3.78,138300,3.83,3.84,3.85,-1.5318,-1.6394,-2.0035,0.1681,0.0555,0.0774
LIG,2019-10-02,3.78,3.78,3.69,3.78,65500,3.83,3.83,3.85,-1.5318,-1.4239,-1.8753,0.0908,0.0258,0.0841
LIG,2019-10-03,3.78,3.78,3.69,3.78,51800,3.83,3.82,3.84,-1.3158,-1.2075,-1.7896,0.0571,0.0171,0.0702
LIG,2019-10-04,3.78,3.78,3.69,3.69,53400,3.8,3.82,3.84,-2.8699,-3.2968,-3.9302,-0.0628,-0.0183,0.0735
LIG,2019-10-07,3.69,3.78,3.69,3.78,58600,3.79,3.81,3.84,-0.4425,-0.8811,-1.6608,0.0731,0.0216,0.0808
LIG,2019-10-08,3.78,3.78,3.69,3.78,41500,3.78,3.81,3.84,-0.2217,-0.8811,-1.5748,0.0494,0.0159,0.0789
LIG,2019-10-09,3.69,3.78,3.69,3.78,13902,3.78,3.81,3.84,-0.2217,-0.8811,-1.5748,0.0192,0.0062,0.0808
LIG,2019-10-10,3.69,3.78,3.69,3.69,45000,3.77,3.8,3.83,-2.0045,-2.8699,-3.72,-0.0694,-0.0201,0.0604
LIG,2019-10-11,3.78,3.78,3.61,3.78,9010,3.76,3.8,3.84,0.4464,-0.6623,-1.5748,0.0157,0.0041,0.0606
LIG,2019-10-14,3.69,3.69,3.69,3.69,57500,3.75,3.79,3.84,-1.5661,-2.655,-3.7621,0.0,0.0,0.0606
LIG,2019-10-15,3.69,3.69,3.61,3.61,57900,3.73,3.78,3.83,-3.3707,-4.6563,-5.8668,-0.1,-0.031,0.0538
LIG,2019-10-16,3.61,3.78,3.52,3.78,215650,3.73,3.78,3.83,1.1236,-0.2217,-1.4886,0.37,0.1068,0.0817
LIG,2019-10-17,3.69,3.78,3.69,3.78,101560,3.73,3.78,3.83,1.1236,-0.111,-1.4886,0.1711,0.0456,0.0931
LIG,2019-10-18,3.78,3.78,3.61,3.69,44100,3.73,3.77,3.83,-1.1237,-2.0046,-3.6779,-0.0,-0.0,0.0868
LIG,2019-10-21,3.61,3.69,3.61,3.69,59000,3.73,3.76,3.83,-0.901,-1.7858,-3.6779,0.0877,0.0308,0.0883
LIG,2019-10-22,3.61,3.61,3.61,3.61,3602,3.71,3.75,3.83,-2.7148,-3.6953,-5.8256,0.0,0.0,0.0833
LIG,2019-10-23,3.61,3.78,3.52,3.61,92210,3.69,3.74,3.83,-2.2726,-3.4792,-5.8256,-0.0496,-0.0164,0.0864
LIG,2019-10-24,3.61,3.69,3.52,3.61,81110,3.68,3.73,3.83,-2.05,-3.1531,-5.7843,0.0,0.0,0.0794
LIG,2019-10-25,3.52,3.69,3.44,3.61,201207,3.67,3.71,3.83,-1.6018,-2.8248,-5.8256,0.1229,0.0345,0.0901
LIG,2019-10-28,3.52,3.52,3.44,3.44,103875,3.64,3.7,3.82,-5.5301,-6.9241,-10.0484,-0.1807,-0.0508,0.1082
LIG,2019-10-29,3.44,3.44,3.36,3.36,70500,3.62,3.68,3.81,-7.1925,-8.6757,-12.0105,-0.1169,-0.0327,0.1099
LIG,2019-10-30,3.27,3.44,3.27,3.44,47300,3.58,3.66,3.81,-3.9814,-5.9634,-9.6121,0.0795,0.0198,0.0808
LIG,2019-10-31,3.36,3.44,3.36,3.36,68700,3.54,3.64,3.8,-5.2132,-7.7277,-11.6217,-0.0937,-0.0265,0.0731
LIG,2019-11-01,3.44,3.61,3.36,3.44,172500,3.52,3.62,3.79,-2.1481,-5.0927,-9.2118,-0.0731,-0.0144,0.0804
LIG,2019-11-04,3.44,3.61,3.44,3.44,59400,3.49,3.61,3.78,-1.4424,-4.6513,-9.0507,-0.0661,-0.0177,0.0782
LIG,2019-11-05,3.36,3.44,3.36,3.44,91600,3.47,3.59,3.77,-0.9663,-4.2057,-8.8485,0.1262,0.0283,0.0909
LIG,2019-11-06,3.36,3.44,3.36,3.44,64410,3.46,3.57,3.76,-0.4855,-3.756,-8.6047,0.0925,0.0241,0.0952
LIG,2019-11-07,3.44,3.69,3.36,3.52,271000,3.45,3.57,3.75,2.1898,-1.1765,-5.9982,0.0,0.0,0.0952
LIG,2019-11-08,3.52,3.69,3.44,3.44,179700,3.43,3.55,3.73,0.2445,-3.0734,-7.7409,-0.2776,-0.0734,0.1106
LIG,2019-11-11,3.44,3.44,3.44,3.44,101300,3.43,3.54,3.71,0.2445,-2.7284,-7.3238,-0.1425,-0.0423,0.1068
LIG,2019-11-12,3.44,3.69,3.44,3.69,193200,3.47,3.54,3.7,6.5375,4.2653,-0.1816,0.2352,0.0731,0.1186
LIG,2019-11-13,3.69,3.69,3.44,3.44,10400,3.47,3.52,3.69,-0.7264,-2.381,-6.7335,-0.0123,-0.0035,0.1119
LIG,2019-11-14,3.44,3.61,3.44,3.52,193800,3.48,3.51,3.68,1.2049,0.3585,-4.2408,0.0,0.0,0.1026
LIG,2019-11-15,3.52,3.61,3.52,3.61,6500,3.5,3.51,3.68,3.1177,2.8709,-1.8712,0.0098,0.0036,0.0962
LIG,2019-11-18,3.52,3.61,3.52,3.61,168500,3.52,3.5,3.67,2.6254,2.9941,-1.6917,0.2593,0.0693,0.1156
LIG,2019-11-19,3.61,3.61,3.52,3.52,204000,3.52,3.5,3.67,0.0,0.7194,-3.8462,-0.3642,-0.0841,0.1393
LIG,2019-11-20,3.52,3.61,3.44,3.61,84600,3.54,3.5,3.66,1.8958,3.1176,-1.4665,0.1372,0.0399,0.1438
LIG,2019-11-21,3.61,3.69,3.61,3.61,239200,3.55,3.5,3.66,1.6549,3.1176,-1.3308,-0.3207,-0.0717,0.1759
LIG,2019-11-22,3.69,3.69,3.52,3.61,111100,3.57,3.5,3.65,1.1765,3.1176,-1.2402,0.0,0.0,0.1481
LIG,2019-11-25,3.52,3.69,3.52,3.69,216500,3.59,3.51,3.65,2.8036,5.1373,1.1493,0.3898,0.106,0.1729
LIG,2019-11-26,3.61,3.61,3.61,3.61,102000,3.58,3.52,3.65,0.7026,2.3811,-1.0584,0.0,0.0,0.1493
LIG,2019-11-27,3.52,3.61,3.52,3.52,88000,3.59,3.53,3.64,-1.8692,-0.1189,-3.2258,-0.1532,-0.0429,0.1634
LIG,2019-11-28,3.52,3.52,3.52,3.52,38300,3.59,3.54,3.63,-1.8692,-0.3559,-3.0471,0.0,0.0,0.1634
LIG,2019-11-29,3.61,3.61,3.61,3.61,64600,3.59,3.55,3.63,0.4673,1.7753,-0.555,0.0,0.0,0.1624
LIG,2019-12-02,3.52,3.61,3.52,3.61,30500,3.59,3.55,3.62,0.4673,1.5349,-0.4168,0.0365,0.0097,0.1402
LIG,2019-12-03,3.52,3.61,3.52,3.61,11900,3.6,3.56,3.62,0.2331,1.2957,-0.2782,0.018,0.0043,0.1055
LIG,2019-12-04,3.52,3.61,3.52,3.61,97700,3.6,3.57,3.61,0.2331,1.0577,-0.1856,0.1526,0.0398,0.1071
LIG,2019-12-05,3.61,3.61,3.52,3.52,54200,3.59,3.57,3.61,-1.8692,-1.2926,-2.3256,-0.1182,-0.0246,0.0868
LIG,2019-12-06,3.52,3.61,3.52,3.61,73300,3.59,3.58,3.6,0.4673,0.8207,0.1398,0.1469,0.0381,0.1015
LIG,2019-12-09,3.61,3.61,3.44,3.52,185250,3.57,3.58,3.6,-1.4085,-1.6394,-2.0522,0.0,0.0,0.0625
LIG,2019-12-10,3.44,3.52,3.36,3.44,467130,3.56,3.57,3.59,-3.302,-3.6429,-4.2057,-0.0001,-0.0,0.0626
LIG,2019-12-11,3.44,3.61,3.44,3.52,63500,3.56,3.57,3.59,-0.9434,-1.4085,-1.7314,0.0,0.0,0.0472
LIG,2019-12-12,3.44,3.52,3.44,3.44,123600,3.55,3.57,3.58,-3.0734,-3.6429,-3.8913,-0.2166,-0.0548,0.0689
LIG,2019-12-13,3.44,3.44,3.36,3.44,24330,3.53,3.56,3.57,-2.6129,-3.4159,-3.756,0.0353,0.01,0.0724
LIG,2019-12-16,3.44,3.52,3.36,3.44,127700,3.52,3.55,3.57,-2.1481,-3.1878,-3.5749,-0.0,-0.0,0.0688
LIG,2019-12-17,3.44,3.44,3.36,3.44,88910,3.5,3.55,3.56,-1.6787,-3.0734,-3.3931,0.1092,0.0407,0.0779
LIG,2019-12-18,3.44,3.44,3.44,3.44,5620,3.48,3.54,3.55,-1.2049,-2.8437,-3.2107,0.0,0.0,0.0626
LIG,2019-12-19,3.44,3.52,3.44,3.52,49200,3.48,3.54,3.55,1.2049,-0.3559,-0.7561,0.0882,0.0267,0.0596
LIG,2019-12-20,3.44,3.52,3.44,3.52,73100,3.47,3.53,3.55,1.4493,-0.2375,-0.6152,0.1035,0.0297,0.0553
LIG,2019-12-23,3.44,3.52,3.44,3.44,100800,3.47,3.52,3.54,-0.7264,-2.2647,-2.8437,-0.1244,-0.0328,0.0677
LIG,2019-12-24,3.44,3.44,3.44,3.44,20500,3.47,3.51,3.54,-0.7264,-2.0312,-2.7515,0.0,0.0,0.0677
LIG,2019-12-25,3.44,3.44,3.44,3.44,17341,3.46,3.51,3.53,-0.4855,-1.914,-2.5666,0.0,0.0,0.0677
LIG,2019-12-26,3.44,3.44,3.36,3.44,90152,3.46,3.5,3.52,-0.4855,-1.7965,-2.381,0.1514,0.0505,0.0612
LIG,2019-12-27,3.44,3.44,3.36,3.44,71200,3.46,3.49,3.52,-0.4855,-1.5607,-2.2414,0.1151,0.0373,0.0692
LIG,2019-12-30,3.44,3.78,3.44,3.69,200220,3.48,3.5,3.52,6.0241,5.5156,4.9117,0.1394,0.0402,0.0831
LIG,2019-12-31,3.78,3.78,3.52,3.69,46400,3.51,3.5,3.52,5.2632,5.3892,4.8617,0.0266,0.0082,0.0749
LIG,2020-01-02,3.61,3.61,3.52,3.61,44700,3.52,3.5,3.52,2.3811,2.9942,2.4787,0.0723,0.0246,0.0821
LIG,2020-01-03,3.61,3.61,3.44,3.61,84800,3.53,3.51,3.52,2.1379,2.871,2.4787,0.124,0.0395,0.0857
LIG,2020-01-06,3.61,3.61,3.44,3.44,12500,3.52,3.5,3.52,-2.381,-1.6787,-2.1947,-0.0203,-0.0057,0.0773
LIG,2020-01-07,3.44,3.78,3.36,3.69,249850,3.55,3.51,3.52,4.0189,5.2631,4.8118,0.275,0.0878,0.0924
LIG,2020-01-08,3.61,3.61,3.44,3.44,98600,3.55,3.51,3.52,-3.0733,-1.9139,-2.381,-0.1115,-0.0372,0.1035
LIG,2020-01-09,3.44,3.61,3.44,3.61,216522,3.57,3.51,3.53,1.1766,2.7481,2.2837,0.3637,0.1079,0.1399
LIG,2020-01-10,3.61,3.61,3.52,3.61,20900,3.58,3.52,3.53,0.7027,2.5031,2.1379,0.0242,0.0081,0.1272
LIG,2020-01-13,3.52,3.52,3.44,3.44,48200,3.58,3.52,3.53,-3.9814,-2.2647,-2.6129,-0.0852,-0.0267,0.1242
LIG,2020-01-14,3.44,3.52,3.36,3.52,75700,3.57,3.52,3.53,-1.1765,0.0,-0.2849,0.1223,0.0379,0.1225
LIG,2020-01-15,3.81,3.81,3.24,3.52,125000,3.55,3.53,3.54,-0.714,-0.124,-0.3375,0.0,0.0,0.1198
LIG,2020-01-16,3.52,3.62,3.43,3.43,13900,3.53,3.53,3.54,-2.9068,-2.8075,-3.0247,-0.0194,-0.0062,0.1146
LIG,2020-01-17,3.43,3.52,3.43,3.52,183200,3.52,3.53,3.54,0.0284,-0.1074,-0.3309,0.3153,0.0858,0.1337
LIG,2020-01-20,3.43,3.52,3.43,3.43,32700,3.52,3.52,3.54,-2.6432,-2.6756,-3.0183,-0.0587,-0.0166,0.1375
LIG,2020-01-21,3.43,3.52,3.33,3.52,11900,3.5,3.53,3.54,0.5408,-0.0908,-0.3716,0.0148,0.0045,0.1115
LIG,2020-01-22,3.43,3.52,3.24,3.52,144900,3.51,3.53,3.53,0.3012,-0.2093,-0.2768,0.2035,0.0602,0.1207
LIG,2020-01-30,3.43,3.43,3.24,3.24,163700,3.48,3.52,3.53,-6.8508,-8.0374,-8.2576,-0.1716,-0.0443,0.1015
LIG,2020-01-31,3.33,3.33,3.05,3.14,573300,3.43,3.51,3.52,-8.3646,-10.3638,-10.7632,-0.1178,-0.0326,0.1109
LIG,2020-02-03,3.05,3.05,2.86,3.05,185800,3.39,3.49,3.51,-10.1129,-12.5909,-13.1911,0.1204,0.0357,0.1144
LIG,2020-02-04,2.95,3.05,2.95,3.05,54600,3.34,3.45,3.5,-8.8319,-11.7758,-12.9132,0.0486,0.0141,0.107
LIG,2020-02-05,3.05,3.14,3.05,3.05,29100,3.3,3.42,3.49,-7.5145,-10.9455,-12.6754,-0.0339,-0.0091,0.1104
LIG,2020-02-06,3.05,3.24,2.95,3.24,137950,3.28,3.4,3.48,-1.1628,-4.8656,-7.0206,0.1027,0.0281,0.1187
LIG,2020-02-07,3.14,3.43,3.14,3.33,163200,3.26,3.39,3.48,2.3392,-1.6709,-4.1347,0.0579,0.0167,0.093
LIG,2020-02-10,3.24,3.33,3.24,3.24,72200,3.24,3.38,3.47,0.0,-4.1948,-6.6752,-0.1216,-0.0373,0.0993
LIG,2020-02-11,3.24,3.33,3.24,3.33,13000,3.22,3.36,3.46,3.5503,-0.8513,-3.7315,0.014,0.0043,0.0992
LIG,2020-02-12,3.24,3.43,3.14,3.43,163400,3.21,3.36,3.46,6.8249,1.999,-0.8782,0.1768,0.0553,0.0965
LIG,2020-02-13,3.24,3.43,3.24,3.33,61000,3.22,3.35,3.46,3.5503,-0.4276,-3.5253,0.0,0.0,0.0794
LIG,2020-02-14,3.33,3.43,3.24,3.43,67650,3.25,3.34,3.45,5.5718,2.6924,-0.714,0.105,0.0318,0.0781
LIG,2020-02-17,3.33,3.33,3.33,3.33,36400,3.28,3.33,3.45,1.7442,-0.0003,-3.3182,0.0589,0.0168,0.0719
LIG,2020-02-18,3.24,3.24,3.05,3.05,363240,3.28,3.31,3.44,-6.9767,-7.9137,-11.317,-0.4883,-0.1272,0.1159
LIG,2020-02-19,3.05,3.24,2.95,3.24,147110,3.3,3.3,3.43,-1.7341,-1.7341,-5.5711,0.2139,0.068,0.1339
LIG,2020-02-20,3.24,3.24,3.14,3.14,52800,3.29,3.28,3.42,-4.3478,-4.209,-8.0991,-0.0502,-0.0162,0.1286
LIG,2020-02-21,3.14,3.24,3.14,3.24,12500,3.28,3.27,3.41,-1.1628,-0.8746,-5.1557,0.0143,0.0045,0.1243
LIG,2020-02-24,3.14,3.14,3.05,3.05,42100,3.26,3.25,3.4,-6.4327,-6.1584,-10.4408,-0.0227,-0.0074,0.1144
LIG,2020-02-25,2.95,3.05,2.95,2.95,29900,3.22,3.22,3.39,-8.284,-8.284,-12.947,-0.0211,-0.0066,0.1151
LIG,2020-02-26,2.95,3.05,2.95,3.05,26510,3.18,3.2,3.38,-4.1916,-4.62,-9.9304,0.0289,0.0096,0.1003
LIG,2020-02-27,3.05,3.14,3.05,3.14,19500,3.16,3.19,3.38,-0.6024,-1.4925,-6.906,0.0185,0.0054,0.1022
LIG,2020-02-28,3.05,3.14,3.05,3.14,153300,3.13,3.19,3.37,0.304,-1.4925,-6.7418,0.127,0.0459,0.1044
LIG,2020-03-02,3.14,3.14,3.05,3.14,11190,3.11,3.2,3.36,0.9174,-1.6393,-6.577,0.0074,0.0027,0.0992
LIG,2020-03-03,3.05,3.05,2.95,2.95,32500,3.1,3.19,3.35,-4.908,-7.4627,-11.9838,-0.0263,-0.009,0.053
LIG,2020-03-04,3.05,3.05,3.05,3.05,27055,3.09,3.19,3.35,-1.2346,-4.4776,-8.9315,0.0,0.0,0.0316
LIG,2020-03-05,3.05,3.14,3.05,3.14,14300,3.09,3.19,3.34,1.8519,-1.3453,-5.9185,0.0095,0.0034,0.0276
LIG,2020-03-06,3.14,3.14,3.05,3.05,37900,3.07,3.17,3.33,-0.6211,-3.9039,-8.5085,-0.048,-0.0152,0.0309
LIG,2020-03-09,2.95,2.95,2.86,2.86,174730,3.05,3.15,3.32,-6.25,-9.3656,-13.8819,-0.0771,-0.0222,0.0364
LIG,2020-03-10,2.86,2.86,2.76,2.86,63300,3.04,3.13,3.31,-5.9561,-8.6758,-13.5782,0.0519,0.0146,0.0394
LIG,2020-03-11,2.86,2.95,2.86,2.86,59000,3.02,3.1,3.29,-5.3628,-7.8341,-13.2723,-0.0307,-0.0098,0.0396
LIG,2020-03-12,2.76,2.86,2.67,2.86,120000,2.99,3.08,3.28,-4.4586,-7.1207,-12.9643,0.0584,0.0174,0.0436
LIG,2020-03-13,2.76,2.86,2.76,2.86,52700,2.96,3.05,3.27,-3.537,-6.25,-12.6541,0.0312,0.0091,0.034
LIG,2020-03-16,2.76,2.86,2.76,2.76,7800,2.92,3.02,3.26,-5.5375,-8.5174,-15.214,-0.0057,-0.0017,0.0339
LIG,2020-03-17,2.86,2.86,2.67,2.76,144400,2.9,3.0,3.24,-4.918,-8.0824,-14.7272,0.0,0.0,0.0312
LIG,2020-03-18,2.76,2.86,2.76,2.76,26715,2.88,2.98,3.22,-3.9735,-7.3482,-14.2347,-0.0204,-0.0069,0.0333
LIG,2020-03-19,2.86,2.86,2.67,2.76,4900,2.84,2.96,3.2,-2.6846,-6.7524,-13.7817,0.0,0.0,0.0323
LIG,2020-03-20,2.76,2.86,2.76,2.76,73700,2.81,2.94,3.19,-1.6949,-5.9968,-13.3239,-0.0578,-0.0155,0.0333
LIG,2020-03-23,2.76,2.76,2.67,2.67,16600,2.79,2.92,3.17,-4.4369,-8.646,-15.9045,-0.0077,-0.0024,0.0264
LIG,2020-03-24,2.76,2.76,2.76,2.76,4900,2.78,2.91,3.15,-0.6849,-5.0736,-12.3872,0.0,0.0,0.0212
LIG,2020-03-25,2.76,2.76,2.76,2.76,20100,2.77,2.9,3.14,-0.3436,-4.6053,-12.0086,0.0,0.0,0.0181
LIG,2020-03-26,2.76,2.76,2.76,2.76,55500,2.76,2.88,3.12,0.0,-3.9735,-11.5317,0.0,0.0,0.0123
LIG,2020-03-27,2.76,2.76,2.67,2.76,10000,2.75,2.86,3.11,0.346,-3.3333,-11.0497,0.0096,0.0029,0.0101
LIG,2020-03-30,2.67,2.76,2.67,2.67,7100,2.74,2.83,3.09,-2.7778,-5.8824,-13.6869,-0.0052,-0.0019,0.0101
LIG,2020-03-31,2.67,2.76,2.57,2.76,22129,2.74,2.82,3.07,0.6944,-2.1922,-10.1611,0.0248,0.011,0.0126
LIG,2020-04-01,2.76,2.76,2.67,2.67,1700,2.73,2.8,3.06,-2.439,-4.9236,-12.7726,-0.0017,-0.0006,0.0107
LIG,2020-04-03,2.57,2.76,2.57,2.76,28300,2.73,2.79,3.04,1.0453,-0.8547,-9.2616,0.023,0.0071,0.013
LIG,2020-04-06,2.76,2.76,2.67,2.76,14600,2.73,2.77,3.03,1.0453,-0.3436,-8.805,0.0075,0.0021,0.008
LIG,2020-04-07,2.76,2.76,2.76,2.76,33000,2.74,2.77,3.02,0.6944,-0.1721,-8.4018,0.0,0.0,0.0072
LIG,2020-04-08,2.76,2.86,2.76,2.86,12400,2.75,2.77,3.0,3.8062,3.2702,-4.8223,0.0091,0.0027,0.0081
LIG,2020-04-09,2.86,2.86,2.76,2.86,9905,2.76,2.77,2.99,3.4483,3.2702,-4.3977,0.0071,0.0022,0.0088
LIG,2020-04-10,2.86,2.86,2.76,2.86,1500,2.77,2.77,2.98,3.0928,3.2702,-4.1534,0.0015,0.0005,0.0089
LIG,2020-04-13,2.76,2.76,2.76,2.76,6900,2.77,2.76,2.97,-0.3436,0.0,-7.1108,0.0,0.0,0.008
LIG,2020-04-14,2.86,2.95,2.76,2.76,40600,2.78,2.76,2.97,-0.6849,0.0,-6.932,-0.0319,-0.01,0.0107
LIG,2020-04-15,2.76,2.86,2.76,2.86,64500,2.79,2.77,2.96,2.3891,3.2702,-3.599,0.0485,0.0147,0.013
LIG,2020-04-16,2.86,2.86,2.67,2.76,113200,2.8,2.77,2.96,-1.3605,-0.1721,-6.6323,0.0,0.0,0.0129
LIG,2020-04-17,2.76,2.86,2.76,2.86,29900,2.81,2.77,2.95,1.6949,3.0928,-3.1633,0.0183,0.0056,0.0124
LIG,2020-04-20,2.86,2.95,2.86,2.86,91000,2.82,2.78,2.94,1.3514,2.916,-2.8497,-0.0487,-0.0151,0.0165
LIG,2020-04-21,2.86,2.86,2.76,2.76,51100,2.82,2.78,2.93,-2.027,-0.6849,-5.783,-0.0195,-0.0062,0.0185
LIG,2020-04-22,2.76,2.76,2.76,2.76,27854,2.81,2.78,2.92,-1.6949,-0.6849,-5.4142,0.0,0.0,0.0176
LIG,2020-04-23,2.76,2.86,2.67,2.86,18100,2.81,2.79,2.91,1.6949,2.5641,-1.7682,0.0177,0.0054,0.0186
LIG,2020-04-24,2.86,2.86,2.76,2.76,111500,2.8,2.79,2.9,-1.3605,-0.8547,-4.668,-0.0977,-0.0275,0.0282
LIG,2020-04-27,2.86,2.86,2.76,2.86,53160,2.81,2.79,2.89,1.6949,2.3891,-0.9901,0.038,0.0097,0.032
LIG,2020-04-28,2.86,3.14,2.86,3.14,247759,2.85,2.81,2.88,10.3679,11.6751,9.0549,0.2703,0.0816,0.0559
LIG,2020-04-29,3.14,3.14,2.95,2.95,145000,2.86,2.82,2.88,3.3333,4.5531,2.5132,-0.139,-0.0382,0.0649
LIG,2020-05-04,2.86,2.86,2.76,2.76,84200,2.86,2.83,2.87,-3.3333,-2.3569,-3.7823,-0.0699,-0.0218,0.0719
LIG,2020-05-05,2.86,2.86,2.76,2.86,13700,2.86,2.83,2.86,0.0,0.8403,-0.266,0.0201,0.0047,0.0721
LIG,2020-05-06,2.86,2.86,2.76,2.86,82900,2.86,2.84,2.86,0.0,0.6711,0.0,0.0659,0.0158,0.0738
LIG,2020-05-07,2.76,2.95,2.76,2.95,145400,2.88,2.85,2.86,2.649,3.6789,3.4023,0.12,0.0329,0.0839
LIG,2020-05-08,2.95,2.95,2.86,2.95,34800,2.9,2.85,2.86,1.9737,3.5058,3.4023,0.0204,0.0057,0.0859
LIG,2020-05-11,2.95,3.05,2.95,3.05,55400,2.91,2.86,2.86,4.5752,6.4892,6.7378,0.0371,0.0101,0.0879
LIG,2020-05-12,2.95,2.95,2.86,2.95,62600,2.93,2.87,2.85,0.6494,2.99,3.5404,0.0383,0.0098,0.0819
LIG,2020-05-13,2.95,2.95,2.86,2.95,35200,2.94,2.88,2.85,0.3236,2.649,3.6789,0.0206,0.0058,0.0802
LIG,2020-05-14,2.86,2.86,2.76,2.76,112340,2.9,2.88,2.84,-4.918,-3.9735,-2.7498,-0.0855,-0.0226,0.0617
LIG,2020-05-15,2.86,2.86,2.76,2.86,2920,2.9,2.88,2.84,-1.3158,-0.6623,0.6711,0.0017,0.0005,0.048
LIG,2020-05-18,2.86,2.95,2.86,2.95,24700,2.91,2.89,2.84,1.3072,2.3102,4.0967,0.0177,0.005,0.0427
LIG,2020-05-19,2.95,2.95,2.86,2.86,5600,2.91,2.89,2.83,-1.9608,-0.9901,0.9421,-0.0036,-0.0009,0.0411
LIG,2020-05-20,2.86,3.05,2.86,3.05,75110,2.93,2.9,2.83,3.8961,5.2632,7.6716,0.054,0.0134,0.0399
LIG,2020-05-21,3.05,3.05,2.86,3.05,51000,2.94,2.91,2.83,3.5599,4.7463,7.5269,0.0344,0.0092,0.0313
LIG,2020-05-22,2.95,3.05,2.86,2.86,37500,2.93,2.91,2.83,-2.5974,-1.9608,0.8065,-0.021,-0.0064,0.0314
LIG,2020-05-25,2.95,3.05,2.86,3.05,65400,2.93,2.92,2.84,3.8961,4.2345,7.3826,0.0487,0.0138,0.0325
LIG,2020-05-26,2.95,2.95,2.95,2.95,32500,2.93,2.93,2.84,0.6494,0.6494,3.9571,0.0,0.0,0.0287
LIG,2020-05-27,3.05,3.05,2.86,2.95,190862,2.93,2.94,2.84,0.6494,0.4862,3.8874,0.0,0.0,0.0267
LIG,2020-05-28,2.95,2.95,2.86,2.95,112600,2.95,2.93,2.85,0.0,0.813,3.7483,0.1069,0.0285,0.0288
LIG,2020-05-29,2.95,3.05,2.86,2.95,60900,2.96,2.93,2.85,-0.3215,0.813,3.6096,0.0,0.0,0.0286
LIG,2020-06-01,2.95,3.24,2.86,3.14,318305,2.98,2.95,2.86,5.4313,6.6236,10.0,0.083,0.0286,0.0352
LIG,2020-06-02,3.05,3.05,2.86,2.95,201462,2.99,2.95,2.86,-1.2739,0.0,3.1957,0.0,0.0,0.0348
LIG,2020-06-03,2.95,3.05,2.86,2.86,150160,2.97,2.95,2.86,-3.8462,-3.2258,-0.1996,-0.082,-0.0293,0.0376
LIG,2020-06-04,2.95,3.05,2.86,3.05,44042,2.97,2.96,2.87,2.5641,3.0596,6.1712,0.0211,0.0066,0.0363
LIG,2020-06-05,2.95,3.05,2.95,2.95,89200,2.98,2.96,2.87,-0.9585,-0.161,2.717,-0.0362,-0.0135,0.0378
LIG,2020-06-08,3.05,3.14,3.05,3.14,207090,2.99,2.96,2.88,5.0955,6.1093,9.0549,0.081,0.0305,0.041
LIG,2020-06-09,3.14,3.14,2.95,2.95,269230,2.99,2.96,2.89,-1.2739,-0.3215,2.3102,-0.1349,-0.0399,0.0545
LIG,2020-06-10,3.05,3.14,3.05,3.14,146301,3.01,2.97,2.89,4.4304,5.7692,8.6241,0.0685,0.0226,0.0614
LIG,2020-06-11,3.14,3.43,3.14,3.33,716469,3.05,3.0,2.91,9.375,11.1111,14.6789,0.0487,0.0165,0.0555
LIG,2020-06-12,3.14,3.24,3.05,3.24,130410,3.08,3.02,2.92,5.2632,7.2555,11.0385,0.0326,0.0126,0.0588
LIG,2020-06-15,3.14,3.14,3.05,3.05,141000,3.07,3.02,2.92,-0.6211,0.7874,4.2345,-0.0581,-0.017,0.0563
LIG,2020-06-16,3.05,3.14,2.95,2.95,212710,3.07,3.03,2.93,-3.7267,-2.5157,0.8458,-0.1209,-0.0374,0.0684
LIG,2020-06-17,3.05,3.05,2.95,3.05,113000,3.09,3.03,2.93,-1.2346,0.6289,3.8961,0.0796,0.0297,0.0682
LIG,2020-06-18,3.14,3.14,2.95,3.05,89900,3.09,3.03,2.94,-1.2346,0.6289,3.6941,0.0,0.0,0.066
LIG,2020-06-19,2.95,3.14,2.95,3.14,80520,3.1,3.04,2.94,1.227,3.2864,6.727,0.0363,0.0121,0.0661
LIG,2020-06-22,3.14,3.14,3.05,3.14,99300,3.1,3.05,2.95,1.227,3.125,6.5203,0.0635,0.0226,0.0643
LIG,2020-06-23,3.05,3.14,3.05,3.14,89600,3.12,3.06,2.96,0.6098,2.8037,6.3144,0.0577,0.0215,0.0566
LIG,2020-06-24,3.05,3.14,3.05,3.05,50810,3.11,3.06,2.96,-2.1407,-0.4666,2.8939,-0.0282,-0.0102,0.0526
LIG,2020-06-25,2.95,2.95,2.95,2.95,93000,3.08,3.06,2.97,-4.0248,-3.577,-0.4496,0.0,0.0,0.0477
LIG,2020-06-26,3.05,3.05,2.95,2.95,43400,3.05,3.06,2.97,-3.125,-3.577,-0.5135,-0.0378,-0.0133,0.0482
LIG,2020-06-29,2.86,2.95,2.86,2.95,42469,3.04,3.05,2.97,-2.8213,-3.2761,-0.641,0.0256,0.0091,0.045
LIG,2020-06-30,2.95,2.95,2.86,2.95,53250,3.04,3.05,2.97,-2.8213,-3.2761,-0.7047,0.0478,0.0158,0.0377
LIG,2020-07-01,2.95,2.95,2.76,2.86,94200,3.02,3.05,2.97,-5.3628,-6.3963,-3.9078,0.0,0.0,0.0297
LIG,2020-07-02,2.86,2.95,2.86,2.95,14230,3.01,3.05,2.98,-1.8987,-3.125,-0.8317,0.0217,0.0056,0.0319
LIG,2020-07-03,2.86,2.86,2.86,2.86,16172,2.98,3.04,2.98,-4.1534,-6.1033,-4.0921,0.0,0.0,0.0282
LIG,2020-07-06,2.86,2.86,2.86,2.86,27200,2.95,3.03,2.98,-3.2258,-5.6604,-4.0921,0.0,0.0,0.0219
LIG,2020-07-07,2.86,2.95,2.86,2.95,66600,2.93,3.03,2.98,0.6494,-2.5157,-1.0217,0.0523,0.0149,0.0213
LIG,2020-07-08,2.86,2.86,2.86,2.86,5080,2.91,3.01,2.98,-1.9608,-5.2133,-4.2146,0.0,0.0,0.0185
LIG,2020-07-09,2.95,2.95,2.86,2.86,75210,2.9,2.99,2.98,-1.6393,-4.4586,-4.0307,-0.0548,-0.016,0.024
LIG,2020-07-10,2.95,3.05,2.95,3.05,140020,2.91,2.98,2.98,4.5752,2.2364,2.3018,0.1539,0.0424,0.0356
LIG,2020-07-13,3.05,3.05,2.95,3.05,14103,2.92,2.98,2.98,4.2345,2.2364,2.1059,0.0157,0.0043,0.0346
LIG,2020-07-14,3.05,3.05,2.86,2.86,124225,2.91,2.98,2.98,-1.9608,-4.0,-4.2757,-0.1104,-0.0334,0.0409
LIG,2020-07-15,2.95,3.05,2.95,3.05,162910,2.93,2.98,2.99,3.8961,2.4,1.9758,0.114,0.0363,0.0523
LIG,2020-07-16,2.95,2.95,2.95,2.95,21200,2.93,2.97,2.99,0.6494,-0.641,-1.211,0.0,0.0,0.0501
LIG,2020-07-17,2.95,3.05,2.95,2.95,51000,2.94,2.96,2.99,0.3236,-0.3215,-1.211,-0.0474,-0.0134,0.0549
LIG,2020-07-20,3.05,3.05,3.05,3.05,27700,2.96,2.96,2.99,2.8939,3.0596,1.9758,0.0,0.0,0.0549
LIG,2020-07-21,3.05,3.05,2.95,3.05,80700,2.97,2.95,2.99,2.5641,3.2258,1.9108,0.0888,0.0237,0.0585
LIG,2020-07-22,3.05,3.05,2.95,2.95,15000,2.98,2.95,2.99,-0.9585,0.1616,-1.2739,-0.0138,-0.0037,0.0599
LIG,2020-07-23,2.86,2.95,2.86,2.95,95680,2.99,2.95,2.99,-1.2739,0.1616,-1.3995,0.0899,0.0249,0.0634
LIG,2020-07-24,2.86,2.95,2.86,2.95,73300,2.98,2.95,3.0,-0.9585,0.1616,-1.4622,0.0318,0.0112,0.0512
LIG,2020-07-27,2.76,2.86,2.76,2.86,41900,2.96,2.94,2.99,-3.537,-2.9126,-4.5802,0.0132,0.0042,0.0509
LIG,2020-07-28,2.86,2.86,2.67,2.76,13900,2.95,2.93,2.99,-6.4516,-5.8442,-7.7021,0.0,0.0,0.0399
LIG,2020-07-29,2.76,2.76,2.67,2.76,36834,2.92,2.93,2.99,-5.5375,-5.6911,-7.5255,0.03,0.0086,0.0315
LIG,2020-07-30,2.67,2.76,2.67,2.76,3600,2.9,2.92,2.98,-4.918,-5.3834,-7.3482,0.0051,0.0014,0.032
LIG,2020-07-31,2.76,2.86,2.76,2.86,24730,2.9,2.92,2.98,-1.3158,-2.1207,-4.1534,0.0282,0.0073,0.0301
LIG,2020-08-03,2.86,2.86,2.86,2.86,31300,2.88,2.92,2.98,-0.6623,-2.1207,-4.0307,0.0,0.0,0.0301
LIG,2020-08-04,2.86,2.86,2.86,2.86,17900,2.86,2.91,2.98,0.0,-1.9608,-3.9693,0.0,0.0,0.0212
LIG,2020-08-05,2.86,2.95,2.86,2.95,9300,2.86,2.92,2.98,3.3333,1.1419,-0.7682,0.0069,0.0018,0.0205
LIG,2020-08-06,2.86,2.86,2.86,2.86,10000,2.85,2.92,2.97,0.3344,-2.1207,-3.9078,0.0,0.0,0.0115
LIG,2020-08-07,2.86,2.95,2.86,2.86,12800,2.84,2.91,2.97,0.6711,-1.8003,-3.8462,-0.0121,-0.0032,0.0095
LIG,2020-08-10,2.86,2.95,2.86,2.95,41000,2.85,2.9,2.97,3.6789,1.6393,-0.5135,0.0317,0.0086,0.0114
LIG,2020-08-11,2.86,2.95,2.86,2.95,73300,2.87,2.91,2.97,2.99,1.473,-0.5135,0.0674,0.0203,0.0181
LIG,2020-08-12,2.86,2.86,2.86,2.86,35900,2.88,2.9,2.97,-0.6623,-1.4778,-3.7227,0.0,0.0,0.0151
LIG,2020-08-13,2.86,2.86,2.76,2.76,29905,2.88,2.89,2.96,-3.9735,-4.4481,-6.7524,-0.0263,-0.0064,0.0173
LIG,2020-08-14,2.86,2.86,2.86,2.86,24700,2.88,2.89,2.96,-0.6623,-0.9901,-3.4749,0.0,0.0,0.0144
LIG,2020-08-17,2.86,2.95,2.86,2.95,121100,2.89,2.88,2.96,2.3102,2.4793,-0.1289,0.0967,0.031,0.0241
LIG,2020-08-18,2.95,3.24,2.95,3.14,240260,2.91,2.89,2.96,7.8431,8.9109,6.1776,0.0785,0.0239,0.032
LIG,2020-08-19,3.05,3.14,3.05,3.05,426900,2.92,2.89,2.96,4.2345,5.4366,3.0264,-0.3841,-0.1102,0.0697
LIG,2020-08-20,3.14,3.33,3.14,3.33,924286,2.97,2.91,2.96,12.1795,14.5663,12.6851,0.7729,0.2251,0.147
LIG,2020-08-21,3.62,3.62,3.62,3.62,85300,3.05,2.94,2.97,18.75,22.9773,22.0295,-0.0509,-0.0186,0.1509
LIG,2020-08-24,3.9,3.9,3.9,3.9,8700,3.14,3.0,2.98,24.2424,30.3657,30.9068,-0.0051,-0.0021,0.1482
LIG,2020-08-25,4.29,4.29,4.29,4.29,132960,3.28,3.07,3.01,30.814,39.5349,42.4051,-0.0685,-0.026,0.1483
LIG,2020-08-26,4.67,4.67,4.57,4.67,1125770,3.46,3.17,3.04,34.9862,47.3684,53.4126,0.6324,0.2769,0.2115
LIG,2020-08-27,4.76,5.05,4.76,5.05,320770,3.69,3.28,3.08,36.9509,53.8462,63.7824,0.2261,0.1015,0.2315
LIG,2020-08-28,5.52,5.52,5.14,5.52,346922,3.95,3.41,3.13,39.759,61.7852,76.5064,0.1732,0.0902,0.2488
LIG,2020-08-31,6.0,6.0,5.52,6.0,1790188,4.26,3.57,3.19,40.9396,68.0,88.2845,0.9947,0.5777,0.3386
LIG,2020-09-01,6.0,6.48,5.43,5.9,1087717,4.53,3.72,3.24,30.2521,58.5678,82.1387,-0.0689,-0.0311,0.3377
LIG,2020-09-03,5.9,5.9,5.33,5.62,486254,4.79,3.86,3.29,17.2962,45.679,70.6189,-0.0,-0.0,0.2993
LIG,2020-09-04,5.24,5.24,5.14,5.14,201670,4.97,3.97,3.34,3.4483,29.4964,54.1096,-0.1334,-0.0495,0.2353
LIG,2020-09-07,5.05,5.05,4.67,4.67,46915,5.08,4.06,3.37,-8.0675,14.8886,38.4181,-0.0184,-0.0077,0.2321
LIG,2020-09-08,4.29,5.05,4.29,4.48,1823490,5.13,4.14,3.4,-12.8015,8.1703,31.5789,-0.6264,-0.2366,0.2942
LIG,2020-09-09,4.57,4.67,4.1,4.29,346600,5.13,4.2,3.43,-16.5121,1.9253,25.0,-0.0689,-0.0252,0.2942
LIG,2020-09-10,4.29,4.67,4.29,4.67,801652,5.13,4.3,3.46,-9.0909,8.6475,34.6894,0.4921,0.199,0.2802
LIG,2020-09-11,4.67,4.86,4.57,4.86,711790,5.11,4.4,3.5,-5.0279,10.3896,38.6623,0.4994,0.2316,0.3075
LIG,2020-09-14,4.86,4.95,4.67,4.86,605700,5.05,4.5,3.54,-3.7736,7.9365,37.0968,0.1031,0.0465,0.3005
LIG,2020-09-15,4.86,5.33,4.76,5.14,700747,4.96,4.61,3.59,3.6468,11.5702,43.3121,0.1474,0.0709,0.2158
LIG,2020-09-16,5.05,5.14,4.86,4.86,604452,4.86,4.7,3.63,0.0,3.4483,33.9286,-0.3842,-0.194,0.2473
LIG,2020-09-17,4.95,4.95,4.57,4.67,846075,4.76,4.78,3.66,-2.0,-2.2931,27.4051,-0.2537,-0.1058,0.2727
LIG,2020-09-18,4.57,4.86,4.38,4.67,663042,4.71,4.84,3.7,-1.0101,-3.6382,26.1586,0.073,0.0308,0.2667
LIG,2020-09-21,4.76,4.76,4.67,4.76,705967,4.72,4.9,3.73,0.8065,-2.8183,27.551,0.3061,0.1363,0.2954
LIG,2020-09-22,4.67,4.76,4.57,4.67,227250,4.74,4.94,3.77,-1.6064,-5.4966,23.9251,0.0,0.0,0.2328
LIG,2020-09-23,4.57,4.76,4.57,4.67,201162,4.78,4.96,3.8,-2.3904,-5.8598,22.7455,0.0,0.0,0.2259
LIG,2020-09-24,4.76,4.76,4.57,4.57,323331,4.77,4.95,3.83,-4.1916,-7.6923,19.2843,-0.2108,-0.0823,0.1978
LIG,2020-09-25,4.57,4.67,4.38,4.48,368237,4.73,4.92,3.86,-5.4326,-9.0909,15.8777,-0.0707,-0.028,0.1549
LIG,2020-09-28,4.48,4.48,4.1,4.19,1139359,4.67,4.86,3.89,-10.2041,-13.7255,7.7903,-0.29,-0.1106,0.1736
LIG,2020-09-29,4.19,4.19,4.0,4.19,239130,4.57,4.77,3.91,-8.3333,-12.0879,7.1603,0.0755,0.0276,0.1664
LIG,2020-09-30,4.19,4.29,4.0,4.19,372691,4.5,4.68,3.93,-6.9767,-10.4781,6.5375,0.066,0.024,0.1346
LIG,2020-10-01,4.19,4.57,4.19,4.57,552705,4.5,4.63,3.97,1.6949,-1.2346,15.2738,0.3019,0.1285,0.1394
LIG,2020-10-02,4.67,4.95,4.48,4.76,654720,4.5,4.61,4.0,5.7082,3.3058,18.991,0.0712,0.0337,0.1392
LIG,2020-10-05,4.76,5.24,4.67,4.76,346200,4.5,4.61,4.04,5.7082,3.1992,17.9245,-0.0997,-0.0435,0.1186
LIG,2020-10-06,4.76,4.86,4.57,4.76,439800,4.51,4.63,4.08,5.4852,2.8807,16.8224,0.0658,0.0284,0.1252
LIG,2020-10-07,4.86,4.86,4.57,4.67,269400,4.51,4.65,4.11,3.3755,0.4098,13.4259,-0.0309,-0.0126,0.1283
LIG,2020-10-08,4.57,4.67,4.48,4.57,235800,4.51,4.64,4.15,1.2658,-1.5385,10.1423,-0.0,-0.0,0.1072
LIG,2020-10-09,4.57,4.57,4.38,4.57,120500,4.52,4.63,4.19,1.0526,-1.2346,9.1902,0.0751,0.0304,0.1076
LIG,2020-10-12,4.57,4.57,4.29,4.38,159700,4.54,4.6,4.22,-3.5639,-4.8604,3.8844,-0.0212,-0.0072,0.0807
LIG,2020-10-13,4.38,4.48,4.29,4.38,157600,4.56,4.57,4.25,-3.9666,-4.0667,3.139,-0.0,-0.0,0.0732
LIG,2020-10-14,4.29,4.48,4.29,4.38,254300,4.58,4.54,4.28,-4.3659,-3.5639,2.4043,-0.0,-0.0,0.0666
LIG,2020-10-15,4.38,4.38,4.19,4.38,170900,4.56,4.53,4.31,-3.9666,-3.2597,1.7249,0.0671,0.0237,0.0431
LIG,2020-10-16,4.38,4.38,4.19,4.19,150400,4.5,4.5,4.33,-6.9767,-6.9767,-3.2967,-0.0748,-0.0239,0.0435
LIG,2020-10-19,4.19,4.48,4.19,4.38,251200,4.47,4.49,4.36,-1.919,-2.3355,0.3928,0.0481,0.0164,0.0383
LIG,2020-10-20,4.48,4.48,4.19,4.19,164700,4.41,4.46,4.39,-4.9676,-6.0832,-4.5139,-0.0918,-0.0289,0.0409
LIG,2020-10-21,4.29,4.38,4.19,4.29,71500,4.37,4.44,4.42,-1.9608,-3.537,-2.9336,0.0,0.0,0.0378
LIG,2020-10-22,4.29,4.38,4.19,4.29,198600,4.34,4.43,4.44,-1.3158,-3.2258,-3.5577,0.0,0.0,0.0378
LIG,2020-10-23,4.29,4.67,4.29,4.67,757100,4.35,4.44,4.48,7.221,5.1502,4.1224,0.4005,0.1167,0.0703
LIG,2020-10-26,4.95,5.05,4.86,5.05,1278600,4.42,4.48,4.53,14.2241,12.6461,11.532,0.405,0.1569,0.1087
LIG,2020-10-27,5.24,5.24,4.67,4.86,333400,4.47,4.51,4.56,8.742,7.5949,6.4274,-0.0414,-0.0171,0.1129
LIG,2020-10-28,4.76,4.86,4.48,4.57,272000,4.49,4.53,4.59,1.9108,0.8403,-0.4562,-0.0467,-0.0177,0.1175
LIG,2020-10-29,4.48,4.57,4.29,4.38,481100,4.49,4.52,4.62,-2.3355,-3.1579,-5.1546,-0.0837,-0.0286,0.1192
LIG,2020-10-30,4.76,4.76,4.29,4.57,111100,4.52,4.51,4.64,1.0526,1.2658,-1.5587,0.0159,0.005,0.1133
LIG,2020-11-02,4.57,4.76,4.48,4.67,161900,4.55,4.51,4.66,2.5105,3.4847,0.0408,0.0342,0.0129,0.1119
LIG,2020-11-03,4.95,4.95,4.38,4.57,448700,4.59,4.5,4.68,-0.4149,1.5873,-2.2801,-0.112,-0.0389,0.1139
LIG,2020-11-04,4.48,4.67,4.48,4.67,166100,4.63,4.5,4.69,0.823,3.7037,-0.4065,0.1056,0.0431,0.1245
LIG,2020-11-05,4.57,4.67,4.48,4.48,99900,4.65,4.5,4.68,-3.6885,-0.4237,-4.3938,-0.0546,-0.0202,0.13
LIG,2020-11-06,4.57,4.57,4.48,4.48,113300,4.63,4.49,4.67,-3.2922,-0.3181,-4.1599,-0.1071,-0.0361,0.1006
LIG,2020-11-09,4.48,4.48,4.29,4.38,310500,4.56,4.49,4.65,-3.9666,-2.439,-5.7377,-0.0,-0.0,0.0601
LIG,2020-11-10,4.48,4.48,4.29,4.38,204400,4.51,4.49,4.62,-2.9536,-2.439,-5.0764,-0.0,-0.0,0.056
LIG,2020-11-11,4.48,4.48,4.19,4.38,259800,4.5,4.49,4.58,-2.5424,-2.439,-4.4454,0.048,0.0151,0.0561
LIG,2020-11-12,4.38,4.48,4.29,4.48,127100,4.5,4.5,4.56,-0.6342,-0.4237,-1.8789,0.066,0.025,0.0543
LIG,2020-11-13,4.38,4.86,4.38,4.57,1008400,4.5,4.51,4.55,1.4799,1.2658,0.4604,-0.1016,-0.0382,0.0629
LIG,2020-11-16,4.57,4.57,4.38,4.48,383100,4.49,4.52,4.55,-0.2123,-0.9484,-1.5501,0.0,0.0,0.0595
LIG,2020-11-17,4.48,4.57,4.48,4.57,99500,4.49,4.54,4.55,1.9108,0.7345,0.5025,0.0334,0.0125,0.0516
LIG,2020-11-18,4.57,4.57,4.38,4.38,291400,4.46,4.54,4.55,-1.7094,-3.5639,-3.7254,-0.117,-0.0382,0.0528
LIG,2020-11-19,4.38,4.48,4.38,4.48,270900,4.46,4.55,4.55,0.4274,-1.6736,-1.5501,0.1265,0.0375,0.06
LIG,2020-11-20,4.48,4.57,4.38,4.48,195600,4.46,4.54,4.54,0.4274,-1.4675,-1.3848,0.0,0.0,0.0492
LIG,2020-11-23,4.48,4.76,4.38,4.76,438800,4.5,4.53,4.54,5.9322,5.1525,4.9538,0.188,0.0678,0.068
LIG,2020-11-24,4.76,4.76,4.48,4.57,352100,4.51,4.51,4.53,1.2658,1.2658,1.0101,-0.0658,-0.0204,0.0746
LIG,2020-11-25,4.57,4.67,4.48,4.57,186300,4.53,4.51,4.52,0.8403,1.2658,1.1378,-0.0,-0.0,0.0698
LIG,2020-11-26,4.48,4.57,4.38,4.48,272100,4.53,4.52,4.52,-1.2605,-0.9484,-0.8857,0.0,0.0,0.0632
LIG,2020-11-27,4.48,4.67,4.48,4.57,215700,4.53,4.52,4.51,0.8403,1.1591,1.2658,-0.0,-0.0,0.0531
LIG,2020-11-30,4.57,4.57,4.38,4.38,287400,4.52,4.5,4.51,-3.1579,-2.7484,-2.7895,-0.1037,-0.0336,0.0634
LIG,2020-12-01,4.38,4.57,4.38,4.57,277800,4.52,4.5,4.5,1.0526,1.4799,1.4799,0.0703,0.0252,0.0671
LIG,2020-12-02,4.57,4.57,4.38,4.48,117000,4.53,4.5,4.5,-1.2605,-0.4237,-0.5501,0.0,0.0,0.0554
LIG,2020-12-03,4.48,4.57,4.48,4.57,365900,4.54,4.5,4.5,0.6289,1.5873,1.5658,0.1388,0.055,0.0566
LIG,2020-12-04,4.57,4.95,4.48,4.95,1644100,4.59,4.52,4.51,7.8838,9.4737,9.7973,0.638,0.2516,0.1205
LIG,2020-12-07,4.95,5.43,4.95,5.43,1461300,4.66,4.58,4.54,16.5644,18.6264,19.6976,0.5657,0.244,0.1582
LIG,2020-12-08,5.43,5.81,5.43,5.52,695400,4.75,4.63,4.56,16.2325,19.2189,21.0856,-0.1634,-0.0729,0.168
LIG,2020-12-09,5.43,5.43,5.14,5.24,940000,4.82,4.68,4.58,8.6957,12.0163,14.2976,-0.1061,-0.0458,0.1786
LIG,2020-12-10,5.24,5.43,5.05,5.14,623400,4.89,4.71,4.59,5.2632,9.2012,11.9403,-0.0837,-0.0351,0.187
LIG,2020-12-11,5.05,5.24,5.05,5.14,392523,4.94,4.74,4.6,4.0462,8.5427,11.755,0.0,0.0,0.187
LIG,2020-12-14,5.24,5.52,5.24,5.33,377519,5.04,4.78,4.61,5.8601,11.5538,15.6069,-0.0452,-0.0154,0.1811
LIG,2020-12-15,5.33,5.33,5.14,5.24,253801,5.1,4.81,4.62,2.6119,8.8032,13.3086,-0.0,-0.0,0.1741
LIG,2020-12-16,5.24,5.43,5.14,5.33,300460,5.19,4.86,4.64,2.7523,9.6964,15.037,0.0346,0.0147,0.1775
LIG,2020-12-17,5.33,5.33,5.14,5.14,322041,5.25,4.9,4.65,-1.9964,5.0584,10.6557,-0.1021,-0.0377,0.1739
LIG,2020-12-18,5.14,5.62,5.14,5.62,1112526,5.31,4.95,4.67,5.7348,13.4615,20.359,0.3506,0.1524,0.1451
LIG,2020-12-21,5.62,5.71,5.52,5.62,408100,5.33,5.0,4.69,5.3571,12.4881,19.724,-0.0,-0.0,0.0886
LIG,2020-12-22,5.62,5.62,5.43,5.62,327800,5.34,5.05,4.72,5.1693,11.3208,19.0957,0.0839,0.0387,0.0806
LIG,2020-12-23,5.62,6.0,5.43,5.43,735457,5.36,5.09,4.74,1.2433,6.6417,14.5498,-0.1725,-0.0806,0.0873
LIG,2020-12-24,5.43,5.52,5.24,5.43,639172,5.39,5.14,4.76,0.7067,5.6534,14.0456,0.0878,0.0428,0.0877
LIG,2020-12-25,5.43,5.62,5.43,5.52,259001,5.43,5.19,4.79,1.7544,6.5197,15.3999,0.0,0.0,0.0877
LIG,2020-12-28,5.52,5.62,5.43,5.52,573776,5.45,5.24,4.81,1.3986,5.3588,14.8515,0.0,0.0,0.0832
LIG,2020-12-29,5.52,6.0,5.52,5.9,1077250,5.51,5.31,4.84,7.0812,11.2108,21.9033,0.2353,0.0916,0.1067
LIG,2020-12-30,5.9,6.1,5.71,5.81,536073,5.56,5.38,4.87,4.4521,8.0602,19.1872,-0.0808,-0.0356,0.1113
LIG,2020-12-31,5.81,5.9,5.71,5.9,238239,5.64,5.44,4.91,4.7297,8.4864,20.3416,0.0978,0.0378,0.1109
LIG,2021-01-04,5.81,5.9,5.71,5.81,357000,5.66,5.49,4.93,2.6936,5.9028,17.8516,-0.0,-0.0,0.0758
LIG,2021-01-05,5.81,5.9,5.71,5.9,514625,5.69,5.51,4.95,3.8526,7.1737,19.3685,0.1704,0.0733,0.0928
LIG,2021-01-06,6.0,6.48,5.9,6.48,1941100,5.77,5.56,4.98,12.2112,16.5381,30.0689,0.6523,0.2815,0.1497
LIG,2021-01-07,6.48,7.05,6.48,7.05,941000,5.93,5.65,5.03,18.7801,24.7892,40.1515,0.1999,0.1028,0.1524
LIG,2021-01-08,7.71,7.71,7.71,7.71,479360,6.16,5.78,5.1,25.1932,33.5532,51.4019,0.0,0.0,0.1437
LIG,2021-01-11,8.48,8.48,7.43,7.71,2469176,6.38,5.9,5.16,20.8955,30.6452,49.5569,-0.2637,-0.1392,0.17
LIG,2021-01-12,7.71,7.71,7.24,7.62,1304279,6.59,6.02,5.22,15.6069,26.5823,46.0387,0.243,0.1242,0.1943
LIG,2021-01-13,7.62,7.71,7.24,7.52,728300,6.75,6.13,5.28,11.4245,22.6708,42.5993,0.0356,0.0188,0.1744
LIG,2021-01-14,7.52,8.19,7.52,7.9,1141610,6.96,6.26,5.34,13.5431,26.2357,48.0029,0.0405,0.0232,0.1703
LIG,2021-01-15,7.9,8.0,7.71,7.9,903543,7.16,6.4,5.41,10.3723,23.5119,46.1268,0.0857,0.0473,0.1691
LIG,2021-01-18,7.9,7.9,7.62,7.71,603687,7.35,6.5,5.47,4.9223,18.5944,40.9186,-0.0474,-0.0252,0.1739
LIG,2021-01-19,7.71,7.81,6.95,7.14,1318163,7.48,6.58,5.53,-4.4586,8.5384,29.1767,-0.1112,-0.0608,0.1679
LIG,2021-01-20,7.14,7.14,6.48,7.05,669503,7.53,6.65,5.58,-6.4475,5.9413,26.2368,0.1223,0.0616,0.1149
LIG,2021-01-21,7.05,7.43,6.86,7.43,344600,7.57,6.75,5.64,-1.8868,10.0141,31.6234,0.0763,0.0375,0.1026
LIG,2021-01-22,7.33,7.43,7.14,7.33,368363,7.53,6.85,5.7,-2.6549,7.0932,28.6335,0.0393,0.0192,0.1065
LIG,2021-01-25,7.33,7.62,7.05,7.33,658907,7.5,6.94,5.76,-2.1601,5.6966,27.3991,-0.0,-0.0,0.0801
LIG,2021-01-26,7.43,8.0,7.33,8.0,2497614,7.53,7.06,5.83,6.1947,13.2839,37.2998,0.6304,0.3768,0.1189
LIG,2021-01-27,8.19,8.29,7.62,7.62,969743,7.54,7.15,5.89,1.0101,6.5956,29.408,-0.1963,-0.1134,0.1349
LIG,2021-01-28,7.52,7.52,6.86,6.86,547400,7.44,7.2,5.94,-7.8105,-4.7619,15.4957,-0.085,-0.042,0.1394
LIG,2021-01-29,6.19,6.86,6.19,6.19,1314770,7.27,7.21,5.97,-14.81,-14.1914,3.6683,-0.3316,-0.1374,0.164
LIG,2021-02-01,6.19,6.19,5.62,5.62,1147615,7.06,7.2,5.99,-20.3779,-22.0093,-6.2599,-0.2532,-0.1118,0.1846
LIG,2021-02-02,5.52,5.71,5.24,5.71,449200,6.91,7.2,6.01,-17.3554,-20.5824,-4.9731,0.113,0.0437,0.1847
LIG,2021-02-03,5.71,6.29,5.71,6.29,560763,6.84,7.19,6.05,-8.078,-12.5249,3.937,0.1366,0.061,0.1862
LIG,2021-02-04,6.38,6.48,6.0,6.1,278920,6.7,7.14,6.08,-9.0909,-14.6097,0.282,-0.0901,-0.0348,0.1876
LIG,2021-02-05,6.0,6.1,5.9,6.1,381068,6.58,7.06,6.11,-7.3806,-13.6302,-0.2494,0.1357,0.0568,0.1972
LIG,2021-02-08,6.1,6.19,5.52,5.71,948910,6.42,6.96,6.13,-10.9792,-17.8645,-6.8323,-0.1296,-0.051,0.2102
LIG,2021-02-09,5.81,6.0,5.71,5.9,337540,6.21,6.87,6.16,-4.908,-14.0679,-4.2027,0.0352,0.0132,0.1506
LIG,2021-02-17,6.0,6.38,5.9,6.29,424532,6.08,6.81,6.2,3.4483,-7.6923,1.4136,0.061,0.0239,0.1371
LIG,2021-02-18,6.29,6.29,6.1,6.19,477600,6.01,6.72,6.23,3.0111,-7.932,-0.6724,-0.0,-0.0,0.1286
LIG,2021-02-19,6.1,6.29,6.0,6.19,243054,6.01,6.64,6.26,3.0111,-6.7432,-1.1858,0.0367,0.0141,0.0991
LIG,2021-02-22,6.19,6.48,6.19,6.29,808400,6.08,6.57,6.29,3.4483,-4.2785,-0.0908,-0.1062,-0.0431,0.0844
LIG,2021-02-23,6.38,6.57,6.19,6.57,570020,6.16,6.54,6.31,6.6461,0.5098,4.0724,0.2086,0.0919,0.094
LIG,2021-02-24,6.67,7.14,6.67,7.14,1452778,6.25,6.54,6.35,14.3293,9.1703,12.545,0.4845,0.242,0.1288
LIG,2021-02-25,7.14,7.52,6.95,7.14,306234,6.35,6.53,6.38,12.4438,9.4092,11.8735,-0.0504,-0.0226,0.1248
LIG,2021-02-26,7.05,7.05,6.76,7.05,623400,6.45,6.51,6.42,9.3058,8.1871,9.7272,0.1647,0.0767,0.1277
LIG,2021-03-01,7.05,7.24,6.86,7.24,533910,6.6,6.51,6.46,9.6681,11.1924,11.9623,0.1166,0.0573,0.1264
LIG,2021-03-02,7.24,7.43,7.24,7.33,491659,6.74,6.48,6.5,8.7571,13.2353,12.7379,-0.0,-0.0,0.1229
LIG,2021-03-03,7.33,7.33,7.05,7.24,624667,6.84,6.46,6.54,5.8496,12.0944,10.5937,0.0683,0.0358,0.1236
LIG,2021-03-04,7.24,7.33,6.86,7.05,709440,6.92,6.47,6.58,1.7882,8.9838,7.1222,-0.044,-0.0211,0.128
LIG,2021-03-05,7.05,7.71,6.86,7.62,803536,7.07,6.54,6.63,7.8167,16.5331,14.9425,0.1548,0.0801,0.1398
LIG,2021-03-08,7.62,7.71,7.43,7.62,491261,7.2,6.64,6.67,5.8201,14.7776,14.2531,0.0478,0.026,0.134
LIG,2021-03-09,7.62,8.1,7.52,7.9,1124640,7.33,6.75,6.71,7.7922,17.1489,17.7305,0.1153,0.0584,0.1246
LIG,2021-03-10,7.9,8.0,7.71,7.71,587597,7.39,6.82,6.76,4.3814,13.1285,14.181,-0.2031,-0.1086,0.0965
LIG,2021-03-11,7.71,7.71,7.52,7.62,445700,7.44,6.9,6.8,2.4328,10.4972,12.0448,0.0,0.0,0.0915
LIG,2021-03-12,7.71,8.1,7.52,7.62,436990,7.5,6.97,6.84,1.6518,9.2896,11.3276,-0.0958,-0.0529,0.0846
LIG,2021-03-15,7.62,7.62,7.43,7.52,344618,7.52,7.06,6.88,0.0,6.5408,9.2972,-0.0,-0.0,0.0729
LIG,2021-03-16,7.52,7.62,7.33,7.62,809220,7.55,7.15,6.93,0.8827,6.5956,10.011,0.298,0.1623,0.1027
LIG,2021-03-17,7.62,8.38,7.52,8.19,1907525,7.65,7.24,6.97,7.0984,13.0835,17.4863,0.3037,0.1741,0.1262
LIG,2021-03-18,8.19,8.29,7.9,8.1,450450,7.75,7.34,7.02,4.4226,10.318,15.3637,-0.0,-0.0,0.1218
LIG,2021-03-19,8.1,8.1,7.81,8.0,338127,7.79,7.43,7.06,2.6895,7.6923,13.3297,0.0333,0.0162,0.1097
LIG,2021-03-22,8.0,8.0,7.71,7.81,766646,7.81,7.5,7.1,0.0,4.0609,10.008,-0.0883,-0.0441,0.1138
LIG,2021-03-23,7.52,7.9,7.33,7.81,779760,7.8,7.57,7.14,0.1221,3.2096,9.4209,0.1969,0.1047,0.1219
LIG,2021-03-24,7.81,7.81,7.43,7.62,813995,7.79,7.59,7.16,-2.2005,0.3764,6.4113,0.0,0.0,0.1016
LIG,2021-03-25,7.62,8.0,7.52,7.71,637617,7.8,7.62,7.17,-1.0989,1.25,7.5412,-0.0472,-0.0249,0.1063
LIG,2021-03-26,7.71,7.81,6.95,7.43,880360,7.78,7.64,7.17,-4.5288,-2.7431,3.6407,0.0233,0.0124,0.0991
LIG,2021-03-29,7.43,7.81,7.43,7.62,502302,7.79,7.66,7.17,-2.2005,-0.4975,6.3264,0.0,0.0,0.0991
LIG,2021-03-30,7.71,7.71,7.43,7.52,757800,7.78,7.67,7.16,-3.3048,-1.8634,5.0253,-0.0706,-0.0343,0.0763
LIG,2021-03-31,7.52,8.1,7.52,7.81,1501105,7.74,7.7,7.17,0.861,1.4851,8.9267,0.0,0.0,0.046
LIG,2021-04-01,7.81,8.0,7.81,8.0,602487,7.73,7.74,7.17,3.4483,3.321,11.5538,0.1354,0.067,0.0595
LIG,2021-04-02,8.0,8.19,7.81,8.1,665980,7.74,7.77,7.18,4.551,4.2305,12.8219,0.1287,0.066,0.0691
LIG,2021-04-05,8.29,8.86,8.0,8.86,3928110,7.85,7.83,7.2,12.8641,13.1387,23.0484,1.2386,0.7468,0.1841
LIG,2021-04-06,8.86,9.24,8.57,8.57,842787,7.92,7.86,7.23,8.1731,9.0248,18.6083,-0.2328,-0.14,0.1877
LIG,2021-04-07,8.57,8.86,8.38,8.76,1213680,8.04,7.91,7.26,9.0047,10.71,20.6716,0.2272,0.1179,0.2104
LIG,2021-04-08,8.86,8.86,8.38,8.38,1406629,8.1,7.95,7.28,3.4078,5.3892,15.123,-0.5373,-0.3121,0.2594
LIG,2021-04-09,8.38,8.57,8.19,8.57,1080240,8.22,8.0,7.3,4.2874,7.1429,17.3403,0.3794,0.209,0.295
LIG,2021-04-12,8.57,8.86,8.57,8.76,2028136,8.33,8.06,7.33,5.1429,8.6828,19.4805,0.1507,0.0892,0.3101
LIG,2021-04-13,8.76,9.05,8.48,8.76,2028136,8.46,8.12,7.35,3.6036,7.9179,19.2328,-0.0,-0.0,0.303
LIG,2021-04-14,8.67,8.76,8.48,8.67,877670,8.54,8.14,7.37,1.4493,6.4327,17.6014,0.0665,0.0338,0.3097
LIG,2021-04-15,8.67,8.86,8.48,8.48,1038011,8.59,8.16,7.4,-1.3304,3.8506,14.5136,-0.2178,-0.11,0.3179
LIG,2021-04-16,8.48,8.48,7.81,8.1,1900153,8.59,8.17,7.44,-5.765,-0.8746,8.807,-0.0998,-0.0534,0.315
LIG,2021-04-19,8.1,8.29,7.81,8.0,865440,8.5,8.18,7.49,-5.9351,-2.1549,6.843,-0.041,-0.0172,0.1952
LIG,2021-04-20,8.1,8.1,7.71,7.9,824800,8.44,8.18,7.53,-6.3205,-3.376,4.957,0.0,0.0,0.172
LIG,2021-04-22,7.81,7.81,7.24,7.24,987494,8.29,8.16,7.55,-12.6437,-11.3186,-4.1372,-0.1639,-0.0759,0.1656
LIG,2021-04-23,7.24,7.62,7.05,7.52,835001,8.2,8.15,7.58,-8.2462,-7.7103,-0.7288,0.1119,0.0468,0.1231
LIG,2021-04-26,7.52,7.52,7.05,7.05,628357,8.05,8.13,7.6,-12.426,-13.3489,-7.2449,-0.1563,-0.0586,0.1008
LIG,2021-04-27,6.95,7.14,6.86,6.95,509530,7.87,8.1,7.62,-11.6223,-14.1681,-8.7956,-0.0622,-0.0259,0.092
LIG,2021-04-28,6.95,7.24,6.86,7.14,342900,7.7,8.08,7.65,-7.293,-11.6087,-6.6002,0.0709,0.0274,0.099
LIG,2021-04-29,7.14,7.24,7.05,7.14,139911,7.55,8.05,7.66,-5.4224,-11.2426,-6.8091,-0.0,-0.0,0.0924
LIG,2021-05-04,6.95,7.05,6.67,6.76,721000,7.38,7.99,7.68,-8.3871,-15.325,-11.9107,-0.0848,-0.0315,0.0791
LIG,2021-05-05,6.86,7.33,6.76,7.14,681008,7.29,7.94,7.7,-1.9608,-10.018,-7.1782,0.0663,0.0285,0.0757
LIG,2021-05-06,7.14,7.43,7.14,7.24,393434,7.21,7.86,7.71,0.3963,-7.8788,-6.1728,-0.0376,-0.0152,0.0754
LIG,2021-05-07,7.24,7.24,6.86,7.05,527600,7.12,7.78,7.72,-1.0695,-9.4247,-8.7546,0.0,0.0,0.0754
LIG,2021-05-10,6.86,6.95,6.67,6.86,694040,7.09,7.69,7.72,-3.2258,-10.7807,-11.155,0.0553,0.0198,0.0645
LIG,2021-05-11,6.86,6.95,6.76,6.76,277610,7.01,7.6,7.71,-3.5326,-11.0833,-12.3024,-0.0691,-0.0241,0.0603
LIG,2021-05-12,6.76,6.86,6.76,6.86,328200,6.99,7.52,7.71,-1.9074,-8.803,-11.0232,0.0715,0.0258,0.0518
LIG,2021-05-13,6.86,6.95,6.76,6.76,267630,6.97,7.42,7.7,-3.0055,-8.8575,-12.1505,-0.0608,-0.0226,0.0516
LIG,2021-05-14,6.76,6.86,6.67,6.86,268617,6.94,7.32,7.69,-1.2346,-6.3719,-10.8028,0.0805,0.0295,0.0526
LIG,2021-05-17,6.76,6.76,6.48,6.67,862999,6.9,7.22,7.68,-3.3149,-7.7126,-13.1514,0.0751,0.0272,0.0601
LIG,2021-05-18,6.67,6.67,6.29,6.29,615705,6.85,7.11,7.66,-8.2058,-11.6466,-17.9513,-0.1839,-0.0595,0.07
LIG,2021-05-19,6.29,6.57,6.29,6.38,348163,6.77,7.03,7.64,-5.7665,-9.2141,-16.438,-0.0276,-0.0096,0.0661
LIG,2021-05-20,6.38,6.38,6.0,6.1,611138,6.66,6.93,7.61,-8.4406,-12.0879,-19.8598,-0.0664,-0.0218,0.069
LIG,2021-05-21,5.9,6.67,5.9,6.48,680886,6.6,6.86,7.58,-1.8759,-5.6211,-14.5299,0.0953,0.0296,0.0786
LIG,2021-05-24,6.48,6.57,6.29,6.48,356104,6.56,6.82,7.55,-1.3062,-5.0942,-14.2497,0.0352,0.012,0.0765
LIG,2021-05-25,6.48,6.57,6.29,6.38,340400,6.52,6.77,7.53,-2.1898,-5.7002,-15.2328,-0.0331,-0.012,0.0729
LIG,2021-05-26,6.38,6.48,6.19,6.19,320220,6.46,6.72,7.5,-4.1298,-7.932,-17.4498,-0.0894,-0.0315,0.0747
LIG,2021-05-27,6.19,6.38,6.19,6.29,388000,6.41,6.69,7.47,-1.9316,-6.0498,-15.9021,0.0,0.0,0.0687
LIG,2021-05-28,6.29,6.29,6.1,6.19,507200,6.34,6.64,7.45,-2.4024,-6.81,-16.8585,-0.0,-0.0,0.0606
LIG,2021-05-31,6.1,6.1,5.9,6.0,432841,6.28,6.59,7.4,-4.4006,-8.8937,-18.9398,-0.0,-0.0,0.0531
LIG,2021-06-01,5.9,6.29,5.81,6.19,769230,6.27,6.56,7.36,-1.2158,-5.5919,-15.9338,0.1157,0.0364,0.0463
LIG,2021-06-02,6.19,6.76,6.19,6.76,781446,6.3,6.54,7.34,7.2508,3.4232,-7.864,0.1647,0.0586,0.06
LIG,2021-06-03,6.76,6.95,6.67,6.76,637580,6.37,6.51,7.32,6.1286,3.8012,-7.6002,-0.0379,-0.0145,0.0571
LIG,2021-06-04,6.86,6.95,6.67,6.76,422751,6.4,6.5,7.3,5.6548,4.0293,-7.3349,-0.0262,-0.0086,0.0502
LIG,2021-06-07,6.76,6.86,6.38,6.57,601240,6.41,6.49,7.28,2.526,1.3216,-9.6859,-0.0285,-0.01,0.0496
LIG,2021-06-08,6.67,6.95,6.57,6.57,595158,6.43,6.48,7.25,2.2222,1.4706,-9.4013,-0.0816,-0.0277,0.0544
LIG,2021-06-09,6.57,6.67,6.38,6.67,378100,6.48,6.47,7.24,2.9412,3.0928,-7.8947,0.0834,0.0311,0.0538
LIG,2021-06-10,6.67,6.67,6.48,6.67,195000,6.51,6.46,7.22,2.3392,3.1688,-7.6517,0.042,0.0147,0.058
LIG,2021-06-11,6.67,6.76,6.48,6.57,400029,6.55,6.45,7.2,0.2907,1.9202,-8.7302,-0.0296,-0.0094,0.061
LIG,2021-06-14,6.57,6.67,6.48,6.57,287300,6.61,6.44,7.18,-0.5764,1.9956,-8.4152,-0.0,-0.0,0.061
LIG,2021-06-15,6.57,6.67,6.48,6.48,251141,6.64,6.45,7.14,-2.439,0.369,-9.3575,-0.0585,-0.0195,0.0552
LIG,2021-06-16,6.48,6.67,6.38,6.48,270105,6.61,6.46,7.11,-2.0173,0.295,-8.9448,-0.0202,-0.0069,0.0408
LIG,2021-06-17,6.48,6.86,6.48,6.67,488000,6.6,6.49,7.07,1.0101,2.79,-5.6858,0.0,0.0,0.037
LIG,2021-06-18,6.76,6.76,6.57,6.67,441240,6.59,6.5,7.03,1.1561,2.6393,-5.1747,0.0,0.0,0.0344
LIG,2021-06-21,6.67,6.76,6.57,6.67,313497,6.6,6.5,6.99,1.0101,2.489,-4.6062,0.0,0.0,0.0315
LIG,2021-06-22,6.76,6.76,6.57,6.67,304300,6.61,6.52,6.95,0.8646,2.2644,-4.1359,0.0,0.0,0.0234
LIG,2021-06-23,6.57,6.67,6.48,6.57,379880,6.6,6.54,6.91,-0.4329,0.5098,-4.9587,-0.0,-0.0,0.015
LIG,2021-06-24,6.57,6.57,6.29,6.38,516900,6.57,6.54,6.87,-2.8986,-2.4745,-7.0735,-0.0592,-0.0183,0.0168
LIG,2021-06-25,6.38,6.48,6.29,6.38,360710,6.55,6.55,6.82,-2.6163,-2.6163,-6.4246,-0.0,-0.0,0.0138
LIG,2021-06-28,6.67,6.67,6.29,6.48,245800,6.54,6.58,6.78,-1.0189,-1.5206,-4.4138,0.0,0.0,0.0138
LIG,2021-06-29,6.48,6.48,6.19,6.19,426200,6.51,6.58,6.73,-4.9708,-5.8653,-8.0102,-0.1447,-0.0467,0.0224
LIG,2021-06-30,6.19,6.38,6.19,6.29,290510,6.5,6.55,6.69,-3.2258,-4.0698,-6.0899,0.0,0.0,0.0204
LIG,2021-07-01,6.29,6.38,6.19,6.29,356910,6.46,6.53,6.66,-2.6549,-3.7199,-5.6064,0.0,0.0,0.0204
LIG,2021-07-02,6.29,6.38,6.19,6.29,217000,6.42,6.5,6.63,-2.0772,-3.3675,-5.1452,0.0,0.0,0.0204
LIG,2021-07-05,6.29,6.29,6.1,6.29,277313,6.38,6.49,6.61,-1.4925,-3.1548,-4.8717,0.0591,0.0174,0.0263
LIG,2021-07-06,6.19,6.19,6.1,6.1,350293,6.32,6.47,6.58,-3.6145,-5.7437,-7.3538,-0.0453,-0.0139,0.0308
LIG,2021-07-07,6.1,6.67,6.0,6.67,1732502,6.33,6.47,6.57,5.2632,3.0928,1.4493,0.337,0.0958,0.0645
LIG,2021-07-08,6.67,7.05,6.67,6.86,971010,6.38,6.48,6.57,7.4627,5.8824,4.3781,0.0,0.0,0.0586
LIG,2021-07-09,6.95,7.05,6.67,6.86,1311933,6.43,6.49,6.56,6.6667,5.6493,4.4689,0.0,0.0,0.0586
LIG,2021-07-12,6.95,7.05,6.29,6.57,1085500,6.44,6.49,6.55,2.071,1.2472,0.2907,-0.0462,-0.0175,0.0632
LIG,2021-07-13,6.48,6.57,6.38,6.48,894300,6.47,6.49,6.55,0.1473,-0.2201,-1.0765,0.0,0.0,0.0488
LIG,2021-07-14,6.48,6.67,6.38,6.57,641426,6.5,6.5,6.54,1.173,1.173,0.5538,0.0939,0.0323,0.0582
LIG,2021-07-15,6.57,7.14,6.57,7.14,1572890,6.58,6.52,6.53,8.5384,9.569,9.3294,0.5386,0.1911,0.112
LIG,2021-07-16,7.24,7.52,7.05,7.05,1087820,6.66,6.54,6.53,5.8655,7.7932,7.8717,-0.4228,-0.1483,0.1543
LIG,2021-07-19,7.05,7.62,6.76,7.33,2034880,6.76,6.57,6.54,8.4507,11.5942,12.0815,0.1329,0.055,0.1617
LIG,2021-07-20,7.33,7.52,7.14,7.43,866872,6.9,6.61,6.56,7.7348,12.3919,13.3062,0.0876,0.0326,0.1659
LIG,2021-07-21,7.52,7.52,7.33,7.43,527004,6.97,6.65,6.57,6.5574,11.6679,13.109,0.0,0.0,0.1322
LIG,2021-07-22,7.43,7.52,7.14,7.33,706500,7.02,6.7,6.58,4.4776,9.4527,11.465,0.0,0.0,0.1322
LIG,2021-07-23,7.33,7.33,6.67,6.67,1897111,7.0,6.71,6.58,-4.7619,-0.7092,1.3905,-0.4552,-0.1505,0.1777
LIG,2021-07-26,7.05,7.05,6.38,6.67,1271914,7.01,6.72,6.58,-4.8913,-0.8499,1.3905,-0.0852,-0.0259,0.1816
LIG,2021-07-27,6.67,6.76,6.57,6.57,412500,7.02,6.74,6.58,-6.3772,-2.5424,-0.1447,-0.1681,-0.0519,0.1984
LIG,2021-07-28,6.57,6.57,6.29,6.38,782610,7.0,6.75,6.58,-8.8435,-5.434,-3.0391,-0.1502,-0.0506,0.2041
LIG,2021-07-29,6.38,6.57,6.38,6.48,257400,6.93,6.76,6.59,-6.5934,-4.1579,-1.7057,0.0,0.0,0.1502
LIG,2021-07-30,6.48,6.57,6.29,6.48,785700,6.88,6.77,6.59,-5.8172,-4.2928,-1.7057,0.0816,0.028,0.1161
LIG,2021-08-02,6.48,6.57,6.38,6.48,353830,6.79,6.78,6.59,-4.6283,-4.4273,-1.7057,0.0,0.0,0.1028
LIG,2021-08-03,6.48,6.57,6.38,6.48,306702,6.7,6.8,6.59,-3.2717,-4.6952,-1.7341,0.0,0.0,0.094
LIG,2021-08-04,6.48,6.67,6.48,6.57,646600,6.61,6.79,6.6,-0.5764,-3.2258,-0.4042,-0.0,-0.0,0.094
LIG,2021-08-05,6.57,6.95,6.57,6.86,1042300,6.56,6.79,6.61,4.4993,0.9818,3.7464,0.1286,0.0439,0.1069
LIG,2021-08-06,6.95,6.95,6.67,6.67,362400,6.56,6.78,6.62,1.5965,-1.6854,0.7194,-0.0848,-0.0262,0.0699
LIG,2021-08-09,6.38,6.67,6.38,6.67,337700,6.56,6.79,6.63,1.5965,-1.7544,0.5169,0.0689,0.0217,0.0682
LIG,2021-08-10,6.67,6.86,6.57,6.76,551030,6.58,6.8,6.64,2.7496,-0.5602,1.7775,0.0459,0.0148,0.056
LIG,2021-08-11,6.76,7.43,6.76,7.14,2957750,6.66,6.83,6.65,7.2961,4.6025,7.3883,0.075,0.026,0.0485
LIG,2021-08-12,7.14,7.71,7.14,7.71,2315225,6.78,6.86,6.67,13.764,12.5,15.6482,0.4667,0.1725,0.0951
LIG,2021-08-13,7.81,7.81,7.14,7.43,1164996,6.88,6.88,6.68,8.0332,8.0332,11.1428,-0.0316,-0.0111,0.0901
LIG,2021-08-16,7.43,8.0,7.43,7.9,1999780,7.02,6.9,6.71,12.6187,14.4828,17.7973,0.2504,0.095,0.1152
LIG,2021-08-17,8.0,8.0,7.62,7.71,1141312,7.14,6.92,6.73,8.0,11.4935,14.5686,-0.1357,-0.045,0.1287
LIG,2021-08-18,7.71,7.9,7.62,7.62,958708,7.25,6.93,6.75,5.1248,9.9656,12.835,-0.3597,-0.1271,0.1647
LIG,2021-08-19,7.62,7.71,7.43,7.62,592200,7.32,6.94,6.77,4.0312,9.7394,12.5176,0.0458,0.0161,0.1564
LIG,2021-08-20,7.62,7.81,7.14,7.24,1876110,7.38,6.97,6.78,-1.9355,3.8251,6.6816,-0.2054,-0.0743,0.1685
LIG,2021-08-23,7.24,7.43,7.05,7.14,1118040,7.43,7.0,6.8,-3.8462,2.1103,5.1009,-0.0836,-0.0287,0.17
LIG,2021-08-24,7.05,7.33,7.05,7.24,603100,7.48,7.03,6.81,-3.1847,2.981,6.264,0.0532,0.0206,0.1707
LIG,2021-08-25,7.24,7.24,7.05,7.14,447800,7.48,7.07,6.82,-4.4586,1.0782,4.6609,-0.0,-0.0,0.1632
LIG,2021-08-26,7.14,7.43,7.14,7.24,601523,7.43,7.1,6.84,-2.5641,1.8767,5.8791,-0.0693,-0.0244,0.1235
LIG,2021-08-27,7.24,7.81,7.24,7.71,1461900,7.46,7.17,6.86,3.4483,7.6412,12.5,0.1719,0.0635,0.1375
LIG,2021-08-30,7.62,8.48,7.62,8.48,3795870,7.51,7.27,6.89,12.801,16.6448,22.9621,0.8738,0.3415,0.1998
LIG,2021-08-31,8.67,8.86,8.29,8.29,1851500,7.57,7.36,6.93,9.434,12.6214,19.637,-0.5133,-0.2031,0.2376
LIG,2021-09-01,8.29,8.76,8.29,8.67,2469300,7.68,7.46,6.97,12.9032,16.1455,24.3849,0.3679,0.1569,0.2384
LIG,2021-09-06,8.67,9.33,8.29,9.24,2594238,7.84,7.58,7.02,17.8615,21.8593,31.5076,0.3657,0.1573,0.2704
LIG,2021-09-07,9.24,9.24,8.38,8.48,2422544,7.96,7.67,7.07,6.4593,10.4904,19.9461,-0.3439,-0.1509,0.2843
LIG,2021-09-08,8.48,8.76,8.29,8.57,1423800,8.1,7.77,7.11,5.7579,10.3617,20.5788,0.0916,0.0347,0.2851
LIG,2021-09-09,8.57,8.86,8.38,8.67,698835,8.25,7.86,7.16,5.0808,10.2362,21.075,0.0416,0.018,0.2839
LIG,2021-09-10,8.67,8.76,8.48,8.67,892000,8.4,7.94,7.21,3.1746,9.1782,20.2749,0.0898,0.0349,0.2929
LIG,2021-09-13,8.76,9.52,8.67,9.52,3824749,8.63,8.03,7.27,10.3753,18.624,30.9929,0.7271,0.3359,0.3587
LIG,2021-09-14,10.0,10.1,9.52,9.71,2033831,8.83,8.14,7.34,10.0324,19.2982,32.3644,-0.1452,-0.0761,0.356
LIG,2021-09-15,9.71,10.29,9.33,10.1,1648177,8.99,8.25,7.42,12.2881,22.3312,36.1418,0.2397,0.1197,0.2926
LIG,2021-09-16,10.1,10.1,9.71,9.81,1806300,9.14,8.36,7.49,7.2917,17.3789,30.9766,-0.2887,-0.1255,0.2701
LIG,2021-09-17,9.71,10.1,9.71,9.9,1473950,9.27,8.47,7.55,6.8859,16.9196,31.1145,0.0,0.0,0.2333
LIG,2021-09-20,9.9,10.86,9.9,10.29,2559374,9.37,8.6,7.62,9.7561,19.5351,34.9325,-0.0982,-0.0503,0.2066
LIG,2021-09-21,10.1,10.95,9.52,10.76,2152030,9.6,8.78,7.7,12.1032,22.5597,39.7477,0.3835,0.2036,0.2105
LIG,2021-09-22,10.48,11.33,10.48,11.05,1496843,9.85,8.98,7.79,12.1857,23.0769,41.8093,0.1207,0.0752,0.2134
LIG,2021-09-23,11.05,11.14,10.1,10.19,2887244,10.0,9.12,7.86,1.9048,11.691,29.5713,-0.4178,-0.2408,0.2511
LIG,2021-09-24,10.19,10.38,9.81,9.9,1300780,10.12,9.26,7.93,-2.1637,6.9409,24.8799,-0.2618,-0.1361,0.2682
LIG,2021-09-27,9.52,10.19,9.43,9.52,1480831,10.12,9.38,7.98,-5.9266,1.5744,19.3602,-0.1789,-0.0886,0.2134
LIG,2021-09-28,9.52,9.9,9.14,9.81,1030422,10.13,9.48,8.03,-3.1955,3.4656,22.0958,0.1763,0.0846,0.2165
LIG,2021-09-29,9.9,10.1,9.62,10.0,1039358,10.12,9.56,8.09,-1.223,4.6338,23.6458,0.2307,0.122,0.2156
LIG,2021-09-30,10.0,10.29,10.0,10.1,713617,10.15,9.65,8.14,-0.5629,4.6397,24.0056,-0.1029,-0.046,0.1971
LIG,2021-10-01,10.0,10.0,9.81,9.81,754938,10.14,9.7,8.19,-3.2864,1.0795,19.7953,-0.1975,-0.0941,0.2168
LIG,2021-10-04,9.81,10.1,9.71,9.71,1102441,10.09,9.73,8.24,-3.6827,-0.1468,17.9463,-0.293,-0.1258,0.2363
LIG,2021-10-05,9.71,9.9,9.71,9.81,959340,9.99,9.8,8.3,-1.8112,0.1458,18.2006,0.0,0.0,0.198
LIG,2021-10-06,9.9,10.48,9.71,10.38,1391017,9.92,9.89,8.37,4.6065,5.0096,23.9763,0.3141,0.1552,0.2173
LIG,2021-10-07,10.38,10.95,10.38,10.67,1375927,9.97,9.99,8.46,6.9723,6.8193,26.1545,0.0,0.0,0.1755
LIG,2021-10-08,10.76,10.76,10.19,10.29,932953,10.01,10.07,8.53,2.7593,2.176,20.5357,-0.2047,-0.1031,0.1698
LIG,2021-10-11,10.29,10.38,10.1,10.1,955651,10.07,10.1,8.61,0.2838,0.0,17.3085,-0.2156,-0.1021,0.1735
LIG,2021-10-12,10.1,10.29,9.81,10.19,829576,10.1,10.12,8.68,0.8483,0.7059,17.4018,0.1496,0.0734,0.1708
LIG,2021-10-13,10.19,10.19,10.0,10.0,811160,10.1,10.11,8.75,-1.0368,-1.1299,14.2795,-0.2528,-0.1119,0.173
LIG,2021-10-14,10.0,10.95,10.0,10.95,2580737,10.19,10.17,8.84,7.4766,7.6779,23.8957,0.7283,0.3566,0.2356
LIG,2021-10-15,11.81,12.0,11.33,11.52,3538084,10.36,10.25,8.94,11.2132,12.4013,28.9154,-0.5269,-0.3005,0.2685
LIG,2021-10-18,11.52,12.67,11.24,12.67,4323983,10.66,10.37,9.06,18.8561,22.1304,39.8822,1.0969,0.6865,0.3489
LIG,2021-10-19,12.67,13.71,12.57,13.71,3551592,11.05,10.52,9.2,24.1379,30.3757,49.1301,1.1806,0.7252,0.467
LIG,2021-10-20,13.81,14.57,13.24,14.1,3182262,11.42,10.67,9.34,23.4362,32.0839,50.8357,0.3198,0.2407,0.4675
LIG,2021-10-21,14.1,15.43,13.62,15.14,2636516,11.87,10.92,9.51,27.6083,38.6829,59.191,0.4822,0.3315,0.5157
LIG,2021-10-22,15.14,15.43,13.81,14.57,2703262,12.3,11.15,9.66,18.5128,30.6576,50.8281,-0.0416,-0.0278,0.4994
LIG,2021-10-25,14.48,15.43,14.29,14.67,1745913,12.75,11.41,9.8,15.0112,28.5476,49.6599,-0.103,-0.0686,0.4882
LIG,2021-10-26,14.67,14.67,14.0,14.29,2519380,13.16,11.63,9.94,8.5384,22.7998,43.7608,-0.0824,-0.0555,0.4815
LIG,2021-10-27,14.29,15.43,14.29,14.86,1995729,13.65,11.88,10.08,8.8625,25.1002,47.448,0.0,0.0,0.4562
LIG,2021-10-28,14.86,16.29,14.29,16.1,2936902,14.16,12.18,10.24,13.6516,32.1862,57.1216,0.5734,0.404,0.4407
LIG,2021-10-29,16.1,16.67,15.71,16.0,1540382,14.61,12.49,10.41,9.5176,28.1465,53.6773,-0.1266,-0.0905,0.4006
LIG,2021-11-01,16.1,16.1,14.95,15.71,4235340,14.91,12.79,10.57,5.364,22.905,48.6219,0.2378,0.1657,0.3147
LIG,2021-11-02,15.71,16.38,15.14,15.81,2750466,15.12,13.09,10.74,4.534,20.8151,47.137,0.0384,0.0284,0.2005
LIG,2021-11-03,15.81,16.19,14.29,14.29,4157114,15.14,13.28,10.89,-5.6604,7.5654,31.2106,-0.3961,-0.2751,0.2081
LIG,2021-11-04,14.19,14.86,13.62,14.86,1930786,15.11,13.49,11.04,-1.7013,10.1306,34.5756,0.427,0.2815,0.2026
LIG,2021-11-05,15.33,16.29,15.24,16.29,5731566,15.29,13.79,11.22,6.5421,18.0939,45.112,1.3678,1.0335,0.3352
LIG,2021-11-08,16.29,16.67,15.91,16.0,2105618,15.42,14.09,11.4,3.7678,13.5903,40.3743,-0.3538,-0.2519,0.3603
LIG,2021-11-09,16.1,17.14,15.91,16.67,3051165,15.66,14.41,11.58,6.4477,15.6642,43.9618,0.1349,0.1056,0.3656
LIG,2021-11-10,16.76,16.95,16.19,16.76,1441345,15.85,14.75,11.74,5.7692,13.6584,42.7413,0.1436,0.0985,0.3799
LIG,2021-11-11,16.76,17.05,15.71,16.29,1935695,15.87,15.01,11.9,2.6411,8.4681,36.8219,-0.051,-0.0382,0.3277
LIG,2021-11-12,16.29,16.76,15.81,16.38,2219292,15.91,15.26,12.06,2.994,7.3658,35.861,0.0821,0.0626,0.3232
LIG,2021-11-15,16.38,16.95,16.0,16.29,2332676,15.96,15.44,12.2,2.0286,5.4904,33.5103,-0.173,-0.1236,0.3168
LIG,2021-11-16,16.29,16.38,15.91,16.1,1453126,15.99,15.56,12.35,0.6552,3.4588,30.3208,-0.0606,-0.0409,0.319
LIG,2021-11-17,16.1,16.29,15.71,16.19,1655820,16.18,15.66,12.5,0.0589,3.3749,29.4942,0.2688,0.1819,0.3063
LIG,2021-11-18,16.19,17.81,16.0,17.81,3625110,16.48,15.8,12.69,8.0925,12.7525,40.3904,0.5375,0.4026,0.3173
LIG,2021-11-19,18.1,19.05,16.1,17.14,2734561,16.56,15.92,12.86,3.5078,7.6555,33.3531,-0.1187,-0.0905,0.1924
LIG,2021-11-22,17.14,17.14,15.43,15.43,1824265,16.51,15.96,12.97,-6.5205,-3.3413,18.9253,-0.2278,-0.1731,0.1798
LIG,2021-11-23,14.76,16.38,14.29,16.38,1284600,16.48,16.07,13.11,-0.578,1.9561,24.9818,0.2531,0.1642,0.1916
LIG,2021-11-24,16.48,16.67,15.62,16.1,1516328,16.41,16.13,13.23,-1.9153,-0.2067,21.6878,-0.0199,-0.0143,0.1793
LIG,2021-11-25,15.71,16.29,15.71,16.0,778653,16.38,16.12,13.35,-2.3256,-0.7679,19.8459,-0.0,-0.0,0.1741
LIG,2021-11-26,16.19,17.52,15.33,16.95,2824751,16.44,16.17,13.49,3.1286,4.8292,25.653,0.2497,0.1797,0.1909
LIG,2021-11-29,16.95,18.19,15.81,17.62,2579073,16.57,16.27,13.64,6.3218,8.3138,29.1899,0.2587,0.184,0.1995
LIG,2021-11-30,18.1,18.48,17.33,17.43,1769967,16.71,16.35,13.77,4.333,6.6123,26.556,-0.2736,-0.212,0.2208
LIG,2021-12-01,17.43,17.43,16.48,17.05,1359306,16.79,16.49,13.89,1.5315,3.4084,22.7204,0.0653,0.0486,0.2004
LIG,2021-12-02,17.05,17.62,16.48,16.67,1225342,16.68,16.58,14.02,-0.0571,0.5458,18.8697,-0.195,-0.134,0.1662
LIG,2021-12-03,16.38,16.86,15.91,16.0,1613210,16.56,16.56,14.14,-3.3928,-3.3928,13.1313,-0.1602,-0.1091,0.1703
LIG,2021-12-06,16.0,16.95,15.62,15.71,1744983,16.59,16.55,14.27,-5.2813,-5.036,10.1469,-0.2782,-0.198,0.1754
LIG,2021-12-07,15.71,16.19,15.71,16.1,797673,16.56,16.52,14.39,-2.8177,-2.5656,11.8317,0.1025,0.0725,0.1603
LIG,2021-12-08,16.19,16.48,15.62,15.62,961300,16.51,16.46,14.51,-5.421,-5.12,7.6822,-0.2465,-0.1811,0.183
LIG,2021-12-09,15.62,16.57,15.43,16.0,857110,16.51,16.45,14.62,-3.1142,-2.7215,9.4177,-0.0,-0.0,0.183
LIG,2021-12-10,16.0,16.19,15.91,15.91,840812,16.41,16.42,14.75,-3.076,-3.1603,7.8672,-0.246,-0.1667,0.1826
LIG,2021-12-13,15.91,17.05,15.81,16.86,1762371,16.33,16.45,14.89,3.207,2.4602,13.2293,0.2975,0.2182,0.1865
LIG,2021-12-14,17.05,17.43,16.38,16.48,1471862,16.24,16.47,15.02,1.4663,0.0289,9.6881,-0.291,-0.2117,0.1882
LIG,2021-12-15,16.48,16.48,16.0,16.1,881452,16.14,16.47,15.14,-0.295,-2.2556,6.3428,-0.1305,-0.0883,0.1948
LIG,2021-12-16,16.1,16.38,15.81,16.0,1350025,16.08,16.38,15.24,-0.4739,-2.2972,4.9738,-0.0844,-0.0603,0.1837
LIG,2021-12-17,15.91,16.76,15.71,16.19,1930284,16.1,16.33,15.36,0.5917,-0.8457,5.4067,-0.032,-0.0228,0.1709
LIG,2021-12-20,16.29,16.76,16.19,16.29,1313767,16.15,16.37,15.48,0.8255,-0.5236,5.179,-0.19,-0.1335,0.162
LIG,2021-12-21,16.29,17.52,16.0,17.43,2920649,16.29,16.42,15.63,7.0175,6.1177,11.5174,0.5413,0.3471,0.2059
LIG,2021-12-22,17.43,19.14,17.43,19.14,5641345,16.64,16.58,15.81,15.0544,15.4841,21.0698,1.0099,0.809,0.2823
LIG,2021-12-23,19.81,20.38,18.1,19.81,3211425,17.02,16.77,15.99,16.3962,18.1483,23.898,0.2631,0.2066,0.3086
LIG,2021-12-24,19.71,19.81,18.48,18.57,2383647,17.29,16.85,16.13,7.438,10.2318,15.1393,-0.476,-0.4161,0.3316
LIG,2021-12-27,18.57,19.52,17.24,18.57,2482063,17.46,16.9,16.25,6.383,9.9211,14.3025,0.1223,0.0879,0.3141
LIG,2021-12-28,18.76,19.24,18.1,18.57,2063003,17.67,16.95,16.35,5.1213,9.5506,13.6231,-0.0702,-0.0542,0.292
LIG,2021-12-29,18.67,20.0,18.29,19.81,2612706,18.04,17.09,16.46,9.8205,15.9097,20.3564,0.5125,0.4172,0.3302
LIG,2021-12-30,19.81,20.48,18.95,19.14,1262193,18.35,17.21,16.54,4.3072,11.2033,15.7434,-0.2328,-0.1849,0.345
LIG,2021-12-31,19.14,19.24,18.48,18.48,1335408,18.58,17.34,16.62,-0.5638,6.5641,11.1875,-0.3415,-0.2567,0.376
LIG,2022-01-04,18.48,19.24,18.19,18.67,1954868,18.82,17.49,16.7,-0.8097,6.7538,11.7956,-0.0402,-0.0282,0.361
LIG,2022-01-05,18.67,19.52,18.48,18.76,1844383,18.95,17.62,16.79,-1.005,6.4865,11.7667,-0.1317,-0.0939,0.32
LIG,2022-01-06,18.76,19.24,18.29,18.95,2368835,18.93,17.79,16.87,0.1006,6.5596,12.3532,0.1862,0.1307,0.2376
LIG,2022-01-07,19.05,20.1,18.95,19.62,3516881,18.91,17.97,16.94,3.7261,9.1969,15.8214,0.1153,0.0854,0.2229
LIG,2022-01-10,20.76,21.52,19.43,19.43,2873041,19.0,18.14,17.01,2.2556,7.0866,14.2345,-0.3648,-0.2798,0.2118
LIG,2022-01-11,19.43,19.52,18.67,18.67,1418230,19.01,18.23,17.07,-1.8036,2.3766,9.375,-0.2731,-0.193,0.2268
LIG,2022-01-12,18.67,18.67,16.86,16.86,3671655,18.84,18.25,17.09,-10.5157,-7.6441,-1.3488,-0.5476,-0.339,0.2746
LIG,2022-01-13,16.86,17.43,15.24,15.24,2390299,18.38,18.21,17.11,-17.0984,-16.318,-10.9231,-0.3389,-0.2296,0.2572
LIG,2022-01-14,13.71,16.19,13.71,15.52,1926421,18.02,18.19,17.12,-13.8478,-14.6373,-9.3235,0.2482,0.1428,0.2588
LIG,2022-01-17,15.52,16.19,14.0,14.0,1616022,17.57,18.08,17.07,-20.3252,-22.5501,-18.0054,-0.2052,-0.1212,0.2451
LIG,2022-01-18,14.0,14.0,12.67,12.67,1381631,16.97,17.9,17.01,-25.3648,-29.2177,-25.5236,-0.3316,-0.1851,0.2743
LIG,2022-01-19,12.67,12.67,11.43,12.29,1724943,16.32,17.64,16.92,-24.7375,-30.3456,-27.3894,0.1852,0.103,0.2796
LIG,2022-01-20,12.29,13.43,12.29,13.43,614491,15.77,17.35,16.85,-14.8551,-22.6125,-20.321,0.138,0.0724,0.2748
LIG,2022-01-21,13.71,14.76,13.62,14.29,1272270,15.24,17.08,16.81,-6.25,-16.3413,-15.0334,0.0601,0.0349,0.2693
LIG,2022-01-24,14.38,14.38,12.86,12.86,1069887,14.58,16.79,16.74,-11.8223,-23.426,-23.2082,-0.1854,-0.102,0.2513
LIG,2022-01-25,12.86,13.52,12.76,13.33,586510,14.05,16.53,16.68,-5.0847,-19.3316,-20.0822,0.0595,0.0326,0.23
LIG,2022-01-26,13.33,13.91,12.86,12.86,775567,13.65,16.24,16.62,-5.792,-20.8443,-22.6361,-0.1935,-0.1118,0.1946
LIG,2022-01-27,12.86,12.86,12.1,12.29,658795,13.35,15.87,16.54,-7.9886,-22.569,-25.7255,-0.1387,-0.0745,0.1746
LIG,2022-01-28,12.19,12.19,11.52,12.0,1055760,13.0,15.51,16.43,-7.6923,-22.6282,-26.9396,0.1172,0.0615,0.1614
LIG,2022-02-07,12.0,12.76,12.0,12.48,581474,12.85,15.21,16.33,-2.891,-17.9712,-23.6063,0.0483,0.0257,0.1458
LIG,2022-02-08,12.76,13.05,12.48,12.86,482400,12.87,14.92,16.28,-0.074,-13.8206,-21.0249,0.0519,0.0271,0.1178
LIG,2022-02-09,12.95,13.14,12.57,12.95,569740,12.93,14.63,16.21,0.1473,-11.4583,-20.1034,0.0471,0.0242,0.104
LIG,2022-02-10,12.95,13.71,12.95,13.43,600888,12.93,14.35,16.16,3.8292,-6.4366,-16.8926,0.0682,0.0348,0.097
LIG,2022-02-11,13.43,13.43,13.05,13.24,392150,12.83,14.03,16.1,3.1923,-5.6668,-17.7904,0.0,0.0,0.091
LIG,2022-02-14,13.33,13.33,12.76,12.95,534484,12.84,13.71,16.02,0.8902,-5.5228,-19.1631,-0.0339,-0.0185,0.0758
LIG,2022-02-15,12.76,13.05,12.48,12.95,331400,12.8,13.42,15.93,1.1905,-3.5119,-18.6895,0.0849,0.0426,0.0784
LIG,2022-02-16,12.95,13.81,12.95,13.81,1150391,12.9,13.27,15.86,7.0901,4.0545,-12.9129,0.3826,0.2178,0.0973
LIG,2022-02-17,13.91,14.0,13.52,13.71,517576,13.04,13.2,15.79,5.1863,3.9336,-13.1484,-0.04,-0.0191,0.0874
LIG,2022-02-18,13.71,13.91,13.52,13.81,613009,13.22,13.11,15.73,4.4669,5.3396,-12.2276,0.0936,0.0519,0.085
LIG,2022-02-21,13.91,14.67,13.81,14.29,1205741,13.4,13.12,15.7,6.6098,8.8534,-9.0027,0.0383,0.0232,0.084
LIG,2022-02-22,14.19,14.38,13.52,13.91,1289890,13.51,13.19,15.66,2.9619,5.4532,-11.2246,-0.0354,-0.0191,0.0824
LIG,2022-02-23,14.0,14.1,13.71,13.91,497715,13.6,13.27,15.62,2.2409,4.8098,-10.9756,-0.0,-0.0,0.0777
LIG,2022-02-24,13.91,13.91,12.86,13.14,1470138,13.57,13.25,15.57,-3.1579,-0.8264,-15.586,-0.1573,-0.0841,0.0866
LIG,2022-02-25,13.24,13.62,13.14,13.43,707883,13.59,13.21,15.52,-1.1913,1.6583,-13.4651,0.0362,0.0191,0.0902
LIG,2022-02-28,13.52,13.52,13.14,13.43,1026070,13.64,13.24,15.47,-1.5363,1.4388,-13.188,0.1303,0.0695,0.0999
LIG,2022-03-01,13.43,14.1,13.24,13.81,1289241,13.72,13.26,15.41,0.6246,4.1293,-10.3721,0.0979,0.0545,0.1012
LIG,2022-03-02,13.91,14.0,13.24,13.43,1088923,13.69,13.29,15.35,-1.8789,1.0391,-12.4984,-0.0971,-0.0559,0.0726
LIG,2022-03-03,13.52,13.81,13.24,13.81,975877,13.7,13.37,15.3,0.8345,3.3131,-9.7473,0.1782,0.0963,0.0864
LIG,2022-03-04,13.91,14.48,13.71,14.0,1428880,13.71,13.47,15.26,2.0833,3.9604,-8.2626,-0.0857,-0.0461,0.0856
LIG,2022-03-07,13.81,14.48,13.71,14.48,2085581,13.73,13.57,15.23,5.4092,6.7041,-4.9287,0.5348,0.2896,0.1353
LIG,2022-03-08,14.48,14.76,14.0,14.0,1751767,13.74,13.62,15.18,1.8711,2.7613,-7.7792,-0.2717,-0.1465,0.1589
LIG,2022-03-09,13.33,14.1,13.24,13.91,965084,13.74,13.67,15.11,1.1781,1.7067,-7.9793,0.1259,0.0654,0.1715
LIG,2022-03-10,13.81,14.19,13.81,13.91,868671,13.82,13.7,15.01,0.6203,1.5299,-7.3369,-0.115,-0.0631,0.1673
LIG,2022-03-11,13.91,14.0,13.43,13.62,1340736,13.84,13.71,14.88,-1.5829,-0.6944,-8.4859,-0.1053,-0.0581,0.1742
LIG,2022-03-14,13.52,13.71,13.14,13.43,826640,13.84,13.74,14.78,-2.9594,-2.253,-9.1378,-0.0,-0.0,0.1612
LIG,2022-03-15,13.43,14.57,13.33,14.19,1622110,13.88,13.8,14.69,2.2649,2.8295,-3.4098,0.1843,0.1017,0.1698
LIG,2022-03-16,14.29,14.48,13.91,13.91,819823,13.92,13.81,14.6,-0.1368,0.7244,-4.7495,-0.2927,-0.1677,0.1894
LIG,2022-03-17,14.0,14.29,13.91,14.0,652160,13.94,13.82,14.48,0.4098,1.3094,-3.3276,-0.0909,-0.053,0.1806
LIG,2022-03-18,14.0,15.33,14.0,15.24,4622585,14.07,13.89,14.4,8.3277,9.7017,5.7921,1.216,0.6723,0.2937
LIG,2022-03-21,15.33,15.71,15.24,15.43,1789305,14.16,13.95,14.34,8.9442,10.618,7.5697,-0.0986,-0.0542,0.25
LIG,2022-03-22,15.43,15.52,14.95,15.05,1594556,14.27,14.01,14.27,5.474,7.4464,5.4458,-0.2266,-0.1333,0.2455
LIG,2022-03-23,14.95,15.24,14.76,14.95,2455760,14.37,14.06,14.19,4.0424,6.3686,5.3408,-0.1199,-0.0695,0.2449
LIG,2022-03-24,14.95,15.91,14.76,15.43,2457380,14.52,14.17,14.12,6.2295,8.871,9.238,0.1007,0.0566,0.2435
LIG,2022-03-25,15.43,15.91,15.24,15.24,1543375,14.69,14.26,14.04,3.7613,6.8447,8.5629,-0.3739,-0.2206,0.2703
LIG,2022-03-28,15.24,15.24,14.19,14.57,2262008,14.8,14.32,13.94,-1.5444,1.7626,4.5368,-0.1221,-0.0669,0.2826
LIG,2022-03-29,14.57,14.95,14.57,14.86,875715,14.87,14.37,13.86,-0.0641,3.3797,7.1723,0.1385,0.0762,0.278
LIG,2022-03-30,14.76,14.95,13.91,14.0,2148498,14.88,14.4,13.81,-5.8899,-2.7778,1.4073,-0.3695,-0.2076,0.2857
LIG,2022-03-31,14.0,14.38,13.52,13.62,1062350,14.84,14.39,13.77,-8.2157,-5.3607,-1.1202,-0.225,-0.1188,0.2991
LIG,2022-04-01,13.62,14.1,13.43,14.0,896836,14.71,14.39,13.74,-4.8544,-2.7134,1.8711,0.1489,0.0792,0.1924
LIG,2022-04-04,14.1,14.29,13.81,14.29,603776,14.6,14.38,13.75,-2.1526,-0.6623,3.9069,0.1303,0.0688,0.1955
LIG,2022-04-05,14.38,14.76,14.1,14.57,1128533,14.55,14.41,13.79,0.1309,1.1236,5.6922,0.1417,0.0774,0.187
LIG,2022-04-06,14.57,14.76,14.1,14.29,1185426,14.49,14.43,13.83,-1.3807,-0.9901,3.32,-0.106,-0.057,0.1857
LIG,2022-04-07,14.29,14.29,13.81,13.91,553648,14.33,14.43,13.84,-2.99,-3.6304,0.4956,-0.0691,-0.037,0.1825
LIG,2022-04-08,13.91,14.1,13.52,13.71,754800,14.18,14.43,13.83,-3.2908,-4.9819,-0.7991,-0.0479,-0.0278,0.1499
LIG,2022-04-12,13.71,13.71,12.48,12.67,1203822,13.99,14.4,13.82,-9.4622,-12.0079,-8.3517,-0.1579,-0.0849,0.1535
LIG,2022-04-13,12.57,13.24,12.57,13.24,438901,13.83,14.35,13.82,-4.27,-7.7332,-4.204,0.1053,0.0529,0.1502
LIG,2022-04-14,13.24,13.43,12.86,12.95,457700,13.72,14.3,13.82,-5.6211,-9.4239,-6.2845,-0.1013,-0.0488,0.1233
LIG,2022-04-15,12.95,13.14,12.57,12.67,461815,13.63,14.23,13.83,-7.058,-11.007,-8.4022,-0.079,-0.0395,0.1087
LIG,2022-04-18,12.67,12.67,11.43,11.43,1481578,13.37,14.04,13.82,-14.5299,-18.6165,-17.287,-0.2575,-0.1314,0.1196
LIG,2022-04-19,11.43,11.71,10.29,10.29,1173900,12.97,13.79,13.77,-20.7048,-25.3886,-25.3215,-0.2393,-0.109,0.1305
LIG,2022-04-20,10.0,10.19,9.33,9.33,1417100,12.45,13.5,13.7,-25.0191,-30.8642,-31.8877,-0.2883,-0.1249,0.1452
LIG,2022-04-21,8.67,9.14,8.48,8.48,1275500,11.87,13.18,13.61,-28.5714,-35.6704,-37.7361,-0.2947,-0.1067,0.164
LIG,2022-04-22,8.48,9.14,7.9,8.57,760000,11.33,12.83,13.52,-24.3697,-33.2096,-36.584,0.016,0.0056,0.1587
LIG,2022-04-25,8.57,8.95,7.9,8.1,569500,10.77,12.48,13.41,-24.8453,-35.1145,-39.6478,-0.062,-0.0245,0.1601
LIG,2022-04-26,8.0,8.76,7.71,8.76,487035,10.38,12.19,13.33,-15.5963,-28.0969,-34.2669,0.0865,0.0341,0.153
LIG,2022-04-27,8.76,9.14,8.57,9.05,467000,9.96,11.9,13.25,-9.1778,-23.9392,-31.7234,0.1126,0.0428,0.1537
LIG,2022-04-28,9.05,9.33,9.05,9.24,530300,9.59,11.66,13.16,-3.6743,-20.7516,-29.8017,0.0754,0.0306,0.1511
LIG,2022-04-29,9.33,9.43,9.14,9.43,456008,9.27,11.45,13.07,1.7472,-17.6373,-27.8846,0.1582,0.0647,0.1591
LIG,2022-05-04,9.43,10.19,9.14,10.0,854500,9.12,11.25,13.0,9.6033,-11.0923,-23.0657,0.1839,0.0843,0.1517
LIG,2022-05-05,10.0,10.1,9.43,9.71,384605,9.07,11.02,12.91,7.1429,-11.841,-24.7344,-0.026,-0.0105,0.1304
LIG,2022-05-06,9.43,9.62,8.95,8.95,613110,9.03,10.74,12.81,-0.8439,-16.6297,-30.1011,-0.1606,-0.0658,0.1176
LIG,2022-05-09,8.86,8.86,8.1,8.1,667710,8.99,10.43,12.69,-9.9576,-22.3744,-36.2149,-0.1171,-0.0479,0.0998
LIG,2022-05-10,7.71,8.29,7.62,8.29,465022,8.96,10.15,12.59,-7.5452,-18.3482,-34.2105,0.0995,0.038,0.1082
LIG,2022-05-11,8.38,8.76,8.29,8.67,384604,9.02,9.9,12.5,-3.9071,-12.4158,-30.6614,0.146,0.0511,0.1166
LIG,2022-05-12,8.67,8.67,7.81,7.81,378300,8.92,9.65,12.39,-12.4867,-19.0923,-36.9522,-0.0842,-0.0331,0.1164
LIG,2022-05-13,7.81,8.0,7.05,7.05,1403975,8.72,9.34,12.25,-19.214,-24.5668,-42.4751,-0.2339,-0.0927,0.1285
LIG,2022-05-16,7.33,7.71,7.14,7.24,450610,8.52,9.06,12.13,-15.0838,-20.0841,-40.3173,-0.0741,-0.0294,0.1284
LIG,2022-05-17,7.24,7.81,7.14,7.81,580755,8.36,8.81,12.01,-6.6059,-11.3992,-34.9619,0.1139,0.0452,0.1239
LIG,2022-05-18,7.81,8.1,7.71,7.81,567600,8.14,8.63,11.88,-4.0936,-9.5422,-34.2843,-0.0936,-0.0354,0.1149
LIG,2022-05-19,7.62,7.81,7.43,7.62,442800,7.93,8.5,11.75,-3.9616,-10.3641,-35.1386,0.0,0.0,0.1123
LIG,2022-05-20,7.71,7.81,7.62,7.71,532400,7.81,8.42,11.62,-1.2195,-8.371,-33.6174,-0.0,-0.0,0.0962
LIG,2022-05-23,7.71,7.9,7.52,7.62,691491,7.76,8.38,11.5,-1.8405,-9.0392,-33.72,-0.1363,-0.0544,0.0982
LIG,2022-05-24,7.62,7.71,7.43,7.71,429300,7.7,8.33,11.37,0.1236,-7.4286,-32.1608,0.1149,0.0438,0.0997
LIG,2022-05-25,7.71,8.48,7.52,8.48,1858857,7.69,8.35,11.27,10.285,1.4823,-24.7803,0.4043,0.1708,0.1255
LIG,2022-05-26,8.57,8.76,8.38,8.48,759700,7.75,8.34,11.17,9.3366,1.6562,-24.1132,-0.1592,-0.0696,0.133
LIG,2022-05-27,8.48,8.67,8.38,8.38,292910,7.89,8.3,11.05,6.2802,0.9174,-24.1771,-0.1359,-0.0482,0.1232
LIG,2022-05-30,8.38,8.57,8.1,8.29,1313208,7.99,8.26,10.94,3.6949,0.346,-24.2688,-0.1242,-0.0468,0.1282
LIG,2022-05-31,8.38,8.67,8.19,8.48,1028541,8.06,8.21,10.83,5.2009,3.2483,-21.7376,0.0764,0.0305,0.1245
LIG,2022-06-01,8.48,8.67,8.29,8.38,604800,8.11,8.13,10.69,3.2864,3.1049,-21.6245,-0.1332,-0.0473,0.1284
LIG,2022-06-02,8.38,8.38,7.9,8.1,759400,8.16,8.05,10.55,-0.8168,0.5917,-23.2436,-0.0428,-0.0172,0.1327
LIG,2022-06-03,8.3,8.4,8.0,8.2,477700,8.21,8.01,10.41,-0.1294,2.3701,-21.229,-0.0,-0.0,0.1327
LIG,2022-06-06,8.3,8.4,7.8,7.8,646035,8.23,8.0,10.27,-5.2099,-2.4437,-24.0274,-0.1706,-0.0609,0.1362
LIG,2022-06-07,7.8,8.0,7.4,7.8,658420,8.24,7.97,10.11,-5.3083,-2.1464,-22.8814,0.0564,0.0197,0.1303
LIG,2022-06-08,7.9,8.1,7.9,8.1,510930,8.2,7.94,9.97,-1.215,1.9798,-18.7687,0.172,0.0614,0.1071
LIG,2022-06-09,8.1,8.2,8.0,8.1,368832,8.16,7.96,9.84,-0.7595,1.7938,-17.7004,0.0,0.0,0.0911
LIG,2022-06-10,8.1,8.1,7.8,7.8,439778,8.1,7.99,9.7,-3.7498,-2.4375,-19.5954,-0.0977,-0.0351,0.0873
LIG,2022-06-13,7.7,7.8,7.1,7.1,1392610,7.99,7.99,9.56,-11.0865,-11.1163,-25.755,-0.23,-0.0854,0.0979
LIG,2022-06-14,7.0,7.1,6.5,6.5,637650,7.79,7.92,9.42,-16.5345,-17.955,-31.0019,-0.2137,-0.0657,0.1116
LIG,2022-06-15,6.5,6.8,6.0,6.3,609000,7.58,7.85,9.27,-16.8815,-19.7145,-32.0135,-0.0392,-0.0142,0.1022
LIG,2022-06-16,6.4,6.6,6.2,6.3,408970,7.4,7.78,9.11,-14.8649,-19.0339,-30.8211,-0.0621,-0.0207,0.1042
LIG,2022-06-17,6.3,6.3,5.7,5.8,873253,7.16,7.69,8.93,-18.9944,-24.5314,-35.0605,-0.1207,-0.0389,0.1162
LIG,2022-06-20,5.8,5.9,5.3,5.3,514300,6.91,7.57,8.75,-23.2996,-29.9808,-39.4401,-0.1002,-0.0303,0.1092
LIG,2022-06-21,5.1,5.4,4.8,4.8,646200,6.61,7.42,8.57,-27.3828,-35.3416,-43.9878,-0.1639,-0.044,0.1199
LIG,2022-06-22,4.8,5.2,4.8,5.2,487300,6.32,7.26,8.4,-17.7215,-28.3728,-38.0899,0.1211,0.0354,0.1149
LIG,2022-06-23,5.2,5.4,5.1,5.3,122800,6.04,7.1,8.25,-12.2517,-25.3626,-35.7726,0.0137,0.0039,0.1162
LIG,2022-06-24,5.4,5.7,5.4,5.5,363295,5.81,6.96,8.1,-5.3356,-20.9422,-32.075,-0.0551,-0.0164,0.112
LIG,2022-06-27,5.6,5.7,5.5,5.7,289301,5.67,6.83,7.95,0.5291,-16.5159,-28.321,0.1001,0.0302,0.099
LIG,2022-06-28,5.8,6.2,5.7,6.2,644286,5.64,6.71,7.82,9.9291,-7.6533,-20.7442,0.2465,0.0768,0.1023
LIG,2022-06-29,6.2,6.2,5.7,6.0,440079,5.61,6.59,7.71,6.9519,-9.0188,-22.2214,0.0507,0.0149,0.1034
LIG,2022-06-30,5.8,6.0,5.5,5.6,340200,5.54,6.47,7.62,1.083,-13.4467,-26.5138,-0.0522,-0.0171,0.1024
LIG,2022-07-01,5.4,5.9,5.2,5.9,497900,5.55,6.36,7.55,6.3063,-7.1597,-21.873,0.1515,0.0524,0.1055
LIG,2022-07-04,6.0,6.0,5.8,5.9,241700,5.61,6.26,7.5,5.1693,-5.7508,-21.3363,0.0,0.0,0.0955
LIG,2022-07-05,5.9,5.9,5.7,5.7,134400,5.7,6.16,7.44,0.0,-7.3924,-23.4165,-0.043,-0.013,0.0834
LIG,2022-07-06,5.7,5.7,5.4,5.4,234600,5.72,6.02,7.39,-5.5944,-10.299,-26.9178,-0.0656,-0.0197,0.0778
LIG,2022-07-07,5.5,5.6,5.3,5.5,245900,5.74,5.89,7.32,-4.1812,-6.6214,-24.9014,0.0499,0.0128,0.0815
LIG,2022-07-08,5.6,5.9,5.5,5.8,406100,5.77,5.79,7.26,0.5199,0.1727,-20.0964,0.0781,0.0259,0.0838
LIG,2022-07-11,5.8,6.0,5.4,5.7,446300,5.77,5.72,7.19,-1.2132,-0.3497,-20.701,0.0,0.0,0.0738
LIG,2022-07-12,5.7,6.2,5.7,6.2,1079101,5.77,5.7,7.12,7.4523,8.6766,-12.963,0.396,0.133,0.0887
LIG,2022-07-13,6.4,6.8,6.2,6.3,838584,5.8,5.7,7.05,8.6207,10.4294,-10.6307,-0.2207,-0.0839,0.1057
LIG,2022-07-14,6.2,6.4,6.1,6.3,323472,5.87,5.7,6.98,7.3254,10.4294,-9.7565,0.0372,0.0134,0.1042
LIG,2022-07-15,6.3,6.7,6.1,6.4,1170889,5.92,5.74,6.93,8.1081,11.5955,-7.6487,0.0,0.0,0.0891
LIG,2022-07-18,6.4,6.9,6.4,6.5,768498,5.98,5.8,6.9,8.6957,12.1657,-5.7719,-0.1799,-0.0672,0.1071
LIG,2022-07-19,6.5,6.6,6.3,6.6,401550,6.07,5.88,6.86,8.7315,12.1495,-3.8522,0.2044,0.0756,0.1232
LIG,2022-07-20,6.6,6.9,6.6,6.7,783050,6.2,5.96,6.83,8.0645,12.4161,-1.8329,-0.0887,-0.033,0.1255
LIG,2022-07-21,6.5,6.8,6.5,6.6,338000,6.31,6.02,6.8,4.5959,9.5436,-2.9541,-0.0433,-0.016,0.1248
LIG,2022-07-22,6.6,6.7,6.4,6.5,459900,6.38,6.08,6.79,1.8809,6.9959,-4.2703,-0.0505,-0.0181,0.1221
LIG,2022-07-25,6.4,6.5,6.3,6.3,331374,6.44,6.1,6.77,-2.1739,3.1941,-6.9587,-0.1496,-0.052,0.137
LIG,2022-07-26,6.3,6.5,6.3,6.3,415963,6.45,6.11,6.74,-2.3256,3.1097,-6.5419,-0.1574,-0.0571,0.1132
LIG,2022-07-27,6.3,6.4,6.2,6.3,288300,6.45,6.12,6.71,-2.3256,2.8571,-6.1214,-0.0,-0.0,0.0911
LIG,2022-07-28,6.4,6.8,6.4,6.6,653700,6.48,6.18,6.69,1.8519,6.8826,-1.3514,-0.0,-0.0,0.0874
LIG,2022-07-29,6.6,6.8,6.4,6.5,679724,6.49,6.2,6.67,0.1541,4.7542,-2.4921,-0.1142,-0.0348,0.0988
LIG,2022-08-01,6.5,6.8,6.4,6.6,657207,6.5,6.24,6.65,1.5385,5.7692,-0.6883,-0.0,-0.0,0.0808
LIG,2022-08-02,6.6,7.2,6.6,7.1,2338164,6.55,6.31,6.63,8.3969,12.5198,7.0333,0.4913,0.19,0.1095
LIG,2022-08-03,7.1,7.1,6.8,7.0,621852,6.58,6.39,6.6,6.383,9.5462,5.9976,0.0501,0.0191,0.1056
LIG,2022-08-04,7.0,7.4,7.0,7.1,781453,6.63,6.47,6.58,7.089,9.7372,7.9618,-0.1263,-0.0429,0.1139
LIG,2022-08-05,7.1,7.3,6.9,7.2,1219078,6.7,6.54,6.55,7.4627,10.0917,9.8771,0.1928,0.0715,0.1282
LIG,2022-08-08,7.2,7.6,7.2,7.4,853776,6.81,6.62,6.54,8.6637,11.6981,13.2354,0.0,0.0,0.1132
LIG,2022-08-09,7.4,7.5,7.2,7.4,917047,6.92,6.68,6.51,6.9364,10.6956,13.6097,0.1121,0.0427,0.1087
LIG,2022-08-10,7.4,7.7,7.2,7.4,1210576,7.03,6.74,6.49,5.2632,9.7923,13.953,-0.0793,-0.0305,0.1166
LIG,2022-08-11,7.5,7.6,7.1,7.2,937527,7.09,6.78,6.48,1.5515,6.1164,11.1797,-0.1247,-0.0487,0.1291
LIG,2022-08-12,7.1,7.4,7.1,7.3,450487,7.17,6.83,6.46,1.8131,6.8814,13.0381,0.0458,0.0166,0.1222
LIG,2022-08-15,7.4,7.4,7.1,7.1,745791,7.22,6.86,6.44,-1.662,3.4985,10.18,-0.2218,-0.0795,0.1444
LIG,2022-08-16,7.1,7.2,7.0,7.0,570237,7.21,6.88,6.43,-2.9126,1.7442,8.8986,-0.2279,-0.0763,0.1181
LIG,2022-08-17,7.1,7.3,7.0,7.2,821861,7.23,6.9,6.41,-0.4149,4.2723,12.3245,0.0733,0.0259,0.1204
LIG,2022-08-18,7.2,7.2,7.0,7.1,336995,7.23,6.93,6.39,-1.7981,2.4531,11.1111,-0.0,-0.0,0.1078
LIG,2022-08-19,7.1,7.2,6.8,6.9,713490,7.2,6.95,6.37,-4.1667,-0.7194,8.2863,-0.1478,-0.0496,0.1033
LIG,2022-08-22,6.9,6.9,6.4,6.7,978045,7.13,6.97,6.36,-6.0309,-3.8737,5.2797,0.0645,0.0215,0.1097
LIG,2022-08-23,6.7,6.9,6.5,6.8,342375,7.07,6.99,6.37,-3.819,-2.7877,6.7504,0.0379,0.0133,0.1023
LIG,2022-08-24,6.9,7.0,6.9,7.0,506092,7.03,7.03,6.38,-0.4267,-0.4267,9.6491,0.1856,0.059,0.1129
LIG,2022-08-25,7.0,7.1,6.9,7.0,536893,7.01,7.05,6.4,-0.1427,-0.7092,9.4092,0.0,0.0,0.1005
LIG,2022-08-26,7.0,7.1,6.8,6.8,353348,6.96,7.06,6.42,-2.2989,-3.7509,5.952,-0.0933,-0.0318,0.1052
LIG,2022-08-29,6.7,6.7,6.3,6.5,823604,6.9,7.06,6.44,-5.7971,-7.932,0.9003,0.0,0.0,0.083
LIG,2022-08-30,6.6,6.7,6.5,6.5,275810,6.85,7.03,6.48,-5.1095,-7.5391,0.3706,-0.0872,-0.027,0.069
LIG,2022-08-31,6.5,6.7,6.4,6.7,455439,6.8,7.01,6.51,-1.4706,-4.4904,2.9819,0.183,0.0539,0.0799
LIG,2022-09-05,6.7,6.7,6.5,6.6,264817,6.75,6.99,6.53,-2.2222,-5.5794,1.041,-0.0,-0.0,0.0799
LIG,2022-09-06,6.6,6.7,6.5,6.6,523325,6.72,6.96,6.55,-1.7857,-5.1724,0.7019,-0.0,-0.0,0.0651
LIG,2022-09-07,6.5,6.5,6.2,6.2,606334,6.67,6.9,6.56,-7.0465,-10.1449,-5.5454,-0.091,-0.0275,0.0678
LIG,2022-09-08,6.2,6.3,6.0,6.1,399497,6.6,6.83,6.56,-7.5758,-10.7535,-7.0405,-0.0347,-0.0118,0.0675
LIG,2022-09-09,6.2,6.3,6.0,6.1,375575,6.51,6.77,6.56,-6.298,-9.8966,-7.0689,-0.0302,-0.0093,0.0519
LIG,2022-09-12,6.2,6.3,6.1,6.2,190068,6.43,6.72,6.58,-3.577,-7.7381,-5.7178,0.0,0.0,0.0519
LIG,2022-09-13,6.3,6.3,6.1,6.1,145771,6.36,6.66,6.58,-4.0881,-8.4084,-7.2948,-0.0752,-0.0218,0.0501
LIG,2022-09-14,6.0,6.1,5.8,6.1,432909,6.32,6.61,6.58,-3.481,-7.7156,-7.3512,0.1085,0.0343,0.061
LIG,2022-09-15,6.2,6.2,6.0,6.1,216063,6.28,6.56,6.59,-2.8662,-7.083,-7.4636,-0.0,-0.0,0.0523
LIG,2022-09-16,6.2,6.2,5.9,6.0,235070,6.21,6.5,6.6,-3.3816,-7.7633,-9.146,-0.0188,-0.0053,0.0358
LIG,2022-09-19,6.0,6.1,5.7,5.7,364864,6.12,6.44,6.61,-6.8627,-11.4219,-13.7409,-0.074,-0.0225,0.0432
LIG,2022-09-20,5.7,5.9,5.6,5.8,251808,6.04,6.38,6.61,-3.9735,-9.0909,-12.2276,0.0326,0.0098,0.0465
LIG,2022-09-21,5.8,6.0,5.7,5.9,281850,6.01,6.34,6.61,-1.8303,-6.9401,-10.7683,0.06,0.0183,0.0434
LIG,2022-09-22,5.8,6.0,5.7,6.0,236875,6.0,6.3,6.61,0.0,-4.7619,-9.201,0.0765,0.0237,0.0476
LIG,2022-09-23,6.1,6.6,6.0,6.3,1163551,6.02,6.26,6.61,4.6512,0.5587,-4.661,0.0,0.0,0.0445
LIG,2022-09-26,6.2,6.4,6.0,6.1,574257,6.01,6.22,6.6,1.4975,-1.9293,-7.6317,-0.0625,-0.0198,0.0508
LIG,2022-09-27,6.1,6.3,6.1,6.1,499076,6.01,6.18,6.6,1.4975,-1.3743,-7.5477,-0.1808,-0.0604,0.0614
LIG,2022-09-28,6.1,6.1,5.6,5.6,780906,5.96,6.14,6.58,-6.0403,-8.7948,-14.8936,-0.2548,-0.0775,0.076
LIG,2022-09-29,5.6,5.9,5.5,5.5,428313,5.9,6.09,6.56,-6.7797,-9.688,-16.133,-0.116,-0.0376,0.0876
LIG,2022-09-30,5.5,5.6,5.2,5.5,395316,5.85,6.03,6.53,-5.9829,-8.7894,-15.8249,0.0486,0.0146,0.0906
LIG,2022-10-03,5.5,5.5,5.0,5.0,327639,5.78,5.95,6.5,-13.4948,-15.9664,-23.1006,-0.0737,-0.0225,0.0905
LIG,2022-10-04,5.0,5.3,4.9,5.0,319461,5.7,5.87,6.47,-12.2807,-14.8211,-22.7441,-0.0469,-0.0154,0.092
LIG,2022-10-05,5.2,5.2,5.0,5.2,347697,5.63,5.82,6.45,-7.6377,-10.6529,-19.3798,0.1634,0.0515,0.1023
LIG,2022-10-06,5.3,5.3,4.7,4.9,577188,5.52,5.76,6.42,-11.2319,-14.9306,-23.6998,-0.0469,-0.0149,0.0994
LIG,2022-10-07,4.9,4.9,4.5,4.6,626706,5.35,5.68,6.39,-14.0187,-19.0853,-27.99,-0.0526,-0.0167,0.1046
LIG,2022-10-10,4.6,4.8,4.2,4.6,260212,5.2,5.6,6.35,-11.5385,-17.9304,-27.5362,0.0272,0.0077,0.1011
LIG,2022-10-11,4.7,4.7,4.3,4.3,230141,5.02,5.52,6.3,-14.3426,-22.0308,-31.7893,-0.0467,-0.0146,0.0877
LIG,2022-10-12,4.2,4.6,4.2,4.5,318920,4.91,5.44,6.26,-8.3503,-17.2033,-28.138,0.0485,0.0147,0.0671
LIG,2022-10-13,4.5,4.6,4.4,4.5,145935,4.81,5.36,6.21,-6.4449,-15.9664,-27.5362,0.0,0.0,0.0555
LIG,2022-10-14,4.6,4.8,4.5,4.6,270618,4.72,5.28,6.16,-2.5424,-12.9612,-25.3489,-0.0375,-0.0103,0.0543
LIG,2022-10-17,4.6,4.6,4.4,4.5,188501,4.67,5.22,6.11,-3.6403,-13.8756,-26.3502,0.0,0.0,0.047
LIG,2022-10-18,4.6,4.7,4.5,4.6,209552,4.63,5.16,6.06,-0.6479,-10.939,-24.0673,-0.0,-0.0,0.0423
LIG,2022-10-19,4.7,4.7,4.5,4.6,164397,4.57,5.1,6.0,0.6565,-9.8039,-23.3589,-0.0,-0.0,0.0259
LIG,2022-10-20,4.6,4.6,4.4,4.5,95927,4.53,5.03,5.94,-0.6623,-10.4478,-24.2934,0.0,0.0,0.0213
LIG,2022-10-21,4.5,4.5,4.1,4.1,413562,4.48,4.92,5.88,-8.4821,-16.5819,-30.2484,-0.072,-0.0203,0.0232
LIG,2022-10-24,4.2,4.4,3.8,3.9,449419,4.41,4.8,5.81,-11.5646,-18.8345,-32.8975,-0.065,-0.0194,0.027
LIG,2022-10-25,3.9,4.0,3.6,3.8,356685,4.36,4.69,5.74,-12.844,-18.9765,-33.821,-0.0,-0.0,0.0223
LIG,2022-10-26,3.9,4.0,3.7,3.7,48308,4.28,4.6,5.67,-13.5514,-19.4777,-34.7903,-0.0209,-0.0063,0.0195
LIG,2022-10-27,3.8,4.0,3.6,4.0,510994,4.23,4.52,5.61,-5.4374,-11.5044,-28.7496,0.1023,0.0298,0.0298
LIG,2022-10-28,4.1,4.2,4.0,4.1,234280,4.18,4.45,5.55,-1.9139,-7.8652,-26.1527,-0.0,-0.0,0.026
LIG,2022-10-31,4.1,4.2,3.8,3.9,259329,4.12,4.39,5.49,-5.3398,-11.2628,-28.9359,-0.0335,-0.0096,0.0294
LIG,2022-11-01,3.9,4.0,3.9,4.0,109827,4.06,4.34,5.43,-1.4778,-7.9402,-26.3352,0.036,0.01,0.033
LIG,2022-11-02,4.0,4.0,3.8,3.9,81128,3.99,4.28,5.37,-2.2556,-8.8785,-27.4284,0.0,0.0,0.033
LIG,2022-11-03,3.9,4.0,3.8,3.9,132212,3.93,4.23,5.32,-0.7634,-7.8014,-26.6366,0.0,0.0,0.033
LIG,2022-11-04,3.9,3.9,3.6,3.8,318795,3.9,4.19,5.25,-2.5641,-9.3079,-27.6466,0.0235,0.007,0.0281
LIG,2022-11-07,3.6,3.8,3.5,3.5,240958,3.86,4.14,5.18,-9.3264,-15.3567,-32.4585,-0.0521,-0.0153,0.0268
LIG,2022-11-08,3.4,3.6,3.3,3.4,189947,3.82,4.09,5.11,-10.9948,-16.8704,-33.5158,-0.0164,-0.0043,0.0285
LIG,2022-11-09,3.4,3.6,3.4,3.5,131153,3.8,4.04,5.05,-7.8947,-13.3663,-30.7479,0.0,0.0,0.0264
LIG,2022-11-10,3.4,3.5,3.2,3.2,196756,3.72,3.98,4.99,-13.9785,-19.4969,-35.846,-0.0359,-0.01,0.0197
LIG,2022-11-11,3.2,3.3,2.9,3.0,469247,3.61,3.89,4.91,-16.8975,-22.9782,-38.9499,-0.0517,-0.0134,0.0249
LIG,2022-11-14,3.0,3.1,2.7,2.9,269536,3.51,3.82,4.84,-17.3789,-23.9843,-40.0826,-0.0,-0.0,0.0216
LIG,2022-11-15,2.9,2.9,2.7,2.7,426878,3.38,3.72,4.76,-20.1183,-27.4194,-43.3011,-0.0928,-0.0246,0.0272
LIG,2022-11-16,2.5,2.9,2.5,2.9,505145,3.28,3.64,4.7,-11.5854,-20.2201,-38.2453,0.0567,0.0145,0.0329
LIG,2022-11-17,3.0,3.1,2.9,3.1,323627,3.2,3.56,4.64,-3.125,-13.0435,-33.132,0.077,0.0203,0.0406
LIG,2022-11-18,3.1,3.2,2.9,3.1,347053,3.13,3.51,4.58,-0.9585,-11.8065,-32.2552,0.019,0.0055,0.0402
LIG,2022-11-21,3.1,3.2,3.1,3.2,215343,3.1,3.48,4.52,3.2258,-8.046,-29.1408,0.0643,0.0176,0.0414
LIG,2022-11-22,3.2,3.5,3.2,3.4,567032,3.1,3.46,4.46,9.6774,-1.7341,-23.801,0.032,0.0077,0.0429
LIG,2022-11-23,3.4,3.4,3.2,3.3,165572,3.08,3.44,4.41,7.1429,-4.0698,-25.1021,-0.0,-0.0,0.0429
LIG,2022-11-24,3.1,3.3,3.0,3.2,325065,3.08,3.4,4.35,3.8961,-5.8824,-26.4029,0.0325,0.0084,0.0426
LIG,2022-11-25,3.2,3.3,3.1,3.3,290226,3.11,3.36,4.29,6.1093,-1.7857,-23.1486,0.0562,0.0158,0.0431
LIG,2022-11-28,3.2,3.6,3.2,3.6,671579,3.18,3.34,4.25,13.2075,7.6233,-15.334,0.1027,0.0275,0.0533
LIG,2022-11-29,3.7,3.9,3.7,3.9,931812,3.3,3.34,4.21,18.1818,16.7665,-7.4514,0.1107,0.0329,0.0551
LIG,2022-11-30,4.0,4.1,3.8,4.0,520356,3.41,3.34,4.18,17.3021,19.5815,-4.2146,0.0336,0.0094,0.0528
LIG,2022-12-01,4.1,4.3,4.0,4.1,944367,3.51,3.35,4.14,16.8091,22.2057,-0.9183,-0.0377,-0.0122,0.0489
LIG,2022-12-02,4.1,4.1,3.8,4.1,459345,3.61,3.37,4.09,13.5734,21.6617,0.1466,0.0501,0.0146,0.052
LIG,2022-12-05,4.1,4.4,4.0,4.1,828839,3.7,3.4,4.05,10.8108,20.5882,1.1347,-0.0629,-0.0174,0.0518
LIG,2022-12-06,4.1,4.1,3.8,3.8,510645,3.74,3.42,4.01,1.6043,11.1111,-5.1896,-0.0421,-0.0126,0.0529
LIG,2022-12-07,3.8,3.8,3.5,3.6,476340,3.77,3.42,3.97,-4.5093,5.1095,-9.2742,-0.0317,-0.0096,0.056
LIG,2022-12-08,3.7,3.9,3.7,3.8,312387,3.83,3.45,3.93,-0.7833,9.9855,-3.4062,-0.0,-0.0,0.0528
LIG,2022-12-09,3.5,4.1,3.5,4.1,730021,3.91,3.51,3.91,4.8593,16.8091,4.9667,0.175,0.0485,0.0646
LIG,2022-12-12,4.2,4.5,4.2,4.4,1603895,3.99,3.58,3.89,10.2757,22.7336,12.9944,0.0737,0.0258,0.0617
LIG,2022-12-13,4.5,4.5,4.0,4.2,785985,4.02,3.66,3.88,4.4776,14.7541,8.3032,-0.0254,-0.0077,0.0532
LIG,2022-12-14,4.3,4.5,4.1,4.2,663031,4.04,3.72,3.86,3.9604,12.7517,8.8647,-0.0754,-0.0247,0.0574
LIG,2022-12-15,4.2,4.3,4.0,4.1,740280,4.04,3.78,3.84,1.4851,8.6093,6.7153,-0.0709,-0.02,0.0607
LIG,2022-12-16,4.0,4.3,3.9,4.2,644311,4.05,3.83,3.83,3.7037,9.6606,9.5462,0.0684,0.0191,0.0625
LIG,2022-12-19,4.2,4.3,4.0,4.1,523961,4.05,3.88,3.82,1.2346,5.8065,7.2176,-0.024,-0.0073,0.0587
LIG,2022-12-20,4.0,4.1,3.7,3.8,978600,4.05,3.89,3.81,-6.1728,-2.439,-0.3671,-0.0817,-0.0238,0.0626
LIG,2022-12-21,3.8,3.9,3.5,3.6,353303,4.05,3.91,3.8,-11.1111,-7.9284,-5.1633,-0.0468,-0.0128,0.0641
LIG,2022-12-22,3.6,3.7,3.5,3.7,267100,4.04,3.93,3.78,-8.4158,-5.972,-2.1164,0.1164,0.0306,0.0758
LIG,2022-12-23,3.7,3.8,3.6,3.6,133305,3.99,3.95,3.76,-9.7744,-8.8608,-4.2553,-0.06,-0.0159,0.0643
LIG,2022-12-26,3.6,3.7,3.3,3.3,371005,3.88,3.94,3.74,-14.9485,-16.1372,-11.6702,-0.0674,-0.0187,0.0636
LIG,2022-12-27,3.3,3.6,3.3,3.6,183280,3.82,3.92,3.72,-5.7592,-8.1633,-3.1216,0.0414,0.012,0.0652
LIG,2022-12-28,3.5,3.7,3.5,3.6,135456,3.76,3.9,3.7,-4.2553,-7.6923,-2.5974,0.0,0.0,0.0577
LIG,2022-12-29,3.6,3.6,3.4,3.6,217980,3.71,3.88,3.68,-2.965,-7.0968,-2.1207,0.0909,0.0244,0.0597
LIG,2022-12-30,3.5,3.7,3.4,3.7,163935,3.66,3.85,3.67,1.0929,-4.0208,0.8174,0.0732,0.0198,0.0602
LIG,2023-01-03,3.7,4.0,3.7,4.0,433533,3.65,3.85,3.67,9.589,3.8961,8.9325,0.0905,0.0273,0.0668
LIG,2023-01-04,4.0,4.2,3.9,3.9,437406,3.66,3.86,3.67,6.5574,1.1673,6.1513,-0.1204,-0.0362,0.0707
LIG,2023-01-05,4.0,4.0,3.8,3.9,198224,3.69,3.87,3.68,5.6911,0.7752,6.0359,0.0,0.0,0.066
LIG,2023-01-06,3.8,4.0,3.8,3.9,267258,3.71,3.88,3.68,5.1213,0.6452,6.0936,0.0,0.0,0.0544
LIG,2023-01-09,3.9,4.0,3.7,3.7,187877,3.72,3.86,3.67,-0.5376,-4.0208,0.8724,-0.0744,-0.0209,0.0558
LIG,2023-01-10,3.7,3.9,3.6,3.9,270508,3.78,3.83,3.67,3.1746,1.8277,6.325,0.1376,0.0383,0.0628
LIG,2023-01-11,3.9,4.0,3.8,3.8,283936,3.8,3.81,3.66,0.0,-0.2625,3.7118,-0.1017,-0.0275,0.0689
LIG,2023-01-12,3.8,3.9,3.7,3.8,255492,3.82,3.79,3.66,-0.5236,0.2639,3.7684,-0.0,-0.0,0.0689
LIG,2023-01-13,3.8,3.9,3.8,3.8,127829,3.84,3.78,3.66,-1.0417,0.6623,3.8251,-0.0448,-0.0128,0.0643
LIG,2023-01-16,3.8,3.9,3.8,3.9,174124,3.86,3.76,3.66,1.0363,3.7234,6.4992,0.0829,0.023,0.0652
LIG,2023-01-17,3.9,4.1,3.8,4.1,665791,3.87,3.76,3.67,5.9432,9.0426,11.595,0.1355,0.0394,0.0697
LIG,2023-01-18,4.1,4.2,4.0,4.0,351147,3.88,3.77,3.69,3.0928,6.1008,8.5187,-0.1154,-0.0332,0.0692
LIG,2023-01-19,4.0,4.1,3.9,4.0,456179,3.89,3.79,3.7,2.8278,5.5409,8.2251,0.0,0.0,0.0692
LIG,2023-01-27,4.0,4.2,4.0,4.1,480603,3.91,3.81,3.71,4.8593,7.6115,10.3931,-0.0,-0.0,0.0692
LIG,2023-01-30,4.1,4.4,4.1,4.2,776521,3.96,3.84,3.74,6.0606,9.375,12.3596,-0.0583,-0.018,0.0676
LIG,2023-01-31,4.2,4.3,4.0,4.2,433055,3.99,3.88,3.76,5.2632,8.1081,11.5834,0.0262,0.0074,0.0565
LIG,2023-02-01,4.2,4.4,3.9,3.9,1154310,4.0,3.9,3.79,-2.5,0.0,2.9567,-0.1356,-0.0391,0.0599
LIG,2023-02-02,4.0,4.0,3.8,3.8,426522,4.0,3.91,3.81,-5.0,-2.8133,-0.1576,-0.1357,-0.0373,0.0734
LIG,2023-02-03,3.8,4.0,3.7,3.9,279029,4.01,3.92,3.82,-2.7431,-0.6369,2.0408,0.0321,0.0076,0.0722
LIG,2023-02-06,3.8,4.0,3.8,3.9,294519,4.01,3.94,3.84,-2.7431,-0.8895,1.6154,0.0,0.0,0.0639
LIG,2023-02-07,3.9,4.0,3.8,3.8,350500,3.98,3.92,3.85,-4.5226,-3.1847,-1.2987,-0.0748,-0.0211,0.0578
LIG,2023-02-08,3.8,3.9,3.7,3.9,333519,3.97,3.92,3.86,-1.7632,-0.6369,1.0363,0.1477,0.0354,0.061
LIG,2023-02-09,3.9,3.9,3.7,3.8,368426,3.95,3.92,3.87,-3.7975,-3.0612,-1.8088,-0.0,-0.0,0.061
LIG,2023-02-10,3.8,3.9,3.7,3.8,254204,3.92,3.92,3.88,-3.0612,-2.9374,-2.1123,-0.0,-0.0,0.061
LIG,2023-02-13,3.7,3.8,3.5,3.6,728039,3.86,3.91,3.89,-6.7358,-7.9284,-7.4074,-0.0609,-0.018,0.0613
LIG,2023-02-14,3.6,3.7,3.5,3.6,197411,3.8,3.9,3.89,-5.2632,-7.5738,-7.4074,0.0,0.0,0.0587
LIG,2023-02-15,3.5,3.9,3.5,3.9,985475,3.8,3.9,3.89,2.6316,0.0,0.3086,0.3483,0.0978,0.08
LIG,2023-02-16,3.9,4.1,3.8,3.9,440776,3.81,3.9,3.89,2.3622,-0.128,0.3603,-0.0483,-0.0135,0.0712
LIG,2023-02-17,3.9,4.0,3.7,3.9,484544,3.81,3.91,3.88,2.3622,-0.2558,0.4637,0.072,0.0202,0.0752
LIG,2023-02-20,3.9,4.2,3.9,4.2,1992170,3.84,3.92,3.88,9.375,7.0064,8.1359,0.3299,0.1001,0.1082
LIG,2023-02-21,4.3,4.5,4.2,4.4,1841048,3.9,3.94,3.89,12.8205,11.6751,13.1105,0.122,0.0401,0.1129
LIG,2023-02-22,4.4,4.4,4.1,4.1,1559578,3.92,3.94,3.9,4.5918,3.929,5.2361,-0.2192,-0.0697,0.1201
LIG,2023-02-23,4.1,4.2,3.9,4.1,962457,3.95,3.95,3.91,3.7975,3.7975,4.9667,0.0622,0.0191,0.1263
LIG,2023-02-24,4.1,4.2,4.0,4.1,1082485,3.98,3.95,3.91,3.0151,3.7975,4.8057,-0.0,-0.0,0.1263
LIG,2023-02-27,4.1,4.1,3.9,3.9,698907,4.01,3.94,3.91,-2.7431,-0.8895,-0.2047,-0.1911,-0.059,0.1393
LIG,2023-02-28,4.0,4.1,3.8,3.8,769725,4.03,3.92,3.9,-5.7072,-2.9374,-2.4641,-0.3393,-0.1188,0.1732
LIG,2023-03-01,3.8,4.0,3.7,4.0,412978,4.04,3.92,3.89,-0.9901,2.0408,2.7749,0.0963,0.0296,0.148
LIG,2023-03-02,4.0,4.0,3.8,3.9,504714,4.04,3.92,3.89,-3.4653,-0.6369,0.3603,0.0,0.0,0.1432
LIG,2023-03-03,3.9,4.0,3.8,3.9,496829,4.04,3.92,3.88,-3.4653,-0.6369,0.4637,0.0,0.0,0.136
LIG,2023-03-06,3.9,4.0,3.9,3.9,307085,4.01,3.92,3.88,-2.7431,-0.6369,0.6192,-0.1147,-0.0341,0.1145
LIG,2023-03-07,3.9,3.9,3.8,3.9,216370,3.96,3.93,3.87,-1.5152,-0.7634,0.7231,0.0928,0.0269,0.1116
LIG,2023-03-08,3.8,4.0,3.8,4.0,450366,3.95,3.93,3.88,1.2658,1.6518,3.1992,0.1031,0.0296,0.0999
LIG,2023-03-09,4.0,4.1,3.9,4.1,278920,3.95,3.95,3.89,3.7975,3.7975,5.5069,0.0854,0.0252,0.1023
LIG,2023-03-10,4.0,4.0,3.9,4.0,340493,3.94,3.96,3.89,1.5228,1.0101,2.7749,0.1333,0.0366,0.1156
LIG,2023-03-13,4.0,4.0,3.8,3.8,444226,3.93,3.97,3.9,-3.3079,-4.2821,-2.4641,-0.1455,-0.0384,0.111
LIG,2023-03-14,3.8,3.9,3.6,3.7,906533,3.92,3.98,3.9,-5.6122,-6.9182,-5.2254,-0.0805,-0.0231,0.0852
LIG,2023-03-15,3.7,3.9,3.7,3.8,307098,3.9,3.97,3.91,-2.5641,-4.2821,-2.7636,-0.0,-0.0,0.0755
LIG,2023-03-16,3.8,3.8,3.7,3.7,520227,3.88,3.96,3.91,-4.6392,-6.5657,-5.3708,-0.201,-0.0563,0.0956
LIG,2023-03-17,3.8,3.9,3.7,3.8,303702,3.87,3.95,3.91,-1.8088,-3.9191,-2.9126,-0.0,-0.0,0.0956
LIG,2023-03-20,3.8,3.9,3.7,3.7,678516,3.85,3.93,3.91,-3.8961,-5.8524,-5.4676,-0.1651,-0.0455,0.1007
LIG,2023-03-21,3.8,3.8,3.6,3.8,291855,3.84,3.9,3.91,-1.0417,-2.5641,-2.8133,0.1153,0.0296,0.1029
LIG,2023-03-22,3.8,3.9,3.7,3.8,318591,3.82,3.88,3.91,-0.5236,-2.1879,-2.7636,-0.0,-0.0,0.0926
LIG,2023-03-23,3.7,3.8,3.7,3.8,186211,3.79,3.87,3.91,0.2639,-1.8088,-2.7138,0.0699,0.0188,0.0911
LIG,2023-03-24,3.8,3.8,3.7,3.7,676080,3.76,3.85,3.9,-1.5957,-3.8961,-5.1768,-0.2679,-0.0692,0.1045
LIG,2023-03-27,3.7,3.8,3.7,3.8,206490,3.76,3.84,3.9,1.0638,-1.1704,-2.6639,0.0729,0.021,0.0973
LIG,2023-03-28,3.8,3.9,3.8,3.8,1213325,3.77,3.84,3.9,0.7958,-1.1704,-2.614,-0.278,-0.0814,0.117
LIG,2023-03-29,3.8,3.8,3.7,3.8,369683,3.77,3.84,3.9,0.7958,-0.9126,-2.614,0.1772,0.0452,0.1347
LIG,2023-03-30,3.8,3.9,3.7,3.7,377031,3.77,3.82,3.9,-1.8568,-3.268,-5.1282,-0.095,-0.0274,0.1241
LIG,2023-03-31,3.7,3.8,3.6,3.8,371373,3.77,3.82,3.9,0.7958,-0.5236,-2.5641,0.1185,0.0301,0.136
LIG,2023-04-03,3.8,3.9,3.7,3.8,918462,3.78,3.82,3.9,0.5291,-0.3932,-2.5141,-0.0,-0.0,0.1195
LIG,2023-04-04,3.8,4.0,3.8,3.9,1005102,3.79,3.82,3.89,2.9024,2.228,0.1541,0.0,0.0,0.1079
LIG,2023-04-05,3.9,4.1,3.9,4.1,1385255,3.82,3.82,3.9,7.3298,7.3298,5.2361,0.3219,0.1037,0.1401
LIG,2023-04-06,4.1,4.3,4.0,4.0,1639321,3.84,3.82,3.9,4.1667,4.8493,2.6694,-0.2102,-0.0664,0.1542
LIG,2023-04-07,4.1,4.1,3.9,4.0,672599,3.87,3.82,3.89,3.3592,4.8493,2.7221,0.0,0.0,0.1274
LIG,2023-04-10,4.0,4.1,3.8,3.9,1003607,3.88,3.82,3.89,0.5155,2.0942,0.3086,-0.0543,-0.0166,0.1255
LIG,2023-04-11,3.9,3.9,3.8,3.9,1228523,3.89,3.83,3.88,0.2571,1.8277,0.4637,0.2268,0.0674,0.1204
LIG,2023-04-12,3.9,4.0,3.8,3.8,465351,3.89,3.83,3.88,-2.3136,-0.7833,-2.0619,-0.1266,-0.0349,0.1153
LIG,2023-04-13,3.8,4.0,3.8,4.0,1019815,3.92,3.84,3.88,2.0408,4.0312,2.9866,0.2459,0.0731,0.1304
LIG,2023-04-14,3.9,4.0,3.8,3.8,910438,3.92,3.84,3.88,-3.0612,-1.1704,-2.1123,-0.1334,-0.0398,0.1319
LIG,2023-04-17,3.7,3.9,3.7,3.7,631053,3.91,3.84,3.88,-5.3708,-3.7711,-4.59,-0.2701,-0.0751,0.1589
LIG,2023-04-18,3.7,3.9,3.7,3.8,737327,3.9,3.84,3.88,-2.5641,-1.1704,-2.0113,-0.0,-0.0,0.1589
LIG,2023-04-19,3.8,3.9,3.7,3.8,381130,3.87,3.84,3.88,-1.8088,-1.1704,-1.9608,-0.0,-0.0,0.1267
LIG,2023-04-20,3.8,3.9,3.7,3.8,314198,3.85,3.84,3.88,-1.2987,-1.1704,-1.9608,-0.0,-0.0,0.1057
LIG,2023-04-21,3.8,3.8,3.7,3.7,946568,3.82,3.84,3.87,-3.1414,-3.7711,-4.4915,-0.3006,-0.0815,0.1358
LIG,2023-04-24,3.7,3.8,3.7,3.7,209019,3.8,3.84,3.88,-2.6316,-3.6458,-4.5408,-0.0786,-0.023,0.1382
LIG,2023-04-25,3.8,3.8,3.6,3.7,532354,3.78,3.84,3.88,-2.1164,-3.5202,-4.59,0.0,0.0,0.1155
LIG,2023-04-26,3.7,3.8,3.6,3.8,374241,3.78,3.83,3.88,0.5291,-0.9126,-1.9608,0.1066,0.0283,0.1135
LIG,2023-04-27,3.8,3.8,3.7,3.7,308046,3.75,3.84,3.87,-1.3333,-3.5202,-4.4421,-0.1243,-0.033,0.1014
LIG,2023-04-28,3.7,3.8,3.7,3.7,279200,3.74,3.83,3.87,-1.0695,-3.3943,-4.3433,-0.0786,-0.0205,0.0959
LIG,2023-05-04,3.7,3.9,3.7,3.9,835389,3.76,3.84,3.86,3.7234,1.6949,0.9839,0.2398,0.0706,0.0928
LIG,2023-05-05,3.8,3.9,3.8,3.8,422146,3.76,3.83,3.85,1.0638,-0.7833,-1.2987,-0.1649,-0.0485,0.1093
LIG,2023-05-08,3.8,4.1,3.8,4.1,2328400,3.79,3.83,3.85,8.1794,7.0496,6.4935,0.5517,0.1841,0.1645
LIG,2023-05-09,4.5,4.5,4.1,4.1,2342635,3.82,3.83,3.85,7.3298,6.91,6.4935,-0.9102,-0.3006,0.2555
LIG,2023-05-10,4.1,4.3,4.1,4.2,1424321,3.87,3.84,3.85,8.5271,9.2328,9.0343,0.0,0.0,0.2255
LIG,2023-05-11,4.2,4.5,4.2,4.2,2377783,3.92,3.86,3.86,7.1429,8.8083,8.8647,-0.6251,-0.1947,0.2801
LIG,2023-05-12,4.3,4.4,4.1,4.4,2216726,3.99,3.88,3.87,10.2757,13.2561,13.6951,0.4641,0.1533,0.3265
LIG,2023-05-15,4.5,4.8,4.4,4.8,4846801,4.09,3.94,3.89,17.3594,21.9822,23.5203,0.7514,0.2744,0.391
LIG,2023-05-16,4.9,5.0,4.6,4.8,2001685,4.2,3.98,3.9,14.2857,20.7547,22.9508,0.0,0.0,0.3786
LIG,2023-05-17,4.9,5.1,4.7,4.7,2482655,4.3,4.02,3.92,9.3023,16.9154,19.898,-0.4015,-0.1453,0.4109
LIG,2023-05-18,4.7,4.8,4.5,4.5,2224022,4.36,4.06,3.93,3.211,10.8374,14.4456,-0.677,-0.2288,0.4546
LIG,2023-05-19,4.5,4.6,4.2,4.4,2315833,4.42,4.09,3.94,-0.4525,7.5795,11.6185,0.0,0.0,0.4381
LIG,2023-05-22,4.4,4.7,4.4,4.7,1330384,4.48,4.14,3.96,4.9107,13.6638,18.8069,0.3612,0.1227,0.419
LIG,2023-05-23,4.7,4.7,4.5,4.6,1423609,4.53,4.18,3.97,1.5453,10.1796,15.9859,-0.0,-0.0,0.328
LIG,2023-05-24,4.6,4.9,4.6,4.7,2682269,4.58,4.23,3.98,2.6201,11.2426,18.0905,-0.2019,-0.063,0.3482
LIG,2023-05-25,4.7,4.8,4.6,4.7,1286207,4.63,4.28,4.0,1.5119,9.9415,17.5588,0.0,0.0,0.2857
LIG,2023-05-26,4.7,4.9,4.7,4.9,1851571,4.68,4.34,4.02,4.7009,13.0334,21.8299,0.6285,0.2299,0.3022
LIG,2023-05-29,4.9,5.1,4.9,5.1,2713289,4.71,4.4,4.05,8.2803,15.9091,25.9881,0.565,0.2079,0.2835
LIG,2023-05-30,5.1,5.2,4.8,5.0,2763331,4.73,4.46,4.07,5.7082,11.9821,22.7295,0.0,0.0,0.2835
LIG,2023-05-31,5.0,5.5,4.9,5.4,4022162,4.8,4.55,4.11,12.5,18.6813,31.5149,0.6632,0.2541,0.3097
LIG,2023-06-01,5.5,5.7,5.3,5.4,2099604,4.89,4.62,4.14,10.4294,16.7568,30.4348,-0.2196,-0.085,0.2639
LIG,2023-06-02,5.4,5.5,5.0,5.1,2922156,4.96,4.69,4.17,2.8226,8.742,22.4196,-0.3826,-0.1325,0.3022
LIG,2023-06-05,5.1,5.3,5.0,5.2,1659415,5.01,4.74,4.19,3.7924,9.589,23.9866,0.093,0.0323,0.2754
LIG,2023-06-06,5.2,5.4,5.1,5.4,1639267,5.09,4.81,4.23,6.0904,12.2661,27.7804,0.2869,0.1077,0.3041
LIG,2023-06-07,5.4,5.6,5.3,5.4,1553405,5.16,4.87,4.26,4.6512,10.883,26.7606,-0.1071,-0.0377,0.2946
LIG,2023-06-08,5.4,5.6,5.2,5.2,2765705,5.21,4.92,4.29,-0.1919,5.6911,21.2687,-0.2636,-0.0931,0.321
LIG,2023-06-09,5.2,5.3,5.1,5.3,1504061,5.25,4.96,4.32,0.9524,6.7472,22.742,0.2677,0.0874,0.2849
LIG,2023-06-12,5.3,5.6,5.2,5.4,1623484,5.28,5.0,4.35,2.2727,8.1081,24.1379,0.0,0.0,0.2284
LIG,2023-06-13,5.4,5.5,5.4,5.5,1687609,5.33,5.03,4.39,3.1895,9.3439,25.399,0.3218,0.1148,0.2606
LIG,2023-06-14,5.4,5.7,5.2,5.3,2934392,5.32,5.06,4.42,-0.3759,4.7431,20.0181,-0.2459,-0.0868,0.2188
LIG,2023-06-15,5.3,5.4,5.1,5.2,1265232,5.3,5.1,4.44,-1.8868,2.0608,17.0117,-0.1227,-0.04,0.2091
LIG,2023-06-16,5.2,5.4,5.1,5.2,1408034,5.31,5.14,4.47,-2.0716,1.2658,16.3311,-0.0619,-0.0209,0.1771
LIG,2023-06-19,5.3,5.3,5.1,5.1,869039,5.3,5.16,4.49,-3.7736,-1.0669,13.5857,-0.1899,-0.0688,0.1868
LIG,2023-06-20,5.2,5.3,5.1,5.3,489160,5.29,5.19,4.52,0.189,2.1195,17.3605,0.0952,0.0315,0.1676
LIG,2023-06-21,5.3,5.5,5.3,5.4,1106733,5.29,5.22,4.54,2.0794,3.3493,18.838,0.0,0.0,0.1569
LIG,2023-06-22,5.4,5.5,5.3,5.4,1584474,5.31,5.26,4.57,1.6949,2.6616,18.0586,0.0,0.0,0.1305
LIG,2023-06-23,5.4,5.9,5.4,5.9,5468681,5.37,5.31,4.61,9.8696,11.1111,27.8717,1.3641,0.4556,0.2402
LIG,2023-06-26,5.8,6.0,5.5,5.7,2274253,5.4,5.34,4.65,5.5556,6.7416,22.5279,-0.0978,-0.0318,0.2499
LIG,2023-06-27,5.7,5.8,5.5,5.6,1127609,5.41,5.37,4.68,3.512,4.2831,19.5559,-0.1185,-0.0386,0.2296
LIG,2023-06-28,5.6,5.7,5.5,5.5,1233595,5.43,5.38,4.72,1.2891,2.3256,16.5748,-0.2696,-0.091,0.232
LIG,2023-06-29,5.5,5.6,5.3,5.3,1635557,5.44,5.37,4.75,-2.5735,-1.3035,11.5789,-0.2238,-0.0737,0.2421
LIG,2023-06-30,5.4,5.4,5.2,5.2,1229803,5.44,5.38,4.78,-4.4118,-3.2558,8.8321,-0.3984,-0.1261,0.2757
LIG,2023-07-03,5.3,5.4,5.2,5.3,734548,5.46,5.38,4.81,-2.9304,-1.487,10.2329,-0.0,-0.0,0.2567
LIG,2023-07-04,5.3,5.6,5.3,5.5,995933,5.48,5.38,4.84,0.365,2.1356,13.5894,0.0645,0.021,0.2537
LIG,2023-07-05,5.5,5.6,5.4,5.5,634536,5.49,5.39,4.88,0.1821,2.0408,12.7511,0.0,0.0,0.2537
LIG,2023-07-06,5.5,5.5,5.1,5.3,1632504,5.48,5.4,4.91,-3.2847,-1.7609,7.943,0.0,0.0,0.2537
LIG,2023-07-07,5.3,5.4,5.2,5.4,1130350,5.43,5.4,4.94,-0.5525,0.0,9.2233,0.2204,0.0705,0.1393
LIG,2023-07-10,5.4,5.5,5.3,5.5,1185756,5.41,5.4,4.98,1.6636,1.7576,10.4861,0.2547,0.0823,0.155
LIG,2023-07-11,5.5,5.6,5.4,5.5,1003838,5.4,5.4,5.01,1.8519,1.7576,9.6929,0.0,0.0,0.1431
LIG,2023-07-12,5.5,5.6,5.4,5.6,1761342,5.41,5.42,5.05,3.512,3.321,10.8472,0.4816,0.1564,0.1643
LIG,2023-07-13,5.6,5.7,5.5,5.6,881744,5.44,5.44,5.09,2.9412,2.9412,10.1062,-0.0,-0.0,0.142
LIG,2023-07-14,5.6,5.8,5.4,5.6,2111817,5.48,5.46,5.12,2.1898,2.5641,9.3323,-0.0,-0.0,0.1021
LIG,2023-07-17,5.6,5.7,5.5,5.7,1890796,5.52,5.49,5.15,3.2609,3.8251,10.5937,0.481,0.1443,0.1502
LIG,2023-07-18,5.7,5.7,5.4,5.5,1737687,5.52,5.5,5.18,-0.3623,0.0,6.1366,-0.1415,-0.046,0.1579
LIG,2023-07-19,5.5,5.6,5.4,5.4,835781,5.51,5.5,5.21,-1.9964,-1.8182,3.7265,-0.1379,-0.0487,0.1717
LIG,2023-07-20,5.4,5.5,5.3,5.5,1142141,5.53,5.51,5.23,-0.5425,-0.0908,5.1223,0.2567,0.0801,0.1974
LIG,2023-07-21,5.5,5.5,5.4,5.4,940242,5.53,5.48,5.25,-2.3508,-1.4599,2.818,-0.1559,-0.0453,0.1909
LIG,2023-07-24,5.4,5.8,5.4,5.8,2741252,5.56,5.48,5.27,4.3165,5.7429,10.0152,0.4912,0.1793,0.2146
LIG,2023-07-25,5.7,5.8,5.5,5.5,1806221,5.56,5.48,5.29,-1.0791,0.365,4.0484,-0.3826,-0.1259,0.2528
LIG,2023-07-26,5.5,5.6,5.4,5.5,986920,5.55,5.48,5.3,-0.9009,0.365,3.7344,0.0,0.0,0.2047
LIG,2023-07-27,5.5,5.7,5.4,5.5,1777006,5.54,5.49,5.32,-0.722,0.1821,3.3446,-0.1208,-0.0391,0.2168
LIG,2023-07-28,5.6,5.7,5.5,5.7,1969312,5.55,5.52,5.35,2.7027,3.3545,6.5819,0.3492,0.1152,0.2517
LIG,2023-07-31,5.8,6.0,5.6,5.8,3023500,5.56,5.54,5.37,4.3165,4.6931,8.0074,0.0,0.0,0.2036
LIG,2023-08-01,5.8,5.8,5.6,5.6,1599791,5.57,5.54,5.39,0.5386,0.9919,3.8961,-0.1732,-0.054,0.2067
LIG,2023-08-02,5.6,5.7,5.5,5.6,1393296,5.59,5.55,5.41,0.1789,0.9009,3.5503,-0.0,-0.0,0.193
LIG,2023-08-03,5.6,5.7,5.4,5.5,1927768,5.59,5.56,5.42,-1.61,-1.0791,1.4012,-0.1258,-0.0368,0.1799
LIG,2023-08-04,5.5,5.7,5.5,5.6,1621278,5.61,5.57,5.44,-0.1783,0.5386,2.979,-0.0,-0.0,0.1643
LIG,2023-08-07,5.6,5.7,5.5,5.7,2031811,5.6,5.58,5.45,1.7857,2.1505,4.5872,0.4005,0.127,0.1552
LIG,2023-08-08,5.7,6.2,5.7,6.2,8007223,5.67,5.62,5.47,9.3474,10.4185,13.2627,1.0983,0.4087,0.2268
LIG,2023-08-09,6.8,6.8,6.3,6.3,3911110,5.75,5.65,5.49,9.5652,11.5044,14.7123,-0.704,-0.2346,0.2972
LIG,2023-08-10,6.3,6.4,6.0,6.1,4268212,5.81,5.68,5.51,4.9914,7.489,10.7882,-0.3329,-0.1117,0.3184
LIG,2023-08-11,6.0,6.2,5.9,6.1,2239489,5.85,5.7,5.53,4.2735,7.0175,10.3873,0.1261,0.0388,0.2961
LIG,2023-08-14,6.1,6.7,6.1,6.4,3970059,5.91,5.74,5.55,8.291,11.5955,15.3153,0.0,0.0,0.2961
LIG,2023-08-15,6.5,6.5,6.3,6.5,1411380,6.0,5.78,5.57,8.3333,12.3596,16.6547,0.2709,0.0896,0.3058
LIG,2023-08-16,6.5,6.5,6.2,6.2,2027557,6.06,5.82,5.59,2.3102,6.4378,10.952,-0.4036,-0.1248,0.3462
LIG,2023-08-17,6.3,6.3,6.1,6.1,1596248,6.12,5.86,5.61,-0.3268,4.1845,8.812,-0.2127,-0.0713,0.3549
LIG,2023-08-18,6.1,6.1,5.5,5.5,4878005,6.11,5.86,5.61,-9.9836,-6.1433,-1.9608,-0.3215,-0.1052,0.387
LIG,2023-08-21,5.6,5.6,5.0,5.3,1760314,6.07,5.84,5.61,-12.6853,-9.1688,-5.4922,0.0,0.0,0.347
LIG,2023-08-22,5.2,5.5,4.9,5.3,1922213,5.98,5.82,5.6,-11.3712,-9.0129,-5.4247,0.0893,0.0266,0.2461
LIG,2023-08-23,5.3,5.4,5.2,5.3,799715,5.88,5.82,5.6,-9.8639,-8.8564,-5.4247,-0.0,-0.0,0.1757
LIG,2023-08-24,5.3,5.5,5.2,5.4,895392,5.81,5.81,5.61,-7.0568,-7.0568,-3.709,0.0482,0.014,0.1472
LIG,2023-08-25,5.4,5.5,5.3,5.4,1037327,5.74,5.8,5.61,-5.9233,-6.8162,-3.7776,0.0,0.0,0.1346
LIG,2023-08-28,5.4,5.4,5.2,5.4,1141194,5.64,5.78,5.62,-4.2553,-6.4935,-3.8804,0.2379,0.0642,0.1584
LIG,2023-08-29,5.4,5.5,5.3,5.4,1339281,5.53,5.76,5.62,-2.3508,-6.3313,-3.9146,0.0,0.0,0.1313
LIG,2023-08-30,5.4,5.5,5.3,5.4,422336,5.45,5.76,5.62,-0.9174,-6.1685,-3.9146,0.0,0.0,0.091
LIG,2023-08-31,5.4,5.5,5.4,5.5,824155,5.39,5.76,5.62,2.0408,-4.4309,-2.17,0.1587,0.0411,0.0856
LIG,2023-09-05,5.5,5.9,5.5,5.7,2515495,5.41,5.76,5.62,5.3604,-1.0417,1.4596,0.0,0.0,0.0534
LIG,2023-09-06,5.8,5.8,5.6,5.7,990427,5.45,5.76,5.62,4.5872,-1.0417,1.4596,0.0,0.0,0.0534
LIG,2023-09-07,5.7,5.9,5.6,5.7,1618788,5.49,5.74,5.62,3.8251,-0.6103,1.4235,-0.0974,-0.0277,0.0542
LIG,2023-09-08,5.7,5.8,5.6,5.7,1629921,5.53,5.7,5.62,3.0741,-0.0876,1.3514,0.0,0.0,0.0542
LIG,2023-09-11,5.7,5.8,5.5,5.5,1485973,5.54,5.68,5.63,-0.722,-3.0837,-2.2743,-0.1347,-0.0393,0.0629
LIG,2023-09-12,5.5,5.6,5.4,5.5,887082,5.55,5.64,5.63,-0.9009,-2.5686,-2.3784,0.0,0.0,0.0629
LIG,2023-09-13,5.6,5.7,5.5,5.5,1266470,5.56,5.6,5.64,-1.0791,-1.7857,-2.4477,-0.2147,-0.0576,0.0605
LIG,2023-09-14,5.5,5.6,5.3,5.3,1550188,5.55,5.54,5.63,-4.5045,-4.3321,-5.9283,-0.221,-0.0603,0.0826
LIG,2023-09-15,5.3,5.5,5.3,5.4,721951,5.55,5.5,5.63,-2.7027,-1.8182,-4.1193,0.0,0.0,0.0826
LIG,2023-09-18,5.4,5.5,5.3,5.3,927345,5.53,5.46,5.63,-4.1591,-2.9304,-5.8949,-0.2357,-0.0652,0.0904
LIG,2023-09-19,5.4,5.4,5.2,5.4,475087,5.5,5.46,5.63,-1.8182,-1.0082,-4.1193,0.0928,0.023,0.0996
LIG,2023-09-20,5.4,5.5,5.3,5.5,721246,5.48,5.47,5.63,0.365,0.6404,-2.3438,0.1424,0.0389,0.1139
LIG,2023-09-21,5.5,5.5,5.4,5.5,640993,5.46,5.48,5.63,0.7326,0.4566,-2.3438,0.0951,0.0249,0.1136
LIG,2023-09-22,5.4,5.5,5.0,5.2,2186191,5.41,5.47,5.62,-3.8817,-4.936,-7.5391,-0.0496,-0.0132,0.1186
LIG,2023-09-25,5.2,5.2,4.7,4.7,1441515,5.33,5.44,5.61,-11.8199,-13.5235,-16.1613,-0.1527,-0.0411,0.1204
LIG,2023-09-26,4.7,4.9,4.6,4.6,746014,5.24,5.4,5.59,-12.2137,-14.7359,-17.6513,-0.1051,-0.0284,0.1309
LIG,2023-09-27,4.5,4.6,4.2,4.6,1529892,5.15,5.36,5.56,-10.6796,-14.099,-17.3257,0.2081,0.0512,0.1303
LIG,2023-09-28,4.6,4.6,4.4,4.5,455189,5.07,5.31,5.54,-11.2426,-15.2542,-18.8312,0.0,0.0,0.1082
LIG,2023-09-29,4.6,4.6,4.4,4.6,381285,4.99,5.27,5.53,-7.8156,-12.7135,-16.7873,0.1147,0.0271,0.1196
LIG,2023-10-02,4.5,4.7,4.5,4.6,383662,4.92,5.22,5.51,-6.5041,-11.9617,-16.5154,-0.0,-0.0,0.0961
LIG,2023-10-03,4.5,4.5,4.3,4.4,571140,4.82,5.16,5.49,-8.7137,-14.7287,-19.8543,0.0,0.0,0.0868
LIG,2023-10-04,4.4,4.5,4.2,4.5,472915,4.72,5.1,5.46,-4.661,-11.7647,-17.6428,0.1362,0.032,0.0862
LIG,2023-10-05,4.5,4.5,4.3,4.3,321943,4.6,5.03,5.44,-6.5217,-14.5129,-20.9559,-0.0731,-0.017,0.084
LIG,2023-10-06,4.3,4.4,4.2,4.4,474400,4.52,4.96,5.42,-2.6549,-11.3797,-18.7892,0.1088,0.0256,0.0899
LIG,2023-10-09,4.4,4.5,4.3,4.4,352134,4.49,4.91,5.4,-2.0045,-10.387,-18.4581,0.0,0.0,0.0746
LIG,2023-10-10,4.4,4.7,4.4,4.5,1014940,4.48,4.86,5.37,0.4464,-7.4074,-16.2323,-0.0714,-0.0168,0.0712
LIG,2023-10-11,4.5,4.6,4.4,4.6,255906,4.48,4.81,5.35,2.6786,-4.4652,-13.9865,0.06,0.014,0.0564
LIG,2023-10-12,4.6,4.7,4.4,4.5,857052,4.48,4.78,5.33,0.4464,-5.7592,-15.5088,-0.1058,-0.025,0.067
LIG,2023-10-13,4.5,4.5,4.3,4.5,727700,4.47,4.73,5.3,0.6711,-4.8626,-15.1584,0.1983,0.0415,0.0753
LIG,2023-10-16,4.5,4.5,4.3,4.4,686908,4.45,4.69,5.28,-1.1236,-6.0832,-16.6982,0.0,0.0,0.0753
LIG,2023-10-17,4.4,4.5,4.3,4.3,224115,4.44,4.63,5.26,-3.1532,-7.1274,-18.1887,-0.0391,-0.0088,0.0793
LIG,2023-10-18,4.3,4.4,4.0,4.1,1123497,4.4,4.56,5.22,-6.8182,-10.0877,-21.5161,-0.1302,-0.0301,0.0787
LIG,2023-10-19,4.1,4.2,4.0,4.0,323981,4.37,4.48,5.18,-8.4668,-10.8138,-22.7799,-0.0832,-0.0179,0.0797
LIG,2023-10-20,4.0,4.2,3.9,4.1,423795,4.34,4.43,5.14,-5.53,-7.4492,-20.1713,0.0259,0.0056,0.0714
LIG,2023-10-23,4.1,4.1,4.0,4.0,475645,4.3,4.4,5.09,-6.9767,-8.9875,-21.4762,-0.1803,-0.0405,0.0894
LIG,2023-10-24,4.0,4.1,3.9,4.1,241939,4.26,4.37,5.05,-3.7559,-6.1785,-18.8761,0.0888,0.0196,0.0912
LIG,2023-10-25,4.1,4.2,4.0,4.0,353900,4.2,4.34,5.01,-4.7619,-7.8341,-20.0959,-0.0972,-0.0219,0.0949
LIG,2023-10-26,4.0,4.0,3.6,3.7,1641078,4.12,4.3,4.95,-10.1942,-13.9535,-25.2525,-0.0903,-0.0207,0.0933
LIG,2023-10-27,3.7,3.8,3.6,3.7,536385,4.04,4.26,4.9,-8.4158,-13.0435,-24.4898,0.0,0.0,0.0735
LIG,2023-10-30,3.7,3.7,3.6,3.6,413510,3.96,4.2,4.85,-9.0909,-14.3876,-25.7732,-0.105,-0.0224,0.084
LIG,2023-10-31,3.7,3.7,3.5,3.6,831976,3.89,4.17,4.81,-7.455,-13.5654,-25.187,0.0,0.0,0.0801
LIG,2023-11-01,3.6,3.6,3.5,3.6,378324,3.84,4.12,4.78,-6.25,-12.6214,-24.6547,0.0696,0.0147,0.074
LIG,2023-11-02,3.5,3.9,3.4,3.9,1165260,3.83,4.1,4.75,1.8277,-4.878,-17.8947,0.176,0.0394,0.0833
LIG,2023-11-03,3.9,3.9,3.8,3.8,424728,3.8,4.07,4.72,0.0,-6.6339,-19.4915,-0.1263,-0.0242,0.0934
LIG,2023-11-06,3.8,3.9,3.7,3.9,962738,3.79,4.04,4.69,2.9024,-3.5847,-16.8443,0.2809,0.0611,0.1034
LIG,2023-11-07,3.9,4.0,3.8,3.8,587271,3.76,4.01,4.66,1.0638,-5.2369,-18.4199,-0.1959,-0.0437,0.1141
LIG,2023-11-08,3.8,4.1,3.8,4.1,871233,3.77,3.99,4.63,8.7533,2.8858,-11.4853,0.1004,0.0228,0.1144
LIG,2023-11-09,4.1,4.2,4.0,4.1,1432344,3.81,3.96,4.61,7.6115,3.4048,-10.9857,-0.0,-0.0,0.1054
LIG,2023-11-10,4.1,4.2,4.0,4.0,889104,3.84,3.94,4.58,4.1667,1.5228,-12.6256,-0.1841,-0.039,0.1238
LIG,2023-11-13,4.1,4.2,3.9,3.9,622752,3.87,3.92,4.55,0.7752,-0.3831,-14.2103,-0.203,-0.0427,0.1336
LIG,2023-11-14,4.0,4.2,4.0,4.2,911094,3.93,3.91,4.52,6.8702,7.4169,-6.9973,0.3198,0.0773,0.1656
LIG,2023-11-15,4.2,4.4,4.1,4.2,983027,3.99,3.92,4.49,5.2632,7.2797,-6.3754,-0.0605,-0.0138,0.1647
LIG,2023-11-16,4.2,4.4,4.1,4.3,1340988,4.03,3.93,4.46,6.6998,9.4148,-3.5442,0.0868,0.0195,0.1558
LIG,2023-11-17,4.3,4.4,4.1,4.2,1430330,4.07,3.93,4.43,3.1941,6.7344,-5.1491,-0.0765,-0.0184,0.1508
LIG,2023-11-20,4.1,4.2,4.0,4.2,230031,4.1,3.94,4.4,2.439,6.4639,-4.5888,0.0491,0.0117,0.1276
LIG,2023-11-21,4.2,4.3,4.1,4.1,736054,4.13,3.94,4.37,-0.7264,3.929,-6.2643,-0.2364,-0.0468,0.1317
LIG,2023-11-22,4.1,4.2,4.0,4.2,988145,4.14,3.95,4.35,1.4493,6.1947,-3.4039,0.1811,0.0399,0.1397
LIG,2023-11-23,4.2,4.3,4.1,4.1,891232,4.14,3.98,4.32,-0.9662,3.1447,-5.1804,-0.0942,-0.0217,0.1492
LIG,2023-11-24,4.1,4.1,3.9,4.1,538134,4.15,3.99,4.3,-1.2048,2.6283,-4.6068,0.0732,0.0158,0.1381
LIG,2023-11-27,4.1,4.1,3.9,4.0,420013,4.16,4.01,4.27,-3.8462,-0.3736,-6.367,0.0,0.0,0.1178
LIG,2023-11-28,4.0,4.0,3.8,4.0,372421,4.14,4.03,4.24,-3.3816,-0.8674,-5.7493,0.081,0.0172,0.0939
LIG,2023-11-29,4.0,4.1,3.9,4.0,695090,4.12,4.06,4.21,-2.9126,-1.3564,-5.0783,0.0,0.0,0.0878
LIG,2023-11-30,4.0,4.1,3.9,4.0,1108760,4.09,4.06,4.18,-2.2005,-1.4778,-4.3977,0.0,0.0,0.0792
LIG,2023-12-01,4.0,4.1,3.9,4.0,300737,4.07,4.07,4.16,-1.7199,-1.7199,-3.8462,0.0,0.0,0.0715
LIG,2023-12-04,4.0,4.2,3.9,4.1,700209,4.06,4.08,4.15,0.9852,0.4902,-1.1572,0.0387,0.0087,0.0705
LIG,2023-12-05,4.1,4.2,4.0,4.1,417947,4.06,4.1,4.14,0.9852,0.1221,-0.9183,-0.0,-0.0,0.0468
LIG,2023-12-06,4.1,4.5,4.1,4.5,4002098,4.09,4.12,4.14,10.0244,9.356,8.8008,0.8041,0.1914,0.1091
LIG,2023-12-07,4.6,4.8,4.4,4.8,2853874,4.16,4.15,4.14,15.3846,15.6627,15.886,0.6363,0.18,0.1633
LIG,2023-12-08,4.8,4.8,4.4,4.4,2004379,4.19,4.17,4.14,5.0119,5.5156,6.3316,-0.5729,-0.1264,0.2133
LIG,2023-12-11,4.5,4.6,4.4,4.5,977956,4.24,4.2,4.14,6.1321,7.1429,8.8008,0.0,0.0,0.2133
LIG,2023-12-12,4.6,4.6,4.4,4.5,810149,4.29,4.22,4.14,4.8951,6.7616,8.7482,0.0,0.0,0.2052
LIG,2023-12-13,4.5,4.5,4.3,4.4,756454,4.33,4.22,4.14,1.6166,4.142,6.383,0.0,0.0,0.2052
LIG,2023-12-14,4.4,4.5,4.2,4.3,1045193,4.36,4.22,4.14,-1.3761,1.7751,3.9652,-0.0791,-0.0183,0.2131
LIG,2023-12-15,4.3,4.4,4.2,4.4,634986,4.4,4.24,4.14,0.0,3.8961,6.383,0.1745,0.0381,0.2306
LIG,2023-12-18,4.4,4.6,4.3,4.5,1035179,4.44,4.25,4.14,1.3514,5.8824,8.7482,0.1089,0.025,0.2376
LIG,2023-12-19,4.5,4.7,4.3,4.4,1349357,4.47,4.26,4.14,-1.566,3.1653,6.383,-0.1549,-0.0364,0.2531
LIG,2023-12-20,4.5,4.5,4.3,4.4,441278,4.46,4.28,4.13,-1.3453,2.924,6.486,0.0,0.0,0.1727
LIG,2023-12-21,4.4,4.4,4.3,4.3,414726,4.41,4.28,4.13,-2.4943,0.3501,4.1667,-0.1734,-0.0375,0.1264
LIG,2023-12-22,4.3,4.4,4.2,4.3,956803,4.4,4.3,4.12,-2.2727,0.1164,4.2677,-0.0,-0.0,0.0691
LIG,2023-12-25,4.3,4.4,4.3,4.3,355323,4.38,4.31,4.12,-1.8265,-0.232,4.3183,-0.1349,-0.027,0.0826
LIG,2023-12-26,4.3,4.4,4.2,4.3,503511,4.36,4.32,4.12,-1.3761,-0.578,4.3183,-0.0,-0.0,0.0826
LIG,2023-12-27,4.3,4.4,4.3,4.4,665604,4.36,4.35,4.13,0.9174,1.2658,6.5891,0.1805,0.0407,0.1006
LIG,2023-12-28,4.4,4.5,4.3,4.4,695940,4.37,4.36,4.14,0.6865,0.8018,6.383,0.0,0.0,0.0927
LIG,2023-12-29,4.4,4.5,4.3,4.3,302133,4.36,4.38,4.14,-1.3761,-1.8265,3.8647,-0.0874,-0.0184,0.084
LIG,2024-01-02,4.3,4.4,4.3,4.4,244187,4.35,4.39,4.15,1.1494,0.1138,6.0752,0.0499,0.0116,0.0781
LIG,2024-01-03,4.3,4.5,4.3,4.4,812839,4.35,4.41,4.15,1.1494,-0.2268,5.922,0.0,0.0,0.0626
LIG,2024-01-04,4.4,4.5,4.4,4.4,906865,4.35,4.4,4.16,1.1494,-0.1135,5.7184,-0.148,-0.0338,0.0774
LIG,2024-01-05,4.4,4.5,4.3,4.4,756832,4.36,4.38,4.18,0.9174,0.3421,5.364,0.0,0.0,0.0601
LIG,2024-01-08,4.3,4.5,4.3,4.4,563325,4.37,4.38,4.19,0.6865,0.3421,5.0119,0.0,0.0,0.0601
LIG,2024-01-09,4.4,4.5,4.3,4.4,353432,4.38,4.38,4.21,0.4566,0.4566,4.6125,0.0,0.0,0.0466
LIG,2024-01-10,4.4,4.5,4.3,4.4,254071,4.39,4.38,4.22,0.2278,0.5714,4.216,0.0,0.0,0.0466
LIG,2024-01-11,4.4,4.4,4.3,4.4,424947,4.39,4.38,4.24,0.2278,0.5714,3.8226,0.1288,0.0313,0.0414
LIG,2024-01-12,4.4,4.4,4.2,4.2,1239390,4.37,4.37,4.24,-3.8902,-3.8902,-1.0368,-0.2614,-0.0611,0.0676
LIG,2024-01-15,4.2,4.3,4.1,4.1,625653,4.35,4.36,4.25,-5.7471,-5.8553,-3.5294,-0.1387,-0.0317,0.0727
LIG,2024-01-16,4.1,4.2,4.1,4.2,541964,4.33,4.34,4.26,-3.0023,-3.2258,-1.3158,0.1132,0.0238,0.079
LIG,2024-01-17,4.2,4.3,4.2,4.2,212821,4.31,4.33,4.26,-2.5522,-3.0023,-1.5009,-0.0579,-0.0124,0.0848
LIG,2024-01-18,4.2,4.2,4.1,4.1,429202,4.28,4.32,4.26,-4.2056,-4.9826,-3.8462,-0.1599,-0.0322,0.086
LIG,2024-01-19,4.2,4.3,4.1,4.2,760517,4.26,4.31,4.27,-1.4085,-2.5522,-1.5471,0.0,0.0,0.086
LIG,2024-01-22,4.2,4.2,4.1,4.2,189640,4.24,4.3,4.27,-0.9434,-2.439,-1.6393,0.0539,0.0117,0.0914
LIG,2024-01-23,4.2,4.3,4.1,4.1,264163,4.21,4.3,4.27,-2.6128,-4.5402,-4.0711,-0.0861,-0.018,0.1
LIG,2024-01-24,4.2,4.2,4.0,4.1,796006,4.18,4.28,4.27,-1.9139,-4.3174,-4.0262,-0.0,-0.0,0.1
LIG,2024-01-25,4.1,4.2,4.0,4.2,704341,4.16,4.28,4.27,0.9615,-1.7544,-1.6854,0.2849,0.0586,0.1156
LIG,2024-01-26,4.2,4.2,4.1,4.1,458451,4.15,4.26,4.27,-1.2048,-3.7559,-3.9363,-0.1774,-0.0354,0.1072
LIG,2024-01-29,4.2,4.2,4.0,4.1,476105,4.15,4.25,4.27,-1.2048,-3.5294,-3.8912,-0.0,-0.0,0.0933
LIG,2024-01-30,4.1,4.2,4.0,4.1,368996,4.14,4.24,4.26,-0.9662,-3.1877,-3.8462,-0.0,-0.0,0.082
LIG,2024-01-31,4.1,4.2,4.0,4.1,646150,4.13,4.22,4.26,-0.7264,-2.8436,-3.8462,-0.0,-0.0,0.0762
LIG,2024-02-01,4.1,4.1,4.0,4.1,181005,4.13,4.2,4.26,-0.7264,-2.497,-3.801,0.0625,0.0114,0.0665
LIG,2024-02-02,4.1,4.2,4.0,4.1,459157,4.12,4.19,4.26,-0.4854,-2.148,-3.801,-0.0,-0.0,0.0665
LIG,2024-02-05,4.1,4.2,4.0,4.0,712675,4.1,4.17,4.26,-2.439,-4.0767,-6.1033,-0.1725,-0.0367,0.0783
LIG,2024-02-06,4.1,4.1,4.0,4.0,789326,4.09,4.15,4.26,-2.2005,-3.6145,-6.1033,-0.2632,-0.0485,0.096
LIG,2024-02-07,4.1,4.1,4.0,4.0,260368,4.08,4.13,4.26,-1.9608,-3.1477,-6.1033,-0.082,-0.0164,0.1042
LIG,2024-02-15,4.1,4.2,4.0,4.1,625243,4.07,4.12,4.26,0.7371,-0.3645,-3.801,-0.0,-0.0,0.0758
LIG,2024-02-16,4.1,4.3,4.1,4.2,848472,4.08,4.12,4.27,2.9412,2.0656,-1.5471,0.0,0.0,0.058
LIG,2024-02-19,4.2,4.3,4.1,4.2,1141944,4.09,4.12,4.27,2.6895,1.9417,-1.6393,0.0,0.0,0.058
LIG,2024-02-20,4.2,4.5,4.2,4.4,2467904,4.12,4.13,4.28,6.7961,6.5375,2.8999,0.2053,0.0432,0.0786
LIG,2024-02-21,4.4,4.4,4.2,4.3,583713,4.14,4.14,4.28,3.8647,3.9903,0.4673,-0.0,-0.0,0.0786
LIG,2024-02-22,4.3,4.5,4.3,4.4,983911,4.17,4.15,4.28,5.5156,6.0241,2.8518,0.0,0.0,0.0723
LIG,2024-02-23,4.3,4.5,4.2,4.2,1312300,4.18,4.15,4.27,0.4785,1.2048,-1.5471,-0.1301,-0.0272,0.0853
LIG,2024-02-26,4.2,4.3,4.2,4.3,489395,4.21,4.16,4.26,2.1378,3.4898,0.8443,0.1008,0.0203,0.0781
LIG,2024-02-27,4.2,4.3,4.2,4.3,593607,4.24,4.16,4.26,1.4151,3.2413,0.939,0.1272,0.0251,0.0645
LIG,2024-02-28,4.3,4.4,4.2,4.4,576731,4.28,4.18,4.26,2.8037,5.2632,3.3349,0.1397,0.0282,0.0703
LIG,2024-02-29,4.4,4.4,4.2,4.3,761813,4.3,4.19,4.26,0.0,2.7479,1.0338,-0.0,-0.0,0.0703
LIG,2024-03-01,4.3,4.3,4.2,4.3,267734,4.31,4.2,4.26,-0.232,2.503,1.0338,0.0562,0.0118,0.0759
LIG,2024-03-04,4.3,4.4,4.2,4.3,921777,4.32,4.2,4.25,-0.463,2.2592,1.0813,-0.0,-0.0,0.0759
LIG,2024-03-05,4.3,4.4,4.2,4.3,436122,4.31,4.22,4.25,-0.232,2.0166,1.1765,-0.0,-0.0,0.0554
LIG,2024-03-06,4.3,4.4,4.2,4.3,978880,4.31,4.22,4.25,-0.232,1.7751,1.2241,-0.0,-0.0,0.0554
LIG,2024-03-07,4.3,4.3,4.1,4.3,558931,4.3,4.24,4.25,0.0,1.5348,1.2718,0.1053,0.0203,0.0659
LIG,2024-03-08,4.3,4.3,4.1,4.1,921264,4.29,4.24,4.24,-4.4289,-3.1877,-3.3475,-0.0895,-0.0178,0.0619
LIG,2024-03-11,4.1,4.2,4.0,4.1,720933,4.27,4.24,4.24,-3.9813,-3.3019,-3.2563,-0.0,-0.0,0.0518
LIG,2024-03-12,4.1,4.1,4.0,4.1,528689,4.25,4.24,4.23,-3.5294,-3.4158,-3.1649,0.1325,0.0262,0.0523
LIG,2024-03-13,4.1,4.1,4.0,4.1,1212996,4.22,4.25,4.23,-2.8436,-3.5294,-3.0733,0.1663,0.029,0.055
LIG,2024-03-14,4.1,4.2,4.1,4.2,1046777,4.21,4.26,4.23,-0.2375,-1.2926,-0.6152,0.2002,0.0362,0.075
LIG,2024-03-15,4.2,4.2,4.0,4.1,684311,4.19,4.25,4.22,-2.148,-3.5294,-2.8436,-0.0,-0.0,0.0694
LIG,2024-03-18,4.1,4.2,4.0,4.1,1643810,4.17,4.24,4.22,-1.6787,-3.4158,-2.7514,-0.0,-0.0,0.0694
LIG,2024-03-19,4.1,4.2,4.0,4.1,525151,4.15,4.23,4.21,-1.2048,-3.0733,-2.6128,-0.0,-0.0,0.0694
LIG,2024-03-20,4.1,4.2,4.0,4.2,662351,4.14,4.22,4.21,1.4493,-0.5917,-0.1427,0.1178,0.0232,0.0812
LIG,2024-03-21,4.2,4.2,4.0,4.1,750187,4.12,4.21,4.2,-0.4854,-2.6128,-2.381,-0.0,-0.0,0.0706
LIG,2024-03-22,4.1,4.2,4.0,4.1,481779,4.12,4.2,4.19,-0.4854,-2.497,-2.2413,-0.0,-0.0,0.0617
LIG,2024-03-25,4.1,4.2,4.0,4.1,489482,4.12,4.19,4.19,-0.4854,-2.2646,-2.1012,-0.0,-0.0,0.0617
LIG,2024-03-26,4.1,4.2,4.0,4.1,573513,4.12,4.18,4.18,-0.4854,-2.0311,-1.9608,-0.0,-0.0,0.0484
LIG,2024-03-27,4.1,4.2,4.0,4.1,346080,4.12,4.17,4.18,-0.4854,-1.6787,-1.8199,-0.0,-0.0,0.0318
LIG,2024-03-28,4.1,4.2,4.0,4.1,813475,4.11,4.16,4.17,-0.2433,-1.4423,-1.6787,-0.0,-0.0,0.0118
LIG,2024-03-29,4.1,4.1,4.0,4.1,245227,4.11,4.15,4.17,-0.2433,-1.2048,-1.6315,0.0496,0.0089,0.0167
LIG,2024-04-01,4.0,4.1,4.0,4.0,364802,4.1,4.14,4.17,-2.439,-3.2648,-3.9846,-0.1076,-0.0191,0.0275
LIG,2024-04-02,4.0,4.1,4.0,4.1,1077826,4.1,4.12,4.16,0.0,-0.6061,-1.537,0.1494,0.0266,0.0424
LIG,2024-04-03,4.0,4.1,4.0,4.0,336607,4.08,4.11,4.16,-1.9608,-2.6764,-3.8462,-0.0444,-0.0078,0.0351
LIG,2024-04-04,4.0,4.1,3.9,4.0,729795,4.07,4.1,4.16,-1.7199,-2.3199,-3.7999,0.0,0.0,0.0351
LIG,2024-04-05,3.9,4.0,3.9,3.9,306245,4.05,4.08,4.15,-3.7037,-4.5288,-6.0694,-0.0447,-0.008,0.0396
LIG,2024-04-08,3.9,4.0,3.9,3.9,355458,4.03,4.08,4.15,-3.2258,-4.2945,-5.9334,-0.0707,-0.0128,0.0466
LIG,2024-04-09,3.9,4.0,3.8,4.0,769058,4.02,4.07,4.14,-0.4975,-1.7199,-3.4749,0.1626,0.0287,0.0629
LIG,2024-04-10,4.0,4.0,3.9,3.9,263557,4.0,4.06,4.14,-2.5,-3.9409,-5.7971,-0.0543,-0.0097,0.0683
LIG,2024-04-11,3.8,3.9,3.8,3.9,319894,3.98,4.04,4.13,-2.0101,-3.5847,-5.6604,0.0945,0.0172,0.0778
LIG,2024-04-12,4.0,4.0,3.8,4.0,254176,3.97,4.04,4.13,0.7557,-0.9901,-3.1946,0.0644,0.0122,0.0792
LIG,2024-04-15,3.9,4.0,3.7,3.7,954769,3.94,4.02,4.12,-6.0914,-7.9602,-10.2813,-0.0766,-0.0144,0.0762
LIG,2024-04-16,3.7,3.7,3.5,3.6,677788,3.89,3.99,4.11,-7.455,-9.8874,-12.4939,0.0,0.0,0.0612
LIG,2024-04-17,3.7,3.7,3.6,3.6,206174,3.85,3.96,4.1,-6.4935,-9.2055,-12.2807,-0.0335,-0.0062,0.0601
LIG,2024-04-19,3.6,3.7,3.5,3.6,438765,3.81,3.94,4.09,-5.5118,-8.6294,-12.0664,0.0,0.0,0.0601
LIG,2024-04-22,3.6,3.7,3.6,3.6,229757,3.78,3.92,4.08,-4.7619,-8.046,-11.8511,-0.0823,-0.0144,0.0639
LIG,2024-04-23,3.6,3.7,3.5,3.6,442663,3.75,3.89,4.08,-4.0,-7.455,-11.6781,0.0,0.0,0.0568
LIG,2024-04-24,3.6,3.7,3.5,3.6,967506,3.71,3.87,4.07,-2.965,-6.8564,-11.5044,0.0,0.0,0.0405
LIG,2024-04-25,3.6,3.7,3.5,3.6,167629,3.68,3.84,4.06,-2.1739,-6.25,-11.33,0.0,0.0,0.0351
LIG,2024-04-26,3.6,3.7,3.5,3.5,515010,3.64,3.81,4.05,-3.8462,-8.1365,-13.5375,-0.204,-0.0292,0.0461
LIG,2024-05-02,3.5,3.7,3.5,3.7,389767,3.61,3.79,4.04,2.4931,-2.3747,-8.3705,0.1716,0.0278,0.0568
LIG,2024-05-03,3.7,3.7,3.5,3.6,281328,3.6,3.77,4.03,0.0,-4.5093,-10.5812,0.0,0.0,0.0491
LIG,2024-05-06,3.6,3.7,3.6,3.7,220399,3.61,3.75,4.01,2.4931,-1.3333,-7.7767,0.0464,0.0084,0.0538
LIG,2024-05-07,3.7,3.7,3.6,3.7,214445,3.62,3.74,4.0,2.2099,-0.9371,-7.5,0.0826,0.0117,0.0587
LIG,2024-05-08,3.7,3.7,3.6,3.7,380915,3.63,3.72,3.99,1.9284,-0.5376,-7.1751,0.0875,0.015,0.0674
LIG,2024-05-09,3.7,3.7,3.6,3.7,614842,3.64,3.71,3.98,1.6484,-0.2695,-6.9416,0.1682,0.0267,0.076
LIG,2024-05-10,3.7,3.8,3.6,3.7,625877,3.65,3.7,3.96,1.3699,0.0,-6.6599,0.0,0.0,0.076
LIG,2024-05-13,3.8,4.0,3.7,4.0,2122605,3.69,3.7,3.96,8.4011,8.1081,1.0611,0.7652,0.1571,0.1526
LIG,2024-05-14,4.0,4.0,3.8,3.9,567971,3.72,3.7,3.95,4.8387,5.4054,-1.2158,0.0,0.0,0.1526
LIG,2024-05-15,3.9,4.0,3.7,3.8,1556468,3.75,3.7,3.94,1.3333,2.8417,-3.5043,-0.1525,-0.0248,0.1474
LIG,2024-05-16,3.8,3.9,3.7,3.7,279515,3.75,3.68,3.93,-1.3333,0.5435,-5.7565,-0.0633,-0.0105,0.1366
LIG,2024-05-17,3.7,3.8,3.7,3.7,370003,3.76,3.68,3.91,-1.5957,0.5435,-5.4676,-0.0837,-0.0137,0.1449
LIG,2024-05-20,3.8,3.9,3.7,3.8,1004895,3.77,3.69,3.9,0.7958,2.981,-2.6639,-0.0,-0.0,0.1403
LIG,2024-05-21,3.8,3.9,3.7,3.9,824849,3.79,3.7,3.9,2.9024,5.2632,0.1027,0.1759,0.0306,0.1496
LIG,2024-05-22,3.8,4.0,3.8,3.8,1652841,3.8,3.72,3.89,0.0,2.288,-2.2131,-0.2645,-0.0479,0.1673
LIG,2024-05-23,3.8,4.1,3.8,4.1,2354039,3.84,3.74,3.89,6.7708,9.6257,5.5069,0.3954,0.0688,0.1901
LIG,2024-05-24,4.4,4.5,4.0,4.1,2446485,3.88,3.76,3.89,5.6701,8.8977,5.5069,-0.2646,-0.0478,0.2165
LIG,2024-05-27,4.1,4.2,4.0,4.0,717023,3.88,3.78,3.88,3.0928,5.6803,2.9866,-0.2075,-0.0396,0.1607
LIG,2024-05-28,4.1,4.2,4.0,4.1,1690997,3.9,3.81,3.88,5.1282,7.6115,5.5613,-0.0,-0.0,0.1607
LIG,2024-05-29,4.2,4.3,4.1,4.2,1685583,3.94,3.84,3.88,6.599,9.2328,8.1359,0.0,0.0,0.1455
LIG,2024-05-30,4.2,4.5,4.1,4.3,2363734,4.0,3.88,3.89,7.5,10.9677,10.5967,0.0,0.0,0.1392
LIG,2024-05-31,4.3,4.4,4.1,4.2,1578541,4.05,3.9,3.89,3.7037,7.5544,7.9692,-0.1433,-0.0271,0.1451
LIG,2024-06-03,4.2,4.3,4.0,4.2,1157559,4.09,3.93,3.89,2.6895,6.8702,7.9137,0.0777,0.0151,0.1529
LIG,2024-06-04,4.2,4.2,4.0,4.0,1696652,4.1,3.94,3.89,-2.439,1.3942,2.8807,-0.3826,-0.0674,0.1736
LIG,2024-06-05,4.1,4.2,4.0,4.1,705437,4.13,3.96,3.89,-0.7264,3.4048,5.4527,-0.0,-0.0,0.1471
LIG,2024-06-06,4.1,4.2,4.0,4.1,322851,4.13,3.99,3.89,-0.7264,2.8858,5.4527,-0.0,-0.0,0.1076
LIG,2024-06-07,4.1,4.1,3.8,4.0,1348629,4.12,4.0,3.89,-2.9126,0.0,2.9336,0.1541,0.0277,0.0965
LIG,2024-06-10,4.0,4.2,4.0,4.0,681685,4.12,4.0,3.88,-2.9126,0.0,2.9866,-0.1757,-0.0308,0.0934
LIG,2024-06-11,4.1,4.3,4.0,4.1,1759236,4.12,4.01,3.88,-0.4854,2.2444,5.5613,-0.1084,-0.0187,0.1042
LIG,2024-06-12,4.1,4.2,4.1,4.1,617502,4.11,4.03,3.88,-0.2433,1.8634,5.5613,-0.1179,-0.02,0.116
LIG,2024-06-13,4.1,4.2,4.0,4.1,508662,4.09,4.04,3.88,0.2445,1.3597,5.5613,-0.0,-0.0,0.116
LIG,2024-06-14,4.0,4.2,4.0,4.0,994792,4.07,4.06,3.88,-1.7199,-1.4778,2.9866,-0.1013,-0.0183,0.1118
LIG,2024-06-17,4.0,4.0,3.8,4.0,1475410,4.05,4.07,3.88,-1.2346,-1.7199,3.0397,0.3563,0.0583,0.1396
LIG,2024-06-18,4.0,4.0,3.9,3.9,152297,4.04,4.07,3.88,-3.4653,-4.1769,0.5155,-0.0331,-0.005,0.1047
LIG,2024-06-19,3.9,4.0,3.8,3.9,877551,4.02,4.07,3.88,-2.9851,-4.2945,0.5673,0.0,0.0,0.1047
LIG,2024-06-20,3.9,4.0,3.8,3.8,443088,3.99,4.06,3.88,-4.7619,-6.4039,-1.9608,-0.1075,-0.0182,0.1154
LIG,2024-06-21,3.9,4.0,3.8,3.9,557777,3.98,4.05,3.88,-2.0101,-3.7037,0.6192,0.0,0.0,0.1
LIG,2024-06-24,3.9,3.9,3.8,3.8,782694,3.96,4.04,3.87,-4.0404,-5.9406,-1.8595,-0.0992,-0.0158,0.0924
LIG,2024-06-25,3.9,3.9,3.7,3.8,420862,3.93,4.03,3.87,-3.3079,-5.5901,-1.8088,-0.0,-0.0,0.0815
LIG,2024-06-26,3.8,3.9,3.8,3.9,183950,3.91,4.01,3.87,-0.2558,-2.7431,0.7752,0.0584,0.0086,0.0756
LIG,2024-06-27,3.9,3.9,3.7,3.7,683409,3.87,3.98,3.86,-4.3928,-7.0352,-4.2443,-0.2787,-0.0453,0.1034
LIG,2024-06-28,3.7,3.9,3.7,3.8,1065150,3.85,3.96,3.87,-1.2987,-4.0404,-1.7072,-0.0,-0.0,0.0933
LIG,2024-07-01,3.8,3.8,3.7,3.8,305872,3.83,3.94,3.87,-0.7833,-3.5533,-1.8088,0.1089,0.0149,0.0686
LIG,2024-07-02,3.8,3.9,3.8,3.8,477435,3.82,3.93,3.87,-0.5236,-3.3079,-1.9102,-0.1761,-0.026,0.0829
LIG,2024-07-03,3.9,3.9,3.7,3.8,207093,3.81,3.92,3.88,-0.2625,-2.9374,-2.0113,-0.0,-0.0,0.0829
LIG,2024-07-04,3.8,3.9,3.7,3.8,230955,3.81,3.9,3.88,-0.2625,-2.5641,-2.1123,-0.0,-0.0,0.0721
LIG,2024-07-05,3.8,3.8,3.7,3.8,145476,3.8,3.89,3.89,0.0,-2.3136,-2.2131,0.0463,0.0073,0.0768
LIG,2024-07-08,3.8,3.9,3.7,3.8,174008,3.8,3.88,3.89,0.0,-2.0619,-2.3136,-0.0,-0.0,0.0668
LIG,2024-07-09,3.8,3.9,3.8,3.8,417473,3.8,3.86,3.89,0.0,-1.6818,-2.414,-0.0996,-0.0161,0.0768
LIG,2024-07-10,3.9,3.9,3.7,3.8,228555,3.79,3.85,3.9,0.2639,-1.2987,-2.5641,-0.0,-0.0,0.071
LIG,2024-07-11,3.8,3.9,3.7,3.8,551713,3.8,3.84,3.9,0.0,-0.9126,-2.614,-0.0,-0.0,0.0431
LIG,2024-07-12,3.8,3.9,3.7,3.8,239962,3.8,3.82,3.91,0.0,-0.6536,-2.7138,-0.0,-0.0,0.0431
LIG,2024-07-15,3.9,3.9,3.7,3.7,312510,3.79,3.81,3.91,-2.3747,-2.8871,-5.2739,-0.1248,-0.0198,0.0447
LIG,2024-07-16,3.8,3.9,3.7,3.8,532774,3.79,3.8,3.91,0.2639,-0.1314,-2.7636,-0.0,-0.0,0.0271
LIG,2024-07-17,3.9,3.9,3.6,3.7,578734,3.78,3.8,3.91,-2.1164,-2.5033,-5.3224,-0.0324,-0.0061,0.0303
LIG,2024-07-18,3.7,3.8,3.6,3.8,1550107,3.78,3.79,3.91,0.5291,0.1318,-2.8133,0.317,0.0503,0.062
LIG,2024-07-19,3.7,3.9,3.7,3.8,1599760,3.78,3.79,3.91,0.5291,0.2639,-2.863,-0.0,-0.0,0.0574
LIG,2024-07-22,3.8,3.9,3.7,3.7,824046,3.77,3.78,3.91,-1.8568,-2.2457,-5.2739,-0.1888,-0.0316,0.0763
LIG,2024-07-23,3.8,3.9,3.7,3.8,584770,3.77,3.78,3.9,0.7958,0.3963,-2.6639,-0.0,-0.0,0.0663
LIG,2024-07-24,3.7,3.9,3.7,3.8,497985,3.77,3.78,3.9,0.7958,0.5291,-2.6639,-0.0,-0.0,0.0663
LIG,2024-07-25,3.8,4.0,3.8,3.9,979364,3.78,3.79,3.91,3.1746,2.9024,-0.2047,0.0,0.0,0.0663
LIG,2024-07-26,3.9,4.0,3.8,3.9,135900,3.79,3.8,3.91,2.9024,2.7668,-0.3067,0.0,0.0,0.0663
LIG,2024-07-29,3.9,3.9,3.6,3.9,1383100,3.81,3.8,3.91,2.3622,2.6316,-0.3577,0.522,0.0893,0.106
LIG,2024-07-30,3.9,3.9,3.6,3.6,4249100,3.79,3.79,3.91,-5.0132,-5.0132,-7.8813,-1.2733,-0.2611,0.2334
LIG,2024-07-31,3.6,3.6,3.3,3.4,1035900,3.76,3.77,3.9,-9.5745,-9.8143,-12.8205,-0.0878,-0.0135,0.2389
LIG,2024-08-01,3.4,3.6,3.3,3.4,506800,3.72,3.75,3.89,-8.6022,-9.3333,-12.5064,-0.0292,-0.0046,0.2101
LIG,2024-08-02,3.4,3.5,3.3,3.5,518100,3.69,3.74,3.87,-5.1491,-6.2918,-9.6541,0.1043,0.0171,0.2205
LIG,2024-08-05,3.5,3.5,3.2,3.3,873700,3.65,3.71,3.86,-9.589,-11.0512,-14.5078,-0.0416,-0.0071,0.2058
LIG,2024-08-06,3.3,3.3,3.1,3.2,1031500,3.59,3.68,3.84,-10.8635,-13.0435,-16.71,0.0,0.0,0.2058
LIG,2024-08-07,3.3,3.4,3.2,3.4,268200,3.55,3.66,3.83,-4.2254,-7.1038,-11.1343,0.0927,0.0129,0.2151
LIG,2024-08-08,3.4,3.5,3.2,3.4,317900,3.5,3.64,3.81,-2.8571,-6.5934,-10.7143,0.0332,0.0061,0.2184
LIG,2024-08-09,3.4,3.4,3.3,3.4,240400,3.45,3.62,3.79,-1.4493,-6.0773,-10.3376,0.0813,0.0108,0.2265
LIG,2024-08-12,3.4,3.4,3.2,3.2,330700,3.38,3.6,3.77,-5.3254,-10.9875,-15.1644,-0.1062,-0.0147,0.185
LIG,2024-08-13,3.2,3.4,3.2,3.4,481700,3.36,3.58,3.76,1.1905,-4.8951,-9.5745,0.2154,0.0316,0.0792
LIG,2024-08-14,3.4,3.4,3.3,3.3,148500,3.35,3.56,3.74,-1.4925,-7.173,-11.859,-0.0557,-0.0079,0.076
LIG,2024-08-15,3.3,3.4,3.2,3.3,168100,3.34,3.53,3.73,-1.1976,-6.5156,-11.4807,-0.0,-0.0,0.073
LIG,2024-08-16,3.3,3.4,3.2,3.4,458900,3.33,3.51,3.72,2.1021,-3.1339,-8.5038,0.0625,0.01,0.0689
LIG,2024-08-19,3.4,3.5,3.3,3.3,124300,3.33,3.49,3.7,-0.9009,-5.4441,-10.859,-0.0381,-0.0056,0.0685
LIG,2024-08-20,3.4,3.5,3.3,3.4,736900,3.35,3.47,3.69,1.4925,-2.0173,-7.8091,0.0,0.0,0.0685
LIG,2024-08-21,3.4,3.5,3.3,3.5,551800,3.36,3.46,3.68,4.1667,1.3025,-4.7878,0.1338,0.0198,0.0726
LIG,2024-08-22,3.5,3.5,3.4,3.4,147800,3.36,3.43,3.66,1.1905,-0.8746,-7.1546,-0.0503,-0.008,0.0743
LIG,2024-08-23,3.4,3.5,3.3,3.5,364000,3.37,3.41,3.65,3.8576,2.6393,-4.1621,0.1108,0.019,0.0773
LIG,2024-08-26,3.5,3.5,3.3,3.4,432800,3.39,3.38,3.64,0.295,0.4431,-6.5934,0.0,0.0,0.0667
LIG,2024-08-27,3.4,3.5,3.3,3.4,536500,3.39,3.37,3.63,0.295,0.7407,-6.3361,0.0,0.0,0.0451
LIG,2024-08-28,3.4,3.5,3.3,3.4,120500,3.4,3.38,3.62,0.0,0.7407,-6.0773,0.0,0.0,0.0396
LIG,2024-08-29,3.4,3.4,3.3,3.3,251900,3.4,3.37,3.61,-2.9412,-2.0772,-8.5873,-0.0795,-0.0121,0.0475
LIG,2024-08-30,3.3,3.4,3.3,3.3,164800,3.39,3.36,3.6,-2.6549,-1.7857,-8.2824,-0.054,-0.008,0.0467
LIG,2024-09-04,3.3,3.4,3.3,3.4,316500,3.4,3.36,3.59,0.0,1.0401,-5.2925,0.0928,0.0141,0.0521
LIG,2024-09-05,3.4,3.4,3.3,3.3,504800,3.39,3.37,3.58,-2.6549,-2.0772,-7.8212,-0.1685,-0.0231,0.069
LIG,2024-09-06,3.3,3.4,3.2,3.3,318000,3.37,3.36,3.57,-2.0772,-1.9316,-7.5112,-0.0,-0.0,0.0556
LIG,2024-09-09,3.3,3.3,3.2,3.3,237400,3.36,3.36,3.56,-1.7857,-1.7857,-7.3034,0.1252,0.0178,0.0631
LIG,2024-09-10,3.3,3.4,3.2,3.2,259100,3.33,3.35,3.55,-3.9039,-4.4776,-9.8083,-0.0788,-0.0116,0.0599
LIG,2024-09-11,3.3,3.3,3.1,3.3,709800,3.32,3.35,3.54,-0.6024,-1.6393,-6.727,0.2817,0.045,0.088
LIG,2024-09-12,3.3,3.3,3.2,3.2,300100,3.3,3.34,3.53,-3.0303,-4.3348,-9.2456,-0.1499,-0.0214,0.103
LIG,2024-09-13,3.2,3.3,3.2,3.2,227000,3.28,3.34,3.51,-2.439,-4.1916,-8.9357,-0.1124,-0.0159,0.1143
LIG,2024-09-16,3.2,3.3,3.2,3.2,832400,3.27,3.34,3.5,-2.1407,-4.048,-8.6236,-0.2604,-0.0354,0.1324
LIG,2024-09-17,3.2,3.3,3.1,3.2,173400,3.26,3.32,3.49,-1.8405,-3.7594,-8.3095,0.0,0.0,0.127
LIG,2024-09-18,3.3,3.4,3.2,3.3,855100,3.25,3.32,3.48,1.5385,-0.7519,-5.1724,-0.0,-0.0,0.1177
LIG,2024-09-19,3.3,3.4,3.3,3.3,168400,3.25,3.32,3.47,1.5385,-0.6024,-4.8991,-0.0712,-0.0102,0.1079
LIG,2024-09-20,3.4,3.4,3.2,3.2,604300,3.24,3.31,3.46,-1.2346,-3.177,-7.461,-0.147,-0.0191,0.1227
LIG,2024-09-23,3.3,3.3,3.2,3.2,499400,3.23,3.29,3.45,-0.9288,-2.8832,-7.1387,-0.1938,-0.0292,0.1295
LIG,2024-09-24,3.2,3.3,3.2,3.2,236300,3.23,3.28,3.43,-0.9288,-2.439,-6.8142,-0.07,-0.01,0.1286
LIG,2024-09-25,3.3,3.4,3.2,3.3,682600,3.23,3.28,3.43,2.1672,0.7634,-3.6778,-0.0,-0.0,0.1005
LIG,2024-09-26,3.3,3.4,3.2,3.2,379300,3.23,3.26,3.41,-0.9288,-1.9908,-6.2683,-0.0857,-0.0128,0.0941
LIG,2024-09-27,3.3,3.4,3.2,3.3,396400,3.24,3.26,3.41,1.8519,1.227,-3.1122,-0.0,-0.0,0.0828
LIG,2024-09-30,3.3,3.3,3.2,3.2,390100,3.24,3.26,3.39,-1.2346,-1.6897,-5.716,-0.126,-0.0176,0.0694
LIG,2024-10-01,3.2,3.3,3.2,3.2,713500,3.24,3.25,3.38,-1.2346,-1.5385,-5.3814,-0.1501,-0.0206,0.0844
LIG,2024-10-02,3.2,3.3,3.2,3.3,271000,3.24,3.24,3.37,1.8519,1.6949,-2.1932,0.0711,0.0115,0.0915
LIG,2024-10-03,3.2,3.3,3.1,3.2,825900,3.23,3.24,3.36,-0.9288,-1.2346,-4.8186,0.0,0.0,0.0844
LIG,2024-10-04,3.2,3.3,3.1,3.2,560300,3.23,3.24,3.35,-0.9288,-1.0819,-4.4776,0.0,0.0,0.0697
LIG,2024-10-07,3.1,3.3,3.1,3.1,144000,3.22,3.22,3.33,-3.7267,-3.876,-7.0186,-0.0627,-0.0085,0.0566
LIG,2024-10-08,3.2,3.2,3.1,3.2,96500,3.22,3.22,3.32,-0.6211,-0.7752,-3.6145,0.0254,0.0035,0.0521
LIG,2024-10-09,3.2,3.2,3.1,3.1,43100,3.2,3.22,3.3,-3.125,-3.577,-6.1743,-0.012,-0.0015,0.0533
LIG,2024-10-10,3.1,3.2,3.1,3.1,601700,3.19,3.21,3.29,-2.8213,-3.4268,-5.8895,-0.1336,-0.0164,0.0581
LIG,2024-10-11,3.1,3.2,3.1,3.1,69200,3.17,3.21,3.29,-2.2082,-3.2761,-5.7178,-0.0256,-0.0031,0.0607
LIG,2024-10-14,3.1,3.2,3.1,3.2,33600,3.17,3.21,3.28,0.9464,-0.156,-2.5579,0.0085,0.0012,0.0489
LIG,2024-10-15,3.2,3.2,3.0,3.1,388500,3.16,3.2,3.28,-1.8987,-3.125,-5.3724,0.0,0.0,0.0339
LIG,2024-10-16,3.1,3.2,3.0,3.1,271900,3.14,3.19,3.27,-1.2739,-2.8213,-5.2567,0.0,0.0,0.0268
LIG,2024-10-17,3.1,3.1,3.0,3.0,137500,3.12,3.18,3.27,-3.8462,-5.5118,-8.2007,-0.029,-0.004,0.0297
LIG,2024-10-18,3.1,3.1,3.0,3.0,171500,3.1,3.16,3.26,-3.2258,-5.2133,-7.9755,-0.0434,-0.0062,0.034
LIG,2024-10-21,3.0,3.1,3.0,3.1,245700,3.1,3.16,3.25,0.0,-1.8987,-4.7326,0.0613,0.008,0.0339
LIG,2024-10-22,3.1,3.1,2.9,3.0,308800,3.08,3.15,3.25,-2.5974,-4.7619,-7.5786,0.0,0.0,0.0314
LIG,2024-10-23,3.0,3.1,2.9,3.1,246600,3.08,3.14,3.24,0.6494,-1.2739,-4.439,0.1009,0.0138,0.0402
LIG,2024-10-24,3.0,3.1,2.9,3.0,205100,3.07,3.13,3.24,-2.2801,-4.1534,-7.293,0.0,0.0,0.0269
LIG,2024-10-25,3.0,3.0,2.9,3.0,152900,3.06,3.12,3.23,-1.9608,-3.6918,-7.1207,0.0546,0.0069,0.0298
LIG,2024-10-28,3.0,3.0,2.9,2.9,130100,3.03,3.1,3.22,-4.2904,-6.4516,-9.9938,-0.0643,-0.0076,0.0354
LIG,2024-10-29,2.9,3.1,2.9,3.1,141800,3.03,3.1,3.22,2.3102,0.1616,-3.607,0.0555,0.007,0.0409
LIG,2024-10-30,3.1,3.1,3.0,3.1,116000,3.03,3.08,3.21,2.3102,0.4862,-3.4869,0.0581,0.0065,0.0467
LIG,2024-10-31,3.1,3.1,3.0,3.0,195200,3.03,3.08,3.2,-0.9901,-2.439,-6.367,-0.0862,-0.0108,0.0524
LIG,2024-11-01,3.0,3.1,2.9,2.9,608300,3.02,3.06,3.19,-3.9735,-5.2288,-9.1479,-0.1817,-0.0213,0.0663
LIG,2024-11-04,2.9,3.0,2.8,3.0,417400,3.01,3.06,3.18,-0.3322,-1.8003,-5.7789,0.1344,0.0176,0.0736
LIG,2024-11-05,3.0,3.0,2.8,3.0,297100,3.01,3.04,3.17,-0.3322,-1.4778,-5.482,0.1533,0.0196,0.0889
LIG,2024-11-06,3.0,3.0,2.9,2.9,72500,2.99,3.04,3.16,-3.01,-4.4481,-8.3439,-0.0226,-0.0027,0.0811
LIG,2024-11-07,2.9,3.0,2.9,3.0,91200,2.99,3.03,3.16,0.3344,-0.9901,-4.943,0.0326,0.0043,0.0843
LIG,2024-11-08,3.0,3.0,2.9,2.9,52100,2.98,3.02,3.15,-2.6846,-3.9735,-7.8195,-0.0179,-0.0021,0.0807
LIG,2024-11-11,2.9,3.0,2.9,2.9,386200,2.98,3.0,3.14,-2.6846,-3.4942,-7.5844,-0.1038,-0.0114,0.0846
LIG,2024-11-12,2.9,3.0,2.9,3.0,156600,2.97,3.0,3.13,1.0101,0.0,-4.2146,0.0481,0.0059,0.0839
LIG,2024-11-13,3.0,3.0,2.9,2.9,506400,2.95,2.99,3.12,-1.6949,-3.01,-7.1108,-0.1711,-0.0203,0.0952
LIG,2024-11-14,2.9,3.0,2.8,2.9,386700,2.94,2.98,3.11,-1.3605,-2.8476,-6.8722,0.0,0.0,0.0865
LIG,2024-11-15,2.9,3.0,2.8,2.9,323500,2.94,2.98,3.11,-1.3605,-2.6846,-6.6323,0.0,0.0,0.0684
LIG,2024-11-18,2.9,3.0,2.8,3.0,227000,2.94,2.98,3.1,2.0408,0.8403,-3.2258,0.0922,0.0115,0.0641
LIG,2024-11-19,2.9,3.0,2.8,3.0,250800,2.94,2.98,3.1,2.0408,0.8403,-3.1008,0.0746,0.0086,0.0563
LIG,2024-11-20,2.9,3.0,2.8,3.0,218700,2.95,2.97,3.09,1.6949,1.0101,-2.9126,0.0835,0.0095,0.0624
LIG,2024-11-21,3.0,3.0,2.9,2.9,105700,2.94,2.97,3.08,-1.3605,-2.1922,-5.9663,-0.0399,-0.0049,0.0631
LIG,2024-11-22,2.9,3.0,2.8,2.9,323600,2.94,2.96,3.08,-1.3605,-2.027,-5.783,0.0,0.0,0.0613
LIG,2024-11-25,2.9,3.0,2.8,2.9,105900,2.94,2.96,3.07,-1.3605,-2.027,-5.599,0.0,0.0,0.0509
LIG,2024-11-26,2.9,2.9,2.7,2.9,765100,2.93,2.95,3.07,-1.0239,-1.6949,-5.4142,0.3265,0.0433,0.0788
LIG,2024-11-27,2.9,3.0,2.9,2.9,453300,2.93,2.94,3.06,-1.0239,-1.3605,-5.1668,-0.2431,-0.0292,0.086
LIG,2024-11-28,2.9,3.0,2.9,2.9,200800,2.93,2.94,3.05,-1.0239,-1.1925,-4.918,-0.0932,-0.0118,0.0953
LIG,2024-11-29,2.9,3.0,2.9,2.9,23600,2.93,2.94,3.04,-1.0239,-1.1925,-4.7306,-0.0092,-0.0011,0.0962
LIG,2024-12-02,2.8,3.0,2.8,2.9,142100,2.92,2.93,3.04,-0.6849,-1.0239,-4.5425,0.0,0.0,0.087
LIG,2024-12-03,2.9,3.0,2.8,2.9,149000,2.91,2.92,3.03,-0.3436,-0.8547,-4.3536,0.0,0.0,0.0795
LIG,2024-12-04,2.8,3.0,2.8,2.9,814700,2.9,2.92,3.02,0.0,-0.8547,-4.1005,0.0,0.0,0.0712
LIG,2024-12-05,2.9,3.0,2.9,3.0,333100,2.91,2.92,3.02,3.0928,2.5641,-0.6623,0.0465,0.0064,0.0718
LIG,2024-12-06,2.9,3.0,2.9,2.9,209500,2.91,2.92,3.01,-0.3436,-0.8547,-3.7185,-0.0601,-0.0079,0.0779
LIG,2024-12-09,3.0,3.0,2.9,2.9,156600,2.91,2.92,3.01,-0.3436,-0.8547,-3.5263,-0.0648,-0.0089,0.0843
LIG,2024-12-10,2.9,3.0,2.9,3.0,299800,2.92,2.92,3.0,2.7397,2.5641,-0.0666,0.1132,0.0156,0.063
LIG,2024-12-11,2.9,3.0,2.9,2.9,456400,2.92,2.92,2.99,-0.6849,-0.8547,-3.1396,-0.2035,-0.0268,0.0591
LIG,2024-12-12,2.9,3.0,2.9,2.9,162300,2.92,2.92,2.99,-0.6849,-0.8547,-2.9451,-0.0577,-0.0072,0.0555
LIG,2024-12-13,2.9,3.0,2.8,2.9,331700,2.92,2.92,2.98,-0.6849,-0.8547,-2.7498,0.0,0.0,0.0546
LIG,2024-12-16,2.9,2.9,2.8,2.9,224400,2.92,2.92,2.98,-0.6849,-0.6849,-2.6192,0.1231,0.0163,0.0669
LIG,2024-12-17,3.0,3.0,2.8,2.9,173600,2.92,2.92,2.97,-0.6849,-0.5146,-2.4226,0.0,0.0,0.0669
LIG,2024-12-18,2.9,3.0,2.8,2.9,46900,2.92,2.91,2.97,-0.6849,-0.3436,-2.2911,0.0,0.0,0.0669
LIG,2024-12-19,2.9,2.9,2.8,2.9,131000,2.91,2.91,2.96,-0.3436,-0.3436,-2.1592,0.0383,0.0049,0.0661
LIG,2024-12-20,2.9,2.9,2.8,2.9,65000,2.91,2.91,2.96,-0.3436,-0.3436,-2.027,0.0209,0.003,0.0622
LIG,2024-12-23,2.8,3.0,2.8,2.9,502400,2.91,2.91,2.95,-0.3436,-0.3436,-1.828,0.0,0.0,0.0557
LIG,2024-12-24,2.9,2.9,2.8,2.9,214900,2.9,2.91,2.95,0.0,-0.3436,-1.6949,0.0678,0.0089,0.0511
LIG,2024-12-25,2.9,3.1,2.9,3.0,1632800,2.91,2.92,2.95,3.0928,2.916,1.7639,0.0,0.0,0.0308
LIG,2024-12-26,3.0,3.1,3.0,3.0,404700,2.92,2.92,2.95,2.7397,2.7397,1.7639,-0.1351,-0.0188,0.0385
LIG,2024-12-27,3.0,3.1,2.9,3.0,335900,2.93,2.92,2.95,2.3891,2.5641,1.7639,0.0,0.0,0.0385
LIG,2024-12-30,2.9,3.1,2.9,3.0,809800,2.94,2.93,2.95,2.0408,2.3891,1.833,0.0,0.0,0.0262
LIG,2024-12-31,3.0,3.1,2.9,3.0,317200,2.95,2.94,2.95,1.6949,2.2147,1.833,0.0,0.0,0.0262
LIG,2025-01-02,3.0,3.3,2.9,3.3,1482300,2.99,2.96,2.95,10.3679,11.6751,11.8644,0.9239,0.1248,0.1186
LIG,2025-01-03,3.3,3.5,3.2,3.3,2798100,3.03,2.97,2.96,8.9109,11.1111,11.6373,-0.2367,-0.0344,0.1384
LIG,2025-01-06,3.3,3.4,3.1,3.2,841300,3.06,2.99,2.96,4.5752,7.2027,8.1081,-0.0922,-0.0131,0.1456
LIG,2025-01-07,3.2,3.2,3.0,3.1,792400,3.08,3.0,2.96,0.6494,3.5058,4.5884,0.0,0.0,0.1456
LIG,2025-01-08,3.1,3.2,3.0,3.2,1089000,3.11,3.0,2.97,2.8939,6.4892,7.8894,0.5394,0.0765,0.1927
LIG,2025-01-09,3.2,3.2,3.0,3.1,760000,3.12,3.01,2.97,-0.641,2.8192,4.5179,0.0,0.0,0.1927
LIG,2025-01-10,3.0,3.1,3.0,3.1,413500,3.13,3.02,2.97,-0.9585,2.4793,4.4474,0.1146,0.0171,0.1907
LIG,2025-01-13,3.0,3.1,2.9,2.9,1525100,3.12,3.02,2.97,-7.0513,-4.1322,-2.2911,-0.6081,-0.08,0.2515
LIG,2025-01-14,3.0,3.0,2.9,2.9,245100,3.11,3.02,2.97,-6.7524,-4.1322,-2.2252,-0.1242,-0.0168,0.2639
LIG,2025-01-15,2.9,3.0,2.9,3.0,270500,3.11,3.03,2.97,-3.537,-0.9901,1.1463,0.1171,0.0176,0.2756
LIG,2025-01-16,3.0,3.1,2.9,2.9,434900,3.07,3.03,2.97,-5.5375,-4.2904,-2.2252,-0.2091,-0.0273,0.2041
LIG,2025-01-17,2.9,3.0,2.9,3.0,159600,3.04,3.04,2.97,-1.3158,-1.1532,1.1463,0.0802,0.0102,0.1885
LIG,2025-01-20,3.0,3.1,2.9,3.0,499600,3.02,3.04,2.97,-0.6623,-1.3158,1.0782,0.0,0.0,0.1793
LIG,2025-01-21,2.9,3.1,2.9,3.0,105800,3.01,3.05,2.97,-0.3322,-1.4778,1.0101,0.0,0.0,0.1793
LIG,2025-01-22,3.0,3.0,2.9,2.9,110900,2.98,3.04,2.97,-2.6846,-4.7619,-2.2911,-0.0396,-0.0055,0.1293
LIG,2025-01-23,2.9,3.0,2.9,3.0,198200,2.97,3.04,2.97,1.0101,-1.4778,1.0101,0.0768,0.0097,0.137
LIG,2025-01-24,3.0,3.0,2.9,3.0,430800,2.96,3.04,2.97,1.3514,-1.4778,0.9421,0.1582,0.0205,0.1413
LIG,2025-02-03,3.0,3.1,3.0,3.1,381200,2.98,3.05,2.98,4.0268,1.6393,4.1667,0.1602,0.0178,0.0965
LIG,2025-02-04,3.1,3.1,3.0,3.0,245900,2.99,3.05,2.98,0.3344,-1.6393,0.8065,-0.076,-0.012,0.0917
LIG,2025-02-05,3.0,3.1,3.0,3.0,222200,2.99,3.05,2.98,0.3344,-1.6393,0.8065,-0.0747,-0.0108,0.0875
LIG,2025-02-06,3.0,3.2,3.0,3.1,769900,3.01,3.04,2.98,2.99,1.9737,4.0967,0.0,0.0,0.0666
LIG,2025-02-07,3.1,3.3,3.1,3.1,655500,3.02,3.03,2.98,2.649,2.3102,3.9571,-0.2262,-0.0313,0.0812
LIG,2025-02-10,3.2,3.3,3.1,3.2,875700,3.04,3.03,2.99,5.2632,5.6106,7.095,0.0,0.0,0.0812
LIG,2025-02-11,3.2,3.3,3.1,3.2,190100,3.06,3.03,2.99,4.5752,5.4366,6.8804,0.0,0.0,0.0812
LIG,2025-02-12,3.2,3.3,3.1,3.2,889400,3.09,3.04,3.0,3.5599,5.4366,6.6667,0.0,0.0,0.0772
LIG,2025-02-13,3.2,3.2,3.1,3.2,280900,3.11,3.04,3.01,2.8939,5.2632,6.4538,0.1051,0.0142,0.08
LIG,2025-02-14,3.2,3.3,3.1,3.2,581200,3.13,3.04,3.01,2.2364,5.0903,6.2417,0.0,0.0,0.0642
LIG,2025-02-17,3.2,3.3,3.1,3.2,387500,3.14,3.06,3.02,1.9108,4.5752,6.0305,0.0,0.0,0.0482
LIG,2025-02-18,3.2,3.4,3.2,3.4,1509600,3.18,3.08,3.03,6.9182,10.2107,12.2853,0.5162,0.0893,0.0922
LIG,2025-02-19,3.4,3.4,3.2,3.4,696600,3.22,3.1,3.04,5.5901,9.5008,11.9157,0.1578,0.0275,0.1005
LIG,2025-02-20,3.4,3.4,3.2,3.3,592800,3.24,3.12,3.05,1.8519,5.6,8.3388,-0.0,-0.0,0.1005
LIG,2025-02-21,3.3,3.3,3.1,3.2,1253100,3.25,3.14,3.05,-1.5385,2.0734,4.918,0.0,0.0,0.0779
LIG,2025-02-24,3.2,3.3,3.2,3.2,274300,3.25,3.14,3.06,-1.5385,1.7488,4.712,-0.0596,-0.0085,0.0839
LIG,2025-02-25,3.2,3.3,3.1,3.2,368300,3.25,3.16,3.06,-1.5385,1.4263,4.5069,0.0,0.0,0.0839
LIG,2025-02-26,3.2,3.3,3.1,3.2,537500,3.25,3.17,3.07,-1.5385,0.9464,4.3705,0.0,0.0,0.0839
LIG,2025-02-27,3.2,3.3,3.1,3.2,506100,3.25,3.18,3.07,-1.5385,0.6289,4.1667,0.0,0.0,0.0734
LIG,2025-02-28,3.2,3.3,3.2,3.2,152900,3.25,3.19,3.08,-1.5385,0.3135,3.9636,-0.038,-0.0058,0.0772
LIG,2025-03-03,3.3,3.3,3.1,3.2,364300,3.25,3.2,3.08,-1.5385,0.1565,3.7613,0.0,0.0,0.0772
LIG,2025-03-04,3.2,3.2,3.1,3.2,303800,3.23,3.2,3.09,-0.9288,-0.156,3.5599,0.0813,0.0114,0.0337
LIG,2025-03-05,3.1,3.2,3.1,3.2,279900,3.21,3.22,3.1,-0.3115,-0.4666,3.3592,0.0444,0.0068,0.0223
LIG,2025-03-06,3.2,3.3,3.1,3.2,505200,3.2,3.22,3.1,0.0,-0.6211,3.1593,0.0,0.0,0.0223
LIG,2025-03-07,3.2,3.3,3.1,3.2,256300,3.2,3.22,3.11,0.0,-0.7752,2.9601,0.0,0.0,0.0223
LIG,2025-03-10,3.2,3.3,3.1,3.2,275000,3.2,3.22,3.11,0.0,-0.7752,2.7617,0.0,0.0,0.0164
LIG,2025-03-11,3.2,3.2,3.1,3.2,151900,3.2,3.22,3.12,0.0,-0.7752,2.5641,0.0255,0.0037,0.0189
LIG,2025-03-12,3.2,3.3,3.1,3.2,1037200,3.2,3.22,3.13,0.0,-0.7752,2.3672,0.0,0.0,0.0189
LIG,2025-03-13,3.2,3.2,3.1,3.2,135300,3.2,3.22,3.13,0.0,-0.7752,2.2364,0.0222,0.0033,0.0211
LIG,2025-03-14,3.1,3.2,3.1,3.1,335100,3.19,3.22,3.13,-2.8213,-3.7267,-1.0217,-0.0627,-0.0091,0.0236
LIG,2025-03-17,3.1,3.2,3.1,3.2,316800,3.19,3.22,3.14,0.3135,-0.6211,2.0408,0.0848,0.0122,0.0321
LIG,2025-03-18,3.1,3.2,3.1,3.1,160500,3.18,3.21,3.14,-2.5157,-3.2761,-1.211,-0.0295,-0.0044,0.0269
LIG,2025-03-19,3.1,3.2,3.1,3.1,500800,3.17,3.19,3.14,-2.2082,-2.8213,-1.2739,-0.1248,-0.0155,0.0349
LIG,2025-03-20,3.1,3.1,3.0,3.1,625900,3.16,3.18,3.14,-1.8987,-2.5157,-1.148,0.1613,0.0251,0.0511
LIG,2025-03-21,3.1,3.1,3.0,3.1,85700,3.15,3.18,3.13,-1.5873,-2.3622,-1.0217,0.0221,0.0035,0.0533
LIG,2025-03-24,3.1,3.1,3.0,3.1,575700,3.14,3.17,3.13,-1.2739,-2.2082,-0.9585,0.1132,0.0165,0.0646
LIG,2025-03-25,3.1,3.1,2.9,3.1,592400,3.13,3.16,3.13,-0.9585,-2.0537,-0.9585,0.1639,0.0239,0.0784
LIG,2025-03-26,3.1,3.1,3.0,3.0,110800,3.11,3.16,3.13,-3.537,-4.9128,-4.0307,-0.0345,-0.0045,0.0819
LIG,2025-03-27,2.9,3.1,2.9,3.0,125500,3.09,3.14,3.12,-2.9126,-4.6105,-3.9693,0.0,0.0,0.0797
LIG,2025-03-28,3.0,3.1,2.9,3.1,301600,3.09,3.14,3.12,0.3236,-1.2739,-0.7682,0.0991,0.0142,0.0833
LIG,2025-03-31,3.1,3.1,3.0,3.0,285900,3.07,3.13,3.13,-2.2801,-4.1534,-4.0307,-0.0647,-0.0086,0.0813
LIG,2025-04-01,3.0,3.3,3.0,3.1,904200,3.07,3.12,3.13,0.9772,-0.8,-0.9585,-0.1053,-0.0148,0.0889
LIG,2025-04-02,3.1,3.2,3.1,3.1,581800,3.07,3.12,3.13,0.9772,-0.641,-1.0217,-0.1463,-0.0222,0.091
LIG,2025-04-03,3.1,3.1,2.8,2.8,2473300,3.04,3.1,3.13,-7.8947,-9.6774,-10.5431,-0.1465,-0.0196,0.0896
LIG,2025-04-04,2.8,2.9,2.7,2.8,1252300,3.01,3.08,3.13,-6.9767,-9.0909,-10.4287,-0.0,-0.0,0.0874
LIG,2025-04-08,2.8,2.8,2.6,2.6,1462300,2.96,3.05,3.12,-12.1622,-14.7541,-16.6132,-0.143,-0.0187,0.0903
LIG,2025-04-09,2.5,2.6,2.4,2.5,764400,2.9,3.01,3.11,-13.7931,-17.0813,-19.5624,0.0,0.0,0.074
LIG,2025-04-10,2.6,2.7,2.5,2.7,245000,2.87,2.99,3.1,-5.9233,-9.699,-13.0155,0.2864,0.0384,0.0991
LIG,2025-04-11,2.8,2.8,2.6,2.8,905800,2.85,2.97,3.1,-1.7544,-5.7239,-9.6774,0.0656,0.0087,0.1057
LIG,2025-04-14,2.8,2.9,2.7,2.8,204700,2.82,2.96,3.1,-0.7092,-5.2453,-9.5607,-0.0,-0.0,0.0958
LIG,2025-04-15,2.8,2.8,2.7,2.7,421900,2.79,2.93,3.09,-3.2258,-7.8498,-12.5648,-0.0847,-0.01,0.0978
LIG,2025-04-16,2.7,2.8,2.7,2.7,196500,2.75,2.91,3.08,-1.8182,-7.2165,-12.3945,-0.0475,-0.0053,0.092
LIG,2025-04-17,2.7,2.8,2.6,2.7,160500,2.71,2.89,3.08,-0.369,-6.5744,-12.2237,0.0,0.0,0.0774
LIG,2025-04-18,2.8,2.8,2.7,2.7,116700,2.7,2.87,3.07,0.0,-5.9233,-11.9948,-0.0185,-0.0027,0.0646
LIG,2025-04-21,2.7,2.8,2.7,2.8,295000,2.7,2.86,3.06,3.7037,-1.9264,-8.5565,0.0613,0.0087,0.0707
LIG,2025-04-22,2.7,2.8,2.6,2.7,725600,2.71,2.84,3.05,-0.369,-4.7619,-11.5334,0.0,0.0,0.0564
LIG,2025-04-23,2.7,2.8,2.6,2.7,295300,2.73,2.82,3.04,-1.0989,-4.0853,-11.2426,0.0,0.0,0.0564
LIG,2025-04-24,2.7,2.8,2.6,2.7,103900,2.73,2.8,3.03,-1.0989,-3.5714,-10.9499,0.0,0.0,0.0278
LIG,2025-04-25,2.7,2.8,2.7,2.7,345400,2.72,2.78,3.02,-0.7353,-3.0521,-10.6552,-0.0672,-0.0077,0.0279
LIG,2025-04-28,2.8,2.8,2.7,2.7,131900,2.71,2.76,3.01,-0.369,-2.3508,-10.3586,-0.044,-0.0057,0.0323
LIG,2025-04-29,2.8,2.8,2.6,2.7,283200,2.71,2.75,3.0,-0.369,-1.8182,-10.06,0.0,0.0,0.0239
LIG,2025-05-05,2.8,2.8,2.7,2.7,174300,2.71,2.73,2.99,-0.369,-1.0989,-9.6386,-0.0474,-0.006,0.0238
LIG,2025-05-06,2.7,2.8,2.7,2.7,411800,2.71,2.71,2.97,-0.369,-0.369,-9.2132,-0.0841,-0.0126,0.0323
LIG,2025-05-07,2.7,2.8,2.7,2.7,177500,2.71,2.7,2.96,-0.369,-0.1848,-8.8454,-0.0433,-0.0059,0.0347
LIG,2025-05-08,2.7,2.8,2.7,2.8,177800,2.71,2.7,2.95,3.321,3.512,-5.2133,0.0433,0.0051,0.0329
LIG,2025-05-09,2.7,2.8,2.7,2.7,88000,2.71,2.71,2.94,-0.369,-0.369,-8.288,-0.0225,-0.0031,0.0352
LIG,2025-05-12,2.7,2.8,2.7,2.8,86200,2.72,2.73,2.94,2.9412,2.7523,-4.6322,0.0157,0.0021,0.0367
LIG,2025-05-13,2.8,2.9,2.7,2.8,611100,2.73,2.73,2.93,2.5641,2.5641,-4.3716,-0.0,-0.0,0.0367
LIG,2025-05-14,2.8,2.9,2.7,2.8,687800,2.74,2.73,2.92,2.1898,2.5641,-4.1096,-0.0,-0.0,0.03
LIG,2025-05-15,2.9,2.9,2.8,2.8,456000,2.75,2.73,2.91,1.8182,2.5641,-3.8462,-0.0906,-0.0125,0.0347
LIG,2025-05-16,2.8,3.0,2.8,3.0,2219300,2.78,2.74,2.91,7.9137,9.2896,3.1637,0.3432,0.0499,0.069
LIG,2025-05-19,3.0,3.0,2.9,2.9,429900,2.8,2.76,2.9,3.5714,5.2632,-0.0689,-0.0876,-0.0125,0.073
LIG,2025-05-20,2.9,3.0,2.8,2.9,475800,2.82,2.76,2.9,2.8369,4.8825,0.1381,0.0,0.0,0.0646
LIG,2025-05-21,2.9,3.0,2.9,2.9,943200,2.84,2.78,2.89,2.1127,4.5045,0.346,-0.1718,-0.0232,0.0775
LIG,2025-05-22,2.9,3.0,2.9,2.9,506100,2.85,2.78,2.88,1.7544,4.3165,0.5548,-0.0773,-0.0114,0.0809
LIG,2025-05-23,2.9,2.9,2.8,2.9,170000,2.87,2.79,2.88,1.0453,3.9427,0.7644,0.0421,0.0061,0.0828
LIG,2025-05-26,2.9,3.0,2.8,2.9,1094500,2.88,2.8,2.87,0.6944,3.5714,0.9749,0.0,0.0,0.0813
LIG,2025-05-27,2.9,3.1,2.8,3.1,6426600,2.91,2.82,2.87,6.5292,9.9291,8.0139,1.1516,0.1763,0.1964
LIG,2025-05-28,3.1,3.2,3.0,3.1,857300,2.94,2.84,2.87,5.4422,9.1549,8.0893,0.0,0.0,0.1964
LIG,2025-05-29,3.1,3.1,3.0,3.0,739800,2.96,2.85,2.87,1.3514,5.0788,4.6755,-0.1216,-0.0174,0.1995
LIG,2025-05-30,3.0,3.1,2.9,3.1,459800,2.97,2.88,2.86,4.3771,7.8261,8.2402,0.0775,0.0111,0.173
LIG,2025-06-02,3.0,3.2,3.0,3.1,1107500,2.99,2.9,2.86,3.6789,7.0812,8.2402,0.0,0.0,0.1642
LIG,2025-06-03,3.1,3.2,3.0,3.2,553300,3.02,2.92,2.87,5.9603,9.589,11.6539,0.1003,0.0163,0.1742
LIG,2025-06-04,3.2,3.3,3.1,3.2,633200,3.05,2.94,2.87,4.918,8.6587,11.576,0.0,0.0,0.157
LIG,2025-06-05,3.2,3.2,3.0,3.1,504800,3.07,2.96,2.87,0.9772,4.7297,8.0893,0.0,0.0,0.1493
LIG,2025-06-06,3.1,3.2,3.0,3.0,183200,3.08,2.98,2.87,-2.5974,0.8403,4.6755,-0.0292,-0.0042,0.148
LIG,2025-06-09,3.0,3.1,2.9,2.9,640800,3.08,2.98,2.86,-5.8442,-2.6846,1.3277,-0.1265,-0.0176,0.1607
LIG,2025-06-10,3.0,3.1,3.0,3.0,417700,3.07,2.99,2.86,-2.2801,0.3344,4.8218,-0.1095,-0.0154,0.0565
LIG,2025-06-11,3.0,3.1,2.9,2.9,255300,3.05,3.0,2.86,-4.918,-3.172,1.3986,-0.0962,-0.0116,0.0661
LIG,2025-06-12,3.0,3.1,3.0,3.1,310800,3.06,3.01,2.86,1.3072,2.99,8.3916,0.0737,0.0109,0.0613
LIG,2025-06-13,3.1,3.1,2.9,3.0,514600,3.05,3.01,2.86,-1.6393,-0.3322,4.8951,0.0,0.0,0.0535
LIG,2025-06-16,3.1,3.1,3.0,3.1,158200,3.05,3.02,2.86,1.6393,2.649,8.3916,0.0248,0.0034,0.056
LIG,2025-06-17,3.1,3.1,3.0,3.0,142800,3.03,3.02,2.86,-0.9901,-0.8264,4.9685,-0.0353,-0.0051,0.0495
LIG,2025-06-18,3.1,3.1,3.0,3.0,244000,3.01,3.03,2.86,-0.3322,-0.9901,4.8218,-0.0537,-0.0072,0.0549
LIG,2025-06-19,3.0,3.1,3.0,3.1,96500,3.01,3.04,2.87,2.99,1.9737,8.0893,0.0246,0.0036,0.0573
LIG,2025-06-20,3.1,3.1,2.9,3.1,1338700,3.02,3.05,2.88,2.649,1.6393,7.7137,0.2943,0.0396,0.0838
LIG,2025-06-23,3.1,3.2,3.0,3.1,452900,3.04,3.06,2.89,1.9737,1.3072,7.2664,0.0,0.0,0.0712
LIG,2025-06-24,3.1,3.2,3.0,3.0,945900,3.04,3.06,2.9,-1.3158,-1.8003,3.5912,-0.1893,-0.024,0.0792
LIG,2025-06-25,3.1,3.1,3.0,3.1,28900,3.06,3.06,2.9,1.3072,1.473,6.8229,0.0059,0.0008,0.0702
LIG,2025-06-26,3.1,3.1,3.0,3.0,342700,3.05,3.06,2.91,-1.6393,-1.8003,3.2347,-0.0918,-0.0119,0.072
LIG,2025-06-27,3.1,3.1,3.0,3.1,340100,3.06,3.06,2.91,1.3072,1.473,6.383,0.0803,0.0108,0.08
LIG,2025-06-30,3.0,3.3,3.0,3.2,1296900,3.07,3.06,2.92,4.2345,4.5752,9.4391,0.1062,0.0151,0.0881
LIG,2025-07-01,3.2,3.3,3.0,3.2,1631500,3.09,3.06,2.93,3.5599,4.5752,9.0661,0.1514,0.0206,0.0998
LIG,2025-07-02,3.2,3.5,3.2,3.5,4230700,3.14,3.08,2.95,11.465,13.8211,18.6441,0.6993,0.1139,0.1643
LIG,2025-07-03,3.5,3.7,3.3,3.3,1346900,3.16,3.08,2.96,4.4304,6.9692,11.4865,-0.259,-0.0365,0.1878
LIG,2025-07-04,3.4,3.5,3.2,3.4,1773200,3.19,3.1,2.97,6.5831,9.5008,14.3241,0.1673,0.0243,0.1751
LIG,2025-07-07,3.4,3.7,3.3,3.5,2710500,3.23,3.14,2.99,8.3591,11.6427,17.0569,0.0,0.0,0.1751
LIG,2025-07-08,3.5,3.6,3.4,3.4,1554300,3.27,3.16,3.0,3.9755,7.7655,13.1824,-0.2545,-0.0392,0.1816
LIG,2025-07-09,3.4,3.6,3.4,3.5,2092300,3.31,3.18,3.02,5.7402,9.8901,15.894,0.0,0.0,0.181
LIG,2025-07-10,3.5,3.5,3.4,3.4,1747500,3.35,3.2,3.03,1.4925,6.25,12.0633,-0.2959,-0.0446,0.2014
LIG,2025-07-11,3.5,3.5,3.4,3.4,994300,3.38,3.22,3.05,0.5917,5.5901,11.5486,-0.1574,-0.0225,0.2091
LIG,2025-07-14,3.4,3.5,3.3,3.4,1155300,3.4,3.24,3.06,0.0,5.1005,11.0385,0.0,0.0,0.1985
LIG,2025-07-15,3.4,3.7,3.4,3.5,2257200,3.43,3.26,3.08,2.0408,7.362,13.7102,-0.0693,-0.0106,0.1903
LIG,2025-07-16,3.5,3.7,3.5,3.6,1717300,3.44,3.29,3.1,4.6512,9.4225,16.2791,0.0,0.0,0.1203
LIG,2025-07-17,3.6,3.8,3.5,3.6,2183300,3.47,3.32,3.11,3.7464,8.5973,15.6812,-0.0985,-0.0151,0.1043
LIG,2025-07-18,3.6,3.9,3.6,3.9,5258600,3.52,3.35,3.14,10.7955,16.2444,24.3622,0.6709,0.1179,0.1546
LIG,2025-07-21,3.9,4.2,3.9,3.9,2935600,3.56,3.39,3.16,9.5506,14.8748,23.4959,-0.3199,-0.0552,0.1866
LIG,2025-07-22,3.9,4.1,3.9,4.0,1533300,3.62,3.44,3.18,10.4972,16.1103,25.7071,0.0,0.0,0.1612
LIG,2025-07-23,4.0,4.3,4.0,4.2,1987500,3.69,3.5,3.21,13.8211,20.0,30.8411,0.083,0.0138,0.1695
LIG,2025-07-24,4.2,4.4,4.2,4.4,2324500,3.79,3.57,3.24,16.095,23.2493,35.7187,0.3363,0.0624,0.1735
LIG,2025-07-25,4.4,4.5,4.3,4.4,1740900,3.89,3.63,3.27,13.1105,21.0454,34.5566,0.0,0.0,0.1578
LIG,2025-07-28,4.4,4.5,4.3,4.4,1566500,3.99,3.7,3.3,10.2757,19.0798,33.3333,0.0,0.0,0.1578
LIG,2025-07-29,4.4,4.5,4.1,4.2,2900800,4.06,3.74,3.33,3.4483,12.1495,26.2778,-0.053,-0.0095,0.1562
LIG,2025-07-30,4.2,4.3,4.1,4.2,1067900,4.12,3.78,3.35,1.9417,11.1111,25.2983,0.0,0.0,0.1562
LIG,2025-07-31,4.1,4.3,4.1,4.2,1010100,4.18,3.82,3.38,0.4785,9.8039,24.3339,0.0,0.0,0.1463
LIG,2025-08-01,4.1,4.2,4.0,4.1,650000,4.2,3.86,3.4,-2.381,6.2176,20.5173,-0.0,-0.0,0.0792
LIG,2025-08-04,4.1,4.2,4.0,4.2,842600,4.23,3.9,3.43,-0.7092,7.8306,22.5204,0.0795,0.0142,0.0552
LIG,2025-08-05,4.2,4.3,4.1,4.1,1048300,4.24,3.93,3.45,-3.3019,4.3257,18.9095,-0.1083,-0.0173,0.066
LIG,2025-08-06,4.1,4.2,4.1,4.2,612100,4.24,3.96,3.47,-0.9434,5.9269,21.0375,0.0847,0.0126,0.0662
LIG,2025-08-07,4.2,4.2,4.0,4.2,858400,4.22,4.01,3.49,-0.4739,4.8689,20.2061,0.084,0.0152,0.041
LIG,2025-08-08,4.2,4.2,4.0,4.2,1104800,4.2,4.04,3.52,0.0,3.8319,19.4539,0.1109,0.0187,0.052
LIG,2025-08-11,4.2,4.3,4.1,4.2,541500,4.18,4.08,3.54,0.4785,2.8152,18.7111,0.0,0.0,0.052
LIG,2025-08-12,4.2,4.3,4.1,4.1,955800,4.17,4.12,3.56,-1.6787,-0.3645,15.2981,-0.1107,-0.018,0.0578
LIG,2025-08-13,4.2,4.5,4.1,4.5,4171600,4.2,4.16,3.58,7.1429,8.1731,25.6281,0.4217,0.0656,0.1
LIG,2025-08-14,4.5,4.9,4.5,4.9,4161100,4.27,4.22,3.62,14.7541,15.9763,35.4339,0.4443,0.0781,0.1444
LIG,2025-08-15,5.0,5.3,5.0,5.3,5799900,4.39,4.3,3.66,20.7289,23.3993,44.6507,0.4988,0.0937,0.1943
LIG,2025-08-18,5.8,5.8,5.3,5.4,2378200,4.51,4.37,3.71,19.7339,23.5698,45.3958,-0.1581,-0.0316,0.2022
LIG,2025-08-19,5.4,5.5,5.0,5.2,2801800,4.62,4.43,3.76,12.5541,17.3815,38.3715,-0.0505,-0.0097,0.1964
LIG,2025-08-20,5.3,5.3,4.9,5.0,2023500,4.7,4.47,3.8,6.383,11.8568,31.5789,-0.088,-0.0155,0.1967
LIG,2025-08-21,5.0,5.2,4.9,5.1,797100,4.79,4.5,3.84,6.4718,13.2075,32.8125,0.0249,0.0046,0.1908
LIG,2025-08-22,5.1,5.2,4.8,4.8,2191300,4.85,4.53,3.88,-1.0309,6.0773,23.839,-0.1555,-0.0288,0.1952
LIG,2025-08-25,4.9,5.1,4.9,4.9,1006600,4.92,4.55,3.91,-0.4065,7.6923,25.2556,-0.0917,-0.0177,0.2044
LIG,2025-08-26,4.9,5.2,4.9,5.2,814500,5.03,4.6,3.96,3.3797,13.0435,31.4459,0.0667,0.0125,0.2
LIG,2025-08-27,5.2,5.4,5.1,5.1,1017300,5.09,4.64,4.0,0.1965,9.7955,27.5638,-0.0966,-0.017,0.1675
LIG,2025-08-28,5.2,5.2,5.0,5.1,379400,5.11,4.69,4.04,-0.1957,8.742,26.3001,-0.0,-0.0,0.1231
LIG,2025-08-29,5.2,5.2,5.0,5.1,1172500,5.09,4.74,4.08,0.1965,7.5949,25.0613,-0.0,-0.0,0.0732
LIG,2025-09-03,5.1,5.2,5.0,5.0,706400,5.05,4.78,4.12,-0.9901,4.6025,21.4772,-0.0919,-0.0166,0.0666
LIG,2025-09-04,5.0,5.2,5.0,5.2,1149800,5.05,4.84,4.16,2.9703,7.5491,25.0,0.1322,0.0247,0.0747
LIG,2025-09-05,5.2,5.2,5.0,5.1,586700,5.06,4.88,4.2,0.7905,4.5082,21.4286,-0.0,-0.0,0.0659
LIG,2025-09-08,5.1,5.2,4.9,4.9,1090800,5.04,4.92,4.24,-2.7778,-0.3052,15.6206,-0.0678,-0.0127,0.0702
LIG,2025-09-09,4.9,5.0,4.8,4.9,574900,5.05,4.95,4.27,-2.9703,-1.0101,14.6467,0.0,0.0,0.0547
LIG,2025-09-10,4.9,5.1,4.9,4.9,236400,5.05,4.99,4.31,-2.9703,-1.7051,13.7419,-0.0582,-0.0106,0.0513
LIG,2025-09-11,4.9,5.0,4.8,4.9,607600,5.02,5.03,4.34,-2.3904,-2.4876,12.8512,0.0,0.0,0.0447
LIG,2025-09-12,5.0,5.1,4.9,4.9,403800,5.0,5.04,4.37,-2.0,-2.8741,12.1281,-0.0649,-0.0111,0.0415
LIG,2025-09-15,5.0,5.1,4.9,5.1,588200,5.0,5.06,4.41,2.0,0.8902,15.7512,0.0919,0.0154,0.0507
LIG,2025-09-16,5.1,5.2,5.0,5.1,604300,5.0,5.04,4.44,2.0,1.0902,14.8649,-0.0,-0.0,0.0507
LIG,2025-09-17,5.1,5.2,5.0,5.0,574800,5.0,5.03,4.47,0.0,-0.4975,11.8568,-0.0722,-0.0129,0.0487
LIG,2025-09-18,5.0,5.1,4.9,5.0,172800,4.98,5.01,4.5,0.4016,-0.2991,11.0618,0.0,0.0,0.0355
LIG,2025-09-19,5.0,5.1,4.9,4.9,269900,4.96,5.01,4.53,-1.2097,-2.1956,8.1678,-0.0508,-0.0081,0.0406
LIG,2025-09-22,4.9,5.0,4.8,4.9,521900,4.96,5.0,4.56,-1.2097,-2.0,7.4561,0.0,0.0,0.0338
LIG,2025-09-23,4.9,5.0,4.9,4.9,323400,4.96,5.0,4.59,-1.2097,-2.0979,6.7538,-0.0716,-0.0133,0.041
LIG,2025-09-24,4.9,5.0,4.9,4.9,282200,4.96,5.01,4.62,-1.2097,-2.0979,6.0606,-0.0324,-0.006,0.0384
LIG,2025-09-25,5.0,5.3,4.9,5.3,1603600,5.0,5.01,4.66,6.0,5.7884,13.8316,0.2449,0.0488,0.0629
LIG,2025-09-26,5.5,5.7,5.3,5.3,1439600,5.04,5.02,4.69,5.1587,5.5777,13.0064,-0.2388,-0.0468,0.0803
LIG,2025-09-29,5.3,5.3,5.1,5.1,518400,5.04,5.02,4.72,1.1905,1.5936,8.0508,-0.103,-0.0195,0.0814
LIG,2025-09-30,5.1,5.2,4.9,5.0,918100,5.03,5.01,4.74,-0.5964,-0.2991,5.4407,-0.0577,-0.0101,0.0871
LIG,2025-10-01,5.0,5.4,5.0,5.2,560700,5.05,5.03,4.77,2.9703,3.4826,9.0604,0.0,0.0,0.0799
LIG,2025-10-02,5.3,5.3,5.0,5.0,455800,5.05,5.01,4.79,-0.9901,-0.2991,4.4277,-0.0825,-0.0154,0.0882
LIG,2025-10-03,5.0,5.1,4.9,4.9,447000,5.05,5.01,4.8,-2.9703,-2.0979,2.0408,-0.0831,-0.0164,0.0914
LIG,2025-10-06,5.0,5.2,5.0,5.1,385000,5.07,5.01,4.82,0.5917,1.6949,5.897,-0.0,-0.0,0.0914
LIG,2025-10-07,5.1,5.1,5.0,5.0,394900,5.08,5.02,4.83,-1.5748,-0.3984,3.5626,-0.0664,-0.0123,0.0909
LIG,2025-10-08,5.1,5.1,4.9,5.0,266900,5.09,5.03,4.84,-1.7682,-0.4975,3.3058,0.0,0.0,0.0876
LIG,2025-10-09,5.0,5.1,4.9,4.9,323100,5.05,5.03,4.85,-2.9703,-2.4876,0.9477,-0.0581,-0.009,0.069
LIG,2025-10-10,4.9,5.1,4.9,5.0,385900,5.02,5.03,4.87,-0.3984,-0.5964,2.6694,0.0,0.0,0.0451
LIG,2025-10-13,5.0,5.0,4.9,4.9,694700,5.0,5.02,4.88,-2.0,-2.3904,0.3276,-0.081,-0.0131,0.0429
LIG,2025-10-14,5.0,5.0,4.8,4.8,477500,4.98,5.01,4.9,-3.6145,-4.0959,-2.0008,-0.0471,-0.0072,0.0418
LIG,2025-10-15,4.8,4.9,4.8,4.8,332100,4.94,5.0,4.91,-2.834,-3.9039,-2.2403,-0.0599,-0.0085,0.0478
LIG,2025-10-16,4.8,4.9,4.7,4.9,825200,4.93,4.99,4.93,-0.6085,-1.8036,-0.5278,0.1224,0.0184,0.0518
LIG,2025-10-17,4.9,4.9,4.8,4.8,259600,4.92,4.99,4.94,-2.439,-3.7111,-2.7947,-0.0283,-0.0042,0.0463
LIG,2025-10-20,4.9,4.9,4.4,4.4,1011900,4.85,4.96,4.94,-9.2784,-11.2903,-10.9672,-0.0596,-0.0093,0.0523
LIG,2025-10-21,4.4,4.6,4.2,4.5,1594500,4.8,4.94,4.95,-6.25,-8.9069,-9.0542,0.1035,0.0161,0.056
LIG,2025-10-22,4.5,4.6,4.3,4.5,145700,4.75,4.92,4.95,-5.2632,-8.5366,-9.1643,0.0083,0.0013,0.0568
LIG,2025-10-23,4.5,4.6,4.4,4.5,300600,4.71,4.88,4.96,-4.4586,-7.7869,-9.3108,0.0,0.0,0.051
LIG,2025-10-24,4.5,4.5,4.3,4.4,227500,4.65,4.84,4.96,-5.3763,-8.9969,-11.2903,0.0,0.0,0.051
LIG,2025-10-27,4.5,4.6,4.4,4.5,165600,4.61,4.81,4.95,-2.3861,-6.3476,-9.1276,0.0,0.0,0.0429
LIG,2025-10-28,4.5,4.5,4.3,4.4,332400,4.57,4.78,4.93,-3.7199,-7.8534,-10.8229,0.0,0.0,0.0382
LIG,2025-10-29,4.4,4.6,4.4,4.5,321300,4.54,4.74,4.92,-0.8811,-5.0633,-8.4622,0.0,0.0,0.0322
LIG,2025-10-30,4.6,4.9,4.6,4.9,1183500,4.54,4.74,4.91,7.9295,3.4847,-0.2037,0.2184,0.0391,0.0418
LIG,2025-10-31,4.9,5.0,4.7,4.8,400700,4.54,4.73,4.91,5.7269,1.4799,-2.1606,-0.0206,-0.0033,0.041
LIG,2025-11-03,4.8,4.8,4.5,4.5,732200,4.55,4.7,4.89,-1.0989,-4.2553,-8.0507,-0.0775,-0.0136,0.0428
LIG,2025-11-04,4.5,4.6,4.4,4.6,414000,4.56,4.68,4.89,0.8772,-1.7094,-5.9305,0.0406,0.0073,0.0365
LIG,2025-11-05,4.5,4.6,4.5,4.6,46700,4.57,4.66,4.88,0.6565,-1.2876,-5.8149,0.0127,0.0021,0.037
LIG,2025-11-06,4.6,4.6,4.4,4.4,105500,4.56,4.64,4.87,-3.5088,-5.0701,-9.6138,-0.0297,-0.0047,0.04
LIG,2025-11-07,4.4,4.5,4.3,4.4,224200,4.56,4.6,4.85,-3.5088,-4.4517,-9.3531,0.0,0.0,0.04
LIG,2025-11-10,4.4,4.4,4.2,4.3,249800,4.54,4.58,4.84,-5.2863,-6.0109,-11.1203,-0.0,-0.0,0.04
LIG,2025-11-11,4.3,4.4,4.3,4.3,207300,4.53,4.55,4.82,-5.0773,-5.4945,-10.8254,-0.0493,-0.0078,0.0449
LIG,2025-11-12,4.3,4.5,4.3,4.5,73500,4.53,4.54,4.81,-0.6623,-0.7718,-6.4838,0.0151,0.0025,0.0464
LIG,2025-11-13,4.5,4.5,4.4,4.5,121200,4.49,4.52,4.8,0.2227,-0.3322,-6.2109,0.0297,0.0046,0.0275
LIG,2025-11-14,4.5,4.5,4.4,4.4,57000,4.45,4.49,4.78,-1.1236,-2.1135,-8.0268,-0.0166,-0.0028,0.0271
LIG,2025-11-17,4.3,4.5,4.3,4.4,122800,4.44,4.5,4.77,-0.9009,-2.1135,-7.8341,0.0,0.0,0.0194
LIG,2025-11-18,4.3,4.5,4.3,4.5,132200,4.43,4.5,4.77,1.5801,0.1112,-5.5812,0.0362,0.0057,0.0189
LIG,2025-11-19,4.5,4.5,4.4,4.4,202400,4.41,4.49,4.76,-0.2268,-2.0045,-7.4853,-0.048,-0.0077,0.0225
LIG,2025-11-20,4.4,4.5,4.3,4.5,126300,4.42,4.49,4.75,1.81,0.2227,-5.2233,0.0356,0.0059,0.0231
LIG,2025-11-21,4.4,4.5,4.4,4.5,126300,4.43,4.5,4.74,1.5801,0.1112,-5.0633,0.03,0.005,0.0261
LIG,2025-11-24,4.5,4.5,4.4,4.4,1444100,4.44,4.49,4.73,-0.9009,-2.0045,-6.898,-0.4479,-0.0657,0.0708
LIG,2025-11-25,4.5,4.5,4.4,4.5,117300,4.46,4.5,4.71,0.8969,0.1112,-4.5397,0.0245,0.004,0.0684
LIG,2025-11-26,4.4,4.5,4.4,4.4,100000,4.45,4.49,4.7,-1.1236,-2.0045,-6.4228,-0.0205,-0.0032,0.0689
LIG,2025-11-27,4.4,4.5,4.3,4.5,1615100,4.45,4.47,4.69,1.1236,0.6711,-4.0921,0.46,0.0751,0.1119
LIG,2025-11-28,4.5,4.6,4.4,4.5,255900,4.46,4.46,4.68,0.8969,1.0101,-3.9283,0.0,0.0,0.1103
LIG,2025-12-01,4.5,4.5,4.3,4.4,147400,4.46,4.45,4.67,-1.3453,-1.1236,-5.8622,0.0,0.0,0.1103
LIG,2025-12-02,4.4,4.5,4.3,4.4,128400,4.45,4.44,4.66,-1.1236,-0.9009,-5.6604,0.0,0.0,0.1066
LIG,2025-12-03,4.4,4.4,4.3,4.3,236300,4.44,4.42,4.65,-3.1532,-2.8249,-7.5666,-0.051,-0.0075,0.1069
LIG,2025-12-04,4.4,4.5,4.4,4.4,214600,4.43,4.42,4.63,-0.6772,-0.565,-5.0496,-0.0583,-0.0089,0.1092
LIG,2025-12-05,4.4,4.5,4.3,4.4,222000,4.42,4.42,4.62,-0.4525,-0.565,-4.6794,0.0,0.0,0.1062
LIG,2025-12-08,4.3,4.5,4.3,4.4,172000,4.42,4.43,4.6,-0.4525,-0.6772,-4.3894,0.0,0.0,0.0614
LIG,2025-12-09,4.4,4.5,4.3,4.4,325900,4.41,4.44,4.59,-0.2268,-0.7892,-4.1394,0.0,0.0,0.059
LIG,2025-12-10,4.4,4.4,4.3,4.4,218300,4.41,4.43,4.57,-0.2268,-0.6772,-3.8041,0.0702,0.0117,0.064
LIG,2025-12-11,4.4,4.5,4.3,4.4,214700,4.4,4.42,4.56,0.0,-0.565,-3.5511,0.0,0.0,0.0179
LIG,2025-12-12,4.4,4.4,4.2,4.3,277300,4.38,4.42,4.55,-1.8265,-2.7149,-5.4945,-0.0,-0.0,0.0179
LIG,2025-12-15,4.3,4.3,4.2,4.3,56100,4.37,4.42,4.53,-1.6018,-2.6048,-5.161,0.0184,0.0031,0.0198
LIG,2025-12-16,4.3,4.4,4.2,4.3,200800,4.36,4.4,4.52,-1.3761,-2.3837,-4.8673,-0.0,-0.0,0.0198
LIG,2025-12-17,4.3,4.4,4.3,4.3,134300,4.36,4.4,4.51,-1.3761,-2.2727,-4.5717,-0.0438,-0.0067,0.0191
LIG,2025-12-18,4.3,4.4,4.3,4.3,159100,4.35,4.39,4.49,-1.1494,-2.0501,-4.3169,-0.0641,-0.0097,0.0196
LIG,2025-12-19,4.3,4.4,4.2,4.3,99200,4.34,4.38,4.48,-0.9217,-1.8265,-4.0179,-0.0,-0.0,0.0196
LIG,2025-12-22,4.3,4.4,4.2,4.3,129500,4.33,4.38,4.47,-0.6928,-1.7143,-3.7601,-0.0,-0.0,0.0196
LIG,2025-12-23,4.4,4.4,4.3,4.3,112600,4.32,4.36,4.46,-0.463,-1.4891,-3.5442,-0.0293,-0.0038,0.0226
LIG,2025-12-24,4.3,4.4,4.2,4.3,204900,4.31,4.36,4.45,-0.232,-1.3761,-3.3273,-0.0,-0.0,0.0156
LIG,2025-12-25,4.3,4.3,4.2,4.2,23300,4.29,4.35,4.43,-2.0979,-3.3372,-5.2774,-0.0038,-0.0005,0.0159
LIG,2025-12-26,4.2,4.3,4.1,4.2,198600,4.28,4.33,4.42,-1.8692,-3.0023,-5.0204,0.0,0.0,0.0159
LIG,2025-12-29,4.2,4.3,4.1,4.3,200600,4.28,4.32,4.42,0.4673,-0.578,-2.7149,0.0664,0.0088,0.0207
LIG,2025-12-30,4.3,4.3,4.2,4.3,52600,4.28,4.32,4.42,0.4673,-0.463,-2.6268,0.017,0.0022,0.0224
LIG,2025-12-31,4.3,4.3,4.1,4.1,206600,4.26,4.31,4.41,-3.7559,-4.8724,-6.9873,-0.045,-0.006,0.0226
LIG,2026-01-05,4.1,4.2,4.0,4.0,324100,4.23,4.29,4.4,-5.4374,-6.7599,-9.0496,-0.0737,-0.0095,0.0235
