ticker,time,open,high,low,close,volume,ma10,ma20,ma50,ma10_score,ma20_score,ma50_score,money_flow,dollar_flow,trend_score
MSH,2018-11-28,14.36,14.91,14.36,14.91,365510,,,,,,,0.6474,0.7335,0.0647
MSH,2018-11-29,15.93,15.93,15.46,15.46,96040,,,,,,,-0.1179,-0.1512,0.0765
MSH,2018-11-30,15.52,15.52,15.13,15.16,141060,,,,,,,-0.1545,-0.2016,0.092
MSH,2018-12-03,15.1,15.1,14.14,14.5,233640,,,,,,,-0.05,-0.0551,0.097
MSH,2018-12-04,14.63,14.66,14.47,14.52,135900,,,,,,,-0.0795,-0.094,0.1049
MSH,2018-12-05,14.52,14.55,13.52,13.89,266020,,,,,,,-0.0856,-0.094,0.1135
MSH,2018-12-06,13.89,13.89,13.53,13.81,107370,,,,,,,0.0714,0.0887,0.1206
MSH,2018-12-07,14.08,14.08,13.81,13.89,44440,,,,,,,-0.0215,-0.0262,0.1228
MSH,2018-12-10,13.89,13.94,13.5,13.86,94800,,,,,,,0.0805,0.0856,0.1308
MSH,2018-12-11,14.55,14.55,13.2,13.53,47340,14.35,,,-5.7229,,,-0.0403,-0.043,0.1349
MSH,2018-12-12,13.26,13.8,12.6,12.84,134820,14.15,,,-9.2222,,,-0.0944,-0.1024,0.0796
MSH,2018-12-13,12.84,12.9,12.45,12.6,182210,13.86,,,-9.0799,,,-0.0781,-0.0803,0.0756
MSH,2018-12-14,12.35,12.6,11.76,11.94,97990,13.54,,,-11.7946,,,-0.0672,-0.0633,0.0668
MSH,2018-12-17,11.94,12.39,11.7,12.06,29230,13.29,,,-9.2764,,,0.0013,0.0012,0.062
MSH,2018-12-18,11.76,12.75,11.76,12.74,33710,13.12,,,-2.8929,,,0.0425,0.0434,0.0583
MSH,2018-12-19,12.75,12.75,12.59,12.6,18460,12.99,,,-2.9699,,,-0.0232,-0.0224,0.052
MSH,2018-12-20,12.27,12.57,12.09,12.44,53070,12.85,,,-3.2198,,,0.0355,0.0343,0.0485
MSH,2018-12-21,12.5,12.6,11.78,12.56,30740,12.72,,,-1.262,,,0.0288,0.0228,0.0492
MSH,2018-12-24,12.18,12.75,12.18,12.45,19500,12.58,,,-0.9901,,,-0.0014,-0.0015,0.0413
MSH,2018-12-25,12.3,12.3,11.88,12.0,36630,12.42,13.39,,-3.3933,-10.3568,,-0.017,-0.0184,0.0389
MSH,2018-12-26,12.0,12.3,12.0,12.3,18260,12.37,13.26,,-0.5457,-7.2116,,0.0288,0.0272,0.0324
MSH,2018-12-27,12.45,12.45,12.09,12.3,30790,12.34,13.1,,-0.3039,-6.0919,,0.0066,0.0062,0.0252
MSH,2018-12-28,12.3,12.44,12.03,12.3,26780,12.37,12.96,,-0.594,-5.0563,,0.0104,0.0102,0.0195
MSH,2019-01-02,12.3,12.41,12.27,12.3,19350,12.4,12.85,,-0.7864,-4.2452,,-0.0195,-0.0181,0.0214
MSH,2019-01-03,12.33,12.39,12.0,12.3,46390,12.35,12.73,,-0.4371,-3.4096,,0.0277,0.0315,0.0199
MSH,2019-01-04,12.09,12.41,12.09,12.3,30470,12.32,12.66,,-0.1947,-2.8039,,0.0164,0.0171,0.0192
MSH,2019-01-07,12.3,12.3,12.15,12.24,10200,12.31,12.58,,-0.5242,-2.6764,,0.0041,0.0041,0.0161
MSH,2019-01-08,12.41,12.41,12.3,12.3,22560,12.28,12.5,,0.171,-1.5782,,-0.0515,-0.059,0.0183
MSH,2019-01-09,12.3,12.3,12.21,12.26,42850,12.26,12.42,,-0.0368,-1.3047,,-0.0,-0.0,0.0182
MSH,2019-01-10,12.3,12.3,12.24,12.24,14810,12.28,12.35,,-0.3542,-0.9108,,-0.0326,-0.0341,0.0198
MSH,2019-01-11,12.24,12.24,12.15,12.21,18390,12.28,12.32,,-0.5255,-0.9009,,0.0122,0.011,0.0181
MSH,2019-01-14,12.26,13.02,12.24,12.9,98700,12.34,12.34,,4.5847,4.572,,0.1349,0.1579,0.0309
MSH,2019-01-15,12.63,13.8,12.63,13.74,117520,12.48,12.43,,10.1094,10.5746,,0.1911,0.2054,0.049
MSH,2019-01-16,13.8,14.25,13.65,13.8,36510,12.63,12.51,,9.2766,10.2853,,-0.0375,-0.0399,0.0508
MSH,2019-01-17,13.8,13.8,13.44,13.44,33940,12.74,12.55,,5.4738,7.1065,,-0.0623,-0.0758,0.0543
MSH,2019-01-18,13.38,13.38,12.93,13.29,18750,12.84,12.58,,3.4926,5.6208,,0.0222,0.0247,0.0548
MSH,2019-01-21,13.35,13.59,13.26,13.59,16110,12.98,12.64,,4.7278,7.5116,,0.0221,0.0277,0.0566
MSH,2019-01-22,13.2,13.76,13.2,13.65,118490,13.11,12.7,,4.1071,7.5205,,0.1061,0.1291,0.0621
MSH,2019-01-23,13.74,13.74,13.5,13.64,48220,13.25,12.76,,2.9095,6.9034,,0.0113,0.0131,0.0632
MSH,2019-01-24,13.64,13.65,13.32,13.5,31970,13.38,12.83,,0.9308,5.2263,,0.0055,0.0055,0.0605
MSH,2019-01-25,13.52,13.52,13.41,13.5,38220,13.51,12.89,,-0.0333,4.7364,,0.0671,0.0663,0.066
MSH,2019-01-28,13.44,14.09,13.44,14.07,92430,13.62,12.98,,3.2926,8.4142,,0.1992,0.2228,0.0725
MSH,2019-01-29,13.89,14.79,13.83,14.43,75160,13.69,13.09,,5.4015,10.2831,,0.0287,0.0316,0.0562
MSH,2019-01-30,14.4,14.7,14.37,14.4,52900,13.75,13.19,,4.7235,9.1777,,-0.0736,-0.0929,0.0598
MSH,2019-01-31,14.4,14.43,14.25,14.4,26410,13.85,13.3,,3.9974,8.3155,,0.0286,0.0336,0.0565
MSH,2019-02-01,14.43,14.85,14.43,14.63,24390,13.98,13.41,,4.6137,9.0543,,-0.0026,-0.0023,0.0545
MSH,2019-02-11,14.7,14.97,14.46,14.85,20300,14.11,13.54,,5.2743,9.6649,,0.0147,0.017,0.0538
MSH,2019-02-12,14.85,15.18,14.85,15.03,87140,14.24,13.68,,5.5181,9.8865,,0.0093,0.013,0.0441
MSH,2019-02-13,15.06,15.6,15.03,15.48,47830,14.43,13.84,,7.2877,11.8578,,0.0285,0.0324,0.0458
MSH,2019-02-14,15.42,15.69,15.3,15.36,35200,14.62,14.0,13.41,5.1011,9.7535,14.5477,-0.0274,-0.0311,0.048
MSH,2019-02-15,15.36,15.45,15.24,15.24,74280,14.79,14.15,13.42,3.053,7.7298,13.5966,-0.1104,-0.1139,0.0523
MSH,2019-02-18,15.3,16.11,15.24,16.11,138180,14.99,14.31,13.43,7.4538,12.6022,19.9655,0.1454,0.1515,0.0469
MSH,2019-02-19,16.11,16.29,15.96,16.08,42270,15.16,14.42,13.45,6.0861,11.4809,19.5778,-0.0084,-0.01,0.0449
MSH,2019-02-20,16.08,16.11,15.9,16.02,23830,15.32,14.54,13.48,4.5726,10.2167,18.8619,0.0041,0.0055,0.038
MSH,2019-02-21,16.02,16.05,15.78,15.9,78340,15.47,14.66,13.51,2.7829,8.4732,17.7309,-0.0091,-0.0083,0.036
MSH,2019-02-22,15.84,15.87,15.6,15.78,52280,15.59,14.78,13.54,1.2512,6.7478,16.5158,0.0172,0.0206,0.0375
MSH,2019-02-25,15.75,15.9,15.51,15.9,210950,15.69,14.9,13.59,1.3384,6.7258,17.0397,0.2023,0.2244,0.0562
MSH,2019-02-26,15.96,16.29,15.93,16.29,146270,15.82,15.03,13.63,2.997,8.3833,19.4878,0.181,0.2066,0.0734
MSH,2019-02-27,16.29,16.41,16.29,16.32,82440,15.9,15.17,13.68,2.6415,7.6216,19.2773,-0.0482,-0.0537,0.0754
MSH,2019-02-28,15.93,16.32,15.93,16.17,66120,15.98,15.3,13.74,1.1826,5.7018,17.7267,0.0104,0.0107,0.0737
MSH,2019-03-01,15.81,17.1,15.81,16.53,119120,16.11,15.45,13.81,2.6071,6.9955,19.7046,0.0145,0.0157,0.0641
MSH,2019-03-04,16.8,16.8,16.5,16.62,43470,16.16,15.58,13.89,2.8401,6.6975,19.6596,-0.007,-0.0087,0.0502
MSH,2019-03-05,16.38,16.62,15.93,15.93,49960,16.15,15.65,13.97,-1.3378,1.7778,14.0366,-0.0406,-0.0579,0.0534
MSH,2019-03-06,16.02,16.17,15.45,16.14,109700,16.16,15.74,14.05,-0.1114,2.5494,14.8689,0.1271,0.1293,0.0657
MSH,2019-03-07,16.14,16.14,15.57,15.6,46990,16.13,15.8,14.11,-3.2738,-1.258,10.5748,-0.0358,-0.0427,0.0684
MSH,2019-03-08,15.6,15.99,15.6,15.9,64090,16.14,15.86,14.17,-1.487,0.2364,12.1765,0.0375,0.0423,0.0704
MSH,2019-03-11,15.9,15.9,15.54,15.87,22300,16.14,15.91,14.24,-1.6546,-0.2733,11.4248,0.0288,0.0324,0.0531
MSH,2019-03-12,16.29,16.44,16.17,16.26,129880,16.13,15.98,14.32,0.7809,1.784,13.572,-0.0358,-0.0423,0.0386
MSH,2019-03-13,16.32,16.38,16.05,16.11,25680,16.11,16.01,14.39,-0.0186,0.6466,11.952,-0.0129,-0.0168,0.0351
MSH,2019-03-14,16.11,16.2,16.05,16.05,10770,16.1,16.04,14.47,-0.3168,0.0561,10.9107,-0.0117,-0.0139,0.0352
MSH,2019-03-15,15.93,16.08,15.78,15.84,39930,16.03,16.07,14.54,-1.1976,-1.4374,8.9266,-0.0215,-0.0263,0.0359
MSH,2019-03-18,15.75,16.14,15.75,16.02,79540,15.97,16.07,14.62,0.3005,-0.2894,9.6036,0.0296,0.0349,0.0381
MSH,2019-03-19,16.08,16.11,15.27,15.9,77290,15.97,16.06,14.69,-0.4321,-0.9808,8.2494,0.0304,0.0407,0.0371
MSH,2019-03-20,15.9,15.9,15.42,15.84,15480,15.94,16.05,14.76,-0.6211,-1.2992,7.3236,0.0142,0.0158,0.0258
MSH,2019-03-21,15.84,15.9,15.45,15.45,50160,15.92,16.03,14.82,-2.9767,-3.5942,4.2362,-0.0342,-0.0396,0.0257
MSH,2019-03-22,15.48,15.6,15.21,15.33,66190,15.87,16.0,14.88,-3.3844,-4.2084,3.0055,-0.0395,-0.0372,0.0259
MSH,2019-03-25,15.18,15.51,15.18,15.21,35870,15.8,15.97,14.94,-3.7403,-4.753,1.7929,-0.0312,-0.0385,0.0261
MSH,2019-03-26,15.06,15.48,15.06,15.48,17130,15.72,15.93,15.01,-1.5455,-2.8157,3.1608,0.0275,0.0345,0.0253
MSH,2019-03-27,15.54,15.54,15.3,15.51,25360,15.66,15.89,15.07,-0.9768,-2.3791,2.9143,0.0359,0.0384,0.0276
MSH,2019-03-28,15.51,15.6,15.45,15.6,19170,15.62,15.86,15.14,-0.1153,-1.6363,3.0519,0.0309,0.0304,0.0295
MSH,2019-03-29,15.54,15.54,15.3,15.3,13710,15.56,15.8,15.2,-1.6962,-3.1523,0.6592,-0.02,-0.0186,0.0293
MSH,2019-04-01,15.18,15.45,15.18,15.18,18150,15.48,15.73,15.25,-1.938,-3.472,-0.429,-0.0268,-0.0264,0.029
MSH,2019-04-02,15.48,15.6,15.15,15.3,41120,15.42,15.7,15.28,-0.7782,-2.5136,0.1532,-0.0183,-0.0199,0.0278
MSH,2019-04-03,15.54,15.87,15.36,15.87,121610,15.42,15.68,15.32,2.8983,1.2053,3.6036,0.1792,0.2282,0.0443
MSH,2019-04-04,15.9,16.05,15.84,15.9,95960,15.47,15.7,15.37,2.7929,1.2997,3.4671,-0.057,-0.0762,0.0466
MSH,2019-04-05,15.9,16.35,15.9,16.35,425970,15.57,15.72,15.43,5.0096,4.0176,5.9734,0.6224,0.7523,0.1049
MSH,2019-04-08,16.44,16.44,16.2,16.41,122410,15.69,15.75,15.49,4.5889,4.2202,5.9749,0.1055,0.1205,0.1123
MSH,2019-04-09,16.23,16.44,16.2,16.2,138850,15.76,15.74,15.54,2.7788,2.9061,4.2753,-0.1385,-0.1405,0.1234
MSH,2019-04-10,16.17,17.04,15.96,17.04,1075690,15.92,15.79,15.6,7.0688,7.9232,9.2034,1.5582,1.8233,0.2757
MSH,2019-04-11,17.04,17.37,16.8,17.1,209810,16.07,15.84,15.68,6.4426,7.9443,9.0847,0.0183,0.0254,0.2744
MSH,2019-04-12,17.07,18.24,17.07,18.15,434420,16.35,15.96,15.77,11.0092,13.7432,15.1,0.6177,0.8244,0.3342
MSH,2019-04-16,17.85,18.15,17.55,18.03,200400,16.64,16.06,15.85,8.3859,12.284,13.7676,0.1901,0.2424,0.3505
MSH,2019-04-17,18.21,18.6,18.03,18.21,141720,16.93,16.17,15.92,7.5859,12.595,14.3578,-0.05,-0.0679,0.3537
MSH,2019-04-18,18.0,18.6,17.4,18.0,182580,17.14,16.28,16.0,5.0236,10.5583,12.5302,0.0,0.0,0.3358
MSH,2019-04-19,17.76,18.24,17.76,18.24,80940,17.37,16.42,16.07,4.9905,11.0806,13.4857,0.182,0.2657,0.3483
MSH,2019-04-22,18.24,18.24,17.43,17.7,119820,17.51,16.54,16.13,1.0967,7.0198,9.7062,-0.0721,-0.0918,0.2932
MSH,2019-04-23,17.7,18.12,17.67,18.12,94930,17.68,16.69,16.2,2.4945,8.6038,11.856,0.1905,0.2327,0.3017
MSH,2019-04-24,17.91,18.6,17.91,18.54,161730,17.91,16.84,16.27,3.5003,10.1114,13.9549,0.168,0.2485,0.3047
MSH,2019-04-25,18.18,18.6,18.18,18.27,43010,18.04,16.98,16.33,1.2974,7.6257,11.9115,-0.0474,-0.0705,0.1536
MSH,2019-04-26,18.12,18.45,18.12,18.15,65800,18.14,17.1,16.38,0.0496,6.1217,10.7977,-0.0892,-0.1066,0.1607
MSH,2019-05-02,18.3,18.9,17.91,18.36,91170,18.16,17.26,16.44,1.0902,6.3978,11.6544,-0.0127,-0.0155,0.1002
MSH,2019-05-03,18.3,18.75,18.3,18.45,125400,18.2,17.42,16.49,1.3513,5.9158,11.8832,-0.0619,-0.0812,0.0874
MSH,2019-05-06,18.3,18.6,18.18,18.48,49750,18.23,17.58,16.54,1.3658,5.1284,11.74,0.0314,0.0478,0.0855
MSH,2019-05-07,18.48,18.48,17.88,17.91,79610,18.22,17.68,16.58,-1.7122,1.2981,8.0465,-0.1219,-0.1774,0.0977
MSH,2019-05-08,17.55,17.58,17.25,17.43,217690,18.14,17.76,16.61,-3.9193,-1.8415,4.957,0.0279,0.0422,0.0823
MSH,2019-05-09,17.43,17.46,16.8,17.1,101180,18.08,17.8,16.63,-5.4256,-3.9029,2.8065,-0.0139,-0.021,0.0765
MSH,2019-05-10,17.1,17.7,17.1,17.52,92460,18.02,17.85,16.67,-2.7801,-1.8487,5.1267,0.0661,0.1022,0.064
MSH,2019-05-13,17.1,17.64,17.1,17.4,26130,17.91,17.91,16.69,-2.8313,-2.8476,4.2678,0.0042,0.0051,0.0476
MSH,2019-05-14,17.4,17.64,17.31,17.64,53470,17.84,17.94,16.72,-1.1433,-1.6723,5.539,0.0629,0.0798,0.0492
MSH,2019-05-15,17.64,17.64,17.25,17.34,96180,17.76,17.95,16.74,-2.3813,-3.4091,3.5991,-0.0621,-0.0801,0.0465
MSH,2019-05-16,17.34,17.58,17.31,17.58,80980,17.69,17.92,16.76,-0.5937,-1.9165,4.9014,0.1051,0.1219,0.0557
MSH,2019-05-17,17.43,17.82,17.43,17.73,62040,17.61,17.91,16.78,0.6643,-0.9967,5.6565,0.0477,0.0642,0.0543
MSH,2019-05-20,17.58,17.91,17.58,17.7,96590,17.54,17.88,16.82,0.941,-1.0233,5.2557,-0.0388,-0.0458,0.0551
MSH,2019-05-21,17.55,18.18,17.55,18.06,224820,17.55,17.89,16.86,2.906,0.9728,7.1517,0.2144,0.2619,0.0643
MSH,2019-05-22,18.06,18.12,17.88,17.97,67430,17.6,17.87,16.9,2.0791,0.5455,6.3188,-0.0234,-0.031,0.0639
MSH,2019-05-23,18.0,18.15,17.76,17.97,43130,17.69,17.89,16.94,1.5771,0.4696,6.059,0.0045,0.0056,0.0629
MSH,2019-05-24,17.85,18.3,17.85,17.97,98460,17.74,17.88,16.99,1.3194,0.5118,5.7967,-0.0578,-0.0667,0.0621
MSH,2019-05-27,17.97,18.12,17.79,17.79,28850,17.78,17.84,17.02,0.0844,-0.2859,4.5487,-0.0732,-0.0876,0.069
MSH,2019-05-28,17.79,17.82,17.31,17.7,120910,17.78,17.81,17.05,-0.4555,-0.6316,3.8257,0.1003,0.101,0.0727
MSH,2019-05-29,17.7,17.7,17.19,17.4,146300,17.79,17.78,17.08,-2.1758,-2.1097,1.9046,-0.0376,-0.0457,0.0703
MSH,2019-05-30,17.4,17.52,17.22,17.34,60520,17.76,17.72,17.11,-2.3813,-2.1665,1.3751,-0.0179,-0.0238,0.0616
MSH,2019-05-31,17.31,17.43,17.25,17.34,62700,17.72,17.67,17.13,-2.1665,-1.8592,1.2188,0.0,0.0,0.0568
MSH,2019-06-03,16.14,17.4,16.14,17.1,76750,17.66,17.6,17.16,-3.1929,-2.8381,-0.3218,0.0449,0.061,0.0574
MSH,2019-06-04,17.07,17.31,17.07,17.22,50670,17.58,17.57,17.18,-2.0478,-1.9641,0.2165,0.0299,0.0416,0.0389
MSH,2019-06-05,17.34,17.7,17.34,17.43,41900,17.53,17.57,17.22,-0.5478,-0.7686,1.2054,-0.0384,-0.0556,0.0404
MSH,2019-06-06,17.52,17.55,17.4,17.52,54900,17.48,17.59,17.27,0.2231,-0.3753,1.4699,0.0632,0.086,0.0463
MSH,2019-06-07,17.55,18.72,17.55,18.72,420550,17.56,17.65,17.34,6.6302,6.0864,7.9809,0.5806,0.7766,0.0986
MSH,2019-06-10,18.84,18.84,18.3,18.6,137240,17.64,17.71,17.4,5.4601,5.0491,6.9039,0.028,0.0398,0.0941
MSH,2019-06-11,18.6,19.05,18.51,18.63,247290,17.73,17.76,17.46,5.0761,4.9252,6.6937,-0.3302,-0.4061,0.1171
MSH,2019-06-12,18.63,18.63,18.03,18.03,114760,17.79,17.79,17.51,1.332,1.3491,2.9709,-0.2122,-0.2773,0.1345
MSH,2019-06-13,18.03,18.48,18.03,18.36,63390,17.9,17.83,17.57,2.5985,2.9783,4.4904,0.0632,0.0795,0.1391
MSH,2019-06-14,18.45,18.69,18.15,18.3,150030,17.99,17.86,17.63,1.7175,2.478,3.7803,-0.1441,-0.1871,0.1535
MSH,2019-06-17,18.09,18.36,17.7,18.0,101730,18.08,17.87,17.69,-0.448,0.7134,1.7673,-0.0178,-0.0227,0.1508
MSH,2019-06-18,17.88,18.15,17.88,18.06,59790,18.17,17.87,17.73,-0.5781,1.0491,1.8543,0.0332,0.0384,0.1511
MSH,2019-06-19,18.12,18.42,18.0,18.15,103970,18.24,17.88,17.78,-0.477,1.5016,2.1028,-0.056,-0.0781,0.1529
MSH,2019-06-20,18.36,18.42,18.12,18.24,69620,18.31,17.9,17.81,-0.3769,1.9279,2.3914,-0.0167,-0.0229,0.1482
MSH,2019-06-21,17.88,18.42,17.7,17.88,236390,18.23,17.89,17.84,-1.893,-0.0587,0.2051,-0.1272,-0.1289,0.1029
MSH,2019-06-24,18.0,18.0,17.16,17.37,354830,18.1,17.87,17.87,-4.0437,-2.7953,-2.7806,-0.3253,-0.4155,0.1326
MSH,2019-06-25,17.28,17.55,17.19,17.4,120410,17.98,17.86,17.87,-3.2204,-2.5456,-2.6519,0.0343,0.0439,0.103
MSH,2019-06-26,17.67,18.09,17.67,18.0,157370,17.98,17.89,17.89,0.1335,0.6458,0.6036,0.1316,0.1935,0.0949
MSH,2019-06-27,18.0,18.0,17.7,17.85,139670,17.93,17.91,17.89,-0.4184,-0.335,-0.2013,-0.0,-0.0,0.0886
MSH,2019-06-28,17.73,18.0,17.58,18.0,107820,17.9,17.94,17.89,0.5868,0.3177,0.6407,0.141,0.1632,0.0883
MSH,2019-07-01,18.3,18.3,17.97,18.03,72480,17.9,17.99,17.88,0.7375,0.2251,0.8288,-0.0708,-0.0894,0.0936
MSH,2019-07-02,18.03,18.3,18.03,18.24,95060,17.92,18.04,17.89,1.8084,1.1058,1.9758,0.0908,0.1182,0.0994
MSH,2019-07-03,18.24,18.24,18.09,18.24,38700,17.93,18.08,17.89,1.7573,0.8794,1.9758,0.0708,0.0802,0.1008
MSH,2019-07-04,18.24,18.66,18.09,18.6,205340,17.96,18.14,17.91,3.5577,2.5641,3.8839,0.2498,0.2843,0.1242
MSH,2019-07-05,18.6,18.96,18.45,18.81,404470,18.05,18.14,17.92,4.1874,3.6964,4.9759,0.3047,0.381,0.1419
MSH,2019-07-08,18.78,18.78,18.39,18.6,123920,18.18,18.14,17.92,2.3271,2.5387,3.797,0.0188,0.0244,0.1113
MSH,2019-07-09,18.54,18.75,18.48,18.63,129020,18.3,18.14,17.93,1.8033,2.704,3.9226,0.0222,0.0267,0.11
MSH,2019-07-10,18.63,18.72,18.3,18.42,84030,18.34,18.16,17.93,0.4253,1.4373,2.7202,-0.0542,-0.0667,0.1023
MSH,2019-07-11,18.36,18.45,18.12,18.3,102580,18.39,18.16,17.93,-0.4731,0.7932,2.0579,0.014,0.0173,0.1037
MSH,2019-07-12,18.3,18.54,18.21,18.45,55350,18.43,18.16,17.93,0.0976,1.5773,2.8944,0.0325,0.0423,0.0929
MSH,2019-07-15,18.3,18.48,18.24,18.36,53540,18.47,18.18,17.93,-0.5686,0.9818,2.4062,0.0,0.0,0.0858
MSH,2019-07-16,18.45,18.99,18.36,18.81,235200,18.52,18.22,17.95,1.5549,3.2439,4.8109,0.1299,0.1571,0.0897
MSH,2019-07-17,18.84,18.87,18.45,18.45,110350,18.54,18.23,17.97,-0.5015,1.1846,2.6882,-0.1482,-0.1922,0.0974
MSH,2019-07-18,18.45,18.48,18.3,18.36,51680,18.52,18.24,17.99,-0.8586,0.6579,2.0442,-0.0278,-0.029,0.0752
MSH,2019-07-19,18.51,18.51,17.85,17.88,378000,18.43,18.24,18.0,-2.9632,-1.9737,-0.6633,-0.3709,-0.4373,0.0819
MSH,2019-07-22,17.88,18.09,17.82,18.0,109460,18.37,18.27,18.01,-1.9928,-1.4859,-0.0633,0.0499,0.0621,0.085
MSH,2019-07-23,18.0,18.15,17.82,18.15,132110,18.32,18.31,18.02,-0.9171,-0.8684,0.7125,0.18,0.2198,0.1008
MSH,2019-07-24,18.15,18.15,18.0,18.12,59940,18.29,18.32,18.04,-0.9186,-1.0647,0.4591,0.0451,0.0593,0.0998
MSH,2019-07-25,18.0,18.3,18.0,18.24,98080,18.28,18.34,18.05,-0.2298,-0.5154,1.0504,0.0735,0.1022,0.1058
MSH,2019-07-26,18.24,18.3,18.03,18.03,62570,18.24,18.34,18.06,-1.1513,-1.6689,-0.1462,-0.0936,-0.1311,0.1119
MSH,2019-07-29,18.06,18.15,17.85,17.97,22240,18.2,18.33,18.06,-1.2692,-1.98,-0.5083,-0.0072,-0.0086,0.1126
MSH,2019-07-30,17.85,18.15,17.85,17.91,107200,18.11,18.32,18.06,-1.1098,-2.2193,-0.824,-0.0682,-0.0822,0.1065
MSH,2019-07-31,17.91,18.3,17.85,18.0,89750,18.07,18.31,18.06,-0.3653,-1.6635,-0.3289,-0.0395,-0.0521,0.0956
MSH,2019-08-01,18.0,18.21,17.85,18.09,85510,18.04,18.28,18.06,0.2827,-1.0339,0.1562,0.0373,0.0467,0.0965
MSH,2019-08-02,18.12,19.17,18.12,19.17,876890,18.17,18.3,18.09,5.5152,4.7713,5.9948,1.161,1.4174,0.1755
MSH,2019-08-05,19.2,19.62,19.17,19.44,366320,18.31,18.34,18.12,6.1599,6.0036,7.2919,0.0907,0.1049,0.1796
MSH,2019-08-06,19.29,19.44,19.05,19.11,250890,18.41,18.36,18.15,3.8136,4.068,5.3067,-0.2277,-0.2832,0.1844
MSH,2019-08-07,19.11,19.47,18.78,19.35,258570,18.53,18.41,18.19,4.4196,5.1088,6.4005,0.2602,0.3602,0.2059
MSH,2019-08-08,19.35,19.74,19.2,19.59,351780,18.67,18.47,18.23,4.9502,6.0409,7.4543,0.2021,0.2812,0.2187
MSH,2019-08-09,19.5,19.62,19.35,19.35,111790,18.8,18.52,18.27,2.9365,4.4873,5.9044,-0.1555,-0.2139,0.2249
MSH,2019-08-12,19.08,19.35,18.33,18.42,381590,18.84,18.52,18.3,-2.2449,-0.5507,0.6689,-0.5656,-0.7374,0.2808
MSH,2019-08-13,18.21,18.75,18.03,18.6,356250,18.91,18.51,18.33,-1.6498,0.4781,1.4996,0.3216,0.4136,0.3061
MSH,2019-08-14,18.84,18.84,18.39,18.51,67280,18.96,18.52,18.35,-2.3888,-0.0243,0.8895,-0.0515,-0.0616,0.3073
MSH,2019-08-15,18.3,18.42,18.12,18.3,152860,18.98,18.51,18.36,-3.603,-1.1425,-0.3398,0.0358,0.0477,0.3072
MSH,2019-08-16,18.3,18.51,18.3,18.3,103650,18.9,18.53,18.35,-3.1592,-1.2545,-0.2942,-0.1456,-0.1611,0.2056
MSH,2019-08-19,18.33,18.66,18.24,18.24,62440,18.78,18.55,18.35,-2.8599,-1.642,-0.5821,-0.1185,-0.168,0.2084
MSH,2019-08-20,18.24,18.45,18.24,18.3,86020,18.7,18.55,18.34,-2.1181,-1.3583,-0.2192,-0.0533,-0.0773,0.191
MSH,2019-08-21,18.42,18.42,18.12,18.18,130270,18.58,18.56,18.34,-2.1476,-2.021,-0.8897,-0.0931,-0.1302,0.1743
MSH,2019-08-22,18.18,18.45,18.15,18.36,111380,18.46,18.56,18.34,-0.5202,-1.0829,0.0916,0.0642,0.0748,0.1605
MSH,2019-08-23,18.36,18.45,18.18,18.21,24800,18.34,18.57,18.34,-0.7197,-1.9386,-0.7164,-0.0287,-0.0348,0.1478
MSH,2019-08-26,18.15,18.27,18.06,18.06,127980,18.31,18.58,18.34,-1.3438,-2.77,-1.5407,-0.1505,-0.2348,0.1063
MSH,2019-08-27,18.06,18.09,17.67,17.97,257930,18.24,18.58,18.34,-1.4965,-3.2701,-2.0217,0.1278,0.1689,0.0869
MSH,2019-08-28,17.88,17.94,17.25,17.25,328480,18.12,18.54,18.32,-4.7856,-6.9579,-5.855,-0.5407,-0.752,0.1358
MSH,2019-08-29,17.25,17.49,17.25,17.31,135840,18.02,18.5,18.31,-3.9294,-6.4375,-5.4315,-0.116,-0.1569,0.1439
MSH,2019-08-30,17.4,17.58,17.4,17.4,141490,17.93,18.41,18.3,-2.9451,-5.499,-4.89,-0.21,-0.283,0.1503
MSH,2019-09-03,17.52,17.52,17.25,17.25,105970,17.83,18.3,18.29,-3.2475,-5.7532,-5.6975,-0.1354,-0.194,0.152
MSH,2019-09-04,17.25,17.25,16.35,16.35,237010,17.63,18.17,18.27,-7.2814,-9.9917,-10.5149,-0.3331,-0.4514,0.18
MSH,2019-09-05,16.35,17.04,16.35,16.5,170810,17.47,18.02,18.24,-5.5307,-8.4478,-9.5454,-0.1864,-0.2407,0.1893
MSH,2019-09-06,16.5,16.77,16.5,16.65,60610,17.3,17.88,18.22,-3.7294,-6.8558,-8.6029,0.0128,0.0177,0.1841
MSH,2019-09-09,16.8,17.07,16.8,16.95,31890,17.17,17.76,18.2,-1.2755,-4.5366,-6.8487,0.0069,0.0079,0.182
MSH,2019-09-10,17.01,17.16,16.98,16.98,180960,17.06,17.68,18.18,-0.4748,-3.9783,-6.576,-0.2726,-0.3441,0.1942
MSH,2019-09-11,16.98,17.1,16.89,16.98,94810,16.96,17.6,18.15,0.1061,-3.5364,-6.4463,-0.0246,-0.0292,0.1838
MSH,2019-09-12,16.95,17.01,16.89,16.98,36130,16.94,17.53,18.13,0.2657,-3.1154,-6.3162,0.025,0.0321,0.1323
MSH,2019-09-13,16.98,17.07,16.92,16.95,77470,16.9,17.46,18.09,0.3018,-2.9126,-6.3111,-0.066,-0.0841,0.1273
MSH,2019-09-16,16.89,16.95,16.5,16.56,82940,16.82,17.37,18.05,-1.5165,-4.6714,-8.2386,-0.0794,-0.0984,0.1142
MSH,2019-09-17,16.56,16.65,16.56,16.62,20010,16.75,17.29,18.01,-0.788,-3.8779,-7.7036,0.0093,0.0111,0.1016
MSH,2019-09-18,16.59,16.8,16.59,16.62,17250,16.78,17.21,17.97,-0.9476,-3.4086,-7.4971,-0.0165,-0.0201,0.0699
MSH,2019-09-19,16.65,16.8,16.65,16.71,16320,16.8,17.13,17.93,-0.5357,-2.4689,-6.8188,-0.0038,-0.0057,0.0517
MSH,2019-09-20,16.71,16.8,16.71,16.74,22350,16.81,17.05,17.9,-0.4105,-1.8297,-6.4888,-0.0075,-0.0059,0.0512
MSH,2019-09-23,16.95,16.95,16.5,16.65,14300,16.78,16.97,17.87,-0.7688,-1.9088,-6.8042,-0.0063,-0.0082,0.0511
MSH,2019-09-24,16.89,16.95,16.74,16.92,30720,16.77,16.92,17.84,0.8764,0.0178,-5.1399,0.0376,0.0502,0.0276
MSH,2019-09-25,17.25,17.31,17.04,17.25,38380,16.8,16.88,17.81,2.6786,2.1859,-3.1204,0.0365,0.0491,0.0288
MSH,2019-09-26,17.25,17.49,17.16,17.4,94100,16.84,16.89,17.79,3.3131,3.0287,-2.1626,0.0524,0.0716,0.0315
MSH,2019-09-27,17.52,17.52,17.19,17.37,56550,16.88,16.89,17.77,2.8785,2.8328,-2.2224,0.0066,0.0087,0.0256
MSH,2019-09-30,17.37,17.37,16.83,16.95,49250,16.92,16.87,17.75,0.1596,0.4802,-4.4866,-0.0332,-0.0443,0.021
MSH,2019-10-01,16.95,16.95,16.59,16.74,46700,16.94,16.84,17.72,-1.1515,-0.6145,-5.5358,-0.0095,-0.0135,0.021
MSH,2019-10-02,16.77,17.1,16.74,17.04,18170,16.98,16.88,17.7,0.3711,0.9598,-3.7223,0.017,0.0207,0.021
MSH,2019-10-03,16.68,17.1,16.68,17.01,15090,17.01,16.9,17.68,0.0176,0.63,-3.7711,0.0095,0.0123,0.0216
MSH,2019-10-04,17.01,17.82,17.01,17.82,123790,17.12,16.96,17.67,4.1192,5.0584,0.8592,0.1455,0.2002,0.0354
MSH,2019-10-07,17.82,17.85,17.37,17.4,16140,17.19,16.99,17.66,1.2216,2.4463,-1.4477,-0.0177,-0.0233,0.0366
MSH,2019-10-08,17.55,17.55,17.4,17.43,14210,17.24,17.01,17.65,1.0962,2.4872,-1.2174,-0.0102,-0.0148,0.0338
MSH,2019-10-09,17.46,17.55,17.4,17.43,68690,17.26,17.03,17.64,0.9908,2.3518,-1.1636,-0.0569,-0.0816,0.0359
MSH,2019-10-10,17.43,17.46,17.19,17.19,40190,17.24,17.04,17.62,-0.2785,0.8803,-2.4349,-0.0631,-0.0815,0.0369
MSH,2019-10-11,17.1,17.19,17.1,17.19,8460,17.22,17.05,17.6,-0.1742,0.8093,-2.3351,0.015,0.0169,0.0378
MSH,2019-10-14,17.19,17.19,16.74,16.8,57980,17.21,17.06,17.55,-2.354,-1.5471,-4.2931,-0.0516,-0.0691,0.0396
MSH,2019-10-15,17.1,17.1,16.65,16.8,14260,17.21,17.07,17.5,-2.388,-1.599,-4.0044,-0.0082,-0.0116,0.0395
MSH,2019-10-16,16.8,16.8,16.71,16.74,36820,17.18,17.08,17.45,-2.5668,-1.9849,-4.0874,-0.0211,-0.0263,0.0399
MSH,2019-10-17,16.74,16.74,16.65,16.65,24950,17.15,17.08,17.4,-2.8872,-2.4947,-4.3071,-0.0419,-0.0475,0.0431
MSH,2019-10-18,16.65,16.68,16.62,16.65,38140,17.03,17.07,17.34,-2.2199,-2.469,-3.9826,-0.0,-0.0,0.0286
MSH,2019-10-21,16.62,16.65,16.41,16.41,29840,16.93,17.06,17.28,-3.0657,-3.8073,-5.0446,-0.0447,-0.0673,0.0313
MSH,2019-10-22,16.2,16.8,16.2,16.65,36300,16.85,17.05,17.25,-1.1928,-2.3231,-3.4581,0.028,0.0349,0.0331
MSH,2019-10-23,16.8,16.8,16.62,16.65,18870,16.77,17.02,17.21,-0.7333,-2.1509,-3.2393,-0.0203,-0.0302,0.0294
MSH,2019-10-24,16.65,16.95,16.65,16.74,57740,16.73,16.98,17.17,0.0718,-1.4308,-2.5157,-0.0443,-0.0457,0.0275
MSH,2019-10-25,16.71,17.04,16.5,16.71,51170,16.68,16.95,17.14,0.1799,-1.4159,-2.5099,-0.0211,-0.026,0.0281
MSH,2019-10-28,16.92,16.92,16.5,16.53,40850,16.65,16.93,17.11,-0.7386,-2.3569,-3.3604,-0.0615,-0.0793,0.0291
MSH,2019-10-29,16.53,16.71,16.5,16.59,82010,16.63,16.92,17.07,-0.2525,-1.959,-2.8222,-0.0196,-0.0261,0.0303
MSH,2019-10-30,16.59,16.59,16.35,16.35,58280,16.59,16.89,17.03,-1.4645,-3.1799,-4.0087,-0.0978,-0.1112,0.0379
MSH,2019-10-31,16.8,16.95,16.2,16.2,28470,16.55,16.85,16.99,-2.103,-3.8376,-4.6678,-0.0387,-0.0491,0.0376
MSH,2019-11-01,16.23,16.38,15.6,16.38,67090,16.52,16.78,16.95,-0.8535,-2.3518,-3.3833,0.0853,0.076,0.0461
MSH,2019-11-04,16.38,16.38,16.11,16.11,30360,16.49,16.71,16.91,-2.3103,-3.5906,-4.7399,-0.0343,-0.0418,0.0451
MSH,2019-11-05,16.2,16.2,15.54,15.57,141220,16.38,16.62,16.86,-4.9625,-6.3008,-7.6611,-0.1758,-0.1743,0.0599
MSH,2019-11-06,15.96,15.96,15.3,15.3,106000,16.25,16.51,16.81,-5.8345,-7.3317,-8.9741,-0.1514,-0.1697,0.073
MSH,2019-11-07,15.45,15.57,15.15,15.27,31540,16.1,16.42,16.77,-5.1611,-6.9725,-8.938,-0.022,-0.0258,0.0707
MSH,2019-11-08,15.6,15.9,15.3,15.6,115250,15.99,16.34,16.74,-2.439,-4.4995,-6.78,-0.0,-0.0,0.0686
MSH,2019-11-11,15.6,15.9,15.6,15.87,80990,15.92,16.29,16.7,-0.3391,-2.5693,-4.9928,0.0913,0.119,0.0716
MSH,2019-11-12,15.87,15.96,15.87,15.9,35260,15.86,16.24,16.68,0.2838,-2.1147,-4.6591,-0.0142,-0.0188,0.0711
MSH,2019-11-13,16.32,16.89,16.32,16.83,226380,15.9,16.25,16.69,5.8291,3.582,0.8594,0.2131,0.2825,0.0826
MSH,2019-11-14,17.1,17.25,16.95,17.01,147990,15.98,16.27,16.7,6.4189,4.5739,1.8758,-0.1157,-0.1629,0.0903
MSH,2019-11-15,17.19,17.19,16.2,16.5,65050,16.0,16.26,16.69,3.1508,1.4854,-1.1609,-0.039,-0.0633,0.0857
MSH,2019-11-18,16.2,16.5,16.14,16.14,53480,16.0,16.25,16.68,0.8813,-0.6463,-3.2235,-0.0818,-0.0935,0.0904
MSH,2019-11-19,16.14,16.5,16.14,16.41,31780,16.08,16.23,16.67,2.0332,1.0904,-1.5373,0.0284,0.0297,0.0757
MSH,2019-11-20,16.5,16.56,16.41,16.56,52880,16.21,16.23,16.66,2.1655,2.0427,-0.5871,0.0862,0.1067,0.0692
MSH,2019-11-21,16.5,16.5,16.38,16.5,23650,16.33,16.22,16.65,1.0287,1.7482,-0.8902,0.0317,0.0319,0.0701
MSH,2019-11-22,16.5,16.53,16.26,16.26,42590,16.4,16.19,16.64,-0.8416,0.4075,-2.2508,-0.0482,-0.0648,0.075
MSH,2019-11-25,16.26,16.44,16.17,16.26,24400,16.44,16.18,16.63,-1.0769,0.4913,-2.2155,-0.0147,-0.0172,0.0673
MSH,2019-11-26,16.35,16.47,16.26,16.44,20410,16.49,16.17,16.63,-0.3093,1.6509,-1.1116,0.0279,0.027,0.0687
MSH,2019-11-27,16.5,16.5,16.2,16.44,29480,16.45,16.18,16.62,-0.073,1.6226,-1.0902,0.031,0.0394,0.0505
MSH,2019-11-28,16.44,16.5,16.14,16.44,24310,16.4,16.19,16.62,0.2745,1.5473,-1.058,0.0244,0.0264,0.0413
MSH,2019-11-29,16.44,16.5,16.35,16.5,15250,16.4,16.2,16.61,0.6405,1.8802,-0.6682,0.0265,0.0304,0.0401
MSH,2019-12-02,16.5,16.5,16.2,16.29,9010,16.41,16.21,16.6,-0.7312,0.5277,-1.8899,-0.0043,-0.0051,0.0323
MSH,2019-12-03,16.41,16.65,16.2,16.29,50090,16.4,16.24,16.59,-0.6586,0.3048,-1.8154,-0.0452,-0.048,0.034
MSH,2019-12-04,16.44,16.44,16.29,16.32,21470,16.37,16.29,16.57,-0.3298,0.175,-1.5242,-0.0201,-0.0229,0.0274
MSH,2019-12-05,16.35,16.35,16.29,16.32,36210,16.36,16.34,16.55,-0.2201,-0.1468,-1.3957,0.0,0.0,0.0242
MSH,2019-12-06,16.47,16.47,16.2,16.29,75710,16.36,16.38,16.53,-0.4218,-0.5403,-1.4483,-0.0511,-0.0585,0.0245
MSH,2019-12-09,16.65,16.65,16.29,16.35,59690,16.37,16.4,16.52,-0.11,-0.3201,-1.0135,-0.056,-0.0676,0.0287
MSH,2019-12-10,16.35,16.47,16.2,16.2,95040,16.34,16.42,16.51,-0.8811,-1.3248,-1.8574,-0.1695,-0.1895,0.0428
MSH,2019-12-11,16.36,16.36,15.71,15.71,34390,16.27,16.36,16.48,-3.4561,-3.9905,-4.6811,-0.0596,-0.0703,0.0457
MSH,2019-12-12,15.55,15.68,14.73,15.04,107910,16.13,16.26,16.44,-6.7758,-7.5336,-8.5331,-0.0651,-0.0695,0.0497
MSH,2019-12-13,15.05,15.38,14.99,15.07,34520,15.99,16.19,16.39,-5.7375,-6.9232,-8.0264,-0.0293,-0.0349,0.05
MSH,2019-12-16,15.07,15.35,15.07,15.33,26920,15.89,16.15,16.34,-3.5219,-5.0694,-6.1918,0.0384,0.0502,0.0534
MSH,2019-12-17,15.33,15.33,15.12,15.19,21590,15.78,16.09,16.3,-3.7795,-5.6234,-6.8369,-0.0102,-0.0162,0.0499
MSH,2019-12-18,15.19,15.23,14.99,14.99,24780,15.65,16.01,16.25,-4.2156,-6.3866,-7.7653,-0.0434,-0.0443,0.0523
MSH,2019-12-19,15.05,15.05,14.76,15.02,16080,15.52,15.94,16.21,-3.2031,-5.747,-7.3166,0.0227,0.0272,0.0545
MSH,2019-12-20,15.04,15.05,14.76,14.79,32310,15.37,15.86,16.16,-3.7503,-6.755,-8.4591,-0.0358,-0.0405,0.053
MSH,2019-12-23,14.79,14.86,13.91,14.4,39630,15.17,15.77,16.11,-5.1012,-8.6951,-10.6239,0.0017,0.0018,0.0476
MSH,2019-12-24,14.4,14.6,14.4,14.55,21270,15.01,15.68,16.07,-3.0746,-7.2043,-9.4566,0.0176,0.0214,0.0324
MSH,2019-12-25,14.5,14.56,14.43,14.55,12250,14.89,15.58,16.02,-2.3184,-6.6405,-9.2087,0.0133,0.0188,0.0277
MSH,2019-12-26,14.56,14.56,14.5,14.5,19120,14.84,15.49,15.98,-2.2938,-6.372,-9.2713,-0.0321,-0.0437,0.0244
MSH,2019-12-27,14.5,14.56,14.47,14.48,25080,14.78,15.38,15.94,-2.015,-5.864,-9.127,-0.0272,-0.0348,0.0242
MSH,2019-12-30,14.56,14.56,14.47,14.5,29440,14.7,15.29,15.9,-1.3473,-5.2054,-8.8055,-0.0137,-0.0147,0.0218
MSH,2019-12-31,14.5,14.56,14.47,14.5,10000,14.63,15.2,15.86,-0.8838,-4.6467,-8.5579,-0.0058,-0.0065,0.0213
MSH,2020-01-02,14.5,14.56,14.47,14.47,35500,14.58,15.11,15.81,-0.7522,-4.278,-8.5121,-0.0576,-0.074,0.0227
MSH,2020-01-03,14.53,14.53,14.47,14.47,15700,14.52,15.02,15.77,-0.3719,-3.6868,-8.2481,-0.0231,-0.0282,0.0228
MSH,2020-01-06,14.47,14.56,14.47,14.48,20980,14.49,14.93,15.72,-0.0452,-2.9937,-7.8838,-0.0228,-0.0261,0.0215
MSH,2020-01-07,14.48,15.22,14.48,14.99,39820,14.55,14.86,15.69,3.0371,0.8642,-4.4698,0.0273,0.035,0.0241
MSH,2020-01-08,14.73,14.89,14.53,14.53,13430,14.55,14.78,15.65,-0.1012,-1.6666,-7.1461,-0.0153,-0.0209,0.0238
MSH,2020-01-09,14.73,14.89,14.47,14.47,27600,14.54,14.72,15.61,-0.4953,-1.6959,-7.3412,-0.0465,-0.0526,0.0271
MSH,2020-01-10,14.48,14.56,14.4,14.51,28670,14.54,14.69,15.58,-0.1689,-1.1865,-6.8255,0.0133,0.0172,0.0253
MSH,2020-01-13,14.48,14.58,14.47,14.48,13170,14.54,14.66,15.54,-0.3939,-1.2111,-6.8084,-0.0163,-0.0207,0.0242
MSH,2020-01-14,14.47,14.56,14.47,14.48,6910,14.54,14.62,15.51,-0.3827,-0.9236,-6.6126,-0.0075,-0.0093,0.0236
MSH,2020-01-15,14.5,14.53,14.4,14.4,33300,14.53,14.58,15.48,-0.8786,-1.2179,-6.9998,-0.0572,-0.0704,0.0287
MSH,2020-01-16,14.47,14.47,14.24,14.37,35730,14.52,14.55,15.47,-1.037,-1.2318,-7.0992,0.0071,0.0089,0.0236
MSH,2020-01-17,14.43,14.43,14.27,14.27,36100,14.5,14.51,15.45,-1.5801,-1.6523,-7.6144,-0.0616,-0.0667,0.0275
MSH,2020-01-20,14.27,14.33,14.27,14.27,6390,14.48,14.48,15.42,-1.4355,-1.4745,-7.4548,-0.0115,-0.0129,0.0264
MSH,2020-01-21,14.27,14.89,14.27,14.56,15550,14.43,14.49,15.39,0.8956,0.5025,-5.3841,-0.001,-0.0012,0.0237
MSH,2020-01-22,14.73,15.58,14.73,15.23,58300,14.5,14.53,15.38,5.0316,4.8836,-0.9397,0.0157,0.0191,0.0238
MSH,2020-01-30,15.05,15.05,14.63,14.63,55640,14.52,14.53,15.34,0.7437,0.687,-4.6034,-0.0588,-0.0643,0.025
MSH,2020-01-31,14.56,14.63,14.14,14.14,27750,14.48,14.51,15.28,-2.3839,-2.571,-7.4579,-0.0172,-0.0202,0.0254
MSH,2020-02-03,14.12,14.12,13.16,13.39,87590,14.37,14.46,15.22,-6.8761,-7.4084,-12.0262,-0.0299,-0.0363,0.0268
MSH,2020-02-04,13.75,13.75,12.76,12.96,122430,14.22,14.38,15.15,-8.8712,-9.872,-14.4648,-0.0656,-0.0708,0.0326
MSH,2020-02-05,12.96,13.25,12.96,13.12,52820,14.09,14.31,15.09,-6.8849,-8.2957,-13.0074,0.0068,0.0072,0.0275
MSH,2020-02-06,13.25,13.75,13.25,13.42,59750,14.0,14.26,15.02,-4.1496,-5.8931,-10.6828,-0.0148,-0.0161,0.0283
MSH,2020-02-07,13.35,13.58,13.35,13.55,43180,13.93,14.21,14.96,-2.7141,-4.6687,-9.4557,0.033,0.0355,0.0254
MSH,2020-02-10,13.55,13.71,13.42,13.71,15920,13.87,14.17,14.91,-1.1443,-3.2556,-8.049,0.0268,0.034,0.027
MSH,2020-02-11,13.71,14.07,13.71,13.88,23890,13.8,14.12,14.87,0.5335,-1.7154,-6.6533,-0.0023,-0.0028,0.0271
MSH,2020-02-12,13.97,14.24,13.91,14.17,36670,13.7,14.1,14.82,3.4647,0.499,-4.3799,0.0238,0.0282,0.0279
MSH,2020-02-13,14.4,14.79,14.4,14.47,36520,13.68,14.1,14.78,5.7416,2.5879,-2.1316,-0.032,-0.0427,0.0252
MSH,2020-02-14,14.47,14.47,14.17,14.24,26940,13.69,14.09,14.74,3.9924,1.0629,-3.3934,-0.0233,-0.0277,0.0258
MSH,2020-02-17,14.24,14.24,13.79,13.86,35550,13.74,14.06,14.68,0.8934,-1.3912,-5.6091,-0.0405,-0.0459,0.0269
MSH,2020-02-18,13.81,13.91,13.78,13.86,24810,13.83,14.02,14.64,0.2367,-1.1726,-5.2955,0.0083,0.0092,0.0212
MSH,2020-02-19,13.93,14.06,13.89,13.93,16810,13.91,14.0,14.59,0.1295,-0.5376,-4.5397,-0.0147,-0.0198,0.0219
MSH,2020-02-20,13.94,13.97,13.91,13.96,41190,13.96,13.98,14.54,-0.0235,-0.158,-4.0045,0.0196,0.0267,0.0224
MSH,2020-02-21,13.94,14.07,13.84,13.88,38400,13.99,13.96,14.49,-0.8419,-0.6037,-4.2453,-0.0314,-0.0392,0.0223
MSH,2020-02-24,13.84,13.84,13.45,13.45,36690,13.97,13.92,14.43,-3.702,-3.368,-6.8159,-0.0197,-0.0268,0.0216
MSH,2020-02-25,13.42,13.48,13.25,13.48,47390,13.93,13.87,14.38,-3.1955,-2.7557,-6.2167,0.0335,0.0449,0.0247
MSH,2020-02-26,13.48,13.48,13.42,13.42,20140,13.85,13.78,14.32,-3.1419,-2.5897,-6.3092,-0.022,-0.0313,0.0245
MSH,2020-02-27,13.42,13.48,13.39,13.4,38010,13.75,13.71,14.28,-2.5116,-2.2732,-6.1211,-0.0241,-0.0287,0.0237
MSH,2020-02-28,13.32,13.4,13.27,13.29,28680,13.65,13.67,14.24,-2.6729,-2.8068,-6.6945,-0.0179,-0.0257,0.0232
MSH,2020-03-02,13.29,13.58,13.29,13.58,19310,13.62,13.68,14.21,-0.3123,-0.7237,-4.4264,0.0127,0.0191,0.0204
MSH,2020-03-03,13.58,13.58,13.35,13.35,49970,13.57,13.7,14.17,-1.6275,-2.5381,-5.7759,-0.0403,-0.0608,0.0236
MSH,2020-03-04,13.35,13.39,13.34,13.34,43270,13.51,13.71,14.13,-1.3197,-2.733,-5.6451,-0.0276,-0.0432,0.0249
MSH,2020-03-05,13.34,13.39,13.34,13.34,59030,13.45,13.71,14.1,-0.8636,-2.704,-5.4239,-0.0391,-0.0575,0.0268
MSH,2020-03-06,13.34,13.35,13.25,13.25,21770,13.39,13.69,14.07,-1.0143,-3.1969,-5.7679,-0.0275,-0.0359,0.0264
MSH,2020-03-09,12.4,13.09,12.34,12.34,159300,13.28,13.62,14.02,-7.0857,-9.4349,-11.9755,-0.0703,-0.0833,0.0315
MSH,2020-03-10,11.65,12.32,11.65,12.32,43860,13.16,13.55,13.98,-6.3898,-9.036,-11.8308,0.0359,0.0419,0.0318
MSH,2020-03-11,12.34,12.6,11.98,12.14,40320,13.04,13.44,13.93,-6.8542,-9.6884,-12.8187,-0.0099,-0.0129,0.0306
MSH,2020-03-12,12.04,12.04,11.39,11.45,110950,12.84,13.29,13.87,-10.794,-13.8356,-17.3866,-0.0431,-0.0495,0.0325
MSH,2020-03-13,11.39,11.39,10.67,11.06,98640,12.62,13.14,13.8,-12.333,-15.7842,-19.8216,0.0054,0.0057,0.0312
MSH,2020-03-16,10.96,11.06,10.93,10.93,45580,12.35,12.99,13.73,-11.5115,-15.8425,-20.3605,-0.0334,-0.0372,0.0333
MSH,2020-03-17,10.54,10.83,10.54,10.77,51160,12.09,12.83,13.65,-10.9728,-16.1035,-21.1239,0.0189,0.0204,0.0311
MSH,2020-03-18,10.8,11.23,10.8,10.85,39260,11.85,12.68,13.58,-8.4128,-14.4406,-20.0974,-0.023,-0.0295,0.0307
MSH,2020-03-19,11.03,11.03,10.47,10.51,91360,11.56,12.51,13.5,-9.1424,-16.0071,-22.1743,-0.0609,-0.0726,0.0328
MSH,2020-03-20,10.47,10.51,10.15,10.15,139180,11.25,12.32,13.41,-9.8313,-17.6572,-24.3571,-0.109,-0.1019,0.041
MSH,2020-03-23,9.49,9.65,9.44,9.44,83760,10.96,12.12,13.31,-13.8677,-22.1007,-29.0702,-0.0388,-0.0417,0.0378
MSH,2020-03-24,8.85,9.08,8.79,8.79,254530,10.61,11.89,13.19,-17.168,-26.0687,-33.3664,-0.2062,-0.1888,0.0549
MSH,2020-03-25,8.71,9.39,8.64,9.39,280620,10.33,11.68,13.08,-9.1053,-19.6134,-28.2159,0.2518,0.201,0.079
MSH,2020-03-26,9.82,9.82,8.82,8.84,136640,10.07,11.46,12.97,-12.2664,-22.8681,-31.8818,-0.1137,-0.1003,0.0861
MSH,2020-03-27,8.84,8.9,8.57,8.72,75690,9.84,11.23,12.86,-11.344,-22.3202,-32.1589,-0.0073,-0.0066,0.0863
MSH,2020-03-30,8.2,8.25,8.12,8.12,130230,9.56,10.95,12.73,-15.0685,-25.9093,-36.2369,-0.095,-0.1012,0.0925
MSH,2020-03-31,7.74,8.1,7.63,7.63,65880,9.24,10.67,12.59,-17.4929,-28.5221,-39.4412,-0.0741,-0.0883,0.098
MSH,2020-04-01,7.63,7.89,7.63,7.72,160010,8.93,10.39,12.46,-13.5056,-25.6459,-38.0041,-0.0391,-0.0381,0.0996
MSH,2020-04-03,7.71,7.92,7.71,7.77,267910,8.66,10.11,12.33,-10.208,-23.1143,-36.9425,-0.0838,-0.0689,0.1019
MSH,2020-04-06,8.12,8.31,8.12,8.31,416040,8.47,9.86,12.21,-1.8926,-15.7126,-31.9035,0.215,0.1648,0.1125
MSH,2020-04-07,8.87,8.87,8.31,8.53,383920,8.38,9.67,12.09,1.7181,-11.8518,-29.4974,-0.0638,-0.0571,0.115
MSH,2020-04-08,8.44,8.44,8.02,8.44,430090,8.35,9.48,11.97,1.1566,-10.9116,-29.46,0.3147,0.2626,0.1258
MSH,2020-04-09,8.67,9.03,8.57,9.03,163270,8.31,9.32,11.85,8.6828,-3.1069,-23.7485,0.117,0.1101,0.1124
MSH,2020-04-10,9.65,9.65,9.65,9.65,91970,8.39,9.23,11.75,15.0322,4.5729,-17.809,0.0,0.0,0.101
MSH,2020-04-13,10.33,10.33,10.0,10.33,510650,8.55,9.2,11.67,20.7194,12.2876,-11.523,0.5236,0.5036,0.1526
MSH,2020-04-14,11.05,11.05,10.44,10.78,650030,8.82,9.19,11.62,22.2634,17.3642,-7.1831,0.0688,0.0827,0.15
MSH,2020-04-15,10.8,11.01,10.64,10.96,292070,9.15,9.2,11.58,19.7712,19.1959,-5.3084,0.1623,0.177,0.1588
MSH,2020-04-16,10.9,11.13,10.31,11.13,358370,9.49,9.21,11.54,17.201,20.7923,-3.5625,0.3649,0.3746,0.1914
MSH,2020-04-17,11.13,11.13,10.96,10.96,239190,9.81,9.23,11.49,11.7226,18.7207,-4.5747,-0.1448,-0.1602,0.1975
MSH,2020-04-20,10.96,11.52,10.67,11.31,305190,10.11,9.29,11.44,11.8123,21.6764,-1.1982,0.0821,0.0964,0.1842
MSH,2020-04-21,11.13,11.13,10.52,10.59,302650,10.32,9.35,11.38,2.6007,13.2307,-6.9814,-0.0904,-0.1069,0.1869
MSH,2020-04-22,10.18,10.83,10.18,10.72,110110,10.55,9.45,11.32,1.6292,13.4592,-5.3058,0.0542,0.0575,0.1608
MSH,2020-04-23,11.13,11.13,10.64,10.72,70080,10.72,9.51,11.25,0.0305,12.6688,-4.7245,-0.0464,-0.0512,0.1537
MSH,2020-04-24,10.72,10.83,10.57,10.8,62460,10.83,9.61,11.18,-0.272,12.3691,-3.3675,0.041,0.0445,0.1578
MSH,2020-04-27,10.83,10.87,10.72,10.82,53760,10.88,9.72,11.11,-0.5716,11.3263,-2.6252,0.0128,0.0121,0.1068
MSH,2020-04-28,10.96,10.96,10.73,10.73,45080,10.87,9.85,11.05,-1.2792,9.0153,-2.8148,-0.0492,-0.0496,0.1048
MSH,2020-04-29,10.73,11.03,10.73,10.9,49510,10.87,10.01,10.99,0.2861,8.868,-0.8013,0.0053,0.0051,0.0891
MSH,2020-05-04,10.8,10.9,10.49,10.62,103460,10.82,10.16,10.92,-1.8154,4.5763,-2.7482,-0.031,-0.0359,0.0557
MSH,2020-05-05,10.8,10.8,10.51,10.73,23440,10.79,10.3,10.86,-0.5458,4.1848,-1.1155,0.0192,0.0164,0.0432
MSH,2020-05-06,10.87,11.47,10.6,11.23,175060,10.79,10.45,10.8,4.0813,7.4309,3.9142,0.0601,0.0542,0.041
MSH,2020-05-07,11.23,11.62,11.23,11.39,87360,10.87,10.59,10.76,4.8193,7.5236,5.833,-0.0121,-0.0123,0.0331
MSH,2020-05-08,11.42,11.62,11.42,11.54,176790,10.95,10.75,10.72,5.3811,7.3468,7.5909,0.0173,0.0181,0.0294
MSH,2020-05-11,11.68,11.68,11.49,11.55,120780,11.03,10.87,10.69,4.7323,6.2533,8.1197,-0.0271,-0.0269,0.0275
MSH,2020-05-12,11.62,12.35,11.57,12.35,221620,11.19,11.01,10.66,10.4447,12.2343,15.8509,0.135,0.1411,0.0369
MSH,2020-05-13,12.76,12.76,12.11,12.31,252470,11.34,11.11,10.64,8.5607,10.7919,15.6033,-0.0591,-0.0669,0.0415
MSH,2020-05-14,12.27,12.27,12.11,12.11,56740,11.47,11.17,10.62,5.5484,8.3773,14.0743,-0.0432,-0.0479,0.0409
MSH,2020-05-15,12.08,12.08,11.62,11.65,135370,11.55,11.21,10.58,0.8927,3.9568,10.111,-0.0686,-0.0804,0.0473
MSH,2020-05-18,11.65,11.7,11.42,11.68,109570,11.65,11.24,10.55,0.2528,3.9907,10.7664,0.0695,0.075,0.0511
MSH,2020-05-19,12.24,12.24,11.78,11.85,69100,11.77,11.28,10.52,0.6954,5.0341,12.6358,-0.0315,-0.0338,0.0523
MSH,2020-05-20,11.78,11.95,11.78,11.88,78240,11.83,11.31,10.49,0.4149,5.0575,13.2428,0.0113,0.0107,0.0475
MSH,2020-05-21,11.88,11.93,11.78,11.81,59700,11.87,11.37,10.48,-0.4961,3.9148,12.7315,-0.0224,-0.0225,0.0485
MSH,2020-05-22,11.91,11.91,11.73,11.78,78370,11.9,11.42,10.47,-0.9765,3.1445,12.5352,-0.0199,-0.0241,0.0488
MSH,2020-05-25,11.78,12.04,11.72,12.04,149590,11.95,11.49,10.47,0.8081,4.8284,15.0575,0.1116,0.1238,0.0572
MSH,2020-05-26,12.11,12.24,12.11,12.24,82980,11.94,11.56,10.48,2.5501,5.874,16.7583,0.0488,0.055,0.0486
MSH,2020-05-27,12.24,12.27,11.88,11.88,115320,11.89,11.61,10.5,-0.1101,2.2895,13.1475,-0.043,-0.044,0.047
MSH,2020-05-28,11.91,11.98,11.85,11.98,27290,11.88,11.68,10.52,0.8265,2.5857,13.8556,0.0258,0.0276,0.0452
MSH,2020-05-29,11.72,12.08,11.68,11.88,83760,11.9,11.73,10.54,-0.1925,1.3188,12.6839,-0.0,-0.0,0.0384
MSH,2020-06-01,11.78,11.95,11.68,11.72,224990,11.91,11.78,10.56,-1.5943,-0.5418,10.9492,-0.088,-0.1088,0.0402
MSH,2020-06-02,11.72,11.91,11.72,11.83,64580,11.9,11.84,10.59,-0.6186,-0.0346,11.7534,0.0045,0.0055,0.0375
MSH,2020-06-03,11.88,11.88,11.73,11.81,63500,11.9,11.86,10.62,-0.7014,-0.4206,11.2481,0.0038,0.0054,0.0368
MSH,2020-06-04,11.88,11.91,11.8,11.85,93680,11.9,11.89,10.67,-0.4537,-0.3372,11.0532,-0.0064,-0.0076,0.0352
MSH,2020-06-05,11.85,12.27,11.77,11.95,294620,11.92,11.91,10.73,0.2334,0.3161,11.3144,-0.0348,-0.0515,0.0367
MSH,2020-06-08,12.44,12.44,12.17,12.27,445000,11.94,11.94,10.79,2.782,2.7538,13.7536,-0.0434,-0.0632,0.0298
MSH,2020-06-09,12.31,12.76,12.31,12.7,444550,11.99,11.96,10.87,5.9386,6.1632,16.8605,0.1589,0.1949,0.0409
MSH,2020-06-10,12.73,12.83,12.34,12.5,350320,12.05,11.97,10.94,3.762,4.4358,14.2584,-0.0544,-0.0705,0.042
MSH,2020-06-11,12.5,12.5,11.78,11.78,267240,12.03,11.95,11.02,-2.0541,-1.4441,6.9614,-0.0544,-0.0636,0.0449
MSH,2020-06-12,11.0,11.72,11.0,11.39,256770,11.98,11.94,11.09,-4.931,-4.6249,2.6943,0.0058,0.0077,0.0455
MSH,2020-06-15,11.29,11.32,10.6,10.6,429340,11.87,11.89,11.15,-10.6577,-10.7991,-4.8822,-0.1769,-0.1745,0.0543
MSH,2020-06-16,10.62,11.0,10.62,11.0,191080,11.79,11.84,11.21,-6.6926,-7.1631,-1.9265,0.1082,0.122,0.0647
MSH,2020-06-17,11.13,11.77,10.93,11.77,288310,11.78,11.84,11.28,-0.125,-0.6219,4.2906,0.2028,0.2885,0.0846
MSH,2020-06-18,11.62,11.95,11.49,11.95,206780,11.79,11.85,11.35,1.3185,0.8427,5.248,0.2045,0.239,0.1044
MSH,2020-06-19,11.78,11.95,11.68,11.78,120630,11.77,11.85,11.42,0.0695,-0.5388,3.1992,-0.0136,-0.0161,0.1023
MSH,2020-06-22,11.45,11.68,11.26,11.45,191040,11.69,11.82,11.47,-2.0294,-3.0605,-0.0914,-0.0093,-0.0119,0.0989
MSH,2020-06-23,11.6,11.6,11.27,11.32,90390,11.55,11.77,11.5,-1.9969,-3.7954,-1.5199,-0.0406,-0.0528,0.0871
MSH,2020-06-24,11.32,11.45,11.26,11.32,80030,11.44,11.74,11.52,-0.9873,-3.5675,-1.6906,-0.0148,-0.0196,0.0831
MSH,2020-06-25,11.13,11.26,11.11,11.23,80530,11.38,11.71,11.53,-1.3659,-4.0962,-2.6177,0.0308,0.0423,0.0807
MSH,2020-06-26,11.45,11.45,11.03,11.19,75500,11.36,11.67,11.53,-1.4835,-4.0942,-2.9402,-0.0152,-0.0197,0.0817
MSH,2020-06-29,10.83,11.19,10.49,10.6,187220,11.36,11.62,11.52,-6.6686,-8.7067,-7.965,-0.0761,-0.0945,0.0716
MSH,2020-06-30,10.6,10.87,10.6,10.78,100990,11.34,11.56,11.52,-4.9062,-6.7365,-6.3735,0.0341,0.04,0.0642
MSH,2020-07-01,10.8,11.23,10.64,11.11,39960,11.27,11.53,11.51,-1.4514,-3.6128,-3.4991,0.0191,0.0211,0.0458
MSH,2020-07-02,11.16,11.16,10.93,11.0,20580,11.18,11.48,11.52,-1.6394,-4.2531,-4.5618,-0.0136,-0.0128,0.0267
MSH,2020-07-03,11.0,11.13,10.87,11.0,33630,11.1,11.44,11.53,-0.9434,-3.8558,-4.6078,-0.0,-0.0,0.0253
MSH,2020-07-06,11.0,11.06,10.96,11.01,39270,11.06,11.37,11.53,-0.3996,-3.1794,-4.5146,-0.0,-0.0,0.0244
MSH,2020-07-07,11.03,11.13,10.9,10.9,51040,11.01,11.28,11.54,-1.0548,-3.4223,-5.5239,-0.0403,-0.0412,0.0244
MSH,2020-07-08,11.06,11.06,10.87,10.93,31700,10.98,11.21,11.54,-0.4025,-2.4533,-5.259,-0.0136,-0.0136,0.0243
MSH,2020-07-09,10.96,10.96,10.87,10.9,73830,10.94,11.16,11.54,-0.4038,-2.3604,-5.5694,-0.018,-0.0195,0.023
MSH,2020-07-10,10.91,10.91,10.88,10.88,77600,10.91,11.14,11.54,-0.2699,-2.2849,-5.7085,-0.086,-0.0832,0.0301
MSH,2020-07-13,10.87,10.93,10.87,10.88,51520,10.94,11.15,11.55,-0.5235,-2.4068,-5.7513,-0.0288,-0.0273,0.0253
MSH,2020-07-14,10.88,10.93,10.87,10.93,52270,10.95,11.15,11.55,-0.2091,-1.9377,-5.3583,0.0465,0.0528,0.0266
MSH,2020-07-15,10.9,11.19,10.87,11.16,213730,10.96,11.12,11.55,1.8366,0.3901,-3.3639,0.1198,0.1353,0.0366
MSH,2020-07-16,11.21,11.32,10.39,10.39,1020590,10.9,11.04,11.53,-4.6547,-5.8702,-9.8677,-0.8911,-0.7561,0.1244
MSH,2020-07-17,9.67,10.11,9.67,9.97,619080,10.8,10.95,11.5,-7.6853,-8.9754,-13.322,0.191,0.1799,0.1435
MSH,2020-07-20,9.88,9.97,9.41,9.49,423050,10.64,10.85,11.46,-10.8241,-12.5254,-17.1523,-0.1988,-0.1817,0.1634
MSH,2020-07-21,9.39,9.69,9.16,9.69,196780,10.52,10.77,11.4,-7.9315,-10.0372,-15.0426,0.2168,0.1787,0.181
MSH,2020-07-22,9.75,9.8,9.49,9.69,233550,10.4,10.69,11.35,-6.8303,-9.3484,-14.6506,0.0565,0.0478,0.1853
MSH,2020-07-23,9.47,9.65,9.47,9.56,85160,10.26,10.6,11.3,-6.8878,-9.8696,-15.4236,-0.0073,-0.0065,0.1843
MSH,2020-07-24,9.46,9.52,8.9,8.93,255750,10.07,10.49,11.24,-11.2628,-14.8272,-20.5448,-0.0994,-0.1036,0.1856
MSH,2020-07-27,8.35,8.67,8.31,8.31,536240,9.81,10.38,11.18,-15.2769,-19.8801,-25.6288,-0.1686,-0.1513,0.1996
MSH,2020-07-28,8.43,8.87,8.43,8.79,198720,9.6,10.28,11.12,-8.4399,-14.4837,-20.9504,0.06,0.0527,0.2009
MSH,2020-07-29,8.36,8.66,8.35,8.61,148230,9.34,10.15,11.05,-7.8648,-15.2023,-22.111,0.0827,0.0726,0.1972
MSH,2020-07-30,8.53,8.84,8.53,8.61,60380,9.16,10.03,10.99,-6.0714,-14.1925,-21.6562,-0.0405,-0.0343,0.1122
MSH,2020-07-31,8.54,8.64,8.48,8.51,210370,9.02,9.91,10.92,-5.6432,-14.1064,-22.0857,-0.1442,-0.11,0.1075
MSH,2020-08-03,8.51,9.03,8.51,9.02,138220,8.97,9.81,10.86,0.5108,-8.0594,-16.9805,0.08,0.0761,0.0956
MSH,2020-08-04,9.33,9.64,9.33,9.59,383200,8.96,9.74,10.81,7.0124,-1.5623,-11.274,0.1959,0.2136,0.0935
MSH,2020-08-05,9.59,9.59,9.34,9.43,122560,8.93,9.67,10.76,5.4945,-2.4886,-12.3901,-0.0303,-0.0252,0.0909
MSH,2020-08-06,9.25,9.44,9.25,9.43,71990,8.92,9.59,10.71,5.6493,-1.7401,-11.9724,0.0622,0.0576,0.0964
MSH,2020-08-07,9.43,9.49,9.39,9.49,93710,8.98,9.52,10.66,5.7237,-0.3351,-10.9637,0.0881,0.0762,0.0953
MSH,2020-08-10,9.49,9.51,9.43,9.43,114290,9.09,9.45,10.61,3.709,-0.2598,-11.1961,-0.0888,-0.0744,0.0873
MSH,2020-08-11,9.59,9.59,9.41,9.54,170200,9.16,9.38,10.57,4.1071,1.7008,-9.7272,0.0711,0.0673,0.0884
MSH,2020-08-12,9.59,9.59,9.47,9.51,78290,9.25,9.3,10.52,2.7409,2.2527,-9.6423,-0.0332,-0.0301,0.0834
MSH,2020-08-13,9.67,9.67,9.41,9.67,147160,9.36,9.26,10.48,3.3217,4.417,-7.7053,0.1302,0.1079,0.0924
MSH,2020-08-14,9.67,9.69,9.54,9.54,117200,9.46,9.24,10.43,0.8127,3.2407,-8.5347,-0.096,-0.089,0.0876
MSH,2020-08-17,9.54,9.64,9.52,9.57,62110,9.52,9.24,10.38,0.5673,3.549,-7.7432,-0.007,-0.0072,0.0803
MSH,2020-08-18,9.52,9.72,9.52,9.65,90230,9.53,9.24,10.32,1.3572,4.4525,-6.4056,0.0301,0.027,0.0637
MSH,2020-08-19,9.56,9.77,9.56,9.77,127390,9.56,9.25,10.26,2.1911,5.6451,-4.7907,0.1149,0.1031,0.0722
MSH,2020-08-20,9.77,9.79,9.62,9.65,126640,9.58,9.25,10.22,0.7514,4.3509,-5.5153,-0.0643,-0.0517,0.0724
MSH,2020-08-21,9.7,9.75,9.65,9.69,71820,9.6,9.29,10.18,0.8862,4.2805,-4.8782,-0.0142,-0.0135,0.065
MSH,2020-08-24,9.69,9.75,9.62,9.75,74800,9.64,9.36,10.17,1.2228,4.1776,-4.0752,0.0439,0.042,0.0605
MSH,2020-08-25,9.79,9.95,9.75,9.95,128650,9.68,9.42,10.15,2.8243,5.6198,-1.9418,0.0661,0.0569,0.06
MSH,2020-08-26,9.95,10.1,9.88,10.06,83050,9.73,9.49,10.11,3.4134,6.0162,-0.479,0.0324,0.0301,0.0599
MSH,2020-08-27,9.98,10.11,9.95,10.1,69370,9.77,9.57,10.08,3.2981,5.5332,0.2111,0.039,0.0343,0.0508
MSH,2020-08-28,10.1,10.24,10.08,10.19,59810,9.84,9.65,10.04,3.6089,5.6291,1.5055,0.0119,0.0112,0.0424
MSH,2020-08-31,10.29,10.31,10.06,10.06,70240,9.89,9.7,10.02,1.7706,3.7099,0.4803,-0.0391,-0.0376,0.0456
MSH,2020-09-01,10.06,10.19,10.06,10.15,38770,9.94,9.73,9.99,2.0912,4.2542,1.5361,0.0067,0.0051,0.0433
MSH,2020-09-03,10.15,10.23,10.15,10.18,73460,9.98,9.77,9.97,2.0006,4.1876,2.0978,-0.0098,-0.0077,0.0328
MSH,2020-09-04,10.15,10.31,10.15,10.29,110120,10.04,9.81,9.95,2.4931,4.8945,3.4404,0.0579,0.0426,0.0321
MSH,2020-09-07,10.31,10.31,10.18,10.19,58180,10.09,9.85,9.93,1.0052,3.5228,2.6596,-0.0172,-0.0152,0.0324
MSH,2020-09-08,10.24,10.24,10.05,10.18,38050,10.14,9.89,9.92,0.4198,2.9631,2.5827,0.0087,0.0072,0.0289
MSH,2020-09-09,10.15,10.21,10.13,10.18,50020,10.16,9.92,9.91,0.1933,2.6318,2.708,0.006,0.0051,0.0229
MSH,2020-09-10,10.18,10.24,10.16,10.21,43720,10.17,9.95,9.89,0.37,2.5978,3.2258,0.0053,0.0046,0.0202
MSH,2020-09-11,10.21,10.41,10.16,10.37,72970,10.2,9.99,9.88,1.7004,3.8748,5.0121,0.0377,0.0367,0.02
MSH,2020-09-14,10.39,10.44,10.37,10.39,58580,10.22,10.03,9.87,1.6651,3.5973,5.3068,-0.015,-0.0142,0.0203
MSH,2020-09-15,10.41,10.47,10.37,10.41,37140,10.26,10.07,9.86,1.484,3.3307,5.6023,-0.0079,-0.0073,0.0172
MSH,2020-09-16,10.41,10.41,10.34,10.41,26540,10.28,10.11,9.85,1.2256,2.946,5.7076,0.0169,0.0177,0.0182
MSH,2020-09-17,10.41,10.41,10.34,10.39,32530,10.3,10.14,9.83,0.8577,2.4689,5.6572,0.0097,0.0089,0.0182
MSH,2020-09-18,10.39,10.39,10.28,10.36,52150,10.31,10.18,9.82,0.4761,1.793,5.4402,0.0124,0.0113,0.0137
MSH,2020-09-21,10.34,10.51,10.33,10.44,31660,10.33,10.21,9.82,1.0293,2.219,6.3688,0.0038,0.0036,0.0123
MSH,2020-09-22,10.37,10.41,10.29,10.31,61640,10.35,10.24,9.8,-0.3638,0.6631,5.1577,-0.0229,-0.0203,0.0138
MSH,2020-09-23,10.31,10.36,10.28,10.36,104890,10.36,10.26,9.79,-0.0632,0.9408,5.782,0.0745,0.0603,0.0206
MSH,2020-09-24,10.36,10.37,10.31,10.37,28170,10.38,10.28,9.78,-0.063,0.9474,6.1195,0.0184,0.0159,0.0219
MSH,2020-09-25,10.37,10.42,10.33,10.41,166430,10.38,10.29,9.78,0.2207,1.1129,6.4507,0.0643,0.0573,0.0246
MSH,2020-09-28,10.46,10.77,10.46,10.72,153880,10.42,10.32,9.79,2.8904,3.8693,9.4622,0.0536,0.051,0.0284
MSH,2020-09-29,10.8,10.87,10.64,10.67,110760,10.44,10.35,9.82,2.1624,3.0912,8.6993,-0.0249,-0.0226,0.0301
MSH,2020-09-30,10.51,10.82,10.51,10.82,128040,10.48,10.38,9.84,3.1684,4.1765,9.9468,0.0681,0.0625,0.0353
MSH,2020-10-01,10.96,10.96,10.73,10.85,61820,10.53,10.42,9.86,3.0303,4.1552,10.0196,0.0,0.0,0.0343
MSH,2020-10-02,10.85,10.95,10.75,10.83,183700,10.58,10.44,9.89,2.4134,3.7293,9.57,-0.0168,-0.0174,0.0347
MSH,2020-10-05,10.83,10.96,10.8,10.96,81420,10.63,10.48,9.93,3.1404,4.5976,10.4408,0.0352,0.0349,0.0379
MSH,2020-10-06,10.85,11.03,10.85,11.01,48720,10.7,10.52,9.98,2.9209,4.6494,10.3351,0.0179,0.0173,0.0374
MSH,2020-10-07,11.01,11.36,10.96,11.19,207700,10.78,10.57,10.03,3.7936,5.8496,11.6006,0.0119,0.0113,0.0311
MSH,2020-10-08,11.19,11.29,11.06,11.23,137130,10.87,10.63,10.08,3.2821,5.6522,11.3456,0.0272,0.0259,0.032
MSH,2020-10-09,11.23,11.27,11.18,11.27,102160,10.96,10.67,10.14,2.9126,5.6667,11.2439,0.0639,0.0616,0.0319
MSH,2020-10-12,11.36,11.41,11.32,11.37,122830,11.02,10.72,10.19,3.1922,6.0987,11.582,0.0098,0.0085,0.0276
MSH,2020-10-13,11.41,11.42,11.36,11.41,47020,11.09,10.77,10.24,2.8023,5.9109,11.381,0.0165,0.0143,0.0267
MSH,2020-10-14,11.42,11.55,11.42,11.52,86780,11.17,10.82,10.28,3.1804,6.4248,12.0769,0.0178,0.0163,0.0217
MSH,2020-10-15,11.52,11.55,11.42,11.42,62600,11.22,10.88,10.32,1.779,5.0177,10.6918,-0.0246,-0.0217,0.0242
MSH,2020-10-16,11.42,11.42,10.96,11.34,97240,11.27,10.93,10.36,0.5952,3.7969,9.4925,0.0311,0.0262,0.0256
MSH,2020-10-19,11.34,11.36,11.19,11.24,129200,11.3,10.97,10.39,-0.5213,2.522,8.1787,-0.0299,-0.0257,0.0251
MSH,2020-10-20,11.24,11.26,11.09,11.24,79950,11.32,11.01,10.43,-0.7226,2.0878,7.8019,0.0357,0.0294,0.0268
MSH,2020-10-21,11.24,11.29,11.13,11.19,26450,11.32,11.05,10.46,-1.1561,1.2583,6.992,-0.002,-0.0019,0.0258
MSH,2020-10-22,11.19,11.21,11.14,11.19,91600,11.32,11.09,10.5,-1.1275,0.8849,6.6484,0.0215,0.016,0.0253
MSH,2020-10-23,11.19,11.26,11.13,11.26,51250,11.32,11.14,10.53,-0.5349,1.0873,6.9486,0.0271,0.0186,0.0216
MSH,2020-10-26,11.26,11.27,11.19,11.26,79560,11.31,11.16,10.56,-0.4341,0.8428,6.6006,0.0151,0.0127,0.0221
MSH,2020-10-27,11.26,11.26,10.73,10.9,47420,11.26,11.18,10.59,-3.1836,-2.4819,2.9334,-0.0066,-0.006,0.0212
MSH,2020-10-28,10.77,10.77,10.21,10.34,72890,11.14,11.15,10.6,-7.1544,-7.2634,-2.4481,-0.0133,-0.011,0.0207
MSH,2020-10-29,10.21,11.05,10.16,10.8,20950,11.08,11.15,10.62,-2.4967,-3.1335,1.6761,0.0049,0.0039,0.0187
MSH,2020-10-30,10.8,11.08,10.8,11.01,20720,11.04,11.16,10.65,-0.2815,-1.3052,3.4144,0.0078,0.0057,0.0164
MSH,2020-11-02,11.01,11.01,10.8,10.96,19010,11.02,11.16,10.67,-0.4753,-1.7451,2.7072,0.0065,0.0056,0.0141
MSH,2020-11-03,10.96,10.96,10.83,10.9,10710,10.98,11.15,10.7,-0.76,-2.2816,1.8753,-0.0,-0.0,0.0105
MSH,2020-11-04,10.9,10.96,10.8,10.83,29460,10.95,11.13,10.72,-1.0315,-2.7114,1.0965,-0.0113,-0.0106,0.0114
MSH,2020-11-05,10.87,10.96,10.83,10.96,25070,10.92,11.12,10.73,0.3745,-1.4198,2.1466,0.0137,0.012,0.0106
MSH,2020-11-06,10.98,11.19,10.98,11.19,34090,10.92,11.12,10.76,2.5333,0.6771,4.0684,0.0324,0.0265,0.0112
MSH,2020-11-09,11.29,11.62,11.29,11.52,117990,10.94,11.12,10.78,5.2789,3.5523,6.848,0.024,0.0197,0.012
MSH,2020-11-10,11.62,11.62,11.42,11.42,76820,10.99,11.13,10.81,3.8845,2.6622,5.6712,-0.0294,-0.0247,0.0143
MSH,2020-11-11,11.26,11.45,11.26,11.32,21750,11.09,11.12,10.83,2.0799,1.8695,4.5349,-0.004,-0.0031,0.0134
MSH,2020-11-12,11.32,11.45,11.26,11.37,60690,11.15,11.11,10.86,1.9959,2.3338,4.757,0.0053,0.0049,0.0134
MSH,2020-11-13,11.37,11.45,11.18,11.41,125360,11.19,11.12,10.88,1.9304,2.5981,4.8435,0.0407,0.0368,0.0167
MSH,2020-11-16,11.41,11.49,11.37,11.45,107520,11.24,11.13,10.9,1.9219,2.9411,5.0514,0.0165,0.014,0.0177
MSH,2020-11-17,11.45,12.17,11.45,12.17,245220,11.37,11.17,10.94,7.112,8.9551,11.2473,0.0826,0.0801,0.026
MSH,2020-11-18,12.31,13.03,12.31,12.93,415760,11.58,11.26,11.0,11.6766,14.8005,17.535,0.1227,0.116,0.0371
MSH,2020-11-19,12.93,12.93,12.53,12.76,90690,11.76,11.34,11.05,8.5746,12.5622,15.511,0.0071,0.0058,0.0365
MSH,2020-11-20,12.44,12.76,12.27,12.53,74940,11.89,11.4,11.09,5.4225,9.9232,12.996,0.002,0.0019,0.0334
MSH,2020-11-23,12.53,12.57,12.11,12.37,80810,11.98,11.46,11.13,3.3069,7.9614,11.1242,0.005,0.0046,0.0315
MSH,2020-11-24,12.37,12.7,12.27,12.47,135480,12.08,11.54,11.17,3.2241,8.0774,11.5927,-0.0058,-0.0049,0.0292
MSH,2020-11-25,12.44,12.7,12.44,12.7,70610,12.22,11.66,11.22,3.9379,8.9505,13.179,0.0264,0.0242,0.0314
MSH,2020-11-26,12.73,13.09,12.73,12.78,187060,12.36,11.75,11.27,3.4163,8.729,13.4252,-0.0651,-0.0606,0.0374
MSH,2020-11-27,12.91,12.93,12.63,12.71,110160,12.49,11.84,11.31,1.8082,7.3946,12.3742,-0.0225,-0.0208,0.0356
MSH,2020-11-30,12.73,12.73,12.44,12.71,53590,12.61,11.93,11.36,0.7913,6.6063,11.9242,0.0172,0.0154,0.0356
MSH,2020-12-01,12.44,12.6,12.44,12.6,85230,12.66,12.01,11.41,-0.4525,4.8975,10.4703,0.0216,0.0207,0.0295
MSH,2020-12-02,12.6,13.06,12.6,12.89,202900,12.65,12.11,11.46,1.9009,6.4361,12.5521,0.0243,0.0243,0.0197
MSH,2020-12-03,12.89,12.99,12.85,12.85,79480,12.66,12.21,11.51,1.4474,5.2138,11.642,-0.03,-0.0323,0.022
MSH,2020-12-04,12.85,12.85,12.6,12.63,79870,12.67,12.28,11.55,-0.3099,2.8648,9.3701,-0.0228,-0.022,0.0241
MSH,2020-12-07,12.44,12.76,12.44,12.73,95480,12.71,12.34,11.59,0.1802,3.1556,9.8373,0.0295,0.029,0.0265
MSH,2020-12-08,12.73,12.96,12.6,12.93,144650,12.75,12.42,11.64,1.36,4.1118,11.0986,0.0553,0.0564,0.0315
MSH,2020-12-09,12.93,12.96,12.76,12.93,132150,12.78,12.5,11.68,1.1783,3.4438,10.697,0.0299,0.0308,0.0318
MSH,2020-12-10,12.96,13.61,12.94,13.55,254960,12.85,12.61,11.73,5.4106,7.4836,15.4876,0.0551,0.0588,0.0308
MSH,2020-12-11,13.58,13.75,13.19,13.42,74760,12.92,12.71,11.78,3.8238,5.6021,13.8699,-0.0047,-0.0041,0.029
MSH,2020-12-14,13.39,13.73,13.25,13.58,96300,13.01,12.81,11.84,4.3894,6.0025,14.7486,0.0131,0.0111,0.0286
MSH,2020-12-15,13.68,13.68,13.25,13.42,120420,13.09,12.88,11.88,2.4872,4.2197,12.9073,-0.0103,-0.0101,0.0275
MSH,2020-12-16,13.52,13.58,13.37,13.45,97050,13.15,12.9,11.93,2.3024,4.2618,12.7541,-0.0077,-0.0081,0.0259
MSH,2020-12-17,13.42,13.42,13.19,13.27,96570,13.19,12.93,11.97,0.6079,2.6647,10.865,-0.0087,-0.008,0.0237
MSH,2020-12-18,13.27,13.32,13.12,13.32,96340,13.26,12.97,12.01,0.4566,2.7324,10.8961,0.0304,0.0303,0.0245
MSH,2020-12-21,13.42,13.43,13.19,13.22,77170,13.31,13.01,12.05,-0.6517,1.6416,9.7409,-0.0165,-0.017,0.0232
MSH,2020-12-22,13.21,13.22,12.67,12.93,128990,13.31,13.03,12.08,-2.8649,-0.7974,7.0258,-0.0019,-0.002,0.0178
MSH,2020-12-23,12.93,12.93,12.63,12.7,91440,13.29,13.03,12.1,-4.4217,-2.5554,4.9244,-0.0119,-0.0127,0.016
MSH,2020-12-24,12.6,13.29,12.44,13.22,278160,13.25,13.05,12.14,-0.2346,1.2912,8.9272,0.0966,0.1127,0.0202
MSH,2020-12-25,13.22,13.25,12.91,13.09,38700,13.22,13.07,12.17,-0.9778,0.144,7.5385,0.0005,0.0004,0.0198
MSH,2020-12-28,13.09,13.16,12.93,12.96,82430,13.16,13.08,12.21,-1.5048,-0.9505,6.1634,-0.0184,-0.0182,0.0203
MSH,2020-12-29,12.96,13.07,12.89,13.07,70210,13.12,13.11,12.24,-0.374,-0.2559,6.7811,0.0256,0.0216,0.0218
MSH,2020-12-30,12.93,13.03,12.93,12.99,52590,13.08,13.11,12.28,-0.6506,-0.9172,5.8018,0.0053,0.0051,0.0216
MSH,2020-12-31,12.99,13.01,12.76,12.99,182160,13.05,13.12,12.32,-0.4389,-0.9728,5.4926,0.0647,0.0542,0.0272
MSH,2021-01-04,12.99,13.19,12.94,13.16,162800,13.03,13.15,12.35,0.9416,0.0746,6.4928,0.0354,0.0319,0.0277
MSH,2021-01-05,13.21,13.84,13.21,13.66,284400,13.08,13.19,12.4,4.4794,3.5659,10.1699,0.0411,0.0398,0.0301
MSH,2021-01-06,13.66,13.76,13.58,13.66,144100,13.15,13.23,12.46,3.8945,3.2776,9.6808,-0.0044,-0.0038,0.0304
MSH,2021-01-07,13.61,13.65,13.45,13.65,79400,13.25,13.27,12.52,3.0266,2.8741,8.9712,0.0168,0.0165,0.0309
MSH,2021-01-08,13.66,13.94,13.61,13.66,144400,13.29,13.27,12.58,2.8072,2.9529,8.6051,-0.0312,-0.0302,0.0243
MSH,2021-01-11,13.66,14.37,13.65,14.15,145500,13.4,13.31,12.64,5.6553,6.3568,11.948,0.014,0.0132,0.0257
MSH,2021-01-12,14.04,14.07,13.91,14.01,53700,13.5,13.33,12.7,3.745,5.0823,10.2525,0.0033,0.0031,0.0242
MSH,2021-01-13,14.04,14.07,13.75,13.75,90500,13.57,13.35,12.76,1.3024,2.9916,7.7089,-0.0222,-0.0207,0.0238
MSH,2021-01-14,13.58,13.75,13.58,13.71,65900,13.64,13.36,12.82,0.5279,2.6458,6.9697,0.0098,0.0095,0.0243
MSH,2021-01-15,13.71,13.75,13.61,13.61,88600,13.7,13.38,12.87,-0.6449,1.7799,5.7663,-0.0252,-0.0234,0.0203
MSH,2021-01-18,14.2,14.2,13.81,14.17,135800,13.8,13.42,12.93,2.6553,5.6033,9.5814,0.0267,0.0255,0.0195
MSH,2021-01-19,13.91,14.14,13.19,13.42,127800,13.78,13.43,12.97,-2.6244,-0.0792,3.457,-0.01,-0.01,0.0164
MSH,2021-01-20,13.3,13.52,12.76,13.32,68000,13.75,13.45,13.01,-3.0953,-0.9552,2.4002,0.0083,0.0077,0.0168
MSH,2021-01-21,13.42,13.81,13.34,13.71,84400,13.75,13.5,13.06,-0.2855,1.5819,5.0336,0.011,0.0097,0.0162
MSH,2021-01-22,13.75,14.24,13.58,14.01,126400,13.79,13.54,13.11,1.6024,3.4629,6.8584,0.0121,0.0111,0.0143
MSH,2021-01-25,13.81,14.97,13.81,14.97,281900,13.87,13.63,13.18,7.9646,9.8307,13.6053,0.0805,0.0772,0.0209
MSH,2021-01-26,16.02,16.02,15.12,15.69,252100,14.04,13.77,13.26,11.7976,13.9699,18.3074,0.0174,0.0199,0.0223
MSH,2021-01-27,15.69,15.69,14.6,14.6,158900,14.12,13.85,13.31,3.3603,5.4249,9.6415,-0.0322,-0.0346,0.0233
MSH,2021-01-28,13.58,14.11,13.58,13.58,190400,14.11,13.87,13.33,-3.7347,-2.1111,1.9205,-0.0296,-0.0281,0.0253
MSH,2021-01-29,12.65,13.78,12.65,13.71,134800,14.12,13.91,13.35,-2.8743,-1.4233,2.7566,0.0301,0.027,0.0258
MSH,2021-02-01,13.48,13.75,12.76,12.76,169300,13.98,13.89,13.35,-8.6865,-8.1164,-4.3883,-0.0373,-0.0366,0.0268
MSH,2021-02-02,12.76,13.65,12.44,13.65,94500,14.0,13.89,13.38,-2.5245,-1.7494,2.0358,0.0238,0.0213,0.0282
MSH,2021-02-03,13.68,14.56,13.65,14.47,72000,14.12,13.93,13.42,2.4809,3.8412,7.8312,0.0138,0.0138,0.0288
MSH,2021-02-04,14.47,14.47,13.91,14.14,42400,14.16,13.96,13.44,-0.1387,1.3134,5.1658,-0.004,-0.0036,0.0281
MSH,2021-02-05,14.14,14.32,14.11,14.3,42600,14.19,13.99,13.47,0.8074,2.2521,6.1426,0.0128,0.0121,0.0281
MSH,2021-02-08,14.3,14.47,13.75,14.4,162100,14.13,14.0,13.51,1.9109,2.8638,6.6047,0.0422,0.0395,0.0243
MSH,2021-02-09,15.05,15.22,14.4,15.22,138000,14.08,14.06,13.56,8.0641,8.2402,12.2456,0.0431,0.0403,0.0269
MSH,2021-02-17,15.22,15.38,14.79,15.2,70100,14.14,14.13,13.61,7.4858,7.5667,11.6963,0.0065,0.006,0.0243
MSH,2021-02-18,15.22,15.22,14.89,15.22,133900,14.31,14.21,13.66,6.3708,7.112,11.436,0.0497,0.0407,0.0263
MSH,2021-02-19,15.22,15.28,15.05,15.28,104500,14.46,14.29,13.71,5.6681,6.9446,11.5171,0.0476,0.0437,0.0281
MSH,2021-02-22,15.28,15.69,14.92,15.63,102300,14.75,14.36,13.77,5.9463,8.7947,13.5283,0.0334,0.0325,0.0277
MSH,2021-02-23,15.58,15.58,15.12,15.38,52300,14.92,14.46,13.82,3.0702,6.3589,11.3164,0.0027,0.0028,0.0256
MSH,2021-02-24,15.38,15.55,15.12,15.22,21400,15.0,14.56,13.86,1.4619,4.5414,9.7682,-0.0039,-0.004,0.0246
MSH,2021-02-25,15.22,15.48,15.22,15.25,33300,15.11,14.63,13.91,0.9313,4.2156,9.6367,-0.0123,-0.0115,0.0254
MSH,2021-02-26,15.25,15.71,15.25,15.69,124200,15.25,14.72,13.95,2.908,6.6207,12.4663,0.0305,0.0309,0.0272
MSH,2021-03-01,16.04,16.04,15.68,15.71,21100,15.38,14.76,14.0,2.1385,6.4656,12.2151,-0.0038,-0.0039,0.0233
MSH,2021-03-02,15.87,15.87,15.48,15.69,19400,15.43,14.76,14.04,1.7183,6.3546,11.7611,0.0006,0.0006,0.0191
MSH,2021-03-03,16.04,16.04,15.55,15.87,50900,15.49,14.82,14.09,2.4396,7.1113,12.6493,0.0055,0.0063,0.019
MSH,2021-03-04,16.04,16.04,15.55,15.58,76500,15.53,14.92,14.13,0.3056,4.4203,10.226,-0.0206,-0.0213,0.0161
MSH,2021-03-05,15.58,16.2,15.38,15.97,72100,15.6,15.03,14.19,2.3812,6.2486,12.5747,0.0079,0.0083,0.0121
MSH,2021-03-08,15.97,16.05,15.87,15.87,31200,15.62,15.19,14.24,1.592,4.5146,11.4815,-0.0091,-0.0101,0.0097
MSH,2021-03-09,15.74,16.85,15.74,16.63,114200,15.75,15.34,14.31,5.5694,8.408,16.2125,0.0207,0.0212,0.0115
MSH,2021-03-10,16.23,16.63,16.23,16.63,15200,15.89,15.44,14.38,4.6344,7.6499,15.6148,0.0053,0.006,0.0116
MSH,2021-03-11,16.69,16.69,16.53,16.69,26100,16.03,15.57,14.46,4.1029,7.1879,15.429,0.008,0.0092,0.0112
MSH,2021-03-12,16.69,16.85,16.66,16.69,20200,16.13,15.69,14.53,3.4588,6.3719,14.8778,-0.0044,-0.0052,0.0086
MSH,2021-03-15,16.59,16.69,16.36,16.53,25600,16.21,15.8,14.6,1.9275,4.6198,13.216,0.0,0.0,0.0082
MSH,2021-03-16,16.4,16.89,16.36,16.85,35900,16.33,15.88,14.68,3.2064,6.1418,14.8451,0.0117,0.0136,0.0093
MSH,2021-03-17,16.85,17.02,16.69,16.72,15100,16.42,15.96,14.75,1.874,4.8152,13.3893,-0.0035,-0.0039,0.0091
MSH,2021-03-18,16.72,16.95,16.4,16.53,62300,16.51,16.02,14.82,0.0991,3.1612,11.5233,-0.0115,-0.0114,0.0082
MSH,2021-03-19,16.53,16.66,16.43,16.43,25500,16.56,16.08,14.89,-0.7709,2.1831,10.3491,-0.0075,-0.0072,0.0082
MSH,2021-03-22,16.43,16.43,16.3,16.3,14800,16.6,16.11,14.95,-1.8139,1.1578,9.0097,-0.0051,-0.0052,0.0078
MSH,2021-03-23,16.63,16.63,16.04,16.3,25300,16.57,16.16,15.0,-1.6199,0.871,8.6269,-0.0011,-0.0011,0.0058
MSH,2021-03-24,16.04,16.07,15.38,15.84,31200,16.49,16.19,15.05,-3.9301,-2.153,5.2677,0.0031,0.0031,0.0056
MSH,2021-03-25,15.84,15.91,15.71,15.74,51200,16.39,16.21,15.09,-3.9729,-2.9068,4.3248,-0.0127,-0.0131,0.006
MSH,2021-03-26,15.77,15.94,14.65,15.58,58300,16.28,16.21,15.13,-4.3216,-3.8821,2.9791,0.0062,0.0067,0.0062
MSH,2021-03-29,15.87,16.4,15.82,16.25,12500,16.25,16.23,15.17,-0.0302,0.0907,7.1174,0.0016,0.0019,0.0064
MSH,2021-03-30,16.27,16.46,16.2,16.25,29800,16.19,16.26,15.21,0.3435,-0.0805,6.8017,-0.0052,-0.0053,0.0057
MSH,2021-03-31,16.25,16.25,16.02,16.17,14200,16.14,16.28,15.26,0.1825,-0.6736,5.9267,0.0012,0.0014,0.0055
MSH,2021-04-01,16.04,16.18,15.87,16.0,22000,16.09,16.3,15.31,-0.5086,-1.8072,4.5408,-0.0008,-0.0007,0.0044
MSH,2021-04-02,16.85,16.85,15.97,16.04,27500,16.05,16.3,15.36,-0.0612,-1.6262,4.4241,-0.0091,-0.0091,0.0046
MSH,2021-04-05,16.2,16.53,16.2,16.53,46100,16.07,16.33,15.4,2.8513,1.1821,7.2916,0.0145,0.016,0.0055
MSH,2021-04-06,16.53,16.59,16.04,16.36,14800,16.08,16.32,15.46,1.7915,0.2607,5.8246,0.0007,0.0008,0.0055
MSH,2021-04-07,16.2,16.46,16.2,16.43,39300,16.13,16.31,15.53,1.8256,0.7223,5.8224,0.0092,0.0086,0.0061
MSH,2021-04-08,16.43,16.53,16.36,16.46,31200,16.21,16.3,15.58,1.5751,0.9938,5.6589,0.0024,0.0026,0.0051
MSH,2021-04-09,16.53,16.63,16.4,16.4,34300,16.29,16.29,15.63,0.6631,0.6833,4.9171,-0.0121,-0.0124,0.0057
MSH,2021-04-12,16.4,16.43,16.17,16.33,55000,16.3,16.28,15.66,0.2109,0.3418,4.3169,0.0031,0.0032,0.0058
MSH,2021-04-13,16.33,16.36,16.13,16.17,28500,16.29,16.24,15.66,-0.7434,-0.4534,3.2091,-0.0041,-0.0038,0.0057
MSH,2021-04-14,15.55,16.36,15.55,16.36,42800,16.31,16.22,15.7,0.3412,0.8675,4.2275,0.0097,0.0091,0.0066
MSH,2021-04-15,16.04,16.33,16.02,16.23,29800,16.33,16.21,15.75,-0.6012,0.1514,3.0457,0.0023,0.0021,0.0067
MSH,2021-04-16,16.07,16.07,15.87,15.87,25500,16.31,16.18,15.8,-2.7081,-1.9013,0.4848,-0.0094,-0.0096,0.0067
MSH,2021-04-19,15.89,15.99,15.71,15.77,11800,16.24,16.15,15.86,-2.8618,-2.3501,-0.516,-0.0015,-0.0012,0.0054
MSH,2021-04-20,15.77,15.91,15.77,15.77,38900,16.18,16.13,15.9,-2.5081,-2.1916,-0.7822,-0.0125,-0.0106,0.0066
MSH,2021-04-22,15.77,15.92,15.59,15.59,24300,16.1,16.12,15.92,-3.1209,-3.234,-2.0535,-0.004,-0.0039,0.0061
MSH,2021-04-23,15.71,15.84,15.61,15.84,25300,16.03,16.12,15.96,-1.2144,-1.7408,-0.724,0.0051,0.0043,0.0064
MSH,2021-04-26,16.82,16.82,16.36,16.43,74800,16.04,16.16,16.0,2.4385,1.6452,2.6942,-0.0133,-0.0112,0.0065
MSH,2021-04-27,16.53,16.72,16.46,16.59,49800,16.06,16.18,16.04,3.2902,2.5486,3.4335,0.0,0.0,0.0062
MSH,2021-04-28,16.72,17.18,16.69,17.08,52100,16.16,16.22,16.08,5.7429,5.3109,6.2466,0.013,0.0119,0.0071
MSH,2021-04-29,17.08,17.08,16.79,16.95,37800,16.21,16.26,16.11,4.5514,4.2516,5.2033,0.0012,0.0011,0.0062
MSH,2021-05-04,16.36,17.41,16.27,17.41,61700,16.33,16.33,16.16,6.6025,6.6079,7.7534,0.0145,0.0133,0.0075
MSH,2021-05-05,17.51,17.8,17.48,17.64,149600,16.51,16.41,16.21,6.849,7.4829,8.8537,-0.0,-0.0,0.0065
MSH,2021-05-06,17.67,17.8,17.57,17.57,86800,16.69,16.46,16.24,5.3045,6.7435,8.1898,-0.0249,-0.0238,0.0089
MSH,2021-05-07,17.57,17.61,17.08,17.18,96800,16.83,16.51,16.28,2.0904,4.0995,5.5382,-0.0161,-0.0143,0.0092
MSH,2021-05-10,17.05,17.35,17.02,17.35,95100,17.01,16.55,16.32,2.0015,4.8,6.2656,0.0228,0.0202,0.0111
MSH,2021-05-11,17.64,17.64,17.18,17.35,60600,17.16,16.6,16.36,1.1064,4.521,5.9936,-0.0043,-0.0037,0.011
MSH,2021-05-12,17.48,17.54,17.35,17.54,89900,17.27,16.65,16.4,1.5921,5.3407,6.9519,0.0195,0.0176,0.0116
MSH,2021-05-13,17.92,18.13,17.68,17.89,68000,17.4,16.73,16.45,2.8312,6.9257,8.7799,-0.0012,-0.0011,0.0118
MSH,2021-05-14,18.2,18.2,17.85,17.96,37800,17.48,16.82,16.49,2.7132,6.7686,8.9014,-0.0045,-0.0043,0.0109
MSH,2021-05-17,17.96,18.03,17.4,17.4,63200,17.53,16.87,16.52,-0.7155,3.1519,5.3421,-0.0165,-0.0151,0.0124
MSH,2021-05-18,17.23,17.51,16.99,17.4,85500,17.53,16.93,16.56,-0.7114,2.7951,5.1098,0.0153,0.0133,0.0125
MSH,2021-05-19,17.4,17.4,17.2,17.37,34600,17.5,17.01,16.59,-0.7558,2.139,4.7235,0.0055,0.005,0.0131
MSH,2021-05-20,17.33,17.4,16.99,17.37,79900,17.48,17.09,16.62,-0.6391,1.6624,4.5349,0.0145,0.013,0.012
MSH,2021-05-21,17.37,18.1,17.13,17.72,69100,17.53,17.18,16.64,1.0356,3.1058,6.4817,0.0042,0.0034,0.0108
MSH,2021-05-24,17.99,18.03,17.92,18.03,54600,17.6,17.3,16.67,2.4165,4.1841,8.1747,0.0161,0.0146,0.0102
MSH,2021-05-25,18.34,18.34,18.03,18.24,104600,17.69,17.42,16.7,3.077,4.6617,9.2204,0.0102,0.0101,0.0108
MSH,2021-05-26,18.03,18.37,18.03,18.34,96500,17.77,17.52,16.73,3.1994,4.6847,9.6269,0.0216,0.022,0.011
MSH,2021-05-27,18.03,18.34,17.85,18.03,38900,17.79,17.59,16.76,1.3645,2.4839,7.5688,-0.0037,-0.0034,0.0112
MSH,2021-05-28,18.03,18.1,17.85,18.1,33400,17.8,17.64,16.78,1.6751,2.5826,7.8226,0.0067,0.0058,0.0114
MSH,2021-05-31,18.1,18.1,17.68,18.03,44600,17.86,17.7,16.81,0.9317,1.8791,7.2428,0.0049,0.0044,0.0103
MSH,2021-06-01,18.03,18.72,17.96,18.17,74700,17.94,17.73,16.84,1.2756,2.4441,7.8575,-0.0085,-0.0077,0.0096
MSH,2021-06-02,18.24,18.76,18.24,18.76,92200,18.08,17.79,16.89,3.7591,5.436,11.0499,0.0195,0.0186,0.011
MSH,2021-06-03,18.76,19.24,18.76,19.21,66900,18.26,17.87,16.95,5.1832,7.4766,13.3281,0.0102,0.0107,0.0106
MSH,2021-06-04,19.41,19.76,19.0,19.0,87900,18.39,17.96,17.0,3.3182,5.7749,11.7446,-0.0163,-0.0145,0.0118
MSH,2021-06-07,19.24,19.24,18.72,19.07,92000,18.49,18.05,17.07,3.1121,5.6544,11.7282,0.0073,0.0072,0.0109
MSH,2021-06-08,18.72,19.73,18.72,19.24,50700,18.59,18.14,17.14,3.4868,6.0578,12.2834,0.0002,0.0002,0.0099
MSH,2021-06-09,19.24,19.41,19.03,19.28,28900,18.69,18.23,17.21,3.154,5.7436,12.0023,0.0017,0.0018,0.0079
MSH,2021-06-10,19.28,19.35,18.89,19.1,87100,18.79,18.29,17.27,1.6418,4.4451,10.6283,-0.0014,-0.0014,0.0077
MSH,2021-06-11,19.24,20.11,19.24,19.76,110600,18.96,18.38,17.34,4.2238,7.5167,13.9794,0.0049,0.0045,0.0075
MSH,2021-06-14,20.04,21.11,19.87,21.11,322600,19.27,18.57,17.44,9.5718,13.7255,21.0871,0.0968,0.1076,0.0167
MSH,2021-06-15,21.67,22.53,21.11,21.11,174400,19.56,18.75,17.54,7.9213,12.6005,20.3816,-0.0407,-0.0432,0.0199
MSH,2021-06-16,20.8,21.88,20.63,21.7,200600,19.86,18.97,17.65,9.2877,14.4215,22.9476,0.0325,0.0358,0.0212
MSH,2021-06-17,20.87,21.88,20.8,21.84,132700,20.12,19.19,17.76,8.5458,13.8108,22.9927,0.0292,0.0325,0.0231
MSH,2021-06-18,21.01,21.84,21.01,21.7,94600,20.39,19.39,17.87,6.4264,11.9256,21.4813,0.0158,0.018,0.0231
MSH,2021-06-21,21.7,22.5,21.67,22.4,176800,20.73,19.61,17.98,8.0629,14.215,24.5306,0.0394,0.0414,0.0263
MSH,2021-06-22,22.12,22.33,22.12,22.19,61700,21.02,19.81,18.1,5.5583,12.0252,22.5934,-0.0055,-0.0064,0.0268
MSH,2021-06-23,22.01,22.36,21.88,21.91,112800,21.28,19.99,18.21,2.9484,9.6366,20.3277,-0.0289,-0.033,0.0295
MSH,2021-06-24,21.77,22.53,21.49,22.19,111400,21.59,20.19,18.33,2.7617,9.8807,21.072,0.0128,0.0132,0.0306
MSH,2021-06-25,21.84,22.33,21.67,22.19,55500,21.83,20.4,18.45,1.6196,8.7788,20.2817,0.0086,0.009,0.031
MSH,2021-06-28,22.19,22.19,21.81,21.95,51000,21.92,20.59,18.56,0.1265,6.5656,18.2504,-0.0037,-0.0038,0.0217
MSH,2021-06-29,21.91,21.91,21.6,21.67,58400,21.97,20.77,18.67,-1.3884,4.3319,16.0761,-0.011,-0.0122,0.0187
MSH,2021-06-30,21.67,21.7,20.97,21.15,83700,21.92,20.89,18.77,-3.5116,1.2448,12.6535,-0.0116,-0.0117,0.0166
MSH,2021-07-01,21.15,21.67,21.15,21.39,64800,21.87,21.0,18.89,-2.2032,1.874,13.2685,-0.001,-0.001,0.0138
MSH,2021-07-02,21.67,22.01,21.49,21.84,68000,21.89,21.14,19.01,-0.2059,3.321,14.9167,0.0059,0.0065,0.0128
MSH,2021-07-05,21.84,22.57,21.7,22.19,101400,21.87,21.3,19.14,1.4746,4.1921,15.9365,0.0026,0.0026,0.0092
MSH,2021-07-06,22.47,22.47,20.84,20.84,157600,21.73,21.38,19.24,-4.1161,-2.5221,8.3061,-0.0204,-0.0206,0.0106
MSH,2021-07-07,20.84,20.91,19.76,20.45,92600,21.59,21.43,19.32,-5.2361,-4.5693,5.8807,0.0038,0.0032,0.0081
MSH,2021-07-08,20.77,20.77,19.69,19.76,135600,21.34,21.47,19.38,-7.4074,-7.9457,1.9571,-0.0421,-0.0354,0.0111
MSH,2021-07-09,19.8,20.25,19.45,19.48,123700,21.07,21.45,19.43,-7.5354,-9.1791,0.2778,-0.0304,-0.0294,0.0132
MSH,2021-07-12,19.52,19.55,18.89,19.14,211900,20.79,21.35,19.47,-7.954,-10.3823,-1.7275,-0.0095,-0.0101,0.0138
MSH,2021-07-13,19.24,19.52,19.14,19.52,144600,20.58,21.27,19.52,-5.139,-8.2539,0.0143,0.0508,0.0532,0.0178
MSH,2021-07-14,19.52,20.11,19.41,19.76,76000,20.44,21.18,19.56,-3.3079,-6.6874,1.0382,0.0,0.0,0.0166
MSH,2021-07-15,19.59,20.25,19.59,19.9,72400,20.29,21.08,19.6,-1.9139,-5.5999,1.5059,-0.0013,-0.0013,0.0167
MSH,2021-07-16,20.25,20.25,19.9,20.07,78600,20.11,21.0,19.66,-0.1896,-4.4081,2.089,0.0,0.0,0.0161
MSH,2021-07-19,19.93,20.7,19.93,20.45,165600,19.94,20.9,19.72,2.5909,-2.1396,3.7005,0.0118,0.0132,0.017
MSH,2021-07-20,20.56,21.15,20.49,21.15,66600,19.97,20.85,19.8,5.9028,1.43,6.804,0.0135,0.0138,0.0163
MSH,2021-07-21,21.49,21.84,21.15,21.49,86300,20.07,20.83,19.88,7.0812,3.1957,8.1232,0.0,0.0,0.0159
MSH,2021-07-22,21.32,21.74,21.15,21.49,68400,20.25,20.79,19.95,6.1644,3.3678,7.7324,0.0041,0.0043,0.0121
MSH,2021-07-23,21.67,22.33,21.49,21.95,144000,20.49,20.78,20.03,7.0885,5.5968,9.5535,0.0029,0.003,0.0094
MSH,2021-07-26,21.98,21.98,21.18,21.91,75200,20.77,20.78,20.12,5.4916,5.4388,8.8904,0.0292,0.0289,0.0114
MSH,2021-07-27,22.01,22.29,21.91,22.29,98600,21.05,20.81,20.22,5.9133,7.1131,10.25,0.0402,0.0404,0.0103
MSH,2021-07-28,22.33,22.43,21.67,22.43,89600,21.31,20.88,20.32,5.2375,7.4483,10.3832,0.0519,0.0598,0.0155
MSH,2021-07-29,21.84,22.47,21.84,21.95,58700,21.52,20.9,20.41,1.9816,4.9838,7.5104,-0.0137,-0.015,0.0167
MSH,2021-07-30,21.95,22.64,21.84,22.64,121400,21.78,20.94,20.51,3.9644,8.0947,10.3749,0.0379,0.0442,0.0205
MSH,2021-08-02,22.95,24.2,22.95,24.2,230700,22.15,21.04,20.63,9.2503,14.9918,17.2754,0.0876,0.0986,0.0281
MSH,2021-08-03,24.62,25.31,24.1,24.2,153500,22.46,21.21,20.75,7.7659,14.0802,16.6015,-0.0329,-0.0355,0.03
MSH,2021-08-04,24.27,24.75,23.92,24.58,85600,22.76,21.42,20.88,7.9805,14.7621,17.7311,0.0175,0.0198,0.0318
MSH,2021-08-05,24.13,25.45,24.1,25.31,177200,23.15,21.7,21.02,9.3469,16.6507,20.3786,0.0347,0.0428,0.0348
MSH,2021-08-06,25.34,25.34,24.48,24.96,103200,23.45,21.97,21.16,6.4616,13.6184,17.9593,0.0029,0.0032,0.0348
MSH,2021-08-09,24.96,25.83,24.79,24.86,272100,23.74,22.26,21.3,4.7021,11.6909,16.7144,-0.0481,-0.0551,0.0367
MSH,2021-08-10,25.0,25.83,24.96,25.83,155900,24.1,22.57,21.45,7.1942,14.4305,20.406,0.0391,0.0467,0.0366
MSH,2021-08-11,25.66,26.7,25.66,26.24,164400,24.48,22.9,21.6,7.2238,14.6275,21.4971,0.0039,0.0048,0.0318
MSH,2021-08-12,26.28,26.7,26.28,26.52,149800,24.93,23.23,21.75,6.3682,14.1876,21.9551,0.005,0.0063,0.031
MSH,2021-08-13,26.42,26.52,25.66,26.52,100600,25.32,23.55,21.9,4.7371,12.6242,21.1171,0.0191,0.0236,0.0291
MSH,2021-08-16,26.52,27.56,26.04,27.39,299700,25.64,23.9,22.06,6.8145,14.6174,24.1319,0.0436,0.0556,0.0247
MSH,2021-08-17,28.01,28.01,27.04,27.28,70400,25.95,24.2,22.23,5.1436,12.7346,22.7654,-0.0084,-0.0094,0.0222
MSH,2021-08-18,27.04,28.08,26.87,27.04,181300,26.2,24.48,22.38,3.2292,10.4659,20.8291,-0.0486,-0.0588,0.0253
MSH,2021-08-19,26.87,27.84,25.72,27.28,167300,26.39,24.77,22.54,3.3758,10.1547,21.0285,0.0185,0.0225,0.0237
MSH,2021-08-20,26.73,27.25,26.04,26.31,113600,26.53,24.99,22.68,-0.8102,5.307,16.0479,-0.0095,-0.0121,0.0244
MSH,2021-08-23,26.14,27.08,26.0,26.8,78200,26.72,25.23,22.79,0.2854,6.2105,17.5987,0.0057,0.0071,0.0201
MSH,2021-08-24,26.83,26.83,26.0,26.42,42200,26.78,25.44,22.89,-1.3592,3.8501,15.3881,-0.0,-0.0,0.0162
MSH,2021-08-25,26.42,27.28,26.24,27.18,76300,26.88,25.68,23.0,1.1352,5.8601,18.1541,0.0189,0.0234,0.0177
MSH,2021-08-26,27.18,28.43,26.7,27.74,322000,27.0,25.97,23.12,2.7353,6.8162,19.9508,0.0222,0.0287,0.0194
MSH,2021-08-27,28.15,28.15,27.6,27.74,60600,27.12,26.22,23.24,2.2756,5.7781,19.3282,-0.0053,-0.0069,0.0181
MSH,2021-08-30,27.87,27.91,27.15,27.7,81100,27.15,26.4,23.35,2.0304,4.9452,18.6375,0.0085,0.0106,0.0146
MSH,2021-08-31,27.74,27.77,27.25,27.25,228100,27.15,26.55,23.45,0.3831,2.6445,16.2034,-0.0634,-0.0804,0.0201
MSH,2021-09-01,26.97,27.63,26.87,27.04,164900,27.15,26.67,23.55,-0.3832,1.3909,14.8139,-0.0224,-0.029,0.0174
MSH,2021-09-06,27.04,27.74,27.04,27.46,79500,27.16,26.78,23.66,1.0849,2.5375,16.0609,0.0027,0.0035,0.0159
MSH,2021-09-07,27.6,27.6,26.87,27.04,116600,27.24,26.88,23.76,-0.7128,0.5932,13.8354,-0.0112,-0.0153,0.016
MSH,2021-09-08,27.04,28.78,26.83,28.46,423800,27.4,27.06,23.89,3.8715,5.1755,19.1651,0.0925,0.1126,0.0247
MSH,2021-09-09,28.6,28.67,27.91,28.08,110400,27.57,27.18,24.01,1.8612,3.3361,16.9405,-0.0179,-0.0241,0.0265
MSH,2021-09-10,28.26,28.43,27.94,28.08,102600,27.66,27.27,24.15,1.5292,2.9879,16.2691,-0.0133,-0.0163,0.0259
MSH,2021-09-13,28.08,28.26,27.74,28.15,187700,27.7,27.35,24.29,1.627,2.9347,15.9073,0.0214,0.0287,0.0259
MSH,2021-09-14,28.39,29.82,28.39,29.12,230200,27.84,27.48,24.43,4.6077,5.9803,19.1895,0.0012,0.0018,0.0254
MSH,2021-09-15,29.47,30.02,29.3,29.82,149700,28.05,27.6,24.59,6.2909,8.0266,21.2702,0.0155,0.0225,0.0262
MSH,2021-09-16,29.82,29.85,28.6,29.85,174200,28.31,27.73,24.77,5.4372,7.6519,20.5275,0.0557,0.0668,0.0254
MSH,2021-09-17,29.88,29.88,29.16,29.82,85400,28.59,27.87,24.95,4.293,6.9918,19.4843,0.0162,0.0211,0.0248
MSH,2021-09-20,29.64,29.64,28.71,28.81,157100,28.72,27.94,25.13,0.3017,3.1017,14.6238,-0.0234,-0.0328,0.0268
MSH,2021-09-21,28.43,28.46,27.91,28.46,144200,28.87,28.05,25.31,-1.3932,1.4708,12.4411,0.035,0.0484,0.0292
MSH,2021-09-22,28.46,29.47,28.08,29.12,130000,28.93,28.17,25.51,0.6591,3.391,14.1429,0.0157,0.0256,0.0215
MSH,2021-09-23,29.33,29.64,28.78,28.91,55400,29.01,28.29,25.7,-0.3465,2.1996,12.499,-0.0067,-0.0107,0.0204
MSH,2021-09-24,28.53,29.33,28.26,28.88,91700,29.09,28.38,25.88,-0.7388,1.7715,11.5725,0.0045,0.0067,0.0195
MSH,2021-09-27,28.88,28.91,28.46,28.71,178000,29.15,28.43,26.06,-1.5223,0.9879,10.1533,0.0022,0.0032,0.0176
MSH,2021-09-28,28.43,28.88,28.43,28.84,67200,29.12,28.48,26.24,-0.9524,1.2781,9.9453,0.013,0.018,0.0188
MSH,2021-09-29,28.64,29.16,28.32,29.16,97100,29.06,28.55,26.41,0.346,2.1127,10.4022,0.036,0.0535,0.0208
MSH,2021-09-30,29.16,29.47,29.16,29.16,78400,28.99,28.65,26.57,0.586,1.7728,9.7367,-0.0339,-0.0428,0.0187
MSH,2021-10-01,29.43,30.09,29.19,30.06,434000,29.01,28.8,26.74,3.609,4.3698,12.4047,0.1046,0.1495,0.0275
MSH,2021-10-04,29.99,31.2,29.99,30.37,198500,29.17,28.95,26.92,4.1246,4.9228,12.8226,-0.0195,-0.0255,0.0271
MSH,2021-10-05,30.51,30.51,29.82,30.3,66000,29.35,29.11,27.09,3.2365,4.0972,11.8706,0.0074,0.0106,0.0243
MSH,2021-10-06,30.16,30.54,29.12,30.51,117800,29.49,29.21,27.26,3.4564,4.4448,11.9279,0.0339,0.0485,0.0262
MSH,2021-10-07,30.68,30.68,30.27,30.4,121700,29.64,29.33,27.42,2.5851,3.6766,10.8863,-0.0108,-0.0155,0.0266
MSH,2021-10-08,30.44,30.65,30.34,30.47,128800,29.8,29.45,27.58,2.2687,3.4909,10.491,-0.0047,-0.0069,0.0266
MSH,2021-10-11,30.51,30.58,30.34,30.37,114400,29.96,29.56,27.75,1.3537,2.7506,9.4453,-0.0185,-0.0255,0.0282
MSH,2021-10-12,30.16,30.51,29.88,30.16,191700,30.1,29.61,27.9,0.2189,1.8676,8.1094,-0.0064,-0.0089,0.0276
MSH,2021-10-13,30.16,30.61,30.16,30.37,110100,30.22,29.64,28.02,0.5048,2.4741,8.3756,-0.0026,-0.0035,0.0242
MSH,2021-10-14,30.37,30.65,30.34,30.51,187100,30.35,29.67,28.15,0.514,2.8278,8.3824,0.0059,0.0079,0.0214
MSH,2021-10-15,30.47,30.54,30.27,30.51,105400,30.4,29.7,28.27,0.365,2.7077,7.9278,0.0276,0.0409,0.0137
MSH,2021-10-18,30.54,30.58,30.16,30.58,88200,30.42,29.79,28.37,0.5243,2.6357,7.7713,0.0223,0.0331,0.014
MSH,2021-10-19,30.68,31.55,30.68,30.86,185300,30.47,29.91,28.49,1.2514,3.1525,8.2989,-0.0371,-0.0502,0.017
MSH,2021-10-20,31.24,31.24,29.85,30.82,65900,30.51,30.0,28.61,1.0342,2.7449,7.7262,0.0093,0.0148,0.0145
MSH,2021-10-21,30.82,30.86,30.16,30.86,119300,30.55,30.09,28.71,0.9987,2.5287,7.4698,0.0319,0.0432,0.0166
MSH,2021-10-22,30.51,31.55,30.37,30.54,171600,30.56,30.18,28.8,-0.0454,1.212,6.0653,-0.0317,-0.0436,0.0193
MSH,2021-10-25,30.54,30.86,30.27,30.34,115000,30.55,30.26,28.87,-0.7148,0.2521,5.0647,-0.0156,-0.0212,0.019
MSH,2021-10-26,30.3,30.37,29.99,30.37,67600,30.57,30.34,28.95,-0.669,0.1143,4.9052,0.0155,0.0218,0.02
MSH,2021-10-27,30.82,30.86,30.16,30.47,190200,30.59,30.4,29.01,-0.3627,0.2395,5.0405,-0.0039,-0.0046,0.0201
MSH,2021-10-28,30.4,31.41,30.34,31.1,118600,30.64,30.5,29.09,1.4821,1.9666,6.9104,0.012,0.016,0.0207
MSH,2021-10-29,31.2,31.2,30.68,31.17,44000,30.71,30.55,29.17,1.4902,2.0084,6.8457,0.0078,0.0108,0.0187
MSH,2021-11-01,32.17,32.17,30.86,30.92,251900,30.74,30.58,29.24,0.5864,1.1223,5.7498,-0.038,-0.0513,0.0203
MSH,2021-11-02,30.89,31.86,30.34,31.58,259000,30.82,30.65,29.35,2.4862,3.0601,7.6145,0.0299,0.0433,0.0196
MSH,2021-11-03,31.72,31.72,30.51,30.51,119900,30.79,30.65,29.42,-0.9009,-0.4469,3.6904,-0.0114,-0.0167,0.0198
MSH,2021-11-04,30.34,30.51,30.34,30.47,63500,30.75,30.65,29.5,-0.8908,-0.5712,3.2878,0.0084,0.0112,0.0174
MSH,2021-11-05,30.51,31.13,30.23,30.75,184400,30.77,30.66,29.58,-0.0563,0.2883,3.9762,0.0068,0.0094,0.0149
MSH,2021-11-08,31.86,31.86,30.86,31.1,399100,30.85,30.7,29.64,0.8205,1.2987,4.9098,-0.0461,-0.0627,0.018
MSH,2021-11-09,31.13,31.24,30.86,31.2,193000,30.93,30.75,29.71,0.8856,1.4656,5.0151,0.0302,0.0435,0.0195
MSH,2021-11-10,31.2,31.38,30.92,31.2,270200,31.0,30.79,29.78,0.6486,1.3285,4.7681,0.0124,0.0156,0.0203
MSH,2021-11-11,30.58,31.83,30.58,31.69,139400,31.06,30.85,29.87,2.0203,2.7082,6.0817,0.02,0.0288,0.0211
MSH,2021-11-12,31.69,32.55,31.69,32.55,135300,31.2,30.95,29.98,4.3449,5.1689,8.5825,0.025,0.0373,0.0228
MSH,2021-11-15,34.63,34.63,32.21,32.59,383200,31.37,31.05,30.08,3.9019,4.94,8.3274,-0.0486,-0.068,0.0239
MSH,2021-11-16,32.24,33.14,32.24,32.9,314800,31.5,31.16,30.2,4.4579,5.597,8.9402,0.0303,0.0413,0.0239
MSH,2021-11-17,32.87,32.94,31.9,32.83,155900,31.73,31.26,30.29,3.4746,5.0355,8.3971,0.0302,0.0408,0.0258
MSH,2021-11-18,32.83,33.49,32.8,33.28,441600,32.01,31.38,30.39,3.9749,6.0656,9.509,0.0262,0.0358,0.0276
MSH,2021-11-19,33.28,33.59,32.94,33.32,480400,32.27,31.52,30.5,3.2556,5.7089,9.2468,0.0113,0.0166,0.0281
MSH,2021-11-22,33.32,34.25,33.32,33.94,283100,32.55,31.7,30.61,4.2709,7.0764,10.872,0.0118,0.0192,0.0246
MSH,2021-11-23,33.8,33.84,32.94,33.46,29200,32.78,31.85,30.7,2.0732,5.034,8.978,0.0009,0.0012,0.0217
MSH,2021-11-24,33.46,33.56,32.97,33.46,25900,33.0,32.0,30.77,1.3762,4.5447,8.7202,0.0024,0.0035,0.0207
MSH,2021-11-25,33.98,33.98,32.94,33.04,86100,33.14,32.1,30.84,-0.2929,2.9325,7.1461,-0.0154,-0.0214,0.0202
MSH,2021-11-26,33.04,33.04,32.31,32.9,68500,33.17,32.19,30.9,-0.8152,2.2244,6.4833,0.0078,0.0106,0.0185
MSH,2021-11-29,32.73,33.63,32.17,33.49,44900,33.26,32.31,30.99,0.6879,3.6425,8.0633,0.007,0.009,0.0144
MSH,2021-11-30,33.8,33.8,32.94,33.11,36700,33.28,32.39,31.08,-0.5208,2.221,6.5135,-0.0041,-0.0059,0.0117
MSH,2021-12-01,32.42,32.94,32.42,32.83,28500,33.28,32.51,31.16,-1.3542,1.0026,5.3697,0.0041,0.0058,0.0091
MSH,2021-12-02,32.76,33.63,32.38,33.59,131600,33.31,32.66,31.25,0.843,2.8553,7.4947,0.0296,0.0399,0.0095
MSH,2021-12-03,33.59,33.59,32.59,32.59,26500,33.24,32.75,31.33,-1.9608,-0.5028,4.0306,-0.0033,-0.0044,0.0086
MSH,2021-12-06,32.59,33.28,32.24,32.59,47700,33.11,32.83,31.4,-1.5604,-0.7287,3.7734,-0.003,-0.0043,0.0078
MSH,2021-12-07,32.49,32.76,32.17,32.59,44700,33.02,32.9,31.48,-1.302,-0.9379,3.5265,0.0039,0.0055,0.0081
MSH,2021-12-08,32.59,33.28,32.59,33.21,26700,32.99,33.0,31.56,0.662,0.6514,5.2377,0.0055,0.0083,0.0084
MSH,2021-12-09,33.1,33.29,30.92,33.18,24600,33.01,33.07,31.64,0.5126,0.3175,4.8583,0.0066,0.0085,0.0075
MSH,2021-12-10,32.74,32.78,32.38,32.63,24600,32.98,33.08,31.69,-1.0599,-1.344,2.9661,0.002,0.0026,0.0069
MSH,2021-12-13,32.05,32.38,31.69,31.98,68500,32.83,33.05,31.72,-2.5985,-3.2342,0.7977,-0.0026,-0.0036,0.0065
MSH,2021-12-14,31.8,31.8,30.56,30.56,82400,32.58,32.93,31.73,-6.1912,-7.1986,-3.6902,-0.0199,-0.0263,0.0081
MSH,2021-12-15,30.45,30.45,29.14,29.21,106900,32.21,32.75,31.7,-9.3156,-10.7961,-7.8571,-0.0236,-0.0279,0.01
MSH,2021-12-16,29.1,30.38,29.1,30.38,70500,31.89,32.6,31.7,-4.7503,-6.8279,-4.1835,0.0132,0.0176,0.0084
MSH,2021-12-17,30.23,30.23,29.14,29.98,19600,31.63,32.44,31.69,-5.2287,-7.5818,-5.416,0.0019,0.0024,0.0082
MSH,2021-12-20,29.47,29.47,29.18,29.32,27600,31.3,32.2,31.67,-6.3313,-8.9522,-7.4209,-0.0,-0.0,0.0079
MSH,2021-12-21,29.32,29.39,29.1,29.1,43300,30.95,31.99,31.65,-5.9816,-9.0152,-8.0486,-0.0092,-0.0097,0.0085
MSH,2021-12-22,29.1,29.43,29.07,29.25,51800,30.56,31.78,31.63,-4.2857,-7.9549,-7.5233,-0.0,-0.0,0.0079
MSH,2021-12-23,29.1,29.1,28.01,28.38,62000,30.08,31.54,31.59,-5.6604,-10.0423,-10.1626,-0.0034,-0.0037,0.0076
MSH,2021-12-24,28.38,28.7,28.38,28.63,24700,29.68,31.33,31.55,-3.5303,-8.6164,-9.2484,0.0032,0.0041,0.0077
MSH,2021-12-27,28.74,28.81,28.56,28.81,12900,29.36,31.1,31.51,-1.8709,-7.344,-8.5695,0.0038,0.0041,0.0078
MSH,2021-12-28,29.47,29.47,28.38,28.67,23700,29.17,30.87,31.47,-1.7334,-7.1487,-8.9047,-0.0023,-0.0027,0.0061
MSH,2021-12-29,28.67,28.67,28.56,28.67,8200,29.12,30.67,31.43,-1.5492,-6.5182,-8.7798,0.0021,0.0024,0.0039
MSH,2021-12-30,28.34,28.78,28.34,28.78,13700,28.96,30.42,31.38,-0.6281,-5.4192,-8.3111,0.0034,0.0039,0.0029
MSH,2021-12-31,28.78,29.36,28.78,28.78,9900,28.84,30.23,31.35,-0.2144,-4.8227,-8.2077,-0.0025,-0.0029,0.003
MSH,2022-01-04,28.74,28.85,27.9,28.23,50000,28.73,30.02,31.31,-1.7348,-5.9496,-9.8273,-0.0035,-0.0036,0.0033
MSH,2022-01-05,28.38,28.56,28.01,28.34,63000,28.65,29.8,31.27,-1.0919,-4.9129,-9.3611,0.002,0.0021,0.0026
MSH,2022-01-06,27.03,28.23,27.03,27.65,48900,28.49,29.53,31.21,-2.9622,-6.3578,-11.4117,0.0003,0.0003,0.0026
MSH,2022-01-07,27.65,28.19,27.65,28.05,10700,28.46,29.27,31.15,-1.4445,-4.17,-9.9534,0.001,0.001,0.0024
MSH,2022-01-10,27.98,27.98,26.99,27.58,50900,28.35,29.02,31.08,-2.7457,-4.9649,-11.2671,0.0012,0.0013,0.0022
MSH,2022-01-11,27.54,27.54,26.56,26.56,51200,28.13,28.74,30.99,-5.5872,-7.6125,-14.3039,-0.0099,-0.0098,0.0028
MSH,2022-01-12,26.56,28.38,25.83,27.28,31900,27.99,28.58,30.9,-2.5214,-4.5376,-11.7111,0.0007,0.0007,0.0026
MSH,2022-01-13,27.28,28.38,27.25,28.01,50700,27.92,28.52,30.85,0.3127,-1.7857,-9.21,0.0026,0.0031,0.0027
MSH,2022-01-14,28.01,28.63,28.01,28.63,31200,27.91,28.43,30.82,2.5808,0.6909,-7.0945,0.0087,0.0091,0.0032
MSH,2022-01-17,29.83,29.83,27.36,27.36,51900,27.77,28.3,30.75,-1.4804,-3.3419,-11.0302,-0.0066,-0.0074,0.0036
MSH,2022-01-18,26.37,28.48,26.37,27.9,10000,27.74,28.23,30.68,0.6033,-1.1662,-9.0666,0.0011,0.0013,0.0034
MSH,2022-01-19,27.5,28.01,27.28,28.01,7700,27.7,28.18,30.62,1.1162,-0.5874,-8.5207,0.0022,0.0026,0.0034
MSH,2022-01-20,28.01,28.01,27.14,27.83,58400,27.72,28.11,30.55,0.3937,-0.9837,-8.9141,0.0076,0.0082,0.0041
MSH,2022-01-21,26.92,27.47,26.88,26.88,46200,27.6,28.03,30.46,-2.6094,-4.0945,-11.7322,-0.0131,-0.014,0.0054
MSH,2022-01-24,26.92,27.79,26.19,27.28,12200,27.58,27.96,30.35,-1.0554,-2.4327,-10.1073,0.0008,0.0009,0.0053
MSH,2022-01-25,27.28,27.39,26.92,27.39,5100,27.66,27.89,30.25,-0.9601,-1.7933,-9.4377,0.001,0.0011,0.0044
MSH,2022-01-26,27.47,27.98,26.27,27.25,17900,27.66,27.82,30.14,-1.4733,-2.0659,-9.5808,0.0007,0.0008,0.0044
MSH,2022-01-27,27.1,27.25,26.41,27.1,163800,27.56,27.74,30.02,-1.6761,-2.3143,-9.7204,0.0449,0.051,0.0087
MSH,2022-01-28,27.1,28.96,26.92,28.96,9000,27.6,27.75,29.93,4.9301,4.3387,-3.2614,0.0023,0.0029,0.008
MSH,2022-02-07,28.96,28.96,27.07,28.01,39000,27.66,27.72,29.83,1.2625,1.0698,-6.0883,0.0,0.0,0.0074
MSH,2022-02-08,28.16,28.74,28.01,28.41,84200,27.71,27.72,29.72,2.5204,2.48,-4.3923,0.0027,0.003,0.0075
MSH,2022-02-09,28.41,28.56,28.34,28.52,12600,27.76,27.73,29.62,2.7254,2.8399,-3.7053,0.0021,0.0023,0.0075
MSH,2022-02-10,29.1,29.18,27.68,28.74,445500,27.86,27.79,29.52,3.1736,3.4235,-2.6583,0.084,0.0893,0.0152
MSH,2022-02-11,28.38,28.78,28.38,28.7,58300,28.04,27.82,29.44,2.3745,3.171,-2.4951,0.0133,0.0139,0.0152
MSH,2022-02-14,28.74,28.96,28.74,28.78,24500,28.19,27.88,29.36,2.0909,3.2098,-1.9732,-0.0031,-0.0037,0.0154
MSH,2022-02-15,28.01,28.7,28.01,28.27,96900,28.27,27.97,29.25,-0.0257,1.0732,-3.3642,-0.0098,-0.0104,0.0163
MSH,2022-02-16,28.23,28.63,28.12,28.19,89800,28.37,28.01,29.15,-0.6156,0.6493,-3.2879,-0.0213,-0.0242,0.0184
MSH,2022-02-17,28.12,28.63,28.01,28.59,77300,28.52,28.04,29.07,0.2679,1.972,-1.6292,0.0263,0.0259,0.0165
MSH,2022-02-18,28.38,29.14,27.76,28.56,313900,28.48,28.04,28.97,0.281,1.8554,-1.4127,0.0151,0.017,0.0178
MSH,2022-02-21,28.78,29.83,28.74,29.83,201800,28.66,28.16,28.91,4.0873,5.9295,3.1794,0.0578,0.0711,0.0236
MSH,2022-02-22,29.79,30.27,28.74,29.79,150700,28.8,28.26,28.86,3.4613,5.4461,3.2532,0.0142,0.0161,0.0247
MSH,2022-02-23,29.72,29.83,29.36,29.36,130300,28.88,28.32,28.79,1.6501,3.6542,1.9687,-0.038,-0.0428,0.0283
MSH,2022-02-24,29.36,29.61,28.45,28.85,221400,28.89,28.37,28.7,-0.1511,1.6732,0.5044,-0.0163,-0.0188,0.0215
MSH,2022-02-25,29.36,29.36,28.48,29.1,64700,28.93,28.48,28.62,0.591,2.1711,1.6803,0.0069,0.0077,0.0209
MSH,2022-02-28,29.1,30.01,28.3,29.58,108800,29.01,28.6,28.56,1.9436,3.4154,3.5537,0.0135,0.0153,0.0219
MSH,2022-03-01,29.58,29.76,29.29,29.36,87000,29.12,28.7,28.51,0.812,2.3008,2.9783,-0.0137,-0.0159,0.0223
MSH,2022-03-02,29.39,29.39,28.74,28.92,93300,29.19,28.78,28.48,-0.9346,0.4866,1.5637,-0.0074,-0.009,0.0209
MSH,2022-03-03,28.45,29.47,28.41,29.47,93800,29.28,28.9,28.48,0.6336,1.9638,3.4615,0.0171,0.0195,0.02
MSH,2022-03-04,29.47,29.54,29.21,29.47,53100,29.37,28.92,28.46,0.322,1.874,3.5276,0.0071,0.0079,0.0192
MSH,2022-03-07,29.47,29.47,28.74,29.47,70800,29.34,29.0,28.45,0.4464,1.6184,3.5647,0.0182,0.0197,0.0152
MSH,2022-03-08,29.36,29.36,28.45,28.56,74200,29.21,29.0,28.44,-2.2416,-1.5427,0.4221,-0.0088,-0.0095,0.0147
MSH,2022-03-09,28.3,28.41,27.94,28.3,178400,29.11,28.99,28.42,-2.7622,-2.3839,-0.4173,0.0226,0.0236,0.0131
MSH,2022-03-10,28.34,29.03,27.47,28.88,70500,29.11,29.0,28.41,-0.7748,-0.4014,1.6567,0.0152,0.017,0.013
MSH,2022-03-11,28.56,28.92,28.27,28.59,55000,29.06,29.0,28.42,-1.6024,-1.3864,0.617,0.0,0.0,0.0123
MSH,2022-03-14,28.74,29.29,28.59,29.03,64900,29.0,29.01,28.43,0.0878,0.0752,2.1244,0.0034,0.0039,0.0113
MSH,2022-03-15,28.99,29.07,28.74,28.81,53300,28.95,29.04,28.43,-0.4775,-0.7705,1.3566,-0.0088,-0.0096,0.0108
MSH,2022-03-16,28.74,29.1,28.74,28.81,48900,28.94,29.07,28.43,-0.44,-0.8761,1.3462,-0.0105,-0.0122,0.0112
MSH,2022-03-17,29.07,29.21,28.92,29.21,64500,28.91,29.1,28.44,1.0317,0.3938,2.7143,0.018,0.0214,0.0112
MSH,2022-03-18,29.21,29.25,28.88,28.96,78300,28.86,29.12,28.44,0.3277,-0.5497,1.8059,-0.0144,-0.0148,0.012
MSH,2022-03-21,28.92,29.07,27.98,28.96,62200,28.81,29.07,28.45,0.505,-0.4004,1.7929,0.0137,0.0139,0.0115
MSH,2022-03-22,28.96,28.96,28.38,28.63,78800,28.82,29.02,28.46,-0.6564,-1.329,0.6136,-0.0021,-0.0023,0.0109
MSH,2022-03-23,28.63,28.63,28.34,28.34,81800,28.82,28.96,28.46,-1.6787,-2.1603,-0.4091,-0.02,-0.0216,0.0106
MSH,2022-03-24,28.38,28.88,28.38,28.52,17700,28.79,28.95,28.47,-0.9225,-1.4766,0.1686,-0.0019,-0.0019,0.0093
MSH,2022-03-25,28.56,29.69,28.48,29.69,92800,28.9,28.98,28.51,2.732,2.4418,4.1374,0.0225,0.0253,0.0115
MSH,2022-03-28,29.83,29.83,28.92,29.72,104700,28.96,28.98,28.55,2.6124,2.5416,4.1083,0.0157,0.0174,0.0128
MSH,2022-03-29,29.83,31.65,29.83,31.36,130600,29.22,29.09,28.64,7.3207,7.8174,9.4742,0.028,0.0323,0.0147
MSH,2022-03-30,31.21,31.76,30.92,31.36,104900,29.47,29.21,28.73,6.3935,7.3675,9.1637,0.001,0.0012,0.0137
MSH,2022-03-31,30.67,31.83,30.67,31.65,167200,29.72,29.32,28.8,6.5002,7.9605,9.8984,0.0313,0.0378,0.0151
MSH,2022-04-01,31.9,32.74,31.29,32.74,79300,30.1,29.48,28.88,8.7876,11.0631,13.3644,0.0184,0.0225,0.0155
MSH,2022-04-04,32.96,33.47,32.41,32.74,115100,30.47,29.64,28.99,7.437,10.4498,12.9433,-0.0094,-0.0112,0.015
MSH,2022-04-05,32.74,32.74,32.38,32.45,53100,30.86,29.84,29.08,5.1639,8.754,11.5893,-0.0093,-0.0111,0.0158
MSH,2022-04-06,32.45,32.45,31.29,31.83,98500,31.21,30.01,29.16,2.0051,6.0542,9.1757,-0.0013,-0.0015,0.0139
MSH,2022-04-07,31.83,32.74,31.83,32.01,81300,31.56,30.17,29.24,1.4526,6.1072,9.4854,-0.0101,-0.0123,0.0147
MSH,2022-04-08,32.01,34.23,32.01,34.23,301700,32.01,30.45,29.39,6.944,12.4119,16.4892,0.0574,0.0815,0.0182
MSH,2022-04-12,34.49,34.49,33.87,34.23,102300,32.46,30.71,29.53,5.4578,11.4599,15.941,0.0034,0.0049,0.017
MSH,2022-04-13,34.23,34.23,32.78,33.47,45400,32.67,30.95,29.65,2.4385,8.1526,12.889,-0.0005,-0.0007,0.0142
MSH,2022-04-14,33.47,35.8,32.92,35.72,438200,33.11,31.29,29.82,7.9002,14.1661,19.8116,0.1382,0.1812,0.028
MSH,2022-04-15,35.76,37.47,35.65,36.85,208800,33.63,31.67,30.01,9.5846,16.3499,22.7909,0.0171,0.0244,0.0265
MSH,2022-04-18,37.32,37.36,36.02,36.92,120300,34.05,32.07,30.17,8.4518,15.1316,22.3835,0.0073,0.0119,0.0254
MSH,2022-04-19,37.03,37.11,36.2,36.2,203200,34.39,32.43,30.34,5.2465,11.6034,19.3246,-0.0414,-0.0656,0.0286
MSH,2022-04-20,35.4,36.56,35.14,35.29,201900,34.68,32.77,30.47,1.7625,7.694,15.8015,-0.0326,-0.0527,0.031
MSH,2022-04-21,34.56,36.52,33.83,35.83,220300,35.08,33.14,30.62,2.1572,8.123,17.0306,0.0248,0.0372,0.0333
MSH,2022-04-22,35.83,36.34,33.36,33.36,299600,35.21,33.38,30.71,-5.2588,-0.0708,8.6235,-0.0822,-0.1101,0.0405
MSH,2022-04-25,32.74,32.92,31.03,31.03,213700,34.89,33.45,30.76,-11.0624,-7.2322,0.8894,-0.0366,-0.0545,0.0384
MSH,2022-04-26,29.1,33.1,28.88,33.1,210400,34.78,33.62,30.84,-4.8117,-1.5311,7.329,0.0374,0.0544,0.0418
MSH,2022-04-27,30.92,34.38,30.92,34.38,137900,34.87,33.77,30.97,-1.4084,1.799,11.0171,0.0499,0.0703,0.0468
MSH,2022-04-28,34.38,34.71,33.98,34.09,76500,34.71,33.91,31.08,-1.782,0.5311,9.6599,-0.0229,-0.0336,0.0352
MSH,2022-04-29,34.85,34.85,32.01,33.32,536500,34.35,33.99,31.18,-2.9969,-1.9639,6.877,-0.0143,-0.0202,0.0349
MSH,2022-05-04,33.25,33.25,30.99,30.99,403300,33.76,33.9,31.23,-8.1896,-8.5788,-0.7456,-0.1365,-0.1888,0.0479
MSH,2022-05-05,30.19,33.1,30.19,31.43,193700,33.28,33.84,31.26,-5.5634,-7.1117,0.5493,-0.0137,-0.0174,0.0451
MSH,2022-05-06,30.56,30.92,29.47,29.47,168600,32.7,33.69,31.25,-9.8899,-12.5317,-5.7153,-0.0441,-0.0584,0.0462
MSH,2022-05-09,29.47,29.47,27.43,27.43,309900,31.86,33.47,31.21,-13.9073,-18.0435,-12.1253,-0.0544,-0.0736,0.0492
MSH,2022-05-10,25.54,26.63,25.54,26.41,206900,31.17,33.19,31.17,-15.2562,-20.4209,-15.2562,0.0266,0.0315,0.0436
MSH,2022-05-11,26.56,26.96,25.87,26.05,121900,30.67,32.78,31.1,-15.0652,-20.5372,-16.2593,-0.0516,-0.0524,0.0451
MSH,2022-05-12,26.34,26.7,24.92,24.92,206200,29.85,32.31,31.01,-16.5143,-22.8821,-19.6443,-0.0459,-0.0566,0.046
MSH,2022-05-13,24.92,25.47,23.21,23.21,216200,28.73,31.8,30.89,-19.22,-27.0148,-24.8598,-0.036,-0.0465,0.0446
MSH,2022-05-16,23.61,24.81,23.61,23.65,240200,27.69,31.2,30.78,-14.5973,-24.2027,-23.1842,-0.0558,-0.071,0.0479
MSH,2022-05-17,24.23,25.28,23.65,25.28,76400,26.88,30.62,30.7,-5.954,-17.4241,-17.6423,0.015,0.0188,0.0479
MSH,2022-05-18,26.19,26.19,25.28,25.65,76500,26.35,30.05,30.62,-2.6646,-14.6644,-16.2489,-0.005,-0.0061,0.0348
MSH,2022-05-19,25.1,25.65,24.85,25.47,55300,25.75,29.52,30.54,-1.116,-13.7293,-16.625,0.0132,0.0157,0.0348
MSH,2022-05-20,25.47,25.83,25.14,25.5,54100,25.36,29.03,30.48,0.5739,-12.1499,-16.3385,0.0012,0.0015,0.0305
MSH,2022-05-23,25.5,25.54,24.92,24.92,73300,25.11,28.48,30.41,-0.739,-12.5104,-18.0661,-0.0289,-0.0365,0.0279
MSH,2022-05-24,24.92,25.43,24.01,24.37,92400,24.9,28.03,30.32,-2.1183,-13.0548,-19.6219,-0.0121,-0.0141,0.0265
MSH,2022-05-25,24.41,25.68,24.41,25.03,98000,24.8,27.73,30.25,0.9242,-9.7527,-17.2679,-0.0006,-0.0007,0.0214
MSH,2022-05-26,25.97,26.52,25.5,26.37,97200,24.95,27.4,30.2,5.7314,-3.7313,-12.6653,0.0291,0.0384,0.0197
MSH,2022-05-27,26.77,26.77,26.41,26.77,83900,25.3,27.02,30.16,5.8231,-0.8954,-11.2205,0.0391,0.0433,0.02
MSH,2022-05-30,26.96,27.98,26.96,27.83,111100,25.72,26.7,30.14,8.2037,4.2163,-7.6622,0.0377,0.0466,0.0182
MSH,2022-05-31,28.19,28.34,27.76,28.01,86800,25.99,26.44,30.12,7.7677,5.9512,-6.9846,-0.004,-0.0052,0.0171
MSH,2022-06-01,28.01,28.48,27.25,28.41,119500,26.27,26.31,30.1,8.1568,7.9923,-5.6216,0.0464,0.0547,0.0212
MSH,2022-06-02,28.38,29.83,28.34,29.1,145200,26.63,26.19,30.11,9.2747,11.1111,-3.3349,0.001,0.0014,0.02
MSH,2022-06-03,29.1,29.58,29.1,29.39,78600,27.02,26.19,30.12,8.7776,12.2378,-2.4178,0.0111,0.0136,0.021
MSH,2022-06-06,29.87,29.87,28.7,28.74,125600,27.4,26.25,30.13,4.8719,9.4638,-4.617,-0.0311,-0.0403,0.0212
MSH,2022-06-07,30.56,30.56,29.57,30.5,183400,28.02,26.46,30.17,8.8701,15.28,1.1008,0.0419,0.0559,0.0242
MSH,2022-06-08,30.67,32.63,30.67,32.63,127400,28.78,26.79,30.23,13.3892,21.8076,7.9436,0.0428,0.061,0.0284
MSH,2022-06-09,33.29,33.56,32.52,32.68,140900,29.41,27.18,30.29,11.1417,20.2681,7.9125,-0.0397,-0.0584,0.0295
MSH,2022-06-10,32.41,33.23,30.45,31.1,165400,29.84,27.57,30.28,4.2272,12.8074,2.7054,-0.0194,-0.0273,0.0275
MSH,2022-06-13,29.08,30.07,28.97,28.97,188100,29.96,27.84,30.24,-3.2751,4.0833,-4.1709,-0.031,-0.0462,0.0269
MSH,2022-06-14,28.43,29.52,27.12,29.3,146800,30.08,28.04,30.19,-2.6016,4.5051,-2.9373,0.0403,0.0546,0.0305
MSH,2022-06-15,30.01,30.01,27.39,28.21,113800,30.06,28.17,30.1,-6.1663,0.1551,-6.271,-0.011,-0.0174,0.0269
MSH,2022-06-16,29.19,30.17,28.43,30.17,102100,30.17,28.4,30.05,0.0111,6.241,0.4268,0.031,0.0483,0.0299
MSH,2022-06-17,29.19,31.16,28.92,31.05,117900,30.34,28.68,30.02,2.3438,8.2578,3.429,0.0221,0.0368,0.031
MSH,2022-06-20,30.83,32.19,30.01,30.78,147800,30.54,28.97,30.0,0.7683,6.2222,2.5923,-0.0086,-0.0148,0.0288
MSH,2022-06-21,30.56,31.59,29.47,30.17,105600,30.51,29.26,29.96,-1.091,3.1181,0.7149,-0.0089,-0.0146,0.0255
MSH,2022-06-22,30.56,30.99,28.1,28.1,225100,30.05,29.42,29.84,-6.4996,-4.4693,-5.8204,-0.0559,-0.0858,0.0268
MSH,2022-06-23,27.83,28.92,27.28,28.92,134000,29.68,29.54,29.73,-2.5556,-2.1103,-2.7309,0.0449,0.0677,0.0273
MSH,2022-06-24,28.16,29.3,28.16,28.16,41000,29.38,29.61,29.63,-4.1783,-4.9183,-4.9606,-0.0187,-0.0274,0.0272
MSH,2022-06-27,28.81,28.92,28.21,28.92,75000,29.38,29.67,29.49,-1.5602,-2.518,-1.9315,0.026,0.039,0.0267
MSH,2022-06-28,28.92,29.9,28.65,28.7,103300,29.32,29.7,29.33,-2.1031,-3.366,-2.1307,-0.036,-0.0506,0.0263
MSH,2022-06-29,28.37,28.92,28.21,28.81,50000,29.38,29.72,29.16,-1.9316,-3.0636,-1.2119,0.0199,0.0273,0.0272
MSH,2022-06-30,28.43,28.92,27.88,27.88,64400,29.15,29.66,29.0,-4.3429,-5.9917,-3.8444,-0.0165,-0.0261,0.0258
MSH,2022-07-01,27.99,27.99,25.95,26.3,181900,28.67,29.51,28.82,-8.2778,-10.862,-8.7356,-0.0361,-0.0546,0.0272
MSH,2022-07-04,26.96,26.96,26.22,26.25,46700,28.22,29.38,28.63,-6.9992,-10.6695,-8.315,-0.0229,-0.0317,0.0286
MSH,2022-07-05,26.25,26.25,24.55,24.55,111900,27.66,29.08,28.45,-11.2251,-15.5722,-13.6931,-0.0358,-0.0459,0.0313
MSH,2022-07-06,24.01,24.72,23.46,23.57,89600,27.21,28.63,28.3,-13.3574,-17.6672,-16.7086,-0.0207,-0.0263,0.0278
MSH,2022-07-07,23.46,23.95,22.94,23.57,76800,26.67,28.18,28.11,-11.6203,-16.3358,-16.1437,0.0114,0.0121,0.0244
MSH,2022-07-08,23.65,24.99,23.65,24.45,38900,26.3,27.84,27.91,-7.054,-12.1999,-12.419,0.0028,0.0038,0.0228
MSH,2022-07-11,24.45,24.47,23.63,24.01,38800,25.81,27.59,27.71,-6.9767,-12.9919,-13.3572,-0.0016,-0.0021,0.0204
MSH,2022-07-12,23.95,24.55,23.57,24.01,55400,25.34,27.33,27.52,-5.2541,-12.1493,-12.7708,-0.0023,-0.0029,0.017
MSH,2022-07-13,24.28,24.5,23.79,24.45,97500,24.9,27.14,27.39,-1.8405,-9.9317,-10.7602,0.0326,0.0473,0.0183
MSH,2022-07-14,24.45,24.45,23.79,24.28,50400,24.54,26.85,27.25,-1.0671,-9.5528,-10.8926,0.0087,0.0118,0.0175
MSH,2022-07-15,23.85,24.36,23.85,24.23,58800,24.34,26.51,27.15,-0.4484,-8.595,-10.7496,0.0082,0.0107,0.0147
MSH,2022-07-18,24.25,25.65,24.25,25.26,135100,24.24,26.23,27.1,4.2323,-3.6821,-6.7816,0.0238,0.0337,0.0148
MSH,2022-07-19,25.65,25.65,24.42,24.83,74600,24.27,25.96,27.07,2.3162,-4.3716,-8.2851,-0.0127,-0.0174,0.0125
MSH,2022-07-20,25.1,26.55,25.1,26.55,187100,24.56,25.88,27.08,8.0751,2.556,-1.9717,0.0637,0.0925,0.0168
MSH,2022-07-21,26.6,28.32,26.36,26.46,151500,24.85,25.76,27.11,6.4881,2.727,-2.3853,-0.052,-0.0758,0.0208
MSH,2022-07-22,26.74,26.74,25.76,26.03,50300,25.01,25.66,27.17,4.0689,1.4516,-4.1946,-0.0074,-0.0103,0.0213
MSH,2022-07-25,25.18,25.92,25.1,25.1,66900,25.12,25.46,27.2,-0.076,-1.4303,-7.7079,-0.0302,-0.041,0.0241
MSH,2022-07-26,25.13,25.62,23.74,24.55,113300,25.17,25.26,27.18,-2.4602,-2.7815,-9.6658,-0.0056,-0.0078,0.0245
MSH,2022-07-27,24.53,24.75,24.04,24.75,54400,25.2,25.05,27.16,-1.8186,-1.2306,-8.9028,0.0205,0.0283,0.0233
MSH,2022-07-28,25.86,25.86,24.75,24.99,77000,25.27,24.91,27.15,-1.1226,0.3286,-7.9667,-0.0135,-0.017,0.0238
MSH,2022-07-29,24.66,24.99,24.55,24.75,57100,25.33,24.83,27.14,-2.2945,-0.3461,-8.8202,-0.0024,-0.0027,0.0232
MSH,2022-08-01,24.75,24.75,24.01,24.55,146900,25.26,24.75,27.13,-2.7763,-0.7773,-9.4996,0.0149,0.0187,0.0223
MSH,2022-08-02,24.55,24.66,24.15,24.55,118000,25.23,24.75,27.14,-2.6711,-0.7773,-9.5116,0.0214,0.0282,0.0232
MSH,2022-08-03,24.53,24.77,22.86,24.01,407000,24.97,24.77,27.12,-3.8671,-3.0677,-11.4559,0.0197,0.0254,0.0188
MSH,2022-08-04,24.28,24.83,24.28,24.5,155800,24.78,24.82,27.08,-1.1231,-1.2699,-9.5196,-0.0101,-0.0116,0.0146
MSH,2022-08-05,24.75,24.75,24.39,24.45,79900,24.62,24.82,27.03,-0.7092,-1.4898,-9.5656,-0.0175,-0.0216,0.0156
MSH,2022-08-08,24.53,25.54,24.12,25.48,295700,24.66,24.89,26.98,3.3414,2.3842,-5.5661,0.0863,0.1085,0.0212
MSH,2022-08-09,25.7,26.16,25.4,25.65,260600,24.77,24.97,26.94,3.547,2.7042,-4.7925,-0.0341,-0.0444,0.024
MSH,2022-08-10,25.21,25.51,24.94,25.07,97700,24.8,25.0,26.87,1.1001,0.2837,-6.6882,-0.0167,-0.0215,0.0237
MSH,2022-08-11,25.15,25.26,24.34,24.39,402200,24.74,25.01,26.78,-1.4115,-2.4656,-8.9071,-0.0787,-0.1027,0.0302
MSH,2022-08-12,24.39,24.55,23.76,24.55,240000,24.72,25.02,26.68,-0.6732,-1.8753,-7.963,0.0734,0.088,0.0373
MSH,2022-08-15,24.55,24.55,24.17,24.39,164900,24.7,24.98,26.59,-1.27,-2.3591,-8.2776,0.007,0.0084,0.0365
MSH,2022-08-16,24.25,24.47,24.04,24.17,239900,24.67,24.95,26.47,-2.002,-3.1059,-8.6636,-0.036,-0.0411,0.038
MSH,2022-08-17,24.39,24.83,24.28,24.61,294700,24.73,24.85,26.31,-0.4745,-0.9716,-6.4471,0.0158,0.0186,0.0376
MSH,2022-08-18,24.75,24.75,24.12,24.23,142300,24.7,24.74,26.14,-1.911,-2.0678,-7.303,-0.0349,-0.0389,0.04
MSH,2022-08-19,24.23,24.5,23.74,24.12,136300,24.67,24.64,26.0,-2.2232,-2.1312,-7.2247,0.0,0.0,0.0383
MSH,2022-08-22,24.12,24.12,23.74,23.74,139000,24.49,24.58,25.89,-3.0857,-3.4138,-8.3245,-0.0457,-0.0529,0.0342
MSH,2022-08-23,23.46,24.01,23.19,23.55,155500,24.28,24.52,25.78,-3.0337,-3.9938,-8.656,-0.0046,-0.0055,0.0313
MSH,2022-08-24,23.74,24.12,23.71,23.82,139600,24.16,24.48,25.69,-1.4005,-2.6973,-7.2815,-0.0239,-0.0255,0.032
MSH,2022-08-25,23.87,24.09,23.74,24.09,238300,24.13,24.43,25.57,-0.147,-1.4014,-5.7731,0.0811,0.0922,0.0322
MSH,2022-08-26,24.12,24.34,24.01,24.06,169700,24.08,24.4,25.43,-0.0567,-1.3754,-5.3628,-0.0299,-0.0353,0.0279
MSH,2022-08-29,23.63,23.65,22.86,23.33,324900,23.97,24.34,25.28,-2.6861,-4.1534,-7.7192,0.0108,0.0115,0.0283
MSH,2022-08-30,23.44,23.52,22.92,22.94,195600,23.85,24.26,25.13,-3.7868,-5.41,-8.708,-0.0561,-0.0604,0.0303
MSH,2022-08-31,22.94,23.03,22.64,22.92,197900,23.68,24.2,25.03,-3.2147,-5.3094,-8.4389,0.034,0.0337,0.0321
MSH,2022-09-05,22.92,23.27,22.92,23.14,106200,23.57,24.13,24.91,-1.8405,-4.1375,-7.1377,0.0079,0.009,0.0294
MSH,2022-09-06,23.41,23.41,22.81,22.86,197800,23.44,24.06,24.81,-2.4787,-4.9563,-7.8412,-0.0528,-0.056,0.0347
MSH,2022-09-07,22.81,22.81,21.34,21.34,314700,23.2,23.85,24.66,-8.0541,-10.5366,-13.4707,-0.0472,-0.0482,0.0348
MSH,2022-09-08,21.34,21.55,21.2,21.23,171400,22.97,23.63,24.51,-7.601,-10.1617,-13.3881,-0.0378,-0.0437,0.0381
MSH,2022-09-09,21.55,21.55,20.6,20.68,177800,22.66,23.41,24.34,-8.7297,-11.6499,-15.051,-0.0356,-0.0362,0.0393
MSH,2022-09-12,20.79,21.17,20.74,21.14,97972,22.36,23.25,24.21,-5.4532,-9.0376,-12.6623,0.0341,0.0338,0.0346
MSH,2022-09-13,21.14,21.17,21.04,21.09,50982,22.07,23.07,24.11,-4.4263,-8.591,-12.511,-0.0052,-0.0052,0.0321
MSH,2022-09-14,20.52,20.82,20.41,20.74,163313,21.81,22.89,24.0,-4.9168,-9.4106,-13.5873,0.0246,0.026,0.0335
MSH,2022-09-15,20.74,21.06,20.52,20.68,66228,21.58,22.71,23.92,-4.1719,-8.9544,-13.5355,-0.0113,-0.0104,0.029
MSH,2022-09-16,20.65,20.68,20.03,20.19,177839,21.31,22.49,23.85,-5.2497,-10.2432,-15.3492,-0.0213,-0.0199,0.0278
MSH,2022-09-19,20.52,20.52,19.37,19.56,139380,20.95,22.26,23.77,-6.6284,-12.1216,-17.7035,-0.0188,-0.0193,0.0289
MSH,2022-09-20,19.59,19.75,19.32,19.64,111701,20.63,22.04,23.67,-4.7745,-10.858,-17.0239,0.0216,0.0215,0.0257
MSH,2022-09-21,19.37,19.81,19.37,19.67,52385,20.46,21.83,23.59,-3.8666,-9.9031,-16.603,0.0125,0.0125,0.0223
MSH,2022-09-22,19.48,20.08,19.43,19.97,46636,20.34,21.65,23.51,-1.7977,-7.7737,-15.0398,0.01,0.0101,0.0195
MSH,2022-09-23,19.92,20.19,19.89,20.08,43932,20.28,21.47,23.42,-0.9688,-6.4625,-14.2571,0.0037,0.0041,0.0163
MSH,2022-09-26,19.92,20.08,19.1,19.23,113150,20.09,21.22,23.32,-4.238,-9.3772,-17.513,-0.0178,-0.0175,0.0147
MSH,2022-09-27,18.96,19.51,18.96,19.43,42860,19.92,20.99,23.22,-2.4791,-7.4664,-16.3495,0.0109,0.0114,0.0152
MSH,2022-09-28,19.43,19.43,19.1,19.15,38465,19.76,20.78,23.1,-3.0788,-7.8498,-17.0879,-0.0084,-0.0085,0.0136
MSH,2022-09-29,19.21,19.62,19.15,19.34,74811,19.63,20.6,22.99,-1.4457,-6.1176,-15.8617,-0.0036,-0.004,0.0129
MSH,2022-09-30,18.8,19.1,18.06,18.66,113855,19.47,20.39,22.83,-4.1748,-8.4827,-18.2678,0.0044,0.0044,0.0112
MSH,2022-10-03,19.1,19.1,18.01,18.06,39124,19.32,20.14,22.66,-6.5368,-10.3102,-20.3101,-0.0079,-0.0086,0.0101
MSH,2022-10-04,18.69,18.69,17.46,18.06,132928,19.17,19.9,22.51,-5.7651,-9.228,-19.7459,-0.0009,-0.001,0.008
MSH,2022-10-05,18.17,18.63,18.01,18.33,101627,19.03,19.75,22.37,-3.6698,-7.1567,-18.0408,0.0021,0.0023,0.007
MSH,2022-10-06,17.9,18.31,17.46,18.06,56200,18.84,19.59,22.24,-4.1413,-7.7994,-18.7889,0.0058,0.0066,0.0065
MSH,2022-10-07,17.62,17.68,16.81,16.81,243150,18.51,19.4,22.08,-9.2249,-13.3493,-23.8886,-0.0408,-0.0464,0.0102
MSH,2022-10-10,16.37,17.02,16.37,16.75,89316,18.27,19.18,21.92,-8.2898,-12.6414,-23.5653,0.0047,0.0047,0.0089
MSH,2022-10-11,16.48,16.86,16.4,16.4,104725,17.96,18.94,21.75,-8.7181,-13.4318,-24.6092,-0.0213,-0.0247,0.01
MSH,2022-10-12,16.4,16.86,16.4,16.75,30866,17.72,18.74,21.59,-5.4803,-10.6194,-22.4218,0.005,0.0055,0.0096
MSH,2022-10-13,16.86,17.32,16.86,17.27,108625,17.52,18.57,21.45,-1.4019,-7.0075,-19.478,0.0431,0.0416,0.0136
MSH,2022-10-14,17.92,17.92,17.46,17.46,42649,17.4,18.44,21.32,0.3764,-5.2834,-18.0873,-0.0177,-0.0183,0.0149
MSH,2022-10-17,17.46,18.66,17.3,18.22,110464,17.41,18.37,21.19,4.6694,-0.7798,-13.9973,0.0141,0.0152,0.0155
MSH,2022-10-18,18.66,19.29,18.66,19.29,127677,17.53,18.35,21.09,10.0047,5.1145,-8.531,0.0411,0.0493,0.0196
MSH,2022-10-19,19.29,19.59,18.72,19.15,104321,17.62,18.32,20.96,8.7192,4.5187,-8.6294,-0.0,-0.0,0.0194
MSH,2022-10-20,19.15,19.94,19.15,19.92,146655,17.8,18.32,20.85,11.8774,8.7037,-4.4628,0.0707,0.0802,0.0258
MSH,2022-10-21,20.13,20.13,18.69,18.83,154820,18.0,18.26,20.72,4.5613,3.1005,-9.1531,-0.0219,-0.0278,0.024
MSH,2022-10-24,18.03,19.1,18.03,18.99,150946,18.23,18.25,20.61,4.176,4.067,-7.8829,0.026,0.0369,0.0261
MSH,2022-10-25,19.04,19.32,18.5,19.1,207939,18.5,18.23,20.5,3.2449,4.7591,-6.8604,0.0249,0.0345,0.0265
MSH,2022-10-26,19.26,19.43,18.55,19.07,267507,18.73,18.23,20.4,1.8208,4.6329,-6.5083,0.0217,0.0332,0.0281
MSH,2022-10-27,19.07,20.24,18.83,20.24,135611,19.03,18.27,20.32,6.3952,10.7959,-0.3733,0.0272,0.0391,0.0265
MSH,2022-10-28,20.63,20.63,19.92,20.19,66498,19.3,18.35,20.23,4.6084,10.0372,-0.2077,-0.0043,-0.0062,0.0252
MSH,2022-10-31,19.86,20.3,19.86,20.16,99322,19.49,18.45,20.15,3.429,9.263,0.0596,0.0097,0.014,0.0247
MSH,2022-11-01,20.57,20.74,20.08,20.08,42591,19.57,18.55,20.07,2.5927,8.2273,0.0544,-0.0139,-0.0188,0.022
MSH,2022-11-02,20.08,20.41,19.92,20.41,159769,19.7,18.66,20.0,3.6011,9.3807,2.0241,0.0605,0.0775,0.0281
MSH,2022-11-03,20.19,20.41,20.19,20.35,43518,19.74,18.77,19.94,3.0956,8.4224,2.0771,0.0111,0.0154,0.0221
MSH,2022-11-04,19.92,20.19,19.15,20.19,83290,19.88,18.94,19.87,1.5646,6.5898,1.626,0.0184,0.0283,0.0218
MSH,2022-11-07,19.97,20.08,19.37,19.59,94967,19.94,19.08,19.78,-1.7515,2.6521,-0.9464,-0.0079,-0.0127,0.02
MSH,2022-11-08,19.13,19.13,18.61,18.77,56448,19.91,19.2,19.67,-5.7018,-2.245,-4.5743,-0.0054,-0.0076,0.018
MSH,2022-11-09,19.15,19.64,19.15,19.64,55077,19.96,19.35,19.6,-1.599,1.5371,0.2394,0.0195,0.0298,0.0178
MSH,2022-11-10,18.83,19.48,18.8,18.83,252809,19.82,19.42,19.51,-5.0241,-3.0831,-3.5316,-0.0425,-0.0684,0.0193
MSH,2022-11-11,19.15,19.15,18.93,19.1,66609,19.71,19.51,19.44,-3.1142,-2.091,-1.7488,0.0073,0.0119,0.0196
MSH,2022-11-14,19.62,19.62,18.28,18.55,78483,19.55,19.52,19.35,-5.1074,-4.9682,-4.1038,-0.0119,-0.0206,0.0199
MSH,2022-11-15,18.55,18.74,18.12,18.5,110344,19.39,19.48,19.26,-4.6145,-5.0553,-3.9524,0.0052,0.0092,0.019
MSH,2022-11-16,18.5,19.78,18.01,19.78,89028,19.33,19.51,19.23,2.3289,1.3632,2.8719,0.01,0.0169,0.0139
MSH,2022-11-17,20.19,20.35,19.81,20.3,74467,19.32,19.53,19.21,5.0402,3.9179,5.6698,0.0141,0.0234,0.0142
MSH,2022-11-18,20.3,20.41,19.92,20.41,79942,19.35,19.61,19.2,5.4858,4.0551,6.2681,0.0131,0.0244,0.0137
MSH,2022-11-21,20.35,20.52,20.08,20.08,91361,19.4,19.67,19.18,3.5307,2.1017,4.6793,-0.0273,-0.0457,0.0156
MSH,2022-11-22,19.75,20.35,19.75,20.19,61879,19.54,19.72,19.16,3.3375,2.3725,5.3471,0.0048,0.0067,0.0156
MSH,2022-11-23,20.19,20.27,20.03,20.19,43560,19.59,19.78,19.15,3.0497,2.083,5.4071,0.0037,0.007,0.014
MSH,2022-11-24,20.13,20.3,20.08,20.24,49066,19.73,19.78,19.14,2.5854,2.359,5.7402,0.0074,0.0118,0.0105
MSH,2022-11-25,20.24,20.52,20.08,20.52,79043,19.88,19.79,19.15,3.2258,3.6527,7.1286,0.0153,0.0257,0.0113
MSH,2022-11-28,21.66,21.66,20.57,20.82,105432,20.1,19.83,19.18,3.5559,4.9952,8.5534,-0.0089,-0.0133,0.011
MSH,2022-11-29,21.28,21.28,20.19,20.74,127216,20.33,19.86,19.2,2.0134,4.4099,8.0036,-0.0,-0.0,0.0105
MSH,2022-11-30,20.46,20.52,20.19,20.52,100931,20.4,19.86,19.22,0.5751,3.2825,6.7727,0.0195,0.0274,0.0114
MSH,2022-12-01,20.74,21.28,20.46,21.28,207476,20.5,19.91,19.24,3.8201,6.8786,10.5975,0.0249,0.0407,0.0125
MSH,2022-12-02,21.23,21.83,21.01,21.83,102320,20.64,19.99,19.28,5.7502,9.1703,13.2279,0.0112,0.0169,0.0123
MSH,2022-12-05,22.13,22.13,21.66,21.8,114513,20.81,20.1,19.33,4.7457,8.4345,12.7862,-0.0072,-0.0103,0.0103
MSH,2022-12-06,21.66,21.8,21.06,21.06,136841,20.9,20.22,19.36,0.7833,4.1765,8.7906,-0.0113,-0.0185,0.0109
MSH,2022-12-07,21.47,21.47,21.01,21.23,59745,21.0,20.3,19.4,1.0652,4.5769,9.4018,-0.0007,-0.0012,0.0106
MSH,2022-12-08,21.87,21.87,20.96,21.58,56643,21.14,20.43,19.45,2.0868,5.5887,10.9536,0.0036,0.0055,0.0102
MSH,2022-12-09,21.81,21.81,21.11,21.58,48947,21.24,20.56,19.5,1.5774,4.9522,10.6219,0.0039,0.0055,0.0091
MSH,2022-12-12,21.08,21.29,20.76,20.76,130555,21.24,20.67,19.56,-2.24,0.4417,6.1425,-0.018,-0.0291,0.01
MSH,2022-12-13,20.53,20.7,19.71,19.83,124375,21.15,20.74,19.59,-6.2329,-4.3801,1.1893,-0.0154,-0.0215,0.0116
MSH,2022-12-14,19.94,20.79,19.94,20.53,80279,21.15,20.77,19.64,-2.9282,-1.1832,4.5267,0.0069,0.0109,0.0103
MSH,2022-12-15,20.53,20.88,20.21,20.38,51748,21.06,20.78,19.68,-3.206,-1.9046,3.5397,-0.0072,-0.0098,0.0085
MSH,2022-12-16,20.12,20.35,20.0,20.0,102341,20.87,20.76,19.75,-4.176,-3.635,1.2852,-0.0218,-0.0284,0.0096
MSH,2022-12-19,19.83,20.29,19.59,20.12,118651,20.71,20.76,19.82,-2.8352,-3.0821,1.5296,0.0082,0.0119,0.0097
MSH,2022-12-20,20.12,20.12,19.04,19.24,80137,20.52,20.71,19.87,-6.2363,-7.0844,-3.163,-0.0083,-0.0121,0.0094
MSH,2022-12-21,18.72,19.24,18.66,19.24,118463,20.33,20.66,19.92,-5.322,-6.8718,-3.4053,0.0314,0.0451,0.0125
MSH,2022-12-22,19.24,19.24,18.66,18.78,54753,20.05,20.59,19.95,-6.3273,-8.806,-5.8895,-0.0143,-0.0185,0.0135
MSH,2022-12-23,18.78,19.27,18.78,19.21,62329,19.81,20.53,19.99,-3.0027,-6.3859,-3.8664,0.0214,0.0299,0.0153
MSH,2022-12-26,19.19,19.3,18.78,19.07,90226,19.64,20.44,20.0,-2.9097,-6.699,-4.6764,0.0018,0.0029,0.0137
MSH,2022-12-27,19.01,19.07,18.89,18.98,52942,19.56,20.35,20.0,-2.9372,-6.7269,-5.0844,0.0,0.0,0.0121
MSH,2022-12-28,19.24,19.24,19.1,19.1,50111,19.41,20.28,20.0,-1.6221,-5.8256,-4.4961,-0.0257,-0.0331,0.014
MSH,2022-12-29,19.19,19.89,19.16,19.71,87123,19.35,20.2,19.99,1.8839,-2.4286,-1.4138,0.0189,0.0273,0.0152
MSH,2022-12-30,19.71,19.77,19.13,19.24,123740,19.27,20.07,20.0,-0.1362,-4.1252,-3.7875,-0.0351,-0.0482,0.0165
MSH,2023-01-03,19.01,19.3,18.89,18.95,160442,19.15,19.93,20.0,-1.0504,-4.9036,-5.2418,-0.0239,-0.0334,0.0181
MSH,2023-01-04,18.95,19.16,18.72,18.75,49850,19.1,19.81,19.99,-1.8621,-5.3784,-6.2296,-0.0119,-0.0169,0.0184
MSH,2023-01-05,18.95,18.95,18.43,18.52,75249,19.03,19.68,19.98,-2.7118,-5.912,-7.3447,-0.0176,-0.022,0.0171
MSH,2023-01-06,18.6,18.95,18.6,18.69,74603,19.02,19.53,19.95,-1.7474,-4.3212,-6.3235,-0.0096,-0.0133,0.0166
MSH,2023-01-09,19.1,19.24,18.89,19.1,84916,19.01,19.41,19.93,0.4601,-1.6073,-4.1728,0.0056,0.0079,0.015
MSH,2023-01-10,19.13,19.13,18.95,19.13,37666,19.02,19.33,19.91,0.5827,-1.0409,-3.9267,0.0191,0.0255,0.0167
MSH,2023-01-11,19.24,19.24,19.07,19.1,27083,19.03,19.29,19.89,0.3678,-1.0051,-3.9785,-0.0065,-0.0087,0.0174
MSH,2023-01-12,19.1,19.1,18.95,18.98,32663,19.02,19.21,19.86,-0.184,-1.214,-4.4278,-0.0088,-0.0117,0.0157
MSH,2023-01-13,19.1,19.27,19.01,19.01,34253,18.95,19.15,19.83,0.3385,-0.7082,-4.1515,-0.012,-0.0168,0.015
MSH,2023-01-16,19.01,19.13,18.49,19.07,15035,18.93,19.1,19.81,0.7394,-0.1603,-3.7487,0.0059,0.0077,0.0121
MSH,2023-01-17,18.89,19.36,18.89,19.36,50328,18.97,19.06,19.81,2.0596,1.5679,-2.2545,0.0103,0.0138,0.0107
MSH,2023-01-18,19.13,19.77,19.13,19.77,56929,19.07,19.09,19.83,3.6539,3.5668,-0.2941,0.0186,0.0258,0.0114
MSH,2023-01-19,19.83,19.94,19.42,19.59,34184,19.18,19.11,19.83,2.1587,2.5563,-1.1715,-0.0036,-0.0048,0.01
MSH,2023-01-27,19.65,19.89,19.62,19.86,20628,19.3,19.16,19.85,2.9012,3.6372,0.0481,0.0045,0.0059,0.0095
MSH,2023-01-30,20.12,20.12,19.24,19.8,33050,19.37,19.19,19.86,2.2282,3.1758,-0.3161,0.002,0.0028,0.0091
MSH,2023-01-31,19.54,19.74,19.54,19.74,46329,19.43,19.22,19.88,1.6059,2.6925,-0.7284,0.0084,0.011,0.0081
MSH,2023-02-01,19.74,20.7,19.74,20.29,213340,19.55,19.29,19.92,3.8186,5.2154,1.8736,0.0038,0.0056,0.0078
MSH,2023-02-02,20.29,20.29,19.71,19.83,36860,19.63,19.32,19.92,0.9951,2.6028,-0.473,-0.007,-0.0099,0.0076
MSH,2023-02-03,19.86,19.86,19.42,19.68,40963,19.7,19.32,19.91,-0.0888,1.856,-1.1436,0.0028,0.0033,0.0067
MSH,2023-02-06,19.68,19.68,19.24,19.24,70204,19.72,19.32,19.89,-2.3957,-0.4074,-3.2273,-0.0264,-0.0323,0.0087
MSH,2023-02-07,19.27,19.51,19.19,19.19,60306,19.7,19.33,19.87,-2.6051,-0.7691,-3.4337,-0.0129,-0.018,0.009
MSH,2023-02-08,19.16,19.27,19.1,19.24,61684,19.65,19.36,19.85,-2.0481,-0.5949,-3.0479,0.0182,0.021,0.009
MSH,2023-02-09,19.24,19.62,19.24,19.24,40201,19.61,19.4,19.83,-1.8733,-0.7817,-2.9555,-0.0149,-0.0186,0.0101
MSH,2023-02-10,19.24,19.56,19.24,19.36,26007,19.56,19.43,19.81,-1.0285,-0.3527,-2.2803,-0.0025,-0.0036,0.0099
MSH,2023-02-13,19.04,19.19,18.72,18.78,27740,19.46,19.41,19.78,-3.5062,-3.2743,-5.057,-0.0052,-0.0079,0.0102
MSH,2023-02-14,18.78,19.51,18.78,19.21,16348,19.41,19.42,19.75,-0.9916,-1.0436,-2.6879,0.0019,0.0027,0.0096
MSH,2023-02-15,19.24,19.24,19.1,19.24,24453,19.3,19.42,19.72,-0.3021,-0.9306,-2.3929,0.0086,0.0116,0.0101
MSH,2023-02-16,19.3,20.41,19.24,20.09,204300,19.33,19.48,19.71,3.9372,3.1283,1.9401,0.0303,0.0422,0.0124
MSH,2023-02-17,20.35,20.35,20.06,20.09,24966,19.37,19.53,19.68,3.7182,2.8435,2.0634,-0.0089,-0.0125,0.013
MSH,2023-02-20,19.71,20.47,19.71,20.47,128120,19.49,19.6,19.66,5.0112,4.4099,4.1328,0.0212,0.0308,0.0125
MSH,2023-02-21,20.47,20.47,20.12,20.38,91200,19.61,19.66,19.63,3.9251,3.6938,3.8376,0.0091,0.0136,0.0121
MSH,2023-02-22,20.12,20.35,19.83,19.91,62900,19.68,19.66,19.61,1.2002,1.2827,1.5795,-0.0059,-0.009,0.0109
MSH,2023-02-23,19.83,19.83,19.3,19.48,61820,19.7,19.66,19.57,-1.1396,-0.9123,-0.4738,-0.004,-0.0057,0.0098
MSH,2023-02-24,19.77,19.77,19.3,19.48,18725,19.71,19.64,19.53,-1.198,-0.8166,-0.2598,-0.0015,-0.0023,0.0097
MSH,2023-02-27,19.62,19.62,18.98,19.04,61563,19.74,19.6,19.48,-3.5451,-2.8563,-2.2455,-0.0138,-0.0204,0.0105
MSH,2023-02-28,19.07,19.21,18.92,19.07,26303,19.73,19.57,19.44,-3.3259,-2.5408,-1.9255,0.0,0.0,0.0103
MSH,2023-03-01,19.07,19.42,19.07,19.39,25728,19.74,19.52,19.43,-1.7725,-0.6722,-0.2311,0.005,0.0073,0.01
MSH,2023-03-02,19.27,19.36,19.24,19.24,10605,19.66,19.49,19.41,-2.0917,-1.2715,-0.8503,-0.0058,-0.0084,0.0075
MSH,2023-03-03,19.24,19.24,19.04,19.04,11446,19.55,19.46,19.38,-2.61,-2.1576,-1.7661,-0.0035,-0.0052,0.007
MSH,2023-03-06,19.71,19.71,19.04,19.04,13144,19.41,19.45,19.36,-1.893,-2.1063,-1.6685,-0.0049,-0.007,0.0053
MSH,2023-03-07,19.36,19.36,18.98,19.36,25164,19.31,19.46,19.35,0.287,-0.502,0.0663,0.0108,0.0152,0.0055
MSH,2023-03-08,19.36,19.36,19.07,19.24,13500,19.24,19.46,19.35,0.0303,-1.1014,-0.5365,0.0006,0.0008,0.005
MSH,2023-03-09,19.24,19.36,19.16,19.3,46522,19.22,19.46,19.35,0.4247,-0.8165,-0.2411,0.0061,0.0083,0.0052
MSH,2023-03-10,19.13,20.35,19.13,20.18,45175,19.29,19.5,19.38,4.5949,3.4611,4.129,0.0127,0.0172,0.0063
MSH,2023-03-13,19.65,19.65,19.3,19.62,12625,19.35,19.54,19.39,1.4165,0.4028,1.2274,0.0034,0.0046,0.0053
MSH,2023-03-14,19.59,19.59,19.13,19.48,22404,19.39,19.56,19.39,0.4511,-0.41,0.433,0.003,0.0044,0.0056
MSH,2023-03-15,19.48,19.59,19.36,19.54,9820,19.4,19.57,19.4,0.6762,-0.1862,0.6762,0.0011,0.0016,0.0052
MSH,2023-03-16,19.3,19.42,19.21,19.42,19701,19.42,19.54,19.41,-0.015,-0.6119,0.042,0.0076,0.0109,0.0054
MSH,2023-03-17,19.24,19.56,19.24,19.33,4920,19.45,19.5,19.4,-0.6146,-0.8672,-0.3697,-0.0007,-0.0009,0.0051
MSH,2023-03-20,19.48,19.48,19.13,19.13,10443,19.46,19.43,19.4,-1.7081,-1.5754,-1.4097,-0.0026,-0.0035,0.0049
MSH,2023-03-21,19.19,19.19,19.07,19.16,9729,19.44,19.37,19.41,-1.4549,-1.1138,-1.2802,0.0019,0.0024,0.004
MSH,2023-03-22,19.24,19.24,19.04,19.13,17938,19.43,19.33,19.41,-1.5458,-1.0632,-1.4689,-0.0011,-0.0013,0.004
MSH,2023-03-23,19.13,19.19,19.01,19.19,6101,19.42,19.32,19.43,-1.1864,-0.6867,-1.2368,0.0023,0.003,0.0036
MSH,2023-03-24,19.19,19.45,19.13,19.24,9731,19.32,19.31,19.44,-0.4074,-0.3247,-0.9931,-0.001,-0.0014,0.0025
MSH,2023-03-27,19.13,19.3,19.13,19.3,24787,19.29,19.32,19.44,0.0604,-0.0906,-0.7139,0.0088,0.0128,0.003
MSH,2023-03-28,19.3,19.3,18.95,18.95,23254,19.24,19.31,19.44,-1.4853,-1.872,-2.4961,-0.0053,-0.0077,0.0032
MSH,2023-03-29,18.98,19.24,18.89,18.89,29500,19.17,19.29,19.43,-1.4599,-2.0482,-2.7757,-0.0142,-0.0177,0.0046
MSH,2023-03-30,19.13,19.21,19.01,19.13,38030,19.14,19.28,19.44,-0.0914,-0.8089,-1.5901,0.0014,0.002,0.0039
MSH,2023-03-31,19.13,19.24,18.95,19.24,29800,19.14,19.29,19.44,0.5638,-0.2569,-1.0138,0.0095,0.0119,0.0048
MSH,2023-04-03,19.42,19.54,19.21,19.3,48926,19.15,19.31,19.45,0.7764,-0.0227,-0.7377,-0.0041,-0.0065,0.005
MSH,2023-04-04,19.3,19.39,19.24,19.39,63608,19.18,19.31,19.45,1.1099,0.4228,-0.2909,0.0136,0.0193,0.0061
MSH,2023-04-05,19.39,19.83,19.39,19.65,8547,19.23,19.33,19.44,2.1986,1.6744,1.0707,0.0004,0.0006,0.0061
MSH,2023-04-06,19.42,19.54,19.27,19.42,29292,19.25,19.33,19.44,0.8632,0.4373,-0.111,0.0004,0.0006,0.0059
MSH,2023-04-07,19.42,19.54,19.42,19.54,37645,19.28,19.3,19.43,1.3156,1.2084,0.5221,0.0088,0.0134,0.0066
MSH,2023-04-10,19.54,19.97,19.51,19.94,108733,19.35,19.32,19.44,3.0897,3.2375,2.6072,0.0155,0.0239,0.0073
MSH,2023-04-11,19.83,19.83,19.42,19.56,22495,19.41,19.32,19.43,0.8113,1.2524,0.6752,-0.0012,-0.0017,0.0069
MSH,2023-04-12,19.56,19.94,19.39,19.74,52019,19.49,19.33,19.42,1.2715,2.1039,1.6334,0.0037,0.0053,0.0059
MSH,2023-04-13,19.8,20.18,19.8,20.12,140116,19.59,19.37,19.43,2.6939,3.8766,3.5539,0.0235,0.0345,0.0081
MSH,2023-04-14,20.12,20.41,19.83,19.83,59814,19.65,19.39,19.43,0.9052,2.2403,2.0377,-0.0088,-0.0134,0.008
MSH,2023-04-17,19.83,19.83,19.24,19.74,29221,19.69,19.42,19.44,0.2369,1.6288,1.5358,0.0088,0.0127,0.0085
MSH,2023-04-18,19.74,19.89,19.59,19.89,38306,19.74,19.46,19.46,0.7237,2.1876,2.2121,0.0109,0.0162,0.0082
MSH,2023-04-19,19.89,19.89,19.59,19.59,28871,19.74,19.48,19.46,-0.7239,0.5687,0.6772,-0.007,-0.0102,0.0089
MSH,2023-04-20,19.71,20.38,19.71,20.18,70856,19.81,19.53,19.48,1.8396,3.299,3.5742,0.0158,0.0226,0.0104
MSH,2023-04-21,20.18,20.41,19.74,19.94,33312,19.85,19.57,19.49,0.4553,1.9222,2.3156,-0.0041,-0.0059,0.0099
MSH,2023-04-24,19.83,19.89,19.36,19.36,29676,19.8,19.57,19.5,-2.1947,-1.0727,-0.7355,-0.0111,-0.0168,0.0095
MSH,2023-04-25,19.36,19.54,19.13,19.19,64448,19.76,19.58,19.5,-2.8926,-2.025,-1.6295,-0.013,-0.0192,0.0107
MSH,2023-04-26,19.19,19.59,19.19,19.51,18711,19.73,19.61,19.51,-1.1525,-0.5426,-0.0119,0.003,0.0041,0.0106
MSH,2023-04-27,19.51,19.91,19.24,19.36,57298,19.66,19.62,19.49,-1.5129,-1.3446,-0.685,-0.0151,-0.0201,0.0098
MSH,2023-04-28,19.27,19.71,19.27,19.65,23023,19.64,19.65,19.49,0.0594,0.0371,0.8559,0.0048,0.0064,0.0094
MSH,2023-05-04,19.36,19.71,19.19,19.24,66783,19.59,19.64,19.46,-1.7711,-2.0263,-1.1147,-0.0149,-0.0212,0.01
MSH,2023-05-05,19.24,19.3,19.16,19.24,18488,19.53,19.63,19.44,-1.4484,-1.9899,-0.999,0.0014,0.0021,0.009
MSH,2023-05-08,19.13,19.3,19.07,19.24,46506,19.49,19.61,19.42,-1.2715,-1.8879,-0.9306,0.0055,0.0084,0.0089
MSH,2023-05-09,19.19,19.36,19.19,19.24,16560,19.4,19.61,19.42,-0.7966,-1.8441,-0.9068,-0.0021,-0.0033,0.0075
MSH,2023-05-10,19.36,19.36,19.21,19.3,58112,19.33,19.59,19.42,-0.1659,-1.4881,-0.5887,0.0032,0.0046,0.0074
MSH,2023-05-11,19.33,19.39,19.24,19.36,75965,19.33,19.56,19.42,0.1357,-1.0432,-0.3212,0.012,0.017,0.0075
MSH,2023-05-12,19.36,19.36,19.27,19.36,21352,19.35,19.55,19.43,0.0452,-0.9916,-0.3512,0.0045,0.0063,0.0067
MSH,2023-05-15,19.3,19.39,19.3,19.39,58724,19.34,19.54,19.43,0.2563,-0.7537,-0.2011,0.0091,0.0132,0.0073
MSH,2023-05-16,19.39,19.74,19.24,19.39,62131,19.34,19.5,19.43,0.2412,-0.5682,-0.2161,-0.0079,-0.0102,0.0065
MSH,2023-05-17,19.36,19.39,19.24,19.24,35918,19.3,19.47,19.44,-0.3021,-1.168,-0.9871,-0.0058,-0.0085,0.0066
MSH,2023-05-18,19.33,19.33,19.16,19.19,28627,19.3,19.44,19.44,-0.5742,-1.3271,-1.302,-0.0058,-0.0083,0.0057
MSH,2023-05-19,19.27,19.27,19.01,19.04,49603,19.28,19.4,19.43,-1.2252,-1.8636,-2.0196,-0.0109,-0.0139,0.0067
MSH,2023-05-22,19.04,19.04,18.6,18.78,166296,19.23,19.36,19.42,-2.3503,-3.0121,-3.3236,-0.009,-0.012,0.007
MSH,2023-05-23,18.95,18.95,18.66,18.78,208450,19.18,19.29,19.41,-2.1128,-2.6602,-3.2714,-0.0126,-0.0156,0.0081
MSH,2023-05-24,18.69,18.95,18.69,18.87,75315,19.14,19.24,19.39,-1.432,-1.9325,-2.6892,0.0057,0.007,0.0083
MSH,2023-05-25,18.87,18.89,18.6,18.84,86145,19.09,19.21,19.37,-1.3138,-1.9504,-2.7606,0.015,0.0187,0.0086
MSH,2023-05-26,18.84,18.89,18.54,18.63,46310,19.01,19.18,19.35,-2.0089,-2.8728,-3.7303,-0.0078,-0.0107,0.009
MSH,2023-05-29,18.66,18.81,18.66,18.78,89055,18.95,19.15,19.34,-0.9231,-1.9265,-2.9009,0.0111,0.0148,0.0092
MSH,2023-05-30,18.78,19.24,18.78,19.19,207169,18.93,19.14,19.33,1.3399,0.2514,-0.7661,0.0401,0.051,0.0124
MSH,2023-05-31,19.19,19.51,19.19,19.42,116814,18.95,19.13,19.34,2.4773,1.5321,0.4313,0.013,0.0176,0.0131
MSH,2023-06-01,19.45,19.71,19.42,19.71,163415,19.0,19.15,19.35,3.7287,2.9311,1.8778,0.0342,0.0478,0.0159
MSH,2023-06-02,19.77,19.77,19.07,19.36,172677,19.03,19.16,19.35,1.7157,1.0732,0.0482,-0.0063,-0.0081,0.0155
MSH,2023-06-05,19.36,19.83,19.36,19.71,133892,19.13,19.18,19.36,3.0488,2.7746,1.795,0.0113,0.0146,0.0157
MSH,2023-06-06,19.74,20.99,19.74,20.88,369920,19.34,19.26,19.4,7.9614,8.3945,7.6303,0.0526,0.0749,0.0197
MSH,2023-06-07,20.99,20.99,20.38,20.73,228697,19.52,19.33,19.43,6.1828,7.2398,6.7151,0.0068,0.009,0.0198
MSH,2023-06-08,20.5,20.94,20.44,20.53,127046,19.69,19.39,19.45,4.2345,5.8647,5.5314,-0.0078,-0.0108,0.0191
MSH,2023-06-09,20.53,20.88,20.47,20.76,129322,19.91,19.46,19.49,4.2918,6.6827,6.5326,0.0099,0.0125,0.0193
MSH,2023-06-12,20.96,21.58,20.59,21.58,289810,20.19,19.57,19.54,6.8901,10.2585,10.4181,0.079,0.0919,0.0261
MSH,2023-06-13,22.04,22.04,20.82,21.02,159005,20.37,19.65,19.58,3.2064,6.9812,7.3748,-0.0202,-0.0272,0.0241
MSH,2023-06-14,21.43,21.43,20.76,20.76,139906,20.5,19.73,19.61,1.2514,5.2398,5.8705,-0.0195,-0.0266,0.0248
MSH,2023-06-15,20.76,20.76,20.35,20.47,145609,20.58,19.79,19.63,-0.5384,3.4254,4.2595,-0.0182,-0.0228,0.0232
MSH,2023-06-16,20.7,20.88,20.41,20.47,128221,20.69,19.86,19.65,-1.071,3.0534,4.145,-0.0127,-0.0166,0.0238
MSH,2023-06-19,20.47,20.56,20.15,20.53,96133,20.77,19.95,19.67,-1.1791,2.8939,4.3489,0.018,0.0258,0.0245
MSH,2023-06-20,20.59,20.88,20.53,20.7,71650,20.75,20.05,19.7,-0.2529,3.2727,5.1011,-0.0,-0.0,0.0192
MSH,2023-06-21,20.7,20.82,20.53,20.76,79503,20.76,20.14,19.72,0.0141,3.0764,5.2663,0.0108,0.0129,0.0196
MSH,2023-06-22,20.88,20.99,20.82,20.96,182662,20.8,20.25,19.74,0.785,3.5426,6.1913,0.0273,0.0356,0.0216
MSH,2023-06-23,21.2,21.2,20.73,20.82,82578,20.81,20.36,19.77,0.056,2.2703,5.319,-0.0129,-0.015,0.0219
MSH,2023-06-26,20.5,20.82,20.5,20.61,73469,20.71,20.45,19.78,-0.4646,0.8128,4.1943,-0.0043,-0.005,0.0144
MSH,2023-06-27,20.82,21.29,20.64,21.29,266819,20.74,20.55,19.81,2.6434,3.5608,7.4572,0.084,0.1019,0.0208
MSH,2023-06-28,21.29,21.87,21.26,21.26,163758,20.79,20.65,19.84,2.2584,2.9588,7.1555,-0.0358,-0.046,0.0224
MSH,2023-06-29,21.11,21.23,20.64,20.64,149855,20.8,20.69,19.85,-0.7708,-0.2325,3.9739,-0.0205,-0.0259,0.0226
MSH,2023-06-30,20.82,20.96,20.53,20.94,84960,20.85,20.77,19.88,0.4055,0.7931,5.3311,0.0238,0.0297,0.0238
MSH,2023-07-03,20.94,20.94,20.53,20.7,90312,20.87,20.82,19.9,-0.7964,-0.5672,4.0415,-0.0046,-0.0057,0.0224
MSH,2023-07-04,21.34,21.34,20.82,20.99,138729,20.9,20.83,19.91,0.4604,0.805,5.4204,-0.009,-0.011,0.0233
MSH,2023-07-05,20.99,21.4,20.94,20.99,274888,20.92,20.84,19.94,0.3484,0.7416,5.3093,-0.0434,-0.054,0.0266
MSH,2023-07-06,20.85,21.81,20.85,21.81,219738,21.01,20.9,19.98,3.8312,4.3381,9.1366,0.0454,0.0568,0.0284
MSH,2023-07-07,21.81,22.45,21.81,21.98,881925,21.12,20.96,20.04,4.0861,4.8679,9.7046,-0.0782,-0.1001,0.0349
MSH,2023-07-10,22.16,22.42,21.96,22.25,366716,21.29,21.0,20.09,4.5205,5.9501,10.7113,0.0197,0.0253,0.0364
MSH,2023-07-11,22.31,22.66,22.1,22.54,361911,21.41,21.07,20.16,5.2703,6.9526,11.8086,0.0428,0.0591,0.0323
MSH,2023-07-12,22.45,22.74,22.16,22.16,166844,21.5,21.14,20.21,3.0648,4.8059,9.6555,-0.0455,-0.0579,0.0333
MSH,2023-07-13,22.51,23.15,22.45,22.71,266419,21.71,21.26,20.28,4.634,6.8587,12.0122,-0.0151,-0.0188,0.0328
MSH,2023-07-14,22.77,22.8,22.16,22.66,381859,21.88,21.37,20.35,3.5448,6.0389,11.35,0.0523,0.0671,0.0356
MSH,2023-07-17,22.66,23.03,22.22,22.45,234742,22.05,21.46,20.41,1.798,4.6125,10.0,-0.0256,-0.0297,0.0377
MSH,2023-07-18,22.45,22.74,22.1,22.39,190751,22.19,21.55,20.47,0.8933,3.9312,9.3768,-0.0042,-0.0055,0.0372
MSH,2023-07-19,22.39,22.39,22.13,22.16,187153,22.31,21.62,20.53,-0.6796,2.5157,7.9361,-0.024,-0.0343,0.0353
MSH,2023-07-20,22.1,22.16,21.87,21.87,200833,22.32,21.66,20.58,-2.012,0.9557,6.2564,-0.0454,-0.0554,0.0353
MSH,2023-07-21,21.9,22.54,21.52,22.04,711184,22.32,21.72,20.63,-1.2539,1.4765,6.828,0.0034,0.004,0.0278
MSH,2023-07-24,22.45,22.45,21.84,21.98,354731,22.3,21.79,20.69,-1.3993,0.8898,6.278,-0.0334,-0.0456,0.0292
MSH,2023-07-25,21.98,22.31,21.81,21.87,373693,22.23,21.82,20.74,-1.6265,0.2205,5.4615,-0.0602,-0.0771,0.0309
MSH,2023-07-26,22.04,22.04,21.64,21.75,378168,22.19,21.84,20.79,-1.9711,-0.4271,4.6459,-0.0359,-0.0419,0.03
MSH,2023-07-27,21.75,21.75,21.31,21.37,438919,22.05,21.88,20.83,-3.0936,-2.3253,2.6065,-0.0655,-0.0807,0.035
MSH,2023-07-28,21.29,21.69,21.17,21.69,243165,21.96,21.92,20.88,-1.2083,-1.0309,3.8816,0.0431,0.0531,0.0341
MSH,2023-07-31,22.16,23.03,21.81,22.36,479707,21.95,22.0,20.95,1.8863,1.6432,6.7264,-0.0068,-0.0081,0.0322
MSH,2023-08-01,22.63,22.98,22.36,22.36,469559,21.95,22.07,21.03,1.8998,1.3277,6.3623,-0.0508,-0.0613,0.0368
MSH,2023-08-02,22.36,22.63,22.22,22.39,287840,21.97,22.14,21.1,1.9244,1.1391,6.1448,-0.0088,-0.0109,0.0353
MSH,2023-08-03,22.31,22.8,22.31,22.6,284797,22.04,22.18,21.17,2.5133,1.8799,6.7317,0.0099,0.0115,0.0318
MSH,2023-08-04,22.71,22.71,22.48,22.63,154430,22.1,22.21,21.25,2.3747,1.864,6.4676,0.0052,0.0064,0.032
MSH,2023-08-07,22.8,22.92,22.25,22.42,438332,22.15,22.22,21.32,1.2508,0.9054,5.1466,-0.0414,-0.0497,0.0328
MSH,2023-08-08,22.45,22.45,22.22,22.39,202659,22.2,22.21,21.39,0.8801,0.8072,4.6949,0.0139,0.018,0.0281
MSH,2023-08-09,22.39,22.39,22.19,22.22,184549,22.24,22.22,21.44,-0.1179,0.0066,3.6058,-0.0237,-0.0268,0.0269
MSH,2023-08-10,22.22,22.45,22.04,22.07,241133,22.31,22.18,21.49,-1.0845,-0.506,2.6998,-0.0322,-0.038,0.0236
MSH,2023-08-11,22.1,22.1,21.61,21.75,331292,22.32,22.14,21.54,-2.5474,-1.7516,0.9827,-0.0231,-0.0233,0.0216
MSH,2023-08-14,21.93,22.25,21.78,22.25,319133,22.31,22.13,21.59,-0.2745,0.5336,3.0413,0.0591,0.0697,0.0268
MSH,2023-08-15,22.33,22.36,22.16,22.28,209765,22.3,22.12,21.62,-0.1046,0.6919,3.0427,0.0058,0.0061,0.0223
MSH,2023-08-16,22.28,22.39,22.22,22.31,167811,22.29,22.13,21.65,0.0654,0.7905,3.0275,0.0,0.0,0.0214
MSH,2023-08-17,22.31,22.63,22.19,22.39,323925,22.27,22.16,21.69,0.5499,1.0659,3.2536,-0.0029,-0.0033,0.0207
MSH,2023-08-18,22.31,22.31,20.99,21.02,371935,22.11,22.11,21.69,-4.9189,-4.9001,-3.0888,-0.0234,-0.0279,0.0225
MSH,2023-08-21,21.29,21.29,20.96,21.02,183228,21.97,22.06,21.68,-4.3132,-4.6927,-3.0393,-0.0284,-0.0312,0.0212
MSH,2023-08-22,21.11,21.23,20.59,21.23,179918,21.85,22.03,21.69,-2.8686,-3.6272,-2.1163,0.0251,0.0292,0.0224
MSH,2023-08-23,21.4,21.4,21.08,21.26,114337,21.76,22.0,21.7,-2.305,-3.3861,-2.0267,0.0023,0.0023,0.0202
MSH,2023-08-24,21.26,21.37,21.05,21.37,148701,21.69,22.0,21.71,-1.452,-2.856,-1.5711,0.024,0.0273,0.0194
MSH,2023-08-25,21.43,21.87,21.34,21.61,174013,21.67,22.0,21.74,-0.3094,-1.7763,-0.601,-0.0,-0.0,0.0171
MSH,2023-08-28,21.69,21.84,21.66,21.84,75515,21.63,21.97,21.76,0.957,-0.5972,0.351,0.0157,0.0163,0.0128
MSH,2023-08-29,22.04,22.28,21.9,22.1,141803,21.61,21.96,21.79,2.2528,0.6573,1.4264,0.0026,0.0027,0.0124
MSH,2023-08-30,21.9,22.33,21.9,22.33,150070,21.62,21.95,21.82,3.3181,1.7332,2.349,0.0319,0.0352,0.0156
MSH,2023-08-31,22.42,23.88,22.42,23.88,663973,21.77,22.02,21.88,9.712,8.4553,9.1389,0.1277,0.1368,0.0281
MSH,2023-09-05,25.08,25.25,24.49,25.08,476221,22.17,22.14,21.97,13.0984,13.2547,14.1583,0.0587,0.0721,0.0316
MSH,2023-09-06,25.08,25.95,24.61,25.08,442306,22.58,22.27,22.05,11.0681,12.5802,13.6964,-0.0193,-0.0239,0.0307
MSH,2023-09-07,25.54,25.54,24.73,25.31,264251,22.99,22.42,22.14,10.1104,12.8886,14.3369,0.0205,0.0244,0.0303
MSH,2023-09-08,24.67,26.07,24.67,25.51,229303,23.41,22.58,22.22,8.98,12.9688,14.8173,0.0087,0.0101,0.0309
MSH,2023-09-11,26.59,26.59,25.45,25.83,569898,23.86,22.77,22.32,8.2865,13.4443,15.7202,-0.0172,-0.0228,0.0302
MSH,2023-09-12,25.37,26.53,25.37,26.53,353142,24.35,23.01,22.44,8.969,15.3066,18.2617,0.0433,0.0547,0.0346
MSH,2023-09-13,26.36,27.18,25.95,27.06,384039,24.87,23.25,22.56,8.7925,16.3709,19.9214,0.0527,0.0661,0.0383
MSH,2023-09-14,27.06,27.06,26.13,26.13,379089,25.27,23.44,22.67,3.3687,11.4359,15.2619,-0.0541,-0.0685,0.0434
MSH,2023-09-15,26.24,26.24,25.19,25.95,222816,25.64,23.63,22.77,1.2284,9.8359,13.9915,0.0258,0.0299,0.0428
MSH,2023-09-18,25.95,26.24,25.66,26.24,132664,25.87,23.82,22.85,1.4313,10.1726,14.8252,0.0339,0.0454,0.0334
MSH,2023-09-19,26.53,26.53,25.72,26.42,140818,26.01,24.09,22.94,1.5809,9.6653,15.1441,0.0198,0.023,0.0295
MSH,2023-09-20,26.42,27.99,26.42,27.47,313329,26.24,24.41,23.05,4.655,12.5179,19.1772,0.0207,0.0272,0.0297
MSH,2023-09-21,27.93,27.93,27.26,27.38,211530,26.45,24.72,23.14,3.5053,10.7638,18.3007,-0.0205,-0.0258,0.0297
MSH,2023-09-22,26.71,27.87,26.42,27.58,411108,26.66,25.03,23.25,3.4671,10.1794,18.6266,0.028,0.0381,0.0316
MSH,2023-09-25,27.55,27.55,25.66,25.66,356915,26.64,25.25,23.31,-3.6883,1.6225,10.0716,-0.0378,-0.0534,0.0336
MSH,2023-09-26,24.55,25.63,23.97,23.97,507386,26.38,25.37,23.34,-9.1612,-5.5172,2.7012,-0.0714,-0.0978,0.0365
MSH,2023-09-27,24.96,24.96,24.06,24.96,321461,26.17,25.52,23.39,-4.6452,-2.2106,6.7199,0.0437,0.0567,0.0356
MSH,2023-09-28,24.78,25.48,24.78,25.08,119555,26.07,25.67,23.44,-3.8139,-2.3227,6.9731,-0.0059,-0.0069,0.0307
MSH,2023-09-29,25.16,25.83,25.1,25.31,234806,26.01,25.82,23.5,-2.6797,-1.9818,7.679,-0.031,-0.039,0.0313
MSH,2023-10-02,25.25,26.01,25.19,25.37,145613,25.92,25.89,23.57,-2.1262,-2.0381,7.6067,-0.0401,-0.0548,0.0319
MSH,2023-10-03,25.34,25.43,24.49,24.96,281110,25.77,25.89,23.63,-3.1565,-3.5928,5.6138,-0.0,-0.0,0.0299
MSH,2023-10-04,24.26,25.69,24.26,25.31,189295,25.56,25.9,23.7,-0.9697,-2.2852,6.794,0.0257,0.0326,0.0304
MSH,2023-10-05,25.95,25.95,25.48,25.78,160842,25.4,25.92,23.78,1.4925,-0.5736,8.4051,0.0091,0.0125,0.0293
MSH,2023-10-06,25.6,25.89,25.13,25.89,147117,25.23,25.94,23.86,2.6352,-0.1967,8.5177,0.0337,0.0454,0.0298
MSH,2023-10-09,25.89,26.36,25.37,25.72,195185,25.23,25.94,23.95,1.9182,-0.8488,7.3933,-0.0172,-0.0226,0.0278
MSH,2023-10-10,25.78,26.53,25.66,26.01,287816,25.44,25.91,24.03,2.2467,0.377,8.2209,-0.0122,-0.016,0.0219
MSH,2023-10-11,26.07,26.36,25.66,26.36,128317,25.58,25.88,24.11,3.0552,1.8649,9.3134,0.03,0.0391,0.0205
MSH,2023-10-12,26.71,26.91,26.01,26.48,163803,25.72,25.89,24.2,2.9478,2.2465,9.4239,0.002,0.0027,0.0201
MSH,2023-10-13,26.24,27.12,26.13,26.59,144674,25.85,25.93,24.28,2.8881,2.5699,9.5259,-0.0023,-0.0028,0.0172
MSH,2023-10-16,26.56,26.56,25.37,25.37,174500,25.85,25.88,24.33,-1.8502,-1.9884,4.244,-0.0376,-0.0454,0.017
MSH,2023-10-17,25.45,25.83,23.91,23.91,184323,25.74,25.76,24.36,-7.1137,-7.1716,-1.8505,-0.0322,-0.039,0.0202
MSH,2023-10-18,24.26,24.26,22.45,22.63,335201,25.47,25.51,24.36,-11.1722,-11.3194,-7.1326,-0.0627,-0.0776,0.0239
MSH,2023-10-19,22.63,23.27,22.45,22.92,150093,25.19,25.29,24.37,-9.0067,-9.3844,-5.9764,0.0055,0.0067,0.0235
MSH,2023-10-20,23.03,23.91,22.36,23.85,131464,24.98,25.1,24.41,-4.5285,-4.9942,-2.2793,0.0223,0.0272,0.0224
MSH,2023-10-23,23.85,23.85,22.74,22.77,50522,24.69,24.96,24.42,-7.7595,-8.767,-6.753,-0.0182,-0.0225,0.0225
MSH,2023-10-24,22.95,23.27,22.51,23.03,42400,24.39,24.91,24.45,-5.5589,-7.5429,-5.7774,0.006,0.0072,0.0219
MSH,2023-10-25,23.06,23.27,22.92,22.92,30730,24.05,24.81,24.46,-4.6926,-7.6326,-6.3059,-0.0085,-0.0108,0.0197
MSH,2023-10-26,22.66,22.66,21.31,21.31,356969,23.53,24.62,24.44,-9.4176,-13.4399,-12.7935,-0.0393,-0.0502,0.0234
MSH,2023-10-27,22.45,22.45,20.41,22.04,58720,23.08,24.46,24.44,-4.4731,-9.882,-9.7917,0.009,0.0107,0.0241
MSH,2023-10-30,22.04,22.04,20.91,20.91,64025,22.63,24.24,24.41,-7.615,-13.7443,-14.341,-0.0162,-0.0195,0.022
MSH,2023-10-31,20.91,20.99,19.54,19.54,165154,22.19,23.97,24.38,-11.9695,-18.4865,-19.8584,-0.031,-0.0361,0.0219
MSH,2023-11-01,20.26,20.26,19.45,20.12,71058,21.94,23.71,24.36,-8.3056,-15.1344,-17.4048,0.0084,0.0097,0.0164
MSH,2023-11-02,20.41,21.23,20.18,21.05,106803,21.75,23.47,24.35,-3.2301,-10.305,-13.5619,0.0108,0.0127,0.017
MSH,2023-11-03,21.34,21.34,20.7,21.11,46183,21.48,23.23,24.35,-1.7239,-9.1308,-13.3121,0.0037,0.0039,0.0151
MSH,2023-11-06,21.11,21.17,20.91,20.94,63412,21.3,22.99,24.34,-1.6977,-8.9468,-13.9996,-0.0144,-0.0166,0.0147
MSH,2023-11-07,20.94,21.64,20.67,21.58,166073,21.15,22.77,24.34,2.0127,-5.2436,-11.3624,0.0486,0.0597,0.019
MSH,2023-11-08,21.75,22.16,21.29,22.16,64846,21.08,22.56,24.35,5.1467,-1.7771,-8.9908,0.0075,0.009,0.0189
MSH,2023-11-09,22.16,22.45,21.64,21.69,185524,21.11,22.32,24.34,2.7483,-2.815,-10.8768,-0.0266,-0.03,0.0176
MSH,2023-11-10,21.58,21.72,21.34,21.43,75222,21.05,22.06,24.32,1.8006,-2.8677,-11.8895,-0.0084,-0.0093,0.0176
MSH,2023-11-13,21.75,21.75,21.26,21.29,132702,21.09,21.86,24.27,0.9263,-2.6277,-12.3018,-0.0382,-0.0431,0.0198
MSH,2023-11-14,21.34,22.04,21.34,21.52,211050,21.29,21.74,24.2,1.082,-1.0193,-11.08,-0.0369,-0.0453,0.0203
MSH,2023-11-15,22.45,22.45,21.66,21.66,249615,21.44,21.69,24.13,1.0335,-0.1277,-10.2245,-0.0459,-0.0529,0.0241
MSH,2023-11-16,21.66,22.28,21.66,21.93,72352,21.53,21.64,24.06,1.8418,1.3136,-8.8816,-0.002,-0.0023,0.0232
MSH,2023-11-17,22.39,22.63,21.87,22.16,410094,21.64,21.56,24.0,2.4259,2.793,-7.6549,-0.0152,-0.0186,0.0244
MSH,2023-11-20,22.16,22.86,21.98,22.6,173454,21.8,21.55,23.93,3.6512,4.8644,-5.5776,0.0148,0.0186,0.0244
MSH,2023-11-21,23.03,23.03,22.6,22.98,206725,21.94,21.55,23.86,4.7176,6.6378,-3.7075,0.049,0.0535,0.0244
MSH,2023-11-22,22.98,23.01,22.57,22.71,151674,22.0,21.54,23.77,3.2609,5.4698,-4.4594,-0.0093,-0.0109,0.0246
MSH,2023-11-23,22.68,22.95,22.19,22.19,212553,22.05,21.58,23.7,0.6481,2.8239,-6.3569,-0.0225,-0.0276,0.0242
MSH,2023-11-24,22.39,22.45,21.93,22.16,190582,22.12,21.59,23.62,0.1845,2.6611,-6.1798,-0.0029,-0.0033,0.0237
MSH,2023-11-27,22.6,22.6,22.16,22.16,58638,22.21,21.65,23.54,-0.2101,2.3638,-5.8544,-0.0161,-0.019,0.0215
MSH,2023-11-28,22.33,22.74,22.16,22.74,119247,22.33,21.81,23.46,1.8542,4.285,-3.0743,0.0259,0.0308,0.0204
MSH,2023-11-29,22.74,22.92,22.71,22.92,129749,22.45,21.95,23.37,2.0647,4.4171,-1.9486,0.044,0.0515,0.0202
MSH,2023-11-30,22.77,23.12,22.77,22.8,136920,22.54,22.04,23.28,1.1512,3.4734,-2.0639,-0.0225,-0.0258,0.0222
MSH,2023-12-01,22.8,22.95,22.63,22.8,68681,22.61,22.12,23.19,0.8642,3.0778,-1.66,0.0023,0.0029,0.0209
MSH,2023-12-04,23.09,23.33,23.06,23.27,246565,22.67,22.24,23.14,2.6234,4.6351,0.5595,0.0228,0.0285,0.0217
MSH,2023-12-05,23.77,23.77,22.96,23.02,195805,22.68,22.31,23.12,1.511,3.1859,-0.4299,-0.039,-0.047,0.0207
MSH,2023-12-06,23.02,23.3,22.93,23.27,116800,22.73,22.36,23.09,2.3579,4.0429,0.794,0.0196,0.0238,0.0217
MSH,2023-12-07,23.14,23.64,22.93,23.46,226987,22.86,22.45,23.05,2.6072,4.4659,1.7453,0.0242,0.0329,0.0219
MSH,2023-12-08,23.33,23.36,23.18,23.36,104415,22.98,22.55,23.01,1.6642,3.6046,1.5119,0.0301,0.0347,0.0246
MSH,2023-12-11,23.36,23.36,23.02,23.14,73762,23.08,22.64,22.97,0.2869,2.2175,0.7603,-0.0065,-0.0079,0.0237
MSH,2023-12-12,23.33,23.61,23.18,23.36,224802,23.14,22.73,22.94,0.9596,2.7608,1.8499,-0.0109,-0.0132,0.0222
MSH,2023-12-13,23.61,23.61,23.02,23.02,92838,23.15,22.8,22.89,-0.5631,0.9546,0.5588,-0.0162,-0.0188,0.0194
MSH,2023-12-14,23.05,23.18,22.77,22.77,115242,23.15,22.84,22.83,-1.6252,-0.3214,-0.2665,-0.0262,-0.0317,0.0198
MSH,2023-12-15,22.46,22.77,22.4,22.4,103184,23.11,22.86,22.76,-3.069,-2.0065,-1.6003,-0.0283,-0.0308,0.0224
MSH,2023-12-18,22.4,22.4,22.15,22.15,52050,23.0,22.83,22.69,-3.6797,-3.0002,-2.3877,-0.0165,-0.0182,0.0217
MSH,2023-12-19,22.18,22.3,21.9,22.27,55226,22.92,22.8,22.62,-2.823,-2.3049,-1.515,0.0107,0.0125,0.0189
MSH,2023-12-20,22.52,22.71,22.4,22.71,89560,22.86,22.8,22.54,-0.6803,-0.3936,0.7358,0.0474,0.0501,0.0217
MSH,2023-12-21,22.71,22.71,22.58,22.62,16686,22.78,22.82,22.47,-0.7237,-0.8957,0.6665,-0.0035,-0.0039,0.0196
MSH,2023-12-22,22.65,22.83,22.46,22.46,55128,22.69,22.84,22.38,-1.0145,-1.642,0.3432,-0.0201,-0.0232,0.0186
MSH,2023-12-25,22.46,22.9,22.46,22.9,122270,22.67,22.87,22.33,1.0156,0.1039,2.5153,0.0465,0.0485,0.0226
MSH,2023-12-26,22.9,23.14,22.9,22.93,78336,22.62,22.88,22.31,1.3476,0.1997,2.745,-0.0227,-0.0245,0.0238
MSH,2023-12-27,23.02,23.42,23.02,23.39,158753,22.66,22.9,22.33,3.24,2.1329,4.7641,0.0364,0.0427,0.0258
MSH,2023-12-28,23.49,23.49,23.08,23.21,91434,22.7,22.93,22.34,2.2198,1.2285,3.9014,-0.0119,-0.0137,0.0244
MSH,2023-12-29,23.21,23.21,22.58,22.58,137196,22.72,22.91,22.31,-0.6024,-1.4388,1.2306,-0.0396,-0.0429,0.0255
MSH,2024-01-02,22.58,22.9,22.58,22.77,45760,22.78,22.89,22.31,-0.0546,-0.5164,2.0674,0.0019,0.0022,0.0241
MSH,2024-01-03,22.77,23.58,22.46,23.58,116112,22.91,22.92,22.32,2.9052,2.8913,5.641,0.0233,0.029,0.0253
MSH,2024-01-04,23.64,23.64,23.27,23.27,110943,22.97,22.92,22.33,1.3001,1.5339,4.2146,-0.0182,-0.0218,0.0224
MSH,2024-01-05,23.33,23.33,23.02,23.27,60911,23.04,22.91,22.37,1.0128,1.5752,4.0324,0.0111,0.0132,0.0232
MSH,2024-01-08,23.27,23.27,22.99,23.05,91964,23.09,22.89,22.39,-0.1886,0.693,2.9661,-0.0123,-0.0145,0.0224
MSH,2024-01-09,23.08,23.46,23.08,23.27,108210,23.13,22.9,22.43,0.5917,1.6166,3.7198,0.0,0.0,0.0177
MSH,2024-01-10,23.27,23.3,23.05,23.21,92663,23.16,22.89,22.51,0.2015,1.3793,3.105,0.0055,0.0066,0.016
MSH,2024-01-11,23.27,23.27,23.02,23.14,96710,23.14,22.9,22.57,0.0404,1.0801,2.5529,0.0,0.0,0.0124
MSH,2024-01-12,23.14,23.14,22.71,22.71,84401,23.09,22.89,22.6,-1.6305,-0.8085,0.4756,-0.0178,-0.022,0.013
MSH,2024-01-15,22.83,22.83,22.71,22.71,59812,23.1,22.91,22.63,-1.6835,-0.8758,0.3337,-0.0133,-0.0165,0.0103
MSH,2024-01-16,22.71,22.77,22.65,22.71,43847,23.09,22.94,22.67,-1.657,-0.9968,0.1766,-0.0,-0.0,0.0102
MSH,2024-01-17,22.71,23.11,22.71,22.99,42607,23.03,22.97,22.7,-0.1891,0.0677,1.2855,0.0044,0.0051,0.0083
MSH,2024-01-18,23.08,23.08,22.74,22.9,29170,23.0,22.98,22.71,-0.4329,-0.379,0.809,-0.001,-0.0011,0.0065
MSH,2024-01-19,22.93,23.02,22.8,22.96,43049,22.96,23.0,22.74,-0.0271,-0.1826,0.9705,0.0049,0.0057,0.0059
MSH,2024-01-22,22.93,22.96,22.71,22.96,55528,22.95,23.02,22.77,0.0136,-0.2905,0.8351,0.0157,0.0182,0.0063
MSH,2024-01-23,22.96,22.96,22.74,22.9,47518,22.92,23.02,22.8,-0.095,-0.5607,0.4197,0.0067,0.0077,0.0069
MSH,2024-01-24,22.93,23.14,22.83,22.96,98805,22.89,23.03,22.83,0.2854,-0.2972,0.5656,-0.0066,-0.0074,0.007
MSH,2024-01-25,22.96,22.96,22.83,22.96,13377,22.87,23.0,22.85,0.3672,-0.2028,0.4518,0.0055,0.006,0.0076
MSH,2024-01-26,22.96,23.02,22.83,22.96,43863,22.9,22.99,22.88,0.2581,-0.1488,0.3612,0.0056,0.0063,0.0064
MSH,2024-01-29,22.99,23.58,22.96,23.39,211668,22.97,23.03,22.9,1.8556,1.5667,2.1549,0.0248,0.03,0.0075
MSH,2024-01-30,23.77,23.89,23.33,23.89,211319,23.09,23.09,22.93,3.4901,3.4761,4.2106,0.0628,0.0707,0.0138
MSH,2024-01-31,24.58,24.58,24.14,24.26,327005,23.21,23.12,22.95,4.5296,4.9374,5.7201,-0.0202,-0.0265,0.0154
MSH,2024-02-01,24.02,24.58,24.02,24.26,164641,23.35,23.17,22.98,3.9169,4.712,5.5775,-0.0063,-0.0067,0.0159
MSH,2024-02-02,24.42,24.51,24.14,24.36,122232,23.49,23.23,23.03,3.6949,4.8684,5.7839,0.0048,0.0056,0.0159
MSH,2024-02-05,24.33,24.76,24.14,24.58,121284,23.65,23.3,23.07,3.9064,5.4599,6.5062,0.0117,0.0146,0.0155
MSH,2024-02-06,24.39,24.64,24.39,24.54,63021,23.82,23.37,23.12,3.0564,5.039,6.1519,0.0053,0.0058,0.0154
MSH,2024-02-07,24.64,24.67,24.51,24.61,110410,23.98,23.44,23.16,2.6073,4.9907,6.2497,0.007,0.0084,0.0154
MSH,2024-02-15,24.58,25.76,24.39,25.35,186412,24.22,23.55,23.21,4.6751,7.6689,9.2438,0.0204,0.0252,0.0169
MSH,2024-02-16,25.45,25.51,25.2,25.26,67653,24.45,23.67,23.26,3.3079,6.6947,8.6115,-0.0104,-0.0121,0.0174
MSH,2024-02-19,25.26,25.45,24.89,24.89,106914,24.6,23.78,23.3,1.1634,4.6367,6.8149,-0.0225,-0.0246,0.0171
MSH,2024-02-20,25.26,25.26,24.67,24.79,83899,24.69,23.89,23.33,0.4158,3.7895,6.2752,-0.0121,-0.0141,0.0121
MSH,2024-02-21,24.76,24.89,24.7,24.73,83449,24.74,23.98,23.36,-0.0251,3.153,5.8532,-0.0145,-0.0164,0.0115
MSH,2024-02-22,24.7,24.98,24.7,24.79,73380,24.79,24.07,23.39,0.0125,3.0048,5.9812,-0.0051,-0.0061,0.0114
MSH,2024-02-23,24.92,25.23,24.58,24.58,265829,24.81,24.15,23.42,-0.9528,1.7582,4.9499,-0.0263,-0.0313,0.0135
MSH,2024-02-26,24.61,25.57,24.61,25.51,230613,24.91,24.28,23.46,2.4232,5.0676,8.736,0.0413,0.0482,0.0165
MSH,2024-02-27,25.32,25.82,25.32,25.51,92479,25.0,24.41,23.51,2.0281,4.5052,8.5173,-0.005,-0.0057,0.0165
MSH,2024-02-28,25.45,25.76,24.89,24.95,170018,25.04,24.51,23.54,-0.3479,1.796,5.9921,-0.0357,-0.0399,0.0193
MSH,2024-02-29,25.04,25.26,24.73,24.89,135145,24.99,24.61,23.58,-0.4108,1.1442,5.5604,-0.0118,-0.0136,0.0185
MSH,2024-03-01,25.01,25.2,24.89,25.1,123853,24.97,24.71,23.62,0.5232,1.5861,6.2737,0.0104,0.0125,0.0185
MSH,2024-03-04,25.26,25.79,25.26,25.66,203282,25.05,24.83,23.69,2.4463,3.377,8.3445,0.022,0.0245,0.0184
MSH,2024-03-05,25.79,25.79,25.45,25.51,82709,25.12,24.91,23.75,1.5354,2.4168,7.3832,-0.0101,-0.011,0.0182
MSH,2024-03-06,25.51,25.51,24.82,24.89,99503,25.14,24.94,23.81,-1.0023,-0.2058,4.5342,-0.015,-0.0182,0.0183
MSH,2024-03-07,25.07,25.32,24.89,25.29,127650,25.19,24.99,23.86,0.4075,1.2075,6.0029,0.0206,0.0231,0.0198
MSH,2024-03-08,25.35,25.35,24.89,25.2,196861,25.25,25.03,23.91,-0.2094,0.6649,5.3837,0.0064,0.0076,0.0178
MSH,2024-03-11,25.48,25.85,25.07,25.26,211996,25.23,25.07,23.97,0.1357,0.7757,5.3971,-0.0195,-0.0223,0.0156
MSH,2024-03-12,25.26,26.01,25.07,25.82,232380,25.26,25.13,24.02,2.2293,2.7482,7.4712,0.0352,0.0428,0.0187
MSH,2024-03-13,25.82,27.34,25.82,26.63,382598,25.42,25.23,24.1,4.7351,5.5422,10.4972,0.0032,0.0036,0.0154
MSH,2024-03-14,26.72,27.47,26.72,27.25,313436,25.66,25.33,24.18,6.1947,7.6035,12.7181,0.0251,0.0289,0.0167
MSH,2024-03-15,26.78,27.25,26.75,27.06,259718,25.86,25.42,24.25,4.6679,6.4871,11.59,0.0128,0.0147,0.017
MSH,2024-03-18,27.13,27.13,25.2,26.63,341810,25.95,25.5,24.33,2.601,4.4157,9.4293,0.0234,0.0257,0.0171
MSH,2024-03-19,26.6,26.94,26.35,26.75,53325,26.08,25.6,24.41,2.5886,4.5021,9.5821,0.0043,0.0051,0.0165
MSH,2024-03-20,26.94,26.94,26.44,26.88,59503,26.28,25.71,24.48,2.2848,4.5498,9.7951,0.0079,0.0098,0.0158
MSH,2024-03-21,27.13,27.34,26.94,27.28,174541,26.48,25.83,24.56,3.0431,5.6118,11.083,0.0189,0.0234,0.0157
MSH,2024-03-22,27.28,27.28,26.94,27.25,72454,26.68,25.97,24.64,2.1336,4.9479,10.5977,0.0102,0.012,0.016
MSH,2024-03-25,27.28,27.28,25.35,26.72,59716,26.83,26.03,24.71,-0.3943,2.6714,8.1292,0.0042,0.0049,0.0145
MSH,2024-03-26,26.01,26.75,26.01,26.69,67582,26.91,26.09,24.78,-0.8322,2.3195,7.705,0.0097,0.0118,0.012
MSH,2024-03-27,26.5,27.19,26.5,26.94,98180,26.95,26.19,24.86,-0.0231,2.8809,8.3828,0.0065,0.0077,0.0123
MSH,2024-03-28,26.88,27.25,26.88,27.0,50459,26.92,26.29,24.93,0.3005,2.7037,8.297,-0.0037,-0.0042,0.0102
MSH,2024-03-29,26.91,27.1,26.91,27.0,60040,26.91,26.39,25.02,0.3236,2.3344,7.9253,0.0,0.0,0.0089
MSH,2024-04-01,27.0,27.25,26.69,26.75,86798,26.93,26.44,25.1,-0.6469,1.1824,6.586,-0.0198,-0.0231,0.0085
MSH,2024-04-02,26.75,27.03,26.66,27.03,55666,26.96,26.52,25.19,0.2885,1.9474,7.3316,0.0077,0.0089,0.0089
MSH,2024-04-03,27.19,28.62,27.13,28.53,552297,27.12,26.7,25.3,5.1847,6.8453,12.7644,0.0637,0.0783,0.0144
MSH,2024-04-04,28.62,29.37,28.62,29.21,263149,27.31,26.89,25.42,6.9476,8.6114,14.8961,0.0261,0.0335,0.0152
MSH,2024-04-05,29.18,29.21,28.37,28.46,220084,27.43,27.06,25.53,3.7533,5.1966,11.4766,-0.025,-0.0318,0.0166
MSH,2024-04-08,28.46,28.56,27.62,27.78,181961,27.54,27.18,25.63,0.8698,2.1914,8.3869,-0.0242,-0.0308,0.0186
MSH,2024-04-09,27.47,28.28,27.47,28.25,89824,27.7,27.31,25.74,1.9881,3.4463,9.7493,0.0175,0.0214,0.0194
MSH,2024-04-10,28.25,28.25,27.62,27.69,46792,27.77,27.36,25.83,-0.3024,1.1996,7.1799,-0.0077,-0.0096,0.0195
MSH,2024-04-11,27.06,27.31,26.66,27.06,205463,27.78,27.35,25.91,-2.5647,-1.0408,4.4393,0.0145,0.0178,0.0206
MSH,2024-04-12,27.03,27.69,27.03,27.69,115049,27.84,27.38,26.01,-0.5698,1.1191,6.4517,0.0291,0.0369,0.0235
MSH,2024-04-15,27.69,27.69,25.82,26.26,356914,27.8,27.36,26.07,-5.54,-4.0418,0.728,-0.0153,-0.0199,0.0231
MSH,2024-04-16,26.26,26.57,25.7,26.57,136706,27.75,27.35,26.12,-4.2601,-2.8718,1.7127,0.0227,0.0273,0.0246
MSH,2024-04-17,26.57,26.57,26.01,26.19,75817,27.52,27.32,26.16,-4.805,-4.1166,0.1356,-0.0041,-0.0054,0.0186
MSH,2024-04-19,25.32,26.32,25.32,26.26,97201,27.22,27.27,26.2,-3.5429,-3.7079,0.2209,0.0145,0.0183,0.0175
MSH,2024-04-22,26.13,26.69,25.85,26.69,61492,27.04,27.24,26.24,-1.2999,-2.0101,1.7021,0.022,0.0278,0.0172
MSH,2024-04-23,26.69,26.69,26.07,26.57,43089,26.92,27.23,26.28,-1.3173,-2.439,1.0747,0.0075,0.0097,0.0155
MSH,2024-04-24,26.32,27.06,26.32,26.75,53202,26.77,27.23,26.33,-0.0697,-1.7648,1.614,0.002,0.0022,0.0139
MSH,2024-04-25,26.82,27.06,26.63,27.06,31951,26.71,27.24,26.38,1.3277,-0.6452,2.604,0.0141,0.0151,0.0146
MSH,2024-04-26,27.06,27.06,26.16,26.88,18122,26.69,27.23,26.41,0.6993,-1.3079,1.7788,0.0042,0.0045,0.0136
MSH,2024-05-02,26.88,27.84,26.44,27.75,199187,26.7,27.27,26.46,3.9385,1.751,4.8795,0.0768,0.0909,0.0183
MSH,2024-05-03,28.31,28.31,27.69,27.69,117767,26.84,27.32,26.51,3.1525,1.3494,4.4233,-0.0382,-0.0457,0.0206
MSH,2024-05-06,27.72,28.15,27.72,28.0,164885,26.98,27.37,26.58,3.7584,2.3076,5.342,0.0099,0.0133,0.0193
MSH,2024-05-07,28.56,28.93,27.84,28.62,232149,27.23,27.37,26.66,5.1188,4.5633,7.3688,0.0385,0.0415,0.0228
MSH,2024-05-08,28.5,30.61,28.0,30.61,725122,27.66,27.44,26.77,10.6613,11.552,14.3388,0.167,0.2332,0.038
MSH,2024-05-09,31.23,31.67,30.49,30.61,251177,28.05,27.55,26.89,9.1151,11.1174,13.8257,-0.0544,-0.0703,0.0413
MSH,2024-05-10,30.61,31.11,30.17,30.61,204322,28.46,27.69,26.99,7.5645,10.5494,13.3954,-0.0043,-0.0058,0.0409
MSH,2024-05-13,31.05,31.05,29.86,30.17,139238,28.8,27.79,27.09,4.7743,8.5983,11.397,-0.024,-0.0361,0.0431
MSH,2024-05-14,30.17,30.92,29.93,30.64,160679,29.16,27.93,27.2,5.0891,9.6943,12.6461,0.0245,0.0325,0.0442
MSH,2024-05-15,30.67,32.29,30.49,31.29,338988,29.6,28.15,27.33,5.7278,11.1909,14.5082,-0.0102,-0.0136,0.0448
MSH,2024-05-16,31.92,31.92,30.7,30.92,189050,29.92,28.31,27.45,3.3586,9.2368,12.6626,-0.0273,-0.0375,0.0398
MSH,2024-05-17,31.11,31.11,30.3,30.49,266646,30.2,28.52,27.54,0.9581,6.8994,10.6869,-0.0326,-0.0435,0.0393
MSH,2024-05-20,30.61,31.73,30.42,31.67,321724,30.56,28.77,27.67,3.6132,10.06,14.4669,0.0503,0.0684,0.0433
MSH,2024-05-21,31.29,33.6,31.29,32.79,596189,30.98,29.1,27.82,5.8339,12.661,17.8417,0.0376,0.0542,0.0432
MSH,2024-05-22,33.22,33.22,31.73,31.79,215446,31.1,29.38,27.95,2.2307,8.2111,13.7325,-0.0317,-0.0469,0.0297
MSH,2024-05-23,31.79,32.35,30.83,31.92,354444,31.23,29.64,28.09,2.2014,7.677,13.6313,0.0256,0.034,0.0268
MSH,2024-05-24,31.42,32.29,30.49,30.8,358224,31.25,29.85,28.2,-1.4435,3.1626,9.2137,-0.0422,-0.0562,0.0306
MSH,2024-05-27,30.8,30.86,30.55,30.73,73085,31.3,30.05,28.3,-1.8186,2.2721,8.6144,0.0043,0.0061,0.0286
MSH,2024-05-28,31.42,31.42,30.8,30.83,145042,31.32,30.24,28.38,-1.5791,1.9443,8.6218,-0.032,-0.0413,0.0294
MSH,2024-05-29,30.92,31.01,30.58,30.61,270226,31.25,30.43,28.45,-2.0603,0.6032,7.5998,-0.0367,-0.0515,0.032
MSH,2024-05-30,30.49,30.98,30.08,30.36,158380,31.2,30.56,28.51,-2.6822,-0.6414,6.4781,-0.011,-0.0133,0.0304
MSH,2024-05-31,30.36,31.42,30.17,30.92,562668,31.24,30.72,28.6,-1.0256,0.6582,8.1163,0.0307,0.042,0.0302
MSH,2024-06-03,31.42,32.66,30.92,32.35,499439,31.31,30.94,28.71,3.3284,4.5752,12.6785,0.0647,0.0942,0.0316
MSH,2024-06-04,32.35,32.35,31.61,31.67,360715,31.2,31.09,28.81,1.5056,1.8611,9.9281,-0.0679,-0.0928,0.0347
MSH,2024-06-05,31.98,32.23,31.61,31.85,583669,31.2,31.15,28.9,2.0835,2.2568,10.2261,-0.0213,-0.0268,0.0336
MSH,2024-06-06,31.98,32.04,31.11,31.54,268518,31.17,31.2,28.99,1.2077,1.1068,8.8263,-0.0056,-0.0073,0.0316
MSH,2024-06-07,31.67,31.92,31.36,31.61,198135,31.25,31.25,29.08,1.1448,1.1448,8.6747,-0.0076,-0.0106,0.0282
MSH,2024-06-10,31.23,32.35,31.23,31.54,228263,31.33,31.32,29.18,0.6851,0.7252,8.1001,-0.0261,-0.0354,0.0304
MSH,2024-06-11,31.54,31.67,30.83,30.98,264237,31.34,31.33,29.26,-1.1512,-1.1169,5.8876,-0.0308,-0.0393,0.0302
MSH,2024-06-12,31.05,31.11,30.55,30.95,265095,31.38,31.32,29.34,-1.3582,-1.1622,5.4964,0.0225,0.0282,0.0288
MSH,2024-06-13,31.01,31.01,30.61,30.61,223408,31.4,31.3,29.41,-2.526,-2.2063,4.0741,-0.0538,-0.0654,0.0331
MSH,2024-06-14,30.61,30.83,29.86,29.86,282707,31.3,31.27,29.47,-4.5821,-4.4966,1.3214,-0.0288,-0.0381,0.0329
MSH,2024-06-17,29.9,29.9,28.68,29.18,335925,30.98,31.15,29.52,-5.8138,-6.3124,-1.1445,-0.0146,-0.0171,0.0279
MSH,2024-06-18,29.71,29.86,29.34,29.86,158427,30.8,31.0,29.54,-3.0401,-3.6628,1.0824,0.0344,0.039,0.0246
MSH,2024-06-19,30.05,30.61,29.71,29.8,204862,30.59,30.9,29.56,-2.5928,-3.5538,0.8315,-0.0404,-0.0478,0.0265
MSH,2024-06-20,29.86,30.08,29.18,29.34,139492,30.37,30.77,29.57,-3.4207,-4.6656,-0.8058,-0.0223,-0.0287,0.0281
MSH,2024-06-21,29.34,29.86,29.24,29.4,200364,30.15,30.7,29.61,-2.507,-4.2456,-0.704,-0.0225,-0.0288,0.0296
MSH,2024-06-24,29.12,29.83,28.84,28.84,274467,29.88,30.61,29.62,-3.4978,-5.7783,-2.6342,-0.0348,-0.0411,0.0305
MSH,2024-06-25,28.84,29.12,28.78,28.93,57149,29.68,30.51,29.64,-2.5157,-5.1794,-2.4011,-0.002,-0.0024,0.0276
MSH,2024-06-26,28.96,29.02,28.65,28.99,93427,29.48,30.43,29.68,-1.6566,-4.723,-2.3184,0.0248,0.0266,0.0278
MSH,2024-06-27,29.06,30.05,28.99,29.99,401854,29.42,30.41,29.73,1.9351,-1.3911,0.879,0.1443,0.1864,0.0369
MSH,2024-06-28,29.99,29.99,28.31,29.86,188834,29.42,30.36,29.8,1.5121,-1.6293,0.2171,0.0381,0.0496,0.0378
MSH,2024-07-01,29.27,30.11,29.27,30.11,167740,29.51,30.25,29.87,2.0344,-0.4422,0.8123,0.0599,0.0638,0.0424
MSH,2024-07-02,30.05,30.95,29.99,30.8,441229,29.61,30.2,29.96,4.0244,1.9672,2.7867,0.1095,0.1281,0.0499
MSH,2024-07-03,30.92,31.08,30.7,30.95,205000,29.72,30.16,30.06,4.1449,2.6355,2.9829,0.029,0.0356,0.0487
MSH,2024-07-04,30.95,30.95,30.61,30.86,130664,29.87,30.12,30.14,3.3011,2.4423,2.3884,0.022,0.0252,0.0487
MSH,2024-07-05,30.83,31.79,30.8,30.98,352103,30.03,30.09,30.23,3.1697,2.9617,2.5008,-0.0705,-0.089,0.0535
MSH,2024-07-08,31.48,31.48,30.92,31.11,121863,30.26,30.07,30.31,2.8066,3.4501,2.6167,-0.0103,-0.0127,0.051
MSH,2024-07-09,31.61,31.67,30.67,30.67,227842,30.43,30.06,30.39,0.7871,2.0546,0.9398,-0.0546,-0.0694,0.0563
MSH,2024-07-10,30.67,30.8,30.05,30.17,226793,30.55,30.02,30.45,-1.232,0.5286,-0.9132,-0.0343,-0.0403,0.0573
MSH,2024-07-11,30.17,30.8,30.05,30.21,105679,30.57,30.0,30.5,-1.2007,0.7,-0.9709,-0.0161,-0.0193,0.0444
MSH,2024-07-12,30.33,30.83,30.24,30.67,107650,30.65,30.04,30.56,0.0609,2.118,0.3624,0.0177,0.0231,0.0424
MSH,2024-07-15,30.61,30.95,30.33,30.49,72252,30.69,30.1,30.61,-0.669,1.2763,-0.4105,-0.0144,-0.0185,0.0378
MSH,2024-07-16,30.55,30.8,30.17,30.17,123107,30.63,30.12,30.64,-1.4828,0.1911,-1.5268,-0.0321,-0.0408,0.0301
MSH,2024-07-17,30.17,30.24,28.96,29.06,280150,30.44,30.08,30.61,-4.5478,-3.4076,-5.0852,-0.0401,-0.058,0.0312
MSH,2024-07-18,28.99,29.12,27.03,28.74,262386,30.23,30.05,30.57,-4.9089,-4.3478,-5.9867,0.0346,0.0405,0.0325
MSH,2024-07-19,28.74,29.49,28.31,28.31,122344,29.96,30.0,30.53,-5.5135,-5.6261,-7.2715,-0.0285,-0.0397,0.0283
MSH,2024-07-22,28.06,28.4,27.06,27.38,165788,29.59,29.92,30.47,-7.4755,-8.5144,-10.1637,-0.0204,-0.0248,0.0293
MSH,2024-07-23,27.56,27.69,26.82,26.82,121706,29.2,29.82,30.4,-8.1709,-10.0678,-11.7797,-0.0241,-0.0298,0.0262
MSH,2024-07-24,26.44,28.25,26.44,28.25,115708,29.01,29.78,30.33,-2.6273,-5.1499,-6.8852,0.0295,0.0368,0.0257
MSH,2024-07-25,28.06,28.06,27.5,27.75,41299,28.76,29.67,30.27,-3.5259,-6.4696,-8.3342,-0.0022,-0.0026,0.0244
MSH,2024-07-26,28.0,28.68,27.78,28.68,46344,28.56,29.61,30.24,0.4138,-3.1309,-5.1382,0.0199,0.0223,0.0246
MSH,2024-07-29,28.74,29.12,28.43,28.46,51237,28.36,29.53,30.17,0.3619,-3.598,-5.6584,-0.0176,-0.0214,0.0249
MSH,2024-07-30,28.46,28.71,28.18,28.68,83938,28.21,29.42,30.09,1.665,-2.5112,-4.6772,0.0221,0.0353,0.0239
MSH,2024-07-31,28.93,29.09,28.37,28.78,91694,28.18,29.31,30.03,2.0971,-1.8307,-4.1749,0.0031,0.0039,0.0202
MSH,2024-08-01,28.81,28.81,26.78,27.38,161054,28.05,29.14,29.94,-2.3957,-6.0481,-8.56,-0.0115,-0.0143,0.0179
MSH,2024-08-02,26.78,28.0,26.78,28.0,121311,28.02,28.99,29.88,-0.0666,-3.4179,-6.3066,0.0244,0.0312,0.0175
MSH,2024-08-05,26.94,27.87,26.44,27.13,214368,27.99,28.79,29.81,-3.0896,-5.7756,-9.0017,-0.0013,-0.0018,0.0156
MSH,2024-08-06,27.13,27.53,26.75,27.44,56200,28.05,28.63,29.74,-2.1956,-4.1565,-7.7483,0.0116,0.0143,0.0143
MSH,2024-08-07,28.12,28.12,27.38,27.62,46782,27.99,28.5,29.68,-1.3114,-3.0726,-6.9339,-0.0054,-0.006,0.0119
MSH,2024-08-08,27.62,29.55,27.62,29.55,503622,28.17,28.47,29.67,4.9028,3.8138,-0.3817,0.1576,0.2493,0.0275
MSH,2024-08-09,29.93,30.11,29.55,29.8,135835,28.28,28.42,29.64,5.3674,4.8484,0.5331,-0.0051,-0.0058,0.026
MSH,2024-08-12,30.14,30.49,29.86,30.24,203233,28.46,28.41,29.6,6.2411,6.4272,2.148,0.0131,0.0167,0.0255
MSH,2024-08-13,30.17,30.36,29.74,30.24,181264,28.62,28.41,29.57,5.6637,6.4156,2.2469,0.0488,0.0621,0.0282
MSH,2024-08-14,30.49,31.11,30.24,30.36,243151,28.78,28.48,29.54,5.5135,6.6084,2.7714,-0.0653,-0.0845,0.0344
MSH,2024-08-15,30.33,30.36,29.62,30.36,103886,29.07,28.56,29.52,4.4297,6.3065,2.8538,0.0428,0.0583,0.0375
MSH,2024-08-16,30.36,30.95,30.27,30.49,334807,29.32,28.67,29.5,3.9678,6.3368,3.3537,-0.0165,-0.0234,0.0368
MSH,2024-08-19,30.61,31.05,30.61,30.89,233095,29.7,28.85,29.48,4.0117,7.0908,4.7711,0.0204,0.0274,0.0387
MSH,2024-08-20,30.86,30.98,30.49,30.58,158475,30.01,29.03,29.48,1.8864,5.3252,3.7445,-0.0251,-0.0335,0.04
MSH,2024-08-21,30.58,32.35,30.55,31.61,394707,30.41,29.2,29.49,3.928,8.2348,7.1798,0.0165,0.0213,0.0411
MSH,2024-08-22,31.42,31.61,31.05,31.08,156311,30.56,29.37,29.5,1.6794,5.8207,5.3531,-0.0474,-0.0678,0.0301
MSH,2024-08-23,30.86,31.11,30.8,30.98,124907,30.68,29.48,29.52,0.9835,5.091,4.957,0.0076,0.0112,0.0304
MSH,2024-08-26,30.86,32.04,30.86,31.11,209705,30.77,29.62,29.56,1.102,5.042,5.241,-0.0297,-0.0386,0.032
MSH,2024-08-27,31.11,31.11,30.55,31.11,142492,30.86,29.74,29.58,0.8166,4.6134,5.1525,0.0492,0.058,0.0321
MSH,2024-08-28,30.98,31.11,30.17,30.67,99632,30.89,29.83,29.6,-0.6949,2.8208,3.6193,0.0021,0.003,0.0257
MSH,2024-08-29,30.89,30.89,30.39,30.39,107537,30.89,29.98,29.62,-1.6113,1.3696,2.6002,-0.0341,-0.0471,0.0249
MSH,2024-08-30,30.49,30.67,30.17,30.64,75973,30.91,30.11,29.65,-0.8556,1.751,3.3535,0.0217,0.0289,0.0254
MSH,2024-09-04,30.49,30.49,29.9,29.9,102338,30.81,30.25,29.67,-2.9587,-1.1825,0.7633,-0.03,-0.0391,0.0263
MSH,2024-09-05,29.93,30.24,29.55,30.02,78834,30.75,30.38,29.69,-2.3773,-1.1929,1.1085,0.0096,0.0119,0.0248
MSH,2024-09-06,29.74,30.42,29.74,30.17,95737,30.61,30.51,29.71,-1.4127,-1.0961,1.5516,0.0091,0.0107,0.024
MSH,2024-09-09,30.14,30.33,29.96,30.33,38563,30.53,30.55,29.72,-0.6622,-0.7128,2.0515,0.0205,0.0257,0.0213
MSH,2024-09-10,30.33,30.52,30.11,30.27,39945,30.46,30.57,29.73,-0.6332,-0.9921,1.8145,-0.0028,-0.0038,0.0209
MSH,2024-09-11,29.99,30.05,29.24,29.37,208318,30.29,30.53,29.71,-3.0403,-3.806,-1.1705,-0.0573,-0.0787,0.0236
MSH,2024-09-12,29.52,29.83,29.4,29.65,50423,30.14,30.5,29.69,-1.641,-2.7948,-0.1509,0.0036,0.0047,0.0191
MSH,2024-09-13,29.65,29.8,29.55,29.74,48115,30.05,30.47,29.67,-1.025,-2.3892,0.2454,0.0118,0.0154,0.02
MSH,2024-09-16,29.74,29.8,29.24,29.37,39299,29.94,30.42,29.64,-1.9323,-3.4567,-0.9132,-0.0068,-0.0084,0.0173
MSH,2024-09-17,29.37,29.96,29.27,29.96,84534,29.88,30.39,29.62,0.2707,-1.4279,1.1512,0.0222,0.0281,0.0174
MSH,2024-09-18,30.17,30.24,29.74,29.74,45722,29.86,30.33,29.59,-0.4063,-1.9588,0.5089,-0.018,-0.0205,0.0162
MSH,2024-09-19,30.05,30.05,29.68,29.9,36426,29.85,30.3,29.57,0.1563,-1.3347,1.0877,0.0026,0.0033,0.0155
MSH,2024-09-20,30.17,30.17,29.62,29.62,82004,29.79,30.2,29.56,-0.5952,-1.9365,0.1789,-0.0201,-0.0235,0.0166
MSH,2024-09-23,29.46,29.65,29.4,29.4,68515,29.7,30.12,29.55,-1.016,-2.3861,-0.5033,-0.0266,-0.0361,0.0172
MSH,2024-09-24,29.83,29.83,29.46,29.55,39602,29.63,30.04,29.52,-0.252,-1.636,0.099,-0.0059,-0.0076,0.0175
MSH,2024-09-25,29.68,29.74,29.46,29.62,212136,29.65,29.97,29.51,-0.1259,-1.1833,0.369,0.005,0.0065,0.0123
MSH,2024-09-26,29.93,29.99,29.58,29.68,158265,29.66,29.9,29.5,0.0734,-0.7388,0.6138,-0.0194,-0.0256,0.0138
MSH,2024-09-27,29.65,29.83,28.96,29.18,221360,29.6,29.82,29.5,-1.4188,-2.1592,-1.082,-0.032,-0.0422,0.0159
MSH,2024-09-30,29.18,29.43,29.06,29.24,153185,29.59,29.77,29.51,-1.1671,-1.761,-0.9045,0.0,0.0,0.0152
MSH,2024-10-01,29.24,29.49,28.9,28.9,240501,29.48,29.68,29.52,-1.9732,-2.6256,-2.1033,-0.0504,-0.0615,0.018
MSH,2024-10-02,28.93,28.96,28.43,28.43,202064,29.35,29.61,29.54,-3.1267,-3.9613,-3.753,-0.053,-0.072,0.0215
MSH,2024-10-03,28.43,28.65,28.15,28.43,100981,29.2,29.53,29.57,-2.6417,-3.7033,-3.8583,0.002,0.0027,0.0214
MSH,2024-10-04,28.46,28.87,28.37,28.37,78523,29.08,29.44,29.58,-2.439,-3.6195,-4.0767,-0.0194,-0.026,0.0214
MSH,2024-10-07,28.68,28.68,27.84,27.94,173935,28.93,29.32,29.58,-3.4512,-4.7114,-5.5612,-0.0591,-0.0701,0.0246
MSH,2024-10-08,28.0,28.25,27.87,27.87,115041,28.77,29.2,29.56,-3.1037,-4.5336,-5.7199,-0.0302,-0.0363,0.0271
MSH,2024-10-09,27.87,28.15,27.87,28.0,83110,28.6,29.13,29.55,-2.1207,-3.8821,-5.2691,-0.0026,-0.0028,0.0268
MSH,2024-10-10,28.31,28.37,28.0,28.12,150350,28.45,29.05,29.54,-1.1482,-3.2016,-4.8121,-0.0112,-0.0123,0.026
MSH,2024-10-11,28.03,28.22,28.0,28.22,25546,28.35,28.98,29.53,-0.4828,-2.6249,-4.4599,0.0095,0.0104,0.0237
MSH,2024-10-14,28.18,28.25,27.9,28.12,125986,28.24,28.91,29.55,-0.4186,-2.7382,-4.8241,0.0087,0.0107,0.0246
MSH,2024-10-15,28.12,28.12,27.87,28.0,77773,28.15,28.82,29.55,-0.5415,-2.8393,-5.2452,0.0,0.0,0.0196
MSH,2024-10-16,27.94,28.0,27.9,28.0,20006,28.11,28.73,29.56,-0.3874,-2.5447,-5.301,0.0076,0.0085,0.015
MSH,2024-10-17,28.0,28.74,28.0,28.43,87778,28.11,28.66,29.58,1.1621,-0.7762,-3.8927,0.0031,0.004,0.0151
MSH,2024-10-18,28.43,28.56,28.18,28.18,29441,28.09,28.58,29.6,0.3433,-1.3985,-4.7699,-0.0075,-0.0097,0.0139
MSH,2024-10-21,28.18,28.4,28.0,28.0,73065,28.09,28.51,29.56,-0.3433,-1.811,-5.301,-0.0182,-0.0211,0.0099
MSH,2024-10-22,28.0,28.25,27.75,28.0,88542,28.11,28.44,29.53,-0.3874,-1.5425,-5.1853,0.0,0.0,0.0068
MSH,2024-10-23,28.0,28.22,27.9,28.06,28541,28.11,28.36,29.48,-0.1881,-1.0531,-4.8342,-0.0,-0.0,0.0066
MSH,2024-10-24,28.06,28.31,28.0,28.06,77410,28.11,28.28,29.44,-0.166,-0.7701,-4.6935,-0.0101,-0.0121,0.0065
MSH,2024-10-25,28.09,28.22,28.03,28.09,35112,28.09,28.22,29.4,-0.0111,-0.4685,-4.4404,-0.0042,-0.0049,0.0059
MSH,2024-10-28,28.06,28.4,28.06,28.4,43146,28.12,28.18,29.36,0.9956,0.7838,-3.2531,0.0214,0.0245,0.0072
MSH,2024-10-29,28.53,29.06,28.46,28.84,74100,28.21,28.18,29.32,2.2389,2.3405,-1.6592,0.0076,0.0088,0.008
MSH,2024-10-30,28.74,29.49,28.74,29.49,128347,28.36,28.23,29.3,4.0044,4.4628,0.6647,0.065,0.0683,0.0137
MSH,2024-10-31,29.58,30.05,29.58,29.86,331622,28.5,28.3,29.28,4.792,5.5177,1.9888,0.0294,0.0353,0.0163
MSH,2024-11-01,29.86,29.9,29.62,29.8,152409,28.66,28.37,29.25,3.9835,5.0324,1.9019,0.0152,0.0179,0.0171
MSH,2024-11-04,29.8,30.3,29.49,29.86,157396,28.85,28.47,29.22,3.5264,4.8951,2.1994,-0.0039,-0.005,0.0157
MSH,2024-11-05,29.86,30.3,29.86,30.05,99326,29.05,28.58,29.2,3.4372,5.1486,2.9039,-0.0073,-0.0092,0.0164
MSH,2024-11-06,30.49,30.64,30.02,30.36,238841,29.28,28.7,29.19,3.6864,5.7994,4.0223,0.0074,0.0092,0.0171
MSH,2024-11-07,30.49,30.61,30.24,30.39,131060,29.52,28.81,29.17,2.9722,5.4905,4.18,-0.0078,-0.0103,0.0169
MSH,2024-11-08,30.39,31.61,30.24,31.61,489838,29.87,28.98,29.19,5.8223,9.0597,8.2694,0.1693,0.2138,0.0334
MSH,2024-11-11,31.73,32.1,31.54,31.73,228263,30.2,29.16,29.22,5.068,8.8116,8.5961,-0.0204,-0.024,0.0333
MSH,2024-11-12,31.42,31.98,31.29,31.42,198593,30.46,29.33,29.23,3.156,7.1163,7.4742,-0.0387,-0.0489,0.0364
MSH,2024-11-13,31.42,32.35,31.36,32.04,322172,30.71,29.53,29.28,4.3249,8.4896,9.4417,0.0408,0.0527,0.034
MSH,2024-11-14,32.35,33.29,32.35,32.35,549685,30.96,29.73,29.32,4.4911,8.8208,10.3284,-0.1397,-0.1881,0.0451
MSH,2024-11-15,32.35,32.6,31.67,32.23,383313,31.2,29.93,29.36,3.2798,7.6699,9.7504,0.0195,0.0278,0.0455
MSH,2024-11-18,32.23,32.66,31.73,32.35,215021,31.45,30.15,29.41,2.8583,7.305,10.0226,0.0292,0.0385,0.048
MSH,2024-11-19,32.66,32.66,31.17,31.17,258032,31.57,30.31,29.42,-1.2516,2.8431,5.9376,-0.0766,-0.0903,0.055
MSH,2024-11-20,30.92,31.92,30.67,31.67,201928,31.7,30.49,29.47,-0.0883,3.867,7.461,0.0463,0.0547,0.0588
MSH,2024-11-21,31.67,32.29,31.67,32.23,149579,31.88,30.7,29.52,1.0929,4.9858,9.1699,0.045,0.0592,0.0626
MSH,2024-11-22,32.23,33.29,32.04,32.91,266645,32.01,30.94,29.58,2.8183,6.3798,11.249,0.0404,0.0613,0.0497
MSH,2024-11-25,33.04,33.22,32.6,32.91,223316,32.13,31.16,29.66,2.44,5.6099,10.9829,0.0,0.0,0.0476
MSH,2024-11-26,32.85,32.97,32.6,32.85,188463,32.27,31.36,29.71,1.7929,4.7359,10.5574,0.027,0.0396,0.0464
MSH,2024-11-27,32.85,32.91,32.66,32.79,144547,32.35,31.53,29.77,1.3657,3.9909,10.122,0.0,0.0,0.0424
MSH,2024-11-28,32.85,32.91,32.6,32.6,322049,32.37,31.67,29.83,0.7111,2.952,9.2965,-0.1497,-0.2093,0.0434
MSH,2024-11-29,32.73,34.34,32.13,32.8,396373,32.43,31.82,29.89,1.1504,3.096,9.7332,-0.0609,-0.0777,0.0475
MSH,2024-12-02,32.87,32.87,32.0,32.33,265788,32.43,31.94,29.95,-0.2833,1.236,7.9598,-0.0375,-0.0471,0.0483
MSH,2024-12-03,32.33,32.5,32.0,32.0,203977,32.51,32.04,30.0,-1.5636,-0.1127,6.6724,-0.0629,-0.0899,0.047
MSH,2024-12-04,31.87,32.2,31.6,31.63,203896,32.51,32.1,30.04,-2.6816,-1.4531,5.3083,-0.0571,-0.0806,0.048
MSH,2024-12-05,31.63,32.93,31.63,32.67,342983,32.55,32.22,30.1,0.3615,1.4066,8.5322,0.0283,0.0417,0.0464
MSH,2024-12-06,32.63,33.6,32.6,33.2,212333,32.58,32.29,30.18,1.9096,2.8076,10.0101,0.0121,0.0176,0.0435
MSH,2024-12-09,33.27,34.27,33.1,33.6,251960,32.65,32.39,30.27,2.9197,3.7457,11.0148,-0.015,-0.023,0.045
MSH,2024-12-10,33.6,33.6,33.2,33.27,133002,32.69,32.48,30.36,1.7683,2.4241,9.5971,-0.0334,-0.0491,0.0457
MSH,2024-12-11,33.13,33.54,32.87,33.54,189233,32.76,32.56,30.46,2.3503,3.0083,10.1055,0.0838,0.125,0.0541
MSH,2024-12-12,33.67,35.67,33.67,35.14,1074468,33.02,32.69,30.59,6.4109,7.464,14.8535,0.1781,0.2611,0.0569
MSH,2024-12-13,35.14,35.6,34.67,34.67,159525,33.2,32.82,30.72,4.4072,5.6423,12.8633,-0.0819,-0.1203,0.059
MSH,2024-12-16,34.67,35.14,34.6,34.74,208189,33.45,32.94,30.85,3.8573,5.4626,12.5819,-0.0572,-0.0878,0.061
MSH,2024-12-17,34.74,35.0,34.34,34.74,375681,33.72,33.11,30.99,3.0153,4.895,12.0833,0.0437,0.058,0.0591
MSH,2024-12-18,34.8,34.94,34.54,34.74,141398,34.03,33.27,31.13,2.0768,4.4115,11.598,0.0,0.0,0.0533
MSH,2024-12-19,34.54,35.54,34.34,34.67,298152,34.23,33.39,31.26,1.2855,3.8303,10.9173,-0.0387,-0.0582,0.0544
MSH,2024-12-20,34.74,35.4,34.4,35.27,258766,34.44,33.51,31.4,2.4201,5.256,12.33,0.0611,0.1038,0.0593
MSH,2024-12-23,35.54,36.07,35.0,35.4,303589,34.62,33.63,31.54,2.2727,5.2629,12.2342,-0.0348,-0.0527,0.0613
MSH,2024-12-24,35.4,35.6,34.87,35.6,317227,34.85,33.77,31.69,2.1619,5.4264,12.3267,0.1,0.1577,0.0679
MSH,2024-12-25,35.67,36.54,35.0,35.2,266724,35.02,33.89,31.84,0.5331,3.8706,10.562,-0.0571,-0.0859,0.0653
MSH,2024-12-26,35.2,35.47,34.94,35.34,174646,35.04,34.03,31.98,0.8563,3.8452,10.5017,0.0292,0.047,0.0504
MSH,2024-12-27,35.2,35.94,35.0,35.14,244955,35.08,34.14,32.12,0.152,2.9046,9.4006,-0.0571,-0.081,0.0479
MSH,2024-12-30,35.0,35.0,34.14,34.4,200610,35.05,34.25,32.24,-1.8452,0.4526,6.6916,-0.0271,-0.0402,0.0449
MSH,2024-12-31,34.4,35.0,34.4,34.67,132597,35.04,34.38,32.38,-1.0654,0.8387,7.0756,-0.0056,-0.0079,0.0411
MSH,2025-01-02,34.54,34.8,34.34,34.4,67319,35.01,34.52,32.5,-1.733,-0.338,5.8373,-0.03,-0.0412,0.0441
MSH,2025-01-03,34.34,35.27,34.2,34.67,281689,35.01,34.62,32.64,-0.9712,0.1444,6.2258,-0.009,-0.0133,0.0411
MSH,2025-01-06,34.4,34.94,33.2,33.2,292499,34.8,34.62,32.74,-4.5977,-4.0924,1.414,-0.0963,-0.1396,0.0446
MSH,2025-01-07,33.13,33.47,32.67,32.67,253584,34.53,34.57,32.82,-5.3871,-5.5057,-0.4746,-0.0915,-0.1295,0.0503
MSH,2025-01-08,32.67,32.87,32.37,32.67,124781,34.24,34.54,32.9,-4.5764,-5.4237,-0.7063,0.0123,0.0173,0.0415
MSH,2025-01-09,32.43,33.1,32.43,32.73,90531,33.99,34.5,32.97,-3.6877,-5.1208,-0.6995,-0.0053,-0.0077,0.0363
MSH,2025-01-10,32.73,32.8,32.0,32.2,162718,33.68,34.36,33.01,-4.3754,-6.2682,-2.4558,-0.0226,-0.0341,0.0357
MSH,2025-01-13,32.0,32.47,32.0,32.4,137297,33.4,34.24,33.06,-2.994,-5.3738,-2.0043,0.0391,0.0552,0.0339
MSH,2025-01-14,32.53,32.97,32.4,32.63,90647,33.22,34.14,33.12,-1.7759,-4.3992,-1.4637,-0.0081,-0.0119,0.032
MSH,2025-01-15,32.67,32.67,32.4,32.63,156451,33.02,34.03,33.17,-1.171,-4.1042,-1.6173,0.0506,0.081,0.0365
MSH,2025-01-16,32.73,33.2,32.67,32.67,52408,32.85,33.93,33.22,-0.548,-3.7139,-1.6536,-0.0252,-0.0365,0.036
MSH,2025-01-17,32.73,33.74,32.67,33.67,222052,32.75,33.88,33.28,2.8094,-0.6199,1.1575,0.0983,0.1355,0.0449
MSH,2025-01-20,34.0,34.0,33.34,33.34,120133,32.76,33.78,33.32,1.7501,-1.3223,0.052,-0.0626,-0.0937,0.0416
MSH,2025-01-21,33.4,33.74,33.34,33.67,224436,32.86,33.7,33.36,2.4549,-0.0791,0.9351,0.0796,0.1268,0.0404
MSH,2025-01-22,33.74,34.54,33.6,34.4,274027,33.03,33.64,33.42,4.1372,2.2795,2.9496,0.07,0.1108,0.0461
MSH,2025-01-23,34.6,34.8,34.27,34.4,287935,33.2,33.6,33.46,3.6145,2.4013,2.8044,-0.0559,-0.0791,0.0512
MSH,2025-01-24,34.4,34.74,34.27,34.67,209147,33.45,33.56,33.51,3.6476,3.2976,3.4581,0.0548,0.0809,0.0544
MSH,2025-02-03,35.47,35.94,34.87,34.87,776147,33.7,33.55,33.56,3.4824,3.9348,3.8913,-0.3243,-0.3982,0.083
MSH,2025-02-04,35.47,35.6,34.87,35.0,231054,33.93,33.58,33.62,3.1536,4.2391,4.1242,-0.0453,-0.0814,0.0867
MSH,2025-02-05,35.07,35.2,34.6,34.6,217138,34.13,33.58,33.68,1.387,3.058,2.7245,-0.0731,-0.1197,0.0889
MSH,2025-02-06,34.6,35.67,34.4,35.67,543855,34.43,33.64,33.76,3.6019,6.0351,5.6404,0.2208,0.3594,0.1085
MSH,2025-02-07,35.94,36.4,35.47,35.6,547260,34.62,33.69,33.83,2.8307,5.6903,5.2327,-0.1353,-0.2074,0.1122
MSH,2025-02-10,35.6,35.6,34.34,34.34,293587,34.72,33.74,33.86,-1.1137,1.7585,1.4032,-0.073,-0.1,0.1132
MSH,2025-02-11,34.67,34.87,34.27,34.34,375877,34.79,33.83,33.89,-1.3032,1.5078,1.318,-0.1088,-0.1512,0.1161
MSH,2025-02-12,34.4,35.07,34.4,34.6,408431,34.81,33.92,33.92,-0.5938,2.0047,1.9995,-0.0626,-0.1004,0.1154
MSH,2025-02-13,34.87,35.87,34.87,35.67,531138,34.94,34.07,33.98,2.0992,4.6967,4.9658,0.1195,0.1773,0.1218
MSH,2025-02-14,36.07,38.14,36.07,38.14,910844,35.28,34.37,34.09,8.0877,10.971,11.8608,0.2435,0.4069,0.1406
MSH,2025-02-17,39.67,40.0,39.0,39.34,720354,35.73,34.71,34.22,10.0952,13.3199,14.9403,-0.0596,-0.1098,0.1141
MSH,2025-02-18,39.34,41.0,38.87,40.14,520979,36.24,35.09,34.38,10.7432,14.3889,16.7459,0.0332,0.067,0.1129
MSH,2025-02-19,40.4,40.4,39.27,40.0,427066,36.78,35.46,34.54,8.7548,12.8244,15.8189,0.0286,0.0573,0.1085
MSH,2025-02-20,40.07,41.2,39.6,40.6,380752,37.28,35.85,34.72,8.9251,13.2497,16.949,0.0266,0.0486,0.0891
MSH,2025-02-21,40.6,41.0,40.2,40.4,179954,37.76,36.19,34.87,7.0104,11.6433,15.8567,-0.0294,-0.0541,0.0785
MSH,2025-02-24,40.4,40.87,40.07,40.6,211789,38.38,36.55,35.02,5.7843,11.0807,15.9382,0.0155,0.0272,0.0727
MSH,2025-02-25,40.6,40.67,39.0,39.34,448029,38.88,36.84,35.14,1.166,6.7873,11.9545,-0.0698,-0.1318,0.0688
MSH,2025-02-26,39.34,40.54,39.34,39.74,205491,39.4,37.1,35.26,0.8631,7.0979,12.6782,-0.0178,-0.0342,0.0643
MSH,2025-02-27,40.0,40.94,39.8,40.8,373455,39.91,37.42,35.41,2.2386,9.0326,15.2282,0.0517,0.1003,0.0576
MSH,2025-02-28,40.8,40.87,39.87,40.87,316862,40.18,37.73,35.52,1.709,8.3135,15.0439,0.0782,0.1494,0.041
MSH,2025-03-03,40.67,40.67,39.67,39.67,246800,40.22,37.97,35.62,-1.3594,4.4684,11.3523,-0.064,-0.1222,0.0415
MSH,2025-03-04,39.34,40.0,38.74,39.07,388776,40.11,38.18,35.71,-2.5931,2.3402,9.4018,-0.049,-0.0826,0.043
MSH,2025-03-05,39.07,39.27,38.67,38.67,188855,39.98,38.38,35.79,-3.2688,0.7557,8.0437,-0.0299,-0.0541,0.0432
MSH,2025-03-06,38.67,39.94,38.67,39.94,243914,39.91,38.59,35.89,0.0668,3.481,11.2597,0.0319,0.0632,0.0437
MSH,2025-03-07,40.07,40.07,39.27,39.4,134013,39.81,38.78,35.99,-1.0216,1.5988,9.485,-0.0183,-0.0338,0.0426
MSH,2025-03-10,39.4,39.4,39.0,39.07,213507,39.66,39.02,36.06,-1.4795,0.1282,8.3299,-0.0307,-0.0524,0.0441
MSH,2025-03-11,38.94,39.94,38.34,39.74,166971,39.7,39.29,36.15,0.1008,1.1369,9.9144,0.0211,0.0373,0.0392
MSH,2025-03-12,40.07,41.87,39.74,41.14,772552,39.84,39.62,36.26,3.2636,3.8371,13.44,0.0448,0.0826,0.0419
MSH,2025-03-13,41.34,41.34,40.07,40.07,200954,39.76,39.84,36.36,0.7713,0.5858,10.2024,-0.033,-0.0591,0.0401
MSH,2025-03-14,40.0,40.07,38.94,39.07,449385,39.58,39.88,36.43,-1.297,-2.0395,7.2317,-0.0644,-0.1158,0.0387
MSH,2025-03-17,39.2,39.54,38.67,38.67,161497,39.48,39.85,36.5,-2.0601,-2.9614,5.9283,-0.0431,-0.0736,0.0366
MSH,2025-03-18,38.87,39.54,38.87,39.07,141194,39.48,39.8,36.6,-1.0469,-1.8261,6.7512,-0.0103,-0.0187,0.0327
MSH,2025-03-19,39.07,39.74,39.0,39.74,221675,39.59,39.78,36.7,0.3705,-0.1173,8.2731,0.0555,0.0856,0.0353
MSH,2025-03-20,40.0,40.0,39.2,39.47,78224,39.54,39.73,36.8,-0.1855,-0.6461,7.2503,-0.0067,-0.013,0.0328
MSH,2025-03-21,39.74,39.94,39.07,39.34,110157,39.54,39.67,36.89,-0.5059,-0.8487,6.6175,-0.0109,-0.0209,0.032
MSH,2025-03-24,39.34,39.4,39.07,39.07,92642,39.54,39.6,37.01,-1.1804,-1.3302,5.559,-0.0182,-0.0317,0.0308
MSH,2025-03-25,39.34,40.54,39.14,39.67,233568,39.53,39.61,37.15,0.3542,0.1431,6.7763,-0.0154,-0.0276,0.0302
MSH,2025-03-26,39.67,39.87,38.94,39.0,163118,39.32,39.58,37.28,-0.797,-1.4488,4.625,-0.0434,-0.0717,0.0301
MSH,2025-03-27,39.4,39.67,39.0,39.14,158957,39.22,39.49,37.41,-0.221,-0.9032,4.6234,-0.0274,-0.0512,0.0295
MSH,2025-03-28,39.2,41.0,39.0,39.54,412553,39.27,39.43,37.55,0.6791,0.279,5.28,-0.0631,-0.1116,0.0294
MSH,2025-03-31,39.47,39.74,39.14,39.74,185402,39.38,39.43,37.7,0.9143,0.7778,5.4009,0.0423,0.0724,0.0293
MSH,2025-04-01,39.34,39.6,39.2,39.47,122845,39.42,39.45,37.84,0.1353,0.0507,4.3153,0.0144,0.0251,0.0297
MSH,2025-04-02,39.47,39.47,39.14,39.14,136438,39.36,39.47,37.97,-0.559,-0.853,3.0801,-0.0344,-0.065,0.0276
MSH,2025-04-03,36.4,36.4,36.4,36.4,82237,39.05,39.3,38.04,-6.7782,-7.3634,-4.3079,0.0049,0.0082,0.0274
MSH,2025-04-04,33.87,33.87,33.87,33.87,48817,38.5,39.02,38.04,-12.0346,-13.1995,-10.9771,0.0034,0.0056,0.0267
MSH,2025-04-08,31.5,31.5,31.5,31.5,42920,37.75,38.64,38.01,-16.5416,-18.4748,-17.1184,0.0042,0.0064,0.0253
MSH,2025-04-09,29.3,29.3,29.3,29.3,46667,36.71,38.12,37.92,-20.178,-23.1308,-22.7294,0.0,0.0,0.0237
MSH,2025-04-10,31.33,31.33,31.33,31.33,290648,35.94,37.63,37.86,-12.8177,-16.7257,-17.2331,0.0,0.0,0.0194
MSH,2025-04-11,29.17,30.67,29.17,29.93,1248007,35.02,37.12,37.77,-14.525,-19.3606,-20.7442,0.002,0.0028,0.0169
MSH,2025-04-14,31.33,31.33,29.03,29.03,556164,33.97,36.62,37.66,-14.5324,-20.7137,-22.8972,-0.0885,-0.1096,0.0194
MSH,2025-04-15,28.73,29.93,27.03,27.03,718045,32.7,36.04,37.5,-17.3293,-24.9838,-27.9086,-0.144,-0.1622,0.0296
MSH,2025-04-16,26.2,28.27,25.17,27.87,938375,31.54,35.48,37.36,-11.6466,-21.4507,-25.4024,0.1682,0.1875,0.045
MSH,2025-04-17,28.0,28.67,26.77,26.77,163979,30.3,34.83,37.2,-11.6709,-23.1469,-28.0453,-0.0383,-0.0435,0.0454
MSH,2025-04-18,27.37,28.3,26.93,27.6,457981,29.42,34.24,37.04,-6.1969,-19.3807,-25.4819,-0.0018,-0.0025,0.0451
MSH,2025-04-21,28.0,28.0,27.4,27.63,138254,28.8,33.65,36.88,-4.0509,-17.8801,-25.0696,-0.0064,-0.0084,0.0453
MSH,2025-04-22,28.13,28.13,25.7,26.17,626545,28.27,33.01,36.72,-7.4292,-20.7191,-28.7309,-0.0424,-0.0531,0.0492
MSH,2025-04-23,27.33,27.37,26.73,27.33,159975,28.07,32.39,36.58,-2.6244,-15.6075,-25.2684,0.0356,0.0429,0.0527
MSH,2025-04-24,27.37,29.23,27.37,28.4,398682,27.78,31.86,36.45,2.2441,-10.8553,-22.0879,0.0123,0.0152,0.054
MSH,2025-04-25,28.5,28.5,28.0,28.37,151332,27.62,31.32,36.31,2.7033,-9.4296,-21.8664,0.0137,0.0158,0.0551
MSH,2025-04-28,28.37,29.07,28.0,28.67,222679,27.58,30.78,36.12,3.9275,-6.8558,-20.6261,0.0187,0.0253,0.0482
MSH,2025-04-29,28.83,30.67,28.83,29.67,262324,27.85,30.27,35.92,6.5358,-2.004,-17.4152,-0.0078,-0.01,0.0345
MSH,2025-05-05,29.93,30.07,29.27,29.37,161167,28.0,29.77,35.71,4.8935,-1.3493,-17.7573,-0.0329,-0.0447,0.021
MSH,2025-05-06,29.4,30.0,29.4,29.7,151012,28.29,29.3,35.5,4.9841,1.3767,-16.3412,-0.0,-0.0,0.0172
MSH,2025-05-07,29.77,31.47,29.6,30.9,275100,28.62,29.02,35.31,7.9664,6.4722,-12.4828,0.0263,0.0395,0.0196
MSH,2025-05-08,31.33,31.33,30.53,30.77,267338,28.93,28.87,35.12,6.3364,6.582,-12.3823,-0.027,-0.0336,0.0217
MSH,2025-05-09,31.57,31.57,30.77,30.87,288209,29.4,28.84,34.92,4.9768,7.0458,-11.6075,-0.0546,-0.0823,0.0229
MSH,2025-05-12,31.0,32.0,30.77,32.0,213742,29.87,28.97,34.78,7.1309,10.4591,-7.9755,0.0389,0.0572,0.0232
MSH,2025-05-13,33.0,33.27,32.33,32.53,293636,30.28,29.03,34.63,7.4298,12.068,-6.0527,-0.0351,-0.0491,0.0255
MSH,2025-05-14,32.83,34.27,32.7,34.07,455310,30.85,29.24,34.5,10.4149,16.5204,-1.2408,0.0678,0.0902,0.0309
MSH,2025-05-15,34.47,34.47,33.2,33.54,285843,31.34,29.46,34.35,6.9985,13.8202,-2.3718,-0.0271,-0.043,0.0317
MSH,2025-05-16,33.54,34.14,32.6,34.07,415384,31.78,29.81,34.24,7.1953,14.2666,-0.4946,0.0586,0.0949,0.0368
MSH,2025-05-19,34.0,34.34,33.07,33.07,316700,32.15,30.07,34.12,2.8512,9.9535,-3.0758,-0.0648,-0.0997,0.04
MSH,2025-05-20,33.07,34.14,32.77,33.47,254440,32.53,30.41,34.01,2.8899,10.0576,-1.6034,0.0013,0.0018,0.0401
MSH,2025-05-21,34.0,34.0,33.0,33.34,170401,32.77,30.7,33.88,1.7191,8.5953,-1.6135,-0.0103,-0.0158,0.0385
MSH,2025-05-22,33.34,34.2,33.34,33.74,324555,33.07,31.0,33.77,2.0161,8.8172,-0.0987,-0.0038,-0.0063,0.0362
MSH,2025-05-23,34.27,35.8,34.0,35.54,416145,33.54,31.47,33.7,5.9642,12.9178,5.4527,0.0723,0.1263,0.038
MSH,2025-05-26,36.4,38.0,35.67,38.0,600464,34.14,32.0,33.66,11.3281,18.7438,12.8892,0.0813,0.1401,0.0422
MSH,2025-05-27,39.87,39.87,38.34,38.4,510190,34.72,32.5,33.61,10.5991,18.1478,14.263,-0.0837,-0.153,0.0471
MSH,2025-05-28,38.74,38.74,37.54,37.94,326552,35.11,32.98,33.57,8.0517,15.0192,13.0179,-0.021,-0.0371,0.0424
MSH,2025-05-29,38.0,38.34,37.67,38.0,265560,35.56,33.45,33.54,6.8817,13.6137,13.2886,-0.0,-0.0,0.0397
MSH,2025-05-30,37.94,38.07,37.27,37.8,381519,35.93,33.86,33.53,5.2143,11.6581,12.7506,0.0214,0.0364,0.036
MSH,2025-06-02,37.9,39.2,37.5,37.65,318144,36.39,34.27,33.5,3.4721,9.8657,12.3926,-0.0431,-0.091,0.0338
MSH,2025-06-03,37.55,37.6,36.9,36.9,229999,36.73,34.63,33.44,0.4634,6.558,10.3405,-0.0415,-0.0769,0.0378
MSH,2025-06-04,36.9,36.95,36.0,36.0,242549,37.0,34.88,33.37,-2.693,3.1993,7.8731,-0.0439,-0.0746,0.0412
MSH,2025-06-05,36.0,37.4,35.0,36.4,505371,37.26,35.17,33.31,-2.3154,3.5104,9.2639,0.0178,0.0296,0.0426
MSH,2025-06-06,36.4,37.3,36.3,37.0,312590,37.41,35.47,33.27,-1.0941,4.3072,11.203,0.0199,0.0345,0.0374
MSH,2025-06-09,37.0,37.0,35.75,35.75,127083,37.18,35.66,33.19,-3.8567,0.2536,7.6998,-0.0251,-0.0419,0.0317
MSH,2025-06-10,35.75,36.2,35.3,35.3,162739,36.87,35.8,33.12,-4.2683,-1.3906,6.5819,-0.0429,-0.0688,0.0277
MSH,2025-06-11,36.0,36.0,35.3,35.55,100028,36.64,35.87,33.05,-2.9627,-0.8974,7.5696,-0.0108,-0.0156,0.0266
MSH,2025-06-12,36.4,36.4,35.5,36.15,125754,36.45,36.0,32.98,-0.8236,0.4093,9.6097,0.0133,0.0222,0.028
MSH,2025-06-13,35.8,36.1,35.3,35.35,207900,36.2,36.07,32.89,-2.3616,-1.9872,7.4698,-0.0324,-0.0535,0.0291
MSH,2025-06-16,34.7,35.75,34.7,35.6,143100,36.0,36.19,32.82,-1.1111,-1.6393,8.4851,0.016,0.0246,0.0264
MSH,2025-06-17,35.85,36.3,35.65,36.2,110600,35.93,36.33,32.76,0.7515,-0.3576,10.5112,0.019,0.0322,0.0241
MSH,2025-06-18,36.2,36.45,35.75,35.8,99800,35.91,36.45,32.74,-0.3063,-1.7917,9.3302,-0.0189,-0.03,0.0216
MSH,2025-06-19,35.8,35.9,35.2,35.65,189000,35.83,36.55,32.78,-0.5163,-2.4594,8.7538,0.0137,0.0227,0.0212
MSH,2025-06-20,35.5,37.55,35.5,37.45,388000,35.88,36.64,32.9,4.3757,2.1978,13.8317,0.0768,0.1176,0.0269
MSH,2025-06-23,37.45,37.45,36.5,37.25,289900,36.03,36.61,33.06,3.3861,1.7564,12.6794,0.0419,0.0639,0.0286
MSH,2025-06-24,37.25,38.95,37.25,37.7,370000,36.27,36.57,33.19,3.9427,3.0845,13.6031,-0.035,-0.0549,0.0278
MSH,2025-06-25,37.7,37.8,37.3,37.65,152100,36.48,36.56,33.34,3.2072,2.9879,12.9274,0.0125,0.021,0.028
MSH,2025-06-26,37.5,37.95,37.4,37.6,166800,36.62,36.54,33.51,2.6621,2.9077,12.2009,-0.0122,-0.0193,0.0279
MSH,2025-06-27,37.9,38.45,37.35,37.6,259600,36.85,36.53,33.72,2.0353,2.9361,11.4979,-0.0336,-0.0538,0.028
MSH,2025-06-30,37.9,38.05,37.1,37.25,220700,37.02,36.51,33.91,0.6349,2.0338,9.8488,-0.0371,-0.0603,0.0301
MSH,2025-07-01,37.3,38.45,37.3,37.9,482600,37.18,36.56,34.13,1.9228,3.6723,11.0366,0.0058,0.0092,0.0288
MSH,2025-07-02,38.0,39.35,38.0,38.05,1186000,37.41,36.66,34.34,1.7108,3.7916,10.7977,-0.1818,-0.3172,0.0451
MSH,2025-07-03,38.3,39.0,37.1,37.1,781200,37.56,36.7,34.53,-1.2116,1.1037,7.4391,-0.1502,-0.2349,0.0587
MSH,2025-07-04,37.2,37.7,36.25,36.4,584500,37.45,36.66,34.74,-2.8037,-0.7228,4.791,-0.1305,-0.1977,0.0641
MSH,2025-07-07,36.7,36.95,36.3,36.75,352600,37.4,36.71,34.92,-1.738,0.0953,5.2281,0.0179,0.0357,0.0617
MSH,2025-07-08,38.0,38.35,37.3,37.5,419600,37.38,36.83,35.11,0.321,1.833,6.8191,-0.0423,-0.0706,0.0624
MSH,2025-07-09,37.65,37.65,36.95,37.2,398200,37.34,36.91,35.28,-0.3616,0.7925,5.434,-0.0156,-0.0251,0.0627
MSH,2025-07-10,37.2,37.65,37.1,37.3,234000,37.3,36.96,35.46,-0.0134,0.9063,5.2027,-0.0109,-0.0172,0.0626
MSH,2025-07-11,37.5,37.65,37.3,37.55,343700,37.3,37.08,35.61,0.6702,1.2812,5.439,0.0233,0.0355,0.0615
MSH,2025-07-14,37.65,37.8,37.0,37.5,190000,37.33,37.17,35.78,0.4689,0.8878,4.8199,0.0062,0.011,0.0584
MSH,2025-07-15,37.75,38.0,37.45,37.45,360900,37.28,37.23,35.93,0.456,0.5842,4.2287,-0.0332,-0.0534,0.0612
MSH,2025-07-16,37.35,37.45,37.0,37.3,249700,37.2,37.31,36.06,0.2553,-0.0201,3.4428,0.011,0.02,0.0441
MSH,2025-07-17,37.3,38.0,37.05,37.95,479600,37.29,37.42,36.2,1.7699,1.4096,4.8278,0.0584,0.092,0.0349
MSH,2025-07-18,38.5,39.5,38.0,38.0,1493900,37.45,37.45,36.34,1.4686,1.4686,4.554,-0.1898,-0.3187,0.0409
MSH,2025-07-21,38.0,38.2,37.35,37.4,487700,37.52,37.46,36.45,-0.3065,-0.1535,2.5984,-0.0469,-0.0762,0.0438
MSH,2025-07-22,37.4,37.5,37.0,37.3,584800,37.49,37.44,36.55,-0.5201,-0.3673,2.0572,0.0115,0.0173,0.0407
MSH,2025-07-23,37.3,38.3,37.3,38.3,529600,37.6,37.47,36.63,1.8482,2.2151,4.5512,0.0662,0.0979,0.0457
MSH,2025-07-24,39.0,39.0,38.2,38.45,810900,37.72,37.51,36.73,1.9353,2.4992,4.6798,-0.0441,-0.0698,0.0491
MSH,2025-07-25,38.6,38.8,38.3,38.45,488000,37.81,37.56,36.82,1.6927,2.3832,4.4306,-0.0205,-0.0305,0.0488
MSH,2025-07-28,38.55,39.5,38.0,39.0,979500,37.96,37.64,36.94,2.7397,3.6063,5.5843,0.0263,0.0466,0.0508
MSH,2025-07-29,39.5,39.5,36.4,36.7,917900,37.88,37.58,37.0,-3.1279,-2.3482,-0.8161,-0.027,-0.0417,0.0502
MSH,2025-07-30,36.7,37.3,36.5,36.85,476800,37.84,37.52,37.07,-2.6163,-1.7923,-0.5995,-0.0052,-0.0083,0.0496
MSH,2025-07-31,38.8,38.8,37.1,37.8,527100,37.83,37.56,37.15,-0.0661,0.6457,1.7399,-0.0092,-0.0139,0.0447
MSH,2025-08-01,38.4,38.4,37.25,37.6,382100,37.79,37.62,37.19,-0.4896,-0.0465,1.0892,-0.0182,-0.0254,0.0275
MSH,2025-08-04,37.6,37.7,37.3,37.5,373300,37.8,37.66,37.18,-0.7805,-0.4116,0.8476,0.0,0.0,0.0228
MSH,2025-08-05,37.4,37.65,37.0,37.0,521500,37.76,37.63,37.16,-2.0257,-1.6742,-0.4219,-0.054,-0.0761,0.0271
MSH,2025-08-06,37.3,38.4,36.95,38.35,652800,37.77,37.69,37.17,1.5356,1.7579,3.1883,0.084,0.1118,0.0289
MSH,2025-08-07,38.95,40.65,38.95,40.35,2201900,37.96,37.84,37.21,6.2961,6.6332,8.4327,0.1394,0.2366,0.0384
MSH,2025-08-08,41.1,41.1,39.5,39.8,889700,38.1,37.95,37.25,4.4757,4.8679,6.8399,-0.0558,-0.087,0.0419
MSH,2025-08-11,39.8,40.55,39.45,39.8,981200,38.17,38.07,37.3,4.2567,4.5511,6.7167,-0.0406,-0.0572,0.0433
MSH,2025-08-12,40.05,40.05,38.6,39.0,898500,38.4,38.15,37.34,1.5493,2.2414,4.454,-0.0465,-0.07,0.0453
MSH,2025-08-13,39.0,39.25,37.9,38.05,1070400,38.52,38.18,37.38,-1.233,-0.347,1.7978,-0.0839,-0.1082,0.0532
MSH,2025-08-14,38.05,38.45,37.65,38.45,614600,38.59,38.21,37.42,-0.3628,0.6347,2.7553,0.0656,0.0879,0.0588
MSH,2025-08-15,38.5,38.55,37.4,37.45,584300,38.58,38.18,37.43,-2.9164,-1.912,0.0588,-0.0459,-0.0595,0.0616
MSH,2025-08-18,37.5,37.55,36.95,36.95,612100,38.52,38.16,37.45,-4.0758,-3.1645,-1.3404,-0.0678,-0.0906,0.0684
MSH,2025-08-19,36.95,36.95,36.55,36.6,544300,38.48,38.12,37.48,-4.8857,-3.9937,-2.3427,-0.0368,-0.0487,0.0666
MSH,2025-08-20,36.15,36.45,35.5,35.5,740000,38.2,37.98,37.48,-7.0559,-6.5359,-5.2752,-0.0644,-0.0792,0.0647
MSH,2025-08-21,35.5,35.55,34.95,35.2,443300,37.68,37.82,37.46,-6.5817,-6.9276,-6.0281,-0.0069,-0.0087,0.0514
MSH,2025-08-22,35.2,37.0,35.05,35.9,366000,37.29,37.69,37.47,-3.7275,-4.7556,-4.1875,-0.0033,-0.0045,0.0462
MSH,2025-08-25,36.0,36.15,35.4,35.8,170200,36.89,37.53,37.47,-2.9547,-4.616,-4.4645,0.001,0.0014,0.0422
MSH,2025-08-26,35.9,36.0,35.3,36.0,151200,36.59,37.5,37.47,-1.6125,-3.9936,-3.9206,0.0124,0.0158,0.0388
MSH,2025-08-27,36.6,36.6,36.0,36.4,220900,36.42,37.48,37.48,-0.0686,-2.8686,-2.8841,0.007,0.0086,0.0311
MSH,2025-08-28,36.4,37.35,36.4,37.2,306200,36.3,37.45,37.51,2.4793,-0.6543,-0.8317,0.0305,0.0375,0.0276
MSH,2025-08-29,37.5,37.5,36.3,36.45,307700,36.2,37.39,37.49,0.6906,-2.5075,-2.7793,-0.0241,-0.0311,0.0254
MSH,2025-09-03,36.95,37.15,36.55,36.9,81200,36.2,37.36,37.48,1.9478,-1.2247,-1.5606,0.0018,0.0023,0.0188
MSH,2025-09-04,36.95,37.4,36.65,36.75,211200,36.21,37.34,37.47,1.4913,-1.5933,-1.9111,-0.0178,-0.0231,0.0169
MSH,2025-09-05,36.9,37.0,36.3,36.3,274700,36.29,37.24,37.44,0.0276,-2.5307,-3.0423,-0.0174,-0.023,0.0122
MSH,2025-09-08,36.4,36.4,35.5,35.6,223200,36.33,37.01,37.4,-2.0094,-3.7968,-4.8103,-0.0108,-0.0144,0.0126
MSH,2025-09-09,35.65,35.7,35.5,35.65,120200,36.3,36.8,37.36,-1.8042,-3.1184,-4.5771,0.0091,0.0113,0.0132
MSH,2025-09-10,35.8,35.8,35.35,35.5,75900,36.28,36.58,37.33,-2.1365,-2.9591,-4.8895,-0.0062,-0.0081,0.0137
MSH,2025-09-11,35.5,36.0,35.0,36.0,156000,36.28,36.43,37.29,-0.7581,-1.1871,-3.4516,0.0173,0.0213,0.0142
MSH,2025-09-12,36.0,36.5,35.9,36.25,248000,36.26,36.34,37.25,-0.0276,-0.2545,-2.6872,0.0066,0.0082,0.0142
MSH,2025-09-15,36.65,37.3,36.3,37.3,557800,36.27,36.28,37.26,2.8398,2.7973,0.1208,0.0869,0.1038,0.0198
MSH,2025-09-16,37.5,37.6,36.8,37.0,302900,36.33,36.26,37.27,1.8582,2.0338,-0.7165,-0.0187,-0.0239,0.0193
MSH,2025-09-17,37.35,37.35,36.55,36.6,258600,36.3,36.24,37.26,0.8403,0.9794,-1.7819,-0.0284,-0.0361,0.0219
MSH,2025-09-18,36.95,36.95,36.1,36.45,158900,36.26,36.24,37.24,0.5101,0.5864,-2.1293,-0.0074,-0.0087,0.0209
MSH,2025-09-19,36.65,36.9,36.4,36.5,355900,36.29,36.29,37.23,0.5925,0.5856,-1.9582,-0.0402,-0.0458,0.0232
MSH,2025-09-22,36.3,36.7,35.5,35.75,192300,36.3,36.32,37.2,-1.5152,-1.5558,-3.8927,-0.0167,-0.0201,0.0238
MSH,2025-09-23,35.7,36.2,35.5,35.7,172500,36.3,36.3,37.16,-1.6664,-1.6664,-3.9315,-0.0164,-0.0216,0.0245
MSH,2025-09-24,35.95,35.95,35.5,35.75,75600,36.33,36.3,37.13,-1.5965,-1.5219,-3.7063,0.001,0.0013,0.024
MSH,2025-09-25,36.2,36.2,35.75,35.9,94400,36.32,36.3,37.1,-1.1564,-1.0951,-3.2215,-0.0048,-0.0063,0.0227
MSH,2025-09-26,35.9,35.9,35.5,35.5,125200,36.25,36.25,37.06,-2.0555,-2.0757,-4.2068,-0.0208,-0.0265,0.0241
MSH,2025-09-29,35.5,35.5,35.0,35.1,181300,36.02,36.15,37.0,-2.5677,-2.8978,-5.1403,-0.0217,-0.0275,0.0176
MSH,2025-09-30,35.35,35.35,34.3,34.5,295500,35.78,36.05,36.93,-3.5639,-4.2996,-6.5851,-0.0346,-0.0402,0.0192
MSH,2025-10-01,34.5,34.85,34.5,34.65,78600,35.58,35.94,36.88,-2.6138,-3.5826,-6.039,-0.0036,-0.004,0.0167
MSH,2025-10-02,34.75,35.3,34.4,34.55,134600,35.39,35.83,36.82,-2.3736,-3.5657,-6.1702,-0.0162,-0.0206,0.0176
MSH,2025-10-03,34.5,34.6,34.2,34.2,111500,35.16,35.72,36.74,-2.7304,-4.262,-6.9134,-0.0207,-0.028,0.0156
MSH,2025-10-06,34.25,34.8,34.1,34.6,112100,35.04,35.67,36.66,-1.2698,-3.0065,-5.6269,0.0054,0.0064,0.0145
MSH,2025-10-07,35.0,35.0,34.5,34.65,54000,34.94,35.62,36.59,-0.83,-2.73,-5.2942,-0.0036,-0.0046,0.0132
MSH,2025-10-08,35.9,35.9,34.65,34.8,63500,34.84,35.59,36.5,-0.1291,-2.2129,-4.6654,-0.0094,-0.0099,0.0141
MSH,2025-10-09,34.8,35.3,34.6,34.7,91900,34.72,35.52,36.46,-0.072,-2.3154,-4.835,-0.0118,-0.0126,0.0148
MSH,2025-10-10,34.7,35.0,34.6,34.7,124600,34.64,35.44,36.42,0.1588,-2.1018,-4.7227,-0.0124,-0.0124,0.0139
MSH,2025-10-13,34.5,35.6,34.5,35.2,179200,34.66,35.34,36.37,1.5726,-0.3962,-3.2116,0.0057,0.0063,0.0124
MSH,2025-10-14,35.2,35.25,34.6,34.6,94400,34.67,35.22,36.31,-0.1875,-1.7604,-4.7042,-0.0093,-0.01,0.0098
MSH,2025-10-15,34.55,34.7,34.15,34.35,182100,34.64,35.11,36.24,-0.8229,-2.1577,-5.2283,-0.009,-0.009,0.0104
MSH,2025-10-16,34.5,34.5,34.15,34.2,81500,34.6,34.99,36.19,-1.1561,-2.2718,-5.4961,-0.0086,-0.0089,0.0096
MSH,2025-10-17,34.2,34.5,34.05,34.25,109500,34.61,34.88,36.11,-1.0259,-1.8132,-5.143,-0.0013,-0.0014,0.0077
MSH,2025-10-20,34.3,34.9,33.05,33.1,156500,34.46,34.75,35.96,-3.9327,-4.7482,-7.9584,-0.0087,-0.01,0.008
MSH,2025-10-21,33.1,34.0,33.0,33.6,162000,34.35,34.65,35.84,-2.1834,-3.0163,-6.2448,0.0042,0.0047,0.0081
MSH,2025-10-22,34.0,34.6,33.6,33.95,117000,34.26,34.56,35.72,-0.9193,-1.7508,-4.9579,-0.006,-0.0066,0.0077
MSH,2025-10-23,34.65,34.65,34.3,34.35,60300,34.23,34.48,35.63,0.3506,-0.3698,-3.5871,-0.008,-0.0089,0.0073
MSH,2025-10-24,34.35,34.35,33.5,34.3,65800,34.19,34.42,35.55,0.3217,-0.3414,-3.5243,0.011,0.0117,0.0072
MSH,2025-10-27,36.7,36.7,35.2,35.8,524700,34.25,34.45,35.5,4.5255,3.9112,0.8451,-0.0149,-0.0177,0.0081
MSH,2025-10-28,36.3,36.3,35.3,35.8,156800,34.37,34.52,35.47,4.1606,3.7155,0.9389,0.0,0.0,0.0072
MSH,2025-10-29,35.9,36.35,35.55,36.0,194700,34.54,34.58,35.45,4.2421,4.0914,1.5572,0.0065,0.0083,0.0069
MSH,2025-10-30,36.3,36.3,35.8,36.3,209800,34.74,34.67,35.44,4.4755,4.6939,2.4209,0.0388,0.0498,0.0099
MSH,2025-10-31,37.65,38.8,37.5,38.8,1126500,35.2,34.9,35.51,10.2273,11.1668,9.2712,0.174,0.2097,0.0272
MSH,2025-11-03,39.9,39.9,38.8,39.0,718800,35.79,35.12,35.58,8.969,11.0399,9.5998,-0.0484,-0.0717,0.0312
MSH,2025-11-04,39.0,39.0,37.35,37.5,356000,36.18,35.26,35.62,3.6484,6.3377,5.2898,-0.1129,-0.1494,0.0421
