ticker,time,open,high,low,close,volume,ma10,ma20,ma50,ma10_score,ma20_score,ma50_score,money_flow,dollar_flow,trend_score
NTP,2015-01-05,9.75,10.27,9.65,10.23,19800,,,,,,,0.0492,0.059,0.0492
NTP,2015-01-06,10.23,10.23,10.23,10.23,0,,,,,,,0.0,0.0,0.0246
NTP,2015-01-07,10.04,10.14,10.04,10.14,19960,,,,,,,0.0373,0.0508,0.0288
NTP,2015-01-08,10.14,10.14,10.14,10.14,0,,,,,,,0.0,0.0,0.0216
NTP,2015-01-09,10.04,10.04,10.04,10.04,100,,,,,,,0.0,0.0,0.0173
NTP,2015-01-12,9.77,9.77,9.77,9.77,300,,,,,,,0.0,0.0,0.0144
NTP,2015-01-13,9.79,9.94,9.79,9.85,2100,,,,,,,-0.0012,-0.0013,0.0125
NTP,2015-01-14,9.75,9.75,9.67,9.67,300,,,,,,,-0.0009,-0.001,0.0111
NTP,2015-01-15,9.85,9.85,9.85,9.85,100,,,,,,,0.0,0.0,0.0098
NTP,2015-01-16,9.85,9.85,9.85,9.85,1800,9.98,,,-1.2967,,,0.0,0.0,0.0089
NTP,2015-01-19,9.56,9.56,9.56,9.56,100,9.91,,,-3.5464,,,0.0,0.0,0.0039
NTP,2015-01-20,9.65,9.65,9.65,9.65,200,9.85,,,-1.9992,,,0.0,0.0,0.0039
NTP,2015-01-21,9.85,9.85,9.77,9.77,200,9.81,,,-0.4525,,,-0.0005,-0.0007,0.0003
NTP,2015-01-22,9.77,10.19,9.77,10.19,10200,9.82,,,3.8144,,,0.0312,0.038,0.0034
NTP,2015-01-23,9.96,10.14,9.85,10.14,1640,9.83,,,3.1232,,,0.0039,0.0047,0.0038
NTP,2015-01-26,10.04,10.14,9.94,10.14,18200,9.87,,,2.7398,,,0.0539,0.0653,0.0092
NTP,2015-01-27,10.04,10.33,10.04,10.33,30700,9.91,,,4.1869,,,0.0419,0.0539,0.0132
NTP,2015-01-28,10.23,10.33,10.23,10.33,5060,9.98,,,3.5016,,,0.0072,0.009,0.0139
NTP,2015-01-29,10.33,10.43,10.33,10.43,9500,10.04,,,3.8661,,,0.0256,0.0277,0.0164
NTP,2015-01-30,9.85,9.85,9.85,9.85,100,10.04,10.01,,-1.9042,-1.6014,,0.0,0.0,0.0164
NTP,2015-02-02,9.55,10.42,9.55,10.42,3600,10.12,10.02,,2.9023,4.0089,,0.0077,0.0099,0.0172
NTP,2015-02-03,9.85,9.85,9.85,9.85,800,10.14,10.0,,-2.9239,-1.503,,0.0,0.0,0.0172
NTP,2015-02-04,9.85,9.85,9.85,9.85,0,10.15,9.98,,-2.9977,-1.3601,,0.0,0.0,0.0171
NTP,2015-02-05,9.85,9.85,9.85,9.85,400,10.12,9.97,,-2.6644,-1.2168,,0.0,0.0,0.014
NTP,2015-02-06,9.85,9.85,9.85,9.85,500,10.09,9.96,,-2.3849,-1.121,,0.0,0.0,0.0136
NTP,2015-02-09,9.85,9.98,9.85,9.98,1500,10.07,9.97,,-0.8691,0.1551,,0.0052,0.0059,0.0088
NTP,2015-02-10,9.98,9.98,9.98,9.98,0,10.04,9.98,,-0.5285,0.086,,0.0,0.0,0.0046
NTP,2015-02-11,9.89,9.98,9.89,9.98,600,10.0,9.99,,-0.1855,-0.07,,0.0019,0.0024,0.004
NTP,2015-02-12,9.98,9.98,9.98,9.98,0,9.96,10.0,,0.257,-0.1389,,0.0,0.0,0.0015
NTP,2015-02-13,10.54,10.54,10.54,10.54,100,10.03,10.03,,5.0668,5.0142,,0.0,0.0,0.0015
NTP,2015-02-24,10.54,10.54,10.54,10.54,0,10.04,10.08,,4.9431,4.5044,,0.0,0.0,0.0007
NTP,2015-02-25,9.87,9.87,9.87,9.87,300,10.04,10.09,,-1.7454,-2.2401,,0.0,0.0,0.0007
NTP,2015-02-26,9.95,9.95,9.91,9.95,20300,10.05,10.1,,-1.058,-1.5453,,0.0585,0.0544,0.0066
NTP,2015-02-27,10.3,10.3,10.3,10.3,100,10.1,10.11,,2.009,1.9109,,0.0,0.0,0.0066
NTP,2015-03-02,10.32,10.32,10.32,10.32,100,10.14,10.12,,1.7278,2.0134,,0.0,0.0,0.0066
NTP,2015-03-03,10.28,10.28,10.28,10.28,100,10.17,10.12,,1.0453,1.552,,0.0,0.0,0.006
NTP,2015-03-04,10.24,10.24,10.24,10.24,1000,10.2,10.12,,0.4055,1.2074,,0.0,0.0,0.006
NTP,2015-03-05,9.85,9.85,9.85,9.85,560,10.19,10.09,,-3.3256,-2.4525,,0.0,0.0,0.0059
NTP,2015-03-06,10.04,10.04,10.04,10.04,3000,10.19,10.08,,-1.4493,-0.3128,,0.0,0.0,0.0059
NTP,2015-03-09,10.04,10.04,10.04,10.04,260,10.14,10.09,,-0.9709,-0.4101,,0.0,0.0,0.0059
NTP,2015-03-10,10.04,10.04,10.04,10.04,1000,10.09,10.07,,-0.4878,-0.225,,0.0,0.0,0.0059
NTP,2015-03-11,10.24,10.24,10.04,10.04,2960,10.11,10.08,,-0.6623,-0.3225,,-0.0083,-0.0095,0.0067
NTP,2015-03-12,10.04,10.04,10.04,10.04,5000,10.12,10.09,,-0.7589,-0.4198,,0.0,0.0,0.0008
NTP,2015-03-13,10.04,10.04,10.04,10.04,100,10.09,10.1,,-0.5072,-0.5169,,0.0,0.0,0.0008
NTP,2015-03-16,10.04,10.04,10.04,10.04,0,10.07,10.11,,-0.2347,-0.6139,,0.0,0.0,0.0008
NTP,2015-03-17,10.04,10.04,10.04,10.04,100,10.04,10.11,,-0.0,-0.6429,,0.0,0.0,0.0008
NTP,2015-03-18,10.04,10.04,10.04,10.04,600,10.02,10.11,,0.1965,-0.6719,,0.0,0.0,0.0008
NTP,2015-03-19,9.85,9.85,9.85,9.85,1800,10.02,10.1,,-1.7681,-2.5531,,0.0,0.0,0.0008
NTP,2015-03-20,9.85,9.85,9.85,9.85,0,10.0,10.1,,-1.5748,-2.4866,,0.0,0.0,0.0008
NTP,2015-03-23,9.85,9.85,9.85,9.85,0,9.98,10.06,10.03,-1.3806,-2.1526,-1.8639,0.0,0.0,0.0008
NTP,2015-03-24,9.85,9.85,9.45,9.85,4400,9.96,10.03,10.03,-1.1857,-1.8164,-1.7883,0.0108,0.0123,0.0019
NTP,2015-03-25,9.85,9.85,9.85,9.85,1300,9.95,10.03,10.02,-0.9901,-1.8067,-1.7125,0.0,0.0,0.0011
NTP,2015-03-26,9.85,9.85,9.85,9.85,0,9.93,10.02,10.01,-0.7936,-1.7585,-1.6557,0.0,0.0,0.0011
NTP,2015-03-27,9.85,9.85,9.85,9.85,0,9.91,10.0,10.01,-0.5964,-1.536,-1.5987,0.0,0.0,0.0011
NTP,2015-03-30,9.95,9.95,9.95,9.95,1000,9.9,9.98,10.0,0.4975,-0.365,-0.596,0.0,0.0,0.0011
NTP,2015-03-31,9.95,9.95,9.85,9.85,3600,9.88,9.96,10.01,-0.2991,-1.1369,-1.5953,-0.017,-0.0204,0.0028
NTP,2015-04-01,9.75,9.75,9.75,9.75,130,9.85,9.94,10.0,-1.0,-1.8831,-2.5602,0.0,0.0,0.0028
NTP,2015-04-02,9.75,9.75,9.75,9.75,700,9.84,9.93,10.01,-0.9009,-1.8344,-2.5748,0.0,0.0,0.0028
NTP,2015-04-03,9.85,9.85,9.85,9.85,1700,9.84,9.92,10.01,0.1001,-0.7444,-1.5907,0.0,0.0,0.0028
NTP,2015-04-06,9.85,9.85,9.85,9.85,0,9.84,9.91,10.01,0.1001,-0.6458,-1.5907,0.0,0.0,0.0028
NTP,2015-04-07,9.85,9.85,9.85,9.85,0,9.84,9.9,10.01,0.1001,-0.547,-1.6476,0.0,0.0,0.0017
NTP,2015-04-08,9.85,9.85,9.85,9.85,1731,9.84,9.89,10.02,0.1001,-0.448,-1.6855,0.0,0.0,0.0017
NTP,2015-04-09,9.85,9.85,9.85,9.85,400,9.84,9.88,10.02,0.1001,-0.3488,-1.7006,0.0,0.0,0.0017
NTP,2015-04-10,9.87,9.87,9.87,9.87,100,9.84,9.87,10.01,0.2802,-0.0599,-1.4395,0.0,0.0,0.0017
NTP,2015-04-13,9.89,9.89,9.87,9.87,1700,9.83,9.86,10.01,0.3606,0.0299,-1.3863,-0.0048,-0.0051,0.0022
NTP,2015-04-14,9.89,9.89,9.89,9.89,200,9.83,9.86,10.0,0.5206,0.3097,-1.1401,0.0,0.0,0.0005
NTP,2015-04-15,9.95,9.95,9.85,9.85,9600,9.84,9.85,9.99,0.02,0.01,-1.4387,-0.0221,-0.0211,0.0027
NTP,2015-04-16,9.81,9.81,9.81,9.81,1060,9.85,9.84,9.98,-0.4398,-0.3701,-1.7303,0.0,0.0,0.0027
NTP,2015-04-17,9.81,9.81,9.81,9.81,0,9.85,9.84,9.97,-0.4,-0.3502,-1.6083,0.0,0.0,0.0027
NTP,2015-04-20,9.81,9.81,9.81,9.81,0,9.84,9.84,9.97,-0.3602,-0.3302,-1.6005,0.0,0.0,0.0027
NTP,2015-04-21,9.81,9.81,9.81,9.81,0,9.84,9.84,9.95,-0.3203,-0.3103,-1.4798,0.0,0.0,0.0027
NTP,2015-04-22,9.81,9.81,9.81,9.81,20,9.83,9.84,9.95,-0.2803,-0.2903,-1.472,0.0,0.0,0.0027
NTP,2015-04-23,9.83,9.83,9.81,9.81,510,9.83,9.83,9.95,-0.2404,-0.2704,-1.4642,-0.0017,-0.0016,0.0029
NTP,2015-04-24,9.81,9.81,9.81,9.81,0,9.83,9.83,9.95,-0.1804,-0.2504,-1.4564,0.0,0.0,0.0029
NTP,2015-04-27,9.81,9.81,9.81,9.81,0,9.82,9.83,9.95,-0.1203,-0.1804,-1.4486,0.0,0.0,0.0024
NTP,2015-05-04,8.84,9.45,8.84,9.3,3491,9.76,9.8,9.94,-4.7619,-5.1256,-6.4643,0.0024,0.0028,0.0026
NTP,2015-05-05,9.3,9.3,9.3,9.3,710,9.7,9.77,9.92,-4.2208,-4.9058,-6.3343,0.0,0.0,0.0004
NTP,2015-05-06,9.85,9.85,9.65,9.65,200,9.69,9.77,9.92,-0.4065,-1.2296,-2.6967,-0.0005,-0.0006,0.0005
NTP,2015-05-07,9.75,10.04,9.75,10.02,12000,9.71,9.78,9.92,3.2245,2.5073,1.0683,0.0408,0.051,0.0045
NTP,2015-05-08,10.02,10.04,9.85,9.85,14880,9.71,9.78,9.9,1.3582,0.6948,-0.5806,-0.056,-0.0724,0.0101
NTP,2015-05-11,10.6,10.6,9.16,9.16,1500,9.65,9.74,9.88,-5.1021,-6.0227,-7.2819,-0.0071,-0.0078,0.0108
NTP,2015-05-12,10.04,10.04,10.04,10.04,100,9.67,9.75,9.88,3.8273,2.9679,1.6544,0.0,0.0,0.0108
NTP,2015-05-13,9.85,9.85,9.85,9.85,400,9.68,9.75,9.88,1.7501,0.949,-0.319,0.0,0.0,0.0107
NTP,2015-05-14,9.67,9.67,9.67,9.67,100,9.66,9.74,9.87,0.0611,-0.768,-1.9882,0.0,0.0,0.0107
NTP,2015-05-15,9.47,9.47,9.47,9.47,150,9.63,9.72,9.85,-1.636,-2.5921,-3.8192,0.0,0.0,0.0107
NTP,2015-05-18,9.51,9.51,9.51,9.51,500,9.65,9.71,9.83,-1.4487,-1.9986,-3.2684,0.0,0.0,0.0104
NTP,2015-05-19,9.45,9.45,9.45,9.45,100,9.67,9.69,9.82,-2.2204,-2.4092,-3.715,0.0,0.0,0.0104
NTP,2015-05-20,9.83,9.83,9.45,9.45,1200,9.65,9.67,9.81,-2.0208,-2.2303,-3.6377,-0.0018,-0.0021,0.0106
NTP,2015-05-21,9.83,9.83,9.83,9.83,230,9.63,9.67,9.81,2.0658,1.6293,0.2209,0.0,0.0,0.0065
NTP,2015-05-22,9.55,9.67,9.55,9.65,910,9.61,9.66,9.8,0.4304,-0.1223,-1.5076,0.0012,0.0012,0.001
NTP,2015-05-25,9.65,9.65,9.65,9.65,200,9.66,9.65,9.79,-0.0816,-0.0408,-1.4283,-0.0005,-0.0005,0.0003
NTP,2015-05-26,10.51,10.51,10.51,10.51,100,9.7,9.69,9.8,8.2612,8.4312,7.2116,0.0,0.0,0.0003
NTP,2015-05-27,10.48,10.48,10.48,10.48,640,9.77,9.72,9.81,7.3312,7.8289,6.8922,0.0,0.0,0.0003
NTP,2015-05-28,10.57,10.57,10.53,10.53,500,9.85,9.76,9.82,6.841,7.8798,7.2328,-0.001,-0.0012,0.0004
NTP,2015-05-29,10.09,10.46,10.09,10.46,1200,9.95,9.79,9.83,5.1193,6.8486,6.4733,0.0022,0.003,0.0007
NTP,2015-06-01,10.46,10.46,10.46,10.46,0,10.05,9.85,9.83,4.1256,6.216,6.3828,0.0,0.0,0.0007
NTP,2015-06-02,10.46,10.46,10.46,10.46,0,10.15,9.91,9.84,3.0904,5.5907,6.2924,0.0,0.0,0.0007
NTP,2015-06-03,10.29,10.29,10.29,10.29,1000,10.23,9.94,9.85,0.5389,3.4908,4.4201,0.0,0.0,0.0005
NTP,2015-06-04,10.61,10.61,10.07,10.07,1510,10.26,9.94,9.86,-1.8311,1.2666,2.1526,-0.0024,-0.003,0.0007
NTP,2015-06-05,10.13,10.13,10.07,10.07,6500,10.3,9.95,9.86,-2.2296,1.1542,2.1068,-0.0084,-0.0095,0.0014
NTP,2015-06-08,10.07,10.07,10.07,10.07,1300,10.34,10.0,9.86,-2.6249,0.6937,2.061,0.0,0.0,0.0014
NTP,2015-06-09,10.07,10.07,10.07,10.07,0,10.3,10.0,9.87,-2.2109,0.6816,2.0153,0.0,0.0,0.0014
NTP,2015-06-10,10.07,10.07,10.07,10.07,2000,10.25,10.01,9.87,-1.8143,0.5704,1.9696,0.0,0.0,0.0014
NTP,2015-06-11,10.07,10.07,9.85,9.87,5400,10.19,10.02,9.87,-3.1149,-1.4963,-0.0303,-0.0052,-0.0051,0.0018
NTP,2015-06-12,9.87,9.87,9.87,9.87,0,10.13,10.04,9.87,-2.5497,-1.6917,-0.0153,0.0,0.0,0.0016
NTP,2015-06-15,9.89,9.89,9.89,9.89,200,10.07,10.06,9.87,-1.7818,-1.6601,0.1971,0.0,0.0,0.0016
NTP,2015-06-16,9.91,9.91,9.91,9.91,500,10.02,10.08,9.88,-1.0269,-1.6683,0.3849,0.0,0.0,0.0016
NTP,2015-06-17,9.91,9.91,9.91,9.91,400,9.98,10.11,9.88,-0.6579,-1.8929,0.3511,0.0,0.0,0.0016
NTP,2015-06-18,9.85,9.85,9.85,9.85,500,9.96,10.11,9.88,-1.0989,-2.5532,-0.3139,0.0,0.0,0.0014
NTP,2015-06-19,9.85,9.85,9.85,9.85,0,9.94,10.12,9.88,-0.8811,-2.6491,-0.3143,0.0,0.0,0.0005
NTP,2015-06-22,9.85,9.85,9.85,9.85,820,9.91,10.13,9.88,-0.6623,-2.7448,-0.3148,0.0,0.0,0.0005
NTP,2015-06-23,9.85,10.29,9.85,10.29,2800,9.94,10.12,9.89,3.5242,1.6875,4.023,0.0083,0.0107,0.0013
NTP,2015-06-24,10.07,10.07,10.07,10.07,1000,9.94,10.1,9.89,1.3216,-0.271,1.7643,0.0,0.0,0.0013
NTP,2015-06-25,9.85,9.87,9.85,9.85,3600,9.93,10.06,9.89,-0.8592,-2.1101,-0.4445,-0.0087,-0.0112,0.0017
NTP,2015-06-26,9.85,9.85,9.85,9.85,0,9.93,10.03,9.89,-0.8374,-1.8111,-0.4409,0.0,0.0,0.0017
NTP,2015-06-29,9.85,9.85,9.85,9.85,0,9.93,10.0,9.89,-0.7937,-1.5102,-0.4334,0.0,0.0,0.0017
NTP,2015-06-30,9.85,9.85,9.85,9.85,900,9.92,9.97,9.89,-0.728,-1.2075,-0.4339,0.0,0.0,0.0017
NTP,2015-07-01,9.85,10.29,9.85,10.29,20200,9.96,9.97,9.9,3.2967,3.1833,3.8906,0.0487,0.0554,0.0066
NTP,2015-07-02,10.29,10.29,10.29,10.29,3700,10.0,9.98,9.91,2.8446,3.0702,3.7901,0.0,0.0,0.0066
NTP,2015-07-03,9.87,9.87,9.87,9.87,200,10.0,9.97,9.91,-1.3345,-0.9988,-0.4184,0.0,0.0,0.0066
NTP,2015-07-06,9.87,9.87,9.87,9.87,0,10.01,9.96,9.91,-1.3561,-0.9009,-0.4311,0.0,0.0,0.0066
NTP,2015-07-07,9.85,9.85,9.32,9.85,13690,9.96,9.95,9.91,-1.1424,-1.0119,-0.6603,0.0203,0.0211,0.0078
NTP,2015-07-08,9.85,9.85,9.85,9.85,0,9.94,9.94,9.92,-0.9247,-0.9029,-0.6686,0.0,0.0,0.0078
NTP,2015-07-09,9.85,9.85,9.85,9.85,0,9.94,9.94,9.92,-0.9247,-0.892,-0.6769,0.0,0.0,0.0069
NTP,2015-07-10,9.85,9.85,9.85,9.85,1500,9.94,9.94,9.92,-0.9247,-0.8811,-0.6853,0.0,0.0,0.0069
NTP,2015-07-13,9.85,9.85,9.85,9.85,10,9.94,9.93,9.93,-0.9247,-0.8592,-0.796,0.0,0.0,0.0069
NTP,2015-07-14,9.89,9.89,9.85,9.85,500,9.94,9.93,9.94,-0.9247,-0.8265,-0.9065,-0.0008,-0.0008,0.007
NTP,2015-07-15,9.85,9.85,9.85,9.85,50,9.9,9.93,9.94,-0.4865,-0.7937,-0.9462,0.0,0.0,0.0021
NTP,2015-07-16,9.85,9.85,9.85,9.85,100,9.85,9.93,9.94,-0.0444,-0.7937,-0.9113,0.0,0.0,0.0021
NTP,2015-07-17,10.07,10.29,9.96,10.29,12708,9.89,9.95,9.95,3.9593,3.3876,3.4011,0.0304,0.0393,0.0052
NTP,2015-07-20,10.29,10.29,9.85,10.29,6890,9.94,9.97,9.97,3.5242,3.1607,3.1669,0.0162,0.0212,0.0068
NTP,2015-07-21,10.4,10.51,10.29,10.51,3600,10.0,9.98,9.98,5.0329,5.2401,5.2645,0.0084,0.0112,0.0056
NTP,2015-07-22,10.51,10.51,10.51,10.51,6110,10.07,10.0,9.99,4.3479,5.0099,5.1257,0.0,0.0,0.0056
NTP,2015-07-23,10.31,10.51,10.31,10.51,900,10.13,10.04,10.01,3.6717,4.6664,4.9501,0.0014,0.0018,0.0057
NTP,2015-07-24,10.31,10.94,10.31,10.94,37692,10.24,10.09,10.04,6.8376,8.4364,9.0027,0.0767,0.1051,0.0134
NTP,2015-07-27,11.16,11.21,10.94,11.03,25040,10.36,10.15,10.07,6.4639,8.6676,9.5433,-0.0151,-0.0213,0.0149
NTP,2015-07-28,11.07,11.12,11.07,11.12,310,10.49,10.21,10.1,6.01,8.8494,10.0486,0.0003,0.0004,0.0149
NTP,2015-07-29,11.69,11.69,10.51,10.53,5530,10.56,10.23,10.12,-0.2695,2.9428,3.9785,-0.0087,-0.0105,0.0157
NTP,2015-07-30,10.81,10.81,10.81,10.81,100,10.65,10.25,10.14,1.4999,5.4542,6.5813,0.0,0.0,0.0157
NTP,2015-07-31,10.81,10.81,10.51,10.51,1200,10.67,10.28,10.16,-1.5788,2.1494,3.3863,-0.0017,-0.0021,0.0129
NTP,2015-08-03,10.81,10.81,10.42,10.68,12300,10.71,10.32,10.18,-0.3065,3.4446,4.8966,0.0072,0.0096,0.012
NTP,2015-08-04,10.66,10.68,10.42,10.68,11600,10.73,10.37,10.19,-0.4691,3.0297,4.8605,0.0311,0.0353,0.0142
NTP,2015-08-05,10.07,10.81,10.07,10.81,2500,10.76,10.41,10.19,0.4678,3.8142,6.0814,0.0047,0.0063,0.0147
NTP,2015-08-06,10.51,10.51,10.51,10.51,340,10.76,10.45,10.19,-2.3795,0.5552,3.0795,0.0,0.0,0.0146
NTP,2015-08-07,10.51,10.51,10.51,10.51,910,10.72,10.48,10.19,-1.9808,0.2402,3.0707,0.0,0.0,0.0069
NTP,2015-08-10,10.48,10.51,10.29,10.29,10800,10.64,10.5,10.19,-3.3519,-2.0528,0.958,-0.0228,-0.0247,0.0077
NTP,2015-08-11,9.26,10.51,9.26,10.29,13471,10.56,10.52,10.19,-2.5907,-2.2565,0.9927,0.0161,0.0192,0.0092
NTP,2015-08-12,10.29,10.29,10.22,10.22,26500,10.53,10.54,10.18,-2.9308,-3.0517,0.361,-0.0587,-0.0678,0.0142
NTP,2015-08-13,10.18,10.18,10.07,10.18,17200,10.47,10.56,10.19,-2.7604,-3.617,-0.0902,0.038,0.0418,0.018
NTP,2015-08-14,10.07,10.29,10.07,10.22,37900,10.44,10.56,10.19,-2.0759,-3.1723,0.3093,0.0392,0.0465,0.0218
NTP,2015-08-17,10.07,10.18,10.07,10.18,1400,10.39,10.55,10.19,-2.0228,-3.537,-0.1417,0.0024,0.0029,0.0213
NTP,2015-08-18,10.18,10.29,10.18,10.29,5400,10.35,10.54,10.2,-0.5922,-2.3985,0.8887,0.0098,0.0108,0.0192
NTP,2015-08-19,10.09,10.29,9.87,9.87,8488,10.25,10.51,10.19,-3.7353,-6.0612,-3.1524,-0.0159,-0.0187,0.0203
NTP,2015-08-20,10.07,10.29,10.07,10.26,21200,10.23,10.5,10.2,0.3424,-2.1999,0.6352,0.0281,0.0296,0.0231
NTP,2015-08-21,10.26,10.26,10.07,10.26,858,10.21,10.46,10.21,0.5791,-1.8828,0.5575,0.001,0.0014,0.0232
NTP,2015-08-24,10.11,10.11,9.41,10.0,67030,10.18,10.41,10.21,-1.7204,-3.9209,-2.0364,0.0368,0.046,0.0246
NTP,2015-08-25,10.07,10.07,9.74,9.96,7800,10.14,10.35,10.21,-1.8338,-3.8055,-2.4735,0.0034,0.0038,0.0233
NTP,2015-08-26,9.96,9.96,9.96,9.96,21,10.12,10.32,10.21,-1.579,-3.5403,-2.4818,0.0,0.0,0.0175
NTP,2015-08-27,9.98,9.98,9.96,9.96,600,10.1,10.28,10.21,-1.3657,-3.1399,-2.5027,-0.0011,-0.0013,0.0138
NTP,2015-08-28,9.96,10.07,9.89,10.07,10900,10.08,10.26,10.22,-0.1303,-1.8667,-1.4736,0.0155,0.0176,0.0114
NTP,2015-08-31,9.98,9.98,9.96,9.98,5400,10.06,10.22,10.22,-0.8049,-2.3868,-2.3555,0.0106,0.0124,0.0122
NTP,2015-09-01,9.98,9.98,9.91,9.98,27100,10.03,10.19,10.21,-0.5019,-2.0514,-2.2969,0.079,0.0931,0.0191
NTP,2015-09-03,9.96,10.72,9.96,10.72,800,10.12,10.18,10.23,6.0147,5.2971,4.8532,0.0015,0.002,0.0177
NTP,2015-09-04,10.72,10.72,10.72,10.72,0,10.16,10.2,10.25,5.5352,5.184,4.674,0.0,0.0,0.0149
NTP,2015-09-07,10.55,10.83,10.55,10.68,31724,10.2,10.2,10.26,4.6761,4.6649,4.0778,-0.0098,-0.0134,0.0158
NTP,2015-09-08,10.18,10.29,10.07,10.07,9000,10.21,10.19,10.27,-1.3933,-1.2345,-1.9357,-0.0163,-0.0213,0.0137
NTP,2015-09-09,10.07,10.07,10.07,10.07,10,10.22,10.18,10.27,-1.4989,-1.1284,-1.9775,0.0,0.0,0.0134
NTP,2015-09-10,9.96,9.96,9.96,9.96,100,10.22,10.17,10.26,-2.5696,-2.0768,-2.9809,0.0,0.0,0.0134
NTP,2015-09-11,10.07,10.07,9.96,9.96,8261,10.22,10.16,10.26,-2.5696,-1.9713,-2.9188,-0.0191,-0.0242,0.0152
NTP,2015-09-14,10.22,10.4,10.22,10.29,71200,10.24,10.16,10.27,0.4273,1.2276,0.2004,-0.0411,-0.0552,0.0177
NTP,2015-09-15,10.29,10.29,10.26,10.29,45100,10.27,10.17,10.27,0.1278,1.1731,0.1193,0.1253,0.1419,0.0292
NTP,2015-09-16,10.29,10.29,10.07,10.07,50000,10.28,10.16,10.28,-2.086,-0.8727,-2.0526,-0.1735,-0.2256,0.0387
NTP,2015-09-17,10.18,10.18,10.18,10.18,508,10.23,10.17,10.29,-0.4922,0.0538,-1.0512,0.0,0.0,0.0385
NTP,2015-09-18,9.85,10.11,9.85,10.07,30310,10.16,10.16,10.29,-0.9261,-0.9261,-2.1568,0.0192,0.0196,0.0404
NTP,2015-09-21,9.87,9.89,9.87,9.89,23200,10.08,10.14,10.29,-1.8884,-2.4706,-3.8666,0.0558,0.0707,0.045
NTP,2015-09-22,9.94,10.18,9.94,10.11,53000,10.09,10.15,10.3,0.2386,-0.3666,-1.7899,0.0515,0.069,0.0486
NTP,2015-09-23,10.07,10.29,10.07,10.29,71700,10.11,10.17,10.3,1.7536,1.1949,-0.1742,0.159,0.1749,0.0645
NTP,2015-09-24,10.26,10.29,10.26,10.29,59300,10.14,10.18,10.31,1.4242,1.0318,-0.2589,0.1358,0.1641,0.078
NTP,2015-09-25,10.29,10.51,10.26,10.29,93300,10.18,10.2,10.32,1.097,0.8692,-0.3435,-0.2319,-0.2632,0.0993
NTP,2015-09-28,10.29,10.29,10.2,10.2,56800,10.17,10.2,10.32,0.323,-0.0536,-1.1748,-0.113,-0.1452,0.1065
NTP,2015-09-29,9.41,10.2,9.41,10.2,1374,10.16,10.22,10.32,0.4094,-0.1607,-1.1581,0.0035,0.0045,0.0943
NTP,2015-09-30,10.2,10.2,9.96,9.98,47000,10.15,10.22,10.31,-1.6606,-2.3032,-3.1806,-0.1027,-0.1303,0.0873
NTP,2015-10-01,9.98,10.07,9.96,10.07,52100,10.14,10.18,10.3,-0.6908,-1.1284,-2.2483,0.1664,0.2147,0.1039
NTP,2015-10-02,10.07,10.64,10.07,10.59,93407,10.19,10.18,10.3,3.9519,4.0973,2.8344,0.3438,0.4611,0.1363
NTP,2015-10-05,10.59,11.36,10.53,11.16,142435,10.32,10.2,10.31,8.1884,9.4304,8.3125,0.1462,0.2035,0.1454
NTP,2015-10-06,10.94,11.38,10.94,11.27,61216,10.43,10.26,10.31,8.0344,9.855,9.3233,0.0363,0.0528,0.1439
NTP,2015-10-07,11.07,11.25,10.94,11.01,26482,10.51,10.31,10.31,4.7917,6.8054,6.7986,-0.021,-0.0236,0.1301
NTP,2015-10-08,10.94,11.25,10.83,11.14,67515,10.59,10.37,10.32,5.187,7.4633,7.9442,0.0462,0.0632,0.1211
NTP,2015-10-09,11.16,11.16,10.81,10.81,22900,10.64,10.41,10.32,1.5834,3.8688,4.7631,-0.0318,-0.037,0.1011
NTP,2015-10-12,10.75,10.94,10.75,10.92,12600,10.72,10.44,10.33,1.9199,4.6012,5.7382,0.0174,0.0198,0.0915
NTP,2015-10-13,10.92,11.16,10.86,10.86,52660,10.78,10.47,10.33,0.6902,3.6897,5.0669,-0.1092,-0.1311,0.1021
NTP,2015-10-14,11.21,11.93,11.21,11.67,186880,10.95,10.55,10.35,6.5361,10.581,12.6898,0.1176,0.1514,0.1036
NTP,2015-10-15,11.62,11.64,11.49,11.64,27604,11.11,10.62,10.37,4.8276,9.6116,12.2979,0.067,0.1031,0.0937
NTP,2015-10-16,11.6,11.64,11.49,11.62,78400,11.21,10.7,10.39,3.6704,8.6111,11.846,0.1005,0.134,0.0693
NTP,2015-10-19,11.49,12.48,11.49,12.48,175780,11.34,10.83,10.43,9.9962,15.1981,19.6072,0.3741,0.5083,0.0921
NTP,2015-10-20,12.5,13.72,12.5,13.35,117750,11.55,10.99,10.49,15.596,21.4656,27.253,0.0823,0.1188,0.0967
NTP,2015-10-21,13.35,13.68,12.93,13.37,84500,11.79,11.15,10.55,13.4633,19.9803,26.7161,0.0332,0.057,0.0979
NTP,2015-10-22,13.46,13.46,12.72,12.83,160110,11.95,11.27,10.61,7.2867,13.7754,20.9345,-0.3304,-0.4829,0.1264
NTP,2015-10-23,12.83,13.57,12.8,13.37,188726,12.21,11.43,10.67,9.5178,17.0274,25.3384,0.1977,0.3074,0.143
NTP,2015-10-26,13.39,13.61,13.15,13.22,101635,12.44,11.58,10.73,6.2632,14.1777,23.21,-0.1289,-0.1861,0.1541
NTP,2015-10-27,13.35,13.44,12.96,12.96,79022,12.65,11.72,10.78,2.4221,10.5922,20.1396,-0.1556,-0.2665,0.1587
NTP,2015-10-28,13.0,13.24,12.96,13.13,67300,12.8,11.87,10.84,2.6167,10.5991,21.124,0.0303,0.046,0.15
NTP,2015-10-29,13.13,14.2,13.13,14.2,185750,13.05,12.08,10.93,8.8196,17.5831,29.9768,0.3909,0.5798,0.1824
NTP,2015-10-30,14.23,14.25,13.92,14.14,45271,13.3,12.26,11.01,6.2675,15.3468,28.4652,0.0407,0.0635,0.1764
NTP,2015-11-02,14.12,14.23,12.74,13.09,144330,13.37,12.35,11.06,-2.0796,5.9438,18.3128,-0.1778,-0.2618,0.1568
NTP,2015-11-03,13.13,13.64,13.02,13.35,123700,13.37,12.46,11.13,-0.1146,7.168,19.9607,0.0142,0.02,0.15
NTP,2015-11-04,13.57,13.72,13.13,13.13,43502,13.34,12.56,11.19,-1.5748,4.5205,17.325,-0.0943,-0.1335,0.1561
NTP,2015-11-05,12.93,13.33,12.93,13.02,113700,13.36,12.66,11.25,-2.5389,2.8789,15.7137,-0.1563,-0.2179,0.1387
NTP,2015-11-06,13.02,13.11,12.54,12.67,130200,13.29,12.75,11.31,-4.6599,-0.6179,12.0617,-0.1316,-0.1761,0.1321
NTP,2015-11-09,12.58,12.74,12.5,12.5,61010,13.22,12.83,11.36,-5.4636,-2.593,10.0404,-0.1196,-0.1522,0.1311
NTP,2015-11-10,12.48,12.85,12.48,12.58,58600,13.18,12.92,11.41,-4.5326,-2.5671,10.3054,-0.0759,-0.1044,0.1232
NTP,2015-11-11,12.5,12.74,12.43,12.58,27500,13.13,12.96,11.46,-4.1347,-2.9126,9.8041,0.0,0.0,0.1201
NTP,2015-11-12,12.54,12.91,12.52,12.91,67600,13.0,13.03,11.5,-0.6567,-0.8653,12.2399,0.1012,0.1432,0.0912
NTP,2015-11-13,13.13,13.72,12.96,13.64,134986,12.95,13.13,11.56,5.3076,3.8766,17.9209,0.1843,0.2735,0.1055
NTP,2015-11-16,13.64,14.23,13.57,14.23,176900,13.06,13.21,11.63,8.9142,7.6605,22.2816,0.3089,0.4718,0.1186
NTP,2015-11-17,14.23,14.99,14.01,14.2,128400,13.15,13.26,11.72,8.0406,7.1487,21.2314,-0.0978,-0.1374,0.127
NTP,2015-11-18,14.18,14.45,13.79,14.45,92780,13.28,13.31,11.8,8.7852,8.5258,22.3718,0.2114,0.3688,0.1387
NTP,2015-11-19,14.23,14.34,14.01,14.23,38200,13.4,13.38,11.89,6.1745,6.3221,19.6525,0.0346,0.0521,0.1265
NTP,2015-11-20,14.01,14.34,14.01,14.2,43620,13.55,13.42,11.97,4.8127,5.8296,18.6211,0.0204,0.0321,0.1154
NTP,2015-11-23,14.23,14.23,13.7,13.74,80173,13.68,13.45,12.04,0.496,2.2052,14.1237,-0.1279,-0.1866,0.1162
NTP,2015-11-24,13.74,13.88,13.13,13.35,80857,13.75,13.47,12.1,-2.928,-0.8694,10.2915,-0.0586,-0.0843,0.1145
NTP,2015-11-25,13.35,13.68,13.0,13.13,50500,13.81,13.47,12.17,-4.8978,-2.4945,7.9369,-0.0451,-0.0651,0.119
NTP,2015-11-26,13.33,13.33,12.93,12.93,64901,13.81,13.4,12.22,-6.3392,-3.5024,5.8381,-0.1392,-0.2247,0.1228
NTP,2015-11-27,12.93,13.2,12.91,13.09,44200,13.76,13.35,12.28,-4.8528,-1.9752,6.565,0.0178,0.0284,0.1062
NTP,2015-11-30,13.02,13.13,12.8,12.8,67243,13.61,13.34,12.34,-5.9486,-4.004,3.7565,-0.142,-0.2036,0.0895
NTP,2015-12-01,12.91,12.91,12.8,12.8,20050,13.47,13.31,12.39,-4.9708,-3.8067,3.3058,-0.0479,-0.0586,0.0845
NTP,2015-12-02,12.87,13.02,12.76,12.76,27100,13.3,13.29,12.44,-4.0961,-4.0013,2.5433,-0.0926,-0.1222,0.0726
NTP,2015-12-03,12.8,13.46,12.8,13.22,64547,13.2,13.3,12.5,0.1161,-0.617,5.7386,0.0592,0.0844,0.0751
NTP,2015-12-04,13.07,13.2,12.91,13.13,15100,13.1,13.32,12.56,0.2674,-1.4455,4.5624,0.0253,0.0384,0.0756
NTP,2015-12-07,13.11,13.2,13.0,13.0,14300,13.02,13.35,12.61,-0.1681,-2.615,3.057,-0.0492,-0.0622,0.0677
NTP,2015-12-08,13.02,13.57,12.91,13.57,37443,13.04,13.4,12.68,4.0268,1.2741,6.9962,0.0631,0.0911,0.0681
NTP,2015-12-09,13.46,13.74,13.13,13.13,64730,13.04,13.43,12.75,0.6711,-2.1925,3.0326,-0.1273,-0.1858,0.0764
NTP,2015-12-10,13.13,13.24,13.13,13.13,22772,13.06,13.44,12.81,0.5193,-2.2722,2.5396,-0.0518,-0.0854,0.0676
NTP,2015-12-11,13.13,13.35,13.13,13.29,7700,13.08,13.42,12.86,1.539,-1.003,3.3016,0.0096,0.015,0.0668
NTP,2015-12-14,13.29,13.35,13.13,13.24,18000,13.13,13.37,12.9,0.8669,-0.9658,2.6293,-0.0,-0.0,0.0526
NTP,2015-12-15,13.18,13.39,13.15,13.24,30065,13.17,13.32,12.94,0.5317,-0.6079,2.3169,-0.0274,-0.0429,0.0506
NTP,2015-12-16,13.22,13.42,13.22,13.29,24900,13.22,13.26,12.99,0.4635,0.1568,2.2953,-0.0241,-0.0367,0.0437
NTP,2015-12-17,13.26,13.57,13.26,13.48,28250,13.25,13.23,13.03,1.7509,1.9277,3.439,0.038,0.0529,0.0416
NTP,2015-12-18,13.48,13.9,13.44,13.72,87653,13.31,13.2,13.09,3.1081,3.937,4.818,0.0163,0.0253,0.0407
NTP,2015-12-21,13.66,13.66,13.26,13.57,36430,13.37,13.19,13.15,1.5228,2.8448,3.2301,0.0472,0.0721,0.0405
NTP,2015-12-22,13.35,13.39,13.29,13.33,18543,13.34,13.19,13.19,-0.0984,1.0285,1.0185,-0.0122,-0.018,0.0354
NTP,2015-12-23,13.31,13.35,13.13,13.24,29463,13.35,13.2,13.23,-0.836,0.3233,0.1158,-0.0,-0.0,0.0227
NTP,2015-12-24,13.24,13.44,13.24,13.29,32400,13.37,13.22,13.26,-0.6221,0.5217,0.1981,-0.0499,-0.0731,0.0225
NTP,2015-12-25,13.29,13.35,13.13,13.15,10800,13.36,13.22,13.29,-1.5077,-0.4967,-1.0211,-0.0089,-0.0162,0.0224
NTP,2015-12-28,13.13,13.24,13.04,13.24,10500,13.36,13.24,13.3,-0.8522,-0.0,-0.4771,0.0262,0.0363,0.025
NTP,2015-12-29,13.24,13.35,13.18,13.35,12400,13.37,13.27,13.3,-0.1146,0.6186,0.3455,0.023,0.0372,0.0246
NTP,2015-12-30,13.35,13.35,13.2,13.2,5347,13.36,13.29,13.3,-1.1961,-0.6999,-0.7799,-0.0116,-0.0189,0.0233
NTP,2015-12-31,13.31,13.31,13.15,13.18,25710,13.33,13.29,13.31,-1.1332,-0.8482,-0.9966,-0.0378,-0.0586,0.0233
NTP,2016-01-04,13.35,13.39,13.18,13.2,16300,13.27,13.29,13.3,-0.5771,-0.7081,-0.8061,-0.0282,-0.0391,0.0245
NTP,2016-01-05,13.47,13.47,12.68,13.27,17100,13.24,13.3,13.31,0.1624,-0.2982,-0.3043,0.0178,0.0268,0.0216
NTP,2016-01-06,13.27,13.29,13.04,13.15,5400,13.23,13.28,13.31,-0.553,-0.9867,-1.1769,-0.0014,-0.0021,0.0205
NTP,2016-01-07,13.22,13.22,12.79,13.11,19200,13.21,13.28,13.31,-0.7924,-1.3158,-1.5107,0.0156,0.0249,0.0221
NTP,2016-01-08,12.93,13.02,12.93,13.02,1800,13.19,13.28,13.29,-1.2726,-1.9498,-2.0106,0.0033,0.0056,0.0174
NTP,2016-01-11,12.91,12.91,12.12,12.12,28100,13.08,13.22,13.25,-7.3554,-8.3098,-8.4905,-0.0624,-0.08,0.0227
NTP,2016-01-12,11.78,12.34,11.78,12.34,23900,12.99,13.17,13.23,-4.9888,-6.294,-6.6911,0.045,0.0631,0.0246
NTP,2016-01-13,12.57,13.02,12.34,12.39,48170,12.9,13.13,13.21,-3.9328,-5.6484,-6.2156,-0.114,-0.1614,0.0337
NTP,2016-01-14,12.39,12.39,11.83,12.01,17010,12.78,13.07,13.19,-6.0249,-8.1075,-8.9491,-0.0154,-0.0211,0.0341
NTP,2016-01-15,11.92,12.12,11.78,11.87,8900,12.65,12.99,13.17,-6.1222,-8.5754,-9.8131,-0.0094,-0.0129,0.0313
NTP,2016-01-18,11.45,11.85,11.22,11.47,43800,12.48,12.87,13.14,-8.0605,-10.9134,-12.7224,-0.0135,-0.0204,0.0298
NTP,2016-01-19,11.33,11.67,11.33,11.49,19950,12.3,12.77,13.12,-6.5523,-10.013,-12.4175,-0.0025,-0.0035,0.0283
NTP,2016-01-20,11.56,11.67,11.25,11.51,18600,12.13,12.68,13.1,-5.1054,-9.1921,-12.1031,0.011,0.0154,0.0292
NTP,2016-01-21,11.49,11.67,11.47,11.47,33800,11.97,12.59,13.08,-4.1815,-8.9098,-12.2965,-0.0554,-0.0873,0.0332
NTP,2016-01-22,11.45,12.34,11.33,12.34,48576,11.9,12.54,13.07,3.7149,-1.5903,-5.5207,0.0662,0.1162,0.0395
NTP,2016-01-25,12.34,12.77,12.12,12.57,35000,11.95,12.52,13.05,5.2038,0.4329,-3.6458,0.0172,0.0267,0.035
NTP,2016-01-26,11.9,12.34,11.78,11.92,22486,11.91,12.45,13.0,0.1131,-4.2622,-8.3112,-0.0229,-0.0389,0.0328
NTP,2016-01-27,11.96,12.12,11.94,11.99,7200,11.86,12.38,12.95,1.0216,-3.1905,-7.4773,-0.008,-0.0104,0.0222
NTP,2016-01-28,11.99,12.12,11.81,11.81,10460,11.84,12.31,12.9,-0.3221,-4.102,-8.4906,-0.0233,-0.0345,0.0229
NTP,2016-01-29,11.81,12.14,11.81,12.12,6122,11.87,12.26,12.86,2.118,-1.1259,-5.7473,0.014,0.0203,0.0234
NTP,2016-02-01,12.12,12.12,12.12,12.12,326,11.93,12.2,12.82,1.561,-0.6897,-5.4409,0.0,0.0,0.022
NTP,2016-02-02,11.9,12.12,11.9,11.99,14700,11.98,12.14,12.78,0.0187,-1.2756,-6.2342,-0.0082,-0.0149,0.0226
NTP,2016-02-03,12.01,12.01,11.9,11.99,5500,12.03,12.08,12.76,-0.3731,-0.7988,-6.0335,0.0092,0.0127,0.0224
NTP,2016-02-04,11.99,12.41,11.99,12.41,200,12.13,12.05,12.74,2.3695,3.0275,-2.5802,0.0007,0.0011,0.017
NTP,2016-02-05,12.12,12.12,11.92,11.92,1100,12.08,11.99,12.72,-1.3561,-0.6177,-6.3064,-0.0042,-0.0065,0.0108
NTP,2016-02-15,12.01,12.23,12.01,12.01,6100,12.03,11.99,12.7,-0.1493,0.1779,-5.4401,-0.0249,-0.0323,0.0115
NTP,2016-02-16,12.01,12.34,12.01,12.34,34950,12.07,11.99,12.69,2.2876,2.9867,-2.7185,0.082,0.1269,0.0174
NTP,2016-02-17,12.34,12.77,12.12,12.7,51610,12.14,12.0,12.69,4.6404,5.8438,0.1271,0.0805,0.1193,0.0247
NTP,2016-02-18,12.7,12.7,12.66,12.68,13205,12.23,12.04,12.69,3.7078,5.3613,-0.0374,0.0,0.0,0.0224
NTP,2016-02-19,12.68,13.18,12.68,13.13,69911,12.33,12.1,12.68,6.4992,8.5243,3.5156,0.0771,0.1332,0.0287
NTP,2016-02-22,13.13,13.36,13.13,13.24,78006,12.44,12.19,12.69,6.4405,8.6556,4.382,-0.0,-0.0,0.0287
NTP,2016-02-23,13.29,13.36,13.02,13.22,51442,12.56,12.27,12.69,5.2162,7.7078,4.1691,0.0143,0.0223,0.0293
NTP,2016-02-24,13.22,13.22,13.02,13.06,5910,12.67,12.35,12.68,3.0818,5.7605,3.0133,-0.0064,-0.0097,0.029
NTP,2016-02-25,13.02,13.02,12.61,12.77,32600,12.71,12.42,12.67,0.4945,2.8561,0.7696,-0.0103,-0.015,0.03
NTP,2016-02-26,12.79,12.88,12.57,12.66,17711,12.78,12.43,12.66,-0.9658,1.8234,-0.0414,-0.0217,-0.0309,0.0317
NTP,2016-02-29,12.68,12.68,12.57,12.59,8885,12.84,12.43,12.65,-1.9402,1.2727,-0.4641,-0.0097,-0.0132,0.0302
NTP,2016-03-01,12.61,12.95,12.57,12.91,13210,12.9,12.48,12.64,0.0696,3.3894,2.0739,0.0207,0.0297,0.0241
NTP,2016-03-02,12.91,13.22,12.91,13.22,51058,12.95,12.54,12.64,2.0974,5.3856,4.5627,0.0945,0.1327,0.0255
NTP,2016-03-03,12.91,13.31,12.79,13.31,25300,13.01,12.62,12.64,2.2943,5.4691,5.2687,0.0563,0.0886,0.0311
NTP,2016-03-04,13.31,13.36,13.22,13.22,19986,13.02,12.67,12.64,1.5342,4.3032,4.6019,-0.0541,-0.0735,0.0288
NTP,2016-03-07,13.2,13.22,12.93,12.93,22454,12.99,12.72,12.62,-0.4666,1.677,2.4219,-0.0306,-0.0409,0.0318
NTP,2016-03-08,12.91,12.97,12.57,12.68,28820,12.94,12.75,12.61,-1.9608,-0.5369,0.6075,-0.0233,-0.0311,0.0327
NTP,2016-03-09,13.02,13.02,12.7,13.0,11000,12.93,12.8,12.6,0.5208,1.5255,3.1549,0.0216,0.0349,0.0343
NTP,2016-03-10,12.91,13.0,12.75,12.93,2900,12.94,12.83,12.59,-0.1214,0.7962,2.6714,0.0023,0.0034,0.0335
NTP,2016-03-11,12.91,13.02,12.79,12.93,11850,12.97,12.88,12.59,-0.3288,0.4009,2.7296,0.0043,0.0055,0.0317
NTP,2016-03-14,12.93,12.97,12.84,12.97,7736,13.01,12.93,12.58,-0.276,0.3734,3.1159,0.0159,0.0223,0.0324
NTP,2016-03-15,12.93,12.93,12.75,12.77,21000,13.0,12.95,12.57,-1.7271,-1.3523,1.5861,-0.0329,-0.0466,0.0336
NTP,2016-03-16,12.88,12.88,12.73,12.79,14200,12.95,12.95,12.56,-1.2303,-1.2132,1.8549,-0.0043,-0.0064,0.0246
NTP,2016-03-17,12.82,12.82,12.73,12.73,13950,12.89,12.95,12.55,-1.3055,-1.7501,1.3949,-0.0239,-0.0339,0.0213
NTP,2016-03-18,12.91,13.22,12.88,13.02,36240,12.87,12.95,12.55,1.1158,0.5461,3.7456,-0.0101,-0.0134,0.0169
NTP,2016-03-21,13.02,13.8,12.97,13.53,87466,12.94,12.96,12.56,4.633,4.4156,7.8017,0.0426,0.0659,0.0181
NTP,2016-03-22,13.69,13.92,13.58,13.92,50788,13.06,13.0,12.57,6.5658,7.0719,10.7261,0.115,0.1998,0.0273
NTP,2016-03-23,13.8,13.87,13.67,13.87,34000,13.15,13.04,12.58,5.5147,6.3958,10.2429,0.076,0.1071,0.0327
NTP,2016-03-24,13.69,14.37,13.51,14.14,92994,13.27,13.11,12.6,6.581,7.8952,12.1995,0.082,0.1315,0.0407
NTP,2016-03-25,14.14,14.14,13.58,14.07,44000,13.38,13.18,12.62,5.166,6.8052,11.4785,0.064,0.1063,0.0467
NTP,2016-03-28,14.14,15.46,14.05,15.46,147010,13.63,13.32,12.69,13.453,16.1008,21.8563,0.3032,0.5586,0.0754
NTP,2016-03-29,15.49,16.12,15.2,15.2,133020,13.87,13.43,12.75,9.5292,13.1066,19.1985,-0.2096,-0.3746,0.0931
NTP,2016-03-30,15.04,16.18,14.84,15.51,102249,14.15,13.55,12.81,9.6477,14.4703,21.0709,-0.0,-0.0,0.0926
NTP,2016-03-31,15.42,15.78,15.04,15.15,70675,14.39,13.64,12.87,5.3042,11.0654,17.6901,-0.0805,-0.1511,0.0983
NTP,2016-04-01,14.81,15.15,14.81,14.84,48635,14.57,13.72,12.93,1.8333,8.1214,14.7211,-0.0855,-0.1704,0.1059
NTP,2016-04-04,14.81,15.15,14.81,14.81,21600,14.7,13.82,13.0,0.7941,7.2212,13.9581,-0.0465,-0.0814,0.1062
NTP,2016-04-05,14.25,14.97,14.25,14.81,25271,14.79,13.92,13.07,0.1821,6.4001,13.3787,0.0282,0.0503,0.0976
NTP,2016-04-06,14.99,15.49,14.99,15.46,48886,14.95,14.05,13.14,3.469,10.0991,17.6491,0.0927,0.1669,0.0992
NTP,2016-04-07,15.46,15.71,15.26,15.49,30756,15.08,14.17,13.23,2.6938,9.2636,17.1039,-0.0,-0.0,0.091
NTP,2016-04-08,15.49,15.55,15.33,15.51,88400,15.22,14.3,13.29,1.8723,8.4347,16.7151,0.1171,0.2349,0.0963
NTP,2016-04-11,14.84,15.53,14.84,15.44,61955,15.22,14.43,13.35,1.445,7.04,15.708,0.0814,0.134,0.0742
NTP,2016-04-12,15.11,15.71,15.11,15.49,25472,15.25,14.56,13.42,1.5452,6.3502,15.4271,0.0102,0.0194,0.0542
NTP,2016-04-13,15.49,15.53,15.2,15.26,49700,15.23,14.69,13.48,0.2359,3.9279,13.2013,-0.058,-0.0971,0.06
NTP,2016-04-14,15.02,16.16,15.02,16.16,39523,15.33,14.86,13.57,5.4327,8.7696,19.091,0.092,0.1853,0.0612
NTP,2016-04-15,15.53,16.39,15.53,16.14,43100,15.46,15.01,13.65,4.3996,7.4899,18.2255,0.0301,0.0598,0.0556
NTP,2016-04-19,16.16,16.27,15.71,15.85,13967,15.56,15.13,13.72,1.8318,4.74,15.4576,-0.0129,-0.0212,0.0523
NTP,2016-04-20,15.94,15.94,15.64,15.71,17310,15.65,15.22,13.8,0.3872,3.2372,13.8582,-0.0248,-0.0401,0.0519
NTP,2016-04-21,15.71,16.16,15.49,16.16,45910,15.72,15.33,13.88,2.7984,5.3942,16.4069,0.1017,0.1819,0.0528
NTP,2016-04-22,15.73,16.16,15.73,16.14,12400,15.79,15.43,13.96,2.2323,4.5666,15.6246,0.0166,0.0286,0.0545
NTP,2016-04-25,16.16,16.16,15.49,15.49,56200,15.78,15.5,14.03,-1.8772,-0.1086,10.3964,-0.0799,-0.1332,0.0508
NTP,2016-04-26,15.49,15.53,15.38,15.44,42100,15.78,15.5,14.1,-2.1616,-0.3909,9.5402,-0.01,-0.0158,0.0436
NTP,2016-04-27,14.97,15.31,14.97,15.15,25886,15.75,15.5,14.15,-3.8051,-2.2589,7.0443,0.0033,0.0058,0.0429
NTP,2016-04-28,15.15,15.33,14.72,15.31,8740,15.75,15.49,14.21,-2.8352,-1.1809,7.7579,0.0196,0.0339,0.0391
NTP,2016-04-29,15.33,15.49,14.81,15.06,22100,15.64,15.49,14.25,-3.7303,-2.7466,5.666,-0.0115,-0.021,0.031
NTP,2016-05-04,15.26,15.26,14.97,15.2,23879,15.55,15.5,14.29,-2.2806,-1.9906,6.3028,0.0222,0.038,0.0303
NTP,2016-05-05,15.69,16.16,15.49,15.58,22100,15.52,15.54,14.34,0.3471,0.2239,8.6174,-0.0297,-0.0517,0.0319
NTP,2016-05-06,15.71,15.71,15.38,15.58,11930,15.51,15.58,14.39,0.4342,-0.0216,8.2616,0.005,0.0097,0.0299
NTP,2016-05-09,15.69,15.91,15.26,15.53,20905,15.45,15.58,14.44,0.5521,-0.3313,7.5803,-0.0074,-0.0134,0.0205
NTP,2016-05-10,15.55,15.55,15.26,15.29,22280,15.36,15.57,14.49,-0.4968,-1.852,5.5028,-0.0387,-0.0633,0.0227
NTP,2016-05-11,15.29,15.38,15.26,15.35,7107,15.35,15.57,14.54,0.0292,-1.3699,5.5751,0.0075,0.0122,0.0155
NTP,2016-05-12,15.35,15.44,15.04,15.17,14200,15.32,15.55,14.59,-0.9669,-2.439,3.9712,-0.0096,-0.0166,0.0154
NTP,2016-05-13,15.11,15.4,15.11,15.2,11915,15.33,15.54,14.64,-0.8495,-2.203,3.7993,-0.0097,-0.0169,0.0161
NTP,2016-05-16,15.31,15.33,15.11,15.22,9400,15.32,15.54,14.68,-0.6448,-2.0443,3.6697,0.0,0.0,0.0141
NTP,2016-05-17,15.04,15.24,14.59,15.24,18800,15.33,15.49,14.72,-0.6148,-1.6085,3.5503,0.0334,0.0496,0.0163
NTP,2016-05-18,15.26,15.26,15.04,15.04,21000,15.32,15.43,14.75,-1.8315,-2.5667,1.926,-0.039,-0.0688,0.018
NTP,2016-05-19,14.93,15.04,14.81,14.81,16329,15.24,15.38,14.79,-2.8126,-3.6988,0.1487,-0.0293,-0.0549,0.018
NTP,2016-05-20,14.93,15.26,14.81,15.26,45300,15.21,15.36,14.84,0.3394,-0.6356,2.8247,0.1022,0.183,0.0277
NTP,2016-05-23,16.76,16.76,15.53,16.1,54510,15.27,15.36,14.91,5.4537,4.8397,8.0176,-0.0081,-0.0149,0.0278
NTP,2016-05-24,16.24,16.26,15.85,16.07,6136,15.35,15.35,14.97,4.734,4.6838,7.3811,0.0009,0.0017,0.024
NTP,2016-05-25,16.02,16.4,15.75,15.85,11110,15.4,15.37,15.03,2.9721,3.1361,5.5076,-0.0149,-0.0242,0.0247
NTP,2016-05-26,15.72,15.96,15.53,15.8,18660,15.46,15.39,15.08,2.2009,2.661,4.7497,0.0097,0.0176,0.0247
NTP,2016-05-27,15.03,15.8,15.03,15.77,3810,15.52,15.42,15.14,1.6446,2.2767,4.154,0.009,0.0172,0.0247
NTP,2016-05-30,15.77,15.77,15.61,15.75,3100,15.57,15.44,15.2,1.1247,1.9548,3.5698,0.0038,0.0081,0.025
NTP,2016-05-31,15.64,15.75,15.58,15.75,7820,15.62,15.48,15.26,0.7978,1.7293,3.1601,0.0131,0.0236,0.023
NTP,2016-06-01,16.37,16.37,15.03,15.72,14900,15.69,15.5,15.32,0.1869,1.3816,2.6179,0.0006,0.0011,0.0192
NTP,2016-06-02,15.58,15.66,15.09,15.66,15304,15.77,15.51,15.36,-0.6992,1.0008,1.9775,0.0278,0.0584,0.019
NTP,2016-06-03,15.58,15.58,15.31,15.55,6100,15.8,15.51,15.39,-1.5741,0.3033,1.0502,0.0083,0.017,0.0096
NTP,2016-06-06,15.85,16.67,15.5,15.53,14410,15.75,15.51,15.43,-1.3889,0.1287,0.656,-0.0251,-0.0496,0.0113
NTP,2016-06-07,15.44,15.53,15.31,15.5,10220,15.69,15.52,15.45,-1.2023,-0.1165,0.3022,0.015,0.0268,0.0127
NTP,2016-06-08,16.13,16.37,15.44,15.99,40704,15.7,15.55,15.49,1.8454,2.8427,3.23,0.0127,0.0207,0.0125
NTP,2016-06-09,15.75,16.13,15.75,16.13,14700,15.73,15.6,15.5,2.5017,3.4042,4.0233,0.0273,0.0466,0.0143
NTP,2016-06-10,16.13,16.67,15.5,16.65,53620,15.82,15.67,15.53,5.2177,6.2397,7.1725,0.0857,0.1783,0.0219
NTP,2016-06-13,16.02,16.95,16.02,16.92,38804,15.94,15.75,15.56,6.1568,7.4006,8.7347,0.0596,0.1187,0.0275
NTP,2016-06-14,16.76,17.19,16.67,16.67,8500,16.03,15.83,15.59,4.0068,5.3594,6.9443,-0.0178,-0.0337,0.028
NTP,2016-06-15,16.67,17.08,16.67,17.03,24500,16.16,15.93,15.64,5.3611,6.9319,8.9169,0.0384,0.0698,0.0318
NTP,2016-06-16,16.67,18.45,16.67,17.49,20000,16.35,16.06,15.69,7.0234,8.9329,11.5066,-0.0024,-0.0046,0.0292
NTP,2016-06-17,17.58,17.77,17.36,17.49,47004,16.54,16.17,15.74,5.7676,8.1812,11.1268,-0.0162,-0.03,0.03
NTP,2016-06-20,17.74,17.74,17.44,17.44,2500,16.73,16.24,15.78,4.2313,7.3984,10.5023,-0.0049,-0.0087,0.028
NTP,2016-06-21,16.98,17.82,16.98,17.77,40843,16.96,16.32,15.83,4.7711,8.8504,12.2562,0.0653,0.1135,0.033
NTP,2016-06-22,17.49,18.04,17.49,17.49,16224,17.11,16.41,15.87,2.2528,6.64,10.2526,-0.038,-0.0724,0.0356
NTP,2016-06-23,17.25,18.04,17.25,18.04,10510,17.3,16.52,15.92,4.2819,9.2263,13.3268,0.0217,0.0415,0.035
NTP,2016-06-24,17.9,18.45,17.14,18.12,112543,17.45,16.64,15.97,3.8696,8.9475,13.4661,0.0627,0.1238,0.0327
NTP,2016-06-27,17.49,17.49,17.11,17.49,5804,17.51,16.72,16.02,-0.0625,4.6179,9.2246,0.011,0.0212,0.0278
NTP,2016-06-28,17.36,17.77,17.36,17.52,5070,17.59,16.81,16.04,-0.3885,4.2277,9.2096,-0.0034,-0.0064,0.0264
NTP,2016-06-29,17.3,17.77,17.22,17.77,15863,17.66,16.91,16.08,0.5881,5.0505,10.5184,0.0275,0.0503,0.0253
NTP,2016-06-30,17.77,18.04,17.71,17.99,30300,17.71,17.03,16.12,1.5432,5.618,11.5815,0.0363,0.073,0.0287
NTP,2016-07-01,17.63,18.12,17.6,18.01,19010,17.77,17.15,16.17,1.4002,5.0199,11.4328,0.0219,0.043,0.0293
NTP,2016-07-04,18.04,18.12,17.77,17.9,23200,17.81,17.27,16.2,0.5218,3.6639,10.5179,-0.0074,-0.0142,0.0295
NTP,2016-07-05,19.68,19.68,18.07,18.59,891683,17.89,17.43,16.25,3.8802,6.6667,14.3902,-0.4324,-0.8824,0.0662
NTP,2016-07-06,18.51,19.0,18.51,18.97,23445,18.04,17.58,16.32,5.1515,7.9399,16.2468,0.0309,0.0583,0.0655
NTP,2016-07-07,18.53,19.68,18.12,19.55,230842,18.19,17.75,16.4,7.438,10.1355,19.1652,0.28,0.5226,0.0913
NTP,2016-07-08,19.55,19.68,18.62,18.73,143106,18.25,17.85,16.47,2.591,4.9005,13.6699,-0.2052,-0.3976,0.1056
NTP,2016-07-11,18.81,18.86,17.49,17.77,101617,18.28,17.89,16.52,-2.7965,-0.6951,7.5407,-0.0581,-0.1163,0.1103
NTP,2016-07-12,17.49,18.04,17.36,17.9,93008,18.32,17.95,16.58,-2.2534,-0.274,7.9961,0.0816,0.1449,0.1181
NTP,2016-07-13,17.9,18.31,17.49,17.63,85294,18.3,17.98,16.63,-3.6738,-1.9608,6.0357,-0.0705,-0.1303,0.1224
NTP,2016-07-14,17.49,18.83,17.0,18.29,187110,18.33,18.02,16.68,-0.2535,1.4636,9.6238,0.0717,0.1381,0.126
NTP,2016-07-15,17.77,18.37,17.77,17.82,37190,18.31,18.04,16.73,-2.6866,-1.2046,6.5513,-0.0539,-0.1066,0.1292
NTP,2016-07-18,17.99,18.01,17.58,17.77,31944,18.3,18.06,16.77,-2.9126,-1.5971,5.9412,-0.0063,-0.0123,0.129
NTP,2016-07-19,17.41,18.29,17.41,18.04,83128,18.25,18.07,16.83,-1.1236,-0.1588,7.2187,0.0856,0.1638,0.0944
NTP,2016-07-20,17.66,18.18,17.63,18.04,51180,18.15,18.1,16.88,-0.6174,-0.3096,6.8771,0.043,0.0735,0.0956
NTP,2016-07-21,18.04,18.26,17.77,18.01,53520,18.0,18.1,16.94,0.0759,-0.4532,6.3571,-0.0,-0.0,0.0676
NTP,2016-07-22,18.04,18.04,17.36,17.88,81402,17.92,18.08,16.99,-0.2136,-1.1413,5.2169,0.0586,0.1145,0.0529
NTP,2016-07-25,17.77,17.88,17.66,17.77,26300,17.92,18.1,17.04,-0.8239,-1.8201,4.2605,0.0,0.0,0.0471
NTP,2016-07-26,17.77,17.8,17.49,17.71,52500,17.9,18.11,17.09,-1.0234,-2.1739,3.6389,0.0515,0.1001,0.0441
NTP,2016-07-27,16.98,18.01,16.98,17.77,41510,17.91,18.11,17.15,-0.7937,-1.872,3.6277,0.0399,0.0868,0.041
NTP,2016-07-28,17.77,18.21,17.71,17.8,69300,17.86,18.1,17.21,-0.3673,-1.6691,3.4274,-0.0756,-0.1375,0.0414
NTP,2016-07-29,17.77,18.04,17.77,18.01,47220,17.88,18.1,17.26,0.7491,-0.4607,4.3646,0.0712,0.1154,0.0432
NTP,2016-08-01,17.9,18.21,17.77,17.9,81740,17.89,18.1,17.3,0.0611,-1.0649,3.5148,-0.0827,-0.1474,0.0508
NTP,2016-08-02,17.77,17.85,17.22,17.52,103660,17.84,18.04,17.33,-1.7925,-2.8935,1.1328,-0.0055,-0.0097,0.0428
NTP,2016-08-03,17.6,17.6,17.22,17.44,22120,17.78,17.97,17.36,-1.9216,-2.9363,0.4756,0.0065,0.0126,0.0391
NTP,2016-08-04,17.44,18.01,17.44,17.49,95286,17.73,17.87,17.39,-1.3259,-2.0733,0.5941,-0.1183,-0.2428,0.051
NTP,2016-08-05,17.74,17.74,17.44,17.71,36836,17.71,17.81,17.43,0.0,-0.5677,1.6248,0.052,0.0998,0.0503
NTP,2016-08-08,17.49,18.01,17.49,17.77,33581,17.71,17.81,17.47,0.3086,-0.2609,1.7023,0.0043,0.0084,0.0508
NTP,2016-08-09,17.99,17.99,17.74,17.82,72126,17.72,17.81,17.51,0.5552,0.0691,1.7732,-0.0485,-0.0778,0.0505
NTP,2016-08-10,17.77,17.85,17.77,17.82,287586,17.73,17.82,17.55,0.5242,0.0153,1.5292,0.1742,0.3079,0.0639
NTP,2016-08-11,17.88,18.62,17.88,18.56,285690,17.81,17.83,17.61,4.237,4.0773,5.3857,0.3061,0.5686,0.0869
NTP,2016-08-12,18.59,18.59,18.23,18.53,50423,17.86,17.87,17.67,3.7808,3.7173,4.8756,0.0206,0.1033,0.0819
NTP,2016-08-15,18.34,18.59,18.29,18.59,56525,17.93,17.91,17.73,3.6901,3.7851,4.8218,0.0729,0.1444,0.0809
NTP,2016-08-16,18.59,19.11,18.59,19.0,99930,18.07,17.96,17.8,5.1119,5.7919,6.7129,0.0955,0.1612,0.0899
NTP,2016-08-17,19.0,20.37,18.81,20.31,321716,18.36,18.07,17.89,10.6149,12.3885,13.5322,0.5621,1.1215,0.1455
NTP,2016-08-18,20.34,20.64,19.82,20.01,130221,18.61,18.17,17.97,7.5048,10.1166,11.368,-0.1048,-0.1641,0.1441
NTP,2016-08-19,20.01,20.5,19.87,20.04,97112,18.85,18.28,18.04,6.3243,9.6157,11.101,-0.0825,-0.132,0.1472
NTP,2016-08-22,19.98,20.04,19.41,19.87,117300,19.06,18.38,18.09,4.2892,8.096,9.832,0.1015,0.1881,0.1569
NTP,2016-08-23,19.82,20.06,19.46,19.87,54196,19.26,18.49,18.16,3.1791,7.4649,9.4451,0.0394,0.0694,0.156
NTP,2016-08-24,19.87,20.37,19.85,19.96,70722,19.47,18.6,18.22,2.4705,7.2741,9.5438,-0.0773,-0.1583,0.1463
NTP,2016-08-25,20.37,20.37,19.68,19.68,59350,19.59,18.7,18.26,0.4885,5.2708,7.7844,-0.1073,-0.233,0.1264
NTP,2016-08-26,19.41,20.09,19.33,19.33,84750,19.67,18.76,18.3,-1.7236,3.0087,5.6264,-0.1377,-0.2382,0.1381
NTP,2016-08-29,19.9,19.9,19.27,19.44,124306,19.75,18.84,18.34,-1.5917,3.1706,5.9928,-0.077,-0.1511,0.1385
NTP,2016-08-30,19.41,19.74,19.41,19.63,23241,19.81,18.94,18.37,-0.9382,3.6075,6.8198,0.0153,0.0271,0.1305
NTP,2016-08-31,19.74,20.5,19.63,20.5,130640,19.83,19.1,18.43,3.377,7.3576,11.2166,0.2492,0.4193,0.0992
NTP,2016-09-01,20.64,20.64,20.26,20.39,45324,19.87,19.24,18.48,2.6276,5.9809,10.342,-0.0242,-0.0492,0.0911
NTP,2016-09-05,20.39,21.29,20.26,21.05,88000,19.97,19.41,18.54,5.3928,8.4507,13.5325,0.0896,0.1922,0.0918
NTP,2016-09-06,21.32,21.81,20.91,21.35,139010,20.12,19.59,18.62,6.1142,8.9945,14.6776,-0.0083,-0.0154,0.0825
NTP,2016-09-07,21.35,21.87,21.32,21.79,51571,20.31,19.79,18.7,7.2678,10.1133,16.4932,0.0847,0.1892,0.0871
NTP,2016-09-08,22.14,22.14,21.68,21.87,67780,20.5,19.99,18.78,6.6667,9.4092,16.4212,-0.0208,-0.0371,0.0814
NTP,2016-09-09,21.68,22.01,21.32,21.6,61581,20.69,20.14,18.86,4.3593,7.2277,14.526,-0.0276,-0.0474,0.0734
NTP,2016-09-12,21.05,21.32,20.78,20.8,24410,20.84,20.25,18.91,-0.1836,2.7129,9.9965,-0.0426,-0.0796,0.0639
NTP,2016-09-13,21.27,21.57,20.83,21.46,39530,21.04,20.4,18.98,1.9745,5.2067,13.0407,0.0712,0.1213,0.0633
NTP,2016-09-14,21.29,21.73,21.19,21.43,20090,21.22,20.52,19.04,0.9789,4.4498,12.5596,-0.0047,-0.0104,0.0623
NTP,2016-09-15,21.76,21.81,21.38,21.6,32263,21.33,20.58,19.09,1.2301,4.9207,13.1092,0.0,0.0,0.0374
NTP,2016-09-16,21.62,21.87,21.32,21.38,23958,21.43,20.65,19.13,-0.2551,3.5145,11.7494,-0.0154,-0.0292,0.0365
NTP,2016-09-19,21.4,22.09,21.38,22.09,93720,21.54,20.75,19.2,2.5641,6.4278,15.0604,0.1606,0.2714,0.0436
NTP,2016-09-20,22.14,22.77,21.87,22.42,125885,21.64,20.88,19.29,3.5746,7.3509,16.2066,0.0518,0.0877,0.0479
NTP,2016-09-21,22.28,22.69,22.28,22.63,77766,21.73,21.02,19.38,4.1772,7.6863,16.7677,0.1396,0.2957,0.0534
NTP,2016-09-22,22.77,22.96,22.42,22.42,39330,21.78,21.14,19.48,2.9116,6.0253,15.0716,-0.0793,-0.1698,0.0593
NTP,2016-09-23,22.36,22.42,22.14,22.14,74552,21.84,21.26,19.56,1.4021,4.1265,13.2202,-0.171,-0.299,0.0736
NTP,2016-09-26,22.01,22.55,22.01,22.28,37131,21.98,21.41,19.65,1.3429,4.047,13.4023,0.0,0.0,0.0694
NTP,2016-09-27,22.14,22.55,22.14,22.52,57240,22.09,21.57,19.74,1.9676,4.4426,14.1021,0.0797,0.1598,0.0702
NTP,2016-09-28,22.55,22.55,22.22,22.42,94389,22.19,21.71,19.83,1.0225,3.2681,13.0473,0.0295,0.0727,0.0727
NTP,2016-09-29,22.42,23.78,22.42,22.96,165177,22.33,21.83,19.93,2.853,5.1907,15.2327,-0.061,-0.1119,0.0788
NTP,2016-09-30,22.99,23.62,22.99,23.51,122580,22.54,21.98,20.04,4.3056,6.9319,17.3292,0.1395,0.2741,0.0912
NTP,2016-10-03,24.6,24.6,23.43,23.89,50822,22.72,22.13,20.16,5.1618,7.9745,18.5277,-0.023,-0.0528,0.0774
NTP,2016-10-04,23.95,24.6,23.51,23.65,126435,22.84,22.24,20.27,3.5184,6.3111,16.6271,-0.2161,-0.4074,0.0939
NTP,2016-10-05,23.51,23.78,23.48,23.62,81878,22.94,22.33,20.39,2.9552,5.7528,15.8177,-0.0165,-0.0371,0.0816
NTP,2016-10-06,23.62,24.27,23.62,24.0,31430,23.1,22.44,20.52,3.9053,6.9558,16.9793,0.0078,0.0198,0.0744
NTP,2016-10-07,24.06,24.06,23.02,23.4,112373,23.22,22.53,20.63,0.7533,3.8583,13.4286,-0.0621,-0.1698,0.0635
NTP,2016-10-10,23.45,23.45,22.42,22.52,51520,23.25,22.62,20.72,-3.1158,-0.4049,8.7128,-0.068,-0.1763,0.0703
NTP,2016-10-11,22.17,22.69,21.87,22.69,79652,23.27,22.68,20.82,-2.4791,0.0482,9.0011,0.1382,0.2746,0.0762
NTP,2016-10-12,22.69,23.18,22.42,22.44,22645,23.27,22.73,20.91,-3.5479,-1.2568,7.3119,-0.0477,-0.1014,0.078
NTP,2016-10-13,22.44,22.83,22.14,22.69,31829,23.24,22.78,21.02,-2.3759,-0.4139,7.9464,0.0327,0.09,0.0752
NTP,2016-10-14,22.69,23.24,22.69,22.8,74958,23.17,22.85,21.12,-1.6045,-0.2452,7.922,-0.0632,-0.168,0.0675
NTP,2016-10-17,23.21,23.21,22.83,22.93,15944,23.07,22.9,21.23,-0.6042,0.1671,8.035,-0.013,-0.0283,0.0665
NTP,2016-10-18,23.15,23.15,22.83,22.96,9100,23.01,22.92,21.33,-0.1901,0.167,7.6371,-0.0035,-0.0093,0.0453
NTP,2016-10-19,22.96,23.24,22.96,23.18,21730,22.96,22.95,21.44,0.9524,1.0005,8.1191,0.0193,0.0517,0.0456
NTP,2016-10-20,23.48,23.48,22.69,22.72,37128,22.83,22.97,21.54,-0.5148,-1.0891,5.4703,-0.0866,-0.1909,0.0535
NTP,2016-10-21,22.72,22.96,22.17,22.55,33040,22.75,22.99,21.62,-0.8652,-1.8908,4.3221,-0.0021,-0.0054,0.0474
NTP,2016-10-24,22.31,22.55,21.81,21.81,60047,22.68,22.96,21.68,-3.8091,-5.0057,0.6026,-0.1132,-0.2386,0.052
NTP,2016-10-25,22.14,22.91,21.46,21.6,47090,22.57,22.92,21.74,-4.312,-5.7673,-0.6814,-0.0899,-0.2317,0.0471
NTP,2016-10-26,21.6,21.87,20.8,21.43,20598,22.47,22.87,21.79,-4.6113,-6.2818,-1.6558,0.0106,0.0284,0.0434
NTP,2016-10-27,21.6,21.84,21.43,21.81,10000,22.38,22.81,21.82,-2.5284,-4.3682,-0.0376,0.0281,0.0596,0.043
NTP,2016-10-28,21.95,22.01,21.73,22.01,28392,22.3,22.74,21.86,-1.3239,-3.2103,0.6552,0.0817,0.2087,0.0448
NTP,2016-10-31,22.01,22.14,21.62,22.06,15739,22.21,22.64,21.9,-0.6891,-2.5774,0.7189,0.0239,0.0503,0.0459
NTP,2016-11-01,22.03,22.09,21.84,21.98,12870,22.11,22.56,21.94,-0.618,-2.5809,0.152,0.0047,0.0098,0.046
NTP,2016-11-02,22.01,22.42,21.43,21.43,26488,21.94,22.45,21.98,-2.3175,-4.5416,-2.4779,-0.0545,-0.1196,0.0495
NTP,2016-11-03,21.43,21.43,20.5,21.05,39813,21.77,22.3,22.0,-3.3271,-5.6257,-4.3146,0.0142,0.0281,0.0423
NTP,2016-11-04,21.05,21.54,21.05,21.05,19663,21.62,22.19,22.02,-2.6549,-5.1257,-4.4333,-0.0723,-0.1405,0.0493
NTP,2016-11-07,21.1,21.46,21.1,21.24,19919,21.57,22.12,22.06,-1.5084,-3.9852,-3.7318,-0.0135,-0.028,0.0393
NTP,2016-11-08,21.54,21.54,21.24,21.29,12655,21.54,22.05,22.1,-1.117,-3.4338,-3.6464,-0.0248,-0.0587,0.0328
NTP,2016-11-09,21.35,21.35,20.78,21.08,68650,21.5,21.98,22.13,-1.9707,-4.1283,-4.7607,0.0067,0.012,0.0324
NTP,2016-11-10,21.43,21.84,21.32,21.84,32436,21.5,21.94,22.16,1.5764,-0.4547,-1.4213,0.0708,0.179,0.0367
NTP,2016-11-11,21.6,22.11,21.6,21.84,4828,21.49,21.89,22.19,1.6539,-0.2372,-1.5501,-0.0009,-0.0021,0.0286
NTP,2016-11-14,21.84,22.01,21.81,21.87,12468,21.47,21.84,22.2,1.8719,0.1314,-1.4996,-0.0132,-0.0262,0.0276
NTP,2016-11-15,21.87,22.69,21.87,22.42,79250,21.51,21.81,22.22,4.2064,2.7633,0.866,0.0744,0.1639,0.0345
NTP,2016-11-16,22.42,22.61,22.28,22.28,37831,21.6,21.77,22.23,3.1645,2.3484,0.2066,-0.0889,-0.2208,0.038
NTP,2016-11-17,22.25,22.42,21.98,22.17,14534,21.71,21.74,22.24,2.1282,1.9741,-0.3122,-0.0042,-0.011,0.037
NTP,2016-11-18,22.17,22.52,22.14,22.17,16980,21.82,21.72,22.25,1.6036,2.0639,-0.3636,-0.0381,-0.086,0.0336
NTP,2016-11-21,22.42,22.5,22.03,22.03,18660,21.9,21.73,22.27,0.6117,1.3836,-1.0873,-0.0366,-0.0997,0.0359
NTP,2016-11-22,22.01,22.39,22.01,22.03,32920,21.97,21.75,22.29,0.2737,1.2817,-1.1383,-0.0669,-0.1443,0.0401
NTP,2016-11-23,21.95,22.25,21.9,22.25,26134,22.09,21.79,22.3,0.7301,2.0946,-0.2304,0.0562,0.1193,0.045
NTP,2016-11-24,22.28,22.28,21.98,21.98,11500,22.1,21.8,22.31,-0.5689,0.8024,-1.4899,-0.026,-0.0514,0.0405
NTP,2016-11-25,21.98,22.36,21.98,22.01,24330,22.12,21.8,22.32,-0.5191,0.9278,-1.423,-0.0434,-0.0981,0.0448
NTP,2016-11-28,21.92,21.92,19.82,20.86,64774,22.02,21.74,22.3,-5.2762,-4.0734,-6.463,-0.0019,-0.0035,0.0437
NTP,2016-11-29,20.5,21.87,20.5,21.05,14949,21.88,21.7,22.27,-3.8101,-2.986,-5.489,-0.0056,-0.0106,0.0368
NTP,2016-11-30,21.05,21.62,20.97,21.32,7582,21.79,21.69,22.24,-2.133,-1.7013,-4.1486,0.0013,0.0032,0.028
NTP,2016-12-01,21.43,21.46,21.21,21.21,74500,21.69,21.7,22.22,-2.2054,-2.2424,-4.5369,-0.1451,-0.302,0.0421
NTP,2016-12-02,21.21,21.7,21.16,21.54,59300,21.63,21.72,22.21,-0.4044,-0.8431,-3.0082,0.0585,0.1293,0.0441
NTP,2016-12-05,22.01,22.07,21.46,21.51,33900,21.58,21.74,22.19,-0.2969,-1.0369,-3.0703,-0.0641,-0.1603,0.0469
NTP,2016-12-06,21.51,21.68,21.34,21.34,23820,21.51,21.74,22.17,-0.7553,-1.8174,-3.7212,-0.043,-0.1068,0.0445
NTP,2016-12-07,21.23,21.96,21.18,21.46,17880,21.43,21.76,22.15,0.1331,-1.3909,-3.1347,-0.0146,-0.0356,0.0404
NTP,2016-12-08,21.21,21.71,21.21,21.65,9700,21.4,21.75,22.12,1.1977,-0.451,-2.1382,0.0197,0.0507,0.0397
NTP,2016-12-09,21.65,21.71,21.34,21.65,5700,21.36,21.74,22.09,1.3654,-0.4075,-1.9736,0.0127,0.0319,0.0367
NTP,2016-12-12,21.51,21.82,21.48,21.62,10633,21.44,21.73,22.04,0.8731,-0.4796,-1.8983,-0.0037,-0.0097,0.0368
NTP,2016-12-13,21.34,21.93,21.34,21.46,2510,21.48,21.68,22.0,-0.0968,-1.0306,-2.4631,-0.0032,-0.0071,0.0366
NTP,2016-12-14,21.37,21.79,21.37,21.73,14428,21.52,21.65,21.96,1.0064,0.3806,-1.0269,0.0079,0.0326,0.0372
NTP,2016-12-15,21.73,21.85,21.51,21.71,3700,21.57,21.63,21.91,0.6456,0.359,-0.9469,0.0012,0.0025,0.0229
NTP,2016-12-16,21.68,21.68,21.51,21.68,15800,21.58,21.6,21.88,0.4519,0.3439,-0.9185,0.0191,0.0388,0.0189
NTP,2016-12-19,21.65,22.85,21.65,21.9,36290,21.62,21.6,21.87,1.3017,1.4063,0.1573,-0.0486,-0.113,0.0174
NTP,2016-12-20,21.9,22.01,21.76,21.76,3631,21.66,21.58,21.85,0.4631,0.8243,-0.3954,-0.0074,-0.0153,0.0138
NTP,2016-12-21,21.73,22.01,21.73,22.01,2151,21.72,21.57,21.84,1.36,2.0424,0.792,0.005,0.0101,0.0128
NTP,2016-12-22,22.01,22.26,21.73,22.01,10908,21.75,21.57,21.83,1.1913,2.034,0.8543,0.0014,0.0029,0.011
NTP,2016-12-23,22.01,22.01,21.62,21.65,26629,21.75,21.56,21.8,-0.4739,0.4373,-0.701,-0.0605,-0.1362,0.0158
NTP,2016-12-26,21.65,21.87,21.6,21.6,16151,21.75,21.59,21.78,-0.7174,0.0075,-0.8347,-0.04,-0.1049,0.0194
NTP,2016-12-27,21.71,21.73,21.46,21.46,14738,21.75,21.61,21.75,-1.3579,-0.7314,-1.3381,-0.0307,-0.06,0.0222
NTP,2016-12-28,21.71,21.79,21.6,21.6,17703,21.74,21.63,21.72,-0.6538,-0.15,-0.5524,-0.0371,-0.0929,0.0251
NTP,2016-12-29,21.87,21.87,21.6,21.6,11935,21.73,21.65,21.69,-0.6028,-0.2383,-0.4497,-0.0252,-0.0596,0.0275
NTP,2016-12-30,21.6,21.6,21.6,21.6,90,21.72,21.65,21.67,-0.5645,-0.251,-0.3618,0.0,0.0,0.0256
NTP,2017-01-03,21.6,21.82,21.6,21.6,5680,21.69,21.65,21.67,-0.424,-0.2702,-0.3417,-0.012,-0.0276,0.0219
NTP,2017-01-04,21.6,21.71,21.6,21.68,7320,21.68,21.67,21.67,-0.0,0.0386,0.0363,0.0094,0.0191,0.0221
NTP,2017-01-05,21.71,21.73,21.6,21.6,12500,21.64,21.68,21.67,-0.1932,-0.3792,-0.3646,-0.0318,-0.0802,0.0248
NTP,2017-01-06,21.57,21.6,21.43,21.57,42820,21.59,21.67,21.67,-0.1162,-0.4886,-0.4705,0.059,0.1171,0.0306
NTP,2017-01-09,21.46,21.71,21.21,21.48,10259,21.58,21.67,21.66,-0.4262,-0.836,-0.8086,0.0024,0.0051,0.0248
NTP,2017-01-10,21.18,21.57,21.18,21.46,28000,21.56,21.66,21.65,-0.4911,-0.9264,-0.882,0.0333,0.0643,0.0241
NTP,2017-01-11,21.51,21.51,21.34,21.34,7656,21.55,21.65,21.63,-0.9568,-1.4157,-1.3392,-0.0134,-0.0287,0.0224
NTP,2017-01-12,21.46,21.6,21.46,21.51,26930,21.54,21.64,21.64,-0.1423,-0.5923,-0.5738,-0.0109,-0.0267,0.0197
NTP,2017-01-13,21.65,21.71,21.51,21.57,11492,21.54,21.63,21.65,0.1294,-0.3027,-0.364,-0.0113,-0.0278,0.0183
NTP,2017-01-16,21.54,21.54,21.46,21.46,7126,21.53,21.62,21.65,-0.3236,-0.7668,-0.9162,-0.015,-0.0383,0.0198
NTP,2017-01-17,21.51,21.6,21.46,21.48,8600,21.51,21.6,21.66,-0.1425,-0.5418,-0.8099,-0.0089,-0.0222,0.0195
NTP,2017-01-18,21.46,21.54,21.46,21.46,10302,21.49,21.59,21.66,-0.1686,-0.6003,-0.9534,-0.0198,-0.0495,0.0206
NTP,2017-01-19,21.46,21.48,21.4,21.4,11500,21.47,21.56,21.67,-0.3374,-0.7175,-1.2402,-0.0337,-0.0701,0.0208
NTP,2017-01-20,21.46,21.46,21.18,21.18,20250,21.43,21.51,21.66,-1.196,-1.5608,-2.2091,-0.0608,-0.1307,0.0209
NTP,2017-01-23,20.93,21.29,20.93,21.18,4230,21.4,21.49,21.64,-1.0545,-1.4523,-2.1491,0.0046,0.0118,0.0212
NTP,2017-01-24,19.06,21.46,19.06,21.23,8750,21.38,21.47,21.63,-0.6907,-1.1096,-1.8339,0.0158,0.0377,0.0194
NTP,2017-01-25,21.23,21.57,21.18,21.57,4910,21.4,21.48,21.61,0.7681,0.4217,-0.2098,0.011,0.0225,0.0192
NTP,2017-02-02,21.6,21.6,21.46,21.51,6300,21.4,21.47,21.6,0.5077,0.1817,-0.397,-0.0028,-0.0057,0.0184
NTP,2017-02-03,21.51,21.51,21.18,21.18,2700,21.36,21.45,21.58,-0.8739,-1.2795,-1.8551,-0.0053,-0.0113,0.0178
NTP,2017-02-06,21.21,21.21,20.79,20.9,16910,21.31,21.42,21.55,-1.9223,-2.42,-3.0323,-0.0157,-0.0366,0.0178
NTP,2017-02-07,21.18,22.01,20.76,21.07,46840,21.27,21.39,21.53,-0.9434,-1.5176,-2.1688,-0.0417,-0.0991,0.0211
NTP,2017-02-08,21.09,21.43,21.09,21.43,3400,21.26,21.38,21.52,0.7732,0.2346,-0.4306,0.0061,0.014,0.0197
NTP,2017-02-09,21.21,21.4,20.04,20.79,37110,21.2,21.34,21.49,-1.9582,-2.5792,-3.2771,0.0055,0.0116,0.0169
NTP,2017-02-10,20.84,21.04,20.76,20.76,44129,21.16,21.3,21.47,-1.8962,-2.5252,-3.2971,-0.0774,-0.1562,0.0186
NTP,2017-02-13,20.79,20.87,20.65,20.76,58543,21.12,21.26,21.44,-1.7021,-2.3591,-3.1847,0.0,0.0,0.0181
NTP,2017-02-14,20.76,20.9,20.76,20.76,27971,21.07,21.23,21.44,-1.4811,-2.1989,-3.1759,-0.0422,-0.0955,0.0208
NTP,2017-02-15,20.76,20.9,20.68,20.76,89080,20.99,21.2,21.43,-1.1018,-2.0639,-3.1498,-0.0342,-0.0715,0.0231
NTP,2017-02-16,21.18,21.4,20.76,20.76,46750,20.92,21.16,21.42,-0.7461,-1.8898,-3.099,-0.0555,-0.1147,0.0283
NTP,2017-02-17,20.76,20.76,20.7,20.76,18683,20.87,21.12,21.41,-0.5473,-1.7021,-3.058,0.023,0.0469,0.0301
NTP,2017-02-20,20.76,20.79,20.62,20.65,17605,20.85,21.08,21.4,-0.9623,-2.0424,-3.498,-0.0128,-0.0283,0.0298
NTP,2017-02-21,20.62,20.76,20.48,20.48,39199,20.79,21.03,21.38,-1.4877,-2.6039,-4.1871,-0.0441,-0.108,0.0301
NTP,2017-02-22,20.48,20.48,20.4,20.4,15583,20.69,20.98,21.36,-1.4009,-2.7566,-4.4935,-0.0146,-0.0359,0.0309
NTP,2017-02-23,20.37,20.4,20.09,20.34,23229,20.64,20.92,21.33,-1.4579,-2.7769,-4.6549,0.0182,0.0375,0.0322
NTP,2017-02-24,20.34,20.34,20.06,20.06,19334,20.57,20.87,21.3,-2.4787,-3.8526,-5.8208,-0.0167,-0.0366,0.0261
NTP,2017-02-27,20.06,20.06,19.84,20.01,8200,20.5,20.81,21.27,-2.3926,-3.85,-5.9372,0.0048,0.0097,0.0266
NTP,2017-02-28,20.01,20.01,19.51,19.64,16956,20.39,20.73,21.23,-3.6359,-5.2292,-7.4682,-0.0072,-0.0165,0.0231
NTP,2017-03-01,19.53,19.64,19.51,19.59,19110,20.27,20.63,21.19,-3.3544,-5.0449,-7.5681,0.0051,0.0101,0.0202
NTP,2017-03-02,19.53,19.62,19.51,19.51,14444,20.14,20.53,21.15,-3.1678,-4.9881,-7.7685,-0.0176,-0.0408,0.0164
NTP,2017-03-03,19.51,19.53,19.51,19.53,8108,20.02,20.45,21.11,-2.4356,-4.4699,-7.4465,0.0125,0.0207,0.0154
NTP,2017-03-06,19.78,19.84,19.78,19.81,6700,19.94,20.39,21.07,-0.6289,-2.849,-5.9599,-0.0,-0.0,0.0141
NTP,2017-03-07,19.92,19.92,19.78,19.81,18880,19.87,20.33,21.03,-0.2945,-2.5494,-5.7729,-0.0171,-0.0336,0.0114
NTP,2017-03-08,19.92,20.54,19.81,20.54,3160,19.88,20.29,21.0,3.2792,1.2363,-2.2131,0.006,0.0137,0.0105
NTP,2017-03-09,20.01,20.06,20.01,20.06,6110,19.86,20.25,20.96,1.0385,-0.922,-4.291,0.0093,0.0183,0.0096
NTP,2017-03-10,20.06,20.06,19.87,19.87,9900,19.84,20.21,20.92,0.1545,-1.6687,-5.0271,-0.0168,-0.0355,0.0096
NTP,2017-03-13,19.92,20.06,19.78,19.87,23508,19.82,20.16,20.88,0.2249,-1.4513,-4.8649,-0.0152,-0.031,0.0107
NTP,2017-03-14,19.92,20.06,19.92,19.95,23056,19.85,20.12,20.85,0.4912,-0.8379,-4.3139,-0.0228,-0.0439,0.0122
NTP,2017-03-15,20.09,20.15,20.09,20.15,5030,19.91,20.09,20.82,1.1897,0.2844,-3.2569,0.0094,0.015,0.0127
NTP,2017-03-16,20.15,20.59,20.15,20.59,11100,20.02,20.08,20.8,2.8675,2.5463,-1.0206,0.0121,0.0279,0.0121
NTP,2017-03-17,20.59,20.59,20.48,20.48,9604,20.11,20.07,20.78,1.8288,2.0621,-1.4507,-0.0097,-0.0183,0.0118
NTP,2017-03-20,20.06,20.48,20.06,20.45,20300,20.18,20.06,20.76,1.3672,1.9728,-1.4765,0.0217,0.0514,0.014
NTP,2017-03-21,20.34,20.43,20.34,20.37,17610,20.23,20.05,20.74,0.6749,1.5842,-1.7631,-0.0067,-0.0138,0.013
NTP,2017-03-22,20.34,20.43,20.29,20.29,8060,20.21,20.05,20.71,0.3861,1.1954,-2.0347,-0.0078,-0.0181,0.0131
NTP,2017-03-23,20.48,20.48,20.2,20.34,30104,20.24,20.05,20.68,0.5233,1.4734,-1.6464,-0.0,-0.0,0.0122
NTP,2017-03-24,21.04,21.04,20.62,20.9,9653,20.34,20.09,20.67,2.7538,4.0366,1.1136,0.0033,0.0088,0.0109
NTP,2017-03-27,20.84,20.9,20.34,20.34,39870,20.39,20.1,20.65,-0.2187,1.1781,-1.4739,-0.0442,-0.0978,0.0138
NTP,2017-03-28,20.62,20.9,20.62,20.82,7200,20.47,20.16,20.63,1.6741,3.2338,0.8832,0.0036,0.0082,0.0118
NTP,2017-03-29,21.04,21.09,20.9,20.93,28002,20.55,20.23,20.62,1.8305,3.4435,1.4645,-0.0311,-0.0687,0.014
NTP,2017-03-30,21.04,21.71,20.9,21.71,51505,20.66,20.34,20.63,5.0573,6.7197,5.2276,0.0725,0.1509,0.0201
NTP,2017-03-31,21.46,22.29,21.46,21.73,48100,20.79,20.45,20.63,4.5576,6.2815,5.3456,-0.0242,-0.0516,0.0215
NTP,2017-04-03,21.71,21.71,20.93,20.98,31802,20.84,20.51,20.62,0.6819,2.3098,1.7457,-0.0285,-0.061,0.0222
NTP,2017-04-04,20.98,21.43,20.98,21.37,11849,20.94,20.59,20.62,2.0625,3.817,3.6486,0.0089,0.0229,0.0224
NTP,2017-04-05,21.37,21.37,21.09,21.09,17100,21.02,20.61,20.61,0.3446,2.3249,2.3332,-0.0196,-0.0515,0.0236
NTP,2017-04-07,21.18,21.18,21.04,21.18,29930,21.11,20.67,20.61,0.3433,2.4535,2.761,0.0337,0.0665,0.0269
NTP,2017-04-10,21.15,21.18,21.04,21.18,18820,21.13,20.74,20.61,0.211,2.13,2.761,0.0177,0.0509,0.0284
NTP,2017-04-11,21.04,21.32,21.04,21.18,35220,21.22,20.8,20.61,-0.1839,1.8084,2.761,0.0,0.0,0.024
NTP,2017-04-12,21.18,21.18,21.09,21.09,68955,21.24,20.86,20.61,-0.7083,1.1288,2.3692,-0.084,-0.2206,0.032
NTP,2017-04-13,21.18,21.18,20.51,21.12,102115,21.26,20.91,20.6,-0.6683,1.0263,2.5488,0.1216,0.3187,0.0411
NTP,2017-04-14,21.18,21.18,20.93,20.93,31120,21.19,20.92,20.59,-1.2232,0.0133,1.6596,-0.0339,-0.0902,0.0372
NTP,2017-04-17,21.09,21.09,20.9,20.9,12069,21.1,20.94,20.58,-0.9639,-0.2195,1.5517,-0.0124,-0.0322,0.036
NTP,2017-04-18,21.04,21.04,20.95,21.04,14101,21.11,20.97,20.58,-0.33,0.3056,2.2149,0.0148,0.0363,0.0347
NTP,2017-04-19,21.04,21.12,21.04,21.07,2224,21.08,21.01,20.58,-0.0529,0.2719,2.3503,-0.0012,-0.0031,0.0339
NTP,2017-04-20,21.18,21.21,21.15,21.18,7766,21.09,21.05,20.58,0.4361,0.589,2.9169,0.0,0.0,0.0319
NTP,2017-04-21,21.18,21.29,21.18,21.26,14130,21.09,21.1,20.59,0.7926,0.766,3.2756,0.0109,0.0341,0.0297
NTP,2017-04-24,21.21,21.21,21.04,21.15,3400,21.09,21.11,20.59,0.2774,0.1782,2.6952,0.0016,0.0039,0.028
NTP,2017-04-25,21.15,21.15,21.01,21.04,12100,21.08,21.15,20.6,-0.1851,-0.5139,2.1264,-0.009,-0.0272,0.0289
NTP,2017-04-26,20.01,21.01,20.01,20.87,115210,21.05,21.15,20.6,-0.8735,-1.3175,1.3038,0.1214,0.2966,0.0327
NTP,2017-04-27,20.9,20.9,20.9,20.9,3300,21.03,21.15,20.61,-0.6359,-1.1792,1.4254,0.0,0.0,0.0205
NTP,2017-04-28,20.95,21.04,20.95,21.04,473,21.04,21.11,20.61,-0.0265,-0.3629,2.0739,0.0005,0.0012,0.0172
NTP,2017-05-03,20.9,20.9,20.2,20.9,7520,21.04,21.07,20.61,-0.6885,-0.8264,1.3843,0.008,0.0202,0.0167
NTP,2017-05-04,20.62,20.62,20.34,20.37,9417,20.98,21.04,20.61,-2.8958,-3.198,-1.1574,-0.0067,-0.0155,0.0159
NTP,2017-05-05,20.62,20.62,20.34,20.56,4370,20.93,21.0,20.61,-1.731,-2.0831,-0.219,0.0025,0.0062,0.0161
NTP,2017-05-08,20.34,20.48,20.34,20.34,27208,20.84,20.96,20.61,-2.4064,-2.9707,-1.2953,-0.023,-0.0552,0.0184
NTP,2017-05-09,20.34,20.48,20.34,20.48,10400,20.77,20.93,20.61,-1.3687,-2.1435,-0.6327,0.0107,0.0277,0.0183
NTP,2017-05-10,20.51,20.62,20.51,20.62,7936,20.71,20.9,20.62,-0.444,-1.3465,-0.0108,0.007,0.0184,0.0189
NTP,2017-05-11,20.62,20.65,20.62,20.62,7200,20.67,20.87,20.63,-0.2427,-1.2148,-0.0702,-0.0077,-0.0164,0.0188
NTP,2017-05-12,20.34,21.87,20.34,21.37,39812,20.72,20.89,20.67,3.1468,2.3212,3.4027,0.015,0.0351,0.0081
NTP,2017-05-15,21.46,21.73,21.46,21.73,13380,20.8,20.92,20.71,4.4736,3.903,4.9374,0.0115,0.0325,0.0093
NTP,2017-05-16,21.18,21.73,21.18,21.46,16578,20.85,20.94,20.75,2.9274,2.4413,3.3973,-0.0,-0.0,0.0092
NTP,2017-05-17,21.46,21.46,21.18,21.46,8651,20.9,20.97,20.79,2.653,2.3052,3.2061,0.0075,0.0182,0.0092
NTP,2017-05-18,20.93,21.6,20.93,21.43,4524,21.01,20.99,20.82,2.0029,2.0774,2.9121,0.0021,0.0053,0.0087
NTP,2017-05-19,21.37,21.57,21.23,21.57,9320,21.11,21.02,20.86,2.1782,2.6185,3.4068,0.0079,0.0172,0.0092
NTP,2017-05-22,21.54,21.57,21.32,21.46,2597,21.22,21.03,20.88,1.1162,2.0205,2.7818,0.0002,0.0005,0.007
NTP,2017-05-23,21.4,21.6,21.4,21.6,4587,21.33,21.05,20.91,1.241,2.6015,3.2975,0.0032,0.0085,0.0062
NTP,2017-05-24,21.26,21.32,21.18,21.32,3600,21.4,21.06,20.94,-0.3906,1.2373,1.8235,0.0041,0.0081,0.0059
NTP,2017-05-25,21.18,21.46,20.9,21.15,3530,21.45,21.06,20.96,-1.4158,0.4167,0.9013,-0.0004,-0.0008,0.0052
NTP,2017-05-26,21.15,21.32,21.04,21.32,1244,21.45,21.08,20.99,-0.6106,1.1035,1.5666,0.0016,0.0028,0.0039
NTP,2017-05-29,21.6,21.73,21.34,21.34,11100,21.41,21.11,21.01,-0.2994,1.1288,1.5834,-0.0079,-0.0195,0.0035
NTP,2017-05-30,21.6,21.73,21.46,21.73,33795,21.44,21.14,21.03,1.3909,2.8074,3.3277,0.02,0.0514,0.0055
NTP,2017-05-31,21.79,22.43,21.79,22.15,103385,21.51,21.2,21.07,3.006,4.4747,5.1476,0.0128,0.0279,0.006
NTP,2017-06-01,22.18,22.52,22.18,22.48,21500,21.61,21.31,21.11,4.0372,5.5126,6.5164,0.0264,0.0542,0.0085
NTP,2017-06-02,22.52,22.55,22.08,22.11,15600,21.67,21.39,21.14,2.0567,3.3892,4.5792,-0.0172,-0.0365,0.0094
NTP,2017-06-05,22.18,22.18,21.71,21.71,8500,21.69,21.46,21.17,0.066,1.1667,2.5197,-0.0112,-0.0245,0.0105
NTP,2017-06-06,21.98,22.01,21.71,22.01,19989,21.73,21.53,21.21,1.2772,2.2227,3.7955,0.0205,0.0413,0.0122
NTP,2017-06-07,22.01,22.01,22.01,22.01,44100,21.8,21.6,21.23,0.9551,1.8938,3.6868,0.0,0.0,0.0118
NTP,2017-06-08,21.71,22.35,21.71,22.35,17493,21.92,21.69,21.27,1.9474,3.0491,5.0832,0.0232,0.0564,0.0141
NTP,2017-06-09,22.35,22.35,22.04,22.32,11310,22.02,21.73,21.3,1.3315,2.6698,4.7762,0.0116,0.0271,0.0151
NTP,2017-06-12,22.15,22.32,22.15,22.18,10800,22.11,21.76,21.32,0.336,1.9423,4.0178,-0.0081,-0.0189,0.0151
NTP,2017-06-13,22.32,22.32,21.67,22.18,37272,22.15,21.79,21.33,0.1344,1.7731,3.9717,0.0265,0.0604,0.0158
NTP,2017-06-14,22.04,22.04,22.01,22.01,45800,22.14,21.82,21.34,-0.566,0.8679,3.1514,-0.0483,-0.1099,0.0193
NTP,2017-06-15,22.01,22.18,22.01,22.18,8300,22.11,21.86,21.36,0.337,1.4691,3.8284,0.0105,0.0261,0.0177
NTP,2017-06-16,21.06,22.18,20.15,22.08,11720,22.1,21.88,21.38,-0.1072,0.8866,3.2846,0.0101,0.0165,0.017
NTP,2017-06-19,22.18,22.18,22.01,22.01,7294,22.13,21.91,21.39,-0.5508,0.4499,2.8796,-0.0064,-0.0143,0.0165
NTP,2017-06-20,22.35,23.7,22.01,22.08,7730,22.14,21.94,21.41,-0.2753,0.6482,3.1093,-0.0078,-0.0146,0.0153
NTP,2017-06-21,22.01,22.18,22.01,22.18,8150,22.16,21.98,21.43,0.107,0.9128,3.4869,0.009,0.0186,0.0162
NTP,2017-06-22,22.01,22.18,22.01,22.18,30320,22.14,22.03,21.45,0.1835,0.6769,3.3902,0.0273,0.061,0.0166
NTP,2017-06-23,22.11,22.21,22.11,22.18,24710,22.13,22.07,21.47,0.2449,0.4801,3.2856,0.0086,0.019,0.0163
NTP,2017-06-26,22.18,22.48,22.18,22.48,712,22.16,22.13,21.5,1.4825,1.5984,4.5721,0.0009,0.0018,0.0155
NTP,2017-06-27,22.18,22.18,22.18,22.18,16515,22.16,22.15,21.53,0.107,0.1207,3.0346,0.0,0.0,0.0129
NTP,2017-06-28,22.21,22.21,22.18,22.18,26000,22.17,22.15,21.55,0.0305,0.1146,2.9121,-0.0342,-0.0796,0.0115
NTP,2017-06-29,23.6,23.6,22.08,22.45,8920,22.2,22.15,21.58,1.1287,1.3452,4.0327,-0.0061,-0.0143,0.011
NTP,2017-06-30,22.52,22.69,22.35,22.69,6006,22.26,22.18,21.61,1.9167,2.2823,4.9734,0.0071,0.0134,0.0107
NTP,2017-07-03,22.69,22.69,22.38,22.38,3421,22.3,22.22,21.64,0.3797,0.7545,3.4479,-0.0044,-0.0094,0.0105
NTP,2017-07-04,22.45,22.45,22.35,22.35,4300,22.33,22.23,21.66,0.1062,0.5255,3.1877,-0.0062,-0.0138,0.0104
NTP,2017-07-05,22.35,22.35,22.28,22.28,5700,22.34,22.25,21.68,-0.2426,0.1598,2.7676,-0.0061,-0.0162,0.0101
NTP,2017-07-06,22.18,22.25,21.84,22.18,47435,22.34,22.24,21.7,-0.6974,-0.2589,2.1914,0.0268,0.0686,0.01
NTP,2017-07-07,22.18,22.35,22.18,22.35,3206,22.35,22.24,21.73,-0.0151,0.4949,2.8315,0.0021,0.0054,0.0094
NTP,2017-07-10,22.35,22.35,22.35,22.35,0,22.34,22.25,21.76,0.0455,0.4566,2.6944,0.0,0.0,0.0093
NTP,2017-07-11,22.01,22.35,22.01,22.35,4300,22.36,22.26,21.79,-0.0303,0.4184,2.5709,0.0049,0.0095,0.0098
NTP,2017-07-12,22.18,22.52,22.18,22.18,9200,22.36,22.26,21.81,-0.7877,-0.3802,1.6742,-0.0105,-0.0186,0.0074
NTP,2017-07-13,22.01,22.35,21.98,22.35,18481,22.35,22.27,21.85,0.0152,0.3421,2.2648,0.0249,0.05,0.0093
NTP,2017-07-14,22.35,22.35,22.18,22.35,9210,22.31,22.29,21.89,0.167,0.2811,2.0981,0.0102,0.0222,0.0096
NTP,2017-07-17,22.35,24.38,22.35,23.06,59284,22.38,22.34,21.94,3.0413,3.2287,5.0856,-0.0163,-0.0419,0.0108
NTP,2017-07-18,23.36,23.36,22.45,23.03,8980,22.45,22.39,22.0,2.5796,2.8589,4.6884,0.003,0.0068,0.0105
NTP,2017-07-19,23.06,23.09,23.03,23.03,4351,22.52,22.43,22.04,2.2403,2.6648,4.4599,-0.0057,-0.0119,0.0104
NTP,2017-07-20,23.03,23.06,22.69,23.03,15020,22.61,22.47,22.09,1.8574,2.4714,4.2323,0.0147,0.0345,0.0092
NTP,2017-07-21,23.03,23.36,22.86,23.03,16491,22.67,22.51,22.12,1.5532,2.2787,4.0765,-0.0059,-0.0135,0.0096
NTP,2017-07-24,22.69,22.96,22.69,22.69,17833,22.71,22.52,22.14,-0.0895,0.7292,2.4578,-0.0308,-0.0639,0.0127
NTP,2017-07-25,22.35,22.52,22.35,22.52,2821,22.72,22.54,22.16,-0.9089,-0.0976,1.5957,0.0036,0.008,0.0126
NTP,2017-07-26,22.55,22.96,22.52,22.69,22361,22.78,22.57,22.19,-0.3866,0.5402,2.2459,-0.0068,-0.0141,0.0122
NTP,2017-07-27,22.69,23.03,22.69,22.79,21818,22.82,22.58,22.22,-0.1336,0.9147,2.5779,-0.0138,-0.0298,0.0111
NTP,2017-07-28,22.89,23.03,22.69,22.99,25908,22.88,22.6,22.25,0.4735,1.7457,3.3599,0.0269,0.0633,0.0127
NTP,2017-07-31,22.96,22.99,22.92,22.99,2047,22.88,22.63,22.28,0.5033,1.6087,3.2173,0.0017,0.0036,0.0113
NTP,2017-08-01,22.59,22.92,22.59,22.65,6248,22.84,22.64,22.3,-0.8154,0.0449,1.6006,-0.0037,-0.0082,0.0113
NTP,2017-08-02,22.65,22.65,22.65,22.65,6017,22.8,22.66,22.32,-0.6534,-0.0373,1.479,0.0,0.0,0.0108
NTP,2017-08-03,22.52,22.65,22.35,22.52,10585,22.75,22.68,22.35,-1.0269,-0.7092,0.7487,0.0015,0.0033,0.0095
NTP,2017-08-04,22.45,22.62,22.42,22.45,20305,22.69,22.68,22.37,-1.0743,-1.03,0.3438,-0.0149,-0.0355,0.0104
NTP,2017-08-07,22.35,22.69,22.35,22.62,26207,22.69,22.7,22.4,-0.2985,-0.3431,0.9855,0.0171,0.0379,0.009
NTP,2017-08-08,22.52,22.55,22.52,22.55,26298,22.69,22.71,22.42,-0.6118,-0.686,0.6097,0.0252,0.0608,0.0111
NTP,2017-08-09,22.42,22.52,22.35,22.38,16910,22.66,22.72,22.42,-1.2253,-1.4756,-0.1661,-0.0077,-0.0198,0.0112
NTP,2017-08-10,22.52,22.59,22.38,22.38,10540,22.62,22.72,22.42,-1.0479,-1.483,-0.1571,-0.0137,-0.0342,0.0112
NTP,2017-08-11,22.42,22.42,22.42,22.42,3810,22.56,22.72,22.42,-0.6454,-1.3486,-0.0332,0.0,0.0,0.0086
NTP,2017-08-14,22.35,22.42,22.35,22.42,24105,22.5,22.69,22.44,-0.3912,-1.2088,-0.0966,0.025,0.0602,0.0109
NTP,2017-08-15,22.45,22.62,22.42,22.62,4774,22.5,22.67,22.45,0.5267,-0.2241,0.7541,0.0067,0.0155,0.0112
NTP,2017-08-16,22.52,23.03,22.52,22.69,19760,22.5,22.65,22.46,0.8125,0.1495,0.9949,-0.009,-0.0191,0.0121
NTP,2017-08-17,22.69,22.69,20.99,20.99,84008,22.35,22.55,22.44,-6.0748,-6.9069,-6.4292,-0.0477,-0.1156,0.0167
NTP,2017-08-18,22.35,22.35,22.35,22.35,2400,22.34,22.52,22.44,0.0303,-0.7519,-0.3954,0.0,0.0,0.0152
NTP,2017-08-21,22.35,22.35,22.35,22.35,29216,22.32,22.5,22.44,0.1518,-0.6772,-0.4104,0.0,0.0,0.0135
NTP,2017-08-22,22.35,22.35,22.35,22.35,23800,22.29,22.49,22.44,0.243,-0.6398,-0.4254,0.0,0.0,0.011
NTP,2017-08-23,22.35,22.35,22.01,22.01,26600,22.26,22.46,22.44,-1.1106,-1.9978,-1.9342,-0.0547,-0.116,0.0157
NTP,2017-08-24,22.01,22.01,21.67,21.67,40320,22.19,22.4,22.43,-2.3199,-3.2648,-3.3991,-0.0607,-0.1352,0.0204
NTP,2017-08-25,21.67,21.71,21.33,21.33,27956,22.08,22.32,22.42,-3.3742,-4.4224,-4.8453,-0.0361,-0.0749,0.024
NTP,2017-08-28,22.35,22.35,21.67,21.84,4550,22.02,22.26,22.42,-0.815,-1.8937,-2.565,-0.0023,-0.0055,0.0217
NTP,2017-08-29,21.84,22.01,21.84,22.01,13600,21.96,22.23,22.41,0.2313,-0.9901,-1.8038,0.0116,0.0259,0.0222
NTP,2017-08-30,22.01,22.04,22.01,22.01,1600,21.89,22.2,22.41,0.5414,-0.8466,-1.789,-0.0022,-0.0047,0.0215
NTP,2017-08-31,22.01,22.69,22.01,22.69,26960,22.06,22.21,22.42,2.8396,2.1653,1.1871,0.0328,0.0721,0.02
NTP,2017-09-01,22.69,22.69,22.59,22.69,15750,22.1,22.22,22.43,2.682,2.1108,1.1412,0.0273,0.0568,0.0228
NTP,2017-09-05,22.08,23.33,22.08,23.03,6908,22.16,22.24,22.44,3.8961,3.5402,2.6012,0.0047,0.01,0.0232
NTP,2017-09-06,22.69,23.06,22.69,23.06,19886,22.23,22.26,22.46,3.7161,3.5741,2.6716,0.0296,0.062,0.0262
NTP,2017-09-07,24.38,24.38,23.36,23.36,3105,22.37,22.31,22.48,4.4505,4.712,3.9188,-0.0047,-0.0095,0.0212
NTP,2017-09-08,23.53,23.67,23.36,23.64,18241,22.57,22.38,22.51,4.7419,5.6295,5.0129,0.0205,0.0439,0.0172
NTP,2017-09-11,23.36,23.53,23.36,23.5,19446,22.78,22.43,22.52,3.151,4.7705,4.3358,0.0137,0.03,0.0149
NTP,2017-09-12,23.53,23.53,23.53,23.53,3648,22.95,22.49,22.55,2.5376,4.6608,4.3794,0.0,0.0,0.0147
NTP,2017-09-13,24.38,24.38,23.2,23.2,11140,23.07,22.51,22.56,0.5431,3.023,2.8004,-0.0162,-0.0317,0.0152
NTP,2017-09-14,23.2,23.2,23.2,23.2,9,23.19,22.54,22.58,0.0292,2.9069,2.7171,0.0,0.0,0.0149
NTP,2017-09-15,23.2,23.2,23.2,23.2,3500,23.24,22.65,22.6,-0.1894,2.4069,2.6248,0.0,0.0,0.0117
NTP,2017-09-18,23.7,23.7,23.3,23.36,4400,23.31,22.7,22.62,0.247,2.9236,3.281,-0.0046,-0.0083,0.0094
NTP,2017-09-19,23.03,23.03,22.52,22.76,13363,23.28,22.72,22.63,-2.2545,0.149,0.5506,-0.0011,-0.0024,0.009
NTP,2017-09-20,23.5,23.5,22.89,23.2,7200,23.29,22.76,22.65,-0.4216,1.8966,2.4192,0.0,0.0,0.0061
NTP,2017-09-21,25.06,25.06,23.36,23.36,24800,23.29,22.83,22.67,0.3053,2.3359,3.0589,-0.0351,-0.0715,0.0091
NTP,2017-09-22,23.67,23.67,22.69,23.36,14666,23.27,22.92,22.69,0.4221,1.9579,2.9666,0.0066,0.0134,0.0077
NTP,2017-09-25,23.7,23.74,23.23,23.23,24821,23.24,23.01,22.71,-0.0437,0.9491,2.2903,-0.0354,-0.0756,0.0099
NTP,2017-09-26,23.67,23.67,23.3,23.47,14736,23.23,23.09,22.72,1.0057,1.6204,3.2972,-0.0016,-0.0034,0.0101
NTP,2017-09-27,23.6,24.89,23.6,24.11,67480,23.32,23.2,22.74,3.3682,3.934,6.0281,-0.0172,-0.0375,0.0102
NTP,2017-09-28,24.38,24.45,24.11,24.21,104353,23.43,23.31,22.76,3.3536,3.8791,6.364,-0.0477,-0.1121,0.0149
NTP,2017-09-29,24.38,24.38,23.74,24.21,43252,23.53,23.38,22.79,2.9073,3.5407,6.2534,0.0279,0.0602,0.0177
NTP,2017-10-02,23.7,24.85,23.4,24.55,98112,23.65,23.48,22.82,3.8236,4.5723,7.5955,0.1106,0.2449,0.0283
NTP,2017-10-03,24.55,24.55,24.14,24.38,36900,23.81,23.54,22.85,2.4036,3.5524,6.6951,0.0143,0.0257,0.0296
NTP,2017-10-04,24.45,24.52,24.35,24.52,72820,23.94,23.62,22.89,2.4045,3.8067,7.1006,0.1164,0.2674,0.0413
NTP,2017-10-05,24.45,24.52,23.74,24.38,9118,24.04,23.67,22.92,1.4085,3.0117,6.3516,0.0069,0.0152,0.0384
NTP,2017-10-06,24.48,24.48,24.35,24.38,20800,24.14,23.71,22.96,0.9818,2.8498,6.2041,-0.0228,-0.0462,0.0401
NTP,2017-10-09,24.38,24.45,24.08,24.31,46934,24.25,23.75,22.98,0.2513,2.3886,5.7873,0.0213,0.0564,0.0387
NTP,2017-10-10,23.4,24.38,23.4,24.21,27310,24.33,23.78,23.01,-0.4733,1.8156,5.2337,0.0283,0.0592,0.0413
NTP,2017-10-11,24.38,24.38,24.21,24.31,12955,24.35,23.84,23.04,-0.1391,2.0031,5.523,0.0037,0.0088,0.04
NTP,2017-10-12,24.21,24.38,23.97,24.35,38680,24.36,23.89,23.07,-0.0556,1.8991,5.515,0.0402,0.0832,0.0392
NTP,2017-10-13,24.35,24.55,23.74,24.31,17300,24.37,23.95,23.11,-0.2362,1.52,5.2045,0.0098,0.0213,0.0374
NTP,2017-10-16,24.14,24.38,24.11,24.14,16892,24.33,23.99,23.14,-0.7655,0.6493,4.3191,-0.0188,-0.0327,0.0282
NTP,2017-10-17,26.34,26.34,24.55,25.06,2200,24.4,24.1,23.19,2.7064,3.9618,8.0418,-0.0009,-0.0022,0.0269
NTP,2017-10-18,25.06,25.09,24.35,24.82,17100,24.43,24.18,23.24,1.608,2.6323,6.8108,0.0043,0.0097,0.0157
NTP,2017-10-19,24.79,26.75,24.38,24.72,36285,24.46,24.25,23.29,1.052,1.9268,6.1602,-0.0333,-0.0707,0.0183
NTP,2017-10-20,26.58,27.09,25.06,25.74,36169,24.6,24.37,23.35,4.6256,5.5996,10.2056,-0.0154,-0.0342,0.0176
NTP,2017-10-23,25.74,26.75,25.26,25.74,19372,24.74,24.5,23.42,4.0241,5.0595,9.8933,-0.0078,-0.0193,0.0162
NTP,2017-10-24,25.74,25.74,24.96,25.4,46720,24.86,24.59,23.48,2.1659,3.2702,8.1721,0.0109,0.026,0.0145
NTP,2017-10-25,25.4,25.4,24.72,24.85,25257,24.91,24.63,23.52,-0.2311,0.9143,5.6632,-0.0224,-0.0512,0.0164
NTP,2017-10-26,24.72,26.07,23.74,26.07,31820,25.09,24.72,23.59,3.9417,5.465,10.5274,0.048,0.1088,0.0172
NTP,2017-10-27,24.89,25.06,24.38,25.06,5121,25.16,24.77,23.67,-0.4038,1.1827,5.8564,0.0076,0.0143,0.0169
NTP,2017-10-30,25.4,25.4,24.38,24.89,10949,25.23,24.78,23.72,-1.3688,0.4304,4.9161,-0.0,-0.0,0.0151
NTP,2017-10-31,24.72,24.79,24.55,24.79,14600,25.21,24.8,23.77,-1.6658,-0.0614,4.2735,0.0174,0.043,0.0167
NTP,2017-11-01,24.72,24.72,23.7,24.65,19630,25.19,24.81,23.82,-2.1374,-0.6347,3.5032,0.021,0.0537,0.0184
NTP,2017-11-02,23.06,24.38,23.03,24.38,6533,25.16,24.81,23.86,-3.0825,-1.7266,2.1624,0.0075,0.0157,0.0158
NTP,2017-11-03,23.7,25.06,23.7,24.38,4016,25.02,24.81,23.92,-2.5579,-1.7266,1.931,0.0,0.0,0.0143
NTP,2017-11-06,24.38,24.55,24.38,24.38,7561,24.89,24.81,23.98,-2.0275,-1.74,1.6719,-0.0112,-0.022,0.0146
NTP,2017-11-07,24.41,24.83,24.41,24.73,3790,24.82,24.84,24.04,-0.3726,-0.4528,2.8631,0.0032,0.0073,0.0138
NTP,2017-11-08,24.55,24.86,24.31,24.86,11552,24.82,24.87,24.09,0.181,-0.0068,3.1935,0.0115,0.0222,0.0127
NTP,2017-11-09,24.69,24.83,24.55,24.83,1626,24.69,24.89,24.15,0.5458,-0.2427,2.8095,0.0023,0.0047,0.0082
NTP,2017-11-10,24.83,25.49,22.37,25.31,52616,24.72,24.94,24.2,2.4003,1.4984,4.5867,0.0566,0.0764,0.0131
NTP,2017-11-13,25.76,27.84,25.76,27.84,218539,25.02,25.12,24.31,11.2846,10.7999,14.5293,0.227,0.4283,0.0358
NTP,2017-11-14,27.84,30.09,27.32,27.32,160840,25.27,25.24,24.39,8.1166,8.2481,11.9996,-0.1919,-0.3474,0.0532
NTP,2017-11-15,27.32,28.36,27.32,28.01,21632,25.6,25.4,24.49,9.3993,10.2916,14.3708,0.0076,0.0161,0.0519
NTP,2017-11-16,28.36,28.36,27.15,27.77,114220,25.94,25.55,24.58,7.0374,8.6859,12.9761,0.0032,0.008,0.0515
NTP,2017-11-17,27.77,27.98,27.32,27.98,33114,26.3,25.66,24.67,6.3631,9.0199,13.4196,0.0435,0.0951,0.0558
NTP,2017-11-20,28.36,28.36,27.35,27.98,147570,26.66,25.77,24.76,4.9287,8.5459,13.0095,0.0466,0.0875,0.0593
NTP,2017-11-21,27.98,28.56,27.77,28.53,59600,27.04,25.93,24.86,5.4987,10.0239,14.7813,0.0548,0.1024,0.0645
NTP,2017-11-22,28.01,28.53,27.84,28.36,49854,27.39,26.11,24.96,3.5223,8.6236,13.6138,0.0242,0.0508,0.0658
NTP,2017-11-23,28.53,28.84,28.08,28.7,107279,27.78,26.24,25.07,3.3238,9.3975,14.4941,0.0833,0.1845,0.0739
NTP,2017-11-24,28.7,28.7,28.18,28.53,84300,28.1,26.41,25.18,1.526,8.0238,13.3221,0.0266,0.0649,0.0709
NTP,2017-11-27,28.6,28.88,28.32,28.6,77213,28.18,26.6,25.28,1.4973,7.5303,13.1265,-0.0,-0.0,0.0482
NTP,2017-11-28,28.56,28.84,28.53,28.67,84610,28.31,26.79,25.4,1.2581,7.0097,12.8721,-0.0043,-0.0117,0.0294
NTP,2017-11-29,28.67,30.43,28.18,30.33,269986,28.54,27.07,25.54,6.2515,12.0189,18.7406,0.1717,0.4989,0.0458
NTP,2017-11-30,30.6,31.12,28.7,29.6,162450,28.73,27.34,25.67,3.0456,8.2924,15.3341,-0.0335,-0.0779,0.0488
NTP,2017-12-01,29.39,29.39,28.36,28.5,79980,28.78,27.54,25.77,-0.9853,3.4654,10.5805,-0.0647,-0.138,0.051
NTP,2017-12-04,28.5,28.84,27.32,28.01,142319,28.78,27.72,25.86,-2.6793,1.0416,8.2998,-0.009,-0.0206,0.0472
NTP,2017-12-05,28.01,28.01,26.11,26.63,194453,28.59,27.82,25.93,-6.8699,-4.2765,2.7006,-0.0453,-0.1031,0.0463
NTP,2017-12-06,27.67,27.67,26.32,27.28,101730,28.48,27.94,25.99,-4.2127,-2.3394,4.9777,0.0386,0.0912,0.0477
NTP,2017-12-07,27.28,27.49,26.52,26.52,40398,28.27,28.02,26.04,-6.1659,-5.3496,1.8692,-0.0449,-0.0897,0.0439
NTP,2017-12-08,26.63,26.63,25.24,25.52,85147,27.97,28.03,26.06,-8.7424,-8.9619,-2.0809,-0.054,-0.1222,0.0466
NTP,2017-12-11,25.52,25.52,24.73,25.07,49020,27.61,27.9,26.07,-9.2048,-10.1221,-3.8443,-0.0059,-0.0127,0.0472
NTP,2017-12-12,25.59,26.66,25.07,25.76,58165,27.32,27.82,26.1,-5.7081,-7.3844,-1.2963,-0.0065,-0.0127,0.0474
NTP,2017-12-13,25.83,26.18,25.24,25.56,62800,26.85,27.69,26.12,-4.8048,-7.723,-2.1692,-0.0286,-0.0619,0.0331
NTP,2017-12-14,25.28,25.9,25.28,25.56,37631,26.44,27.58,26.15,-3.3482,-7.3529,-2.2571,-0.0048,-0.0109,0.0302
NTP,2017-12-15,26.49,26.49,25.59,25.94,17223,26.19,27.48,26.18,-0.9509,-5.6248,-0.9201,-0.0031,-0.0062,0.0241
NTP,2017-12-18,26.45,26.63,25.59,26.01,101040,25.98,27.38,26.21,0.0798,-5.0325,-0.7842,-0.0184,-0.0405,0.025
NTP,2017-12-19,25.59,25.66,25.21,25.21,31240,25.84,27.22,26.23,-2.4488,-7.3756,-3.8919,-0.039,-0.0665,0.0244
NTP,2017-12-20,25.21,25.24,24.55,25.07,95040,25.62,27.05,26.25,-2.146,-7.3246,-4.4745,0.0553,0.1189,0.026
NTP,2017-12-21,25.07,25.14,24.76,25.11,28150,25.48,26.87,26.26,-1.4658,-6.5757,-4.3981,0.0201,0.0401,0.0236
NTP,2017-12-22,24.9,25.11,24.21,25.11,57072,25.44,26.7,26.28,-1.3051,-5.9768,-4.4558,0.0818,0.1497,0.0264
NTP,2017-12-25,24.55,24.9,24.45,24.73,19428,25.4,26.51,26.29,-2.6681,-6.725,-5.9451,0.0065,0.0126,0.0264
NTP,2017-12-26,24.41,24.41,24.07,24.21,64460,25.25,26.29,26.27,-4.1227,-7.9069,-7.8586,-0.0148,-0.0261,0.0272
NTP,2017-12-27,23.9,24.38,23.38,23.52,43590,25.04,25.94,26.25,-6.1033,-9.3636,-10.4022,-0.0359,-0.0668,0.028
NTP,2017-12-28,23.27,24.62,23.27,24.55,117625,24.94,25.69,26.24,-1.5666,-4.435,-6.4374,0.1422,0.2503,0.0417
NTP,2017-12-29,24.55,24.73,23.17,24.21,136669,24.77,25.48,26.21,-2.2756,-4.9881,-7.6477,0.0436,0.0822,0.0458
NTP,2018-01-02,24.38,24.38,23.38,23.41,53980,24.51,25.25,26.17,-4.4864,-7.273,-10.5234,-0.0372,-0.0718,0.0476
NTP,2018-01-03,23.41,23.93,22.82,22.86,117572,24.28,25.06,26.11,-5.8405,-8.7836,-12.4683,-0.0862,-0.1455,0.0524
NTP,2018-01-04,22.89,23.31,22.82,22.89,73847,24.06,24.84,26.08,-4.8441,-7.838,-12.204,-0.0467,-0.077,0.0515
NTP,2018-01-05,22.89,23.41,22.65,22.89,87790,23.84,24.66,26.01,-3.9606,-7.1594,-11.9892,-0.0199,-0.0411,0.0515
NTP,2018-01-08,22.86,23.34,22.75,22.93,94760,23.62,24.53,25.97,-2.9282,-6.5275,-11.7116,-0.0203,-0.0371,0.0453
NTP,2018-01-09,22.93,23.1,22.89,22.93,65141,23.44,24.42,25.93,-2.1835,-6.1172,-11.5781,-0.0244,-0.0455,0.0471
NTP,2018-01-10,22.93,23.62,22.93,23.62,109467,23.38,24.31,25.91,1.0206,-2.8588,-8.8286,0.0587,0.0994,0.0515
NTP,2018-01-11,23.83,24.03,23.65,23.86,67321,23.42,24.23,25.89,1.9052,-1.52,-7.838,0.0035,0.0067,0.0483
NTP,2018-01-12,23.93,23.93,23.03,23.79,58751,23.34,24.14,25.88,1.941,-1.4468,-8.0633,0.0146,0.03,0.0355
NTP,2018-01-15,23.38,25.24,23.17,23.86,149570,23.3,24.04,25.87,2.3891,-0.7337,-7.759,-0.0326,-0.0596,0.0344
NTP,2018-01-16,23.86,24.38,23.52,23.83,77651,23.35,23.93,25.86,2.0589,-0.4264,-7.8532,-0.0167,-0.0322,0.0324
NTP,2018-01-17,23.86,25.24,23.52,23.52,50035,23.41,23.84,25.83,0.4431,-1.3778,-8.9717,-0.0216,-0.0405,0.0259
NTP,2018-01-18,23.17,23.86,23.17,23.52,27134,23.47,23.77,25.81,0.1768,-1.0549,-8.8765,-0.0,-0.0,0.0212
NTP,2018-01-19,23.83,23.96,23.34,23.41,58168,23.53,23.68,25.78,-0.4851,-1.139,-9.1787,-0.0273,-0.0378,0.022
NTP,2018-01-22,23.72,24.55,23.34,23.96,129259,23.63,23.62,25.75,1.4196,1.4418,-6.9349,0.0025,0.0039,0.0202
NTP,2018-01-23,24.55,24.66,24.0,24.21,68333,23.76,23.6,25.68,1.8923,2.5791,-5.729,-0.0708,-0.1814,0.0248
NTP,2018-01-24,24.24,24.59,24.03,24.21,65715,23.82,23.6,25.62,1.6408,2.5791,-5.4999,-0.0853,-0.1877,0.0275
NTP,2018-01-25,24.55,25.24,23.76,23.86,123534,23.82,23.62,25.53,0.1888,1.0397,-6.5471,-0.047,-0.0738,0.0318
NTP,2018-01-26,24.03,24.17,23.34,23.52,71654,23.79,23.56,25.45,-1.1484,-0.2055,-7.5936,-0.0253,-0.0416,0.0329
NTP,2018-01-29,23.55,23.58,23.1,23.34,51055,23.74,23.52,25.36,-1.6609,-0.7572,-7.9378,0.0,0.0,0.0296
NTP,2018-01-30,23.86,24.52,23.0,23.52,33115,23.71,23.53,25.27,-0.8023,-0.0441,-6.9284,-0.0051,-0.0084,0.0285
NTP,2018-01-31,23.45,23.45,23.1,23.17,43120,23.67,23.54,25.16,-2.1183,-1.5791,-7.9063,-0.0102,-0.0174,0.0274
NTP,2018-02-01,23.14,23.17,22.82,22.96,79010,23.62,23.54,25.05,-2.7676,-2.4748,-8.3379,-0.009,-0.0171,0.0282
NTP,2018-02-02,22.82,23.0,22.55,22.69,99460,23.54,23.53,24.93,-3.6428,-3.6074,-9.0052,-0.0358,-0.0509,0.0291
NTP,2018-02-05,22.55,22.58,21.79,21.79,116115,23.33,23.48,24.8,-6.5975,-7.2028,-12.1363,-0.05,-0.0872,0.0339
NTP,2018-02-06,21.96,21.96,20.23,20.75,192850,22.98,23.37,24.64,-9.7065,-11.2098,-15.7871,-0.0317,-0.0438,0.03
NTP,2018-02-07,21.75,22.82,21.51,21.79,66810,22.74,23.28,24.5,-4.1825,-6.4032,-11.0797,-0.0338,-0.0502,0.0248
NTP,2018-02-08,23.69,23.96,21.82,22.41,13400,22.59,23.2,24.34,-0.8113,-3.4277,-7.9441,-0.0051,-0.0105,0.0206
NTP,2018-02-09,21.82,22.13,20.78,22.13,35700,22.45,23.12,24.19,-1.4323,-4.2776,-8.5192,0.0255,0.0434,0.0206
NTP,2018-02-12,22.13,22.48,22.13,22.31,3700,22.35,23.04,24.07,-0.2011,-3.204,-7.3302,0.0,0.0,0.0206
NTP,2018-02-13,23.07,24.0,23.07,23.69,48455,22.37,23.04,23.98,5.906,2.8297,-1.2285,0.0164,0.0274,0.0217
NTP,2018-02-21,23.69,24.0,23.69,24.0,15123,22.45,23.06,23.93,6.9008,4.0714,0.289,0.0168,0.0279,0.0224
NTP,2018-02-22,23.52,24.21,23.52,23.58,27740,22.51,23.06,23.86,4.7619,2.2565,-1.1394,-0.0237,-0.0407,0.0239
NTP,2018-02-23,23.58,24.21,23.17,24.17,54400,22.66,23.1,23.81,6.6687,4.6329,1.5251,0.0356,0.0578,0.0238
NTP,2018-02-26,24.03,24.07,22.86,23.38,31501,22.82,23.07,23.77,2.4398,1.319,-1.6384,-0.0025,-0.0042,0.0191
NTP,2018-02-27,23.38,23.72,23.14,23.72,40910,23.12,23.05,23.74,2.6178,2.9257,-0.0699,0.0406,0.065,0.02
NTP,2018-02-28,23.72,23.86,23.38,23.76,15963,23.31,23.03,23.7,1.8985,3.1764,0.2451,0.0071,0.0112,0.0173
NTP,2018-03-01,23.52,23.55,23.17,23.41,20510,23.42,23.0,23.66,-0.0148,1.7739,-1.035,0.0038,0.006,0.0172
NTP,2018-03-02,23.41,23.41,23.1,23.17,49540,23.52,22.99,23.61,-1.4851,0.7974,-1.8602,-0.0191,-0.0304,0.0165
NTP,2018-03-05,23.83,23.83,23.31,23.76,6420,23.66,23.01,23.57,0.3946,3.2617,0.8159,0.0021,0.0034,0.0168
NTP,2018-03-06,23.41,23.41,23.17,23.17,12410,23.61,22.99,23.51,-1.8746,0.7822,-1.4416,-0.0071,-0.0119,0.0158
NTP,2018-03-07,23.17,23.34,22.93,22.96,14880,23.51,22.98,23.46,-2.3242,-0.0752,-2.1371,-0.0101,-0.0179,0.0152
NTP,2018-03-08,22.96,23.24,22.82,22.82,15700,23.43,22.97,23.42,-2.5974,-0.6473,-2.5399,-0.0155,-0.0257,0.0143
NTP,2018-03-09,23.17,23.41,22.65,23.17,10665,23.33,23.0,23.38,-0.6966,0.7519,-0.8993,0.0036,0.0055,0.0111
NTP,2018-03-12,23.34,23.34,22.48,22.65,33710,23.26,23.04,23.33,-2.6167,-1.6886,-2.9141,-0.0157,-0.023,0.0125
NTP,2018-03-13,22.65,23.1,22.48,22.48,15524,23.14,23.13,23.29,-2.84,-2.8037,-3.4692,-0.0106,-0.0165,0.0095
NTP,2018-03-14,23.31,23.31,22.41,22.75,40592,23.03,23.17,23.26,-1.216,-1.813,-2.159,-0.0059,-0.009,0.0093
NTP,2018-03-15,22.51,22.51,22.24,22.31,64000,22.92,23.17,23.23,-2.7003,-3.7313,-3.9921,-0.0245,-0.0438,0.0114
NTP,2018-03-16,22.31,22.65,22.17,22.31,15620,22.84,23.18,23.19,-2.3319,-3.7672,-3.806,-0.0042,-0.005,0.0099
NTP,2018-03-19,22.24,22.31,22.06,22.06,16172,22.67,23.17,23.14,-2.6697,-4.7619,-4.6737,-0.0111,-0.0184,0.0108
NTP,2018-03-20,21.86,22.48,21.44,21.79,23210,22.53,23.07,23.11,-3.3001,-5.5684,-5.7366,-0.0068,-0.0096,0.0108
NTP,2018-03-21,21.79,22.48,21.79,21.86,18100,22.42,22.96,23.09,-2.5143,-4.8264,-5.3552,-0.0147,-0.0195,0.0113
NTP,2018-03-22,22.13,22.13,21.86,21.96,7461,22.33,22.88,23.07,-1.6724,-4.0351,-4.829,-0.0015,-0.0022,0.0098
NTP,2018-03-23,21.96,22.13,21.44,22.13,47462,22.23,22.78,23.06,-0.4356,-2.8463,-4.0163,0.0349,0.0556,0.013
NTP,2018-03-26,21.79,22.13,21.65,21.82,8400,22.15,22.7,23.04,-1.4678,-3.8842,-5.2752,-0.0016,-0.0022,0.0116
NTP,2018-03-27,21.79,22.13,21.44,21.44,11858,22.04,22.59,23.01,-2.7298,-5.0827,-6.8062,-0.0088,-0.0132,0.0114
NTP,2018-03-28,22.13,22.13,21.51,21.61,5201,21.93,22.48,22.97,-1.4351,-3.8609,-5.8905,-0.0034,-0.0052,0.0111
NTP,2018-03-29,21.61,21.61,21.27,21.44,9700,21.84,22.38,22.92,-1.8366,-4.2101,-6.4462,-0.0,-0.0,0.0087
NTP,2018-03-30,21.27,21.44,20.92,21.44,7610,21.76,22.3,22.87,-1.4465,-3.8387,-6.2538,0.0084,0.0124,0.0091
NTP,2018-04-02,21.61,21.61,21.09,21.44,8700,21.69,22.18,22.82,-1.1637,-3.3365,-6.0549,0.0019,0.003,0.0082
NTP,2018-04-03,21.09,21.2,21.03,21.16,17310,21.63,22.08,22.77,-2.1583,-4.1503,-7.0502,0.0085,0.0132,0.0084
NTP,2018-04-04,21.03,21.23,20.99,21.16,15186,21.56,21.99,22.72,-1.8444,-3.7584,-6.8578,0.0046,0.0065,0.0074
NTP,2018-04-05,21.16,21.41,21.09,21.27,49347,21.49,21.91,22.68,-1.0459,-2.9433,-6.2157,0.0047,0.0071,0.0077
NTP,2018-04-06,21.44,21.44,21.3,21.44,27150,21.42,21.83,22.64,0.0807,-1.7666,-5.2886,0.0197,0.0306,0.0062
NTP,2018-04-09,21.27,21.61,21.27,21.44,23709,21.39,21.77,22.59,0.2587,-1.4935,-5.0769,-0.0,-0.0,0.006
NTP,2018-04-10,21.3,21.3,21.09,21.09,6270,21.35,21.7,22.53,-1.1986,-2.7733,-6.3498,-0.0045,-0.0067,0.0056
NTP,2018-04-11,21.58,21.58,20.82,20.82,9253,21.27,21.6,22.46,-2.1297,-3.6183,-7.2991,-0.0048,-0.0071,0.0057
NTP,2018-04-12,21.06,21.06,20.75,20.75,4430,21.2,21.52,22.39,-2.1367,-3.5912,-7.3502,-0.004,-0.006,0.0061
NTP,2018-04-13,20.75,20.75,20.2,20.2,15220,21.08,21.42,22.33,-4.1837,-5.7,-9.5527,-0.0124,-0.0184,0.0065
NTP,2018-04-16,20.2,20.2,19.02,19.54,48320,20.89,21.29,22.25,-6.4569,-8.2271,-12.1962,-0.0073,-0.0104,0.007
NTP,2018-04-17,20.92,20.92,19.3,19.92,14411,20.76,21.2,22.18,-4.064,-6.0282,-10.1965,-0.0034,-0.0048,0.0065
NTP,2018-04-18,19.57,19.61,19.37,19.37,11026,20.58,21.07,22.1,-5.914,-8.0988,-12.3905,-0.009,-0.0127,0.007
NTP,2018-04-19,19.37,19.71,19.23,19.3,70160,20.39,20.94,22.03,-5.3435,-7.8447,-12.4129,-0.0342,-0.0408,0.0099
NTP,2018-04-20,19.37,19.54,19.37,19.47,22026,20.19,20.81,21.97,-3.5629,-6.424,-11.3693,0.0036,0.0045,0.0083
NTP,2018-04-23,19.5,19.5,19.02,19.02,46600,19.95,20.67,21.91,-4.6463,-7.9652,-13.1972,-0.0239,-0.0363,0.0107
NTP,2018-04-24,19.37,19.37,18.92,19.02,56661,19.74,20.54,21.88,-3.644,-7.423,-13.06,-0.0306,-0.0346,0.0133
NTP,2018-04-26,19.02,19.64,19.02,19.37,19124,19.59,20.43,21.83,-1.1648,-5.2213,-11.2829,0.0013,0.0018,0.013
NTP,2018-04-27,19.37,19.71,19.33,19.71,37000,19.49,20.35,21.77,1.1355,-3.1189,-9.475,0.0303,0.0453,0.0156
NTP,2018-05-02,19.57,19.88,19.57,19.57,13377,19.43,20.25,21.72,0.7476,-3.3552,-9.8984,-0.0114,-0.016,0.0155
NTP,2018-05-03,19.57,19.57,19.37,19.4,21713,19.41,20.15,21.67,-0.0712,-3.724,-10.4549,-0.0103,-0.0164,0.0158
NTP,2018-05-04,19.5,19.61,19.5,19.61,14500,19.38,20.07,21.58,1.1597,-2.3172,-9.155,0.0158,0.0257,0.017
NTP,2018-05-07,19.61,19.71,19.37,19.71,10010,19.42,20.0,21.5,1.5138,-1.4438,-8.31,0.0096,0.0138,0.0171
NTP,2018-05-08,19.71,19.71,19.33,19.33,32820,19.42,19.9,21.41,-0.4629,-2.8755,-9.7222,-0.0332,-0.0506,0.017
NTP,2018-05-09,19.19,19.19,18.05,18.85,11810,19.36,19.77,21.31,-2.6438,-4.6869,-11.5432,0.0067,0.0101,0.0173
NTP,2018-05-10,18.71,18.74,18.67,18.67,4700,19.32,19.64,21.21,-3.3643,-4.8961,-11.9661,-0.0041,-0.0066,0.0153
NTP,2018-05-11,18.33,18.33,18.19,18.33,19800,19.25,19.5,21.1,-4.8132,-5.9951,-13.1546,0.0204,0.0277,0.0143
NTP,2018-05-14,18.33,18.33,18.22,18.33,21750,19.15,19.37,21.0,-4.2976,-5.3909,-12.7055,0.033,0.0402,0.0175
NTP,2018-05-15,18.85,18.85,18.67,18.67,1301,19.05,19.27,20.9,-1.9608,-3.0869,-10.6552,-0.002,-0.0023,0.0146
NTP,2018-05-16,19.54,19.54,18.67,18.67,4009,18.96,19.19,20.81,-1.4958,-2.7027,-10.2692,-0.0053,-0.0072,0.014
NTP,2018-05-17,18.6,18.6,18.5,18.5,872,18.87,19.14,20.71,-1.9428,-3.3424,-10.6487,-0.0013,-0.0016,0.0131
NTP,2018-05-18,19.37,19.37,18.43,18.67,4512,18.77,19.08,20.62,-0.5342,-2.1207,-9.4203,-0.003,-0.0036,0.0119
NTP,2018-05-21,18.4,18.54,18.4,18.43,3529,18.65,19.03,20.53,-1.1498,-3.1525,-10.1998,-0.002,-0.0027,0.0111
NTP,2018-05-22,18.5,18.67,17.64,18.26,10420,18.54,18.98,20.43,-1.5109,-3.7989,-10.6448,0.0021,0.0034,0.008
NTP,2018-05-23,18.16,18.16,17.64,17.98,1600,18.45,18.91,20.33,-2.5487,-4.8838,-11.5496,0.0005,0.0006,0.0074
NTP,2018-05-24,18.33,18.33,18.02,18.02,4300,18.39,18.86,20.24,-2.0124,-4.4475,-10.9737,-0.0065,-0.008,0.0076
NTP,2018-05-25,17.98,17.98,17.64,17.95,4764,18.35,18.8,20.15,-2.1862,-4.5429,-10.9166,0.0035,0.0048,0.0059
NTP,2018-05-28,17.71,17.98,17.29,17.33,27660,18.25,18.7,20.04,-5.0597,-7.3509,-13.5402,-0.0133,-0.0197,0.0039
NTP,2018-05-29,18.36,18.36,18.32,18.32,723,18.21,18.63,19.96,0.5996,-1.652,-8.1979,-0.0006,-0.0009,0.0038
NTP,2018-05-30,18.89,18.89,18.89,18.89,100,18.24,18.6,19.89,3.6065,1.5949,-5.0155,0.0,0.0,0.0033
NTP,2018-05-31,18.18,18.89,18.18,18.89,10300,18.27,18.57,19.83,3.3843,1.7336,-4.7117,0.0097,0.0126,0.0041
NTP,2018-06-01,18.89,18.89,18.18,18.89,4190,18.3,18.54,19.77,3.2605,1.9297,-4.4328,0.005,0.0063,0.0043
NTP,2018-06-04,18.82,18.86,18.82,18.86,2250,18.34,18.49,19.71,2.8265,1.9723,-4.323,0.0018,0.0027,0.0043
NTP,2018-06-05,18.36,18.36,18.0,18.18,3440,18.33,18.44,19.63,-0.8241,-1.3834,-7.4043,0.0,0.0,0.0041
NTP,2018-06-06,18.18,18.25,18.18,18.25,8030,18.36,18.41,19.56,-0.5811,-0.8365,-6.6723,0.0078,0.0108,0.0048
NTP,2018-06-07,16.68,18.18,16.68,18.18,17910,18.37,18.38,19.48,-1.0574,-1.0911,-6.6894,0.0194,0.0271,0.0061
NTP,2018-06-08,18.86,18.86,18.18,18.18,5350,18.4,18.37,19.42,-1.1823,-1.0513,-6.376,-0.0063,-0.009,0.0064
NTP,2018-06-11,17.29,18.54,16.68,18.18,7900,18.48,18.37,19.35,-1.6393,-1.0114,-6.0438,0.0061,0.0085,0.0057
NTP,2018-06-12,18.18,18.18,17.82,18.0,28112,18.45,18.33,19.28,-2.4343,-1.8022,-6.6331,-0.0,-0.0,0.0056
NTP,2018-06-13,17.89,17.89,17.79,17.79,25020,18.34,18.29,19.21,-3.0126,-2.7339,-7.3915,-0.0509,-0.055,0.0107
NTP,2018-06-14,18.18,19.53,17.32,17.79,26610,18.23,18.25,19.13,-2.4247,-2.5439,-7.038,-0.0173,-0.0231,0.0115
NTP,2018-06-15,17.4,17.43,17.29,17.29,8549,18.07,18.18,19.06,-4.3204,-4.9173,-9.2787,-0.0086,-0.0096,0.0118
NTP,2018-06-18,17.47,17.47,17.25,17.25,4812,17.91,18.12,18.98,-3.6624,-4.8049,-9.0927,-0.0043,-0.0061,0.0121
NTP,2018-06-19,16.75,16.93,15.54,16.93,20610,17.78,18.06,18.89,-4.7905,-6.2319,-10.3737,0.0182,0.024,0.0139
NTP,2018-06-20,17.47,17.47,16.26,17.08,2340,17.67,18.01,18.81,-3.3495,-5.2041,-9.1993,0.001,0.0013,0.0132
NTP,2018-06-21,16.75,17.11,16.47,16.47,6010,17.5,17.94,18.71,-5.868,-8.1739,-11.9563,-0.0107,-0.0139,0.0123
NTP,2018-06-22,17.43,18.11,17.43,17.61,6500,17.44,17.92,18.64,0.9812,-1.7211,-5.506,-0.0037,-0.0046,0.0121
NTP,2018-06-25,16.4,17.29,16.4,16.68,6300,17.29,17.89,18.55,-3.5052,-6.7265,-10.0803,-0.0041,-0.0055,0.0119
NTP,2018-06-26,17.11,17.11,17.11,17.11,300,17.2,17.83,18.48,-0.5181,-4.0096,-7.4115,0.0,0.0,0.0119
NTP,2018-06-27,17.11,17.11,16.4,16.93,21500,17.11,17.73,18.42,-1.0623,-4.4842,-8.0513,0.0139,0.0184,0.0082
NTP,2018-06-28,16.75,16.75,16.4,16.4,20039,16.98,17.6,18.35,-3.4019,-6.8449,-10.6502,-0.0234,-0.0328,0.0088
NTP,2018-06-29,16.93,16.93,16.36,16.4,7500,16.89,17.48,18.28,-2.8921,-6.1799,-10.306,-0.0094,-0.0112,0.0089
NTP,2018-07-02,16.04,16.4,15.93,15.93,15100,16.75,17.33,18.21,-4.8936,-8.0625,-12.5124,-0.0186,-0.0259,0.0103
NTP,2018-07-03,15.93,16.04,14.4,14.4,20329,16.5,17.14,18.12,-12.7241,-15.9908,-20.5011,-0.0137,-0.018,0.0099
NTP,2018-07-04,14.97,15.22,14.97,14.97,5200,16.29,16.98,18.03,-8.0963,-11.8203,-16.9402,-0.0064,-0.0076,0.0104
NTP,2018-07-05,14.79,14.97,14.62,14.62,16700,16.11,16.8,17.94,-9.2519,-13.0066,-18.5197,-0.0189,-0.0239,0.0112
NTP,2018-07-06,14.62,15.04,14.62,14.62,13600,15.81,16.62,17.85,-7.5327,-12.0738,-18.1176,-0.0107,-0.0147,0.0119
NTP,2018-07-09,14.69,15.33,14.69,15.11,9200,15.65,16.47,17.76,-3.4168,-8.2251,-14.9162,0.0039,0.0056,0.0119
NTP,2018-07-10,15.33,15.33,14.97,15.33,7500,15.47,16.34,17.68,-0.9217,-6.1648,-13.2843,0.0129,0.016,0.0132
NTP,2018-07-11,14.97,15.01,14.79,14.97,30104,15.27,16.19,17.58,-1.9836,-7.5501,-14.8577,0.0221,0.0338,0.014
NTP,2018-07-12,15.15,15.15,14.97,15.15,6120,15.15,16.06,17.5,-0.0,-5.6813,-13.4257,0.0133,0.0195,0.013
NTP,2018-07-13,14.97,15.33,14.97,15.33,9362,15.04,15.96,17.41,1.8957,-3.9857,-11.9766,0.0136,0.0206,0.0134
NTP,2018-07-16,15.33,15.47,15.33,15.47,306,15.0,15.88,17.33,3.1614,-2.5486,-10.723,0.0005,0.0008,0.0116
NTP,2018-07-17,15.33,15.51,15.33,15.51,6950,15.11,15.8,17.25,2.6428,-1.8834,-10.1205,0.0068,0.0096,0.0109
NTP,2018-07-18,15.51,15.83,15.51,15.61,4080,15.17,15.73,17.19,2.9135,-0.7478,-9.1602,-0.001,-0.0013,0.0104
NTP,2018-07-19,15.61,15.68,14.97,15.08,12620,15.22,15.66,17.12,-0.9136,-3.7214,-11.9026,-0.009,-0.0116,0.0094
NTP,2018-07-20,15.08,15.72,15.08,15.15,2200,15.27,15.54,17.05,-0.7937,-2.5006,-11.1562,-0.0016,-0.0022,0.0085
NTP,2018-07-23,15.15,15.51,15.15,15.51,32400,15.31,15.48,17.0,1.2806,0.1727,-8.7638,0.0133,0.0355,0.0094
NTP,2018-07-24,15.22,15.22,15.22,15.22,2000,15.3,15.39,16.93,-0.5126,-1.0658,-10.0763,0.0,0.0,0.0081
NTP,2018-07-25,15.19,15.4,15.08,15.08,5230,15.31,15.29,16.86,-1.5134,-1.3986,-10.5387,-0.0057,-0.0085,0.0065
NTP,2018-07-26,15.68,15.86,15.19,15.19,2960,15.31,15.23,16.79,-0.838,-0.3042,-9.5484,-0.0028,-0.0039,0.0054
NTP,2018-07-27,15.51,15.58,15.33,15.54,10200,15.34,15.19,16.73,1.3482,2.3234,-7.0785,0.0088,0.0125,0.005
NTP,2018-07-30,15.54,15.86,15.54,15.76,6100,15.36,15.18,16.67,2.5522,3.7924,-5.4973,0.002,0.0026,0.0051
NTP,2018-07-31,15.86,16.18,15.76,16.18,11314,15.43,15.27,16.63,4.8741,5.9881,-2.6894,0.0126,0.0192,0.0057
NTP,2018-08-01,16.4,16.4,15.86,15.86,4902,15.46,15.31,16.59,2.6291,3.5847,-4.3748,-0.0052,-0.0082,0.0061
NTP,2018-08-02,16.01,16.01,15.86,15.86,1000,15.54,15.38,16.55,2.1111,3.1645,-4.1258,-0.001,-0.0013,0.0053
NTP,2018-08-03,15.33,15.93,15.33,15.93,7060,15.61,15.44,16.51,2.0548,3.1856,-3.46,0.0071,0.0094,0.0059
NTP,2018-08-06,15.93,15.93,15.93,15.93,0,15.66,15.48,16.48,1.776,2.9124,-3.297,0.0,0.0,0.0045
NTP,2018-08-07,15.68,15.93,15.68,15.93,1500,15.73,15.51,16.43,1.3146,2.7114,-3.0158,0.002,0.0022,0.0047
NTP,2018-08-08,15.97,15.97,15.68,15.68,6888,15.79,15.55,16.37,-0.6548,0.8711,-4.1603,-0.0066,-0.0089,0.0048
NTP,2018-08-09,15.68,16.18,15.68,16.18,5450,15.89,15.6,16.31,1.8623,3.7359,-0.7824,0.0054,0.0065,0.0051
NTP,2018-08-10,15.86,15.86,15.86,15.86,210,15.92,15.63,16.25,-0.3583,1.5055,-2.3866,0.0,0.0,0.0042
NTP,2018-08-13,16.04,16.04,15.33,16.04,9111,15.95,15.66,16.19,0.5811,2.459,-0.9465,0.0061,0.0095,0.0046
NTP,2018-08-14,15.97,15.97,15.97,15.97,383,15.93,15.68,16.15,0.2686,1.8529,-1.1169,0.0,0.0,0.0033
NTP,2018-08-15,15.47,16.04,15.47,15.54,3754,15.9,15.68,16.1,-2.2203,-0.8528,-3.4416,-0.0019,-0.0026,0.003
NTP,2018-08-16,15.54,15.68,15.51,15.68,9030,15.88,15.71,16.05,-1.2124,-0.1362,-2.2527,0.0085,0.0097,0.0038
NTP,2018-08-17,15.68,16.04,15.54,15.65,4700,15.85,15.73,16.0,-1.2595,-0.5212,-2.1661,-0.0027,-0.0037,0.0033
NTP,2018-08-20,15.65,15.68,15.65,15.68,3844,15.82,15.74,15.95,-0.8786,-0.3511,-1.6364,0.0042,0.0058,0.0037
NTP,2018-08-21,15.68,15.68,15.68,15.68,50,15.8,15.76,15.9,-0.722,-0.4975,-1.3497,0.0,0.0,0.0035
NTP,2018-08-22,15.68,15.68,15.68,15.68,20,15.8,15.79,15.86,-0.722,-0.6884,-1.0881,0.0,0.0,0.0029
NTP,2018-08-23,15.44,15.86,15.44,15.86,9722,15.77,15.83,15.82,0.6105,0.2252,0.2794,0.0187,0.0207,0.0042
NTP,2018-08-24,15.86,16.04,15.86,16.04,3074,15.78,15.85,15.79,1.626,1.1918,1.5664,0.0035,0.0038,0.0046
NTP,2018-08-27,16.04,16.4,16.04,16.22,24465,15.8,15.88,15.77,2.6393,2.1668,2.8295,-0.0,-0.0,0.0039
NTP,2018-08-28,16.04,16.54,16.04,16.54,5822,15.86,15.89,15.77,4.2931,4.0709,4.9157,0.0072,0.0094,0.0047
NTP,2018-08-29,16.54,17.25,16.54,17.25,14500,16.03,15.96,15.77,7.6273,8.084,9.4132,0.0182,0.0237,0.0063
NTP,2018-08-30,17.25,17.25,17.25,17.25,544,16.19,16.03,15.78,6.5845,7.6154,9.3044,0.0,0.0,0.0054
NTP,2018-08-31,17.25,17.25,17.25,17.25,172,16.35,16.1,15.78,5.5386,7.1745,9.3538,0.0,0.0,0.0052
NTP,2018-09-04,16.04,17.36,16.04,17.22,2420,16.5,16.16,15.79,4.3422,6.5285,9.054,0.0017,0.0024,0.0049
NTP,2018-09-05,17.11,17.29,17.11,17.11,3000,16.64,16.22,15.79,2.8057,5.4829,8.3766,-0.0041,-0.0049,0.0053
NTP,2018-09-06,16.04,17.29,16.04,17.29,16500,16.8,16.3,15.8,2.885,6.0573,9.4561,0.0185,0.0279,0.0072
NTP,2018-09-07,16.75,17.4,16.75,17.22,10820,16.94,16.35,15.81,1.6414,5.2861,8.8917,0.0052,0.0078,0.0058
NTP,2018-09-10,17.43,17.43,16.65,16.65,220,17.0,16.39,15.82,-2.0759,1.5548,5.2513,-0.0003,-0.0004,0.0055
NTP,2018-09-11,16.75,17.68,16.75,17.68,2530,17.15,16.47,15.85,3.1185,7.3245,11.5409,0.0023,0.0031,0.0057
NTP,2018-09-12,17.68,17.68,17.68,17.68,47,17.26,16.56,15.92,2.437,6.77,11.0813,0.0,0.0,0.005
NTP,2018-09-13,17.68,17.68,17.68,17.68,20,17.3,16.67,15.97,2.1838,6.0849,10.7044,0.0,0.0,0.0032
NTP,2018-09-14,17.68,17.68,16.33,16.33,1200,17.21,16.7,16.01,-5.1367,-2.2307,2.0045,-0.0014,-0.002,0.0033
NTP,2018-09-17,16.33,17.43,16.33,17.08,620,17.19,16.77,16.05,-0.6842,1.8174,6.3546,0.0002,0.0003,0.0034
NTP,2018-09-18,17.04,18.54,17.04,17.15,5600,17.19,16.84,16.1,-0.2282,1.799,6.5291,-0.0035,-0.0048,0.0035
NTP,2018-09-19,17.11,17.29,17.11,17.29,10123,17.2,16.92,16.13,0.4973,2.1591,7.1539,0.0116,0.017,0.0043
NTP,2018-09-20,17.29,17.29,17.29,17.29,2900,17.2,17.0,16.18,0.4973,1.6772,6.847,0.0,0.0,0.0025
NTP,2018-09-21,17.25,18.54,17.25,18.36,49420,17.32,17.13,16.25,6.0107,7.18,13.008,0.0224,0.0243,0.0042
NTP,2018-09-24,18.32,18.32,17.47,18.14,5603,17.47,17.23,16.3,3.8775,5.2849,11.3055,0.0033,0.0044,0.0045
NTP,2018-09-25,18.07,18.39,17.82,18.39,16000,17.54,17.34,16.36,4.878,6.0637,12.433,0.0176,0.0252,0.006
NTP,2018-09-26,18.18,18.18,17.65,17.82,1700,17.55,17.41,16.41,1.5435,2.3961,8.639,-0.0005,-0.0006,0.0061
NTP,2018-09-27,18.71,18.71,17.65,17.65,1350,17.55,17.43,16.45,0.5484,1.258,7.2868,-0.0012,-0.0017,0.0062
NTP,2018-09-28,17.68,17.75,17.61,17.61,3334,17.68,17.44,16.5,-0.3832,0.9502,6.7416,-0.002,-0.0025,0.0062
NTP,2018-10-01,17.11,18.47,17.11,18.47,20733,17.82,17.5,16.56,3.6415,5.4882,11.4794,0.0146,0.0207,0.0077
NTP,2018-10-02,18.47,18.47,18.47,18.47,13,17.95,17.57,16.62,2.8798,5.1136,11.0825,0.0,0.0,0.0073
NTP,2018-10-03,17.82,17.82,17.82,17.82,2050,18.0,17.6,16.68,-0.9901,1.2556,6.8879,0.0,0.0,0.0062
NTP,2018-10-04,17.68,17.93,17.68,17.79,2101,18.05,17.63,16.73,-1.4613,0.91,6.3286,-0.0003,-0.0004,0.0062
NTP,2018-10-05,17.75,17.82,16.97,16.97,1513,17.91,17.62,16.76,-5.2736,-3.673,1.212,-0.0011,-0.0014,0.0041
NTP,2018-10-08,16.97,17.75,16.97,17.75,1100,17.87,17.67,16.81,-0.6781,0.464,5.6114,0.0011,0.0014,0.0038
NTP,2018-10-09,17.47,17.47,17.08,17.47,2049,17.78,17.66,16.84,-1.7643,-1.09,3.7037,0.0018,0.0027,0.0023
NTP,2018-10-10,17.15,17.15,17.15,17.15,112,17.71,17.63,16.86,-3.1998,-2.7595,1.6828,0.0,0.0,0.0022
NTP,2018-10-11,16.04,16.93,16.04,16.93,2700,17.64,17.6,16.88,-4.021,-3.7682,0.2871,0.0009,0.0014,0.0022
NTP,2018-10-12,16.75,16.93,16.75,16.93,1120,17.57,17.63,16.91,-3.6511,-3.9337,0.1602,0.0007,0.0009,0.002
NTP,2018-10-15,18.18,18.18,16.26,16.26,1900,17.35,17.58,16.91,-6.327,-7.5613,-3.8826,-0.0023,-0.003,0.0008
NTP,2018-10-16,16.75,16.75,16.04,16.75,29454,17.18,17.57,16.93,-2.4896,-4.6169,-1.0276,0.0358,0.0447,0.0044
NTP,2018-10-17,16.75,17.82,16.08,16.08,330,17.01,17.5,16.93,-5.4705,-8.156,-5.0446,-0.0005,-0.0006,0.0044
NTP,2018-10-18,17.08,17.08,17.08,17.08,100,16.94,17.49,16.96,0.8209,-2.3943,0.6852,0.0,0.0,0.0044
NTP,2018-10-19,17.04,17.04,16.04,16.11,1800,16.85,17.38,16.96,-4.3791,-7.3011,-4.9821,-0.002,-0.0021,0.0045
NTP,2018-10-22,16.18,16.18,16.15,16.15,2000,16.69,17.28,16.96,-3.2465,-6.5594,-4.8039,-0.0018,-0.0024,0.0046
NTP,2018-10-23,16.15,16.15,16.04,16.04,1754,16.55,17.16,16.96,-3.059,-6.542,-5.4344,-0.0022,-0.0032,0.0046
NTP,2018-10-24,16.04,16.04,16.04,16.04,10,16.44,17.08,16.96,-2.4073,-6.0543,-5.4423,0.0,0.0,0.0046
NTP,2018-10-25,15.36,15.36,15.33,15.33,1430,16.28,16.96,16.96,-5.8257,-9.6164,-9.6221,-0.0012,-0.0016,0.0047
NTP,2018-10-26,15.33,15.33,15.33,15.33,3930,16.12,16.85,16.95,-4.8883,-9.0043,-9.5841,0.0,0.0,0.0046
NTP,2018-10-29,15.33,15.33,15.33,15.33,3511,16.02,16.69,16.95,-4.3382,-8.1491,-9.5499,0.0,0.0,0.0044
NTP,2018-10-30,15.33,15.33,15.33,15.33,1000,15.88,16.53,16.94,-3.4792,-7.2776,-9.5118,0.0,0.0,0.0008
NTP,2018-10-31,16.04,16.36,16.04,16.36,358,15.91,16.46,16.95,2.8456,-0.5848,-3.4863,0.0003,0.0004,0.0008
NTP,2018-11-01,16.04,16.04,15.19,15.19,320,15.72,16.33,16.94,-3.4014,-6.9971,-10.3724,-0.0004,-0.0005,0.0008
NTP,2018-11-02,15.33,15.68,14.47,15.68,1846,15.68,16.26,16.94,0.0455,-3.5617,-7.4074,0.0021,0.0025,0.0008
NTP,2018-11-05,14.47,14.47,14.47,14.47,220,15.51,16.1,16.91,-6.6881,-10.1074,-14.4038,0.0,0.0,0.0006
NTP,2018-11-06,14.62,14.69,14.51,14.51,2240,15.36,15.95,16.87,-5.5246,-9.0503,-14.0189,-0.0027,-0.0033,0.0007
NTP,2018-11-07,14.69,14.79,14.69,14.79,310,15.23,15.83,16.84,-2.8785,-6.5736,-12.147,0.0005,0.0007,0.0007
NTP,2018-11-08,14.51,15.26,14.29,15.04,1100,15.2,15.74,16.79,-1.0551,-4.4276,-10.43,0.0009,0.0012,0.0007
NTP,2018-11-09,15.04,15.04,15.04,15.04,0,15.18,15.65,16.75,-0.8692,-3.8505,-10.1937,0.0,0.0,0.0007
NTP,2018-11-12,14.97,14.97,14.97,14.97,1000,15.14,15.58,16.71,-1.1066,-3.9121,-10.3751,0.0,0.0,0.0007
NTP,2018-11-13,14.62,14.79,14.62,14.79,2420,15.09,15.48,16.66,-1.9376,-4.4549,-11.1844,0.0033,0.0043,0.001
NTP,2018-11-14,14.62,14.94,14.62,14.79,3366,14.93,15.42,16.61,-0.9073,-4.0573,-10.9366,0.0005,0.0007,0.001
NTP,2018-11-15,14.79,16.04,14.79,15.61,8200,14.97,15.35,16.58,4.2857,1.7422,-5.8105,0.0037,0.0054,0.0014
NTP,2018-11-16,15.65,15.86,15.65,15.86,1000,14.99,15.33,16.55,5.8264,3.4523,-4.1485,0.0015,0.0019,0.0013
NTP,2018-11-19,15.65,15.68,14.79,14.79,2400,15.02,15.27,16.51,-1.5187,-3.094,-10.4097,-0.0032,-0.0042,0.0016
NTP,2018-11-20,14.79,15.33,14.79,14.97,3260,15.07,15.21,16.46,-0.6387,-1.5817,-9.0318,-0.0016,-0.0019,0.0015
NTP,2018-11-21,15.08,15.08,15.08,15.08,500,15.1,15.16,16.41,-0.1181,-0.5642,-8.0914,0.0,0.0,0.0015
NTP,2018-11-22,16.01,16.58,14.83,14.97,1110,15.09,15.15,16.35,-0.7796,-1.1532,-8.4409,-0.0014,-0.0018,0.0015
NTP,2018-11-23,14.97,15.65,14.97,15.65,300,15.15,15.16,16.34,3.2941,3.2091,-4.2196,0.0004,0.0005,0.0016
NTP,2018-11-26,15.86,15.86,14.62,14.62,1130,15.11,15.13,16.29,-3.3019,-3.3817,-10.2766,-0.0017,-0.0021,0.0017
NTP,2018-11-27,14.62,14.97,14.62,14.97,2790,15.13,15.11,16.25,-1.0601,-0.9083,-7.8422,0.0043,0.0054,0.0018
NTP,2018-11-28,14.62,14.62,14.62,14.62,800,15.11,15.02,16.19,-3.3019,-2.7053,-9.7394,0.0,0.0,0.0018
NTP,2018-11-29,14.65,15.33,14.62,15.33,3210,15.09,15.03,16.15,1.6068,1.9924,-5.1066,0.0039,0.0052,0.0018
NTP,2018-11-30,14.9,14.94,14.9,14.94,235,14.99,14.99,16.08,-0.3804,-0.3686,-7.1406,0.0003,0.0004,0.0017
NTP,2018-12-03,14.97,15.33,14.97,15.33,1765,15.05,15.03,16.03,1.8716,1.9561,-4.3679,0.0015,0.0018,0.0015
NTP,2018-12-04,15.33,15.33,15.33,15.33,3100,15.08,15.08,15.97,1.6308,1.6789,-4.0007,0.0,0.0,0.0014
NTP,2018-12-05,15.33,15.51,15.33,15.51,5600,15.13,15.11,15.92,2.5218,2.6186,-2.6017,0.0064,0.0082,0.002
NTP,2018-12-06,15.33,15.33,14.79,14.97,2759,15.13,15.11,15.87,-1.0134,-0.8966,-5.6434,-0.0011,-0.0016,0.002
NTP,2018-12-07,15.15,15.15,14.97,14.97,600,15.06,15.1,15.81,-0.5682,-0.8732,-5.3286,-0.0007,-0.001,0.002
NTP,2018-12-10,14.97,14.97,14.97,14.97,800,15.09,15.1,15.74,-0.803,-0.8732,-4.9085,0.0,0.0,0.0018
NTP,2018-12-11,14.97,14.97,14.94,14.97,4800,15.09,15.11,15.67,-0.803,-0.9317,-4.4847,0.008,0.0099,0.0022
NTP,2018-12-12,14.97,14.97,14.97,14.97,10,15.13,15.12,15.62,-1.0367,-0.9901,-4.1358,0.0,0.0,0.0022
NTP,2018-12-13,14.97,14.97,14.97,14.97,0,15.09,15.09,15.56,-0.803,-0.7796,-3.7889,0.0,0.0,0.0018
NTP,2018-12-14,14.97,14.97,14.97,14.97,200,15.1,15.04,15.52,-0.8264,-0.4857,-3.5414,0.0,0.0,0.0018
NTP,2018-12-17,14.97,14.97,14.97,14.97,0,15.06,15.05,15.47,-0.5917,-0.5446,-3.1946,0.0,0.0,0.0016
NTP,2018-12-18,14.62,14.97,14.62,14.97,2500,15.03,15.05,15.42,-0.3559,-0.5446,-2.8812,0.0032,0.0041,0.002
NTP,2018-12-19,14.97,15.15,14.97,15.15,6600,14.99,15.06,15.38,1.0701,0.6155,-1.4699,0.0102,0.0124,0.0023
NTP,2018-12-20,15.22,15.22,15.22,15.22,200,15.01,15.07,15.34,1.377,1.0053,-0.7853,0.0,0.0,0.0022
NTP,2018-12-21,15.22,15.22,15.22,15.22,0,15.04,15.05,15.31,1.2088,1.1489,-0.5635,0.0,0.0,0.0021
NTP,2018-12-24,15.15,15.15,14.62,14.62,649,15.0,15.05,15.27,-2.5897,-2.8782,-4.3174,-0.0009,-0.0011,0.0022
NTP,2018-12-25,14.44,14.62,14.44,14.44,10100,14.95,15.02,15.23,-3.4335,-3.8918,-5.1966,-0.0108,-0.0148,0.0025
NTP,2018-12-26,15.33,15.33,14.44,14.62,2680,14.91,15.02,15.2,-2.0077,-2.7053,-3.8417,-0.0025,-0.003,0.0028
NTP,2018-12-27,14.62,14.62,14.44,14.44,24400,14.86,14.98,15.15,-2.8544,-3.6058,-4.6834,-0.0312,-0.0368,0.0059
NTP,2018-12-28,14.44,14.44,14.44,14.44,4600,14.81,14.95,15.11,-2.5036,-3.445,-4.4721,0.0,0.0,0.0059
NTP,2019-01-02,15.15,15.15,14.44,14.44,5150,14.75,14.91,15.08,-2.1503,-3.1564,-4.2553,-0.0093,-0.0106,0.0068
NTP,2019-01-03,14.44,14.72,14.33,14.33,3260,14.69,14.86,15.04,-2.4509,-3.5509,-4.7484,-0.0036,-0.005,0.0068
NTP,2019-01-04,14.26,14.44,14.26,14.33,10473,14.61,14.8,15.01,-1.9034,-3.1676,-4.5312,-0.0034,-0.0043,0.0062
NTP,2019-01-07,14.44,14.54,14.44,14.44,3900,14.53,14.77,14.99,-0.6379,-2.2683,-3.7044,-0.0078,-0.0096,0.0069
NTP,2019-01-08,14.44,15.15,14.44,15.15,6800,14.52,14.78,14.99,4.3201,2.496,1.0749,0.0153,0.0225,0.0085
NTP,2019-01-09,14.62,14.62,14.62,14.62,2000,14.52,14.76,14.97,0.6382,-1.0021,-2.3996,0.0,0.0,0.0084
NTP,2019-01-10,14.47,14.54,14.47,14.54,400,14.53,14.74,14.96,0.0736,-1.342,-2.7738,0.0009,0.0012,0.0074
NTP,2019-01-11,14.62,14.62,14.54,14.62,1220,14.53,14.72,14.92,0.5641,-0.7384,-2.0685,0.0024,0.0028,0.0074
NTP,2019-01-14,14.54,14.54,14.54,14.54,100,14.54,14.7,14.91,0.0,-1.0789,-2.4623,0.0,0.0,0.0043
NTP,2019-01-15,14.54,15.04,14.54,15.04,6000,14.6,14.71,14.9,3.0022,2.2906,0.9714,0.0109,0.0136,0.0054
NTP,2019-01-16,14.62,15.04,14.54,15.04,13500,14.67,14.71,14.91,2.5766,2.2658,0.8942,0.0277,0.034,0.0072
NTP,2019-01-17,14.65,14.65,14.65,14.65,5000,14.7,14.69,14.91,-0.3153,-0.2911,-1.7546,0.0,0.0,0.0068
NTP,2019-01-18,14.62,14.62,14.62,14.62,3000,14.73,14.67,14.91,-0.7504,-0.3524,-1.9702,0.0,0.0,0.0065
NTP,2019-01-21,14.62,14.62,14.62,14.62,3600,14.74,14.64,14.9,-0.8704,-0.1461,-1.9139,0.0,0.0,0.0057
NTP,2019-01-22,14.62,14.62,14.62,14.62,5922,14.69,14.61,14.89,-0.5096,0.061,-1.8575,0.0,0.0,0.0042
NTP,2019-01-23,14.62,14.62,14.62,14.62,3500,14.69,14.61,14.88,-0.5096,0.061,-1.8105,0.0,0.0,0.0042
NTP,2019-01-24,14.62,14.62,14.62,14.62,9300,14.7,14.62,14.88,-0.5579,-0.0,-1.787,0.0,0.0,0.0041
NTP,2019-01-25,14.54,14.97,14.54,14.62,2897,14.7,14.62,14.88,-0.5579,-0.0,-1.7635,-0.0047,-0.0052,0.0043
NTP,2019-01-28,15.15,15.15,14.65,14.65,400,14.71,14.63,14.86,-0.3878,0.1706,-1.3963,-0.0009,-0.0011,0.0044
NTP,2019-01-29,14.65,14.65,14.62,14.62,700,14.67,14.64,14.83,-0.3403,-0.134,-1.4708,-0.0011,-0.0013,0.0034
NTP,2019-01-30,14.62,14.62,14.62,14.62,2200,14.62,14.64,14.83,-0.0488,-0.1947,-1.4471,0.0,0.0,0.0007
NTP,2019-01-31,14.62,14.62,14.62,14.62,0,14.62,14.66,14.82,-0.0244,-0.2918,-1.3997,0.0,0.0,0.0007
NTP,2019-02-01,14.62,14.62,14.62,14.62,12058,14.62,14.67,14.81,-0.0244,-0.3887,-1.338,0.0,0.0,0.0007
NTP,2019-02-11,14.62,14.62,14.62,14.62,160,14.62,14.68,14.81,-0.0244,-0.4492,-1.2905,0.0,0.0,0.0007
NTP,2019-02-12,14.62,14.62,14.44,14.44,19840,14.6,14.65,14.78,-1.123,-1.4238,-2.3343,-0.0231,-0.033,0.003
NTP,2019-02-13,14.54,14.54,14.44,14.44,6000,14.58,14.64,14.78,-1.0022,-1.3638,-2.3107,-0.0061,-0.0069,0.0036
NTP,2019-02-14,14.44,14.44,14.15,14.15,151980,14.54,14.62,14.76,-2.6483,-3.1825,-4.134,-0.1703,-0.1902,0.0206
NTP,2019-02-15,14.15,14.15,13.87,13.9,157230,14.47,14.58,14.75,-3.8935,-4.6571,-5.7333,-0.1738,-0.1733,0.0375
NTP,2019-02-18,14.01,14.01,13.9,13.9,53500,14.39,14.55,14.72,-3.3936,-4.4469,-5.5507,-0.056,-0.0538,0.043
NTP,2019-02-19,14.44,14.44,13.72,13.9,26610,14.32,14.49,14.7,-2.9126,-4.0708,-5.4178,-0.0097,-0.0104,0.0439
NTP,2019-02-20,13.9,13.9,13.76,13.76,8010,14.23,14.43,14.67,-3.3308,-4.6325,-6.1877,-0.0096,-0.0117,0.0449
NTP,2019-02-21,13.87,13.87,13.23,13.23,24530,14.09,14.36,14.63,-6.171,-7.8833,-9.5739,-0.0256,-0.0205,0.0474
NTP,2019-02-22,13.26,13.26,13.26,13.26,560,13.96,14.29,14.58,-5.0051,-7.1972,-9.0509,0.0,0.0,0.0474
NTP,2019-02-25,13.87,13.9,13.87,13.9,7000,13.89,14.25,14.56,0.1027,-2.4634,-4.51,0.0067,0.0067,0.0481
NTP,2019-02-26,13.9,13.9,13.72,13.87,41944,13.83,14.22,14.54,0.2577,-2.4574,-4.6101,0.0307,0.0311,0.0489
NTP,2019-02-27,13.83,13.83,13.47,13.83,6100,13.77,14.18,14.51,0.44,-2.439,-4.7058,0.0071,0.007,0.0489
NTP,2019-02-28,13.8,13.83,13.55,13.55,2520,13.71,14.12,14.49,-1.1961,-4.0889,-6.4869,-0.0017,-0.0015,0.0321
NTP,2019-03-01,13.9,13.9,13.4,13.55,4524,13.67,14.07,14.46,-0.9385,-3.7244,-6.3024,-0.002,-0.0018,0.0149
NTP,2019-03-04,13.55,13.55,13.37,13.37,7814,13.62,14.01,14.43,-1.8582,-4.5559,-7.3296,-0.0063,-0.0065,0.0099
NTP,2019-03-05,14.22,14.22,13.4,13.44,7110,13.57,13.95,14.39,-0.9979,-3.6422,-6.6369,-0.0053,-0.0064,0.0095
NTP,2019-03-06,13.44,13.44,13.3,13.3,9920,13.53,13.88,14.36,-1.7128,-4.2116,-7.412,-0.0124,-0.0107,0.0098
NTP,2019-03-07,13.33,13.33,13.19,13.33,8700,13.54,13.82,14.33,-1.5271,-3.5088,-6.9513,0.0076,0.0079,0.008
NTP,2019-03-08,13.72,13.72,13.37,13.37,1380,13.55,13.75,14.29,-1.3418,-2.812,-6.4698,-0.0015,-0.0015,0.0081
NTP,2019-03-11,13.37,13.55,13.37,13.4,7750,13.5,13.69,14.26,-0.713,-2.1216,-5.9812,-0.0072,-0.0071,0.0082
NTP,2019-03-12,13.55,13.55,13.51,13.51,26324,13.46,13.65,14.22,0.3442,-1.0057,-5.003,-0.0219,-0.0224,0.0073
NTP,2019-03-13,13.58,13.58,13.51,13.55,5580,13.44,13.6,14.2,0.8225,-0.4193,-4.6089,-0.0,-0.0,0.0066
NTP,2019-03-14,13.55,13.58,13.51,13.55,25216,13.44,13.57,14.18,0.8225,-0.197,-4.489,-0.0,-0.0,0.0064
NTP,2019-03-15,13.55,13.55,13.44,13.55,52700,13.44,13.55,14.16,0.8225,-0.0658,-4.3448,0.047,0.051,0.0109
NTP,2019-03-18,14.62,14.62,13.55,13.72,4279,13.47,13.55,14.15,1.8788,1.3158,-2.9884,-0.0028,-0.003,0.0105
NTP,2019-03-19,13.72,13.72,13.72,13.72,14800,13.5,13.54,14.13,1.6636,1.3825,-2.8906,0.0,0.0,0.01
NTP,2019-03-20,13.87,13.87,13.62,13.62,21400,13.53,13.53,14.12,0.6323,0.6455,-3.5353,-0.0261,-0.0257,0.0114
NTP,2019-03-21,13.62,13.62,13.55,13.62,20500,13.56,13.55,14.1,0.4206,0.4999,-3.4378,0.014,0.0152,0.012
NTP,2019-03-22,13.62,13.62,13.47,13.55,3200,13.58,13.56,14.09,-0.2363,-0.1314,-3.8364,-0.0,-0.0,0.0119
NTP,2019-03-25,13.47,13.55,13.44,13.55,12660,13.59,13.55,14.07,-0.3409,-0.0,-3.7146,0.0135,0.0159,0.0125
NTP,2019-03-26,13.55,13.55,13.55,13.55,2311,13.6,13.53,14.04,-0.3671,0.1186,-3.4945,0.0,0.0,0.0103
NTP,2019-03-27,13.58,13.58,13.55,13.55,9102,13.6,13.52,14.02,-0.3671,0.2242,-3.3472,-0.0169,-0.0172,0.012
NTP,2019-03-28,13.55,14.62,13.37,13.55,9042,13.6,13.52,14.0,-0.3671,0.2242,-3.2094,-0.0103,-0.0093,0.0131
NTP,2019-03-29,13.55,13.55,13.51,13.55,64683,13.6,13.52,13.97,-0.3671,0.2242,-3.0612,0.0938,0.0834,0.0177
NTP,2019-04-01,13.55,13.55,13.55,13.55,31500,13.58,13.52,13.95,-0.2363,0.1581,-2.9226,0.0,0.0,0.0175
NTP,2019-04-02,13.55,13.55,13.55,13.55,1023,13.56,13.53,13.92,-0.1052,0.1186,-2.7138,0.0,0.0,0.0175
NTP,2019-04-03,13.55,13.55,13.55,13.55,500,13.55,13.54,13.89,-0.0526,0.0263,-2.5041,0.0,0.0,0.0149
NTP,2019-04-04,13.55,13.55,13.51,13.55,7601,13.55,13.55,13.87,0.0,-0.0526,-2.3488,0.0105,0.0122,0.0145
NTP,2019-04-05,13.55,13.83,13.51,13.55,5128,13.55,13.56,13.85,0.0,-0.1183,-2.198,-0.0058,-0.006,0.0151
NTP,2019-04-08,13.55,13.55,13.51,13.51,2577,13.54,13.57,13.83,-0.2369,-0.4204,-2.2995,-0.0029,-0.0029,0.014
NTP,2019-04-09,13.55,13.55,13.47,13.51,23710,13.54,13.57,13.81,-0.2107,-0.4204,-2.1431,-0.0,-0.0,0.014
NTP,2019-04-10,13.55,13.55,13.51,13.51,10122,13.54,13.57,13.78,-0.1844,-0.4073,-1.9862,-0.0145,-0.0141,0.0138
NTP,2019-04-11,13.55,13.55,13.51,13.51,2570,13.53,13.56,13.76,-0.1581,-0.3942,-1.8288,-0.0043,-0.0049,0.0132
NTP,2019-04-12,13.51,13.55,13.51,13.51,2300,13.53,13.56,13.74,-0.1318,-0.3811,-1.6708,-0.0039,-0.0041,0.0042
NTP,2019-04-16,13.51,13.51,13.26,13.26,12400,13.5,13.54,13.71,-1.7692,-2.0537,-3.2912,-0.0196,-0.0201,0.0062
NTP,2019-04-17,13.55,13.55,13.26,13.26,8160,13.47,13.52,13.69,-1.5613,-1.8858,-3.0998,-0.0078,-0.0082,0.0069
NTP,2019-04-18,13.3,13.33,13.3,13.33,12402,13.45,13.5,13.66,-0.8746,-1.2541,-2.3957,0.0228,0.026,0.0092
NTP,2019-04-19,13.19,13.19,13.08,13.08,4010,13.4,13.47,13.63,-2.3936,-2.91,-4.0071,-0.0089,-0.0099,0.0091
NTP,2019-04-22,13.23,13.55,13.23,13.51,12950,13.4,13.47,13.61,0.8247,0.2778,-0.7074,0.018,0.0189,0.0103
NTP,2019-04-23,13.51,13.51,13.44,13.47,1800,13.4,13.47,13.58,0.5855,0.0397,-0.803,0.0,0.0,0.01
NTP,2019-04-24,13.47,13.47,13.4,13.44,9430,13.39,13.46,13.56,0.3727,-0.1853,-0.9198,0.0,0.0,0.01
NTP,2019-04-25,13.4,13.4,13.15,13.37,13239,13.37,13.46,13.54,-0.0533,-0.6491,-1.2898,0.0181,0.0208,0.0103
NTP,2019-04-26,13.26,13.47,13.15,13.15,2130,13.34,13.44,13.52,-1.3896,-2.096,-2.7258,-0.0035,-0.0033,0.0103
NTP,2019-05-02,13.15,13.4,13.15,13.15,340,13.3,13.42,13.51,-1.1254,-1.953,-2.618,-0.0005,-0.0005,0.0099
NTP,2019-05-03,13.05,13.05,12.48,12.48,34353,13.23,13.36,13.48,-5.6604,-6.6293,-7.4368,-0.0508,-0.0466,0.013
NTP,2019-05-06,12.41,12.48,12.23,12.48,2748,13.15,13.31,13.45,-5.0976,-6.2542,-7.2405,0.0041,0.0043,0.0127
NTP,2019-05-07,12.19,12.44,12.12,12.44,9300,13.06,13.25,13.42,-4.7229,-6.1323,-7.3238,0.0158,0.0166,0.012
NTP,2019-05-08,12.48,12.48,12.12,12.16,9600,12.96,13.18,13.4,-6.2414,-7.8005,-9.3037,-0.0108,-0.0119,0.0122
NTP,2019-05-09,12.33,12.33,12.33,12.33,140,12.85,13.12,13.38,-3.9956,-6.0166,-7.8464,0.0,0.0,0.0104
NTP,2019-05-10,12.37,12.41,12.12,12.19,2210,12.72,13.06,13.35,-4.148,-6.6339,-8.6782,-0.002,-0.0022,0.0106
NTP,2019-05-13,12.19,12.19,12.19,12.19,2640,12.59,12.99,13.32,-3.1984,-6.16,-8.4484,0.0,0.0,0.0106
NTP,2019-05-14,12.16,12.19,12.12,12.12,2893,12.47,12.92,13.28,-2.8016,-6.2069,-8.7493,-0.0034,-0.0031,0.0091
NTP,2019-05-15,12.12,12.23,12.12,12.23,5320,12.38,12.86,13.26,-1.2097,-4.9071,-7.761,0.0064,0.0061,0.0094
NTP,2019-05-16,12.23,12.23,12.23,12.23,35,12.28,12.79,13.23,-0.4643,-4.4302,-7.577,0.0,0.0,0.0093
NTP,2019-05-17,12.23,12.23,12.12,12.12,61254,12.25,12.74,13.2,-1.0477,-4.8418,-8.2123,-0.088,-0.0817,0.013
NTP,2019-05-20,12.12,12.12,12.12,12.12,2020,12.21,12.68,13.18,-0.7589,-4.4138,-8.0285,0.0,0.0,0.0126
NTP,2019-05-21,12.19,12.48,12.19,12.48,50210,12.22,12.64,13.16,2.1301,-1.2694,-5.2056,0.0767,0.0661,0.0187
NTP,2019-05-22,12.48,12.51,12.48,12.48,163264,12.25,12.61,13.14,1.8626,-1.0321,-5.0822,-0.2254,-0.2145,0.0402
NTP,2019-05-23,12.48,12.48,12.48,12.48,259511,12.26,12.56,13.13,1.7442,-0.6246,-4.9533,0.0,0.0,0.0402
NTP,2019-05-24,12.48,12.83,12.48,12.76,78760,12.32,12.52,13.11,3.588,1.9362,-2.6856,0.0594,0.0501,0.0459
NTP,2019-05-27,12.76,12.76,12.33,12.48,30514,12.35,12.47,13.09,1.0392,0.0429,-4.71,-0.0257,-0.0222,0.0485
NTP,2019-05-28,12.51,12.51,12.48,12.51,264201,12.39,12.43,13.07,1.0072,0.674,-4.2866,0.4215,0.3059,0.0903
NTP,2019-05-29,12.48,12.48,12.19,12.33,2490,12.4,12.39,13.05,-0.5176,-0.4317,-5.4748,0.0,0.0,0.0897
NTP,2019-05-30,12.33,12.55,12.33,12.55,14378,12.43,12.36,13.03,0.9464,1.5434,-3.6883,0.0212,0.0214,0.0918
NTP,2019-05-31,12.37,12.48,12.37,12.48,600,12.47,12.36,13.0,0.0858,0.9664,-4.0518,0.0008,0.0007,0.0831
NTP,2019-06-03,12.48,12.48,12.3,12.3,6100,12.48,12.35,12.97,-1.4849,-0.4042,-5.2146,-0.0068,-0.0068,0.0838
NTP,2019-06-04,12.16,12.3,11.87,11.87,15152,12.42,12.32,12.94,-4.4476,-3.6458,-8.2644,-0.0361,-0.0351,0.0797
NTP,2019-06-05,11.8,12.44,11.8,12.37,498,12.41,12.33,12.92,-0.3446,0.318,-4.223,0.0007,0.0008,0.0572
NTP,2019-06-06,11.16,12.44,11.16,12.3,12100,12.39,12.33,12.89,-0.7766,-0.2458,-4.5907,0.0182,0.0179,0.059
NTP,2019-06-07,12.3,12.44,12.3,12.33,2210,12.35,12.34,12.87,-0.1443,-0.0145,-4.1339,-0.0015,-0.0014,0.0532
NTP,2019-06-10,12.37,12.37,12.33,12.33,4600,12.34,12.34,12.84,-0.0289,-0.0722,-3.9529,-0.0084,-0.0084,0.0515
NTP,2019-06-11,12.33,12.41,12.33,12.41,6450,12.33,12.36,12.82,0.6362,0.3895,-3.2258,0.0156,0.0132,0.0109
NTP,2019-06-12,12.73,12.73,12.41,12.41,3505,12.33,12.37,12.8,0.5781,0.3171,-3.0532,-0.0065,-0.006,0.0116
NTP,2019-06-13,12.41,12.48,12.41,12.48,10358,12.33,12.38,12.77,1.2146,0.7919,-2.3328,0.022,0.0192,0.0117
NTP,2019-06-14,12.48,12.48,12.48,12.48,4028,12.33,12.4,12.75,1.2146,0.647,-2.1691,0.0,0.0,0.0116
NTP,2019-06-17,12.26,12.41,12.23,12.41,6894,12.34,12.41,12.73,0.549,-0.0431,-2.5537,0.0133,0.0121,0.0122
NTP,2019-06-18,12.48,12.48,12.26,12.44,1700,12.39,12.41,12.71,0.3739,0.2585,-2.1038,0.0019,0.0016,0.0088
NTP,2019-06-19,12.41,12.44,12.26,12.44,15400,12.4,12.41,12.69,0.3162,0.2729,-1.9333,0.0289,0.0286,0.0116
NTP,2019-06-20,12.44,12.44,12.41,12.41,12210,12.41,12.4,12.66,-0.0574,0.0144,-2.038,-0.0147,-0.0142,0.0113
NTP,2019-06-21,12.44,12.48,12.41,12.41,37500,12.42,12.39,12.64,-0.1148,0.1583,-1.8668,-0.0403,-0.0302,0.0152
NTP,2019-06-24,12.48,12.48,12.44,12.48,2100,12.43,12.39,12.62,0.344,0.7339,-1.1411,0.0039,0.0037,0.0147
NTP,2019-06-25,12.41,12.48,12.37,12.44,31910,12.44,12.38,12.6,0.0286,0.475,-1.2562,0.0182,0.0176,0.015
NTP,2019-06-26,12.44,12.44,12.41,12.41,22880,12.44,12.39,12.58,-0.2579,0.1583,-1.3661,-0.0336,-0.0358,0.0177
NTP,2019-06-27,12.44,12.44,12.37,12.37,37400,12.43,12.38,12.55,-0.459,-0.0576,-1.4708,-0.0462,-0.0433,0.0201
NTP,2019-06-28,12.33,12.33,12.12,12.12,12100,12.39,12.36,12.53,-2.1864,-1.9325,-3.2827,-0.0157,-0.0129,0.0217
NTP,2019-07-01,12.12,12.16,12.12,12.12,18466,12.36,12.35,12.51,-1.9608,-1.8617,-3.1063,-0.0282,-0.0254,0.0231
NTP,2019-07-02,12.12,12.12,12.08,12.08,24100,12.33,12.36,12.48,-1.9665,-2.235,-3.1982,-0.0414,-0.0369,0.0271
NTP,2019-07-03,12.12,12.12,12.08,12.08,27100,12.29,12.35,12.46,-1.6821,-2.1221,-3.0431,-0.0497,-0.0383,0.0292
NTP,2019-07-04,12.44,12.44,12.08,12.12,3200,12.26,12.34,12.44,-1.1628,-1.7625,-2.5397,-0.0039,-0.003,0.0281
NTP,2019-07-05,12.12,12.12,12.12,12.12,8733,12.23,12.33,12.41,-0.9324,-1.6773,-2.3269,0.0,0.0,0.0241
NTP,2019-07-08,12.41,12.41,12.16,12.3,1600,12.22,12.33,12.39,0.6711,-0.217,-0.708,0.0004,0.0004,0.0237
NTP,2019-07-09,12.12,12.12,12.05,12.12,7400,12.18,12.31,12.36,-0.5266,-1.5491,-1.9495,0.0115,0.0092,0.0231
NTP,2019-07-10,12.12,12.3,12.12,12.12,7432,12.16,12.3,12.34,-0.2932,-1.435,-1.7852,-0.0111,-0.0094,0.0208
NTP,2019-07-11,12.16,12.23,12.12,12.12,37600,12.13,12.28,12.32,-0.0881,-1.2919,-1.6204,-0.056,-0.0472,0.0218
NTP,2019-07-12,12.19,12.19,12.12,12.12,10900,12.13,12.26,12.31,-0.0881,-1.1484,-1.5634,-0.0141,-0.0124,0.0216
NTP,2019-07-15,12.16,12.19,12.12,12.12,24540,12.13,12.25,12.31,-0.0881,-1.0333,-1.5064,-0.0428,-0.039,0.0231
NTP,2019-07-16,12.12,12.3,11.98,12.26,36960,12.15,12.24,12.3,0.939,0.2039,-0.3187,0.0367,0.03,0.0226
NTP,2019-07-17,12.33,12.94,12.26,12.83,68755,12.22,12.26,12.32,4.9868,4.6968,4.2028,0.0625,0.0587,0.0239
NTP,2019-07-18,12.83,13.12,12.69,12.83,27100,12.29,12.28,12.33,4.378,4.5144,4.1184,-0.0143,-0.011,0.025
NTP,2019-07-19,12.9,13.01,12.83,12.87,34430,12.37,12.3,12.34,4.0346,4.6073,4.293,-0.0225,-0.0199,0.0272
NTP,2019-07-22,12.9,13.94,12.87,13.94,131441,12.53,12.37,12.37,11.2059,12.6314,12.6411,0.1782,0.1798,0.045
NTP,2019-07-23,13.94,14.29,13.72,14.29,89840,12.75,12.47,12.42,12.1051,14.6533,15.1174,0.1209,0.1248,0.0559
NTP,2019-07-24,14.26,14.44,13.9,14.22,23813,12.96,12.56,12.46,9.736,13.2557,14.1761,0.006,0.0065,0.0554
NTP,2019-07-25,14.26,14.26,13.9,14.08,37254,13.16,12.64,12.49,7.0171,11.3617,12.6961,-0.0,-0.0,0.0498
NTP,2019-07-26,14.08,14.37,13.9,14.33,56738,13.38,12.75,12.54,7.1143,12.3532,14.2889,0.0721,0.0826,0.0556
NTP,2019-07-29,14.29,14.62,14.29,14.55,1371,13.62,12.88,12.59,6.8165,12.9995,15.5932,0.0012,0.0013,0.0515
NTP,2019-07-30,14.29,14.29,13.53,13.53,51300,13.75,12.95,12.61,-1.611,4.4648,7.282,-0.0546,-0.051,0.0532
NTP,2019-07-31,13.49,14.26,13.49,14.26,29488,13.89,13.06,12.64,2.6439,9.1953,12.7625,0.0384,0.0412,0.0508
NTP,2019-08-01,14.4,14.4,14.07,14.37,9300,14.04,13.17,12.68,2.3035,9.0965,13.2911,0.0095,0.0097,0.0503
NTP,2019-08-02,14.33,14.37,13.67,13.89,47940,14.15,13.26,12.7,-1.7961,4.7828,9.3487,-0.0234,-0.021,0.0504
NTP,2019-08-05,13.89,13.89,13.53,13.89,29900,14.14,13.34,12.73,-1.764,4.1569,9.1056,0.0366,0.0318,0.0363
NTP,2019-08-06,13.6,13.89,13.16,13.82,13628,14.09,13.42,12.76,-1.9511,2.953,8.309,0.0144,0.0134,0.0256
NTP,2019-08-07,13.56,13.89,13.23,13.82,46450,14.05,13.51,12.79,-1.6689,2.3057,8.0575,0.0555,0.0566,0.0306
NTP,2019-08-08,13.56,15.17,13.53,15.17,170172,14.16,13.66,12.84,7.1247,11.0653,18.1499,0.2207,0.2471,0.0526
NTP,2019-08-09,15.5,15.5,14.99,14.99,62449,14.23,13.8,12.89,5.3443,8.587,16.2714,-0.0864,-0.0959,0.0541
NTP,2019-08-12,14.99,14.99,14.07,14.59,9246,14.23,13.93,12.94,2.4917,4.738,12.7517,0.002,0.0021,0.0541
NTP,2019-08-13,14.59,14.59,13.93,14.26,45505,14.31,14.03,12.98,-0.3322,1.6475,9.8032,0.0,0.0,0.0487
NTP,2019-08-14,14.26,14.51,14.26,14.33,15700,14.31,14.1,13.02,0.1277,1.6262,10.0339,-0.011,-0.0106,0.0459
NTP,2019-08-15,14.22,14.22,13.89,14.11,48200,14.29,14.17,13.06,-1.2282,-0.3808,8.049,0.0187,0.0199,0.0469
NTP,2019-08-16,14.0,14.48,13.89,14.44,31448,14.34,14.24,13.1,0.6883,1.3796,10.2128,0.0381,0.0344,0.0483
NTP,2019-08-19,14.62,14.62,14.07,14.51,14000,14.4,14.27,13.15,0.7614,1.6875,10.4035,0.016,0.0184,0.0463
NTP,2019-08-20,14.51,14.55,14.4,14.51,6910,14.47,14.28,13.19,0.2778,1.6096,10.0505,0.005,0.0059,0.0453
NTP,2019-08-21,14.29,14.29,13.97,14.0,35220,14.49,14.27,13.22,-3.3805,-1.8975,5.9132,-0.0325,-0.036,0.043
NTP,2019-08-22,13.82,14.15,13.82,14.15,11420,14.39,14.28,13.25,-1.6769,-0.8962,6.7495,0.0164,0.0155,0.0226
NTP,2019-08-23,14.07,14.15,14.07,14.07,1500,14.3,14.26,13.29,-1.5597,-1.32,5.9423,-0.0022,-0.0022,0.0142
NTP,2019-08-26,14.07,14.07,13.71,14.04,20470,14.24,14.24,13.32,-1.4374,-1.3994,5.408,0.0194,0.0241,0.0159
NTP,2019-08-27,14.0,14.07,13.89,14.0,4800,14.22,14.26,13.35,-1.5171,-1.8201,4.8877,0.0011,0.0012,0.016
NTP,2019-08-28,13.89,13.89,13.53,13.53,18500,14.14,14.22,13.37,-4.3186,-4.9088,1.163,-0.0304,-0.0342,0.018
NTP,2019-08-29,13.45,13.6,13.34,13.42,15310,14.07,14.18,13.39,-4.6258,-5.3636,0.1912,-0.0112,-0.0119,0.0172
NTP,2019-08-30,13.42,13.86,13.42,13.86,7900,14.01,14.18,13.42,-1.096,-2.2566,3.2436,0.0117,0.0128,0.0146
NTP,2019-09-03,13.6,13.6,13.56,13.6,1050,13.92,14.16,13.44,-2.2852,-3.9628,1.1675,0.0013,0.0015,0.0131
NTP,2019-09-04,13.49,13.49,13.42,13.42,6800,13.81,14.14,13.46,-2.8329,-5.1189,-0.337,-0.0095,-0.0108,0.0136
NTP,2019-09-05,13.45,13.71,13.42,13.49,13814,13.76,14.12,13.48,-1.9399,-4.4907,0.045,-0.0134,-0.0147,0.0117
NTP,2019-09-06,13.53,13.53,13.53,13.53,3661,13.69,14.04,13.51,-1.228,-3.6709,0.1442,0.0,0.0,0.01
NTP,2019-09-09,13.49,13.49,13.42,13.49,11700,13.64,13.97,13.53,-1.0724,-3.4158,-0.3285,0.0227,0.0212,0.0121
NTP,2019-09-10,12.17,13.6,12.17,13.45,34670,13.58,13.91,13.56,-0.9154,-3.2851,-0.7941,0.0415,0.043,0.0143
NTP,2019-09-11,13.49,13.6,13.45,13.6,16900,13.54,13.88,13.59,0.4591,-2.0021,0.0607,0.0307,0.0297,0.0172
NTP,2019-09-12,13.78,13.78,13.45,13.56,33401,13.54,13.84,13.62,0.162,-1.9945,-0.425,-0.0154,-0.0161,0.0157
NTP,2019-09-13,13.56,13.86,13.56,13.86,21150,13.58,13.83,13.66,1.9914,0.2115,1.4637,0.0297,0.0325,0.0176
NTP,2019-09-16,13.71,14.26,13.53,13.86,26000,13.58,13.8,13.69,1.9914,0.4239,1.2065,-0.0034,-0.0036,0.0168
NTP,2019-09-17,13.82,13.82,13.6,13.75,31100,13.6,13.76,13.72,1.0753,-0.093,0.1935,0.0144,0.0145,0.0181
NTP,2019-09-18,13.75,14.37,13.75,14.37,76030,13.69,13.75,13.76,4.9119,4.4796,4.3816,0.102,0.1093,0.0273
NTP,2019-09-19,14.48,14.48,14.15,14.29,218461,13.77,13.77,13.81,3.7686,3.8374,3.5234,-0.0285,-0.0379,0.0288
NTP,2019-09-20,14.29,14.29,14.07,14.11,32600,13.83,13.76,13.85,2.0085,2.5233,1.9057,-0.022,-0.0153,0.031
NTP,2019-09-23,14.11,14.11,13.71,13.71,13100,13.86,13.75,13.88,-1.0554,-0.266,-1.2251,-0.0171,-0.0194,0.0305
NTP,2019-09-24,13.86,13.97,13.75,13.97,18700,13.91,13.74,13.92,0.4206,1.6228,0.352,0.0322,0.0367,0.0295
NTP,2019-09-25,13.97,14.07,13.89,14.07,18300,13.95,13.75,13.95,0.8646,2.3936,0.8773,0.0313,0.035,0.0296
NTP,2019-09-26,14.0,14.0,13.89,14.0,5200,14.0,13.77,13.98,0.0261,1.6859,0.1855,0.0063,0.0072,0.0287
NTP,2019-09-27,14.07,14.07,13.71,14.04,42696,14.02,13.8,14.0,0.1565,1.7218,0.2741,0.0441,0.048,0.0301
NTP,2019-09-30,14.04,14.26,14.04,14.18,23000,14.05,13.82,14.03,0.9628,2.6591,1.1286,0.0093,0.0107,0.0307
NTP,2019-10-01,14.11,14.11,13.89,14.07,26450,14.08,13.84,14.03,-0.0519,1.6904,0.3271,0.0214,0.0263,0.0314
NTP,2019-10-02,14.07,14.07,13.86,13.97,11200,14.04,13.87,14.02,-0.5467,0.6986,-0.4078,0.0,0.0,0.0212
NTP,2019-10-03,13.97,13.97,13.86,13.86,2360,14.0,13.89,14.01,-1.0186,-0.2238,-1.1381,-0.0026,-0.0029,0.0186
NTP,2019-10-04,13.97,14.29,13.97,14.26,44390,14.01,13.92,14.02,1.748,2.4025,1.7056,0.0407,0.0458,0.0205
NTP,2019-10-07,14.37,14.48,14.18,14.26,14100,14.07,13.96,14.02,1.3514,2.121,1.7162,-0.0088,-0.0098,0.0197
NTP,2019-10-08,14.26,14.26,14.04,14.22,12600,14.09,14.0,14.01,0.9079,1.5798,1.503,0.01,0.0122,0.0174
NTP,2019-10-09,14.26,14.44,14.07,14.44,52845,14.13,14.04,14.03,2.1993,2.8378,2.9343,0.0734,0.0902,0.0217
NTP,2019-10-10,14.26,14.95,14.26,14.77,132360,14.21,14.1,14.04,3.9629,4.731,5.2028,0.0966,0.1119,0.0307
NTP,2019-10-11,14.77,14.77,14.48,14.48,17500,14.25,14.13,14.04,1.5905,2.4314,3.1035,-0.0305,-0.0304,0.0293
NTP,2019-10-14,14.51,14.55,14.26,14.26,117200,14.26,14.15,14.05,0.0,0.7362,1.4885,-0.1429,-0.167,0.0427
NTP,2019-10-15,14.44,14.59,14.29,14.51,102730,14.3,14.19,14.06,1.4826,2.2669,3.2188,0.0886,0.1105,0.0494
NTP,2019-10-16,14.62,14.62,14.51,14.59,57630,14.36,14.2,14.08,1.5526,2.7027,3.6256,0.033,0.0368,0.0527
NTP,2019-10-17,14.59,14.59,14.48,14.51,74030,14.43,14.21,14.09,0.5827,2.109,3.0045,-0.0415,-0.0426,0.0566
NTP,2019-10-18,14.62,14.62,14.26,14.4,30925,14.44,14.23,14.07,-0.2784,1.2333,2.3377,-0.0099,-0.0119,0.0535
NTP,2019-10-21,14.26,14.26,13.2,13.56,220440,14.37,14.22,14.05,-5.646,-4.6273,-3.4407,-0.1021,-0.1322,0.0629
NTP,2019-10-22,13.56,13.78,13.56,13.75,38326,14.33,14.21,14.03,-4.0572,-3.2673,-2.0221,0.0393,0.0416,0.0658
NTP,2019-10-23,13.71,13.75,13.64,13.64,28723,14.25,14.19,14.02,-4.2853,-3.8907,-2.7176,-0.0464,-0.0581,0.0631
NTP,2019-10-24,13.64,13.71,13.49,13.53,48751,14.12,14.16,14.0,-4.2195,-4.5038,-3.3892,-0.0621,-0.0541,0.0596
NTP,2019-10-25,14.03,14.03,13.59,13.59,22974,14.03,14.14,13.99,-3.1477,-3.8888,-2.8481,-0.0421,-0.0445,0.0608
NTP,2019-10-28,13.67,13.67,13.51,13.55,15211,13.96,14.11,13.97,-2.9462,-3.9584,-3.0124,-0.0132,-0.0146,0.0478
NTP,2019-10-29,13.55,13.55,13.27,13.31,44510,13.84,14.07,13.95,-3.8458,-5.4122,-4.5749,-0.0528,-0.0585,0.0442
NTP,2019-10-30,13.31,13.35,13.19,13.35,18300,13.72,14.04,13.93,-2.6866,-4.9189,-4.1268,0.0306,0.0296,0.044
NTP,2019-10-31,13.35,13.35,13.07,13.27,23800,13.59,14.01,13.91,-2.3883,-5.2943,-4.6041,0.0139,0.0155,0.0412
NTP,2019-11-01,13.35,13.35,13.15,13.19,10200,13.47,13.96,13.89,-2.1059,-5.5084,-5.0515,-0.0078,-0.0059,0.041
NTP,2019-11-04,13.27,13.27,12.91,12.91,49400,13.41,13.89,13.87,-3.7274,-7.0759,-6.9215,-0.0549,-0.0553,0.0363
NTP,2019-11-05,13.07,13.11,12.59,12.91,36260,13.32,13.83,13.85,-3.1225,-6.6348,-6.7696,0.0115,0.0097,0.0335
NTP,2019-11-06,13.03,13.19,12.95,12.95,7770,13.26,13.75,13.82,-2.3167,-5.836,-6.3367,-0.0112,-0.0109,0.03
NTP,2019-11-07,12.95,12.95,12.63,12.83,119409,13.19,13.65,13.81,-2.7143,-6.0501,-7.1155,0.0489,0.0494,0.0287
NTP,2019-11-08,12.87,12.95,12.67,12.87,12098,13.11,13.57,13.8,-1.8706,-5.1971,-6.7502,0.008,0.0079,0.0253
NTP,2019-11-11,12.87,12.87,12.75,12.83,8300,13.04,13.5,13.78,-1.6343,-4.9931,-6.9031,0.0039,0.0043,0.0243
NTP,2019-11-12,12.67,12.95,12.63,12.83,8660,12.99,13.42,13.76,-1.269,-4.3964,-6.7987,0.0026,0.0029,0.0193
NTP,2019-11-13,12.63,14.07,12.63,13.03,18790,12.96,13.34,13.76,0.5275,-2.331,-5.2845,-0.0099,-0.0105,0.0173
NTP,2019-11-14,12.87,12.99,12.87,12.99,11406,12.93,13.26,13.75,0.4354,-2.0729,-5.508,0.0148,0.0163,0.0174
NTP,2019-11-15,13.23,13.23,12.83,12.99,500,12.91,13.19,13.74,0.5917,-1.5478,-5.434,-0.0002,-0.0002,0.0166
NTP,2019-11-18,12.95,12.95,12.83,12.83,10000,12.9,13.16,13.72,-0.5921,-2.4955,-6.5151,-0.0154,-0.0147,0.0126
NTP,2019-11-19,12.87,12.87,12.75,12.87,53850,12.9,13.11,13.71,-0.2494,-1.8625,-6.1419,0.0961,0.0811,0.0211
NTP,2019-11-20,12.87,12.99,12.79,12.83,9500,12.89,13.07,13.69,-0.468,-1.8668,-6.3299,-0.0092,-0.0095,0.0209
NTP,2019-11-21,12.79,13.07,12.71,13.07,7705,12.91,13.05,13.68,1.2146,0.1541,-4.4992,0.0103,0.0084,0.0171
NTP,2019-11-22,12.87,12.87,12.75,12.75,12120,12.9,13.01,13.66,-1.1845,-1.9941,-6.6989,-0.0137,-0.0147,0.0176
NTP,2019-11-25,12.75,12.79,12.71,12.79,9200,12.9,12.97,13.64,-0.8419,-1.3954,-6.2581,0.0166,0.0156,0.0189
NTP,2019-11-26,12.87,12.87,12.79,12.79,23720,12.89,12.94,13.62,-0.811,-1.1962,-6.1262,-0.0455,-0.0363,0.0232
NTP,2019-11-27,12.67,12.79,12.67,12.79,13410,12.87,12.91,13.59,-0.625,-0.9809,-5.9081,0.0234,0.0237,0.0245
NTP,2019-11-28,12.71,12.75,12.63,12.75,11600,12.84,12.89,13.56,-0.7514,-1.092,-5.99,0.0174,0.0151,0.0248
NTP,2019-11-29,12.67,12.67,12.59,12.67,9600,12.81,12.86,13.53,-1.13,-1.5163,-6.3837,0.0167,0.015,0.0264
NTP,2019-12-02,12.79,12.87,12.67,12.67,19700,12.8,12.85,13.51,-1.0057,-1.4239,-6.2393,-0.0236,-0.022,0.0273
NTP,2019-12-03,12.67,12.83,12.63,12.83,7300,12.79,12.85,13.49,0.2829,-0.1409,-4.8886,0.0111,0.0094,0.0187
NTP,2019-12-04,12.71,12.71,12.71,12.71,520,12.78,12.83,13.46,-0.5664,-0.987,-5.5916,0.0,0.0,0.0178
NTP,2019-12-05,12.71,12.75,12.63,12.63,17110,12.74,12.82,13.43,-0.8525,-1.5365,-5.9971,-0.0372,-0.0278,0.0205
NTP,2019-12-06,12.67,12.71,12.63,12.63,23772,12.72,12.81,13.4,-0.7585,-1.4438,-5.7992,-0.0475,-0.0432,0.0239
NTP,2019-12-09,12.87,12.87,12.63,12.63,12073,12.71,12.8,13.37,-0.6329,-1.3664,-5.5798,-0.0169,-0.0162,0.0239
NTP,2019-12-10,12.87,12.95,12.67,12.67,9450,12.7,12.79,13.34,-0.2217,-0.9901,-5.0793,-0.0171,-0.0156,0.0211
NTP,2019-12-11,12.71,12.71,12.67,12.71,6508,12.69,12.78,13.32,0.1585,-0.5507,-4.598,0.0113,0.0111,0.0199
NTP,2019-12-12,13.03,13.15,12.87,13.07,5583,12.72,12.78,13.3,2.7505,2.2495,-1.765,0.0042,0.004,0.0186
NTP,2019-12-13,13.07,13.15,13.07,13.15,5907,12.77,12.79,13.28,2.9921,2.814,-0.9956,0.0086,0.0093,0.0178
NTP,2019-12-16,13.11,13.11,12.87,12.99,5451,12.8,12.8,13.26,1.4766,1.4926,-2.0194,0.0,0.0,0.0154
NTP,2019-12-17,13.03,13.03,12.83,12.95,5960,12.81,12.8,13.23,1.0671,1.1465,-2.135,0.0015,0.0021,0.0144
NTP,2019-12-18,12.87,12.95,12.83,12.95,9910,12.84,12.81,13.2,0.8772,1.0989,-1.9138,0.0173,0.0162,0.0162
NTP,2019-12-19,12.59,13.07,11.86,13.03,3720,12.88,12.81,13.17,1.1868,1.7428,-1.0436,0.0062,0.007,0.0131
NTP,2019-12-20,12.79,13.03,12.79,13.03,3440,12.92,12.82,13.14,0.8717,1.6311,-0.8255,0.0049,0.0052,0.0088
NTP,2019-12-23,12.95,13.47,12.95,13.03,65270,12.96,12.83,13.11,0.5587,1.5356,-0.6397,-0.0557,-0.0557,0.0127
NTP,2019-12-24,13.03,13.59,12.95,13.03,71590,12.99,12.84,13.08,0.2786,1.4402,-0.4142,-0.0887,-0.1007,0.0198
NTP,2019-12-25,12.87,13.27,12.47,12.91,51457,13.01,12.85,13.05,-0.8035,0.4538,-1.0826,0.0074,0.0097,0.0194
NTP,2019-12-26,13.03,13.03,12.95,13.03,18038,13.01,12.86,13.02,0.1546,1.2817,0.0695,0.0303,0.0383,0.0221
NTP,2019-12-27,13.03,13.03,12.99,13.03,16300,13.0,12.88,12.99,0.2475,1.1394,0.2813,0.0263,0.0323,0.0238
NTP,2019-12-30,12.79,13.03,12.79,13.03,28353,13.0,12.9,12.98,0.2165,0.9975,0.3638,0.0395,0.0402,0.0278
NTP,2019-12-31,13.03,13.03,12.87,12.99,36137,13.0,12.91,12.97,-0.1237,0.6231,0.1708,0.031,0.0336,0.0307
NTP,2020-01-02,13.03,13.03,12.67,12.87,16587,13.0,12.92,12.95,-0.9901,-0.3736,-0.6419,0.003,0.0036,0.0293
NTP,2020-01-03,13.28,13.28,13.08,13.08,3507,13.0,12.94,12.94,0.566,1.0527,1.0258,-0.0051,-0.0059,0.0292
NTP,2020-01-06,13.08,13.08,13.08,13.08,2549,13.01,12.96,12.93,0.5304,0.878,1.1066,0.0,0.0,0.0287
NTP,2020-01-07,12.87,13.03,12.74,13.03,9600,13.01,12.98,12.92,0.2078,0.4003,0.8665,0.0176,0.0199,0.0249
NTP,2020-01-08,12.7,12.99,12.49,12.99,19027,13.0,13.0,12.92,-0.0829,-0.0445,0.5949,0.0215,0.0271,0.0182
NTP,2020-01-09,12.7,12.74,12.66,12.74,10402,12.99,13.0,12.9,-1.8734,-1.9741,-1.2405,0.0175,0.0183,0.0192
NTP,2020-01-10,13.12,13.12,12.7,12.83,14260,12.97,12.99,12.89,-1.0795,-1.2431,-0.5287,-0.0066,-0.0079,0.0168
NTP,2020-01-13,12.87,12.99,12.78,12.99,5781,12.96,12.98,12.89,0.2296,0.0961,0.79,0.0102,0.0121,0.0152
NTP,2020-01-14,12.99,12.99,12.83,12.83,2010,12.94,12.97,12.89,-0.8961,-1.1211,-0.4854,-0.0032,-0.0037,0.0116
NTP,2020-01-15,12.74,12.74,12.66,12.66,8500,12.91,12.96,12.88,-1.9298,-2.2924,-1.7358,-0.0147,-0.0165,0.01
NTP,2020-01-16,12.87,12.87,12.74,12.74,17621,12.9,12.95,12.88,-1.1908,-1.5736,-1.0598,-0.0245,-0.0292,0.0121
NTP,2020-01-17,12.74,12.87,12.74,12.78,36340,12.87,12.93,12.88,-0.6451,-1.1596,-0.7308,-0.0208,-0.0206,0.0137
NTP,2020-01-20,12.7,13.24,12.7,13.24,12048,12.88,12.95,12.89,2.7706,2.2866,2.755,0.0216,0.0237,0.0158
NTP,2020-01-21,13.16,13.2,13.08,13.2,45646,12.9,12.95,12.89,2.3166,1.8988,2.3739,0.0566,0.0642,0.0197
NTP,2020-01-22,12.95,13.2,12.95,13.2,2607,12.92,12.96,12.9,2.1523,1.8318,2.3149,0.0037,0.0041,0.018
NTP,2020-01-30,12.99,13.28,12.87,13.28,16528,12.98,12.98,12.91,2.3672,2.3245,2.9179,0.0173,0.0184,0.0179
NTP,2020-01-31,13.08,13.08,12.58,12.58,57605,12.95,12.96,12.9,-2.8846,-2.9425,-2.4874,-0.0356,-0.0394,0.0208
NTP,2020-02-03,12.45,12.45,11.75,11.83,107520,12.83,12.9,12.87,-7.8267,-8.2839,-8.1151,-0.0533,-0.0613,0.0252
NTP,2020-02-04,11.83,12.0,11.79,11.83,63920,12.73,12.84,12.85,-7.1056,-7.8555,-7.9724,-0.0342,-0.0385,0.0282
NTP,2020-02-05,11.83,12.04,11.83,11.83,62662,12.65,12.78,12.83,-6.4961,-7.4377,-7.8235,-0.073,-0.0757,0.0341
NTP,2020-02-06,11.83,12.04,11.83,12.04,71060,12.58,12.74,12.82,-4.322,-5.5067,-6.0906,0.0529,0.0539,0.0369
NTP,2020-02-07,12.04,12.08,12.04,12.04,94671,12.51,12.69,12.8,-3.7504,-5.1202,-5.9392,-0.1007,-0.1052,0.0449
NTP,2020-02-10,12.04,12.16,12.0,12.04,74700,12.39,12.64,12.78,-2.815,-4.7306,-5.8347,-0.063,-0.0718,0.049
NTP,2020-02-11,12.04,12.08,12.04,12.04,70372,12.27,12.59,12.77,-1.8945,-4.3536,-5.724,-0.0758,-0.0835,0.051
NTP,2020-02-12,12.08,12.08,12.04,12.04,77260,12.15,12.54,12.75,-0.9563,-3.9894,-5.6131,-0.0838,-0.0919,0.059
NTP,2020-02-13,12.04,12.04,12.0,12.04,84930,12.03,12.5,12.74,0.069,-3.7185,-5.5018,0.1116,0.1296,0.0684
NTP,2020-02-14,12.04,12.04,12.0,12.04,65400,11.98,12.46,12.72,0.5199,-3.4138,-5.3964,0.1019,0.1082,0.075
NTP,2020-02-17,12.04,12.12,12.0,12.04,153640,12.0,12.42,12.71,0.346,-3.0425,-5.3026,-0.0829,-0.0855,0.078
NTP,2020-02-18,12.04,13.08,12.04,12.87,519553,12.1,12.42,12.72,6.3465,3.6269,1.1963,0.4194,0.4615,0.1165
NTP,2020-02-19,12.87,13.08,12.66,12.87,24620,12.2,12.43,12.72,5.4422,3.5404,1.19,0.0,0.0,0.1092
NTP,2020-02-20,13.08,13.08,12.87,12.87,17400,12.29,12.43,12.72,4.7297,3.4885,1.1645,-0.0165,-0.0218,0.1056
NTP,2020-02-21,12.66,12.83,12.24,12.58,61545,12.34,12.42,12.72,1.9173,1.2363,-1.112,0.0101,0.0122,0.0965
NTP,2020-02-24,12.04,12.08,11.83,11.91,12540,12.33,12.36,12.7,-3.367,-3.5942,-6.2285,-0.0022,-0.0029,0.0904
NTP,2020-02-25,11.91,12.16,11.91,12.08,16830,12.33,12.3,12.69,-2.0532,-1.8053,-4.8395,0.004,0.005,0.0832
NTP,2020-02-26,12.12,12.12,11.95,12.04,27900,12.33,12.24,12.68,-2.3898,-1.6783,-5.0724,-0.0,-0.0,0.0749
NTP,2020-02-27,12.04,12.04,12.0,12.0,46345,12.33,12.18,12.67,-2.6936,-1.4997,-5.2934,-0.044,-0.0493,0.0681
NTP,2020-02-28,11.87,12.0,11.83,11.91,20605,12.32,12.15,12.64,-3.2693,-1.9138,-5.7767,0.0,0.0,0.0579
NTP,2020-03-02,11.91,11.95,11.83,11.83,46940,12.29,12.15,12.62,-3.7812,-2.5974,-6.2376,-0.0308,-0.0423,0.0527
NTP,2020-03-03,11.83,12.0,11.79,11.83,86700,12.19,12.15,12.59,-2.9622,-2.5974,-6.065,-0.042,-0.0579,0.015
NTP,2020-03-04,11.83,11.83,11.79,11.83,157529,12.09,12.15,12.57,-2.1291,-2.5974,-5.8978,0.1003,0.145,0.025
NTP,2020-03-05,11.95,12.99,11.95,12.54,37510,12.05,12.17,12.56,3.9945,3.0014,-0.2191,0.003,0.0043,0.0236
NTP,2020-03-06,12.12,12.12,12.12,12.12,1400,12.01,12.17,12.54,0.9333,-0.4432,-3.3834,0.0,0.0,0.0226
NTP,2020-03-09,11.83,11.83,11.62,11.62,167310,11.98,12.15,12.52,-2.9799,-4.3716,-7.1457,-0.0738,-0.0867,0.0298
NTP,2020-03-10,11.62,11.79,11.54,11.75,58000,11.95,12.14,12.49,-1.6678,-3.2313,-5.9581,0.0317,0.0368,0.0326
NTP,2020-03-11,11.79,11.79,11.62,11.71,19669,11.91,12.12,12.46,-1.7421,-3.4412,-6.0914,0.0,0.0,0.0326
NTP,2020-03-12,11.58,11.62,11.12,11.62,23800,11.88,12.1,12.44,-2.1321,-3.9616,-6.5646,0.0116,0.0141,0.0293
NTP,2020-03-13,11.21,11.21,10.92,11.21,26820,11.8,12.06,12.4,-5.0633,-7.0728,-9.6369,0.0159,0.0182,0.0309
NTP,2020-03-16,11.21,11.21,11.21,11.21,19820,11.74,12.02,12.37,-4.5599,-6.7519,-9.3706,0.0,0.0,0.0278
NTP,2020-03-17,11.21,11.29,11.17,11.29,58370,11.69,11.94,12.33,-3.4091,-5.4406,-8.4418,0.0388,0.0457,0.0275
NTP,2020-03-18,12.0,12.0,11.33,11.66,22670,11.67,11.88,12.3,-0.0711,-1.8169,-5.2086,0.0,0.0,0.0175
NTP,2020-03-19,11.5,11.62,11.41,11.62,20900,11.58,11.82,12.28,0.3584,-1.6509,-5.3543,0.0158,0.022,0.0188
NTP,2020-03-20,11.71,11.71,11.58,11.58,11830,11.53,11.77,12.25,0.4681,-1.5873,-5.4622,-0.0093,-0.0104,0.0197
NTP,2020-03-23,11.62,11.62,11.12,11.21,72964,11.49,11.73,12.21,-2.4214,-4.4755,-8.2319,-0.0226,-0.0298,0.0146
NTP,2020-03-24,11.21,11.25,11.21,11.21,63723,11.43,11.69,12.18,-1.9608,-4.1193,-7.9566,-0.0516,-0.0637,0.0165
NTP,2020-03-25,11.29,11.46,11.29,11.46,4900,11.41,11.66,12.15,0.4367,-1.7444,-5.6733,0.0044,0.0046,0.017
NTP,2020-03-26,11.46,11.5,11.41,11.41,23400,11.39,11.63,12.12,0.2552,-1.8558,-5.809,-0.0201,-0.0245,0.0178
NTP,2020-03-27,11.21,11.41,11.21,11.41,2453,11.41,11.61,12.09,0.0728,-1.6452,-5.5891,0.0024,0.003,0.0165
NTP,2020-03-30,11.21,11.37,11.21,11.25,30544,11.41,11.58,12.06,-1.4187,-2.8325,-6.6933,-0.0111,-0.017,0.0176
NTP,2020-03-31,11.41,11.41,11.25,11.25,33157,11.41,11.55,12.02,-1.3828,-2.5881,-6.4485,-0.0372,-0.0673,0.0174
NTP,2020-04-01,11.25,11.5,11.25,11.29,3130,11.37,11.52,12.0,-0.6937,-1.9996,-5.8888,-0.002,-0.0031,0.0177
NTP,2020-04-03,11.5,11.66,11.5,11.66,6120,11.37,11.48,11.98,2.5547,1.6275,-2.5996,0.005,0.0065,0.0166
NTP,2020-04-06,11.58,11.95,11.58,11.71,12117,11.39,11.46,11.95,2.8072,2.1739,-2.0765,-0.0021,-0.0025,0.0158
NTP,2020-04-07,11.71,11.83,11.58,11.79,9743,11.44,11.46,11.92,3.0105,2.824,-1.1418,0.0046,0.0058,0.0141
NTP,2020-04-08,11.83,11.87,11.58,11.87,45020,11.51,11.47,11.9,3.1374,3.4919,-0.2233,0.0329,0.0405,0.0122
NTP,2020-04-09,11.95,12.58,11.79,12.58,54100,11.62,11.51,11.89,8.2143,9.2286,5.8183,0.0387,0.0535,0.0156
NTP,2020-04-10,12.45,12.45,12.24,12.29,13210,11.71,11.55,11.87,4.9273,6.3983,3.5472,-0.0079,-0.0111,0.0144
NTP,2020-04-13,12.33,13.24,12.33,12.49,55076,11.82,11.61,11.86,5.7253,7.5961,5.311,-0.0361,-0.0451,0.0178
NTP,2020-04-14,12.66,12.66,12.16,12.16,28520,11.91,11.66,11.87,2.1262,4.3076,2.4548,-0.0224,-0.0309,0.0189
NTP,2020-04-15,12.45,12.83,12.45,12.7,65068,12.05,11.73,11.89,5.3719,8.2802,6.8436,0.0164,0.022,0.0168
NTP,2020-04-16,12.7,13.03,12.66,13.03,44355,12.23,11.8,11.91,6.5852,10.4662,9.4153,0.0453,0.0569,0.0211
NTP,2020-04-17,13.08,13.7,13.08,13.66,53920,12.43,11.9,11.94,9.8865,14.7541,14.3314,0.0285,0.0415,0.0235
NTP,2020-04-20,13.82,13.82,13.37,13.57,80409,12.61,12.0,11.98,7.6012,13.1096,13.3449,-0.0039,-0.0058,0.0237
NTP,2020-04-21,13.49,13.57,12.87,12.99,72506,12.73,12.09,11.99,2.0209,7.4678,8.3195,-0.0179,-0.0268,0.025
NTP,2020-04-22,12.87,13.2,12.49,13.08,62104,12.86,12.18,12.01,1.7113,7.3253,8.8233,0.0304,0.0408,0.0247
NTP,2020-04-23,13.45,13.74,13.37,13.57,26970,12.95,12.29,12.05,4.7741,10.4543,12.6809,0.0029,0.0043,0.0212
NTP,2020-04-24,13.45,13.7,13.28,13.45,27881,13.07,12.39,12.07,2.8898,8.5427,11.3862,-0.0049,-0.0067,0.0209
NTP,2020-04-27,13.7,13.95,13.53,13.57,53240,13.18,12.5,12.1,2.9921,8.6018,12.1322,-0.0304,-0.0371,0.0203
NTP,2020-04-28,13.57,13.7,13.37,13.61,38060,13.32,12.62,12.14,2.1807,7.9125,12.1828,0.0208,0.0272,0.0201
NTP,2020-04-29,13.37,13.95,13.37,13.86,16279,13.44,12.75,12.16,3.1501,8.7594,14.0477,0.0112,0.0144,0.0196
NTP,2020-05-04,13.66,13.82,13.37,13.37,17010,13.47,12.85,12.17,-0.801,4.0052,9.8601,-0.0141,-0.0213,0.0165
NTP,2020-05-05,13.49,13.61,13.12,13.61,14432,13.47,12.95,12.18,1.0786,5.1451,11.7699,0.0213,0.0234,0.0158
NTP,2020-05-06,13.7,13.7,13.53,13.61,11945,13.47,13.04,12.2,1.0474,4.3755,11.5798,0.0,0.0,0.0154
NTP,2020-05-07,13.74,13.91,13.53,13.57,51549,13.53,13.13,12.23,0.3067,3.3502,10.9377,-0.0331,-0.0418,0.0169
NTP,2020-05-08,13.57,14.32,13.57,13.82,101762,13.61,13.23,12.27,1.5863,4.4706,12.6522,-0.0199,-0.0259,0.0159
NTP,2020-05-11,13.82,13.91,13.74,13.91,72180,13.64,13.3,12.31,1.9476,4.5731,12.9848,0.0484,0.0599,0.0204
NTP,2020-05-12,13.95,14.94,13.95,14.69,55550,13.76,13.42,12.36,6.7551,9.5128,18.8717,0.017,0.0217,0.0216
NTP,2020-05-13,14.65,14.9,14.65,14.69,43200,13.88,13.53,12.42,5.8929,8.6223,18.3392,-0.0169,-0.0238,0.0203
NTP,2020-05-14,14.69,14.9,14.4,14.9,48800,14.0,13.66,12.48,6.4019,9.0523,19.4199,0.0371,0.053,0.0219
NTP,2020-05-15,14.82,14.82,14.2,14.53,30700,14.07,13.76,12.53,3.2449,5.6126,15.9248,0.0012,0.0018,0.0209
NTP,2020-05-18,14.53,14.53,14.28,14.53,9110,14.19,13.83,12.59,2.3991,5.042,15.4278,0.0066,0.009,0.0201
NTP,2020-05-19,14.57,14.65,14.49,14.65,104700,14.29,13.88,12.63,2.5269,5.5622,16.0268,0.0668,0.0911,0.0247
NTP,2020-05-20,14.69,14.86,14.65,14.82,18470,14.41,13.94,12.68,2.8226,6.2816,16.8423,0.008,0.0096,0.0255
NTP,2020-05-21,14.86,14.86,14.61,14.61,32260,14.52,14.02,12.74,0.6577,4.1882,14.6654,-0.0218,-0.0279,0.0244
NTP,2020-05-22,14.61,14.61,14.28,14.28,26419,14.56,14.08,12.79,-1.9384,1.3852,11.6158,-0.0148,-0.0224,0.0238
NTP,2020-05-25,14.28,14.44,13.91,14.2,26910,14.59,14.11,12.84,-2.7027,0.5734,10.5365,0.0015,0.002,0.0192
NTP,2020-05-26,14.2,14.44,14.11,14.44,25506,14.57,14.16,12.9,-0.8265,1.978,11.9835,0.015,0.0203,0.019
NTP,2020-05-27,14.44,14.53,14.36,14.49,249910,14.54,14.21,12.96,-0.3995,1.9425,11.7372,0.0466,0.0597,0.0219
NTP,2020-05-28,14.57,14.82,14.53,14.74,143511,14.53,14.27,13.04,1.4286,3.2878,13.0429,0.0585,0.0779,0.0241
NTP,2020-05-29,14.74,14.78,14.74,14.74,27523,14.55,14.31,13.1,1.2839,2.9732,12.4485,-0.021,-0.0354,0.026
NTP,2020-06-01,14.78,15.07,14.78,15.03,59238,14.6,14.39,13.17,2.9286,4.398,14.0804,0.022,0.0363,0.0276
NTP,2020-06-02,15.03,15.11,14.86,15.03,32510,14.64,14.46,13.24,2.6659,3.8886,13.4938,0.0046,0.0073,0.0214
NTP,2020-06-03,14.65,15.03,14.65,15.03,5972,14.66,14.53,13.31,2.5205,3.3842,12.9062,0.0033,0.0061,0.0209
NTP,2020-06-04,14.94,15.67,14.94,15.37,130298,14.73,14.62,13.39,4.3098,5.0828,14.752,0.011,0.0174,0.0198
NTP,2020-06-05,15.37,16.01,14.94,16.01,72830,14.9,14.73,13.49,7.3959,8.6495,18.6825,0.0296,0.0599,0.0213
NTP,2020-06-08,16.01,16.22,15.92,16.09,42555,15.09,14.84,13.58,6.6118,8.424,18.5008,0.0024,0.0046,0.0214
NTP,2020-06-09,16.14,16.35,16.05,16.31,21724,15.28,14.92,13.68,6.7099,9.2685,19.2136,0.0078,0.0127,0.0207
NTP,2020-06-10,16.31,16.43,16.09,16.43,51489,15.48,15.01,13.78,6.1943,9.4882,19.2744,0.0241,0.0415,0.0184
NTP,2020-06-11,16.43,16.43,15.58,15.79,35760,15.58,15.05,13.87,1.3635,4.9106,13.8761,-0.0036,-0.0058,0.0129
NTP,2020-06-12,15.67,15.79,15.5,15.79,37544,15.69,15.12,13.96,0.6796,4.4713,13.1346,0.0094,0.0177,0.0118
NTP,2020-06-15,15.79,15.84,15.58,15.75,18143,15.76,15.18,14.05,-0.0547,3.769,12.1123,0.0025,0.0038,0.0098
NTP,2020-06-16,15.62,15.84,15.62,15.84,9650,15.84,15.24,14.13,-0.0272,3.9261,12.0544,0.0055,0.0091,0.0099
NTP,2020-06-17,15.88,16.65,15.84,16.05,29779,15.94,15.3,14.22,0.6694,4.9028,12.8706,-0.01,-0.0196,0.0106
NTP,2020-06-18,16.05,16.43,16.05,16.18,70500,16.02,15.38,14.31,0.959,5.201,13.073,-0.0232,-0.0373,0.0118
NTP,2020-06-19,16.22,16.78,16.22,16.78,65350,16.1,15.5,14.41,4.1887,8.2085,16.4514,0.0295,0.0522,0.0118
NTP,2020-06-22,17.03,17.07,16.82,17.03,340971,16.2,15.64,14.49,5.1661,8.8648,17.5026,0.1457,0.281,0.0261
NTP,2020-06-23,17.2,17.37,16.86,17.12,85252,16.28,15.78,14.59,5.1665,8.4839,17.3096,0.0,0.0,0.0253
NTP,2020-06-24,17.12,17.12,16.65,16.65,21433,16.3,15.89,14.67,2.1477,4.7904,13.4458,-0.0119,-0.0236,0.0241
NTP,2020-06-25,17.42,17.42,16.39,16.7,37930,16.39,15.98,14.77,1.8999,4.4712,13.0999,-0.0105,-0.0217,0.0248
NTP,2020-06-26,17.67,18.29,16.9,17.42,17980,16.55,16.12,14.86,5.2339,8.0515,17.2084,-0.0041,-0.0084,0.0243
NTP,2020-06-29,16.39,17.31,16.14,16.39,36727,16.61,16.19,14.93,-1.3384,1.2663,9.8174,-0.0125,-0.0248,0.0253
NTP,2020-06-30,16.39,16.55,15.88,16.24,21600,16.65,16.25,14.98,-2.4992,-0.0573,8.4128,0.0015,0.0027,0.0249
NTP,2020-07-01,16.8,16.8,16.34,16.55,5964,16.7,16.32,15.04,-0.9486,1.3602,10.028,-0.0005,-0.0009,0.0239
NTP,2020-07-02,16.49,16.75,16.39,16.75,6910,16.76,16.39,15.11,-0.0646,2.1824,10.8365,0.0106,0.0156,0.0227
NTP,2020-07-03,16.75,17.01,16.49,16.55,12400,16.74,16.42,15.18,-1.1515,0.7669,8.9801,-0.0111,-0.0157,0.0208
NTP,2020-07-06,16.44,16.65,16.39,16.49,5930,16.68,16.44,15.24,-1.1403,0.3321,8.2262,-0.0013,-0.0017,0.0064
NTP,2020-07-07,16.55,16.55,16.34,16.39,5150,16.61,16.44,15.3,-1.3255,-0.3171,7.1401,-0.002,-0.0032,0.0066
NTP,2020-07-08,16.39,16.39,15.88,15.88,18220,16.54,16.42,15.35,-3.9653,-3.2692,3.48,-0.0233,-0.0343,0.0077
NTP,2020-07-09,15.88,16.19,15.88,15.98,9765,16.46,16.43,15.39,-2.9247,-2.7009,3.8272,-0.0024,-0.0039,0.0069
NTP,2020-07-10,16.08,16.08,15.88,15.88,50334,16.31,16.43,15.43,-2.6382,-3.35,2.8921,-0.0555,-0.0795,0.0121
NTP,2020-07-13,15.88,16.39,15.37,16.19,63400,16.29,16.45,15.49,-0.6289,-1.6099,4.5015,0.0425,0.0621,0.0151
NTP,2020-07-14,15.57,16.03,15.57,15.98,2810,16.26,16.46,15.54,-1.7323,-2.8983,2.8642,0.0019,0.0033,0.0151
NTP,2020-07-15,15.98,16.14,15.98,16.08,18505,16.22,16.46,15.59,-0.8212,-2.2862,3.1955,0.0043,0.0073,0.0155
NTP,2020-07-16,16.39,16.39,15.73,15.73,11300,16.12,16.44,15.63,-2.4158,-4.3333,0.6169,-0.0099,-0.0131,0.0154
NTP,2020-07-17,16.08,16.08,15.68,15.73,2920,16.03,16.39,15.67,-1.9169,-4.0269,0.3724,-0.002,-0.0031,0.0145
NTP,2020-07-20,15.73,16.34,15.68,16.08,13646,15.99,16.34,15.71,0.5766,-1.5541,2.3762,0.0021,0.0033,0.0146
NTP,2020-07-21,15.68,15.83,15.52,15.83,23159,15.94,16.27,15.73,-0.675,-2.7382,0.6007,0.0255,0.0354,0.0169
NTP,2020-07-22,15.62,15.73,15.47,15.57,38400,15.91,16.22,15.75,-2.0934,-3.995,-1.1376,-0.0071,-0.0099,0.0153
NTP,2020-07-23,15.57,15.57,15.32,15.42,83900,15.85,16.16,15.76,-2.7149,-4.5656,-2.1775,-0.0157,-0.0228,0.0167
NTP,2020-07-24,15.37,15.37,14.39,14.55,56490,15.72,16.01,15.76,-7.4316,-9.1491,-7.7047,-0.0167,-0.029,0.0128
NTP,2020-07-27,13.93,14.24,13.16,13.16,99724,15.41,15.85,15.74,-14.5896,-16.9495,-16.3346,-0.0314,-0.0456,0.0117
NTP,2020-07-28,13.16,14.29,13.16,14.29,15721,15.24,15.75,15.73,-6.25,-9.283,-9.1309,0.0075,0.011,0.0122
NTP,2020-07-29,14.29,14.29,13.57,13.63,45910,15.0,15.61,15.7,-9.153,-12.701,-13.2334,-0.032,-0.0455,0.015
NTP,2020-07-30,13.68,13.93,13.68,13.93,10700,14.82,15.47,15.69,-5.9799,-9.9188,-11.1996,0.0152,0.0213,0.0155
NTP,2020-07-31,13.83,14.6,13.83,14.6,3200,14.71,15.37,15.7,-0.7314,-5.0158,-6.9935,0.0036,0.0048,0.0157
NTP,2020-08-03,13.83,14.75,13.83,14.6,12040,14.56,15.28,15.71,0.2815,-4.4266,-7.0413,0.005,0.0078,0.016
NTP,2020-08-04,14.7,14.91,14.7,14.7,18411,14.45,15.19,15.71,1.7731,-3.2204,-6.4196,-0.0137,-0.0232,0.0148
NTP,2020-08-05,14.7,14.96,14.65,14.91,8304,14.38,15.14,15.72,3.6694,-1.5562,-5.1661,0.0041,0.0055,0.0145
NTP,2020-08-06,14.91,14.91,14.86,14.86,25852,14.32,15.09,15.72,3.7196,-1.528,-5.5064,-0.0268,-0.04,0.0156
NTP,2020-08-07,14.86,14.96,14.65,14.65,13825,14.33,15.02,15.72,2.2158,-2.4889,-6.7997,-0.0131,-0.0178,0.0152
NTP,2020-08-10,14.7,14.96,14.7,14.91,29350,14.51,14.96,15.72,2.7542,-0.3595,-5.1559,0.0137,0.0186,0.0135
NTP,2020-08-11,14.96,15.01,14.86,14.86,35640,14.56,14.9,15.71,2.0049,-0.3265,-5.4613,-0.0328,-0.0497,0.016
NTP,2020-08-12,14.96,14.96,14.8,14.86,4112,14.69,14.84,15.71,1.151,0.0863,-5.4408,-0.0014,-0.002,0.0129
NTP,2020-08-13,14.91,14.91,14.75,14.91,3440,14.78,14.8,15.7,0.8316,0.7095,-5.0591,0.003,0.004,0.0117
NTP,2020-08-14,14.8,14.91,14.75,14.86,10050,14.81,14.76,15.68,0.3113,0.6595,-5.2463,0.0028,0.0041,0.0116
NTP,2020-08-17,14.75,14.75,14.24,14.75,44145,14.82,14.69,15.65,-0.4837,0.4184,-5.7387,0.0353,0.0564,0.0147
NTP,2020-08-18,14.8,15.73,14.8,15.27,49926,14.88,14.66,15.63,2.5817,4.1048,-2.3358,0.0,0.0,0.0133
NTP,2020-08-19,15.27,15.32,15.27,15.27,47170,14.92,14.65,15.61,2.3352,4.214,-2.1895,-0.0426,-0.061,0.0171
NTP,2020-08-20,15.21,15.21,15.16,15.21,15400,14.95,14.64,15.6,1.7472,3.937,-2.4452,0.0129,0.0172,0.0157
NTP,2020-08-21,15.16,15.32,14.96,15.32,14591,15.02,14.68,15.59,1.9782,4.363,-1.7281,0.0087,0.0134,0.0153
NTP,2020-08-24,15.32,15.78,15.32,15.62,31265,15.09,14.8,15.58,3.5302,5.5729,0.2603,0.0061,0.0099,0.0146
NTP,2020-08-25,15.37,15.68,15.37,15.62,20947,15.17,14.87,15.58,3.0057,5.0999,0.2877,0.0072,0.0099,0.012
NTP,2020-08-26,15.37,15.83,15.37,15.78,46102,15.26,14.97,15.57,3.3904,5.3712,1.3096,0.0202,0.0299,0.0139
NTP,2020-08-27,15.68,15.98,15.68,15.88,92575,15.36,15.07,15.57,3.4023,5.3705,2.0065,0.0218,0.0308,0.0158
NTP,2020-08-28,15.88,16.34,15.88,16.19,14061,15.49,15.15,15.56,4.4973,6.847,4.0595,0.0023,0.0036,0.0157
NTP,2020-08-31,16.19,16.19,15.88,16.08,13359,15.62,15.22,15.54,2.9508,5.6528,3.5269,0.0025,0.0039,0.0124
NTP,2020-09-01,16.08,16.08,15.83,15.83,38525,15.68,15.28,15.51,0.9474,3.587,2.0476,-0.0267,-0.0324,0.0151
NTP,2020-09-03,15.88,16.08,15.83,15.98,34596,15.75,15.33,15.5,1.4634,4.2258,3.1269,0.0046,0.0059,0.0113
NTP,2020-09-04,15.93,16.03,15.88,15.98,39933,15.83,15.39,15.48,0.9709,3.8442,3.2224,0.0088,0.0102,0.0109
NTP,2020-09-07,16.08,16.19,15.93,15.93,41000,15.89,15.45,15.45,0.2579,3.0825,3.0893,-0.0161,-0.023,0.0116
NTP,2020-09-08,16.08,16.39,15.98,16.14,14931,15.94,15.52,15.45,1.221,3.9947,4.4499,-0.0026,-0.0035,0.0113
NTP,2020-09-09,16.14,16.24,15.98,16.24,51310,16.0,15.59,15.45,1.4725,4.1907,5.1131,0.0306,0.0423,0.0136
NTP,2020-09-10,16.24,16.49,16.24,16.39,47060,16.06,15.66,15.45,2.0408,4.6607,6.1289,0.0058,0.0082,0.0122
NTP,2020-09-11,16.39,16.39,16.24,16.34,10548,16.11,15.73,15.44,1.4309,3.8581,5.8535,0.0025,0.0039,0.0102
NTP,2020-09-14,16.29,16.65,16.14,16.39,61312,16.13,15.81,15.43,1.6195,3.6773,6.2064,0.0,0.0,0.01
NTP,2020-09-15,16.39,17.16,16.39,16.75,118624,16.2,15.91,15.44,3.4156,5.2801,8.4937,-0.005,-0.0078,0.0103
NTP,2020-09-16,16.8,16.96,16.49,16.9,86850,16.31,15.99,15.45,3.6758,5.7015,9.4165,0.0428,0.0754,0.0119
NTP,2020-09-17,17.11,17.16,16.75,17.01,14445,16.41,16.08,15.47,3.6528,5.7662,9.9192,0.0022,0.0033,0.0116
NTP,2020-09-18,16.9,17.06,16.7,17.06,18558,16.52,16.17,15.49,3.2878,5.4799,10.0972,0.0102,0.0158,0.0118
NTP,2020-09-21,17.06,17.67,17.06,17.47,131545,16.67,16.28,15.53,4.7941,7.3002,12.5116,0.019,0.0311,0.0121
NTP,2020-09-22,17.37,17.62,17.31,17.42,18382,16.8,16.37,15.55,3.6901,6.3996,12.0042,-0.0032,-0.0049,0.0121
NTP,2020-09-23,17.52,17.52,17.37,17.37,16545,16.91,16.46,15.58,2.6962,5.5253,11.4765,-0.0118,-0.0163,0.0103
NTP,2020-09-24,16.9,17.52,16.9,17.21,14240,16.99,16.53,15.6,1.2963,4.1376,10.3303,0.0,0.0,0.0097
NTP,2020-09-25,17.01,17.16,16.8,17.01,52768,17.06,16.58,15.63,-0.3003,2.5483,8.8382,0.0043,0.0065,0.0099
NTP,2020-09-28,17.01,17.26,16.8,17.26,27520,17.15,16.64,15.66,0.6872,3.7562,10.2605,0.014,0.0221,0.0113
NTP,2020-09-29,17.21,17.26,17.06,17.06,9635,17.18,16.69,15.68,-0.686,2.2256,8.8164,-0.003,-0.0045,0.0111
NTP,2020-09-30,16.96,17.37,16.65,16.75,12634,17.16,16.73,15.69,-2.3881,0.1071,6.7302,-0.0048,-0.007,0.0073
NTP,2020-10-01,17.11,17.31,16.65,17.21,77260,17.18,16.79,15.73,0.1789,2.4859,9.4391,0.0293,0.0469,0.01
NTP,2020-10-02,17.31,17.31,16.65,17.16,55245,17.19,16.85,15.76,-0.1788,1.8237,8.8722,0.0162,0.0275,0.0106
NTP,2020-10-05,17.16,17.26,16.9,17.26,23700,17.17,16.92,15.82,0.537,2.0285,9.1463,0.0102,0.0162,0.0097
NTP,2020-10-06,17.26,17.31,17.06,17.16,10000,17.15,16.97,15.9,0.0896,1.1168,7.953,-0.0009,-0.0014,0.0095
NTP,2020-10-07,17.01,17.16,16.9,17.16,9300,17.12,17.02,15.95,0.2094,0.8428,7.5648,0.0032,0.0048,0.0086
NTP,2020-10-08,17.16,17.16,16.8,16.9,16200,17.09,17.04,16.02,-1.1088,-0.8115,5.5257,-0.0032,-0.0046,0.0089
NTP,2020-10-09,16.96,16.96,16.65,16.75,20000,17.07,17.06,16.08,-1.8607,-1.8313,4.1999,-0.0041,-0.0062,0.0089
NTP,2020-10-12,17.06,17.42,16.75,16.8,72800,17.02,17.08,16.12,-1.294,-1.6492,4.2329,-0.0245,-0.032,0.0099
NTP,2020-10-13,16.8,16.8,16.65,16.7,13100,16.99,17.08,16.16,-1.6888,-2.2342,3.328,-0.0031,-0.0041,0.0099
NTP,2020-10-14,16.8,17.21,16.7,16.7,46400,16.98,17.07,16.2,-1.6591,-2.1756,3.0732,-0.019,-0.0259,0.0114
NTP,2020-10-15,16.85,16.85,16.65,16.85,36500,16.95,17.06,16.24,-0.5441,-1.2309,3.7724,0.0143,0.0195,0.0099
NTP,2020-10-16,16.7,17.06,16.7,17.06,58000,16.94,17.06,16.28,0.7259,-0.03,4.7499,0.0288,0.0375,0.0111
NTP,2020-10-19,17.06,17.52,17.06,17.52,86500,16.96,17.07,16.34,3.2921,2.6564,7.2033,0.0498,0.0676,0.0151
NTP,2020-10-20,17.62,17.67,17.57,17.62,56700,17.01,17.08,16.4,3.6144,3.1948,7.4731,-0.0,-0.0,0.015
NTP,2020-10-21,17.67,17.67,17.16,17.42,33800,17.03,17.08,16.45,2.2556,1.9796,5.8926,0.0,0.0,0.0147
NTP,2020-10-22,17.42,17.42,17.16,17.31,25700,17.07,17.08,16.5,1.4101,1.3493,4.9559,0.0024,0.0029,0.0146
NTP,2020-10-23,17.42,17.67,17.42,17.67,92300,17.17,17.12,16.55,2.9544,3.2471,6.7715,0.0488,0.0539,0.0191
NTP,2020-10-26,17.78,18.95,17.78,18.7,187800,17.36,17.19,16.63,7.7332,8.7766,12.4392,0.0336,0.0482,0.02
NTP,2020-10-27,18.7,18.85,18.34,18.54,69800,17.54,17.26,16.7,5.7243,7.4184,11.0089,-0.0052,-0.0082,0.0202
NTP,2020-10-28,18.54,18.54,17.67,17.72,73200,17.64,17.31,16.75,0.4646,2.382,5.791,-0.0222,-0.0325,0.0205
NTP,2020-10-29,17.42,17.83,17.16,17.37,62800,17.69,17.32,16.8,-1.8529,0.2662,3.3915,-0.0126,-0.0171,0.0203
NTP,2020-10-30,17.42,17.72,17.21,17.72,37100,17.76,17.35,16.85,-0.2019,2.1704,5.2119,0.0265,0.0324,0.0201
NTP,2020-11-02,18.03,18.03,17.52,17.93,37600,17.8,17.38,16.9,0.7194,3.1536,6.0992,0.0143,0.0208,0.0166
NTP,2020-11-03,17.93,18.2,17.93,17.98,41100,17.84,17.42,16.95,0.8198,3.2218,6.1243,-0.0184,-0.0253,0.0184
NTP,2020-11-04,17.77,18.14,17.66,17.98,27000,17.89,17.46,16.99,0.5005,2.9787,5.8296,0.0057,0.009,0.019
NTP,2020-11-05,17.93,17.93,17.66,17.72,12600,17.93,17.5,17.03,-1.2166,1.2112,4.0174,-0.0041,-0.006,0.0192
NTP,2020-11-06,17.93,17.93,17.39,17.66,27400,17.93,17.55,17.07,-1.5092,0.6434,3.4866,0.0,0.0,0.0143
NTP,2020-11-09,17.66,17.82,17.18,17.72,64000,17.83,17.59,17.1,-0.667,0.6862,3.6146,0.0218,0.0282,0.0131
NTP,2020-11-10,17.93,17.93,17.56,17.61,23300,17.74,17.64,17.13,-0.7468,-0.18,2.8053,-0.0064,-0.0086,0.0132
NTP,2020-11-11,17.56,17.61,17.39,17.56,36800,17.72,17.68,17.16,-0.9542,-0.7241,2.2867,0.0102,0.0129,0.012
NTP,2020-11-12,17.56,17.66,17.45,17.5,43200,17.74,17.72,17.19,-1.3319,-1.2079,1.7946,-0.0112,-0.0166,0.0119
NTP,2020-11-13,17.5,17.56,17.45,17.45,41100,17.71,17.74,17.22,-1.4803,-1.6183,1.3106,-0.0207,-0.0297,0.0113
NTP,2020-11-16,17.45,17.61,17.39,17.39,28500,17.66,17.73,17.25,-1.4853,-1.8857,0.8284,-0.0102,-0.0137,0.0109
NTP,2020-11-17,17.39,17.61,17.34,17.5,28300,17.61,17.72,17.28,-0.6079,-1.2484,1.2886,0.0019,0.0027,0.0092
NTP,2020-11-18,17.5,17.61,17.45,17.5,21100,17.56,17.73,17.3,-0.3352,-1.2721,1.1407,-0.0028,-0.0037,0.0089
NTP,2020-11-19,17.5,18.04,17.39,17.93,87000,17.58,17.76,17.33,1.9787,0.968,3.4313,0.027,0.0322,0.0112
NTP,2020-11-20,17.98,18.14,17.93,18.09,49300,17.62,17.78,17.37,2.6419,1.7525,4.1473,0.0099,0.0138,0.0122
NTP,2020-11-23,18.2,18.3,18.09,18.09,77700,17.66,17.75,17.4,2.4242,1.9266,3.9441,-0.0333,-0.0457,0.0134
NTP,2020-11-24,18.09,18.09,17.72,17.82,28500,17.68,17.71,17.43,0.7869,0.6232,2.2805,-0.0069,-0.0083,0.0134
NTP,2020-11-25,17.82,17.93,17.66,17.77,50000,17.7,17.71,17.44,0.3628,0.3082,1.8723,-0.0038,-0.0049,0.0128
NTP,2020-11-26,17.77,18.14,17.77,18.09,99800,17.76,17.75,17.46,1.8379,1.9125,3.5846,0.034,0.0465,0.0151
NTP,2020-11-27,18.2,18.68,18.2,18.46,118600,17.87,17.79,17.49,3.3553,3.8065,5.5598,0.006,0.0084,0.0136
NTP,2020-11-30,18.46,19.0,18.46,18.52,65100,17.98,17.82,17.51,3.0069,3.9351,5.7388,-0.0188,-0.0257,0.0144
NTP,2020-12-01,18.52,18.52,18.2,18.52,50500,18.08,17.84,17.54,2.4275,3.7793,5.6059,0.0128,0.0186,0.0155
NTP,2020-12-02,18.52,18.57,18.25,18.41,47100,18.17,17.87,17.56,1.3255,3.0557,4.8703,-0.0,-0.0,0.0153
NTP,2020-12-03,18.2,19.0,18.2,18.79,317100,18.26,17.92,17.59,2.9024,4.8387,6.8128,0.0561,0.0914,0.0182
NTP,2020-12-04,18.79,19.43,18.79,19.32,244700,18.38,18.0,17.63,5.1252,7.3287,9.5675,0.0634,0.0975,0.0235
NTP,2020-12-07,21.25,21.25,19.54,19.96,83900,18.57,18.11,17.69,7.5238,10.2083,12.8639,-0.0162,-0.0257,0.0218
NTP,2020-12-08,19.96,20.07,19.54,19.7,144200,18.75,18.22,17.74,5.0228,8.1081,11.0199,-0.0271,-0.0431,0.0238
NTP,2020-12-09,19.64,20.02,19.54,19.7,117400,18.95,18.33,17.8,3.9548,7.4766,10.6525,-0.0133,-0.0216,0.0248
NTP,2020-12-10,19.7,19.75,19.54,19.54,92700,19.09,18.43,17.85,2.3269,6.0122,9.4647,-0.0249,-0.0397,0.0239
NTP,2020-12-11,19.43,19.75,19.37,19.75,43230,19.22,18.54,17.9,2.7569,6.5089,10.3441,0.0155,0.0207,0.0248
NTP,2020-12-14,19.8,19.8,19.32,19.75,45841,19.34,18.66,17.95,2.1029,5.8368,10.0383,0.0128,0.0162,0.0242
NTP,2020-12-15,19.75,19.8,19.59,19.64,80616,19.46,18.77,18.0,0.9629,4.6628,9.1401,-0.015,-0.0218,0.0244
NTP,2020-12-16,19.64,19.64,19.37,19.54,60539,19.57,18.87,18.04,-0.1641,3.5314,8.2596,0.0042,0.0065,0.0248
NTP,2020-12-17,19.59,19.64,19.37,19.48,36556,19.64,18.95,18.1,-0.7904,2.8249,7.6555,-0.0023,-0.0032,0.0195
NTP,2020-12-18,19.48,19.48,19.16,19.43,67805,19.65,19.01,18.15,-1.1169,2.1815,7.0429,0.0142,0.0214,0.0146
NTP,2020-12-21,19.48,19.64,19.43,19.43,49085,19.59,19.08,18.2,-0.8468,1.8233,6.734,-0.0143,-0.0221,0.0144
NTP,2020-12-22,19.48,19.48,18.41,19.43,97145,19.57,19.16,18.26,-0.7112,1.3966,6.415,0.0224,0.0357,0.0139
NTP,2020-12-23,19.43,19.43,19.27,19.27,31532,19.52,19.24,18.31,-1.3158,0.167,5.2395,-0.0074,-0.0123,0.0133
NTP,2020-12-24,19.27,19.43,18.73,19.21,70270,19.49,19.29,18.36,-1.4278,-0.4023,4.6772,0.0111,0.0192,0.0119
NTP,2020-12-25,19.21,19.48,19.21,19.27,40649,19.44,19.33,18.4,-0.9083,-0.3322,4.7166,-0.006,-0.009,0.011
NTP,2020-12-28,19.59,19.59,18.84,19.37,62081,19.41,19.37,18.44,-0.1655,-0.0,5.0864,0.0083,0.0128,0.0105
NTP,2020-12-29,19.43,19.43,19.27,19.32,24882,19.37,19.41,18.47,-0.2762,-0.4824,4.6032,-0.003,-0.0039,0.0093
NTP,2020-12-30,19.37,19.37,19.27,19.27,19108,19.35,19.46,18.51,-0.4149,-0.9765,4.1048,-0.0058,-0.0084,0.0095
NTP,2020-12-31,19.21,19.54,19.21,19.27,36054,19.33,19.48,18.55,-0.3046,-1.0989,3.8855,-0.0099,-0.0124,0.0102
NTP,2021-01-04,19.54,20.07,19.27,19.86,135868,19.37,19.51,18.59,2.5145,1.7833,6.8083,0.0188,0.026,0.0107
NTP,2021-01-05,19.86,20.07,19.75,19.91,58734,19.42,19.51,18.62,2.5358,2.0716,6.9566,0.0,0.0,0.0093
NTP,2021-01-06,19.91,19.91,19.54,19.59,113925,19.43,19.5,18.64,0.7987,0.4529,5.1135,-0.0273,-0.0357,0.0098
NTP,2021-01-07,21.52,21.52,19.54,19.75,57815,19.48,19.5,18.68,1.3736,1.2623,5.7452,-0.0096,-0.0139,0.01
NTP,2021-01-08,19.54,19.8,19.54,19.59,36562,19.52,19.51,18.72,0.3565,0.4253,4.6364,-0.0068,-0.0096,0.0096
NTP,2021-01-11,19.59,19.86,19.59,19.7,53874,19.56,19.5,18.76,0.684,0.9879,4.987,-0.0025,-0.0034,0.0092
NTP,2021-01-12,19.7,19.75,19.59,19.75,63267,19.6,19.5,18.8,0.7646,1.2623,5.0683,0.0196,0.0261,0.0103
NTP,2021-01-13,19.8,20.77,19.8,20.66,284810,19.73,19.55,18.85,4.6922,5.6521,9.5968,0.0541,0.0784,0.0155
NTP,2021-01-14,20.82,20.82,20.45,20.45,46252,19.85,19.6,18.9,2.9927,4.3146,8.1785,-0.0115,-0.017,0.016
NTP,2021-01-15,20.34,20.5,20.28,20.45,70603,19.97,19.65,18.95,2.3854,4.0588,7.8669,0.01,0.0143,0.016
NTP,2021-01-18,20.34,20.34,19.86,20.02,97770,19.98,19.68,19.0,0.1607,1.7272,5.3462,-0.0077,-0.0106,0.0149
NTP,2021-01-19,20.02,20.12,18.57,19.27,95946,19.92,19.67,19.03,-3.2778,-2.0408,1.2373,-0.0015,-0.0022,0.0151
NTP,2021-01-20,19.48,19.48,18.73,19.27,69600,19.89,19.66,19.07,-3.1216,-2.0008,1.0611,0.0076,0.0105,0.0131
NTP,2021-01-21,19.27,19.75,19.11,19.75,87105,19.89,19.69,19.11,-0.6997,0.3262,3.3497,0.0193,0.0252,0.0141
NTP,2021-01-22,19.75,19.75,19.64,19.64,14550,19.89,19.71,19.15,-1.2645,-0.3259,2.5598,-0.0047,-0.0061,0.0139
NTP,2021-01-25,19.27,19.59,19.21,19.54,45054,19.88,19.72,19.19,-1.7232,-0.9363,1.7791,0.0092,0.0116,0.0145
NTP,2021-01-26,19.27,19.54,19.05,19.27,120225,19.83,19.71,19.23,-2.834,-2.2669,0.1893,-0.0034,-0.0049,0.0129
NTP,2021-01-27,19.27,19.27,18.95,19.21,54817,19.69,19.71,19.27,-2.3926,-2.5119,-0.2667,0.0074,0.0108,0.0082
NTP,2021-01-28,19.05,19.05,17.34,17.34,145988,19.37,19.61,19.26,-10.4972,-11.5841,-9.975,-0.0227,-0.0283,0.0093
NTP,2021-01-29,17.13,18.63,17.13,18.46,41650,19.18,19.57,19.27,-3.712,-5.6604,-4.1933,0.0083,0.0102,0.0092
NTP,2021-02-01,18.2,18.25,17.98,18.25,7915,19.0,19.49,19.28,-3.9437,-6.3701,-5.3199,0.0017,0.0025,0.0086
NTP,2021-02-02,17.98,18.3,17.93,18.25,39090,18.9,19.41,19.28,-3.4268,-5.9699,-5.3356,0.007,0.0087,0.0091
NTP,2021-02-03,18.2,18.46,18.2,18.41,21516,18.81,19.35,19.29,-2.1337,-4.8541,-4.5611,0.0031,0.0041,0.0087
NTP,2021-02-04,18.41,18.41,18.2,18.25,15471,18.66,19.28,19.3,-2.2082,-5.3172,-5.4406,-0.0042,-0.0048,0.0072
NTP,2021-02-05,18.3,18.63,18.2,18.25,48346,18.52,19.21,19.3,-1.4736,-4.9875,-5.4564,-0.0129,-0.0162,0.008
NTP,2021-02-08,18.25,18.68,18.09,18.2,33228,18.39,19.13,19.3,-1.0477,-4.8951,-5.7075,-0.0067,-0.0084,0.0077
NTP,2021-02-09,18.09,18.46,18.09,18.41,23740,18.3,19.07,19.3,0.5848,-3.4386,-4.5876,0.0053,0.0062,0.0079
NTP,2021-02-17,18.41,18.68,18.41,18.52,33800,18.23,18.96,19.3,1.5556,-2.3288,-4.0328,-0.0016,-0.0019,0.0074
NTP,2021-02-18,18.63,19.43,18.57,19.27,56910,18.43,18.9,19.31,4.56,1.9397,-0.2383,0.0132,0.0141,0.0064
NTP,2021-02-19,18.73,19.54,18.73,19.54,75162,18.53,18.86,19.33,5.4,3.6049,1.0689,0.0341,0.0412,0.009
NTP,2021-02-22,19.27,19.54,19.27,19.32,24132,18.64,18.82,19.33,3.6463,2.6589,-0.0388,-0.0057,-0.0071,0.0094
NTP,2021-02-23,19.32,19.54,19.32,19.37,23570,18.75,18.83,19.32,3.3105,2.914,0.2992,-0.0043,-0.0056,0.0091
NTP,2021-02-24,19.37,19.37,19.11,19.21,48266,18.83,18.82,19.31,2.0176,2.0756,-0.4823,-0.0032,-0.0043,0.0091
NTP,2021-02-25,19.21,19.21,19.0,19.05,8800,18.91,18.79,19.29,0.7357,1.41,-1.2483,-0.0022,-0.0026,0.0089
NTP,2021-02-26,18.84,19.16,18.84,19.16,14021,19.01,18.76,19.29,0.8167,2.1107,-0.6549,0.0037,0.0047,0.008
NTP,2021-03-01,19.48,19.48,19.11,19.16,31409,19.1,18.75,19.28,0.3082,2.2127,-0.5942,-0.0049,-0.0064,0.0078
NTP,2021-03-02,19.27,19.32,19.11,19.32,46020,19.19,18.75,19.27,0.6693,3.0545,0.2833,0.0174,0.021,0.009
NTP,2021-03-03,19.32,19.32,19.16,19.27,22654,19.27,18.75,19.26,-0.0,2.7544,0.0445,0.0025,0.0035,0.0091
NTP,2021-03-04,19.37,19.54,19.16,19.43,63700,19.28,18.86,19.26,0.7494,3.0372,0.8894,0.0085,0.0112,0.0086
NTP,2021-03-05,19.64,20.02,19.48,19.96,155614,19.33,18.93,19.27,3.2955,5.4566,3.6169,0.0309,0.0419,0.0083
NTP,2021-03-08,19.96,20.45,19.96,19.96,82490,19.39,19.02,19.28,2.9534,4.9817,3.5593,-0.0241,-0.0343,0.0102
NTP,2021-03-09,19.96,19.96,19.7,19.86,38342,19.44,19.1,19.29,2.1476,3.9798,2.9583,0.0024,0.003,0.01
NTP,2021-03-10,19.86,19.86,19.48,19.64,76610,19.48,19.16,19.29,0.8242,2.5283,1.8256,-0.0038,-0.0052,0.01
NTP,2021-03-11,19.64,19.8,19.54,19.8,40900,19.56,19.24,19.3,1.2589,2.9494,2.6011,0.0125,0.0175,0.0111
NTP,2021-03-12,19.8,19.8,19.54,19.59,31573,19.6,19.3,19.31,-0.0546,1.4834,1.4525,-0.0062,-0.0088,0.0113
NTP,2021-03-15,19.59,19.7,19.54,19.54,56363,19.64,19.37,19.31,-0.5178,0.8566,1.1473,-0.0173,-0.0242,0.0125
NTP,2021-03-16,19.59,19.59,19.37,19.43,40740,19.65,19.42,19.31,-1.1169,0.0413,0.5874,-0.0075,-0.0104,0.0116
NTP,2021-03-17,19.43,19.48,19.27,19.37,49035,19.66,19.46,19.32,-1.443,-0.4537,0.3048,-0.0,-0.0,0.0113
NTP,2021-03-18,19.43,19.48,19.27,19.43,50400,19.66,19.47,19.32,-1.1707,-0.2199,0.5651,0.0088,0.0107,0.0113
NTP,2021-03-19,19.43,19.48,19.32,19.48,20110,19.61,19.47,19.32,-0.655,0.0687,0.8199,0.006,0.007,0.0088
NTP,2021-03-22,19.48,19.48,19.32,19.43,38620,19.56,19.47,19.31,-0.6568,-0.2336,0.5874,0.0045,0.0055,0.0069
NTP,2021-03-23,19.43,19.48,19.32,19.37,54700,19.51,19.47,19.3,-0.6859,-0.5085,0.366,-0.0069,-0.0091,0.0073
NTP,2021-03-24,19.27,19.32,19.11,19.21,121035,19.47,19.47,19.3,-1.2923,-1.333,-0.4271,0.0,0.0,0.007
NTP,2021-03-25,19.21,19.21,19.11,19.11,24970,19.4,19.48,19.28,-1.4901,-1.8961,-0.9159,-0.0093,-0.0121,0.0066
NTP,2021-03-26,19.11,19.27,19.05,19.27,42402,19.36,19.48,19.28,-0.4975,-1.0989,-0.05,0.0101,0.014,0.007
NTP,2021-03-29,19.43,19.43,19.21,19.43,13933,19.35,19.5,19.27,0.3872,-0.3432,0.8109,0.0036,0.0054,0.0057
NTP,2021-03-30,19.54,19.59,19.27,19.27,18131,19.34,19.49,19.26,-0.3598,-1.1532,0.0278,-0.0051,-0.0063,0.0054
NTP,2021-03-31,19.43,19.54,19.21,19.27,38552,19.33,19.49,19.23,-0.3046,-1.1532,0.1725,-0.0075,-0.0106,0.0062
NTP,2021-04-01,19.27,19.54,19.21,19.37,44628,19.32,19.49,19.21,0.277,-0.5904,0.8413,-0.0,-0.0,0.0053
NTP,2021-04-02,19.37,19.48,19.32,19.43,17400,19.32,19.46,19.19,0.5819,-0.1788,1.227,0.0022,0.0028,0.0049
NTP,2021-04-05,19.43,19.43,19.27,19.43,21614,19.32,19.44,19.18,0.5819,-0.0413,1.2891,0.0068,0.009,0.0052
NTP,2021-04-06,19.48,19.48,19.32,19.37,38443,19.32,19.41,19.18,0.3048,-0.193,0.9988,-0.0035,-0.0048,0.0048
NTP,2021-04-07,19.37,19.54,19.27,19.48,51280,19.34,19.4,19.19,0.7195,0.4,1.5342,0.0096,0.0111,0.0058
NTP,2021-04-08,19.54,19.54,19.32,19.37,10733,19.37,19.38,19.18,0.0276,-0.0414,1.0157,-0.0021,-0.0028,0.0051
NTP,2021-04-09,19.43,19.43,19.32,19.37,47400,19.38,19.37,19.17,-0.0276,0.0138,1.0439,0.0,0.0,0.004
NTP,2021-04-12,19.37,19.37,19.21,19.21,88959,19.36,19.36,19.17,-0.7465,-0.7327,0.2401,-0.0199,-0.0258,0.0057
NTP,2021-04-13,19.21,19.21,19.0,19.05,88959,19.34,19.34,19.16,-1.4669,-1.4669,-0.5753,-0.0089,-0.0103,0.006
NTP,2021-04-14,18.95,19.21,18.95,19.05,54900,19.32,19.32,19.16,-1.3577,-1.385,-0.5587,-0.0025,-0.0028,0.0056
NTP,2021-04-15,19.11,19.11,19.0,19.0,17929,19.28,19.3,19.19,-1.4436,-1.553,-1.0094,-0.0038,-0.0043,0.0059
NTP,2021-04-16,19.05,19.05,18.63,18.63,20137,19.2,19.26,19.2,-2.983,-3.2796,-2.9776,-0.0074,-0.0091,0.0064
NTP,2021-04-19,18.73,18.84,18.46,18.57,12306,19.11,19.21,19.2,-2.8283,-3.3426,-3.2887,-0.0012,-0.0012,0.0059
NTP,2021-04-20,18.57,18.73,18.52,18.52,43616,19.03,19.17,19.21,-2.6723,-3.4059,-3.5943,-0.0141,-0.0148,0.0069
NTP,2021-04-22,19.11,19.16,18.73,18.95,28334,18.97,19.16,19.22,-0.141,-1.1035,-1.4202,-0.0,-0.0,0.006
NTP,2021-04-23,19.0,19.0,18.73,18.79,47835,18.91,19.14,19.23,-0.6791,-1.8593,-2.31,-0.0058,-0.006,0.0064
NTP,2021-04-26,19.0,19.0,18.73,18.73,38460,18.85,19.12,19.24,-0.6247,-2.002,-2.6372,-0.0096,-0.0095,0.0073
NTP,2021-04-27,18.73,19.48,18.63,19.37,152700,18.87,19.11,19.26,2.695,1.3722,0.5779,0.0419,0.0487,0.0095
NTP,2021-04-28,19.37,19.37,18.73,18.84,21685,18.84,19.09,19.27,-0.0284,-1.3176,-2.2439,-0.006,-0.0061,0.0092
NTP,2021-04-29,19.0,19.16,19.0,19.16,14420,18.86,19.09,19.28,1.618,0.3926,-0.6439,0.0042,0.0044,0.0094
NTP,2021-05-04,19.16,19.54,18.84,19.43,52500,18.9,19.09,19.29,2.8037,1.7804,0.727,0.0086,0.0091,0.0099
NTP,2021-05-05,19.43,20.28,19.43,20.12,350594,19.05,19.12,19.3,5.6476,5.2337,4.2706,0.0641,0.0775,0.0155
NTP,2021-05-06,20.18,20.34,19.8,19.91,43512,19.18,19.15,19.31,3.7947,3.9832,3.0985,-0.0075,-0.0083,0.0162
NTP,2021-05-07,20.08,20.08,19.8,19.8,26088,19.31,19.17,19.32,2.5379,3.2959,2.4856,-0.007,-0.0075,0.0154
NTP,2021-05-10,19.8,20.46,19.31,20.35,202442,19.45,19.21,19.34,4.6256,5.9252,5.2087,0.0392,0.0416,0.0194
NTP,2021-05-11,20.3,20.41,19.8,20.13,34270,19.59,19.25,19.36,2.7841,4.5745,3.9556,0.0008,0.0008,0.0189
NTP,2021-05-12,20.08,20.08,19.75,19.86,14300,19.7,19.27,19.38,0.802,3.0172,2.4619,-0.001,-0.0011,0.018
NTP,2021-05-13,19.91,20.35,19.53,19.8,113164,19.74,19.3,19.39,0.3061,2.5759,2.1107,-0.0086,-0.0093,0.0147
NTP,2021-05-14,19.8,19.8,19.58,19.8,20102,19.84,19.34,19.4,-0.1798,2.3779,2.0603,0.006,0.0064,0.0147
NTP,2021-05-17,19.8,19.8,19.53,19.69,62600,19.89,19.37,19.41,-0.9987,1.6418,1.4491,0.0033,0.0035,0.0146
NTP,2021-05-18,19.58,20.63,19.25,20.63,376997,20.01,19.45,19.43,3.0821,6.0236,6.1356,0.1127,0.1197,0.025
NTP,2021-05-19,20.63,21.84,20.63,21.73,522445,20.17,19.61,19.47,7.7177,10.7955,11.5938,0.1016,0.1201,0.0288
NTP,2021-05-20,21.73,22.77,21.73,22.33,329100,20.41,19.8,19.52,9.4045,12.7999,14.4232,0.0113,0.0136,0.0291
NTP,2021-05-21,22.0,23.38,22.0,23.05,409304,20.74,20.02,19.58,11.1406,15.0957,17.7024,0.0596,0.0659,0.0344
NTP,2021-05-24,23.05,23.76,22.28,23.65,364476,21.07,20.26,19.66,12.2715,16.746,20.2999,0.092,0.1146,0.0397
NTP,2021-05-25,23.65,24.31,23.1,23.1,164585,21.36,20.47,19.73,8.136,12.8295,17.1094,-0.048,-0.0631,0.0444
NTP,2021-05-26,23.1,24.31,22.61,24.09,278063,21.79,20.74,19.82,10.5781,16.1453,21.5734,0.0576,0.0789,0.0501
NTP,2021-05-27,24.04,25.25,23.82,24.75,391712,22.28,21.01,19.92,11.0837,17.8008,24.2502,0.0402,0.0525,0.0532
NTP,2021-05-28,24.75,25.03,23.65,24.53,93240,22.75,21.3,20.02,7.8076,15.1936,22.5181,0.0052,0.0063,0.0531
NTP,2021-05-31,24.53,24.97,23.38,24.86,139929,23.27,21.58,20.13,6.8305,15.2016,23.4896,0.0198,0.0252,0.0548
NTP,2021-06-01,24.86,25.58,23.71,24.2,119092,23.63,21.82,20.23,2.4209,10.9167,19.644,-0.014,-0.0173,0.0449
NTP,2021-06-02,24.2,25.03,24.09,24.92,193900,23.95,22.06,20.34,4.0422,12.9536,22.5206,0.0312,0.0409,0.0379
NTP,2021-06-03,25.3,26.13,24.97,26.07,264322,24.32,22.37,20.47,7.1913,16.5622,27.3684,0.0427,0.0628,0.041
NTP,2021-06-04,26.07,26.4,24.75,25.41,119460,24.56,22.65,20.59,3.4714,12.204,23.416,-0.0044,-0.0055,0.0355
NTP,2021-06-07,25.3,26.35,25.3,26.24,237055,24.82,22.94,20.73,5.7181,14.3611,26.5598,0.0444,0.062,0.0307
NTP,2021-06-08,26.24,26.51,25.58,25.85,37200,25.09,23.23,20.86,3.025,11.2953,23.8965,-0.0021,-0.0028,0.0262
NTP,2021-06-09,25.58,27.12,25.58,26.68,274451,25.35,23.57,21.01,5.2289,13.1855,26.9492,0.0259,0.0387,0.023
NTP,2021-06-10,26.73,27.45,26.24,26.9,136960,25.56,23.92,21.16,5.2065,12.4267,27.0929,0.0027,0.0038,0.0192
NTP,2021-06-11,29.15,29.15,26.95,27.17,41225,25.83,24.29,21.32,5.1959,11.8533,27.4406,-0.0073,-0.0096,0.0195
NTP,2021-06-14,27.17,28.27,27.17,27.78,110319,26.12,24.7,21.49,6.3382,12.4722,29.2468,0.0033,0.005,0.0178
NTP,2021-06-15,27.78,28.55,27.78,28.49,121030,26.55,25.09,21.67,7.313,13.5592,31.4587,0.0242,0.0355,0.0188
NTP,2021-06-16,27.78,28.49,27.56,27.83,25012,26.84,25.39,21.84,3.6885,9.595,27.4253,-0.0023,-0.0034,0.0159
NTP,2021-06-17,27.78,28.38,27.67,28.33,87311,27.07,25.69,22.02,4.6535,10.243,28.6437,0.0173,0.026,0.0134
NTP,2021-06-18,28.05,29.7,27.78,29.65,91097,27.49,26.02,22.22,7.8431,13.9174,33.3943,0.0215,0.0345,0.0151
NTP,2021-06-21,29.7,29.7,28.71,28.93,18998,27.76,26.29,22.41,4.2203,10.0533,29.0794,-0.0031,-0.0044,0.011
NTP,2021-06-22,28.93,29.21,28.49,29.15,90420,28.09,26.59,22.61,3.7791,9.6287,28.9362,0.0204,0.0322,0.0128
NTP,2021-06-23,28.93,28.93,28.6,28.66,7930,28.29,26.82,22.79,1.3027,6.8499,25.7146,-0.0016,-0.0024,0.0104
NTP,2021-06-24,28.6,29.21,27.5,28.44,30495,28.44,27.0,22.98,-0.0194,5.306,23.7482,0.001,0.0014,0.0102
NTP,2021-06-25,28.27,29.26,28.27,28.88,24941,28.61,27.22,23.18,0.9227,6.082,24.5979,0.0015,0.0021,0.0096
NTP,2021-06-28,28.49,28.6,28.33,28.6,13321,28.69,27.41,23.37,-0.3258,4.3548,22.4028,0.0035,0.0049,0.0096
NTP,2021-06-29,28.33,28.33,27.89,27.89,27410,28.63,27.59,23.54,-2.6124,1.0665,18.4419,-0.0093,-0.0135,0.0082
NTP,2021-06-30,27.83,27.94,27.78,27.94,14944,28.64,27.74,23.73,-2.4578,0.7137,17.7438,0.0039,0.0055,0.0083
NTP,2021-07-01,27.94,27.94,27.72,27.72,13400,28.58,27.83,23.91,-3.021,-0.3756,15.9229,-0.003,-0.004,0.0069
NTP,2021-07-02,27.72,27.72,27.39,27.61,21500,28.38,27.94,24.09,-2.7132,-1.1616,14.5915,0.0019,0.0027,0.0049
NTP,2021-07-05,27.56,27.56,27.01,27.45,43700,28.23,28.0,24.26,-2.7859,-1.9646,13.1087,0.0056,0.0072,0.0052
NTP,2021-07-06,27.34,27.39,27.17,27.17,20723,28.03,28.06,24.43,-3.0802,-3.1752,11.2069,-0.0027,-0.0037,0.0034
NTP,2021-07-07,26.84,28.44,26.84,28.16,118300,27.98,28.14,24.62,0.6289,0.088,14.3762,0.0151,0.0181,0.0047
NTP,2021-07-08,27.17,28.16,27.17,27.61,16400,27.9,28.17,24.79,-1.0447,-1.9914,11.3971,-0.0006,-0.0008,0.0047
NTP,2021-07-09,27.17,28.22,27.06,28.05,70654,27.82,28.22,24.97,0.8304,-0.5848,12.3374,0.0136,0.0194,0.0059
NTP,2021-07-12,28.05,28.05,26.13,26.29,70880,27.59,28.14,25.11,-4.7049,-6.5768,4.6909,-0.01,-0.0152,0.0066
NTP,2021-07-13,26.29,27.34,26.29,27.28,1900,27.53,28.08,25.27,-0.8991,-2.8499,7.9581,0.0006,0.0009,0.0057
NTP,2021-07-14,27.28,28.05,26.4,28.05,148332,27.54,28.09,25.43,1.8574,-0.1468,10.3132,0.0651,0.0958,0.0118
NTP,2021-07-15,27.23,28.05,27.23,28.05,54910,27.57,28.08,25.59,1.7355,-0.0979,9.6114,0.0188,0.0262,0.0134
NTP,2021-07-16,28.05,28.05,28.0,28.0,2500,27.61,28.0,25.75,1.3944,0.0,8.7003,-0.001,-0.0014,0.0133
NTP,2021-07-19,27.5,27.56,26.95,27.45,53000,27.61,27.92,25.9,-0.5976,-1.7039,5.9808,0.0066,0.0102,0.0134
NTP,2021-07-20,27.45,28.0,27.23,27.89,49560,27.68,27.86,26.05,0.7351,0.0987,7.0388,0.0072,0.01,0.0139
NTP,2021-07-21,28.0,30.64,28.0,28.33,18772,27.7,27.84,26.22,2.2637,1.7384,8.0253,-0.0062,-0.0088,0.013
NTP,2021-07-22,28.55,28.55,27.45,28.44,123500,27.78,27.84,26.39,2.356,2.1335,7.7353,0.0336,0.048,0.0163
NTP,2021-07-23,28.44,28.6,28.11,28.44,13200,27.82,27.82,26.57,2.2143,2.2143,7.0349,0.0011,0.0015,0.015
NTP,2021-07-26,28.44,28.6,28.22,28.49,14337,28.04,27.81,26.74,1.6085,2.4323,6.5362,0.0029,0.0037,0.0143
NTP,2021-07-27,28.16,28.22,27.5,27.67,33566,28.08,27.8,26.88,-1.4691,-0.4946,2.9093,-0.0074,-0.0096,0.015
NTP,2021-07-28,27.61,28.27,27.06,27.23,16920,28.0,27.77,26.99,-2.7505,-1.9511,0.8599,-0.0071,-0.0102,0.0092
NTP,2021-07-29,27.06,27.94,27.06,27.94,16952,27.98,27.78,27.11,-0.1572,0.5841,3.0802,0.0059,0.0085,0.0079
NTP,2021-07-30,27.34,27.45,27.28,27.45,15600,27.93,27.77,27.19,-1.733,-1.1686,0.9263,0.0049,0.0071,0.0083
NTP,2021-08-02,27.45,27.45,26.62,26.68,185160,27.85,27.73,27.25,-4.2259,-3.808,-2.123,-0.061,-0.0787,0.0137
NTP,2021-08-03,26.57,27.45,26.57,27.34,6156,27.8,27.74,27.34,-1.6621,-1.4573,-0.0121,0.0012,0.0016,0.0131
NTP,2021-08-04,27.34,27.34,26.68,27.28,5300,27.69,27.7,27.4,-1.4896,-1.4994,-0.4456,0.0016,0.002,0.0127
NTP,2021-08-05,26.68,27.12,26.51,26.9,200070,27.54,27.66,27.45,-2.3367,-2.764,-2.004,0.0135,0.018,0.0106
NTP,2021-08-06,27.01,27.01,26.57,26.9,30790,27.39,27.6,27.49,-1.7875,-2.5605,-2.1726,0.0036,0.0045,0.0109
NTP,2021-08-09,26.62,26.9,26.4,26.9,38516,27.23,27.63,27.53,-1.2121,-2.6672,-2.3172,0.0079,0.01,0.0114
NTP,2021-08-10,26.9,27.23,26.84,27.06,64900,27.17,27.62,27.59,-0.3847,-2.031,-1.9217,0.0023,0.003,0.0109
NTP,2021-08-11,27.06,27.23,26.62,27.17,64700,27.16,27.58,27.64,0.0405,-1.4759,-1.6837,0.0094,0.0124,0.0111
NTP,2021-08-12,27.01,27.01,26.84,26.84,13200,27.05,27.52,27.65,-0.7727,-2.4585,-2.9319,-0.0027,-0.0034,0.0108
NTP,2021-08-13,26.84,26.84,26.62,26.68,18772,26.97,27.45,27.68,-1.1011,-2.8251,-3.6168,-0.0018,-0.0022,0.0105
NTP,2021-08-16,26.68,28.82,26.68,28.71,246832,27.18,27.51,27.73,5.6466,4.3478,3.5509,0.0416,0.0573,0.0085
NTP,2021-08-17,29.15,29.98,28.93,28.93,57881,27.34,27.57,27.79,5.835,4.9481,4.113,-0.0138,-0.0171,0.0098
NTP,2021-08-18,28.93,29.15,28.6,29.1,11000,27.52,27.61,27.84,5.7366,5.3995,4.5248,0.0033,0.0045,0.01
NTP,2021-08-19,29.04,29.04,27.5,28.05,105280,27.63,27.59,27.86,1.5128,1.6848,0.6871,-0.007,-0.009,0.0093
NTP,2021-08-20,27.61,28.05,27.28,27.78,109942,27.72,27.55,27.87,0.1984,0.8085,-0.3434,0.0048,0.0067,0.0094
NTP,2021-08-23,27.01,27.89,26.95,27.89,65750,27.82,27.52,27.87,0.2372,1.3189,0.0434,0.0098,0.0132,0.0096
NTP,2021-08-24,27.89,27.89,27.23,27.5,10336,27.86,27.51,27.85,-1.3028,-0.05,-1.2677,-0.0005,-0.0007,0.0095
NTP,2021-08-25,27.23,28.05,27.23,28.0,24800,27.95,27.55,27.86,0.1771,1.607,0.4976,0.0066,0.0086,0.0092
NTP,2021-08-26,28.0,28.16,27.17,27.94,177246,28.06,27.55,27.85,-0.4117,1.4073,0.3278,0.034,0.0462,0.0123
NTP,2021-08-27,27.94,28.05,27.39,27.94,17316,28.18,27.58,27.82,-0.8587,1.3163,0.4508,0.002,0.0027,0.0123
NTP,2021-08-30,27.28,27.78,27.23,27.39,35130,28.05,27.61,27.78,-2.353,-0.8067,-1.4174,-0.0032,-0.0041,0.0085
NTP,2021-08-31,27.78,28.71,27.78,28.6,154693,28.02,27.68,27.77,2.0809,3.3386,2.9785,0.0328,0.0449,0.0104
NTP,2021-09-01,29.32,29.32,28.05,28.38,51779,27.95,27.73,27.77,1.5548,2.3403,2.2065,-0.0061,-0.0086,0.0107
NTP,2021-09-06,28.38,29.15,27.56,28.38,90862,27.98,27.81,27.77,1.435,2.067,2.2106,0.0005,0.0007,0.0101
NTP,2021-09-07,27.61,28.33,27.61,28.05,30514,28.01,27.86,27.75,0.1571,0.6712,1.0822,0.0013,0.0019,0.0097
NTP,2021-09-08,27.78,28.49,27.78,28.05,14000,28.02,27.92,27.74,0.0981,0.4629,1.1223,-0.001,-0.0013,0.0088
NTP,2021-09-09,28.55,28.55,27.94,28.55,88651,28.13,28.0,27.75,1.4861,1.9646,2.8578,0.0264,0.0375,0.0114
NTP,2021-09-10,27.83,28.6,27.83,28.44,20683,28.17,28.06,27.76,0.9371,1.3427,2.4249,0.0036,0.0046,0.0111
NTP,2021-09-13,28.44,28.44,28.0,28.33,16835,28.21,28.13,27.77,0.4094,0.6843,1.9842,0.0016,0.0022,0.0079
NTP,2021-09-14,27.83,28.38,27.83,28.38,15720,28.25,28.22,27.79,0.4477,0.575,2.1256,0.0034,0.0052,0.008
NTP,2021-09-15,28.22,28.55,28.05,28.55,9420,28.37,28.21,27.81,0.6204,1.1893,2.6381,0.0023,0.0032,0.0079
NTP,2021-09-16,28.55,28.6,27.94,28.55,11748,28.36,28.19,27.84,0.6399,1.2584,2.5368,0.0031,0.004,0.0049
NTP,2021-09-17,28.05,28.77,28.05,28.6,36600,28.39,28.17,27.85,0.7557,1.5427,2.7019,0.0046,0.006,0.0048
NTP,2021-09-20,28.93,29.04,28.05,28.6,29501,28.41,28.19,27.87,0.6776,1.4436,2.6289,0.0006,0.0009,0.0048
NTP,2021-09-21,28.6,28.6,28.05,28.6,7571,28.46,28.23,27.88,0.4831,1.2954,2.5884,0.0018,0.0026,0.0048
NTP,2021-09-22,28.16,28.6,28.05,28.44,6900,28.5,28.26,27.92,-0.2316,0.613,1.8398,0.0007,0.0011,0.0048
NTP,2021-09-23,28.44,28.44,27.61,28.0,44620,28.45,28.29,27.94,-1.5854,-1.0305,0.2126,-0.0005,-0.0008,0.0022
NTP,2021-09-24,27.94,28.0,27.5,27.94,25500,28.4,28.28,27.93,-1.6076,-1.2154,0.0236,0.006,0.0088,0.0025
NTP,2021-09-27,27.67,27.78,27.23,27.39,10578,28.3,28.26,27.92,-3.2258,-3.0657,-1.899,-0.0007,-0.001,0.0024
NTP,2021-09-28,27.23,30.09,26.68,30.09,30800,28.47,28.36,27.96,5.6597,6.0694,7.5925,0.007,0.0103,0.0027
NTP,2021-09-29,29.7,29.7,27.39,27.5,29720,28.37,28.37,27.96,-3.0632,-3.0632,-1.6561,-0.01,-0.0145,0.0035
NTP,2021-09-30,27.5,28.05,27.23,27.89,14045,28.3,28.33,27.96,-1.4769,-1.5821,-0.2793,0.0036,0.0045,0.0036
NTP,2021-10-01,27.83,27.89,27.28,27.83,17000,28.23,28.31,27.95,-1.403,-1.6808,-0.4407,0.0036,0.0049,0.0035
NTP,2021-10-04,27.5,29.15,25.08,27.01,38520,28.07,28.24,27.93,-3.7821,-4.3631,-3.2931,-0.0006,-0.0007,0.0035
NTP,2021-10-05,27.01,28.05,26.95,27.5,12501,27.96,28.21,27.91,-1.6329,-2.5151,-1.4545,0.0,0.0,0.0033
NTP,2021-10-06,27.5,28.22,27.5,28.05,16725,27.92,28.21,27.9,0.4728,-0.5654,0.5481,0.0027,0.0036,0.0035
NTP,2021-10-07,28.0,28.05,27.5,28.05,39363,27.92,28.19,27.91,0.453,-0.4781,0.5204,0.0105,0.0141,0.0045
NTP,2021-10-08,27.5,27.83,27.5,27.83,12100,27.91,28.16,27.92,-0.2956,-1.1526,-0.3113,0.004,0.0054,0.0043
NTP,2021-10-11,27.89,27.94,27.5,27.56,19616,27.93,28.12,27.91,-1.3391,-1.9953,-1.2691,-0.0033,-0.0043,0.0045
NTP,2021-10-12,27.56,27.94,27.56,27.72,8255,27.69,28.08,27.92,0.0993,-1.2926,-0.6975,-0.0004,-0.0005,0.0039
NTP,2021-10-13,27.72,28.27,27.5,28.16,48100,27.76,28.06,27.94,1.4464,0.343,0.7715,0.0107,0.0133,0.0039
NTP,2021-10-14,28.05,28.6,28.05,28.27,19142,27.8,28.05,27.96,1.7016,0.7843,1.0975,-0.0011,-0.0014,0.0037
NTP,2021-10-15,28.33,28.33,28.16,28.27,24275,27.84,28.03,27.98,1.5409,0.8436,1.026,0.0028,0.0039,0.0036
NTP,2021-10-18,27.78,28.33,27.78,28.33,58500,27.97,28.02,28.01,1.2583,1.0894,1.1192,0.0148,0.0208,0.005
NTP,2021-10-19,28.33,28.33,27.78,27.94,25200,28.02,27.99,28.03,-0.2748,-0.1671,-0.3296,-0.0034,-0.0042,0.0054
NTP,2021-10-20,27.78,27.94,27.78,27.89,8900,28.0,27.96,28.05,-0.4125,-0.2656,-0.596,0.001,0.0016,0.0052
NTP,2021-10-21,27.83,27.94,27.83,27.94,10747,27.99,27.96,28.07,-0.1769,-0.059,-0.4624,0.0029,0.0036,0.0044
NTP,2021-10-22,28.05,28.27,28.05,28.27,16976,28.03,27.97,28.09,0.8436,1.0617,0.6343,0.0044,0.0058,0.0045
NTP,2021-10-25,28.6,31.08,28.6,31.08,253061,28.39,28.16,28.18,9.4749,10.3623,10.2869,0.0448,0.0632,0.0086
NTP,2021-10-26,31.9,34.16,31.9,34.05,342787,29.02,28.36,28.32,17.3237,20.066,20.1989,0.0709,0.1138,0.0157
NTP,2021-10-27,34.1,34.1,33.0,33.55,92763,29.56,28.66,28.42,13.5095,17.0713,18.0478,0.0,0.0,0.0146
NTP,2021-10-28,33.5,33.5,30.42,32.12,173544,29.94,28.87,28.49,7.2741,11.2593,12.7631,0.0045,0.0063,0.015
NTP,2021-10-29,32.12,33.28,32.07,32.45,153057,30.36,29.1,28.55,6.8841,11.5101,13.6539,-0.0114,-0.0166,0.0158
NTP,2021-11-01,32.45,33.33,31.9,32.18,87208,30.75,29.36,28.63,4.6512,9.5916,12.366,-0.009,-0.0129,0.0152
NTP,2021-11-02,32.18,32.18,31.08,31.41,238317,31.09,29.55,28.71,1.0083,6.2622,9.3995,-0.0173,-0.0254,0.0166
NTP,2021-11-03,31.46,32.18,31.35,31.41,112523,31.44,29.72,28.78,-0.1225,5.6625,9.1319,-0.0093,-0.0142,0.0175
NTP,2021-11-04,32.08,32.76,31.63,31.63,42084,31.81,29.9,28.86,-0.5682,5.7885,9.6057,-0.0093,-0.0131,0.0181
NTP,2021-11-05,31.58,32.65,31.29,31.97,95691,32.18,30.11,28.94,-0.6586,6.1867,10.4757,-0.0,-0.0,0.0177
NTP,2021-11-08,31.97,32.48,31.63,32.03,53700,32.28,30.33,29.02,-0.7766,5.5901,10.3591,-0.0008,-0.0011,0.0133
NTP,2021-11-09,32.03,32.42,31.91,32.14,73539,32.09,30.55,29.11,0.1644,5.196,10.4287,-0.0016,-0.0024,0.0063
NTP,2021-11-10,32.2,34.46,32.08,34.17,276332,32.15,30.85,29.24,6.2951,10.7616,16.8706,0.0419,0.0587,0.0105
NTP,2021-11-11,34.46,34.85,33.33,33.89,95502,32.33,31.14,29.35,4.839,8.8545,15.4868,-0.0046,-0.0071,0.0105
NTP,2021-11-12,34.46,34.97,32.82,33.33,61830,32.42,31.39,29.45,2.8129,6.1781,13.1805,-0.006,-0.0093,0.01
NTP,2021-11-15,33.1,36.1,33.1,34.46,485748,32.64,31.69,29.57,5.5552,8.7155,16.5361,-0.0085,-0.0128,0.0099
NTP,2021-11-16,34.8,35.64,33.04,35.47,2797122,33.05,32.07,29.72,7.3324,10.609,19.3755,0.5071,0.7555,0.0589
NTP,2021-11-17,35.53,36.15,35.13,35.98,368851,33.51,32.48,29.87,7.3837,10.7957,20.4434,0.0599,0.0901,0.064
NTP,2021-11-18,36.15,36.15,34.74,35.87,409523,33.93,32.87,30.02,5.71,9.1159,19.4794,0.0364,0.055,0.0667
NTP,2021-11-19,35.59,35.59,34.46,35.02,733202,34.24,33.21,30.15,2.2933,5.4554,16.1474,0.0,0.0,0.0667
NTP,2021-11-22,35.02,35.02,34.06,34.17,543997,34.45,33.36,30.27,-0.8034,2.4262,12.8994,-0.052,-0.0875,0.0718
NTP,2021-11-23,34.17,34.57,33.38,34.4,863804,34.68,33.38,30.39,-0.7982,3.0487,13.1957,0.1216,0.1658,0.0838
NTP,2021-11-24,34.97,36.43,34.68,36.15,975380,34.87,33.51,30.54,3.6605,7.8739,18.3652,0.0952,0.1537,0.0891
NTP,2021-11-25,36.15,37.0,36.15,36.72,596408,35.16,33.74,30.71,4.4344,8.8133,19.5749,0.0446,0.0704,0.0931
NTP,2021-11-26,36.72,36.72,35.08,36.15,392896,35.44,33.93,30.86,2.0083,6.555,17.159,0.0225,0.0346,0.0948
NTP,2021-11-29,35.47,36.1,35.02,35.64,302083,35.56,34.1,31.0,0.2383,4.5224,14.9866,0.0092,0.0132,0.0949
NTP,2021-11-30,37.28,37.28,35.47,36.38,506393,35.65,34.35,31.15,2.044,5.9038,16.7697,0.0,0.0,0.0441
NTP,2021-12-01,35.59,36.38,35.59,35.98,267976,35.65,34.58,31.3,0.9349,4.0595,14.9436,0.0,0.0,0.0382
NTP,2021-12-02,35.98,36.1,35.36,35.47,300669,35.61,34.77,31.45,-0.3807,2.0226,12.7807,-0.0497,-0.0727,0.0395
NTP,2021-12-03,35.47,35.59,34.8,34.8,441670,35.59,34.91,31.59,-2.2222,-0.3317,10.1455,-0.0548,-0.0812,0.045
NTP,2021-12-06,35.53,35.59,33.61,34.17,203400,35.59,35.02,31.73,-3.9683,-2.4115,7.716,-0.0162,-0.0251,0.0414
NTP,2021-12-07,33.89,34.85,33.67,34.46,155469,35.59,35.13,31.81,-3.19,-1.9293,8.3078,0.0111,0.0168,0.0303
NTP,2021-12-08,34.46,34.63,34.12,34.46,91501,35.42,35.15,31.95,-2.7268,-1.9687,7.8362,0.0078,0.0127,0.0216
NTP,2021-12-09,34.46,34.68,34.17,34.68,118000,35.22,35.19,32.09,-1.5237,-1.4367,8.0835,0.035,0.0488,0.0206
NTP,2021-12-10,34.68,34.74,33.89,34.46,175806,35.05,35.24,32.22,-1.6922,-2.2358,6.9377,0.0171,0.0252,0.0201
NTP,2021-12-13,34.46,34.68,33.95,34.46,158872,34.93,35.24,32.37,-1.3583,-2.2358,6.4454,0.0149,0.0223,0.0207
NTP,2021-12-14,34.46,34.46,34.01,34.34,160347,34.73,35.19,32.51,-1.106,-2.3999,5.6497,0.0194,0.0294,0.0226
NTP,2021-12-15,34.23,34.34,33.89,34.29,137953,34.56,35.1,32.63,-0.7846,-2.3252,5.0727,0.0256,0.0368,0.0252
NTP,2021-12-16,34.29,34.29,33.89,34.23,160121,34.43,35.02,32.76,-0.5905,-2.2581,4.5038,0.0214,0.0328,0.0223
NTP,2021-12-17,34.17,34.17,33.61,33.89,228400,34.34,34.97,32.88,-1.3158,-3.0695,3.0876,0.0,0.0,0.0169
NTP,2021-12-20,33.61,34.01,33.33,33.67,192001,34.29,34.94,33.0,-1.8284,-3.6456,2.0211,0.0,0.0,0.0152
NTP,2021-12-21,33.5,33.61,32.65,32.65,182506,34.11,34.85,33.1,-4.2888,-6.3209,-1.3548,-0.0387,-0.0465,0.018
NTP,2021-12-22,32.65,34.97,31.75,33.89,332490,34.06,34.74,33.21,-0.481,-2.439,2.0465,0.0198,0.0281,0.0192
NTP,2021-12-23,33.89,33.89,32.65,32.99,70515,33.89,34.55,33.31,-2.6504,-4.5284,-0.9561,-0.0053,-0.0069,0.0162
NTP,2021-12-24,32.82,33.27,32.37,33.21,48100,33.76,34.41,33.41,-1.6229,-3.4641,-0.5729,0.0098,0.0153,0.0155
NTP,2021-12-27,32.2,33.27,31.69,32.59,118201,33.58,34.25,33.49,-2.9273,-4.8483,-2.6816,0.005,0.0063,0.0145
NTP,2021-12-28,32.76,33.89,32.31,32.76,146360,33.42,34.07,33.59,-1.9608,-3.8462,-2.4565,-0.0128,-0.0175,0.0138
NTP,2021-12-29,32.76,33.89,32.76,33.67,223613,33.36,33.96,33.7,0.9314,-0.8567,-0.1094,0.0338,0.0468,0.0147
NTP,2021-12-30,33.89,34.17,33.72,33.95,187600,33.33,33.88,33.82,1.8644,0.2001,0.3707,-0.0,-0.0,0.0125
NTP,2021-12-31,34.01,34.01,33.67,33.89,168701,33.33,33.84,33.94,1.6949,0.167,-0.1282,0.0144,0.0198,0.014
NTP,2022-01-04,33.89,34.34,33.89,34.01,92531,33.36,33.83,33.99,1.9302,0.526,0.032,-0.0105,-0.0134,0.015
NTP,2022-01-05,34.01,34.12,33.84,34.06,323125,33.5,33.81,33.99,1.6692,0.7519,0.1972,0.0305,0.0394,0.0142
NTP,2022-01-06,34.06,34.17,33.84,33.89,220792,33.5,33.78,34.0,1.1634,0.3345,-0.3213,-0.0289,-0.0363,0.0151
NTP,2022-01-07,34.06,34.97,34.06,34.74,326169,33.68,33.78,34.05,3.1533,2.8342,2.0135,0.0321,0.0421,0.0178
NTP,2022-01-10,34.74,34.91,34.12,34.17,113759,33.77,33.77,34.09,1.1875,1.2044,0.2533,-0.0124,-0.0167,0.018
NTP,2022-01-11,34.17,34.34,33.89,34.29,203540,33.94,33.76,34.13,1.0151,1.5644,0.4602,0.0294,0.0382,0.0205
NTP,2022-01-12,34.91,35.02,33.61,34.29,209564,34.1,33.76,34.19,0.5633,1.5729,0.2908,-0.0013,-0.0016,0.0193
NTP,2022-01-13,34.46,36.77,34.46,36.1,494573,34.34,33.85,34.28,5.116,6.6422,5.2892,0.0291,0.0467,0.0188
NTP,2022-01-14,36.66,37.06,35.76,36.38,467984,34.58,33.95,34.38,5.1944,7.1369,5.8201,-0.0057,-0.0077,0.0194
NTP,2022-01-17,36.72,37.22,35.98,36.72,1153109,34.86,34.1,34.47,5.3143,7.6872,6.512,0.0266,0.0412,0.0206
NTP,2022-01-18,36.77,37.22,36.43,36.72,252112,35.13,34.25,34.57,4.5016,7.2076,6.223,-0.0173,-0.028,0.0213
NTP,2022-01-19,36.72,36.72,35.98,36.38,130000,35.37,34.43,34.65,2.859,5.643,4.9852,0.0028,0.0046,0.0185
NTP,2022-01-20,36.15,36.43,35.76,36.38,148891,35.61,34.56,34.69,2.1412,5.2632,4.8518,0.0279,0.0396,0.0184
NTP,2022-01-21,36.21,37.0,36.15,36.83,372412,35.82,34.75,34.75,2.8067,5.9818,5.9749,0.0634,0.0947,0.0216
NTP,2022-01-24,36.83,37.0,35.08,35.93,488310,36.0,34.89,34.8,-0.204,2.9793,3.2199,-0.01,-0.0153,0.0213
NTP,2022-01-25,35.98,36.66,35.3,36.15,116360,36.19,35.06,34.84,-0.0936,3.1011,3.7681,0.0059,0.0088,0.019
NTP,2022-01-26,35.59,36.15,35.02,35.87,174422,36.34,35.22,34.85,-1.3056,1.8444,2.934,0.0218,0.0351,0.021
NTP,2022-01-27,35.87,36.1,35.36,35.59,130600,36.29,35.32,34.84,-1.9455,0.7678,2.1467,-0.0211,-0.0329,0.0202
NTP,2022-01-28,35.42,39.15,35.42,39.15,163300,36.57,35.58,34.9,7.0436,10.0349,12.1504,0.0423,0.0724,0.0239
NTP,2022-02-07,39.15,39.15,37.06,37.45,101146,36.64,35.75,34.95,2.2044,4.7476,7.1463,-0.0209,-0.0334,0.0233
NTP,2022-02-08,37.28,37.28,36.15,37.17,80734,36.69,35.91,35.01,1.3087,3.4998,6.1564,0.0209,0.0315,0.0237
NTP,2022-02-09,37.17,37.28,36.77,37.17,76570,36.77,36.07,35.07,1.0908,3.054,5.9889,0.0106,0.0156,0.0245
NTP,2022-02-10,37.17,37.28,36.72,37.11,75716,36.84,36.23,35.09,0.736,2.4402,5.7699,0.0137,0.0194,0.023
NTP,2022-02-11,37.11,37.96,36.55,37.96,244307,36.95,36.39,35.11,2.7209,4.3154,8.1081,0.0877,0.1286,0.0255
NTP,2022-02-14,39.54,39.54,36.6,36.72,1104334,37.03,36.52,35.12,-0.8542,0.5491,4.5352,-0.1938,-0.2998,0.0439
NTP,2022-02-15,36.72,36.72,36.26,36.66,67024,37.08,36.63,35.14,-1.1424,0.0694,4.314,0.0193,0.0275,0.0452
NTP,2022-02-16,36.66,37.0,36.32,37.0,127350,37.2,36.77,35.16,-0.5315,0.6222,5.2412,0.0423,0.0646,0.0473
NTP,2022-02-17,36.15,36.83,35.59,36.83,374256,37.32,36.81,35.17,-1.3168,0.0614,4.7087,0.1445,0.186,0.0596
NTP,2022-02-18,36.15,36.89,35.98,36.43,152236,37.05,36.81,35.19,-1.6618,-1.0205,3.528,-0.0,-0.0,0.0554
NTP,2022-02-21,36.43,36.43,35.7,36.32,91200,36.94,36.79,35.22,-1.6669,-1.2744,3.1176,0.0181,0.0278,0.0551
NTP,2022-02-22,36.21,36.21,35.47,35.87,170210,36.81,36.75,35.26,-2.5476,-2.3903,1.7367,0.0032,0.0045,0.0533
NTP,2022-02-23,35.76,36.15,35.76,36.04,65610,36.69,36.73,35.29,-1.7857,-1.8839,2.1257,0.0082,0.0116,0.0531
NTP,2022-02-24,36.72,36.72,35.02,35.02,211305,36.48,36.66,35.3,-4.0099,-4.4758,-0.7873,-0.0497,-0.0709,0.0567
NTP,2022-02-25,35.02,35.87,35.02,35.59,69720,36.25,36.6,35.32,-1.8233,-2.7703,0.7613,0.0059,0.0083,0.0485
NTP,2022-02-28,35.64,35.64,35.19,35.53,68907,36.13,36.58,35.34,-1.6573,-2.8722,0.5403,0.0088,0.0124,0.03
NTP,2022-03-01,35.53,35.87,34.8,34.91,172900,35.95,36.52,35.35,-2.9065,-4.4083,-1.2432,-0.031,-0.0437,0.0312
NTP,2022-03-02,35.25,35.59,34.8,35.3,121000,35.78,36.49,35.37,-1.3418,-3.2508,-0.1789,0.0062,0.0093,0.0276
NTP,2022-03-03,35.53,35.76,34.91,35.76,113015,35.68,36.5,35.4,0.2217,-2.0351,1.0149,0.0206,0.0289,0.0152
NTP,2022-03-04,35.59,35.59,34.8,35.42,232610,35.58,36.31,35.42,-0.4446,-2.4656,-0.0096,0.0319,0.0434,0.0184
NTP,2022-03-07,35.42,35.42,35.02,35.08,163800,35.45,36.19,35.44,-1.0516,-3.0823,-1.0327,-0.03,-0.0394,0.0196
NTP,2022-03-08,35.02,35.19,34.8,34.8,321857,35.34,36.08,35.47,-1.5503,-3.5466,-1.8921,-0.0499,-0.0669,0.0242
NTP,2022-03-09,34.97,34.97,34.17,34.74,110703,35.21,35.95,35.51,-1.3474,-3.3778,-2.1666,0.0111,0.0145,0.0245
NTP,2022-03-10,35.08,35.08,32.76,34.74,131900,35.19,35.84,35.53,-1.2683,-3.058,-2.2133,0.0247,0.0339,0.022
NTP,2022-03-11,34.74,34.74,33.89,33.95,77410,35.02,35.63,35.54,-3.0645,-4.7317,-4.491,-0.0158,-0.0217,0.023
NTP,2022-03-14,33.89,34.29,33.5,33.55,101788,34.82,35.48,35.55,-3.6496,-5.4215,-5.6214,-0.0174,-0.0234,0.0239
NTP,2022-03-15,33.67,36.72,32.76,36.72,535400,35.0,35.48,35.63,4.8895,3.4867,3.0372,0.1581,0.2258,0.0366
NTP,2022-03-16,36.66,36.66,33.44,33.44,547414,34.82,35.3,35.65,-3.9585,-5.2724,-6.1926,-0.1955,-0.2695,0.0555
NTP,2022-03-17,34.23,34.23,33.61,33.89,35429,34.63,35.15,35.65,-2.1367,-3.5912,-4.9369,-0.0009,-0.0013,0.0535
NTP,2022-03-18,33.61,34.06,33.61,33.78,64508,34.47,35.02,35.65,-1.9994,-3.5484,-5.2448,-0.005,-0.0061,0.0508
NTP,2022-03-21,33.78,33.89,32.82,33.04,264131,34.26,34.86,35.63,-3.5608,-5.2017,-7.2606,-0.0421,-0.0497,0.0521
NTP,2022-03-22,33.16,33.55,33.04,33.21,65002,34.11,34.73,35.62,-2.6168,-4.3514,-6.7436,-0.0046,-0.006,0.0475
NTP,2022-03-23,33.1,33.89,33.1,33.33,74400,33.97,34.59,35.6,-1.8793,-3.6499,-6.3878,-0.0078,-0.0101,0.0472
NTP,2022-03-24,33.33,35.53,33.16,34.57,293770,33.95,34.57,35.61,1.8303,0.0082,-2.9342,0.0137,0.0173,0.0461
NTP,2022-03-25,35.02,35.13,34.06,34.17,422220,33.97,34.5,35.6,0.5986,-0.9334,-4.014,-0.0807,-0.1068,0.0526
NTP,2022-03-28,34.23,34.23,33.1,33.16,385174,33.93,34.38,35.58,-2.2807,-3.5491,-6.8165,-0.0686,-0.0855,0.0577
NTP,2022-03-29,33.16,33.61,32.99,33.1,222573,33.57,34.29,35.56,-1.3966,-3.4596,-6.9132,-0.0448,-0.0549,0.0464
NTP,2022-03-30,33.1,33.33,33.04,33.21,165215,33.55,34.18,35.54,-0.9934,-2.834,-6.5391,0.0069,0.0092,0.0275
NTP,2022-03-31,33.21,33.33,32.88,32.93,100000,33.45,34.04,35.47,-1.5535,-3.2606,-7.1686,-0.0204,-0.0261,0.0295
NTP,2022-04-01,32.2,33.16,32.2,32.48,273716,33.32,33.89,35.4,-2.5259,-4.1747,-8.2408,-0.0262,-0.0324,0.0316
NTP,2022-04-04,32.54,32.88,32.37,32.48,275004,33.27,33.76,35.31,-2.3603,-3.8059,-8.0206,-0.033,-0.0396,0.0307
NTP,2022-04-05,32.48,33.33,32.48,32.88,171331,33.23,33.67,35.24,-1.0709,-2.3572,-6.6979,-0.0033,-0.0041,0.0306
NTP,2022-04-06,32.88,32.88,32.2,32.71,260098,33.17,33.57,35.16,-1.3964,-2.5662,-6.985,0.0271,0.0334,0.0325
NTP,2022-04-07,32.2,32.42,32.08,32.08,323501,32.92,33.43,35.08,-2.5395,-4.0379,-8.5287,-0.0673,-0.0831,0.0378
NTP,2022-04-08,32.08,32.25,31.8,31.91,122300,32.69,33.33,34.98,-2.3843,-4.2535,-8.7562,-0.0116,-0.0157,0.0309
NTP,2022-04-12,32.03,32.03,31.01,31.01,220515,32.48,33.21,34.88,-4.5218,-6.6088,-11.0903,-0.0418,-0.055,0.0283
NTP,2022-04-13,31.12,31.29,30.56,31.07,136125,32.28,32.92,34.78,-3.7452,-5.6361,-10.6679,0.0126,0.0148,0.025
NTP,2022-04-14,31.24,31.63,31.07,31.63,84490,32.12,32.83,34.69,-1.5125,-3.6559,-8.8215,0.0281,0.033,0.0271
NTP,2022-04-15,31.63,31.8,31.35,31.8,78598,32.01,32.73,34.62,-0.6354,-2.8305,-8.1326,0.0202,0.0253,0.0271
NTP,2022-04-18,31.69,32.03,31.35,31.8,110000,31.94,32.63,34.47,-0.4245,-2.5361,-7.7412,0.0064,0.0091,0.0251
NTP,2022-04-19,31.8,31.8,31.46,31.52,38210,31.84,32.55,34.35,-1.0112,-3.1754,-8.2448,-0.0052,-0.0073,0.0224
NTP,2022-04-20,31.35,31.35,30.9,31.07,144601,31.66,32.45,34.23,-1.8733,-4.2479,-9.2379,-0.0074,-0.0106,0.0228
NTP,2022-04-21,30.84,31.07,30.39,30.39,210516,31.43,32.3,34.09,-3.307,-5.9112,-10.8652,-0.0486,-0.0632,0.0249
NTP,2022-04-22,30.5,30.5,28.81,29.94,110773,31.21,32.07,33.95,-4.0897,-6.6408,-11.8195,0.0101,0.0123,0.0192
NTP,2022-04-25,29.94,29.94,26.94,27.68,184514,30.79,31.74,33.75,-10.1082,-12.8036,-17.9779,-0.0161,-0.0217,0.0196
NTP,2022-04-26,27.51,27.96,26.27,27.96,45400,30.49,31.48,33.57,-8.2824,-11.1869,-16.7087,0.0081,0.0101,0.0163
NTP,2022-04-27,27.68,28.7,27.68,28.53,50100,30.23,31.25,33.41,-5.6428,-8.7294,-14.6123,0.0121,0.0145,0.0162
NTP,2022-04-28,28.53,28.7,28.3,28.47,103305,29.92,31.02,33.24,-4.8338,-8.2134,-14.344,-0.0063,-0.0079,0.014
NTP,2022-04-29,28.47,30.39,28.47,30.39,45269,29.77,30.89,33.11,2.0679,-1.6184,-8.2099,0.0157,0.0207,0.0136
NTP,2022-05-04,30.39,30.62,30.28,30.28,159031,29.62,30.78,32.98,2.2121,-1.6333,-8.2097,-0.0537,-0.0746,0.0183
NTP,2022-05-05,30.28,30.45,29.88,30.45,89900,29.51,30.68,32.87,3.1579,-0.7549,-7.366,0.0426,0.0537,0.0221
NTP,2022-05-06,30.39,30.39,29.71,29.94,65210,29.4,30.53,32.75,1.8252,-1.9426,-8.5829,-0.0057,-0.0078,0.0219
NTP,2022-05-09,29.43,29.43,27.68,28.13,41946,29.18,30.3,32.59,-3.5818,-7.1675,-13.6855,-0.0036,-0.0051,0.0174
NTP,2022-05-10,27.62,28.47,27.51,28.47,38703,29.03,30.12,32.46,-1.9265,-5.4852,-12.2929,0.0083,0.0109,0.0172
NTP,2022-05-11,27.85,28.07,27.57,27.85,18020,29.05,29.92,32.3,-4.1229,-6.9197,-13.7961,0.0013,0.0014,0.0157
NTP,2022-05-12,27.4,27.79,26.55,27.45,91013,28.99,29.74,32.14,-5.3185,-7.6923,-14.593,0.0092,0.0127,0.0158
NTP,2022-05-13,27.62,27.62,24.74,26.55,96100,28.8,29.51,31.98,-7.807,-10.0479,-16.9729,0.0041,0.0061,0.015
NTP,2022-05-16,26.49,27.73,25.64,26.38,45000,28.59,29.25,31.8,-7.7258,-9.8195,-17.0397,-0.0033,-0.0048,0.0147
NTP,2022-05-17,26.38,26.66,24.85,26.61,38404,28.21,28.99,31.61,-5.6868,-8.2319,-15.8448,0.0071,0.0095,0.0139
NTP,2022-05-18,27.7,27.7,25.97,26.95,40213,27.88,28.75,31.45,-3.3224,-6.2561,-14.2931,0.0018,0.0023,0.0087
NTP,2022-05-19,24.82,26.89,24.82,26.55,12500,27.49,28.5,31.27,-3.4205,-6.8557,-15.1172,0.0037,0.0046,0.0048
NTP,2022-05-20,26.43,26.49,25.74,26.26,16001,27.12,28.26,31.1,-3.174,-7.0841,-15.5789,0.0026,0.0035,0.0045
NTP,2022-05-23,26.26,26.26,25.45,25.74,58502,26.88,28.03,30.92,-4.2448,-8.1663,-16.7671,-0.0066,-0.0089,0.0048
NTP,2022-05-24,25.16,25.68,24.82,25.39,66700,26.57,27.8,30.74,-4.4392,-8.6611,-17.3874,0.006,0.0075,0.0046
NTP,2022-05-25,25.39,25.68,24.76,25.39,97200,26.33,27.69,30.57,-3.5479,-8.284,-16.9249,0.0079,0.01,0.0052
NTP,2022-05-26,25.39,26.43,25.39,26.43,104100,26.22,27.61,30.42,0.7889,-4.2675,-13.1215,0.0436,0.0595,0.0087
NTP,2022-05-27,24.82,27.12,24.7,26.26,25848,26.2,27.5,30.21,0.2398,-4.5024,-13.0931,0.0034,0.0038,0.0086
NTP,2022-05-30,26.08,26.37,25.57,25.91,111922,26.15,27.37,30.06,-0.9052,-5.3214,-13.8096,-0.0076,-0.0089,0.009
NTP,2022-05-31,25.91,25.91,25.39,25.85,75900,26.07,27.14,29.9,-0.8411,-4.743,-13.5393,0.0219,0.0267,0.0105
NTP,2022-06-01,25.68,25.8,25.28,25.68,26500,25.95,26.91,29.74,-1.0231,-4.5729,-13.6506,0.0065,0.0071,0.011
NTP,2022-06-02,25.68,25.68,25.1,25.28,50400,25.82,26.65,29.59,-2.101,-5.1632,-14.5626,-0.0057,-0.0071,0.0112
NTP,2022-06-03,25.39,25.39,24.58,25.28,97830,25.72,26.42,29.43,-1.7276,-4.3266,-14.1017,0.0429,0.0456,0.0152
NTP,2022-06-06,25.39,25.68,25.28,25.33,15970,25.68,26.28,29.27,-1.3483,-3.5982,-13.4354,-0.003,-0.0035,0.0149
NTP,2022-06-07,25.28,25.28,24.58,25.22,37700,25.66,26.12,29.08,-1.7315,-3.4403,-13.2756,0.0081,0.0091,0.0151
NTP,2022-06-08,25.22,25.39,25.1,25.1,39419,25.63,25.98,28.9,-2.0711,-3.3746,-13.1306,-0.0133,-0.0147,0.0156
NTP,2022-06-09,25.1,25.33,24.64,24.87,47500,25.48,25.85,28.73,-2.3783,-3.7855,-13.433,-0.0065,-0.0075,0.0119
NTP,2022-06-10,24.47,25.05,24.35,25.05,38100,25.36,25.78,28.57,-1.2289,-2.8334,-12.339,0.0085,0.0098,0.0124
NTP,2022-06-13,24.53,24.53,23.14,24.24,143251,25.19,25.67,28.39,-3.7801,-5.5757,-14.6303,0.0138,0.0175,0.013
NTP,2022-06-14,24.76,24.76,22.8,23.66,31004,24.97,25.52,28.21,-5.2461,-7.2922,-16.1151,-0.0012,-0.0014,0.0109
NTP,2022-06-15,23.37,23.37,22.22,23.08,95604,24.71,25.33,28.02,-6.5857,-8.8631,-17.6122,0.0123,0.0163,0.0115
NTP,2022-06-16,23.37,23.37,22.39,22.45,61834,24.43,25.12,27.82,-8.103,-10.6466,-19.3001,-0.0166,-0.0197,0.0126
NTP,2022-06-17,22.39,22.51,22.22,22.45,52700,24.15,24.93,27.61,-7.0267,-9.9641,-18.6906,0.0066,0.0082,0.009
NTP,2022-06-20,22.51,22.51,21.93,22.33,79900,23.85,24.76,27.4,-6.3408,-9.8112,-18.4963,0.0062,0.0079,0.0093
NTP,2022-06-21,22.28,22.33,21.35,22.28,111400,23.55,24.61,27.21,-5.4154,-9.4747,-18.1208,0.0249,0.031,0.011
NTP,2022-06-22,22.28,22.28,21.47,21.93,37900,23.23,24.43,27.01,-5.6135,-10.2504,-18.7974,0.0013,0.0017,0.0098
NTP,2022-06-23,21.93,21.93,21.06,21.58,81612,22.91,24.19,26.82,-5.7697,-10.7824,-19.5177,0.0055,0.0064,0.0097
NTP,2022-06-24,21.99,21.99,21.41,21.41,28100,22.54,23.95,26.62,-5.0179,-10.6024,-19.5841,-0.0128,-0.0148,0.0101
NTP,2022-06-27,22.33,22.33,21.06,21.93,96920,22.31,23.75,26.43,-1.7072,-7.6661,-17.0286,0.0122,0.0142,0.01
NTP,2022-06-28,21.81,21.87,21.24,21.3,72000,22.07,23.52,26.22,-3.5294,-9.4701,-18.7847,-0.0225,-0.0241,0.0121
NTP,2022-06-29,21.35,21.93,21.3,21.64,61700,21.93,23.32,26.02,-1.3158,-7.2012,-16.8194,0.0032,0.0034,0.0112
NTP,2022-06-30,21.81,21.81,21.41,21.41,47943,21.83,23.13,25.82,-1.9038,-7.4236,-17.0622,-0.0123,-0.0153,0.0108
NTP,2022-07-01,21.41,21.81,21.24,21.58,34900,21.74,22.94,25.63,-0.7167,-5.9238,-15.7726,0.0021,0.0027,0.0103
NTP,2022-07-04,21.87,21.93,21.64,21.81,57800,21.69,22.77,25.45,0.5854,-4.1825,-14.2982,0.0061,0.0072,0.0103
NTP,2022-07-05,21.64,21.93,21.35,21.87,47200,21.65,22.6,25.29,1.0397,-3.2176,-13.5234,0.0121,0.014,0.009
NTP,2022-07-06,21.58,21.81,21.35,21.81,38000,21.64,22.43,25.18,0.8269,-2.7653,-13.3498,0.0106,0.0129,0.0099
NTP,2022-07-07,21.3,21.81,21.3,21.76,41000,21.65,22.28,25.05,0.4797,-2.3443,-13.151,0.0195,0.0197,0.0113
NTP,2022-07-08,21.76,22.1,21.47,21.99,61800,21.71,22.13,24.92,1.2759,-0.626,-11.769,0.0151,0.019,0.0116
NTP,2022-07-11,23.49,23.49,21.9,22.03,44808,21.72,22.02,24.79,1.4153,0.0554,-11.1484,-0.0165,-0.0201,0.012
NTP,2022-07-12,22.03,22.41,22.03,22.41,22802,21.83,21.95,24.63,2.6426,2.0758,-9.0263,0.0084,0.0102,0.0106
NTP,2022-07-13,22.41,23.11,22.22,23.11,31600,21.98,21.95,24.49,5.1353,5.2512,-5.6421,0.0125,0.0174,0.0115
NTP,2022-07-14,23.11,23.49,22.85,23.49,85046,22.19,22.01,24.35,5.8676,6.7337,-3.5386,0.0293,0.0393,0.0132
NTP,2022-07-15,23.74,23.74,23.17,23.17,26304,22.34,22.04,24.21,3.6954,5.1191,-4.3102,-0.0077,-0.0099,0.0138
NTP,2022-07-18,24.69,24.69,23.17,23.61,14100,22.52,22.11,24.12,4.8393,6.8246,-2.1099,-0.0023,-0.0031,0.0134
NTP,2022-07-19,23.3,23.68,23.17,23.68,24800,22.71,22.18,24.03,4.285,6.7732,-1.4554,0.0126,0.0168,0.0134
NTP,2022-07-20,23.68,24.44,23.68,24.44,77505,22.97,22.3,23.96,6.4095,9.5881,2.0043,0.0263,0.0358,0.015
NTP,2022-07-21,24.44,25.96,24.31,25.9,100100,23.38,22.52,23.93,10.7682,15.0217,8.2384,0.0356,0.0517,0.0166
NTP,2022-07-22,26.03,26.53,25.71,26.34,112500,23.82,22.76,23.92,10.6077,15.7273,10.1142,0.02,0.0289,0.0171
NTP,2022-07-25,25.77,26.34,25.77,26.09,35200,24.22,22.97,23.92,7.7044,13.574,9.0792,0.0018,0.0025,0.0156
NTP,2022-07-26,25.84,26.09,25.39,25.77,61800,24.56,23.2,23.9,4.9367,11.1093,7.8272,0.0021,0.0032,0.015
NTP,2022-07-27,24.95,25.71,24.57,24.82,70710,24.73,23.36,23.86,0.3593,6.2759,4.0288,-0.0149,-0.0209,0.0153
NTP,2022-07-28,24.88,25.39,24.76,24.76,27500,24.86,23.52,23.82,-0.4086,5.2499,3.9186,-0.0086,-0.0109,0.0132
NTP,2022-07-29,25.33,25.39,24.76,25.33,60102,25.07,23.71,23.81,1.0127,6.8284,6.3998,0.0162,0.0192,0.014
NTP,2022-08-01,25.39,26.66,25.39,26.28,112600,25.34,23.93,23.82,3.7074,9.8102,10.3495,0.0095,0.013,0.0147
NTP,2022-08-02,26.15,26.47,26.03,26.09,45000,25.58,24.14,23.83,1.9851,8.0621,9.4857,-0.0101,-0.0144,0.0145
NTP,2022-08-03,25.39,26.47,25.39,26.28,39800,25.77,24.37,23.85,1.9956,7.8533,10.2027,0.0062,0.0089,0.0125
NTP,2022-08-04,26.41,26.41,25.71,25.84,54206,25.76,24.57,23.84,0.2957,5.1494,8.3934,-0.0112,-0.0138,0.01
NTP,2022-08-05,25.84,26.22,25.84,25.96,52600,25.72,24.77,23.83,0.9378,4.818,8.953,-0.0055,-0.0074,0.0086
NTP,2022-08-08,26.09,26.34,25.65,25.71,37610,25.68,24.95,23.83,0.0989,3.0272,7.9057,-0.0097,-0.0126,0.0094
NTP,2022-08-09,25.77,25.9,25.52,25.71,62100,25.68,25.12,23.82,0.1236,2.3503,7.9188,0.0,0.0,0.0092
NTP,2022-08-10,25.71,26.03,25.52,25.84,47006,25.78,25.26,23.83,0.2216,2.2999,8.4376,0.0038,0.0052,0.0081
NTP,2022-08-11,26.15,26.15,25.39,25.52,94400,25.86,25.36,23.83,-1.3013,0.6384,7.0837,-0.0139,-0.0193,0.0086
NTP,2022-08-12,25.58,27.17,24.12,27.17,228549,26.04,25.56,23.87,4.3394,6.309,13.8287,0.0698,0.0942,0.014
NTP,2022-08-15,27.11,27.99,27.11,27.93,253710,26.2,25.77,23.92,6.5891,8.3744,16.7661,0.0645,0.0911,0.0195
NTP,2022-08-16,27.87,27.99,27.61,27.99,78105,26.4,25.99,23.98,6.0606,7.7186,16.7605,0.0313,0.0419,0.0216
NTP,2022-08-17,27.99,27.99,27.36,27.61,122100,26.53,26.15,24.03,4.0919,5.6082,14.9313,-0.0065,-0.0088,0.0216
NTP,2022-08-18,27.3,28.19,27.3,27.8,58120,26.73,26.24,24.09,4.038,5.9507,15.4422,0.0031,0.0041,0.0208
NTP,2022-08-19,27.8,27.8,27.23,27.61,41150,26.89,26.31,24.14,2.6912,4.971,14.4076,0.0057,0.0076,0.0208
NTP,2022-08-22,27.3,27.74,27.04,27.3,48229,27.05,26.37,24.2,0.9153,3.5272,12.8067,-0.0043,-0.0059,0.0203
NTP,2022-08-23,26.98,27.68,26.79,27.61,44200,27.24,26.46,24.28,1.375,4.3666,13.7468,0.0084,0.012,0.0211
NTP,2022-08-24,27.3,27.61,27.04,27.36,71900,27.39,26.59,24.36,-0.1159,2.9131,12.3052,0.0029,0.0036,0.0211
NTP,2022-08-25,27.36,27.61,27.17,27.55,19200,27.59,26.73,24.46,-0.161,3.0879,12.6153,0.0047,0.0062,0.0201
NTP,2022-08-26,27.36,27.61,27.17,27.49,80600,27.63,26.83,24.57,-0.5055,2.4367,11.895,0.0091,0.0126,0.0141
NTP,2022-08-29,27.36,27.36,26.73,27.11,84808,27.54,26.87,24.66,-1.5902,0.8622,9.9173,0.0033,0.0041,0.0079
NTP,2022-08-30,27.3,28.31,27.23,27.74,150200,27.52,26.96,24.77,0.8074,2.9083,11.9952,-0.0028,-0.0037,0.0051
NTP,2022-08-31,27.74,27.93,27.61,27.8,80700,27.54,27.03,24.89,0.9682,2.8531,11.7215,0.0065,0.0079,0.0051
NTP,2022-09-05,27.8,28.25,27.68,27.68,66190,27.53,27.13,25.01,0.5535,2.036,10.6694,-0.0213,-0.0297,0.0069
NTP,2022-09-06,27.68,27.87,27.42,27.42,41483,27.51,27.2,25.13,-0.3,0.8286,9.1293,-0.0135,-0.0175,0.0077
NTP,2022-09-07,27.36,27.42,26.53,26.53,102100,27.43,27.24,25.22,-3.2631,-2.5868,5.2071,-0.0153,-0.0198,0.0088
NTP,2022-09-08,26.53,26.66,26.34,26.41,74672,27.31,27.27,25.32,-3.3008,-3.177,4.281,-0.0117,-0.0172,0.0091
NTP,2022-09-09,26.66,26.66,26.09,26.34,35501,27.21,27.3,25.42,-3.1731,-3.4996,3.6453,-0.001,-0.0013,0.0089
NTP,2022-09-12,26.34,26.98,26.22,26.34,14390,27.09,27.34,25.52,-2.742,-3.6452,3.2445,-0.0038,-0.0048,0.0088
NTP,2022-09-13,26.28,26.28,25.39,25.71,53567,26.91,27.27,25.6,-4.4586,-5.7153,0.4318,-0.0079,-0.0096,0.0087
NTP,2022-09-14,25.39,25.84,25.27,25.65,113063,26.76,27.15,25.68,-4.1746,-5.5523,-0.1152,0.0095,0.0126,0.0093
NTP,2022-09-15,25.65,26.34,25.27,25.71,106015,26.56,27.04,25.75,-3.2027,-4.9184,-0.1663,-0.008,-0.0093,0.0098
NTP,2022-09-16,26.41,26.41,25.46,25.84,59323,26.36,26.95,25.83,-1.9986,-4.1338,0.0143,-0.0029,-0.0035,0.0095
NTP,2022-09-19,25.84,25.84,24.31,24.31,113644,26.03,26.78,25.88,-6.5854,-9.1987,-6.0693,-0.0231,-0.0299,0.0096
NTP,2022-09-20,24.31,25.58,24.12,24.76,24063,25.76,26.63,25.94,-3.8936,-7.0433,-4.5568,-0.0012,-0.0016,0.0084
NTP,2022-09-21,25.01,25.33,24.5,24.95,22622,25.6,26.52,26.0,-2.5539,-5.9133,-4.0387,0.0011,0.0014,0.007
NTP,2022-09-22,24.95,25.2,24.5,24.95,48416,25.46,26.38,26.05,-1.995,-5.4379,-4.2257,0.0043,0.0055,0.0063
NTP,2022-09-23,24.69,25.01,24.69,24.95,18745,25.32,26.26,26.09,-1.4543,-5.0036,-4.3609,0.0035,0.0048,0.0065
NTP,2022-09-26,24.31,24.63,23.87,24.44,31471,25.13,26.11,26.1,-2.7287,-6.383,-6.3762,0.0034,0.0043,0.0065
NTP,2022-09-27,23.49,24.88,23.23,24.63,23672,25.02,25.96,26.13,-1.5478,-5.1345,-5.7521,0.0059,0.008,0.0063
NTP,2022-09-28,24.63,24.63,24.06,24.31,56811,24.88,25.82,26.15,-2.2959,-5.8505,-7.0163,-0.0021,-0.0027,0.0055
NTP,2022-09-29,24.38,24.63,24.12,24.12,47175,24.73,25.64,26.16,-2.439,-5.9289,-7.7759,-0.0128,-0.0182,0.006
NTP,2022-09-30,24.12,24.25,22.98,24.06,89866,24.55,25.46,26.15,-1.9912,-5.4863,-7.9918,0.0155,0.0204,0.0073
NTP,2022-10-03,23.81,23.81,22.85,22.92,54880,24.41,25.22,26.09,-6.1118,-9.1252,-12.1612,-0.0107,-0.015,0.006
NTP,2022-10-04,23.04,23.23,22.85,22.85,45228,24.22,24.99,26.02,-5.6356,-8.5482,-12.1694,-0.0133,-0.0199,0.0072
NTP,2022-10-05,23.23,23.42,22.92,23.42,31930,24.07,24.83,25.97,-2.6642,-5.6749,-9.7888,0.015,0.0213,0.0086
NTP,2022-10-06,23.42,23.81,23.04,23.3,72100,23.9,24.68,25.92,-2.5232,-5.5949,-10.1063,-0.0059,-0.0088,0.0088
NTP,2022-10-07,23.3,23.3,22.22,22.54,106317,23.66,24.49,25.87,-4.7491,-7.9715,-12.892,-0.0073,-0.0114,0.0092
NTP,2022-10-10,22.47,22.79,22.22,22.79,40217,23.49,24.31,25.83,-2.9992,-6.2541,-11.7763,0.0126,0.0177,0.0101
NTP,2022-10-11,23.36,23.74,21.9,21.9,152977,23.22,24.12,25.76,-5.6862,-9.1986,-14.9911,-0.031,-0.0493,0.0126
NTP,2022-10-12,22.35,22.79,22.22,22.54,30303,23.04,23.96,25.69,-2.2039,-5.9603,-12.2721,0.001,0.0016,0.0125
NTP,2022-10-13,22.54,22.6,22.54,22.6,28600,22.89,23.81,25.62,-1.2756,-5.0793,-11.7851,0.0149,0.0192,0.0127
NTP,2022-10-14,22.85,24.0,22.6,23.81,172336,22.87,23.71,25.57,4.1088,0.4151,-6.897,0.052,0.0743,0.0164
NTP,2022-10-17,23.74,24.06,23.49,24.06,40792,22.98,23.69,25.53,4.6961,1.5405,-5.773,0.0145,0.021,0.0168
NTP,2022-10-18,24.44,24.63,23.55,23.81,37479,23.08,23.65,25.49,3.1637,0.6712,-6.6095,-0.0064,-0.0096,0.0161
NTP,2022-10-19,24.44,24.44,23.74,23.81,14580,23.11,23.59,25.45,2.9937,0.915,-6.4698,-0.0064,-0.0091,0.0152
NTP,2022-10-20,23.81,23.93,23.68,23.87,15570,23.17,23.54,25.42,3.0137,1.4161,-6.0845,0.004,0.0056,0.015
NTP,2022-10-21,23.49,23.49,22.22,22.22,149023,23.14,23.4,25.34,-3.9781,-5.0461,-12.3291,-0.0259,-0.0396,0.0169
NTP,2022-10-24,22.28,22.6,22.15,22.35,133497,23.09,23.29,25.28,-3.2436,-4.0741,-11.6067,-0.0041,-0.0071,0.016
NTP,2022-10-25,22.28,22.47,21.84,22.22,102749,23.13,23.17,25.18,-3.9253,-4.1227,-11.7632,0.0053,0.0087,0.0135
NTP,2022-10-26,22.41,22.41,21.77,21.9,37932,23.06,23.05,25.06,-5.0372,-4.9979,-12.6051,-0.0099,-0.0176,0.0143
NTP,2022-10-27,21.96,22.85,21.96,22.66,38013,23.07,22.98,24.95,-1.7611,-1.3812,-9.1788,0.0043,0.0072,0.0133
NTP,2022-10-28,23.04,23.04,22.66,22.66,9459,22.95,22.91,24.85,-1.2721,-1.0806,-8.8169,-0.0027,-0.0044,0.0084
NTP,2022-10-31,22.85,22.85,22.22,22.28,54203,22.78,22.88,24.74,-2.1739,-2.6082,-9.9492,-0.0112,-0.0184,0.008
NTP,2022-11-01,22.28,23.17,22.28,23.04,42326,22.7,22.89,24.65,1.5101,0.6795,-6.5252,0.0099,0.0158,0.0084
NTP,2022-11-02,23.55,23.55,22.54,22.54,55630,22.57,22.84,24.56,-0.1687,-1.3478,-8.2308,-0.0211,-0.0306,0.0098
NTP,2022-11-03,22.73,22.73,22.35,22.73,33069,22.46,22.81,24.46,1.1871,-0.3895,-7.0854,0.017,0.027,0.0111
NTP,2022-11-04,22.54,22.66,22.22,22.47,69974,22.48,22.81,24.36,-0.0565,-1.4888,-7.7549,0.0022,0.0039,0.0088
NTP,2022-11-07,22.66,22.66,22.09,22.15,77973,22.47,22.78,24.25,-1.3846,-2.7449,-8.6531,-0.0131,-0.0244,0.0097
NTP,2022-11-08,21.9,22.41,20.0,22.09,247404,22.45,22.79,24.15,-1.6115,-3.0641,-8.5077,0.0473,0.0808,0.0139
NTP,2022-11-09,22.35,22.41,21.9,22.09,33279,22.47,22.77,24.05,-1.6949,-2.9695,-8.1261,-0.0029,-0.0051,0.0132
NTP,2022-11-10,22.15,22.15,19.93,19.93,142378,22.2,22.63,23.89,-10.2088,-11.9338,-16.5604,-0.026,-0.0452,0.0153
NTP,2022-11-11,17.96,21.58,17.96,20.19,49320,21.95,22.45,23.74,-8.0393,-10.0933,-14.9551,0.0025,0.0043,0.0153
NTP,2022-11-14,19.17,20.19,18.35,18.41,119507,21.56,22.17,23.55,-14.6305,-16.9649,-21.8329,-0.0285,-0.0502,0.0171
NTP,2022-11-15,16.89,18.41,16.89,17.27,160348,20.99,21.84,23.35,-17.7253,-20.9532,-26.0468,-0.0174,-0.0295,0.0178
NTP,2022-11-16,15.55,18.92,15.55,18.92,89457,20.62,21.6,23.2,-8.2795,-12.4174,-18.4456,0.01,0.0167,0.0167
NTP,2022-11-17,19.11,19.74,19.11,19.68,86930,20.32,21.39,23.06,-3.1553,-7.9982,-14.6664,0.0166,0.0277,0.0166
NTP,2022-11-18,19.36,19.68,19.17,19.36,48926,20.01,21.25,22.92,-3.236,-8.8736,-15.5312,-0.002,-0.0036,0.0166
NTP,2022-11-21,19.36,19.74,19.36,19.68,12011,19.76,21.11,22.79,-0.4176,-6.7949,-13.6442,0.0024,0.004,0.0156
NTP,2022-11-22,19.68,20.0,19.43,19.87,61820,19.54,21.0,22.67,1.6894,-5.3666,-12.3593,0.0058,0.0081,0.0114
NTP,2022-11-23,19.87,19.93,19.87,19.87,28259,19.32,20.89,22.56,2.859,-4.9066,-11.9104,-0.0073,-0.0136,0.0118
NTP,2022-11-24,19.55,19.87,19.49,19.87,24505,19.31,20.75,22.44,2.8928,-4.2667,-11.4519,0.0074,0.0118,0.01
NTP,2022-11-25,20.12,20.5,19.93,20.5,30370,19.34,20.65,22.33,6.0059,-0.6918,-8.1865,0.0059,0.0103,0.0103
NTP,2022-11-28,20.95,21.71,20.95,21.65,46386,19.67,20.62,22.28,10.071,5.0039,-2.8379,0.0059,0.0095,0.0081
NTP,2022-11-29,21.65,22.09,21.46,21.77,17201,20.12,20.55,22.22,8.236,5.946,-2.0056,0.0,0.0,0.0063
NTP,2022-11-30,21.91,22.11,21.71,21.71,18035,20.4,20.51,22.15,6.4267,5.8328,-2.0218,-0.0035,-0.0053,0.0057
NTP,2022-12-01,21.04,21.64,20.98,21.31,11587,20.56,20.44,22.08,3.6458,4.2512,-3.5025,-0.0,-0.0,0.004
NTP,2022-12-02,20.71,21.24,20.58,20.91,37875,20.71,20.36,22.0,0.9482,2.695,-4.9586,0.0,0.0,0.0038
NTP,2022-12-05,20.91,22.5,20.91,21.84,62420,20.93,20.35,21.95,4.3464,7.3423,-0.4993,0.0016,0.0023,0.0037
NTP,2022-12-06,21.84,21.84,21.24,21.24,49584,21.07,20.3,21.88,0.8306,4.6242,-2.9215,-0.0041,-0.0068,0.0036
NTP,2022-12-07,21.24,21.57,20.98,21.24,63359,21.2,20.26,21.82,0.1779,4.8435,-2.6483,-0.0014,-0.0025,0.003
NTP,2022-12-08,21.57,21.64,21.24,21.24,53463,21.34,20.33,21.76,-0.4664,4.5058,-2.3905,-0.0096,-0.015,0.0032
NTP,2022-12-09,21.24,21.57,20.98,21.57,19567,21.45,20.4,21.71,0.5847,5.7778,-0.6384,0.0047,0.0068,0.0031
NTP,2022-12-12,21.57,22.24,21.57,21.57,53772,21.44,20.55,21.69,0.6189,4.9635,-0.5154,-0.0074,-0.0127,0.0032
NTP,2022-12-13,21.51,21.57,21.04,21.37,5617,21.4,20.76,21.66,-0.124,2.9656,-1.2992,0.0002,0.0003,0.0032
NTP,2022-12-14,21.37,21.71,21.31,21.51,26445,21.38,20.89,21.62,0.5899,2.9628,-0.51,0.0,0.0,0.0029
NTP,2022-12-15,21.24,21.51,21.11,21.51,14508,21.4,20.98,21.58,0.4963,2.5141,-0.345,0.0042,0.0062,0.0033
NTP,2022-12-16,21.44,21.51,21.24,21.44,19912,21.45,21.08,21.56,-0.0619,1.6937,-0.5517,0.0021,0.003,0.0035
NTP,2022-12-19,21.24,21.57,21.24,21.44,14210,21.41,21.17,21.53,0.124,1.2704,-0.4272,0.0004,0.0006,0.0034
NTP,2022-12-20,19.32,21.51,19.32,21.24,117129,21.41,21.24,21.52,-0.806,0.0056,-1.2916,0.0148,0.0242,0.0045
NTP,2022-12-21,21.24,21.24,21.04,21.18,8122,21.41,21.31,21.49,-1.0853,-0.6125,-1.4756,0.0007,0.0012,0.0044
NTP,2022-12-22,21.24,21.24,21.11,21.11,12692,21.39,21.37,21.46,-1.3342,-1.2115,-1.6481,-0.0055,-0.0083,0.004
NTP,2022-12-23,20.91,21.11,20.91,21.11,7573,21.35,21.4,21.41,-1.1194,-1.3511,-1.4004,0.0034,0.0053,0.0039
NTP,2022-12-26,21.57,21.57,20.58,21.24,19930,21.32,21.38,21.35,-0.3426,-0.6367,-0.5185,0.0012,0.0022,0.0033
NTP,2022-12-27,21.24,21.44,20.58,21.24,4392,21.3,21.35,21.3,-0.2805,-0.513,-0.2791,0.0005,0.0009,0.0033
NTP,2022-12-28,21.24,21.24,21.24,21.24,3081,21.28,21.33,21.25,-0.156,-0.4046,-0.0385,0.0,0.0,0.0033
NTP,2022-12-29,21.31,21.57,20.98,21.37,3923,21.26,21.33,21.2,0.5308,0.2023,0.8229,0.0005,0.0009,0.0029
NTP,2022-12-30,21.31,21.31,21.24,21.24,4200,21.24,21.35,21.18,-0.0,-0.4975,0.289,-0.0019,-0.0029,0.0029
NTP,2023-01-03,21.11,21.51,21.11,21.51,32060,21.25,21.33,21.16,1.2184,0.8247,1.623,0.0067,0.0108,0.0035
NTP,2023-01-04,21.51,21.51,21.31,21.51,17518,21.28,21.34,21.15,1.0921,0.7619,1.6913,0.0048,0.008,0.0025
NTP,2023-01-05,21.57,21.57,21.11,21.51,23748,21.31,21.36,21.14,0.9346,0.6993,1.7292,0.006,0.0089,0.0031
NTP,2023-01-06,21.44,21.57,21.18,21.57,25602,21.35,21.37,21.12,1.0258,0.9317,2.1483,0.0066,0.0108,0.0032
NTP,2023-01-09,21.57,21.57,21.24,21.44,7527,21.39,21.37,21.1,0.2483,0.3417,1.6373,0.0006,0.001,0.0029
NTP,2023-01-10,21.11,21.31,21.11,21.31,12033,21.39,21.35,21.08,-0.4034,-0.2176,1.1012,0.0061,0.0093,0.0034
NTP,2023-01-11,21.24,21.37,21.24,21.31,13148,21.4,21.35,21.04,-0.4343,-0.2021,1.2679,-0.0,-0.0,0.0033
NTP,2023-01-12,21.24,21.44,21.24,21.44,13681,21.42,21.35,21.02,0.093,0.4353,2.005,0.0061,0.0093,0.0039
NTP,2023-01-13,21.44,21.51,21.24,21.24,22160,21.41,21.33,20.99,-0.7752,-0.4356,1.2005,-0.0078,-0.0124,0.0047
NTP,2023-01-16,21.18,21.44,21.18,21.44,42040,21.43,21.33,20.97,0.062,0.4978,2.2497,0.02,0.0305,0.0065
NTP,2023-01-17,21.37,22.7,21.37,22.57,101508,21.53,21.39,20.98,4.8089,5.5081,7.5887,0.0165,0.0264,0.0075
NTP,2023-01-18,22.24,22.57,22.17,22.57,35264,21.64,21.46,20.99,4.2945,5.1817,7.5396,0.0116,0.0188,0.0081
NTP,2023-01-19,22.44,22.5,22.17,22.24,38700,21.71,21.51,20.99,2.4151,3.3791,5.9433,-0.0073,-0.0114,0.0083
NTP,2023-01-27,22.24,22.44,22.24,22.3,61465,21.79,21.57,21.04,2.3766,3.4005,6.0201,-0.0058,-0.0087,0.0082
NTP,2023-01-30,22.3,22.57,22.24,22.44,31096,21.89,21.64,21.08,2.5175,3.6969,6.4235,0.0014,0.0023,0.0083
NTP,2023-01-31,22.37,22.57,22.17,22.5,72090,22.01,21.7,21.16,2.2624,3.7014,6.3254,0.0087,0.0132,0.0085
NTP,2023-02-01,22.57,22.9,22.24,22.24,74220,22.1,21.75,21.26,0.6308,2.2432,4.5795,-0.0087,-0.0143,0.0094
NTP,2023-02-02,21.91,22.24,21.91,21.97,17500,22.15,21.79,21.33,-0.8091,0.8531,3.0348,-0.0033,-0.0053,0.0091
NTP,2023-02-03,21.91,22.17,21.91,21.97,4092,22.22,21.82,21.37,-1.135,0.7151,2.8137,-0.0007,-0.0009,0.0084
NTP,2023-02-06,21.84,21.91,21.77,21.91,10000,22.27,21.85,21.42,-1.6393,0.2583,2.2596,0.0038,0.0054,0.0068
NTP,2023-02-07,21.91,22.04,21.57,21.77,16619,22.19,21.86,21.46,-1.8846,-0.4099,1.4414,-0.0005,-0.0008,0.0052
NTP,2023-02-08,21.24,21.64,21.24,21.64,24817,22.1,21.87,21.5,-2.0727,-1.0472,0.6568,0.011,0.0146,0.0051
NTP,2023-02-09,21.64,21.64,21.24,21.44,10011,22.02,21.87,21.53,-2.6228,-1.9429,-0.4151,0.0,0.0,0.0044
NTP,2023-02-10,21.51,21.64,21.04,21.04,21910,21.89,21.84,21.55,-3.8811,-3.6474,-2.3714,-0.0078,-0.0123,0.0046
NTP,2023-02-13,21.24,21.57,20.58,21.18,15334,21.77,21.83,21.57,-2.7142,-2.9805,-1.8166,0.0008,0.0013,0.0045
NTP,2023-02-14,21.24,21.24,20.91,21.04,1703,21.62,21.81,21.56,-2.6712,-3.5301,-2.3775,-0.0002,-0.0003,0.0037
NTP,2023-02-15,20.31,21.04,20.31,21.04,6047,21.5,21.8,21.54,-2.1303,-3.4714,-2.3112,0.0021,0.0032,0.003
NTP,2023-02-16,21.24,21.24,21.11,21.18,25545,21.42,21.79,21.53,-1.1466,-2.8032,-1.6464,0.0,0.0,0.0027
NTP,2023-02-17,21.04,21.24,21.04,21.24,11230,21.35,21.79,21.53,-0.4975,-2.4985,-1.332,0.005,0.0076,0.0031
NTP,2023-02-20,21.44,21.57,21.24,21.44,22919,21.3,21.79,21.54,0.6544,-1.5844,-0.4561,0.0008,0.0012,0.0028
NTP,2023-02-21,21.44,21.57,21.37,21.37,31164,21.26,21.73,21.53,0.5308,-1.6193,-0.7214,-0.0062,-0.0099,0.0034
NTP,2023-02-22,21.24,21.57,21.18,21.37,30250,21.24,21.67,21.53,0.6565,-1.348,-0.7337,0.0,0.0,0.0023
NTP,2023-02-23,21.24,21.24,21.04,21.11,19151,21.2,21.61,21.53,-0.4383,-2.3192,-1.9547,-0.0012,-0.002,0.0024
NTP,2023-02-24,20.84,21.24,20.78,21.24,26400,21.22,21.56,21.53,0.0938,-1.4627,-1.3381,0.0085,0.0147,0.0025
NTP,2023-02-27,20.98,21.24,20.71,21.24,4129,21.23,21.5,21.52,0.0625,-1.1888,-1.3077,0.0011,0.0019,0.0025
NTP,2023-02-28,21.51,21.51,20.78,21.18,23464,21.24,21.43,21.52,-0.3125,-1.1925,-1.5797,0.0009,0.0018,0.0026
NTP,2023-03-01,21.77,21.77,20.84,21.11,136920,21.25,21.37,21.51,-0.656,-1.2422,-1.864,-0.0137,-0.0222,0.0037
NTP,2023-03-02,21.37,21.57,20.98,21.24,12001,21.26,21.34,21.5,-0.0625,-0.4511,-1.2224,-0.0007,-0.0012,0.0038
NTP,2023-03-03,21.24,21.24,20.98,21.04,13103,21.24,21.29,21.5,-0.9065,-1.1691,-2.1061,-0.002,-0.0033,0.0035
NTP,2023-03-06,21.24,21.24,20.84,20.91,16288,21.18,21.24,21.49,-1.2848,-1.5625,-2.6756,-0.004,-0.0065,0.0038
NTP,2023-03-07,21.18,21.18,21.04,21.04,400,21.15,21.21,21.48,-0.5022,-0.7669,-2.0214,-0.0002,-0.0003,0.0032
NTP,2023-03-08,21.04,21.11,21.04,21.11,7100,21.12,21.18,21.47,-0.0629,-0.3291,-1.7002,0.0016,0.0025,0.0034
NTP,2023-03-09,21.24,21.24,21.11,21.18,2010,21.13,21.17,21.47,0.2199,0.047,-1.391,0.0,0.0,0.0033
NTP,2023-03-10,21.24,21.24,20.91,20.91,9670,21.1,21.16,21.47,-0.881,-1.1765,-2.6094,-0.0038,-0.0054,0.0028
NTP,2023-03-13,20.91,21.11,20.71,20.91,27818,21.06,21.15,21.47,-0.7249,-1.1144,-2.5914,0.0,0.0,0.0027
NTP,2023-03-14,20.78,20.84,20.58,20.71,23674,21.02,21.13,21.46,-1.4529,-1.9793,-3.4713,-0.0,-0.0,0.0026
NTP,2023-03-15,20.64,20.91,20.64,20.78,7460,20.98,21.12,21.45,-0.9807,-1.6033,-3.12,-0.0,-0.0,0.0012
NTP,2023-03-16,20.78,21.24,20.78,20.91,10310,20.95,21.1,21.44,-0.1901,-0.9122,-2.4707,-0.0017,-0.0027,0.0013
NTP,2023-03-17,20.58,20.98,19.98,20.78,8100,20.92,21.08,21.43,-0.698,-1.4329,-3.036,0.0016,0.0021,0.0013
NTP,2023-03-20,20.78,20.78,20.45,20.45,30610,20.88,21.03,21.41,-2.0668,-2.7778,-4.5139,-0.0074,-0.0113,0.0016
NTP,2023-03-21,20.45,20.58,20.45,20.45,2862,20.82,20.98,21.39,-1.7857,-2.5625,-4.419,-0.0011,-0.0016,0.0017
NTP,2023-03-22,20.78,20.84,20.58,20.84,1740,20.79,20.96,21.38,0.2554,-0.5385,-2.4966,0.0007,0.001,0.0016
NTP,2023-03-23,20.51,20.71,20.31,20.64,3300,20.74,20.93,21.36,-0.4481,-1.3794,-3.3501,0.0008,0.0012,0.0017
NTP,2023-03-24,20.64,20.64,20.58,20.58,4020,20.7,20.9,21.34,-0.6092,-1.5404,-3.571,-0.0016,-0.0023,0.0015
NTP,2023-03-27,20.58,20.58,20.45,20.51,12692,20.66,20.86,21.32,-0.7388,-1.6863,-3.7982,-0.0,-0.0,0.0015
NTP,2023-03-28,20.71,20.71,20.51,20.51,4285,20.64,20.83,21.31,-0.6431,-1.5296,-3.7263,-0.001,-0.0016,0.0016
NTP,2023-03-29,20.51,20.58,20.51,20.58,7800,20.62,20.8,21.29,-0.2253,-1.0849,-3.3485,0.0037,0.0052,0.002
NTP,2023-03-30,20.91,20.91,20.78,20.78,7947,20.61,20.78,21.28,0.8051,-0.016,-2.3523,-0.002,-0.0033,0.002
NTP,2023-03-31,20.78,20.78,20.71,20.71,16322,20.6,20.76,21.27,0.5155,-0.2558,-2.6157,-0.0052,-0.0072,0.0024
NTP,2023-04-03,21.04,21.04,20.64,20.64,10200,20.62,20.75,21.25,0.0966,-0.5118,-2.855,-0.0019,-0.0033,0.0018
NTP,2023-04-04,20.71,20.91,20.71,20.91,14411,20.67,20.74,21.22,1.1561,0.8,-1.4516,0.0031,0.0048,0.002
NTP,2023-04-05,20.91,20.91,20.84,20.91,9486,20.68,20.73,21.18,1.1236,0.8484,-1.2972,0.0022,0.0036,0.0022
NTP,2023-04-06,20.98,21.31,20.84,21.04,28212,20.72,20.73,21.16,1.57,1.5212,-0.5584,-0.0005,-0.0009,0.0021
NTP,2023-04-07,20.91,20.91,20.84,20.91,11755,20.75,20.73,21.13,0.7678,0.8807,-1.0554,0.0028,0.0046,0.0022
NTP,2023-04-10,20.98,20.98,20.84,20.98,30133,20.8,20.73,21.1,0.8618,1.1848,-0.6039,0.0049,0.0081,0.0027
NTP,2023-04-11,20.98,21.51,20.91,21.51,37340,20.9,20.77,21.08,2.9225,3.5475,2.0087,0.0069,0.0113,0.0033
NTP,2023-04-12,21.51,21.51,21.18,21.24,16300,20.96,20.79,21.06,1.3299,2.1548,0.8446,-0.0027,-0.0041,0.0032
NTP,2023-04-13,21.24,21.37,21.18,21.37,30145,21.02,20.82,21.05,1.6735,2.6786,1.5325,0.0073,0.0115,0.0037
NTP,2023-04-14,21.37,21.37,21.18,21.18,30534,21.07,20.84,21.04,0.5041,1.6247,0.6627,-0.0045,-0.0074,0.0037
NTP,2023-04-17,20.58,21.18,20.58,21.11,15406,21.12,20.87,21.02,-0.0314,1.145,0.4232,0.0051,0.0081,0.004
NTP,2023-04-18,21.11,21.31,21.11,21.24,27800,21.15,20.91,21.01,0.4394,1.5873,1.1058,0.0027,0.0043,0.0039
NTP,2023-04-19,21.11,21.71,21.11,21.64,33995,21.22,20.95,21.01,1.9706,3.2953,3.0016,0.0064,0.0104,0.0044
NTP,2023-04-20,21.64,22.77,21.64,22.77,105881,21.39,21.06,21.04,6.4226,8.1337,8.2361,0.0596,0.0991,0.0103
NTP,2023-04-21,22.9,23.57,22.9,23.17,114009,21.62,21.19,21.08,7.1538,9.3529,9.9074,-0.0073,-0.0123,0.0107
NTP,2023-04-24,23.23,23.23,22.44,22.57,53190,21.78,21.29,21.11,3.6269,6.0181,6.9317,-0.0133,-0.0239,0.0116
NTP,2023-04-25,22.5,22.57,21.97,22.11,53900,21.84,21.37,21.13,1.2158,3.4483,4.6248,-0.0085,-0.0146,0.0117
NTP,2023-04-26,21.77,24.23,21.77,23.76,84019,22.09,21.53,21.18,7.5721,10.3916,12.1905,0.0149,0.0247,0.0129
NTP,2023-04-27,23.76,24.89,23.5,23.5,74707,22.3,21.66,21.23,5.3571,8.4725,10.6942,-0.0301,-0.0508,0.0152
NTP,2023-04-28,23.5,23.76,22.97,23.03,40431,22.49,21.78,21.26,2.4203,5.7604,8.3224,-0.0095,-0.0154,0.0157
NTP,2023-05-04,22.7,24.16,22.7,23.83,85446,22.76,21.94,21.31,4.6953,8.6233,11.8171,0.0134,0.024,0.0166
NTP,2023-05-05,23.83,23.9,23.17,23.43,30029,22.98,22.07,21.35,1.9642,6.1974,9.7364,-0.0032,-0.0058,0.0166
NTP,2023-05-08,23.5,23.57,23.1,23.1,27879,23.13,22.17,21.39,-0.1148,4.176,8.0074,-0.0066,-0.0124,0.0166
NTP,2023-05-09,23.57,23.57,23.03,23.23,55666,23.17,22.28,21.43,0.2578,4.2598,8.4129,-0.0054,-0.0101,0.0112
NTP,2023-05-10,23.23,23.57,22.97,23.57,29686,23.21,22.42,21.48,1.5156,5.1229,9.7237,0.0082,0.0147,0.0113
NTP,2023-05-11,23.63,23.63,23.23,23.23,23602,23.28,22.53,21.52,-0.1996,3.1232,7.9781,-0.0062,-0.0107,0.0106
NTP,2023-05-12,23.23,23.57,23.1,23.57,31029,23.43,22.63,21.56,0.5951,4.1208,9.2778,0.0065,0.0115,0.0104
NTP,2023-05-15,23.57,23.57,23.23,23.3,41065,23.38,22.74,21.61,-0.3407,2.4818,7.8275,-0.0038,-0.0068,0.0093
NTP,2023-05-16,23.3,23.63,23.3,23.5,45254,23.38,22.84,21.65,0.5111,2.8771,8.5224,0.0028,0.0045,0.0066
NTP,2023-05-17,23.57,23.9,23.23,23.63,55137,23.44,22.96,21.71,0.8213,2.905,8.8751,0.0018,0.0032,0.0058
NTP,2023-05-18,23.63,23.7,23.5,23.57,15567,23.41,23.09,21.76,0.6521,2.0701,8.3043,-0.0016,-0.0028,0.0046
NTP,2023-05-19,23.3,23.37,23.17,23.23,61661,23.39,23.19,21.8,-0.681,0.2004,6.5644,-0.0058,-0.0092,0.0049
NTP,2023-05-22,23.23,23.57,23.23,23.23,22846,23.41,23.27,21.84,-0.7374,-0.1426,6.3571,-0.0062,-0.0104,0.0048
NTP,2023-05-23,23.3,23.3,23.17,23.17,21243,23.4,23.29,21.88,-0.9929,-0.5131,5.8602,-0.0064,-0.0101,0.0049
NTP,2023-05-24,23.57,23.57,22.9,23.03,22061,23.35,23.28,21.93,-1.3364,-1.055,5.0496,-0.003,-0.0046,0.0044
NTP,2023-05-25,23.03,23.37,23.03,23.37,14803,23.36,23.32,21.98,0.0284,0.1993,6.3251,0.0043,0.0068,0.0042
NTP,2023-05-26,23.37,23.37,23.23,23.37,15402,23.34,23.38,22.03,0.1138,-0.071,6.0688,0.0052,0.0091,0.0041
NTP,2023-05-29,23.17,23.37,23.17,23.37,25539,23.35,23.36,22.08,0.0853,0.0142,5.8201,0.0053,0.009,0.0042
NTP,2023-05-30,23.37,23.43,23.23,23.37,26534,23.33,23.36,22.13,0.1423,0.0426,5.5852,0.0023,0.0036,0.0042
NTP,2023-05-31,23.57,23.7,23.57,23.57,19052,23.33,23.38,22.19,1.0351,0.7919,6.2296,-0.0047,-0.0079,0.0045
NTP,2023-06-01,23.57,23.7,23.43,23.57,24571,23.33,23.37,22.25,1.0339,0.8486,5.9314,-0.0,-0.0,0.0043
NTP,2023-06-02,23.57,24.04,23.37,23.84,81505,23.39,23.39,22.32,1.9247,1.9128,6.8164,0.0071,0.0115,0.0045
NTP,2023-06-05,23.9,23.9,23.57,23.9,29198,23.45,23.43,22.38,1.92,2.0254,6.8251,0.0049,0.0078,0.0043
NTP,2023-06-06,23.9,23.97,23.64,23.9,21212,23.53,23.46,22.44,1.6004,1.8794,6.5147,0.0022,0.0037,0.0039
NTP,2023-06-07,23.9,24.31,23.84,24.04,31450,23.63,23.49,22.51,1.7382,2.35,6.7854,-0.0009,-0.0015,0.0037
NTP,2023-06-08,24.24,24.44,23.77,24.04,41860,23.7,23.53,22.58,1.4492,2.1747,6.4518,-0.0008,-0.0013,0.0034
NTP,2023-06-09,24.11,24.24,23.77,24.04,39763,23.76,23.55,22.65,1.1617,2.0718,6.1202,0.001,0.0015,0.0029
NTP,2023-06-12,24.24,26.4,24.24,26.4,245509,24.07,23.71,22.77,9.681,11.3469,15.9287,0.0666,0.0972,0.0091
NTP,2023-06-13,26.8,27.14,26.33,26.46,66782,24.38,23.85,22.88,8.5635,10.9372,15.6468,-0.0085,-0.0146,0.0097
NTP,2023-06-14,26.46,26.46,25.32,25.39,134271,24.56,23.94,22.98,3.3726,6.0308,10.4871,-0.0165,-0.028,0.0109
NTP,2023-06-15,25.39,25.59,25.05,25.18,45549,24.72,24.02,23.07,1.8796,4.8326,9.1765,-0.0066,-0.0104,0.0115
NTP,2023-06-16,25.18,25.72,25.05,25.05,32578,24.84,24.11,23.15,0.8403,3.8794,8.2043,-0.0043,-0.007,0.0112
NTP,2023-06-19,25.05,25.99,25.05,25.59,68231,25.01,24.23,23.24,2.3156,5.5977,10.0863,0.0021,0.0039,0.011
NTP,2023-06-20,25.66,25.66,25.05,25.52,30970,25.17,24.35,23.33,1.3911,4.8108,9.3752,0.0033,0.0053,0.0111
NTP,2023-06-21,25.45,25.45,25.12,25.45,18702,25.31,24.47,23.42,0.5587,4.0175,8.6634,0.0042,0.0063,0.0114
NTP,2023-06-22,25.86,25.86,25.05,25.45,52341,25.45,24.57,23.51,0.0,3.5758,8.2496,0.0,0.0,0.0113
NTP,2023-06-23,25.05,25.32,25.05,25.32,26861,25.58,24.67,23.59,-1.0266,2.62,7.3289,0.0067,0.0096,0.0119
NTP,2023-06-26,25.32,25.86,25.12,25.86,44616,25.53,24.8,23.68,1.2925,4.277,9.1853,0.0096,0.0141,0.0062
NTP,2023-06-27,25.92,26.87,25.66,25.92,39311,25.47,24.93,23.77,1.7711,4.0119,9.0506,-0.0069,-0.0104,0.006
NTP,2023-06-28,25.66,25.86,25.45,25.45,35432,25.48,25.02,23.86,-0.1057,1.736,6.6839,-0.0077,-0.0121,0.0051
NTP,2023-06-29,25.25,25.39,25.05,25.05,34166,25.47,25.09,23.94,-1.6393,-0.1744,4.6448,-0.0047,-0.0073,0.005
NTP,2023-06-30,24.85,25.39,24.85,25.25,14980,25.49,25.16,24.02,-0.9247,0.3479,5.1365,0.0024,0.0037,0.0048
NTP,2023-07-03,25.32,26.06,25.12,25.99,64828,25.53,25.27,24.1,1.8201,2.8648,7.8298,0.0199,0.032,0.0066
NTP,2023-07-04,26.19,26.87,25.99,26.8,102848,25.66,25.41,24.19,4.4619,5.4584,10.8113,0.0169,0.0268,0.0079
NTP,2023-07-05,26.26,28.21,26.26,27.61,198291,25.87,25.59,24.27,6.7153,7.8805,13.7347,0.0158,0.0263,0.0091
NTP,2023-07-06,27.61,27.95,26.94,27.27,65116,26.05,25.75,24.37,4.6782,5.8962,11.9141,-0.0045,-0.0072,0.0095
NTP,2023-07-07,27.27,28.89,26.87,28.69,194166,26.39,25.99,24.5,8.7012,10.3913,17.0847,0.0303,0.0516,0.0119
NTP,2023-07-10,28.69,29.22,27.68,28.55,44427,26.66,26.09,24.6,7.0978,9.4194,16.0814,0.0012,0.0021,0.0111
NTP,2023-07-11,28.82,28.82,27.68,27.81,55870,26.85,26.16,24.68,3.5866,6.3063,12.6748,-0.0087,-0.015,0.0112
NTP,2023-07-12,27.81,28.55,27.81,28.55,27444,27.16,26.32,24.79,5.1327,8.4815,15.1611,0.0075,0.0124,0.0112
NTP,2023-07-13,28.55,28.82,28.21,28.35,60263,27.49,26.48,24.88,3.1357,7.0702,13.931,-0.0076,-0.0119,0.0115
NTP,2023-07-14,28.35,28.96,28.15,28.28,39984,27.79,26.64,24.98,1.7689,6.1679,13.2191,-0.0067,-0.0108,0.0119
NTP,2023-07-17,28.55,28.62,28.15,28.62,36430,28.05,26.79,25.09,2.0163,6.8242,14.063,0.0093,0.014,0.0109
NTP,2023-07-18,28.35,28.42,27.74,28.28,46054,28.2,26.93,25.19,0.2865,5.0263,12.2693,0.0067,0.0113,0.0098
NTP,2023-07-19,28.28,29.56,27.95,29.56,97343,28.4,27.13,25.31,4.1024,8.9465,16.7922,0.0161,0.0311,0.0099
NTP,2023-07-20,29.63,30.37,29.16,29.16,124983,28.58,27.32,25.43,2.0024,6.7291,14.6593,-0.0281,-0.0465,0.0122
NTP,2023-07-21,28.96,28.96,27.68,28.82,134646,28.6,27.49,25.53,0.777,4.8249,12.8688,0.0176,0.0273,0.0109
NTP,2023-07-24,28.75,28.82,27.95,28.28,69425,28.57,27.62,25.63,-1.0134,2.4141,10.3286,-0.0029,-0.0051,0.0111
NTP,2023-07-25,28.28,29.22,28.28,28.62,57901,28.65,27.75,25.74,-0.1175,3.1303,11.1978,-0.0035,-0.006,0.0106
NTP,2023-07-26,28.28,28.48,27.95,28.15,57688,28.61,27.88,25.83,-1.6239,0.9418,8.9839,-0.0032,-0.005,0.0102
NTP,2023-07-27,28.01,28.28,27.95,27.95,50313,28.57,28.03,25.91,-2.1918,-0.3003,7.836,-0.0102,-0.0168,0.0104
NTP,2023-07-28,27.95,28.28,27.68,28.08,49610,28.55,28.17,26.01,-1.651,-0.3227,7.9519,0.0029,0.0048,0.01
NTP,2023-07-31,28.28,28.28,27.61,28.08,45851,28.5,28.28,26.11,-1.465,-0.6907,7.5511,0.0027,0.0042,0.0094
NTP,2023-08-01,28.08,28.28,27.68,27.88,56217,28.46,28.33,26.2,-2.035,-1.5926,6.3935,-0.002,-0.0031,0.0089
NTP,2023-08-02,28.01,28.82,27.61,27.81,57367,28.28,28.34,26.3,-1.6667,-1.8653,5.751,-0.0082,-0.0133,0.0081
NTP,2023-08-03,27.68,28.08,27.68,27.74,32022,28.14,28.36,26.39,-1.4118,-2.1842,5.1449,-0.0042,-0.0061,0.0057
NTP,2023-08-04,27.74,28.21,27.74,28.21,38219,28.08,28.34,26.48,0.4796,-0.4396,6.5399,0.0051,0.0084,0.0045
NTP,2023-08-07,28.28,28.28,27.74,28.21,26160,28.07,28.32,26.58,0.5037,-0.3804,6.1512,0.0039,0.0061,0.0046
NTP,2023-08-08,28.21,28.28,27.95,28.08,26650,28.02,28.34,26.67,0.2163,-0.9031,5.2711,-0.0007,-0.0012,0.0043
NTP,2023-08-09,28.08,28.28,27.88,28.28,37941,28.03,28.32,26.77,0.8888,-0.1426,5.6551,0.0068,0.0102,0.0047
NTP,2023-08-10,28.28,28.62,28.28,28.48,73598,28.09,28.33,26.87,1.4145,0.5467,6.0204,0.0023,0.0036,0.0039
NTP,2023-08-11,28.48,28.69,27.68,28.08,26500,28.09,28.32,26.95,-0.024,-0.8441,4.1875,-0.0009,-0.0013,0.0037
NTP,2023-08-14,28.35,28.35,27.88,28.35,19719,28.11,28.31,27.04,0.8383,0.1546,4.8411,0.0036,0.0056,0.0038
NTP,2023-08-15,28.35,28.35,27.95,28.28,8400,28.15,28.31,27.13,0.4544,-0.0833,4.2546,0.0011,0.0015,0.0037
NTP,2023-08-16,27.95,28.21,27.95,28.21,22800,28.19,28.24,27.21,0.0717,-0.0835,3.6872,0.0045,0.0064,0.0033
NTP,2023-08-17,27.95,28.08,27.14,28.01,70901,28.22,28.18,27.29,-0.7397,-0.5974,2.6451,0.0081,0.0125,0.0037
NTP,2023-08-18,27.88,27.88,26.26,26.26,41857,28.03,28.05,27.34,-6.295,-6.385,-3.9267,-0.0028,-0.0043,0.0035
NTP,2023-08-21,25.59,26.26,25.59,26.06,35896,27.81,27.94,27.33,-6.2954,-6.7357,-4.6422,0.0035,0.0052,0.0034
NTP,2023-08-22,26.06,26.26,25.32,25.79,53651,27.58,27.8,27.31,-6.4941,-7.2302,-5.5813,0.0,0.0,0.0034
NTP,2023-08-23,25.79,25.92,25.59,25.59,15532,27.31,27.67,27.32,-6.3116,-7.5313,-6.3347,-0.0034,-0.0045,0.003
NTP,2023-08-24,25.66,26.06,25.59,26.06,8689,27.07,27.58,27.34,-3.7313,-5.506,-4.6704,0.0014,0.002,0.0029
NTP,2023-08-25,26.19,26.19,25.59,25.59,25608,26.82,27.45,27.35,-4.5945,-6.7942,-6.4316,-0.0055,-0.0072,0.0034
NTP,2023-08-28,26.06,26.06,25.32,25.32,14425,26.52,27.32,27.34,-4.5201,-7.3093,-7.3983,-0.003,-0.0038,0.0033
NTP,2023-08-29,25.45,25.92,25.45,25.92,18305,26.28,27.22,27.35,-1.3579,-4.7501,-5.2098,0.0045,0.0056,0.0037
NTP,2023-08-30,25.66,26.19,25.52,26.13,35004,26.07,27.13,27.36,0.2066,-3.7102,-4.5182,0.0059,0.0079,0.0038
NTP,2023-08-31,26.13,26.19,25.66,25.86,27037,25.86,27.04,27.37,-0.0,-4.3706,-5.5304,-0.0013,-0.0016,0.0031
NTP,2023-09-05,26.19,26.53,26.06,26.06,29500,25.84,26.93,27.39,0.8601,-3.2379,-4.8438,-0.0068,-0.0089,0.0035
NTP,2023-09-06,26.26,27.27,26.26,26.87,83874,25.92,26.86,27.41,3.6633,0.0125,-1.9656,0.0024,0.0032,0.0034
NTP,2023-09-07,27.2,28.21,26.67,26.8,41367,26.02,26.8,27.42,3.0021,0.0,-2.2737,-0.0062,-0.0083,0.004
NTP,2023-09-08,27.54,27.54,26.26,26.53,41488,26.11,26.71,27.45,1.5988,-0.6806,-3.3319,-0.0044,-0.0057,0.0041
NTP,2023-09-11,26.53,26.6,26.19,26.19,45519,26.13,26.6,27.47,0.2577,-1.519,-4.6382,-0.0041,-0.0057,0.0044
NTP,2023-09-12,26.19,26.19,25.99,25.99,28169,26.17,26.49,27.48,-0.6691,-1.8935,-5.4246,-0.0035,-0.0044,0.0042
NTP,2023-09-13,25.99,26.8,25.99,26.4,14169,26.28,26.4,27.49,0.4613,-0.0,-3.9828,-0.0,-0.0,0.0039
NTP,2023-09-14,26.4,26.87,25.92,26.53,26503,26.34,26.31,27.49,0.7415,0.8446,-3.474,0.0011,0.0015,0.0036
NTP,2023-09-15,26.46,26.46,25.92,25.92,9244,26.32,26.19,27.45,-1.4841,-1.0283,-5.5632,-0.0024,-0.003,0.0032
NTP,2023-09-18,26.33,26.33,25.79,25.79,9209,26.31,26.08,27.42,-1.9708,-1.123,-5.9522,-0.0023,-0.0032,0.0033
NTP,2023-09-19,26.26,26.26,25.59,25.92,32401,26.3,26.07,27.37,-1.4085,-0.5425,-5.2704,0.0,0.0,0.0026
NTP,2023-09-20,26.19,26.19,25.59,25.86,43681,26.19,26.06,27.31,-1.2854,-0.7624,-5.3301,-0.001,-0.0012,0.0025
NTP,2023-09-21,25.86,25.92,25.45,25.86,42015,26.1,26.06,27.27,-0.9288,-0.7752,-5.1946,0.0045,0.0055,0.0023
NTP,2023-09-22,25.52,25.72,24.91,25.72,32200,26.02,26.07,27.22,-1.1387,-1.3175,-5.4923,0.0037,0.0048,0.0022
NTP,2023-09-25,25.25,25.25,24.11,24.11,42461,25.81,25.97,27.13,-6.6006,-7.1697,-11.153,-0.0045,-0.0062,0.0023
NTP,2023-09-26,24.24,24.38,24.11,24.11,23538,25.62,25.89,27.05,-5.9133,-6.9042,-10.8788,-0.0033,-0.0047,0.0023
NTP,2023-09-27,24.24,24.58,24.04,24.58,14949,25.44,25.86,26.97,-3.388,-4.9479,-8.8639,0.002,0.0027,0.0025
NTP,2023-09-28,25.25,25.25,24.24,24.85,4323,25.27,25.8,26.9,-1.6786,-3.7056,-7.6299,0.0003,0.0003,0.0024
NTP,2023-09-29,25.52,25.52,24.44,24.51,3800,25.13,25.72,26.8,-2.4652,-4.712,-8.5381,-0.001,-0.0013,0.0023
NTP,2023-10-02,24.51,25.45,24.31,24.91,29100,25.04,25.68,26.71,-0.5109,-2.9635,-6.7352,0.0008,0.0011,0.0021
NTP,2023-10-03,24.91,24.91,24.24,24.31,18600,24.88,25.59,26.62,-2.3004,-5.0,-8.6954,-0.0019,-0.0026,0.0023
NTP,2023-10-04,24.24,24.65,24.24,24.65,19408,24.76,25.48,26.55,-0.4623,-3.2642,-7.1773,0.0056,0.0072,0.0028
NTP,2023-10-05,24.65,24.71,24.51,24.71,87000,24.65,25.37,26.47,0.2732,-2.6009,-6.649,0.0197,0.0264,0.0043
NTP,2023-10-06,24.65,24.65,23.57,24.11,28822,24.48,25.25,26.39,-1.5402,-4.5334,-8.6595,-0.0,-0.0,0.0039
NTP,2023-10-09,24.17,24.65,24.17,24.17,2181,24.49,25.15,26.32,-1.2923,-3.8822,-8.1419,-0.0007,-0.0008,0.0035
NTP,2023-10-10,24.31,24.38,24.17,24.24,31787,24.5,25.06,26.24,-1.0717,-3.2778,-7.6165,-0.0022,-0.0028,0.0034
NTP,2023-10-11,24.51,25.05,24.17,24.24,13330,24.47,24.96,26.16,-0.9356,-2.8602,-7.3454,-0.0026,-0.0032,0.0035
NTP,2023-10-12,24.91,24.91,24.24,24.31,12544,24.42,24.84,26.09,-0.4412,-2.1548,-6.8339,-0.0037,-0.0047,0.0038
NTP,2023-10-13,24.31,24.31,23.97,24.17,14210,24.38,24.76,26.02,-0.8561,-2.3528,-7.0911,0.0008,0.0009,0.0038
NTP,2023-10-16,24.78,24.78,23.97,23.97,14813,24.29,24.67,25.94,-1.303,-2.8119,-7.5997,-0.0032,-0.0037,0.004
NTP,2023-10-17,23.97,24.04,23.9,23.97,16611,24.26,24.57,25.86,-1.166,-2.4257,-7.2965,0.0,0.0,0.0039
NTP,2023-10-18,24.38,24.38,23.57,23.64,29650,24.15,24.46,25.77,-2.1466,-3.359,-8.2737,-0.0057,-0.0076,0.0039
NTP,2023-10-19,23.57,23.64,23.37,23.5,35950,24.03,24.34,25.68,-2.2135,-3.4444,-8.471,0.0,0.0,0.0019
NTP,2023-10-20,23.57,24.24,23.43,24.11,38960,24.03,24.26,25.59,0.3082,-0.6246,-5.8044,0.0048,0.0061,0.0024
NTP,2023-10-23,24.78,25.25,24.65,24.85,63837,24.1,24.3,25.52,3.1014,2.2727,-2.6334,-0.0081,-0.0112,0.0031
NTP,2023-10-24,24.58,25.12,24.58,24.85,34418,24.16,24.33,25.45,2.8428,2.1171,-2.3861,0.0,0.0,0.0029
NTP,2023-10-25,24.85,25.45,24.71,25.18,62400,24.26,24.36,25.39,3.8312,3.372,-0.8168,0.0047,0.0066,0.0031
NTP,2023-10-26,24.91,24.91,24.11,24.51,80211,24.28,24.35,25.32,0.9709,0.6776,-3.1812,0.0,0.0,0.0027
NTP,2023-10-27,24.11,24.51,23.77,24.44,35701,24.3,24.34,25.24,0.5819,0.4149,-3.1587,0.0075,0.0103,0.0034
NTP,2023-10-30,24.51,24.91,24.24,24.78,5148,24.38,24.34,25.18,1.6294,1.8262,-1.5727,0.0008,0.0012,0.0031
NTP,2023-10-31,24.51,24.78,24.17,24.78,21310,24.46,24.36,25.15,1.2937,1.7277,-1.4567,0.004,0.0061,0.0035
NTP,2023-11-01,24.58,24.78,24.24,24.71,5200,24.57,24.36,25.12,0.5755,1.4372,-1.6191,0.0007,0.001,0.003
NTP,2023-11-02,24.71,25.18,24.51,25.18,18655,24.74,24.39,25.11,1.7964,3.2721,0.3058,0.0028,0.0041,0.0033
NTP,2023-11-03,25.18,25.32,24.91,25.18,23610,24.85,24.44,25.1,1.355,3.0445,0.3381,0.0023,0.003,0.0031
NTP,2023-11-06,25.25,25.32,25.12,25.18,6934,24.88,24.49,25.08,1.2179,2.832,0.4081,-0.0007,-0.0009,0.0024
NTP,2023-11-07,25.05,25.18,24.91,24.91,7305,24.89,24.52,25.07,0.1082,1.5925,-0.6124,-0.0024,-0.0036,0.0026
NTP,2023-11-08,25.25,25.25,24.91,25.25,34401,24.89,24.57,25.07,1.4336,2.7538,0.736,0.004,0.0055,0.0025
NTP,2023-11-09,25.25,25.92,25.25,25.92,66262,25.04,24.66,25.07,3.5503,5.1482,3.4223,0.0111,0.0152,0.0036
NTP,2023-11-10,26.13,26.13,25.66,25.72,5505,25.16,24.73,25.06,2.221,4.0022,2.6495,-0.0008,-0.0011,0.003
NTP,2023-11-13,25.99,25.99,25.45,25.45,17886,25.23,24.81,25.05,0.8807,2.6059,1.6075,-0.0058,-0.008,0.0035
NTP,2023-11-14,25.59,25.79,25.05,25.52,29752,25.31,24.88,25.04,0.8515,2.5571,1.9201,0.0028,0.0042,0.0033
NTP,2023-11-15,25.59,25.72,25.32,25.45,6867,25.38,24.98,25.01,0.2919,1.9143,1.7661,-0.0004,-0.0006,0.0033
NTP,2023-11-16,25.45,25.86,25.39,25.79,28804,25.44,25.09,24.99,1.3764,2.7912,3.1956,0.004,0.0054,0.0034
NTP,2023-11-17,26.26,28.35,25.79,26.33,141461,25.55,25.2,24.99,3.0303,4.4756,5.3681,-0.0131,-0.0198,0.0045
NTP,2023-11-20,26.13,26.4,25.99,25.99,27117,25.64,25.26,24.98,1.3922,2.9059,4.0375,-0.0058,-0.0086,0.005
NTP,2023-11-21,26.06,26.46,26.06,26.13,20506,25.76,25.32,24.99,1.4379,3.1778,4.5653,-0.0044,-0.0055,0.0052
NTP,2023-11-22,26.26,26.26,25.72,25.86,80706,25.82,25.36,24.98,0.1565,1.9785,3.5319,-0.0074,-0.01,0.0056
NTP,2023-11-23,25.86,25.92,25.72,25.72,55586,25.8,25.42,24.96,-0.2871,1.2055,3.0594,-0.0059,-0.0085,0.005
NTP,2023-11-24,25.72,25.72,24.91,25.52,71455,25.78,25.47,24.95,-0.9927,0.1983,2.2831,0.0049,0.0065,0.0055
NTP,2023-11-27,25.52,25.59,25.18,25.32,27803,25.76,25.5,24.94,-1.725,-0.6999,1.5119,-0.0025,-0.0035,0.0051
NTP,2023-11-28,25.32,25.32,25.05,25.25,34408,25.74,25.52,24.93,-1.8838,-1.0554,1.2966,0.0037,0.005,0.0052
NTP,2023-11-29,25.39,25.39,25.18,25.18,19497,25.71,25.54,24.91,-2.0429,-1.4103,1.0811,-0.0065,-0.0086,0.0058
NTP,2023-11-30,25.18,25.45,24.91,25.25,38100,25.66,25.55,24.9,-1.5748,-1.1597,1.4007,0.0019,0.0024,0.0056
NTP,2023-12-01,25.32,25.39,25.18,25.32,16500,25.55,25.55,24.89,-0.9223,-0.9223,1.7041,0.002,0.0029,0.0045
NTP,2023-12-04,25.6,26.37,25.46,25.74,55821,25.53,25.58,24.93,0.8247,0.6157,3.2597,-0.0036,-0.005,0.0043
NTP,2023-12-05,25.74,25.74,25.32,25.6,17226,25.48,25.62,24.96,0.4828,-0.0663,2.5741,0.0014,0.0018,0.004
NTP,2023-12-06,25.53,25.74,25.46,25.53,27001,25.44,25.63,24.98,0.3368,-0.3941,2.2152,-0.0027,-0.0037,0.0035
NTP,2023-12-07,25.53,26.23,25.32,26.16,90111,25.49,25.64,25.0,2.641,2.0217,4.6324,0.017,0.0262,0.0046
NTP,2023-12-08,26.09,26.37,25.67,25.95,35901,25.53,25.65,25.03,1.6442,1.1563,3.6715,-0.0021,-0.0027,0.0043
NTP,2023-12-11,26.02,26.02,25.67,25.88,18220,25.59,25.68,25.05,1.1472,0.7991,3.3116,0.0012,0.0016,0.0042
NTP,2023-12-12,25.88,26.3,25.6,25.88,52207,25.65,25.69,25.08,0.8993,0.7287,3.1822,-0.0035,-0.0048,0.0042
NTP,2023-12-13,26.3,26.3,25.53,25.81,45426,25.71,25.71,25.11,0.3809,0.386,2.8071,-0.0022,-0.0029,0.0037
NTP,2023-12-14,25.53,25.88,25.53,25.6,17213,25.75,25.7,25.12,-0.572,-0.3954,1.897,-0.0023,-0.0032,0.0038
NTP,2023-12-15,25.6,25.95,23.14,25.32,32834,25.75,25.65,25.15,-1.6617,-1.293,0.6832,0.005,0.0062,0.0041
NTP,2023-12-18,24.9,25.6,24.9,25.32,20738,25.7,25.62,25.17,-1.5007,-1.1633,0.5916,0.0013,0.0017,0.0039
NTP,2023-12-19,24.9,25.53,24.9,25.32,24928,25.68,25.58,25.19,-1.3931,-1.0072,0.5055,0.0019,0.0026,0.0039
NTP,2023-12-20,25.32,25.53,24.97,25.46,31728,25.67,25.56,25.22,-0.8197,-0.3812,0.9647,0.0126,0.0152,0.0049
NTP,2023-12-21,25.46,25.6,25.11,25.25,14101,25.58,25.53,25.23,-1.2887,-1.1128,0.0557,-0.0025,-0.0032,0.0035
NTP,2023-12-22,24.97,25.74,24.97,25.67,54310,25.55,25.54,25.26,0.4667,0.506,1.6029,0.0162,0.0217,0.0049
NTP,2023-12-25,25.74,26.23,25.74,26.02,53715,25.56,25.58,25.31,1.7833,1.7393,2.8241,0.0029,0.0035,0.005
NTP,2023-12-26,26.02,26.3,25.74,25.95,36655,25.57,25.61,25.35,1.4811,1.3266,2.3869,-0.0035,-0.0044,0.005
NTP,2023-12-27,25.81,26.23,25.6,25.67,48143,25.56,25.63,25.39,0.4391,0.1363,1.1177,-0.0102,-0.0134,0.0058
NTP,2023-12-28,25.53,27.35,25.53,27.07,189293,25.7,25.73,25.46,5.3206,5.2345,6.344,0.0441,0.0611,0.01
NTP,2023-12-29,27.35,28.26,27.35,27.7,126600,25.94,25.85,25.53,6.7856,7.1913,8.5169,-0.0084,-0.0115,0.0104
NTP,2024-01-02,28.05,28.05,27.28,27.63,112730,26.17,25.94,25.59,5.5734,6.5297,8.0065,-0.0021,-0.0031,0.0104
NTP,2024-01-03,27.42,27.63,27.35,27.63,47045,26.41,26.04,25.64,4.6481,6.1137,7.7717,0.0094,0.014,0.0112
NTP,2024-01-04,27.42,27.77,27.28,27.28,62627,26.59,26.13,25.68,2.6115,4.4155,6.2302,-0.0102,-0.0145,0.011
NTP,2024-01-05,27.21,27.28,26.79,27.0,99934,26.76,26.17,25.73,0.891,3.1757,4.9343,-0.0043,-0.0061,0.0111
NTP,2024-01-08,27.35,28.05,27.35,27.77,90421,26.97,26.26,25.8,2.9641,5.7551,7.6537,0.0044,0.0063,0.01
NTP,2024-01-09,27.84,29.81,27.84,28.97,192004,27.27,26.42,25.88,6.2243,9.6509,11.912,0.0064,0.01,0.0103
NTP,2024-01-10,28.97,29.32,28.48,28.9,92789,27.56,26.57,25.97,4.8346,8.7645,11.2872,0.0,0.0,0.01
NTP,2024-01-11,28.97,29.25,28.62,28.83,70576,27.88,26.72,26.05,3.3962,7.8882,10.6664,-0.0071,-0.0113,0.0096
NTP,2024-01-12,28.76,30.65,28.48,29.6,205103,28.13,26.92,26.14,5.2107,9.9531,13.2446,0.0014,0.0023,0.0054
NTP,2024-01-15,29.67,30.65,29.6,30.02,101617,28.36,27.15,26.23,5.8358,10.5515,14.4314,-0.0045,-0.0075,0.005
NTP,2024-01-16,30.02,30.51,29.88,30.23,91494,28.62,27.4,26.33,5.6114,10.3289,14.792,0.0021,0.0032,0.005
NTP,2024-01-17,30.3,30.65,29.88,29.88,75279,28.85,27.63,26.43,3.574,8.1493,13.0343,-0.0205,-0.0312,0.0061
NTP,2024-01-18,30.3,31.56,30.16,30.37,196084,29.16,27.87,26.53,4.1616,8.9582,14.4485,-0.0512,-0.0763,0.0102
NTP,2024-01-19,30.44,30.65,30.16,30.37,61287,29.49,28.13,26.62,2.9726,7.9666,14.0664,-0.0023,-0.0037,0.01
NTP,2024-01-22,30.37,30.86,29.74,30.58,87223,29.77,28.37,26.72,2.7091,7.7741,14.4392,0.0124,0.0196,0.0108
NTP,2024-01-23,30.65,30.79,30.02,30.09,49291,29.88,28.58,26.81,0.6806,5.289,12.2126,-0.0132,-0.0201,0.0115
NTP,2024-01-24,30.02,30.16,29.46,29.53,71425,29.95,28.76,26.89,-1.4052,2.6829,9.792,-0.019,-0.0282,0.0134
NTP,2024-01-25,29.53,29.81,29.53,29.67,19949,30.03,28.96,26.98,-1.2144,2.4585,9.969,-0.0,-0.0,0.0127
NTP,2024-01-26,29.67,30.51,29.67,30.51,122714,30.12,29.13,27.07,1.2806,4.7436,12.6944,0.0473,0.0704,0.0172
NTP,2024-01-29,30.58,30.72,30.16,30.3,61554,30.15,29.26,27.15,0.4885,3.5599,11.59,-0.009,-0.0142,0.0177
NTP,2024-01-30,30.51,30.51,29.74,29.88,64292,30.12,29.37,27.23,-0.7918,1.7313,9.726,-0.0122,-0.0175,0.0187
NTP,2024-01-31,29.88,30.65,29.88,30.51,106774,30.18,29.51,27.32,1.0923,3.3745,11.6847,0.0098,0.0164,0.0176
NTP,2024-02-01,30.23,30.79,30.23,30.58,83676,30.2,29.68,27.41,1.2541,3.0367,11.5558,0.0072,0.0098,0.0132
NTP,2024-02-02,30.58,31.56,30.58,31.35,160385,30.3,29.9,27.52,3.4722,4.868,13.9026,0.0215,0.0333,0.0152
NTP,2024-02-05,31.56,31.56,31.14,31.21,45817,30.36,30.07,27.64,2.7951,3.8022,12.9261,-0.0074,-0.0123,0.0147
NTP,2024-02-06,31.35,31.35,30.86,31.21,58470,30.47,30.18,27.76,2.4166,3.4162,12.4467,0.0084,0.012,0.0142
NTP,2024-02-07,31.21,31.42,31.21,31.28,78310,30.65,30.3,27.88,2.0595,3.2407,12.2119,-0.0082,-0.0129,0.0131
NTP,2024-02-15,31.56,31.56,31.14,31.14,54308,30.8,30.41,28.0,1.1159,2.3867,11.2334,-0.0146,-0.0226,0.0146
NTP,2024-02-16,31.21,31.28,30.86,31.21,73919,30.87,30.5,28.11,1.1134,2.3459,11.0114,0.0126,0.0187,0.0111
NTP,2024-02-19,31.21,31.21,30.51,30.86,129760,30.92,30.54,28.23,-0.2041,1.0565,9.3331,0.0,0.0,0.0102
NTP,2024-02-20,30.86,31.07,30.58,30.86,78342,31.02,30.57,28.33,-0.52,0.9522,8.9379,0.0028,0.0041,0.0092
NTP,2024-02-21,30.65,30.93,30.37,30.37,93401,31.01,30.59,28.42,-2.0584,-0.7336,6.845,-0.0243,-0.0348,0.0107
NTP,2024-02-22,30.3,31.28,30.23,31.0,94324,31.05,30.62,28.53,-0.1581,1.2252,8.6476,0.0091,0.0141,0.0109
NTP,2024-02-23,31.21,31.42,30.86,30.86,85822,31.0,30.65,28.63,-0.4525,0.6865,7.8009,-0.0085,-0.0131,0.0096
NTP,2024-02-26,30.65,32.26,30.65,32.26,252400,31.11,30.73,28.75,3.7204,4.9749,12.2061,0.0519,0.0784,0.014
NTP,2024-02-27,32.47,33.67,32.47,33.17,206002,31.3,30.89,28.9,5.9825,7.4024,14.7947,0.0078,0.0119,0.014
NTP,2024-02-28,33.17,33.45,32.82,32.89,103152,31.46,31.06,29.04,4.5475,5.9169,13.2741,-0.0194,-0.0293,0.0151
NTP,2024-02-29,32.89,33.03,32.4,32.96,80691,31.65,31.22,29.18,4.1667,5.5824,12.9591,0.0132,0.0206,0.015
NTP,2024-03-01,32.4,32.96,32.19,32.68,95937,31.79,31.33,29.32,2.8017,4.3206,11.4566,0.0055,0.0088,0.0143
NTP,2024-03-04,32.68,33.24,32.47,32.61,58703,31.97,31.45,29.47,2.0184,3.7136,10.6669,-0.0077,-0.011,0.015
NTP,2024-03-05,32.61,32.68,32.19,32.26,108282,32.11,31.56,29.61,0.4806,2.2109,8.9634,-0.0148,-0.0207,0.0162
NTP,2024-03-06,32.26,33.31,32.05,32.47,45175,32.32,31.66,29.75,0.4774,2.5584,9.1466,-0.0028,-0.0045,0.0141
NTP,2024-03-07,32.33,32.61,31.77,32.05,47644,32.42,31.74,29.88,-1.1464,0.9945,7.2569,-0.003,-0.0043,0.0135
NTP,2024-03-08,32.12,32.47,31.91,31.98,93910,32.54,31.77,30.02,-1.703,0.6733,6.542,-0.0068,-0.0106,0.0133
NTP,2024-03-11,31.98,32.4,31.63,31.84,105113,32.49,31.8,30.14,-2.0073,0.1323,5.6404,-0.0085,-0.0125,0.0089
NTP,2024-03-12,31.63,32.19,31.56,31.84,93608,32.36,31.83,30.26,-1.6038,0.033,5.2339,-0.0026,-0.004,0.0084
NTP,2024-03-13,30.51,32.47,30.51,32.05,134684,32.28,31.87,30.38,-0.6953,0.5722,5.5037,0.0106,0.0144,0.0075
NTP,2024-03-14,32.05,32.82,31.91,32.12,122179,32.19,31.92,30.51,-0.2179,0.6372,5.2874,-0.0126,-0.0174,0.0075
NTP,2024-03-15,28.97,32.12,28.97,31.63,42613,32.09,31.94,30.6,-1.4208,-0.9662,3.3692,0.0058,0.008,0.0075
NTP,2024-03-18,31.7,31.7,30.09,30.37,114905,31.86,31.92,30.65,-4.6885,-4.8456,-0.9289,-0.0106,-0.0136,0.0078
NTP,2024-03-19,30.3,30.93,30.16,30.23,53333,31.66,31.88,30.71,-4.5193,-5.1914,-1.5532,-0.0095,-0.0133,0.0073
NTP,2024-03-20,30.16,30.51,30.16,30.51,17408,31.46,31.89,30.76,-3.0316,-4.3325,-0.8253,0.0031,0.0044,0.0073
NTP,2024-03-21,30.23,30.86,30.23,30.44,113765,31.3,31.86,30.83,-2.756,-4.4684,-1.2559,-0.0059,-0.0083,0.0076
NTP,2024-03-22,30.51,30.51,30.3,30.51,47407,31.15,31.85,30.9,-2.0711,-4.1956,-1.2531,0.0082,0.011,0.0077
NTP,2024-03-25,30.72,30.72,29.95,30.02,89193,30.97,31.73,30.94,-3.0797,-5.4039,-2.9831,-0.0123,-0.0165,0.0081
NTP,2024-03-26,29.81,30.51,29.67,30.51,48080,30.84,31.6,30.97,-1.0689,-3.4513,-1.4946,0.0083,0.0117,0.0087
NTP,2024-03-27,30.51,30.58,30.37,30.44,46182,30.68,31.48,31.0,-0.7773,-3.2977,-1.8188,-0.0037,-0.0051,0.008
NTP,2024-03-28,30.58,30.65,30.3,30.37,69420,30.5,31.35,31.03,-0.4369,-3.1212,-2.1425,-0.0092,-0.012,0.0077
NTP,2024-03-29,30.3,30.37,29.88,30.16,44321,30.35,31.22,31.05,-0.6469,-3.4033,-2.8556,0.0013,0.0017,0.0072
NTP,2024-04-01,30.16,30.16,29.6,29.95,46739,30.31,31.09,31.04,-1.2031,-3.6661,-3.529,0.0034,0.0046,0.0065
NTP,2024-04-02,29.67,30.51,29.39,29.88,52193,30.28,30.97,31.04,-1.3204,-3.5217,-3.7332,-0.0009,-0.0012,0.0056
NTP,2024-04-03,29.88,30.79,29.88,30.37,115592,30.26,30.86,31.05,0.3476,-1.6021,-2.1823,0.0012,0.0016,0.0054
NTP,2024-04-04,30.37,30.79,30.23,30.72,74562,30.29,30.8,31.05,1.4124,-0.2505,-1.0751,0.0095,0.0131,0.0058
NTP,2024-04-05,30.51,30.51,29.88,29.95,79436,30.24,30.7,31.05,-0.951,-2.4334,-3.5333,-0.009,-0.0123,0.0059
NTP,2024-04-08,29.95,29.95,29.18,29.32,143443,30.17,30.57,31.02,-2.8133,-4.0955,-5.4897,-0.0182,-0.0247,0.0065
NTP,2024-04-09,29.32,29.6,29.25,29.46,31658,30.06,30.45,31.01,-2.0065,-3.2592,-4.9989,0.0013,0.0017,0.0058
NTP,2024-04-10,29.46,29.46,29.18,29.18,70450,29.93,30.31,31.0,-2.5305,-3.726,-5.8824,-0.0145,-0.0195,0.0069
NTP,2024-04-11,29.04,29.11,28.41,29.04,84257,29.8,30.15,30.99,-2.5653,-3.6985,-6.2967,0.0199,0.0269,0.0079
NTP,2024-04-12,28.76,30.02,28.62,29.46,76668,29.73,30.04,30.97,-0.92,-1.9493,-4.8741,0.0039,0.0054,0.0082
NTP,2024-04-15,29.53,29.53,28.41,28.41,46205,29.58,29.94,30.93,-3.9601,-5.1411,-8.1591,-0.0037,-0.0054,0.0082
NTP,2024-04-16,28.26,28.26,27.35,27.84,95856,29.37,29.83,30.89,-5.2053,-6.6431,-9.8547,0.0012,0.0016,0.0082
NTP,2024-04-17,27.84,27.84,27.42,27.42,53559,29.08,29.67,30.83,-5.6922,-7.5759,-11.0393,-0.0087,-0.0123,0.009
NTP,2024-04-19,27.35,27.42,26.58,26.72,72267,28.68,29.49,30.75,-6.8232,-9.372,-13.097,-0.0082,-0.0108,0.0089
NTP,2024-04-22,26.65,28.05,26.65,27.0,43200,28.38,29.31,30.66,-4.8678,-7.8727,-11.9356,-0.0077,-0.0101,0.0087
NTP,2024-04-23,27.35,28.33,27.35,27.49,66432,28.2,29.18,30.59,-2.5118,-5.7919,-10.1165,-0.0138,-0.0188,0.0083
NTP,2024-04-24,27.49,27.98,27.35,27.98,220681,28.05,29.06,30.52,-0.25,-3.693,-8.318,0.0492,0.059,0.0131
NTP,2024-04-25,28.05,28.41,27.98,28.05,167365,27.94,28.94,30.46,0.4016,-3.0538,-7.8935,-0.0494,-0.0559,0.0166
NTP,2024-04-26,28.05,28.62,27.84,28.62,174607,27.9,28.85,30.41,2.5641,-0.8144,-5.8954,0.0691,0.0809,0.0215
NTP,2024-05-02,28.62,29.11,28.62,28.97,43022,27.85,28.79,30.36,4.004,0.609,-4.6013,0.0081,0.0103,0.0219
NTP,2024-05-03,28.97,29.32,28.9,29.25,36985,27.94,28.76,30.33,4.695,1.7073,-3.5749,0.008,0.0103,0.0224
NTP,2024-05-06,29.11,29.46,29.11,29.32,47242,28.08,28.73,30.3,4.3956,2.0508,-3.2452,0.002,0.0028,0.0224
NTP,2024-05-07,29.32,29.67,29.32,29.67,50365,28.31,28.69,30.29,4.8067,3.3977,-2.0425,0.0194,0.0221,0.0235
NTP,2024-05-08,29.25,29.67,29.25,29.6,52668,28.59,28.64,30.26,3.5075,3.3554,-2.1835,0.0081,0.0111,0.0235
NTP,2024-05-09,29.81,29.81,29.46,29.46,37398,28.84,28.61,30.23,2.1401,2.9538,-2.5567,-0.0102,-0.0129,0.0237
NTP,2024-05-10,29.46,29.67,29.46,29.6,29503,29.05,28.63,30.18,1.8832,3.3934,-1.9198,0.0031,0.0041,0.0227
NTP,2024-05-13,29.6,29.74,29.6,29.67,93001,29.22,28.64,30.11,1.5362,3.6003,-1.4583,-0.0,-0.0,0.0177
NTP,2024-05-14,29.67,29.67,29.46,29.67,25047,29.38,28.66,30.04,0.9787,3.5115,-1.2467,0.0087,0.0116,0.0137
NTP,2024-05-15,29.81,29.88,29.6,29.81,43612,29.5,28.7,29.98,1.0461,3.8612,-0.5708,0.0064,0.0082,0.0074
NTP,2024-05-16,29.81,29.95,29.81,29.95,12702,29.6,28.72,29.92,1.1848,4.2608,0.0797,0.0029,0.0039,0.0069
NTP,2024-05-17,29.95,30.02,29.74,30.02,32259,29.67,28.8,29.87,1.1581,4.2123,0.4883,0.0073,0.0097,0.0068
NTP,2024-05-20,30.23,32.96,30.23,32.96,185504,30.04,29.06,29.89,9.7362,13.4307,10.2976,0.0322,0.0464,0.0098
NTP,2024-05-21,33.67,35.77,33.67,34.37,303282,30.51,29.41,29.92,12.6437,16.8614,14.8455,-0.0216,-0.0331,0.01
NTP,2024-05-22,34.44,37.8,34.37,37.8,541230,31.33,29.96,30.04,20.6627,26.1704,25.8464,0.0866,0.1562,0.0179
NTP,2024-05-23,39.14,41.52,37.87,41.52,758477,32.54,30.69,30.23,27.6137,35.2988,37.3486,0.1273,0.2246,0.0296
NTP,2024-05-24,42.78,45.59,42.64,43.91,813371,33.97,31.51,30.47,29.2587,39.3433,44.0869,-0.021,-0.0406,0.0314
NTP,2024-05-27,43.91,44.19,40.82,41.03,324006,35.1,32.16,30.66,16.8831,27.576,33.8428,-0.0822,-0.1611,0.0396
NTP,2024-05-28,41.03,42.36,40.61,41.03,343607,36.24,32.81,30.83,13.2185,25.0534,33.0634,-0.0437,-0.0772,0.0431
NTP,2024-05-29,41.38,42.71,40.89,41.31,433163,37.39,33.44,31.02,10.4858,23.5189,33.1796,-0.037,-0.072,0.0462
NTP,2024-05-30,42.02,42.02,37.46,38.24,694357,38.22,33.91,31.15,0.0629,12.784,22.7683,-0.0838,-0.1294,0.0543
NTP,2024-05-31,38.24,39.81,37.81,39.6,212202,39.18,34.43,31.34,1.0762,15.0261,26.3713,0.0455,0.0812,0.0581
NTP,2024-06-03,39.67,40.67,39.67,39.96,260111,39.88,34.96,31.53,0.1986,14.2964,26.723,-0.0225,-0.0415,0.0571
NTP,2024-06-04,40.1,40.31,39.24,39.46,197487,40.39,35.45,31.71,-2.3008,11.3093,24.4328,-0.0267,-0.0464,0.0576
NTP,2024-06-05,39.46,43.38,38.81,43.31,904414,40.94,36.13,31.97,5.7972,19.8604,35.4838,0.1599,0.2804,0.065
NTP,2024-06-06,44.24,44.59,41.95,42.81,451582,41.06,36.8,32.21,4.2489,16.3287,32.8986,-0.0492,-0.0894,0.0571
NTP,2024-06-07,42.81,43.38,41.1,41.6,322116,40.83,37.4,32.44,1.8679,11.2196,28.2115,-0.0622,-0.1161,0.0613
NTP,2024-06-10,41.53,42.74,41.38,42.1,200799,40.94,38.02,32.68,2.8225,10.7154,28.8307,0.0027,0.005,0.0533
NTP,2024-06-11,42.1,42.74,40.67,41.24,277813,40.96,38.6,32.89,0.6796,6.8377,25.3815,-0.023,-0.04,0.0512
NTP,2024-06-12,41.1,43.17,40.31,42.24,485600,41.05,39.22,33.13,2.8849,7.6914,27.4982,0.0324,0.0568,0.0508
NTP,2024-06-13,42.24,44.95,41.38,44.59,476998,41.69,39.95,33.42,6.9656,11.6108,33.4425,0.0915,0.1647,0.0516
NTP,2024-06-14,44.59,47.66,44.52,45.59,895564,42.29,40.73,33.73,7.8117,11.9294,35.1661,-0.029,-0.0598,0.0499
NTP,2024-06-17,46.38,47.45,42.88,43.67,722865,42.66,41.27,34.01,2.3583,5.8101,28.4051,-0.1144,-0.2051,0.0591
NTP,2024-06-18,44.17,44.52,43.38,44.09,277013,43.12,41.75,34.28,2.2502,5.6029,28.6257,0.0151,0.0259,0.0579
NTP,2024-06-19,44.17,44.59,43.17,43.95,213927,43.19,42.06,34.55,1.7677,4.4919,27.2274,0.0053,0.0095,0.0425
NTP,2024-06-20,44.02,45.88,43.81,44.88,243223,43.39,42.23,34.84,3.4199,6.2728,28.799,0.002,0.0041,0.0378
NTP,2024-06-21,45.02,46.31,44.24,44.38,348823,43.67,42.25,35.15,1.6174,5.0312,26.2739,-0.0676,-0.1336,0.0383
NTP,2024-06-24,44.95,44.95,40.03,40.38,622022,43.5,42.22,35.36,-7.1675,-4.3518,14.1952,-0.0674,-0.1141,0.0448
NTP,2024-06-25,40.38,42.17,38.89,41.74,264328,43.55,42.26,35.61,-4.1612,-1.224,17.1959,0.0759,0.1307,0.0501
NTP,2024-06-26,41.03,42.31,40.81,41.74,121559,43.5,42.28,35.87,-4.0512,-1.2741,16.3658,0.0092,0.0145,0.0477
NTP,2024-06-27,41.74,42.31,41.38,42.02,94067,43.24,42.47,36.12,-2.8213,-1.0417,16.3462,0.0148,0.0273,0.0401
NTP,2024-06-28,42.1,42.1,40.03,40.81,160423,42.77,42.53,36.37,-4.5712,-4.0349,12.2173,-0.0092,-0.0167,0.0381
NTP,2024-07-01,40.88,41.45,40.38,41.45,96714,42.55,42.6,36.64,-2.5658,-2.6964,13.1362,0.0344,0.0514,0.0301
NTP,2024-07-02,41.45,42.31,41.1,41.45,106046,42.28,42.7,36.92,-1.9575,-2.924,12.2763,-0.0161,-0.0259,0.0302
NTP,2024-07-03,40.88,41.67,40.88,41.1,133917,42.0,42.59,37.21,-2.1407,-3.5095,10.45,-0.0258,-0.0429,0.0322
NTP,2024-07-04,41.17,41.81,41.03,41.38,124230,41.65,42.52,37.5,-0.6339,-2.6764,10.364,-0.0042,-0.0065,0.0324
NTP,2024-07-05,41.24,43.52,41.1,43.45,833644,41.55,42.61,37.82,4.5673,1.9673,14.9041,0.2497,0.4525,0.0507
NTP,2024-07-08,46.31,47.8,43.95,44.89,386195,42.0,42.75,38.15,6.875,5.0039,17.662,-0.05,-0.0909,0.0489
NTP,2024-07-09,44.89,45.52,44.11,44.26,261251,42.26,42.9,38.48,4.7505,3.1704,15.0389,-0.0485,-0.0915,0.0462
NTP,2024-07-10,44.34,46.7,44.19,45.36,465108,42.62,43.06,38.81,6.4378,5.3477,16.877,-0.0066,-0.0119,0.0459
NTP,2024-07-11,45.36,46.7,44.89,45.44,360637,42.96,43.1,39.14,5.7739,5.4261,16.0937,-0.037,-0.0677,0.0482
NTP,2024-07-12,45.52,46.31,44.34,44.89,231794,43.37,43.07,39.46,3.5119,4.2361,13.7805,-0.0355,-0.0697,0.0508
NTP,2024-07-15,44.89,44.89,44.26,44.42,122419,43.67,43.11,39.76,1.73,3.0523,11.7315,-0.0245,-0.0467,0.0498
NTP,2024-07-16,44.74,44.89,43.64,43.95,131877,43.92,43.1,40.04,0.0793,1.9768,9.7585,-0.0172,-0.0324,0.0499
NTP,2024-07-17,44.58,46.07,42.38,42.93,708317,44.1,43.05,40.31,-2.6503,-0.2724,6.5013,-0.0835,-0.1825,0.0557
NTP,2024-07-18,43.17,44.34,43.17,44.34,137222,44.4,43.02,40.61,-0.1174,3.0734,9.1994,0.0281,0.052,0.0581
NTP,2024-07-19,44.34,44.34,42.46,42.46,225540,44.3,42.92,40.86,-4.146,-1.0842,3.9026,-0.0526,-0.1117,0.0384
NTP,2024-07-22,43.09,43.64,42.38,43.01,393490,44.11,43.06,41.13,-2.4911,-0.1098,4.5643,0.0,0.0,0.0334
NTP,2024-07-23,43.01,43.09,41.6,42.62,143185,43.94,43.1,41.39,-3.0184,-1.1219,2.9619,0.0104,0.0209,0.0295
NTP,2024-07-24,43.09,45.13,42.85,44.97,434000,43.9,43.26,41.69,2.4312,3.9512,7.8602,0.0955,0.1925,0.0384
NTP,2024-07-25,45.52,49.05,45.21,47.87,1125661,44.15,43.55,42.05,8.4444,9.9204,13.846,0.2039,0.4337,0.0551
NTP,2024-07-26,48.27,49.37,47.09,48.27,464906,44.48,43.93,42.42,8.5039,9.8809,13.7915,0.0069,0.0132,0.0523
NTP,2024-07-29,48.27,49.13,47.17,47.17,735564,44.76,44.21,42.7,5.3831,6.6856,10.4613,-0.2777,-0.5749,0.0776
NTP,2024-07-30,47.09,50.94,46.7,49.05,808480,45.27,44.59,42.99,8.3565,10.0007,14.0877,0.0269,0.0752,0.0785
NTP,2024-07-31,49.05,49.44,47.87,48.19,313194,45.79,44.95,43.2,5.2271,7.2122,11.5409,-0.0478,-0.1045,0.075
NTP,2024-08-01,43.4,48.42,43.4,44.26,949338,45.79,45.09,43.26,-3.3253,-1.8332,2.3278,-0.1075,-0.2195,0.0829
NTP,2024-08-02,44.26,46.07,42.38,46.07,460084,46.15,45.22,43.3,-0.1701,1.8743,6.3943,0.0926,0.2002,0.0869
NTP,2024-08-05,44.74,45.68,43.32,43.32,395838,46.18,45.14,43.35,-6.1863,-4.0334,-0.0554,-0.0565,-0.1263,0.0926
NTP,2024-08-06,43.32,45.91,43.32,44.74,337893,46.39,45.17,43.42,-3.5696,-0.9557,3.0276,0.0083,0.0171,0.0924
NTP,2024-08-07,44.74,48.35,44.74,47.8,711244,46.67,45.29,43.55,2.4046,5.5368,9.7489,0.1706,0.3339,0.0999
NTP,2024-08-08,47.8,47.95,46.7,47.09,216918,46.6,45.37,43.73,1.0611,3.7883,7.6895,-0.0255,-0.0652,0.082
NTP,2024-08-09,47.17,49.52,47.17,47.33,535854,46.5,45.49,43.88,1.7722,4.0283,7.8468,-0.1569,-0.2917,0.097
NTP,2024-08-12,47.4,48.82,46.7,48.5,333856,46.63,45.7,44.05,4.0054,6.14,10.1007,0.0754,0.1582,0.0768
NTP,2024-08-13,48.5,48.5,47.33,48.11,225979,46.54,45.9,44.23,3.3727,4.8042,8.7825,0.0336,0.07,0.0775
NTP,2024-08-14,48.66,51.33,48.58,50.23,1081483,46.74,46.27,44.36,7.4547,8.5574,13.2196,0.0811,0.176,0.0808
NTP,2024-08-15,50.23,51.8,49.05,50.62,412869,47.38,46.58,44.52,6.8411,8.6682,13.7037,0.0243,0.0565,0.0725
NTP,2024-08-16,50.23,55.64,50.07,55.64,1556950,48.34,47.24,44.8,15.1161,17.7839,24.2021,0.2118,0.5564,0.0844
NTP,2024-08-19,56.74,57.37,54.39,55.64,707596,49.57,47.87,45.07,12.2546,16.2295,23.4554,-0.0343,-0.0845,0.0822
NTP,2024-08-20,55.64,56.9,53.92,54.7,761970,50.57,48.48,45.34,8.1794,12.8379,20.6451,-0.091,-0.2214,0.0905
NTP,2024-08-21,53.84,56.12,53.6,55.17,841186,51.3,48.99,45.6,7.5417,12.6242,20.9934,0.051,0.1191,0.0785
NTP,2024-08-22,55.57,57.76,55.17,55.25,550773,52.12,49.36,45.81,6.0081,11.9415,20.6017,-0.1762,-0.4585,0.0936
NTP,2024-08-23,55.25,56.12,54.39,54.47,420998,52.83,49.67,45.99,3.0897,9.6626,18.4297,-0.1167,-0.3117,0.0895
NTP,2024-08-26,54.62,56.04,52.58,53.13,468580,53.3,49.97,46.18,-0.3092,6.3379,15.055,-0.0784,-0.1764,0.0898
NTP,2024-08-27,53.13,55.25,52.98,55.25,746895,54.01,50.28,46.4,2.2958,9.897,19.0682,0.2587,0.5747,0.1124
NTP,2024-08-28,55.72,55.72,53.92,54.07,257921,54.4,50.57,46.61,-0.5916,6.9295,16.025,-0.0675,-0.1752,0.111
NTP,2024-08-29,54.86,54.86,53.45,53.92,136623,54.73,51.05,46.79,-1.4771,5.6111,15.2412,-0.0144,-0.0359,0.11
NTP,2024-08-30,53.92,55.02,53.45,54.55,303028,54.62,51.48,46.99,-0.1293,5.9613,16.0786,0.0396,0.0972,0.0928
NTP,2024-09-04,53.76,54.07,52.82,53.29,520691,54.38,51.98,47.25,-2.0061,2.5292,12.7868,-0.0381,-0.0909,0.0932
NTP,2024-09-05,53.29,54.15,51.01,52.11,443258,54.12,52.34,47.46,-3.7123,-0.4423,9.813,-0.0444,-0.0963,0.0885
NTP,2024-09-06,52.19,53.76,51.25,53.76,330440,53.98,52.64,47.7,-0.4071,2.1245,12.7149,0.1146,0.2488,0.0949
NTP,2024-09-09,53.37,53.68,52.82,52.82,179997,53.74,52.93,47.91,-1.7088,-0.2076,10.2413,-0.095,-0.2165,0.0867
NTP,2024-09-10,53.21,55.33,52.82,53.92,992096,53.68,53.26,48.17,0.4386,1.2378,11.9223,-0.0378,-0.0938,0.0788
NTP,2024-09-11,54.0,55.1,52.9,54.31,559518,53.8,53.55,48.43,0.9482,1.4217,12.1383,0.0634,0.1667,0.0773
NTP,2024-09-12,53.76,57.84,53.76,56.27,1589157,53.9,53.96,48.73,4.3972,4.2909,15.4829,0.183,0.459,0.0698
NTP,2024-09-13,56.27,56.9,55.88,55.96,450002,54.09,54.24,49.03,3.4533,3.1614,14.1424,-0.1883,-0.4673,0.0819
NTP,2024-09-16,56.04,57.21,54.86,54.94,939689,54.19,54.46,49.3,1.3758,0.8791,11.4449,-0.2748,-0.6419,0.1079
NTP,2024-09-17,54.94,54.94,49.6,50.23,2363315,53.76,54.19,49.43,-6.5693,-7.3068,1.6131,-0.474,-1.0273,0.1513
NTP,2024-09-18,49.6,51.64,49.6,50.15,781146,53.45,53.91,49.54,-6.1674,-6.9801,1.2389,-0.1418,-0.2803,0.1617
NTP,2024-09-19,49.84,52.9,49.84,52.11,922187,53.45,53.78,49.69,-2.4963,-3.1081,4.8675,0.19,0.4322,0.1763
NTP,2024-09-20,52.58,52.98,51.56,52.11,649676,53.28,53.63,49.83,-2.1947,-2.8316,4.5834,-0.0352,-0.0746,0.1683
NTP,2024-09-23,52.19,52.35,50.7,51.25,484061,53.13,53.43,49.95,-3.5308,-4.0834,2.6116,-0.0627,-0.1513,0.1651
NTP,2024-09-24,51.25,52.11,50.86,51.96,362260,52.93,53.31,50.09,-1.8387,-2.5324,3.7325,0.0805,0.1861,0.1694
NTP,2024-09-25,52.03,52.11,50.78,51.41,649429,52.64,53.22,50.23,-2.3408,-3.4066,2.3501,-0.0082,-0.0187,0.1638
NTP,2024-09-26,51.41,51.48,50.7,50.94,522141,52.1,53.0,50.37,-2.2443,-3.9017,1.1313,-0.0472,-0.1119,0.1503
NTP,2024-09-27,50.86,51.17,50.23,50.23,504591,51.53,52.81,50.51,-2.5282,-4.8893,-0.5594,-0.1465,-0.3372,0.1461
NTP,2024-09-30,50.23,50.23,48.11,48.11,821737,50.85,52.52,50.59,-5.3866,-8.3981,-4.8964,-0.2657,-0.5568,0.1452
NTP,2024-10-01,48.11,48.82,47.48,47.56,655703,50.58,52.17,50.69,-5.9736,-8.8379,-6.1716,-0.1214,-0.2481,0.1099
NTP,2024-10-02,47.87,47.87,46.23,46.46,609855,50.21,51.83,50.76,-7.4711,-10.3574,-8.464,-0.1144,-0.2604,0.1072
NTP,2024-10-03,46.54,47.33,45.05,46.62,752682,49.66,51.56,50.84,-6.1315,-9.5753,-8.2994,0.0444,0.1005,0.0926
NTP,2024-10-04,46.78,47.87,45.91,47.33,311216,49.19,51.23,50.89,-3.7817,-7.6287,-6.9961,0.0339,0.0777,0.0925
NTP,2024-10-07,48.19,48.19,46.62,46.7,244878,48.73,50.93,50.86,-4.1714,-8.3064,-8.1875,-0.0958,-0.1957,0.0958
NTP,2024-10-08,46.31,48.66,46.07,48.27,609011,48.36,50.65,50.86,-0.1947,-4.6955,-5.1014,0.1116,0.2351,0.0989
NTP,2024-10-09,47.87,48.27,47.64,47.8,137866,48.0,50.32,50.87,-0.4251,-5.0144,-6.0504,-0.0192,-0.0361,0.1
NTP,2024-10-10,47.87,48.35,47.4,47.4,168893,47.65,49.88,50.84,-0.5106,-4.9567,-6.7614,-0.0375,-0.0706,0.099
NTP,2024-10-11,47.25,47.72,46.85,47.64,185516,47.39,49.46,50.83,0.53,-3.6814,-6.278,0.0564,0.1063,0.09
NTP,2024-10-14,47.8,48.11,47.09,47.4,176391,47.32,49.08,50.89,0.1824,-3.4218,-6.8562,-0.0173,-0.0368,0.0652
NTP,2024-10-15,47.17,47.56,46.54,47.4,252463,47.3,48.94,50.92,0.2157,-3.143,-6.9051,0.0407,0.0897,0.0571
NTP,2024-10-16,47.01,49.21,47.01,48.66,745137,47.52,48.87,51.03,2.3947,-0.4256,-4.6389,0.1415,0.2807,0.0598
NTP,2024-10-17,48.66,49.6,48.27,49.44,456141,47.8,48.73,51.12,3.4313,1.4574,-3.2793,0.0736,0.1685,0.0627
NTP,2024-10-18,49.44,49.68,48.58,48.58,269529,47.93,48.56,51.14,1.3591,0.0485,-4.9972,-0.0681,-0.1568,0.0662
NTP,2024-10-21,47.95,48.19,46.85,46.85,648371,47.95,48.34,51.13,-2.2753,-3.0687,-8.3653,-0.1618,-0.3188,0.0728
NTP,2024-10-22,47.09,48.03,46.62,46.78,445693,47.8,48.08,51.12,-2.1346,-2.7098,-8.4991,-0.101,-0.1968,0.0717
NTP,2024-10-23,46.78,47.09,46.54,46.7,152630,47.69,47.84,51.08,-2.0737,-2.395,-8.5881,-0.0268,-0.0552,0.0725
NTP,2024-10-24,46.78,47.56,46.78,46.78,168562,47.62,47.64,51.06,-1.7798,-1.8041,-8.3866,-0.0367,-0.0743,0.0724
NTP,2024-10-25,47.4,47.48,46.31,46.31,166295,47.49,47.44,50.98,-2.4955,-2.3906,-9.1693,-0.0596,-0.1159,0.0727
NTP,2024-10-28,46.31,46.31,45.68,45.68,286312,47.32,47.32,50.88,-3.4666,-3.4666,-10.2268,-0.1413,-0.2647,0.0851
NTP,2024-10-29,45.68,46.54,45.68,46.31,118473,47.21,47.25,50.69,-1.9119,-2.0096,-8.6574,0.021,0.04,0.0831
NTP,2024-10-30,45.52,46.85,43.01,46.31,116112,46.97,47.25,50.51,-1.4202,-1.9934,-8.3196,0.0415,0.0696,0.0731
NTP,2024-10-31,46.31,46.93,45.83,46.31,62563,46.66,47.23,50.34,-0.7569,-1.9608,-8.0137,-0.004,-0.0076,0.0662
NTP,2024-11-01,46.31,46.31,45.36,45.36,179015,46.34,47.13,50.14,-2.1003,-3.7549,-9.532,-0.0535,-0.0981,0.0647
NTP,2024-11-04,45.36,45.44,44.03,44.03,273085,46.05,47.0,49.92,-4.3967,-6.3204,-11.798,-0.0879,-0.1687,0.0573
NTP,2024-11-05,44.66,44.66,44.11,44.5,54960,45.83,46.81,49.72,-2.8943,-4.9375,-10.4972,0.0121,0.0231,0.0484
NTP,2024-11-06,44.66,46.15,44.66,46.15,222459,45.77,46.73,49.58,0.823,-1.2429,-6.9208,0.0692,0.133,0.0527
NTP,2024-11-07,46.15,46.31,45.52,45.6,142174,45.65,46.64,49.39,-0.1203,-2.2297,-7.6693,-0.0408,-0.0824,0.0531
NTP,2024-11-08,45.52,45.52,44.58,45.36,275664,45.56,46.52,49.21,-0.4307,-2.4966,-7.8209,0.0633,0.1176,0.0535
NTP,2024-11-11,45.52,47.4,44.74,47.01,430976,45.69,46.51,49.07,2.8856,1.0885,-4.2029,0.0816,0.1463,0.0475
NTP,2024-11-12,45.52,47.4,44.74,45.99,147641,45.66,46.43,48.9,0.7219,-0.955,-5.9541,-0.0027,-0.005,0.0456
NTP,2024-11-13,45.99,46.78,45.68,46.54,235807,45.69,46.33,48.77,1.8725,0.4574,-4.5673,0.0454,0.0867,0.046
NTP,2024-11-14,46.54,48.5,46.54,47.72,892735,45.83,46.24,48.68,4.1274,3.1908,-1.9766,0.0453,0.0919,0.0502
NTP,2024-11-15,49.05,49.05,46.78,46.78,307259,45.97,46.15,48.54,1.7586,1.3519,-3.6347,-0.0782,-0.1659,0.0526
NTP,2024-11-18,46.78,46.78,44.97,46.23,305961,46.19,46.12,48.41,0.085,0.2297,-4.5071,0.0486,0.0933,0.0487
NTP,2024-11-19,46.07,46.23,44.89,44.89,255884,46.23,46.03,48.23,-2.8863,-2.464,-6.9162,-0.0761,-0.1308,0.0551
NTP,2024-11-20,44.74,45.52,44.26,45.36,191571,46.15,45.96,48.05,-1.7007,-1.2978,-5.5895,0.0549,0.0949,0.0537
NTP,2024-11-21,45.52,45.52,45.05,45.36,76825,46.12,45.89,47.83,-1.6505,-1.1459,-5.1588,0.0097,0.0185,0.0506
NTP,2024-11-22,45.36,45.76,44.97,45.76,176334,46.16,45.86,47.63,-0.8841,-0.231,-3.9285,0.0665,0.1428,0.0509
NTP,2024-11-25,45.76,46.38,45.05,46.31,168468,46.09,45.89,47.45,0.4597,0.8978,-2.4213,0.0653,0.1372,0.0493
NTP,2024-11-26,46.62,47.09,46.31,46.46,206767,46.14,45.9,47.38,0.6974,1.2225,-1.9348,-0.0529,-0.1127,0.0543
NTP,2024-11-27,46.46,46.62,45.91,45.91,114130,46.08,45.88,47.29,-0.3577,0.0684,-2.9207,-0.0614,-0.1167,0.0559
NTP,2024-11-28,46.07,47.4,45.68,47.25,444475,46.03,45.93,47.2,2.6428,2.8708,0.1064,0.1693,0.3505,0.0683
NTP,2024-11-29,47.25,47.72,46.78,47.33,227710,46.09,46.03,47.1,2.6907,2.8221,0.4766,0.0148,0.0279,0.0619
NTP,2024-12-02,47.33,47.4,46.85,47.25,111927,46.19,46.19,47.02,2.294,2.294,0.4807,0.0296,0.0551,0.06
NTP,2024-12-03,47.25,49.37,46.78,48.35,813607,46.53,46.38,46.95,3.8961,4.2389,2.9756,0.0532,0.1176,0.0578
NTP,2024-12-04,48.5,49.68,48.5,49.37,579229,46.93,46.54,46.91,5.1839,6.0708,5.2403,0.0851,0.1909,0.0608
NTP,2024-12-05,49.44,50.86,49.21,50.23,682242,47.42,46.77,46.89,5.9252,7.3916,7.113,0.0227,0.0527,0.0621
NTP,2024-12-06,50.23,51.25,49.29,50.54,971099,47.9,47.03,46.9,5.5219,7.4677,7.768,0.078,0.1779,0.0632
NTP,2024-12-09,50.15,50.62,49.84,49.84,314132,48.25,47.17,46.93,3.2856,5.6485,6.1837,-0.1301,-0.3073,0.0697
NTP,2024-12-10,49.84,50.54,49.6,49.92,321005,48.6,47.37,46.98,2.7132,5.3765,6.2444,-0.0404,-0.0929,0.0685
NTP,2024-12-11,49.92,50.7,49.76,49.92,292335,49.0,47.54,47.05,1.8741,5.0025,6.0884,-0.0869,-0.1973,0.071
NTP,2024-12-12,50.23,52.03,49.99,51.72,1030897,49.44,47.74,47.15,4.6032,8.3436,9.6871,0.2543,0.5664,0.0795
NTP,2024-12-13,51.8,51.8,50.86,51.01,238883,49.81,47.95,47.23,2.4106,6.3917,8.0201,-0.0818,-0.1799,0.0862
NTP,2024-12-16,51.33,51.41,50.31,50.54,244916,50.14,48.17,47.3,0.7983,4.9373,6.849,-0.0766,-0.1769,0.0909
NTP,2024-12-17,50.46,51.48,50.31,50.94,222954,50.4,48.47,47.36,1.0589,5.0927,7.5572,0.0086,0.0171,0.0864
NTP,2024-12-18,50.94,51.01,50.39,50.46,173090,50.51,48.72,47.41,-0.0932,3.576,6.4428,-0.057,-0.1348,0.0836
NTP,2024-12-19,50.39,51.01,49.13,50.23,724757,50.51,48.97,47.47,-0.5594,2.5805,5.8201,0.0355,0.0792,0.0849
NTP,2024-12-20,50.23,50.39,49.44,49.76,307920,50.43,49.17,47.51,-1.3383,1.2052,4.7345,-0.0329,-0.0807,0.0804
NTP,2024-12-23,49.92,53.76,49.92,52.82,1225443,50.73,49.49,47.62,4.1151,6.7238,10.9243,0.2867,0.6562,0.0961
NTP,2024-12-24,52.9,53.68,52.11,52.27,419056,50.97,49.78,47.71,2.5562,4.9976,9.5467,-0.1057,-0.2514,0.1026
NTP,2024-12-25,52.27,52.51,50.86,51.25,835219,51.1,50.05,47.77,0.2918,2.3992,7.2919,-0.1266,-0.2896,0.1066
NTP,2024-12-26,51.41,52.03,51.09,51.25,256622,51.05,50.25,47.8,0.3843,1.9914,7.2109,-0.0572,-0.1362,0.0869
NTP,2024-12-27,51.25,51.25,50.46,50.54,327439,51.01,50.41,47.84,-0.9078,0.2647,5.6465,-0.0851,-0.1805,0.0872
NTP,2024-12-30,50.54,50.62,49.99,50.15,250107,50.97,50.55,47.91,-1.6015,-0.7995,4.682,-0.0438,-0.0986,0.0839
NTP,2024-12-31,50.07,51.17,49.99,50.23,250878,50.9,50.65,47.98,-1.3107,-0.829,4.6949,-0.0565,-0.1194,0.0887
NTP,2025-01-02,50.62,51.33,50.31,51.33,228717,50.98,50.75,48.07,0.6773,1.1445,6.779,0.1422,0.2996,0.0972
NTP,2025-01-03,51.33,51.8,50.78,51.01,365254,51.06,50.79,48.15,-0.0922,0.4481,5.9391,-0.0499,-0.1124,0.0987
NTP,2025-01-06,51.98,51.98,48.2,48.61,480315,50.95,50.69,48.2,-4.5946,-4.1122,0.8402,-0.1243,-0.2692,0.1078
NTP,2025-01-07,48.61,49.57,48.61,48.69,263936,50.53,50.63,48.26,-3.6551,-3.8445,0.8809,-0.0795,-0.1718,0.0871
NTP,2025-01-08,48.69,49.25,48.36,48.52,132824,50.16,50.56,48.3,-3.2561,-4.0301,0.4556,-0.0419,-0.0901,0.0807
NTP,2025-01-09,49.25,49.25,48.28,48.44,131046,49.88,50.49,48.35,-2.8731,-4.0494,0.2005,-0.0505,-0.1142,0.0731
NTP,2025-01-10,48.28,48.52,46.52,46.52,382817,49.4,50.23,48.35,-5.8453,-7.391,-3.796,-0.1062,-0.2378,0.078
NTP,2025-01-13,46.52,46.92,45.55,46.6,232198,49.01,50.01,48.38,-4.9232,-6.8214,-3.679,0.049,0.1038,0.0744
NTP,2025-01-14,46.68,47.0,46.03,46.36,112042,48.63,49.8,48.42,-4.6768,-6.9136,-4.2693,-0.019,-0.0411,0.0719
NTP,2025-01-15,46.6,47.56,46.44,47.16,105600,48.32,49.61,48.48,-2.4087,-4.9398,-2.717,0.013,0.0308,0.0675
NTP,2025-01-16,47.32,48.2,46.92,47.16,173744,47.91,49.44,48.5,-1.5594,-4.6221,-2.7575,-0.0523,-0.1112,0.0586
NTP,2025-01-17,47.16,47.64,46.76,47.64,129891,47.57,49.31,48.54,0.152,-3.3943,-1.8462,0.0652,0.1323,0.0601
NTP,2025-01-20,47.8,49.01,47.24,47.32,51158,47.44,49.19,48.58,-0.254,-3.8081,-2.5869,-0.0242,-0.0534,0.0501
NTP,2025-01-21,48.12,48.85,47.64,48.44,265998,47.42,48.97,48.6,2.1687,-1.0819,-0.3303,0.0472,0.111,0.0469
NTP,2025-01-22,48.52,48.69,47.4,47.56,164345,47.32,48.74,48.64,0.5093,-2.4172,-2.2116,-0.0439,-0.0994,0.0471
NTP,2025-01-23,47.56,48.93,47.56,48.36,163371,47.31,48.59,48.67,2.2245,-0.4742,-0.6343,0.0112,0.0228,0.0431
NTP,2025-01-24,48.85,49.65,48.77,49.01,296794,47.56,48.48,48.7,3.0405,1.0816,0.6329,-0.0496,-0.1053,0.0375
NTP,2025-02-03,49.17,49.25,48.12,48.69,120373,47.77,48.39,48.74,1.9173,0.6115,-0.1053,0.0,0.0,0.0326
NTP,2025-02-04,48.93,50.05,48.61,49.73,224841,48.11,48.37,48.81,3.3734,2.8146,1.8912,0.0386,0.1011,0.0345
NTP,2025-02-05,50.13,50.13,49.09,49.57,184363,48.35,48.34,48.9,2.5258,2.5524,1.3677,-0.0048,-0.0114,0.0337
NTP,2025-02-06,50.37,50.37,49.01,49.65,216588,48.6,48.25,48.99,2.1656,2.8972,1.3543,-0.0052,-0.012,0.029
NTP,2025-02-07,49.65,49.65,49.01,49.01,127324,48.73,48.15,49.06,0.5605,1.7769,-0.1063,-0.0439,-0.0961,0.0269
NTP,2025-02-10,49.01,49.01,47.96,47.96,196733,48.8,48.12,49.1,-1.7122,-0.3256,-2.3231,-0.0488,-0.0953,0.0293
NTP,2025-02-11,47.88,49.81,47.8,49.01,265963,48.85,48.14,49.16,0.3125,1.8109,-0.3058,0.0197,0.04,0.0266
NTP,2025-02-12,49.01,49.01,48.69,48.69,51442,48.97,48.14,49.2,-0.5742,1.1264,-1.0491,-0.0196,-0.0454,0.0241
NTP,2025-02-13,48.69,49.41,48.44,49.17,134779,49.05,48.18,49.27,0.2457,2.051,-0.2014,0.0253,0.0526,0.0256
NTP,2025-02-14,49.25,50.29,49.25,50.29,469745,49.18,48.37,49.33,2.2709,3.9781,1.9555,0.1261,0.2828,0.0332
NTP,2025-02-17,51.42,52.62,49.97,51.26,992792,49.43,48.6,49.41,3.6893,5.4633,3.7446,-0.0075,-0.0184,0.0339
NTP,2025-02-18,51.74,51.74,50.29,50.53,281221,49.51,48.81,49.47,2.0607,3.5306,2.1452,-0.064,-0.1648,0.0365
NTP,2025-02-19,51.02,51.82,50.37,51.5,467321,49.71,49.03,49.53,3.6043,5.0389,3.9615,0.0588,0.1554,0.0419
NTP,2025-02-20,51.5,52.38,51.18,51.42,344573,49.88,49.24,49.58,3.0762,4.4216,3.7134,-0.0578,-0.1361,0.0472
NTP,2025-02-21,51.42,52.62,51.26,51.82,438910,50.16,49.45,49.61,3.2992,4.7929,4.4567,-0.0253,-0.0615,0.0453
NTP,2025-02-24,51.82,51.82,50.69,51.58,420408,50.53,49.66,49.63,2.083,3.8583,3.9275,0.0522,0.1198,0.0456
NTP,2025-02-25,51.58,52.46,50.85,51.02,408325,50.73,49.79,49.65,0.5702,2.4607,2.7455,-0.0842,-0.2112,0.0521
NTP,2025-02-26,51.02,52.78,51.02,52.06,771356,51.06,50.01,49.69,1.9509,4.088,4.7585,0.0364,0.0933,0.0538
NTP,2025-02-27,52.22,54.15,52.06,52.94,886122,51.44,50.24,49.76,2.9205,5.3726,6.4071,-0.0247,-0.0634,0.0537
NTP,2025-02-28,52.78,53.02,51.58,51.98,396643,51.61,50.39,49.76,0.7161,3.1487,4.4587,-0.0439,-0.1084,0.0455
NTP,2025-03-03,51.74,52.3,50.77,51.02,475351,51.59,50.51,49.76,-1.1057,1.0021,2.5212,-0.0841,-0.212,0.0531
NTP,2025-03-04,51.02,51.98,50.93,51.66,284708,51.7,50.61,49.78,-0.0777,2.0797,3.7663,0.0293,0.0664,0.0497
NTP,2025-03-05,51.82,53.67,51.42,53.26,1171999,51.87,50.79,49.83,2.6793,4.8719,6.8939,0.1194,0.3031,0.0557
NTP,2025-03-06,53.26,55.27,53.26,53.83,982057,52.12,51.0,49.9,3.2835,5.5451,7.8769,-0.0564,-0.1532,0.0556
NTP,2025-03-07,53.43,54.95,53.26,54.95,651945,52.43,51.3,49.99,4.8115,7.1261,9.9229,0.1343,0.3639,0.0665
NTP,2025-03-10,54.95,55.51,53.83,53.99,421565,52.67,51.6,50.08,2.5015,4.6322,7.812,-0.0734,-0.1773,0.0686
NTP,2025-03-11,53.91,56.24,53.02,56.24,890239,53.19,51.96,50.14,5.7242,8.2335,12.1511,0.1496,0.3862,0.0752
NTP,2025-03-12,56.24,56.32,55.27,55.35,297804,53.52,52.29,50.21,3.4224,5.8534,10.2531,-0.0468,-0.1187,0.0762
NTP,2025-03-13,49.89,55.43,49.89,53.26,630224,53.55,52.5,50.25,-0.5401,1.4615,6.0075,0.0225,0.0561,0.076
NTP,2025-03-14,53.26,53.91,52.38,52.38,399144,53.59,52.6,50.27,-2.2635,-0.42,4.2018,-0.0748,-0.1841,0.0791
NTP,2025-03-17,52.54,53.51,51.42,53.51,499406,53.84,52.71,50.33,-0.6267,1.5012,6.3139,0.1334,0.3214,0.084
NTP,2025-03-18,53.51,53.51,52.7,52.86,260676,53.96,52.83,50.38,-2.0396,0.0608,4.9238,-0.0287,-0.0724,0.0839
NTP,2025-03-19,52.62,54.07,52.54,53.1,236981,53.95,52.91,50.44,-1.5637,0.3644,5.282,-0.0156,-0.0332,0.0735
NTP,2025-03-20,53.43,54.79,52.78,54.63,555968,54.03,53.07,50.51,1.1152,2.9367,8.1666,0.1203,0.3295,0.0799
NTP,2025-03-21,54.63,55.27,53.99,54.07,143229,53.94,53.18,50.57,0.2383,1.6616,6.9238,-0.0324,-0.0896,0.0697
NTP,2025-03-24,54.07,54.07,52.62,53.26,359636,53.87,53.27,50.66,-1.1186,-0.0075,5.1413,-0.0079,-0.0197,0.0632
NTP,2025-03-25,53.43,54.39,53.02,53.91,274845,53.63,53.41,50.76,0.5093,0.925,6.191,0.0224,0.0569,0.0505
NTP,2025-03-26,53.99,55.03,53.75,54.31,559436,53.53,53.53,50.88,1.4558,1.4634,6.7391,-0.0218,-0.0512,0.048
NTP,2025-03-27,54.39,54.87,53.67,54.23,319347,53.63,53.59,51.0,1.1236,1.1918,6.3394,-0.0061,-0.0162,0.0463
NTP,2025-03-28,54.23,56.16,53.99,54.47,874185,53.84,53.71,51.15,1.1789,1.4059,6.4799,-0.1592,-0.4016,0.0548
NTP,2025-03-31,54.47,54.47,53.02,53.02,577952,53.79,53.82,51.28,-1.419,-1.4705,3.3932,-0.1308,-0.3059,0.0545
NTP,2025-04-01,52.94,53.75,52.86,53.75,418968,53.88,53.92,51.43,-0.2386,-0.3204,4.5019,0.1465,0.3564,0.0663
NTP,2025-04-02,52.38,54.63,51.82,54.23,307832,53.99,53.97,51.57,0.4464,0.4838,5.15,0.0552,0.1468,0.0702
NTP,2025-04-03,54.31,54.31,48.85,48.85,1316354,53.41,53.72,51.61,-8.5439,-9.0705,-5.349,-0.078,-0.1825,0.066
NTP,2025-04-04,46.44,50.29,45.07,48.2,458448,52.82,53.38,51.62,-8.7452,-9.6997,-6.6148,0.0065,0.0154,0.0634
NTP,2025-04-08,48.2,48.36,43.38,43.38,731744,51.83,52.85,51.54,-16.305,-17.9144,-15.8249,-0.0716,-0.156,0.0698
NTP,2025-04-09,39.04,45.63,39.04,43.87,503112,50.83,52.23,51.45,-13.7032,-16.0194,-14.7381,0.0214,0.052,0.0697
NTP,2025-04-10,48.2,48.2,47.72,48.2,50001,50.22,51.87,51.46,-4.0154,-7.0776,-6.329,0.0589,0.1428,0.0734
NTP,2025-04-11,49.81,50.61,47.08,49.41,485173,49.74,51.68,51.48,-0.6623,-4.3992,-4.0262,0.0112,0.0262,0.0739
NTP,2025-04-14,49.41,50.45,48.69,50.45,356951,49.34,51.59,51.51,2.2635,-2.1959,-2.0525,0.0567,0.1267,0.0637
NTP,2025-04-15,49.81,50.61,49.09,50.21,438356,49.05,51.42,51.54,2.3583,-2.3514,-2.5782,0.0417,0.0912,0.0548
NTP,2025-04-16,50.45,51.74,49.97,51.34,525035,48.81,51.34,51.57,5.1679,-0.0156,-0.458,0.0693,0.1472,0.047
NTP,2025-04-17,51.34,52.78,50.45,52.62,706608,48.65,51.32,51.63,8.1572,2.536,1.9138,0.1419,0.3319,0.0557
NTP,2025-04-18,52.22,54.31,52.22,52.62,664681,49.03,51.22,51.69,7.3243,2.737,1.7966,-0.065,-0.1843,0.0544
NTP,2025-04-21,52.7,55.43,52.7,54.63,654537,49.67,51.25,51.81,9.979,6.5998,5.4525,0.056,0.1558,0.0594
NTP,2025-04-22,55.27,55.92,50.53,54.63,1025529,50.8,51.32,51.94,7.5439,6.4579,5.1817,0.0585,0.1576,0.0581
NTP,2025-04-23,54.87,57.44,54.63,56.88,871881,52.1,51.47,52.1,9.175,10.5214,9.1818,0.1307,0.3449,0.069
NTP,2025-04-24,57.04,59.05,56.64,58.41,938750,53.12,51.67,52.29,9.9516,13.0374,11.6949,0.1267,0.3414,0.0758
NTP,2025-04-25,58.73,58.73,56.88,57.2,330757,53.9,51.82,52.45,6.1261,10.3876,9.0553,-0.042,-0.1025,0.0789
NTP,2025-04-28,57.04,57.84,56.08,57.84,373586,54.64,51.99,52.6,5.8668,11.2656,9.964,0.1247,0.3477,0.0857
NTP,2025-04-29,57.84,59.77,57.84,58.33,680885,55.45,52.25,52.74,5.1869,11.6236,10.5831,-0.1104,-0.3044,0.0925
NTP,2025-05-05,59.69,59.77,57.92,59.37,220942,56.25,52.53,52.92,5.5413,13.0142,12.1873,0.0339,0.095,0.089
NTP,2025-05-06,59.45,59.45,58.33,59.21,239375,56.91,52.78,53.08,4.0373,12.1766,11.5585,0.028,0.0919,0.0776
NTP,2025-05-07,59.21,60.09,58.25,58.49,493779,57.5,53.26,53.22,1.7186,9.8039,9.9034,-0.0891,-0.2637,0.08
NTP,2025-05-08,58.49,58.65,56.8,56.88,870474,57.72,53.7,53.32,-1.4614,5.9246,6.6811,-0.1931,-0.463,0.0937
NTP,2025-05-09,56.88,57.52,56.8,57.36,287476,58.0,54.4,53.43,-1.0943,5.4497,7.3523,0.0407,0.1179,0.0919
NTP,2025-05-12,57.36,57.44,56.4,57.36,301533,58.04,55.07,53.56,-1.1765,4.1575,7.0978,0.0464,0.1259,0.0835
NTP,2025-05-13,57.36,58.97,57.36,58.41,544772,58.04,55.58,53.69,0.6228,5.0806,8.79,0.034,0.0899,0.0742
NTP,2025-05-14,58.41,59.29,57.44,58.0,317672,58.13,56.01,53.79,-0.2073,3.5571,7.8385,-0.0247,-0.0577,0.0725
NTP,2025-05-15,57.84,56.88,56.88,56.88,540293,58.03,56.33,53.89,-1.9798,0.9698,5.5551,-0.1074,-0.3018,0.0708
NTP,2025-05-16,56.88,58.09,58.09,58.09,469970,58.0,56.73,54.03,0.1385,2.3934,7.5093,0.0726,0.2047,0.067
NTP,2025-05-19,58.25,60.58,58.09,58.49,806062,57.92,57.08,54.16,0.9849,2.4558,7.9798,-0.1112,-0.3212,0.0747
NTP,2025-05-20,58.65,58.65,56.48,57.84,408102,57.78,57.35,54.26,0.1112,0.8686,6.613,0.0213,0.0535,0.0741
NTP,2025-05-21,58.25,59.85,56.96,58.65,721340,57.8,57.65,54.35,1.4735,1.7351,7.902,0.0219,0.0598,0.0673
NTP,2025-05-22,57.04,60.09,57.04,58.73,605140,57.98,57.85,54.43,1.2886,1.5137,7.8999,0.0097,0.0291,0.049
NTP,2025-05-23,58.65,63.79,58.57,61.7,1166252,58.41,58.21,54.58,5.6251,6.0041,13.0409,0.0578,0.1787,0.0507
NTP,2025-05-26,61.7,63.39,61.14,61.62,415988,58.84,58.44,54.69,4.7242,5.4368,12.6715,-0.0321,-0.0927,0.0493
NTP,2025-05-27,62.66,63.39,61.06,61.86,714681,59.19,58.62,54.82,4.5201,5.5373,12.8437,-0.0397,-0.1212,0.0498
NTP,2025-05-28,62.42,62.83,59.85,60.09,861157,59.39,58.76,54.96,1.1768,2.2696,9.3471,-0.1387,-0.3999,0.0612
NTP,2025-05-29,60.33,60.82,59.53,60.01,391332,59.71,58.87,55.11,0.5113,1.9447,8.8985,-0.0161,-0.0461,0.0521
NTP,2025-05-30,60.01,61.06,59.53,60.5,312528,59.95,58.98,55.25,0.9113,2.5746,9.4954,0.0139,0.0387,0.0462
NTP,2025-06-02,60.25,60.33,58.81,59.53,605231,60.05,58.98,55.38,-0.8696,0.9262,7.491,-0.0052,-0.0179,0.0356
NTP,2025-06-03,59.45,61.14,59.45,60.98,554273,60.37,59.07,55.54,1.0114,3.2232,9.79,0.0813,0.2525,0.0416
NTP,2025-06-04,60.41,61.7,60.41,60.66,366776,60.57,59.18,55.66,0.1459,2.491,8.9749,-0.0414,-0.1215,0.0436
NTP,2025-06-05,60.41,60.9,59.61,60.66,343262,60.76,59.37,55.79,-0.1719,2.1651,8.7176,0.0453,0.129,0.0471
NTP,2025-06-06,61.06,61.06,59.85,60.25,177069,60.62,59.52,55.93,-0.5964,1.2419,7.7277,-0.0094,-0.027,0.0423
NTP,2025-06-09,60.25,60.9,58.81,58.89,355821,60.34,59.59,56.03,-2.4098,-1.1796,5.0986,-0.0649,-0.1839,0.0456
NTP,2025-06-10,58.89,60.17,58.81,59.69,248683,60.13,59.66,56.14,-0.7215,0.0606,6.3282,0.0192,0.0537,0.0435
NTP,2025-06-11,59.69,59.85,59.05,59.77,216446,60.09,59.74,56.25,-0.5348,0.0471,6.2614,0.0651,0.1628,0.0362
NTP,2025-06-12,59.85,60.74,59.45,59.85,505002,60.08,59.89,56.36,-0.3744,-0.0671,6.201,-0.0449,-0.1278,0.0391
NTP,2025-06-13,59.85,61.32,58.55,60.99,710624,60.13,60.04,56.52,1.4371,1.5876,7.9162,0.0967,0.2845,0.0473
NTP,2025-06-16,60.99,64.57,60.99,64.49,921767,60.62,60.34,56.73,6.3828,6.8851,13.6794,0.1375,0.3921,0.0606
NTP,2025-06-17,64.57,66.04,63.92,65.96,798197,61.12,60.74,56.97,7.9139,8.5842,15.7843,0.1823,0.5746,0.0707
NTP,2025-06-18,65.96,66.2,64.74,64.74,253793,61.53,61.05,57.28,5.213,6.0419,13.0096,-0.0558,-0.1625,0.0721
NTP,2025-06-19,64.9,65.47,64.33,65.06,289074,61.97,61.37,57.62,4.9904,6.0253,12.9136,0.021,0.0642,0.0697
NTP,2025-06-20,65.31,65.39,63.11,63.11,349871,62.26,61.44,58.02,1.3699,2.7227,8.7772,-0.0768,-0.2105,0.0764
NTP,2025-06-23,63.03,63.11,61.64,62.21,391662,62.59,61.47,58.38,-0.5997,1.2159,6.5593,-0.022,-0.0575,0.0721
NTP,2025-06-24,62.21,62.86,61.32,61.56,497109,62.77,61.45,58.65,-1.9334,0.1805,4.9632,-0.0681,-0.177,0.077
NTP,2025-06-25,61.07,62.7,60.34,62.05,255769,63.0,61.55,58.9,-1.5124,0.8151,5.3421,0.0236,0.0661,0.0729
NTP,2025-06-26,62.29,63.68,61.64,63.19,572047,63.34,61.71,59.16,-0.2314,2.4031,6.8156,0.0796,0.2171,0.0764
NTP,2025-06-27,64.2,65.47,63.22,63.22,404628,63.56,61.84,59.42,-0.5268,2.2338,6.4068,-0.0956,-0.2632,0.0762
NTP,2025-06-30,63.81,64.4,63.52,64.01,213935,63.51,62.07,59.67,0.7802,3.1248,7.265,0.0058,0.0166,0.0631
NTP,2025-07-01,64.4,64.4,63.22,63.22,213421,63.24,62.18,59.88,-0.0204,1.6811,5.5797,-0.0592,-0.1594,0.0508
NTP,2025-07-02,63.22,64.3,62.93,63.42,290566,63.11,62.32,60.1,0.4979,1.7692,5.5255,-0.0137,-0.0405,0.0466
NTP,2025-07-03,64.01,64.01,62.44,62.64,371118,62.86,62.42,60.26,-0.3581,0.3551,3.9477,-0.0535,-0.1432,0.0498
NTP,2025-07-04,62.64,63.22,62.35,63.03,315252,62.86,62.56,60.43,0.2762,0.7574,4.3056,0.0496,0.1337,0.0471
NTP,2025-07-07,63.22,64.01,62.93,64.01,184719,63.04,62.81,60.57,1.5411,1.9026,5.6735,0.0244,0.0874,0.0473
NTP,2025-07-08,64.01,65.96,63.52,65.96,659058,63.48,63.12,60.72,3.9163,4.4927,8.6292,0.1076,0.3223,0.0513
NTP,2025-07-09,67.43,69.87,64.98,65.18,318216,63.79,63.4,60.88,2.1809,2.8139,7.0604,-0.0402,-0.1162,0.0529
NTP,2025-07-10,65.18,65.28,63.52,64.3,410589,63.9,63.62,61.01,0.627,1.0721,5.3923,-0.0077,-0.022,0.0457
NTP,2025-07-11,64.3,65.77,63.32,65.08,351502,64.08,63.82,61.15,1.5554,1.9731,6.438,0.0245,0.067,0.0386
NTP,2025-07-14,64.59,65.67,64.1,64.4,186825,64.12,63.82,61.25,0.4267,0.9089,5.1464,-0.0153,-0.0473,0.0396
NTP,2025-07-15,64.79,64.98,63.71,63.91,175115,64.19,63.71,61.34,-0.4415,0.3043,4.1887,-0.0112,-0.0313,0.0348
NTP,2025-07-16,63.91,64.98,63.71,64.5,190636,64.3,63.7,61.46,0.304,1.2437,4.939,0.0058,0.0188,0.034
NTP,2025-07-17,64.5,66.94,64.5,66.94,942828,64.73,63.8,61.66,3.4118,4.9242,8.5586,0.1274,0.3636,0.0414
NTP,2025-07-18,67.04,67.72,65.77,67.33,350218,65.16,64.01,61.86,3.3293,5.189,8.8407,0.0268,0.0814,0.0391
NTP,2025-07-21,67.52,69.28,65.96,67.33,652198,65.49,64.26,62.06,2.8051,4.7702,8.4911,-0.0125,-0.0374,0.0379
NTP,2025-07-22,67.33,67.33,65.57,66.06,376271,65.5,64.49,62.21,0.8504,2.435,6.1822,-0.0165,-0.045,0.0288
NTP,2025-07-23,67.43,67.92,66.74,67.43,684079,65.73,64.76,62.4,2.587,4.1223,8.054,0.0143,0.0382,0.0262
NTP,2025-07-24,67.43,70.16,67.43,68.4,697689,66.14,65.02,62.63,3.4279,5.2078,9.2166,-0.0289,-0.0833,0.0283
NTP,2025-07-25,69.28,69.28,67.13,67.43,534747,66.37,65.23,62.82,1.5901,3.3708,7.3361,-0.041,-0.109,0.03
NTP,2025-07-28,67.43,67.43,66.35,66.74,683380,66.61,65.36,62.98,0.2054,2.1079,5.9687,-0.015,-0.0462,0.0299
NTP,2025-07-29,67.43,67.43,63.52,63.71,1005837,66.59,65.39,63.1,-4.3146,-2.563,0.9708,-0.0331,-0.0904,0.0321
NTP,2025-07-30,62.15,64.69,62.15,63.71,352590,66.51,65.4,63.2,-4.2022,-2.5848,0.8089,0.0072,0.0201,0.0323
NTP,2025-07-31,64.01,64.1,63.13,63.71,286680,66.19,65.46,63.3,-3.7354,-2.6648,0.6501,0.0056,0.0149,0.0201
NTP,2025-08-01,63.71,64.98,63.52,63.91,192316,65.84,65.5,63.35,-2.9386,-2.4317,0.8885,-0.0109,-0.0269,0.0185
NTP,2025-08-04,64.01,64.69,63.52,64.2,260222,65.53,65.51,63.4,-2.028,-1.9988,1.2687,0.0041,0.0112,0.0176
NTP,2025-08-05,64.4,64.98,63.52,63.52,716286,65.28,65.39,63.43,-2.6946,-2.8618,0.1374,-0.0741,-0.1832,0.0234
NTP,2025-08-06,63.52,64.1,63.22,63.52,406801,64.89,65.31,63.5,-2.1084,-2.7383,0.0294,-0.0188,-0.0422,0.0239
NTP,2025-08-07,63.52,64.01,63.32,63.91,185473,64.44,65.29,63.58,-0.8189,-2.1105,0.5216,0.013,0.0356,0.0223
NTP,2025-08-08,63.91,64.2,63.22,63.71,340183,64.07,65.22,63.64,-0.5491,-2.3075,0.1128,0.0,0.0,0.0182
NTP,2025-08-11,63.62,64.79,63.52,64.79,471734,63.87,65.24,63.75,1.4382,-0.689,1.6339,0.0538,0.1262,0.022
NTP,2025-08-12,65.08,65.08,64.1,64.1,335869,63.91,65.25,63.81,0.3058,-1.7523,0.4623,-0.0389,-0.0988,0.0226
NTP,2025-08-13,64.1,64.4,63.42,63.62,260868,63.9,65.2,63.87,-0.4435,-2.4354,-0.3958,-0.0158,-0.0348,0.0235
NTP,2025-08-14,63.62,63.81,62.83,63.03,518794,63.83,65.01,63.92,-1.2554,-3.044,-1.3871,-0.0332,-0.0751,0.0263
NTP,2025-08-15,63.03,63.03,61.76,61.76,629932,63.62,64.73,63.95,-2.9186,-4.5894,-3.4201,-0.0541,-0.1186,0.0306
NTP,2025-08-18,61.76,62.74,61.76,62.35,134573,63.43,64.48,64.02,-1.7101,-3.3114,-2.6085,0.003,0.0069,0.0305
NTP,2025-08-19,62.35,62.44,61.17,61.27,662719,63.21,64.24,64.05,-3.0612,-4.6243,-4.3349,-0.0505,-0.1145,0.0281
NTP,2025-08-20,61.27,61.37,59.12,59.61,670982,62.81,63.85,64.04,-5.1027,-6.6422,-6.9239,-0.033,-0.0692,0.0295
NTP,2025-08-21,59.61,60.2,58.14,58.34,537690,62.26,63.35,64.01,-6.2941,-7.9059,-8.8644,-0.0407,-0.0859,0.0323
NTP,2025-08-22,58.63,60.1,57.75,58.93,345851,61.78,62.92,63.97,-4.6188,-6.3519,-7.8891,0.0,0.0,0.0323
NTP,2025-08-25,63.52,63.52,59.12,59.61,137238,61.26,62.57,63.87,-2.6958,-4.7247,-6.6773,-0.0097,-0.0229,0.0279
NTP,2025-08-26,59.61,60.2,59.12,59.8,174919,60.83,62.37,63.75,-1.6867,-4.1128,-6.1906,0.0039,0.0085,0.0244
NTP,2025-08-27,59.8,60.98,59.8,60.59,147099,60.53,62.21,63.67,0.0969,-2.6153,-4.8404,0.0047,0.0097,0.0233
NTP,2025-08-28,60.59,60.88,59.61,60.1,87764,60.23,62.03,63.57,-0.2271,-3.1191,-5.4604,-0.0029,-0.006,0.0203
NTP,2025-08-29,59.61,60.39,59.61,59.9,140225,60.05,61.83,63.5,-0.2441,-3.1213,-5.6727,-0.0037,-0.0079,0.0152
NTP,2025-09-03,59.8,62.64,59.41,62.64,456410,60.08,61.75,63.51,4.2615,1.4321,-1.3773,0.0593,0.1346,0.0208
NTP,2025-09-04,62.64,63.32,61.66,63.32,289191,60.28,61.74,63.55,5.0413,2.556,-0.3556,0.0332,0.0756,0.0191
NTP,2025-09-05,63.03,63.32,61.76,61.76,239531,60.5,61.66,63.54,2.0837,0.1664,-2.807,-0.0151,-0.0347,0.0173
NTP,2025-09-08,61.76,61.76,60.68,60.88,170616,60.75,61.5,63.5,0.2091,-1.0168,-4.1214,-0.0067,-0.0157,0.0139
NTP,2025-09-09,60.88,61.86,60.78,61.37,142982,61.0,61.39,63.46,0.6088,-0.0318,-3.2953,0.002,0.0043,0.0141
NTP,2025-09-10,62.05,62.05,60.68,61.47,64887,61.18,61.22,63.41,0.4632,0.399,-3.0637,0.0023,0.0052,0.0134
NTP,2025-09-11,61.47,61.76,60.68,61.47,97129,61.35,61.09,63.37,0.1911,0.6159,-3.0099,0.0049,0.0106,0.0135
NTP,2025-09-12,61.47,63.81,61.37,63.52,549454,61.64,61.08,63.38,3.0438,3.9834,0.2251,0.0671,0.1487,0.0197
NTP,2025-09-15,63.81,66.16,63.52,65.47,855842,62.18,61.21,63.43,5.2962,6.9689,3.2167,0.0644,0.1382,0.0259
NTP,2025-09-16,65.77,66.16,64.4,64.59,259515,62.65,61.35,63.46,3.104,5.2883,1.78,-0.0248,-0.0563,0.028
NTP,2025-09-17,64.69,65.28,63.71,63.91,117168,62.78,61.43,63.46,1.8057,4.0407,0.7052,-0.011,-0.0252,0.0232
NTP,2025-09-18,64.5,64.5,63.22,63.71,135004,62.81,61.55,63.42,1.4312,3.5167,0.4684,-0.0082,-0.0172,0.0207
NTP,2025-09-19,63.81,64.01,63.52,63.81,194418,63.02,61.76,63.39,1.256,3.3228,0.666,0.0073,0.0152,0.0199
NTP,2025-09-22,64.01,64.01,62.44,62.93,349173,63.22,61.99,63.36,-0.4637,1.5212,-0.6786,-0.0195,-0.0423,0.0212
NTP,2025-09-23,63.22,63.22,61.37,61.37,309724,63.22,62.11,63.29,-2.9366,-1.1957,-3.0325,-0.0686,-0.1593,0.0278
NTP,2025-09-24,61.08,61.47,59.71,60.78,373149,63.16,62.17,63.22,-3.7599,-2.232,-3.8491,0.0095,0.0217,0.0285
NTP,2025-09-25,60.88,61.56,60.39,60.49,246083,63.06,62.2,63.15,-4.0756,-2.757,-4.2092,-0.0313,-0.0712,0.0312
NTP,2025-09-26,60.49,61.37,60.49,60.78,113497,62.79,62.21,63.07,-3.1907,-2.3011,-3.6316,-0.0063,-0.0141,0.0251
NTP,2025-09-29,60.1,60.78,59.61,60.59,162002,62.3,62.24,62.95,-2.7451,-2.6535,-3.7476,0.0215,0.0482,0.0208
NTP,2025-09-30,61.27,61.27,60.29,60.78,128005,61.92,62.28,62.81,-1.8308,-2.4084,-3.2358,0.0,0.0,0.0183
NTP,2025-10-01,60.78,61.86,60.78,61.17,32851,61.64,62.21,62.69,-0.7609,-1.6651,-2.4223,-0.0029,-0.0058,0.0175
NTP,2025-10-02,59.61,62.64,58.53,61.76,246965,61.45,62.13,62.61,0.5089,-0.5977,-1.3517,0.0255,0.059,0.0192
NTP,2025-10-03,61.76,61.76,60.59,60.78,73263,61.14,62.08,62.47,-0.5913,-2.0935,-2.7061,-0.0091,-0.0223,0.0194
NTP,2025-10-06,60.78,62.54,60.78,62.44,92561,61.09,62.16,62.35,2.2073,0.4559,0.1442,0.0092,0.0201,0.0184
NTP,2025-10-07,62.35,62.35,61.37,61.56,45698,61.11,62.17,62.24,0.7355,-0.9745,-1.0803,-0.0046,-0.0105,0.012
NTP,2025-10-08,61.47,62.05,61.17,61.17,41451,61.15,62.15,62.12,0.032,-1.5801,-1.5321,-0.0081,-0.0151,0.0119
NTP,2025-10-09,61.27,62.54,61.27,62.44,162536,61.35,62.2,62.1,1.784,0.3849,0.5539,0.0248,0.0491,0.0112
NTP,2025-10-10,62.44,63.03,62.05,62.15,100850,61.49,62.14,62.07,1.0807,0.0236,0.1323,-0.016,-0.03,0.0122
NTP,2025-10-13,61.56,62.05,61.08,61.56,125936,61.58,61.94,62.02,-0.0317,-0.6074,-0.7436,0.0,0.0,0.01
NTP,2025-10-14,61.56,63.03,61.17,61.56,298259,61.66,61.79,61.98,-0.1585,-0.3638,-0.6685,-0.017,-0.0333,0.0117
NTP,2025-10-15,61.86,62.44,60.78,61.56,228884,61.7,61.67,61.93,-0.2217,-0.1743,-0.5839,-0.0024,-0.0044,0.0117
NTP,2025-10-16,62.15,63.91,62.15,63.62,387321,61.89,61.67,61.93,2.7949,3.1614,2.7268,0.0383,0.075,0.013
NTP,2025-10-17,64.5,66.65,63.62,65.08,913452,62.32,61.73,61.96,4.4378,5.4298,5.0407,-0.0032,-0.0064,0.0124
NTP,2025-10-20,65.08,65.96,61.66,61.76,224732,62.25,61.67,61.92,-0.7849,0.1426,-0.2525,-0.0126,-0.0278,0.0127
NTP,2025-10-21,61.76,64.79,61.76,63.91,358019,62.48,61.8,61.92,2.2834,3.4156,3.2132,0.0195,0.043,0.0142
NTP,2025-10-22,65.57,66.94,62.64,64.59,574452,62.82,61.99,61.92,2.8154,4.2012,4.3245,-0.0089,-0.0195,0.0143
NTP,2025-10-23,65.47,66.25,65.18,65.37,380443,63.12,62.23,61.94,3.5764,5.0483,5.5438,-0.0452,-0.1004,0.0163
NTP,2025-10-24,65.96,65.96,64.5,64.5,318666,63.35,62.42,61.96,1.8047,3.3268,4.0944,-0.0601,-0.1237,0.0207
NTP,2025-10-27,64.5,65.37,63.03,63.03,231649,63.5,62.54,61.96,-0.7387,0.7812,1.7286,-0.0328,-0.0718,0.024
NTP,2025-10-28,63.03,64.4,61.66,64.4,222204,63.78,62.72,62.01,0.9652,2.672,3.8482,0.0279,0.0568,0.0251
NTP,2025-10-29,64.4,64.59,63.32,63.42,333138,63.97,62.83,62.03,-0.8555,0.9331,2.2369,-0.0756,-0.178,0.0324
NTP,2025-10-30,63.91,65.86,63.13,63.32,438940,63.94,62.91,62.07,-0.9629,0.6524,2.0119,-0.0695,-0.1608,0.0355
NTP,2025-10-31,63.91,64.01,62.54,62.54,231221,63.68,63.0,62.13,-1.7953,-0.729,0.6574,-0.0357,-0.0735,0.0388
NTP,2025-11-03,62.64,63.42,61.56,61.56,398626,63.66,62.96,62.2,-3.3001,-2.2119,-1.0181,-0.0422,-0.1013,0.0417
NTP,2025-11-04,61.56,62.54,59.8,61.76,342278,63.45,62.97,62.25,-2.6644,-1.9167,-0.7943,0.0144,0.0348,0.0412
NTP,2025-11-05,61.86,62.35,61.56,61.56,96090,63.15,62.99,62.29,-2.507,-2.2574,-1.1703,-0.0261,-0.0583,0.0429
NTP,2025-11-06,62.54,63.32,61.56,63.03,156777,62.91,63.01,62.36,0.1864,0.0233,1.0782,0.0294,0.0666,0.0414
NTP,2025-11-07,63.03,63.03,61.56,61.56,76886,62.62,62.99,62.38,-1.6854,-2.2574,-1.3034,-0.0125,-0.027,0.0366
NTP,2025-11-10,61.95,61.95,60.78,60.78,78936,62.39,62.95,62.39,-2.5842,-3.4386,-2.5781,-0.0218,-0.0443,0.0355
NTP,2025-11-11,60.78,61.08,60.59,60.68,172434,62.02,62.9,62.41,-2.1585,-3.5265,-2.7591,-0.0246,-0.0547,0.0352
NTP,2025-11-12,60.68,61.76,60.68,61.27,49408,61.81,62.89,62.38,-0.8696,-2.5717,-1.7765,0.0009,0.002,0.0277
NTP,2025-11-13,61.76,62.54,61.66,62.05,100564,61.68,62.81,62.35,0.602,-1.2058,-0.4827,-0.0027,-0.0058,0.021
NTP,2025-11-14,62.05,62.83,61.86,62.35,93198,61.66,62.67,62.36,1.1094,-0.5223,-0.0313,0.0,0.0,0.0175
NTP,2025-11-17,62.35,63.03,61.86,62.05,75102,61.71,62.69,62.39,0.5542,-1.0133,-0.5388,-0.012,-0.0284,0.0144
NTP,2025-11-18,62.15,62.35,61.66,61.76,127818,61.71,62.58,62.4,0.0792,-1.3117,-1.0211,-0.025,-0.0544,0.0155
NTP,2025-11-19,61.76,63.13,61.76,62.54,237358,61.81,62.48,62.42,1.1858,0.1017,0.1973,0.0081,0.0184,0.0137
NTP,2025-11-20,62.93,65.28,62.74,63.52,406576,61.86,62.38,62.46,2.6856,1.817,1.696,-0.044,-0.1024,0.0152
NTP,2025-11-21,63.52,63.52,62.35,62.54,117994,61.95,62.29,62.44,0.9464,0.4079,0.1628,-0.0187,-0.0436,0.0158
NTP,2025-11-24,62.64,62.74,62.05,62.15,147460,62.09,62.24,62.37,0.0944,-0.1491,-0.3572,-0.0327,-0.0677,0.0169
NTP,2025-11-25,62.15,62.15,60.88,61.17,128830,62.14,62.08,62.3,-1.5568,-1.4639,-1.8162,-0.0145,-0.0321,0.0159
NTP,2025-11-26,61.56,62.35,61.17,61.66,106507,62.18,61.99,62.26,-0.8329,-0.5359,-0.9606,-0.0036,-0.0079,0.0161
NTP,2025-11-27,61.56,62.25,61.56,62.05,39839,62.18,61.93,62.23,-0.2043,0.1972,-0.2795,0.0049,0.0109,0.0163
NTP,2025-11-28,62.05,62.74,61.95,62.54,87778,62.2,61.93,62.2,0.5499,0.9862,0.5467,0.01,0.0232,0.0173
NTP,2025-12-01,62.54,65.47,62.44,63.03,212814,62.3,62.0,62.2,1.1765,1.6548,1.3291,-0.034,-0.0832,0.0195
NTP,2025-12-02,63.32,63.71,62.54,62.74,133614,62.39,62.05,62.23,0.5482,1.1024,0.8134,-0.0201,-0.0442,0.019
NTP,2025-12-03,62.93,63.03,62.44,63.03,107219,62.44,62.13,62.28,0.939,1.455,1.2114,0.0231,0.0502,0.0206
NTP,2025-12-04,63.52,64.2,62.44,63.03,186074,62.39,62.13,62.33,1.018,1.455,1.1289,-0.0169,-0.0368,0.0178
NTP,2025-12-05,63.03,64.01,62.83,62.83,132472,62.42,62.19,62.37,0.6575,1.0371,0.749,-0.0268,-0.0576,0.0187
NTP,2025-12-08,62.83,63.22,62.44,62.44,155454,62.45,62.27,62.4,-0.0156,0.2746,0.0626,-0.0353,-0.076,0.0189
NTP,2025-12-09,62.54,62.74,61.47,62.25,199820,62.56,62.35,62.43,-0.4998,-0.1646,-0.2974,0.01,0.0226,0.0185
NTP,2025-12-10,62.15,62.44,61.95,62.15,51847,62.61,62.39,62.45,-0.7336,-0.3915,-0.4851,-0.0033,-0.0078,0.0184
NTP,2025-12-11,62.15,65.37,62.15,64.2,502547,62.82,62.5,62.5,2.1932,2.7205,2.7205,0.0414,0.0941,0.0221
NTP,2025-12-12,64.1,66.35,63.52,63.52,403758,62.92,62.56,62.56,0.9474,1.5308,1.5371,-0.0498,-0.1298,0.0261
NTP,2025-12-15,63.52,63.91,61.56,61.86,249582,62.8,62.55,62.54,-1.5093,-1.1092,-1.0999,-0.0612,-0.1492,0.0288
NTP,2025-12-16,61.95,62.83,61.56,62.25,198639,62.76,62.58,62.56,-0.8097,-0.5232,-0.4967,0.0027,0.0058,0.0271
NTP,2025-12-17,62.54,64.1,62.54,64.01,314706,62.85,62.65,62.62,1.8346,2.1681,2.2224,0.0899,0.206,0.0337
NTP,2025-12-18,64.2,64.4,63.13,63.42,105300,62.89,62.64,62.63,0.839,1.2402,1.2544,-0.0228,-0.051,0.0343
NTP,2025-12-19,63.52,63.81,61.76,62.54,295519,62.86,62.64,62.64,-0.513,-0.1638,-0.1622,-0.0143,-0.0286,0.0331
NTP,2025-12-22,62.35,63.13,62.15,63.03,109824,62.92,62.69,62.67,0.1708,0.5456,0.5707,0.0181,0.0374,0.0314
NTP,2025-12-23,63.13,64.1,62.64,62.74,195841,62.97,62.77,62.7,-0.3724,-0.0467,0.0655,-0.0441,-0.0832,0.0348
NTP,2025-12-24,62.74,63.22,62.35,62.35,164553,62.99,62.8,62.71,-1.0239,-0.7236,-0.5828,-0.0412,-0.08,0.0386
NTP,2025-12-25,62.25,62.83,62.25,62.25,112774,62.79,62.81,62.68,-0.8715,-0.8946,-0.6953,-0.0184,-0.038,0.0363
NTP,2025-12-26,62.05,62.25,61.17,61.66,492865,62.61,62.77,62.62,-1.514,-1.7593,-1.5232,-0.0094,-0.0172,0.0322
NTP,2025-12-29,61.66,62.35,61.56,62.05,88357,62.63,62.72,62.62,-0.9206,-1.0595,-0.9082,0.0073,0.014,0.0268
NTP,2025-12-30,62.05,62.54,61.56,61.95,115771,62.6,62.68,62.58,-1.0303,-1.1537,-1.0025,-0.0075,-0.0137,0.0273
NTP,2025-12-31,61.95,64.4,61.76,64.4,206430,62.64,62.75,62.58,2.8081,2.632,2.9076,0.045,0.0947,0.0228
NTP,2026-01-05,63.52,64.3,62.25,62.44,141806,62.54,62.72,62.52,-0.1563,-0.4363,-0.1219,-0.0261,-0.0527,0.0231
NTP,2026-01-06,62.54,63.03,61.66,62.25,225624,62.51,62.69,62.47,-0.4221,-0.7015,-0.3629,-0.0057,-0.0119,0.0223
NTP,2026-01-07,62.25,64.01,61.95,63.22,254690,62.53,62.73,62.48,1.1095,0.7945,1.1949,0.0105,0.0201,0.0215
NTP,2026-01-08,63.32,65.96,63.32,64.79,836282,62.74,62.85,62.49,3.271,3.0784,3.6845,0.0152,0.0298,0.0186
NTP,2026-01-09,64.98,65.96,64.01,64.3,535002,62.93,62.96,62.5,2.1739,2.1263,2.8736,-0.0414,-0.0943,0.0187
NTP,2026-01-12,65.8,68.0,64.9,66.6,657108,63.37,63.08,62.57,5.1022,5.5787,6.4421,0.0061,0.0132,0.0174
NTP,2026-01-13,66.8,67.7,65.9,67.2,496178,63.92,63.26,62.66,5.1301,6.2199,7.2413,0.0252,0.0581,0.019
NTP,2026-01-14,67.2,73.9,67.0,73.9,1956153,65.11,63.87,62.91,13.508,15.7089,17.471,0.2662,0.6121,0.0449
NTP,2026-01-15,76.0,80.8,71.9,72.8,676672,66.19,64.39,63.13,9.9862,13.0527,15.3177,-0.0903,-0.1828,0.0532
NTP,2026-01-16,73.7,76.1,71.6,71.6,847102,66.91,64.77,63.33,7.0088,10.5374,13.0574,-0.1344,-0.286,0.0621
NTP,2026-01-19,72.2,72.5,70.1,70.5,348751,67.72,65.13,63.48,4.1112,8.2477,11.0584,-0.0488,-0.1027,0.0644
NTP,2026-01-20,70.0,71.5,66.4,66.4,1541000,68.13,65.32,63.58,-2.5411,1.6512,4.4406,-0.2452,-0.5088,0.0883
