ticker,time,open,high,low,close,volume,ma10,ma20,ma50,ma10_score,ma20_score,ma50_score,money_flow,dollar_flow,trend_score
PHC,2015-01-05,1.57,1.57,1.51,1.51,1000,,,,,,,-0.0028,-0.0005,0.0028
PHC,2015-01-06,1.51,1.57,1.51,1.57,6100,,,,,,,0.0106,0.0021,0.0067
PHC,2015-01-07,1.51,1.51,1.48,1.51,5300,,,,,,,0.0099,0.002,0.0078
PHC,2015-01-08,1.54,1.54,1.48,1.48,13800,,,,,,,-0.043,-0.007,0.0166
PHC,2015-01-09,1.48,1.57,1.48,1.57,4700,,,,,,,0.009,0.0016,0.0151
PHC,2015-01-12,1.6,1.6,1.51,1.51,1600,,,,,,,-0.0028,-0.0006,0.013
PHC,2015-01-13,1.51,1.57,1.51,1.57,900,,,,,,,0.002,0.0003,0.0114
PHC,2015-01-14,1.51,1.57,1.51,1.57,1700,,,,,,,0.0053,0.001,0.0107
PHC,2015-01-15,1.57,1.57,1.54,1.54,5200,,,,,,,-0.0109,-0.0018,0.0107
PHC,2015-01-16,1.54,1.54,1.51,1.54,5800,1.54,,,0.1924,,,0.0112,0.002,0.0107
PHC,2015-01-19,1.39,1.57,1.39,1.54,600,1.54,,,-0.0002,,,0.001,0.0002,0.0106
PHC,2015-01-20,1.57,1.57,1.54,1.54,1200,1.54,,,0.1925,,,-0.0041,-0.0008,0.0099
PHC,2015-01-21,1.54,1.54,1.51,1.51,3100,1.54,,,-1.7339,,,-0.0085,-0.0017,0.0098
PHC,2015-01-22,1.57,1.57,1.57,1.57,100,1.55,,,1.5327,,,-0.0003,-0.0001,0.0055
PHC,2015-01-23,1.54,1.69,1.54,1.69,14000,1.56,,,8.365,,,0.0334,0.0067,0.0079
PHC,2015-01-26,1.63,1.63,1.57,1.6,8400,1.57,,,2.0792,,,-0.0,-0.0,0.0077
PHC,2015-01-27,1.66,1.72,1.66,1.72,200,1.58,,,8.6145,,,0.0003,0.0001,0.0075
PHC,2015-01-28,1.6,1.63,1.57,1.63,2900,1.59,,,2.612,,,0.0041,0.0008,0.0074
PHC,2015-01-29,1.63,1.63,1.63,1.63,0,1.6,,,2.0409,,,0.0,0.0,0.0063
PHC,2015-01-30,1.57,1.57,1.57,1.57,500,1.6,1.57,,-1.8518,0.0945,,0.0,0.0,0.0052
PHC,2015-02-02,1.66,1.72,1.57,1.63,5400,1.61,1.58,,1.2891,3.4807,,-0.0023,-0.0005,0.0053
PHC,2015-02-03,1.72,1.72,1.72,1.72,100,1.63,1.58,,5.6468,8.6145,,0.0,0.0,0.0049
PHC,2015-02-04,1.72,1.78,1.63,1.63,1300,1.64,1.59,,-0.5425,2.612,,-0.0034,-0.0007,0.0044
PHC,2015-02-05,1.66,1.66,1.57,1.6,1800,1.64,1.6,,-2.5273,0.3715,,-0.0023,-0.0004,0.0046
PHC,2015-02-06,1.66,1.66,1.54,1.54,1400,1.63,1.59,,-5.2825,-3.256,,-0.0046,-0.0008,0.0017
PHC,2015-02-09,1.54,1.54,1.48,1.48,2500,1.62,1.59,,-8.257,-6.8902,,-0.0087,-0.0015,0.0026
PHC,2015-02-10,1.48,1.51,1.48,1.51,11950,1.6,1.59,,-5.2043,-4.8506,,0.0379,0.006,0.0063
PHC,2015-02-11,1.6,1.6,1.54,1.54,500,1.59,1.59,,-2.8039,-2.8947,,-0.0016,-0.0003,0.0061
PHC,2015-02-12,1.57,1.63,1.57,1.63,2200,1.59,1.59,,2.8038,2.4209,,0.0063,0.0012,0.0067
PHC,2015-02-13,1.69,1.69,1.6,1.6,6200,1.59,1.6,,0.7461,0.3715,,-0.0232,-0.004,0.009
PHC,2015-02-24,1.6,1.6,1.54,1.54,500,1.58,1.6,,-2.4391,-3.3459,,-0.0018,-0.0003,0.009
PHC,2015-02-25,1.6,1.63,1.57,1.6,2700,1.57,1.6,,2.0793,0.1853,,-0.0,-0.0,0.009
PHC,2015-02-26,1.66,1.69,1.57,1.69,16300,1.58,1.61,,7.3448,5.1661,,0.047,0.0075,0.0133
PHC,2015-02-27,1.69,1.75,1.69,1.75,7200,1.59,1.62,,10.0747,8.2569,,0.0217,0.0036,0.0153
PHC,2015-03-02,1.75,1.75,1.66,1.72,1800,1.61,1.62,,7.0114,6.3248,,0.0024,0.0005,0.0151
PHC,2015-03-03,1.87,1.87,1.63,1.72,12200,1.63,1.62,,5.4548,5.9363,,-0.0059,-0.0012,0.0148
PHC,2015-03-04,1.72,1.75,1.69,1.75,9300,1.66,1.63,,5.7347,7.6642,,0.0176,0.0035,0.0128
PHC,2015-03-05,1.75,1.9,1.72,1.87,25000,1.69,1.64,,10.7204,14.1303,,0.0282,0.0061,0.0154
PHC,2015-03-06,1.87,1.9,1.72,1.9,17000,1.71,1.65,,10.7268,15.0046,,0.038,0.0081,0.0186
PHC,2015-03-09,1.93,1.93,1.84,1.9,36100,1.74,1.67,,8.8436,13.8791,,0.0281,0.0058,0.0191
PHC,2015-03-10,1.93,1.93,1.72,1.87,27000,1.78,1.68,,5.1751,11.3073,,0.0344,0.0071,0.0223
PHC,2015-03-11,1.72,1.75,1.69,1.69,60900,1.79,1.68,,-5.3156,0.7958,,-0.1712,-0.0331,0.0395
PHC,2015-03-12,1.69,1.69,1.66,1.66,8000,1.78,1.68,,-6.8217,-1.0597,,-0.0237,-0.004,0.0371
PHC,2015-03-13,1.81,1.81,1.78,1.78,350,1.79,1.69,,-0.3321,5.4484,,-0.0009,-0.0002,0.0351
PHC,2015-03-16,1.72,1.72,1.63,1.72,4500,1.79,1.7,,-3.6543,1.3988,,0.0089,0.0015,0.0357
PHC,2015-03-17,1.63,1.69,1.63,1.69,3200,1.78,1.71,,-5.1581,-0.9557,,0.0097,0.0018,0.0361
PHC,2015-03-18,1.63,1.69,1.63,1.69,12400,1.78,1.72,,-4.8415,-1.4693,,0.0432,0.0074,0.0386
PHC,2015-03-19,1.69,1.69,1.57,1.63,22300,1.75,1.72,,-6.9374,-5.1724,,-0.0,-0.0,0.0358
PHC,2015-03-20,1.66,1.72,1.66,1.72,5800,1.74,1.73,,-0.8545,-0.2577,,0.0085,0.0013,0.0329
PHC,2015-03-23,1.69,1.69,1.69,1.69,900,1.71,1.73,1.64,-1.3842,-2.2299,3.2234,0.0,0.0,0.0301
PHC,2015-03-24,1.6,1.63,1.57,1.63,5500,1.69,1.73,1.64,-3.5088,-5.9025,-0.5425,0.0135,0.0026,0.028
PHC,2015-03-25,1.63,1.63,1.63,1.63,5100,1.68,1.74,1.64,-3.1691,-5.9829,-0.6144,0.0,0.0,0.0108
PHC,2015-03-26,1.66,1.66,1.66,1.66,120,1.68,1.73,1.64,-1.4083,-4.1914,1.0104,0.0,0.0,0.0085
PHC,2015-03-27,1.63,1.63,1.6,1.6,2100,1.67,1.73,1.65,-3.9149,-7.2168,-2.738,-0.0039,-0.0008,0.0088
PHC,2015-03-30,1.63,1.69,1.6,1.63,11400,1.66,1.72,1.65,-1.61,-5.2541,-1.0079,-0.0081,-0.0015,0.0087
PHC,2015-03-31,1.63,1.63,1.63,1.63,400,1.65,1.72,1.65,-1.2567,-5.0086,-1.1502,0.0,0.0,0.0077
PHC,2015-04-01,1.63,1.63,1.63,1.63,0,1.65,1.71,1.65,-0.9009,-4.6794,-1.2212,0.0,0.0,0.0034
PHC,2015-04-02,1.57,1.63,1.57,1.63,500,1.65,1.7,1.65,-0.9009,-4.014,-1.2921,0.0013,0.0002,0.0035
PHC,2015-04-03,1.57,1.63,1.57,1.63,1600,1.64,1.69,1.65,-0.3623,-3.2542,-1.3983,0.0064,0.0011,0.0033
PHC,2015-04-06,1.63,1.66,1.63,1.66,1100,1.63,1.67,1.66,1.6336,-0.7969,0.2509,0.0042,0.0008,0.0037
PHC,2015-04-07,1.81,1.81,1.66,1.66,5600,1.64,1.66,1.66,1.4495,-0.178,0.1075,-0.0139,-0.0025,0.0038
PHC,2015-04-08,1.72,1.78,1.66,1.69,19300,1.64,1.66,1.66,2.888,1.6042,1.713,-0.0277,-0.0045,0.0065
PHC,2015-04-09,1.72,1.72,1.72,1.72,2100,1.65,1.67,1.67,4.3167,3.203,3.2398,0.0,0.0,0.0065
PHC,2015-04-10,1.72,1.72,1.72,1.72,0,1.66,1.66,1.67,3.5716,3.387,3.0564,0.0,0.0,0.0062
PHC,2015-04-13,1.75,1.75,1.75,1.75,200,1.67,1.67,1.67,4.6097,5.0755,4.7584,0.0,0.0,0.0053
PHC,2015-04-14,1.72,1.72,1.72,1.72,5000,1.68,1.67,1.67,2.2929,3.203,2.8371,0.0,0.0,0.0053
PHC,2015-04-15,1.63,1.75,1.63,1.72,5700,1.69,1.67,1.67,1.7545,3.1113,2.8371,0.0066,0.0011,0.006
PHC,2015-04-16,1.72,1.75,1.72,1.75,19000,1.7,1.67,1.68,2.7872,4.5171,4.4616,0.0418,0.0073,0.01
PHC,2015-04-17,1.6,1.78,1.6,1.78,7200,1.72,1.68,1.68,3.627,6.1009,6.0447,0.0142,0.0023,0.0108
PHC,2015-04-20,1.75,1.75,1.66,1.72,20600,1.72,1.68,1.68,-0.172,2.4736,2.3291,0.0231,0.0042,0.0127
PHC,2015-04-21,1.75,1.75,1.69,1.69,2100,1.73,1.68,1.68,-2.062,0.529,0.4936,-0.0057,-0.0011,0.0119
PHC,2015-04-22,1.66,1.72,1.63,1.72,10200,1.73,1.69,1.68,-0.5145,2.023,2.2569,0.0267,0.0049,0.0118
PHC,2015-04-23,1.72,1.72,1.63,1.63,7100,1.72,1.68,1.68,-5.1725,-3.1691,-3.0325,-0.023,-0.0038,0.0141
PHC,2015-04-24,1.78,1.78,1.75,1.75,290,1.72,1.69,1.69,1.5489,3.4179,3.8366,-0.0011,-0.0002,0.0142
PHC,2015-04-27,1.63,1.84,1.63,1.75,25810,1.72,1.7,1.69,1.5489,3.0566,3.5813,0.0136,0.0029,0.0156
PHC,2015-05-04,1.75,1.75,1.69,1.69,25000,1.72,1.7,1.69,-1.7242,-0.6104,-0.1752,-0.0356,-0.0074,0.0191
PHC,2015-05-05,1.63,1.78,1.63,1.78,2500,1.73,1.71,1.7,3.0929,4.1667,4.7487,0.0059,0.0012,0.0191
PHC,2015-05-06,1.78,1.78,1.72,1.72,6900,1.72,1.71,1.7,-0.172,0.433,1.0455,-0.0163,-0.0035,0.0165
PHC,2015-05-07,1.69,1.69,1.69,1.69,10000,1.71,1.72,1.7,-1.3842,-1.4695,-0.7661,0.0,0.0,0.0151
PHC,2015-05-08,1.75,1.78,1.72,1.72,6900,1.71,1.72,1.71,0.3462,0.0864,0.8347,-0.0259,-0.0059,0.0154
PHC,2015-05-11,1.72,1.72,1.72,1.72,0,1.72,1.72,1.71,0.1729,-0.086,0.6247,0.0,0.0,0.0148
PHC,2015-05-12,1.78,1.78,1.72,1.72,12900,1.72,1.72,1.71,0.1729,-0.172,0.4853,-0.04,-0.0082,0.0161
PHC,2015-05-13,1.72,1.72,1.72,1.72,3000,1.73,1.72,1.71,-0.3435,-0.172,0.4504,-0.0107,-0.0021,0.0149
PHC,2015-05-14,1.81,1.87,1.81,1.87,5000,1.74,1.73,1.72,7.5082,7.9689,8.9586,0.0211,0.0044,0.0169
PHC,2015-05-15,1.87,1.87,1.87,1.87,0,1.75,1.74,1.72,6.7794,7.6001,8.7705,0.0,0.0,0.0155
PHC,2015-05-18,1.78,1.78,1.78,1.78,7700,1.76,1.74,1.72,1.1805,2.3019,3.5198,0.0,0.0,0.012
PHC,2015-05-19,1.78,1.78,1.75,1.78,13800,1.76,1.74,1.72,1.1805,2.1278,3.4841,0.0343,0.0075,0.0148
PHC,2015-05-20,1.81,1.81,1.78,1.78,6500,1.77,1.74,1.72,0.8404,2.0409,3.5913,-0.0096,-0.0021,0.0142
PHC,2015-05-21,1.78,1.78,1.75,1.75,4500,1.77,1.74,1.72,-1.1727,0.4254,2.0406,-0.0119,-0.0026,0.0154
PHC,2015-05-22,1.78,1.78,1.78,1.78,1000,1.78,1.75,1.71,0.167,1.9542,3.9142,0.0,0.0,0.0128
PHC,2015-05-25,1.78,1.78,1.78,1.78,0,1.78,1.75,1.71,-0.1663,1.695,4.0223,0.0,0.0,0.0128
PHC,2015-05-26,1.75,1.75,1.72,1.72,1500,1.78,1.75,1.71,-3.494,-1.6948,0.5201,-0.0029,-0.0006,0.0091
PHC,2015-05-27,1.72,1.81,1.72,1.78,39700,1.79,1.76,1.71,-0.4974,1.2659,3.8422,0.0301,0.0053,0.011
PHC,2015-05-28,1.81,1.84,1.81,1.81,41400,1.78,1.76,1.71,1.4973,2.7799,5.5361,-0.081,-0.0177,0.017
PHC,2015-05-29,1.84,1.9,1.78,1.84,63400,1.78,1.77,1.72,3.3333,4.2017,7.1182,-0.0,-0.0,0.017
PHC,2015-06-01,1.84,1.84,1.84,1.84,5400,1.79,1.77,1.72,2.99,3.7657,6.9335,0.0,0.0,0.017
PHC,2015-06-02,1.84,1.9,1.84,1.87,106100,1.79,1.78,1.72,4.132,5.175,8.4335,-0.0,-0.0,0.0136
PHC,2015-06-03,1.87,2.02,1.84,2.02,214700,1.82,1.79,1.73,10.9298,12.5827,16.518,0.294,0.0551,0.042
PHC,2015-06-04,2.02,2.08,1.93,1.99,105600,1.84,1.81,1.74,7.8902,10.0161,14.4513,-0.0336,-0.0084,0.0442
PHC,2015-06-05,1.99,2.17,1.96,2.17,77660,1.88,1.83,1.75,15.142,18.4104,24.0231,0.1004,0.0244,0.0542
PHC,2015-06-08,2.31,2.37,2.17,2.17,105100,1.92,1.85,1.76,12.8285,16.9872,23.2692,-0.161,-0.0399,0.0703
PHC,2015-06-09,2.17,2.31,2.17,2.25,52300,1.97,1.88,1.77,14.2855,20.0629,27.4309,0.0201,0.0051,0.072
PHC,2015-06-10,2.17,2.22,2.11,2.2,64450,2.01,1.9,1.78,8.9837,15.4444,23.3331,0.0597,0.015,0.075
PHC,2015-06-11,2.2,2.2,2.11,2.17,92200,2.05,1.92,1.79,5.6441,13.0032,20.901,0.0367,0.0079,0.0705
PHC,2015-06-12,2.11,2.2,2.11,2.17,92800,2.08,1.93,1.8,3.9887,12.1352,20.1844,0.0483,0.0135,0.0754
PHC,2015-06-15,2.17,2.28,2.11,2.17,73700,2.12,1.95,1.81,2.3844,11.0267,19.4763,-0.0416,-0.0127,0.0795
PHC,2015-06-16,2.17,2.31,2.17,2.25,162700,2.15,1.97,1.83,4.683,14.1996,23.5368,0.0351,0.0087,0.083
PHC,2015-06-17,2.25,2.31,2.08,2.28,87708,2.18,2.0,1.84,4.7619,14.2433,24.2737,0.1282,0.0368,0.0665
PHC,2015-06-18,2.28,2.31,2.25,2.28,112900,2.21,2.03,1.85,3.3557,12.7379,23.3974,0.0,0.0,0.0631
PHC,2015-06-19,2.2,2.28,2.11,2.14,199960,2.21,2.04,1.86,-3.2259,4.4992,14.7957,-0.1301,-0.0249,0.0661
PHC,2015-06-22,2.14,2.2,2.08,2.2,57800,2.21,2.06,1.87,-0.6712,6.3217,17.3111,0.1173,0.0281,0.0617
PHC,2015-06-23,2.25,2.25,2.17,2.22,41120,2.21,2.09,1.88,0.8065,6.4586,18.222,0.0407,0.0114,0.0638
PHC,2015-06-24,2.28,2.28,2.11,2.25,119500,2.21,2.11,1.89,1.8765,6.6665,19.122,0.1526,0.0437,0.0731
PHC,2015-06-25,2.25,2.25,2.11,2.22,78109,2.22,2.13,1.9,0.2675,4.2391,16.9317,0.1137,0.0329,0.0808
PHC,2015-06-26,2.22,2.25,2.14,2.17,94900,2.22,2.15,1.91,-2.4063,0.6898,13.3189,-0.0659,-0.0188,0.0825
PHC,2015-06-29,2.22,2.25,2.08,2.17,53720,2.22,2.17,1.92,-2.4063,-0.0683,12.7936,0.0,0.0,0.0784
PHC,2015-06-30,2.2,2.25,2.17,2.25,91400,2.22,2.19,1.93,1.6041,3.1206,16.7791,0.1393,0.0405,0.0888
PHC,2015-07-01,2.14,2.25,2.14,2.25,114300,2.22,2.2,1.94,1.7402,2.564,16.1722,0.2733,0.0685,0.1033
PHC,2015-07-02,2.22,2.25,2.17,2.22,83315,2.21,2.21,1.95,0.6712,0.6712,14.1206,0.0379,0.0099,0.1071
PHC,2015-07-03,2.22,2.22,2.2,2.22,16900,2.22,2.21,1.96,0.2675,0.5363,13.5332,0.0228,0.0065,0.0963
PHC,2015-07-06,2.14,2.22,2.14,2.22,42500,2.22,2.22,1.97,0.1336,0.4017,12.9178,0.0468,0.0107,0.0893
PHC,2015-07-07,2.2,2.22,2.17,2.22,55900,2.22,2.21,1.98,0.1336,0.4689,12.3428,0.0827,0.0194,0.0935
PHC,2015-07-08,2.2,2.22,2.2,2.22,53900,2.22,2.22,1.99,0.2674,0.4017,11.6737,0.0701,0.0165,0.0852
PHC,2015-07-09,2.17,2.22,2.17,2.22,63700,2.22,2.22,2.0,0.2674,0.2674,11.1441,0.0979,0.0242,0.0837
PHC,2015-07-10,2.2,2.2,2.08,2.08,61110,2.21,2.21,2.01,-6.0403,-6.2291,3.3972,-0.0774,-0.0206,0.0848
PHC,2015-07-13,2.25,2.25,2.17,2.17,119700,2.21,2.21,2.02,-2.0133,-2.2102,7.3215,-0.182,-0.044,0.103
PHC,2015-07-14,2.14,2.17,2.11,2.17,41000,2.2,2.21,2.03,-1.6172,-2.0133,6.9128,0.0651,0.0147,0.0956
PHC,2015-07-15,2.2,2.2,2.2,2.2,37000,2.2,2.21,2.04,-0.0002,-0.4709,7.8715,0.0425,0.0106,0.0725
PHC,2015-07-16,2.08,2.11,2.05,2.05,47400,2.18,2.19,2.04,-5.9944,-6.6935,0.2326,-0.0703,-0.0142,0.0757
PHC,2015-07-17,2.05,2.14,2.05,2.11,80200,2.17,2.19,2.05,-2.7396,-3.9241,2.7498,0.0635,0.0169,0.0798
PHC,2015-07-20,2.02,2.11,1.99,1.99,51500,2.14,2.18,2.06,-7.2025,-8.9057,-3.2913,-0.1214,-0.0306,0.0873
PHC,2015-07-21,2.02,2.02,1.93,1.96,37700,2.12,2.17,2.06,-7.4334,-9.7127,-4.9539,-0.0292,-0.0073,0.0819
PHC,2015-07-22,2.08,2.08,1.9,1.9,31500,2.08,2.15,2.06,-8.8319,-11.7241,-7.993,-0.0387,-0.0086,0.0788
PHC,2015-07-23,1.9,1.96,1.9,1.96,32310,2.06,2.14,2.07,-4.7619,-8.3969,-5.1996,0.0492,0.0121,0.0739
PHC,2015-07-24,2.08,2.08,1.99,1.99,38800,2.05,2.13,2.07,-2.8988,-6.6204,-3.874,-0.0788,-0.0196,0.0741
PHC,2015-07-27,1.9,1.96,1.87,1.96,38000,2.03,2.12,2.07,-3.3675,-7.563,-5.4712,0.069,0.0172,0.0628
PHC,2015-07-28,2.02,2.02,2.02,2.02,100,2.01,2.11,2.08,0.295,-4.2254,-2.8294,0.0,0.0,0.0563
PHC,2015-07-29,2.02,2.02,2.02,2.02,0,1.99,2.09,2.08,1.1905,-3.6828,-3.0511,0.0,0.0,0.052
PHC,2015-07-30,2.02,2.02,2.02,2.02,0,1.99,2.08,2.09,1.3413,-3.2029,-3.2992,0.0,0.0,0.045
PHC,2015-07-31,1.87,1.99,1.87,1.99,6900,1.98,2.07,2.09,0.4496,-4.0804,-4.9108,0.01,0.0023,0.0396
PHC,2015-08-03,1.84,1.87,1.84,1.87,5000,1.97,2.05,2.09,-4.9775,-9.0254,-10.6638,0.0087,0.002,0.0284
PHC,2015-08-04,2.05,2.05,1.87,1.93,10200,1.96,2.04,2.1,-1.8128,-5.4547,-8.0104,-0.0091,-0.0019,0.0264
PHC,2015-08-05,1.93,1.96,1.93,1.96,4400,1.97,2.03,2.1,-0.6023,-3.3674,-6.7533,0.0083,0.002,0.0233
PHC,2015-08-06,2.08,2.08,1.93,1.93,10600,1.97,2.01,2.1,-1.9609,-4.13,-8.27,-0.0182,-0.0049,0.0202
PHC,2015-08-07,1.96,1.99,1.93,1.93,13300,1.96,2.0,2.1,-1.6642,-3.7751,-8.3476,-0.0494,-0.0122,0.0173
PHC,2015-08-10,2.02,2.02,1.93,1.93,2700,1.96,1.99,2.11,-1.5152,-3.2019,-8.4251,-0.0057,-0.0012,0.011
PHC,2015-08-11,1.93,2.08,1.93,1.93,12600,1.95,1.98,2.11,-1.0655,-2.6218,-8.4766,-0.0232,-0.0052,0.0133
PHC,2015-08-12,1.93,1.93,1.9,1.9,9900,1.94,1.97,2.1,-1.9906,-3.3961,-9.7828,-0.0219,-0.0047,0.0155
PHC,2015-08-13,1.9,2.05,1.9,1.9,38200,1.93,1.96,2.1,-1.3865,-3.0302,-9.7065,-0.0842,-0.0173,0.0239
PHC,2015-08-14,1.9,1.9,1.9,1.9,3600,1.92,1.95,2.1,-0.9286,-2.5132,-9.4766,-0.0093,-0.0021,0.0238
PHC,2015-08-17,2.09,2.09,1.9,2.06,500,1.94,1.95,2.1,6.285,5.4231,-1.8314,0.0006,0.0001,0.023
PHC,2015-08-18,2.06,2.06,2.06,2.06,0,1.95,1.96,2.09,5.5836,5.1566,-1.6457,0.0,0.0,0.0221
PHC,2015-08-19,2.06,2.06,2.06,2.06,0,1.96,1.96,2.09,5.0504,4.733,-1.5153,0.0,0.0,0.0213
PHC,2015-08-20,2.25,2.25,2.25,2.25,100,1.99,1.98,2.09,12.9112,13.5659,7.4922,0.0002,0.0,0.0194
PHC,2015-08-21,2.03,2.03,2.03,2.03,45200,2.0,1.98,2.09,1.2859,2.2722,-2.9752,0.0535,0.0143,0.0199
PHC,2015-08-24,1.87,1.87,1.84,1.84,10700,1.99,1.97,2.08,-7.781,-7.028,-11.7922,-0.0085,-0.002,0.0201
PHC,2015-08-25,1.8,1.8,1.74,1.8,15000,1.98,1.96,2.07,-8.7999,-8.1338,-12.9355,0.0196,0.004,0.0198
PHC,2015-08-26,1.84,1.84,1.84,1.84,200,1.97,1.95,2.06,-6.9021,-6.0871,-11.0225,0.0,0.0,0.0176
PHC,2015-08-27,1.9,1.9,1.71,1.74,11700,1.96,1.94,2.05,-11.0033,-10.3094,-15.1776,-0.0137,-0.0029,0.0105
PHC,2015-08-28,1.77,1.84,1.74,1.84,11100,1.95,1.93,2.05,-5.8441,-5.0445,-10.288,0.0158,0.0033,0.0112
PHC,2015-08-31,1.9,1.9,1.77,1.77,1400,1.92,1.93,2.04,-7.7427,-8.0881,-13.0213,-0.0028,-0.0006,0.0114
PHC,2015-09-01,1.93,1.93,1.77,1.9,4000,1.9,1.93,2.03,-0.3321,-1.4473,-6.5092,0.007,0.0016,0.0121
PHC,2015-09-03,1.8,1.84,1.77,1.84,15600,1.88,1.92,2.02,-2.5211,-4.4285,-9.251,0.0285,0.0066,0.015
PHC,2015-09-04,1.87,1.87,1.84,1.84,5100,1.84,1.92,2.01,-0.3437,-4.1966,-8.9,-0.0153,-0.0037,0.0165
PHC,2015-09-07,1.99,1.99,1.99,1.99,100,1.84,1.92,2.01,8.4339,3.8856,-0.877,0.0004,0.0001,0.0112
PHC,2015-09-08,1.8,1.8,1.8,1.8,59200,1.84,1.91,2.0,-1.7241,-5.7022,-9.9934,-0.1073,-0.0251,0.021
PHC,2015-09-09,1.84,1.96,1.84,1.96,148000,1.85,1.91,2.0,5.9827,2.4791,-1.8115,0.3584,0.0959,0.0549
PHC,2015-09-10,2.12,2.15,1.99,2.12,84820,1.88,1.93,2.0,12.7946,10.1069,6.2501,0.2176,0.0592,0.0767
PHC,2015-09-11,2.06,2.12,1.93,1.93,37500,1.9,1.93,1.99,1.6666,0.1642,-2.9783,-0.0867,-0.0213,0.084
PHC,2015-09-14,1.93,1.96,1.84,1.84,115600,1.9,1.92,1.98,-3.3334,-4.6053,-7.3871,-0.2666,-0.0639,0.1091
PHC,2015-09-15,1.9,1.96,1.8,1.87,62400,1.91,1.91,1.97,-2.1556,-2.479,-5.4484,-0.0345,-0.0071,0.1122
PHC,2015-09-16,1.84,1.84,1.77,1.84,49300,1.9,1.9,1.97,-3.4943,-3.5745,-6.6831,0.1721,0.0406,0.1287
PHC,2015-09-17,1.87,1.87,1.8,1.84,13200,1.9,1.89,1.96,-3.4943,-3.0101,-6.3119,-0.0,-0.0,0.1259
PHC,2015-09-18,1.84,1.84,1.8,1.84,39700,1.9,1.87,1.95,-3.4943,-1.9443,-5.9377,0.0377,0.007,0.1281
PHC,2015-09-21,1.8,1.84,1.8,1.84,11600,1.89,1.86,1.95,-2.6846,-1.4444,-5.7045,0.0278,0.0065,0.1309
PHC,2015-09-22,1.84,1.96,1.71,1.96,401450,1.9,1.87,1.94,3.1612,4.9956,1.0099,0.8581,0.2234,0.206
PHC,2015-09-23,1.84,1.9,1.8,1.9,49800,1.9,1.87,1.94,0.1671,1.3515,-1.9787,0.1101,0.0224,0.1811
PHC,2015-09-24,1.87,1.96,1.87,1.93,42600,1.88,1.88,1.93,2.8668,2.7801,-0.0717,0.0326,0.0074,0.1626
PHC,2015-09-25,1.9,1.9,1.87,1.9,31900,1.87,1.89,1.93,1.3515,0.6713,-1.5585,0.097,0.0203,0.1637
PHC,2015-09-28,1.87,1.87,1.8,1.84,35900,1.87,1.89,1.92,-2.0271,-2.6846,-4.572,-0.0,-0.0,0.137
PHC,2015-09-29,1.84,1.84,1.8,1.84,7000,1.87,1.89,1.92,-1.8613,-2.8476,-4.4206,0.0175,0.0041,0.1353
PHC,2015-09-30,1.87,1.87,1.84,1.84,17500,1.87,1.89,1.92,-1.8613,-2.6846,-4.2984,-0.0468,-0.0109,0.1228
PHC,2015-10-01,1.84,1.84,1.8,1.8,29700,1.87,1.88,1.92,-3.3897,-4.282,-5.855,-0.0948,-0.0219,0.1322
PHC,2015-10-02,1.84,1.96,1.8,1.87,132600,1.87,1.89,1.91,-0.1689,-1.0064,-2.4589,-0.1154,-0.0273,0.14
PHC,2015-10-05,1.9,1.93,1.9,1.93,39410,1.88,1.88,1.91,2.6935,2.521,0.9077,0.0767,0.0185,0.1449
PHC,2015-10-06,1.96,2.12,1.96,2.06,36610,1.89,1.9,1.91,8.8775,8.514,7.4135,0.0086,0.0023,0.06
PHC,2015-10-07,1.99,1.99,1.96,1.99,16300,1.9,1.9,1.91,5.0001,5.0877,4.1346,0.0226,0.0046,0.0512
PHC,2015-10-08,1.99,2.03,1.96,2.03,26000,1.91,1.89,1.91,6.136,7.0234,5.7786,0.0376,0.0094,0.0517
PHC,2015-10-09,1.99,2.12,1.99,2.06,101800,1.92,1.9,1.92,6.9077,8.3332,7.3868,-0.0,-0.0,0.042
PHC,2015-10-12,2.06,2.12,1.99,2.09,84000,1.95,1.91,1.92,7.143,9.2717,8.9246,0.0744,0.0162,0.0494
PHC,2015-10-13,2.06,2.25,2.06,2.22,143240,1.99,1.93,1.92,11.465,14.8483,15.1104,0.1972,0.0484,0.0674
PHC,2015-10-14,2.22,2.44,2.22,2.34,258620,2.04,1.95,1.93,14.9067,19.838,21.1674,0.085,0.022,0.0712
PHC,2015-10-15,2.37,2.37,2.28,2.34,73800,2.09,1.98,1.94,11.9515,18.3053,20.6882,0.0597,0.0185,0.0677
PHC,2015-10-16,2.31,2.47,2.28,2.44,110310,2.15,2.01,1.95,13.402,21.2598,24.9265,0.1314,0.0369,0.0693
PHC,2015-10-19,2.44,2.56,2.4,2.53,141720,2.21,2.04,1.96,14.6132,23.839,28.9959,0.1804,0.0499,0.0797
PHC,2015-10-20,2.47,2.5,2.37,2.5,89000,2.25,2.07,1.97,10.9552,20.703,26.6458,0.1584,0.0428,0.0947
PHC,2015-10-21,2.44,2.47,2.34,2.37,77100,2.29,2.09,1.98,3.5914,13.2933,19.6939,-0.0858,-0.0261,0.101
PHC,2015-10-22,2.4,2.4,2.25,2.34,55010,2.32,2.12,1.99,0.8174,10.6955,17.5722,0.0321,0.0086,0.1004
PHC,2015-10-23,2.31,2.53,2.31,2.47,195200,2.36,2.14,2.0,4.4179,15.1294,23.223,0.1808,0.0518,0.1185
PHC,2015-10-26,2.47,2.5,2.34,2.34,52930,2.39,2.17,2.01,-1.9869,7.9503,16.3887,-0.0938,-0.024,0.1205
PHC,2015-10-27,2.34,2.4,2.34,2.34,13200,2.4,2.19,2.02,-2.5034,6.705,16.0602,-0.0259,-0.008,0.1033
PHC,2015-10-28,2.34,2.44,2.28,2.28,64300,2.4,2.22,2.02,-4.8876,2.7839,12.6763,-0.1255,-0.033,0.1074
PHC,2015-10-29,2.22,2.31,2.22,2.28,35900,2.39,2.24,2.03,-4.6356,1.6951,12.43,0.0252,0.006,0.1039
PHC,2015-10-30,2.28,2.28,2.22,2.22,31510,2.37,2.26,2.03,-6.4171,-1.8921,9.3409,-0.0849,-0.0208,0.0993
PHC,2015-11-02,2.25,2.25,2.06,2.12,63800,2.33,2.27,2.03,-8.8436,-6.4899,4.5568,-0.0495,-0.0118,0.0862
PHC,2015-11-03,2.12,2.12,2.06,2.12,21500,2.29,2.27,2.03,-7.3306,-6.6202,4.2639,0.0347,0.0077,0.0738
PHC,2015-11-04,2.06,2.15,2.06,2.15,29830,2.27,2.28,2.04,-5.0281,-5.5557,5.4589,0.0649,0.015,0.0717
PHC,2015-11-05,2.15,2.15,2.12,2.12,4700,2.24,2.28,2.05,-5.5007,-7.1379,3.6189,-0.0117,-0.0026,0.0697
PHC,2015-11-06,2.12,2.18,2.12,2.15,32900,2.21,2.29,2.05,-2.7183,-5.9476,4.7442,-0.0,-0.0,0.0516
PHC,2015-11-09,2.09,2.18,2.09,2.18,22200,2.2,2.29,2.06,-0.5762,-4.7618,5.9259,0.0435,0.0097,0.0466
PHC,2015-11-10,2.15,2.15,2.15,2.15,2700,2.18,2.29,2.07,-1.163,-6.0126,4.0072,0.0,0.0,0.044
PHC,2015-11-11,2.12,2.12,2.12,2.12,4900,2.16,2.28,2.07,-1.9034,-6.9445,2.2589,0.0,0.0,0.0314
PHC,2015-11-12,2.12,2.12,2.09,2.12,17000,2.15,2.27,2.08,-1.1799,-6.4899,1.9787,0.0255,0.0059,0.0315
PHC,2015-11-13,2.12,2.12,2.09,2.12,7800,2.14,2.25,2.08,-0.7407,-5.8328,1.7001,0.0138,0.0032,0.0243
PHC,2015-11-16,2.09,2.09,2.03,2.09,35000,2.13,2.23,2.09,-2.077,-6.3164,0.0911,0.0611,0.0137,0.0255
PHC,2015-11-17,2.09,2.25,2.09,2.22,69400,2.14,2.22,2.09,3.3974,0.0,5.7402,0.0528,0.0116,0.0273
PHC,2015-11-18,2.15,2.25,2.15,2.25,25900,2.15,2.21,2.1,4.4117,1.7191,6.9598,0.0589,0.016,0.0267
PHC,2015-11-19,2.22,2.22,2.12,2.22,21300,2.16,2.2,2.1,2.4891,0.5747,5.3582,0.058,0.0136,0.0314
PHC,2015-11-20,2.22,2.22,2.18,2.22,10500,2.17,2.19,2.11,2.1898,1.1561,5.0736,0.0246,0.006,0.0338
PHC,2015-11-23,2.22,2.37,2.18,2.34,69300,2.18,2.19,2.12,7.2463,6.9363,10.5467,0.0886,0.022,0.0383
PHC,2015-11-24,2.31,2.34,2.25,2.34,33000,2.2,2.19,2.13,6.3218,6.9363,10.0535,0.058,0.0147,0.0441
PHC,2015-11-25,2.22,2.31,2.22,2.28,12100,2.22,2.19,2.14,2.7106,4.0464,6.6353,0.0059,0.0015,0.0447
PHC,2015-11-26,2.22,2.28,2.22,2.25,18100,2.23,2.19,2.14,0.7091,2.6752,4.7505,-0.0,-0.0,0.0422
PHC,2015-11-27,2.28,2.34,2.18,2.18,53000,2.24,2.19,2.15,-2.4044,-0.1445,1.4708,-0.0921,-0.0246,0.05
PHC,2015-11-30,2.15,2.15,2.09,2.09,55300,2.24,2.18,2.16,-6.6477,-4.4169,-3.1689,-0.1168,-0.0273,0.0556
PHC,2015-12-01,2.09,2.22,2.09,2.15,82700,2.23,2.19,2.16,-3.5462,-1.592,-0.4102,-0.0,-0.0,0.0503
PHC,2015-12-02,2.15,2.22,2.09,2.18,37420,2.22,2.19,2.17,-1.8491,-0.2168,0.7889,0.064,0.0144,0.0508
PHC,2015-12-03,2.18,2.18,2.18,2.18,23700,2.22,2.19,2.17,-1.7093,-0.3609,0.5539,0.0,0.0,0.045
PHC,2015-12-04,2.22,2.22,2.12,2.22,50000,2.22,2.19,2.18,-0.2849,0.9373,1.7146,0.1558,0.0399,0.0581
PHC,2015-12-07,2.18,2.18,2.15,2.18,17500,2.21,2.19,2.18,-1.0042,-0.5045,-0.0578,0.0602,0.0128,0.0553
PHC,2015-12-08,2.18,2.18,2.09,2.18,41600,2.19,2.2,2.19,-0.2889,-0.5762,-0.3753,0.0701,0.0163,0.0565
PHC,2015-12-09,2.15,2.22,2.12,2.22,36500,2.18,2.2,2.2,1.4492,0.647,0.7194,0.0718,0.0177,0.0631
PHC,2015-12-10,2.12,2.22,2.06,2.22,68500,2.18,2.21,2.21,1.5964,0.4304,0.344,0.1559,0.0433,0.0787
PHC,2015-12-11,2.18,2.22,2.15,2.22,22100,2.18,2.21,2.21,1.4492,0.2147,0.0286,0.0688,0.0179,0.0763
PHC,2015-12-14,2.28,2.28,2.15,2.22,8020,2.2,2.22,2.22,0.8645,-0.0714,-0.228,0.0,0.0,0.0647
PHC,2015-12-15,2.18,2.22,2.12,2.12,40000,2.19,2.21,2.22,-3.319,-4.1488,-4.5584,-0.1335,-0.0335,0.078
PHC,2015-12-16,2.12,2.12,2.09,2.09,7600,2.18,2.2,2.22,-4.3478,-5.2404,-6.0631,-0.022,-0.0053,0.0738
PHC,2015-12-17,2.18,2.22,2.09,2.09,8400,2.17,2.2,2.22,-3.9301,-4.9675,-6.1165,-0.0264,-0.0057,0.0765
PHC,2015-12-18,2.12,2.18,2.12,2.18,19900,2.17,2.2,2.23,0.5832,-0.5763,-1.9607,0.0155,0.0038,0.0624
PHC,2015-12-21,2.12,2.15,2.09,2.15,96100,2.17,2.19,2.23,-0.7301,-1.5921,-3.4367,0.2242,0.0543,0.0788
PHC,2015-12-22,2.09,2.12,2.06,2.06,10900,2.15,2.17,2.23,-4.5523,-5.3171,-7.5656,-0.0359,-0.0082,0.0754
PHC,2015-12-23,2.09,2.09,2.03,2.03,21500,2.14,2.16,2.22,-5.1852,-6.2272,-8.7279,-0.0684,-0.0186,0.0751
PHC,2015-12-24,2.03,2.06,2.03,2.03,3600,2.12,2.15,2.21,-4.3349,-5.7438,-8.4669,-0.01,-0.0022,0.0605
PHC,2015-12-25,2.03,2.09,2.03,2.03,4800,2.1,2.14,2.2,-3.4691,-5.3955,-8.1252,-0.005,-0.0014,0.0541
PHC,2015-12-28,1.99,2.22,1.9,2.15,38510,2.09,2.14,2.2,2.8743,0.3688,-2.0457,0.0576,0.013,0.0599
PHC,2015-12-29,2.12,2.12,2.09,2.12,3200,2.09,2.14,2.19,1.3616,-1.034,-3.1512,0.006,0.0015,0.0471
PHC,2015-12-30,2.09,2.15,2.09,2.15,2200,2.1,2.14,2.18,2.564,0.5172,-1.5065,0.0048,0.0013,0.0454
PHC,2015-12-31,2.12,2.12,1.99,2.12,17100,2.1,2.14,2.18,0.9037,-0.8142,-2.7576,0.0352,0.0088,0.0463
PHC,2016-01-04,2.12,2.12,2.06,2.12,16600,2.09,2.13,2.17,1.2085,-0.5935,-2.4461,0.0359,0.008,0.0483
PHC,2016-01-05,2.12,2.12,2.09,2.12,13900,2.09,2.13,2.17,1.3616,-0.4458,-2.2469,0.0298,0.0072,0.0289
PHC,2016-01-06,2.12,2.12,2.06,2.06,10300,2.09,2.12,2.16,-1.6643,-3.1298,-4.9153,-0.0302,-0.0069,0.0283
PHC,2016-01-07,2.03,2.03,1.96,2.03,15000,2.09,2.11,2.16,-3.177,-4.1916,-6.1584,0.0258,0.0063,0.024
PHC,2016-01-08,2.03,2.03,1.99,2.03,12100,2.09,2.1,2.15,-3.177,-3.7594,-5.9377,0.0223,0.0058,0.0253
PHC,2016-01-11,2.03,2.18,2.03,2.18,10200,2.11,2.1,2.15,3.6038,3.8377,1.4409,0.0226,0.0052,0.027
PHC,2016-01-12,2.15,2.18,2.15,2.18,1700,2.11,2.1,2.15,3.4485,3.9158,1.3813,0.0032,0.0008,0.0216
PHC,2016-01-13,2.15,2.15,2.12,2.12,22400,2.11,2.1,2.15,0.4498,0.9036,-1.5575,-0.0613,-0.0148,0.0271
PHC,2016-01-14,2.06,2.06,2.06,2.06,2000,2.1,2.1,2.15,-2.1086,-2.0348,-4.4119,0.0,0.0,0.0266
PHC,2016-01-15,2.03,2.09,1.99,2.09,32200,2.1,2.1,2.15,-0.4523,-0.5273,-2.9125,0.0731,0.0176,0.0304
PHC,2016-01-18,2.06,2.06,2.06,2.06,100,2.09,2.09,2.15,-1.6643,-1.7386,-4.2994,0.0,0.0,0.0268
PHC,2016-01-19,2.03,2.06,2.03,2.06,3100,2.09,2.09,2.15,-1.3659,-1.5153,-4.1865,0.0058,0.0015,0.0244
PHC,2016-01-20,1.87,2.06,1.87,2.06,9000,2.09,2.09,2.14,-1.3659,-1.5153,-4.1017,0.0203,0.0051,0.0234
PHC,2016-01-21,2.06,2.06,2.06,2.06,0,2.09,2.09,2.14,-1.5153,-1.5898,-4.0451,0.0,0.0,0.0209
PHC,2016-01-22,2.03,2.03,1.99,1.99,2900,2.09,2.09,2.14,-4.4005,-4.5453,-6.8873,-0.004,-0.0011,0.019
PHC,2016-01-25,1.99,2.03,1.99,2.03,7000,2.07,2.09,2.14,-2.1407,-3.0303,-5.3255,0.0091,0.0023,0.0177
PHC,2016-01-26,2.03,2.03,2.03,2.03,5700,2.05,2.08,2.14,-1.3867,-2.7356,-5.2694,0.0,0.0,0.0173
PHC,2016-01-27,2.03,2.09,2.03,2.09,3100,2.05,2.08,2.14,1.8521,0.3804,-2.1931,0.0069,0.0016,0.0119
PHC,2016-01-28,2.03,2.03,1.9,1.96,127800,2.04,2.07,2.13,-3.8761,-5.2714,-7.8754,-0.0,-0.0,0.0119
PHC,2016-01-29,1.99,2.06,1.99,2.06,1900,2.04,2.07,2.13,0.9316,-0.5357,-3.274,0.005,0.0012,0.0051
PHC,2016-02-01,2.03,2.03,1.96,1.99,57100,2.03,2.06,2.12,-1.869,-3.2999,-6.0542,0.0,0.0,0.0051
PHC,2016-02-02,1.87,1.93,1.87,1.93,2400,2.02,2.05,2.11,-4.3887,-5.9368,-8.6827,0.0067,0.002,0.0052
PHC,2016-02-03,1.99,1.99,1.9,1.99,66200,2.01,2.05,2.11,-0.9433,-2.7026,-5.3769,0.1836,0.0422,0.0215
PHC,2016-02-04,1.99,1.99,1.9,1.9,78210,2.0,2.04,2.1,-4.9128,-7.0487,-9.5567,-0.2927,-0.0635,0.0508
PHC,2016-02-05,1.96,2.09,1.96,2.09,8200,2.01,2.05,2.1,4.1011,2.0883,-0.3622,0.0309,0.0085,0.0535
PHC,2016-02-15,2.06,2.06,2.03,2.06,10500,2.01,2.04,2.09,2.362,0.8532,-1.7535,0.0427,0.0095,0.0569
PHC,2016-02-16,2.06,2.06,1.96,2.03,26900,2.01,2.03,2.09,0.7874,-0.3115,-3.2063,0.0211,0.0054,0.059
PHC,2016-02-17,2.03,2.03,1.96,2.03,9500,2.0,2.03,2.09,1.1058,-0.0781,-3.0891,0.0187,0.0044,0.0601
PHC,2016-02-18,2.15,2.22,2.15,2.22,155900,2.03,2.03,2.09,9.2044,8.8648,5.9643,0.3702,0.0946,0.0972
PHC,2016-02-19,2.28,2.31,2.18,2.25,61500,2.05,2.04,2.09,9.7371,9.9922,7.4129,-0.0,-0.0,0.0967
PHC,2016-02-22,2.28,2.31,2.25,2.31,39100,2.08,2.06,2.09,11.1112,12.3942,10.3386,0.0522,0.0163,0.1019
PHC,2016-02-23,2.22,2.31,2.18,2.25,24600,2.11,2.06,2.09,6.4467,8.8122,7.2506,-0.0,-0.0,0.1012
PHC,2016-02-24,2.15,2.18,2.15,2.15,11200,2.13,2.07,2.09,1.1904,3.9754,2.7499,-0.0217,-0.0055,0.085
PHC,2016-02-25,2.15,2.22,2.06,2.22,21400,2.16,2.08,2.09,2.6394,6.6261,5.7722,0.0303,0.0077,0.0588
PHC,2016-02-26,2.22,2.22,2.22,2.22,0,2.17,2.09,2.09,2.0409,6.0607,5.7722,0.0,0.0,0.0557
PHC,2016-02-29,2.12,2.15,2.12,2.15,3800,2.18,2.09,2.09,-1.3063,2.7189,2.8121,0.0069,0.0016,0.0521
PHC,2016-03-01,2.22,2.25,2.22,2.22,34700,2.2,2.1,2.09,0.7195,5.2632,5.8362,-0.0716,-0.0175,0.0572
PHC,2016-03-02,2.22,2.25,2.22,2.22,15335,2.22,2.11,2.09,-0.1426,4.9476,5.7402,-0.0284,-0.0067,0.0581
PHC,2016-03-03,2.22,2.22,2.15,2.15,5800,2.21,2.12,2.1,-2.7183,1.4924,2.6569,-0.0129,-0.0033,0.0224
PHC,2016-03-04,2.22,2.22,2.22,2.22,34000,2.21,2.13,2.1,0.2866,4.0893,5.5489,0.0,0.0,0.0224
PHC,2016-03-07,2.25,2.25,2.18,2.22,8840,2.2,2.14,2.1,0.7195,3.5503,5.5171,0.0,0.0,0.0172
PHC,2016-03-08,2.15,2.25,2.15,2.25,2825,2.2,2.15,2.1,2.1582,4.2583,6.9276,0.0051,0.0012,0.0177
PHC,2016-03-09,2.22,2.22,2.22,2.22,9400,2.21,2.17,2.1,0.4305,2.2645,5.2632,0.0,0.0,0.0155
PHC,2016-03-10,2.18,2.22,2.18,2.22,5800,2.21,2.18,2.11,0.4305,1.5229,5.0736,0.0099,0.0025,0.0135
PHC,2016-03-11,2.18,2.18,2.18,2.18,5100,2.2,2.19,2.11,-0.8619,-0.1445,3.4175,0.0,0.0,0.0135
PHC,2016-03-14,2.25,2.28,2.18,2.25,40110,2.21,2.2,2.12,1.5736,2.3054,6.192,0.0276,0.0067,0.0155
PHC,2016-03-15,2.22,2.25,2.18,2.18,21200,2.21,2.2,2.12,-1.146,-0.9331,3.1701,-0.0444,-0.0107,0.0128
PHC,2016-03-16,2.25,2.28,2.18,2.18,3300,2.21,2.21,2.12,-1.0042,-1.2874,3.1084,-0.007,-0.0018,0.0107
PHC,2016-03-17,2.15,2.25,2.15,2.25,55300,2.22,2.21,2.12,1.4284,1.501,6.0017,0.0946,0.0237,0.0189
PHC,2016-03-18,2.25,2.25,2.22,2.25,65800,2.22,2.21,2.12,1.2838,1.501,5.8752,0.0911,0.0209,0.028
PHC,2016-03-21,2.18,2.18,2.03,2.12,40000,2.21,2.2,2.12,-4.0115,-3.8047,-0.0895,0.0111,0.0027,0.0291
PHC,2016-03-22,2.15,2.31,2.15,2.31,114200,2.22,2.21,2.13,4.2857,4.6596,8.6634,0.2593,0.0747,0.0545
PHC,2016-03-23,2.37,2.53,2.37,2.5,280200,2.24,2.22,2.13,11.4246,12.3756,17.1066,0.3747,0.0954,0.092
PHC,2016-03-24,2.53,2.56,2.34,2.47,30800,2.27,2.24,2.14,8.7868,10.3255,15.1464,0.0082,0.0023,0.0918
PHC,2016-03-25,2.37,2.4,2.34,2.34,37000,2.28,2.24,2.15,2.493,4.3723,8.9196,-0.0709,-0.0196,0.0989
PHC,2016-03-28,2.34,2.4,2.28,2.37,66700,2.3,2.25,2.15,3.3059,5.2633,10.1971,0.0687,0.0194,0.103
PHC,2016-03-29,2.4,2.4,2.34,2.34,59500,2.31,2.26,2.16,1.2311,3.5688,8.568,-0.0937,-0.0258,0.1079
PHC,2016-03-30,2.5,2.56,2.34,2.5,186400,2.34,2.28,2.16,6.6128,9.8749,15.4972,0.1545,0.0455,0.1227
PHC,2016-03-31,2.5,2.53,2.4,2.4,26000,2.36,2.29,2.17,1.8767,5.1176,10.755,-0.0425,-0.0127,0.1175
PHC,2016-04-01,2.47,2.47,2.37,2.4,34600,2.38,2.3,2.18,1.1984,4.6832,10.4331,-0.0233,-0.0075,0.1107
PHC,2016-04-04,2.34,2.44,2.34,2.34,23800,2.4,2.3,2.18,-2.3748,1.6482,7.2463,-0.0511,-0.0142,0.1147
PHC,2016-04-05,2.31,2.4,2.31,2.4,31410,2.41,2.31,2.19,-0.1314,4.0384,9.7949,0.0622,0.018,0.095
PHC,2016-04-06,2.4,2.44,2.4,2.44,17300,2.4,2.32,2.2,1.4492,4.9045,10.8551,0.0361,0.0102,0.0611
PHC,2016-04-07,2.44,2.44,2.4,2.44,44100,2.4,2.33,2.21,1.583,4.4067,10.4734,0.0807,0.0197,0.0684
PHC,2016-04-08,2.4,2.44,2.4,2.44,52800,2.41,2.35,2.21,1.1826,3.8435,10.0314,0.1174,0.0367,0.073
PHC,2016-04-11,2.44,2.44,2.34,2.4,90800,2.41,2.35,2.22,-0.2624,2.1506,8.2313,0.0535,0.0137,0.0715
PHC,2016-04-12,2.44,2.59,2.37,2.53,175600,2.43,2.37,2.23,4.1666,6.7378,13.4108,0.1162,0.0361,0.0738
PHC,2016-04-13,2.56,2.59,2.47,2.47,34500,2.43,2.39,2.24,1.6951,3.4485,10.2009,-0.0668,-0.0182,0.065
PHC,2016-04-14,2.5,2.53,2.44,2.44,23100,2.43,2.4,2.25,0.2603,1.7172,8.3286,-0.0538,-0.0163,0.0661
PHC,2016-04-15,2.44,2.53,2.44,2.47,76100,2.44,2.41,2.26,1.2989,2.5643,9.3358,-0.042,-0.0128,0.068
PHC,2016-04-19,2.4,2.47,2.4,2.47,27200,2.45,2.42,2.27,0.7754,1.8278,8.8779,0.0483,0.0123,0.0677
PHC,2016-04-20,2.4,2.47,2.4,2.44,76000,2.45,2.43,2.28,-0.6453,0.2603,7.0038,-0.0,-0.0,0.0615
PHC,2016-04-21,2.37,2.56,2.37,2.47,59200,2.46,2.43,2.29,0.5156,1.6288,7.9438,0.0,0.0,0.0579
PHC,2016-04-22,2.47,2.5,2.47,2.47,20100,2.46,2.43,2.3,0.3862,1.6288,7.4086,-0.0299,-0.0079,0.0528
PHC,2016-04-25,2.44,2.47,2.37,2.44,42800,2.46,2.43,2.3,-0.9011,0.1299,5.7111,0.0202,0.0053,0.0431
PHC,2016-04-26,2.44,2.47,2.44,2.47,26120,2.47,2.44,2.31,0.1285,1.2331,6.7034,0.0435,0.0109,0.0421
PHC,2016-04-27,2.44,2.44,2.4,2.4,35000,2.45,2.44,2.32,-1.9355,-1.4906,3.627,-0.0666,-0.0186,0.0371
PHC,2016-04-28,2.4,2.44,2.4,2.44,22000,2.45,2.44,2.33,-0.5169,-0.065,4.6195,0.0531,0.0147,0.0358
PHC,2016-04-29,2.44,2.5,2.44,2.47,40300,2.45,2.44,2.33,0.6453,1.1019,5.7486,0.0,0.0,0.0304
PHC,2016-05-04,2.44,2.47,2.4,2.44,62800,2.45,2.44,2.34,-0.5169,-0.2592,4.223,-0.0,-0.0,0.0262
PHC,2016-05-05,2.37,2.44,2.37,2.44,51500,2.45,2.45,2.34,-0.3882,-0.4526,4.1102,0.0937,0.0257,0.0307
PHC,2016-05-06,2.4,2.44,2.4,2.4,15500,2.44,2.45,2.34,-1.5544,-1.7453,2.6195,-0.0322,-0.0097,0.0339
PHC,2016-05-09,2.37,2.47,2.37,2.47,18700,2.44,2.45,2.35,1.0364,0.7753,5.0365,0.0384,0.011,0.0378
PHC,2016-05-10,2.4,2.47,2.4,2.47,16100,2.44,2.45,2.35,1.0364,0.7103,4.8107,0.0331,0.0087,0.0381
PHC,2016-05-11,2.4,2.59,2.4,2.59,19300,2.46,2.46,2.36,5.5341,5.5341,9.8313,0.0338,0.0094,0.0394
PHC,2016-05-12,2.63,2.63,2.47,2.47,12600,2.46,2.46,2.37,0.3862,0.2572,4.1947,-0.0257,-0.0072,0.0377
PHC,2016-05-13,2.53,2.53,2.44,2.53,1700,2.47,2.46,2.38,2.4327,2.8276,6.5813,0.0036,0.001,0.0314
PHC,2016-05-16,2.44,2.53,2.37,2.47,46700,2.47,2.46,2.38,-0.2556,0.2572,3.696,0.0184,0.0049,0.0279
PHC,2016-05-17,2.4,2.44,2.37,2.4,17600,2.47,2.46,2.39,-2.5641,-2.2508,0.8225,0.0,0.0,0.0279
PHC,2016-05-18,2.37,2.37,2.34,2.34,11400,2.46,2.45,2.39,-4.7621,-4.5779,-1.9349,-0.0212,-0.0058,0.03
PHC,2016-05-19,2.37,2.37,2.31,2.31,16800,2.45,2.45,2.39,-5.5628,-5.5628,-3.3369,-0.0302,-0.0088,0.0237
PHC,2016-05-20,2.4,2.5,2.34,2.44,34220,2.45,2.45,2.39,-0.5169,-0.3882,1.7979,0.0154,0.0044,0.022
PHC,2016-05-23,2.4,2.47,2.4,2.47,107200,2.45,2.45,2.4,0.7753,0.9057,2.9025,0.2389,0.0676,0.042
PHC,2016-05-24,2.47,2.5,2.44,2.5,18900,2.45,2.45,2.4,1.9355,2.1332,3.9748,0.0421,0.0119,0.0429
PHC,2016-05-25,2.44,2.44,2.37,2.4,19200,2.43,2.45,2.41,-1.1704,-1.6818,-0.1576,0.0,0.0,0.0395
PHC,2016-05-26,2.37,2.37,2.37,2.37,30300,2.42,2.44,2.41,-2.0886,-2.7867,-1.5747,0.0,0.0,0.037
PHC,2016-05-27,2.34,2.4,2.34,2.4,35700,2.41,2.44,2.42,-0.2625,-1.4906,-0.4454,0.0907,0.0264,0.0457
PHC,2016-05-30,2.4,2.4,2.37,2.4,13400,2.4,2.44,2.42,0.0,-1.4267,-0.6276,0.0249,0.008,0.0463
PHC,2016-05-31,2.34,2.4,2.34,2.4,40100,2.4,2.44,2.42,0.0,-1.2987,-0.7574,0.067,0.0185,0.053
PHC,2016-06-01,2.31,2.37,2.31,2.37,59910,2.41,2.43,2.43,-1.4454,-2.4706,-2.1653,0.1086,0.0339,0.0618
PHC,2016-06-02,2.31,2.37,2.31,2.37,26200,2.41,2.43,2.43,-1.7037,-2.3437,-2.3691,0.0476,0.0152,0.0635
PHC,2016-06-03,2.34,2.37,2.28,2.37,49500,2.41,2.43,2.43,-1.4454,-2.28,-2.4199,0.0842,0.0263,0.0704
PHC,2016-06-06,2.34,2.34,2.28,2.34,22100,2.4,2.42,2.43,-2.2459,-3.3313,-3.5958,0.0404,0.012,0.0505
PHC,2016-06-07,2.31,2.34,2.28,2.34,35800,2.38,2.42,2.43,-1.5959,-3.0781,-3.4952,0.0703,0.019,0.0534
PHC,2016-06-08,2.31,2.34,2.31,2.34,7700,2.37,2.4,2.43,-1.3335,-2.5676,-3.4952,0.0137,0.0032,0.0547
PHC,2016-06-09,2.37,2.37,2.28,2.34,28400,2.37,2.4,2.43,-1.2017,-2.3104,-3.47,0.0176,0.0044,0.0565
PHC,2016-06-10,2.34,2.34,2.28,2.34,15200,2.36,2.39,2.43,-0.9372,-1.9219,-3.47,0.0253,0.0074,0.05
PHC,2016-06-13,2.25,2.37,2.22,2.34,51720,2.36,2.38,2.42,-0.6712,-1.6613,-3.3439,0.0508,0.014,0.0525
PHC,2016-06-14,2.31,2.34,2.25,2.28,10700,2.34,2.37,2.42,-2.8339,-4.0638,-5.8576,-0.0075,-0.0019,0.0466
PHC,2016-06-15,2.25,2.28,2.22,2.25,62900,2.33,2.37,2.42,-3.6636,-5.2071,-7.0439,-0.0,-0.0,0.0357
PHC,2016-06-16,2.28,2.34,2.28,2.31,38600,2.33,2.37,2.42,-0.6802,-2.5367,-4.4002,0.0,0.0,0.031
PHC,2016-06-17,2.28,2.34,2.28,2.31,67700,2.32,2.36,2.41,-0.4092,-2.2758,-4.325,0.0,0.0,0.0226
PHC,2016-06-20,2.25,2.34,2.25,2.28,22630,2.31,2.35,2.41,-1.5046,-3.2257,-5.5117,-0.0149,-0.0034,0.02
PHC,2016-06-21,2.28,2.37,2.28,2.37,32100,2.32,2.35,2.41,2.4592,1.0783,-1.523,0.059,0.0137,0.0189
PHC,2016-06-22,2.37,2.37,2.28,2.34,104600,2.32,2.34,2.41,1.0928,-0.1351,-2.7597,0.0815,0.0208,0.0257
PHC,2016-06-23,2.34,2.56,2.34,2.56,194900,2.34,2.35,2.41,9.6074,8.8708,6.299,0.404,0.1095,0.0643
PHC,2016-06-24,2.56,2.69,2.34,2.69,96400,2.37,2.37,2.41,13.3334,13.5606,11.4024,0.1074,0.0315,0.0725
PHC,2016-06-27,2.63,2.69,2.53,2.69,73100,2.41,2.38,2.42,11.6952,12.8819,11.1984,0.1393,0.041,0.0814
PHC,2016-06-28,2.66,2.69,2.63,2.66,72200,2.45,2.4,2.42,8.6674,10.9642,9.689,-0.0,-0.0,0.0806
PHC,2016-06-29,2.66,2.82,2.63,2.75,226200,2.5,2.41,2.43,10.266,14.0235,13.3401,0.1305,0.0371,0.0937
PHC,2016-06-30,2.72,2.75,2.66,2.75,37100,2.54,2.43,2.43,8.3436,13.1338,13.0749,0.0666,0.0205,0.1003
PHC,2016-07-01,2.69,2.69,2.69,2.69,5500,2.58,2.45,2.44,4.2946,9.8193,10.2465,0.0,0.0,0.1003
PHC,2016-07-04,2.69,2.91,2.69,2.69,37900,2.62,2.47,2.44,2.6571,9.0444,10.0467,-0.0526,-0.0151,0.1041
PHC,2016-07-05,2.69,2.72,2.59,2.59,53400,2.64,2.48,2.45,-1.7963,4.6587,6.0528,-0.0727,-0.0207,0.1055
PHC,2016-07-06,2.56,2.66,2.4,2.4,29500,2.65,2.48,2.45,-9.1995,-3.123,-1.6817,-0.0436,-0.0105,0.1017
PHC,2016-07-07,2.47,2.63,2.47,2.59,17700,2.65,2.5,2.45,-2.1479,3.995,5.9706,0.0156,0.0039,0.0628
PHC,2016-07-08,2.85,2.85,2.53,2.69,25600,2.65,2.51,2.45,1.4321,7.053,9.5927,0.0,0.0,0.0521
PHC,2016-07-11,2.59,2.59,2.5,2.59,13400,2.64,2.53,2.46,-1.7963,2.757,5.5885,0.0128,0.0037,0.0394
PHC,2016-07-12,2.5,2.5,2.5,2.5,10800,2.63,2.54,2.46,-4.8193,-1.4348,1.6993,0.0,0.0,0.0394
PHC,2016-07-13,2.47,2.59,2.47,2.59,200,2.61,2.55,2.46,-0.606,1.611,5.4256,0.0002,0.0001,0.0264
PHC,2016-07-14,2.66,2.66,2.44,2.53,16100,2.59,2.56,2.46,-2.2006,-1.2956,2.7748,-0.0022,-0.0006,0.02
PHC,2016-07-15,2.56,2.56,2.44,2.44,200,2.56,2.57,2.46,-4.9384,-5.2309,-1.1047,-0.0004,-0.0001,0.02
PHC,2016-07-18,2.4,2.59,2.4,2.59,19300,2.55,2.59,2.47,1.6109,0.3059,5.2092,0.0303,0.0087,0.0178
PHC,2016-07-19,2.47,2.53,2.44,2.53,58100,2.55,2.59,2.47,-0.6212,-2.4391,2.5903,0.1367,0.0368,0.0242
PHC,2016-07-20,2.5,2.5,2.5,2.5,6000,2.56,2.6,2.47,-2.2277,-3.9513,1.3861,0.0,0.0,0.0198
PHC,2016-07-21,2.5,2.5,2.4,2.47,12100,2.54,2.6,2.47,-2.9849,-4.9938,0.1028,0.0069,0.0017,0.0189
PHC,2016-07-22,2.4,2.53,2.4,2.53,43900,2.53,2.59,2.47,0.1251,-2.2603,2.6693,0.0609,0.0169,0.025
PHC,2016-07-25,2.56,2.56,2.5,2.53,55500,2.52,2.58,2.47,0.3763,-1.9609,2.6166,0.0,0.0,0.0238
PHC,2016-07-26,2.47,2.53,2.4,2.53,27200,2.53,2.58,2.47,0.2506,-1.72,2.5115,0.0586,0.0163,0.0296
PHC,2016-07-27,2.4,2.47,2.4,2.4,33000,2.51,2.56,2.47,-4.0404,-5.9988,-2.6639,-0.0604,-0.0178,0.0356
PHC,2016-07-28,2.37,2.5,2.37,2.5,3100,2.5,2.55,2.47,-0.1264,-1.8023,1.0231,0.0051,0.0013,0.0359
PHC,2016-07-29,2.5,2.5,2.5,2.5,0,2.51,2.54,2.48,-0.3783,-1.4348,0.9714,0.0,0.0,0.0359
PHC,2016-08-01,2.47,2.47,2.37,2.47,11500,2.5,2.53,2.48,-1.1405,-2.2555,-0.3066,0.0308,0.0076,0.0359
PHC,2016-08-02,2.63,2.63,2.63,2.63,100,2.51,2.53,2.48,4.7979,3.9448,5.9754,0.0001,0.0,0.0223
PHC,2016-08-03,2.37,2.37,2.37,2.37,26400,2.49,2.53,2.48,-4.8222,-6.0149,-4.2144,0.0,0.0,0.0223
PHC,2016-08-04,2.31,2.4,2.28,2.4,1600,2.49,2.52,2.48,-3.3079,-4.4025,-2.9622,0.0025,0.0007,0.0218
PHC,2016-08-05,2.31,2.31,2.28,2.28,2100,2.46,2.5,2.48,-7.4549,-8.6873,-7.9753,-0.0036,-0.0009,0.0161
PHC,2016-08-08,2.28,2.4,2.18,2.34,32500,2.44,2.48,2.47,-4.1452,-5.6725,-5.371,0.0338,0.0087,0.0195
PHC,2016-08-09,2.22,2.4,2.18,2.4,10200,2.43,2.48,2.47,-1.0417,-2.9374,-2.8133,0.0206,0.0045,0.0157
PHC,2016-08-10,2.37,2.37,2.37,2.37,7000,2.43,2.47,2.47,-2.2163,-3.7843,-4.0919,0.0,0.0,0.0097
PHC,2016-08-11,2.34,2.37,2.34,2.37,3300,2.41,2.46,2.47,-1.7037,-3.4748,-4.0919,0.0041,0.001,0.0096
PHC,2016-08-12,2.25,2.28,2.22,2.22,18600,2.39,2.45,2.47,-7.1619,-9.5023,-10.3713,-0.011,-0.0066,0.0107
PHC,2016-08-15,2.25,2.25,2.15,2.25,28900,2.36,2.43,2.47,-4.9533,-7.5523,-9.0212,0.0372,0.0089,0.0113
PHC,2016-08-16,2.25,2.44,2.25,2.44,6500,2.34,2.43,2.47,3.9135,0.4565,-1.4086,0.0107,0.0023,0.0124
PHC,2016-08-17,2.22,2.31,2.22,2.31,37400,2.34,2.42,2.47,-1.2179,-4.3877,-6.5061,0.0704,0.016,0.0194
PHC,2016-08-18,2.28,2.34,2.22,2.34,44500,2.33,2.41,2.47,0.4069,-2.8235,-5.2255,0.0669,0.0123,0.0259
PHC,2016-08-19,2.22,2.31,2.22,2.31,19000,2.34,2.4,2.47,-1.084,-3.6939,-6.4822,0.0337,0.0062,0.0289
PHC,2016-08-22,2.22,2.22,2.22,2.22,5000,2.32,2.38,2.47,-4.6322,-7.0385,-10.2334,0.0,0.0,0.0255
PHC,2016-08-23,2.22,2.22,2.22,2.22,2900,2.3,2.37,2.47,-3.8462,-6.4171,-10.1873,0.0,0.0,0.0234
PHC,2016-08-24,2.22,2.22,2.22,2.22,18000,2.29,2.36,2.47,-3.1812,-6.0403,-10.1643,0.0,0.0,0.0234
PHC,2016-08-25,2.15,2.22,2.15,2.22,3100,2.27,2.34,2.46,-2.5069,-5.4693,-10.0951,0.0056,0.0014,0.0236
PHC,2016-08-26,2.22,2.22,2.22,2.22,0,2.27,2.33,2.46,-2.5069,-4.8913,-10.0257,0.0,0.0,0.0225
PHC,2016-08-29,2.22,2.22,2.15,2.15,6200,2.26,2.31,2.46,-4.8952,-6.9769,-12.5066,-0.008,-0.0017,0.0195
PHC,2016-08-30,2.18,2.22,2.18,2.18,5100,2.24,2.29,2.46,-2.4044,-4.696,-11.0824,-0.0101,-0.002,0.0195
PHC,2016-08-31,2.22,2.28,2.18,2.25,40750,2.23,2.28,2.45,0.7091,-1.6622,-8.4345,0.0259,0.0048,0.015
PHC,2016-09-01,2.28,2.31,2.28,2.28,63300,2.22,2.28,2.45,2.4184,0.0002,-6.9285,-0.1182,-0.0269,0.0202
PHC,2016-09-05,2.25,2.37,2.25,2.34,155200,2.23,2.28,2.44,5.1135,2.6351,-4.0706,0.1502,0.0358,0.0318
PHC,2016-09-06,2.34,2.4,2.34,2.4,14300,2.25,2.28,2.44,7.0423,5.2632,-1.2474,0.0281,0.0059,0.0346
PHC,2016-09-07,2.4,2.4,2.34,2.37,40200,2.26,2.28,2.43,4.8953,3.9503,-2.3182,0.0,0.0,0.0346
PHC,2016-09-08,2.37,2.44,2.31,2.44,48610,2.28,2.29,2.42,6.6481,6.5743,0.5483,0.0847,0.0168,0.0431
PHC,2016-09-09,2.34,2.4,2.34,2.4,28200,2.3,2.29,2.42,4.3956,5.1176,-0.4714,0.0632,0.0121,0.0488
PHC,2016-09-12,2.34,2.37,2.34,2.37,15760,2.32,2.3,2.41,2.3194,3.3772,-1.523,0.0305,0.0065,0.0519
PHC,2016-09-13,2.37,2.4,2.37,2.37,68200,2.34,2.3,2.4,1.3515,3.093,-1.2637,-0.1746,-0.0329,0.0686
PHC,2016-09-14,2.4,2.4,2.31,2.37,55500,2.36,2.3,2.4,0.5363,3.2348,-1.0814,0.0433,0.0105,0.0719
PHC,2016-09-15,2.37,2.37,2.31,2.31,23900,2.37,2.3,2.4,-2.4065,0.4818,-3.6431,-0.0487,-0.0124,0.0742
PHC,2016-09-16,2.28,2.31,2.15,2.31,26900,2.37,2.3,2.39,-2.5368,0.551,-3.4136,0.0216,0.0044,0.0645
PHC,2016-09-19,2.34,2.34,2.31,2.31,15400,2.37,2.3,2.38,-2.4065,0.551,-3.1059,-0.0264,-0.0047,0.0521
PHC,2016-09-20,2.28,2.31,2.28,2.31,18490,2.36,2.3,2.38,-2.0135,0.3436,-2.8739,0.0359,0.0063,0.0529
PHC,2016-09-21,2.34,2.47,2.34,2.4,53200,2.36,2.31,2.38,1.8767,4.0383,1.1984,-0.0,-0.0,0.0529
PHC,2016-09-22,2.4,2.44,2.4,2.44,46000,2.36,2.32,2.37,3.217,4.9045,2.6666,0.0927,0.0216,0.0537
PHC,2016-09-23,2.47,2.47,2.44,2.47,5500,2.37,2.34,2.37,4.2782,5.6912,4.0557,0.0126,0.0025,0.0486
PHC,2016-09-26,2.44,2.47,2.44,2.47,13509,2.38,2.35,2.37,3.8616,5.1214,4.0279,0.031,0.0064,0.0487
PHC,2016-09-27,2.4,2.44,2.4,2.44,32340,2.38,2.36,2.37,2.2575,3.1479,2.8311,0.052,0.0113,0.0364
PHC,2016-09-28,2.44,2.44,2.4,2.4,20900,2.39,2.37,2.37,0.7958,1.3333,1.6043,-0.0392,-0.0103,0.036
PHC,2016-09-29,2.37,2.4,2.34,2.37,56200,2.39,2.38,2.36,-0.7935,-0.2658,0.3749,0.0,0.0,0.0311
PHC,2016-09-30,2.37,2.4,2.37,2.4,33800,2.4,2.39,2.36,0.1317,0.7957,1.7676,0.059,0.0119,0.0349
PHC,2016-10-03,2.37,2.44,2.34,2.4,93400,2.41,2.39,2.36,-0.2625,0.6622,1.8767,0.0669,0.0155,0.0389
PHC,2016-10-04,2.44,2.47,2.4,2.4,50500,2.42,2.39,2.36,-0.6536,0.6622,1.986,-0.1152,-0.022,0.0469
PHC,2016-10-05,2.44,2.44,2.4,2.4,44051,2.42,2.39,2.36,-0.6536,0.5956,2.0957,-0.0976,-0.0223,0.0566
PHC,2016-10-06,2.4,2.47,2.4,2.44,95100,2.42,2.39,2.36,0.6534,1.9191,3.4111,-0.0,-0.0,0.0474
PHC,2016-10-07,2.44,2.44,2.44,2.44,38700,2.42,2.39,2.35,0.7852,1.8517,3.4667,0.0,0.0,0.0461
PHC,2016-10-10,2.4,2.56,2.4,2.53,59600,2.42,2.4,2.36,4.4386,5.4712,7.469,0.0598,0.0174,0.049
PHC,2016-10-11,2.5,2.5,2.44,2.47,111600,2.43,2.4,2.36,1.6951,2.6317,4.7825,0.0,0.0,0.0438
PHC,2016-10-12,2.47,2.5,2.44,2.44,21000,2.43,2.41,2.35,0.2603,1.1825,3.6059,-0.0477,-0.011,0.0446
PHC,2016-10-13,2.44,2.5,2.44,2.44,48100,2.44,2.41,2.35,-0.0001,0.9173,3.5502,-0.0826,-0.0244,0.0529
PHC,2016-10-14,2.44,2.53,2.4,2.53,96600,2.45,2.43,2.36,3.3591,4.3704,7.469,0.1357,0.0401,0.0606
PHC,2016-10-17,2.47,2.56,2.47,2.53,60200,2.46,2.44,2.36,2.8277,3.896,7.2385,0.0382,0.0092,0.0577
PHC,2016-10-18,2.5,2.66,2.47,2.59,59400,2.48,2.45,2.37,4.5919,5.8748,9.6844,0.0455,0.0138,0.0507
PHC,2016-10-19,2.59,2.63,2.56,2.63,66600,2.5,2.46,2.37,4.9305,6.6837,10.8144,0.0985,0.0299,0.0508
PHC,2016-10-20,2.59,2.72,2.59,2.66,112200,2.53,2.47,2.38,5.263,7.4854,11.8805,-0.0,-0.0,0.0508
PHC,2016-10-21,2.66,2.75,2.63,2.69,103700,2.55,2.48,2.38,5.4592,8.2804,12.9119,0.0,0.0,0.0508
PHC,2016-10-24,2.72,2.72,2.59,2.63,85700,2.56,2.49,2.39,2.5958,5.3968,9.8755,-0.0808,-0.0205,0.0529
PHC,2016-10-25,2.59,2.66,2.59,2.63,90500,2.58,2.5,2.4,1.9656,4.9968,9.5275,0.0,0.0,0.0529
PHC,2016-10-26,2.63,2.69,2.59,2.63,90200,2.59,2.51,2.4,1.2195,4.534,9.3544,-0.0858,-0.0283,0.0567
PHC,2016-10-27,2.63,2.69,2.63,2.66,74600,2.62,2.53,2.41,1.5718,5.1971,10.3519,-0.0,-0.0,0.0485
PHC,2016-10-28,2.66,2.72,2.63,2.66,81200,2.63,2.54,2.42,1.0829,4.6728,10.0627,-0.0778,-0.024,0.0427
PHC,2016-10-31,2.66,2.72,2.66,2.69,60900,2.65,2.55,2.42,1.6748,5.3285,11.0241,0.0,0.0,0.0388
PHC,2016-11-01,2.69,2.69,2.63,2.63,119700,2.65,2.56,2.43,-0.8363,2.4059,8.0447,-0.391,-0.0976,0.0734
PHC,2016-11-02,2.63,2.88,2.53,2.88,217400,2.67,2.59,2.44,7.6925,11.2471,17.8147,0.4466,0.1318,0.1082
PHC,2016-11-03,2.91,2.91,2.72,2.78,125000,2.69,2.61,2.46,3.6515,6.8611,13.4022,-0.0843,-0.0221,0.1166
PHC,2016-11-04,2.69,2.72,2.69,2.69,87000,2.69,2.62,2.47,0.1179,2.7191,9.1143,-0.3206,-0.0797,0.1487
PHC,2016-11-07,2.69,2.75,2.63,2.69,62100,2.69,2.63,2.47,-0.1174,2.4097,8.6957,0.0,0.0,0.1406
PHC,2016-11-08,2.69,2.72,2.66,2.69,54800,2.7,2.64,2.49,-0.3516,1.9797,8.2252,0.0,0.0,0.1406
PHC,2016-11-09,2.69,2.69,2.59,2.69,70500,2.71,2.65,2.5,-0.5847,1.4926,7.786,0.1445,0.0331,0.1465
PHC,2016-11-10,2.69,2.69,2.63,2.69,90800,2.71,2.66,2.5,-0.7009,1.0102,7.4047,0.1984,0.0619,0.1663
PHC,2016-11-11,2.69,2.75,2.66,2.69,51955,2.71,2.67,2.51,-0.8168,0.711,7.053,-0.0608,-0.0176,0.1646
PHC,2016-11-14,2.69,2.72,2.63,2.69,97200,2.71,2.68,2.52,-0.8168,0.4135,6.7572,0.08,0.0196,0.1726
PHC,2016-11-15,2.69,2.94,2.66,2.94,380840,2.74,2.7,2.53,7.2663,9.1548,16.308,1.0675,0.3082,0.2403
PHC,2016-11-16,2.94,3.13,2.91,3.07,245465,2.76,2.72,2.54,11.1109,12.9218,20.6465,0.2471,0.0845,0.2203
PHC,2016-11-17,3.07,3.13,3.01,3.04,186400,2.79,2.74,2.56,8.967,10.9826,18.8412,-0.2139,-0.0767,0.2333
PHC,2016-11-18,3.01,3.2,2.97,3.2,301500,2.84,2.76,2.57,12.5976,15.6931,24.2619,0.7921,0.2576,0.2804
PHC,2016-11-21,3.2,3.29,3.2,3.29,237700,2.9,2.8,2.59,13.5372,17.7137,27.0463,0.4671,0.1892,0.3271
PHC,2016-11-22,3.23,3.29,3.16,3.26,186800,2.96,2.83,2.61,10.2782,15.2768,24.9695,0.2209,0.0705,0.3492
PHC,2016-11-23,2.97,3.26,2.97,3.23,140800,3.01,2.86,2.63,7.2555,12.9568,22.9508,0.2355,0.0726,0.3583
PHC,2016-11-24,3.2,3.23,3.2,3.23,133200,3.06,2.89,2.64,5.3719,11.8421,22.0972,0.3008,0.0874,0.3686
PHC,2016-11-25,3.2,3.29,3.2,3.23,169800,3.12,2.91,2.66,3.5533,10.7491,21.2553,-0.1178,-0.0391,0.3743
PHC,2016-11-28,3.26,3.51,3.2,3.48,391500,3.2,2.95,2.69,8.911,17.8362,29.6254,0.7104,0.2199,0.4373
PHC,2016-11-29,3.48,3.54,3.35,3.45,137900,3.25,3.0,2.71,6.2378,15.161,27.3661,0.0,0.0,0.3305
PHC,2016-11-30,3.42,3.54,3.32,3.42,288300,3.28,3.02,2.73,4.1466,13.089,25.261,-0.0823,-0.0332,0.3141
PHC,2016-12-01,3.42,3.45,3.39,3.39,170150,3.32,3.05,2.75,2.0993,10.9384,23.2436,-0.3313,-0.1103,0.3258
PHC,2016-12-02,3.39,3.42,3.32,3.32,190500,3.33,3.08,2.76,-0.1901,7.7475,20.1923,-0.4699,-0.1603,0.2936
PHC,2016-12-05,3.32,3.35,3.29,3.35,124600,3.34,3.12,2.78,0.5692,7.6141,20.564,0.2879,0.1122,0.2757
PHC,2016-12-06,3.35,3.35,3.29,3.32,55500,3.34,3.15,2.8,-0.5682,5.5276,18.6709,0.0,0.0,0.2536
PHC,2016-12-07,3.32,3.48,3.32,3.45,217130,3.36,3.19,2.82,2.5399,8.2422,22.2795,0.3721,0.1469,0.2672
PHC,2016-12-08,3.48,3.58,3.45,3.54,183200,3.4,3.23,2.84,4.3802,9.7501,24.6105,0.2393,0.101,0.2611
PHC,2016-12-09,3.54,3.86,3.41,3.51,84200,3.42,3.27,2.87,2.5079,7.3138,22.4398,-0.1458,-0.0594,0.2639
PHC,2016-12-12,3.51,3.51,3.3,3.3,114800,3.41,3.3,2.88,-3.0722,0.0044,14.4508,-0.24,-0.0958,0.2169
PHC,2016-12-13,3.3,3.44,3.3,3.41,113200,3.4,3.32,2.9,0.1178,2.4447,17.2515,0.1163,0.041,0.2285
PHC,2016-12-14,3.44,3.44,3.3,3.34,113200,3.39,3.34,2.92,-1.6888,-0.0462,14.1272,-0.042,-0.0267,0.2245
PHC,2016-12-15,3.37,3.47,3.16,3.23,155150,3.38,3.35,2.94,-4.3256,-3.4499,9.9625,-0.1715,-0.0512,0.2085
PHC,2016-12-16,3.23,3.3,3.2,3.23,94600,3.37,3.35,2.95,-4.0667,-3.501,9.3708,-0.0382,-0.0116,0.1653
PHC,2016-12-19,3.23,3.3,3.23,3.23,53400,3.36,3.35,2.97,-3.7156,-3.4151,8.8551,-0.1231,-0.0422,0.1488
PHC,2016-12-20,3.23,3.34,3.2,3.3,241300,3.35,3.35,2.99,-1.5812,-1.3992,10.576,0.2472,0.0769,0.1735
PHC,2016-12-21,3.34,3.34,3.23,3.27,62940,3.34,3.35,3.0,-2.0831,-2.4933,8.8071,-0.0486,-0.0147,0.1412
PHC,2016-12-22,3.34,3.34,3.23,3.23,241000,3.3,3.35,3.02,-2.2083,-3.5361,7.0824,-0.5759,-0.1811,0.1748
PHC,2016-12-23,3.27,3.27,3.2,3.2,220900,3.27,3.35,3.03,-2.3354,-4.5291,5.4662,-0.5836,-0.1945,0.2186
PHC,2016-12-26,3.27,3.27,3.06,3.16,206400,3.26,3.33,3.04,-2.9851,-5.1151,3.8875,0.0,0.0,0.1946
PHC,2016-12-27,3.16,3.16,3.06,3.06,183000,3.22,3.31,3.05,-5.1725,-7.7011,0.1579,-0.3809,-0.1062,0.2211
PHC,2016-12-28,3.06,3.23,3.02,3.06,157000,3.2,3.29,3.06,-4.3479,-7.1971,-0.1243,-0.219,-0.0776,0.2388
PHC,2016-12-29,3.06,3.16,2.99,3.13,131700,3.19,3.28,3.07,-1.8537,-4.7136,1.8338,0.1669,0.0572,0.2383
PHC,2016-12-30,3.13,3.13,3.09,3.09,103400,3.17,3.27,3.08,-2.5191,-5.441,0.4388,-0.2016,-0.0639,0.2547
PHC,2017-01-03,3.16,3.16,3.06,3.13,90900,3.16,3.26,3.09,-1.0988,-4.0453,1.2381,0.0642,0.0213,0.2488
PHC,2017-01-04,3.09,3.27,3.09,3.23,78300,3.15,3.25,3.1,2.4228,-0.7082,4.2042,0.1203,0.0367,0.2361
PHC,2017-01-05,3.23,3.47,3.16,3.47,289200,3.18,3.26,3.12,9.4093,6.7238,11.4382,0.732,0.2975,0.3044
PHC,2017-01-06,3.37,3.65,3.3,3.47,243810,3.2,3.25,3.13,8.5778,6.8378,10.8576,0.0,0.0,0.2468
PHC,2017-01-09,3.54,3.54,3.37,3.41,193600,3.22,3.25,3.15,5.7173,4.8688,8.1247,-0.2466,-0.0823,0.2131
PHC,2017-01-10,3.47,3.54,3.3,3.37,287300,3.24,3.25,3.16,3.9658,3.688,6.5609,-0.34,-0.1026,0.2472
PHC,2017-01-11,3.44,3.44,3.34,3.37,55600,3.27,3.25,3.18,2.9724,3.7434,6.062,-0.0325,-0.0109,0.2123
PHC,2017-01-12,3.37,3.54,3.34,3.44,95400,3.31,3.25,3.19,3.8824,5.7128,7.8683,-0.0,-0.0,0.1904
PHC,2017-01-13,3.41,3.75,3.37,3.75,612200,3.37,3.28,3.21,11.2254,14.4067,16.9644,1.3978,0.5996,0.3135
PHC,2017-01-16,3.82,4.1,3.79,4.07,325280,3.47,3.32,3.24,17.1172,22.385,25.6343,0.5313,0.2584,0.3465
PHC,2017-01-17,4.07,4.07,3.86,4.03,77800,3.56,3.36,3.26,13.1707,19.8966,23.5365,0.0895,0.0419,0.349
PHC,2017-01-18,4.0,4.03,3.93,4.03,144800,3.64,3.4,3.29,10.687,18.6094,22.5294,0.2779,0.1306,0.3648
PHC,2017-01-19,3.93,4.07,3.86,3.96,263500,3.69,3.43,3.31,7.3446,15.3846,19.4932,0.0,0.0,0.2916
PHC,2017-01-20,3.96,4.34,3.89,4.2,155941,3.76,3.48,3.35,11.7267,20.7585,25.6819,0.1805,0.0771,0.3096
PHC,2017-01-23,4.45,4.45,4.17,4.24,58200,3.85,3.53,3.38,10.2078,19.9608,25.5577,-0.082,-0.0423,0.2932
PHC,2017-01-24,4.17,4.34,4.13,4.2,185900,3.93,3.59,3.41,6.9849,17.248,23.421,-0.1368,-0.0649,0.2728
PHC,2017-01-25,4.2,4.27,4.1,4.27,180900,4.02,3.65,3.43,6.3094,17.1986,24.4882,0.4057,0.1641,0.3102
PHC,2017-02-02,4.27,4.52,4.13,4.41,215139,4.12,3.71,3.46,7.1731,18.8027,27.5387,0.2184,0.0912,0.332
PHC,2017-02-03,4.34,4.52,4.34,4.45,233000,4.19,3.78,3.49,6.224,17.647,27.5037,0.0908,0.041,0.2013
PHC,2017-02-06,4.45,4.66,4.13,4.52,360230,4.23,3.85,3.51,6.7323,17.2755,28.5224,0.333,0.1686,0.1815
PHC,2017-02-07,4.52,4.62,4.45,4.48,306840,4.28,3.92,3.54,4.7929,14.3617,26.6752,-0.321,-0.1622,0.2046
PHC,2017-02-08,4.48,4.62,4.45,4.48,350900,4.32,3.98,3.56,3.6978,12.5655,25.8055,-0.3756,-0.1817,0.2144
PHC,2017-02-09,4.59,4.62,4.38,4.45,428190,4.37,4.03,3.59,1.7488,10.3448,23.9812,-0.2646,-0.1195,0.2408
PHC,2017-02-10,4.52,4.52,4.41,4.41,200100,4.39,4.08,3.61,0.4748,8.2234,22.2052,-0.3514,-0.1492,0.2579
PHC,2017-02-13,4.45,4.45,4.34,4.38,277810,4.41,4.13,3.63,-0.6309,6.1052,20.4752,-0.1633,-0.0756,0.2661
PHC,2017-02-14,4.38,4.52,4.31,4.38,144790,4.42,4.18,3.65,-1.0212,4.8253,19.8832,-0.0729,-0.0347,0.2597
PHC,2017-02-15,4.41,4.48,4.38,4.41,123155,4.44,4.23,3.67,-0.5481,4.3551,20.2005,-0.0631,-0.0279,0.2254
PHC,2017-02-16,4.45,4.66,4.41,4.41,237824,4.44,4.28,3.69,-0.5481,3.1682,19.5522,-0.2825,-0.1242,0.2318
PHC,2017-02-17,4.41,4.59,4.38,4.59,186000,4.45,4.32,3.72,3.0446,6.1948,23.4558,0.2288,0.1032,0.2456
PHC,2017-02-20,4.59,4.62,4.27,4.52,269710,4.45,4.34,3.74,1.4831,4.0415,20.8083,0.1181,0.0569,0.2241
PHC,2017-02-21,4.55,4.59,4.45,4.59,98734,4.46,4.37,3.76,2.8038,4.9703,21.8638,0.1111,0.061,0.2031
PHC,2017-02-22,4.59,4.59,4.52,4.52,98451,4.46,4.39,3.79,1.1672,2.8073,19.2602,-0.0924,-0.0503,0.1748
PHC,2017-02-23,4.55,4.59,4.34,4.41,374200,4.46,4.42,3.81,-1.0903,-0.0786,15.9183,-0.1978,-0.0883,0.1681
PHC,2017-02-24,4.45,4.45,4.34,4.38,286850,4.46,4.42,3.82,-1.7927,-1.0601,14.5038,-0.0825,-0.0395,0.1412
PHC,2017-02-27,4.45,4.45,4.2,4.27,437310,4.45,4.43,3.84,-3.9063,-3.4538,11.3323,-0.22,-0.0951,0.1469
PHC,2017-02-28,4.31,4.31,4.27,4.27,109200,4.44,4.43,3.86,-3.6806,-3.5295,10.7708,-0.1043,-0.0519,0.1501
PHC,2017-03-01,4.31,4.38,4.2,4.24,324102,4.42,4.43,3.87,-4.088,-4.2761,9.3975,-0.2598,-0.1116,0.1697
PHC,2017-03-02,4.27,4.31,4.27,4.27,101805,4.41,4.42,3.89,-2.9969,-3.3399,9.7626,-0.1237,-0.063,0.1538
PHC,2017-03-03,4.34,4.34,4.2,4.27,139610,4.37,4.41,3.91,-2.3035,-3.1497,9.178,0.0,0.0,0.131
PHC,2017-03-06,4.27,4.38,4.24,4.34,145312,4.36,4.4,3.94,-0.3191,-1.3808,10.3265,0.0898,0.0378,0.1281
PHC,2017-03-07,4.34,4.62,4.31,4.52,194200,4.35,4.41,3.96,3.8338,2.5236,13.995,0.0976,0.0438,0.1268
PHC,2017-03-08,4.52,4.66,4.45,4.59,195500,4.36,4.41,3.99,5.2633,3.978,15.0027,0.1241,0.0627,0.13
PHC,2017-03-09,4.52,4.62,4.52,4.59,25310,4.37,4.42,4.01,4.8452,3.8145,14.2462,0.0128,0.0058,0.1115
PHC,2017-03-10,4.62,4.66,4.45,4.52,101515,4.39,4.42,4.04,2.9295,2.1209,11.799,-0.0574,-0.0275,0.109
PHC,2017-03-13,4.52,4.59,4.52,4.59,139400,4.42,4.43,4.07,3.7737,3.4484,12.7435,0.2255,0.106,0.1095
PHC,2017-03-14,4.55,4.59,4.48,4.48,224500,4.44,4.44,4.09,0.939,0.9785,9.4705,-0.3702,-0.1601,0.1361
PHC,2017-03-15,4.52,4.86,4.48,4.76,302010,4.49,4.46,4.13,5.9552,6.8227,15.3005,0.2546,0.0962,0.1356
PHC,2017-03-16,4.73,5.07,4.73,4.9,231720,4.56,4.48,4.17,7.5515,9.3447,17.6176,0.0,0.0,0.1232
PHC,2017-03-17,4.93,4.97,4.83,4.86,306675,4.61,4.49,4.2,5.4216,8.2334,15.8172,-0.1534,-0.0692,0.1385
PHC,2017-03-20,4.9,4.9,4.62,4.62,372225,4.64,4.5,4.23,-0.4492,2.7027,9.2312,-0.4577,-0.2455,0.1753
PHC,2017-03-21,4.59,4.66,4.48,4.48,165600,4.64,4.49,4.26,-3.3708,-0.2705,5.2718,-0.1896,-0.0854,0.1845
PHC,2017-03-22,4.69,4.79,4.17,4.48,339230,4.63,4.49,4.28,-3.1531,-0.232,4.6569,0.0,0.0,0.1721
PHC,2017-03-23,4.45,4.45,4.27,4.45,215800,4.61,4.49,4.3,-3.6145,-1.0437,3.3758,0.2931,0.1134,0.2001
PHC,2017-03-24,4.41,4.59,4.41,4.55,280855,4.62,4.5,4.32,-1.4297,1.0803,5.2716,0.1735,0.1001,0.2117
PHC,2017-03-27,4.59,4.59,4.34,4.38,140190,4.6,4.51,4.34,-4.7619,-2.8902,0.8,-0.1108,-0.0528,0.2003
PHC,2017-03-28,4.31,4.45,4.31,4.34,102100,4.58,4.51,4.36,-5.2313,-3.7352,-0.4461,-0.0634,-0.0304,0.1696
PHC,2017-03-29,4.34,4.52,4.31,4.52,234200,4.56,4.53,4.39,-0.9147,-0.192,2.9947,0.3641,0.1737,0.1805
PHC,2017-03-30,4.48,4.55,4.41,4.48,94587,4.52,4.54,4.41,-0.7692,-1.1872,1.719,0.0,0.0,0.1805
PHC,2017-03-31,4.48,4.52,4.41,4.48,90575,4.48,4.55,4.42,0.0776,-1.4138,1.3833,0.0456,0.0201,0.1698
PHC,2017-04-03,4.48,4.52,4.27,4.48,123401,4.46,4.55,4.43,0.3892,-1.5643,1.1924,0.0923,0.0422,0.1332
PHC,2017-04-04,4.45,4.52,4.34,4.48,89263,4.46,4.55,4.44,0.3892,-1.5267,0.9864,0.0536,0.029,0.1196
PHC,2017-04-05,4.48,4.55,4.45,4.45,186300,4.46,4.54,4.45,-0.3116,-2.1407,0.0156,-0.2131,-0.1181,0.1409
PHC,2017-04-07,4.45,4.52,4.38,4.48,215000,4.46,4.54,4.46,0.3892,-1.2629,0.5613,0.1207,0.0506,0.1237
PHC,2017-04-10,4.48,4.52,4.45,4.48,190300,4.46,4.54,4.46,0.5456,-1.2251,0.436,0.0,0.0,0.1063
PHC,2017-04-11,4.45,4.45,4.38,4.45,77700,4.46,4.53,4.47,-0.3892,-1.8405,-0.4356,0.0644,0.0445,0.1017
PHC,2017-04-12,4.45,4.48,4.38,4.48,121500,4.48,4.53,4.47,0.0776,-1.0736,0.2176,0.1479,0.0827,0.1102
PHC,2017-04-13,4.48,4.48,4.38,4.41,57800,4.47,4.51,4.48,-1.2441,-2.2324,-1.3974,-0.0275,-0.0151,0.0765
PHC,2017-04-14,4.38,4.48,4.27,4.27,112030,4.45,4.48,4.47,-3.9063,-4.6512,-4.4438,-0.122,-0.0664,0.0887
PHC,2017-04-17,4.31,4.59,4.17,4.55,255500,4.45,4.47,4.47,2.1841,1.9059,1.7239,0.2196,0.1238,0.1061
PHC,2017-04-18,4.52,4.59,4.45,4.52,112300,4.46,4.46,4.47,1.3249,1.246,0.9473,-0.0,-0.0,0.0969
PHC,2017-04-19,4.48,4.59,4.45,4.59,342904,4.47,4.47,4.48,2.6439,2.6839,2.4527,0.5378,0.3084,0.1453
PHC,2017-04-20,4.59,4.66,4.45,4.48,215400,4.47,4.47,4.48,0.2331,0.3501,0.1242,-0.2643,-0.1349,0.1504
PHC,2017-04-21,4.45,4.52,4.38,4.48,149140,4.47,4.47,4.48,0.2331,0.3111,0.1087,0.1143,0.0759,0.1498
PHC,2017-04-24,4.45,4.55,4.45,4.48,211700,4.47,4.46,4.48,0.2331,0.3891,0.0776,-0.1007,-0.0517,0.1599
PHC,2017-04-25,4.45,4.55,4.41,4.55,411410,4.48,4.47,4.48,1.5504,1.7476,1.5504,0.5084,0.3332,0.2043
PHC,2017-04-26,4.48,4.86,4.48,4.86,423028,4.52,4.5,4.49,7.6094,8.108,8.292,0.6185,0.3517,0.2513
PHC,2017-04-27,4.83,5.0,4.83,4.93,355540,4.57,4.52,4.5,7.9028,9.1469,9.5849,0.0948,0.0472,0.258
PHC,2017-04-28,4.9,4.97,4.86,4.93,162710,4.64,4.54,4.51,6.3671,8.6043,9.3318,0.0617,0.032,0.252
PHC,2017-05-03,4.9,4.93,4.79,4.86,206200,4.67,4.56,4.52,4.1666,6.626,7.6591,-0.0,-0.0,0.2301
PHC,2017-05-04,4.83,5.32,4.83,5.32,521938,4.75,4.6,4.53,11.9239,15.4717,17.2414,0.4629,0.2795,0.2763
PHC,2017-05-05,5.28,5.56,5.28,5.52,444610,4.84,4.66,4.55,14.0603,18.6568,21.3371,0.3189,0.2127,0.2545
PHC,2017-05-08,5.49,5.73,5.49,5.52,368301,4.95,4.71,4.57,11.6573,17.2999,20.8024,-0.2222,-0.1448,0.2502
PHC,2017-05-09,5.46,5.52,5.42,5.49,100438,5.05,4.76,4.59,8.7405,15.3284,19.4797,0.0344,0.0239,0.2423
PHC,2017-05-10,5.46,5.8,5.39,5.77,444710,5.18,4.82,4.62,11.4094,19.5535,24.7745,0.3289,0.2403,0.2651
PHC,2017-05-11,5.77,5.87,5.59,5.59,246700,5.28,4.88,4.65,5.9211,14.5908,20.3289,-0.265,-0.1524,0.2407
PHC,2017-05-12,5.56,5.59,5.46,5.52,176700,5.35,4.93,4.67,3.3139,11.9719,18.1981,0.0,0.0,0.1789
PHC,2017-05-15,5.49,5.73,5.49,5.66,263438,5.42,5.0,4.7,4.4871,13.3518,20.4374,0.0971,0.0715,0.1791
PHC,2017-05-16,5.63,5.66,5.46,5.49,208700,5.48,5.06,4.73,0.2538,8.5537,16.1423,-0.0877,-0.0574,0.1817
PHC,2017-05-17,5.49,5.52,5.35,5.49,165500,5.54,5.1,4.75,-0.8783,7.5561,15.5477,0.086,0.0535,0.1903
PHC,2017-05-18,5.49,5.59,5.46,5.52,298638,5.56,5.15,4.77,-0.625,7.179,15.7037,0.0,0.0,0.144
PHC,2017-05-19,5.49,5.56,5.42,5.46,148700,5.55,5.2,4.79,-1.7521,4.9466,13.8012,-0.0629,-0.0347,0.1184
PHC,2017-05-22,5.42,5.66,5.42,5.46,361940,5.55,5.25,4.81,-1.629,3.9736,13.3902,-0.2035,-0.1026,0.1166
PHC,2017-05-23,5.42,5.56,5.42,5.46,233820,5.54,5.3,4.83,-1.5673,3.0184,12.9822,-0.0824,-0.0544,0.1214
PHC,2017-05-24,5.46,5.98,5.46,5.98,897797,5.56,5.37,4.86,7.4327,11.2907,23.0328,1.0234,0.5665,0.1908
PHC,2017-05-25,6.08,6.46,6.01,6.32,719300,5.64,5.46,4.89,12.2071,15.8497,29.2613,0.3252,0.187,0.1968
PHC,2017-05-26,6.43,6.6,6.32,6.46,599700,5.73,5.54,4.93,12.7957,16.6876,31.0413,0.0,0.0,0.1968
PHC,2017-05-29,6.46,6.57,6.22,6.25,506487,5.79,5.6,4.96,8.0432,11.5933,26.0504,-0.2894,-0.2084,0.2161
PHC,2017-05-30,6.25,6.36,6.05,6.25,322530,5.87,5.67,4.99,6.635,10.2941,25.3656,0.0639,0.0472,0.2137
PHC,2017-05-31,6.25,6.29,6.12,6.18,146630,5.93,5.74,5.02,4.2154,7.8134,23.3199,-0.0278,-0.0169,0.2079
PHC,2017-06-01,6.18,6.22,6.12,6.22,104700,6.0,5.78,5.05,3.588,7.5722,23.2274,0.1605,0.0913,0.2239
PHC,2017-06-02,6.22,6.39,6.18,6.29,230700,6.09,5.82,5.08,3.3105,8.0597,23.7184,0.0,0.0,0.2176
PHC,2017-06-05,6.25,6.39,6.22,6.25,169300,6.17,5.86,5.12,1.4084,6.7932,22.183,-0.1343,-0.0845,0.2107
PHC,2017-06-06,6.25,6.32,6.18,6.29,207800,6.25,5.9,5.16,0.6115,6.6588,21.9841,0.1068,0.0614,0.2131
PHC,2017-06-07,6.25,6.43,6.15,6.29,344420,6.28,5.92,5.19,0.1106,6.1895,21.1675,0.0,0.0,0.1108
PHC,2017-06-08,6.29,6.91,6.25,6.91,1190128,6.34,5.99,5.24,9.0412,15.4628,31.9279,1.577,1.1868,0.236
PHC,2017-06-09,6.91,7.16,6.84,7.05,650010,6.4,6.06,5.3,10.2063,16.2991,33.2021,0.2863,0.2106,0.2646
PHC,2017-06-12,7.12,7.12,6.84,6.98,268600,6.47,6.13,5.34,7.8905,13.9133,30.6722,0.0,0.0,0.2357
PHC,2017-06-13,6.98,6.98,6.71,6.88,310911,6.54,6.2,5.39,5.2631,10.9554,27.5773,0.0954,0.0674,0.2388
PHC,2017-06-14,6.84,7.12,6.78,6.88,155600,6.61,6.27,5.44,4.1557,9.7257,26.4529,-0.0655,-0.0467,0.2426
PHC,2017-06-15,6.88,6.91,6.71,6.91,310015,6.67,6.34,5.49,3.5919,9.071,25.9654,0.3915,0.3039,0.2657
PHC,2017-06-16,6.88,6.91,6.74,6.84,207110,6.73,6.41,5.54,1.7036,6.8039,23.6349,0.0396,0.0201,0.2696
PHC,2017-06-19,6.81,6.84,6.64,6.81,291614,6.79,6.48,5.58,0.3584,5.1502,21.9664,0.1714,0.1177,0.2734
PHC,2017-06-20,6.88,6.91,6.78,6.91,412830,6.85,6.55,5.63,0.964,5.5704,22.7638,0.4555,0.2659,0.3082
PHC,2017-06-21,6.95,6.98,6.84,6.91,300910,6.91,6.6,5.68,0.0503,4.8196,21.7126,0.0,0.0,0.3082
PHC,2017-06-22,6.95,7.05,6.88,6.91,317290,6.91,6.63,5.73,0.0503,4.3524,20.6646,-0.1712,-0.1194,0.1676
PHC,2017-06-23,6.95,7.4,6.95,7.02,574475,6.91,6.65,5.78,1.6096,5.483,21.4087,-0.4136,-0.2896,0.1804
PHC,2017-06-26,7.09,7.4,7.09,7.16,487400,6.92,6.7,5.84,3.3618,6.8465,22.6483,-0.3252,-0.2158,0.2129
PHC,2017-06-27,7.16,7.26,6.95,6.95,378800,6.93,6.73,5.89,0.2506,3.1991,17.9941,-0.3509,-0.2442,0.2384
PHC,2017-06-28,6.95,6.98,6.6,6.81,396400,6.92,6.77,5.93,-1.6558,0.6677,14.7541,0.0473,0.0338,0.2366
PHC,2017-06-29,6.6,6.78,6.5,6.53,308389,6.89,6.78,5.97,-5.1463,-3.6639,9.3277,-0.3077,-0.2103,0.2282
PHC,2017-06-30,6.53,6.91,6.43,6.88,397120,6.89,6.81,6.02,-0.1513,1.0204,14.2659,0.4011,0.2295,0.2644
PHC,2017-07-03,6.97,7.54,6.97,7.39,841434,6.95,6.87,6.08,6.4216,7.6822,21.6442,0.5365,0.3805,0.3009
PHC,2017-07-04,7.44,7.63,7.39,7.39,375230,7.0,6.92,6.14,5.6909,6.8222,20.4896,-0.5426,-0.3976,0.3096
PHC,2017-07-05,7.44,7.49,7.25,7.3,129106,7.04,6.97,6.19,3.7563,4.6799,17.8529,-0.0833,-0.0721,0.3179
PHC,2017-07-06,7.3,7.3,6.97,7.16,212634,7.06,6.99,6.25,1.3735,2.4498,14.5785,0.0258,0.0213,0.3034
PHC,2017-07-07,7.2,7.3,6.97,6.97,95640,7.05,6.98,6.29,-1.2554,-0.2195,10.7777,-0.0619,-0.0504,0.2682
PHC,2017-07-10,6.92,6.97,6.68,6.97,283950,7.03,6.98,6.33,-0.9855,-0.2062,10.0665,0.2656,0.2027,0.2623
PHC,2017-07-11,6.97,6.97,6.73,6.92,67480,7.03,6.98,6.37,-1.6196,-0.9167,8.6315,0.0462,0.0278,0.2318
PHC,2017-07-12,6.92,7.01,6.77,6.92,311876,7.04,6.98,6.41,-1.7698,-0.9437,7.9355,0.0714,0.0395,0.2342
PHC,2017-07-13,6.87,7.06,6.82,6.97,329554,7.09,6.99,6.44,-1.697,-0.2969,8.1234,0.0886,0.0553,0.2123
PHC,2017-07-14,6.97,7.25,6.92,7.01,357520,7.1,6.99,6.47,-1.2097,0.2653,8.3633,-0.1703,-0.1162,0.1892
PHC,2017-07-17,7.01,7.16,6.87,6.87,179796,7.05,7.0,6.5,-2.505,-1.8228,5.7123,-0.1645,-0.1261,0.152
PHC,2017-07-18,6.87,6.92,6.68,6.82,273239,6.99,6.99,6.53,-2.389,-2.4403,4.5495,0.0712,0.0472,0.1049
PHC,2017-07-19,6.73,6.92,6.68,6.82,177821,6.94,6.99,6.55,-1.7182,-2.376,4.2127,0.0466,0.0289,0.1012
PHC,2017-07-20,6.77,6.82,6.39,6.49,323100,6.87,6.97,6.56,-5.6211,-6.8709,-1.1587,-0.2139,-0.1419,0.12
PHC,2017-07-21,6.49,6.49,6.2,6.35,355300,6.81,6.93,6.58,-6.8628,-8.483,-3.5802,-0.0,-0.0,0.1138
PHC,2017-07-24,6.3,6.35,6.11,6.35,336584,6.75,6.89,6.59,-6.0071,-7.9436,-3.7795,0.5797,0.3369,0.1453
PHC,2017-07-25,6.3,6.39,6.11,6.3,217740,6.69,6.86,6.61,-5.8487,-8.2017,-4.7362,0.0933,0.0574,0.15
PHC,2017-07-26,6.25,6.58,6.2,6.49,416390,6.65,6.84,6.63,-2.369,-5.1975,-2.145,0.2736,0.1626,0.1702
PHC,2017-07-27,6.49,6.82,6.39,6.77,662023,6.63,6.86,6.66,2.2318,-1.19,1.7883,0.8121,0.5238,0.2425
PHC,2017-07-28,6.77,6.92,6.54,6.92,472386,6.62,6.86,6.68,4.5421,0.8695,3.4839,0.6125,0.4324,0.2868
PHC,2017-07-31,6.92,7.01,6.68,6.97,228145,6.63,6.84,6.72,5.1116,1.8841,3.7289,0.1353,0.0858,0.2838
PHC,2017-08-01,6.73,6.92,6.68,6.92,102570,6.64,6.81,6.74,4.2415,1.5406,2.5716,0.1011,0.0687,0.2868
PHC,2017-08-02,6.92,6.97,6.68,6.77,166410,6.63,6.79,6.76,2.1583,-0.1757,0.2122,-0.0671,-0.041,0.2889
PHC,2017-08-03,6.77,7.2,6.68,7.2,558701,6.7,6.79,6.78,7.4733,6.1138,6.2869,0.696,0.5012,0.3371
PHC,2017-08-04,7.2,7.2,7.01,7.16,171500,6.78,6.8,6.79,5.4853,5.2632,5.3675,0.0943,0.0717,0.3465
PHC,2017-08-07,7.16,7.25,7.01,7.2,376100,6.87,6.81,6.81,4.8611,5.7793,5.774,0.2449,0.1732,0.313
PHC,2017-08-08,7.16,7.2,7.01,7.11,105700,6.95,6.82,6.83,2.265,4.2323,4.1119,0.0,0.0,0.3037
PHC,2017-08-09,7.11,7.16,6.97,7.11,143100,7.01,6.83,6.85,1.3606,4.0867,3.831,0.0546,0.0444,0.2818
PHC,2017-08-10,7.06,7.11,6.97,6.97,105500,7.03,6.83,6.86,-0.9498,1.9909,1.5192,-0.1374,-0.1066,0.2143
PHC,2017-08-11,6.97,7.11,6.87,7.06,277900,7.05,6.83,6.88,0.2031,3.352,2.6789,0.1976,0.1357,0.1728
PHC,2017-08-14,7.06,7.16,6.87,7.16,404600,7.07,6.85,6.89,1.283,4.5297,3.7942,0.4201,0.323,0.2013
PHC,2017-08-15,7.16,7.3,7.01,7.16,317000,7.09,6.86,6.91,0.9422,4.2754,3.5337,0.0,0.0,0.1912
PHC,2017-08-16,7.16,7.2,7.01,7.11,162900,7.12,6.88,6.93,-0.2009,3.3646,2.6002,0.0,0.0,0.1845
PHC,2017-08-17,7.11,7.16,6.73,6.73,216700,7.08,6.89,6.92,-4.9225,-2.3546,-2.856,-0.1231,-0.0955,0.1272
PHC,2017-08-18,6.68,6.97,6.58,6.82,266210,7.04,6.91,6.92,-3.1165,-1.3112,-1.4122,0.0976,0.0657,0.1275
PHC,2017-08-21,6.82,6.97,6.82,6.92,227600,7.01,6.94,6.92,-1.3606,-0.3437,-0.0143,0.1029,0.077,0.1133
PHC,2017-08-22,6.92,6.97,6.82,6.87,205010,6.99,6.97,6.92,-1.7064,-1.4373,-0.701,-0.1091,-0.084,0.1242
PHC,2017-08-23,6.92,6.97,6.82,6.92,157500,6.97,6.99,6.92,-0.753,-1.0577,-0.0225,0.1078,0.0719,0.1296
PHC,2017-08-24,6.92,6.97,6.82,6.92,193480,6.97,7.0,6.92,-0.685,-1.1589,-0.0234,0.0968,0.069,0.1255
PHC,2017-08-25,6.92,6.97,6.77,6.82,139910,6.94,6.99,6.92,-1.7182,-2.4556,-1.3959,-0.0903,-0.0599,0.1148
PHC,2017-08-28,6.77,7.01,6.77,6.92,381700,6.92,6.99,6.92,-0.0001,-1.0577,-0.0479,0.0785,0.0578,0.0806
PHC,2017-08-29,6.92,6.97,6.77,6.92,271610,6.89,6.99,6.92,0.346,-1.0577,-0.0489,0.1159,0.0812,0.0922
PHC,2017-08-30,6.92,6.97,6.82,6.82,112600,6.87,6.99,6.92,-0.6254,-2.4556,-1.4012,-0.1551,-0.1028,0.1077
PHC,2017-08-31,6.87,7.01,6.82,6.97,329300,6.89,6.98,6.92,1.108,-0.2392,0.6525,0.2005,0.1351,0.1154
PHC,2017-09-01,6.97,7.06,6.87,6.97,221590,6.9,6.97,6.92,0.8984,-0.1027,0.668,-0.0,-0.0,0.1057
PHC,2017-09-05,6.97,7.44,6.97,7.25,925400,6.94,6.97,6.92,4.5392,3.9671,4.7765,0.244,0.1641,0.1198
PHC,2017-09-06,7.3,7.54,7.3,7.39,509422,6.99,6.99,6.93,5.8021,5.8021,6.7072,-0.1515,-0.1019,0.124
PHC,2017-09-07,7.44,7.63,7.2,7.3,592920,7.03,7.0,6.94,3.8697,4.2945,5.1818,-0.4956,-0.3148,0.1628
PHC,2017-09-08,7.3,7.44,7.06,7.2,282500,7.06,7.01,6.95,2.096,2.756,3.6062,-0.1024,-0.0668,0.1634
PHC,2017-09-11,7.25,7.25,6.92,7.01,307300,7.08,7.01,6.96,-0.8766,0.0681,0.823,-0.1548,-0.1012,0.1698
PHC,2017-09-12,6.97,7.01,6.82,7.01,272017,7.08,7.0,6.95,-1.0101,0.1704,0.9338,0.4438,0.2272,0.2063
PHC,2017-09-13,7.06,7.2,7.01,7.06,424930,7.1,7.0,6.94,-0.5376,0.9206,1.7182,-0.3081,-0.1842,0.2256
PHC,2017-09-14,7.11,7.2,6.92,7.01,373060,7.12,6.99,6.94,-1.4745,0.3071,1.1143,-0.2026,-0.1054,0.2303
PHC,2017-09-15,7.01,7.16,6.92,7.01,267305,7.12,7.01,6.93,-1.5405,0.1021,1.1561,-0.0679,-0.0352,0.2171
PHC,2017-09-18,6.97,7.11,6.92,6.92,409345,7.12,7.01,6.93,-2.8151,-1.327,-0.2065,-0.6494,-0.3433,0.282
PHC,2017-09-19,6.97,7.06,6.54,6.87,684620,7.08,7.01,6.93,-2.9649,-1.9741,-0.8673,0.2291,0.1509,0.2805
PHC,2017-09-20,6.92,7.01,6.73,6.73,239810,7.01,7.0,6.93,-4.0816,-3.9182,-2.8792,-0.3071,-0.2153,0.2961
PHC,2017-09-21,6.73,6.82,6.73,6.73,156400,6.96,6.99,6.92,-3.2922,-3.7871,-2.8256,-0.2215,-0.1301,0.2687
PHC,2017-09-22,6.73,6.82,6.54,6.63,241300,6.9,6.98,6.92,-3.8728,-4.9573,-4.1115,-0.0951,-0.055,0.268
PHC,2017-09-25,6.63,6.73,6.54,6.63,173200,6.86,6.97,6.91,-3.338,-4.8272,-4.0056,-0.0,-0.0,0.2525
PHC,2017-09-26,6.63,6.68,6.54,6.58,105664,6.82,6.95,6.9,-3.4289,-5.2848,-4.617,-0.0417,-0.0253,0.2123
PHC,2017-09-27,6.68,6.68,6.58,6.58,96700,6.77,6.93,6.9,-2.7483,-5.0567,-4.551,-0.1171,-0.0697,0.1932
PHC,2017-09-28,6.63,6.63,6.39,6.39,124250,6.71,6.91,6.89,-4.6942,-7.5225,-7.2022,-0.1422,-0.0883,0.1871
PHC,2017-09-29,6.39,6.44,6.15,6.2,513434,6.63,6.87,6.88,-6.4075,-9.7849,-9.8974,-0.4668,-0.2583,0.227
PHC,2017-10-02,6.2,6.54,6.15,6.35,264013,6.57,6.84,6.88,-3.4133,-7.2848,-7.8182,-0.0,-0.0,0.1621
PHC,2017-10-03,6.25,6.35,6.11,6.25,379450,6.51,6.79,6.88,-3.9589,-8.0056,-9.1791,0.1758,0.0809,0.1567
PHC,2017-10-04,6.2,6.3,6.15,6.25,109480,6.46,6.74,6.88,-3.2496,-7.2238,-9.1665,0.0584,0.0342,0.1319
PHC,2017-10-05,6.3,6.39,6.2,6.2,227106,6.41,6.68,6.87,-3.2018,-7.176,-9.7849,-0.2623,-0.1471,0.1359
PHC,2017-10-06,6.2,6.3,6.15,6.2,179784,6.36,6.63,6.86,-2.5487,-6.4748,-9.6344,-0.1312,-0.0676,0.1395
PHC,2017-10-09,6.15,6.2,5.96,6.01,784620,6.3,6.58,6.85,-4.6177,-8.6625,-12.1828,-0.779,-0.5118,0.2174
PHC,2017-10-10,6.11,6.15,5.92,6.01,342800,6.25,6.53,6.83,-3.7433,-7.962,-11.9373,-0.1084,-0.0563,0.2241
PHC,2017-10-11,6.06,6.06,5.96,6.01,133370,6.19,6.48,6.81,-2.8527,-7.2164,-11.7028,0.0,0.0,0.2124
PHC,2017-10-12,5.96,6.15,5.96,6.06,106660,6.15,6.43,6.79,-1.5505,-5.7864,-10.8147,-0.0,-0.0,0.1982
PHC,2017-10-13,6.11,6.11,6.01,6.01,92630,6.14,6.38,6.77,-2.0217,-5.7943,-11.205,-0.1263,-0.0678,0.1641
PHC,2017-10-16,5.96,6.01,5.92,5.92,226930,6.09,6.33,6.74,-2.8974,-6.5561,-12.2931,-0.3372,-0.1437,0.1978
PHC,2017-10-17,5.92,6.06,5.87,5.96,102050,6.06,6.29,6.72,-1.6522,-5.1233,-11.2594,0.0,0.0,0.1803
PHC,2017-10-18,5.92,5.96,5.77,5.87,358441,6.03,6.24,6.7,-2.6129,-5.9993,-12.3557,0.0,0.0,0.1744
PHC,2017-10-19,5.82,5.92,5.77,5.87,111640,5.99,6.2,6.67,-2.0701,-5.3482,-12.0298,0.0478,0.0241,0.153
PHC,2017-10-20,5.87,5.92,5.82,5.87,65740,5.96,6.16,6.65,-1.5213,-4.7619,-11.7394,0.0,0.0,0.1399
PHC,2017-10-23,5.87,5.87,5.77,5.87,240492,5.94,6.12,6.62,-1.2841,-4.1683,-11.4216,0.267,0.1503,0.0887
PHC,2017-10-24,5.92,5.96,5.87,5.92,210970,5.93,6.09,6.6,-0.3215,-2.8594,-10.3658,-0.0,-0.0,0.0778
PHC,2017-10-25,5.96,6.06,5.96,5.96,133502,5.93,6.06,6.58,0.5632,-1.5748,-9.3151,-0.1974,-0.1082,0.0976
PHC,2017-10-26,5.96,6.06,5.92,6.01,125690,5.93,6.04,6.55,1.4493,-0.4739,-8.2835,0.0635,0.0331,0.1039
PHC,2017-10-27,5.96,6.15,5.96,6.06,190960,5.93,6.03,6.54,2.1721,0.4349,-7.367,-0.0,-0.0,0.0913
PHC,2017-10-30,6.06,6.15,5.96,6.06,253630,5.94,6.02,6.53,1.9261,0.6737,-7.1502,-0.0,-0.0,0.0576
PHC,2017-10-31,6.11,6.11,5.77,5.87,255130,5.93,6.0,6.5,-1.1254,-2.1869,-9.7844,-0.1306,-0.0762,0.0706
PHC,2017-11-01,5.82,6.01,5.82,5.96,207240,5.94,5.99,6.49,0.3211,-0.3587,-8.0612,0.1276,0.079,0.0834
PHC,2017-11-02,6.01,6.01,5.77,5.92,119260,5.95,5.97,6.47,-0.5613,-0.9189,-8.5141,0.0273,0.0139,0.0813
PHC,2017-11-03,5.87,6.06,5.72,6.06,288052,5.97,5.96,6.45,1.5187,1.5999,-6.0513,0.2927,0.161,0.1106
PHC,2017-11-06,6.01,6.15,6.01,6.11,282349,5.99,5.97,6.43,1.9108,2.3181,-5.1009,0.1393,0.0688,0.0978
PHC,2017-11-07,6.11,6.15,5.96,6.06,130317,6.01,5.97,6.42,0.8737,1.4782,-5.5903,-0.0,-0.0,0.0978
PHC,2017-11-08,6.06,6.11,5.96,6.01,105500,6.01,5.97,6.4,0.0001,0.6793,-6.0682,-0.0351,-0.0164,0.0816
PHC,2017-11-09,6.01,6.06,5.92,5.92,123600,6.0,5.96,6.38,-1.4308,-0.8,-7.2966,-0.1716,-0.0852,0.0924
PHC,2017-11-10,5.92,6.3,5.87,6.2,647910,6.02,5.97,6.37,3.0928,3.8339,-2.5779,0.4357,0.144,0.136
PHC,2017-11-13,6.25,6.35,6.2,6.3,384180,6.04,5.99,6.35,4.2655,5.0956,-0.8711,0.1331,0.0568,0.1493
PHC,2017-11-14,6.35,6.39,6.25,6.35,234876,6.09,6.01,6.33,4.2319,5.5555,0.1656,0.0931,0.0392,0.1455
PHC,2017-11-15,6.35,6.54,6.25,6.54,536811,6.14,6.04,6.32,6.3665,8.1295,3.4587,0.5677,0.2794,0.1896
PHC,2017-11-16,6.58,6.68,6.44,6.49,233200,6.2,6.08,6.3,4.6154,6.7923,2.9679,-0.1361,-0.0806,0.2004
PHC,2017-11-17,6.49,6.63,6.44,6.49,236020,6.25,6.11,6.29,3.8961,6.25,3.2023,-0.1549,-0.0787,0.1867
PHC,2017-11-20,6.49,6.63,6.44,6.58,442083,6.29,6.14,6.28,4.6248,7.1845,4.8633,0.2891,0.1278,0.2016
PHC,2017-11-21,6.58,6.77,6.58,6.73,453607,6.36,6.18,6.27,5.7764,8.7963,7.2406,0.2289,0.1008,0.2245
PHC,2017-11-22,6.73,6.92,6.73,6.87,477581,6.45,6.23,6.27,6.5878,10.3026,9.5891,0.2317,0.1179,0.2442
PHC,2017-11-23,6.92,6.97,6.63,6.82,417865,6.54,6.27,6.27,4.3796,8.828,8.8943,0.0731,0.0385,0.2343
PHC,2017-11-24,6.77,6.87,6.3,6.73,607500,6.59,6.3,6.26,2.0999,6.7373,7.4695,0.287,0.1651,0.2195
PHC,2017-11-27,6.73,6.82,6.58,6.73,241829,6.63,6.34,6.26,1.4388,6.1747,7.5351,0.0392,0.0256,0.2101
PHC,2017-11-28,6.77,6.87,6.63,6.63,180465,6.66,6.37,6.25,-0.4299,4.0418,6.0906,-0.0831,-0.0521,0.2091
PHC,2017-11-29,6.63,6.68,6.39,6.63,273980,6.67,6.41,6.25,-0.5723,3.4996,6.123,0.128,0.0813,0.1651
PHC,2017-11-30,6.58,6.63,6.44,6.63,133220,6.68,6.44,6.25,-0.7852,2.9248,6.1554,0.1069,0.0556,0.1622
PHC,2017-12-01,6.63,6.68,6.49,6.68,240900,6.7,6.47,6.25,-0.3559,3.1687,6.9028,0.2654,0.1326,0.1733
PHC,2017-12-04,6.68,6.68,6.49,6.63,100660,6.71,6.5,6.25,-1.138,2.0183,6.1392,0.0351,0.019,0.1478
PHC,2017-12-05,6.63,6.87,6.58,6.77,514085,6.71,6.54,6.25,0.924,3.6497,8.3639,0.0878,0.0508,0.1337
PHC,2017-12-06,6.82,6.92,6.77,6.82,581570,6.71,6.58,6.26,1.707,3.736,9.0438,-0.1689,-0.0997,0.1275
PHC,2017-12-07,6.87,7.16,6.87,7.11,795382,6.74,6.64,6.27,5.5241,7.1172,13.3598,0.5883,0.3148,0.179
PHC,2017-12-08,7.16,7.25,7.11,7.16,528409,6.78,6.68,6.29,5.5595,7.0664,13.7743,-0.1861,-0.118,0.1689
PHC,2017-12-11,7.2,7.25,7.01,7.06,296107,6.81,6.72,6.3,3.6415,5.0391,12.0024,-0.1649,-0.0992,0.1815
PHC,2017-12-12,6.82,7.16,6.77,7.06,545700,6.86,6.76,6.32,2.9924,4.4829,11.715,0.2342,0.1253,0.1966
PHC,2017-12-13,7.06,7.11,6.92,7.01,121530,6.89,6.78,6.34,1.7301,3.4119,10.6928,0.0,0.0,0.1838
PHC,2017-12-14,7.06,7.06,6.92,7.01,182400,6.93,6.81,6.35,1.17,3.0133,10.4101,0.0699,0.0436,0.1801
PHC,2017-12-15,7.06,7.06,6.92,7.01,151500,6.97,6.83,6.37,0.6849,2.6178,10.1288,0.0399,0.0213,0.1575
PHC,2017-12-18,7.06,7.11,6.87,6.92,313620,6.99,6.85,6.39,-1.0915,0.9749,8.3221,-0.1715,-0.1003,0.1712
PHC,2017-12-19,6.92,7.16,6.87,7.16,561500,7.03,6.87,6.41,1.764,4.1306,11.6571,0.7,0.3388,0.2324
PHC,2017-12-20,7.16,7.3,7.11,7.2,568757,7.07,6.89,6.43,1.8893,4.5706,11.9845,-0.0,-0.0,0.2155
PHC,2017-12-21,7.25,7.35,7.16,7.2,475268,7.08,6.91,6.46,1.752,4.2817,11.5873,-0.208,-0.1187,0.1775
PHC,2017-12-22,7.25,7.25,7.06,7.16,205102,7.08,6.93,6.48,1.0782,3.2703,10.4566,0.0,0.0,0.1588
PHC,2017-12-25,7.2,7.3,6.97,7.16,133082,7.09,6.95,6.5,0.9422,2.9513,10.0353,0.0276,0.0154,0.1451
PHC,2017-12-26,7.11,7.16,6.97,7.11,233910,7.09,6.97,6.53,0.2018,1.9152,8.9182,0.1345,0.0694,0.1352
PHC,2017-12-27,7.06,7.11,6.92,7.11,210000,7.1,7.0,6.55,0.0672,1.5679,8.5057,0.2387,0.1344,0.159
PHC,2017-12-28,7.06,7.3,7.06,7.25,650633,7.13,7.03,6.58,1.7403,3.1557,10.2248,0.5257,0.2734,0.2046
PHC,2017-12-29,7.3,7.35,7.16,7.25,236119,7.15,7.06,6.61,1.4009,2.7374,9.7631,-0.0,-0.0,0.2006
PHC,2018-01-02,7.3,7.35,7.06,7.2,203620,7.18,7.09,6.63,0.3322,1.6492,8.6018,-0.0,-0.0,0.1835
PHC,2018-01-03,7.2,7.25,6.97,7.11,305611,7.18,7.1,6.66,-0.9308,0.0672,6.7795,0.0,0.0,0.1135
PHC,2018-01-04,7.06,7.16,6.97,7.11,165300,7.17,7.12,6.68,-0.7989,-0.134,6.4134,0.0734,0.0375,0.1208
PHC,2018-01-05,7.11,7.16,6.92,7.06,439632,7.15,7.12,6.7,-1.2675,-0.771,5.3681,0.0549,0.0349,0.1055
PHC,2018-01-08,7.06,7.16,7.01,7.01,265852,7.14,7.11,6.72,-1.738,-1.3423,4.3589,-0.1385,-0.0773,0.1193
PHC,2018-01-09,7.06,7.68,6.97,7.68,967383,7.19,7.14,6.75,6.8348,7.5844,13.7488,0.5431,0.3394,0.1709
PHC,2018-01-10,7.68,7.78,7.54,7.59,534806,7.24,7.17,6.79,4.8121,5.8588,11.7672,-0.1722,-0.0936,0.1747
PHC,2018-01-11,7.59,7.63,7.39,7.49,397910,7.28,7.19,6.82,2.9508,4.1804,9.867,-0.045,-0.0274,0.1553
PHC,2018-01-12,7.54,7.63,7.39,7.59,340830,7.31,7.22,6.85,3.7859,5.0892,10.7242,0.0733,0.048,0.1101
PHC,2018-01-15,7.59,8.11,7.49,8.02,1012324,7.39,7.27,6.89,8.5272,10.2725,16.3274,0.4588,0.2816,0.1559
PHC,2018-01-16,8.06,8.11,7.82,8.11,488566,7.48,7.33,6.93,8.4875,10.6771,17.0315,0.3747,0.2465,0.1934
PHC,2018-01-17,8.16,8.44,8.02,8.16,648460,7.58,7.38,6.97,7.6148,10.5723,17.0111,-0.0932,-0.0607,0.2027
PHC,2018-01-18,8.21,8.25,7.63,8.16,732113,7.69,7.43,7.02,6.1452,9.8619,16.2949,0.2126,0.1278,0.2166
PHC,2018-01-19,8.11,8.16,7.92,8.06,309732,7.79,7.47,7.06,3.5539,7.9527,14.2355,0.0373,0.0178,0.2149
PHC,2018-01-22,8.02,8.25,8.02,8.21,521351,7.91,7.52,7.1,3.8021,9.1025,15.607,0.2086,0.1126,0.2219
PHC,2018-01-23,8.21,8.49,8.16,8.35,554298,7.97,7.58,7.14,4.7277,10.1321,16.9473,0.2233,0.1977,0.1899
PHC,2018-01-24,8.35,8.44,8.16,8.4,476200,8.05,7.65,7.18,4.2654,9.8284,16.9435,1.1013,0.8374,0.2828
PHC,2018-01-25,8.35,8.4,8.02,8.21,394133,8.12,7.7,7.21,0.9983,6.5676,13.7566,0.0,0.0,0.2783
PHC,2018-01-26,8.21,8.21,8.11,8.21,195240,8.19,7.75,7.25,0.2331,5.9114,13.2175,0.1184,0.0678,0.2828
PHC,2018-01-29,8.25,8.3,8.06,8.25,285913,8.21,7.8,7.28,0.523,5.8428,13.3238,0.0887,0.0499,0.2458
PHC,2018-01-30,8.21,8.3,8.06,8.11,204500,8.21,7.84,7.31,-1.2202,3.4063,10.8936,-0.0595,-0.0339,0.2143
PHC,2018-01-31,8.11,8.54,8.02,8.35,848283,8.23,7.91,7.35,1.4492,5.6125,13.6511,0.0916,0.056,0.2141
PHC,2018-02-01,8.4,8.49,8.21,8.4,316100,8.25,7.97,7.38,1.7341,5.3577,13.8274,0.0599,0.0416,0.1988
PHC,2018-02-02,8.35,8.44,8.25,8.4,215230,8.29,8.04,7.41,1.3241,4.482,13.3436,0.1009,0.053,0.2052
PHC,2018-02-05,8.35,8.35,7.87,7.87,485879,8.25,8.08,7.43,-4.6243,-2.5686,5.9322,-0.2092,-0.1318,0.2053
PHC,2018-02-06,7.78,8.25,7.11,7.82,521442,8.2,8.09,7.45,-4.5957,-3.2449,4.9801,0.0536,0.0279,0.1883
PHC,2018-02-07,7.92,8.21,7.87,8.02,224200,8.16,8.11,7.48,-1.8117,-1.1473,7.1429,-0.028,-0.0153,0.081
PHC,2018-02-08,8.02,8.02,7.63,7.78,88689,8.12,8.12,7.5,-4.2304,-4.2585,3.6368,-0.0186,-0.0134,0.0828
PHC,2018-02-09,7.44,7.92,7.39,7.78,140800,8.08,8.13,7.53,-3.7212,-4.3708,3.3215,0.0456,0.0273,0.0756
PHC,2018-02-12,7.73,7.97,7.73,7.82,122900,8.03,8.12,7.55,-2.6128,-3.6711,3.64,-0.0186,-0.01,0.0686
PHC,2018-02-13,7.87,8.06,7.87,8.02,246700,8.02,8.12,7.58,-0.1188,-1.2635,5.7802,0.1249,0.0708,0.0751
PHC,2018-02-21,8.06,8.25,8.06,8.21,251562,8.01,8.12,7.61,2.442,1.0576,7.8911,0.1397,0.0793,0.0799
PHC,2018-02-22,8.16,8.21,8.06,8.16,225350,7.99,8.12,7.63,2.1505,0.47,6.8884,0.0804,0.0477,0.082
PHC,2018-02-23,8.11,8.21,8.02,8.16,224900,7.96,8.12,7.65,2.4566,0.411,6.5952,0.0787,0.0432,0.0797
PHC,2018-02-26,8.21,8.21,7.87,7.97,364620,7.97,8.11,7.67,-0.0598,-1.7935,3.8816,-0.0859,-0.0494,0.0674
PHC,2018-02-27,8.02,8.06,7.82,8.02,278120,7.99,8.1,7.69,0.2986,-1.0017,4.2443,0.1657,0.0896,0.0786
PHC,2018-02-28,8.02,8.02,7.87,7.92,194210,7.98,8.07,7.71,-0.777,-1.8912,2.7737,-0.0503,-0.0266,0.0809
PHC,2018-03-01,7.92,7.97,7.73,7.92,218800,8.0,8.06,7.72,-0.9547,-1.717,2.5324,0.0887,0.0476,0.0879
PHC,2018-03-02,7.92,7.97,7.87,7.87,93820,8.01,8.04,7.74,-1.6687,-2.1062,1.6886,-0.065,-0.0352,0.0898
PHC,2018-03-05,7.87,8.3,7.78,8.06,510270,8.03,8.03,7.76,0.4159,0.3861,3.8721,0.0203,0.0114,0.09
PHC,2018-03-06,8.06,8.11,7.97,8.06,264640,8.03,8.03,7.79,0.3562,0.4159,3.5666,0.0505,0.0294,0.0825
PHC,2018-03-07,7.97,8.06,7.92,7.97,172300,8.01,8.01,7.8,-0.536,-0.536,2.1282,-0.0468,-0.0288,0.0732
PHC,2018-03-08,7.92,8.16,7.87,7.97,291660,7.99,7.99,7.82,-0.2985,-0.2687,1.9287,-0.0959,-0.0555,0.0748
PHC,2018-03-09,8.02,8.21,8.02,8.02,338351,7.98,7.97,7.83,0.4785,0.5687,2.3268,-0.3115,-0.1646,0.0981
PHC,2018-03-12,8.06,8.16,7.97,8.02,267300,7.98,7.98,7.85,0.4184,0.4785,2.1029,-0.1036,-0.0538,0.0998
PHC,2018-03-13,8.02,8.11,7.97,8.02,228100,7.98,7.99,7.87,0.4184,0.3585,1.88,-0.0518,-0.0288,0.0885
PHC,2018-03-14,8.02,8.11,7.97,8.02,151002,7.99,7.99,7.89,0.2985,0.3585,1.6457,-0.0318,-0.017,0.0866
PHC,2018-03-15,8.02,8.11,8.02,8.02,278128,8.0,8.0,7.9,0.1789,0.2088,1.4126,-0.2132,-0.1367,0.0991
PHC,2018-03-16,8.02,8.25,8.02,8.25,479410,8.04,8.02,7.92,2.6706,2.8843,4.1667,0.2995,0.1338,0.1225
PHC,2018-03-19,8.4,8.59,8.21,8.49,480415,8.08,8.06,7.95,5.0767,5.419,6.8428,0.1641,0.1051,0.1369
PHC,2018-03-20,8.54,8.54,8.21,8.4,381800,8.12,8.07,7.97,3.4685,3.9881,5.3261,0.0478,0.026,0.1366
PHC,2018-03-21,8.44,8.49,8.21,8.21,322034,8.14,8.07,7.99,0.8206,1.6248,2.6498,-0.3271,-0.163,0.1646
PHC,2018-03-22,8.21,8.3,8.16,8.25,318000,8.17,8.08,8.02,1.0514,2.1553,2.9517,0.0834,0.0467,0.1634
PHC,2018-03-23,8.21,8.25,7.92,8.25,309600,8.19,8.08,8.04,0.7571,2.095,2.6463,0.2273,0.1352,0.155
PHC,2018-03-26,8.21,8.3,7.97,8.06,338296,8.2,8.09,8.06,-1.6299,-0.3245,0.0118,-0.0976,-0.0484,0.1544
PHC,2018-03-27,8.16,8.25,8.02,8.06,307700,8.2,8.09,8.07,-1.6871,-0.3538,-0.0828,-0.1373,-0.0769,0.1629
PHC,2018-03-28,8.02,8.21,7.92,8.21,293100,8.22,8.11,8.08,-0.1741,1.236,1.5348,0.2897,0.1666,0.1887
PHC,2018-03-29,8.21,8.3,8.02,8.25,229416,8.24,8.12,8.1,0.1158,1.6153,1.9326,0.1782,0.1083,0.1852
PHC,2018-03-30,8.25,8.25,8.11,8.21,181706,8.24,8.14,8.11,-0.4053,0.8206,1.1884,0.0665,0.0377,0.1619
PHC,2018-04-02,8.16,8.35,8.11,8.21,390350,8.21,8.15,8.11,-0.0581,0.7321,1.1408,-0.0523,-0.0306,0.1507
PHC,2018-04-03,8.21,8.3,8.16,8.21,215916,8.19,8.15,8.12,0.1747,0.6436,1.117,-0.0585,-0.0355,0.1518
PHC,2018-04-04,8.21,9.02,8.21,9.02,1389140,8.27,8.21,8.13,8.9965,9.8837,10.8764,0.9894,0.5882,0.218
PHC,2018-04-05,9.16,9.83,9.06,9.64,1331033,8.41,8.29,8.16,14.5774,16.259,18.0734,0.5727,0.3923,0.267
PHC,2018-04-06,9.68,9.78,9.49,9.49,432370,8.54,8.36,8.19,11.2353,13.5196,15.9133,-0.3143,-0.2157,0.2757
PHC,2018-04-09,9.35,9.54,9.21,9.4,319755,8.67,8.43,8.21,8.4205,11.4569,14.4152,0.0297,0.0207,0.2689
PHC,2018-04-10,9.3,9.49,9.02,9.16,725055,8.78,8.49,8.23,4.3478,7.8954,11.2914,-0.2086,-0.134,0.276
PHC,2018-04-11,9.21,10.07,9.11,9.64,1158137,8.92,8.57,8.26,8.0214,12.4409,16.736,0.0596,0.0411,0.253
PHC,2018-04-12,9.68,9.78,9.45,9.68,471457,9.06,8.65,8.29,6.8421,11.9074,16.8951,0.1809,0.128,0.2533
PHC,2018-04-13,9.54,9.92,9.45,9.59,520916,9.2,8.72,8.31,4.1991,9.9562,15.3581,-0.1693,-0.1197,0.2635
PHC,2018-04-16,9.59,9.64,9.35,9.49,374318,9.33,8.77,8.34,1.7382,8.2404,13.8704,-0.0,-0.0,0.2583
PHC,2018-04-17,9.59,9.83,9.49,9.54,663133,9.47,8.83,8.37,0.8064,8.0789,14.0511,-0.473,-0.3219,0.2997
PHC,2018-04-18,9.59,9.68,9.35,9.49,347060,9.51,8.89,8.39,-0.2006,6.7596,13.171,-0.0405,-0.028,0.2049
PHC,2018-04-19,9.64,9.68,9.16,9.35,286822,9.48,8.95,8.41,-1.4084,4.5055,11.212,-0.0534,-0.0309,0.1529
PHC,2018-04-20,9.3,9.54,9.3,9.54,207000,9.49,9.01,8.43,0.553,5.8761,13.1734,0.1683,0.1027,0.1383
PHC,2018-04-23,9.49,9.73,9.4,9.45,675038,9.49,9.08,8.46,-0.5026,4.0189,11.6247,-0.2469,-0.1865,0.1601
PHC,2018-04-24,9.45,9.64,9.3,9.49,334301,9.53,9.15,8.5,-0.3505,3.7268,11.7475,0.0479,0.0271,0.144
PHC,2018-04-26,9.54,9.64,9.3,9.35,263460,9.5,9.21,8.52,-1.557,1.5281,9.7179,-0.1122,-0.077,0.1493
PHC,2018-04-27,9.4,9.54,9.16,9.54,428998,9.48,9.27,8.56,0.6036,2.8806,11.4951,0.3515,0.2544,0.1663
PHC,2018-05-02,9.59,9.73,9.02,9.16,485500,9.44,9.32,8.59,-2.9813,-1.7401,6.6903,-0.2483,-0.1628,0.1742
PHC,2018-05-03,9.06,9.16,8.49,8.87,426900,9.38,9.36,8.61,-5.3917,-5.1505,3.1041,0.0432,0.0316,0.1785
PHC,2018-05-04,8.97,9.02,8.44,9.02,415700,9.33,9.4,8.63,-3.3248,-4.0365,4.5238,0.4536,0.3385,0.1766
PHC,2018-05-07,8.97,9.11,8.92,9.11,232294,9.29,9.4,8.64,-1.9003,-3.0702,5.4084,0.2228,0.148,0.1948
PHC,2018-05-08,9.06,9.06,8.87,9.02,158901,9.26,9.37,8.66,-2.5773,-3.7678,4.0978,0.0803,0.0572,0.1975
PHC,2018-05-09,9.02,9.3,9.02,9.11,477808,9.21,9.35,8.68,-1.0875,-2.551,4.9682,-0.228,-0.1675,0.2035
PHC,2018-05-10,9.16,9.21,8.92,9.02,157700,9.17,9.33,8.7,-1.6649,-3.3742,3.6184,-0.0462,-0.0357,0.1834
PHC,2018-05-11,8.97,9.02,8.68,9.02,112310,9.12,9.32,8.72,-1.1506,-3.3001,3.3804,0.1154,0.0772,0.1902
PHC,2018-05-14,8.97,9.21,8.92,9.06,285638,9.09,9.3,8.74,-0.3148,-2.4891,3.6552,0.0,0.0,0.1789
PHC,2018-05-15,9.06,9.4,9.02,9.3,405483,9.07,9.28,8.77,2.5776,0.2829,6.0474,0.3073,0.1761,0.1745
PHC,2018-05-16,9.35,9.54,9.21,9.35,301011,9.09,9.26,8.8,2.8872,0.9269,6.2331,-0.0564,-0.0388,0.1553
PHC,2018-05-17,9.26,9.35,9.16,9.26,102504,9.13,9.25,8.83,1.4114,0.0258,4.8648,-0.0,-0.0,0.151
PHC,2018-05-18,9.26,9.26,9.06,9.26,149100,9.15,9.24,8.85,1.147,0.1807,4.5822,0.208,0.1211,0.1264
PHC,2018-05-21,9.26,9.4,9.11,9.26,171084,9.16,9.23,8.88,0.989,0.3102,4.2786,-0.0,-0.0,0.1042
PHC,2018-05-22,9.26,9.3,9.02,9.06,41650,9.17,9.21,8.9,-1.1446,-1.6054,1.8767,-0.0285,-0.0223,0.099
PHC,2018-05-23,9.06,9.21,8.92,9.16,113026,9.17,9.19,8.92,-0.1561,-0.3633,2.6847,0.0726,0.0434,0.0834
PHC,2018-05-24,9.21,9.26,8.97,9.06,136000,9.18,9.17,8.94,-1.2474,-1.196,1.3766,-0.0684,-0.0426,0.0857
PHC,2018-05-25,9.11,9.16,8.87,8.97,140108,9.17,9.15,8.96,-2.2361,-1.9557,0.0958,-0.0424,-0.0293,0.0784
PHC,2018-05-28,8.92,8.92,8.11,8.11,110600,9.08,9.09,8.96,-10.6674,-10.7377,-9.5071,-0.059,-0.0409,0.0843
PHC,2018-05-29,7.73,8.49,7.39,7.63,345951,8.91,8.99,8.95,-14.3469,-15.0968,-14.7576,-0.1508,-0.1005,0.0686
PHC,2018-05-30,7.73,7.82,7.3,7.68,401902,8.74,8.92,8.94,-12.1658,-13.8576,-14.115,0.2766,0.141,0.0906
PHC,2018-05-31,7.63,8.02,7.63,7.97,427504,8.62,8.87,8.93,-7.5304,-10.1909,-10.8096,0.3014,0.1648,0.1208
PHC,2018-06-01,7.87,8.21,7.87,8.11,439100,8.5,8.83,8.93,-4.6016,-8.1081,-9.1492,0.2244,0.1224,0.1224
PHC,2018-06-04,8.06,8.35,7.82,8.25,355900,8.4,8.78,8.93,-1.7603,-6.0293,-7.5558,0.1796,0.1184,0.1404
PHC,2018-06-05,8.4,8.54,8.3,8.35,386800,8.33,8.75,8.93,0.2291,-4.5802,-6.5071,-0.2319,-0.1712,0.1607
PHC,2018-06-06,8.35,8.44,8.21,8.44,400200,8.26,8.72,8.93,2.253,-3.1199,-5.479,0.3864,0.2492,0.1921
PHC,2018-06-07,8.49,8.59,8.02,8.3,395810,8.18,8.68,8.94,1.4577,-4.3694,-7.1307,-0.0,-0.0,0.1852
PHC,2018-06-08,8.25,8.35,8.06,8.25,277900,8.11,8.64,8.94,1.7647,-4.499,-7.7038,0.1089,0.0707,0.1919
PHC,2018-06-11,8.25,8.35,7.92,8.06,285500,8.11,8.59,8.94,-0.5298,-6.1633,-9.809,-0.1195,-0.0735,0.1979
PHC,2018-06-12,7.97,8.16,7.78,7.97,209800,8.14,8.53,8.93,-2.1102,-6.5472,-10.8191,0.0,0.0,0.1829
PHC,2018-06-13,8.02,8.06,7.73,7.97,224704,8.17,8.46,8.93,-2.4532,-5.7828,-10.7715,0.1964,0.0949,0.1748
PHC,2018-06-14,7.92,8.02,7.78,7.97,161400,8.17,8.39,8.92,-2.4532,-5.0597,-10.7238,0.1082,0.0648,0.1555
PHC,2018-06-15,7.92,8.02,7.78,8.02,168500,8.16,8.33,8.92,-1.7543,-3.78,-10.1508,0.1689,0.0876,0.15
PHC,2018-06-18,7.97,8.06,7.73,7.73,198700,8.11,8.25,8.89,-4.6497,-6.3583,-13.1087,-0.1785,-0.1132,0.1499
PHC,2018-06-19,7.63,7.78,7.49,7.68,210700,8.04,8.18,8.86,-4.451,-6.1498,-13.2636,0.0619,0.0372,0.1329
PHC,2018-06-20,7.63,7.97,7.59,7.78,381200,7.97,8.12,8.82,-2.4537,-4.1741,-11.8443,-0.0,-0.0,0.0942
PHC,2018-06-21,7.82,7.82,7.59,7.73,153100,7.91,8.05,8.79,-2.3508,-3.9715,-12.0521,0.0546,0.0333,0.0997
PHC,2018-06-22,7.73,7.82,7.63,7.78,261700,7.87,7.99,8.76,-1.1523,-2.6576,-11.2298,0.1552,0.0869,0.1043
PHC,2018-06-25,7.78,7.97,7.78,7.82,228404,7.84,7.97,8.72,-0.2434,-1.8846,-10.3139,-0.2091,-0.1292,0.1133
PHC,2018-06-26,7.82,7.87,7.59,7.73,105700,7.82,7.98,8.68,-1.1592,-3.139,-11.0085,0.0,0.0,0.1133
PHC,2018-06-27,7.73,7.82,7.59,7.78,176900,7.8,7.98,8.65,-0.3059,-2.5994,-10.0839,0.1369,0.0834,0.1073
PHC,2018-06-28,7.78,7.82,7.59,7.73,122500,7.78,7.97,8.61,-0.6135,-3.052,-10.2691,0.0286,0.0189,0.0994
PHC,2018-06-29,7.78,7.82,7.59,7.63,160700,7.74,7.95,8.58,-1.3563,-3.9616,-10.9825,-0.1376,-0.0768,0.0962
PHC,2018-07-02,7.68,7.73,7.35,7.59,210728,7.72,7.91,8.54,-1.7912,-4.1591,-11.1434,0.065,0.043,0.0849
PHC,2018-07-03,7.54,7.59,7.2,7.3,109100,7.69,7.86,8.5,-5.0279,-7.1602,-14.0836,-0.0368,-0.0245,0.0824
PHC,2018-07-04,7.35,7.35,7.16,7.3,96200,7.64,7.81,8.45,-4.4347,-6.4792,-13.6276,0.0596,0.0344,0.0883
PHC,2018-07-05,7.3,7.3,6.97,7.25,312100,7.59,7.75,8.41,-4.4626,-6.4616,-13.7442,0.253,0.1586,0.1082
PHC,2018-07-06,7.3,7.3,7.11,7.3,90061,7.54,7.7,8.36,-3.2258,-5.2632,-12.7211,0.0709,0.0488,0.0997
PHC,2018-07-09,7.3,7.87,7.25,7.68,404280,7.53,7.69,8.33,2.0279,-0.062,-7.7892,0.1988,0.1442,0.0987
PHC,2018-07-10,7.73,7.87,7.59,7.68,311400,7.52,7.67,8.29,2.0926,0.1244,-7.3754,-0.1787,-0.1111,0.1166
PHC,2018-07-11,7.68,7.68,7.39,7.49,57961,7.49,7.65,8.26,-0.0637,-2.0587,-9.3115,-0.0213,-0.0163,0.105
PHC,2018-07-12,7.3,7.54,6.77,7.54,78000,7.48,7.63,8.23,0.8296,-1.1574,-8.4377,0.169,0.1238,0.1191
PHC,2018-07-13,7.59,7.82,7.54,7.78,319000,7.49,7.61,8.21,3.8216,2.1303,-5.2546,0.3079,0.2368,0.1361
PHC,2018-07-16,7.87,8.02,7.68,7.78,308241,7.51,7.62,8.18,3.5578,2.0983,-4.9452,-0.2323,-0.1712,0.1528
PHC,2018-07-17,7.78,7.82,7.59,7.63,216200,7.54,7.61,8.15,1.2018,0.2506,-6.378,-0.1273,-0.0878,0.1619
PHC,2018-07-18,7.63,7.78,7.54,7.63,246100,7.58,7.61,8.12,0.7557,0.345,-6.0371,-0.0346,-0.0224,0.1594
PHC,2018-07-19,7.73,7.82,7.49,7.68,293220,7.62,7.6,8.1,0.8141,1.0038,-5.1378,0.0426,0.0281,0.1383
PHC,2018-07-20,7.59,7.73,7.44,7.63,225000,7.65,7.6,8.07,-0.2494,0.471,-5.4038,0.0717,0.0483,0.1384
PHC,2018-07-23,7.59,7.78,7.49,7.59,200100,7.64,7.59,8.04,-0.7491,-0.0,-5.6492,-0.0274,-0.0357,0.1213
PHC,2018-07-24,7.59,7.63,7.49,7.59,99420,7.63,7.58,8.01,-0.625,0.0944,-5.2443,0.0339,0.0277,0.1068
PHC,2018-07-25,7.59,7.68,7.44,7.54,117300,7.64,7.57,7.97,-1.3117,-0.3783,-5.4119,-0.0254,-0.019,0.1072
PHC,2018-07-26,7.54,7.63,7.44,7.54,93800,7.64,7.56,7.93,-1.3117,-0.2525,-5.0024,-0.0,-0.0,0.0903
PHC,2018-07-27,7.54,7.59,7.44,7.49,73800,7.61,7.55,7.9,-1.5674,-0.7899,-5.1818,-0.0297,-0.0204,0.0625
PHC,2018-07-30,7.54,8.02,7.49,7.92,543200,7.62,7.57,7.87,3.8799,4.6659,0.5939,0.3461,0.226,0.0739
PHC,2018-07-31,7.92,7.97,7.78,7.92,297600,7.65,7.6,7.85,3.4913,4.2386,0.8873,0.1661,0.1234,0.0777
PHC,2018-08-01,7.92,8.11,7.87,8.02,310730,7.69,7.63,7.83,4.2184,5.0001,2.4016,0.0657,0.0524,0.0809
PHC,2018-08-02,7.87,8.73,7.73,7.87,416320,7.71,7.66,7.8,2.104,2.7077,0.8804,-0.3059,-0.1952,0.1072
PHC,2018-08-03,7.87,8.02,7.73,7.92,271911,7.74,7.7,7.78,2.3428,2.9138,1.7656,0.0915,0.0601,0.1092
PHC,2018-08-06,7.92,7.97,7.78,7.78,287730,7.76,7.7,7.78,0.246,0.9913,0.0122,-0.3891,-0.2709,0.1453
PHC,2018-08-07,7.78,7.92,7.59,7.78,392220,7.78,7.7,7.78,-0.0,0.9288,-0.0246,0.0747,0.0402,0.1494
PHC,2018-08-08,7.82,8.4,7.82,8.35,503245,7.86,7.75,7.79,6.2538,7.7586,7.1516,0.3989,0.2896,0.1868
PHC,2018-08-09,8.4,8.59,8.3,8.4,431250,7.94,7.79,7.8,5.7057,7.7771,7.6452,-0.1428,-0.0896,0.201
PHC,2018-08-10,8.16,8.4,8.16,8.25,265120,8.02,7.81,7.8,2.915,5.6167,5.7716,-0.0545,-0.0352,0.2035
PHC,2018-08-13,8.21,8.25,8.02,8.21,325318,8.05,7.84,7.8,1.9562,4.7184,5.1731,0.1315,0.1039,0.1821
PHC,2018-08-14,8.25,8.25,8.11,8.21,268820,8.08,7.86,7.8,1.5948,4.3373,5.2117,0.0841,0.0558,0.1739
PHC,2018-08-15,8.25,8.4,8.06,8.11,410805,8.09,7.89,7.79,0.295,2.8122,4.0774,-0.2026,-0.1432,0.1876
PHC,2018-08-16,8.06,8.21,7.87,8.21,271070,8.12,7.91,7.79,1.0576,3.6769,5.3276,0.2546,0.1521,0.1824
PHC,2018-08-17,8.16,8.35,8.02,8.11,356025,8.14,7.94,7.79,-0.3517,2.1634,4.1411,-0.1537,-0.1084,0.1886
PHC,2018-08-20,8.16,8.25,7.97,8.21,272300,8.18,7.97,7.79,0.2916,2.9632,5.3276,0.1965,0.1429,0.1694
PHC,2018-08-21,8.11,8.21,8.02,8.11,248535,8.22,8.0,7.79,-1.2776,1.432,4.0646,-0.0,-0.0,0.1619
PHC,2018-08-22,8.06,8.25,7.97,8.11,338003,8.19,8.02,7.8,-0.9901,1.0701,4.0264,-0.0,-0.0,0.122
PHC,2018-08-23,8.11,8.25,7.87,8.11,424710,8.16,8.05,7.8,-0.6429,0.7109,3.9882,0.2043,0.1156,0.1282
PHC,2018-08-24,8.11,8.16,7.97,7.97,309401,8.13,8.08,7.8,-2.0527,-1.3585,2.1657,-0.352,-0.1917,0.1579
PHC,2018-08-27,7.97,8.11,7.87,7.97,232927,8.11,8.08,7.8,-1.7647,-1.3876,2.1032,-0.0487,-0.0316,0.1496
PHC,2018-08-28,7.97,8.02,7.87,7.97,165855,8.09,8.08,7.81,-1.4749,-1.4167,2.0284,0.0681,0.043,0.148
PHC,2018-08-29,8.02,8.02,7.82,7.82,130400,8.06,8.07,7.81,-2.9012,-3.0733,0.1832,-0.1626,-0.0962,0.144
PHC,2018-08-30,7.78,7.87,7.73,7.82,212700,8.02,8.07,7.81,-2.439,-3.0447,0.1588,0.063,0.0355,0.1249
PHC,2018-08-31,7.87,7.92,7.82,7.92,309180,8.0,8.07,7.81,-1.0137,-1.8622,1.3431,0.3213,0.1657,0.1416
PHC,2018-09-04,8.3,8.3,7.92,8.02,344800,7.98,8.08,7.82,0.4185,-0.8264,2.5141,-0.1559,-0.1008,0.1376
PHC,2018-09-05,8.02,8.11,7.82,7.92,237900,7.96,8.09,7.82,-0.5392,-2.0938,1.2442,-0.1073,-0.0599,0.1483
PHC,2018-09-06,7.92,8.02,7.73,7.73,193353,7.92,8.06,7.82,-2.4684,-4.0852,-1.1833,-0.2168,-0.146,0.17
PHC,2018-09-07,7.78,7.92,7.73,7.82,345860,7.9,8.03,7.82,-0.9064,-2.555,0.0122,-0.0,-0.0,0.1496
PHC,2018-09-10,7.87,7.92,7.73,7.73,236500,7.87,8.0,7.83,-1.8181,-3.4277,-1.2315,-0.2988,-0.1899,0.1443
PHC,2018-09-11,7.73,7.87,7.73,7.82,247200,7.86,7.98,7.83,-0.4251,-2.0018,-0.0731,0.0736,0.0448,0.1468
PHC,2018-09-12,7.78,7.92,7.73,7.73,149300,7.83,7.96,7.84,-1.3398,-2.9068,-1.3998,-0.1387,-0.0919,0.1538
PHC,2018-09-13,7.78,8.02,7.78,7.92,591100,7.84,7.95,7.85,0.9732,-0.39,0.8751,0.147,0.0986,0.1523
PHC,2018-09-14,7.97,8.02,7.82,7.87,352710,7.85,7.93,7.86,0.3039,-0.7817,0.1092,-0.2099,-0.1388,0.167
PHC,2018-09-17,7.87,7.87,7.73,7.73,86060,7.83,7.91,7.87,-1.2797,-2.3508,-1.8181,-0.0902,-0.0573,0.1438
PHC,2018-09-18,7.78,7.78,7.49,7.49,119800,7.78,7.88,7.87,-3.681,-4.935,-4.8024,-0.0863,-0.0523,0.1369
PHC,2018-09-19,7.49,7.73,7.39,7.54,374200,7.74,7.85,7.87,-2.5894,-3.9806,-4.1611,-0.0613,-0.0392,0.1323
PHC,2018-09-20,7.59,7.73,7.49,7.59,254800,7.72,7.82,7.87,-1.7912,-3.0488,-3.5779,-0.0435,-0.0262,0.1149
PHC,2018-09-21,7.59,7.73,7.59,7.68,264660,7.71,7.8,7.87,-0.3713,-1.5591,-2.4005,0.0554,0.0251,0.1205
PHC,2018-09-24,7.63,7.73,7.54,7.68,188835,7.7,7.79,7.87,-0.3096,-1.3782,-2.3769,0.0953,0.0539,0.1001
PHC,2018-10-03,7.92,8.11,7.82,7.94,870320,7.72,7.79,7.87,2.9366,2.0064,0.9152,-0.2102,-0.1167,0.0404
PHC,2018-10-04,7.99,8.04,7.92,7.97,484640,7.74,7.79,7.88,2.9276,2.3128,1.1325,-0.0919,-0.0552,0.0453
PHC,2018-10-05,7.97,7.97,7.87,7.9,203630,7.74,7.79,7.88,2.0345,1.3471,0.1573,-0.0729,-0.0437,0.047
PHC,2018-10-08,7.78,7.8,7.7,7.73,157070,7.72,7.79,7.88,0.0618,-0.7352,-1.9726,-0.0783,-0.0424,0.0453
PHC,2018-10-09,7.75,7.97,7.75,7.92,486150,7.74,7.79,7.89,2.2797,1.7157,0.3749,0.2416,0.1594,0.0695
PHC,2018-10-10,7.94,7.99,7.85,7.87,268340,7.78,7.78,7.9,1.1649,1.1959,-0.3021,-0.1853,-0.1075,0.088
PHC,2018-10-11,7.73,7.75,7.44,7.44,153720,7.77,7.75,7.89,-4.2357,-4.0295,-5.7059,-0.0504,-0.0341,0.0931
PHC,2018-10-12,7.3,7.73,7.11,7.66,387000,7.78,7.75,7.9,-1.564,-1.2156,-3.0153,0.1766,0.1073,0.1107
PHC,2018-10-15,7.68,7.73,7.35,7.35,156360,7.75,7.73,7.89,-5.1432,-4.9236,-6.898,-0.1911,-0.1126,0.1298
PHC,2018-10-16,7.39,7.54,7.35,7.39,250910,7.72,7.71,7.89,-4.1731,-4.099,-6.2708,-0.1525,-0.0841,0.1451
PHC,2018-10-17,7.49,7.54,7.44,7.49,281910,7.67,7.69,7.88,-2.3632,-2.6508,-4.958,-0.0,-0.0,0.1241
PHC,2018-10-18,7.47,7.47,7.37,7.39,221570,7.61,7.68,7.87,-2.8822,-3.6818,-6.0435,-0.1344,-0.0809,0.1283
PHC,2018-10-19,7.3,7.44,7.28,7.39,166550,7.56,7.65,7.86,-2.239,-3.3515,-5.8952,0.0922,0.0455,0.1303
PHC,2018-10-22,7.39,7.59,7.37,7.49,265550,7.54,7.63,7.85,-0.6644,-1.8597,-4.5883,0.0263,0.0163,0.1251
PHC,2018-10-23,7.49,7.49,7.11,7.28,185580,7.48,7.61,7.84,-2.6802,-4.3887,-7.1706,-0.0292,-0.0192,0.1038
PHC,2018-10-24,7.28,7.3,7.16,7.2,83130,7.41,7.6,7.83,-2.7689,-5.1508,-7.9493,-0.0256,-0.0162,0.0879
PHC,2018-10-25,6.73,7.59,6.73,7.59,97650,7.42,7.6,7.82,2.1851,-0.157,-3.0251,0.085,0.0526,0.0913
PHC,2018-10-26,7.8,7.8,7.48,7.69,69140,7.43,7.6,7.81,3.6044,1.2084,-1.4634,0.0245,0.0156,0.0761
PHC,2018-10-29,7.59,7.69,7.48,7.48,13750,7.44,7.59,7.79,0.545,-1.4734,-3.9755,-0.0231,-0.0146,0.0593
PHC,2018-10-30,7.4,7.48,7.37,7.48,35600,7.45,7.58,7.78,0.4284,-1.3435,-3.7847,0.0589,0.0348,0.0499
PHC,2018-10-31,7.67,7.69,7.56,7.59,139100,7.46,7.57,7.76,1.7295,0.3008,-2.2549,-0.0648,-0.0402,0.0564
PHC,2018-11-01,7.59,7.61,7.45,7.53,60780,7.47,7.54,7.75,0.8242,-0.1198,-2.775,0.0,0.0,0.043
PHC,2018-11-02,7.56,7.64,7.53,7.59,155270,7.49,7.53,7.74,1.2774,0.7941,-1.9534,-0.0,-0.0,0.0338
PHC,2018-11-05,7.59,7.59,7.48,7.59,59880,7.5,7.52,7.73,1.1453,0.8884,-1.7966,0.0853,0.0529,0.0397
PHC,2018-11-06,7.61,7.64,7.45,7.45,70000,7.52,7.5,7.71,-0.8718,-0.5804,-3.3614,-0.0835,-0.0531,0.0451
PHC,2018-11-07,7.45,7.59,7.45,7.48,168300,7.55,7.48,7.7,-0.8818,0.0367,-2.8324,-0.1727,-0.1132,0.0598
PHC,2018-11-08,7.53,7.56,7.43,7.51,240330,7.54,7.48,7.69,-0.4252,0.3501,-2.3325,0.0673,0.0462,0.058
PHC,2018-11-09,7.48,7.53,7.4,7.51,115000,7.52,7.47,7.68,-0.1776,0.4503,-2.1792,0.0849,0.0512,0.0641
PHC,2018-11-12,7.48,7.53,7.43,7.51,146040,7.52,7.48,7.66,-0.213,0.3424,-2.0253,0.1125,0.0702,0.073
PHC,2018-11-13,7.51,7.51,7.4,7.48,106980,7.52,7.49,7.65,-0.5682,-0.0723,-2.25,0.0737,0.0479,0.0745
PHC,2018-11-14,7.48,7.48,7.4,7.45,105240,7.51,7.48,7.64,-0.7471,-0.4055,-2.4684,0.0493,0.0326,0.0729
PHC,2018-11-15,7.4,7.48,7.27,7.27,145070,7.48,7.48,7.63,-2.8919,-2.8216,-4.741,-0.2068,-0.1405,0.0936
PHC,2018-11-16,7.37,7.45,7.27,7.37,181320,7.46,7.48,7.62,-1.1815,-1.3788,-3.2259,0.038,0.0234,0.0974
PHC,2018-11-19,7.4,7.45,7.37,7.43,84440,7.45,7.47,7.61,-0.2512,-0.6228,-2.4232,0.0374,0.0245,0.0926
PHC,2018-11-20,7.43,7.48,7.37,7.48,214610,7.45,7.48,7.6,0.4304,-0.0453,-1.6078,0.3225,0.1908,0.1165
PHC,2018-11-21,7.29,7.48,7.29,7.45,101370,7.45,7.5,7.59,0.1076,-0.5686,-1.8145,0.1005,0.056,0.1093
PHC,2018-11-22,7.48,7.48,7.37,7.43,127050,7.44,7.49,7.58,-0.1437,-0.8206,-2.0395,-0.0,-0.0,0.1026
PHC,2018-11-23,7.4,7.48,7.4,7.43,128300,7.43,7.48,7.58,-0.036,-0.6433,-1.9616,-0.0549,-0.0354,0.0996
PHC,2018-11-26,7.45,7.45,7.35,7.4,75540,7.42,7.47,7.57,-0.252,-0.9475,-2.2049,0.0,0.0,0.0883
PHC,2018-11-27,7.37,7.43,7.32,7.37,93460,7.41,7.47,7.56,-0.4688,-1.2345,-2.4666,0.0,0.0,0.0809
PHC,2018-11-28,7.37,7.4,7.19,7.37,144330,7.4,7.46,7.55,-0.361,-1.0929,-2.3504,0.1913,0.1145,0.0951
PHC,2018-11-29,7.45,7.48,7.37,7.43,220330,7.42,7.45,7.55,0.144,-0.3049,-1.5644,-0.0,-0.0,0.0745
PHC,2018-11-30,7.48,7.48,7.37,7.43,137770,7.42,7.44,7.54,0.072,-0.1975,-1.4359,-0.0,-0.0,0.0707
PHC,2018-12-03,7.48,7.53,7.45,7.45,206230,7.43,7.44,7.53,0.3958,0.2515,-0.9716,-0.1713,-0.1009,0.0841
PHC,2018-12-04,7.45,7.48,7.37,7.43,205960,7.42,7.43,7.52,0.108,-0.0899,-1.2476,-0.0,-0.0,0.0518
PHC,2018-12-05,7.29,7.43,7.29,7.43,237060,7.42,7.43,7.52,0.1441,-0.054,-1.2312,0.2706,0.1653,0.0688
PHC,2018-12-06,7.43,7.45,7.37,7.4,151570,7.41,7.43,7.52,-0.1801,-0.3417,-1.5505,-0.063,-0.0425,0.0751
PHC,2018-12-07,7.45,7.48,7.37,7.45,211370,7.42,7.42,7.51,0.5043,0.4139,-0.8051,0.1278,0.0876,0.0824
PHC,2018-12-10,7.48,7.48,7.37,7.45,227640,7.42,7.42,7.51,0.432,0.45,-0.7453,0.1532,0.0951,0.0977
PHC,2018-12-11,7.43,7.43,7.37,7.4,203970,7.43,7.42,7.5,-0.3238,-0.2161,-1.3832,0.0001,0.0,0.0977
PHC,2018-12-12,7.45,7.48,7.37,7.43,232620,7.43,7.42,7.49,-0.036,0.1621,-0.891,-0.0,-0.0,0.0786
PHC,2018-12-13,7.43,7.45,7.37,7.37,149500,7.43,7.42,7.48,-0.6836,-0.63,-1.448,-0.1926,-0.1193,0.0979
PHC,2018-12-14,7.37,7.43,7.35,7.4,148910,7.42,7.42,7.47,-0.2879,-0.2879,-0.9599,0.0599,0.0367,0.1039
PHC,2018-12-17,7.43,7.43,7.27,7.4,107650,7.42,7.42,7.47,-0.2161,-0.27,-0.873,0.0706,0.0418,0.0938
PHC,2018-12-18,7.37,7.4,7.32,7.37,78540,7.41,7.42,7.46,-0.5047,-0.5584,-1.0864,0.0339,0.0209,0.0972
PHC,2018-12-19,7.4,7.43,7.35,7.37,119450,7.41,7.41,7.45,-0.4329,-0.5046,-0.9542,-0.0614,-0.0365,0.0763
PHC,2018-12-20,7.35,7.37,7.24,7.35,104480,7.4,7.41,7.44,-0.722,-0.8115,-1.2879,0.0955,0.0573,0.0795
PHC,2018-12-21,7.27,7.35,7.16,7.27,52140,7.38,7.4,7.44,-1.5563,-1.7874,-2.2624,0.0078,0.0037,0.0675
PHC,2018-12-24,7.35,7.35,7.21,7.27,85980,7.36,7.39,7.43,-1.3063,-1.6986,-2.2415,-0.0233,-0.015,0.0545
PHC,2018-12-25,7.11,7.27,6.87,6.95,50740,7.32,7.37,7.43,-5.0749,-5.763,-6.4416,-0.0328,-0.0215,0.0578
PHC,2018-12-26,7.0,7.0,6.68,6.68,100710,7.24,7.34,7.41,-7.7831,-8.9585,-9.8431,-0.1572,-0.085,0.0735
PHC,2018-12-27,6.68,6.87,6.68,6.76,167530,7.18,7.3,7.4,-5.8779,-7.4446,-8.6044,-0.0306,-0.0169,0.0573
PHC,2018-12-28,6.79,6.79,6.65,6.73,214000,7.12,7.27,7.38,-5.3698,-7.3699,-8.8025,0.0496,0.0278,0.0563
PHC,2019-01-02,6.76,6.76,6.6,6.63,63850,7.04,7.23,7.37,-5.8467,-8.318,-10.0396,-0.0766,-0.0403,0.0569
PHC,2019-01-03,6.63,6.65,6.41,6.52,52710,6.95,7.18,7.35,-6.226,-9.2262,-11.3084,-0.0065,-0.0041,0.0541
PHC,2019-01-04,6.41,6.52,6.2,6.49,53810,6.86,7.14,7.34,-5.4107,-9.0058,-11.5006,0.0729,0.042,0.0553
PHC,2019-01-07,6.68,6.73,6.55,6.57,147650,6.79,7.09,7.32,-3.1495,-7.3446,-10.1599,-0.2103,-0.1185,0.0668
PHC,2019-01-08,6.57,6.6,6.49,6.55,51750,6.71,7.05,7.29,-2.5069,-7.1266,-10.2432,0.0,0.0,0.066
PHC,2019-01-09,6.55,6.71,6.52,6.6,116210,6.65,7.01,7.28,-0.7234,-5.797,-9.2911,-0.0253,-0.0147,0.0662
PHC,2019-01-10,6.63,6.65,6.49,6.57,79460,6.61,6.96,7.26,-0.5659,-5.6205,-9.4322,0.0,0.0,0.0629
PHC,2019-01-11,6.44,6.57,6.44,6.52,106720,6.59,6.92,7.24,-1.1345,-5.7733,-9.9033,0.0418,0.0216,0.0514
PHC,2019-01-14,6.63,6.63,6.33,6.52,66690,6.57,6.88,7.22,-0.7727,-5.1875,-9.6497,0.0359,0.0219,0.0519
PHC,2019-01-15,6.52,6.55,6.39,6.52,123950,6.55,6.83,7.19,-0.4488,-4.5757,-9.3813,0.1501,0.0814,0.0619
PHC,2019-01-16,6.49,6.49,6.44,6.47,200590,6.53,6.79,7.17,-1.0226,-4.7057,-9.8428,0.0,0.0,0.0543
PHC,2019-01-17,6.25,6.49,6.25,6.49,291920,6.53,6.74,7.15,-0.5729,-3.6861,-9.2268,0.5345,0.3312,0.1071
PHC,2019-01-18,6.55,6.55,6.36,6.52,109600,6.53,6.7,7.13,-0.2045,-2.6725,-8.6074,0.154,0.091,0.1152
PHC,2019-01-21,6.6,6.65,6.41,6.6,152120,6.54,6.66,7.12,0.9813,-0.9225,-7.2474,0.1177,0.0781,0.1059
PHC,2019-01-22,6.47,6.63,6.44,6.57,147640,6.54,6.63,7.1,0.5313,-0.8064,-7.3795,0.0913,0.057,0.1151
PHC,2019-01-23,6.6,6.63,6.41,6.63,108730,6.54,6.59,7.08,1.3071,0.4862,-6.3939,0.2043,0.1214,0.133
PHC,2019-01-24,6.6,6.63,6.36,6.63,116700,6.55,6.58,7.06,1.2244,0.7311,-6.1673,0.221,0.1152,0.155
PHC,2019-01-25,6.63,6.76,6.57,6.73,160860,6.57,6.58,7.05,2.5224,2.3143,-4.4586,0.2781,0.1428,0.1787
PHC,2019-01-28,6.73,6.73,6.65,6.68,119490,6.58,6.58,7.04,1.461,1.5641,-5.0585,-0.0906,-0.0514,0.1841
PHC,2019-01-29,6.68,6.68,6.47,6.68,95260,6.6,6.57,7.02,1.2146,1.6054,-4.8706,0.145,0.0788,0.1836
PHC,2019-01-30,6.65,6.68,6.49,6.55,114180,6.61,6.57,7.0,-0.93,-0.366,-6.5385,-0.083,-0.0498,0.1919
PHC,2019-01-31,6.55,6.63,6.49,6.55,73400,6.61,6.57,6.99,-1.0101,-0.3862,-6.2882,-0.0236,-0.0136,0.1408
PHC,2019-02-01,6.55,6.76,6.55,6.73,190750,6.63,6.58,6.97,1.4902,2.2728,-3.4112,0.215,0.0977,0.147
PHC,2019-02-11,6.76,6.95,6.76,6.92,209560,6.67,6.6,6.96,3.8077,4.8371,-0.5834,0.203,0.1151,0.1555
PHC,2019-02-12,6.97,7.08,6.95,7.08,256180,6.72,6.63,6.95,5.4098,6.8333,1.8213,0.2987,0.2087,0.1762
PHC,2019-02-13,7.13,7.45,7.11,7.32,214620,6.79,6.66,6.95,7.874,9.8636,5.3036,0.0508,0.0287,0.1609
PHC,2019-02-14,7.35,7.37,7.16,7.24,209640,6.85,6.7,6.95,5.7355,8.1189,4.1908,-0.0587,-0.0336,0.1447
PHC,2019-02-15,7.27,7.35,7.11,7.27,266420,6.9,6.73,6.95,5.3038,7.915,4.6073,0.1311,0.0684,0.13
PHC,2019-02-18,7.35,7.48,7.29,7.37,268220,6.97,6.78,6.95,5.7877,8.8114,6.162,-0.0402,-0.0205,0.1249
PHC,2019-02-19,7.37,7.43,7.29,7.29,169620,7.03,6.82,6.94,3.7233,7.0168,5.0484,-0.1231,-0.0698,0.1227
PHC,2019-02-20,7.35,7.35,7.21,7.27,127510,7.1,6.86,6.94,2.294,6.0015,4.72,-0.0306,-0.0197,0.1175
PHC,2019-02-21,7.27,7.27,7.03,7.03,146870,7.15,6.88,6.93,-1.7557,2.0963,1.3722,-0.1532,-0.0653,0.1304
PHC,2019-02-22,7.03,7.16,7.03,7.08,170640,7.19,6.91,6.92,-1.4869,2.4551,2.2456,-0.034,-0.0193,0.1123
PHC,2019-02-25,7.21,7.21,7.11,7.13,228300,7.21,6.94,6.92,-1.0378,2.8307,3.0967,-0.1095,-0.0564,0.103
PHC,2019-02-26,7.11,7.13,7.03,7.11,138330,7.21,6.96,6.91,-1.445,2.0525,2.8138,0.0847,0.044,0.0816
PHC,2019-02-27,7.11,7.21,7.11,7.16,136950,7.2,6.99,6.91,-0.4827,2.4269,3.675,0.0,0.0,0.0765
PHC,2019-02-28,7.19,7.21,6.95,7.03,158680,7.17,7.01,6.9,-2.0484,0.2287,1.8511,-0.0433,-0.02,0.075
PHC,2019-03-01,7.03,7.16,7.03,7.16,146180,7.16,7.03,6.89,-0.0373,1.8237,3.8679,0.153,0.0731,0.0772
PHC,2019-03-04,7.21,7.53,7.16,7.51,438280,7.18,7.07,6.9,4.6165,6.1379,8.8641,0.3012,0.1751,0.1033
PHC,2019-03-05,7.35,7.59,7.35,7.48,272870,7.2,7.11,6.9,3.9733,5.1643,8.4514,0.0245,0.0168,0.0934
PHC,2019-03-06,7.51,7.53,7.37,7.43,198620,7.21,7.16,6.9,3.0011,3.77,7.6684,-0.0827,-0.0401,0.0986
PHC,2019-03-07,7.51,7.53,7.32,7.43,170330,7.25,7.2,6.9,2.4318,3.1348,7.6517,-0.0,-0.0,0.0833
PHC,2019-03-08,7.35,7.4,7.24,7.24,146730,7.27,7.23,6.9,-0.3676,0.1849,4.9819,-0.1584,-0.0861,0.0957
PHC,2019-03-11,7.24,7.24,7.13,7.21,161080,7.28,7.24,6.89,-0.8446,-0.3873,4.635,0.1243,0.0661,0.0972
PHC,2019-03-12,7.29,7.32,7.16,7.29,255890,7.29,7.25,6.89,-0.0,0.571,5.7893,0.1418,0.0784,0.1029
PHC,2019-03-13,7.35,7.35,7.24,7.32,157990,7.31,7.25,6.9,0.1462,0.9394,6.1604,0.0624,0.0392,0.1092
PHC,2019-03-14,7.29,7.43,7.16,7.37,385520,7.34,7.26,6.9,0.4002,1.5827,6.8029,0.2509,0.1448,0.1299
PHC,2019-03-15,7.37,7.72,7.35,7.72,726480,7.4,7.28,6.93,4.3322,6.0356,11.497,0.647,0.4006,0.1793
PHC,2019-03-18,7.8,7.99,7.72,7.91,716580,7.44,7.31,6.95,6.2836,8.2069,13.8198,0.277,0.1757,0.1769
PHC,2019-03-19,7.96,7.99,7.78,7.83,493080,7.48,7.34,6.97,4.7177,6.7201,12.3122,-0.1936,-0.1341,0.1938
PHC,2019-03-20,7.72,7.72,7.48,7.69,379710,7.5,7.36,6.99,2.5641,4.5942,10.0581,0.3596,0.2008,0.2215
PHC,2019-03-21,7.72,7.75,7.45,7.45,315370,7.51,7.38,7.01,-0.6764,1.032,6.3343,-0.2151,-0.1279,0.243
PHC,2019-03-22,7.48,7.56,7.37,7.48,334660,7.53,7.4,7.03,-0.6388,1.1195,6.4153,0.0741,0.0364,0.2346
PHC,2019-03-25,7.32,7.43,7.16,7.24,65480,7.53,7.4,7.04,-3.8666,-2.2013,2.7995,-0.028,-0.0175,0.2249
PHC,2019-03-26,7.32,7.4,7.13,7.21,222460,7.52,7.41,7.06,-4.1193,-2.6325,2.2263,-0.1428,-0.0884,0.225
PHC,2019-03-27,7.29,7.32,7.13,7.21,224210,7.51,7.41,7.07,-3.9829,-2.6676,2.0486,-0.0595,-0.0321,0.2248
PHC,2019-03-28,7.19,7.27,7.13,7.27,286630,7.5,7.42,7.08,-3.134,-2.1055,2.6027,0.4581,0.2214,0.2455
PHC,2019-03-29,7.21,7.35,7.16,7.35,319970,7.47,7.43,7.1,-1.5748,-1.1502,3.4924,0.464,0.2238,0.2272
PHC,2019-04-01,7.32,7.43,7.29,7.43,347310,7.42,7.43,7.12,0.144,-0.018,4.3543,0.5115,0.2616,0.2506
PHC,2019-04-02,7.45,7.48,7.29,7.35,257730,7.37,7.42,7.13,-0.2901,-1.0079,2.9885,-0.1478,-0.0821,0.246
PHC,2019-04-03,7.32,7.32,7.24,7.29,206540,7.33,7.42,7.15,-0.474,-1.6394,2.0027,0.101,0.0609,0.2202
PHC,2019-04-04,7.35,7.56,7.32,7.56,568090,7.34,7.42,7.17,3.0215,1.8719,5.424,0.7858,0.5098,0.2773
PHC,2019-04-05,7.61,7.69,7.53,7.67,557880,7.36,7.44,7.2,4.2121,3.0151,6.5726,0.5435,0.3154,0.3242
PHC,2019-04-08,7.75,7.75,7.56,7.61,140880,7.4,7.46,7.22,2.9624,2.0225,5.5321,-0.0691,-0.038,0.3283
PHC,2019-04-09,7.64,7.64,7.48,7.51,113960,7.43,7.47,7.23,1.1155,0.4468,3.782,-0.0758,-0.0378,0.3216
PHC,2019-04-10,7.4,7.48,7.29,7.43,202570,7.45,7.48,7.25,-0.2512,-0.6966,2.4469,0.1248,0.0665,0.3281
PHC,2019-04-11,7.45,7.56,7.43,7.51,294900,7.47,7.49,7.27,0.5007,0.2855,3.3012,0.0977,0.0623,0.2921
PHC,2019-04-12,7.53,7.53,7.43,7.45,257080,7.48,7.47,7.28,-0.3572,-0.2503,2.3627,-0.2171,-0.1253,0.2674
PHC,2019-04-16,7.4,7.45,7.21,7.29,76260,7.47,7.44,7.29,-2.3256,-1.9925,-0.0074,-0.0402,-0.0227,0.2203
PHC,2019-04-17,7.29,7.4,7.19,7.19,287640,7.45,7.41,7.3,-3.5496,-3.0106,-1.6094,-0.2761,-0.1561,0.2331
PHC,2019-04-18,7.24,7.24,7.08,7.11,123810,7.43,7.38,7.32,-4.3854,-3.7105,-2.8559,-0.1515,-0.0923,0.2382
PHC,2019-04-19,7.16,7.24,7.08,7.16,208920,7.39,7.37,7.33,-3.1442,-2.7929,-2.2896,-0.0,-0.0,0.1596
PHC,2019-04-22,7.19,7.21,7.08,7.19,197080,7.34,7.35,7.34,-2.1462,-2.2351,-2.0464,0.211,0.118,0.1263
PHC,2019-04-23,7.21,7.27,7.11,7.21,253580,7.3,7.35,7.34,-1.2436,-1.8538,-1.761,0.167,0.0862,0.1361
PHC,2019-04-24,7.24,7.24,7.11,7.16,227200,7.27,7.35,7.34,-1.5068,-2.5455,-2.51,-0.0572,-0.0338,0.1343
PHC,2019-04-25,7.16,7.21,7.03,7.16,204250,7.24,7.34,7.34,-1.1435,-2.51,-2.4674,0.168,0.1033,0.1386
PHC,2019-04-26,7.13,7.16,7.08,7.16,223610,7.21,7.34,7.34,-0.6672,-2.439,-2.4461,0.369,0.1858,0.1657
PHC,2019-05-02,7.16,7.16,7.0,7.11,220360,7.17,7.33,7.34,-0.9311,-3.0082,-3.1319,0.1109,0.0541,0.1551
PHC,2019-05-03,7.11,7.16,7.03,7.13,233100,7.16,7.31,7.33,-0.336,-2.448,-2.7039,0.207,0.1086,0.1718
PHC,2019-05-06,6.87,7.11,6.87,6.95,227290,7.13,7.29,7.33,-2.6218,-4.7445,-5.1649,-0.113,-0.0661,0.1555
PHC,2019-05-07,6.95,7.05,6.95,6.97,239360,7.12,7.28,7.32,-2.0638,-4.1674,-4.7237,-0.2033,-0.1199,0.1606
PHC,2019-05-08,6.97,7.0,6.6,7.0,222890,7.1,7.25,7.32,-1.4667,-3.4279,-4.3516,0.3121,0.1985,0.1918
PHC,2019-05-09,6.92,6.97,6.79,6.92,263490,7.08,7.21,7.32,-2.2272,-4.0385,-5.4053,0.1701,0.1081,0.1877
PHC,2019-05-10,6.95,6.95,6.81,6.89,182870,7.05,7.18,7.31,-2.1615,-3.9285,-5.7086,0.0653,0.0407,0.1776
PHC,2019-05-13,6.89,6.89,6.81,6.89,224620,7.02,7.14,7.31,-1.7891,-3.5153,-5.6534,0.3293,0.1636,0.2048
PHC,2019-05-14,6.89,6.97,6.87,6.92,237650,6.99,7.12,7.3,-1.0695,-2.796,-5.2253,0.0,0.0,0.188
PHC,2019-05-15,6.95,6.95,6.79,6.95,327240,6.97,7.09,7.3,-0.3832,-2.0347,-4.8386,0.3923,0.2113,0.1903
PHC,2019-05-16,6.97,7.0,6.89,6.95,281680,6.96,7.07,7.3,-0.1537,-1.6828,-4.7829,-0.0,-0.0,0.1792
PHC,2019-05-17,6.92,7.11,6.89,7.08,409960,6.95,7.05,7.29,1.8448,0.3598,-2.8378,0.4396,0.2392,0.2025
PHC,2019-05-20,7.05,7.37,7.05,7.37,482510,6.99,7.06,7.29,5.424,4.3873,1.225,0.7112,0.363,0.2623
PHC,2019-05-21,7.4,7.4,7.19,7.21,296760,7.02,7.07,7.28,2.7788,2.0408,-0.9174,-0.3403,-0.1693,0.276
PHC,2019-05-22,7.24,7.24,7.05,7.11,342800,7.03,7.07,7.27,1.1022,0.5671,-2.2993,-0.2027,-0.11,0.2651
PHC,2019-05-23,7.13,7.13,7.03,7.08,271050,7.05,7.06,7.27,0.493,0.2649,-2.6236,0.0,0.0,0.2481
PHC,2019-05-24,7.08,7.11,7.03,7.08,270250,7.06,7.05,7.27,0.227,0.3598,-2.5878,0.1132,0.053,0.2529
PHC,2019-05-27,6.95,7.08,6.95,7.05,307470,7.08,7.05,7.26,-0.3773,0.0569,-2.8912,0.4668,0.2274,0.2666
PHC,2019-05-28,7.08,7.08,6.95,7.08,226310,7.1,7.05,7.26,-0.2259,0.493,-2.4587,0.3605,0.1483,0.3027
PHC,2019-05-29,7.03,7.11,7.03,7.08,278440,7.11,7.04,7.25,-0.4133,0.5502,-2.3797,0.1347,0.0694,0.2769
PHC,2019-05-30,6.89,7.11,6.89,7.03,281220,7.12,7.04,7.24,-1.2763,-0.1519,-2.9305,0.1034,0.0586,0.2872
PHC,2019-05-31,7.05,7.08,6.97,7.03,202270,7.11,7.03,7.22,-1.2021,-0.076,-2.6935,0.0,0.0,0.2433
PHC,2019-06-03,7.05,7.05,6.95,6.95,262780,7.07,7.03,7.2,-1.7386,-1.2159,-3.568,-0.2947,-0.166,0.2016
PHC,2019-06-04,6.97,7.05,6.89,6.95,255290,7.04,7.03,7.19,-1.3658,-1.1971,-3.3673,-0.2024,-0.1151,0.1878
PHC,2019-06-05,7.0,7.05,6.95,6.95,202000,7.03,7.03,7.18,-1.1408,-1.1595,-3.2307,-0.3714,-0.2238,0.2047
PHC,2019-06-06,6.95,7.03,6.89,6.95,149320,7.01,7.03,7.17,-0.9524,-1.1783,-3.0864,-0.0576,-0.0321,0.2105
PHC,2019-06-07,6.92,6.95,6.87,6.95,161040,7.0,7.03,7.16,-0.7634,-1.2159,-3.0068,0.2232,0.1149,0.2215
PHC,2019-06-10,6.97,7.0,6.84,6.89,205270,6.98,7.03,7.16,-1.3006,-1.9756,-3.6666,-0.1247,-0.07,0.1873
PHC,2019-06-11,6.89,6.92,6.81,6.84,206280,6.96,7.03,7.15,-1.7274,-2.6801,-4.3134,-0.2494,-0.1168,0.1762
PHC,2019-06-12,6.81,6.92,6.79,6.89,206910,6.94,7.03,7.14,-0.6928,-1.8825,-3.4647,0.2289,0.1186,0.1856
PHC,2019-06-13,6.89,7.03,6.89,7.0,207020,6.94,7.03,7.13,0.8856,-0.3992,-1.8727,0.2641,0.1291,0.2017
PHC,2019-06-14,7.0,7.08,6.89,7.03,217610,6.94,7.03,7.13,1.2707,0.019,-1.3873,0.1998,0.1026,0.2216
PHC,2019-06-17,7.03,7.05,7.0,7.05,233360,6.95,7.01,7.12,1.4995,0.629,-0.9306,0.4505,0.232,0.2372
PHC,2019-06-18,7.08,7.08,6.97,7.08,259620,6.96,7.0,7.12,1.6885,1.1065,-0.4956,0.4317,0.2036,0.2601
PHC,2019-06-19,7.13,7.19,7.11,7.16,247300,6.98,7.01,7.11,2.5248,2.212,0.7443,0.1543,0.0882,0.2384
PHC,2019-06-20,7.19,7.21,7.03,7.08,318190,7.0,7.01,7.1,1.1837,1.0679,-0.2183,-0.164,-0.0906,0.2491
PHC,2019-06-21,7.16,7.16,7.0,7.16,217440,7.02,7.01,7.09,2.0175,2.1536,1.0406,0.2331,0.101,0.25
PHC,2019-06-24,7.13,7.29,7.13,7.19,335380,7.05,7.02,7.08,1.9712,2.4372,1.5094,-0.2063,-0.1133,0.2582
PHC,2019-06-25,7.19,7.24,7.08,7.19,207490,7.08,7.02,7.08,1.4711,2.3592,1.5784,0.1181,0.0661,0.2451
PHC,2019-06-26,7.21,7.24,7.08,7.11,216780,7.1,7.02,7.07,0.0375,1.1983,0.5594,-0.2119,-0.1295,0.2434
PHC,2019-06-27,7.11,7.16,7.0,7.08,161450,7.11,7.03,7.06,-0.4507,0.7797,0.2877,0.0,0.0,0.217
PHC,2019-06-28,7.11,7.13,7.0,7.08,178340,7.12,7.03,7.06,-0.5255,0.7414,0.3484,0.0463,0.0222,0.2016
PHC,2019-07-01,7.13,7.21,7.11,7.13,331050,7.13,7.04,7.05,0.1124,1.3667,1.121,-0.2537,-0.1344,0.1819
PHC,2019-07-02,7.19,7.19,7.0,7.0,216070,7.12,7.04,7.05,-1.6517,-0.5693,-0.7426,-0.3725,-0.1923,0.176
PHC,2019-07-03,7.05,7.11,7.0,7.05,272490,7.11,7.05,7.05,-0.7519,0.1138,0.0455,0.0,0.0,0.1606
PHC,2019-07-04,7.08,7.08,7.03,7.05,226570,7.1,7.05,7.05,-0.7145,0.0379,0.0834,0.0,0.0,0.1442
PHC,2019-07-05,7.05,7.08,6.95,7.05,184520,7.09,7.06,7.04,-0.5649,-0.0378,0.129,0.2012,0.0975,0.141
PHC,2019-07-08,7.05,7.08,6.97,7.03,157690,7.08,7.06,7.04,-0.7173,-0.5107,-0.2125,0.0,0.0,0.1204
PHC,2019-07-09,7.03,7.03,6.95,6.97,120950,7.06,7.07,7.04,-1.1738,-1.3606,-0.9187,-0.0627,-0.0287,0.1148
PHC,2019-07-10,7.0,7.0,6.95,7.0,460650,7.05,7.08,7.03,-0.6447,-1.0574,-0.4937,0.6931,0.3357,0.1629
PHC,2019-07-11,7.0,7.0,6.92,7.0,461390,7.04,7.08,7.03,-0.5315,-1.0574,-0.4635,0.685,0.3346,0.2314
PHC,2019-07-12,6.97,7.05,6.95,7.05,616090,7.03,7.08,7.03,0.2659,-0.3209,0.3192,0.7969,0.408,0.3065
PHC,2019-07-15,7.03,7.05,6.97,7.03,251510,7.02,7.08,7.03,0.038,-0.6798,-0.0836,0.1466,0.0774,0.2958
PHC,2019-07-16,7.03,7.05,6.97,7.0,232260,7.02,7.07,7.03,-0.3424,-1.0013,-0.4711,-0.0989,-0.046,0.2684
PHC,2019-07-17,7.03,7.05,6.92,6.95,171950,7.01,7.06,7.03,-0.9524,-1.6084,-1.2159,-0.1374,-0.0698,0.2822
PHC,2019-07-18,6.89,6.95,6.87,6.89,204580,7.0,7.05,7.03,-1.4891,-2.2357,-1.9682,-0.1083,-0.0447,0.293
PHC,2019-07-19,6.92,6.92,6.68,6.76,175630,6.97,7.03,7.03,-2.9907,-3.8571,-3.8315,-0.0636,-0.0295,0.2792
PHC,2019-07-22,6.79,6.79,6.71,6.73,134770,6.94,7.01,7.03,-2.9649,-3.9268,-4.1679,-0.0609,-0.0297,0.2853
PHC,2019-07-23,6.68,6.76,6.55,6.76,612070,6.92,6.99,7.02,-2.2788,-3.2504,-3.7437,0.8232,0.4019,0.3614
PHC,2019-07-24,6.79,6.95,6.76,6.81,494400,6.9,6.97,7.02,-1.2394,-2.2802,-2.9459,-0.2662,-0.1383,0.3187
PHC,2019-07-25,6.84,6.89,6.76,6.84,315010,6.88,6.96,7.02,-0.6211,-1.7275,-2.5356,0.0788,0.0421,0.2581
PHC,2019-07-26,6.89,6.89,6.73,6.79,186190,6.86,6.95,7.01,-1.0133,-2.289,-3.216,-0.0932,-0.0506,0.1877
PHC,2019-07-29,6.79,6.79,6.63,6.79,106790,6.83,6.93,7.0,-0.6649,-2.044,-3.0535,0.1707,0.0826,0.1901
PHC,2019-07-30,6.84,6.87,6.65,6.73,126690,6.81,6.91,6.99,-1.06,-2.6275,-3.6844,-0.0337,-0.0157,0.1836
PHC,2019-07-31,6.73,6.73,6.71,6.73,151970,6.78,6.9,6.98,-0.7483,-2.4012,-3.5812,0.1978,0.1002,0.1896
PHC,2019-08-01,6.76,6.84,6.71,6.73,200580,6.77,6.88,6.98,-0.5132,-2.1739,-3.4852,-0.1574,-0.076,0.1946
PHC,2019-08-02,6.79,6.79,6.68,6.79,291500,6.77,6.87,6.97,0.2367,-1.2058,-2.6373,0.3851,0.1691,0.2267
PHC,2019-08-05,6.84,6.84,6.63,6.71,290990,6.77,6.85,6.96,-0.908,-2.1442,-3.6912,-0.0889,-0.0373,0.2295
PHC,2019-08-06,6.57,6.68,6.52,6.68,69020,6.76,6.84,6.96,-1.1858,-2.3247,-3.9644,0.091,0.041,0.1563
PHC,2019-08-07,6.71,6.73,6.65,6.71,91250,6.75,6.82,6.95,-0.6334,-1.7228,-3.4764,0.0468,0.0231,0.1343
PHC,2019-08-08,6.71,6.73,6.65,6.71,159580,6.74,6.81,6.94,-0.4363,-1.5107,-3.3872,0.0689,0.0342,0.1334
PHC,2019-08-09,6.68,6.73,6.68,6.71,104230,6.73,6.79,6.94,-0.3177,-1.2588,-3.2979,0.0,0.0,0.124
PHC,2019-08-12,6.71,6.71,6.65,6.68,114970,6.72,6.77,6.93,-0.5569,-1.4001,-3.6089,0.0,0.0,0.107
PHC,2019-08-13,6.65,6.68,6.57,6.68,102540,6.71,6.76,6.92,-0.4777,-1.1663,-3.5345,0.1589,0.076,0.1195
PHC,2019-08-14,6.68,6.68,6.63,6.68,128390,6.71,6.75,6.92,-0.3984,-0.9705,-3.46,0.2103,0.0942,0.1207
PHC,2019-08-15,6.57,6.68,6.57,6.68,75350,6.7,6.73,6.91,-0.319,-0.8133,-3.3854,0.0875,0.0442,0.1137
PHC,2019-08-16,6.68,6.68,6.6,6.65,153870,6.69,6.73,6.91,-0.5194,-1.1317,-3.69,0.071,0.0295,0.0823
PHC,2019-08-19,6.63,6.68,6.6,6.63,113620,6.68,6.72,6.9,-0.8,-1.4505,-4.0025,-0.072,-0.0379,0.0806
PHC,2019-08-20,6.63,6.65,6.6,6.6,91430,6.67,6.72,6.9,-1.0812,-1.7306,-4.3228,-0.1319,-0.0711,0.0847
PHC,2019-08-21,6.6,6.63,6.55,6.55,163060,6.66,6.7,6.89,-1.6459,-2.332,-5.0019,-0.1936,-0.1001,0.0994
PHC,2019-08-22,6.55,6.81,6.49,6.73,152240,6.66,6.7,6.89,1.1236,0.5386,-2.2118,0.1094,0.0491,0.1035
PHC,2019-08-23,6.76,6.79,6.71,6.73,218470,6.66,6.69,6.88,1.0831,0.5788,-2.1283,-0.1086,-0.0502,0.1143
PHC,2019-08-26,6.73,6.73,6.6,6.68,97110,6.66,6.69,6.87,0.2808,-0.1398,-2.7994,0.023,0.0136,0.1166
PHC,2019-08-27,6.71,6.71,6.63,6.68,144090,6.66,6.69,6.86,0.2808,-0.0999,-2.6859,0.0551,0.0282,0.1062
PHC,2019-08-28,6.68,6.68,6.55,6.63,103990,6.66,6.68,6.85,-0.4416,-0.8199,-3.3139,0.0342,0.0188,0.0886
PHC,2019-08-29,6.65,6.65,6.6,6.63,84800,6.65,6.68,6.84,-0.3616,-0.7405,-3.1856,-0.0,-0.0,0.0799
PHC,2019-08-30,6.63,6.68,6.57,6.68,221390,6.65,6.67,6.83,0.4016,0.1402,-2.2674,0.3265,0.1736,0.1054
PHC,2019-09-03,6.65,6.68,6.6,6.65,153580,6.66,6.67,6.82,-0.0402,-0.2204,-2.5059,0.0653,0.0368,0.1048
PHC,2019-09-04,6.68,6.68,6.52,6.6,113150,6.66,6.66,6.81,-0.843,-0.9622,-3.122,0.0,0.0,0.0916
PHC,2019-09-05,6.63,6.71,6.63,6.68,251250,6.67,6.66,6.8,0.1603,0.2607,-1.8222,0.1624,0.0886,0.0884
PHC,2019-09-06,6.73,6.73,6.63,6.73,119830,6.67,6.66,6.8,0.9616,1.0425,-0.9356,0.2257,0.1317,0.1001
PHC,2019-09-09,6.71,6.73,6.63,6.68,191830,6.66,6.66,6.79,0.2406,0.2607,-1.6058,0.0,0.0,0.0892
PHC,2019-09-10,6.71,6.73,6.63,6.71,203190,6.67,6.66,6.78,0.6012,0.6416,-1.0876,0.1528,0.079,0.1022
PHC,2019-09-11,6.71,6.73,6.68,6.71,81850,6.67,6.66,6.77,0.5609,0.6214,-1.0018,0.0,0.0,0.0967
PHC,2019-09-12,6.68,6.73,6.52,6.71,184010,6.68,6.67,6.77,0.4402,0.6012,-0.9002,0.1904,0.0983,0.1123
PHC,2019-09-13,6.71,6.73,6.63,6.71,307880,6.68,6.67,6.76,0.3197,0.5811,-0.7983,0.2165,0.1145,0.134
PHC,2019-09-16,6.71,6.73,6.63,6.71,168340,6.69,6.67,6.75,0.2797,0.5408,-0.6963,0.1104,0.057,0.1124
PHC,2019-09-17,6.65,6.71,6.63,6.63,304190,6.68,6.67,6.75,-0.8794,-0.661,-1.7667,-0.4227,-0.2049,0.1481
PHC,2019-09-18,6.71,7.08,6.65,7.08,482630,6.73,6.69,6.75,5.1588,5.7674,4.9339,0.6481,0.3423,0.2129
PHC,2019-09-19,7.13,7.24,7.03,7.11,353530,6.78,6.72,6.75,4.8895,5.7233,5.2964,-0.1036,-0.0686,0.207
PHC,2019-09-20,7.16,7.16,6.95,6.97,394850,6.8,6.73,6.75,2.554,3.5508,3.3254,-0.2994,-0.1027,0.2144
PHC,2019-09-23,6.84,6.97,6.79,6.87,201790,6.82,6.74,6.75,0.7053,1.8629,1.7983,-0.0375,-0.0213,0.2181
PHC,2019-09-24,6.79,6.87,6.71,6.81,228670,6.83,6.75,6.74,-0.2348,0.9701,1.0701,0.1309,0.073,0.2159
PHC,2019-09-25,6.84,7.0,6.84,6.92,318860,6.85,6.76,6.74,1.0141,2.3716,2.68,0.0,0.0,0.216
PHC,2019-09-26,6.95,7.05,6.89,6.97,296100,6.88,6.78,6.74,1.3986,2.8977,3.4646,-0.0,-0.0,0.1969
PHC,2019-09-27,6.95,7.05,6.89,7.0,237310,6.91,6.8,6.74,1.354,3.0077,3.8282,0.1021,0.0555,0.1855
PHC,2019-09-30,7.03,7.16,7.03,7.11,258000,6.95,6.82,6.75,2.3076,4.2523,5.3048,0.0626,0.0361,0.1807
PHC,2019-10-01,7.16,7.35,7.13,7.24,364100,7.01,6.85,6.76,3.3169,5.7562,7.1232,0.0,0.0,0.1384
PHC,2019-10-02,7.32,7.69,7.11,7.64,453890,7.06,6.9,6.78,8.1694,10.7668,12.7582,0.5133,0.2955,0.1249
PHC,2019-10-03,7.67,7.67,7.4,7.51,343150,7.1,6.94,6.79,5.6788,8.1809,10.5603,-0.0757,-0.045,0.1222
PHC,2019-10-04,7.51,7.59,7.43,7.59,263560,7.17,6.98,6.81,5.8911,8.6665,11.4949,0.3102,0.1858,0.1232
PHC,2019-10-07,7.53,7.59,7.4,7.45,302480,7.22,7.02,6.82,3.1804,6.1643,9.3174,-0.1621,-0.0944,0.1357
PHC,2019-10-08,7.37,7.8,7.29,7.72,615820,7.32,7.07,6.84,5.5516,9.1803,12.926,0.5022,0.3313,0.1728
PHC,2019-10-09,7.78,7.78,7.56,7.64,339710,7.39,7.12,6.86,3.4358,7.3372,11.4575,-0.1177,-0.0765,0.1846
PHC,2019-10-10,7.67,7.78,7.61,7.69,392610,7.46,7.17,6.88,3.1519,7.3426,11.9229,0.0,0.0,0.1846
PHC,2019-10-11,7.59,7.69,7.53,7.61,345360,7.52,7.21,6.89,1.2433,5.5555,10.4736,-0.0,-0.0,0.1744
PHC,2019-10-14,7.64,7.78,7.61,7.69,460480,7.58,7.26,6.91,1.5157,5.9408,11.3431,0.0,0.0,0.1681
PHC,2019-10-15,7.67,7.67,7.45,7.64,415220,7.62,7.31,6.93,0.2805,4.4749,10.2714,0.5369,0.3532,0.2218
PHC,2019-10-16,7.67,7.75,7.64,7.67,533050,7.62,7.34,6.95,0.5959,4.4206,10.3422,-0.4566,-0.2683,0.2161
PHC,2019-10-17,7.59,7.67,7.56,7.59,275490,7.63,7.37,6.97,-0.5603,2.9918,8.9123,-0.2321,-0.1243,0.2318
PHC,2019-10-18,7.59,7.67,7.51,7.59,259790,7.63,7.4,6.98,-0.5603,2.5641,8.6374,-0.0,-0.0,0.2008
PHC,2019-10-21,8.07,8.07,7.66,7.79,375060,7.66,7.44,7.01,1.5927,4.5901,11.1282,-0.2149,-0.1596,0.2061
PHC,2019-10-22,7.69,7.82,7.6,7.63,324390,7.65,7.49,7.03,-0.3204,1.9388,8.6108,-0.3561,-0.2096,0.1915
PHC,2019-10-23,7.66,7.66,7.47,7.54,221180,7.64,7.52,7.04,-1.4062,0.2775,7.0198,-0.1189,-0.0823,0.1916
PHC,2019-10-24,7.44,7.6,7.44,7.57,251090,7.63,7.55,7.06,-0.8342,0.2952,7.1915,0.2882,0.1404,0.2204
PHC,2019-10-25,7.51,7.57,7.44,7.57,177650,7.63,7.57,7.08,-0.7734,-0.0807,6.9224,0.3247,0.1915,0.2528
PHC,2019-10-28,7.57,7.63,7.57,7.6,121400,7.62,7.6,7.1,-0.2398,0.0056,7.0761,-0.0,-0.0,0.2528
PHC,2019-10-29,7.63,7.63,7.54,7.57,124240,7.61,7.62,7.12,-0.5527,-0.6183,6.355,-0.0687,-0.0434,0.206
PHC,2019-10-30,7.6,7.63,7.47,7.57,261530,7.6,7.61,7.14,-0.4216,-0.5703,6.0663,0.0875,0.048,0.1691
PHC,2019-10-31,7.6,7.63,7.51,7.6,181660,7.6,7.62,7.16,-0.0264,-0.221,6.1893,0.1234,0.0792,0.1583
PHC,2019-11-01,7.6,7.63,7.51,7.51,222340,7.59,7.61,7.17,-1.1485,-1.3945,4.6577,-0.2829,-0.1217,0.1865
PHC,2019-11-04,7.54,7.75,7.51,7.57,385370,7.57,7.62,7.19,-0.0411,-0.6502,5.2811,-0.2145,-0.1265,0.1865
PHC,2019-11-05,7.6,7.6,7.47,7.51,212050,7.56,7.61,7.2,-0.7005,-1.3281,4.1751,-0.1458,-0.0714,0.1655
PHC,2019-11-06,7.51,7.51,7.35,7.44,215410,7.55,7.6,7.22,-1.4027,-2.0194,3.092,0.0617,0.0349,0.1597
PHC,2019-11-07,7.35,7.47,7.35,7.41,146380,7.53,7.58,7.24,-1.6122,-2.2475,2.4376,0.0,0.0,0.1309
PHC,2019-11-08,7.32,7.47,7.32,7.44,254550,7.52,7.57,7.25,-1.0352,-1.7258,2.6361,0.2372,0.1355,0.1222
PHC,2019-11-11,7.54,7.54,7.35,7.47,240520,7.51,7.56,7.27,-0.4562,-1.1708,2.8402,0.1127,0.0729,0.1334
PHC,2019-11-12,7.41,7.47,7.41,7.44,219050,7.5,7.55,7.28,-0.7063,-1.4536,2.1893,-0.0,-0.0,0.1266
PHC,2019-11-13,7.47,7.51,7.44,7.44,114890,7.48,7.54,7.3,-0.541,-1.3067,1.9531,-0.1364,-0.0828,0.1315
PHC,2019-11-14,7.47,7.51,7.38,7.44,172630,7.47,7.53,7.32,-0.3336,-1.212,1.7402,-0.0,-0.0,0.1191
PHC,2019-11-15,7.41,7.47,7.35,7.41,151630,7.46,7.53,7.33,-0.6263,-1.5104,1.1268,0.0,0.0,0.0908
PHC,2019-11-18,7.41,7.51,7.35,7.41,158360,7.44,7.51,7.34,-0.4184,-1.2653,0.925,-0.0488,-0.0268,0.0743
PHC,2019-11-19,7.41,7.44,7.35,7.44,173430,7.44,7.5,7.36,0.0837,-0.7269,1.146,0.3095,0.1511,0.0906
PHC,2019-11-20,7.44,7.44,7.35,7.44,65250,7.44,7.49,7.37,0.0837,-0.665,0.9438,0.1058,0.0635,0.095
PHC,2019-11-21,7.32,7.41,7.23,7.35,189180,7.43,7.48,7.39,-1.0897,-1.769,-0.497,0.0847,0.0385,0.1035
PHC,2019-11-22,7.41,7.44,7.19,7.23,244690,7.41,7.47,7.4,-2.48,-3.2123,-2.3207,-0.2075,-0.1262,0.1005
PHC,2019-11-25,7.23,7.26,7.07,7.19,186480,7.38,7.44,7.41,-2.5317,-3.3675,-2.8699,0.1119,0.0594,0.1005
PHC,2019-11-26,7.23,7.26,7.16,7.16,116370,7.35,7.42,7.42,-2.5836,-3.5235,-3.4304,-0.2236,-0.0996,0.1228
PHC,2019-11-27,7.19,7.29,7.13,7.16,147370,7.33,7.4,7.42,-2.2109,-3.2597,-3.4519,-0.154,-0.0876,0.1246
PHC,2019-11-28,7.19,7.19,7.07,7.13,87160,7.29,7.38,7.42,-2.2203,-3.3754,-3.8781,0.0,0.0,0.1246
PHC,2019-11-29,7.16,7.16,7.07,7.1,132050,7.26,7.36,7.42,-2.2299,-3.5329,-4.3307,-0.0764,-0.0385,0.1322
PHC,2019-12-02,7.19,7.23,6.98,7.04,184320,7.23,7.33,7.43,-2.5862,-4.034,-5.2139,-0.1104,-0.0572,0.1384
PHC,2019-12-03,6.85,7.26,6.85,7.07,151450,7.19,7.31,7.43,-1.6464,-3.3219,-4.8601,0.0177,0.0083,0.1092
PHC,2019-12-04,7.07,7.1,7.04,7.07,75940,7.15,7.29,7.43,-1.1324,-3.0742,-4.8984,0.0,0.0,0.0986
PHC,2019-12-05,7.1,7.1,6.95,7.04,159710,7.12,7.28,7.44,-1.1374,-3.2535,-5.334,0.0695,0.0289,0.0971
PHC,2019-12-06,7.04,7.07,6.98,7.07,110530,7.1,7.26,7.44,-0.4822,-2.5751,-4.9328,0.2212,0.1124,0.0985
PHC,2019-12-09,7.1,7.1,6.95,7.04,117580,7.09,7.23,7.44,-0.703,-2.712,-5.3342,0.0329,0.0176,0.0906
PHC,2019-12-10,6.98,7.07,6.98,6.98,65640,7.07,7.21,7.43,-1.3215,-3.2606,-6.1051,-0.119,-0.0598,0.0801
PHC,2019-12-11,6.88,6.95,6.66,6.85,161810,7.04,7.18,7.41,-2.6549,-4.5967,-7.5854,0.0936,0.0497,0.0741
PHC,2019-12-12,6.88,6.88,6.79,6.85,130250,7.01,7.15,7.4,-2.2657,-4.202,-7.4215,0.0761,0.0383,0.0817
PHC,2019-12-13,6.88,6.98,6.82,6.85,208970,6.99,7.12,7.39,-1.9171,-3.8251,-7.2369,-0.1822,-0.1026,0.0923
PHC,2019-12-16,6.79,6.85,6.73,6.85,232990,6.97,7.1,7.37,-1.654,-3.4452,-7.0852,0.3781,0.2285,0.119
PHC,2019-12-17,6.88,6.91,6.73,6.85,108010,6.95,7.07,7.36,-1.3453,-3.041,-6.8655,0.0442,0.0328,0.1217
PHC,2019-12-18,6.79,6.85,6.73,6.79,71470,6.92,7.03,7.34,-1.846,-3.4758,-7.4979,0.0,0.0,0.1217
PHC,2019-12-19,6.79,6.82,6.7,6.76,68090,6.89,7.0,7.32,-1.8987,-3.5127,-7.6866,0.0,0.0,0.1147
PHC,2019-12-20,6.76,6.79,6.63,6.7,146020,6.85,6.98,7.3,-2.2727,-4.0393,-8.3073,-0.0414,-0.0226,0.0968
PHC,2019-12-23,6.73,6.98,6.63,6.63,142300,6.81,6.95,7.28,-2.6063,-4.5486,-8.8955,-0.1754,-0.0893,0.111
PHC,2019-12-24,6.7,6.79,6.6,6.63,123830,6.78,6.92,7.26,-2.114,-4.1836,-8.6426,-0.1364,-0.0788,0.1127
PHC,2019-12-25,6.66,6.73,6.6,6.66,137120,6.76,6.9,7.24,-1.3824,-3.386,-7.9592,0.0,0.0,0.1034
PHC,2019-12-26,6.66,6.82,6.66,6.79,255700,6.75,6.88,7.23,0.5535,-1.3352,-6.0316,0.2578,0.1696,0.1216
PHC,2019-12-27,6.85,7.04,6.73,7.04,261590,6.77,6.88,7.21,3.9558,2.3319,-2.4349,0.423,0.2805,0.1456
PHC,2019-12-30,7.1,7.13,6.98,7.04,274760,6.79,6.88,7.2,3.6697,2.3319,-2.2323,-0.0765,-0.0421,0.1155
PHC,2019-12-31,7.01,7.04,6.79,7.01,167610,6.8,6.88,7.19,2.9749,1.9253,-2.4961,0.2159,0.1262,0.1326
PHC,2020-01-02,7.04,7.13,6.95,7.04,163900,6.83,6.87,7.18,3.0551,2.4014,-1.9268,-0.0,-0.0,0.1326
PHC,2020-01-03,7.1,7.1,6.95,6.95,180370,6.85,6.87,7.16,1.4097,1.1108,-3.0603,-0.2634,-0.1615,0.159
PHC,2020-01-06,6.98,7.04,6.85,6.95,51480,6.87,6.86,7.15,1.0421,1.2026,-2.8915,0.0,0.0,0.1548
PHC,2020-01-07,6.95,7.04,6.91,6.95,126170,6.9,6.86,7.14,0.5864,1.2716,-2.7136,-0.1156,-0.0695,0.1489
PHC,2020-01-08,6.98,6.98,6.85,6.91,35410,6.93,6.85,7.13,-0.2695,0.8633,-2.972,0.0,0.0,0.1352
PHC,2020-01-09,6.95,6.95,6.82,6.85,63040,6.95,6.85,7.11,-1.4337,-0.0454,-3.6524,-0.053,-0.0299,0.1405
PHC,2020-01-10,6.88,6.88,6.63,6.7,171430,6.94,6.85,7.09,-3.5442,-2.206,-5.6024,-0.0992,-0.0618,0.1247
PHC,2020-01-13,6.7,6.76,6.7,6.7,33930,6.91,6.84,7.08,-3.0658,-2.0947,-5.3864,-0.0599,-0.0366,0.0884
PHC,2020-01-14,6.73,6.82,6.7,6.73,104330,6.88,6.83,7.06,-2.174,-1.5497,-4.7199,-0.0842,-0.0498,0.0891
PHC,2020-01-15,6.73,6.73,6.66,6.73,38060,6.85,6.83,7.04,-1.7736,-1.4599,-4.5093,0.066,0.0394,0.0741
PHC,2020-01-16,6.73,6.88,6.73,6.85,182790,6.83,6.83,7.03,0.3192,0.3192,-2.5773,0.1528,0.0977,0.0894
PHC,2020-01-17,6.88,7.04,6.79,6.98,215220,6.83,6.84,7.02,2.0967,1.9805,-0.6827,0.1852,0.0999,0.0816
PHC,2020-01-20,7.01,7.1,6.88,6.91,226560,6.83,6.85,7.01,1.2312,0.9091,-1.4209,-0.2905,-0.1659,0.1106
PHC,2020-01-21,6.95,6.98,6.85,6.91,113530,6.83,6.87,7.0,1.2774,0.7032,-1.2631,0.0,0.0,0.0991
PHC,2020-01-22,6.91,6.91,6.73,6.91,105970,6.83,6.88,6.99,1.2774,0.498,-1.1135,0.1486,0.0863,0.1139
PHC,2020-01-30,6.85,6.85,6.7,6.7,43330,6.81,6.88,6.98,-1.6918,-2.6929,-4.0264,-0.0454,-0.0243,0.1132
PHC,2020-01-31,6.63,6.76,6.54,6.54,96820,6.8,6.87,6.96,-3.758,-4.7835,-6.015,-0.0599,-0.0345,0.1092
PHC,2020-02-03,6.45,6.6,6.22,6.54,40760,6.78,6.84,6.94,-3.537,-4.4369,-5.7789,0.0178,0.0113,0.105
PHC,2020-02-04,6.57,6.63,6.26,6.51,39740,6.76,6.82,6.92,-3.6866,-4.5226,-5.9829,0.0118,0.0073,0.0978
PHC,2020-02-05,6.54,6.57,6.45,6.51,73710,6.74,6.79,6.9,-3.3749,-4.1724,-5.7284,0.0,0.0,0.0912
PHC,2020-02-06,6.51,6.54,6.26,6.54,102750,6.71,6.77,6.89,-2.4617,-3.3594,-5.029,0.0765,0.0423,0.0836
PHC,2020-02-07,6.54,6.54,6.35,6.51,101720,6.66,6.75,6.87,-2.2451,-3.5087,-5.2498,0.0722,0.0408,0.0723
PHC,2020-02-10,6.38,6.54,6.29,6.54,121710,6.62,6.73,6.86,-1.223,-2.7553,-4.6062,0.2051,0.1271,0.0637
PHC,2020-02-11,6.57,6.79,6.54,6.66,141250,6.6,6.71,6.85,1.0388,-0.696,-2.6387,0.0,0.0,0.0637
PHC,2020-02-12,6.7,6.79,6.66,6.66,158960,6.57,6.7,6.84,1.4218,-0.5113,-2.4968,-0.1725,-0.1047,0.0661
PHC,2020-02-13,6.73,6.73,6.6,6.63,49290,6.57,6.69,6.82,1.0436,-0.8149,-2.8019,-0.0324,-0.0207,0.0648
PHC,2020-02-14,6.63,6.76,6.57,6.57,105350,6.57,6.68,6.81,0.0473,-1.6547,-3.5562,-0.1641,-0.0952,0.0752
PHC,2020-02-17,6.57,6.6,6.54,6.54,61170,6.57,6.67,6.8,-0.4268,-2.0066,-3.855,-0.0989,-0.0554,0.0833
PHC,2020-02-18,6.54,6.79,6.54,6.63,128910,6.58,6.67,6.79,0.8045,-0.5371,-2.3653,-0.0433,-0.0246,0.0865
PHC,2020-02-19,6.6,6.63,6.6,6.63,8020,6.59,6.66,6.79,0.614,-0.4673,-2.2398,0.0117,0.0076,0.0877
PHC,2020-02-20,6.63,6.73,6.57,6.7,94240,6.61,6.66,6.78,1.3195,0.5848,-1.213,0.0536,0.0369,0.0854
PHC,2020-02-21,6.7,6.7,6.57,6.7,47670,6.63,6.64,6.77,1.0338,0.797,-1.1131,0.0547,0.0352,0.0836
PHC,2020-02-24,6.57,6.6,6.51,6.54,5920,6.63,6.62,6.76,-1.3158,-1.2694,-3.2615,-0.0011,-0.0007,0.0632
PHC,2020-02-25,6.35,6.6,6.35,6.6,38840,6.62,6.61,6.75,-0.2822,-0.0942,-2.214,0.0274,0.0191,0.066
PHC,2020-02-26,6.6,6.63,6.48,6.57,29620,6.61,6.59,6.74,-0.6124,-0.3072,-2.5585,0.0065,0.0046,0.0494
PHC,2020-02-27,6.6,6.66,6.51,6.66,29240,6.61,6.59,6.74,0.7534,1.1343,-1.1181,0.0278,0.0173,0.0489
PHC,2020-02-28,6.54,6.6,6.51,6.6,24570,6.62,6.59,6.74,-0.2353,0.1417,-1.9698,0.0204,0.0155,0.0345
PHC,2020-03-02,6.6,6.66,6.6,6.66,50230,6.63,6.6,6.73,0.5167,0.9911,-0.99,0.033,0.0255,0.0279
PHC,2020-03-03,6.48,6.73,6.48,6.7,27440,6.64,6.61,6.73,0.8916,1.3195,-0.4814,0.0166,0.013,0.0253
PHC,2020-03-04,6.73,6.79,6.6,6.6,38930,6.63,6.61,6.72,-0.4695,-0.1648,-1.7973,-0.0248,-0.02,0.0266
PHC,2020-03-05,6.57,6.66,6.54,6.63,38820,6.63,6.62,6.72,0.0939,0.2353,-1.2884,0.0128,0.0098,0.0225
PHC,2020-03-06,6.57,6.6,6.54,6.6,26120,6.62,6.62,6.72,-0.2353,-0.3056,-1.7062,0.033,0.0226,0.0203
PHC,2020-03-09,6.48,6.48,6.23,6.35,10290,6.6,6.61,6.71,-3.7281,-3.9321,-5.3188,0.0,0.0,0.0202
PHC,2020-03-10,6.29,6.42,6.29,6.42,22720,6.58,6.6,6.71,-2.5082,-2.8072,-4.3284,0.0186,0.0118,0.0193
PHC,2020-03-11,6.63,6.63,6.22,6.42,27400,6.57,6.59,6.7,-2.277,-2.6234,-4.2661,-0.0009,-0.0006,0.0188
PHC,2020-03-12,6.35,6.35,5.97,6.35,47730,6.53,6.57,6.7,-2.7645,-3.3633,-5.1074,0.0232,0.0154,0.0183
PHC,2020-03-13,6.22,6.22,5.91,6.22,131340,6.5,6.56,6.68,-4.2095,-5.1012,-6.9035,0.0778,0.0494,0.0241
PHC,2020-03-16,6.35,6.35,6.1,6.21,13030,6.45,6.54,6.67,-3.7273,-5.0521,-6.8589,-0.0014,-0.001,0.0209
PHC,2020-03-17,6.22,6.22,6.11,6.2,1350,6.4,6.52,6.65,-3.0845,-4.8347,-6.7188,0.0007,0.0004,0.0193
PHC,2020-03-18,6.23,6.23,5.92,6.2,5450,6.36,6.5,6.63,-2.4772,-4.5199,-6.4929,0.0035,0.0027,0.0172
PHC,2020-03-19,6.2,6.2,5.77,6.17,40300,6.31,6.47,6.62,-2.3477,-4.707,-6.8113,0.0252,0.0185,0.0184
PHC,2020-03-20,6.17,6.17,5.92,6.17,23390,6.27,6.44,6.6,-1.6687,-4.3155,-6.5915,0.0183,0.011,0.017
PHC,2020-03-23,6.16,6.16,5.74,6.14,32480,6.25,6.42,6.59,-1.824,-4.4988,-6.8347,0.0133,0.0096,0.0183
PHC,2020-03-24,5.89,6.1,5.89,6.1,15940,6.22,6.4,6.57,-1.8331,-4.6135,-7.0702,0.0129,0.0087,0.0177
PHC,2020-03-25,6.15,6.23,6.1,6.12,16730,6.19,6.38,6.55,-1.1576,-4.0782,-6.6541,-0.0119,-0.0066,0.0188
PHC,2020-03-26,6.12,6.12,5.92,6.1,5760,6.16,6.35,6.54,-0.96,-3.8508,-6.631,0.0043,0.0028,0.0169
PHC,2020-03-27,6.1,6.11,5.89,6.1,27060,6.15,6.32,6.53,-0.7695,-3.472,-6.4617,0.0245,0.0165,0.0116
PHC,2020-03-30,5.89,6.1,5.68,6.1,46340,6.14,6.3,6.51,-0.5984,-3.0423,-6.2918,0.0338,0.0281,0.0148
PHC,2020-03-31,6.1,6.1,5.73,6.1,20300,6.13,6.27,6.5,-0.5283,-2.679,-6.2063,0.022,0.0216,0.017
PHC,2020-04-01,6.1,6.1,5.94,6.1,23060,6.12,6.24,6.49,-0.2646,-2.1907,-5.9302,0.0225,0.0182,0.0189
PHC,2020-04-03,6.1,6.12,5.95,6.1,20010,6.11,6.21,6.47,-0.163,-1.774,-5.713,0.0138,0.0094,0.0177
PHC,2020-04-06,6.1,6.12,5.92,6.1,23220,6.11,6.19,6.46,-0.0612,-1.3787,-5.4583,0.0105,0.0065,0.017
PHC,2020-04-07,6.14,6.2,6.05,6.17,77330,6.11,6.18,6.44,0.907,-0.2218,-4.2721,0.0317,0.021,0.0188
PHC,2020-04-08,6.14,6.17,6.03,6.17,25890,6.12,6.17,6.43,0.8043,-0.0203,-4.0494,0.0189,0.0121,0.0194
PHC,2020-04-09,6.1,6.54,6.1,6.54,22050,6.16,6.17,6.42,6.1785,5.9322,1.8844,0.0157,0.0113,0.0198
PHC,2020-04-10,6.48,6.48,6.23,6.29,58820,6.18,6.17,6.41,1.8248,1.9481,-1.8732,-0.0291,-0.0211,0.0223
PHC,2020-04-13,6.35,6.35,5.98,6.26,38010,6.19,6.17,6.41,1.066,1.4128,-2.2734,0.0196,0.0123,0.0218
PHC,2020-04-14,6.29,6.29,6.03,6.04,32960,6.19,6.16,6.4,-2.3555,-1.9855,-5.5299,-0.0234,-0.0161,0.0207
PHC,2020-04-15,6.1,6.21,5.98,6.13,48170,6.19,6.16,6.39,-0.9961,-0.5106,-4.0525,0.0108,0.007,0.0196
PHC,2020-04-16,6.13,6.23,6.13,6.17,80250,6.2,6.16,6.38,-0.4926,0.1263,-3.3638,-0.0205,-0.0122,0.0194
PHC,2020-04-17,6.23,6.29,6.13,6.19,92240,6.21,6.16,6.37,-0.3212,0.4146,-2.9629,-0.0173,-0.0114,0.0198
PHC,2020-04-20,6.17,6.19,6.14,6.17,90490,6.21,6.16,6.37,-0.7221,0.1112,-3.152,0.0054,0.0036,0.0193
PHC,2020-04-21,6.18,6.18,6.14,6.14,27380,6.21,6.16,6.36,-1.1739,-0.3944,-3.5184,-0.0104,-0.0074,0.0171
PHC,2020-04-22,6.17,6.17,6.04,6.04,5880,6.2,6.16,6.35,-2.5739,-1.9578,-4.8974,-0.0045,-0.0028,0.0157
PHC,2020-04-23,6.07,6.1,6.04,6.07,51640,6.15,6.15,6.33,-1.2258,-1.3158,-4.1298,0.0046,0.003,0.0146
PHC,2020-04-24,6.08,6.1,6.01,6.08,48980,6.13,6.15,6.32,-0.7828,-1.1946,-3.8632,0.02,0.0124,0.0137
PHC,2020-04-27,6.1,6.23,6.07,6.13,30380,6.11,6.15,6.31,0.2445,-0.4049,-2.9395,-0.0061,-0.0033,0.0123
PHC,2020-04-28,6.13,6.21,6.07,6.17,20160,6.13,6.16,6.31,0.6506,0.1517,-2.2319,0.0086,0.0051,0.0108
PHC,2020-04-29,6.18,6.18,6.1,6.16,30600,6.13,6.16,6.3,0.498,0.0001,-2.1837,0.0147,0.0084,0.0112
PHC,2020-05-04,6.17,6.17,6.07,6.15,19450,6.13,6.16,6.29,0.3253,-0.2375,-2.2307,0.0097,0.0067,0.0101
PHC,2020-05-05,6.15,6.15,5.98,5.98,29720,6.11,6.16,6.27,-2.0908,-2.8684,-4.6882,-0.0436,-0.0211,0.0128
PHC,2020-05-06,6.04,6.16,6.0,6.04,59090,6.09,6.15,6.26,-0.8686,-1.8069,-3.4941,-0.0217,-0.011,0.0144
PHC,2020-05-07,6.1,6.19,6.05,6.17,137650,6.1,6.15,6.25,1.1235,0.2176,-1.3866,0.0828,0.0474,0.0216
PHC,2020-05-08,6.2,6.22,6.14,6.16,69810,6.11,6.15,6.24,0.8156,0.1216,-1.3466,-0.0158,-0.0091,0.0227
PHC,2020-05-11,5.79,6.18,5.79,6.04,61430,6.11,6.13,6.23,-1.0709,-1.4027,-3.0775,0.012,0.0064,0.0235
PHC,2020-05-12,6.04,6.07,5.95,6.04,45910,6.1,6.12,6.22,-1.0103,-1.2018,-2.8834,0.0133,0.007,0.0228
PHC,2020-05-13,6.09,6.15,6.05,6.11,84110,6.1,6.11,6.21,0.143,0.0409,-1.6265,0.0087,0.0051,0.0231
PHC,2020-05-14,6.12,6.14,6.04,6.07,27840,6.09,6.11,6.2,-0.317,-0.5965,-2.0416,-0.0071,-0.0041,0.0229
PHC,2020-05-15,6.1,6.11,5.92,5.98,41380,6.07,6.1,6.19,-1.5587,-2.0058,-3.3252,-0.0087,-0.0054,0.0223
PHC,2020-05-18,6.04,6.04,5.92,6.02,14690,6.06,6.09,6.17,-0.6371,-1.1753,-2.4376,0.0074,0.0042,0.0221
PHC,2020-05-19,6.04,6.05,5.98,5.98,63430,6.06,6.08,6.16,-1.3564,-1.7249,-2.9382,-0.0404,-0.0225,0.0218
PHC,2020-05-20,6.03,6.04,5.94,5.98,42090,6.06,6.08,6.15,-1.2549,-1.5738,-2.7415,-0.0061,-0.003,0.0202
PHC,2020-05-21,5.98,6.0,5.95,5.98,10930,6.04,6.07,6.14,-0.9493,-1.4475,-2.6231,0.0011,0.0006,0.012
PHC,2020-05-22,5.98,5.99,5.93,5.98,30630,6.02,6.06,6.13,-0.652,-1.402,-2.4846,0.0133,0.0085,0.0118
PHC,2020-05-25,5.97,6.04,5.94,5.99,31880,6.01,6.06,6.12,-0.4558,-1.2282,-2.246,-0.003,-0.0017,0.0109
PHC,2020-05-26,6.01,6.05,5.99,6.01,43520,6.01,6.06,6.12,0.0103,-0.7611,-1.7292,-0.0102,-0.0058,0.0106
PHC,2020-05-27,6.06,6.06,5.92,6.02,42770,6.0,6.05,6.11,0.3632,-0.4684,-1.4613,0.0076,0.0041,0.0105
PHC,2020-05-28,6.04,6.04,6.01,6.02,35180,6.0,6.04,6.11,0.3532,-0.4483,-1.501,-0.02,-0.0109,0.0118
PHC,2020-05-29,6.03,6.03,5.98,6.02,4430,6.0,6.04,6.11,0.3841,-0.2322,-1.3407,0.0025,0.0017,0.0112
PHC,2020-06-01,6.02,6.35,5.98,6.35,50270,6.03,6.05,6.11,5.3067,5.0572,4.0159,0.0262,0.0182,0.013
PHC,2020-06-02,6.48,6.54,6.22,6.54,63750,6.09,6.08,6.12,7.4059,7.6481,6.9442,0.027,0.0188,0.0117
PHC,2020-06-03,6.54,6.54,6.29,6.35,90170,6.13,6.09,6.12,3.7007,4.3052,3.8253,-0.0246,-0.0195,0.0135
PHC,2020-06-04,6.35,6.38,6.22,6.35,117620,6.16,6.1,6.12,3.072,4.1454,3.7514,0.0347,0.0226,0.0169
PHC,2020-06-05,6.35,6.38,6.26,6.35,82460,6.2,6.11,6.13,2.4508,3.9809,3.667,0.0168,0.0135,0.0173
PHC,2020-06-08,6.38,6.57,6.35,6.42,133690,6.24,6.13,6.13,2.7432,4.6802,4.5813,-0.0224,-0.0172,0.0192
PHC,2020-06-09,6.54,6.66,6.29,6.51,218400,6.29,6.15,6.14,3.4142,5.8014,5.9645,0.0183,0.0119,0.02
PHC,2020-06-10,6.51,6.95,6.35,6.95,379020,6.39,6.19,6.16,8.7486,12.1279,12.7538,0.1771,0.1292,0.037
PHC,2020-06-11,7.32,7.35,6.98,6.98,377350,6.48,6.24,6.18,7.6199,11.8156,12.9397,-0.0769,-0.0545,0.0426
PHC,2020-06-12,6.73,7.13,6.73,7.07,249020,6.59,6.29,6.2,7.3286,12.3318,14.0933,0.0431,0.0363,0.0467
PHC,2020-06-15,7.07,7.1,6.66,6.7,133840,6.62,6.33,6.21,1.1288,5.8279,7.8559,-0.0472,-0.0304,0.0488
PHC,2020-06-16,6.76,6.95,6.66,6.73,151660,6.64,6.36,6.22,1.3132,5.6958,8.1405,-0.0478,-0.0338,0.0509
PHC,2020-06-17,6.76,6.82,6.57,6.73,210530,6.68,6.4,6.23,0.7462,5.0787,7.9244,0.0371,0.0306,0.0521
PHC,2020-06-18,6.7,6.73,6.54,6.7,87770,6.71,6.44,6.24,-0.232,4.0104,7.2426,0.0578,0.0385,0.0545
PHC,2020-06-19,6.7,6.85,6.6,6.82,292020,6.76,6.48,6.26,0.9217,5.2582,9.0095,0.0987,0.0712,0.0627
PHC,2020-06-22,6.85,6.88,6.66,6.85,310510,6.8,6.52,6.26,0.7326,5.037,9.3983,0.142,0.1102,0.0746
PHC,2020-06-23,6.85,7.16,6.82,7.16,327400,6.87,6.58,6.28,4.3084,8.85,14.0534,0.2103,0.1784,0.0938
PHC,2020-06-24,7.35,7.38,6.85,6.85,281330,6.86,6.62,6.29,-0.0908,3.4661,8.8893,-0.1561,-0.1275,0.0917
PHC,2020-06-25,6.79,6.98,6.73,6.98,193700,6.86,6.67,6.31,1.7258,4.5899,10.5409,0.1338,0.1156,0.0974
PHC,2020-06-26,7.04,7.1,6.85,6.98,180910,6.85,6.72,6.33,1.8645,3.848,10.245,0.0,0.0,0.0931
PHC,2020-06-29,6.85,6.85,6.73,6.79,72130,6.86,6.74,6.34,-0.9991,0.7393,7.0811,0.0,0.0,0.0884
PHC,2020-06-30,6.88,6.91,6.7,6.7,165040,6.85,6.75,6.35,-2.3171,-0.7616,5.4376,-0.1481,-0.1111,0.0984
PHC,2020-07-01,6.63,7.13,6.63,7.04,247890,6.89,6.78,6.37,2.2161,3.7887,10.5285,0.1209,0.0862,0.1068
PHC,2020-07-02,7.13,7.13,6.85,7.07,189820,6.92,6.82,6.39,2.1143,3.7003,10.6929,0.1611,0.1001,0.1171
PHC,2020-07-03,7.1,7.13,7.01,7.07,130510,6.95,6.85,6.41,1.7481,3.1584,10.3356,0.0,0.0,0.1072
PHC,2020-07-06,7.13,7.13,7.01,7.04,122410,6.97,6.88,6.43,1.0281,2.2393,9.5194,-0.0683,-0.0378,0.0999
PHC,2020-07-07,7.07,7.1,6.98,6.98,138040,6.95,6.91,6.44,0.4035,0.9919,8.2482,-0.1084,-0.0728,0.0897
PHC,2020-07-08,6.91,7.04,6.91,7.01,122310,6.96,6.91,6.46,0.6261,1.397,8.4358,0.0782,0.0509,0.0819
PHC,2020-07-09,7.04,7.13,7.04,7.04,153120,6.97,6.91,6.48,0.983,1.8017,8.6245,-0.1116,-0.0805,0.0797
PHC,2020-07-10,6.98,7.04,6.82,6.98,163960,6.97,6.91,6.5,0.0894,0.9692,7.3929,0.0776,0.0488,0.0874
PHC,2020-07-13,7.01,7.13,6.98,7.01,103680,6.99,6.92,6.51,0.2227,1.1918,7.5876,-0.0695,-0.044,0.0944
PHC,2020-07-14,6.98,7.07,6.91,7.04,153380,7.03,6.94,6.53,0.1773,1.4135,7.7154,0.0818,0.061,0.0877
PHC,2020-07-15,7.1,7.16,7.04,7.07,207720,7.03,6.96,6.55,0.576,1.6115,7.8529,-0.0728,-0.0537,0.0829
PHC,2020-07-16,7.07,7.1,6.95,6.98,221480,7.02,6.97,6.57,-0.6211,0.0671,6.1652,-0.1158,-0.0683,0.0784
PHC,2020-07-17,6.98,7.04,6.88,6.98,180240,7.01,6.98,6.59,-0.4886,-0.0446,5.9022,0.0335,0.0224,0.0817
PHC,2020-07-20,6.98,7.04,6.91,6.98,162600,7.0,6.99,6.61,-0.4001,-0.1337,5.6027,0.0,0.0,0.0749
PHC,2020-07-21,7.01,7.07,6.85,6.98,119900,7.0,6.98,6.62,-0.4001,0.0,5.3048,0.0189,0.0115,0.066
PHC,2020-07-22,7.01,7.01,6.85,6.85,100170,6.99,6.98,6.64,-1.9608,-1.7857,3.1934,-0.0923,-0.0568,0.0674
PHC,2020-07-23,6.91,6.95,6.7,6.7,98890,6.95,6.96,6.65,-3.717,-3.8247,0.6592,-0.0928,-0.0584,0.0655
PHC,2020-07-24,6.66,6.82,6.45,6.45,109110,6.9,6.94,6.66,-6.5885,-7.0498,-3.2222,-0.0473,-0.0363,0.0625
PHC,2020-07-27,6.26,6.35,6.0,6.35,92830,6.84,6.91,6.67,-7.0615,-8.1081,-4.7192,0.0292,0.0205,0.0584
PHC,2020-07-28,6.42,6.79,6.42,6.79,209660,6.81,6.92,6.68,-0.3201,-1.8682,1.5729,0.1006,0.0697,0.0603
PHC,2020-07-29,6.66,6.66,6.32,6.54,113050,6.76,6.89,6.7,-3.2258,-5.1277,-2.3183,0.0251,0.0171,0.0555
PHC,2020-07-30,6.57,6.66,6.54,6.66,116880,6.73,6.87,6.71,-0.9259,-3.0358,-0.661,0.1657,0.1114,0.0605
PHC,2020-07-31,6.6,6.76,6.38,6.73,157000,6.7,6.86,6.72,0.3717,-1.8852,0.0444,0.1491,0.0913,0.0721
PHC,2020-08-03,6.66,6.85,6.63,6.73,140520,6.68,6.84,6.74,0.7462,-1.6618,-0.1757,-0.0124,-0.009,0.0733
PHC,2020-08-04,6.79,6.85,6.73,6.76,115090,6.66,6.83,6.75,1.5443,-1.0488,0.0646,-0.0428,-0.0333,0.0757
PHC,2020-08-05,6.76,6.85,6.63,6.85,127820,6.66,6.82,6.77,2.9481,0.4337,1.1997,0.0947,0.0584,0.076
PHC,2020-08-06,6.85,6.85,6.73,6.79,112020,6.66,6.81,6.79,1.8691,-0.2973,0.0514,0.0,0.0,0.0667
PHC,2020-08-07,6.91,6.91,6.7,6.82,174410,6.7,6.8,6.8,1.7659,0.2748,0.2748,0.0236,0.015,0.0643
PHC,2020-08-10,6.82,7.01,6.79,6.88,155750,6.76,6.8,6.81,1.8902,1.2832,1.0331,-0.0173,-0.0108,0.0631
PHC,2020-08-11,6.95,6.98,6.79,6.82,140840,6.76,6.78,6.82,0.9217,0.5279,0.0366,-0.0863,-0.06,0.0617
PHC,2020-08-12,6.85,6.85,6.76,6.79,70260,6.78,6.77,6.83,0.0918,0.2759,-0.5475,-0.0234,-0.0155,0.0615
PHC,2020-08-13,6.82,6.82,6.7,6.82,132850,6.8,6.76,6.84,0.3207,0.852,-0.2277,0.117,0.0705,0.0567
PHC,2020-08-14,6.85,6.91,6.73,6.88,128600,6.81,6.76,6.85,1.0054,1.8433,0.5276,0.0705,0.0487,0.0488
PHC,2020-08-17,6.91,6.91,6.73,6.82,79750,6.82,6.75,6.85,-0.0456,1.0381,-0.4997,0.0,0.0,0.0476
PHC,2020-08-18,6.79,6.91,6.79,6.85,105820,6.83,6.74,6.86,0.2735,1.5932,-0.1453,0.0,0.0,0.0433
PHC,2020-08-19,6.79,6.85,6.79,6.82,108150,6.83,6.74,6.86,-0.1368,1.1548,-0.563,0.0,0.0,0.0338
PHC,2020-08-20,6.79,6.85,6.7,6.76,89680,6.83,6.75,6.85,-1.0036,0.1847,-1.4084,-0.015,-0.0089,0.0353
PHC,2020-08-21,6.76,6.85,6.66,6.76,57630,6.82,6.76,6.85,-0.9132,-0.046,-1.3188,0.0,0.0,0.033
PHC,2020-08-24,6.79,6.85,6.7,6.7,103040,6.8,6.78,6.85,-1.5568,-1.2176,-2.2283,-0.0608,-0.0418,0.0373
PHC,2020-08-25,6.76,6.79,6.66,6.73,104100,6.79,6.78,6.85,-0.9629,-0.7125,-1.7736,-0.0,-0.0,0.0287
PHC,2020-08-26,6.76,6.79,6.66,6.73,52390,6.79,6.78,6.85,-0.872,-0.8493,-1.7736,-0.0,-0.0,0.0263
PHC,2020-08-27,6.73,6.73,6.63,6.73,127990,6.78,6.79,6.85,-0.7353,-0.8948,-1.7825,0.0904,0.0541,0.0237
PHC,2020-08-28,6.7,6.7,6.63,6.7,96480,6.76,6.79,6.85,-0.9217,-1.3309,-2.2016,0.0482,0.0304,0.0214
PHC,2020-08-31,6.6,6.7,6.6,6.66,93100,6.74,6.78,6.84,-1.1547,-1.7447,-2.6033,0.0173,0.0111,0.0232
PHC,2020-09-01,6.66,6.79,6.66,6.66,117810,6.72,6.78,6.83,-0.88,-1.677,-2.4612,-0.0817,-0.0417,0.0313
PHC,2020-09-03,6.63,6.7,6.63,6.7,106910,6.71,6.77,6.83,-0.232,-1.104,-1.9608,0.0709,0.0383,0.0384
PHC,2020-09-04,6.6,6.7,6.48,6.7,102400,6.71,6.77,6.82,-0.1393,-1.0357,-1.8803,0.0679,0.0328,0.0437
PHC,2020-09-07,6.66,6.7,6.6,6.7,65260,6.7,6.76,6.82,-0.0465,-0.9445,-1.7996,0.0256,0.0154,0.0463
PHC,2020-09-08,6.63,6.7,6.6,6.66,93590,6.7,6.75,6.82,-0.4651,-1.2459,-2.2206,0.0213,0.012,0.0423
PHC,2020-09-09,6.51,6.66,6.51,6.66,83350,6.69,6.74,6.82,-0.3724,-1.1319,-2.2116,0.0497,0.0282,0.0473
PHC,2020-09-10,6.57,6.7,6.54,6.66,62430,6.68,6.73,6.81,-0.2796,-1.0404,-2.1043,0.0229,0.0133,0.0496
PHC,2020-09-11,6.54,6.63,6.54,6.63,71770,6.67,6.73,6.8,-0.6067,-1.3661,-2.4368,0.0505,0.032,0.0456
PHC,2020-09-14,6.66,6.66,6.51,6.51,65370,6.66,6.71,6.79,-2.1993,-2.9487,-4.1108,-0.0333,-0.0201,0.0441
PHC,2020-09-15,6.54,6.63,6.51,6.57,110970,6.65,6.69,6.78,-1.1247,-1.8377,-3.0599,-0.0,-0.0,0.0424
PHC,2020-09-16,6.6,6.63,6.57,6.57,57840,6.64,6.68,6.77,-0.9855,-1.6318,-2.944,-0.0367,-0.0251,0.0379
PHC,2020-09-17,6.6,6.6,6.48,6.48,68100,6.61,6.66,6.76,-2.0716,-2.7811,-4.174,-0.0407,-0.0236,0.0349
PHC,2020-09-18,6.54,6.54,6.26,6.48,75320,6.59,6.65,6.75,-1.7478,-2.5762,-4.0148,0.0231,0.0135,0.0304
PHC,2020-09-21,6.54,6.54,6.38,6.51,141470,6.57,6.64,6.74,-0.9947,-1.9239,-3.4196,0.0368,0.0224,0.0315
PHC,2020-09-22,6.54,6.54,6.48,6.54,20670,6.56,6.63,6.73,-0.3322,-1.339,-2.8228,0.0107,0.0062,0.0304
PHC,2020-09-23,6.54,6.73,6.51,6.73,113570,6.57,6.63,6.72,2.4182,1.4799,0.0462,0.0813,0.0434,0.0336
PHC,2020-09-24,6.66,6.88,6.6,6.79,210540,6.58,6.63,6.72,3.1708,2.3714,1.0569,0.0457,0.0265,0.0359
PHC,2020-09-25,6.98,7.26,6.95,7.16,625450,6.63,6.65,6.72,7.9813,7.6527,6.5604,0.1441,0.0913,0.0452
PHC,2020-09-28,7.29,7.35,7.13,7.26,327990,6.71,6.68,6.73,8.1709,8.5994,7.8604,0.0239,0.0158,0.0443
PHC,2020-09-29,7.38,7.41,7.07,7.07,266510,6.76,6.7,6.73,4.6084,5.4833,5.0537,-0.0841,-0.0519,0.0527
PHC,2020-09-30,7.1,7.13,6.95,7.04,208560,6.8,6.72,6.73,3.4325,4.7266,4.5715,-0.0,-0.0,0.049
PHC,2020-10-01,7.04,7.13,6.98,7.1,308630,6.87,6.74,6.74,3.4014,5.3361,5.4189,0.1011,0.0669,0.0551
PHC,2020-10-02,7.16,7.16,6.85,6.98,337430,6.92,6.76,6.74,0.8555,3.2735,3.4834,-0.0367,-0.0254,0.0565
PHC,2020-10-05,7.07,7.23,6.95,7.1,417110,6.98,6.78,6.75,1.7857,4.8035,5.1272,0.02,0.013,0.0548
PHC,2020-10-06,7.19,7.23,6.98,7.1,279900,7.03,6.8,6.77,0.9743,4.4673,4.8951,-0.0,-0.0,0.0537
PHC,2020-10-07,7.17,7.2,7.07,7.07,220050,7.07,6.82,6.77,0.004,3.6566,4.3031,-0.0758,-0.0467,0.0531
PHC,2020-10-08,6.96,7.07,6.96,7.0,177790,7.09,6.83,6.78,-1.254,2.4047,3.156,-0.0273,-0.0164,0.0513
PHC,2020-10-09,7.0,7.07,6.96,7.0,180670,7.07,6.85,6.79,-1.0238,2.1322,3.0547,-0.0375,-0.0232,0.0406
PHC,2020-10-12,7.0,7.03,6.77,6.79,123840,7.02,6.87,6.79,-3.2873,-1.0623,0.0189,-0.0415,-0.0219,0.0424
PHC,2020-10-13,6.83,6.83,6.62,6.76,123360,6.99,6.88,6.79,-3.3462,-1.6941,-0.4932,0.0289,0.0155,0.0369
PHC,2020-10-14,6.78,6.8,6.66,6.66,126230,6.96,6.88,6.79,-4.1995,-3.1492,-1.873,-0.0519,-0.0282,0.0421
PHC,2020-10-15,6.61,6.76,6.57,6.76,173000,6.92,6.89,6.79,-2.3459,-1.9605,-0.4384,0.0679,0.037,0.0387
PHC,2020-10-16,6.77,6.8,6.75,6.77,175570,6.9,6.91,6.79,-1.9496,-2.0661,-0.331,-0.0374,-0.0193,0.0388
PHC,2020-10-19,6.76,6.8,6.62,6.66,118980,6.86,6.92,6.79,-2.908,-3.7502,-1.8929,-0.0422,-0.0218,0.041
PHC,2020-10-20,6.66,6.66,6.64,6.65,74750,6.81,6.92,6.78,-2.3657,-3.9252,-1.9262,-0.0139,-0.0069,0.0424
PHC,2020-10-21,6.68,6.68,6.57,6.63,37690,6.77,6.92,6.78,-2.0379,-4.1536,-2.1732,0.0008,0.0005,0.0349
PHC,2020-10-22,6.55,6.79,6.55,6.79,130920,6.75,6.92,6.78,0.5971,-1.8814,0.1448,0.0613,0.0286,0.0383
PHC,2020-10-23,6.79,6.83,6.79,6.79,197010,6.73,6.9,6.78,0.9137,-1.6136,0.1548,-0.1041,-0.0442,0.045
PHC,2020-10-26,6.76,6.79,6.76,6.77,69780,6.72,6.87,6.77,0.65,-1.5605,-0.113,-0.011,-0.0057,0.0419
PHC,2020-10-27,6.46,6.77,6.46,6.73,82060,6.72,6.86,6.77,0.1829,-1.816,-0.591,0.0238,0.0136,0.0414
PHC,2020-10-28,6.73,6.76,6.66,6.66,50220,6.72,6.84,6.77,-0.9247,-2.6404,-1.6434,-0.0172,-0.0095,0.038
PHC,2020-10-29,6.38,6.66,6.38,6.6,151740,6.7,6.81,6.76,-1.5993,-3.1813,-2.4865,0.0436,0.0224,0.0355
PHC,2020-10-30,6.62,6.73,6.49,6.62,126160,6.69,6.79,6.76,-0.98,-2.5275,-2.0435,0.0077,0.0035,0.0326
PHC,2020-11-02,6.76,6.76,6.62,6.62,262800,6.68,6.77,6.76,-0.9294,-2.1834,-2.0042,-0.1661,-0.0893,0.045
PHC,2020-11-03,6.69,6.75,6.64,6.64,159640,6.68,6.75,6.76,-0.6129,-1.5482,-1.6858,-0.1052,-0.0532,0.0541
PHC,2020-11-04,6.64,6.66,6.62,6.63,78850,6.68,6.73,6.76,-0.8171,-1.4313,-1.8595,-0.0335,-0.0194,0.0574
PHC,2020-11-05,6.59,6.66,6.59,6.64,143180,6.67,6.71,6.75,-0.4913,-1.0636,-1.732,0.0312,0.0171,0.0544
PHC,2020-11-06,6.59,6.69,6.57,6.68,192790,6.66,6.69,6.75,0.3794,-0.1173,-1.0118,0.1599,0.0808,0.0599
PHC,2020-11-09,6.68,6.68,6.66,6.68,35930,6.65,6.69,6.75,0.503,-0.0357,-1.0083,0.0183,0.009,0.0607
PHC,2020-11-10,6.73,6.75,6.68,6.69,144120,6.65,6.68,6.75,0.6677,0.1175,-0.9148,-0.0444,-0.0225,0.0627
PHC,2020-11-11,6.7,6.7,6.66,6.67,203640,6.65,6.68,6.75,0.339,-0.194,-1.2198,-0.0753,-0.036,0.0685
PHC,2020-11-12,6.67,6.74,6.67,6.74,258580,6.66,6.68,6.75,1.1478,0.8429,-0.2215,0.1343,0.0765,0.0776
PHC,2020-11-13,6.75,6.81,6.73,6.81,182890,6.68,6.68,6.76,1.9824,1.9303,0.8552,0.092,0.0516,0.086
PHC,2020-11-16,6.86,6.93,6.77,6.8,265700,6.7,6.69,6.76,1.5084,1.6171,0.6221,-0.0553,-0.0291,0.0749
PHC,2020-11-17,6.82,6.9,6.79,6.9,224340,6.72,6.7,6.76,2.5484,2.8565,1.9667,0.0751,0.0426,0.0719
PHC,2020-11-18,6.9,6.9,6.83,6.86,158180,6.75,6.72,6.77,1.6898,2.1705,1.403,0.0,0.0,0.0686
PHC,2020-11-19,6.86,7.03,6.79,7.03,303740,6.79,6.73,6.77,3.6114,4.5208,3.8127,0.1414,0.0661,0.0796
PHC,2020-11-20,7.17,7.17,6.96,7.03,170640,6.82,6.74,6.78,3.0825,4.3303,3.6906,-0.0229,-0.0124,0.0659
PHC,2020-11-23,7.03,7.07,6.83,6.9,154900,6.84,6.75,6.79,0.7682,2.206,1.5612,-0.0285,-0.0149,0.0669
PHC,2020-11-24,6.93,6.93,6.78,6.83,152510,6.86,6.75,6.79,-0.4282,1.1225,0.4799,-0.0311,-0.0144,0.0656
PHC,2020-11-25,6.9,6.9,6.75,6.79,196220,6.87,6.76,6.8,-1.1929,0.4192,-0.1863,-0.0385,-0.0193,0.0619
PHC,2020-11-26,6.79,6.79,6.68,6.79,158240,6.87,6.77,6.81,-1.2616,0.2774,-0.2768,0.0661,0.0339,0.0551
PHC,2020-11-27,6.79,6.9,6.79,6.9,284330,6.88,6.78,6.81,0.2083,1.6863,1.2041,0.1305,0.0678,0.0589
PHC,2020-11-30,6.93,7.0,6.9,6.96,218150,6.9,6.8,6.82,0.9601,2.4354,2.0699,0.0262,0.0135,0.056
PHC,2020-12-01,6.9,7.03,6.9,7.0,240950,6.91,6.82,6.83,1.3046,2.6694,2.4327,0.0305,0.0168,0.0516
PHC,2020-12-02,7.0,7.03,6.93,7.0,261000,6.92,6.83,6.84,1.1048,2.3925,2.3515,0.0364,0.0204,0.0552
PHC,2020-12-03,6.9,7.0,6.86,7.0,236830,6.92,6.85,6.84,1.1547,2.1222,2.289,0.0898,0.0545,0.0501
PHC,2020-12-04,7.0,7.1,6.86,7.1,282470,6.93,6.87,6.84,2.5338,3.3027,3.8048,0.1098,0.0621,0.0587
PHC,2020-12-07,7.1,7.2,7.0,7.2,193980,6.96,6.9,6.84,3.5531,4.3985,5.3184,0.0752,0.043,0.0634
PHC,2020-12-08,7.17,7.17,7.03,7.1,299660,6.98,6.92,6.84,1.6817,2.6096,3.8116,-0.0,-0.0,0.0603
PHC,2020-12-09,7.1,7.31,7.1,7.27,361000,7.03,6.95,6.84,3.4081,4.622,6.2348,0.0816,0.0489,0.0646
PHC,2020-12-10,7.27,7.34,7.17,7.27,241020,7.08,6.98,6.85,2.7001,4.2227,6.1818,0.0129,0.0077,0.0593
PHC,2020-12-11,7.34,7.34,7.17,7.27,238550,7.12,7.0,6.85,2.1583,3.8822,6.0904,0.0171,0.0084,0.048
PHC,2020-12-14,7.2,7.31,7.0,7.07,210390,7.13,7.01,6.85,-0.8621,0.7642,3.1122,-0.0419,-0.019,0.0495
PHC,2020-12-15,7.07,7.1,6.9,7.0,327910,7.13,7.02,6.85,-1.8199,-0.2821,2.1466,0.0,0.0,0.0465
PHC,2020-12-16,6.9,7.27,6.9,7.1,364940,7.14,7.03,6.85,-0.5261,1.0052,3.6311,0.0114,0.0065,0.044
PHC,2020-12-17,7.03,7.1,6.93,7.03,220940,7.14,7.03,6.85,-1.5296,0.0341,2.6245,0.014,0.0071,0.0364
PHC,2020-12-18,7.03,7.17,7.03,7.17,299860,7.15,7.04,6.86,0.2866,1.8775,4.5651,0.0946,0.0525,0.0349
PHC,2020-12-21,7.2,7.27,7.13,7.2,286330,7.15,7.05,6.86,0.764,2.1395,4.9375,-0.0,-0.0,0.0274
PHC,2020-12-22,7.24,7.51,7.1,7.51,524240,7.19,7.09,6.88,4.4634,5.9832,9.1746,0.1341,0.0827,0.0408
PHC,2020-12-23,7.61,7.95,7.54,7.72,515320,7.23,7.13,6.9,6.6541,8.165,11.8103,-0.0201,-0.0134,0.0346
PHC,2020-12-24,7.75,7.89,7.41,7.65,313110,7.27,7.18,6.92,5.1644,6.5652,10.5366,0.0,0.0,0.0333
PHC,2020-12-25,7.72,8.16,7.51,8.16,829070,7.36,7.24,6.95,10.8534,12.7092,17.4655,0.2032,0.1291,0.0519
PHC,2020-12-28,8.3,8.6,8.19,8.6,765440,7.51,7.32,6.98,14.4934,17.5099,23.1647,0.24,0.1635,0.0718
PHC,2020-12-29,8.6,8.6,8.4,8.6,306750,7.67,7.4,7.02,12.0996,16.2361,22.4799,0.1121,0.0635,0.083
PHC,2020-12-30,8.67,8.81,8.67,8.74,433460,7.84,7.49,7.07,11.4983,16.7085,23.6811,0.0,0.0,0.0818
PHC,2020-12-31,8.81,8.81,8.19,8.53,424650,7.99,7.56,7.1,6.8376,12.8159,20.1877,0.0194,0.0108,0.0824
PHC,2021-01-04,8.6,8.6,7.99,8.26,288100,8.1,7.62,7.13,2.0237,8.3744,15.8605,-0.0095,-0.0055,0.0738
PHC,2021-01-05,8.23,8.53,8.19,8.43,313400,8.22,7.68,7.16,2.5748,9.7291,17.7043,0.0415,0.0255,0.078
PHC,2021-01-06,8.47,8.53,8.33,8.33,247100,8.3,7.75,7.2,0.3289,7.5363,15.7583,-0.0829,-0.046,0.0729
PHC,2021-01-07,8.33,8.43,8.19,8.3,257900,8.36,7.8,7.23,-0.7759,6.3922,14.7612,-0.0078,-0.0047,0.0717
PHC,2021-01-08,8.33,8.4,8.23,8.36,282900,8.43,7.85,7.26,-0.8097,6.5217,15.1424,0.0526,0.0319,0.0769
PHC,2021-01-11,8.4,8.47,8.33,8.43,225400,8.46,7.91,7.3,-0.3228,6.6034,15.507,0.0264,0.0153,0.0592
PHC,2021-01-12,8.5,8.88,8.4,8.84,588000,8.48,8.0,7.34,4.2254,10.5421,20.3867,0.1564,0.0929,0.0509
PHC,2021-01-13,8.98,9.01,8.74,8.74,347900,8.5,8.09,7.39,2.8526,8.0853,18.317,-0.085,-0.0521,0.0482
PHC,2021-01-14,8.64,8.88,8.57,8.88,386100,8.51,8.17,7.43,4.292,8.5822,19.4392,0.096,0.0618,0.0578
PHC,2021-01-15,8.88,8.91,8.67,8.71,229400,8.53,8.26,7.47,2.0817,5.4155,16.4937,-0.0467,-0.0284,0.0605
PHC,2021-01-18,8.67,8.67,8.33,8.64,370700,8.57,8.33,7.51,0.8369,3.6673,14.9791,0.0698,0.0415,0.0665
PHC,2021-01-19,8.67,8.71,8.06,8.6,172400,8.58,8.4,7.55,0.2386,2.3973,13.9425,0.0179,0.0118,0.0642
PHC,2021-01-20,8.64,8.64,8.06,8.33,42100,8.58,8.44,7.58,-2.9435,-1.3344,9.8485,-0.0006,-0.0004,0.0559
PHC,2021-01-21,8.47,8.53,8.23,8.33,121000,8.59,8.47,7.62,-2.9821,-1.6922,9.3699,-0.0089,-0.0049,0.056
PHC,2021-01-22,8.33,8.4,8.19,8.26,63000,8.58,8.5,7.65,-3.6624,-2.8502,8.0416,-0.0067,-0.0037,0.0515
PHC,2021-01-25,8.23,8.33,8.16,8.26,161500,8.56,8.51,7.68,-3.4702,-2.9087,7.6341,0.0092,0.0049,0.0497
PHC,2021-01-26,8.26,8.26,7.85,7.95,98100,8.47,8.48,7.7,-6.0862,-6.1619,3.3205,-0.0124,-0.0074,0.0353
PHC,2021-01-27,7.92,8.12,7.41,7.51,104500,8.35,8.42,7.71,-10.0205,-10.8229,-2.5998,-0.0151,-0.0086,0.0283
PHC,2021-01-28,7.17,7.24,7.0,7.0,30900,8.16,8.33,7.71,-14.2259,-16.0352,-9.2727,-0.0048,-0.0024,0.0192
PHC,2021-01-29,6.83,7.24,6.68,7.1,74800,8.0,8.26,7.71,-11.2249,-14.0674,-7.9614,0.0095,0.0045,0.0155
PHC,2021-02-01,7.27,7.27,6.81,7.1,77600,7.84,8.21,7.72,-9.4865,-13.4596,-7.9776,0.0043,0.0024,0.009
PHC,2021-02-02,7.1,7.13,6.83,7.13,65800,7.7,8.14,7.72,-7.3171,-12.3506,-7.5924,0.0166,0.008,0.0088
PHC,2021-02-03,7.13,7.17,7.1,7.17,67000,7.58,8.08,7.73,-5.448,-11.2988,-7.2323,0.0163,0.0083,0.0104
PHC,2021-02-04,7.13,7.2,7.03,7.1,103500,7.46,8.02,7.73,-4.8055,-11.4894,-8.1905,-0.0112,-0.005,0.0106
PHC,2021-02-05,7.13,7.2,7.03,7.1,90600,7.34,7.96,7.74,-3.3008,-10.7871,-8.265,-0.0065,-0.0031,0.0106
PHC,2021-02-08,7.1,7.2,7.0,7.13,44900,7.23,7.89,7.75,-1.322,-9.6216,-7.8808,0.0048,0.0023,0.0101
PHC,2021-02-09,7.1,7.2,7.03,7.17,56900,7.15,7.81,7.75,0.2387,-8.2168,-7.4889,0.0107,0.0049,0.01
PHC,2021-02-17,7.27,7.65,7.24,7.65,208900,7.17,7.76,7.76,6.7175,-1.4084,-1.4865,0.05,0.0238,0.0135
PHC,2021-02-18,7.75,7.82,7.61,7.65,90600,7.23,7.69,7.78,5.7602,-0.6211,-1.6508,-0.0224,-0.0095,0.0152
PHC,2021-02-19,7.48,7.68,7.48,7.61,72800,7.28,7.64,7.79,4.5476,-0.3574,-2.2444,0.011,0.0052,0.0154
PHC,2021-02-22,7.68,7.68,7.58,7.65,106900,7.34,7.59,7.8,4.2346,0.7421,-1.9436,0.014,0.0069,0.0163
PHC,2021-02-23,7.72,7.72,7.61,7.72,101900,7.39,7.55,7.81,4.3398,2.2393,-1.1979,0.0372,0.0193,0.0184
PHC,2021-02-24,7.82,7.85,7.51,7.61,61600,7.44,7.51,7.82,2.3405,1.3636,-2.6371,-0.0082,-0.0044,0.0176
PHC,2021-02-25,7.72,7.75,7.27,7.65,74000,7.49,7.48,7.83,2.0501,2.2831,-2.2943,0.0209,0.01,0.0186
PHC,2021-02-26,7.65,7.68,7.48,7.68,39000,7.55,7.45,7.83,1.7178,3.14,-1.9608,0.0103,0.0052,0.019
PHC,2021-03-01,7.85,7.85,7.68,7.82,91300,7.62,7.42,7.85,2.5985,5.2873,-0.3569,0.012,0.0064,0.0197
PHC,2021-03-02,7.82,7.82,7.61,7.82,137300,7.68,7.42,7.86,1.7325,5.3842,-0.5473,0.0518,0.0253,0.0238
PHC,2021-03-03,7.82,8.06,7.58,8.06,230700,7.73,7.45,7.88,4.2864,8.2072,2.2176,0.0755,0.0441,0.0263
PHC,2021-03-04,8.12,8.19,7.78,7.82,118900,7.74,7.49,7.9,0.97,4.4231,-0.9944,-0.0308,-0.0164,0.0272
PHC,2021-03-05,7.82,7.82,7.61,7.75,47100,7.76,7.52,7.91,-0.088,3.0647,-2.0369,0.0039,0.002,0.0265
PHC,2021-03-08,7.82,8.26,7.78,8.26,313900,7.82,7.58,7.93,5.6769,9.0336,4.1488,0.0917,0.054,0.0342
PHC,2021-03-09,8.19,8.53,8.19,8.53,187700,7.9,7.65,7.96,8.0381,11.6072,7.2317,0.0577,0.0316,0.0363
PHC,2021-03-10,8.53,8.64,8.36,8.36,143300,7.97,7.71,7.98,4.8802,8.5271,4.8622,-0.0496,-0.0288,0.0404
PHC,2021-03-11,8.36,8.53,8.36,8.43,320600,8.05,7.77,7.99,4.7055,8.4761,5.5285,-0.0196,-0.0117,0.0403
PHC,2021-03-12,8.53,8.53,8.4,8.47,255200,8.13,7.84,8.01,4.1142,7.9669,5.7388,-0.0,-0.0,0.0393
PHC,2021-03-15,8.47,8.53,8.4,8.43,115100,8.19,7.91,8.01,2.9167,6.6494,5.2408,-0.0177,-0.0107,0.0398
PHC,2021-03-16,8.43,8.53,8.33,8.43,200200,8.25,7.97,8.01,2.1506,5.8043,5.2856,0.0,0.0,0.0346
PHC,2021-03-17,8.43,8.5,8.33,8.47,92300,8.3,8.01,8.01,2.0576,5.6893,5.7479,0.0158,0.0094,0.0287
PHC,2021-03-18,8.5,8.5,8.43,8.43,103600,8.36,8.05,8.0,0.8987,4.7498,5.4025,-0.0361,-0.019,0.0292
PHC,2021-03-19,8.43,8.43,8.26,8.36,186300,8.42,8.09,8.0,-0.6488,3.4192,4.5936,0.011,0.0056,0.0299
PHC,2021-03-22,8.4,8.6,8.4,8.6,351000,8.45,8.14,8.0,1.777,5.749,7.4901,0.1215,0.0669,0.0329
PHC,2021-03-23,8.57,8.71,8.43,8.5,295200,8.45,8.17,8.0,0.606,3.9883,6.1924,-0.056,-0.0324,0.0327
PHC,2021-03-24,8.33,8.4,8.19,8.36,138600,8.45,8.21,8.01,-1.0101,1.8499,4.4776,0.0276,0.0154,0.0305
PHC,2021-03-25,8.4,8.53,8.16,8.53,352400,8.46,8.26,8.01,0.8878,3.3699,6.5462,0.1308,0.0761,0.0417
PHC,2021-03-26,8.6,8.6,8.23,8.57,326700,8.47,8.3,8.01,1.1689,3.2285,6.9177,0.0637,0.0392,0.048
PHC,2021-03-29,8.6,8.64,8.43,8.53,241900,8.48,8.34,8.02,0.6441,2.3751,6.4645,-0.0,-0.0,0.0463
PHC,2021-03-30,8.53,8.57,8.4,8.57,333600,8.49,8.37,8.01,0.8843,2.3237,6.9633,0.0932,0.0515,0.0556
PHC,2021-03-31,8.6,8.71,8.53,8.57,288000,8.5,8.4,8.01,0.7628,2.0118,7.0089,-0.0502,-0.0317,0.059
PHC,2021-04-01,8.53,8.57,8.4,8.57,177100,8.52,8.44,8.0,0.6012,1.5578,7.0911,0.0398,0.0211,0.0594
PHC,2021-04-02,8.67,8.67,8.5,8.6,376500,8.54,8.48,8.0,0.7194,1.4492,7.5452,0.0292,0.0159,0.0612
PHC,2021-04-05,8.71,9.18,8.57,9.18,783300,8.6,8.53,8.01,6.7884,7.7077,14.6437,0.2469,0.1544,0.0737
PHC,2021-04-06,9.29,9.29,8.94,9.15,389500,8.66,8.56,8.02,5.5949,6.922,14.062,0.0215,0.0138,0.0703
PHC,2021-04-07,9.15,9.42,8.94,9.32,554300,8.76,8.6,8.04,6.3913,8.3118,15.9039,0.0988,0.0545,0.0774
PHC,2021-04-08,9.42,9.42,9.11,9.11,314300,8.82,8.64,8.06,3.3681,5.5127,13.1356,-0.1201,-0.0759,0.0763
PHC,2021-04-09,9.05,9.15,8.98,9.05,352300,8.87,8.67,8.07,2.0408,4.3718,12.0697,-0.0247,-0.0144,0.0724
PHC,2021-04-12,9.11,9.25,9.05,9.22,371700,8.93,8.71,8.09,3.1715,5.8615,13.9144,0.0552,0.0344,0.078
PHC,2021-04-13,9.29,9.29,9.11,9.11,393400,8.99,8.74,8.11,1.4052,4.2765,12.3264,-0.0788,-0.0435,0.0765
PHC,2021-04-14,8.98,9.66,8.94,9.66,664200,9.1,8.8,8.16,6.1914,9.7751,18.4299,0.151,0.0855,0.0866
PHC,2021-04-15,9.73,9.9,9.59,9.73,806100,9.21,8.87,8.21,5.5946,9.742,18.4735,-0.0188,-0.0109,0.0845
PHC,2021-04-16,9.73,9.8,9.42,9.49,296800,9.3,8.92,8.26,2.0184,6.3708,14.8951,-0.0694,-0.0436,0.0885
PHC,2021-04-19,9.63,9.7,9.35,9.56,624700,9.34,8.97,8.31,2.3392,6.5651,15.0369,0.0296,0.0149,0.0668
PHC,2021-04-20,9.52,9.59,9.29,9.42,438200,9.37,9.02,8.35,0.5831,4.5058,12.7727,-0.0157,-0.0084,0.0662
PHC,2021-04-22,9.49,9.56,9.42,9.42,225300,9.38,9.07,8.4,0.4732,3.8961,12.1677,-0.0374,-0.0225,0.0601
PHC,2021-04-23,9.39,9.46,9.18,9.32,326800,9.4,9.11,8.44,-0.8354,2.3239,10.3655,0.0,0.0,0.0481
PHC,2021-04-26,9.42,9.42,9.22,9.22,220100,9.42,9.14,8.49,-2.103,0.8403,8.6081,-0.0548,-0.0269,0.0511
PHC,2021-04-27,9.25,9.25,9.01,9.05,143300,9.4,9.17,8.52,-3.7413,-1.3035,6.1189,-0.0375,-0.0203,0.0493
PHC,2021-04-28,9.01,9.25,8.98,9.15,421900,9.4,9.2,8.56,-2.687,-0.5012,6.824,0.0436,0.0216,0.0458
PHC,2021-04-29,9.22,9.63,9.22,9.59,512200,9.39,9.25,8.6,2.1076,3.7475,11.4991,0.1236,0.0658,0.043
PHC,2021-05-04,9.46,9.52,9.29,9.52,307000,9.37,9.29,8.64,1.6023,2.4793,10.2243,0.0722,0.0378,0.0484
PHC,2021-05-05,9.52,9.9,9.52,9.83,562300,9.41,9.36,8.69,4.4992,5.0903,13.1986,0.1046,0.0618,0.0519
PHC,2021-05-06,9.73,10.1,9.7,10.1,732600,9.46,9.4,8.73,6.7821,7.4801,15.6883,0.21,0.1186,0.0699
PHC,2021-05-07,10.04,10.17,9.83,10.0,417500,9.52,9.44,8.78,5.0555,5.91,13.9191,0.0,0.0,0.0684
PHC,2021-05-10,9.9,9.93,9.73,9.73,371400,9.55,9.46,8.82,1.8585,2.7953,10.277,-0.0887,-0.045,0.0735
PHC,2021-05-11,9.76,9.83,9.66,9.8,216600,9.6,9.5,8.87,2.0626,3.1447,10.5122,0.0323,0.0164,0.0767
PHC,2021-05-12,9.76,10.48,9.73,10.48,906900,9.73,9.57,8.92,7.7571,9.506,17.4715,0.1975,0.109,0.091
PHC,2021-05-13,10.48,10.55,10.34,10.38,412600,9.86,9.63,8.97,5.2632,7.7823,15.6597,-0.0625,-0.0357,0.0935
PHC,2021-05-14,10.45,10.58,10.41,10.58,514600,10.0,9.7,9.03,5.8021,9.0782,17.22,0.1542,0.0873,0.1046
PHC,2021-05-17,10.55,10.62,10.41,10.55,356500,10.1,9.75,9.08,4.4625,8.2312,16.2004,0.0311,0.0178,0.0953
PHC,2021-05-18,10.55,10.65,10.38,10.48,263400,10.19,9.78,9.13,2.8131,7.1179,14.7749,-0.0197,-0.0106,0.0901
PHC,2021-05-19,10.48,10.65,10.45,10.55,430400,10.27,9.84,9.19,2.7602,7.2358,14.8187,-0.0,-0.0,0.0796
PHC,2021-05-20,10.48,10.58,10.48,10.55,329200,10.31,9.89,9.23,2.3179,6.6989,14.2498,0.0239,0.0136,0.061
PHC,2021-05-21,10.55,10.72,10.45,10.58,500400,10.37,9.94,9.27,2.0744,6.4195,14.1133,0.0,0.0,0.061
PHC,2021-05-24,10.55,10.99,10.55,10.99,538200,10.49,10.02,9.33,4.7495,9.673,17.8624,0.1594,0.0923,0.0681
PHC,2021-05-25,11.06,11.23,10.99,11.2,500400,10.63,10.12,9.38,5.297,10.68,19.3509,0.1044,0.0664,0.0753
PHC,2021-05-26,11.2,11.27,11.06,11.06,360800,10.69,10.21,9.43,3.4483,8.3431,17.2469,-0.1008,-0.0634,0.0656
PHC,2021-05-27,11.06,11.06,10.45,10.51,186600,10.71,10.28,9.48,-1.7857,2.2576,10.967,-0.0483,-0.0268,0.0642
PHC,2021-05-28,10.51,10.51,9.8,10.31,382700,10.68,10.34,9.51,-3.4527,-0.2972,8.3758,0.0328,0.0166,0.052
PHC,2021-05-31,10.31,10.34,9.97,9.97,149800,10.62,10.36,9.54,-6.1395,-3.7732,4.4574,-0.0245,-0.0126,0.0514
PHC,2021-06-01,9.97,10.0,9.7,9.7,80000,10.54,10.37,9.57,-8.0311,-6.4867,1.3272,-0.02,-0.0099,0.0514
PHC,2021-06-02,9.66,9.7,9.56,9.7,118300,10.46,10.36,9.59,-7.2805,-6.4251,1.046,0.0249,0.0127,0.0539
PHC,2021-06-03,9.76,10.0,9.7,9.87,620100,10.39,10.35,9.62,-5.028,-4.6677,2.555,0.0123,0.0068,0.0527
PHC,2021-06-04,9.9,10.1,9.87,10.04,520600,10.33,10.35,9.65,-2.8741,-3.0343,3.9972,0.0415,0.0202,0.0569
PHC,2021-06-07,10.14,10.38,9.83,9.83,588000,10.22,10.36,9.68,-3.7755,-5.0602,1.5658,-0.1394,-0.0729,0.0549
PHC,2021-06-08,9.76,10.14,9.76,9.93,612800,10.09,10.36,9.71,-1.5561,-4.1344,2.3279,-0.0076,-0.0039,0.0452
PHC,2021-06-09,10.0,10.62,9.76,10.41,813900,10.03,10.36,9.74,3.8475,0.5108,6.8451,0.0933,0.0544,0.0445
PHC,2021-06-10,10.41,10.62,10.34,10.45,677400,10.02,10.36,9.78,4.259,0.8072,6.7765,-0.0365,-0.02,0.0433
PHC,2021-06-11,10.45,11.16,10.31,11.16,1092700,10.1,10.39,9.84,10.473,7.4244,13.5023,0.243,0.1308,0.0643
PHC,2021-06-14,11.27,11.74,11.23,11.64,1032200,10.27,10.45,9.9,13.3267,11.4379,17.6268,0.186,0.1177,0.0804
PHC,2021-06-15,11.64,11.85,11.4,11.54,816700,10.46,10.5,9.96,10.3493,9.9008,15.8963,-0.0731,-0.0435,0.0858
PHC,2021-06-16,11.5,11.68,11.33,11.54,762800,10.64,10.55,10.01,8.4376,9.3851,15.2168,0.0343,0.0209,0.0867
PHC,2021-06-17,11.5,11.85,11.27,11.81,896600,10.84,10.61,10.07,9.0107,11.3077,17.3279,0.1855,0.116,0.104
PHC,2021-06-18,11.95,12.26,11.27,12.08,1272700,11.04,10.69,10.13,9.462,13.081,19.3446,0.2089,0.1365,0.1207
PHC,2021-06-21,12.15,12.49,12.05,12.49,956000,11.31,10.76,10.19,10.5072,16.0983,22.6213,0.2849,0.1717,0.1353
PHC,2021-06-22,12.49,12.63,12.36,12.6,939800,11.57,10.83,10.26,8.8496,16.2938,22.7872,0.1882,0.1282,0.1534
PHC,2021-06-23,12.63,12.84,12.15,12.19,1004300,11.75,10.89,10.32,3.7187,11.9298,18.0711,-0.2695,-0.1737,0.171
PHC,2021-06-24,12.19,12.19,11.54,12.05,1141600,11.91,10.97,10.38,1.1751,9.9004,16.1108,0.2271,0.1324,0.1901
PHC,2021-06-25,11.95,12.26,11.95,12.15,510400,12.01,11.06,10.44,1.1938,9.9104,16.4159,0.0454,0.0271,0.1703
PHC,2021-06-28,12.05,12.49,12.05,12.49,963900,12.1,11.18,10.5,3.3023,11.7216,19.0399,0.2529,0.1535,0.177
PHC,2021-06-29,12.6,12.73,12.15,12.15,748200,12.16,11.31,10.54,-0.0281,7.4879,15.2551,-0.2544,-0.1612,0.1951
PHC,2021-06-30,11.68,12.19,11.68,12.05,448800,12.21,11.42,10.6,-1.2864,5.4833,13.7315,0.0549,0.0334,0.1972
PHC,2021-07-01,12.02,12.49,12.02,12.12,936000,12.24,11.54,10.65,-0.9763,5.0452,13.8259,-0.1198,-0.0705,0.1906
PHC,2021-07-02,12.22,12.49,12.12,12.49,1180300,12.28,11.66,10.71,1.7515,7.1585,16.6794,0.3089,0.199,0.2006
PHC,2021-07-05,12.53,12.87,12.39,12.56,1167800,12.29,11.8,10.77,2.2506,6.4969,16.6329,-0.0711,-0.0419,0.1792
PHC,2021-07-06,12.53,12.7,12.29,12.43,718600,12.27,11.92,10.83,1.2799,4.2383,14.7035,-0.031,-0.0194,0.1635
PHC,2021-07-07,12.36,12.43,12.08,12.19,834000,12.27,12.01,10.89,-0.6678,1.4781,11.8841,-0.0649,-0.0337,0.143
PHC,2021-07-08,12.12,12.19,11.88,12.05,561700,12.27,12.09,10.95,-1.7807,-0.3247,10.0237,0.0223,0.0118,0.1226
PHC,2021-07-09,12.02,12.05,11.81,12.02,696000,12.26,12.13,11.01,-1.9499,-0.9567,9.1405,0.1338,0.0819,0.1314
PHC,2021-07-12,12.02,12.08,11.85,12.02,314900,12.21,12.15,11.06,-1.566,-1.1097,8.6621,0.023,0.0159,0.1084
PHC,2021-07-13,11.95,12.29,11.64,12.26,762800,12.22,12.19,11.11,0.3074,0.5602,10.2783,0.2396,0.1619,0.1069
PHC,2021-07-14,12.22,12.7,11.68,12.46,981800,12.26,12.23,11.17,1.643,1.8557,11.5935,0.2298,0.1502,0.1244
PHC,2021-07-15,12.43,13.31,12.29,13.31,1455700,12.38,12.31,11.23,7.5565,8.1681,18.5555,0.4985,0.3298,0.1623
PHC,2021-07-16,13.42,14.0,13.31,13.66,812900,12.49,12.39,11.3,9.2896,10.2384,20.8094,0.0,0.0,0.1314
PHC,2021-07-19,13.79,13.96,12.84,12.84,671100,12.52,12.4,11.37,2.5082,3.4815,12.94,-0.1315,-0.0953,0.1374
PHC,2021-07-20,12.56,12.63,11.95,11.95,457700,12.47,12.37,11.41,-4.2145,-3.4216,4.734,-0.0925,-0.0555,0.1436
PHC,2021-07-21,11.13,12.08,11.13,12.05,1144700,12.46,12.36,11.44,-3.2877,-2.54,5.3417,0.4687,0.2811,0.1839
PHC,2021-07-22,12.02,12.87,11.88,12.87,1328700,12.54,12.41,11.49,2.613,3.7425,12.0157,0.4516,0.2919,0.2269
PHC,2021-07-23,12.87,13.25,12.67,12.7,953100,12.61,12.43,11.53,0.7038,2.1417,10.1243,-0.2018,-0.1271,0.2337
PHC,2021-07-26,12.56,12.56,12.22,12.39,800400,12.65,12.43,11.57,-2.0243,-0.2884,7.1176,0.0,0.0,0.2314
PHC,2021-07-27,12.39,12.39,11.68,12.08,1052700,12.63,12.42,11.6,-4.3243,-2.7339,4.1728,0.0613,0.0349,0.2136
PHC,2021-07-28,12.08,12.63,11.95,12.56,946800,12.64,12.45,11.64,-0.6211,0.9049,7.9179,0.4364,0.2896,0.2342
PHC,2021-07-29,12.53,12.77,12.36,12.6,466500,12.57,12.47,11.68,0.2173,0.9853,7.8317,0.0272,0.0176,0.1871
PHC,2021-07-30,12.6,13.18,12.6,13.18,936400,12.52,12.51,11.73,5.2345,5.3494,12.3007,0.2914,0.2038,0.2162
PHC,2021-08-02,13.18,13.31,13.04,13.14,522900,12.55,12.54,11.78,4.7049,4.8332,11.6007,-0.0497,-0.0316,0.2081
PHC,2021-08-03,13.14,13.21,13.01,13.01,411400,12.66,12.57,11.81,2.7508,3.5045,10.1029,-0.1064,-0.0664,0.2095
PHC,2021-08-04,13.04,13.25,13.04,13.25,644500,12.78,12.62,11.86,3.6601,4.9641,11.7125,0.2279,0.1441,0.1854
PHC,2021-08-05,13.25,13.55,13.25,13.45,842700,12.84,12.69,11.92,4.7872,5.9995,12.881,0.0693,0.0464,0.1471
PHC,2021-08-06,13.45,14.0,13.38,13.79,1122200,12.95,12.78,11.99,6.5401,7.9348,15.0735,0.0875,0.0559,0.1357
PHC,2021-08-09,13.83,14.58,13.69,14.34,1075300,13.14,12.89,12.07,9.1192,11.1993,18.7648,0.1013,0.0687,0.1458
PHC,2021-08-10,14.34,14.61,13.66,13.79,806400,13.31,12.97,12.15,3.6163,6.3298,13.4704,-0.144,-0.0946,0.1541
PHC,2021-08-11,13.79,13.86,13.69,13.72,400500,13.43,13.03,12.23,2.212,5.2907,12.1652,-0.0427,-0.0285,0.1147
PHC,2021-08-12,13.76,14.0,13.69,13.96,553700,13.56,13.07,12.32,2.9449,6.8583,13.3592,0.0868,0.0581,0.1207
PHC,2021-08-13,13.79,14.0,13.01,13.01,185700,13.55,13.03,12.38,-3.9818,-0.2095,5.0919,-0.0352,-0.0217,0.0951
PHC,2021-08-16,12.97,13.89,12.43,13.89,1101600,13.62,13.09,12.46,2.005,6.1693,11.5313,0.2068,0.1381,0.1108
PHC,2021-08-17,14.0,14.85,13.89,14.85,1581300,13.81,13.23,12.56,7.5668,12.2291,18.2708,0.376,0.2403,0.1377
PHC,2021-08-18,14.92,15.4,14.82,15.19,1220500,14.0,13.39,12.65,8.5101,13.4625,20.0756,0.1345,0.0949,0.1284
PHC,2021-08-19,15.19,15.23,14.71,14.82,942300,14.14,13.49,12.74,4.8056,9.8595,16.304,-0.1312,-0.0895,0.1346
PHC,2021-08-20,14.82,15.12,14.82,14.88,780800,14.25,13.6,12.81,4.4812,9.479,16.1614,-0.0665,-0.0495,0.1325
PHC,2021-08-23,14.88,15.12,14.88,15.12,841000,14.32,13.73,12.88,5.5767,10.1305,17.3883,0.1257,0.0913,0.1349
PHC,2021-08-24,15.09,16.18,15.02,16.18,1826900,14.56,13.94,12.98,11.1111,16.1053,24.704,0.4834,0.4189,0.1689
PHC,2021-08-25,16.18,17.21,16.18,16.76,1525400,14.87,14.15,13.08,12.744,18.4846,28.1449,0.0628,0.049,0.1709
PHC,2021-08-26,16.8,17.24,16.52,16.63,1234600,15.13,14.35,13.18,9.8579,15.8696,26.1724,-0.3049,-0.2462,0.1927
PHC,2021-08-27,16.56,16.86,16.39,16.63,814700,15.5,14.52,13.27,7.2924,14.494,25.3088,0.0,0.0,0.1892
PHC,2021-08-30,16.69,17.41,16.69,17.21,1748700,15.83,14.72,13.36,8.7144,16.856,28.7685,0.1726,0.1371,0.1858
PHC,2021-08-31,17.21,17.41,17.0,17.14,1059700,16.06,14.93,13.45,6.7404,14.7822,27.3918,-0.098,-0.0803,0.158
PHC,2021-09-01,17.1,17.79,16.97,17.75,1788700,16.31,15.16,13.56,8.8321,17.1303,30.8769,0.4069,0.3556,0.1852
PHC,2021-09-06,17.79,17.96,16.52,16.52,915900,16.48,15.31,13.65,0.2485,7.9273,21.0181,-0.1578,-0.1215,0.1879
PHC,2021-09-07,15.4,16.04,15.4,15.4,1631900,16.53,15.39,13.72,-6.8759,0.0444,12.2338,-0.2975,-0.2374,0.211
PHC,2021-09-08,14.34,15.4,14.34,15.02,2069200,16.52,15.42,13.77,-9.0909,-2.6118,9.0945,0.1931,0.1285,0.2177
PHC,2021-09-09,15.02,15.09,14.0,14.13,1803900,16.32,15.44,13.81,-13.3891,-8.4678,2.3537,-0.403,-0.2835,0.2097
PHC,2021-09-10,14.0,15.09,14.0,15.09,3088100,16.15,15.51,13.87,-6.5736,-2.7074,8.7974,0.932,0.631,0.2966
PHC,2021-09-13,15.09,15.23,14.06,14.34,2229000,15.92,15.53,13.91,-9.9486,-7.6619,3.0523,-0.2244,-0.1562,0.2885
PHC,2021-09-14,14.03,14.03,13.35,13.35,1783700,15.59,15.54,13.93,-14.4045,-14.132,-4.1807,-0.3822,-0.2753,0.3268
PHC,2021-09-15,12.9,13.31,12.43,12.9,764400,15.16,15.5,13.94,-14.9032,-16.7217,-7.4119,0.0143,0.0091,0.3109
PHC,2021-09-16,13.07,13.31,12.02,12.97,1592200,14.75,15.4,13.95,-12.0371,-15.7708,-6.995,0.2407,0.1385,0.3252
PHC,2021-09-17,12.97,12.97,12.08,12.87,1421700,14.26,15.29,13.96,-9.7438,-15.8012,-7.8194,0.257,0.1499,0.3102
PHC,2021-09-20,12.6,12.97,12.29,12.32,304200,13.84,15.16,13.97,-10.9522,-18.712,-11.7662,-0.0525,-0.0323,0.2997
PHC,2021-09-21,11.95,12.32,11.54,11.61,475200,13.46,15.0,13.96,-13.7712,-22.6041,-16.8501,-0.0954,-0.0547,0.2795
PHC,2021-09-22,11.61,12.26,11.13,12.08,718600,13.17,14.84,13.96,-8.2188,-18.5926,-13.4347,0.1212,0.0828,0.2723
PHC,2021-09-23,12.29,12.36,11.95,12.05,398800,12.96,14.64,13.96,-7.0074,-17.6773,-13.6539,-0.0353,-0.0241,0.2355
PHC,2021-09-24,11.95,12.02,11.64,11.85,136800,12.63,14.39,13.94,-6.2416,-17.6945,-15.0468,0.0038,0.0023,0.1427
PHC,2021-09-27,11.68,11.74,11.13,11.2,186100,12.32,14.12,13.9,-9.1161,-20.7059,-19.4538,-0.0233,-0.0136,0.1226
PHC,2021-09-28,10.72,11.27,10.58,11.13,155700,12.1,13.85,13.85,-8.0135,-19.6253,-19.653,0.0213,0.0116,0.0865
PHC,2021-09-29,10.92,11.27,10.79,11.27,100500,11.93,13.55,13.82,-5.6064,-16.8556,-18.4823,0.0372,0.0221,0.0888
PHC,2021-09-30,11.61,11.81,11.4,11.54,131300,11.79,13.27,13.81,-2.1425,-13.0435,-16.4566,-0.0189,-0.0097,0.0666
PHC,2021-10-01,11.57,11.61,11.06,11.16,82800,11.62,12.94,13.79,-3.9365,-13.7317,-19.0714,-0.0135,-0.0073,0.0422
PHC,2021-10-04,10.99,11.27,10.86,10.92,267500,11.48,12.66,13.75,-4.8469,-13.7118,-20.5798,-0.0474,-0.0229,0.0417
PHC,2021-10-05,11.2,11.68,10.92,11.68,569800,11.49,12.47,13.73,1.6345,-6.4039,-14.993,0.1596,0.0903,0.0482
PHC,2021-10-06,11.85,12.46,11.85,12.46,829400,11.52,12.35,13.74,8.1161,0.9263,-9.2853,0.2499,0.1483,0.061
PHC,2021-10-07,12.46,12.46,11.95,12.08,603000,11.53,12.24,13.74,4.8268,-1.2965,-12.0191,-0.0754,-0.0436,0.065
PHC,2021-10-08,12.02,12.43,11.81,11.85,279400,11.53,12.08,13.72,2.7539,-1.9497,-13.6687,-0.0818,-0.0475,0.0728
PHC,2021-10-11,11.85,12.05,11.61,11.74,360500,11.58,11.95,13.7,1.3852,-1.7424,-14.3085,-0.0313,-0.0172,0.0736
PHC,2021-10-12,11.74,11.74,11.47,11.61,148900,11.63,11.86,13.67,-0.2054,-2.1723,-15.1104,0.0,0.0,0.0715
PHC,2021-10-13,12.15,12.15,11.64,11.78,639400,11.68,11.81,13.65,0.8183,-0.2602,-13.6896,-0.0929,-0.0485,0.0771
PHC,2021-10-14,11.78,11.88,11.54,11.68,347800,11.7,11.74,13.62,-0.1751,-0.5814,-14.2728,-0.0196,-0.0103,0.0771
PHC,2021-10-15,11.61,11.71,11.5,11.54,159700,11.73,11.68,13.58,-1.6585,-1.1841,-15.0626,-0.0371,-0.0212,0.0795
PHC,2021-10-18,11.54,11.81,11.54,11.68,535800,11.81,11.64,13.55,-1.1275,0.2639,-13.8322,0.0,0.0,0.0748
PHC,2021-10-19,11.74,12.08,11.61,11.95,728500,11.84,11.66,13.51,0.9519,2.459,-11.576,0.1039,0.0556,0.0692
PHC,2021-10-20,11.98,12.29,11.81,11.81,810500,11.77,11.65,13.46,0.3481,1.4068,-12.2584,-0.2848,-0.1799,0.0727
PHC,2021-10-21,11.88,12.08,11.61,11.61,538800,11.72,11.63,13.42,-0.9901,-0.1615,-13.4992,-0.1441,-0.076,0.0796
PHC,2021-10-22,12.34,12.38,12.25,12.38,1228400,11.78,11.65,13.39,5.1118,6.2296,-7.5659,0.3216,0.1824,0.1035
PHC,2021-10-25,12.63,13.09,12.63,12.75,897400,11.88,11.73,13.37,7.3762,8.7227,-4.5926,-0.0722,-0.0418,0.1076
PHC,2021-10-26,12.92,12.92,12.25,12.67,754400,11.98,11.81,13.36,5.7282,7.3073,-5.1683,0.0432,0.0258,0.112
PHC,2021-10-27,12.92,13.09,12.67,12.84,1085400,12.09,11.89,13.34,6.181,8.0007,-3.7682,-0.0442,-0.0227,0.1071
PHC,2021-10-28,12.88,13.71,12.88,13.71,1562500,12.29,11.99,13.32,11.5415,14.3192,2.9687,0.3769,0.2263,0.1428
PHC,2021-10-29,14.5,14.67,14.34,14.67,2384200,12.61,12.17,13.31,16.3744,20.5486,10.2534,0.4898,0.3211,0.1881
PHC,2021-11-01,15.5,15.67,14.84,15.5,1853000,12.99,12.4,13.32,19.3613,25.0451,16.3974,0.1872,0.1288,0.2068
PHC,2021-11-02,15.09,15.17,14.59,15.13,824700,13.31,12.57,13.32,13.6896,20.3437,13.5396,0.1283,0.0908,0.2092
PHC,2021-11-03,15.0,15.13,14.09,14.09,1532600,13.53,12.65,13.3,4.0802,11.3352,5.8848,-0.146,-0.1,0.1954
PHC,2021-11-04,14.21,14.67,13.63,14.34,968700,13.81,12.77,13.27,3.8334,12.3121,8.064,0.0772,0.0491,0.1887
PHC,2021-11-05,14.42,15.21,14.34,15.0,874500,14.07,12.92,13.23,6.6351,16.0998,13.3907,0.1095,0.0762,0.1675
PHC,2021-11-08,14.92,15.13,14.42,14.75,992600,14.27,13.07,13.19,3.3879,12.8504,11.8172,-0.0131,-0.0086,0.1615
PHC,2021-11-09,14.75,15.17,14.75,15.05,2073200,14.51,13.25,13.16,3.7058,13.5881,14.3019,0.1589,0.1123,0.1731
PHC,2021-11-10,15.05,15.67,15.05,15.42,1254800,14.77,13.43,13.13,4.4313,14.8407,17.4701,0.05,0.0316,0.1737
PHC,2021-11-11,15.67,15.84,15.34,15.46,1415000,14.94,13.62,13.09,3.4868,13.5498,18.089,-0.1306,-0.0928,0.1491
PHC,2021-11-12,15.46,15.84,14.92,15.17,1439800,14.99,13.8,13.04,1.1954,9.9412,16.3195,-0.121,-0.0854,0.1122
PHC,2021-11-15,15.13,15.42,14.63,15.0,1342400,14.94,13.97,13.01,0.4184,7.4372,15.3098,-0.0131,-0.0086,0.0948
PHC,2021-11-16,15.05,15.09,14.5,14.59,737200,14.89,14.1,13.0,-2.0157,3.4753,12.2464,-0.1097,-0.0672,0.0929
PHC,2021-11-17,14.67,15.09,14.63,14.96,755600,14.97,14.25,12.99,-0.0835,4.9632,15.143,0.0836,0.0523,0.0867
PHC,2021-11-18,14.96,15.75,14.96,15.63,2115200,15.1,14.46,13.02,3.4768,8.1159,19.9985,0.2146,0.1411,0.1004
PHC,2021-11-19,16.67,16.67,15.0,15.5,1815700,15.15,14.61,13.03,2.3102,6.1038,18.9627,-0.1086,-0.0749,0.1003
PHC,2021-11-22,15.5,15.5,14.42,14.42,890400,15.12,14.7,13.03,-4.6307,-1.8718,10.6341,-0.1112,-0.079,0.1101
PHC,2021-11-23,13.75,14.59,13.5,14.5,747600,15.07,14.79,13.06,-3.7344,-1.9165,11.0767,0.1247,0.0717,0.1067
PHC,2021-11-24,15.0,15.25,14.42,14.42,1081000,14.97,14.87,13.09,-3.648,-2.9997,10.1824,-0.1558,-0.1003,0.1173
PHC,2021-11-25,14.42,14.67,13.71,14.59,704600,14.88,14.91,13.12,-1.9608,-2.1663,11.1818,0.1306,0.0819,0.1173
PHC,2021-11-26,14.3,14.59,14.0,14.17,527600,14.78,14.89,13.15,-4.1173,-4.8019,7.7916,-0.0418,-0.0252,0.1094
PHC,2021-11-29,13.67,15.0,13.67,14.92,459400,14.77,14.86,13.2,1.0158,0.4349,13.0515,0.0776,0.0467,0.1158
PHC,2021-11-30,15.17,15.17,14.59,14.75,425800,14.79,14.84,13.26,-0.2255,-0.5618,11.2578,-0.0338,-0.0222,0.1082
PHC,2021-12-01,14.59,14.75,14.34,14.5,340100,14.74,14.86,13.31,-1.6115,-2.3843,8.9746,-0.0164,-0.0104,0.1015
PHC,2021-12-02,14.46,14.92,14.42,14.46,435300,14.62,14.86,13.36,-1.1114,-2.7057,8.2691,-0.0865,-0.0516,0.0887
PHC,2021-12-03,14.46,14.67,13.84,13.92,551000,14.47,14.81,13.4,-3.7742,-6.0082,3.8902,-0.0547,-0.0324,0.0833
PHC,2021-12-06,13.92,13.92,12.96,12.96,923400,14.32,14.72,13.43,-9.4878,-11.9479,-3.518,-0.1718,-0.1009,0.0894
PHC,2021-12-07,13.25,13.46,12.92,13.46,360100,14.22,14.64,13.48,-5.3063,-8.0558,-0.142,0.0771,0.0456,0.0846
PHC,2021-12-08,13.59,13.67,13.25,13.25,227500,14.1,14.53,13.52,-6.0006,-8.8041,-1.9769,-0.0584,-0.0364,0.0749
PHC,2021-12-09,13.0,13.5,13.0,13.17,314100,13.96,14.42,13.55,-5.6435,-8.6573,-2.8279,-0.0311,-0.0165,0.0649
PHC,2021-12-10,13.09,14.09,13.09,13.75,510200,13.92,14.35,13.61,-1.168,-4.1394,1.0908,0.0497,0.0292,0.0657
PHC,2021-12-13,13.67,14.13,13.67,13.92,310700,13.82,14.29,13.66,0.7541,-2.6097,1.8674,0.0069,0.0042,0.0586
PHC,2021-12-14,14.05,14.05,13.67,13.71,298100,13.71,14.25,13.71,0.0,-3.773,0.0443,-0.0561,-0.034,0.0609
PHC,2021-12-15,13.63,13.8,13.59,13.67,237800,13.63,14.18,13.73,0.3058,-3.6286,-0.4356,-0.0117,-0.0067,0.0604
PHC,2021-12-16,13.67,13.67,13.42,13.59,197100,13.54,14.08,13.76,0.3386,-3.5217,-1.2587,0.0123,0.0075,0.053
PHC,2021-12-17,13.46,14.05,13.46,13.88,438600,13.54,14.0,13.8,2.5246,-0.8781,0.5644,0.0343,0.021,0.0509
PHC,2021-12-20,13.92,13.92,13.34,13.55,324300,13.6,13.96,13.84,-0.3679,-2.9561,-2.1072,-0.0201,-0.0117,0.0358
PHC,2021-12-21,13.55,13.67,13.38,13.59,357200,13.61,13.91,13.88,-0.1531,-2.3367,-2.0862,0.0324,0.0162,0.0313
PHC,2021-12-22,13.75,14.5,13.38,14.5,1113400,13.73,13.92,13.93,5.6146,4.2228,4.1124,0.1993,0.121,0.0454
PHC,2021-12-23,14.88,15.09,13.92,14.67,794300,13.88,13.92,13.99,5.6739,5.3892,4.8581,0.0372,0.0216,0.046
PHC,2021-12-24,14.63,15.13,14.09,14.84,1030400,13.99,13.95,14.06,6.047,6.3321,5.552,0.1055,0.0737,0.0516
PHC,2021-12-27,14.84,14.84,14.42,14.71,569400,14.07,13.94,14.12,4.5616,5.5149,4.2122,0.0674,0.0383,0.0576
PHC,2021-12-28,14.75,15.55,14.71,15.3,1420500,14.23,13.97,14.18,7.4985,9.4869,7.8339,0.1159,0.0738,0.0636
PHC,2021-12-29,15.59,15.59,14.84,14.96,416800,14.36,13.99,14.25,4.209,6.9248,5.0168,-0.0701,-0.0431,0.0695
PHC,2021-12-30,14.96,15.21,14.92,15.0,409500,14.5,14.02,14.32,3.478,7.0154,4.8096,-0.0432,-0.0269,0.0725
PHC,2021-12-31,14.92,15.05,14.38,14.38,707300,14.55,14.04,14.36,-1.1745,2.3891,0.1626,-0.1809,-0.1059,0.0872
PHC,2022-01-04,14.42,14.84,14.42,14.75,438500,14.67,14.13,14.4,0.5682,4.394,2.4899,0.0595,0.0331,0.0911
PHC,2022-01-05,14.75,15.34,14.75,15.21,936800,14.83,14.22,14.45,2.5569,6.9754,5.3027,0.0841,0.0486,0.0963
PHC,2022-01-06,15.0,15.17,14.75,14.75,758900,14.86,14.3,14.48,-0.7012,3.207,1.8588,-0.1492,-0.0815,0.0913
PHC,2022-01-07,15.0,15.42,14.75,15.34,966900,14.92,14.4,14.52,2.7646,6.4815,5.65,0.1427,0.0827,0.1018
PHC,2022-01-10,15.0,16.38,14.84,16.38,6439000,15.08,14.53,14.55,8.6236,12.6882,12.5623,0.8176,0.5289,0.173
PHC,2022-01-11,16.38,17.05,16.34,16.5,3313300,15.26,14.66,14.57,8.1672,12.548,13.2658,-0.3379,-0.2111,0.2001
PHC,2022-01-12,15.71,16.17,15.38,15.38,1676300,15.27,14.75,14.58,0.7371,4.2815,5.507,-0.25,-0.1412,0.2135
PHC,2022-01-13,15.0,15.25,14.34,14.34,2741500,15.2,14.78,14.58,-5.7017,-3.0029,-1.6749,-0.3886,-0.2478,0.2454
PHC,2022-01-14,13.34,14.09,13.34,13.67,2159900,15.07,14.78,14.57,-9.292,-7.5405,-6.1624,-0.067,-0.034,0.2477
PHC,2022-01-17,13.75,14.09,12.75,12.75,1071800,14.91,14.73,14.52,-14.4535,-13.4126,-12.1851,-0.1361,-0.0732,0.2433
PHC,2022-01-18,11.92,12.5,11.88,11.88,1243700,14.62,14.65,14.47,-18.7571,-18.8959,-17.8864,-0.2985,-0.1563,0.2672
PHC,2022-01-19,11.38,11.84,11.09,11.25,1286600,14.22,14.53,14.39,-20.8907,-22.5474,-21.7981,-0.1996,-0.1017,0.2787
PHC,2022-01-20,11.42,12.0,11.38,12.0,395600,13.95,14.4,14.32,-13.9528,-16.6667,-16.1865,0.0888,0.0417,0.2727
PHC,2022-01-21,12.42,12.46,11.67,12.09,816800,13.62,14.27,14.25,-11.2878,-15.3284,-15.2047,0.0122,0.006,0.2596
PHC,2022-01-24,12.09,12.09,11.25,11.25,721200,13.11,14.1,14.18,-14.1768,-20.1656,-20.6163,-0.125,-0.0602,0.1904
PHC,2022-01-25,10.67,11.29,10.67,11.25,478700,12.59,13.92,14.1,-10.596,-19.1738,-20.1939,0.0841,0.0389,0.165
PHC,2022-01-26,11.42,11.5,10.67,11.09,635700,12.16,13.71,14.03,-8.8104,-19.1489,-20.9838,0.0,0.0,0.14
PHC,2022-01-27,10.84,11.17,10.75,10.96,362500,11.82,13.51,13.95,-7.2638,-18.8773,-21.4269,-0.0,-0.0,0.1011
PHC,2022-01-28,10.96,11.25,10.88,11.21,430100,11.57,13.32,13.86,-3.1328,-15.8454,-19.122,0.0866,0.0425,0.1031
PHC,2022-02-07,11.54,11.54,11.17,11.54,469700,11.45,13.18,13.78,0.8006,-12.4111,-16.2383,0.1561,0.0769,0.1051
PHC,2022-02-08,11.67,11.75,11.5,11.63,410100,11.43,13.02,13.73,1.7506,-10.72,-15.2903,0.0,0.0,0.0753
PHC,2022-02-09,11.75,12.17,11.09,12.0,520900,11.5,12.86,13.68,4.3478,-6.6904,-12.238,0.0895,0.0426,0.0642
PHC,2022-02-10,12.09,12.21,11.88,11.96,505400,11.5,12.72,13.63,4.0232,-5.9941,-12.227,-0.1145,-0.0522,0.0668
PHC,2022-02-11,11.96,12.0,11.84,11.92,415300,11.48,12.55,13.57,3.8113,-5.0465,-12.1891,0.0,0.0,0.0656
PHC,2022-02-14,11.79,11.88,11.59,11.59,572400,11.52,12.31,13.52,0.6153,-5.9063,-14.3192,-0.1089,-0.0531,0.064
PHC,2022-02-15,11.29,11.79,11.29,11.79,373400,11.57,12.08,13.46,1.9453,-2.3464,-12.373,0.1433,0.0656,0.0699
PHC,2022-02-16,11.92,12.09,11.84,12.09,411000,11.67,11.91,13.41,3.5714,1.4518,-9.8483,0.1365,0.0681,0.0835
PHC,2022-02-17,12.25,12.75,12.04,12.34,765800,11.81,11.81,13.36,4.4829,4.4276,-7.6846,-0.0521,-0.0225,0.0888
PHC,2022-02-18,12.0,12.34,12.0,12.29,577400,11.92,11.74,13.32,3.1829,4.6841,-7.6971,0.1321,0.0653,0.0933
PHC,2022-02-21,12.29,12.67,12.13,12.5,667300,12.01,11.73,13.29,4.0944,6.5719,-5.9325,0.0734,0.0388,0.085
PHC,2022-02-22,12.34,12.42,12.13,12.34,563900,12.08,11.76,13.28,2.1042,4.9459,-7.0994,0.0597,0.0286,0.091
PHC,2022-02-23,12.38,12.5,12.25,12.29,445000,12.11,11.81,13.26,1.5141,4.1299,-7.2502,-0.0863,-0.0416,0.0907
PHC,2022-02-24,12.17,12.34,11.46,11.84,852700,12.1,11.8,13.23,-2.1702,0.3179,-10.5174,-0.0286,-0.0138,0.0821
PHC,2022-02-25,12.09,12.17,11.84,11.92,549800,12.1,11.79,13.2,-1.4812,1.0958,-9.7165,-0.0701,-0.033,0.0891
PHC,2022-02-28,11.92,12.09,11.88,12.0,274800,12.14,11.83,13.17,-1.1329,1.4799,-8.8435,0.014,0.0067,0.0796
PHC,2022-03-01,11.96,12.29,11.92,12.13,631500,12.17,11.87,13.13,-0.3765,2.1591,-7.6425,0.016,0.0078,0.0669
PHC,2022-03-02,12.29,12.29,11.88,11.96,516100,12.16,11.92,13.1,-1.6449,0.3848,-8.6685,-0.0552,-0.0283,0.0588
PHC,2022-03-03,11.96,12.63,11.84,12.5,1080000,12.18,11.99,13.07,2.6694,4.2572,-4.3611,0.135,0.0661,0.0671
PHC,2022-03-04,12.5,12.59,12.25,12.42,480000,12.19,12.05,13.05,1.8804,3.0429,-4.8288,0.0,0.0,0.0538
PHC,2022-03-07,12.34,12.34,12.09,12.21,626800,12.16,12.09,13.02,0.4112,1.0345,-6.186,0.0,0.0,0.0465
PHC,2022-03-08,12.17,12.17,11.92,12.0,651500,12.13,12.11,12.99,-1.031,-0.8435,-7.5679,-0.0337,-0.0156,0.0439
PHC,2022-03-09,11.88,12.0,11.63,11.84,427300,12.08,12.1,12.95,-2.0352,-2.1534,-8.6053,0.0112,0.0049,0.0364
PHC,2022-03-10,11.88,12.17,11.88,12.04,342300,12.1,12.1,12.9,-0.4821,-0.465,-6.6417,0.013,0.0062,0.0348
PHC,2022-03-11,12.04,12.09,11.75,11.79,539400,12.09,12.09,12.84,-2.4474,-2.481,-8.1705,-0.0953,-0.0455,0.0373
PHC,2022-03-14,11.79,12.0,11.46,11.96,613700,12.09,12.11,12.79,-1.0345,-1.2558,-6.4537,0.1035,0.0496,0.0463
PHC,2022-03-15,12.04,12.46,11.84,12.29,940800,12.1,12.14,12.74,1.584,1.2875,-3.4812,0.1296,0.062,0.0576
PHC,2022-03-16,12.34,12.63,12.21,12.21,571900,12.13,12.14,12.68,0.6873,0.5491,-3.6691,-0.2041,-0.1028,0.0725
PHC,2022-03-17,12.25,12.59,12.17,12.34,762100,12.11,12.14,12.62,1.8582,1.5786,-2.278,-0.0425,-0.0218,0.0633
PHC,2022-03-18,12.34,12.5,12.29,12.34,833800,12.1,12.15,12.57,1.9284,1.5612,-1.8633,-0.1535,-0.0688,0.0786
PHC,2022-03-21,12.38,13.17,12.38,13.17,1727000,12.2,12.18,12.55,7.9604,8.1266,4.9695,0.4762,0.2237,0.1262
PHC,2022-03-22,13.42,13.42,12.75,12.79,955500,12.28,12.2,12.51,4.2091,4.8497,2.2992,-0.1782,-0.0892,0.1407
PHC,2022-03-23,12.84,12.88,12.5,12.54,885100,12.35,12.22,12.45,1.5862,2.6953,0.7296,-0.1681,-0.0817,0.1564
PHC,2022-03-24,12.34,12.79,12.34,12.59,701200,12.4,12.25,12.41,1.4785,2.7211,1.4171,0.0157,0.0072,0.1567
PHC,2022-03-25,12.67,13.09,12.54,12.84,827900,12.51,12.3,12.36,2.6325,4.3714,3.8506,0.0154,0.0077,0.1487
PHC,2022-03-28,12.75,12.96,12.17,12.34,973500,12.54,12.32,12.28,-1.6611,0.1692,0.4616,-0.1115,-0.0517,0.1495
PHC,2022-03-29,12.34,12.71,12.34,12.63,524900,12.58,12.34,12.2,0.3976,2.3303,3.4907,0.0922,0.0431,0.1457
PHC,2022-03-30,12.38,12.67,12.13,12.21,804800,12.58,12.35,12.14,-2.9158,-1.1471,0.5974,-0.117,-0.0574,0.137
PHC,2022-03-31,12.25,12.46,12.09,12.21,485300,12.57,12.34,12.1,-2.8192,-1.0302,0.9509,-0.0441,-0.0209,0.1372
PHC,2022-04-01,12.17,12.71,11.84,12.5,832800,12.58,12.34,12.07,-0.6293,1.3,3.5626,0.1014,0.0482,0.132
PHC,2022-04-04,12.63,12.84,12.29,12.46,531800,12.51,12.36,12.07,-0.3998,0.8602,3.2672,-0.0442,-0.0204,0.0888
PHC,2022-04-05,12.46,12.63,12.34,12.38,534300,12.47,12.37,12.08,-0.7353,0.0337,2.4916,-0.1118,-0.0519,0.0821
PHC,2022-04-06,12.34,12.5,12.17,12.21,581900,12.44,12.39,12.1,-1.8096,-1.4629,0.9509,-0.091,-0.0419,0.0744
PHC,2022-04-07,12.21,12.21,11.96,12.13,470000,12.39,12.4,12.1,-2.119,-2.1684,0.2412,0.0326,0.0152,0.0761
PHC,2022-04-08,11.96,12.09,11.59,11.71,511600,12.28,12.39,12.09,-4.6165,-5.4986,-3.1436,-0.0487,-0.0241,0.0795
PHC,2022-04-12,11.59,12.0,11.04,11.17,507900,12.16,12.35,12.09,-8.1563,-9.5816,-7.6117,-0.0711,-0.0337,0.0754
PHC,2022-04-13,11.5,11.5,10.5,11.29,343300,12.03,12.3,12.09,-6.0984,-8.1978,-6.5839,0.048,0.0206,0.071
PHC,2022-04-14,11.46,11.46,11.09,11.25,265100,11.93,12.26,12.09,-5.6934,-8.1789,-6.9543,-0.0098,-0.0041,0.0603
PHC,2022-04-15,11.25,11.25,10.79,10.79,339100,11.79,12.18,12.09,-8.4482,-11.3621,-10.7205,-0.087,-0.0371,0.0646
PHC,2022-04-18,10.79,10.79,10.04,10.04,589000,11.54,12.06,12.07,-12.9963,-16.7386,-16.7645,-0.1024,-0.0459,0.0647
PHC,2022-04-19,10.09,10.17,9.38,9.38,462500,11.24,11.87,12.02,-16.543,-21.0249,-22.0104,-0.0943,-0.0392,0.0697
PHC,2022-04-20,9.17,9.5,8.84,8.84,523100,10.88,11.68,11.97,-18.805,-24.3262,-26.1735,-0.1064,-0.0437,0.0691
PHC,2022-04-21,8.25,9.29,8.25,8.67,377100,10.53,11.48,11.9,-17.6564,-24.5009,-27.1606,-0.0174,-0.0065,0.0618
PHC,2022-04-22,8.71,9.17,8.59,8.84,293300,10.2,11.29,11.84,-13.3633,-21.7712,-25.3678,-0.0115,-0.0041,0.0597
PHC,2022-04-25,9.09,9.09,8.22,8.22,557600,9.85,11.06,11.76,-16.5539,-25.7139,-30.1413,-0.0954,-0.0382,0.0643
PHC,2022-04-26,8.34,8.42,8.0,8.38,377600,9.57,10.87,11.7,-12.464,-22.9028,-28.4045,0.0536,0.0202,0.0626
PHC,2022-04-27,8.42,8.96,8.34,8.96,340200,9.34,10.68,11.64,-4.0264,-16.1172,-23.045,0.1231,0.0464,0.0701
PHC,2022-04-28,8.96,9.17,8.84,8.96,252600,9.11,10.52,11.58,-1.6108,-14.8211,-22.6296,-0.027,-0.0106,0.0718
PHC,2022-04-29,8.96,9.59,8.84,9.59,354000,8.99,10.39,11.53,6.6692,-7.7268,-16.8366,0.1228,0.0511,0.0754
PHC,2022-05-04,9.59,9.67,9.34,9.5,164900,8.93,10.24,11.47,6.3829,-7.1888,-17.1584,0.0,0.0,0.0652
PHC,2022-05-05,9.5,9.67,9.09,9.46,221700,8.94,10.09,11.41,5.8176,-6.2216,-17.0819,0.03,0.0118,0.0587
PHC,2022-05-06,9.0,9.34,9.0,9.17,243500,8.97,9.93,11.35,2.1735,-7.6446,-19.1902,-0.0,-0.0,0.0481
PHC,2022-05-09,9.09,9.09,8.54,8.54,774600,8.96,9.74,11.27,-4.66,-12.3219,-24.1987,-0.1359,-0.0586,0.0599
PHC,2022-05-10,8.09,8.5,7.95,8.42,358300,8.92,9.56,11.2,-5.6163,-11.9289,-24.8523,0.0534,0.0207,0.0641
PHC,2022-05-11,8.42,8.67,8.38,8.59,133000,8.96,9.4,11.14,-4.1415,-8.692,-22.9054,0.036,0.0125,0.0582
PHC,2022-05-12,8.54,8.54,7.99,7.99,781400,8.92,9.24,11.06,-10.4506,-13.612,-27.7734,-0.174,-0.07,0.0702
PHC,2022-05-13,7.99,8.01,7.43,7.43,390700,8.76,9.05,10.96,-15.2558,-17.9369,-32.2485,-0.0651,-0.0272,0.0644
PHC,2022-05-16,7.94,7.94,7.43,7.57,329500,8.62,8.87,10.87,-12.2451,-14.6336,-30.398,-0.0367,-0.0152,0.0654
PHC,2022-05-17,7.44,8.09,7.44,8.09,192600,8.47,8.73,10.79,-4.5932,-7.3897,-25.0363,0.0378,0.0155,0.0569
PHC,2022-05-18,8.21,8.42,7.92,8.17,242900,8.34,8.64,10.7,-2.0686,-5.4191,-23.6618,0.0,0.0,0.0569
PHC,2022-05-19,7.6,8.09,7.6,8.04,149100,8.2,8.57,10.62,-1.9927,-6.2349,-24.3174,0.0519,0.0198,0.0591
PHC,2022-05-20,7.82,8.14,7.82,8.0,182000,8.08,8.53,10.54,-0.9901,-6.1676,-24.0591,0.0123,0.0049,0.0603
PHC,2022-05-23,8.0,8.18,7.84,7.92,223800,8.02,8.49,10.46,-1.2576,-6.7347,-24.2871,-0.0452,-0.0188,0.0512
PHC,2022-05-24,7.91,8.09,7.82,7.94,119000,7.97,8.45,10.38,-0.3555,-5.9463,-23.4477,-0.002,-0.0008,0.0461
PHC,2022-05-25,8.0,8.25,7.93,8.21,161800,7.93,8.45,10.31,3.4773,-2.7832,-20.3268,0.0262,0.0107,0.0451
PHC,2022-05-26,8.09,8.34,8.09,8.29,297400,7.97,8.44,10.23,4.123,-1.7478,-18.941,0.0831,0.0356,0.036
PHC,2022-05-27,8.19,8.34,8.19,8.32,131600,8.05,8.41,10.15,3.2806,-1.0755,-18.0597,0.0467,0.0165,0.0342
PHC,2022-05-30,8.32,8.46,8.25,8.32,308800,8.13,8.38,10.07,2.3275,-0.6965,-17.4265,-0.0526,-0.0199,0.0358
PHC,2022-05-31,8.27,8.5,8.27,8.32,366800,8.15,8.31,9.99,2.0346,0.0602,-16.7626,-0.078,-0.0305,0.0398
PHC,2022-06-01,8.27,8.42,8.09,8.17,243800,8.15,8.25,9.91,0.1943,-0.9501,-17.5764,-0.0578,-0.02,0.0456
PHC,2022-06-02,8.33,8.33,7.84,7.96,205400,8.15,8.17,9.81,-2.2717,-2.5907,-18.8256,-0.0284,-0.0113,0.0432
PHC,2022-06-03,7.96,7.99,7.67,7.75,324300,8.12,8.1,9.71,-4.5371,-4.3111,-20.1292,-0.0968,-0.0316,0.0517
PHC,2022-06-06,7.74,7.75,7.6,7.63,227400,8.09,8.06,9.61,-5.7381,-5.3187,-20.6129,-0.04,-0.014,0.0512
PHC,2022-06-07,7.63,7.65,7.19,7.42,208200,8.04,8.01,9.5,-7.7147,-7.3303,-21.9422,-0.001,-0.0003,0.0511
PHC,2022-06-08,7.38,7.75,7.38,7.65,383200,7.98,7.96,9.4,-4.1454,-3.8543,-18.5983,0.0602,0.0203,0.0545
PHC,2022-06-09,7.56,7.84,7.56,7.64,126800,7.92,7.94,9.31,-3.4635,-3.7523,-17.8669,-0.0205,-0.0073,0.0482
PHC,2022-06-10,7.64,7.64,7.46,7.49,237400,7.83,7.94,9.2,-4.4579,-5.7811,-18.6697,-0.0384,-0.0132,0.0474
PHC,2022-06-13,7.41,7.41,6.97,6.97,428900,7.7,7.91,9.1,-9.4944,-11.9536,-23.4123,-0.0708,-0.0258,0.0492
PHC,2022-06-14,6.75,6.94,6.74,6.76,203600,7.54,7.85,8.99,-10.3868,-13.8655,-24.8016,-0.0568,-0.0182,0.0471
PHC,2022-06-15,6.83,6.84,6.32,6.5,422500,7.38,7.76,8.87,-11.8645,-16.2686,-26.6973,-0.0316,-0.0118,0.0445
PHC,2022-06-16,6.53,6.69,6.5,6.51,212700,7.23,7.69,8.75,-9.9815,-15.3296,-25.6049,-0.0587,-0.0202,0.0475
PHC,2022-06-17,6.27,6.5,6.07,6.08,248200,7.07,7.59,8.62,-13.8745,-19.8595,-29.4482,-0.0475,-0.0161,0.0426
PHC,2022-06-20,5.84,6.15,5.68,5.68,307000,6.87,7.48,8.49,-17.3745,-24.1184,-33.1711,-0.0598,-0.0194,0.0445
PHC,2022-06-21,5.82,5.99,5.54,5.83,237900,6.71,7.38,8.37,-13.065,-20.8861,-30.2733,0.0179,0.0058,0.0462
PHC,2022-06-22,6.04,6.13,5.85,6.08,131400,6.55,7.27,8.26,-7.1719,-16.2892,-26.2939,0.0228,0.0078,0.0425
PHC,2022-06-23,6.08,6.23,6.08,6.23,127200,6.41,7.17,8.16,-2.9114,-13.1042,-23.6634,0.0426,0.0143,0.0447
PHC,2022-06-24,6.27,6.38,6.18,6.22,239000,6.29,7.06,8.06,-1.0872,-11.9296,-22.8047,-0.0709,-0.0239,0.0479
PHC,2022-06-27,6.33,6.41,6.23,6.33,114800,6.22,6.96,7.96,1.7948,-8.9984,-20.3839,0.0057,0.0019,0.0414
PHC,2022-06-28,6.58,6.58,6.32,6.33,131800,6.18,6.86,7.87,2.4949,-7.683,-19.4813,-0.0441,-0.014,0.0402
PHC,2022-06-29,6.25,6.41,6.17,6.25,120600,6.16,6.77,7.79,1.5572,-7.607,-19.7672,-0.0216,-0.0066,0.0392
PHC,2022-06-30,6.25,6.32,6.13,6.13,162500,6.12,6.67,7.73,0.1499,-8.211,-20.7102,-0.0416,-0.0149,0.0374
PHC,2022-07-01,6.17,6.17,5.93,6.17,170300,6.13,6.6,7.67,0.6941,-6.477,-19.6158,0.0518,0.0187,0.0379
PHC,2022-07-04,6.18,6.33,6.18,6.27,58500,6.18,6.53,7.63,1.3477,-3.9714,-17.798,0.0049,0.0017,0.0324
PHC,2022-07-05,6.25,6.25,6.08,6.13,79300,6.21,6.46,7.57,-1.2876,-5.0813,-18.9731,-0.0101,-0.0033,0.0316
PHC,2022-07-06,6.13,6.17,5.92,6.0,103000,6.21,6.38,7.53,-3.3037,-5.9438,-20.2675,-0.0096,-0.0032,0.0303
PHC,2022-07-07,6.0,6.07,5.93,6.07,104800,6.19,6.3,7.48,-1.9793,-3.7101,-18.884,0.0639,0.018,0.0324
PHC,2022-07-08,6.02,6.24,6.02,6.13,137700,6.18,6.23,7.42,-0.7686,-1.5977,-17.3684,0.002,0.0007,0.0255
PHC,2022-07-11,6.15,6.28,6.08,6.23,129500,6.17,6.2,7.37,0.8914,0.4707,-15.5112,0.0271,0.0093,0.0277
PHC,2022-07-12,6.17,6.58,6.17,6.46,382500,6.18,6.18,7.31,4.4616,4.4898,-11.5942,0.0562,0.0197,0.0289
PHC,2022-07-13,6.39,6.67,6.38,6.47,183400,6.21,6.18,7.25,4.231,4.6527,-10.7389,-0.0269,-0.0105,0.0294
PHC,2022-07-14,6.47,6.56,6.29,6.49,169300,6.24,6.18,7.19,4.0193,5.0715,-9.6539,0.0292,0.0108,0.0282
PHC,2022-07-15,6.49,6.83,6.49,6.64,271000,6.29,6.21,7.14,5.5003,6.8887,-7.0267,-0.0119,-0.0044,0.0242
PHC,2022-07-18,6.67,6.84,6.67,6.84,156300,6.35,6.27,7.1,7.7105,9.0933,-3.7627,0.061,0.024,0.0298
PHC,2022-07-19,6.83,7.04,6.79,6.89,142700,6.42,6.32,7.07,7.3468,9.1029,-2.5224,-0.0145,-0.0056,0.0302
PHC,2022-07-20,6.92,7.04,6.84,6.9,382300,6.51,6.36,7.04,5.9907,8.5332,-1.9376,-0.0468,-0.018,0.0339
PHC,2022-07-21,6.84,6.89,6.82,6.83,122300,6.59,6.39,7.01,3.6316,6.8494,-2.683,-0.0366,-0.014,0.0312
PHC,2022-07-22,6.84,6.85,6.79,6.84,128800,6.66,6.42,7.0,2.6668,6.4658,-2.3996,0.0212,0.008,0.0331
PHC,2022-07-25,6.75,6.83,6.61,6.79,155100,6.71,6.44,6.99,1.1793,5.4401,-2.7795,0.0485,0.0182,0.0353
PHC,2022-07-26,6.79,6.79,6.59,6.73,95900,6.74,6.46,6.96,-0.2102,4.0887,-3.3579,0.0121,0.0047,0.0309
PHC,2022-07-27,6.73,6.73,6.64,6.64,131300,6.76,6.48,6.93,-1.702,2.4883,-4.1352,-0.0496,-0.0187,0.0331
PHC,2022-07-28,6.75,6.84,6.69,6.79,172100,6.79,6.52,6.91,0.0736,4.2666,-1.6176,0.0239,0.0083,0.0326
PHC,2022-07-29,6.83,6.89,6.79,6.83,176300,6.81,6.55,6.88,0.2817,4.2516,-0.7969,-0.0137,-0.0044,0.0328
PHC,2022-08-01,6.84,6.92,6.83,6.89,157100,6.81,6.58,6.86,1.0644,4.6496,0.3523,0.009,0.0032,0.0276
PHC,2022-08-02,6.88,7.17,6.88,7.04,351000,6.83,6.62,6.84,3.1621,6.3228,2.9308,0.0158,0.0061,0.0277
PHC,2022-08-03,6.95,7.09,6.95,7.04,108300,6.84,6.68,6.82,2.9484,5.4932,3.2831,0.0098,0.0038,0.024
PHC,2022-08-04,7.13,7.22,7.0,7.04,178900,6.86,6.73,6.79,2.6233,4.7283,3.6632,-0.0356,-0.012,0.0239
PHC,2022-08-05,7.0,7.04,6.85,7.03,146200,6.88,6.77,6.77,2.0952,3.7922,3.8127,0.042,0.0152,0.026
PHC,2022-08-08,6.97,7.09,6.97,7.04,127900,6.91,6.81,6.74,1.967,3.4145,4.4526,0.0115,0.0041,0.0223
PHC,2022-08-09,7.04,7.24,7.04,7.15,218600,6.95,6.85,6.72,2.9024,4.4749,6.4279,0.0104,0.0039,0.0221
PHC,2022-08-10,7.17,7.38,7.17,7.32,309500,7.02,6.89,6.7,4.2879,6.2504,9.185,0.0446,0.017,0.0216
PHC,2022-08-11,7.35,7.4,7.13,7.13,200300,7.05,6.92,6.69,1.0757,2.9934,6.5899,-0.0444,-0.0172,0.0237
PHC,2022-08-12,7.13,7.16,7.04,7.15,153600,7.08,6.95,6.67,0.9649,2.9703,7.1563,0.0401,0.0143,0.0263
PHC,2022-08-15,7.29,7.33,7.17,7.24,227800,7.12,6.97,6.67,1.7445,3.9847,8.6549,-0.0036,-0.0013,0.0258
PHC,2022-08-16,7.21,7.29,7.19,7.28,161500,7.14,6.99,6.66,1.8788,4.1766,9.2015,0.0538,0.0187,0.0296
PHC,2022-08-17,7.25,7.34,7.21,7.25,192800,7.16,7.0,6.66,1.2334,3.559,8.957,-0.0172,-0.0061,0.0303
PHC,2022-08-18,7.17,7.26,7.17,7.25,210700,7.18,7.02,6.65,0.9397,3.2457,9.0854,0.0647,0.022,0.0332
PHC,2022-08-19,7.17,7.26,7.17,7.19,288200,7.2,7.04,6.64,-0.2084,2.042,8.18,-0.076,-0.0265,0.0366
PHC,2022-08-22,7.19,7.21,7.06,7.14,421000,7.21,7.06,6.65,-0.9249,1.1985,7.4958,0.0154,0.0055,0.037
PHC,2022-08-23,7.02,7.24,7.02,7.21,220300,7.22,7.08,6.65,-0.0808,1.7947,8.3526,0.0343,0.0128,0.0394
PHC,2022-08-24,7.21,7.5,7.21,7.49,547500,7.23,7.13,6.67,3.5953,5.1646,12.2767,0.1892,0.0645,0.0539
PHC,2022-08-25,7.49,7.57,7.44,7.49,153800,7.27,7.16,6.69,2.9699,4.5402,11.8251,-0.013,-0.0047,0.0507
PHC,2022-08-26,7.49,7.5,7.27,7.27,296500,7.28,7.18,6.72,-0.1718,1.2011,8.2046,-0.0783,-0.0285,0.0546
PHC,2022-08-29,7.07,7.19,6.92,7.08,407000,7.26,7.19,6.75,-2.5817,-1.5994,4.9133,0.0119,0.0039,0.0554
PHC,2022-08-30,7.09,7.25,7.09,7.13,193100,7.25,7.2,6.77,-1.6903,-0.9615,5.2515,-0.0305,-0.0104,0.0531
PHC,2022-08-31,7.04,7.17,6.99,7.13,216200,7.24,7.2,6.79,-1.5204,-1.0188,4.9286,0.0474,0.0148,0.0561
PHC,2022-09-05,7.13,7.23,7.05,7.06,252700,7.22,7.2,6.81,-2.1827,-1.9562,3.6923,-0.0734,-0.0262,0.057
PHC,2022-09-06,7.01,7.17,7.01,7.08,223400,7.21,7.2,6.83,-1.8043,-1.7588,3.6757,-0.0115,-0.0038,0.0505
PHC,2022-09-07,7.08,7.13,6.99,6.99,179900,7.19,7.2,6.84,-2.7585,-2.8823,2.2571,-0.0238,-0.0081,0.0513
PHC,2022-09-08,7.01,7.09,6.89,6.92,200900,7.16,7.19,6.85,-3.4097,-3.7681,0.988,-0.0349,-0.0135,0.0514
PHC,2022-09-09,6.92,7.04,6.84,6.99,440400,7.11,7.17,6.87,-1.6759,-2.5043,1.8624,0.0553,0.0194,0.038
PHC,2022-09-12,7.09,7.46,7.09,7.42,573865,7.11,7.19,6.89,4.3988,3.2123,7.6491,0.176,0.0626,0.0543
PHC,2022-09-13,7.46,7.49,7.3,7.39,484100,7.12,7.2,6.92,3.7592,2.5819,6.7882,-0.0227,-0.008,0.0487
PHC,2022-09-14,7.11,7.41,7.11,7.34,318400,7.14,7.2,6.94,2.6838,1.8224,5.7388,0.0399,0.0152,0.0515
PHC,2022-09-15,7.37,7.42,7.29,7.29,325400,7.16,7.2,6.96,1.8626,1.2321,4.7879,-0.1385,-0.046,0.0623
PHC,2022-09-16,7.14,7.38,7.14,7.24,215300,7.17,7.2,6.98,0.895,0.4339,3.5824,-0.0089,-0.0031,0.0585
PHC,2022-09-19,7.25,7.29,7.15,7.18,295100,7.18,7.2,7.01,-0.0813,-0.3242,2.4219,-0.0387,-0.0148,0.055
PHC,2022-09-20,7.26,7.44,7.2,7.25,419100,7.2,7.2,7.03,0.7177,0.6711,3.1636,-0.0929,-0.0349,0.0632
PHC,2022-09-21,7.25,7.45,7.2,7.33,266200,7.23,7.21,7.05,1.2756,1.5673,3.8888,0.0,0.0,0.0608
PHC,2022-09-22,7.21,7.33,7.11,7.18,205500,7.26,7.21,7.07,-1.1109,-0.4474,1.5987,-0.026,-0.0096,0.0599
PHC,2022-09-23,7.19,7.41,7.19,7.21,351400,7.28,7.2,7.08,-1.0218,0.1339,1.7758,-0.0902,-0.0364,0.0634
PHC,2022-09-26,7.22,7.22,6.71,6.71,401000,7.21,7.16,7.08,-6.9255,-6.2497,-5.2834,-0.0873,-0.0304,0.0545
PHC,2022-09-27,6.7,6.74,6.61,6.72,371000,7.14,7.13,7.09,-5.9299,-5.7602,-5.1765,0.096,0.0354,0.0618
PHC,2022-09-28,6.7,6.84,6.53,6.66,165709,7.08,7.11,7.08,-5.9344,-6.3849,-6.0357,-0.0095,-0.0035,0.0588
PHC,2022-09-29,6.66,6.72,6.56,6.65,147727,7.01,7.09,7.08,-5.197,-6.197,-6.0998,0.0024,0.0009,0.0452
PHC,2022-09-30,6.27,6.61,6.27,6.52,406364,6.94,7.05,7.07,-6.0691,-7.6139,-7.8155,0.0459,0.0164,0.0489
PHC,2022-10-03,6.51,6.51,6.07,6.07,402314,6.83,7.01,7.06,-11.1315,-13.3807,-13.993,-0.0905,-0.0335,0.0541
PHC,2022-10-04,6.08,6.33,6.07,6.08,244650,6.71,6.96,7.04,-9.4391,-12.6263,-13.6774,-0.0669,-0.0266,0.0515
PHC,2022-10-05,6.16,6.38,6.16,6.38,235438,6.62,6.92,7.03,-3.566,-7.8646,-9.2678,0.1106,0.0428,0.0625
PHC,2022-10-06,6.38,6.43,6.02,6.02,182322,6.5,6.88,7.02,-7.3577,-12.4683,-14.1872,-0.0445,-0.0173,0.0644
PHC,2022-10-07,6.02,6.05,5.74,5.88,205402,6.37,6.82,7.0,-7.7278,-13.9035,-16.0966,-0.0041,-0.0016,0.0558
PHC,2022-10-10,5.73,5.97,5.55,5.95,132370,6.29,6.75,6.99,-5.4429,-11.8782,-14.8423,0.0379,0.0139,0.0508
PHC,2022-10-11,5.73,5.88,5.58,5.88,92294,6.21,6.67,6.97,-5.3394,-11.9817,-15.6639,0.0187,0.008,0.0431
PHC,2022-10-12,5.65,5.95,5.65,5.92,135330,6.13,6.6,6.95,-3.4576,-10.3444,-14.7691,0.0337,0.0134,0.0455
PHC,2022-10-13,5.92,6.01,5.53,5.82,295005,6.05,6.53,6.92,-3.8082,-10.8793,-15.9266,0.0319,0.0106,0.0485
PHC,2022-10-14,5.83,5.96,5.78,5.84,77922,5.98,6.46,6.9,-2.4091,-9.6318,-15.3667,-0.0119,-0.0042,0.0451
PHC,2022-10-17,5.84,5.95,5.53,5.95,47133,5.97,6.4,6.88,-0.369,-7.0432,-13.4953,0.0167,0.006,0.0377
PHC,2022-10-18,5.96,5.96,5.83,5.9,89700,5.95,6.33,6.85,-0.8481,-6.7778,-13.8813,0.0041,0.0015,0.0314
PHC,2022-10-19,5.88,5.97,5.84,5.91,36321,5.91,6.26,6.83,0.0933,-5.5788,-13.4616,0.0028,0.001,0.0206
PHC,2022-10-20,5.91,5.93,5.65,5.88,67905,5.89,6.2,6.81,-0.2805,-5.1782,-13.6765,0.0212,0.0072,0.0183
PHC,2022-10-21,5.92,5.92,5.6,5.78,117208,5.88,6.12,6.78,-1.6854,-5.5755,-14.6402,0.0029,0.0012,0.0182
PHC,2022-10-24,5.69,5.78,5.38,5.42,166688,5.83,6.06,6.74,-7.0866,-10.6264,-19.6542,-0.0296,-0.0122,0.0174
PHC,2022-10-25,5.42,5.55,5.05,5.55,226658,5.8,6.0,6.71,-4.1964,-7.4641,-17.219,0.0582,0.024,0.0213
PHC,2022-10-26,5.51,5.69,5.51,5.6,152810,5.77,5.95,6.68,-2.8662,-5.8715,-16.1239,0.0,0.0,0.0179
PHC,2022-10-27,5.6,5.99,5.53,5.98,219594,5.78,5.92,6.65,3.3826,1.0242,-10.1362,0.0422,0.0184,0.019
PHC,2022-10-28,5.97,5.97,5.88,5.93,37672,5.79,5.89,6.62,2.4259,0.7486,-10.4706,0.0021,0.0009,0.018
PHC,2022-10-31,5.97,5.97,5.67,5.89,45827,5.78,5.88,6.6,1.8886,0.2733,-10.6585,0.0059,0.0026,0.0169
PHC,2022-11-01,5.89,6.14,5.84,5.97,123793,5.79,5.87,6.57,3.0438,1.6181,-9.2099,-0.0061,-0.0025,0.0171
PHC,2022-11-02,5.97,5.97,5.89,5.97,48890,5.8,5.85,6.55,2.9458,1.9768,-8.8837,0.0185,0.0071,0.0187
PHC,2022-11-03,5.78,5.88,5.73,5.84,64415,5.79,5.84,6.52,0.7924,-0.0629,-10.4712,0.0166,0.0067,0.0182
PHC,2022-11-04,5.84,5.84,5.58,5.59,24600,5.77,5.83,6.48,-3.1643,-4.0718,-13.7687,-0.005,-0.0022,0.0184
PHC,2022-11-07,5.6,5.61,5.23,5.23,128290,5.75,5.79,6.44,-9.0764,-9.66,-18.7261,-0.0277,-0.0122,0.0182
PHC,2022-11-08,4.96,5.32,4.91,5.14,163850,5.71,5.76,6.4,-10.0257,-10.6787,-19.6207,0.0058,0.0023,0.013
PHC,2022-11-09,5.15,5.5,5.15,5.45,122840,5.7,5.73,6.36,-4.317,-4.8687,-14.3054,0.032,0.0138,0.0162
PHC,2022-11-10,5.14,5.43,5.08,5.08,52564,5.61,5.69,6.32,-9.4926,-10.8568,-19.7029,-0.0096,-0.0043,0.0129
PHC,2022-11-11,5.14,5.36,4.82,5.14,448900,5.53,5.66,6.28,-7.0385,-9.172,-18.1724,0.0184,0.0082,0.0146
PHC,2022-11-14,5.09,5.09,4.78,4.88,224000,5.43,5.61,6.24,-10.044,-12.894,-21.7214,-0.0202,-0.0095,0.016
PHC,2022-11-15,4.55,4.96,4.54,4.54,115866,5.29,5.54,6.19,-14.0476,-17.9581,-26.5694,-0.0251,-0.0112,0.0179
PHC,2022-11-16,4.23,4.86,4.23,4.84,335881,5.17,5.49,6.15,-6.494,-11.7992,-21.2739,0.0355,0.0151,0.0196
PHC,2022-11-17,4.96,5.05,4.81,4.87,251323,5.08,5.43,6.1,-4.1591,-10.473,-20.2932,-0.0322,-0.0133,0.0212
PHC,2022-11-18,5.02,5.02,4.87,5.0,370949,5.02,5.4,6.06,-0.2927,-7.2735,-17.4993,0.0465,0.0217,0.0253
PHC,2022-11-21,5.32,5.32,4.79,5.05,56418,5.0,5.38,6.02,0.9916,-6.1033,-16.0867,-0.0006,-0.0003,0.0226
PHC,2022-11-22,5.14,5.32,5.05,5.32,160499,5.02,5.37,5.98,6.1105,-0.7699,-10.8993,0.0272,0.0102,0.0247
PHC,2022-11-23,5.19,5.31,5.14,5.18,86416,4.99,5.34,5.93,3.7528,-3.1261,-12.727,-0.0124,-0.006,0.0228
PHC,2022-11-24,5.18,5.19,5.06,5.19,181700,5.0,5.31,5.89,3.7078,-2.2322,-11.9468,0.0546,0.0228,0.0273
PHC,2022-11-25,5.19,5.32,5.14,5.28,162000,5.02,5.27,5.85,5.2535,0.1132,-9.7891,0.0157,0.0071,0.027
PHC,2022-11-28,5.32,5.65,5.28,5.65,347291,5.09,5.26,5.82,10.8907,7.3298,-3.0059,0.0531,0.0223,0.0303
PHC,2022-11-29,5.99,5.99,5.51,5.51,146488,5.19,5.24,5.79,6.1759,5.1709,-4.8012,-0.0174,-0.0073,0.0295
PHC,2022-11-30,5.6,5.64,5.51,5.59,145650,5.26,5.22,5.75,6.2271,7.1334,-2.7902,0.0081,0.0031,0.0268
PHC,2022-12-01,5.59,5.78,5.59,5.59,130629,5.34,5.21,5.72,4.7832,7.3885,-2.2503,-0.0156,-0.0069,0.0251
PHC,2022-12-02,5.67,5.67,5.42,5.6,117402,5.4,5.21,5.69,3.7945,7.5553,-1.5367,0.0055,0.0022,0.021
PHC,2022-12-05,5.68,5.78,5.61,5.78,186281,5.47,5.23,5.67,5.7579,10.4972,2.0243,0.0283,0.011,0.0238
PHC,2022-12-06,5.65,5.79,5.6,5.6,133764,5.5,5.26,5.65,1.8874,6.5223,-0.8227,-0.011,-0.0049,0.0222
PHC,2022-12-07,5.51,5.65,5.32,5.46,174020,5.52,5.26,5.62,-1.1299,3.8938,-2.8508,-0.005,-0.0023,0.0214
PHC,2022-12-08,5.51,5.62,5.51,5.51,119858,5.56,5.28,5.6,-0.8756,4.3388,-1.6361,-0.0215,-0.0087,0.0181
PHC,2022-12-09,5.46,5.89,5.42,5.89,599856,5.62,5.32,5.59,4.902,10.8521,5.4845,0.1438,0.0573,0.0309
PHC,2022-12-12,6.3,6.3,6.29,6.3,330390,5.68,5.39,5.59,10.806,16.8953,12.6215,0.0455,0.0229,0.0302
PHC,2022-12-13,6.38,6.38,5.88,6.07,266000,5.74,5.46,5.59,5.7262,11.0644,8.5208,-0.0102,-0.0044,0.0294
PHC,2022-12-14,6.11,6.26,5.97,6.11,219986,5.79,5.53,5.59,5.5635,10.6129,9.4459,0.0,0.0,0.0286
PHC,2022-12-15,6.11,6.12,5.86,5.99,198100,5.83,5.58,5.59,2.6448,7.2016,7.1593,-0.002,-0.0008,0.0273
PHC,2022-12-16,5.7,6.3,5.7,5.88,292134,5.86,5.63,5.59,0.423,4.5677,5.3479,-0.0238,-0.0094,0.0291
PHC,2022-12-19,5.74,5.88,5.65,5.65,378800,5.85,5.66,5.58,-3.2815,-0.0487,1.3458,-0.052,-0.0219,0.0315
PHC,2022-12-20,5.6,5.65,5.26,5.28,487009,5.81,5.66,5.57,-9.2201,-6.6634,-5.1969,-0.0735,-0.0298,0.0377
PHC,2022-12-21,5.02,5.37,5.02,5.19,331700,5.79,5.66,5.55,-10.3744,-8.2941,-6.5992,-0.0046,-0.0018,0.0377
PHC,2022-12-22,5.4,5.4,5.09,5.19,232940,5.75,5.66,5.54,-9.874,-8.2941,-6.3857,-0.04,-0.0147,0.0395
PHC,2022-12-23,5.19,5.4,5.19,5.32,229000,5.7,5.66,5.53,-6.7032,-6.0522,-3.8845,0.0224,0.0088,0.0274
PHC,2022-12-26,5.32,5.4,5.05,5.14,293900,5.58,5.63,5.51,-7.8947,-8.7279,-6.7661,-0.0253,-0.0109,0.0254
PHC,2022-12-27,5.14,5.19,5.14,5.15,223700,5.49,5.61,5.5,-6.1873,-8.2734,-6.3439,-0.0303,-0.0126,0.0274
PHC,2022-12-28,5.15,5.28,5.15,5.28,173769,5.41,5.6,5.49,-2.3603,-5.7222,-3.785,0.089,0.0326,0.0363
PHC,2022-12-29,5.28,5.41,5.28,5.28,52335,5.34,5.58,5.47,-1.0668,-5.4587,-3.5753,-0.0218,-0.0086,0.0383
PHC,2022-12-30,5.36,5.36,5.28,5.31,17800,5.28,5.57,5.46,0.5392,-4.7148,-2.9028,-0.0026,-0.001,0.0362
PHC,2023-01-03,5.32,5.54,5.32,5.49,262535,5.26,5.55,5.47,4.3448,-1.157,0.4299,0.032,0.0132,0.0342
PHC,2023-01-04,5.49,5.59,5.49,5.54,305950,5.29,5.55,5.47,4.7057,-0.2729,1.2765,-0.0076,-0.0033,0.0276
PHC,2023-01-05,5.54,5.74,5.42,5.73,339940,5.34,5.56,5.47,7.2534,2.9533,4.7542,0.1128,0.0446,0.0384
PHC,2023-01-06,5.73,5.78,5.55,5.55,191000,5.38,5.57,5.46,3.2776,-0.2226,1.7217,-0.0491,-0.0207,0.0393
PHC,2023-01-09,5.55,5.6,5.51,5.55,185500,5.4,5.55,5.45,2.8212,0.0827,1.8621,-0.0,-0.0,0.0371
PHC,2023-01-10,5.32,5.57,5.32,5.54,125200,5.44,5.51,5.45,1.7378,0.4414,1.6589,0.0448,0.0177,0.039
PHC,2023-01-11,5.54,5.61,5.51,5.55,218009,5.48,5.49,5.44,1.3231,1.2468,2.1511,-0.0071,-0.0028,0.0367
PHC,2023-01-12,5.55,5.6,5.51,5.51,153100,5.5,5.46,5.43,0.0667,0.9676,1.4782,-0.0689,-0.0267,0.0347
PHC,2023-01-13,5.51,5.62,5.47,5.51,81523,5.53,5.43,5.42,-0.3488,1.4113,1.6019,-0.0143,-0.0059,0.0339
PHC,2023-01-16,5.51,5.59,5.51,5.54,120931,5.55,5.41,5.42,-0.1158,2.4076,2.2966,-0.0064,-0.0025,0.0343
PHC,2023-01-17,5.55,5.69,5.54,5.69,212932,5.57,5.42,5.43,2.1585,5.0847,4.8289,0.0433,0.0175,0.0354
PHC,2023-01-18,5.69,5.75,5.65,5.72,126015,5.59,5.44,5.44,2.3157,5.1654,5.1122,0.0188,0.0077,0.0366
PHC,2023-01-19,5.88,5.88,5.6,5.74,30303,5.59,5.47,5.45,2.6273,4.9714,5.3394,-0.0,-0.0,0.0253
PHC,2023-01-27,5.74,5.81,5.74,5.77,285148,5.61,5.49,5.46,2.7319,4.9202,5.5782,-0.0201,-0.0078,0.0224
PHC,2023-01-30,5.78,5.92,5.78,5.81,254750,5.64,5.52,5.47,3.0777,5.2807,6.1582,-0.0345,-0.0147,0.0258
PHC,2023-01-31,5.81,5.83,5.75,5.82,196700,5.67,5.55,5.49,2.722,4.802,5.9634,0.0278,0.0109,0.0241
PHC,2023-02-01,5.82,5.89,5.75,5.82,283998,5.69,5.59,5.52,2.2416,4.1735,5.4733,0.0,0.0,0.0234
PHC,2023-02-02,5.83,5.83,5.67,5.77,180900,5.72,5.61,5.54,0.9631,2.8955,4.2876,0.0169,0.0071,0.0182
PHC,2023-02-03,5.77,5.78,5.69,5.75,159405,5.74,5.64,5.55,0.0639,1.9793,3.4608,0.011,0.0038,0.0179
PHC,2023-02-06,5.75,5.77,5.6,5.69,128011,5.76,5.65,5.57,-1.148,0.6575,2.2158,0.0025,0.0009,0.0175
PHC,2023-02-07,5.69,5.78,5.65,5.69,165432,5.76,5.66,5.58,-1.148,0.4781,1.9804,-0.0118,-0.005,0.0143
PHC,2023-02-08,5.69,5.74,5.56,5.56,194900,5.74,5.67,5.59,-3.1175,-1.8146,-0.4076,-0.0863,-0.0295,0.0211
PHC,2023-02-09,5.6,5.74,5.55,5.74,126620,5.74,5.67,5.6,-0.0799,1.2556,2.5094,0.0472,0.018,0.0258
PHC,2023-02-10,5.74,5.74,5.55,5.69,40800,5.73,5.67,5.61,-0.7524,0.3236,1.5062,0.0073,0.0031,0.0245
PHC,2023-02-13,5.68,5.69,5.4,5.57,83000,5.71,5.67,5.61,-2.4273,-1.7958,-0.7262,0.0039,0.0018,0.0215
PHC,2023-02-14,5.65,5.65,5.43,5.51,32580,5.68,5.67,5.61,-3.0225,-2.9048,-1.8228,-0.0064,-0.0026,0.0193
PHC,2023-02-15,5.51,5.6,5.5,5.6,45570,5.66,5.68,5.61,-1.0222,-1.3264,-0.2192,0.0161,0.0065,0.0209
PHC,2023-02-16,5.61,5.65,5.47,5.62,129340,5.64,5.68,5.61,-0.423,-1.0989,0.0981,0.0291,0.0117,0.0222
PHC,2023-02-17,5.62,5.65,5.55,5.58,107361,5.63,5.68,5.61,-0.7833,-1.8088,-0.5528,-0.0191,-0.0077,0.023
PHC,2023-02-20,5.58,5.65,5.58,5.65,235100,5.62,5.69,5.61,0.5879,-0.6131,0.7359,0.0389,0.0159,0.0266
PHC,2023-02-21,5.65,5.69,5.65,5.68,89623,5.62,5.69,5.61,1.0942,-0.121,1.2629,0.0089,0.0038,0.0263
PHC,2023-02-22,5.69,5.69,5.56,5.56,43100,5.62,5.68,5.61,-1.0289,-2.0843,-0.8508,-0.0061,-0.0026,0.0183
PHC,2023-02-23,5.56,5.56,5.32,5.56,110401,5.6,5.67,5.61,-0.7208,-1.9338,-0.8865,0.0214,0.0089,0.0157
PHC,2023-02-24,5.6,5.6,5.42,5.51,25100,5.59,5.66,5.61,-1.3807,-2.6843,-1.8678,0.0,0.0,0.015
PHC,2023-02-27,5.51,5.51,5.32,5.34,11606,5.56,5.64,5.6,-3.9445,-5.2117,-4.6246,-0.0025,-0.0011,0.0149
PHC,2023-02-28,5.32,5.42,5.0,5.39,119000,5.55,5.61,5.58,-2.911,-4.0301,-3.492,0.0455,0.0226,0.0188
PHC,2023-03-01,5.39,5.39,5.32,5.39,59120,5.53,5.59,5.57,-2.5403,-3.6599,-3.2566,0.0138,0.0057,0.0185
PHC,2023-03-02,5.39,5.42,5.37,5.41,51010,5.51,5.58,5.56,-1.8333,-3.0133,-2.68,0.0166,0.007,0.0173
PHC,2023-03-03,5.51,5.51,5.32,5.37,19080,5.49,5.56,5.54,-2.1248,-3.3457,-3.1264,-0.0029,-0.0012,0.0157
PHC,2023-03-06,5.42,5.51,5.42,5.42,46064,5.46,5.54,5.53,-0.857,-2.2774,-2.1332,-0.0172,-0.0071,0.0135
PHC,2023-03-07,5.42,5.49,5.32,5.34,85532,5.43,5.52,5.53,-1.5894,-3.2982,-3.3512,-0.0285,-0.0113,0.0154
PHC,2023-03-08,5.4,5.41,5.32,5.4,20700,5.41,5.52,5.53,-0.2714,-2.1549,-2.3969,0.0037,0.0014,0.0152
PHC,2023-03-09,5.49,5.49,5.37,5.45,126775,5.4,5.5,5.54,0.9517,-0.9009,-1.4958,0.0149,0.0059,0.0146
PHC,2023-03-10,5.45,5.45,5.34,5.44,23005,5.4,5.49,5.54,0.9018,-0.8444,-1.7529,0.0075,0.0028,0.0153
PHC,2023-03-13,5.44,5.44,5.33,5.42,9538,5.4,5.48,5.54,0.2549,-1.2056,-2.2855,0.0016,0.0006,0.0152
PHC,2023-03-14,5.35,5.35,5.2,5.23,59200,5.39,5.47,5.54,-2.863,-4.3143,-5.6291,-0.0083,-0.0034,0.0115
PHC,2023-03-15,5.34,5.37,5.24,5.32,83218,5.38,5.45,5.55,-1.0408,-2.3898,-4.0339,0.0054,0.0022,0.0107
PHC,2023-03-16,5.23,5.32,5.23,5.32,27100,5.37,5.44,5.55,-1.0426,-2.2867,-4.212,0.0084,0.0034,0.0098
PHC,2023-03-17,5.21,5.31,5.2,5.3,31300,5.36,5.43,5.55,-1.2494,-2.3689,-4.5492,0.0086,0.0028,0.0104
PHC,2023-03-20,5.2,5.3,5.19,5.19,16003,5.34,5.4,5.55,-2.8876,-3.985,-6.4941,-0.0039,-0.0015,0.0091
PHC,2023-03-21,5.14,5.17,5.11,5.14,93700,5.32,5.37,5.54,-3.3816,-4.3553,-7.2049,-0.0,-0.0,0.0062
PHC,2023-03-22,5.16,5.16,5.14,5.14,76807,5.3,5.35,5.53,-2.9126,-3.9781,-7.0725,-0.0317,-0.0104,0.009
PHC,2023-03-23,5.1,5.17,5.07,5.17,74100,5.27,5.33,5.52,-1.8651,-3.1064,-6.3851,0.0278,0.0102,0.0103
PHC,2023-03-24,5.17,5.23,5.17,5.17,37340,5.24,5.32,5.51,-1.3492,-2.797,-6.2542,-0.0148,-0.0053,0.011
PHC,2023-03-27,5.33,5.33,5.17,5.27,11900,5.22,5.31,5.51,0.861,-0.8293,-4.3238,0.0009,0.0004,0.011
PHC,2023-03-28,5.27,5.32,5.27,5.28,46356,5.23,5.31,5.5,0.948,-0.5534,-4.0675,-0.0071,-0.0029,0.0109
PHC,2023-03-29,5.26,5.28,5.26,5.28,3389,5.22,5.3,5.5,1.0367,-0.4501,-3.9714,0.0016,0.0006,0.0105
PHC,2023-03-30,5.19,5.32,5.16,5.28,48610,5.22,5.3,5.49,1.1078,-0.3293,-3.8912,0.0065,0.0027,0.0103
PHC,2023-03-31,5.2,5.27,5.14,5.27,22837,5.22,5.29,5.49,0.9852,-0.4077,-3.9748,0.0073,0.0026,0.0102
PHC,2023-04-03,5.27,5.33,5.23,5.31,85400,5.23,5.29,5.48,1.4569,0.3908,-3.2215,0.0073,0.0032,0.0105
PHC,2023-04-04,5.32,5.36,5.28,5.34,57090,5.25,5.29,5.48,1.766,1.0855,-2.4276,0.0068,0.0027,0.0112
PHC,2023-04-05,5.34,5.39,5.32,5.39,25580,5.27,5.28,5.47,2.158,1.9628,-1.4704,0.0059,0.0025,0.0086
PHC,2023-04-06,5.42,5.55,5.28,5.46,144143,5.3,5.29,5.46,2.9768,3.3435,-0.0269,0.0062,0.0027,0.0064
PHC,2023-04-07,5.29,5.32,5.23,5.27,89340,5.31,5.28,5.45,-0.8464,-0.1392,-3.38,-0.0042,-0.0018,0.0054
PHC,2023-04-10,5.27,5.32,5.27,5.29,31640,5.32,5.27,5.44,-0.5353,0.331,-2.857,-0.0017,-0.0007,0.0054
PHC,2023-04-11,5.23,5.28,5.14,5.28,43205,5.32,5.27,5.43,-0.708,0.1132,-2.8322,0.008,0.0032,0.0055
PHC,2023-04-12,5.35,5.38,5.3,5.31,67003,5.32,5.27,5.42,-0.2416,0.653,-2.1401,-0.0142,-0.0054,0.0068
PHC,2023-04-13,5.3,5.32,5.28,5.28,37995,5.32,5.27,5.41,-0.7594,0.1655,-2.4696,-0.0092,-0.0036,0.0071
PHC,2023-04-14,5.28,5.51,5.28,5.29,48422,5.32,5.27,5.4,-0.6211,0.3484,-2.134,-0.0065,-0.0027,0.007
PHC,2023-04-17,5.24,5.32,5.24,5.32,31914,5.32,5.28,5.4,-0.1208,0.7482,-1.4871,0.0137,0.0055,0.0076
PHC,2023-04-18,5.32,5.42,5.25,5.34,40410,5.32,5.29,5.39,0.3968,1.0768,-0.8484,0.0013,0.0005,0.0071
PHC,2023-04-19,5.34,5.35,5.25,5.34,13300,5.32,5.3,5.38,0.4834,0.884,-0.7673,0.0026,0.0011,0.0067
PHC,2023-04-20,5.34,5.34,5.25,5.34,21900,5.31,5.3,5.38,0.7095,0.7182,-0.6215,0.0123,0.0048,0.0074
PHC,2023-04-21,5.34,5.34,5.28,5.34,19288,5.31,5.31,5.37,0.5702,0.5529,-0.4924,0.0061,0.0024,0.0076
PHC,2023-04-24,5.34,5.34,5.27,5.32,27802,5.32,5.32,5.36,0.1554,0.1554,-0.7427,0.0052,0.0022,0.0079
PHC,2023-04-25,5.29,5.32,5.28,5.28,27000,5.32,5.32,5.36,-0.708,-0.708,-1.5141,-0.0077,-0.0032,0.0079
PHC,2023-04-26,5.28,5.32,5.23,5.32,20457,5.32,5.32,5.35,-0.0345,-0.0518,-0.7236,0.0047,0.0017,0.0069
PHC,2023-04-27,5.32,5.33,5.26,5.32,23100,5.32,5.32,5.35,-0.1035,-0.0863,-0.6111,0.0047,0.0018,0.0065
PHC,2023-04-28,5.26,5.32,5.23,5.32,44015,5.32,5.32,5.34,0.0,0.0345,-0.3436,0.0124,0.0047,0.0071
PHC,2023-05-04,5.33,5.34,5.29,5.32,18433,5.33,5.32,5.34,-0.0172,0.0172,-0.2202,0.0018,0.0007,0.0059
PHC,2023-05-05,5.32,5.33,5.23,5.31,40200,5.32,5.32,5.33,-0.2933,-0.2933,-0.4238,0.0071,0.0029,0.0065
PHC,2023-05-08,5.27,5.32,5.19,5.21,43130,5.31,5.31,5.32,-1.937,-2.0218,-2.1874,-0.0075,-0.0032,0.0069
PHC,2023-05-09,5.22,5.26,5.19,5.2,59781,5.29,5.3,5.31,-1.8384,-1.9489,-2.225,-0.0174,-0.0073,0.0074
PHC,2023-05-10,5.23,5.32,5.23,5.29,88864,5.29,5.3,5.31,0.0,-0.2338,-0.4149,0.0049,0.002,0.0073
PHC,2023-05-11,5.32,5.55,5.3,5.42,212010,5.3,5.31,5.31,2.253,2.0673,1.9773,-0.004,-0.0016,0.0072
PHC,2023-05-12,5.54,5.54,5.43,5.48,114740,5.32,5.32,5.31,3.0732,3.0821,3.1516,-0.004,-0.0016,0.0068
PHC,2023-05-15,5.51,5.57,5.48,5.5,86500,5.34,5.33,5.32,3.0626,3.2403,3.4542,-0.008,-0.0034,0.0072
PHC,2023-05-16,5.5,5.51,5.4,5.4,112010,5.34,5.33,5.32,1.0136,1.231,1.5579,-0.0346,-0.0128,0.0102
PHC,2023-05-17,5.4,5.44,5.39,5.42,46650,5.35,5.34,5.32,1.1833,1.453,1.8857,0.0,0.0,0.0089
PHC,2023-05-18,5.38,5.43,5.38,5.41,24101,5.36,5.34,5.32,0.8562,1.1941,1.7166,0.0,0.0,0.0088
PHC,2023-05-19,5.41,5.41,5.23,5.38,50101,5.37,5.35,5.32,0.2052,0.6441,1.1845,0.0096,0.0035,0.009
PHC,2023-05-22,5.32,5.47,5.32,5.44,66850,5.39,5.35,5.32,0.9534,1.7502,2.3755,0.0113,0.0045,0.0094
PHC,2023-05-23,5.44,5.5,5.42,5.43,73600,5.42,5.35,5.32,0.339,1.4915,2.2099,-0.0123,-0.0045,0.0089
PHC,2023-05-24,5.34,5.47,5.34,5.43,21141,5.43,5.36,5.32,0.0676,1.4046,2.2135,0.002,0.0007,0.0086
PHC,2023-05-25,5.46,5.46,5.38,5.42,39400,5.43,5.36,5.32,-0.2705,0.9755,1.8682,-0.0013,-0.0005,0.0083
PHC,2023-05-26,5.38,5.43,5.37,5.38,67752,5.42,5.37,5.32,-0.7621,0.1966,1.1217,-0.0153,-0.0062,0.0095
PHC,2023-05-29,5.42,5.62,5.42,5.6,194190,5.43,5.38,5.33,3.1102,4.0246,5.1543,0.0331,0.0134,0.012
PHC,2023-05-30,5.62,5.8,5.62,5.74,162149,5.46,5.4,5.33,4.9891,6.1661,7.5694,0.0126,0.0049,0.0098
PHC,2023-05-31,5.88,5.88,5.69,5.76,143103,5.5,5.43,5.34,4.6745,6.0824,7.7283,-0.0106,-0.0043,0.0108
PHC,2023-06-01,5.83,5.88,5.76,5.83,142546,5.54,5.45,5.36,5.2021,6.9384,8.841,0.0069,0.0029,0.0115
PHC,2023-06-02,5.86,5.86,5.74,5.8,100780,5.58,5.48,5.37,3.9132,5.9514,8.06,0.0017,0.0007,0.0107
PHC,2023-06-05,5.8,5.8,5.69,5.74,116350,5.61,5.5,5.38,2.2244,4.2709,6.6262,-0.0033,-0.0012,0.0099
PHC,2023-06-06,5.79,5.79,5.65,5.78,116356,5.65,5.53,5.39,2.4057,4.547,7.234,0.0178,0.0072,0.0105
PHC,2023-06-07,5.71,5.81,5.71,5.78,77587,5.68,5.56,5.41,1.7771,4.0806,6.99,0.0073,0.0027,0.011
PHC,2023-06-08,5.78,6.19,5.77,6.19,717963,5.76,5.6,5.42,7.4275,10.5824,14.0749,0.0684,0.0288,0.0177
PHC,2023-06-09,6.3,6.37,6.21,6.22,206543,5.84,5.63,5.44,6.5033,10.5044,14.3532,-0.0286,-0.011,0.019
PHC,2023-06-12,6.03,6.66,6.03,6.61,698503,5.94,5.69,5.47,11.1797,16.204,20.8459,0.1618,0.0591,0.0319
PHC,2023-06-13,6.75,7.07,6.74,7.07,1305612,6.08,5.77,5.51,16.2966,22.4749,28.3975,0.2489,0.1141,0.0555
PHC,2023-06-14,7.53,7.53,6.66,6.79,577821,6.18,5.84,5.54,9.8901,16.3156,22.7157,-0.0552,-0.025,0.06
PHC,2023-06-15,6.71,6.98,6.66,6.88,280830,6.29,5.91,5.57,9.375,16.2682,23.5077,0.0303,0.0131,0.0623
PHC,2023-06-16,7.02,7.1,6.7,6.79,209961,6.39,5.98,5.6,6.383,13.5143,21.3911,-0.0148,-0.0065,0.0636
PHC,2023-06-19,6.79,6.93,6.52,6.7,281670,6.48,6.05,5.62,3.3848,10.8159,19.1915,-0.0068,-0.0033,0.064
PHC,2023-06-20,6.84,6.84,6.59,6.73,66820,6.58,6.11,5.65,2.3171,10.0931,19.1444,0.0014,0.0006,0.0624
PHC,2023-06-21,6.79,6.98,6.61,6.98,368487,6.7,6.19,5.68,4.1952,12.7262,22.7906,0.0833,0.034,0.07
PHC,2023-06-22,7.11,7.11,6.89,6.93,458081,6.77,6.26,5.71,2.3729,10.6308,21.2812,-0.0674,-0.0291,0.0699
PHC,2023-06-23,6.93,7.06,6.77,6.79,278322,6.83,6.34,5.75,-0.4975,7.2231,18.2449,-0.0605,-0.0233,0.0731
PHC,2023-06-26,6.79,6.79,6.33,6.33,603476,6.8,6.37,5.77,-6.9673,-0.7348,9.7064,-0.1296,-0.0468,0.0698
PHC,2023-06-27,6.33,6.43,6.32,6.4,352384,6.73,6.4,5.79,-4.9502,-0.1003,10.5507,0.0555,0.0207,0.0505
PHC,2023-06-28,6.39,6.43,6.24,6.33,145001,6.69,6.43,5.81,-5.2588,-1.5481,9.0461,0.0,0.0,0.045
PHC,2023-06-29,6.42,6.55,6.24,6.24,324601,6.62,6.45,5.83,-5.7388,-3.2855,7.1237,-0.0444,-0.0172,0.0464
PHC,2023-06-30,6.24,6.43,6.24,6.25,120202,6.57,6.48,5.85,-4.8218,-3.4796,6.9477,-0.0351,-0.0133,0.0484
PHC,2023-07-03,6.26,6.43,6.26,6.32,101616,6.53,6.51,5.86,-3.2757,-2.9208,7.6885,-0.0121,-0.0047,0.0489
PHC,2023-07-04,6.35,6.43,6.33,6.39,180620,6.5,6.54,5.89,-1.6393,-2.2472,8.5532,0.007,0.0027,0.0495
PHC,2023-07-05,6.44,6.5,6.39,6.39,234952,6.44,6.57,5.91,-0.7416,-2.6982,8.1686,-0.0495,-0.019,0.0461
PHC,2023-07-06,6.46,6.46,6.28,6.3,146317,6.37,6.57,5.93,-1.1954,-4.1766,6.2643,-0.0241,-0.0089,0.0418
PHC,2023-07-07,6.3,6.7,6.24,6.66,682515,6.36,6.59,5.95,4.6478,0.9398,11.7861,0.1065,0.042,0.0464
PHC,2023-07-10,6.84,6.87,6.69,6.74,289245,6.4,6.6,5.98,5.2632,2.0933,12.6354,-0.0294,-0.0117,0.0364
PHC,2023-07-11,6.88,6.88,6.72,6.76,400450,6.44,6.58,6.01,4.9629,2.6142,12.4007,-0.0431,-0.0181,0.0351
PHC,2023-07-12,6.78,6.85,6.61,6.63,207576,6.47,6.58,6.04,2.4986,0.7887,9.7865,-0.048,-0.0184,0.0399
PHC,2023-07-13,6.77,6.77,6.61,6.73,197940,6.52,6.57,6.07,3.2831,2.4387,10.9429,0.02,0.0074,0.0375
PHC,2023-07-14,6.78,6.95,6.74,6.88,555264,6.58,6.57,6.1,4.5359,4.6089,12.7808,0.0423,0.0167,0.0382
PHC,2023-07-17,6.88,7.33,6.88,7.11,399000,6.66,6.59,6.13,6.7439,7.7694,15.8232,-0.0021,-0.0008,0.0372
PHC,2023-07-18,7.11,7.34,6.95,7.18,414239,6.74,6.62,6.17,6.5831,8.5131,16.2687,0.0165,0.007,0.0381
PHC,2023-07-19,7.21,7.62,7.21,7.49,631042,6.85,6.64,6.22,9.4274,12.7929,20.4641,0.0393,0.0193,0.0371
PHC,2023-07-20,7.44,7.53,7.25,7.4,412434,6.96,6.66,6.26,6.3746,11.0193,18.2338,0.0062,0.0026,0.0353
PHC,2023-07-21,7.34,7.43,7.24,7.25,315900,7.02,6.69,6.29,3.3761,8.442,15.2343,-0.0471,-0.0184,0.0294
PHC,2023-07-24,7.42,7.76,7.26,7.76,482508,7.12,6.76,6.34,8.9901,14.763,22.3786,0.0864,0.0422,0.0351
PHC,2023-07-25,8.3,8.3,8.17,8.3,2632612,7.27,6.85,6.4,14.127,21.0741,29.7359,0.5572,0.2768,0.0865
PHC,2023-07-26,8.35,8.35,8.06,8.22,933788,7.43,6.95,6.45,10.5757,18.2455,27.3296,0.013,0.0059,0.083
PHC,2023-07-27,8.26,8.79,8.26,8.79,1962145,7.64,7.08,6.52,15.0517,24.1648,34.7394,0.4,0.2068,0.121
PHC,2023-07-28,9.0,9.01,8.18,8.42,1502951,7.79,7.18,6.58,8.0603,17.181,27.9154,-0.1142,-0.0557,0.1282
PHC,2023-07-31,8.36,8.72,8.36,8.63,704843,7.94,7.3,6.64,8.6454,18.2167,29.8665,0.051,0.0243,0.1331
PHC,2023-08-01,8.67,9.23,8.56,9.23,2861580,8.15,7.44,6.72,13.2394,23.9822,37.2801,0.3096,0.1591,0.1624
PHC,2023-08-02,9.87,9.87,9.82,9.87,1992298,8.39,7.62,6.81,17.6921,29.5883,44.9295,0.4281,0.246,0.2013
PHC,2023-08-03,10.1,10.42,9.59,9.82,2171579,8.63,7.79,6.9,13.854,26.0677,42.4122,-0.1886,-0.0987,0.2195
PHC,2023-08-04,10.1,10.1,9.64,9.91,922314,8.89,7.95,6.99,11.4781,24.6394,41.8775,0.0248,0.0143,0.2173
PHC,2023-08-07,9.91,9.91,9.36,9.46,1726994,9.06,8.09,7.07,4.3249,16.8728,33.8323,-0.2271,-0.1195,0.2314
PHC,2023-08-08,9.46,9.82,9.46,9.59,850597,9.19,8.23,7.14,4.3539,16.5319,34.3153,-0.0292,-0.0168,0.1786
PHC,2023-08-09,9.78,10.24,9.59,10.14,1521378,9.39,8.41,7.23,8.079,20.6464,40.3032,0.1956,0.105,0.1968
PHC,2023-08-10,10.14,10.19,9.73,9.73,930536,9.48,8.56,7.31,2.6436,13.7034,33.1524,-0.1452,-0.0778,0.1714
PHC,2023-08-11,9.64,9.91,9.46,9.82,632623,9.62,8.71,7.39,2.0992,12.8335,32.9457,0.0642,0.0318,0.1663
PHC,2023-08-14,10.19,10.28,10.01,10.14,1099348,9.77,8.86,7.48,3.8046,14.5256,35.676,0.0,0.0,0.1612
PHC,2023-08-15,10.14,10.33,9.73,9.91,793496,9.84,8.99,7.56,0.7463,10.2322,31.1571,-0.0586,-0.0296,0.1361
PHC,2023-08-16,9.91,10.1,9.55,9.68,1018658,9.82,9.1,7.64,-1.4019,6.383,26.812,-0.1014,-0.049,0.1035
PHC,2023-08-17,9.73,10.14,9.46,9.87,956238,9.83,9.23,7.71,0.4204,6.9492,27.9823,0.0255,0.0138,0.0872
PHC,2023-08-18,9.55,10.05,9.18,9.18,1206666,9.75,9.32,7.77,-5.8824,-1.5409,18.1474,-0.0795,-0.0435,0.0926
PHC,2023-08-21,9.09,9.23,8.55,9.23,1082164,9.73,9.4,7.82,-5.1887,-1.8219,17.9439,0.2634,0.1389,0.0963
PHC,2023-08-22,9.23,9.55,8.72,9.32,570126,9.7,9.45,7.87,-3.9735,-1.3797,18.4364,0.0353,0.0185,0.0969
PHC,2023-08-23,9.64,9.73,9.18,9.46,667633,9.63,9.51,7.92,-1.858,-0.5744,19.3788,-0.0,-0.0,0.0773
PHC,2023-08-24,9.59,9.78,9.5,9.73,801637,9.63,9.56,7.98,1.0005,1.8154,21.9765,0.0864,0.0453,0.0714
PHC,2023-08-25,10.37,10.37,9.82,9.91,2659029,9.64,9.63,8.04,2.8082,2.9307,23.313,-0.3831,-0.1931,0.1033
PHC,2023-08-28,9.87,9.87,9.41,9.68,965097,9.6,9.68,8.1,0.9087,0.0,19.5711,0.0402,0.0195,0.1073
PHC,2023-08-29,9.41,9.87,9.41,9.41,1105122,9.55,9.69,8.15,-1.4423,-2.9356,15.4071,-0.2686,-0.1235,0.1283
PHC,2023-08-30,9.55,9.55,9.27,9.41,924668,9.52,9.67,8.2,-1.1572,-2.7053,14.7225,-0.0,-0.0,0.1182
PHC,2023-08-31,9.36,9.78,9.23,9.41,1076898,9.47,9.65,8.25,-0.6783,-2.497,14.0333,-0.0691,-0.0306,0.1226
PHC,2023-09-05,9.64,9.64,9.32,9.36,1208669,9.49,9.62,8.3,-1.354,-2.695,12.7745,-0.1983,-0.094,0.1344
PHC,2023-09-06,9.46,9.46,9.11,9.12,1477526,9.48,9.61,8.36,-3.7661,-5.0122,9.1636,-0.1898,-0.0864,0.1271
PHC,2023-09-07,9.12,9.46,9.12,9.18,1007560,9.47,9.59,8.41,-3.0444,-4.2329,9.0965,-0.1132,-0.0518,0.1349
PHC,2023-09-08,9.36,9.36,9.11,9.14,641199,9.44,9.54,8.47,-3.1128,-4.1155,7.9394,-0.0832,-0.0377,0.1432
PHC,2023-09-11,9.27,9.27,8.54,8.54,1079948,9.32,9.48,8.52,-8.3744,-9.9055,0.2436,-0.0979,-0.0444,0.1443
PHC,2023-09-12,8.58,9.0,8.57,8.72,515883,9.2,9.42,8.57,-5.1896,-7.43,1.809,-0.0193,-0.0083,0.1079
PHC,2023-09-13,9.0,9.13,8.72,8.86,509106,9.12,9.36,8.62,-2.8197,-5.3225,2.8061,-0.0288,-0.0124,0.1068
PHC,2023-09-14,8.87,8.9,8.45,8.45,381279,9.02,9.28,8.66,-6.3613,-9.0235,-2.4535,-0.0544,-0.0236,0.0854
PHC,2023-09-15,8.45,8.71,8.22,8.22,567226,8.9,9.21,8.69,-7.6844,-10.7899,-5.503,-0.1478,-0.0577,0.1002
PHC,2023-09-18,8.17,8.22,7.93,7.97,553824,8.76,9.11,8.73,-8.9956,-12.5793,-8.7046,-0.1045,-0.0434,0.1037
PHC,2023-09-19,7.98,8.08,7.84,8.08,384361,8.63,9.06,8.76,-6.3631,-10.8319,-7.7433,0.0751,0.0279,0.0914
PHC,2023-09-20,8.17,8.62,8.08,8.5,333598,8.56,9.02,8.79,-0.7503,-5.7938,-3.31,0.0368,0.0156,0.0761
PHC,2023-09-21,8.52,8.57,8.4,8.45,253111,8.49,8.98,8.83,-0.5405,-5.9497,-4.3042,-0.0178,-0.0072,0.0665
PHC,2023-09-22,8.17,8.26,7.86,7.89,620666,8.37,8.9,8.85,-5.6397,-11.3128,-10.8013,-0.0576,-0.0233,0.064
PHC,2023-09-25,7.89,7.97,7.34,7.34,464163,8.25,8.78,8.86,-10.9528,-16.3792,-17.1397,-0.0492,-0.0207,0.0591
PHC,2023-09-26,7.68,7.68,7.16,7.25,345800,8.1,8.65,8.87,-10.4714,-16.1537,-18.2449,-0.0316,-0.0135,0.0604
PHC,2023-09-27,7.34,7.34,6.93,7.24,223140,7.94,8.53,8.87,-8.765,-15.0608,-18.3737,0.0155,0.006,0.059
PHC,2023-09-28,7.34,7.35,7.16,7.21,130384,7.81,8.42,8.87,-7.7881,-14.3854,-18.7925,-0.0204,-0.007,0.0556
PHC,2023-09-29,7.43,7.43,7.19,7.21,124945,7.71,8.31,8.87,-6.581,-13.2501,-18.7404,-0.0318,-0.0118,0.044
PHC,2023-10-02,7.25,7.52,7.25,7.44,147866,7.66,8.21,8.87,-2.9359,-9.4112,-16.1595,0.027,0.0112,0.0363
PHC,2023-10-03,7.38,7.38,6.92,6.98,329750,7.55,8.09,8.86,-7.5988,-13.7491,-21.2859,-0.0315,-0.0127,0.0319
PHC,2023-10-04,6.98,7.09,6.88,6.99,182600,7.4,7.98,8.85,-5.5831,-12.4784,-21.045,-0.0,-0.0,0.0283
PHC,2023-10-05,7.27,7.27,6.98,6.98,85700,7.25,7.87,8.82,-3.7975,-11.3703,-20.9124,-0.0194,-0.0073,0.0284
PHC,2023-10-06,6.99,7.11,6.93,7.0,100200,7.16,7.76,8.8,-2.3327,-9.9078,-20.4842,-0.006,-0.0023,0.0233
PHC,2023-10-09,7.0,7.11,6.97,7.0,146400,7.13,7.69,8.76,-1.7386,-8.8901,-20.0562,-0.0221,-0.0081,0.0206
PHC,2023-10-10,7.07,7.16,7.06,7.13,169512,7.12,7.61,8.74,0.2322,-6.25,-18.3498,0.0163,0.0061,0.019
PHC,2023-10-11,7.13,7.55,7.13,7.46,341825,7.14,7.54,8.71,4.5525,-0.9985,-14.3381,0.048,0.0182,0.0223
PHC,2023-10-12,7.46,7.61,7.37,7.44,251221,7.16,7.49,8.68,3.8328,-0.6988,-14.302,-0.0429,-0.0167,0.0245
PHC,2023-10-13,7.23,7.44,7.21,7.34,186501,7.18,7.44,8.63,2.3541,-1.3503,-14.8646,0.0078,0.0027,0.0221
PHC,2023-10-16,7.4,7.44,7.16,7.16,234503,7.15,7.4,8.57,0.1798,-3.2918,-16.4775,-0.0504,-0.0177,0.0245
PHC,2023-10-17,7.17,7.25,7.06,7.06,124955,7.16,7.35,8.52,-1.347,-3.995,-17.1032,-0.0218,-0.008,0.0235
PHC,2023-10-18,7.05,7.05,6.57,6.61,373653,7.12,7.26,8.46,-7.1447,-8.9414,-21.8631,-0.0733,-0.0273,0.0308
PHC,2023-10-19,6.61,6.62,6.25,6.33,189427,7.05,7.15,8.39,-10.203,-11.4476,-24.5374,-0.0268,-0.0091,0.0315
PHC,2023-10-20,6.43,6.43,6.24,6.38,172403,6.99,7.08,8.32,-8.7567,-9.8515,-23.3027,0.0158,0.0053,0.0325
PHC,2023-10-23,6.38,6.47,6.26,6.28,79704,6.92,7.02,8.25,-9.2598,-10.6058,-23.885,-0.025,-0.0088,0.0328
PHC,2023-10-24,6.28,6.41,6.24,6.29,93829,6.84,6.98,8.18,-8.0043,-9.8566,-23.1149,-0.0153,-0.0052,0.0327
PHC,2023-10-25,6.3,6.38,6.3,6.33,127301,6.72,6.93,8.1,-5.7763,-8.6032,-21.8254,-0.0039,-0.0014,0.0283
PHC,2023-10-26,6.21,6.25,5.89,5.89,423371,6.57,6.86,8.02,-10.2725,-14.1482,-26.5345,-0.0466,-0.017,0.0287
PHC,2023-10-27,5.89,6.09,5.69,5.92,200180,6.43,6.8,7.95,-7.8571,-12.932,-25.4921,0.0084,0.0028,0.0287
PHC,2023-10-30,6.08,6.08,5.84,5.89,85158,6.3,6.72,7.87,-6.4413,-12.343,-25.0893,-0.0116,-0.0041,0.0248
PHC,2023-10-31,5.87,5.91,5.55,5.55,104685,6.15,6.65,7.79,-9.6745,-16.5114,-28.7498,-0.0197,-0.0067,0.0246
PHC,2023-11-01,5.55,5.9,5.38,5.55,83479,6.04,6.58,7.72,-8.0966,-15.603,-28.0721,-0.0051,-0.0017,0.0178
PHC,2023-11-02,5.63,5.94,5.58,5.94,285916,6.0,6.53,7.65,-1.0703,-9.027,-22.3997,0.0432,0.0147,0.0195
PHC,2023-11-03,6.23,6.23,5.99,6.06,115044,5.97,6.48,7.59,1.4604,-6.5288,-20.1317,-0.0139,-0.0043,0.0193
PHC,2023-11-06,6.06,6.24,5.98,6.02,95928,5.95,6.43,7.51,1.2815,-6.386,-19.8318,-0.0183,-0.0062,0.0186
PHC,2023-11-07,6.02,6.2,5.95,6.15,266016,5.93,6.38,7.44,3.6831,-3.6526,-17.2921,0.0559,0.0202,0.0227
PHC,2023-11-08,6.15,6.43,6.11,6.42,155113,5.94,6.33,7.37,8.0204,1.3484,-12.9471,0.0168,0.006,0.024
PHC,2023-11-09,6.64,6.64,6.35,6.43,265578,5.99,6.28,7.31,7.214,2.3093,-12.1111,-0.0214,-0.0073,0.0214
PHC,2023-11-10,6.43,6.47,6.33,6.35,174577,6.04,6.23,7.25,5.2311,1.9446,-12.3829,-0.0265,-0.0089,0.0232
PHC,2023-11-13,6.36,6.41,6.17,6.25,133403,6.07,6.19,7.19,2.9478,1.0611,-13.0179,-0.0134,-0.0045,0.0234
PHC,2023-11-14,6.33,6.38,6.26,6.26,122211,6.14,6.15,7.13,1.9127,1.8671,-12.1315,-0.0429,-0.0155,0.0257
PHC,2023-11-15,6.33,6.56,6.33,6.33,271369,6.22,6.13,7.07,1.815,3.2934,-10.3989,-0.0501,-0.0173,0.0302
PHC,2023-11-16,6.34,6.44,6.33,6.38,113704,6.27,6.13,7.01,1.8315,4.003,-9.029,-0.0037,-0.0012,0.0263
PHC,2023-11-17,6.36,6.55,6.29,6.29,197012,6.29,6.13,6.96,-0.0,2.5833,-9.602,-0.0316,-0.0114,0.0281
PHC,2023-11-20,6.27,6.27,5.92,6.23,125000,6.31,6.13,6.91,-1.2076,1.7228,-9.7962,0.0211,0.0075,0.0283
PHC,2023-11-21,6.29,6.42,6.26,6.37,68515,6.33,6.13,6.86,0.6235,3.9,-7.1721,0.0091,0.0028,0.0237
PHC,2023-11-22,6.33,6.51,6.33,6.4,229256,6.33,6.13,6.81,1.0877,4.2945,-6.0976,-0.0111,-0.0037,0.0231
PHC,2023-11-23,6.4,6.44,6.37,6.37,108300,6.32,6.16,6.77,0.7403,3.4431,-5.9289,-0.0115,-0.0041,0.0221
PHC,2023-11-24,6.32,6.42,6.16,6.22,127355,6.31,6.17,6.73,-1.3818,0.8103,-7.5539,-0.0087,-0.0028,0.0203
PHC,2023-11-27,6.22,6.29,6.16,6.16,78600,6.3,6.19,6.7,-2.2578,-0.4451,-8.0141,-0.0216,-0.0072,0.0211
PHC,2023-11-28,6.2,6.2,6.1,6.19,63603,6.29,6.22,6.66,-1.7063,-0.5093,-7.0781,0.0111,0.0036,0.0179
PHC,2023-11-29,6.19,6.33,6.19,6.21,44913,6.28,6.25,6.61,-1.0812,-0.5947,-6.0192,-0.009,-0.0029,0.0138
PHC,2023-11-30,6.16,6.23,6.16,6.17,115700,6.26,6.26,6.57,-1.4807,-1.5096,-6.0665,-0.0171,-0.0054,0.0152
PHC,2023-12-01,6.17,6.22,6.15,6.18,64020,6.25,6.27,6.53,-1.1602,-1.4569,-5.4324,-0.006,-0.002,0.0126
PHC,2023-12-04,6.26,6.37,6.24,6.33,169385,6.26,6.29,6.51,1.173,0.7814,-2.7429,0.012,0.0042,0.0117
PHC,2023-12-05,6.33,6.56,6.33,6.56,404392,6.28,6.31,6.5,4.5169,4.0908,0.9944,0.0951,0.0332,0.0203
PHC,2023-12-06,6.66,6.74,6.62,6.7,183586,6.31,6.32,6.49,6.1973,6.0353,3.2853,0.0142,0.005,0.0206
PHC,2023-12-07,6.74,6.77,6.43,6.59,232700,6.33,6.33,6.48,4.0881,4.1561,1.7804,-0.0014,-0.0005,0.0196
PHC,2023-12-08,6.66,6.66,6.49,6.54,162734,6.36,6.34,6.46,2.7121,3.1361,1.1392,-0.0207,-0.0068,0.0208
PHC,2023-12-11,6.53,6.55,6.47,6.47,110160,6.39,6.35,6.44,1.2059,1.9449,0.4445,-0.0354,-0.0123,0.0222
PHC,2023-12-12,6.48,6.55,6.48,6.55,66083,6.43,6.36,6.43,1.7844,2.8712,1.7205,0.0168,0.0058,0.0228
PHC,2023-12-13,6.55,6.63,6.44,6.45,175675,6.45,6.37,6.42,-0.0142,1.3333,0.4601,-0.0275,-0.0091,0.0246
PHC,2023-12-14,6.55,6.56,6.44,6.5,115004,6.49,6.37,6.41,0.184,1.9585,1.3252,-0.002,-0.0007,0.0231
PHC,2023-12-15,6.55,6.55,6.33,6.36,163182,6.51,6.38,6.4,-2.2153,-0.2591,-0.6252,-0.0299,-0.0094,0.0255
PHC,2023-12-18,6.51,6.51,6.21,6.22,144034,6.49,6.38,6.39,-4.1696,-2.4109,-2.5386,-0.0426,-0.0135,0.0286
PHC,2023-12-19,6.16,6.33,6.14,6.24,79744,6.46,6.37,6.37,-3.4091,-2.0243,-1.9777,0.0009,0.0003,0.0191
PHC,2023-12-20,6.18,6.41,6.18,6.24,104422,6.42,6.36,6.34,-2.7182,-1.9042,-1.6004,-0.0243,-0.0072,0.0202
PHC,2023-12-21,6.24,6.31,6.24,6.31,21100,6.39,6.36,6.32,-1.2789,-0.8443,-0.2324,0.0088,0.0028,0.0209
PHC,2023-12-22,6.31,6.33,6.24,6.24,47010,6.36,6.36,6.3,-1.8334,-1.8688,-0.9035,-0.0171,-0.0056,0.0205
PHC,2023-12-25,6.24,6.41,6.24,6.33,136600,6.35,6.37,6.28,-0.1736,-0.562,0.8182,0.0058,0.0017,0.0176
PHC,2023-12-26,6.38,6.4,6.34,6.34,124142,6.33,6.38,6.27,0.2903,-0.5398,1.195,-0.0481,-0.0146,0.0207
PHC,2023-12-27,6.39,6.41,6.35,6.36,90304,6.32,6.39,6.26,0.7267,-0.3666,1.5682,-0.0163,-0.0053,0.0196
PHC,2023-12-28,6.43,6.45,6.37,6.45,144413,6.31,6.4,6.27,2.2545,0.8464,2.9946,0.0485,0.016,0.0242
PHC,2023-12-29,6.45,6.45,6.37,6.37,88500,6.31,6.41,6.27,0.9308,-0.5944,1.679,-0.0256,-0.008,0.0238
PHC,2024-01-02,6.43,6.44,6.37,6.37,70304,6.33,6.41,6.27,0.6965,-0.6229,1.6492,-0.0144,-0.0048,0.021
PHC,2024-01-03,6.38,6.56,6.35,6.54,244427,6.36,6.41,6.27,2.8307,1.9765,4.2033,0.0362,0.0127,0.0245
PHC,2024-01-04,6.54,6.56,6.44,6.47,67181,6.38,6.4,6.28,1.4534,1.155,3.1335,-0.0047,-0.0016,0.0225
PHC,2024-01-05,6.56,6.56,6.44,6.44,152020,6.39,6.39,6.29,0.8041,0.8403,2.5147,-0.0463,-0.0156,0.0263
PHC,2024-01-08,6.52,6.52,6.43,6.44,187532,6.41,6.39,6.3,0.4867,0.9128,2.3443,-0.0272,-0.0091,0.0273
PHC,2024-01-09,6.44,6.47,6.4,6.44,68149,6.42,6.38,6.31,0.1858,0.798,2.023,0.0,0.0,0.0267
PHC,2024-01-10,6.44,6.49,6.41,6.41,199709,6.43,6.38,6.32,-0.3427,0.475,1.3121,-0.0473,-0.0161,0.0266
PHC,2024-01-11,6.46,6.46,6.38,6.43,51764,6.44,6.38,6.34,-0.1569,0.7847,1.323,0.0017,0.0006,0.0252
PHC,2024-01-12,6.34,6.37,6.28,6.29,229100,6.42,6.37,6.35,-2.0449,-1.2114,-0.9572,-0.0387,-0.0135,0.0242
PHC,2024-01-15,6.3,6.37,6.3,6.34,63133,6.42,6.36,6.35,-1.1445,-0.3317,-0.1791,0.0035,0.0012,0.022
PHC,2024-01-16,6.34,6.35,6.29,6.35,92100,6.41,6.37,6.36,-0.9731,-0.2882,-0.1385,0.0192,0.0061,0.0225
PHC,2024-01-17,6.34,6.38,6.33,6.33,88929,6.39,6.38,6.37,-0.9475,-0.6479,-0.4846,-0.0161,-0.0052,0.0205
PHC,2024-01-18,6.38,6.38,6.29,6.34,67700,6.38,6.38,6.36,-0.6041,-0.5827,-0.3174,0.005,0.0016,0.0205
PHC,2024-01-19,6.35,6.41,6.35,6.37,54190,6.37,6.38,6.36,-0.0576,-0.2013,0.1327,-0.0048,-0.0016,0.0164
PHC,2024-01-22,6.37,6.38,6.31,6.37,79100,6.37,6.39,6.36,0.0577,-0.3017,0.127,0.0168,0.0056,0.0153
PHC,2024-01-23,6.31,6.37,6.31,6.36,49585,6.36,6.39,6.37,0.0289,-0.4668,-0.0519,0.0116,0.0037,0.0165
PHC,2024-01-24,6.33,6.43,6.32,6.32,77023,6.35,6.39,6.37,-0.5493,-1.1636,-0.7902,-0.0256,-0.0081,0.0143
PHC,2024-01-25,6.33,6.43,6.33,6.41,109700,6.35,6.39,6.37,0.9254,0.2369,0.6286,0.0282,0.0089,0.017
PHC,2024-01-26,6.41,6.41,6.33,6.33,44202,6.35,6.39,6.37,-0.4335,-0.9559,-0.6517,-0.0171,-0.0053,0.0148
PHC,2024-01-29,6.33,6.43,6.3,6.33,45220,6.35,6.38,6.37,-0.2746,-0.7837,-0.5219,-0.0057,-0.0019,0.015
PHC,2024-01-30,6.32,6.52,6.29,6.49,221506,6.37,6.39,6.37,1.9613,1.5659,1.8468,0.0502,0.0157,0.0181
PHC,2024-01-31,6.49,6.51,6.33,6.34,139851,6.37,6.38,6.37,-0.3605,-0.5827,-0.4495,-0.0181,-0.0063,0.0183
PHC,2024-02-01,6.33,6.43,6.31,6.31,56813,6.36,6.37,6.37,-0.8801,-1.03,-0.9972,-0.0196,-0.0055,0.0198
PHC,2024-02-02,6.33,6.43,6.33,6.35,162106,6.36,6.37,6.37,-0.1299,-0.2379,-0.2709,-0.0228,-0.0072,0.0216
PHC,2024-02-05,6.35,6.43,6.24,6.31,149554,6.35,6.36,6.37,-0.7512,-0.8515,-1.0172,-0.0109,-0.0036,0.021
PHC,2024-02-06,6.33,6.42,6.3,6.35,68100,6.35,6.36,6.38,-0.0144,-0.065,-0.3571,-0.0017,-0.0005,0.02
PHC,2024-02-07,6.33,6.37,6.31,6.37,66060,6.36,6.35,6.38,0.1877,0.2528,-0.1266,0.0208,0.0066,0.0195
PHC,2024-02-15,6.37,6.43,6.34,6.38,117600,6.36,6.35,6.38,0.3755,0.4335,-0.0345,-0.0035,-0.0011,0.017
PHC,2024-02-16,6.4,6.44,6.4,6.42,161784,6.37,6.36,6.39,0.8076,0.9095,0.4628,0.0,0.0,0.0153
PHC,2024-02-19,6.43,6.61,6.43,6.61,214943,6.39,6.37,6.4,3.3889,3.724,3.3414,0.0452,0.014,0.0193
PHC,2024-02-20,6.72,6.72,6.54,6.61,155700,6.4,6.39,6.4,3.1962,3.5152,3.2525,-0.0078,-0.0025,0.015
PHC,2024-02-21,6.57,6.6,6.45,6.54,135301,6.42,6.4,6.4,1.7434,2.2034,2.114,0.0044,0.0014,0.0137
PHC,2024-02-22,6.56,6.6,6.51,6.54,509910,6.45,6.4,6.4,1.3812,2.0496,2.1667,-0.0424,-0.0138,0.0159
PHC,2024-02-23,6.58,6.93,6.56,6.66,952738,6.48,6.42,6.4,2.7494,3.6825,4.0112,-0.0472,-0.0157,0.0184
PHC,2024-02-26,6.7,6.87,6.62,6.79,473561,6.53,6.44,6.4,4.0934,5.4807,6.078,0.0397,0.0126,0.0213
PHC,2024-02-27,6.88,6.88,6.71,6.82,226396,6.57,6.46,6.41,3.7709,5.5323,6.3921,0.0128,0.004,0.0224
PHC,2024-02-28,6.87,6.87,6.63,6.66,285797,6.6,6.48,6.41,0.8205,2.7058,3.779,-0.0533,-0.0163,0.0256
PHC,2024-02-29,6.66,6.66,6.53,6.55,291591,6.62,6.49,6.41,-1.0959,0.8986,2.0321,-0.0439,-0.0136,0.0296
PHC,2024-03-01,6.55,6.61,6.54,6.61,137521,6.64,6.5,6.42,-0.4149,1.6662,2.9984,0.0288,0.0093,0.0325
PHC,2024-03-04,6.61,6.71,6.59,6.7,420700,6.65,6.52,6.42,0.8287,2.7879,4.3185,0.073,0.0215,0.0353
PHC,2024-03-05,6.7,6.7,6.56,6.59,225161,6.64,6.52,6.43,-0.8013,1.02,2.4865,-0.0258,-0.0074,0.0371
PHC,2024-03-06,6.65,6.67,6.57,6.59,125836,6.65,6.54,6.44,-0.8835,0.8285,2.3755,-0.0147,-0.0048,0.0381
PHC,2024-03-07,6.59,6.63,6.55,6.59,161614,6.66,6.55,6.45,-0.9655,0.6095,2.2646,0.0034,0.001,0.0342
PHC,2024-03-08,6.57,6.59,6.44,6.55,210980,6.65,6.56,6.45,-1.3676,-0.1049,1.6168,0.0108,0.0035,0.0306
PHC,2024-03-11,6.55,6.61,6.47,6.5,147901,6.62,6.57,6.46,-1.7622,-1.0897,0.6826,-0.0158,-0.0047,0.0282
PHC,2024-03-12,6.5,6.56,6.47,6.5,107840,6.58,6.58,6.46,-1.2828,-1.2001,0.6311,-0.0108,-0.0034,0.028
PHC,2024-03-13,6.55,6.58,6.47,6.51,256019,6.57,6.59,6.46,-0.9223,-1.164,0.7217,-0.0117,-0.0032,0.0239
PHC,2024-03-14,6.51,6.58,6.5,6.51,157800,6.57,6.59,6.46,-0.8669,-1.2604,0.6759,-0.0235,-0.0066,0.0218
PHC,2024-03-15,6.49,6.55,6.47,6.52,241766,6.56,6.6,6.47,-0.5881,-1.1968,0.7979,0.0119,0.0034,0.0201
PHC,2024-03-18,6.52,6.55,6.33,6.52,399590,6.54,6.59,6.47,-0.3089,-1.128,0.7521,0.0376,0.0104,0.0166
PHC,2024-03-19,6.58,6.75,6.55,6.57,189150,6.54,6.59,6.47,0.5618,-0.2647,1.5401,-0.0332,-0.0101,0.0173
PHC,2024-03-20,6.65,6.65,6.52,6.57,101539,6.53,6.59,6.47,0.5901,-0.2924,1.5286,-0.0026,-0.0008,0.0161
PHC,2024-03-21,6.57,6.76,6.56,6.66,383978,6.54,6.6,6.48,1.7544,0.8696,2.7465,-0.0028,-0.0009,0.0161
PHC,2024-03-22,6.74,6.74,6.61,6.63,168566,6.55,6.6,6.48,1.2197,0.4731,2.2634,-0.0209,-0.006,0.0171
PHC,2024-03-25,6.63,6.68,6.55,6.55,135805,6.55,6.58,6.48,0.014,-0.4601,1.0959,-0.0198,-0.0058,0.0175
PHC,2024-03-26,6.55,6.55,6.45,6.51,139427,6.55,6.57,6.48,-0.7003,-0.9223,0.3652,0.0022,0.0007,0.0166
PHC,2024-03-27,6.55,6.7,6.51,6.55,124509,6.56,6.56,6.49,-0.07,-0.1468,1.0273,-0.0158,-0.0047,0.017
PHC,2024-03-28,6.55,6.61,6.5,6.52,188212,6.56,6.56,6.49,-0.6437,-0.6854,0.4329,-0.0277,-0.0078,0.0175
PHC,2024-03-29,6.53,6.53,6.49,6.51,86241,6.56,6.56,6.49,-0.7698,-0.7489,0.2233,-0.0,-0.0,0.0163
PHC,2024-04-01,6.51,6.53,6.47,6.48,128003,6.56,6.55,6.5,-1.1343,-1.0026,-0.243,-0.0252,-0.0073,0.015
PHC,2024-04-02,6.48,6.48,6.39,6.44,237720,6.54,6.54,6.5,-1.5013,-1.4529,-0.8363,0.0066,0.0018,0.0124
PHC,2024-04-03,6.45,6.5,6.4,6.4,96600,6.53,6.53,6.5,-1.9415,-2.0104,-1.562,-0.0127,-0.0036,0.0134
PHC,2024-04-04,6.45,6.45,6.32,6.33,145137,6.49,6.52,6.5,-2.5735,-2.9372,-2.6864,-0.0214,-0.0061,0.0152
PHC,2024-04-05,6.33,6.41,6.16,6.33,129354,6.46,6.5,6.5,-2.1168,-2.766,-2.6726,0.0063,0.0018,0.0138
PHC,2024-04-08,6.33,6.34,6.23,6.24,88100,6.43,6.49,6.5,-2.9265,-3.8462,-3.9059,-0.0146,-0.0042,0.0132
PHC,2024-04-09,6.24,6.31,6.17,6.3,168642,6.41,6.48,6.49,-1.7474,-2.8466,-3.0389,0.0309,0.0086,0.0161
PHC,2024-04-10,6.31,6.33,6.22,6.33,67600,6.39,6.47,6.5,-0.9631,-2.2834,-2.6176,0.0139,0.004,0.0159
PHC,2024-04-11,6.2,6.36,6.18,6.21,76700,6.36,6.46,6.49,-2.2241,-3.7669,-4.2568,-0.0136,-0.0039,0.0145
PHC,2024-04-12,6.29,6.29,6.14,6.15,153903,6.32,6.44,6.49,-2.687,-4.4904,-5.1958,-0.0341,-0.01,0.0179
PHC,2024-04-15,6.0,6.13,5.73,5.74,255340,6.25,6.4,6.48,-8.1423,-10.3621,-11.4003,-0.0196,-0.0057,0.0174
PHC,2024-04-16,5.9,5.9,5.51,5.67,193012,6.17,6.36,6.46,-8.0357,-10.7388,-12.171,-0.0052,-0.0014,0.0172
PHC,2024-04-17,5.67,5.77,5.63,5.63,47811,6.09,6.31,6.45,-7.6251,-10.7974,-12.688,-0.0078,-0.0022,0.0167
PHC,2024-04-19,5.63,5.74,5.58,5.68,140534,6.03,6.26,6.43,-5.7265,-9.2242,-11.6623,0.007,0.002,0.0153
PHC,2024-04-22,5.69,6.06,5.69,5.97,123420,5.99,6.23,6.42,-0.4137,-4.1722,-7.1269,0.0221,0.0064,0.0169
PHC,2024-04-23,5.97,6.04,5.86,5.86,57100,5.95,6.19,6.42,-1.6191,-5.4114,-8.7137,-0.0166,-0.0048,0.0171
PHC,2024-04-24,5.88,6.24,5.88,6.12,75100,5.94,6.17,6.41,3.155,-0.8031,-4.496,0.0059,0.0015,0.0146
PHC,2024-04-25,6.1,6.38,6.09,6.29,215140,5.93,6.16,6.41,6.0043,2.094,-1.8934,0.0358,0.0091,0.0168
PHC,2024-04-26,6.42,6.52,6.29,6.29,216400,5.94,6.15,6.41,5.8733,2.2846,-1.8653,-0.0857,-0.022,0.024
PHC,2024-05-02,6.24,6.33,5.92,6.24,104140,5.95,6.13,6.4,4.9383,1.7583,-2.5285,0.0255,0.007,0.0231
PHC,2024-05-03,6.24,6.24,5.97,6.08,89503,5.98,6.11,6.39,1.5805,-0.6081,-4.9506,-0.0058,-0.0016,0.0217
PHC,2024-05-06,6.08,6.15,6.08,6.15,103002,6.03,6.1,6.38,1.9942,0.8353,-3.6637,0.0217,0.0065,0.0234
PHC,2024-05-07,6.15,6.23,6.1,6.23,74900,6.09,6.09,6.38,2.3361,2.3284,-2.2768,0.0288,0.0069,0.0255
PHC,2024-05-08,6.15,6.38,6.14,6.33,170504,6.16,6.09,6.37,2.8929,3.9783,-0.6308,0.0241,0.0071,0.0272
PHC,2024-05-09,6.43,6.43,6.16,6.33,18137,6.19,6.09,6.37,2.1497,3.8276,-0.6718,0.0012,0.0003,0.0251
PHC,2024-05-10,6.24,6.32,6.17,6.24,92401,6.23,6.09,6.36,0.1915,2.4714,-1.7994,0.0,0.0,0.0234
PHC,2024-05-13,6.31,6.31,6.2,6.29,51903,6.25,6.09,6.35,0.6613,3.2326,-0.9113,0.0125,0.004,0.0241
PHC,2024-05-14,6.29,6.29,6.22,6.27,92501,6.25,6.09,6.34,0.3969,2.9778,-1.0804,0.0138,0.0039,0.0219
PHC,2024-05-15,6.27,6.36,6.21,6.23,113152,6.24,6.09,6.33,-0.103,2.3592,-1.5628,-0.0249,-0.0067,0.0158
PHC,2024-05-16,6.26,6.42,6.23,6.26,105753,6.24,6.1,6.33,0.3089,2.7186,-1.0188,-0.0168,-0.0047,0.015
PHC,2024-05-17,6.24,6.29,6.21,6.26,48403,6.26,6.12,6.32,0.0147,2.2795,-0.8807,0.0037,0.001,0.0147
PHC,2024-05-20,6.37,6.37,6.24,6.24,111900,6.27,6.15,6.31,-0.4247,1.5077,-1.0621,-0.0194,-0.0053,0.0145
PHC,2024-05-21,6.24,6.26,6.2,6.23,241130,6.27,6.18,6.3,-0.5711,0.8616,-1.0954,0.0073,0.002,0.0124
PHC,2024-05-22,6.24,6.26,6.21,6.21,172106,6.26,6.21,6.29,-0.6749,0.1331,-1.2688,-0.0184,-0.0054,0.0118
PHC,2024-05-23,6.24,6.24,6.15,6.2,174002,6.24,6.22,6.29,-0.7645,-0.3469,-1.4483,0.0,0.0,0.0117
PHC,2024-05-24,6.2,6.22,6.11,6.13,65678,6.23,6.23,6.28,-1.62,-1.5983,-2.3563,-0.0079,-0.0021,0.0125
PHC,2024-05-27,6.22,6.22,6.13,6.15,56365,6.22,6.23,6.27,-1.107,-1.3255,-1.955,-0.0098,-0.0029,0.0122
PHC,2024-05-28,6.16,6.21,6.12,6.14,55565,6.21,6.23,6.27,-1.0501,-1.3565,-1.9866,-0.0081,-0.0022,0.0116
PHC,2024-05-29,6.21,6.38,6.13,6.3,254557,6.21,6.23,6.26,1.3593,1.1426,0.5718,0.0135,0.004,0.0105
PHC,2024-05-30,6.15,6.31,6.15,6.25,88163,6.21,6.23,6.26,0.6354,0.3981,-0.0763,0.0048,0.0012,0.0093
PHC,2024-05-31,6.25,6.25,6.19,6.19,70534,6.2,6.23,6.25,-0.2811,-0.7218,-0.9988,-0.0192,-0.0054,0.0108
PHC,2024-06-03,6.2,6.29,6.13,6.21,158563,6.2,6.24,6.24,0.074,-0.4711,-0.5882,-0.0019,-0.0005,0.0091
PHC,2024-06-04,6.21,6.29,6.16,6.2,46402,6.2,6.23,6.23,-0.0148,-0.5891,-0.6154,-0.0045,-0.0012,0.0088
PHC,2024-06-05,6.2,6.36,6.2,6.28,350760,6.2,6.23,6.23,1.2134,0.7809,0.8314,-0.0,-0.0,0.007
PHC,2024-06-06,6.26,6.61,6.26,6.38,361705,6.22,6.23,6.22,2.5376,2.3564,2.5346,-0.0354,-0.0096,0.0105
PHC,2024-06-07,6.54,6.54,6.33,6.39,183900,6.25,6.24,6.22,2.2627,2.3831,2.7367,-0.0287,-0.0082,0.0126
PHC,2024-06-10,6.39,6.4,6.28,6.29,198704,6.26,6.24,6.21,0.4252,0.7649,1.1847,-0.0434,-0.012,0.0159
PHC,2024-06-11,6.29,6.29,6.24,6.24,86270,6.27,6.24,6.21,-0.4684,0.0515,0.5471,-0.0159,-0.0042,0.0167
PHC,2024-06-12,6.24,6.25,6.15,6.24,98001,6.27,6.24,6.2,-0.3809,0.0441,0.6364,0.0153,0.004,0.0169
PHC,2024-06-13,6.3,6.33,6.2,6.24,144215,6.27,6.24,6.2,-0.3663,0.0589,0.7228,-0.0115,-0.0029,0.0176
PHC,2024-06-14,6.25,6.31,6.16,6.16,127600,6.26,6.23,6.19,-1.6417,-1.1855,-0.5071,-0.013,-0.0036,0.017
PHC,2024-06-17,6.19,6.19,6.13,6.16,52800,6.26,6.23,6.19,-1.5696,-1.12,-0.4156,-0.0,-0.0,0.0168
PHC,2024-06-18,6.16,6.26,6.16,6.2,107800,6.26,6.23,6.18,-0.9828,-0.5012,0.2436,-0.0064,-0.0015,0.017
PHC,2024-06-19,6.16,6.24,6.13,6.21,86401,6.25,6.23,6.18,-0.5874,-0.2064,0.5764,0.0107,0.0027,0.018
PHC,2024-06-20,6.21,6.21,6.13,6.2,132601,6.23,6.23,6.18,-0.5891,-0.5012,0.321,0.0179,0.0049,0.0163
PHC,2024-06-21,6.21,6.21,6.13,6.13,209612,6.21,6.23,6.17,-1.2127,-1.533,-0.6839,-0.0471,-0.0129,0.0181
PHC,2024-06-24,6.15,6.21,6.1,6.12,134722,6.19,6.23,6.17,-1.0973,-1.6587,-0.7765,-0.0109,-0.0028,0.0149
PHC,2024-06-25,6.15,6.17,6.14,6.15,41205,6.18,6.23,6.17,-0.5049,-1.2236,-0.2739,-0.0053,-0.0014,0.0138
PHC,2024-06-26,6.15,6.15,6.14,6.15,75302,6.17,6.22,6.17,-0.3569,-1.107,-0.2531,0.0239,0.0056,0.0147
PHC,2024-06-27,6.23,6.23,6.13,6.15,36930,6.16,6.21,6.17,-0.2085,-1.0267,-0.2531,-0.0096,-0.0026,0.0145
PHC,2024-06-28,6.12,6.18,6.12,6.12,33200,6.16,6.21,6.17,-0.5961,-1.4189,-0.8237,-0.0079,-0.0021,0.014
PHC,2024-07-01,6.15,6.15,6.06,6.1,39128,6.15,6.21,6.18,-0.9399,-1.7751,-1.4047,-0.0028,-0.0006,0.0142
PHC,2024-07-02,6.12,6.28,6.1,6.13,33200,6.15,6.2,6.19,-0.2389,-1.1322,-0.9725,-0.0084,-0.002,0.0144
PHC,2024-07-03,6.13,6.15,6.12,6.14,101178,6.14,6.2,6.2,0.0299,-0.8742,-0.971,0.0143,0.0036,0.0148
PHC,2024-07-04,6.14,6.15,6.1,6.13,50601,6.13,6.18,6.2,-0.015,-0.824,-1.1717,0.0038,0.0009,0.0134
PHC,2024-07-05,6.09,6.13,6.09,6.13,45210,6.13,6.17,6.21,-0.015,-0.6174,-1.2594,0.0144,0.0037,0.0101
PHC,2024-07-08,6.14,6.14,6.08,6.09,68300,6.13,6.16,6.21,-0.7039,-1.1996,-1.9869,-0.0124,-0.0031,0.0103
PHC,2024-07-09,6.08,6.17,6.06,6.17,54918,6.13,6.16,6.21,0.6139,0.2013,-0.6182,0.0131,0.0034,0.011
PHC,2024-07-10,6.16,6.18,6.11,6.15,33402,6.13,6.15,6.2,0.3144,-0.0224,-0.87,0.0011,0.0003,0.0088
PHC,2024-07-11,6.15,6.15,6.1,6.14,60731,6.13,6.15,6.2,0.1797,-0.0896,-0.9857,0.0106,0.0026,0.0089
PHC,2024-07-12,6.14,6.15,6.08,6.1,27806,6.13,6.14,6.2,-0.3895,-0.6425,-1.5865,-0.0024,-0.0006,0.0083
PHC,2024-07-15,6.1,6.13,6.09,6.09,28524,6.13,6.14,6.2,-0.6742,-0.882,-1.8621,-0.0114,-0.003,0.0092
PHC,2024-07-16,6.09,6.1,6.05,6.08,119700,6.12,6.13,6.2,-0.7347,-0.9353,-1.9608,0.0063,0.0016,0.009
PHC,2024-07-17,6.13,6.13,5.88,5.89,75000,6.1,6.12,6.19,-3.3424,-3.6759,-4.7873,-0.0108,-0.0032,0.0086
PHC,2024-07-18,5.89,5.95,5.88,5.95,43932,6.08,6.11,6.18,-2.1444,-2.5784,-3.7805,0.009,0.0022,0.0091
PHC,2024-07-19,5.95,5.97,5.84,5.85,45904,6.05,6.09,6.17,-3.3531,-4.0084,-5.2929,-0.0092,-0.0027,0.0086
PHC,2024-07-22,5.79,5.88,5.69,5.72,15700,6.01,6.07,6.16,-4.9,-5.8059,-7.2033,-0.0025,-0.0007,0.0076
PHC,2024-07-23,5.88,5.88,5.7,5.7,26998,5.97,6.05,6.15,-4.4615,-5.7592,-7.33,-0.0053,-0.0014,0.0069
PHC,2024-07-24,5.88,5.94,5.7,5.73,13592,5.92,6.03,6.14,-3.3158,-4.9722,-6.7292,-0.0027,-0.0007,0.007
PHC,2024-07-25,5.72,5.86,5.72,5.76,15715,5.89,6.01,6.13,-2.2146,-4.2017,-6.1265,-0.0034,-0.0009,0.0063
PHC,2024-07-26,5.76,5.82,5.69,5.77,74305,5.85,5.99,6.12,-1.3488,-3.6163,-5.6774,0.0091,0.0021,0.007
PHC,2024-07-29,5.88,5.88,5.75,5.76,72209,5.82,5.97,6.11,-1.1041,-3.6496,-5.8276,-0.0234,-0.0059,0.0082
PHC,2024-07-30,5.76,5.77,5.69,5.69,40909,5.78,5.95,6.1,-1.556,-4.3726,-6.7136,-0.0122,-0.004,0.0088
PHC,2024-07-31,5.69,5.71,5.62,5.65,78602,5.76,5.93,6.09,-1.7857,-4.5997,-7.145,-0.004,-0.001,0.0081
PHC,2024-08-01,5.65,5.66,5.59,5.59,78200,5.72,5.9,6.08,-2.2942,-5.2509,-8.0172,-0.0135,-0.0035,0.0085
PHC,2024-08-02,5.65,5.65,5.33,5.55,98900,5.69,5.87,6.07,-2.4351,-5.4096,-8.4471,0.0082,0.0021,0.0084
PHC,2024-08-05,5.32,5.54,5.19,5.19,59700,5.64,5.83,6.05,-8.0254,-10.9816,-14.2276,-0.0085,-0.0023,0.009
PHC,2024-08-06,5.32,5.48,4.83,5.48,76800,5.62,5.79,6.03,-2.435,-5.3808,-9.1711,0.0208,0.0052,0.0106
PHC,2024-08-07,5.64,5.64,5.32,5.46,66400,5.59,5.76,6.02,-2.2989,-5.1339,-9.2241,-0.0027,-0.0006,0.0106
PHC,2024-08-08,5.46,5.51,5.38,5.44,18204,5.56,5.72,6.0,-2.0806,-4.8765,-9.2856,0.0,0.0,0.0102
PHC,2024-08-09,5.43,5.48,5.37,5.42,25480,5.52,5.69,5.99,-1.9445,-4.785,-9.512,-0.0014,-0.0003,0.0095
PHC,2024-08-12,5.25,5.44,5.25,5.44,38608,5.49,5.66,5.97,-0.8858,-3.7572,-8.8197,0.0124,0.0029,0.0084
PHC,2024-08-13,5.43,5.44,5.32,5.32,46500,5.46,5.62,5.95,-2.4062,-5.2365,-10.5573,-0.0208,-0.0048,0.0092
PHC,2024-08-14,5.32,5.4,5.23,5.32,35497,5.42,5.59,5.93,-1.8114,-4.7541,-10.2695,0.0015,0.0003,0.009
PHC,2024-08-15,5.32,5.32,5.31,5.32,4100,5.4,5.56,5.91,-1.327,-4.2193,-9.9491,0.0017,0.0004,0.0078
PHC,2024-08-16,5.42,5.42,5.35,5.4,102829,5.38,5.54,5.89,0.3242,-2.5037,-8.3998,0.006,0.0015,0.0076
PHC,2024-08-19,5.39,5.46,5.34,5.45,108219,5.41,5.52,5.88,0.8489,-1.2715,-7.202,0.0281,0.0068,0.0095
PHC,2024-08-20,5.45,5.49,5.43,5.47,130200,5.41,5.51,5.86,1.2056,-0.7328,-6.6445,0.0141,0.0034,0.0089
PHC,2024-08-21,5.45,5.47,5.38,5.46,32164,5.41,5.5,5.85,1.0358,-0.6595,-6.5523,0.0062,0.0014,0.0092
PHC,2024-08-22,5.5,5.5,5.42,5.44,55200,5.41,5.48,5.83,0.6962,-0.7116,-6.6112,-0.0063,-0.0016,0.0098
PHC,2024-08-23,5.44,5.44,5.41,5.42,43624,5.41,5.46,5.81,0.1868,-0.8903,-6.846,-0.0066,-0.0018,0.0104
PHC,2024-08-26,5.42,5.43,5.41,5.41,177900,5.4,5.45,5.8,0.085,-0.7415,-6.7625,-0.0437,-0.01,0.0135
PHC,2024-08-27,5.41,5.42,5.4,5.42,26203,5.41,5.43,5.78,0.0848,-0.321,-6.3522,0.0091,0.002,0.0123
PHC,2024-08-28,5.42,5.48,5.42,5.42,20527,5.42,5.42,5.77,-0.0847,-0.1016,-6.0928,-0.0065,-0.0017,0.0128
PHC,2024-08-29,5.46,5.46,5.32,5.32,41501,5.42,5.41,5.75,-1.7782,-1.5531,-7.4045,-0.0131,-0.0032,0.014
PHC,2024-08-30,5.32,5.45,5.23,5.28,85703,5.41,5.39,5.73,-2.41,-2.1526,-7.9293,-0.0163,-0.0039,0.015
PHC,2024-09-04,5.35,5.65,5.35,5.65,168401,5.43,5.42,5.72,4.0081,4.2108,-1.3601,0.0493,0.0125,0.0171
PHC,2024-09-05,6.01,6.01,5.65,5.69,109207,5.45,5.43,5.71,4.4298,4.8537,-0.3984,-0.029,-0.0069,0.0186
PHC,2024-09-06,5.69,5.69,5.32,5.65,44421,5.47,5.44,5.7,3.2399,3.8325,-1.0267,0.0116,0.0026,0.0191
PHC,2024-09-09,5.65,5.65,5.46,5.65,35210,5.49,5.45,5.69,2.86,3.64,-0.8512,0.0186,0.0045,0.0204
PHC,2024-09-10,5.65,5.69,5.64,5.67,57819,5.51,5.46,5.69,2.88,3.9005,-0.2099,0.0059,0.0015,0.0203
PHC,2024-09-11,5.67,5.67,5.57,5.6,50329,5.53,5.47,5.68,1.1944,2.4091,-1.3296,-0.0091,-0.0025,0.0168
PHC,2024-09-12,5.77,5.77,5.57,5.6,68866,5.55,5.48,5.66,0.8598,2.1519,-1.1441,-0.025,-0.0062,0.0184
PHC,2024-09-13,5.82,5.82,5.6,5.66,76702,5.58,5.5,5.65,1.4984,2.935,0.0887,-0.0172,-0.0043,0.0195
PHC,2024-09-16,5.66,5.7,5.6,5.6,69251,5.6,5.51,5.64,-0.0714,1.5892,-0.7855,-0.0217,-0.0052,0.0204
PHC,2024-09-17,5.6,5.68,5.57,5.6,54354,5.64,5.52,5.63,-0.6415,1.4033,-0.5981,-0.0065,-0.0016,0.0194
PHC,2024-09-18,5.6,5.6,5.51,5.51,56500,5.62,5.53,5.62,-2.0024,-0.278,-1.9951,-0.0222,-0.0048,0.0167
PHC,2024-09-19,5.45,5.59,5.45,5.5,62599,5.6,5.53,5.61,-1.8457,-0.4848,-1.9396,-0.0076,-0.0018,0.0145
PHC,2024-09-20,5.5,5.6,5.5,5.58,64105,5.6,5.53,5.6,-0.3011,0.8551,-0.3104,0.0094,0.0021,0.0143
PHC,2024-09-23,5.5,5.6,5.4,5.56,138000,5.59,5.54,5.59,-0.5061,0.3881,-0.4609,0.0322,0.0084,0.0157
PHC,2024-09-24,5.47,5.56,5.45,5.49,16706,5.57,5.54,5.57,-1.4356,-0.9417,-1.4973,-0.0014,-0.0003,0.0152
PHC,2024-09-25,5.45,5.56,5.45,5.5,66482,5.56,5.55,5.56,-1.0788,-0.8445,-1.1098,-0.0013,-0.0003,0.0144
PHC,2024-09-26,5.5,5.59,5.43,5.44,50500,5.54,5.55,5.55,-1.8759,-1.9472,-1.964,-0.01,-0.0025,0.0129
PHC,2024-09-27,5.45,5.55,5.45,5.48,17300,5.53,5.55,5.54,-0.8324,-1.283,-1.0957,-0.002,-0.0005,0.0114
PHC,2024-09-30,5.45,5.48,5.45,5.47,27300,5.51,5.56,5.53,-0.78,-1.5922,-1.1053,0.0029,0.0007,0.0095
PHC,2024-10-01,5.48,5.54,5.47,5.47,77000,5.5,5.57,5.52,-0.5455,-1.7614,-0.9701,-0.0162,-0.0038,0.0105
PHC,2024-10-02,5.47,5.53,5.47,5.47,21200,5.5,5.56,5.52,-0.4731,-1.6062,-0.8807,-0.0056,-0.0015,0.0088
PHC,2024-10-03,5.4,5.5,5.4,5.46,29200,5.49,5.55,5.51,-0.5827,-1.581,-0.9755,0.0009,0.0002,0.0082
PHC,2024-10-04,5.4,5.56,5.35,5.46,5100,5.48,5.54,5.51,-0.365,-1.4161,-0.879,0.0001,0.0,0.0072
PHC,2024-10-07,5.46,5.46,5.4,5.45,23500,5.47,5.53,5.5,-0.3474,-1.4224,-0.9506,0.0068,0.0016,0.0047
PHC,2024-10-08,5.49,5.5,5.44,5.45,36500,5.46,5.52,5.5,-0.2745,-1.223,-0.8337,-0.0064,-0.0015,0.0052
PHC,2024-10-09,5.4,5.47,5.4,5.45,34700,5.46,5.51,5.49,-0.1832,-1.0887,-0.7232,0.0041,0.0009,0.0055
PHC,2024-10-10,5.25,5.45,5.25,5.4,67400,5.46,5.5,5.48,-1.0264,-1.8182,-1.5294,0.0075,0.0016,0.0052
PHC,2024-10-11,5.4,5.4,5.35,5.39,16600,5.45,5.49,5.48,-1.0464,-1.7589,-1.6167,0.0037,0.0008,0.0054
PHC,2024-10-14,5.36,5.45,5.36,5.42,81700,5.44,5.48,5.48,-0.4043,-1.0497,-1.0075,0.0069,0.0017,0.0058
PHC,2024-10-15,5.4,5.4,5.33,5.36,31900,5.43,5.47,5.47,-1.3073,-1.9303,-2.0339,-0.0011,-0.0003,0.0043
PHC,2024-10-16,5.36,5.37,5.35,5.36,3900,5.42,5.46,5.47,-1.107,-1.7955,-2.0959,0.0,0.0,0.0037
PHC,2024-10-17,5.54,5.54,5.35,5.36,36500,5.41,5.45,5.47,-0.9242,-1.6694,-2.0528,-0.0069,-0.0017,0.0043
PHC,2024-10-18,5.45,5.6,5.41,5.48,54900,5.41,5.45,5.47,1.2565,0.6243,0.1335,-0.0037,-0.0009,0.0047
PHC,2024-10-21,5.55,5.55,5.39,5.39,38100,5.41,5.44,5.47,-0.296,-0.8736,-1.4917,-0.0095,-0.0022,0.005
PHC,2024-10-22,5.42,5.76,5.42,5.51,123400,5.41,5.44,5.47,1.8108,1.3147,0.6669,-0.0169,-0.0039,0.006
PHC,2024-10-23,5.51,5.69,5.51,5.6,20700,5.43,5.44,5.48,3.1878,2.875,2.2528,-0.0,-0.0,0.0056
PHC,2024-10-24,5.69,5.69,5.5,5.6,36200,5.45,5.45,5.48,2.8089,2.724,2.15,0.0004,0.0001,0.0049
PHC,2024-10-25,5.48,5.64,5.41,5.59,33600,5.47,5.46,5.49,2.2499,2.4372,1.8689,0.0068,0.0016,0.0052
PHC,2024-10-28,5.5,5.6,5.45,5.6,24300,5.48,5.46,5.49,2.0966,2.4984,1.9487,0.012,0.0028,0.0057
PHC,2024-10-29,5.6,5.72,5.6,5.68,75300,5.52,5.47,5.5,2.9545,3.7632,3.299,0.0098,0.0023,0.0066
PHC,2024-10-30,5.6,5.72,5.6,5.68,15700,5.55,5.48,5.5,2.3608,3.5646,3.2137,0.0026,0.0005,0.0069
PHC,2024-10-31,5.6,5.68,5.59,5.67,20900,5.58,5.49,5.51,1.6129,3.1847,2.9577,0.0072,0.0017,0.0069
PHC,2024-11-01,5.68,5.68,5.56,5.56,19200,5.59,5.5,5.51,-0.5011,1.0909,0.9244,-0.0057,-0.0013,0.0071
PHC,2024-11-04,5.56,5.6,5.56,5.59,22800,5.61,5.51,5.51,-0.321,1.5072,1.4151,0.0037,0.0009,0.0065
PHC,2024-11-05,5.56,5.7,5.56,5.6,18400,5.62,5.51,5.52,-0.3027,1.5505,1.5288,-0.0041,-0.001,0.0052
PHC,2024-11-06,5.6,5.65,5.55,5.65,20400,5.62,5.52,5.52,0.498,2.2717,2.3451,0.0063,0.0015,0.0059
PHC,2024-11-07,5.65,5.65,5.61,5.65,10400,5.63,5.54,5.53,0.4087,2.0408,2.2585,0.0037,0.0009,0.0062
PHC,2024-11-08,5.69,5.69,5.63,5.64,13000,5.63,5.55,5.53,0.142,1.6308,1.9949,-0.003,-0.0007,0.0058
PHC,2024-11-11,5.61,5.65,5.6,5.6,19700,5.63,5.56,5.54,-0.5682,0.7466,1.1707,-0.0053,-0.0011,0.0051
PHC,2024-11-12,5.6,5.7,5.55,5.56,24100,5.62,5.57,5.54,-1.0676,-0.1526,0.346,-0.0064,-0.0015,0.0048
PHC,2024-11-13,5.69,5.69,5.4,5.54,22500,5.61,5.58,5.54,-1.1773,-0.6723,0.0232,-0.0003,-0.0001,0.0046
PHC,2024-11-14,5.61,5.65,5.51,5.51,11600,5.59,5.58,5.54,-1.4311,-1.3429,-0.4532,-0.0029,-0.0007,0.0041
PHC,2024-11-15,5.65,5.65,5.4,5.41,82400,5.58,5.58,5.53,-2.9596,-3.0727,-2.1765,-0.0193,-0.0047,0.0055
PHC,2024-11-18,5.59,5.59,5.4,5.54,34000,5.57,5.59,5.53,-0.5386,-0.8767,0.2124,0.0065,0.0015,0.0058
PHC,2024-11-19,5.57,5.57,5.4,5.5,4100,5.56,5.59,5.52,-1.0791,-1.5836,-0.4487,0.0002,0.0,0.0054
PHC,2024-11-20,5.5,5.58,5.5,5.55,21000,5.55,5.59,5.52,0.0,-0.6445,0.4744,0.002,0.0004,0.005
PHC,2024-11-21,5.5,5.56,5.48,5.55,9100,5.54,5.58,5.52,0.1805,-0.6,0.4925,0.0026,0.0006,0.0048
PHC,2024-11-22,5.5,5.55,5.43,5.43,6900,5.52,5.58,5.52,-1.6126,-2.6096,-1.5983,-0.0026,-0.0007,0.0048
PHC,2024-11-25,5.43,5.54,5.43,5.54,22400,5.51,5.57,5.52,0.4898,-0.5832,0.4169,0.0099,0.0025,0.0053
PHC,2024-11-26,5.55,5.55,5.5,5.54,26800,5.51,5.57,5.52,0.5262,-0.4582,0.4387,0.0069,0.0017,0.0053
PHC,2024-11-27,5.47,5.5,5.45,5.5,27400,5.51,5.56,5.52,-0.1271,-1.0168,-0.2828,0.0147,0.0034,0.0068
PHC,2024-11-28,5.5,5.56,5.5,5.51,30100,5.51,5.55,5.52,0.0545,-0.6939,-0.1052,-0.0093,-0.0023,0.0074
PHC,2024-11-29,5.57,5.58,5.5,5.55,50400,5.52,5.55,5.52,0.5253,0.036,0.631,0.0049,0.0011,0.006
PHC,2024-12-02,5.55,5.59,5.47,5.49,22500,5.52,5.54,5.51,-0.4714,-0.9562,-0.4316,-0.0092,-0.002,0.0062
PHC,2024-12-03,5.5,5.5,5.47,5.47,39400,5.51,5.54,5.51,-0.78,-1.2011,-0.7872,-0.0122,-0.003,0.0074
PHC,2024-12-04,5.47,5.54,5.26,5.45,13600,5.5,5.53,5.51,-0.9631,-1.3842,-1.132,0.0015,0.0004,0.0074
PHC,2024-12-05,5.45,5.48,5.07,5.43,183500,5.49,5.52,5.51,-1.1109,-1.5502,-1.4912,0.0194,0.0049,0.0091
PHC,2024-12-06,5.43,5.5,5.43,5.49,25700,5.5,5.51,5.51,-0.1273,-0.3268,-0.4064,0.0053,0.0013,0.0093
PHC,2024-12-09,5.49,5.49,5.35,5.49,34700,5.49,5.5,5.51,-0.0364,-0.2272,-0.4136,0.0144,0.0037,0.0098
PHC,2024-12-10,5.48,5.53,5.36,5.5,120100,5.49,5.5,5.51,0.2187,0.0091,-0.243,0.0293,0.0074,0.012
PHC,2024-12-11,5.4,5.49,5.4,5.43,11000,5.48,5.49,5.51,-0.9305,-1.1649,-1.4984,-0.0016,-0.0004,0.0107
PHC,2024-12-12,5.5,5.5,5.45,5.47,26400,5.48,5.49,5.51,-0.1278,-0.4006,-0.7764,-0.0019,-0.0004,0.01
PHC,2024-12-13,5.48,5.48,5.45,5.45,35300,5.47,5.49,5.51,-0.311,-0.8009,-1.1356,-0.0181,-0.0043,0.0113
PHC,2024-12-16,5.45,5.45,5.13,5.44,46900,5.46,5.49,5.51,-0.4028,-0.8927,-1.3134,0.0241,0.006,0.0128
PHC,2024-12-17,5.45,5.46,5.3,5.46,16800,5.46,5.49,5.51,-0.0183,-0.4921,-0.9542,0.0098,0.0021,0.0125
PHC,2024-12-18,5.4,5.47,5.4,5.4,88500,5.46,5.48,5.51,-1.0264,-1.4509,-2.0248,-0.0388,-0.0098,0.0163
PHC,2024-12-19,5.35,5.39,5.35,5.38,13300,5.45,5.47,5.51,-1.3025,-1.6633,-2.3806,0.0019,0.0005,0.0145
PHC,2024-12-20,5.38,5.45,5.38,5.45,25200,5.45,5.47,5.51,0.0551,-0.402,-1.132,0.0081,0.0022,0.0148
PHC,2024-12-23,5.39,5.48,5.39,5.48,13700,5.45,5.47,5.51,0.6243,0.2011,-0.6094,0.0063,0.0015,0.014
PHC,2024-12-24,5.5,5.86,5.41,5.86,340500,5.48,5.48,5.52,6.8953,6.8368,6.0902,0.1074,0.0286,0.0218
PHC,2024-12-25,6.09,6.09,5.86,5.93,106600,5.53,5.51,5.54,7.1945,7.6909,7.1364,-0.0121,-0.0032,0.0228
PHC,2024-12-26,5.9,5.99,5.72,5.72,45100,5.56,5.52,5.54,2.9332,3.6795,3.2081,-0.0151,-0.004,0.0242
PHC,2024-12-27,5.75,5.9,5.68,5.7,64600,5.58,5.52,5.55,2.1139,3.1768,2.7657,-0.0172,-0.0041,0.0241
PHC,2024-12-30,5.7,5.7,5.55,5.69,81700,5.61,5.53,5.55,1.4803,2.8096,2.4745,0.0248,0.0063,0.0241
PHC,2024-12-31,5.7,5.7,5.54,5.66,61000,5.63,5.54,5.56,0.5865,2.0924,1.8792,0.0115,0.0027,0.0243
PHC,2025-01-02,5.66,5.66,5.55,5.57,36500,5.64,5.55,5.56,-1.3111,0.3604,0.27,-0.0145,-0.0033,0.0219
PHC,2025-01-03,5.57,5.69,5.5,5.53,19500,5.66,5.56,5.55,-2.2796,-0.45,-0.4249,-0.0034,-0.0008,0.022
PHC,2025-01-06,5.55,5.55,5.32,5.42,62300,5.66,5.55,5.55,-4.1726,-2.3687,-2.3459,-0.0027,-0.0006,0.0215
PHC,2025-01-07,5.42,5.42,5.3,5.4,38300,5.65,5.55,5.55,-4.3909,-2.6501,-2.636,0.0092,0.0022,0.0218
PHC,2025-01-08,5.4,5.54,5.4,5.4,9400,5.6,5.54,5.54,-3.6059,-2.5623,-2.5376,-0.0046,-0.0011,0.0115
PHC,2025-01-09,5.36,5.5,5.36,5.37,28100,5.55,5.54,5.53,-3.1735,-3.0511,-2.9705,-0.0139,-0.0035,0.0117
PHC,2025-01-10,5.38,5.52,5.38,5.42,27200,5.52,5.54,5.53,-1.7404,-2.1042,-1.9785,-0.0032,-0.0008,0.0105
PHC,2025-01-13,5.41,5.5,5.31,5.43,16800,5.49,5.54,5.53,-1.0749,-1.9059,-1.7515,0.0018,0.0004,0.009
PHC,2025-01-14,5.35,5.49,5.35,5.46,24100,5.47,5.54,5.52,-0.1098,-1.3817,-1.1622,0.007,0.0018,0.0072
PHC,2025-01-15,5.46,5.6,5.38,5.5,48800,5.45,5.54,5.52,0.9174,-0.6951,-0.402,0.0019,0.0005,0.0062
PHC,2025-01-16,5.5,5.6,5.5,5.54,11700,5.45,5.55,5.52,1.7074,-0.0992,0.3623,-0.0011,-0.0003,0.0049
PHC,2025-01-17,5.51,5.55,5.46,5.54,17000,5.45,5.55,5.52,1.6887,-0.2431,0.4023,0.0066,0.0016,0.0052
PHC,2025-01-20,5.54,5.54,5.16,5.26,94500,5.43,5.54,5.51,-3.1664,-5.1227,-4.5407,-0.0232,-0.0057,0.0073
PHC,2025-01-21,5.26,5.4,5.26,5.34,49000,5.43,5.54,5.5,-1.585,-3.5579,-2.9973,0.0037,0.001,0.0067
PHC,2025-01-22,5.34,5.35,5.3,5.3,18400,5.42,5.51,5.5,-2.1418,-3.7938,-3.6329,-0.0066,-0.0017,0.0069
PHC,2025-01-23,5.39,5.39,5.3,5.38,14300,5.42,5.48,5.5,-0.683,-1.8517,-2.1213,0.0043,0.001,0.0059
PHC,2025-01-24,5.37,5.37,5.3,5.31,35800,5.41,5.46,5.49,-1.7758,-2.7651,-3.3245,-0.0094,-0.0022,0.0066
PHC,2025-02-03,5.32,5.34,5.2,5.3,137200,5.39,5.44,5.49,-1.7245,-2.5914,-3.4679,0.0247,0.0047,0.0089
PHC,2025-02-04,5.32,5.32,5.2,5.32,112300,5.38,5.42,5.49,-1.0969,-1.8903,-3.0259,0.0347,0.0097,0.0116
PHC,2025-02-05,5.32,5.34,5.3,5.34,19500,5.36,5.41,5.48,-0.4289,-1.23,-2.6045,0.0065,0.0017,0.0121
PHC,2025-02-06,5.3,5.38,5.3,5.34,23500,5.34,5.4,5.48,-0.0561,-1.0195,-2.5298,0.0,0.0,0.012
PHC,2025-02-07,5.32,5.66,5.3,5.44,89000,5.33,5.39,5.48,2.0064,0.9183,-0.6647,-0.0068,-0.0017,0.012
PHC,2025-02-10,5.4,5.52,5.36,5.44,49100,5.35,5.39,5.48,1.6632,0.8996,-0.6683,0.0,0.0,0.0097
PHC,2025-02-11,5.36,5.45,5.36,5.45,22900,5.36,5.39,5.47,1.6412,1.0382,-0.453,0.0085,0.0019,0.0102
PHC,2025-02-12,5.45,5.47,5.4,5.47,34100,5.38,5.4,5.47,1.6918,1.3432,-0.0621,0.013,0.0034,0.0108
PHC,2025-02-13,5.54,5.79,5.45,5.7,153600,5.41,5.41,5.48,5.341,5.2826,4.064,0.0271,0.0065,0.0131
PHC,2025-02-14,5.78,5.78,5.57,5.64,34200,5.44,5.42,5.48,3.6003,3.9631,2.9197,-0.0031,-0.0008,0.0124
PHC,2025-02-17,5.55,5.65,5.25,5.59,85700,5.47,5.43,5.48,2.1378,2.8897,1.9924,0.0149,0.004,0.0115
PHC,2025-02-18,5.5,5.69,5.5,5.58,137600,5.5,5.44,5.48,1.473,2.5924,1.7765,-0.0074,-0.0021,0.0087
PHC,2025-02-19,5.59,5.66,5.5,5.58,395100,5.52,5.44,5.48,1.032,2.517,1.7357,0.0,0.0,0.0081
PHC,2025-02-20,5.66,5.66,5.52,5.57,48500,5.55,5.44,5.49,0.4327,2.3051,1.509,-0.0039,-0.001,0.0085
PHC,2025-02-21,5.55,5.6,5.3,5.52,74900,5.55,5.44,5.49,-0.6122,1.4053,0.5648,0.0114,0.003,0.0089
PHC,2025-02-24,5.38,5.49,5.38,5.48,101400,5.56,5.45,5.49,-1.4034,0.4675,-0.1603,0.018,0.0044,0.0107
PHC,2025-02-25,5.47,5.49,5.41,5.48,88100,5.56,5.46,5.49,-1.4566,0.3387,-0.1567,0.017,0.0046,0.0116
PHC,2025-02-26,5.48,5.5,5.46,5.47,61200,5.56,5.47,5.49,-1.6364,0.0,-0.328,-0.0079,-0.0021,0.0111
PHC,2025-02-27,5.45,5.54,5.45,5.54,48800,5.54,5.48,5.49,-0.0902,1.1318,0.9071,0.0089,0.0024,0.0093
PHC,2025-02-28,5.59,5.59,5.5,5.54,56500,5.54,5.49,5.49,0.0903,0.9199,0.8813,-0.0016,-0.0004,0.0091
PHC,2025-03-03,5.54,5.59,5.46,5.48,25200,5.52,5.5,5.49,-0.7965,-0.3365,-0.2221,-0.0045,-0.0012,0.0081
PHC,2025-03-04,5.48,5.5,5.21,5.46,139500,5.51,5.51,5.49,-0.9434,-0.8264,-0.5935,0.027,0.0065,0.01
PHC,2025-03-05,5.46,5.46,5.4,5.45,41600,5.5,5.51,5.49,-0.8911,-1.1069,-0.772,0.0044,0.0011,0.0105
PHC,2025-03-06,5.45,5.49,5.45,5.46,45700,5.49,5.52,5.49,-0.5102,-1.0332,-0.6116,-0.003,-0.0008,0.0104
PHC,2025-03-07,5.46,5.47,5.44,5.46,54500,5.48,5.52,5.5,-0.4013,-1.0511,-0.6406,0.0037,0.001,0.0096
PHC,2025-03-10,5.46,5.48,5.42,5.45,74800,5.48,5.52,5.5,-0.5293,-1.2413,-0.8225,0.0,0.0,0.0078
PHC,2025-03-11,5.47,5.48,5.4,5.46,54700,5.48,5.52,5.49,-0.3104,-1.069,-0.6333,0.0046,0.0012,0.0066
PHC,2025-03-12,5.42,5.5,5.42,5.48,22800,5.48,5.52,5.49,0.0365,-0.7156,-0.1312,0.0021,0.0005,0.006
PHC,2025-03-13,5.48,5.53,5.42,5.48,52900,5.47,5.51,5.48,0.1462,-0.5174,0.0329,0.0008,0.0002,0.0052
PHC,2025-03-14,5.48,5.64,5.48,5.5,98500,5.47,5.5,5.47,0.5852,-0.0273,0.4786,-0.0139,-0.0036,0.0064
PHC,2025-03-17,5.46,5.56,5.46,5.56,43600,5.48,5.5,5.47,1.534,1.0909,1.6268,0.0117,0.0029,0.0071
PHC,2025-03-18,5.56,5.56,5.52,5.53,26300,5.48,5.5,5.47,0.8572,0.5912,1.1376,-0.0024,-0.0006,0.0047
PHC,2025-03-19,5.55,5.55,5.45,5.52,59600,5.49,5.49,5.46,0.5464,0.4641,1.0064,0.0059,0.0013,0.0048
PHC,2025-03-20,5.52,5.53,5.45,5.5,45900,5.49,5.49,5.46,0.1092,0.1639,0.6662,0.0029,0.0008,0.0048
PHC,2025-03-21,5.46,5.5,5.46,5.49,21000,5.5,5.49,5.46,-0.1273,0.0091,0.4979,0.0027,0.0008,0.0047
PHC,2025-03-24,5.5,5.53,5.49,5.49,28100,5.5,5.49,5.46,-0.2,0.0,0.4722,-0.0055,-0.0014,0.0053
PHC,2025-03-25,5.47,5.5,5.45,5.5,130700,5.51,5.49,5.47,-0.0908,0.1639,0.6183,0.0362,0.0094,0.0084
PHC,2025-03-26,5.5,5.5,5.44,5.49,64100,5.51,5.49,5.47,-0.2906,-0.0364,0.4023,0.0133,0.0032,0.0095
PHC,2025-03-27,5.45,5.48,5.31,5.31,128900,5.49,5.48,5.47,-3.2611,-3.111,-2.8682,-0.0369,-0.0096,0.0131
PHC,2025-03-28,5.44,5.45,5.4,5.4,28500,5.48,5.47,5.47,-1.4419,-1.3428,-1.2147,-0.0094,-0.0023,0.0127
PHC,2025-03-31,5.4,5.49,5.35,5.44,33200,5.47,5.47,5.47,-0.4939,-0.5757,-0.4866,0.0021,0.0005,0.0117
PHC,2025-04-01,5.45,5.46,5.4,5.46,13400,5.46,5.47,5.47,0.0,-0.2102,-0.1207,0.0047,0.0012,0.012
PHC,2025-04-02,5.38,5.49,5.38,5.46,22300,5.45,5.47,5.47,0.11,-0.2193,-0.1061,0.0025,0.0007,0.0116
PHC,2025-04-03,5.34,5.34,5.08,5.08,270400,5.41,5.45,5.46,-6.1345,-6.8403,-6.9017,-0.016,-0.0039,0.0129
PHC,2025-04-04,4.74,5.06,4.73,4.99,137000,5.36,5.43,5.45,-6.9377,-8.0947,-8.3664,0.0056,0.0014,0.0132
PHC,2025-04-08,4.9,4.9,4.65,4.65,148700,5.28,5.39,5.43,-11.8984,-13.7211,-14.4182,-0.0145,-0.0034,0.0141
PHC,2025-04-09,4.36,4.7,4.36,4.6,44400,5.19,5.35,5.42,-11.3338,-13.9624,-15.1072,0.0017,0.0004,0.0107
PHC,2025-04-10,4.92,4.92,4.92,4.92,89100,5.13,5.32,5.41,-4.1123,-7.4927,-9.0741,0.0,0.0,0.0093
PHC,2025-04-11,5.1,5.1,4.95,5.1,59800,5.11,5.3,5.41,-0.1957,-3.7645,-5.6499,0.0043,0.001,0.0061
PHC,2025-04-14,5.1,5.11,4.98,5.01,5900,5.07,5.28,5.4,-1.2029,-5.0237,-7.2119,-0.0005,-0.0001,0.0052
PHC,2025-04-15,5.0,5.05,4.95,5.0,49800,5.03,5.25,5.39,-0.5371,-4.7075,-7.2941,0.0,0.0,0.005
PHC,2025-04-16,4.88,5.0,4.88,4.98,2800,4.98,5.22,5.39,0.0201,-4.5886,-7.5484,0.0005,0.0001,0.0046
PHC,2025-04-17,5.0,5.0,4.9,4.99,24600,4.93,5.19,5.38,1.176,-3.9091,-7.2422,0.0046,0.001,0.0048
PHC,2025-04-18,5.02,5.03,4.96,4.96,36100,4.92,5.17,5.37,0.813,-3.9876,-7.6694,-0.0057,-0.0015,0.0037
PHC,2025-04-21,5.02,5.02,4.96,4.99,11500,4.92,5.14,5.36,1.4228,-2.9372,-6.9551,0.0,0.0,0.0032
PHC,2025-04-22,4.9,4.99,4.7,4.9,86000,4.94,5.11,5.35,-0.91,-4.1377,-8.4489,0.0036,0.0009,0.0021
PHC,2025-04-23,4.9,5.1,4.9,5.0,266900,4.98,5.09,5.34,0.3009,-1.7006,-6.4231,0.0,0.0,0.0019
PHC,2025-04-24,5.0,5.0,4.94,4.98,19700,4.99,5.06,5.33,-0.2204,-1.6005,-6.6262,0.0019,0.0004,0.0021
PHC,2025-04-25,5.09,5.16,5.05,5.1,86400,4.99,5.05,5.32,2.1839,0.9801,-4.1606,-0.0015,-0.0003,0.0018
PHC,2025-04-28,5.1,5.24,5.1,5.18,68600,5.01,5.04,5.31,3.4345,2.788,-2.4886,0.0033,0.0008,0.0021
PHC,2025-04-29,5.11,5.3,5.11,5.13,57200,5.02,5.02,5.3,2.1709,2.1099,-3.2623,-0.0147,-0.0036,0.0036
PHC,2025-05-05,5.09,5.29,5.09,5.18,15400,5.04,5.01,5.3,2.7574,3.3932,-2.1719,-0.0004,-0.0001,0.0036
PHC,2025-05-06,5.17,5.2,5.11,5.2,122200,5.06,5.0,5.29,2.7262,4.0624,-1.653,0.025,0.0072,0.0056
PHC,2025-05-07,5.13,5.18,5.13,5.13,9800,5.08,5.0,5.28,1.0041,2.6103,-2.8151,-0.0024,-0.0006,0.0053
PHC,2025-05-08,5.2,5.2,5.05,5.18,28900,5.1,5.01,5.27,1.6085,3.4139,-1.7413,0.0051,0.0011,0.0058
PHC,2025-05-09,5.18,5.18,5.1,5.17,18500,5.12,5.04,5.27,0.878,2.6812,-1.8156,0.0035,0.0009,0.0058
PHC,2025-05-12,5.17,5.17,5.14,5.17,21300,5.14,5.06,5.26,0.5445,2.1033,-1.6998,0.0039,0.0009,0.0062
PHC,2025-05-13,5.17,5.17,5.0,5.09,154100,5.15,5.07,5.25,-1.2226,0.3549,-3.0808,0.0019,0.0004,0.0062
PHC,2025-05-14,5.1,5.1,5.05,5.1,83500,5.15,5.07,5.24,-1.0285,0.5521,-2.7274,0.0166,0.0034,0.0077
PHC,2025-05-15,5.1,5.12,5.01,5.1,24600,5.14,5.08,5.23,-0.8746,0.4629,-2.5639,0.0031,0.0008,0.0077
PHC,2025-05-16,5.15,5.15,5.05,5.07,30200,5.14,5.08,5.23,-1.3427,-0.1969,-2.9851,-0.0028,-0.0007,0.0065
PHC,2025-05-19,5.05,5.09,5.01,5.08,61400,5.13,5.08,5.22,-0.9554,-0.0983,-2.6522,0.0094,0.0024,0.0074
PHC,2025-05-20,5.0,5.07,5.0,5.06,29300,5.12,5.09,5.21,-1.0753,-0.5601,-2.8903,0.0042,0.0009,0.0053
PHC,2025-05-21,5.07,5.12,5.04,5.05,46900,5.11,5.09,5.2,-1.1161,-0.8443,-2.9294,-0.0064,-0.0015,0.0057
PHC,2025-05-22,5.05,5.1,5.02,5.05,72800,5.09,5.1,5.19,-0.8638,-0.9027,-2.7762,-0.0028,-0.0007,0.0055
PHC,2025-05-23,5.05,5.1,5.01,5.05,36500,5.08,5.1,5.19,-0.6297,-1.0483,-2.6262,-0.001,-0.0003,0.0052
PHC,2025-05-26,5.06,5.08,5.05,5.08,98100,5.07,5.11,5.18,0.138,-0.5384,-1.904,0.0132,0.0032,0.0061
PHC,2025-05-27,5.3,5.3,5.07,5.08,77700,5.07,5.11,5.17,0.1577,-0.6357,-1.7522,-0.0127,-0.0032,0.0072
PHC,2025-05-28,5.08,5.08,5.05,5.08,98400,5.07,5.11,5.16,0.1972,-0.6163,-1.6,0.0189,0.0046,0.0075
PHC,2025-05-29,5.05,5.1,5.03,5.07,142200,5.07,5.11,5.15,0.0592,-0.7051,-1.6298,0.0033,0.0008,0.0075
PHC,2025-05-30,5.25,5.25,5.04,5.09,25400,5.07,5.1,5.14,0.4143,-0.2743,-1.0613,-0.0022,-0.0005,0.0074
PHC,2025-06-02,5.09,5.09,4.9,5.08,58100,5.07,5.1,5.14,0.217,-0.3726,-1.0826,0.0086,0.0025,0.0073
PHC,2025-06-03,5.09,5.3,5.08,5.21,295200,5.08,5.1,5.13,2.4784,2.1669,1.5713,0.0097,0.0026,0.0079
PHC,2025-06-04,5.2,5.24,5.16,5.2,121500,5.1,5.1,5.12,1.9808,1.9008,1.4951,0.0,0.0,0.0073
PHC,2025-06-05,5.11,5.19,5.11,5.19,52300,5.11,5.1,5.12,1.506,1.6949,1.4187,0.011,0.0027,0.0081
PHC,2025-06-06,5.19,5.19,5.1,5.14,63500,5.12,5.1,5.11,0.3514,0.7448,0.5792,-0.0011,-0.0003,0.0081
PHC,2025-06-09,5.14,5.14,5.07,5.09,29600,5.12,5.1,5.1,-0.6442,-0.1569,-0.2391,-0.0025,-0.0006,0.007
PHC,2025-06-10,5.14,5.14,5.06,5.06,51400,5.12,5.1,5.09,-1.1912,-0.7162,-0.6597,-0.0135,-0.0032,0.0071
PHC,2025-06-11,5.06,5.13,5.03,5.13,79000,5.13,5.1,5.09,0.078,0.6277,0.7859,0.0297,0.0064,0.0082
PHC,2025-06-12,5.18,5.18,5.0,5.14,63600,5.13,5.1,5.08,0.1364,0.7843,1.0856,0.0084,0.002,0.0087
PHC,2025-06-13,5.04,5.11,5.02,5.07,40400,5.13,5.1,5.08,-1.1889,-0.5882,-0.1457,0.0008,0.0002,0.0085
PHC,2025-06-16,5.04,5.11,5.04,5.11,103800,5.13,5.1,5.07,-0.4675,0.1666,0.781,0.0162,0.0037,0.0093
PHC,2025-06-17,5.05,5.15,5.05,5.07,76100,5.12,5.1,5.06,-0.9766,-0.6272,0.1462,-0.0113,-0.0027,0.0095
PHC,2025-06-18,5.07,5.08,5.06,5.06,31500,5.11,5.1,5.06,-0.9009,-0.8329,-0.0435,-0.0069,-0.0016,0.0102
PHC,2025-06-19,5.17,5.17,5.1,5.11,3900,5.1,5.11,5.06,0.2354,0.0881,0.8964,-0.0007,-0.0002,0.0091
PHC,2025-06-20,5.06,5.13,5.05,5.12,39000,5.1,5.11,5.07,0.471,0.2153,0.9066,0.0064,0.0014,0.0096
PHC,2025-06-23,5.11,5.12,5.01,5.09,38200,5.1,5.11,5.08,-0.1177,-0.3816,0.122,0.0044,0.0009,0.0098
PHC,2025-06-24,5.11,5.14,5.09,5.09,24900,5.1,5.11,5.09,-0.1765,-0.3914,0.055,-0.005,-0.0011,0.009
PHC,2025-06-25,5.09,5.09,5.0,5.0,237500,5.09,5.11,5.09,-1.6909,-2.076,-1.6755,-0.0488,-0.011,0.0109
PHC,2025-06-26,5.1,5.1,5.01,5.07,18500,5.08,5.11,5.09,-0.1772,-0.7051,-0.3224,0.0017,0.0004,0.0102
PHC,2025-06-27,5.07,5.07,5.0,5.05,96800,5.08,5.1,5.09,-0.5318,-1.058,-0.7351,0.0098,0.0022,0.0111
PHC,2025-06-30,5.05,5.08,5.0,5.05,95000,5.07,5.1,5.09,-0.4141,-1.0289,-0.7625,0.0058,0.0013,0.0101
PHC,2025-07-01,5.05,5.08,5.0,5.05,145300,5.07,5.09,5.09,-0.3748,-0.8735,-0.7859,0.0101,0.0022,0.01
PHC,2025-07-02,5.05,5.08,5.02,5.03,67400,5.07,5.09,5.09,-0.7106,-1.1011,-1.206,-0.0074,-0.0017,0.01
PHC,2025-07-03,5.02,5.06,5.02,5.03,9700,5.06,5.08,5.09,-0.5536,-0.9453,-1.2215,-0.0009,-0.0002,0.01
PHC,2025-07-04,5.04,5.08,5.03,5.06,45300,5.05,5.07,5.1,0.1584,-0.2759,-0.6947,0.0026,0.0006,0.0096
PHC,2025-07-07,5.04,5.08,5.02,5.07,107200,5.05,5.07,5.1,0.396,-0.0591,-0.5258,0.0094,0.0027,0.0102
PHC,2025-07-08,5.1,5.2,5.03,5.2,493700,5.06,5.08,5.1,2.7465,2.3622,1.9368,0.0806,0.019,0.0177
PHC,2025-07-09,5.2,5.29,5.18,5.23,200600,5.08,5.08,5.1,2.8718,2.8515,2.4727,-0.0025,-0.0006,0.0131
PHC,2025-07-10,5.25,5.28,5.19,5.23,192400,5.1,5.09,5.1,2.549,2.7606,2.4526,-0.0036,-0.0008,0.0133
PHC,2025-07-11,5.22,5.22,5.11,5.15,277700,5.11,5.09,5.11,0.7828,1.1093,0.8775,-0.012,-0.0026,0.0135
PHC,2025-07-14,5.15,5.17,5.09,5.16,67800,5.12,5.1,5.1,0.7616,1.2559,1.0813,0.0066,0.0016,0.0136
PHC,2025-07-15,5.13,5.2,5.12,5.17,125000,5.13,5.1,5.1,0.7208,1.3527,1.2891,0.0029,0.0007,0.0129
PHC,2025-07-16,5.13,5.4,5.13,5.36,314700,5.17,5.12,5.11,3.7553,4.7694,4.917,0.0293,0.0079,0.015
PHC,2025-07-17,5.36,5.41,5.25,5.34,228200,5.2,5.13,5.11,2.7516,4.1443,4.4601,0.0039,0.0009,0.0153
PHC,2025-07-18,5.27,5.4,5.25,5.32,186300,5.22,5.14,5.12,1.8572,3.5523,4.0078,-0.0016,-0.0004,0.0152
PHC,2025-07-21,5.4,5.4,5.2,5.26,263400,5.24,5.15,5.12,0.3434,2.2153,2.7986,-0.0115,-0.0027,0.0154
PHC,2025-07-22,5.26,5.3,5.2,5.26,295500,5.25,5.15,5.12,0.2287,2.0468,2.7304,0.0058,0.0013,0.008
PHC,2025-07-23,5.26,5.3,5.15,5.24,190300,5.25,5.17,5.12,-0.1715,1.4226,2.2838,0.0048,0.001,0.0082
PHC,2025-07-24,5.29,5.29,5.2,5.24,153500,5.25,5.18,5.13,-0.1905,1.256,2.2279,-0.0025,-0.0005,0.0081
PHC,2025-07-25,5.21,5.28,5.21,5.25,150100,5.26,5.18,5.13,-0.1901,1.2536,2.3512,0.0023,0.0005,0.0071
PHC,2025-07-28,5.26,5.38,5.26,5.34,216200,5.28,5.2,5.13,1.1747,2.7022,4.0003,0.0058,0.0014,0.007
PHC,2025-07-29,5.4,5.4,5.17,5.17,256800,5.28,5.21,5.14,-2.0462,-0.682,0.6463,-0.0094,-0.0021,0.0077
PHC,2025-07-30,5.25,5.27,5.14,5.27,120600,5.27,5.22,5.14,0.019,1.0062,2.5053,0.0106,0.0025,0.0058
PHC,2025-07-31,5.4,5.4,5.15,5.21,186100,5.26,5.23,5.14,-0.8752,-0.3157,1.2752,-0.0095,-0.0021,0.0064
PHC,2025-08-01,5.24,5.25,5.19,5.23,84400,5.25,5.24,5.15,-0.324,-0.0955,1.5929,0.0034,0.0007,0.0066
PHC,2025-08-04,5.23,5.26,5.2,5.22,64200,5.24,5.24,5.15,-0.4387,-0.4292,1.3435,-0.002,-0.0004,0.0056
PHC,2025-08-05,5.22,5.3,5.18,5.18,189400,5.24,5.24,5.15,-1.0506,-1.1733,0.5279,-0.0196,-0.004,0.007
PHC,2025-08-06,5.25,5.25,5.17,5.22,69200,5.23,5.24,5.16,-0.2484,-0.4007,1.2491,0.0024,0.0004,0.0067
PHC,2025-08-07,5.24,5.24,5.21,5.22,72000,5.23,5.24,5.16,-0.2103,-0.3912,1.1902,-0.0023,-0.0005,0.0067
PHC,2025-08-08,5.22,5.25,5.18,5.23,210600,5.23,5.24,5.16,0.0191,-0.2765,1.3291,0.0091,0.0019,0.0074
PHC,2025-08-11,5.24,5.47,5.24,5.39,311400,5.23,5.26,5.17,2.9805,2.5495,4.3037,0.0108,0.0021,0.0079
PHC,2025-08-12,5.4,5.43,5.32,5.4,61300,5.26,5.27,5.17,2.7202,2.5154,4.4205,0.0032,0.0007,0.0073
PHC,2025-08-13,5.45,5.77,5.45,5.77,1402600,5.31,5.29,5.18,8.7243,9.115,11.3298,0.1417,0.0283,0.0204
PHC,2025-08-14,6.16,6.17,5.99,6.17,1215400,5.4,5.33,5.2,14.1958,15.7707,18.5991,0.1297,0.0287,0.0324
PHC,2025-08-15,6.6,6.6,6.2,6.39,1121000,5.52,5.38,5.23,15.7818,18.707,22.2405,-0.0048,-0.0011,0.0326
PHC,2025-08-18,6.4,6.6,6.18,6.28,759900,5.62,5.43,5.25,11.6444,15.5686,19.5917,-0.0441,-0.0102,0.0368
PHC,2025-08-19,6.16,6.4,6.1,6.28,486400,5.74,5.48,5.28,9.5031,14.4941,19.0386,0.0088,0.002,0.0357
PHC,2025-08-20,6.29,6.3,5.9,5.96,450500,5.81,5.52,5.29,2.5994,7.9515,12.6186,-0.0274,-0.0057,0.0382
PHC,2025-08-21,5.96,5.96,5.74,5.75,411700,5.86,5.55,5.3,-1.9106,3.669,8.4006,-0.035,-0.0073,0.0415
PHC,2025-08-22,5.75,5.75,5.5,5.66,303900,5.9,5.57,5.32,-4.149,1.6706,6.467,0.006,0.0013,0.0412
PHC,2025-08-25,5.85,5.85,5.55,5.56,152400,5.92,5.58,5.33,-6.1128,-0.3227,4.4092,-0.013,-0.0028,0.0414
PHC,2025-08-26,5.7,5.7,5.51,5.68,96400,5.95,5.6,5.34,-4.5378,1.3652,6.4189,0.0062,0.0013,0.0417
PHC,2025-08-27,5.9,5.9,5.58,5.65,182100,5.94,5.62,5.35,-4.8501,0.4891,5.6233,-0.0097,-0.0019,0.0285
PHC,2025-08-28,5.66,5.68,5.57,5.57,135700,5.88,5.64,5.36,-5.2399,-1.2499,3.9489,-0.0197,-0.0037,0.0175
PHC,2025-08-29,5.57,5.7,5.57,5.62,91700,5.8,5.66,5.37,-3.1202,-0.7067,4.6867,-0.0022,-0.0004,0.0172
PHC,2025-09-03,5.8,5.8,5.6,5.77,222600,5.75,5.69,5.38,0.3478,1.4505,7.2092,0.0203,0.0042,0.0148
PHC,2025-09-04,5.77,6.02,5.72,5.9,325700,5.71,5.72,5.4,3.2913,3.0838,9.2957,0.0075,0.0016,0.0147
PHC,2025-09-05,5.92,6.1,5.89,5.89,288000,5.7,5.76,5.42,3.2428,2.3102,8.7518,-0.0182,-0.004,0.0138
PHC,2025-09-08,5.88,5.9,5.7,5.7,185800,5.7,5.78,5.43,0.0,-1.4011,4.9994,-0.0115,-0.0025,0.0114
PHC,2025-09-09,5.7,5.82,5.68,5.68,85900,5.7,5.8,5.44,-0.3858,-2.128,4.3887,-0.0131,-0.0027,0.0121
PHC,2025-09-10,5.7,5.75,5.6,5.62,69500,5.71,5.82,5.45,-1.5417,-3.3534,3.0701,-0.0126,-0.0026,0.0121
PHC,2025-09-11,5.62,5.75,5.58,5.61,128600,5.7,5.83,5.46,-1.5962,-3.6993,2.6758,-0.0092,-0.0018,0.0124
PHC,2025-09-12,5.62,5.75,5.62,5.71,65500,5.71,5.82,5.48,0.0526,-1.9322,4.2465,0.004,0.0008,0.0118
PHC,2025-09-15,5.8,5.88,5.68,5.75,212100,5.72,5.8,5.49,0.4367,-0.8877,4.7016,-0.0099,-0.0019,0.0109
PHC,2025-09-16,5.75,5.75,5.68,5.68,92900,5.73,5.77,5.5,-0.8899,-1.4915,3.1939,-0.0114,-0.0023,0.0118
PHC,2025-09-17,5.7,5.8,5.67,5.76,244400,5.73,5.74,5.52,0.5236,0.3484,4.3856,0.0118,0.0024,0.0109
PHC,2025-09-18,5.76,5.76,5.7,5.7,157600,5.71,5.71,5.53,-0.1751,-0.1926,3.1114,-0.0414,-0.0078,0.0143
PHC,2025-09-19,5.69,5.74,5.69,5.72,72900,5.69,5.7,5.54,0.4743,0.3685,3.2901,0.0027,0.0005,0.0128
PHC,2025-09-22,5.72,5.77,5.66,5.72,216400,5.7,5.7,5.55,0.439,0.3949,3.1077,0.0029,0.0006,0.0119
PHC,2025-09-23,5.72,5.72,5.67,5.7,48700,5.7,5.7,5.56,0.0527,0.0088,2.5438,0.0022,0.0005,0.0108
PHC,2025-09-24,5.63,5.71,5.61,5.7,85300,5.7,5.71,5.57,-0.0876,-0.1139,2.345,0.0078,0.0017,0.0104
PHC,2025-09-25,5.7,5.8,5.6,5.74,142100,5.72,5.71,5.58,0.3847,0.5342,2.8526,0.0087,0.0019,0.0103
PHC,2025-09-26,5.74,5.75,5.65,5.74,75400,5.72,5.71,5.59,0.3321,0.455,2.7128,0.01,0.0021,0.0109
PHC,2025-09-29,5.74,5.75,5.62,5.71,109600,5.72,5.72,5.6,-0.1224,-0.1923,2.0408,0.0084,0.0018,0.0107
PHC,2025-09-30,5.71,5.71,5.59,5.71,238400,5.72,5.73,5.6,-0.1748,-0.2707,1.8988,0.045,0.009,0.0141
PHC,2025-10-01,5.7,5.72,5.65,5.66,58300,5.71,5.72,5.61,-0.8757,-1.049,0.8625,-0.0133,-0.0025,0.0142
PHC,2025-10-02,5.71,5.77,5.62,5.67,188000,5.71,5.71,5.62,-0.6483,-0.6744,0.8933,-0.0113,-0.0024,0.0112
PHC,2025-10-03,5.67,5.8,5.67,5.76,277900,5.71,5.7,5.63,0.858,1.0172,2.3054,0.0199,0.0046,0.0129
PHC,2025-10-06,5.76,5.82,5.67,5.82,234200,5.72,5.71,5.64,1.7305,1.9622,3.1586,0.0263,0.0053,0.0153
PHC,2025-10-07,5.87,5.97,5.76,5.82,306600,5.73,5.72,5.65,1.5175,1.8373,2.9505,-0.0221,-0.0047,0.0173
PHC,2025-10-08,5.88,5.88,5.75,5.8,68000,5.74,5.72,5.66,0.9925,1.3277,2.4301,-0.0031,-0.0005,0.0168
PHC,2025-10-09,5.82,5.82,5.7,5.7,83100,5.74,5.73,5.67,-0.6796,-0.4975,0.4759,-0.015,-0.0027,0.0174
PHC,2025-10-10,5.79,5.79,5.7,5.73,163400,5.74,5.73,5.68,-0.1394,0.0087,0.8412,-0.0108,-0.0019,0.0175
PHC,2025-10-13,5.61,5.71,5.61,5.61,163100,5.73,5.72,5.69,-2.0601,-1.9659,-1.4094,-0.019,-0.0035,0.0186
PHC,2025-10-14,5.65,5.65,5.22,5.42,372200,5.7,5.71,5.69,-4.8956,-5.0705,-4.8121,-0.0026,-0.0004,0.0143
PHC,2025-10-15,5.42,5.5,5.24,5.25,291600,5.66,5.68,5.69,-7.211,-7.6355,-7.8074,-0.0486,-0.0075,0.0179
PHC,2025-10-16,5.39,5.39,5.2,5.2,106800,5.61,5.66,5.7,-7.3249,-8.111,-8.6918,-0.0159,-0.0025,0.0183
PHC,2025-10-17,5.21,5.33,5.17,5.17,109900,5.55,5.63,5.69,-6.8804,-8.195,-9.2027,-0.012,-0.0019,0.0175
PHC,2025-10-20,5.17,5.22,4.95,4.95,117800,5.46,5.59,5.69,-9.4236,-11.4965,-12.9839,-0.0069,-0.0012,0.0156
PHC,2025-10-21,4.97,5.11,4.81,4.81,380100,5.36,5.55,5.68,-10.3281,-13.3099,-15.3199,-0.0494,-0.0082,0.0183
PHC,2025-10-22,4.81,5.05,4.8,5.0,71900,5.28,5.51,5.67,-5.3747,-9.3135,-11.8539,0.0073,0.0012,0.0187
PHC,2025-10-23,5.0,5.09,4.95,4.99,34900,5.21,5.48,5.66,-4.2778,-8.8751,-11.9028,-0.0028,-0.0005,0.0175
PHC,2025-10-24,5.04,5.04,4.86,4.95,60500,5.14,5.44,5.65,-3.6027,-8.9488,-12.3553,0.0,0.0,0.0164
PHC,2025-10-27,5.0,5.19,4.95,4.95,22800,5.07,5.4,5.62,-2.3476,-8.3079,-11.975,-0.0032,-0.0006,0.0149
PHC,2025-10-28,5.06,5.06,4.94,4.99,49200,5.03,5.36,5.6,-0.7163,-6.9464,-10.8196,-0.001,-0.0002,0.0147
PHC,2025-10-29,5.0,5.09,4.9,5.01,100700,5.0,5.33,5.57,0.1599,-6.0038,-10.0539,0.0043,0.0008,0.0103
PHC,2025-10-30,5.02,5.12,5.01,5.02,86200,4.98,5.3,5.54,0.7223,-5.2383,-9.4647,-0.013,-0.0024,0.01
PHC,2025-10-31,5.03,5.29,5.03,5.06,26300,4.97,5.26,5.53,1.7494,-3.848,-8.4461,-0.0031,-0.0005,0.0091
PHC,2025-11-03,5.08,5.22,5.0,5.05,79500,4.98,5.22,5.51,1.3446,-3.3308,-8.395,-0.0046,-0.0009,0.0089
PHC,2025-11-04,5.01,5.07,4.96,5.07,67700,5.01,5.19,5.5,1.2178,-2.2462,-7.8349,0.0066,0.0013,0.0046
PHC,2025-11-05,4.97,5.13,4.97,5.09,12100,5.02,5.15,5.49,1.4348,-1.1842,-7.313,0.0016,0.0003,0.004
PHC,2025-11-06,5.08,5.12,5.0,5.05,17500,5.02,5.12,5.48,0.5175,-1.3383,-7.8299,-0.0008,-0.0001,0.0038
PHC,2025-11-07,5.09,5.09,5.0,5.0,12100,5.03,5.08,5.47,-0.5767,-1.6135,-8.5254,-0.002,-0.0003,0.004
PHC,2025-11-10,5.0,5.04,4.98,4.98,17500,5.03,5.05,5.45,-1.0334,-1.3959,-8.6942,-0.0048,-0.0008,0.0042
PHC,2025-11-11,4.98,5.18,4.98,5.0,54700,5.03,5.03,5.44,-0.6557,-0.5865,-8.1186,-0.0104,-0.0019,0.0051
PHC,2025-11-12,4.98,5.05,4.98,5.05,46700,5.04,5.02,5.43,0.2581,0.6076,-6.9536,0.0096,0.0018,0.0057
PHC,2025-11-13,5.0,5.07,5.0,5.06,23400,5.04,5.01,5.41,0.3769,0.9476,-6.4799,0.0041,0.0007,0.0048
PHC,2025-11-14,5.16,5.16,5.02,5.04,14800,5.04,5.01,5.39,0.0198,0.6792,-6.5559,-0.0031,-0.0006,0.0048
PHC,2025-11-17,5.09,5.09,5.04,5.06,46500,5.04,5.01,5.38,0.3968,0.9678,-5.9619,-0.0022,-0.0004,0.0045
PHC,2025-11-18,5.06,5.08,5.03,5.06,10400,5.04,5.02,5.37,0.4167,0.7166,-5.7447,0.0006,0.0001,0.0039
PHC,2025-11-19,5.05,5.08,4.99,5.02,52600,5.03,5.03,5.36,-0.2385,-0.0995,-6.2803,-0.0042,-0.0008,0.0042
PHC,2025-11-20,5.02,5.09,5.02,5.02,19500,5.03,5.03,5.34,-0.179,-0.1293,-6.0734,-0.0055,-0.001,0.0046
PHC,2025-11-21,5.02,5.07,5.0,5.04,29900,5.03,5.03,5.33,0.1391,0.1789,-5.4622,0.001,0.0002,0.0046
PHC,2025-11-24,5.09,5.09,5.0,5.02,23200,5.04,5.03,5.32,-0.3375,-0.288,-5.5788,-0.004,-0.0007,0.0045
PHC,2025-11-25,5.0,5.04,4.91,4.92,90200,5.03,5.03,5.3,-2.1674,-2.2063,-7.1943,-0.0159,-0.0028,0.005
PHC,2025-11-26,5.0,5.04,4.94,5.02,13600,5.03,5.03,5.29,-0.1194,-0.2286,-5.0429,0.0017,0.0003,0.0042
PHC,2025-11-27,5.09,5.09,5.0,5.0,26200,5.02,5.03,5.27,-0.3984,-0.6063,-5.1701,-0.0075,-0.0014,0.0046
PHC,2025-11-28,5.0,5.03,4.99,5.0,7400,5.02,5.03,5.26,-0.319,-0.547,-4.9104,-0.0008,-0.0002,0.0043
PHC,2025-12-01,5.0,5.06,5.0,5.0,33000,5.01,5.03,5.24,-0.1996,-0.4975,-4.6493,-0.0086,-0.0017,0.005
PHC,2025-12-02,5.09,5.09,5.0,5.03,22000,5.01,5.02,5.23,0.4594,0.1394,-3.8314,-0.0017,-0.0003,0.0051
PHC,2025-12-03,5.04,5.05,5.0,5.04,35600,5.01,5.02,5.22,0.6189,0.3884,-3.3965,0.0046,0.0008,0.0051
PHC,2025-12-04,5.04,5.04,5.0,5.0,70400,5.01,5.02,5.2,-0.1398,-0.3587,-3.8905,-0.0191,-0.0033,0.0065
PHC,2025-12-05,5.24,5.24,5.01,5.06,30900,5.01,5.02,5.19,1.0182,0.7767,-2.4823,-0.0035,-0.0006,0.0067
PHC,2025-12-08,5.02,5.1,5.0,5.0,72600,5.01,5.02,5.17,-0.1398,-0.4381,-3.3742,-0.0165,-0.0028,0.008
PHC,2025-12-09,5.1,5.1,5.0,5.05,46600,5.02,5.02,5.16,0.5976,0.5075,-2.1583,0.0,0.0,0.0064
PHC,2025-12-10,5.06,5.06,5.01,5.05,16200,5.02,5.02,5.15,0.5375,0.5075,-1.9265,0.0031,0.0006,0.0065
PHC,2025-12-11,5.01,5.07,4.96,5.05,45800,5.03,5.02,5.14,0.4375,0.5175,-1.6898,0.0088,0.0016,0.0067
PHC,2025-12-12,5.05,5.05,4.93,4.93,177100,5.02,5.02,5.12,-1.8124,-1.7635,-3.7147,-0.0219,-0.0044,0.0088
PHC,2025-12-15,4.99,5.01,4.98,5.0,23500,5.02,5.02,5.1,-0.4182,-0.309,-2.0338,0.0026,0.0005,0.0082
PHC,2025-12-16,4.99,5.05,4.95,5.0,18500,5.02,5.01,5.09,-0.3587,-0.2494,-1.718,0.0,0.0,0.008
PHC,2025-12-17,4.96,5.01,4.94,4.95,38900,5.01,5.01,5.07,-1.1779,-1.1779,-2.3746,-0.0091,-0.0016,0.0085
PHC,2025-12-18,4.96,5.01,4.95,4.97,4600,5.01,5.01,5.06,-0.7191,-0.7291,-1.6971,-0.0006,-0.0001,0.0066
PHC,2025-12-19,4.96,4.97,4.96,4.96,26800,5.0,5.0,5.04,-0.7206,-0.8496,-1.5951,-0.0054,-0.0009,0.0068
PHC,2025-12-22,5.01,5.01,4.91,4.91,43500,4.99,5.0,5.03,-1.544,-1.741,-2.3158,-0.009,-0.0014,0.006
PHC,2025-12-23,4.91,4.99,4.91,4.94,26100,4.98,5.0,5.02,-0.7235,-1.1605,-1.5309,-0.0017,-0.0003,0.0062
PHC,2025-12-24,4.99,5.02,4.94,5.0,24800,4.97,5.0,5.01,0.5834,0.06,-0.2354,0.0031,0.0005,0.0062
PHC,2025-12-25,5.0,5.0,4.94,4.96,16900,4.96,5.0,5.01,-0.0403,-0.7007,-0.9387,-0.0009,-0.0002,0.0054
PHC,2025-12-26,4.92,4.98,4.91,4.94,71800,4.96,4.99,5.0,-0.4634,-1.0417,-1.2474,-0.0021,-0.0003,0.0035
PHC,2025-12-29,4.94,5.01,4.93,5.01,91700,4.96,4.99,5.0,0.9267,0.3505,0.1279,0.0304,0.0047,0.0062
PHC,2025-12-30,5.01,5.01,4.95,4.95,33100,4.96,4.99,5.01,-0.1815,-0.7718,-1.1266,-0.0107,-0.0016,0.0073
PHC,2025-12-31,4.93,5.0,4.93,4.93,44800,4.96,4.98,5.0,-0.5447,-1.0636,-1.4985,-0.0098,-0.0016,0.0074
PHC,2026-01-05,4.97,4.97,4.93,4.93,36500,4.95,4.98,5.0,-0.4644,-0.9941,-1.4749,-0.0083,-0.0013,0.0081
PHC,2026-01-06,4.95,4.95,4.9,4.94,73000,4.95,4.97,5.0,-0.2222,-0.6736,-1.2711,0.0077,0.0013,0.0084
PHC,2026-01-07,4.94,5.0,4.92,4.92,68800,4.95,4.97,5.0,-0.6462,-0.9961,-1.659,-0.012,-0.0018,0.0087
PHC,2026-01-08,4.92,5.0,4.92,4.92,75200,4.95,4.96,5.0,-0.6061,-0.8664,-1.6315,-0.0123,-0.0018,0.0097
PHC,2026-01-09,4.97,4.97,4.91,4.94,40200,4.94,4.96,5.0,-0.0809,-0.353,-1.204,0.0,0.0,0.0094
PHC,2026-01-12,4.91,4.97,4.9,4.91,138000,4.94,4.95,5.0,-0.5872,-0.8181,-1.7607,-0.0095,-0.0015,0.0103
PHC,2026-01-13,4.96,4.96,4.92,4.95,24300,4.94,4.95,5.0,0.2024,-0.0303,-0.9168,0.0014,0.0002,0.0102
PHC,2026-01-14,4.95,4.98,4.8,4.93,116000,4.93,4.95,4.99,-0.0406,-0.3638,-1.2697,0.007,0.0011,0.0079
PHC,2026-01-15,4.9,4.96,4.9,4.94,42800,4.93,4.94,4.99,0.1825,-0.1011,-1.0179,0.0024,0.0003,0.007
PHC,2026-01-16,4.71,5.21,4.71,4.94,86600,4.93,4.94,4.99,0.1622,-0.091,-0.9583,-0.0011,-0.0002,0.0062
PHC,2026-01-19,4.97,5.15,4.9,4.97,32500,4.94,4.94,4.99,0.6888,0.5157,-0.3249,-0.003,-0.0004,0.0056
PHC,2026-01-20,4.99,5.0,4.95,4.99,159400,4.94,4.95,4.99,0.9917,0.8896,0.0802,0.0152,0.0024,0.0064
PHC,2026-01-21,5.0,5.1,4.99,5.05,113400,4.95,4.95,4.99,1.9378,1.9584,1.2552,0.0015,0.0002,0.0053
PHC,2026-01-22,5.04,5.09,5.0,5.06,58900,4.97,4.96,4.99,1.8519,2.0367,1.4313,0.0031,0.0005,0.0044
PHC,2026-01-23,5.1,5.1,4.91,5.06,53300,4.98,4.96,4.99,1.6064,1.975,1.4272,0.005,0.0008,0.0049
PHC,2026-01-26,5.0,5.08,4.71,4.8,111400,4.97,4.95,4.98,-3.4011,-3.1086,-3.6841,-0.0084,-0.0014,0.0048
PHC,2026-01-27,4.5,4.8,4.5,4.71,204000,4.94,4.94,4.98,-4.7523,-4.7041,-5.3647,0.0171,0.0024,0.0064
PHC,2026-01-28,4.75,4.78,4.64,4.68,38400,4.92,4.93,4.97,-4.878,-4.9939,-5.8236,-0.0035,-0.0005,0.006
PHC,2026-01-29,4.68,4.72,4.63,4.68,95200,4.89,4.91,4.96,-4.3727,-4.7328,-5.6794,0.0025,0.0003,0.006
PHC,2026-01-30,4.67,4.7,4.65,4.7,38000,4.87,4.9,4.96,-3.4908,-4.1012,-5.154,0.0079,0.0011,0.0067
PHC,2026-02-02,4.87,4.87,4.68,4.78,30200,4.85,4.89,4.95,-1.4636,-2.3194,-3.446,0.0003,0.0,0.0065
PHC,2026-02-03,4.96,4.96,4.7,4.81,9400,4.83,4.89,4.95,-0.4759,-1.5756,-2.7497,-0.0003,-0.0,0.005
PHC,2026-02-04,4.81,4.82,4.75,4.81,29600,4.81,4.88,4.94,0.0208,-1.4647,-2.667,0.004,0.0006,0.0052
PHC,2026-02-05,4.77,4.81,4.76,4.78,59600,4.78,4.87,4.94,-0.0209,-1.9387,-3.2193,-0.0019,-0.0003,0.0051
PHC,2026-02-06,4.75,5.05,4.75,4.88,8300,4.76,4.87,4.94,2.4564,0.1745,-1.1385,-0.0005,-0.0001,0.0046
