ticker,time,open,high,low,close,volume,ma10,ma20,ma50,ma10_score,ma20_score,ma50_score,money_flow,dollar_flow,trend_score
VCB,2015-01-05,9.38,9.5,9.3,9.44,310010,,,,,,,0.3815,0.4139,0.3815
VCB,2015-01-06,9.44,10.07,9.44,10.07,1684600,,,,,,,2.9197,3.6672,1.6506
VCB,2015-01-07,10.1,10.24,9.8,9.95,1430340,,,,,,,-0.8977,-1.1764,1.3996
VCB,2015-01-08,9.98,10.36,9.95,10.24,904240,,,,,,,1.2201,1.3383,1.3547
VCB,2015-01-09,10.33,10.95,10.33,10.92,2286680,,,,,,,3.8978,4.8093,1.8634
VCB,2015-01-12,10.95,11.19,10.86,11.01,3059730,,,,,,,-0.4836,-0.7282,1.6334
VCB,2015-01-13,10.95,11.04,10.81,10.95,1496280,,,,,,,0.8434,0.9954,1.5205
VCB,2015-01-14,10.89,11.28,10.89,11.07,2338820,,,,,,,-0.5423,-0.6916,1.3983
VCB,2015-01-15,11.01,11.19,10.89,10.89,1083780,,,,,,,-2.2633,-2.624,1.4944
VCB,2015-01-16,10.89,10.89,10.69,10.75,678030,10.53,,,2.0523,,,-0.5661,-0.6947,1.4015
VCB,2015-01-19,10.78,11.01,10.48,10.48,922600,10.63,,,-1.4477,,,-2.2241,-2.784,1.5858
VCB,2015-01-20,10.48,10.69,10.45,10.66,802390,10.69,,,-0.3322,,,2.1221,2.6993,1.506
VCB,2015-01-21,10.66,10.66,10.48,10.48,536600,10.75,,,-2.4793,,,-1.4705,-2.0437,1.5633
VCB,2015-01-22,10.48,10.92,10.33,10.72,1904310,10.79,,,-0.7131,,,1.8077,2.161,1.6221
VCB,2015-01-23,10.81,11.25,10.75,10.98,1369330,10.8,,,1.6995,,,-0.1922,-0.2401,1.2515
VCB,2015-01-26,10.98,11.1,10.84,10.84,498570,10.78,,,0.4942,,,-1.4994,-1.8843,1.3531
VCB,2015-01-27,10.81,10.89,10.51,10.75,1039610,10.76,,,-0.1376,,,0.3277,0.4297,1.3015
VCB,2015-01-28,10.75,11.13,10.66,11.07,1341830,10.76,,,2.8886,,,1.4372,1.847,1.391
VCB,2015-01-29,11.07,11.07,10.89,10.92,591880,10.76,,,1.4851,,,-1.0613,-1.1731,1.2708
VCB,2015-01-30,10.89,10.89,10.54,10.57,1161160,10.75,10.64,,-1.6528,-0.6539,,-1.9842,-2.6176,1.4126
VCB,2015-02-02,10.51,10.69,10.48,10.57,608170,10.76,10.69,,-1.7341,-1.1764,,-0.1866,-0.2379,1.2089
VCB,2015-02-03,10.54,10.6,9.86,9.86,1492700,10.68,10.68,,-7.6539,-7.7307,,-2.1661,-2.7661,1.2133
VCB,2015-02-04,9.62,9.86,9.44,9.8,1365870,10.61,10.68,,-7.6193,-8.2213,,2.5823,3.0335,1.3245
VCB,2015-02-05,9.92,10.36,9.92,10.33,814650,10.57,10.68,,-2.2409,-3.2705,,2.7763,2.8488,1.4213
VCB,2015-02-06,10.36,10.66,10.36,10.66,688720,10.54,10.67,,1.152,-0.0971,,2.2426,2.5836,1.6264
VCB,2015-02-09,10.6,10.86,10.51,10.72,1011240,10.52,10.65,,1.8284,0.5975,,0.5892,0.6988,1.5354
VCB,2015-02-10,10.78,10.92,10.75,10.78,592970,10.53,10.64,,2.3622,1.2377,,-1.2724,-1.3589,1.6298
VCB,2015-02-11,10.78,11.04,10.75,10.98,531780,10.52,10.64,,4.4188,3.2276,,1.026,1.3216,1.5887
VCB,2015-02-12,11.07,11.07,10.75,10.75,578600,10.5,10.63,,2.34,1.0719,,-1.6913,-1.8275,1.6517
VCB,2015-02-13,10.75,10.89,10.75,10.81,388300,10.52,10.64,,2.6723,1.6005,,-0.3027,-0.334,1.4835
VCB,2015-02-24,10.95,11.55,10.86,11.55,1012520,10.62,10.69,,8.6956,8.0182,,3.7411,4.6773,1.839
VCB,2015-02-25,11.52,11.81,11.28,11.28,890900,10.76,10.72,,4.7855,5.2195,,-1.7333,-2.2285,1.7957
VCB,2015-02-26,11.4,11.81,11.37,11.66,740750,10.95,10.78,,6.5153,8.212,,0.7228,0.743,1.6098
VCB,2015-02-27,11.69,11.69,11.22,11.37,701990,11.05,10.81,,2.8388,5.1479,,-0.7942,-0.8246,1.4116
VCB,2015-03-02,11.34,11.46,11.16,11.37,310940,11.13,10.83,,2.1821,4.9611,,0.491,0.6424,1.2364
VCB,2015-03-03,11.34,11.55,11.25,11.4,565220,11.19,10.86,,1.8249,4.9618,,0.0,0.0,1.1775
VCB,2015-03-04,11.49,11.49,11.28,11.49,446280,11.26,10.9,,1.9711,5.4204,,0.8578,1.1019,1.136
VCB,2015-03-05,11.46,11.46,11.22,11.22,692720,11.29,10.9,,-0.6032,2.9052,,-1.1761,-1.4911,1.151
VCB,2015-03-06,11.19,11.25,10.86,11.04,1411330,11.32,10.91,,-2.4327,1.2211,,-0.2468,-0.2867,1.0066
VCB,2015-03-09,11.04,11.04,10.69,10.78,1180460,11.31,10.92,,-4.7619,-1.3149,,-1.377,-1.5594,1.114
VCB,2015-03-10,10.69,10.95,10.69,10.89,596890,11.25,10.94,,-3.1579,-0.379,,0.9925,1.1719,0.8392
VCB,2015-03-11,10.89,10.92,10.78,10.81,576700,11.2,10.98,,-3.5413,-1.6173,,-0.9809,-1.1551,0.7639
VCB,2015-03-12,10.78,10.92,10.78,10.89,378150,11.13,11.04,,-2.0756,-1.3008,,0.681,0.7508,0.7597
VCB,2015-03-13,10.95,11.07,10.86,10.86,498020,11.08,11.06,,-1.8979,-1.806,,-1.3626,-1.4794,0.8166
VCB,2015-03-16,10.36,10.75,10.36,10.45,2068770,10.98,11.05,,-4.8517,-5.4633,,-2.2263,-2.2884,0.9901
VCB,2015-03-17,10.51,10.69,10.51,10.57,600760,10.9,11.05,,-3.0418,-4.328,,-0.6225,-0.7094,1.0524
VCB,2015-03-18,10.54,10.63,10.45,10.6,305040,10.81,11.04,,-1.9715,-3.9828,,0.7119,0.7372,1.0378
VCB,2015-03-19,10.54,10.54,10.45,10.51,1024340,10.74,11.01,,-2.1499,-4.5827,,1.1532,1.3944,1.0355
VCB,2015-03-20,10.45,10.78,10.45,10.66,4058430,10.7,11.01,,-0.4149,-3.1998,,1.6383,1.4368,1.1746
VCB,2015-03-23,10.66,10.72,10.39,10.42,989730,10.67,10.99,10.76,-2.3037,-5.1852,-3.1211,-1.8114,-2.1259,1.2181
VCB,2015-03-24,10.36,10.48,10.21,10.45,1639950,10.62,10.94,10.78,-1.6165,-4.4396,-3.0273,3.1395,3.7293,1.4328
VCB,2015-03-25,10.39,10.51,10.36,10.48,661510,10.59,10.9,10.79,-1.0344,-3.8174,-2.8274,1.1013,1.0703,1.4448
VCB,2015-03-26,10.33,10.57,10.33,10.36,1339170,10.54,10.83,10.79,-1.6578,-4.3324,-3.9991,-2.8831,-3.0404,1.665
VCB,2015-03-27,10.36,10.54,10.33,10.45,1452040,10.49,10.79,10.8,-0.4231,-3.1018,-3.2134,0.3848,0.4802,1.5672
VCB,2015-03-30,10.39,10.51,10.39,10.39,664600,10.49,10.74,10.79,-0.9314,-3.2124,-3.6667,-1.4136,-1.5946,1.486
VCB,2015-03-31,10.39,10.54,10.36,10.39,677180,10.47,10.69,10.77,-0.7633,-2.7566,-3.5555,-2.2104,-2.6166,1.6448
VCB,2015-04-01,10.39,10.45,10.3,10.36,881700,10.45,10.63,10.76,-0.8218,-2.5206,-3.7245,-0.4026,-0.4754,1.6138
VCB,2015-04-02,10.36,10.6,10.33,10.57,538520,10.45,10.6,10.75,1.1045,-0.2654,-1.707,1.0679,1.2234,1.6053
VCB,2015-04-03,10.57,10.6,10.51,10.57,435220,10.44,10.57,10.75,1.1905,-0.042,-1.6474,0.5829,0.6443,1.4998
VCB,2015-04-06,10.51,10.57,10.51,10.51,346120,10.45,10.56,10.74,0.5381,-0.4766,-2.1553,-1.3368,-1.4531,1.4523
VCB,2015-04-07,10.51,10.63,10.39,10.6,696080,10.47,10.55,10.74,1.2443,0.5053,-1.3502,1.3081,1.4421,1.2692
VCB,2015-04-08,10.57,10.6,10.48,10.51,1039830,10.47,10.53,10.74,0.3676,-0.1968,-2.1499,-1.4816,-1.4479,1.3072
VCB,2015-04-09,10.48,10.72,10.48,10.6,532290,10.49,10.52,10.74,0.9873,0.7883,-1.3448,0.0,0.0,1.0189
VCB,2015-04-10,10.6,10.78,10.6,10.66,566250,10.52,10.51,10.74,1.3513,1.4513,-0.7827,-0.4712,-0.5906,1.0275
VCB,2015-04-13,10.72,10.78,10.66,10.78,666920,10.55,10.52,10.74,2.1038,2.4198,0.3584,1.8962,2.0556,1.0758
VCB,2015-04-14,10.84,10.86,10.75,10.78,1090910,10.59,10.53,10.74,1.7328,2.319,0.3695,-1.3845,-1.7116,0.9932
VCB,2015-04-15,10.75,10.86,10.75,10.84,685160,10.64,10.54,10.74,1.8364,2.7657,0.9043,0.7997,0.8174,1.0329
VCB,2015-04-16,10.84,11.13,10.81,11.04,1034230,10.69,10.57,10.74,3.3241,4.4671,2.8398,1.0413,1.097,1.0302
VCB,2015-04-17,11.04,11.16,11.04,11.07,918190,10.74,10.59,10.74,3.1155,4.5423,3.0871,-0.9276,-0.9052,1.0647
VCB,2015-04-20,11.1,11.1,10.92,11.04,526550,10.79,10.62,10.75,2.3319,3.9576,2.7208,0.6033,0.6845,0.9913
VCB,2015-04-21,10.98,11.04,10.84,10.86,685380,10.82,10.64,10.76,0.4378,2.0862,1.0128,-1.3439,-1.5162,0.9949
VCB,2015-04-22,10.86,10.98,10.86,10.95,669760,10.86,10.67,10.78,0.8449,2.6922,1.6316,0.892,1.013,0.936
VCB,2015-04-23,10.95,10.98,10.86,10.95,408610,10.9,10.7,10.8,0.5162,2.408,1.4143,0.6638,0.714,1.0023
VCB,2015-04-24,11.01,11.04,10.95,11.01,185110,10.93,10.72,10.81,0.7311,2.6915,1.8341,0.2272,0.2515,0.9779
VCB,2015-04-27,10.98,11.04,10.72,10.72,201080,10.93,10.74,10.82,-1.9236,-0.2205,-0.9142,-0.7464,-0.9619,0.863
VCB,2015-05-04,10.72,10.86,10.51,10.54,511240,10.9,10.75,10.81,-3.3397,-1.9419,-2.5245,-0.6024,-0.7553,0.7848
VCB,2015-05-05,10.54,11.01,10.51,11.01,473810,10.92,10.78,10.82,0.8404,2.1557,1.8118,1.1201,1.3505,0.8168
VCB,2015-05-06,10.95,11.07,10.86,10.98,429770,10.92,10.8,10.82,0.6238,1.6856,1.5381,0.1475,0.1984,0.7274
VCB,2015-05-07,10.98,11.16,10.92,11.13,686100,10.92,10.83,10.82,1.9247,2.7884,2.8334,2.0155,2.7237,0.8362
VCB,2015-05-08,11.13,11.58,11.04,11.46,1036170,10.96,10.88,10.84,4.5099,5.3348,5.7146,2.1842,3.155,0.9943
VCB,2015-05-11,11.46,11.61,11.43,11.52,312920,11.03,10.92,10.84,4.4295,5.4343,6.2667,0.0,0.0,0.8599
VCB,2015-05-12,11.58,11.58,11.34,11.43,432980,11.08,10.97,10.84,3.181,4.1836,5.4184,-0.3348,-0.4469,0.8042
VCB,2015-05-13,11.43,11.43,11.1,11.28,364050,11.11,11.0,10.83,1.5458,2.5158,4.1268,0.1201,0.1514,0.7498
VCB,2015-05-14,11.19,11.4,11.19,11.34,61900,11.14,11.04,10.83,1.7805,2.736,4.6791,0.1127,0.1383,0.7384
VCB,2015-05-15,11.34,11.52,11.22,11.37,465740,11.21,11.07,10.83,1.4531,2.7288,4.9525,0.0,0.0,0.6637
VCB,2015-05-18,11.22,11.46,11.16,11.43,556660,11.29,11.1,10.83,1.1796,2.9608,5.4933,1.0622,1.4831,0.7097
VCB,2015-05-19,11.34,11.69,11.28,11.58,350870,11.35,11.14,10.83,1.9823,3.9479,6.8423,0.3782,0.5229,0.6355
VCB,2015-05-20,11.58,11.75,11.55,11.72,482750,11.42,11.17,10.84,2.6172,4.9562,8.1081,0.5161,0.7338,0.6724
VCB,2015-05-21,11.84,11.99,11.75,11.84,685570,11.5,11.21,10.86,3.0131,5.6524,9.0393,-0.4663,-0.6659,0.5175
VCB,2015-05-22,11.93,12.52,11.84,12.49,1282150,11.6,11.28,10.89,7.708,10.7466,14.6739,2.2921,2.935,0.5283
VCB,2015-05-25,12.37,12.55,12.32,12.43,686420,11.69,11.36,10.93,6.356,9.4605,13.8088,0.0,0.0,0.5283
VCB,2015-05-26,12.43,12.91,12.4,12.73,1016490,11.82,11.45,10.96,7.6885,11.1973,16.1095,0.5769,0.8879,0.5525
VCB,2015-05-27,12.49,12.91,12.49,12.7,757720,11.96,11.54,11.0,6.1618,10.0988,15.4591,-0.0,-0.0001,0.5405
VCB,2015-05-28,12.61,13.09,12.58,12.76,1048640,12.11,11.62,11.04,5.4047,9.7809,15.5992,-0.6104,-0.9073,0.5902
VCB,2015-05-29,12.67,13.03,12.64,12.82,1080710,12.25,11.73,11.09,4.6399,9.302,15.6393,-0.1506,-0.2421,0.6053
VCB,2015-06-01,12.82,13.62,12.82,13.53,1207510,12.46,11.88,11.14,8.5769,13.9083,21.4005,2.5154,3.5736,0.7506
VCB,2015-06-02,13.59,14.27,13.56,13.59,2101670,12.66,12.01,11.2,7.3182,13.1797,21.281,-3.25,-5.4199,1.0378
VCB,2015-06-03,13.62,13.77,13.03,13.17,667560,12.81,12.12,11.26,2.8664,8.7355,17.0252,-0.5514,-0.6585,1.0413
VCB,2015-06-04,13.11,13.47,13.0,13.17,403010,12.94,12.22,11.31,1.8074,7.8265,16.5043,-0.1614,-0.2631,1.0108
VCB,2015-06-05,13.03,13.53,12.94,13.35,602160,13.03,12.31,11.37,2.5,8.4395,17.4663,0.3128,0.4581,0.8129
VCB,2015-06-08,13.35,13.59,13.2,13.41,452900,13.12,12.41,11.43,2.1881,8.0888,17.3758,0.0555,0.0811,0.8184
VCB,2015-06-09,13.32,13.41,13.0,13.09,691070,13.16,12.49,11.48,-0.5625,4.7641,14.0056,-0.7592,-1.0883,0.8367
VCB,2015-06-10,13.14,13.14,12.67,12.82,630440,13.17,12.57,11.53,-2.6748,2.0023,11.2081,-0.4438,-0.6397,0.881
VCB,2015-06-11,12.91,13.2,12.7,12.94,805370,13.19,12.65,11.58,-1.908,2.294,11.7533,-0.0567,-0.0718,0.8257
VCB,2015-06-12,12.91,13.03,12.88,12.91,257260,13.2,12.72,11.63,-2.1983,1.4426,11.015,-0.2484,-0.3782,0.8355
VCB,2015-06-15,12.91,13.41,12.91,13.41,454090,13.19,12.82,11.69,1.7063,4.5827,14.7475,0.7628,1.3603,0.6602
VCB,2015-06-16,13.41,13.47,13.17,13.17,360950,13.14,12.9,11.74,0.2252,2.0994,12.1811,-0.3904,-0.5549,0.3743
VCB,2015-06-17,13.03,13.35,13.0,13.14,272520,13.14,12.97,11.8,0.0225,1.312,11.4401,-0.0897,-0.1449,0.3281
VCB,2015-06-18,13.11,13.44,13.11,13.29,462680,13.15,13.05,11.85,1.0579,1.8834,12.1771,0.0934,0.1408,0.3213
VCB,2015-06-19,13.26,13.77,13.23,13.77,1800460,13.19,13.11,11.91,4.3303,5.0017,15.5395,1.7631,2.149,0.4663
VCB,2015-06-22,13.8,14.09,13.8,14.09,614680,13.26,13.19,11.98,6.25,6.8103,17.5831,1.2979,1.9253,0.5906
VCB,2015-06-23,14.06,14.12,13.91,14.09,400240,13.36,13.26,12.06,5.4497,6.2619,16.8844,0.9038,1.4779,0.605
VCB,2015-06-24,14.09,14.12,13.88,13.88,503260,13.47,13.32,12.12,3.0769,4.2338,14.5411,-0.9633,-1.6217,0.657
VCB,2015-06-25,13.88,14.03,13.77,13.88,497890,13.56,13.38,12.19,2.357,3.7955,13.9345,-0.1334,-0.2238,0.6646
VCB,2015-06-26,14.13,14.19,13.52,13.52,689150,13.63,13.41,12.24,-0.7701,0.8149,10.4557,-0.9585,-1.6243,0.7356
VCB,2015-06-29,13.37,14.28,13.34,14.22,801070,13.71,13.45,12.31,3.7221,5.7312,15.4898,1.3594,2.2796,0.7953
VCB,2015-06-30,14.1,14.79,14.1,14.76,1268430,13.87,13.51,12.39,6.4615,9.3038,19.1528,1.772,3.2479,0.9335
VCB,2015-07-01,14.76,14.79,14.31,14.67,543510,14.02,13.58,12.46,4.655,8.0332,17.7307,0.6455,1.0286,0.989
VCB,2015-07-02,14.64,15.58,14.61,15.58,977550,14.25,13.7,12.55,9.3456,13.7091,24.1154,1.3653,2.3679,1.1162
VCB,2015-07-03,15.58,16.64,15.58,16.49,784290,14.52,13.86,12.66,13.5478,18.9722,30.2161,0.7673,1.5433,1.0166
VCB,2015-07-06,16.49,16.79,16.03,16.49,1229700,14.76,14.01,12.77,11.706,17.6667,29.07,0.2711,0.4518,0.914
VCB,2015-07-07,16.33,16.94,16.18,16.33,1003450,14.98,14.17,12.88,9.0244,15.2507,26.8174,-0.9041,-1.4864,0.914
VCB,2015-07-08,16.33,16.49,15.28,15.73,1655430,15.17,14.32,12.98,3.7094,9.8542,21.2215,-0.5259,-0.8671,0.8703
VCB,2015-07-09,15.58,16.49,15.28,15.88,1079840,15.37,14.47,13.07,3.3464,9.782,21.4756,-0.0,-0.0,0.8569
VCB,2015-07-10,16.33,16.33,15.88,15.88,464880,15.6,14.61,13.18,1.7836,8.6654,20.5235,-0.592,-1.1518,0.8203
VCB,2015-07-13,16.03,16.18,15.73,15.88,525230,15.77,14.74,13.28,0.7097,7.7548,19.5542,-0.2659,-0.4593,0.7109
VCB,2015-07-14,15.88,16.03,15.12,15.88,514730,15.88,14.87,13.38,-0.0,6.7744,18.6844,0.5427,0.8835,0.588
VCB,2015-07-15,15.88,15.88,15.43,15.43,400670,15.96,14.99,13.47,-3.3175,2.9339,14.5327,-0.4616,-0.753,0.5696
VCB,2015-07-16,15.43,15.73,15.12,15.43,375790,15.94,15.09,13.56,-3.2258,2.2061,13.8068,-0.0,-0.0,0.4331
VCB,2015-07-17,15.58,15.73,15.43,15.43,343320,15.84,15.18,13.63,-2.5788,1.6469,13.1441,-0.817,-1.5424,0.438
VCB,2015-07-20,15.43,15.43,14.91,14.94,426470,15.68,15.22,13.7,-4.7068,-1.8174,9.0463,-0.9041,-1.5954,0.5013
VCB,2015-07-21,14.94,15.28,14.79,14.88,605660,15.54,15.26,13.77,-4.2056,-2.4682,8.0599,-0.8714,-1.6021,0.4981
VCB,2015-07-22,14.88,15.88,14.82,15.73,1103990,15.54,15.35,13.86,1.2461,2.463,13.4764,0.9664,1.6635,0.5421
VCB,2015-07-23,15.88,16.03,15.58,15.58,399180,15.51,15.44,13.95,0.4682,0.921,11.7019,-0.6237,-1.1228,0.6045
VCB,2015-07-24,15.58,15.73,15.28,15.28,353890,15.45,15.52,14.02,-1.0968,-1.5978,8.9226,-0.7317,-1.3675,0.6184
VCB,2015-07-27,15.28,15.58,15.12,15.43,925380,15.4,15.58,14.1,0.1768,-1.0093,9.3772,0.5622,1.0898,0.6481
VCB,2015-07-28,15.58,16.03,15.43,15.58,748360,15.37,15.63,14.18,1.358,-0.3001,9.8261,-0.3855,-0.6286,0.6324
VCB,2015-07-29,15.58,15.73,15.43,15.43,396810,15.37,15.66,14.26,0.374,-1.5064,8.1949,-0.6435,-1.0726,0.6505
VCB,2015-07-30,15.43,15.43,15.12,15.43,320770,15.37,15.66,14.33,0.374,-1.4588,7.6535,0.6994,1.1773,0.7205
VCB,2015-07-31,15.58,15.58,15.09,15.09,373390,15.34,15.59,14.38,-1.5779,-3.1538,4.9506,-0.5412,-0.9028,0.6929
VCB,2015-08-03,15.06,15.06,14.16,14.49,1106740,15.29,15.49,14.42,-5.2423,-6.4361,0.4571,-0.5105,-0.8984,0.6536
VCB,2015-08-04,14.43,14.55,13.91,13.91,747010,15.19,15.37,14.45,-8.4213,-9.4399,-3.6859,-2.0046,-2.8158,0.7669
VCB,2015-08-05,13.91,14.16,13.82,13.94,1028160,15.02,15.28,14.47,-7.1314,-8.7129,-3.6425,-0.5382,-0.8974,0.7241
VCB,2015-08-06,13.94,14.19,13.58,13.64,892770,14.82,15.16,14.49,-7.9592,-10.0339,-5.8475,-1.1937,-2.2109,0.781
VCB,2015-08-07,13.64,13.7,13.31,13.58,1371930,14.65,15.05,14.5,-7.308,-9.7488,-6.3637,1.9853,3.4157,0.9064
VCB,2015-08-10,13.49,14.04,13.49,14.04,412410,14.51,14.96,14.52,-3.293,-6.1583,-3.303,0.8914,1.2395,0.9393
VCB,2015-08-11,14.16,14.49,14.01,14.25,1507950,14.38,14.88,14.53,-0.9256,-4.2196,-1.9332,-0.0001,-0.0001,0.9008
VCB,2015-08-12,14.1,14.16,13.7,13.76,1038470,14.21,14.79,14.54,-3.1709,-6.9529,-5.3413,-1.7386,-2.5621,1.0103
VCB,2015-08-13,13.76,13.76,13.28,13.31,1183060,14.0,14.69,14.54,-4.9471,-9.3718,-8.479,-2.2936,-3.1729,1.1697
VCB,2015-08-14,13.31,13.43,12.83,13.1,1536800,13.8,14.57,14.54,-5.1063,-10.1007,-9.9035,-0.4029,-0.5869,1.1559
VCB,2015-08-17,13.13,13.25,12.19,12.4,1552820,13.59,14.44,14.52,-8.7672,-14.1271,-14.5707,-1.6245,-2.2451,1.2673
VCB,2015-08-18,12.4,12.86,12.34,12.86,1044970,13.49,14.34,14.51,-4.6872,-10.3565,-11.4173,1.9352,2.5368,1.2603
VCB,2015-08-19,12.8,13.16,12.46,13.1,1125290,13.4,14.21,14.52,-2.2794,-7.8233,-9.7845,1.7529,2.6418,1.3818
VCB,2015-08-20,12.95,13.16,12.77,12.98,768710,13.34,14.08,14.52,-2.699,-7.8311,-10.6228,0.0984,0.1282,1.2723
VCB,2015-08-21,12.77,12.83,12.28,12.83,1153140,13.26,13.96,14.52,-3.2847,-8.1058,-11.6545,1.337,2.1616,1.2075
VCB,2015-08-24,12.7,12.7,11.95,11.95,2073440,13.05,13.78,14.49,-8.4589,-13.3107,-17.5308,-1.6555,-2.3334,1.2839
VCB,2015-08-25,11.49,12.31,11.49,12.13,1945960,12.84,13.61,14.47,-5.536,-10.879,-16.1573,1.4078,1.8216,1.4246
VCB,2015-08-26,12.13,12.64,12.13,12.4,1029560,12.7,13.46,14.45,-2.3809,-7.8548,-14.1874,0.0834,0.1259,1.2591
VCB,2015-08-27,12.61,12.95,12.49,12.58,1471170,12.63,13.32,14.44,-0.3832,-5.5082,-12.8461,-1.5636,-2.3484,1.1861
VCB,2015-08-28,12.58,13.13,12.58,13.13,2136610,12.64,13.22,14.43,3.9023,-0.6865,-8.9946,3.0632,4.3031,1.4521
VCB,2015-08-31,13.16,13.19,12.86,12.86,1309110,12.68,13.14,14.4,1.3836,-2.1414,-10.7289,-2.582,-3.6949,1.5479
VCB,2015-09-01,12.89,13.01,12.7,12.86,657910,12.68,13.08,14.38,1.3836,-1.7455,-10.5754,-0.0001,-0.0001,1.3544
VCB,2015-09-03,12.8,12.95,12.49,12.58,1436900,12.63,13.02,14.35,-0.3593,-3.3233,-12.3103,-1.5733,-2.4182,1.3364
VCB,2015-09-04,12.58,12.8,12.58,12.7,545040,12.6,12.97,14.33,0.8162,-2.0408,-11.3213,0.233,0.3716,1.3499
VCB,2015-09-07,12.7,12.89,12.67,12.73,593370,12.59,12.93,14.31,1.129,-1.4859,-11.0124,-1.0629,-1.6559,1.3225
VCB,2015-09-08,12.73,13.43,12.7,13.43,2703220,12.74,12.9,14.3,5.4131,4.1398,-6.0476,4.8821,8.0713,1.6451
VCB,2015-09-09,13.7,14.1,13.61,13.85,1813760,12.91,12.88,14.28,7.2851,7.5875,-2.962,-0.0001,-0.0002,1.5044
VCB,2015-09-10,13.61,14.16,13.55,13.91,1389010,13.06,12.88,14.26,6.5061,7.9939,-2.4349,1.2001,1.9948,1.616
VCB,2015-09-11,13.76,13.94,13.49,13.55,892160,13.16,12.9,14.22,2.9648,5.078,-4.7093,-1.548,-2.5574,1.6145
VCB,2015-09-14,13.52,13.82,13.07,13.07,1161100,13.16,12.9,14.15,-0.6668,1.3371,-7.6686,-2.74,-4.3994,1.5822
VCB,2015-09-15,13.07,13.13,12.89,12.92,728090,13.16,12.92,14.08,-1.8617,-0.0351,-8.2746,-1.5269,-2.047,1.4766
VCB,2015-09-16,13.01,13.34,13.01,13.31,573270,13.21,12.94,14.02,0.7787,2.8278,-5.0742,1.711,2.7562,1.6477
VCB,2015-09-17,13.4,13.4,13.19,13.19,389220,13.27,12.95,13.97,-0.5928,1.8572,-5.595,-1.0526,-1.5568,1.5957
VCB,2015-09-18,13.31,13.55,13.31,13.31,3095740,13.33,12.96,13.92,-0.1362,2.6598,-4.3769,-2.956,-3.6373,1.868
VCB,2015-09-21,13.31,13.55,13.31,13.52,368840,13.41,13.0,13.87,0.8574,4.0139,-2.5252,0.6769,1.1184,1.8294
VCB,2015-09-22,13.52,13.64,13.43,13.49,297400,13.41,13.08,13.82,0.5864,3.1691,-2.407,-0.2714,-0.4734,1.3683
VCB,2015-09-23,13.43,13.49,13.31,13.46,748260,13.37,13.14,13.78,0.656,2.4166,-2.2837,1.1052,1.5461,1.4788
VCB,2015-09-24,13.52,13.61,13.34,13.34,551100,13.32,13.19,13.73,0.1817,1.1352,-2.8677,-1.2466,-1.8557,1.4835
VCB,2015-09-25,13.34,13.4,13.28,13.31,468130,13.29,13.23,13.69,0.1366,0.6289,-2.7882,-0.7199,-1.0336,1.4006
VCB,2015-09-28,13.34,13.34,13.01,13.01,1007870,13.29,13.22,13.64,-2.0947,-1.6131,-4.6605,-2.0112,-3.1868,1.3278
VCB,2015-09-29,12.92,12.98,12.8,12.95,906190,13.29,13.22,13.6,-2.5723,-2.1043,-4.8254,1.5613,2.44,1.3312
VCB,2015-09-30,13.04,13.13,12.98,12.98,343930,13.26,13.23,13.56,-2.0995,-1.9204,-4.335,-0.9273,-1.4613,1.2528
VCB,2015-10-01,13.01,13.07,12.98,13.01,280230,13.24,13.25,13.51,-1.7367,-1.8489,-3.7256,-0.303,-0.4804,1.1779
VCB,2015-10-02,13.04,13.16,12.92,13.1,346420,13.22,13.27,13.46,-0.8926,-1.3105,-2.6966,0.766,1.2341,0.9589
VCB,2015-10-05,13.1,13.22,13.01,13.16,336080,13.18,13.29,13.42,-0.1607,-1.0127,-1.9387,0.281,0.4533,0.9193
VCB,2015-10-06,13.31,13.73,13.31,13.7,1309620,13.2,13.31,13.38,3.8039,2.978,2.3821,1.3267,2.2752,1.0248
VCB,2015-10-07,13.79,14.04,13.67,13.67,1526700,13.22,13.3,13.35,3.4088,2.8208,2.4479,-2.1484,-2.8999,1.1291
VCB,2015-10-08,13.73,14.25,13.73,14.19,1338160,13.31,13.31,13.32,6.6151,6.5788,6.4989,1.464,2.4692,1.1509
VCB,2015-10-09,14.37,14.37,14.07,14.07,711050,13.38,13.34,13.29,5.1085,5.4661,5.8069,-1.0015,-1.4174,1.179
VCB,2015-10-12,14.16,14.64,14.1,14.55,1523040,13.54,13.41,13.28,7.486,8.4921,9.5372,1.7973,2.6437,1.1577
VCB,2015-10-13,14.46,14.52,14.37,14.49,738570,13.69,13.49,13.28,5.833,7.4112,9.0818,0.9285,1.3954,1.0944
VCB,2015-10-14,14.49,14.49,14.28,14.28,921110,13.82,13.54,13.29,3.3049,5.4631,7.429,-2.1297,-3.1501,1.2146
VCB,2015-10-15,14.34,14.4,14.25,14.34,504420,13.95,13.6,13.3,2.7531,5.4622,7.8204,0.2463,0.4338,1.2089
VCB,2015-10-16,14.34,14.46,14.13,14.13,682110,14.06,13.64,13.31,0.495,3.5936,6.1509,-1.2181,-1.9344,1.2542
VCB,2015-10-19,14.13,14.13,13.91,13.91,872090,14.13,13.66,13.31,-1.5411,1.8939,4.5074,-1.8562,-2.7733,1.4117
VCB,2015-10-20,13.94,13.94,13.7,13.73,939520,14.14,13.67,13.31,-2.8461,0.4758,3.1912,-1.2523,-1.8152,1.4042
VCB,2015-10-21,13.73,14.1,13.73,13.79,664260,14.15,13.68,13.3,-2.5016,0.7958,3.7165,-0.988,-1.6923,1.2882
VCB,2015-10-22,13.91,13.98,13.79,13.98,360190,14.13,13.72,13.3,-1.0707,1.8855,5.0477,1.0594,1.6277,1.2477
VCB,2015-10-23,14.1,14.25,14.07,14.19,760300,14.14,13.76,13.32,0.3423,3.0995,6.4989,0.5541,0.8103,1.203
VCB,2015-10-26,14.25,14.28,14.13,14.13,758050,14.1,13.82,13.34,0.2146,2.2441,5.8813,-1.3609,-1.9386,1.1594
VCB,2015-10-27,14.1,14.19,14.04,14.1,395950,14.06,13.87,13.38,0.2798,1.6025,5.387,-0.1575,-0.2873,1.0823
VCB,2015-10-28,14.1,14.13,13.91,13.94,662770,14.02,13.92,13.4,-0.5608,0.1629,4.0867,-0.925,-1.4075,0.9618
VCB,2015-10-29,13.98,14.13,13.91,14.13,758130,14.0,13.98,13.42,0.8857,1.0604,5.2798,1.5971,2.0897,1.0969
VCB,2015-10-30,14.13,14.43,14.13,14.43,1711470,14.03,14.04,13.45,2.8239,2.7353,7.302,4.6746,6.9227,1.4425
VCB,2015-11-02,14.43,14.67,14.4,14.43,1229570,14.08,14.11,13.48,2.4485,2.2727,7.0467,-2.2461,-3.482,1.4815
VCB,2015-11-03,14.43,14.58,14.25,14.58,715650,14.17,14.15,13.53,2.9035,3.0244,7.748,1.1586,1.6913,1.4721
VCB,2015-11-04,14.61,14.76,14.58,14.58,935950,14.25,14.2,13.58,2.3354,2.6952,7.3592,-2.013,-2.9862,1.5746
VCB,2015-11-05,14.46,14.55,14.43,14.49,374890,14.3,14.21,13.62,1.3328,1.9475,6.3641,0.0001,0.0001,1.4687
VCB,2015-11-06,14.49,14.67,14.31,14.52,832310,14.33,14.24,13.66,1.3085,1.9974,6.284,0.2615,0.3874,1.4395
VCB,2015-11-09,14.52,14.91,14.46,14.85,1119460,14.4,14.25,13.7,3.1079,4.2241,8.4459,1.6092,2.4058,1.4643
VCB,2015-11-10,14.82,14.85,14.61,14.61,613510,14.46,14.26,13.73,1.0672,2.4825,6.4064,-1.9419,-2.9122,1.6427
VCB,2015-11-11,14.61,14.7,14.43,14.43,491500,14.5,14.26,13.76,-0.5214,1.1558,4.8444,-1.1526,-1.8778,1.6655
VCB,2015-11-12,14.37,14.43,14.13,14.4,879940,14.53,14.27,13.8,-0.9159,0.9223,4.3494,1.0544,1.6188,1.6112
VCB,2015-11-13,14.43,14.46,14.25,14.37,571470,14.53,14.28,13.83,-1.0829,0.6249,3.8796,0.1443,0.2191,1.1582
VCB,2015-11-16,14.25,14.4,14.19,14.25,426970,14.51,14.3,13.86,-1.7932,-0.3386,2.7801,-0.325,-0.4767,0.9661
VCB,2015-11-17,14.25,14.52,14.22,14.28,448710,14.48,14.32,13.88,-1.379,-0.3168,2.8726,-0.3427,-0.4729,0.8845
VCB,2015-11-18,14.22,14.37,14.22,14.28,302580,14.45,14.35,13.89,-1.1725,-0.4849,2.8098,-0.1378,-0.2354,0.6969
VCB,2015-11-19,14.34,14.34,14.19,14.22,359250,14.42,14.36,13.89,-1.4055,-0.9901,2.3296,-0.5899,-0.8486,0.7559
VCB,2015-11-20,14.22,14.31,14.22,14.22,268060,14.39,14.36,13.91,-1.1982,-1.0005,2.2317,-0.6311,-0.9725,0.7929
VCB,2015-11-23,14.25,14.28,14.13,14.13,463650,14.32,14.36,13.93,-1.331,-1.6324,1.4248,-0.9147,-1.3227,0.7234
VCB,2015-11-24,14.13,14.13,13.91,13.98,402700,14.25,14.35,13.95,-1.9525,-2.6446,0.1865,-0.304,-0.45,0.5597
VCB,2015-11-25,14.04,14.04,13.76,13.91,391200,14.2,14.35,13.96,-2.0234,-3.0559,-0.3337,0.0634,0.0945,0.4507
VCB,2015-11-26,13.85,13.91,13.73,13.73,281040,14.14,14.33,13.97,-2.8461,-4.1891,-1.7103,-0.6095,-1.0177,0.4062
VCB,2015-11-27,13.64,13.73,13.34,13.4,673400,14.04,14.28,13.97,-4.5464,-6.1739,-4.1042,-0.8086,-1.2891,0.4727
VCB,2015-11-30,13.37,13.4,12.98,12.98,977620,13.91,14.21,13.96,-6.7188,-8.6748,-7.0624,-2.0828,-2.9159,0.6484
VCB,2015-12-01,12.98,13.13,12.7,12.73,880030,13.76,14.12,13.95,-7.4318,-9.7921,-8.6966,-1.8249,-2.1704,0.7967
VCB,2015-12-02,12.73,12.92,12.7,12.77,1737010,13.61,14.03,13.93,-6.1805,-8.9929,-8.3883,-2.5184,-3.1866,1.0347
VCB,2015-12-03,12.7,13.04,12.7,12.89,986090,13.47,13.95,13.92,-4.3557,-7.6022,-7.4597,0.3155,0.4242,1.0073
VCB,2015-12-04,12.98,12.98,12.73,12.8,483880,13.33,13.86,13.91,-4.0164,-7.6823,-8.0435,-0.7656,-1.081,1.0207
VCB,2015-12-07,12.73,12.73,12.31,12.34,1415520,13.15,13.73,13.9,-6.1637,-10.142,-11.2194,-4.1843,-4.8718,1.3477
VCB,2015-12-08,12.34,13.07,12.1,13.04,909680,13.06,13.66,13.9,-0.1621,-4.5298,-6.2269,1.4359,1.9312,1.4609
VCB,2015-12-09,13.04,13.04,12.46,12.52,892100,12.92,13.56,13.89,-3.0672,-7.6511,-9.8668,-1.3947,-1.8494,1.594
VCB,2015-12-10,12.52,12.64,12.4,12.46,406020,12.79,13.46,13.88,-2.5775,-7.4366,-10.2319,-0.4686,-0.7072,1.5799
VCB,2015-12-11,12.46,12.67,12.34,12.49,579040,12.7,13.37,13.87,-1.6433,-6.5611,-9.9355,-0.1628,-0.2331,1.5154
VCB,2015-12-14,12.55,12.67,12.46,12.58,634120,12.66,13.29,13.86,-0.6211,-5.2931,-9.206,0.2904,0.3914,1.3361
VCB,2015-12-15,12.58,13.19,12.58,13.07,1248200,12.7,13.23,13.85,2.9307,-1.2007,-5.6274,2.5399,3.818,1.4076
VCB,2015-12-16,13.16,13.37,13.1,13.16,663090,12.73,13.17,13.84,3.3254,-0.0919,-4.9014,-1.0917,-1.5859,1.2649
VCB,2015-12-17,13.22,13.37,13.19,13.31,675360,12.78,13.13,13.82,4.1667,1.4059,-3.6862,0.7135,0.9549,1.3047
VCB,2015-12-18,13.16,13.34,12.46,12.46,3155650,12.74,13.04,13.79,-2.2075,-4.4084,-9.6055,-2.4642,-3.3301,1.4746
VCB,2015-12-21,12.7,12.86,12.7,12.86,1032900,12.8,12.97,13.75,0.4728,-0.9093,-6.5236,2.4453,3.4095,1.3007
VCB,2015-12-22,12.92,12.98,12.8,12.86,502820,12.78,12.92,13.72,0.6155,-0.4801,-6.301,-0.5662,-0.7833,1.2137
VCB,2015-12-23,12.73,12.89,12.7,12.83,846590,12.81,12.86,13.69,0.1417,-0.294,-6.3232,0.8995,1.497,1.1642
VCB,2015-12-24,12.89,12.95,12.77,12.77,228290,12.84,12.82,13.66,-0.5655,-0.3894,-6.5503,-0.6423,-0.873,1.1816
VCB,2015-12-25,12.8,12.98,12.77,12.86,587920,12.87,12.79,13.63,-0.141,0.5322,-5.7106,-0.0859,-0.15,1.1739
VCB,2015-12-28,12.95,13.01,12.86,12.86,431580,12.9,12.78,13.61,-0.3517,0.5798,-5.564,-1.088,-1.3915,1.2536
VCB,2015-12-29,12.86,13.34,12.83,13.31,1440210,12.93,12.81,13.6,2.9722,3.8961,-2.17,2.3579,3.4774,1.2355
VCB,2015-12-30,13.34,13.58,13.28,13.4,1125780,12.95,12.84,13.6,3.4805,4.3458,-1.446,-0.4927,-0.7371,1.1755
VCB,2015-12-31,13.46,13.46,13.25,13.28,749830,12.95,12.86,13.58,2.5701,3.2455,-2.2359,-1.1025,-1.6472,1.2144
VCB,2016-01-04,13.25,13.31,12.89,13.07,761750,13.01,12.88,13.56,0.4651,1.4919,-3.6359,-0.236,-0.282,0.9916
VCB,2016-01-05,12.98,13.13,12.83,12.86,1133260,13.01,12.9,13.54,-1.1628,-0.3517,-5.0195,-1.9513,-2.6991,0.9422
VCB,2016-01-06,12.86,13.07,12.86,13.01,699490,13.02,12.9,13.51,-0.1161,0.8325,-3.7471,0.8893,1.2279,0.9745
VCB,2016-01-07,12.95,12.98,12.7,12.86,935460,13.03,12.92,13.49,-1.3005,-0.4684,-4.7128,0.1807,0.2634,0.9027
VCB,2016-01-08,12.8,12.89,12.61,12.77,676340,13.03,12.93,13.46,-1.9972,-1.2865,-5.1941,0.139,0.2144,0.8523
VCB,2016-01-11,12.77,12.83,12.64,12.67,742390,13.01,12.94,13.43,-2.5581,-2.057,-5.6221,-1.1028,-1.4496,0.954
VCB,2016-01-12,12.7,12.92,12.7,12.92,481040,13.01,12.96,13.4,-0.7439,-0.3152,-3.603,0.9059,1.3105,0.9358
VCB,2016-01-13,12.95,12.98,12.8,12.8,448800,12.96,12.94,13.36,-1.2836,-1.1452,-4.251,-1.2304,-1.6699,0.8231
VCB,2016-01-14,12.64,12.77,12.55,12.64,641380,12.89,12.92,13.32,-1.8779,-2.1192,-5.1078,-0.2297,-0.3104,0.7968
VCB,2016-01-15,12.64,12.7,12.28,12.28,880150,12.79,12.87,13.28,-3.9508,-4.5492,-7.5255,-2.0111,-2.7387,0.8876
VCB,2016-01-18,11.95,12.1,11.49,11.68,1614080,12.65,12.83,13.22,-7.6776,-8.973,-11.7028,-0.9394,-1.3466,0.958
VCB,2016-01-19,11.68,12.22,11.68,12.19,771340,12.58,12.79,13.17,-3.1017,-4.7169,-7.4414,1.2771,1.892,0.8905
VCB,2016-01-20,12.1,12.4,11.95,12.1,733790,12.49,12.76,13.12,-3.1242,-5.1458,-7.7788,-0.556,-0.7894,0.8572
VCB,2016-01-21,11.95,12.1,11.83,11.92,654450,12.4,12.71,13.07,-3.8555,-6.2351,-8.8132,-0.3604,-0.5617,0.8752
VCB,2016-01-22,12.1,12.13,11.68,11.98,777540,12.32,12.67,13.02,-2.7505,-5.4667,-8.0097,0.35,0.5868,0.8963
VCB,2016-01-25,12.1,12.67,12.1,12.61,1367810,12.31,12.66,12.99,2.457,-0.3584,-2.8697,1.4046,2.1345,0.9265
VCB,2016-01-26,12.25,12.49,12.19,12.28,656340,12.25,12.63,12.95,0.2717,-2.7661,-5.1446,-0.5159,-0.8766,0.8875
VCB,2016-01-27,12.49,12.49,12.25,12.25,582060,12.19,12.58,12.91,0.4713,-2.5974,-5.0811,-1.2977,-1.5841,0.8942
VCB,2016-01-28,12.19,12.34,12.19,12.25,562170,12.15,12.52,12.87,0.7964,-2.1503,-4.7821,-0.2522,-0.3315,0.8964
VCB,2016-01-29,12.25,12.52,12.19,12.52,1019250,12.18,12.48,12.83,2.8316,0.3271,-2.4091,2.6894,3.8948,0.9643
VCB,2016-02-01,12.52,12.55,12.31,12.31,223320,12.24,12.44,12.79,0.5683,-1.0695,-3.7734,-0.4624,-0.6116,0.9166
VCB,2016-02-02,12.22,12.34,12.19,12.22,603810,12.24,12.41,12.76,-0.1976,-1.5475,-4.1973,-1.0086,-1.8411,0.8897
VCB,2016-02-03,12.1,12.1,11.89,11.98,802180,12.23,12.36,12.72,-2.0771,-3.0955,-5.7995,-0.316,-0.4138,0.8657
VCB,2016-02-04,12.1,12.28,12.1,12.1,286750,12.25,12.32,12.68,-1.2345,-1.8164,-4.5756,-1.0855,-1.442,0.9382
VCB,2016-02-05,11.98,12.22,11.98,12.13,268300,12.27,12.29,12.65,-1.1098,-1.3166,-4.0945,0.2528,0.3902,0.9285
VCB,2016-02-15,12.04,12.28,11.92,12.19,800790,12.22,12.27,12.62,-0.2722,-0.6288,-3.4314,1.6913,2.0754,0.9572
VCB,2016-02-16,12.13,12.34,12.13,12.19,390050,12.21,12.23,12.61,-0.1981,-0.3339,-3.311,-0.3988,-0.5907,0.9455
VCB,2016-02-17,12.19,12.28,12.04,12.04,827530,12.19,12.19,12.59,-1.2652,-1.2652,-4.405,-1.6453,-2.247,0.9802
VCB,2016-02-18,12.1,12.37,12.07,12.19,735780,12.19,12.17,12.58,0.0248,0.1615,-3.1157,-0.358,-0.4883,0.9908
VCB,2016-02-19,12.28,12.28,12.13,12.13,473670,12.15,12.16,12.57,-0.1494,-0.2736,-3.4805,-0.645,-1.0171,0.7864
VCB,2016-02-22,12.13,12.25,12.1,12.22,653090,12.14,12.19,12.56,0.6728,0.2481,-2.6694,0.5249,0.8392,0.7926
VCB,2016-02-23,12.31,12.58,12.31,12.4,1130660,12.16,12.2,12.56,2.0155,1.6487,-1.2333,-0.5252,-0.7536,0.7443
VCB,2016-02-24,12.4,13.01,12.31,12.8,1653800,12.24,12.24,12.55,4.5477,4.5735,1.9375,1.2471,1.7848,0.8374
VCB,2016-02-25,12.86,13.01,12.58,12.64,1236220,12.29,12.27,12.55,2.8543,3.0318,0.7132,-1.2573,-1.7665,0.8546
VCB,2016-02-26,12.7,12.7,12.49,12.7,493160,12.35,12.31,12.56,2.8656,3.2195,1.1561,1.4399,1.9804,0.9733
VCB,2016-02-29,12.64,12.7,12.4,12.4,887030,12.37,12.3,12.56,0.2445,0.8486,-1.2381,-1.6426,-2.153,0.9684
VCB,2016-03-01,12.4,12.55,12.31,12.31,849900,12.38,12.3,12.55,-0.5862,0.0984,-1.9182,-1.7583,-2.3535,1.1044
VCB,2016-03-02,12.43,12.67,12.4,12.61,647420,12.44,12.32,12.54,1.3859,2.4067,0.5643,0.6641,0.8676,1.0062
VCB,2016-03-03,12.67,12.73,12.55,12.58,464550,12.48,12.33,12.53,0.824,2.0233,0.4152,-0.7002,-1.0144,1.0405
VCB,2016-03-04,12.58,12.86,12.55,12.64,681190,12.53,12.34,12.52,0.8931,2.4635,1.0052,-0.7455,-0.9294,1.0505
VCB,2016-03-07,12.7,12.77,12.61,12.64,567700,12.57,12.36,12.52,0.5533,2.3256,0.9759,-0.4673,-0.5985,1.0448
VCB,2016-03-08,12.64,12.7,12.52,12.58,775770,12.59,12.37,12.52,-0.0721,1.6866,0.5365,-0.4753,-0.6031,1.0398
VCB,2016-03-09,12.61,12.67,12.49,12.52,469530,12.57,12.4,12.51,-0.3371,0.9756,0.1064,-0.745,-1.0805,0.9896
VCB,2016-03-10,12.55,12.61,12.4,12.58,643780,12.56,12.43,12.5,0.1927,1.2658,0.6289,0.7878,1.1313,0.9426
VCB,2016-03-11,12.64,12.67,12.55,12.58,510750,12.55,12.45,12.5,0.2893,1.0813,0.6581,-0.4701,-0.5635,0.8456
VCB,2016-03-14,12.61,12.61,12.49,12.61,807110,12.57,12.47,12.5,0.361,1.1522,0.9392,1.6934,2.2577,0.8507
VCB,2016-03-15,12.55,12.73,12.55,12.7,1294120,12.61,12.5,12.49,0.7678,1.6703,1.69,1.7787,2.4439,0.8527
VCB,2016-03-16,12.73,13.16,12.73,13.07,1864950,12.65,12.55,12.49,3.2752,4.1466,4.636,2.2759,3.378,1.0139
VCB,2016-03-17,13.16,13.22,12.92,12.92,1074970,12.69,12.58,12.48,1.8121,2.6442,3.5051,-1.8515,-2.6019,1.1291
VCB,2016-03-18,12.89,12.95,12.77,12.86,3546350,12.71,12.62,12.47,1.1664,1.8696,3.0903,-0.0003,-0.0003,1.0545
VCB,2016-03-21,13.1,13.28,12.95,12.98,1862820,12.74,12.66,12.47,1.8519,2.5212,4.0757,-2.1276,-3.0927,1.2206
VCB,2016-03-22,13.01,13.1,12.95,13.1,592130,12.79,12.69,12.47,2.3883,3.1935,5.0054,1.3518,2.1346,1.3082
VCB,2016-03-23,13.1,13.1,12.95,12.98,645700,12.84,12.7,12.47,1.0839,2.1672,4.0404,-0.87,-1.1015,1.3207
VCB,2016-03-24,12.98,13.01,12.7,12.73,825250,12.85,12.71,12.47,-0.9178,0.2262,2.12,-1.2316,-1.7356,1.3651
VCB,2016-03-25,12.7,12.95,12.58,12.95,1381530,12.89,12.72,12.47,0.4459,1.7957,3.7878,2.6617,3.9013,1.5843
VCB,2016-03-28,12.98,13.01,12.89,12.95,533900,12.92,12.75,12.48,0.1873,1.5783,3.7425,-0.0,-0.0,1.4149
VCB,2016-03-29,12.98,12.98,12.7,12.7,325890,12.92,12.77,12.48,-1.6854,-0.4739,1.838,-0.5136,-0.7444,1.2884
VCB,2016-03-30,12.58,12.8,12.58,12.73,444490,12.89,12.77,12.47,-1.1969,-0.2842,2.0903,0.3703,0.5354,1.0978
VCB,2016-03-31,12.7,12.77,12.4,12.4,937910,12.84,12.76,12.47,-3.393,-2.8206,-0.5385,-1.5347,-2.2951,1.0662
VCB,2016-04-01,12.4,12.52,12.34,12.37,554870,12.79,12.75,12.47,-3.2639,-2.9541,-0.7956,-0.7541,-1.2255,1.1415
VCB,2016-04-04,12.46,12.49,12.25,12.37,439520,12.73,12.73,12.49,-2.8042,-2.8503,-0.9061,0.0,0.0001,0.9288
VCB,2016-04-05,12.37,12.52,12.31,12.4,610190,12.66,12.73,12.49,-2.0311,-2.5434,-0.6975,-0.1722,-0.2526,0.8108
VCB,2016-04-06,12.4,12.7,12.37,12.7,920280,12.63,12.73,12.5,0.5747,-0.2375,1.626,1.9318,2.7551,0.917
VCB,2016-04-07,12.77,12.77,12.43,12.61,594270,12.62,12.74,12.52,-0.048,-0.9619,0.7879,0.0994,0.1231,0.8038
VCB,2016-04-08,12.55,12.61,12.49,12.52,653640,12.58,12.73,12.53,-0.4329,-1.6511,-0.0242,-0.7282,-1.1387,0.6104
VCB,2016-04-11,12.52,12.7,12.37,12.58,985640,12.54,12.73,12.53,0.3377,-1.1642,0.4637,0.4788,0.6115,0.6583
VCB,2016-04-12,12.58,12.89,12.4,12.73,970780,12.54,12.73,12.53,1.5192,0.0119,1.5976,0.5706,0.87,0.664
VCB,2016-04-13,12.8,12.83,12.64,12.67,633990,12.54,12.71,12.54,1.0856,-0.3093,1.0467,-0.8296,-1.1276,0.7099
VCB,2016-04-14,12.67,12.86,12.64,12.8,774160,12.58,12.71,12.55,1.7316,0.6903,1.9228,0.7894,1.2101,0.6354
VCB,2016-04-15,12.86,13.16,12.8,12.86,1187790,12.63,12.71,12.56,1.8208,1.1664,2.3504,-1.321,-1.9705,0.6921
VCB,2016-04-19,12.89,13.1,12.77,12.83,983900,12.67,12.7,12.57,1.2174,0.9884,2.0261,-1.1319,-1.4321,0.8053
VCB,2016-04-20,12.86,12.95,12.73,12.95,769750,12.73,12.69,12.59,1.7352,2.0019,2.8698,2.1093,2.6975,0.999
VCB,2016-04-21,12.95,13.07,12.89,12.98,818280,12.75,12.69,12.61,1.7552,2.2402,2.9468,0.0,0.0,0.8058
VCB,2016-04-22,12.98,13.85,12.98,13.82,2478140,12.87,12.75,12.64,7.3778,8.448,9.3667,3.4574,4.8497,1.1416
VCB,2016-04-25,13.88,14.16,13.88,13.88,1300050,13.01,12.79,12.67,6.7194,8.5234,9.5413,-1.8522,-2.6333,1.254
VCB,2016-04-26,13.76,14.28,13.76,14.28,835300,13.18,12.86,12.72,8.3314,11.0196,12.274,1.4109,1.9818,1.3472
VCB,2016-04-27,14.28,14.37,13.88,13.91,1194570,13.3,12.92,12.75,4.6406,7.6905,9.1237,-2.0042,-3.1074,1.4906
VCB,2016-04-28,13.91,14.16,13.82,13.98,693290,13.43,12.98,12.79,4.0775,7.6421,9.2664,-0.1536,-0.2331,1.423
VCB,2016-04-29,13.79,14.16,13.79,13.91,726380,13.54,13.06,12.82,2.7703,6.5555,8.5008,-0.481,-0.7879,1.3922
VCB,2016-05-04,13.85,14.13,13.67,13.94,747740,13.65,13.14,12.86,2.172,6.1478,8.4298,0.2618,0.3948,1.2863
VCB,2016-05-05,14.07,14.46,14.01,14.25,1076200,13.79,13.23,12.9,3.3121,7.6817,10.4337,0.1311,0.2037,1.1862
VCB,2016-05-06,14.34,14.76,14.28,14.7,1525690,13.97,13.35,12.95,5.2632,10.1541,13.5461,2.3769,4.1315,1.2129
VCB,2016-05-09,14.7,14.91,14.52,14.52,831230,14.12,13.44,12.98,2.8277,8.0594,11.8464,-1.747,-2.7643,1.3876
VCB,2016-05-10,14.52,14.7,14.4,14.7,544750,14.21,13.54,13.02,3.4703,8.567,12.8867,1.124,1.7064,1.1543
VCB,2016-05-11,14.7,14.88,14.61,14.82,713460,14.3,13.66,13.07,3.6379,8.5392,13.447,0.7071,1.0515,1.0398
VCB,2016-05-12,14.82,14.91,14.52,14.52,488750,14.33,13.75,13.11,1.3513,5.5757,10.7726,-1.0177,-1.6107,1.0005
VCB,2016-05-13,14.52,14.61,14.22,14.4,679240,14.37,13.84,13.15,0.1684,4.0665,9.5008,-0.112,-0.1816,0.8112
VCB,2016-05-16,14.34,14.61,14.28,14.61,377280,14.44,13.93,13.19,1.1942,4.8632,10.7747,0.7487,1.1256,0.8707
VCB,2016-05-17,14.58,14.76,14.49,14.61,663200,14.51,14.02,13.23,0.7089,4.1846,10.4353,-0.1304,-0.1798,0.8357
VCB,2016-05-18,14.61,15.06,14.58,14.82,1259090,14.6,14.12,13.27,1.5544,4.9588,11.6682,0.0,0.0001,0.8095
VCB,2016-05-19,14.82,14.82,14.55,14.55,402860,14.63,14.21,13.31,-0.5171,2.4058,9.3033,-0.7434,-1.3166,0.8707
VCB,2016-05-20,14.7,14.76,14.28,14.34,1038420,14.59,14.28,13.35,-1.7209,0.4237,7.4294,-1.7924,-2.7815,0.8123
VCB,2016-05-23,14.31,14.46,13.94,13.94,701070,14.53,14.33,13.37,-4.0383,-2.6605,4.2609,-1.5798,-2.3554,0.7956
VCB,2016-05-24,14.04,14.07,13.76,13.88,757630,14.45,14.33,13.4,-3.9146,-3.1032,3.607,-0.3383,-0.5194,0.717
VCB,2016-05-25,14.07,14.13,13.91,13.91,272480,14.36,14.33,13.43,-3.0967,-2.9024,3.6269,-0.5531,-0.7696,0.7016
VCB,2016-05-26,13.91,14.01,13.7,13.7,722940,14.28,14.3,13.45,-4.0254,-4.1878,1.8848,-1.5155,-2.3299,0.7514
VCB,2016-05-27,13.73,13.79,13.55,13.7,591480,14.21,14.29,13.47,-3.5554,-4.1168,1.7338,0.3786,0.6226,0.778
VCB,2016-05-30,13.82,14.16,13.73,14.16,535160,14.16,14.3,13.49,-0.0427,-1.0048,4.9327,1.0016,1.829,0.8033
VCB,2016-05-31,14.19,14.37,14.1,14.13,490340,14.11,14.31,13.52,0.0858,-1.2893,4.5211,-0.6436,-1.0152,0.8546
VCB,2016-06-01,14.07,14.22,14.07,14.19,370980,14.05,14.32,13.54,0.9688,-0.9504,4.7623,0.4161,0.7396,0.8962
VCB,2016-06-02,14.16,14.31,14.1,14.25,290780,14.02,14.32,13.57,1.6181,-0.528,5.012,0.2298,0.4321,0.8449
VCB,2016-06-03,14.22,14.37,14.22,14.31,440430,14.02,14.3,13.59,2.0716,0.0317,5.2702,0.1513,0.279,0.6808
VCB,2016-06-06,14.25,14.67,14.25,14.46,783790,14.07,14.3,13.62,2.7736,1.1106,6.1515,0.0,0.0001,0.5228
VCB,2016-06-07,14.52,14.61,14.43,14.55,435960,14.14,14.29,13.66,2.9317,1.7989,6.5338,0.2841,0.4653,0.5174
VCB,2016-06-08,14.55,14.7,14.46,14.49,912800,14.19,14.28,13.69,2.0887,1.4938,5.8517,-1.2333,-1.7551,0.5854
VCB,2016-06-09,14.49,14.61,14.43,14.55,401410,14.28,14.28,13.72,1.9068,1.9068,6.0452,0.2495,0.3806,0.4588
VCB,2016-06-10,14.55,14.85,14.55,14.67,885040,14.37,14.29,13.76,2.0623,2.6564,6.6215,-0.2954,-0.5312,0.4505
VCB,2016-06-13,14.67,14.79,14.61,14.64,1201150,14.42,14.29,13.8,1.5101,2.4339,6.1078,-1.3304,-2.2118,0.4834
VCB,2016-06-14,14.55,14.7,14.46,14.61,789760,14.47,14.29,13.84,0.9615,2.2222,5.5507,0.4174,0.6794,0.4607
VCB,2016-06-15,14.58,14.58,14.43,14.46,603140,14.5,14.27,13.88,-0.2712,1.2927,4.144,-0.7901,-1.1891,0.4981
VCB,2016-06-16,14.49,14.55,14.4,14.43,627180,14.52,14.27,13.92,-0.6043,1.1236,3.6191,-0.577,-0.9097,0.5329
VCB,2016-06-17,14.31,14.43,14.25,14.25,946910,14.51,14.26,13.96,-1.8137,-0.1167,2.0452,-0.9814,-1.3911,0.6159
VCB,2016-06-20,14.25,14.31,14.01,14.19,622260,14.48,14.28,13.99,-2.0468,-0.6251,1.3966,0.2447,0.3475,0.6403
VCB,2016-06-21,14.19,14.25,14.16,14.22,527750,14.45,14.29,14.02,-1.6119,-0.5291,1.3805,0.3217,0.4451,0.6441
VCB,2016-06-22,14.22,14.25,14.07,14.16,483280,14.42,14.3,14.06,-1.8045,-1.0362,0.7144,-0.0001,-0.0001,0.5208
VCB,2016-06-23,14.19,14.52,14.16,14.52,688340,14.41,14.35,14.09,0.7345,1.2124,3.0131,1.4194,2.1556,0.6378
VCB,2016-06-24,14.49,14.52,13.52,14.16,827980,14.36,14.37,14.12,-1.4322,-1.4737,0.2356,0.2512,0.3825,0.6333
VCB,2016-06-27,14.04,14.04,13.73,13.98,341850,14.3,14.36,14.15,-2.2429,-2.6754,-1.2314,0.3897,0.591,0.5393
VCB,2016-06-28,13.85,14.16,13.85,14.04,403030,14.24,14.35,14.17,-1.4234,-2.2231,-0.9774,0.269,0.3981,0.5244
VCB,2016-06-29,14.1,14.34,14.1,14.31,544530,14.22,14.36,14.2,0.5955,-0.3686,0.7369,0.7123,1.0363,0.5167
VCB,2016-06-30,14.25,14.37,14.22,14.31,478490,14.21,14.36,14.23,0.6812,-0.3896,0.5271,0.1732,0.2725,0.4763
VCB,2016-07-01,14.31,14.46,14.22,14.37,523850,14.22,14.37,14.26,1.0209,0.0105,0.7509,0.2619,0.4002,0.4043
VCB,2016-07-04,14.37,14.94,14.37,14.88,1206430,14.29,14.39,14.3,4.127,3.4374,4.0785,1.3208,2.0518,0.5119
VCB,2016-07-05,14.94,15.73,14.94,15.28,1658790,14.4,14.42,14.33,6.0924,5.9033,6.6121,-0.3479,-0.5679,0.5146
VCB,2016-07-06,15.12,15.58,15.09,15.12,592020,14.5,14.46,14.35,4.3406,4.6244,5.3741,-0.7718,-1.1507,0.5917
VCB,2016-07-07,15.28,15.43,15.06,15.43,714940,14.59,14.5,14.38,5.7653,6.3941,7.3097,1.0592,1.5313,0.5557
VCB,2016-07-08,15.43,15.88,15.12,15.43,834180,14.71,14.54,14.41,4.852,6.1174,7.0844,-0.3059,-0.4824,0.5612
VCB,2016-07-11,15.58,16.18,15.43,15.73,1538540,14.89,14.59,14.44,5.6481,7.7944,8.9188,-0.2922,-0.5114,0.5514
VCB,2016-07-12,15.73,16.33,15.73,16.33,725030,15.12,14.68,14.49,8.0432,11.2828,12.7302,1.065,1.6532,0.631
VCB,2016-07-13,16.33,17.39,16.33,17.39,1442560,15.43,14.83,14.56,12.7451,17.323,19.4681,1.7921,3.0621,0.739
VCB,2016-07-14,17.54,17.7,16.94,16.94,921830,15.69,14.95,14.61,7.9622,13.303,15.9228,-0.8753,-1.4957,0.8092
VCB,2016-07-15,16.94,17.24,16.33,16.33,850920,15.89,15.05,14.65,2.818,8.4991,11.5334,-1.5351,-2.6725,0.9365
VCB,2016-07-18,16.18,16.94,16.03,16.79,736570,16.08,15.19,14.69,4.4215,10.5578,14.2775,0.776,1.4143,0.8821
VCB,2016-07-19,16.94,17.24,16.64,16.94,559050,16.24,15.32,14.74,4.283,10.5627,14.9567,-0.0,-0.0,0.8473
VCB,2016-07-20,17.09,17.09,16.33,16.64,422540,16.4,15.45,14.77,1.476,7.7164,12.6264,-0.1423,-0.2145,0.7843
VCB,2016-07-21,16.64,16.79,16.03,16.79,657360,16.53,15.56,14.82,1.5554,7.9032,13.3023,1.1255,1.8388,0.7909
VCB,2016-07-22,16.64,16.79,15.73,15.73,886600,16.56,15.64,14.84,-5.0228,0.59,5.9668,-1.2413,-2.0876,0.8845
VCB,2016-07-25,15.73,16.18,15.58,16.03,318900,16.59,15.74,14.87,-3.3728,1.8545,7.7981,0.3397,0.5909,0.8892
VCB,2016-07-26,16.03,16.33,15.73,16.03,268770,16.56,15.84,14.9,-3.1963,1.2126,7.5924,-0.0,-0.0,0.7827
VCB,2016-07-27,15.88,16.49,15.88,16.49,402240,16.47,15.95,14.93,0.0918,3.3665,10.391,0.7384,1.455,0.6774
VCB,2016-07-28,16.49,16.64,16.18,16.64,91390,16.44,16.07,14.98,1.1959,3.5586,11.0931,0.1508,0.2514,0.6049
VCB,2016-07-29,16.49,16.64,16.18,16.33,225610,16.44,16.16,15.02,-0.644,1.0574,8.7832,-0.1421,-0.204,0.4656
VCB,2016-08-01,16.33,16.33,16.03,16.03,365040,16.36,16.22,15.06,-2.0333,-1.1655,6.4727,-0.9855,-1.5398,0.4866
VCB,2016-08-02,16.03,16.03,15.43,15.58,634560,16.23,16.24,15.09,-4.0075,-4.0522,3.2271,-0.3916,-0.5947,0.5257
VCB,2016-08-03,15.43,15.58,14.97,15.28,324230,16.09,16.24,15.12,-5.0752,-5.959,1.0404,0.0,0.0,0.5115
VCB,2016-08-04,15.43,16.33,15.28,15.73,537660,15.99,16.26,15.16,-1.6083,-3.2558,3.7634,-0.1177,-0.2117,0.4107
VCB,2016-08-05,15.88,15.88,15.28,15.43,327970,15.96,16.26,15.19,-3.3175,-5.1163,1.537,-0.2843,-0.4488,0.315
VCB,2016-08-08,15.58,15.73,15.28,15.73,348760,15.93,16.26,15.22,-1.2346,-3.2558,3.314,0.8516,1.3619,0.3662
VCB,2016-08-09,15.73,16.03,15.58,16.03,181050,15.93,16.24,15.26,0.6648,-1.3035,5.0379,0.3708,0.5177,0.4033
VCB,2016-08-10,15.88,16.33,15.88,16.18,310040,15.9,16.18,15.3,1.8078,0.0,5.7522,0.1891,0.2784,0.3483
VCB,2016-08-11,16.18,16.94,16.18,16.94,737430,15.93,16.18,15.36,6.3628,4.6729,10.3057,0.9353,1.5279,0.4268
VCB,2016-08-12,16.79,16.94,16.18,16.49,331030,15.94,16.19,15.4,3.4156,1.8216,7.0475,-0.0392,-0.1708,0.4165
VCB,2016-08-15,16.18,16.64,16.18,16.49,165580,15.99,16.18,15.44,3.1221,1.9168,6.7665,0.071,0.1228,0.325
VCB,2016-08-16,16.33,16.64,16.18,16.33,513280,16.06,16.15,15.48,1.6949,1.171,5.543,-0.288,-0.4016,0.3147
VCB,2016-08-17,16.33,16.33,15.73,16.03,635370,16.14,16.12,15.51,-0.6561,-0.5162,3.3824,-0.0,-0.0,0.3147
VCB,2016-08-18,16.33,16.64,16.03,16.03,577820,16.17,16.08,15.54,-0.8419,-0.2822,3.1851,-0.8785,-1.0738,0.3908
VCB,2016-08-19,16.03,16.49,16.03,16.18,250570,16.24,16.1,15.57,-0.3724,0.5167,3.9562,-0.1498,-0.189,0.3773
VCB,2016-08-22,16.64,16.64,16.18,16.18,466900,16.29,16.11,15.6,-0.6499,0.4695,3.7506,-0.8474,-1.2255,0.3769
VCB,2016-08-23,16.03,16.33,15.88,16.03,559330,16.29,16.11,15.63,-1.5785,-0.4695,2.5939,-0.3755,-0.5043,0.3774
VCB,2016-08-24,16.18,16.49,16.18,16.33,275230,16.3,16.1,15.66,0.1855,1.4561,4.2793,-0.0,-0.0,0.3585
VCB,2016-08-25,16.33,16.49,16.18,16.33,453540,16.24,16.08,15.7,0.5586,1.5515,4.0262,-0.0,-0.0,0.265
VCB,2016-08-26,16.94,17.39,16.79,17.39,1821780,16.33,16.14,15.77,6.4815,7.7788,10.3266,2.9871,4.5588,0.5597
VCB,2016-08-29,18.0,18.3,17.39,17.39,1324350,16.43,16.21,15.83,5.8932,7.3262,9.8796,-1.7162,-2.9436,0.7243
VCB,2016-08-30,17.09,17.24,16.64,16.79,1550890,16.47,16.27,15.88,1.9284,3.2078,5.7143,-1.5236,-2.2779,0.8478
VCB,2016-08-31,16.79,17.09,16.18,16.33,2593570,16.5,16.32,15.92,-1.0083,0.0927,2.5758,-3.3235,-4.3408,1.1802
VCB,2016-09-01,16.49,16.64,15.58,15.88,3427730,16.49,16.33,15.95,-3.6698,-2.7328,-0.4438,-2.7595,-4.3094,1.3683
VCB,2016-09-05,15.88,15.88,15.06,15.28,4191860,16.4,16.32,15.97,-6.8266,-6.3948,-4.3706,-3.9047,-6.0113,1.7438
VCB,2016-09-06,15.43,15.58,15.12,15.28,1844160,16.3,16.3,16.0,-6.308,-6.2645,-4.526,-1.2331,-1.5677,1.7823
VCB,2016-09-07,15.43,15.73,15.12,15.28,1582570,16.23,16.26,16.02,-5.8714,-6.0465,-4.6738,-1.8628,-2.8438,1.931
VCB,2016-09-08,15.43,15.43,15.12,15.28,1899730,16.12,16.21,16.04,-5.2533,-5.7836,-4.7889,-0.0001,-0.0001,1.9311
VCB,2016-09-09,15.83,16.29,15.75,16.12,3353710,16.1,16.17,16.08,0.1289,-0.3114,0.2605,2.9388,3.5921,2.2249
VCB,2016-09-12,16.08,16.08,15.41,15.6,1033010,15.92,16.13,16.11,-2.0149,-3.2669,-3.1265,-0.8757,-1.1959,2.0138
VCB,2016-09-13,15.62,15.62,15.0,15.0,2161880,15.68,16.05,16.11,-4.3699,-6.5812,-6.8906,-5.5569,-6.416,2.3979
VCB,2016-09-14,14.81,15.58,14.81,15.21,1555400,15.52,16.0,16.11,-2.0534,-4.9496,-5.5892,0.0992,0.148,2.2554
VCB,2016-09-15,15.33,15.46,15.0,15.0,717270,15.39,15.95,16.1,-2.5559,-5.9475,-6.8678,-1.4698,-2.3403,2.0701
VCB,2016-09-16,15.0,15.04,14.58,14.58,7265480,15.26,15.87,16.09,-4.4557,-8.1421,-9.3595,-5.8148,-7.1487,2.3756
VCB,2016-09-19,14.87,15.35,14.87,15.27,1527320,15.26,15.83,16.08,0.0535,-3.5336,-5.0677,1.7113,1.9563,2.1563
VCB,2016-09-20,15.29,15.66,15.12,15.6,1203310,15.29,15.8,16.08,2.0197,-1.2465,-2.9801,1.7969,2.0651,2.2126
VCB,2016-09-21,15.41,15.66,15.41,15.6,1739860,15.33,15.78,16.07,1.8028,-1.1118,-2.8916,2.1349,3.0283,2.2399
VCB,2016-09-22,15.75,15.96,15.6,15.62,1593200,15.36,15.74,16.03,1.7087,-0.7557,-2.5471,-2.836,-4.1534,2.5234
VCB,2016-09-23,15.62,15.68,15.5,15.56,836780,15.3,15.7,16.0,1.6742,-0.9089,-2.7696,-0.6345,-0.7582,2.293
VCB,2016-09-26,15.56,15.81,15.43,15.66,1147450,15.31,15.62,15.99,2.3129,0.3066,-2.0367,0.5853,0.7437,2.264
VCB,2016-09-27,15.66,16.1,15.58,16.08,2049090,15.42,15.55,15.98,4.2962,3.409,0.6579,3.0306,4.2219,2.0113
VCB,2016-09-28,16.16,16.33,16.06,16.25,1753620,15.52,15.52,15.96,4.6699,4.6626,1.7892,1.2678,2.2304,2.1282
VCB,2016-09-29,16.25,16.31,15.83,15.96,1749200,15.62,15.5,15.95,2.1606,2.9096,0.0476,-1.5339,-1.908,2.1346
VCB,2016-09-30,15.96,16.16,15.83,15.96,1402860,15.76,15.51,15.93,1.2692,2.8848,0.1522,-0.6194,-0.8053,1.6151
VCB,2016-10-03,15.96,16.08,15.71,15.79,1293590,15.81,15.53,15.93,-0.1186,1.6421,-0.9012,-1.5418,-2.2393,1.5981
VCB,2016-10-04,15.79,16.08,15.75,15.79,1653180,15.83,15.56,15.93,-0.2369,1.4745,-0.871,-2.8024,-3.4225,1.6987
VCB,2016-10-05,16.04,16.08,15.89,15.91,931670,15.86,15.59,15.93,0.3547,2.0684,-0.0715,-1.6011,-2.3735,1.6453
VCB,2016-10-06,15.91,16.1,15.91,15.98,1173090,15.89,15.63,15.92,0.5243,2.2394,0.3851,-0.5813,-0.962,1.4198
VCB,2016-10-07,16.02,16.1,15.75,15.81,1316880,15.92,15.61,15.9,-0.6805,1.2743,-0.5586,-1.7798,-3.2479,1.5344
VCB,2016-10-10,15.81,15.91,15.41,15.62,1014570,15.91,15.61,15.88,-1.8325,0.0667,-1.6497,-0.2843,-0.4995,1.5042
VCB,2016-10-11,15.71,15.75,15.25,15.75,2070950,15.88,15.65,15.88,-0.8395,0.6256,-0.8273,3.6334,4.8905,1.5645
VCB,2016-10-12,15.75,15.81,15.6,15.66,532610,15.82,15.67,15.88,-1.0005,-0.0532,-1.3627,-0.489,-0.7064,1.4866
VCB,2016-10-13,15.71,15.71,15.46,15.54,587930,15.78,15.7,15.89,-1.5312,-1.0216,-2.1821,-0.3366,-0.6033,1.3669
VCB,2016-10-14,15.54,15.71,15.5,15.5,840790,15.73,15.75,15.88,-1.5091,-1.5743,-2.4159,-1.1989,-2.1,1.4249
VCB,2016-10-17,15.5,15.5,15.16,15.16,1573680,15.67,15.74,15.88,-3.243,-3.6591,-4.4828,-3.0563,-4.2432,1.5763
VCB,2016-10-18,15.16,15.37,15.04,15.18,943960,15.61,15.72,15.86,-2.7352,-3.399,-4.286,-0.2702,-0.4662,1.3231
VCB,2016-10-19,15.33,15.5,15.25,15.29,960210,15.55,15.7,15.85,-1.6745,-2.6396,-3.5391,-0.942,-1.6073,1.2572
VCB,2016-10-20,15.33,15.41,15.29,15.29,590370,15.48,15.69,15.83,-1.2379,-2.5362,-3.4302,-1.4532,-2.1332,1.3444
VCB,2016-10-21,15.29,15.41,15.25,15.29,775760,15.43,15.67,15.8,-0.9046,-2.452,-3.2284,-0.7236,-1.2174,1.2387
VCB,2016-10-24,15.33,15.41,15.04,15.04,682740,15.37,15.64,15.77,-2.1548,-3.8551,-4.6359,-1.2925,-1.8205,1.3396
VCB,2016-10-25,15.04,15.04,14.75,14.89,1336590,15.28,15.58,15.74,-2.562,-4.4245,-5.3693,0.0001,0.0002,0.9762
VCB,2016-10-26,14.89,14.91,14.71,14.71,694100,15.19,15.51,15.71,-3.1815,-5.1585,-6.3667,-2.0312,-3.6124,1.1305
VCB,2016-10-27,14.71,15.12,14.71,15.12,844890,15.15,15.46,15.69,-0.165,-2.2091,-3.6026,2.7489,3.7873,1.3717
VCB,2016-10-28,15.12,15.16,14.96,15.12,435980,15.11,15.42,15.67,0.0827,-1.9449,-3.4907,0.7603,1.2741,1.3278
VCB,2016-10-31,15.12,15.18,15.0,15.0,672940,15.09,15.38,15.65,-0.6349,-2.5051,-4.1432,-1.5102,-2.085,1.1732
VCB,2016-11-01,14.91,15.08,14.87,14.96,519580,15.07,15.34,15.62,-0.7602,-2.5119,-4.2592,-0.3418,-0.4762,1.1804
VCB,2016-11-02,14.91,14.98,14.75,14.75,508170,15.02,15.28,15.6,-1.7894,-3.5028,-5.4371,-1.0471,-1.5278,1.1909
VCB,2016-11-03,14.64,14.69,14.48,14.58,984650,14.95,15.21,15.56,-2.439,-4.1555,-6.2949,0.0,0.0,1.0456
VCB,2016-11-04,14.66,14.66,14.54,14.58,613830,14.87,15.15,15.53,-1.9745,-3.7668,-6.0832,-0.7676,-0.9956,1.05
VCB,2016-11-07,14.62,15.12,14.6,15.1,1085380,14.88,15.13,15.48,1.4837,-0.1584,-2.4411,2.9544,4.2587,1.2162
VCB,2016-11-08,15.16,15.18,15.0,15.16,1088300,14.91,15.1,15.43,1.7186,0.4484,-1.7544,2.6846,4.3386,1.4846
VCB,2016-11-09,15.12,15.12,14.58,15.0,1690880,14.94,15.06,15.4,0.4044,-0.4356,-2.6081,1.8682,2.3235,1.4683
VCB,2016-11-10,15.16,15.25,15.14,15.16,792150,14.94,15.04,15.38,1.4917,0.7961,-1.376,-1.0258,-1.7894,1.296
VCB,2016-11-11,15.21,15.33,15.02,15.1,898610,14.94,15.02,15.36,1.0876,0.5129,-1.6828,-1.4694,-2.2029,1.3669
VCB,2016-11-14,15.1,15.1,14.89,14.91,745100,14.93,15.01,15.35,-0.1116,-0.6522,-2.8575,-1.4566,-1.8647,1.3616
VCB,2016-11-15,14.89,15.1,14.89,14.91,278870,14.93,15.0,15.35,-0.0837,-0.5625,-2.8118,-0.6375,-0.8984,1.3911
VCB,2016-11-16,14.91,14.96,14.83,14.91,455210,14.94,14.98,15.34,-0.1952,-0.438,-2.7659,0.3491,0.5649,1.3213
VCB,2016-11-17,14.91,14.91,14.73,14.85,737730,14.97,14.96,15.33,-0.7931,-0.7102,-3.1197,0.567,0.9495,1.378
VCB,2016-11-18,14.79,14.85,14.77,14.81,628230,14.99,14.93,15.3,-1.2225,-0.8299,-3.2258,-0.0,-0.0,1.3013
VCB,2016-11-21,14.81,14.91,14.79,14.87,592840,14.97,14.93,15.29,-0.6539,-0.3558,-2.7248,0.3879,0.6935,1.0446
VCB,2016-11-22,14.87,15.0,14.85,15.0,623270,14.95,14.93,15.29,0.2925,0.4464,-1.9074,1.4948,2.1319,0.9256
VCB,2016-11-23,15.04,15.18,15.0,15.12,938330,14.97,14.95,15.29,1.0438,1.1424,-1.0792,0.6708,0.9521,0.8059
VCB,2016-11-24,15.04,15.14,14.96,15.0,632950,14.95,14.95,15.29,0.3205,0.3484,-1.8967,-0.7907,-1.0385,0.7824
VCB,2016-11-25,15.0,15.04,14.87,14.91,689900,14.93,14.94,15.29,-0.1116,-0.1395,-2.4842,-0.7313,-1.029,0.7086
VCB,2016-11-28,14.87,14.87,14.73,14.79,1062520,14.92,14.92,15.28,-0.8656,-0.9072,-3.2407,-0.3467,-0.4314,0.5976
VCB,2016-11-29,14.71,14.79,14.5,14.58,1322100,14.89,14.91,15.26,-2.0431,-2.18,-4.476,-1.0682,-1.3354,0.6407
VCB,2016-11-30,14.41,14.66,14.33,14.66,2063550,14.86,14.9,15.25,-1.3176,-1.5935,-3.812,4.1658,6.7391,1.0223
VCB,2016-12-01,14.79,14.79,14.66,14.69,866550,14.84,14.91,15.23,-1.0665,-1.4881,-3.5567,-1.1124,-1.5671,1.0769
VCB,2016-12-02,14.66,14.73,14.62,14.71,751530,14.83,14.91,15.21,-0.8566,-1.3897,-3.3115,1.1118,1.6337,1.188
VCB,2016-12-05,14.62,14.64,14.54,14.54,548780,14.8,14.89,15.19,-1.7593,-2.323,-4.2655,-1.2854,-2.1012,1.2778
VCB,2016-12-06,14.56,14.56,14.16,14.23,1338320,14.72,14.84,15.15,-3.3673,-4.1202,-6.0936,-1.653,-2.6658,1.2936
VCB,2016-12-07,14.23,14.33,14.23,14.33,779510,14.64,14.8,15.11,-2.1337,-3.2008,-5.1662,2.2271,3.4402,1.4492
VCB,2016-12-08,14.33,14.77,14.25,14.58,677500,14.6,14.78,15.08,-0.1426,-1.3181,-3.3363,0.4939,0.8137,1.4196
VCB,2016-12-09,14.5,14.64,14.5,14.6,566840,14.57,14.75,15.06,0.2144,-1.0097,-3.0241,0.7654,1.2445,1.423
VCB,2016-12-12,14.41,14.58,14.41,14.54,557230,14.55,14.73,15.03,-0.043,-1.3079,-3.2785,0.5908,0.9928,1.4474
VCB,2016-12-13,14.54,14.54,14.27,14.33,775830,14.52,14.7,15.0,-1.3054,-2.5289,-4.4789,-0.8546,-1.1978,1.426
VCB,2016-12-14,14.27,14.52,14.27,14.5,500040,14.5,14.68,14.97,-0.0431,-1.2556,-3.1854,0.3107,0.837,1.0405
VCB,2016-12-15,14.5,14.71,14.37,14.58,540870,14.49,14.67,14.95,0.6036,-0.5964,-2.4472,0.2714,0.3574,0.9564
VCB,2016-12-16,14.58,14.62,14.46,14.62,1269760,14.49,14.66,14.92,0.9491,-0.2487,-2.0128,1.5442,1.9615,0.9997
VCB,2016-12-19,14.62,14.71,14.58,14.64,847210,14.5,14.65,14.9,1.0203,-0.0284,-1.7443,0.0,0.0,0.8711
VCB,2016-12-20,14.71,14.71,14.52,14.56,449350,14.53,14.63,14.88,0.2151,-0.4486,-2.1474,-0.5155,-0.6694,0.7574
VCB,2016-12-21,14.54,14.66,14.46,14.56,314930,14.55,14.6,14.86,0.0573,-0.2568,-2.002,-0.0,-0.0,0.5347
VCB,2016-12-22,14.62,14.62,14.52,14.54,422940,14.55,14.57,14.84,-0.0573,-0.243,-2.0103,-0.6042,-0.8262,0.5457
VCB,2016-12-23,14.56,14.83,14.52,14.83,985440,14.57,14.57,14.82,1.787,1.787,0.045,2.6209,3.9141,0.7312
VCB,2016-12-26,14.85,15.08,14.83,15.04,1005930,14.62,14.58,14.82,2.8636,3.1281,1.4672,1.6435,2.9587,0.8365
VCB,2016-12-27,15.08,15.16,15.0,15.0,821630,14.69,14.6,14.82,2.1131,2.6957,1.2117,-1.707,-2.3006,0.9217
VCB,2016-12-28,15.04,15.04,14.83,14.83,647070,14.72,14.61,14.81,0.75,1.4968,0.1491,-1.3798,-2.2439,1.0287
VCB,2016-12-29,14.96,14.96,14.75,14.77,482410,14.74,14.62,14.8,0.1979,1.0403,-0.2027,-0.8226,-1.2954,1.0838
VCB,2016-12-30,14.77,14.87,14.75,14.77,565850,14.75,14.62,14.79,0.0988,1.0188,-0.1324,-0.7423,-1.0809,1.0036
VCB,2017-01-03,14.83,15.62,14.83,15.52,2018750,14.84,14.67,14.8,4.5614,5.7938,4.8705,3.1537,5.0543,1.3189
VCB,2017-01-04,15.62,15.66,15.33,15.41,1339740,14.93,14.73,14.81,3.2654,4.6602,4.0934,-1.7382,-2.4528,1.4412
VCB,2017-01-05,15.37,15.54,15.35,15.48,855250,15.02,14.79,14.82,3.0513,4.6774,4.4067,0.7136,1.2755,1.5126
VCB,2017-01-06,15.5,16.0,15.46,15.79,2495910,15.14,14.85,14.84,4.2641,6.3561,6.4188,1.1715,1.6766,1.5693
VCB,2017-01-09,15.91,16.23,15.87,16.12,2379510,15.27,14.92,14.86,5.5647,8.0478,8.5189,2.0963,3.2092,1.5169
VCB,2017-01-10,16.0,16.1,15.98,16.0,1234210,15.37,14.99,14.88,4.0933,6.6889,7.5329,-2.3304,-3.2522,1.5855
VCB,2017-01-11,16.0,16.14,15.93,16.02,1498220,15.47,15.08,14.9,3.5411,6.2301,7.5194,-0.526,-0.8264,1.4674
VCB,2017-01-12,16.0,16.04,15.75,15.79,1863070,15.57,15.14,14.92,1.4318,4.2641,5.8334,-2.7016,-4.7543,1.5996
VCB,2017-01-13,15.66,15.96,15.6,15.6,1164660,15.65,15.19,14.94,-0.3061,2.6801,4.4339,-2.6824,-4.6648,1.7856
VCB,2017-01-16,15.62,15.75,15.43,15.56,641920,15.73,15.24,14.96,-1.0727,2.091,4.0187,-0.27,-0.4865,1.7384
VCB,2017-01-17,15.62,16.31,15.62,16.23,2340000,15.8,15.32,14.98,2.7027,5.9144,8.3118,3.0536,5.572,1.7284
VCB,2017-01-18,16.14,16.31,15.96,15.96,1143460,15.85,15.39,15.0,0.6438,3.6746,6.3919,-2.2147,-3.9391,1.776
VCB,2017-01-19,16.0,16.04,15.83,15.83,521040,15.89,15.45,15.01,-0.3671,2.4397,5.4413,-1.5359,-2.2647,1.8583
VCB,2017-01-20,15.91,16.04,15.83,15.83,908930,15.89,15.52,15.03,-0.3932,2.0134,5.3478,-2.7401,-4.3116,2.0151
VCB,2017-01-23,15.98,15.98,15.81,15.87,717890,15.87,15.57,15.04,0.0263,1.9398,5.5168,-0.5105,-0.951,1.8565
VCB,2017-01-24,15.85,16.08,15.83,16.08,899030,15.88,15.62,15.07,1.2858,2.9333,6.736,1.9904,3.4552,1.8225
VCB,2017-01-25,16.21,16.37,16.0,16.37,1352580,15.91,15.69,15.09,2.893,4.3409,8.4616,3.0269,4.4767,2.0726
VCB,2017-02-02,16.5,16.5,16.21,16.43,1368580,15.98,15.77,15.13,2.8683,4.2065,8.6567,1.7531,2.6763,1.9778
VCB,2017-02-03,16.46,16.46,16.12,16.12,1546040,16.03,15.84,15.15,0.5848,1.7885,6.4122,-2.9873,-4.7504,2.0083
VCB,2017-02-06,16.12,16.21,16.0,16.12,1288900,16.08,15.91,15.18,0.2331,1.3553,6.2282,0.5189,0.9104,2.0331
VCB,2017-02-07,16.16,16.35,16.14,16.35,1527190,16.1,15.95,15.21,1.5786,2.5272,7.5283,2.6824,4.6441,1.996
VCB,2017-02-08,16.41,16.58,16.29,16.56,1792740,16.16,16.01,15.24,2.4881,3.4617,8.6748,2.7603,4.7857,2.0506
VCB,2017-02-09,16.6,16.62,16.46,16.54,1203520,16.23,16.06,15.27,1.9124,2.9898,8.3367,0.0,0.0,1.897
VCB,2017-02-10,16.52,16.52,16.37,16.37,1754030,16.28,16.09,15.29,0.5501,1.7673,7.0523,-3.1073,-4.7713,1.9337
VCB,2017-02-13,16.37,16.37,16.12,16.18,1490330,16.31,16.09,15.32,-0.7916,0.5825,5.6511,-1.3299,-2.2184,2.0156
VCB,2017-02-14,16.18,16.29,16.04,16.12,1325510,16.32,16.1,15.35,-1.1999,0.1553,5.0603,-0.6684,-1.1479,1.8834
VCB,2017-02-15,16.18,16.37,16.08,16.25,1419820,16.31,16.11,15.38,-0.3577,0.8599,5.6453,0.3103,0.4755,1.6118
VCB,2017-02-16,16.33,16.48,16.04,16.08,1359740,16.27,16.12,15.41,-1.165,-0.2648,4.3695,-1.3162,-2.0371,1.5681
VCB,2017-02-17,16.12,16.14,15.96,15.96,1220700,16.25,16.14,15.43,-1.8326,-1.1485,3.3878,-1.5171,-2.3051,1.4211
VCB,2017-02-20,16.04,16.04,15.79,15.81,1322360,16.22,16.15,15.45,-2.5424,-2.1277,2.2966,-1.2027,-1.9722,1.4895
VCB,2017-02-21,15.83,16.02,15.81,16.0,1076370,16.19,16.14,15.48,-1.171,-0.8968,3.3147,0.9971,1.826,1.3209
VCB,2017-02-22,16.04,16.04,15.75,15.79,802090,16.11,16.13,15.52,-1.9912,-2.1367,1.7641,-0.5405,-0.9967,1.099
VCB,2017-02-23,15.79,15.91,15.64,15.66,1453770,16.02,16.13,15.54,-2.2361,-2.8612,0.7854,-1.5178,-2.3622,1.2507
VCB,2017-02-24,15.75,15.77,15.54,15.6,785650,15.95,16.11,15.56,-2.1555,-3.1799,0.2516,-0.3075,-0.5204,0.9708
VCB,2017-02-27,15.5,15.98,15.5,15.91,902460,15.92,16.12,15.59,-0.0262,-1.2537,2.0872,0.7859,1.2514,0.9163
VCB,2017-02-28,15.91,15.91,15.58,15.58,703780,15.86,16.09,15.61,-1.7857,-3.1715,-0.1842,-0.6808,-1.1912,0.9176
VCB,2017-03-01,15.58,15.66,15.5,15.5,753500,15.79,16.05,15.63,-1.847,-3.4268,-0.8661,-1.0238,-1.5751,0.9889
VCB,2017-03-02,15.66,15.71,15.37,15.37,1147120,15.72,15.99,15.65,-2.1999,-3.8875,-1.7755,-1.4284,-2.5219,1.0002
VCB,2017-03-03,15.5,15.66,15.37,15.62,516470,15.68,15.97,15.67,-0.3984,-2.1718,-0.311,0.5663,0.7419,0.9051
VCB,2017-03-06,15.83,15.83,15.54,15.54,510190,15.66,15.94,15.69,-0.7583,-2.5155,-0.9586,-0.6351,-0.9348,0.8483
VCB,2017-03-07,15.62,15.62,15.46,15.62,561990,15.62,15.9,15.71,0.0133,-1.7682,-0.5516,0.8676,1.3113,0.8354
VCB,2017-03-08,15.54,15.91,15.54,15.71,892080,15.61,15.86,15.73,0.6004,-0.9784,-0.1668,-0.1929,-0.3245,0.8006
VCB,2017-03-09,15.81,16.0,15.75,15.75,1001970,15.62,15.82,15.76,0.8134,-0.4674,-0.0529,-1.5386,-2.3096,0.8027
VCB,2017-03-10,15.79,15.91,15.56,15.62,596520,15.62,15.78,15.78,0.0,-1.0228,-0.9823,-0.6509,-1.0561,0.837
VCB,2017-03-13,15.46,15.58,15.43,15.43,885720,15.57,15.75,15.79,-0.8961,-1.9777,-2.2453,-1.4509,-2.222,0.9035
VCB,2017-03-14,15.43,15.58,15.43,15.43,502570,15.56,15.71,15.8,-0.8032,-1.7632,-2.2943,-0.8356,-1.214,0.919
VCB,2017-03-15,15.52,15.52,15.39,15.39,561660,15.55,15.67,15.81,-1.0047,-1.7614,-2.6068,-1.0493,-1.2506,0.9216
VCB,2017-03-16,15.41,15.52,15.39,15.46,574840,15.56,15.64,15.82,-0.656,-1.1655,-2.2887,0.0,0.0,0.7787
VCB,2017-03-17,15.46,15.64,15.39,15.41,3101080,15.54,15.61,15.83,-0.791,-1.2609,-2.6316,-2.5664,-3.5891,0.9787
VCB,2017-03-20,15.58,15.79,15.58,15.64,1083060,15.55,15.6,15.85,0.6163,0.2603,-1.2933,-0.532,-0.9313,0.9684
VCB,2017-03-21,15.79,15.83,15.66,15.83,975510,15.57,15.59,15.85,1.6859,1.5161,-0.1498,1.1471,1.6432,0.9964
VCB,2017-03-22,15.83,15.98,15.66,15.71,1941850,15.57,15.59,15.86,0.8831,0.7415,-0.9745,-1.3778,-2.3876,1.1149
VCB,2017-03-23,15.71,16.04,15.66,15.93,1640470,15.59,15.6,15.87,2.2317,2.1226,0.4122,1.0103,1.3449,1.062
VCB,2017-03-24,16.04,16.06,15.73,15.83,1411600,15.61,15.62,15.87,1.428,1.3807,-0.2494,-0.5431,-1.0671,1.0513
VCB,2017-03-27,15.83,16.0,15.73,15.75,1677100,15.64,15.61,15.86,0.6926,0.9009,-0.7275,-1.5761,-2.613,1.0638
VCB,2017-03-28,15.75,15.85,15.56,15.58,1950220,15.65,15.61,15.85,-0.4657,-0.1668,-1.7264,-2.0832,-3.509,1.1885
VCB,2017-03-29,15.52,15.62,15.48,15.54,1380040,15.67,15.61,15.84,-0.8243,-0.4471,-1.9299,-0.3036,-0.49,1.114
VCB,2017-03-30,15.54,15.66,15.5,15.5,1000760,15.67,15.62,15.84,-1.1164,-0.7537,-2.1568,-1.4425,-2.0758,1.2582
VCB,2017-03-31,15.5,15.58,15.37,15.37,1648790,15.67,15.6,15.83,-1.8878,-1.4752,-2.9177,-2.502,-3.6501,1.2518
VCB,2017-04-03,15.37,15.43,15.12,15.16,2231080,15.62,15.58,15.83,-2.9204,-2.6933,-4.1853,-1.71,-2.5907,1.3696
VCB,2017-04-04,15.21,15.46,15.18,15.33,1012810,15.57,15.57,15.81,-1.5385,-1.5319,-3.0227,0.0782,0.1409,1.2627
VCB,2017-04-05,15.33,15.54,15.33,15.35,620740,15.53,15.55,15.8,-1.1799,-1.2858,-2.8166,-0.5659,-1.0585,1.1815
VCB,2017-04-07,15.25,15.37,15.25,15.33,746360,15.47,15.53,15.79,-0.9288,-1.2876,-2.887,0.2838,0.3971,1.1088
VCB,2017-04-10,15.37,15.46,15.29,15.29,701010,15.42,15.51,15.78,-0.851,-1.4501,-3.0844,-0.6692,-1.3546,1.1214
VCB,2017-04-11,15.29,15.41,15.29,15.37,494890,15.38,15.51,15.77,-0.0677,-0.893,-2.4945,0.1385,0.3237,0.9777
VCB,2017-04-12,15.41,15.41,15.27,15.33,925540,15.36,15.51,15.75,-0.1763,-1.1284,-2.6661,-0.1612,-0.2986,0.7855
VCB,2017-04-13,15.27,15.48,15.27,15.31,771230,15.33,15.5,15.73,-0.163,-1.2362,-2.6671,-0.6578,-1.2309,0.8209
VCB,2017-04-14,15.29,15.31,15.0,15.14,1028920,15.3,15.49,15.7,-1.0211,-2.2127,-3.5681,-0.0756,-0.1419,0.6842
VCB,2017-04-17,15.14,15.18,14.79,14.79,1031640,15.24,15.45,15.68,-2.9657,-4.3062,-5.6629,-1.0629,-1.8849,0.5403
VCB,2017-04-18,14.79,14.94,14.75,14.94,534340,15.22,15.42,15.65,-1.8615,-3.1409,-4.5883,0.5637,0.956,0.4257
VCB,2017-04-19,14.91,15.04,14.87,14.96,571690,15.18,15.38,15.63,-1.4819,-2.7298,-4.2846,-0.0001,-0.0001,0.4179
VCB,2017-04-20,14.96,14.96,14.75,14.75,1002210,15.12,15.33,15.59,-2.4659,-3.7847,-5.3982,-1.8514,-2.9752,0.5464
VCB,2017-04-21,14.75,14.96,14.75,14.79,517030,15.07,15.27,15.55,-1.8388,-3.151,-4.9175,-0.4858,-1.0288,0.5666
VCB,2017-04-24,14.79,14.89,14.62,14.62,450210,15.0,15.21,15.52,-2.5135,-3.8619,-5.7769,-0.646,-1.0648,0.5643
VCB,2017-04-25,14.62,14.71,14.56,14.62,656130,14.92,15.15,15.49,-2.0237,-3.5051,-5.5868,-0.1152,-0.2404,0.562
VCB,2017-04-26,14.62,14.66,14.58,14.6,709260,14.85,15.1,15.46,-1.683,-3.3303,-5.5358,-0.5227,-0.8767,0.5981
VCB,2017-04-27,14.66,14.71,14.46,14.52,2240170,14.77,15.05,15.42,-1.7202,-3.5561,-5.8642,-1.4952,-2.1413,0.6819
VCB,2017-04-28,14.5,14.69,14.48,14.62,1522920,14.72,15.01,15.39,-0.6651,-2.5812,-5.0093,0.6884,1.0334,0.7431
VCB,2017-05-03,14.62,15.0,14.6,14.79,899880,14.72,14.98,15.37,0.467,-1.2792,-3.781,-0.0509,-0.0897,0.6419
VCB,2017-05-04,14.79,15.25,14.75,15.12,2186490,14.74,14.98,15.36,2.6003,0.9595,-1.5246,0.9756,1.6514,0.6831
VCB,2017-05-05,15.12,15.12,14.96,15.04,783900,14.75,14.96,15.34,1.9774,0.5011,-1.9448,-0.0,-0.0,0.6831
VCB,2017-05-08,15.04,15.12,14.87,14.89,863080,14.76,14.94,15.32,0.889,-0.3206,-2.7819,-0.6096,-1.0589,0.5589
VCB,2017-05-09,14.89,15.25,14.85,15.18,1633890,14.8,14.93,15.31,2.5893,1.6807,-0.8163,1.1452,2.1634,0.6249
VCB,2017-05-10,15.18,15.41,15.18,15.31,1447800,14.87,14.94,15.3,2.9556,2.5104,0.0381,0.1153,0.2198,0.5718
VCB,2017-05-11,15.33,15.41,15.31,15.33,1216160,14.94,14.93,15.29,2.607,2.6642,0.2506,-0.7842,-1.2105,0.6387
VCB,2017-05-12,15.31,15.33,15.14,15.18,898130,15.0,14.93,15.28,1.2359,1.7375,-0.6514,-0.5381,-0.8945,0.6402
VCB,2017-05-15,15.16,15.21,15.06,15.12,1127830,15.06,14.92,15.28,0.4149,1.3825,-1.0117,-0.1379,-0.2686,0.5045
VCB,2017-05-16,15.04,15.16,15.0,15.02,1005430,15.1,14.91,15.27,-0.538,0.7264,-1.6479,-0.4785,-0.8351,0.4835
VCB,2017-05-17,15.0,15.14,15.0,15.08,1250660,15.13,14.92,15.26,-0.3167,1.0467,-1.1685,0.1551,0.2607,0.4939
VCB,2017-05-18,15.04,15.23,15.04,15.14,1050880,15.13,14.94,15.25,0.0826,1.3947,-0.7075,0.1071,0.1909,0.4071
VCB,2017-05-19,15.16,15.31,15.12,15.31,1089810,15.16,14.95,15.24,1.0032,2.3891,0.4263,0.9189,1.4075,0.499
VCB,2017-05-22,15.46,15.91,15.31,15.62,3432310,15.23,15.0,15.24,2.5711,4.1739,2.487,0.0932,0.1315,0.4473
VCB,2017-05-23,15.62,15.71,15.5,15.5,1332510,15.26,15.03,15.24,1.5423,3.0971,1.7005,-0.9382,-1.723,0.4266
VCB,2017-05-24,15.48,15.85,15.43,15.73,1579160,15.3,15.09,15.24,2.7631,4.2386,3.19,0.7255,1.0254,0.4877
VCB,2017-05-25,15.75,15.77,15.46,15.46,1692550,15.32,15.13,15.24,0.9112,2.1616,1.4104,-2.0051,-2.7126,0.6097
VCB,2017-05-26,15.43,15.52,15.29,15.29,1241870,15.33,15.16,15.24,-0.2446,0.8311,0.3363,-1.5404,-1.9215,0.71
VCB,2017-05-29,15.46,15.58,15.16,15.16,1697170,15.33,15.2,15.23,-1.087,-0.2056,-0.454,-1.2188,-2.0905,0.8181
VCB,2017-05-30,15.29,15.29,15.08,15.12,1368210,15.34,15.22,15.23,-1.4257,-0.6432,-0.684,-0.49,-0.8541,0.8192
VCB,2017-05-31,15.29,15.29,14.91,15.08,1478930,15.34,15.23,15.22,-1.6972,-1.0118,-0.9142,-0.1549,-0.2263,0.8192
VCB,2017-06-01,15.16,15.27,15.08,15.12,972860,15.34,15.23,15.21,-1.4123,-0.7383,-0.5725,-0.8387,-1.1226,0.8924
VCB,2017-06-02,15.12,15.21,15.04,15.12,1088530,15.32,15.24,15.2,-1.2916,-0.7655,-0.4798,0.0,0.0,0.8005
VCB,2017-06-05,15.16,15.54,15.14,15.5,1909000,15.31,15.27,15.19,1.2383,1.4938,2.0156,1.993,3.0415,0.9905
VCB,2017-06-06,15.54,16.1,15.5,16.1,4750190,15.37,15.32,15.19,4.771,5.1343,5.9688,4.8913,7.1202,1.3858
VCB,2017-06-07,16.12,16.18,15.91,15.96,2419330,15.39,15.35,15.2,3.6676,3.9631,4.9919,-1.5806,-2.6059,1.4713
VCB,2017-06-08,15.91,15.96,15.75,15.79,1634700,15.42,15.37,15.2,2.3633,2.724,3.8897,-1.3161,-2.2239,1.4024
VCB,2017-06-09,15.87,16.08,15.79,16.0,1972850,15.5,15.41,15.21,3.2397,3.8049,5.2026,1.1132,1.8318,1.3597
VCB,2017-06-12,16.0,16.02,15.81,15.98,971550,15.58,15.45,15.21,2.5675,3.3832,5.0052,0.7301,1.1891,1.3108
VCB,2017-06-13,15.85,16.1,15.83,16.06,986280,15.67,15.51,15.23,2.4857,3.5734,5.4749,0.8375,1.3386,1.3455
VCB,2017-06-14,16.06,16.41,16.06,16.33,2818810,15.8,15.57,15.25,3.3891,4.8969,7.1184,1.5833,2.5822,1.4884
VCB,2017-06-15,16.33,16.5,16.27,16.46,2996650,15.93,15.63,15.27,3.3085,5.2561,7.7557,2.4603,4.3705,1.6505
VCB,2017-06-16,16.6,16.6,16.35,16.46,2708280,16.06,15.69,15.29,2.451,4.8719,7.5972,-0.4347,-0.5009,1.694
VCB,2017-06-19,16.6,16.66,16.41,16.54,1526720,16.17,15.74,15.32,2.3064,5.0959,7.9743,0.0,0.0,1.4947
VCB,2017-06-20,16.58,16.58,16.37,16.46,2278990,16.2,15.78,15.34,1.5685,4.2491,7.2728,-0.5092,-0.6872,1.0565
VCB,2017-06-21,16.37,16.39,15.83,16.1,2270290,16.22,15.8,15.36,-0.7065,1.8848,4.8534,-0.0922,-0.136,0.9076
VCB,2017-06-22,16.12,16.14,15.87,15.87,1355410,16.22,15.82,15.37,-2.1697,0.3028,3.294,-1.2265,-1.9252,0.8987
VCB,2017-06-23,15.85,15.91,15.73,15.87,1880570,16.21,15.85,15.38,-2.0943,0.1183,3.2213,1.0951,1.6994,0.8969
VCB,2017-06-26,15.96,16.08,15.89,16.04,1214450,16.22,15.9,15.39,-1.1045,0.891,4.2062,0.807,1.1876,0.9046
VCB,2017-06-27,16.16,16.18,15.93,15.93,1026510,16.21,15.94,15.41,-1.6709,-0.0196,3.4231,-0.9511,-1.5002,0.9159
VCB,2017-06-28,15.93,15.96,15.77,15.85,1400580,16.16,15.98,15.43,-1.8951,-0.7823,2.7407,-0.2051,-0.3353,0.7781
VCB,2017-06-29,15.96,15.98,15.79,15.91,841580,16.1,16.02,15.45,-1.1771,-0.6373,3.015,0.3748,0.6133,0.5696
VCB,2017-06-30,15.96,16.08,15.87,16.04,854400,16.06,16.06,15.47,-0.1426,-0.1426,3.6786,0.6022,0.7887,0.5863
VCB,2017-07-03,16.04,16.31,16.0,16.21,1812960,16.03,16.1,15.5,1.1046,0.6729,4.5587,0.7664,1.1639,0.663
VCB,2017-07-04,16.25,16.25,16.04,16.12,819980,16.0,16.1,15.53,0.7944,0.1488,3.8425,-0.238,-0.3697,0.6358
VCB,2017-07-05,16.25,16.25,16.02,16.18,799160,16.0,16.11,15.56,1.1324,0.4655,4.0356,0.3964,0.7478,0.6663
VCB,2017-07-06,16.16,16.46,16.16,16.39,2378800,16.06,16.14,15.59,2.1017,1.568,5.1352,1.1559,2.1481,0.6592
VCB,2017-07-07,16.46,16.52,16.12,16.12,1164990,16.08,16.15,15.62,0.2591,-0.1483,3.1973,-0.7581,-1.4043,0.6255
VCB,2017-07-10,16.21,16.29,15.83,15.87,1364350,16.06,16.14,15.65,-1.1929,-1.6647,1.4215,-1.0591,-1.784,0.6507
VCB,2017-07-11,15.83,15.96,15.66,15.96,1103920,16.07,16.14,15.68,-0.6872,-1.1166,1.7805,1.2404,1.7088,0.6796
VCB,2017-07-12,16.04,16.04,15.77,15.83,1299690,16.06,16.11,15.7,-1.4523,-1.739,0.8493,-0.8022,-0.9963,0.7393
VCB,2017-07-13,16.04,16.04,15.83,15.91,467540,16.06,16.08,15.71,-0.9336,-1.0555,1.2779,-0.1275,-0.1771,0.7146
VCB,2017-07-14,15.91,15.98,15.85,15.93,386280,16.05,16.06,15.73,-0.7396,-0.7653,1.295,0.1445,0.218,0.6689
VCB,2017-07-17,15.93,15.98,15.71,15.71,703340,16.0,16.02,15.75,-1.8613,-1.9378,-0.2645,-0.6466,-1.1117,0.6569
VCB,2017-07-18,15.66,15.83,15.64,15.73,1396110,15.96,15.98,15.76,-1.4875,-1.5838,-0.2009,-0.1995,-0.2994,0.653
VCB,2017-07-19,15.75,15.81,15.62,15.66,1170570,15.91,15.96,15.77,-1.5578,-1.8405,-0.6421,-0.8527,-1.1907,0.6986
VCB,2017-07-20,15.62,15.66,15.46,15.6,1086130,15.83,15.94,15.77,-1.4603,-2.1491,-1.0725,0.5147,0.7994,0.6345
VCB,2017-07-21,15.66,15.71,15.41,15.41,1058900,15.76,15.92,15.78,-2.207,-3.1857,-2.2896,-1.1246,-1.6847,0.6712
VCB,2017-07-24,15.41,15.54,15.27,15.54,914230,15.73,15.9,15.78,-1.2051,-2.2473,-1.5493,1.6042,2.2302,0.7257
VCB,2017-07-25,15.5,15.56,15.37,15.54,483370,15.69,15.88,15.79,-0.9428,-2.1254,-1.6143,0.4831,0.7235,0.65
VCB,2017-07-26,15.6,15.66,15.5,15.58,1240450,15.66,15.86,15.8,-0.5187,-1.7793,-1.4129,0.0,0.0,0.5697
VCB,2017-07-27,15.58,15.64,15.56,15.56,661800,15.63,15.85,15.81,-0.4266,-1.801,-1.5966,-1.0391,-1.5147,0.6609
VCB,2017-07-28,15.56,15.75,15.54,15.62,1246630,15.6,15.82,15.82,0.1736,-1.2768,-1.2404,-0.3294,-0.5107,0.6794
VCB,2017-07-31,15.62,15.79,15.62,15.73,1097910,15.6,15.8,15.82,0.828,-0.468,-0.5951,0.231,0.316,0.6378
VCB,2017-08-01,15.83,16.12,15.83,16.0,1710380,15.62,15.79,15.83,2.3864,1.2859,1.0526,0.2434,0.3697,0.6422
VCB,2017-08-02,15.87,16.0,15.75,15.87,943280,15.65,15.78,15.83,1.4512,0.5941,0.2447,0.0,0.0,0.557
VCB,2017-08-03,15.96,16.0,15.87,15.96,677010,15.68,15.76,15.84,1.7535,1.2625,0.7073,0.2875,0.4371,0.5342
VCB,2017-08-04,15.96,16.0,15.79,15.85,755620,15.72,15.74,15.85,0.8081,0.688,-0.021,-0.3353,-0.5486,0.4553
VCB,2017-08-07,15.87,15.93,15.83,15.85,748690,15.76,15.74,15.87,0.6081,0.6947,-0.1076,-0.4987,-0.755,0.3448
VCB,2017-08-08,15.85,16.23,15.85,16.0,1643470,15.8,15.74,15.89,1.2391,1.6075,0.7002,-0.3522,-0.5763,0.3317
VCB,2017-08-09,16.0,16.06,15.62,15.75,1227850,15.82,15.74,15.9,-0.4477,0.0463,-0.9564,-0.4059,-0.7071,0.3722
VCB,2017-08-10,15.64,15.79,15.6,15.71,1133390,15.83,15.73,15.91,-0.8025,-0.1523,-1.2908,0.1648,0.2806,0.2848
VCB,2017-08-11,15.6,15.64,15.54,15.6,580140,15.83,15.71,15.92,-1.4474,-0.7092,-2.0044,0.1376,0.2045,0.2656
VCB,2017-08-14,15.6,15.75,15.6,15.68,363540,15.83,15.71,15.92,-0.895,-0.1723,-1.5043,0.0542,0.0901,0.2479
VCB,2017-08-15,15.66,15.71,15.54,15.54,466800,15.78,15.7,15.91,-1.5312,-1.0413,-2.3509,-0.6555,-1.0222,0.2892
VCB,2017-08-16,15.54,15.64,15.52,15.62,388380,15.76,15.7,15.91,-0.8461,-0.4975,-1.7862,0.3522,0.5059,0.3244
VCB,2017-08-17,15.62,15.64,15.48,15.54,521370,15.71,15.7,15.9,-1.1135,-1.0085,-2.2793,-0.074,-0.1311,0.303
VCB,2017-08-18,15.54,15.75,15.48,15.62,720950,15.69,15.71,15.89,-0.4381,-0.5437,-1.709,0.0815,0.1239,0.2776
VCB,2017-08-21,15.62,15.66,15.54,15.58,257280,15.66,15.71,15.89,-0.5319,-0.8221,-1.9222,-0.1162,-0.1911,0.2394
VCB,2017-08-22,15.62,15.62,15.37,15.37,547530,15.6,15.7,15.87,-1.4686,-2.0961,-3.1496,-0.8726,-1.4694,0.2914
VCB,2017-08-23,15.41,15.46,15.29,15.41,551970,15.57,15.69,15.85,-0.9901,-1.7786,-2.7749,0.5648,0.8271,0.3073
VCB,2017-08-24,15.48,15.6,15.37,15.43,326460,15.54,15.69,15.83,-0.6836,-1.6067,-2.518,-0.2238,-0.3472,0.3132
VCB,2017-08-25,15.43,15.58,15.43,15.48,222240,15.53,15.68,15.81,-0.3353,-1.2953,-2.1338,-0.1228,-0.1803,0.3117
VCB,2017-08-28,15.48,15.6,15.46,15.6,664630,15.52,15.67,15.8,0.5234,-0.4585,-1.2264,0.6874,1.1127,0.3751
VCB,2017-08-29,15.6,15.62,15.41,15.41,691290,15.51,15.64,15.77,-0.6044,-1.4713,-2.2844,-0.5942,-0.9048,0.3689
VCB,2017-08-30,15.41,15.54,15.37,15.41,697600,15.49,15.62,15.76,-0.4707,-1.3268,-2.1992,-0.4798,-0.6869,0.3817
VCB,2017-08-31,15.37,15.6,15.35,15.46,697650,15.48,15.6,15.75,-0.148,-0.9015,-1.883,-0.1417,-0.2051,0.3885
VCB,2017-09-01,15.58,15.62,15.46,15.6,655740,15.48,15.58,15.75,0.8075,0.1136,-0.9233,0.8563,1.2002,0.4659
VCB,2017-09-05,15.58,15.96,15.48,15.89,1658120,15.51,15.59,15.74,2.4849,1.9713,0.9473,1.6248,2.3274,0.6168
VCB,2017-09-06,15.83,15.89,15.73,15.83,589690,15.55,15.58,15.74,1.7812,1.6247,0.5637,0.2227,0.3117,0.5518
VCB,2017-09-07,15.83,15.83,15.71,15.71,558020,15.58,15.58,15.74,0.7887,0.8358,-0.2118,-0.8408,-1.1273,0.5794
VCB,2017-09-08,15.83,15.87,15.68,15.71,753240,15.61,15.58,15.73,0.6138,0.8358,-0.1853,-0.8412,-1.1741,0.6412
VCB,2017-09-11,15.75,16.21,15.71,15.71,1858420,15.63,15.58,15.73,0.4664,0.8021,-0.143,-2.1823,-3.1087,0.8471
VCB,2017-09-12,15.71,15.87,15.68,15.85,1335940,15.66,15.59,15.72,1.2372,1.6836,0.8294,1.6944,1.8811,0.9478
VCB,2017-09-13,16.0,16.0,15.79,15.85,774520,15.7,15.6,15.72,0.9552,1.5818,0.8642,-0.4468,-0.5799,0.9331
VCB,2017-09-14,15.91,16.04,15.79,15.96,2432090,15.76,15.62,15.71,1.2692,2.1402,1.5565,1.3371,1.543,1.0188
VCB,2017-09-15,15.96,16.0,15.79,15.83,2799180,15.79,15.64,15.7,0.2374,1.2456,0.8332,-2.136,-2.4692,1.2182
VCB,2017-09-18,15.83,15.91,15.66,15.66,2916990,15.8,15.64,15.69,-0.857,0.1665,-0.1699,-4.6212,-5.4523,1.5947
VCB,2017-09-19,15.6,15.75,15.54,15.58,2466890,15.77,15.64,15.68,-1.1889,-0.3663,-0.664,-1.8095,-2.6653,1.6132
VCB,2017-09-20,15.6,15.91,15.6,15.75,2168280,15.76,15.66,15.68,-0.0793,0.5787,0.4251,-0.185,-0.2978,1.6094
VCB,2017-09-21,15.75,15.89,15.73,15.77,1215880,15.77,15.67,15.68,0.0132,0.598,0.5659,-0.8836,-1.1529,1.6137
VCB,2017-09-22,15.77,15.79,15.66,15.68,1052820,15.76,15.69,15.67,-0.5021,-0.0133,0.0638,-0.8335,-1.1142,1.6129
VCB,2017-09-25,15.68,15.73,15.6,15.62,1065690,15.76,15.69,15.67,-0.8461,-0.4579,-0.2951,-1.0106,-1.4359,1.4958
VCB,2017-09-26,15.62,15.71,15.54,15.68,871840,15.74,15.7,15.67,-0.3441,-0.0862,0.1064,0.7808,1.1122,1.4044
VCB,2017-09-27,15.79,15.83,15.64,15.71,1377060,15.72,15.71,15.67,-0.1192,-0.0464,0.242,-0.5675,-0.7739,1.4165
VCB,2017-09-28,15.83,15.94,15.79,15.85,1573710,15.71,15.74,15.67,0.8911,0.7584,1.1661,-0.2577,-0.3848,1.3085
VCB,2017-09-29,15.85,16.07,15.83,16.0,2122200,15.73,15.76,15.68,1.7273,1.5285,2.0643,1.3178,1.829,1.2267
VCB,2017-10-02,16.09,16.22,15.94,16.02,1205110,15.77,15.78,15.69,1.6296,1.5273,2.1205,-0.9028,-1.272,0.8549
VCB,2017-10-03,16.09,16.13,15.96,16.0,1417210,15.81,15.79,15.7,1.2234,1.3571,1.9246,-1.6726,-1.7699,0.8412
VCB,2017-10-04,15.96,16.6,15.96,16.51,4836990,15.89,15.82,15.72,3.9498,4.366,5.047,5.7468,8.2473,1.3974
VCB,2017-10-05,16.68,17.02,16.47,16.47,5672370,15.96,15.86,15.74,3.2249,3.8457,4.6577,-6.5818,-9.5968,1.9672
VCB,2017-10-06,16.47,16.66,16.45,16.62,2322970,16.05,15.91,15.76,3.5514,4.4836,5.4621,3.0553,4.129,2.1894
VCB,2017-10-09,16.75,16.88,16.66,16.77,2500440,16.17,15.96,15.78,3.7381,5.0688,6.2527,0.0002,0.0004,2.0883
VCB,2017-10-10,16.77,16.98,16.68,16.88,2583380,16.28,16.01,15.81,3.6328,5.3973,6.7713,1.1653,1.5932,2.1268
VCB,2017-10-11,16.94,16.98,16.62,16.75,2835470,16.39,16.06,15.82,2.1946,4.3078,5.8629,-1.2392,-1.8605,2.194
VCB,2017-10-12,16.75,16.79,16.62,16.62,1767480,16.47,16.09,15.84,0.9435,3.2987,4.9566,-2.2366,-3.0872,2.3918
VCB,2017-10-13,16.6,16.77,16.6,16.75,1784200,16.54,16.14,15.85,1.261,3.7964,5.6572,1.8548,2.6357,2.4455
VCB,2017-10-16,16.79,16.81,16.58,16.62,1542490,16.6,16.18,15.87,0.1282,2.7006,4.75,-1.4787,-1.6893,2.5031
VCB,2017-10-17,16.62,17.45,16.6,17.45,3062770,16.74,16.28,15.9,4.2196,7.2098,9.7596,3.0399,4.8717,2.6399
VCB,2017-10-18,17.41,17.62,17.26,17.32,3053330,16.82,16.36,15.93,2.9598,5.9128,8.7751,-1.835,-2.7852,2.2487
VCB,2017-10-19,17.32,17.41,17.15,17.24,1482080,16.9,16.43,15.96,1.9894,4.921,8.0384,-0.6434,-0.9254,1.6548
VCB,2017-10-20,17.26,17.58,17.22,17.37,2072400,16.98,16.51,15.99,2.2941,5.1604,8.6127,-0.4708,-0.6925,1.3964
VCB,2017-10-23,17.39,17.6,16.94,16.98,3568930,17.0,16.58,16.02,-0.0876,2.419,6.0337,-3.4751,-5.4815,1.7439
VCB,2017-10-24,16.96,17.15,16.81,17.02,1212060,17.01,16.65,16.04,0.0751,2.2625,6.1219,0.544,0.8334,1.6817
VCB,2017-10-25,17.02,17.37,17.02,17.34,1385130,17.07,16.73,16.08,1.5956,3.6698,7.8689,1.7798,2.8042,1.7358
VCB,2017-10-26,17.34,17.56,17.11,17.28,1922030,17.14,16.8,16.11,0.832,2.8499,7.2507,-0.6977,-0.9874,1.5819
VCB,2017-10-27,17.28,17.88,17.22,17.88,2347090,17.25,16.89,16.16,3.627,5.8068,10.6281,3.4579,4.4704,1.7422
VCB,2017-10-30,18.0,18.28,17.66,17.83,3808170,17.37,16.99,16.2,2.6584,4.9928,10.0635,-1.7364,-2.5804,1.768
VCB,2017-10-31,17.83,17.92,17.62,17.62,1322440,17.39,17.07,16.24,1.334,3.2483,8.477,-1.5814,-2.6905,1.6221
VCB,2017-11-01,17.71,17.81,17.6,17.71,2149100,17.43,17.13,16.29,1.5997,3.3861,8.6887,-0.0001,-0.0002,1.4387
VCB,2017-11-02,17.71,18.26,17.49,17.49,2341010,17.45,17.18,16.33,0.2317,1.8398,7.109,-2.6802,-3.8659,1.6423
VCB,2017-11-03,17.62,17.83,17.37,17.83,1399850,17.5,17.24,16.38,1.9093,3.4568,8.8741,1.4272,2.2519,1.738
VCB,2017-11-06,17.88,18.26,17.79,18.09,2460760,17.61,17.3,16.43,2.719,4.5382,10.082,1.0024,1.4087,1.4907
VCB,2017-11-07,18.09,18.24,17.88,18.07,1712940,17.71,17.36,16.48,1.9942,4.0569,9.6235,0.1704,0.2668,1.4533
VCB,2017-11-08,18.07,18.73,17.96,18.56,2695690,17.84,17.45,16.54,4.0449,6.322,12.1654,1.5086,2.0423,1.4262
VCB,2017-11-09,18.64,18.73,18.34,18.34,1899000,17.94,17.54,16.6,2.2417,4.5863,10.4878,-2.6217,-3.9546,1.6186
VCB,2017-11-10,18.3,18.58,18.22,18.34,2187370,17.99,17.62,16.66,1.9756,4.1126,10.1046,-0.773,-0.7162,1.3501
VCB,2017-11-13,18.51,18.6,18.3,18.47,2104320,18.05,17.71,16.72,2.3223,4.2893,10.4904,0.3135,0.3733,1.2079
VCB,2017-11-14,18.51,18.9,18.45,18.64,3008230,18.15,17.77,16.77,2.6843,4.8976,11.1432,-0.5149,-0.6192,1.1012
VCB,2017-11-15,18.64,18.81,18.56,18.56,1304050,18.24,17.83,16.83,1.7384,4.0573,10.2772,-1.38,-1.8545,1.2392
VCB,2017-11-16,18.62,19.09,18.56,19.03,2077060,18.39,17.92,16.89,3.4363,6.1505,12.6151,1.5364,2.5074,1.1248
VCB,2017-11-17,19.07,19.22,18.88,18.9,2063770,18.5,18.0,16.96,2.1512,4.9894,11.4382,-2.4112,-3.3643,1.2232
VCB,2017-11-20,18.9,19.15,18.88,19.15,1783000,18.61,18.11,17.03,2.9395,5.7704,12.4868,2.3595,2.8353,1.3589
VCB,2017-11-21,19.28,20.3,19.24,19.88,3799100,18.79,18.25,17.11,5.7997,8.9086,16.187,0.7732,0.9364,1.4192
VCB,2017-11-22,19.88,20.47,19.88,20.43,3116060,18.97,18.4,17.2,7.6716,11.0019,18.7855,2.6588,3.8351,1.5342
VCB,2017-11-23,20.73,20.81,19.94,20.39,2666680,19.18,18.56,17.29,6.3027,9.8435,17.9303,0.0776,0.1218,1.2798
VCB,2017-11-24,20.22,20.3,20.0,20.17,1363450,19.36,18.68,17.37,4.1987,8.028,16.1158,0.1867,0.3066,1.2212
VCB,2017-11-27,20.22,20.51,19.92,20.39,2242960,19.55,18.8,17.47,4.2664,8.4262,16.7062,1.0504,2.0259,1.2949
VCB,2017-11-28,20.47,20.6,20.22,20.51,1712500,19.74,18.95,17.57,3.9241,8.272,16.7774,0.4378,0.7932,1.2872
VCB,2017-11-29,20.43,20.86,20.43,20.86,1440140,19.97,19.11,17.67,4.4331,9.1618,18.0292,1.0127,1.9093,1.2504
VCB,2017-11-30,20.77,21.28,20.64,20.64,1997210,20.13,19.26,17.77,2.537,7.1646,16.1838,-1.6148,-2.489,1.2583
VCB,2017-12-01,20.69,20.81,20.43,20.56,2085760,20.3,19.4,17.86,1.2791,5.9734,15.0736,-0.7653,-1.1476,1.0937
VCB,2017-12-04,20.64,21.03,20.56,21.03,1939700,20.49,19.55,17.97,2.6387,7.5725,16.9866,1.3613,2.2638,0.9939
VCB,2017-12-05,20.86,21.28,20.47,20.47,1975550,20.54,19.67,18.07,-0.3522,4.1013,13.3044,-1.0124,-1.7067,1.0178
VCB,2017-12-06,20.43,20.56,20.05,20.43,2102030,20.54,19.76,18.16,-0.5594,3.3926,12.4807,0.9163,1.5272,0.8435
VCB,2017-12-07,20.43,20.43,19.88,20.26,2737090,20.53,19.86,18.25,-1.3267,2.0364,11.0049,1.1729,1.7424,0.9531
VCB,2017-12-08,20.26,20.26,19.79,20.03,1517040,20.52,19.94,18.33,-2.396,0.4322,9.2408,0.0,0.0,0.9344
VCB,2017-12-11,19.58,19.96,18.98,18.98,1447900,20.38,19.96,18.39,-6.8407,-4.9193,3.2192,-1.3426,-2.1197,0.9636
VCB,2017-12-12,19.28,19.32,17.71,19.03,2440280,20.23,19.98,18.45,-5.9443,-4.7974,3.1118,1.3244,1.8581,1.0523
VCB,2017-12-13,19.15,19.2,18.6,18.73,1177420,20.01,19.99,18.5,-6.4327,-6.3282,1.2542,-0.932,-1.4244,1.0442
VCB,2017-12-14,18.73,19.37,18.68,19.28,2166840,19.88,20.01,18.55,-3.0082,-3.6221,3.9301,1.8614,3.1088,1.0689
VCB,2017-12-15,19.28,19.79,19.24,19.58,2574240,19.78,20.04,18.61,-1.0221,-2.2992,5.2006,0.47,0.6492,1.0393
VCB,2017-12-18,20.0,20.51,19.83,20.34,2349430,19.71,20.1,18.68,3.2063,1.223,8.8987,1.0757,1.763,1.0108
VCB,2017-12-19,20.39,20.62,20.15,20.32,1958480,19.7,20.12,18.75,3.1763,1.0048,8.3848,-0.6737,-0.8826,0.9769
VCB,2017-12-20,20.32,21.0,20.17,20.86,2587600,19.74,20.14,18.83,5.649,3.5394,10.737,1.9335,3.3352,1.0786
VCB,2017-12-21,20.86,20.94,20.64,20.64,1547200,19.78,20.16,18.91,4.3684,2.4179,9.1408,-1.3462,-2.1035,1.0959
VCB,2017-12-22,20.51,21.62,20.45,21.62,4459390,19.94,20.23,19.01,8.4427,6.8911,13.7305,6.4234,9.364,1.7383
VCB,2017-12-25,21.71,22.0,21.62,21.88,1491740,20.23,20.3,19.12,8.1536,7.7568,14.4409,0.7284,1.1661,1.6769
VCB,2017-12-26,21.92,22.0,21.49,21.88,1701570,20.51,20.37,19.2,6.6501,7.3966,13.9134,0.983,1.4589,1.6427
VCB,2017-12-27,21.88,22.47,21.75,22.35,2214360,20.87,20.44,19.31,7.0445,9.2953,15.7458,1.6483,2.7214,1.7144
VCB,2017-12-28,22.35,23.37,22.35,23.03,2321870,21.25,20.56,19.42,8.3625,11.9735,18.5623,1.0343,1.6161,1.6317
VCB,2017-12-29,22.98,23.41,22.94,23.11,2753570,21.6,20.69,19.54,6.9845,11.6939,18.3007,-0.7211,-1.2271,1.6568
VCB,2018-01-02,22.98,23.58,22.81,23.41,2801720,21.91,20.81,19.66,6.848,12.4859,19.0425,1.1586,2.1589,1.6651
VCB,2018-01-03,23.62,23.71,23.2,23.37,1843870,22.21,20.96,19.79,5.1926,11.506,18.0645,-0.482,-0.8003,1.6459
VCB,2018-01-04,23.24,23.58,23.11,23.58,1990040,22.49,21.11,19.92,4.8647,11.6823,18.3938,1.7543,2.7891,1.628
VCB,2018-01-05,23.45,23.45,22.94,22.98,2045200,22.72,21.25,20.03,1.1615,8.1622,14.7447,-1.0568,-2.0772,1.599
VCB,2018-01-08,22.98,23.62,22.56,23.58,2071140,22.92,21.43,20.14,2.8975,10.0462,17.053,0.9904,1.8137,1.0557
VCB,2018-01-09,23.83,24.9,23.2,24.9,2853160,23.22,21.72,20.29,7.2411,14.6216,22.7419,1.6044,3.0947,1.1433
VCB,2018-01-10,24.81,25.2,24.39,24.69,2842830,23.5,22.01,20.43,5.0534,12.1802,20.8509,-0.4013,-0.6751,1.0851
VCB,2018-01-11,24.47,25.03,24.35,25.03,1766240,23.77,22.32,20.57,5.3009,12.1228,21.646,1.0023,1.9767,1.0205
VCB,2018-01-12,25.03,25.28,24.69,24.69,2525840,23.93,22.59,20.72,3.1478,9.2742,19.1577,-0.9057,-1.8116,1.0077
VCB,2018-01-15,24.69,25.54,24.26,25.54,2061850,24.18,22.89,20.87,5.6338,11.5708,22.3566,1.3479,2.5426,1.0704
VCB,2018-01-16,25.24,25.66,25.03,25.54,2218380,24.39,23.15,21.02,4.712,10.3195,21.4894,1.0188,2.0429,1.0564
VCB,2018-01-17,25.45,25.49,23.92,23.92,2077670,24.44,23.33,21.14,-2.1417,2.5361,13.165,-0.8903,-1.6329,1.0972
VCB,2018-01-18,23.83,24.9,23.79,24.9,2845720,24.58,23.53,21.26,1.3162,5.8153,17.0937,1.1919,2.0888,1.041
VCB,2018-01-19,24.94,26.13,24.81,25.96,2998270,24.87,23.8,21.42,4.3806,9.1039,21.229,1.3566,1.9444,1.071
VCB,2018-01-22,26.39,26.98,26.26,26.94,2300660,25.21,24.06,21.59,6.8715,11.966,24.7979,1.3709,2.333,1.109
VCB,2018-01-23,26.94,26.94,26.94,26.94,0,25.41,24.32,21.76,6.0124,10.7999,23.8263,0.0,0.0,0.9486
VCB,2018-01-24,26.94,26.94,26.94,26.94,0,25.64,24.57,21.92,5.0797,9.6579,22.8888,0.0,0.0,0.9085
VCB,2018-01-25,27.88,28.81,27.15,28.81,4788340,26.02,24.89,22.13,10.7476,15.7562,30.2123,2.1103,3.7442,1.0193
VCB,2018-01-26,29.54,29.79,28.3,29.41,2617800,26.49,25.21,22.34,11.0219,16.654,31.6692,0.7742,1.5579,1.0061
VCB,2018-01-29,29.79,30.43,28.86,28.94,2281360,26.83,25.5,22.54,7.868,13.4846,28.4182,-1.0587,-2.014,0.9772
VCB,2018-01-30,28.3,28.86,28.18,28.52,2818520,27.13,25.76,22.72,5.1145,10.7072,25.4869,-0.0,-0.0,0.8753
VCB,2018-01-31,28.52,29.33,28.18,28.35,1936300,27.57,26.01,22.89,2.8095,8.9927,23.8149,-0.5397,-1.0654,0.8402
VCB,2018-02-01,28.26,28.86,28.01,28.35,2166810,27.92,26.25,23.05,1.5399,8.0029,22.9645,-0.2457,-0.5565,0.7456
VCB,2018-02-02,28.73,28.73,28.35,28.69,1652660,28.19,26.53,23.22,1.7666,8.1254,23.5518,1.1876,2.0391,0.7287
VCB,2018-02-05,28.09,28.52,26.69,26.69,2687810,28.16,26.69,23.35,-5.2441,0.0,14.2951,-1.1548,-2.3386,0.7071
VCB,2018-02-06,24.86,26.81,24.86,26.39,6724710,28.11,26.76,23.47,-6.1175,-1.3917,12.441,1.5595,2.5546,0.8631
VCB,2018-02-07,27.67,27.75,26.73,27.03,1635780,28.12,26.88,23.6,-3.8753,0.5542,14.5258,-0.5923,-1.0427,0.9223
VCB,2018-02-08,26.64,27.03,26.18,26.77,855160,27.91,26.97,23.72,-4.0866,-0.7182,12.8777,0.2874,0.6769,0.74
VCB,2018-02-09,24.9,26.52,24.9,25.92,2408810,27.56,27.03,23.82,-5.9605,-4.0945,8.8044,0.4508,0.8609,0.7076
VCB,2018-02-12,26.39,27.03,25.84,27.03,1847850,27.37,27.1,23.95,-1.2595,-0.2748,12.8367,1.4035,2.4854,0.7421
VCB,2018-02-13,27.37,27.62,27.07,27.24,1527780,27.24,27.19,24.08,-0.0156,0.1957,13.1382,-0.5912,-1.0978,0.8012
VCB,2018-02-21,27.67,28.9,27.45,28.18,2132410,27.23,27.4,24.23,3.486,2.835,16.2832,0.0,0.0,0.7473
VCB,2018-02-22,27.92,28.69,27.84,28.43,2352100,27.24,27.58,24.39,4.3913,3.1023,16.5672,1.0071,2.031,0.8234
VCB,2018-02-23,28.52,30.39,28.39,30.39,4825770,27.41,27.8,24.59,10.8868,9.3247,23.5679,3.3785,6.5435,1.0425
VCB,2018-02-26,31.62,31.62,30.39,30.6,3453290,27.8,27.98,24.8,10.0903,9.3702,23.372,-1.2473,-2.6302,1.0518
VCB,2018-02-27,31.03,31.28,30.52,31.16,2249770,28.27,28.19,25.05,10.1912,10.5156,24.3819,1.4785,2.7729,1.0437
VCB,2018-02-28,30.69,31.92,30.64,31.41,3475320,28.71,28.41,25.3,9.3982,10.5452,24.1734,0.538,1.0489,1.0382
VCB,2018-03-01,30.9,31.75,30.22,30.43,3615670,29.08,28.5,25.53,4.6546,6.7961,19.2005,-1.7451,-3.1786,1.184
VCB,2018-03-02,29.79,30.64,29.79,30.56,2525210,29.54,28.55,25.76,3.4433,7.0284,18.6522,1.4076,2.7778,1.2797
VCB,2018-03-05,30.64,30.86,28.94,28.94,2914810,29.73,28.55,25.94,-2.6625,1.3639,11.5614,-1.2773,-2.4037,1.2671
VCB,2018-03-06,29.37,30.43,28.81,30.3,3103920,30.04,28.64,26.14,0.8784,5.8028,15.9213,1.4983,3.0645,1.3578
VCB,2018-03-07,30.43,30.6,29.15,29.62,2277620,30.18,28.71,26.33,-1.8612,3.1952,12.5158,-0.6615,-1.4229,1.4239
VCB,2018-03-08,29.62,29.96,29.28,29.58,1554260,30.3,28.77,26.5,-2.3739,2.8258,11.6143,-0.1929,-0.3839,1.3425
VCB,2018-03-09,30.01,30.43,29.62,30.22,3236520,30.28,28.84,26.69,-0.2108,4.7661,13.2052,1.428,2.6921,1.1474
VCB,2018-03-12,30.64,31.24,30.43,30.64,2899140,30.29,29.04,26.87,1.1805,5.5177,14.0287,-1.0724,-1.9511,1.13
VCB,2018-03-13,30.64,30.9,30.05,30.64,2146470,30.24,29.26,27.05,1.3514,4.7501,13.2895,0.5886,1.1463,1.041
VCB,2018-03-14,30.9,31.62,30.9,31.41,4053460,30.24,29.47,27.24,3.8851,6.5704,15.3089,1.0687,2.0552,1.094
VCB,2018-03-15,31.07,31.71,30.99,31.41,2111990,30.33,29.71,27.42,3.5499,5.7382,14.5465,0.2888,0.6465,0.9484
VCB,2018-03-16,31.71,32.05,31.54,31.79,5327050,30.46,30.0,27.6,4.3879,5.98,15.2067,0.0,0.0,0.8077
VCB,2018-03-19,32.18,32.56,31.07,31.62,2803610,30.73,30.23,27.77,2.9228,4.611,13.8872,-0.4948,-1.1105,0.7294
VCB,2018-03-20,31.2,31.88,31.2,31.5,1836040,30.84,30.44,27.93,2.1112,3.4603,12.7705,-0.2023,-0.3914,0.5998
VCB,2018-03-21,31.71,32.01,31.28,31.28,2952180,31.01,30.6,28.09,0.8784,2.2395,11.3772,-2.9066,-5.1749,0.8243
VCB,2018-03-22,31.5,31.5,30.64,30.64,3871380,31.12,30.71,28.23,-1.5183,-0.2079,8.558,-3.033,-5.8571,1.1083
VCB,2018-03-23,29.15,30.09,29.15,29.75,4563730,31.07,30.68,28.36,-4.2466,-3.0177,4.8888,0.9121,1.8244,1.0567
VCB,2018-03-26,29.79,30.6,29.62,30.6,1821910,31.07,30.68,28.5,-1.4934,-0.2428,7.3583,1.2268,2.1667,1.0722
VCB,2018-03-27,30.99,31.03,30.05,30.22,2322350,31.02,30.63,28.61,-2.5929,-1.3409,5.6202,-1.1312,-2.1266,1.1264
VCB,2018-03-28,29.75,30.35,29.71,30.01,1643300,30.88,30.56,28.72,-2.839,-1.8106,4.4878,-0.1076,-0.2153,1.0303
VCB,2018-03-29,30.13,30.47,29.84,30.22,1457380,30.76,30.55,28.82,-1.7709,-1.0797,4.8497,0.3419,0.7152,1.0356
VCB,2018-03-30,30.22,30.39,29.88,30.01,1280140,30.59,30.52,28.93,-1.8926,-1.6874,3.7283,-0.6939,-1.3367,1.105
VCB,2018-04-02,30.22,31.5,30.13,31.5,3055600,30.57,30.65,29.05,3.021,2.7635,8.4313,2.0595,4.3111,1.2615
VCB,2018-04-03,31.5,32.05,31.28,31.62,3500060,30.59,30.71,29.17,3.3955,2.9585,8.4165,-0.3177,-0.6983,1.273
VCB,2018-04-04,31.71,31.84,31.28,31.28,2089100,30.59,30.8,29.32,2.2822,1.5755,6.7104,-1.4841,-2.8806,1.1308
VCB,2018-04-05,31.41,31.5,30.9,31.28,1763710,30.65,30.88,29.44,2.0692,1.2955,6.2477,0.4281,0.9123,0.8703
VCB,2018-04-06,31.33,31.84,31.24,31.28,2346040,30.8,30.94,29.55,1.5614,1.1213,5.8651,-1.4368,-3.0355,0.9228
VCB,2018-04-09,31.28,31.62,31.28,31.41,2693260,30.88,30.97,29.64,1.7089,1.4084,5.9766,-0.4398,-0.9104,0.8441
VCB,2018-04-10,31.71,32.05,31.33,31.71,5026810,31.03,31.03,29.73,2.1808,2.1948,6.6388,0.2153,0.4126,0.7525
VCB,2018-04-11,31.79,31.84,29.79,30.3,3911130,31.06,30.97,29.8,-2.439,-2.1575,1.6852,-1.0096,-2.04,0.8427
VCB,2018-04-12,30.18,30.43,29.79,30.18,3262970,31.06,30.91,29.83,-2.8368,-2.3752,1.1643,0.5918,1.1667,0.8677
VCB,2018-04-13,30.35,30.39,28.73,28.9,5148440,30.95,30.77,29.82,-6.6153,-6.0663,-3.0831,-3.3305,-6.5096,1.1313
VCB,2018-04-16,28.6,28.77,27.71,28.05,3992890,30.6,30.59,29.8,-8.3449,-8.3003,-5.8814,-1.8303,-3.4697,1.1084
VCB,2018-04-17,28.09,28.52,27.88,28.52,2104840,30.29,30.44,29.8,-5.8592,-6.3134,-4.3103,2.1117,4.1073,1.2878
VCB,2018-04-18,28.86,28.86,27.58,27.58,2005410,29.92,30.25,29.79,-7.8236,-8.8351,-7.4048,-1.6418,-2.9925,1.3036
VCB,2018-04-19,27.41,27.45,25.96,25.96,4909820,29.39,30.02,29.74,-11.6582,-13.512,-12.695,-3.3659,-4.7075,1.5973
VCB,2018-04-20,26.05,27.24,25.84,27.24,2996320,28.98,29.89,29.71,-6.0206,-8.8774,-8.3121,2.4494,3.8647,1.6986
VCB,2018-04-23,27.45,27.58,25.37,25.37,2876760,28.38,29.63,29.68,-10.6179,-14.3924,-14.5397,-1.4739,-2.7207,1.802
VCB,2018-04-24,25.11,25.84,24.69,25.54,4451970,27.76,29.4,29.67,-8.0178,-13.1316,-13.9168,2.1597,2.6413,1.9964
VCB,2018-04-26,25.54,26.09,24.69,24.77,4669710,27.21,29.14,29.62,-8.9629,-14.9806,-16.3721,-2.4493,-3.8085,2.1404
VCB,2018-04-27,24.77,25.62,24.73,25.54,2940100,26.75,28.9,29.6,-4.5194,-11.6413,-13.7138,1.9567,3.4498,2.2769
VCB,2018-05-02,25.79,25.96,24.6,24.77,2862030,26.33,28.64,29.57,-5.9318,-13.5087,-16.2373,-1.8327,-2.8643,2.1271
VCB,2018-05-03,24.77,25.41,24.22,25.37,3451890,26.06,28.33,29.54,-2.678,-10.4702,-14.126,2.2841,4.2592,2.1725
VCB,2018-05-04,25.62,25.84,25.07,25.11,3234250,25.72,28.01,29.5,-2.3825,-10.3412,-14.8678,-3.1605,-5.7629,2.2774
VCB,2018-05-07,25.45,26.43,25.24,26.43,3511210,25.61,27.77,29.46,3.2076,-4.8057,-10.2886,3.3959,6.1135,2.4528
VCB,2018-05-08,26.09,26.47,25.96,25.96,2947160,25.61,27.5,29.41,1.3794,-5.5874,-11.7298,-2.9888,-5.8551,2.4151
VCB,2018-05-09,25.84,25.96,25.32,25.32,2787480,25.42,27.2,29.31,-0.3684,-6.9003,-13.6028,-4.0174,-7.6125,2.5719
VCB,2018-05-10,25.49,25.62,23.66,24.05,4433980,25.29,26.83,29.18,-4.8982,-10.3815,-17.5904,-2.3601,-4.4839,2.6605
VCB,2018-05-11,24.05,24.69,23.2,24.64,3954360,25.2,26.48,29.05,-2.1959,-6.9356,-15.1698,3.8448,6.3734,2.829
VCB,2018-05-14,24.77,24.9,24.22,24.81,1522180,25.2,26.21,28.92,-1.5369,-5.311,-14.194,1.7296,2.5342,2.7571
VCB,2018-05-15,24.81,25.45,24.77,24.98,2498910,25.15,25.95,28.81,-0.6432,-3.7073,-13.2786,-1.4263,-1.9913,2.704
VCB,2018-05-16,24.9,25.07,24.26,24.26,2368960,25.09,25.71,28.68,-3.3243,-5.6526,-15.4202,-3.1152,-5.3414,2.8323
VCB,2018-05-17,24.26,24.43,23.92,24.18,2079780,24.98,25.52,28.59,-3.2038,-5.2702,-15.4359,0.0,0.0,2.6039
VCB,2018-05-18,24.22,24.3,23.32,24.05,2437850,24.87,25.3,28.46,-3.3031,-4.9382,-15.5128,1.6027,2.3567,2.4481
VCB,2018-05-21,24.05,24.43,23.71,23.71,1835620,24.6,25.1,28.34,-3.6165,-5.5612,-16.3613,-2.0456,-3.2809,2.3131
VCB,2018-05-22,23.37,23.62,22.13,22.73,3235250,24.27,24.94,28.21,-6.3651,-8.8737,-19.4254,-0.6624,-1.1509,2.0804
VCB,2018-05-23,22.56,23.2,22.13,23.2,2045320,24.06,24.74,28.07,-3.591,-6.2366,-17.3541,1.9762,2.8726,1.8763
VCB,2018-05-24,23.2,23.32,22.56,22.69,1312180,23.92,24.61,27.91,-5.177,-7.8014,-18.7128,-1.3233,-1.8894,1.7726
VCB,2018-05-25,22.73,22.86,21.28,21.28,2718610,23.59,24.39,27.72,-9.7799,-12.7552,-23.2305,-2.4667,-3.8076,1.6348
VCB,2018-05-28,20.86,21.11,19.92,19.92,4579370,23.1,24.15,27.49,-13.7645,-17.5185,-27.5429,-2.4471,-3.8113,1.7066
VCB,2018-05-29,20.22,21.28,19.92,21.28,2610350,22.73,23.94,27.29,-6.367,-11.0953,-22.0139,2.0133,3.4982,1.7653
VCB,2018-05-30,21.71,22.47,21.49,22.13,4432950,22.52,23.8,27.09,-1.7013,-7.0266,-18.3161,2.0319,2.8196,1.6569
VCB,2018-05-31,21.92,23.2,21.88,23.03,3736400,22.4,23.69,26.92,2.7931,-2.794,-14.4745,2.6087,3.5808,1.9178
VCB,2018-06-01,23.03,24.47,22.94,24.26,5930650,22.42,23.65,26.78,8.2004,2.601,-9.403,5.1437,7.4806,2.2719
VCB,2018-06-04,24.05,25.37,23.83,25.24,3837380,22.57,23.59,26.66,11.8024,7.0107,-5.32,2.5336,4.8292,2.3207
VCB,2018-06-05,24.94,25.37,24.56,24.94,3532580,22.8,23.53,26.54,9.41,5.977,-6.0355,-0.1868,-0.3919,2.2731
VCB,2018-06-06,24.73,25.41,24.52,25.15,2183260,22.99,23.53,26.45,9.4039,6.9199,-4.9044,0.9012,1.5908,2.1656
VCB,2018-06-07,25.11,25.24,24.86,24.98,2538580,23.22,23.57,26.34,7.588,5.9854,-5.1451,-0.9175,-1.6759,2.1251
VCB,2018-06-08,24.81,25.71,24.81,25.41,2693680,23.63,23.61,26.24,7.5095,7.6161,-3.1756,1.0535,2.0147,1.9837
VCB,2018-06-11,25.28,25.66,24.9,25.11,2453150,24.15,23.63,26.14,3.9648,6.2871,-3.9526,-1.3626,-2.4566,1.8753
VCB,2018-06-12,24.9,25.11,24.05,24.69,3024500,24.49,23.61,26.03,0.7819,4.5516,-5.1792,0.7979,1.2123,1.7537
VCB,2018-06-13,24.52,25.49,24.52,25.49,2054850,24.83,23.67,25.94,2.674,7.6951,-1.7324,4.2271,5.7713,1.9733
VCB,2018-06-14,25.49,25.49,24.69,24.73,2814340,25.0,23.7,25.81,-1.0896,4.3369,-4.1855,-2.815,-4.9426,1.9939
VCB,2018-06-15,24.47,25.11,24.43,25.11,2557670,25.09,23.75,25.68,0.1018,5.7158,-2.2078,2.5532,3.5851,1.7349
VCB,2018-06-18,25.07,25.11,23.83,24.05,2461860,24.97,23.77,25.53,-3.6822,1.1638,-5.8208,-1.4765,-2.7424,1.6291
VCB,2018-06-19,23.2,24.05,22.98,24.05,5149160,24.88,23.84,25.39,-3.3362,0.8838,-5.284,4.5909,7.7414,2.0696
VCB,2018-06-20,24.26,24.98,23.92,24.73,2767440,24.83,23.91,25.26,-0.4285,3.4084,-2.0963,1.7788,2.9972,2.1573
VCB,2018-06-21,24.69,24.77,24.0,24.26,1637920,24.76,23.99,25.11,-2.0282,1.1176,-3.4029,-0.9728,-1.7893,2.1628
VCB,2018-06-22,23.88,24.98,23.62,24.98,2529630,24.72,24.18,24.98,1.0675,3.336,0.0136,2.995,5.0978,2.357
VCB,2018-06-25,25.54,25.62,25.07,25.28,2415610,24.74,24.45,24.88,2.2023,3.4213,1.6149,-1.0309,-1.9519,2.3238
VCB,2018-06-26,24.9,25.28,24.69,25.24,1346430,24.79,24.64,24.78,1.8026,2.418,1.848,2.2842,4.3468,2.4725
VCB,2018-06-27,25.11,25.75,24.69,24.69,2602270,24.71,24.77,24.7,-0.1033,-0.3436,-0.0448,-3.3851,-6.1574,2.3883
VCB,2018-06-28,24.26,24.98,24.26,24.64,2114670,24.7,24.85,24.63,-0.2412,-0.8392,0.0588,0.1459,0.2932,2.1213
VCB,2018-06-29,24.64,24.98,24.18,24.69,1439520,24.66,24.87,24.55,0.1036,-0.7529,0.5443,0.5418,0.8494,1.9202
VCB,2018-07-02,24.47,24.86,23.58,24.73,2846420,24.73,24.85,24.5,-0.0,-0.4796,0.9522,2.8205,5.8816,2.0546
VCB,2018-07-03,24.81,24.81,23.83,23.83,3355250,24.71,24.79,24.45,-3.5314,-3.8627,-2.5273,-2.2699,-4.3065,1.8225
VCB,2018-07-04,23.92,24.05,23.28,23.66,2452480,24.6,24.72,24.38,-3.8062,-4.2617,-2.9398,-0.0,-0.0001,1.6446
VCB,2018-07-05,23.58,23.66,22.13,22.13,2865870,24.39,24.58,24.32,-9.2496,-9.9411,-8.9827,-3.2613,-5.7678,1.8735
VCB,2018-07-06,21.75,23.58,21.49,23.41,3443450,24.23,24.48,24.27,-3.3901,-4.3561,-3.5629,2.2666,4.6196,1.8006
VCB,2018-07-09,23.41,24.0,22.98,22.98,1434270,24.0,24.37,24.24,-4.2383,-5.6851,-5.1767,-1.8286,-3.6977,1.8804
VCB,2018-07-10,23.62,23.62,22.6,22.6,1360490,23.74,24.26,24.18,-4.7875,-6.8585,-6.5306,-2.3367,-4.0055,1.8856
VCB,2018-07-11,22.09,22.35,21.32,21.79,3312190,23.45,24.08,24.12,-7.0612,-9.5007,-9.6524,-0.308,-0.6226,1.5779
VCB,2018-07-12,21.79,22.81,21.49,22.3,1422890,23.21,23.96,24.06,-3.9237,-6.9106,-7.2993,0.6858,1.4508,1.6319
VCB,2018-07-13,22.69,23.37,22.13,23.32,1709410,23.08,23.87,24.02,1.0697,-2.2824,-2.9092,2.3315,5.2122,1.8109
VCB,2018-07-16,23.41,23.62,23.11,23.37,1302130,22.94,23.83,23.96,1.8553,-1.9643,-2.4832,0.0,0.0,1.5288
VCB,2018-07-17,22.98,23.75,22.98,23.75,1594780,22.93,23.82,23.92,3.5635,-0.2948,-0.7011,1.5606,3.0495,1.4579
VCB,2018-07-18,23.75,24.47,23.75,24.47,2473610,23.01,23.81,23.9,6.3436,2.7979,2.397,1.7368,3.3016,1.6316
VCB,2018-07-19,24.56,24.6,24.13,24.18,1704000,23.22,23.8,23.9,4.1247,1.5646,1.1396,-1.415,-2.5385,1.447
VCB,2018-07-20,24.05,24.35,23.45,24.18,2204900,23.29,23.76,23.89,3.7822,1.7374,1.1792,1.2989,2.4802,1.3502
VCB,2018-07-23,24.18,24.86,24.05,24.09,2618240,23.4,23.7,23.88,2.9278,1.634,0.8841,-0.7997,-3.8051,1.2473
VCB,2018-07-24,24.26,24.43,23.83,24.26,1683260,23.57,23.65,23.86,2.9252,2.5641,1.6586,0.744,1.8376,1.088
VCB,2018-07-25,24.39,24.43,23.54,23.54,1257900,23.75,23.6,23.85,-0.8783,-0.2525,-1.3134,-1.3607,-2.9974,1.1933
VCB,2018-07-26,23.58,24.13,23.2,24.13,2107890,23.93,23.57,23.85,0.8538,2.3836,1.1886,1.9853,4.1118,1.3232
VCB,2018-07-27,24.13,24.39,23.92,24.05,979280,24.0,23.54,23.85,0.1951,2.1607,0.8316,-0.537,-1.1425,1.1438
VCB,2018-07-30,24.26,24.43,24.05,24.39,1288790,24.1,23.52,23.86,1.1831,3.6823,2.201,1.0065,1.943,1.2444
VCB,2018-07-31,24.3,25.24,24.18,24.9,3438180,24.22,23.58,23.91,2.8119,5.6147,4.1518,1.3926,3.1228,1.2276
VCB,2018-08-01,25.15,25.2,24.86,24.94,1902040,24.26,23.64,23.94,2.789,5.5095,4.1778,-1.0019,-2.3212,1.1541
VCB,2018-08-02,24.77,25.11,24.56,25.11,1855340,24.36,23.79,23.99,3.0928,5.5645,4.6767,1.9119,3.7213,1.2038
VCB,2018-08-03,25.32,25.41,24.73,24.9,1770230,24.43,23.86,24.06,1.9164,4.3432,3.4775,-0.8969,-1.675,1.1636
VCB,2018-08-06,24.77,25.37,24.77,25.11,1782410,24.53,23.97,24.17,2.3595,4.7678,3.9135,0.3435,0.7342,1.118
VCB,2018-08-07,25.03,26.35,24.94,26.18,5488590,24.72,24.15,24.26,5.8702,8.3987,7.8796,5.5503,9.5501,1.5987
VCB,2018-08-08,26.22,26.56,25.96,26.43,2193510,25.01,24.38,24.35,5.6662,8.4148,8.5475,1.2015,2.4718,1.5827
VCB,2018-08-09,26.43,26.69,26.09,26.09,2508810,25.21,24.57,24.41,3.4949,6.1932,6.8801,-2.5035,-4.3104,1.6345
VCB,2018-08-10,25.96,27.03,25.96,27.03,3849630,25.51,24.75,24.47,5.9569,9.1816,10.4655,3.9767,7.93,1.9785
VCB,2018-08-13,26.81,27.15,26.47,27.15,2397270,25.78,24.94,24.5,5.3153,8.8644,10.8139,1.6101,3.9842,2.0389
VCB,2018-08-14,27.15,27.15,26.69,26.73,1274800,25.97,25.09,24.54,2.934,6.5219,8.9181,-0.9913,-2.0469,1.9988
VCB,2018-08-15,26.9,26.98,25.75,25.79,3238040,26.05,25.16,24.55,-0.9966,2.5207,5.0478,-2.0888,-4.3986,2.1074
VCB,2018-08-16,25.54,25.96,25.07,25.79,3426320,26.12,25.24,24.57,-1.2547,2.1922,4.9787,2.0294,3.5441,2.1192
VCB,2018-08-17,26.01,26.77,25.88,26.39,2711770,26.27,25.35,24.59,0.4537,4.0967,7.3184,0.3901,0.8345,2.0685
VCB,2018-08-20,26.39,26.6,26.13,26.13,1601770,26.37,25.45,24.61,-0.9038,2.6756,6.1916,-1.733,-3.8366,2.2075
VCB,2018-08-21,25.96,26.69,25.96,26.69,1724610,26.42,25.57,24.65,0.9987,4.3522,8.264,1.6855,3.4941,1.821
VCB,2018-08-22,26.73,26.81,26.35,26.35,1490660,26.41,25.71,24.67,-0.2578,2.458,6.8088,-1.7492,-3.9082,1.8758
VCB,2018-08-23,26.39,26.73,26.22,26.64,1301270,26.47,25.84,24.7,0.6593,3.1132,7.8492,1.7145,2.9266,1.7969
VCB,2018-08-24,26.64,26.64,26.3,26.39,1779380,26.41,25.96,24.73,-0.0645,1.6643,6.7052,-0.997,-1.7154,1.4989
VCB,2018-08-27,26.6,27.03,26.56,26.86,1805900,26.38,26.08,24.79,1.8235,2.9784,8.3522,0.5211,1.0639,1.39
VCB,2018-08-28,27.03,27.37,26.77,27.24,2588320,26.43,26.2,24.85,3.0762,3.9805,9.6153,1.8115,3.7981,1.472
VCB,2018-08-29,27.2,27.28,26.86,26.86,1117930,26.53,26.29,24.89,1.2191,2.1449,7.8891,-1.4227,-2.6605,1.4054
VCB,2018-08-30,26.86,27.32,26.56,27.15,1336350,26.67,26.39,24.95,1.8193,2.8783,8.8329,0.6675,1.2208,1.2692
VCB,2018-08-31,27.15,27.24,26.39,26.6,1949400,26.69,26.48,24.98,-0.3349,0.4581,6.4772,-1.0139,-1.6233,1.3316
VCB,2018-09-04,26.6,26.64,25.92,25.96,2050280,26.67,26.52,25.0,-2.6648,-2.1103,3.8651,-1.6451,-3.2402,1.3228
VCB,2018-09-05,25.96,26.3,25.66,25.79,1766180,26.58,26.5,25.01,-2.9779,-2.6819,3.1384,-1.44,-2.4764,1.2982
VCB,2018-09-06,25.79,25.96,25.62,25.66,796450,26.52,26.47,25.03,-3.2103,-3.0235,2.5475,-0.682,-1.4242,1.1915
VCB,2018-09-07,25.58,26.47,25.58,26.39,1595530,26.49,26.48,25.06,-0.3856,-0.3456,5.2918,1.4256,3.1092,1.1626
VCB,2018-09-10,26.39,26.64,26.01,26.39,1505560,26.49,26.45,25.1,-0.3856,-0.2253,5.1489,0.3815,0.7832,1.1011
VCB,2018-09-11,26.18,26.86,26.18,26.81,1543540,26.49,26.43,25.14,1.2373,1.4493,6.6676,1.2251,2.3835,1.1715
VCB,2018-09-12,26.9,27.07,26.6,26.64,1590110,26.43,26.43,25.19,0.8214,0.8214,5.754,-1.2135,-2.6118,1.1117
VCB,2018-09-13,26.73,26.98,26.64,26.77,1069800,26.42,26.48,25.26,1.3372,1.1173,5.9993,-0.332,-0.713,1.0026
VCB,2018-09-14,26.9,27.41,26.9,27.24,2405940,26.43,26.55,25.36,3.0762,2.6052,7.4186,0.9712,2.1137,1.033
VCB,2018-09-17,27.24,27.24,26.77,26.77,1007490,26.44,26.57,25.43,1.2393,0.769,5.2931,-1.0615,-2.2049,1.0377
VCB,2018-09-18,26.6,26.94,26.52,26.94,1077110,26.54,26.61,25.5,1.5074,1.2557,5.6338,0.7837,1.6113,0.9516
VCB,2018-09-19,27.11,27.11,26.86,26.94,1075000,26.66,26.62,25.59,1.0698,1.2071,5.2754,-0.4086,-0.8592,0.8485
VCB,2018-09-20,26.94,27.5,26.94,27.41,1709890,26.83,26.67,25.7,2.1574,2.7605,6.6366,1.0181,2.082,0.8821
VCB,2018-09-21,27.67,27.96,27.24,27.5,4889170,26.94,26.72,25.81,2.0537,2.9154,6.5374,-0.884,-1.4031,0.8279
VCB,2018-09-24,27.88,27.96,27.58,27.75,1094970,27.08,26.78,25.9,2.4835,3.6072,7.1593,-0.1244,-0.2453,0.8022
VCB,2018-09-25,27.58,27.75,27.41,27.41,1031520,27.14,26.81,25.98,1.0038,2.2303,5.515,-1.1316,-2.2872,0.7929
VCB,2018-09-26,27.41,27.62,27.15,27.15,2099660,27.19,26.81,26.05,-0.1252,1.294,4.2586,-1.7587,-3.0998,0.8474
VCB,2018-09-27,27.15,27.32,26.9,26.98,2121040,27.21,26.81,26.1,-0.829,0.6349,3.4055,-1.1869,-2.3329,0.9329
VCB,2018-09-28,27.11,27.24,26.81,26.81,2104400,27.17,26.8,26.15,-1.3003,0.0635,2.5457,-1.2538,-2.3381,0.9611
VCB,2018-10-01,27.03,27.03,26.6,26.6,1932610,27.15,26.8,26.2,-2.0223,-0.7306,1.5435,-1.3615,-2.6152,0.9911
VCB,2018-10-02,26.6,26.86,26.47,26.81,1601040,27.14,26.84,26.25,-1.192,-0.0952,2.1434,1.0419,1.9442,1.0169
VCB,2018-10-03,26.98,27.03,26.6,26.81,1034920,27.12,26.89,26.3,-1.1455,-0.2849,1.945,0.0,0.0,0.9761
VCB,2018-10-04,26.81,27.24,26.73,26.81,2298750,27.07,26.95,26.37,-0.9278,-0.4975,1.6916,-1.4502,-2.8047,1.0193
VCB,2018-10-05,26.94,27.16,26.77,26.77,1633520,26.99,26.97,26.42,-0.8216,-0.7278,1.3256,-1.1788,-2.2103,1.0488
VCB,2018-10-08,26.73,26.9,26.56,26.56,1347760,26.87,26.98,26.47,-1.1827,-1.5576,0.3193,-1.3396,-2.3068,1.1703
VCB,2018-10-09,26.64,26.81,26.56,26.6,868060,26.79,26.96,26.52,-0.7225,-1.3583,0.3146,-0.5188,-1.105,1.109
VCB,2018-10-10,26.68,26.73,26.47,26.6,781330,26.74,26.96,26.55,-0.5161,-1.3501,0.1861,-0.0,-0.0,0.9331
VCB,2018-10-11,25.87,25.87,24.79,24.87,3432840,26.53,26.87,26.55,-6.2255,-7.4198,-6.3042,-0.9476,-2.026,0.9092
VCB,2018-10-12,24.57,25.82,24.57,25.82,2266290,26.43,26.8,26.56,-2.2848,-3.6357,-2.7838,1.3409,2.622,0.9179
VCB,2018-10-15,25.78,25.87,25.31,25.48,1155630,26.31,26.73,26.57,-3.1782,-4.6927,-4.124,-0.5463,-1.075,0.8364
VCB,2018-10-16,25.43,25.69,25.39,25.52,1079700,26.18,26.66,26.58,-2.5354,-4.277,-3.9913,-0.1874,-0.3305,0.751
VCB,2018-10-17,25.82,25.82,25.48,25.52,1293490,26.06,26.59,26.57,-2.0516,-4.0212,-3.944,-1.3989,-2.5504,0.8908
VCB,2018-10-18,25.43,25.52,24.96,25.0,1605080,25.87,26.47,26.54,-3.3655,-5.5393,-5.7898,-1.6643,-3.155,0.9122
VCB,2018-10-19,24.57,25.26,24.57,24.87,1188910,25.68,26.34,26.52,-3.1554,-5.5604,-6.1911,-0.1938,-0.3011,0.8137
VCB,2018-10-22,25.22,25.35,24.62,24.62,1204690,25.49,26.18,26.47,-3.4331,-5.9829,-6.9975,-1.076,-2.1163,0.7874
VCB,2018-10-23,24.57,24.7,23.28,24.06,2346810,25.24,26.01,26.41,-4.6806,-7.5309,-8.9015,0.2652,0.5512,0.762
VCB,2018-10-24,24.06,24.4,23.93,23.93,1474260,24.97,25.85,26.35,-4.1782,-7.4538,-9.1985,-1.3646,-2.7518,0.8985
VCB,2018-10-25,22.85,23.8,22.85,23.62,1744120,24.84,25.68,26.31,-4.9106,-8.0233,-10.1959,0.9677,1.7966,0.9005
VCB,2018-10-26,24.1,24.1,23.06,23.06,1220360,24.57,25.5,26.25,-6.1239,-9.5448,-12.144,-1.2951,-2.3829,0.8959
VCB,2018-10-29,22.98,23.24,22.63,22.8,1261730,24.3,25.31,26.18,-6.1558,-9.8884,-12.8915,-0.9033,-1.6315,0.9316
VCB,2018-10-30,22.8,23.41,22.72,23.37,1337430,24.09,25.13,26.12,-2.9891,-7.0405,-10.5617,1.8995,3.4654,1.1028
VCB,2018-10-31,23.37,24.44,23.37,23.97,1245750,23.93,24.99,26.07,0.1621,-4.0966,-8.0603,0.1161,0.2155,0.9745
VCB,2018-11-01,24.06,24.1,23.62,23.71,1221200,23.8,24.84,26.02,-0.3804,-4.5388,-8.8682,-0.9241,-1.7937,0.9005
VCB,2018-11-02,23.71,24.27,23.71,24.23,1136910,23.74,24.71,25.97,2.0705,-1.9539,-6.7065,1.0746,1.9209,0.9886
VCB,2018-11-05,24.1,24.36,23.97,24.36,873020,23.71,24.6,25.93,2.7273,-0.9901,-6.0616,1.2436,2.3925,1.0054
VCB,2018-11-06,24.57,24.57,24.06,24.06,667710,23.71,24.47,25.87,1.4546,-1.7086,-7.0245,-0.7917,-1.5439,1.058
VCB,2018-11-07,24.06,24.23,23.75,23.93,668290,23.71,24.34,25.81,0.9091,-1.7003,-7.2868,-0.3164,-0.6265,0.9532
VCB,2018-11-08,24.44,24.49,24.01,24.01,575720,23.75,24.3,25.75,1.1073,-1.171,-6.7471,-0.8021,-1.6869,0.9366
VCB,2018-11-09,23.8,24.01,23.41,23.41,885690,23.78,24.18,25.67,-1.577,-3.1741,-8.8258,-1.099,-1.9465,0.917
VCB,2018-11-12,23.28,23.54,22.76,23.54,687980,23.86,24.08,25.61,-1.3372,-2.2469,-8.1027,1.0591,1.9529,0.9326
VCB,2018-11-13,22.98,23.41,22.98,23.11,601520,23.83,23.96,25.56,-3.0391,-3.5538,-9.5842,-0.3282,-0.6149,0.7755
VCB,2018-11-14,23.11,23.41,22.76,22.93,530120,23.73,23.83,25.5,-3.343,-3.754,-10.0577,-0.3471,-0.6658,0.7986
VCB,2018-11-15,22.93,23.11,22.63,23.02,828510,23.66,23.73,25.45,-2.6968,-2.9885,-9.5319,0.7583,1.5519,0.782
VCB,2018-11-16,23.28,23.32,22.89,22.93,1227840,23.53,23.63,25.38,-2.5284,-2.9551,-9.6254,-1.4486,-2.5955,0.8194
VCB,2018-11-19,23.28,23.28,22.93,23.28,1145500,23.42,23.57,25.31,-0.6074,-1.2165,-8.041,1.5352,2.7827,0.8486
VCB,2018-11-20,23.28,23.28,22.98,23.19,1086240,23.34,23.52,25.24,-0.6096,-1.402,-8.1188,0.7098,1.1669,0.8404
VCB,2018-11-21,22.89,23.88,22.85,23.88,1908000,23.33,23.52,25.19,2.3651,1.5396,-5.1788,2.6497,4.2561,1.0737
VCB,2018-11-22,23.71,23.93,23.58,23.62,961120,23.29,23.52,25.12,1.4251,0.4399,-5.9708,-1.0674,-1.8969,1.1002
VCB,2018-11-23,23.58,23.71,23.28,23.28,897050,23.28,23.53,25.04,0.0,-1.0717,-7.0504,-1.1526,-2.1536,1.1056
VCB,2018-11-26,23.28,23.41,23.15,23.28,673900,23.25,23.56,24.98,0.1112,-1.1713,-6.7904,0.0,0.0001,0.9997
VCB,2018-11-27,23.45,23.58,22.93,23.02,1284900,23.24,23.54,24.9,-0.9644,-2.1978,-7.5357,-1.4492,-2.6784,1.1118
VCB,2018-11-28,23.02,23.75,23.02,23.75,1483680,23.33,23.53,24.83,1.8296,0.962,-4.3471,2.6196,4.6808,1.339
VCB,2018-11-29,23.97,24.31,23.71,23.71,2360280,23.4,23.53,24.76,1.3451,0.7787,-4.2354,-2.8918,-5.642,1.5524
VCB,2018-11-30,23.67,24.14,23.62,23.88,1430640,23.49,23.51,24.69,1.67,1.5861,-3.2566,0.0,0.0,1.4075
VCB,2018-12-03,24.44,25.0,24.23,25.0,2226730,23.66,23.54,24.63,5.6659,6.2077,1.5096,1.8391,3.4932,1.4379
VCB,2018-12-04,24.92,25.13,24.62,24.83,1367410,23.83,23.58,24.58,4.2157,5.3016,1.0211,-0.3081,-0.618,1.3978
VCB,2018-12-05,24.57,25.09,24.36,24.92,2014850,23.93,23.63,24.54,4.1254,5.4456,1.5567,1.2292,2.3842,1.2557
VCB,2018-12-06,24.74,25.0,24.44,24.53,2258320,24.02,23.66,24.49,2.1177,3.6902,0.1758,-1.9598,-4.259,1.3449
VCB,2018-12-07,24.74,24.87,24.62,24.66,835390,24.16,23.72,24.44,2.0699,3.9622,0.8816,-0.6697,-1.4334,1.2967
VCB,2018-12-10,24.66,24.74,24.4,24.53,1050910,24.28,23.77,24.4,1.0119,3.2012,0.5229,-0.3569,-0.6696,1.3323
VCB,2018-12-11,24.53,24.66,24.23,24.49,1119050,24.43,23.84,24.36,0.2294,2.7218,0.5381,0.38,0.7202,1.2254
VCB,2018-12-12,24.7,25.0,24.49,25.0,1466430,24.56,23.94,24.32,1.8259,4.4387,2.815,1.7269,3.5957,1.1362
VCB,2018-12-13,25.13,25.18,24.83,24.83,851900,24.67,24.03,24.28,0.6641,3.3277,2.2727,-1.1239,-2.2373,0.9594
VCB,2018-12-14,24.79,24.83,24.36,24.36,880580,24.71,24.1,24.23,-1.4478,1.0552,0.5195,-1.0667,-2.0244,1.066
VCB,2018-12-17,24.14,24.31,23.62,23.62,1787440,24.58,24.12,24.17,-3.8765,-2.0554,-2.2685,-1.7604,-3.1941,1.0581
VCB,2018-12-18,23.32,23.93,23.32,23.75,1459730,24.47,24.15,24.12,-2.9246,-1.6335,-1.5016,0.8194,1.5398,1.1093
VCB,2018-12-19,23.75,23.88,23.32,23.45,1131780,24.32,24.13,24.05,-3.5803,-2.7964,-2.4985,-0.9391,-1.6728,1.0803
VCB,2018-12-20,23.41,23.8,23.41,23.54,877260,24.22,24.12,24.03,-2.8297,-2.4216,-2.0312,-0.4494,-0.8134,0.9292
VCB,2018-12-21,23.49,23.49,23.19,23.49,1690120,24.11,24.13,23.98,-2.5394,-2.6438,-2.0207,1.7695,2.6129,1.0392
VCB,2018-12-24,23.49,23.67,22.89,22.89,864160,23.94,24.11,23.93,-4.3932,-5.0684,-4.3312,-1.1704,-2.291,1.1206
VCB,2018-12-25,22.42,22.85,21.99,22.72,1964060,23.77,24.1,23.87,-4.4078,-5.7245,-4.829,1.4998,3.0374,1.2325
VCB,2018-12-26,22.68,23.06,22.68,22.76,782180,23.54,24.05,23.82,-3.3144,-5.3509,-4.4275,-0.689,-1.1871,1.1288
VCB,2018-12-27,23.28,23.41,23.06,23.06,571770,23.37,24.02,23.78,-1.2915,-3.967,-3.0024,-0.7342,-1.2934,1.0898
VCB,2018-12-28,23.19,23.49,22.98,23.06,781690,23.24,23.98,23.74,-0.7421,-3.8029,-2.8544,-0.6038,-1.1095,1.0435
VCB,2019-01-02,23.24,23.41,23.06,23.11,1081640,23.18,23.88,23.71,-0.3347,-3.2404,-2.549,-1.4688,-2.5561,1.0144
VCB,2019-01-03,23.28,23.32,22.72,23.11,1071350,23.12,23.79,23.69,-0.0559,-2.8897,-2.471,0.3407,0.7209,0.9665
VCB,2019-01-04,22.98,23.45,22.68,23.45,1307310,23.12,23.72,23.68,1.4357,-1.1359,-0.9757,2.1114,4.1579,1.0837
VCB,2019-01-07,23.84,23.93,23.49,23.54,1175810,23.12,23.67,23.68,1.8087,-0.5646,-0.6044,-1.8593,-3.5651,1.2247
VCB,2019-01-08,23.71,23.8,23.49,23.71,1318810,23.14,23.62,23.69,2.459,0.365,0.0691,1.279,2.7945,1.1756
VCB,2019-01-09,23.93,24.18,23.62,24.06,1136370,23.26,23.6,23.72,3.4291,1.9271,1.4177,0.9311,1.8825,1.1517
VCB,2019-01-10,24.06,24.06,23.71,23.71,794870,23.36,23.56,23.73,1.5135,0.6312,-0.0654,-1.7383,-3.4964,1.1756
VCB,2019-01-11,23.8,23.93,23.67,23.8,1115410,23.46,23.5,23.72,1.4333,1.2565,0.3126,0.0,0.0,1.1067
VCB,2019-01-14,23.8,23.93,23.67,23.84,759980,23.54,23.45,23.72,1.2821,1.6544,0.4833,0.5006,1.071,1.0833
VCB,2019-01-15,23.84,24.18,23.8,24.1,1071080,23.64,23.44,23.72,1.9329,2.8141,1.5847,1.0814,2.0178,1.1311
VCB,2019-01-16,24.27,24.27,23.71,23.88,706160,23.72,23.45,23.71,0.6907,1.8382,0.7163,-0.5573,-1.0152,1.0399
VCB,2019-01-17,23.84,24.01,23.75,23.8,460060,23.79,23.45,23.71,0.0362,1.4613,0.3746,-0.5637,-1.2046,1.0622
VCB,2019-01-18,23.8,23.88,23.62,23.62,542400,23.81,23.46,23.7,-0.7606,0.689,-0.3274,-1.0718,-2.1088,0.9582
VCB,2019-01-21,23.54,24.23,23.49,24.06,870530,23.86,23.49,23.7,0.8312,2.4135,1.4878,0.6275,1.3822,0.8351
VCB,2019-01-22,24.14,24.14,23.8,23.8,398340,23.87,23.5,23.71,-0.289,1.2472,0.3636,-0.5736,-1.2029,0.7645
VCB,2019-01-23,23.67,23.93,23.67,23.88,514720,23.85,23.55,23.72,0.1446,1.4002,0.698,0.652,1.3081,0.7366
VCB,2019-01-24,23.88,23.97,23.71,23.88,463870,23.87,23.61,23.73,0.0723,1.1503,0.6321,0.2971,0.5149,0.5925
VCB,2019-01-25,23.93,24.18,23.88,24.06,1008850,23.89,23.68,23.76,0.6857,1.6023,1.2631,0.3605,0.6273,0.6286
VCB,2019-01-28,24.14,24.14,23.93,23.93,336990,23.9,23.72,23.77,0.1082,0.8724,0.6419,-0.7691,-1.4304,0.6554
VCB,2019-01-29,23.93,24.44,23.8,24.44,973050,23.93,23.79,23.8,2.1253,2.7546,2.6876,1.4769,2.7454,0.695
VCB,2019-01-30,24.44,24.66,24.44,24.44,1152720,23.99,23.85,23.83,1.8868,2.4668,2.5873,-1.9397,-4.1325,0.8332
VCB,2019-01-31,24.49,24.74,24.49,24.49,1147760,24.06,23.92,23.85,1.7739,2.3516,2.6568,-1.873,-3.701,0.9641
VCB,2019-02-01,24.57,24.74,24.36,24.36,827040,24.13,23.97,23.86,0.9289,1.6187,2.074,-1.2591,-1.8412,0.9828
VCB,2019-02-11,24.57,25.09,24.49,25.05,1395030,24.23,24.04,23.89,3.3624,4.1686,4.8396,1.6539,3.1868,1.0855
VCB,2019-02-12,25.05,25.43,24.92,25.26,1683680,24.38,24.12,23.93,3.6251,4.727,5.5666,0.6694,1.5422,1.0951
VCB,2019-02-13,25.26,25.82,25.26,25.78,1853680,24.57,24.21,23.98,4.9307,6.491,7.5037,1.5761,2.995,1.1875
VCB,2019-02-14,25.78,26.0,25.69,25.95,1629070,24.78,24.32,24.04,4.7503,6.7092,7.9588,1.3143,2.4929,1.2892
VCB,2019-02-15,25.87,25.87,25.52,25.56,1249180,24.93,24.41,24.07,2.5597,4.7333,6.1849,-1.4048,-2.3907,1.3936
VCB,2019-02-18,25.65,25.87,25.65,25.87,1027840,25.12,24.51,24.12,2.969,5.5316,7.2463,1.0955,1.7954,1.4263
VCB,2019-02-19,25.87,25.95,25.43,25.43,1304520,25.22,24.58,24.15,0.8547,3.4906,5.3233,-0.9547,-1.7749,1.374
VCB,2019-02-20,25.56,25.69,25.39,25.48,818480,25.32,24.66,24.16,0.6129,3.3307,5.4604,-0.4243,-0.9087,1.2225
VCB,2019-02-21,25.65,25.91,25.48,25.91,2044240,25.46,24.76,24.18,1.7437,4.6309,7.1492,2.1386,3.1438,1.2491
VCB,2019-02-22,25.95,26.9,25.87,26.73,2502840,25.7,24.92,24.22,3.992,7.2664,10.3714,1.652,3.3297,1.2884
VCB,2019-02-25,26.94,27.55,26.86,27.33,2079790,25.93,25.08,24.27,5.4032,8.9722,12.603,0.7552,1.4252,1.1985
VCB,2019-02-26,27.33,27.37,26.68,27.16,1976570,26.12,25.25,24.32,3.9775,7.5636,11.6625,0.9211,1.7286,1.2237
VCB,2019-02-27,27.07,27.16,26.56,26.68,1148480,26.21,25.39,24.37,1.8092,5.1023,9.5188,-0.7856,-1.4013,1.1446
VCB,2019-02-28,26.68,26.94,26.08,26.08,2027080,26.22,25.5,24.4,-0.5425,2.2823,6.9018,-1.3843,-2.2812,1.1516
VCB,2019-03-01,26.3,26.81,26.21,26.81,713500,26.35,25.64,24.43,1.767,4.5906,9.7428,0.7456,1.3023,1.0857
VCB,2019-03-04,26.81,27.16,26.81,27.07,1347480,26.47,25.79,24.48,2.2801,4.9553,10.5984,0.5442,1.0867,1.0306
VCB,2019-03-05,27.07,27.5,26.94,27.16,1576750,26.64,25.93,24.53,1.9417,4.7381,10.6972,-0.2948,-0.7058,0.9646
VCB,2019-03-06,27.2,27.29,26.68,27.03,1081870,26.8,26.06,24.6,0.8687,3.7221,9.8651,0.195,0.3302,0.9416
VCB,2019-03-07,27.03,27.5,26.99,27.2,1897450,26.93,26.2,24.67,1.0247,3.8427,10.2569,-0.27,-0.5517,0.7548
VCB,2019-03-08,26.9,27.16,26.77,27.07,997370,26.96,26.33,24.74,0.4157,2.816,9.4115,0.5955,1.1434,0.6491
VCB,2019-03-11,26.9,27.03,26.68,26.99,1020600,26.93,26.43,24.81,0.2241,2.1124,8.7598,1.1864,2.25,0.6922
VCB,2019-03-12,27.16,27.93,27.03,27.93,2194380,27.0,26.56,24.9,3.4483,5.1692,12.1806,1.8199,3.6612,0.7821
VCB,2019-03-13,28.02,28.11,27.81,28.11,1680350,27.15,26.68,25.01,3.5414,5.3567,12.4022,1.3411,3.0165,0.8377
VCB,2019-03-14,28.11,28.88,27.81,28.84,2115850,27.42,26.82,25.13,5.1721,7.5217,14.771,2.1232,4.4974,0.9116
VCB,2019-03-15,28.97,28.97,28.45,28.45,2616060,27.59,26.97,25.24,3.1411,5.5072,12.7165,-2.3706,-5.1511,1.0741
VCB,2019-03-18,28.67,29.23,28.67,29.14,1936700,27.79,27.13,25.36,4.855,7.4124,14.8956,1.3006,2.7543,1.1497
VCB,2019-03-19,29.14,29.14,28.75,28.8,1390640,27.96,27.3,25.48,3.0069,5.4876,13.0249,-0.8469,-2.0456,1.2049
VCB,2019-03-20,28.75,28.97,28.54,28.75,2441040,28.13,27.46,25.59,2.2222,4.7013,12.3576,-0.0001,-0.0001,1.1854
VCB,2019-03-21,28.84,29.27,28.67,28.71,1525770,28.28,27.6,25.7,1.5244,4.0137,11.7,-0.8902,-1.9031,1.2475
VCB,2019-03-22,28.8,28.88,28.67,28.84,1375420,28.46,27.71,25.81,1.3483,4.084,11.7346,1.2921,2.2562,1.3171
VCB,2019-03-25,28.02,28.45,27.59,28.24,1635900,28.58,27.75,25.91,-1.2066,1.7397,8.9995,0.8829,1.9935,1.2868
VCB,2019-03-26,28.5,28.67,28.24,28.24,1127550,28.61,27.81,26.0,-1.3108,1.5425,8.6199,-1.8138,-4.12,1.2861
VCB,2019-03-27,28.41,28.41,27.89,28.24,538180,28.62,27.89,26.08,-1.3554,1.26,8.2716,0.3399,0.6601,1.186
VCB,2019-03-28,28.32,28.75,28.19,28.75,742470,28.62,28.02,26.18,0.4821,2.6233,9.8304,1.2009,2.1562,1.0938
VCB,2019-03-29,28.88,29.1,28.8,29.01,678050,28.67,28.13,26.28,1.1878,3.1418,10.3785,0.4302,0.7458,0.8998
VCB,2019-04-01,29.27,29.27,29.14,29.23,684060,28.68,28.24,26.39,1.9089,3.5115,10.7445,0.3381,0.6346,0.8035
VCB,2019-04-02,29.31,29.53,29.1,29.1,556970,28.71,28.33,26.49,1.3514,2.7007,9.8383,-0.7562,-1.5338,0.7944
VCB,2019-04-03,29.1,29.14,28.67,28.97,445650,28.73,28.43,26.59,0.8252,1.8954,8.9318,0.1797,0.4079,0.8124
VCB,2019-04-04,28.97,29.27,28.8,29.19,948960,28.78,28.53,26.7,1.408,2.2968,9.2993,0.8467,2.0404,0.808
VCB,2019-04-05,29.23,29.4,29.23,29.36,477530,28.83,28.64,26.82,1.8242,2.4908,9.475,0.3486,0.7492,0.7137
VCB,2019-04-08,29.36,30.05,29.27,30.05,1121900,29.01,28.8,26.94,3.5661,4.3413,11.5486,1.3006,2.6987,0.7555
VCB,2019-04-09,30.05,30.18,29.92,30.09,759180,29.2,28.9,27.06,3.0563,4.1014,11.189,0.2528,0.4721,0.5994
VCB,2019-04-10,29.96,29.96,29.66,29.7,719030,29.34,28.98,27.18,1.2193,2.4764,9.2853,-0.7539,-1.5134,0.6408
VCB,2019-04-11,29.75,29.75,29.19,29.53,405090,29.42,29.02,27.29,0.3663,1.7604,8.2012,0.1564,0.3695,0.5363
VCB,2019-04-12,29.57,29.57,29.14,29.31,355400,29.45,29.06,27.4,-0.4684,0.8678,6.999,-0.1193,-0.2536,0.5052
VCB,2019-04-16,29.31,29.31,28.62,29.06,404640,29.44,29.06,27.5,-1.2888,-0.0074,5.6592,0.1597,0.3252,0.4874
VCB,2019-04-17,29.27,29.4,28.88,29.31,516710,29.46,29.08,27.6,-0.4829,0.793,6.2235,0.3325,0.7186,0.445
VCB,2019-04-18,29.1,29.62,29.1,29.27,554820,29.49,29.11,27.69,-0.731,0.5554,5.6974,-0.3377,-0.7829,0.4608
VCB,2019-04-19,29.27,29.53,29.27,29.31,232550,29.5,29.14,27.79,-0.6284,0.5992,5.4852,-0.3455,-0.804,0.4107
VCB,2019-04-22,28.93,29.36,28.88,29.27,313210,29.49,29.16,27.89,-0.7455,0.377,4.9589,0.361,0.7499,0.412
VCB,2019-04-23,29.31,29.31,28.5,29.1,1260620,29.4,29.2,27.97,-1.0119,-0.3617,4.0382,1.2126,2.3239,0.4032
VCB,2019-04-24,29.1,29.83,29.1,29.53,684540,29.34,29.27,28.05,0.6465,0.8911,5.2583,0.1514,0.3474,0.393
VCB,2019-04-25,29.53,29.53,29.19,29.19,348700,29.29,29.32,28.12,-0.3533,-0.4485,3.7771,-0.6792,-1.5874,0.3855
VCB,2019-04-26,29.23,29.44,29.1,29.27,277260,29.26,29.34,28.19,0.0295,-0.2424,3.8385,0.0,0.0,0.3699
VCB,2019-05-02,29.14,29.27,28.62,28.84,628430,29.22,29.33,28.25,-1.2838,-1.6827,2.0719,-0.3199,-0.6098,0.39
VCB,2019-05-03,28.8,28.97,28.5,28.75,789780,29.19,29.31,28.31,-1.4771,-1.8974,1.5592,0.1071,0.2173,0.3847
VCB,2019-05-06,28.54,28.8,28.41,28.58,364560,29.11,29.28,28.38,-1.8214,-2.3995,0.7262,-0.0599,-0.1398,0.3574
VCB,2019-05-07,28.58,28.88,27.93,28.28,1103060,29.01,29.25,28.43,-2.526,-3.3161,-0.5337,-0.5149,-1.1721,0.3752
VCB,2019-05-08,27.85,28.28,27.85,28.06,947120,28.89,29.19,28.47,-2.8503,-3.8689,-1.4413,0.0,0.0,0.3406
VCB,2019-05-09,28.19,28.45,28.06,28.24,659180,28.78,29.14,28.5,-1.9021,-3.0922,-0.9407,-0.1116,-0.2741,0.3157
VCB,2019-05-10,28.24,28.5,28.11,28.28,554370,28.7,29.05,28.52,-1.4719,-2.649,-0.8554,-0.1109,-0.2727,0.2055
VCB,2019-05-13,28.37,28.5,28.28,28.41,475420,28.59,28.97,28.55,-0.6333,-1.9199,-0.4892,0.1391,0.2699,0.2043
VCB,2019-05-14,28.19,28.71,28.19,28.71,628480,28.54,28.92,28.59,0.589,-0.7082,0.4252,0.734,1.5027,0.2097
VCB,2019-05-15,28.75,29.06,28.67,28.8,734230,28.5,28.88,28.64,1.059,-0.2836,0.5358,-0.2982,-0.6275,0.2396
VCB,2019-05-16,28.8,29.06,28.8,28.8,412210,28.49,28.85,28.68,1.0743,-0.1942,0.3968,-0.5411,-1.0139,0.2617
VCB,2019-05-17,28.8,28.88,28.71,28.8,449040,28.5,28.84,28.72,1.059,-0.1495,0.2762,-0.0,-0.0,0.251
VCB,2019-05-20,28.8,29.36,28.75,29.23,607060,28.56,28.84,28.76,2.3396,1.3604,1.6309,0.5197,0.9842,0.2969
VCB,2019-05-21,29.27,29.49,29.19,29.19,473170,28.65,28.83,28.8,1.8658,1.2261,1.3291,-0.7217,-1.4163,0.3176
VCB,2019-05-22,29.1,29.57,28.88,28.97,662700,28.74,28.81,28.84,0.795,0.5386,0.4574,-0.6914,-1.4648,0.3868
VCB,2019-05-23,29.06,29.31,28.93,29.14,378440,28.83,28.81,28.88,1.0766,1.1597,0.9106,0.0567,0.1136,0.3813
VCB,2019-05-24,29.01,29.31,28.5,28.67,931250,28.87,28.79,28.91,-0.7018,-0.4118,-0.8469,-0.6895,-1.248,0.4391
VCB,2019-05-27,28.88,29.23,28.67,29.06,341320,28.94,28.76,28.94,0.4172,1.0192,0.4172,0.3281,0.642,0.458
VCB,2019-05-28,28.88,29.57,28.8,29.06,664400,28.97,28.76,28.95,0.2976,1.0419,0.3514,-0.3481,-0.566,0.4195
VCB,2019-05-29,29.14,29.36,28.97,29.1,313510,29.0,28.75,28.96,0.3419,1.2222,0.4823,-0.1525,-0.3054,0.4049
VCB,2019-05-30,29.1,29.36,29.01,29.19,320900,29.04,28.76,28.97,0.5048,1.4612,0.7291,0.0,0.0,0.3508
VCB,2019-05-31,29.1,29.31,28.8,28.97,712090,29.06,28.78,28.97,-0.2967,0.6742,-0.003,-0.3026,-0.6311,0.381
VCB,2019-06-03,28.67,28.97,27.59,28.67,593660,29.0,28.78,28.97,-1.1446,-0.3894,-1.0358,0.3705,0.8355,0.3661
VCB,2019-06-04,28.45,29.1,28.41,28.97,387780,28.98,28.81,28.97,-0.0298,0.5386,-0.0089,0.5641,1.3126,0.3503
VCB,2019-06-05,28.97,29.1,28.75,28.75,269120,28.96,28.85,28.97,-0.6997,-0.3288,-0.7559,-0.492,-1.1669,0.3304
VCB,2019-06-06,28.75,28.75,28.02,28.41,394550,28.88,28.86,28.96,-1.6418,-1.5536,-1.917,0.0445,0.0969,0.3292
VCB,2019-06-07,28.67,28.88,28.11,28.28,490880,28.84,28.86,28.97,-1.9579,-2.0018,-2.3664,-0.3818,-0.7586,0.2984
VCB,2019-06-10,28.8,29.1,28.45,28.75,585460,28.81,28.87,28.98,-0.2095,-0.418,-0.7647,-0.0709,-0.1551,0.2727
VCB,2019-06-11,28.67,29.1,28.67,29.06,280100,28.81,28.89,28.99,0.8378,0.567,0.2201,0.5358,1.0226,0.2915
VCB,2019-06-12,29.06,29.1,28.84,28.88,212910,28.79,28.9,28.99,0.3144,-0.0448,-0.3836,-0.264,-0.5448,0.3026
VCB,2019-06-13,28.88,29.1,28.62,29.01,546960,28.78,28.91,28.99,0.824,0.3654,0.0624,0.7624,1.4657,0.3789
VCB,2019-06-14,29.1,30.0,29.01,29.83,2478770,28.86,28.96,29.01,3.3607,3.0145,2.8446,3.5301,7.406,0.7016
VCB,2019-06-17,29.83,30.31,29.75,29.83,1018520,28.98,28.99,29.02,2.9456,2.9073,2.7926,-1.3469,-2.8473,0.7992
VCB,2019-06-18,29.75,30.39,29.4,30.31,958120,29.11,29.05,29.05,4.1019,4.3414,4.3305,1.327,2.5554,0.8755
VCB,2019-06-19,30.35,30.48,29.92,30.09,767310,29.25,29.1,29.07,2.8892,3.3998,3.524,-0.5586,-1.2788,0.8822
VCB,2019-06-20,30.05,30.82,30.0,30.82,934290,29.49,29.19,29.1,4.5322,5.613,5.9385,1.1264,2.5773,0.9904
VCB,2019-06-21,30.61,31.04,30.61,30.61,1785930,29.72,29.28,29.11,2.9881,4.527,5.1571,-1.9406,-3.3129,1.1463
VCB,2019-06-24,30.82,31.81,30.61,31.47,1407410,29.99,29.4,29.13,4.9303,7.0303,8.0169,1.0989,2.5333,1.2491
VCB,2019-06-25,31.38,31.38,31.04,31.21,390840,30.21,29.51,29.16,3.3253,5.7629,7.0183,0.0,0.0,1.1955
VCB,2019-06-26,31.21,31.25,30.39,30.39,918850,30.36,29.58,29.18,0.1136,2.7622,4.1482,-1.3459,-3.2973,1.3037
VCB,2019-06-27,30.61,30.61,29.92,29.96,1187150,30.45,29.61,29.19,-1.6138,1.1718,2.6254,-1.2947,-2.7726,1.3569
VCB,2019-06-28,30.0,31.04,29.49,30.39,830140,30.51,29.69,29.22,-0.3815,2.3817,4.0069,0.1814,0.3497,1.022
VCB,2019-07-01,30.61,31.0,30.56,30.74,565640,30.6,29.79,29.25,0.4508,3.1838,5.0847,-0.1729,-0.369,0.9046
VCB,2019-07-02,30.82,30.82,30.31,30.39,363020,30.61,29.86,29.27,-0.7042,1.783,3.8261,-0.4221,-0.9012,0.8142
VCB,2019-07-03,30.39,30.61,30.0,30.0,796720,30.6,29.92,29.29,-1.9442,0.2737,2.4524,-1.4505,-2.7039,0.9033
VCB,2019-07-04,30.18,31.25,30.05,31.25,1125010,30.64,30.06,29.33,1.9978,3.9576,6.5769,1.7616,3.3137,0.9669
VCB,2019-07-05,31.25,31.3,31.04,31.3,425620,30.71,30.22,29.37,1.909,3.5811,6.5641,0.7912,1.6238,0.8519
VCB,2019-07-08,31.04,31.17,30.61,30.74,723300,30.64,30.31,29.39,0.3236,1.3936,4.57,-0.7742,-1.6396,0.8195
VCB,2019-07-09,30.82,31.0,30.44,31.0,668550,30.62,30.41,29.43,1.2391,1.9208,5.3202,1.0385,2.0577,0.9233
VCB,2019-07-10,31.25,31.34,31.0,31.25,639160,30.7,30.53,29.47,1.7973,2.3722,6.0562,0.4784,0.9991,0.8365
VCB,2019-07-11,31.3,32.16,31.3,31.9,1286980,30.9,30.67,29.53,3.251,3.9983,8.026,0.7621,1.6368,0.7833
VCB,2019-07-12,31.9,32.12,31.73,31.77,926210,31.03,30.77,29.59,2.3753,3.2502,7.3687,-0.927,-2.0761,0.8578
VCB,2019-07-15,31.77,32.33,31.77,32.33,1089930,31.19,30.9,29.67,3.6484,4.6463,8.9863,1.8984,4.4214,1.0304
VCB,2019-07-16,32.55,33.63,32.5,33.28,1901200,31.48,31.05,29.77,5.71,7.1999,11.8063,0.9482,2.0009,1.083
VCB,2019-07-17,32.98,33.24,32.68,32.85,802350,31.77,31.18,29.86,3.4062,5.3432,10.0043,-0.4122,-0.9514,0.9792
VCB,2019-07-18,32.72,33.28,32.59,32.94,858680,31.94,31.29,29.96,3.1318,5.2632,9.9471,0.0,0.0,0.803
VCB,2019-07-19,32.94,34.4,32.94,34.06,1316760,32.21,31.46,30.07,5.728,8.2488,13.2519,0.7562,1.679,0.7995
VCB,2019-07-22,34.06,34.27,33.93,34.06,930520,32.54,31.59,30.18,4.6496,7.8057,12.8281,-0.3233,-0.7468,0.7544
VCB,2019-07-23,34.01,34.19,33.84,34.01,626060,32.85,31.73,30.29,3.5569,7.1938,12.2908,-0.0,-0.0001,0.6506
VCB,2019-07-24,34.27,34.27,32.98,33.15,1380620,33.03,31.87,30.38,0.3523,4.0243,9.1306,-1.27,-3.0271,0.7297
VCB,2019-07-25,33.15,33.54,33.06,33.5,457360,33.19,32.05,30.47,0.9091,4.5268,9.9259,0.4701,1.1781,0.7005
VCB,2019-07-26,33.5,34.36,33.41,33.84,942260,33.4,32.22,30.57,1.3165,5.0378,10.6912,-0.1288,-0.3334,0.6207
VCB,2019-07-29,33.84,34.92,33.75,34.92,986830,33.66,32.43,30.69,3.7397,7.6841,13.7928,1.565,3.6709,0.5874
VCB,2019-07-30,35.35,35.57,34.75,34.75,1133490,33.81,32.64,30.8,2.7799,6.4378,12.822,-1.2031,-2.7886,0.6129
VCB,2019-07-31,34.49,34.7,34.32,34.57,512820,33.98,32.87,30.91,1.7508,5.1734,11.855,0.2278,0.5727,0.5944
VCB,2019-08-01,34.57,34.7,34.36,34.7,538850,34.16,33.05,31.02,1.6029,5.016,11.8708,0.7079,1.6893,0.6652
VCB,2019-08-02,34.36,34.7,34.1,34.1,680000,34.16,33.19,31.13,-0.1767,2.754,9.5416,-0.901,-1.9469,0.6797
VCB,2019-08-05,34.14,34.36,33.24,33.37,857570,34.09,33.32,31.22,-2.1244,0.1488,6.8913,-0.8141,-1.5981,0.7288
VCB,2019-08-06,32.94,33.15,32.68,32.89,1172520,33.98,33.41,31.29,-3.1972,-1.5547,5.1138,-0.1391,-0.2954,0.7427
VCB,2019-08-07,32.89,33.8,32.89,33.8,567830,34.04,33.54,31.39,-0.7218,0.7712,7.6834,0.8764,2.0987,0.7033
VCB,2019-08-08,33.84,34.4,33.67,33.84,612530,34.08,33.64,31.48,-0.6958,0.6088,7.5019,-0.4164,-0.9974,0.698
VCB,2019-08-09,33.93,34.23,33.8,33.84,638630,34.08,33.74,31.58,-0.6958,0.3003,7.1702,-0.7115,-1.6999,0.7562
VCB,2019-08-12,33.84,33.97,33.28,33.5,475000,33.94,33.8,31.67,-1.2957,-0.8929,5.7546,-0.3177,-0.7502,0.6315
VCB,2019-08-13,33.28,33.41,32.72,32.89,809300,33.75,33.78,31.75,-2.5418,-2.6227,3.5925,-0.6217,-1.4049,0.5734
VCB,2019-08-14,33.63,33.63,32.89,32.89,354750,33.58,33.78,31.83,-2.0539,-2.6289,3.3231,-0.5917,-1.2297,0.6097
VCB,2019-08-15,32.16,34.06,32.16,34.06,510330,33.52,33.84,31.95,1.6077,0.6498,6.6012,0.5985,1.4686,0.5988
VCB,2019-08-16,33.54,33.88,33.54,33.58,551180,33.47,33.81,32.05,0.3478,-0.6821,4.7691,-0.5793,-1.1692,0.5666
VCB,2019-08-19,33.58,33.84,33.06,33.11,692740,33.44,33.77,32.14,-0.9926,-1.947,3.0098,-1.1871,-2.9975,0.6039
VCB,2019-08-20,33.54,33.54,33.06,33.15,453760,33.47,33.72,32.22,-0.9404,-1.6938,2.8817,-0.4177,-1.0876,0.6318
VCB,2019-08-21,33.15,34.62,33.06,34.49,1927720,33.53,33.79,32.33,2.841,2.0669,6.6581,1.9262,5.0603,0.7368
VCB,2019-08-22,34.57,34.66,34.32,34.49,762090,33.6,33.84,32.44,2.6431,1.9173,6.2982,-0.0,-0.0,0.6951
VCB,2019-08-23,34.49,34.57,34.14,34.14,451500,33.63,33.85,32.53,1.5254,0.8532,4.9563,-0.674,-1.5201,0.6914
VCB,2019-08-26,33.71,33.88,33.41,33.54,672220,33.63,33.78,32.6,-0.282,-0.7273,2.8665,-0.3619,-1.0349,0.6958
VCB,2019-08-27,33.71,33.97,32.76,32.98,1116480,33.64,33.7,32.66,-1.9733,-2.1301,0.9821,-0.8313,-2.0019,0.7168
VCB,2019-08-28,33.11,33.32,33.11,33.19,588810,33.67,33.63,32.72,-1.4211,-1.2884,1.4493,-0.1945,-0.5154,0.677
VCB,2019-08-29,33.15,33.37,32.98,33.11,422240,33.58,33.55,32.77,-1.3994,-1.3107,1.0447,-0.2454,-0.6255,0.6417
VCB,2019-08-30,33.19,33.5,33.19,33.5,280130,33.57,33.52,32.82,-0.2183,-0.0643,2.0489,0.4145,1.0685,0.6253
VCB,2019-09-03,33.54,33.58,33.06,33.54,580830,33.61,33.53,32.86,-0.218,0.0386,2.0515,0.6173,1.7165,0.5683
VCB,2019-09-04,33.41,33.41,33.15,33.32,527770,33.63,33.55,32.91,-0.9101,-0.6682,1.2655,0.2483,0.679,0.5513
VCB,2019-09-05,33.28,33.97,33.28,33.45,408900,33.53,33.53,32.97,-0.2186,-0.2314,1.4697,-0.4003,-1.0293,0.3987
VCB,2019-09-06,33.63,33.63,33.19,33.32,287990,33.41,33.5,33.04,-0.2581,-0.5404,0.8717,-0.2251,-0.6107,0.4213
VCB,2019-09-09,33.32,33.37,33.19,33.28,236440,33.32,33.48,33.09,-0.1294,-0.5859,0.5653,0.0,0.0,0.3539
VCB,2019-09-10,33.28,34.14,33.24,33.5,651950,33.32,33.48,33.15,0.5305,0.0579,1.0482,-0.424,-1.044,0.3601
VCB,2019-09-11,33.32,33.84,33.32,33.71,141450,33.39,33.52,33.22,0.9553,0.5788,1.4952,0.1322,0.3031,0.2902
VCB,2019-09-12,33.84,34.27,33.84,34.27,800240,33.5,33.59,33.3,2.3034,2.0408,2.9179,1.1202,2.8762,0.3827
VCB,2019-09-13,34.4,35.35,34.4,35.31,1408780,33.72,33.65,33.38,4.7047,4.926,5.7675,1.7964,4.7636,0.5378
VCB,2019-09-16,35.31,35.65,34.83,34.92,697310,33.86,33.72,33.45,3.119,3.5673,4.3787,-0.7226,-1.8616,0.5686
VCB,2019-09-17,34.79,35.05,34.7,34.96,896290,34.0,33.81,33.54,2.8144,3.4109,4.2443,0.632,1.5739,0.5701
VCB,2019-09-18,34.96,35.57,34.7,34.75,809820,34.15,33.89,33.61,1.7548,2.5315,3.3705,-0.9837,-2.456,0.6437
VCB,2019-09-19,34.92,35.22,34.7,35.13,527230,34.32,33.92,33.69,2.3869,3.5776,4.284,0.4189,1.2943,0.6455
VCB,2019-09-20,35.13,35.69,34.92,34.92,2794080,34.47,33.94,33.75,1.288,2.8767,3.4588,-2.8553,-4.5724,0.9085
VCB,2019-09-23,35.18,35.31,34.06,34.06,1187100,34.55,33.94,33.8,-1.4348,0.3493,0.7679,-1.5799,-4.1795,1.0665
VCB,2019-09-24,34.27,34.83,34.01,34.75,791470,34.68,34.0,33.85,0.1989,2.2,2.6621,1.0692,2.8977,1.1311
VCB,2019-09-25,34.49,34.88,34.23,34.79,729340,34.79,34.09,33.88,0.0124,2.055,2.6979,0.9405,2.5014,1.2119
VCB,2019-09-26,34.79,35.05,34.62,34.92,1040190,34.85,34.18,33.92,0.1979,2.176,2.9539,0.5128,1.3872,1.1511
VCB,2019-09-27,35.05,35.82,34.83,35.74,1388490,34.89,34.31,33.97,2.4216,4.1719,5.1951,1.4907,4.0044,1.1206
VCB,2019-09-30,35.74,35.91,35.31,35.39,775770,34.94,34.4,34.0,1.2955,2.8822,4.098,-0.6657,-1.8513,1.1149
VCB,2019-10-01,35.39,36.04,35.26,35.95,795100,35.04,34.52,34.04,2.6083,4.1458,5.6284,0.7548,2.2648,1.1272
VCB,2019-10-02,35.95,36.08,35.22,35.35,1224650,35.1,34.62,34.06,0.7124,2.098,3.7738,-1.2277,-3.0503,1.1516
VCB,2019-10-03,35.26,35.35,34.75,35.35,1003810,35.12,34.72,34.11,0.6505,1.8191,3.64,1.1094,2.9429,1.2206
VCB,2019-10-04,35.35,36.0,35.26,35.78,1121700,35.21,34.84,34.15,1.6285,2.6973,4.7636,0.5425,1.4853,0.9893
VCB,2019-10-07,36.21,36.43,35.69,35.69,1134390,35.37,34.96,34.19,0.9141,2.0962,4.3978,-1.4217,-3.8315,0.9735
VCB,2019-10-08,35.69,36.77,35.69,36.69,1461940,35.57,35.12,34.23,3.1515,4.4556,7.1869,1.4688,4.4774,1.0135
VCB,2019-10-09,36.69,36.94,36.43,36.43,860160,35.73,35.26,34.26,1.9546,3.3197,6.3268,-1.1871,-3.5329,1.0381
VCB,2019-10-10,36.6,36.73,36.43,36.47,753670,35.88,35.37,34.3,1.6338,3.1204,6.3349,-0.8469,-2.2941,1.0715
VCB,2019-10-11,36.43,36.82,36.38,36.77,730370,35.99,35.44,34.34,2.1802,3.7587,7.0855,1.0598,2.5098,1.0285
VCB,2019-10-14,36.86,37.07,36.64,36.64,620800,36.11,35.53,34.39,1.4683,3.1428,6.551,-0.7635,-2.1911,1.0382
VCB,2019-10-15,36.64,36.82,36.51,36.73,648400,36.19,35.61,34.46,1.489,3.129,6.5933,0.482,1.4843,1.0109
VCB,2019-10-16,37.16,37.2,36.94,37.12,668740,36.37,35.73,34.54,2.0626,3.8726,7.4558,0.3786,1.0355,0.926
VCB,2019-10-17,37.25,37.25,36.56,36.73,1023870,36.51,35.81,34.6,0.6141,2.5579,6.1523,-0.8737,-2.1611,0.9025
VCB,2019-10-18,36.86,36.99,36.56,36.64,417240,36.59,35.9,34.66,0.1414,2.0715,5.7319,-0.4079,-1.169,0.889
VCB,2019-10-21,36.6,36.6,36.04,36.3,561470,36.65,36.01,34.71,-0.9645,0.7961,4.5885,-0.0645,-0.2132,0.7533
VCB,2019-10-22,36.3,36.99,36.3,36.82,473090,36.66,36.11,34.77,0.4115,1.9397,5.8765,0.3627,0.9936,0.6427
VCB,2019-10-23,36.86,36.99,36.47,36.77,538120,36.7,36.21,34.85,0.1997,1.5416,5.5171,0.1463,0.4766,0.5386
VCB,2019-10-24,36.77,37.51,36.69,37.46,660180,36.8,36.34,34.94,1.8041,3.0842,7.2151,1.1408,2.6135,0.568
VCB,2019-10-25,37.46,38.15,37.33,37.94,838210,36.91,36.45,35.02,2.7677,4.0743,8.3317,0.7493,2.0615,0.5369
VCB,2019-10-28,37.94,38.02,37.68,37.68,383850,37.02,36.57,35.1,1.7818,3.0417,7.342,-0.6685,-1.9544,0.5274
VCB,2019-10-29,37.68,37.72,37.2,37.25,702620,37.07,36.63,35.18,0.4768,1.683,5.8642,-0.9614,-2.8811,0.5754
VCB,2019-10-30,37.12,38.02,37.12,37.85,607710,37.14,36.76,35.28,1.9034,2.9791,7.293,0.6262,1.6545,0.6001
VCB,2019-10-31,37.98,38.15,37.76,37.81,319340,37.25,36.88,35.34,1.4929,2.5191,6.9695,-0.3385,-0.9839,0.5466
VCB,2019-11-01,37.81,38.54,37.72,38.28,1071470,37.41,37.0,35.42,2.3159,3.4543,8.0792,0.5041,1.0422,0.5562
VCB,2019-11-04,38.5,39.88,38.5,39.66,1091260,37.75,37.2,35.53,5.0588,6.611,11.6261,0.8437,2.52,0.6342
VCB,2019-11-05,39.7,39.88,39.1,39.14,616630,37.98,37.32,35.64,3.053,4.8741,9.8237,-0.7616,-1.8624,0.6741
VCB,2019-11-06,39.14,39.79,39.1,39.23,673230,38.23,37.46,35.77,2.6162,4.7121,9.6809,-0.5994,-1.7113,0.7194
VCB,2019-11-07,39.23,39.62,39.23,39.36,360850,38.42,37.61,35.89,2.4461,4.6538,9.6644,-0.1982,-0.5921,0.6251
VCB,2019-11-08,39.36,39.62,39.14,39.45,416510,38.57,37.74,36.02,2.2689,4.5117,9.5179,0.1806,0.5186,0.5682
VCB,2019-11-11,39.57,39.57,39.23,39.36,423790,38.74,37.88,36.13,1.6025,3.9094,8.9239,-0.1485,-0.4794,0.5162
VCB,2019-11-12,39.4,39.7,39.36,39.53,595820,38.97,38.02,36.25,1.4493,3.98,9.0394,-0.0,-0.0,0.4201
VCB,2019-11-13,39.75,39.75,38.8,39.01,706550,39.08,38.11,36.37,-0.1765,2.364,7.2758,-0.4594,-1.3949,0.4034
VCB,2019-11-14,39.01,39.4,38.88,39.19,375320,39.22,38.24,36.48,-0.0879,2.4861,7.4113,0.082,0.2616,0.3777
VCB,2019-11-15,38.8,39.23,38.54,38.67,565270,39.26,38.34,36.59,-1.5043,0.8658,5.6836,-0.5439,-2.0283,0.3817
VCB,2019-11-18,38.58,38.76,37.72,37.76,700550,39.07,38.41,36.68,-3.3433,-1.6835,2.9571,-0.986,-2.6054,0.3959
VCB,2019-11-19,37.94,39.23,37.94,39.23,526560,39.08,38.53,36.79,0.3861,1.8125,6.6198,0.9459,2.3504,0.4144
VCB,2019-11-20,39.23,39.23,38.58,38.58,516280,39.01,38.62,36.89,-1.105,-0.1005,4.5854,-0.8449,-2.4282,0.4389
VCB,2019-11-21,38.41,38.67,37.72,37.72,1000670,38.85,38.63,36.96,-2.9072,-2.3655,2.0575,-1.3356,-3.0603,0.5527
VCB,2019-11-22,37.76,38.15,36.73,36.86,1346230,38.59,38.58,36.99,-4.4906,-4.4639,-0.3589,-1.2559,-3.7788,0.6602
VCB,2019-11-25,36.86,37.07,35.61,36.43,1445550,38.3,38.52,37.02,-4.8852,-5.4281,-1.6046,0.3073,0.8004,0.6761
VCB,2019-11-26,36.43,36.99,36.43,36.51,727130,38.0,38.48,37.05,-3.9029,-5.114,-1.4543,-0.9836,-2.0734,0.7744
VCB,2019-11-27,36.86,37.51,36.77,37.2,484360,37.82,38.45,37.1,-1.6188,-3.2403,0.2742,0.1511,0.4292,0.7436
VCB,2019-11-28,37.07,37.2,36.6,36.77,494650,37.57,38.4,37.13,-2.134,-4.2326,-0.9752,-0.3177,-0.7646,0.7672
VCB,2019-11-29,36.9,36.99,36.64,36.77,318000,37.38,38.32,37.17,-1.6375,-4.0441,-1.0739,-0.141,-0.3567,0.7269
VCB,2019-12-02,36.77,36.94,35.78,36.0,438800,37.21,38.14,37.21,-3.2557,-5.6177,-3.2624,-0.3344,-0.849,0.6617
VCB,2019-12-03,35.78,36.26,35.35,35.35,635370,36.82,37.95,37.22,-3.9925,-6.8499,-5.031,-0.9603,-2.1963,0.6632
VCB,2019-12-04,35.31,36.56,35.13,36.51,376730,36.61,37.81,37.26,-0.2708,-3.4373,-1.9948,0.5483,1.3953,0.6335
VCB,2019-12-05,36.64,36.94,36.47,36.56,378490,36.5,37.67,37.29,0.1654,-2.9637,-1.9653,-0.5222,-1.1014,0.5522
VCB,2019-12-06,36.56,36.73,36.38,36.6,256400,36.47,37.53,37.31,0.3546,-2.481,-1.8951,0.1293,0.3294,0.4395
VCB,2019-12-09,36.6,36.94,36.38,36.73,400740,36.5,37.4,37.33,0.6259,-1.7924,-1.6189,0.1284,0.3487,0.4216
VCB,2019-12-10,36.77,37.03,36.64,36.82,512290,36.53,37.26,37.35,0.7788,-1.2032,-1.4335,-0.1003,-0.2564,0.3333
VCB,2019-12-11,37.07,37.07,36.73,37.03,415080,36.51,37.16,37.38,1.4168,-0.3596,-0.9456,0.5377,1.4862,0.3719
VCB,2019-12-12,37.12,37.94,37.07,37.72,464750,36.61,37.09,37.43,3.0381,1.6969,0.7716,0.41,1.0919,0.3812
VCB,2019-12-13,37.98,38.15,37.72,38.11,746800,36.74,37.06,37.48,3.7194,2.8206,1.6817,0.8845,2.6242,0.4555
VCB,2019-12-16,38.11,38.11,36.64,37.07,665550,36.85,37.03,37.51,0.6083,0.1222,-1.1517,-0.4404,-1.3892,0.4661
VCB,2019-12-17,37.25,37.51,36.77,36.77,266250,36.99,36.91,37.51,-0.5943,-0.3621,-1.9608,-0.3295,-1.2604,0.4031
VCB,2019-12-18,36.82,37.38,36.77,37.38,845740,37.08,36.85,37.53,0.8022,1.4391,-0.4021,1.4794,3.7363,0.4962
VCB,2019-12-19,37.38,38.02,37.07,37.94,1014960,37.22,36.86,37.56,1.9344,2.93,1.0124,1.5078,4.5234,0.5947
VCB,2019-12-20,37.94,38.15,37.85,38.07,389360,37.36,36.92,37.58,1.8807,3.112,1.287,0.2395,0.692,0.6058
VCB,2019-12-23,38.32,39.23,38.32,39.19,937250,37.61,37.05,37.63,4.1953,5.753,4.1285,1.0486,3.0012,0.6978
VCB,2019-12-24,39.14,39.14,38.32,38.8,507600,37.81,37.17,37.67,2.6226,4.3841,2.9843,0.1338,0.4304,0.7011
VCB,2019-12-25,38.8,39.19,38.37,38.76,230880,37.98,37.25,37.71,2.0431,4.0509,2.7804,-0.0178,-0.0663,0.6491
VCB,2019-12-26,39.01,39.01,38.37,38.54,404110,38.06,37.33,37.74,1.2572,3.2273,2.1107,-0.3195,-1.1426,0.6401
VCB,2019-12-27,38.5,39.01,38.07,39.01,498870,38.15,37.45,37.79,2.2599,4.1847,3.2374,0.8029,2.7582,0.6319
VCB,2019-12-30,39.36,40.1,39.14,39.58,660140,38.4,37.63,37.86,3.0614,5.1873,4.548,-0.0836,-0.2434,0.5962
VCB,2019-12-31,39.4,39.62,39.19,39.23,230770,38.65,37.82,37.9,1.5058,3.7277,3.4968,-0.3233,-0.9734,0.5956
VCB,2020-01-02,39.23,39.75,39.01,39.49,386290,38.86,37.97,37.96,1.6248,4.0084,4.0361,0.1834,0.6366,0.466
VCB,2020-01-03,39.8,39.93,39.1,39.1,536130,38.98,38.1,37.99,0.3173,2.6338,2.9161,-0.7841,-2.5742,0.3937
VCB,2020-01-06,38.8,38.93,38.06,38.06,880110,38.97,38.17,37.99,-2.3583,-0.2967,0.1623,-1.432,-4.2222,0.5129
VCB,2020-01-07,37.84,38.23,37.14,38.19,1013270,38.87,38.24,38.0,-1.7714,-0.1454,0.4788,1.7204,5.525,0.5801
VCB,2020-01-08,37.79,38.23,37.49,37.84,722280,38.78,38.29,38.02,-2.4254,-1.1874,-0.4677,-0.0483,-0.1697,0.5715
VCB,2020-01-09,38.14,38.66,38.14,38.58,722670,38.76,38.37,38.03,-0.4732,0.5404,1.4384,0.8086,2.4306,0.6506
VCB,2020-01-10,38.58,39.32,38.23,38.93,1526920,38.8,38.43,38.05,0.3247,1.2882,2.2931,0.4958,1.7087,0.6683
VCB,2020-01-13,38.71,39.06,38.71,38.88,1044640,38.79,38.47,38.06,0.2467,1.0734,2.1465,0.0001,0.0002,0.588
VCB,2020-01-14,38.93,39.14,38.75,38.88,1001130,38.72,38.56,38.05,0.4269,0.8364,2.1884,-0.549,-1.82,0.6345
VCB,2020-01-15,38.97,38.97,38.62,38.84,1471860,38.68,38.66,38.04,0.416,0.4545,2.0904,0.6334,2.0929,0.6655
VCB,2020-01-16,38.84,39.27,38.66,38.93,1171580,38.62,38.74,38.04,0.7883,0.4781,2.3354,-0.2357,-0.7932,0.6708
VCB,2020-01-17,38.93,41.1,38.93,41.1,2219790,38.82,38.9,38.07,5.8705,5.66,7.9536,3.8363,11.8167,0.976
VCB,2020-01-20,41.1,41.23,40.67,40.88,832190,39.1,39.04,38.1,4.549,4.7217,7.3014,-0.3473,-1.1084,0.8675
VCB,2020-01-21,40.84,41.14,40.71,40.88,749590,39.37,39.12,38.13,3.833,4.4947,7.2157,-0.1861,-0.6102,0.7141
VCB,2020-01-22,40.88,41.32,40.49,40.62,877710,39.65,39.22,38.15,2.446,3.5864,6.4704,-0.8562,-2.754,0.7949
VCB,2020-01-30,40.06,40.19,37.84,38.66,3541560,39.66,39.21,38.15,-2.5113,-1.393,1.3592,-1.1071,-3.184,0.8247
VCB,2020-01-31,38.27,39.06,38.14,38.58,1270160,39.63,39.21,38.13,-2.6452,-1.6195,1.1635,-0.0374,-0.1187,0.7789
VCB,2020-02-03,36.58,39.23,36.1,38.58,1457070,39.6,39.19,38.13,-2.5703,-1.5648,1.1684,0.5552,1.9215,0.8344
VCB,2020-02-04,38.71,39.06,38.14,39.06,1118410,39.61,39.16,38.16,-1.4054,-0.2776,2.3536,0.9947,3.2089,0.879
VCB,2020-02-05,39.23,39.32,38.62,38.66,731310,39.6,39.14,38.15,-2.3506,-1.2058,1.3578,-0.7419,-2.3038,0.8898
VCB,2020-02-06,38.71,39.53,38.62,38.88,889570,39.59,39.11,38.15,-1.7906,-0.5728,1.912,-0.2837,-0.8871,0.8946
VCB,2020-02-07,39.06,39.49,38.71,39.14,1170540,39.4,39.11,38.18,-0.6403,0.089,2.5195,0.1387,0.4267,0.5248
VCB,2020-02-10,38.8,38.93,38.49,38.66,607060,39.17,39.14,38.22,-1.299,-1.2113,1.1707,-0.2041,-0.7233,0.5105
VCB,2020-02-11,38.71,38.93,38.66,38.8,520210,38.96,39.17,38.26,-0.4353,-0.9549,1.3865,0.0,0.0,0.4919
VCB,2020-02-12,39.06,39.06,38.75,38.88,609750,38.79,39.22,38.31,0.2355,-0.8649,1.4883,-0.0932,-0.3017,0.4156
VCB,2020-02-13,38.8,38.93,38.62,38.84,633270,38.81,39.23,38.34,0.0784,-1.0088,1.2883,0.3633,1.283,0.3412
VCB,2020-02-14,38.71,39.06,38.71,38.84,432800,38.83,39.23,38.39,0.0112,-0.9978,1.1792,-0.1663,-0.5408,0.3541
VCB,2020-02-17,38.84,39.1,38.75,38.88,343900,38.86,39.23,38.43,0.0448,-0.8869,1.1813,-0.1398,-0.442,0.3126
VCB,2020-02-18,38.97,38.97,38.71,38.88,432880,38.85,39.23,38.49,0.0896,-0.8869,1.0296,0.1934,0.5976,0.2324
VCB,2020-02-19,38.71,38.93,38.71,38.93,208280,38.87,39.23,38.56,0.1343,-0.787,0.955,0.3033,1.1367,0.1886
VCB,2020-02-20,39.01,39.32,38.8,38.93,541120,38.88,39.23,38.61,0.1231,-0.787,0.8289,-0.2592,-0.9763,0.1861
VCB,2020-02-21,38.93,38.93,38.71,38.71,898350,38.83,39.11,38.65,-0.3248,-1.0396,0.154,-1.0306,-3.5688,0.2753
VCB,2020-02-24,37.4,38.27,37.4,37.93,995910,38.76,38.97,38.68,-2.1544,-2.6731,-1.9389,0.1066,0.4085,0.2656
VCB,2020-02-25,37.4,37.84,37.32,37.49,1229530,38.63,38.8,38.69,-2.9498,-3.3687,-3.1016,-0.2909,-1.0708,0.2946
VCB,2020-02-26,37.4,37.4,36.53,36.97,1163030,38.44,38.61,38.69,-3.8244,-4.2631,-4.4581,0.0,0.0001,0.2853
VCB,2020-02-27,36.53,36.79,36.06,36.53,1227980,38.21,38.51,38.68,-4.3825,-5.1276,-5.5578,0.342,1.1055,0.2832
VCB,2020-02-28,34.84,36.27,34.84,35.84,1710080,37.91,38.37,38.65,-5.4612,-6.6024,-7.2664,0.5621,2.1583,0.3228
VCB,2020-03-02,35.45,35.75,35.36,35.58,668980,37.58,38.22,38.6,-5.3241,-6.9185,-7.8208,0.049,0.1912,0.3137
VCB,2020-03-03,36.32,36.32,35.75,35.75,848270,37.26,38.06,38.57,-4.0616,-6.0572,-7.3065,-0.6896,-2.7717,0.3633
VCB,2020-03-04,35.66,35.66,35.23,35.53,581530,36.92,37.9,38.54,-3.7691,-6.2428,-7.8111,0.1489,0.6134,0.3479
VCB,2020-03-05,35.75,36.36,35.75,36.14,833710,36.65,37.76,38.52,-1.3767,-4.2903,-6.1713,0.1576,0.6263,0.3377
VCB,2020-03-06,36.1,37.27,35.66,36.75,884750,36.45,37.64,38.5,0.8233,-2.3686,-4.5318,0.3925,1.4124,0.2739
VCB,2020-03-09,34.36,35.19,34.18,34.18,1209500,36.08,37.42,38.42,-5.2441,-8.6418,-11.0182,-0.5348,-1.7356,0.3167
VCB,2020-03-10,33.92,34.75,32.79,34.75,1433230,35.8,37.22,38.33,-2.9398,-6.6262,-9.3371,1.183,3.8433,0.406
VCB,2020-03-11,34.97,34.97,32.36,33.49,1806190,35.45,36.95,38.22,-5.5446,-9.3584,-12.385,-0.1253,-0.4467,0.4185
VCB,2020-03-12,31.31,31.75,31.18,31.18,1582400,34.92,36.56,38.07,-10.6987,-14.7139,-18.0912,-0.7682,-2.3816,0.4611
VCB,2020-03-13,29.01,31.75,29.01,30.88,1859750,34.42,36.17,37.92,-10.2969,-14.6173,-18.5631,0.4066,1.1992,0.4456
VCB,2020-03-16,30.88,30.88,28.92,29.18,1022550,33.78,35.68,37.72,-13.62,-18.2106,-22.6352,-0.5538,-1.632,0.496
VCB,2020-03-17,27.66,29.36,27.66,29.36,1364590,33.15,35.2,37.52,-11.429,-16.6101,-21.75,0.9052,2.6577,0.5176
VCB,2020-03-18,29.57,30.75,29.57,30.14,1099800,32.61,34.77,37.34,-7.563,-13.3046,-19.2722,-0.0312,-0.1091,0.5058
VCB,2020-03-19,29.27,29.88,28.7,28.7,1191150,31.86,34.25,37.12,-9.9099,-16.2011,-22.6695,-0.9062,-2.9284,0.5807
VCB,2020-03-20,28.7,28.84,26.75,26.75,2763360,30.86,33.66,36.87,-13.3315,-20.5272,-27.4593,-2.1684,-5.3006,0.7583
VCB,2020-03-23,25.05,25.44,24.88,24.88,1875070,29.93,33.0,36.61,-16.8846,-24.6228,-32.0455,-0.8693,-2.4269,0.7917
VCB,2020-03-24,24.88,25.4,24.62,25.23,1498070,28.98,32.39,36.35,-12.9521,-22.1215,-30.6038,0.6783,1.77,0.7413
VCB,2020-03-25,26.1,26.97,25.96,26.97,1835730,28.33,31.89,36.13,-4.8058,-15.4449,-25.3713,1.6458,3.7333,0.8933
VCB,2020-03-26,26.97,28.14,26.75,27.49,1484590,27.96,31.44,35.91,-1.6801,-12.5683,-23.457,0.0801,0.2181,0.8245
VCB,2020-03-27,27.79,28.66,27.18,27.88,1569620,27.66,31.04,35.69,0.802,-10.1863,-21.8864,-0.0893,-0.2572,0.7928
VCB,2020-03-30,26.14,26.7,26.01,26.53,1637330,27.39,30.59,35.44,-3.1438,-13.266,-25.146,0.5975,2.0708,0.7971
VCB,2020-03-31,26.79,27.88,26.1,26.97,957500,27.15,30.15,35.2,-0.6888,-10.5597,-23.4038,-0.0263,-0.1098,0.7092
VCB,2020-04-01,26.79,28.66,26.75,28.27,1229320,26.97,29.79,34.99,4.8387,-5.0887,-19.2125,0.7112,2.5093,0.7772
VCB,2020-04-03,28.27,28.84,27.84,28.49,1726690,26.94,29.4,34.78,5.7304,-3.1137,-18.1025,0.4284,1.2731,0.7295
VCB,2020-04-06,29.36,29.71,28.7,29.57,2111200,27.23,29.04,34.55,8.6262,1.8269,-14.4094,0.8131,2.188,0.5939
VCB,2020-04-07,29.57,30.01,29.05,29.66,1773570,27.7,28.82,34.33,7.0644,2.9279,-13.5965,0.3428,1.0535,0.5413
VCB,2020-04-08,29.14,29.66,29.05,29.36,1778380,28.12,28.55,34.1,4.4083,2.8336,-13.9053,-0.0,-0.0001,0.4734
VCB,2020-04-09,29.57,31.31,29.57,30.88,1795170,28.51,28.42,33.9,8.3143,8.6624,-8.9207,0.6445,2.0643,0.3733
VCB,2020-04-10,30.88,31.27,30.27,30.71,1599380,28.83,28.39,33.74,6.5017,8.1412,-9.0066,-0.2084,-0.7047,0.3861
VCB,2020-04-13,30.71,31.23,30.44,30.79,1046830,29.12,28.39,33.59,5.7348,8.4642,-8.3258,-0.119,-0.3403,0.3891
VCB,2020-04-14,30.66,30.79,29.49,30.4,1944570,29.51,28.45,33.43,3.0214,6.8562,-9.0483,0.6092,2.0454,0.3903
VCB,2020-04-15,30.31,31.01,30.31,30.84,1017740,29.9,28.52,33.26,3.1423,8.104,-7.2912,0.3812,1.1628,0.4258
VCB,2020-04-16,30.44,30.97,30.36,30.97,1057050,30.17,28.57,33.11,2.6528,8.4044,-6.4659,1.0818,3.0644,0.4628
VCB,2020-04-17,31.1,31.23,30.84,31.05,1473140,30.42,28.68,32.95,2.0729,8.2638,-5.7575,0.0993,0.3063,0.4299
VCB,2020-04-20,31.18,31.49,30.79,31.27,1026030,30.59,28.91,32.79,2.2178,8.1691,-4.6419,0.2079,0.6653,0.3694
VCB,2020-04-21,30.88,31.1,29.49,31.1,2159110,30.74,29.22,32.64,1.1745,6.4226,-4.7327,0.8246,2.8382,0.4176
VCB,2020-04-22,30.01,30.92,30.01,30.14,1612290,30.81,29.47,32.47,-2.1877,2.2878,-7.1718,-0.8736,-2.5717,0.5049
VCB,2020-04-23,30.88,30.88,29.92,30.1,1201610,30.74,29.62,32.29,-2.0801,1.6003,-6.8014,-0.7546,-2.3203,0.516
VCB,2020-04-24,30.1,30.27,29.36,29.97,972170,30.66,29.75,32.12,-2.2695,0.7384,-6.6927,0.2835,0.842,0.5235
VCB,2020-04-27,30.4,30.4,29.05,29.05,2547060,30.49,29.81,31.92,-4.7076,-2.5244,-8.9819,-1.8264,-4.5798,0.6942
VCB,2020-04-28,29.05,29.79,28.36,29.14,2052860,30.36,29.94,31.72,-4.0252,-2.6587,-8.1487,0.204,0.5559,0.6537
VCB,2020-04-29,29.14,29.62,29.14,29.57,1523750,30.24,30.07,31.54,-2.1864,-1.6346,-6.2276,1.1942,3.1129,0.735
VCB,2020-05-04,29.57,29.62,29.05,29.31,852260,30.07,30.12,31.35,-2.5166,-2.6715,-6.485,-0.0543,-0.1729,0.6322
VCB,2020-05-05,29.27,29.44,29.05,29.05,1007640,29.87,30.15,31.15,-2.7373,-3.6284,-6.73,-1.4882,-3.4108,0.7711
VCB,2020-05-06,29.27,29.44,28.92,29.4,855770,29.68,30.14,30.96,-0.9524,-2.4461,-5.0455,0.5626,1.322,0.8066
VCB,2020-05-07,29.49,30.31,29.44,30.31,1936540,29.61,30.17,30.81,2.3946,0.4757,-1.612,1.6113,4.3487,0.8852
VCB,2020-05-08,30.44,32.27,30.36,31.97,3865590,29.79,30.3,30.7,7.3149,5.4973,4.1254,1.5395,4.4681,0.9518
VCB,2020-05-11,31.97,32.4,31.53,32.4,1696160,30.02,30.38,30.61,7.9397,6.6648,5.8569,1.1328,3.1421,0.9897
VCB,2020-05-12,32.45,33.05,32.36,32.88,2199500,30.31,30.49,30.54,8.4804,7.8536,7.677,0.6803,1.847,1.0293
VCB,2020-05-13,32.88,33.27,31.31,32.88,1851970,30.69,30.59,30.48,7.1277,7.4856,7.886,0.6506,1.9499,0.9118
VCB,2020-05-14,32.62,33.23,32.58,33.05,2121750,31.08,30.72,30.43,6.3383,7.5878,8.6366,0.7582,2.2723,0.9672
VCB,2020-05-15,33.23,33.27,32.88,33.05,1596240,31.43,30.83,30.37,5.1612,7.2008,8.8295,-0.1057,-0.3487,0.8583
VCB,2020-05-18,33.18,34.36,32.97,34.14,1002690,31.91,30.99,30.34,6.9774,10.16,12.5125,0.4975,1.5563,0.9027
VCB,2020-05-19,34.75,34.84,34.27,34.36,1129270,32.45,31.16,30.31,5.8981,10.2736,13.3624,-0.4968,-1.536,0.8035
VCB,2020-05-20,34.1,34.66,34.1,34.62,710200,32.97,31.33,30.27,5.0132,10.5172,14.3843,0.4348,1.1945,0.7907
VCB,2020-05-21,34.79,35.32,34.62,35.32,1425500,33.47,31.54,30.29,5.5231,11.9845,16.5963,0.9678,2.8808,0.7264
VCB,2020-05-22,35.32,35.36,34.79,35.23,805710,33.79,31.79,30.3,4.2471,10.8147,16.2724,0.2433,0.878,0.5968
VCB,2020-05-25,35.19,35.36,35.14,35.27,708710,34.08,32.05,30.33,3.4967,10.0556,16.2791,0.1063,0.3406,0.4941
VCB,2020-05-26,35.23,35.92,35.23,35.88,740930,34.38,32.35,30.43,4.3643,10.9318,17.9212,0.3816,1.2493,0.4643
VCB,2020-05-27,36.1,36.71,36.06,36.06,817770,34.7,32.7,30.53,3.9108,10.276,18.0912,-0.3051,-0.9448,0.4297
VCB,2020-05-28,36.1,37.01,36.1,36.75,1849310,35.07,33.08,30.68,4.7997,11.1111,19.7766,0.7527,2.4408,0.4292
VCB,2020-05-29,36.97,37.4,36.75,37.06,1161180,35.47,33.45,30.84,4.4758,10.7788,20.1659,-0.0593,-0.245,0.4245
VCB,2020-06-01,37.19,37.71,37.19,37.62,725310,35.82,33.87,30.99,5.0395,11.0897,21.4103,0.2514,0.9897,0.3999
VCB,2020-06-02,37.79,37.79,37.53,37.66,1009040,36.15,34.3,31.17,4.1992,9.8218,20.8518,-0.0,-0.0001,0.3502
VCB,2020-06-03,37.84,38.23,37.79,38.23,462750,36.51,34.74,31.4,4.7177,10.0538,21.7688,0.2543,1.143,0.3322
VCB,2020-06-04,38.27,38.71,38.27,38.71,450240,36.85,35.16,31.67,5.0519,10.1008,22.2158,0.2161,0.8248,0.257
VCB,2020-06-05,38.75,38.84,37.84,38.71,810570,37.19,35.49,31.94,4.0692,9.0553,21.1841,0.2442,1.1632,0.2571
VCB,2020-06-08,38.71,39.23,38.45,38.88,802240,37.56,35.82,32.18,3.5321,8.5544,20.8272,0.0349,0.1595,0.25
VCB,2020-06-09,39.1,39.14,38.88,38.93,417690,37.86,36.12,32.41,2.8145,7.7664,20.1084,-0.1411,-0.5213,0.2259
VCB,2020-06-10,38.93,39.06,38.84,38.97,793590,38.15,36.42,32.63,2.1432,6.9851,19.4253,0.0744,0.2976,0.2028
VCB,2020-06-11,38.93,38.97,37.84,38.27,1163900,38.3,36.69,32.87,-0.0795,4.3272,16.4545,-0.0547,-0.2067,0.133
VCB,2020-06-12,35.88,37.62,35.88,37.23,1612920,38.32,36.89,33.07,-2.8487,0.9077,12.5753,0.2222,0.9558,0.1493
VCB,2020-06-15,37.23,37.32,35.58,35.66,1218540,38.13,36.97,33.22,-6.4568,-3.5351,7.3608,-0.453,-1.4947,0.1695
VCB,2020-06-16,36.53,36.53,35.84,36.4,802980,38.0,37.07,33.38,-4.2005,-1.8067,9.0667,0.2836,1.0537,0.1978
VCB,2020-06-17,36.97,37.06,36.45,36.62,737830,37.84,37.17,33.52,-3.2184,-1.4859,9.257,-0.2232,-0.9837,0.1947
VCB,2020-06-18,36.53,37.62,36.49,36.97,1809780,37.66,37.26,33.66,-1.8476,-0.7705,9.8163,-0.275,-0.9918,0.2006
VCB,2020-06-19,36.97,37.4,36.97,37.14,723970,37.51,37.35,33.82,-0.974,-0.5589,9.8251,-0.0654,-0.2415,0.1827
VCB,2020-06-22,37.19,37.23,36.97,37.19,1308600,37.34,37.45,33.95,-0.4077,-0.6969,9.5452,0.557,2.2852,0.235
VCB,2020-06-23,37.19,37.84,37.1,37.4,917230,37.19,37.52,34.08,0.5848,-0.3187,9.7527,-0.104,-0.4454,0.2312
VCB,2020-06-24,37.4,37.4,36.58,36.84,710160,36.97,37.56,34.2,-0.3647,-1.9279,7.7115,-0.1455,-0.6212,0.2384
VCB,2020-06-25,35.97,36.71,35.97,36.4,506650,36.79,37.54,34.32,-1.0404,-3.0408,6.0675,0.0617,0.2711,0.2391
VCB,2020-06-26,36.58,36.84,36.1,36.23,355930,36.69,37.5,34.43,-1.2448,-3.3979,5.2299,-0.2012,-0.8402,0.237
VCB,2020-06-29,36.23,36.23,35.27,35.45,594140,36.66,37.39,34.52,-3.3215,-5.2105,2.6888,-0.2275,-0.9389,0.2144
VCB,2020-06-30,35.88,35.88,34.79,34.92,709990,36.52,37.26,34.6,-4.3592,-6.2628,0.9504,-0.4893,-1.8555,0.235
VCB,2020-07-01,34.92,35.97,34.79,35.97,404440,36.45,37.14,34.69,-1.3244,-3.1673,3.6861,0.317,1.1289,0.2444
VCB,2020-07-02,36.19,36.19,35.23,35.92,469040,36.35,37.01,34.79,-1.1607,-2.9206,3.2732,0.3256,1.0022,0.2494
VCB,2020-07-03,35.88,36.23,35.75,36.1,370340,36.24,36.87,34.91,-0.396,-2.1053,3.4191,0.1919,0.5661,0.2621
VCB,2020-07-06,36.1,36.27,35.84,36.06,1218830,36.13,36.73,35.02,-0.2046,-1.847,2.943,0.0,0.0,0.2064
VCB,2020-07-07,36.53,36.62,36.23,36.27,1336830,36.02,36.6,35.15,0.7125,-0.8972,3.1923,-0.8249,-2.7854,0.2785
VCB,2020-07-08,36.19,36.27,36.01,36.1,485190,35.94,36.46,35.29,0.4356,-0.9842,2.2873,-0.2093,-0.6849,0.2848
VCB,2020-07-09,36.49,36.49,36.23,36.36,962170,35.94,36.36,35.44,1.1739,-0.006,2.6069,0.0,0.0001,0.2787
VCB,2020-07-10,36.27,36.36,35.71,35.97,918560,35.91,36.3,35.56,0.1575,-0.9106,1.1373,-0.2044,-0.646,0.279
VCB,2020-07-13,36.27,36.32,35.84,36.06,371630,35.97,36.32,35.7,0.2297,-0.7245,0.999,-0.0375,-0.1175,0.26
VCB,2020-07-14,36.06,36.1,35.75,36.1,427110,36.09,36.3,35.84,0.0241,-0.5631,0.7233,0.3801,1.4118,0.2491
VCB,2020-07-15,36.19,36.45,36.19,36.32,1198530,36.12,36.29,35.98,0.5297,0.0779,0.9405,-0.0,-0.0001,0.2174
VCB,2020-07-16,36.45,36.49,36.06,36.32,1091190,36.16,36.26,36.1,0.4209,0.1679,0.6048,0.1904,0.5591,0.2039
VCB,2020-07-17,36.36,36.36,36.01,36.01,628000,36.16,36.2,36.18,-0.397,-0.5166,-0.4616,-0.5851,-1.9805,0.2432
VCB,2020-07-20,35.88,35.97,35.53,35.75,696830,36.12,36.13,36.25,-1.0354,-1.0414,-1.3655,-0.0,-0.0,0.2432
VCB,2020-07-21,35.88,36.01,35.53,35.88,681740,36.09,36.05,36.31,-0.5665,-0.4705,-1.1692,0.3446,1.0388,0.1952
VCB,2020-07-22,35.88,35.88,35.75,35.88,625320,36.06,36.0,36.37,-0.5065,-0.3382,-1.3323,0.5751,1.7928,0.2317
VCB,2020-07-23,35.88,36.01,35.71,35.88,1350870,36.02,35.98,36.42,-0.3744,-0.266,-1.4855,0.1819,0.6007,0.2499
VCB,2020-07-24,35.71,35.79,34.14,35.23,1341540,35.94,35.93,36.47,-1.9845,-1.943,-3.392,0.1838,0.7514,0.2479
VCB,2020-07-27,33.05,34.79,33.05,33.49,1274570,35.69,35.83,36.45,-6.1548,-6.5307,-8.1299,-0.2005,-0.7189,0.2642
VCB,2020-07-28,33.49,34.27,33.27,34.14,910690,35.49,35.79,36.45,-3.799,-4.6057,-6.3291,0.3233,1.0934,0.2585
VCB,2020-07-29,33.05,33.92,32.66,33.71,833570,35.23,35.68,36.43,-4.321,-5.5224,-7.4759,0.443,1.5154,0.3028
VCB,2020-07-30,33.75,34.14,33.62,33.66,937680,34.96,35.56,36.4,-3.7194,-5.3442,-7.5114,-1.127,-3.691,0.3964
VCB,2020-07-31,33.05,33.66,33.05,33.23,672940,34.69,35.42,36.36,-4.2006,-6.1886,-8.6059,-0.3285,-0.9744,0.3708
VCB,2020-08-03,33.05,34.27,33.05,34.27,422820,34.54,35.33,36.34,-0.7682,-2.9975,-5.683,0.2615,0.9406,0.3969
VCB,2020-08-04,34.79,35.62,34.53,35.62,616840,34.51,35.3,36.33,3.2136,0.9118,-1.9584,0.4659,1.8706,0.409
VCB,2020-08-05,35.62,36.1,34.97,35.97,778840,34.52,35.29,36.33,4.1955,1.9163,-0.996,0.4447,1.4029,0.396
VCB,2020-08-06,35.97,36.14,35.62,36.01,802350,34.53,35.27,36.32,4.2821,2.0899,-0.8359,0.4155,1.4452,0.4194
VCB,2020-08-07,36.1,36.1,35.84,36.06,518660,34.62,35.28,36.3,4.1588,2.2006,-0.6615,0.328,1.0677,0.4338
VCB,2020-08-10,36.1,36.19,35.62,35.62,576570,34.83,35.26,36.26,2.2727,1.03,-1.7514,-0.4488,-1.4079,0.4586
VCB,2020-08-11,35.88,35.92,35.58,35.71,312920,34.99,35.24,36.22,2.0636,1.333,-1.4051,-0.0723,-0.2546,0.4335
VCB,2020-08-12,35.71,35.79,35.62,35.71,310430,35.19,35.21,36.17,1.4833,1.4206,-1.2675,-0.0,-0.0001,0.3892
VCB,2020-08-13,36.1,36.1,35.66,36.1,385320,35.43,35.2,36.11,1.8905,2.5641,-0.041,0.3408,1.0517,0.3106
VCB,2020-08-14,36.1,36.14,35.62,35.66,820270,35.67,35.18,36.05,-0.0244,1.3785,-1.0785,-0.5597,-1.9272,0.3337
VCB,2020-08-17,35.66,36.06,35.53,35.79,389480,35.82,35.18,35.99,-0.085,1.7431,-0.5462,0.0,0.0,0.3076
VCB,2020-08-18,35.79,35.92,35.53,35.79,331690,35.84,35.18,35.93,-0.1335,1.7557,-0.3728,0.1104,0.3637,0.272
VCB,2020-08-19,35.79,36.1,35.66,36.1,586790,35.86,35.19,35.87,0.6793,2.5894,0.6353,0.5289,1.7473,0.2804
VCB,2020-08-20,36.1,36.75,36.1,36.1,1093620,35.86,35.2,35.83,0.6549,2.5578,0.7575,-0.9181,-2.7625,0.3307
VCB,2020-08-21,36.1,36.19,35.92,36.06,1281740,35.86,35.24,35.8,0.5336,2.3141,0.7021,0.0,0.0,0.2979
VCB,2020-08-24,36.1,36.79,36.1,36.49,1530010,35.95,35.39,35.82,1.5001,3.1092,1.8698,0.1127,0.4007,0.2643
VCB,2020-08-25,36.49,36.92,36.49,36.49,1748400,36.03,35.51,35.82,1.2796,2.7682,1.8649,-0.9009,-2.8394,0.3472
VCB,2020-08-26,36.49,36.49,36.27,36.32,1585740,36.09,35.64,35.82,0.6266,1.9038,1.3965,-0.5356,-1.7821,0.4007
VCB,2020-08-27,36.32,36.49,36.19,36.32,1003280,36.11,35.77,35.8,0.5661,1.5259,1.4334,-0.1005,-0.3166,0.3767
VCB,2020-08-28,36.36,36.49,36.23,36.27,1645430,36.17,35.92,35.79,0.2765,0.9746,1.3612,-0.5482,-1.8269,0.3755
VCB,2020-08-31,36.53,36.75,36.01,36.1,971310,36.2,36.01,35.76,-0.2883,0.2355,0.9364,-0.4174,-1.4237,0.4173
VCB,2020-09-01,36.1,36.23,36.06,36.1,1625600,36.23,36.04,35.74,-0.3721,0.169,1.0101,-0.5585,-1.498,0.4621
VCB,2020-09-03,36.4,37.62,36.4,37.49,2503810,36.37,36.11,35.75,3.0731,3.8116,4.8662,1.299,3.7716,0.5391
VCB,2020-09-04,36.97,37.45,36.88,36.92,2425360,36.46,36.16,35.76,1.2885,2.1169,3.2545,-1.3687,-3.5612,0.5841
VCB,2020-09-07,36.92,37.01,36.36,36.36,1181750,36.49,36.17,35.76,-0.3457,0.511,1.6661,-0.4649,-1.4641,0.6306
VCB,2020-09-08,36.36,36.49,35.79,35.88,1985560,36.42,36.19,35.77,-1.4925,-0.8473,0.3039,-1.0201,-2.9475,0.7214
VCB,2020-09-09,35.66,36.19,35.45,35.75,1472680,36.35,36.19,35.79,-1.6511,-1.2138,-0.107,-0.1535,-0.4617,0.6466
VCB,2020-09-10,36.1,36.23,35.71,35.71,689700,36.29,36.19,35.78,-1.6059,-1.334,-0.2139,-0.425,-1.2794,0.6356
VCB,2020-09-11,35.71,35.92,35.58,35.79,665690,36.24,36.17,35.78,-1.2242,-1.052,0.0365,0.1176,0.3934,0.6373
VCB,2020-09-14,36.01,36.14,35.97,36.1,594680,36.22,36.2,35.78,-0.3362,-0.2704,0.8873,0.1516,0.494,0.5976
VCB,2020-09-15,36.1,36.32,35.88,35.88,998970,36.2,36.2,35.78,-0.8771,-0.883,0.2893,-0.6367,-2.0301,0.6195
VCB,2020-09-16,35.92,36.14,35.66,36.06,628030,36.19,36.21,35.77,-0.3845,-0.4384,0.7878,0.2551,0.9246,0.5892
VCB,2020-09-17,35.88,36.1,35.66,35.88,1043250,36.03,36.2,35.77,-0.4225,-0.889,0.3137,0.0,0.0,0.4593
VCB,2020-09-18,35.84,36.1,35.84,36.06,1188400,35.95,36.2,35.76,0.3025,-0.4025,0.8172,0.4409,1.3862,0.3665
VCB,2020-09-21,36.14,36.36,36.1,36.1,1671360,35.92,36.2,35.77,0.4964,-0.2883,0.9315,-0.7304,-2.3913,0.3931
VCB,2020-09-22,36.1,36.71,36.01,36.53,1746960,35.99,36.21,35.77,1.5228,0.907,2.1202,0.4543,1.4203,0.3365
VCB,2020-09-23,36.62,37.19,36.62,37.14,1395190,36.12,36.24,35.8,2.8173,2.4964,3.7617,0.8397,2.4133,0.4051
VCB,2020-09-24,36.58,37.49,36.58,37.45,1628730,36.3,36.29,35.82,3.1632,3.1756,4.5461,0.9666,2.9987,0.4593
VCB,2020-09-25,37.45,37.49,37.19,37.4,1107270,36.46,36.35,35.84,2.5886,2.9016,4.3613,0.2732,0.8731,0.4749
VCB,2020-09-28,37.32,37.49,37.14,37.4,1254760,36.59,36.41,35.87,2.2228,2.7418,4.2803,0.319,1.0462,0.4916
VCB,2020-09-29,37.4,37.45,36.45,36.79,1609090,36.68,36.44,35.89,0.3083,0.9727,2.5231,-0.1546,-0.4808,0.4434
VCB,2020-09-30,36.97,36.97,36.45,36.58,584450,36.73,36.46,35.9,-0.4262,0.3101,1.8777,-0.1547,-0.4779,0.4334
VCB,2020-10-01,37.01,37.01,36.62,36.88,367030,36.83,36.43,35.92,0.1299,1.2296,2.6684,0.0674,0.2231,0.4401
VCB,2020-10-02,36.88,36.97,34.79,36.53,890840,36.88,36.41,35.94,-0.9434,0.3284,1.6629,0.2929,1.0149,0.4253
VCB,2020-10-05,36.75,36.97,36.27,36.32,811740,36.9,36.41,35.96,-1.5911,-0.2628,0.9967,-0.3075,-0.9999,0.383
VCB,2020-10-06,36.45,36.71,36.19,36.49,1105060,36.9,36.44,36.02,-1.108,0.1313,1.3114,0.0833,0.2636,0.3459
VCB,2020-10-07,36.36,37.06,36.14,36.97,988270,36.88,36.5,36.07,0.2359,1.2749,2.4788,0.2741,0.8569,0.2893
VCB,2020-10-08,37.19,37.19,36.45,36.88,549140,36.82,36.56,36.14,0.1535,0.8743,2.058,0.0446,0.1391,0.1971
VCB,2020-10-09,36.75,36.97,36.75,36.88,366200,36.77,36.62,36.2,0.2957,0.7245,1.8765,0.0457,0.1429,0.1744
VCB,2020-10-12,37.4,37.84,36.88,37.36,1574610,36.77,36.68,36.28,1.6087,1.8557,2.963,0.0,0.0,0.1425
VCB,2020-10-13,37.4,37.79,37.19,37.62,814530,36.85,36.77,36.35,2.089,2.3245,3.4912,0.2445,0.6973,0.1515
VCB,2020-10-14,37.75,38.71,37.71,38.36,1206380,37.03,36.88,36.41,3.5941,4.0094,5.3663,0.1501,0.4562,0.151
VCB,2020-10-15,38.36,38.53,37.75,38.53,1424740,37.19,37.01,36.46,3.6015,4.1067,5.6951,0.5622,1.6677,0.2005
VCB,2020-10-16,38.49,38.53,38.06,38.36,668850,37.38,37.13,36.5,2.6297,3.315,5.0826,0.0912,0.2572,0.1803
VCB,2020-10-19,38.27,38.4,38.06,38.06,1052250,37.55,37.23,36.54,1.3435,2.2256,4.1344,-0.6079,-1.7658,0.2104
VCB,2020-10-20,37.84,38.19,37.79,38.14,1075780,37.72,37.31,36.6,1.1301,2.2383,4.2286,0.4666,1.297,0.2487
VCB,2020-10-21,38.19,38.53,37.36,37.49,1452050,37.77,37.33,36.63,-0.737,0.4428,2.3461,-0.419,-1.3641,0.2632
VCB,2020-10-22,37.45,37.66,37.01,37.66,1320610,37.85,37.34,36.67,-0.4827,0.8795,2.7113,0.6162,1.5353,0.3203
VCB,2020-10-23,37.79,38.06,37.71,38.06,657830,37.96,37.37,36.71,0.2406,1.8389,3.6681,0.3482,0.8001,0.3506
VCB,2020-10-26,38.06,38.19,37.4,37.4,911390,37.97,37.37,36.74,-1.4891,0.0931,1.7944,-0.2889,-0.7994,0.3795
VCB,2020-10-27,37.4,37.97,37.19,37.4,1169320,37.95,37.4,36.78,-1.4327,0.0116,1.7053,-0.1938,-0.6057,0.3744
VCB,2020-10-28,37.4,37.62,36.32,36.62,866330,37.77,37.4,36.79,-3.0512,-2.0873,-0.4681,-0.1592,-0.4651,0.3753
VCB,2020-10-29,36.71,36.88,36.32,36.36,764720,37.56,37.38,36.8,-3.1847,-2.7172,-1.1914,-0.3387,-0.9094,0.353
VCB,2020-10-30,36.4,36.71,36.01,36.1,1090610,37.33,37.35,36.8,-3.2972,-3.3591,-1.9005,-0.5883,-1.3969,0.4027
VCB,2020-11-02,36.1,37.32,36.1,37.32,366300,37.26,37.4,36.82,0.1634,-0.2325,1.3394,0.2326,0.6809,0.3652
VCB,2020-11-03,37.32,37.36,36.84,36.97,308550,37.14,37.43,36.83,-0.4567,-1.226,0.3684,-0.1174,-0.3149,0.3302
VCB,2020-11-04,36.97,37.19,36.66,36.97,394660,37.09,37.43,36.84,-0.3166,-1.226,0.3424,0.0421,0.1328,0.2925
VCB,2020-11-05,37.19,37.19,36.88,36.97,507960,37.02,37.43,36.86,-0.1292,-1.2374,0.3068,-0.1192,-0.3509,0.2428
VCB,2020-11-06,37.01,37.01,36.53,36.97,323160,36.91,37.44,36.87,0.165,-1.2489,0.2713,0.2547,0.6855,0.2335
VCB,2020-11-09,36.97,37.32,36.88,37.19,1007000,36.89,37.43,36.89,0.8136,-0.6449,0.8112,0.2047,0.5393,0.2251
VCB,2020-11-10,37.45,37.97,37.01,37.01,1511520,36.85,37.4,36.9,0.4485,-1.0292,0.2899,-0.5824,-1.5652,0.2639
VCB,2020-11-11,37.19,37.66,36.92,36.92,1032520,36.88,37.33,36.92,0.1297,-1.072,0.0094,-0.5716,-1.4517,0.3052
VCB,2020-11-12,37.27,37.62,37.23,37.58,405350,37.0,37.28,36.92,1.5634,0.805,1.7716,0.1639,0.5079,0.2877
VCB,2020-11-13,37.66,37.79,37.49,37.79,417840,37.17,37.25,36.94,1.685,1.4654,2.3123,0.2101,0.6239,0.2499
VCB,2020-11-16,37.93,38.19,36.97,37.32,1250340,37.17,37.21,36.96,0.3979,0.2805,0.9649,-0.1915,-0.5272,0.2458
VCB,2020-11-17,37.32,38.1,37.19,38.1,548250,37.28,37.21,37.0,2.1932,2.3903,2.9595,0.1851,0.5564,0.2525
VCB,2020-11-18,38.1,38.14,37.84,38.1,906810,37.39,37.24,37.05,1.8842,2.3066,2.829,0.263,0.7286,0.2746
VCB,2020-11-19,38.14,39.23,38.01,39.23,2584440,37.62,37.32,37.12,4.2774,5.1221,5.68,1.2182,3.0132,0.3845
VCB,2020-11-20,39.58,40.23,39.19,40.23,1231960,37.95,37.43,37.21,6.0172,7.4894,8.1163,0.507,1.528,0.4098
VCB,2020-11-23,40.06,40.19,39.58,39.84,648830,38.21,37.55,37.29,4.2568,6.0983,6.8496,-0.0403,-0.1189,0.3933
VCB,2020-11-24,40.01,40.19,39.49,40.19,996580,38.53,37.69,37.37,4.3007,6.6297,7.5344,0.5635,1.4994,0.3914
VCB,2020-11-25,40.23,40.97,40.14,40.67,1088020,38.9,37.89,37.46,4.5277,7.3232,8.5468,0.107,0.3109,0.345
VCB,2020-11-26,40.67,40.88,40.27,40.88,698350,39.23,38.12,37.56,4.2013,7.257,8.8366,0.3329,0.983,0.3619
VCB,2020-11-27,40.88,41.1,40.53,41.1,1210580,39.56,38.37,37.66,3.8804,7.1246,9.1224,0.555,1.6473,0.3964
VCB,2020-11-30,40.75,40.88,39.8,40.45,1448340,39.88,38.52,37.75,1.4287,4.9958,7.1429,0.1048,0.2961,0.3877
VCB,2020-12-01,39.45,40.53,39.45,40.01,1162270,40.07,38.68,37.82,-0.1411,3.458,5.7958,0.0118,0.0356,0.3703
VCB,2020-12-02,40.01,40.67,39.8,40.67,746710,40.33,38.86,37.89,0.8412,4.6447,7.3208,0.3137,0.9799,0.3754
VCB,2020-12-03,40.67,40.84,40.19,40.67,736760,40.47,39.05,37.96,0.4836,4.1493,7.1388,0.1307,0.4395,0.2667
VCB,2020-12-04,40.53,40.67,39.62,39.62,860900,40.41,39.18,38.0,-1.9481,1.1323,4.2668,-0.3367,-1.0083,0.2496
VCB,2020-12-07,39.75,40.58,39.75,40.49,945460,40.47,39.34,38.06,0.043,2.9184,6.383,0.2874,0.8895,0.2743
VCB,2020-12-08,40.45,40.84,39.8,40.49,702820,40.5,39.52,38.14,-0.0322,2.4653,6.1767,0.1091,0.3472,0.2289
VCB,2020-12-09,40.71,41.97,40.53,41.97,1198160,40.63,39.77,38.24,3.2859,5.5337,9.7439,0.4078,1.3486,0.259
VCB,2020-12-10,41.97,42.49,41.93,42.27,1299820,40.77,40.0,38.35,3.68,5.6751,10.2291,0.0804,0.2659,0.2337
VCB,2020-12-11,42.27,42.32,41.71,42.27,776190,40.89,40.23,38.47,3.3823,5.0868,9.9,0.2362,0.6547,0.2019
VCB,2020-12-14,42.27,43.45,41.71,43.45,931080,41.19,40.53,38.61,5.4799,7.1888,12.5355,0.3365,0.8912,0.225
VCB,2020-12-15,43.06,43.41,41.97,42.54,1433260,41.44,40.76,38.73,2.6341,4.3645,9.8259,-0.113,-0.3458,0.2351
VCB,2020-12-16,42.62,43.45,42.54,43.45,740700,41.72,41.02,38.86,4.1384,5.9104,11.81,0.2575,0.8654,0.2295
VCB,2020-12-17,42.88,42.88,41.32,41.75,2305960,41.83,41.15,38.96,-0.1872,1.4638,7.1763,-0.3238,-0.9266,0.2488
VCB,2020-12-18,41.75,43.01,41.75,43.01,1053200,42.17,41.29,39.08,2.0008,4.1765,10.0674,0.3312,1.0599,0.2483
VCB,2020-12-21,43.37,43.41,42.66,43.37,697030,42.46,41.47,39.2,2.1377,4.5807,10.6263,0.1797,0.6006,0.2375
VCB,2020-12-22,42.97,43.01,42.75,42.93,748840,42.7,41.6,39.31,0.5284,3.1824,9.2121,0.064,0.2179,0.233
VCB,2020-12-23,42.75,43.19,42.49,42.75,666390,42.78,41.71,39.39,-0.0652,2.5038,8.5234,-0.0391,-0.1402,0.1961
VCB,2020-12-24,42.93,42.93,42.09,42.66,815730,42.82,41.8,39.48,-0.3608,2.0756,8.0742,0.1233,0.4582,0.2004
VCB,2020-12-25,42.53,42.8,42.4,42.8,314960,42.87,41.88,39.56,-0.175,2.1832,8.1644,0.0771,0.2494,0.1845
VCB,2020-12-28,42.97,43.06,42.66,42.97,836090,42.82,42.01,39.66,0.3461,2.2939,8.3385,0.1455,0.4712,0.1654
VCB,2020-12-29,42.97,43.76,42.88,43.5,696510,42.92,42.18,39.77,1.3473,3.1188,9.3698,0.1021,0.284,0.1643
VCB,2020-12-30,43.5,43.67,42.75,42.93,509510,42.87,42.29,39.88,0.141,1.4954,7.6423,-0.095,-0.3022,0.1481
VCB,2020-12-31,42.93,43.41,42.53,42.93,367140,42.98,42.41,39.98,-0.1325,1.2248,7.3589,-0.0149,-0.0413,0.1172
VCB,2021-01-04,42.97,43.76,42.66,43.41,855900,43.02,42.6,40.09,0.8969,1.9071,8.2753,0.0912,0.2694,0.0932
VCB,2021-01-05,43.41,44.11,43.41,43.54,739200,43.04,42.75,40.21,1.1614,1.8514,8.2719,-0.1529,-0.4685,0.0905
VCB,2021-01-06,43.63,46.57,43.54,46.04,2080400,43.35,43.03,40.39,6.2001,7.0034,13.9973,0.457,1.3328,0.1298
VCB,2021-01-07,45.6,47.57,45.6,46.92,889000,43.77,43.27,40.59,7.193,8.4183,15.5793,0.0628,0.2095,0.1322
VCB,2021-01-08,47.36,47.36,45.82,45.95,963900,44.1,43.46,40.78,4.206,5.7398,12.6704,-0.2468,-0.7968,0.1445
VCB,2021-01-11,45.86,46.35,45.65,45.82,847400,44.4,43.63,40.98,3.1997,5.0087,11.8148,-0.0996,-0.3022,0.1468
VCB,2021-01-12,46.3,46.3,45.69,46.3,634900,44.73,43.78,41.16,3.5091,5.7682,12.4984,0.198,0.5948,0.152
VCB,2021-01-13,46.3,46.52,45.6,45.95,1064200,44.98,43.95,41.34,2.1642,4.5589,11.1609,-0.0621,-0.1916,0.148
VCB,2021-01-14,46.04,46.13,45.29,45.56,832200,45.24,44.05,41.51,0.6978,3.4129,9.7502,-0.0761,-0.2434,0.1461
VCB,2021-01-15,46.0,46.0,44.94,45.25,1099800,45.47,44.23,41.68,-0.4918,2.3099,8.5775,-0.1303,-0.4002,0.1577
VCB,2021-01-18,45.38,46.04,45.16,45.29,1060400,45.66,44.34,41.84,-0.8066,2.1457,8.2502,-0.1753,-0.5325,0.1661
VCB,2021-01-19,45.21,45.29,42.14,43.41,1130300,45.65,44.35,41.97,-4.9083,-2.111,3.4365,-0.0334,-0.1068,0.1541
VCB,2021-01-20,43.41,46.43,42.97,43.45,2093000,45.39,44.37,42.1,-4.2697,-2.0703,3.2241,-0.3866,-1.162,0.1471
VCB,2021-01-21,43.45,45.16,42.97,45.16,1283700,45.22,44.49,42.26,-0.1164,1.5078,6.8681,0.2852,0.8268,0.1693
VCB,2021-01-22,45.16,45.6,44.72,45.16,1268500,45.14,44.62,42.41,0.0583,1.2235,6.4859,0.0,0.0,0.1447
VCB,2021-01-25,44.33,45.16,44.33,44.94,725900,45.05,44.72,42.56,-0.2336,0.4902,5.6129,0.0985,0.2811,0.1445
VCB,2021-01-26,44.94,44.94,43.41,44.24,970500,44.84,44.79,42.69,-1.3396,-1.2189,3.627,0.021,0.0675,0.1268
VCB,2021-01-27,43.45,43.85,41.17,42.71,1566800,44.52,44.75,42.79,-4.0677,-4.5613,-0.183,0.0468,0.1462,0.1253
VCB,2021-01-28,40.34,40.91,39.73,39.73,1205500,43.94,44.59,42.82,-9.5808,-10.9057,-7.2223,-0.1871,-0.5173,0.1364
VCB,2021-01-29,37.49,42.49,37.49,40.78,1359000,43.49,44.48,42.85,-6.2311,-8.3247,-4.8335,0.1082,0.2865,0.1342
VCB,2021-02-01,42.09,42.09,39.9,39.94,1309600,42.95,44.31,42.84,-7.0029,-9.8466,-6.7653,-0.2776,-0.8495,0.1444
VCB,2021-02-02,40.34,42.4,40.34,42.31,1064500,42.84,44.25,42.89,-1.2384,-4.3702,-1.3527,0.2451,0.6771,0.1656
VCB,2021-02-03,42.75,43.41,42.36,43.37,1454600,42.83,44.11,42.96,1.2386,-1.6947,0.9511,0.3249,0.9596,0.1594
VCB,2021-02-04,43.37,43.41,41.17,43.37,967300,42.65,43.94,43.01,1.6653,-1.2974,0.8244,0.5027,1.349,0.1812
VCB,2021-02-05,43.37,43.85,42.93,43.85,897400,42.52,43.83,43.07,3.114,0.04,1.8054,0.3184,0.9194,0.213
VCB,2021-02-08,43.37,43.76,40.82,41.26,2902200,42.15,43.6,43.07,-2.1219,-5.3701,-4.2082,-0.6488,-1.7279,0.2681
VCB,2021-02-09,41.87,42.71,40.82,42.62,2978900,41.99,43.42,43.12,1.4932,-1.838,-1.1522,0.8426,2.1877,0.3502
VCB,2021-02-17,42.75,43.85,42.75,43.85,1054100,42.11,43.31,43.19,4.1341,1.2351,1.5147,0.252,0.6568,0.3707
VCB,2021-02-18,43.41,44.72,42.97,44.72,1688900,42.61,43.27,43.27,4.9707,3.3592,3.3508,0.6297,1.4889,0.415
VCB,2021-02-19,43.5,44.59,43.45,44.42,1851200,42.97,43.23,43.35,3.3673,2.7487,2.4638,0.5867,1.5506,0.4629
VCB,2021-02-22,44.29,44.72,43.98,44.11,1388700,43.39,43.17,43.44,1.6675,2.1787,1.5455,-0.3537,-0.9624,0.4705
VCB,2021-02-23,43.85,44.29,43.5,43.85,1441400,43.54,43.19,43.51,0.7049,1.5177,0.7841,-0.0594,-0.1683,0.4519
VCB,2021-02-24,44.07,44.29,42.31,43.01,1265300,43.51,43.17,43.56,-1.1288,-0.3606,-1.2453,-0.1214,-0.3555,0.4315
VCB,2021-02-25,43.41,43.63,42.8,43.06,896100,43.47,43.06,43.58,-0.9582,-0.0153,-1.1941,-0.165,-0.4283,0.3978
VCB,2021-02-26,42.66,43.41,42.53,43.06,1070700,43.4,42.96,43.59,-0.778,0.2296,-1.2296,0.0566,0.1563,0.3716
VCB,2021-03-01,43.06,43.54,43.06,43.5,911200,43.62,42.89,43.62,-0.2815,1.4211,-0.2797,0.1625,0.4563,0.323
VCB,2021-03-02,43.85,44.64,42.97,43.54,1189600,43.71,42.85,43.62,-0.3912,1.6065,-0.1833,-0.142,-0.3708,0.2529
VCB,2021-03-03,43.1,43.58,43.06,43.15,915600,43.64,42.87,43.63,-1.1353,0.6341,-1.1157,-0.2001,-0.6109,0.2477
VCB,2021-03-04,43.23,43.63,40.82,42.66,1118100,43.44,43.02,43.62,-1.7767,-0.8307,-2.1859,0.1085,0.2958,0.1956
VCB,2021-03-05,42.58,42.62,41.66,42.27,1661600,43.22,43.1,43.63,-2.2015,-1.9179,-3.1136,0.1125,0.3088,0.1482
VCB,2021-03-08,42.53,42.53,41.66,41.74,1501800,42.98,43.19,43.6,-2.8869,-3.3404,-4.2639,-0.3524,-1.0078,0.148
VCB,2021-03-09,41.66,41.66,40.82,41.66,1344300,42.76,43.15,43.57,-2.5941,-3.47,-4.39,0.414,1.0421,0.1835
VCB,2021-03-10,41.66,42.01,41.22,41.87,1063900,42.65,43.08,43.55,-1.8197,-2.794,-3.8404,0.2442,0.6857,0.1958
VCB,2021-03-11,42.01,42.44,42.01,42.23,1009800,42.57,43.02,43.54,-0.8035,-1.8499,-3.0114,-0.0,-0.0,0.1793
VCB,2021-03-12,42.23,42.31,41.44,42.01,1259800,42.46,42.93,43.52,-1.0739,-2.15,-3.4858,0.1236,0.3629,0.186
VCB,2021-03-15,42.09,42.53,41.87,42.23,1438400,42.33,42.98,43.51,-0.2589,-1.7497,-2.9567,0.0296,0.0866,0.1727
VCB,2021-03-16,42.09,42.09,41.7,41.96,655800,42.18,42.94,43.49,-0.5094,-2.2871,-3.5166,0.0814,0.2349,0.1666
VCB,2021-03-17,41.87,42.01,41.66,41.92,1239400,42.05,42.85,43.46,-0.3232,-2.1695,-3.5474,0.178,0.4921,0.1644
VCB,2021-03-18,42.18,42.75,41.87,42.75,1609100,42.06,42.75,43.46,1.6366,0.0051,-1.6225,0.5579,1.4272,0.2093
VCB,2021-03-19,42.58,42.58,41.3,41.3,1595700,41.97,42.59,43.42,-1.5777,-3.0266,-4.8811,-0.4715,-1.1163,0.2452
VCB,2021-03-22,42.09,42.75,41.83,42.53,1902000,42.05,42.51,43.41,1.1576,0.0413,-2.0143,0.3419,0.9048,0.2442
VCB,2021-03-23,42.49,42.49,41.83,42.01,940800,42.08,42.42,43.38,-0.1771,-0.9819,-3.158,-0.1679,-0.4601,0.2196
VCB,2021-03-24,41.66,42.05,41.26,41.52,1422500,42.05,42.35,43.29,-1.241,-1.9466,-4.0702,-0.1411,-0.3657,0.2093
VCB,2021-03-25,41.52,42.09,41.44,41.7,1160300,41.99,42.28,43.18,-0.6996,-1.3741,-3.4322,-0.0856,-0.2338,0.2178
VCB,2021-03-26,41.66,41.87,41.09,41.61,1196800,41.95,42.21,43.09,-0.8152,-1.4128,-3.4411,0.0949,0.2722,0.215
VCB,2021-03-29,41.74,42.01,41.0,41.79,1195800,41.91,42.12,43.01,-0.2929,-0.7963,-2.8522,0.1756,0.5433,0.2296
VCB,2021-03-30,41.79,41.79,41.26,41.57,1748700,41.87,42.02,42.92,-0.7226,-1.0851,-3.1487,0.0812,0.2106,0.2296
VCB,2021-03-31,41.44,41.7,41.26,41.57,944600,41.83,41.94,42.83,-0.6394,-0.899,-2.9504,0.1102,0.3125,0.2228
VCB,2021-04-01,41.74,42.84,41.74,42.49,2697600,41.81,41.94,42.77,1.6256,1.3174,-0.6582,0.2187,0.5476,0.1889
VCB,2021-04-02,42.75,43.19,42.49,42.88,2277500,41.97,41.97,42.72,2.1837,2.1837,0.3756,0.1103,0.2894,0.1527
VCB,2021-04-05,43.41,45.08,43.23,44.72,3592400,42.19,42.12,42.71,6.0181,6.1947,4.7142,0.7,2.0621,0.1886
VCB,2021-04-06,44.72,44.94,44.07,44.68,2243200,42.45,42.27,42.74,5.2469,5.7109,4.5493,0.2467,0.7368,0.1964
VCB,2021-04-07,44.37,44.72,44.02,44.68,1182700,42.77,42.41,42.76,4.47,5.3611,4.4892,0.3222,0.8105,0.2145
VCB,2021-04-08,44.68,44.68,43.63,43.85,1575400,42.98,42.49,42.73,2.0096,3.1992,2.6041,-0.3486,-0.9999,0.2408
VCB,2021-04-09,43.63,43.63,42.75,42.75,2101700,43.1,42.53,42.69,-0.8037,0.531,0.152,-0.7417,-1.9678,0.3055
VCB,2021-04-12,43.19,43.5,42.71,43.37,2670100,43.26,42.58,42.65,0.2534,1.838,1.6653,0.3968,1.0967,0.3276
VCB,2021-04-13,43.85,43.85,42.75,42.75,1670900,43.37,42.62,42.62,-1.4355,0.3035,0.2963,-0.3336,-0.8137,0.3529
VCB,2021-04-14,42.66,43.28,42.49,43.28,1336800,43.54,42.69,42.64,-0.6142,1.3763,1.5035,0.3042,0.7503,0.3723
VCB,2021-04-15,43.76,43.76,42.44,42.75,2152800,43.57,42.69,42.7,-1.8819,0.1438,0.1273,-0.2399,-0.5832,0.3744
VCB,2021-04-16,42.66,43.19,42.09,42.23,1515900,43.51,42.74,42.73,-2.943,-1.1953,-1.172,-0.4248,-1.1406,0.4059
VCB,2021-04-19,42.53,43.19,42.01,43.19,1387500,43.35,42.77,42.79,-0.3742,0.9842,0.9325,0.3292,0.7128,0.3688
VCB,2021-04-20,43.45,46.04,43.19,45.16,6274200,43.4,42.93,42.85,4.0614,5.2094,5.4032,0.7754,1.8777,0.4216
VCB,2021-04-22,45.16,46.3,44.81,45.16,2981300,43.45,43.11,42.88,3.9459,4.7653,5.3148,-0.2619,-0.7187,0.4156
VCB,2021-04-23,45.16,45.6,44.07,45.6,2285300,43.62,43.3,42.93,4.5331,5.3058,6.2265,0.4593,1.1089,0.4267
VCB,2021-04-26,45.6,45.6,42.93,43.23,3595400,43.67,43.38,42.92,-1.004,-0.3487,0.7397,-0.6879,-1.5186,0.4213
VCB,2021-04-27,43.23,43.67,42.84,43.41,1191800,43.68,43.47,42.96,-0.6124,-0.1311,1.0472,0.16,0.4088,0.3976
VCB,2021-04-28,43.41,43.54,42.84,43.41,1426900,43.74,43.56,42.97,-0.7618,-0.3423,1.0101,0.3684,0.8518,0.4011
VCB,2021-04-29,43.41,43.85,42.97,43.85,1615700,43.8,43.67,42.97,0.1101,0.4016,2.0304,0.4693,1.0951,0.4176
VCB,2021-05-04,43.41,43.67,42.97,43.45,1496300,43.87,43.72,42.95,-0.9495,-0.6118,1.172,0.1322,0.3011,0.4068
VCB,2021-05-05,43.45,44.72,43.45,44.37,1826700,44.08,43.79,42.95,0.6565,1.3216,3.318,0.2395,0.5925,0.3883
VCB,2021-05-06,44.37,44.59,43.41,43.54,1161200,44.12,43.74,42.94,-1.3119,-0.4461,1.4052,-0.2587,-0.6061,0.3813
VCB,2021-05-07,43.37,43.41,42.4,42.53,2284800,43.86,43.63,42.91,-3.0194,-2.5126,-0.8828,-0.4541,-0.9841,0.3491
VCB,2021-05-10,42.4,43.06,42.05,43.01,1674000,43.64,43.54,42.91,-1.4367,-1.2184,0.2412,0.3666,0.8007,0.3596
VCB,2021-05-11,43.06,43.54,42.75,42.93,1171500,43.37,43.5,42.91,-1.0311,-1.3155,0.0429,-0.1621,-0.3455,0.3299
VCB,2021-05-12,42.93,42.93,42.53,42.66,1218300,43.32,43.49,42.9,-1.5082,-1.9104,-0.5519,-0.0883,-0.1918,0.2699
VCB,2021-05-13,42.62,42.88,42.44,42.44,1698000,43.22,43.45,42.88,-1.7957,-2.311,-1.0144,-0.3872,-0.8571,0.2926
VCB,2021-05-14,42.71,43.1,42.36,42.49,1403600,43.13,43.44,42.86,-1.4843,-2.1805,-0.8635,-0.273,-0.6073,0.2831
VCB,2021-05-17,42.58,42.66,42.01,42.09,1715100,42.95,43.38,42.84,-2.0008,-2.9568,-1.736,-0.3299,-0.7181,0.2692
VCB,2021-05-18,41.79,42.09,41.44,41.48,2103400,42.76,43.31,42.81,-2.9843,-4.2316,-3.1155,-0.5426,-1.1146,0.3102
VCB,2021-05-19,41.48,41.48,41.13,41.26,1678100,42.44,43.26,42.79,-2.7893,-4.6316,-3.5821,-0.0995,-0.216,0.2962
VCB,2021-05-20,41.26,43.41,41.26,43.41,1904100,42.43,43.28,42.83,2.3044,0.309,1.3596,0.4145,0.9253,0.3118
VCB,2021-05-21,42.23,42.97,42.09,42.44,1459200,42.42,43.14,42.84,0.0517,-1.611,-0.9293,-0.0823,-0.1609,0.2746
VCB,2021-05-24,42.75,43.19,42.31,42.71,1814700,42.39,43.02,42.86,0.7447,-0.7186,-0.354,-0.0537,-0.1138,0.2433
VCB,2021-05-25,42.71,43.85,42.71,43.76,3816000,42.47,42.92,42.89,3.0247,1.946,2.0283,0.9424,2.2293,0.3213
VCB,2021-05-26,43.8,44.64,43.72,44.02,2356000,42.61,42.96,42.93,3.3134,2.4647,2.5453,-0.2212,-0.5383,0.3346
VCB,2021-05-27,43.85,44.02,42.97,43.28,1455000,42.69,42.96,42.95,1.3659,0.7451,0.7595,-0.201,-0.4372,0.316
VCB,2021-05-28,43.41,44.33,42.8,43.67,2196000,42.81,42.97,42.99,2.0074,1.6327,1.5974,0.0627,0.1295,0.295
VCB,2021-05-31,44.29,44.29,43.1,43.23,2621000,42.93,42.94,43.01,0.715,0.6842,0.5158,-0.3334,-0.7066,0.2953
VCB,2021-06-01,43.58,45.69,43.28,45.47,4533500,43.33,43.04,43.07,4.9489,5.6438,5.5815,0.9333,2.0842,0.3344
VCB,2021-06-02,45.6,47.14,45.47,46.48,4274100,43.85,43.15,43.17,6.0,7.7236,7.6645,0.1902,0.4424,0.3435
VCB,2021-06-03,46.52,47.36,46.48,46.79,2802000,44.19,43.31,43.25,5.8847,8.0287,8.1623,-0.1494,-0.3794,0.317
VCB,2021-06-04,46.7,46.7,45.65,46.0,2405800,44.54,43.48,43.33,3.2684,5.7833,6.1419,-0.1491,-0.3152,0.3237
VCB,2021-06-07,45.73,46.0,44.37,45.16,2969900,44.79,43.59,43.41,0.842,3.6113,4.0446,-0.019,-0.0443,0.3202
VCB,2021-06-08,45.16,45.6,43.85,43.85,2351600,44.79,43.63,43.45,-2.1143,0.4874,0.9143,-0.3231,-0.7012,0.2582
VCB,2021-06-09,43.85,44.72,43.5,44.72,2393900,44.86,43.74,43.51,-0.3127,2.2556,2.7853,0.5288,1.2735,0.289
VCB,2021-06-10,44.68,45.12,43.85,44.64,2262500,45.0,43.85,43.57,-0.8087,1.8,2.4495,0.1175,0.2628,0.2806
VCB,2021-06-11,44.33,45.38,44.07,45.08,2048000,45.14,43.98,43.64,-0.1457,2.4976,3.2896,0.2428,0.503,0.2986
VCB,2021-06-14,44.77,45.34,44.42,44.72,1459700,45.29,44.11,43.7,-1.2489,1.3967,2.3377,-0.1466,-0.3393,0.28
VCB,2021-06-15,44.77,45.16,44.29,45.08,1420700,45.25,44.29,43.75,-0.3876,1.7771,3.0184,0.265,0.5909,0.2131
VCB,2021-06-16,44.94,46.48,44.94,45.6,2898400,45.16,44.51,43.81,0.9709,2.463,4.0916,-0.093,-0.2142,0.2034
VCB,2021-06-17,45.16,46.04,44.72,45.69,1557000,45.05,44.62,43.83,1.4112,2.3978,4.2459,0.1703,0.3919,0.2055
VCB,2021-06-18,45.82,47.79,45.73,47.57,3234900,45.21,44.88,43.89,5.2274,6.014,8.4046,0.6348,1.5748,0.2541
VCB,2021-06-21,47.36,47.44,46.48,46.74,2107900,45.37,45.08,43.93,3.025,3.6915,6.4063,-0.2841,-0.6205,0.2806
VCB,2021-06-22,46.96,47.57,46.7,47.18,1481900,45.7,45.25,43.99,3.2332,4.2686,7.2418,0.0396,0.0955,0.2522
VCB,2021-06-23,47.36,48.67,46.92,48.1,2248600,46.04,45.45,44.1,4.4762,5.8267,9.0696,0.2353,0.5822,0.2229
VCB,2021-06-24,48.19,48.58,47.27,48.54,1143400,46.43,45.72,44.2,4.5424,6.1769,9.8062,0.3678,0.8218,0.2479
VCB,2021-06-25,48.54,49.46,47.75,49.37,1688800,46.86,46.0,44.34,5.3616,7.3301,11.3573,0.4053,0.9322,0.2642
VCB,2021-06-28,49.42,49.55,48.71,49.37,1524500,47.32,46.31,44.46,4.3269,6.6187,11.0519,0.2321,0.54,0.2727
VCB,2021-06-29,49.11,49.99,48.89,49.99,1853100,47.82,46.53,44.6,4.5392,7.4205,12.0679,0.6292,1.5965,0.3092
VCB,2021-06-30,49.99,51.39,49.99,51.04,2768000,48.36,46.76,44.78,5.5399,9.1472,13.9768,0.3648,0.8762,0.3363
VCB,2021-07-01,51.17,51.21,50.42,51.04,1836400,48.89,46.97,44.94,4.3853,8.653,13.5787,0.2296,0.5471,0.3423
VCB,2021-07-02,51.04,51.13,49.99,50.38,1727200,49.17,47.19,45.04,2.4521,6.7546,11.8553,-0.1392,-0.3494,0.2927
VCB,2021-07-05,49.94,49.94,48.63,49.81,2049100,49.48,47.43,45.13,0.6646,5.0296,10.362,0.3499,0.7908,0.2993
VCB,2021-07-06,49.33,50.42,49.11,49.11,1669600,49.67,47.69,45.2,-1.1387,2.979,8.6387,-0.216,-0.5105,0.3169
VCB,2021-07-07,49.11,49.72,46.48,49.72,2679800,49.84,47.94,45.33,-0.2288,3.7227,9.6818,0.5214,1.0586,0.3455
VCB,2021-07-08,48.76,49.55,47.79,48.67,1384100,49.85,48.14,45.44,-2.3661,1.1021,7.1118,0.0,0.0,0.3088
VCB,2021-07-09,48.23,48.71,46.83,48.14,2936900,49.73,48.29,45.53,-3.1831,-0.3087,5.7335,0.3119,0.7379,0.2994
VCB,2021-07-12,48.01,48.01,45.21,46.96,2480600,49.49,48.41,45.6,-5.1037,-2.9847,2.9926,0.1059,0.2745,0.2868
VCB,2021-07-13,46.87,46.87,44.77,45.34,1686000,49.02,48.42,45.63,-7.5134,-6.3618,-0.6476,-0.2718,-0.6488,0.2511
VCB,2021-07-14,45.34,45.38,43.85,44.64,2251700,48.38,48.37,45.64,-7.7397,-7.7188,-2.1963,0.0283,0.0625,0.2174
VCB,2021-07-15,43.94,45.82,43.94,44.94,2319400,47.77,48.33,45.67,-5.9202,-7.0126,-1.5843,0.0555,0.1195,0.2
VCB,2021-07-16,44.94,45.34,44.29,44.94,1467300,47.23,48.2,45.72,-4.8371,-6.7589,-1.6881,0.1426,0.3055,0.2003
VCB,2021-07-19,43.85,43.94,42.05,42.53,2542200,46.5,47.99,45.71,-8.5337,-11.375,-6.9437,-0.2429,-0.562,0.1896
VCB,2021-07-20,42.88,44.29,41.0,43.94,2386000,45.98,47.83,45.73,-4.4531,-8.1408,-3.9162,0.3794,0.801,0.206
VCB,2021-07-21,43.63,44.07,43.1,43.41,1463700,45.35,47.59,45.74,-4.2831,-8.7936,-5.0979,-0.234,-0.4915,0.1772
VCB,2021-07-22,43.37,44.15,42.97,43.98,1455800,44.88,47.37,45.77,-2.0125,-7.1511,-3.9162,0.35,0.7418,0.2122
VCB,2021-07-23,43.54,43.76,42.53,42.53,1700300,44.32,47.02,45.77,-4.0364,-9.5529,-7.0792,-0.4064,-0.8126,0.2217
VCB,2021-07-26,42.31,42.75,41.96,42.09,1264200,43.83,46.66,45.77,-3.9712,-9.7872,-8.0372,-0.3955,-0.7419,0.2506
VCB,2021-07-27,42.75,42.8,41.66,41.66,2654200,43.47,46.24,45.78,-4.1662,-9.9227,-9.0021,-1.0813,-1.9841,0.3316
VCB,2021-07-28,41.7,42.53,41.7,42.53,1490800,43.26,45.82,45.8,-1.6726,-7.1726,-7.1379,0.8622,1.8612,0.415
VCB,2021-07-29,42.71,42.93,42.53,42.93,1191800,43.05,45.41,45.79,-0.2954,-5.4746,-6.2566,0.4179,0.8819,0.4512
VCB,2021-07-30,42.66,43.32,42.62,42.97,1354600,42.86,45.04,45.8,0.266,-4.5997,-6.1824,0.0,0.0,0.437
VCB,2021-08-02,42.53,43.28,42.27,42.53,1285000,42.86,44.68,45.8,-0.7571,-4.804,-7.1326,-0.2338,-0.4581,0.436
VCB,2021-08-03,42.58,43.32,42.53,43.32,1265700,42.8,44.39,45.79,1.2295,-2.4053,-5.3912,0.3292,0.6284,0.431
VCB,2021-08-04,43.5,43.54,43.01,43.19,1160300,42.77,44.06,45.77,0.9739,-1.9803,-5.6441,-0.1374,-0.2679,0.4214
VCB,2021-08-05,42.97,43.63,42.93,43.58,1127700,42.73,43.81,45.78,1.9905,-0.5105,-4.7948,0.2435,0.5102,0.4107
VCB,2021-08-06,43.76,43.76,43.01,43.01,1114400,42.78,43.55,45.77,0.5432,-1.2333,-6.0129,-0.2611,-0.4915,0.3962
VCB,2021-08-09,43.01,43.37,42.84,43.1,1228900,42.88,43.36,45.76,0.5112,-0.5916,-5.8159,-0.0,-0.0,0.3566
VCB,2021-08-10,43.41,43.5,43.19,43.41,1556400,43.06,43.26,45.72,0.8147,0.3395,-5.0597,0.1682,0.3297,0.2653
VCB,2021-08-11,43.54,44.59,43.45,44.07,1711800,43.21,43.23,45.67,1.9787,1.927,-3.5194,0.0233,0.0479,0.1814
VCB,2021-08-12,44.07,44.2,43.63,43.8,986600,43.3,43.18,45.61,1.1646,1.4522,-3.97,-0.0764,-0.1552,0.1473
VCB,2021-08-13,43.8,43.8,43.1,43.67,1328900,43.37,43.11,45.57,0.6976,1.2967,-4.1607,0.1573,0.3164,0.163
VCB,2021-08-16,43.67,44.11,43.41,44.11,1992400,43.53,43.19,45.55,1.3398,2.1268,-3.1538,0.3746,0.7644,0.1771
VCB,2021-08-17,44.94,45.16,44.29,44.29,1688700,43.62,43.21,45.56,1.5177,2.4912,-2.7874,-0.4008,-0.7277,0.1843
VCB,2021-08-18,44.29,44.94,43.72,44.29,1848000,43.73,43.25,45.55,1.2633,2.3873,-2.7687,-0.0496,-0.098,0.1755
VCB,2021-08-19,44.15,45.16,43.76,45.08,2576600,43.88,43.31,45.56,2.7178,4.0802,-1.0549,0.5237,1.0461,0.2035
VCB,2021-08-20,44.37,44.68,43.58,43.89,1798500,43.97,43.38,45.53,-0.1795,1.1878,-3.6035,-0.1212,-0.2559,0.1895
VCB,2021-08-23,43.41,43.85,42.36,42.66,2136200,43.93,43.4,45.49,-2.8748,-1.7072,-6.2151,-0.188,-0.373,0.2083
VCB,2021-08-24,43.5,43.5,42.31,42.53,1069100,43.84,43.45,45.44,-2.9806,-2.1092,-6.3996,-0.1782,-0.3939,0.2093
VCB,2021-08-25,42.53,43.41,42.44,42.75,1069200,43.71,43.46,45.38,-2.187,-1.6294,-5.7989,-0.1202,-0.2328,0.219
VCB,2021-08-26,42.88,43.41,42.44,42.44,1076900,43.57,43.44,45.32,-2.5863,-2.2814,-6.3413,-0.3714,-0.7277,0.2485
VCB,2021-08-27,42.09,43.19,42.09,42.88,1106600,43.49,43.43,45.22,-1.4014,-1.262,-5.1774,0.0859,0.1698,0.2414
VCB,2021-08-30,43.15,43.58,42.88,43.54,1221700,43.44,43.48,45.16,0.2423,0.1361,-3.5866,0.2465,0.4782,0.2286
VCB,2021-08-31,43.63,43.8,43.1,43.58,747500,43.37,43.49,45.09,0.5056,0.2067,-3.3356,0.0778,0.1569,0.1963
VCB,2021-09-01,43.58,43.8,42.09,43.58,907500,43.29,43.51,45.0,0.6684,0.1612,-3.1416,0.1682,0.3488,0.2081
VCB,2021-09-06,43.58,43.89,43.58,43.85,905000,43.17,43.53,44.9,1.5641,0.7354,-2.3533,0.1112,0.2236,0.1669
VCB,2021-09-07,43.8,44.2,43.76,43.85,1041800,43.17,43.57,44.79,1.5744,0.6391,-2.1124,-0.1144,-0.2513,0.1662
VCB,2021-09-08,43.85,43.89,42.44,43.72,863000,43.27,43.6,44.68,1.0234,0.2665,-2.159,0.2105,0.3896,0.1684
VCB,2021-09-09,43.72,43.89,43.23,43.54,817200,43.37,43.61,44.55,0.3842,-0.1508,-2.2695,-0.0162,-0.0335,0.1522
VCB,2021-09-10,43.76,43.76,43.23,43.5,857800,43.45,43.58,44.4,0.111,-0.1861,-2.0363,0.0,0.0,0.1402
VCB,2021-09-13,43.32,43.41,43.01,43.01,1043100,43.51,43.54,44.24,-1.1288,-1.2035,-2.7712,-0.199,-0.4045,0.123
VCB,2021-09-14,43.01,43.19,42.53,43.1,1230500,43.53,43.51,44.09,-0.9771,-0.9372,-2.2513,0.1934,0.4359,0.1337
VCB,2021-09-15,43.1,43.1,42.58,42.58,798500,43.43,43.43,43.95,-1.9687,-1.9737,-3.1267,-0.1936,-0.3958,0.1284
VCB,2021-09-16,43.37,43.37,42.75,43.01,570400,43.37,43.37,43.83,-0.8289,-0.8189,-1.8568,-0.0261,-0.0447,0.1232
VCB,2021-09-17,42.75,43.15,42.62,42.62,1002200,43.28,43.29,43.69,-1.5198,-1.5397,-2.441,-0.2359,-0.4353,0.13
VCB,2021-09-20,42.66,44.29,42.66,43.67,1277900,43.26,43.22,43.59,0.9528,1.0552,0.1972,0.0595,0.1244,0.1248
VCB,2021-09-21,43.63,43.76,42.97,42.97,862000,43.17,43.17,43.48,-0.4672,-0.4621,-1.1778,-0.2095,-0.4337,0.1344
VCB,2021-09-22,43.15,43.63,42.97,43.63,362800,43.16,43.22,43.42,1.0768,0.9486,0.4888,0.0877,0.2117,0.1221
VCB,2021-09-23,43.67,44.02,43.19,43.63,676000,43.17,43.27,43.38,1.0563,0.8207,0.568,0.0063,0.0152,0.1211
VCB,2021-09-24,43.63,43.76,43.54,43.63,454700,43.19,43.32,43.36,1.0255,0.7187,0.6148,-0.0275,-0.0618,0.1238
VCB,2021-09-27,43.63,43.72,42.97,42.97,465500,43.18,43.34,43.32,-0.4874,-0.8599,-0.8117,-0.075,-0.1626,0.1114
VCB,2021-09-28,42.88,43.54,42.75,43.5,484500,43.22,43.37,43.29,0.6391,0.2831,0.4699,0.0983,0.2019,0.1019
VCB,2021-09-29,43.63,43.63,42.75,43.19,565000,43.28,43.36,43.31,-0.2127,-0.3843,-0.2693,0.0,0.0,0.0826
VCB,2021-09-30,43.19,43.23,42.58,42.62,1199900,43.24,43.31,43.28,-1.4399,-1.5896,-1.5257,-0.4495,-0.8262,0.1249
VCB,2021-10-01,42.66,43.06,42.01,42.05,1611900,43.19,43.23,43.25,-2.6297,-2.7334,-2.7817,-0.3858,-0.761,0.1399
VCB,2021-10-04,42.09,42.31,41.39,41.48,913400,42.97,43.11,43.2,-3.4595,-3.7885,-3.9886,-0.1961,-0.3458,0.1536
VCB,2021-10-05,41.7,42.14,41.7,41.92,973700,42.86,43.02,43.19,-2.1995,-2.5534,-2.9461,0.0,0.0,0.1326
VCB,2021-10-06,41.92,41.92,41.57,41.92,691200,42.69,42.93,43.19,-1.8077,-2.3493,-2.9383,0.2074,0.4042,0.1446
VCB,2021-10-07,41.92,42.44,41.66,42.44,797200,42.57,42.87,43.2,-0.2987,-0.9972,-1.7558,0.2128,0.4189,0.1652
VCB,2021-10-08,42.36,42.53,41.92,42.53,697000,42.46,42.82,43.2,0.1652,-0.6809,-1.5528,0.2299,0.4613,0.1855
VCB,2021-10-11,42.53,43.15,42.44,42.75,1096000,42.44,42.81,43.2,0.7335,-0.1383,-1.0373,-0.031,-0.0596,0.1811
VCB,2021-10-12,43.1,43.1,42.53,42.53,761100,42.34,42.78,43.19,0.4453,-0.5842,-1.5248,-0.2283,-0.4392,0.1941
VCB,2021-10-13,42.93,42.97,42.53,42.53,1426300,42.28,42.78,43.19,0.6015,-0.5791,-1.5248,-0.4473,-0.8145,0.2388
VCB,2021-10-14,42.53,42.62,42.05,42.4,1784700,42.26,42.75,43.17,0.3424,-0.8154,-1.7875,0.1167,0.2171,0.2055
VCB,2021-10-15,42.44,42.66,42.31,42.31,731500,42.28,42.73,43.15,0.0726,-0.985,-1.9508,-0.2542,-0.5176,0.1924
VCB,2021-10-18,42.23,42.53,41.66,42.09,1247900,42.34,42.65,43.12,-0.5902,-1.3158,-2.3914,-0.0,-0.0,0.1728
VCB,2021-10-19,42.14,42.31,41.74,42.27,836300,42.38,42.62,43.11,-0.2587,-0.823,-1.9508,0.2357,0.4331,0.1963
VCB,2021-10-20,42.27,42.4,41.22,41.66,1561000,42.35,42.52,43.08,-1.6461,-2.0366,-3.3099,-0.1434,-0.3065,0.1899
VCB,2021-10-21,41.83,42.09,41.22,41.22,1226100,42.23,42.4,43.04,-2.3985,-2.7921,-4.2302,-0.3284,-0.5887,0.2015
VCB,2021-10-22,41.66,41.66,41.22,41.35,240000,42.11,42.29,42.98,-1.8117,-2.219,-3.803,-0.0251,-0.0461,0.181
VCB,2021-10-25,42.05,42.05,41.26,41.26,800600,41.96,42.2,42.93,-1.6719,-2.2287,-3.8933,-0.1416,-0.2602,0.1921
VCB,2021-10-26,41.26,41.48,41.04,41.22,632000,41.83,42.09,42.88,-1.4675,-2.068,-3.8855,-0.029,-0.0548,0.1721
VCB,2021-10-27,41.48,42.31,41.35,42.14,1428600,41.79,42.03,42.84,0.8289,0.2451,-1.6477,0.185,0.2983,0.1459
VCB,2021-10-28,42.36,42.93,42.14,42.93,1772600,41.84,42.05,42.82,2.5883,2.0855,0.2581,0.4281,0.7815,0.177
VCB,2021-10-29,42.66,43.15,42.49,42.97,1263800,41.91,42.1,42.79,2.5319,2.078,0.4222,0.1208,0.2272,0.1637
VCB,2021-11-01,43.01,43.06,42.53,42.53,1057500,41.95,42.15,42.74,1.3796,0.9103,-0.4842,-0.178,-0.3271,0.1815
VCB,2021-11-02,42.71,42.97,42.66,42.93,808300,42.02,42.2,42.72,2.1601,1.7248,0.4845,0.1045,0.2036,0.1684
VCB,2021-11-03,42.84,43.32,42.66,43.28,1830000,42.18,42.27,42.73,2.5987,2.3912,1.2765,0.1513,0.3091,0.1692
VCB,2021-11-04,43.28,43.32,42.62,43.15,989400,42.37,42.3,42.74,1.8212,1.9953,0.9396,0.1095,0.2043,0.1473
VCB,2021-11-05,42.75,43.41,42.53,42.75,1126300,42.51,42.31,42.74,0.5569,1.0363,0.0164,-0.134,-0.2565,0.1582
VCB,2021-11-08,43.01,43.15,42.75,43.06,1184200,42.69,42.33,42.76,0.8524,1.7248,0.7055,0.1475,0.2759,0.1588
VCB,2021-11-09,42.97,43.23,42.53,42.58,1377600,42.83,42.33,42.75,-0.5938,0.5801,-0.4082,-0.2314,-0.4517,0.179
VCB,2021-11-10,42.58,43.06,42.44,42.8,857100,42.9,42.34,42.74,-0.2351,1.0666,0.1395,0.0245,0.0416,0.163
VCB,2021-11-11,42.88,43.54,42.53,43.1,1115600,42.91,42.38,42.73,0.4394,1.7072,0.8805,0.0268,0.0517,0.1228
VCB,2021-11-12,43.1,43.1,42.75,43.06,614800,42.92,42.42,42.72,0.3167,1.5144,0.8027,0.0853,0.1671,0.1193
VCB,2021-11-15,43.1,43.41,42.62,42.84,766700,42.95,42.45,42.7,-0.2654,0.9089,0.3369,-0.063,-0.1148,0.1078
VCB,2021-11-16,42.84,43.19,42.53,42.62,706300,42.92,42.47,42.67,-0.7049,0.351,-0.1192,-0.1085,-0.1898,0.1082
VCB,2021-11-17,42.62,43.01,42.62,42.97,788300,42.89,42.54,42.66,0.184,1.0205,0.7381,0.1491,0.2614,0.108
VCB,2021-11-18,43.1,43.1,42.53,42.53,709700,42.83,42.6,42.64,-0.6961,-0.1647,-0.2427,-0.1053,-0.1812,0.1076
VCB,2021-11-19,42.62,42.93,42.58,42.58,413000,42.81,42.66,42.62,-0.5531,-0.2056,-0.0967,-0.0618,-0.114,0.1003
VCB,2021-11-22,42.66,43.37,42.58,43.32,1017300,42.84,42.77,42.62,1.1259,1.297,1.6377,0.113,0.2322,0.0969
VCB,2021-11-23,43.41,43.45,43.06,43.45,549200,42.93,42.88,42.63,1.2257,1.3396,1.9296,0.108,0.1809,0.0845
VCB,2021-11-24,43.5,46.3,43.5,45.95,1883300,43.24,43.07,42.7,6.2665,6.6938,7.6218,0.2039,0.4063,0.1025
VCB,2021-11-25,46.04,47.36,45.86,46.96,1473200,43.63,43.27,42.78,7.6382,8.5271,9.7808,0.1555,0.3046,0.1153
VCB,2021-11-26,46.79,47.44,45.6,46.04,879600,43.93,43.42,42.85,4.8113,6.0231,7.4565,-0.0852,-0.1601,0.1153
VCB,2021-11-29,45.29,46.0,44.29,44.33,851000,44.08,43.51,42.86,0.577,1.8742,3.4335,-0.1553,-0.2627,0.1246
VCB,2021-11-30,45.6,45.6,43.37,43.37,1336500,44.15,43.54,42.87,-1.7777,-0.3928,1.1641,-0.2485,-0.4669,0.1386
VCB,2021-12-01,43.58,44.51,43.1,43.41,551500,44.19,43.54,42.86,-1.776,-0.3071,1.2767,-0.0746,-0.1371,0.1311
VCB,2021-12-02,43.98,44.2,43.32,43.45,787700,44.29,43.56,42.86,-1.8812,-0.2416,1.3873,-0.1316,-0.2281,0.1337
VCB,2021-12-03,43.5,44.2,42.75,42.97,795900,44.33,43.57,42.85,-3.0567,-1.3737,0.2927,-0.0689,-0.1211,0.1344
VCB,2021-12-06,42.97,43.85,41.83,41.83,1008600,44.18,43.51,42.82,-5.3102,-3.8549,-2.3161,-0.1878,-0.3464,0.1419
VCB,2021-12-07,42.14,43.58,42.14,43.06,820000,44.14,43.53,42.81,-2.4439,-1.0878,0.5715,0.0479,0.0877,0.1359
VCB,2021-12-08,42.97,43.58,42.97,43.28,507500,43.87,43.56,42.82,-1.3493,-0.6393,1.0794,-0.0,-0.0,0.1155
VCB,2021-12-09,42.71,43.58,42.66,43.5,805400,43.52,43.58,42.83,-0.0604,-0.1811,1.5499,0.1934,0.3233,0.1193
VCB,2021-12-10,44.29,45.08,43.8,43.85,1881200,43.3,43.62,42.87,1.2556,0.5328,2.283,-0.5112,-0.9065,0.1619
VCB,2021-12-13,44.72,44.72,43.5,43.67,1038000,43.24,43.66,42.91,1.004,0.0352,1.7697,-0.1814,-0.331,0.1645
VCB,2021-12-14,43.67,44.07,43.45,43.54,862300,43.26,43.7,42.95,0.6589,-0.3712,1.3865,-0.1491,-0.279,0.1546
VCB,2021-12-15,43.63,44.15,43.41,43.8,732300,43.29,43.74,42.98,1.1748,0.1353,1.9097,0.0107,0.0188,0.1482
VCB,2021-12-16,44.2,44.2,43.01,43.45,1047100,43.29,43.79,43.0,0.3646,-0.771,1.0461,-0.051,-0.0957,0.1401
VCB,2021-12-17,43.85,43.85,42.31,42.31,3475700,43.23,43.78,43.0,-2.1199,-3.3453,-1.5949,-0.6364,-1.1384,0.1969
VCB,2021-12-20,43.19,43.63,43.01,43.63,736900,43.41,43.79,43.02,0.505,-0.3755,1.423,0.1599,0.2906,0.1941
VCB,2021-12-21,43.41,43.76,43.19,43.37,774100,43.44,43.79,43.03,-0.1716,-0.9663,0.7724,-0.063,-0.0982,0.1956
VCB,2021-12-22,43.61,44.06,43.38,43.55,1915300,43.47,43.67,43.05,0.1972,-0.2642,1.1608,-0.1715,-0.3037,0.2128
VCB,2021-12-23,43.89,44.69,43.33,43.33,1489000,43.45,43.49,43.07,-0.2849,-0.3684,0.5913,-0.2436,-0.4056,0.2178
VCB,2021-12-24,43.5,44.46,43.5,44.46,849400,43.51,43.41,43.11,2.1782,2.4225,3.1184,0.1977,0.3971,0.1864
VCB,2021-12-27,44.69,45.48,44.12,45.2,934100,43.66,43.45,43.18,3.5079,4.015,4.6755,0.1612,0.269,0.1844
VCB,2021-12-28,45.31,45.87,44.18,45.31,1168800,43.84,43.55,43.24,3.3488,4.043,4.7903,0.0793,0.1461,0.1774
VCB,2021-12-29,45.03,45.2,44.8,45.03,440000,43.96,43.63,43.3,2.4175,3.2012,3.9732,0.0159,0.0285,0.1779
VCB,2021-12-30,45.2,45.25,44.01,44.4,920300,44.06,43.68,43.37,0.7827,1.6626,2.384,-0.0823,-0.1464,0.1811
VCB,2021-12-31,44.74,44.86,44.4,44.63,422000,44.29,43.76,43.43,0.7671,1.9877,2.7509,0.0,0.0,0.1174
VCB,2022-01-04,44.74,44.97,44.18,44.74,1133800,44.4,43.9,43.5,0.7694,1.9074,2.8468,0.1096,0.1774,0.1124
VCB,2022-01-05,44.74,45.54,44.18,44.18,1603100,44.48,43.96,43.56,-0.6875,0.4896,1.407,-0.2522,-0.4093,0.1313
VCB,2022-01-06,44.52,45.25,44.12,44.8,1215600,44.61,44.04,43.62,0.4317,1.7307,2.7116,0.0478,0.0774,0.119
VCB,2022-01-07,45.08,45.25,44.29,45.2,966200,44.79,44.12,43.66,0.8977,2.4334,3.5128,0.1678,0.2756,0.1114
VCB,2022-01-10,45.14,45.25,44.46,45.03,1097000,44.85,44.18,43.7,0.3915,1.9122,3.0267,0.0597,0.1029,0.0976
VCB,2022-01-11,45.31,45.31,44.46,44.97,952700,44.83,44.25,43.75,0.3159,1.6349,2.7825,0.0367,0.061,0.0851
VCB,2022-01-12,44.97,45.31,44.18,45.31,1801500,44.83,44.33,43.8,1.0739,2.1987,3.4465,0.2687,0.4352,0.1041
VCB,2022-01-13,45.59,47.8,45.42,46.38,2532800,44.96,44.46,43.86,3.1616,4.3223,5.7533,-0.0685,-0.1371,0.1093
VCB,2022-01-14,46.38,47.23,45.87,47.23,1522100,45.25,44.65,43.94,4.3935,5.7831,7.4898,0.4252,0.726,0.1436
VCB,2022-01-17,47.01,49.84,46.61,48.82,2628500,45.67,44.98,44.06,6.9081,8.5436,10.7926,0.123,0.2456,0.1559
VCB,2022-01-18,48.42,49.61,47.57,49.61,1696600,46.15,45.28,44.2,7.4979,9.5775,12.258,0.4069,0.8604,0.1856
VCB,2022-01-19,49.56,49.56,48.14,49.16,914800,46.65,45.57,44.33,5.3782,7.8864,10.9024,0.1122,0.2381,0.1716
VCB,2022-01-20,48.25,49.56,47.06,49.33,2794300,47.1,45.86,44.46,4.7253,7.5773,10.9585,0.513,0.9576,0.2182
VCB,2022-01-21,49.22,50.97,48.76,50.52,2502300,47.64,46.21,44.61,6.0516,9.3137,13.2559,0.4185,0.8181,0.2432
VCB,2022-01-24,50.63,52.95,49.95,52.67,2728300,48.4,46.63,44.8,8.8228,12.9669,17.5739,0.3837,0.8374,0.2756
VCB,2022-01-25,52.39,54.37,50.41,54.26,2396600,49.33,47.08,45.03,9.9885,15.2481,20.4995,0.4591,0.9836,0.3179
VCB,2022-01-26,54.26,54.26,52.44,53.52,2523500,50.15,47.49,45.24,6.7194,12.7013,18.2916,0.1183,0.2773,0.3028
VCB,2022-01-27,52.67,53.52,51.2,51.54,1732900,50.67,47.81,45.42,1.7214,7.788,13.4806,-0.5168,-1.1017,0.3477
VCB,2022-01-28,51.54,52.1,50.41,50.41,2055700,50.98,48.11,45.57,-1.1331,4.7613,10.603,-0.5339,-1.1195,0.3585
VCB,2022-02-07,51.31,52.61,50.69,52.33,1620800,51.33,48.5,45.77,1.9418,7.8998,14.3388,0.3778,0.7644,0.384
VCB,2022-02-08,52.33,52.33,51.03,52.1,1146400,51.58,48.87,45.94,1.0101,6.6234,13.4085,0.2424,0.4854,0.3676
VCB,2022-02-09,51.65,52.05,51.14,51.43,1582900,51.81,49.23,46.1,-0.7433,4.4579,11.5422,-0.1477,-0.2867,0.3711
VCB,2022-02-10,51.6,52.9,51.54,51.71,1827200,52.05,49.58,46.22,-0.6529,4.3011,11.877,-0.6212,-1.1578,0.3819
VCB,2022-02-11,51.71,51.88,50.97,50.97,1158400,52.09,49.86,46.3,-2.1526,2.2205,10.0929,-0.4166,-0.7573,0.3817
VCB,2022-02-14,49.9,50.29,48.71,48.71,3629100,51.7,50.05,46.35,-5.7844,-2.6819,5.0788,-0.689,-1.3532,0.4123
VCB,2022-02-15,48.71,50.01,47.46,49.27,2453500,51.2,50.26,46.45,-3.7611,-1.9718,6.0744,0.3989,0.7211,0.4063
VCB,2022-02-16,49.56,49.78,48.93,49.27,1286000,50.77,50.46,46.57,-2.9559,-2.3569,5.8053,-0.0855,-0.1663,0.403
VCB,2022-02-17,49.27,49.67,49.16,49.56,1431200,50.58,50.62,46.69,-2.0157,-2.1034,6.1332,0.3069,0.5208,0.382
VCB,2022-02-18,48.93,49.56,48.93,49.39,1066200,50.47,50.73,46.81,-2.1544,-2.646,5.5012,0.1475,0.2832,0.3433
VCB,2022-02-21,49.05,49.61,49.05,49.5,1017900,50.19,50.76,46.94,-1.3767,-2.488,5.449,0.1753,0.3539,0.3231
VCB,2022-02-22,49.27,49.27,48.14,49.16,1540200,49.9,50.74,47.09,-1.4756,-3.1142,4.399,0.3054,0.563,0.3294
VCB,2022-02-23,49.27,49.27,48.59,49.22,986300,49.68,50.74,47.21,-0.9235,-3.008,4.2466,0.2385,0.4449,0.3385
VCB,2022-02-24,49.1,49.16,48.14,48.31,2078700,49.34,50.69,47.31,-2.0778,-4.6981,2.1096,-0.3257,-0.624,0.3089
VCB,2022-02-25,48.31,48.65,48.14,48.2,1616500,49.06,50.58,47.41,-1.7548,-4.7033,1.6681,-0.3212,-0.5858,0.2994
VCB,2022-02-28,48.2,48.2,47.8,47.86,1322100,48.97,50.34,47.49,-2.2782,-4.9226,0.7808,-0.2403,-0.436,0.2545
VCB,2022-03-01,47.86,48.37,47.63,48.14,1295400,48.86,50.03,47.58,-1.4721,-3.7754,1.1867,0.1134,0.2151,0.226
VCB,2022-03-02,48.48,48.48,47.69,48.14,1655600,48.75,49.76,47.67,-1.2432,-3.2552,0.9914,0.0422,0.0841,0.2216
VCB,2022-03-03,48.14,48.42,47.97,48.42,1052200,48.63,49.6,47.76,-0.4309,-2.3805,1.389,0.1922,0.3574,0.2102
VCB,2022-03-04,48.25,48.42,48.03,48.08,1058100,48.5,49.49,47.85,-0.8641,-2.8382,0.4826,-0.1813,-0.3251,0.2135
VCB,2022-03-07,47.74,48.08,47.52,48.08,1002800,48.36,49.28,47.97,-0.5738,-2.4194,0.2408,0.2577,0.4482,0.2218
VCB,2022-03-08,47.46,47.86,46.16,46.16,2936300,48.06,48.98,48.02,-3.9595,-5.7586,-3.8749,-0.4562,-0.7942,0.2369
VCB,2022-03-09,46.33,47.06,46.27,47.01,1325300,47.84,48.76,48.09,-1.7403,-3.5893,-2.2541,0.2668,0.4587,0.2397
VCB,2022-03-10,47.01,47.4,46.95,47.29,1154100,47.74,48.54,48.17,-0.9372,-2.5671,-1.8178,0.1523,0.276,0.2224
VCB,2022-03-11,47.4,47.52,47.01,47.46,876100,47.66,48.36,48.25,-0.4278,-1.862,-1.634,0.161,0.2987,0.2063
VCB,2022-03-14,47.18,47.69,47.12,47.69,1438200,47.65,48.31,48.31,0.0832,-1.2896,-1.2965,0.2881,0.5313,0.2111
VCB,2022-03-15,47.57,47.63,45.87,45.93,2385900,47.43,48.14,48.33,-3.1526,-4.5939,-4.9595,-0.6611,-1.1413,0.2659
VCB,2022-03-16,46.04,47.12,46.04,46.72,1000600,47.29,48.02,48.36,-1.1858,-2.6893,-3.3754,0.094,0.1746,0.2711
VCB,2022-03-17,47.01,47.29,46.84,47.01,1222400,47.14,47.89,48.4,-0.2883,-1.839,-2.8695,-0.0855,-0.163,0.2604
VCB,2022-03-18,47.06,48.25,46.95,47.69,1406600,47.1,47.8,48.46,1.2384,-0.2429,-1.5987,0.0562,0.0945,0.2479
VCB,2022-03-21,47.69,48.42,47.57,48.08,933900,47.1,47.73,48.53,2.0801,0.7356,-0.9219,0.0513,0.0847,0.2273
VCB,2022-03-22,48.08,48.42,48.08,48.08,775100,47.3,47.68,48.6,1.6645,0.8493,-1.0582,-0.1659,-0.3032,0.1982
VCB,2022-03-23,48.08,48.48,48.08,48.08,966600,47.4,47.62,48.68,1.4337,0.9693,-1.217,-0.2358,-0.4288,0.1951
VCB,2022-03-24,48.08,48.08,47.29,47.29,570200,47.4,47.57,48.73,-0.2389,-0.5893,-2.9454,-0.1402,-0.2365,0.1939
VCB,2022-03-25,47.57,47.57,46.44,46.72,1137800,47.33,47.5,48.76,-1.2804,-1.6276,-4.1678,-0.138,-0.2423,0.1916
VCB,2022-03-28,47.01,47.01,46.44,46.67,725400,47.23,47.44,48.79,-1.1872,-1.6237,-4.3484,-0.0287,-0.0488,0.1657
VCB,2022-03-29,46.67,47.01,46.21,46.38,1018600,47.27,47.35,48.82,-1.8809,-2.0393,-4.984,-0.1838,-0.3104,0.118
VCB,2022-03-30,46.33,47.29,46.16,46.44,913900,47.25,47.27,48.84,-1.7022,-1.7434,-4.9121,-0.096,-0.1747,0.1182
VCB,2022-03-31,46.44,46.78,46.44,46.5,492400,47.19,47.17,48.84,-1.4761,-1.4228,-4.8006,-0.0891,-0.1565,0.1185
VCB,2022-04-01,46.5,47.35,45.93,46.89,900300,47.12,47.11,48.84,-0.4688,-0.4568,-3.9755,0.0752,0.1311,0.1204
VCB,2022-04-04,47.12,47.63,46.78,46.78,712000,46.99,47.04,48.8,-0.4339,-0.5598,-4.1274,-0.1534,-0.258,0.1306
VCB,2022-04-05,46.89,47.12,46.78,47.01,526100,46.88,47.09,48.74,0.2779,-0.1684,-3.5601,0.0513,0.088,0.1192
VCB,2022-04-06,46.95,48.14,46.27,47.91,2009600,46.86,47.13,48.72,2.248,1.6583,-1.6508,0.3171,0.5569,0.1273
VCB,2022-04-07,48.08,48.25,47.01,47.01,928000,46.83,47.12,48.67,0.3749,-0.2344,-3.4187,-0.1928,-0.3409,0.1325
VCB,2022-04-08,47.52,47.52,46.95,47.01,788200,46.86,47.1,48.6,0.3142,-0.1864,-3.2792,-0.1199,-0.2323,0.1307
VCB,2022-04-12,47.01,47.12,46.21,46.67,841300,46.86,47.04,48.48,-0.4109,-0.8006,-3.7406,0.0,0.0,0.1279
VCB,2022-04-13,47.01,47.06,46.44,46.67,850700,46.89,47.08,48.33,-0.4711,-0.8781,-3.4383,-0.0557,-0.0957,0.115
VCB,2022-04-14,46.67,46.95,45.87,45.87,1151400,46.83,47.04,48.18,-2.0438,-2.4743,-4.7776,-0.3831,-0.64,0.1438
VCB,2022-04-15,45.99,46.16,45.42,45.42,894800,46.72,46.96,48.05,-2.7879,-3.2744,-5.478,-0.2297,-0.3999,0.1578
VCB,2022-04-18,45.31,45.42,43.95,44.01,1237300,46.44,46.78,47.93,-5.2323,-5.9208,-8.1799,-0.1984,-0.3798,0.1701
VCB,2022-04-19,44.06,44.46,43.95,44.01,1003400,46.16,46.57,47.76,-4.6626,-5.5089,-7.8598,-0.1593,-0.3046,0.1707
VCB,2022-04-20,44.18,44.69,44.01,44.4,904600,45.9,46.39,47.61,-3.2576,-4.2793,-6.7288,0.0306,0.0615,0.1687
VCB,2022-04-21,44.4,44.86,44.29,44.4,2178200,45.55,46.2,47.47,-2.5118,-3.898,-6.4528,-0.3021,-0.5544,0.1672
VCB,2022-04-22,44.8,46.78,44.8,46.55,2776600,45.5,46.17,47.36,2.3152,0.8403,-1.7052,0.5885,1.091,0.2067
VCB,2022-04-25,46.55,47.01,43.61,46.33,2479400,45.43,46.15,47.27,1.9696,0.3927,-1.9913,0.2546,0.5606,0.2202
VCB,2022-04-26,44.74,45.59,44.74,45.59,1912000,45.33,46.09,47.21,0.5873,-1.0874,-3.4216,0.3395,0.674,0.2541
VCB,2022-04-27,45.25,46.44,44.29,46.16,1429800,45.27,46.08,47.14,1.9515,0.1659,-2.0927,0.3813,0.7116,0.2867
VCB,2022-04-28,46.16,46.21,45.03,46.16,564100,45.3,46.07,47.08,1.8877,0.1967,-1.9631,0.2183,0.4307,0.2702
VCB,2022-04-29,46.1,46.61,45.31,45.82,1259200,45.34,46.03,47.01,1.0492,-0.4675,-2.5301,-0.0948,-0.1819,0.2567
VCB,2022-05-04,45.82,45.87,44.74,45.25,892600,45.47,45.95,46.92,-0.4734,-1.5222,-3.5653,-0.0302,-0.0605,0.2399
VCB,2022-05-05,45.59,46.16,45.08,45.87,1019300,45.65,45.91,46.85,0.4838,-0.0679,-2.0864,0.2286,0.4176,0.2468
VCB,2022-05-06,45.14,45.99,44.97,44.97,775900,45.71,45.8,46.77,-1.6231,-1.8238,-3.8485,-0.2032,-0.4076,0.2641
VCB,2022-05-09,44.63,45.54,44.06,44.12,1674200,45.68,45.61,46.67,-3.4218,-3.2779,-5.4589,-0.271,-0.5856,0.261
VCB,2022-05-10,43.67,45.31,43.67,45.31,926000,45.56,45.53,46.61,-0.547,-0.4851,-2.7852,0.1981,0.3991,0.222
VCB,2022-05-11,45.31,45.48,44.74,45.31,931300,45.46,45.44,46.55,-0.3239,-0.2991,-2.6646,0.3179,0.5529,0.2283
VCB,2022-05-12,44.74,45.25,43.61,43.61,972300,45.26,45.29,46.46,-3.6416,-3.7139,-6.1433,-0.2165,-0.4622,0.216
VCB,2022-05-13,43.61,44.18,41.34,41.34,1963600,44.78,45.03,46.33,-7.6651,-8.1761,-10.7579,-0.3272,-0.7449,0.2106
VCB,2022-05-16,42.76,43.27,41.91,42.02,1558800,44.36,44.83,46.21,-5.2726,-6.2658,-9.0508,-0.3208,-0.7213,0.2208
VCB,2022-05-17,42.02,43.61,41.4,43.04,2262300,44.09,44.71,46.1,-2.3638,-3.7365,-6.627,0.2161,0.4571,0.233
VCB,2022-05-18,43.61,43.61,42.48,42.7,881000,43.83,44.65,45.99,-2.5714,-4.3572,-7.1474,-0.1742,-0.3452,0.2474
VCB,2022-05-19,42.48,43.44,42.36,43.04,575800,43.55,44.6,45.89,-1.1575,-3.4921,-6.2029,0.0666,0.1308,0.2312
VCB,2022-05-20,42.53,43.33,42.48,42.65,661800,43.32,44.51,45.82,-1.5429,-4.1924,-6.9244,-0.1712,-0.3483,0.228
VCB,2022-05-23,42.82,42.82,41.68,42.14,631600,43.12,44.4,45.72,-2.2724,-5.096,-7.8409,-0.0498,-0.1046,0.2058
VCB,2022-05-24,42.42,42.87,42.08,42.82,898700,42.87,44.21,45.63,-0.1189,-3.1576,-6.1709,0.2063,0.4177,0.2067
VCB,2022-05-25,43.04,43.61,42.36,43.61,817000,42.7,44.08,45.56,2.1356,-1.0601,-4.2717,0.1777,0.3762,0.1926
VCB,2022-05-26,43.61,43.67,43.04,43.44,978900,42.68,43.97,45.47,1.7781,-1.2044,-4.4665,0.1118,0.2399,0.1822
VCB,2022-05-27,43.44,43.84,43.21,43.84,892000,42.93,43.85,45.43,2.1108,-0.0387,-3.5057,0.4139,0.7479,0.1908
VCB,2022-05-30,43.84,45.87,43.27,44.18,1327400,43.15,43.75,45.38,2.3891,0.9643,-2.6485,-0.1918,-0.3737,0.178
VCB,2022-05-31,44.69,44.69,44.18,44.69,483700,43.31,43.7,45.33,3.1777,2.2617,-1.4243,0.1801,0.3615,0.1744
VCB,2022-06-01,44.74,45.59,44.74,45.59,798800,43.6,43.71,45.29,4.5726,4.2949,0.6678,0.3517,0.6471,0.1921
VCB,2022-06-02,45.76,45.76,44.74,44.74,641400,43.77,43.66,45.22,2.2257,2.4843,-1.062,-0.1804,-0.3819,0.2035
VCB,2022-06-03,44.4,45.03,43.27,43.89,527800,43.89,43.6,45.14,0.0,0.6624,-2.7603,-0.0945,-0.1699,0.1958
VCB,2022-06-06,43.89,45.31,42.53,45.14,880500,44.19,43.65,45.08,2.1402,3.3991,0.1307,0.2044,0.4036,0.2113
VCB,2022-06-07,44.74,46.44,44.23,45.87,933000,44.5,43.68,45.05,3.0928,5.0175,1.8279,0.1167,0.2261,0.2023
VCB,2022-06-08,45.87,45.87,44.63,44.86,1164700,44.62,43.66,45.01,0.5204,2.737,-0.3523,-0.2503,-0.4832,0.2096
VCB,2022-06-09,44.74,45.25,44.01,44.06,1067500,44.69,43.68,44.96,-1.3942,0.8687,-2.0003,-0.4006,-0.7829,0.2385
VCB,2022-06-10,44.06,44.74,43.84,44.01,390900,44.7,43.82,44.91,-1.5583,0.433,-2.0226,-0.0543,-0.1047,0.2025
VCB,2022-06-13,43.61,43.61,41.97,43.27,1105800,44.61,43.88,44.85,-3.0088,-1.3876,-3.5256,0.1069,0.2331,0.194
VCB,2022-06-14,42.76,44.23,41.91,43.61,1066200,44.5,43.91,44.79,-2.0107,-0.6772,-2.6426,0.1657,0.3203,0.1926
VCB,2022-06-15,43.84,44.35,42.65,43.33,1243600,44.28,43.94,44.72,-2.1489,-1.3921,-3.1204,-0.064,-0.1542,0.1638
VCB,2022-06-16,43.44,45.31,43.33,44.8,1209600,44.28,44.03,44.68,1.1638,1.756,0.2611,0.1787,0.4092,0.1636
VCB,2022-06-17,43.61,44.35,43.1,43.1,1050600,44.2,44.05,44.6,-2.4984,-2.1536,-3.3724,-0.2181,-0.492,0.176
VCB,2022-06-20,45.03,45.03,42.65,43.04,1089700,43.99,44.09,44.51,-2.1627,-2.3826,-3.2882,-0.1416,-0.3349,0.1697
VCB,2022-06-21,43.04,44.01,42.59,44.01,937100,43.81,44.15,44.45,0.4525,-0.3335,-0.9914,0.2377,0.5537,0.1818
VCB,2022-06-22,44.12,44.18,42.48,43.04,1069200,43.63,44.12,44.37,-1.3371,-2.4515,-2.9845,-0.0885,-0.201,0.1656
VCB,2022-06-23,42.53,43.44,42.42,42.99,590200,43.52,44.1,44.29,-1.2233,-2.5299,-2.9511,0.022,0.0482,0.1277
VCB,2022-06-24,43.16,43.21,42.25,42.48,648600,43.37,44.03,44.21,-2.0504,-3.537,-3.9201,-0.1563,-0.3424,0.1379
VCB,2022-06-27,42.76,43.04,42.36,42.42,862500,43.28,43.95,44.14,-1.989,-3.4732,-3.898,-0.2492,-0.5469,0.1522
VCB,2022-06-28,42.48,43.61,42.36,43.21,1095800,43.24,43.87,44.1,-0.0655,-1.5039,-2.0036,0.1527,0.3194,0.1509
VCB,2022-06-29,42.93,42.99,42.65,42.76,847500,43.18,43.73,44.07,-0.9836,-2.2211,-2.9763,-0.162,-0.3226,0.1607
VCB,2022-06-30,42.76,43.04,42.36,42.36,678400,42.94,43.61,44.04,-1.3453,-2.8635,-3.8041,-0.1736,-0.4139,0.1602
VCB,2022-07-01,42.19,42.48,41.29,41.91,1383000,42.82,43.51,43.99,-2.1294,-3.6835,-4.7251,0.02,0.0474,0.1404
VCB,2022-07-04,42.42,42.59,41.85,41.97,746200,42.71,43.35,43.94,-1.7502,-3.2005,-4.4906,-0.2723,-0.5933,0.1534
VCB,2022-07-05,42.42,42.42,41.68,41.91,1064500,42.51,43.16,43.85,-1.3991,-2.8871,-4.4175,-0.1309,-0.2796,0.1428
VCB,2022-07-06,41.74,41.85,39.02,41.23,1548200,42.32,42.98,43.75,-2.5826,-4.059,-5.7483,0.2426,0.5177,0.1582
VCB,2022-07-07,41.17,42.76,40.61,42.76,1258400,42.3,42.91,43.69,1.0845,-0.3498,-2.126,0.7706,1.4676,0.233
VCB,2022-07-08,42.42,42.48,41.85,41.91,761000,42.24,42.81,43.6,-0.791,-2.0905,-3.8836,-0.2393,-0.5512,0.2413
VCB,2022-07-11,41.51,41.63,40.78,40.78,660800,42.08,42.68,43.5,-3.0956,-4.4586,-6.25,-0.2899,-0.6227,0.2454
VCB,2022-07-12,40.83,41.12,40.61,40.72,811500,41.83,42.54,43.39,-2.6537,-4.2674,-6.1603,-0.1654,-0.352,0.2467
VCB,2022-07-13,40.66,41.57,40.44,40.66,1379900,41.62,42.4,43.3,-2.2996,-4.1004,-6.0922,-0.3273,-0.7815,0.2632
VCB,2022-07-14,40.66,41.23,40.55,41.0,329400,41.49,42.21,43.21,-1.1604,-2.8644,-5.094,0.0379,0.0861,0.2496
VCB,2022-07-15,40.83,41.63,40.83,40.95,597500,41.39,42.11,43.12,-1.0673,-2.7507,-5.0483,-0.126,-0.274,0.2602
VCB,2022-07-18,41.06,41.29,40.78,40.78,391400,41.27,41.99,43.06,-1.1939,-2.893,-5.2956,-0.1518,-0.3418,0.2482
VCB,2022-07-19,40.78,40.83,40.27,40.38,812100,41.12,41.81,42.96,-1.7906,-3.4202,-6.0012,-0.2499,-0.5502,0.26
VCB,2022-07-20,40.55,41.06,40.55,41.06,544900,41.1,41.71,42.87,-0.0965,-1.5614,-4.2297,0.1851,0.4105,0.2543
VCB,2022-07-21,41.06,41.29,40.83,41.06,1164600,40.93,41.62,42.82,0.3183,-1.3337,-4.1157,0.0,0.0,0.1772
VCB,2022-07-22,40.83,41.17,40.78,41.06,1009600,40.85,41.55,42.82,0.5269,-1.1656,-4.1031,0.1426,0.312,0.1676
VCB,2022-07-25,41.0,41.46,40.78,41.29,962700,40.9,41.49,42.8,0.9555,-0.4846,-3.5408,0.2169,0.477,0.1603
VCB,2022-07-26,41.46,42.14,41.46,41.85,1119800,41.01,41.42,42.78,2.0577,1.046,-2.1633,0.0707,0.1631,0.1508
VCB,2022-07-27,41.91,42.48,41.74,42.48,1259900,41.19,41.41,42.77,3.1211,2.5851,-0.6965,0.4768,1.1147,0.1657
VCB,2022-07-28,42.7,42.82,42.36,42.65,1164800,41.36,41.42,42.77,3.1224,2.9603,-0.2807,0.0911,0.1928,0.1711
VCB,2022-07-29,42.7,42.76,42.31,42.31,1176000,41.49,41.44,42.76,1.9656,2.091,-1.0596,-0.3974,-0.7565,0.1982
VCB,2022-08-01,42.31,43.61,42.14,43.61,1577300,41.77,41.52,42.79,4.3926,5.0263,1.9166,0.3313,0.7343,0.2162
VCB,2022-08-02,43.61,44.86,43.04,44.69,1777800,42.2,41.66,42.83,5.8776,7.2594,4.3402,0.4537,1.0702,0.2366
VCB,2022-08-03,44.35,45.03,44.18,45.03,1005700,42.6,41.85,42.86,5.69,7.5851,5.0642,0.2436,0.5819,0.2424
VCB,2022-08-04,45.03,46.72,44.97,46.72,2261100,43.17,42.05,42.92,8.2393,11.1186,8.862,0.7303,1.5782,0.3154
VCB,2022-08-05,46.44,46.67,45.93,46.44,1395800,43.71,42.28,42.97,6.2589,9.8533,8.0711,0.1701,0.3951,0.3182
VCB,2022-08-08,46.44,46.72,46.38,46.44,915000,44.22,42.56,43.02,5.0205,9.1224,7.9572,-0.1927,-0.4369,0.3158
VCB,2022-08-09,46.44,46.44,45.25,45.76,1217900,44.61,42.81,43.04,2.5771,6.8925,6.3242,-0.0639,-0.1468,0.3151
VCB,2022-08-10,45.37,45.87,45.37,45.59,507500,44.92,43.06,43.04,1.4876,5.8862,5.9294,-0.0184,-0.0426,0.2692
VCB,2022-08-11,46.04,46.44,45.65,46.16,1171500,45.27,43.32,43.07,1.9515,6.5638,7.1748,0.074,0.1809,0.2675
VCB,2022-08-12,46.16,46.38,45.82,46.21,1251800,45.67,43.58,43.11,1.203,6.0498,7.1907,0.153,0.342,0.2431
VCB,2022-08-15,46.44,46.61,46.27,46.33,1259500,45.94,43.86,43.14,0.8507,5.637,7.3942,-0.2494,-0.5692,0.2349
VCB,2022-08-16,46.44,46.44,45.93,46.16,687100,46.08,44.14,43.14,0.1598,4.5609,6.9863,-0.0309,-0.0664,0.1926
VCB,2022-08-17,45.99,46.27,45.99,46.16,764000,46.2,44.4,43.17,-0.0858,3.9607,6.9217,0.041,0.0891,0.1724
VCB,2022-08-18,46.04,46.44,45.99,46.16,1568600,46.14,44.65,43.21,0.0368,3.3674,6.818,-0.1492,-0.3128,0.1143
VCB,2022-08-19,45.65,46.44,45.65,45.82,1148000,46.08,44.89,43.25,-0.5654,2.0627,5.9427,-0.2724,-0.5903,0.1245
VCB,2022-08-22,45.37,46.16,45.31,45.31,525800,45.97,45.09,43.29,-1.4293,0.4773,4.6655,-0.1734,-0.3773,0.1226
VCB,2022-08-23,45.31,46.04,45.25,45.42,648000,45.93,45.27,43.33,-1.1097,0.3315,4.8393,-0.0821,-0.1847,0.1244
VCB,2022-08-24,45.99,46.95,45.48,46.44,1083700,46.02,45.47,43.39,0.9231,2.1361,7.0384,0.1221,0.2477,0.1347
VCB,2022-08-25,46.55,46.55,46.04,46.44,538800,46.04,45.66,43.42,0.861,1.7117,6.9575,0.1021,0.2222,0.1375
VCB,2022-08-26,46.44,47.4,46.44,46.72,1559500,46.1,45.88,43.49,1.3638,1.8393,7.4303,-0.1693,-0.386,0.1392
VCB,2022-08-29,46.1,46.72,45.82,46.72,951500,46.14,46.04,43.57,1.2767,1.4947,7.2487,0.1839,0.3854,0.1326
VCB,2022-08-30,46.72,48.71,46.72,48.71,2502800,46.39,46.24,43.66,4.9933,5.3405,11.5579,0.7921,1.7905,0.2087
VCB,2022-08-31,48.71,48.99,47.57,47.57,1055900,46.53,46.36,43.75,2.2395,2.6079,8.7379,-0.4241,-0.8643,0.2471
VCB,2022-09-05,47.57,47.74,46.72,46.78,1547800,46.59,46.37,43.83,0.4011,0.8917,6.7404,-0.4422,-1.0082,0.2764
VCB,2022-09-06,46.78,47.57,46.5,46.84,1027300,46.7,46.39,43.91,0.3032,0.9706,6.6574,-0.1234,-0.2659,0.2615
VCB,2022-09-07,46.44,46.72,45.2,45.31,2293300,46.7,46.33,43.97,-2.9715,-2.2065,3.0397,-0.293,-0.6288,0.2734
VCB,2022-09-08,45.82,45.82,44.18,44.18,1074300,46.57,46.25,43.99,-5.1441,-4.4878,0.4197,-0.2796,-0.665,0.2932
VCB,2022-09-09,44.46,44.91,44.29,44.63,1029200,46.39,46.2,44.03,-3.7969,-3.4077,1.3635,0.0226,0.0491,0.2832
VCB,2022-09-12,45.08,45.14,44.63,44.8,707393,46.23,46.14,44.08,-3.0875,-2.8971,1.637,-0.0939,-0.1951,0.2824
VCB,2022-09-13,44.97,44.97,44.52,44.52,1191450,46.01,46.05,44.13,-3.2377,-3.3329,0.8753,-0.6131,-1.2693,0.3268
VCB,2022-09-14,43.72,45.03,43.61,44.35,1090341,45.77,45.95,44.18,-3.1061,-3.4942,0.382,0.0109,0.0245,0.3095
VCB,2022-09-15,44.46,44.91,44.23,44.86,614855,45.38,45.89,44.24,-1.1606,-2.2464,1.4007,0.2175,0.4323,0.252
VCB,2022-09-16,44.91,45.31,44.46,45.31,1520836,45.16,45.84,44.32,0.3386,-1.1675,2.2364,0.3652,0.7605,0.2461
VCB,2022-09-19,44.74,45.42,44.18,44.63,939868,44.94,45.77,44.35,-0.6931,-2.4873,0.618,-0.052,-0.1203,0.2071
VCB,2022-09-20,44.63,45.31,44.52,44.86,523224,44.74,45.72,44.41,0.2532,-1.8891,0.9946,-0.0289,-0.0652,0.1977
VCB,2022-09-21,44.91,45.08,44.12,44.69,500277,44.68,45.69,44.49,0.0127,-2.1941,0.4354,0.0563,0.1257,0.174
VCB,2022-09-22,44.01,44.52,43.89,44.18,1183870,44.68,45.63,44.56,-1.1281,-3.1777,-0.8643,-0.0347,-0.0765,0.1495
VCB,2022-09-23,43.72,44.01,42.93,42.99,1035807,44.52,45.45,44.61,-3.4351,-5.4265,-3.6337,-0.285,-0.6694,0.1758
VCB,2022-09-26,42.53,43.61,41.97,42.48,1256770,44.28,45.25,44.64,-4.0798,-6.1385,-4.8392,-0.1038,-0.2222,0.1767
VCB,2022-09-27,43.04,43.04,42.02,42.08,654279,44.04,45.02,44.66,-4.4496,-6.535,-5.7752,-0.2112,-0.4752,0.1366
VCB,2022-09-28,41.91,42.48,41.8,42.48,588760,43.85,44.81,44.69,-3.1383,-5.2073,-4.9598,0.1925,0.431,0.1547
VCB,2022-09-29,43.04,43.04,41.91,41.91,588618,43.56,44.47,44.72,-3.7837,-5.7565,-6.2912,-0.1593,-0.3807,0.1489
VCB,2022-09-30,41.46,42.08,41.0,41.46,1263216,43.17,44.16,44.73,-3.9748,-6.1298,-7.3207,-0.049,-0.1085,0.1173
VCB,2022-10-03,41.63,41.8,39.81,39.98,895901,42.71,43.82,44.71,-6.3785,-8.762,-10.5695,-0.167,-0.3954,0.1288
VCB,2022-10-04,39.65,40.72,39.36,40.38,1281903,42.26,43.5,44.7,-4.4492,-7.1735,-9.6553,0.1879,0.4831,0.1447
VCB,2022-10-05,40.44,40.78,40.27,40.49,835756,41.84,43.26,44.68,-3.2214,-6.3952,-9.3698,-0.0437,-0.1038,0.1434
VCB,2022-10-06,40.78,40.78,39.59,39.7,752134,41.4,43.04,44.64,-4.0908,-7.751,-11.0587,-0.1486,-0.3732,0.1548
VCB,2022-10-07,39.42,39.42,36.98,37.78,2114289,40.87,42.69,44.54,-7.5793,-11.5209,-15.1939,-0.1239,-0.3139,0.1387
VCB,2022-10-10,37.66,38.34,36.3,36.87,1317571,40.31,42.3,44.43,-8.5417,-12.8339,-17.013,-0.1837,-0.4029,0.1467
VCB,2022-10-11,36.98,37.38,35.11,35.11,1162567,39.62,41.83,44.28,-11.3653,-16.0517,-20.708,-0.2358,-0.5784,0.1491
VCB,2022-10-12,35.68,36.98,35.23,36.25,1518177,38.99,41.42,44.14,-7.0443,-12.4966,-17.8771,0.0746,0.1765,0.1374
VCB,2022-10-13,36.3,37.66,35.51,37.66,1597432,38.57,41.06,44.0,-2.3495,-8.2822,-14.3968,0.8307,1.732,0.2045
VCB,2022-10-14,38.8,38.8,38.12,38.57,1600459,38.28,40.73,43.87,0.7545,-5.2983,-12.0791,0.223,0.5035,0.2219
VCB,2022-10-17,38.12,38.51,37.1,37.55,1241850,38.04,40.37,43.68,-1.2805,-6.9931,-14.0435,-0.1587,-0.3483,0.2211
VCB,2022-10-18,38.51,38.51,38.12,38.34,885675,37.83,40.05,43.52,1.3473,-4.2568,-11.9017,0.0406,0.0956,0.2063
VCB,2022-10-19,38.46,38.51,38.12,38.46,627787,37.63,39.74,43.36,2.1975,-3.2212,-11.316,0.2407,0.5334,0.226
VCB,2022-10-20,38.46,39.65,38.0,39.19,1517785,37.58,39.49,43.23,4.2954,-0.7458,-9.3434,0.3535,0.78,0.2465
VCB,2022-10-21,39.19,40.04,38.51,38.51,1284429,37.65,39.26,43.09,2.2864,-1.9113,-10.6227,-0.2236,-0.5745,0.2565
VCB,2022-10-24,39.36,39.36,37.27,38.51,670658,37.82,39.06,42.94,1.8422,-1.4136,-10.3044,0.0275,0.0783,0.2409
VCB,2022-10-25,37.38,39.98,37.38,39.59,1536394,38.26,38.94,42.8,3.4636,1.6653,-7.5128,0.2741,0.7787,0.2447
VCB,2022-10-26,39.98,39.98,38.8,39.65,591925,38.6,38.8,42.67,2.6995,2.1823,-7.0903,0.1098,0.3459,0.2482
VCB,2022-10-27,39.93,41.29,39.25,40.61,1299122,38.9,38.73,42.56,4.3972,4.8399,-4.5857,0.0867,0.2476,0.1738
VCB,2022-10-28,41.06,42.19,40.55,40.55,1562170,39.1,38.69,42.45,3.723,4.8163,-4.4671,-0.4402,-1.2527,0.1955
VCB,2022-10-31,41.63,41.63,41.06,41.63,660625,39.5,38.77,42.36,5.3764,7.3698,-1.7222,0.1712,0.5089,0.1968
VCB,2022-11-01,41.91,42.48,41.51,42.48,826630,39.92,38.87,42.29,6.4132,9.2657,0.4419,0.2719,0.7701,0.2199
VCB,2022-11-02,41.91,42.19,40.78,41.68,1255849,40.24,38.93,42.22,3.589,7.0623,-1.2637,0.1332,0.3451,0.2092
VCB,2022-11-03,40.78,41.57,40.78,41.34,727061,40.45,39.02,42.14,2.198,5.966,-1.8791,0.1604,0.4445,0.1899
VCB,2022-11-04,40.49,41.06,39.02,40.66,1538569,40.67,39.16,42.02,-0.0139,3.8398,-3.2267,0.2077,0.6367,0.1883
VCB,2022-11-07,40.66,41.34,40.27,40.66,1232957,40.89,39.35,41.9,-0.5402,3.3391,-2.9599,-0.0702,-0.2327,0.1925
VCB,2022-11-08,40.78,42.48,40.55,41.12,1661225,41.04,39.65,41.79,0.1932,3.6995,-1.6154,-0.1779,-0.5426,0.1829
VCB,2022-11-09,41.63,42.02,41.12,41.91,1215481,41.26,39.93,41.7,1.5646,4.9496,0.5134,0.3224,1.027,0.2042
VCB,2022-11-10,41.85,41.85,40.55,41.23,959263,41.33,40.11,41.55,-0.233,2.7886,-0.7606,0.0076,0.0266,0.1963
VCB,2022-11-11,41.34,42.76,41.34,42.76,1315047,41.55,40.32,41.45,2.9171,6.0468,3.159,0.2891,1.0409,0.1812
VCB,2022-11-14,42.76,43.33,41.97,42.53,1537405,41.64,40.57,41.37,2.1491,4.837,2.8232,-0.0656,-0.2557,0.1706
VCB,2022-11-15,42.14,43.27,40.83,42.48,1582693,41.64,40.78,41.28,2.0131,4.1667,2.9032,0.1201,0.4822,0.1554
VCB,2022-11-16,39.81,44.18,39.81,42.53,2350806,41.72,40.98,41.22,1.9411,3.7866,3.1792,0.0651,0.2344,0.1486
VCB,2022-11-17,43.1,43.38,42.76,43.33,1646478,41.92,41.19,41.21,3.3504,5.1908,5.146,0.3198,1.1169,0.1646
VCB,2022-11-18,42.99,43.55,41.68,43.33,1565603,42.19,41.43,41.18,2.6984,4.5796,5.2125,0.1947,0.7602,0.1633
VCB,2022-11-21,43.33,43.33,42.48,42.48,1107753,42.37,41.63,41.13,0.254,2.0408,3.266,-0.3306,-1.153,0.1893
VCB,2022-11-22,42.19,43.04,41.06,41.63,1936869,42.42,41.73,41.08,-1.8692,-0.2443,1.343,-0.1406,-0.4049,0.1856
VCB,2022-11-23,41.34,41.63,41.0,41.63,794699,42.39,41.83,41.02,-1.8036,-0.4807,1.4773,0.205,0.7761,0.1738
VCB,2022-11-24,41.63,41.91,41.06,41.34,1082309,42.4,41.87,40.95,-2.4977,-1.2446,0.9598,-0.1083,-0.3504,0.1839
VCB,2022-11-25,41.4,41.68,41.23,41.4,1675974,42.27,41.91,40.87,-2.0501,-1.2095,1.2914,-0.0811,-0.2729,0.1631
VCB,2022-11-28,42.19,43.61,41.8,43.44,1343149,42.36,42.0,40.85,2.5538,3.432,6.3417,0.1669,0.5191,0.1732
VCB,2022-11-29,43.04,45.2,43.04,45.2,1709345,42.63,42.13,40.86,6.0183,7.2653,10.6213,0.2032,0.6762,0.1815
VCB,2022-11-30,45.48,45.87,43.61,45.87,1324673,42.96,42.34,40.88,6.7756,8.3395,12.2195,0.2557,0.7958,0.2006
VCB,2022-12-01,45.82,46.1,44.86,45.31,1180842,43.16,42.54,40.9,4.9731,6.5034,10.7726,-0.0386,-0.1331,0.1725
VCB,2022-12-02,45.25,48.14,44.91,48.14,1243982,43.64,42.92,41.01,10.3037,12.1742,17.4001,0.1356,0.4463,0.1666
VCB,2022-12-05,47.63,49.27,46.72,48.14,1668352,44.21,43.29,41.12,8.8906,11.2056,17.0767,0.0282,0.0888,0.1363
VCB,2022-12-06,48.14,48.25,45.31,45.31,1309556,44.58,43.5,41.18,1.6389,4.1599,10.0171,-0.108,-0.3762,0.1331
VCB,2022-12-07,45.31,46.44,44.18,44.46,1456577,44.86,43.63,41.22,-0.8964,1.9083,7.8504,-0.218,-0.7665,0.1344
VCB,2022-12-08,44.74,45.87,43.61,43.61,2110951,45.09,43.75,41.26,-3.2785,-0.3107,5.7024,-0.3788,-1.1679,0.1614
VCB,2022-12-09,44.4,44.86,43.67,43.78,1684857,45.33,43.8,41.3,-3.4112,-0.0388,5.9949,-0.3277,-0.9357,0.1861
VCB,2022-12-12,44.63,45.59,43.84,43.84,2106780,45.37,43.86,41.38,-3.3708,-0.0581,5.9345,-0.2901,-0.9821,0.1984
VCB,2022-12-13,44.23,44.91,44.12,44.29,2233239,45.27,43.95,41.46,-2.1766,0.7667,6.8277,-0.2065,-0.639,0.1987
VCB,2022-12-14,45.14,45.14,44.46,44.63,1084310,45.15,44.06,41.54,-1.154,1.2984,7.4331,-0.1226,-0.4133,0.1854
VCB,2022-12-15,44.63,45.71,44.52,45.03,1251584,45.12,44.14,41.65,-0.2134,2.0015,8.1103,-0.0516,-0.1552,0.1867
VCB,2022-12-16,45.03,46.95,44.69,45.14,3160071,44.82,44.23,41.79,0.7076,2.0486,8.0004,-0.4052,-1.178,0.2137
VCB,2022-12-19,45.31,45.87,44.74,44.86,758323,44.49,44.35,41.95,0.8147,1.1365,6.9143,-0.0834,-0.2692,0.2192
VCB,2022-12-20,45.14,46.44,44.74,44.74,1425824,44.44,44.51,42.15,0.6882,0.5281,6.1571,-0.2382,-0.7964,0.2322
VCB,2022-12-21,46.1,46.1,44.57,44.57,962690,44.45,44.65,42.31,0.2803,-0.1839,5.3378,-0.2556,-0.8422,0.236
VCB,2022-12-22,45.03,45.93,44.91,44.91,1073857,44.58,44.83,42.46,0.7496,0.1769,5.7785,-0.4664,-1.4339,0.2447
VCB,2022-12-23,45.42,45.99,44.8,44.8,1080281,44.68,45.0,42.58,0.2662,-0.4531,5.203,-0.4833,-1.5606,0.2603
VCB,2022-12-26,44.86,45.76,44.69,44.69,1204231,44.76,45.07,42.73,-0.1771,-0.842,4.5864,-0.2189,-0.8014,0.2532
VCB,2022-12-27,45.42,45.59,44.69,44.8,1059104,44.82,45.05,42.86,-0.0379,-0.5469,4.5356,-0.1795,-0.6364,0.2505
VCB,2022-12-28,45.54,46.44,45.03,45.31,1174140,44.88,45.02,42.99,0.9464,0.6479,5.388,-0.3617,-1.0957,0.2744
VCB,2022-12-29,46.61,46.72,45.59,45.71,1238385,44.95,45.04,43.12,1.6757,1.4839,5.989,-0.4117,-1.3672,0.3104
VCB,2022-12-30,46.95,47.06,45.31,45.31,1512532,44.97,44.9,43.26,0.7557,0.9209,4.7395,-0.674,-2.1616,0.3373
VCB,2023-01-03,45.42,46.78,45.42,46.78,1090345,45.16,44.83,43.42,3.5867,4.3588,7.7316,0.2275,0.7767,0.3517
VCB,2023-01-04,46.95,46.95,46.33,46.89,838779,45.38,44.91,43.57,3.345,4.4268,7.6303,0.1885,0.6655,0.3467
VCB,2023-01-05,46.89,47.57,46.72,47.57,1080011,45.68,45.06,43.73,4.1537,5.5741,8.7942,0.3783,1.2081,0.359
VCB,2023-01-06,47.57,48.03,47.52,47.57,1127163,45.94,45.26,43.87,3.5503,5.1117,8.4487,-0.225,-0.7905,0.3348
VCB,2023-01-09,48.59,49.22,48.03,49.22,1668531,46.38,45.53,44.04,6.105,8.0913,11.7512,0.6576,2.3698,0.3523
VCB,2023-01-10,48.82,50.92,48.82,49.44,2114849,46.86,45.81,44.2,5.5112,7.9243,11.8686,-0.4319,-1.4802,0.3736
VCB,2023-01-11,49.44,49.44,48.2,48.2,984111,47.2,46.01,44.31,2.1118,4.7578,8.7679,-0.3517,-1.1844,0.3908
VCB,2023-01-12,48.25,48.25,47.46,48.03,1879784,47.47,46.18,44.44,1.1692,4.0044,8.075,0.3632,1.1808,0.391
VCB,2023-01-13,48.25,48.99,48.25,48.59,822866,47.76,46.36,44.58,1.7431,4.8259,8.9939,-0.0224,-0.0799,0.352
VCB,2023-01-16,48.71,50.12,48.71,49.44,737007,48.17,46.57,44.76,2.6334,6.1656,10.4644,0.0141,0.0472,0.286
VCB,2023-01-17,50.12,50.63,49.44,50.63,645550,48.56,46.86,44.96,4.2687,8.0493,12.62,0.1315,0.4596,0.2764
VCB,2023-01-18,50.97,51.54,50.63,50.97,836046,48.97,47.17,45.16,4.0944,8.0562,12.881,-0.0683,-0.2385,0.2644
VCB,2023-01-19,50.69,54.37,49.56,52.67,1720442,49.48,47.58,45.37,6.456,10.7077,16.0904,0.1604,0.559,0.2426
VCB,2023-01-27,52.67,53.58,51.82,52.67,1554077,49.99,47.96,45.6,5.3705,9.8123,15.5079,-0.0141,-0.0484,0.2215
VCB,2023-01-30,52.16,52.39,50.86,50.92,1046115,50.16,48.27,45.76,1.5131,5.4793,11.2596,-0.2183,-0.7889,0.1776
VCB,2023-01-31,50.92,52.05,49.73,52.05,1449748,50.42,48.64,45.95,3.2352,7.0098,13.2638,0.2633,0.8987,0.1607
VCB,2023-02-01,52.1,52.39,50.46,50.46,1137519,50.64,48.92,46.11,-0.3579,3.1489,9.4326,-0.1338,-0.4873,0.1389
VCB,2023-02-02,50.18,52.1,50.18,51.31,985306,50.97,49.22,46.29,0.6667,4.2458,10.8528,0.0549,0.1994,0.1081
VCB,2023-02-03,51.14,52.67,50.46,52.67,894615,51.38,49.57,46.48,2.5132,6.2554,13.3317,0.3085,0.9562,0.1367
VCB,2023-02-06,52.44,54.54,51.82,54.37,1154264,51.87,50.02,46.7,4.8149,8.6895,16.4342,0.381,1.2988,0.1734
VCB,2023-02-07,53.97,54.09,52.1,52.1,1196748,52.02,50.29,46.89,0.1633,3.6094,11.1245,-0.2551,-0.9632,0.1858
VCB,2023-02-08,52.16,54.48,52.16,53.35,886576,52.26,50.61,47.12,2.0917,5.4104,13.2157,0.0096,0.0306,0.1799
VCB,2023-02-09,53.12,53.8,52.67,52.67,760552,52.26,50.87,47.34,0.7912,3.5462,11.252,-0.2836,-0.9543,0.1922
VCB,2023-02-10,53.52,53.52,52.56,53.52,648708,52.34,51.16,47.59,2.2506,4.6048,12.4679,0.2319,0.9003,0.214
VCB,2023-02-13,53.69,54.03,52.1,52.95,873881,52.55,51.35,47.82,0.776,3.1212,10.74,-0.0258,-0.1098,0.1948
VCB,2023-02-14,52.95,52.95,51.65,52.39,1143667,52.58,51.5,48.0,-0.3662,1.7266,9.1471,0.0875,0.3287,0.1772
VCB,2023-02-15,52.39,53.35,51.65,52.67,899713,52.8,51.72,48.15,-0.2467,1.8341,9.3963,0.0636,0.2319,0.1702
VCB,2023-02-16,52.67,53.24,52.22,52.33,777372,52.9,51.94,48.28,-1.0812,0.7579,8.3998,-0.2005,-0.7132,0.1847
VCB,2023-02-17,52.67,52.84,52.1,52.67,919596,52.9,52.14,48.42,-0.4389,1.0156,8.7719,0.2208,0.8079,0.1759
VCB,2023-02-20,52.67,53.52,52.67,53.12,1095988,52.78,52.33,48.52,0.6546,1.5261,9.4822,0.0121,0.045,0.139
VCB,2023-02-21,53.35,53.75,53.24,53.35,676960,52.9,52.46,48.63,0.8457,1.6949,9.7135,-0.0748,-0.2901,0.121
VCB,2023-02-22,53.35,53.41,52.39,52.67,1026246,52.84,52.55,48.77,-0.3109,0.2371,7.9889,-0.0641,-0.2546,0.1265
VCB,2023-02-23,52.67,53.24,51.65,52.84,1026332,52.85,52.56,48.94,-0.0214,0.5442,7.9661,0.0996,0.3806,0.1081
VCB,2023-02-24,52.67,53.24,50.97,52.95,631786,52.8,52.57,49.13,0.3004,0.7326,7.786,0.1522,0.6321,0.1001
VCB,2023-02-27,52.67,52.95,51.93,52.56,501731,52.76,52.65,49.3,-0.3757,-0.1775,6.5981,0.0306,0.1231,0.1006
VCB,2023-02-28,52.73,53.07,52.44,52.95,566115,52.81,52.7,49.49,0.2681,0.489,7.0063,0.1596,0.7588,0.1078
VCB,2023-03-01,52.27,52.9,52.22,52.67,730121,52.81,52.81,49.65,-0.2681,-0.2574,6.0748,0.0567,0.2228,0.1071
VCB,2023-03-02,52.67,53.12,51.99,52.78,985271,52.86,52.88,49.82,-0.1393,-0.1821,5.9548,0.2146,0.8537,0.1085
VCB,2023-03-03,51.99,52.56,51.48,51.48,799049,52.74,52.82,49.95,-2.384,-2.5358,3.0729,-0.2456,-0.9622,0.111
VCB,2023-03-06,51.54,52.22,51.54,51.54,712399,52.58,52.68,50.08,-1.9819,-2.1663,2.9225,-0.2653,-1.018,0.1363
VCB,2023-03-07,51.82,52.39,51.6,52.05,970761,52.45,52.68,50.22,-0.7667,-1.1934,3.6427,0.0597,0.2223,0.1348
VCB,2023-03-08,51.54,52.22,51.37,52.22,872316,52.41,52.62,50.37,-0.3566,-0.7642,3.6724,0.2002,0.7297,0.1484
VCB,2023-03-09,52.1,52.9,51.93,52.67,1098833,52.39,52.62,50.53,0.5405,0.0969,4.2367,0.1783,0.6618,0.1563
VCB,2023-03-10,52.22,52.39,51.82,52.16,708269,52.31,52.55,50.68,-0.2815,-0.7436,2.9326,0.0556,0.1936,0.1466
VCB,2023-03-13,52.1,52.1,51.43,51.82,759814,52.24,52.5,50.82,-0.7915,-1.2839,1.9794,0.0417,0.146,0.1477
VCB,2023-03-14,51.54,51.65,51.26,51.54,864241,52.09,52.45,50.95,-1.0655,-1.7438,1.1493,0.0989,0.3845,0.1417
VCB,2023-03-15,51.88,52.1,51.6,51.77,808217,52.0,52.41,51.09,-0.4574,-1.2266,1.3169,-0.0612,-0.2343,0.1421
VCB,2023-03-16,51.54,52.1,50.69,51.54,806313,51.88,52.37,51.22,-0.655,-1.5844,0.6281,0.0627,0.2339,0.1269
VCB,2023-03-17,51.54,51.6,50.41,50.41,2272490,51.77,52.25,51.31,-2.6365,-3.5387,-1.7638,-0.7535,-2.3228,0.1777
VCB,2023-03-20,50.41,50.69,48.2,48.2,1035307,51.44,52.01,51.37,-6.2982,-7.3288,-6.1742,-0.253,-0.8745,0.1765
VCB,2023-03-21,48.37,50.92,48.37,48.99,1058061,51.13,51.79,51.41,-4.187,-5.4076,-4.7126,-0.2138,-0.6901,0.1919
VCB,2023-03-22,49.05,50.92,49.05,50.41,1056346,50.95,51.68,51.48,-1.0671,-2.4604,-2.0924,0.1976,0.6152,0.1916
VCB,2023-03-23,50.29,51.37,49.44,51.37,850122,50.82,51.6,51.56,1.081,-0.4555,-0.3691,0.3229,1.1356,0.2061
VCB,2023-03-24,51.54,51.54,50.35,50.41,630688,50.64,51.48,51.62,-0.4697,-2.0794,-2.3437,-0.2275,-0.7839,0.2233
VCB,2023-03-27,50.41,51.54,49.84,51.54,730499,50.62,51.43,51.66,1.8239,0.2203,-0.239,0.2591,0.9966,0.245
VCB,2023-03-28,51.43,52.61,51.03,51.99,846797,50.66,51.38,51.71,2.6272,1.1961,0.5388,0.0415,0.1638,0.2393
VCB,2023-03-29,52.39,52.39,51.26,52.27,423348,50.71,51.36,51.79,3.0824,1.7865,0.9273,0.1611,0.5533,0.2493
VCB,2023-03-30,52.27,52.78,52.1,52.5,411004,50.81,51.34,51.88,3.333,2.2558,1.1898,0.0173,0.0689,0.2447
VCB,2023-03-31,52.56,52.78,51.26,51.77,951283,50.94,51.36,51.95,1.612,0.794,-0.3511,-0.1009,-0.3373,0.1795
VCB,2023-04-03,51.93,52.61,51.65,52.56,737481,51.38,51.41,52.01,2.2928,2.2364,1.0541,0.1215,0.5083,0.1663
VCB,2023-04-04,52.56,52.61,51.88,52.1,270521,51.69,51.41,52.04,0.7998,1.3495,0.1262,-0.0223,-0.0844,0.1472
VCB,2023-04-05,52.27,52.27,51.6,52.16,336349,51.87,51.41,52.06,0.5678,1.4652,0.1893,0.0523,0.2083,0.1326
VCB,2023-04-06,51.82,52.16,51.65,51.65,376788,51.9,51.36,52.04,-0.4693,0.5735,-0.7509,-0.0482,-0.1915,0.1052
VCB,2023-04-07,51.54,51.6,50.69,50.97,747860,51.95,51.3,52.01,-1.886,-0.6348,-1.9928,-0.0655,-0.2574,0.089
VCB,2023-04-10,50.97,50.97,50.41,50.41,639645,51.84,51.23,52.0,-2.7641,-1.6031,-3.0628,-0.104,-0.4061,0.0734
VCB,2023-04-11,50.41,50.97,49.95,49.95,752232,51.63,51.15,51.96,-3.2577,-2.3364,-3.8566,-0.1387,-0.5107,0.0832
VCB,2023-04-12,50.01,50.18,49.84,50.01,518806,51.41,51.06,51.95,-2.7212,-2.0576,-3.7308,0.0,0.0,0.0671
VCB,2023-04-13,50.01,50.12,49.73,49.95,491499,51.15,50.98,51.92,-2.3472,-2.0163,-3.7895,0.0171,0.0617,0.067
VCB,2023-04-14,50.01,50.46,49.95,50.07,415311,50.98,50.96,51.87,-1.7996,-1.7614,-3.4745,-0.0338,-0.1291,0.0603
VCB,2023-04-17,50.07,50.12,49.73,50.07,489420,50.73,51.06,51.78,-1.3173,-1.9412,-3.314,0.1499,0.5458,0.0632
VCB,2023-04-18,50.01,50.18,49.56,49.84,695427,50.51,51.1,51.74,-1.3232,-2.4661,-3.6672,-0.0181,-0.0661,0.0628
VCB,2023-04-19,49.9,50.24,49.84,50.12,417179,50.3,51.09,51.67,-0.3603,-1.8847,-2.9988,0.0435,0.1595,0.0619
VCB,2023-04-20,50.29,50.29,49.84,50.01,258080,50.14,51.02,51.62,-0.2598,-1.976,-3.1182,-0.0362,-0.1279,0.0607
VCB,2023-04-21,49.84,49.9,49.5,49.56,357041,50.0,50.98,51.54,-0.8836,-2.7832,-3.8483,-0.0813,-0.2846,0.0623
VCB,2023-04-24,49.84,50.12,49.27,49.78,506466,49.94,50.89,51.48,-0.3062,-2.1703,-3.2897,0.0384,0.1479,0.0557
VCB,2023-04-25,49.95,50.12,49.56,50.01,546290,49.94,50.79,51.43,0.1361,-1.5333,-2.7597,0.0929,0.3527,0.0511
VCB,2023-04-26,49.84,50.69,49.78,50.63,710670,50.0,50.71,51.39,1.2572,-0.1452,-1.4702,0.1767,0.6112,0.0688
VCB,2023-04-27,50.24,51.26,50.07,50.97,581140,50.11,50.63,51.36,1.7294,0.6768,-0.7564,0.1238,0.4307,0.0795
VCB,2023-04-28,50.97,51.26,50.29,51.26,705032,50.22,50.6,51.33,2.0523,1.2871,-0.15,0.1998,0.6895,0.0961
VCB,2023-05-04,50.97,50.97,50.12,50.12,496435,50.23,50.48,51.27,-0.2142,-0.7124,-2.2424,-0.1421,-0.5204,0.0953
VCB,2023-05-05,50.12,50.92,49.95,50.86,226102,50.33,50.42,51.22,1.0465,0.8706,-0.7098,0.0781,0.2962,0.1013
VCB,2023-05-08,50.97,52.78,50.86,52.67,1502235,50.59,50.45,51.22,4.12,4.4123,2.8283,0.3146,1.303,0.1284
VCB,2023-05-09,52.67,53.18,52.27,52.27,564410,50.81,50.48,51.21,2.8756,3.5624,2.0769,-0.2198,-0.9006,0.1467
VCB,2023-05-10,52.05,52.67,51.88,52.1,418041,51.07,50.53,51.19,2.0295,3.1101,1.7789,-0.0491,-0.1915,0.1435
VCB,2023-05-11,52.1,52.16,51.54,51.54,506319,51.24,50.59,51.17,0.5747,1.8752,0.7127,-0.1323,-0.4919,0.1529
VCB,2023-05-12,51.54,52.56,51.43,52.56,711269,51.5,50.72,51.17,2.0565,3.6235,2.7208,0.1486,0.5689,0.1585
VCB,2023-05-15,52.1,52.67,51.65,51.93,451483,51.63,50.82,51.15,0.5924,2.2012,1.5324,-0.0311,-0.12,0.1439
VCB,2023-05-16,52.1,52.73,51.71,52.44,666940,51.78,50.94,51.14,1.2908,2.9518,2.5425,0.0913,0.3166,0.1407
VCB,2023-05-17,52.39,52.67,52.27,52.56,573251,51.91,51.07,51.17,1.2548,2.9224,2.7208,0.0399,0.1573,0.1247
VCB,2023-05-18,52.61,54.37,52.22,53.8,1680806,52.27,51.25,51.21,2.9252,4.9782,5.0629,0.2439,0.9549,0.1349
VCB,2023-05-19,53.52,53.75,52.44,53.35,440496,52.52,51.43,51.24,1.5743,3.7388,4.1252,0.0488,0.1716,0.1319
VCB,2023-05-22,52.67,53.18,52.22,52.73,623319,52.53,51.56,51.25,0.3774,2.2684,2.8889,0.01,0.0372,0.1015
VCB,2023-05-23,52.67,53.01,52.16,52.56,569233,52.56,51.69,51.25,0.0,1.6875,2.5618,-0.0115,-0.0395,0.0807
VCB,2023-05-24,52.56,52.56,52.05,52.44,342665,52.59,51.83,51.25,-0.28,1.1856,2.3295,0.0428,0.1461,0.08
VCB,2023-05-25,52.44,53.24,51.77,52.78,607166,52.72,51.98,51.27,0.1289,1.5472,2.9538,0.0676,0.2353,0.0736
VCB,2023-05-26,52.78,52.95,52.1,52.1,284190,52.67,52.09,51.28,-1.0753,0.0381,1.6058,-0.0967,-0.3588,0.0684
VCB,2023-05-29,52.1,53.8,52.1,52.73,591719,52.75,52.19,51.3,-0.0429,1.0309,2.7821,-0.033,-0.1226,0.0686
VCB,2023-05-30,52.73,53.69,52.33,53.52,565039,52.86,52.32,51.34,1.2536,2.3004,4.2471,0.1096,0.3829,0.0704
VCB,2023-05-31,53.18,53.29,52.73,53.24,380711,52.93,52.42,51.4,0.5886,1.5667,3.5813,0.0745,0.2729,0.0738
VCB,2023-06-01,53.58,53.58,52.78,53.18,646726,52.86,52.57,51.5,0.6,1.1635,3.2708,0.0,0.0,0.0494
VCB,2023-06-02,53.18,53.8,52.84,53.75,739065,52.9,52.71,51.59,1.5951,1.9608,4.1781,0.1426,0.5041,0.0588
VCB,2023-06-05,53.92,55.9,53.92,55.5,1299964,53.18,52.86,51.69,4.3663,5.0094,7.369,0.1309,0.4754,0.0709
VCB,2023-06-06,55.5,56.07,54.65,56.07,761266,53.53,53.05,51.79,4.7397,5.7015,8.2677,0.1334,0.5065,0.0831
VCB,2023-06-07,56.07,56.07,54.94,54.94,750797,53.78,53.19,51.88,2.1483,3.2904,5.8952,-0.1559,-0.5444,0.0944
VCB,2023-06-08,54.94,57.6,54.94,56.64,1341141,54.17,53.44,51.98,4.5588,5.9771,8.9562,0.0355,0.1326,0.0912
VCB,2023-06-09,56.64,57.77,56.07,56.92,821677,54.65,53.66,52.08,4.1559,6.0742,9.2938,-0.0,-0.0,0.0815
VCB,2023-06-12,56.58,57.49,55.56,57.2,436746,55.1,53.92,52.18,3.824,6.0813,9.6301,0.0839,0.257,0.0866
VCB,2023-06-13,56.64,58.33,56.47,58.05,840097,55.55,54.2,52.29,4.5065,7.0999,11.0221,0.1119,0.4122,0.0869
VCB,2023-06-14,58.0,58.9,57.49,58.11,842576,56.04,54.48,52.42,3.6992,6.6583,10.8614,-0.0141,-0.0533,0.0808
VCB,2023-06-15,58.05,58.73,57.54,58.62,913438,56.58,54.72,52.54,3.6036,7.1207,11.5759,0.2165,0.769,0.1025
VCB,2023-06-16,59.01,60.26,58.45,59.47,1333946,57.15,55.03,52.68,4.0531,8.0692,12.8765,0.022,0.0828,0.0904
VCB,2023-06-19,58.67,58.96,57.6,57.6,1141315,57.36,55.27,52.79,0.4147,4.2115,9.1038,-0.2501,-0.9985,0.1023
VCB,2023-06-20,57.26,57.26,56.52,56.58,1782749,57.41,55.47,52.89,-1.4501,1.996,6.9731,-0.293,-1.0079,0.1183
VCB,2023-06-21,56.47,56.92,56.47,56.64,1188227,57.58,55.68,53.0,-1.6426,1.7139,6.8513,-0.0672,-0.2168,0.1094
VCB,2023-06-22,57.77,57.77,56.58,56.86,717220,57.6,55.89,53.13,-1.288,1.7482,7.018,-0.0845,-0.2947,0.1143
VCB,2023-06-23,56.86,56.86,56.35,56.58,706286,57.57,56.11,53.27,-1.7216,0.8378,6.2201,-0.0196,-0.0611,0.1163
VCB,2023-06-26,56.13,57.15,56.13,56.64,807728,57.51,56.3,53.4,-1.5263,0.5884,6.0625,-0.0,-0.0,0.1079
VCB,2023-06-27,56.64,57.2,56.47,56.64,686645,57.37,56.46,53.53,-1.2833,0.311,5.7977,-0.1164,-0.372,0.1084
VCB,2023-06-28,56.64,57.88,56.52,57.26,822207,57.29,56.66,53.68,-0.0494,1.0545,6.6748,0.015,0.0513,0.1084
VCB,2023-06-29,57.66,58.33,57.26,57.71,642122,57.2,56.89,53.83,0.9011,1.4485,7.2135,-0.0139,-0.0484,0.0882
VCB,2023-06-30,57.26,57.66,56.64,56.64,557300,56.91,57.03,53.96,-0.4876,-0.6951,4.9494,-0.1796,-0.6023,0.1039
VCB,2023-07-03,56.64,57.09,56.52,56.64,490833,56.82,57.09,54.1,-0.319,-0.7937,4.6967,-0.1052,-0.3551,0.0894
VCB,2023-07-04,57.03,57.71,56.58,56.64,683429,56.82,57.12,54.23,-0.3289,-0.8428,4.4408,-0.1193,-0.3908,0.0721
VCB,2023-07-05,57.2,58.05,56.81,57.77,954822,56.94,57.26,54.39,1.4623,0.8902,6.208,0.1098,0.3718,0.0763
VCB,2023-07-06,57.83,57.88,56.92,57.03,1021691,56.95,57.28,54.54,0.1392,-0.4301,4.5756,-0.1615,-0.5243,0.084
VCB,2023-07-07,56.92,59.47,56.86,59.47,1066312,57.24,57.41,54.73,3.8884,3.5912,8.6642,0.2088,0.716,0.103
VCB,2023-07-10,59.41,59.41,57.94,58.16,916503,57.39,57.45,54.88,1.342,1.2371,5.9921,-0.1357,-0.4488,0.1165
VCB,2023-07-11,57.66,59.47,57.66,58.33,888492,57.56,57.47,55.02,1.3381,1.5078,6.0173,-0.0453,-0.161,0.1094
VCB,2023-07-12,58.16,59.18,58.16,58.9,743776,57.73,57.51,55.18,2.0308,2.4227,6.7499,0.0907,0.3031,0.117
VCB,2023-07-13,59.47,59.47,58.73,59.41,929375,57.9,57.55,55.36,2.6118,3.2379,7.3124,0.1784,0.5732,0.1334
VCB,2023-07-14,59.41,59.47,58.9,59.47,798828,58.18,57.55,55.53,2.2097,3.3363,7.0817,0.2006,0.6669,0.1355
VCB,2023-07-17,59.47,59.47,59.01,59.35,792928,58.45,57.64,55.67,1.5405,2.9824,6.6211,0.1009,0.3066,0.1351
VCB,2023-07-18,59.41,59.47,59.07,59.07,590877,58.7,57.76,55.8,0.6368,2.2699,5.8539,-0.1447,-0.4934,0.1376
VCB,2023-07-19,59.24,60.66,59.24,60.32,927729,58.95,57.94,55.97,2.3153,4.0954,7.7695,0.0797,0.3055,0.1346
VCB,2023-07-20,59.75,60.26,58.67,59.47,772446,59.2,58.07,56.13,0.4592,2.3991,5.9514,0.0,0.0,0.1185
VCB,2023-07-21,59.47,59.47,58.9,59.47,664121,59.2,58.22,56.27,0.4592,2.145,5.6912,0.1103,0.3449,0.1086
VCB,2023-07-24,59.52,59.69,59.18,59.24,809968,59.3,58.35,56.41,-0.105,1.5288,5.0159,-0.1134,-0.411,0.1064
VCB,2023-07-25,60.47,61.87,60.4,61.34,2376800,59.6,58.58,56.59,2.91,4.701,8.3916,0.1366,0.4841,0.1155
VCB,2023-07-26,61.47,62.48,61.47,62.48,1149142,59.96,58.84,56.79,4.1931,6.1693,10.0155,0.2548,0.848,0.1319
VCB,2023-07-27,62.68,62.68,61.87,62.01,959168,60.22,59.06,56.95,2.9664,4.9904,8.8764,-0.1305,-0.4585,0.1272
VCB,2023-07-28,62.01,62.21,61.41,62.21,1118204,60.49,59.34,57.13,2.8317,4.8357,8.8901,0.1988,0.6943,0.127
VCB,2023-07-31,62.21,62.34,61.27,61.27,1469179,60.69,59.57,57.3,0.9638,2.8557,6.9311,-0.2185,-0.7007,0.1387
VCB,2023-08-01,61.27,62.07,61.0,61.0,1282915,60.88,59.79,57.47,0.2038,2.0325,6.1512,-0.1389,-0.4523,0.1382
VCB,2023-08-02,61.0,61.2,60.87,61.2,1056442,60.97,59.96,57.64,0.3871,2.0749,6.1767,0.2277,0.7614,0.1529
VCB,2023-08-03,61.2,61.2,60.54,60.6,838992,61.08,60.14,57.8,-0.785,0.7708,4.8479,-0.1318,-0.4103,0.1661
VCB,2023-08-04,60.67,60.94,60.27,60.27,1232691,61.16,60.18,57.96,-1.4617,0.1481,3.9756,-0.1657,-0.5407,0.1717
VCB,2023-08-07,60.27,60.74,60.2,60.74,1112919,61.31,60.31,58.12,-0.9383,0.711,4.4947,0.2199,0.711,0.1823
VCB,2023-08-08,60.74,61.0,60.27,60.67,825329,61.24,60.42,58.27,-0.9393,0.4057,4.1235,0.0103,0.036,0.1697
VCB,2023-08-09,60.67,60.8,60.27,60.33,592910,61.03,60.5,58.41,-1.1399,-0.2661,3.2978,-0.08,-0.2443,0.1522
VCB,2023-08-10,60.54,60.54,59.2,59.2,1339101,60.75,60.49,58.53,-2.5545,-2.1285,1.1426,-0.2087,-0.6565,0.16
VCB,2023-08-11,59.2,60.47,59.2,60.47,922105,60.58,60.54,58.66,-0.1767,-0.11,3.0773,0.1555,0.4347,0.1557
VCB,2023-08-14,60.4,60.4,59.53,59.53,1472862,60.4,60.54,58.74,-1.4396,-1.6714,1.3418,-0.2729,-0.8573,0.1611
VCB,2023-08-15,60.2,60.2,59.2,59.47,1149381,60.25,60.56,58.81,-1.299,-1.8138,1.111,-0.1029,-0.2908,0.1575
VCB,2023-08-16,59.4,59.8,59.33,59.67,728443,60.09,60.53,58.91,-0.7124,-1.4295,1.2893,0.0622,0.1694,0.141
VCB,2023-08-17,59.67,60.07,59.26,59.8,2145945,60.01,60.55,58.97,-0.3567,-1.2356,1.4075,0.0952,0.2915,0.1373
VCB,2023-08-18,60.07,60.4,59.53,59.87,2432095,59.97,60.57,59.03,-0.1785,-1.1577,1.4195,-0.037,-0.1244,0.1245
VCB,2023-08-21,60.0,60.33,59.67,60.07,1711594,59.91,60.61,59.09,0.268,-0.8939,1.6608,0.0832,0.2582,0.1108
VCB,2023-08-22,59.87,60.0,58.73,59.13,1826735,59.75,60.5,59.11,-1.0411,-2.261,0.0393,-0.0937,-0.3026,0.1191
VCB,2023-08-23,59.47,59.47,57.59,57.73,1756869,59.49,60.26,59.1,-2.9683,-4.2069,-2.3245,-0.3313,-0.9041,0.1442
VCB,2023-08-24,57.73,59.0,57.53,58.19,904090,59.39,60.07,59.09,-2.016,-3.1234,-1.5182,-0.0133,-0.0406,0.1247
VCB,2023-08-25,57.66,58.19,57.53,57.66,1406166,59.11,59.84,59.06,-2.4556,-3.6495,-2.364,-0.1829,-0.4969,0.1274
VCB,2023-08-28,57.79,58.53,57.66,58.19,1379391,58.98,59.69,59.07,-1.327,-2.5046,-1.4777,0.0662,0.1813,0.1068
VCB,2023-08-29,58.19,59.2,58.13,59.13,1393114,58.94,59.6,59.12,0.3177,-0.7801,0.0213,0.2965,0.7851,0.1262
VCB,2023-08-30,59.2,59.87,59.2,59.6,1351406,58.94,59.52,59.18,1.1236,0.1405,0.7123,0.0576,0.1677,0.1257
VCB,2023-08-31,59.6,59.93,59.06,59.6,1532410,58.92,59.47,59.23,1.158,0.225,0.6193,0.0679,0.1799,0.123
VCB,2023-09-05,59.6,60.67,59.6,60.27,1943937,58.96,59.47,59.31,2.2237,1.3498,1.622,0.1118,0.326,0.1304
VCB,2023-09-06,60.33,60.33,60.0,60.33,2019306,58.98,59.45,59.38,2.2908,1.4966,1.608,0.2892,0.8492,0.151
VCB,2023-09-07,60.2,60.74,59.87,59.87,1767025,59.06,59.41,59.44,1.3705,0.7769,0.7099,-0.32,-0.8967,0.1737
VCB,2023-09-08,59.87,59.87,59.6,59.87,1342875,59.27,59.38,59.5,1.0044,0.8167,0.6216,0.2438,0.6597,0.1649
VCB,2023-09-11,59.93,60.2,58.86,59.2,1651179,59.37,59.38,59.53,-0.2929,-0.3098,-0.5523,-0.0749,-0.2251,0.1711
VCB,2023-09-12,59.53,60.2,59.47,60.13,1573590,59.62,59.36,59.6,0.8639,1.2958,0.9023,0.1581,0.4475,0.1686
VCB,2023-09-13,60.2,60.2,59.47,59.6,1583591,59.76,59.37,59.66,-0.2686,0.3887,-0.095,-0.1708,-0.4668,0.179
VCB,2023-09-14,59.53,59.87,58.93,59.6,1513444,59.81,59.37,59.71,-0.3467,0.3774,-0.1941,0.0923,0.2639,0.1586
VCB,2023-09-15,59.47,60.07,59.26,60.07,2148841,59.85,59.39,59.76,0.3576,1.1318,0.5126,0.5605,1.4942,0.2089
VCB,2023-09-18,59.87,60.0,59.06,59.4,721550,59.83,59.37,59.81,-0.7267,0.0394,-0.6853,-0.0527,-0.1584,0.2074
VCB,2023-09-19,59.4,59.67,57.53,58.93,1121369,59.7,59.33,59.8,-1.2885,-0.6708,-1.4505,0.0689,0.177,0.2031
VCB,2023-09-20,58.93,59.13,57.79,58.86,789315,59.55,59.27,59.81,-1.1569,-0.6828,-1.5854,0.0938,0.2627,0.1836
VCB,2023-09-21,58.86,58.86,58.06,58.19,1070108,59.38,59.22,59.81,-2.005,-1.7338,-2.6991,-0.1061,-0.2811,0.1622
VCB,2023-09-22,57.79,59.87,57.53,59.73,2412619,59.37,59.32,59.83,0.6084,0.6935,-0.1546,0.2419,0.7091,0.162
VCB,2023-09-25,59.53,59.87,59.06,59.73,2212485,59.43,59.4,59.83,0.5178,0.5631,-0.1653,0.1563,0.5104,0.1701
VCB,2023-09-26,59.67,59.8,58.13,58.19,1666399,59.23,59.43,59.81,-1.7504,-2.0711,-2.6952,-0.2159,-0.7115,0.1759
VCB,2023-09-27,58.6,59.53,58.19,58.73,1207226,59.14,59.45,59.79,-0.7012,-1.2151,-1.78,-0.0329,-0.0991,0.1621
VCB,2023-09-28,58.33,59.06,57.93,58.86,1066237,59.07,59.44,59.79,-0.351,-0.9678,-1.5494,0.206,0.5457,0.1735
VCB,2023-09-29,59.06,59.06,58.26,58.53,450190,58.92,59.38,59.75,-0.6585,-1.4418,-2.0502,-0.0451,-0.1301,0.122
VCB,2023-10-02,58.26,58.33,57.86,57.86,767433,58.76,59.3,59.72,-1.5367,-2.4253,-3.1175,-0.3694,-1.1472,0.1536
VCB,2023-10-03,57.86,57.99,57.39,57.73,884115,58.64,59.17,59.69,-1.5627,-2.4418,-3.2851,0.0124,0.0398,0.148
VCB,2023-10-04,57.73,57.73,57.06,57.73,925262,58.53,59.04,59.66,-1.3714,-2.2263,-3.2359,0.2679,0.7696,0.1654
VCB,2023-10-05,57.53,57.53,56.52,56.52,891392,58.36,58.87,59.56,-3.1519,-3.9936,-5.101,-0.2024,-0.6008,0.175
VCB,2023-10-06,56.52,57.12,55.85,57.12,802652,58.1,58.74,59.45,-1.6809,-2.7446,-3.9176,0.1838,0.5399,0.1692
VCB,2023-10-09,57.12,57.12,56.19,56.59,1097445,57.79,58.61,59.34,-2.072,-3.4412,-4.6438,-0.047,-0.1351,0.1583
VCB,2023-10-10,56.59,57.66,56.59,57.59,735970,57.73,58.48,59.25,-0.2317,-1.5156,-2.8019,0.1363,0.3931,0.1503
VCB,2023-10-11,57.66,57.86,57.32,57.86,720549,57.64,58.39,59.18,0.383,-0.9107,-2.2378,0.1688,0.4784,0.1639
VCB,2023-10-12,58.13,58.13,57.19,57.53,715133,57.51,58.29,59.11,0.0349,-1.3082,-2.6885,-0.0759,-0.2234,0.1509
VCB,2023-10-13,57.53,57.93,57.19,57.93,663930,57.45,58.18,59.05,0.8384,-0.4369,-1.9008,0.182,0.4785,0.1646
VCB,2023-10-16,57.26,57.93,57.26,57.59,333530,57.42,58.09,58.99,0.3029,-0.8579,-2.3677,-0.0,-0.0,0.1276
VCB,2023-10-17,57.59,57.86,57.19,57.46,364184,57.39,58.02,58.93,0.1166,-0.9627,-2.5016,-0.0127,-0.0368,0.1277
VCB,2023-10-18,57.19,57.53,56.86,57.46,1148543,57.36,57.95,58.87,0.1632,-0.8427,-2.393,0.2126,0.6619,0.1221
VCB,2023-10-19,57.19,57.53,56.25,56.52,1364661,57.36,57.86,58.78,-1.4692,-2.3178,-3.8483,-0.2029,-0.6006,0.1222
VCB,2023-10-20,55.85,57.06,55.32,56.72,940696,57.32,57.71,58.71,-1.0502,-1.7153,-3.3882,0.1061,0.3059,0.1144
VCB,2023-10-23,56.52,56.52,55.18,56.52,967700,57.32,57.55,58.66,-1.3887,-1.7899,-3.6422,0.3658,1.1136,0.1463
VCB,2023-10-24,56.52,57.86,56.12,57.53,995455,57.31,57.52,58.6,0.3735,0.0116,-1.8332,0.2241,0.6696,0.1551
VCB,2023-10-25,56.92,57.39,56.59,57.39,660885,57.26,57.45,58.56,0.2219,-0.1048,-1.9899,0.1816,0.5691,0.1564
VCB,2023-10-26,56.86,57.53,55.85,56.52,1421717,57.16,57.33,58.5,-1.1233,-1.4175,-3.3778,-0.0313,-0.1052,0.1519
VCB,2023-10-27,56.59,56.86,56.05,56.86,774937,57.06,57.25,58.44,-0.3517,-0.6893,-2.7126,0.1985,0.5984,0.1536
VCB,2023-10-30,55.85,57.53,55.85,57.46,594248,57.04,57.23,58.39,0.727,0.3974,-1.6037,0.1387,0.4532,0.1674
VCB,2023-10-31,57.46,58.13,56.79,58.06,1347127,57.1,57.25,58.36,1.6751,1.4196,-0.5112,0.2278,0.7818,0.1889
VCB,2023-11-01,58.06,58.73,57.59,58.73,1481233,57.23,57.3,58.33,2.618,2.4982,0.6811,0.2733,0.9085,0.195
VCB,2023-11-02,58.86,59.53,57.93,59.53,1060228,57.53,57.45,58.34,3.4763,3.6269,2.0432,0.16,0.5291,0.1907
VCB,2023-11-03,59.53,59.8,58.93,59.47,1089983,57.81,57.57,58.37,2.8697,3.3,1.8678,0.0747,0.2181,0.1876
VCB,2023-11-06,59.47,60.07,59.2,59.87,775907,58.14,57.73,58.41,2.9682,3.702,2.4966,0.1219,0.3992,0.1632
VCB,2023-11-07,59.53,59.73,59.06,59.06,415337,58.29,57.8,58.44,1.3196,2.1813,1.0737,-0.1382,-0.4598,0.1546
VCB,2023-11-08,58.86,60.0,58.8,59.87,1273201,58.54,57.9,58.47,2.2623,3.3905,2.3887,0.1141,0.367,0.1479
VCB,2023-11-09,59.87,59.87,58.8,58.8,1168331,58.77,57.97,58.46,0.0455,1.4309,0.5698,-0.1948,-0.5929,0.1642
VCB,2023-11-10,58.26,58.53,57.53,57.53,1353101,58.84,57.95,58.42,-2.2283,-0.7272,-1.5342,-0.2791,-0.8211,0.1723
VCB,2023-11-13,57.53,57.59,57.12,57.19,938884,58.81,57.93,58.37,-2.7525,-1.2702,-2.0259,-0.219,-0.6563,0.1803
VCB,2023-11-14,57.53,57.86,57.12,57.53,988940,58.76,57.93,58.32,-2.0947,-0.6986,-1.3603,0.0316,0.1028,0.1607
VCB,2023-11-15,57.86,58.66,57.86,58.66,4069328,58.75,57.99,58.29,-0.148,1.1592,0.6473,0.747,2.3176,0.208
VCB,2023-11-16,58.19,58.86,57.99,58.86,1285689,58.68,58.11,58.27,0.3078,1.3008,1.0263,0.2492,0.7461,0.217
VCB,2023-11-17,58.73,58.8,57.19,57.26,1589317,58.46,58.13,58.21,-2.0595,-1.5073,-1.6409,-0.2338,-0.7343,0.2329
VCB,2023-11-20,57.26,58.19,56.86,57.59,1099258,58.23,58.19,58.18,-1.1027,-1.0231,-1.0117,0.0235,0.0745,0.223
VCB,2023-11-21,57.59,57.99,57.39,57.93,1152379,58.12,58.21,58.14,-0.3338,-0.4826,-0.3613,0.2913,0.7903,0.2383
VCB,2023-11-22,57.73,57.99,57.19,57.99,1013847,57.93,58.24,58.1,0.1039,-0.4192,-0.1911,0.1857,0.5528,0.2455
VCB,2023-11-23,57.99,58.06,57.19,57.19,648155,57.77,58.27,58.06,-1.0073,-1.8539,-1.4909,-0.0685,-0.2144,0.2329
VCB,2023-11-24,57.19,57.53,56.86,57.53,735269,57.77,58.3,58.01,-0.4284,-1.3365,-0.828,0.1002,0.2963,0.215
VCB,2023-11-27,57.53,57.53,56.92,57.39,443705,57.79,58.3,57.97,-0.6944,-1.5603,-0.9901,0.0677,0.2062,0.1998
VCB,2023-11-28,57.19,57.46,56.72,57.39,780344,57.78,58.27,57.93,-0.6715,-1.5038,-0.9375,0.139,0.4144,0.2106
VCB,2023-11-29,57.12,57.46,56.92,56.92,734262,57.61,58.18,57.9,-1.1844,-2.1558,-1.6799,-0.2472,-0.7141,0.1606
VCB,2023-11-30,56.92,57.12,56.66,56.66,928310,57.38,58.03,57.87,-1.2705,-2.3744,-2.09,-0.1836,-0.5192,0.1541
VCB,2023-12-01,56.79,56.86,56.25,56.86,715983,57.34,57.9,57.81,-0.8515,-1.8079,-1.6454,0.265,0.8181,0.1572
VCB,2023-12-04,57.12,57.66,56.72,57.53,889234,57.34,57.79,57.76,0.3266,-0.4514,-0.4122,0.1054,0.3238,0.1654
VCB,2023-12-05,57.53,57.59,56.72,57.12,994057,57.26,57.69,57.74,-0.2336,-0.9798,-1.0704,-0.0181,-0.0536,0.1381
VCB,2023-12-06,57.06,57.53,56.86,57.46,639066,57.2,57.57,57.72,0.4443,-0.1917,-0.4473,0.1028,0.3069,0.1298
VCB,2023-12-07,57.32,57.53,56.86,56.99,993875,57.18,57.48,57.68,-0.3392,-0.8495,-1.1945,-0.133,-0.4362,0.1362
VCB,2023-12-08,56.99,57.19,56.86,56.86,1184278,57.12,57.45,57.65,-0.4567,-1.0247,-1.3692,-0.3436,-0.956,0.1605
VCB,2023-12-11,56.86,57.06,56.25,56.32,1401171,57.01,57.4,57.62,-1.2085,-1.882,-2.2453,-0.3775,-1.111,0.1915
VCB,2023-12-12,56.66,56.66,56.19,56.32,1007855,56.9,57.34,57.59,-1.0227,-1.7789,-2.1976,-0.1465,-0.4206,0.1923
VCB,2023-12-13,56.32,56.52,55.99,55.99,1154515,56.81,57.21,57.55,-1.4483,-2.1339,-2.7197,-0.2008,-0.5632,0.1876
VCB,2023-12-14,56.19,56.52,56.19,56.46,841937,56.79,57.09,57.55,-0.5889,-1.1073,-1.9038,0.1148,0.342,0.1808
VCB,2023-12-15,56.19,56.46,54.98,54.98,2531751,56.6,56.97,57.51,-2.8598,-3.4928,-4.3897,-0.6926,-1.8465,0.2235
VCB,2023-12-18,55.38,55.45,54.52,54.52,1805761,56.3,56.82,57.47,-3.1722,-4.0556,-5.1355,-0.5729,-1.5494,0.2703
VCB,2023-12-19,54.52,54.52,53.58,54.31,1964252,56.02,56.64,57.4,-3.0448,-4.1039,-5.3767,0.2578,0.7299,0.2942
VCB,2023-12-20,54.31,54.38,53.85,54.25,1873375,55.7,56.45,57.33,-2.606,-3.9043,-5.3742,0.4917,1.2344,0.3331
VCB,2023-12-21,54.18,54.18,53.71,54.11,2031463,55.41,56.3,57.26,-2.3419,-3.8793,-5.4951,0.6106,1.6163,0.3809
VCB,2023-12-22,54.11,54.25,53.78,54.11,1581238,55.14,56.13,57.18,-1.8561,-3.5872,-5.369,0.2477,0.6811,0.3713
VCB,2023-12-25,54.11,54.72,53.98,54.72,1303639,54.98,55.99,57.13,-0.4745,-2.2817,-4.2199,0.4939,1.2207,0.3829
VCB,2023-12-26,54.85,55.38,54.85,55.38,973002,54.88,55.89,57.09,0.9141,-0.9095,-2.9786,0.3749,0.9717,0.4058
VCB,2023-12-27,55.45,55.65,55.18,55.32,900989,54.82,55.81,57.04,0.9152,-0.8869,-3.0231,-0.1048,-0.2886,0.3962
VCB,2023-12-28,55.32,55.59,55.12,55.38,704577,54.71,55.75,57.02,1.2349,-0.6539,-2.8671,0.0339,0.0925,0.3881
VCB,2023-12-29,55.85,56.12,53.71,53.71,1623585,54.58,55.59,56.96,-1.5931,-3.3811,-5.7003,-0.469,-1.2001,0.3657
VCB,2024-01-02,55.45,55.92,54.98,55.85,1788420,54.72,55.51,56.95,2.0782,0.6206,-1.9193,0.3142,0.9088,0.3398
VCB,2024-01-03,55.85,56.52,55.38,56.52,1374590,54.94,55.48,56.93,2.8857,1.8809,-0.7097,0.2756,0.8161,0.3416
VCB,2024-01-04,56.52,57.66,56.19,57.46,2660779,55.26,55.48,56.93,3.9826,3.5688,0.933,0.3179,0.9353,0.3242
VCB,2024-01-05,57.46,57.66,57.32,57.66,1181807,55.61,55.51,56.95,3.6805,3.8679,1.245,0.3588,1.0469,0.2991
VCB,2024-01-08,57.73,58.06,57.73,58.06,1611721,56.01,55.57,56.97,3.6665,4.4776,1.9066,0.3912,1.1473,0.3134
VCB,2024-01-09,58.06,58.8,58.06,58.73,1928985,56.41,55.69,57.0,4.1148,5.4528,3.0347,0.3694,1.1132,0.301
VCB,2024-01-10,58.73,59.87,58.33,59.87,1800328,56.86,55.87,57.04,5.2941,7.1535,4.9632,0.4266,1.3205,0.3061
VCB,2024-01-11,59.87,60.2,59.26,59.73,1491432,57.3,56.06,57.06,4.2494,6.5569,4.6918,0.0,0.0,0.2957
VCB,2024-01-12,58.93,59.87,58.46,59.33,1911967,57.69,56.2,57.05,2.8406,5.5701,3.9957,0.0957,0.3072,0.3018
VCB,2024-01-15,59.53,60.27,59.47,60.2,1916364,58.34,56.46,57.07,3.1873,6.6224,5.4927,0.3548,1.1615,0.2904
VCB,2024-01-16,59.53,60.27,59.47,60.2,1368816,58.78,56.75,57.07,2.424,6.0883,5.4803,0.2387,0.7014,0.2829
VCB,2024-01-17,59.53,60.87,59.53,60.8,1581258,59.2,57.07,57.11,2.7003,6.5401,6.4702,0.3857,1.1737,0.2939
VCB,2024-01-18,60.8,61.0,60.2,60.94,1424696,59.55,57.4,57.13,2.3251,6.1524,6.6645,0.449,1.2903,0.307
VCB,2024-01-19,60.87,62.21,60.47,61.94,1477733,59.98,57.8,57.19,3.2675,7.1697,8.3016,0.2687,0.8412,0.298
VCB,2024-01-22,62.54,62.54,61.54,61.54,1048242,60.33,58.17,57.27,2.0069,5.7958,7.449,-0.2985,-0.9152,0.2887
VCB,2024-01-23,61.61,61.81,60.47,61.2,1259446,60.58,58.49,57.35,1.038,4.6372,6.7155,0.0412,0.1249,0.2559
VCB,2024-01-24,61.27,61.54,60.8,60.94,746187,60.68,58.77,57.42,0.4189,3.6877,6.1227,-0.1576,-0.469,0.229
VCB,2024-01-25,60.94,61.27,60.67,60.87,505031,60.8,59.05,57.47,0.121,3.0869,5.9248,-0.0692,-0.1989,0.2359
VCB,2024-01-26,61.27,61.54,61.14,61.54,953670,61.02,59.35,57.52,0.8551,3.6795,6.9892,0.368,1.0807,0.2631
VCB,2024-01-29,61.41,61.54,60.8,61.0,732044,61.1,59.72,57.59,-0.1533,2.1505,5.9209,-0.0973,-0.3049,0.2374
VCB,2024-01-30,61.0,61.0,60.27,60.87,889895,61.16,59.97,57.66,-0.4812,1.5002,5.5684,0.1687,0.4802,0.2304
VCB,2024-01-31,60.6,60.6,59.2,59.2,947351,61.0,60.1,57.68,-2.9605,-1.508,2.623,-0.1369,-0.435,0.2055
VCB,2024-02-01,58.86,60.33,58.86,60.07,598963,60.92,60.23,57.73,-1.3945,-0.2776,4.0556,0.1313,0.3429,0.1737
VCB,2024-02-02,59.6,60.54,59.6,60.4,734186,60.76,60.37,57.79,-0.5945,0.0499,4.5187,0.1236,0.3565,0.1592
VCB,2024-02-05,60.33,60.6,59.8,60.2,1950335,60.63,60.48,57.84,-0.7061,-0.459,4.0751,0.0,0.0,0.1294
VCB,2024-02-06,60.4,60.6,59.6,59.87,1353403,60.5,60.54,57.89,-1.0394,-1.105,3.4084,-0.2114,-0.5588,0.1464
VCB,2024-02-07,60.2,60.74,59.73,60.2,1372449,60.42,60.55,57.95,-0.3653,-0.58,3.8853,-0.029,-0.0848,0.1335
VCB,2024-02-15,60.2,60.67,59.6,60.13,1047830,60.35,60.57,58.01,-0.3547,-0.7233,3.655,0.0,0.0,0.1266
VCB,2024-02-16,60.13,60.33,59.87,59.93,735346,60.19,60.6,58.08,-0.4223,-1.1038,3.1925,-0.1342,-0.3677,0.1032
VCB,2024-02-19,60.13,60.54,59.73,60.33,1046679,60.12,60.61,58.15,0.356,-0.4525,3.7593,0.1107,0.2877,0.1046
VCB,2024-02-20,60.27,61.14,59.8,61.07,1405753,60.14,60.65,58.22,1.546,0.6893,4.8967,0.3145,0.8964,0.1192
VCB,2024-02-21,61.34,61.34,60.54,61.0,1369259,60.32,60.66,58.3,1.1311,0.5624,4.6424,0.0598,0.1658,0.1114
VCB,2024-02-22,60.6,60.87,59.87,59.87,1224789,60.3,60.61,58.35,-0.721,-1.225,2.607,-0.255,-0.7378,0.1238
VCB,2024-02-23,59.87,61.14,59.47,59.47,1802815,60.21,60.49,58.39,-1.2332,-1.6865,1.8328,-0.1789,-0.5102,0.1294
VCB,2024-02-26,59.47,60.2,59.47,59.87,722488,60.17,60.4,58.46,-0.5113,-0.8859,2.4145,0.0135,0.0368,0.1307
VCB,2024-02-27,59.93,61.0,59.6,60.94,1608348,60.28,60.39,58.55,1.0874,0.9083,4.081,0.3111,0.8458,0.1407
VCB,2024-02-28,60.87,65.15,60.47,65.15,4227766,60.78,60.6,58.72,7.1979,7.5115,10.944,1.0314,2.9901,0.2409
VCB,2024-02-29,65.89,67.22,65.08,65.08,1902870,61.27,60.81,58.91,6.2227,7.0289,10.4878,-0.4035,-1.2064,0.2812
VCB,2024-03-01,65.69,65.69,63.48,65.08,2383117,61.79,60.99,59.08,5.3372,6.7179,10.1651,0.2278,0.7023,0.2906
VCB,2024-03-04,65.55,65.55,63.95,64.21,1643680,62.17,61.15,59.26,3.2813,5.0156,8.3546,-0.225,-0.6171,0.302
VCB,2024-03-05,64.62,64.62,63.68,63.88,1366903,62.46,61.3,59.45,2.2812,4.2121,7.4507,-0.1496,-0.4049,0.2855
VCB,2024-03-06,63.88,64.75,63.61,63.95,2072535,62.75,61.54,59.64,1.9081,3.9187,7.2158,-0.1568,-0.4862,0.2952
VCB,2024-03-07,64.15,65.15,63.88,64.08,2364334,63.17,61.74,59.84,1.4401,3.7976,7.087,-0.3048,-0.8572,0.3002
VCB,2024-03-08,64.15,64.55,63.61,63.61,2231150,63.59,61.9,60.03,0.0421,2.7719,5.9681,-0.2173,-0.651,0.3041
VCB,2024-03-11,63.61,64.21,62.94,62.94,1842420,63.89,62.03,60.21,-1.4866,1.4665,4.5463,-0.3274,-0.9252,0.3354
VCB,2024-03-12,62.94,63.48,62.88,63.14,1108496,64.11,62.2,60.37,-1.5128,1.5218,4.5867,-0.0311,-0.0916,0.3075
VCB,2024-03-13,63.48,64.55,63.08,64.21,3126592,64.02,62.4,60.55,0.303,2.9104,6.0492,0.2342,0.6229,0.2277
VCB,2024-03-14,64.21,64.28,63.28,63.55,2322431,63.87,62.57,60.72,-0.5027,1.5608,4.6601,-0.2084,-0.5564,0.2082
VCB,2024-03-15,63.55,63.55,62.81,62.88,2304560,63.65,62.72,60.87,-1.2086,0.256,3.3035,-0.3714,-0.9889,0.2226
VCB,2024-03-18,63.08,63.21,61.87,62.21,1843874,63.45,62.81,61.04,-1.9504,-0.9585,1.92,-0.1306,-0.3311,0.2132
VCB,2024-03-19,61.87,62.54,61.87,61.87,870431,63.24,62.85,61.16,-2.1682,-1.5539,1.1725,-0.1883,-0.5203,0.217
VCB,2024-03-20,61.87,62.94,61.87,62.34,899448,63.08,62.92,61.27,-1.177,-0.9143,1.7445,-0.02,-0.057,0.2033
VCB,2024-03-21,62.88,63.88,62.88,63.68,1454765,63.04,63.11,61.4,1.008,0.9062,3.7173,0.1365,0.3914,0.1865
VCB,2024-03-22,63.68,64.75,63.68,64.48,1846861,63.13,63.36,61.53,2.1403,1.7736,4.7917,0.1592,0.4397,0.1807
VCB,2024-03-25,63.55,64.82,62.94,64.01,1370504,63.24,63.57,61.65,1.227,0.705,3.8299,0.0331,0.0922,0.1513
VCB,2024-03-26,64.21,64.62,64.08,64.42,736873,63.36,63.74,61.77,1.6573,1.0599,4.2885,0.0317,0.0929,0.1513
VCB,2024-03-27,64.35,64.35,63.95,64.08,1047647,63.35,63.69,61.85,1.1509,0.6197,3.6056,-0.0848,-0.2389,0.1364
VCB,2024-03-28,64.35,64.48,63.95,64.01,1233566,63.4,63.63,61.94,0.9707,0.5992,3.3544,-0.2057,-0.5512,0.1361
VCB,2024-03-29,64.15,64.15,63.48,63.48,801942,63.46,63.55,62.02,0.0316,-0.1158,2.3534,-0.1623,-0.4418,0.1152
VCB,2024-04-01,63.48,64.21,63.34,63.68,1222710,63.61,63.53,62.09,0.1157,0.2422,2.5619,-0.0832,-0.2285,0.1105
VCB,2024-04-02,63.61,63.68,62.81,63.21,970357,63.74,63.49,62.15,-0.829,-0.4425,1.7091,-0.0104,-0.0276,0.0927
VCB,2024-04-03,63.14,63.41,62.74,62.74,1323149,63.78,63.43,62.19,-1.6256,-1.0862,0.8928,-0.1742,-0.4668,0.1081
VCB,2024-04-04,63.48,64.21,63.14,64.21,2024326,63.83,63.44,62.25,0.5973,1.2231,3.1504,0.3448,0.9624,0.1289
VCB,2024-04-05,63.41,63.95,63.01,63.48,780020,63.73,63.43,62.28,-0.3988,0.0738,1.9181,0.0,0.0,0.113
VCB,2024-04-08,63.48,63.75,63.01,63.48,865357,63.68,63.46,62.32,-0.3151,0.0316,1.8546,0.0471,0.1362,0.1144
VCB,2024-04-09,63.55,63.81,63.01,63.08,688518,63.55,63.46,62.36,-0.7368,-0.5956,1.1499,-0.1214,-0.3286,0.1234
VCB,2024-04-10,63.08,63.28,62.94,63.21,738740,63.46,63.41,62.41,-0.39,-0.3059,1.2905,0.0911,0.257,0.124
VCB,2024-04-11,62.88,63.28,62.54,62.88,778946,63.34,63.37,62.45,-0.7392,-0.7811,0.6898,-0.021,-0.0591,0.1055
VCB,2024-04-12,63.21,63.88,62.74,63.28,846008,63.32,63.39,62.48,-0.0739,-0.1794,1.2761,-0.0126,-0.0362,0.0906
VCB,2024-04-15,63.28,64.55,61.54,61.54,1902194,63.11,63.36,62.49,-2.4907,-2.8716,-1.5242,-0.1529,-0.4618,0.0975
VCB,2024-04-16,62.74,62.74,60.54,60.87,1860102,62.88,63.31,62.49,-3.1915,-3.8512,-2.5946,-0.2153,-0.5894,0.118
VCB,2024-04-17,61.0,61.61,59.87,60.54,1454446,62.66,63.22,62.52,-3.3842,-4.2429,-3.1713,-0.0545,-0.1635,0.1061
VCB,2024-04-19,60.2,60.8,60.0,60.54,1326423,62.29,63.06,62.53,-2.8136,-4.0042,-3.1858,0.0753,0.2165,0.0791
VCB,2024-04-22,60.54,61.14,60.33,60.6,999830,62.0,62.87,62.53,-2.2548,-3.6016,-3.085,-0.1194,-0.3406,0.0911
VCB,2024-04-23,60.6,61.0,59.67,60.27,1565162,61.68,62.68,62.53,-2.2883,-3.8472,-3.6219,-0.0452,-0.1312,0.0909
VCB,2024-04-24,60.87,60.94,60.27,60.6,1926287,61.43,62.49,62.55,-1.3502,-3.0186,-3.1099,-0.0,-0.0,0.0787
VCB,2024-04-25,60.6,62.14,60.54,60.87,1236861,61.2,62.33,62.56,-0.5356,-2.3396,-2.7029,-0.3201,-0.7642,0.1016
VCB,2024-04-26,61.34,62.41,61.0,61.0,1699786,61.01,62.18,62.58,-0.011,-1.888,-2.5162,-0.6646,-1.6052,0.166
VCB,2024-05-02,61.61,61.87,60.94,61.47,933709,60.83,62.08,62.61,1.0556,-0.9752,-1.8162,0.0595,0.1547,0.1707
VCB,2024-05-03,61.81,62.48,61.41,61.87,1472206,60.86,61.99,62.64,1.6595,-0.1834,-1.2238,-0.0596,-0.1581,0.1613
VCB,2024-05-06,62.14,62.41,62.01,62.21,1148815,61.0,61.94,62.66,1.9849,0.4374,-0.7259,0.0,0.0,0.1398
VCB,2024-05-07,62.48,62.94,62.14,62.14,1155689,61.16,61.91,62.69,1.6078,0.3782,-0.8686,-0.4488,-1.0414,0.1793
VCB,2024-05-08,62.01,62.34,61.61,62.21,1247171,61.32,61.81,62.73,1.4398,0.6494,-0.836,0.1827,0.5136,0.19
VCB,2024-05-09,62.14,62.48,61.74,61.87,607990,61.45,61.73,62.78,0.6858,0.2384,-1.4448,-0.1059,-0.2742,0.1886
VCB,2024-05-10,62.01,62.01,61.34,61.54,824888,61.58,61.63,62.81,-0.0652,-0.1465,-2.0297,-0.1034,-0.2835,0.1945
VCB,2024-05-13,61.61,61.81,60.54,60.87,1234518,61.61,61.52,62.81,-1.1944,-1.0547,-3.0925,-0.2141,-0.6427,0.2159
VCB,2024-05-14,60.94,61.27,60.54,60.6,819950,61.58,61.39,62.72,-1.5859,-1.2803,-3.3786,-0.2329,-0.6082,0.2071
VCB,2024-05-15,60.87,61.07,60.74,60.87,884744,61.57,61.29,62.64,-1.1299,-0.6821,-2.8214,-0.0517,-0.1328,0.1459
VCB,2024-05-16,61.54,62.01,61.2,61.94,1715536,61.61,61.22,62.57,0.532,1.1745,-1.0134,0.3224,0.8768,0.1721
VCB,2024-05-17,61.94,61.94,61.34,61.41,1086438,61.57,61.21,62.52,-0.2608,0.3114,-1.7804,-0.1912,-0.5105,0.1853
VCB,2024-05-20,61.74,62.21,61.41,61.47,1045431,61.49,61.24,62.47,-0.0326,0.3713,-1.5976,-0.1499,-0.3942,0.2003
VCB,2024-05-21,61.47,61.54,60.67,60.94,1488654,61.37,61.26,62.41,-0.7084,-0.535,-2.3601,-0.1218,-0.3236,0.1676
VCB,2024-05-22,61.2,61.34,60.67,60.67,1349994,61.22,61.27,62.34,-0.896,-0.9825,-2.6824,-0.2158,-0.6021,0.1709
VCB,2024-05-23,60.67,61.2,60.54,60.87,1318403,61.12,61.28,62.29,-0.4049,-0.6767,-2.2745,0.0,0.0,0.1603
VCB,2024-05-24,60.87,60.87,60.2,60.33,2243441,61.0,61.29,62.23,-1.0856,-1.5553,-3.0525,-0.2424,-0.6269,0.1742
VCB,2024-05-27,60.47,60.6,60.0,60.33,1060054,60.94,61.27,62.18,-0.9988,-1.5338,-2.9648,0.0345,0.0959,0.1563
VCB,2024-05-28,60.07,60.67,60.07,60.67,1351470,60.95,61.26,62.11,-0.4609,-0.9717,-2.3156,0.3318,0.8338,0.1661
VCB,2024-05-29,60.74,60.87,60.07,60.07,1188182,60.87,61.22,62.04,-1.3187,-1.8794,-3.1764,-0.1886,-0.5135,0.1798
VCB,2024-05-30,59.87,60.0,59.2,59.26,2358180,60.6,61.11,61.97,-2.2075,-3.0157,-4.3589,-0.3609,-0.844,0.1837
VCB,2024-05-31,59.33,59.53,58.33,58.33,3927010,60.29,60.93,61.89,-3.2616,-4.2705,-5.7521,-1.0707,-2.753,0.2716
VCB,2024-06-03,58.86,59.73,58.86,59.0,2111127,60.05,60.77,61.83,-1.7489,-2.9169,-4.5826,-0.2942,-0.7787,0.2861
VCB,2024-06-04,59.47,59.67,59.06,59.33,1818442,59.89,60.63,61.77,-0.9271,-2.1403,-3.9482,-0.0458,-0.1166,0.2785
VCB,2024-06-05,59.33,59.87,59.26,59.4,1886226,59.76,60.49,61.68,-0.6044,-1.8025,-3.7064,-0.1913,-0.4461,0.276
VCB,2024-06-06,59.47,60.0,59.4,59.53,1702865,59.63,60.37,61.59,-0.1571,-1.3905,-3.3344,-0.2953,-0.7193,0.3056
VCB,2024-06-07,59.6,60.0,59.2,59.2,1131101,59.51,60.25,61.49,-0.5283,-1.754,-3.7269,-0.3914,-1.0172,0.3205
VCB,2024-06-10,59.47,59.67,58.8,58.86,2643949,59.36,60.15,61.38,-0.8451,-2.1461,-4.0976,-0.5775,-1.4479,0.3747
VCB,2024-06-11,59.06,59.13,58.26,58.33,2256534,59.13,60.04,61.26,-1.3575,-2.852,-4.791,-0.3549,-0.846,0.3771
VCB,2024-06-12,58.46,59.67,58.19,59.33,2251490,59.06,59.96,61.17,0.4644,-1.0542,-3.005,0.2336,0.5597,0.3816
VCB,2024-06-13,59.47,59.6,59.13,59.13,1603414,59.04,59.82,61.08,0.1473,-1.1573,-3.1954,-0.3872,-0.9014,0.3842
VCB,2024-06-14,59.2,59.6,58.53,58.53,2484887,59.06,59.68,60.98,-0.906,-1.9278,-4.0191,-0.2529,-0.6513,0.3024
VCB,2024-06-17,58.6,58.73,58.26,58.26,2295281,58.99,59.52,60.88,-1.236,-2.1128,-4.3025,-0.5577,-1.2883,0.3288
VCB,2024-06-18,58.53,59.2,58.26,58.26,1372946,58.88,59.38,60.79,-1.0565,-1.8923,-4.1614,-0.2984,-0.6498,0.354
VCB,2024-06-19,58.39,58.53,57.86,57.93,2176749,58.74,59.25,60.67,-1.378,-2.2297,-4.5141,-0.4319,-0.9849,0.3781
VCB,2024-06-20,57.93,57.93,57.26,57.53,2654038,58.54,59.08,60.55,-1.7255,-2.6323,-4.9892,-0.1292,-0.3256,0.3615
VCB,2024-06-21,57.59,57.99,57.19,57.53,1809985,58.37,58.94,60.43,-1.444,-2.4003,-4.802,-0.068,-0.1684,0.3291
VCB,2024-06-24,57.53,58.46,57.19,57.19,2153682,58.2,58.78,60.31,-1.7354,-2.7082,-5.1707,-0.2733,-0.6362,0.2987
VCB,2024-06-25,57.32,57.99,57.19,57.19,1567779,58.09,58.61,60.19,-1.5431,-2.4195,-4.981,-0.6141,-1.4002,0.3246
VCB,2024-06-26,57.46,57.73,56.99,56.99,1709970,57.85,58.46,60.07,-1.4915,-2.506,-5.1288,-0.5447,-1.1441,0.3557
VCB,2024-06-27,56.99,57.53,56.99,56.99,1425080,57.64,58.34,59.95,-1.1257,-2.316,-4.9298,-0.5851,-1.4182,0.3755
VCB,2024-06-28,57.53,57.53,56.86,56.99,1114085,57.49,58.27,59.85,-0.8611,-2.2039,-4.7853,-0.1583,-0.3919,0.3661
VCB,2024-07-01,57.39,57.66,56.99,57.59,1180816,57.42,58.2,59.79,0.3029,-1.0515,-3.674,0.3371,0.6799,0.344
VCB,2024-07-02,57.99,59.4,57.66,59.0,2428337,57.49,58.19,59.76,2.6178,1.391,-1.2738,0.4801,1.0657,0.3622
VCB,2024-07-03,58.86,59.33,58.73,59.2,2252635,57.62,58.18,59.73,2.7397,1.7534,-0.8936,0.5294,1.2407,0.3719
VCB,2024-07-04,59.26,60.0,58.86,58.86,3062719,57.75,58.14,59.7,1.9226,1.2367,-1.3961,-1.1328,-2.4516,0.4723
VCB,2024-07-05,58.93,59.67,58.86,58.86,1849175,57.89,58.13,59.67,1.6871,1.2658,-1.3497,-0.5936,-1.4104,0.5249
VCB,2024-07-08,58.86,59.33,58.33,58.33,1145562,58.0,58.1,59.62,0.5651,0.3914,-2.172,-0.2896,-0.665,0.5265
VCB,2024-07-09,58.53,59.13,57.99,58.93,1551172,58.17,58.13,59.58,1.2993,1.3751,-1.0979,0.241,0.5799,0.4892
VCB,2024-07-10,59.06,59.67,58.86,59.26,1725458,58.4,58.13,59.55,1.4775,1.9563,-0.4785,-0.0,-0.0,0.4347
VCB,2024-07-11,59.26,59.47,58.93,58.93,1446841,58.6,58.12,59.5,0.5708,1.3984,-0.9556,-0.3787,-0.8786,0.4141
VCB,2024-07-12,59.0,59.26,58.6,58.6,1374637,58.76,58.12,59.43,-0.2732,0.8171,-1.4091,-0.4771,-1.1755,0.4459
VCB,2024-07-15,58.6,59.06,58.53,58.53,1174084,58.85,58.13,59.36,-0.5456,0.6789,-1.3996,-0.4658,-1.1418,0.4588
VCB,2024-07-16,58.6,59.26,58.6,58.8,1535446,58.83,58.16,59.29,-0.0569,1.0926,-0.8371,-0.1602,-0.3924,0.4268
VCB,2024-07-17,59.4,60.2,58.53,58.86,3365241,58.8,58.21,59.23,0.1138,1.1262,-0.6121,-0.3378,-0.9797,0.4077
VCB,2024-07-18,59.06,59.4,58.8,58.86,1653687,58.8,58.27,59.17,0.1138,1.0101,-0.511,-0.2646,-0.6297,0.3208
VCB,2024-07-19,58.86,59.4,58.53,58.53,1325123,58.76,58.32,59.11,-0.3984,0.3498,-0.9755,-0.3084,-0.8834,0.2923
VCB,2024-07-22,58.53,59.06,58.39,58.66,1463116,58.8,58.4,59.06,-0.2275,0.4524,-0.675,-0.0674,-0.1738,0.2701
VCB,2024-07-23,58.73,59.06,58.53,58.53,1412799,58.76,58.47,59.02,-0.3871,0.1087,-0.8319,-0.2798,-0.7464,0.274
VCB,2024-07-24,58.46,58.93,58.46,58.53,1477891,58.68,58.54,58.97,-0.2622,-0.0229,-0.7531,-0.2694,-0.6876,0.3009
VCB,2024-07-25,58.6,58.66,58.33,58.39,882334,58.63,58.61,58.9,-0.3993,-0.3709,-0.8608,-0.2487,-0.624,0.2879
VCB,2024-07-26,58.39,58.66,58.33,58.39,904427,58.61,58.68,58.84,-0.3652,-0.4901,-0.7594,-0.2331,-0.527,0.2635
VCB,2024-07-29,58.6,58.73,58.39,58.39,454233,58.6,58.72,58.78,-0.3425,-0.5582,-0.6555,-0.1711,-0.4246,0.2341
VCB,2024-07-30,58.39,59.06,58.39,58.53,978889,58.57,58.7,58.73,-0.0685,-0.2906,-0.3462,-0.1757,-0.5689,0.2356
VCB,2024-07-31,58.53,59.67,58.53,59.67,1865641,58.65,58.72,58.71,1.7336,1.6061,1.6246,0.4753,1.2415,0.2494
VCB,2024-08-01,59.73,61.14,59.67,60.67,4807705,58.83,58.81,58.71,3.1268,3.1561,3.3406,0.3023,0.8219,0.2531
VCB,2024-08-02,60.47,60.47,59.33,59.33,1512887,58.91,58.84,58.69,0.7153,0.8413,1.0964,-0.3043,-0.8154,0.2527
VCB,2024-08-05,59.2,59.2,58.13,58.13,3063084,58.86,58.83,58.64,-1.2388,-1.1882,-0.8806,-0.438,-1.2739,0.2898
VCB,2024-08-06,58.13,58.66,57.99,58.39,1654296,58.84,58.8,58.6,-0.7616,-0.6882,-0.347,0.0897,0.2343,0.2708
VCB,2024-08-07,58.46,58.66,58.19,58.66,714053,58.86,58.77,58.57,-0.3296,-0.1821,0.1576,0.2459,0.5742,0.2684
VCB,2024-08-08,58.66,58.66,58.33,58.39,962297,58.86,58.74,58.55,-0.7842,-0.5921,-0.2696,-0.1808,-0.5622,0.2616
VCB,2024-08-09,58.46,59.06,58.46,58.66,1137871,58.88,58.75,58.56,-0.3749,-0.1423,0.1759,-0.1294,-0.2858,0.2512
VCB,2024-08-12,59.13,59.13,58.39,58.73,1061597,58.92,58.76,58.55,-0.3179,-0.0455,0.2993,-0.0311,-0.0762,0.2372
VCB,2024-08-13,58.6,59.87,58.6,59.87,1593947,59.05,58.81,58.56,1.382,1.7971,2.2226,0.7141,1.7795,0.2911
VCB,2024-08-14,59.73,59.8,58.73,58.86,1494847,58.97,58.81,58.55,-0.1815,0.091,0.5278,-0.4216,-1.0474,0.2857
VCB,2024-08-15,58.86,59.4,58.6,58.6,922035,58.76,58.8,58.54,-0.2846,-0.3413,0.1028,-0.3805,-0.9881,0.2935
VCB,2024-08-16,58.86,59.47,58.86,58.93,1371799,58.72,58.82,58.53,0.3531,0.1933,0.6834,-0.1451,-0.3908,0.2776
VCB,2024-08-19,59.4,59.73,59.06,59.4,1656591,58.85,58.85,58.54,0.932,0.9263,1.4648,-0.0,-0.0,0.2338
VCB,2024-08-20,59.47,60.74,59.47,60.74,3387268,59.08,58.96,58.59,2.7963,3.0062,3.6648,0.8569,2.2499,0.3105
VCB,2024-08-21,60.74,62.21,60.47,62.07,2751625,59.43,59.14,58.64,4.4575,4.9596,5.8491,0.5655,1.4165,0.3425
VCB,2024-08-22,62.14,62.34,61.61,61.81,1416616,59.77,59.31,58.7,3.4135,4.2066,5.2967,-0.2191,-0.6215,0.3463
VCB,2024-08-23,61.87,62.07,60.54,61.81,1078085,60.08,59.48,58.76,2.8724,3.9078,5.1793,0.213,0.6226,0.3547
VCB,2024-08-26,61.61,61.94,61.27,61.54,1569224,60.36,59.64,58.83,1.9504,3.1853,4.6073,-0.0768,-0.1952,0.3593
VCB,2024-08-27,61.54,61.61,60.8,61.2,902760,60.5,59.77,58.89,1.172,2.3948,3.9348,-0.0,-0.0,0.2879
VCB,2024-08-28,61.34,61.47,60.94,60.94,1032939,60.7,59.84,58.95,0.3857,1.8389,3.3747,-0.3274,-0.9129,0.2784
VCB,2024-08-29,60.87,61.81,60.87,61.2,1497431,60.96,59.86,59.02,0.395,2.2403,3.6992,-0.1352,-0.3738,0.2539
VCB,2024-08-30,61.2,61.74,61.2,61.34,1671053,61.2,59.96,59.1,0.2186,2.2924,3.7917,-0.2737,-0.7258,0.2668
VCB,2024-09-04,60.94,60.94,60.4,60.87,1014236,61.35,60.1,59.17,-0.785,1.2799,2.8714,0.223,0.5838,0.2891
VCB,2024-09-05,60.6,60.94,60.27,60.27,1185511,61.3,60.19,59.23,-1.6912,0.1222,1.7481,-0.397,-0.9795,0.2431
VCB,2024-09-06,60.33,60.74,60.07,60.33,785854,61.13,60.28,59.3,-1.3021,0.0943,1.7462,-0.0548,-0.1286,0.192
VCB,2024-09-09,60.27,60.33,59.67,60.33,703748,60.98,60.37,59.37,-1.0639,-0.0665,1.6315,0.3725,0.924,0.2074
VCB,2024-09-10,60.27,60.33,59.53,59.53,1193581,60.76,60.42,59.42,-2.0148,-1.4669,0.1936,-0.3618,-0.9686,0.2222
VCB,2024-09-11,59.26,59.53,58.86,59.13,1029054,60.52,60.44,59.45,-2.2881,-2.1637,-0.5333,-0.0818,-0.2241,0.2227
VCB,2024-09-12,59.2,60.27,59.13,59.87,1610394,60.38,60.44,59.47,-0.853,-0.9463,0.6749,0.2353,0.614,0.2463
VCB,2024-09-13,60.07,60.33,59.6,60.13,1625774,60.3,60.5,59.48,-0.2773,-0.6081,1.093,0.3655,0.9484,0.2501
VCB,2024-09-16,59.93,60.2,59.4,59.47,728926,60.13,60.55,59.5,-1.1013,-1.7842,-0.0517,-0.1903,-0.471,0.2556
VCB,2024-09-17,59.53,60.54,59.26,60.54,971859,60.05,60.63,59.53,0.8132,-0.1489,1.69,0.2547,0.6471,0.2537
VCB,2024-09-18,60.6,61.47,60.0,60.87,1722387,60.05,60.7,59.58,1.3702,0.281,2.1645,0.1237,0.287,0.2437
VCB,2024-09-19,60.87,61.34,60.8,61.2,1346904,60.14,60.72,59.63,1.7684,0.7931,2.6475,0.2853,0.7417,0.2326
VCB,2024-09-20,61.41,61.54,60.6,60.6,2181722,60.17,60.65,59.65,0.7226,-0.0772,1.5923,-0.5345,-1.2706,0.2805
VCB,2024-09-23,61.07,61.27,60.8,60.8,697895,60.21,60.6,59.69,0.9776,0.3367,1.8647,-0.2705,-0.7559,0.2703
VCB,2024-09-24,60.8,61.2,60.8,61.0,523790,60.36,60.56,59.74,1.0638,0.7345,2.1185,0.0,0.0,0.2341
VCB,2024-09-25,61.2,62.21,61.0,62.07,2604508,60.66,60.59,59.81,2.3379,2.4565,3.7869,0.4327,1.162,0.2692
VCB,2024-09-26,62.14,62.74,61.87,61.87,1820054,60.86,60.62,59.87,1.6707,2.069,3.345,-0.4135,-1.1273,0.2871
VCB,2024-09-27,61.87,62.61,61.87,61.87,1073168,61.03,60.67,59.93,1.381,1.9902,3.2412,-0.3152,-0.8741,0.282
VCB,2024-09-30,61.87,61.87,61.54,61.54,1278350,61.24,60.68,59.98,0.4915,1.4109,2.5916,-0.4134,-1.0746,0.3043
VCB,2024-10-01,61.74,62.48,61.54,61.54,1725848,61.34,60.69,60.04,0.3272,1.3942,2.4887,-0.3619,-0.9333,0.3151
VCB,2024-10-02,61.74,62.01,61.41,62.01,1380621,61.45,60.75,60.11,0.9035,2.07,3.1536,0.3618,1.0607,0.3389
VCB,2024-10-03,61.94,62.81,61.81,61.94,1700784,61.53,60.83,60.18,0.6741,1.8198,2.9255,-0.1938,-0.5707,0.3297
VCB,2024-10-04,61.87,62.07,61.74,61.74,860495,61.64,60.9,60.24,0.1628,1.3729,2.4827,-0.2132,-0.6146,0.2976
VCB,2024-10-07,61.74,61.87,61.41,61.54,611894,61.71,60.96,60.31,-0.2818,0.9436,2.0431,-0.1149,-0.2967,0.282
VCB,2024-10-08,61.54,61.54,60.87,61.2,1124515,61.73,61.05,60.36,-0.856,0.2575,1.394,-0.0,-0.0,0.282
VCB,2024-10-09,61.07,61.41,60.8,60.87,2176865,61.61,61.13,60.41,-1.2051,-0.4322,0.7573,-0.4759,-1.1144,0.2864
VCB,2024-10-10,61.74,62.21,61.0,61.47,1326569,61.57,61.21,60.47,-0.163,0.4207,1.6548,-0.0657,-0.1575,0.2516
VCB,2024-10-11,61.47,61.47,61.0,61.2,1084336,61.51,61.27,60.5,-0.4894,-0.1037,1.1609,-0.0579,-0.1366,0.2258
VCB,2024-10-14,61.67,61.67,61.07,61.14,931995,61.47,61.35,60.51,-0.5332,-0.3489,1.0347,-0.1838,-0.4898,0.2029
VCB,2024-10-15,61.07,61.61,61.07,61.14,1431969,61.43,61.38,60.55,-0.4683,-0.3978,0.9744,-0.2502,-0.6863,0.1917
VCB,2024-10-16,61.14,61.41,61.07,61.2,1293521,61.34,61.4,60.61,-0.229,-0.3159,0.9822,-0.0989,-0.2402,0.1654
VCB,2024-10-17,61.54,61.74,61.34,61.67,1286287,61.32,61.42,60.67,0.5782,0.4084,1.6448,0.1822,0.5058,0.1643
VCB,2024-10-18,62.01,62.27,61.54,61.81,1164056,61.32,61.48,60.74,0.7853,0.5277,1.7599,-0.0808,-0.2288,0.151
VCB,2024-10-21,61.87,62.41,61.54,61.54,1425147,61.32,61.52,60.8,0.349,0.0326,1.2146,-0.3554,-0.8981,0.1751
VCB,2024-10-22,61.54,61.67,61.14,61.14,1260601,61.32,61.53,60.85,-0.2945,-0.6306,0.4727,-0.3685,-0.9006,0.2119
VCB,2024-10-23,61.0,61.41,61.0,61.2,750353,61.35,61.48,60.9,-0.2399,-0.4515,0.5009,-0.0,-0.0,0.1643
VCB,2024-10-24,61.67,61.74,61.14,61.34,756579,61.34,61.46,60.93,0.0,-0.1905,0.6719,-0.0549,-0.143,0.1633
VCB,2024-10-25,61.61,61.74,61.34,61.41,997728,61.36,61.43,60.98,0.0763,-0.0436,0.6976,-0.2386,-0.5993,0.1813
VCB,2024-10-28,61.2,61.74,61.2,61.54,1106555,61.4,61.43,61.04,0.2288,0.1742,0.8197,0.1355,0.3365,0.1765
VCB,2024-10-29,61.61,61.94,61.54,61.54,1298643,61.44,61.43,61.09,0.1633,0.1742,0.7336,-0.5071,-1.2443,0.2022
VCB,2024-10-30,61.54,61.81,61.27,61.34,627682,61.45,61.4,61.13,-0.185,-0.098,0.3414,-0.24,-0.5196,0.2163
VCB,2024-10-31,61.2,63.55,61.2,62.61,2892451,61.55,61.43,61.17,1.7281,1.9164,2.3577,0.2557,0.6381,0.2237
VCB,2024-11-01,62.88,63.48,62.54,62.54,1732251,61.62,61.47,61.18,1.498,1.741,2.2327,-0.519,-1.2764,0.2675
VCB,2024-11-04,62.88,63.75,61.81,61.87,1856395,61.65,61.49,61.18,0.358,0.6255,1.1371,-0.5564,-1.4718,0.2876
VCB,2024-11-05,61.94,62.21,61.54,61.94,1084183,61.73,61.53,61.18,0.3359,0.6741,1.242,0.1122,0.2893,0.2619
VCB,2024-11-06,62.07,62.48,62.07,62.14,1417991,61.83,61.59,61.19,0.5085,0.896,1.55,-0.2947,-0.744,0.2914
VCB,2024-11-07,62.34,62.81,62.34,62.34,1420301,61.93,61.63,61.22,0.6697,1.1504,1.8401,-0.5086,-1.3704,0.3368
VCB,2024-11-08,62.54,62.81,61.67,61.67,1381249,61.95,61.66,61.23,-0.4535,0.0271,0.7232,-0.4787,-1.1729,0.3608
VCB,2024-11-11,62.07,62.07,61.47,61.54,1874368,61.95,61.68,61.24,-0.6694,-0.2223,0.4937,-0.3924,-0.8883,0.3865
VCB,2024-11-12,61.54,62.34,61.47,61.47,1337197,61.95,61.69,61.24,-0.7667,-0.3578,0.3801,-0.4099,-1.0065,0.3768
VCB,2024-11-13,61.47,62.14,61.47,61.87,1332711,62.0,61.73,61.26,-0.205,0.2384,1.0024,0.0894,0.2218,0.3617
VCB,2024-11-14,61.54,61.87,61.47,61.54,1720202,61.89,61.72,61.28,-0.5728,-0.2926,0.4148,-0.2908,-0.7397,0.3652
VCB,2024-11-15,61.54,61.87,61.27,61.34,1509691,61.77,61.7,61.3,-0.7038,-0.58,0.0546,-0.2976,-0.804,0.3431
VCB,2024-11-18,61.34,61.74,60.8,60.87,1876350,61.67,61.66,61.32,-1.3015,-1.2855,-0.7266,-0.6547,-1.617,0.3529
VCB,2024-11-19,61.2,61.27,60.2,60.2,1577896,61.5,61.62,61.33,-2.1101,-2.296,-1.8389,-0.4683,-1.0612,0.3885
VCB,2024-11-20,60.2,61.0,60.13,60.4,1641687,61.32,61.58,61.35,-1.5052,-1.9065,-1.5525,-0.2422,-0.5421,0.3833
VCB,2024-11-21,60.47,61.07,60.33,60.54,1461608,61.14,61.54,61.37,-0.9955,-1.6251,-1.3559,-0.2491,-0.6145,0.3573
VCB,2024-11-22,60.87,61.07,60.6,60.6,1730814,61.04,61.5,61.38,-0.7123,-1.4521,-1.262,-0.656,-1.8261,0.375
VCB,2024-11-25,60.8,61.67,60.8,61.07,1814963,60.99,61.47,61.41,0.1316,-0.6529,-0.5512,-0.309,-0.8209,0.3667
VCB,2024-11-26,61.14,62.14,61.14,61.81,1760827,61.02,61.49,61.43,1.2825,0.5222,0.6054,0.2533,0.6957,0.351
VCB,2024-11-27,61.74,62.34,61.74,62.01,1048309,61.04,61.52,61.46,1.589,0.7937,0.8947,-0.0624,-0.1569,0.3483
VCB,2024-11-28,62.27,62.54,61.87,61.94,1290948,61.08,61.49,61.47,1.4128,0.7398,0.7617,-0.4809,-1.2692,0.3673
VCB,2024-11-29,61.94,62.41,61.87,62.41,1011316,61.18,61.48,61.51,2.0007,1.5123,1.4638,0.394,0.9533,0.377
VCB,2024-12-02,63.48,63.61,62.81,63.01,1575332,61.4,61.54,61.55,2.6256,2.3969,2.3691,-0.4825,-1.1699,0.3598
VCB,2024-12-03,63.14,63.14,61.94,62.21,2447450,61.6,61.55,61.58,0.9882,1.0705,1.0255,-0.4189,-1.158,0.3548
VCB,2024-12-04,62.07,62.81,61.87,62.54,1205482,61.81,61.57,61.59,1.1795,1.5807,1.5532,0.1626,0.4516,0.3469
VCB,2024-12-05,62.21,63.28,62.21,62.88,2334456,62.05,61.6,61.61,1.3368,2.0796,2.063,0.0815,0.2304,0.3301
VCB,2024-12-06,62.88,63.75,62.81,63.01,1702183,62.29,61.66,61.63,1.1598,2.1858,2.2424,-0.2795,-0.7587,0.2925
VCB,2024-12-09,63.01,63.75,62.81,63.75,1958838,62.56,61.77,61.67,1.9033,3.1944,3.3623,0.8257,2.3926,0.3441
VCB,2024-12-10,63.75,63.75,63.21,63.21,914482,62.7,61.86,61.71,0.8215,2.1843,2.439,-0.3447,-0.959,0.3533
VCB,2024-12-11,63.21,63.41,62.34,62.41,1611488,62.74,61.89,61.71,-0.5224,0.8431,1.1251,-0.6246,-1.7283,0.4095
VCB,2024-12-12,62.54,63.14,62.54,62.54,672349,62.8,61.94,61.73,-0.4048,0.9774,1.3221,-0.2387,-0.6209,0.3853
VCB,2024-12-13,62.34,62.61,62.14,62.27,1228466,62.78,61.98,61.74,-0.8097,0.4694,0.8711,-0.2684,-0.7025,0.3727
VCB,2024-12-16,62.21,62.34,62.14,62.27,1122982,62.71,62.05,61.75,-0.6933,0.3557,0.8471,0.2061,0.5605,0.3451
VCB,2024-12-17,62.21,62.27,62.07,62.21,1049241,62.71,62.15,61.77,-0.8,0.0861,0.706,0.2034,0.4811,0.3235
VCB,2024-12-18,62.21,62.41,62.21,62.27,531269,62.68,62.25,61.8,-0.6509,0.043,0.7685,-0.0782,-0.2221,0.3151
VCB,2024-12-19,62.07,62.07,61.67,61.81,1870599,62.58,62.31,61.81,-1.2293,-0.8105,-0.0,-0.1826,-0.4851,0.3252
VCB,2024-12-20,61.81,62.14,61.74,61.87,1246769,62.46,62.37,61.82,-0.9424,-0.8043,0.0866,-0.1345,-0.396,0.3107
VCB,2024-12-23,61.94,62.07,61.81,61.81,707967,62.27,62.41,61.83,-0.7412,-0.9699,-0.0433,-0.3257,-0.8546,0.2607
VCB,2024-12-24,62.01,62.07,61.54,61.61,1025356,62.11,62.4,61.84,-0.8078,-1.2756,-0.3829,-0.2427,-0.6594,0.2505
VCB,2024-12-25,61.67,62.74,61.67,61.81,1829185,62.05,62.39,61.85,-0.3881,-0.9381,-0.0779,-0.398,-1.0459,0.2278
VCB,2024-12-26,61.87,62.07,61.54,61.61,2203884,61.95,62.37,61.85,-0.5614,-1.2332,-0.4001,-0.5508,-1.5416,0.259
VCB,2024-12-27,61.87,62.21,61.67,61.67,1640901,61.89,62.34,61.85,-0.3566,-1.0677,-0.2877,-0.5347,-1.3228,0.2857
VCB,2024-12-30,61.67,61.87,61.54,61.54,1707785,61.82,62.26,61.85,-0.4544,-1.1656,-0.504,-0.5995,-1.5857,0.325
VCB,2024-12-31,61.67,61.81,61.0,61.0,2375289,61.7,62.2,61.85,-1.1275,-1.9302,-1.3649,-0.8975,-2.2288,0.3944
VCB,2025-01-02,61.27,61.87,61.2,61.47,1631368,61.62,62.15,61.85,-0.2388,-1.0924,-0.6164,-0.204,-0.4975,0.407
VCB,2025-01-03,61.47,61.81,61.47,61.54,1403040,61.59,62.08,61.86,-0.0869,-0.8781,-0.5147,-0.2147,-0.5612,0.4102
VCB,2025-01-06,61.54,62.48,61.47,62.14,1938268,61.62,62.04,61.87,0.8467,0.1617,0.4346,0.2137,0.5748,0.4181
VCB,2025-01-07,62.34,62.34,61.74,61.74,1253566,61.61,61.94,61.88,0.2063,-0.324,-0.2205,-0.4526,-1.2051,0.4308
VCB,2025-01-08,61.74,61.81,61.2,61.81,1054219,61.63,61.87,61.88,0.2822,-0.1027,-0.1211,0.5219,1.3749,0.4587
VCB,2025-01-09,61.54,61.67,61.34,61.47,739048,61.6,61.82,61.88,-0.2063,-0.568,-0.6658,-0.0862,-0.2358,0.4275
VCB,2025-01-10,61.47,61.81,61.14,61.14,1113334,61.55,61.75,61.85,-0.6738,-0.9965,-1.1593,-0.3094,-0.8848,0.4034
VCB,2025-01-13,61.07,61.47,60.94,61.47,938736,61.53,61.71,61.83,-0.0978,-0.3902,-0.5842,0.3728,0.9981,0.3872
VCB,2025-01-14,61.47,61.47,61.0,61.34,678628,61.51,61.67,61.82,-0.2827,-0.5315,-0.7833,0.148,0.4067,0.3421
VCB,2025-01-15,61.47,61.47,61.14,61.14,446062,61.53,61.61,61.81,-0.6306,-0.7708,-1.0823,-0.1919,-0.5725,0.2715
VCB,2025-01-16,61.47,62.34,61.41,62.01,2461599,61.58,61.6,61.8,0.6952,0.6624,0.329,0.3416,0.9331,0.2853
VCB,2025-01-17,62.01,62.21,61.67,61.87,1124326,61.61,61.6,61.79,0.4234,0.4398,0.1277,-0.1423,-0.3555,0.278
VCB,2025-01-20,61.74,61.87,61.27,61.34,1763550,61.53,61.58,61.79,-0.3153,-0.3856,-0.7275,-0.7244,-1.9635,0.3291
VCB,2025-01-21,61.61,61.61,61.07,61.14,1266355,61.47,61.54,61.78,-0.5441,-0.6576,-1.0394,-0.5066,-1.4339,0.3345
VCB,2025-01-22,61.54,61.54,61.0,61.0,979719,61.39,61.51,61.77,-0.6319,-0.8264,-1.241,-0.3518,-0.9807,0.3175
VCB,2025-01-23,61.07,62.14,61.07,61.87,1686458,61.43,61.52,61.77,0.7186,0.5817,0.1668,0.328,0.8339,0.3417
VCB,2025-01-24,61.61,62.21,61.61,61.94,945437,61.51,61.53,61.78,0.696,0.6631,0.262,0.0385,0.101,0.3146
VCB,2025-02-03,61.74,61.81,61.27,61.27,1436966,61.49,61.51,61.78,-0.359,-0.3915,-0.8186,-0.6014,-1.2878,0.3374
VCB,2025-02-04,61.61,61.67,61.34,61.54,855942,61.51,61.51,61.79,0.0435,0.0435,-0.407,0.0528,0.1653,0.3279
VCB,2025-02-05,61.54,62.07,61.54,61.94,1346904,61.59,61.56,61.83,0.5647,0.6194,0.1861,0.2278,0.6594,0.3315
VCB,2025-02-06,62.07,62.48,62.01,62.14,1352924,61.61,61.59,61.86,0.8686,0.8905,0.4542,-0.2363,-0.6657,0.321
VCB,2025-02-07,62.14,62.34,61.87,62.21,2262521,61.64,61.63,61.89,0.9224,0.9443,0.5079,0.3375,0.898,0.3405
VCB,2025-02-10,62.14,62.14,61.47,61.67,2299299,61.67,61.6,61.91,0.0,0.114,-0.3911,-0.2285,-0.5597,0.2909
VCB,2025-02-11,61.67,61.74,61.34,61.47,1040604,61.71,61.59,61.92,-0.3794,-0.1901,-0.7281,-0.1298,-0.3209,0.2532
VCB,2025-02-12,61.47,61.87,61.2,61.2,1057688,61.73,61.56,61.91,-0.8453,-0.5759,-1.1409,-0.4066,-1.1441,0.2587
VCB,2025-02-13,61.47,61.47,61.14,61.27,863094,61.67,61.55,61.9,-0.64,-0.451,-1.0094,-0.0652,-0.1648,0.2324
VCB,2025-02-14,61.67,61.67,61.2,61.27,948437,61.6,61.56,61.88,-0.5321,-0.4618,-0.988,-0.1806,-0.4823,0.2466
VCB,2025-02-17,61.2,61.54,61.2,61.27,788528,61.6,61.55,61.86,-0.5321,-0.4456,-0.9516,-0.1177,-0.3361,0.1983
VCB,2025-02-18,61.27,61.54,61.14,61.27,1067903,61.57,61.54,61.83,-0.4889,-0.4402,-0.8958,-0.1215,-0.3716,0.2052
VCB,2025-02-19,61.27,61.34,61.07,61.34,1510842,61.51,61.55,61.81,-0.2827,-0.3478,-0.7597,0.3437,1.0521,0.2167
VCB,2025-02-20,61.67,61.74,61.34,61.34,1638352,61.43,61.52,61.78,-0.1524,-0.2936,-0.721,-0.4613,-1.2671,0.2392
VCB,2025-02-21,61.61,62.27,61.61,62.27,2515484,61.44,61.54,61.77,1.3609,1.1957,0.8143,0.817,2.3164,0.2872
VCB,2025-02-24,62.41,62.54,62.01,62.54,1957924,61.53,61.6,61.76,1.6525,1.5311,1.2628,0.4314,1.1608,0.3075
VCB,2025-02-25,62.54,62.61,61.87,61.94,1928951,61.57,61.64,61.73,0.5975,0.4883,0.3468,-0.4119,-1.2127,0.3357
VCB,2025-02-26,61.94,62.14,61.67,61.74,771099,61.63,61.68,61.7,0.1845,0.103,0.0694,-0.144,-0.4283,0.3094
VCB,2025-02-27,63.48,63.81,62.88,62.88,5035025,61.79,61.73,61.71,1.7646,1.8639,1.897,-0.9112,-2.7078,0.3941
VCB,2025-02-28,63.01,63.01,62.41,62.41,2073877,61.9,61.75,61.7,0.8213,1.067,1.1426,-0.5161,-1.4892,0.4276
VCB,2025-03-03,62.54,62.54,62.21,62.41,1252949,62.01,61.81,61.71,0.6364,0.974,1.1382,0.0649,0.1939,0.4223
VCB,2025-03-04,62.34,62.48,62.01,62.21,2501823,62.11,61.84,61.7,0.1616,0.5949,0.8152,-0.0953,-0.2545,0.4197
VCB,2025-03-05,62.21,62.74,62.21,62.21,1822854,62.19,61.85,61.7,0.0215,0.5732,0.8152,-0.2888,-0.8343,0.4142
VCB,2025-03-06,62.54,63.01,62.34,62.54,2359429,62.31,61.87,61.71,0.365,1.0811,1.3484,-0.1232,-0.3815,0.3804
VCB,2025-03-07,62.61,63.75,62.54,63.61,4003619,62.45,61.94,61.75,1.8638,2.6942,3.0224,0.6352,1.888,0.3622
VCB,2025-03-10,64.48,65.15,64.28,64.75,4434646,62.67,62.1,61.8,3.3195,4.271,4.7664,0.0736,0.207,0.3264
VCB,2025-03-11,64.21,64.75,63.95,64.75,3644714,62.95,62.26,61.86,2.8584,3.9966,4.6668,0.6121,1.7634,0.3464
VCB,2025-03-12,66.0,68.6,65.6,66.7,7581491,63.45,62.54,61.96,5.1284,6.6586,7.6424,-0.3761,-1.1194,0.3696
VCB,2025-03-13,67.2,67.2,65.2,65.5,4514555,63.71,62.75,62.04,2.8119,4.3867,5.5799,-0.5173,-1.5087,0.3303
VCB,2025-03-14,65.4,66.8,65.4,66.0,4929265,64.07,62.98,62.13,3.016,4.7887,6.2354,-0.1318,-0.3997,0.2918
VCB,2025-03-17,66.0,67.3,66.0,67.3,4946897,64.56,63.29,62.24,4.2491,6.3438,8.132,1.3268,3.9021,0.418
VCB,2025-03-18,67.8,67.8,66.8,66.8,3663486,65.02,63.56,62.34,2.7437,5.0947,7.1475,-0.67,-2.0619,0.4755
VCB,2025-03-19,67.2,67.2,66.5,66.5,3679899,65.45,63.82,62.45,1.6115,4.1996,6.4786,-0.9238,-2.3696,0.539
VCB,2025-03-20,66.5,67.0,66.2,66.8,1693378,65.87,64.09,62.56,1.4101,4.2237,6.7767,0.2183,0.709,0.5485
VCB,2025-03-21,67.0,67.0,66.0,66.0,1707373,66.11,64.28,62.65,-0.1662,2.6771,5.3477,-0.4387,-1.4058,0.5289
VCB,2025-03-24,66.3,66.5,65.5,66.5,1983215,66.28,64.48,62.74,0.3244,3.1374,5.9983,0.3892,1.1519,0.5604
VCB,2025-03-25,66.5,66.6,66.2,66.2,2028100,66.43,64.69,62.83,-0.3462,2.3341,5.3703,-0.5567,-1.6631,0.5549
VCB,2025-03-26,66.4,66.6,65.8,65.8,1507400,66.34,64.89,62.91,-0.814,1.3975,4.6006,-0.4711,-1.3047,0.5644
VCB,2025-03-27,65.8,65.9,65.5,65.5,901500,66.34,65.02,62.99,-1.2662,0.7316,3.9905,-0.2582,-0.8047,0.5385
VCB,2025-03-28,65.5,65.7,64.8,64.8,1650600,66.22,65.14,63.06,-2.1444,-0.5279,2.7597,-0.5423,-1.558,0.5795
VCB,2025-03-31,64.7,65.2,64.0,64.0,1771900,65.89,65.22,63.11,-2.8684,-1.8758,1.4097,-0.4041,-1.1098,0.4872
VCB,2025-04-01,64.7,65.3,64.0,64.5,1715200,65.66,65.34,63.17,-1.7667,-1.2827,2.0997,-0.1386,-0.3938,0.4341
VCB,2025-04-02,65.0,66.0,64.6,64.8,2330700,65.49,65.47,63.25,-1.0536,-1.0199,2.4558,-0.4191,-1.3068,0.3836
VCB,2025-04-03,64.0,64.4,60.3,60.3,9806100,64.84,65.36,63.21,-7.0019,-7.7355,-4.6077,-0.5811,-1.6154,0.4199
VCB,2025-04-04,56.7,60.0,56.2,60.0,11887700,64.24,65.17,63.18,-6.6002,-7.9401,-5.026,0.8355,2.3969,0.4596
VCB,2025-04-08,59.8,59.8,55.8,55.8,7181200,63.17,64.73,63.06,-11.6669,-13.7924,-11.5191,-0.7023,-1.9019,0.4909
VCB,2025-04-09,52.0,59.7,52.0,52.5,8995800,61.8,64.12,62.89,-15.0485,-18.1159,-16.5232,-0.718,-2.0062,0.507
VCB,2025-04-10,56.1,56.1,56.1,56.1,174400,60.83,63.58,62.79,-7.7758,-11.7716,-10.6597,0.0,0.0,0.4599
VCB,2025-04-11,59.8,59.9,58.0,59.8,8059500,60.26,63.3,62.75,-0.7634,-5.5292,-4.7045,0.5229,1.4253,0.4864
VCB,2025-04-14,60.0,60.0,58.7,59.3,3619500,59.71,62.96,62.7,-0.6867,-5.8207,-5.4217,-0.0442,-0.1116,0.4366
VCB,2025-04-15,59.1,60.9,58.3,60.0,5633100,59.31,62.6,62.67,1.1634,-4.1534,-4.2664,0.348,0.8648,0.431
VCB,2025-04-16,59.7,60.3,59.0,59.3,2625800,58.79,62.22,62.63,0.8675,-4.7007,-5.3157,-0.3427,-0.808,0.4514
VCB,2025-04-17,59.3,59.3,58.1,58.1,3151800,58.12,61.8,62.55,-0.0344,-5.9947,-7.1178,-0.7376,-1.8061,0.4832
VCB,2025-04-18,58.7,59.6,58.1,58.1,2165400,57.9,61.37,62.47,0.3454,-5.3283,-6.9976,-0.3433,-1.0234,0.4594
VCB,2025-04-21,58.5,58.9,58.1,58.2,1290500,57.72,60.98,62.39,0.8316,-4.5589,-6.7179,-0.2012,-0.5583,0.396
VCB,2025-04-22,58.1,58.8,54.7,58.5,3850700,57.99,60.58,62.33,0.8795,-3.4335,-6.1416,0.3605,1.0049,0.3618
VCB,2025-04-23,59.4,59.4,58.0,58.0,1928700,58.54,60.17,62.26,-0.9224,-3.6064,-6.84,-0.4804,-1.2234,0.3381
VCB,2025-04-24,58.2,58.6,58.0,58.2,1861200,58.75,59.79,62.2,-0.9362,-2.6593,-6.4285,-0.1791,-0.4516,0.356
VCB,2025-04-25,58.2,59.0,57.5,57.5,3682000,58.52,59.39,62.12,-1.743,-3.1824,-7.4416,-0.7163,-1.6607,0.3753
VCB,2025-04-28,57.7,58.3,57.5,57.5,1654600,58.34,59.02,62.05,-1.4398,-2.5837,-7.3291,-0.5561,-1.4965,0.4265
VCB,2025-04-29,57.7,58.5,57.3,57.3,2432200,58.07,58.69,61.97,-1.326,-2.3684,-7.5331,-0.7944,-1.9676,0.4712
VCB,2025-05-05,57.5,58.0,57.0,57.1,2101500,57.85,58.32,61.88,-1.2965,-2.0919,-7.7316,-0.4581,-1.2048,0.4827
VCB,2025-05-06,57.3,58.0,57.0,57.0,2992900,57.74,57.93,61.8,-1.2816,-1.6054,-7.7639,-0.6129,-1.9048,0.4702
VCB,2025-05-07,57.1,57.5,57.0,57.0,2415400,57.63,57.77,61.71,-1.0932,-1.3243,-7.6342,-0.5885,-1.6131,0.4948
VCB,2025-05-08,57.4,57.7,56.9,57.1,3022300,57.52,57.62,61.61,-0.7302,-0.9025,-7.3168,-0.3701,-0.8461,0.5116
VCB,2025-05-09,57.3,57.6,56.6,56.6,5827400,57.33,57.66,61.49,-1.2733,-1.8384,-7.9508,-1.4686,-4.0412,0.6225
VCB,2025-05-12,57.0,57.3,56.2,56.6,5992500,57.19,57.86,61.38,-1.0316,-2.1861,-7.7906,-0.2974,-0.7708,0.6042
VCB,2025-05-13,57.1,57.3,56.6,56.8,7392600,57.05,57.9,61.28,-0.4382,-1.8998,-7.3156,-0.6616,-1.6097,0.6524
VCB,2025-05-14,57.2,58.8,57.2,58.7,8014200,57.17,57.85,61.2,2.6762,1.4781,-4.0845,1.4031,3.203,0.7211
VCB,2025-05-15,59.3,59.8,58.7,58.7,8070600,57.29,57.82,61.13,2.4612,1.5307,-3.9681,-1.6203,-4.486,0.8275
VCB,2025-05-16,58.8,59.0,57.5,57.5,8364800,57.31,57.69,61.03,0.3315,-0.3293,-5.78,-1.2939,-3.5246,0.8774
VCB,2025-05-19,57.4,57.6,57.0,57.0,4784400,57.3,57.58,60.92,-0.5236,-0.9987,-6.4396,-0.9821,-2.5926,0.9298
VCB,2025-05-20,57.0,57.4,56.8,57.1,3867000,57.31,57.52,60.82,-0.3664,-0.7388,-6.1181,0.0,0.0,0.8686
VCB,2025-05-21,57.5,57.9,57.0,57.1,5161800,57.32,57.48,60.71,-0.3838,-0.6525,-5.9498,-0.7287,-1.9021,0.8826
VCB,2025-05-22,57.1,57.4,56.9,56.9,3694300,57.3,57.41,60.58,-0.6981,-0.8883,-6.0715,-0.5645,-1.5759,0.902
VCB,2025-05-23,56.9,57.5,56.7,56.8,3546500,57.32,57.32,60.42,-0.9072,-0.9158,-5.9898,-0.6606,-1.8364,0.8212
VCB,2025-05-26,56.9,57.0,56.0,57.0,4728300,57.36,57.28,60.26,-0.6276,-0.4801,-5.4162,0.6413,1.6505,0.8556
VCB,2025-05-27,56.8,57.2,56.7,56.8,5548900,57.36,57.2,60.07,-0.9763,-0.708,-5.4374,-0.5971,-1.6034,0.8492
VCB,2025-05-28,57.1,57.6,56.8,56.8,4950200,57.17,57.17,59.89,-0.6472,-0.6472,-5.1626,-0.9603,-2.5222,0.8049
VCB,2025-05-29,57.2,57.2,56.7,56.7,3904500,56.97,57.13,59.71,-0.4739,-0.7527,-5.0347,-0.6429,-1.6908,0.7071
VCB,2025-05-30,56.8,56.9,56.4,56.4,3934000,56.86,57.08,59.49,-0.809,-1.2,-5.191,-0.6614,-1.6729,0.6439
VCB,2025-06-02,56.5,56.5,56.1,56.2,3225700,56.78,57.04,59.28,-1.0215,-1.4727,-5.1893,-0.2664,-0.8328,0.5723
VCB,2025-06-03,56.7,56.9,56.4,56.8,3364000,56.75,57.03,59.08,0.0881,-0.4033,-3.8624,0.364,1.0328,0.6087
VCB,2025-06-04,56.9,57.0,56.5,56.6,2690500,56.7,57.01,58.88,-0.1764,-0.7192,-3.869,-0.2916,-0.7781,0.565
VCB,2025-06-05,56.7,56.8,56.3,56.3,2783100,56.64,56.97,58.68,-0.6003,-1.1761,-4.0624,-0.5901,-1.507,0.5676
VCB,2025-06-06,56.3,56.6,56.1,56.1,2531900,56.57,56.95,58.48,-0.8308,-1.4839,-4.0632,-0.4014,-1.0518,0.5416
VCB,2025-06-09,56.2,56.4,55.9,55.9,2223900,56.46,56.91,58.27,-0.9919,-1.7747,-4.0673,-0.441,-1.142,0.5216
VCB,2025-06-10,56.0,56.2,55.9,55.9,2231400,56.37,56.86,58.07,-0.8338,-1.697,-3.7402,-0.5894,-1.4908,0.5208
VCB,2025-06-11,56.2,56.2,55.7,55.7,2295800,56.26,56.72,57.88,-0.9954,-1.7897,-3.7598,-0.8713,-1.9593,0.5119
VCB,2025-06-12,56.0,56.1,55.7,56.0,2560800,56.19,56.58,57.7,-0.3381,-1.0251,-2.9463,0.3055,0.7892,0.4782
VCB,2025-06-13,55.9,57.1,55.6,56.2,5364900,56.17,56.52,57.54,0.0534,-0.5574,-2.3356,-0.1918,-0.4978,0.4312
VCB,2025-06-16,56.2,56.7,56.2,56.6,4336600,56.21,56.49,57.39,0.6938,0.1859,-1.3697,0.407,0.9903,0.4453
VCB,2025-06-17,56.9,57.5,56.8,57.2,5159800,56.25,56.5,57.23,1.6889,1.2389,-0.0594,0.1833,0.4895,0.4272
VCB,2025-06-18,57.2,57.3,56.5,56.7,3421100,56.26,56.48,57.16,0.7821,0.3895,-0.8082,-0.3784,-0.9446,0.4359
VCB,2025-06-19,56.7,57.0,56.5,56.6,2368700,56.29,56.46,57.09,0.5507,0.2391,-0.8652,-0.3608,-0.9406,0.413
VCB,2025-06-20,56.7,57.2,56.5,57.1,6886500,56.39,56.48,57.12,1.2591,1.0977,-0.035,1.0864,2.5195,0.4815
VCB,2025-06-23,56.7,56.9,56.5,56.6,2480600,56.46,56.46,57.2,0.248,0.248,-1.0524,-0.3096,-0.7109,0.4684
VCB,2025-06-24,56.9,57.1,56.6,56.6,3507600,56.53,56.45,57.21,0.1238,0.2657,-1.0697,-0.7061,-1.651,0.48
VCB,2025-06-25,56.8,56.9,56.6,56.6,2739800,56.62,56.44,57.15,-0.0353,0.2835,-0.9589,-0.5656,-1.4203,0.4495
VCB,2025-06-26,56.7,56.8,56.4,56.4,2842900,56.66,56.42,57.09,-0.4589,-0.0443,-1.2086,-0.7637,-1.8059,0.4953
VCB,2025-06-27,56.6,57.3,56.4,56.7,4082600,56.71,56.44,57.02,-0.0176,0.4607,-0.5682,-0.3235,-0.7779,0.5084
VCB,2025-06-30,57.0,57.2,56.9,57.0,2952200,56.75,56.48,56.98,0.4405,0.9207,0.0386,-0.242,-0.5969,0.492
VCB,2025-07-01,57.2,58.8,57.1,58.2,10049500,56.85,56.55,56.98,2.3747,2.9178,2.1411,0.8229,1.9843,0.5559
VCB,2025-07-02,58.3,58.6,57.7,58.0,2913600,56.98,56.62,56.98,1.7901,2.4373,1.7937,-0.1611,-0.4273,0.5342
VCB,2025-07-03,58.1,58.8,57.7,57.9,7395300,57.11,56.7,56.97,1.3833,2.1164,1.6289,-0.9042,-2.1977,0.5885
VCB,2025-07-04,57.9,58.8,57.8,58.4,4849800,57.24,56.82,56.97,2.0266,2.7898,2.5101,0.2745,0.6626,0.5073
VCB,2025-07-07,58.5,58.9,58.2,58.6,8056200,57.44,56.95,56.98,2.0195,2.8973,2.8395,0.1522,0.4825,0.4916
VCB,2025-07-08,58.8,59.5,58.6,59.0,10394500,57.68,57.1,57.0,2.2885,3.3184,3.5124,-0.1886,-0.4917,0.4398
VCB,2025-07-09,59.4,61.8,59.4,61.5,16449700,58.17,57.4,57.08,5.7246,7.1522,7.7473,1.6924,4.4678,0.5525
VCB,2025-07-10,61.8,61.8,61.0,61.4,8152900,58.67,57.66,57.16,4.6531,6.4771,7.4253,0.0,0.0,0.4761
VCB,2025-07-11,61.5,63.1,61.5,62.7,12701900,59.27,57.99,57.26,5.7871,8.1221,9.4929,1.0022,2.5365,0.544
VCB,2025-07-14,62.9,62.9,61.0,62.4,6475000,59.81,58.28,57.37,4.3304,7.0693,8.7676,0.4002,1.172,0.5598
VCB,2025-07-15,62.4,62.6,61.4,61.4,6315400,60.13,58.49,57.46,2.1121,4.9752,6.8607,-0.5821,-1.5247,0.5357
VCB,2025-07-16,61.4,62.1,61.1,61.8,7603200,60.51,58.74,57.55,2.1319,5.2004,7.3774,0.4025,1.206,0.5599
VCB,2025-07-17,61.8,62.7,61.8,62.2,9992700,60.94,59.02,57.66,2.0676,5.3791,7.8812,-0.1515,-0.388,0.4846
VCB,2025-07-18,62.3,62.6,61.8,61.9,6915300,61.29,59.26,57.76,0.9953,4.4461,7.1639,-0.6595,-1.7937,0.5231
VCB,2025-07-21,62.2,62.7,61.3,61.3,6138200,61.56,59.5,57.86,-0.4224,3.0252,5.9527,-0.6686,-1.7705,0.5748
VCB,2025-07-22,61.3,62.2,60.9,62.2,4902600,61.88,59.78,57.96,0.5171,4.0482,7.308,0.4817,1.2015,0.6041
VCB,2025-07-23,62.5,62.6,61.8,62.1,5087300,61.94,60.05,58.03,0.2583,3.4052,7.0099,-0.1591,-0.3795,0.4508
VCB,2025-07-24,62.2,63.5,61.9,62.1,8710200,62.01,60.34,58.1,0.1451,2.9168,6.8847,-0.9488,-2.4044,0.5456
VCB,2025-07-25,62.1,62.5,61.9,62.0,4978400,61.94,60.6,58.19,0.0969,2.3018,6.5475,-0.3497,-0.8325,0.4804
VCB,2025-07-28,62.2,63.0,62.1,62.8,10484700,61.98,60.9,58.31,1.323,3.1283,7.7076,0.4703,1.3323,0.4874
VCB,2025-07-29,63.2,63.2,61.0,61.0,10595600,61.94,61.04,58.38,-1.5176,-0.0573,4.4807,-0.3871,-0.987,0.4679
VCB,2025-07-30,61.0,61.9,60.4,60.9,7271000,61.85,61.18,58.46,-1.536,-0.4577,4.1738,-0.2132,-0.5568,0.449
VCB,2025-07-31,61.5,61.7,60.1,60.2,6066900,61.65,61.29,58.53,-2.352,-1.7864,2.8603,-0.5217,-1.2555,0.486
VCB,2025-08-01,60.3,60.6,59.7,60.2,4751600,61.48,61.39,58.59,-2.082,-1.9304,2.7409,0.0641,0.1424,0.4264
VCB,2025-08-04,60.1,61.4,60.0,61.1,4462400,61.46,61.51,58.68,-0.5857,-0.6666,4.1312,0.2407,0.6042,0.3836
VCB,2025-08-05,61.5,63.7,61.2,61.5,18590000,61.39,61.64,58.77,0.1792,-0.219,4.6452,-1.4637,-3.4182,0.4818
VCB,2025-08-06,62.1,62.8,61.9,62.3,4677500,61.41,61.68,58.88,1.4493,1.0134,5.8084,-0.0719,-0.1532,0.4731
VCB,2025-08-07,62.9,62.9,61.3,61.7,9498700,61.37,61.69,58.98,0.5377,0.0162,4.6117,-0.4651,-1.1989,0.4247
VCB,2025-08-08,62.2,63.3,61.6,61.9,10679800,61.36,61.65,59.09,0.8801,0.4055,4.7555,-0.6936,-1.6712,0.4591
VCB,2025-08-11,62.1,63.2,62.1,62.5,7266300,61.33,61.65,59.22,1.9077,1.3705,5.5458,-0.2257,-0.4951,0.4347
VCB,2025-08-12,62.8,64.8,62.7,63.0,12129000,61.53,61.74,59.34,2.3891,2.0491,6.1678,-1.0013,-2.4109,0.4961
VCB,2025-08-13,63.5,63.6,62.0,62.5,7519800,61.69,61.77,59.46,1.313,1.1818,5.1162,-0.2845,-0.5988,0.5032
VCB,2025-08-14,63.7,66.3,63.3,65.2,19003100,62.19,61.92,59.64,4.84,5.2972,9.3299,0.5407,1.22,0.5051
VCB,2025-08-15,67.4,67.5,64.2,64.3,16667800,62.6,62.04,59.8,2.7157,3.6428,7.5251,-1.349,-2.9637,0.6336
VCB,2025-08-18,64.8,65.6,64.0,64.5,8297300,62.94,62.2,59.97,2.4786,3.6977,7.5502,-0.3449,-0.7987,0.644
VCB,2025-08-19,64.5,65.4,64.2,64.2,9191400,63.21,62.3,60.14,1.5662,3.0498,6.7545,-0.8296,-1.91,0.5806
VCB,2025-08-20,64.5,64.6,62.2,63.0,10537600,63.28,62.35,60.28,-0.4425,1.0506,4.5053,-0.3056,-0.6525,0.604
VCB,2025-08-21,63.3,65.0,63.3,64.2,9639300,63.53,62.45,60.45,1.0546,2.8022,6.207,0.053,0.1204,0.5628
VCB,2025-08-22,64.0,67.2,63.7,64.6,18944300,63.8,62.58,60.62,1.2539,3.2279,6.5725,-0.6528,-1.5807,0.5587
VCB,2025-08-25,65.8,65.8,63.4,63.6,7750800,63.91,62.62,60.76,-0.4851,1.565,4.681,-0.5885,-1.426,0.595
VCB,2025-08-26,63.6,65.0,62.9,64.6,7988400,64.07,62.8,60.9,0.8272,2.8662,6.0686,0.4053,0.9199,0.5354
VCB,2025-08-27,65.0,69.1,65.0,69.1,31048100,64.73,63.21,61.15,6.7511,9.3181,12.9971,2.9506,6.8355,0.802
VCB,2025-08-28,69.5,70.6,68.7,69.0,8799400,65.11,63.65,61.4,5.9745,8.4053,12.3779,-0.8767,-1.9877,0.8356
VCB,2025-08-29,69.2,70.1,68.5,68.6,14696100,65.54,64.07,61.63,4.6689,7.0704,11.3094,-1.3435,-3.234,0.835
VCB,2025-09-03,68.8,68.8,67.0,67.0,14216900,65.79,64.36,61.84,1.8392,4.0938,8.3476,-1.8508,-4.3736,0.9856
VCB,2025-09-04,67.5,69.0,66.9,68.9,8942100,66.26,64.73,62.08,3.9843,6.4339,10.9787,0.9299,2.2505,0.9957
VCB,2025-09-05,69.5,69.6,67.5,67.5,11047800,66.71,64.99,62.3,1.1842,3.8541,8.3432,-0.6986,-1.7024,1.035
VCB,2025-09-08,67.1,67.5,65.3,65.3,11249800,66.82,65.17,62.48,-2.2748,0.1918,4.5134,-0.6987,-1.6999,1.0995
VCB,2025-09-09,65.5,66.2,64.5,64.9,6192300,66.85,65.32,62.64,-2.917,-0.6506,3.6013,-0.4986,-1.1161,1.0841
VCB,2025-09-10,65.6,66.0,64.8,65.8,5006400,67.07,65.49,62.82,-1.8935,0.4734,4.7437,0.8229,1.9508,1.1076
VCB,2025-09-11,65.6,66.0,64.2,65.7,6349100,67.18,65.62,62.97,-2.203,0.1143,4.3354,0.4705,1.0498,1.1141
VCB,2025-09-12,66.2,66.2,65.0,65.8,5694200,66.85,65.79,63.13,-1.5707,0.0152,4.236,0.3056,0.6791,0.8496
VCB,2025-09-15,66.0,66.0,65.5,65.8,5367400,66.53,65.82,63.28,-1.0972,-0.0304,3.9757,0.1676,0.3508,0.7787
VCB,2025-09-16,66.0,66.6,65.6,65.6,6765400,66.23,65.89,63.43,-0.9512,-0.4326,3.4244,-0.8344,-1.8788,0.7278
VCB,2025-09-17,65.5,65.8,64.8,64.8,5627200,66.01,65.9,63.55,-1.8331,-1.6692,1.9637,-0.707,-1.5813,0.6134
VCB,2025-09-18,64.9,64.9,63.6,63.9,8783400,65.51,65.89,63.65,-2.4576,-3.0128,0.3928,-1.2446,-2.5679,0.6448
VCB,2025-09-19,64.2,64.5,63.0,63.0,6932700,65.06,65.89,63.68,-3.1663,-4.3788,-1.0678,-1.3055,-2.5506,0.7055
VCB,2025-09-22,63.0,63.2,61.8,62.0,6061300,64.73,65.78,63.69,-4.2175,-5.7393,-2.6565,-0.6453,-1.3378,0.7002
VCB,2025-09-23,62.4,63.1,62.2,62.2,3267800,64.46,65.66,63.68,-3.5061,-5.2624,-2.3272,-0.7233,-1.6459,0.7227
VCB,2025-09-24,62.4,62.7,61.8,62.7,3879200,64.15,65.61,63.69,-2.2603,-4.4353,-1.5513,0.4456,1.0217,0.6849
VCB,2025-09-25,63.3,63.4,62.7,63.0,3870300,63.88,65.53,63.72,-1.3776,-3.8608,-1.1299,-0.0845,-0.1929,0.6463
VCB,2025-09-26,63.2,63.4,62.9,63.0,3981900,63.6,65.22,63.74,-0.9434,-3.4113,-1.1672,-0.3963,-0.8869,0.6554
VCB,2025-09-29,62.9,62.9,62.4,62.6,2782900,63.28,64.9,63.75,-1.0746,-3.5513,-1.807,-0.1108,-0.2485,0.6497
VCB,2025-09-30,62.8,62.9,61.8,62.0,4104100,62.92,64.58,63.75,-1.4622,-3.9876,-2.7512,-0.4932,-1.0233,0.6156
VCB,2025-10-01,62.7,62.7,62.0,62.4,3022000,62.68,64.34,63.78,-0.4467,-3.0228,-2.1576,0.1382,0.2757,0.5587
VCB,2025-10-02,61.95,62.65,61.65,61.65,3664921,62.46,63.98,63.77,-1.2848,-3.6412,-3.3124,-0.6636,-1.493,0.5007
VCB,2025-10-03,62.0,62.0,61.4,61.7,2821100,62.33,63.69,63.76,-1.0033,-3.1285,-3.2264,0.0,0.0,0.3701
