ticker,time,open,high,low,close,volume,ma10,ma20,ma50,ma10_score,ma20_score,ma50_score,money_flow,dollar_flow,trend_score
VSC,2015-01-05,5.15,5.16,5.1,5.16,6890,,,,,,,0.0197,0.0119,0.0197
VSC,2015-01-06,5.16,5.17,5.08,5.17,42850,,,,,,,0.0742,0.049,0.047
VSC,2015-01-07,5.19,5.21,5.12,5.21,32310,,,,,,,0.0607,0.0423,0.0515
VSC,2015-01-08,5.21,5.21,5.16,5.16,7290,,,,,,,-0.023,-0.0129,0.0444
VSC,2015-01-09,5.21,5.41,5.21,5.31,21220,,,,,,,0.0,0.0,0.0355
VSC,2015-01-12,5.31,5.31,5.21,5.26,19140,,,,,,,-0.0,-0.0,0.0296
VSC,2015-01-13,5.21,5.31,5.21,5.31,2810,,,,,,,0.0064,0.0037,0.0263
VSC,2015-01-14,5.31,5.36,5.15,5.31,6150,,,,,,,0.0093,0.0058,0.0242
VSC,2015-01-15,5.36,5.36,5.21,5.21,20620,,,,,,,-0.0429,-0.0247,0.0262
VSC,2015-01-16,5.21,5.21,5.18,5.21,9110,5.23,,,-0.4778,,,0.0177,0.0107,0.0254
VSC,2015-01-19,5.15,5.19,5.15,5.19,17560,5.23,,,-0.7361,,,0.0423,0.0267,0.0276
VSC,2015-01-20,5.21,5.26,5.21,5.21,12660,5.24,,,-0.5965,,,-0.0444,-0.0284,0.0247
VSC,2015-01-21,5.21,5.21,5.15,5.16,1170,5.23,,,-1.3132,,,-0.0019,-0.0014,0.0188
VSC,2015-01-22,5.21,5.21,5.15,5.21,270,5.24,,,-0.5965,,,0.0009,0.0005,0.0166
VSC,2015-01-23,5.21,5.21,5.16,5.21,4860,5.23,,,-0.3984,,,0.0115,0.0071,0.0177
VSC,2015-01-26,5.17,5.21,5.15,5.21,6660,5.22,,,-0.2991,,,0.02,0.0124,0.0197
VSC,2015-01-27,5.15,5.31,5.15,5.21,17020,5.21,,,-0.0999,,,-0.0077,-0.005,0.0199
VSC,2015-01-28,5.21,5.26,5.15,5.21,45560,5.2,,,0.1001,,,0.0,0.0,0.0189
VSC,2015-01-29,5.16,5.21,5.15,5.19,7000,5.2,,,-0.0801,,,0.0113,0.0061,0.0158
VSC,2015-01-30,5.16,5.17,5.1,5.1,11270,5.19,5.21,,-1.6854,-2.0783,,-0.0231,-0.0151,0.0163
VSC,2015-02-02,5.19,5.19,5.1,5.1,34670,5.18,5.21,,-1.5075,-2.0196,,-0.0743,-0.0469,0.0195
VSC,2015-02-03,5.1,5.1,5.05,5.1,16220,5.17,5.2,,-1.3091,-1.951,,0.0235,0.0161,0.0174
VSC,2015-02-04,5.1,5.1,5.07,5.07,1150,5.16,5.2,,-1.7352,-2.4243,,-0.003,-0.0019,0.0175
VSC,2015-02-05,5.07,5.08,5.06,5.06,13560,5.14,5.19,,-1.6592,-2.527,,-0.0536,-0.0284,0.0228
VSC,2015-02-06,5.14,5.19,5.1,5.15,17550,5.14,5.18,,0.2633,-0.5725,,0.0063,0.0037,0.0223
VSC,2015-02-09,5.21,5.36,5.21,5.36,125400,5.16,5.19,,3.9985,3.3411,,0.4366,0.2648,0.0639
VSC,2015-02-10,5.36,5.41,5.36,5.36,20050,5.17,5.19,,3.6844,3.2893,,-0.0646,-0.0357,0.0696
VSC,2015-02-11,5.36,5.36,5.31,5.36,12760,5.19,5.19,,3.3722,3.2375,,0.0411,0.0273,0.0737
VSC,2015-02-12,5.31,5.36,5.21,5.31,11610,5.2,5.2,,2.1431,2.1329,,0.0113,0.0067,0.0737
VSC,2015-02-13,5.31,5.41,5.26,5.31,9180,5.22,5.2,,1.7355,2.0307,,-0.0118,-0.0067,0.0726
VSC,2015-02-24,5.31,5.47,5.31,5.36,27230,5.24,5.21,,2.2231,2.8663,,-0.0335,-0.0209,0.0685
VSC,2015-02-25,5.47,5.47,5.36,5.36,59080,5.27,5.22,,1.7184,2.7125,,-0.1149,-0.0757,0.0777
VSC,2015-02-26,5.36,5.41,5.31,5.36,60710,5.3,5.23,,1.1589,2.5182,,-0.0,-0.0,0.0774
VSC,2015-02-27,5.31,5.36,5.26,5.31,40110,5.32,5.23,,-0.2932,1.422,,0.0,0.0,0.072
VSC,2015-03-02,5.31,5.36,5.26,5.31,135370,5.34,5.24,,-0.5848,1.3212,,0.0001,0.0,0.0714
VSC,2015-03-03,5.31,5.47,5.31,5.41,77820,5.35,5.25,,1.2658,3.103,,0.0504,0.0315,0.0328
VSC,2015-03-04,5.47,5.52,5.41,5.47,35870,5.36,5.26,,2.0408,3.837,,-0.0,-0.0,0.0263
VSC,2015-03-05,5.52,5.52,5.41,5.52,48560,5.37,5.28,,2.7131,4.5158,,0.0825,0.053,0.0305
VSC,2015-03-06,5.47,5.62,5.47,5.57,124180,5.4,5.3,,3.1822,5.1286,,0.0943,0.0586,0.0388
VSC,2015-03-09,5.57,5.62,5.52,5.52,66850,5.42,5.32,,1.8251,3.7385,,-0.1562,-0.0936,0.0532
VSC,2015-03-10,5.52,5.52,5.47,5.47,29230,5.43,5.34,,0.6711,2.409,,-0.0874,-0.0526,0.0586
VSC,2015-03-11,5.47,5.47,5.41,5.41,45990,5.43,5.35,,-0.3831,1.1378,,-0.1308,-0.0803,0.0602
VSC,2015-03-12,5.41,5.47,5.36,5.47,19240,5.44,5.37,,0.3824,1.7343,,0.0575,0.0322,0.0659
VSC,2015-03-13,5.47,5.47,5.41,5.41,18700,5.45,5.39,,-0.7633,0.4346,,-0.0508,-0.0282,0.071
VSC,2015-03-16,5.41,5.41,5.36,5.41,20400,5.47,5.4,,-0.9524,0.1927,,0.0407,0.0222,0.0751
VSC,2015-03-17,5.31,5.47,5.31,5.36,19540,5.46,5.4,,-1.8112,-0.7707,,-0.0202,-0.012,0.072
VSC,2015-03-18,5.36,5.41,5.36,5.36,9940,5.45,5.4,,-1.6236,-0.7707,,-0.0348,-0.0186,0.0755
VSC,2015-03-19,5.36,5.41,5.31,5.31,20650,5.43,5.4,,-2.2051,-1.6867,,-0.0698,-0.0441,0.0742
VSC,2015-03-20,5.31,5.47,5.31,5.41,37360,5.41,5.41,,0.0,0.1444,,0.0184,0.0085,0.0667
VSC,2015-03-23,5.41,5.47,5.36,5.41,11000,5.4,5.41,5.29,0.1927,0.0481,2.2978,0.0,0.0,0.051
VSC,2015-03-24,5.31,5.31,5.15,5.18,48510,5.37,5.4,5.29,-3.5445,-4.0278,-2.038,-0.0717,-0.0433,0.0495
VSC,2015-03-25,5.21,5.26,5.18,5.21,28390,5.35,5.39,5.29,-2.7806,-3.5029,-1.6562,-0.0338,-0.0167,0.0398
VSC,2015-03-26,5.21,5.21,5.16,5.21,19580,5.33,5.39,5.29,-2.3057,-3.363,-1.6562,0.0561,0.0312,0.0396
VSC,2015-03-27,5.21,5.21,5.18,5.21,23200,5.31,5.38,5.29,-1.9224,-3.2696,-1.6716,0.0429,0.0277,0.0388
VSC,2015-03-30,5.21,5.21,5.15,5.21,12360,5.29,5.38,5.29,-1.5361,-3.1759,-1.633,0.0263,0.0154,0.0374
VSC,2015-03-31,5.21,5.26,5.15,5.26,9130,5.28,5.37,5.29,-0.3552,-2.0654,-0.6493,0.0447,0.0278,0.0399
VSC,2015-04-01,5.26,5.26,5.12,5.12,6750,5.25,5.35,5.29,-2.4777,-4.2802,-3.1382,-0.0154,-0.0093,0.0379
VSC,2015-04-02,5.12,5.19,5.1,5.17,770,5.24,5.33,5.29,-1.2321,-2.996,-2.1037,0.0011,0.0006,0.0311
VSC,2015-04-03,5.18,5.19,5.15,5.15,6780,5.21,5.31,5.28,-1.1384,-3.0078,-2.4785,-0.0272,-0.0153,0.0319
VSC,2015-04-06,5.15,5.15,5.15,5.15,4490,5.19,5.29,5.28,-0.6423,-2.674,-2.4592,0.0,0.0,0.0319
VSC,2015-04-07,5.14,5.15,5.14,5.15,18150,5.18,5.28,5.28,-0.5824,-2.3861,-2.4439,0.0456,0.0253,0.0293
VSC,2015-04-08,5.15,5.19,5.15,5.16,17860,5.18,5.27,5.28,-0.3015,-1.9569,-2.2314,-0.0256,-0.0127,0.0285
VSC,2015-04-09,5.15,5.19,5.15,5.17,5740,5.18,5.25,5.28,-0.0402,-1.4867,-2.0381,0.0,0.0,0.0229
VSC,2015-04-10,5.19,5.21,5.17,5.18,9060,5.17,5.24,5.28,0.2012,-1.0727,-1.8333,-0.0075,-0.0048,0.0193
VSC,2015-04-13,5.36,5.36,5.21,5.26,15840,5.18,5.23,5.28,1.5075,0.4675,-0.4731,-0.0151,-0.0085,0.0182
VSC,2015-04-14,5.31,5.36,5.21,5.26,6540,5.18,5.23,5.28,1.5075,0.5675,-0.4927,-0.0055,-0.0036,0.0143
VSC,2015-04-15,5.21,5.26,5.18,5.26,14570,5.19,5.22,5.28,1.243,0.6678,-0.5123,0.034,0.0172,0.0162
VSC,2015-04-16,5.26,5.26,5.17,5.26,27740,5.2,5.22,5.29,1.0808,0.718,-0.5319,0.061,0.0319,0.0221
VSC,2015-04-17,5.26,5.31,5.21,5.26,19140,5.21,5.21,5.29,0.8789,0.8688,-0.5554,-0.0,-0.0,0.0194
VSC,2015-04-20,5.21,5.26,5.19,5.26,30520,5.22,5.2,5.29,0.6778,1.0202,-0.6141,0.104,0.0582,0.0298
VSC,2015-04-21,5.26,5.26,5.19,5.21,27980,5.23,5.21,5.29,-0.4182,0.0,-1.6368,-0.0513,-0.0291,0.0304
VSC,2015-04-22,5.26,5.52,5.26,5.52,28570,5.26,5.22,5.3,4.8467,5.683,4.1012,0.0757,0.0445,0.0354
VSC,2015-04-23,5.31,5.41,5.31,5.41,9420,5.29,5.23,5.31,2.4026,3.4827,2.0048,0.0306,0.0166,0.0385
VSC,2015-04-24,5.41,5.41,5.36,5.41,11410,5.31,5.24,5.31,1.9609,3.2771,1.8689,0.0423,0.0235,0.0419
VSC,2015-04-27,5.41,5.41,5.36,5.36,5990,5.32,5.25,5.32,0.7829,2.132,0.8105,-0.0222,-0.0148,0.0427
VSC,2015-05-04,5.47,5.47,5.31,5.31,65950,5.32,5.25,5.32,-0.2932,1.0903,-0.1487,-0.0933,-0.0612,0.0514
VSC,2015-05-05,5.26,5.36,5.26,5.31,99570,5.33,5.26,5.32,-0.3905,0.9103,-0.1292,0.0,0.0,0.048
VSC,2015-05-06,5.36,5.41,5.26,5.36,131910,5.34,5.27,5.32,0.3899,1.7184,0.8499,0.1057,0.0708,0.0525
VSC,2015-05-07,5.41,5.41,5.36,5.41,39680,5.36,5.28,5.32,1.069,2.453,1.7892,0.1556,0.1055,0.0681
VSC,2015-05-08,5.41,5.47,5.36,5.41,48500,5.37,5.3,5.32,0.7752,2.2013,1.7493,0.0,0.0,0.0577
VSC,2015-05-11,5.47,5.73,5.41,5.62,188620,5.41,5.32,5.33,3.8461,5.6648,5.5594,0.3035,0.2023,0.0829
VSC,2015-05-12,5.67,5.67,5.57,5.57,60790,5.42,5.34,5.33,2.7857,4.2885,4.5003,-0.1883,-0.1241,0.0941
VSC,2015-05-13,5.57,5.67,5.52,5.62,68950,5.44,5.36,5.33,3.3492,4.8238,5.374,0.0832,0.054,0.0994
VSC,2015-05-14,5.62,5.78,5.57,5.73,73140,5.47,5.39,5.34,4.6623,6.229,7.1583,0.1555,0.0986,0.1107
VSC,2015-05-15,5.73,5.78,5.62,5.67,27960,5.5,5.41,5.35,3.122,4.858,6.0393,-0.0201,-0.0139,0.1105
VSC,2015-05-18,5.57,5.62,5.52,5.52,53720,5.52,5.42,5.35,-0.0943,1.7274,3.0808,-0.1279,-0.0931,0.114
VSC,2015-05-19,5.57,5.62,5.52,5.62,62040,5.55,5.44,5.36,1.2183,3.2998,4.9644,0.156,0.107,0.1296
VSC,2015-05-20,5.67,5.83,5.67,5.78,58120,5.6,5.47,5.36,3.2559,5.664,7.7754,0.029,0.0205,0.1219
VSC,2015-05-21,5.78,5.83,5.73,5.83,93540,5.64,5.5,5.37,3.4165,6.0606,8.6409,0.2531,0.1809,0.1317
VSC,2015-05-22,5.83,5.88,5.78,5.83,30670,5.68,5.53,5.37,2.6582,5.5111,8.5146,0.0,0.0,0.1317
VSC,2015-05-25,5.78,5.78,5.73,5.73,72930,5.69,5.55,5.38,0.6405,3.1412,6.4737,-0.1663,-0.1142,0.1179
VSC,2015-05-26,5.83,5.83,5.67,5.67,127000,5.7,5.56,5.38,-0.4567,2.0598,5.4036,-0.2447,-0.1733,0.1236
VSC,2015-05-27,5.73,5.73,5.67,5.67,41400,5.7,5.57,5.39,-0.5475,1.8215,5.3221,-0.0949,-0.0527,0.1248
VSC,2015-05-28,5.78,5.78,5.73,5.73,110730,5.7,5.59,5.39,0.365,2.4686,6.1654,-0.2189,-0.1507,0.1311
VSC,2015-05-29,5.83,5.93,5.73,5.93,107680,5.73,5.62,5.4,3.5422,5.6534,9.8139,0.1947,0.1511,0.1486
VSC,2015-06-01,5.93,5.93,5.83,5.83,42860,5.76,5.64,5.41,1.1744,3.3211,7.7006,-0.1145,-0.0717,0.1472
VSC,2015-06-02,5.83,5.83,5.78,5.78,94130,5.78,5.67,5.42,0.0,1.9752,6.5751,-0.1583,-0.1169,0.1474
VSC,2015-06-03,5.83,5.83,5.73,5.78,41990,5.78,5.69,5.43,0.0,1.6019,6.3912,-0.0,-0.0,0.1445
VSC,2015-06-04,5.78,5.88,5.78,5.78,84030,5.77,5.7,5.44,0.0902,1.2774,6.2486,-0.1344,-0.0981,0.1327
VSC,2015-06-05,5.76,5.99,5.72,5.92,30950,5.78,5.73,5.45,2.4721,3.3949,8.7519,0.0211,0.0139,0.1348
VSC,2015-06-08,5.9,5.92,5.8,5.8,9930,5.79,5.74,5.46,0.165,1.0387,6.1984,-0.0158,-0.0103,0.1197
VSC,2015-06-09,5.8,5.8,5.79,5.79,3520,5.8,5.75,5.47,-0.247,0.629,5.7424,-0.0068,-0.0044,0.0959
VSC,2015-06-10,5.8,5.8,5.75,5.8,20670,5.81,5.76,5.48,-0.2451,0.693,5.7434,0.0387,0.0257,0.0903
VSC,2015-06-11,5.8,5.91,5.8,5.9,30150,5.83,5.77,5.5,1.1868,2.2896,7.3106,0.028,0.0165,0.0712
VSC,2015-06-12,5.9,5.9,5.87,5.87,17310,5.82,5.78,5.51,0.857,1.6754,6.5924,-0.028,-0.0209,0.0545
VSC,2015-06-15,5.89,5.89,5.87,5.87,7610,5.83,5.8,5.52,0.7795,1.3621,6.3542,-0.0128,-0.0107,0.0444
VSC,2015-06-16,5.86,5.9,5.76,5.76,31590,5.83,5.8,5.54,-1.1387,-0.7151,4.0592,-0.0341,-0.0217,0.032
VSC,2015-06-17,5.76,5.8,5.76,5.8,23820,5.83,5.8,5.55,-0.5259,-0.0815,4.5064,0.0469,0.0341,0.0367
VSC,2015-06-18,5.8,5.86,5.8,5.8,23500,5.83,5.8,5.56,-0.562,-0.055,4.2637,-0.0521,-0.0353,0.0284
VSC,2015-06-19,5.92,5.92,5.8,5.85,20840,5.82,5.8,5.58,0.4328,0.797,4.9076,-0.0041,-0.0021,0.0267
VSC,2015-06-22,5.85,5.9,5.81,5.9,12180,5.83,5.81,5.59,1.1236,1.5138,5.5294,0.0256,0.0162,0.0277
VSC,2015-06-23,5.81,5.9,5.81,5.85,8430,5.84,5.82,5.6,0.151,0.4941,4.3713,-0.0038,-0.0027,0.0274
VSC,2015-06-24,5.89,5.89,5.82,5.82,20920,5.84,5.83,5.62,-0.3237,-0.0682,3.6809,-0.04,-0.0296,0.0275
VSC,2015-06-25,5.86,5.9,5.82,5.84,12660,5.84,5.83,5.63,0.0,0.0529,3.6646,-0.0205,-0.0155,0.0268
VSC,2015-06-26,5.84,6.1,5.84,5.96,151420,5.85,5.84,5.64,2.0056,2.1885,5.6387,-0.01,-0.0079,0.025
VSC,2015-06-29,5.98,6.18,5.98,6.06,68430,5.86,5.85,5.66,3.3964,3.709,7.1193,-0.0167,-0.0123,0.0254
VSC,2015-06-30,6.11,6.15,6.06,6.1,31070,5.9,5.86,5.68,3.4409,4.0677,7.4669,-0.0068,-0.0053,0.0226
VSC,2015-07-01,6.1,6.1,6.05,6.05,15980,5.92,5.88,5.69,2.1493,2.9676,6.2814,-0.0377,-0.0254,0.0217
VSC,2015-07-02,6.05,6.1,6.05,6.05,41540,5.95,5.89,5.71,1.7164,2.7287,5.9859,-0.0581,-0.0409,0.0223
VSC,2015-07-03,6.05,6.1,6.05,6.08,37420,5.97,5.9,5.73,1.7522,3.0245,6.1231,0.0,0.0,0.0219
VSC,2015-07-06,6.08,6.16,6.08,6.16,47080,6.0,5.92,5.74,2.7743,4.1977,7.3047,0.0518,0.0328,0.0245
VSC,2015-07-07,6.16,6.16,6.11,6.11,36920,6.02,5.93,5.76,1.4856,3.0598,6.2063,-0.0555,-0.0355,0.0297
VSC,2015-07-08,6.18,6.2,6.08,6.11,110590,6.05,5.95,5.77,0.9995,2.7868,5.9484,-0.056,-0.0369,0.0313
VSC,2015-07-09,6.1,6.11,6.08,6.11,6190,6.08,5.96,5.78,0.5389,2.602,5.6917,0.0096,0.0065,0.0302
VSC,2015-07-10,6.16,6.16,6.06,6.06,39100,6.09,5.97,5.8,-0.4553,1.5947,4.5662,-0.0498,-0.0387,0.0342
VSC,2015-07-13,6.06,6.09,6.04,6.09,24800,6.09,5.98,5.81,-0.0828,1.8343,4.7194,0.0376,0.0257,0.0363
VSC,2015-07-14,6.09,6.09,6.04,6.04,40580,6.09,5.99,5.83,-0.8075,0.7573,3.5924,-0.0642,-0.0405,0.042
VSC,2015-07-15,6.04,6.09,5.99,6.04,54200,6.09,6.0,5.84,-0.787,0.5564,3.3523,0.0,0.0,0.0382
VSC,2015-07-16,6.0,6.03,5.99,6.0,37620,6.08,6.02,5.85,-1.3267,-0.241,2.4989,-0.0187,-0.0111,0.0343
VSC,2015-07-17,6.0,6.06,5.99,6.05,28360,6.08,6.03,5.87,-0.4563,0.4289,3.1355,0.0449,0.0343,0.0388
VSC,2015-07-20,6.06,6.3,6.04,6.18,104090,6.08,6.04,5.88,1.5966,2.2858,5.0852,0.0119,0.0093,0.0348
VSC,2015-07-21,6.18,6.3,6.18,6.29,82110,6.1,6.06,5.89,3.1631,3.7853,6.7534,0.1511,0.1221,0.0444
VSC,2015-07-22,6.27,6.3,6.23,6.29,33080,6.12,6.08,5.91,2.8654,3.3875,6.5115,0.027,0.0199,0.0415
VSC,2015-07-23,6.29,6.3,6.27,6.27,46220,6.13,6.11,5.92,2.2003,2.6118,5.8912,-0.0721,-0.0562,0.0477
VSC,2015-07-24,6.28,6.68,6.28,6.68,180380,6.19,6.14,5.94,7.8991,8.785,12.5389,0.372,0.3113,0.08
VSC,2015-07-27,6.68,7.06,6.68,7.0,139160,6.28,6.19,5.97,11.3563,13.0576,17.2629,0.1682,0.1508,0.093
VSC,2015-07-28,7.06,7.06,6.87,6.87,79680,6.37,6.23,5.99,7.9208,10.3351,14.6701,-0.0821,-0.0634,0.0948
VSC,2015-07-29,6.87,6.93,6.74,6.81,65720,6.44,6.26,6.01,5.6545,8.6629,13.2289,-0.0356,-0.0278,0.0984
VSC,2015-07-30,6.81,6.81,6.68,6.68,67470,6.51,6.3,6.03,2.6138,6.1168,10.8182,-0.1466,-0.1103,0.1112
VSC,2015-07-31,6.68,6.81,6.68,6.68,49340,6.57,6.33,6.05,1.63,5.6093,10.506,-0.0715,-0.0544,0.1138
VSC,2015-08-03,6.62,6.68,6.43,6.68,101200,6.62,6.35,6.07,0.8564,5.1797,10.1577,0.1751,0.1464,0.1301
VSC,2015-08-04,6.62,6.74,6.56,6.68,62400,6.66,6.38,6.09,0.2649,4.7121,9.7929,0.056,0.0397,0.1206
VSC,2015-08-05,6.74,6.81,6.68,6.74,67880,6.71,6.41,6.11,0.5261,5.1804,10.44,-0.0,-0.0,0.1179
VSC,2015-08-06,6.81,6.81,6.74,6.74,22970,6.76,6.44,6.13,-0.1866,4.666,10.0728,-0.0385,-0.0366,0.1146
VSC,2015-08-07,6.68,6.81,6.68,6.81,19230,6.77,6.48,6.14,0.5586,5.0379,10.7856,0.0717,0.0628,0.0845
VSC,2015-08-10,6.81,7.19,6.81,7.19,222340,6.79,6.54,6.17,5.8496,9.9431,16.4266,0.4815,0.3579,0.1159
VSC,2015-08-11,7.19,7.25,7.06,7.06,98400,6.81,6.59,6.2,3.7036,7.177,13.9107,-0.1793,-0.1479,0.1256
VSC,2015-08-12,7.0,7.31,6.93,7.12,119120,6.84,6.64,6.22,4.1474,7.2512,14.4311,-0.0,-0.0,0.122
VSC,2015-08-13,7.06,7.12,6.93,7.06,91880,6.88,6.69,6.25,2.658,5.4613,12.9533,0.0679,0.052,0.1141
VSC,2015-08-14,7.06,7.31,7.06,7.31,195390,6.94,6.76,6.28,5.3588,8.209,16.4705,0.5128,0.4315,0.1583
VSC,2015-08-17,7.31,7.37,7.19,7.31,106450,7.0,6.81,6.31,4.4105,7.3081,15.9119,0.0618,0.0529,0.1469
VSC,2015-08-18,7.31,7.37,7.19,7.31,64070,7.07,6.86,6.34,3.4791,6.51,15.354,0.0394,0.0305,0.1453
VSC,2015-08-19,7.19,7.31,7.06,7.25,113670,7.12,6.91,6.37,1.8601,4.8601,13.8389,0.107,0.092,0.156
VSC,2015-08-20,7.19,7.5,7.19,7.31,204020,7.17,6.96,6.4,1.9332,4.9774,14.3218,-0.0679,-0.051,0.1589
VSC,2015-08-21,7.25,7.25,7.0,7.19,372920,7.21,6.99,6.42,-0.3496,2.7953,11.892,0.2162,0.2066,0.1734
VSC,2015-08-24,7.0,7.0,6.74,6.74,280730,7.17,6.98,6.44,-5.8927,-3.3423,4.7377,-0.2241,-0.189,0.1476
VSC,2015-08-25,6.49,6.87,6.43,6.62,185140,7.12,6.96,6.46,-7.0797,-4.9775,2.5069,-0.0345,-0.0256,0.1332
VSC,2015-08-26,6.62,6.87,6.56,6.81,110400,7.09,6.96,6.48,-4.0,-2.2624,5.1075,0.0911,0.0788,0.1423
VSC,2015-08-27,6.87,6.87,6.68,6.81,118950,7.07,6.97,6.5,-3.6574,-2.3508,4.7811,0.0699,0.0587,0.1425
VSC,2015-08-28,6.81,7.0,6.74,6.87,52470,7.02,6.98,6.52,-2.1544,-1.5801,5.4199,-0.0,-0.0,0.0912
VSC,2015-08-31,6.81,6.87,6.74,6.74,43790,6.96,6.98,6.53,-3.1674,-3.4296,3.2181,-0.0862,-0.068,0.0936
VSC,2015-09-01,6.81,6.81,6.68,6.68,94770,6.9,6.98,6.55,-3.1963,-4.3321,1.9937,-0.2727,-0.2173,0.117
VSC,2015-09-03,6.81,6.81,6.62,6.68,104430,6.85,6.98,6.57,-2.3941,-4.2889,1.7275,-0.0635,-0.0542,0.1126
VSC,2015-09-04,6.74,6.87,6.68,6.87,51040,6.8,6.99,6.59,1.0194,-1.6689,4.2783,0.1524,0.1383,0.1211
VSC,2015-09-07,6.87,6.87,6.74,6.81,23180,6.76,6.99,6.61,0.6524,-2.571,3.0574,0.0,0.0,0.0994
VSC,2015-09-08,6.68,6.87,6.68,6.87,13870,6.78,6.97,6.62,1.3953,-1.4467,3.7581,0.025,0.0224,0.0795
VSC,2015-09-09,6.87,7.0,6.87,6.93,138940,6.81,6.96,6.64,1.8518,-0.4525,4.4475,0.0,0.0,0.0761
VSC,2015-09-10,7.0,7.13,6.93,7.13,32340,6.84,6.97,6.66,4.1951,2.3119,7.0043,0.1392,0.1281,0.0809
VSC,2015-09-11,7.13,7.19,7.0,7.06,24640,6.86,6.97,6.68,2.8734,1.3884,5.7193,-0.0193,-0.0172,0.0758
VSC,2015-09-14,7.06,7.13,6.87,7.06,43030,6.88,6.95,6.7,2.5871,1.5705,5.4082,0.0507,0.0462,0.0809
VSC,2015-09-15,7.0,7.06,7.0,7.06,25480,6.92,6.94,6.72,2.116,1.7531,5.1265,0.0711,0.0552,0.0794
VSC,2015-09-16,6.93,7.0,6.93,7.0,20840,6.95,6.92,6.74,0.7267,1.0566,3.8975,0.0751,0.0662,0.0596
VSC,2015-09-17,7.0,7.0,7.0,7.0,37990,6.98,6.91,6.75,0.27,1.24,3.6255,0.0,0.0,0.0533
VSC,2015-09-18,7.06,7.13,7.0,7.13,115000,7.0,6.9,6.77,1.737,3.2361,5.2115,0.1098,0.0789,0.049
VSC,2015-09-21,7.13,7.25,7.13,7.25,31710,7.05,6.91,6.8,2.9131,5.0437,6.7319,0.077,0.0716,0.0567
VSC,2015-09-22,7.25,7.25,7.19,7.25,22060,7.09,6.93,6.82,2.3553,4.6571,6.367,0.0472,0.0455,0.059
VSC,2015-09-23,7.25,7.51,7.25,7.45,161900,7.14,6.97,6.85,4.3166,6.7971,8.7417,0.1797,0.143,0.0769
VSC,2015-09-24,7.45,7.45,7.32,7.38,54840,7.16,7.0,6.88,3.0466,5.4413,7.3826,0.0,0.0,0.063
VSC,2015-09-25,7.38,7.7,7.32,7.7,183660,7.23,7.05,6.91,6.572,9.3257,11.499,0.5625,0.4748,0.1173
VSC,2015-09-28,7.58,7.7,7.51,7.51,50220,7.27,7.08,6.94,3.2657,6.11,8.2539,-0.1002,-0.0946,0.1223
VSC,2015-09-29,7.45,7.58,7.38,7.58,61240,7.33,7.12,6.97,3.4181,6.3923,8.7408,0.1586,0.1498,0.131
VSC,2015-09-30,7.58,7.9,7.58,7.77,174700,7.4,7.17,7.0,4.9436,8.2709,11.0344,0.0942,0.0927,0.1329
VSC,2015-10-01,7.83,7.9,7.7,7.83,109820,7.49,7.23,7.03,4.6312,8.297,11.4608,0.1182,0.1178,0.1447
VSC,2015-10-02,7.83,7.9,7.77,7.83,33120,7.56,7.28,7.06,3.6534,7.5815,10.9658,0.0,0.0,0.1338
VSC,2015-10-05,7.96,8.09,7.83,7.96,169590,7.63,7.34,7.08,4.377,8.4857,12.3774,-0.0,-0.0,0.1261
VSC,2015-10-06,8.15,8.22,7.9,7.96,298180,7.7,7.39,7.1,3.4194,7.6856,12.0723,-0.2116,-0.217,0.1425
VSC,2015-10-07,7.96,7.96,7.7,7.7,155780,7.72,7.43,7.12,-0.2494,3.6717,8.2032,-0.219,-0.1713,0.1464
VSC,2015-10-08,7.77,7.9,7.77,7.9,153910,7.77,7.47,7.14,1.569,5.7156,10.57,0.2201,0.2143,0.1684
VSC,2015-10-09,7.9,8.02,7.9,7.9,58880,7.79,7.51,7.17,1.318,5.1282,10.195,-0.0828,-0.0699,0.1205
VSC,2015-10-12,7.83,7.96,7.77,7.77,64610,7.82,7.55,7.19,-0.6568,2.9349,8.0754,-0.1144,-0.0925,0.1219
VSC,2015-10-13,7.83,8.02,7.77,7.96,112850,7.86,7.59,7.21,1.3071,4.8625,10.3619,0.1181,0.103,0.1178
VSC,2015-10-14,8.09,8.35,8.09,8.22,232110,7.9,7.65,7.24,3.9804,7.3825,13.4388,0.0,0.0,0.1084
VSC,2015-10-15,8.28,8.73,8.28,8.67,396770,7.99,7.74,7.28,8.5209,12.0331,19.0108,0.6906,0.7894,0.1657
VSC,2015-10-16,8.67,8.99,8.67,8.86,265930,8.09,7.82,7.32,9.5238,13.254,20.9529,0.095,0.097,0.1752
VSC,2015-10-19,8.86,9.12,8.73,8.86,138040,8.18,7.9,7.37,8.3202,12.1039,20.2789,-0.0976,-0.0946,0.1849
VSC,2015-10-20,8.86,9.05,8.73,8.92,267030,8.28,7.99,7.4,7.8355,11.7363,20.5814,0.095,0.0915,0.1733
VSC,2015-10-21,8.92,8.99,8.73,8.73,198300,8.38,8.05,7.43,4.2145,8.4529,17.4483,-0.4412,-0.497,0.1955
VSC,2015-10-22,8.73,8.8,8.73,8.8,133170,8.47,8.12,7.47,3.8666,8.3004,17.7819,0.3912,0.3904,0.2126
VSC,2015-10-23,8.86,9.12,8.8,9.12,255860,8.59,8.19,7.51,6.1286,11.2853,21.4116,0.5581,0.5869,0.2601
VSC,2015-10-26,9.24,9.44,9.24,9.24,366000,8.74,8.28,7.55,5.8046,11.6712,22.491,-0.6576,-0.6637,0.3144
VSC,2015-10-27,9.24,9.37,9.18,9.37,136640,8.88,8.37,7.59,5.5676,12.0061,23.5175,0.2719,0.3359,0.3298
VSC,2015-10-28,9.37,9.57,9.31,9.37,267950,8.99,8.45,7.63,4.2113,10.9423,22.85,-0.2614,-0.2831,0.356
VSC,2015-10-29,9.5,9.57,9.24,9.24,219960,9.05,8.52,7.67,2.1277,8.5155,20.5364,-0.4617,-0.4444,0.3331
VSC,2015-10-30,9.24,9.31,9.12,9.12,116800,9.08,8.58,7.71,0.4243,6.2079,18.3055,-0.316,-0.3179,0.3552
VSC,2015-11-02,9.05,9.12,8.8,8.86,311300,9.08,8.63,7.74,-2.4045,2.6786,14.4756,-0.4363,-0.4348,0.389
VSC,2015-11-03,8.86,9.05,8.8,9.05,142590,9.09,8.68,7.79,-0.4237,4.2514,16.2708,0.2311,0.2202,0.4027
VSC,2015-11-04,9.12,9.12,8.92,8.92,122860,9.11,8.74,7.83,-2.0437,2.0558,13.9467,-0.2647,-0.2553,0.385
VSC,2015-11-05,8.92,9.05,8.86,8.99,85840,9.13,8.8,7.88,-1.5471,2.1525,14.1309,0.0713,0.0684,0.353
VSC,2015-11-06,8.99,8.99,8.86,8.99,175400,9.12,8.85,7.92,-1.4085,1.5228,13.5023,0.3302,0.3132,0.3302
VSC,2015-11-09,9.12,9.12,8.99,8.99,105790,9.09,8.91,7.96,-1.1299,0.8282,12.8985,-0.207,-0.1898,0.2852
VSC,2015-11-10,8.99,8.99,8.8,8.8,135930,9.03,8.96,8.0,-2.6297,-1.7921,9.9129,-0.4291,-0.4113,0.3009
VSC,2015-11-11,8.86,8.92,8.8,8.86,74810,8.98,8.99,8.05,-1.3581,-1.4286,10.1157,0.0,0.0,0.2747
VSC,2015-11-12,8.86,9.18,8.86,9.18,234710,8.98,9.01,8.1,2.289,1.8519,13.4009,0.351,0.3529,0.2637
VSC,2015-11-13,9.24,9.63,9.24,9.57,634620,9.02,9.05,8.15,6.0498,5.7113,17.3774,0.7506,0.7831,0.3071
VSC,2015-11-16,9.57,9.95,9.57,9.89,251130,9.12,9.1,8.21,8.3744,8.642,20.4063,0.2973,0.3129,0.2932
VSC,2015-11-17,9.89,10.08,9.76,9.82,287990,9.2,9.15,8.27,6.769,7.4061,18.7704,-0.2197,-0.2134,0.2921
VSC,2015-11-18,9.76,9.89,9.63,9.63,258540,9.27,9.19,8.32,3.8781,4.7852,15.6872,-0.5863,-0.6846,0.3242
VSC,2015-11-19,9.76,9.82,9.57,9.76,230440,9.35,9.24,8.38,4.3956,5.6289,16.493,0.3137,0.3243,0.3485
VSC,2015-11-20,9.76,9.89,9.69,9.82,135940,9.43,9.27,8.43,4.1525,5.919,16.4916,0.1067,0.1155,0.3261
VSC,2015-11-23,9.82,9.89,9.63,9.63,242030,9.5,9.29,8.48,1.4199,3.627,13.516,-0.4729,-0.4776,0.3527
VSC,2015-11-24,9.63,9.63,9.05,9.18,376590,9.53,9.28,8.53,-3.7037,-1.1065,7.6807,-0.3685,-0.3651,0.3467
VSC,2015-11-25,9.24,9.31,8.86,9.24,211530,9.57,9.28,8.57,-3.4205,-0.346,7.8652,0.2201,0.2235,0.3687
VSC,2015-11-26,9.24,9.31,9.12,9.12,74580,9.57,9.27,8.61,-4.698,-1.6621,5.8438,-0.1616,-0.1826,0.3497
VSC,2015-11-27,9.12,9.24,9.05,9.18,47560,9.53,9.27,8.65,-3.6388,-1.0038,6.0831,0.0275,0.0309,0.2774
VSC,2015-11-30,9.12,9.18,8.73,8.92,159110,9.43,9.28,8.69,-5.3778,-3.8062,2.7195,-0.0484,-0.0483,0.2525
VSC,2015-12-01,9.05,9.12,8.86,8.92,138020,9.34,9.27,8.72,-4.4674,-3.7396,2.3262,-0.1668,-0.1411,0.2473
VSC,2015-12-02,8.92,9.12,8.92,9.05,83290,9.28,9.28,8.75,-2.4896,-2.4222,3.4179,0.094,0.0881,0.198
VSC,2015-12-03,9.05,9.18,8.99,9.05,59070,9.21,9.28,8.79,-1.7422,-2.4559,3.025,-0.0694,-0.067,0.1736
VSC,2015-12-04,9.05,9.12,8.99,9.12,63040,9.14,9.29,8.81,-0.2809,-1.832,3.4232,0.1999,0.2078,0.1829
VSC,2015-12-07,9.12,9.44,9.05,9.24,248530,9.1,9.3,8.85,1.5515,-0.5868,4.469,-0.0,-0.0,0.1356
VSC,2015-12-08,9.24,9.69,9.18,9.69,292320,9.15,9.34,8.89,5.8906,3.7444,9.0253,0.4925,0.5077,0.148
VSC,2015-12-09,9.69,9.82,9.57,9.63,173050,9.19,9.38,8.93,4.7486,2.6343,7.8516,-0.1711,-0.183,0.1431
VSC,2015-12-10,9.63,9.63,9.44,9.44,171170,9.23,9.4,8.96,2.2965,0.4441,5.316,-0.3943,-0.4655,0.1664
VSC,2015-12-11,9.37,9.69,9.37,9.57,161870,9.26,9.4,9.0,3.2571,1.8107,6.3374,0.0999,0.1128,0.1736
VSC,2015-12-14,9.57,9.57,9.5,9.57,71670,9.33,9.38,9.03,2.5465,1.985,5.9593,0.2294,0.2408,0.1917
VSC,2015-12-15,9.57,9.76,9.57,9.69,130980,9.41,9.37,9.06,3.0717,3.4247,6.9708,0.1477,0.1686,0.1898
VSC,2015-12-16,9.69,9.82,9.69,9.69,97880,9.47,9.38,9.1,2.3729,3.3893,6.5031,-0.2866,-0.317,0.2091
VSC,2015-12-17,9.69,10.27,9.69,10.27,463340,9.59,9.4,9.15,7.095,9.2522,12.2649,1.4688,1.5541,0.349
VSC,2015-12-18,10.21,10.27,10.02,10.02,259060,9.68,9.41,9.19,3.4483,6.412,8.9538,-0.2023,-0.2289,0.3493
VSC,2015-12-21,10.02,10.02,9.82,10.02,121320,9.76,9.43,9.24,2.6316,6.1947,8.4237,0.2877,0.3221,0.378
VSC,2015-12-22,10.02,10.08,9.82,9.82,145730,9.77,9.46,9.27,0.5256,3.7992,5.9117,-0.4867,-0.525,0.3774
VSC,2015-12-23,9.76,9.89,9.57,9.69,279450,9.78,9.49,9.3,-0.8536,2.1997,4.1954,-0.178,-0.231,0.3781
VSC,2015-12-24,9.76,9.89,9.76,9.82,87130,9.82,9.52,9.33,0.0654,3.1693,5.3139,-0.0,-0.0,0.3387
VSC,2015-12-25,9.82,9.89,9.76,9.76,71710,9.84,9.55,9.34,-0.7833,2.1849,4.4243,-0.0733,-0.0981,0.336
VSC,2015-12-28,9.69,9.89,9.69,9.82,213160,9.86,9.59,9.36,-0.3906,2.3754,4.8951,0.1784,0.1827,0.3309
VSC,2015-12-29,9.82,9.95,9.76,9.82,98500,9.87,9.64,9.38,-0.5201,1.8981,4.6942,-0.0609,-0.0726,0.3223
VSC,2015-12-30,9.82,9.95,9.76,9.89,144540,9.89,9.68,9.41,-0.0649,2.122,5.1195,0.1052,0.1281,0.3041
VSC,2015-12-31,9.82,10.21,9.82,9.89,284460,9.85,9.72,9.43,0.3257,1.6837,4.8761,-0.3923,-0.4549,0.1965
VSC,2016-01-04,9.95,10.14,9.69,9.82,380930,9.84,9.76,9.44,-0.1305,0.6579,4.0392,-0.3528,-0.365,0.2115
VSC,2016-01-05,9.82,9.95,9.82,9.82,236190,9.82,9.79,9.45,0.0654,0.3608,3.912,-0.5062,-0.5653,0.2334
VSC,2016-01-06,9.82,9.95,9.82,9.89,129940,9.82,9.8,9.46,0.6536,0.9174,4.4776,0.0,0.0,0.1847
VSC,2016-01-07,9.89,9.89,9.63,9.69,319550,9.82,9.8,9.47,-1.3072,-1.0809,2.3729,-0.2765,-0.3245,0.1945
VSC,2016-01-08,9.69,9.82,9.57,9.76,203120,9.82,9.82,9.48,-0.5886,-0.5886,2.9392,0.1881,0.2371,0.2134
VSC,2016-01-11,9.76,9.82,9.5,9.5,217450,9.79,9.81,9.49,-2.9508,-3.1731,0.1489,-0.4846,-0.4851,0.2545
VSC,2016-01-12,9.44,9.63,9.44,9.63,79020,9.77,9.82,9.5,-1.4455,-1.8967,1.3377,0.1485,0.1625,0.2515
VSC,2016-01-13,9.63,9.95,9.63,9.76,153130,9.76,9.82,9.52,-0.0657,-0.6211,2.5364,-0.084,-0.0936,0.2538
VSC,2016-01-14,9.63,9.76,9.5,9.63,82780,9.74,9.82,9.53,-1.1206,-1.8967,1.0373,0.0,0.0,0.2433
VSC,2016-01-15,9.63,9.69,9.5,9.5,109440,9.7,9.78,9.54,-2.0516,-2.8234,-0.4172,-0.2498,-0.273,0.229
VSC,2016-01-18,9.37,9.37,8.86,9.05,471690,9.62,9.73,9.54,-5.9373,-6.9614,-5.14,-0.1714,-0.2029,0.2109
VSC,2016-01-19,9.05,9.31,9.05,9.24,104580,9.57,9.69,9.55,-3.3557,-4.6042,-3.1738,0.0974,0.1121,0.17
VSC,2016-01-20,9.24,9.37,9.12,9.12,86390,9.49,9.66,9.55,-3.9242,-5.5851,-4.5827,-0.1963,-0.2167,0.1897
VSC,2016-01-21,9.12,9.24,9.05,9.12,184260,9.43,9.63,9.56,-3.3356,-5.3018,-4.634,-0.1015,-0.1265,0.1722
VSC,2016-01-22,9.24,9.24,9.05,9.12,108020,9.37,9.59,9.56,-2.6731,-4.9532,-4.6212,-0.0487,-0.0633,0.1582
VSC,2016-01-25,9.31,9.57,9.24,9.5,95150,9.37,9.58,9.56,1.4393,-0.8043,-0.5777,0.0741,0.087,0.1172
VSC,2016-01-26,9.37,9.5,9.24,9.31,82580,9.33,9.55,9.55,-0.2751,-2.5538,-2.4751,-0.0808,-0.1074,0.1104
VSC,2016-01-27,9.44,9.5,9.37,9.37,98090,9.3,9.53,9.54,0.8287,-1.6504,-1.71,-0.2194,-0.2236,0.124
VSC,2016-01-28,9.37,9.44,9.24,9.24,80780,9.26,9.5,9.53,-0.1387,-2.6698,-2.978,-0.1806,-0.2087,0.142
VSC,2016-01-29,9.31,9.44,9.24,9.44,107040,9.25,9.48,9.52,2.0125,-0.4065,-0.89,0.2838,0.3196,0.1454
VSC,2016-02-01,9.31,9.31,8.8,8.8,702150,9.23,9.42,9.5,-4.6625,-6.6758,-7.4325,-1.4539,-1.4377,0.2737
VSC,2016-02-02,8.6,8.86,8.35,8.47,251650,9.15,9.36,9.48,-7.3685,-9.434,-10.5934,-0.3483,-0.4504,0.2988
VSC,2016-02-03,8.41,8.6,8.28,8.35,121570,9.07,9.28,9.46,-7.9972,-10.0658,-11.7927,-0.2011,-0.194,0.2992
VSC,2016-02-04,8.47,8.8,8.41,8.73,202610,9.03,9.23,9.45,-3.3405,-5.4242,-7.6213,0.5136,0.5097,0.3404
VSC,2016-02-05,8.8,8.8,8.6,8.73,76630,8.99,9.18,9.44,-2.9265,-4.8951,-7.5459,0.0963,0.1112,0.3452
VSC,2016-02-15,8.73,8.73,8.54,8.67,113770,8.91,9.14,9.43,-2.7378,-5.1634,-8.1258,0.1591,0.1465,0.3537
VSC,2016-02-16,8.73,8.86,8.67,8.8,147560,8.86,9.1,9.43,-0.7246,-3.3169,-6.7393,0.1174,0.1285,0.3573
VSC,2016-02-17,8.86,8.92,8.8,8.86,137370,8.81,9.05,9.43,0.5831,-2.1277,-6.0458,0.0,0.0,0.3354
VSC,2016-02-18,8.86,8.92,8.8,8.86,75560,8.77,9.01,9.43,1.0249,-1.7094,-6.0074,0.0,0.0,0.3173
VSC,2016-02-19,8.86,8.92,8.8,8.8,75340,8.71,8.98,9.42,1.0325,-2.0379,-6.6376,-0.1022,-0.1181,0.2992
VSC,2016-02-22,8.8,8.92,8.8,8.86,109910,8.71,8.97,9.42,1.6949,-1.2169,-5.9048,0.0,0.0,0.1538
VSC,2016-02-23,8.86,9.05,8.86,8.99,69740,8.76,8.96,9.41,2.5641,0.3584,-4.489,0.0323,0.0343,0.1222
VSC,2016-02-24,8.92,8.99,8.86,8.86,28130,8.81,8.94,9.39,0.5098,-0.9332,-5.6862,-0.0541,-0.056,0.1075
VSC,2016-02-25,8.92,8.92,8.67,8.73,79480,8.81,8.92,9.38,-0.9468,-2.1583,-6.8749,-0.0566,-0.0563,0.0618
VSC,2016-02-26,8.73,8.8,8.6,8.73,123850,8.81,8.9,9.36,-0.9468,-1.9467,-6.7344,0.1201,0.1176,0.0642
VSC,2016-02-29,8.73,8.73,8.67,8.73,80460,8.82,8.87,9.34,-1.0189,-1.5206,-6.5678,0.1485,0.1398,0.0631
VSC,2016-03-01,8.73,9.12,8.67,8.99,141560,8.84,8.85,9.33,1.6703,1.5597,-3.7007,0.1254,0.1246,0.0639
VSC,2016-03-02,9.05,9.12,8.99,9.12,180250,8.87,8.84,9.32,2.8241,3.1602,-2.2039,0.3327,0.3227,0.0972
VSC,2016-03-03,9.12,9.12,8.92,8.99,70300,8.88,8.82,9.31,1.2292,1.8552,-3.435,-0.0529,-0.0561,0.1025
VSC,2016-03-04,8.99,8.99,8.8,8.86,147200,8.89,8.8,9.28,-0.289,0.7299,-4.5247,-0.1343,-0.1214,0.1057
VSC,2016-03-07,8.86,8.92,8.73,8.8,155850,8.88,8.8,9.26,-0.94,0.0,-4.9667,-0.0713,-0.0645,0.1128
VSC,2016-03-08,8.73,8.8,8.73,8.8,110700,8.86,8.81,9.23,-0.7246,-0.1822,-4.7156,0.2024,0.1866,0.1298
VSC,2016-03-09,8.8,9.37,8.67,9.18,526860,8.89,8.85,9.22,3.2491,3.6983,-0.404,0.5683,0.6388,0.1812
VSC,2016-03-10,9.24,9.24,9.05,9.12,135760,8.93,8.87,9.21,2.0848,2.7497,-0.9763,-0.0772,-0.0819,0.1833
VSC,2016-03-11,9.12,9.18,9.05,9.12,176750,8.97,8.89,9.19,1.6464,2.5271,-0.8241,0.0,0.0,0.1713
VSC,2016-03-14,9.12,9.12,8.99,9.05,109710,9.0,8.91,9.18,0.5706,1.585,-1.371,0.0,0.0,0.1564
VSC,2016-03-15,8.99,9.05,8.86,8.99,74190,9.0,8.92,9.16,-0.1427,0.7557,-1.8921,0.0509,0.051,0.149
VSC,2016-03-16,8.92,8.99,8.86,8.92,42150,8.98,8.92,9.14,-0.6433,0.0,-2.4014,0.0,0.0,0.1157
VSC,2016-03-17,8.92,8.99,8.92,8.92,66160,8.98,8.93,9.12,-0.5722,-0.036,-2.1953,-0.1136,-0.1126,0.1218
VSC,2016-03-18,8.92,8.92,8.86,8.92,47330,8.98,8.93,9.1,-0.6433,-0.1078,-1.9884,0.0657,0.0599,0.1149
VSC,2016-03-21,8.92,8.92,8.86,8.86,24130,8.99,8.93,9.09,-1.4286,-0.8264,-2.4873,-0.0337,-0.034,0.1112
VSC,2016-03-22,8.86,8.86,8.67,8.73,152010,8.98,8.92,9.06,-2.7877,-2.1231,-3.6691,-0.115,-0.1257,0.1024
VSC,2016-03-23,8.73,8.86,8.67,8.8,39930,8.94,8.92,9.04,-1.6511,-1.3679,-2.7265,0.0299,0.0266,0.0486
VSC,2016-03-24,8.8,8.99,8.73,8.8,98820,8.91,8.92,9.02,-1.2968,-1.4034,-2.5327,-0.0923,-0.092,0.0501
VSC,2016-03-25,8.8,8.86,8.47,8.6,187870,8.86,8.91,9.0,-2.8986,-3.493,-4.4223,-0.1207,-0.1221,0.0622
VSC,2016-03-28,8.47,8.54,8.02,8.15,332610,8.77,8.89,8.97,-7.0279,-8.237,-9.143,-0.3482,-0.3372,0.097
VSC,2016-03-29,8.02,8.22,7.7,7.77,338220,8.65,8.82,8.94,-10.1707,-11.9679,-13.0747,-0.3989,-0.3644,0.1318
VSC,2016-03-30,7.7,7.96,7.7,7.96,183550,8.55,8.77,8.9,-6.907,-9.1908,-10.5598,0.3566,0.3335,0.1675
VSC,2016-03-31,7.96,7.96,7.64,7.7,193130,8.43,8.7,8.86,-8.6062,-11.4717,-13.0686,-0.1893,-0.1809,0.175
VSC,2016-04-01,7.64,7.7,7.25,7.32,344700,8.27,8.63,8.82,-11.4906,-15.147,-17.0064,-0.5016,-0.4913,0.2186
VSC,2016-04-04,7.32,7.58,7.32,7.45,104370,8.13,8.56,8.79,-8.3728,-12.9782,-15.2418,0.0,0.0,0.2153
VSC,2016-04-05,7.45,7.51,7.38,7.51,76060,8.01,8.49,8.75,-6.1748,-11.5646,-14.1725,0.1502,0.1362,0.2188
VSC,2016-04-06,7.51,7.51,7.38,7.45,60060,7.87,8.41,8.72,-5.3833,-11.4165,-14.5802,-0.0,-0.0,0.2158
VSC,2016-04-07,7.45,7.64,7.45,7.64,108380,7.76,8.33,8.69,-1.49,-8.3205,-12.0733,0.1995,0.1524,0.2265
VSC,2016-04-08,7.64,7.9,7.64,7.7,181160,7.67,8.26,8.66,0.5025,-6.7599,-11.0452,-0.2008,-0.2001,0.2345
VSC,2016-04-11,7.77,7.9,7.77,7.77,49990,7.63,8.2,8.63,1.8519,-5.2466,-9.9434,-0.0887,-0.0736,0.2086
VSC,2016-04-12,7.77,7.77,7.64,7.7,101510,7.62,8.13,8.59,1.0952,-5.288,-10.3541,0.0,0.0,0.1687
VSC,2016-04-13,7.7,7.7,7.58,7.58,49030,7.58,8.07,8.56,-0.0847,-6.0883,-11.4778,-0.0959,-0.0798,0.1426
VSC,2016-04-14,7.58,7.7,7.58,7.64,115610,7.58,8.0,8.53,0.8475,-4.5327,-10.3915,0.0,0.0,0.1237
VSC,2016-04-15,7.7,7.7,7.58,7.64,118530,7.61,7.94,8.49,0.4219,-3.7606,-10.0121,0.0,0.0,0.0735
VSC,2016-04-19,7.58,7.64,7.51,7.51,76510,7.61,7.87,8.46,-1.3491,-4.5677,-11.256,-0.138,-0.1065,0.0873
VSC,2016-04-20,7.45,7.45,7.32,7.38,156340,7.6,7.8,8.44,-2.8716,-5.3887,-12.5475,0.0,0.0,0.0723
VSC,2016-04-21,7.32,7.45,7.32,7.38,26330,7.59,7.73,8.42,-2.7895,-4.5247,-12.3475,0.0,0.0,0.0723
VSC,2016-04-22,7.38,7.38,7.32,7.38,67380,7.57,7.66,8.4,-2.4597,-3.6447,-12.066,0.1008,0.0795,0.0624
VSC,2016-04-25,7.45,7.58,7.45,7.51,75940,7.55,7.61,8.37,-0.5102,-1.2658,-10.276,0.0,0.0,0.0423
VSC,2016-04-26,7.51,7.58,7.45,7.58,36720,7.53,7.58,8.35,0.5968,-0.0423,-9.2726,0.0617,0.0472,0.0396
VSC,2016-04-27,7.58,7.58,7.32,7.38,50920,7.5,7.56,8.32,-1.5411,-2.3355,-11.2791,-0.0488,-0.0416,0.0445
VSC,2016-04-28,7.32,7.32,7.13,7.19,186660,7.46,7.52,8.29,-3.6145,-4.3961,-13.2455,-0.1514,-0.1225,0.0501
VSC,2016-04-29,7.19,7.32,7.19,7.25,90020,7.42,7.5,8.26,-2.2491,-3.2534,-12.1306,0.0,0.0,0.0501
VSC,2016-05-04,7.25,7.38,7.25,7.38,63870,7.4,7.5,8.23,-0.1736,-1.5832,-10.2684,0.1119,0.092,0.0613
VSC,2016-05-05,7.38,7.38,7.25,7.25,74510,7.37,7.49,8.2,-1.568,-3.1705,-11.4836,-0.1361,-0.1106,0.0611
VSC,2016-05-06,7.25,7.32,7.19,7.25,46860,7.36,7.48,8.16,-1.3962,-3.0043,-11.1076,0.0,0.0,0.0611
VSC,2016-05-09,7.25,7.25,7.13,7.13,36640,7.33,7.46,8.13,-2.8021,-4.5161,-12.3084,-0.0769,-0.063,0.0687
VSC,2016-05-10,7.19,7.19,7.06,7.13,62610,7.31,7.44,8.09,-2.4605,-4.1865,-11.9607,0.0,0.0,0.0587
VSC,2016-05-11,7.19,7.32,7.19,7.25,72780,7.28,7.42,8.06,-0.3527,-2.1645,-10.0462,0.0,0.0,0.0587
VSC,2016-05-12,7.25,7.7,7.25,7.7,177870,7.29,7.41,8.04,5.6338,3.9411,-4.2298,0.3702,0.3196,0.0895
VSC,2016-05-13,7.83,7.83,7.58,7.64,89540,7.32,7.41,8.02,4.386,3.1196,-4.7085,-0.0959,-0.0838,0.0942
VSC,2016-05-16,7.7,7.7,7.51,7.51,56200,7.35,7.41,7.99,2.1834,1.4304,-5.9334,-0.1112,-0.0895,0.0902
VSC,2016-05-17,7.51,7.58,7.45,7.51,45880,7.38,7.4,7.96,1.8277,1.5184,-5.5842,0.0,0.0,0.0902
VSC,2016-05-18,7.58,7.64,7.51,7.58,46150,7.4,7.4,7.93,2.4306,2.4306,-4.4689,-0.0,-0.0,0.079
VSC,2016-05-19,7.58,7.58,7.51,7.58,39730,7.43,7.4,7.91,1.9879,2.3861,-4.1741,0.0732,0.069,0.0727
VSC,2016-05-20,7.58,8.02,7.58,7.77,116990,7.48,7.42,7.89,3.8627,4.7166,-1.4818,-0.0384,-0.0346,0.0766
VSC,2016-05-23,7.77,7.83,7.64,7.7,36050,7.54,7.43,7.86,2.2147,3.627,-1.9287,-0.027,-0.0238,0.0716
VSC,2016-05-24,7.7,7.77,7.64,7.77,67320,7.6,7.45,7.83,2.196,4.2205,-0.7708,0.1498,0.1322,0.0866
VSC,2016-05-25,7.77,7.83,7.64,7.64,60920,7.64,7.46,7.8,0.0,2.4096,-2.0415,-0.1235,-0.0962,0.0989
VSC,2016-05-26,7.64,7.7,7.58,7.64,47740,7.63,7.46,7.77,0.0841,2.3656,-1.6854,0.0,0.0,0.0619
VSC,2016-05-27,7.7,7.7,7.64,7.64,21490,7.63,7.48,7.74,0.0841,2.1898,-1.343,-0.0548,-0.051,0.0578
VSC,2016-05-30,7.7,7.7,7.64,7.64,89260,7.65,7.5,7.72,-0.084,1.8836,-1.0148,-0.1671,-0.1707,0.0634
VSC,2016-05-31,7.7,7.77,7.64,7.77,60880,7.67,7.52,7.69,1.2552,3.2423,0.9511,0.1022,0.0907,0.0736
VSC,2016-06-01,7.77,7.77,7.64,7.7,45260,7.68,7.54,7.67,0.2506,2.1711,0.4352,0.0,0.0,0.0736
VSC,2016-06-02,7.7,7.77,7.64,7.64,73510,7.69,7.56,7.65,-0.6678,1.0616,-0.0839,-0.1352,-0.1382,0.0798
VSC,2016-06-03,7.69,7.83,7.69,7.83,51330,7.7,7.59,7.63,1.7148,3.1757,2.636,0.0875,0.09,0.0847
VSC,2016-06-06,7.83,8.04,7.83,7.9,42590,7.72,7.63,7.61,2.3859,3.5933,3.8211,-0.0259,-0.026,0.0846
VSC,2016-06-07,7.97,8.26,7.97,8.26,129310,7.77,7.68,7.6,6.3616,7.5029,8.6931,0.2523,0.2414,0.0948
VSC,2016-06-08,8.33,8.4,8.26,8.26,80810,7.83,7.73,7.59,5.5186,6.804,8.7912,-0.1447,-0.1205,0.0969
VSC,2016-06-09,8.26,8.26,8.12,8.12,27340,7.88,7.75,7.59,3.0558,4.6673,6.9095,-0.0509,-0.0438,0.102
VSC,2016-06-10,8.12,8.4,8.12,8.26,31440,7.94,7.79,7.6,4.0601,6.0955,8.6609,-0.0,-0.0,0.0966
VSC,2016-06-13,8.26,8.26,8.12,8.19,40370,7.99,7.82,7.61,2.4472,4.7176,7.6515,0.0,0.0,0.0799
VSC,2016-06-14,8.19,8.19,8.04,8.04,29400,8.02,7.85,7.61,0.3029,2.5308,5.6683,-0.062,-0.0566,0.0758
VSC,2016-06-15,8.04,8.19,8.04,8.19,24410,8.07,7.88,7.63,1.4811,3.9557,7.31,0.0532,0.0461,0.0812
VSC,2016-06-16,8.12,8.62,8.12,8.48,243740,8.15,7.92,7.65,3.9647,6.9919,10.7766,0.1604,0.1503,0.0837
VSC,2016-06-17,8.55,8.91,8.48,8.76,201160,8.25,7.97,7.68,6.2718,9.9286,14.1584,0.0695,0.0645,0.0819
VSC,2016-06-20,8.76,8.91,8.69,8.83,63970,8.34,8.03,7.7,5.9431,10.049,14.6794,0.0419,0.0375,0.0835
VSC,2016-06-21,8.83,8.98,8.83,8.83,96870,8.4,8.08,7.73,5.2181,9.3228,14.3247,-0.1772,-0.1537,0.076
VSC,2016-06-22,8.91,9.19,8.91,9.19,122910,8.49,8.16,7.76,8.291,12.6832,18.5151,0.2882,0.2883,0.0903
VSC,2016-06-23,9.34,9.34,9.27,9.34,68940,8.61,8.24,7.79,8.4237,13.2655,19.8819,0.1419,0.1406,0.0994
VSC,2016-06-24,9.34,9.34,8.69,9.34,326810,8.72,8.33,7.82,7.0841,12.111,19.3811,0.3637,0.3707,0.1358
VSC,2016-06-27,8.83,9.19,8.83,9.05,134080,8.81,8.4,7.85,2.7733,7.7491,15.2731,0.051,0.0507,0.1409
VSC,2016-06-28,9.05,9.27,9.05,9.19,122550,8.92,8.47,7.88,3.0596,8.5381,16.641,0.1358,0.1358,0.1483
VSC,2016-06-29,9.19,9.48,9.19,9.41,224520,9.04,8.56,7.92,4.0509,9.9749,18.8412,0.1954,0.1897,0.1625
VSC,2016-06-30,9.55,9.62,9.41,9.41,137500,9.14,8.64,7.96,2.9875,8.8492,18.2742,-0.2481,-0.2608,0.1713
VSC,2016-07-01,9.48,9.48,9.41,9.41,57690,9.2,8.72,8.0,2.2639,7.8634,17.6747,-0.1152,-0.1178,0.1758
VSC,2016-07-04,9.48,9.62,9.27,9.34,114840,9.25,8.8,8.04,0.9317,6.1658,16.2082,-0.0955,-0.0954,0.1812
VSC,2016-07-05,9.34,9.34,9.05,9.12,133760,9.28,8.84,8.07,-1.7028,3.21,13.0371,-0.0912,-0.0914,0.1726
VSC,2016-07-06,9.12,9.62,9.05,9.62,225710,9.32,8.91,8.11,3.2357,8.0645,18.6461,0.3359,0.3215,0.1774
VSC,2016-07-07,9.62,9.98,9.62,9.84,203450,9.37,8.99,8.16,4.9808,9.4249,20.6287,0.0604,0.0566,0.1692
VSC,2016-07-08,9.84,9.84,9.62,9.7,130500,9.41,9.06,8.2,3.0535,6.9731,18.1973,-0.0797,-0.0795,0.1408
VSC,2016-07-11,9.7,9.7,9.34,9.41,146390,9.45,9.13,8.25,-0.3802,3.1091,14.078,-0.0833,-0.0884,0.144
VSC,2016-07-12,9.41,9.41,9.05,9.41,89250,9.47,9.19,8.29,-0.607,2.3438,13.4851,0.1313,0.1223,0.1436
VSC,2016-07-13,9.41,9.48,9.27,9.34,197760,9.46,9.25,8.33,-1.2908,0.9317,12.0903,-0.0817,-0.0799,0.1322
VSC,2016-07-14,9.34,9.48,9.19,9.27,155510,9.45,9.29,8.37,-1.9012,-0.2706,10.6935,-0.0739,-0.0722,0.1148
VSC,2016-07-15,9.19,9.34,9.05,9.12,151490,9.42,9.31,8.41,-3.1274,-2.0062,8.4932,-0.137,-0.1376,0.117
VSC,2016-07-18,9.12,9.27,9.12,9.27,21540,9.41,9.33,8.45,-1.5267,-0.6929,9.6437,0.034,0.0346,0.1108
VSC,2016-07-19,9.27,9.34,9.12,9.27,74310,9.42,9.35,8.49,-1.6768,-0.9217,9.0913,0.0593,0.0579,0.1076
VSC,2016-07-20,9.19,9.27,9.12,9.12,57070,9.37,9.35,8.53,-2.682,-2.4203,6.9297,-0.0958,-0.0829,0.0836
VSC,2016-07-21,9.12,9.27,9.05,9.27,139930,9.32,9.34,8.56,-0.5397,-0.8455,8.2175,0.2387,0.2199,0.1015
VSC,2016-07-22,9.27,9.27,9.05,9.05,73240,9.25,9.33,8.59,-2.1739,-3.0023,5.3537,-0.1023,-0.1013,0.1037
VSC,2016-07-25,9.05,9.19,9.05,9.12,34650,9.22,9.33,8.62,-1.0904,-2.2702,5.793,-0.0,-0.0,0.0954
VSC,2016-07-26,9.05,9.19,9.05,9.12,42980,9.19,9.33,8.65,-0.7813,-2.2325,5.3992,-0.0,-0.0,0.0823
VSC,2016-07-27,9.12,9.27,9.12,9.19,84560,9.18,9.32,8.69,0.1565,-1.3488,5.8334,0.0,0.0,0.0741
VSC,2016-07-28,9.19,9.34,9.19,9.34,70620,9.19,9.32,8.72,1.6419,0.2313,7.0528,0.1164,0.1108,0.0784
VSC,2016-07-29,9.41,9.91,9.27,9.77,368670,9.25,9.33,8.76,5.5901,4.6557,11.4824,0.3876,0.3396,0.1034
VSC,2016-08-01,9.77,9.77,9.48,9.48,61220,9.27,9.34,8.8,2.2463,1.4994,7.7662,-0.1645,-0.1555,0.1165
VSC,2016-08-02,9.48,9.62,9.48,9.55,102510,9.3,9.36,8.83,2.7027,2.033,8.1438,0.0,0.0,0.1105
VSC,2016-08-03,9.48,9.55,9.34,9.41,74440,9.33,9.35,8.87,0.8469,0.6145,6.0926,-0.0508,-0.0535,0.106
VSC,2016-08-04,9.48,9.55,9.27,9.27,71340,9.33,9.32,8.9,-0.6928,-0.6163,4.0911,-0.1093,-0.1188,0.0931
VSC,2016-08-05,9.27,9.27,8.98,9.19,180860,9.34,9.3,8.93,-1.6142,-1.1201,2.9248,0.1568,0.1559,0.0985
VSC,2016-08-08,9.19,9.41,9.12,9.27,45310,9.36,9.29,8.97,-0.9977,-0.2706,3.3527,0.0,0.0,0.0985
VSC,2016-08-09,9.34,9.41,9.27,9.34,53280,9.38,9.29,9.0,-0.4594,0.5414,3.7905,-0.0,-0.0,0.0985
VSC,2016-08-10,9.41,9.41,9.27,9.34,86060,9.4,9.29,9.03,-0.6116,0.5414,3.4149,-0.0,-0.0,0.0985
VSC,2016-08-11,9.41,9.48,9.34,9.41,131110,9.4,9.29,9.06,0.0764,1.2365,3.8035,0.0,0.0,0.0869
VSC,2016-08-12,9.48,9.48,9.27,9.34,98440,9.36,9.31,9.09,-0.2302,0.3474,2.6694,-0.0194,-0.0491,0.0501
VSC,2016-08-15,9.34,9.41,9.34,9.41,23060,9.35,9.31,9.13,0.6145,1.0413,3.1172,0.0296,0.0298,0.0366
VSC,2016-08-16,9.41,9.91,9.41,9.62,229220,9.36,9.33,9.15,2.8396,3.1563,5.164,-0.055,-0.0466,0.0421
VSC,2016-08-17,9.62,10.27,9.48,10.27,967640,9.45,9.39,9.19,8.7452,9.4109,11.7362,1.8219,1.8354,0.2192
VSC,2016-08-18,10.42,10.63,10.13,10.42,267730,9.56,9.45,9.24,8.9407,10.2662,12.7352,0.058,0.0471,0.2141
VSC,2016-08-19,10.42,10.42,10.13,10.42,254910,9.68,9.51,9.28,7.5668,9.4753,12.2118,0.455,0.3779,0.2439
VSC,2016-08-22,10.27,10.34,10.2,10.27,159100,9.78,9.57,9.32,4.9926,7.3171,10.1695,0.0,0.0,0.2439
VSC,2016-08-23,10.27,10.63,10.2,10.63,436640,9.91,9.65,9.37,7.2464,10.201,13.3926,0.8776,0.8253,0.3317
VSC,2016-08-24,10.7,10.77,10.49,10.56,159880,10.03,9.71,9.42,5.2255,8.6876,12.0597,-0.1512,-0.1635,0.3468
VSC,2016-08-25,10.56,10.63,10.49,10.63,91620,10.16,9.78,9.47,4.6676,8.7036,12.3084,0.1662,0.1948,0.3634
VSC,2016-08-26,10.56,10.56,10.34,10.34,321740,10.26,9.81,9.5,0.8403,5.4559,8.9094,-0.5268,-0.4857,0.4141
VSC,2016-08-29,10.34,10.42,10.2,10.2,190510,10.34,9.84,9.52,-1.3204,3.6118,7.089,-0.2468,-0.2543,0.4359
VSC,2016-08-30,10.2,10.42,10.13,10.42,134880,10.42,9.89,9.56,0.0,5.3397,8.9898,0.2646,0.2498,0.4568
VSC,2016-08-31,10.42,10.56,10.34,10.34,169000,10.42,9.93,9.58,-0.7581,4.1215,7.9784,-0.325,-0.2755,0.3071
VSC,2016-09-01,10.42,10.63,10.34,10.56,352870,10.44,10.0,9.6,1.17,5.6034,9.9476,0.3315,0.3487,0.3345
VSC,2016-09-05,10.49,10.49,10.27,10.27,263810,10.42,10.05,9.62,-1.4473,2.1793,6.7483,-0.5083,-0.5359,0.3398
VSC,2016-09-06,10.27,10.27,10.2,10.27,157450,10.42,10.1,9.65,-1.4473,1.6708,6.478,0.315,0.2782,0.3713
VSC,2016-09-07,10.27,10.27,9.91,10.2,339300,10.38,10.15,9.67,-1.7301,0.5309,5.5134,0.4788,0.5006,0.3314
VSC,2016-09-08,10.06,10.2,10.06,10.13,154960,10.34,10.19,9.68,-2.0153,-0.5642,4.6149,-0.0,-0.0,0.3163
VSC,2016-09-09,10.06,10.49,9.98,10.2,152060,10.29,10.22,9.7,-0.9072,-0.2459,5.1852,-0.0492,-0.0397,0.3046
VSC,2016-09-12,10.2,10.2,10.06,10.14,153340,10.27,10.26,9.71,-1.2725,-1.1966,4.4348,0.0595,0.0543,0.2579
VSC,2016-09-13,10.14,10.19,10.08,10.13,114770,10.27,10.3,9.73,-1.3434,-1.6805,4.1174,-0.0422,-0.0338,0.2374
VSC,2016-09-14,10.13,10.33,10.13,10.13,100480,10.24,10.33,9.75,-1.0665,-1.9199,3.9026,-0.237,-0.2447,0.2346
VSC,2016-09-15,10.13,10.24,10.1,10.2,41550,10.22,10.32,9.76,-0.2248,-1.1899,4.5163,0.0341,0.0382,0.2056
VSC,2016-09-16,10.2,10.2,10.11,10.2,42040,10.19,10.31,9.77,0.1269,-1.0867,4.4394,0.0336,0.0305,0.1758
VSC,2016-09-19,10.2,10.2,10.13,10.17,79170,10.18,10.3,9.78,-0.0565,-1.2483,4.0442,0.0272,0.0212,0.1277
VSC,2016-09-20,10.13,10.49,10.1,10.34,205180,10.18,10.3,9.79,1.5658,0.3904,5.6059,0.1031,0.0805,0.1065
VSC,2016-09-21,10.4,10.49,10.34,10.34,61360,10.2,10.29,9.81,1.4228,0.5306,5.405,-0.1505,-0.146,0.0736
VSC,2016-09-22,10.34,10.77,10.34,10.47,240090,10.23,10.28,9.84,2.3445,1.8299,6.4762,-0.1944,-0.1946,0.0931
VSC,2016-09-23,10.49,10.62,10.49,10.49,112490,10.26,10.28,9.86,2.1979,2.0408,6.3581,-0.2563,-0.2129,0.1138
VSC,2016-09-26,10.5,10.69,10.44,10.6,113460,10.31,10.29,9.89,2.8572,3.0295,7.202,0.0764,0.0674,0.1155
VSC,2016-09-27,10.6,10.7,10.56,10.59,161220,10.35,10.31,9.92,2.2617,2.6963,6.7713,-0.156,-0.1465,0.1269
VSC,2016-09-28,10.59,10.75,10.57,10.63,175580,10.4,10.32,9.94,2.1817,3.0067,6.9117,-0.1098,-0.1286,0.1141
VSC,2016-09-29,10.69,10.69,10.31,10.4,193660,10.42,10.32,9.97,-0.2205,0.7515,4.3318,-0.1911,-0.1592,0.1298
VSC,2016-09-30,10.34,10.36,9.7,9.77,849600,10.38,10.28,9.98,-5.8953,-5.008,-2.1075,-1.1723,-0.9505,0.2437
VSC,2016-10-03,9.62,9.68,9.4,9.68,358100,10.33,10.25,9.99,-6.2848,-5.5758,-3.0941,0.7691,0.7172,0.3179
VSC,2016-10-04,9.62,9.84,9.6,9.7,174400,10.27,10.23,10.0,-5.5548,-5.17,-3.0618,-0.0696,-0.0537,0.3145
VSC,2016-10-05,9.52,9.62,9.34,9.41,284220,10.17,10.19,10.01,-7.512,-7.6228,-5.988,-0.3124,-0.2802,0.3307
VSC,2016-10-06,9.41,9.58,9.41,9.52,167540,10.08,10.16,10.02,-5.5017,-6.2169,-4.9026,0.0829,0.0842,0.3196
VSC,2016-10-07,9.41,9.52,9.4,9.47,173850,9.98,10.12,10.02,-5.1116,-6.4452,-5.5007,0.0403,0.0446,0.298
VSC,2016-10-10,9.44,9.47,9.37,9.44,74370,9.86,10.08,10.01,-4.2832,-6.4036,-5.7253,0.0534,0.0579,0.2957
VSC,2016-10-11,9.37,9.52,9.35,9.52,152670,9.75,10.05,10.01,-2.3564,-5.2654,-4.8726,0.2682,0.2227,0.3069
VSC,2016-10-12,9.55,9.58,9.44,9.52,61160,9.64,10.02,10.01,-1.2364,-4.9803,-4.8671,0.0281,0.0252,0.2988
VSC,2016-10-13,9.54,9.77,9.45,9.77,107450,9.58,10.0,10.02,1.9643,-2.3339,-2.4977,0.1843,0.2169,0.2981
VSC,2016-10-14,9.77,9.77,9.6,9.6,53230,9.56,9.97,10.03,0.3455,-3.7672,-4.2815,-0.0759,-0.084,0.1884
VSC,2016-10-17,9.6,9.6,9.41,9.42,36360,9.54,9.93,10.03,-1.19,-5.1407,-6.0441,-0.0597,-0.0526,0.1175
VSC,2016-10-18,9.58,9.61,9.41,9.44,58480,9.51,9.89,10.03,-0.7703,-4.5613,-5.9332,-0.0956,-0.1053,0.1201
VSC,2016-10-19,9.61,9.61,9.41,9.44,33640,9.51,9.84,10.04,-0.8002,-4.1226,-5.9521,-0.0354,-0.0387,0.0924
VSC,2016-10-20,9.41,9.45,9.37,9.37,59750,9.5,9.79,10.04,-1.3914,-4.3146,-6.6732,-0.1471,-0.1348,0.0988
VSC,2016-10-21,9.34,9.34,9.12,9.12,110150,9.46,9.72,10.03,-3.6127,-6.1554,-9.0545,-0.205,-0.21,0.1153
VSC,2016-10-24,9.12,9.12,8.94,8.98,134980,9.42,9.64,10.02,-4.6675,-6.8554,-10.4225,-0.1373,-0.1198,0.1237
VSC,2016-10-25,8.91,8.91,8.55,8.62,263530,9.33,9.54,10.01,-7.5928,-9.659,-13.8698,-0.3782,-0.3855,0.1347
VSC,2016-10-26,8.62,9.05,8.4,9.05,144510,9.28,9.46,10.0,-2.4768,-4.3498,-9.4593,0.4233,0.476,0.1742
VSC,2016-10-27,8.78,8.78,8.62,8.65,21370,9.17,9.37,9.96,-5.6722,-7.7466,-13.2015,-0.0445,-0.0373,0.1602
VSC,2016-10-28,8.62,8.91,8.62,8.91,41980,9.1,9.33,9.93,-2.1156,-4.5493,-10.3347,0.1217,0.1242,0.1648
VSC,2016-10-31,8.79,8.86,8.62,8.69,50920,9.03,9.28,9.9,-3.7084,-6.3612,-12.1992,-0.0469,-0.0388,0.1635
VSC,2016-11-01,8.69,8.76,8.63,8.76,27960,8.96,9.23,9.87,-2.1808,-5.11,-11.2029,0.0919,0.0763,0.1631
VSC,2016-11-02,8.66,8.76,8.48,8.48,73020,8.86,9.19,9.83,-4.3606,-7.7549,-13.7377,-0.1508,-0.1305,0.1747
VSC,2016-11-03,8.48,8.48,8.42,8.48,60260,8.77,9.14,9.78,-3.3896,-7.2255,-13.3704,0.1255,0.0984,0.1725
VSC,2016-11-04,8.48,8.56,8.48,8.49,33110,8.71,9.09,9.74,-2.5235,-6.5687,-12.8421,-0.0829,-0.0641,0.1603
VSC,2016-11-07,8.55,8.55,8.49,8.5,52860,8.66,9.04,9.7,-1.8242,-5.9272,-12.3638,-0.0781,-0.0648,0.1544
VSC,2016-11-08,8.55,8.75,8.55,8.69,40510,8.67,9.0,9.67,0.2486,-3.4163,-10.1601,0.055,0.0522,0.1221
VSC,2016-11-09,8.59,8.62,8.48,8.62,134590,8.63,8.95,9.64,-0.0833,-3.7305,-10.5706,0.2756,0.2017,0.1073
VSC,2016-11-10,8.91,8.91,8.62,8.69,69720,8.63,8.9,9.61,0.6991,-2.3406,-9.5151,-0.0752,-0.0764,0.1104
VSC,2016-11-11,8.69,8.76,8.62,8.69,48310,8.61,8.85,9.57,0.9511,-1.8415,-9.1619,0.0,0.0,0.0982
VSC,2016-11-14,8.69,8.69,8.55,8.62,71640,8.6,8.81,9.53,0.2004,-2.2085,-9.6004,-0.0,-0.0,0.0935
VSC,2016-11-15,8.76,8.76,8.52,8.55,56860,8.58,8.77,9.5,-0.3851,-2.5309,-10.0285,-0.1241,-0.1037,0.0967
VSC,2016-11-16,8.66,8.68,8.58,8.6,6300,8.59,8.73,9.47,0.1337,-1.4073,-9.1185,-0.0062,-0.006,0.0823
VSC,2016-11-17,8.68,8.72,8.62,8.62,30360,8.61,8.69,9.44,0.1335,-0.8182,-8.6758,-0.07,-0.0712,0.0767
VSC,2016-11-18,8.66,8.66,8.55,8.55,22750,8.61,8.66,9.41,-0.7672,-1.3185,-9.1187,-0.0601,-0.0522,0.0744
VSC,2016-11-21,8.55,8.62,8.48,8.58,30990,8.62,8.64,9.37,-0.5166,-0.7564,-8.5086,0.0244,0.0258,0.069
VSC,2016-11-22,8.6,8.6,8.52,8.52,14680,8.6,8.64,9.34,-0.9851,-1.3639,-8.8085,-0.0349,-0.0291,0.067
VSC,2016-11-23,8.6,8.6,8.53,8.59,37740,8.6,8.61,9.31,-0.1169,-0.2668,-7.736,0.0485,0.0399,0.0443
VSC,2016-11-24,8.59,8.59,8.52,8.55,13310,8.59,8.61,9.28,-0.4517,-0.7092,-7.8719,-0.006,-0.0046,0.0374
VSC,2016-11-25,8.52,8.52,8.33,8.43,63430,8.56,8.58,9.24,-1.4935,-1.7737,-8.7631,0.0104,0.0089,0.0385
VSC,2016-11-28,8.43,8.43,8.26,8.26,65890,8.52,8.56,9.2,-3.1008,-3.5397,-10.2572,-0.1502,-0.1102,0.0535
VSC,2016-11-29,8.26,8.26,8.06,8.12,44110,8.48,8.53,9.16,-4.3022,-4.8582,-11.3893,-0.0356,-0.0259,0.0446
VSC,2016-11-30,8.48,8.48,8.1,8.19,80940,8.44,8.52,9.12,-2.9787,-3.8543,-10.1825,-0.088,-0.0848,0.0528
VSC,2016-12-01,8.26,8.4,8.19,8.3,117380,8.41,8.51,9.07,-1.2472,-2.406,-8.4864,0.0153,0.0124,0.0473
VSC,2016-12-02,8.39,8.39,8.13,8.17,37670,8.37,8.49,9.03,-2.3511,-3.7469,-9.4497,-0.062,-0.0519,0.0475
VSC,2016-12-05,8.29,8.29,8.04,8.04,28360,8.32,8.47,8.98,-3.2815,-5.0123,-10.3742,-0.0665,-0.0616,0.0517
VSC,2016-12-06,8.04,8.12,8.02,8.04,41030,8.27,8.44,8.93,-2.7271,-4.6484,-9.8635,-0.0317,-0.0297,0.0514
VSC,2016-12-07,8.1,8.1,7.99,8.0,32390,8.21,8.41,8.87,-2.5542,-4.8107,-9.8151,-0.0685,-0.0627,0.0534
VSC,2016-12-08,8.0,8.1,8.0,8.1,35030,8.17,8.38,8.83,-0.7916,-3.2756,-8.2061,0.0916,0.0883,0.062
VSC,2016-12-09,8.06,8.06,8.02,8.02,25820,8.13,8.34,8.79,-1.3437,-3.9173,-8.8205,-0.0815,-0.077,0.0691
VSC,2016-12-12,7.93,8.04,7.83,8.02,75920,8.1,8.31,8.76,-1.0462,-3.5686,-8.4735,0.1178,0.1141,0.0658
VSC,2016-12-13,7.9,8.02,7.76,7.76,42380,8.06,8.27,8.72,-3.8119,-6.2337,-11.032,-0.0864,-0.0697,0.0709
VSC,2016-12-14,7.76,7.97,7.73,7.76,126780,8.02,8.23,8.69,-3.2951,-5.7509,-10.6936,-0.0724,-0.107,0.0694
VSC,2016-12-15,7.77,7.9,7.7,7.83,139520,7.97,8.19,8.65,-1.8196,-4.4196,-9.5136,0.0797,0.0577,0.0758
VSC,2016-12-16,7.77,7.83,7.76,7.81,40970,7.94,8.15,8.62,-1.5563,-4.1663,-9.3333,0.03,0.0219,0.0726
VSC,2016-12-19,7.9,7.96,7.76,7.83,46480,7.92,8.12,8.59,-1.1069,-3.5484,-8.8263,-0.0308,-0.0255,0.069
VSC,2016-12-20,7.83,7.83,7.69,7.76,47660,7.89,8.08,8.55,-1.6572,-3.9829,-9.2894,0.0,0.0,0.0659
VSC,2016-12-21,7.76,7.76,7.61,7.69,167370,7.86,8.03,8.52,-2.1759,-4.3362,-9.7412,0.0,0.0,0.059
VSC,2016-12-22,7.69,7.69,7.33,7.5,101190,7.8,7.98,8.47,-3.8142,-6.0475,-11.4624,-0.0096,-0.007,0.0508
VSC,2016-12-23,7.44,7.6,7.3,7.36,177810,7.73,7.93,8.42,-4.8504,-7.2212,-12.6965,-0.2928,-0.224,0.0719
VSC,2016-12-26,7.47,7.83,7.3,7.83,269480,7.71,7.91,8.39,1.5275,-0.9722,-6.7165,0.6599,0.6292,0.1262
VSC,2016-12-27,7.71,8.04,7.69,7.81,140760,7.72,7.89,8.36,1.2658,-0.9649,-6.526,-0.0821,-0.0585,0.1257
VSC,2016-12-28,7.73,7.77,7.47,7.54,76190,7.7,7.86,8.32,-1.9974,-4.0308,-9.3797,-0.085,-0.0736,0.127
VSC,2016-12-29,7.54,7.84,7.54,7.84,146290,7.7,7.84,8.29,1.9037,0.1008,-5.4087,0.3115,0.2674,0.1502
VSC,2016-12-30,7.84,8.04,7.69,8.04,101790,7.72,7.83,8.27,4.2055,2.7523,-2.7305,0.2005,0.1644,0.1672
VSC,2017-01-03,8.04,8.16,7.9,8.02,89020,7.74,7.83,8.25,3.5827,2.4041,-2.8517,-0.0209,-0.0178,0.1662
VSC,2017-01-04,8.02,8.32,8.02,8.13,154580,7.78,7.83,8.24,4.5631,3.8151,-1.3422,-0.0957,-0.0729,0.1758
VSC,2017-01-05,8.12,8.19,8.04,8.19,65240,7.83,7.84,8.22,4.6255,4.4242,-0.4367,0.1628,0.1579,0.1921
VSC,2017-01-06,8.19,8.19,8.12,8.13,35560,7.89,7.84,8.21,3.059,3.6725,-1.0109,-0.0436,-0.0328,0.1955
VSC,2017-01-09,8.22,8.22,8.07,8.13,46740,7.97,7.85,8.2,2.0555,3.5966,-0.8236,-0.02,-0.0159,0.1682
VSC,2017-01-10,8.17,8.17,8.0,8.04,76930,7.99,7.85,8.19,0.7013,2.4797,-1.7199,-0.1079,-0.0778,0.113
VSC,2017-01-11,8.09,8.09,8.04,8.07,43830,8.01,7.87,8.17,0.7349,2.639,-1.2024,0.0257,0.0208,0.1074
VSC,2017-01-12,8.07,8.12,8.06,8.07,73640,8.07,7.88,8.16,0.0712,2.4333,-1.1051,-0.0746,-0.0682,0.1063
VSC,2017-01-13,8.12,8.48,8.12,8.26,125300,8.11,7.9,8.16,1.86,4.5169,1.2359,-0.0578,-0.0543,0.081
VSC,2017-01-16,8.25,8.3,8.13,8.13,36010,8.12,7.92,8.15,0.1593,2.6757,-0.2608,-0.0755,-0.0733,0.0685
VSC,2017-01-17,8.22,8.39,8.19,8.33,157050,8.15,7.94,8.15,2.2387,4.8825,2.2495,0.116,0.1126,0.078
VSC,2017-01-18,8.33,8.4,8.19,8.23,46180,8.16,7.97,8.14,0.8803,3.3084,1.1295,-0.0535,-0.0515,0.0738
VSC,2017-01-19,8.3,8.3,8.17,8.2,49170,8.16,7.99,8.13,0.5105,2.6148,0.8798,-0.0806,-0.0641,0.0655
VSC,2017-01-20,8.23,8.32,8.22,8.25,52330,8.17,8.03,8.12,0.8965,2.6742,1.5211,-0.0678,-0.0567,0.068
VSC,2017-01-23,8.33,8.33,8.2,8.23,72050,8.18,8.07,8.11,0.5969,1.9392,1.459,-0.1133,-0.1128,0.0773
VSC,2017-01-24,8.3,8.48,8.2,8.48,71830,8.23,8.11,8.11,3.0387,4.545,4.5061,0.1593,0.1523,0.0824
VSC,2017-01-25,8.55,8.62,8.48,8.5,119100,8.27,8.14,8.11,2.8492,4.4553,4.8716,-0.1598,-0.129,0.0958
VSC,2017-02-02,8.5,8.62,8.5,8.52,33820,8.31,8.19,8.11,2.471,4.0077,5.071,-0.0568,-0.0458,0.094
VSC,2017-02-03,8.48,8.53,8.42,8.5,70370,8.34,8.22,8.11,1.9987,3.4152,4.9237,0.0682,0.0589,0.0951
VSC,2017-02-06,8.49,8.62,8.48,8.55,88620,8.38,8.25,8.11,2.0058,3.6224,5.4553,0.0,0.0,0.0875
VSC,2017-02-07,8.66,8.82,8.62,8.78,139350,8.42,8.29,8.11,4.1951,5.9201,8.2374,0.1397,0.1376,0.0899
VSC,2017-02-08,8.79,8.83,8.71,8.79,53020,8.48,8.32,8.11,3.6761,5.6721,8.3416,0.0317,0.03,0.0877
VSC,2017-02-09,8.76,8.91,8.73,8.78,74680,8.54,8.35,8.12,2.81,5.1273,8.1148,-0.0542,-0.0485,0.0851
VSC,2017-02-10,8.75,8.86,8.73,8.73,69300,8.59,8.38,8.12,1.7232,4.2345,7.5344,-0.1229,-0.1038,0.0906
VSC,2017-02-13,8.76,8.82,8.72,8.81,69460,8.64,8.41,8.13,1.878,4.67,8.3192,0.0879,0.0814,0.0881
VSC,2017-02-14,8.83,8.83,8.62,8.69,162870,8.67,8.45,8.14,0.2984,2.9087,6.7924,-0.0819,-0.0774,0.0803
VSC,2017-02-15,8.68,8.69,8.59,8.66,150880,8.68,8.47,8.15,-0.2151,2.2121,6.2967,0.0986,0.0865,0.0742
VSC,2017-02-16,8.66,8.66,8.55,8.55,136200,8.68,8.5,8.16,-1.5716,0.5747,4.7941,-0.1632,-0.138,0.0848
VSC,2017-02-17,8.55,8.66,8.55,8.62,96460,8.7,8.52,8.16,-0.8756,1.206,5.5929,0.03,0.0253,0.081
VSC,2017-02-20,8.65,8.76,8.56,8.76,116870,8.72,8.55,8.17,0.5274,2.5124,7.1981,0.1274,0.1195,0.0937
VSC,2017-02-21,8.76,8.82,8.69,8.75,74610,8.71,8.57,8.19,0.3956,2.0956,6.8383,-0.0096,-0.0099,0.0807
VSC,2017-02-22,8.76,8.76,8.69,8.72,81940,8.71,8.59,8.2,0.1485,1.4711,6.3122,-0.0155,-0.0162,0.0791
VSC,2017-02-23,8.69,8.72,8.58,8.62,171150,8.69,8.61,8.21,-0.8264,0.0584,4.9281,-0.0844,-0.0736,0.0821
VSC,2017-02-24,8.62,8.65,8.58,8.65,45800,8.68,8.63,8.23,-0.3971,0.158,5.1381,0.0395,0.0374,0.0738
VSC,2017-02-27,8.65,8.65,8.52,8.52,75350,8.65,8.65,8.24,-1.5604,-1.5032,3.4398,-0.0888,-0.0765,0.0739
VSC,2017-02-28,8.52,8.58,8.46,8.53,118620,8.64,8.65,8.25,-1.214,-1.3698,3.4844,0.0287,0.0282,0.0686
VSC,2017-03-01,8.48,8.52,8.23,8.4,55810,8.61,8.65,8.26,-2.4187,-2.8077,1.7569,0.0152,0.0128,0.0602
VSC,2017-03-02,8.4,8.48,8.29,8.38,55830,8.59,8.64,8.27,-2.5572,-3.0595,1.2575,-0.0053,-0.0053,0.0444
VSC,2017-03-03,8.38,8.52,8.33,8.39,25770,8.57,8.63,8.28,-2.1284,-2.8286,1.2939,-0.0152,-0.0109,0.043
VSC,2017-03-06,8.39,8.4,8.32,8.33,98690,8.53,8.62,8.29,-2.3076,-3.3736,0.4747,-0.082,-0.0659,0.0384
VSC,2017-03-07,8.33,8.39,8.27,8.33,87490,8.49,8.6,8.3,-1.828,-3.1234,0.353,-0.0,-0.0,0.0375
VSC,2017-03-08,8.33,8.62,8.32,8.48,164680,8.46,8.58,8.32,0.1527,-1.2718,1.9068,0.0152,0.0141,0.0374
VSC,2017-03-09,8.55,8.6,8.48,8.48,50770,8.45,8.57,8.33,0.323,-1.098,1.7136,-0.0777,-0.0642,0.0368
VSC,2017-03-10,8.55,8.55,8.38,8.38,60590,8.42,8.55,8.35,-0.5458,-2.0661,0.2959,-0.1022,-0.0915,0.043
VSC,2017-03-13,8.38,8.58,8.38,8.55,117370,8.42,8.54,8.37,1.4665,0.1009,2.0688,0.1376,0.1197,0.0479
VSC,2017-03-14,8.62,8.62,8.33,8.46,240960,8.42,8.53,8.39,0.5291,-0.7749,0.8873,-0.0402,-0.0326,0.0491
VSC,2017-03-15,8.46,8.53,8.3,8.32,118230,8.41,8.51,8.4,-1.0764,-2.262,-0.9444,-0.1922,-0.127,0.0668
VSC,2017-03-16,8.33,8.46,8.22,8.26,135600,8.4,8.5,8.41,-1.6253,-2.7731,-1.7967,-0.0957,-0.0887,0.0758
VSC,2017-03-17,8.25,8.29,8.16,8.16,193720,8.37,8.47,8.42,-2.5562,-3.6962,-3.0651,-0.1922,-0.146,0.0935
VSC,2017-03-20,8.19,8.29,8.17,8.22,83150,8.36,8.45,8.42,-1.7351,-2.7046,-2.4224,-0.0256,-0.0244,0.0879
VSC,2017-03-21,8.2,8.26,8.15,8.23,242140,8.35,8.42,8.43,-1.4448,-2.2351,-2.3018,0.1422,0.1158,0.1021
VSC,2017-03-22,8.22,8.22,8.13,8.16,58820,8.32,8.39,8.43,-1.9337,-2.7647,-3.1609,-0.019,-0.0178,0.1025
VSC,2017-03-23,8.13,8.17,8.1,8.16,74670,8.29,8.37,8.43,-1.5598,-2.4977,-3.1543,0.0618,0.0436,0.1009
VSC,2017-03-24,8.15,8.26,8.07,8.25,160080,8.28,8.35,8.43,-0.3645,-1.2303,-2.1579,0.1392,0.1458,0.1046
VSC,2017-03-27,8.25,8.3,8.15,8.25,124170,8.25,8.33,8.43,0.0001,-1.0685,-2.1846,0.0376,0.0337,0.0946
VSC,2017-03-28,8.25,8.25,8.15,8.16,54070,8.22,8.32,8.43,-0.682,-1.8829,-3.2335,-0.0479,-0.0434,0.0953
VSC,2017-03-29,8.16,8.48,8.12,8.4,195920,8.22,8.32,8.44,2.1834,1.0538,-0.4153,0.1813,0.1609,0.0942
VSC,2017-03-30,8.38,8.52,8.32,8.4,76360,8.24,8.32,8.45,2.0053,1.0363,-0.4932,-0.0156,-0.0125,0.0862
VSC,2017-03-31,8.4,8.4,8.3,8.3,28350,8.25,8.31,8.45,0.6092,-0.1209,-1.694,-0.0432,-0.035,0.0713
VSC,2017-04-03,8.33,8.33,8.15,8.25,67320,8.26,8.31,8.45,-0.1218,-0.7607,-2.4008,0.0054,0.0046,0.0693
VSC,2017-04-04,8.16,8.32,8.13,8.3,250610,8.26,8.31,8.45,0.4868,-0.0519,-1.714,0.2126,0.2123,0.0764
VSC,2017-04-05,8.33,8.43,8.3,8.4,141570,8.29,8.3,8.45,1.4041,1.2024,-0.5643,0.0894,0.0942,0.0834
VSC,2017-04-07,8.4,8.46,8.22,8.4,96510,8.31,8.3,8.46,1.1061,1.2461,-0.6116,0.0584,0.0454,0.0831
VSC,2017-04-10,8.42,8.48,8.33,8.4,128570,8.33,8.3,8.46,0.9143,1.2286,-0.6487,0.0,0.0,0.0691
VSC,2017-04-11,8.4,8.75,8.36,8.63,337310,8.37,8.31,8.47,3.1937,3.9433,1.9716,0.1151,0.1536,0.0769
VSC,2017-04-12,8.63,8.73,8.56,8.62,128490,8.41,8.31,8.47,2.459,3.6717,1.7674,-0.0521,-0.0559,0.0773
VSC,2017-04-13,8.63,8.69,8.55,8.55,66850,8.43,8.33,8.47,1.4319,2.6658,0.909,-0.0946,-0.1005,0.0686
VSC,2017-04-14,8.55,8.55,8.4,8.49,227870,8.44,8.34,8.47,0.6471,1.8351,0.2374,0.0501,0.0541,0.0721
VSC,2017-04-17,8.5,8.59,8.4,8.4,202390,8.45,8.35,8.47,-0.4933,0.6538,-0.7566,-0.2083,-0.217,0.0886
VSC,2017-04-18,8.33,8.48,8.33,8.48,108280,8.47,8.36,8.47,0.0847,1.3571,0.1085,0.1143,0.1124,0.0995
VSC,2017-04-19,8.48,8.55,8.42,8.48,64770,8.49,8.37,8.46,-0.1186,1.2093,0.1799,-0.0112,-0.0119,0.0794
VSC,2017-04-20,8.48,8.53,8.45,8.45,58090,8.49,8.39,8.45,-0.5077,0.6935,-0.0782,-0.1069,-0.1026,0.0811
VSC,2017-04-21,8.45,8.46,8.43,8.45,24950,8.49,8.4,8.45,-0.5581,0.5214,-0.0,-0.0,-0.0,0.0753
VSC,2017-04-24,8.42,8.43,8.38,8.4,71580,8.49,8.41,8.44,-1.0654,-0.0854,-0.4323,0.0,0.0,0.0753
VSC,2017-04-25,8.4,8.53,8.4,8.42,99330,8.47,8.42,8.43,-0.6443,-0.0171,-0.1704,-0.0946,-0.1152,0.0732
VSC,2017-04-26,8.4,8.42,8.27,8.33,166720,8.44,8.43,8.43,-1.327,-1.142,-1.1083,-0.049,-0.0476,0.0729
VSC,2017-04-27,8.3,8.33,8.27,8.27,101680,8.42,8.42,8.42,-1.6897,-1.7484,-1.6997,-0.1361,-0.1133,0.0771
VSC,2017-04-28,8.26,8.3,8.19,8.27,99340,8.4,8.42,8.41,-1.4373,-1.6729,-1.6359,0.0562,0.049,0.0777
VSC,2017-05-03,8.27,8.27,8.16,8.19,135970,8.37,8.41,8.4,-2.2131,-2.6307,-2.5608,-0.0731,-0.072,0.0641
VSC,2017-05-04,8.16,8.17,8.07,8.1,125050,8.34,8.4,8.39,-2.8089,-3.5733,-3.4346,-0.0477,-0.0438,0.0575
VSC,2017-05-05,8.16,8.19,8.09,8.12,67070,8.3,8.39,8.38,-2.2154,-3.2949,-3.1175,-0.0274,-0.0269,0.0591
VSC,2017-05-08,8.12,8.25,8.12,8.19,38910,8.27,8.38,8.37,-1.0417,-2.3137,-2.1359,0.0037,0.0035,0.0488
VSC,2017-05-09,8.19,8.19,8.16,8.19,53160,8.25,8.37,8.36,-0.7315,-2.1879,-2.035,0.0548,0.0568,0.0543
VSC,2017-05-10,8.19,8.26,8.17,8.26,90640,8.23,8.36,8.35,0.314,-1.2452,-1.0838,0.0799,0.0841,0.0622
VSC,2017-05-11,8.3,8.32,8.2,8.25,129490,8.22,8.34,8.35,0.3497,-1.1877,-1.1912,-0.0348,-0.0295,0.0563
VSC,2017-05-12,8.3,8.3,8.22,8.25,125230,8.21,8.33,8.34,0.4551,-0.9661,-1.1231,-0.0448,-0.0411,0.0558
VSC,2017-05-15,8.26,8.26,8.22,8.26,92290,8.21,8.31,8.34,0.6476,-0.6222,-0.9167,0.0791,0.085,0.0501
VSC,2017-05-16,8.26,8.26,8.25,8.25,40780,8.2,8.3,8.33,0.5079,-0.649,-1.0583,-0.0259,-0.0253,0.0471
VSC,2017-05-17,8.25,8.25,8.2,8.23,28320,8.21,8.29,8.33,0.28,-0.719,-1.1933,0.0082,0.0076,0.0406
VSC,2017-05-18,8.2,8.2,8.16,8.17,141520,8.22,8.28,8.33,-0.5071,-1.2324,-1.8458,-0.0431,-0.042,0.0402
VSC,2017-05-19,8.17,8.17,8.12,8.12,75680,8.22,8.26,8.32,-1.2066,-1.7136,-2.4854,-0.064,-0.0528,0.0438
VSC,2017-05-22,8.2,8.2,8.12,8.12,105660,8.21,8.24,8.32,-1.1201,-1.5165,-2.4012,-0.0832,-0.0625,0.0518
VSC,2017-05-23,8.15,8.15,8.09,8.13,77990,8.2,8.23,8.31,-0.8757,-1.1526,-2.1472,0.0274,0.0271,0.049
VSC,2017-05-24,8.12,8.25,8.12,8.19,61610,8.2,8.21,8.31,-0.0877,-0.3235,-1.4114,0.0078,0.0059,0.0418
VSC,2017-05-25,8.22,8.25,8.16,8.16,25600,8.19,8.2,8.3,-0.3334,-0.5167,-1.6655,-0.0303,-0.0225,0.0414
VSC,2017-05-26,8.25,8.25,8.13,8.16,54790,8.18,8.19,8.29,-0.2284,-0.412,-1.5939,-0.034,-0.0231,0.0403
VSC,2017-05-29,8.2,8.2,8.13,8.16,114220,8.17,8.19,8.29,-0.1055,-0.3421,-1.5564,-0.0164,-0.0154,0.034
VSC,2017-05-30,8.17,8.32,8.13,8.23,104200,8.17,8.19,8.29,0.7916,0.5616,-0.6829,0.0048,0.0046,0.0319
VSC,2017-05-31,8.27,8.27,8.16,8.16,41090,8.16,8.18,8.29,0.0,-0.2984,-1.5496,-0.0389,-0.0313,0.035
VSC,2017-06-01,8.16,8.2,8.15,8.16,34130,8.16,8.19,8.29,0.0176,-0.3334,-1.5359,-0.0265,-0.0196,0.0333
VSC,2017-06-02,8.25,8.25,8.15,8.16,36550,8.16,8.19,8.29,-0.0352,-0.3596,-1.5189,-0.0336,-0.0264,0.0303
VSC,2017-06-05,8.16,8.17,8.16,8.17,58540,8.17,8.19,8.29,0.0704,-0.1754,-1.3488,0.0773,0.0638,0.0297
VSC,2017-06-06,8.17,8.17,8.15,8.15,36580,8.17,8.19,8.29,-0.2989,-0.5001,-1.6922,-0.0377,-0.028,0.0307
VSC,2017-06-07,8.19,8.32,8.15,8.26,173320,8.18,8.19,8.29,1.019,0.9037,-0.3086,0.0545,0.048,0.0354
VSC,2017-06-08,8.26,8.69,8.26,8.62,309270,8.22,8.2,8.29,4.8218,5.0512,3.9321,0.2768,0.2579,0.06
VSC,2017-06-09,8.62,8.63,8.55,8.56,133380,8.26,8.22,8.3,3.6162,4.1503,3.1392,-0.1165,-0.1046,0.0683
VSC,2017-06-12,8.56,8.91,8.56,8.79,243020,8.33,8.25,8.31,5.5901,6.6017,5.8092,0.1012,0.0936,0.0768
VSC,2017-06-13,8.81,8.82,8.66,8.78,99140,8.38,8.27,8.32,4.7309,6.0856,5.5413,0.0554,0.05,0.0818
VSC,2017-06-14,8.76,8.81,8.73,8.76,88210,8.44,8.3,8.33,3.8122,5.5729,5.2523,-0.0187,-0.0169,0.0798
VSC,2017-06-15,8.76,8.76,8.63,8.76,84670,8.5,8.33,8.34,3.0754,5.1997,5.1217,0.1088,0.1063,0.0881
VSC,2017-06-16,8.76,8.76,8.66,8.66,126830,8.55,8.36,8.34,1.2935,3.6528,3.8259,-0.1223,-0.0781,0.0969
VSC,2017-06-19,8.69,8.88,8.69,8.88,194330,8.62,8.4,8.35,2.9657,5.7495,6.2878,0.1734,0.1551,0.1065
VSC,2017-06-20,8.85,9.12,8.85,9.09,308100,8.72,8.44,8.37,4.3177,7.6988,8.6881,0.2715,0.2075,0.1299
VSC,2017-06-21,9.05,9.19,9.01,9.12,311630,8.8,8.49,8.38,3.6227,7.445,8.8446,0.0792,0.0673,0.1324
VSC,2017-06-22,9.12,9.37,9.12,9.24,410890,8.86,8.54,8.39,4.197,8.1127,10.0575,-0.0218,-0.0203,0.1069
VSC,2017-06-23,9.22,9.25,9.12,9.25,120840,8.93,8.6,8.41,3.5536,7.5933,10.0628,0.1266,0.1167,0.1079
VSC,2017-06-26,9.19,9.21,8.98,8.98,236840,8.95,8.64,8.41,0.2888,3.9242,6.7063,-0.2826,-0.2369,0.126
VSC,2017-06-27,8.98,9.17,8.94,8.98,224530,8.97,8.68,8.42,0.064,3.4768,6.5826,-0.1299,-0.117,0.1335
VSC,2017-06-28,8.99,9.19,8.94,9.15,128060,9.01,8.73,8.44,1.5464,4.8646,8.4367,0.1129,0.1086,0.1429
VSC,2017-06-29,9.19,9.24,9.12,9.21,143990,9.06,8.78,8.45,1.6815,4.8928,8.9284,0.0964,0.0931,0.1416
VSC,2017-06-30,9.27,9.34,9.05,9.08,176400,9.1,8.82,8.47,-0.2052,2.8813,7.2459,-0.166,-0.1254,0.146
VSC,2017-07-03,9.06,9.18,8.98,9.05,96830,9.11,8.87,8.48,-0.7092,2.0491,6.7544,-0.0351,-0.0306,0.1322
VSC,2017-07-04,8.99,9.05,8.91,8.95,129920,9.1,8.91,8.49,-1.6574,0.4596,5.4431,-0.075,-0.0664,0.1125
VSC,2017-07-05,8.91,9.02,8.89,8.94,165800,9.08,8.94,8.5,-1.6134,-0.0804,5.1421,-0.0603,-0.0637,0.1106
VSC,2017-07-06,8.94,9.12,8.88,8.88,103520,9.05,8.96,8.51,-1.858,-0.8662,4.3531,-0.0876,-0.0899,0.1172
VSC,2017-07-07,8.85,8.91,8.81,8.81,141220,9.0,8.97,8.52,-2.1705,-1.8022,3.3936,-0.0918,-0.0944,0.1138
VSC,2017-07-10,8.78,8.81,8.62,8.76,97630,8.98,8.97,8.53,-2.4156,-2.267,2.7698,0.0498,0.0475,0.0905
VSC,2017-07-11,8.76,8.76,8.62,8.68,81380,8.95,8.96,8.53,-3.0498,-3.1741,1.6629,-0.0183,-0.014,0.0793
VSC,2017-07-12,8.69,8.75,8.59,8.62,108130,8.9,8.95,8.54,-3.1164,-3.7382,0.8878,-0.0788,-0.0543,0.0759
VSC,2017-07-13,8.62,8.82,8.6,8.62,220250,8.84,8.95,8.55,-2.4707,-3.6609,0.7658,-0.2601,-0.2006,0.0923
VSC,2017-07-14,8.62,8.72,8.52,8.62,76850,8.79,8.94,8.56,-1.9608,-3.6377,0.6475,-0.0,-0.0,0.0757
VSC,2017-07-17,8.73,8.73,8.52,8.59,65070,8.75,8.93,8.57,-1.774,-3.8044,0.2179,-0.0199,-0.0191,0.0742
VSC,2017-07-18,8.5,8.58,8.45,8.48,89770,8.7,8.9,8.58,-2.5599,-4.762,-1.1891,-0.0642,-0.0533,0.0731
VSC,2017-07-19,8.53,8.53,8.38,8.39,123810,8.64,8.86,8.58,-2.9417,-5.3408,-2.2234,-0.1331,-0.1017,0.0804
VSC,2017-07-20,8.39,8.39,8.26,8.33,155230,8.59,8.82,8.58,-2.9938,-5.5067,-2.9126,0.0205,0.0175,0.0736
VSC,2017-07-21,8.32,8.38,8.26,8.29,85010,8.54,8.77,8.58,-2.911,-5.4796,-3.4245,-0.0452,-0.0374,0.069
VSC,2017-07-24,8.3,8.32,8.19,8.26,185330,8.49,8.73,8.58,-2.6743,-5.4199,-3.7593,0.0361,0.0272,0.0676
VSC,2017-07-25,8.23,8.33,8.22,8.29,45760,8.45,8.7,8.58,-1.8874,-4.7147,-3.4342,0.0147,0.0119,0.0672
VSC,2017-07-26,8.55,8.55,8.26,8.26,76450,8.41,8.65,8.58,-1.8101,-4.5564,-3.7754,-0.1005,-0.0759,0.0694
VSC,2017-07-27,8.2,8.22,8.04,8.07,249940,8.36,8.6,8.58,-3.4032,-6.0986,-5.9288,-0.2612,-0.2004,0.0695
VSC,2017-07-28,8.13,8.22,8.07,8.2,153350,8.32,8.55,8.58,-1.3646,-4.1061,-4.4415,0.1616,0.1344,0.0857
VSC,2017-07-31,8.25,8.25,8.16,8.19,27250,8.28,8.51,8.59,-1.0589,-3.7894,-4.6249,-0.0076,-0.0056,0.0845
VSC,2017-08-01,8.19,8.19,8.1,8.12,97230,8.24,8.47,8.59,-1.4994,-4.1642,-5.4584,-0.0644,-0.0511,0.0845
VSC,2017-08-02,8.03,8.1,8.0,8.03,74050,8.2,8.42,8.58,-2.1187,-4.6726,-6.4279,-0.0391,-0.0279,0.0751
VSC,2017-08-03,8.03,8.16,8.0,8.03,93280,8.17,8.38,8.58,-1.7575,-4.1906,-6.3997,-0.0758,-0.0599,0.0806
VSC,2017-08-04,8.17,8.17,8.04,8.1,122600,8.16,8.35,8.58,-0.6517,-2.926,-5.5498,-0.0152,-0.013,0.0776
VSC,2017-08-07,8.1,8.16,8.07,8.1,113260,8.14,8.31,8.58,-0.4589,-2.5402,-5.5371,-0.042,-0.0331,0.0782
VSC,2017-08-08,8.09,8.16,8.09,8.1,81970,8.12,8.28,8.57,-0.23,-2.2022,-5.5086,-0.0474,-0.0408,0.0815
VSC,2017-08-09,8.09,8.1,8.02,8.02,122280,8.1,8.25,8.57,-0.9936,-2.8889,-6.4825,-0.0941,-0.0859,0.0808
VSC,2017-08-10,8.12,8.12,7.96,8.04,25690,8.09,8.23,8.57,-0.6034,-2.2005,-6.1221,0.0031,0.0027,0.055
VSC,2017-08-11,8.04,8.13,8.0,8.04,56280,8.08,8.2,8.57,-0.409,-1.8577,-6.097,-0.0223,-0.0174,0.0411
VSC,2017-08-14,8.12,8.12,8.02,8.03,86280,8.06,8.17,8.56,-0.392,-1.697,-6.2332,-0.0643,-0.0554,0.0467
VSC,2017-08-15,8.03,8.04,8.02,8.04,16640,8.05,8.15,8.56,-0.1248,-1.2607,-6.0434,0.0233,0.0193,0.0426
VSC,2017-08-16,8.04,8.04,8.0,8.02,27090,8.05,8.13,8.56,-0.4638,-1.3872,-6.3255,-0.0123,-0.0092,0.04
VSC,2017-08-17,7.99,8.0,7.97,7.99,34970,8.05,8.11,8.54,-0.7675,-1.532,-6.5233,-0.0,-0.0,0.0324
VSC,2017-08-18,7.96,7.99,7.93,7.93,40430,8.03,8.09,8.53,-1.2699,-2.0235,-7.0582,-0.0592,-0.0465,0.0368
VSC,2017-08-21,7.99,8.0,7.9,7.9,28500,8.01,8.08,8.51,-1.3807,-2.1614,-7.2012,-0.0386,-0.0329,0.0364
VSC,2017-08-22,7.9,7.96,7.87,7.93,36380,7.99,8.06,8.5,-0.8087,-1.5868,-6.678,0.0194,0.0173,0.0336
VSC,2017-08-23,7.87,7.97,7.87,7.92,20940,7.98,8.04,8.48,-0.8636,-1.5544,-6.6608,-0.0061,-0.0047,0.0248
VSC,2017-08-24,7.89,7.96,7.87,7.9,14830,7.97,8.03,8.46,-0.8652,-1.6276,-6.6404,-0.0074,-0.006,0.0253
VSC,2017-08-25,7.9,8.19,7.87,8.16,64080,7.98,8.03,8.45,2.2318,1.6191,-3.4703,0.0674,0.0535,0.0298
VSC,2017-08-28,8.17,8.26,8.04,8.07,46860,7.99,8.02,8.44,1.0973,0.6177,-4.3078,-0.0355,-0.0306,0.0269
VSC,2017-08-29,7.99,8.15,7.94,7.99,43830,7.98,8.02,8.41,0.09,-0.3763,-5.0806,-0.0215,-0.0174,0.0267
VSC,2017-08-30,7.99,8.03,7.94,8.02,37720,7.98,8.02,8.39,0.4501,-0.0089,-4.488,0.0345,0.0269,0.029
VSC,2017-08-31,8.02,8.02,7.9,8.0,56100,7.98,8.02,8.37,0.252,-0.1703,-4.3777,0.0512,0.0397,0.0341
VSC,2017-09-01,7.97,8.0,7.87,7.87,89190,7.98,8.0,8.34,-1.2968,-1.6423,-5.6116,-0.1547,-0.112,0.0436
VSC,2017-09-05,7.87,7.96,7.84,7.84,17930,7.97,7.99,8.32,-1.5861,-1.8427,-5.6995,-0.0237,-0.0172,0.0421
VSC,2017-09-06,7.84,8.0,7.81,7.81,50550,7.96,7.98,8.29,-1.805,-2.0261,-5.7813,-0.0765,-0.0542,0.0479
VSC,2017-09-07,7.79,7.9,7.77,7.77,86040,7.94,7.96,8.27,-2.17,-2.417,-5.9883,-0.1296,-0.0877,0.0602
VSC,2017-09-08,7.76,7.77,7.6,7.61,122050,7.92,7.94,8.23,-3.8113,-4.1418,-7.5431,-0.1467,-0.1016,0.0741
VSC,2017-09-11,7.61,7.61,7.59,7.61,42590,7.86,7.92,8.21,-3.1433,-3.881,-7.2129,0.0499,0.0354,0.0724
VSC,2017-09-12,7.7,7.7,7.59,7.61,124630,7.81,7.9,8.18,-2.5735,-3.6276,-6.8869,-0.1013,-0.0566,0.079
VSC,2017-09-13,7.76,7.84,7.69,7.81,91920,7.8,7.89,8.15,0.2211,-0.9378,-4.1612,0.0846,0.056,0.0853
VSC,2017-09-14,7.83,7.9,7.63,7.9,230610,7.79,7.88,8.13,1.476,0.2278,-2.8578,0.3827,0.2223,0.1201
VSC,2017-09-15,7.9,7.9,7.76,7.9,32870,7.78,7.88,8.11,1.6072,0.2826,-2.6239,0.0418,0.0244,0.1192
VSC,2017-09-18,7.77,7.83,7.77,7.81,21720,7.77,7.87,8.09,0.5731,-0.739,-3.4502,0.0171,0.0102,0.1054
VSC,2017-09-19,7.86,8.04,7.83,7.9,110570,7.78,7.87,8.08,1.6072,0.3558,-2.177,-0.045,-0.034,0.1075
VSC,2017-09-20,7.9,8.26,7.9,8.09,445590,7.8,7.88,8.07,3.645,2.6248,0.2814,0.0229,0.0192,0.1022
VSC,2017-09-21,8.09,8.22,8.04,8.09,87420,7.83,7.89,8.05,3.227,2.5127,0.4137,-0.0634,-0.0442,0.0955
VSC,2017-09-22,8.09,8.17,8.0,8.06,129600,7.88,7.9,8.04,2.2789,2.0464,0.1964,-0.0512,-0.036,0.086
VSC,2017-09-25,8.19,8.26,8.09,8.09,211250,7.93,7.89,8.03,2.0297,2.4567,0.6867,-0.3006,-0.2259,0.1111
VSC,2017-09-26,8.19,8.19,7.87,7.9,452480,7.96,7.89,8.02,-0.6862,0.2004,-1.469,-0.4416,-0.3217,0.1451
VSC,2017-09-27,7.9,7.92,7.76,7.92,156020,7.97,7.88,8.01,-0.6311,0.4284,-1.1517,0.1922,0.1362,0.1558
VSC,2017-09-28,8.02,8.04,7.92,7.94,58860,7.97,7.88,8.0,-0.3244,0.8388,-0.6824,-0.0374,-0.0289,0.1213
VSC,2017-09-29,7.94,8.15,7.92,8.1,109220,7.99,7.88,7.99,1.4024,2.7791,1.3514,0.0935,0.0675,0.1265
VSC,2017-10-02,8.04,8.17,7.9,8.04,69140,8.01,7.89,7.99,0.3945,1.9387,0.6941,0.0071,0.0051,0.1255
VSC,2017-10-03,7.93,8.04,7.89,7.9,57580,8.01,7.89,7.98,-1.3984,0.0819,-1.0151,-0.1103,-0.0641,0.132
VSC,2017-10-04,8.02,8.02,7.79,7.83,201340,7.99,7.9,7.97,-1.9785,-0.837,-1.8018,-0.2037,-0.1485,0.1501
VSC,2017-10-05,7.83,8.0,7.76,7.83,41170,7.96,7.9,7.96,-1.6601,-0.8731,-1.6956,-0.0196,-0.0139,0.1457
VSC,2017-10-06,7.83,7.9,7.8,7.9,82960,7.95,7.91,7.96,-0.5605,-0.1453,-0.7507,0.182,0.1193,0.1588
VSC,2017-10-09,7.9,7.9,7.76,7.84,139430,7.92,7.92,7.95,-0.9793,-1.0152,-1.3835,0.0469,0.0398,0.1334
VSC,2017-10-10,7.86,7.87,7.77,7.8,383160,7.91,7.93,7.95,-1.3982,-1.675,-1.8296,-0.2601,-0.1743,0.1153
VSC,2017-10-11,7.8,7.87,7.77,7.8,227690,7.9,7.93,7.94,-1.2548,-1.6661,-1.7515,-0.145,-0.1083,0.1106
VSC,2017-10-12,7.8,7.89,7.76,7.8,282660,7.89,7.93,7.93,-1.0749,-1.6037,-1.6946,-0.1192,-0.0785,0.1187
VSC,2017-10-13,7.8,7.9,7.8,7.86,92740,7.86,7.93,7.93,-0.0366,-0.852,-0.9274,0.0183,0.0128,0.1112
VSC,2017-10-16,7.83,7.83,7.73,7.83,239530,7.84,7.93,7.93,-0.1283,-1.2234,-1.2216,0.3609,0.2016,0.1466
VSC,2017-10-17,7.81,7.99,7.73,7.73,390290,7.82,7.92,7.92,-1.1938,-2.386,-2.3984,-0.3871,-0.2799,0.1743
VSC,2017-10-18,7.73,7.8,7.59,7.61,281660,7.8,7.89,7.91,-2.3941,-3.5487,-3.7309,-0.1914,-0.1316,0.1731
VSC,2017-10-19,7.59,7.64,7.43,7.43,259660,7.76,7.86,7.9,-4.2947,-5.519,-5.9521,-0.3372,-0.2132,0.2048
VSC,2017-10-20,7.43,7.57,7.31,7.33,303980,7.7,7.82,7.88,-4.8862,-6.3619,-7.0564,-0.347,-0.2193,0.2213
VSC,2017-10-23,7.33,7.43,7.24,7.31,221550,7.65,7.79,7.87,-4.4132,-6.0799,-7.0659,-0.0572,-0.0399,0.2223
VSC,2017-10-24,7.31,7.51,7.2,7.51,134230,7.62,7.77,7.86,-1.4138,-3.2556,-4.3841,0.241,0.1687,0.2204
VSC,2017-10-25,7.6,7.6,7.3,7.34,94550,7.57,7.74,7.84,-3.0913,-5.1244,-6.4103,-0.0988,-0.0671,0.2158
VSC,2017-10-26,7.34,7.44,7.18,7.25,85850,7.52,7.7,7.83,-3.5339,-5.8187,-7.3292,-0.0582,-0.0363,0.2097
VSC,2017-10-27,7.25,7.34,7.18,7.21,34590,7.46,7.66,7.81,-3.2756,-5.8338,-7.6969,-0.0323,-0.0176,0.2111
VSC,2017-10-30,7.34,7.34,7.11,7.21,72820,7.39,7.62,7.8,-2.4675,-5.3188,-7.5268,-0.0093,-0.0057,0.1759
VSC,2017-10-31,7.33,7.33,7.04,7.15,74200,7.34,7.58,7.78,-2.4868,-5.6103,-8.0876,-0.0178,-0.0126,0.139
VSC,2017-11-01,7.18,7.24,6.75,6.85,67030,7.26,7.53,7.76,-5.6192,-9.0041,-11.7189,-0.0487,-0.0348,0.1247
VSC,2017-11-02,6.95,6.95,6.61,6.62,158710,7.18,7.47,7.74,-7.763,-11.3461,-14.3949,-0.1667,-0.0953,0.1077
VSC,2017-11-03,6.65,7.04,6.65,7.04,308950,7.15,7.43,7.72,-1.5668,-5.2224,-8.8066,0.3144,0.2011,0.1044
VSC,2017-11-06,7.31,7.31,7.08,7.15,257630,7.14,7.39,7.7,0.2617,-3.2258,-7.0757,-0.1278,-0.0739,0.1115
VSC,2017-11-07,7.13,7.14,7.04,7.05,47700,7.09,7.35,7.68,-0.5978,-4.1945,-8.2303,-0.0692,-0.0441,0.0943
VSC,2017-11-08,6.92,6.94,6.85,6.94,102140,7.05,7.31,7.66,-1.5591,-5.1034,-9.3859,0.1029,0.0552,0.0947
VSC,2017-11-09,6.93,6.97,6.88,6.88,26740,7.01,7.27,7.63,-1.8543,-5.2938,-9.8692,-0.0368,-0.0214,0.0926
VSC,2017-11-10,6.88,7.0,6.88,6.9,184730,6.98,7.22,7.61,-1.1114,-4.3686,-9.326,-0.1387,-0.0513,0.1032
VSC,2017-11-13,6.9,7.01,6.82,6.93,183770,6.95,7.17,7.59,-0.2996,-3.3695,-8.7228,0.0294,0.0138,0.1053
VSC,2017-11-14,6.92,6.96,6.88,6.9,77690,6.93,7.13,7.57,-0.446,-3.3087,-8.9685,-0.0592,-0.027,0.1094
VSC,2017-11-15,6.84,6.9,6.75,6.8,113660,6.92,7.09,7.55,-1.7227,-4.0721,-9.9604,-0.0362,-0.0185,0.1082
VSC,2017-11-16,6.8,7.04,6.79,6.97,292330,6.96,7.07,7.54,0.1652,-1.4228,-7.5768,0.1173,0.0745,0.1032
VSC,2017-11-17,7.02,7.17,6.97,7.04,191920,6.96,7.05,7.53,1.1979,-0.2036,-6.4814,-0.0855,-0.0462,0.0803
VSC,2017-11-20,7.05,7.18,7.04,7.08,216550,6.95,7.04,7.52,1.9226,0.5711,-5.7758,-0.1145,-0.0541,0.079
VSC,2017-11-21,7.08,7.1,6.97,7.03,123320,6.95,7.02,7.5,1.2199,0.1995,-6.2997,-0.0,-0.0,0.0721
VSC,2017-11-22,7.02,7.03,6.91,7.0,61830,6.95,7.0,7.49,0.6198,-0.0667,-6.5743,0.0252,0.0129,0.0643
VSC,2017-11-23,6.94,7.11,6.94,7.06,83440,6.97,6.99,7.47,1.2881,0.9967,-5.4989,0.0415,0.0231,0.0648
VSC,2017-11-24,7.11,7.11,6.98,7.08,94380,6.99,6.98,7.46,1.336,1.3985,-5.0024,0.0501,0.0302,0.0559
VSC,2017-11-27,7.12,7.3,7.12,7.27,446320,7.02,6.99,7.44,3.5083,4.0296,-2.3542,0.2481,0.1745,0.0778
VSC,2017-11-28,7.33,7.44,7.3,7.33,503860,7.07,7.0,7.43,3.6902,4.7228,-1.4302,-0.1393,-0.0965,0.0858
VSC,2017-11-29,7.33,7.34,7.27,7.33,170300,7.12,7.02,7.42,2.9264,4.3692,-1.2278,0.0719,0.0505,0.0893
VSC,2017-11-30,7.33,7.4,7.33,7.34,255950,7.16,7.06,7.4,2.5898,4.0415,-0.8345,-0.124,-0.0714,0.09
VSC,2017-12-01,7.36,7.53,7.23,7.5,369510,7.2,7.08,7.39,4.1293,5.9361,1.4538,0.3281,0.1842,0.1143
VSC,2017-12-04,7.54,7.69,7.5,7.67,161130,7.26,7.1,7.38,5.6589,7.9769,3.9032,0.0955,0.0594,0.1124
VSC,2017-12-05,7.69,7.69,7.54,7.64,230680,7.32,7.13,7.38,4.3853,7.1231,3.5866,0.0473,0.0309,0.1171
VSC,2017-12-06,7.64,7.64,7.47,7.47,289520,7.37,7.16,7.37,1.3743,4.3181,1.3724,-0.2526,-0.1631,0.1398
VSC,2017-12-07,7.59,7.6,7.43,7.47,75150,7.41,7.19,7.36,0.8142,3.8909,1.503,-0.0416,-0.0234,0.1398
VSC,2017-12-08,7.47,7.54,7.38,7.38,164890,7.44,7.21,7.35,-0.753,2.3497,0.5281,-0.1752,-0.1145,0.1524
VSC,2017-12-11,7.51,7.6,7.37,7.37,354340,7.45,7.24,7.33,-1.0798,1.8413,0.5174,-0.328,-0.2066,0.1604
VSC,2017-12-12,7.37,7.51,7.15,7.18,358660,7.44,7.25,7.32,-3.4003,-0.9362,-1.8376,-0.2587,-0.1409,0.1723
VSC,2017-12-13,7.18,7.3,7.15,7.18,243110,7.42,7.27,7.3,-3.2133,-1.1956,-1.6639,-0.2014,-0.1221,0.1852
VSC,2017-12-14,7.21,7.24,7.2,7.21,203270,7.41,7.28,7.29,-2.6566,-0.9667,-1.1033,-0.0776,-0.0499,0.1806
VSC,2017-12-15,7.37,7.37,7.3,7.33,271460,7.39,7.3,7.28,-0.8746,0.4135,0.6314,-0.0428,-0.0239,0.1521
VSC,2017-12-18,7.44,7.44,7.37,7.4,327540,7.36,7.31,7.27,0.4683,1.1788,1.7425,-0.0601,-0.0376,0.1485
VSC,2017-12-19,7.4,7.43,7.3,7.33,341770,7.33,7.33,7.26,-0.0783,-0.0049,0.8862,-0.2392,-0.118,0.1677
VSC,2017-12-20,7.33,7.43,7.33,7.37,516040,7.32,7.35,7.25,0.6475,0.3276,1.6003,-0.0861,-0.0545,0.1511
VSC,2017-12-21,7.56,7.56,7.32,7.33,268770,7.31,7.36,7.24,0.2483,-0.4468,1.1303,-0.2187,-0.1271,0.1688
VSC,2017-12-22,7.34,7.35,7.3,7.33,157990,7.3,7.37,7.23,0.4293,-0.5054,1.3905,0.0757,0.0406,0.1588
VSC,2017-12-25,7.33,7.4,7.21,7.25,167650,7.29,7.37,7.22,-0.5363,-1.6094,0.4141,-0.139,-0.0782,0.1399
VSC,2017-12-26,7.22,7.24,6.99,7.01,241480,7.27,7.35,7.21,-3.6848,-4.7484,-2.8066,-0.2418,-0.1224,0.1382
VSC,2017-12-27,7.01,7.01,6.66,6.91,239310,7.25,7.33,7.19,-4.6794,-5.8212,-3.9871,0.118,0.0642,0.1299
VSC,2017-12-28,6.91,6.91,6.73,6.84,151210,7.21,7.31,7.18,-5.1015,-6.3989,-4.7462,0.0551,0.0271,0.1276
VSC,2017-12-29,6.86,7.24,6.82,7.07,215710,7.18,7.29,7.18,-1.559,-2.9649,-1.4706,0.0414,0.0228,0.1275
VSC,2018-01-02,6.91,7.07,6.85,6.85,206190,7.13,7.25,7.17,-3.9148,-5.478,-4.4405,-0.1537,-0.0867,0.1369
VSC,2018-01-03,6.89,7.01,6.86,6.9,149980,7.09,7.21,7.15,-2.6379,-4.3058,-3.5868,-0.0522,-0.0266,0.1182
VSC,2018-01-04,6.97,7.03,6.91,7.02,183560,7.05,7.19,7.15,-0.4082,-2.291,-1.7755,0.1403,0.0711,0.1236
VSC,2018-01-05,7.02,7.05,6.91,6.96,211690,7.01,7.16,7.14,-0.715,-2.7495,-2.5013,-0.0231,-0.0146,0.104
VSC,2018-01-08,6.94,7.1,6.87,7.07,394170,6.99,7.15,7.14,1.1883,-1.0407,-0.966,0.1466,0.0825,0.1111
VSC,2018-01-09,7.09,7.38,7.09,7.28,341820,6.99,7.14,7.14,4.1986,2.0117,2.0073,0.064,0.0379,0.1036
VSC,2018-01-10,7.27,7.28,7.19,7.19,168260,7.01,7.14,7.14,2.6272,0.737,0.7293,-0.0902,-0.0466,0.0885
VSC,2018-01-11,7.16,7.56,7.16,7.51,470580,7.07,7.16,7.16,6.1751,4.874,4.9117,0.1907,0.1162,0.0957
VSC,2018-01-12,7.51,7.51,7.33,7.33,182680,7.12,7.16,7.17,3.0142,2.3742,2.2952,-0.0655,-0.0415,0.0968
VSC,2018-01-15,7.33,7.45,7.3,7.4,86110,7.15,7.17,7.18,3.4602,3.2395,3.1089,0.0188,0.0106,0.0945
VSC,2018-01-16,7.4,7.47,7.27,7.28,273860,7.2,7.16,7.18,1.234,1.7141,1.468,-0.1749,-0.1035,0.0966
VSC,2018-01-17,7.27,7.3,7.07,7.07,149890,7.21,7.15,7.18,-1.972,-1.0944,-1.5164,-0.0642,-0.0364,0.0978
VSC,2018-01-18,6.92,7.15,6.86,6.99,285810,7.21,7.13,7.18,-3.0677,-1.9834,-2.6752,-0.0133,-0.0069,0.0851
VSC,2018-01-19,6.91,7.07,6.91,6.92,130760,7.21,7.11,7.18,-3.9251,-2.6308,-3.6023,-0.0636,-0.0259,0.0892
VSC,2018-01-22,6.92,7.05,6.88,6.91,159710,7.19,7.09,7.18,-3.9342,-2.5692,-3.8324,-0.0771,-0.0347,0.0822
VSC,2018-01-23,6.91,6.91,6.91,6.91,0,7.15,7.07,7.18,-3.4261,-2.3313,-3.8258,0.0,0.0,0.0758
VSC,2018-01-24,6.91,6.91,6.91,6.91,0,7.12,7.07,7.18,-3.0359,-2.2631,-3.8287,0.0,0.0,0.0668
VSC,2018-01-25,6.84,6.86,6.66,6.68,393120,7.04,7.06,7.18,-5.0566,-5.2558,-6.8894,-0.13,-0.0573,0.0608
VSC,2018-01-26,6.69,6.99,6.63,6.87,140530,6.99,7.06,7.18,-1.728,-2.5982,-4.2304,0.0312,0.0149,0.0573
VSC,2018-01-29,6.87,7.05,6.82,6.82,165200,6.94,7.04,7.17,-1.6238,-3.1279,-4.8607,-0.0859,-0.0398,0.064
VSC,2018-01-30,6.82,6.82,6.66,6.72,243380,6.88,7.04,7.17,-2.3661,-4.556,-6.2554,-0.0354,-0.0167,0.0501
VSC,2018-01-31,6.72,6.82,6.63,6.64,151750,6.84,7.03,7.16,-2.8379,-5.4362,-7.1875,-0.0496,-0.0242,0.0486
VSC,2018-02-01,6.64,6.77,6.41,6.58,230450,6.8,7.0,7.15,-3.218,-6.0757,-7.9989,-0.0119,-0.0065,0.0485
VSC,2018-02-02,6.58,6.58,6.41,6.41,220270,6.75,6.98,7.14,-4.9244,-8.0622,-10.1362,-0.2037,-0.0826,0.0625
VSC,2018-02-05,6.25,6.28,6.08,6.08,339840,6.66,6.93,7.12,-8.687,-12.1557,-14.5054,-0.146,-0.0712,0.0694
VSC,2018-02-06,5.69,5.92,5.66,5.71,525750,6.54,6.85,7.09,-12.7922,-16.6667,-19.4663,-0.146,-0.0558,0.084
VSC,2018-02-07,6.02,6.02,5.67,5.72,252090,6.42,6.77,7.05,-10.9291,-15.5186,-18.8668,-0.1567,-0.0613,0.0996
VSC,2018-02-08,5.72,6.12,5.72,6.12,173610,6.37,6.7,7.03,-3.938,-8.7564,-12.973,0.1459,0.0824,0.1012
VSC,2018-02-09,6.0,6.08,5.76,5.77,396080,6.26,6.63,7.0,-7.7651,-12.8924,-17.5177,-0.2533,-0.1129,0.1234
VSC,2018-02-12,5.77,5.89,5.74,5.84,404430,6.16,6.55,6.96,-5.2196,-10.8488,-16.1797,0.1024,0.041,0.1251
VSC,2018-02-13,5.92,6.08,5.92,5.99,158040,6.09,6.48,6.93,-1.6483,-7.6728,-13.6367,-0.0251,-0.0107,0.1241
VSC,2018-02-21,6.13,6.23,6.08,6.23,138870,6.04,6.44,6.9,3.1011,-3.2423,-9.7104,0.1569,0.0669,0.1348
VSC,2018-02-22,6.23,6.23,6.08,6.12,147040,6.0,6.4,6.88,1.9737,-4.3824,-11.0292,-0.0876,-0.0389,0.1424
VSC,2018-02-23,6.12,6.21,6.12,6.15,226130,5.97,6.36,6.85,2.9735,-3.2843,-10.2062,-0.0432,-0.0179,0.1263
VSC,2018-02-26,6.23,6.35,6.17,6.22,371370,5.99,6.32,6.83,3.8461,-1.7161,-8.9351,-0.0932,-0.0417,0.121
VSC,2018-02-27,6.22,6.25,5.89,5.92,389650,6.01,6.28,6.8,-1.4508,-5.6603,-12.9015,-0.3139,-0.1258,0.1378
VSC,2018-02-28,5.92,6.17,5.92,6.13,175060,6.05,6.24,6.78,1.4138,-1.648,-9.4769,0.0993,0.0408,0.1321
VSC,2018-03-01,6.13,6.48,6.08,6.45,807730,6.08,6.22,6.76,6.0033,3.5599,-4.6585,0.4497,0.1982,0.1625
VSC,2018-03-02,6.38,6.82,6.33,6.79,513690,6.18,6.22,6.75,9.8404,9.1798,0.574,0.3104,0.1447,0.1682
VSC,2018-03-05,6.79,7.1,6.74,6.91,450710,6.29,6.22,6.74,9.8039,10.957,2.406,-0.018,-0.0087,0.1597
VSC,2018-03-06,6.87,6.89,6.73,6.87,269940,6.38,6.23,6.73,7.7597,10.2902,2.0772,0.124,0.0615,0.1696
VSC,2018-03-07,6.82,7.05,6.74,7.02,385430,6.46,6.25,6.73,8.7344,12.3241,4.3695,0.2504,0.1349,0.179
VSC,2018-03-08,7.02,7.24,6.92,7.2,344780,6.57,6.28,6.72,9.692,14.6447,7.1115,0.2701,0.1405,0.1972
VSC,2018-03-09,7.22,7.33,7.2,7.25,976860,6.68,6.32,6.72,8.6207,14.6646,7.8688,-0.2272,-0.1079,0.2156
VSC,2018-03-12,7.1,7.47,7.1,7.4,841840,6.79,6.39,6.72,8.9062,15.8004,10.0487,0.4182,0.1998,0.2481
VSC,2018-03-13,7.4,7.53,7.32,7.47,493090,6.95,6.48,6.73,7.4302,15.243,10.9563,0.13,0.067,0.2297
VSC,2018-03-14,7.46,7.51,7.28,7.28,293900,7.06,6.56,6.73,3.1192,11.1112,8.1781,-0.1878,-0.0901,0.2386
VSC,2018-03-15,7.28,7.28,7.05,7.12,250130,7.13,6.61,6.74,-0.1613,7.7785,5.6691,-0.0832,-0.0469,0.2019
VSC,2018-03-16,7.09,7.12,6.99,7.0,183830,7.15,6.67,6.74,-2.1727,4.9386,3.7905,-0.101,-0.0382,0.181
VSC,2018-03-19,6.93,7.1,6.91,6.97,137220,7.16,6.72,6.74,-2.6071,3.6865,3.455,-0.0368,-0.0193,0.1829
VSC,2018-03-20,6.97,7.01,6.58,6.82,167530,7.15,6.77,6.74,-4.6087,0.8566,1.2664,0.0228,0.01,0.1727
VSC,2018-03-21,6.82,6.82,6.59,6.59,288100,7.11,6.78,6.73,-7.2726,-2.8056,-2.0614,-0.2834,-0.1159,0.176
VSC,2018-03-22,6.59,6.73,6.59,6.61,137080,7.05,6.81,6.72,-6.2609,-2.9161,-1.6971,-0.0802,-0.0361,0.157
VSC,2018-03-23,6.45,6.58,6.38,6.5,429760,6.98,6.83,6.72,-6.8945,-4.8479,-3.274,0.0525,0.0246,0.1396
VSC,2018-03-26,6.56,6.71,6.5,6.53,256220,6.89,6.84,6.7,-5.2393,-4.5845,-2.6268,-0.1196,-0.0479,0.1097
VSC,2018-03-27,6.66,6.68,6.51,6.58,153830,6.8,6.87,6.69,-3.2765,-4.3234,-1.6837,-0.023,-0.0105,0.099
VSC,2018-03-28,6.58,6.58,6.41,6.41,144320,6.71,6.89,6.67,-4.4703,-6.9046,-3.9172,-0.1419,-0.0639,0.0944
VSC,2018-03-29,6.41,6.43,6.31,6.34,210860,6.64,6.88,6.65,-4.461,-7.9073,-4.6925,-0.1412,-0.0658,0.1002
VSC,2018-03-30,6.4,6.69,6.31,6.64,127250,6.6,6.88,6.64,0.6603,-3.3839,0.0892,0.1019,0.0472,0.1003
VSC,2018-04-02,6.73,6.73,6.41,6.44,95890,6.55,6.85,6.62,-1.6578,-6.0531,-2.7256,-0.0545,-0.0249,0.1021
VSC,2018-04-03,6.45,6.54,6.28,6.28,164440,6.49,6.82,6.6,-3.2421,-7.9351,-4.7975,-0.135,-0.0623,0.1133
VSC,2018-04-04,6.28,6.39,6.22,6.3,105100,6.46,6.79,6.58,-2.5446,-7.2022,-4.3242,-0.0036,-0.0015,0.0853
VSC,2018-04-05,6.33,6.53,6.3,6.41,98280,6.44,6.75,6.57,-0.4594,-4.9534,-2.4048,-0.0,-0.0,0.0773
VSC,2018-04-06,6.53,6.53,6.42,6.51,154160,6.44,6.71,6.56,1.0461,-2.9591,-0.7793,0.0763,0.0364,0.0797
VSC,2018-04-09,6.54,6.54,6.41,6.46,105610,6.44,6.66,6.55,0.3831,-3.0169,-1.3975,-0.0173,-0.0082,0.0695
VSC,2018-04-10,6.41,6.46,6.31,6.41,147540,6.42,6.61,6.54,-0.128,-2.9911,-2.0027,0.0395,0.0177,0.0711
VSC,2018-04-11,6.53,6.53,6.25,6.25,61870,6.4,6.56,6.53,-2.439,-4.732,-4.3231,-0.0319,-0.0142,0.0601
VSC,2018-04-12,6.23,6.37,6.15,6.35,80090,6.41,6.52,6.52,-0.9114,-2.6544,-2.712,0.0563,0.026,0.0516
VSC,2018-04-13,6.35,6.35,6.17,6.19,75560,6.36,6.48,6.51,-2.6629,-4.4599,-4.9075,-0.0447,-0.0204,0.0459
VSC,2018-04-16,6.17,6.19,6.06,6.08,87210,6.32,6.44,6.5,-3.9261,-5.5832,-6.4604,-0.0832,-0.037,0.0488
VSC,2018-04-17,6.08,6.17,6.07,6.15,60640,6.31,6.4,6.48,-2.5535,-3.9302,-5.1556,0.0406,0.0177,0.0393
VSC,2018-04-18,6.23,6.25,6.07,6.13,49940,6.29,6.38,6.47,-2.6779,-3.9639,-5.3848,-0.0148,-0.0066,0.0405
VSC,2018-04-19,6.1,6.1,5.92,5.92,83830,6.24,6.34,6.46,-5.2007,-6.6813,-8.3736,-0.0574,-0.021,0.0462
VSC,2018-04-20,5.92,6.08,5.84,5.86,97070,6.18,6.31,6.45,-5.1357,-7.1252,-9.1095,-0.0635,-0.0238,0.0449
VSC,2018-04-23,5.86,5.95,5.67,5.67,192650,6.1,6.27,6.44,-7.0082,-9.5083,-11.9292,-0.0988,-0.0448,0.0531
VSC,2018-04-24,5.6,5.68,5.57,5.61,144240,6.02,6.22,6.44,-6.856,-9.8599,-12.9236,-0.056,-0.0186,0.0547
VSC,2018-04-26,5.73,5.73,5.36,5.39,190670,5.93,6.17,6.43,-9.1162,-12.58,-16.1576,-0.0933,-0.037,0.0609
VSC,2018-04-27,5.43,5.76,5.34,5.72,349820,5.87,6.14,6.43,-2.5482,-6.7836,-10.9359,0.2416,0.1047,0.0794
VSC,2018-05-02,5.72,5.84,5.51,5.57,117800,5.81,6.09,6.42,-4.0611,-8.3969,-13.186,-0.0604,-0.0241,0.081
VSC,2018-05-03,5.64,5.64,5.39,5.46,237130,5.75,6.04,6.41,-5.0343,-9.5614,-14.8784,-0.0786,-0.0353,0.0805
VSC,2018-05-04,5.61,5.61,5.46,5.57,273710,5.69,6.0,6.41,-2.0514,-7.1106,-12.972,0.1669,0.0769,0.0931
VSC,2018-05-07,5.57,5.67,5.49,5.59,175250,5.64,5.97,6.39,-0.8313,-6.2845,-12.5403,0.0154,0.0062,0.0932
VSC,2018-05-08,5.74,5.74,5.64,5.73,62390,5.62,5.93,6.38,1.9212,-3.4581,-10.3115,0.0421,0.019,0.0916
VSC,2018-05-09,5.62,5.72,5.59,5.69,33610,5.6,5.89,6.38,1.6252,-3.3619,-10.7141,0.0291,0.0133,0.0882
VSC,2018-05-10,5.69,5.69,5.51,5.62,88370,5.6,5.85,6.36,0.5022,-3.8286,-11.6132,0.0211,0.0102,0.0804
VSC,2018-05-11,5.55,5.68,5.46,5.68,46730,5.6,5.81,6.36,1.287,-2.3437,-10.746,0.0482,0.0202,0.0797
VSC,2018-05-14,5.68,5.68,5.59,5.68,34020,5.63,5.78,6.35,0.7799,-1.8598,-10.6172,0.0515,0.0194,0.0755
VSC,2018-05-15,5.73,5.9,5.73,5.76,137140,5.64,5.75,6.34,2.2154,0.1131,-9.0868,-0.125,-0.0443,0.0638
VSC,2018-05-16,5.85,5.85,5.73,5.74,99960,5.65,5.73,6.32,1.6103,0.2086,-9.0533,-0.094,-0.0396,0.0672
VSC,2018-05-17,5.73,5.86,5.71,5.71,21640,5.68,5.71,6.29,0.5658,-0.0631,-9.2459,-0.0319,-0.012,0.0625
VSC,2018-05-18,5.68,5.81,5.52,5.56,188520,5.68,5.68,6.26,-2.0897,-2.2246,-11.2983,-0.1982,-0.0701,0.0656
VSC,2018-05-21,5.59,5.59,5.42,5.42,189650,5.66,5.65,6.23,-4.1917,-4.015,-13.0175,-0.2116,-0.0868,0.0853
VSC,2018-05-22,5.4,5.4,5.08,5.08,328370,5.59,5.61,6.19,-9.146,-9.3421,-17.8954,-0.3361,-0.1477,0.1147
VSC,2018-05-23,5.0,5.24,4.95,5.24,163680,5.55,5.58,6.15,-5.6489,-6.0971,-14.8776,0.1579,0.054,0.1275
VSC,2018-05-24,5.22,5.22,5.1,5.1,65270,5.5,5.55,6.1,-7.2134,-8.0553,-16.4565,-0.0989,-0.0346,0.1353
VSC,2018-05-25,5.18,5.22,4.91,4.91,148520,5.42,5.51,6.05,-9.3466,-10.8575,-18.8307,-0.1346,-0.051,0.144
VSC,2018-05-28,4.83,5.03,4.83,4.85,228210,5.34,5.48,6.0,-9.2063,-11.6476,-19.2999,-0.1016,-0.0421,0.149
VSC,2018-05-29,4.91,5.13,4.88,5.08,65590,5.27,5.45,5.96,-3.537,-6.7789,-14.7711,0.0304,0.0135,0.1395
VSC,2018-05-30,5.1,5.13,4.98,5.08,32370,5.2,5.43,5.93,-2.3119,-6.3565,-14.2204,0.0162,0.0055,0.1317
VSC,2018-05-31,5.08,5.39,5.01,5.29,204290,5.16,5.42,5.89,2.4295,-2.4548,-10.2785,0.0875,0.0317,0.1373
VSC,2018-06-01,5.38,5.38,5.18,5.24,61830,5.13,5.4,5.86,2.0813,-3.0893,-10.6593,-0.0354,-0.0124,0.121
VSC,2018-06-04,5.24,5.54,5.24,5.52,153190,5.14,5.4,5.84,7.4844,2.3066,-5.3982,0.1079,0.0476,0.1106
VSC,2018-06-05,5.57,5.59,5.42,5.52,92650,5.18,5.39,5.82,6.5708,2.4996,-5.0445,0.0186,0.0091,0.0789
VSC,2018-06-06,5.52,5.86,5.39,5.86,312770,5.25,5.4,5.8,11.7571,8.6171,1.0009,0.3011,0.1348,0.0932
VSC,2018-06-07,5.85,5.93,5.7,5.9,164640,5.32,5.41,5.79,10.7223,8.9714,1.8066,0.1256,0.057,0.0959
VSC,2018-06-08,5.9,5.98,5.79,5.98,231130,5.43,5.43,5.78,10.1061,10.2264,3.4827,0.2701,0.1282,0.1094
VSC,2018-06-11,5.86,6.23,5.76,6.18,347640,5.57,5.45,5.77,11.111,13.442,7.0854,0.3407,0.1617,0.1333
VSC,2018-06-12,6.0,6.18,5.85,6.02,236810,5.66,5.46,5.77,6.4211,10.224,4.4126,0.008,0.0033,0.1311
VSC,2018-06-13,5.93,6.2,5.93,6.19,184250,5.77,5.49,5.76,7.3105,12.8608,7.5178,0.3557,0.1328,0.1651
VSC,2018-06-14,6.22,6.34,6.19,6.3,256860,5.87,5.52,5.76,7.3284,14.2506,9.4815,0.1519,0.072,0.1715
VSC,2018-06-15,6.27,6.34,6.07,6.15,161970,5.96,5.55,5.75,3.125,10.8905,6.8816,-0.0606,-0.0242,0.174
VSC,2018-06-18,6.05,6.13,5.8,5.93,97870,6.0,5.57,5.75,-1.2415,6.4315,3.1859,-0.0203,-0.0099,0.1653
VSC,2018-06-19,5.78,5.81,5.53,5.59,376500,6.01,5.6,5.73,-6.9898,-0.1059,-2.4311,-0.1936,-0.084,0.1828
VSC,2018-06-20,5.59,5.84,5.59,5.76,83630,6.0,5.62,5.72,-4.009,2.4405,0.7899,0.0392,0.0164,0.1566
VSC,2018-06-21,5.76,5.9,5.71,5.79,88070,5.99,5.66,5.7,-3.4083,2.2684,1.4748,-0.0285,-0.013,0.1469
VSC,2018-06-22,5.71,6.0,5.71,5.98,161190,5.99,5.71,5.69,-0.1555,4.7245,5.0514,0.1684,0.0725,0.1367
VSC,2018-06-25,6.03,6.1,5.93,5.93,44290,5.96,5.77,5.69,-0.5823,2.858,4.2754,-0.0817,-0.0381,0.1108
VSC,2018-06-26,5.84,6.07,5.84,6.01,114940,5.96,5.81,5.68,0.8522,3.491,5.8891,0.1265,0.0617,0.1226
VSC,2018-06-27,6.01,6.13,5.86,6.01,316730,5.95,5.86,5.68,1.154,2.6679,5.955,0.0512,0.0241,0.0922
VSC,2018-06-28,5.93,6.01,5.76,5.85,82040,5.9,5.89,5.67,-0.9332,-0.698,3.0543,-0.032,-0.016,0.0802
VSC,2018-06-29,5.72,6.01,5.72,5.9,185870,5.88,5.92,5.67,0.4902,-0.2575,4.1901,0.0684,0.0295,0.081
VSC,2018-07-02,5.85,5.85,5.52,5.69,67250,5.85,5.93,5.66,-2.7215,-3.9726,0.6066,0.0044,0.0022,0.0794
VSC,2018-07-03,5.74,5.85,5.56,5.59,127600,5.85,5.93,5.65,-4.4585,-5.7412,-1.0748,-0.066,-0.0337,0.0666
VSC,2018-07-04,5.59,5.76,5.57,5.57,128410,5.83,5.92,5.65,-4.4439,-5.7982,-1.274,-0.1593,-0.0702,0.0786
VSC,2018-07-05,5.71,5.71,5.42,5.42,31230,5.8,5.89,5.64,-6.4738,-8.0064,-3.889,-0.0355,-0.0166,0.0793
VSC,2018-07-06,5.51,5.61,5.39,5.59,35000,5.76,5.87,5.64,-2.8983,-4.8168,-0.8796,0.0233,0.0123,0.0648
VSC,2018-07-09,5.68,5.71,5.51,5.51,47100,5.72,5.84,5.64,-3.6608,-5.715,-2.4204,-0.06,-0.0313,0.0627
VSC,2018-07-10,5.51,5.68,5.42,5.5,122830,5.66,5.81,5.64,-2.9316,-5.435,-2.493,-0.0842,-0.0376,0.0584
VSC,2018-07-11,5.42,5.59,5.25,5.39,125750,5.6,5.77,5.63,-3.8113,-6.6833,-4.3826,-0.028,-0.0154,0.0561
VSC,2018-07-12,5.42,5.51,5.29,5.3,113850,5.55,5.72,5.63,-4.3983,-7.3485,-5.8337,-0.2053,-0.1066,0.0734
VSC,2018-07-13,5.46,5.47,5.26,5.47,19210,5.5,5.69,5.63,-0.5695,-3.819,-2.7899,0.0281,0.0151,0.0694
VSC,2018-07-16,5.51,5.51,5.39,5.42,53890,5.48,5.66,5.63,-1.0055,-4.2848,-3.6349,-0.0408,-0.0209,0.073
VSC,2018-07-17,5.4,5.51,5.39,5.47,58800,5.46,5.66,5.62,0.1395,-3.2862,-2.6434,0.0247,0.0122,0.0689
VSC,2018-07-18,5.51,5.85,5.51,5.75,79030,5.48,5.66,5.62,4.9135,1.662,2.3084,0.0249,0.0122,0.0555
VSC,2018-07-19,5.79,5.79,5.62,5.79,84900,5.52,5.66,5.63,4.9723,2.4028,2.9996,0.0861,0.0429,0.0605
VSC,2018-07-20,5.73,5.76,5.64,5.73,27160,5.53,5.65,5.63,3.4905,1.4329,1.7765,0.0111,0.0056,0.0593
VSC,2018-07-23,5.59,5.85,5.59,5.68,61000,5.55,5.63,5.63,2.3959,0.9023,1.0208,-0.0067,-0.0065,0.054
VSC,2018-07-24,5.76,5.85,5.69,5.79,88040,5.58,5.62,5.63,3.8251,3.0586,2.9655,0.0302,0.0188,0.0486
VSC,2018-07-25,5.83,5.83,5.69,5.79,53120,5.62,5.61,5.63,3.0741,3.2608,2.9469,0.0287,0.0166,0.0487
VSC,2018-07-26,5.78,5.85,5.72,5.83,74600,5.67,5.61,5.63,2.7173,3.8805,3.5054,0.0516,0.0278,0.0333
VSC,2018-07-27,5.83,6.05,5.78,6.01,145150,5.73,5.62,5.64,4.9985,7.0971,6.6418,0.131,0.0722,0.0436
VSC,2018-07-30,6.17,6.43,6.17,6.43,406020,5.83,5.65,5.66,10.3038,13.742,13.5956,0.407,0.216,0.0802
VSC,2018-07-31,6.61,6.64,6.49,6.53,231540,5.93,5.7,5.69,10.0486,14.5872,14.8039,-0.1159,-0.0709,0.0893
VSC,2018-08-01,6.44,6.68,6.44,6.51,199290,6.01,5.75,5.71,8.2453,13.216,13.8487,-0.0903,-0.0587,0.0959
VSC,2018-08-02,6.44,6.57,6.44,6.52,176610,6.08,5.8,5.74,7.2274,12.4334,13.5794,0.0455,0.024,0.0918
VSC,2018-08-03,6.57,6.78,6.54,6.61,346510,6.17,5.85,5.78,7.0693,12.9044,14.3796,-0.1511,-0.0823,0.1058
VSC,2018-08-06,6.57,6.66,6.54,6.66,57530,6.27,5.91,5.81,6.2163,12.664,14.5406,0.0781,0.0465,0.1129
VSC,2018-08-07,6.66,6.66,6.54,6.54,97480,6.34,5.96,5.84,3.0983,9.6903,11.9392,-0.1295,-0.0587,0.1229
VSC,2018-08-08,6.49,6.83,6.49,6.83,278570,6.45,6.03,5.88,5.9133,13.1546,16.1752,0.2666,0.1574,0.1467
VSC,2018-08-09,6.91,7.15,6.83,6.83,143590,6.55,6.11,5.91,4.2961,11.7427,15.5689,-0.1427,-0.0729,0.1558
VSC,2018-08-10,6.95,6.95,6.71,6.78,69860,6.62,6.18,5.94,2.3279,9.7393,14.1129,-0.0309,-0.0164,0.1458
VSC,2018-08-13,6.78,6.86,6.69,6.79,104860,6.66,6.24,5.96,2.0226,8.8047,13.9107,0.0141,0.0092,0.1065
VSC,2018-08-14,6.66,6.81,6.61,6.81,219390,6.69,6.31,5.99,1.8494,7.9194,13.7038,0.2076,0.1142,0.1156
VSC,2018-08-15,6.81,6.84,6.73,6.74,97780,6.71,6.36,6.01,0.4797,6.0132,12.2424,-0.0481,-0.0283,0.1114
VSC,2018-08-16,6.69,6.95,6.65,6.95,205690,6.75,6.42,6.03,2.86,8.2293,15.2235,0.1959,0.0983,0.1265
VSC,2018-08-17,7.03,7.12,6.81,6.93,111240,6.79,6.48,6.05,2.1223,6.963,14.5819,-0.0248,-0.015,0.1138
VSC,2018-08-20,7.0,7.0,6.82,6.88,206670,6.81,6.54,6.06,1.0452,5.2085,13.4807,-0.0744,-0.0454,0.1135
VSC,2018-08-21,6.86,6.93,6.79,6.91,174130,6.84,6.59,6.08,0.9901,4.8304,13.7061,0.1299,0.0763,0.1135
VSC,2018-08-22,7.0,7.01,6.9,7.01,207290,6.86,6.65,6.1,2.0862,5.2765,14.9313,0.2432,0.1495,0.1112
VSC,2018-08-23,6.98,7.0,6.88,6.88,62060,6.87,6.71,6.11,0.1603,2.5576,12.6338,-0.1219,-0.0577,0.1091
VSC,2018-08-24,6.84,6.91,6.84,6.88,128650,6.88,6.75,6.12,0.0123,1.9012,12.3657,0.0161,0.0076,0.1076
VSC,2018-08-27,7.02,7.02,6.93,6.93,437790,6.89,6.78,6.14,0.5671,2.2905,12.8446,-0.4628,-0.2582,0.1525
VSC,2018-08-28,7.0,7.0,6.91,6.95,147200,6.91,6.8,6.17,0.6191,2.2326,12.6298,-0.036,-0.0199,0.1353
VSC,2018-08-29,6.95,7.11,6.89,7.11,182770,6.94,6.83,6.2,2.4601,4.1953,14.8013,0.2321,0.1235,0.1537
VSC,2018-08-30,7.1,7.21,7.03,7.2,109160,6.97,6.86,6.22,3.3339,4.9471,15.675,0.0883,0.0455,0.1429
VSC,2018-08-31,7.2,7.22,7.12,7.12,28100,6.99,6.89,6.25,1.931,3.4204,14.0013,-0.0292,-0.0136,0.1434
VSC,2018-09-04,7.12,7.19,7.02,7.02,48230,7.0,6.9,6.27,0.2402,1.6419,11.9431,-0.0438,-0.0247,0.1403
VSC,2018-09-05,7.02,7.23,7.02,7.15,358430,7.02,6.93,6.29,1.7595,3.0752,13.6107,0.1215,0.0607,0.1395
VSC,2018-09-06,7.16,7.21,7.02,7.02,206400,7.03,6.94,6.31,-0.1119,1.0583,11.1855,-0.2351,-0.1426,0.1387
VSC,2018-09-07,7.12,7.14,7.09,7.12,81210,7.05,6.96,6.34,1.0222,2.3427,12.3822,0.0298,0.0184,0.1295
VSC,2018-09-10,7.17,7.17,6.95,6.95,134230,7.06,6.97,6.36,-1.5384,-0.2759,9.2814,-0.1697,-0.0971,0.1448
VSC,2018-09-11,6.95,7.01,6.69,6.84,215960,7.05,6.97,6.38,-2.8959,-1.8068,7.2538,-0.0053,-0.0028,0.0991
VSC,2018-09-12,6.84,6.95,6.74,6.83,142550,7.04,6.97,6.41,-2.9749,-2.0669,6.5689,-0.0221,-0.0129,0.0977
VSC,2018-09-13,6.83,6.95,6.83,6.92,39490,7.02,6.98,6.43,-1.3492,-0.8236,7.6075,0.028,0.0165,0.0773
VSC,2018-09-14,6.93,6.93,6.88,6.91,91980,6.99,6.98,6.46,-1.0688,-0.9243,6.9764,0.0369,0.0213,0.0721
VSC,2018-09-17,6.95,7.02,6.85,6.97,229700,6.97,6.98,6.49,-0.0996,-0.2031,7.3263,0.0894,0.051,0.0782
VSC,2018-09-18,6.95,7.45,6.95,7.45,591560,7.02,7.01,6.53,6.2144,6.3287,14.1361,0.4303,0.258,0.1168
VSC,2018-09-19,7.56,7.63,7.3,7.4,218170,7.04,7.03,6.57,5.0943,5.2195,12.6815,-0.0919,-0.0573,0.1138
VSC,2018-09-20,7.43,7.63,7.43,7.63,184140,7.1,7.06,6.61,7.3744,7.955,15.3342,0.158,0.0953,0.1061
VSC,2018-09-21,7.57,7.64,7.4,7.5,137860,7.14,7.09,6.66,5.0967,5.7655,12.7445,-0.0121,-0.0055,0.1044
VSC,2018-09-24,7.49,7.61,7.38,7.56,318950,7.2,7.13,6.7,4.9331,5.9942,12.8212,0.1758,0.0971,0.105
VSC,2018-09-25,7.56,7.59,7.47,7.51,80730,7.27,7.16,6.74,3.3699,4.9566,11.4766,-0.0253,-0.0148,0.107
VSC,2018-09-26,7.51,7.51,7.46,7.46,109710,7.33,7.18,6.78,1.7652,3.8569,10.0542,-0.092,-0.0474,0.114
VSC,2018-09-27,7.47,7.52,7.26,7.28,303180,7.37,7.19,6.81,-1.2025,1.2017,6.8825,-0.2448,-0.1387,0.1356
VSC,2018-09-28,7.28,7.4,7.2,7.21,160100,7.4,7.19,6.84,-2.5364,0.2295,5.4242,-0.087,-0.0458,0.1407
VSC,2018-10-01,7.3,7.38,7.17,7.33,187490,7.43,7.2,6.87,-1.3788,1.7726,6.7021,0.0659,0.0371,0.1383
VSC,2018-10-02,7.38,7.38,7.25,7.26,104360,7.41,7.21,6.9,-2.0618,0.638,5.2078,-0.0754,-0.0404,0.1028
VSC,2018-10-03,7.36,7.42,7.24,7.38,253460,7.41,7.23,6.93,-0.3985,2.1573,6.4796,0.2235,0.1144,0.116
VSC,2018-10-04,7.46,7.73,7.46,7.72,339070,7.42,7.26,6.97,4.0375,6.327,10.7497,0.3002,0.1751,0.1302
VSC,2018-10-05,7.78,7.9,7.76,7.82,312110,7.45,7.3,7.01,4.8829,7.1301,11.4841,-0.0563,-0.0332,0.1346
VSC,2018-10-08,7.82,7.99,7.76,7.89,250150,7.49,7.34,7.05,5.3487,7.3921,11.8779,0.019,0.0105,0.1189
VSC,2018-10-09,7.89,7.89,7.78,7.81,151870,7.51,7.39,7.08,3.8946,5.6343,10.3376,-0.0679,-0.0442,0.1232
VSC,2018-10-10,7.83,8.08,7.8,7.99,398660,7.57,7.45,7.11,5.5773,7.2574,12.4514,0.1558,0.0918,0.1296
VSC,2018-10-11,7.78,7.78,7.54,7.64,555010,7.6,7.49,7.13,0.5025,2.1,7.2191,-0.026,-0.0181,0.1077
VSC,2018-10-12,7.56,7.87,7.56,7.87,321090,7.67,7.53,7.15,2.5815,4.4501,9.9717,0.19,0.1188,0.118
VSC,2018-10-15,7.92,7.92,7.69,7.71,156650,7.71,7.57,7.18,0.045,1.8698,7.455,-0.1624,-0.1005,0.1277
VSC,2018-10-16,7.68,7.82,7.68,7.77,126860,7.76,7.59,7.2,0.1679,2.4555,7.9668,0.0577,0.0336,0.1259
VSC,2018-10-17,7.82,7.97,7.69,7.77,302020,7.8,7.61,7.22,-0.3341,2.204,7.5982,-0.1716,-0.0992,0.1207
VSC,2018-10-18,7.77,7.85,7.66,7.67,93110,7.79,7.61,7.24,-1.6047,0.8048,5.9089,-0.1037,-0.0646,0.1011
VSC,2018-10-19,7.61,7.61,7.38,7.47,273840,7.76,7.61,7.25,-3.7386,-1.7985,2.9679,-0.0824,-0.0407,0.1037
VSC,2018-10-22,7.47,7.57,7.16,7.16,348710,7.69,7.59,7.26,-6.8927,-5.6615,-1.4455,-0.3111,-0.1847,0.1329
VSC,2018-10-23,7.12,7.3,6.77,6.95,452810,7.6,7.56,7.26,-8.5818,-8.0671,-4.3565,-0.1885,-0.119,0.1449
VSC,2018-10-24,6.79,6.97,6.69,6.69,357000,7.47,7.52,7.26,-10.4756,-11.0598,-7.9119,-0.3304,-0.194,0.1624
VSC,2018-10-25,6.51,6.66,6.48,6.5,208380,7.36,7.48,7.26,-11.6779,-13.1495,-10.4821,-0.1471,-0.078,0.1745
VSC,2018-10-26,6.69,6.83,6.62,6.69,243140,7.24,7.45,7.25,-7.5964,-10.2826,-7.7835,-0.0862,-0.0477,0.1641
VSC,2018-10-29,6.77,6.77,6.64,6.64,61980,7.13,7.42,7.25,-6.9314,-10.5648,-8.4276,-0.1032,-0.0579,0.1582
VSC,2018-10-30,6.64,6.84,6.57,6.6,153840,7.01,7.39,7.24,-5.8707,-10.6355,-8.8371,-0.1868,-0.0988,0.1711
VSC,2018-10-31,6.8,6.8,6.69,6.7,191520,6.91,7.35,7.24,-2.9053,-8.8064,-7.3446,-0.103,-0.0564,0.1642
VSC,2018-11-01,6.7,6.81,6.67,6.67,272000,6.81,7.3,7.23,-1.9909,-8.6259,-7.7391,-0.3233,-0.1869,0.1862
VSC,2018-11-02,6.77,7.03,6.69,7.03,461530,6.76,7.26,7.23,4.0328,-3.1101,-2.7355,0.5147,0.279,0.2294
VSC,2018-11-05,6.97,7.12,6.97,7.02,188160,6.75,7.22,7.24,3.9897,-2.7678,-3.0129,-0.0891,-0.0511,0.2072
VSC,2018-11-06,7.08,7.1,6.9,6.95,107240,6.75,7.17,7.24,2.9602,-3.1535,-3.9777,-0.0719,-0.0427,0.1956
VSC,2018-11-07,6.88,6.95,6.77,6.91,109010,6.77,7.12,7.23,2.1037,-2.909,-4.4486,0.1141,0.0683,0.1739
VSC,2018-11-08,6.91,7.08,6.91,6.97,371170,6.82,7.09,7.23,2.28,-1.5931,-3.5714,-0.1359,-0.0874,0.1728
VSC,2018-11-09,6.91,7.02,6.84,6.9,164730,6.84,7.04,7.23,0.8254,-2.0237,-4.5719,-0.0814,-0.0449,0.1723
VSC,2018-11-12,6.81,6.99,6.77,6.98,173670,6.87,7.0,7.22,1.5793,-0.2728,-3.3328,0.2459,0.1428,0.1866
VSC,2018-11-13,6.98,7.1,6.81,6.98,248880,6.91,6.96,7.22,1.0178,0.2932,-3.3235,0.0722,0.0439,0.1751
VSC,2018-11-14,7.03,7.03,6.81,6.9,183080,6.93,6.92,7.22,-0.5137,-0.3264,-4.4593,-0.0592,-0.0363,0.1708
VSC,2018-11-15,6.97,7.0,6.84,6.86,277920,6.95,6.88,7.21,-1.287,-0.2462,-4.8995,-0.3105,-0.1985,0.1695
VSC,2018-11-16,6.95,7.06,6.93,7.03,253500,6.95,6.86,7.21,1.212,2.603,-2.4685,0.2234,0.1312,0.1404
VSC,2018-11-19,7.09,7.18,7.02,7.02,222960,6.95,6.85,7.21,0.9621,2.4535,-2.728,-0.2987,-0.1846,0.1613
VSC,2018-11-20,7.03,7.1,7.02,7.09,180700,6.96,6.86,7.22,1.7583,3.3631,-1.8311,0.1651,0.092,0.1706
VSC,2018-11-21,7.03,7.07,7.01,7.01,236720,6.97,6.87,7.22,0.4981,1.9841,-2.9628,-0.3285,-0.1717,0.1921
VSC,2018-11-22,7.02,7.09,7.01,7.08,165370,6.98,6.9,7.23,1.343,2.5609,-2.0432,0.1914,0.1144,0.1976
VSC,2018-11-23,7.09,7.09,6.98,6.98,115310,6.99,6.92,7.23,-0.149,0.9607,-3.3839,-0.1472,-0.0896,0.2042
VSC,2018-11-26,6.93,7.0,6.88,6.91,59340,6.99,6.93,7.23,-1.0442,-0.2443,-4.3315,-0.0395,-0.0221,0.1836
VSC,2018-11-27,6.97,6.98,6.86,6.9,69570,6.98,6.94,7.21,-1.17,-0.7065,-4.4248,-0.0459,-0.0264,0.1809
VSC,2018-11-28,6.9,6.9,6.81,6.84,237200,6.97,6.95,7.2,-1.8435,-1.5554,-5.0007,-0.0836,-0.0464,0.1834
VSC,2018-11-29,6.9,6.95,6.84,6.95,137540,6.98,6.97,7.19,-0.4727,-0.2556,-3.3723,0.168,0.1004,0.1691
VSC,2018-11-30,6.95,6.95,6.9,6.95,115260,6.97,6.96,7.18,-0.3487,-0.1933,-3.2226,0.1495,0.0941,0.1617
VSC,2018-12-03,7.02,7.3,6.93,7.3,645920,7.0,6.98,7.17,4.2184,4.5882,1.69,0.5336,0.3077,0.1852
VSC,2018-12-04,7.29,7.4,7.29,7.4,295210,7.03,7.0,7.17,5.2371,5.7399,3.1751,0.398,0.2458,0.2085
VSC,2018-12-05,7.3,7.51,7.26,7.49,225720,7.08,7.03,7.17,5.7539,6.5447,4.3786,0.2061,0.1261,0.1963
VSC,2018-12-06,7.43,7.46,7.3,7.46,287090,7.12,7.05,7.18,4.82,5.8078,3.9625,0.3609,0.245,0.2132
VSC,2018-12-07,7.46,7.57,7.43,7.56,202800,7.17,7.08,7.18,5.3141,6.6634,5.1919,0.1822,0.1269,0.2167
VSC,2018-12-10,7.56,7.59,7.42,7.45,205280,7.23,7.11,7.19,3.0878,4.8451,3.7058,-0.1673,-0.1034,0.2295
VSC,2018-12-11,7.44,7.54,7.38,7.47,286540,7.29,7.13,7.19,2.5152,4.7311,3.8873,0.0543,0.0333,0.2303
VSC,2018-12-12,7.52,7.76,7.49,7.76,404780,7.38,7.17,7.2,5.2383,8.2128,7.8798,0.4763,0.3178,0.2696
VSC,2018-12-13,7.79,7.92,7.76,7.76,777630,7.46,7.22,7.2,4.0866,7.5359,7.8668,-0.9161,-0.5928,0.3444
VSC,2018-12-14,7.66,7.76,7.56,7.56,232330,7.52,7.25,7.19,0.4735,4.2728,5.0471,-0.281,-0.1751,0.3576
VSC,2018-12-17,7.47,7.54,7.39,7.39,278700,7.53,7.26,7.18,-1.8454,1.7334,2.8946,-0.2745,-0.1623,0.3317
VSC,2018-12-18,7.3,7.5,7.28,7.5,86040,7.54,7.29,7.18,-0.4838,2.992,4.5549,0.1121,0.0703,0.3031
VSC,2018-12-19,7.56,7.56,7.33,7.52,187210,7.54,7.31,7.17,-0.2993,2.8687,4.9341,0.1995,0.1211,0.3024
VSC,2018-12-20,7.52,7.52,7.47,7.49,43650,7.55,7.33,7.16,-0.7941,2.1085,4.495,-0.0223,-0.0136,0.2686
VSC,2018-12-21,7.38,7.49,7.38,7.43,47810,7.53,7.35,7.16,-1.3257,1.0864,3.8935,0.0,0.0,0.2503
VSC,2018-12-24,7.43,7.43,7.31,7.38,92390,7.53,7.38,7.15,-1.9269,0.0588,3.2605,0.0179,0.0118,0.2354
VSC,2018-12-25,7.3,7.3,7.02,7.03,241960,7.48,7.38,7.13,-5.9998,-4.7396,-1.3951,-0.2313,-0.1523,0.2531
VSC,2018-12-26,7.03,7.16,6.95,6.95,180030,7.4,7.39,7.12,-6.1363,-5.9819,-2.3866,-0.2861,-0.1591,0.2341
VSC,2018-12-27,7.17,7.17,7.02,7.09,79310,7.33,7.4,7.11,-3.3748,-4.1916,-0.2714,-0.0113,-0.0065,0.1436
VSC,2018-12-28,7.1,7.12,7.04,7.04,79510,7.28,7.4,7.1,-3.2912,-4.8401,-0.7635,-0.0922,-0.0539,0.1247
VSC,2019-01-02,7.04,7.16,7.03,7.08,100090,7.25,7.39,7.1,-2.3952,-4.2303,-0.2521,-0.0518,-0.029,0.1025
VSC,2019-01-03,7.03,7.12,6.86,6.88,126980,7.19,7.36,7.09,-4.3247,-6.6038,-3.0481,-0.1226,-0.0819,0.1035
VSC,2019-01-04,6.88,7.1,6.77,6.96,72780,7.13,7.34,7.1,-2.4717,-5.2015,-2.0208,0.0124,0.0077,0.0848
VSC,2019-01-07,7.1,7.1,6.97,6.97,38850,7.08,7.31,7.11,-1.5207,-4.6488,-1.9081,-0.0664,-0.04,0.0892
VSC,2019-01-08,6.96,6.97,6.88,6.96,36200,7.03,7.28,7.11,-1.0989,-4.4951,-2.2265,0.052,0.0351,0.0944
VSC,2019-01-09,6.96,7.1,6.95,7.09,50870,7.0,7.27,7.12,1.1779,-2.4624,-0.5218,0.0685,0.0429,0.0995
VSC,2019-01-10,7.08,7.26,7.06,7.13,103700,7.01,7.25,7.13,1.6593,-1.6354,-0.0608,-0.0689,-0.0452,0.0832
VSC,2019-01-11,7.24,7.3,7.14,7.28,87760,7.05,7.22,7.15,3.2783,0.7394,1.8449,0.1388,0.0786,0.0685
VSC,2019-01-14,7.21,7.3,7.21,7.26,27540,7.06,7.2,7.16,2.7785,0.8505,1.4342,0.0109,0.0074,0.0684
VSC,2019-01-15,7.26,7.42,7.26,7.42,100500,7.1,7.19,7.17,4.4392,3.1214,3.5076,0.1827,0.1124,0.0775
VSC,2019-01-16,7.42,7.47,7.38,7.47,126490,7.14,7.2,7.17,4.5974,3.7895,4.1036,0.2583,0.1576,0.0981
VSC,2019-01-17,7.47,7.47,7.38,7.4,162240,7.19,7.19,7.18,2.8737,2.8985,3.0055,-0.1791,-0.126,0.1038
VSC,2019-01-18,7.44,7.45,7.33,7.39,48540,7.24,7.18,7.19,2.1364,2.871,2.748,0.0,0.0,0.1026
VSC,2019-01-21,7.31,7.4,7.3,7.3,43130,7.27,7.18,7.2,0.4779,1.7913,1.4475,-0.0588,-0.0439,0.1018
VSC,2019-01-22,7.36,7.64,7.34,7.56,387470,7.33,7.18,7.21,3.0928,5.2123,4.7537,0.2389,0.1716,0.1205
VSC,2019-01-23,7.56,7.56,7.49,7.54,56440,7.37,7.19,7.22,2.2259,4.8563,4.352,0.0534,0.036,0.119
VSC,2019-01-24,7.54,7.59,7.47,7.48,41970,7.41,7.21,7.23,0.9261,3.6913,3.3688,-0.069,-0.0404,0.119
VSC,2019-01-25,7.48,7.52,7.43,7.43,53810,7.42,7.24,7.24,0.1286,2.7426,2.6157,-0.134,-0.0753,0.1185
VSC,2019-01-28,7.54,7.54,7.23,7.29,85420,7.43,7.25,7.25,-1.8943,0.5633,0.4598,-0.1194,-0.0734,0.1294
VSC,2019-01-29,7.29,7.35,7.21,7.26,66190,7.41,7.26,7.26,-2.0389,0.0539,0.0383,-0.0251,-0.0149,0.1136
VSC,2019-01-30,7.38,7.46,7.28,7.3,91680,7.39,7.27,7.26,-1.3389,0.3825,0.4401,-0.1247,-0.0838,0.1002
VSC,2019-01-31,7.3,7.55,7.3,7.46,167320,7.4,7.3,7.27,0.8098,2.2437,2.6064,0.0846,0.0551,0.0908
VSC,2019-02-01,7.49,7.54,7.4,7.46,44630,7.41,7.32,7.28,0.7152,1.892,2.4791,-0.0085,-0.0042,0.0916
VSC,2019-02-11,7.46,7.56,7.46,7.47,96300,7.42,7.35,7.29,0.6083,1.6668,2.4883,-0.109,-0.0662,0.0967
VSC,2019-02-12,7.41,7.59,7.41,7.47,150780,7.42,7.37,7.3,0.7261,1.3135,2.3517,-0.0599,-0.044,0.0788
VSC,2019-02-13,7.47,7.72,7.45,7.72,480220,7.43,7.4,7.31,3.8673,4.2815,5.5694,0.4825,0.2917,0.1217
VSC,2019-02-14,7.72,7.9,7.62,7.75,237940,7.46,7.43,7.33,3.8416,4.1995,5.6796,-0.0244,-0.0148,0.1172
VSC,2019-02-15,7.73,7.75,7.64,7.66,103440,7.48,7.45,7.35,2.3677,2.7673,4.2628,-0.1033,-0.0565,0.1141
VSC,2019-02-18,7.73,7.9,7.68,7.89,345070,7.54,7.49,7.37,4.6511,5.4646,7.1782,0.3402,0.1836,0.1362
VSC,2019-02-19,7.92,7.92,7.57,7.64,282440,7.58,7.5,7.38,0.8019,1.9463,3.5636,-0.1239,-0.0734,0.1461
VSC,2019-02-20,7.63,7.82,7.63,7.82,136530,7.63,7.51,7.39,2.3891,4.0222,5.7679,0.1648,0.1136,0.1501
VSC,2019-02-21,7.82,7.85,7.67,7.71,142520,7.66,7.53,7.4,0.6916,2.4221,4.2694,-0.0779,-0.0363,0.1494
VSC,2019-02-22,7.78,7.82,7.67,7.71,135260,7.68,7.55,7.4,0.3616,2.204,4.2057,-0.0551,-0.0344,0.1541
VSC,2019-02-25,7.82,7.82,7.68,7.71,100640,7.71,7.57,7.41,0.045,1.9283,4.1349,-0.0486,-0.027,0.1481
VSC,2019-02-26,7.71,7.94,7.71,7.82,434620,7.74,7.58,7.41,0.9421,3.1282,5.4679,-0.0415,-0.0235,0.1462
VSC,2019-02-27,7.82,7.87,7.79,7.79,93330,7.75,7.59,7.42,0.5155,2.614,5.0204,-0.1115,-0.0609,0.1091
VSC,2019-02-28,7.79,7.79,7.56,7.64,188130,7.74,7.6,7.42,-1.2567,0.56,2.9818,-0.0332,-0.0167,0.11
VSC,2019-03-01,7.64,7.64,7.44,7.56,271910,7.73,7.61,7.42,-2.2472,-0.6622,1.8688,0.037,0.0187,0.1034
VSC,2019-03-04,7.56,7.69,7.47,7.61,382170,7.7,7.62,7.41,-1.2067,-0.188,2.6146,0.0712,0.0417,0.0765
VSC,2019-03-05,7.61,7.63,7.5,7.52,125310,7.69,7.64,7.41,-2.18,-1.4958,1.4527,-0.0726,-0.0497,0.0714
VSC,2019-03-06,7.52,7.61,7.49,7.53,59320,7.66,7.65,7.42,-1.7007,-1.5333,1.5317,-0.0214,-0.0104,0.057
VSC,2019-03-07,7.57,7.8,7.57,7.69,362090,7.66,7.66,7.42,0.4762,0.4705,3.7033,0.0238,0.0145,0.0516
VSC,2019-03-08,7.64,7.73,7.56,7.56,120140,7.64,7.66,7.42,-1.1363,-1.4052,1.8211,-0.1295,-0.0738,0.059
VSC,2019-03-11,7.56,7.64,7.5,7.63,87730,7.63,7.67,7.42,-0.0114,-0.4925,2.8335,0.1186,0.0666,0.066
VSC,2019-03-12,7.64,7.8,7.63,7.65,149120,7.62,7.68,7.43,0.4332,-0.3844,3.0072,-0.0976,-0.0568,0.0716
VSC,2019-03-13,7.73,7.74,7.58,7.63,153820,7.6,7.68,7.43,0.3085,-0.6618,2.5893,-0.0544,-0.0355,0.0659
VSC,2019-03-14,7.63,7.77,7.63,7.64,227880,7.6,7.67,7.44,0.537,-0.3679,2.6551,-0.1899,-0.1136,0.0816
VSC,2019-03-15,7.64,7.64,7.5,7.52,126130,7.6,7.66,7.46,-1.0173,-1.8641,0.8666,-0.0855,-0.0512,0.0864
VSC,2019-03-18,7.52,7.66,7.52,7.66,198760,7.6,7.65,7.47,0.7425,0.1022,2.5725,0.1922,0.1181,0.0985
VSC,2019-03-19,7.66,7.69,7.52,7.52,118010,7.6,7.65,7.48,-1.0851,-1.6356,0.5831,-0.0926,-0.0617,0.1005
VSC,2019-03-20,7.47,7.6,7.42,7.49,96240,7.6,7.63,7.49,-1.4857,-1.8782,0.0093,-0.028,-0.0153,0.1012
VSC,2019-03-21,7.56,7.56,6.97,7.21,149950,7.55,7.6,7.49,-4.5319,-5.2078,-3.7882,-0.018,-0.0104,0.1006
VSC,2019-03-22,7.19,7.3,7.07,7.19,171280,7.51,7.58,7.5,-4.2996,-5.1112,-4.0801,0.0207,0.0097,0.0898
VSC,2019-03-25,7.12,7.12,6.97,6.97,205030,7.45,7.54,7.5,-6.4723,-7.6356,-7.0898,-0.2216,-0.1331,0.1001
VSC,2019-03-26,7.02,7.08,6.97,7.0,156700,7.38,7.5,7.5,-5.1766,-6.6698,-6.6374,-0.0968,-0.058,0.1
VSC,2019-03-27,7.11,7.11,7.02,7.07,62980,7.33,7.46,7.5,-3.5088,-5.2883,-5.7063,0.0108,0.0057,0.0956
VSC,2019-03-28,7.05,7.27,7.05,7.24,104150,7.29,7.44,7.5,-0.5959,-2.7008,-3.4185,0.1276,0.0612,0.0894
VSC,2019-03-29,7.19,7.26,7.17,7.17,27060,7.25,7.43,7.5,-1.0778,-3.3862,-4.3184,-0.04,-0.0186,0.0849
VSC,2019-04-01,7.21,7.24,7.12,7.18,61370,7.2,7.4,7.5,-0.3014,-2.9913,-4.1827,-0.0,-0.0,0.0656
VSC,2019-04-02,7.18,7.21,6.95,7.0,131380,7.15,7.38,7.49,-2.1251,-5.1207,-6.5118,-0.1065,-0.0561,0.067
VSC,2019-04-03,7.0,7.03,6.97,6.98,129280,7.1,7.35,7.48,-1.6754,-5.0038,-6.6223,-0.0956,-0.0548,0.0738
VSC,2019-04-04,6.97,7.07,6.97,6.97,90830,7.08,7.31,7.47,-1.583,-4.7675,-6.7463,-0.1267,-0.0752,0.0846
VSC,2019-04-05,7.03,7.12,6.98,7.1,117370,7.07,7.29,7.46,0.3933,-2.6801,-4.927,0.1072,0.0578,0.0933
VSC,2019-04-08,7.1,7.21,7.03,7.1,104130,7.08,7.26,7.46,0.2086,-2.3194,-4.8739,-0.0362,-0.0185,0.0748
VSC,2019-04-09,7.11,7.11,7.0,7.02,131610,7.08,7.23,7.45,-0.9197,-2.9721,-5.7858,-0.0911,-0.0424,0.0742
VSC,2019-04-10,6.98,7.08,6.97,7.06,174110,7.08,7.2,7.44,-0.2943,-1.9891,-5.081,0.1772,0.0886,0.0908
VSC,2019-04-11,7.09,7.09,7.02,7.05,55580,7.06,7.17,7.43,-0.1476,-1.7069,-5.0892,0.0,0.0,0.078
VSC,2019-04-12,7.03,7.07,6.99,7.03,45630,7.05,7.15,7.42,-0.3081,-1.7309,-5.3358,-0.0085,-0.0046,0.0749
VSC,2019-04-16,7.03,7.03,6.92,6.92,119160,7.02,7.11,7.41,-1.4224,-2.6862,-6.6483,-0.1878,-0.1002,0.0937
VSC,2019-04-17,6.91,6.95,6.82,6.83,117700,7.0,7.08,7.41,-2.5419,-3.5583,-7.8287,-0.0984,-0.0527,0.0929
VSC,2019-04-18,6.81,6.81,6.6,6.69,201400,6.97,7.04,7.39,-4.1216,-4.9852,-9.5565,-0.0614,-0.0353,0.0895
VSC,2019-04-19,6.61,6.77,6.61,6.77,40040,6.95,7.02,7.38,-2.7222,-3.5712,-8.327,0.0893,0.0512,0.0857
VSC,2019-04-22,6.77,6.77,6.61,6.69,41330,6.91,6.99,7.36,-3.2785,-4.3419,-9.196,-0.0039,-0.002,0.0754
VSC,2019-04-23,6.74,6.74,6.6,6.6,85810,6.86,6.97,7.35,-3.8461,-5.3372,-10.1633,-0.1733,-0.0804,0.0891
VSC,2019-04-24,6.6,6.69,6.6,6.69,35750,6.83,6.96,7.33,-2.1104,-3.8762,-8.7873,0.0449,0.0248,0.0845
VSC,2019-04-25,6.69,6.74,6.69,6.7,124460,6.79,6.94,7.31,-1.457,-3.4923,-8.4127,-0.1591,-0.0918,0.0827
VSC,2019-04-26,6.7,6.7,6.61,6.64,122890,6.75,6.91,7.29,-1.7489,-3.9476,-8.9674,-0.0934,-0.0432,0.092
VSC,2019-05-02,6.64,6.64,6.46,6.48,179200,6.7,6.87,7.27,-3.2802,-5.7367,-10.8232,-0.2222,-0.0976,0.1134
VSC,2019-05-03,6.44,6.55,6.44,6.48,41470,6.65,6.84,7.24,-2.6364,-5.2518,-10.4743,-0.0207,-0.0098,0.0967
VSC,2019-05-06,6.42,6.42,6.22,6.22,175580,6.59,6.8,7.21,-5.6902,-8.5393,-13.7349,-0.2588,-0.1372,0.1127
VSC,2019-05-07,6.27,6.28,6.23,6.25,47940,6.55,6.76,7.18,-4.5346,-7.5322,-12.8751,0.0,0.0,0.1066
VSC,2019-05-08,6.22,6.29,6.17,6.29,54450,6.5,6.73,7.15,-3.299,-6.5504,-12.0419,0.077,0.0437,0.1053
VSC,2019-05-09,6.34,6.39,6.27,6.38,46580,6.47,6.69,7.12,-1.3688,-4.6259,-10.3724,0.0604,0.0353,0.111
VSC,2019-05-10,6.37,6.41,6.25,6.38,102400,6.45,6.66,7.1,-1.0367,-4.1158,-10.0367,0.1232,0.0706,0.106
VSC,2019-05-13,6.45,6.57,6.38,6.38,102490,6.42,6.63,7.07,-0.5682,-3.6571,-9.6718,-0.1501,-0.0691,0.1165
VSC,2019-05-14,6.43,6.5,6.38,6.5,40960,6.4,6.6,7.04,1.6281,-1.4085,-7.6153,0.0479,0.0236,0.1054
VSC,2019-05-15,6.51,6.64,6.51,6.6,130330,6.4,6.58,7.02,3.1768,0.3831,-5.9801,0.0529,0.0269,0.1013
VSC,2019-05-16,6.57,6.63,6.55,6.55,39110,6.4,6.55,7.0,2.2512,-0.0464,-6.4539,-0.0511,-0.0224,0.0842
VSC,2019-05-17,6.55,6.58,6.53,6.55,58010,6.41,6.53,6.98,2.1403,0.2393,-6.1699,-0.0276,-0.0139,0.0849
VSC,2019-05-20,6.55,6.64,6.54,6.64,58230,6.45,6.52,6.96,2.8264,1.7175,-4.6834,0.087,0.0396,0.0677
VSC,2019-05-21,6.65,6.69,6.62,6.62,100970,6.49,6.52,6.94,1.9808,1.5053,-4.6832,-0.1535,-0.0704,0.0831
VSC,2019-05-22,6.67,6.7,6.58,6.65,119510,6.53,6.51,6.92,1.9429,2.1264,-3.8945,0.0381,0.0194,0.0792
VSC,2019-05-23,6.68,6.68,6.58,6.58,70090,6.55,6.51,6.9,0.5705,1.1409,-4.6301,-0.0945,-0.0445,0.0826
VSC,2019-05-24,6.58,6.64,6.57,6.57,78050,6.56,6.51,6.88,0.0265,0.9009,-4.5864,-0.0994,-0.0428,0.0802
VSC,2019-05-27,6.57,6.61,6.55,6.59,24870,6.58,6.5,6.86,0.1055,1.3757,-3.9119,0.0266,0.0122,0.0679
VSC,2019-05-28,6.64,6.64,6.57,6.59,49750,6.59,6.5,6.84,-0.0264,1.457,-3.6215,-0.0195,-0.0075,0.065
VSC,2019-05-29,6.58,6.77,6.58,6.65,249230,6.6,6.5,6.82,0.8159,2.379,-2.4503,-0.0986,-0.0476,0.0696
VSC,2019-05-30,6.72,6.72,6.59,6.6,89690,6.6,6.5,6.8,-0.0526,1.4822,-2.9523,-0.1158,-0.0612,0.0761
VSC,2019-05-31,6.6,6.6,6.51,6.6,94110,6.61,6.51,6.78,-0.1314,1.3874,-2.6489,0.1198,0.0598,0.0853
VSC,2019-06-03,6.58,6.72,6.33,6.33,103790,6.58,6.52,6.76,-3.8393,-2.9142,-6.3723,-0.1152,-0.0594,0.0881
VSC,2019-06-04,6.48,6.48,6.31,6.45,54810,6.56,6.53,6.74,-1.6301,-1.0829,-4.1659,0.0855,0.0455,0.0813
VSC,2019-06-05,6.52,6.52,6.38,6.44,29790,6.54,6.53,6.72,-1.47,-1.3542,-4.0962,-0.0036,-0.002,0.0779
VSC,2019-06-06,6.44,6.44,6.29,6.34,29080,6.52,6.53,6.7,-2.7747,-2.9932,-5.4835,-0.0209,-0.0107,0.0705
VSC,2019-06-07,6.37,6.41,6.34,6.41,35400,6.5,6.53,6.69,-1.4635,-1.9436,-4.285,0.0496,0.0234,0.0655
VSC,2019-06-10,6.46,6.46,6.35,6.41,17700,6.48,6.53,6.68,-1.1799,-1.96,-4.1145,0.0,0.0,0.0628
VSC,2019-06-11,6.37,6.56,6.37,6.56,119500,6.48,6.54,6.67,1.3181,0.43,-1.5835,0.2846,0.1289,0.0894
VSC,2019-06-12,6.56,6.56,6.46,6.48,30590,6.46,6.53,6.65,0.35,-0.6993,-2.5547,-0.0342,-0.0166,0.0829
VSC,2019-06-13,6.48,6.54,6.4,6.41,36280,6.44,6.52,6.64,-0.5809,-1.8101,-3.5276,-0.069,-0.0303,0.0782
VSC,2019-06-14,6.39,6.41,6.3,6.3,42430,6.41,6.51,6.62,-1.8149,-3.3002,-4.9216,-0.0923,-0.0423,0.0755
VSC,2019-06-17,6.3,6.37,6.27,6.28,45860,6.41,6.49,6.61,-2.0491,-3.339,-5.0143,-0.0702,-0.0324,0.071
VSC,2019-06-18,6.28,6.33,6.23,6.23,82810,6.38,6.47,6.59,-2.4771,-3.8148,-5.5507,-0.1384,-0.0573,0.0763
VSC,2019-06-19,6.29,6.29,6.23,6.23,91400,6.36,6.45,6.58,-2.1417,-3.497,-5.3384,-0.1723,-0.0851,0.0931
VSC,2019-06-20,6.27,6.35,6.23,6.35,39060,6.36,6.44,6.56,-0.2814,-1.4656,-3.3033,0.0471,0.0234,0.0958
VSC,2019-06-21,6.33,6.37,6.29,6.33,24530,6.36,6.43,6.55,-0.4695,-1.5911,-3.3797,-0.0,-0.0,0.0908
VSC,2019-06-24,6.35,6.35,6.27,6.27,39070,6.34,6.41,6.53,-1.1919,-2.2717,-4.0709,-0.0711,-0.0343,0.0979
VSC,2019-06-25,6.31,6.31,6.22,6.23,52270,6.31,6.39,6.52,-1.293,-2.6146,-4.4359,-0.0692,-0.0336,0.0764
VSC,2019-06-26,6.27,6.31,6.25,6.27,49890,6.29,6.37,6.5,-0.3164,-1.695,-3.5925,-0.0243,-0.0131,0.0754
VSC,2019-06-27,6.27,6.27,6.17,6.2,79430,6.26,6.35,6.48,-1.0953,-2.4781,-4.4197,-0.0396,-0.0185,0.0724
VSC,2019-06-28,6.2,6.2,6.03,6.1,124860,6.25,6.33,6.47,-2.3729,-3.6617,-5.7139,-0.0289,-0.0118,0.0661
VSC,2019-07-01,6.1,6.21,6.1,6.21,100970,6.24,6.32,6.45,-0.5102,-1.8405,-3.8377,0.1545,0.0713,0.0745
VSC,2019-07-02,6.21,6.21,6.12,6.17,109120,6.23,6.31,6.44,-1.0533,-2.2467,-4.2996,0.021,0.0095,0.0628
VSC,2019-07-03,6.1,6.17,6.1,6.15,46210,6.22,6.29,6.43,-1.2464,-2.331,-4.4247,0.0359,0.0142,0.0492
VSC,2019-07-04,6.15,6.23,6.11,6.17,364330,6.21,6.28,6.42,-0.641,-1.8832,-3.9599,0.0,0.0,0.0445
VSC,2019-07-05,6.17,6.35,6.16,6.31,130810,6.2,6.28,6.41,1.6351,0.4118,-1.701,0.1407,0.0601,0.0585
VSC,2019-07-08,6.23,6.35,6.21,6.35,216120,6.21,6.28,6.41,2.1453,1.0933,-0.9754,0.4304,0.195,0.0945
VSC,2019-07-09,6.35,6.43,6.31,6.35,181240,6.22,6.27,6.4,1.9494,1.2698,-0.8669,-0.0935,-0.0393,0.0969
VSC,2019-07-10,6.35,6.41,6.28,6.29,108340,6.23,6.26,6.39,0.9585,0.477,-1.6918,-0.1369,-0.0599,0.1082
VSC,2019-07-11,6.29,6.29,6.21,6.25,89620,6.23,6.25,6.39,0.2393,-0.0319,-2.243,-0.0,-0.0,0.1042
VSC,2019-07-12,6.25,6.37,6.23,6.27,125800,6.25,6.25,6.39,0.2866,0.3105,-1.8661,-0.0691,-0.0316,0.1082
VSC,2019-07-15,6.24,6.36,6.24,6.33,96830,6.26,6.25,6.39,1.0486,1.2255,-0.9649,0.0844,0.0401,0.1012
VSC,2019-07-16,6.36,6.41,6.33,6.37,127620,6.28,6.26,6.39,1.3621,1.7489,-0.3769,0.0,0.0,0.0991
VSC,2019-07-17,6.35,6.35,6.21,6.25,259210,6.29,6.26,6.39,-0.6958,-0.1749,-2.2322,-0.1485,-0.0673,0.1104
VSC,2019-07-18,6.21,6.25,6.17,6.18,109240,6.29,6.25,6.38,-1.8182,-1.1541,-3.2593,-0.1331,-0.0487,0.1237
VSC,2019-07-19,6.29,6.29,6.17,6.2,81070,6.28,6.24,6.38,-1.3303,-0.7329,-2.8908,-0.0439,-0.0187,0.114
VSC,2019-07-22,6.19,6.25,6.12,6.17,127230,6.26,6.24,6.38,-1.5247,-1.1322,-3.2927,-0.0406,-0.0178,0.075
VSC,2019-07-23,6.17,6.25,6.16,6.19,98990,6.25,6.24,6.37,-0.9554,-0.7816,-2.8837,-0.0453,-0.0199,0.0702
VSC,2019-07-24,6.19,6.21,6.13,6.14,150650,6.23,6.23,6.36,-1.5164,-1.4771,-3.5239,-0.1412,-0.0663,0.0706
VSC,2019-07-25,6.14,6.2,6.12,6.13,77060,6.22,6.23,6.35,-1.4874,-1.5818,-3.5525,-0.0729,-0.0346,0.0779
VSC,2019-07-26,6.13,6.17,6.1,6.15,67290,6.21,6.23,6.34,-0.9773,-1.3015,-3.1167,0.0435,0.0213,0.0753
VSC,2019-07-29,6.13,6.19,6.03,6.03,131320,6.18,6.22,6.33,-2.4311,-3.0787,-4.8155,-0.2085,-0.0898,0.0878
VSC,2019-07-30,5.99,6.03,5.67,5.68,350530,6.11,6.19,6.31,-7.0335,-8.3173,-10.0463,-0.3512,-0.1382,0.1229
VSC,2019-07-31,5.68,5.68,5.56,5.56,259310,6.04,6.16,6.29,-7.9532,-9.8169,-11.6308,-0.3436,-0.142,0.1424
VSC,2019-08-01,5.56,5.57,5.43,5.44,231020,5.97,6.13,6.27,-8.8181,-11.2301,-13.2126,-0.2604,-0.1012,0.1551
VSC,2019-08-02,5.42,5.61,5.32,5.55,164140,5.9,6.09,6.25,-5.9657,-8.8831,-11.1795,0.1275,0.0458,0.1635
VSC,2019-08-05,5.55,5.57,5.45,5.51,57640,5.84,6.05,6.23,-5.5896,-8.9115,-11.5098,0.0,0.0,0.1594
VSC,2019-08-06,5.45,5.45,5.31,5.34,213060,5.75,6.0,6.2,-7.1416,-10.9674,-13.8792,-0.1595,-0.0575,0.1708
VSC,2019-08-07,5.34,5.37,5.27,5.32,120670,5.67,5.95,6.18,-6.1568,-10.5799,-13.8299,-0.0,-0.0,0.1567
VSC,2019-08-08,5.33,5.69,5.33,5.69,472550,5.63,5.92,6.16,1.1137,-3.9462,-7.5977,0.6083,0.2572,0.2102
VSC,2019-08-09,6.08,6.08,5.77,5.93,485830,5.6,5.91,6.14,5.7676,0.3705,-3.5099,0.0218,0.0096,0.2081
VSC,2019-08-12,5.91,5.91,5.75,5.77,152450,5.58,5.88,6.13,3.4052,-1.8613,-5.9297,-0.2045,-0.0857,0.2077
VSC,2019-08-13,5.7,5.7,5.57,5.57,271140,5.57,5.84,6.11,0.0356,-4.5997,-8.9106,-0.4162,-0.1668,0.2142
VSC,2019-08-14,5.63,5.67,5.45,5.59,205990,5.57,5.81,6.1,0.3393,-3.7176,-8.3287,0.0936,0.0346,0.1892
VSC,2019-08-15,5.49,5.73,5.44,5.71,118960,5.6,5.78,6.08,1.9901,-1.2643,-6.1784,0.1202,0.0517,0.1752
VSC,2019-08-16,5.69,5.91,5.69,5.81,188920,5.62,5.76,6.07,3.2898,0.794,-4.3563,0.024,0.0087,0.1648
VSC,2019-08-19,5.81,5.87,5.72,5.81,126650,5.65,5.74,6.06,2.7446,1.1081,-4.168,0.0489,0.0223,0.1697
VSC,2019-08-20,5.81,5.85,5.75,5.81,143660,5.7,5.73,6.05,1.902,1.4418,-3.9283,0.0415,0.0197,0.1579
VSC,2019-08-21,5.81,5.83,5.73,5.73,171410,5.74,5.71,6.03,-0.2079,0.4097,-5.0069,-0.2052,-0.0925,0.1784
VSC,2019-08-22,5.77,5.77,5.66,5.67,127370,5.74,5.68,6.02,-1.2133,-0.2364,-5.7665,-0.1493,-0.0564,0.1325
VSC,2019-08-23,5.67,5.93,5.67,5.87,253860,5.73,5.67,6.01,2.3594,3.5178,-2.3211,0.2036,0.0821,0.1507
VSC,2019-08-26,5.87,6.03,5.83,5.95,268460,5.75,5.66,6.0,3.4244,4.9952,-0.8883,0.0635,0.0336,0.1366
VSC,2019-08-27,5.95,5.99,5.91,5.94,154950,5.79,5.68,6.0,2.5949,4.5808,-0.9589,-0.0448,-0.0202,0.0995
VSC,2019-08-28,5.93,6.01,5.89,5.94,193580,5.82,5.7,5.99,1.9815,4.2339,-0.8636,-0.0533,-0.0262,0.0954
VSC,2019-08-29,5.93,5.95,5.8,5.8,216310,5.83,5.71,5.98,-0.4643,1.5767,-2.9065,-0.3743,-0.1715,0.1208
VSC,2019-08-30,5.83,6.09,5.83,6.07,337350,5.86,5.74,5.97,3.6262,5.7446,1.6247,0.4226,0.204,0.1607
VSC,2019-09-03,6.07,6.21,5.97,5.97,375300,5.87,5.76,5.97,1.6042,3.551,0.0135,-0.4789,-0.2423,0.2037
VSC,2019-09-04,5.94,6.11,5.94,6.05,266200,5.9,5.8,5.96,2.5739,4.3277,1.4434,0.1103,0.056,0.2106
VSC,2019-09-05,6.05,6.15,5.96,5.99,131310,5.92,5.83,5.96,1.0888,2.6792,0.5086,-0.176,-0.0853,0.2077
VSC,2019-09-06,5.99,6.03,5.97,6.0,66330,5.96,5.85,5.95,0.7006,2.5818,0.7468,0.0,0.0,0.1927
VSC,2019-09-09,6.0,6.02,5.93,5.96,93290,5.97,5.85,5.95,-0.1366,1.8563,0.1069,-0.0596,-0.025,0.1783
VSC,2019-09-10,5.96,5.96,5.7,5.76,286460,5.95,5.85,5.94,-3.0929,-1.4593,-3.0115,-0.2252,-0.0996,0.1945
VSC,2019-09-11,5.72,5.78,5.64,5.69,122840,5.92,5.86,5.93,-3.8993,-2.7844,-4.0622,-0.0656,-0.0261,0.1966
VSC,2019-09-12,5.72,5.84,5.72,5.84,145240,5.91,5.87,5.93,-1.3135,-0.5496,-1.5476,0.203,0.0909,0.2116
VSC,2019-09-13,5.86,5.88,5.74,5.84,124370,5.92,5.87,5.92,-1.3647,-0.6568,-1.4375,0.0669,0.0308,0.1808
VSC,2019-09-16,5.76,5.84,5.75,5.75,81120,5.88,5.87,5.91,-2.223,-2.003,-2.6369,-0.1065,-0.0471,0.1492
VSC,2019-09-17,5.76,5.83,5.74,5.78,71320,5.87,5.87,5.9,-1.3938,-1.4607,-1.9318,0.0,0.0,0.1013
VSC,2019-09-18,5.83,5.83,5.72,5.78,77680,5.84,5.87,5.89,-0.9451,-1.4405,-1.7449,0.0209,0.009,0.0924
VSC,2019-09-19,5.78,5.79,5.72,5.76,105070,5.82,5.87,5.88,-0.9136,-1.8182,-1.9182,0.0179,0.0095,0.0766
VSC,2019-09-20,5.8,5.85,5.71,5.72,188310,5.79,5.87,5.87,-1.1474,-2.5593,-2.4402,-0.1626,-0.0455,0.0928
VSC,2019-09-23,5.72,5.77,5.7,5.7,90220,5.76,5.87,5.85,-1.0639,-2.7704,-2.6016,-0.1199,-0.0561,0.0988
VSC,2019-09-24,5.7,5.74,5.69,5.7,106870,5.76,5.85,5.84,-0.9585,-2.5668,-2.3939,-0.11,-0.0514,0.0873
VSC,2019-09-25,5.7,5.76,5.7,5.72,50680,5.76,5.84,5.83,-0.6564,-2.038,-1.8282,-0.0297,-0.0133,0.0837
VSC,2019-09-26,5.76,5.76,5.6,5.62,174520,5.74,5.83,5.82,-2.0654,-3.5256,-3.3739,-0.1612,-0.0733,0.0796
VSC,2019-09-27,5.6,5.69,5.56,5.62,141150,5.72,5.82,5.81,-1.6978,-3.3731,-3.189,-0.0141,-0.0061,0.0743
VSC,2019-09-30,5.56,5.67,5.56,5.62,111730,5.7,5.79,5.79,-1.4689,-2.9982,-2.9968,0.0122,0.0056,0.0648
VSC,2019-10-01,5.62,5.7,5.6,5.64,35980,5.69,5.78,5.78,-0.8621,-2.3701,-2.4674,-0.0088,-0.0043,0.0657
VSC,2019-10-02,5.64,5.64,5.5,5.52,151380,5.66,5.75,5.77,-2.5622,-4.0511,-4.3668,-0.1548,-0.0633,0.0791
VSC,2019-10-03,5.52,5.59,5.52,5.56,37550,5.64,5.73,5.76,-1.4849,-2.9784,-3.4653,0.0059,0.0026,0.0779
VSC,2019-10-04,5.56,5.59,5.53,5.53,63630,5.62,5.71,5.75,-1.69,-3.116,-3.798,-0.0747,-0.0326,0.0691
VSC,2019-10-07,5.58,5.58,5.46,5.52,88860,5.61,5.68,5.73,-1.5497,-2.9213,-3.7655,-0.0,-0.0,0.0571
VSC,2019-10-08,5.52,5.52,5.39,5.4,92630,5.57,5.67,5.72,-3.2081,-4.7705,-5.6965,-0.0933,-0.043,0.0555
VSC,2019-10-09,5.4,5.46,5.4,5.44,40750,5.55,5.65,5.72,-1.9716,-3.8322,-4.9016,0.0187,0.0087,0.0544
VSC,2019-10-10,5.5,5.52,5.41,5.48,45550,5.53,5.64,5.72,-0.9791,-2.8017,-4.1591,0.0195,0.0083,0.0402
VSC,2019-10-11,5.5,5.5,5.41,5.44,60120,5.51,5.62,5.72,-1.3902,-3.1847,-4.8732,-0.0362,-0.0133,0.0424
VSC,2019-10-14,5.44,5.44,5.36,5.42,81530,5.49,5.6,5.71,-1.3954,-3.2582,-5.1866,0.0502,0.022,0.0462
VSC,2019-10-15,5.42,5.42,5.31,5.32,198160,5.46,5.58,5.71,-2.5075,-4.5088,-6.7361,-0.2741,-0.1252,0.0727
VSC,2019-10-16,5.32,5.41,5.19,5.4,300660,5.45,5.56,5.71,-0.9753,-2.8876,-5.5012,0.4631,0.1924,0.1036
VSC,2019-10-17,5.4,5.4,5.27,5.29,159440,5.42,5.53,5.71,-2.3747,-4.3222,-7.2822,-0.1814,-0.0675,0.1211
VSC,2019-10-18,5.27,5.36,5.27,5.29,33320,5.4,5.51,5.7,-1.9497,-3.9496,-7.1536,-0.0272,-0.0118,0.1164
VSC,2019-10-21,5.31,5.31,5.23,5.29,41520,5.38,5.49,5.69,-1.5397,-3.5921,-6.9467,0.0309,0.0155,0.1195
VSC,2019-10-22,5.27,5.27,5.17,5.18,159330,5.36,5.47,5.68,-3.2442,-5.1893,-8.7342,-0.1953,-0.0785,0.1297
VSC,2019-10-23,5.21,5.25,5.19,5.21,74990,5.33,5.44,5.67,-2.2615,-4.1805,-8.0785,-0.0407,-0.0194,0.1319
VSC,2019-10-24,5.21,5.25,5.21,5.23,41020,5.31,5.42,5.66,-1.4248,-3.4601,-7.6017,0.0,0.0,0.1299
VSC,2019-10-25,5.25,5.39,5.24,5.39,193030,5.3,5.41,5.66,1.561,-0.4157,-4.786,0.3637,0.1501,0.1627
VSC,2019-10-28,5.4,5.4,5.32,5.33,89250,5.29,5.39,5.65,0.7527,-1.0989,-5.5312,-0.1109,-0.0484,0.1687
VSC,2019-10-29,5.33,5.33,5.26,5.26,144430,5.29,5.38,5.64,-0.4831,-2.082,-6.6177,-0.236,-0.1046,0.1649
VSC,2019-10-30,5.25,5.28,5.23,5.27,121620,5.28,5.36,5.63,-0.0581,-1.6675,-6.2584,0.1211,0.0467,0.1307
VSC,2019-10-31,5.25,5.27,5.23,5.23,102110,5.27,5.35,5.62,-0.7175,-2.1314,-6.8207,-0.1391,-0.0614,0.1265
VSC,2019-11-01,5.31,5.31,5.23,5.25,74540,5.27,5.33,5.61,-0.2523,-1.4949,-6.3178,-0.0476,-0.0143,0.1285
VSC,2019-11-04,5.26,5.28,5.23,5.24,146300,5.26,5.32,5.59,-0.3497,-1.4315,-6.2911,-0.0986,-0.0401,0.1353
VSC,2019-11-05,5.25,5.28,5.24,5.25,50700,5.27,5.31,5.58,-0.291,-1.1063,-5.8747,-0.0352,-0.012,0.1193
VSC,2019-11-06,5.25,5.39,5.25,5.34,131040,5.28,5.31,5.57,1.1997,0.7125,-4.0226,0.0719,0.0293,0.1224
VSC,2019-11-07,5.31,5.39,5.31,5.34,134580,5.29,5.3,5.56,0.9848,0.8387,-3.8179,-0.0318,-0.0134,0.1256
VSC,2019-11-08,5.38,5.38,5.27,5.27,96890,5.28,5.29,5.55,-0.1548,-0.3573,-4.9234,-0.1534,-0.0613,0.1046
VSC,2019-11-11,5.27,5.31,5.22,5.23,139770,5.27,5.28,5.53,-0.7367,-0.9576,-5.3745,-0.1514,-0.0688,0.1086
VSC,2019-11-12,5.23,5.25,5.22,5.22,73390,5.27,5.28,5.51,-0.8537,-1.0553,-5.3038,-0.0887,-0.0391,0.0939
VSC,2019-11-13,5.22,5.26,5.21,5.21,117390,5.26,5.27,5.5,-0.9324,-1.0766,-5.201,-0.1401,-0.0594,0.0958
VSC,2019-11-14,5.21,5.25,5.17,5.21,92020,5.26,5.26,5.48,-0.8939,-0.9997,-4.9324,-0.0,-0.0,0.0819
VSC,2019-11-15,5.23,5.23,4.97,4.97,125190,5.23,5.25,5.46,-5.041,-5.3646,-9.0637,-0.1929,-0.0961,0.0964
VSC,2019-11-18,5.11,5.11,5.01,5.03,302490,5.21,5.24,5.44,-3.4726,-3.9531,-7.6264,-0.2783,-0.104,0.1144
VSC,2019-11-19,5.06,5.11,5.06,5.09,172870,5.19,5.23,5.43,-1.9877,-2.6963,-6.2676,0.0617,0.0207,0.117
VSC,2019-11-20,5.1,5.11,5.06,5.06,77960,5.16,5.22,5.42,-2.0383,-3.1405,-6.6143,-0.1274,-0.0519,0.1226
VSC,2019-11-21,5.07,5.07,4.98,5.03,98530,5.13,5.21,5.4,-2.031,-3.5388,-6.9028,0.0146,0.0046,0.1209
VSC,2019-11-22,5.03,5.38,4.91,5.38,227760,5.14,5.21,5.39,4.531,3.1373,-0.2995,0.2596,0.1173,0.1315
VSC,2019-11-25,5.27,5.27,5.07,5.13,78870,5.13,5.2,5.38,-0.0397,-1.3751,-4.6279,-0.057,-0.0215,0.122
VSC,2019-11-26,5.11,5.11,4.97,5.02,132650,5.11,5.19,5.36,-1.8392,-3.3083,-6.4512,-0.0738,-0.0228,0.1205
VSC,2019-11-27,5.02,5.02,4.96,4.98,44040,5.09,5.17,5.35,-2.1892,-3.8214,-6.9332,-0.0259,-0.0102,0.1091
VSC,2019-11-28,5.02,5.02,4.93,4.95,59890,5.06,5.16,5.33,-2.2815,-4.1489,-7.2228,-0.0499,-0.0168,0.1141
VSC,2019-11-29,5.01,5.01,4.87,4.95,91470,5.06,5.15,5.32,-2.242,-3.8633,-6.9517,0.0124,0.0043,0.0961
VSC,2019-12-02,4.91,4.92,4.86,4.86,75130,5.04,5.13,5.3,-3.5462,-5.1037,-8.2003,-0.0908,-0.0324,0.0773
VSC,2019-12-03,4.87,4.87,4.79,4.83,96150,5.02,5.11,5.28,-3.666,-5.3148,-8.4788,-0.0,-0.0,0.0711
VSC,2019-12-04,4.83,4.91,4.82,4.83,115350,5.0,5.08,5.26,-3.2325,-4.8386,-8.1696,-0.1346,-0.0473,0.0719
VSC,2019-12-05,4.91,4.91,4.83,4.9,65840,4.98,5.06,5.25,-1.7436,-3.203,-6.7477,0.102,0.0295,0.0806
VSC,2019-12-06,4.85,4.91,4.85,4.9,14840,4.93,5.04,5.23,-0.7871,-2.8398,-6.4892,0.018,0.0063,0.0564
VSC,2019-12-09,4.91,4.96,4.89,4.93,50240,4.91,5.02,5.22,0.2496,-1.9329,-5.653,0.01,0.0037,0.0517
VSC,2019-12-10,4.93,5.03,4.89,5.03,48810,4.91,5.01,5.21,2.3082,0.2956,-3.4688,0.0856,0.0315,0.0529
VSC,2019-12-11,4.97,5.2,4.97,5.2,148640,4.94,5.01,5.2,5.3611,3.7716,-0.0119,0.2569,0.1039,0.076
VSC,2019-12-12,5.2,5.31,5.15,5.3,75600,4.97,5.02,5.2,6.6584,5.7134,2.0528,0.1163,0.0453,0.0826
VSC,2019-12-13,5.21,5.32,5.21,5.23,104590,5.0,5.03,5.19,4.6179,4.0121,0.7913,-0.0983,-0.0419,0.0912
VSC,2019-12-16,5.25,5.28,5.15,5.28,58940,5.04,5.04,5.19,4.7619,4.7619,1.8679,0.0946,0.0444,0.0916
VSC,2019-12-17,5.28,5.3,5.15,5.21,32120,5.08,5.05,5.18,2.5744,3.2179,0.5599,-0.0079,-0.0045,0.0924
VSC,2019-12-18,5.16,5.32,5.16,5.32,228680,5.13,5.06,5.18,3.7849,5.1675,2.7735,0.4001,0.1543,0.119
VSC,2019-12-19,5.36,5.36,5.23,5.31,118630,5.17,5.08,5.18,2.7465,4.6699,2.641,0.0715,0.0324,0.1159
VSC,2019-12-20,5.24,5.33,5.24,5.3,126380,5.21,5.07,5.17,1.7448,4.5422,2.4962,0.0603,0.026,0.1201
VSC,2019-12-23,5.31,5.33,5.27,5.31,99130,5.25,5.08,5.17,1.187,4.5541,2.7343,0.0409,0.0166,0.1232
VSC,2019-12-24,5.31,5.31,5.23,5.31,51780,5.28,5.1,5.17,0.6387,4.2502,2.7384,0.0864,0.0399,0.1233
VSC,2019-12-25,5.37,5.37,5.24,5.33,34720,5.29,5.12,5.17,0.7722,4.2853,3.158,0.0253,0.0136,0.1002
VSC,2019-12-26,5.31,5.49,5.29,5.4,92970,5.3,5.14,5.17,1.7537,5.0224,4.3025,0.0082,0.0043,0.0894
VSC,2019-12-27,5.4,5.6,5.4,5.52,219460,5.33,5.17,5.18,3.5078,6.8144,6.5804,0.0707,0.0369,0.0866
VSC,2019-12-30,5.55,5.73,5.52,5.61,237610,5.36,5.2,5.18,4.5915,7.8163,8.2244,-0.0472,-0.0207,0.0819
VSC,2019-12-31,5.62,5.69,5.52,5.57,108340,5.4,5.24,5.19,3.1416,6.2793,7.2751,-0.0781,-0.0359,0.0889
VSC,2020-01-02,5.52,5.72,5.48,5.6,197200,5.43,5.28,5.2,3.1821,6.0886,7.7045,0.0,0.0,0.0489
VSC,2020-01-03,5.6,5.72,5.6,5.72,347650,5.47,5.32,5.21,4.6533,7.5682,9.8556,0.5063,0.2558,0.0923
VSC,2020-01-06,5.76,5.76,5.62,5.62,55180,5.5,5.36,5.21,2.1926,4.9319,7.7968,-0.0896,-0.0411,0.0953
VSC,2020-01-07,5.7,5.7,5.56,5.56,53900,5.52,5.39,5.22,0.629,3.1769,6.5289,-0.0996,-0.0478,0.1011
VSC,2020-01-08,5.57,5.57,5.33,5.44,80310,5.54,5.41,5.22,-1.8088,0.5196,4.1096,-0.0119,-0.0063,0.0937
VSC,2020-01-09,5.44,5.54,5.44,5.52,43430,5.56,5.42,5.23,-0.6622,1.7333,5.576,0.044,0.0199,0.0956
VSC,2020-01-10,5.56,5.61,5.52,5.52,62780,5.57,5.44,5.23,-0.8811,1.5324,5.4606,-0.0728,-0.0374,0.102
VSC,2020-01-13,5.52,5.61,5.44,5.59,34110,5.57,5.45,5.24,0.275,2.5113,6.6902,0.0453,0.0234,0.0995
VSC,2020-01-14,5.6,5.6,5.44,5.49,11840,5.56,5.46,5.24,-1.3412,0.449,4.6417,-0.0073,-0.0035,0.0955
VSC,2020-01-15,5.52,5.52,5.38,5.41,44510,5.55,5.47,5.25,-2.5245,-1.2231,3.0225,-0.0437,-0.0211,0.092
VSC,2020-01-16,5.38,5.48,5.38,5.42,57770,5.53,5.48,5.25,-2.0152,-1.1194,3.1891,-0.0162,-0.0082,0.0937
VSC,2020-01-17,5.38,5.54,5.38,5.46,68150,5.5,5.48,5.25,-0.7988,-0.5031,3.9234,0.0,0.0,0.043
VSC,2020-01-20,5.46,5.5,5.46,5.46,14250,5.48,5.49,5.26,-0.5031,-0.6419,3.8507,-0.0258,-0.0116,0.0367
VSC,2020-01-21,5.4,5.51,5.4,5.49,12870,5.48,5.5,5.26,0.1866,-0.2415,4.3327,0.0102,0.0048,0.0277
VSC,2020-01-22,5.5,5.5,5.4,5.48,22900,5.48,5.51,5.27,-0.0746,-0.575,4.0373,0.0195,0.009,0.0285
VSC,2020-01-30,5.48,5.48,5.33,5.4,55180,5.47,5.51,5.27,-1.3453,-2.1135,2.4129,-0.0083,-0.0036,0.0249
VSC,2020-01-31,5.36,5.38,5.21,5.21,116550,5.44,5.5,5.27,-4.1715,-5.2926,-1.0785,-0.0721,-0.0331,0.0248
VSC,2020-02-03,4.85,5.18,4.85,5.18,158860,5.4,5.49,5.27,-4.0136,-5.5602,-1.7403,0.1036,0.0521,0.0307
VSC,2020-02-04,5.17,5.3,5.11,5.19,120870,5.37,5.47,5.28,-3.2934,-5.0113,-1.6077,-0.017,-0.0084,0.0316
VSC,2020-02-05,5.19,5.27,5.06,5.11,60580,5.34,5.44,5.28,-4.2878,-6.1121,-3.1645,-0.0366,-0.0165,0.0309
VSC,2020-02-06,5.11,5.14,5.06,5.14,30060,5.31,5.42,5.28,-3.2133,-5.148,-2.6137,0.0224,0.0097,0.0316
VSC,2020-02-07,5.15,5.2,5.11,5.17,118060,5.28,5.39,5.28,-2.1087,-4.094,-2.0859,0.0419,0.0188,0.0357
VSC,2020-02-10,5.17,5.27,5.11,5.17,152640,5.25,5.37,5.28,-1.5755,-3.6924,-2.0101,-0.0639,-0.0314,0.0396
VSC,2020-02-11,5.21,5.21,5.14,5.19,17870,5.22,5.35,5.28,-0.6261,-2.9795,-1.6458,0.0082,0.0039,0.0394
VSC,2020-02-12,5.19,5.28,5.14,5.19,190620,5.2,5.34,5.28,-0.0788,-2.7566,-1.7105,-0.0582,-0.0277,0.0432
VSC,2020-02-13,5.14,5.21,5.14,5.19,37800,5.18,5.32,5.29,0.3159,-2.4579,-1.7903,0.0216,0.0108,0.0446
VSC,2020-02-14,5.19,5.23,5.17,5.23,48140,5.18,5.31,5.29,1.0659,-1.4248,-1.124,0.0737,0.0344,0.0447
VSC,2020-02-17,5.23,5.23,5.19,5.19,56950,5.18,5.29,5.3,0.2565,-1.8264,-1.9874,-0.0921,-0.0409,0.0436
VSC,2020-02-18,5.21,5.27,5.17,5.23,169080,5.18,5.28,5.3,0.9662,-0.8137,-1.3526,0.0452,0.0202,0.0464
VSC,2020-02-19,5.22,5.22,5.17,5.17,95730,5.19,5.26,5.31,-0.3347,-1.757,-2.6323,-0.139,-0.0709,0.0566
VSC,2020-02-20,5.27,5.27,5.15,5.15,51250,5.19,5.25,5.32,-0.7482,-1.8977,-3.1327,-0.0491,-0.0259,0.0593
VSC,2020-02-21,5.15,5.21,5.14,5.17,88750,5.19,5.24,5.32,-0.3544,-1.2393,-2.8492,-0.0145,-0.0072,0.0566
VSC,2020-02-24,5.11,5.11,4.99,5.0,236250,5.17,5.21,5.32,-3.3787,-4.1364,-6.1492,-0.1056,-0.0568,0.0607
VSC,2020-02-25,4.91,5.01,4.91,4.96,79510,5.15,5.19,5.33,-3.7316,-4.4335,-6.9277,0.0,0.0,0.0599
VSC,2020-02-26,4.91,4.99,4.89,4.99,46620,5.13,5.16,5.32,-2.7501,-3.3855,-6.3376,0.0511,0.0278,0.0592
VSC,2020-02-27,4.99,4.99,4.9,4.97,16530,5.11,5.14,5.32,-2.7222,-3.3797,-6.639,0.0087,0.004,0.0579
VSC,2020-02-28,4.97,4.97,4.82,4.86,200730,5.07,5.12,5.31,-4.0323,-5.0469,-8.4087,-0.0719,-0.04,0.0577
VSC,2020-03-02,4.86,4.91,4.75,4.77,167630,5.03,5.1,5.3,-5.0621,-6.4691,-9.9847,-0.081,-0.0448,0.0566
VSC,2020-03-03,4.8,4.94,4.8,4.94,99830,5.0,5.09,5.3,-1.227,-3.0218,-6.7784,0.0812,0.0467,0.0602
VSC,2020-03-04,4.94,4.94,4.91,4.91,14510,4.97,5.08,5.29,-1.3158,-3.4303,-7.25,-0.0093,-0.0055,0.0472
VSC,2020-03-05,4.91,5.07,4.91,5.01,84010,4.96,5.07,5.28,1.031,-1.2893,-5.2041,0.0139,0.008,0.0437
VSC,2020-03-06,5.01,5.11,5.01,5.11,116800,4.95,5.07,5.28,3.2206,0.7862,-3.1945,0.1474,0.0786,0.057
VSC,2020-03-09,4.75,4.85,4.75,4.75,179560,4.93,5.05,5.27,-3.527,-5.88,-9.7824,-0.0793,-0.0381,0.0544
VSC,2020-03-10,4.75,4.82,4.6,4.75,65330,4.91,5.03,5.26,-3.1251,-5.4687,-9.5895,0.0196,0.0092,0.0563
VSC,2020-03-11,4.8,4.8,4.6,4.6,117830,4.87,5.0,5.24,-5.5018,-7.9754,-12.267,-0.0613,-0.0315,0.0573
VSC,2020-03-12,4.54,4.54,4.28,4.31,317590,4.8,4.95,5.22,-10.1746,-12.9359,-17.404,-0.1172,-0.0529,0.0682
VSC,2020-03-13,4.02,4.19,4.02,4.17,216470,4.73,4.9,5.2,-11.879,-14.9113,-19.7671,0.0991,0.042,0.0709
VSC,2020-03-16,4.24,4.29,4.17,4.27,152200,4.68,4.85,5.17,-8.7534,-11.9999,-17.4043,0.0749,0.0348,0.0703
VSC,2020-03-17,4.17,4.26,4.09,4.23,161090,4.61,4.8,5.14,-8.2446,-11.9336,-17.7559,0.0691,0.0306,0.0691
VSC,2020-03-18,4.19,4.33,4.19,4.23,549820,4.54,4.76,5.12,-6.8825,-11.0633,-17.3256,-0.1805,-0.0941,0.0862
VSC,2020-03-19,4.19,4.23,4.17,4.21,126830,4.46,4.71,5.09,-5.6776,-10.6096,-17.2757,0.0321,0.0162,0.088
VSC,2020-03-20,4.19,4.26,4.17,4.26,71450,4.38,4.66,5.06,-2.6837,-8.6427,-15.7881,0.0562,0.0232,0.0789
VSC,2020-03-23,4.17,4.17,3.99,3.99,187560,4.3,4.61,5.03,-7.3635,-13.6213,-20.7285,-0.087,-0.0408,0.0797
VSC,2020-03-24,3.99,4.13,3.99,4.01,85470,4.23,4.57,5.0,-5.2454,-12.2748,-19.8266,-0.0498,-0.0219,0.0827
VSC,2020-03-25,4.01,4.21,4.01,4.19,104600,4.19,4.53,4.97,0.0732,-7.4387,-15.7245,0.0749,0.0285,0.0841
VSC,2020-03-26,4.29,4.29,4.19,4.19,68960,4.17,4.49,4.95,0.3672,-6.6378,-15.2717,-0.0595,-0.0266,0.0783
VSC,2020-03-27,4.19,4.27,4.17,4.19,138880,4.18,4.45,4.92,0.3181,-5.9309,-14.814,-0.0807,-0.0373,0.0765
VSC,2020-03-30,4.17,4.17,4.11,4.15,179170,4.16,4.42,4.89,-0.3681,-6.1922,-15.1479,0.0435,0.0246,0.0733
VSC,2020-03-31,4.13,4.19,4.13,4.19,69880,4.16,4.39,4.86,0.7124,-4.4623,-13.8546,0.0785,0.053,0.0743
VSC,2020-04-01,4.17,4.24,4.17,4.2,48250,4.16,4.35,4.84,1.0325,-3.4531,-13.2142,-0.0067,-0.0038,0.0569
VSC,2020-04-03,4.2,4.35,4.2,4.29,169680,4.17,4.31,4.82,3.042,-0.5212,-10.9,0.0276,0.0133,0.0565
VSC,2020-04-06,4.29,4.49,4.29,4.39,132460,4.18,4.28,4.8,5.1601,2.6987,-8.3742,0.0036,0.0016,0.0512
VSC,2020-04-07,4.39,4.44,4.38,4.4,96820,4.22,4.26,4.78,4.3583,3.3572,-7.7562,-0.0137,-0.0065,0.0439
VSC,2020-04-08,4.4,4.41,4.3,4.4,190140,4.26,4.24,4.75,3.382,3.7803,-7.3358,0.1138,0.052,0.0503
VSC,2020-04-09,4.4,4.44,4.39,4.39,154880,4.28,4.23,4.73,2.6497,3.7894,-7.1275,-0.111,-0.0535,0.0539
VSC,2020-04-10,4.41,4.41,4.29,4.29,178450,4.29,4.23,4.71,0.0237,1.4002,-8.8622,-0.1776,-0.0879,0.0657
VSC,2020-04-13,4.27,4.43,4.27,4.43,159390,4.31,4.25,4.69,2.558,4.2243,-5.7261,0.1642,0.0727,0.074
VSC,2020-04-14,4.43,4.47,4.38,4.45,48020,4.34,4.25,4.68,2.3289,4.4919,-4.9928,0.0188,0.0095,0.0716
VSC,2020-04-15,4.45,4.6,4.43,4.57,219580,4.38,4.27,4.67,4.2445,6.9506,-2.111,0.1065,0.0518,0.0744
VSC,2020-04-16,4.58,4.84,4.53,4.78,155730,4.44,4.3,4.66,7.71,11.2563,2.6315,0.098,0.0451,0.0835
VSC,2020-04-17,4.78,4.95,4.74,4.89,108000,4.5,4.33,4.66,8.5624,12.7491,4.9396,0.0263,0.0137,0.0834
VSC,2020-04-20,4.89,4.89,4.72,4.8,132050,4.54,4.36,4.65,5.7844,10.1734,3.3466,-0.0,-0.0,0.083
VSC,2020-04-21,4.71,4.75,4.52,4.52,151030,4.55,4.39,4.63,-0.7633,2.9823,-2.5358,-0.0578,-0.0301,0.0874
VSC,2020-04-22,4.46,4.7,4.44,4.66,187110,4.58,4.42,4.62,1.8085,5.458,0.7825,0.0981,0.0469,0.0858
VSC,2020-04-23,4.77,4.79,4.66,4.74,55420,4.61,4.45,4.62,2.814,6.6421,2.7502,0.0127,0.0064,0.076
VSC,2020-04-24,4.74,4.76,4.68,4.71,29220,4.65,4.47,4.61,1.2298,5.3354,2.2991,-0.0064,-0.0031,0.0589
VSC,2020-04-27,4.67,5.03,4.67,5.01,269100,4.71,4.51,4.6,6.2677,10.9476,8.8405,0.1706,0.0766,0.0595
VSC,2020-04-28,5.11,5.25,4.97,5.21,180830,4.79,4.57,4.6,8.8348,14.1322,13.2728,0.1406,0.0705,0.0717
VSC,2020-04-29,5.46,5.47,5.21,5.29,484840,4.86,4.62,4.6,8.8921,14.5384,15.019,-0.1675,-0.0826,0.0778
VSC,2020-05-04,5.21,5.27,5.07,5.21,235570,4.9,4.67,4.6,6.2721,11.5485,13.2225,0.0777,0.0458,0.0758
VSC,2020-05-05,5.21,5.33,5.16,5.31,109790,4.95,4.72,4.61,7.4158,12.5054,15.3607,0.1239,0.0533,0.0855
VSC,2020-05-06,5.33,5.56,5.28,5.55,288600,5.02,4.78,4.61,10.5007,16.0629,20.2659,0.2113,0.0985,0.1067
VSC,2020-05-07,5.55,5.76,5.5,5.5,170590,5.12,4.84,4.62,7.3853,13.6941,18.9003,-0.1419,-0.0724,0.1151
VSC,2020-05-08,5.52,5.58,5.44,5.49,188980,5.2,4.89,4.63,5.4803,12.2258,18.4072,-0.0316,-0.0164,0.1084
VSC,2020-05-11,5.54,5.77,5.5,5.77,190420,5.31,4.96,4.65,8.8212,16.4348,24.1594,0.1274,0.0657,0.1199
VSC,2020-05-12,5.72,5.79,5.65,5.78,96880,5.41,5.03,4.67,6.8529,14.9122,23.9434,0.0513,0.0256,0.1244
VSC,2020-05-13,5.78,5.8,5.67,5.72,125320,5.48,5.1,4.68,4.3413,12.2469,22.18,-0.017,-0.0093,0.109
VSC,2020-05-14,5.62,5.92,5.62,5.74,155670,5.54,5.16,4.7,3.7091,11.232,22.1102,-0.0205,-0.0113,0.097
VSC,2020-05-15,5.72,5.79,5.71,5.72,40330,5.58,5.22,4.72,2.5453,9.6105,21.2698,-0.0179,-0.0107,0.082
VSC,2020-05-18,5.63,5.71,5.63,5.63,38910,5.62,5.26,4.73,0.1455,6.98,18.9552,-0.0281,-0.015,0.0771
VSC,2020-05-19,5.64,5.72,5.62,5.62,88110,5.65,5.3,4.75,-0.5784,6.0446,18.4325,-0.056,-0.0294,0.0703
VSC,2020-05-20,5.66,5.66,5.23,5.56,56770,5.65,5.34,4.76,-1.6808,4.1448,16.9189,0.0215,0.0097,0.0513
VSC,2020-05-21,5.55,5.55,5.42,5.42,48220,5.65,5.38,4.77,-4.0724,0.617,13.5925,-0.0326,-0.0155,0.0404
VSC,2020-05-22,5.4,5.62,5.33,5.61,90580,5.66,5.43,4.79,-0.8488,3.3121,17.2426,0.0469,0.0281,0.0419
VSC,2020-05-25,5.61,5.74,5.52,5.69,87800,5.65,5.48,4.81,0.7415,3.9081,18.4098,0.0359,0.0191,0.0328
VSC,2020-05-26,5.69,6.01,5.69,5.97,1173370,5.67,5.54,4.84,5.2822,7.7094,23.3004,0.512,0.287,0.0788
VSC,2020-05-27,6.03,6.09,5.85,5.85,182450,5.68,5.58,4.87,2.8962,4.7044,19.9362,-0.068,-0.0352,0.0839
VSC,2020-05-28,5.75,5.91,5.72,5.75,80910,5.68,5.61,4.9,1.2589,2.5594,17.3356,-0.0509,-0.0266,0.087
VSC,2020-05-29,5.73,5.91,5.7,5.83,132810,5.69,5.64,4.94,2.3339,3.3451,18.0271,0.0202,0.0135,0.0872
VSC,2020-06-01,5.93,5.93,5.74,5.85,95840,5.71,5.67,4.97,2.3073,3.1281,17.6713,0.0055,0.0035,0.085
VSC,2020-06-02,5.8,5.85,5.75,5.76,142010,5.73,5.69,5.0,0.6244,1.284,15.3044,-0.0467,-0.0286,0.084
VSC,2020-06-03,5.76,5.85,5.72,5.77,78670,5.75,5.7,5.03,0.4266,1.2635,14.814,-0.0072,-0.0052,0.0826
VSC,2020-06-04,5.84,5.93,5.76,5.78,130140,5.79,5.72,5.07,-0.0353,1.1889,14.2004,-0.0468,-0.0277,0.084
VSC,2020-06-05,5.76,5.85,5.76,5.83,172010,5.81,5.73,5.1,0.2991,1.6043,14.1873,0.0351,0.0259,0.0828
VSC,2020-06-08,5.83,5.97,5.8,5.93,390220,5.83,5.74,5.14,1.6474,3.2488,15.4046,0.0767,0.0545,0.0869
VSC,2020-06-09,5.93,6.05,5.83,5.93,548200,5.83,5.75,5.17,1.7187,3.1203,14.6291,-0.0252,-0.0149,0.0382
VSC,2020-06-10,5.93,6.13,5.84,6.13,680210,5.86,5.77,5.21,4.712,6.2981,17.6978,0.3184,0.2055,0.0633
VSC,2020-06-11,6.07,6.09,5.74,5.74,327960,5.85,5.77,5.24,-1.9026,-0.4341,9.573,-0.0668,-0.039,0.0649
VSC,2020-06-12,5.52,5.68,5.46,5.52,434690,5.82,5.76,5.27,-5.2465,-4.1618,4.7527,-0.0495,-0.0325,0.0678
VSC,2020-06-15,5.58,5.58,5.3,5.3,406010,5.77,5.74,5.29,-8.0765,-7.6266,0.2588,-0.1674,-0.0853,0.084
VSC,2020-06-16,5.67,5.67,5.36,5.52,146670,5.75,5.74,5.31,-3.9487,-3.8033,3.8342,0.0027,0.0016,0.0796
VSC,2020-06-17,5.33,5.72,5.33,5.58,98160,5.73,5.74,5.34,-2.5521,-2.7517,4.5217,0.0182,0.0125,0.0807
VSC,2020-06-18,5.48,5.6,5.46,5.58,72500,5.71,5.75,5.36,-2.2031,-2.8901,4.0635,0.0512,0.0285,0.0811
VSC,2020-06-19,5.54,5.7,5.52,5.67,77610,5.69,5.75,5.39,-0.3234,-1.3422,5.2811,0.0234,0.014,0.0799
VSC,2020-06-22,5.66,5.66,5.53,5.66,85200,5.66,5.75,5.41,-0.0362,-1.4937,4.5993,0.0542,0.0348,0.0777
VSC,2020-06-23,5.66,5.8,5.62,5.68,171890,5.64,5.73,5.44,0.7611,-0.8913,4.4405,-0.0368,-0.0248,0.0789
VSC,2020-06-24,5.68,5.72,5.57,5.65,108490,5.59,5.72,5.47,1.0783,-1.2589,3.4108,0.004,0.0027,0.0474
VSC,2020-06-25,5.56,5.66,5.49,5.63,68890,5.58,5.72,5.49,0.9158,-1.5103,2.5919,0.0308,0.0214,0.0438
VSC,2020-06-26,5.58,5.59,5.52,5.55,95250,5.58,5.7,5.51,-0.604,-2.7055,0.7422,-0.0119,-0.0078,0.0401
VSC,2020-06-29,5.55,5.55,5.37,5.39,130130,5.59,5.68,5.52,-3.6739,-5.1903,-2.4399,-0.0609,-0.0397,0.0294
VSC,2020-06-30,5.39,5.54,5.39,5.48,180190,5.59,5.67,5.53,-1.9572,-3.3276,-0.9864,0.0325,0.02,0.0324
VSC,2020-07-01,5.46,5.54,5.46,5.5,30110,5.58,5.65,5.55,-1.4471,-2.73,-0.866,0.0,0.0,0.0306
VSC,2020-07-02,5.54,5.6,5.52,5.6,28040,5.58,5.64,5.57,0.348,-0.7605,0.5838,0.0429,0.0213,0.0297
VSC,2020-07-03,5.56,5.63,5.56,5.62,70420,5.58,5.63,5.59,0.8065,-0.2176,0.6037,0.057,0.0272,0.0331
VSC,2020-07-06,5.58,5.71,5.58,5.71,66460,5.58,5.62,5.61,2.3621,1.6086,1.8957,0.0749,0.0334,0.0352
VSC,2020-07-07,5.72,5.74,5.68,5.73,115160,5.59,5.61,5.63,2.6344,2.1485,1.8888,0.0611,0.0336,0.0376
VSC,2020-07-08,5.78,5.84,5.73,5.84,72700,5.6,5.6,5.64,4.121,4.2446,3.4008,0.0939,0.0507,0.0466
VSC,2020-07-09,5.84,6.01,5.84,5.97,362000,5.64,5.61,5.66,5.8547,6.4043,5.4723,0.1402,0.0856,0.0575
VSC,2020-07-10,5.93,6.03,5.91,5.92,570620,5.68,5.63,5.67,4.268,5.1198,4.3394,-0.5241,-0.2803,0.1087
VSC,2020-07-13,5.97,5.97,5.89,5.93,70470,5.73,5.66,5.69,3.4606,4.7215,4.2566,-0.0,-0.0,0.1027
VSC,2020-07-14,5.86,5.95,5.86,5.93,75220,5.77,5.68,5.7,2.6549,4.3447,4.0322,0.0372,0.0234,0.1031
VSC,2020-07-15,5.88,5.93,5.88,5.89,98670,5.81,5.7,5.7,1.2658,3.3462,3.1925,-0.0415,-0.0255,0.1073
VSC,2020-07-16,5.95,5.97,5.89,5.89,28490,5.84,5.71,5.71,0.7698,3.0688,3.0522,-0.0248,-0.0123,0.1055
VSC,2020-07-17,5.89,6.01,5.89,5.99,192260,5.88,5.73,5.72,1.8776,4.5682,4.6579,0.1197,0.0686,0.1117
VSC,2020-07-20,6.02,6.17,6.0,6.08,256240,5.92,5.75,5.73,2.799,5.7872,6.1515,-0.0101,-0.006,0.1052
VSC,2020-07-21,6.13,6.2,6.13,6.14,336070,5.96,5.77,5.74,3.1228,6.4281,7.0881,-0.2646,-0.1424,0.1256
VSC,2020-07-22,6.19,6.19,6.11,6.13,170180,5.99,5.8,5.74,2.4414,5.8107,6.7577,-0.0782,-0.0432,0.124
VSC,2020-07-23,6.09,6.13,6.03,6.05,77090,5.99,5.82,5.75,0.9378,4.024,5.2221,-0.0435,-0.0248,0.1144
VSC,2020-07-24,6.1,6.1,5.67,5.89,458270,5.99,5.83,5.75,-1.74,0.9198,2.32,0.0,0.0,0.062
VSC,2020-07-27,5.59,5.78,5.59,5.68,240080,5.97,5.85,5.75,-4.762,-2.8313,-1.2504,-0.004,-0.0025,0.0624
VSC,2020-07-28,5.68,5.97,5.68,5.94,185200,5.97,5.87,5.76,-0.4966,1.1402,3.0763,0.0699,0.0424,0.0656
VSC,2020-07-29,5.93,6.0,5.86,6.0,204470,5.98,5.9,5.77,0.3419,1.7508,3.9822,0.1662,0.1036,0.0781
VSC,2020-07-30,5.97,6.34,5.97,6.32,448280,6.02,5.93,5.79,4.888,6.4783,9.1333,0.5716,0.3634,0.1328
VSC,2020-07-31,6.32,6.43,6.21,6.4,279960,6.06,5.97,5.8,5.5294,7.1551,10.2462,0.227,0.1324,0.1435
VSC,2020-08-03,6.34,6.4,6.23,6.33,415030,6.09,6.0,5.82,3.9288,5.4155,8.7759,0.0321,0.0219,0.1457
VSC,2020-08-04,6.38,6.66,6.34,6.57,532560,6.13,6.04,5.83,7.2023,8.7434,12.7595,0.1746,0.1321,0.1367
VSC,2020-08-05,6.61,6.64,6.5,6.54,418010,6.17,6.08,5.84,5.9953,7.6082,11.9663,-0.1333,-0.0785,0.1422
VSC,2020-08-06,6.54,6.65,6.43,6.64,362380,6.23,6.11,5.86,6.6273,8.6865,13.3707,0.3398,0.2263,0.1719
VSC,2020-08-07,6.64,6.68,6.5,6.5,235170,6.29,6.14,5.87,3.3139,5.8413,10.6742,-0.2228,-0.1346,0.1941
VSC,2020-08-10,6.5,6.54,6.43,6.48,222440,6.37,6.17,5.89,1.7004,5.0365,10.0886,-0.0157,-0.0093,0.1953
VSC,2020-08-11,6.48,6.52,6.27,6.3,449430,6.41,6.19,5.9,-1.7387,1.7509,6.7702,-0.3451,-0.2217,0.2228
VSC,2020-08-12,6.27,6.38,6.27,6.38,90810,6.44,6.21,5.91,-1.0466,2.6654,7.9361,0.091,0.0565,0.2153
VSC,2020-08-13,6.38,6.44,6.36,6.38,80310,6.45,6.24,5.92,-1.1407,2.2616,7.7199,-0.0356,-0.02,0.1617
VSC,2020-08-14,6.34,6.4,6.26,6.26,170370,6.44,6.25,5.93,-2.683,0.2371,5.6641,-0.1404,-0.0884,0.153
VSC,2020-08-17,6.27,6.62,6.23,6.62,256400,6.47,6.28,5.94,2.402,5.503,11.4359,0.2029,0.1462,0.1701
VSC,2020-08-18,6.64,6.83,6.6,6.6,366860,6.47,6.3,5.96,2.0375,4.7935,10.8403,-0.3681,-0.2319,0.1895
VSC,2020-08-19,6.59,6.66,6.54,6.54,150160,6.47,6.32,5.96,1.0898,3.4844,9.6603,-0.1355,-0.0833,0.1897
VSC,2020-08-20,6.56,6.64,6.49,6.54,184860,6.46,6.34,5.98,1.2497,3.0844,9.368,-0.0518,-0.0297,0.1609
VSC,2020-08-21,6.55,6.71,6.55,6.71,431510,6.48,6.39,6.0,3.5951,5.1368,11.826,0.2576,0.1738,0.1644
VSC,2020-08-24,6.75,6.82,6.72,6.78,464180,6.51,6.44,6.03,4.0653,5.1964,12.2968,0.0304,0.0211,0.1658
VSC,2020-08-25,6.83,6.92,6.83,6.9,522980,6.57,6.49,6.06,4.9767,6.3076,13.8089,0.1497,0.0917,0.1463
VSC,2020-08-26,6.85,7.0,6.82,6.99,315000,6.63,6.54,6.09,5.3929,6.9083,14.792,0.158,0.1038,0.153
VSC,2020-08-27,7.01,7.14,6.95,7.13,1166100,6.71,6.58,6.12,6.3376,8.4188,16.547,0.7327,0.4666,0.2227
VSC,2020-08-28,7.18,7.25,7.07,7.07,1534750,6.79,6.61,6.15,4.1698,6.9386,15.0189,-0.767,-0.5132,0.2854
VSC,2020-08-31,7.07,7.12,6.93,6.95,495610,6.82,6.64,6.17,1.8727,4.5913,12.553,-0.2192,-0.1476,0.287
VSC,2020-09-01,6.95,7.18,6.9,7.15,467110,6.88,6.67,6.2,4.0273,7.1975,15.3136,0.2525,0.1384,0.2754
VSC,2020-09-03,7.37,7.37,7.14,7.15,551660,6.94,6.7,6.23,3.1094,6.7089,14.7596,-0.3302,-0.1912,0.2949
VSC,2020-09-04,7.03,7.21,6.98,7.15,307690,7.0,6.73,6.26,2.2059,6.3037,14.2016,0.1071,0.0553,0.3004
VSC,2020-09-07,7.15,7.2,7.09,7.11,232450,7.04,6.76,6.3,1.0278,5.1965,12.9624,-0.0548,-0.035,0.2802
VSC,2020-09-08,7.06,7.18,7.06,7.11,144450,7.07,6.79,6.33,0.548,4.7068,12.3465,-0.009,-0.0054,0.278
VSC,2020-09-09,7.09,7.33,7.05,7.28,505900,7.11,6.84,6.37,2.3881,6.4276,14.3698,0.188,0.1174,0.2818
VSC,2020-09-10,7.24,7.39,7.24,7.34,175370,7.15,6.89,6.4,2.7693,6.6021,14.7019,0.0463,0.0295,0.2707
VSC,2020-09-11,7.34,7.47,7.34,7.45,176110,7.18,6.94,6.44,3.7899,7.3024,15.6862,0.0828,0.0591,0.2057
VSC,2020-09-14,7.41,7.51,7.36,7.36,209160,7.21,7.0,6.47,2.0608,5.1055,13.5955,-0.1062,-0.0727,0.1396
VSC,2020-09-15,7.34,7.43,7.3,7.3,256320,7.24,7.03,6.51,0.8332,3.8451,12.2274,-0.1637,-0.1114,0.1341
VSC,2020-09-16,7.29,7.39,7.29,7.38,98740,7.26,7.07,6.54,1.5443,4.3242,12.7963,0.0492,0.0378,0.1137
VSC,2020-09-17,7.38,7.41,7.27,7.28,308240,7.28,7.11,6.57,0.0581,2.4408,10.8497,-0.1586,-0.1027,0.0966
VSC,2020-09-18,7.32,7.39,7.27,7.37,153710,7.3,7.15,6.6,0.928,3.034,11.6636,0.0539,0.036,0.0913
VSC,2020-09-21,7.37,7.41,7.33,7.34,92000,7.32,7.18,6.62,0.318,2.2872,10.8631,-0.0287,-0.0197,0.0886
VSC,2020-09-22,7.34,7.34,7.18,7.26,507860,7.34,7.2,6.65,-1.0387,0.7684,9.146,-0.0,-0.0,0.0877
VSC,2020-09-23,7.34,7.39,7.2,7.39,255210,7.35,7.23,6.68,0.5474,2.1848,10.5702,0.1803,0.1061,0.087
VSC,2020-09-24,7.41,7.41,7.31,7.37,53730,7.35,7.25,6.71,0.2304,1.6281,9.7673,0.0039,0.0025,0.0827
VSC,2020-09-25,7.31,7.39,7.3,7.34,130400,7.34,7.26,6.74,0.0866,1.1888,8.9784,-0.0,-0.0,0.0745
VSC,2020-09-28,7.37,7.41,7.32,7.41,214040,7.34,7.27,6.77,0.879,1.828,9.4595,0.1091,0.0736,0.0747
VSC,2020-09-29,7.41,7.42,7.38,7.38,345010,7.35,7.3,6.79,0.3456,1.0952,8.5748,-0.1088,-0.0701,0.0693
VSC,2020-09-30,7.38,7.7,7.33,7.7,522640,7.38,7.32,6.82,4.3428,5.1947,12.8846,0.2775,0.1855,0.0921
VSC,2020-10-01,7.83,7.91,7.83,7.88,182700,7.44,7.36,6.86,5.9142,7.1172,14.9305,0.043,0.0316,0.0805
VSC,2020-10-02,7.87,7.88,7.77,7.87,316270,7.49,7.4,6.9,5.055,6.4529,14.1692,0.1407,0.1099,0.0892
VSC,2020-10-05,7.87,8.21,7.83,8.0,489560,7.56,7.44,6.94,5.8231,7.5238,15.3039,-0.0236,-0.0173,0.0887
VSC,2020-10-06,8.0,8.45,8.0,8.31,450340,7.67,7.5,6.99,8.3805,10.7584,18.8277,0.0774,0.0581,0.0964
VSC,2020-10-07,8.31,8.68,8.3,8.61,425980,7.79,7.57,7.04,10.6129,13.8382,22.2812,0.0974,0.0733,0.0881
VSC,2020-10-08,8.61,8.85,8.59,8.85,527140,7.94,7.64,7.1,11.4815,15.7654,24.5787,0.2428,0.1851,0.112
VSC,2020-10-09,8.89,8.93,8.6,8.6,329660,8.06,7.7,7.15,6.721,11.7373,20.3757,-0.2059,-0.1567,0.1326
VSC,2020-10-12,8.6,8.77,8.47,8.47,383440,8.17,7.76,7.19,3.6538,9.1629,17.7691,-0.1516,-0.1002,0.1369
VSC,2020-10-13,8.47,8.57,8.43,8.47,301580,8.28,7.81,7.23,2.2887,8.3497,17.0721,-0.1139,-0.0764,0.1374
VSC,2020-10-14,8.47,8.68,8.47,8.55,297510,8.36,7.87,7.27,2.2655,8.6167,17.5989,-0.0243,-0.017,0.1121
VSC,2020-10-15,8.74,8.74,8.49,8.53,122690,8.43,7.93,7.31,1.2309,7.4954,16.6696,-0.0323,-0.0222,0.111
VSC,2020-10-16,8.61,8.61,8.49,8.53,151090,8.49,7.99,7.35,0.4487,6.7126,16.0705,-0.0251,-0.0163,0.0994
VSC,2020-10-19,8.53,8.53,8.5,8.52,86640,8.54,8.05,7.39,-0.285,5.8027,15.2928,0.0167,0.011,0.0987
VSC,2020-10-20,8.55,8.82,8.52,8.77,179670,8.59,8.13,7.43,2.1313,7.9427,17.9975,0.0715,0.0473,0.0982
VSC,2020-10-21,8.82,8.82,8.66,8.66,123320,8.59,8.19,7.48,0.7265,5.6848,15.6969,-0.0457,-0.0356,0.093
VSC,2020-10-22,8.71,8.72,8.59,8.61,59820,8.57,8.25,7.53,0.5062,4.3724,14.4468,-0.0186,-0.011,0.0706
VSC,2020-10-23,8.61,9.02,8.59,9.0,274470,8.61,8.34,7.58,4.474,7.9091,18.6827,0.1308,0.0735,0.0631
VSC,2020-10-26,9.0,9.27,8.89,9.1,276840,8.67,8.42,7.64,4.9293,8.081,19.1869,0.0098,0.0068,0.0489
VSC,2020-10-27,9.43,9.43,9.01,9.06,178810,8.73,8.5,7.68,3.7183,6.4987,17.8628,-0.0526,-0.0406,0.0427
VSC,2020-10-28,9.06,9.32,8.99,9.08,254950,8.79,8.57,7.73,3.344,5.9004,17.3912,-0.0409,-0.0307,0.0444
VSC,2020-10-29,8.99,9.02,8.95,8.99,72690,8.83,8.63,7.78,1.8101,4.2041,15.5247,0.0054,0.0038,0.0417
VSC,2020-10-30,9.06,9.06,8.96,8.99,90450,8.88,8.68,7.83,1.2803,3.5333,14.8017,-0.0217,-0.0134,0.0414
VSC,2020-11-02,9.08,9.1,9.01,9.1,93140,8.94,8.74,7.88,1.8476,4.1361,15.4978,0.0591,0.0437,0.0456
VSC,2020-11-03,9.1,9.27,9.1,9.22,148620,8.98,8.79,7.93,2.6816,4.967,16.3064,0.0525,0.0368,0.0437
VSC,2020-11-04,9.32,9.58,9.21,9.54,175470,9.07,8.83,7.98,5.1879,8.0176,19.5206,0.0858,0.0715,0.0477
VSC,2020-11-05,9.58,9.61,9.44,9.52,132440,9.16,8.87,8.03,3.9108,7.3616,18.4954,-0.0048,-0.0038,0.0463
VSC,2020-11-06,9.61,9.93,9.52,9.79,431800,9.24,8.92,8.09,5.9816,9.7183,21.1064,0.131,0.0966,0.0464
VSC,2020-11-09,9.87,10.07,9.87,10.04,148650,9.33,9.0,8.15,7.6128,11.558,23.319,0.0588,0.0433,0.0513
VSC,2020-11-10,10.09,10.16,10.09,10.09,142210,9.44,9.08,8.21,6.9022,11.0449,22.9102,-0.0547,-0.0419,0.0515
VSC,2020-11-11,10.09,10.14,10.07,10.09,88620,9.54,9.16,8.27,5.7714,10.1132,22.0376,-0.021,-0.0152,0.0495
VSC,2020-11-12,10.09,10.13,10.06,10.08,80350,9.65,9.24,8.32,4.4674,9.0722,21.0488,-0.0179,-0.0153,0.0507
VSC,2020-11-13,10.08,10.12,10.08,10.09,166710,9.76,9.32,8.38,3.4056,8.2777,20.3323,-0.0418,-0.0347,0.0527
VSC,2020-11-16,10.1,10.33,10.09,10.33,271470,9.88,9.41,8.45,4.5621,9.8002,22.2712,0.0969,0.0776,0.0565
VSC,2020-11-17,10.97,10.97,10.35,10.64,159180,10.02,9.5,8.52,6.1501,11.9551,24.8636,-0.0038,-0.0033,0.0517
VSC,2020-11-18,10.68,10.68,10.59,10.59,115750,10.13,9.6,8.58,4.6134,10.369,23.3893,-0.0467,-0.0368,0.0478
VSC,2020-11-19,10.64,10.64,10.22,10.42,112470,10.22,9.69,8.65,1.9751,7.531,20.4831,-0.0028,-0.0019,0.0476
VSC,2020-11-20,10.35,10.44,10.24,10.44,151650,10.28,9.76,8.71,1.5466,6.9603,19.9077,0.0623,0.0495,0.0407
VSC,2020-11-23,10.44,10.44,10.26,10.32,119690,10.31,9.82,8.77,0.1064,5.0692,17.7208,-0.0195,-0.0152,0.0367
VSC,2020-11-24,10.32,10.59,10.32,10.57,247810,10.36,9.9,8.83,2.0754,6.8144,19.7054,0.1171,0.0839,0.043
VSC,2020-11-25,10.64,10.68,10.6,10.64,123850,10.41,9.97,8.9,2.1698,6.6403,19.5675,-0.0066,-0.0052,0.0416
VSC,2020-11-26,10.64,10.64,10.47,10.48,141420,10.45,10.05,8.96,0.3043,4.3213,16.9996,-0.0586,-0.0464,0.0456
VSC,2020-11-27,10.48,10.58,10.48,10.55,176520,10.5,10.13,9.02,0.491,4.1689,16.9032,0.027,0.0215,0.0441
VSC,2020-11-30,10.64,10.64,10.53,10.54,196480,10.52,10.2,9.09,0.1876,3.3278,15.9609,-0.0568,-0.0442,0.0401
VSC,2020-12-01,10.5,11.27,10.49,11.27,565400,10.58,10.3,9.17,6.5285,9.4316,22.9597,0.1431,0.1268,0.0541
VSC,2020-12-02,11.27,11.89,11.27,11.67,200770,10.69,10.41,9.25,9.1506,12.1063,26.0883,0.0241,0.0225,0.0518
VSC,2020-12-03,11.84,11.84,11.4,11.62,125520,10.81,10.51,9.34,7.5269,10.5664,24.4688,-0.0,-0.0,0.0515
VSC,2020-12-04,11.43,11.58,11.34,11.4,190990,10.91,10.59,9.42,4.5646,7.6549,21.0677,-0.0339,-0.0308,0.0487
VSC,2020-12-07,11.4,11.84,11.32,11.62,151220,11.04,10.67,9.5,5.3154,8.9134,22.3013,0.0097,0.0089,0.0477
VSC,2020-12-08,11.62,11.73,11.56,11.56,88120,11.14,10.75,9.59,3.7912,7.5565,20.5483,-0.0412,-0.0387,0.0401
VSC,2020-12-09,11.51,11.73,11.4,11.54,126910,11.23,10.82,9.66,2.7645,6.6342,19.3655,-0.0086,-0.0082,0.0403
VSC,2020-12-10,11.58,11.67,11.36,11.45,184520,11.32,10.89,9.74,1.1138,5.1572,17.5906,-0.0212,-0.0198,0.0366
VSC,2020-12-11,11.56,11.73,11.38,11.62,143200,11.43,10.96,9.81,1.6981,6.0212,18.4799,0.019,0.0151,0.0358
VSC,2020-12-14,11.62,11.95,11.62,11.67,167970,11.54,11.03,9.88,1.0831,5.776,18.0447,-0.0445,-0.0332,0.0345
VSC,2020-12-15,11.67,11.82,11.62,11.67,132410,11.58,11.08,9.95,0.7385,5.284,17.2476,-0.0273,-0.0237,0.023
VSC,2020-12-16,11.73,11.95,11.69,11.93,204220,11.61,11.15,10.02,2.7773,7.0129,19.0985,0.059,0.0561,0.0264
VSC,2020-12-17,11.84,12.0,11.84,11.95,254200,11.64,11.23,10.08,2.6752,6.4765,18.5823,0.0344,0.0296,0.0299
VSC,2020-12-18,11.97,12.0,11.8,11.97,195110,11.7,11.3,10.15,2.3622,5.9474,18.0106,0.0477,0.0443,0.0313
VSC,2020-12-21,11.97,11.97,11.82,11.91,166420,11.73,11.38,10.22,1.5523,4.6294,16.5713,0.007,0.0066,0.031
VSC,2020-12-22,11.91,12.11,11.84,12.06,144020,11.78,11.46,10.29,2.4208,5.2883,17.2486,0.0246,0.0244,0.0293
VSC,2020-12-23,11.91,12.24,11.91,11.93,57740,11.82,11.52,10.36,0.9651,3.555,15.2126,-0.0117,-0.0121,0.0296
VSC,2020-12-24,11.95,11.97,11.62,11.78,106800,11.85,11.59,10.42,-0.6108,1.6516,13.0212,-0.0055,-0.0058,0.0281
VSC,2020-12-25,11.75,12.04,11.75,12.04,36300,11.89,11.66,10.49,1.2541,3.2586,14.7735,0.0089,0.0083,0.0271
VSC,2020-12-28,12.04,12.06,11.84,11.93,62570,11.92,11.73,10.56,0.1104,1.7108,12.9934,-0.0039,-0.0037,0.023
VSC,2020-12-29,11.86,12.08,11.71,11.75,435550,11.93,11.75,10.62,-1.4344,0.0093,10.7064,-0.122,-0.0943,0.0325
VSC,2020-12-30,11.89,12.13,11.8,11.82,596550,11.92,11.76,10.68,-0.7915,0.5034,10.6664,-0.1555,-0.1396,0.0421
VSC,2020-12-31,11.82,12.17,11.8,12.08,211830,11.93,11.78,10.75,1.3054,2.5402,12.4,0.0453,0.0361,0.0432
VSC,2021-01-04,12.11,12.37,11.95,12.37,237400,11.97,11.83,10.82,3.3535,4.5315,14.3344,0.0704,0.0606,0.0455
VSC,2021-01-05,12.39,12.39,11.95,12.37,64000,12.01,11.87,10.88,2.9573,4.2032,13.6478,0.0191,0.0172,0.0467
VSC,2021-01-06,12.28,12.5,12.13,12.5,352200,12.06,11.92,10.95,3.6741,4.8951,14.1347,0.1187,0.0989,0.0561
VSC,2021-01-07,12.5,12.59,12.39,12.41,98500,12.11,11.96,11.02,2.5363,3.7771,12.6481,-0.0162,-0.0147,0.0565
VSC,2021-01-08,12.41,12.98,12.41,12.76,250200,12.2,12.03,11.09,4.5822,6.1269,15.0448,0.0178,0.0165,0.0578
VSC,2021-01-11,12.79,13.31,12.72,13.29,148100,12.33,12.11,11.18,7.7908,9.7428,18.8678,0.0323,0.0294,0.0601
VSC,2021-01-12,13.49,14.21,13.38,14.21,180800,12.56,12.24,11.28,13.168,16.129,25.9549,0.0562,0.0537,0.0654
VSC,2021-01-13,14.91,14.91,14.58,14.58,130900,12.84,12.38,11.39,13.5782,17.7721,28.0422,-0.0321,-0.0328,0.0564
VSC,2021-01-14,14.87,14.87,14.36,14.45,69300,13.1,12.51,11.49,10.2929,15.5329,25.8018,-0.0112,-0.0118,0.0419
VSC,2021-01-15,14.45,14.45,13.9,14.04,125000,13.3,12.61,11.58,5.5409,11.2753,21.2213,-0.0185,-0.0181,0.0393
VSC,2021-01-18,13.93,14.04,13.44,13.6,139600,13.42,12.69,11.65,1.3072,7.109,16.6664,-0.0159,-0.0149,0.0338
VSC,2021-01-19,13.55,13.55,12.65,12.68,262900,13.45,12.73,11.71,-5.7711,-0.4478,8.2742,-0.038,-0.0369,0.0357
VSC,2021-01-20,12.68,12.68,12.11,12.61,97200,13.46,12.76,11.76,-6.3366,-1.1773,7.2501,0.0192,0.0173,0.0257
VSC,2021-01-21,12.65,13.27,12.65,13.25,71500,13.55,12.83,11.82,-2.2179,3.2743,12.0573,0.0147,0.0129,0.0256
VSC,2021-01-22,13.25,13.49,12.96,13.14,73400,13.58,12.89,11.88,-3.2935,1.8794,10.5574,-0.0078,-0.0069,0.0246
VSC,2021-01-25,13.14,13.25,12.98,12.98,41700,13.55,12.94,11.94,-4.2071,0.322,8.7356,-0.0119,-0.0101,0.0226
VSC,2021-01-26,12.87,13.09,12.72,12.72,127200,13.4,12.98,11.99,-5.1047,-2.0105,6.1066,-0.0321,-0.0305,0.0202
VSC,2021-01-27,12.68,12.79,12.57,12.57,94000,13.2,13.02,12.03,-4.8173,-3.4948,4.4896,-0.019,-0.0181,0.0188
VSC,2021-01-28,12.39,12.43,11.69,11.95,346800,12.95,13.03,12.05,-7.7209,-8.2569,-0.8406,-0.0158,-0.0137,0.0193
VSC,2021-01-29,11.51,12.79,11.51,12.79,90200,12.83,13.06,12.1,-0.3249,-2.1237,5.658,0.0227,0.0195,0.0197
VSC,2021-02-01,12.79,13.49,12.79,13.27,99400,12.79,13.11,12.16,3.7024,1.2213,9.1348,0.0082,0.0086,0.019
VSC,2021-02-02,13.27,13.27,12.87,13.07,113900,12.83,13.14,12.21,1.8455,-0.5507,7.0267,-0.0,-0.0,0.0152
VSC,2021-02-03,13.16,13.16,12.96,13.05,81400,12.88,13.17,12.26,1.3283,-0.9242,6.4153,-0.0022,-0.002,0.0135
VSC,2021-02-04,13.05,13.05,13.03,13.05,67700,12.86,13.2,12.31,1.4839,-1.1628,5.9982,0.0365,0.0303,0.0156
VSC,2021-02-05,13.07,13.38,13.05,13.16,31100,12.86,13.22,12.36,2.3193,-0.481,6.4264,-0.0037,-0.0033,0.0152
VSC,2021-02-08,13.16,13.16,13.05,13.14,64200,12.88,13.21,12.42,2.0269,-0.5891,5.8061,0.0123,0.0111,0.0153
VSC,2021-02-09,13.07,13.27,13.05,13.25,39400,12.93,13.17,12.47,2.4597,0.608,6.2258,0.0098,0.0083,0.013
VSC,2021-02-17,13.38,13.68,13.25,13.6,57200,13.03,13.12,12.52,4.342,3.6616,8.6347,0.0082,0.007,0.012
VSC,2021-02-18,13.6,13.6,13.38,13.58,42500,13.19,13.07,12.55,2.8923,3.8417,8.1299,0.0126,0.0095,0.0116
VSC,2021-02-19,13.38,13.58,13.16,13.38,62700,13.25,13.04,12.59,0.9433,2.59,6.2607,0.0015,0.0012,0.0095
VSC,2021-02-22,13.38,13.38,13.29,13.33,35400,13.26,13.03,12.63,0.5624,2.3569,5.5886,0.0,0.0,0.0087
VSC,2021-02-23,13.38,13.38,13.18,13.27,16400,13.28,13.06,12.66,-0.0826,1.6209,4.7945,-0.0007,-0.0006,0.0088
VSC,2021-02-24,13.33,13.33,13.16,13.25,49000,13.3,13.09,12.69,-0.3958,1.2064,4.343,-0.0,-0.0,0.0085
VSC,2021-02-25,13.16,13.36,13.09,13.22,77500,13.32,13.09,12.73,-0.6917,1.0473,3.8939,-0.0,-0.0,0.0049
VSC,2021-02-26,13.22,13.42,13.11,13.36,60300,13.34,13.1,12.77,0.148,1.9674,4.614,0.0091,0.0081,0.0054
VSC,2021-03-01,13.38,13.86,13.36,13.79,87600,13.4,13.14,12.81,2.9291,4.9908,7.6833,0.0141,0.0132,0.0056
VSC,2021-03-02,13.86,13.88,13.47,13.6,40400,13.44,13.18,12.85,1.1915,3.1443,5.8237,-0.0056,-0.0048,0.0052
VSC,2021-03-03,13.71,13.71,13.47,13.47,24600,13.42,13.23,12.88,0.3104,1.7989,4.5071,-0.0081,-0.0079,0.0052
VSC,2021-03-04,13.6,13.82,13.16,13.38,28800,13.4,13.3,12.91,-0.1963,0.5937,3.5935,-0.003,-0.0027,0.0042
VSC,2021-03-05,13.38,13.38,12.96,13.16,27400,13.38,13.32,12.94,-1.6716,-1.1939,1.7053,-0.0004,-0.0003,0.0041
VSC,2021-03-08,12.96,13.25,12.96,13.22,29900,13.37,13.32,12.96,-1.0989,-0.6835,2.0166,0.0074,0.007,0.0048
VSC,2021-03-09,13.16,13.16,13.01,13.14,10800,13.36,13.32,12.99,-1.6582,-1.3667,1.1483,0.0024,0.002,0.005
VSC,2021-03-10,13.16,13.25,12.28,13.25,71500,13.36,13.33,13.01,-0.8373,-0.617,1.8069,0.0246,0.0227,0.0075
VSC,2021-03-11,13.25,13.25,12.94,12.96,11900,13.33,13.32,13.03,-2.7801,-2.7241,-0.5419,-0.0031,-0.0029,0.0078
VSC,2021-03-12,12.83,13.05,12.83,12.94,9000,13.29,13.31,13.06,-2.6403,-2.8087,-0.887,0.0,0.0,0.0069
VSC,2021-03-15,12.9,12.96,12.68,12.87,44100,13.2,13.3,13.07,-2.4593,-3.2072,-1.5166,0.0052,0.0048,0.006
VSC,2021-03-16,12.9,12.94,12.72,12.94,46300,13.13,13.28,13.09,-1.4696,-2.6001,-1.1659,0.0172,0.0159,0.0071
VSC,2021-03-17,12.94,12.94,12.68,12.9,13200,13.08,13.25,13.11,-1.3754,-2.6732,-1.6722,0.0025,0.0023,0.0066
VSC,2021-03-18,12.9,12.94,12.81,12.92,38800,13.03,13.22,13.14,-0.8584,-2.265,-1.6694,0.009,0.0073,0.0072
VSC,2021-03-19,12.92,12.92,12.72,12.72,30500,12.99,13.18,13.15,-2.0436,-3.5183,-3.2656,-0.009,-0.007,0.008
VSC,2021-03-22,12.76,12.83,12.7,12.72,38500,12.93,13.15,13.16,-1.6616,-3.293,-3.3172,-0.0088,-0.0072,0.0082
VSC,2021-03-23,12.72,12.79,12.59,12.65,70400,12.89,13.12,13.16,-1.8039,-3.5681,-3.8589,-0.0089,-0.0077,0.0088
VSC,2021-03-24,12.5,12.5,12.39,12.43,59200,12.81,13.08,13.16,-2.8943,-4.9455,-5.5157,-0.0035,-0.0029,0.0067
VSC,2021-03-25,12.43,12.43,12.37,12.43,38800,12.75,13.04,13.16,-2.4935,-4.6578,-5.5189,0.0143,0.0122,0.0079
VSC,2021-03-26,12.39,12.39,12.17,12.19,25300,12.68,12.98,13.15,-3.8229,-6.089,-7.2715,-0.0048,-0.0042,0.0083
VSC,2021-03-29,12.22,12.33,12.19,12.26,49100,12.62,12.91,13.13,-2.8333,-5.0208,-6.6248,0.0,0.0,0.0078
VSC,2021-03-30,12.28,12.28,11.91,11.91,31600,12.51,12.82,13.08,-4.837,-7.1318,-8.9781,-0.0088,-0.0068,0.007
VSC,2021-03-31,12.04,12.04,11.73,11.86,34000,12.41,12.74,13.03,-4.4001,-6.8927,-8.9349,-0.0014,-0.0012,0.0069
VSC,2021-04-01,12.19,12.19,11.89,12.19,43700,12.34,12.68,12.98,-1.1731,-3.8644,-6.0842,0.0098,0.0074,0.007
VSC,2021-04-02,12.19,12.26,11.97,12.02,50300,12.27,12.63,12.94,-2.0379,-4.8198,-7.147,-0.0135,-0.0103,0.0074
VSC,2021-04-05,11.91,12.02,11.47,11.49,93100,12.15,12.54,12.9,-5.381,-8.3596,-10.9237,-0.027,-0.0211,0.0092
VSC,2021-04-06,11.49,11.95,11.49,11.62,96600,12.04,12.46,12.88,-3.4785,-6.7476,-9.7565,-0.0114,-0.0093,0.0095
VSC,2021-04-07,11.62,11.62,11.21,11.29,144500,11.93,12.37,12.85,-5.3135,-8.6718,-12.131,-0.0259,-0.0174,0.0117
VSC,2021-04-08,11.29,11.4,11.14,11.23,76400,11.81,12.28,12.81,-4.9034,-8.5633,-12.3678,-0.0097,-0.0075,0.0112
VSC,2021-04-09,11.23,11.23,10.72,10.77,95600,11.67,12.17,12.77,-7.6894,-11.5315,-15.6502,-0.0278,-0.0192,0.0135
VSC,2021-04-12,10.68,10.68,10.4,10.44,253100,11.48,12.05,12.72,-9.0909,-13.368,-17.8999,-0.0392,-0.0277,0.0174
VSC,2021-04-13,10.31,10.97,10.31,10.83,142000,11.38,11.94,12.68,-4.7619,-9.2996,-14.5418,0.017,0.0112,0.0183
VSC,2021-04-14,10.86,11.58,10.83,11.58,348600,11.35,11.88,12.66,2.0487,-2.5201,-8.5176,0.0793,0.0538,0.0261
VSC,2021-04-15,11.67,11.67,11.36,11.45,98500,11.27,11.81,12.65,1.5565,-3.028,-9.485,-0.0088,-0.006,0.026
VSC,2021-04-16,11.01,11.36,10.97,11.05,48800,11.18,11.72,12.61,-1.0989,-5.7063,-12.3661,-0.01,-0.0073,0.0256
VSC,2021-04-19,11.05,11.08,10.29,10.97,161200,11.12,11.63,12.57,-1.4195,-5.7493,-12.743,0.0276,0.0159,0.0257
VSC,2021-04-20,10.55,10.97,10.55,10.95,36000,11.06,11.55,12.52,-0.9224,-5.1507,-12.5357,0.0109,0.0068,0.0256
VSC,2021-04-22,10.75,10.94,10.59,10.64,65200,10.99,11.46,12.48,-3.2226,-7.1815,-14.7463,-0.0081,-0.0055,0.0238
VSC,2021-04-23,10.64,10.88,10.61,10.86,59100,10.95,11.38,12.43,-0.891,-4.6105,-12.6815,0.0099,0.006,0.0239
VSC,2021-04-26,10.97,10.97,10.66,10.68,68500,10.94,11.3,12.38,-2.4146,-5.5241,-13.7489,-0.0146,-0.0083,0.0225
VSC,2021-04-27,10.68,10.94,10.37,10.94,81400,11.0,11.24,12.34,-0.4687,-2.6294,-11.3094,0.0298,0.0196,0.0216
VSC,2021-04-28,11.08,11.12,10.99,11.08,34300,11.02,11.2,12.3,0.5166,-1.0825,-9.9171,0.0047,0.0028,0.0204
VSC,2021-04-29,10.99,11.08,10.88,10.97,13900,10.96,11.15,12.24,0.0691,-1.6769,-10.4345,-0.0004,-0.0003,0.0125
VSC,2021-05-04,10.64,10.85,10.41,10.63,55900,10.88,11.07,12.18,-2.2364,-3.9847,-12.7292,0.0,0.0,0.0116
VSC,2021-05-05,10.56,10.8,10.56,10.7,51200,10.84,11.01,12.13,-1.3046,-2.806,-11.796,0.0027,0.0018,0.0109
VSC,2021-05-06,10.83,10.83,10.64,10.64,15400,10.81,10.97,12.08,-1.5236,-2.9354,-11.8617,-0.0044,-0.0026,0.0086
VSC,2021-05-07,10.64,10.79,10.57,10.57,20100,10.77,10.91,12.02,-1.889,-3.176,-12.1105,-0.0054,-0.0031,0.008
VSC,2021-05-10,10.57,10.57,10.23,10.43,48300,10.75,10.87,11.97,-2.9404,-4.0154,-12.8081,0.0023,0.0013,0.0074
VSC,2021-05-11,10.41,10.85,10.41,10.63,25900,10.73,10.84,11.91,-0.8805,-1.9127,-10.7555,0.0,0.0,0.0064
VSC,2021-05-12,10.43,10.66,10.43,10.54,13000,10.71,10.83,11.86,-1.5819,-2.6297,-11.0796,0.0,0.0,0.005
VSC,2021-05-13,10.59,10.63,10.46,10.56,41700,10.68,10.84,11.79,-1.1205,-2.5798,-10.4972,0.0012,0.0007,0.0021
VSC,2021-05-14,10.63,11.1,10.63,10.97,75500,10.66,10.84,11.74,2.8251,1.1411,-6.6055,0.0097,0.0057,0.0026
VSC,2021-05-17,10.97,11.5,10.92,11.3,243200,10.7,10.83,11.7,5.6119,4.3415,-3.4188,0.0196,0.012,0.0045
VSC,2021-05-18,11.39,11.39,11.1,11.25,55000,10.76,10.82,11.66,4.5913,4.0258,-3.4468,0.0013,0.0007,0.0047
VSC,2021-05-19,11.25,11.39,11.08,11.39,56800,10.83,10.83,11.62,5.1555,5.0926,-2.0084,0.0135,0.0084,0.0057
VSC,2021-05-20,11.39,11.39,11.21,11.3,74800,10.89,10.85,11.58,3.7112,4.1151,-2.4475,-0.0,-0.0,0.0053
VSC,2021-05-21,11.39,11.67,11.25,11.61,129800,11.0,10.88,11.55,5.5494,6.6521,0.4958,0.025,0.0139,0.0073
VSC,2021-05-24,11.79,11.81,11.41,11.45,55200,11.1,10.92,11.51,3.1833,4.8342,-0.5379,-0.0127,-0.0077,0.0083
VSC,2021-05-25,11.3,11.65,11.3,11.65,81800,11.2,10.96,11.49,4.0245,6.2718,1.4241,0.0238,0.0158,0.0107
VSC,2021-05-26,11.41,11.63,11.3,11.41,107100,11.29,11.0,11.46,1.0696,3.7051,-0.4315,-0.01,-0.0065,0.0117
VSC,2021-05-27,11.43,11.63,11.43,11.43,71100,11.38,11.03,11.43,0.4869,3.6769,0.0137,-0.0235,-0.0142,0.0139
VSC,2021-05-28,11.63,11.63,11.23,11.23,30700,11.4,11.03,11.39,-1.496,1.797,-1.4361,-0.0061,-0.0034,0.0136
VSC,2021-05-31,11.1,11.45,10.94,11.45,83200,11.42,11.06,11.37,0.3104,3.5761,0.763,0.0136,0.008,0.013
VSC,2021-06-01,11.45,11.59,11.08,11.32,43200,11.42,11.09,11.33,-0.9114,2.0572,-0.1256,-0.0005,-0.0003,0.0129
VSC,2021-06-02,11.1,11.47,11.08,11.47,89800,11.43,11.13,11.31,0.3681,3.0948,1.4654,0.0189,0.0114,0.0134
VSC,2021-06-03,11.39,11.74,11.3,11.74,143700,11.48,11.19,11.29,2.2968,4.9661,3.996,0.0256,0.017,0.016
VSC,2021-06-04,11.74,11.96,11.54,11.83,76000,11.5,11.25,11.27,2.8703,5.1647,4.9342,0.0052,0.003,0.014
VSC,2021-06-07,11.96,12.07,11.01,11.85,113900,11.54,11.32,11.26,2.7068,4.7018,5.2396,0.0158,0.0099,0.0143
VSC,2021-06-08,11.96,12.03,11.85,11.85,72900,11.56,11.38,11.25,2.5297,4.1413,5.3487,-0.01,-0.0061,0.0129
VSC,2021-06-09,11.85,11.96,11.65,11.87,32400,11.61,11.45,11.24,2.3096,3.7303,5.6057,0.0031,0.002,0.0122
VSC,2021-06-10,11.94,11.98,11.85,11.9,103700,11.65,11.51,11.24,2.0913,3.3189,5.8712,-0.0074,-0.0046,0.0106
VSC,2021-06-11,11.98,12.63,11.98,12.58,158700,11.79,11.59,11.25,6.7468,8.5212,11.8487,0.0304,0.0184,0.013
VSC,2021-06-14,13.45,13.45,12.83,13.18,102000,11.96,11.69,11.28,10.2056,12.7641,16.892,0.0044,0.0031,0.0121
VSC,2021-06-15,12.76,13.18,12.76,13.07,68500,12.14,11.78,11.29,7.7036,10.9544,15.7298,0.0076,0.0051,0.0128
VSC,2021-06-16,13.0,13.62,12.74,12.85,77400,12.27,11.85,11.31,4.6931,8.4011,13.6012,-0.013,-0.0089,0.0122
VSC,2021-06-17,12.74,13.07,12.52,12.85,95400,12.38,11.93,11.34,3.7567,7.6966,13.3294,0.0045,0.003,0.0101
VSC,2021-06-18,13.07,13.07,12.83,13.07,93100,12.51,12.0,11.37,4.4988,8.8862,14.9899,0.0232,0.0164,0.0119
VSC,2021-06-21,12.85,13.29,12.85,13.09,64500,12.63,12.09,11.4,3.6478,8.331,14.8216,0.0019,0.0012,0.0105
VSC,2021-06-22,13.07,13.23,13.0,13.0,44800,12.75,12.15,11.44,2.016,6.9996,13.6905,-0.012,-0.0084,0.0107
VSC,2021-06-23,13.0,13.18,12.83,13.09,55200,12.87,12.24,11.48,1.7387,6.9877,14.002,0.0082,0.0057,0.0113
VSC,2021-06-24,12.91,13.34,12.91,13.29,160800,13.01,12.33,11.54,2.1798,7.7973,15.1659,0.0437,0.0281,0.0149
VSC,2021-06-25,13.47,13.47,13.18,13.18,69000,13.07,12.43,11.59,0.8646,6.0606,13.7437,-0.0184,-0.0119,0.0137
VSC,2021-06-28,13.2,13.45,13.18,13.42,90000,13.09,12.53,11.62,2.5381,7.1713,15.4788,0.0198,0.0129,0.0152
VSC,2021-06-29,13.47,13.51,13.14,13.45,86800,13.13,12.63,11.66,2.4127,6.4446,15.273,0.0191,0.0134,0.0164
VSC,2021-06-30,13.51,13.51,13.29,13.29,37300,13.17,12.72,11.71,0.8912,4.4659,13.508,-0.0098,-0.0066,0.0161
VSC,2021-07-01,13.29,13.34,13.09,13.2,27200,13.21,12.8,11.75,-0.0503,3.1767,12.3221,-0.0006,-0.0004,0.0157
VSC,2021-07-02,13.27,13.62,12.98,13.29,152800,13.23,12.87,11.8,0.452,3.2791,12.6281,-0.0014,-0.0009,0.0135
VSC,2021-07-05,13.07,13.31,13.07,13.07,93100,13.23,12.93,11.85,-1.2056,1.0793,10.2961,-0.0199,-0.0122,0.0153
VSC,2021-07-06,13.09,13.6,13.09,13.09,87400,13.24,12.99,11.89,-1.1044,0.7673,10.0676,-0.0113,-0.0075,0.0152
VSC,2021-07-07,13.0,13.14,12.98,13.11,56200,13.24,13.05,11.94,-0.9537,0.4582,9.8044,0.0078,0.0044,0.0152
VSC,2021-07-08,13.16,13.56,13.09,13.09,180000,13.22,13.11,11.99,-0.9718,-0.1689,9.226,-0.0642,-0.037,0.0172
VSC,2021-07-09,13.18,13.36,13.14,13.14,24400,13.22,13.14,12.03,-0.6034,-0.0421,9.2202,-0.0066,-0.0044,0.016
VSC,2021-07-12,13.14,13.14,12.23,12.87,71400,13.16,13.13,12.07,-2.205,-1.9492,6.6721,0.0051,0.0038,0.0146
VSC,2021-07-13,12.74,13.42,12.74,13.42,56700,13.16,13.14,12.12,2.0202,2.132,10.7497,0.0199,0.0148,0.0146
VSC,2021-07-14,13.4,13.42,13.07,13.25,59500,13.15,13.16,12.17,0.7073,0.6311,8.8302,-0.0,-0.0,0.0137
VSC,2021-07-15,13.29,13.38,13.27,13.34,36700,13.17,13.19,12.23,1.2786,1.117,9.0758,0.0025,0.0017,0.0139
VSC,2021-07-16,13.42,14.27,13.31,14.27,184600,13.26,13.25,12.3,7.5484,7.6833,15.9838,0.0718,0.0511,0.0209
VSC,2021-07-19,15.04,15.04,14.27,14.4,112200,13.4,13.31,12.38,7.4735,8.153,16.3144,-0.0144,-0.0117,0.0204
VSC,2021-07-20,14.16,14.4,14.13,14.16,19000,13.5,13.37,12.45,4.8228,5.8648,13.6991,-0.0032,-0.0023,0.0195
VSC,2021-07-21,14.16,14.18,13.96,14.18,43500,13.61,13.43,12.52,4.1667,5.6018,13.2162,0.0191,0.0135,0.0207
VSC,2021-07-22,14.18,14.73,14.18,14.51,92700,13.75,13.49,12.6,5.509,7.5887,15.1426,0.0063,0.0046,0.0149
VSC,2021-07-23,14.53,14.53,14.13,14.22,29900,13.86,13.54,12.67,2.605,5.0478,12.277,-0.004,-0.0028,0.0146
VSC,2021-07-26,13.96,14.6,13.96,14.4,84000,14.01,13.59,12.73,2.7505,5.9753,13.1221,0.0149,0.0098,0.0156
VSC,2021-07-27,14.51,14.51,14.22,14.27,49300,14.1,13.63,12.79,1.1942,4.6814,11.5499,-0.0139,-0.0093,0.015
VSC,2021-07-28,14.18,14.4,14.18,14.29,21200,14.2,13.68,12.85,0.6083,4.4619,11.2184,0.0,0.0,0.015
VSC,2021-07-29,14.35,14.35,14.18,14.35,35700,14.3,13.74,12.91,0.3562,4.5077,11.2065,0.0125,0.0092,0.016
VSC,2021-07-30,14.47,14.95,14.47,14.93,146400,14.37,13.82,12.97,3.9001,8.0561,15.076,0.0415,0.0328,0.013
VSC,2021-08-02,14.93,15.17,14.84,15.13,105700,14.44,13.92,13.05,4.7546,8.6887,15.9553,0.0294,0.0215,0.0145
VSC,2021-08-03,15.15,15.4,14.84,15.29,93500,14.56,14.03,13.12,5.0068,8.9445,16.495,0.0146,0.0107,0.0156
VSC,2021-08-04,15.26,15.26,14.95,15.06,66200,14.64,14.13,13.19,2.8589,6.6249,14.1706,-0.0067,-0.0048,0.0144
VSC,2021-08-05,14.95,14.95,14.84,14.89,99100,14.68,14.22,13.26,1.3881,4.7055,12.2395,-0.0049,-0.0036,0.0142
VSC,2021-08-06,14.8,14.95,14.42,14.69,120100,14.73,14.29,13.33,-0.2857,2.7429,10.1622,0.0,0.0,0.0138
VSC,2021-08-09,14.69,15.06,14.44,15.06,111300,14.8,14.4,13.4,1.8117,4.5752,12.3781,0.0227,0.0162,0.0146
VSC,2021-08-10,15.17,15.4,15.06,15.29,144800,14.9,14.5,13.48,2.6022,5.432,13.36,0.0122,0.0088,0.0144
VSC,2021-08-11,15.4,16.17,15.4,15.99,310900,15.07,14.64,13.57,6.1453,9.2863,17.8275,0.0299,0.0233,0.0174
VSC,2021-08-12,15.99,16.17,14.89,16.04,258900,15.24,14.77,13.66,5.2631,8.5864,17.4105,0.0414,0.0318,0.0203
VSC,2021-08-13,15.73,15.93,15.42,15.84,100300,15.33,14.85,13.74,3.3386,6.6686,15.2742,0.0124,0.0093,0.0174
VSC,2021-08-16,15.84,16.06,15.46,15.95,189200,15.41,14.93,13.82,3.5077,6.8566,15.392,0.0224,0.0171,0.0167
VSC,2021-08-17,15.93,15.99,15.51,15.51,119200,15.43,14.99,13.9,0.4881,3.4203,11.5965,-0.0283,-0.0189,0.0181
VSC,2021-08-18,15.29,15.51,14.42,14.44,362400,15.37,15.01,13.95,-6.0248,-3.7567,3.5611,-0.1304,-0.0877,0.0304
VSC,2021-08-19,13.76,14.84,13.76,14.4,172000,15.32,15.0,14.0,-6.0151,-4.0166,2.8741,0.0073,0.0049,0.0307
VSC,2021-08-20,14.4,14.75,14.4,14.51,74900,15.3,15.02,14.04,-5.1824,-3.3709,3.3808,-0.0043,-0.0031,0.0311
VSC,2021-08-23,14.4,14.51,14.29,14.31,79400,15.23,15.01,14.06,-6.0227,-4.6706,1.7964,-0.0095,-0.0065,0.0298
VSC,2021-08-24,14.09,14.27,13.65,13.93,116400,15.09,14.99,14.08,-7.6765,-7.0764,-1.0041,-0.0022,-0.0017,0.0288
VSC,2021-08-25,13.93,14.49,13.73,14.38,32000,14.93,15.0,14.11,-3.7092,-4.1501,1.9222,0.007,0.0047,0.0265
VSC,2021-08-26,14.4,15.29,14.4,14.66,70400,14.79,15.01,14.14,-0.8685,-2.3311,3.6967,-0.0097,-0.0069,0.0233
VSC,2021-08-27,14.66,14.86,14.49,14.73,39900,14.68,15.0,14.18,0.3319,-1.8233,3.9225,0.0021,0.0015,0.0223
VSC,2021-08-30,14.73,15.09,14.73,14.95,54000,14.58,15.0,14.21,2.5369,-0.288,5.2091,0.0031,0.0021,0.0204
VSC,2021-08-31,14.86,15.06,14.84,14.84,89400,14.52,14.97,14.25,2.2432,-0.8803,4.1602,-0.0248,-0.0176,0.02
VSC,2021-09-01,14.73,15.06,14.62,14.82,81900,14.55,14.96,14.28,1.8265,-0.9476,3.7531,-0.002,-0.0015,0.0072
VSC,2021-09-06,14.91,15.09,14.86,14.95,67500,14.61,14.97,14.32,2.3503,-0.0814,4.4407,-0.0023,-0.0016,0.0067
VSC,2021-09-07,14.98,14.98,14.53,14.53,85100,14.61,14.96,14.34,-0.5458,-2.8436,1.3096,-0.0156,-0.0117,0.0078
VSC,2021-09-08,14.55,14.55,13.54,14.27,75400,14.61,14.92,14.36,-2.3355,-4.3659,-0.6602,0.0105,0.0067,0.0079
VSC,2021-09-09,14.18,14.4,13.96,14.13,36000,14.63,14.86,14.37,-3.3773,-4.8897,-1.6798,-0.0021,-0.0015,0.0079
VSC,2021-09-10,14.13,15.11,14.13,15.11,248000,14.7,14.82,14.41,2.7727,1.9737,4.836,0.0749,0.0507,0.0147
VSC,2021-09-13,16.06,16.06,15.53,15.95,360900,14.83,14.81,14.47,7.559,7.6877,10.2569,0.0402,0.0312,0.0178
VSC,2021-09-14,15.95,15.95,15.06,15.17,116000,14.87,14.78,14.5,2.0256,2.6833,4.6249,-0.0187,-0.0153,0.0194
VSC,2021-09-15,15.17,15.17,14.82,15.06,92800,14.88,14.73,14.54,1.2056,2.2403,3.5765,0.0084,0.0063,0.02
VSC,2021-09-16,15.09,15.09,14.6,15.06,140500,14.91,14.71,14.58,1.0552,2.3942,3.2964,0.0409,0.0273,0.0216
VSC,2021-09-17,15.04,15.06,14.73,15.06,243600,14.93,14.74,14.62,0.8902,2.1788,3.021,0.0574,0.0392,0.0271
VSC,2021-09-20,15.06,15.06,14.62,14.84,132100,14.92,14.76,14.66,-0.5197,0.5251,1.2635,-0.0,-0.0,0.0269
VSC,2021-09-21,14.78,14.78,14.16,14.51,174300,14.92,14.76,14.68,-2.7324,-1.7254,-1.1887,0.0061,0.0043,0.0259
VSC,2021-09-22,14.31,14.62,14.07,14.58,149200,14.95,14.78,14.72,-2.4896,-1.3641,-0.9663,0.0303,0.025,0.0279
VSC,2021-09-23,14.4,14.6,14.07,14.09,314900,14.94,14.79,14.73,-5.7219,-4.712,-4.3638,-0.0511,-0.0408,0.0328
VSC,2021-09-24,14.29,14.29,13.91,14.13,98900,14.85,14.77,14.75,-4.8046,-4.3335,-4.1783,0.0053,0.0039,0.0258
VSC,2021-09-27,14.09,14.18,13.65,13.65,162400,14.62,14.72,14.76,-6.6384,-7.3127,-7.5214,-0.0262,-0.0186,0.0244
VSC,2021-09-28,13.51,13.58,13.29,13.45,157600,14.44,14.66,14.74,-6.9018,-8.2666,-8.7712,0.0028,0.0018,0.0228
VSC,2021-09-29,13.45,13.47,12.94,13.03,197700,14.24,14.56,14.71,-8.5252,-10.55,-11.4618,-0.0489,-0.0337,0.0269
VSC,2021-09-30,13.11,13.62,13.09,13.51,128700,14.08,14.5,14.7,-4.0579,-6.7777,-8.0688,0.0325,0.0194,0.026
VSC,2021-10-01,13.8,13.8,13.07,13.25,112800,13.9,14.42,14.68,-4.7164,-8.1131,-9.7631,-0.0152,-0.0098,0.0218
VSC,2021-10-04,13.2,13.23,12.94,13.18,205500,13.74,14.33,14.65,-4.0477,-8.0087,-10.0529,0.0378,0.022,0.0256
VSC,2021-10-05,12.91,13.25,12.91,13.16,75400,13.6,14.26,14.63,-3.2573,-7.721,-10.0736,0.0099,0.0063,0.026
VSC,2021-10-06,13.11,13.16,13.0,13.16,145200,13.46,14.2,14.61,-2.2383,-7.3612,-9.9208,0.0436,0.0274,0.0273
VSC,2021-10-07,13.23,13.71,13.23,13.56,201400,13.41,14.18,14.59,1.1236,-4.3601,-7.101,0.0196,0.0127,0.0242
VSC,2021-10-08,13.62,13.85,13.62,13.85,250500,13.38,14.11,14.58,3.4939,-1.8916,-5.07,0.0825,0.0562,0.0319
VSC,2021-10-11,13.96,14.04,13.71,13.71,261900,13.38,14.0,14.57,2.4495,-2.057,-5.8984,-0.0591,-0.038,0.0352
VSC,2021-10-12,13.71,13.73,13.45,13.51,475200,13.39,13.92,14.54,0.9099,-2.9049,-7.0858,-0.0769,-0.05,0.0426
VSC,2021-10-13,13.71,13.73,13.38,13.51,356400,13.44,13.84,14.51,0.5439,-2.3609,-6.8787,-0.0279,-0.0167,0.0405
VSC,2021-10-14,13.62,13.62,13.29,13.4,1507800,13.43,13.76,14.47,-0.198,-2.5765,-7.4018,-0.1422,-0.0854,0.0515
VSC,2021-10-15,13.42,13.6,13.29,13.42,874300,13.45,13.67,14.44,-0.1647,-1.8305,-7.0381,-0.0434,-0.0289,0.0543
VSC,2021-10-18,13.93,14.35,13.85,14.35,1369700,13.56,13.65,14.43,5.8305,5.1607,-0.5219,0.3487,0.2474,0.0854
VSC,2021-10-19,14.29,14.38,14.18,14.18,622000,13.67,13.63,14.42,3.7445,3.989,-1.6806,-0.2076,-0.1324,0.1052
VSC,2021-10-20,14.29,15.16,14.29,15.12,1247500,13.86,13.66,14.42,9.0438,10.6469,4.8136,0.3955,0.319,0.1404
VSC,2021-10-21,15.61,15.63,15.16,15.25,558100,14.03,13.72,14.42,8.6838,11.1556,5.7478,-0.0926,-0.0642,0.1477
VSC,2021-10-22,15.25,15.52,15.2,15.38,481700,14.18,13.78,14.41,8.4499,11.6236,6.7673,0.018,0.0127,0.1412
VSC,2021-10-25,15.25,15.29,15.03,15.07,610800,14.32,13.85,14.39,5.2386,8.7932,4.7385,-0.072,-0.0494,0.1425
VSC,2021-10-26,14.96,15.94,14.76,15.85,1122300,14.55,13.97,14.39,8.9166,13.4494,10.1675,0.2181,0.1633,0.1566
VSC,2021-10-27,15.9,16.19,15.67,15.87,762400,14.79,14.12,14.39,7.3287,12.4627,10.3342,-0.0337,-0.0215,0.1572
VSC,2021-10-28,15.81,15.92,15.67,15.87,450000,15.04,14.23,14.39,5.5644,11.5299,10.2779,0.0691,0.048,0.1499
VSC,2021-10-29,15.85,15.85,15.67,15.74,665100,15.27,14.36,14.42,3.0859,9.6286,9.1506,-0.034,-0.024,0.1489
VSC,2021-11-01,15.76,16.08,15.76,15.96,1001000,15.43,14.5,14.45,3.4581,10.1165,10.4592,0.048,0.0341,0.1189
VSC,2021-11-02,16.05,16.05,15.87,15.96,642200,15.61,14.64,14.48,2.2744,9.0614,10.2374,0.0,0.0,0.0981
VSC,2021-11-03,16.08,16.34,15.87,16.08,708600,15.7,14.78,14.52,2.36,8.7407,10.7384,-0.0097,-0.0076,0.0595
VSC,2021-11-04,16.03,16.05,15.74,15.85,575400,15.76,14.9,14.55,0.5524,6.4046,8.9126,-0.0363,-0.0256,0.0539
VSC,2021-11-05,15.85,16.41,15.83,16.19,1121500,15.85,15.01,14.59,2.1558,7.8053,10.9376,0.0616,0.0463,0.0583
VSC,2021-11-08,17.3,17.3,17.3,17.3,238500,16.07,15.19,14.64,7.6892,13.8846,18.1677,0.0,0.0,0.0511
VSC,2021-11-09,18.34,18.34,17.46,18.17,1438200,16.3,15.43,14.71,11.4554,17.7623,23.4833,0.1656,0.1417,0.0458
VSC,2021-11-10,17.97,17.97,17.68,17.76,867600,16.49,15.64,14.77,7.685,13.5306,20.2248,-0.0809,-0.0589,0.0505
VSC,2021-11-11,17.7,18.25,17.5,18.05,596200,16.71,15.87,14.83,8.0444,13.7227,21.6889,0.0521,0.0432,0.0488
VSC,2021-11-12,17.93,17.97,17.42,17.58,810600,16.89,16.08,14.89,4.0804,9.3252,18.0752,-0.0642,-0.0526,0.0518
VSC,2021-11-15,17.32,17.46,17.26,17.42,643200,17.04,16.23,14.94,2.2681,7.3255,16.6342,0.0715,0.0548,0.0542
VSC,2021-11-16,17.26,18.23,16.72,17.26,879800,17.17,16.39,14.99,0.5785,5.3568,15.162,-0.0501,-0.0364,0.0592
VSC,2021-11-17,17.11,17.26,16.95,17.19,698200,17.28,16.49,15.05,-0.5227,4.2192,14.1937,0.0849,0.0611,0.0667
VSC,2021-11-18,17.23,17.77,16.99,17.7,1091100,17.46,16.61,15.12,1.3478,6.522,17.0288,0.1294,0.0965,0.076
VSC,2021-11-19,17.66,17.68,17.19,17.26,833100,17.57,16.71,15.16,-1.7309,3.3386,13.8497,-0.0848,-0.0652,0.0784
VSC,2021-11-22,17.23,17.5,16.72,17.5,649600,17.59,16.83,15.2,-0.5019,3.9916,15.1667,0.0811,0.0701,0.0865
VSC,2021-11-23,17.46,17.46,16.85,17.34,439700,17.51,16.9,15.24,-0.9302,2.6042,13.8089,0.053,0.0366,0.0752
VSC,2021-11-24,17.34,17.62,17.19,17.46,602700,17.48,16.98,15.29,-0.0898,2.818,14.222,0.0237,0.0185,0.0695
VSC,2021-11-25,17.5,18.13,17.5,17.93,931800,17.46,17.09,15.34,2.6736,4.9548,16.8636,0.0784,0.0607,0.0721
VSC,2021-11-26,17.97,17.99,17.6,17.77,455900,17.48,17.19,15.4,1.6607,3.4203,15.4328,-0.0084,-0.0064,0.0665
VSC,2021-11-29,16.95,17.77,16.95,17.62,561600,17.5,17.27,15.45,0.6501,2.0161,14.0025,0.0669,0.0478,0.0661
VSC,2021-11-30,17.58,17.74,17.5,17.56,952300,17.53,17.35,15.52,0.1454,1.2077,13.175,-0.0884,-0.0692,0.0699
VSC,2021-12-01,17.46,17.58,17.23,17.58,425800,17.57,17.42,15.58,0.0335,0.8837,12.8646,0.1026,0.0788,0.0717
VSC,2021-12-02,17.46,17.81,17.26,17.62,846300,17.57,17.51,15.65,0.3016,0.5991,12.6063,0.0576,0.042,0.0645
VSC,2021-12-03,17.66,17.66,17.11,17.19,440400,17.56,17.56,15.71,-2.112,-2.1448,9.4205,-0.0391,-0.0287,0.0599
VSC,2021-12-06,17.11,17.26,16.7,16.7,469500,17.48,17.53,15.77,-4.4679,-4.7726,5.8865,-0.0874,-0.0662,0.0606
VSC,2021-12-07,16.79,17.19,16.75,16.99,225400,17.44,17.47,15.84,-2.5872,-2.7676,7.2708,0.0044,0.0033,0.0557
VSC,2021-12-08,17.19,17.19,16.87,16.97,141400,17.39,17.43,15.92,-2.4253,-2.6613,6.6158,-0.0136,-0.0109,0.0547
VSC,2021-12-09,17.15,17.15,16.87,16.97,96600,17.3,17.38,15.99,-1.8829,-2.3592,6.1546,-0.0082,-0.0056,0.0477
VSC,2021-12-10,17.11,17.11,16.81,16.87,240700,17.21,17.35,16.06,-1.9384,-2.726,5.0645,-0.0421,-0.0304,0.051
VSC,2021-12-13,16.97,17.58,16.79,17.34,476500,17.18,17.34,16.14,0.9593,0.0113,7.4395,0.0467,0.0352,0.049
VSC,2021-12-14,17.58,17.58,17.11,17.21,174200,17.14,17.34,16.22,0.3662,-0.7638,6.057,-0.0246,-0.0187,0.0426
VSC,2021-12-15,17.34,17.97,17.34,17.52,510800,17.14,17.36,16.31,2.2324,0.9496,7.4143,-0.0553,-0.0408,0.0379
VSC,2021-12-16,17.32,18.01,17.26,17.58,371200,17.13,17.35,16.39,2.5993,1.3231,7.2463,-0.011,-0.0087,0.0332
VSC,2021-12-17,17.85,17.85,17.34,17.54,189600,17.17,17.36,16.46,2.1597,1.0169,6.5267,-0.008,-0.0062,0.0301
VSC,2021-12-20,17.46,17.66,17.07,17.54,470900,17.25,17.36,16.54,1.6602,1.0055,6.0338,0.0613,0.0464,0.0275
VSC,2021-12-21,17.54,17.54,17.26,17.26,135000,17.28,17.36,16.62,-0.0908,-0.5537,3.902,-0.0285,-0.0182,0.0299
VSC,2021-12-22,17.28,17.28,16.99,16.99,199300,17.28,17.34,16.69,-1.6914,-2.0029,1.8229,-0.0356,-0.0254,0.0321
VSC,2021-12-23,16.99,17.46,16.5,17.19,507100,17.3,17.3,16.76,-0.6803,-0.6577,2.5336,0.0356,0.0243,0.0349
VSC,2021-12-24,17.26,17.62,17.19,17.46,263300,17.36,17.28,16.84,0.565,1.0216,3.6729,0.0167,0.0138,0.0323
VSC,2021-12-27,17.66,17.66,17.15,17.42,129300,17.37,17.27,16.9,0.2937,0.8518,3.0646,0.0029,0.002,0.028
VSC,2021-12-28,17.38,17.42,17.17,17.42,187700,17.39,17.27,16.97,0.1692,0.8919,2.6705,0.0382,0.0278,0.0293
VSC,2021-12-29,17.42,17.42,17.11,17.23,108100,17.36,17.25,17.01,-0.7909,-0.1422,1.2624,-0.0068,-0.0048,0.0245
VSC,2021-12-30,17.19,17.26,17.11,17.15,88400,17.32,17.23,17.05,-0.9968,-0.4613,0.5766,-0.0109,-0.0077,0.0245
VSC,2021-12-31,17.07,17.23,17.07,17.07,141400,17.27,17.22,17.08,-1.1813,-0.883,-0.0813,-0.0361,-0.0251,0.0273
VSC,2022-01-04,17.25,17.34,17.05,17.07,217500,17.23,17.24,17.12,-0.9112,-0.9901,-0.3145,-0.0426,-0.0274,0.0254
VSC,2022-01-05,16.95,17.07,16.83,16.87,288700,17.19,17.23,17.14,-1.8265,-2.0947,-1.5776,-0.0302,-0.0194,0.0256
VSC,2022-01-06,16.95,16.95,16.75,16.75,172100,17.16,17.22,17.16,-2.3777,-2.7169,-2.3646,-0.0339,-0.021,0.0254
VSC,2022-01-07,16.7,17.07,16.46,16.99,539200,17.14,17.22,17.18,-0.8926,-1.3555,-1.1213,0.0788,0.0506,0.0297
VSC,2022-01-10,16.83,17.11,16.6,16.75,298200,17.07,17.22,17.2,-1.8616,-2.6891,-2.6064,-0.0146,-0.0097,0.0295
VSC,2022-01-11,16.75,16.75,16.36,16.36,234800,16.97,17.17,17.21,-3.5615,-4.6966,-4.9314,-0.0452,-0.028,0.0337
VSC,2022-01-12,16.28,16.28,15.52,15.85,339400,16.81,17.1,17.21,-5.6956,-7.3022,-7.8832,-0.0065,-0.0038,0.0305
VSC,2022-01-13,15.89,16.28,15.89,15.89,142900,16.68,17.02,17.21,-4.7059,-6.6282,-7.6355,-0.0203,-0.0143,0.0319
VSC,2022-01-14,15.85,15.89,15.58,15.58,111300,16.52,16.92,17.2,-5.7007,-7.9314,-9.4311,-0.0311,-0.0179,0.0339
VSC,2022-01-17,15.6,15.79,15.3,15.3,179500,16.34,16.81,17.18,-6.3626,-8.953,-10.9365,-0.0228,-0.0147,0.0326
VSC,2022-01-18,15.19,15.3,14.77,14.77,223200,16.11,16.67,17.13,-8.3161,-11.3753,-13.7655,-0.0535,-0.0349,0.0337
VSC,2022-01-19,14.77,14.99,14.77,14.83,98100,15.91,16.55,17.06,-6.7703,-10.3681,-13.0835,-0.0124,-0.0084,0.0319
VSC,2022-01-20,15.01,15.6,14.79,15.6,102100,15.79,16.48,17.02,-1.2422,-5.3459,-8.3679,0.0229,0.014,0.0308
VSC,2022-01-21,15.62,15.66,15.36,15.38,46200,15.63,16.39,16.97,-1.6064,-6.1415,-9.3516,-0.0114,-0.0071,0.0241
VSC,2022-01-24,15.38,15.5,14.99,15.19,68800,15.48,16.27,16.92,-1.8763,-6.6908,-10.2546,-0.0028,-0.0018,0.0229
VSC,2022-01-25,15.05,15.42,14.79,15.4,96800,15.38,16.17,16.88,0.1403,-4.7734,-8.7612,0.0184,0.0117,0.0202
VSC,2022-01-26,15.46,15.89,15.3,15.4,57300,15.33,16.07,16.84,0.435,-4.1748,-8.5593,-0.0096,-0.0066,0.0205
VSC,2022-01-27,15.4,15.4,15.11,15.3,78800,15.28,15.98,16.8,0.1798,-4.2122,-8.9381,0.0111,0.0074,0.0196
VSC,2022-01-28,15.48,15.48,15.13,15.32,47500,15.25,15.88,16.76,0.476,-3.5386,-8.563,0.0014,0.0009,0.0166
VSC,2022-02-07,15.85,15.85,14.91,15.58,242600,15.28,15.81,16.72,1.9648,-1.4705,-6.8534,0.0335,0.0223,0.0177
VSC,2022-02-08,15.62,16.28,15.58,16.28,203600,15.43,15.77,16.7,5.5443,3.2531,-2.4883,0.0661,0.0437,0.0189
VSC,2022-02-09,16.32,16.44,16.01,16.21,76900,15.57,15.74,16.68,4.1089,2.9732,-2.8258,-0.0017,-0.0011,0.0179
VSC,2022-02-10,16.19,16.48,15.73,16.17,124500,15.62,15.71,16.65,3.4786,2.9164,-2.9104,0.0089,0.0055,0.0165
VSC,2022-02-11,16.09,16.09,15.95,15.99,80000,15.68,15.66,16.61,1.9515,2.1175,-3.7462,-0.0123,-0.0076,0.0166
VSC,2022-02-14,15.99,16.28,15.85,15.97,152100,15.76,15.62,16.58,1.3194,2.2484,-3.655,-0.0131,-0.0088,0.0176
VSC,2022-02-15,15.97,16.03,15.73,15.97,54700,15.82,15.6,16.54,0.955,2.377,-3.463,0.0126,0.0078,0.017
VSC,2022-02-16,15.93,16.13,15.91,15.97,48900,15.88,15.61,16.51,0.5932,2.3384,-3.2772,-0.0074,-0.0049,0.0168
VSC,2022-02-17,16.01,16.87,15.93,16.75,705300,16.02,15.65,16.49,4.58,7.0712,1.5772,0.2043,0.1197,0.0361
VSC,2022-02-18,16.77,17.15,16.28,16.87,575600,16.18,15.71,16.48,4.3056,7.3792,2.3834,0.0637,0.0432,0.0424
VSC,2022-02-21,16.7,17.07,16.48,16.87,162200,16.31,15.79,16.47,3.4773,6.8456,2.4224,0.0155,0.0111,0.0406
VSC,2022-02-22,16.48,16.66,16.32,16.66,251800,16.34,15.89,16.47,1.9208,4.8536,1.1172,0.0624,0.0404,0.0402
VSC,2022-02-23,16.56,16.99,16.5,16.85,226300,16.41,15.99,16.47,2.7143,5.4182,2.3252,0.0289,0.0191,0.0429
VSC,2022-02-24,16.83,16.83,16.09,16.21,301500,16.41,16.02,16.45,-1.2552,1.1759,-1.5143,-0.0485,-0.0321,0.0469
VSC,2022-02-25,16.3,16.79,16.3,16.62,198100,16.47,16.08,16.45,0.8693,3.3494,1.033,0.0142,0.0093,0.0471
VSC,2022-02-28,16.52,16.62,16.48,16.6,147200,16.54,16.15,16.44,0.3678,2.7759,0.9474,0.0267,0.0176,0.0484
VSC,2022-03-01,16.44,16.6,16.36,16.46,166300,16.59,16.2,16.42,-0.757,1.5923,0.2198,-0.0063,-0.0042,0.0478
VSC,2022-03-02,16.42,16.42,16.09,16.28,208900,16.62,16.25,16.41,-2.0071,0.2295,-0.7438,0.0066,0.0046,0.0477
VSC,2022-03-03,16.54,17.42,16.32,17.42,969200,16.68,16.35,16.4,4.4215,6.5387,6.2049,0.1771,0.1208,0.045
VSC,2022-03-04,17.66,18.05,17.34,17.46,3214200,16.74,16.46,16.4,4.2888,6.085,6.4593,-0.514,-0.3453,0.09
VSC,2022-03-07,17.3,18.11,17.15,17.89,2156100,16.84,16.58,16.41,6.2194,7.9482,9.044,0.3047,0.2041,0.1189
VSC,2022-03-08,17.83,17.83,17.5,17.5,1340800,16.93,16.64,16.41,3.3724,5.1949,6.6578,-0.208,-0.1403,0.1335
VSC,2022-03-09,17.3,18.72,16.87,18.72,3227100,17.12,16.76,16.44,9.3535,11.6638,13.8696,0.7572,0.5297,0.2063
VSC,2022-03-10,18.83,19.15,18.42,18.56,1361500,17.35,16.88,16.47,6.9652,9.9425,12.6996,-0.2235,-0.1641,0.2238
VSC,2022-03-11,18.44,19.07,18.32,18.72,1195900,17.56,17.02,16.5,6.5803,9.9839,13.4418,0.0148,0.0113,0.2239
VSC,2022-03-14,18.46,18.72,17.46,17.46,1911500,17.65,17.09,16.5,-1.0561,2.158,5.8314,-0.3827,-0.2675,0.2595
VSC,2022-03-15,17.34,17.66,17.09,17.26,857000,17.73,17.16,16.5,-2.6118,0.629,4.6623,-0.0963,-0.0646,0.2685
VSC,2022-03-16,17.34,17.85,17.26,17.54,725500,17.85,17.24,16.5,-1.7583,1.7644,6.3121,-0.0173,-0.0125,0.2695
VSC,2022-03-17,17.54,17.54,17.23,17.46,906300,17.86,17.27,16.5,-2.2193,1.1019,5.8063,0.1264,0.0921,0.2645
VSC,2022-03-18,17.58,17.91,17.5,17.66,800700,17.88,17.31,16.51,-1.2291,2.0061,6.929,-0.0585,-0.0376,0.2189
VSC,2022-03-21,17.77,17.77,17.26,17.58,650600,17.85,17.35,16.52,-1.4952,1.346,6.388,0.0413,0.0259,0.1926
VSC,2022-03-22,17.46,17.66,17.36,17.38,955700,17.83,17.38,16.53,-2.5303,0.0056,5.1607,-0.1773,-0.1203,0.1895
VSC,2022-03-23,17.38,18.05,17.36,17.46,737800,17.71,17.41,16.54,-1.396,0.2817,5.5603,-0.1287,-0.0873,0.1267
VSC,2022-03-24,17.46,17.85,17.34,17.64,959900,17.62,17.48,16.56,0.1225,0.8809,6.5141,0.0363,0.0234,0.108
VSC,2022-03-25,17.64,18.05,17.54,17.68,824500,17.51,17.54,16.57,0.9411,0.7999,6.6626,-0.0923,-0.0632,0.1157
VSC,2022-03-28,17.68,18.21,17.64,17.89,805200,17.56,17.6,16.6,1.9222,1.6552,7.8167,-0.0165,-0.0111,0.0791
VSC,2022-03-29,17.97,18.64,17.93,18.52,2027800,17.68,17.7,16.64,4.7492,4.6099,11.3102,0.4274,0.2936,0.1122
VSC,2022-03-30,18.42,19.03,17.89,18.19,1744000,17.75,17.8,16.69,2.4876,2.1769,8.9999,-0.1769,-0.1293,0.1281
VSC,2022-03-31,18.42,18.42,18.03,18.07,628000,17.81,17.83,16.73,1.4764,1.3313,8.0124,-0.1364,-0.0958,0.1292
VSC,2022-04-01,17.95,18.23,17.7,18.15,1097800,17.86,17.87,16.78,1.6372,1.5758,8.1492,0.1796,0.1242,0.1413
VSC,2022-04-04,18.25,18.4,18.01,18.15,855700,17.91,17.88,16.84,1.3144,1.5034,7.7838,-0.0553,-0.0372,0.1427
VSC,2022-04-05,18.15,18.56,18.03,18.05,795900,17.98,17.91,16.9,0.3928,0.7998,6.7855,-0.2157,-0.1461,0.1465
VSC,2022-04-06,17.93,18.25,17.66,17.66,1084500,18.0,17.85,16.96,-1.8967,-1.0989,4.1161,-0.2261,-0.1507,0.1562
VSC,2022-04-07,17.85,17.85,17.07,17.07,1470300,17.94,17.78,16.99,-4.8661,-3.9947,0.4711,-0.3056,-0.2011,0.1832
VSC,2022-04-08,17.11,17.25,16.48,16.48,930600,17.82,17.67,17.01,-7.5297,-6.7185,-3.1187,-0.1771,-0.1237,0.1917
VSC,2022-04-12,16.6,16.95,16.32,16.5,564000,17.68,17.62,17.04,-6.6903,-6.3527,-3.153,-0.0467,-0.0328,0.1947
VSC,2022-04-13,16.52,17.03,16.5,16.93,427000,17.52,17.6,17.07,-3.3811,-3.8119,-0.7978,0.0645,0.0415,0.1584
VSC,2022-04-14,16.99,17.44,16.91,17.21,905200,17.43,17.59,17.1,-1.261,-2.1587,0.5988,0.0335,0.0214,0.1441
VSC,2022-04-15,17.3,17.48,16.48,17.4,831300,17.36,17.58,17.15,0.2486,-1.0266,1.4967,0.1801,0.1239,0.1484
VSC,2022-04-18,17.38,18.23,17.32,18.13,1511400,17.36,17.61,17.2,4.4422,2.9641,5.3856,0.2055,0.1667,0.151
VSC,2022-04-19,18.25,19.27,18.05,18.48,2826700,17.39,17.65,17.26,6.2725,4.7015,7.0771,-0.1675,-0.1374,0.1622
VSC,2022-04-20,18.44,19.19,18.17,18.44,1706800,17.43,17.7,17.3,5.8082,4.1666,6.5832,-0.16,-0.1373,0.1567
VSC,2022-04-21,18.4,19.01,17.97,18.56,1483600,17.52,17.76,17.35,5.9351,4.5073,6.9724,0.0453,0.036,0.1386
VSC,2022-04-22,18.8,18.8,17.46,18.56,3023900,17.67,17.81,17.4,5.0411,4.2367,6.6781,0.5372,0.4068,0.1617
VSC,2022-04-25,18.44,18.44,17.26,17.26,1632400,17.75,17.78,17.42,-2.7194,-2.9233,-0.9098,-0.2794,-0.2353,0.172
VSC,2022-04-26,16.32,17.77,16.07,17.7,1776000,17.87,17.77,17.46,-0.9553,-0.4415,1.3666,0.2863,0.2282,0.1959
VSC,2022-04-27,17.54,18.05,16.89,17.91,718100,17.97,17.74,17.5,-0.2948,0.9453,2.3749,0.1985,0.1495,0.2093
VSC,2022-04-28,17.72,18.76,17.72,18.36,1180900,18.08,17.75,17.54,1.5625,3.4369,4.6676,0.1239,0.0998,0.2184
VSC,2022-04-29,18.25,19.31,18.23,19.09,2282700,18.25,17.8,17.59,4.6012,7.2176,8.5163,0.4743,0.3937,0.2478
VSC,2022-05-04,19.27,20.4,19.23,20.4,3362000,18.48,17.92,17.66,10.4268,13.879,15.5248,1.1371,1.064,0.3409
VSC,2022-05-05,20.8,20.91,19.7,20.56,1582100,18.69,18.04,17.74,10.0378,13.9874,15.9292,0.3136,0.2675,0.3556
VSC,2022-05-06,20.4,21.35,19.62,20.68,1741100,18.91,18.17,17.82,9.3588,13.8106,16.0665,0.1037,0.0984,0.3499
VSC,2022-05-09,20.13,20.33,19.25,19.25,2913300,18.98,18.25,17.86,1.4163,5.4669,7.7383,-0.5107,-0.497,0.3965
VSC,2022-05-10,17.93,20.17,17.93,20.17,1737400,19.14,18.4,17.94,5.3818,9.589,12.4013,0.3717,0.3458,0.3799
VSC,2022-05-11,20.01,20.33,19.52,20.05,637300,19.42,18.58,18.01,3.2636,7.9026,11.3192,0.1279,0.1036,0.3648
VSC,2022-05-12,19.62,20.4,18.66,18.66,1723900,19.51,18.69,18.05,-4.3837,-0.1732,3.3493,-0.3837,-0.361,0.3745
VSC,2022-05-13,18.46,18.8,17.36,17.36,2171100,19.46,18.71,18.07,-10.7683,-7.2084,-3.9192,-0.3618,-0.3539,0.3908
VSC,2022-05-16,17.74,17.91,16.21,16.24,1540200,19.25,18.66,18.07,-15.5963,-12.9612,-10.1036,-0.3628,-0.3235,0.4147
VSC,2022-05-17,15.7,17.19,15.19,17.17,995000,19.05,18.65,18.07,-9.9053,-7.9626,-4.9739,0.1913,0.1669,0.3864
VSC,2022-05-18,17.19,18.03,16.6,16.99,926800,18.71,18.6,18.06,-9.2053,-8.6305,-5.9023,-0.1382,-0.114,0.2865
VSC,2022-05-19,16.68,18.05,16.52,17.46,1503100,18.4,18.54,18.05,-5.1173,-5.84,-3.2482,0.1524,0.1262,0.2704
VSC,2022-05-20,17.46,17.81,17.19,17.28,581700,18.06,18.49,18.04,-4.312,-6.5004,-4.2038,-0.1726,-0.1494,0.2773
VSC,2022-05-23,17.58,17.58,16.6,16.89,622300,17.83,18.4,18.01,-5.2493,-8.209,-6.1887,-0.0982,-0.0871,0.2361
VSC,2022-05-24,16.99,17.09,16.6,16.97,398000,17.51,18.32,17.97,-3.0704,-7.3826,-5.5862,0.0555,0.0466,0.2044
VSC,2022-05-25,17.13,18.15,17.09,18.15,757200,17.32,18.37,17.96,4.7921,-1.1963,1.0267,0.1647,0.1493,0.2081
VSC,2022-05-26,18.42,18.76,18.13,18.4,577900,17.29,18.4,17.98,6.4216,0.0,2.3392,-0.0303,-0.0288,0.1728
VSC,2022-05-27,18.44,19.4,18.11,18.81,893300,17.44,18.45,18.01,7.8983,1.9887,4.4503,0.0377,0.0301,0.1404
VSC,2022-05-30,19.03,19.42,18.64,18.95,551800,17.71,18.48,18.04,7.0241,2.5695,5.0479,-0.0526,-0.0452,0.1093
VSC,2022-05-31,18.87,19.23,18.6,18.64,708900,17.86,18.45,18.06,4.3842,0.994,3.1734,-0.2304,-0.2027,0.1132
VSC,2022-06-01,18.46,19.62,18.21,19.58,1043500,18.11,18.41,18.1,8.0905,6.3342,8.1561,0.4331,0.36,0.1427
VSC,2022-06-02,19.62,19.66,19.23,19.42,747500,18.31,18.36,18.14,6.0752,5.8088,7.071,-0.0191,-0.0185,0.1294
VSC,2022-06-03,19.38,20.4,19.15,20.01,1221700,18.58,18.32,18.19,7.6858,9.2136,9.9968,0.2814,0.2369,0.1403
VSC,2022-06-06,19.82,21.19,19.82,20.76,1986600,18.97,18.4,18.26,9.4218,12.8172,13.6827,0.195,0.1856,0.15
VSC,2022-06-07,20.48,21.11,20.09,21.07,1902500,19.38,18.44,18.33,8.7265,14.2432,14.9696,0.4512,0.4263,0.1895
VSC,2022-06-08,21.19,21.58,20.6,20.6,1108300,19.63,18.47,18.39,4.9685,11.5242,12.043,-0.3748,-0.3408,0.2106
VSC,2022-06-09,20.52,21.58,20.09,21.54,1658400,19.94,18.62,18.46,8.039,15.719,16.7017,0.6468,0.6463,0.2722
VSC,2022-06-10,20.84,21.31,20.05,20.05,1075600,20.06,18.75,18.49,-0.0587,6.9373,8.4442,-0.2393,-0.221,0.2924
VSC,2022-06-13,18.68,19.42,18.66,18.66,816000,20.03,18.87,18.5,-6.8652,-1.1281,0.859,-0.1348,-0.1317,0.3006
VSC,2022-06-14,17.7,18.95,17.7,18.72,937800,20.04,18.95,18.51,-6.6079,-1.2218,1.1064,0.1961,0.174,0.2972
VSC,2022-06-15,18.83,18.83,17.44,17.97,1049600,19.88,19.0,18.51,-9.6023,-5.4012,-2.9024,-0.0646,-0.0668,0.2603
VSC,2022-06-16,18.44,19.23,18.25,19.11,800500,19.85,19.08,18.53,-3.7264,0.1543,3.1387,0.1849,0.1871,0.2769
VSC,2022-06-17,18.64,19.82,18.29,19.7,692400,19.82,19.2,18.56,-0.6039,2.5903,6.1266,0.1215,0.1332,0.2609
VSC,2022-06-20,20.01,20.01,18.64,18.64,735900,19.61,19.29,18.58,-4.9334,-3.3669,0.3126,-0.1434,-0.1527,0.2557
VSC,2022-06-21,18.46,19.21,17.72,17.89,709200,19.29,19.33,18.6,-7.2322,-7.4534,-3.7853,-0.1372,-0.1374,0.2243
VSC,2022-06-22,18.4,18.4,16.66,16.66,1142700,18.89,19.26,18.6,-11.838,-13.513,-10.4487,-0.2838,-0.266,0.2152
VSC,2022-06-23,16.66,17.77,16.64,17.77,414900,18.52,19.23,18.63,-4.0051,-7.5558,-4.5673,0.1391,0.1334,0.1645
VSC,2022-06-24,17.83,18.17,17.38,17.38,254800,18.25,19.16,18.63,-4.7517,-9.2585,-6.7192,-0.116,-0.1093,0.1521
VSC,2022-06-27,17.74,17.97,17.46,17.62,302500,18.15,19.09,18.64,-2.9084,-7.7081,-5.4976,-0.0403,-0.0377,0.1427
VSC,2022-06-28,17.68,17.81,17.21,17.26,821300,18.0,19.02,18.64,-4.0872,-9.2315,-7.3781,-0.2543,-0.2209,0.1485
VSC,2022-06-29,17.7,18.39,17.48,18.21,322600,18.02,18.95,18.64,1.0505,-3.8952,-2.294,0.1144,0.1021,0.1535
VSC,2022-06-30,18.62,18.62,17.98,17.98,238700,17.91,18.88,18.63,0.3639,-4.7845,-3.5152,-0.0611,-0.0641,0.1411
VSC,2022-07-01,17.7,17.91,16.98,17.91,397800,17.73,18.78,18.62,1.0094,-4.597,-3.8079,0.1211,0.1274,0.1411
VSC,2022-07-04,18.08,18.11,17.48,17.7,183400,17.64,18.62,18.6,0.3253,-4.9719,-4.8787,-0.03,-0.0288,0.1297
VSC,2022-07-05,17.09,17.67,16.62,16.83,495100,17.53,18.41,18.57,-3.9919,-8.567,-9.3505,-0.0937,-0.0839,0.1254
VSC,2022-07-06,16.4,16.73,15.67,15.67,408700,17.43,18.16,18.54,-10.1317,-13.7415,-15.4808,-0.1144,-0.0996,0.1084
VSC,2022-07-07,15.62,15.93,15.17,15.37,328600,17.19,17.85,18.49,-10.6296,-13.9417,-16.9017,-0.0976,-0.0698,0.1043
VSC,2022-07-08,15.75,15.88,15.56,15.75,144400,17.03,17.64,18.45,-7.494,-10.6915,-14.6016,0.0111,0.01,0.0938
VSC,2022-07-11,15.73,15.75,15.32,15.71,405100,16.84,17.49,18.39,-6.7027,-10.186,-14.5899,0.142,0.1237,0.104
VSC,2022-07-12,15.73,16.4,15.54,16.4,210700,16.75,17.38,18.34,-2.0997,-5.6135,-10.5742,0.0774,0.0689,0.0863
VSC,2022-07-13,16.4,16.62,15.75,16.53,219600,16.58,17.3,18.26,-0.3253,-4.4725,-9.486,0.0696,0.0695,0.0818
VSC,2022-07-14,16.42,16.42,16.08,16.19,210900,16.41,17.16,18.18,-1.3418,-5.671,-10.9499,-0.0272,-0.0253,0.0784
VSC,2022-07-15,16.27,16.44,15.88,16.06,288900,16.22,16.98,18.08,-1.0111,-5.422,-11.2107,-0.0327,-0.0291,0.0696
VSC,2022-07-18,16.19,16.19,15.88,16.06,194700,16.06,16.85,18.02,0.0,-4.6973,-10.8963,0.0108,0.01,0.0676
VSC,2022-07-19,16.1,16.27,15.97,16.27,141400,16.0,16.77,17.94,1.6995,-2.9496,-9.3065,0.0724,0.0659,0.0655
VSC,2022-07-20,16.57,17.05,16.29,16.88,342700,16.12,16.78,17.88,4.6854,0.5886,-5.6045,0.0631,0.0594,0.0604
VSC,2022-07-21,16.88,16.88,16.42,16.53,115300,16.24,16.72,17.84,1.8075,-1.1029,-7.3154,-0.0233,-0.0217,0.053
VSC,2022-07-22,16.53,16.83,16.23,16.23,275000,16.28,16.66,17.81,-0.3446,-2.5742,-8.8935,-0.0906,-0.0809,0.0609
VSC,2022-07-25,16.23,16.23,15.8,16.06,257000,16.32,16.58,17.81,-1.6133,-3.1566,-9.8436,0.0231,0.0205,0.049
VSC,2022-07-26,16.1,16.1,15.86,15.88,155300,16.27,16.51,17.78,-2.3614,-3.7971,-10.6843,-0.0481,-0.044,0.0461
VSC,2022-07-27,15.58,15.75,15.5,15.75,284900,16.19,16.39,17.76,-2.6926,-3.8652,-11.2891,0.1078,0.0964,0.0499
VSC,2022-07-28,16.19,16.23,15.97,16.08,267400,16.18,16.29,17.73,-0.6269,-1.3179,-9.325,-0.0139,-0.0115,0.0486
VSC,2022-07-29,16.23,16.38,16.08,16.16,307900,16.19,16.21,17.71,-0.16,-0.253,-8.7228,-0.0446,-0.0338,0.0498
VSC,2022-08-01,16.36,16.36,15.91,16.32,360400,16.22,16.14,17.7,0.6122,1.1101,-7.8097,0.0612,0.0523,0.0548
VSC,2022-08-02,16.38,16.38,16.1,16.19,278000,16.21,16.1,17.68,-0.1332,0.5092,-8.4602,-0.0336,-0.0297,0.0509
VSC,2022-08-03,16.14,16.66,15.95,16.62,756900,16.18,16.15,17.65,2.6941,2.8862,-5.8561,0.1608,0.1456,0.0607
VSC,2022-08-04,16.62,16.79,16.51,16.51,212700,16.18,16.21,17.61,2.0408,1.8574,-6.2664,-0.0685,-0.0542,0.0652
VSC,2022-08-05,16.51,16.53,16.29,16.32,292800,16.19,16.24,17.56,0.7866,0.4852,-7.1054,-0.0759,-0.064,0.0638
VSC,2022-08-08,16.32,16.7,16.25,16.6,506200,16.24,16.28,17.52,2.1791,1.9353,-5.2538,0.0837,0.0698,0.0698
VSC,2022-08-09,16.79,16.83,16.6,16.62,357700,16.32,16.29,17.48,1.8519,2.0003,-4.9111,-0.1076,-0.0924,0.0758
VSC,2022-08-10,16.57,16.62,16.44,16.47,296200,16.39,16.29,17.41,0.4873,1.0931,-5.4386,-0.0726,-0.0623,0.0723
VSC,2022-08-11,16.55,16.62,16.19,16.34,375600,16.41,16.3,17.35,-0.4602,0.2516,-5.8485,-0.025,-0.0222,0.0734
VSC,2022-08-12,16.25,16.4,16.16,16.25,312600,16.42,16.31,17.28,-1.0383,-0.3375,-5.9382,-0.026,-0.0211,0.0715
VSC,2022-08-15,16.38,16.38,16.23,16.27,306200,16.42,16.32,17.19,-0.8808,-0.2712,-5.3217,-0.039,-0.0321,0.0693
VSC,2022-08-16,16.27,16.53,16.21,16.27,344700,16.43,16.32,17.09,-0.9329,-0.2712,-4.79,-0.0834,-0.065,0.0743
VSC,2022-08-17,16.36,16.38,15.69,15.8,1029100,16.34,16.26,16.99,-3.3408,-2.8598,-7.0455,-0.1899,-0.147,0.0772
VSC,2022-08-18,15.69,15.8,14.98,15.8,1838300,16.27,16.23,16.88,-2.9178,-2.6401,-6.4128,0.7017,0.5177,0.1405
VSC,2022-08-19,15.56,15.84,15.39,15.78,550600,16.22,16.2,16.79,-2.7279,-2.6372,-6.0648,0.1634,0.1255,0.1492
VSC,2022-08-22,15.71,15.75,15.43,15.75,670800,16.13,16.19,16.74,-2.3542,-2.6797,-5.8679,0.221,0.1736,0.163
VSC,2022-08-23,15.5,15.75,15.47,15.75,752800,16.05,16.18,16.68,-1.829,-2.6407,-5.5334,0.1669,0.136,0.1689
VSC,2022-08-24,15.58,15.78,15.58,15.73,589500,15.97,16.18,16.63,-1.5131,-2.7676,-5.4089,0.1198,0.0858,0.1736
VSC,2022-08-25,15.71,16.19,15.62,15.97,1102800,15.94,16.17,16.57,0.2031,-1.2675,-3.6177,0.0867,0.0667,0.1798
VSC,2022-08-26,15.93,16.14,15.75,15.75,306900,15.89,16.15,16.49,-0.8422,-2.4781,-4.4654,-0.081,-0.0642,0.1853
VSC,2022-08-29,15.62,16.08,15.15,16.08,1201700,15.87,16.14,16.44,1.3192,-0.401,-2.1986,0.232,0.1731,0.2046
VSC,2022-08-30,16.1,16.23,15.84,15.84,478800,15.83,16.13,16.4,0.0955,-1.7666,-3.4015,-0.1518,-0.1145,0.2114
VSC,2022-08-31,15.88,15.88,15.6,15.8,400000,15.83,16.08,16.38,-0.1773,-1.7845,-3.5636,0.0619,0.0431,0.1986
VSC,2022-09-05,15.8,15.99,15.6,15.6,295700,15.81,16.04,16.34,-1.2834,-2.718,-4.4961,-0.0951,-0.075,0.138
VSC,2022-09-06,15.6,15.67,15.5,15.65,742400,15.79,16.01,16.3,-0.9292,-2.245,-4.0279,0.1818,0.1343,0.1398
VSC,2022-09-07,15.71,15.71,15.11,15.65,1115500,15.78,15.96,16.26,-0.8615,-1.9542,-3.7951,0.1314,0.1003,0.1308
VSC,2022-09-08,15.37,15.58,15.19,15.5,601200,15.76,15.9,16.23,-1.6573,-2.5582,-4.5162,0.087,0.0753,0.1229
VSC,2022-09-09,15.47,15.67,15.06,15.67,684600,15.75,15.86,16.18,-0.5207,-1.2245,-3.1484,0.1656,0.1305,0.1274
VSC,2022-09-12,15.41,15.75,15.41,15.54,269122,15.71,15.82,16.13,-1.0717,-1.7936,-3.6583,-0.0267,-0.0199,0.1214
VSC,2022-09-13,15.45,15.54,15.39,15.5,476411,15.68,15.78,16.08,-1.1836,-1.8321,-3.6371,0.1052,0.0775,0.1238
VSC,2022-09-14,15.15,15.52,15.15,15.5,658476,15.62,15.75,16.04,-0.8151,-1.5899,-3.3726,0.1454,0.117,0.1152
VSC,2022-09-15,15.5,15.54,15.45,15.5,295755,15.59,15.71,16.01,-0.5953,-1.3465,-3.211,-0.0,-0.0,0.1
VSC,2022-09-16,15.37,15.52,15.24,15.47,543687,15.56,15.69,16.01,-0.5272,-1.3823,-3.3224,0.0903,0.0662,0.1029
VSC,2022-09-19,15.28,15.39,14.89,14.89,450193,15.48,15.65,16.0,-3.8327,-4.821,-6.9077,-0.0912,-0.0725,0.1025
VSC,2022-09-20,14.89,15.6,14.46,15.6,1170853,15.48,15.64,15.99,0.7947,-0.2139,-2.437,0.4528,0.368,0.1296
VSC,2022-09-21,15.43,15.54,15.15,15.54,383299,15.47,15.63,15.99,0.4465,-0.5593,-2.8209,0.2441,0.1963,0.1408
VSC,2022-09-22,15.52,15.52,15.13,15.34,279434,15.45,15.61,15.97,-0.7122,-1.6733,-3.9085,0.01,0.008,0.1331
VSC,2022-09-23,15.37,15.97,15.26,15.93,2160857,15.48,15.61,15.96,2.8858,1.9971,-0.1839,0.5842,0.5223,0.175
VSC,2022-09-26,15.62,15.65,15.13,15.21,600220,15.45,15.58,15.94,-1.5088,-2.3275,-4.5311,-0.0871,-0.0689,0.181
VSC,2022-09-27,15.21,15.58,14.46,15.58,1243942,15.46,15.57,15.93,0.8098,0.0832,-2.1707,0.4516,0.3862,0.2157
VSC,2022-09-28,15.32,15.58,14.87,15.56,844364,15.46,15.54,15.92,0.6244,0.1073,-2.2491,0.2584,0.219,0.227
VSC,2022-09-29,15.54,15.54,14.89,14.89,335755,15.4,15.5,15.89,-3.3056,-3.8841,-6.2701,-0.0909,-0.0799,0.2361
VSC,2022-09-30,14.69,15.69,14.4,15.69,1253351,15.42,15.49,15.87,1.7376,1.3069,-1.094,0.308,0.2648,0.2578
VSC,2022-10-03,15.67,15.69,15.2,15.23,429631,15.46,15.47,15.84,-1.4986,-1.5826,-3.8737,-0.0878,-0.0818,0.2575
VSC,2022-10-04,15.25,15.69,14.92,15.69,551480,15.47,15.47,15.83,1.4581,1.4151,-0.8639,0.1618,0.1669,0.2284
VSC,2022-10-05,15.49,15.71,15.34,15.71,536403,15.48,15.48,15.82,1.486,1.5361,-0.6808,0.2524,0.2412,0.2292
VSC,2022-10-06,15.69,15.71,15.4,15.71,409027,15.52,15.49,15.82,1.2437,1.4642,-0.6596,0.0999,0.1018,0.2382
VSC,2022-10-07,15.43,15.67,14.87,15.67,585476,15.5,15.49,15.82,1.1248,1.1767,-0.9297,0.0984,0.1066,0.1896
VSC,2022-10-10,15.2,15.74,15.2,15.74,253180,15.55,15.5,15.81,1.2134,1.5415,-0.4658,0.0793,0.077,0.1889
VSC,2022-10-11,15.56,15.67,15.14,15.14,248784,15.5,15.48,15.79,-2.3622,-2.2125,-4.1318,-0.0505,-0.0555,0.1487
VSC,2022-10-12,15.23,15.67,15.14,15.67,220814,15.51,15.49,15.78,1.0015,1.1715,-0.6769,0.0673,0.0711,0.1296
VSC,2022-10-13,15.38,15.63,15.38,15.54,108285,15.58,15.49,15.76,-0.2707,0.2981,-1.44,0.0153,0.0137,0.1221
VSC,2022-10-14,15.58,15.69,15.54,15.69,297961,15.58,15.5,15.75,0.7266,1.2296,-0.3375,0.1248,0.1175,0.1038
VSC,2022-10-17,15.69,15.85,15.36,15.69,141648,15.63,15.54,15.73,0.4261,0.9685,-0.2339,0.0183,0.0174,0.0968
VSC,2022-10-18,15.71,15.71,15.6,15.69,118837,15.63,15.55,15.72,0.4261,0.9395,-0.1549,0.0229,0.0228,0.0829
VSC,2022-10-19,15.56,15.69,15.43,15.43,120836,15.6,15.54,15.69,-1.0958,-0.738,-1.7032,-0.0647,-0.06,0.0641
VSC,2022-10-20,15.34,15.6,15.34,15.56,125582,15.58,15.55,15.67,-0.1424,0.0498,-0.7207,0.0435,0.0394,0.0585
VSC,2022-10-21,15.54,15.54,15.09,15.12,400174,15.53,15.51,15.65,-2.6447,-2.5505,-3.3867,-0.0626,-0.0652,0.0549
VSC,2022-10-24,15.12,15.47,14.45,15.47,379406,15.5,15.52,15.63,-0.1861,-0.3431,-1.0071,0.0824,0.0976,0.0552
VSC,2022-10-25,15.14,15.36,14.65,15.32,190677,15.52,15.51,15.61,-1.3017,-1.2593,-1.8839,0.0428,0.0486,0.0545
VSC,2022-10-26,15.32,15.49,14.87,15.49,386277,15.5,15.51,15.59,-0.043,-0.093,-0.6471,0.1668,0.2115,0.0644
VSC,2022-10-27,15.05,15.45,15.0,15.23,64781,15.47,15.52,15.57,-1.5641,-1.9159,-2.224,-0.0,-0.0,0.0629
VSC,2022-10-28,15.18,15.51,15.18,15.47,181823,15.45,15.51,15.57,0.1581,-0.2718,-0.6144,0.0376,0.0425,0.0542
VSC,2022-10-31,15.47,15.47,15.25,15.45,99636,15.42,15.52,15.56,0.1727,-0.4861,-0.7125,0.0206,0.0236,0.0544
VSC,2022-11-01,15.43,15.54,15.27,15.47,244344,15.4,15.51,15.55,0.4612,-0.2718,-0.5308,0.0401,0.0429,0.0561
VSC,2022-11-02,15.47,15.47,15.27,15.4,91684,15.4,15.5,15.55,0.0432,-0.6015,-0.9144,0.0116,0.0115,0.0508
VSC,2022-11-03,15.25,15.4,15.25,15.4,60056,15.38,15.48,15.54,0.1443,-0.5018,-0.8697,0.0309,0.0332,0.0495
VSC,2022-11-04,15.25,15.36,15.09,15.36,143516,15.41,15.47,15.53,-0.3025,-0.6888,-1.1079,0.0317,0.0382,0.0464
VSC,2022-11-07,15.34,15.34,14.85,14.85,121999,15.34,15.42,15.51,-3.2258,-3.7133,-4.2566,-0.0264,-0.033,0.0408
VSC,2022-11-08,14.92,15.34,14.74,15.34,482107,15.35,15.43,15.5,-0.0579,-0.6113,-1.0549,0.1253,0.1487,0.0491
VSC,2022-11-09,15.05,15.27,14.89,14.89,41620,15.29,15.39,15.48,-2.5701,-3.2444,-3.7716,-0.0147,-0.0174,0.0339
VSC,2022-11-10,14.92,15.0,14.12,14.12,112893,15.18,15.32,15.44,-6.9768,-7.8662,-8.5874,-0.0206,-0.0254,0.0359
VSC,2022-11-11,14.16,15.07,13.76,15.07,541745,15.14,15.29,15.43,-0.4253,-1.4371,-2.3151,0.119,0.1559,0.0441
VSC,2022-11-14,14.63,14.87,14.07,14.87,406197,15.08,15.25,15.41,-1.3691,-2.4816,-3.5183,0.104,0.1486,0.0524
VSC,2022-11-15,14.25,14.6,13.85,14.6,340738,14.99,15.2,15.39,-2.5762,-3.8855,-5.1181,0.0741,0.1063,0.0558
VSC,2022-11-16,13.76,14.65,13.63,14.65,962411,14.92,15.16,15.37,-1.7857,-3.3463,-4.7063,0.1081,0.1396,0.0655
VSC,2022-11-17,14.65,14.65,14.12,14.49,273624,14.82,15.1,15.35,-2.2309,-4.0341,-5.594,0.0271,0.0335,0.0651
VSC,2022-11-18,14.21,14.6,13.85,14.6,291327,14.75,15.08,15.33,-0.9782,-3.1356,-4.7392,0.0478,0.0653,0.0667
VSC,2022-11-21,14.6,14.6,13.98,13.98,176679,14.66,15.0,15.3,-4.6321,-6.7978,-8.6075,-0.0527,-0.0631,0.0693
VSC,2022-11-22,14.03,14.6,13.78,14.6,512738,14.59,14.97,15.28,0.1065,-2.4245,-4.4344,0.0868,0.0893,0.0655
VSC,2022-11-23,14.09,14.4,14.09,14.29,1074352,14.53,14.91,15.26,-1.6193,-4.1167,-6.3204,0.0793,0.1065,0.0719
VSC,2022-11-24,14.21,14.21,13.78,13.78,187442,14.5,14.84,15.22,-4.915,-7.0915,-9.463,-0.0562,-0.0627,0.0755
VSC,2022-11-25,13.85,14.29,13.85,14.29,823606,14.42,14.78,15.2,-0.8621,-3.267,-5.9641,0.1595,0.1949,0.0796
VSC,2022-11-28,14.34,14.38,13.89,14.29,618581,14.36,14.72,15.19,-0.4637,-2.8877,-5.8902,0.0602,0.0642,0.0752
VSC,2022-11-29,14.21,14.25,13.89,14.25,314926,14.33,14.66,15.16,-0.5269,-2.7862,-6.015,0.0374,0.0407,0.0715
VSC,2022-11-30,14.25,14.25,13.98,14.01,93344,14.26,14.59,15.13,-1.7899,-3.9939,-7.4382,-0.015,-0.0147,0.0622
VSC,2022-12-01,14.01,14.18,13.98,14.18,181939,14.23,14.53,15.11,-0.3276,-2.3682,-6.1206,0.0218,0.0245,0.0617
VSC,2022-12-02,14.18,14.23,13.92,14.23,176616,14.19,14.47,15.07,0.2502,-1.6796,-5.6145,0.0193,0.0195,0.0588
VSC,2022-12-05,14.21,14.27,14.07,14.07,149992,14.2,14.43,15.05,-0.9065,-2.4915,-6.5035,-0.0228,-0.0217,0.0558
VSC,2022-12-06,14.14,14.87,13.96,14.56,1467614,14.2,14.39,15.03,2.5641,1.1643,-3.1277,0.0384,0.044,0.051
VSC,2022-12-07,14.47,14.49,14.12,14.12,96859,14.18,14.35,15.0,-0.4383,-1.6546,-5.9005,-0.0193,-0.0232,0.045
VSC,2022-12-08,14.14,14.38,13.98,13.98,212085,14.2,14.35,14.98,-1.5163,-2.5371,-6.6749,-0.038,-0.0393,0.0432
VSC,2022-12-09,14.09,14.21,13.32,14.21,385238,14.19,14.3,14.95,0.1095,-0.6905,-5.0051,0.0925,0.0892,0.0365
VSC,2022-12-12,14.25,14.25,13.72,13.83,151820,14.14,14.25,14.93,-2.2285,-2.9746,-7.3551,-0.0122,-0.0135,0.0317
VSC,2022-12-13,13.83,13.96,13.54,13.87,294953,14.11,14.22,14.89,-1.6522,-2.4124,-6.8304,0.0276,0.0275,0.0307
VSC,2022-12-14,13.98,13.98,13.76,13.87,69115,14.09,14.18,14.85,-1.5593,-2.145,-6.5993,0.0,0.0,0.0292
VSC,2022-12-15,13.87,13.87,13.32,13.83,157929,14.06,14.14,14.81,-1.6264,-2.2285,-6.6611,0.0383,0.0365,0.0308
VSC,2022-12-16,13.67,13.78,13.45,13.74,81102,14.01,14.1,14.78,-1.9173,-2.5581,-7.018,0.0127,0.0116,0.0302
VSC,2022-12-19,13.76,13.76,13.36,13.54,187061,13.95,14.08,14.73,-2.9744,-3.8234,-8.0966,-0.0029,-0.0029,0.0282
VSC,2022-12-20,13.32,13.67,13.05,13.67,293818,13.87,14.03,14.7,-1.3927,-2.5548,-7.0076,0.049,0.0516,0.0293
VSC,2022-12-21,13.18,13.49,12.87,13.49,262503,13.8,13.99,14.66,-2.2351,-3.5457,-7.943,0.0696,0.0716,0.0343
VSC,2022-12-22,13.47,13.58,13.21,13.49,176610,13.75,13.98,14.62,-1.888,-3.4461,-7.6858,0.0407,0.0391,0.0346
VSC,2022-12-23,13.34,13.41,13.18,13.41,206541,13.67,13.93,14.57,-1.964,-3.7757,-8.0054,0.0927,0.0918,0.0346
VSC,2022-12-26,13.38,13.45,13.03,13.45,254268,13.64,13.89,14.53,-1.3672,-3.164,-7.4159,0.0462,0.0523,0.038
VSC,2022-12-27,13.16,13.43,13.05,13.41,215225,13.59,13.85,14.48,-1.3555,-3.1896,-7.4301,0.0429,0.0466,0.0395
VSC,2022-12-28,13.18,13.43,13.18,13.32,61739,13.53,13.81,14.44,-1.6071,-3.5912,-7.7746,0.0029,0.0027,0.0398
VSC,2022-12-29,13.36,13.45,13.14,13.45,163000,13.5,13.78,14.4,-0.3453,-2.3683,-6.5795,0.0677,0.0681,0.0427
VSC,2022-12-30,13.45,13.47,13.23,13.47,39340,13.47,13.74,14.37,0.0165,-1.9386,-6.2114,0.0176,0.0173,0.0432
VSC,2023-01-03,13.34,13.45,13.12,13.41,98063,13.46,13.71,14.32,-0.3793,-2.1862,-6.4059,0.015,0.0152,0.0444
VSC,2023-01-04,13.32,13.41,13.27,13.36,69680,13.43,13.65,14.28,-0.4794,-2.082,-6.4607,0.0064,0.0066,0.0402
VSC,2023-01-05,13.32,13.74,13.23,13.74,382410,13.45,13.63,14.25,2.1452,0.8225,-3.5826,0.1342,0.1279,0.0466
VSC,2023-01-06,13.72,13.72,13.47,13.49,74710,13.45,13.6,14.21,0.33,-0.7914,-5.0653,-0.0157,-0.0161,0.0441
VSC,2023-01-09,13.38,13.54,13.38,13.49,83405,13.46,13.57,14.18,0.2638,-0.5317,-4.8007,0.0141,0.0144,0.0363
VSC,2023-01-10,13.41,13.67,13.36,13.67,227196,13.48,13.56,14.14,1.4159,0.8349,-3.3058,0.1146,0.1123,0.0431
VSC,2023-01-11,13.49,13.54,13.41,13.45,42394,13.49,13.54,14.1,-0.2633,-0.6476,-4.603,-0.0051,-0.0049,0.0393
VSC,2023-01-12,13.45,13.56,13.36,13.45,85060,13.5,13.52,14.06,-0.3617,-0.4926,-4.338,-0.0043,-0.004,0.0395
VSC,2023-01-13,13.43,13.58,13.43,13.52,37240,13.51,13.5,14.02,0.0822,0.1151,-3.6057,0.0019,0.0019,0.0329
VSC,2023-01-16,13.45,13.52,13.32,13.45,107254,13.5,13.49,13.98,-0.3945,-0.2715,-3.8187,0.017,0.0163,0.0328
VSC,2023-01-17,13.32,13.52,13.32,13.52,65828,13.51,13.49,13.96,0.0164,0.2304,-3.1581,0.0134,0.0129,0.0327
VSC,2023-01-18,13.54,13.54,13.38,13.45,44948,13.52,13.47,13.92,-0.5416,-0.1812,-3.3739,-0.0021,-0.002,0.0322
VSC,2023-01-19,13.47,13.54,13.34,13.54,111924,13.5,13.48,13.89,0.263,0.4611,-2.5466,0.0354,0.0335,0.0223
VSC,2023-01-27,13.54,13.58,13.38,13.54,11970,13.51,13.48,13.88,0.23,0.4446,-2.4656,0.0019,0.0017,0.021
VSC,2023-01-30,13.45,13.54,13.41,13.45,80978,13.5,13.48,13.85,-0.3945,-0.2305,-2.8784,-0.0061,-0.006,0.0202
VSC,2023-01-31,13.45,13.49,13.32,13.47,156721,13.48,13.48,13.82,-0.0823,-0.0741,-2.5213,0.0213,0.0194,0.0108
VSC,2023-02-01,13.47,13.49,13.32,13.32,127980,13.47,13.48,13.8,-1.1369,-1.1939,-3.4656,-0.0151,-0.0149,0.0118
VSC,2023-02-02,13.32,13.41,13.18,13.41,58710,13.47,13.48,13.77,-0.445,-0.5679,-2.6466,0.0185,0.0181,0.0133
VSC,2023-02-03,13.41,13.41,13.3,13.34,266461,13.45,13.48,13.75,-0.8087,-1.0211,-2.9675,-0.0184,-0.0149,0.0149
VSC,2023-02-06,13.36,13.36,13.12,13.21,114906,13.42,13.46,13.72,-1.6204,-1.9123,-3.7404,-0.0118,-0.0102,0.0144
VSC,2023-02-07,13.21,13.32,13.05,13.21,169232,13.39,13.45,13.7,-1.3921,-1.8395,-3.6312,0.006,0.0059,0.0137
VSC,2023-02-08,13.03,13.36,12.87,13.36,415540,13.38,13.45,13.68,-0.1658,-0.6846,-2.3203,0.1845,0.1514,0.0319
VSC,2023-02-09,13.32,13.32,12.87,12.87,526548,13.32,13.41,13.65,-3.3334,-4.0053,-5.6942,-0.1966,-0.168,0.048
VSC,2023-02-10,12.87,13.25,12.87,13.25,270475,13.29,13.4,13.64,-0.284,-1.1016,-2.8542,0.0966,0.0961,0.0575
VSC,2023-02-13,13.27,13.27,12.87,13.16,334004,13.26,13.38,13.62,-0.7365,-1.642,-3.3446,0.0373,0.0405,0.0606
VSC,2023-02-14,13.23,13.23,12.9,13.1,196982,13.22,13.35,13.59,-0.9569,-1.9282,-3.664,0.0231,0.0228,0.0608
VSC,2023-02-15,13.14,13.25,12.98,13.25,266565,13.22,13.34,13.57,0.2687,-0.6903,-2.3776,0.0943,0.09,0.0687
VSC,2023-02-16,13.25,13.25,13.07,13.23,326560,13.2,13.33,13.56,0.2354,-0.7742,-2.4295,0.0812,0.0771,0.075
VSC,2023-02-17,13.23,13.23,12.96,13.1,90421,13.17,13.31,13.54,-0.5897,-1.6175,-3.2565,0.0,0.0,0.0731
VSC,2023-02-20,13.1,13.25,12.92,13.25,421958,13.18,13.3,13.52,0.5558,-0.3755,-1.9672,0.0698,0.067,0.0789
VSC,2023-02-21,13.23,14.16,12.96,14.14,994463,13.27,13.33,13.52,6.5396,6.0518,4.5909,0.1903,0.2015,0.0974
VSC,2023-02-22,14.14,14.43,14.07,14.07,271676,13.34,13.36,13.51,5.4733,5.3069,4.1735,-0.0382,-0.0417,0.0827
VSC,2023-02-23,14.07,14.12,13.52,13.94,188332,13.45,13.38,13.5,3.6475,4.1546,3.2148,0.0149,0.0156,0.0646
VSC,2023-02-24,13.76,13.76,13.54,13.76,82330,13.5,13.39,13.5,1.9401,2.7426,1.9334,0.0264,0.0298,0.0576
VSC,2023-02-27,13.58,13.69,13.3,13.32,172011,13.51,13.39,13.48,-1.4616,-0.5222,-1.2248,-0.042,-0.0442,0.058
VSC,2023-02-28,13.32,13.49,13.12,13.3,73900,13.53,13.38,13.47,-1.7711,-0.6222,-1.3115,-0.0019,-0.0024,0.0559
VSC,2023-03-01,13.1,13.3,12.92,13.1,133000,13.52,13.37,13.46,-3.1358,-2.034,-2.682,-0.0018,-0.0018,0.0467
VSC,2023-03-02,13.1,13.21,12.9,12.9,159640,13.49,13.34,13.44,-4.3779,-3.3439,-4.0272,-0.0866,-0.0869,0.0472
VSC,2023-03-03,13.07,13.38,12.87,13.38,302410,13.51,13.34,13.43,-0.969,0.2994,-0.3273,0.093,0.0976,0.0565
VSC,2023-03-06,13.36,13.38,13.12,13.12,42713,13.5,13.34,13.42,-2.844,-1.6639,-2.2203,-0.0159,-0.0159,0.0511
VSC,2023-03-07,13.3,13.36,13.1,13.14,79078,13.4,13.34,13.41,-1.9543,-1.4729,-1.9965,-0.0227,-0.0221,0.0343
VSC,2023-03-08,13.14,13.52,13.12,13.41,611379,13.34,13.34,13.4,0.5326,0.5075,0.0298,0.0623,0.0599,0.0368
VSC,2023-03-09,13.49,13.58,13.3,13.47,334564,13.29,13.37,13.4,1.3864,0.7804,0.53,0.0236,0.023,0.0376
VSC,2023-03-10,13.3,13.52,13.23,13.34,336947,13.25,13.37,13.4,0.7037,-0.249,-0.4407,-0.0304,-0.0279,0.038
VSC,2023-03-13,13.27,13.27,13.1,13.1,283392,13.22,13.37,13.39,-0.9735,-2.0503,-2.2175,-0.0931,-0.0847,0.0431
VSC,2023-03-14,13.07,13.32,12.87,13.32,717510,13.23,13.38,13.39,0.6881,-0.4727,-0.5404,0.1913,0.1978,0.0621
VSC,2023-03-15,13.27,13.32,13.18,13.32,187180,13.25,13.38,13.39,0.5194,-0.4975,-0.5272,0.0424,0.0433,0.0661
VSC,2023-03-16,13.3,13.3,13.01,13.27,536282,13.29,13.39,13.39,-0.1002,-0.8456,-0.8522,0.1762,0.1778,0.0751
VSC,2023-03-17,13.21,13.27,12.9,13.27,376011,13.28,13.4,13.38,-0.0167,-0.9113,-0.8259,0.1245,0.1028,0.0783
VSC,2023-03-20,13.18,13.21,12.87,13.05,261819,13.27,13.39,13.38,-1.6393,-2.4956,-2.4228,0.0043,0.0041,0.0771
VSC,2023-03-21,13.14,13.14,12.92,12.92,45200,13.25,13.32,13.37,-2.4799,-3.0485,-3.348,-0.0178,-0.0156,0.0766
VSC,2023-03-22,12.92,13.23,12.78,13.23,375714,13.23,13.28,13.36,-0.0,-0.4011,-1.0033,0.1543,0.1299,0.0858
VSC,2023-03-23,13.07,13.07,12.83,12.87,391071,13.17,13.23,13.35,-2.2417,-2.6846,-3.5359,-0.0944,-0.0864,0.0929
VSC,2023-03-24,12.85,12.96,12.78,12.94,172439,13.13,13.19,13.33,-1.437,-1.8766,-2.9563,0.0515,0.0465,0.095
VSC,2023-03-27,12.92,12.92,12.78,12.78,62545,13.1,13.16,13.32,-2.3894,-2.8586,-4.0192,-0.0223,-0.0216,0.0879
VSC,2023-03-28,12.78,12.94,12.74,12.94,192302,13.06,13.14,13.31,-0.9177,-1.5452,-2.7458,0.0439,0.044,0.0732
VSC,2023-03-29,12.78,12.94,12.78,12.92,43809,13.02,13.13,13.29,-0.7842,-1.6477,-2.8349,0.015,0.013,0.0704
VSC,2023-03-30,12.87,12.92,12.78,12.9,98127,12.98,13.13,13.28,-0.6668,-1.8166,-2.9207,0.0165,0.0166,0.0544
VSC,2023-03-31,12.87,13.1,12.72,13.1,354551,12.96,13.12,13.28,1.0101,-0.1861,-1.3543,0.1125,0.0989,0.0532
VSC,2023-04-03,12.9,13.01,12.87,12.96,49654,12.96,13.11,13.27,0.0514,-1.1426,-2.2856,0.0031,0.0033,0.0531
VSC,2023-04-04,12.94,13.21,12.87,13.1,368560,12.97,13.11,13.26,0.941,-0.1101,-1.2189,0.0262,0.0258,0.054
VSC,2023-04-05,13.1,13.12,12.98,12.98,139176,12.95,13.09,13.25,0.2742,-0.797,-1.9871,-0.0324,-0.0331,0.0418
VSC,2023-04-06,12.98,13.05,12.9,13.05,392749,12.97,13.07,13.24,0.6505,-0.1274,-1.4118,0.0502,0.0519,0.0374
VSC,2023-04-07,13.05,13.05,12.81,12.83,209890,12.96,13.04,13.22,-0.9765,-1.6338,-2.9843,-0.0402,-0.041,0.0362
VSC,2023-04-10,12.83,12.83,12.63,12.65,274329,12.94,13.02,13.21,-2.2466,-2.8298,-4.2113,-0.0347,-0.0346,0.0375
VSC,2023-04-11,12.67,12.7,12.56,12.61,106100,12.91,12.98,13.19,-2.3383,-2.906,-4.4221,-0.0065,-0.0063,0.0337
VSC,2023-04-12,12.7,12.7,12.56,12.56,103072,12.87,12.95,13.18,-2.4138,-2.9659,-4.6496,-0.0282,-0.0257,0.0351
VSC,2023-04-13,12.56,12.56,12.45,12.45,91434,12.83,12.91,13.16,-2.9412,-3.517,-5.3548,-0.0222,-0.0206,0.0356
VSC,2023-04-14,12.47,12.61,12.43,12.54,115452,12.77,12.87,13.14,-1.8245,-2.5526,-4.564,0.0042,0.0042,0.0248
VSC,2023-04-17,12.45,12.54,12.39,12.43,155446,12.72,12.84,13.12,-2.2858,-3.1812,-5.2966,-0.0285,-0.0267,0.0273
VSC,2023-04-18,12.43,12.54,12.14,12.54,202125,12.66,12.82,13.11,-0.9814,-2.173,-4.354,0.0579,0.0553,0.0305
VSC,2023-04-19,12.41,12.5,12.34,12.45,150757,12.61,12.78,13.09,-1.2671,-2.5703,-4.8991,0.0157,0.0147,0.0288
VSC,2023-04-20,12.45,12.92,12.41,12.83,441018,12.59,12.78,13.09,1.9041,0.3995,-2.0107,0.1613,0.1513,0.04
VSC,2023-04-21,12.78,12.85,12.63,12.74,131387,12.58,12.77,13.08,1.2703,-0.2173,-2.6128,-0.0,-0.0,0.0359
VSC,2023-04-24,12.61,12.61,12.43,12.43,75249,12.56,12.75,13.07,-1.0251,-2.5155,-4.8816,-0.0284,-0.0281,0.0353
VSC,2023-04-25,12.43,12.85,12.39,12.58,216928,12.56,12.73,13.06,0.2298,-1.1592,-3.6173,-0.0088,-0.0087,0.0355
VSC,2023-04-26,12.63,12.63,12.41,12.56,98100,12.56,12.71,13.04,0.053,-1.1958,-3.6858,0.0111,0.0098,0.0338
VSC,2023-04-27,12.52,12.54,12.43,12.54,61369,12.56,12.7,13.03,-0.1943,-1.2324,-3.7544,0.0249,0.0224,0.0341
VSC,2023-04-28,12.45,12.54,12.36,12.5,168358,12.56,12.67,13.02,-0.5124,-1.3492,-4.0068,0.0238,0.021,0.0361
VSC,2023-05-04,12.5,12.56,12.41,12.52,66702,12.57,12.64,13.0,-0.4062,-1.0006,-3.728,0.0082,0.0078,0.034
VSC,2023-05-05,12.39,12.58,12.34,12.58,251926,12.57,12.62,12.97,0.0883,-0.2726,-2.9841,0.0983,0.0964,0.0381
VSC,2023-05-08,12.56,12.56,12.43,12.52,67623,12.58,12.6,12.94,-0.494,-0.6168,-3.2657,0.0053,0.0055,0.037
VSC,2023-05-09,12.45,12.52,12.3,12.43,337205,12.54,12.56,12.91,-0.885,-1.0776,-3.7271,0.0264,0.0266,0.0235
VSC,2023-05-10,12.43,12.47,12.3,12.43,289070,12.51,12.54,12.88,-0.6387,-0.92,-3.5281,0.0396,0.0377,0.0275
VSC,2023-05-11,12.39,12.43,12.3,12.41,158820,12.51,12.53,12.87,-0.7986,-1.0007,-3.5642,0.0277,0.0256,0.0274
VSC,2023-05-12,12.41,12.41,12.3,12.36,116524,12.49,12.52,12.85,-0.9778,-1.2587,-3.7698,0.0049,0.0045,0.027
VSC,2023-05-15,12.36,12.39,12.01,12.36,353837,12.47,12.51,12.83,-0.8191,-1.1798,-3.6599,0.0484,0.0456,0.0307
VSC,2023-05-16,12.36,12.36,12.12,12.32,109613,12.44,12.5,12.82,-0.9989,-1.4822,-3.9194,0.0215,0.0183,0.0304
VSC,2023-05-17,12.16,12.3,12.16,12.19,74737,12.41,12.49,12.8,-1.824,-2.4087,-4.7801,-0.0081,-0.0076,0.0288
VSC,2023-05-18,12.19,12.34,12.1,12.34,253478,12.39,12.48,12.78,-0.4298,-1.1292,-3.4487,0.0777,0.0724,0.0358
VSC,2023-05-19,12.32,12.32,12.14,12.3,71335,12.37,12.47,12.76,-0.5564,-1.3884,-3.6689,0.0151,0.0127,0.0275
VSC,2023-05-22,12.21,12.27,12.07,12.27,155222,12.34,12.46,12.74,-0.5396,-1.4963,-3.672,0.0421,0.0375,0.0311
VSC,2023-05-23,12.25,12.36,12.12,12.36,269576,12.33,12.44,12.72,0.2339,-0.5979,-2.8059,0.0818,0.0684,0.0367
VSC,2023-05-24,12.23,12.76,12.21,12.76,380240,12.37,12.44,12.71,3.1946,2.6053,0.4262,0.0856,0.0728,0.0413
VSC,2023-05-25,12.61,12.72,12.34,12.72,332370,12.4,12.45,12.7,2.5778,2.1299,0.1363,0.096,0.0832,0.0481
VSC,2023-05-26,12.58,12.67,12.41,12.43,235580,12.41,12.45,12.68,0.1968,-0.1248,-1.9985,-0.0667,-0.0619,0.0543
VSC,2023-05-29,12.43,12.52,12.39,12.43,167931,12.41,12.44,12.67,0.1431,-0.0714,-1.8611,-0.0117,-0.0105,0.0506
VSC,2023-05-30,12.43,12.94,12.36,12.92,1399320,12.47,12.46,12.66,3.5771,3.6971,2.0515,0.3335,0.2907,0.0818
VSC,2023-05-31,13.05,13.3,12.72,13.03,1092731,12.56,12.48,12.65,3.7652,4.3648,2.968,0.0205,0.0192,0.0831
VSC,2023-06-01,13.05,13.21,12.96,12.96,476918,12.62,12.51,12.65,2.7265,3.6472,2.4562,-0.0999,-0.0931,0.0853
VSC,2023-06-02,12.96,13.1,12.87,12.96,450184,12.68,12.53,12.65,2.1873,3.4911,2.449,-0.0197,-0.0174,0.0858
VSC,2023-06-05,13.05,13.47,12.96,13.18,888947,12.78,12.56,12.65,3.1966,4.9841,4.2105,-0.0194,-0.0172,0.0835
VSC,2023-06-06,13.32,13.41,13.16,13.18,248202,12.86,12.6,12.66,2.5375,4.6696,4.1593,-0.0356,-0.0328,0.0789
VSC,2023-06-07,13.23,13.23,13.03,13.1,315941,12.89,12.63,12.66,1.584,3.6907,3.4326,-0.0219,-0.0187,0.0725
VSC,2023-06-08,13.05,13.12,12.65,12.65,453161,12.88,12.64,12.66,-1.8088,0.079,-0.0526,-0.0433,-0.0373,0.0672
VSC,2023-06-09,12.7,12.87,12.65,12.81,211673,12.92,12.66,12.66,-0.8931,1.1305,1.1961,0.0151,0.0119,0.0621
VSC,2023-06-12,12.78,12.92,12.78,12.83,334519,12.96,12.69,12.65,-1.0274,1.1196,1.3857,-0.0304,-0.0215,0.0639
VSC,2023-06-13,12.85,13.47,12.85,13.32,879037,13.0,12.74,12.66,2.4241,4.557,5.1746,0.0842,0.073,0.039
VSC,2023-06-14,13.54,14.25,13.54,14.14,6127765,13.11,12.83,12.68,7.8199,10.16,11.4767,0.589,0.5563,0.0959
VSC,2023-06-15,14.25,14.87,14.21,14.45,2869312,13.26,12.94,12.71,8.954,11.6638,13.6602,-0.2233,-0.2026,0.1082
VSC,2023-06-16,14.6,14.72,14.25,14.38,1561110,13.4,13.04,12.74,7.3025,10.2603,12.9077,-0.0883,-0.0828,0.1151
VSC,2023-06-19,14.65,14.87,14.52,14.74,1471420,13.56,13.17,12.77,8.6921,11.9258,15.3779,0.0805,0.0843,0.1212
VSC,2023-06-20,14.74,14.98,14.65,14.78,551499,13.72,13.29,12.81,7.7495,11.241,15.4126,-0.0214,-0.0198,0.1197
VSC,2023-06-21,14.96,15.14,14.47,14.65,1602450,13.87,13.38,12.84,5.5831,9.4618,14.0488,-0.1688,-0.1453,0.1344
VSC,2023-06-22,14.6,15.0,14.54,14.83,1026052,14.09,13.49,12.89,5.2134,9.9226,15.0415,0.055,0.0511,0.1356
VSC,2023-06-23,14.94,15.67,14.87,15.54,2887408,14.37,13.64,12.95,8.1582,13.8767,20.0068,0.483,0.4249,0.1824
VSC,2023-06-26,15.67,16.07,15.43,15.91,1917549,14.67,13.82,13.01,8.4556,15.1715,22.2882,0.2141,0.1953,0.2008
VSC,2023-06-27,15.98,16.14,15.49,15.54,1085017,14.9,13.95,13.08,4.3063,11.3851,18.8253,-0.2944,-0.2677,0.2218
VSC,2023-06-28,15.63,16.2,15.43,15.65,2052305,15.05,14.08,13.14,3.9976,11.1374,19.1079,-0.1918,-0.1844,0.1821
VSC,2023-06-29,15.76,15.96,15.54,15.65,877700,15.17,14.21,13.2,3.1758,10.0874,18.5272,-0.0569,-0.0554,0.1654
VSC,2023-06-30,15.85,15.85,15.56,15.78,550638,15.31,14.36,13.27,3.1033,9.9343,18.9521,0.0957,0.0923,0.1662
VSC,2023-07-03,15.83,15.94,15.58,15.8,485656,15.41,14.49,13.33,2.5346,9.0937,18.5205,0.0434,0.0424,0.1624
VSC,2023-07-04,15.83,16.58,15.71,16.42,2732764,15.58,14.65,13.41,5.4432,12.1297,22.5206,0.3405,0.3321,0.1943
VSC,2023-07-05,16.6,16.96,16.58,16.96,2218666,15.81,14.84,13.49,7.2733,14.2601,25.7034,0.4668,0.4776,0.2241
VSC,2023-07-06,16.98,16.98,16.14,16.56,1658303,15.98,15.04,13.57,3.6111,10.1188,21.9951,-0.0,-0.0,0.2186
VSC,2023-07-07,16.58,17.09,15.98,17.09,2675733,16.14,15.25,13.66,5.9147,12.0652,25.0894,0.524,0.5321,0.2227
VSC,2023-07-10,17.14,17.27,16.82,17.18,1445520,16.26,15.47,13.76,5.6367,11.0633,24.8951,0.1859,0.1882,0.2199
VSC,2023-07-11,17.22,17.22,16.69,16.98,1843170,16.41,15.65,13.84,3.4903,8.4875,22.6512,0.0313,0.0332,0.1936
VSC,2023-07-12,17.0,17.09,16.38,16.42,1600866,16.48,15.77,13.92,-0.3635,4.1813,17.9734,-0.3843,-0.3668,0.2129
VSC,2023-07-13,16.49,16.6,16.2,16.45,796514,16.56,15.87,14.0,-0.7102,3.6653,17.4698,0.0401,0.0366,0.2112
VSC,2023-07-14,16.56,16.56,15.98,16.09,1922665,16.6,15.95,14.07,-3.036,0.8836,14.3605,-0.2973,-0.2765,0.2313
VSC,2023-07-17,16.09,16.54,16.09,16.47,1763038,16.66,16.04,14.15,-1.1589,2.6919,16.3885,0.3148,0.274,0.2585
VSC,2023-07-18,16.62,16.62,15.96,16.09,1463553,16.63,16.1,14.22,-3.2301,-0.0689,13.1363,-0.2151,-0.2051,0.246
VSC,2023-07-19,16.2,16.34,15.87,16.25,1821078,16.56,16.18,14.3,-1.8767,0.3977,13.6187,0.1861,0.1986,0.2179
VSC,2023-07-20,16.38,16.38,15.54,15.94,2275308,16.5,16.24,14.37,-3.3908,-1.859,10.8983,-0.0271,-0.0245,0.2206
VSC,2023-07-21,15.85,16.05,15.65,15.76,994578,16.36,16.25,14.44,-3.6896,-3.0187,9.1468,-0.0733,-0.0623,0.1755
VSC,2023-07-24,16.0,16.11,15.76,16.11,1967291,16.26,16.26,14.51,-0.8738,-0.8941,11.0295,0.353,0.3594,0.1922
VSC,2023-07-25,16.27,16.42,15.98,16.16,2239784,16.17,16.29,14.59,-0.0961,-0.8107,10.7494,-0.0944,-0.0916,0.1986
VSC,2023-07-26,16.29,16.29,15.74,15.76,1897422,16.11,16.3,14.66,-2.1634,-3.2961,7.4846,-0.3873,-0.3368,0.1989
VSC,2023-07-27,15.78,15.89,15.32,15.38,1781531,16.0,16.28,14.72,-3.8702,-5.5344,4.4776,-0.2796,-0.2528,0.2228
VSC,2023-07-28,15.51,15.54,15.2,15.23,1075252,15.91,16.25,14.78,-4.3236,-6.329,3.0123,-0.1655,-0.1469,0.2096
VSC,2023-07-31,15.2,15.51,15.2,15.32,785762,15.8,16.23,14.84,-3.0626,-5.641,3.1884,-0.0334,-0.0283,0.1815
VSC,2023-08-01,15.43,15.45,14.85,15.03,1435597,15.69,16.16,14.9,-4.2433,-7.0183,0.8821,-0.0633,-0.0531,0.1663
VSC,2023-08-02,14.92,15.36,14.83,15.23,787313,15.59,16.07,14.94,-2.3349,-5.2748,1.8862,0.0848,0.0758,0.1562
VSC,2023-08-03,15.23,15.74,15.12,15.47,1215131,15.54,16.02,15.0,-0.4712,-3.4291,3.1401,0.0341,0.0281,0.1569
VSC,2023-08-04,15.45,15.8,15.43,15.69,1689547,15.54,15.95,15.06,1.0,-1.6143,4.1667,0.0933,0.0852,0.1589
VSC,2023-08-07,15.94,16.25,15.78,16.2,3342904,15.55,15.9,15.14,4.2261,1.8984,7.0193,0.536,0.4833,0.1772
VSC,2023-08-08,16.51,16.51,15.98,16.2,3700192,15.55,15.86,15.21,4.1964,2.1479,6.5569,-0.0848,-0.0828,0.1762
VSC,2023-08-09,16.38,16.38,15.78,16.05,1794443,15.58,15.84,15.27,3.0061,1.2889,5.1177,-0.0359,-0.0306,0.1411
VSC,2023-08-10,16.05,16.05,15.45,15.63,2523802,15.6,15.8,15.32,0.1423,-1.1166,1.9995,-0.1603,-0.138,0.1291
VSC,2023-08-11,15.71,15.71,15.23,15.25,1505857,15.61,15.76,15.37,-2.2899,-3.2462,-0.7598,-0.2311,-0.1785,0.1357
VSC,2023-08-14,15.27,15.6,15.23,15.6,1789142,15.63,15.72,15.41,-0.1987,-0.7202,1.2327,0.3311,0.2808,0.1655
VSC,2023-08-15,15.6,15.89,15.56,15.71,2011262,15.7,15.7,15.46,0.0707,0.1061,1.619,-0.0257,-0.0207,0.1617
VSC,2023-08-16,15.71,15.71,15.32,15.32,1589624,15.71,15.65,15.51,-2.5286,-2.1485,-1.248,-0.3164,-0.244,0.1849
VSC,2023-08-17,15.32,15.36,14.74,14.74,2299502,15.64,15.59,15.55,-5.7621,-5.4737,-5.2241,-0.3058,-0.2487,0.212
VSC,2023-08-18,14.72,14.74,13.72,13.72,2766536,15.44,15.49,15.57,-11.1686,-11.4423,-11.893,-0.1823,-0.1493,0.2209
VSC,2023-08-21,13.62,14.26,13.62,14.16,750531,15.24,15.39,15.6,-7.0657,-7.9971,-9.1979,0.1264,0.1024,0.18
VSC,2023-08-22,14.21,14.21,13.57,14.01,796370,15.02,15.28,15.61,-6.6867,-8.3102,-10.2175,0.0426,0.0338,0.1758
VSC,2023-08-23,14.16,14.16,13.99,14.01,428120,14.82,15.2,15.61,-5.4061,-7.7839,-10.2031,-0.0673,-0.0491,0.1789
VSC,2023-08-24,14.04,14.16,13.92,14.04,455333,14.66,15.13,15.6,-4.2151,-7.2132,-9.9993,0.0,0.0,0.1629
VSC,2023-08-25,14.14,14.43,13.99,14.16,744262,14.55,15.08,15.59,-2.6598,-6.0757,-9.1909,-0.0358,-0.026,0.1433
VSC,2023-08-28,14.31,14.33,14.04,14.06,670081,14.39,15.01,15.58,-2.2965,-6.3345,-9.739,-0.1162,-0.0824,0.1219
VSC,2023-08-29,14.16,14.43,14.04,14.09,1118581,14.23,14.97,15.57,-1.0078,-5.8775,-9.5015,-0.2034,-0.1408,0.1396
VSC,2023-08-30,14.19,14.7,14.09,14.55,1108941,14.15,14.93,15.56,2.8035,-2.5585,-6.5098,0.123,0.0917,0.1203
VSC,2023-08-31,14.72,15.09,14.65,15.04,1167384,14.18,14.91,15.57,6.0273,0.8568,-3.399,0.1741,0.1243,0.1071
VSC,2023-09-05,15.21,15.41,15.04,15.14,1162332,14.33,14.88,15.56,5.6578,1.701,-2.7217,-0.1251,-0.0961,0.1014
VSC,2023-09-06,15.14,15.14,14.84,14.87,1122746,14.4,14.82,15.54,3.2728,0.3463,-4.3191,-0.134,-0.0999,0.1021
VSC,2023-09-07,14.82,15.38,14.8,15.38,1693781,14.53,14.78,15.54,5.829,4.095,-0.9999,0.3062,0.2355,0.1285
VSC,2023-09-08,15.48,16.07,15.31,15.97,3749309,14.73,14.77,15.54,8.4038,8.0899,2.7293,0.5049,0.4003,0.1723
VSC,2023-09-11,16.11,16.11,15.58,15.58,1877393,14.88,14.77,15.54,4.6588,5.4629,0.2252,-0.1704,-0.1416,0.1893
VSC,2023-09-12,15.65,15.87,15.43,15.82,1120660,15.05,14.8,15.54,5.1265,6.9088,1.7909,0.107,0.0837,0.1964
VSC,2023-09-13,15.99,16.36,15.8,16.21,2822671,15.26,14.83,15.55,6.206,9.3239,4.2495,0.2285,0.1814,0.2076
VSC,2023-09-14,16.11,16.26,15.67,15.75,1354003,15.43,14.83,15.54,2.0569,6.1838,1.3547,-0.1445,-0.1178,0.2018
VSC,2023-09-15,15.99,15.99,15.48,15.63,799171,15.54,14.85,15.51,0.5657,5.2505,0.7418,-0.0893,-0.0669,0.1984
VSC,2023-09-18,15.48,15.85,14.92,14.94,1794957,15.53,14.86,15.48,-3.7736,0.5766,-3.4645,-0.4357,-0.3409,0.2246
VSC,2023-09-19,15.14,15.19,14.65,15.04,1328167,15.52,14.92,15.44,-3.0837,0.7853,-2.5754,0.1185,0.0818,0.2239
VSC,2023-09-20,15.06,15.53,15.02,15.41,1561332,15.57,14.98,15.4,-1.0662,2.8106,0.0268,0.1619,0.1246,0.2267
VSC,2023-09-21,15.43,15.7,15.14,15.23,1793682,15.56,15.05,15.37,-2.0716,1.2576,-0.8582,-0.1739,-0.1267,0.2135
VSC,2023-09-22,14.8,15.06,14.28,14.62,1893574,15.42,15.08,15.33,-5.1765,-2.996,-4.6068,-0.0268,-0.0202,0.1657
VSC,2023-09-25,14.43,14.65,13.62,13.62,1963347,15.23,15.06,15.27,-10.5339,-9.5111,-10.8077,-0.208,-0.1629,0.1694
VSC,2023-09-26,13.09,13.84,13.04,13.14,1165132,14.96,15.0,15.22,-12.1919,-12.4563,-13.6703,-0.1243,-0.0965,0.1712
VSC,2023-09-27,13.14,13.82,12.45,13.82,1739207,14.72,14.99,15.16,-6.1204,-7.8251,-8.8598,0.2367,0.1763,0.172
VSC,2023-09-28,13.77,14.26,13.5,13.99,1387725,14.54,14.99,15.12,-3.8106,-6.6547,-7.476,0.1203,0.0805,0.1696
VSC,2023-09-29,14.11,14.11,13.62,14.01,1204533,14.38,14.96,15.08,-2.5632,-6.3239,-7.04,0.2171,0.1572,0.1823
VSC,2023-10-02,14.01,14.31,13.77,13.77,1022338,14.27,14.9,15.03,-3.4742,-7.5637,-8.3963,-0.4911,-0.3771,0.1879
VSC,2023-10-03,13.72,13.72,12.87,13.36,1326945,14.1,14.81,14.98,-5.2649,-9.8104,-10.8723,0.0239,0.0185,0.1784
VSC,2023-10-04,13.16,13.48,13.09,13.4,697591,13.9,14.73,14.93,-3.5488,-9.0306,-10.2216,0.1261,0.0886,0.1748
VSC,2023-10-05,13.4,13.53,12.74,12.74,951601,13.65,14.6,14.86,-6.619,-12.7236,-14.2448,-0.2162,-0.1501,0.179
VSC,2023-10-06,12.79,13.14,12.74,12.94,647106,13.48,14.45,14.81,-4.0029,-10.4579,-12.599,0.0,0.0,0.1764
VSC,2023-10-09,12.99,13.33,12.99,13.11,707900,13.43,14.33,14.76,-2.3636,-8.4945,-11.1721,-0.0607,-0.0422,0.1616
VSC,2023-10-10,13.31,13.6,13.18,13.31,976824,13.45,14.2,14.72,-1.035,-6.3091,-9.6137,-0.0851,-0.0594,0.1577
VSC,2023-10-11,13.38,13.4,13.28,13.38,409818,13.4,14.06,14.68,-0.164,-4.8446,-8.8765,0.0575,0.0393,0.1398
VSC,2023-10-12,13.53,13.7,13.38,13.5,735115,13.35,13.95,14.65,1.1154,-3.2032,-7.8537,-0.0629,-0.0446,0.1341
VSC,2023-10-13,13.33,13.5,13.23,13.48,558787,13.3,13.84,14.62,1.3402,-2.6283,-7.8002,0.1252,0.0785,0.1249
VSC,2023-10-16,13.33,13.45,13.14,13.14,580994,13.24,13.75,14.57,-0.7563,-4.4744,-9.8506,-0.1251,-0.0806,0.0883
VSC,2023-10-17,13.18,13.36,12.55,12.55,575459,13.15,13.63,14.51,-4.6028,-7.9018,-13.4989,-0.1004,-0.0659,0.0959
VSC,2023-10-18,12.89,12.89,11.82,12.7,1378241,13.08,13.49,14.44,-2.967,-5.8909,-12.064,0.2029,0.1453,0.1036
VSC,2023-10-19,12.65,12.65,12.21,12.5,818815,13.06,13.35,14.36,-4.2812,-6.39,-12.9705,0.0701,0.0474,0.089
VSC,2023-10-20,12.5,12.92,12.21,12.92,967930,13.06,13.27,14.3,-1.0845,-2.6589,-9.687,0.1773,0.1215,0.1067
VSC,2023-10-23,12.82,12.82,12.4,12.52,363438,13.0,13.21,14.24,-3.6439,-5.2106,-12.0371,-0.0566,-0.0401,0.1063
VSC,2023-10-24,12.67,12.67,12.4,12.52,339091,12.92,13.18,14.18,-3.0612,-4.9912,-11.6993,-0.0113,-0.0077,0.0989
VSC,2023-10-25,12.65,12.72,12.45,12.6,703548,12.84,13.12,14.12,-1.9012,-3.9911,-10.805,0.0176,0.0126,0.0949
VSC,2023-10-26,12.38,12.52,11.72,11.89,1430824,12.68,13.02,14.05,-6.2379,-8.6561,-15.3595,-0.0908,-0.0673,0.0977
VSC,2023-10-27,11.89,12.16,11.43,12.16,1109715,12.55,12.92,13.98,-3.1129,-5.9224,-13.0571,0.2842,0.1953,0.1136
VSC,2023-10-30,11.84,12.13,11.72,12.11,439857,12.45,12.84,13.93,-2.707,-5.6945,-13.0795,0.0985,0.0713,0.111
VSC,2023-10-31,12.06,12.06,11.48,11.48,847355,12.34,12.75,13.89,-7.0044,-9.979,-17.3699,-0.1592,-0.1125,0.1168
VSC,2023-11-01,11.35,11.96,11.18,11.96,862793,12.27,12.68,13.84,-2.4682,-5.615,-13.5803,0.1592,0.1121,0.1125
VSC,2023-11-02,11.91,12.35,11.77,12.31,749826,12.25,12.65,13.81,0.4785,-2.7497,-10.8911,0.0944,0.0671,0.1149
VSC,2023-11-03,12.21,12.31,11.96,12.01,351371,12.16,12.61,13.77,-1.185,-4.7158,-12.7598,-0.0744,-0.0453,0.1046
VSC,2023-11-06,12.01,12.09,11.84,11.94,357012,12.1,12.55,13.73,-1.3118,-4.8545,-13.0264,-0.0208,-0.014,0.101
VSC,2023-11-07,11.91,12.16,11.82,11.91,356434,12.04,12.48,13.68,-1.0142,-4.5197,-12.9194,-0.051,-0.0359,0.105
VSC,2023-11-08,11.91,12.28,11.87,12.21,652773,12.0,12.42,13.65,1.7501,-1.7103,-10.5354,0.0487,0.0331,0.1081
VSC,2023-11-09,12.28,13.06,12.23,13.06,1817659,12.11,12.4,13.62,7.8195,5.3565,-4.1287,0.3031,0.2124,0.1294
VSC,2023-11-10,13.18,13.57,13.01,13.01,1977875,12.2,12.37,13.59,6.664,5.1593,-4.271,-0.4081,-0.2826,0.1417
VSC,2023-11-13,13.04,13.43,13.04,13.21,750618,12.31,12.38,13.56,7.2987,6.7061,-2.5716,-0.0306,-0.022,0.135
VSC,2023-11-14,13.28,13.77,13.28,13.43,1867713,12.51,12.42,13.52,7.3799,8.0975,-0.7005,-0.2622,-0.2047,0.1453
VSC,2023-11-15,13.89,13.89,13.48,13.53,881402,12.66,12.46,13.5,6.8261,8.521,0.2207,-0.1236,-0.0916,0.1417
VSC,2023-11-16,13.45,13.82,13.43,13.6,1387614,12.79,12.52,13.46,6.318,8.63,1.0303,-0.0336,-0.024,0.1356
VSC,2023-11-17,13.67,13.92,13.48,13.87,3490182,12.98,12.57,13.42,6.8673,10.3555,3.3479,0.435,0.3475,0.1717
VSC,2023-11-20,13.72,14.48,13.48,14.28,2787721,13.21,12.65,13.39,8.1131,12.869,6.6468,0.3624,0.2977,0.2058
VSC,2023-11-21,14.5,14.94,14.36,14.55,3347755,13.47,12.76,13.37,7.9906,14.0779,8.8584,-0.363,-0.2546,0.2371
VSC,2023-11-22,14.62,14.8,14.16,14.53,1918261,13.71,12.85,13.33,5.9851,13.0319,8.9504,0.0541,0.0415,0.2376
VSC,2023-11-23,14.53,14.53,13.53,13.53,1041806,13.75,12.93,13.29,-1.651,4.5776,1.7821,-0.1102,-0.0841,0.2183
VSC,2023-11-24,13.62,13.62,12.96,13.4,1595701,13.79,13.0,13.24,-2.8146,3.1374,1.2019,0.0724,0.0515,0.1847
VSC,2023-11-27,13.45,13.82,13.45,13.57,1614198,13.83,13.07,13.22,-1.8362,3.867,2.7043,-0.1477,-0.1091,0.1964
VSC,2023-11-28,13.6,13.72,13.38,13.65,672558,13.85,13.18,13.19,-1.4631,3.5665,3.4764,0.0836,0.061,0.1786
VSC,2023-11-29,13.77,13.77,13.5,13.6,663728,13.86,13.26,13.15,-1.8675,2.5594,3.3894,-0.061,-0.0433,0.1723
VSC,2023-11-30,13.67,13.77,13.43,13.43,525618,13.84,13.32,13.12,-2.9811,0.8434,2.3713,-0.1039,-0.0721,0.1793
VSC,2023-12-01,13.57,13.67,13.43,13.53,434232,13.81,13.39,13.1,-2.0336,1.0027,3.2888,-0.0321,-0.0244,0.139
VSC,2023-12-04,13.7,13.94,13.65,13.92,1006274,13.77,13.49,13.1,1.0638,3.1581,6.2244,0.1391,0.1076,0.1167
VSC,2023-12-05,13.94,14.11,13.89,13.92,769860,13.71,13.59,13.12,1.5319,2.3983,6.0978,-0.1419,-0.1056,0.0946
VSC,2023-12-06,13.92,14.6,13.87,14.4,3686930,13.69,13.7,13.13,5.1881,5.1412,9.7225,0.3458,0.2644,0.1238
VSC,2023-12-07,14.43,14.7,14.01,14.4,1782497,13.78,13.77,13.14,4.5173,4.6285,9.6532,0.0568,0.0484,0.1184
VSC,2023-12-08,14.4,14.4,14.16,14.31,639951,13.87,13.83,13.14,3.1327,3.433,8.8612,0.0371,0.0266,0.1149
VSC,2023-12-11,14.31,14.31,14.06,14.19,345222,13.93,13.88,13.15,1.8048,2.1898,7.8643,0.0,0.0,0.1001
VSC,2023-12-12,14.16,14.75,14.16,14.65,1593342,14.03,13.94,13.18,4.3841,5.0696,11.1729,0.3601,0.2783,0.1278
VSC,2023-12-13,14.89,14.94,14.5,14.5,2201696,14.12,13.99,13.2,2.6793,3.6559,9.8779,-0.383,-0.2865,0.16
VSC,2023-12-14,14.65,14.8,14.21,14.21,486409,14.2,14.02,13.23,0.0516,1.3408,7.4197,-0.1106,-0.0849,0.1606
VSC,2023-12-15,14.19,14.4,14.11,14.19,389779,14.27,14.04,13.25,-0.5818,1.0523,7.0337,-0.0534,-0.0378,0.1628
VSC,2023-12-18,14.16,14.21,13.97,14.04,281289,14.28,14.03,13.27,-1.6926,0.0958,5.7802,-0.0357,-0.0256,0.1524
VSC,2023-12-19,14.01,14.21,13.97,14.21,190654,14.31,14.01,13.29,-0.6996,1.4379,6.9224,0.0438,0.0335,0.1426
VSC,2023-12-20,14.21,14.33,14.16,14.26,276137,14.29,13.99,13.31,-0.2562,1.8841,7.1481,0.0207,0.014,0.1101
VSC,2023-12-21,14.26,14.43,14.16,14.4,338830,14.29,14.04,13.33,0.7686,2.6087,8.1022,0.1166,0.0845,0.1161
VSC,2023-12-22,14.45,14.45,14.21,14.26,263522,14.29,14.08,13.34,-0.2221,1.257,6.8775,-0.0578,-0.0432,0.1182
VSC,2023-12-25,14.38,14.84,14.31,14.6,1046178,14.33,14.13,13.37,1.8739,3.3083,9.1998,0.036,0.0245,0.1218
VSC,2023-12-26,14.75,14.75,14.28,14.28,1161229,14.29,14.16,13.4,-0.0854,0.836,6.5496,-0.4473,-0.3065,0.1305
VSC,2023-12-27,14.5,14.5,14.06,14.06,1790506,14.25,14.19,13.43,-1.3192,-0.8777,4.6968,-0.4862,-0.3528,0.1408
VSC,2023-12-28,14.21,14.36,14.19,14.19,336890,14.25,14.23,13.47,-0.4455,-0.2832,5.3414,-0.1134,-0.0824,0.1411
VSC,2023-12-29,14.33,14.36,14.16,14.16,222032,14.25,14.26,13.49,-0.5998,-0.6764,4.966,-0.0642,-0.0447,0.1422
VSC,2024-01-02,14.65,14.65,14.09,14.09,532654,14.25,14.27,13.52,-1.1478,-1.2493,4.1817,-0.109,-0.0821,0.1495
VSC,2024-01-03,14.04,14.23,14.04,14.16,547789,14.25,14.28,13.55,-0.5998,-0.8208,4.4706,0.0275,0.021,0.1479
VSC,2024-01-04,14.4,15.14,14.28,15.11,4546134,14.33,14.31,13.61,5.4514,5.5863,11.0832,0.7032,0.5539,0.2161
VSC,2024-01-05,15.31,15.48,15.06,15.48,4229531,14.44,14.37,13.68,7.2032,7.7407,13.1779,1.279,1.0363,0.3323
VSC,2024-01-08,15.82,15.87,15.14,15.5,4249691,14.56,14.43,13.74,6.4543,7.4632,12.8046,-0.0,-0.0,0.3266
VSC,2024-01-09,15.55,15.55,15.16,15.38,4100943,14.64,14.49,13.81,5.0525,6.1768,11.3861,0.1198,0.0992,0.3349
VSC,2024-01-10,15.38,15.87,15.23,15.38,5089102,14.75,14.52,13.89,4.2701,5.9091,10.7595,-0.6494,-0.5347,0.3552
VSC,2024-01-11,15.38,15.53,14.89,14.89,3384925,14.83,14.54,13.95,0.395,2.4091,6.7927,-1.0291,-0.8546,0.4095
VSC,2024-01-12,14.84,14.84,14.26,14.31,3583242,14.85,14.55,13.99,-3.6343,-1.6531,2.2973,-0.6285,-0.5028,0.461
VSC,2024-01-15,14.5,14.5,13.92,13.92,3001381,14.82,14.53,14.02,-6.111,-4.25,-0.766,-0.6662,-0.5202,0.5212
VSC,2024-01-16,13.94,14.04,13.7,13.84,3672112,14.8,14.52,14.06,-6.451,-4.6898,-1.5556,-0.1096,-0.0764,0.5212
VSC,2024-01-17,14.8,14.8,14.69,14.8,2012413,14.86,14.55,14.12,-0.4213,1.6847,4.8117,0.545,0.413,0.573
VSC,2024-01-18,14.91,14.94,14.51,14.58,2783208,14.81,14.57,14.17,-1.5273,0.0851,2.9316,-0.7016,-0.5004,0.5728
VSC,2024-01-19,14.58,15.09,14.55,14.62,2410814,14.72,14.58,14.2,-0.7066,0.2593,2.9601,-0.4632,-0.3579,0.4913
VSC,2024-01-22,14.8,14.87,14.33,14.62,2104516,14.63,14.6,14.23,-0.1062,0.1356,2.7278,0.0399,0.0303,0.4952
VSC,2024-01-23,14.65,14.94,14.4,14.69,2966211,14.57,14.6,14.26,0.8631,0.5988,3.0205,0.0648,0.0485,0.4897
VSC,2024-01-24,14.69,14.8,14.44,14.51,2259483,14.48,14.61,14.28,0.2233,-0.7144,1.6006,-0.4488,-0.3299,0.4697
VSC,2024-01-25,14.62,14.73,14.4,14.44,2882934,14.43,14.63,14.3,0.0391,-1.335,0.9662,-0.9189,-0.6483,0.4587
VSC,2024-01-26,14.51,14.51,14.37,14.37,1573876,14.44,14.64,14.32,-0.5017,-1.889,0.3537,-0.608,-0.4271,0.4566
VSC,2024-01-29,14.51,14.51,14.29,14.44,1255933,14.49,14.66,14.33,-0.3617,-1.4893,0.7777,0.1222,0.0932,0.4022
VSC,2024-01-30,14.47,15.02,14.47,15.02,4698027,14.61,14.7,14.34,2.7922,2.1277,4.7017,1.3976,1.0154,0.531
VSC,2024-01-31,15.09,15.09,14.73,14.8,3162620,14.61,14.73,14.35,1.3096,0.4367,3.1559,-0.2741,-0.224,0.5039
VSC,2024-02-01,14.87,15.7,14.76,15.67,5522985,14.72,14.76,14.37,6.4508,6.1169,9.0213,1.752,1.2237,0.609
VSC,2024-02-02,15.74,16.35,15.56,15.92,4356014,14.85,14.78,14.42,7.221,7.6684,10.4121,-0.0932,-0.0733,0.5719
VSC,2024-02-05,15.95,16.35,15.85,15.95,4445183,14.98,14.81,14.47,6.506,7.7483,10.2722,-0.6156,-0.5227,0.6295
VSC,2024-02-06,15.99,16.32,15.77,16.21,3860316,15.13,14.85,14.52,7.1088,9.1505,11.6125,0.7749,0.5802,0.7005
VSC,2024-02-07,16.32,16.39,16.03,16.06,3294211,15.29,14.88,14.57,5.0767,7.9306,10.2516,-0.8349,-0.6722,0.7391
VSC,2024-02-15,16.1,16.17,15.67,15.81,5391826,15.42,14.93,14.61,2.5041,5.9066,8.1889,-0.6202,-0.4921,0.7093
VSC,2024-02-16,15.74,16.39,15.74,16.21,4664995,15.61,15.02,14.67,3.839,7.88,10.4858,0.5295,0.4097,0.7014
VSC,2024-02-19,16.24,16.42,15.92,15.99,3134761,15.76,15.13,14.72,1.4426,5.7088,8.6444,-0.4738,-0.356,0.7366
VSC,2024-02-20,16.13,16.53,15.81,16.53,6087950,15.91,15.26,14.77,3.8784,8.3255,11.9253,1.5155,1.2049,0.7484
VSC,2024-02-21,16.53,16.75,16.21,16.35,3982678,16.07,15.34,14.82,1.752,6.6008,10.3396,-0.4857,-0.3741,0.7695
VSC,2024-02-22,16.39,16.5,16.24,16.28,2769937,16.13,15.42,14.86,0.9174,5.5464,9.5753,-0.4119,-0.3349,0.6355
VSC,2024-02-23,16.39,16.6,15.88,15.95,6420618,16.13,15.49,14.89,-1.1186,2.9943,7.1652,-0.5097,-0.4072,0.6772
VSC,2024-02-26,15.95,16.39,15.85,16.32,3658323,16.17,15.58,14.93,0.8929,4.7509,9.2949,0.5504,0.4223,0.6707
VSC,2024-02-27,16.39,16.46,16.21,16.32,3230050,16.18,15.66,14.97,0.8254,4.2075,8.9839,-0.0986,-0.0741,0.603
VSC,2024-02-28,16.42,16.82,16.24,16.5,6088567,16.22,15.76,15.01,1.6685,4.6964,9.9182,-0.1855,-0.1404,0.5381
VSC,2024-02-29,16.64,16.64,15.92,16.24,6974712,16.27,15.85,15.04,-0.1553,2.5057,7.9842,-0.1481,-0.114,0.4909
VSC,2024-03-01,16.24,16.53,16.13,16.46,3567468,16.29,15.95,15.09,1.0191,3.1908,9.0976,0.4776,0.3863,0.4857
VSC,2024-03-04,16.53,16.75,16.28,16.32,5197307,16.33,16.04,15.13,-0.0663,1.6873,7.8361,-0.9046,-0.6517,0.5288
VSC,2024-03-05,16.39,16.39,16.1,16.24,4309954,16.3,16.11,15.17,-0.3322,0.8517,7.047,0.0,0.0,0.3772
VSC,2024-03-06,16.39,16.39,15.88,15.95,6073831,16.26,16.16,15.21,-1.865,-1.2952,4.9027,-0.7972,-0.6374,0.4084
VSC,2024-03-07,15.95,16.1,15.67,15.85,6681073,16.21,16.17,15.24,-2.2707,-2.0198,3.9736,-0.2098,-0.1504,0.3882
VSC,2024-03-08,15.95,15.95,15.52,15.56,4695995,16.17,16.15,15.26,-3.8161,-3.6979,1.9247,-0.3808,-0.2894,0.3753
VSC,2024-03-11,15.52,15.7,15.16,15.3,3400288,16.07,16.12,15.28,-4.7833,-5.0711,0.1321,-0.2821,-0.1993,0.3484
VSC,2024-03-12,15.3,15.77,15.23,15.63,4277433,16.0,16.09,15.3,-2.3455,-2.8822,2.12,0.5055,0.3823,0.3891
VSC,2024-03-13,15.7,15.95,15.56,15.92,4129874,15.95,16.09,15.34,-0.1811,-1.0434,3.785,0.464,0.3166,0.417
VSC,2024-03-14,15.95,16.53,15.85,16.39,8170960,15.96,16.11,15.38,2.6685,1.6911,6.5216,0.9079,0.6409,0.4929
VSC,2024-03-15,16.46,16.5,15.95,16.03,4734736,15.92,16.11,15.42,0.6803,-0.4931,3.9265,-0.6837,-0.4804,0.5136
VSC,2024-03-18,16.03,16.17,15.16,15.41,7213865,15.83,16.08,15.45,-2.6226,-4.1311,-0.2147,-0.51,-0.3353,0.4741
VSC,2024-03-19,15.52,15.99,15.48,15.74,3076328,15.78,16.04,15.48,-0.2517,-1.8681,1.6712,0.0,0.0,0.4741
VSC,2024-03-20,15.95,15.99,15.74,15.81,2004698,15.76,16.01,15.51,0.2977,-1.2513,1.9204,-0.1528,-0.1142,0.4097
VSC,2024-03-21,16.03,16.21,15.85,16.03,4059274,15.78,16.0,15.53,1.5553,0.1805,3.195,-0.0,-0.0,0.3887
VSC,2024-03-22,16.17,16.24,15.95,15.95,4854093,15.82,16.0,15.54,0.8442,-0.2708,2.6674,-0.8382,-0.5872,0.4344
VSC,2024-03-25,16.03,16.21,15.59,15.77,4905030,15.87,15.97,15.55,-0.5914,-1.2317,1.4708,-0.341,-0.2404,0.4403
VSC,2024-03-26,15.85,15.99,15.67,15.92,2788299,15.9,15.95,15.56,0.1363,-0.2036,2.3289,0.2662,0.1988,0.4164
VSC,2024-03-27,15.99,17.0,15.92,17.0,13378950,16.0,15.98,15.59,6.2246,6.4166,9.0629,3.2454,2.4876,0.6945
VSC,2024-03-28,17.18,17.18,16.82,16.89,7352653,16.06,16.01,15.63,5.2159,5.5243,8.091,-0.9792,-0.7115,0.7016
VSC,2024-03-29,16.89,17.15,16.64,16.71,6012069,16.12,16.02,15.68,3.649,4.3145,6.608,-0.8692,-0.6378,0.7202
VSC,2024-04-01,16.75,16.86,16.35,16.6,5221970,16.24,16.04,15.73,2.2222,3.5453,5.5553,-0.0,-0.0,0.6692
VSC,2024-04-02,16.5,16.78,16.32,16.71,4940887,16.34,16.06,15.79,2.2752,4.0683,5.8576,0.4748,0.3458,0.7167
VSC,2024-04-03,16.78,17.15,16.46,16.53,6600124,16.41,16.09,15.82,0.7257,2.7597,4.4851,-0.6859,-0.502,0.77
VSC,2024-04-04,16.6,16.6,16.17,16.53,5008861,16.46,16.12,15.86,0.4166,2.5411,4.2283,0.5692,0.4247,0.8269
VSC,2024-04-05,16.32,16.78,16.17,16.39,4860984,16.51,16.16,15.9,-0.7216,1.3846,3.0881,-0.2096,-0.1579,0.764
VSC,2024-04-08,16.24,16.39,15.92,15.92,3291480,16.52,16.19,15.92,-3.6487,-1.7051,-0.0272,-0.6563,-0.4895,0.7956
VSC,2024-04-09,15.95,16.13,15.67,15.92,3687986,16.52,16.21,15.95,-3.6487,-1.7927,-0.1811,0.06,0.0425,0.775
VSC,2024-04-10,15.99,16.1,15.56,15.56,3561484,16.38,16.19,15.97,-5.0033,-3.9126,-2.5725,-0.7321,-0.5263,0.5236
VSC,2024-04-11,15.34,15.63,15.3,15.56,2663566,16.24,16.15,15.99,-4.2222,-3.6656,-2.7088,0.4378,0.3174,0.4695
VSC,2024-04-12,15.59,15.95,15.59,15.95,2306200,16.17,16.15,16.02,-1.3173,-1.1849,-0.4236,0.5827,0.4429,0.4408
VSC,2024-04-15,15.95,15.95,14.87,14.87,5156667,15.99,16.12,16.03,-7.0187,-7.7371,-7.2323,-0.4145,-0.3145,0.4823
VSC,2024-04-16,14.87,14.94,14.19,14.58,4374254,15.78,16.06,16.02,-7.5938,-9.2033,-8.9844,0.0345,0.0237,0.4383
VSC,2024-04-17,14.76,14.8,14.44,14.44,1996142,15.57,15.99,16.01,-7.2786,-9.7168,-9.8449,-0.3239,-0.242,0.4021
VSC,2024-04-19,14.37,14.55,13.93,14.01,3463255,15.32,15.89,15.98,-8.5768,-11.8682,-12.3679,-0.4515,-0.313,0.3903
VSC,2024-04-22,14.22,14.4,14.19,14.37,1323202,15.12,15.81,15.95,-4.9666,-9.1428,-9.9344,0.3159,0.2214,0.4009
VSC,2024-04-23,14.37,14.4,14.15,14.26,1351640,14.95,15.74,15.92,-4.6355,-9.3933,-10.4227,-0.0558,-0.0398,0.3409
VSC,2024-04-24,14.51,14.76,14.44,14.69,1804198,14.83,15.67,15.89,-0.925,-6.2752,-7.5252,0.2235,0.1412,0.3572
VSC,2024-04-25,14.65,14.69,14.44,14.51,1259330,14.72,15.55,15.86,-1.4464,-6.6853,-8.4825,-0.2391,-0.1399,0.3079
VSC,2024-04-26,14.4,15.05,14.33,14.76,2674175,14.64,15.44,15.83,0.8134,-4.4058,-6.7658,0.2093,0.1272,0.2851
VSC,2024-05-02,14.8,14.8,14.47,14.55,1528159,14.5,15.34,15.8,0.2987,-5.143,-7.9404,-0.3796,-0.2414,0.2648
VSC,2024-05-03,14.65,14.73,14.44,14.44,1727977,14.46,15.23,15.77,-0.1498,-5.1796,-8.4459,-0.5597,-0.3578,0.2793
VSC,2024-05-06,14.58,14.98,14.47,14.94,2284301,14.5,15.14,15.74,3.0877,-1.2875,-5.0502,0.412,0.3018,0.317
VSC,2024-05-07,15.02,15.41,14.84,15.3,3062396,14.58,15.08,15.72,4.9505,1.5082,-2.6273,0.7438,0.4362,0.359
VSC,2024-05-08,15.09,15.67,15.02,15.38,3346965,14.72,15.02,15.7,4.463,2.3792,-2.0555,0.0856,0.0612,0.3224
VSC,2024-05-09,15.38,15.48,15.09,15.16,2697236,14.8,14.96,15.68,2.439,1.3513,-3.3372,-0.4696,-0.3063,0.3378
VSC,2024-05-10,15.3,15.38,14.87,15.05,2391932,14.88,14.91,15.66,1.1645,0.9197,-3.8727,-0.2141,-0.1472,0.3536
VSC,2024-05-13,15.12,15.34,14.98,15.05,1852222,14.91,14.87,15.63,0.9197,1.2136,-3.7174,-0.4058,-0.3119,0.3719
VSC,2024-05-14,15.16,15.23,15.05,15.12,1137599,14.98,14.85,15.61,0.9882,1.8474,-3.0855,-0.0791,-0.0541,0.3559
VSC,2024-05-15,15.16,15.63,15.09,15.27,2992759,15.03,14.84,15.59,1.6094,2.9197,-2.038,-0.2911,-0.1919,0.364
VSC,2024-05-16,15.45,15.45,15.2,15.27,2336368,15.1,14.8,15.56,1.1236,3.1582,-1.888,-0.2256,-0.156,0.3486
VSC,2024-05-17,15.3,15.67,15.23,15.48,4160260,15.2,14.83,15.55,1.8518,4.405,-0.3901,0.1569,0.1078,0.3084
VSC,2024-05-20,15.59,16.53,15.56,16.17,6736107,15.33,14.91,15.54,5.5111,8.4483,4.0312,0.3007,0.2139,0.2972
VSC,2024-05-21,16.1,16.28,15.81,15.99,4498010,15.39,14.99,15.54,3.8687,6.6827,2.8654,-0.2209,-0.1588,0.2449
VSC,2024-05-22,16.13,16.35,15.67,15.74,5980803,15.43,15.08,15.54,1.9883,4.3936,1.2541,-0.755,-0.5693,0.3119
VSC,2024-05-23,15.74,16.13,15.63,15.67,10664195,15.48,15.14,15.54,1.1891,3.4688,0.7756,-1.5389,-1.0295,0.4188
VSC,2024-05-24,15.67,15.81,14.98,15.38,7653903,15.51,15.2,15.55,-0.8842,1.1876,-1.0913,-0.0599,-0.0409,0.4034
VSC,2024-05-27,15.38,15.48,15.05,15.09,3702611,15.52,15.22,15.54,-2.7681,-0.8421,-2.881,-0.9042,-0.6517,0.4532
VSC,2024-05-28,15.2,15.38,15.09,15.3,3475842,15.54,15.26,15.52,-1.487,0.3194,-1.4091,0.425,0.281,0.4878
VSC,2024-05-29,15.41,15.52,15.12,15.16,3883158,15.52,15.28,15.5,-2.3483,-0.7562,-2.1846,-0.505,-0.361,0.5092
VSC,2024-05-30,14.8,15.48,14.8,15.34,21511932,15.53,15.32,15.48,-1.2317,0.165,-0.9324,2.2878,1.4216,0.7154
VSC,2024-05-31,15.59,16.13,15.48,15.92,14592121,15.58,15.39,15.5,2.2016,3.4362,2.7302,1.3283,0.9575,0.8326
VSC,2024-06-03,16.1,16.13,15.7,15.74,11999220,15.53,15.43,15.5,1.3247,2.0002,1.5654,-2.0113,-1.4669,1.0036
VSC,2024-06-04,15.85,16.28,15.7,15.99,12248653,15.53,15.46,15.5,2.9514,3.408,3.172,0.0,0.0,0.9815
VSC,2024-06-05,16.03,16.21,15.77,15.77,7276150,15.54,15.48,15.49,1.5335,1.8767,1.8079,-1.3282,-0.8525,1.0389
VSC,2024-06-06,15.85,16.24,15.63,16.03,9919965,15.57,15.53,15.5,2.9207,3.2198,3.429,0.9107,0.6196,0.976
VSC,2024-06-07,16.13,16.75,15.95,16.39,15327427,15.67,15.59,15.51,4.5601,5.0926,5.6748,0.4805,0.3545,1.0181
VSC,2024-06-10,16.89,17.51,16.68,17.11,22639298,15.87,15.7,15.53,7.7763,9.0031,10.1608,0.2537,0.1908,0.953
VSC,2024-06-11,17.29,17.29,16.68,16.86,10818743,16.03,15.78,15.53,5.1565,6.8039,8.5542,-0.8288,-0.5885,0.9934
VSC,2024-06-12,16.86,16.86,16.53,16.75,9629903,16.19,15.86,15.53,3.4559,5.6226,7.8769,0.6091,0.4264,1.0038
VSC,2024-06-13,16.82,17.07,16.64,16.71,7758721,16.33,15.93,15.53,2.3657,4.9173,7.6444,-1.2472,-0.8449,0.8998
VSC,2024-06-14,16.86,17.07,16.03,16.03,14528808,16.34,15.96,15.51,-1.9002,0.4411,3.3038,-1.4784,-1.0761,0.9148
VSC,2024-06-17,16.17,16.57,16.06,16.24,8026337,16.39,15.96,15.5,-0.881,1.7754,4.7633,-0.557,-0.371,0.7694
VSC,2024-06-18,16.39,16.46,16.17,16.17,4862476,16.41,15.97,15.5,-1.4301,1.2658,4.3462,-1.0583,-0.6694,0.8752
VSC,2024-06-19,16.17,16.39,16.1,16.24,6787731,16.45,15.99,15.49,-1.2725,1.5572,4.8511,0.0001,0.0,0.7424
VSC,2024-06-20,16.28,16.32,15.88,15.99,7959964,16.45,16.01,15.48,-2.7869,-0.124,3.273,-0.9678,-0.6943,0.7481
VSC,2024-06-21,16.03,16.42,15.99,16.1,5917387,16.42,16.05,15.49,-1.9565,0.3261,3.9481,-0.6664,-0.4802,0.7667
VSC,2024-06-24,16.17,16.17,15.16,15.2,11556739,16.23,16.05,15.47,-6.3612,-5.3294,-1.7869,-1.3613,-0.8706,0.8774
VSC,2024-06-25,15.23,15.99,15.12,15.7,6697795,16.11,16.07,15.48,-2.5538,-2.3021,1.4601,0.8742,0.5638,0.882
VSC,2024-06-26,15.7,15.95,15.38,15.56,3515386,15.99,16.09,15.48,-2.7308,-3.3199,0.5271,-0.4195,-0.2478,0.863
VSC,2024-06-27,15.63,15.67,15.48,15.56,2298927,15.88,16.1,15.47,-2.0232,-3.3849,0.5787,-0.1887,-0.1294,0.7572
VSC,2024-06-28,15.56,15.92,15.27,15.88,6912219,15.86,16.1,15.49,0.1138,-1.3564,2.545,1.457,1.0314,0.755
VSC,2024-07-01,15.81,15.85,15.56,15.74,2738258,15.81,16.1,15.51,-0.4793,-2.2531,1.4614,0.2444,0.1388,0.7238
VSC,2024-07-02,15.85,16.06,15.74,15.81,3372715,15.78,16.09,15.54,0.2059,-1.7497,1.7469,-0.6879,-0.4247,0.6867
VSC,2024-07-03,15.85,16.13,15.81,15.81,3359852,15.73,16.09,15.57,0.4818,-1.7607,1.5111,-1.4225,-0.915,0.829
VSC,2024-07-04,15.85,15.92,15.7,15.74,3929760,15.71,16.08,15.6,0.1838,-2.1214,0.8699,-0.9686,-0.5776,0.8291
VSC,2024-07-05,15.88,16.21,15.81,16.03,7806401,15.7,16.06,15.64,2.069,-0.2135,2.4883,0.2277,0.1518,0.7852
VSC,2024-07-08,16.24,16.39,16.03,16.13,6159526,15.8,16.01,15.67,2.1481,0.7665,2.9906,-0.6227,-0.4086,0.7113
VSC,2024-07-09,16.24,16.28,16.03,16.1,5464614,15.84,15.97,15.7,1.664,0.7795,2.5523,-0.5625,-0.3857,0.6802
VSC,2024-07-10,16.13,16.17,15.74,15.74,7402349,15.85,15.92,15.72,-0.7286,-1.1674,0.1286,-1.678,-1.0502,0.806
VSC,2024-07-11,15.81,15.95,15.7,15.7,4306953,15.87,15.87,15.74,-1.0464,-1.0802,-0.2477,-1.1265,-0.7145,0.8998
VSC,2024-07-12,15.74,15.85,15.56,15.59,3397761,15.84,15.85,15.76,-1.5497,-1.6281,-1.0808,-0.8846,-0.6056,0.8425
VSC,2024-07-15,15.67,15.74,15.52,15.52,2269287,15.82,15.82,15.78,-1.8713,-1.8601,-1.6108,-0.9018,-0.605,0.9083
VSC,2024-07-16,15.63,15.81,15.52,15.52,3304967,15.79,15.78,15.78,-1.6918,-1.6581,-1.6378,-0.8626,-0.5749,0.9258
VSC,2024-07-17,15.63,15.7,14.44,14.65,9861855,15.67,15.7,15.77,-6.4947,-6.6774,-7.0427,-1.0846,-0.8121,0.892
VSC,2024-07-18,14.8,15.02,14.58,14.98,3528515,15.6,15.65,15.76,-3.9574,-4.3007,-4.9604,0.605,0.3788,0.8556
VSC,2024-07-19,14.98,14.98,14.62,14.65,3895313,15.46,15.58,15.75,-5.2066,-5.9423,-6.9746,-0.7258,-0.5404,0.9054
VSC,2024-07-22,14.62,14.84,14.29,14.51,3950551,15.3,15.55,15.74,-5.144,-6.6636,-7.8278,-0.1819,-0.1198,0.8613
VSC,2024-07-23,14.58,14.69,14.15,14.15,3223187,15.1,15.47,15.72,-6.3097,-8.5287,-10.0092,-0.638,-0.4265,0.8689
VSC,2024-07-24,14.01,14.44,13.9,14.33,3266698,14.96,15.41,15.7,-4.2219,-6.9931,-8.7524,0.5013,0.323,0.7512
VSC,2024-07-25,14.33,14.4,14.19,14.37,1605098,14.83,15.35,15.69,-3.1159,-6.397,-8.4173,0.5023,0.3212,0.6888
VSC,2024-07-26,14.37,14.44,14.29,14.44,1049738,14.71,15.28,15.67,-1.8646,-5.4821,-7.8341,0.4514,0.2595,0.6455
VSC,2024-07-29,14.51,14.62,14.44,14.44,1230269,14.6,15.21,15.63,-1.1369,-5.0783,-7.6298,-0.4642,-0.2961,0.6017
VSC,2024-07-30,14.44,14.69,14.37,14.47,2023649,14.5,15.14,15.6,-0.1742,-4.4214,-7.2189,-0.2016,-0.1685,0.5356
VSC,2024-07-31,14.76,14.76,14.4,14.44,1888507,14.48,15.08,15.57,-0.2743,-4.226,-7.2958,-0.3855,-0.254,0.4657
VSC,2024-08-01,14.51,14.55,13.57,13.82,4997829,14.36,14.98,15.54,-3.7447,-7.7108,-11.0254,-0.4158,-0.2657,0.4468
VSC,2024-08-02,13.72,13.93,13.39,13.93,3502090,14.29,14.87,15.51,-2.5006,-6.3334,-10.1615,0.7043,0.4627,0.4446
VSC,2024-08-05,13.57,13.68,12.96,12.96,4024349,14.13,14.72,15.47,-8.3248,-11.945,-16.2154,-0.5752,-0.3856,0.484
VSC,2024-08-06,13.03,13.21,12.71,13.1,3063882,14.03,14.57,15.42,-6.6118,-10.0483,-15.04,0.475,0.2868,0.4677
VSC,2024-08-07,13.17,13.25,12.89,13.1,1768063,13.91,14.43,15.38,-5.7877,-9.2273,-14.8127,0.1218,0.0655,0.4297
VSC,2024-08-08,12.99,13.36,12.99,13.14,2664670,13.78,14.31,15.34,-4.6871,-8.162,-14.3328,-0.1671,-0.1196,0.3962
VSC,2024-08-09,13.21,13.5,13.21,13.5,3243879,13.69,14.2,15.29,-1.3973,-4.9435,-11.7008,1.1044,0.5849,0.4615
VSC,2024-08-12,13.5,13.72,13.36,13.68,3000711,13.62,14.11,15.25,0.4772,-3.0442,-10.2789,0.7737,0.4589,0.4924
VSC,2024-08-13,13.72,13.72,13.25,13.36,2881124,13.5,14.0,15.19,-1.096,-4.6146,-12.1057,-0.6941,-0.4004,0.5417
VSC,2024-08-14,13.43,13.46,13.17,13.21,1820440,13.38,13.93,15.14,-1.2679,-5.1568,-12.7616,-0.5122,-0.2936,0.5544
VSC,2024-08-15,13.25,13.36,12.99,13.07,2273302,13.3,13.83,15.08,-1.7906,-5.5447,-13.3764,-0.5625,-0.3388,0.569
VSC,2024-08-16,13.14,13.72,13.07,13.61,5544892,13.27,13.78,15.03,2.5293,-1.2572,-9.4533,0.5027,0.3254,0.5489
VSC,2024-08-19,13.68,13.93,13.68,13.86,4536133,13.36,13.75,14.96,3.7277,0.8138,-7.3717,0.5981,0.3679,0.5512
VSC,2024-08-20,13.93,13.93,13.64,13.86,7926153,13.44,13.73,14.9,3.1426,0.9198,-6.9993,1.0,0.6174,0.6037
VSC,2024-08-21,13.86,14.08,13.79,13.86,3211053,13.51,13.71,14.85,2.5641,1.0925,-6.6375,-0.3899,-0.23,0.6305
VSC,2024-08-22,13.93,13.93,13.75,13.82,3018430,13.58,13.68,14.79,1.7805,1.0288,-6.517,-0.2053,-0.1337,0.6343
VSC,2024-08-23,13.82,13.86,13.61,13.72,3524561,13.6,13.65,14.74,0.8225,0.5025,-6.9585,-0.1526,-0.1033,0.5391
VSC,2024-08-26,13.82,14.01,13.68,13.72,3119317,13.61,13.61,14.69,0.7957,0.769,-6.6385,-0.5938,-0.3464,0.5211
VSC,2024-08-27,13.68,13.79,13.57,13.57,2546918,13.63,13.57,14.64,-0.4237,0.0399,-7.2933,-0.8872,-0.4848,0.5404
VSC,2024-08-28,13.57,13.61,13.32,13.36,4557381,13.64,13.51,14.58,-2.1164,-1.162,-8.4113,-1.0838,-0.7021,0.5976
VSC,2024-08-29,13.36,13.43,13.25,13.25,2165914,13.66,13.48,14.53,-3.0383,-1.7535,-8.8108,-0.6847,-0.4206,0.6098
VSC,2024-08-30,13.28,13.43,13.21,13.36,1844659,13.64,13.45,14.47,-2.0646,-0.7377,-7.7169,0.2011,0.1218,0.5797
VSC,2024-09-04,13.25,13.36,13.17,13.28,1617080,13.58,13.47,14.43,-2.1797,-1.3933,-7.9724,0.0949,0.0566,0.5293
VSC,2024-09-05,13.36,13.5,13.25,13.32,2490144,13.52,13.48,14.39,-1.5212,-1.2048,-7.4167,-0.358,-0.1992,0.4651
VSC,2024-09-06,13.39,13.46,13.32,13.43,2305267,13.48,13.5,14.34,-0.4016,-0.5215,-6.3868,0.4016,0.2178,0.4663
VSC,2024-09-09,13.39,13.43,13.28,13.36,2286442,13.43,13.51,14.3,-0.5911,-1.1356,-6.6034,0.0,0.0,0.4458
VSC,2024-09-10,13.39,13.46,13.07,13.07,3125222,13.37,13.49,14.24,-2.2678,-3.1179,-8.2616,-0.9477,-0.5735,0.5253
VSC,2024-09-11,13.08,13.15,12.92,12.96,1943039,13.29,13.45,14.19,-2.5098,-3.6469,-8.6497,-0.5144,-0.323,0.5173
VSC,2024-09-12,13.0,13.15,12.96,13.04,1532359,13.24,13.44,14.13,-1.5307,-2.9556,-7.7423,-0.1522,-0.0891,0.4438
VSC,2024-09-13,13.0,13.15,13.0,13.04,874421,13.21,13.43,14.08,-1.2942,-2.8932,-7.379,-0.2165,-0.1256,0.3571
VSC,2024-09-16,13.04,13.15,12.92,12.92,1364226,13.18,13.42,14.02,-1.934,-3.7082,-7.8372,-0.4278,-0.236,0.3314
VSC,2024-09-17,12.88,13.04,12.84,13.04,1443223,13.14,13.39,13.96,-0.8118,-2.634,-6.6088,0.3782,0.2135,0.3491
VSC,2024-09-18,13.08,13.43,13.0,13.31,2767918,13.15,13.36,13.9,1.2342,-0.4007,-4.2758,0.4963,0.2611,0.3893
VSC,2024-09-19,13.31,13.43,13.27,13.35,1139901,13.15,13.34,13.85,1.5067,0.0815,-3.6154,0.0,0.0,0.3535
VSC,2024-09-20,13.43,13.54,13.31,13.39,2505966,13.15,13.31,13.8,1.8328,0.5508,-3.006,-0.2046,-0.1121,0.3338
VSC,2024-09-23,13.46,13.46,13.27,13.35,1396716,13.15,13.29,13.76,1.5429,0.4389,-2.9563,-0.1082,-0.0683,0.3446
VSC,2024-09-24,13.35,13.43,13.23,13.43,1898319,13.18,13.28,13.71,1.8546,1.1332,-2.0836,0.5644,0.3372,0.3063
VSC,2024-09-25,13.54,13.66,13.39,13.54,3035572,13.24,13.27,13.67,2.2861,2.0769,-0.9487,0.0926,0.0564,0.2641
VSC,2024-09-26,13.58,13.74,13.58,13.66,2812365,13.3,13.27,13.64,2.6838,2.9205,0.1756,0.0,0.0,0.2489
VSC,2024-09-27,13.78,13.78,13.5,13.66,2749244,13.36,13.29,13.62,2.2067,2.8029,0.3221,0.1151,0.0723,0.2387
VSC,2024-09-30,13.7,13.78,13.58,13.78,3613664,13.45,13.31,13.59,2.4235,3.4733,1.3564,1.1672,0.7025,0.3127
VSC,2024-10-01,13.74,13.85,13.66,13.66,3160322,13.51,13.33,13.57,1.0913,2.482,0.6474,-0.6629,-0.3904,0.3411
VSC,2024-10-02,13.62,13.74,13.54,13.54,1648217,13.53,13.34,13.55,0.0574,1.5098,-0.0679,-0.4318,-0.288,0.3347
VSC,2024-10-03,13.54,13.66,13.27,13.31,2161579,13.53,13.34,13.54,-1.6347,-0.2319,-1.6641,-0.2683,-0.1743,0.3615
VSC,2024-10-04,13.31,13.35,13.23,13.27,1100221,13.52,13.33,13.51,-1.837,-0.4643,-1.7971,-0.0908,-0.0584,0.3501
VSC,2024-10-07,13.31,13.43,13.23,13.27,817939,13.51,13.33,13.49,-1.7806,-0.4328,-1.6377,-0.2146,-0.1245,0.3608
VSC,2024-10-08,13.31,13.54,13.23,13.43,1141743,13.51,13.35,13.47,-0.6319,0.596,-0.3378,0.0751,0.0442,0.3118
VSC,2024-10-09,13.5,13.58,13.43,13.5,1122908,13.51,13.37,13.45,-0.0287,0.972,0.3775,0.0,0.0,0.3026
VSC,2024-10-10,13.54,13.58,13.39,13.39,1056853,13.48,13.39,13.43,-0.6908,-0.029,-0.3267,-0.2357,-0.1258,0.3261
VSC,2024-10-11,13.39,13.74,13.39,13.66,3998214,13.48,13.42,13.42,1.3241,1.7635,1.8138,0.8295,0.4497,0.3976
VSC,2024-10-14,13.78,13.81,13.54,13.58,2475619,13.46,13.46,13.41,0.8936,0.9373,1.272,-0.448,-0.2765,0.3257
VSC,2024-10-15,13.58,13.66,13.35,13.35,1612237,13.43,13.47,13.4,-0.6067,-0.9074,-0.3773,-0.3754,-0.2344,0.2969
VSC,2024-10-16,13.35,13.5,13.27,13.43,1309757,13.42,13.48,13.41,0.0578,-0.3744,0.132,0.1669,0.0914,0.2704
VSC,2024-10-17,13.43,13.5,13.27,13.43,1557211,13.43,13.48,13.41,-0.0289,-0.403,0.0837,0.1103,0.0687,0.2546
VSC,2024-10-18,13.43,13.54,13.35,13.39,1092478,13.44,13.48,13.42,-0.4042,-0.6908,-0.2479,-0.1665,-0.1057,0.2622
VSC,2024-10-21,13.43,13.43,13.15,13.15,2167891,13.43,13.47,13.42,-2.0514,-2.3477,-1.985,-0.5406,-0.2997,0.2948
VSC,2024-10-22,13.08,13.27,13.04,13.12,1112463,13.4,13.46,13.41,-2.1141,-2.5235,-2.2182,-0.1082,-0.0591,0.2981
VSC,2024-10-23,13.12,13.15,13.04,13.08,1002585,13.36,13.43,13.4,-2.0918,-2.6434,-2.4197,-0.1385,-0.0799,0.3119
VSC,2024-10-24,13.12,13.12,12.88,12.88,1138099,13.31,13.39,13.39,-3.1788,-3.8099,-3.7997,-0.2476,-0.1388,0.3131
VSC,2024-10-25,12.92,13.04,12.88,12.92,868697,13.23,13.36,13.39,-2.3461,-3.2539,-3.4683,-0.1556,-0.0849,0.2457
VSC,2024-10-28,12.96,13.04,12.92,13.0,717109,13.17,13.32,13.38,-1.3255,-2.3893,-2.8787,0.1177,0.0633,0.2127
VSC,2024-10-29,13.04,13.31,13.0,13.19,1765845,13.16,13.29,13.38,0.2654,-0.7589,-1.368,0.1725,0.0936,0.1924
VSC,2024-10-30,13.23,13.27,13.08,13.15,840603,13.13,13.27,13.36,0.1773,-0.9061,-1.5542,-0.0856,-0.0406,0.1843
VSC,2024-10-31,13.19,13.19,13.04,13.12,808261,13.1,13.27,13.35,0.1185,-1.1262,-1.7351,0.0,0.0,0.1733
VSC,2024-11-01,13.12,13.19,12.96,12.96,1056566,13.06,13.25,13.33,-0.7429,-2.1818,-2.7668,-0.3167,-0.1662,0.1883
VSC,2024-11-04,12.96,13.08,12.77,12.96,1206482,13.04,13.23,13.31,-0.5952,-2.0671,-2.6406,0.0972,0.055,0.1439
VSC,2024-11-05,12.92,13.04,12.88,12.88,729181,13.01,13.21,13.3,-1.0137,-2.4533,-3.1022,-0.377,-0.2085,0.1708
VSC,2024-11-06,13.04,13.31,12.92,13.23,1852992,13.03,13.19,13.29,1.5485,0.2941,-0.403,0.3475,0.1918,0.1917
VSC,2024-11-07,13.23,13.35,13.19,13.27,1790507,13.07,13.19,13.28,1.544,0.6326,-0.0656,0.0,0.0,0.167
VSC,2024-11-08,13.31,13.35,13.12,13.15,1618321,13.09,13.16,13.28,0.4742,-0.0589,-0.9123,-0.3737,-0.2017,0.1888
VSC,2024-11-11,13.19,13.7,13.19,13.58,10297009,13.15,13.16,13.28,3.2753,3.184,2.2514,1.491,0.7729,0.3261
VSC,2024-11-12,13.74,13.81,13.39,13.43,2848476,13.17,13.17,13.28,1.9145,1.9746,1.072,-0.7148,-0.3928,0.3803
VSC,2024-11-13,13.43,13.58,13.15,13.31,5652159,13.19,13.16,13.28,0.912,1.1352,0.1917,-0.5176,-0.2838,0.4235
VSC,2024-11-14,13.39,14.05,13.27,13.89,15005974,13.27,13.18,13.3,4.709,5.3716,4.4832,2.2836,1.3547,0.6519
VSC,2024-11-15,13.81,14.01,13.5,13.54,6547385,13.33,13.19,13.3,1.6308,2.6622,1.8389,-1.4039,-0.8667,0.7606
VSC,2024-11-18,13.54,13.78,13.35,13.35,4804672,13.36,13.2,13.3,-0.1161,1.117,0.3809,-1.956,-1.085,0.9465
VSC,2024-11-19,13.43,13.66,12.42,12.46,9802601,13.32,13.17,13.29,-6.4958,-5.4074,-6.2446,-2.7284,-1.3075,1.1817
VSC,2024-11-20,12.42,12.65,12.03,12.18,6666466,13.22,13.12,13.27,-7.8097,-7.1555,-8.1817,-1.2783,-0.5939,1.2747
VSC,2024-11-21,12.26,12.46,12.18,12.34,2662793,13.12,13.1,13.26,-5.9728,-5.7778,-6.9141,0.1432,0.0748,1.2891
VSC,2024-11-22,12.34,12.42,12.11,12.22,3479813,13.03,13.06,13.24,-6.1942,-6.4171,-7.6788,-0.3298,-0.1897,1.2847
VSC,2024-11-25,12.26,12.46,12.26,12.38,2311599,12.91,13.03,13.23,-4.1178,-5.003,-6.4296,0.2047,0.1152,1.156
VSC,2024-11-26,12.42,12.53,12.38,12.46,2745509,12.81,12.99,13.22,-2.7862,-4.1362,-5.7601,-0.0001,-0.0,1.0846
VSC,2024-11-27,12.46,12.61,12.38,12.46,2765254,12.73,12.96,13.2,-2.1342,-3.8779,-5.6382,-0.4942,-0.2559,1.0822
VSC,2024-11-28,12.49,12.57,12.38,12.38,1392732,12.58,12.92,13.18,-1.5736,-4.2042,-6.0881,-0.6481,-0.353,0.9187
VSC,2024-11-29,12.38,12.53,12.38,12.42,2170508,12.46,12.89,13.16,-0.3736,-3.7015,-5.6548,-0.4219,-0.2095,0.8205
VSC,2024-12-02,12.49,12.61,12.42,12.46,3402270,12.37,12.87,13.14,0.6585,-3.2112,-5.2315,-1.2523,-0.6175,0.7501
VSC,2024-12-03,12.46,12.77,12.46,12.49,2794783,12.38,12.85,13.13,0.9405,-2.7631,-4.8013,-0.6456,-0.3704,0.5418
VSC,2024-12-04,12.57,12.61,12.15,12.38,2839723,12.4,12.81,13.1,-0.1565,-3.3479,-5.5206,0.0,0.0,0.414
VSC,2024-12-05,12.42,12.65,12.26,12.57,3669550,12.42,12.77,13.08,1.2184,-1.5646,-3.8804,0.3078,0.1798,0.4305
VSC,2024-12-06,12.65,12.73,12.53,12.53,2607275,12.45,12.74,13.06,0.6544,-1.6294,-4.0119,-0.7489,-0.4262,0.4724
VSC,2024-12-09,12.57,12.69,12.53,12.61,2579423,12.48,12.69,13.03,1.0886,-0.642,-3.245,0.0,0.0,0.4519
VSC,2024-12-10,12.61,12.65,12.38,12.46,3736610,12.48,12.64,13.01,-0.1556,-1.4884,-4.2592,-0.6037,-0.3481,0.5123
VSC,2024-12-11,12.46,12.53,12.38,12.38,2184351,12.47,12.6,12.99,-0.7158,-1.7403,-4.685,-0.9662,-0.5494,0.5595
VSC,2024-12-12,12.42,12.46,12.34,12.34,2058693,12.46,12.52,12.97,-0.9963,-1.4412,-4.8417,-0.7308,-0.39,0.5677
VSC,2024-12-13,12.38,12.38,12.18,12.26,2129113,12.45,12.46,12.95,-1.4963,-1.5577,-5.2928,-0.217,-0.1154,0.5472
VSC,2024-12-16,12.3,12.34,12.18,12.22,1633706,12.43,12.4,12.93,-1.624,-1.4239,-5.4395,-0.4492,-0.2518,0.4669
VSC,2024-12-17,12.22,12.3,12.18,12.22,1196619,12.4,12.39,12.9,-1.4085,-1.3312,-5.2632,-0.2308,-0.1107,0.4254
VSC,2024-12-18,12.26,12.26,12.15,12.22,1968978,12.38,12.39,12.88,-1.2849,-1.3467,-5.0747,0.2896,0.1661,0.4544
VSC,2024-12-19,12.18,12.18,11.91,12.03,5034082,12.33,12.37,12.85,-2.4237,-2.7908,-6.384,-0.21,-0.1129,0.4446
VSC,2024-12-20,12.07,12.53,12.07,12.26,5243800,12.3,12.38,12.82,-0.3155,-0.9249,-4.3642,-0.2812,-0.1712,0.3979
VSC,2024-12-23,12.34,12.42,12.22,12.3,2123133,12.27,12.37,12.8,0.253,-0.5802,-3.8695,-0.1941,-0.1041,0.4173
VSC,2024-12-24,12.3,12.73,12.18,12.53,6767172,12.28,12.38,12.78,2.086,1.2698,-1.9251,0.6098,0.3489,0.4179
VSC,2024-12-25,12.61,12.65,12.46,12.57,5019634,12.3,12.38,12.76,2.2405,1.5356,-1.4898,0.2913,0.1633,0.3504
VSC,2024-12-26,12.57,12.69,12.57,12.61,3335990,12.32,12.39,12.75,2.33,1.7533,-1.0594,-0.3703,-0.2178,0.3143
VSC,2024-12-27,12.65,12.69,12.46,12.57,3810444,12.36,12.4,12.73,1.7588,1.3768,-1.2375,0.0001,0.0,0.2926
VSC,2024-12-30,12.53,12.53,12.38,12.38,1742272,12.37,12.4,12.71,0.0628,-0.1565,-2.643,-0.6111,-0.3405,0.3088
VSC,2024-12-31,12.42,12.42,12.22,12.34,2384732,12.38,12.39,12.7,-0.3447,-0.4072,-2.8296,0.18,0.0935,0.3037
VSC,2025-01-02,12.34,12.42,12.26,12.42,1077907,12.4,12.39,12.69,0.1252,0.2035,-2.1167,0.6722,0.3429,0.342
VSC,2025-01-03,12.38,12.46,12.26,12.26,2175643,12.43,12.38,12.67,-1.3117,-0.9249,-3.2456,-0.5547,-0.3005,0.3765
VSC,2025-01-06,12.26,12.42,12.07,12.11,2488674,12.41,12.36,12.66,-2.439,-2.01,-4.3473,-0.6383,-0.3447,0.4122
VSC,2025-01-07,12.18,12.26,12.03,12.11,1715171,12.39,12.33,12.64,-2.2862,-1.8096,-4.2122,-0.2063,-0.1112,0.4134
VSC,2025-01-08,12.11,12.42,12.11,12.34,1417073,12.37,12.32,12.62,-0.251,0.1259,-2.2381,0.3504,0.1923,0.3875
VSC,2025-01-09,12.34,12.46,12.18,12.34,1403591,12.35,12.32,12.61,-0.0629,0.1417,-2.1117,0.1169,0.0674,0.37
VSC,2025-01-10,12.38,12.42,12.15,12.15,2257076,12.3,12.31,12.59,-1.2618,-1.3552,-3.5023,-0.6256,-0.368,0.3956
VSC,2025-01-13,12.26,12.3,11.95,12.15,1655340,12.26,12.31,12.57,-0.918,-1.3085,-3.3772,0.073,0.0404,0.4028
VSC,2025-01-14,12.22,12.53,12.18,12.46,2869485,12.27,12.32,12.56,1.5501,1.1183,-0.828,0.8099,0.4744,0.4227
VSC,2025-01-15,12.34,12.88,12.34,12.81,5816321,12.31,12.35,12.56,4.0025,3.7084,1.9651,1.7866,1.1498,0.5834
VSC,2025-01-16,12.88,13.12,12.73,12.88,4809043,12.36,12.38,12.55,4.2386,4.0589,2.6402,-0.4662,-0.2715,0.5628
VSC,2025-01-17,13.04,13.15,12.96,13.0,3256871,12.43,12.43,12.55,4.5568,4.5894,3.6125,-0.9876,-0.5452,0.6061
VSC,2025-01-20,13.04,13.15,12.88,13.04,2787475,12.53,12.47,12.54,4.0892,4.5751,3.9411,0.2099,0.1271,0.5632
VSC,2025-01-21,13.08,13.31,12.96,12.96,2635803,12.61,12.5,12.53,2.7693,3.6784,3.4248,-1.405,-0.8802,0.6831
VSC,2025-01-22,12.96,13.12,12.96,12.96,2453020,12.67,12.52,12.52,2.2658,3.5017,3.5017,-0.8808,-0.5442,0.7362
VSC,2025-01-23,13.04,13.19,12.96,13.19,2377038,12.76,12.55,12.52,3.4063,5.1005,5.3806,0.9253,0.5167,0.817
VSC,2025-01-24,13.12,13.58,13.12,13.58,5096176,12.9,12.6,12.51,5.2632,7.7752,8.5339,1.8719,1.1048,0.9416
VSC,2025-02-03,13.74,13.81,13.54,13.62,5292267,13.05,12.65,12.52,4.3711,7.6357,8.8304,-0.9558,-0.4668,1.0299
VSC,2025-02-04,13.66,13.97,13.62,13.93,5210767,13.2,12.73,12.53,5.5572,9.4179,11.2075,1.2482,0.9216,1.0737
VSC,2025-02-05,13.97,14.16,13.93,14.09,5563399,13.33,12.82,12.56,5.7076,9.8834,12.1547,0.6274,0.4268,0.9578
VSC,2025-02-06,14.09,14.2,14.01,14.05,5563048,13.44,12.9,12.6,4.5035,8.8886,11.515,-1.359,-0.8942,1.0471
VSC,2025-02-07,14.05,14.12,13.89,14.01,4336765,13.54,12.99,12.63,3.4384,7.8578,10.9131,-0.0001,-0.0,0.9483
VSC,2025-02-10,13.97,13.97,13.58,13.58,3660208,13.6,13.06,12.66,-0.1142,3.981,7.3027,-0.9086,-0.5034,1.0182
VSC,2025-02-11,13.58,13.81,13.58,13.74,3146182,13.67,13.14,12.68,0.4541,4.5173,8.2967,0.3927,0.2235,0.917
VSC,2025-02-12,13.74,14.09,13.74,14.01,4706954,13.78,13.23,12.72,1.6615,5.9117,10.1684,1.0056,0.6686,0.9295
VSC,2025-02-13,14.09,14.55,14.01,14.4,5223200,13.9,13.33,12.75,3.5734,8.0058,12.8757,0.8444,0.5145,0.9214
VSC,2025-02-14,14.44,14.51,14.32,14.36,3058832,13.98,13.44,12.79,2.7207,6.8284,12.2232,-0.4895,-0.3157,0.7831
VSC,2025-02-17,14.44,14.55,14.32,14.36,3831066,14.05,13.55,12.83,2.1817,5.9565,11.8839,-0.6345,-0.442,0.751
VSC,2025-02-18,14.36,14.4,13.85,13.85,7712539,14.04,13.62,12.86,-1.3539,1.7094,7.7183,-2.6277,-1.8556,0.889
VSC,2025-02-19,13.93,14.05,13.85,13.97,2227953,14.03,13.68,12.89,-0.4425,2.1277,8.375,0.1013,0.0734,0.8363
VSC,2025-02-20,13.97,14.16,13.97,14.12,2163355,14.04,13.74,12.92,0.6081,2.7958,9.2831,0.3653,0.2369,0.737
VSC,2025-02-21,14.16,14.2,13.97,14.12,2084137,14.05,13.8,12.96,0.5247,2.3766,9.0212,0.2259,0.1514,0.7596
VSC,2025-02-24,14.12,14.2,13.89,13.97,2536623,14.09,13.84,12.98,-0.8538,0.911,7.5847,-0.279,-0.1739,0.6966
VSC,2025-02-25,14.01,14.24,13.93,14.24,2736250,14.14,13.91,13.02,0.7135,2.3996,9.402,0.714,0.4998,0.7287
VSC,2025-02-26,14.24,14.51,14.24,14.44,4116740,14.18,13.98,13.06,1.7784,3.2473,10.5564,0.4614,0.3299,0.6743
VSC,2025-02-27,14.44,14.47,14.05,14.32,2808748,14.18,14.04,13.1,1.0129,2.0042,9.3398,0.1387,0.0966,0.6037
VSC,2025-02-28,14.24,14.28,14.12,14.24,2245109,14.16,14.07,13.13,0.5479,1.2135,8.4323,0.2796,0.1902,0.5827
VSC,2025-03-03,14.2,14.55,14.12,14.36,2885636,14.16,14.11,13.18,1.3698,1.7742,8.971,0.0679,0.0485,0.5261
VSC,2025-03-04,14.16,14.4,14.01,14.36,3755484,14.21,14.13,13.22,1.0101,1.6204,8.6191,0.7999,0.5082,0.3433
VSC,2025-03-05,14.2,14.47,14.2,14.2,2736986,14.24,14.13,13.26,-0.2453,0.4804,7.124,-0.4335,-0.2963,0.3765
VSC,2025-03-06,14.2,14.55,14.2,14.44,2511863,14.27,14.15,13.3,1.1694,1.9877,8.5181,0.1092,0.0808,0.3509
VSC,2025-03-07,14.44,14.82,14.44,14.63,3187558,14.32,14.18,13.35,2.168,3.1323,9.5485,0.0,0.0,0.3283
VSC,2025-03-10,14.75,14.75,14.36,14.44,1714723,14.37,14.23,13.4,0.4862,1.4592,7.7449,-0.2222,-0.1441,0.3226
VSC,2025-03-11,14.24,14.32,14.05,14.12,2575913,14.35,14.25,13.43,-1.595,-0.8579,5.1416,-0.1852,-0.1209,0.2698
VSC,2025-03-12,14.16,14.32,14.12,14.28,1787602,14.34,14.26,13.47,-0.406,0.136,6.0213,0.1995,0.132,0.2436
VSC,2025-03-13,14.28,14.32,14.01,14.2,2138036,14.33,14.25,13.5,-0.8668,-0.3404,5.1905,0.0875,0.0584,0.2385
VSC,2025-03-14,14.09,14.2,13.74,13.74,1823981,14.28,14.22,13.52,-3.7782,-3.3974,1.5724,-0.3413,-0.2216,0.2446
VSC,2025-03-17,13.85,13.85,13.58,13.62,1177849,14.2,14.18,13.54,-4.0984,-3.9672,0.5557,-0.2257,-0.1388,0.2604
VSC,2025-03-18,13.66,13.81,13.66,13.78,912976,14.14,14.18,13.57,-2.6063,-2.8462,1.4924,0.0835,0.0552,0.1888
VSC,2025-03-19,13.78,13.97,13.7,13.93,847257,14.12,14.18,13.6,-1.3194,-1.738,2.3959,0.1519,0.0853,0.1606
VSC,2025-03-20,13.97,13.97,13.66,13.81,555614,14.05,14.16,13.63,-1.7118,-2.4524,1.3321,-0.0,-0.0,0.1497
VSC,2025-03-21,13.7,13.93,13.7,13.78,515958,13.97,14.14,13.66,-1.3889,-2.6063,0.8236,-0.0442,-0.0315,0.1541
VSC,2025-03-24,13.74,13.85,13.46,13.58,857299,13.88,14.12,13.69,-2.18,-3.8462,-0.8105,-0.0673,-0.0432,0.1386
VSC,2025-03-25,13.66,13.93,13.58,13.85,1017603,13.86,14.11,13.73,-0.028,-1.7882,0.9159,0.1554,0.1027,0.1356
VSC,2025-03-26,13.89,14.01,13.7,13.7,692688,13.8,14.07,13.75,-0.7312,-2.6341,-0.4119,-0.2162,-0.1283,0.1373
VSC,2025-03-27,13.66,13.78,13.54,13.58,557056,13.74,14.03,13.78,-1.1299,-3.208,-1.4362,-0.1063,-0.0713,0.1392
VSC,2025-03-28,13.66,14.05,13.46,14.05,1433504,13.77,14.02,13.82,2.0293,0.1799,1.6626,0.4729,0.3071,0.1523
VSC,2025-03-31,13.89,13.93,13.66,13.7,884599,13.78,13.99,13.85,-0.5634,-2.0805,-1.0872,-0.144,-0.0872,0.1442
VSC,2025-04-01,13.81,13.85,13.66,13.78,594498,13.78,13.96,13.87,0.0,-1.3204,-0.716,0.0416,0.026,0.14
VSC,2025-04-02,13.62,13.85,13.62,13.74,951190,13.76,13.94,13.89,-0.141,-1.4339,-1.1283,0.0,0.0,0.1248
VSC,2025-04-03,12.81,13.04,12.81,12.81,2471223,13.66,13.85,13.89,-6.2234,-7.576,-7.8212,-0.1464,-0.0902,0.1394
VSC,2025-04-04,11.91,12.65,11.91,12.49,4868815,13.53,13.75,13.88,-7.6305,-9.1166,-9.9905,0.1982,0.123,0.1548
VSC,2025-04-08,11.64,11.8,11.64,11.64,1097288,13.33,13.61,13.85,-12.6892,-14.4568,-15.9711,-0.1073,-0.063,0.1588
VSC,2025-04-09,10.83,11.02,10.83,10.83,4372652,13.03,13.44,13.81,-16.9148,-19.4689,-21.6116,-0.4011,-0.2429,0.1834
VSC,2025-04-10,11.56,11.56,11.56,11.56,101873,12.82,13.31,13.78,-9.779,-13.1069,-16.1036,0.0,0.0,0.1618
VSC,2025-04-11,12.03,12.3,11.37,12.26,3235029,12.69,13.21,13.76,-3.3344,-7.1817,-10.9157,0.2151,0.1255,0.1727
VSC,2025-04-14,12.34,12.53,12.03,12.53,1612395,12.53,13.15,13.74,-0.0,-4.6917,-8.8034,0.2563,0.1434,0.151
VSC,2025-04-15,12.34,12.88,12.15,12.88,3029948,12.45,13.11,13.73,3.459,-1.7606,-6.1617,0.6089,0.3427,0.1975
VSC,2025-04-16,12.65,13.27,12.65,13.04,2606337,12.38,13.08,13.71,5.3291,-0.2968,-4.9075,0.158,0.0858,0.2091
VSC,2025-04-17,12.84,13.08,12.34,13.04,2959353,12.31,13.03,13.69,5.9268,0.0446,-4.7619,0.6194,0.3589,0.2711
VSC,2025-04-18,13.12,13.81,12.92,13.7,5282098,12.4,13.03,13.68,10.4851,5.1534,0.1077,0.6194,0.4627,0.3184
VSC,2025-04-21,13.66,14.16,13.54,14.16,5037460,12.56,13.05,13.69,12.7239,8.5663,3.4874,1.0486,0.7595,0.4034
VSC,2025-04-22,14.05,14.2,13.19,14.2,4877049,12.82,13.08,13.7,10.7748,8.6053,3.6768,0.5347,0.3748,0.4461
VSC,2025-04-23,14.24,14.75,14.2,14.63,5014250,13.2,13.12,13.72,10.8172,11.5385,6.6539,0.7135,0.4885,0.4774
VSC,2025-04-24,14.71,15.52,14.63,15.48,7470988,13.59,13.21,13.75,13.9024,17.2495,12.6355,1.9698,1.4088,0.6744
VSC,2025-04-25,15.41,15.95,15.13,15.91,7154879,13.96,13.32,13.78,13.9839,19.4291,15.4864,1.2601,0.8573,0.7789
VSC,2025-04-28,15.91,16.3,15.68,16.26,6230981,14.33,13.43,13.81,13.4579,21.0458,17.6967,1.8322,1.4351,0.9365
VSC,2025-04-29,16.22,17.38,16.18,17.38,11904682,14.78,13.62,13.87,17.6162,27.6717,25.2936,3.8833,3.2052,1.2639
VSC,2025-05-05,17.66,18.59,17.46,18.59,6876427,15.34,13.86,13.97,21.2045,34.1361,33.0556,1.8734,1.6482,1.4354
VSC,2025-05-06,18.98,18.98,17.73,17.89,7938065,15.82,14.06,14.05,13.0733,27.1899,27.341,-1.2189,-1.2168,1.4954
VSC,2025-05-07,17.97,18.24,17.54,18.16,5195619,16.27,14.33,14.13,11.6412,26.7091,28.5361,0.9837,0.909,1.5318
VSC,2025-05-08,18.04,18.66,17.77,17.77,4864657,16.63,14.6,14.2,6.8845,21.7599,25.1434,-1.1906,-0.892,1.546
VSC,2025-05-09,17.77,18.47,17.66,17.93,4915383,17.0,14.91,14.28,5.4554,20.2342,25.5367,-0.4131,-0.3785,1.5339
VSC,2025-05-12,18.08,18.08,17.42,17.69,3846167,17.31,15.25,14.35,2.2421,16.001,23.3099,-0.1234,-0.1038,1.4748
VSC,2025-05-13,17.85,18.63,17.69,18.35,6545122,17.59,15.59,14.43,4.3229,17.7056,27.2121,0.5696,0.4743,1.3348
VSC,2025-05-14,18.55,18.55,17.07,17.07,9816263,17.71,15.83,14.48,-3.5933,7.8299,17.8866,-1.9615,-1.348,1.405
VSC,2025-05-15,17.0,17.46,16.3,17.23,5545232,17.81,16.07,14.54,-3.2469,7.2205,18.4695,0.6655,0.57,1.2883
VSC,2025-05-16,17.07,17.23,16.49,16.69,6245625,17.74,16.26,14.59,-5.9287,2.6253,14.3678,-0.4573,-0.3749,0.9457
VSC,2025-05-19,16.69,17.27,16.61,16.69,5924267,17.55,16.44,14.64,-4.9093,1.4869,14.0039,-0.9174,-0.7653,0.8501
VSC,2025-05-20,16.84,17.85,16.65,17.54,11396760,17.51,16.67,14.7,0.1551,5.2387,19.2927,1.1202,0.8592,0.8402
VSC,2025-05-21,17.69,18.01,17.07,17.85,9372883,17.48,16.87,14.77,2.1088,5.7836,20.8427,1.1323,0.9437,0.8551
VSC,2025-05-22,18.01,18.2,16.76,17.03,13013241,17.41,17.02,14.82,-2.14,0.1026,14.9516,-1.2352,-1.0822,0.8595
VSC,2025-05-23,17.0,17.66,16.8,17.07,5847897,17.32,17.16,14.87,-1.4337,-0.5088,14.8046,-0.5282,-0.4546,0.8711
VSC,2025-05-26,17.38,18.24,16.76,17.97,19012374,17.35,17.33,14.95,3.5562,3.6838,20.1848,1.6283,1.377,1.0215
VSC,2025-05-27,18.08,19.21,17.73,19.13,13218560,17.43,17.51,15.05,9.7751,9.2521,27.147,2.12,2.0078,1.1766
VSC,2025-05-28,19.52,19.56,18.16,18.32,14804560,17.55,17.63,15.13,4.3555,3.8847,21.0691,-2.2343,-1.9676,1.2039
VSC,2025-05-29,18.39,18.43,17.03,17.03,22664524,17.53,17.67,15.19,-2.8331,-3.5906,12.1157,-3.7284,-3.0456,1.5102
VSC,2025-05-30,16.84,17.27,16.03,16.61,12949936,17.52,17.63,15.25,-5.2259,-5.7995,8.8781,-0.136,-0.1048,1.478
VSC,2025-06-02,17.32,17.46,16.69,17.46,6567150,17.6,17.57,15.33,-0.7937,-0.6403,13.9241,1.0837,1.0907,1.4946
VSC,2025-06-03,17.51,17.51,17.03,17.51,7521463,17.6,17.56,15.4,-0.5017,-0.257,13.7094,1.3582,1.2218,1.5185
VSC,2025-06-04,17.46,17.51,17.17,17.46,5822429,17.56,17.52,15.47,-0.558,-0.335,12.8597,0.75,0.6364,1.4802
VSC,2025-06-05,17.46,17.46,16.93,16.93,9449145,17.55,17.48,15.54,-3.5379,-3.1471,8.9671,-2.0044,-1.5973,1.5571
VSC,2025-06-06,16.93,17.27,16.83,17.12,4285570,17.55,17.44,15.61,-2.4593,-1.8108,9.7159,0.2264,0.1863,1.527
VSC,2025-06-09,17.17,17.17,16.35,16.49,6074025,17.41,17.38,15.66,-5.2555,-5.0995,5.3192,-0.7795,-0.6214,1.4421
VSC,2025-06-10,16.35,16.64,16.3,16.35,4409030,17.13,17.28,15.71,-4.565,-5.3903,4.038,-0.8319,-0.6414,1.3133
VSC,2025-06-11,16.59,16.59,16.2,16.25,6125369,16.92,17.24,15.77,-3.9729,-5.7267,3.0706,-1.7433,-1.1863,1.2642
VSC,2025-06-12,16.25,16.6,16.15,16.25,4239848,16.84,17.19,15.81,-3.5205,-5.4535,2.7886,-0.5613,-0.4344,0.9475
VSC,2025-06-13,16.25,16.65,16.05,16.4,9057716,16.82,17.17,15.86,-2.5095,-4.5013,3.3839,0.27,0.2141,0.9609
VSC,2025-06-16,16.5,17.3,16.5,16.75,8204734,16.75,17.18,15.92,-0.0058,-2.4815,5.1958,-0.481,-0.3573,0.9006
VSC,2025-06-17,16.85,16.85,16.35,16.5,6308142,16.65,17.12,15.98,-0.9005,-3.6455,3.2673,-0.6262,-0.4961,0.8274
VSC,2025-06-18,16.65,16.85,16.55,16.55,8887540,16.56,17.06,16.05,-0.0529,-2.9853,3.097,-1.967,-1.4617,0.9491
VSC,2025-06-19,16.7,16.8,16.25,16.25,6302852,16.49,17.02,16.13,-1.461,-4.5242,0.7567,-1.601,-1.2228,0.9088
VSC,2025-06-20,16.3,16.6,16.0,16.25,11163780,16.4,16.98,16.22,-0.937,-4.2926,0.1842,-0.4107,-0.2903,0.9272
VSC,2025-06-23,16.4,16.65,16.2,16.2,6070224,16.37,16.89,16.33,-1.0659,-4.0882,-0.7815,-1.5169,-1.0425,1.0009
VSC,2025-06-24,16.3,16.35,16.05,16.05,6656313,16.34,16.74,16.42,-1.8043,-4.1018,-2.2375,-1.3393,-0.9067,1.0517
VSC,2025-06-25,16.1,16.15,15.85,15.85,6069500,16.3,16.61,16.49,-2.7906,-4.5941,-3.8758,-1.2512,-0.8997,1.0025
VSC,2025-06-26,15.9,15.95,15.45,15.8,8505400,16.26,16.55,16.55,-2.829,-4.5402,-4.5572,0.914,0.6235,1.0377
VSC,2025-06-27,15.9,15.95,15.6,15.6,2974000,16.18,16.5,16.61,-3.5847,-5.4607,-6.0736,-0.7069,-0.4811,1.0814
VSC,2025-06-30,15.65,16.25,15.65,16.05,5482600,16.11,16.43,16.67,-0.3724,-2.3157,-3.7134,0.4493,0.322,1.0782
VSC,2025-07-01,16.15,16.15,15.75,15.75,4160700,16.04,16.34,16.72,-1.7774,-3.6253,-5.8196,-1.1606,-0.7778,1.1317
VSC,2025-07-02,15.8,16.1,15.65,15.9,9068100,15.97,16.26,16.77,-0.4383,-2.2403,-5.1724,0.1671,0.1263,0.9517
VSC,2025-07-03,15.9,17.0,15.8,17.0,24826500,16.04,16.27,16.82,5.952,4.4998,1.0461,4.7723,3.4784,1.2688
VSC,2025-07-04,17.4,17.4,16.8,16.8,8677100,16.1,16.25,16.88,4.3478,3.3728,-0.4501,-2.4507,-1.7696,1.4728
VSC,2025-07-07,16.9,17.05,16.4,16.55,17822100,16.14,16.25,16.91,2.572,1.8163,-2.1543,-1.2698,-1.1774,1.4481
VSC,2025-07-08,16.8,17.25,16.55,16.9,17157900,16.22,16.28,16.94,4.1924,3.7927,-0.2522,-0.0,-0.0,1.3142
VSC,2025-07-09,17.15,17.2,16.6,16.7,13252500,16.3,16.3,16.96,2.4226,2.4226,-1.5245,-1.2119,-0.9,1.3102
VSC,2025-07-10,16.85,17.8,16.6,17.3,22627100,16.45,16.36,16.98,5.1352,5.7619,1.8885,0.645,0.496,1.2833
VSC,2025-07-11,17.45,17.45,16.95,17.0,9332700,16.6,16.39,16.97,2.4405,3.7376,0.1669,-1.1805,-0.8478,1.3307
VSC,2025-07-14,17.1,17.25,16.7,16.9,10813200,16.68,16.4,16.94,1.3189,3.0802,-0.2239,-0.3843,-0.3146,1.3242
VSC,2025-07-15,17.1,17.35,16.85,16.85,18625800,16.79,16.41,16.92,0.3574,2.6657,-0.397,-1.7158,-1.273,1.3797
VSC,2025-07-16,16.75,17.7,16.75,17.2,19081500,16.92,16.44,16.9,1.6548,4.5911,1.7875,-0.1327,-0.1163,1.3763
VSC,2025-07-17,17.25,17.65,17.0,17.2,15744900,16.94,16.49,16.89,1.5348,4.2898,1.8565,-0.8258,-0.605,0.9817
VSC,2025-07-18,17.25,18.2,17.0,17.95,31194000,17.06,16.58,16.89,5.2477,8.2793,6.2951,2.3162,1.8995,0.9682
VSC,2025-07-21,18.65,18.95,18.1,18.15,19000500,17.22,16.68,16.9,5.4313,8.8456,7.4215,-1.8254,-1.4715,1.0238
VSC,2025-07-22,18.0,19.4,17.75,19.4,33601100,17.46,16.84,16.92,11.0793,15.1848,14.6777,3.3011,2.6779,1.3539
VSC,2025-07-23,20.2,20.6,19.65,20.05,32292900,17.8,17.05,16.98,12.6404,17.5781,18.1044,-0.6371,-0.5105,1.2964
VSC,2025-07-24,20.25,21.45,19.95,21.45,36772700,18.22,17.34,17.06,17.7601,23.7381,25.7259,5.3386,4.8755,1.7658
VSC,2025-07-25,22.2,22.95,21.9,22.95,35739100,18.81,17.7,17.19,22.0096,29.6427,33.5373,3.7657,3.4311,2.0243
VSC,2025-07-28,24.05,24.55,24.0,24.55,7208200,19.58,18.13,17.34,25.4151,35.4296,41.5517,0.5816,0.6609,2.044
VSC,2025-07-29,26.25,26.25,22.85,22.85,71817600,20.18,18.48,17.45,13.259,23.6305,30.9478,-2.6241,-2.5912,2.1348
VSC,2025-07-30,23.2,24.4,22.55,24.4,41571000,20.9,18.91,17.58,16.7743,29.0493,38.7885,3.6572,3.9863,2.4873
VSC,2025-07-31,25.25,26.1,24.35,26.1,34591300,21.78,19.36,17.76,19.8072,34.7966,46.9428,3.3995,3.7057,2.7447
VSC,2025-08-01,26.15,27.9,24.85,25.75,39795100,22.56,19.81,17.94,14.1148,29.9849,43.5698,-1.9806,-1.98,2.7111
VSC,2025-08-04,25.2,26.55,25.1,26.3,20834400,23.38,20.3,18.1,12.4893,29.5726,45.2861,1.287,1.4502,2.6573
VSC,2025-08-05,27.0,27.0,24.5,24.6,41135400,23.9,20.68,18.21,2.9289,18.9411,35.0787,-3.9182,-3.7678,2.719
VSC,2025-08-06,25.0,25.5,24.3,25.35,17297300,24.43,21.12,18.35,3.7659,20.0568,38.1299,1.7925,1.6321,2.8345
VSC,2025-08-07,26.0,26.15,24.95,25.95,20257000,24.88,21.55,18.53,4.3006,20.4316,40.0387,1.3229,1.4775,2.4329
VSC,2025-08-08,25.95,26.25,24.95,25.1,12290000,25.1,21.95,18.7,0.0199,14.3378,34.2215,-0.9485,-0.9583,2.1512
VSC,2025-08-11,25.3,26.3,25.2,25.9,16082100,25.23,22.4,18.87,2.6556,15.6121,37.2608,0.4996,0.4695,2.143
VSC,2025-08-12,26.05,27.7,26.05,27.7,24610800,25.71,22.94,19.07,7.7192,20.7235,45.2316,2.8442,3.136,2.165
VSC,2025-08-13,29.2,29.6,28.3,29.6,26875500,26.24,23.56,19.32,12.8264,25.61,53.2428,2.7093,2.8099,2.0702
VSC,2025-08-14,31.65,31.65,31.65,31.65,3370500,26.79,24.29,19.61,18.1411,30.3139,61.3957,0.0,0.0,1.7303
VSC,2025-08-15,33.85,33.85,33.0,33.85,27930100,27.6,25.08,19.94,22.6449,34.9546,69.7189,2.4059,2.9105,1.7728
VSC,2025-08-18,35.0,36.2,33.9,36.2,12017100,28.59,25.99,20.34,26.6177,39.3111,77.984,1.3322,1.8014,1.7773
VSC,2025-08-19,37.5,38.65,34.0,35.0,22916400,29.63,26.77,20.71,18.1235,30.7678,68.9843,-1.1786,-1.5306,1.5034
VSC,2025-08-20,34.35,36.05,32.6,35.1,22647800,30.6,27.52,21.09,14.6871,27.5552,66.4375,0.8852,1.0978,1.4126
VSC,2025-08-21,36.0,36.0,33.75,34.1,9914300,31.42,28.15,21.45,8.5296,21.1368,59.004,-0.6388,-0.7927,1.3442
VSC,2025-08-22,33.3,33.5,31.75,31.75,19093700,32.08,28.59,21.75,-1.0441,11.0528,45.9569,-1.3542,-1.661,1.3848
VSC,2025-08-25,32.1,32.4,29.55,29.55,17427500,32.45,28.84,22.01,-8.9368,2.4619,34.2633,-1.5874,-1.8606,1.4936
VSC,2025-08-26,29.5,31.5,29.15,31.3,11946500,32.81,29.26,22.3,-4.6023,6.9628,40.3273,0.8124,0.9244,1.2904
VSC,2025-08-27,32.0,32.2,30.15,31.85,12826600,33.04,29.64,22.61,-3.5871,7.4743,40.8606,0.8028,0.8887,1.0997
VSC,2025-08-28,31.9,32.15,31.0,31.15,8315300,32.98,29.89,22.91,-5.5631,4.2242,35.9728,-0.8942,-0.9634,1.1892
VSC,2025-08-29,31.25,31.8,30.0,30.0,11183500,32.6,30.1,23.18,-7.9755,-0.3322,29.3996,-1.1686,-1.2857,1.0654
VSC,2025-09-03,29.95,32.1,29.7,32.1,6601900,32.19,30.39,23.5,-0.2796,5.6269,36.5841,0.8596,1.0006,1.0182
VSC,2025-09-04,34.3,34.3,32.35,32.8,13214700,31.97,30.8,23.84,2.5962,6.4935,37.6012,-0.8178,-0.9642,0.9821
VSC,2025-09-05,32.95,33.05,31.0,31.0,14818500,31.56,31.08,24.14,-1.7744,-0.2654,28.4176,-0.9368,-1.08,0.9873
VSC,2025-09-08,30.6,30.8,28.85,28.85,12304200,31.03,31.23,24.4,-7.0404,-7.6135,18.2329,-0.7641,-0.8469,0.9998
VSC,2025-09-09,28.0,29.0,27.7,29.0,8364400,30.76,31.42,24.67,-5.7217,-7.7094,17.5564,1.2714,1.3349,0.9915
VSC,2025-09-10,29.2,30.9,28.05,30.5,9707600,30.86,31.65,24.96,-1.1505,-3.6411,22.2053,1.7215,1.9605,1.0049
VSC,2025-09-11,30.6,30.6,28.6,29.9,8148000,30.72,31.76,25.24,-2.6534,-5.8638,18.4581,0.2717,0.2853,0.9508
VSC,2025-09-12,30.45,30.8,29.75,30.3,7908200,30.56,31.8,25.53,-0.8508,-4.7095,18.6886,0.0606,0.0645,0.8766
VSC,2025-09-15,30.3,31.8,29.9,31.6,11227900,30.6,31.8,25.82,3.2511,-0.6133,22.381,1.3853,1.458,0.9257
VSC,2025-09-16,32.25,32.25,30.2,30.2,8934500,30.62,31.61,26.09,-1.3878,-4.4682,15.7576,-1.1012,-1.1792,0.919
VSC,2025-09-17,29.95,30.45,29.2,29.2,4994700,30.33,31.26,26.34,-3.7416,-6.5974,10.8496,-0.6272,-0.6585,0.8957
VSC,2025-09-18,29.5,29.65,29.05,29.45,5269100,30.0,30.98,26.59,-1.8333,-4.954,10.7434,0.4618,0.4512,0.8601
VSC,2025-09-19,29.8,30.4,29.5,30.0,5415600,29.9,30.73,26.86,0.3344,-2.3755,11.6944,0.1134,0.1123,0.7778
VSC,2025-09-22,30.3,30.3,28.0,29.3,8207500,29.94,30.49,27.1,-2.1539,-3.9029,8.1221,0.1596,0.1634,0.7174
VSC,2025-09-23,29.05,29.9,28.75,29.4,5195300,29.99,30.37,27.35,-1.951,-3.2019,7.5072,0.15,0.1682,0.6052
VSC,2025-09-24,29.2,30.05,28.75,30.05,7047300,29.94,30.4,27.61,0.3674,-1.1432,8.8374,0.8094,0.9187,0.514
VSC,2025-09-25,30.35,32.15,30.1,32.15,22903000,30.16,30.44,27.92,6.5805,5.6176,15.1669,3.4983,4.2517,0.8367
VSC,2025-09-26,32.6,33.15,30.9,30.9,13200900,30.22,30.39,28.19,2.2333,1.6698,9.6133,-2.1893,-2.5206,1.0495
VSC,2025-09-29,31.0,32.45,30.3,30.35,13500800,30.1,30.35,28.45,0.8306,-0.0082,6.6671,-2.5623,-2.8858,1.1672
VSC,2025-09-30,30.6,30.75,28.7,29.5,15548700,30.03,30.33,28.68,-1.7649,-2.7285,2.8448,-0.6442,-0.6683,1.1215
VSC,2025-10-01,29.8,29.8,29.3,29.45,7753900,30.06,30.2,28.91,-2.013,-2.4673,1.8679,-0.9917,-0.9645,1.158
VSC,2025-10-02,29.75,29.75,28.0,28.05,14053100,29.92,29.96,29.08,-6.2343,-6.3674,-3.5519,-2.3981,-2.5302,1.3516
VSC,2025-10-03,27.65,28.5,27.35,27.8,8272400,29.7,29.8,29.24,-6.3815,-6.7036,-4.9183,-0.3342,-0.3764,1.3737
VSC,2025-10-06,27.9,29.25,27.85,29.0,5956700,29.67,29.8,29.39,-2.2417,-2.7009,-1.3236,0.4295,0.4399,1.4007
VSC,2025-10-07,29.2,29.2,27.95,27.95,9163700,29.52,29.75,29.49,-5.3184,-6.0583,-5.2189,-1.5431,-1.6066,1.54
VSC,2025-10-08,28.5,28.5,26.75,26.9,16826500,29.2,29.57,29.54,-7.8925,-9.0371,-8.9247,-2.7283,-2.2521,1.7319
VSC,2025-10-09,26.65,27.7,26.65,26.85,10767900,28.68,29.42,29.62,-6.3644,-8.7356,-9.3395,-1.2007,-1.0262,1.5021
VSC,2025-10-10,27.3,28.2,27.15,27.3,7375000,28.32,29.27,29.67,-3.5847,-6.7304,-8.0003,-1.047,-0.8686,1.3879
VSC,2025-10-13,26.8,28.2,26.8,28.05,9840900,28.08,29.09,29.71,-0.1246,-3.5834,-5.5969,0.9022,0.8435,1.2219
VSC,2025-10-14,28.25,28.95,27.55,27.8,13840200,27.92,28.97,29.75,-0.412,-4.0469,-6.5672,-0.8767,-0.7753,1.2452
VSC,2025-10-15,28.2,29.4,28.15,28.25,13215400,27.8,28.92,29.79,1.637,-2.3336,-5.1791,-2.0026,-1.676,1.3462
VSC,2025-10-16,28.4,28.65,27.5,27.5,10097500,27.74,28.83,29.85,-0.8652,-4.605,-7.8758,-1.4977,-1.2726,1.2562
VSC,2025-10-17,27.5,27.9,27.0,27.0,10235600,27.66,28.68,29.88,-2.3861,-5.8495,-9.6506,-1.1142,-0.934,1.3342
VSC,2025-10-20,27.0,27.2,25.15,25.15,12337500,27.28,28.47,29.87,-7.791,-11.6614,-15.7962,-0.7267,-0.6548,1.3639
VSC,2025-10-21,24.5,25.15,23.4,23.8,11896000,26.86,28.19,29.84,-11.3924,-15.5729,-20.2466,-0.8385,-0.6904,1.2934
VSC,2025-10-22,24.2,24.3,23.0,24.0,6230400,26.57,27.89,29.8,-9.6726,-13.9399,-19.4739,0.5714,0.4701,1.0778
VSC,2025-10-23,24.45,25.65,24.0,25.65,10632100,26.45,27.56,29.76,-3.0246,-6.9388,-13.8192,1.985,1.7419,1.1562
VSC,2025-10-24,25.8,26.0,24.55,25.0,11084900,26.22,27.27,29.67,-4.6529,-8.3158,-15.7426,-0.7935,-0.6435,1.1308
VSC,2025-10-27,25.5,25.9,23.55,23.55,10928800,25.77,26.93,29.51,-8.6147,-12.5429,-20.1938,-1.5464,-1.2801,1.1953
VSC,2025-10-28,23.4,24.9,22.6,24.9,12670100,25.48,26.7,29.33,-2.2763,-6.7328,-15.104,1.5918,1.2624,1.2668
VSC,2025-10-29,25.1,26.1,24.75,25.0,12679300,25.15,26.48,29.11,-0.6162,-5.5713,-14.1071,-2.1378,-1.9933,1.2803
VSC,2025-10-30,25.3,25.3,24.1,24.55,7796200,24.86,26.3,28.9,-1.247,-6.654,-15.0431,-0.3602,-0.3301,1.1665
VSC,2025-10-31,24.55,24.6,23.15,23.2,11961000,24.48,26.07,28.66,-5.2288,-11.0088,-19.0481,-1.7197,-1.3241,1.2271
VSC,2025-11-03,23.3,23.4,21.6,21.6,14102300,24.12,25.7,28.41,-10.4663,-15.9533,-23.9678,-1.4926,-1.2735,1.3037
VSC,2025-11-04,21.45,22.95,20.3,22.95,17069100,24.04,25.45,28.23,-4.5341,-9.8232,-18.7121,1.6756,1.5207,1.3874
VSC,2025-11-05,22.95,22.95,21.6,21.6,7193800,23.8,25.18,28.07,-9.2437,-14.2347,-23.0605,-1.9507,-1.5408,1.5253
VSC,2025-11-06,21.95,22.4,21.55,22.0,8003300,23.44,24.94,27.89,-6.1233,-11.7971,-21.113,0.1327,0.1058,1.3401
VSC,2025-11-07,22.2,22.45,20.8,20.8,10638500,23.02,24.62,27.67,-9.6242,-15.5073,-24.8202,-1.7254,-1.2735,1.4333
VSC,2025-11-10,20.3,21.25,20.05,20.55,10535300,22.71,24.24,27.46,-9.5311,-15.2315,-25.1502,-0.4853,-0.337,1.3272
VSC,2025-11-11,20.95,21.0,19.95,20.15,8809000,22.24,23.86,27.26,-9.3975,-15.549,-26.0767,-1.2945,-0.969,1.2975
VSC,2025-11-12,20.7,21.55,20.5,21.55,13336400,21.9,23.52,27.05,-1.5757,-8.3953,-20.3239,2.7458,2.1569,1.3583
VSC,2025-11-13,22.25,22.75,21.7,22.0,14528500,21.64,23.25,26.83,1.6636,-5.3763,-18.0053,-1.521,-1.1597,1.4743
VSC,2025-11-14,21.9,22.65,21.8,22.25,10927200,21.54,23.01,26.66,3.2722,-3.3134,-16.5291,0.1878,0.1624,1.3211
VSC,2025-11-17,22.55,23.0,22.1,22.75,8599600,21.66,22.89,26.53,5.0323,-0.6225,-14.2609,0.9164,0.8011,1.2635
VSC,2025-11-18,22.75,23.65,22.7,23.05,14232800,21.67,22.85,26.42,6.3683,0.8532,-12.739,-1.0271,-0.838,1.1987
VSC,2025-11-19,23.2,23.3,22.05,22.4,9620500,21.75,22.78,26.25,2.9885,-1.6465,-14.6764,-1.0052,-0.8268,1.1041
VSC,2025-11-20,22.3,22.8,21.9,22.35,7203100,21.79,22.61,26.1,2.5935,-1.1499,-14.3744,0.0,0.0,1.0908
VSC,2025-11-21,22.05,22.5,21.65,22.3,8469700,21.94,22.48,25.94,1.664,-0.7786,-14.039,1.0648,0.8968,1.0248
VSC,2025-11-24,22.4,22.75,22.25,22.25,4733700,22.1,22.41,25.76,0.656,-0.714,-13.609,-1.4687,-1.0924,1.1231
VSC,2025-11-25,22.35,22.4,21.35,21.65,7736100,22.26,22.25,25.58,-2.7185,-2.6857,-15.3768,-0.692,-0.5447,1.0629
VSC,2025-11-26,22.1,23.15,21.0,23.15,14369800,22.42,22.16,25.46,3.2791,4.4911,-9.0838,2.9385,2.4372,1.0822
VSC,2025-11-27,23.2,23.3,22.55,22.65,7516900,22.48,22.06,25.33,0.7562,2.6745,-10.5697,-1.571,-1.3078,1.0872
VSC,2025-11-28,22.8,23.3,22.0,22.0,14751500,22.46,22.0,25.17,-2.0263,0.0,-12.5839,-3.3684,-2.7797,1.4052
VSC,2025-12-01,22.4,22.8,22.05,22.1,6175100,22.39,22.02,25.02,-1.2952,0.3405,-11.6813,-1.3939,-1.1992,1.453
VSC,2025-12-02,22.3,22.3,21.45,22.0,8466700,22.29,21.98,24.88,-1.2789,0.1024,-11.5578,0.5614,0.4369,1.4064
VSC,2025-12-03,22.15,22.9,22.05,22.65,8468900,22.31,22.03,24.73,1.524,2.8143,-8.3997,0.7523,0.5867,1.3811
VSC,2025-12-04,22.95,23.75,22.8,23.1,17615600,22.38,22.08,24.55,3.1941,4.5959,-5.891,-1.7648,-1.4265,1.5576
VSC,2025-12-05,23.3,23.35,22.55,22.6,8738900,22.42,22.18,24.38,0.8253,1.9166,-7.3011,-1.5452,-1.205,1.6056
VSC,2025-12-08,22.65,22.65,21.95,21.95,8102100,22.38,22.24,24.21,-1.9433,-1.3261,-9.3425,-1.838,-1.4039,1.6425
VSC,2025-12-09,22.1,22.2,21.4,21.6,10588500,22.38,22.32,24.05,-3.4853,-3.215,-10.202,-1.1438,-0.9137,1.6877
VSC,2025-12-10,21.95,21.95,21.1,21.25,6171300,22.19,22.3,23.89,-4.2361,-4.7192,-11.0506,-1.2847,-1.0422,1.5223
VSC,2025-12-11,21.15,21.6,21.15,21.2,4414800,22.04,22.26,23.75,-3.8331,-4.7726,-10.7481,-1.0379,-0.7807,1.469
VSC,2025-12-12,21.45,21.45,19.75,19.75,14936200,21.82,22.14,23.59,-9.4867,-10.7849,-16.2852,-1.8428,-1.5048,1.3165
VSC,2025-12-15,19.7,20.05,19.5,19.6,4952100,21.57,21.98,23.4,-9.1331,-10.828,-16.2536,-1.0319,-0.798,1.2803
VSC,2025-12-16,19.65,20.6,19.1,20.35,6123200,21.4,21.85,23.25,-4.9288,-6.8437,-12.4806,0.7326,0.5123,1.2974
VSC,2025-12-17,20.35,20.45,20.0,20.0,2798100,21.14,21.72,23.11,-5.3926,-7.9402,-13.4724,-0.9132,-0.6585,1.3135
VSC,2025-12-18,20.2,20.45,19.95,20.1,2810100,20.84,21.61,22.98,-3.5509,-6.9983,-12.5288,-0.4527,-0.3205,1.1823
VSC,2025-12-19,20.3,20.45,20.0,20.0,4302000,20.58,21.5,22.83,-2.8183,-6.9659,-12.4075,-0.8716,-0.5597,1.1149
VSC,2025-12-22,20.15,20.95,20.15,20.8,5450000,20.46,21.42,22.69,1.6369,-2.9172,-8.3216,0.7019,0.4832,1.0013
VSC,2025-12-23,20.85,21.5,20.7,20.8,6543700,20.39,21.38,22.55,2.0358,-2.7242,-7.7524,-1.2761,-0.7995,1.0145
VSC,2025-12-24,20.75,21.2,20.55,20.8,4043700,20.34,21.26,22.4,2.2616,-2.1867,-7.1387,-0.2336,-0.1517,0.9094
VSC,2025-12-25,21.0,21.5,20.6,20.6,6165700,20.28,21.16,22.26,1.5779,-2.658,-7.4615,-1.0072,-0.6921,0.9063
VSC,2025-12-26,20.55,20.7,19.75,20.15,7047700,20.32,21.07,22.12,-0.8366,-4.3664,-8.9224,-0.2328,-0.1403,0.7453
VSC,2025-12-29,20.2,20.6,20.15,20.3,3223000,20.39,20.98,22.03,-0.4414,-3.2412,-7.8404,-0.3556,-0.224,0.6777
VSC,2025-12-30,20.3,20.55,20.25,20.25,3171900,20.38,20.89,21.96,-0.6379,-3.0753,-7.7701,-1.0252,-0.6163,0.707
VSC,2025-12-31,20.35,20.45,19.9,19.95,4873800,20.38,20.76,21.88,-2.0859,-3.8902,-8.8,-0.8685,-0.569,0.7025
VSC,2026-01-05,20.05,20.1,19.0,19.6,7095600,20.32,20.58,21.75,-3.567,-4.7735,-9.9016,0.1467,0.0947,0.6719
VSC,2026-01-06,19.5,20.0,19.1,19.7,4849800,20.29,20.44,21.65,-2.9318,-3.6086,-8.9985,0.2846,0.1894,0.6132
VSC,2026-01-07,19.95,20.55,19.85,20.55,8305800,20.27,20.37,21.59,1.3814,0.896,-4.8082,1.4443,0.8977,0.6875
VSC,2026-01-08,20.8,21.0,20.45,20.6,8007700,20.25,20.32,21.5,1.7284,1.3904,-4.195,-0.5972,-0.3727,0.6196
VSC,2026-01-09,20.65,20.7,19.65,19.75,8290000,20.14,20.24,21.4,-1.9608,-2.433,-7.6973,-0.7416,-0.5207,0.6704
VSC,2026-01-12,19.7,20.7,19.2,20.55,9266800,20.14,20.21,21.32,2.0357,1.6823,-3.5981,0.7142,0.4793,0.6411
VSC,2026-01-13,20.75,21.95,20.55,21.95,20615400,20.32,20.32,21.29,8.0217,8.0217,3.0904,2.3518,1.8024,0.853
VSC,2026-01-14,22.2,22.9,21.65,22.25,14084700,20.52,20.45,21.3,8.4572,8.7887,4.4356,-0.0767,-0.0534,0.8251
VSC,2026-01-15,22.05,22.55,21.6,21.95,9932700,20.68,20.53,21.28,6.1155,6.9037,3.1243,-0.4372,-0.2673,0.7663
VSC,2026-01-16,22.05,22.45,21.75,21.75,8876400,20.86,20.62,21.29,4.2416,5.4801,2.1702,-1.4086,-0.9121,0.8203
VSC,2026-01-19,21.55,22.35,21.5,21.8,5828200,21.08,20.7,21.28,3.391,5.2886,2.4244,-0.3598,-0.2367,0.8416
VSC,2026-01-20,22.05,23.3,21.95,23.3,18937700,21.44,20.87,21.33,8.65,11.6435,9.2153,3.0132,2.1977,1.1145
VSC,2026-01-21,23.4,24.0,22.5,22.5,16271000,21.64,20.96,21.37,3.9741,7.3729,5.273,-2.366,-1.7516,1.2066
VSC,2026-01-22,22.8,23.4,22.3,22.55,8567000,21.84,21.04,21.42,3.2746,7.1641,5.2705,-0.7351,-0.5401,1.2204
VSC,2026-01-23,22.7,22.85,21.5,21.85,9390200,22.04,21.1,21.43,-0.8846,3.579,1.9741,-0.7347,-0.495,1.2197
VSC,2026-01-26,21.85,21.85,20.35,20.35,12339600,22.02,21.08,21.39,-7.605,-3.4744,-4.8799,-1.8191,-1.2835,1.3302
VSC,2026-01-27,20.4,20.65,19.95,20.0,5417100,21.83,21.08,21.35,-8.383,-5.1008,-6.3188,-0.974,-0.5835,1.1924
VSC,2026-01-28,20.15,20.5,19.85,20.1,5254500,21.62,21.06,21.3,-7.009,-4.5811,-5.6161,-0.2544,-0.1487,1.2102
VSC,2026-01-29,20.1,20.75,20.1,20.55,4542400,21.48,21.08,21.25,-4.3073,-2.5142,-3.2759,0.4124,0.236,1.2077
VSC,2026-01-30,20.7,21.05,20.55,20.6,5121600,21.36,21.11,21.21,-3.5581,-2.4275,-2.876,-0.8566,-0.5112,1.1525
VSC,2026-02-02,20.8,21.5,20.6,21.35,9045600,21.32,21.2,21.19,0.1642,0.7075,0.7551,1.1409,0.6566,1.2306
VSC,2026-02-03,21.6,22.4,21.6,22.2,10574400,21.2,21.32,21.19,4.6923,4.1032,4.7763,0.9428,0.6044,1.0236
VSC,2026-02-04,22.4,23.0,21.9,22.1,9321200,21.16,21.4,21.18,4.4177,3.259,4.3191,-1.1359,-0.7408,0.9006
VSC,2026-02-05,22.3,22.45,21.6,21.6,5738300,21.07,21.45,21.18,2.5154,0.6876,1.9637,-0.8999,-0.5624,0.9171
VSC,2026-02-06,21.15,22.95,21.05,22.3,14183000,21.12,21.58,21.17,5.6121,3.3364,5.3527,0.5762,0.4642,0.9012
VSC,2026-02-09,22.75,22.8,21.7,22.35,6730200,21.32,21.67,21.16,4.8557,3.138,5.6188,0.3994,0.3128,0.7592
VSC,2026-02-10,22.5,22.8,21.9,22.65,10856900,21.58,21.7,21.17,4.9583,4.3538,6.9708,1.7592,1.137,0.8378
VSC,2026-02-11,22.75,23.8,22.75,23.5,18049900,21.92,21.77,21.2,7.208,7.9591,10.8386,1.6109,1.2631,0.9734
VSC,2026-02-12,23.3,24.45,23.3,24.3,15596000,22.3,21.88,21.25,8.993,11.035,14.3637,4.6172,3.4143,1.3939
VSC,2026-02-13,24.3,25.65,23.9,24.8,16338000,22.72,22.04,21.29,9.179,12.5355,16.4811,0.1171,0.0888,1.3199
VSC,2026-02-23,25.0,26.1,24.3,25.95,16120100,23.18,22.24,21.35,11.9741,16.6554,21.5571,2.6745,2.4917,1.4733
VSC,2026-02-24,25.95,25.95,24.85,24.9,12557900,23.44,22.32,21.39,6.206,11.5342,16.3878,-2.0324,-1.4705,1.5823
VSC,2026-02-25,24.9,25.5,24.6,24.7,9058800,23.7,22.44,21.45,4.1974,10.0958,15.1569,-1.0378,-0.8204,1.5724
VSC,2026-02-26,24.7,25.75,24.45,25.1,10353700,24.06,22.56,21.52,4.3442,11.2465,16.6411,0.0,0.0,1.4825
VSC,2026-02-27,25.25,26.3,24.95,25.9,12120400,24.42,22.76,21.61,6.0823,13.7711,19.8408,0.9102,0.7582,1.5159
VSC,2026-03-02,26.9,27.7,26.5,27.1,25845600,24.89,23.1,21.73,8.8791,17.3033,24.7124,0.0,0.0,1.4759
VSC,2026-03-03,27.45,27.9,26.3,27.5,15578300,25.38,23.48,21.88,8.3744,17.1334,25.6568,0.8875,0.693,1.3888
VSC,2026-03-04,26.9,27.35,25.6,25.6,21334200,25.58,23.75,22.0,0.0586,7.7781,16.3372,-2.2644,-1.9134,1.4541
VSC,2026-03-05,25.6,26.1,24.6,25.7,9097000,25.72,24.01,22.11,-0.0972,7.0387,16.2265,0.4733,0.3947,1.0397
VSC,2026-03-06,25.25,25.55,23.95,24.35,14331200,25.68,24.2,22.2,-5.1791,0.6302,9.6896,-1.1351,-0.8735,1.1415
VSC,2026-03-09,22.65,23.0,22.65,22.65,5121500,25.35,24.26,22.25,-10.6509,-6.6461,1.7978,-0.386,-0.3077,0.9127
VSC,2026-03-10,22.3,23.2,21.5,21.85,9260600,25.04,24.24,22.29,-12.757,-9.8783,-1.9608,-0.7307,-0.5172,0.7825
VSC,2026-03-11,21.7,23.35,21.7,23.35,5347300,24.91,24.31,22.34,-6.2625,-3.9391,4.5304,0.8789,0.707,0.7666
