ticker,time,open,high,low,close,volume
VN30,2024-04-01 02:15:00,1293.36,1294.03,1293.36,1293.46,2276200
VN30,2024-04-01 02:16:00,1293.33,1293.33,1291.33,1291.38,789204
VN30,2024-04-01 02:17:00,1291.51,1291.75,1290.89,1290.89,824800
VN30,2024-04-01 02:18:00,1290.92,1291.62,1290.64,1291.44,991200
VN30,2024-04-01 02:19:00,1291.57,1292.23,1291.41,1292.06,695700
VN30,2024-04-01 02:20:00,1292.26,1293.13,1292.09,1293.08,814000
VN30,2024-04-01 02:21:00,1293.43,1294.19,1293.33,1294.08,780800
VN30,2024-04-01 02:22:00,1294.2,1294.91,1294.2,1294.56,761900
VN30,2024-04-01 02:23:00,1294.43,1295.14,1293.32,1293.32,774100
VN30,2024-04-01 02:24:00,1293.7,1294.13,1293.26,1293.28,947400
VN30,2024-04-01 02:25:00,1292.99,1293.71,1292.88,1293.53,837200
VN30,2024-04-01 02:26:00,1293.43,1294.41,1293.43,1294.41,446200
VN30,2024-04-01 02:27:00,1293.9,1294.08,1293.83,1293.96,382500
VN30,2024-04-01 02:28:00,1294.0,1294.14,1292.87,1293.43,472700
VN30,2024-04-01 02:29:00,1293.71,1294.34,1293.49,1294.15,663200
VN30,2024-04-01 02:30:00,1294.07,1294.36,1293.54,1293.54,731200
VN30,2024-04-01 02:31:00,1293.74,1294.07,1293.46,1293.46,457400
VN30,2024-04-01 02:32:00,1293.63,1293.72,1293.31,1293.49,571300
VN30,2024-04-01 02:33:00,1293.45,1293.67,1293.19,1293.52,422600
VN30,2024-04-01 02:34:00,1293.64,1293.64,1292.94,1293.13,414600
VN30,2024-04-01 02:35:00,1293.19,1294.18,1293.19,1293.68,578900
VN30,2024-04-01 02:36:00,1293.75,1294.04,1293.55,1293.98,1120100
VN30,2024-04-01 02:37:00,1294.01,1294.01,1293.48,1293.85,885100
VN30,2024-04-01 02:38:00,1293.83,1294.1,1293.24,1293.53,413500
VN30,2024-04-01 02:39:00,1293.48,1294.03,1293.43,1293.85,337400
VN30,2024-04-01 02:40:00,1293.73,1294.59,1293.73,1294.49,530900
VN30,2024-04-01 02:41:00,1294.38,1295.09,1294.11,1295.09,529000
VN30,2024-04-01 02:42:00,1295.18,1295.18,1294.66,1294.67,353900
VN30,2024-04-01 02:43:00,1294.59,1294.99,1294.48,1294.59,383000
VN30,2024-04-01 02:44:00,1294.79,1295.32,1294.47,1295.32,764400
VN30,2024-04-01 02:45:00,1295.48,1295.82,1295.1,1295.82,580401
VN30,2024-04-01 02:46:00,1295.82,1296.29,1295.66,1295.83,868800
VN30,2024-04-01 02:47:00,1295.6,1296.06,1295.6,1295.67,976000
VN30,2024-04-01 02:48:00,1295.55,1296.19,1295.55,1296.07,300600
VN30,2024-04-01 02:49:00,1296.18,1296.56,1296.07,1296.52,516600
VN30,2024-04-01 02:50:00,1296.34,1296.85,1296.18,1296.56,441400
VN30,2024-04-01 02:51:00,1296.65,1296.65,1295.93,1296.1,1216600
VN30,2024-04-01 02:52:00,1296.14,1296.64,1295.99,1296.25,539200
VN30,2024-04-01 02:53:00,1296.53,1296.74,1296.22,1296.61,547900
VN30,2024-04-01 02:54:00,1296.93,1296.93,1296.51,1296.79,1042500
VN30,2024-04-01 02:55:00,1296.8,1297.08,1296.51,1297.0,850400
VN30,2024-04-01 02:56:00,1296.99,1297.35,1296.81,1296.84,761900
VN30,2024-04-01 02:57:00,1297.04,1297.57,1296.9,1297.47,607500
VN30,2024-04-01 02:58:00,1297.63,1297.81,1297.23,1297.3,636000
VN30,2024-04-01 02:59:00,1297.11,1297.45,1296.51,1297.35,657600
VN30,2024-04-01 03:00:00,1297.47,1298.0,1297.34,1297.82,750500
VN30,2024-04-01 03:01:00,1297.82,1298.52,1297.6,1298.52,1517900
VN30,2024-04-01 03:02:00,1298.59,1298.59,1297.92,1298.11,794900
VN30,2024-04-01 03:03:00,1298.16,1298.45,1297.71,1298.19,516600
VN30,2024-04-01 03:04:00,1298.2,1298.2,1297.87,1298.17,1275300
VN30,2024-04-01 03:05:00,1298.27,1298.27,1297.61,1298.01,635000
VN30,2024-04-01 03:06:00,1297.96,1298.01,1297.37,1297.37,743300
VN30,2024-04-01 03:07:00,1297.36,1297.69,1297.11,1297.49,3220500
VN30,2024-04-01 03:08:00,1297.54,1297.82,1296.48,1296.97,535300
VN30,2024-04-01 03:09:00,1296.86,1297.09,1296.48,1296.81,474200
VN30,2024-04-01 03:10:00,1296.9,1297.11,1296.45,1296.49,899300
VN30,2024-04-01 03:11:00,1296.51,1296.6,1295.66,1295.8,2999900
VN30,2024-04-01 03:12:00,1296.27,1296.27,1295.43,1295.65,613000
VN30,2024-04-01 03:13:00,1295.41,1295.85,1295.17,1295.6,981600
VN30,2024-04-01 03:14:00,1295.66,1295.82,1295.55,1295.69,456300
VN30,2024-04-01 03:15:00,1295.68,1295.78,1295.08,1295.08,786102
VN30,2024-04-01 03:16:00,1294.99,1295.12,1294.77,1294.77,460500
VN30,2024-04-01 03:17:00,1294.91,1295.15,1294.57,1294.78,787000
VN30,2024-04-01 03:18:00,1294.8,1294.86,1294.17,1294.46,751600
VN30,2024-04-01 03:19:00,1294.52,1294.56,1294.13,1294.13,557300
VN30,2024-04-01 03:20:00,1294.11,1294.13,1293.82,1294.13,510900
VN30,2024-04-01 03:21:00,1294.1,1294.44,1293.92,1294.1,481700
VN30,2024-04-01 03:22:00,1294.41,1295.34,1294.41,1295.0,833000
VN30,2024-04-01 03:23:00,1294.96,1295.27,1294.55,1294.55,329400
VN30,2024-04-01 03:24:00,1294.41,1295.88,1294.38,1295.17,646500
VN30,2024-04-01 03:25:00,1295.27,1295.27,1294.65,1294.86,416300
VN30,2024-04-01 03:26:00,1294.75,1295.36,1294.64,1294.64,410500
VN30,2024-04-01 03:27:00,1294.75,1295.26,1294.75,1295.26,457200
VN30,2024-04-01 03:28:00,1295.26,1295.59,1295.07,1295.36,520000
VN30,2024-04-01 03:29:00,1295.28,1295.48,1295.15,1295.26,285000
VN30,2024-04-01 03:30:00,1294.98,1295.13,1294.47,1294.7,416601
VN30,2024-04-01 03:31:00,1294.63,1294.94,1294.49,1294.55,990600
VN30,2024-04-01 03:32:00,1294.45,1294.77,1294.45,1294.68,361500
VN30,2024-04-01 03:33:00,1294.6,1294.6,1294.05,1294.19,278400
VN30,2024-04-01 03:34:00,1294.11,1294.31,1293.36,1293.36,329400
VN30,2024-04-01 03:35:00,1293.46,1294.11,1293.46,1294.11,342900
VN30,2024-04-01 03:36:00,1293.65,1293.87,1293.33,1293.5,672100
VN30,2024-04-01 03:37:00,1293.59,1293.7,1293.43,1293.7,1101500
VN30,2024-04-01 03:38:00,1293.84,1293.88,1292.87,1293.15,1103700
VN30,2024-04-01 03:39:00,1293.08,1293.3,1292.78,1292.96,826100
VN30,2024-04-01 03:40:00,1292.89,1293.17,1292.67,1292.67,623300
VN30,2024-04-01 03:41:00,1292.79,1292.88,1292.11,1292.15,1369900
VN30,2024-04-01 03:42:00,1291.88,1292.28,1291.59,1291.81,1153100
VN30,2024-04-01 03:43:00,1291.91,1291.99,1291.36,1291.61,1131000
VN30,2024-04-01 03:44:00,1291.59,1291.61,1291.17,1291.35,1694400
VN30,2024-04-01 03:45:00,1291.24,1291.32,1290.75,1290.87,1795800
VN30,2024-04-01 03:46:00,1290.6,1290.91,1290.22,1290.22,1146600
VN30,2024-04-01 03:47:00,1290.5,1290.5,1289.64,1289.64,1548600
VN30,2024-04-01 03:48:00,1289.65,1289.82,1289.48,1289.76,1032400
VN30,2024-04-01 03:49:00,1289.69,1290.69,1289.69,1290.3,1453000
VN30,2024-04-01 03:50:00,1290.44,1290.44,1289.72,1290.24,927700
VN30,2024-04-01 03:51:00,1289.91,1290.65,1289.91,1290.6,612500
VN30,2024-04-01 03:52:00,1290.98,1291.67,1290.67,1291.41,899100
VN30,2024-04-01 03:53:00,1291.46,1291.83,1291.17,1291.83,1009100
VN30,2024-04-01 03:54:00,1291.82,1291.88,1291.23,1291.43,639800
VN30,2024-04-01 03:55:00,1291.57,1291.76,1291.38,1291.55,836700
VN30,2024-04-01 03:56:00,1291.66,1291.69,1291.45,1291.58,440600
VN30,2024-04-01 03:57:00,1291.49,1291.58,1291.32,1291.42,560400
VN30,2024-04-01 03:58:00,1291.7,1291.79,1291.1,1291.1,445200
VN30,2024-04-01 03:59:00,1291.13,1291.47,1291.0,1291.0,563400
VN30,2024-04-01 04:00:00,1291.02,1291.08,1290.54,1290.73,658200
VN30,2024-04-01 04:01:00,1290.66,1290.66,1289.85,1289.85,1217700
VN30,2024-04-01 04:02:00,1289.92,1290.21,1289.63,1289.78,1458600
VN30,2024-04-01 04:03:00,1289.52,1290.05,1289.39,1289.39,873400
VN30,2024-04-01 04:04:00,1289.58,1289.58,1289.07,1289.07,1175300
VN30,2024-04-01 04:05:00,1289.08,1289.22,1288.63,1288.88,1169600
VN30,2024-04-01 04:06:00,1288.82,1288.82,1287.97,1288.15,1251700
VN30,2024-04-01 04:07:00,1288.09,1288.09,1286.9,1287.37,2713900
VN30,2024-04-01 04:08:00,1287.27,1287.35,1286.56,1286.9,2610700
VN30,2024-04-01 04:09:00,1286.59,1286.67,1285.91,1286.28,1065200
VN30,2024-04-01 04:10:00,1285.96,1285.96,1285.2,1285.39,3469600
VN30,2024-04-01 04:11:00,1285.16,1285.17,1284.9,1285.04,2256800
VN30,2024-04-01 04:12:00,1285.11,1285.21,1284.84,1285.21,2148400
VN30,2024-04-01 04:13:00,1285.45,1285.53,1284.92,1285.11,1028300
VN30,2024-04-01 04:14:00,1285.11,1285.66,1285.11,1285.18,793700
VN30,2024-04-01 04:15:00,1285.43,1285.63,1285.18,1285.5,1021000
VN30,2024-04-01 04:16:00,1285.26,1286.38,1285.26,1286.38,1212500
VN30,2024-04-01 04:17:00,1286.38,1287.2,1286.29,1286.59,775800
VN30,2024-04-01 04:18:00,1286.41,1287.29,1286.41,1287.08,964600
VN30,2024-04-01 04:19:00,1287.5,1287.84,1287.5,1287.62,524200
VN30,2024-04-01 04:20:00,1287.79,1288.03,1287.59,1287.59,535800
VN30,2024-04-01 04:21:00,1287.68,1287.78,1287.26,1287.26,992600
VN30,2024-04-01 04:22:00,1287.55,1287.59,1287.22,1287.4,1311300
VN30,2024-04-01 04:23:00,1287.33,1287.58,1287.21,1287.39,562900
VN30,2024-04-01 04:24:00,1287.34,1287.6,1287.32,1287.6,691700
VN30,2024-04-01 04:25:00,1287.61,1287.77,1287.35,1287.77,587300
VN30,2024-04-01 04:26:00,1287.56,1287.59,1287.2,1287.2,304600
VN30,2024-04-01 04:27:00,1287.13,1287.9,1287.13,1287.47,530800
VN30,2024-04-01 04:28:00,1287.87,1287.87,1287.02,1287.35,1177500
VN30,2024-04-01 04:29:00,1287.34,1287.69,1286.72,1287.01,719000
VN30,2024-04-01 04:30:00,1287.06,1287.06,1287.06,1287.06,1100
VN30,2024-04-01 06:00:00,1286.66,1286.75,1285.24,1285.24,6998047
VN30,2024-04-01 06:01:00,1285.18,1285.42,1284.89,1284.89,1196700
VN30,2024-04-01 06:02:00,1285.0,1285.01,1284.24,1284.39,1221000
VN30,2024-04-01 06:03:00,1284.2,1286.1,1284.2,1286.1,2202800
VN30,2024-04-01 06:04:00,1285.39,1285.43,1284.98,1285.26,773800
VN30,2024-04-01 06:05:00,1286.66,1286.87,1286.22,1286.31,615700
VN30,2024-04-01 06:06:00,1286.42,1286.81,1286.42,1286.75,717200
VN30,2024-04-01 06:07:00,1286.75,1286.9,1286.45,1286.9,526500
VN30,2024-04-01 06:08:00,1286.83,1286.83,1285.88,1286.26,626100
VN30,2024-04-01 06:09:00,1286.46,1286.46,1286.22,1286.39,733500
VN30,2024-04-01 06:10:00,1286.25,1286.46,1286.1,1286.34,666300
VN30,2024-04-01 06:11:00,1286.16,1286.5,1286.08,1286.37,960300
VN30,2024-04-01 06:12:00,1286.2,1286.84,1286.2,1286.84,713400
VN30,2024-04-01 06:13:00,1287.02,1287.02,1286.44,1286.73,711900
VN30,2024-04-01 06:14:00,1286.65,1286.77,1286.36,1286.36,944800
VN30,2024-04-01 06:15:00,1286.41,1286.78,1286.25,1286.74,814300
VN30,2024-04-01 06:16:00,1286.57,1287.06,1286.39,1287.04,692600
VN30,2024-04-01 06:17:00,1287.15,1287.16,1286.82,1286.82,880800
VN30,2024-04-01 06:18:00,1286.53,1287.0,1286.35,1286.78,3136000
VN30,2024-04-01 06:19:00,1286.83,1287.21,1286.65,1286.7,1383800
VN30,2024-04-01 06:20:00,1286.88,1287.23,1286.52,1287.1,1516100
VN30,2024-04-01 06:21:00,1287.13,1287.77,1287.13,1287.56,1529800
VN30,2024-04-01 06:22:00,1287.37,1287.5,1287.07,1287.33,972400
VN30,2024-04-01 06:23:00,1287.37,1288.66,1287.37,1288.47,1249800
VN30,2024-04-01 06:24:00,1288.54,1288.54,1288.05,1288.23,812000
VN30,2024-04-01 06:25:00,1288.36,1288.74,1288.14,1288.57,723800
VN30,2024-04-01 06:26:00,1288.28,1288.79,1287.86,1288.56,1151700
VN30,2024-04-01 06:27:00,1288.71,1288.71,1287.94,1288.43,1227200
VN30,2024-04-01 06:28:00,1288.51,1288.83,1288.19,1288.51,807200
VN30,2024-04-01 06:29:00,1288.96,1289.35,1288.91,1288.91,889500
VN30,2024-04-01 06:30:00,1288.8,1289.39,1288.7,1288.7,1153200
VN30,2024-04-01 06:31:00,1288.93,1289.38,1288.71,1289.19,861700
VN30,2024-04-01 06:32:00,1289.4,1289.4,1288.84,1289.03,783000
VN30,2024-04-01 06:33:00,1288.71,1289.22,1288.66,1289.04,1706300
VN30,2024-04-01 06:34:00,1288.82,1288.87,1288.37,1288.37,1870500
VN30,2024-04-01 06:35:00,1288.16,1288.48,1286.64,1286.69,1958200
VN30,2024-04-01 06:36:00,1287.07,1287.07,1286.05,1286.34,1036200
VN30,2024-04-01 06:37:00,1286.33,1286.78,1286.33,1286.54,495500
VN30,2024-04-01 06:38:00,1286.29,1287.27,1286.29,1286.81,1647300
VN30,2024-04-01 06:39:00,1286.83,1286.9,1286.3,1286.57,1767200
VN30,2024-04-01 06:40:00,1286.49,1286.72,1285.76,1285.77,1641900
VN30,2024-04-01 06:41:00,1285.46,1286.15,1285.01,1285.27,2864800
VN30,2024-04-01 06:42:00,1285.32,1285.92,1285.15,1285.15,4125100
VN30,2024-04-01 06:43:00,1285.39,1285.54,1284.96,1285.54,1056600
VN30,2024-04-01 06:44:00,1285.37,1285.63,1285.02,1285.5,592100
VN30,2024-04-01 06:45:00,1285.88,1285.88,1285.35,1285.85,1068200
VN30,2024-04-01 06:46:00,1286.17,1286.42,1285.83,1286.42,570800
VN30,2024-04-01 06:47:00,1286.5,1286.8,1286.19,1286.54,669400
VN30,2024-04-01 06:48:00,1286.63,1287.17,1286.43,1287.0,615000
VN30,2024-04-01 06:49:00,1287.17,1287.51,1286.82,1287.22,605700
VN30,2024-04-01 06:50:00,1287.44,1288.24,1287.26,1288.24,1180900
VN30,2024-04-01 06:51:00,1287.43,1288.33,1287.43,1288.27,1445300
VN30,2024-04-01 06:52:00,1288.44,1288.47,1287.85,1287.96,948900
VN30,2024-04-01 06:53:00,1287.83,1288.53,1287.83,1288.51,1181100
VN30,2024-04-01 06:54:00,1288.45,1288.48,1287.95,1288.48,754400
VN30,2024-04-01 06:55:00,1288.13,1288.68,1288.0,1288.4,909400
VN30,2024-04-01 06:56:00,1288.85,1289.31,1288.52,1288.68,1584300
VN30,2024-04-01 06:57:00,1289.09,1290.23,1289.09,1290.06,1404800
VN30,2024-04-01 06:58:00,1290.14,1290.51,1289.69,1289.81,2165700
VN30,2024-04-01 06:59:00,1290.14,1290.76,1289.82,1290.65,1113900
VN30,2024-04-01 07:00:00,1290.73,1290.73,1289.63,1289.63,1121200
VN30,2024-04-01 07:01:00,1289.65,1289.96,1289.32,1289.96,702400
VN30,2024-04-01 07:02:00,1289.88,1289.98,1289.2,1289.37,873400
VN30,2024-04-01 07:03:00,1289.01,1289.51,1288.76,1288.85,1096600
VN30,2024-04-01 07:04:00,1288.62,1289.09,1288.62,1288.97,1270000
VN30,2024-04-01 07:05:00,1288.84,1288.84,1288.39,1288.61,846500
VN30,2024-04-01 07:06:00,1288.63,1288.63,1287.85,1288.27,1682700
VN30,2024-04-01 07:07:00,1288.07,1288.75,1287.89,1288.49,1784850
VN30,2024-04-01 07:08:00,1288.73,1290.2,1288.73,1290.2,2046900
VN30,2024-04-01 07:09:00,1289.87,1290.02,1289.51,1289.57,1429800
VN30,2024-04-01 07:10:00,1289.99,1292.31,1289.99,1292.05,2640200
VN30,2024-04-01 07:11:00,1292.21,1293.93,1292.21,1293.67,2619700
VN30,2024-04-01 07:12:00,1293.61,1294.39,1293.45,1293.84,2417700
VN30,2024-04-01 07:13:00,1293.95,1295.68,1293.95,1295.16,3162600
VN30,2024-04-01 07:14:00,1295.22,1295.78,1295.15,1295.47,2087200
VN30,2024-04-01 07:15:00,1295.68,1295.68,1294.24,1294.24,2882600
VN30,2024-04-01 07:16:00,1294.3,1294.33,1293.28,1293.28,1987600
VN30,2024-04-01 07:17:00,1293.44,1293.44,1292.53,1293.26,1196700
VN30,2024-04-01 07:18:00,1293.26,1293.26,1292.01,1292.01,1546100
VN30,2024-04-01 07:19:00,1291.97,1292.6,1291.83,1292.11,1086700
VN30,2024-04-01 07:20:00,1292.1,1292.33,1291.44,1291.44,1258100
VN30,2024-04-01 07:21:00,1291.94,1291.94,1290.85,1291.03,1035600
VN30,2024-04-01 07:22:00,1290.74,1291.48,1290.74,1291.01,1314000
VN30,2024-04-01 07:23:00,1291.0,1291.26,1290.79,1291.18,1320600
VN30,2024-04-01 07:24:00,1291.24,1291.24,1290.33,1290.71,1506600
VN30,2024-04-01 07:25:00,1290.66,1290.87,1290.43,1290.73,1855300
VN30,2024-04-01 07:26:00,1291.11,1291.2,1290.49,1290.88,1010100
VN30,2024-04-01 07:27:00,1291.08,1292.45,1291.08,1292.1,1418700
VN30,2024-04-01 07:28:00,1292.1,1292.63,1291.9,1291.91,1434400
VN30,2024-04-01 07:29:00,1292.11,1292.68,1291.73,1291.73,1218300
VN30,2024-04-01 07:30:00,1291.94,1291.94,1291.94,1291.94,24400
VN30,2024-04-01 07:45:00,1292.62,1292.62,1292.62,1292.62,10538600
VN30,2024-04-02 02:15:00,1283.11,1284.96,1281.85,1281.85,20814100
VN30,2024-04-02 02:16:00,1280.94,1280.94,1279.25,1279.56,4746200
VN30,2024-04-02 02:17:00,1279.16,1279.17,1277.94,1277.94,3857800
VN30,2024-04-02 02:18:00,1277.42,1278.28,1277.42,1278.11,2355500
VN30,2024-04-02 02:19:00,1278.03,1278.71,1277.75,1278.6,2760400
VN30,2024-04-02 02:20:00,1279.14,1279.64,1278.71,1279.64,2237400
VN30,2024-04-02 02:21:00,1279.53,1281.31,1279.49,1281.31,2144300
VN30,2024-04-02 02:22:00,1281.36,1282.32,1281.34,1282.06,1745600
VN30,2024-04-02 02:23:00,1282.17,1282.62,1281.23,1281.98,2911300
VN30,2024-04-02 02:24:00,1282.39,1283.0,1281.92,1282.18,2802700
VN30,2024-04-02 02:25:00,1282.74,1283.04,1281.75,1282.17,2766700
VN30,2024-04-02 02:26:00,1282.31,1282.31,1281.5,1281.57,3225700
VN30,2024-04-02 02:27:00,1281.55,1282.6,1281.55,1282.6,2675900
VN30,2024-04-02 02:28:00,1282.71,1283.24,1281.95,1283.11,1510500
VN30,2024-04-02 02:29:00,1283.22,1284.81,1283.22,1284.5,1520800
VN30,2024-04-02 02:30:00,1284.16,1284.45,1283.27,1283.91,1563900
VN30,2024-04-02 02:31:00,1283.68,1284.3,1283.68,1284.1,1682700
VN30,2024-04-02 02:32:00,1283.95,1284.96,1283.95,1284.52,1966200
VN30,2024-04-02 02:33:00,1284.6,1284.97,1284.6,1284.89,1657100
VN30,2024-04-02 02:34:00,1284.75,1284.75,1283.41,1283.78,2489200
VN30,2024-04-02 02:35:00,1283.57,1283.73,1283.22,1283.35,1390870
VN30,2024-04-02 02:36:00,1283.38,1283.48,1283.09,1283.48,2750100
VN30,2024-04-02 02:37:00,1283.18,1283.32,1282.59,1282.96,3269500
VN30,2024-04-02 02:38:00,1282.94,1282.99,1282.17,1282.17,2314300
VN30,2024-04-02 02:39:00,1281.95,1282.27,1281.42,1281.63,1784000
VN30,2024-04-02 02:40:00,1281.3,1281.67,1280.75,1280.85,3332500
VN30,2024-04-02 02:41:00,1281.02,1281.02,1279.69,1279.7,4682200
VN30,2024-04-02 02:42:00,1279.78,1279.84,1278.92,1279.09,2603700
VN30,2024-04-02 02:43:00,1279.69,1279.69,1278.89,1279.04,2148800
VN30,2024-04-02 02:44:00,1279.5,1279.5,1278.64,1279.06,3670600
VN30,2024-04-02 02:45:00,1278.73,1278.73,1277.23,1277.32,5157900
VN30,2024-04-02 02:46:00,1277.78,1277.78,1276.25,1276.28,5546300
VN30,2024-04-02 02:47:00,1276.02,1276.74,1276.02,1276.17,2631000
VN30,2024-04-02 02:48:00,1276.5,1276.81,1276.26,1276.48,2301900
VN30,2024-04-02 02:49:00,1276.48,1277.55,1276.48,1277.25,1787200
VN30,2024-04-02 02:50:00,1277.03,1277.62,1276.7,1277.3,1473800
VN30,2024-04-02 02:51:00,1277.52,1278.03,1277.52,1277.96,1551500
VN30,2024-04-02 02:52:00,1278.17,1279.13,1278.05,1278.86,1105800
VN30,2024-04-02 02:53:00,1279.31,1279.66,1279.11,1279.66,1196100
VN30,2024-04-02 02:54:00,1279.19,1280.16,1279.19,1280.13,1479800
VN30,2024-04-02 02:55:00,1280.31,1280.56,1279.98,1280.1,1670700
VN30,2024-04-02 02:56:00,1280.4,1280.66,1280.3,1280.45,1364500
VN30,2024-04-02 02:57:00,1280.63,1280.63,1279.15,1279.15,3661600
VN30,2024-04-02 02:58:00,1278.92,1278.94,1277.91,1278.47,2252700
VN30,2024-04-02 02:59:00,1278.4,1278.54,1277.67,1278.1,2069200
VN30,2024-04-02 03:00:00,1278.09,1278.67,1277.83,1278.09,1205000
VN30,2024-04-02 03:01:00,1278.25,1278.33,1277.25,1277.28,3431500
VN30,2024-04-02 03:02:00,1277.51,1277.83,1276.91,1277.29,1062300
VN30,2024-04-02 03:03:00,1277.26,1277.5,1276.81,1277.15,848000
VN30,2024-04-02 03:04:00,1276.8,1277.72,1276.43,1277.58,1452100
VN30,2024-04-02 03:05:00,1277.51,1277.98,1277.15,1277.36,1471100
VN30,2024-04-02 03:06:00,1277.08,1277.89,1276.97,1276.98,1438400
VN30,2024-04-02 03:07:00,1276.97,1277.53,1276.83,1277.36,2719700
VN30,2024-04-02 03:08:00,1277.45,1277.96,1277.31,1277.56,1210500
VN30,2024-04-02 03:09:00,1277.58,1278.54,1277.57,1278.42,1693300
VN30,2024-04-02 03:10:00,1278.51,1279.36,1278.51,1279.24,1181200
VN30,2024-04-02 03:11:00,1279.17,1280.09,1279.17,1279.69,1434200
VN30,2024-04-02 03:12:00,1279.94,1280.47,1279.92,1280.4,1365700
VN30,2024-04-02 03:13:00,1280.31,1280.6,1280.27,1280.44,1405400
VN30,2024-04-02 03:14:00,1280.05,1280.33,1279.73,1280.02,2769100
VN30,2024-04-02 03:15:00,1279.94,1280.66,1279.85,1280.52,1974600
VN30,2024-04-02 03:16:00,1280.51,1281.17,1280.51,1281.11,1360200
VN30,2024-04-02 03:17:00,1280.87,1281.05,1280.6,1280.65,1446800
VN30,2024-04-02 03:18:00,1280.89,1281.15,1280.56,1280.92,1285600
VN30,2024-04-02 03:19:00,1280.92,1281.06,1280.48,1280.89,1215600
VN30,2024-04-02 03:20:00,1280.72,1281.34,1280.71,1281.34,1098600
VN30,2024-04-02 03:21:00,1281.26,1281.28,1280.9,1280.9,2490900
VN30,2024-04-02 03:22:00,1280.6,1281.38,1280.6,1280.94,2479300
VN30,2024-04-02 03:23:00,1281.01,1281.09,1280.57,1280.76,1083500
VN30,2024-04-02 03:24:00,1280.17,1280.5,1280.0,1280.45,1392900
VN30,2024-04-02 03:25:00,1280.3,1280.3,1279.59,1279.63,1430500
VN30,2024-04-02 03:26:00,1279.77,1279.8,1279.46,1279.69,1272900
VN30,2024-04-02 03:27:00,1279.79,1279.79,1279.13,1279.53,957800
VN30,2024-04-02 03:28:00,1279.7,1279.81,1279.28,1279.45,414700
VN30,2024-04-02 03:29:00,1279.57,1279.57,1278.66,1279.31,1113000
VN30,2024-04-02 03:30:00,1279.25,1279.3,1278.69,1278.69,1968200
VN30,2024-04-02 03:31:00,1278.84,1279.08,1278.49,1279.08,1242000
VN30,2024-04-02 03:32:00,1279.24,1279.24,1278.58,1278.81,771200
VN30,2024-04-02 03:33:00,1278.65,1279.11,1278.65,1278.93,725600
VN30,2024-04-02 03:34:00,1278.82,1279.34,1278.75,1279.04,1347600
VN30,2024-04-02 03:35:00,1279.15,1279.15,1278.81,1278.82,699300
VN30,2024-04-02 03:36:00,1279.03,1279.12,1278.89,1278.9,880400
VN30,2024-04-02 03:37:00,1278.9,1279.07,1278.68,1279.07,1201400
VN30,2024-04-02 03:38:00,1279.03,1279.26,1278.75,1278.75,1366300
VN30,2024-04-02 03:39:00,1279.13,1279.18,1278.8,1278.84,573500
VN30,2024-04-02 03:40:00,1278.84,1278.85,1278.22,1278.41,1007600
VN30,2024-04-02 03:41:00,1278.41,1278.41,1277.64,1277.85,752400
VN30,2024-04-02 03:42:00,1277.79,1278.06,1277.6,1277.92,1892100
VN30,2024-04-02 03:43:00,1277.87,1277.96,1277.5,1277.6,1445200
VN30,2024-04-02 03:44:00,1277.6,1277.82,1277.44,1277.82,1025000
VN30,2024-04-02 03:45:00,1277.6,1277.91,1277.47,1277.47,1222900
VN30,2024-04-02 03:46:00,1277.63,1277.72,1277.15,1277.15,920800
VN30,2024-04-02 03:47:00,1277.2,1277.34,1276.8,1276.94,1255100
VN30,2024-04-02 03:48:00,1276.88,1277.11,1276.64,1276.7,654600
VN30,2024-04-02 03:49:00,1276.45,1276.81,1276.12,1276.12,2626000
VN30,2024-04-02 03:50:00,1276.19,1276.25,1275.34,1275.34,2988700
VN30,2024-04-02 03:51:00,1275.52,1275.52,1275.07,1275.29,2919100
VN30,2024-04-02 03:52:00,1274.97,1275.12,1274.21,1274.31,4132900
VN30,2024-04-02 03:53:00,1274.35,1274.38,1273.66,1273.66,3268000
VN30,2024-04-02 03:54:00,1273.42,1273.98,1273.37,1273.98,2260800
VN30,2024-04-02 03:55:00,1273.47,1273.78,1273.16,1273.38,2211500
VN30,2024-04-02 03:56:00,1273.57,1273.93,1273.54,1273.54,1799400
VN30,2024-04-02 03:57:00,1273.59,1274.43,1273.59,1274.35,1914500
VN30,2024-04-02 03:58:00,1274.13,1274.54,1274.12,1274.42,1263000
VN30,2024-04-02 03:59:00,1274.63,1275.85,1274.41,1275.85,1173700
VN30,2024-04-02 04:00:00,1275.79,1276.2,1275.67,1276.2,1438900
VN30,2024-04-02 04:01:00,1276.43,1277.06,1276.43,1276.84,1527700
VN30,2024-04-02 04:02:00,1276.68,1277.35,1276.68,1277.0,1008800
VN30,2024-04-02 04:03:00,1277.03,1277.21,1276.62,1277.2,635100
VN30,2024-04-02 04:04:00,1277.11,1277.48,1276.93,1277.0,727200
VN30,2024-04-02 04:05:00,1277.09,1277.28,1276.76,1277.17,874800
VN30,2024-04-02 04:06:00,1277.08,1277.69,1277.08,1277.69,733500
VN30,2024-04-02 04:07:00,1277.63,1277.72,1276.71,1277.29,781200
VN30,2024-04-02 04:08:00,1277.35,1277.6,1277.18,1277.6,736900
VN30,2024-04-02 04:09:00,1277.65,1277.75,1277.36,1277.75,814700
VN30,2024-04-02 04:10:00,1277.42,1277.48,1277.11,1277.37,774600
VN30,2024-04-02 04:11:00,1277.16,1277.39,1276.89,1277.08,645100
VN30,2024-04-02 04:12:00,1276.97,1277.06,1276.5,1277.06,590800
VN30,2024-04-02 04:13:00,1276.9,1277.23,1276.55,1277.23,634300
VN30,2024-04-02 04:14:00,1277.34,1277.34,1276.73,1276.89,801400
VN30,2024-04-02 04:15:00,1277.05,1277.29,1276.58,1277.04,918000
VN30,2024-04-02 04:16:00,1277.08,1277.11,1276.82,1277.05,967800
VN30,2024-04-02 04:17:00,1277.24,1277.24,1276.82,1277.11,1308800
VN30,2024-04-02 04:18:00,1276.81,1277.15,1276.76,1276.99,766100
VN30,2024-04-02 04:19:00,1276.93,1277.47,1276.74,1277.36,3935600
VN30,2024-04-02 04:20:00,1278.12,1280.84,1277.98,1280.64,5002200
VN30,2024-04-02 04:21:00,1280.78,1282.56,1280.6,1282.56,2798700
VN30,2024-04-02 04:22:00,1282.32,1283.33,1281.99,1282.85,2947300
VN30,2024-04-02 04:23:00,1283.54,1284.61,1283.54,1284.56,2338100
VN30,2024-04-02 04:24:00,1284.58,1284.9,1284.16,1284.34,2110000
VN30,2024-04-02 04:25:00,1284.74,1285.1,1284.24,1285.1,1616500
VN30,2024-04-02 04:26:00,1284.63,1285.11,1284.24,1284.24,2431400
VN30,2024-04-02 04:27:00,1284.15,1284.15,1282.78,1282.78,862400
VN30,2024-04-02 04:28:00,1282.6,1283.01,1281.87,1282.28,478700
VN30,2024-04-02 04:29:00,1282.0,1282.61,1282.0,1282.4,640200
VN30,2024-04-02 04:30:00,1282.45,1282.45,1282.45,1282.45,600
VN30,2024-04-02 06:00:00,1282.99,1282.99,1282.28,1282.48,4456600
VN30,2024-04-02 06:01:00,1282.69,1282.92,1282.64,1282.88,669200
VN30,2024-04-02 06:02:00,1282.9,1283.01,1282.4,1282.63,1786500
VN30,2024-04-02 06:03:00,1282.36,1282.8,1281.96,1282.3,1031100
VN30,2024-04-02 06:04:00,1282.3,1282.3,1281.48,1281.6,618800
VN30,2024-04-02 06:05:00,1281.35,1281.42,1280.4,1280.61,1086900
VN30,2024-04-02 06:06:00,1280.52,1281.48,1280.52,1281.28,1011800
VN30,2024-04-02 06:07:00,1281.12,1281.36,1280.84,1281.04,693500
VN30,2024-04-02 06:08:00,1280.83,1281.24,1280.83,1281.22,464100
VN30,2024-04-02 06:09:00,1281.13,1281.3,1280.93,1280.93,696600
VN30,2024-04-02 06:10:00,1280.6,1281.28,1280.6,1281.09,684500
VN30,2024-04-02 06:11:00,1281.12,1282.03,1281.12,1282.03,1679300
VN30,2024-04-02 06:12:00,1282.34,1282.66,1282.04,1282.66,1402700
VN30,2024-04-02 06:13:00,1282.66,1283.11,1282.61,1283.05,1119000
VN30,2024-04-02 06:14:00,1283.24,1283.88,1283.2,1283.88,901600
VN30,2024-04-02 06:15:00,1283.89,1284.42,1283.89,1284.42,1781000
VN30,2024-04-02 06:16:00,1284.47,1285.21,1284.26,1284.62,1071400
VN30,2024-04-02 06:17:00,1284.86,1284.86,1284.27,1284.54,1359700
VN30,2024-04-02 06:18:00,1284.44,1285.23,1284.44,1284.79,1703500
VN30,2024-04-02 06:19:00,1284.79,1285.32,1284.56,1284.87,2233400
VN30,2024-04-02 06:20:00,1284.26,1285.22,1284.26,1284.47,1407700
VN30,2024-04-02 06:21:00,1284.86,1284.86,1284.12,1284.12,2369500
VN30,2024-04-02 06:22:00,1284.5,1284.64,1283.66,1283.86,1175400
VN30,2024-04-02 06:23:00,1283.72,1284.16,1283.46,1283.83,973600
VN30,2024-04-02 06:24:00,1283.66,1283.91,1283.04,1283.36,1232600
VN30,2024-04-02 06:25:00,1283.77,1283.77,1283.07,1283.29,487600
VN30,2024-04-02 06:26:00,1283.29,1283.33,1282.43,1282.43,1798900
VN30,2024-04-02 06:27:00,1282.62,1282.92,1282.19,1282.92,624000
VN30,2024-04-02 06:28:00,1283.13,1283.13,1282.19,1282.19,870300
VN30,2024-04-02 06:29:00,1282.03,1282.35,1281.84,1282.28,605500
VN30,2024-04-02 06:30:00,1282.28,1282.28,1281.18,1281.73,459400
VN30,2024-04-02 06:31:00,1281.52,1282.15,1281.27,1282.15,535300
VN30,2024-04-02 06:32:00,1282.29,1282.56,1281.91,1281.91,422300
VN30,2024-04-02 06:33:00,1282.0,1282.42,1281.92,1281.94,794700
VN30,2024-04-02 06:34:00,1282.06,1282.39,1282.0,1282.25,794000
VN30,2024-04-02 06:35:00,1281.88,1282.28,1281.84,1281.89,744500
VN30,2024-04-02 06:36:00,1281.89,1282.39,1281.89,1282.21,285900
VN30,2024-04-02 06:37:00,1282.36,1282.48,1281.82,1282.33,539900
VN30,2024-04-02 06:38:00,1282.38,1282.41,1281.6,1281.6,652700
VN30,2024-04-02 06:39:00,1281.94,1282.06,1281.62,1281.62,1191200
VN30,2024-04-02 06:40:00,1281.86,1281.86,1281.27,1281.8,1485200
VN30,2024-04-02 06:41:00,1281.37,1282.03,1281.37,1281.89,884100
VN30,2024-04-02 06:42:00,1281.72,1282.37,1281.72,1282.22,853300
VN30,2024-04-02 06:43:00,1282.49,1282.82,1281.94,1282.79,1147300
VN30,2024-04-02 06:44:00,1282.57,1284.88,1282.57,1284.88,1706700
VN30,2024-04-02 06:45:00,1284.6,1286.59,1284.5,1286.59,3609200
VN30,2024-04-02 06:46:00,1285.96,1286.24,1285.61,1285.91,4371700
VN30,2024-04-02 06:47:00,1285.66,1286.73,1285.66,1286.46,1357600
VN30,2024-04-02 06:48:00,1286.11,1286.44,1285.88,1285.88,939900
VN30,2024-04-02 06:49:00,1286.2,1286.2,1285.63,1286.15,769200
VN30,2024-04-02 06:50:00,1285.85,1286.45,1285.85,1285.91,1760800
VN30,2024-04-02 06:51:00,1286.35,1286.69,1286.17,1286.36,1169500
VN30,2024-04-02 06:52:00,1286.53,1286.8,1286.25,1286.47,968000
VN30,2024-04-02 06:53:00,1286.55,1286.67,1286.27,1286.41,634100
VN30,2024-04-02 06:54:00,1286.27,1286.28,1285.89,1286.14,1019100
VN30,2024-04-02 06:55:00,1285.64,1286.02,1285.47,1285.89,806400
VN30,2024-04-02 06:56:00,1285.84,1286.38,1285.72,1286.13,850000
VN30,2024-04-02 06:57:00,1286.07,1286.07,1285.45,1285.61,799700
VN30,2024-04-02 06:58:00,1285.92,1285.96,1285.31,1285.66,1409400
VN30,2024-04-02 06:59:00,1285.53,1285.88,1285.29,1285.49,752900
VN30,2024-04-02 07:00:00,1285.23,1285.42,1284.79,1284.88,906600
VN30,2024-04-02 07:01:00,1284.61,1285.12,1284.12,1284.77,1234500
VN30,2024-04-02 07:02:00,1284.58,1284.94,1284.48,1284.82,834300
VN30,2024-04-02 07:03:00,1284.8,1284.8,1283.93,1283.93,1766800
VN30,2024-04-02 07:04:00,1284.02,1284.23,1283.86,1283.99,1041300
VN30,2024-04-02 07:05:00,1283.76,1283.76,1283.28,1283.72,1211100
VN30,2024-04-02 07:06:00,1283.87,1284.83,1283.16,1284.81,1264100
VN30,2024-04-02 07:07:00,1284.73,1286.45,1284.73,1285.56,2693700
VN30,2024-04-02 07:08:00,1285.39,1286.19,1285.39,1285.95,1030300
VN30,2024-04-02 07:09:00,1285.9,1285.9,1285.17,1285.24,2149800
VN30,2024-04-02 07:10:00,1285.16,1285.53,1284.65,1285.26,843100
VN30,2024-04-02 07:11:00,1285.11,1285.56,1284.92,1285.49,1178300
VN30,2024-04-02 07:12:00,1285.51,1286.82,1285.51,1286.21,1239900
VN30,2024-04-02 07:13:00,1286.37,1286.91,1286.2,1286.87,2153200
VN30,2024-04-02 07:14:00,1288.09,1288.09,1287.38,1287.42,2116400
VN30,2024-04-02 07:15:00,1287.66,1288.0,1286.98,1287.4,1823000
VN30,2024-04-02 07:16:00,1287.55,1288.03,1287.32,1288.03,1963100
VN30,2024-04-02 07:17:00,1287.96,1288.43,1287.7,1287.7,1475800
VN30,2024-04-02 07:18:00,1288.14,1288.52,1287.96,1288.26,1342700
VN30,2024-04-02 07:19:00,1288.45,1288.63,1287.86,1288.51,1178600
VN30,2024-04-02 07:20:00,1288.58,1289.22,1288.56,1289.04,1513200
VN30,2024-04-02 07:21:00,1289.07,1289.2,1288.9,1288.97,1920700
VN30,2024-04-02 07:22:00,1288.8,1289.42,1288.8,1289.42,1425000
VN30,2024-04-02 07:23:00,1289.08,1289.75,1289.08,1289.12,1303200
VN30,2024-04-02 07:24:00,1289.38,1290.2,1289.38,1289.66,1865800
VN30,2024-04-02 07:25:00,1289.89,1289.92,1289.41,1289.67,1637100
VN30,2024-04-02 07:26:00,1290.0,1290.51,1289.78,1290.05,2078000
VN30,2024-04-02 07:27:00,1290.24,1290.73,1290.13,1290.47,1988300
VN30,2024-04-02 07:28:00,1290.55,1290.74,1290.15,1290.32,2694100
VN30,2024-04-02 07:29:00,1290.67,1290.67,1290.21,1290.64,3859300
VN30,2024-04-02 07:30:00,1290.51,1290.51,1290.51,1290.51,78800
VN30,2024-04-02 07:45:00,1292.3,1292.3,1292.3,1292.3,16967578
VN30,2024-04-03 02:15:00,1287.64,1290.6,1287.52,1290.6,6581300
VN30,2024-04-03 02:16:00,1290.55,1290.8,1286.46,1286.46,1220604
VN30,2024-04-03 02:17:00,1287.02,1287.43,1286.2,1286.51,892300
VN30,2024-04-03 02:18:00,1286.65,1286.85,1285.83,1285.87,1171500
VN30,2024-04-03 02:19:00,1286.22,1286.22,1284.31,1284.56,978500
VN30,2024-04-03 02:20:00,1284.96,1284.96,1284.1,1284.11,772700
VN30,2024-04-03 02:21:00,1284.55,1284.55,1283.63,1284.13,1277000
VN30,2024-04-03 02:22:00,1284.21,1284.43,1283.8,1284.43,903700
VN30,2024-04-03 02:23:00,1284.43,1285.0,1284.43,1284.6,792600
VN30,2024-04-03 02:24:00,1284.75,1285.56,1284.75,1285.16,1328200
VN30,2024-04-03 02:25:00,1285.12,1286.0,1284.91,1286.0,1117900
VN30,2024-04-03 02:26:00,1285.88,1286.4,1285.73,1286.12,941400
VN30,2024-04-03 02:27:00,1286.11,1286.11,1285.28,1285.36,1313200
VN30,2024-04-03 02:28:00,1284.86,1285.23,1284.75,1284.75,1005800
VN30,2024-04-03 02:29:00,1284.82,1285.48,1284.67,1285.48,1326300
VN30,2024-04-03 02:30:00,1285.33,1286.08,1285.32,1286.08,1013801
VN30,2024-04-03 02:31:00,1285.96,1286.52,1285.67,1286.52,1183400
VN30,2024-04-03 02:32:00,1286.27,1286.79,1285.88,1286.4,1096000
VN30,2024-04-03 02:33:00,1286.37,1287.19,1286.37,1287.19,952900
VN30,2024-04-03 02:34:00,1287.24,1287.51,1286.46,1287.17,1371400
VN30,2024-04-03 02:35:00,1287.07,1287.58,1286.74,1287.58,1129600
VN30,2024-04-03 02:36:00,1287.61,1288.3,1287.54,1288.3,1105700
VN30,2024-04-03 02:37:00,1287.18,1288.48,1287.18,1288.36,1112700
VN30,2024-04-03 02:38:00,1288.48,1288.62,1288.07,1288.14,980200
VN30,2024-04-03 02:39:00,1288.03,1288.03,1286.61,1286.92,1010600
VN30,2024-04-03 02:40:00,1287.24,1287.61,1286.73,1286.73,664000
VN30,2024-04-03 02:41:00,1287.06,1287.06,1286.13,1286.25,1091400
VN30,2024-04-03 02:42:00,1286.48,1286.87,1285.84,1286.2,907700
VN30,2024-04-03 02:43:00,1285.82,1285.94,1285.16,1285.16,1237800
VN30,2024-04-03 02:44:00,1285.28,1285.41,1284.59,1285.34,1296000
VN30,2024-04-03 02:45:00,1285.31,1286.11,1284.97,1286.09,622200
VN30,2024-04-03 02:46:00,1285.91,1286.02,1284.84,1285.07,550900
VN30,2024-04-03 02:47:00,1285.68,1285.68,1284.5,1284.6,672600
VN30,2024-04-03 02:48:00,1284.82,1285.22,1284.18,1285.22,661300
VN30,2024-04-03 02:49:00,1285.35,1286.07,1285.0,1286.07,470900
VN30,2024-04-03 02:50:00,1286.21,1286.93,1286.21,1286.93,496000
VN30,2024-04-03 02:51:00,1286.66,1287.05,1286.57,1287.05,411500
VN30,2024-04-03 02:52:00,1287.02,1287.5,1287.01,1287.26,479700
VN30,2024-04-03 02:53:00,1287.25,1287.45,1286.97,1286.99,460500
VN30,2024-04-03 02:54:00,1287.3,1287.63,1286.52,1286.52,796200
VN30,2024-04-03 02:55:00,1286.85,1286.93,1286.24,1286.48,1784000
VN30,2024-04-03 02:56:00,1286.39,1286.73,1285.94,1286.73,732400
VN30,2024-04-03 02:57:00,1286.32,1287.49,1286.32,1287.49,781300
VN30,2024-04-03 02:58:00,1287.3,1287.85,1287.3,1287.67,1989000
VN30,2024-04-03 02:59:00,1287.6,1288.24,1287.6,1288.05,1520300
VN30,2024-04-03 03:00:00,1287.91,1287.91,1286.66,1287.25,1516100
VN30,2024-04-03 03:01:00,1286.92,1287.74,1286.65,1286.8,745300
VN30,2024-04-03 03:02:00,1287.02,1287.92,1287.02,1287.75,779000
VN30,2024-04-03 03:03:00,1287.72,1288.3,1287.45,1288.3,1592100
VN30,2024-04-03 03:04:00,1288.24,1288.31,1287.72,1288.01,749000
VN30,2024-04-03 03:05:00,1288.52,1288.99,1288.51,1288.87,1202800
VN30,2024-04-03 03:06:00,1288.86,1289.17,1288.8,1289.13,809000
VN30,2024-04-03 03:07:00,1289.13,1289.86,1288.96,1289.86,688500
VN30,2024-04-03 03:08:00,1289.86,1290.49,1289.63,1290.34,740300
VN30,2024-04-03 03:09:00,1290.5,1290.84,1289.79,1289.79,699200
VN30,2024-04-03 03:10:00,1289.87,1289.97,1288.92,1288.92,1214800
VN30,2024-04-03 03:11:00,1288.72,1289.28,1288.68,1289.06,611000
VN30,2024-04-03 03:12:00,1289.19,1289.99,1289.19,1289.33,1108700
VN30,2024-04-03 03:13:00,1289.38,1289.61,1289.27,1289.33,563000
VN30,2024-04-03 03:14:00,1289.27,1289.55,1289.19,1289.33,336000
VN30,2024-04-03 03:15:00,1289.27,1289.65,1289.06,1289.42,1410300
VN30,2024-04-03 03:16:00,1289.55,1289.77,1289.22,1289.22,1363200
VN30,2024-04-03 03:17:00,1289.21,1289.23,1288.07,1288.32,1665100
VN30,2024-04-03 03:18:00,1288.59,1288.59,1287.97,1288.47,734500
VN30,2024-04-03 03:19:00,1288.57,1288.82,1288.36,1288.82,1273800
VN30,2024-04-03 03:20:00,1288.76,1289.0,1288.48,1289.0,462700
VN30,2024-04-03 03:21:00,1288.08,1288.76,1287.6,1287.75,966700
VN30,2024-04-03 03:22:00,1287.93,1288.23,1287.54,1288.0,1846800
VN30,2024-04-03 03:23:00,1287.95,1287.95,1287.36,1287.56,1303500
VN30,2024-04-03 03:24:00,1287.72,1287.95,1287.53,1287.72,1354745
VN30,2024-04-03 03:25:00,1287.72,1287.94,1287.72,1287.94,588800
VN30,2024-04-03 03:26:00,1287.64,1287.64,1287.32,1287.36,1990000
VN30,2024-04-03 03:27:00,1287.43,1287.48,1286.43,1287.16,1119400
VN30,2024-04-03 03:28:00,1287.1,1287.38,1285.89,1286.76,2513700
VN30,2024-04-03 03:29:00,1286.76,1287.56,1286.76,1287.56,2174000
VN30,2024-04-03 03:30:00,1287.34,1287.87,1286.43,1286.43,2326500
VN30,2024-04-03 03:31:00,1286.0,1286.72,1285.95,1285.95,790000
VN30,2024-04-03 03:32:00,1286.49,1286.59,1285.42,1285.42,2328400
VN30,2024-04-03 03:33:00,1285.45,1286.84,1285.45,1286.76,325500
VN30,2024-04-03 03:34:00,1286.85,1286.92,1286.61,1286.61,2220900
VN30,2024-04-03 03:35:00,1286.95,1287.26,1286.77,1287.26,285800
VN30,2024-04-03 03:36:00,1287.3,1287.58,1286.9,1287.11,676300
VN30,2024-04-03 03:37:00,1286.95,1287.46,1286.89,1287.29,417500
VN30,2024-04-03 03:38:00,1287.04,1287.56,1286.93,1287.56,288000
VN30,2024-04-03 03:39:00,1287.44,1287.53,1287.09,1287.09,767500
VN30,2024-04-03 03:40:00,1286.95,1287.49,1286.56,1287.49,833400
VN30,2024-04-03 03:41:00,1287.73,1287.73,1286.74,1286.74,859200
VN30,2024-04-03 03:42:00,1286.4,1286.44,1286.23,1286.44,509900
VN30,2024-04-03 03:43:00,1286.46,1286.76,1286.28,1286.57,667600
VN30,2024-04-03 03:44:00,1286.55,1286.83,1285.27,1285.5,616000
VN30,2024-04-03 03:45:00,1285.91,1286.4,1285.91,1285.96,763600
VN30,2024-04-03 03:46:00,1285.78,1285.79,1284.53,1284.75,1616000
VN30,2024-04-03 03:47:00,1284.49,1284.97,1284.26,1284.71,550700
VN30,2024-04-03 03:48:00,1284.22,1284.78,1284.15,1284.53,700800
VN30,2024-04-03 03:49:00,1284.11,1284.31,1283.98,1284.16,755200
VN30,2024-04-03 03:50:00,1284.15,1284.56,1283.88,1283.88,544000
VN30,2024-04-03 03:51:00,1283.72,1284.58,1283.7,1283.79,1385400
VN30,2024-04-03 03:52:00,1283.84,1283.97,1283.4,1283.92,1723900
VN30,2024-04-03 03:53:00,1283.86,1284.34,1283.69,1283.92,658900
VN30,2024-04-03 03:54:00,1283.98,1284.75,1283.98,1284.41,803900
VN30,2024-04-03 03:55:00,1284.18,1284.72,1284.11,1284.47,708700
VN30,2024-04-03 03:56:00,1284.3,1284.38,1283.85,1283.85,416500
VN30,2024-04-03 03:57:00,1283.86,1284.54,1283.86,1284.02,317000
VN30,2024-04-03 03:58:00,1283.82,1284.37,1283.8,1284.24,413400
VN30,2024-04-03 03:59:00,1284.1,1284.1,1283.68,1283.89,929200
VN30,2024-04-03 04:00:00,1283.32,1284.14,1282.98,1283.29,599600
VN30,2024-04-03 04:01:00,1283.0,1283.43,1282.49,1282.99,1334300
VN30,2024-04-03 04:02:00,1282.82,1283.27,1282.21,1282.63,877800
VN30,2024-04-03 04:03:00,1282.62,1282.71,1282.09,1282.45,544600
VN30,2024-04-03 04:04:00,1282.68,1283.05,1282.14,1282.81,1102200
VN30,2024-04-03 04:05:00,1282.57,1282.72,1282.01,1282.47,705800
VN30,2024-04-03 04:06:00,1282.07,1282.26,1281.66,1281.83,1898400
VN30,2024-04-03 04:07:00,1281.94,1281.94,1280.64,1281.04,2191700
VN30,2024-04-03 04:08:00,1281.18,1281.44,1280.34,1280.71,2149700
VN30,2024-04-03 04:09:00,1280.62,1280.9,1280.56,1280.56,1115100
VN30,2024-04-03 04:10:00,1280.45,1281.02,1280.36,1280.83,907900
VN30,2024-04-03 04:11:00,1280.66,1281.09,1280.61,1280.68,966200
VN30,2024-04-03 04:12:00,1280.99,1281.57,1280.99,1281.52,660500
VN30,2024-04-03 04:13:00,1281.56,1281.78,1281.15,1281.78,463600
VN30,2024-04-03 04:14:00,1281.61,1281.95,1281.37,1281.95,1096800
VN30,2024-04-03 04:15:00,1281.82,1282.26,1281.59,1282.26,561101
VN30,2024-04-03 04:16:00,1281.9,1282.18,1281.47,1281.47,711500
VN30,2024-04-03 04:17:00,1281.71,1281.71,1280.67,1281.39,606200
VN30,2024-04-03 04:18:00,1281.77,1282.0,1281.4,1281.4,1138600
VN30,2024-04-03 04:19:00,1281.54,1281.63,1281.33,1281.33,470300
VN30,2024-04-03 04:20:00,1281.34,1281.51,1281.11,1281.11,764000
VN30,2024-04-03 04:21:00,1280.69,1281.5,1280.69,1281.15,511800
VN30,2024-04-03 04:22:00,1281.12,1281.6,1280.9,1281.6,743400
VN30,2024-04-03 04:23:00,1281.61,1281.75,1281.21,1281.41,471700
VN30,2024-04-03 04:24:00,1281.62,1281.8,1281.53,1281.56,329300
VN30,2024-04-03 04:25:00,1281.48,1281.72,1281.19,1281.57,330000
VN30,2024-04-03 04:26:00,1281.69,1281.78,1281.51,1281.78,476000
VN30,2024-04-03 04:27:00,1281.62,1282.11,1281.61,1282.11,249900
VN30,2024-04-03 04:28:00,1281.98,1282.04,1281.62,1281.62,517600
VN30,2024-04-03 04:29:00,1281.45,1282.19,1281.41,1282.19,783400
VN30,2024-04-03 04:30:00,1282.3,1282.3,1282.3,1282.3,5600
VN30,2024-04-03 06:00:00,1281.8,1282.13,1281.39,1281.88,3020100
VN30,2024-04-03 06:01:00,1281.72,1281.72,1280.66,1280.68,407700
VN30,2024-04-03 06:02:00,1280.85,1280.85,1280.24,1280.46,675200
VN30,2024-04-03 06:03:00,1280.35,1280.74,1280.35,1280.73,964300
VN30,2024-04-03 06:04:00,1280.81,1281.11,1280.19,1280.25,901700
VN30,2024-04-03 06:05:00,1280.21,1280.87,1280.21,1280.29,434600
VN30,2024-04-03 06:06:00,1280.15,1280.96,1280.12,1280.5,608600
VN30,2024-04-03 06:07:00,1280.34,1280.91,1280.23,1280.23,689600
VN30,2024-04-03 06:08:00,1280.33,1280.77,1280.28,1280.71,531700
VN30,2024-04-03 06:09:00,1280.5,1281.14,1280.5,1281.14,861400
VN30,2024-04-03 06:10:00,1281.27,1281.51,1281.13,1281.34,581200
VN30,2024-04-03 06:11:00,1281.37,1282.29,1281.37,1282.22,845600
VN30,2024-04-03 06:12:00,1282.23,1282.66,1281.75,1281.75,2373100
VN30,2024-04-03 06:13:00,1281.43,1281.92,1281.11,1281.55,959200
VN30,2024-04-03 06:14:00,1280.93,1281.71,1280.57,1280.92,1124500
VN30,2024-04-03 06:15:00,1280.79,1281.84,1280.79,1281.73,740600
VN30,2024-04-03 06:16:00,1281.5,1282.01,1281.5,1281.62,1899000
VN30,2024-04-03 06:17:00,1281.78,1282.05,1280.86,1281.38,874200
VN30,2024-04-03 06:18:00,1281.52,1281.93,1280.35,1280.99,967800
VN30,2024-04-03 06:19:00,1280.64,1281.2,1279.7,1279.7,1281000
VN30,2024-04-03 06:20:00,1279.77,1280.24,1279.22,1280.11,1761200
VN30,2024-04-03 06:21:00,1279.84,1280.51,1279.84,1280.42,1894500
VN30,2024-04-03 06:22:00,1280.31,1280.85,1280.1,1280.85,2129000
VN30,2024-04-03 06:23:00,1280.88,1281.18,1280.69,1281.06,1122400
VN30,2024-04-03 06:24:00,1281.38,1281.42,1281.16,1281.22,747500
VN30,2024-04-03 06:25:00,1281.16,1281.66,1280.98,1281.49,849600
VN30,2024-04-03 06:26:00,1281.5,1281.57,1281.22,1281.41,889100
VN30,2024-04-03 06:27:00,1281.57,1281.74,1281.34,1281.74,1008500
VN30,2024-04-03 06:28:00,1281.9,1282.5,1281.64,1282.33,1012700
VN30,2024-04-03 06:29:00,1282.06,1282.47,1281.88,1282.44,694200
VN30,2024-04-03 06:30:00,1282.51,1283.27,1282.51,1282.81,869100
VN30,2024-04-03 06:31:00,1282.81,1282.91,1282.43,1282.56,715900
VN30,2024-04-03 06:32:00,1282.78,1283.11,1282.23,1282.65,613700
VN30,2024-04-03 06:33:00,1282.42,1282.61,1281.51,1281.91,548900
VN30,2024-04-03 06:34:00,1282.22,1282.91,1281.91,1282.7,475300
VN30,2024-04-03 06:35:00,1282.58,1282.74,1282.2,1282.65,1275600
VN30,2024-04-03 06:36:00,1282.83,1283.25,1282.5,1282.97,459700
VN30,2024-04-03 06:37:00,1282.99,1283.47,1282.8,1283.03,1445400
VN30,2024-04-03 06:38:00,1282.96,1283.83,1282.96,1283.73,459600
VN30,2024-04-03 06:39:00,1284.07,1284.07,1282.33,1282.33,1029200
VN30,2024-04-03 06:40:00,1282.66,1283.63,1282.66,1283.36,1442100
VN30,2024-04-03 06:41:00,1283.45,1284.15,1283.11,1283.94,628500
VN30,2024-04-03 06:42:00,1283.87,1284.03,1283.53,1284.03,564700
VN30,2024-04-03 06:43:00,1283.79,1284.47,1283.79,1284.26,1137400
VN30,2024-04-03 06:44:00,1284.56,1284.89,1284.26,1284.89,1054900
VN30,2024-04-03 06:45:00,1284.88,1285.48,1284.69,1285.48,957900
VN30,2024-04-03 06:46:00,1284.94,1285.65,1284.73,1285.61,865600
VN30,2024-04-03 06:47:00,1285.5,1285.71,1285.13,1285.13,725200
VN30,2024-04-03 06:48:00,1285.34,1285.34,1284.64,1285.14,759800
VN30,2024-04-03 06:49:00,1285.04,1285.04,1284.44,1284.77,648600
VN30,2024-04-03 06:50:00,1284.25,1284.36,1283.47,1284.11,1481000
VN30,2024-04-03 06:51:00,1283.99,1284.18,1283.55,1283.68,721500
VN30,2024-04-03 06:52:00,1283.84,1283.89,1283.54,1283.74,487400
VN30,2024-04-03 06:53:00,1283.83,1283.85,1282.54,1283.76,1067000
VN30,2024-04-03 06:54:00,1283.54,1283.65,1283.26,1283.35,761400
VN30,2024-04-03 06:55:00,1283.35,1283.59,1282.67,1282.71,729400
VN30,2024-04-03 06:56:00,1282.6,1282.9,1282.33,1282.54,1153600
VN30,2024-04-03 06:57:00,1281.74,1282.4,1281.42,1281.83,1451700
VN30,2024-04-03 06:58:00,1281.87,1282.2,1281.65,1281.8,841600
VN30,2024-04-03 06:59:00,1281.86,1282.07,1281.48,1281.48,2582200
VN30,2024-04-03 07:00:00,1281.48,1281.56,1280.09,1281.45,1382400
VN30,2024-04-03 07:01:00,1281.49,1281.52,1280.3,1281.15,1545700
VN30,2024-04-03 07:02:00,1281.33,1281.33,1280.71,1280.98,860600
VN30,2024-04-03 07:03:00,1280.72,1281.48,1280.55,1280.65,514000
VN30,2024-04-03 07:04:00,1280.32,1281.01,1280.24,1280.99,1116400
VN30,2024-04-03 07:05:00,1280.69,1281.49,1280.69,1280.93,811300
VN30,2024-04-03 07:06:00,1281.05,1281.54,1281.05,1281.19,642400
VN30,2024-04-03 07:07:00,1281.38,1281.69,1281.24,1281.69,3702000
VN30,2024-04-03 07:08:00,1281.6,1281.86,1281.41,1281.41,848400
VN30,2024-04-03 07:09:00,1281.58,1282.07,1281.58,1281.9,852600
VN30,2024-04-03 07:10:00,1282.57,1282.57,1282.24,1282.45,893700
VN30,2024-04-03 07:11:00,1282.35,1282.75,1282.15,1282.64,664900
VN30,2024-04-03 07:12:00,1282.64,1282.71,1282.28,1282.69,839300
VN30,2024-04-03 07:13:00,1282.64,1283.32,1281.94,1283.18,1285400
VN30,2024-04-03 07:14:00,1283.59,1283.95,1283.17,1283.75,1347300
VN30,2024-04-03 07:15:00,1283.94,1284.02,1283.51,1283.65,1441600
VN30,2024-04-03 07:16:00,1283.67,1283.75,1282.34,1282.34,2080400
VN30,2024-04-03 07:17:00,1281.91,1281.91,1279.79,1279.79,3168700
VN30,2024-04-03 07:18:00,1279.6,1279.75,1278.73,1279.24,3894200
VN30,2024-04-03 07:19:00,1278.55,1279.16,1276.9,1276.9,4463100
VN30,2024-04-03 07:20:00,1276.96,1276.98,1275.98,1276.26,6497900
VN30,2024-04-03 07:21:00,1276.0,1276.05,1275.07,1275.07,3563200
VN30,2024-04-03 07:22:00,1274.21,1275.13,1274.07,1274.12,5787800
VN30,2024-04-03 07:23:00,1273.56,1274.15,1273.15,1273.82,4312700
VN30,2024-04-03 07:24:00,1274.08,1275.12,1274.08,1274.94,2988800
VN30,2024-04-03 07:25:00,1274.98,1275.74,1274.15,1275.28,2377800
VN30,2024-04-03 07:26:00,1275.49,1276.78,1275.49,1275.76,2547300
VN30,2024-04-03 07:27:00,1276.32,1277.96,1275.77,1277.96,2170300
VN30,2024-04-03 07:28:00,1278.01,1278.07,1276.64,1277.13,1561400
VN30,2024-04-03 07:29:00,1277.33,1277.94,1276.92,1277.24,2326600
VN30,2024-04-03 07:30:00,1277.47,1277.47,1277.47,1277.47,108200
VN30,2024-04-03 07:45:00,1274.27,1274.27,1274.27,1274.27,31007200
VN30,2024-04-04 02:15:00,1274.22,1274.22,1273.0,1273.08,4011300
VN30,2024-04-04 02:16:00,1273.25,1276.35,1273.17,1276.35,1234001
VN30,2024-04-04 02:17:00,1276.26,1278.36,1275.91,1278.36,1424700
VN30,2024-04-04 02:18:00,1277.87,1278.67,1277.87,1278.16,970800
VN30,2024-04-04 02:19:00,1278.28,1278.28,1277.36,1277.38,1089600
VN30,2024-04-04 02:20:00,1277.62,1277.62,1276.08,1276.08,1023600
VN30,2024-04-04 02:21:00,1276.55,1276.55,1275.28,1275.73,1636400
VN30,2024-04-04 02:22:00,1275.54,1275.54,1274.73,1274.78,1422600
VN30,2024-04-04 02:23:00,1274.97,1275.24,1274.34,1274.49,1385600
VN30,2024-04-04 02:24:00,1274.13,1274.26,1273.48,1273.48,1238900
VN30,2024-04-04 02:25:00,1273.23,1274.35,1273.15,1273.53,1701800
VN30,2024-04-04 02:26:00,1273.88,1274.05,1273.42,1273.69,1327100
VN30,2024-04-04 02:27:00,1273.5,1273.93,1273.31,1273.47,1404900
VN30,2024-04-04 02:28:00,1273.4,1274.56,1273.36,1274.56,1621900
VN30,2024-04-04 02:29:00,1274.76,1275.81,1274.73,1275.81,1896500
VN30,2024-04-04 02:30:00,1275.71,1276.3,1275.4,1276.2,1518800
VN30,2024-04-04 02:31:00,1276.22,1277.76,1276.22,1277.76,1851300
VN30,2024-04-04 02:32:00,1277.56,1277.87,1277.34,1277.79,842800
VN30,2024-04-04 02:33:00,1277.43,1277.76,1277.28,1277.52,807300
VN30,2024-04-04 02:34:00,1277.41,1277.82,1277.41,1277.59,504100
VN30,2024-04-04 02:35:00,1277.76,1278.1,1277.6,1277.85,554500
VN30,2024-04-04 02:36:00,1277.79,1278.11,1277.59,1277.78,851400
VN30,2024-04-04 02:37:00,1277.88,1277.88,1277.17,1277.17,717700
VN30,2024-04-04 02:38:00,1277.22,1277.33,1276.74,1276.89,1574900
VN30,2024-04-04 02:39:00,1277.23,1277.23,1276.65,1276.65,393600
VN30,2024-04-04 02:40:00,1276.67,1276.98,1275.69,1275.69,595200
VN30,2024-04-04 02:41:00,1275.39,1276.67,1275.39,1276.46,969600
VN30,2024-04-04 02:42:00,1276.32,1276.38,1276.03,1276.03,639400
VN30,2024-04-04 02:43:00,1275.85,1276.44,1275.6,1276.44,868000
VN30,2024-04-04 02:44:00,1276.14,1276.5,1276.12,1276.46,643800
VN30,2024-04-04 02:45:00,1276.41,1276.59,1276.27,1276.59,920200
VN30,2024-04-04 02:46:00,1276.48,1276.48,1276.11,1276.12,642800
VN30,2024-04-04 02:47:00,1276.06,1276.24,1275.93,1276.05,481200
VN30,2024-04-04 02:48:00,1276.14,1276.31,1275.89,1276.03,507600
VN30,2024-04-04 02:49:00,1276.17,1276.19,1275.56,1275.76,833100
VN30,2024-04-04 02:50:00,1275.83,1275.92,1275.63,1275.63,684800
VN30,2024-04-04 02:51:00,1275.48,1275.97,1275.48,1275.72,498500
VN30,2024-04-04 02:52:00,1275.76,1275.95,1275.63,1275.88,367600
VN30,2024-04-04 02:53:00,1275.92,1275.92,1275.29,1275.45,916800
VN30,2024-04-04 02:54:00,1275.59,1275.59,1275.25,1275.43,675700
VN30,2024-04-04 02:55:00,1275.54,1275.57,1275.36,1275.4,1174100
VN30,2024-04-04 02:56:00,1275.23,1275.56,1275.17,1275.21,1202000
VN30,2024-04-04 02:57:00,1275.31,1275.76,1275.26,1275.59,524600
VN30,2024-04-04 02:58:00,1275.58,1275.98,1275.36,1275.98,682700
VN30,2024-04-04 02:59:00,1275.93,1276.05,1275.62,1275.98,467100
VN30,2024-04-04 03:00:00,1275.84,1275.99,1275.76,1275.87,542001
VN30,2024-04-04 03:01:00,1275.74,1276.17,1275.74,1276.11,678300
VN30,2024-04-04 03:02:00,1275.86,1275.98,1275.62,1275.98,935900
VN30,2024-04-04 03:03:00,1275.94,1276.08,1275.69,1275.78,373700
VN30,2024-04-04 03:04:00,1275.73,1276.62,1275.73,1276.62,2083400
VN30,2024-04-04 03:05:00,1276.5,1277.02,1276.14,1277.01,650100
VN30,2024-04-04 03:06:00,1276.87,1276.87,1276.35,1276.44,688100
VN30,2024-04-04 03:07:00,1276.5,1277.62,1276.5,1277.12,679200
VN30,2024-04-04 03:08:00,1277.17,1277.71,1277.03,1277.37,991200
VN30,2024-04-04 03:09:00,1277.23,1277.66,1277.05,1277.66,630000
VN30,2024-04-04 03:10:00,1277.52,1277.7,1277.07,1277.43,351000
VN30,2024-04-04 03:11:00,1277.51,1278.0,1277.31,1278.0,545100
VN30,2024-04-04 03:12:00,1277.7,1278.06,1277.7,1277.82,416900
VN30,2024-04-04 03:13:00,1277.76,1278.03,1277.75,1277.83,257600
VN30,2024-04-04 03:14:00,1277.94,1278.35,1277.8,1277.8,369400
VN30,2024-04-04 03:15:00,1277.72,1278.29,1277.72,1278.05,560200
VN30,2024-04-04 03:16:00,1278.0,1278.24,1277.91,1277.97,449100
VN30,2024-04-04 03:17:00,1278.03,1278.13,1277.96,1278.02,437900
VN30,2024-04-04 03:18:00,1277.97,1277.97,1277.57,1277.66,772400
VN30,2024-04-04 03:19:00,1277.45,1277.83,1277.45,1277.82,420900
VN30,2024-04-04 03:20:00,1277.53,1277.61,1276.71,1276.71,433200
VN30,2024-04-04 03:21:00,1276.94,1277.22,1276.56,1277.22,448200
VN30,2024-04-04 03:22:00,1277.11,1277.12,1276.74,1277.01,668200
VN30,2024-04-04 03:23:00,1276.84,1277.09,1276.77,1277.09,2197100
VN30,2024-04-04 03:24:00,1277.09,1277.34,1276.86,1277.23,458100
VN30,2024-04-04 03:25:00,1277.32,1277.49,1276.98,1277.11,640800
VN30,2024-04-04 03:26:00,1277.26,1277.53,1277.0,1277.24,866800
VN30,2024-04-04 03:27:00,1277.38,1277.53,1277.13,1277.41,720000
VN30,2024-04-04 03:28:00,1277.41,1277.45,1277.06,1277.14,527100
VN30,2024-04-04 03:29:00,1277.32,1277.32,1276.81,1276.89,651300
VN30,2024-04-04 03:30:00,1276.92,1276.92,1276.22,1276.25,1451200
VN30,2024-04-04 03:31:00,1276.36,1276.48,1275.78,1275.78,1498500
VN30,2024-04-04 03:32:00,1275.78,1275.78,1275.28,1275.34,1164500
VN30,2024-04-04 03:33:00,1275.25,1275.45,1275.02,1275.13,740700
VN30,2024-04-04 03:34:00,1275.11,1275.15,1274.6,1274.66,1460900
VN30,2024-04-04 03:35:00,1274.68,1274.9,1274.18,1274.18,1383300
VN30,2024-04-04 03:36:00,1274.34,1274.34,1273.5,1273.5,2518300
VN30,2024-04-04 03:37:00,1273.49,1274.84,1273.3,1273.69,1654200
VN30,2024-04-04 03:38:00,1273.48,1274.78,1273.48,1274.61,1721600
VN30,2024-04-04 03:39:00,1274.55,1274.86,1274.43,1274.63,759500
VN30,2024-04-04 03:40:00,1274.67,1274.83,1274.55,1274.83,969300
VN30,2024-04-04 03:41:00,1274.69,1274.73,1274.3,1274.38,948000
VN30,2024-04-04 03:42:00,1274.24,1274.54,1274.17,1274.17,660000
VN30,2024-04-04 03:43:00,1273.99,1274.33,1273.97,1274.33,575600
VN30,2024-04-04 03:44:00,1274.54,1274.74,1274.3,1274.31,526800
VN30,2024-04-04 03:45:00,1274.31,1274.31,1273.37,1273.51,675200
VN30,2024-04-04 03:46:00,1273.48,1273.58,1273.06,1273.06,932100
VN30,2024-04-04 03:47:00,1273.09,1273.44,1272.83,1272.88,1272700
VN30,2024-04-04 03:48:00,1273.05,1273.05,1272.49,1272.71,720300
VN30,2024-04-04 03:49:00,1272.17,1273.25,1272.13,1272.81,2108300
VN30,2024-04-04 03:50:00,1272.98,1273.08,1272.38,1272.55,1509000
VN30,2024-04-04 03:51:00,1272.69,1272.84,1272.32,1272.46,1474700
VN30,2024-04-04 03:52:00,1272.34,1272.63,1272.05,1272.11,1329100
VN30,2024-04-04 03:53:00,1272.93,1272.93,1271.85,1272.65,1872300
VN30,2024-04-04 03:54:00,1272.44,1272.44,1271.76,1271.76,2337200
VN30,2024-04-04 03:55:00,1271.76,1271.76,1270.86,1270.96,2034300
VN30,2024-04-04 03:56:00,1270.65,1271.4,1270.19,1270.52,1772200
VN30,2024-04-04 03:57:00,1270.52,1271.54,1270.52,1271.43,1567000
VN30,2024-04-04 03:58:00,1271.33,1271.67,1270.55,1270.55,1465600
VN30,2024-04-04 03:59:00,1270.86,1272.35,1270.86,1272.35,2205400
VN30,2024-04-04 04:00:00,1272.23,1272.34,1271.9,1271.92,1160600
VN30,2024-04-04 04:01:00,1271.76,1271.93,1271.58,1271.69,722200
VN30,2024-04-04 04:02:00,1271.6,1272.25,1271.35,1271.97,330200
VN30,2024-04-04 04:03:00,1271.83,1271.96,1271.3,1271.3,709400
VN30,2024-04-04 04:04:00,1271.21,1271.6,1271.1,1271.3,552200
VN30,2024-04-04 04:05:00,1271.23,1271.91,1271.23,1271.52,637200
VN30,2024-04-04 04:06:00,1271.69,1271.94,1271.37,1271.52,396900
VN30,2024-04-04 04:07:00,1271.37,1271.89,1271.37,1271.8,376100
VN30,2024-04-04 04:08:00,1271.72,1272.15,1271.68,1271.96,339500
VN30,2024-04-04 04:09:00,1271.96,1272.26,1271.85,1271.98,472000
VN30,2024-04-04 04:10:00,1272.21,1273.24,1271.95,1273.17,712400
VN30,2024-04-04 04:11:00,1273.14,1273.14,1272.67,1272.97,387600
VN30,2024-04-04 04:12:00,1272.81,1273.04,1272.55,1272.55,373900
VN30,2024-04-04 04:13:00,1272.55,1272.55,1272.17,1272.29,465200
VN30,2024-04-04 04:14:00,1272.34,1272.68,1272.28,1272.34,490800
VN30,2024-04-04 04:15:00,1272.18,1272.4,1271.59,1271.59,252800
VN30,2024-04-04 04:16:00,1271.43,1271.8,1271.36,1271.65,476400
VN30,2024-04-04 04:17:00,1271.65,1271.68,1271.21,1271.32,424200
VN30,2024-04-04 04:18:00,1271.33,1271.52,1271.07,1271.45,625000
VN30,2024-04-04 04:19:00,1271.39,1271.66,1271.01,1271.01,817100
VN30,2024-04-04 04:20:00,1270.92,1270.92,1270.55,1270.86,429700
VN30,2024-04-04 04:21:00,1270.63,1270.88,1270.43,1270.79,506800
VN30,2024-04-04 04:22:00,1270.61,1270.92,1270.49,1270.78,610500
VN30,2024-04-04 04:23:00,1270.62,1270.68,1270.42,1270.45,698700
VN30,2024-04-04 04:24:00,1270.45,1270.96,1270.33,1270.73,625700
VN30,2024-04-04 04:25:00,1270.64,1270.64,1269.72,1270.09,767500
VN30,2024-04-04 04:26:00,1269.98,1270.08,1269.41,1269.41,584900
VN30,2024-04-04 04:27:00,1269.53,1269.67,1269.34,1269.36,754800
VN30,2024-04-04 04:28:00,1269.44,1269.86,1269.44,1269.73,872500
VN30,2024-04-04 04:29:00,1269.54,1269.54,1269.07,1269.24,917200
VN30,2024-04-04 04:30:00,1269.17,1269.17,1269.17,1269.17,19100
VN30,2024-04-04 06:00:00,1269.08,1269.1,1267.98,1267.99,3932700
VN30,2024-04-04 06:01:00,1268.09,1268.44,1267.93,1268.06,1143600
VN30,2024-04-04 06:02:00,1267.99,1268.29,1267.56,1267.7,2097400
VN30,2024-04-04 06:03:00,1267.64,1268.18,1267.56,1267.75,1468700
VN30,2024-04-04 06:04:00,1267.85,1267.85,1267.47,1267.82,1610300
VN30,2024-04-04 06:05:00,1267.67,1268.29,1267.58,1268.29,896800
VN30,2024-04-04 06:06:00,1268.23,1268.25,1267.71,1268.25,791200
VN30,2024-04-04 06:07:00,1268.18,1269.08,1268.18,1268.74,978700
VN30,2024-04-04 06:08:00,1268.79,1268.96,1268.58,1268.83,1210700
VN30,2024-04-04 06:09:00,1268.83,1269.37,1268.79,1269.31,845700
VN30,2024-04-04 06:10:00,1269.35,1269.93,1269.3,1269.87,919400
VN30,2024-04-04 06:11:00,1269.78,1270.59,1269.78,1270.3,825400
VN30,2024-04-04 06:12:00,1270.04,1270.28,1269.81,1269.9,1512000
VN30,2024-04-04 06:13:00,1269.92,1270.23,1269.71,1270.0,713100
VN30,2024-04-04 06:14:00,1269.88,1270.12,1269.72,1270.03,878500
VN30,2024-04-04 06:15:00,1270.26,1270.33,1269.64,1270.17,757600
VN30,2024-04-04 06:16:00,1270.0,1270.19,1269.76,1269.92,2038000
VN30,2024-04-04 06:17:00,1269.86,1269.99,1269.65,1269.65,1077600
VN30,2024-04-04 06:18:00,1269.78,1269.78,1268.19,1268.19,1900800
VN30,2024-04-04 06:19:00,1268.25,1268.51,1268.08,1268.15,1912500
VN30,2024-04-04 06:20:00,1268.34,1268.66,1268.25,1268.55,1804800
VN30,2024-04-04 06:21:00,1268.1,1268.34,1267.87,1267.98,885000
VN30,2024-04-04 06:22:00,1268.18,1268.68,1267.73,1268.2,720600
VN30,2024-04-04 06:23:00,1268.08,1268.77,1268.08,1268.34,1845800
VN30,2024-04-04 06:24:00,1268.57,1268.93,1267.76,1268.88,1625000
VN30,2024-04-04 06:25:00,1268.65,1269.19,1268.65,1269.19,1349200
VN30,2024-04-04 06:26:00,1269.13,1269.48,1268.94,1269.46,1624800
VN30,2024-04-04 06:27:00,1269.72,1270.19,1269.68,1269.97,1604600
VN30,2024-04-04 06:28:00,1269.87,1270.75,1269.87,1270.56,1285900
VN30,2024-04-04 06:29:00,1270.45,1271.33,1270.45,1271.33,1127900
VN30,2024-04-04 06:30:00,1271.42,1272.17,1271.33,1271.87,1098512
VN30,2024-04-04 06:31:00,1271.85,1272.43,1271.85,1272.22,483900
VN30,2024-04-04 06:32:00,1272.02,1272.78,1272.02,1272.38,696500
VN30,2024-04-04 06:33:00,1272.3,1272.53,1271.84,1271.99,1093000
VN30,2024-04-04 06:34:00,1271.88,1271.98,1271.72,1271.8,1095100
VN30,2024-04-04 06:35:00,1271.84,1271.85,1271.37,1271.37,965300
VN30,2024-04-04 06:36:00,1271.28,1271.28,1270.81,1271.02,1545000
VN30,2024-04-04 06:37:00,1270.95,1271.01,1270.41,1270.41,1423600
VN30,2024-04-04 06:38:00,1270.43,1270.79,1270.41,1270.44,1266900
VN30,2024-04-04 06:39:00,1270.59,1270.82,1270.21,1270.69,1298400
VN30,2024-04-04 06:40:00,1270.63,1270.75,1270.58,1270.75,1534400
VN30,2024-04-04 06:41:00,1270.84,1271.19,1270.77,1270.83,796600
VN30,2024-04-04 06:42:00,1271.06,1271.42,1270.8,1270.8,1116900
VN30,2024-04-04 06:43:00,1270.71,1271.04,1270.62,1270.62,916700
VN30,2024-04-04 06:44:00,1270.66,1271.13,1270.48,1271.13,771700
VN30,2024-04-04 06:45:00,1271.37,1271.63,1270.86,1271.63,1260900
VN30,2024-04-04 06:46:00,1271.67,1272.44,1271.55,1272.44,1051200
VN30,2024-04-04 06:47:00,1272.18,1272.66,1271.96,1272.36,1160300
VN30,2024-04-04 06:48:00,1272.31,1272.88,1272.31,1272.88,771600
VN30,2024-04-04 06:49:00,1272.73,1273.22,1272.54,1273.19,842700
VN30,2024-04-04 06:50:00,1273.26,1273.58,1273.15,1273.58,666000
VN30,2024-04-04 06:51:00,1273.49,1273.9,1273.49,1273.88,1374100
VN30,2024-04-04 06:52:00,1274.0,1274.15,1273.65,1273.87,1445800
VN30,2024-04-04 06:53:00,1274.01,1274.27,1273.89,1274.27,1300300
VN30,2024-04-04 06:54:00,1274.32,1274.9,1274.29,1274.69,1102800
VN30,2024-04-04 06:55:00,1274.8,1275.04,1273.22,1273.22,1107400
VN30,2024-04-04 06:56:00,1273.68,1273.68,1271.56,1271.7,2240300
VN30,2024-04-04 06:57:00,1271.63,1272.12,1271.12,1271.2,1500000
VN30,2024-04-04 06:58:00,1271.53,1271.53,1270.4,1270.92,1620400
VN30,2024-04-04 06:59:00,1270.99,1271.5,1270.82,1271.31,1808000
VN30,2024-04-04 07:00:00,1271.53,1271.83,1271.12,1271.83,1231400
VN30,2024-04-04 07:01:00,1271.78,1272.24,1271.77,1272.13,938100
VN30,2024-04-04 07:02:00,1272.18,1272.4,1272.06,1272.06,961900
VN30,2024-04-04 07:03:00,1272.08,1272.14,1271.74,1271.93,938300
VN30,2024-04-04 07:04:00,1271.75,1272.21,1270.98,1271.03,833500
VN30,2024-04-04 07:05:00,1271.19,1271.69,1270.97,1271.69,758000
VN30,2024-04-04 07:06:00,1271.5,1271.66,1271.17,1271.48,1242500
VN30,2024-04-04 07:07:00,1271.26,1271.41,1270.95,1271.36,526400
VN30,2024-04-04 07:08:00,1271.35,1271.72,1271.24,1271.53,1208200
VN30,2024-04-04 07:09:00,1271.67,1272.63,1271.29,1272.57,1271200
VN30,2024-04-04 07:10:00,1273.27,1274.34,1273.27,1273.93,2560800
VN30,2024-04-04 07:11:00,1273.49,1273.71,1273.18,1273.37,1438600
VN30,2024-04-04 07:12:00,1273.71,1274.57,1273.6,1274.57,1038500
VN30,2024-04-04 07:13:00,1274.63,1274.63,1274.08,1274.31,643300
VN30,2024-04-04 07:14:00,1274.21,1274.68,1274.11,1274.68,836000
VN30,2024-04-04 07:15:00,1274.75,1274.91,1274.29,1274.29,1098700
VN30,2024-04-04 07:16:00,1274.4,1274.4,1273.62,1273.67,1051200
VN30,2024-04-04 07:17:00,1273.21,1273.21,1271.95,1272.21,2151500
VN30,2024-04-04 07:18:00,1272.3,1272.32,1271.15,1271.37,2275600
VN30,2024-04-04 07:19:00,1270.71,1271.05,1270.39,1270.78,2099200
VN30,2024-04-04 07:20:00,1270.83,1271.16,1270.46,1270.75,1418300
VN30,2024-04-04 07:21:00,1270.64,1271.03,1270.46,1270.74,2404000
VN30,2024-04-04 07:22:00,1270.56,1270.59,1268.64,1269.62,2193100
VN30,2024-04-04 07:23:00,1269.55,1269.55,1268.42,1269.11,5738700
VN30,2024-04-04 07:24:00,1268.87,1269.22,1268.4,1269.22,1513400
VN30,2024-04-04 07:25:00,1269.15,1269.79,1268.88,1269.78,2083700
VN30,2024-04-04 07:26:00,1269.92,1270.85,1269.88,1270.23,1611500
VN30,2024-04-04 07:27:00,1270.29,1270.62,1269.86,1270.39,1323100
VN30,2024-04-04 07:28:00,1270.4,1270.56,1269.6,1270.32,1257600
VN30,2024-04-04 07:29:00,1270.19,1270.51,1269.64,1269.64,1368800
VN30,2024-04-04 07:30:00,1269.58,1269.58,1269.58,1269.58,70600
VN30,2024-04-04 07:45:00,1267.65,1267.65,1267.65,1267.65,18739900
VN30,2024-04-05 02:15:00,1258.11,1258.37,1256.49,1256.74,7419300
VN30,2024-04-05 02:16:00,1256.27,1256.28,1254.65,1254.8,3355300
VN30,2024-04-05 02:17:00,1254.49,1254.53,1252.54,1252.54,2665200
VN30,2024-04-05 02:18:00,1252.78,1252.8,1252.01,1252.01,2976800
VN30,2024-04-05 02:19:00,1251.84,1252.9,1251.84,1252.81,1971300
VN30,2024-04-05 02:20:00,1253.47,1254.49,1253.06,1254.49,1640900
VN30,2024-04-05 02:21:00,1254.24,1255.85,1254.1,1255.7,1969600
VN30,2024-04-05 02:22:00,1256.02,1257.71,1255.72,1257.71,1307900
VN30,2024-04-05 02:23:00,1257.88,1258.55,1257.29,1258.43,1672100
VN30,2024-04-05 02:24:00,1258.32,1259.03,1258.32,1258.92,1346800
VN30,2024-04-05 02:25:00,1258.7,1258.79,1257.71,1258.79,1100044
VN30,2024-04-05 02:26:00,1258.77,1258.79,1258.16,1258.59,1086900
VN30,2024-04-05 02:27:00,1258.63,1259.08,1258.46,1258.8,1280700
VN30,2024-04-05 02:28:00,1258.97,1259.1,1258.66,1258.75,1170700
VN30,2024-04-05 02:29:00,1259.04,1259.25,1258.42,1258.42,1138600
VN30,2024-04-05 02:30:00,1258.81,1258.81,1256.2,1257.2,1709000
VN30,2024-04-05 02:31:00,1257.02,1257.21,1256.4,1256.4,1032100
VN30,2024-04-05 02:32:00,1256.56,1256.7,1255.91,1255.91,1792500
VN30,2024-04-05 02:33:00,1256.09,1256.26,1255.53,1255.7,927600
VN30,2024-04-05 02:34:00,1255.11,1256.09,1255.11,1255.78,1467000
VN30,2024-04-05 02:35:00,1255.64,1255.71,1255.32,1255.63,958100
VN30,2024-04-05 02:36:00,1255.69,1255.75,1255.34,1255.34,1034500
VN30,2024-04-05 02:37:00,1255.31,1255.49,1255.05,1255.41,1233500
VN30,2024-04-05 02:38:00,1255.5,1255.84,1254.93,1255.84,1052100
VN30,2024-04-05 02:39:00,1255.83,1255.83,1255.14,1255.23,856200
VN30,2024-04-05 02:40:00,1255.23,1255.71,1255.05,1255.63,957100
VN30,2024-04-05 02:41:00,1255.63,1255.63,1255.15,1255.51,604000
VN30,2024-04-05 02:42:00,1255.59,1256.44,1255.26,1256.2,739400
VN30,2024-04-05 02:43:00,1256.09,1256.77,1256.09,1256.53,816100
VN30,2024-04-05 02:44:00,1256.79,1256.96,1256.23,1256.5,671200
VN30,2024-04-05 02:45:00,1256.5,1257.21,1256.5,1257.15,865700
VN30,2024-04-05 02:46:00,1257.38,1257.69,1257.18,1257.69,428800
VN30,2024-04-05 02:47:00,1257.69,1257.93,1257.51,1257.93,631700
VN30,2024-04-05 02:48:00,1257.42,1257.84,1256.92,1257.54,1095500
VN30,2024-04-05 02:49:00,1257.49,1258.44,1257.49,1258.21,1017200
VN30,2024-04-05 02:50:00,1258.21,1258.94,1258.12,1258.92,693100
VN30,2024-04-05 02:51:00,1258.98,1259.52,1258.9,1259.52,648700
VN30,2024-04-05 02:52:00,1258.66,1259.75,1258.66,1259.43,1041700
VN30,2024-04-05 02:53:00,1259.19,1259.51,1258.97,1259.17,965000
VN30,2024-04-05 02:54:00,1259.0,1259.99,1259.0,1259.91,302900
VN30,2024-04-05 02:55:00,1260.01,1260.2,1258.8,1259.02,859501
VN30,2024-04-05 02:56:00,1259.08,1259.08,1257.48,1258.05,818800
VN30,2024-04-05 02:57:00,1257.79,1257.79,1257.03,1257.13,960200
VN30,2024-04-05 02:58:00,1257.45,1257.45,1256.67,1256.9,729800
VN30,2024-04-05 02:59:00,1257.23,1257.23,1256.82,1256.9,421500
VN30,2024-04-05 03:00:00,1257.21,1257.21,1256.88,1257.09,593200
VN30,2024-04-05 03:01:00,1256.95,1256.95,1256.09,1256.09,965200
VN30,2024-04-05 03:02:00,1256.15,1256.57,1256.11,1256.37,1797612
VN30,2024-04-05 03:03:00,1256.18,1256.63,1256.01,1256.5,523700
VN30,2024-04-05 03:04:00,1256.52,1256.9,1256.18,1256.18,716600
VN30,2024-04-05 03:05:00,1255.94,1256.65,1255.94,1256.35,752300
VN30,2024-04-05 03:06:00,1256.46,1256.52,1255.79,1255.79,834700
VN30,2024-04-05 03:07:00,1255.87,1255.99,1255.43,1255.44,2175900
VN30,2024-04-05 03:08:00,1255.49,1255.54,1254.38,1254.38,1777400
VN30,2024-04-05 03:09:00,1254.6,1254.94,1254.29,1254.57,1949700
VN30,2024-04-05 03:10:00,1254.51,1254.7,1254.16,1254.21,876600
VN30,2024-04-05 03:11:00,1254.33,1254.55,1253.96,1254.52,1103300
VN30,2024-04-05 03:12:00,1254.2,1254.34,1253.72,1253.96,1177000
VN30,2024-04-05 03:13:00,1253.8,1254.25,1253.61,1254.01,1648300
VN30,2024-04-05 03:14:00,1253.59,1253.82,1253.21,1253.21,1452600
VN30,2024-04-05 03:15:00,1253.51,1253.78,1253.32,1253.78,1740000
VN30,2024-04-05 03:16:00,1253.64,1254.0,1253.12,1254.0,1158700
VN30,2024-04-05 03:17:00,1253.32,1253.54,1253.16,1253.38,1130000
VN30,2024-04-05 03:18:00,1253.19,1253.46,1252.55,1253.12,770800
VN30,2024-04-05 03:19:00,1252.92,1253.66,1252.91,1253.44,859400
VN30,2024-04-05 03:20:00,1253.31,1253.84,1252.97,1253.75,904800
VN30,2024-04-05 03:21:00,1253.82,1254.03,1253.32,1253.79,778900
VN30,2024-04-05 03:22:00,1253.76,1254.13,1253.51,1253.85,780200
VN30,2024-04-05 03:23:00,1253.79,1253.95,1253.68,1253.95,992200
VN30,2024-04-05 03:24:00,1253.72,1254.05,1253.62,1254.05,626300
VN30,2024-04-05 03:25:00,1254.27,1254.27,1253.55,1253.55,539600
VN30,2024-04-05 03:26:00,1253.98,1254.32,1253.97,1254.08,714600
VN30,2024-04-05 03:27:00,1254.35,1254.79,1254.2,1254.79,523000
VN30,2024-04-05 03:28:00,1254.86,1255.02,1254.23,1255.02,481900
VN30,2024-04-05 03:29:00,1255.09,1255.58,1255.03,1255.49,700900
VN30,2024-04-05 03:30:00,1255.36,1255.83,1255.29,1255.37,676300
VN30,2024-04-05 03:31:00,1255.22,1255.61,1255.22,1255.61,942300
VN30,2024-04-05 03:32:00,1255.57,1255.99,1255.18,1255.65,632500
VN30,2024-04-05 03:33:00,1255.69,1255.82,1255.21,1255.37,707800
VN30,2024-04-05 03:34:00,1255.37,1255.96,1255.27,1255.96,859100
VN30,2024-04-05 03:35:00,1256.27,1256.66,1256.08,1256.38,527000
VN30,2024-04-05 03:36:00,1256.54,1256.59,1255.97,1256.36,462400
VN30,2024-04-05 03:37:00,1256.45,1256.7,1255.97,1256.01,470600
VN30,2024-04-05 03:38:00,1256.06,1256.75,1256.06,1256.18,336000
VN30,2024-04-05 03:39:00,1256.47,1256.57,1256.05,1256.25,2018300
VN30,2024-04-05 03:40:00,1256.29,1256.54,1256.03,1256.27,679800
VN30,2024-04-05 03:41:00,1256.44,1256.57,1256.13,1256.39,1137200
VN30,2024-04-05 03:42:00,1256.14,1256.53,1255.67,1255.95,542400
VN30,2024-04-05 03:43:00,1255.99,1256.45,1255.77,1256.18,400600
VN30,2024-04-05 03:44:00,1256.14,1256.28,1255.86,1255.94,481600
VN30,2024-04-05 03:45:00,1255.7,1255.91,1255.44,1255.57,307900
VN30,2024-04-05 03:46:00,1255.64,1255.71,1255.18,1255.27,687700
VN30,2024-04-05 03:47:00,1255.79,1255.79,1254.64,1254.64,446000
VN30,2024-04-05 03:48:00,1254.94,1255.43,1254.87,1255.21,694000
VN30,2024-04-05 03:49:00,1254.97,1255.12,1254.69,1254.69,556000
VN30,2024-04-05 03:50:00,1254.83,1255.31,1254.47,1254.47,439700
VN30,2024-04-05 03:51:00,1254.72,1255.15,1254.59,1254.77,455800
VN30,2024-04-05 03:52:00,1254.68,1255.42,1254.44,1255.42,615100
VN30,2024-04-05 03:53:00,1255.55,1256.27,1255.52,1256.24,900500
VN30,2024-04-05 03:54:00,1256.23,1256.72,1256.07,1256.49,682900
VN30,2024-04-05 03:55:00,1256.81,1257.31,1256.56,1256.97,396000
VN30,2024-04-05 03:56:00,1256.81,1257.63,1256.81,1256.88,196300
VN30,2024-04-05 03:57:00,1257.62,1257.62,1256.59,1257.26,720800
VN30,2024-04-05 03:58:00,1257.51,1257.51,1256.44,1257.17,494700
VN30,2024-04-05 03:59:00,1257.3,1257.3,1256.43,1256.7,367500
VN30,2024-04-05 04:00:00,1257.15,1257.91,1256.55,1257.91,729800
VN30,2024-04-05 04:01:00,1257.59,1257.81,1257.02,1257.02,531300
VN30,2024-04-05 04:02:00,1257.02,1257.08,1256.52,1256.91,277600
VN30,2024-04-05 04:03:00,1257.46,1257.55,1256.78,1257.05,576000
VN30,2024-04-05 04:04:00,1256.94,1257.02,1256.64,1256.84,522400
VN30,2024-04-05 04:05:00,1256.85,1257.0,1256.69,1257.0,582900
VN30,2024-04-05 04:06:00,1256.85,1256.85,1256.37,1256.37,643300
VN30,2024-04-05 04:07:00,1256.57,1257.37,1256.57,1257.19,484500
VN30,2024-04-05 04:08:00,1257.16,1257.54,1256.99,1257.47,497900
VN30,2024-04-05 04:09:00,1257.3,1257.92,1257.3,1257.7,292100
VN30,2024-04-05 04:10:00,1257.34,1257.98,1257.27,1257.59,500000
VN30,2024-04-05 04:11:00,1257.44,1258.08,1257.44,1258.08,457300
VN30,2024-04-05 04:12:00,1258.08,1258.6,1257.81,1258.4,263800
VN30,2024-04-05 04:13:00,1258.46,1258.78,1258.46,1258.76,526100
VN30,2024-04-05 04:14:00,1258.54,1259.02,1258.23,1258.57,833400
VN30,2024-04-05 04:15:00,1258.8,1258.98,1258.21,1258.98,468100
VN30,2024-04-05 04:16:00,1258.82,1258.86,1257.83,1258.35,923800
VN30,2024-04-05 04:17:00,1258.16,1258.25,1257.58,1258.01,384000
VN30,2024-04-05 04:18:00,1258.04,1258.43,1257.84,1258.24,292600
VN30,2024-04-05 04:19:00,1258.27,1258.27,1257.75,1258.15,492700
VN30,2024-04-05 04:20:00,1258.15,1258.5,1258.13,1258.2,467900
VN30,2024-04-05 04:21:00,1258.2,1258.58,1257.87,1258.21,709300
VN30,2024-04-05 04:22:00,1258.11,1258.78,1258.11,1258.68,653200
VN30,2024-04-05 04:23:00,1258.48,1258.8,1258.05,1258.65,380200
VN30,2024-04-05 04:24:00,1258.19,1259.06,1258.19,1258.89,1026200
VN30,2024-04-05 04:25:00,1258.95,1259.97,1258.31,1259.92,630200
VN30,2024-04-05 04:26:00,1259.62,1259.91,1259.15,1259.57,452900
VN30,2024-04-05 04:27:00,1259.61,1259.81,1259.2,1259.81,880900
VN30,2024-04-05 04:28:00,1259.66,1259.72,1259.25,1259.38,399200
VN30,2024-04-05 04:29:00,1258.95,1258.98,1258.58,1258.75,527700
VN30,2024-04-05 04:30:00,1258.64,1258.64,1258.64,1258.64,20000
VN30,2024-04-05 06:00:00,1259.3,1259.3,1258.43,1258.9,1398300
VN30,2024-04-05 06:01:00,1258.93,1259.17,1258.83,1259.08,492900
VN30,2024-04-05 06:02:00,1258.97,1259.46,1258.63,1258.63,615900
VN30,2024-04-05 06:03:00,1258.8,1259.49,1258.73,1258.91,608500
VN30,2024-04-05 06:04:00,1259.28,1260.08,1259.28,1259.33,1216200
VN30,2024-04-05 06:05:00,1259.59,1260.06,1259.55,1259.95,1248200
VN30,2024-04-05 06:06:00,1260.14,1260.42,1259.55,1260.34,853800
VN30,2024-04-05 06:07:00,1260.5,1260.89,1260.15,1260.85,489600
VN30,2024-04-05 06:08:00,1260.57,1261.31,1260.38,1261.31,566800
VN30,2024-04-05 06:09:00,1260.4,1261.0,1260.4,1260.72,733500
VN30,2024-04-05 06:10:00,1261.13,1261.13,1259.55,1259.55,965600
VN30,2024-04-05 06:11:00,1259.54,1260.1,1259.54,1259.85,834200
VN30,2024-04-05 06:12:00,1260.26,1260.97,1260.03,1260.47,1067500
VN30,2024-04-05 06:13:00,1260.32,1261.2,1260.17,1260.94,918600
VN30,2024-04-05 06:14:00,1260.94,1261.35,1260.66,1260.71,1237200
VN30,2024-04-05 06:15:00,1260.79,1261.33,1260.51,1261.33,1107600
VN30,2024-04-05 06:16:00,1261.48,1261.48,1260.5,1260.78,967100
VN30,2024-04-05 06:17:00,1260.78,1260.96,1260.65,1260.95,817600
VN30,2024-04-05 06:18:00,1260.8,1260.82,1260.24,1260.74,934700
VN30,2024-04-05 06:19:00,1260.75,1260.86,1260.51,1260.51,627400
VN30,2024-04-05 06:20:00,1260.5,1260.94,1260.25,1260.39,1045400
VN30,2024-04-05 06:21:00,1259.84,1260.25,1259.84,1260.25,1226200
VN30,2024-04-05 06:22:00,1260.18,1260.9,1260.18,1260.84,826800
VN30,2024-04-05 06:23:00,1261.06,1261.22,1260.66,1260.96,575100
VN30,2024-04-05 06:24:00,1261.02,1261.29,1260.88,1261.29,1126800
VN30,2024-04-05 06:25:00,1261.2,1261.65,1261.2,1261.65,991900
VN30,2024-04-05 06:26:00,1261.73,1261.97,1261.39,1261.86,924900
VN30,2024-04-05 06:27:00,1262.09,1262.26,1261.64,1261.87,1582000
VN30,2024-04-05 06:28:00,1262.29,1262.58,1262.01,1262.22,857500
VN30,2024-04-05 06:29:00,1262.26,1262.85,1262.26,1262.67,1610800
VN30,2024-04-05 06:30:00,1262.72,1262.99,1262.72,1262.74,897600
VN30,2024-04-05 06:31:00,1262.93,1263.57,1262.69,1263.15,1227100
VN30,2024-04-05 06:32:00,1262.96,1263.55,1262.21,1263.16,1167100
VN30,2024-04-05 06:33:00,1263.18,1263.18,1261.98,1262.93,1764600
VN30,2024-04-05 06:34:00,1262.92,1263.48,1262.69,1262.88,1744500
VN30,2024-04-05 06:35:00,1262.84,1263.37,1262.41,1262.62,1471600
VN30,2024-04-05 06:36:00,1262.73,1263.32,1262.59,1263.06,1249900
VN30,2024-04-05 06:37:00,1263.0,1263.37,1262.81,1263.19,802800
VN30,2024-04-05 06:38:00,1263.02,1263.58,1262.15,1262.86,1200900
VN30,2024-04-05 06:39:00,1262.53,1262.57,1261.13,1261.46,2027600
VN30,2024-04-05 06:40:00,1260.98,1262.11,1260.98,1262.11,675400
VN30,2024-04-05 06:41:00,1261.67,1262.5,1261.63,1262.29,1052700
VN30,2024-04-05 06:42:00,1262.49,1262.49,1261.96,1262.26,1018600
VN30,2024-04-05 06:43:00,1262.51,1262.51,1261.68,1262.11,3287400
VN30,2024-04-05 06:44:00,1262.35,1262.49,1262.0,1262.27,551500
VN30,2024-04-05 06:45:00,1262.29,1262.34,1261.7,1262.0,1399700
VN30,2024-04-05 06:46:00,1261.91,1261.91,1261.22,1261.67,889400
VN30,2024-04-05 06:47:00,1261.75,1261.76,1261.3,1261.76,895200
VN30,2024-04-05 06:48:00,1261.96,1261.96,1261.33,1261.34,1638900
VN30,2024-04-05 06:49:00,1261.67,1261.67,1260.94,1261.24,1606900
VN30,2024-04-05 06:50:00,1261.14,1261.67,1261.07,1261.35,1277100
VN30,2024-04-05 06:51:00,1261.42,1261.47,1260.94,1261.26,984500
VN30,2024-04-05 06:52:00,1261.07,1261.53,1260.28,1260.78,1258100
VN30,2024-04-05 06:53:00,1260.95,1261.04,1260.51,1260.85,1460400
VN30,2024-04-05 06:54:00,1260.88,1260.99,1260.3,1260.3,1308600
VN30,2024-04-05 06:55:00,1260.37,1260.45,1259.77,1260.05,1365600
VN30,2024-04-05 06:56:00,1260.14,1260.14,1259.32,1259.54,1132600
VN30,2024-04-05 06:57:00,1259.33,1259.44,1258.98,1258.98,2534200
VN30,2024-04-05 06:58:00,1259.09,1259.71,1258.71,1259.03,1065200
VN30,2024-04-05 06:59:00,1259.07,1259.41,1258.81,1258.97,819100
VN30,2024-04-05 07:00:00,1259.27,1259.35,1258.98,1259.31,1513700
VN30,2024-04-05 07:01:00,1259.41,1260.07,1258.92,1259.91,1797900
VN30,2024-04-05 07:02:00,1259.79,1260.0,1259.26,1260.0,860700
VN30,2024-04-05 07:03:00,1259.78,1260.2,1259.75,1260.03,1045700
VN30,2024-04-05 07:04:00,1259.72,1260.53,1259.72,1260.24,1106700
VN30,2024-04-05 07:05:00,1260.63,1260.78,1260.21,1260.78,1115500
VN30,2024-04-05 07:06:00,1260.88,1261.0,1260.64,1260.84,1820100
VN30,2024-04-05 07:07:00,1260.99,1261.81,1260.99,1261.1,1534400
VN30,2024-04-05 07:08:00,1261.35,1261.85,1261.35,1261.74,893700
VN30,2024-04-05 07:09:00,1261.24,1263.16,1261.24,1262.71,1558900
VN30,2024-04-05 07:10:00,1262.86,1263.17,1262.86,1263.17,1084500
VN30,2024-04-05 07:11:00,1263.25,1263.61,1262.81,1262.91,1043400
VN30,2024-04-05 07:12:00,1262.91,1263.51,1262.73,1262.73,715900
VN30,2024-04-05 07:13:00,1262.89,1263.22,1262.71,1263.22,1470000
VN30,2024-04-05 07:14:00,1263.08,1264.47,1262.65,1264.47,2101400
VN30,2024-04-05 07:15:00,1264.42,1264.62,1264.01,1264.57,1116700
VN30,2024-04-05 07:16:00,1264.65,1265.65,1264.46,1265.1,2026300
VN30,2024-04-05 07:17:00,1265.1,1265.47,1264.47,1264.93,1445900
VN30,2024-04-05 07:18:00,1265.31,1265.49,1265.09,1265.17,1372700
VN30,2024-04-05 07:19:00,1265.01,1265.54,1264.93,1265.45,1090800
VN30,2024-04-05 07:20:00,1265.04,1265.38,1264.6,1265.38,915300
VN30,2024-04-05 07:21:00,1265.17,1265.24,1264.19,1264.72,1375300
VN30,2024-04-05 07:22:00,1265.03,1265.03,1263.75,1263.85,2020800
VN30,2024-04-05 07:23:00,1263.75,1263.76,1262.94,1263.14,1769400
VN30,2024-04-05 07:24:00,1263.25,1263.27,1262.3,1262.67,1881500
VN30,2024-04-05 07:25:00,1262.88,1263.15,1261.91,1262.24,1673400
VN30,2024-04-05 07:26:00,1262.18,1262.45,1262.1,1262.42,1854200
VN30,2024-04-05 07:27:00,1262.29,1262.8,1261.7,1261.76,2227500
VN30,2024-04-05 07:28:00,1261.45,1261.84,1260.62,1260.9,2041200
VN30,2024-04-05 07:29:00,1260.1,1260.46,1259.32,1259.52,5195900
VN30,2024-04-05 07:30:00,1259.67,1259.67,1259.67,1259.67,95300
VN30,2024-04-05 07:45:00,1257.78,1257.78,1257.78,1257.78,24519300
VN30,2024-04-08 02:15:00,1257.23,1258.46,1257.21,1258.46,3643600
VN30,2024-04-08 02:16:00,1257.92,1258.92,1257.92,1258.33,1151300
VN30,2024-04-08 02:17:00,1258.89,1259.24,1257.82,1258.55,822700
VN30,2024-04-08 02:18:00,1258.74,1259.08,1258.22,1258.35,1349200
VN30,2024-04-08 02:19:00,1258.2,1258.2,1257.13,1257.54,1200200
VN30,2024-04-08 02:20:00,1257.45,1257.45,1256.38,1256.38,1266500
VN30,2024-04-08 02:21:00,1256.42,1256.42,1254.91,1254.91,820000
VN30,2024-04-08 02:22:00,1254.84,1255.09,1254.58,1254.58,1130000
VN30,2024-04-08 02:23:00,1254.86,1254.86,1253.82,1253.97,798300
VN30,2024-04-08 02:24:00,1253.66,1253.66,1252.77,1252.77,995800
VN30,2024-04-08 02:25:00,1253.01,1253.03,1251.72,1251.77,1685700
VN30,2024-04-08 02:26:00,1251.63,1251.82,1251.39,1251.55,1985400
VN30,2024-04-08 02:27:00,1251.51,1251.94,1251.41,1251.41,853100
VN30,2024-04-08 02:28:00,1251.62,1252.17,1251.5,1252.17,1422100
VN30,2024-04-08 02:29:00,1251.88,1252.28,1251.81,1252.03,920900
VN30,2024-04-08 02:30:00,1252.17,1252.9,1252.17,1252.83,745100
VN30,2024-04-08 02:31:00,1252.8,1253.87,1252.8,1253.87,781900
VN30,2024-04-08 02:32:00,1253.89,1253.97,1253.55,1253.97,722800
VN30,2024-04-08 02:33:00,1254.13,1254.54,1253.61,1254.54,735200
VN30,2024-04-08 02:34:00,1254.62,1254.73,1254.41,1254.72,501800
VN30,2024-04-08 02:35:00,1254.62,1254.72,1254.35,1254.43,811100
VN30,2024-04-08 02:36:00,1254.44,1254.79,1254.44,1254.67,763800
VN30,2024-04-08 02:37:00,1254.79,1255.35,1254.67,1255.16,856100
VN30,2024-04-08 02:38:00,1255.01,1255.35,1254.69,1254.79,434000
VN30,2024-04-08 02:39:00,1254.72,1255.67,1254.72,1255.67,655200
VN30,2024-04-08 02:40:00,1255.69,1255.69,1254.98,1255.31,427900
VN30,2024-04-08 02:41:00,1255.16,1255.46,1254.63,1255.07,590900
VN30,2024-04-08 02:42:00,1255.12,1255.35,1254.98,1255.1,439700
VN30,2024-04-08 02:43:00,1255.1,1255.38,1255.0,1255.31,1016300
VN30,2024-04-08 02:44:00,1255.18,1255.22,1254.81,1254.98,404200
VN30,2024-04-08 02:45:00,1255.01,1255.68,1255.01,1255.59,594900
VN30,2024-04-08 02:46:00,1255.59,1255.59,1254.9,1255.39,314400
VN30,2024-04-08 02:47:00,1255.46,1255.46,1255.04,1255.13,247500
VN30,2024-04-08 02:48:00,1255.18,1255.4,1254.88,1254.9,698800
VN30,2024-04-08 02:49:00,1254.9,1254.99,1254.23,1254.23,697200
VN30,2024-04-08 02:50:00,1254.23,1254.56,1254.12,1254.56,248600
VN30,2024-04-08 02:51:00,1254.62,1254.66,1254.33,1254.33,615400
VN30,2024-04-08 02:52:00,1254.31,1254.32,1253.78,1254.04,713500
VN30,2024-04-08 02:53:00,1253.93,1253.93,1253.34,1253.77,851700
VN30,2024-04-08 02:54:00,1253.69,1253.69,1253.04,1253.18,616400
VN30,2024-04-08 02:55:00,1253.18,1253.24,1252.68,1252.73,540100
VN30,2024-04-08 02:56:00,1252.62,1253.23,1252.62,1252.67,617000
VN30,2024-04-08 02:57:00,1252.59,1252.9,1252.47,1252.47,706900
VN30,2024-04-08 02:58:00,1252.36,1252.73,1252.23,1252.26,840600
VN30,2024-04-08 02:59:00,1252.25,1252.25,1251.88,1252.09,589300
VN30,2024-04-08 03:00:00,1252.07,1252.33,1251.42,1251.42,615000
VN30,2024-04-08 03:01:00,1251.42,1251.77,1250.99,1250.99,678000
VN30,2024-04-08 03:02:00,1251.13,1251.4,1250.6,1250.95,844800
VN30,2024-04-08 03:03:00,1250.94,1251.11,1250.72,1250.95,716300
VN30,2024-04-08 03:04:00,1250.94,1251.45,1250.94,1251.08,1107900
VN30,2024-04-08 03:05:00,1250.89,1250.89,1250.33,1250.33,891000
VN30,2024-04-08 03:06:00,1250.32,1250.54,1250.27,1250.38,887000
VN30,2024-04-08 03:07:00,1250.75,1250.75,1249.8,1249.8,1484800
VN30,2024-04-08 03:08:00,1250.03,1250.12,1249.27,1249.53,869500
VN30,2024-04-08 03:09:00,1249.32,1249.6,1248.97,1249.46,1113000
VN30,2024-04-08 03:10:00,1249.29,1249.43,1248.71,1248.76,2387100
VN30,2024-04-08 03:11:00,1248.76,1248.9,1248.39,1248.9,1457900
VN30,2024-04-08 03:12:00,1248.63,1248.96,1248.24,1248.96,1080000
VN30,2024-04-08 03:13:00,1248.77,1248.87,1248.52,1248.66,1398700
VN30,2024-04-08 03:14:00,1248.99,1249.08,1248.49,1249.08,1168000
VN30,2024-04-08 03:15:00,1248.89,1249.79,1248.89,1249.65,1005000
VN30,2024-04-08 03:16:00,1250.04,1250.61,1250.04,1250.45,1011900
VN30,2024-04-08 03:17:00,1250.91,1252.0,1250.89,1252.0,1391500
VN30,2024-04-08 03:18:00,1251.72,1251.87,1251.0,1251.87,940900
VN30,2024-04-08 03:19:00,1251.97,1252.33,1251.8,1252.03,935100
VN30,2024-04-08 03:20:00,1252.26,1252.39,1251.96,1252.39,564600
VN30,2024-04-08 03:21:00,1252.29,1253.15,1252.04,1252.65,506000
VN30,2024-04-08 03:22:00,1252.69,1252.82,1252.41,1252.5,974000
VN30,2024-04-08 03:23:00,1252.5,1253.1,1252.37,1252.99,681600
VN30,2024-04-08 03:24:00,1253.11,1253.47,1252.94,1253.47,649600
VN30,2024-04-08 03:25:00,1253.5,1254.08,1253.04,1254.08,755400
VN30,2024-04-08 03:26:00,1253.88,1254.13,1253.47,1253.91,1041700
VN30,2024-04-08 03:27:00,1253.56,1254.48,1253.56,1253.9,787200
VN30,2024-04-08 03:28:00,1254.05,1254.68,1253.89,1254.19,472700
VN30,2024-04-08 03:29:00,1254.36,1254.75,1254.15,1254.34,560500
VN30,2024-04-08 03:30:00,1254.42,1255.03,1254.32,1254.73,503200
VN30,2024-04-08 03:31:00,1254.23,1254.58,1254.17,1254.45,780800
VN30,2024-04-08 03:32:00,1254.58,1255.08,1254.36,1254.85,607000
VN30,2024-04-08 03:33:00,1254.88,1255.1,1254.5,1254.73,963800
VN30,2024-04-08 03:34:00,1255.09,1255.32,1254.98,1255.04,462700
VN30,2024-04-08 03:35:00,1255.11,1255.59,1254.66,1255.51,687400
VN30,2024-04-08 03:36:00,1255.46,1255.89,1255.43,1255.62,1406200
VN30,2024-04-08 03:37:00,1255.88,1256.46,1255.88,1256.39,700200
VN30,2024-04-08 03:38:00,1256.5,1256.66,1255.91,1256.43,977100
VN30,2024-04-08 03:39:00,1256.47,1256.47,1255.87,1256.13,1200400
VN30,2024-04-08 03:40:00,1256.26,1256.76,1256.25,1256.43,1000600
VN30,2024-04-08 03:41:00,1256.24,1256.9,1256.13,1256.9,1149300
VN30,2024-04-08 03:42:00,1256.47,1256.47,1255.32,1255.32,1394200
VN30,2024-04-08 03:43:00,1255.41,1255.86,1255.38,1255.38,2312000
VN30,2024-04-08 03:44:00,1255.67,1255.69,1255.17,1255.41,1389600
VN30,2024-04-08 03:45:00,1255.37,1255.37,1254.69,1255.15,408200
VN30,2024-04-08 03:46:00,1255.07,1255.6,1254.94,1255.41,730900
VN30,2024-04-08 03:47:00,1255.23,1255.99,1255.23,1255.99,562900
VN30,2024-04-08 03:48:00,1255.72,1256.13,1255.68,1255.68,2264600
VN30,2024-04-08 03:49:00,1255.83,1256.0,1255.35,1255.51,3559000
VN30,2024-04-08 03:50:00,1255.78,1256.38,1255.76,1256.32,853300
VN30,2024-04-08 03:51:00,1256.49,1256.49,1255.57,1255.74,846400
VN30,2024-04-08 03:52:00,1255.61,1256.23,1255.57,1256.23,424700
VN30,2024-04-08 03:53:00,1255.96,1256.17,1255.68,1256.01,594200
VN30,2024-04-08 03:54:00,1255.74,1255.9,1255.26,1255.9,381200
VN30,2024-04-08 03:55:00,1255.8,1255.97,1254.98,1255.23,394600
VN30,2024-04-08 03:56:00,1255.55,1255.55,1254.12,1254.12,1090800
VN30,2024-04-08 03:57:00,1254.14,1254.14,1253.59,1253.84,634200
VN30,2024-04-08 03:58:00,1253.94,1254.19,1253.63,1253.99,1136300
VN30,2024-04-08 03:59:00,1254.06,1254.1,1253.65,1253.7,404100
VN30,2024-04-08 04:00:00,1253.68,1254.3,1253.57,1254.3,528300
VN30,2024-04-08 04:01:00,1253.38,1253.63,1253.27,1253.49,640500
VN30,2024-04-08 04:02:00,1253.47,1254.27,1253.45,1254.27,1253100
VN30,2024-04-08 04:03:00,1254.15,1254.55,1254.15,1254.28,932400
VN30,2024-04-08 04:04:00,1254.14,1254.71,1253.98,1254.58,547300
VN30,2024-04-08 04:05:00,1254.58,1254.93,1254.58,1254.84,360100
VN30,2024-04-08 04:06:00,1254.68,1254.85,1253.87,1254.14,292300
VN30,2024-04-08 04:07:00,1254.13,1254.38,1254.02,1254.24,350500
VN30,2024-04-08 04:08:00,1254.39,1254.39,1253.86,1253.86,552500
VN30,2024-04-08 04:09:00,1253.74,1254.27,1253.74,1254.27,511900
VN30,2024-04-08 04:10:00,1254.4,1254.63,1254.3,1254.53,360000
VN30,2024-04-08 04:11:00,1254.67,1254.84,1253.99,1254.37,485200
VN30,2024-04-08 04:12:00,1254.31,1254.31,1253.68,1254.02,696900
VN30,2024-04-08 04:13:00,1254.13,1254.29,1253.74,1254.29,721300
VN30,2024-04-08 04:14:00,1254.23,1254.33,1253.17,1253.51,2079500
VN30,2024-04-08 04:15:00,1253.83,1254.4,1253.73,1254.31,765900
VN30,2024-04-08 04:16:00,1254.13,1254.23,1252.63,1253.02,795400
VN30,2024-04-08 04:17:00,1253.17,1253.19,1252.88,1252.88,691800
VN30,2024-04-08 04:18:00,1252.87,1253.5,1252.82,1253.16,424500
VN30,2024-04-08 04:19:00,1253.16,1253.58,1253.07,1253.27,432700
VN30,2024-04-08 04:20:00,1253.2,1253.31,1252.46,1253.31,434500
VN30,2024-04-08 04:21:00,1253.19,1253.36,1252.75,1252.75,338600
VN30,2024-04-08 04:22:00,1252.85,1253.32,1252.85,1253.25,599800
VN30,2024-04-08 04:23:00,1253.29,1253.46,1253.03,1253.46,468100
VN30,2024-04-08 04:24:00,1253.52,1253.69,1253.26,1253.65,328900
VN30,2024-04-08 04:25:00,1253.65,1253.65,1253.34,1253.49,314800
VN30,2024-04-08 04:26:00,1253.55,1253.9,1253.46,1253.71,295600
VN30,2024-04-08 04:27:00,1253.5,1253.91,1253.49,1253.71,1215900
VN30,2024-04-08 04:28:00,1253.82,1253.82,1253.27,1253.68,512800
VN30,2024-04-08 04:29:00,1253.79,1254.27,1253.31,1254.27,1026600
VN30,2024-04-08 04:30:00,1254.43,1254.43,1254.43,1254.43,12000
VN30,2024-04-08 06:00:00,1254.46,1254.71,1252.89,1252.89,1840000
VN30,2024-04-08 06:01:00,1253.07,1253.53,1252.89,1253.3,264200
VN30,2024-04-08 06:02:00,1252.78,1253.08,1252.53,1252.8,472000
VN30,2024-04-08 06:03:00,1252.99,1253.38,1252.45,1252.88,378500
VN30,2024-04-08 06:04:00,1253.02,1253.63,1252.65,1253.63,431800
VN30,2024-04-08 06:05:00,1253.12,1253.69,1252.4,1253.28,413800
VN30,2024-04-08 06:06:00,1253.71,1253.71,1253.1,1253.42,630300
VN30,2024-04-08 06:07:00,1253.56,1254.21,1252.81,1252.81,522800
VN30,2024-04-08 06:08:00,1253.39,1254.12,1253.09,1253.7,572200
VN30,2024-04-08 06:09:00,1253.92,1254.48,1253.45,1254.03,879200
VN30,2024-04-08 06:10:00,1254.14,1254.27,1253.41,1254.06,1363600
VN30,2024-04-08 06:11:00,1254.68,1255.55,1254.68,1255.35,2054800
VN30,2024-04-08 06:12:00,1255.45,1256.26,1255.32,1256.26,1872500
VN30,2024-04-08 06:13:00,1256.32,1256.32,1254.93,1255.66,1029700
VN30,2024-04-08 06:14:00,1254.85,1255.75,1254.66,1255.28,890200
VN30,2024-04-08 06:15:00,1254.58,1255.98,1254.58,1255.9,1246800
VN30,2024-04-08 06:16:00,1256.17,1256.44,1255.06,1255.11,1480600
VN30,2024-04-08 06:17:00,1255.83,1255.83,1255.02,1255.02,1175700
VN30,2024-04-08 06:18:00,1255.37,1256.08,1254.68,1255.65,1309100
VN30,2024-04-08 06:19:00,1255.5,1255.66,1254.73,1255.06,1001900
VN30,2024-04-08 06:20:00,1255.07,1255.73,1254.33,1254.38,1034600
VN30,2024-04-08 06:21:00,1254.7,1255.78,1254.7,1255.35,1635800
VN30,2024-04-08 06:22:00,1255.51,1255.62,1254.91,1255.62,653000
VN30,2024-04-08 06:23:00,1255.62,1256.14,1255.46,1255.83,1788200
VN30,2024-04-08 06:24:00,1255.68,1256.78,1255.68,1256.75,1364500
VN30,2024-04-08 06:25:00,1256.84,1257.1,1256.39,1257.1,2803300
VN30,2024-04-08 06:26:00,1257.07,1258.74,1257.07,1258.54,2996000
VN30,2024-04-08 06:27:00,1258.68,1258.88,1257.44,1258.61,1826400
VN30,2024-04-08 06:28:00,1258.75,1258.97,1257.25,1257.64,1820900
VN30,2024-04-08 06:29:00,1257.6,1257.6,1256.71,1257.15,1716500
VN30,2024-04-08 06:30:00,1257.15,1258.36,1257.15,1258.36,1084300
VN30,2024-04-08 06:31:00,1258.3,1258.32,1257.78,1258.19,814000
VN30,2024-04-08 06:32:00,1258.41,1258.41,1257.77,1257.92,940700
VN30,2024-04-08 06:33:00,1258.14,1258.5,1257.86,1258.11,726400
VN30,2024-04-08 06:34:00,1258.22,1258.62,1257.93,1258.62,461600
VN30,2024-04-08 06:35:00,1258.73,1258.73,1258.1,1258.48,766200
VN30,2024-04-08 06:36:00,1258.15,1258.4,1256.82,1257.26,952700
VN30,2024-04-08 06:37:00,1257.39,1258.04,1257.16,1258.04,516200
VN30,2024-04-08 06:38:00,1257.94,1257.94,1257.18,1257.18,732100
VN30,2024-04-08 06:39:00,1257.09,1257.43,1256.5,1256.9,676000
VN30,2024-04-08 06:40:00,1257.26,1257.53,1256.97,1257.39,490500
VN30,2024-04-08 06:41:00,1257.24,1258.18,1257.24,1258.03,549700
VN30,2024-04-08 06:42:00,1258.01,1258.34,1257.33,1257.67,482600
VN30,2024-04-08 06:43:00,1257.82,1258.14,1257.82,1257.92,1056000
VN30,2024-04-08 06:44:00,1258.1,1258.18,1257.82,1257.97,486600
VN30,2024-04-08 06:45:00,1258.0,1258.71,1257.89,1258.66,780700
VN30,2024-04-08 06:46:00,1258.67,1258.84,1258.12,1258.16,919900
VN30,2024-04-08 06:47:00,1258.43,1259.28,1258.43,1259.28,1027800
VN30,2024-04-08 06:48:00,1259.44,1259.44,1258.51,1259.01,934300
VN30,2024-04-08 06:49:00,1259.38,1259.63,1259.0,1259.43,643800
VN30,2024-04-08 06:50:00,1259.49,1259.78,1258.57,1259.29,853900
VN30,2024-04-08 06:51:00,1259.65,1259.65,1258.27,1258.67,1116500
VN30,2024-04-08 06:52:00,1258.96,1259.15,1258.37,1258.73,609300
VN30,2024-04-08 06:53:00,1258.99,1259.33,1258.79,1259.24,1007000
VN30,2024-04-08 06:54:00,1259.4,1259.52,1258.77,1259.52,592500
VN30,2024-04-08 06:55:00,1259.31,1259.63,1258.76,1259.5,653200
VN30,2024-04-08 06:56:00,1259.26,1259.62,1259.04,1259.62,1232600
VN30,2024-04-08 06:57:00,1259.8,1259.8,1259.11,1259.33,695500
VN30,2024-04-08 06:58:00,1259.65,1259.93,1259.12,1259.71,610700
VN30,2024-04-08 06:59:00,1259.12,1259.87,1259.12,1259.71,1194600
VN30,2024-04-08 07:00:00,1260.17,1260.17,1258.75,1259.56,1269100
VN30,2024-04-08 07:01:00,1259.49,1259.66,1258.86,1258.86,1384500
VN30,2024-04-08 07:02:00,1259.15,1259.15,1258.14,1258.14,6763200
VN30,2024-04-08 07:03:00,1258.15,1258.32,1257.25,1258.14,1668300
VN30,2024-04-08 07:04:00,1258.2,1258.8,1257.9,1258.8,1289600
VN30,2024-04-08 07:05:00,1258.79,1258.79,1257.72,1258.46,653100
VN30,2024-04-08 07:06:00,1258.23,1258.23,1257.42,1257.78,1553600
VN30,2024-04-08 07:07:00,1258.01,1258.03,1257.2,1257.35,1389000
VN30,2024-04-08 07:08:00,1257.31,1257.4,1256.35,1256.6,1678900
VN30,2024-04-08 07:09:00,1256.62,1256.62,1255.95,1256.09,1971400
VN30,2024-04-08 07:10:00,1256.08,1256.08,1255.47,1255.52,1990300
VN30,2024-04-08 07:11:00,1256.0,1256.15,1254.99,1255.83,2082900
VN30,2024-04-08 07:12:00,1255.37,1256.4,1255.3,1256.09,1272200
VN30,2024-04-08 07:13:00,1256.39,1256.39,1255.51,1255.83,1013500
VN30,2024-04-08 07:14:00,1255.74,1256.31,1255.47,1255.72,1352300
VN30,2024-04-08 07:15:00,1255.97,1257.32,1255.95,1257.32,1462500
VN30,2024-04-08 07:16:00,1257.05,1258.28,1257.05,1258.06,1040600
VN30,2024-04-08 07:17:00,1258.02,1258.43,1257.9,1258.2,1022800
VN30,2024-04-08 07:18:00,1257.69,1258.99,1257.58,1257.58,2693800
VN30,2024-04-08 07:19:00,1257.65,1257.99,1256.28,1256.62,1745600
VN30,2024-04-08 07:20:00,1255.47,1257.51,1255.47,1256.93,1044000
VN30,2024-04-08 07:21:00,1256.94,1258.05,1256.61,1257.84,951800
VN30,2024-04-08 07:22:00,1257.61,1257.92,1256.37,1257.92,984300
VN30,2024-04-08 07:23:00,1257.36,1257.44,1256.58,1256.58,1147600
VN30,2024-04-08 07:24:00,1256.79,1257.23,1256.03,1256.71,1617200
VN30,2024-04-08 07:25:00,1256.61,1256.91,1256.41,1256.61,1909800
VN30,2024-04-08 07:26:00,1256.37,1257.13,1255.92,1256.1,1455000
VN30,2024-04-08 07:27:00,1256.11,1256.11,1254.98,1255.64,1834200
VN30,2024-04-08 07:28:00,1255.45,1255.66,1254.34,1254.88,1120900
VN30,2024-04-08 07:29:00,1254.96,1255.29,1253.98,1253.98,1581700
VN30,2024-04-08 07:30:00,1253.92,1253.92,1253.92,1253.92,18100
VN30,2024-04-08 07:45:00,1254.72,1254.72,1254.72,1254.72,26272200
VN30,2024-04-09 02:15:00,1255.84,1256.91,1255.68,1256.44,2314900
VN30,2024-04-09 02:16:00,1256.5,1256.5,1255.67,1256.13,551800
VN30,2024-04-09 02:17:00,1256.44,1257.03,1256.44,1256.95,658000
VN30,2024-04-09 02:18:00,1257.05,1257.64,1256.98,1257.35,553700
VN30,2024-04-09 02:19:00,1257.35,1257.62,1257.08,1257.08,500300
VN30,2024-04-09 02:20:00,1256.9,1257.48,1256.9,1257.48,522500
VN30,2024-04-09 02:21:00,1257.35,1257.46,1257.06,1257.19,691000
VN30,2024-04-09 02:22:00,1257.27,1257.57,1257.11,1257.11,516700
VN30,2024-04-09 02:23:00,1257.06,1257.31,1256.68,1256.9,369500
VN30,2024-04-09 02:24:00,1256.9,1257.5,1256.71,1257.13,496200
VN30,2024-04-09 02:25:00,1257.31,1257.47,1256.79,1257.25,678500
VN30,2024-04-09 02:26:00,1257.09,1257.13,1256.52,1256.52,407900
VN30,2024-04-09 02:27:00,1256.3,1256.6,1255.95,1256.13,627500
VN30,2024-04-09 02:28:00,1256.11,1256.29,1255.67,1255.67,497400
VN30,2024-04-09 02:29:00,1255.58,1255.86,1255.45,1255.49,579000
VN30,2024-04-09 02:30:00,1255.5,1256.42,1255.35,1256.07,748500
VN30,2024-04-09 02:31:00,1256.11,1256.44,1255.97,1256.04,893900
VN30,2024-04-09 02:32:00,1256.04,1256.37,1255.87,1255.87,397300
VN30,2024-04-09 02:33:00,1255.51,1255.86,1255.34,1255.34,732600
VN30,2024-04-09 02:34:00,1255.64,1255.95,1255.18,1255.34,387700
VN30,2024-04-09 02:35:00,1256.36,1256.36,1255.22,1255.22,862600
VN30,2024-04-09 02:36:00,1255.22,1255.65,1254.92,1255.38,838300
VN30,2024-04-09 02:37:00,1255.32,1255.32,1254.65,1254.88,657800
VN30,2024-04-09 02:38:00,1254.7,1254.88,1254.51,1254.53,568900
VN30,2024-04-09 02:39:00,1254.44,1255.45,1254.4,1255.04,770200
VN30,2024-04-09 02:40:00,1255.04,1255.53,1254.62,1254.62,366000
VN30,2024-04-09 02:41:00,1254.5,1254.98,1254.3,1254.98,513300
VN30,2024-04-09 02:42:00,1254.88,1254.98,1254.49,1254.96,310900
VN30,2024-04-09 02:43:00,1254.84,1255.67,1254.74,1255.48,553800
VN30,2024-04-09 02:44:00,1255.48,1256.82,1255.48,1256.76,1042400
VN30,2024-04-09 02:45:00,1256.35,1256.5,1256.22,1256.29,493500
VN30,2024-04-09 02:46:00,1256.82,1256.82,1256.29,1256.29,648000
VN30,2024-04-09 02:47:00,1256.42,1256.42,1256.01,1256.1,464400
VN30,2024-04-09 02:48:00,1256.18,1256.46,1255.64,1255.97,540200
VN30,2024-04-09 02:49:00,1255.9,1256.65,1255.9,1256.63,374100
VN30,2024-04-09 02:50:00,1256.64,1256.8,1256.05,1256.8,475700
VN30,2024-04-09 02:51:00,1256.38,1256.7,1256.25,1256.52,383700
VN30,2024-04-09 02:52:00,1256.55,1256.93,1256.36,1256.91,483300
VN30,2024-04-09 02:53:00,1256.47,1256.57,1256.25,1256.25,504300
VN30,2024-04-09 02:54:00,1256.31,1256.44,1255.68,1256.11,752600
VN30,2024-04-09 02:55:00,1256.16,1256.33,1256.06,1256.26,640000
VN30,2024-04-09 02:56:00,1256.09,1256.09,1255.87,1255.96,585000
VN30,2024-04-09 02:57:00,1256.03,1256.06,1255.75,1255.77,190600
VN30,2024-04-09 02:58:00,1255.87,1256.06,1255.87,1255.88,1168300
VN30,2024-04-09 02:59:00,1256.04,1256.08,1255.81,1256.01,532900
VN30,2024-04-09 03:00:00,1256.05,1256.05,1255.47,1255.59,248200
VN30,2024-04-09 03:01:00,1255.84,1256.07,1255.56,1255.92,530000
VN30,2024-04-09 03:02:00,1255.95,1256.22,1255.73,1255.73,442600
VN30,2024-04-09 03:03:00,1255.55,1256.03,1255.55,1255.56,391000
VN30,2024-04-09 03:04:00,1256.0,1256.23,1255.23,1256.06,373500
VN30,2024-04-09 03:05:00,1255.95,1255.95,1255.14,1255.14,251500
VN30,2024-04-09 03:06:00,1255.29,1255.7,1255.29,1255.7,430200
VN30,2024-04-09 03:07:00,1255.57,1255.69,1255.49,1255.59,442500
VN30,2024-04-09 03:08:00,1255.65,1256.24,1255.48,1255.7,467100
VN30,2024-04-09 03:09:00,1255.86,1256.18,1255.25,1256.18,438500
VN30,2024-04-09 03:10:00,1256.2,1256.29,1255.39,1255.88,717500
VN30,2024-04-09 03:11:00,1255.88,1256.0,1255.36,1255.52,586100
VN30,2024-04-09 03:12:00,1255.28,1255.92,1255.28,1255.44,528200
VN30,2024-04-09 03:13:00,1255.62,1256.0,1255.62,1255.88,964300
VN30,2024-04-09 03:14:00,1255.88,1256.24,1255.73,1256.06,801200
VN30,2024-04-09 03:15:00,1256.01,1256.38,1255.7,1255.7,335800
VN30,2024-04-09 03:16:00,1255.98,1256.23,1255.51,1255.51,791100
VN30,2024-04-09 03:17:00,1255.21,1255.34,1254.85,1255.02,463700
VN30,2024-04-09 03:18:00,1255.02,1255.44,1254.93,1255.35,355400
VN30,2024-04-09 03:19:00,1255.27,1255.33,1255.04,1255.25,337400
VN30,2024-04-09 03:20:00,1255.25,1255.94,1255.13,1255.69,690100
VN30,2024-04-09 03:21:00,1255.8,1255.8,1255.24,1255.72,386000
VN30,2024-04-09 03:22:00,1255.72,1255.82,1255.43,1255.82,386100
VN30,2024-04-09 03:23:00,1255.76,1255.76,1255.46,1255.46,617800
VN30,2024-04-09 03:24:00,1255.46,1255.52,1255.07,1255.38,436800
VN30,2024-04-09 03:25:00,1255.35,1255.42,1254.82,1255.12,671100
VN30,2024-04-09 03:26:00,1255.02,1255.15,1254.52,1254.52,342600
VN30,2024-04-09 03:27:00,1254.63,1254.68,1254.11,1254.11,315800
VN30,2024-04-09 03:28:00,1254.44,1254.44,1253.59,1253.92,778800
VN30,2024-04-09 03:29:00,1253.5,1253.55,1253.26,1253.55,471400
VN30,2024-04-09 03:30:00,1253.25,1253.54,1252.95,1252.95,444900
VN30,2024-04-09 03:31:00,1253.01,1253.44,1252.73,1252.94,465500
VN30,2024-04-09 03:32:00,1252.9,1253.85,1252.62,1253.85,723500
VN30,2024-04-09 03:33:00,1253.69,1253.89,1252.8,1253.02,554600
VN30,2024-04-09 03:34:00,1252.85,1253.17,1252.85,1253.07,587800
VN30,2024-04-09 03:35:00,1253.03,1253.87,1253.03,1253.09,381100
VN30,2024-04-09 03:36:00,1252.76,1253.7,1252.76,1252.93,782500
VN30,2024-04-09 03:37:00,1252.86,1253.19,1252.58,1252.69,568600
VN30,2024-04-09 03:38:00,1252.69,1254.27,1252.69,1253.91,580700
VN30,2024-04-09 03:39:00,1253.95,1254.61,1253.21,1254.61,716000
VN30,2024-04-09 03:40:00,1254.42,1254.87,1253.54,1253.64,482700
VN30,2024-04-09 03:41:00,1254.34,1254.39,1253.8,1254.37,566800
VN30,2024-04-09 03:42:00,1254.16,1254.55,1253.59,1254.12,764300
VN30,2024-04-09 03:43:00,1254.12,1254.32,1253.74,1253.84,329900
VN30,2024-04-09 03:44:00,1253.96,1254.56,1253.62,1254.06,447500
VN30,2024-04-09 03:45:00,1254.15,1254.42,1253.84,1254.08,590800
VN30,2024-04-09 03:46:00,1254.14,1254.72,1253.86,1254.72,282400
VN30,2024-04-09 03:47:00,1254.6,1254.88,1254.38,1254.6,422200
VN30,2024-04-09 03:48:00,1254.88,1254.99,1254.43,1254.86,418600
VN30,2024-04-09 03:49:00,1254.64,1254.75,1254.38,1254.7,348300
VN30,2024-04-09 03:50:00,1254.84,1255.22,1254.59,1255.22,269600
VN30,2024-04-09 03:51:00,1255.5,1255.52,1255.25,1255.25,204300
VN30,2024-04-09 03:52:00,1255.59,1255.59,1254.89,1254.93,439200
VN30,2024-04-09 03:53:00,1254.96,1255.13,1254.46,1254.5,206600
VN30,2024-04-09 03:54:00,1254.55,1254.82,1254.21,1254.32,184600
VN30,2024-04-09 03:55:00,1254.43,1254.77,1254.34,1254.34,184100
VN30,2024-04-09 03:56:00,1254.34,1254.69,1254.24,1254.24,423400
VN30,2024-04-09 03:57:00,1254.53,1254.83,1254.49,1254.64,315200
VN30,2024-04-09 03:58:00,1254.64,1254.85,1254.41,1254.5,278900
VN30,2024-04-09 03:59:00,1254.57,1254.64,1254.12,1254.42,214300
VN30,2024-04-09 04:00:00,1254.55,1254.91,1254.42,1254.91,232500
VN30,2024-04-09 04:01:00,1254.93,1254.93,1254.55,1254.84,866800
VN30,2024-04-09 04:02:00,1254.8,1255.01,1254.4,1254.79,572100
VN30,2024-04-09 04:03:00,1255.02,1255.02,1254.61,1254.72,645500
VN30,2024-04-09 04:04:00,1254.72,1254.84,1254.36,1254.64,313500
VN30,2024-04-09 04:05:00,1254.64,1254.83,1254.41,1254.71,246800
VN30,2024-04-09 04:06:00,1254.65,1254.77,1254.32,1254.5,294600
VN30,2024-04-09 04:07:00,1254.5,1254.71,1254.39,1254.6,347300
VN30,2024-04-09 04:08:00,1254.75,1254.94,1254.48,1254.89,940300
VN30,2024-04-09 04:09:00,1254.74,1255.26,1254.68,1255.02,861000
VN30,2024-04-09 04:10:00,1255.27,1255.43,1255.07,1255.31,498600
VN30,2024-04-09 04:11:00,1255.42,1255.51,1255.04,1255.39,681500
VN30,2024-04-09 04:12:00,1255.15,1255.15,1254.57,1255.02,269100
VN30,2024-04-09 04:13:00,1255.06,1255.22,1254.66,1254.66,416400
VN30,2024-04-09 04:14:00,1254.66,1255.68,1254.66,1255.68,715200
VN30,2024-04-09 04:15:00,1255.58,1255.82,1255.18,1255.18,1398700
VN30,2024-04-09 04:16:00,1255.47,1255.93,1255.2,1255.93,659500
VN30,2024-04-09 04:17:00,1255.72,1256.16,1255.43,1256.16,776300
VN30,2024-04-09 04:18:00,1256.23,1256.84,1256.11,1256.84,546300
VN30,2024-04-09 04:19:00,1256.77,1256.9,1256.2,1256.31,389000
VN30,2024-04-09 04:20:00,1256.45,1256.8,1256.24,1256.24,301800
VN30,2024-04-09 04:21:00,1256.32,1256.7,1256.04,1256.27,498700
VN30,2024-04-09 04:22:00,1256.2,1256.78,1255.96,1256.65,486600
VN30,2024-04-09 04:23:00,1256.34,1256.85,1256.34,1256.72,663700
VN30,2024-04-09 04:24:00,1256.55,1257.49,1256.55,1257.17,427400
VN30,2024-04-09 04:25:00,1257.23,1257.45,1257.07,1257.27,1019600
VN30,2024-04-09 04:26:00,1257.79,1258.68,1257.79,1258.39,1187500
VN30,2024-04-09 04:27:00,1258.49,1258.81,1258.11,1258.62,518800
VN30,2024-04-09 04:28:00,1258.65,1258.92,1257.94,1258.69,571700
VN30,2024-04-09 04:29:00,1258.65,1259.48,1258.32,1259.33,975400
VN30,2024-04-09 04:30:00,1259.12,1259.12,1259.12,1259.12,29200
VN30,2024-04-09 06:00:00,1259.31,1259.45,1258.56,1259.16,1949000
VN30,2024-04-09 06:01:00,1259.19,1260.05,1259.19,1260.0,1103500
VN30,2024-04-09 06:02:00,1259.86,1260.31,1259.75,1260.09,1174600
VN30,2024-04-09 06:03:00,1260.08,1260.4,1259.87,1259.87,1666100
VN30,2024-04-09 06:04:00,1259.93,1260.35,1259.66,1260.15,702000
VN30,2024-04-09 06:05:00,1260.16,1260.23,1259.66,1260.07,1281500
VN30,2024-04-09 06:06:00,1260.21,1260.25,1259.78,1260.11,674100
VN30,2024-04-09 06:07:00,1260.25,1260.78,1260.25,1260.7,687200
VN30,2024-04-09 06:08:00,1260.81,1261.04,1260.47,1260.49,644200
VN30,2024-04-09 06:09:00,1260.72,1260.72,1260.07,1260.07,578700
VN30,2024-04-09 06:10:00,1259.89,1260.58,1259.89,1259.94,846900
VN30,2024-04-09 06:11:00,1259.74,1259.98,1259.15,1259.87,1001900
VN30,2024-04-09 06:12:00,1259.85,1259.97,1259.18,1259.94,538500
VN30,2024-04-09 06:13:00,1259.6,1260.54,1259.6,1260.39,838400
VN30,2024-04-09 06:14:00,1260.36,1261.08,1259.96,1261.08,790900
VN30,2024-04-09 06:15:00,1261.07,1261.32,1260.26,1260.43,914300
VN30,2024-04-09 06:16:00,1260.78,1260.98,1260.02,1260.55,768800
VN30,2024-04-09 06:17:00,1260.79,1261.55,1260.45,1261.55,1011000
VN30,2024-04-09 06:18:00,1261.29,1262.07,1261.24,1261.78,1316600
VN30,2024-04-09 06:19:00,1261.58,1261.99,1261.47,1261.77,1147100
VN30,2024-04-09 06:20:00,1261.63,1262.12,1261.56,1262.0,1820400
VN30,2024-04-09 06:21:00,1261.78,1262.17,1261.56,1261.59,914600
VN30,2024-04-09 06:22:00,1261.97,1262.28,1261.61,1261.67,1053900
VN30,2024-04-09 06:23:00,1261.88,1261.88,1261.26,1261.65,969900
VN30,2024-04-09 06:24:00,1261.52,1261.65,1260.8,1261.11,733300
VN30,2024-04-09 06:25:00,1260.93,1261.02,1260.22,1260.35,1557200
VN30,2024-04-09 06:26:00,1260.43,1260.46,1259.49,1259.95,1073600
VN30,2024-04-09 06:27:00,1260.28,1260.28,1259.52,1260.18,765000
VN30,2024-04-09 06:28:00,1260.11,1260.56,1259.12,1259.29,567700
VN30,2024-04-09 06:29:00,1259.22,1259.52,1259.03,1259.19,1075800
VN30,2024-04-09 06:30:00,1259.41,1259.75,1259.24,1259.4,645200
VN30,2024-04-09 06:31:00,1259.47,1260.19,1259.41,1259.72,548800
VN30,2024-04-09 06:32:00,1259.41,1260.38,1259.41,1259.71,597800
VN30,2024-04-09 06:33:00,1259.72,1259.89,1259.57,1259.58,363900
VN30,2024-04-09 06:34:00,1259.53,1259.95,1259.48,1259.91,429600
VN30,2024-04-09 06:35:00,1259.5,1260.25,1259.38,1260.07,506900
VN30,2024-04-09 06:36:00,1260.03,1260.19,1259.23,1259.41,672100
VN30,2024-04-09 06:37:00,1259.77,1259.8,1259.27,1259.27,384500
VN30,2024-04-09 06:38:00,1259.46,1259.61,1259.19,1259.3,676900
VN30,2024-04-09 06:39:00,1259.44,1259.44,1258.87,1259.17,622500
VN30,2024-04-09 06:40:00,1259.23,1259.23,1258.65,1258.82,291400
VN30,2024-04-09 06:41:00,1258.96,1258.96,1258.56,1258.93,466100
VN30,2024-04-09 06:42:00,1258.93,1259.19,1258.74,1259.04,667800
VN30,2024-04-09 06:43:00,1258.63,1259.86,1258.63,1259.63,713700
VN30,2024-04-09 06:44:00,1259.92,1260.58,1259.77,1259.77,1058800
VN30,2024-04-09 06:45:00,1259.65,1260.64,1259.65,1260.39,1104200
VN30,2024-04-09 06:46:00,1260.59,1261.25,1260.59,1261.09,1380000
VN30,2024-04-09 06:47:00,1261.03,1261.36,1260.54,1260.54,1043200
VN30,2024-04-09 06:48:00,1260.63,1261.66,1260.63,1261.61,1082000
VN30,2024-04-09 06:49:00,1261.66,1262.13,1261.11,1261.11,1804700
VN30,2024-04-09 06:50:00,1261.06,1261.44,1260.79,1261.44,951900
VN30,2024-04-09 06:51:00,1261.33,1261.35,1260.37,1260.38,706800
VN30,2024-04-09 06:52:00,1260.52,1260.52,1259.93,1260.26,1024200
VN30,2024-04-09 06:53:00,1260.53,1260.63,1260.02,1260.5,566100
VN30,2024-04-09 06:54:00,1260.8,1261.07,1259.87,1260.26,591100
VN30,2024-04-09 06:55:00,1260.15,1260.43,1260.06,1260.29,740400
VN30,2024-04-09 06:56:00,1260.22,1260.47,1260.0,1260.29,555200
VN30,2024-04-09 06:57:00,1260.12,1260.31,1259.79,1259.96,527000
VN30,2024-04-09 06:58:00,1260.38,1260.46,1259.83,1259.83,852300
VN30,2024-04-09 06:59:00,1259.97,1260.54,1259.9,1259.95,487100
VN30,2024-04-09 07:00:00,1259.93,1260.49,1259.87,1260.17,647000
VN30,2024-04-09 07:01:00,1259.97,1260.48,1259.97,1260.22,798700
VN30,2024-04-09 07:02:00,1260.44,1261.07,1260.44,1260.91,3543900
VN30,2024-04-09 07:03:00,1260.82,1261.42,1260.39,1261.25,826100
VN30,2024-04-09 07:04:00,1261.21,1261.5,1260.63,1261.24,1171500
VN30,2024-04-09 07:05:00,1261.48,1261.48,1260.85,1261.27,763300
VN30,2024-04-09 07:06:00,1261.23,1261.53,1261.12,1261.51,2190000
VN30,2024-04-09 07:07:00,1261.38,1261.99,1261.36,1261.78,1106600
VN30,2024-04-09 07:08:00,1261.62,1262.5,1261.62,1262.37,738200
VN30,2024-04-09 07:09:00,1262.28,1262.64,1262.07,1262.64,595700
VN30,2024-04-09 07:10:00,1262.55,1262.91,1262.22,1262.8,1198200
VN30,2024-04-09 07:11:00,1262.46,1262.82,1262.33,1262.64,1066100
VN30,2024-04-09 07:12:00,1262.58,1263.12,1262.33,1262.55,803500
VN30,2024-04-09 07:13:00,1262.44,1263.07,1262.44,1262.97,1284700
VN30,2024-04-09 07:14:00,1262.71,1263.57,1262.58,1263.57,26385900
VN30,2024-04-09 07:15:00,1263.42,1263.46,1262.92,1263.27,1472700
VN30,2024-04-09 07:16:00,1263.71,1263.76,1262.93,1263.5,1530700
VN30,2024-04-09 07:17:00,1263.97,1264.49,1263.49,1264.17,2489800
VN30,2024-04-09 07:18:00,1263.79,1264.37,1263.56,1263.83,899400
VN30,2024-04-09 07:19:00,1263.72,1264.3,1263.7,1263.96,1044400
VN30,2024-04-09 07:20:00,1264.18,1264.3,1263.59,1264.3,1405900
VN30,2024-04-09 07:21:00,1264.01,1264.44,1263.73,1263.99,1062700
VN30,2024-04-09 07:22:00,1263.9,1264.17,1263.41,1263.92,2496900
VN30,2024-04-09 07:23:00,1264.63,1264.75,1264.1,1264.12,1227800
VN30,2024-04-09 07:24:00,1264.28,1264.36,1263.71,1264.36,1220300
VN30,2024-04-09 07:25:00,1264.41,1264.66,1263.98,1264.66,2008900
VN30,2024-04-09 07:26:00,1264.39,1264.73,1263.83,1264.73,2176500
VN30,2024-04-09 07:27:00,1264.29,1264.61,1263.95,1264.61,1798500
VN30,2024-04-09 07:28:00,1264.61,1265.03,1263.94,1265.03,1070600
VN30,2024-04-09 07:29:00,1264.95,1265.65,1263.95,1263.95,1689400
VN30,2024-04-09 07:30:00,1264.43,1264.43,1264.43,1264.43,63200
VN30,2024-04-09 07:45:00,1266.92,1266.92,1266.92,1266.92,15787000
VN30,2024-04-10 02:15:00,1271.37,1272.04,1271.25,1271.47,22411900
VN30,2024-04-10 02:16:00,1271.48,1271.66,1271.15,1271.66,1318200
VN30,2024-04-10 02:17:00,1271.6,1272.35,1271.54,1272.19,1242500
VN30,2024-04-10 02:18:00,1272.23,1272.23,1271.43,1271.92,2014900
VN30,2024-04-10 02:19:00,1271.84,1271.94,1270.74,1270.9,1468200
VN30,2024-04-10 02:20:00,1270.9,1271.19,1270.83,1271.19,976400
VN30,2024-04-10 02:21:00,1270.94,1270.94,1270.19,1270.42,975800
VN30,2024-04-10 02:22:00,1270.03,1270.16,1269.7,1270.0,1198220
VN30,2024-04-10 02:23:00,1269.78,1270.43,1269.78,1270.07,1088800
VN30,2024-04-10 02:24:00,1270.22,1270.82,1270.22,1270.75,1948700
VN30,2024-04-10 02:25:00,1271.13,1271.44,1270.83,1271.44,1293900
VN30,2024-04-10 02:26:00,1271.28,1271.67,1271.1,1271.34,2190100
VN30,2024-04-10 02:27:00,1271.39,1271.46,1271.14,1271.28,991500
VN30,2024-04-10 02:28:00,1271.38,1271.38,1270.59,1271.09,893300
VN30,2024-04-10 02:29:00,1271.07,1271.07,1269.67,1270.38,772200
VN30,2024-04-10 02:30:00,1270.26,1270.8,1270.1,1270.8,1106000
VN30,2024-04-10 02:31:00,1271.03,1271.06,1270.7,1270.72,1045500
VN30,2024-04-10 02:32:00,1270.88,1271.2,1270.47,1270.47,1092500
VN30,2024-04-10 02:33:00,1270.57,1271.39,1270.57,1271.32,1256800
VN30,2024-04-10 02:34:00,1271.33,1272.04,1271.28,1271.95,927400
VN30,2024-04-10 02:35:00,1271.81,1272.4,1271.81,1272.34,1417300
VN30,2024-04-10 02:36:00,1272.18,1272.72,1272.11,1272.11,883200
VN30,2024-04-10 02:37:00,1272.04,1272.32,1271.83,1272.1,1272700
VN30,2024-04-10 02:38:00,1272.52,1272.52,1271.64,1272.52,753200
VN30,2024-04-10 02:39:00,1272.44,1272.44,1271.22,1271.22,1092200
VN30,2024-04-10 02:40:00,1271.03,1271.89,1270.89,1271.77,817400
VN30,2024-04-10 02:41:00,1271.77,1272.1,1271.72,1271.74,699000
VN30,2024-04-10 02:42:00,1271.74,1272.28,1271.74,1272.28,953700
VN30,2024-04-10 02:43:00,1272.13,1272.38,1271.9,1272.3,730500
VN30,2024-04-10 02:44:00,1272.12,1273.06,1272.12,1272.9,850000
VN30,2024-04-10 02:45:00,1272.94,1273.74,1272.94,1273.48,621400
VN30,2024-04-10 02:46:00,1273.54,1274.06,1273.3,1273.42,748900
VN30,2024-04-10 02:47:00,1273.43,1273.49,1273.02,1273.29,774100
VN30,2024-04-10 02:48:00,1273.29,1273.43,1272.84,1273.38,686800
VN30,2024-04-10 02:49:00,1273.49,1274.11,1273.37,1274.11,1896900
VN30,2024-04-10 02:50:00,1274.29,1274.34,1273.84,1273.84,784600
VN30,2024-04-10 02:51:00,1273.95,1274.54,1273.84,1274.54,701900
VN30,2024-04-10 02:52:00,1274.54,1274.79,1274.31,1274.53,872300
VN30,2024-04-10 02:53:00,1274.47,1274.65,1274.17,1274.18,634000
VN30,2024-04-10 02:54:00,1274.51,1274.79,1274.16,1274.79,498000
VN30,2024-04-10 02:55:00,1274.63,1274.96,1274.07,1274.53,518200
VN30,2024-04-10 02:56:00,1274.47,1274.48,1274.02,1274.18,719200
VN30,2024-04-10 02:57:00,1274.22,1274.22,1273.53,1273.8,1195800
VN30,2024-04-10 02:58:00,1273.27,1273.27,1272.66,1272.96,977400
VN30,2024-04-10 02:59:00,1272.96,1273.17,1272.51,1272.87,829000
VN30,2024-04-10 03:00:00,1272.84,1273.2,1272.63,1272.77,433500
VN30,2024-04-10 03:01:00,1272.78,1272.99,1272.46,1272.64,603500
VN30,2024-04-10 03:02:00,1272.57,1272.87,1272.47,1272.86,684400
VN30,2024-04-10 03:03:00,1272.49,1273.2,1272.41,1272.41,1741800
VN30,2024-04-10 03:04:00,1272.39,1272.79,1272.19,1272.45,952500
VN30,2024-04-10 03:05:00,1272.59,1273.24,1272.35,1272.79,1934200
VN30,2024-04-10 03:06:00,1273.06,1273.56,1273.06,1273.21,902800
VN30,2024-04-10 03:07:00,1273.44,1274.09,1273.44,1273.8,1190300
VN30,2024-04-10 03:08:00,1273.88,1274.77,1273.63,1274.46,1003000
VN30,2024-04-10 03:09:00,1274.92,1275.07,1274.47,1274.79,1461500
VN30,2024-04-10 03:10:00,1275.03,1275.2,1274.44,1274.44,1105600
VN30,2024-04-10 03:11:00,1274.58,1275.57,1274.58,1275.57,1694200
VN30,2024-04-10 03:12:00,1275.85,1276.08,1275.48,1276.08,1412400
VN30,2024-04-10 03:13:00,1275.68,1275.98,1275.57,1275.57,1455000
VN30,2024-04-10 03:14:00,1275.36,1275.52,1274.79,1274.79,1447800
VN30,2024-04-10 03:15:00,1274.59,1275.12,1274.16,1274.16,1740600
VN30,2024-04-10 03:16:00,1274.44,1274.73,1273.49,1273.78,2025700
VN30,2024-04-10 03:17:00,1274.05,1274.39,1273.35,1274.24,1136700
VN30,2024-04-10 03:18:00,1274.29,1274.42,1273.48,1273.93,520000
VN30,2024-04-10 03:19:00,1274.16,1274.26,1273.71,1274.23,551900
VN30,2024-04-10 03:20:00,1274.12,1274.26,1273.68,1273.98,387300
VN30,2024-04-10 03:21:00,1273.98,1274.21,1273.31,1274.21,588200
VN30,2024-04-10 03:22:00,1273.74,1273.74,1272.93,1273.07,782900
VN30,2024-04-10 03:23:00,1272.91,1273.43,1272.8,1273.25,929900
VN30,2024-04-10 03:24:00,1272.92,1273.42,1272.92,1273.42,698400
VN30,2024-04-10 03:25:00,1273.49,1273.74,1273.14,1273.15,777700
VN30,2024-04-10 03:26:00,1273.12,1273.61,1273.12,1273.31,459000
VN30,2024-04-10 03:27:00,1273.28,1273.46,1272.8,1273.1,499200
VN30,2024-04-10 03:28:00,1273.1,1273.54,1272.84,1273.54,412900
VN30,2024-04-10 03:29:00,1273.53,1273.86,1273.27,1273.37,1505500
VN30,2024-04-10 03:30:00,1273.44,1273.88,1273.37,1273.71,4530800
VN30,2024-04-10 03:31:00,1273.65,1274.53,1273.64,1274.53,694200
VN30,2024-04-10 03:32:00,1274.37,1274.43,1273.71,1273.97,3112500
VN30,2024-04-10 03:33:00,1274.12,1274.27,1273.44,1273.44,461300
VN30,2024-04-10 03:34:00,1273.66,1273.98,1273.54,1273.6,688600
VN30,2024-04-10 03:35:00,1273.71,1273.81,1273.34,1273.41,1013300
VN30,2024-04-10 03:36:00,1273.44,1273.55,1272.9,1273.45,775000
VN30,2024-04-10 03:37:00,1273.19,1273.92,1273.19,1273.72,933700
VN30,2024-04-10 03:38:00,1273.52,1273.84,1273.24,1273.44,274000
VN30,2024-04-10 03:39:00,1273.51,1274.24,1273.24,1273.75,398600
VN30,2024-04-10 03:40:00,1273.75,1273.91,1273.39,1273.7,325700
VN30,2024-04-10 03:41:00,1273.94,1274.09,1273.74,1274.09,321600
VN30,2024-04-10 03:42:00,1274.04,1274.13,1273.64,1273.92,545300
VN30,2024-04-10 03:43:00,1274.05,1274.05,1273.47,1273.55,3955400
VN30,2024-04-10 03:44:00,1273.74,1274.03,1273.4,1273.65,306100
VN30,2024-04-10 03:45:00,1273.69,1273.81,1273.26,1273.58,321800
VN30,2024-04-10 03:46:00,1273.78,1273.78,1273.11,1273.35,602900
VN30,2024-04-10 03:47:00,1273.11,1273.54,1272.9,1273.54,2522800
VN30,2024-04-10 03:48:00,1273.31,1273.49,1273.25,1273.45,492100
VN30,2024-04-10 03:49:00,1273.31,1273.47,1272.76,1273.07,257600
VN30,2024-04-10 03:50:00,1273.07,1273.28,1272.73,1272.75,685100
VN30,2024-04-10 03:51:00,1273.0,1273.0,1272.39,1272.49,337900
VN30,2024-04-10 03:52:00,1272.73,1272.84,1272.22,1272.41,658800
VN30,2024-04-10 03:53:00,1272.41,1272.46,1272.05,1272.05,434500
VN30,2024-04-10 03:54:00,1272.07,1272.32,1271.55,1271.55,664300
VN30,2024-04-10 03:55:00,1271.76,1272.16,1271.32,1271.32,714300
VN30,2024-04-10 03:56:00,1271.37,1271.61,1271.11,1271.46,1219800
VN30,2024-04-10 03:57:00,1271.46,1271.46,1270.87,1270.87,659300
VN30,2024-04-10 03:58:00,1271.34,1271.6,1271.03,1271.15,606600
VN30,2024-04-10 03:59:00,1270.9,1271.68,1270.9,1271.57,335100
VN30,2024-04-10 04:00:00,1271.42,1271.91,1270.49,1270.49,444000
VN30,2024-04-10 04:01:00,1270.49,1271.14,1270.49,1271.13,332300
VN30,2024-04-10 04:02:00,1271.32,1271.55,1271.1,1271.55,400200
VN30,2024-04-10 04:03:00,1271.78,1271.88,1271.43,1271.59,226200
VN30,2024-04-10 04:04:00,1271.58,1271.71,1271.22,1271.45,231500
VN30,2024-04-10 04:05:00,1271.59,1271.59,1271.05,1271.22,282200
VN30,2024-04-10 04:06:00,1271.09,1271.3,1270.96,1271.3,210800
VN30,2024-04-10 04:07:00,1271.26,1271.5,1270.98,1271.5,217800
VN30,2024-04-10 04:08:00,1271.5,1271.84,1271.17,1271.17,171800
VN30,2024-04-10 04:09:00,1271.52,1271.52,1270.8,1271.27,504200
VN30,2024-04-10 04:10:00,1271.11,1271.35,1271.04,1271.11,266900
VN30,2024-04-10 04:11:00,1271.03,1271.27,1270.65,1271.08,320100
VN30,2024-04-10 04:12:00,1271.06,1271.39,1270.9,1271.33,300400
VN30,2024-04-10 04:13:00,1271.33,1271.45,1270.97,1271.07,387400
VN30,2024-04-10 04:14:00,1271.24,1271.36,1270.74,1271.36,311200
VN30,2024-04-10 04:15:00,1271.3,1271.6,1270.83,1271.6,271500
VN30,2024-04-10 04:16:00,1271.1,1271.55,1271.07,1271.19,212600
VN30,2024-04-10 04:17:00,1271.12,1271.38,1270.81,1271.38,406100
VN30,2024-04-10 04:18:00,1271.12,1271.38,1270.8,1271.06,461900
VN30,2024-04-10 04:19:00,1271.15,1271.28,1270.99,1271.09,344600
VN30,2024-04-10 04:20:00,1270.93,1271.25,1270.82,1271.09,516000
VN30,2024-04-10 04:21:00,1271.15,1271.4,1271.09,1271.19,635900
VN30,2024-04-10 04:22:00,1271.25,1271.44,1270.96,1270.97,276200
VN30,2024-04-10 04:23:00,1270.96,1271.61,1270.71,1271.61,662000
VN30,2024-04-10 04:24:00,1271.01,1271.56,1271.01,1271.04,371100
VN30,2024-04-10 04:25:00,1270.88,1271.73,1270.84,1271.4,418600
VN30,2024-04-10 04:26:00,1271.46,1272.23,1270.89,1271.36,352500
VN30,2024-04-10 04:27:00,1271.18,1271.4,1270.71,1270.75,207300
VN30,2024-04-10 04:28:00,1270.77,1271.16,1270.09,1270.36,282000
VN30,2024-04-10 04:29:00,1270.58,1271.46,1270.15,1271.41,323300
VN30,2024-04-10 04:30:00,1271.41,1271.41,1271.41,1271.41,3400
VN30,2024-04-10 06:00:00,1271.26,1271.63,1271.13,1271.13,1511900
VN30,2024-04-10 06:01:00,1270.92,1270.92,1270.27,1270.45,446200
VN30,2024-04-10 06:02:00,1270.56,1270.84,1270.35,1270.84,298400
VN30,2024-04-10 06:03:00,1270.78,1270.87,1270.37,1270.87,345000
VN30,2024-04-10 06:04:00,1270.97,1270.97,1270.27,1270.45,525100
VN30,2024-04-10 06:05:00,1270.5,1270.98,1270.47,1270.63,1129700
VN30,2024-04-10 06:06:00,1270.69,1271.05,1270.37,1270.97,1556500
VN30,2024-04-10 06:07:00,1270.96,1271.48,1270.81,1271.48,667400
VN30,2024-04-10 06:08:00,1271.16,1271.93,1271.16,1271.61,563200
VN30,2024-04-10 06:09:00,1271.82,1271.87,1271.42,1271.87,432700
VN30,2024-04-10 06:10:00,1271.86,1271.97,1271.48,1271.97,570600
VN30,2024-04-10 06:11:00,1271.8,1272.51,1271.62,1272.4,785700
VN30,2024-04-10 06:12:00,1272.4,1272.93,1271.98,1272.31,673400
VN30,2024-04-10 06:13:00,1272.38,1273.07,1272.06,1272.63,545800
VN30,2024-04-10 06:14:00,1272.72,1272.72,1271.87,1272.2,413600
VN30,2024-04-10 06:15:00,1272.09,1272.56,1271.54,1272.34,794300
VN30,2024-04-10 06:16:00,1272.55,1272.59,1271.73,1272.26,1383900
VN30,2024-04-10 06:17:00,1272.18,1272.46,1271.69,1271.69,1656700
VN30,2024-04-10 06:18:00,1271.64,1271.95,1271.48,1271.95,552400
VN30,2024-04-10 06:19:00,1271.58,1272.55,1271.58,1272.28,532600
VN30,2024-04-10 06:20:00,1272.47,1272.56,1271.38,1271.38,1990200
VN30,2024-04-10 06:21:00,1271.24,1271.7,1271.24,1271.59,1000700
VN30,2024-04-10 06:22:00,1271.39,1272.01,1271.38,1271.62,418100
VN30,2024-04-10 06:23:00,1271.62,1272.03,1271.4,1271.75,555200
VN30,2024-04-10 06:24:00,1271.97,1271.97,1270.96,1270.96,954100
VN30,2024-04-10 06:25:00,1271.11,1271.11,1270.16,1270.16,886700
VN30,2024-04-10 06:26:00,1270.22,1270.37,1269.73,1269.73,1281400
VN30,2024-04-10 06:27:00,1269.83,1269.97,1269.3,1269.68,1215200
VN30,2024-04-10 06:28:00,1269.64,1269.68,1269.26,1269.34,1093600
VN30,2024-04-10 06:29:00,1269.22,1269.76,1269.12,1269.29,995500
VN30,2024-04-10 06:30:00,1269.35,1269.65,1268.84,1268.84,1500300
VN30,2024-04-10 06:31:00,1268.84,1269.12,1268.6,1269.0,685100
VN30,2024-04-10 06:32:00,1269.02,1269.02,1268.27,1268.62,938400
VN30,2024-04-10 06:33:00,1268.27,1269.07,1268.27,1268.79,855800
VN30,2024-04-10 06:34:00,1268.83,1268.86,1268.15,1268.15,731800
VN30,2024-04-10 06:35:00,1268.22,1268.22,1267.3,1267.97,1053100
VN30,2024-04-10 06:36:00,1268.18,1268.45,1267.89,1268.45,3970300
VN30,2024-04-10 06:37:00,1268.53,1268.53,1268.18,1268.24,1650700
VN30,2024-04-10 06:38:00,1267.61,1268.61,1267.61,1268.34,1294400
VN30,2024-04-10 06:39:00,1268.56,1268.65,1268.24,1268.52,1011400
VN30,2024-04-10 06:40:00,1268.49,1268.87,1268.36,1268.87,478900
VN30,2024-04-10 06:41:00,1268.88,1269.35,1268.67,1268.92,414500
VN30,2024-04-10 06:42:00,1269.03,1269.23,1268.37,1268.37,787900
VN30,2024-04-10 06:43:00,1268.37,1268.88,1267.98,1268.74,606400
VN30,2024-04-10 06:44:00,1268.59,1269.02,1268.08,1269.02,1042200
VN30,2024-04-10 06:45:00,1269.23,1269.23,1268.5,1268.87,954500
VN30,2024-04-10 06:46:00,1268.98,1269.06,1268.38,1268.82,573700
VN30,2024-04-10 06:47:00,1268.32,1268.9,1267.73,1267.89,1394400
VN30,2024-04-10 06:48:00,1267.97,1268.39,1267.81,1268.1,695200
VN30,2024-04-10 06:49:00,1267.95,1267.97,1267.38,1267.47,589800
VN30,2024-04-10 06:50:00,1267.34,1268.02,1266.82,1266.82,565800
VN30,2024-04-10 06:51:00,1267.22,1267.34,1266.8,1266.8,995300
VN30,2024-04-10 06:52:00,1267.04,1267.53,1266.85,1267.09,797400
VN30,2024-04-10 06:53:00,1267.0,1267.38,1266.44,1266.5,853800
VN30,2024-04-10 06:54:00,1266.56,1267.08,1266.56,1266.88,1297300
VN30,2024-04-10 06:55:00,1266.71,1266.71,1266.37,1266.6,943200
VN30,2024-04-10 06:56:00,1266.46,1266.65,1265.99,1265.99,788400
VN30,2024-04-10 06:57:00,1266.54,1266.54,1265.68,1266.1,832400
VN30,2024-04-10 06:58:00,1266.09,1266.63,1266.09,1266.63,655000
VN30,2024-04-10 06:59:00,1266.38,1266.49,1266.03,1266.22,709700
VN30,2024-04-10 07:00:00,1266.43,1267.13,1266.24,1267.08,652000
VN30,2024-04-10 07:01:00,1267.51,1268.45,1267.32,1268.34,1390300
VN30,2024-04-10 07:02:00,1268.79,1268.97,1268.39,1268.77,1000000
VN30,2024-04-10 07:03:00,1268.63,1268.88,1268.5,1268.55,1042300
VN30,2024-04-10 07:04:00,1269.05,1269.5,1268.79,1269.11,671800
VN30,2024-04-10 07:05:00,1269.06,1269.06,1268.38,1268.78,458400
VN30,2024-04-10 07:06:00,1268.55,1268.93,1268.35,1268.64,384500
VN30,2024-04-10 07:07:00,1268.82,1268.91,1268.39,1268.39,715900
VN30,2024-04-10 07:08:00,1268.63,1268.96,1268.63,1268.93,506700
VN30,2024-04-10 07:09:00,1268.98,1269.28,1268.84,1268.97,451400
VN30,2024-04-10 07:10:00,1268.95,1269.31,1268.95,1269.22,550500
VN30,2024-04-10 07:11:00,1269.12,1269.34,1269.0,1269.0,480800
VN30,2024-04-10 07:12:00,1269.26,1269.68,1269.26,1269.4,973200
VN30,2024-04-10 07:13:00,1269.62,1269.72,1269.2,1269.45,905100
VN30,2024-04-10 07:14:00,1269.6,1269.63,1268.83,1269.37,1102600
VN30,2024-04-10 07:15:00,1269.38,1269.79,1268.96,1269.78,609800
VN30,2024-04-10 07:16:00,1269.84,1270.04,1269.45,1269.7,768700
VN30,2024-04-10 07:17:00,1269.7,1270.35,1269.51,1270.35,1178700
VN30,2024-04-10 07:18:00,1270.11,1270.96,1269.93,1270.64,1084400
VN30,2024-04-10 07:19:00,1270.73,1271.28,1270.46,1271.28,1074300
VN30,2024-04-10 07:20:00,1271.31,1271.31,1270.47,1270.76,967000
VN30,2024-04-10 07:21:00,1270.84,1270.84,1269.88,1269.88,1090500
VN30,2024-04-10 07:22:00,1270.2,1270.43,1270.01,1270.13,707600
VN30,2024-04-10 07:23:00,1270.21,1270.35,1269.2,1269.48,805000
VN30,2024-04-10 07:24:00,1269.71,1269.71,1268.44,1268.44,1159200
VN30,2024-04-10 07:25:00,1268.29,1268.52,1266.81,1266.81,1859700
VN30,2024-04-10 07:26:00,1266.86,1267.26,1266.61,1266.82,1975900
VN30,2024-04-10 07:27:00,1266.43,1266.63,1266.12,1266.2,1719800
VN30,2024-04-10 07:28:00,1266.25,1266.28,1265.6,1266.01,1139700
VN30,2024-04-10 07:29:00,1266.1,1266.47,1265.11,1266.21,1506500
VN30,2024-04-10 07:30:00,1266.31,1266.31,1266.31,1266.31,58600
VN30,2024-04-10 07:45:00,1263.82,1263.82,1263.82,1263.82,13988800
VN30,2024-04-11 02:15:00,1262.96,1262.96,1256.03,1256.46,6124300
VN30,2024-04-11 02:16:00,1256.33,1256.33,1254.68,1254.95,1058900
VN30,2024-04-11 02:17:00,1255.06,1255.32,1254.64,1254.77,1083500
VN30,2024-04-11 02:18:00,1254.84,1255.27,1254.64,1255.01,934400
VN30,2024-04-11 02:19:00,1254.73,1255.11,1254.73,1254.77,1205100
VN30,2024-04-11 02:20:00,1254.95,1256.44,1254.95,1256.42,1332100
VN30,2024-04-11 02:21:00,1256.53,1258.3,1256.53,1258.3,1232400
VN30,2024-04-11 02:22:00,1258.47,1259.12,1258.36,1259.12,1021800
VN30,2024-04-11 02:23:00,1259.0,1259.91,1259.0,1259.29,1089600
VN30,2024-04-11 02:24:00,1259.19,1259.87,1259.19,1259.71,1147900
VN30,2024-04-11 02:25:00,1259.68,1259.84,1259.42,1259.57,862500
VN30,2024-04-11 02:26:00,1259.6,1259.6,1258.98,1259.15,845200
VN30,2024-04-11 02:27:00,1258.84,1258.84,1258.34,1258.34,1151100
VN30,2024-04-11 02:28:00,1258.4,1258.4,1257.74,1257.8,1090600
VN30,2024-04-11 02:29:00,1257.94,1257.94,1257.08,1257.08,1032900
VN30,2024-04-11 02:30:00,1257.04,1257.25,1256.92,1256.92,1907900
VN30,2024-04-11 02:31:00,1256.74,1256.88,1256.36,1256.59,827100
VN30,2024-04-11 02:32:00,1255.92,1256.16,1255.71,1255.77,1144300
VN30,2024-04-11 02:33:00,1255.83,1256.5,1255.61,1256.5,864000
VN30,2024-04-11 02:34:00,1256.59,1256.97,1256.11,1256.79,589300
VN30,2024-04-11 02:35:00,1256.87,1257.23,1256.64,1257.14,579300
VN30,2024-04-11 02:36:00,1257.14,1257.35,1256.61,1257.26,995700
VN30,2024-04-11 02:37:00,1257.24,1258.0,1257.24,1257.95,703300
VN30,2024-04-11 02:38:00,1257.91,1258.28,1257.86,1258.19,1251400
VN30,2024-04-11 02:39:00,1258.1,1258.73,1258.1,1258.73,663200
VN30,2024-04-11 02:40:00,1258.48,1258.91,1258.48,1258.86,526900
VN30,2024-04-11 02:41:00,1258.99,1259.75,1258.98,1259.46,1575800
VN30,2024-04-11 02:42:00,1259.46,1260.2,1259.46,1260.14,848000
VN30,2024-04-11 02:43:00,1260.26,1260.94,1260.26,1260.87,799100
VN30,2024-04-11 02:44:00,1260.76,1261.1,1260.42,1260.95,442000
VN30,2024-04-11 02:45:00,1261.24,1261.4,1260.73,1261.28,609300
VN30,2024-04-11 02:46:00,1261.26,1261.26,1259.4,1259.4,782600
VN30,2024-04-11 02:47:00,1259.74,1259.74,1258.51,1258.51,898600
VN30,2024-04-11 02:48:00,1258.97,1259.42,1258.39,1259.38,1089800
VN30,2024-04-11 02:49:00,1259.66,1259.95,1258.64,1259.95,541900
VN30,2024-04-11 02:50:00,1260.12,1260.41,1259.97,1260.28,402400
VN30,2024-04-11 02:51:00,1259.98,1260.38,1259.8,1260.16,340600
VN30,2024-04-11 02:52:00,1260.14,1260.37,1258.93,1258.93,528900
VN30,2024-04-11 02:53:00,1259.09,1259.36,1258.58,1259.36,548300
VN30,2024-04-11 02:54:00,1259.57,1259.77,1259.48,1259.5,411800
VN30,2024-04-11 02:55:00,1259.38,1259.66,1259.24,1259.24,564500
VN30,2024-04-11 02:56:00,1259.26,1259.65,1259.17,1259.65,417900
VN30,2024-04-11 02:57:00,1259.65,1259.81,1259.29,1259.81,529200
VN30,2024-04-11 02:58:00,1259.68,1260.25,1259.68,1259.74,236800
VN30,2024-04-11 02:59:00,1260.13,1260.21,1259.56,1259.56,235500
VN30,2024-04-11 03:00:00,1259.71,1259.84,1259.28,1259.84,276000
VN30,2024-04-11 03:01:00,1259.84,1260.0,1259.51,1259.83,276500
VN30,2024-04-11 03:02:00,1259.83,1260.22,1259.71,1260.12,645100
VN30,2024-04-11 03:03:00,1260.12,1260.46,1260.02,1260.23,795900
VN30,2024-04-11 03:04:00,1260.23,1260.23,1259.77,1259.77,294800
VN30,2024-04-11 03:05:00,1259.91,1260.55,1259.91,1260.55,280500
VN30,2024-04-11 03:06:00,1260.62,1260.74,1260.22,1260.42,478600
VN30,2024-04-11 03:07:00,1260.29,1260.45,1260.19,1260.19,380900
VN30,2024-04-11 03:08:00,1260.47,1260.53,1260.31,1260.37,355600
VN30,2024-04-11 03:09:00,1260.24,1261.13,1260.21,1260.85,696900
VN30,2024-04-11 03:10:00,1260.79,1261.07,1260.45,1261.07,357300
VN30,2024-04-11 03:11:00,1261.38,1261.38,1261.11,1261.27,398500
VN30,2024-04-11 03:12:00,1261.27,1261.56,1261.27,1261.38,393200
VN30,2024-04-11 03:13:00,1261.38,1261.6,1261.03,1261.51,568200
VN30,2024-04-11 03:14:00,1261.3,1261.62,1261.25,1261.48,855900
VN30,2024-04-11 03:15:00,1261.42,1261.62,1261.27,1261.54,629300
VN30,2024-04-11 03:16:00,1261.51,1261.84,1261.49,1261.76,353000
VN30,2024-04-11 03:17:00,1261.7,1261.93,1261.45,1261.93,544200
VN30,2024-04-11 03:18:00,1261.93,1262.01,1261.82,1261.92,296700
VN30,2024-04-11 03:19:00,1261.78,1261.78,1261.33,1261.36,613400
VN30,2024-04-11 03:20:00,1261.59,1262.13,1261.56,1262.08,536100
VN30,2024-04-11 03:21:00,1262.1,1262.47,1261.93,1262.13,605400
VN30,2024-04-11 03:22:00,1261.97,1262.13,1261.84,1261.84,1566800
VN30,2024-04-11 03:23:00,1261.84,1262.39,1261.84,1262.39,589900
VN30,2024-04-11 03:24:00,1262.42,1262.88,1262.2,1262.88,641400
VN30,2024-04-11 03:25:00,1262.77,1263.36,1262.77,1263.36,976300
VN30,2024-04-11 03:26:00,1263.35,1263.35,1262.79,1263.11,795000
VN30,2024-04-11 03:27:00,1262.92,1263.44,1262.77,1263.44,626000
VN30,2024-04-11 03:28:00,1263.44,1263.44,1262.71,1263.24,626500
VN30,2024-04-11 03:29:00,1263.49,1263.55,1262.38,1263.19,722400
VN30,2024-04-11 03:30:00,1263.3,1263.49,1263.03,1263.44,541900
VN30,2024-04-11 03:31:00,1263.33,1263.72,1263.33,1263.42,354300
VN30,2024-04-11 03:32:00,1263.48,1263.52,1262.02,1262.02,460700
VN30,2024-04-11 03:33:00,1261.77,1262.05,1261.27,1261.27,703600
VN30,2024-04-11 03:34:00,1261.58,1261.75,1261.4,1261.4,528300
VN30,2024-04-11 03:35:00,1261.63,1261.63,1260.93,1261.54,641900
VN30,2024-04-11 03:36:00,1261.23,1261.68,1261.05,1261.35,340600
VN30,2024-04-11 03:37:00,1261.51,1261.51,1260.98,1260.98,723300
VN30,2024-04-11 03:38:00,1261.36,1261.42,1260.57,1260.71,404000
VN30,2024-04-11 03:39:00,1260.71,1261.36,1260.66,1260.98,547100
VN30,2024-04-11 03:40:00,1261.23,1261.34,1260.75,1261.06,467700
VN30,2024-04-11 03:41:00,1261.06,1261.3,1260.54,1261.3,319000
VN30,2024-04-11 03:42:00,1261.03,1261.37,1260.86,1261.37,344000
VN30,2024-04-11 03:43:00,1261.3,1261.33,1260.91,1261.31,318800
VN30,2024-04-11 03:44:00,1261.17,1261.57,1261.03,1261.03,566900
VN30,2024-04-11 03:45:00,1261.25,1261.75,1261.22,1261.5,384700
VN30,2024-04-11 03:46:00,1261.4,1261.48,1261.15,1261.39,488100
VN30,2024-04-11 03:47:00,1261.58,1261.78,1261.14,1261.38,268600
VN30,2024-04-11 03:48:00,1261.56,1261.65,1260.68,1260.95,387300
VN30,2024-04-11 03:49:00,1261.01,1261.31,1260.89,1260.98,458600
VN30,2024-04-11 03:50:00,1261.16,1261.25,1260.6,1260.75,250700
VN30,2024-04-11 03:51:00,1261.23,1261.59,1260.8,1261.11,522300
VN30,2024-04-11 03:52:00,1260.96,1261.51,1260.96,1261.35,585100
VN30,2024-04-11 03:53:00,1261.31,1261.62,1261.25,1261.54,339900
VN30,2024-04-11 03:54:00,1261.6,1261.63,1261.0,1261.03,223300
VN30,2024-04-11 03:55:00,1261.07,1261.49,1260.94,1261.13,211300
VN30,2024-04-11 03:56:00,1261.29,1261.36,1260.49,1260.49,376000
VN30,2024-04-11 03:57:00,1260.59,1261.21,1260.59,1261.16,168400
VN30,2024-04-11 03:58:00,1261.08,1261.58,1260.9,1261.58,264500
VN30,2024-04-11 03:59:00,1260.74,1261.36,1260.72,1260.99,398700
VN30,2024-04-11 04:00:00,1261.04,1261.49,1260.59,1260.59,411900
VN30,2024-04-11 04:01:00,1260.75,1261.09,1260.63,1260.95,161500
VN30,2024-04-11 04:02:00,1260.76,1260.76,1260.15,1260.47,348500
VN30,2024-04-11 04:03:00,1260.57,1260.73,1259.84,1260.04,221900
VN30,2024-04-11 04:04:00,1260.24,1260.24,1259.48,1259.65,751300
VN30,2024-04-11 04:05:00,1260.01,1260.25,1259.88,1260.01,369900
VN30,2024-04-11 04:06:00,1260.41,1260.41,1259.77,1260.02,617500
VN30,2024-04-11 04:07:00,1259.95,1260.07,1259.49,1260.07,515900
VN30,2024-04-11 04:08:00,1259.97,1259.97,1259.25,1259.54,487400
VN30,2024-04-11 04:09:00,1259.45,1259.48,1259.0,1259.0,245800
VN30,2024-04-11 04:10:00,1259.21,1259.56,1258.81,1258.81,286600
VN30,2024-04-11 04:11:00,1259.13,1259.19,1258.76,1258.89,289000
VN30,2024-04-11 04:12:00,1258.76,1259.49,1258.49,1258.84,238300
VN30,2024-04-11 04:13:00,1258.91,1259.27,1258.85,1259.21,440300
VN30,2024-04-11 04:14:00,1259.21,1259.46,1259.01,1259.46,409100
VN30,2024-04-11 04:15:00,1259.74,1259.74,1259.01,1259.66,423000
VN30,2024-04-11 04:16:00,1259.64,1259.96,1259.19,1259.71,627600
VN30,2024-04-11 04:17:00,1259.75,1259.75,1259.02,1259.56,263600
VN30,2024-04-11 04:18:00,1259.1,1259.62,1258.84,1259.47,623600
VN30,2024-04-11 04:19:00,1259.26,1259.72,1259.26,1259.55,577500
VN30,2024-04-11 04:20:00,1259.95,1260.0,1259.46,1259.65,430900
VN30,2024-04-11 04:21:00,1259.65,1260.24,1259.57,1259.92,443600
VN30,2024-04-11 04:22:00,1260.08,1260.15,1259.65,1259.94,210500
VN30,2024-04-11 04:23:00,1260.11,1260.11,1259.26,1259.78,419700
VN30,2024-04-11 04:24:00,1259.53,1259.94,1259.35,1259.71,210100
VN30,2024-04-11 04:25:00,1259.76,1260.47,1259.76,1259.95,370000
VN30,2024-04-11 04:26:00,1259.8,1260.56,1259.8,1260.56,548100
VN30,2024-04-11 04:27:00,1260.39,1261.08,1260.3,1260.9,351200
VN30,2024-04-11 04:28:00,1260.96,1261.28,1260.49,1260.91,326200
VN30,2024-04-11 04:29:00,1260.86,1261.36,1260.6,1261.09,366600
VN30,2024-04-11 04:30:00,1261.31,1261.31,1261.31,1261.31,1600
VN30,2024-04-11 06:00:00,1261.08,1261.19,1260.46,1260.63,1280500
VN30,2024-04-11 06:01:00,1260.65,1260.7,1260.39,1260.6,380400
VN30,2024-04-11 06:02:00,1260.63,1260.85,1260.41,1260.76,581600
VN30,2024-04-11 06:03:00,1260.79,1261.59,1260.53,1261.59,504600
VN30,2024-04-11 06:04:00,1261.56,1261.95,1261.36,1261.63,572500
VN30,2024-04-11 06:05:00,1261.7,1262.41,1261.27,1262.22,529700
VN30,2024-04-11 06:06:00,1262.22,1262.8,1262.1,1262.1,842000
VN30,2024-04-11 06:07:00,1262.52,1263.18,1262.39,1263.08,670800
VN30,2024-04-11 06:08:00,1263.15,1263.3,1262.9,1263.26,978100
VN30,2024-04-11 06:09:00,1263.39,1263.64,1263.24,1263.44,1593900
VN30,2024-04-11 06:10:00,1263.62,1264.26,1263.51,1263.89,653900
VN30,2024-04-11 06:11:00,1263.64,1264.2,1263.49,1263.49,592900
VN30,2024-04-11 06:12:00,1263.81,1263.91,1263.33,1263.33,788400
VN30,2024-04-11 06:13:00,1263.38,1264.13,1263.38,1263.68,599000
VN30,2024-04-11 06:14:00,1263.66,1264.15,1263.5,1264.15,788600
VN30,2024-04-11 06:15:00,1263.41,1264.21,1263.41,1263.41,679700
VN30,2024-04-11 06:16:00,1263.32,1263.67,1263.02,1263.31,370200
VN30,2024-04-11 06:17:00,1263.37,1263.81,1263.07,1263.47,675900
VN30,2024-04-11 06:18:00,1263.34,1263.67,1263.22,1263.33,570400
VN30,2024-04-11 06:19:00,1263.61,1263.61,1263.0,1263.29,595500
VN30,2024-04-11 06:20:00,1262.64,1262.95,1262.21,1262.37,1219000
VN30,2024-04-11 06:21:00,1262.04,1262.39,1261.44,1261.87,895800
VN30,2024-04-11 06:22:00,1261.74,1262.54,1261.51,1262.54,683500
VN30,2024-04-11 06:23:00,1261.87,1262.46,1261.49,1261.49,642000
VN30,2024-04-11 06:24:00,1261.85,1262.24,1261.36,1261.98,1627500
VN30,2024-04-11 06:25:00,1262.03,1262.18,1261.77,1261.77,1078800
VN30,2024-04-11 06:26:00,1261.91,1262.37,1261.82,1262.18,745100
VN30,2024-04-11 06:27:00,1262.54,1262.66,1262.13,1262.41,467300
VN30,2024-04-11 06:28:00,1262.8,1262.8,1261.99,1262.03,864200
VN30,2024-04-11 06:29:00,1262.23,1262.57,1262.23,1262.56,536000
VN30,2024-04-11 06:30:00,1262.76,1262.82,1262.09,1262.39,822100
VN30,2024-04-11 06:31:00,1262.26,1262.94,1262.22,1262.93,676900
VN30,2024-04-11 06:32:00,1262.28,1262.62,1261.76,1262.38,623800
VN30,2024-04-11 06:33:00,1261.96,1262.79,1261.96,1262.79,390400
VN30,2024-04-11 06:34:00,1262.49,1262.63,1262.17,1262.39,699800
VN30,2024-04-11 06:35:00,1262.95,1263.22,1262.76,1262.82,1439300
VN30,2024-04-11 06:36:00,1263.15,1263.93,1263.04,1263.52,858100
VN30,2024-04-11 06:37:00,1263.92,1264.56,1263.92,1264.26,1437000
VN30,2024-04-11 06:38:00,1264.32,1264.48,1263.9,1264.38,1728300
VN30,2024-04-11 06:39:00,1264.37,1264.43,1263.94,1264.24,1698000
VN30,2024-04-11 06:40:00,1264.28,1264.89,1263.97,1264.44,778600
VN30,2024-04-11 06:41:00,1263.89,1264.67,1263.89,1264.31,712300
VN30,2024-04-11 06:42:00,1264.4,1264.52,1264.03,1264.1,752600
VN30,2024-04-11 06:43:00,1263.96,1264.68,1263.96,1264.4,651000
VN30,2024-04-11 06:44:00,1264.03,1264.73,1263.92,1264.41,1193500
VN30,2024-04-11 06:45:00,1264.62,1265.96,1264.62,1265.0,1279600
VN30,2024-04-11 06:46:00,1265.45,1265.79,1264.93,1265.2,804200
VN30,2024-04-11 06:47:00,1265.38,1266.32,1265.31,1266.32,987500
VN30,2024-04-11 06:48:00,1266.41,1266.41,1265.3,1266.02,1398300
VN30,2024-04-11 06:49:00,1265.82,1266.46,1265.56,1266.3,642300
VN30,2024-04-11 06:50:00,1266.0,1266.53,1265.51,1265.53,941500
VN30,2024-04-11 06:51:00,1265.87,1266.06,1265.3,1265.82,1078000
VN30,2024-04-11 06:52:00,1265.44,1265.73,1265.18,1265.18,969000
VN30,2024-04-11 06:53:00,1265.57,1265.57,1265.06,1265.33,1060000
VN30,2024-04-11 06:54:00,1265.05,1265.17,1264.62,1264.62,1159200
VN30,2024-04-11 06:55:00,1264.52,1264.52,1263.87,1264.24,492300
VN30,2024-04-11 06:56:00,1264.46,1264.46,1263.85,1263.87,588400
VN30,2024-04-11 06:57:00,1264.0,1264.2,1263.33,1263.33,454700
VN30,2024-04-11 06:58:00,1263.62,1263.76,1263.18,1263.56,859400
VN30,2024-04-11 06:59:00,1263.66,1263.92,1263.23,1263.36,863200
VN30,2024-04-11 07:00:00,1263.72,1263.72,1262.91,1262.91,458900
VN30,2024-04-11 07:01:00,1262.97,1263.6,1262.9,1263.38,783800
VN30,2024-04-11 07:02:00,1263.14,1263.27,1262.61,1262.88,592500
VN30,2024-04-11 07:03:00,1262.93,1264.68,1262.93,1264.68,1309200
VN30,2024-04-11 07:04:00,1264.48,1264.8,1264.15,1264.8,2340400
VN30,2024-04-11 07:05:00,1264.9,1265.38,1264.8,1265.38,1210100
VN30,2024-04-11 07:06:00,1265.85,1266.33,1265.05,1265.73,2258800
VN30,2024-04-11 07:07:00,1265.64,1266.71,1265.62,1266.66,1310500
VN30,2024-04-11 07:08:00,1266.19,1266.69,1265.77,1265.87,1615900
VN30,2024-04-11 07:09:00,1266.07,1266.24,1265.64,1265.64,909700
VN30,2024-04-11 07:10:00,1265.8,1266.03,1265.69,1265.82,1273200
VN30,2024-04-11 07:11:00,1265.97,1266.56,1265.97,1266.33,1218200
VN30,2024-04-11 07:12:00,1266.54,1266.54,1265.89,1266.29,419900
VN30,2024-04-11 07:13:00,1266.04,1266.24,1265.41,1266.16,1152100
VN30,2024-04-11 07:14:00,1265.94,1265.94,1265.09,1265.68,756800
VN30,2024-04-11 07:15:00,1266.02,1266.02,1265.24,1265.24,958400
VN30,2024-04-11 07:16:00,1265.31,1265.6,1265.09,1265.44,803800
VN30,2024-04-11 07:17:00,1265.11,1265.82,1264.78,1265.33,767900
VN30,2024-04-11 07:18:00,1265.07,1265.16,1264.66,1264.86,688200
VN30,2024-04-11 07:19:00,1264.91,1264.91,1263.8,1264.17,1239600
VN30,2024-04-11 07:20:00,1264.26,1264.38,1262.56,1262.82,1173000
VN30,2024-04-11 07:21:00,1262.25,1264.01,1262.25,1263.42,894400
VN30,2024-04-11 07:22:00,1263.55,1263.86,1263.01,1263.01,821300
VN30,2024-04-11 07:23:00,1262.95,1263.16,1262.39,1262.67,1281400
VN30,2024-04-11 07:24:00,1262.91,1263.35,1262.53,1262.53,585100
VN30,2024-04-11 07:25:00,1262.73,1263.24,1262.35,1262.73,817000
VN30,2024-04-11 07:26:00,1262.63,1262.92,1262.24,1262.72,1139800
VN30,2024-04-11 07:27:00,1262.7,1262.98,1262.32,1262.4,2300800
VN30,2024-04-11 07:28:00,1262.42,1262.61,1262.24,1262.46,866300
VN30,2024-04-11 07:29:00,1262.47,1263.06,1262.47,1263.0,1633200
VN30,2024-04-11 07:30:00,1263.28,1263.28,1263.28,1263.28,723600
VN30,2024-04-11 07:45:00,1262.86,1262.86,1262.86,1262.86,8482900
VN30,2024-04-12 02:15:00,1263.17,1268.89,1263.17,1268.84,1972900
VN30,2024-04-12 02:16:00,1268.95,1270.06,1268.77,1270.06,573600
VN30,2024-04-12 02:17:00,1270.24,1270.92,1270.1,1270.1,840200
VN30,2024-04-12 02:18:00,1269.75,1270.57,1269.75,1270.16,864900
VN30,2024-04-12 02:19:00,1270.43,1271.17,1270.33,1270.92,593200
VN30,2024-04-12 02:20:00,1270.87,1271.23,1270.87,1271.07,478100
VN30,2024-04-12 02:21:00,1270.94,1270.94,1270.21,1270.53,711000
VN30,2024-04-12 02:22:00,1270.32,1270.32,1269.58,1269.58,758600
VN30,2024-04-12 02:23:00,1269.41,1269.51,1268.72,1268.76,459400
VN30,2024-04-12 02:24:00,1268.54,1268.67,1268.14,1268.14,603700
VN30,2024-04-12 02:25:00,1268.43,1268.48,1267.52,1267.69,923300
VN30,2024-04-12 02:26:00,1267.88,1268.35,1267.4,1268.34,989000
VN30,2024-04-12 02:27:00,1268.28,1268.34,1267.86,1267.89,975100
VN30,2024-04-12 02:28:00,1267.67,1267.81,1267.47,1267.52,609800
VN30,2024-04-12 02:29:00,1267.81,1267.92,1267.49,1267.57,330700
VN30,2024-04-12 02:30:00,1267.73,1268.19,1267.55,1267.87,359600
VN30,2024-04-12 02:31:00,1267.96,1268.02,1267.82,1267.91,214700
VN30,2024-04-12 02:32:00,1268.14,1268.14,1267.76,1267.87,375800
VN30,2024-04-12 02:33:00,1268.09,1268.09,1267.61,1268.04,727000
VN30,2024-04-12 02:34:00,1268.15,1268.18,1267.8,1268.07,303600
VN30,2024-04-12 02:35:00,1267.83,1267.98,1267.61,1267.66,344800
VN30,2024-04-12 02:36:00,1267.52,1267.66,1267.41,1267.66,418400
VN30,2024-04-12 02:37:00,1267.62,1267.74,1267.29,1267.64,394700
VN30,2024-04-12 02:38:00,1267.68,1267.68,1267.08,1267.23,737500
VN30,2024-04-12 02:39:00,1267.41,1267.43,1266.9,1267.07,391600
VN30,2024-04-12 02:40:00,1267.07,1267.47,1266.64,1267.39,433400
VN30,2024-04-12 02:41:00,1267.4,1267.52,1267.15,1267.15,453100
VN30,2024-04-12 02:42:00,1267.0,1267.43,1266.95,1267.42,530100
VN30,2024-04-12 02:43:00,1267.28,1267.66,1267.26,1267.58,413600
VN30,2024-04-12 02:44:00,1267.58,1267.58,1267.2,1267.31,934600
VN30,2024-04-12 02:45:00,1267.46,1267.53,1267.0,1267.33,475000
VN30,2024-04-12 02:46:00,1267.33,1267.49,1266.71,1266.95,639400
VN30,2024-04-12 02:47:00,1266.86,1267.1,1266.54,1266.54,351800
VN30,2024-04-12 02:48:00,1266.89,1266.9,1266.57,1266.57,621700
VN30,2024-04-12 02:49:00,1266.49,1266.66,1266.26,1266.38,650900
VN30,2024-04-12 02:50:00,1266.33,1266.66,1265.95,1266.24,456000
VN30,2024-04-12 02:51:00,1266.09,1266.26,1265.74,1265.74,653100
VN30,2024-04-12 02:52:00,1265.85,1266.03,1265.27,1265.27,819200
VN30,2024-04-12 02:53:00,1265.22,1265.7,1265.11,1265.32,687300
VN30,2024-04-12 02:54:00,1265.52,1265.54,1265.19,1265.44,623000
VN30,2024-04-12 02:55:00,1265.49,1265.49,1265.02,1265.39,577300
VN30,2024-04-12 02:56:00,1265.42,1265.58,1265.09,1265.09,469400
VN30,2024-04-12 02:57:00,1265.09,1265.31,1264.9,1264.99,635400
VN30,2024-04-12 02:58:00,1264.92,1264.92,1264.61,1264.71,503900
VN30,2024-04-12 02:59:00,1264.71,1264.71,1264.32,1264.61,401800
VN30,2024-04-12 03:00:00,1264.34,1264.41,1264.03,1264.19,458900
VN30,2024-04-12 03:01:00,1263.87,1264.35,1263.69,1263.99,350500
VN30,2024-04-12 03:02:00,1264.21,1264.42,1263.97,1263.97,231300
VN30,2024-04-12 03:03:00,1263.85,1264.16,1263.7,1263.87,269600
VN30,2024-04-12 03:04:00,1263.86,1264.28,1263.75,1263.9,413400
VN30,2024-04-12 03:05:00,1263.92,1263.92,1263.64,1263.64,416600
VN30,2024-04-12 03:06:00,1263.73,1263.91,1263.68,1263.79,354600
VN30,2024-04-12 03:07:00,1263.63,1263.98,1263.63,1263.73,279200
VN30,2024-04-12 03:08:00,1263.67,1264.24,1263.52,1263.56,251500
VN30,2024-04-12 03:09:00,1263.56,1264.63,1263.56,1264.63,422100
VN30,2024-04-12 03:10:00,1264.63,1264.74,1264.36,1264.74,544900
VN30,2024-04-12 03:11:00,1264.78,1264.78,1263.89,1264.27,1516800
VN30,2024-04-12 03:12:00,1264.41,1265.24,1264.29,1265.18,387900
VN30,2024-04-12 03:13:00,1264.82,1265.34,1264.7,1264.7,313800
VN30,2024-04-12 03:14:00,1264.65,1265.05,1264.45,1264.45,230500
VN30,2024-04-12 03:15:00,1264.45,1265.12,1264.43,1264.43,427600
VN30,2024-04-12 03:16:00,1264.82,1265.13,1264.63,1264.96,269200
VN30,2024-04-12 03:17:00,1264.93,1265.44,1264.65,1264.95,315000
VN30,2024-04-12 03:18:00,1265.01,1265.37,1264.82,1265.26,343900
VN30,2024-04-12 03:19:00,1265.37,1265.7,1265.24,1265.61,671800
VN30,2024-04-12 03:20:00,1265.34,1265.52,1265.02,1265.52,431900
VN30,2024-04-12 03:21:00,1265.57,1265.57,1265.09,1265.32,382300
VN30,2024-04-12 03:22:00,1265.48,1265.48,1264.9,1265.36,443200
VN30,2024-04-12 03:23:00,1265.48,1265.5,1264.93,1265.19,357900
VN30,2024-04-12 03:24:00,1265.07,1265.47,1264.84,1265.21,945500
VN30,2024-04-12 03:25:00,1265.33,1265.56,1264.78,1264.78,372900
VN30,2024-04-12 03:26:00,1264.78,1264.89,1264.14,1264.14,400100
VN30,2024-04-12 03:27:00,1264.14,1264.28,1263.55,1263.55,1222900
VN30,2024-04-12 03:28:00,1263.74,1264.22,1263.38,1264.22,669400
VN30,2024-04-12 03:29:00,1264.17,1264.17,1263.6,1263.98,397600
VN30,2024-04-12 03:30:00,1263.82,1263.82,1263.18,1263.64,979000
VN30,2024-04-12 03:31:00,1263.59,1263.69,1263.19,1263.69,653300
VN30,2024-04-12 03:32:00,1263.72,1263.72,1263.18,1263.39,300000
VN30,2024-04-12 03:33:00,1263.16,1263.8,1263.0,1263.65,898900
VN30,2024-04-12 03:34:00,1263.2,1263.83,1262.73,1262.73,327100
VN30,2024-04-12 03:35:00,1262.79,1262.84,1262.67,1262.77,469300
VN30,2024-04-12 03:36:00,1262.93,1263.41,1262.64,1263.01,338400
VN30,2024-04-12 03:37:00,1263.07,1263.36,1262.81,1262.81,569700
VN30,2024-04-12 03:38:00,1262.88,1263.16,1262.57,1263.16,751400
VN30,2024-04-12 03:39:00,1263.05,1263.05,1262.41,1262.78,369900
VN30,2024-04-12 03:40:00,1262.78,1263.1,1262.49,1263.1,385400
VN30,2024-04-12 03:41:00,1263.14,1263.27,1262.81,1262.99,378900
VN30,2024-04-12 03:42:00,1262.84,1263.35,1262.84,1263.35,373400
VN30,2024-04-12 03:43:00,1263.35,1263.47,1262.7,1263.15,460200
VN30,2024-04-12 03:44:00,1263.35,1263.57,1263.19,1263.19,325400
VN30,2024-04-12 03:45:00,1263.13,1263.6,1262.65,1263.06,454100
VN30,2024-04-12 03:46:00,1263.21,1263.62,1263.15,1263.15,569500
VN30,2024-04-12 03:47:00,1263.49,1263.49,1262.51,1262.83,784000
VN30,2024-04-12 03:48:00,1262.75,1263.15,1262.75,1263.08,247000
VN30,2024-04-12 03:49:00,1263.09,1263.21,1262.91,1263.09,447100
VN30,2024-04-12 03:50:00,1263.09,1263.44,1262.88,1263.33,343600
VN30,2024-04-12 03:51:00,1263.18,1263.75,1262.68,1263.57,495000
VN30,2024-04-12 03:52:00,1263.31,1263.46,1262.92,1262.92,540700
VN30,2024-04-12 03:53:00,1262.77,1263.73,1262.77,1263.73,822600
VN30,2024-04-12 03:54:00,1263.59,1264.18,1263.57,1264.18,566400
VN30,2024-04-12 03:55:00,1264.25,1264.25,1263.54,1263.87,3001700
VN30,2024-04-12 03:56:00,1264.25,1264.25,1263.56,1263.89,12929800
VN30,2024-04-12 03:57:00,1264.0,1264.19,1263.73,1264.14,735700
VN30,2024-04-12 03:58:00,1264.46,1264.87,1264.18,1264.87,13343300
VN30,2024-04-12 03:59:00,1265.15,1265.52,1264.81,1265.48,8343300
VN30,2024-04-12 04:00:00,1265.48,1265.89,1264.5,1265.89,725800
VN30,2024-04-12 04:01:00,1265.96,1265.96,1265.22,1265.22,763900
VN30,2024-04-12 04:02:00,1265.23,1266.36,1265.23,1266.24,1115000
VN30,2024-04-12 04:03:00,1266.11,1266.66,1265.9,1265.9,765700
VN30,2024-04-12 04:04:00,1266.18,1267.02,1266.05,1266.56,1523000
VN30,2024-04-12 04:05:00,1266.69,1267.99,1266.69,1267.99,1741000
VN30,2024-04-12 04:06:00,1268.38,1269.05,1268.38,1268.96,4754400
VN30,2024-04-12 04:07:00,1269.16,1269.62,1268.87,1269.48,1709600
VN30,2024-04-12 04:08:00,1269.4,1270.6,1269.4,1270.12,2174800
VN30,2024-04-12 04:09:00,1270.38,1270.76,1270.19,1270.36,7671200
VN30,2024-04-12 04:10:00,1270.54,1270.54,1270.06,1270.07,10266400
VN30,2024-04-12 04:11:00,1269.88,1269.88,1268.91,1269.06,1991600
VN30,2024-04-12 04:12:00,1268.95,1269.85,1268.87,1268.87,1610400
VN30,2024-04-12 04:13:00,1269.32,1269.32,1268.68,1268.93,818800
VN30,2024-04-12 04:14:00,1268.97,1269.26,1268.65,1269.14,931100
VN30,2024-04-12 04:15:00,1269.12,1269.93,1269.03,1269.84,1776600
VN30,2024-04-12 04:16:00,1269.81,1270.0,1269.29,1269.89,1262800
VN30,2024-04-12 04:17:00,1270.03,1270.51,1269.7,1270.51,1267300
VN30,2024-04-12 04:18:00,1270.5,1270.68,1270.15,1270.36,627000
VN30,2024-04-12 04:19:00,1269.41,1270.23,1269.41,1269.48,1231800
VN30,2024-04-12 04:20:00,1269.93,1270.33,1268.91,1269.07,1029400
VN30,2024-04-12 04:21:00,1269.63,1270.12,1269.27,1269.72,3846531
VN30,2024-04-12 04:22:00,1269.78,1270.1,1269.31,1269.5,686600
VN30,2024-04-12 04:23:00,1269.78,1270.23,1269.58,1270.11,481600
VN30,2024-04-12 04:24:00,1269.95,1270.54,1269.61,1270.22,350900
VN30,2024-04-12 04:25:00,1270.17,1270.17,1269.34,1269.84,8908900
VN30,2024-04-12 04:26:00,1269.81,1270.25,1269.81,1270.11,8591400
VN30,2024-04-12 04:27:00,1270.11,1270.11,1269.04,1269.62,1047800
VN30,2024-04-12 04:28:00,1268.77,1269.26,1268.71,1269.26,2026800
VN30,2024-04-12 04:29:00,1269.37,1269.62,1269.33,1269.41,1526000
VN30,2024-04-12 04:30:00,1269.54,1269.54,1269.54,1269.54,24100
VN30,2024-04-12 06:00:00,1269.73,1270.15,1269.26,1269.54,4516500
VN30,2024-04-12 06:01:00,1269.55,1269.69,1269.48,1269.56,1221182
VN30,2024-04-12 06:02:00,1269.67,1270.07,1269.5,1269.94,622600
VN30,2024-04-12 06:03:00,1270.1,1270.62,1270.1,1270.62,674500
VN30,2024-04-12 06:04:00,1270.45,1270.45,1269.73,1270.25,750600
VN30,2024-04-12 06:05:00,1270.25,1270.66,1270.17,1270.2,852900
VN30,2024-04-12 06:06:00,1269.86,1270.22,1269.86,1270.05,3406800
VN30,2024-04-12 06:07:00,1269.98,1270.33,1269.54,1269.59,1139200
VN30,2024-04-12 06:08:00,1269.76,1269.89,1269.5,1269.64,1241700
VN30,2024-04-12 06:09:00,1269.95,1269.95,1269.5,1269.84,1083800
VN30,2024-04-12 06:10:00,1269.61,1270.01,1269.44,1269.51,1108800
VN30,2024-04-12 06:11:00,1269.52,1269.7,1268.52,1268.67,486200
VN30,2024-04-12 06:12:00,1268.87,1269.16,1268.81,1268.98,3514606
VN30,2024-04-12 06:13:00,1268.88,1269.04,1268.4,1268.69,630500
VN30,2024-04-12 06:14:00,1268.68,1269.05,1268.64,1269.0,472300
VN30,2024-04-12 06:15:00,1268.92,1269.29,1268.65,1269.21,1150600
VN30,2024-04-12 06:16:00,1269.4,1269.4,1268.59,1268.59,1832000
VN30,2024-04-12 06:17:00,1268.95,1268.97,1268.52,1268.55,3057000
VN30,2024-04-12 06:18:00,1268.57,1269.05,1268.29,1269.05,10830000
VN30,2024-04-12 06:19:00,1269.05,1269.05,1268.6,1268.93,680300
VN30,2024-04-12 06:20:00,1268.55,1269.01,1268.21,1269.01,846800
VN30,2024-04-12 06:21:00,1268.87,1269.02,1268.63,1269.01,970800
VN30,2024-04-12 06:22:00,1268.72,1269.18,1268.5,1269.09,1540400
VN30,2024-04-12 06:23:00,1269.29,1269.29,1268.82,1269.18,908000
VN30,2024-04-12 06:24:00,1269.03,1269.03,1268.19,1268.84,687000
VN30,2024-04-12 06:25:00,1269.17,1269.49,1269.02,1269.12,938700
VN30,2024-04-12 06:26:00,1269.16,1269.51,1269.16,1269.37,823700
VN30,2024-04-12 06:27:00,1269.37,1270.37,1269.01,1270.37,1802000
VN30,2024-04-12 06:28:00,1270.55,1270.55,1270.1,1270.25,2302700
VN30,2024-04-12 06:29:00,1270.31,1270.66,1270.18,1270.54,1131700
VN30,2024-04-12 06:30:00,1270.68,1271.23,1270.68,1270.86,376300
VN30,2024-04-12 06:31:00,1270.44,1270.93,1270.26,1270.75,904300
VN30,2024-04-12 06:32:00,1270.86,1271.45,1270.86,1271.17,1088400
VN30,2024-04-12 06:33:00,1271.59,1272.04,1271.07,1271.79,3122100
VN30,2024-04-12 06:34:00,1271.93,1272.12,1271.7,1271.77,1690100
VN30,2024-04-12 06:35:00,1272.04,1272.44,1271.91,1271.98,1195600
VN30,2024-04-12 06:36:00,1271.97,1272.87,1271.83,1272.12,1327400
VN30,2024-04-12 06:37:00,1272.21,1272.95,1272.08,1272.71,853500
VN30,2024-04-12 06:38:00,1272.54,1272.54,1272.06,1272.35,23976900
VN30,2024-04-12 06:39:00,1272.3,1272.73,1271.84,1272.53,867800
VN30,2024-04-12 06:40:00,1272.72,1274.48,1272.39,1274.14,2080500
VN30,2024-04-12 06:41:00,1274.32,1275.05,1274.14,1275.05,2133500
VN30,2024-04-12 06:42:00,1274.74,1274.91,1274.19,1274.59,2351200
VN30,2024-04-12 06:43:00,1274.69,1275.21,1274.68,1275.19,2166500
VN30,2024-04-12 06:44:00,1275.46,1275.63,1275.08,1275.63,3070300
VN30,2024-04-12 06:45:00,1275.73,1276.32,1275.53,1275.65,1751600
VN30,2024-04-12 06:46:00,1275.95,1276.41,1275.95,1276.01,1585200
VN30,2024-04-12 06:47:00,1276.05,1276.55,1275.61,1276.23,2736500
VN30,2024-04-12 06:48:00,1276.28,1276.67,1275.73,1275.73,2488700
VN30,2024-04-12 06:49:00,1276.07,1276.13,1275.38,1275.69,1518200
VN30,2024-04-12 06:50:00,1275.71,1275.71,1274.99,1274.99,1925700
VN30,2024-04-12 06:51:00,1275.33,1275.55,1274.9,1274.98,2353170
VN30,2024-04-12 06:52:00,1274.71,1274.88,1274.22,1274.63,858200
VN30,2024-04-12 06:53:00,1274.47,1274.47,1273.52,1273.57,4286400
VN30,2024-04-12 06:54:00,1273.78,1273.78,1273.07,1273.23,817100
VN30,2024-04-12 06:55:00,1273.12,1273.96,1272.86,1273.7,7029900
VN30,2024-04-12 06:56:00,1273.77,1273.87,1272.96,1273.33,1333900
VN30,2024-04-12 06:57:00,1273.43,1274.44,1273.27,1274.29,1216000
VN30,2024-04-12 06:58:00,1274.33,1274.33,1273.31,1273.55,510200
VN30,2024-04-12 06:59:00,1274.72,1274.72,1273.36,1274.21,947100
VN30,2024-04-12 07:00:00,1274.4,1274.4,1273.48,1273.68,1267620
VN30,2024-04-12 07:01:00,1273.59,1273.8,1273.05,1273.05,1323000
VN30,2024-04-12 07:02:00,1272.92,1273.44,1272.78,1273.44,1191300
VN30,2024-04-12 07:03:00,1273.43,1273.65,1272.77,1272.9,1865600
VN30,2024-04-12 07:04:00,1272.98,1273.63,1272.98,1273.41,540600
VN30,2024-04-12 07:05:00,1273.23,1274.2,1273.21,1273.21,1154800
VN30,2024-04-12 07:06:00,1273.54,1274.6,1273.54,1274.6,11337700
VN30,2024-04-12 07:07:00,1274.12,1276.78,1274.12,1276.78,5064500
VN30,2024-04-12 07:08:00,1277.37,1278.7,1277.37,1278.7,3301100
VN30,2024-04-12 07:09:00,1278.76,1280.17,1278.43,1280.17,50594700
VN30,2024-04-12 07:10:00,1280.21,1280.31,1279.76,1279.91,4744800
VN30,2024-04-12 07:11:00,1279.86,1282.23,1279.86,1282.23,5392700
VN30,2024-04-12 07:12:00,1281.9,1283.64,1281.9,1283.64,7648100
VN30,2024-04-12 07:13:00,1283.82,1284.83,1283.82,1284.83,4623900
VN30,2024-04-12 07:14:00,1284.86,1285.3,1284.4,1284.4,10524200
VN30,2024-04-12 07:15:00,1285.13,1285.13,1284.24,1284.45,3940400
VN30,2024-04-12 07:16:00,1284.29,1284.78,1284.23,1284.23,9222103
VN30,2024-04-12 07:17:00,1284.26,1284.28,1283.49,1284.18,2204100
VN30,2024-04-12 07:18:00,1284.2,1284.32,1283.18,1283.34,2053300
VN30,2024-04-12 07:19:00,1283.61,1283.62,1282.61,1282.66,2397700
VN30,2024-04-12 07:20:00,1282.15,1282.69,1281.94,1281.94,1670100
VN30,2024-04-12 07:21:00,1282.14,1282.14,1280.71,1281.07,3246300
VN30,2024-04-12 07:22:00,1280.77,1281.8,1280.59,1281.35,2256000
VN30,2024-04-12 07:23:00,1281.01,1282.24,1280.83,1281.48,2294500
VN30,2024-04-12 07:24:00,1281.61,1282.85,1281.61,1282.06,2702500
VN30,2024-04-12 07:25:00,1282.5,1282.72,1281.62,1281.96,1469000
VN30,2024-04-12 07:26:00,1281.63,1282.23,1281.44,1281.9,1908700
VN30,2024-04-12 07:27:00,1282.52,1282.57,1281.84,1282.57,2816500
VN30,2024-04-12 07:28:00,1282.4,1283.15,1282.13,1283.15,2571800
VN30,2024-04-12 07:29:00,1283.07,1283.16,1282.44,1282.44,2688000
VN30,2024-04-12 07:30:00,1282.41,1282.41,1282.41,1282.41,24800
VN30,2024-04-12 07:45:00,1284.74,1284.74,1284.74,1284.74,21076700
VN30,2024-04-15 02:15:00,1283.98,1283.98,1280.2,1280.2,10937500
VN30,2024-04-15 02:16:00,1279.89,1281.31,1279.83,1281.04,5638000
VN30,2024-04-15 02:17:00,1281.19,1281.92,1281.08,1281.35,4596000
VN30,2024-04-15 02:18:00,1281.39,1281.71,1281.04,1281.06,3005000
VN30,2024-04-15 02:19:00,1281.25,1281.53,1281.06,1281.53,2439200
VN30,2024-04-15 02:20:00,1281.51,1281.82,1281.22,1281.59,2247600
VN30,2024-04-15 02:21:00,1281.72,1282.84,1281.62,1282.84,1826200
VN30,2024-04-15 02:22:00,1283.11,1283.82,1282.49,1283.82,1970100
VN30,2024-04-15 02:23:00,1284.25,1284.6,1283.71,1284.6,2380900
VN30,2024-04-15 02:24:00,1284.79,1285.62,1284.79,1285.55,4267500
VN30,2024-04-15 02:25:00,1285.64,1286.79,1285.64,1286.79,3972600
VN30,2024-04-15 02:26:00,1286.73,1287.14,1286.52,1286.52,3507700
VN30,2024-04-15 02:27:00,1286.9,1287.46,1286.64,1286.64,5354800
VN30,2024-04-15 02:28:00,1286.33,1286.91,1285.71,1285.71,7424900
VN30,2024-04-15 02:29:00,1285.72,1286.12,1285.46,1285.83,5205200
VN30,2024-04-15 02:30:00,1285.75,1286.1,1284.72,1284.72,2725100
VN30,2024-04-15 02:31:00,1284.82,1284.95,1283.9,1283.99,2183800
VN30,2024-04-15 02:32:00,1284.01,1284.01,1283.36,1283.38,1624500
VN30,2024-04-15 02:33:00,1283.23,1283.48,1282.37,1282.37,2145600
VN30,2024-04-15 02:34:00,1282.28,1282.28,1280.83,1281.4,1589600
VN30,2024-04-15 02:35:00,1281.28,1281.31,1280.05,1280.05,2766700
VN30,2024-04-15 02:36:00,1280.16,1280.3,1279.5,1279.51,2692400
VN30,2024-04-15 02:37:00,1279.44,1279.78,1279.15,1279.78,1284400
VN30,2024-04-15 02:38:00,1279.14,1279.82,1279.08,1279.53,1895700
VN30,2024-04-15 02:39:00,1279.24,1279.99,1279.24,1279.74,1022500
VN30,2024-04-15 02:40:00,1279.74,1280.39,1279.51,1279.87,1204800
VN30,2024-04-15 02:41:00,1279.85,1279.99,1279.41,1279.76,824900
VN30,2024-04-15 02:42:00,1279.6,1280.5,1279.6,1280.12,2395900
VN30,2024-04-15 02:43:00,1280.55,1280.55,1280.09,1280.48,1789700
VN30,2024-04-15 02:44:00,1280.25,1280.98,1280.23,1280.98,1124300
VN30,2024-04-15 02:45:00,1280.88,1281.21,1280.61,1280.74,623200
VN30,2024-04-15 02:46:00,1280.71,1281.28,1280.58,1281.08,1275300
VN30,2024-04-15 02:47:00,1281.14,1281.14,1280.52,1280.52,871500
VN30,2024-04-15 02:48:00,1280.63,1280.83,1280.58,1280.7,1693500
VN30,2024-04-15 02:49:00,1280.57,1280.89,1280.26,1280.38,3960200
VN30,2024-04-15 02:50:00,1280.56,1280.56,1279.55,1279.55,1518100
VN30,2024-04-15 02:51:00,1279.62,1279.64,1278.86,1279.64,1743000
VN30,2024-04-15 02:52:00,1279.51,1279.53,1278.88,1279.28,1270800
VN30,2024-04-15 02:53:00,1279.08,1279.27,1278.52,1278.67,1302700
VN30,2024-04-15 02:54:00,1278.87,1278.87,1277.88,1277.95,1567100
VN30,2024-04-15 02:55:00,1277.93,1278.27,1277.48,1278.02,1311000
VN30,2024-04-15 02:56:00,1277.8,1278.51,1277.69,1278.41,873000
VN30,2024-04-15 02:57:00,1278.27,1278.63,1278.09,1278.63,1057500
VN30,2024-04-15 02:58:00,1278.51,1278.94,1278.33,1278.94,1118600
VN30,2024-04-15 02:59:00,1278.46,1278.8,1278.46,1278.56,971300
VN30,2024-04-15 03:00:00,1278.62,1278.75,1278.06,1278.12,695900
VN30,2024-04-15 03:01:00,1278.26,1278.26,1277.65,1277.89,830900
VN30,2024-04-15 03:02:00,1278.02,1278.02,1277.47,1277.9,732900
VN30,2024-04-15 03:03:00,1277.73,1278.02,1277.43,1277.56,719500
VN30,2024-04-15 03:04:00,1277.24,1277.78,1277.24,1277.33,867000
VN30,2024-04-15 03:05:00,1277.33,1277.73,1277.26,1277.5,739700
VN30,2024-04-15 03:06:00,1277.52,1278.03,1277.44,1277.61,814900
VN30,2024-04-15 03:07:00,1277.55,1277.88,1277.43,1277.76,568800
VN30,2024-04-15 03:08:00,1277.76,1278.11,1277.74,1277.81,596000
VN30,2024-04-15 03:09:00,1277.58,1277.88,1277.29,1277.61,1186700
VN30,2024-04-15 03:10:00,1277.4,1277.4,1276.98,1277.17,2691300
VN30,2024-04-15 03:11:00,1277.08,1277.24,1276.86,1277.09,3235500
VN30,2024-04-15 03:12:00,1277.2,1277.2,1276.11,1276.35,1548400
VN30,2024-04-15 03:13:00,1276.1,1276.36,1275.93,1275.93,2024800
VN30,2024-04-15 03:14:00,1275.57,1276.05,1275.57,1275.7,1575000
VN30,2024-04-15 03:15:00,1275.35,1275.8,1275.21,1275.21,1755000
VN30,2024-04-15 03:16:00,1275.17,1275.29,1274.91,1274.94,1732000
VN30,2024-04-15 03:17:00,1274.75,1275.16,1274.44,1274.52,1159100
VN30,2024-04-15 03:18:00,1274.23,1274.98,1274.23,1274.9,1026600
VN30,2024-04-15 03:19:00,1274.78,1274.78,1273.99,1273.99,4400600
VN30,2024-04-15 03:20:00,1274.13,1274.93,1273.97,1274.11,2037900
VN30,2024-04-15 03:21:00,1274.17,1274.44,1273.72,1274.04,1938900
VN30,2024-04-15 03:22:00,1274.15,1274.15,1273.71,1273.78,897100
VN30,2024-04-15 03:23:00,1273.77,1274.24,1273.72,1274.24,1606800
VN30,2024-04-15 03:24:00,1274.15,1274.73,1273.78,1274.73,2021900
VN30,2024-04-15 03:25:00,1274.54,1274.89,1274.25,1274.85,1313100
VN30,2024-04-15 03:26:00,1275.01,1275.38,1274.76,1275.38,1141800
VN30,2024-04-15 03:27:00,1275.26,1275.61,1274.89,1275.61,1015700
VN30,2024-04-15 03:28:00,1275.64,1276.18,1275.33,1276.17,1178500
VN30,2024-04-15 03:29:00,1276.24,1276.86,1276.2,1276.33,2685700
VN30,2024-04-15 03:30:00,1276.97,1277.19,1276.41,1276.79,1649500
VN30,2024-04-15 03:31:00,1276.86,1276.94,1276.6,1276.94,2626900
VN30,2024-04-15 03:32:00,1277.02,1277.34,1276.56,1276.91,893700
VN30,2024-04-15 03:33:00,1276.91,1277.03,1276.61,1277.03,836100
VN30,2024-04-15 03:34:00,1276.87,1277.32,1276.5,1277.32,949600
VN30,2024-04-15 03:35:00,1277.1,1277.61,1276.65,1277.29,1027900
VN30,2024-04-15 03:36:00,1277.21,1277.42,1277.02,1277.23,801700
VN30,2024-04-15 03:37:00,1277.15,1277.55,1276.99,1277.35,783500
VN30,2024-04-15 03:38:00,1277.41,1277.69,1276.9,1277.14,1027100
VN30,2024-04-15 03:39:00,1277.28,1277.49,1276.77,1277.25,719400
VN30,2024-04-15 03:40:00,1277.14,1277.4,1276.89,1276.91,567300
VN30,2024-04-15 03:41:00,1276.68,1277.59,1276.68,1277.38,1062000
VN30,2024-04-15 03:42:00,1277.34,1277.5,1276.87,1277.24,616000
VN30,2024-04-15 03:43:00,1277.35,1277.37,1276.93,1276.93,601500
VN30,2024-04-15 03:44:00,1277.17,1277.17,1276.75,1276.9,365800
VN30,2024-04-15 03:45:00,1276.87,1277.15,1276.74,1276.74,706401
VN30,2024-04-15 03:46:00,1277.03,1277.11,1276.53,1276.54,730600
VN30,2024-04-15 03:47:00,1276.37,1276.65,1276.14,1276.28,950800
VN30,2024-04-15 03:48:00,1276.27,1276.81,1276.22,1276.64,613100
VN30,2024-04-15 03:49:00,1276.19,1276.31,1275.93,1276.1,624700
VN30,2024-04-15 03:50:00,1276.15,1276.29,1275.39,1275.43,389800
VN30,2024-04-15 03:51:00,1275.42,1275.95,1274.97,1275.65,827400
VN30,2024-04-15 03:52:00,1275.38,1275.8,1275.11,1275.39,983100
VN30,2024-04-15 03:53:00,1275.29,1276.13,1275.29,1276.13,882500
VN30,2024-04-15 03:54:00,1276.13,1277.04,1275.64,1276.44,886100
VN30,2024-04-15 03:55:00,1276.68,1276.72,1276.14,1276.14,953300
VN30,2024-04-15 03:56:00,1275.93,1277.38,1275.93,1277.36,1074300
VN30,2024-04-15 03:57:00,1276.77,1277.14,1276.33,1276.71,391200
VN30,2024-04-15 03:58:00,1276.71,1277.01,1276.23,1276.55,492800
VN30,2024-04-15 03:59:00,1276.27,1276.83,1276.18,1276.58,270300
VN30,2024-04-15 04:00:00,1276.51,1277.1,1276.32,1276.68,314700
VN30,2024-04-15 04:01:00,1277.16,1277.25,1276.38,1276.49,834700
VN30,2024-04-15 04:02:00,1276.33,1277.13,1276.22,1277.04,2054400
VN30,2024-04-15 04:03:00,1276.28,1277.01,1275.99,1276.64,1305700
VN30,2024-04-15 04:04:00,1276.28,1276.79,1276.13,1276.57,906517
VN30,2024-04-15 04:05:00,1276.17,1276.71,1276.16,1276.71,730500
VN30,2024-04-15 04:06:00,1276.71,1276.71,1276.08,1276.33,878700
VN30,2024-04-15 04:07:00,1276.2,1276.89,1276.12,1276.89,569200
VN30,2024-04-15 04:08:00,1276.81,1276.81,1276.09,1276.48,723500
VN30,2024-04-15 04:09:00,1276.43,1276.57,1275.87,1276.24,446000
VN30,2024-04-15 04:10:00,1276.24,1276.78,1275.89,1276.64,394700
VN30,2024-04-15 04:11:00,1276.58,1276.58,1275.94,1275.99,562600
VN30,2024-04-15 04:12:00,1276.02,1276.42,1275.87,1276.09,481800
VN30,2024-04-15 04:13:00,1276.23,1276.72,1276.08,1276.28,453700
VN30,2024-04-15 04:14:00,1276.4,1276.88,1276.01,1276.88,553700
VN30,2024-04-15 04:15:00,1276.83,1277.13,1276.45,1276.82,353700
VN30,2024-04-15 04:16:00,1276.82,1277.14,1276.34,1276.52,348200
VN30,2024-04-15 04:17:00,1276.09,1276.76,1275.99,1275.99,518200
VN30,2024-04-15 04:18:00,1275.56,1276.27,1275.3,1275.66,361800
VN30,2024-04-15 04:19:00,1275.77,1276.18,1275.58,1275.58,432700
VN30,2024-04-15 04:20:00,1275.77,1276.19,1275.34,1276.19,1603800
VN30,2024-04-15 04:21:00,1276.28,1276.69,1275.97,1275.97,745500
VN30,2024-04-15 04:22:00,1276.0,1276.47,1275.84,1275.92,825100
VN30,2024-04-15 04:23:00,1276.02,1276.02,1275.18,1275.18,963600
VN30,2024-04-15 04:24:00,1274.88,1275.36,1274.69,1274.69,345900
VN30,2024-04-15 04:25:00,1274.71,1275.33,1274.71,1275.27,394500
VN30,2024-04-15 04:26:00,1275.21,1275.56,1275.03,1275.03,738200
VN30,2024-04-15 04:27:00,1275.13,1275.13,1274.01,1274.12,1513700
VN30,2024-04-15 04:28:00,1274.27,1275.16,1274.09,1275.16,647700
VN30,2024-04-15 04:29:00,1275.16,1275.45,1274.52,1275.45,656200
VN30,2024-04-15 04:30:00,1275.45,1275.45,1275.45,1275.45,17400
VN30,2024-04-15 06:00:00,1275.26,1275.56,1274.16,1274.43,2089700
VN30,2024-04-15 06:01:00,1274.36,1274.87,1274.36,1274.54,1016000
VN30,2024-04-15 06:02:00,1274.26,1274.51,1274.16,1274.36,1412000
VN30,2024-04-15 06:03:00,1274.2,1274.54,1273.99,1274.54,847900
VN30,2024-04-15 06:04:00,1273.87,1274.48,1273.87,1274.45,908700
VN30,2024-04-15 06:05:00,1274.42,1274.42,1273.59,1273.59,575000
VN30,2024-04-15 06:06:00,1273.91,1273.91,1273.4,1273.74,1772800
VN30,2024-04-15 06:07:00,1273.81,1274.07,1273.48,1273.89,771400
VN30,2024-04-15 06:08:00,1273.72,1273.99,1273.57,1273.84,1134100
VN30,2024-04-15 06:09:00,1273.89,1273.89,1273.16,1273.74,860200
VN30,2024-04-15 06:10:00,1273.86,1274.23,1273.79,1273.9,614400
VN30,2024-04-15 06:11:00,1274.1,1274.81,1274.1,1274.48,1133800
VN30,2024-04-15 06:12:00,1274.76,1274.85,1274.38,1274.67,759900
VN30,2024-04-15 06:13:00,1274.77,1275.12,1274.63,1274.85,730200
VN30,2024-04-15 06:14:00,1274.71,1274.89,1274.55,1274.89,747800
VN30,2024-04-15 06:15:00,1274.91,1275.06,1274.68,1274.96,2195600
VN30,2024-04-15 06:16:00,1274.63,1274.63,1274.04,1274.59,3326000
VN30,2024-04-15 06:17:00,1274.47,1274.58,1274.09,1274.58,642700
VN30,2024-04-15 06:18:00,1274.57,1274.57,1273.82,1274.19,635200
VN30,2024-04-15 06:19:00,1274.35,1274.74,1273.89,1273.93,522600
VN30,2024-04-15 06:20:00,1273.85,1275.15,1273.85,1274.96,1883400
VN30,2024-04-15 06:21:00,1274.8,1276.12,1274.8,1275.84,2208800
VN30,2024-04-15 06:22:00,1275.95,1276.32,1275.93,1276.18,1052200
VN30,2024-04-15 06:23:00,1275.95,1276.38,1275.95,1276.0,728800
VN30,2024-04-15 06:24:00,1276.22,1276.7,1276.01,1276.7,1089700
VN30,2024-04-15 06:25:00,1276.84,1277.28,1276.49,1277.28,1161200
VN30,2024-04-15 06:26:00,1277.44,1277.52,1276.92,1277.16,1928500
VN30,2024-04-15 06:27:00,1277.4,1277.98,1277.4,1277.68,3347200
VN30,2024-04-15 06:28:00,1277.6,1278.01,1277.35,1277.75,1346600
VN30,2024-04-15 06:29:00,1277.37,1277.52,1277.21,1277.5,919300
VN30,2024-04-15 06:30:00,1277.6,1277.6,1276.87,1276.87,611600
VN30,2024-04-15 06:31:00,1276.91,1277.22,1276.13,1276.13,694000
VN30,2024-04-15 06:32:00,1276.11,1276.55,1276.07,1276.25,600000
VN30,2024-04-15 06:33:00,1276.13,1276.13,1275.59,1276.06,645900
VN30,2024-04-15 06:34:00,1276.05,1276.75,1275.98,1276.48,704900
VN30,2024-04-15 06:35:00,1276.27,1276.51,1276.09,1276.51,1259100
VN30,2024-04-15 06:36:00,1276.98,1276.98,1276.0,1276.14,2362000
VN30,2024-04-15 06:37:00,1276.45,1276.87,1276.05,1276.41,425200
VN30,2024-04-15 06:38:00,1276.48,1276.48,1275.91,1276.02,824500
VN30,2024-04-15 06:39:00,1276.14,1276.23,1275.68,1276.12,637900
VN30,2024-04-15 06:40:00,1275.5,1275.92,1274.95,1275.16,550200
VN30,2024-04-15 06:41:00,1275.18,1275.51,1275.18,1275.45,550000
VN30,2024-04-15 06:42:00,1275.43,1275.83,1275.31,1275.49,868200
VN30,2024-04-15 06:43:00,1275.41,1275.51,1275.31,1275.31,784600
VN30,2024-04-15 06:44:00,1275.07,1275.34,1274.67,1275.34,2089700
VN30,2024-04-15 06:45:00,1275.56,1275.69,1274.77,1274.88,1422600
VN30,2024-04-15 06:46:00,1274.98,1275.19,1274.77,1274.98,1137300
VN30,2024-04-15 06:47:00,1275.07,1275.36,1274.36,1274.54,1846300
VN30,2024-04-15 06:48:00,1274.7,1275.0,1274.46,1274.71,1485300
VN30,2024-04-15 06:49:00,1274.67,1275.03,1274.41,1274.59,3365500
VN30,2024-04-15 06:50:00,1274.57,1274.78,1274.2,1274.31,4180400
VN30,2024-04-15 06:51:00,1274.22,1274.28,1273.78,1273.82,1539100
VN30,2024-04-15 06:52:00,1273.75,1274.13,1273.16,1273.16,1747200
VN30,2024-04-15 06:53:00,1273.34,1273.56,1273.3,1273.35,2682800
VN30,2024-04-15 06:54:00,1273.25,1273.25,1272.14,1272.51,5076300
VN30,2024-04-15 06:55:00,1272.26,1272.63,1271.66,1271.78,7625300
VN30,2024-04-15 06:56:00,1271.67,1271.67,1270.89,1270.89,3621600
VN30,2024-04-15 06:57:00,1271.21,1271.21,1270.34,1270.44,2566900
VN30,2024-04-15 06:58:00,1270.45,1270.5,1269.82,1269.82,2551500
VN30,2024-04-15 06:59:00,1269.93,1271.05,1269.93,1270.7,1970000
VN30,2024-04-15 07:00:00,1270.84,1271.35,1270.69,1271.26,1792600
VN30,2024-04-15 07:01:00,1271.32,1271.32,1270.71,1271.07,1164500
VN30,2024-04-15 07:02:00,1271.1,1271.9,1271.1,1271.9,3341100
VN30,2024-04-15 07:03:00,1271.98,1272.12,1271.62,1272.0,3946100
VN30,2024-04-15 07:04:00,1272.03,1272.18,1271.42,1271.42,1005300
VN30,2024-04-15 07:05:00,1271.49,1272.15,1271.49,1271.89,1034400
VN30,2024-04-15 07:06:00,1271.64,1272.0,1271.3,1271.3,1040200
VN30,2024-04-15 07:07:00,1271.47,1271.65,1270.96,1270.96,2098800
VN30,2024-04-15 07:08:00,1270.88,1270.88,1270.15,1270.52,1937900
VN30,2024-04-15 07:09:00,1270.41,1270.41,1269.42,1269.51,1013800
VN30,2024-04-15 07:10:00,1269.46,1269.73,1268.53,1268.53,2385800
VN30,2024-04-15 07:11:00,1268.46,1268.46,1267.19,1267.19,2922300
VN30,2024-04-15 07:12:00,1267.02,1267.12,1265.9,1266.38,5052700
VN30,2024-04-15 07:13:00,1266.41,1266.41,1264.01,1264.01,4401300
VN30,2024-04-15 07:14:00,1263.96,1264.47,1262.79,1262.8,6183900
VN30,2024-04-15 07:15:00,1263.3,1263.3,1261.35,1261.35,3935100
VN30,2024-04-15 07:16:00,1261.4,1261.4,1260.33,1260.34,4815900
VN30,2024-04-15 07:17:00,1260.02,1260.06,1258.68,1259.26,3742200
VN30,2024-04-15 07:18:00,1259.08,1259.4,1258.19,1258.19,3764600
VN30,2024-04-15 07:19:00,1258.17,1258.35,1257.27,1257.27,4743400
VN30,2024-04-15 07:20:00,1257.23,1257.58,1255.01,1255.48,4877300
VN30,2024-04-15 07:21:00,1255.34,1255.95,1251.45,1251.45,10610600
VN30,2024-04-15 07:22:00,1250.96,1250.96,1244.61,1244.61,11384900
VN30,2024-04-15 07:23:00,1243.89,1244.48,1238.24,1238.24,10161900
VN30,2024-04-15 07:24:00,1238.08,1239.38,1236.07,1236.07,8009000
VN30,2024-04-15 07:25:00,1237.11,1237.41,1234.78,1235.46,8253200
VN30,2024-04-15 07:26:00,1234.76,1235.29,1232.53,1233.7,6415200
VN30,2024-04-15 07:27:00,1233.76,1235.52,1233.34,1233.45,6980900
VN30,2024-04-15 07:28:00,1233.58,1235.13,1232.2,1233.37,10490600
VN30,2024-04-15 07:29:00,1233.82,1234.89,1233.04,1234.83,6538200
VN30,2024-04-15 07:30:00,1234.47,1234.47,1234.47,1234.47,494100
VN30,2024-04-15 07:45:00,1230.51,1230.51,1227.9,1227.9,67134029
VN30,2024-04-16 02:15:00,1228.32,1232.98,1228.32,1232.98,33023555
VN30,2024-04-16 02:16:00,1233.39,1233.45,1232.38,1233.07,2192800
VN30,2024-04-16 02:17:00,1233.27,1233.95,1233.27,1233.7,3243100
VN30,2024-04-16 02:18:00,1233.81,1234.28,1232.87,1233.26,3265700
VN30,2024-04-16 02:19:00,1233.12,1233.12,1230.17,1230.17,3607500
VN30,2024-04-16 02:20:00,1230.27,1230.38,1227.9,1228.13,3753800
VN30,2024-04-16 02:21:00,1227.59,1227.59,1225.04,1225.04,4665900
VN30,2024-04-16 02:22:00,1225.27,1225.27,1222.62,1223.49,3813100
VN30,2024-04-16 02:23:00,1222.44,1222.91,1221.66,1222.56,4046400
VN30,2024-04-16 02:24:00,1221.84,1223.11,1221.09,1222.08,3827400
VN30,2024-04-16 02:25:00,1222.35,1223.33,1221.71,1223.29,3257600
VN30,2024-04-16 02:26:00,1223.05,1225.18,1223.05,1225.05,2815700
VN30,2024-04-16 02:27:00,1225.26,1226.94,1225.26,1226.94,2558700
VN30,2024-04-16 02:28:00,1226.91,1228.16,1226.91,1227.89,1801900
VN30,2024-04-16 02:29:00,1227.86,1229.82,1227.86,1229.82,1677200
VN30,2024-04-16 02:30:00,1229.68,1230.43,1229.33,1230.25,1636100
VN30,2024-04-16 02:31:00,1229.9,1230.23,1229.57,1230.12,1452900
VN30,2024-04-16 02:32:00,1230.42,1230.42,1230.0,1230.01,1313700
VN30,2024-04-16 02:33:00,1230.09,1231.24,1230.09,1231.09,1322400
VN30,2024-04-16 02:34:00,1231.29,1231.79,1230.9,1231.38,1851000
VN30,2024-04-16 02:35:00,1231.64,1231.74,1231.34,1231.34,1565900
VN30,2024-04-16 02:36:00,1231.09,1231.67,1230.91,1231.67,1327500
VN30,2024-04-16 02:37:00,1231.4,1232.19,1231.4,1232.19,2128800
VN30,2024-04-16 02:38:00,1232.57,1232.57,1231.63,1231.63,1522800
VN30,2024-04-16 02:39:00,1231.83,1232.03,1231.64,1231.73,1273100
VN30,2024-04-16 02:40:00,1231.59,1231.89,1231.02,1231.02,1382500
VN30,2024-04-16 02:41:00,1230.9,1231.31,1230.69,1230.69,1262500
VN30,2024-04-16 02:42:00,1230.62,1230.62,1229.88,1230.36,1414600
VN30,2024-04-16 02:43:00,1230.06,1230.07,1229.41,1229.59,2126400
VN30,2024-04-16 02:44:00,1229.68,1229.7,1228.91,1228.91,1268900
VN30,2024-04-16 02:45:00,1228.85,1228.85,1227.95,1227.96,1329900
VN30,2024-04-16 02:46:00,1228.06,1228.06,1227.38,1227.38,984900
VN30,2024-04-16 02:47:00,1227.42,1227.92,1227.38,1227.38,1248000
VN30,2024-04-16 02:48:00,1227.15,1228.11,1227.02,1227.31,1251200
VN30,2024-04-16 02:49:00,1227.24,1227.58,1226.75,1226.75,1075700
VN30,2024-04-16 02:50:00,1226.99,1227.33,1226.74,1226.74,1038300
VN30,2024-04-16 02:51:00,1226.75,1227.53,1226.75,1227.2,1247900
VN30,2024-04-16 02:52:00,1227.3,1227.3,1227.02,1227.11,1181400
VN30,2024-04-16 02:53:00,1227.23,1227.74,1226.97,1227.74,1248000
VN30,2024-04-16 02:54:00,1227.87,1228.25,1227.84,1228.07,1186800
VN30,2024-04-16 02:55:00,1228.08,1229.47,1227.97,1229.45,917300
VN30,2024-04-16 02:56:00,1229.75,1230.29,1229.25,1229.87,1052500
VN30,2024-04-16 02:57:00,1229.93,1230.1,1229.7,1229.95,903800
VN30,2024-04-16 02:58:00,1229.99,1230.92,1229.99,1230.25,551400
VN30,2024-04-16 02:59:00,1230.27,1230.76,1229.95,1230.57,808000
VN30,2024-04-16 03:00:00,1230.57,1231.29,1230.48,1231.08,1494200
VN30,2024-04-16 03:01:00,1231.26,1231.66,1230.91,1231.51,709100
VN30,2024-04-16 03:02:00,1231.4,1232.0,1231.4,1231.96,996400
VN30,2024-04-16 03:03:00,1232.2,1232.57,1231.95,1231.95,1065300
VN30,2024-04-16 03:04:00,1232.16,1232.57,1232.02,1232.57,874000
VN30,2024-04-16 03:05:00,1232.61,1233.31,1232.22,1233.24,1518500
VN30,2024-04-16 03:06:00,1232.86,1233.1,1232.56,1232.57,1447700
VN30,2024-04-16 03:07:00,1232.5,1233.11,1232.39,1232.48,921900
VN30,2024-04-16 03:08:00,1232.67,1233.55,1232.67,1233.39,590600
VN30,2024-04-16 03:09:00,1233.63,1233.97,1233.44,1233.84,1151000
VN30,2024-04-16 03:10:00,1233.7,1234.25,1233.48,1233.89,744400
VN30,2024-04-16 03:11:00,1233.74,1233.74,1233.06,1233.29,954000
VN30,2024-04-16 03:12:00,1233.1,1233.82,1233.1,1233.59,739300
VN30,2024-04-16 03:13:00,1233.59,1233.59,1232.51,1232.6,820300
VN30,2024-04-16 03:14:00,1232.27,1232.6,1231.87,1232.38,1636400
VN30,2024-04-16 03:15:00,1232.17,1232.36,1231.76,1231.76,706000
VN30,2024-04-16 03:16:00,1231.52,1231.85,1231.11,1231.26,723300
VN30,2024-04-16 03:17:00,1231.26,1231.29,1230.69,1230.88,962600
VN30,2024-04-16 03:18:00,1231.12,1231.15,1230.24,1230.24,994400
VN30,2024-04-16 03:19:00,1230.28,1230.5,1229.82,1230.05,1409700
VN30,2024-04-16 03:20:00,1229.54,1229.96,1229.13,1229.13,591600
VN30,2024-04-16 03:21:00,1229.03,1229.81,1229.03,1229.58,560100
VN30,2024-04-16 03:22:00,1229.7,1229.8,1229.12,1229.16,501700
VN30,2024-04-16 03:23:00,1229.05,1229.95,1229.05,1229.17,712200
VN30,2024-04-16 03:24:00,1229.16,1229.82,1228.98,1228.98,824100
VN30,2024-04-16 03:25:00,1229.18,1230.33,1229.18,1230.29,890400
VN30,2024-04-16 03:26:00,1230.29,1230.94,1230.26,1230.75,739200
VN30,2024-04-16 03:27:00,1230.49,1230.71,1230.47,1230.48,451700
VN30,2024-04-16 03:28:00,1230.53,1230.95,1230.35,1230.46,2391700
VN30,2024-04-16 03:29:00,1230.83,1231.75,1230.53,1231.49,641600
VN30,2024-04-16 03:30:00,1231.39,1231.66,1231.22,1231.43,274100
VN30,2024-04-16 03:31:00,1231.31,1231.5,1231.02,1231.17,3405900
VN30,2024-04-16 03:32:00,1231.03,1231.3,1230.84,1230.89,3445650
VN30,2024-04-16 03:33:00,1231.01,1231.56,1231.0,1231.0,801400
VN30,2024-04-16 03:34:00,1230.96,1231.1,1230.51,1230.53,642100
VN30,2024-04-16 03:35:00,1230.68,1230.68,1229.29,1229.29,590900
VN30,2024-04-16 03:36:00,1229.29,1229.56,1228.57,1229.39,1332600
VN30,2024-04-16 03:37:00,1229.31,1229.34,1228.91,1229.11,1169300
VN30,2024-04-16 03:38:00,1228.91,1229.01,1228.15,1228.15,1382500
VN30,2024-04-16 03:39:00,1228.3,1228.71,1227.71,1227.71,600000
VN30,2024-04-16 03:40:00,1227.63,1228.07,1227.29,1227.29,1150900
VN30,2024-04-16 03:41:00,1227.46,1227.46,1226.41,1226.41,1442200
VN30,2024-04-16 03:42:00,1226.48,1227.06,1225.78,1225.78,1196300
VN30,2024-04-16 03:43:00,1225.84,1226.44,1225.84,1226.2,1391300
VN30,2024-04-16 03:44:00,1226.21,1226.62,1225.33,1226.22,758300
VN30,2024-04-16 03:45:00,1225.92,1225.92,1225.2,1225.22,2150500
VN30,2024-04-16 03:46:00,1225.44,1225.66,1224.94,1224.94,977500
VN30,2024-04-16 03:47:00,1225.36,1225.41,1224.66,1224.7,1499900
VN30,2024-04-16 03:48:00,1224.89,1225.56,1224.8,1225.11,1036700
VN30,2024-04-16 03:49:00,1225.71,1225.94,1225.41,1225.41,1551000
VN30,2024-04-16 03:50:00,1225.79,1226.95,1225.79,1226.95,700800
VN30,2024-04-16 03:51:00,1227.18,1228.51,1226.67,1228.51,901600
VN30,2024-04-16 03:52:00,1228.26,1228.4,1227.57,1227.77,640500
VN30,2024-04-16 03:53:00,1227.77,1228.52,1227.77,1228.52,705200
VN30,2024-04-16 03:54:00,1228.42,1228.74,1228.31,1228.58,654600
VN30,2024-04-16 03:55:00,1228.52,1228.93,1228.32,1228.73,570900
VN30,2024-04-16 03:56:00,1228.6,1228.75,1228.02,1228.21,479400
VN30,2024-04-16 03:57:00,1228.15,1228.54,1228.14,1228.47,495600
VN30,2024-04-16 03:58:00,1228.53,1228.53,1227.32,1227.42,624500
VN30,2024-04-16 03:59:00,1227.3,1227.56,1227.16,1227.2,888900
VN30,2024-04-16 04:00:00,1226.2,1226.38,1225.23,1225.23,1572600
VN30,2024-04-16 04:01:00,1225.33,1225.56,1224.9,1225.07,934800
VN30,2024-04-16 04:02:00,1225.02,1225.43,1224.86,1225.43,557000
VN30,2024-04-16 04:03:00,1225.2,1225.38,1225.07,1225.21,523700
VN30,2024-04-16 04:04:00,1225.28,1225.76,1225.22,1225.51,717200
VN30,2024-04-16 04:05:00,1225.26,1225.43,1225.09,1225.09,586400
VN30,2024-04-16 04:06:00,1225.35,1225.35,1224.76,1225.08,531900
VN30,2024-04-16 04:07:00,1224.8,1225.48,1224.28,1225.13,622300
VN30,2024-04-16 04:08:00,1225.24,1225.24,1224.44,1224.84,862600
VN30,2024-04-16 04:09:00,1224.58,1224.71,1223.88,1224.05,1089900
VN30,2024-04-16 04:10:00,1223.99,1224.16,1223.85,1223.86,902700
VN30,2024-04-16 04:11:00,1223.97,1224.02,1223.62,1223.71,1488100
VN30,2024-04-16 04:12:00,1223.59,1224.35,1223.36,1223.76,1355800
VN30,2024-04-16 04:13:00,1223.57,1225.11,1223.57,1224.62,1165800
VN30,2024-04-16 04:14:00,1224.78,1225.32,1224.48,1224.6,1566300
VN30,2024-04-16 04:15:00,1224.91,1225.95,1224.76,1225.58,859000
VN30,2024-04-16 04:16:00,1225.21,1227.27,1225.21,1227.01,1084000
VN30,2024-04-16 04:17:00,1226.95,1227.63,1226.7,1226.7,1240600
VN30,2024-04-16 04:18:00,1226.79,1227.3,1226.74,1227.03,427800
VN30,2024-04-16 04:19:00,1227.0,1227.07,1226.39,1226.39,372600
VN30,2024-04-16 04:20:00,1226.49,1226.83,1226.38,1226.49,768800
VN30,2024-04-16 04:21:00,1226.2,1226.26,1225.83,1226.1,906400
VN30,2024-04-16 04:22:00,1225.96,1225.96,1225.03,1225.17,335700
VN30,2024-04-16 04:23:00,1224.94,1225.43,1224.79,1225.43,561900
VN30,2024-04-16 04:24:00,1225.42,1225.42,1224.93,1224.93,669500
VN30,2024-04-16 04:25:00,1224.82,1225.09,1224.65,1224.8,450100
VN30,2024-04-16 04:26:00,1224.68,1224.81,1223.63,1223.8,516400
VN30,2024-04-16 04:27:00,1223.79,1224.1,1223.59,1224.1,341400
VN30,2024-04-16 04:28:00,1223.85,1223.85,1223.44,1223.57,1359200
VN30,2024-04-16 04:29:00,1223.14,1223.44,1222.67,1222.67,1519400
VN30,2024-04-16 04:30:00,1222.62,1222.62,1222.62,1222.62,31700
VN30,2024-04-16 06:00:00,1222.02,1222.02,1219.63,1219.63,6327400
VN30,2024-04-16 06:01:00,1220.05,1220.05,1218.45,1218.96,3217800
VN30,2024-04-16 06:02:00,1219.36,1220.86,1218.83,1218.89,3048400
VN30,2024-04-16 06:03:00,1219.13,1220.4,1219.13,1220.3,2369000
VN30,2024-04-16 06:04:00,1220.11,1221.11,1218.95,1220.81,2660400
VN30,2024-04-16 06:05:00,1220.11,1221.58,1220.11,1221.2,2340100
VN30,2024-04-16 06:06:00,1221.16,1222.44,1220.92,1222.04,2135600
VN30,2024-04-16 06:07:00,1222.1,1222.87,1221.81,1222.87,1733500
VN30,2024-04-16 06:08:00,1222.48,1222.95,1222.46,1222.83,1045000
VN30,2024-04-16 06:09:00,1222.75,1223.13,1222.36,1222.76,1616300
VN30,2024-04-16 06:10:00,1222.6,1223.06,1222.19,1222.19,1953200
VN30,2024-04-16 06:11:00,1222.43,1222.85,1222.25,1222.25,1808800
VN30,2024-04-16 06:12:00,1222.47,1222.56,1221.96,1221.96,1017400
VN30,2024-04-16 06:13:00,1222.04,1222.09,1221.76,1221.79,1175200
VN30,2024-04-16 06:14:00,1221.58,1221.99,1221.21,1221.53,1205700
VN30,2024-04-16 06:15:00,1221.25,1221.9,1221.08,1221.66,2011900
VN30,2024-04-16 06:16:00,1221.11,1221.35,1220.49,1220.49,1392400
VN30,2024-04-16 06:17:00,1220.34,1220.81,1219.97,1219.98,2013700
VN30,2024-04-16 06:18:00,1220.0,1220.0,1219.24,1219.44,6023367
VN30,2024-04-16 06:19:00,1219.07,1219.18,1218.21,1218.53,3179800
VN30,2024-04-16 06:20:00,1218.45,1218.45,1217.19,1217.19,3473900
VN30,2024-04-16 06:21:00,1217.17,1217.17,1215.44,1215.44,4539100
VN30,2024-04-16 06:22:00,1215.2,1215.23,1213.78,1213.78,4938200
VN30,2024-04-16 06:23:00,1213.88,1213.88,1211.48,1211.48,5494500
VN30,2024-04-16 06:24:00,1211.44,1211.44,1210.41,1210.65,3583600
VN30,2024-04-16 06:25:00,1210.41,1211.49,1209.99,1211.49,4539400
VN30,2024-04-16 06:26:00,1212.15,1214.69,1211.84,1214.69,4581100
VN30,2024-04-16 06:27:00,1214.17,1215.88,1213.75,1215.86,2872600
VN30,2024-04-16 06:28:00,1215.6,1217.4,1215.6,1217.24,3230500
VN30,2024-04-16 06:29:00,1217.51,1219.94,1217.51,1219.94,3445900
VN30,2024-04-16 06:30:00,1220.57,1221.37,1220.16,1221.37,2104300
VN30,2024-04-16 06:31:00,1221.33,1222.23,1221.2,1222.23,4779704
VN30,2024-04-16 06:32:00,1222.02,1222.57,1221.62,1222.53,1572400
VN30,2024-04-16 06:33:00,1221.5,1221.93,1221.05,1221.05,1294700
VN30,2024-04-16 06:34:00,1221.39,1221.98,1220.87,1221.36,1229400
VN30,2024-04-16 06:35:00,1220.79,1220.79,1220.01,1220.38,938100
VN30,2024-04-16 06:36:00,1220.44,1220.44,1219.83,1219.97,1044700
VN30,2024-04-16 06:37:00,1219.98,1220.33,1219.48,1219.66,1266500
VN30,2024-04-16 06:38:00,1220.17,1220.46,1219.54,1219.57,1028800
VN30,2024-04-16 06:39:00,1219.15,1219.47,1218.97,1218.97,1061100
VN30,2024-04-16 06:40:00,1219.49,1220.7,1219.1,1220.68,1671000
VN30,2024-04-16 06:41:00,1220.13,1222.1,1220.13,1221.97,2289500
VN30,2024-04-16 06:42:00,1222.5,1222.93,1221.89,1222.08,1160800
VN30,2024-04-16 06:43:00,1222.0,1222.11,1221.32,1221.32,902200
VN30,2024-04-16 06:44:00,1221.88,1222.3,1221.62,1222.09,1202000
VN30,2024-04-16 06:45:00,1221.99,1223.6,1221.91,1222.76,1119200
VN30,2024-04-16 06:46:00,1222.94,1224.72,1222.94,1224.72,5967100
VN30,2024-04-16 06:47:00,1224.41,1226.73,1224.41,1226.03,2045900
VN30,2024-04-16 06:48:00,1226.66,1228.01,1226.66,1227.75,2192600
VN30,2024-04-16 06:49:00,1227.81,1228.82,1227.81,1228.75,3041800
VN30,2024-04-16 06:50:00,1228.95,1229.4,1228.81,1229.15,1650500
VN30,2024-04-16 06:51:00,1228.89,1229.06,1227.01,1227.01,2608000
VN30,2024-04-16 06:52:00,1227.41,1227.41,1224.77,1224.78,1743800
VN30,2024-04-16 06:53:00,1224.42,1224.8,1223.79,1223.79,1335800
VN30,2024-04-16 06:54:00,1223.87,1224.1,1222.88,1222.88,1616900
VN30,2024-04-16 06:55:00,1222.56,1223.56,1222.56,1222.69,854100
VN30,2024-04-16 06:56:00,1223.0,1224.12,1222.89,1223.59,1001700
VN30,2024-04-16 06:57:00,1223.89,1223.89,1223.23,1223.66,1278400
VN30,2024-04-16 06:58:00,1223.66,1223.99,1223.21,1223.62,950900
VN30,2024-04-16 06:59:00,1223.66,1225.15,1223.66,1224.99,740200
VN30,2024-04-16 07:00:00,1225.55,1225.55,1225.01,1225.48,959300
VN30,2024-04-16 07:01:00,1225.7,1226.01,1225.46,1226.01,1171800
VN30,2024-04-16 07:02:00,1226.03,1226.91,1226.03,1226.91,1079100
VN30,2024-04-16 07:03:00,1225.48,1226.15,1223.73,1223.99,2114900
VN30,2024-04-16 07:04:00,1222.42,1223.12,1219.41,1220.89,2568000
VN30,2024-04-16 07:05:00,1220.49,1220.8,1219.94,1220.15,2144900
VN30,2024-04-16 07:06:00,1220.06,1220.31,1219.71,1219.98,927000
VN30,2024-04-16 07:07:00,1219.67,1219.82,1218.99,1219.13,1145000
VN30,2024-04-16 07:08:00,1218.9,1219.38,1218.89,1219.25,1120200
VN30,2024-04-16 07:09:00,1219.56,1221.43,1219.46,1221.26,882300
VN30,2024-04-16 07:10:00,1221.42,1223.1,1221.24,1222.48,1268900
VN30,2024-04-16 07:11:00,1223.0,1223.22,1221.98,1223.22,3179100
VN30,2024-04-16 07:12:00,1223.31,1223.79,1222.91,1223.75,3155700
VN30,2024-04-16 07:13:00,1224.12,1224.67,1223.52,1224.67,3502000
VN30,2024-04-16 07:14:00,1224.61,1226.16,1224.5,1225.46,1837800
VN30,2024-04-16 07:15:00,1226.01,1226.39,1224.69,1225.45,1073400
VN30,2024-04-16 07:16:00,1224.5,1225.05,1223.51,1225.05,1575500
VN30,2024-04-16 07:17:00,1225.07,1225.07,1223.48,1224.53,1133400
VN30,2024-04-16 07:18:00,1224.43,1226.12,1224.43,1225.56,1435800
VN30,2024-04-16 07:19:00,1225.34,1225.6,1223.34,1223.66,2115300
VN30,2024-04-16 07:20:00,1223.58,1224.34,1223.58,1224.18,1471200
VN30,2024-04-16 07:21:00,1224.64,1224.64,1222.98,1223.08,1876600
VN30,2024-04-16 07:22:00,1223.06,1223.16,1222.05,1222.11,2022800
VN30,2024-04-16 07:23:00,1222.01,1222.96,1221.91,1222.57,886900
VN30,2024-04-16 07:24:00,1222.45,1223.48,1222.23,1223.18,1384000
VN30,2024-04-16 07:25:00,1222.84,1223.55,1222.84,1223.53,1223100
VN30,2024-04-16 07:26:00,1223.63,1224.1,1223.38,1224.1,935000
VN30,2024-04-16 07:27:00,1224.1,1225.82,1224.1,1225.82,1455700
VN30,2024-04-16 07:28:00,1225.88,1227.05,1225.77,1226.78,1734900
VN30,2024-04-16 07:29:00,1226.78,1228.55,1226.73,1228.28,1394600
VN30,2024-04-16 07:30:00,1228.39,1228.39,1228.39,1228.39,411200
VN30,2024-04-16 07:45:00,1232.7,1232.7,1232.7,1232.7,18121935
VN30,2024-04-17 02:15:00,1232.89,1237.08,1232.89,1234.53,3543100
VN30,2024-04-17 02:16:00,1234.53,1236.05,1233.59,1233.59,1297203
VN30,2024-04-17 02:17:00,1233.9,1234.33,1232.15,1232.23,1317900
VN30,2024-04-17 02:18:00,1232.26,1233.35,1231.81,1233.21,745100
VN30,2024-04-17 02:19:00,1233.24,1233.55,1232.87,1233.55,802100
VN30,2024-04-17 02:20:00,1233.69,1234.48,1233.69,1234.36,600500
VN30,2024-04-17 02:21:00,1234.45,1234.51,1232.73,1233.33,978400
VN30,2024-04-17 02:22:00,1233.6,1234.01,1232.92,1233.95,631900
VN30,2024-04-17 02:23:00,1233.84,1234.33,1233.84,1234.03,510600
VN30,2024-04-17 02:24:00,1233.96,1234.15,1233.53,1233.78,867200
VN30,2024-04-17 02:25:00,1233.56,1233.66,1233.22,1233.22,806000
VN30,2024-04-17 02:26:00,1233.0,1233.88,1233.0,1233.82,510300
VN30,2024-04-17 02:27:00,1233.45,1233.8,1233.11,1233.14,443400
VN30,2024-04-17 02:28:00,1233.37,1233.52,1233.09,1233.14,280600
VN30,2024-04-17 02:29:00,1233.25,1233.25,1231.67,1232.31,745600
VN30,2024-04-17 02:30:00,1232.19,1232.32,1231.98,1232.26,1120100
VN30,2024-04-17 02:31:00,1232.19,1233.17,1232.19,1232.98,1126900
VN30,2024-04-17 02:32:00,1233.03,1233.52,1233.03,1233.27,519400
VN30,2024-04-17 02:33:00,1233.62,1233.94,1233.49,1233.49,376000
VN30,2024-04-17 02:34:00,1233.49,1233.49,1232.99,1233.22,251700
VN30,2024-04-17 02:35:00,1233.17,1233.41,1232.34,1232.34,407400
VN30,2024-04-17 02:36:00,1232.38,1232.38,1231.57,1232.35,302800
VN30,2024-04-17 02:37:00,1232.23,1232.42,1232.05,1232.05,198100
VN30,2024-04-17 02:38:00,1232.13,1232.48,1232.13,1232.24,403300
VN30,2024-04-17 02:39:00,1232.49,1233.28,1232.47,1233.23,352300
VN30,2024-04-17 02:40:00,1233.28,1233.55,1233.1,1233.34,821400
VN30,2024-04-17 02:41:00,1233.52,1233.76,1233.36,1233.58,403900
VN30,2024-04-17 02:42:00,1233.52,1233.97,1233.31,1233.31,426900
VN30,2024-04-17 02:43:00,1233.31,1233.83,1232.77,1233.63,683400
VN30,2024-04-17 02:44:00,1233.51,1234.09,1233.4,1234.09,513600
VN30,2024-04-17 02:45:00,1234.09,1234.09,1233.66,1234.06,316000
VN30,2024-04-17 02:46:00,1233.96,1234.06,1233.61,1233.85,555600
VN30,2024-04-17 02:47:00,1233.79,1234.19,1233.79,1234.19,444500
VN30,2024-04-17 02:48:00,1234.05,1234.71,1234.05,1234.36,367700
VN30,2024-04-17 02:49:00,1234.19,1234.58,1234.19,1234.58,304500
VN30,2024-04-17 02:50:00,1234.74,1234.88,1234.54,1234.88,614100
VN30,2024-04-17 02:51:00,1234.72,1234.88,1234.36,1234.54,565900
VN30,2024-04-17 02:52:00,1234.68,1234.94,1234.52,1234.94,692600
VN30,2024-04-17 02:53:00,1234.79,1235.24,1234.63,1235.24,669700
VN30,2024-04-17 02:54:00,1235.17,1235.33,1233.95,1233.95,567100
VN30,2024-04-17 02:55:00,1234.29,1234.43,1233.12,1233.48,451200
VN30,2024-04-17 02:56:00,1233.4,1234.17,1233.03,1234.17,275100
VN30,2024-04-17 02:57:00,1234.17,1234.49,1233.84,1234.28,456843
VN30,2024-04-17 02:58:00,1234.39,1234.51,1233.87,1234.46,254300
VN30,2024-04-17 02:59:00,1234.39,1234.39,1233.54,1234.17,1388300
VN30,2024-04-17 03:00:00,1234.25,1234.48,1234.11,1234.11,471200
VN30,2024-04-17 03:01:00,1234.11,1234.11,1233.32,1233.76,734900
VN30,2024-04-17 03:02:00,1233.76,1233.77,1233.3,1233.42,374800
VN30,2024-04-17 03:03:00,1233.47,1233.84,1233.39,1233.39,473100
VN30,2024-04-17 03:04:00,1233.25,1233.6,1232.68,1232.84,561000
VN30,2024-04-17 03:05:00,1232.99,1233.22,1232.83,1233.11,281800
VN30,2024-04-17 03:06:00,1233.11,1233.55,1233.09,1233.16,182900
VN30,2024-04-17 03:07:00,1233.16,1233.36,1232.87,1233.36,300200
VN30,2024-04-17 03:08:00,1233.37,1233.37,1233.04,1233.22,182400
VN30,2024-04-17 03:09:00,1233.08,1233.14,1232.67,1232.7,218100
VN30,2024-04-17 03:10:00,1232.74,1232.79,1232.31,1232.32,191900
VN30,2024-04-17 03:11:00,1232.27,1232.35,1231.94,1232.05,458700
VN30,2024-04-17 03:12:00,1231.99,1232.2,1231.91,1231.91,336500
VN30,2024-04-17 03:13:00,1231.71,1232.13,1231.71,1232.07,404400
VN30,2024-04-17 03:14:00,1231.91,1232.17,1231.58,1231.76,635000
VN30,2024-04-17 03:15:00,1231.79,1231.79,1231.29,1231.29,475600
VN30,2024-04-17 03:16:00,1230.87,1231.04,1230.72,1231.04,382100
VN30,2024-04-17 03:17:00,1230.92,1231.08,1230.76,1230.79,584100
VN30,2024-04-17 03:18:00,1230.68,1230.73,1230.13,1230.13,1276800
VN30,2024-04-17 03:19:00,1230.35,1230.92,1230.28,1230.86,302900
VN30,2024-04-17 03:20:00,1230.84,1231.12,1230.5,1230.86,1224715
VN30,2024-04-17 03:21:00,1230.98,1231.35,1230.77,1231.35,307800
VN30,2024-04-17 03:22:00,1231.43,1231.43,1231.22,1231.24,299600
VN30,2024-04-17 03:23:00,1231.06,1231.06,1230.01,1230.01,266300
VN30,2024-04-17 03:24:00,1230.12,1230.31,1229.84,1229.97,419100
VN30,2024-04-17 03:25:00,1229.98,1230.09,1229.68,1229.75,198800
VN30,2024-04-17 03:26:00,1229.67,1229.67,1229.45,1229.57,545900
VN30,2024-04-17 03:27:00,1229.3,1229.35,1228.78,1229.07,539300
VN30,2024-04-17 03:28:00,1229.07,1229.37,1228.9,1228.96,679300
VN30,2024-04-17 03:29:00,1228.86,1228.86,1228.73,1228.73,92000
VN30,2024-04-17 03:30:00,1228.62,1229.09,1228.35,1228.79,354100
VN30,2024-04-17 03:31:00,1228.87,1228.98,1228.76,1228.76,238100
VN30,2024-04-17 03:32:00,1228.85,1229.39,1228.76,1229.16,806900
VN30,2024-04-17 03:33:00,1229.16,1229.64,1229.16,1229.57,358300
VN30,2024-04-17 03:34:00,1229.57,1230.01,1229.46,1230.01,125800
VN30,2024-04-17 03:35:00,1230.14,1230.2,1229.84,1229.9,1553400
VN30,2024-04-17 03:36:00,1229.96,1230.1,1229.84,1229.94,194700
VN30,2024-04-17 03:37:00,1230.06,1230.12,1228.9,1229.14,801400
VN30,2024-04-17 03:38:00,1229.27,1229.54,1229.16,1229.42,710600
VN30,2024-04-17 03:39:00,1229.25,1229.36,1229.09,1229.09,298400
VN30,2024-04-17 03:40:00,1229.09,1229.77,1229.09,1229.22,348600
VN30,2024-04-17 03:41:00,1229.23,1229.38,1228.83,1228.88,293400
VN30,2024-04-17 03:42:00,1229.02,1229.02,1228.72,1228.72,579900
VN30,2024-04-17 03:43:00,1228.72,1228.83,1228.01,1228.15,1003900
VN30,2024-04-17 03:44:00,1228.13,1228.22,1227.57,1228.08,517900
VN30,2024-04-17 03:45:00,1228.34,1228.34,1226.89,1227.52,791600
VN30,2024-04-17 03:46:00,1227.41,1227.48,1227.05,1227.37,579700
VN30,2024-04-17 03:47:00,1227.37,1227.88,1227.33,1227.56,411000
VN30,2024-04-17 03:48:00,1227.45,1228.26,1227.45,1228.26,351800
VN30,2024-04-17 03:49:00,1227.96,1228.23,1227.55,1227.82,368800
VN30,2024-04-17 03:50:00,1227.68,1227.69,1226.82,1227.01,689800
VN30,2024-04-17 03:51:00,1227.07,1227.86,1226.95,1227.86,307000
VN30,2024-04-17 03:52:00,1227.8,1228.09,1227.69,1227.93,265600
VN30,2024-04-17 03:53:00,1227.93,1228.14,1227.27,1227.36,462100
VN30,2024-04-17 03:54:00,1227.42,1228.04,1227.42,1227.49,375300
VN30,2024-04-17 03:55:00,1227.29,1227.52,1227.02,1227.13,332800
VN30,2024-04-17 03:56:00,1226.99,1227.25,1226.86,1227.03,279000
VN30,2024-04-17 03:57:00,1226.88,1226.98,1226.36,1226.98,212200
VN30,2024-04-17 03:58:00,1226.73,1226.78,1226.15,1226.15,867500
VN30,2024-04-17 03:59:00,1226.16,1226.36,1225.71,1225.92,549800
VN30,2024-04-17 04:00:00,1226.1,1226.1,1225.44,1225.63,800602
VN30,2024-04-17 04:01:00,1225.41,1225.65,1225.14,1225.45,597200
VN30,2024-04-17 04:02:00,1225.39,1225.83,1225.35,1225.83,517300
VN30,2024-04-17 04:03:00,1225.98,1225.98,1225.38,1225.46,499700
VN30,2024-04-17 04:04:00,1225.25,1225.9,1224.99,1225.51,777500
VN30,2024-04-17 04:05:00,1225.36,1225.36,1224.81,1225.18,513800
VN30,2024-04-17 04:06:00,1225.25,1225.25,1224.72,1224.73,387000
VN30,2024-04-17 04:07:00,1224.94,1225.32,1224.82,1225.16,476100
VN30,2024-04-17 04:08:00,1225.54,1225.54,1224.87,1225.23,535900
VN30,2024-04-17 04:09:00,1225.29,1226.21,1225.01,1226.21,609700
VN30,2024-04-17 04:10:00,1226.26,1226.26,1225.55,1225.9,491000
VN30,2024-04-17 04:11:00,1225.86,1226.67,1225.86,1226.67,641200
VN30,2024-04-17 04:12:00,1226.67,1227.07,1226.67,1227.05,305900
VN30,2024-04-17 04:13:00,1227.19,1227.4,1227.03,1227.4,726500
VN30,2024-04-17 04:14:00,1227.4,1227.49,1227.2,1227.39,345900
VN30,2024-04-17 04:15:00,1227.44,1227.7,1227.41,1227.7,265700
VN30,2024-04-17 04:16:00,1227.83,1227.83,1227.3,1227.62,186300
VN30,2024-04-17 04:17:00,1227.77,1227.83,1227.46,1227.69,218400
VN30,2024-04-17 04:18:00,1227.69,1227.92,1227.6,1227.76,195600
VN30,2024-04-17 04:19:00,1227.77,1227.91,1227.7,1227.7,486300
VN30,2024-04-17 04:20:00,1227.92,1228.18,1227.74,1228.13,372100
VN30,2024-04-17 04:21:00,1228.22,1228.25,1227.76,1227.87,500600
VN30,2024-04-17 04:22:00,1227.94,1227.94,1227.33,1227.49,471700
VN30,2024-04-17 04:23:00,1227.38,1227.71,1227.38,1227.71,430200
VN30,2024-04-17 04:24:00,1227.84,1227.84,1226.68,1227.22,253200
VN30,2024-04-17 04:25:00,1227.27,1227.6,1227.19,1227.6,404900
VN30,2024-04-17 04:26:00,1227.48,1227.64,1227.29,1227.43,236200
VN30,2024-04-17 04:27:00,1227.43,1227.84,1227.33,1227.84,348200
VN30,2024-04-17 04:28:00,1227.9,1227.95,1227.59,1227.78,394400
VN30,2024-04-17 04:29:00,1227.86,1228.01,1227.58,1227.93,808100
VN30,2024-04-17 04:30:00,1227.99,1227.99,1227.99,1227.99,124900
VN30,2024-04-17 06:00:00,1227.26,1227.44,1225.65,1225.65,4356200
VN30,2024-04-17 06:01:00,1225.71,1225.75,1225.4,1225.59,761300
VN30,2024-04-17 06:02:00,1225.68,1225.68,1225.16,1225.46,811201
VN30,2024-04-17 06:03:00,1225.51,1225.81,1225.25,1225.5,763300
VN30,2024-04-17 06:04:00,1225.54,1225.6,1225.46,1225.58,837300
VN30,2024-04-17 06:05:00,1225.79,1225.79,1225.24,1225.63,618900
VN30,2024-04-17 06:06:00,1225.47,1225.62,1225.18,1225.37,1383500
VN30,2024-04-17 06:07:00,1225.41,1225.5,1224.97,1224.97,1510500
VN30,2024-04-17 06:08:00,1224.89,1225.5,1224.89,1225.5,1449800
VN30,2024-04-17 06:09:00,1225.38,1226.65,1225.38,1226.25,1086700
VN30,2024-04-17 06:10:00,1226.36,1226.64,1225.89,1226.64,1243200
VN30,2024-04-17 06:11:00,1226.28,1226.73,1226.2,1226.73,1141400
VN30,2024-04-17 06:12:00,1226.58,1226.98,1226.01,1226.13,1592500
VN30,2024-04-17 06:13:00,1226.32,1226.83,1226.09,1226.64,1126700
VN30,2024-04-17 06:14:00,1226.43,1226.57,1226.16,1226.46,793800
VN30,2024-04-17 06:15:00,1226.68,1227.12,1226.49,1227.12,713900
VN30,2024-04-17 06:16:00,1227.17,1227.17,1226.87,1227.04,669700
VN30,2024-04-17 06:17:00,1227.04,1227.32,1226.91,1226.91,523500
VN30,2024-04-17 06:18:00,1226.83,1227.64,1226.83,1227.26,1108600
VN30,2024-04-17 06:19:00,1227.04,1227.85,1227.04,1227.54,1330600
VN30,2024-04-17 06:20:00,1227.6,1227.95,1227.17,1227.69,651600
VN30,2024-04-17 06:21:00,1227.58,1227.99,1227.58,1227.75,1074600
VN30,2024-04-17 06:22:00,1227.69,1228.06,1227.69,1227.87,582200
VN30,2024-04-17 06:23:00,1227.91,1227.94,1227.44,1227.84,871600
VN30,2024-04-17 06:24:00,1227.74,1228.04,1227.46,1227.77,534000
VN30,2024-04-17 06:25:00,1227.6,1227.6,1226.91,1227.35,1216600
VN30,2024-04-17 06:26:00,1227.5,1227.5,1227.1,1227.1,1072800
VN30,2024-04-17 06:27:00,1227.16,1227.19,1226.39,1226.42,1783700
VN30,2024-04-17 06:28:00,1226.49,1226.66,1225.94,1225.94,1074700
VN30,2024-04-17 06:29:00,1226.05,1226.05,1225.01,1225.6,3049300
VN30,2024-04-17 06:30:00,1225.28,1225.28,1224.81,1224.81,1507001
VN30,2024-04-17 06:31:00,1224.96,1224.96,1224.22,1224.27,1113000
VN30,2024-04-17 06:32:00,1224.45,1224.45,1223.12,1223.12,1036700
VN30,2024-04-17 06:33:00,1222.97,1223.08,1222.55,1222.72,3791800
VN30,2024-04-17 06:34:00,1222.68,1223.02,1222.43,1222.91,1345100
VN30,2024-04-17 06:35:00,1222.77,1222.8,1222.2,1222.49,1070200
VN30,2024-04-17 06:36:00,1222.82,1223.1,1222.58,1223.1,1204200
VN30,2024-04-17 06:37:00,1223.35,1223.61,1222.82,1223.58,1427500
VN30,2024-04-17 06:38:00,1223.84,1224.51,1223.79,1224.51,880600
VN30,2024-04-17 06:39:00,1224.42,1225.12,1224.34,1225.03,1003600
VN30,2024-04-17 06:40:00,1225.04,1225.43,1224.78,1224.97,916700
VN30,2024-04-17 06:41:00,1225.21,1225.46,1224.9,1225.33,438600
VN30,2024-04-17 06:42:00,1225.04,1225.68,1225.04,1225.39,427800
VN30,2024-04-17 06:43:00,1225.21,1225.82,1225.21,1225.67,655700
VN30,2024-04-17 06:44:00,1225.71,1226.05,1225.61,1225.97,580200
VN30,2024-04-17 06:45:00,1226.02,1226.08,1225.2,1225.64,764200
VN30,2024-04-17 06:46:00,1225.36,1225.36,1224.2,1224.2,895800
VN30,2024-04-17 06:47:00,1224.35,1224.55,1223.33,1223.43,1930400
VN30,2024-04-17 06:48:00,1223.75,1223.98,1222.9,1223.04,899600
VN30,2024-04-17 06:49:00,1223.32,1223.67,1223.08,1223.35,771200
VN30,2024-04-17 06:50:00,1222.98,1223.27,1222.0,1222.4,1431400
VN30,2024-04-17 06:51:00,1222.18,1222.28,1221.06,1221.06,1801500
VN30,2024-04-17 06:52:00,1221.29,1221.6,1219.59,1219.97,3011800
VN30,2024-04-17 06:53:00,1220.26,1220.34,1219.36,1219.9,2353000
VN30,2024-04-17 06:54:00,1219.96,1220.25,1219.85,1220.09,1437900
VN30,2024-04-17 06:55:00,1220.2,1220.24,1217.78,1218.23,3195500
VN30,2024-04-17 06:56:00,1218.7,1218.92,1217.81,1218.92,1409500
VN30,2024-04-17 06:57:00,1218.81,1219.78,1218.67,1219.78,960200
VN30,2024-04-17 06:58:00,1219.95,1221.18,1219.52,1221.12,974900
VN30,2024-04-17 06:59:00,1220.74,1221.64,1219.89,1220.11,1280900
VN30,2024-04-17 07:00:00,1220.28,1220.44,1218.16,1218.52,2333400
VN30,2024-04-17 07:01:00,1218.71,1220.07,1218.13,1219.66,1074500
VN30,2024-04-17 07:02:00,1219.74,1220.12,1219.34,1219.84,792700
VN30,2024-04-17 07:03:00,1219.47,1220.29,1218.61,1218.72,2862600
VN30,2024-04-17 07:04:00,1218.56,1218.98,1218.51,1218.68,1330100
VN30,2024-04-17 07:05:00,1217.91,1218.67,1217.62,1217.86,3468300
VN30,2024-04-17 07:06:00,1217.88,1218.01,1217.45,1217.45,1332800
VN30,2024-04-17 07:07:00,1217.31,1217.96,1215.87,1215.87,2967500
VN30,2024-04-17 07:08:00,1215.81,1215.81,1213.93,1214.01,4295900
VN30,2024-04-17 07:09:00,1213.74,1213.74,1211.94,1211.99,7034300
VN30,2024-04-17 07:10:00,1211.86,1211.86,1209.44,1209.44,4815500
VN30,2024-04-17 07:11:00,1209.79,1210.25,1209.42,1210.21,4317000
VN30,2024-04-17 07:12:00,1210.6,1212.16,1209.7,1212.16,6334200
VN30,2024-04-17 07:13:00,1211.75,1214.47,1211.75,1214.47,2909800
VN30,2024-04-17 07:14:00,1214.54,1216.46,1214.54,1215.13,1880000
VN30,2024-04-17 07:15:00,1215.56,1217.92,1215.56,1216.65,1675400
VN30,2024-04-17 07:16:00,1217.22,1219.12,1217.22,1218.79,1489300
VN30,2024-04-17 07:17:00,1218.42,1218.73,1216.96,1218.46,1811600
VN30,2024-04-17 07:18:00,1217.62,1218.45,1217.29,1217.91,2163800
VN30,2024-04-17 07:19:00,1217.93,1218.03,1215.87,1217.14,1613200
VN30,2024-04-17 07:20:00,1216.74,1216.74,1214.59,1214.74,2396700
VN30,2024-04-17 07:21:00,1215.17,1215.19,1214.14,1214.51,2557900
VN30,2024-04-17 07:22:00,1214.91,1215.07,1213.61,1213.64,2659600
VN30,2024-04-17 07:23:00,1213.7,1214.02,1213.41,1213.73,1964100
VN30,2024-04-17 07:24:00,1213.34,1214.36,1213.34,1213.79,1753200
VN30,2024-04-17 07:25:00,1213.6,1215.25,1213.6,1214.52,1346400
VN30,2024-04-17 07:26:00,1214.12,1214.71,1213.37,1213.74,2288500
VN30,2024-04-17 07:27:00,1213.87,1214.58,1213.32,1213.65,1912300
VN30,2024-04-17 07:28:00,1213.61,1214.35,1213.61,1213.68,2095500
VN30,2024-04-17 07:29:00,1213.35,1214.37,1213.25,1213.97,4310700
VN30,2024-04-17 07:30:00,1214.06,1214.06,1214.06,1214.06,149100
VN30,2024-04-17 07:45:00,1210.99,1210.99,1210.74,1210.74,26418400
VN30,2024-04-19 02:15:00,1207.21,1207.21,1196.11,1196.11,8763500
VN30,2024-04-19 02:16:00,1195.58,1195.58,1194.01,1194.08,2389201
VN30,2024-04-19 02:17:00,1194.25,1194.36,1193.54,1194.28,2036100
VN30,2024-04-19 02:18:00,1193.89,1193.92,1193.04,1193.23,2092400
VN30,2024-04-19 02:19:00,1193.03,1195.29,1193.03,1194.79,2292000
VN30,2024-04-19 02:20:00,1195.15,1197.58,1194.23,1197.45,2413700
VN30,2024-04-19 02:21:00,1197.94,1200.05,1197.24,1200.05,1688000
VN30,2024-04-19 02:22:00,1199.86,1201.67,1199.86,1201.62,2046200
VN30,2024-04-19 02:23:00,1201.67,1202.17,1199.83,1200.61,1494000
VN30,2024-04-19 02:24:00,1200.66,1200.89,1199.99,1200.21,1429900
VN30,2024-04-19 02:25:00,1200.22,1200.62,1199.98,1200.33,1444900
VN30,2024-04-19 02:26:00,1200.16,1200.73,1200.06,1200.06,1465500
VN30,2024-04-19 02:27:00,1200.13,1200.18,1199.63,1199.63,1458900
VN30,2024-04-19 02:28:00,1199.68,1199.68,1198.58,1198.58,1426300
VN30,2024-04-19 02:29:00,1198.97,1199.2,1198.19,1198.5,1207300
VN30,2024-04-19 02:30:00,1198.1,1198.31,1197.85,1197.85,489800
VN30,2024-04-19 02:31:00,1198.01,1198.01,1197.5,1197.86,1174600
VN30,2024-04-19 02:32:00,1197.85,1197.87,1196.97,1196.98,703800
VN30,2024-04-19 02:33:00,1196.26,1197.35,1196.26,1196.98,1398700
VN30,2024-04-19 02:34:00,1197.04,1197.5,1196.75,1197.19,1185200
VN30,2024-04-19 02:35:00,1196.77,1198.2,1196.77,1198.08,791700
VN30,2024-04-19 02:36:00,1198.03,1198.51,1197.74,1198.34,905100
VN30,2024-04-19 02:37:00,1198.47,1199.39,1198.28,1199.39,1255100
VN30,2024-04-19 02:38:00,1199.39,1200.15,1199.39,1199.93,993000
VN30,2024-04-19 02:39:00,1200.03,1200.41,1199.48,1200.41,1084100
VN30,2024-04-19 02:40:00,1200.97,1201.65,1200.24,1201.63,984100
VN30,2024-04-19 02:41:00,1201.82,1203.19,1201.76,1203.19,1287000
VN30,2024-04-19 02:42:00,1203.32,1204.66,1203.32,1204.66,1324100
VN30,2024-04-19 02:43:00,1204.66,1205.4,1204.27,1205.26,1450700
VN30,2024-04-19 02:44:00,1205.39,1205.57,1205.15,1205.4,978400
VN30,2024-04-19 02:45:00,1205.64,1205.64,1204.6,1204.9,1465500
VN30,2024-04-19 02:46:00,1205.45,1205.59,1205.1,1205.27,758500
VN30,2024-04-19 02:47:00,1204.78,1204.96,1203.96,1204.0,1155100
VN30,2024-04-19 02:48:00,1204.28,1204.6,1202.65,1202.65,1446200
VN30,2024-04-19 02:49:00,1202.85,1202.85,1201.77,1201.88,988600
VN30,2024-04-19 02:50:00,1202.16,1202.16,1200.83,1201.9,746700
VN30,2024-04-19 02:51:00,1201.55,1201.93,1201.18,1201.38,995700
VN30,2024-04-19 02:52:00,1201.39,1201.94,1201.08,1201.2,1100100
VN30,2024-04-19 02:53:00,1201.26,1201.98,1201.04,1201.57,906300
VN30,2024-04-19 02:54:00,1201.42,1201.42,1200.91,1200.91,432300
VN30,2024-04-19 02:55:00,1201.06,1201.54,1200.48,1201.08,582800
VN30,2024-04-19 02:56:00,1201.34,1201.38,1200.22,1200.22,729500
VN30,2024-04-19 02:57:00,1200.57,1200.86,1200.33,1200.45,585300
VN30,2024-04-19 02:58:00,1200.29,1200.57,1200.26,1200.51,603300
VN30,2024-04-19 02:59:00,1200.5,1200.58,1199.39,1199.85,1308300
VN30,2024-04-19 03:00:00,1199.57,1200.2,1199.57,1199.76,1884200
VN30,2024-04-19 03:01:00,1199.76,1199.76,1199.09,1199.23,868800
VN30,2024-04-19 03:02:00,1199.59,1199.65,1198.89,1198.89,894700
VN30,2024-04-19 03:03:00,1198.98,1199.25,1198.58,1198.58,1617600
VN30,2024-04-19 03:04:00,1198.71,1198.71,1198.04,1198.19,1149700
VN30,2024-04-19 03:05:00,1198.15,1198.15,1197.47,1197.51,1471200
VN30,2024-04-19 03:06:00,1197.42,1197.84,1197.2,1197.27,1383500
VN30,2024-04-19 03:07:00,1197.23,1197.23,1196.45,1196.45,691100
VN30,2024-04-19 03:08:00,1196.61,1196.76,1195.93,1196.02,1095900
VN30,2024-04-19 03:09:00,1196.17,1196.19,1195.67,1195.67,903100
VN30,2024-04-19 03:10:00,1195.96,1196.36,1195.71,1195.96,1604700
VN30,2024-04-19 03:11:00,1195.89,1195.91,1195.43,1195.54,678600
VN30,2024-04-19 03:12:00,1195.63,1196.58,1195.63,1196.02,1359000
VN30,2024-04-19 03:13:00,1196.17,1197.62,1196.12,1197.62,1339400
VN30,2024-04-19 03:14:00,1197.19,1198.36,1197.16,1197.52,1066100
VN30,2024-04-19 03:15:00,1197.71,1197.87,1197.29,1197.7,795000
VN30,2024-04-19 03:16:00,1197.82,1197.82,1197.08,1197.26,420100
VN30,2024-04-19 03:17:00,1197.4,1198.06,1197.37,1198.06,1206300
VN30,2024-04-19 03:18:00,1198.11,1198.11,1197.5,1198.01,945000
VN30,2024-04-19 03:19:00,1197.94,1198.15,1197.38,1197.68,988400
VN30,2024-04-19 03:20:00,1197.72,1198.76,1197.72,1198.3,1043000
VN30,2024-04-19 03:21:00,1198.35,1198.93,1198.35,1198.43,768400
VN30,2024-04-19 03:22:00,1198.75,1199.16,1198.54,1199.16,1051600
VN30,2024-04-19 03:23:00,1199.0,1199.18,1198.74,1199.06,1016900
VN30,2024-04-19 03:24:00,1199.11,1199.42,1199.05,1199.24,504500
VN30,2024-04-19 03:25:00,1199.19,1199.63,1199.03,1199.63,756400
VN30,2024-04-19 03:26:00,1199.55,1199.96,1199.37,1199.68,614200
VN30,2024-04-19 03:27:00,1199.76,1200.37,1199.76,1200.28,538700
VN30,2024-04-19 03:28:00,1200.22,1200.54,1199.98,1200.44,643000
VN30,2024-04-19 03:29:00,1200.69,1200.73,1200.33,1200.51,524400
VN30,2024-04-19 03:30:00,1200.71,1200.75,1200.37,1200.37,407200
VN30,2024-04-19 03:31:00,1200.35,1200.66,1200.3,1200.48,628600
VN30,2024-04-19 03:32:00,1200.37,1200.46,1199.95,1200.3,712200
VN30,2024-04-19 03:33:00,1200.25,1200.39,1199.64,1199.82,814800
VN30,2024-04-19 03:34:00,1200.04,1200.04,1199.55,1199.72,317200
VN30,2024-04-19 03:35:00,1199.72,1200.14,1199.69,1199.82,506000
VN30,2024-04-19 03:36:00,1200.07,1200.14,1199.79,1199.9,573400
VN30,2024-04-19 03:37:00,1199.85,1199.85,1199.09,1199.36,537100
VN30,2024-04-19 03:38:00,1199.43,1199.56,1199.02,1199.36,335900
VN30,2024-04-19 03:39:00,1199.25,1199.67,1199.0,1199.0,1156000
VN30,2024-04-19 03:40:00,1199.21,1199.27,1198.76,1198.76,443200
VN30,2024-04-19 03:41:00,1199.01,1199.23,1198.27,1198.27,452100
VN30,2024-04-19 03:42:00,1198.21,1198.9,1198.07,1198.42,740100
VN30,2024-04-19 03:43:00,1198.7,1198.7,1198.15,1198.15,616100
VN30,2024-04-19 03:44:00,1198.08,1198.08,1197.13,1197.13,850900
VN30,2024-04-19 03:45:00,1196.98,1197.3,1196.49,1196.49,842500
VN30,2024-04-19 03:46:00,1196.83,1196.83,1195.99,1196.19,1518000
VN30,2024-04-19 03:47:00,1195.85,1195.85,1194.21,1194.21,1395000
VN30,2024-04-19 03:48:00,1194.15,1194.15,1193.54,1193.63,1486000
VN30,2024-04-19 03:49:00,1193.32,1193.45,1192.39,1192.39,2137300
VN30,2024-04-19 03:50:00,1192.19,1192.51,1191.64,1191.64,1912600
VN30,2024-04-19 03:51:00,1191.51,1191.7,1190.56,1190.56,2504800
VN30,2024-04-19 03:52:00,1190.65,1191.66,1190.42,1191.53,1897000
VN30,2024-04-19 03:53:00,1191.58,1193.24,1191.58,1192.15,1662200
VN30,2024-04-19 03:54:00,1192.7,1193.48,1192.29,1193.08,1248400
VN30,2024-04-19 03:55:00,1193.09,1194.95,1193.09,1194.59,930200
VN30,2024-04-19 03:56:00,1194.55,1194.7,1193.99,1194.55,718100
VN30,2024-04-19 03:57:00,1194.54,1194.54,1193.99,1194.14,452600
VN30,2024-04-19 03:58:00,1194.39,1194.54,1194.05,1194.54,439100
VN30,2024-04-19 03:59:00,1194.54,1194.77,1194.19,1194.49,569200
VN30,2024-04-19 04:00:00,1194.69,1194.69,1194.04,1194.15,344400
VN30,2024-04-19 04:01:00,1194.07,1194.45,1194.03,1194.22,724000
VN30,2024-04-19 04:02:00,1194.36,1195.55,1193.92,1195.1,896500
VN30,2024-04-19 04:03:00,1195.22,1195.28,1194.81,1195.01,843000
VN30,2024-04-19 04:04:00,1195.16,1196.31,1195.16,1195.82,1095200
VN30,2024-04-19 04:05:00,1195.97,1196.33,1195.95,1196.1,590100
VN30,2024-04-19 04:06:00,1196.05,1196.21,1195.72,1195.91,464700
VN30,2024-04-19 04:07:00,1196.06,1196.24,1195.79,1195.91,386200
VN30,2024-04-19 04:08:00,1196.0,1196.0,1195.43,1195.58,1025800
VN30,2024-04-19 04:09:00,1195.41,1195.75,1195.22,1195.35,544700
VN30,2024-04-19 04:10:00,1195.51,1195.53,1195.31,1195.34,444800
VN30,2024-04-19 04:11:00,1195.29,1195.85,1195.29,1195.85,457800
VN30,2024-04-19 04:12:00,1195.65,1195.65,1195.09,1195.17,709500
VN30,2024-04-19 04:13:00,1195.15,1195.45,1194.41,1194.53,519100
VN30,2024-04-19 04:14:00,1194.56,1194.81,1194.43,1194.6,788200
VN30,2024-04-19 04:15:00,1194.68,1194.81,1194.29,1194.39,1153900
VN30,2024-04-19 04:16:00,1194.39,1194.56,1193.88,1194.06,1033600
VN30,2024-04-19 04:17:00,1193.82,1194.01,1192.65,1192.76,1155000
VN30,2024-04-19 04:18:00,1192.85,1192.85,1192.32,1192.61,891500
VN30,2024-04-19 04:19:00,1192.42,1192.45,1191.73,1191.91,1500000
VN30,2024-04-19 04:20:00,1191.92,1191.92,1191.18,1191.18,1829300
VN30,2024-04-19 04:21:00,1190.92,1190.92,1190.16,1190.16,1764400
VN30,2024-04-19 04:22:00,1190.24,1190.57,1189.45,1190.36,2007500
VN30,2024-04-19 04:23:00,1190.3,1190.42,1189.73,1190.02,1961500
VN30,2024-04-19 04:24:00,1190.29,1191.01,1189.89,1190.25,2630800
VN30,2024-04-19 04:25:00,1190.25,1190.55,1189.65,1190.45,1936100
VN30,2024-04-19 04:26:00,1189.92,1191.0,1189.58,1189.58,1341000
VN30,2024-04-19 04:27:00,1189.61,1190.42,1189.61,1190.02,1780900
VN30,2024-04-19 04:28:00,1189.73,1189.97,1189.48,1189.62,1752400
VN30,2024-04-19 04:29:00,1189.29,1190.51,1189.29,1189.92,1711000
VN30,2024-04-19 04:30:00,1190.0,1190.0,1190.0,1190.0,10700
VN30,2024-04-19 06:00:00,1188.99,1189.01,1188.14,1188.28,5136200
VN30,2024-04-19 06:01:00,1187.86,1188.85,1187.36,1188.04,2707000
VN30,2024-04-19 06:02:00,1187.98,1189.3,1187.91,1188.76,2310400
VN30,2024-04-19 06:03:00,1188.72,1188.72,1187.8,1187.8,1582500
VN30,2024-04-19 06:04:00,1187.63,1188.16,1186.85,1187.23,1687100
VN30,2024-04-19 06:05:00,1187.35,1189.2,1186.51,1189.2,2303900
VN30,2024-04-19 06:06:00,1189.28,1190.15,1188.32,1189.33,1302300
VN30,2024-04-19 06:07:00,1189.22,1190.17,1188.78,1190.11,1556300
VN30,2024-04-19 06:08:00,1189.47,1190.35,1189.47,1190.16,1070300
VN30,2024-04-19 06:09:00,1190.12,1190.51,1189.88,1189.88,1205700
VN30,2024-04-19 06:10:00,1189.76,1190.36,1189.76,1190.36,1132700
VN30,2024-04-19 06:11:00,1190.47,1191.65,1190.31,1191.58,1849700
VN30,2024-04-19 06:12:00,1191.17,1193.65,1191.17,1193.41,1382400
VN30,2024-04-19 06:13:00,1193.2,1194.45,1193.2,1194.45,1779900
VN30,2024-04-19 06:14:00,1194.33,1195.66,1194.3,1194.49,1201000
VN30,2024-04-19 06:15:00,1194.52,1195.78,1194.52,1195.78,1551500
VN30,2024-04-19 06:16:00,1195.67,1196.39,1195.48,1195.61,1401200
VN30,2024-04-19 06:17:00,1195.54,1195.72,1195.0,1195.57,757900
VN30,2024-04-19 06:18:00,1195.44,1195.44,1194.66,1194.72,802600
VN30,2024-04-19 06:19:00,1194.64,1194.64,1193.34,1193.34,1088500
VN30,2024-04-19 06:20:00,1193.84,1194.54,1193.29,1194.47,1497600
VN30,2024-04-19 06:21:00,1194.39,1194.64,1192.99,1192.99,1259300
VN30,2024-04-19 06:22:00,1193.0,1193.06,1192.48,1193.06,775000
VN30,2024-04-19 06:23:00,1193.08,1193.09,1192.34,1192.4,853600
VN30,2024-04-19 06:24:00,1192.31,1192.51,1191.79,1191.79,1304600
VN30,2024-04-19 06:25:00,1191.79,1192.24,1191.44,1191.84,899900
VN30,2024-04-19 06:26:00,1192.25,1192.37,1191.83,1192.11,1182300
VN30,2024-04-19 06:27:00,1192.02,1192.25,1191.69,1192.09,948400
VN30,2024-04-19 06:28:00,1192.03,1192.35,1191.89,1192.35,890400
VN30,2024-04-19 06:29:00,1192.29,1192.41,1192.02,1192.19,446800
VN30,2024-04-19 06:30:00,1192.1,1194.13,1192.1,1193.93,1328900
VN30,2024-04-19 06:31:00,1194.22,1195.3,1193.7,1194.88,1503100
VN30,2024-04-19 06:32:00,1195.1,1196.85,1194.75,1196.04,1588800
VN30,2024-04-19 06:33:00,1196.57,1197.3,1196.33,1197.3,1784600
VN30,2024-04-19 06:34:00,1197.32,1198.38,1197.32,1197.57,2919274
VN30,2024-04-19 06:35:00,1198.15,1198.75,1197.33,1198.0,853400
VN30,2024-04-19 06:36:00,1198.01,1199.11,1198.01,1198.13,1454200
VN30,2024-04-19 06:37:00,1198.43,1199.37,1197.92,1199.37,1259700
VN30,2024-04-19 06:38:00,1198.98,1199.37,1196.86,1197.55,1436200
VN30,2024-04-19 06:39:00,1197.62,1197.78,1196.02,1196.78,1473500
VN30,2024-04-19 06:40:00,1196.7,1196.7,1195.96,1196.54,917200
VN30,2024-04-19 06:41:00,1196.42,1196.42,1195.36,1195.55,727800
VN30,2024-04-19 06:42:00,1195.47,1195.55,1195.17,1195.48,622000
VN30,2024-04-19 06:43:00,1195.77,1195.92,1195.44,1195.74,855600
VN30,2024-04-19 06:44:00,1195.63,1196.37,1195.53,1196.37,1082900
VN30,2024-04-19 06:45:00,1196.64,1197.27,1196.05,1197.27,1606700
VN30,2024-04-19 06:46:00,1197.73,1199.55,1197.57,1199.47,2081400
VN30,2024-04-19 06:47:00,1199.49,1202.57,1199.13,1202.57,3325600
VN30,2024-04-19 06:48:00,1202.67,1205.94,1202.67,1205.4,2672700
VN30,2024-04-19 06:49:00,1205.61,1206.49,1205.32,1205.57,1866900
VN30,2024-04-19 06:50:00,1205.88,1206.0,1204.47,1204.87,1670200
VN30,2024-04-19 06:51:00,1205.18,1205.72,1203.39,1203.39,1395200
VN30,2024-04-19 06:52:00,1203.48,1203.48,1201.93,1202.28,1273600
VN30,2024-04-19 06:53:00,1201.93,1202.22,1201.21,1201.4,844200
VN30,2024-04-19 06:54:00,1201.35,1201.78,1200.84,1201.66,635400
VN30,2024-04-19 06:55:00,1201.41,1203.63,1201.37,1203.25,951500
VN30,2024-04-19 06:56:00,1204.27,1205.21,1204.04,1204.95,1224200
VN30,2024-04-19 06:57:00,1204.87,1204.9,1203.67,1204.81,1189300
VN30,2024-04-19 06:58:00,1205.03,1205.6,1204.43,1205.6,845000
VN30,2024-04-19 06:59:00,1205.51,1206.51,1205.51,1206.42,1039900
VN30,2024-04-19 07:00:00,1206.14,1206.86,1206.14,1206.8,970100
VN30,2024-04-19 07:01:00,1206.76,1207.42,1206.76,1207.4,1700700
VN30,2024-04-19 07:02:00,1207.2,1208.37,1206.86,1207.88,2320900
VN30,2024-04-19 07:03:00,1208.32,1209.28,1208.02,1209.28,1357600
VN30,2024-04-19 07:04:00,1209.58,1209.58,1208.91,1209.46,1146700
VN30,2024-04-19 07:05:00,1209.72,1210.26,1209.71,1210.08,1723300
VN30,2024-04-19 07:06:00,1209.69,1210.32,1208.89,1209.28,1866800
VN30,2024-04-19 07:07:00,1208.86,1208.94,1206.74,1206.81,1834200
VN30,2024-04-19 07:08:00,1206.65,1206.93,1205.65,1206.03,1103200
VN30,2024-04-19 07:09:00,1205.96,1205.96,1204.49,1204.49,1241600
VN30,2024-04-19 07:10:00,1204.49,1204.76,1203.53,1203.54,1176100
VN30,2024-04-19 07:11:00,1203.61,1203.61,1202.98,1203.31,1073100
VN30,2024-04-19 07:12:00,1202.73,1203.0,1202.28,1202.86,1228900
VN30,2024-04-19 07:13:00,1202.58,1205.09,1202.58,1205.09,1042500
VN30,2024-04-19 07:14:00,1204.47,1205.65,1204.45,1205.53,3399800
VN30,2024-04-19 07:15:00,1205.89,1206.07,1205.5,1205.82,646400
VN30,2024-04-19 07:16:00,1205.37,1205.84,1205.25,1205.84,3182000
VN30,2024-04-19 07:17:00,1205.47,1206.93,1205.33,1206.93,3633000
VN30,2024-04-19 07:18:00,1206.09,1206.86,1206.09,1206.56,925200
VN30,2024-04-19 07:19:00,1206.65,1206.93,1205.3,1205.71,1108800
VN30,2024-04-19 07:20:00,1205.63,1205.91,1202.81,1202.81,2295300
VN30,2024-04-19 07:21:00,1203.07,1203.07,1200.93,1200.93,1497400
VN30,2024-04-19 07:22:00,1200.86,1200.93,1199.9,1200.14,1847800
VN30,2024-04-19 07:23:00,1200.41,1200.41,1199.2,1199.2,1097900
VN30,2024-04-19 07:24:00,1199.35,1199.35,1198.56,1199.07,3858900
VN30,2024-04-19 07:25:00,1198.98,1199.32,1196.61,1196.61,1762400
VN30,2024-04-19 07:26:00,1196.71,1197.01,1196.28,1196.55,1918100
VN30,2024-04-19 07:27:00,1196.43,1196.62,1195.74,1195.74,1490800
VN30,2024-04-19 07:28:00,1196.09,1196.09,1194.97,1194.97,3053200
VN30,2024-04-19 07:29:00,1194.94,1196.21,1194.93,1196.21,2166500
VN30,2024-04-19 07:30:00,1196.31,1196.31,1196.31,1196.31,347400
VN30,2024-04-19 07:45:00,1194.03,1194.03,1194.03,1194.03,19388100
VN30,2024-04-22 02:15:00,1204.41,1207.65,1204.41,1207.24,10902400
VN30,2024-04-22 02:16:00,1207.83,1208.63,1206.87,1206.87,835200
VN30,2024-04-22 02:17:00,1206.87,1207.03,1206.48,1206.96,947400
VN30,2024-04-22 02:18:00,1206.31,1206.94,1206.31,1206.94,798900
VN30,2024-04-22 02:19:00,1206.75,1207.77,1206.71,1207.77,808900
VN30,2024-04-22 02:20:00,1207.55,1207.75,1207.09,1207.24,768300
VN30,2024-04-22 02:21:00,1207.21,1207.87,1206.56,1206.63,1028500
VN30,2024-04-22 02:22:00,1206.96,1207.17,1205.55,1206.31,1135700
VN30,2024-04-22 02:23:00,1206.37,1206.39,1205.56,1205.61,479100
VN30,2024-04-22 02:24:00,1206.08,1206.22,1205.49,1205.49,895600
VN30,2024-04-22 02:25:00,1205.4,1205.61,1204.16,1204.16,733800
VN30,2024-04-22 02:26:00,1204.08,1204.27,1203.69,1203.95,656400
VN30,2024-04-22 02:27:00,1203.93,1204.19,1203.78,1204.19,504500
VN30,2024-04-22 02:28:00,1204.05,1204.57,1203.64,1204.01,702800
VN30,2024-04-22 02:29:00,1204.12,1204.35,1203.35,1203.35,668000
VN30,2024-04-22 02:30:00,1203.4,1204.19,1203.32,1203.41,1160000
VN30,2024-04-22 02:31:00,1203.23,1203.63,1202.93,1203.63,678000
VN30,2024-04-22 02:32:00,1203.62,1203.72,1203.31,1203.57,692200
VN30,2024-04-22 02:33:00,1203.49,1203.75,1203.2,1203.31,665600
VN30,2024-04-22 02:34:00,1203.44,1203.63,1203.19,1203.63,439100
VN30,2024-04-22 02:35:00,1203.8,1203.8,1203.34,1203.54,734700
VN30,2024-04-22 02:36:00,1203.52,1203.65,1203.05,1203.13,402500
VN30,2024-04-22 02:37:00,1203.18,1203.43,1203.06,1203.06,416100
VN30,2024-04-22 02:38:00,1203.18,1203.52,1202.81,1203.52,428600
VN30,2024-04-22 02:39:00,1203.38,1203.95,1203.38,1203.44,612900
VN30,2024-04-22 02:40:00,1203.49,1203.93,1203.28,1203.93,463400
VN30,2024-04-22 02:41:00,1203.4,1203.58,1203.07,1203.48,548800
VN30,2024-04-22 02:42:00,1203.48,1203.82,1203.13,1203.82,418500
VN30,2024-04-22 02:43:00,1203.51,1204.05,1203.42,1203.81,442600
VN30,2024-04-22 02:44:00,1203.87,1204.53,1203.87,1204.37,498600
VN30,2024-04-22 02:45:00,1204.37,1204.87,1204.11,1204.56,619601
VN30,2024-04-22 02:46:00,1204.82,1205.01,1204.62,1204.72,518800
VN30,2024-04-22 02:47:00,1204.71,1205.13,1204.51,1205.0,479200
VN30,2024-04-22 02:48:00,1204.75,1205.48,1204.75,1205.43,421100
VN30,2024-04-22 02:49:00,1205.24,1205.33,1204.74,1204.74,430300
VN30,2024-04-22 02:50:00,1205.06,1205.27,1204.84,1205.27,489000
VN30,2024-04-22 02:51:00,1205.13,1205.49,1205.12,1205.49,321100
VN30,2024-04-22 02:52:00,1205.43,1205.43,1204.78,1205.09,365500
VN30,2024-04-22 02:53:00,1204.98,1205.15,1204.94,1205.15,265400
VN30,2024-04-22 02:54:00,1205.21,1205.25,1204.87,1204.87,522800
VN30,2024-04-22 02:55:00,1205.05,1205.28,1204.73,1205.28,545300
VN30,2024-04-22 02:56:00,1205.28,1205.44,1204.69,1204.8,271700
VN30,2024-04-22 02:57:00,1205.02,1205.4,1205.02,1205.24,198400
VN30,2024-04-22 02:58:00,1205.22,1205.61,1204.81,1204.81,305500
VN30,2024-04-22 02:59:00,1204.85,1205.86,1204.85,1205.72,274100
VN30,2024-04-22 03:00:00,1205.77,1206.04,1205.58,1205.78,840100
VN30,2024-04-22 03:01:00,1205.76,1206.3,1205.6,1206.3,2771400
VN30,2024-04-22 03:02:00,1206.18,1206.42,1205.99,1206.15,2468300
VN30,2024-04-22 03:03:00,1206.36,1206.82,1206.36,1206.64,339100
VN30,2024-04-22 03:04:00,1206.48,1206.72,1206.33,1206.45,1795200
VN30,2024-04-22 03:05:00,1206.4,1206.4,1205.98,1206.04,332400
VN30,2024-04-22 03:06:00,1205.99,1206.08,1205.74,1206.04,347300
VN30,2024-04-22 03:07:00,1206.12,1206.12,1204.66,1204.76,927400
VN30,2024-04-22 03:08:00,1205.06,1205.06,1204.71,1204.82,314000
VN30,2024-04-22 03:09:00,1204.41,1204.82,1203.53,1204.24,729100
VN30,2024-04-22 03:10:00,1204.3,1204.62,1203.98,1204.45,295900
VN30,2024-04-22 03:11:00,1204.28,1204.73,1203.94,1204.68,561200
VN30,2024-04-22 03:12:00,1204.43,1204.75,1204.38,1204.38,336700
VN30,2024-04-22 03:13:00,1204.66,1205.44,1204.6,1205.24,722100
VN30,2024-04-22 03:14:00,1205.1,1205.4,1204.82,1205.1,328900
VN30,2024-04-22 03:15:00,1205.05,1205.44,1205.05,1205.23,358400
VN30,2024-04-22 03:16:00,1205.28,1205.97,1205.28,1205.9,517400
VN30,2024-04-22 03:17:00,1205.66,1206.15,1205.44,1205.44,305100
VN30,2024-04-22 03:18:00,1205.44,1205.65,1205.41,1205.56,225500
VN30,2024-04-22 03:19:00,1205.29,1205.48,1204.92,1205.43,350600
VN30,2024-04-22 03:20:00,1205.43,1205.66,1205.43,1205.6,269200
VN30,2024-04-22 03:21:00,1205.46,1205.65,1205.25,1205.58,305900
VN30,2024-04-22 03:22:00,1205.83,1206.08,1205.5,1206.08,609800
VN30,2024-04-22 03:23:00,1206.09,1206.1,1205.65,1205.73,428300
VN30,2024-04-22 03:24:00,1205.81,1205.83,1205.54,1205.73,325400
VN30,2024-04-22 03:25:00,1205.62,1206.03,1205.62,1206.03,258300
VN30,2024-04-22 03:26:00,1206.14,1206.14,1205.18,1205.63,270900
VN30,2024-04-22 03:27:00,1205.77,1205.77,1205.13,1205.67,285000
VN30,2024-04-22 03:28:00,1205.67,1205.71,1205.31,1205.66,128500
VN30,2024-04-22 03:29:00,1205.56,1205.89,1205.48,1205.82,532400
VN30,2024-04-22 03:30:00,1205.68,1205.79,1205.11,1205.48,354500
VN30,2024-04-22 03:31:00,1205.59,1206.28,1205.59,1206.03,451600
VN30,2024-04-22 03:32:00,1206.02,1206.4,1205.67,1205.67,475600
VN30,2024-04-22 03:33:00,1206.07,1206.34,1206.01,1206.34,436300
VN30,2024-04-22 03:34:00,1206.45,1206.45,1205.87,1206.23,307400
VN30,2024-04-22 03:35:00,1206.23,1206.64,1205.89,1206.34,390600
VN30,2024-04-22 03:36:00,1206.41,1206.98,1206.41,1206.98,1028700
VN30,2024-04-22 03:37:00,1206.99,1207.21,1206.73,1207.08,257900
VN30,2024-04-22 03:38:00,1207.46,1207.54,1207.37,1207.4,588600
VN30,2024-04-22 03:39:00,1207.47,1207.83,1207.02,1207.26,709400
VN30,2024-04-22 03:40:00,1207.33,1207.7,1207.33,1207.35,270900
VN30,2024-04-22 03:41:00,1207.59,1207.67,1207.36,1207.42,347400
VN30,2024-04-22 03:42:00,1207.69,1208.11,1207.69,1208.11,519700
VN30,2024-04-22 03:43:00,1208.06,1208.2,1207.93,1207.99,748700
VN30,2024-04-22 03:44:00,1208.16,1208.27,1207.89,1208.27,808000
VN30,2024-04-22 03:45:00,1208.12,1208.53,1208.07,1208.2,1336000
VN30,2024-04-22 03:46:00,1208.26,1208.7,1208.25,1208.52,474800
VN30,2024-04-22 03:47:00,1208.52,1209.14,1208.34,1209.13,645800
VN30,2024-04-22 03:48:00,1209.09,1209.49,1208.38,1208.79,493900
VN30,2024-04-22 03:49:00,1209.0,1209.33,1208.9,1209.24,547500
VN30,2024-04-22 03:50:00,1209.26,1209.66,1209.06,1209.06,863000
VN30,2024-04-22 03:51:00,1209.02,1209.82,1209.02,1209.82,1273800
VN30,2024-04-22 03:52:00,1209.93,1210.01,1209.78,1209.99,752600
VN30,2024-04-22 03:53:00,1209.81,1210.01,1209.42,1209.97,584100
VN30,2024-04-22 03:54:00,1210.09,1210.36,1210.09,1210.36,618400
VN30,2024-04-22 03:55:00,1210.29,1210.63,1210.29,1210.63,531500
VN30,2024-04-22 03:56:00,1210.73,1210.81,1210.55,1210.8,904100
VN30,2024-04-22 03:57:00,1210.87,1211.26,1210.79,1211.26,1086300
VN30,2024-04-22 03:58:00,1211.09,1211.26,1210.39,1210.71,483400
VN30,2024-04-22 03:59:00,1210.46,1210.61,1210.28,1210.52,543100
VN30,2024-04-22 04:00:00,1210.69,1210.69,1209.66,1209.66,317700
VN30,2024-04-22 04:01:00,1209.68,1209.84,1209.61,1209.63,714900
VN30,2024-04-22 04:02:00,1209.69,1209.78,1208.4,1208.44,976700
VN30,2024-04-22 04:03:00,1208.67,1208.75,1208.25,1208.43,461500
VN30,2024-04-22 04:04:00,1208.38,1208.43,1207.85,1207.95,327400
VN30,2024-04-22 04:05:00,1207.89,1208.38,1207.89,1208.03,347900
VN30,2024-04-22 04:06:00,1208.25,1208.4,1207.6,1207.6,185100
VN30,2024-04-22 04:07:00,1207.61,1208.24,1207.45,1208.08,1438400
VN30,2024-04-22 04:08:00,1208.09,1208.36,1207.84,1207.95,324800
VN30,2024-04-22 04:09:00,1208.04,1208.39,1207.9,1208.0,277100
VN30,2024-04-22 04:10:00,1208.07,1208.24,1207.82,1207.97,488700
VN30,2024-04-22 04:11:00,1208.15,1208.15,1207.72,1207.89,476700
VN30,2024-04-22 04:12:00,1207.89,1207.89,1207.44,1207.77,457400
VN30,2024-04-22 04:13:00,1207.79,1207.81,1207.2,1207.77,238600
VN30,2024-04-22 04:14:00,1207.73,1207.84,1207.41,1207.74,220200
VN30,2024-04-22 04:15:00,1208.2,1208.26,1207.68,1207.8,807800
VN30,2024-04-22 04:16:00,1207.72,1207.79,1207.36,1207.76,518800
VN30,2024-04-22 04:17:00,1207.86,1207.86,1206.99,1207.44,726200
VN30,2024-04-22 04:18:00,1207.49,1207.63,1207.13,1207.45,797700
VN30,2024-04-22 04:19:00,1207.61,1207.61,1207.19,1207.41,329000
VN30,2024-04-22 04:20:00,1206.98,1207.1,1206.31,1206.31,456600
VN30,2024-04-22 04:21:00,1206.6,1206.6,1206.28,1206.28,325200
VN30,2024-04-22 04:22:00,1206.26,1206.67,1205.61,1206.1,277900
VN30,2024-04-22 04:23:00,1205.89,1205.89,1205.29,1205.36,520800
VN30,2024-04-22 04:24:00,1205.24,1205.24,1204.58,1204.85,967100
VN30,2024-04-22 04:25:00,1204.34,1204.52,1203.74,1203.93,2150600
VN30,2024-04-22 04:26:00,1203.66,1203.66,1202.82,1202.82,1555100
VN30,2024-04-22 04:27:00,1202.83,1202.83,1202.33,1202.63,1874200
VN30,2024-04-22 04:28:00,1202.91,1202.94,1201.45,1201.45,835200
VN30,2024-04-22 04:29:00,1201.82,1202.54,1201.78,1201.78,798700
VN30,2024-04-22 04:30:00,1201.83,1201.83,1201.83,1201.83,107800
VN30,2024-04-22 06:00:00,1201.38,1201.51,1200.5,1200.5,3275400
VN30,2024-04-22 06:01:00,1200.61,1200.69,1200.3,1200.48,940700
VN30,2024-04-22 06:02:00,1200.41,1200.74,1200.22,1200.6,545500
VN30,2024-04-22 06:03:00,1200.52,1200.77,1200.44,1200.63,859300
VN30,2024-04-22 06:04:00,1200.57,1201.73,1200.15,1201.73,601900
VN30,2024-04-22 06:05:00,1202.27,1202.27,1201.74,1201.98,660000
VN30,2024-04-22 06:06:00,1201.93,1202.54,1201.93,1202.53,551000
VN30,2024-04-22 06:07:00,1202.26,1203.26,1202.24,1203.17,994100
VN30,2024-04-22 06:08:00,1202.88,1203.18,1202.42,1203.18,775100
VN30,2024-04-22 06:09:00,1203.23,1203.53,1203.15,1203.15,559600
VN30,2024-04-22 06:10:00,1203.61,1203.61,1202.63,1203.09,618400
VN30,2024-04-22 06:11:00,1202.93,1203.23,1202.7,1203.0,496600
VN30,2024-04-22 06:12:00,1203.13,1203.39,1202.76,1202.76,365400
VN30,2024-04-22 06:13:00,1202.96,1202.96,1202.44,1202.46,615200
VN30,2024-04-22 06:14:00,1202.52,1202.84,1202.21,1202.84,489500
VN30,2024-04-22 06:15:00,1203.15,1203.15,1202.32,1202.32,773500
VN30,2024-04-22 06:16:00,1202.45,1202.7,1202.2,1202.2,713900
VN30,2024-04-22 06:17:00,1202.27,1202.49,1202.2,1202.23,555500
VN30,2024-04-22 06:18:00,1202.37,1202.56,1202.1,1202.3,481800
VN30,2024-04-22 06:19:00,1202.3,1202.46,1202.0,1202.34,232400
VN30,2024-04-22 06:20:00,1202.05,1202.3,1201.63,1201.63,752600
VN30,2024-04-22 06:21:00,1201.83,1201.83,1201.41,1201.65,470700
VN30,2024-04-22 06:22:00,1201.79,1202.15,1201.64,1202.01,1803000
VN30,2024-04-22 06:23:00,1201.92,1202.01,1201.46,1201.97,444100
VN30,2024-04-22 06:24:00,1202.03,1202.39,1201.8,1201.8,643500
VN30,2024-04-22 06:25:00,1202.07,1204.4,1202.01,1204.4,2090100
VN30,2024-04-22 06:26:00,1203.88,1205.58,1203.88,1205.42,2700900
VN30,2024-04-22 06:27:00,1205.27,1205.94,1205.27,1205.57,2254400
VN30,2024-04-22 06:28:00,1205.57,1205.57,1205.17,1205.35,528600
VN30,2024-04-22 06:29:00,1205.29,1205.29,1204.57,1204.57,364500
VN30,2024-04-22 06:30:00,1204.72,1204.91,1204.15,1204.17,603200
VN30,2024-04-22 06:31:00,1204.26,1204.74,1203.92,1204.69,1792800
VN30,2024-04-22 06:32:00,1204.69,1205.72,1204.66,1205.72,751600
VN30,2024-04-22 06:33:00,1205.89,1206.42,1205.01,1205.01,1601600
VN30,2024-04-22 06:34:00,1205.1,1206.02,1205.1,1205.79,654600
VN30,2024-04-22 06:35:00,1205.77,1205.77,1205.11,1205.25,1678700
VN30,2024-04-22 06:36:00,1205.54,1205.95,1205.53,1205.63,399400
VN30,2024-04-22 06:37:00,1205.48,1205.6,1205.02,1205.6,2214000
VN30,2024-04-22 06:38:00,1205.65,1205.87,1205.35,1205.74,3376996
VN30,2024-04-22 06:39:00,1205.88,1206.11,1205.69,1205.91,773900
VN30,2024-04-22 06:40:00,1205.79,1205.98,1205.25,1205.5,608400
VN30,2024-04-22 06:41:00,1205.5,1205.59,1205.19,1205.26,975900
VN30,2024-04-22 06:42:00,1205.18,1205.44,1204.63,1204.63,656087
VN30,2024-04-22 06:43:00,1205.02,1205.02,1204.17,1204.17,1594700
VN30,2024-04-22 06:44:00,1204.28,1204.98,1204.27,1204.27,1065000
VN30,2024-04-22 06:45:00,1204.62,1205.24,1204.39,1204.81,1056800
VN30,2024-04-22 06:46:00,1204.87,1205.59,1204.78,1205.54,1201100
VN30,2024-04-22 06:47:00,1206.06,1207.07,1205.6,1207.07,6304000
VN30,2024-04-22 06:48:00,1206.98,1208.08,1206.98,1207.91,2776800
VN30,2024-04-22 06:49:00,1208.14,1208.42,1208.0,1208.34,1381100
VN30,2024-04-22 06:50:00,1208.39,1209.35,1208.39,1209.09,1154100
VN30,2024-04-22 06:51:00,1209.17,1209.82,1209.12,1209.82,1617000
VN30,2024-04-22 06:52:00,1209.85,1210.68,1209.85,1210.14,1773200
VN30,2024-04-22 06:53:00,1210.14,1210.44,1209.11,1209.11,1082300
VN30,2024-04-22 06:54:00,1208.85,1210.13,1208.85,1209.82,1192800
VN30,2024-04-22 06:55:00,1209.96,1210.1,1209.45,1209.82,2844000
VN30,2024-04-22 06:56:00,1209.98,1210.5,1209.93,1210.34,996200
VN30,2024-04-22 06:57:00,1210.82,1210.82,1209.64,1209.92,1129000
VN30,2024-04-22 06:58:00,1210.08,1210.71,1209.79,1210.47,1119200
VN30,2024-04-22 06:59:00,1210.27,1210.73,1209.77,1210.73,756100
VN30,2024-04-22 07:00:00,1211.09,1211.09,1210.36,1210.78,1768800
VN30,2024-04-22 07:01:00,1210.67,1211.51,1210.67,1211.51,1366300
VN30,2024-04-22 07:02:00,1211.68,1212.38,1211.08,1212.38,1245300
VN30,2024-04-22 07:03:00,1212.38,1213.04,1212.24,1213.04,1738400
VN30,2024-04-22 07:04:00,1213.09,1213.2,1212.57,1212.85,1690500
VN30,2024-04-22 07:05:00,1212.83,1212.83,1211.79,1211.79,1560400
VN30,2024-04-22 07:06:00,1212.56,1213.13,1212.52,1212.84,1096200
VN30,2024-04-22 07:07:00,1213.09,1213.8,1213.09,1213.56,1131400
VN30,2024-04-22 07:08:00,1213.75,1214.24,1213.64,1213.64,976600
VN30,2024-04-22 07:09:00,1213.34,1214.0,1211.45,1211.76,2146500
VN30,2024-04-22 07:10:00,1211.86,1212.55,1210.68,1210.68,2715200
VN30,2024-04-22 07:11:00,1210.64,1211.01,1209.61,1209.87,2314900
VN30,2024-04-22 07:12:00,1209.93,1209.97,1209.03,1209.21,1780600
VN30,2024-04-22 07:13:00,1209.39,1209.99,1209.32,1209.9,862600
VN30,2024-04-22 07:14:00,1209.44,1209.98,1209.43,1209.6,913500
VN30,2024-04-22 07:15:00,1209.54,1210.86,1209.49,1210.46,1214700
VN30,2024-04-22 07:16:00,1210.57,1210.83,1210.44,1210.55,678600
VN30,2024-04-22 07:17:00,1210.99,1211.27,1210.61,1211.27,809000
VN30,2024-04-22 07:18:00,1211.24,1211.45,1210.87,1210.87,666300
VN30,2024-04-22 07:19:00,1210.89,1211.22,1208.5,1208.5,2519300
VN30,2024-04-22 07:20:00,1208.16,1208.73,1207.02,1208.01,1797500
VN30,2024-04-22 07:21:00,1208.61,1208.61,1207.08,1208.3,1689200
VN30,2024-04-22 07:22:00,1208.27,1208.77,1208.27,1208.38,1551918
VN30,2024-04-22 07:23:00,1208.17,1208.18,1205.35,1205.35,2518800
VN30,2024-04-22 07:24:00,1205.45,1207.32,1205.07,1207.13,1860600
VN30,2024-04-22 07:25:00,1207.16,1207.83,1206.63,1207.78,1538400
VN30,2024-04-22 07:26:00,1207.19,1208.08,1206.91,1208.08,1097200
VN30,2024-04-22 07:27:00,1208.05,1208.12,1206.12,1206.12,2059200
VN30,2024-04-22 07:28:00,1206.45,1207.54,1205.74,1206.07,2485400
VN30,2024-04-22 07:29:00,1205.71,1208.3,1205.45,1208.3,1209600
VN30,2024-04-22 07:30:00,1208.36,1208.36,1208.36,1208.36,25900
VN30,2024-04-22 07:45:00,1206.64,1206.64,1206.64,1206.64,18356574
VN30,2024-04-23 02:15:00,1207.76,1209.51,1207.76,1209.47,2623600
VN30,2024-04-23 02:16:00,1209.24,1209.45,1208.56,1209.29,574000
VN30,2024-04-23 02:17:00,1207.97,1208.75,1207.32,1207.68,1272600
VN30,2024-04-23 02:18:00,1207.85,1207.85,1205.97,1206.21,1223100
VN30,2024-04-23 02:19:00,1206.37,1206.94,1205.72,1206.4,994300
VN30,2024-04-23 02:20:00,1206.54,1206.54,1205.79,1205.79,1097800
VN30,2024-04-23 02:21:00,1205.86,1206.48,1205.45,1206.48,904100
VN30,2024-04-23 02:22:00,1206.58,1208.14,1206.58,1208.14,565500
VN30,2024-04-23 02:23:00,1208.3,1209.07,1207.83,1209.02,874000
VN30,2024-04-23 02:24:00,1209.08,1209.08,1208.33,1208.65,769000
VN30,2024-04-23 02:25:00,1208.77,1209.24,1207.95,1207.95,962100
VN30,2024-04-23 02:26:00,1208.09,1209.01,1208.03,1209.01,925900
VN30,2024-04-23 02:27:00,1208.64,1208.81,1208.38,1208.56,520200
VN30,2024-04-23 02:28:00,1208.72,1209.31,1208.62,1209.27,763100
VN30,2024-04-23 02:29:00,1209.3,1209.71,1208.62,1209.54,648200
VN30,2024-04-23 02:30:00,1209.61,1209.61,1208.46,1209.16,911000
VN30,2024-04-23 02:31:00,1209.11,1209.4,1208.56,1208.77,971300
VN30,2024-04-23 02:32:00,1208.78,1209.65,1208.22,1209.65,708400
VN30,2024-04-23 02:33:00,1209.53,1210.11,1209.18,1209.87,741800
VN30,2024-04-23 02:34:00,1209.91,1210.35,1209.43,1209.43,484000
VN30,2024-04-23 02:35:00,1209.58,1209.63,1208.14,1208.43,852600
VN30,2024-04-23 02:36:00,1208.69,1209.19,1208.65,1209.07,2665200
VN30,2024-04-23 02:37:00,1208.99,1209.66,1208.83,1208.83,2168600
VN30,2024-04-23 02:38:00,1209.11,1209.11,1207.97,1208.19,1062100
VN30,2024-04-23 02:39:00,1208.32,1208.73,1208.12,1208.54,720300
VN30,2024-04-23 02:40:00,1208.72,1208.99,1208.37,1208.37,937300
VN30,2024-04-23 02:41:00,1208.52,1208.54,1207.98,1207.98,875400
VN30,2024-04-23 02:42:00,1208.01,1208.53,1207.87,1208.53,388900
VN30,2024-04-23 02:43:00,1208.45,1208.87,1208.21,1208.87,297900
VN30,2024-04-23 02:44:00,1209.16,1209.61,1208.82,1209.61,526300
VN30,2024-04-23 02:45:00,1209.25,1210.39,1209.2,1210.39,893900
VN30,2024-04-23 02:46:00,1210.48,1210.76,1209.54,1210.02,654800
VN30,2024-04-23 02:47:00,1209.99,1210.36,1209.99,1210.14,704500
VN30,2024-04-23 02:48:00,1210.1,1210.37,1209.43,1209.43,1028700
VN30,2024-04-23 02:49:00,1209.79,1210.49,1209.71,1210.49,586000
VN30,2024-04-23 02:50:00,1210.42,1211.16,1210.26,1211.16,619500
VN30,2024-04-23 02:51:00,1211.55,1212.75,1211.22,1212.2,709400
VN30,2024-04-23 02:52:00,1212.2,1213.3,1212.2,1213.3,1307800
VN30,2024-04-23 02:53:00,1212.3,1213.84,1212.3,1213.37,1375800
VN30,2024-04-23 02:54:00,1213.49,1213.96,1213.08,1213.09,918500
VN30,2024-04-23 02:55:00,1213.31,1213.61,1212.49,1212.49,786500
VN30,2024-04-23 02:56:00,1212.45,1212.94,1211.83,1211.91,844500
VN30,2024-04-23 02:57:00,1211.83,1212.11,1211.19,1211.37,1248600
VN30,2024-04-23 02:58:00,1211.46,1211.46,1210.43,1210.88,1245500
VN30,2024-04-23 02:59:00,1210.82,1211.02,1210.49,1210.95,786200
VN30,2024-04-23 03:00:00,1210.89,1211.24,1210.32,1210.6,888400
VN30,2024-04-23 03:01:00,1210.26,1210.87,1209.97,1210.18,646800
VN30,2024-04-23 03:02:00,1210.35,1210.66,1209.84,1210.66,486900
VN30,2024-04-23 03:03:00,1210.59,1211.0,1210.1,1210.1,226200
VN30,2024-04-23 03:04:00,1210.08,1210.47,1209.52,1209.57,764100
VN30,2024-04-23 03:05:00,1209.81,1210.04,1208.84,1209.55,1078000
VN30,2024-04-23 03:06:00,1209.39,1210.44,1209.37,1210.44,415600
VN30,2024-04-23 03:07:00,1210.36,1210.36,1209.96,1209.96,565700
VN30,2024-04-23 03:08:00,1209.89,1210.24,1209.82,1210.02,518500
VN30,2024-04-23 03:09:00,1209.86,1210.06,1208.75,1209.23,921500
VN30,2024-04-23 03:10:00,1209.49,1209.49,1208.37,1208.37,703900
VN30,2024-04-23 03:11:00,1208.09,1208.65,1207.8,1207.9,1374400
VN30,2024-04-23 03:12:00,1207.86,1207.86,1207.02,1207.09,1379200
VN30,2024-04-23 03:13:00,1207.24,1207.64,1207.08,1207.42,735900
VN30,2024-04-23 03:14:00,1207.48,1207.73,1207.07,1207.07,806200
VN30,2024-04-23 03:15:00,1207.1,1207.1,1204.97,1205.29,1602700
VN30,2024-04-23 03:16:00,1205.08,1205.08,1204.06,1204.06,2096600
VN30,2024-04-23 03:17:00,1203.91,1204.43,1203.91,1204.43,1157200
VN30,2024-04-23 03:18:00,1204.54,1205.1,1204.24,1204.76,611700
VN30,2024-04-23 03:19:00,1204.76,1205.62,1204.41,1204.94,649800
VN30,2024-04-23 03:20:00,1205.18,1205.8,1205.11,1205.64,445400
VN30,2024-04-23 03:21:00,1205.54,1206.95,1205.54,1206.6,683300
VN30,2024-04-23 03:22:00,1206.77,1207.23,1206.6,1206.99,457600
VN30,2024-04-23 03:23:00,1207.18,1207.98,1206.93,1206.93,605600
VN30,2024-04-23 03:24:00,1207.21,1207.27,1206.08,1206.64,826900
VN30,2024-04-23 03:25:00,1206.81,1207.37,1206.67,1207.37,575100
VN30,2024-04-23 03:26:00,1207.41,1207.72,1207.2,1207.61,613900
VN30,2024-04-23 03:27:00,1207.72,1207.98,1206.6,1207.03,724900
VN30,2024-04-23 03:28:00,1207.03,1207.15,1206.6,1206.6,616100
VN30,2024-04-23 03:29:00,1207.01,1207.01,1206.5,1206.75,526800
VN30,2024-04-23 03:30:00,1207.03,1207.4,1207.01,1207.4,450200
VN30,2024-04-23 03:31:00,1207.24,1207.78,1206.9,1207.15,785600
VN30,2024-04-23 03:32:00,1207.15,1207.42,1206.91,1206.91,392600
VN30,2024-04-23 03:33:00,1206.91,1207.23,1206.14,1206.16,471500
VN30,2024-04-23 03:34:00,1206.26,1206.59,1205.94,1205.94,639600
VN30,2024-04-23 03:35:00,1206.17,1206.65,1206.0,1206.65,788100
VN30,2024-04-23 03:36:00,1206.71,1206.9,1206.42,1206.9,611100
VN30,2024-04-23 03:37:00,1206.9,1207.72,1206.72,1207.65,330300
VN30,2024-04-23 03:38:00,1207.85,1207.85,1207.1,1207.1,1828200
VN30,2024-04-23 03:39:00,1207.04,1207.04,1206.55,1206.69,717800
VN30,2024-04-23 03:40:00,1206.8,1207.54,1206.8,1207.2,625000
VN30,2024-04-23 03:41:00,1207.26,1207.65,1207.13,1207.13,386900
VN30,2024-04-23 03:42:00,1207.23,1207.63,1207.23,1207.49,748600
VN30,2024-04-23 03:43:00,1207.6,1207.6,1206.83,1207.3,470000
VN30,2024-04-23 03:44:00,1207.25,1207.54,1206.95,1207.05,570300
VN30,2024-04-23 03:45:00,1207.01,1207.39,1206.78,1207.27,482100
VN30,2024-04-23 03:46:00,1207.22,1207.98,1207.22,1207.75,541900
VN30,2024-04-23 03:47:00,1207.89,1208.28,1207.54,1208.14,442200
VN30,2024-04-23 03:48:00,1208.17,1208.4,1207.89,1208.12,297800
VN30,2024-04-23 03:49:00,1208.11,1208.94,1208.05,1208.94,673300
VN30,2024-04-23 03:50:00,1208.75,1209.52,1208.74,1209.52,450400
VN30,2024-04-23 03:51:00,1209.52,1209.52,1208.49,1208.49,605400
VN30,2024-04-23 03:52:00,1208.7,1208.84,1208.12,1208.12,586000
VN30,2024-04-23 03:53:00,1208.17,1208.21,1207.9,1208.05,636600
VN30,2024-04-23 03:54:00,1208.05,1208.69,1207.93,1208.69,693000
VN30,2024-04-23 03:55:00,1208.65,1209.02,1208.45,1209.02,440500
VN30,2024-04-23 03:56:00,1209.19,1209.54,1209.03,1209.23,317700
VN30,2024-04-23 03:57:00,1209.31,1209.92,1209.3,1209.92,346900
VN30,2024-04-23 03:58:00,1209.7,1209.86,1209.34,1209.86,465700
VN30,2024-04-23 03:59:00,1209.78,1210.05,1209.33,1209.87,1235900
VN30,2024-04-23 04:00:00,1209.52,1209.75,1209.31,1209.46,504200
VN30,2024-04-23 04:01:00,1209.79,1210.09,1209.71,1209.77,455600
VN30,2024-04-23 04:02:00,1209.91,1209.91,1208.82,1208.82,534000
VN30,2024-04-23 04:03:00,1208.81,1209.61,1208.32,1208.4,457800
VN30,2024-04-23 04:04:00,1208.34,1208.78,1208.34,1208.66,359000
VN30,2024-04-23 04:05:00,1208.69,1208.95,1207.54,1207.54,609000
VN30,2024-04-23 04:06:00,1207.45,1207.45,1206.88,1207.17,1807000
VN30,2024-04-23 04:07:00,1207.33,1207.44,1207.13,1207.2,374700
VN30,2024-04-23 04:08:00,1207.16,1208.04,1207.16,1208.04,927500
VN30,2024-04-23 04:09:00,1207.99,1207.99,1207.36,1207.65,795000
VN30,2024-04-23 04:10:00,1207.45,1207.45,1206.47,1206.47,509800
VN30,2024-04-23 04:11:00,1206.61,1206.7,1205.72,1205.72,762800
VN30,2024-04-23 04:12:00,1205.91,1206.24,1205.32,1205.86,683900
VN30,2024-04-23 04:13:00,1205.73,1205.81,1205.55,1205.65,1522600
VN30,2024-04-23 04:14:00,1205.75,1205.85,1205.24,1205.59,565300
VN30,2024-04-23 04:15:00,1205.68,1206.04,1205.58,1205.59,4985600
VN30,2024-04-23 04:16:00,1205.59,1206.35,1205.59,1206.35,601300
VN30,2024-04-23 04:17:00,1206.5,1206.5,1205.83,1205.83,355700
VN30,2024-04-23 04:18:00,1205.87,1206.03,1205.3,1205.72,462400
VN30,2024-04-23 04:19:00,1205.68,1205.74,1204.94,1205.04,638400
VN30,2024-04-23 04:20:00,1204.69,1205.17,1204.49,1204.57,584200
VN30,2024-04-23 04:21:00,1204.98,1205.33,1204.66,1204.75,781300
VN30,2024-04-23 04:22:00,1204.75,1205.23,1204.75,1205.23,367700
VN30,2024-04-23 04:23:00,1205.26,1205.4,1205.07,1205.24,483100
VN30,2024-04-23 04:24:00,1205.43,1205.57,1204.94,1205.24,610500
VN30,2024-04-23 04:25:00,1205.24,1205.31,1204.92,1205.11,448100
VN30,2024-04-23 04:26:00,1205.31,1206.02,1205.15,1205.56,494900
VN30,2024-04-23 04:27:00,1205.45,1207.04,1205.35,1206.73,894600
VN30,2024-04-23 04:28:00,1206.74,1206.88,1206.17,1206.35,429531
VN30,2024-04-23 04:29:00,1206.21,1206.9,1206.21,1206.58,428900
VN30,2024-04-23 04:30:00,1206.52,1206.52,1206.52,1206.52,4700
VN30,2024-04-23 06:00:00,1205.79,1206.2,1204.45,1204.45,2725700
VN30,2024-04-23 06:01:00,1204.36,1204.67,1204.02,1204.53,507800
VN30,2024-04-23 06:02:00,1204.72,1205.17,1204.51,1205.17,506500
VN30,2024-04-23 06:03:00,1205.13,1206.61,1204.97,1205.63,679700
VN30,2024-04-23 06:04:00,1205.7,1205.71,1205.05,1205.45,304400
VN30,2024-04-23 06:05:00,1205.55,1206.03,1205.31,1206.02,979300
VN30,2024-04-23 06:06:00,1205.82,1206.13,1205.36,1206.13,443800
VN30,2024-04-23 06:07:00,1206.08,1206.13,1205.46,1206.08,505100
VN30,2024-04-23 06:08:00,1205.76,1206.26,1205.76,1206.26,864800
VN30,2024-04-23 06:09:00,1206.23,1207.31,1205.94,1207.21,1364600
VN30,2024-04-23 06:10:00,1207.24,1207.24,1205.77,1205.92,762300
VN30,2024-04-23 06:11:00,1206.28,1207.38,1205.97,1207.38,765700
VN30,2024-04-23 06:12:00,1207.18,1207.39,1206.92,1207.33,778700
VN30,2024-04-23 06:13:00,1207.62,1208.05,1207.51,1208.05,594200
VN30,2024-04-23 06:14:00,1207.87,1208.39,1207.69,1207.92,753800
VN30,2024-04-23 06:15:00,1208.0,1208.37,1207.89,1208.04,716500
VN30,2024-04-23 06:16:00,1208.16,1208.31,1207.89,1208.19,870500
VN30,2024-04-23 06:17:00,1208.35,1208.39,1207.59,1208.1,548800
VN30,2024-04-23 06:18:00,1208.34,1208.66,1207.74,1207.79,710000
VN30,2024-04-23 06:19:00,1207.74,1208.06,1207.52,1207.72,500100
VN30,2024-04-23 06:20:00,1207.83,1207.86,1207.69,1207.75,559600
VN30,2024-04-23 06:21:00,1207.43,1207.99,1206.47,1206.79,1710500
VN30,2024-04-23 06:22:00,1206.59,1206.95,1206.15,1206.82,685700
VN30,2024-04-23 06:23:00,1206.71,1206.87,1206.18,1206.21,1117200
VN30,2024-04-23 06:24:00,1206.6,1207.07,1206.35,1206.86,680300
VN30,2024-04-23 06:25:00,1206.8,1207.21,1206.49,1206.49,1227400
VN30,2024-04-23 06:26:00,1206.33,1206.64,1205.93,1206.53,437000
VN30,2024-04-23 06:27:00,1206.29,1207.05,1206.11,1206.11,877500
VN30,2024-04-23 06:28:00,1205.94,1206.25,1205.4,1205.75,1077500
VN30,2024-04-23 06:29:00,1205.98,1206.06,1205.42,1205.42,933800
VN30,2024-04-23 06:30:00,1205.8,1206.12,1205.57,1205.99,820800
VN30,2024-04-23 06:31:00,1206.12,1206.17,1205.6,1205.79,534100
VN30,2024-04-23 06:32:00,1205.6,1206.63,1205.6,1206.63,975100
VN30,2024-04-23 06:33:00,1206.52,1206.56,1206.11,1206.29,1188100
VN30,2024-04-23 06:34:00,1206.74,1206.8,1206.43,1206.62,984400
VN30,2024-04-23 06:35:00,1206.8,1206.95,1206.21,1206.95,1082700
VN30,2024-04-23 06:36:00,1206.78,1207.39,1206.45,1207.39,531500
VN30,2024-04-23 06:37:00,1207.54,1207.54,1207.1,1207.13,600500
VN30,2024-04-23 06:38:00,1207.36,1207.39,1206.91,1207.36,710200
VN30,2024-04-23 06:39:00,1206.88,1207.88,1206.88,1207.66,922200
VN30,2024-04-23 06:40:00,1207.82,1208.44,1207.73,1208.44,1115300
VN30,2024-04-23 06:41:00,1208.45,1208.77,1207.46,1207.46,1134300
VN30,2024-04-23 06:42:00,1207.7,1208.09,1207.35,1208.0,800600
VN30,2024-04-23 06:43:00,1208.08,1208.24,1206.86,1207.86,801900
VN30,2024-04-23 06:44:00,1207.91,1208.19,1207.32,1207.99,626700
VN30,2024-04-23 06:45:00,1208.29,1208.71,1207.93,1208.63,577500
VN30,2024-04-23 06:46:00,1208.57,1208.67,1208.36,1208.49,647100
VN30,2024-04-23 06:47:00,1208.38,1208.49,1207.13,1207.24,979500
VN30,2024-04-23 06:48:00,1207.49,1207.49,1205.27,1205.81,2457600
VN30,2024-04-23 06:49:00,1204.93,1205.5,1204.88,1204.88,1453500
VN30,2024-04-23 06:50:00,1204.72,1204.97,1203.36,1203.36,1981200
VN30,2024-04-23 06:51:00,1203.5,1203.7,1203.03,1203.21,1228600
VN30,2024-04-23 06:52:00,1203.21,1203.57,1203.09,1203.28,785600
VN30,2024-04-23 06:53:00,1203.1,1203.66,1203.1,1203.35,1059700
VN30,2024-04-23 06:54:00,1203.52,1203.63,1203.15,1203.63,611300
VN30,2024-04-23 06:55:00,1203.63,1203.9,1203.2,1203.9,842200
VN30,2024-04-23 06:56:00,1203.91,1204.65,1203.77,1204.57,775800
VN30,2024-04-23 06:57:00,1204.26,1205.53,1204.26,1205.22,1370800
VN30,2024-04-23 06:58:00,1205.26,1206.64,1204.94,1206.6,969000
VN30,2024-04-23 06:59:00,1206.4,1206.66,1205.56,1206.38,919100
VN30,2024-04-23 07:00:00,1206.37,1206.63,1205.64,1205.64,1566800
VN30,2024-04-23 07:01:00,1205.92,1205.92,1202.51,1203.17,2643400
VN30,2024-04-23 07:02:00,1202.2,1202.73,1200.37,1200.81,5180600
VN30,2024-04-23 07:03:00,1201.35,1201.53,1199.04,1199.36,3982915
VN30,2024-04-23 07:04:00,1198.5,1198.97,1197.57,1197.77,2856300
VN30,2024-04-23 07:05:00,1196.68,1197.24,1195.66,1196.19,2357100
VN30,2024-04-23 07:06:00,1196.14,1198.0,1196.14,1197.71,2262200
VN30,2024-04-23 07:07:00,1198.04,1199.88,1198.04,1198.82,2917300
VN30,2024-04-23 07:08:00,1198.68,1198.68,1196.63,1197.03,4193600
VN30,2024-04-23 07:09:00,1196.42,1198.02,1196.29,1198.01,1438400
VN30,2024-04-23 07:10:00,1197.89,1199.22,1197.89,1198.94,1302800
VN30,2024-04-23 07:11:00,1198.96,1200.4,1198.96,1200.32,1686400
VN30,2024-04-23 07:12:00,1200.22,1200.84,1199.62,1200.09,1731700
VN30,2024-04-23 07:13:00,1199.14,1200.51,1198.54,1198.54,2473500
VN30,2024-04-23 07:14:00,1198.52,1198.9,1197.12,1197.54,3087800
VN30,2024-04-23 07:15:00,1196.8,1196.89,1195.88,1196.11,3937800
VN30,2024-04-23 07:16:00,1196.38,1196.81,1195.93,1196.81,3530600
VN30,2024-04-23 07:17:00,1196.74,1198.72,1196.32,1198.41,1868100
VN30,2024-04-23 07:18:00,1198.28,1199.57,1198.28,1198.64,1506400
VN30,2024-04-23 07:19:00,1199.37,1199.48,1197.44,1197.68,2155500
VN30,2024-04-23 07:20:00,1197.22,1197.82,1197.13,1197.72,1547600
VN30,2024-04-23 07:21:00,1196.94,1197.94,1195.26,1195.26,3079000
VN30,2024-04-23 07:22:00,1195.99,1195.99,1193.94,1194.0,5579600
VN30,2024-04-23 07:23:00,1193.37,1193.78,1192.34,1192.34,6256000
VN30,2024-04-23 07:24:00,1191.84,1192.83,1191.61,1192.58,4073700
VN30,2024-04-23 07:25:00,1193.26,1194.45,1192.7,1194.31,2759200
VN30,2024-04-23 07:26:00,1194.31,1195.54,1194.31,1195.54,2334100
VN30,2024-04-23 07:27:00,1195.32,1196.84,1195.0,1196.11,3282600
VN30,2024-04-23 07:28:00,1195.68,1196.86,1195.48,1196.13,4267000
VN30,2024-04-23 07:29:00,1195.24,1196.49,1195.14,1196.34,1850400
VN30,2024-04-23 07:30:00,1196.87,1196.87,1196.87,1196.87,64900
VN30,2024-04-23 07:45:00,1200.37,1200.37,1200.37,1200.37,17203900
VN30,2024-04-24 02:15:00,1200.37,1210.05,1200.37,1209.82,2612800
VN30,2024-04-24 02:16:00,1209.78,1209.78,1207.92,1208.73,599503
VN30,2024-04-24 02:17:00,1208.53,1208.87,1208.11,1208.69,536900
VN30,2024-04-24 02:18:00,1208.72,1209.49,1208.65,1209.41,286000
VN30,2024-04-24 02:19:00,1209.34,1209.39,1208.8,1209.04,602000
VN30,2024-04-24 02:20:00,1208.73,1209.51,1208.73,1209.45,539100
VN30,2024-04-24 02:21:00,1209.25,1210.39,1209.25,1210.39,891100
VN30,2024-04-24 02:22:00,1210.82,1211.05,1210.43,1211.05,815700
VN30,2024-04-24 02:23:00,1210.48,1210.87,1210.48,1210.87,844500
VN30,2024-04-24 02:24:00,1210.87,1211.63,1210.87,1211.59,855100
VN30,2024-04-24 02:25:00,1211.77,1212.86,1211.77,1212.86,5085500
VN30,2024-04-24 02:26:00,1213.03,1214.64,1213.03,1214.64,668200
VN30,2024-04-24 02:27:00,1214.91,1215.87,1214.91,1215.44,609800
VN30,2024-04-24 02:28:00,1215.6,1215.6,1214.42,1215.15,758900
VN30,2024-04-24 02:29:00,1214.83,1215.14,1214.04,1214.43,1128400
VN30,2024-04-24 02:30:00,1214.55,1214.74,1214.22,1214.22,589800
VN30,2024-04-24 02:31:00,1214.16,1214.58,1213.9,1214.56,1180200
VN30,2024-04-24 02:32:00,1214.38,1215.0,1214.38,1214.64,4893000
VN30,2024-04-24 02:33:00,1214.76,1215.39,1214.54,1214.85,447800
VN30,2024-04-24 02:34:00,1214.76,1215.36,1214.76,1215.26,1112500
VN30,2024-04-24 02:35:00,1215.36,1215.77,1215.36,1215.58,1246500
VN30,2024-04-24 02:36:00,1215.58,1216.29,1215.32,1216.06,626000
VN30,2024-04-24 02:37:00,1216.12,1216.93,1216.11,1216.93,851800
VN30,2024-04-24 02:38:00,1216.74,1217.18,1216.51,1216.95,780000
VN30,2024-04-24 02:39:00,1216.86,1216.96,1216.02,1216.37,1186000
VN30,2024-04-24 02:40:00,1216.52,1216.54,1215.77,1215.79,4522800
VN30,2024-04-24 02:41:00,1215.98,1216.18,1215.71,1215.91,703100
VN30,2024-04-24 02:42:00,1216.07,1216.35,1215.74,1216.1,784400
VN30,2024-04-24 02:43:00,1216.17,1216.51,1216.17,1216.51,910100
VN30,2024-04-24 02:44:00,1216.3,1216.93,1216.3,1216.46,903300
VN30,2024-04-24 02:45:00,1216.52,1216.81,1216.24,1216.39,590900
VN30,2024-04-24 02:46:00,1216.27,1216.6,1216.12,1216.42,1260100
VN30,2024-04-24 02:47:00,1216.36,1216.52,1216.06,1216.25,4599900
VN30,2024-04-24 02:48:00,1216.26,1216.88,1216.2,1216.88,1135700
VN30,2024-04-24 02:49:00,1216.87,1217.33,1216.81,1217.33,847500
VN30,2024-04-24 02:50:00,1217.36,1217.36,1216.93,1216.93,1312400
VN30,2024-04-24 02:51:00,1217.2,1217.96,1217.2,1217.47,1313200
VN30,2024-04-24 02:52:00,1217.78,1218.51,1217.76,1218.28,1401600
VN30,2024-04-24 02:53:00,1218.76,1219.27,1218.66,1218.66,1558000
VN30,2024-04-24 02:54:00,1219.1,1219.55,1219.1,1219.27,1288200
VN30,2024-04-24 02:55:00,1219.58,1221.46,1219.22,1220.95,1624900
VN30,2024-04-24 02:56:00,1221.36,1221.57,1220.67,1221.57,1587100
VN30,2024-04-24 02:57:00,1221.42,1221.52,1220.72,1220.93,671200
VN30,2024-04-24 02:58:00,1221.04,1221.04,1220.17,1220.17,522500
VN30,2024-04-24 02:59:00,1220.32,1220.32,1219.97,1219.98,610500
VN30,2024-04-24 03:00:00,1219.8,1220.37,1219.66,1219.66,849801
VN30,2024-04-24 03:01:00,1219.52,1220.2,1219.52,1219.79,537900
VN30,2024-04-24 03:02:00,1219.96,1220.31,1219.84,1219.85,475000
VN30,2024-04-24 03:03:00,1219.85,1220.11,1218.9,1218.9,685100
VN30,2024-04-24 03:04:00,1218.98,1219.13,1218.68,1218.95,661200
VN30,2024-04-24 03:05:00,1218.73,1218.9,1218.41,1218.71,455000
VN30,2024-04-24 03:06:00,1218.53,1219.12,1218.53,1218.73,491300
VN30,2024-04-24 03:07:00,1218.62,1218.62,1218.24,1218.42,1292600
VN30,2024-04-24 03:08:00,1218.49,1218.59,1218.13,1218.13,539300
VN30,2024-04-24 03:09:00,1218.09,1218.33,1218.06,1218.28,2543200
VN30,2024-04-24 03:10:00,1218.54,1218.54,1217.8,1217.92,332600
VN30,2024-04-24 03:11:00,1218.03,1218.11,1217.82,1217.82,5131900
VN30,2024-04-24 03:12:00,1217.7,1217.72,1217.38,1217.68,471500
VN30,2024-04-24 03:13:00,1217.58,1217.58,1217.39,1217.46,357300
VN30,2024-04-24 03:14:00,1217.43,1218.72,1217.43,1218.2,710900
VN30,2024-04-24 03:15:00,1217.98,1219.07,1217.59,1219.07,534200
VN30,2024-04-24 03:16:00,1218.98,1219.03,1218.58,1218.58,908400
VN30,2024-04-24 03:17:00,1218.72,1219.07,1218.53,1218.82,762700
VN30,2024-04-24 03:18:00,1218.61,1219.14,1218.61,1219.14,596000
VN30,2024-04-24 03:19:00,1219.29,1219.48,1219.11,1219.44,750400
VN30,2024-04-24 03:20:00,1219.44,1220.04,1219.29,1219.81,1263300
VN30,2024-04-24 03:21:00,1219.81,1221.72,1219.81,1221.72,2076900
VN30,2024-04-24 03:22:00,1221.58,1221.58,1220.91,1221.05,807000
VN30,2024-04-24 03:23:00,1221.04,1221.05,1220.55,1220.72,543100
VN30,2024-04-24 03:24:00,1220.89,1221.49,1220.77,1221.41,711000
VN30,2024-04-24 03:25:00,1221.41,1221.89,1221.25,1221.48,778200
VN30,2024-04-24 03:26:00,1221.41,1221.67,1221.23,1221.49,599100
VN30,2024-04-24 03:27:00,1221.72,1221.77,1221.47,1221.71,513300
VN30,2024-04-24 03:28:00,1221.69,1221.82,1221.28,1221.28,342400
VN30,2024-04-24 03:29:00,1221.21,1221.54,1221.0,1221.06,650200
VN30,2024-04-24 03:30:00,1221.06,1221.39,1221.01,1221.05,348800
VN30,2024-04-24 03:31:00,1220.85,1220.85,1220.12,1220.37,874100
VN30,2024-04-24 03:32:00,1220.3,1220.8,1220.3,1220.8,539300
VN30,2024-04-24 03:33:00,1220.74,1220.76,1219.8,1219.95,271400
VN30,2024-04-24 03:34:00,1220.0,1220.51,1219.89,1220.14,301600
VN30,2024-04-24 03:35:00,1220.08,1220.29,1219.67,1220.27,465800
VN30,2024-04-24 03:36:00,1220.18,1220.59,1220.12,1220.18,413400
VN30,2024-04-24 03:37:00,1220.42,1220.42,1220.11,1220.4,281500
VN30,2024-04-24 03:38:00,1220.32,1220.32,1219.96,1220.21,426800
VN30,2024-04-24 03:39:00,1220.21,1220.21,1219.9,1219.96,440100
VN30,2024-04-24 03:40:00,1220.18,1220.35,1219.68,1219.68,466700
VN30,2024-04-24 03:41:00,1219.94,1220.91,1219.86,1220.57,606100
VN30,2024-04-24 03:42:00,1220.48,1220.56,1220.14,1220.17,981700
VN30,2024-04-24 03:43:00,1220.16,1220.18,1219.86,1220.01,307700
VN30,2024-04-24 03:44:00,1219.74,1220.27,1219.73,1220.13,964400
VN30,2024-04-24 03:45:00,1220.13,1220.28,1219.99,1220.12,543600
VN30,2024-04-24 03:46:00,1220.17,1220.17,1219.13,1219.64,278500
VN30,2024-04-24 03:47:00,1219.85,1219.89,1219.34,1219.74,358300
VN30,2024-04-24 03:48:00,1219.71,1219.99,1219.5,1219.76,330000
VN30,2024-04-24 03:49:00,1219.96,1219.96,1219.79,1219.85,162700
VN30,2024-04-24 03:50:00,1219.8,1220.12,1219.54,1219.93,283000
VN30,2024-04-24 03:51:00,1219.82,1220.11,1219.76,1220.11,269100
VN30,2024-04-24 03:52:00,1220.09,1221.67,1220.09,1221.59,1851900
VN30,2024-04-24 03:53:00,1221.87,1222.62,1221.5,1222.62,1251400
VN30,2024-04-24 03:54:00,1222.94,1223.34,1222.31,1223.13,1326900
VN30,2024-04-24 03:55:00,1223.16,1223.39,1223.02,1223.02,473500
VN30,2024-04-24 03:56:00,1223.08,1223.39,1222.97,1223.28,503300
VN30,2024-04-24 03:57:00,1223.22,1223.59,1223.08,1223.59,637600
VN30,2024-04-24 03:58:00,1223.65,1223.65,1222.65,1223.36,487000
VN30,2024-04-24 03:59:00,1223.45,1223.52,1223.05,1223.14,494200
VN30,2024-04-24 04:00:00,1222.95,1223.11,1222.95,1222.96,365900
VN30,2024-04-24 04:01:00,1223.35,1223.35,1222.23,1222.23,480200
VN30,2024-04-24 04:02:00,1222.18,1222.64,1221.89,1221.89,396800
VN30,2024-04-24 04:03:00,1221.86,1222.49,1221.86,1222.49,324900
VN30,2024-04-24 04:04:00,1222.35,1222.64,1222.02,1222.02,295400
VN30,2024-04-24 04:05:00,1221.85,1222.21,1221.65,1221.99,981800
VN30,2024-04-24 04:06:00,1221.87,1222.19,1221.74,1221.97,363400
VN30,2024-04-24 04:07:00,1222.17,1222.27,1221.65,1222.08,591900
VN30,2024-04-24 04:08:00,1222.0,1222.5,1221.97,1222.41,685400
VN30,2024-04-24 04:09:00,1222.59,1222.59,1222.26,1222.51,431700
VN30,2024-04-24 04:10:00,1222.65,1222.8,1222.38,1222.44,256100
VN30,2024-04-24 04:11:00,1222.74,1222.74,1222.23,1222.23,365800
VN30,2024-04-24 04:12:00,1222.3,1222.34,1221.95,1222.25,361900
VN30,2024-04-24 04:13:00,1222.42,1222.42,1221.81,1221.91,1216000
VN30,2024-04-24 04:14:00,1222.28,1222.33,1221.59,1222.08,476700
VN30,2024-04-24 04:15:00,1222.15,1222.41,1221.95,1221.95,295200
VN30,2024-04-24 04:16:00,1222.12,1222.38,1221.94,1222.17,290900
VN30,2024-04-24 04:17:00,1222.11,1222.59,1221.87,1222.26,416200
VN30,2024-04-24 04:18:00,1222.2,1222.64,1222.13,1222.21,434800
VN30,2024-04-24 04:19:00,1222.5,1222.98,1221.85,1222.64,505400
VN30,2024-04-24 04:20:00,1222.53,1223.08,1222.4,1222.85,822700
VN30,2024-04-24 04:21:00,1222.92,1223.03,1222.7,1223.03,1597900
VN30,2024-04-24 04:22:00,1223.05,1223.21,1222.69,1222.89,535100
VN30,2024-04-24 04:23:00,1222.78,1223.11,1222.78,1223.09,173100
VN30,2024-04-24 04:24:00,1223.23,1223.45,1223.02,1223.2,175000
VN30,2024-04-24 04:25:00,1223.39,1223.48,1223.09,1223.26,180500
VN30,2024-04-24 04:26:00,1223.38,1223.44,1222.95,1222.95,286400
VN30,2024-04-24 04:27:00,1223.01,1223.22,1222.89,1222.89,308400
VN30,2024-04-24 04:28:00,1222.81,1223.23,1222.81,1223.14,1066300
VN30,2024-04-24 04:29:00,1223.25,1223.5,1223.11,1223.11,387900
VN30,2024-04-24 04:30:00,1223.45,1223.45,1223.45,1223.45,102000
VN30,2024-04-24 06:00:00,1223.65,1223.72,1223.26,1223.46,2813900
VN30,2024-04-24 06:01:00,1223.54,1224.3,1223.54,1224.23,885700
VN30,2024-04-24 06:02:00,1224.23,1224.61,1224.16,1224.25,1933800
VN30,2024-04-24 06:03:00,1224.21,1224.43,1224.03,1224.03,675300
VN30,2024-04-24 06:04:00,1224.2,1224.76,1224.03,1224.76,757600
VN30,2024-04-24 06:05:00,1224.83,1225.44,1224.73,1225.22,948800
VN30,2024-04-24 06:06:00,1225.05,1225.6,1224.92,1225.6,693900
VN30,2024-04-24 06:07:00,1225.71,1226.57,1225.71,1226.55,1572400
VN30,2024-04-24 06:08:00,1226.49,1227.02,1226.1,1227.0,1504600
VN30,2024-04-24 06:09:00,1226.84,1227.58,1226.25,1227.58,1296300
VN30,2024-04-24 06:10:00,1227.24,1227.84,1227.01,1227.21,897700
VN30,2024-04-24 06:11:00,1227.49,1227.97,1227.13,1227.66,1909200
VN30,2024-04-24 06:12:00,1227.7,1228.24,1227.4,1227.77,1477800
VN30,2024-04-24 06:13:00,1228.0,1228.13,1227.69,1228.03,995400
VN30,2024-04-24 06:14:00,1228.18,1228.38,1227.75,1227.75,1150100
VN30,2024-04-24 06:15:00,1228.4,1228.47,1227.81,1228.33,736100
VN30,2024-04-24 06:16:00,1228.46,1228.46,1228.13,1228.19,597300
VN30,2024-04-24 06:17:00,1227.85,1228.87,1227.85,1228.3,1223000
VN30,2024-04-24 06:18:00,1228.2,1228.86,1227.73,1228.33,1132900
VN30,2024-04-24 06:19:00,1228.65,1228.97,1228.35,1228.53,713600
VN30,2024-04-24 06:20:00,1228.41,1229.19,1228.3,1228.78,1586300
VN30,2024-04-24 06:21:00,1228.8,1229.71,1228.55,1228.86,3570200
VN30,2024-04-24 06:22:00,1228.86,1230.66,1228.86,1230.41,1870900
VN30,2024-04-24 06:23:00,1230.55,1230.91,1230.2,1230.69,2183600
VN30,2024-04-24 06:24:00,1230.26,1230.75,1229.58,1230.44,2436000
VN30,2024-04-24 06:25:00,1230.48,1230.48,1228.9,1229.42,3308166
VN30,2024-04-24 06:26:00,1229.42,1229.55,1228.21,1228.72,2056400
VN30,2024-04-24 06:27:00,1228.4,1228.85,1227.92,1228.68,1402300
VN30,2024-04-24 06:28:00,1228.43,1228.6,1228.23,1228.23,17865600
VN30,2024-04-24 06:29:00,1228.51,1228.62,1227.86,1227.98,3723490
VN30,2024-04-24 06:30:00,1228.09,1228.26,1227.35,1227.67,1328600
VN30,2024-04-24 06:31:00,1227.83,1227.83,1227.3,1227.62,1578900
VN30,2024-04-24 06:32:00,1227.5,1227.65,1226.73,1227.65,1743700
VN30,2024-04-24 06:33:00,1227.43,1227.48,1226.9,1226.9,644700
VN30,2024-04-24 06:34:00,1226.69,1227.12,1226.67,1226.83,576400
VN30,2024-04-24 06:35:00,1226.75,1227.11,1226.62,1226.62,901700
VN30,2024-04-24 06:36:00,1226.55,1227.3,1226.37,1226.52,979900
VN30,2024-04-24 06:37:00,1226.6,1227.7,1226.51,1227.34,420500
VN30,2024-04-24 06:38:00,1227.98,1227.98,1227.32,1227.46,447300
VN30,2024-04-24 06:39:00,1227.35,1228.11,1227.12,1227.88,1373700
VN30,2024-04-24 06:40:00,1227.92,1228.49,1227.92,1228.21,897300
VN30,2024-04-24 06:41:00,1228.25,1229.0,1228.19,1228.96,850600
VN30,2024-04-24 06:42:00,1229.18,1229.39,1228.59,1229.2,1019900
VN30,2024-04-24 06:43:00,1229.17,1229.55,1228.91,1229.55,1697800
VN30,2024-04-24 06:44:00,1230.15,1230.16,1229.53,1230.03,1462600
VN30,2024-04-24 06:45:00,1229.92,1230.32,1229.91,1230.32,592000
VN30,2024-04-24 06:46:00,1230.17,1230.77,1229.61,1229.61,1164300
VN30,2024-04-24 06:47:00,1229.98,1230.22,1229.53,1229.78,947400
VN30,2024-04-24 06:48:00,1229.78,1229.78,1228.98,1229.12,1260900
VN30,2024-04-24 06:49:00,1229.27,1229.72,1228.74,1229.11,686400
VN30,2024-04-24 06:50:00,1228.74,1229.42,1228.6,1229.41,812900
VN30,2024-04-24 06:51:00,1229.14,1230.13,1229.14,1229.61,1320900
VN30,2024-04-24 06:52:00,1229.43,1230.04,1229.31,1229.57,638600
VN30,2024-04-24 06:53:00,1229.65,1230.19,1228.39,1229.49,1102500
VN30,2024-04-24 06:54:00,1229.44,1229.44,1228.71,1228.98,715300
VN30,2024-04-24 06:55:00,1229.13,1229.89,1228.83,1229.84,583500
VN30,2024-04-24 06:56:00,1229.81,1229.82,1229.34,1229.65,1023000
VN30,2024-04-24 06:57:00,1229.51,1230.49,1229.51,1230.07,1028500
VN30,2024-04-24 06:58:00,1230.01,1230.49,1229.76,1230.17,724600
VN30,2024-04-24 06:59:00,1229.8,1231.0,1229.8,1230.74,1659800
VN30,2024-04-24 07:00:00,1230.8,1231.06,1230.71,1230.92,1132700
VN30,2024-04-24 07:01:00,1231.06,1231.21,1229.14,1229.7,880400
VN30,2024-04-24 07:02:00,1230.25,1231.12,1230.03,1231.03,996800
VN30,2024-04-24 07:03:00,1231.54,1232.12,1231.23,1232.12,1053200
VN30,2024-04-24 07:04:00,1232.06,1232.85,1231.95,1232.43,1969300
VN30,2024-04-24 07:05:00,1233.01,1233.01,1232.38,1232.68,1451600
VN30,2024-04-24 07:06:00,1232.88,1233.14,1230.61,1230.61,1888500
VN30,2024-04-24 07:07:00,1230.95,1231.83,1230.52,1231.59,2126200
VN30,2024-04-24 07:08:00,1232.23,1232.59,1232.04,1232.22,1067800
VN30,2024-04-24 07:09:00,1232.92,1233.2,1232.23,1232.48,1501200
VN30,2024-04-24 07:10:00,1232.53,1233.14,1232.17,1232.94,1639900
VN30,2024-04-24 07:11:00,1233.01,1233.44,1232.7,1233.05,1842800
VN30,2024-04-24 07:12:00,1232.9,1233.48,1232.9,1233.48,1314000
VN30,2024-04-24 07:13:00,1233.59,1233.99,1233.14,1233.62,1750000
VN30,2024-04-24 07:14:00,1233.61,1234.11,1233.33,1233.55,996300
VN30,2024-04-24 07:15:00,1233.5,1233.98,1233.49,1233.51,1110500
VN30,2024-04-24 07:16:00,1233.79,1233.98,1233.53,1233.67,1253200
VN30,2024-04-24 07:17:00,1234.16,1234.75,1233.88,1234.75,1388500
VN30,2024-04-24 07:18:00,1234.49,1234.87,1234.1,1234.51,2805700
VN30,2024-04-24 07:19:00,1234.84,1234.84,1234.34,1234.49,1049900
VN30,2024-04-24 07:20:00,1234.83,1234.83,1233.31,1233.88,1732300
VN30,2024-04-24 07:21:00,1233.5,1233.5,1231.83,1232.68,2228300
VN30,2024-04-24 07:22:00,1231.94,1232.96,1231.71,1232.5,1632400
VN30,2024-04-24 07:23:00,1233.14,1233.23,1232.1,1232.1,1343100
VN30,2024-04-24 07:24:00,1232.48,1233.0,1232.48,1233.0,1029600
VN30,2024-04-24 07:25:00,1232.41,1232.79,1231.84,1231.84,1223200
VN30,2024-04-24 07:26:00,1231.99,1233.05,1231.71,1232.71,1327700
VN30,2024-04-24 07:27:00,1232.65,1232.85,1232.02,1232.26,897900
VN30,2024-04-24 07:28:00,1232.39,1232.45,1231.89,1232.05,990500
VN30,2024-04-24 07:29:00,1232.7,1232.7,1232.16,1232.35,2394400
VN30,2024-04-24 07:30:00,1232.37,1232.37,1232.37,1232.37,4100
VN30,2024-04-24 07:45:00,1232.17,1232.17,1232.17,1232.17,14662130
VN30,2024-04-25 02:15:00,1235.25,1235.25,1231.27,1232.32,3672900
VN30,2024-04-25 02:16:00,1232.35,1232.35,1230.93,1231.34,391800
VN30,2024-04-25 02:17:00,1231.31,1231.31,1229.69,1229.74,1189400
VN30,2024-04-25 02:18:00,1230.09,1230.09,1228.63,1228.63,631200
VN30,2024-04-25 02:19:00,1228.79,1229.49,1228.79,1229.49,756800
VN30,2024-04-25 02:20:00,1229.47,1230.12,1229.4,1230.09,574600
VN30,2024-04-25 02:21:00,1229.41,1229.8,1229.03,1229.03,1161600
VN30,2024-04-25 02:22:00,1229.41,1230.51,1228.72,1230.51,576300
VN30,2024-04-25 02:23:00,1231.02,1232.32,1231.02,1232.32,1032900
VN30,2024-04-25 02:24:00,1232.66,1233.93,1231.38,1233.93,981700
VN30,2024-04-25 02:25:00,1232.95,1233.56,1231.76,1232.99,939300
VN30,2024-04-25 02:26:00,1233.25,1234.54,1232.71,1233.19,688800
VN30,2024-04-25 02:27:00,1233.61,1235.01,1233.61,1234.37,926696
VN30,2024-04-25 02:28:00,1234.39,1236.1,1234.31,1236.1,786400
VN30,2024-04-25 02:29:00,1236.13,1236.85,1235.52,1235.52,704100
VN30,2024-04-25 02:30:00,1235.3,1236.07,1234.32,1234.91,674200
VN30,2024-04-25 02:31:00,1235.52,1236.27,1235.31,1236.27,384800
VN30,2024-04-25 02:32:00,1236.28,1236.99,1236.14,1236.92,638400
VN30,2024-04-25 02:33:00,1236.77,1236.97,1236.76,1236.8,624400
VN30,2024-04-25 02:34:00,1236.31,1236.94,1236.31,1236.53,485300
VN30,2024-04-25 02:35:00,1236.53,1236.53,1235.43,1235.58,380300
VN30,2024-04-25 02:36:00,1235.69,1235.69,1234.93,1234.93,489100
VN30,2024-04-25 02:37:00,1234.9,1235.42,1234.72,1235.38,578700
VN30,2024-04-25 02:38:00,1235.13,1235.72,1235.05,1235.72,263400
VN30,2024-04-25 02:39:00,1235.72,1235.72,1235.24,1235.24,353300
VN30,2024-04-25 02:40:00,1235.35,1235.51,1235.17,1235.48,559500
VN30,2024-04-25 02:41:00,1235.48,1235.78,1235.36,1235.45,336400
VN30,2024-04-25 02:42:00,1235.34,1235.74,1235.26,1235.74,321800
VN30,2024-04-25 02:43:00,1235.81,1236.08,1235.28,1235.28,511700
VN30,2024-04-25 02:44:00,1235.43,1235.67,1234.7,1234.72,909100
VN30,2024-04-25 02:45:00,1234.53,1234.61,1233.21,1233.61,889200
VN30,2024-04-25 02:46:00,1233.53,1233.68,1232.32,1232.45,1164800
VN30,2024-04-25 02:47:00,1232.59,1233.18,1232.04,1232.04,988200
VN30,2024-04-25 02:48:00,1232.54,1232.81,1232.16,1232.6,1011700
VN30,2024-04-25 02:49:00,1232.61,1232.69,1232.41,1232.64,447100
VN30,2024-04-25 02:50:00,1232.64,1232.91,1232.2,1232.79,644800
VN30,2024-04-25 02:51:00,1232.51,1232.86,1232.39,1232.75,575500
VN30,2024-04-25 02:52:00,1232.8,1232.8,1232.06,1232.06,951000
VN30,2024-04-25 02:53:00,1232.17,1233.14,1232.1,1233.14,612300
VN30,2024-04-25 02:54:00,1232.92,1233.75,1232.92,1233.75,366400
VN30,2024-04-25 02:55:00,1233.87,1234.55,1233.64,1234.12,798200
VN30,2024-04-25 02:56:00,1234.23,1234.45,1234.12,1234.12,375300
VN30,2024-04-25 02:57:00,1234.18,1235.16,1233.91,1234.91,463400
VN30,2024-04-25 02:58:00,1234.55,1234.72,1234.24,1234.58,620100
VN30,2024-04-25 02:59:00,1234.44,1234.57,1233.92,1234.01,511800
VN30,2024-04-25 03:00:00,1234.12,1234.37,1233.49,1233.83,841400
VN30,2024-04-25 03:01:00,1233.85,1234.54,1233.59,1233.64,2039100
VN30,2024-04-25 03:02:00,1233.7,1234.17,1233.7,1234.08,511100
VN30,2024-04-25 03:03:00,1233.94,1234.07,1233.02,1233.58,876900
VN30,2024-04-25 03:04:00,1233.43,1233.43,1232.26,1232.26,505800
VN30,2024-04-25 03:05:00,1232.28,1232.74,1231.93,1232.46,452900
VN30,2024-04-25 03:06:00,1232.07,1232.24,1231.56,1231.98,2049400
VN30,2024-04-25 03:07:00,1232.55,1232.55,1231.26,1231.26,375100
VN30,2024-04-25 03:08:00,1231.45,1231.72,1231.11,1231.66,540600
VN30,2024-04-25 03:09:00,1231.25,1231.29,1230.5,1230.5,1245000
VN30,2024-04-25 03:10:00,1230.82,1230.89,1230.14,1230.14,900400
VN30,2024-04-25 03:11:00,1229.98,1230.9,1229.81,1230.5,579800
VN30,2024-04-25 03:12:00,1230.22,1230.88,1230.09,1230.58,676800
VN30,2024-04-25 03:13:00,1230.75,1231.28,1230.48,1230.78,438500
VN30,2024-04-25 03:14:00,1231.12,1231.47,1230.63,1231.09,510100
VN30,2024-04-25 03:15:00,1230.71,1231.61,1230.71,1231.6,265801
VN30,2024-04-25 03:16:00,1231.7,1231.94,1231.29,1231.94,269800
VN30,2024-04-25 03:17:00,1232.1,1232.2,1231.77,1232.09,237100
VN30,2024-04-25 03:18:00,1232.38,1233.54,1232.38,1233.24,1029500
VN30,2024-04-25 03:19:00,1233.21,1234.51,1233.11,1234.51,973800
VN30,2024-04-25 03:20:00,1234.52,1234.7,1234.18,1234.64,417100
VN30,2024-04-25 03:21:00,1234.74,1234.89,1233.68,1233.96,656000
VN30,2024-04-25 03:22:00,1234.34,1234.34,1233.34,1233.34,867500
VN30,2024-04-25 03:23:00,1233.99,1234.18,1233.46,1234.01,484300
VN30,2024-04-25 03:24:00,1234.4,1234.4,1233.42,1233.68,475500
VN30,2024-04-25 03:25:00,1233.57,1233.95,1233.45,1233.57,356900
VN30,2024-04-25 03:26:00,1233.54,1233.74,1233.27,1233.39,3047900
VN30,2024-04-25 03:27:00,1233.66,1233.89,1233.43,1233.65,1593400
VN30,2024-04-25 03:28:00,1233.55,1234.23,1233.37,1234.23,352200
VN30,2024-04-25 03:29:00,1234.24,1234.36,1233.7,1233.89,247300
VN30,2024-04-25 03:30:00,1233.93,1234.13,1233.67,1233.73,301500
VN30,2024-04-25 03:31:00,1233.49,1234.09,1233.31,1234.08,382100
VN30,2024-04-25 03:32:00,1234.08,1234.25,1233.8,1234.2,855800
VN30,2024-04-25 03:33:00,1233.55,1233.99,1232.93,1232.93,497600
VN30,2024-04-25 03:34:00,1233.14,1233.74,1232.82,1232.82,558900
VN30,2024-04-25 03:35:00,1233.13,1233.55,1232.66,1233.2,240300
VN30,2024-04-25 03:36:00,1232.99,1233.27,1232.04,1232.32,737700
VN30,2024-04-25 03:37:00,1232.33,1232.83,1232.26,1232.83,438500
VN30,2024-04-25 03:38:00,1232.53,1233.18,1232.17,1233.18,310700
VN30,2024-04-25 03:39:00,1232.5,1232.5,1231.76,1232.23,324600
VN30,2024-04-25 03:40:00,1232.37,1232.49,1232.09,1232.43,271300
VN30,2024-04-25 03:41:00,1232.71,1232.75,1232.38,1232.42,211600
VN30,2024-04-25 03:42:00,1232.7,1232.7,1232.03,1232.31,243400
VN30,2024-04-25 03:43:00,1232.48,1232.48,1231.84,1232.11,371700
VN30,2024-04-25 03:44:00,1232.31,1232.68,1231.87,1232.09,260800
VN30,2024-04-25 03:45:00,1232.19,1232.33,1231.91,1232.32,271900
VN30,2024-04-25 03:46:00,1232.6,1232.61,1231.94,1232.23,229900
VN30,2024-04-25 03:47:00,1232.11,1232.62,1231.73,1231.92,224500
VN30,2024-04-25 03:48:00,1231.78,1232.25,1231.62,1231.62,184300
VN30,2024-04-25 03:49:00,1231.68,1232.18,1231.66,1231.93,273200
VN30,2024-04-25 03:50:00,1232.08,1232.65,1231.76,1232.09,216500
VN30,2024-04-25 03:51:00,1231.97,1232.03,1231.53,1231.53,310900
VN30,2024-04-25 03:52:00,1231.55,1232.06,1231.4,1231.71,906300
VN30,2024-04-25 03:53:00,1231.59,1231.71,1231.17,1231.5,626100
VN30,2024-04-25 03:54:00,1231.33,1231.78,1231.05,1231.05,554300
VN30,2024-04-25 03:55:00,1231.12,1231.58,1230.89,1230.89,528700
VN30,2024-04-25 03:56:00,1231.02,1231.24,1230.81,1230.81,726700
VN30,2024-04-25 03:57:00,1231.18,1231.18,1230.52,1231.0,442000
VN30,2024-04-25 03:58:00,1230.83,1231.78,1230.41,1231.27,377900
VN30,2024-04-25 03:59:00,1231.27,1231.61,1230.49,1231.61,664600
VN30,2024-04-25 04:00:00,1231.67,1231.77,1230.6,1231.13,472100
VN30,2024-04-25 04:01:00,1230.87,1231.01,1230.67,1231.01,417100
VN30,2024-04-25 04:02:00,1231.09,1231.09,1230.5,1230.59,386300
VN30,2024-04-25 04:03:00,1230.46,1230.64,1230.36,1230.5,412800
VN30,2024-04-25 04:04:00,1230.45,1230.45,1229.87,1230.32,328100
VN30,2024-04-25 04:05:00,1230.35,1230.48,1230.08,1230.16,467000
VN30,2024-04-25 04:06:00,1230.56,1230.63,1229.82,1230.5,177500
VN30,2024-04-25 04:07:00,1230.98,1231.21,1230.52,1230.52,238800
VN30,2024-04-25 04:08:00,1230.63,1231.11,1230.1,1230.1,327900
VN30,2024-04-25 04:09:00,1230.21,1230.62,1230.1,1230.38,220200
VN30,2024-04-25 04:10:00,1230.44,1230.68,1229.98,1230.63,318400
VN30,2024-04-25 04:11:00,1230.68,1231.0,1230.37,1230.58,227400
VN30,2024-04-25 04:12:00,1230.29,1230.66,1229.87,1230.45,424400
VN30,2024-04-25 04:13:00,1229.92,1230.81,1229.92,1230.45,231900
VN30,2024-04-25 04:14:00,1230.32,1230.54,1229.99,1230.33,656200
VN30,2024-04-25 04:15:00,1230.37,1230.82,1229.86,1230.24,361100
VN30,2024-04-25 04:16:00,1230.59,1230.72,1229.99,1230.31,579800
VN30,2024-04-25 04:17:00,1230.01,1230.46,1229.95,1230.44,504300
VN30,2024-04-25 04:18:00,1230.74,1230.76,1230.11,1230.49,511200
VN30,2024-04-25 04:19:00,1230.64,1230.9,1230.04,1230.57,474200
VN30,2024-04-25 04:20:00,1230.55,1231.03,1230.35,1230.55,499900
VN30,2024-04-25 04:21:00,1230.8,1231.42,1230.53,1230.71,514200
VN30,2024-04-25 04:22:00,1230.5,1231.02,1230.27,1230.41,472300
VN30,2024-04-25 04:23:00,1230.66,1230.89,1230.36,1230.37,492900
VN30,2024-04-25 04:24:00,1230.48,1231.52,1230.48,1231.48,221800
VN30,2024-04-25 04:25:00,1231.58,1232.04,1231.5,1232.04,427700
VN30,2024-04-25 04:26:00,1232.19,1232.61,1231.84,1232.61,206600
VN30,2024-04-25 04:27:00,1233.13,1233.39,1232.86,1233.39,219100
VN30,2024-04-25 04:28:00,1233.21,1233.4,1232.67,1233.01,355400
VN30,2024-04-25 04:29:00,1233.21,1233.21,1232.29,1232.47,386800
VN30,2024-04-25 04:30:00,1232.8,1232.8,1232.8,1232.8,5600
VN30,2024-04-25 06:00:00,1232.13,1232.38,1231.32,1231.33,1958800
VN30,2024-04-25 06:01:00,1230.27,1230.51,1229.77,1230.28,602900
VN30,2024-04-25 06:02:00,1230.42,1231.08,1230.22,1230.23,1289900
VN30,2024-04-25 06:03:00,1230.31,1231.01,1230.31,1230.99,382700
VN30,2024-04-25 06:04:00,1230.8,1231.03,1230.64,1230.97,595100
VN30,2024-04-25 06:05:00,1230.57,1230.9,1230.52,1230.84,571000
VN30,2024-04-25 06:06:00,1230.81,1230.81,1229.02,1229.27,1015200
VN30,2024-04-25 06:07:00,1229.25,1229.25,1227.88,1227.88,1791000
VN30,2024-04-25 06:08:00,1228.09,1228.55,1227.9,1228.12,867700
VN30,2024-04-25 06:09:00,1228.09,1229.18,1228.09,1228.95,829300
VN30,2024-04-25 06:10:00,1229.36,1230.37,1228.8,1229.3,631500
VN30,2024-04-25 06:11:00,1229.81,1230.08,1228.93,1228.93,459900
VN30,2024-04-25 06:12:00,1229.32,1229.65,1228.58,1229.05,589500
VN30,2024-04-25 06:13:00,1229.15,1229.68,1229.11,1229.21,535700
VN30,2024-04-25 06:14:00,1229.65,1230.07,1229.09,1229.27,634900
VN30,2024-04-25 06:15:00,1229.11,1230.43,1229.11,1230.29,605000
VN30,2024-04-25 06:16:00,1230.38,1230.76,1230.07,1230.31,586800
VN30,2024-04-25 06:17:00,1230.66,1230.77,1230.05,1230.71,713800
VN30,2024-04-25 06:18:00,1230.52,1231.1,1230.33,1230.92,603700
VN30,2024-04-25 06:19:00,1230.82,1231.43,1230.82,1231.43,517800
VN30,2024-04-25 06:20:00,1231.49,1231.85,1231.37,1231.85,617100
VN30,2024-04-25 06:21:00,1231.76,1232.67,1231.59,1231.59,1036800
VN30,2024-04-25 06:22:00,1231.93,1232.01,1231.33,1231.55,461400
VN30,2024-04-25 06:23:00,1231.85,1232.01,1230.83,1230.83,790400
VN30,2024-04-25 06:24:00,1230.8,1231.52,1230.7,1230.7,635800
VN30,2024-04-25 06:25:00,1230.75,1231.46,1230.75,1230.83,493300
VN30,2024-04-25 06:26:00,1230.77,1231.08,1230.75,1230.94,624100
VN30,2024-04-25 06:27:00,1231.03,1231.43,1230.71,1230.72,681000
VN30,2024-04-25 06:28:00,1230.69,1231.11,1230.53,1230.99,628600
VN30,2024-04-25 06:29:00,1231.16,1231.16,1230.37,1230.51,1856200
VN30,2024-04-25 06:30:00,1230.18,1230.43,1229.85,1230.34,2239300
VN30,2024-04-25 06:31:00,1230.29,1230.29,1229.91,1230.15,2109300
VN30,2024-04-25 06:32:00,1230.15,1230.15,1229.67,1229.67,1718700
VN30,2024-04-25 06:33:00,1230.02,1230.02,1229.1,1229.34,1081800
VN30,2024-04-25 06:34:00,1229.49,1230.61,1229.41,1230.36,767800
VN30,2024-04-25 06:35:00,1230.14,1230.94,1230.14,1230.67,666500
VN30,2024-04-25 06:36:00,1231.16,1231.52,1230.76,1231.41,795100
VN30,2024-04-25 06:37:00,1231.04,1232.39,1230.95,1232.39,899900
VN30,2024-04-25 06:38:00,1232.38,1232.87,1232.31,1232.78,1470100
VN30,2024-04-25 06:39:00,1232.78,1233.55,1232.78,1233.55,1034300
VN30,2024-04-25 06:40:00,1233.73,1233.99,1233.18,1233.49,1156000
VN30,2024-04-25 06:41:00,1233.65,1234.71,1233.65,1234.38,489500
VN30,2024-04-25 06:42:00,1234.44,1235.41,1234.44,1235.41,945600
VN30,2024-04-25 06:43:00,1235.55,1235.77,1234.67,1235.17,752100
VN30,2024-04-25 06:44:00,1235.41,1235.41,1234.7,1234.93,618200
VN30,2024-04-25 06:45:00,1235.51,1235.75,1234.02,1234.3,1182600
VN30,2024-04-25 06:46:00,1234.7,1234.7,1233.72,1233.72,871400
VN30,2024-04-25 06:47:00,1233.73,1233.91,1232.95,1233.61,647400
VN30,2024-04-25 06:48:00,1233.48,1233.63,1232.62,1232.62,614700
VN30,2024-04-25 06:49:00,1232.75,1232.93,1232.4,1232.83,639200
VN30,2024-04-25 06:50:00,1232.74,1233.35,1232.4,1232.93,545000
VN30,2024-04-25 06:51:00,1232.92,1233.28,1232.46,1232.83,597100
VN30,2024-04-25 06:52:00,1232.75,1233.28,1232.52,1232.78,430300
VN30,2024-04-25 06:53:00,1232.77,1233.41,1231.88,1231.88,864900
VN30,2024-04-25 06:54:00,1231.93,1233.0,1231.93,1233.0,772400
VN30,2024-04-25 06:55:00,1233.16,1233.44,1232.7,1233.07,580800
VN30,2024-04-25 06:56:00,1233.09,1233.59,1232.94,1233.0,649100
VN30,2024-04-25 06:57:00,1233.0,1233.88,1232.84,1233.24,683000
VN30,2024-04-25 06:58:00,1233.33,1233.33,1232.58,1232.58,490300
VN30,2024-04-25 06:59:00,1232.82,1233.3,1232.39,1232.39,554600
VN30,2024-04-25 07:00:00,1232.69,1232.7,1232.37,1232.37,1611300
VN30,2024-04-25 07:01:00,1232.17,1232.22,1231.93,1231.98,2457200
VN30,2024-04-25 07:02:00,1232.39,1232.39,1231.68,1231.76,1545000
VN30,2024-04-25 07:03:00,1232.08,1232.08,1231.35,1231.51,713200
VN30,2024-04-25 07:04:00,1231.62,1231.66,1231.17,1231.62,1399200
VN30,2024-04-25 07:05:00,1231.53,1231.53,1231.11,1231.43,642400
VN30,2024-04-25 07:06:00,1231.37,1231.53,1230.68,1231.3,829600
VN30,2024-04-25 07:07:00,1232.14,1232.14,1231.47,1231.7,807400
VN30,2024-04-25 07:08:00,1231.67,1232.99,1231.67,1232.99,1099600
VN30,2024-04-25 07:09:00,1232.67,1232.88,1232.34,1232.46,675100
VN30,2024-04-25 07:10:00,1232.51,1232.91,1231.94,1232.04,560900
VN30,2024-04-25 07:11:00,1232.22,1232.34,1232.01,1232.13,433300
VN30,2024-04-25 07:12:00,1232.12,1232.12,1230.05,1230.54,1083100
VN30,2024-04-25 07:13:00,1230.59,1230.76,1230.5,1230.76,787100
VN30,2024-04-25 07:14:00,1230.3,1230.93,1230.12,1230.42,501200
VN30,2024-04-25 07:15:00,1230.12,1230.72,1229.87,1230.24,1310400
VN30,2024-04-25 07:16:00,1230.37,1230.79,1228.95,1229.72,1043300
VN30,2024-04-25 07:17:00,1229.6,1229.65,1227.08,1227.08,2435700
VN30,2024-04-25 07:18:00,1226.9,1227.72,1226.9,1227.08,1525900
VN30,2024-04-25 07:19:00,1226.76,1228.09,1226.76,1227.57,1930800
VN30,2024-04-25 07:20:00,1227.94,1228.76,1227.68,1228.76,1277700
VN30,2024-04-25 07:21:00,1228.58,1229.7,1228.58,1229.65,676800
VN30,2024-04-25 07:22:00,1229.44,1230.61,1229.44,1230.52,817800
VN30,2024-04-25 07:23:00,1230.33,1230.8,1230.33,1230.79,1230200
VN30,2024-04-25 07:24:00,1230.68,1232.18,1230.68,1232.18,1306100
VN30,2024-04-25 07:25:00,1231.66,1232.75,1231.66,1232.72,1201000
VN30,2024-04-25 07:26:00,1232.63,1233.39,1232.63,1232.82,572000
VN30,2024-04-25 07:27:00,1232.84,1233.44,1232.84,1233.44,1052800
VN30,2024-04-25 07:28:00,1233.15,1233.86,1233.15,1233.63,1164400
VN30,2024-04-25 07:29:00,1233.59,1234.37,1233.54,1234.37,1593900
VN30,2024-04-25 07:30:00,1234.47,1234.47,1234.47,1234.47,150200
VN30,2024-04-25 07:45:00,1233.72,1233.72,1233.72,1233.72,10532100
VN30,2024-04-26 02:15:00,1227.69,1227.94,1227.31,1227.31,3180400
VN30,2024-04-26 02:16:00,1227.43,1227.43,1226.1,1226.1,1437600
VN30,2024-04-26 02:17:00,1226.11,1226.6,1225.83,1225.89,1325800
VN30,2024-04-26 02:18:00,1225.88,1226.58,1225.55,1226.58,1608700
VN30,2024-04-26 02:19:00,1226.58,1226.95,1226.25,1226.85,1334300
VN30,2024-04-26 02:20:00,1226.64,1228.0,1226.64,1228.0,903100
VN30,2024-04-26 02:21:00,1228.19,1230.73,1228.19,1230.59,1148900
VN30,2024-04-26 02:22:00,1230.77,1233.08,1230.77,1233.08,1182400
VN30,2024-04-26 02:23:00,1233.3,1234.73,1233.3,1234.4,741100
VN30,2024-04-26 02:24:00,1234.22,1234.22,1233.68,1234.03,1092400
VN30,2024-04-26 02:25:00,1233.64,1233.79,1232.76,1233.13,744600
VN30,2024-04-26 02:26:00,1232.24,1232.67,1231.01,1231.37,921200
VN30,2024-04-26 02:27:00,1231.74,1231.87,1230.33,1230.83,768000
VN30,2024-04-26 02:28:00,1231.13,1231.57,1229.78,1230.57,1459200
VN30,2024-04-26 02:29:00,1230.89,1231.27,1230.67,1230.69,1207500
VN30,2024-04-26 02:30:00,1230.98,1231.39,1230.58,1231.33,583000
VN30,2024-04-26 02:31:00,1231.37,1231.64,1231.08,1231.34,746900
VN30,2024-04-26 02:32:00,1231.53,1231.95,1231.51,1231.69,433200
VN30,2024-04-26 02:33:00,1231.83,1232.33,1231.73,1231.96,1209800
VN30,2024-04-26 02:34:00,1231.86,1232.88,1231.85,1232.74,631100
VN30,2024-04-26 02:35:00,1232.79,1233.14,1231.44,1232.75,530100
VN30,2024-04-26 02:36:00,1232.73,1233.0,1231.9,1232.63,928700
VN30,2024-04-26 02:37:00,1232.58,1232.88,1232.3,1232.71,1003700
VN30,2024-04-26 02:38:00,1232.71,1233.23,1232.71,1233.23,332600
VN30,2024-04-26 02:39:00,1233.45,1233.63,1232.08,1232.58,701200
VN30,2024-04-26 02:40:00,1232.59,1232.77,1231.5,1232.62,457500
VN30,2024-04-26 02:41:00,1232.89,1233.24,1231.96,1232.17,682800
VN30,2024-04-26 02:42:00,1232.41,1232.41,1231.18,1231.49,551200
VN30,2024-04-26 02:43:00,1231.34,1231.97,1231.14,1231.58,703200
VN30,2024-04-26 02:44:00,1230.88,1231.5,1230.88,1231.4,918000
VN30,2024-04-26 02:45:00,1231.31,1232.14,1231.26,1232.14,509500
VN30,2024-04-26 02:46:00,1232.67,1232.67,1231.02,1231.26,564200
VN30,2024-04-26 02:47:00,1231.51,1232.22,1230.92,1232.18,941600
VN30,2024-04-26 02:48:00,1231.84,1232.23,1231.35,1231.63,563000
VN30,2024-04-26 02:49:00,1231.68,1232.03,1231.33,1231.87,507800
VN30,2024-04-26 02:50:00,1231.98,1231.98,1230.94,1230.94,464300
VN30,2024-04-26 02:51:00,1230.89,1231.7,1230.83,1231.41,781000
VN30,2024-04-26 02:52:00,1230.79,1231.99,1230.79,1231.99,501405
VN30,2024-04-26 02:53:00,1231.76,1233.32,1231.67,1233.01,893300
VN30,2024-04-26 02:54:00,1233.33,1233.34,1231.74,1232.17,4421800
VN30,2024-04-26 02:55:00,1232.2,1233.03,1231.69,1231.83,2734700
VN30,2024-04-26 02:56:00,1231.69,1232.53,1231.69,1232.53,1648600
VN30,2024-04-26 02:57:00,1232.29,1232.58,1232.26,1232.39,743500
VN30,2024-04-26 02:58:00,1232.65,1233.43,1231.97,1233.07,451000
VN30,2024-04-26 02:59:00,1233.14,1233.9,1233.14,1233.83,360300
VN30,2024-04-26 03:00:00,1233.88,1234.46,1233.8,1233.8,656100
VN30,2024-04-26 03:01:00,1233.52,1235.37,1233.52,1235.33,1023100
VN30,2024-04-26 03:02:00,1235.33,1235.41,1234.18,1234.68,881900
VN30,2024-04-26 03:03:00,1234.76,1235.43,1233.81,1235.15,458200
VN30,2024-04-26 03:04:00,1235.03,1235.23,1234.15,1235.23,539600
VN30,2024-04-26 03:05:00,1235.38,1235.56,1234.51,1234.95,741300
VN30,2024-04-26 03:06:00,1234.95,1235.63,1234.49,1235.03,475100
VN30,2024-04-26 03:07:00,1235.51,1236.9,1235.51,1236.41,273900
VN30,2024-04-26 03:08:00,1236.41,1237.2,1236.41,1236.87,552600
VN30,2024-04-26 03:09:00,1236.86,1237.05,1236.47,1236.99,410800
VN30,2024-04-26 03:10:00,1236.99,1237.77,1236.99,1237.77,950100
VN30,2024-04-26 03:11:00,1237.76,1237.9,1237.54,1237.88,837900
VN30,2024-04-26 03:12:00,1238.0,1238.68,1238.0,1238.68,741300
VN30,2024-04-26 03:13:00,1238.79,1239.0,1238.3,1238.95,759900
VN30,2024-04-26 03:14:00,1238.83,1239.21,1238.62,1238.62,489800
VN30,2024-04-26 03:15:00,1238.85,1239.51,1238.83,1239.44,580900
VN30,2024-04-26 03:16:00,1239.28,1239.42,1238.91,1239.42,775800
VN30,2024-04-26 03:17:00,1239.48,1239.7,1239.37,1239.48,886900
VN30,2024-04-26 03:18:00,1239.48,1240.02,1239.41,1239.93,402400
VN30,2024-04-26 03:19:00,1240.0,1240.0,1239.17,1239.36,480900
VN30,2024-04-26 03:20:00,1239.36,1239.36,1238.96,1239.0,387600
VN30,2024-04-26 03:21:00,1239.0,1239.06,1238.58,1238.73,723600
VN30,2024-04-26 03:22:00,1238.59,1238.92,1238.39,1238.82,405100
VN30,2024-04-26 03:23:00,1238.58,1239.07,1238.52,1239.0,338000
VN30,2024-04-26 03:24:00,1238.76,1238.87,1238.63,1238.8,600000
VN30,2024-04-26 03:25:00,1238.8,1238.93,1238.46,1238.46,768300
VN30,2024-04-26 03:26:00,1238.35,1238.88,1238.22,1238.36,528700
VN30,2024-04-26 03:27:00,1238.46,1238.71,1238.3,1238.48,362200
VN30,2024-04-26 03:28:00,1238.38,1238.68,1238.29,1238.29,706300
VN30,2024-04-26 03:29:00,1238.29,1238.67,1238.08,1238.67,353600
VN30,2024-04-26 03:30:00,1238.6,1239.22,1238.59,1239.22,333200
VN30,2024-04-26 03:31:00,1238.77,1239.0,1238.59,1238.83,470200
VN30,2024-04-26 03:32:00,1239.07,1239.49,1238.97,1238.97,168100
VN30,2024-04-26 03:33:00,1239.01,1239.01,1238.65,1238.9,282200
VN30,2024-04-26 03:34:00,1238.75,1239.26,1238.61,1239.26,521900
VN30,2024-04-26 03:35:00,1239.26,1239.26,1238.9,1238.98,280700
VN30,2024-04-26 03:36:00,1238.98,1239.3,1238.92,1239.25,275200
VN30,2024-04-26 03:37:00,1239.31,1239.42,1238.94,1239.11,310600
VN30,2024-04-26 03:38:00,1239.29,1239.81,1239.29,1239.81,706000
VN30,2024-04-26 03:39:00,1239.88,1240.12,1239.61,1240.06,319100
VN30,2024-04-26 03:40:00,1240.22,1240.64,1240.08,1240.51,847700
VN30,2024-04-26 03:41:00,1240.61,1241.1,1240.46,1241.1,540000
VN30,2024-04-26 03:42:00,1241.34,1241.56,1241.16,1241.37,471900
VN30,2024-04-26 03:43:00,1241.23,1241.93,1241.21,1241.82,771400
VN30,2024-04-26 03:44:00,1241.82,1242.77,1241.82,1242.77,629800
VN30,2024-04-26 03:45:00,1243.03,1243.66,1242.84,1243.66,1048700
VN30,2024-04-26 03:46:00,1243.78,1244.29,1243.52,1244.29,1124400
VN30,2024-04-26 03:47:00,1244.34,1245.2,1244.34,1245.07,1451500
VN30,2024-04-26 03:48:00,1244.83,1245.33,1244.76,1245.32,1381400
VN30,2024-04-26 03:49:00,1245.16,1245.52,1244.96,1245.19,790500
VN30,2024-04-26 03:50:00,1245.19,1245.42,1245.03,1245.09,892900
VN30,2024-04-26 03:51:00,1245.09,1245.24,1244.85,1244.85,609500
VN30,2024-04-26 03:52:00,1244.86,1244.88,1244.5,1244.62,947800
VN30,2024-04-26 03:53:00,1244.52,1244.52,1243.16,1243.23,879200
VN30,2024-04-26 03:54:00,1243.23,1243.23,1242.77,1242.88,514000
VN30,2024-04-26 03:55:00,1242.82,1242.82,1241.95,1241.95,397700
VN30,2024-04-26 03:56:00,1242.16,1242.16,1241.56,1241.86,526900
VN30,2024-04-26 03:57:00,1241.61,1241.75,1241.27,1241.45,781100
VN30,2024-04-26 03:58:00,1241.25,1241.51,1240.93,1241.26,648000
VN30,2024-04-26 03:59:00,1241.42,1241.42,1240.96,1241.34,222800
VN30,2024-04-26 04:00:00,1241.5,1241.5,1240.91,1240.91,746000
VN30,2024-04-26 04:01:00,1241.01,1241.1,1240.59,1240.59,445600
VN30,2024-04-26 04:02:00,1240.55,1240.55,1240.09,1240.17,916500
VN30,2024-04-26 04:03:00,1240.17,1240.48,1239.8,1240.35,366600
VN30,2024-04-26 04:04:00,1240.25,1240.51,1239.86,1240.08,528100
VN30,2024-04-26 04:05:00,1240.08,1240.26,1239.55,1239.55,418400
VN30,2024-04-26 04:06:00,1239.85,1240.36,1239.8,1240.18,479700
VN30,2024-04-26 04:07:00,1240.19,1240.19,1239.73,1240.01,403500
VN30,2024-04-26 04:08:00,1239.89,1240.13,1239.77,1239.77,279600
VN30,2024-04-26 04:09:00,1239.79,1240.1,1239.79,1240.07,378400
VN30,2024-04-26 04:10:00,1240.21,1240.24,1239.56,1239.82,504200
VN30,2024-04-26 04:11:00,1239.73,1240.14,1239.73,1239.81,324500
VN30,2024-04-26 04:12:00,1240.12,1240.12,1239.7,1239.78,513300
VN30,2024-04-26 04:13:00,1239.78,1239.83,1239.52,1239.53,429500
VN30,2024-04-26 04:14:00,1239.71,1239.71,1239.46,1239.56,424100
VN30,2024-04-26 04:15:00,1239.36,1239.61,1239.33,1239.33,2698700
VN30,2024-04-26 04:16:00,1239.25,1239.67,1239.25,1239.64,516100
VN30,2024-04-26 04:17:00,1239.45,1239.53,1239.21,1239.21,2057200
VN30,2024-04-26 04:18:00,1239.13,1239.13,1238.62,1238.73,828000
VN30,2024-04-26 04:19:00,1238.69,1238.95,1238.41,1238.65,503600
VN30,2024-04-26 04:20:00,1238.35,1238.73,1238.33,1238.45,540200
VN30,2024-04-26 04:21:00,1238.63,1238.63,1238.09,1238.09,607800
VN30,2024-04-26 04:22:00,1237.95,1238.42,1237.95,1238.32,330600
VN30,2024-04-26 04:23:00,1238.29,1238.57,1237.86,1238.13,296100
VN30,2024-04-26 04:24:00,1238.17,1238.18,1237.82,1237.9,467900
VN30,2024-04-26 04:25:00,1237.8,1238.07,1237.37,1237.37,777100
VN30,2024-04-26 04:26:00,1237.37,1237.54,1237.02,1237.03,1187700
VN30,2024-04-26 04:27:00,1237.03,1237.03,1236.77,1236.85,698000
VN30,2024-04-26 04:28:00,1237.03,1237.38,1236.77,1237.37,1544800
VN30,2024-04-26 04:29:00,1237.42,1237.47,1236.88,1237.16,419900
VN30,2024-04-26 04:30:00,1237.07,1237.07,1237.07,1237.07,5900
VN30,2024-04-26 06:00:00,1236.63,1236.63,1234.82,1234.91,2083600
VN30,2024-04-26 06:01:00,1234.91,1234.94,1234.26,1234.49,788600
VN30,2024-04-26 06:02:00,1234.67,1235.24,1234.62,1235.03,330600
VN30,2024-04-26 06:03:00,1235.54,1235.68,1234.89,1235.53,479700
VN30,2024-04-26 06:04:00,1235.58,1235.92,1235.43,1235.91,361400
VN30,2024-04-26 06:05:00,1235.98,1236.45,1235.27,1235.78,718400
VN30,2024-04-26 06:06:00,1235.78,1236.29,1235.66,1236.21,582500
VN30,2024-04-26 06:07:00,1236.3,1236.48,1236.2,1236.32,917200
VN30,2024-04-26 06:08:00,1236.36,1236.6,1236.36,1236.46,549600
VN30,2024-04-26 06:09:00,1236.36,1236.72,1235.72,1236.22,551600
VN30,2024-04-26 06:10:00,1236.17,1236.17,1235.76,1235.88,398700
VN30,2024-04-26 06:11:00,1236.08,1236.15,1235.58,1235.85,569500
VN30,2024-04-26 06:12:00,1235.34,1235.74,1235.3,1235.43,638000
VN30,2024-04-26 06:13:00,1235.5,1235.5,1233.48,1233.55,1322200
VN30,2024-04-26 06:14:00,1232.85,1233.79,1232.8,1233.54,1907100
VN30,2024-04-26 06:15:00,1232.96,1233.07,1232.15,1232.81,939200
VN30,2024-04-26 06:16:00,1232.59,1233.5,1232.59,1233.5,575800
VN30,2024-04-26 06:17:00,1233.42,1234.06,1233.26,1233.96,645600
VN30,2024-04-26 06:18:00,1234.21,1234.34,1233.74,1234.34,482500
VN30,2024-04-26 06:19:00,1234.36,1234.46,1233.14,1233.41,734200
VN30,2024-04-26 06:20:00,1233.78,1234.6,1233.78,1234.6,661900
VN30,2024-04-26 06:21:00,1234.4,1234.67,1234.17,1234.58,321500
VN30,2024-04-26 06:22:00,1233.64,1233.64,1232.64,1232.83,779500
VN30,2024-04-26 06:23:00,1233.46,1234.01,1232.34,1234.01,601900
VN30,2024-04-26 06:24:00,1233.93,1234.52,1233.41,1233.57,488700
VN30,2024-04-26 06:25:00,1233.78,1233.8,1233.16,1233.67,544900
VN30,2024-04-26 06:26:00,1233.44,1234.14,1233.08,1234.14,395600
VN30,2024-04-26 06:27:00,1234.14,1234.21,1233.49,1233.56,331400
VN30,2024-04-26 06:28:00,1233.81,1235.07,1233.81,1235.04,828700
VN30,2024-04-26 06:29:00,1234.88,1235.62,1234.88,1235.38,824400
VN30,2024-04-26 06:30:00,1235.47,1237.3,1235.47,1237.24,788200
VN30,2024-04-26 06:31:00,1237.52,1237.52,1236.4,1236.5,585000
VN30,2024-04-26 06:32:00,1236.62,1236.78,1236.25,1236.25,606500
VN30,2024-04-26 06:33:00,1236.34,1236.47,1235.33,1235.95,464000
VN30,2024-04-26 06:34:00,1235.85,1235.85,1233.89,1233.89,780600
VN30,2024-04-26 06:35:00,1233.79,1233.85,1232.16,1232.35,2069300
VN30,2024-04-26 06:36:00,1231.6,1232.04,1231.36,1231.79,2641800
VN30,2024-04-26 06:37:00,1231.77,1232.28,1231.59,1232.28,1035200
VN30,2024-04-26 06:38:00,1232.37,1233.45,1232.25,1233.45,578500
VN30,2024-04-26 06:39:00,1233.41,1234.0,1233.27,1234.0,415100
VN30,2024-04-26 06:40:00,1233.79,1234.11,1233.7,1233.7,257900
VN30,2024-04-26 06:41:00,1233.81,1234.51,1233.81,1234.44,349800
VN30,2024-04-26 06:42:00,1234.65,1235.1,1234.35,1235.1,537900
VN30,2024-04-26 06:43:00,1234.95,1235.03,1234.41,1234.76,234400
VN30,2024-04-26 06:44:00,1234.93,1234.95,1234.5,1234.95,456000
VN30,2024-04-26 06:45:00,1235.03,1235.32,1234.78,1234.95,245600
VN30,2024-04-26 06:46:00,1235.06,1235.06,1234.74,1234.89,1173400
VN30,2024-04-26 06:47:00,1234.99,1235.35,1234.97,1235.1,550900
VN30,2024-04-26 06:48:00,1235.26,1235.26,1233.1,1233.61,500600
VN30,2024-04-26 06:49:00,1232.9,1233.04,1232.09,1232.43,1233300
VN30,2024-04-26 06:50:00,1232.46,1232.82,1232.21,1232.5,671800
VN30,2024-04-26 06:51:00,1232.33,1232.67,1232.22,1232.37,887700
VN30,2024-04-26 06:52:00,1232.49,1233.17,1232.49,1232.72,485200
VN30,2024-04-26 06:53:00,1233.07,1233.48,1232.99,1233.11,401800
VN30,2024-04-26 06:54:00,1232.89,1232.96,1232.26,1232.26,735200
VN30,2024-04-26 06:55:00,1232.12,1232.55,1231.2,1231.2,715100
VN30,2024-04-26 06:56:00,1231.34,1232.88,1231.34,1232.15,2336700
VN30,2024-04-26 06:57:00,1232.6,1233.16,1232.49,1233.03,632500
VN30,2024-04-26 06:58:00,1233.16,1233.49,1232.7,1233.49,453800
VN30,2024-04-26 06:59:00,1233.51,1234.61,1233.51,1234.53,886400
VN30,2024-04-26 07:00:00,1234.64,1235.29,1234.18,1235.0,418000
VN30,2024-04-26 07:01:00,1234.99,1235.39,1233.32,1233.82,519600
VN30,2024-04-26 07:02:00,1232.98,1233.7,1232.98,1233.33,702400
VN30,2024-04-26 07:03:00,1233.65,1234.1,1233.65,1234.02,561500
VN30,2024-04-26 07:04:00,1234.33,1234.56,1233.93,1234.56,600100
VN30,2024-04-26 07:05:00,1234.42,1234.67,1234.42,1234.51,517400
VN30,2024-04-26 07:06:00,1234.51,1234.51,1233.09,1233.63,610200
VN30,2024-04-26 07:07:00,1233.79,1233.8,1232.76,1232.92,1685000
VN30,2024-04-26 07:08:00,1232.54,1233.33,1232.16,1233.23,916600
VN30,2024-04-26 07:09:00,1233.37,1233.55,1233.13,1233.15,621100
VN30,2024-04-26 07:10:00,1232.36,1232.36,1231.59,1232.15,1018900
VN30,2024-04-26 07:11:00,1232.32,1233.16,1232.18,1233.16,1774400
VN30,2024-04-26 07:12:00,1233.1,1233.78,1233.04,1233.61,1056600
VN30,2024-04-26 07:13:00,1233.87,1234.01,1233.68,1233.84,923200
VN30,2024-04-26 07:14:00,1233.77,1234.46,1233.6,1234.46,678000
VN30,2024-04-26 07:15:00,1234.4,1234.79,1232.94,1233.37,1028900
VN30,2024-04-26 07:16:00,1233.57,1233.93,1232.89,1233.93,806800
VN30,2024-04-26 07:17:00,1234.07,1234.22,1233.79,1233.96,906000
VN30,2024-04-26 07:18:00,1233.81,1234.56,1233.81,1234.42,1025100
VN30,2024-04-26 07:19:00,1234.82,1234.9,1234.49,1234.86,570600
VN30,2024-04-26 07:20:00,1234.81,1235.79,1234.61,1235.73,1392400
VN30,2024-04-26 07:21:00,1235.84,1236.98,1235.84,1236.94,968400
VN30,2024-04-26 07:22:00,1236.96,1237.82,1236.35,1237.82,1602600
VN30,2024-04-26 07:23:00,1238.03,1239.27,1237.99,1238.93,1476500
VN30,2024-04-26 07:24:00,1238.89,1240.0,1238.74,1238.74,1533300
VN30,2024-04-26 07:25:00,1238.95,1241.19,1238.81,1241.19,2316300
VN30,2024-04-26 07:26:00,1241.04,1241.4,1240.63,1241.04,1929100
VN30,2024-04-26 07:27:00,1241.67,1241.74,1240.64,1240.71,2326000
VN30,2024-04-26 07:28:00,1240.3,1241.43,1240.3,1240.49,1511800
VN30,2024-04-26 07:29:00,1240.63,1240.63,1239.27,1239.6,2811700
VN30,2024-04-26 07:30:00,1239.64,1239.64,1239.64,1239.64,75500
VN30,2024-04-26 07:45:00,1240.5,1240.5,1240.5,1240.5,18499585
