ticker,time,open,high,low,close,volume
VN30,2025-04-01 02:15:00,1369.18,1370.23,1369.09,1370.23,2646200
VN30,2025-04-01 02:16:00,1370.15,1370.21,1369.83,1369.97,349908
VN30,2025-04-01 02:17:00,1370.06,1370.06,1369.17,1369.17,665700
VN30,2025-04-01 02:18:00,1369.0,1369.0,1368.55,1368.57,2292700
VN30,2025-04-01 02:19:00,1368.63,1368.95,1368.16,1368.66,796300
VN30,2025-04-01 02:20:00,1368.36,1368.46,1368.07,1368.32,478200
VN30,2025-04-01 02:21:00,1368.59,1369.16,1368.59,1369.02,865001
VN30,2025-04-01 02:22:00,1369.12,1369.95,1369.12,1369.29,820300
VN30,2025-04-01 02:23:00,1369.45,1370.25,1369.45,1369.8,1208500
VN30,2025-04-01 02:24:00,1369.7,1369.82,1369.25,1369.81,625401
VN30,2025-04-01 02:25:00,1369.6,1370.12,1369.59,1369.7,599700
VN30,2025-04-01 02:26:00,1369.47,1369.6,1369.09,1369.3,446200
VN30,2025-04-01 02:27:00,1369.44,1369.93,1369.33,1369.39,435102
VN30,2025-04-01 02:28:00,1369.45,1369.62,1369.29,1369.56,748100
VN30,2025-04-01 02:29:00,1369.23,1369.7,1369.0,1369.0,692901
VN30,2025-04-01 02:30:00,1368.66,1369.2,1368.56,1368.62,365300
VN30,2025-04-01 02:31:00,1368.48,1368.72,1368.04,1368.04,742300
VN30,2025-04-01 02:32:00,1368.25,1368.64,1368.03,1368.03,515400
VN30,2025-04-01 02:33:00,1367.73,1368.29,1367.59,1367.94,645700
VN30,2025-04-01 02:34:00,1367.82,1368.33,1367.4,1367.86,768300
VN30,2025-04-01 02:35:00,1367.36,1367.48,1367.0,1367.14,725200
VN30,2025-04-01 02:36:00,1366.93,1367.15,1366.41,1366.41,429800
VN30,2025-04-01 02:37:00,1366.68,1367.65,1366.66,1367.65,309502
VN30,2025-04-01 02:38:00,1367.44,1367.44,1367.03,1367.07,647400
VN30,2025-04-01 02:39:00,1367.03,1367.43,1367.03,1367.32,305000
VN30,2025-04-01 02:40:00,1366.93,1367.57,1366.84,1367.21,272900
VN30,2025-04-01 02:41:00,1367.28,1367.5,1366.92,1367.1,335500
VN30,2025-04-01 02:42:00,1367.15,1367.44,1366.96,1367.11,362201
VN30,2025-04-01 02:43:00,1367.0,1367.37,1366.75,1367.0,619500
VN30,2025-04-01 02:44:00,1367.08,1367.19,1366.78,1367.1,180200
VN30,2025-04-01 02:45:00,1367.09,1367.12,1366.6,1366.97,295100
VN30,2025-04-01 02:46:00,1366.9,1367.15,1366.61,1366.61,773100
VN30,2025-04-01 02:47:00,1366.68,1367.26,1366.68,1367.07,1510100
VN30,2025-04-01 02:48:00,1367.1,1367.1,1366.56,1366.87,841600
VN30,2025-04-01 02:49:00,1366.98,1367.33,1366.93,1367.17,1297900
VN30,2025-04-01 02:50:00,1367.15,1367.15,1366.65,1366.83,342300
VN30,2025-04-01 02:51:00,1367.26,1367.35,1366.79,1367.04,1873300
VN30,2025-04-01 02:52:00,1367.01,1367.49,1366.62,1367.21,460200
VN30,2025-04-01 02:53:00,1367.25,1367.25,1366.53,1367.08,348900
VN30,2025-04-01 02:54:00,1367.08,1367.24,1366.67,1366.7,130801
VN30,2025-04-01 02:55:00,1366.8,1366.94,1366.14,1366.75,1386500
VN30,2025-04-01 02:56:00,1366.75,1367.24,1366.4,1366.96,856100
VN30,2025-04-01 02:57:00,1367.1,1367.1,1366.52,1366.77,527101
VN30,2025-04-01 02:58:00,1366.89,1367.15,1366.53,1367.05,1006600
VN30,2025-04-01 02:59:00,1366.93,1366.98,1366.45,1366.86,403400
VN30,2025-04-01 03:00:00,1367.14,1367.31,1366.94,1367.21,458300
VN30,2025-04-01 03:01:00,1366.94,1367.59,1366.45,1367.04,286001
VN30,2025-04-01 03:02:00,1366.74,1366.95,1366.5,1366.52,710901
VN30,2025-04-01 03:03:00,1366.55,1367.0,1366.02,1366.98,244200
VN30,2025-04-01 03:04:00,1367.06,1367.22,1366.7,1367.22,1294600
VN30,2025-04-01 03:05:00,1367.48,1367.48,1366.76,1367.3,205600
VN30,2025-04-01 03:06:00,1367.3,1367.3,1366.57,1367.08,509500
VN30,2025-04-01 03:07:00,1367.16,1367.62,1367.06,1367.12,791900
VN30,2025-04-01 03:08:00,1367.22,1367.46,1366.64,1367.26,759800
VN30,2025-04-01 03:09:00,1367.32,1367.47,1366.7,1366.85,583900
VN30,2025-04-01 03:10:00,1367.13,1367.34,1366.88,1366.93,215400
VN30,2025-04-01 03:11:00,1366.94,1367.39,1366.71,1366.77,760200
VN30,2025-04-01 03:12:00,1366.76,1367.2,1366.4,1366.5,847600
VN30,2025-04-01 03:13:00,1366.68,1367.2,1366.68,1367.2,683000
VN30,2025-04-01 03:14:00,1367.43,1367.66,1367.03,1367.66,669200
VN30,2025-04-01 03:15:00,1367.5,1367.5,1366.94,1367.02,647100
VN30,2025-04-01 03:16:00,1367.18,1367.4,1366.85,1367.19,541000
VN30,2025-04-01 03:17:00,1367.41,1367.43,1366.82,1366.97,213500
VN30,2025-04-01 03:18:00,1367.55,1367.55,1366.76,1367.25,277200
VN30,2025-04-01 03:19:00,1367.32,1367.79,1367.32,1367.64,402100
VN30,2025-04-01 03:20:00,1367.49,1368.02,1367.29,1368.02,413100
VN30,2025-04-01 03:21:00,1367.8,1367.8,1367.06,1367.33,468900
VN30,2025-04-01 03:22:00,1367.52,1367.97,1367.39,1367.82,481200
VN30,2025-04-01 03:23:00,1368.08,1368.56,1367.73,1368.06,1905000
VN30,2025-04-01 03:24:00,1368.6,1368.9,1368.45,1368.56,291200
VN30,2025-04-01 03:25:00,1368.56,1368.82,1368.21,1368.32,434400
VN30,2025-04-01 03:26:00,1368.28,1368.34,1367.71,1367.87,385800
VN30,2025-04-01 03:27:00,1367.92,1368.04,1367.45,1367.92,245100
VN30,2025-04-01 03:28:00,1368.14,1368.26,1367.3,1367.36,605600
VN30,2025-04-01 03:29:00,1367.33,1367.83,1367.17,1367.46,268500
VN30,2025-04-01 03:30:00,1367.28,1367.98,1367.28,1367.8,601300
VN30,2025-04-01 03:31:00,1367.8,1368.15,1367.65,1368.02,211700
VN30,2025-04-01 03:32:00,1368.23,1368.23,1367.38,1367.38,397100
VN30,2025-04-01 03:33:00,1367.53,1367.9,1367.39,1367.9,198100
VN30,2025-04-01 03:34:00,1367.84,1368.13,1367.69,1368.04,383200
VN30,2025-04-01 03:35:00,1368.24,1368.24,1367.75,1368.21,496800
VN30,2025-04-01 03:36:00,1368.45,1368.45,1367.96,1368.37,614500
VN30,2025-04-01 03:37:00,1368.21,1368.28,1367.56,1367.93,409800
VN30,2025-04-01 03:38:00,1368.0,1368.2,1367.75,1367.83,1440000
VN30,2025-04-01 03:39:00,1368.08,1368.2,1367.84,1367.92,574800
VN30,2025-04-01 03:40:00,1367.92,1368.4,1367.65,1368.31,659800
VN30,2025-04-01 03:41:00,1367.85,1368.36,1367.64,1368.25,209700
VN30,2025-04-01 03:42:00,1368.25,1368.42,1367.83,1367.88,220100
VN30,2025-04-01 03:43:00,1368.06,1368.52,1367.65,1367.96,161800
VN30,2025-04-01 03:44:00,1368.28,1368.61,1368.13,1368.38,281001
VN30,2025-04-01 03:45:00,1368.38,1368.5,1368.02,1368.13,387100
VN30,2025-04-01 03:46:00,1368.09,1368.56,1368.06,1368.45,228100
VN30,2025-04-01 03:47:00,1368.45,1368.54,1368.18,1368.4,410000
VN30,2025-04-01 03:48:00,1368.42,1368.42,1367.95,1367.95,153700
VN30,2025-04-01 03:49:00,1368.0,1368.86,1368.0,1368.67,315000
VN30,2025-04-01 03:50:00,1368.61,1368.96,1368.28,1368.64,423200
VN30,2025-04-01 03:51:00,1368.53,1368.79,1368.53,1368.67,1890200
VN30,2025-04-01 03:52:00,1368.68,1369.33,1368.68,1368.77,419700
VN30,2025-04-01 03:53:00,1368.53,1368.85,1368.51,1368.65,562200
VN30,2025-04-01 03:54:00,1368.56,1369.12,1368.56,1369.12,901000
VN30,2025-04-01 03:55:00,1369.12,1369.18,1368.51,1369.18,709000
VN30,2025-04-01 03:56:00,1369.35,1369.35,1368.21,1368.74,342300
VN30,2025-04-01 03:57:00,1368.75,1369.01,1368.25,1369.01,942800
VN30,2025-04-01 03:58:00,1369.06,1369.06,1368.65,1368.69,838000
VN30,2025-04-01 03:59:00,1368.8,1369.96,1368.69,1369.87,1383900
VN30,2025-04-01 04:00:00,1369.68,1370.34,1369.68,1370.34,1247600
VN30,2025-04-01 04:01:00,1370.43,1371.74,1370.31,1371.46,1342601
VN30,2025-04-01 04:02:00,1371.78,1372.38,1371.64,1372.21,659600
VN30,2025-04-01 04:03:00,1371.86,1372.77,1371.79,1372.57,1111100
VN30,2025-04-01 04:04:00,1372.32,1372.32,1370.97,1371.03,845400
VN30,2025-04-01 04:05:00,1370.72,1370.97,1370.36,1370.74,4066400
VN30,2025-04-01 04:06:00,1370.58,1371.28,1370.58,1371.07,395900
VN30,2025-04-01 04:07:00,1371.28,1371.28,1370.06,1370.06,613200
VN30,2025-04-01 04:08:00,1370.24,1370.88,1370.24,1370.88,5860100
VN30,2025-04-01 04:09:00,1370.44,1371.09,1370.44,1370.97,2218100
VN30,2025-04-01 04:10:00,1371.04,1371.13,1370.8,1370.91,972100
VN30,2025-04-01 04:11:00,1370.99,1371.06,1370.55,1370.55,495300
VN30,2025-04-01 04:12:00,1370.95,1370.95,1370.39,1370.77,722400
VN30,2025-04-01 04:13:00,1370.66,1371.19,1370.47,1371.1,521900
VN30,2025-04-01 04:14:00,1370.9,1371.06,1370.59,1371.06,549200
VN30,2025-04-01 04:15:00,1371.01,1371.37,1370.84,1371.37,619800
VN30,2025-04-01 04:16:00,1371.31,1371.49,1370.9,1371.2,2131300
VN30,2025-04-01 04:17:00,1371.33,1371.54,1370.88,1371.07,1031700
VN30,2025-04-01 04:18:00,1371.28,1371.54,1371.28,1371.34,823000
VN30,2025-04-01 04:19:00,1371.34,1371.34,1371.03,1371.34,710900
VN30,2025-04-01 04:20:00,1371.56,1371.56,1370.9,1371.45,392300
VN30,2025-04-01 04:21:00,1371.19,1371.73,1371.04,1371.04,509800
VN30,2025-04-01 04:22:00,1370.82,1371.2,1370.77,1370.86,269500
VN30,2025-04-01 04:23:00,1370.89,1371.24,1370.59,1370.59,732200
VN30,2025-04-01 04:24:00,1370.95,1370.95,1370.27,1370.6,362700
VN30,2025-04-01 04:25:00,1370.62,1370.66,1369.91,1369.91,292000
VN30,2025-04-01 04:26:00,1370.06,1370.59,1369.96,1370.41,787500
VN30,2025-04-01 04:27:00,1370.34,1370.53,1369.75,1369.85,494600
VN30,2025-04-01 04:28:00,1370.04,1370.31,1369.99,1370.0,437900
VN30,2025-04-01 04:29:00,1369.95,1370.51,1369.81,1370.41,341400
VN30,2025-04-01 04:30:00,1370.19,1370.19,1370.06,1370.06,221600
VN30,2025-04-01 06:00:00,1370.04,1370.67,1370.04,1370.16,1709000
VN30,2025-04-01 06:01:00,1370.3,1370.3,1369.68,1369.76,448300
VN30,2025-04-01 06:02:00,1369.55,1369.7,1369.26,1369.29,891500
VN30,2025-04-01 06:03:00,1368.88,1369.51,1368.88,1369.23,755406
VN30,2025-04-01 06:04:00,1369.29,1370.14,1369.29,1370.14,1181900
VN30,2025-04-01 06:05:00,1370.3,1370.67,1370.3,1370.35,481300
VN30,2025-04-01 06:06:00,1370.11,1370.54,1370.01,1370.34,380700
VN30,2025-04-01 06:07:00,1370.16,1370.21,1369.43,1369.43,351100
VN30,2025-04-01 06:08:00,1369.47,1369.98,1369.47,1369.6,1077900
VN30,2025-04-01 06:09:00,1369.6,1369.95,1369.56,1369.95,630700
VN30,2025-04-01 06:10:00,1369.73,1369.73,1368.66,1369.33,878300
VN30,2025-04-01 06:11:00,1369.24,1369.26,1368.81,1369.18,1243200
VN30,2025-04-01 06:12:00,1369.18,1369.38,1368.83,1369.38,855900
VN30,2025-04-01 06:13:00,1369.36,1369.36,1368.53,1368.66,730900
VN30,2025-04-01 06:14:00,1368.87,1369.35,1368.72,1369.35,757728
VN30,2025-04-01 06:15:00,1368.74,1369.22,1368.63,1369.12,1934700
VN30,2025-04-01 06:16:00,1368.98,1369.35,1368.79,1369.21,1152900
VN30,2025-04-01 06:17:00,1369.39,1369.62,1369.05,1369.61,1013046
VN30,2025-04-01 06:18:00,1369.52,1369.67,1368.92,1368.92,809000
VN30,2025-04-01 06:19:00,1369.0,1369.2,1368.88,1368.92,965700
VN30,2025-04-01 06:20:00,1369.0,1369.18,1368.54,1369.01,492500
VN30,2025-04-01 06:21:00,1369.0,1369.39,1368.95,1369.08,1051300
VN30,2025-04-01 06:22:00,1369.24,1369.29,1368.79,1368.91,1118500
VN30,2025-04-01 06:23:00,1369.2,1369.36,1368.72,1369.02,722100
VN30,2025-04-01 06:24:00,1369.21,1369.28,1368.9,1369.28,798200
VN30,2025-04-01 06:25:00,1369.46,1369.46,1368.6,1369.08,1085100
VN30,2025-04-01 06:26:00,1369.06,1369.36,1368.64,1368.64,562301
VN30,2025-04-01 06:27:00,1368.8,1368.83,1368.38,1368.76,834200
VN30,2025-04-01 06:28:00,1368.72,1368.72,1367.73,1367.89,995400
VN30,2025-04-01 06:29:00,1367.42,1367.75,1367.35,1367.52,1715600
VN30,2025-04-01 06:30:00,1367.53,1367.53,1366.61,1366.61,3341500
VN30,2025-04-01 06:31:00,1367.08,1367.17,1366.21,1366.57,1120600
VN30,2025-04-01 06:32:00,1366.66,1366.66,1365.76,1366.14,985300
VN30,2025-04-01 06:33:00,1366.48,1366.48,1365.23,1365.23,1499300
VN30,2025-04-01 06:34:00,1365.35,1365.55,1364.92,1365.55,1591900
VN30,2025-04-01 06:35:00,1365.22,1365.42,1364.68,1364.81,918000
VN30,2025-04-01 06:36:00,1364.99,1365.91,1364.99,1365.51,982900
VN30,2025-04-01 06:37:00,1365.61,1365.65,1365.14,1365.38,1143801
VN30,2025-04-01 06:38:00,1365.82,1365.91,1365.49,1365.76,761800
VN30,2025-04-01 06:39:00,1365.42,1365.86,1365.25,1365.72,759800
VN30,2025-04-01 06:40:00,1365.61,1365.61,1364.77,1364.78,788100
VN30,2025-04-01 06:41:00,1364.71,1365.18,1364.61,1364.7,655400
VN30,2025-04-01 06:42:00,1364.81,1365.43,1364.61,1364.76,1057400
VN30,2025-04-01 06:43:00,1364.58,1364.94,1364.36,1364.64,1420400
VN30,2025-04-01 06:44:00,1364.61,1365.28,1364.61,1365.28,762100
VN30,2025-04-01 06:45:00,1365.49,1365.71,1365.05,1365.05,718201
VN30,2025-04-01 06:46:00,1364.96,1365.64,1364.79,1365.32,833600
VN30,2025-04-01 06:47:00,1365.45,1366.04,1365.23,1365.83,2016000
VN30,2025-04-01 06:48:00,1365.92,1365.92,1365.48,1365.58,1188500
VN30,2025-04-01 06:49:00,1365.77,1365.86,1365.38,1365.51,1146200
VN30,2025-04-01 06:50:00,1365.37,1365.88,1365.37,1365.49,827700
VN30,2025-04-01 06:51:00,1365.4,1365.84,1365.4,1365.43,631600
VN30,2025-04-01 06:52:00,1365.42,1365.79,1365.09,1365.78,1056600
VN30,2025-04-01 06:53:00,1365.96,1366.18,1365.3,1365.48,1380900
VN30,2025-04-01 06:54:00,1365.52,1365.64,1364.89,1365.6,1130600
VN30,2025-04-01 06:55:00,1365.85,1365.85,1365.47,1365.53,1453700
VN30,2025-04-01 06:56:00,1365.55,1365.67,1365.05,1365.19,1000900
VN30,2025-04-01 06:57:00,1365.69,1365.69,1364.79,1365.0,674100
VN30,2025-04-01 06:58:00,1365.13,1365.36,1364.59,1364.59,822000
VN30,2025-04-01 06:59:00,1364.71,1365.49,1364.62,1365.44,893800
VN30,2025-04-01 07:00:00,1365.52,1365.8,1365.15,1365.15,893500
VN30,2025-04-01 07:01:00,1364.82,1365.59,1364.82,1365.58,2397700
VN30,2025-04-01 07:02:00,1365.5,1365.56,1364.91,1365.02,2234000
VN30,2025-04-01 07:03:00,1365.36,1365.36,1364.73,1365.14,2160400
VN30,2025-04-01 07:04:00,1364.64,1364.96,1364.31,1364.84,1863200
VN30,2025-04-01 07:05:00,1364.67,1364.93,1364.44,1364.62,1172200
VN30,2025-04-01 07:06:00,1364.5,1364.72,1363.97,1364.11,1028200
VN30,2025-04-01 07:07:00,1364.33,1364.41,1363.6,1363.85,1810901
VN30,2025-04-01 07:08:00,1363.86,1364.01,1363.63,1363.63,1248600
VN30,2025-04-01 07:09:00,1363.86,1364.38,1363.85,1364.09,1914800
VN30,2025-04-01 07:10:00,1363.9,1364.72,1363.9,1364.62,1177500
VN30,2025-04-01 07:11:00,1364.66,1365.75,1364.53,1365.75,1375100
VN30,2025-04-01 07:12:00,1365.06,1365.76,1364.69,1365.61,1283200
VN30,2025-04-01 07:13:00,1365.61,1366.26,1365.42,1366.26,1272200
VN30,2025-04-01 07:14:00,1366.19,1366.91,1366.06,1366.85,1568300
VN30,2025-04-01 07:15:00,1366.75,1367.25,1366.75,1367.18,2194300
VN30,2025-04-01 07:16:00,1367.02,1367.8,1366.93,1367.68,1585900
VN30,2025-04-01 07:17:00,1367.67,1367.74,1366.91,1367.3,1261500
VN30,2025-04-01 07:18:00,1366.87,1367.27,1366.69,1366.83,949900
VN30,2025-04-01 07:19:00,1366.77,1367.52,1366.57,1366.94,728100
VN30,2025-04-01 07:20:00,1367.15,1367.15,1366.45,1367.11,1080600
VN30,2025-04-01 07:21:00,1367.18,1367.46,1366.85,1367.03,1313800
VN30,2025-04-01 07:22:00,1366.64,1367.51,1366.64,1367.51,1443300
VN30,2025-04-01 07:23:00,1367.43,1368.46,1366.95,1368.46,1571900
VN30,2025-04-01 07:24:00,1368.51,1369.62,1368.37,1368.9,2555500
VN30,2025-04-01 07:25:00,1368.89,1371.07,1368.89,1370.98,2528100
VN30,2025-04-01 07:26:00,1371.38,1372.57,1371.38,1372.5,3355200
VN30,2025-04-01 07:27:00,1372.62,1373.0,1372.52,1372.75,3223900
VN30,2025-04-01 07:28:00,1372.99,1374.47,1372.98,1374.36,3087800
VN30,2025-04-01 07:29:00,1374.11,1374.66,1374.11,1374.35,4449700
VN30,2025-04-01 07:30:00,1374.81,1374.81,1374.81,1374.81,430400
VN30,2025-04-01 07:45:00,1374.81,1376.91,1374.81,1376.91,21980000
VN30,2025-04-02 02:15:00,1381.03,1382.04,1380.27,1380.84,3961900
VN30,2025-04-02 02:16:00,1380.22,1380.96,1379.86,1380.96,1136304
VN30,2025-04-02 02:17:00,1381.17,1381.3,1380.65,1380.65,826200
VN30,2025-04-02 02:18:00,1380.73,1381.38,1380.62,1380.62,1647700
VN30,2025-04-02 02:19:00,1380.09,1380.24,1377.39,1377.77,1682000
VN30,2025-04-02 02:20:00,1378.04,1378.2,1377.04,1377.57,1510800
VN30,2025-04-02 02:21:00,1377.8,1378.24,1377.47,1378.14,834600
VN30,2025-04-02 02:22:00,1377.71,1378.38,1377.71,1378.23,623700
VN30,2025-04-02 02:23:00,1378.32,1378.69,1377.39,1377.39,855000
VN30,2025-04-02 02:24:00,1377.08,1378.01,1377.08,1377.91,644700
VN30,2025-04-02 02:25:00,1377.81,1378.3,1377.6,1377.6,739600
VN30,2025-04-02 02:26:00,1378.05,1378.47,1377.76,1378.04,700000
VN30,2025-04-02 02:27:00,1378.23,1379.16,1378.03,1378.56,13187900
VN30,2025-04-02 02:28:00,1378.67,1379.02,1377.17,1378.0,575600
VN30,2025-04-02 02:29:00,1378.53,1378.54,1377.06,1377.26,997400
VN30,2025-04-02 02:30:00,1377.61,1378.82,1377.61,1378.58,592601
VN30,2025-04-02 02:31:00,1377.57,1378.75,1377.56,1378.23,748600
VN30,2025-04-02 02:32:00,1377.97,1378.5,1377.3,1377.77,1177400
VN30,2025-04-02 02:33:00,1377.62,1378.45,1377.62,1378.14,580500
VN30,2025-04-02 02:34:00,1378.36,1378.53,1378.06,1378.51,1113800
VN30,2025-04-02 02:35:00,1378.1,1378.41,1377.91,1378.31,1655400
VN30,2025-04-02 02:36:00,1378.44,1378.63,1377.77,1378.07,1963100
VN30,2025-04-02 02:37:00,1378.34,1378.96,1378.34,1378.5,444500
VN30,2025-04-02 02:38:00,1378.51,1378.67,1378.15,1378.51,2733900
VN30,2025-04-02 02:39:00,1378.3,1378.68,1378.21,1378.68,557900
VN30,2025-04-02 02:40:00,1378.8,1378.95,1378.47,1378.95,583200
VN30,2025-04-02 02:41:00,1378.67,1379.88,1378.67,1379.7,1342300
VN30,2025-04-02 02:42:00,1380.05,1380.05,1379.38,1379.38,550800
VN30,2025-04-02 02:43:00,1379.3,1379.83,1379.18,1379.55,720500
VN30,2025-04-02 02:44:00,1379.4,1380.29,1379.4,1380.19,773800
VN30,2025-04-02 02:45:00,1380.01,1380.77,1380.01,1380.48,715401
VN30,2025-04-02 02:46:00,1380.58,1381.14,1380.58,1381.14,1402300
VN30,2025-04-02 02:47:00,1381.0,1381.91,1380.24,1381.91,1420400
VN30,2025-04-02 02:48:00,1381.65,1382.31,1381.65,1381.98,1199600
VN30,2025-04-02 02:49:00,1382.11,1382.9,1381.96,1382.43,1324000
VN30,2025-04-02 02:50:00,1382.51,1383.01,1382.35,1383.01,1291700
VN30,2025-04-02 02:51:00,1382.88,1382.96,1382.09,1382.25,1111600
VN30,2025-04-02 02:52:00,1382.46,1382.46,1382.02,1382.16,1117400
VN30,2025-04-02 02:53:00,1382.27,1382.43,1381.84,1381.84,436800
VN30,2025-04-02 02:54:00,1382.06,1382.06,1381.09,1381.73,1028700
VN30,2025-04-02 02:55:00,1381.33,1381.94,1381.26,1381.26,662900
VN30,2025-04-02 02:56:00,1381.34,1381.83,1380.85,1381.83,564100
VN30,2025-04-02 02:57:00,1381.56,1381.97,1381.34,1381.7,756700
VN30,2025-04-02 02:58:00,1381.58,1382.08,1381.53,1382.01,1334300
VN30,2025-04-02 02:59:00,1382.02,1382.35,1381.46,1382.08,383400
VN30,2025-04-02 03:00:00,1382.45,1382.47,1382.01,1382.47,813300
VN30,2025-04-02 03:01:00,1382.52,1383.52,1382.52,1383.52,922400
VN30,2025-04-02 03:02:00,1383.5,1383.93,1383.14,1383.48,557300
VN30,2025-04-02 03:03:00,1383.56,1384.34,1383.56,1383.94,1243900
VN30,2025-04-02 03:04:00,1383.93,1384.33,1383.54,1384.33,718700
VN30,2025-04-02 03:05:00,1384.36,1384.38,1383.73,1383.73,1203300
VN30,2025-04-02 03:06:00,1383.78,1384.37,1383.07,1383.18,648600
VN30,2025-04-02 03:07:00,1383.9,1384.07,1383.24,1383.54,792500
VN30,2025-04-02 03:08:00,1383.71,1384.03,1383.28,1383.53,556800
VN30,2025-04-02 03:09:00,1383.36,1383.67,1382.75,1383.15,267600
VN30,2025-04-02 03:10:00,1383.25,1383.79,1382.79,1383.71,749700
VN30,2025-04-02 03:11:00,1383.59,1383.96,1383.48,1383.86,656400
VN30,2025-04-02 03:12:00,1383.88,1383.88,1382.8,1383.44,364400
VN30,2025-04-02 03:13:00,1383.27,1383.55,1382.83,1383.09,315100
VN30,2025-04-02 03:14:00,1383.38,1383.38,1382.77,1382.85,407400
VN30,2025-04-02 03:15:00,1383.23,1383.51,1382.56,1382.95,851300
VN30,2025-04-02 03:16:00,1383.05,1383.17,1382.77,1383.01,927900
VN30,2025-04-02 03:17:00,1383.36,1383.53,1382.53,1382.53,1374200
VN30,2025-04-02 03:18:00,1382.41,1382.88,1382.25,1382.35,879500
VN30,2025-04-02 03:19:00,1382.27,1382.83,1382.27,1382.67,896000
VN30,2025-04-02 03:20:00,1382.62,1382.9,1382.38,1382.38,1091600
VN30,2025-04-02 03:21:00,1382.62,1382.92,1382.26,1382.41,634300
VN30,2025-04-02 03:22:00,1382.27,1382.89,1382.22,1382.22,541700
VN30,2025-04-02 03:23:00,1382.22,1382.44,1381.92,1382.02,676600
VN30,2025-04-02 03:24:00,1381.85,1382.34,1381.62,1382.28,848700
VN30,2025-04-02 03:25:00,1382.38,1382.75,1381.58,1382.75,649800
VN30,2025-04-02 03:26:00,1382.34,1382.34,1381.34,1381.89,937100
VN30,2025-04-02 03:27:00,1382.13,1382.13,1380.9,1381.11,883500
VN30,2025-04-02 03:28:00,1380.87,1381.86,1380.63,1381.16,1179800
VN30,2025-04-02 03:29:00,1381.1,1382.14,1380.88,1381.1,2019700
VN30,2025-04-02 03:30:00,1381.4,1382.33,1380.46,1381.35,1946900
VN30,2025-04-02 03:31:00,1381.29,1381.62,1381.08,1381.08,2369000
VN30,2025-04-02 03:32:00,1381.1,1382.25,1380.82,1381.26,1586600
VN30,2025-04-02 03:33:00,1381.04,1381.48,1380.8,1380.8,939900
VN30,2025-04-02 03:34:00,1381.04,1381.82,1381.04,1381.82,1522400
VN30,2025-04-02 03:35:00,1381.31,1382.05,1380.94,1381.05,947200
VN30,2025-04-02 03:36:00,1381.26,1381.98,1381.26,1381.34,1404402
VN30,2025-04-02 03:37:00,1380.78,1382.33,1380.45,1380.93,747400
VN30,2025-04-02 03:38:00,1381.13,1381.51,1381.05,1381.16,1178700
VN30,2025-04-02 03:39:00,1381.13,1381.13,1380.69,1380.91,821000
VN30,2025-04-02 03:40:00,1381.29,1381.42,1380.98,1381.26,860400
VN30,2025-04-02 03:41:00,1381.03,1381.69,1380.85,1381.69,2889800
VN30,2025-04-02 03:42:00,1381.49,1381.64,1380.99,1381.01,1099400
VN30,2025-04-02 03:43:00,1381.47,1382.11,1380.74,1380.97,2378700
VN30,2025-04-02 03:44:00,1381.36,1381.99,1380.75,1381.49,1171700
VN30,2025-04-02 03:45:00,1381.58,1381.86,1381.05,1381.86,715900
VN30,2025-04-02 03:46:00,1381.11,1381.92,1381.11,1381.44,803800
VN30,2025-04-02 03:47:00,1381.53,1381.89,1380.98,1381.33,871500
VN30,2025-04-02 03:48:00,1381.44,1381.93,1381.26,1381.83,1264301
VN30,2025-04-02 03:49:00,1381.83,1382.48,1381.04,1381.44,1013200
VN30,2025-04-02 03:50:00,1381.85,1382.02,1381.71,1381.71,671300
VN30,2025-04-02 03:51:00,1381.47,1382.11,1381.47,1381.91,460400
VN30,2025-04-02 03:52:00,1381.99,1382.13,1381.56,1381.61,352600
VN30,2025-04-02 03:53:00,1381.95,1382.14,1381.63,1381.83,416800
VN30,2025-04-02 03:54:00,1381.7,1381.8,1381.42,1381.68,499500
VN30,2025-04-02 03:55:00,1381.58,1381.75,1381.16,1381.49,342300
VN30,2025-04-02 03:56:00,1381.41,1381.53,1380.62,1380.62,816200
VN30,2025-04-02 03:57:00,1380.84,1381.78,1380.81,1380.81,369900
VN30,2025-04-02 03:58:00,1380.73,1381.14,1380.38,1381.14,136700
VN30,2025-04-02 03:59:00,1380.85,1381.6,1380.84,1381.36,473100
VN30,2025-04-02 04:00:00,1381.4,1381.77,1381.0,1381.75,574900
VN30,2025-04-02 04:01:00,1381.37,1381.59,1380.9,1381.49,766800
VN30,2025-04-02 04:02:00,1381.53,1381.68,1380.87,1380.87,681500
VN30,2025-04-02 04:03:00,1380.91,1381.56,1380.91,1381.51,403200
VN30,2025-04-02 04:04:00,1381.33,1382.0,1381.05,1382.0,372300
VN30,2025-04-02 04:05:00,1381.55,1381.55,1381.04,1381.34,595800
VN30,2025-04-02 04:06:00,1381.27,1381.66,1380.94,1381.24,403700
VN30,2025-04-02 04:07:00,1381.53,1381.64,1381.15,1381.58,226600
VN30,2025-04-02 04:08:00,1381.72,1381.84,1381.31,1381.45,385400
VN30,2025-04-02 04:09:00,1381.46,1381.46,1380.69,1380.95,1126300
VN30,2025-04-02 04:10:00,1381.26,1381.27,1380.8,1380.8,731000
VN30,2025-04-02 04:11:00,1380.99,1381.14,1380.68,1381.02,363200
VN30,2025-04-02 04:12:00,1381.42,1381.42,1379.94,1379.97,341300
VN30,2025-04-02 04:13:00,1380.32,1381.3,1380.32,1381.3,572200
VN30,2025-04-02 04:14:00,1380.83,1381.47,1380.68,1380.85,659300
VN30,2025-04-02 04:15:00,1380.74,1381.51,1380.6,1380.97,387400
VN30,2025-04-02 04:16:00,1381.03,1381.03,1380.72,1381.02,482200
VN30,2025-04-02 04:17:00,1380.62,1381.18,1380.62,1381.06,597100
VN30,2025-04-02 04:18:00,1380.86,1380.87,1380.31,1380.53,1477500
VN30,2025-04-02 04:19:00,1380.82,1380.98,1380.67,1380.87,400900
VN30,2025-04-02 04:20:00,1380.91,1381.59,1380.55,1381.59,484800
VN30,2025-04-02 04:21:00,1381.42,1381.42,1380.58,1380.58,3040500
VN30,2025-04-02 04:22:00,1380.75,1381.18,1380.75,1381.11,580800
VN30,2025-04-02 04:23:00,1381.08,1381.24,1380.9,1381.24,922900
VN30,2025-04-02 04:24:00,1381.24,1381.31,1380.92,1381.05,518500
VN30,2025-04-02 04:25:00,1381.05,1381.53,1380.81,1380.97,818700
VN30,2025-04-02 04:26:00,1380.97,1380.97,1380.38,1380.63,896600
VN30,2025-04-02 04:27:00,1380.85,1381.19,1380.67,1381.04,355200
VN30,2025-04-02 04:28:00,1381.1,1381.25,1380.75,1381.19,245700
VN30,2025-04-02 04:29:00,1380.9,1381.81,1380.62,1381.75,513200
VN30,2025-04-02 04:30:00,1381.75,1381.75,1381.64,1381.64,4800
VN30,2025-04-02 06:00:00,1381.05,1381.48,1379.96,1379.96,4260900
VN30,2025-04-02 06:01:00,1380.3,1380.48,1380.17,1380.17,5196400
VN30,2025-04-02 06:02:00,1380.09,1380.82,1380.09,1380.76,3356400
VN30,2025-04-02 06:03:00,1380.84,1380.91,1379.93,1379.93,1313002
VN30,2025-04-02 06:04:00,1379.97,1380.94,1379.96,1380.55,3700900
VN30,2025-04-02 06:05:00,1380.45,1380.65,1379.72,1380.2,1372700
VN30,2025-04-02 06:06:00,1380.19,1380.41,1379.81,1380.09,863300
VN30,2025-04-02 06:07:00,1380.34,1380.55,1379.89,1380.09,695200
VN30,2025-04-02 06:08:00,1379.95,1380.15,1379.79,1379.79,1155000
VN30,2025-04-02 06:09:00,1380.09,1380.28,1379.94,1379.98,364300
VN30,2025-04-02 06:10:00,1380.08,1380.44,1379.49,1379.68,815800
VN30,2025-04-02 06:11:00,1379.55,1379.85,1379.44,1379.44,10025100
VN30,2025-04-02 06:12:00,1379.53,1380.04,1378.58,1379.31,11092597
VN30,2025-04-02 06:13:00,1379.68,1379.68,1378.18,1378.18,1021700
VN30,2025-04-02 06:14:00,1378.38,1379.15,1378.19,1379.08,561200
VN30,2025-04-02 06:15:00,1378.85,1379.1,1378.57,1378.59,566600
VN30,2025-04-02 06:16:00,1378.41,1378.96,1378.18,1378.18,953100
VN30,2025-04-02 06:17:00,1377.72,1378.91,1377.72,1378.91,615500
VN30,2025-04-02 06:18:00,1378.53,1379.06,1378.37,1378.95,1588200
VN30,2025-04-02 06:19:00,1378.8,1379.68,1378.8,1379.53,609500
VN30,2025-04-02 06:20:00,1379.37,1379.51,1378.77,1379.07,3795500
VN30,2025-04-02 06:21:00,1379.01,1379.1,1378.48,1378.9,1574900
VN30,2025-04-02 06:22:00,1379.0,1379.17,1378.51,1379.08,3336400
VN30,2025-04-02 06:23:00,1378.72,1379.39,1378.72,1379.37,916600
VN30,2025-04-02 06:24:00,1379.05,1379.38,1378.49,1378.95,691100
VN30,2025-04-02 06:25:00,1378.94,1379.69,1378.94,1379.67,562200
VN30,2025-04-02 06:26:00,1380.08,1380.08,1379.36,1380.07,649600
VN30,2025-04-02 06:27:00,1379.99,1379.99,1379.32,1379.97,803900
VN30,2025-04-02 06:28:00,1379.78,1380.13,1379.22,1379.63,1574500
VN30,2025-04-02 06:29:00,1379.57,1379.92,1379.42,1379.53,562900
VN30,2025-04-02 06:30:00,1379.53,1380.08,1379.36,1379.39,507001
VN30,2025-04-02 06:31:00,1379.76,1379.81,1379.22,1379.66,2464000
VN30,2025-04-02 06:32:00,1379.33,1379.92,1379.28,1379.81,931900
VN30,2025-04-02 06:33:00,1379.67,1379.67,1379.22,1379.41,2944300
VN30,2025-04-02 06:34:00,1379.14,1379.73,1378.94,1379.63,547100
VN30,2025-04-02 06:35:00,1379.51,1379.71,1379.19,1379.44,1008400
VN30,2025-04-02 06:36:00,1379.34,1379.8,1379.08,1379.08,671200
VN30,2025-04-02 06:37:00,1379.08,1379.66,1378.92,1378.92,712000
VN30,2025-04-02 06:38:00,1379.05,1379.28,1378.41,1379.04,1145301
VN30,2025-04-02 06:39:00,1379.33,1379.33,1378.88,1379.12,716700
VN30,2025-04-02 06:40:00,1379.71,1379.95,1379.12,1379.44,1095200
VN30,2025-04-02 06:41:00,1379.6,1379.86,1379.14,1379.41,1084200
VN30,2025-04-02 06:42:00,1379.33,1379.99,1378.65,1379.68,965400
VN30,2025-04-02 06:43:00,1379.74,1380.4,1379.74,1379.86,449401
VN30,2025-04-02 06:44:00,1379.99,1380.44,1379.61,1380.39,561900
VN30,2025-04-02 06:45:00,1379.98,1380.29,1379.51,1380.03,675801
VN30,2025-04-02 06:46:00,1380.2,1380.34,1379.63,1379.63,814400
VN30,2025-04-02 06:47:00,1379.55,1380.4,1379.37,1380.4,1487200
VN30,2025-04-02 06:48:00,1379.69,1379.96,1379.05,1379.05,866900
VN30,2025-04-02 06:49:00,1379.34,1379.49,1378.92,1379.35,1497500
VN30,2025-04-02 06:50:00,1379.51,1380.3,1379.38,1379.82,2351700
VN30,2025-04-02 06:51:00,1379.83,1380.17,1379.49,1379.63,1903100
VN30,2025-04-02 06:52:00,1379.71,1380.02,1379.01,1380.02,13871577
VN30,2025-04-02 06:53:00,1380.03,1380.11,1378.98,1378.98,2842900
VN30,2025-04-02 06:54:00,1379.62,1379.91,1379.1,1379.91,958500
VN30,2025-04-02 06:55:00,1379.76,1379.9,1379.16,1379.61,580301
VN30,2025-04-02 06:56:00,1379.27,1379.53,1378.98,1379.04,463900
VN30,2025-04-02 06:57:00,1379.62,1379.74,1379.08,1379.4,712600
VN30,2025-04-02 06:58:00,1379.48,1379.87,1379.48,1379.74,735000
VN30,2025-04-02 06:59:00,1379.61,1380.69,1379.61,1380.66,1220000
VN30,2025-04-02 07:00:00,1380.28,1380.55,1380.04,1380.55,924200
VN30,2025-04-02 07:01:00,1380.86,1380.9,1380.03,1380.46,667100
VN30,2025-04-02 07:02:00,1380.56,1380.82,1379.77,1380.7,946600
VN30,2025-04-02 07:03:00,1380.64,1380.7,1380.06,1380.28,712900
VN30,2025-04-02 07:04:00,1380.21,1380.93,1379.86,1380.32,915200
VN30,2025-04-02 07:05:00,1380.36,1380.88,1379.98,1380.88,869600
VN30,2025-04-02 07:06:00,1380.95,1381.21,1380.45,1381.12,1068600
VN30,2025-04-02 07:07:00,1381.43,1381.45,1380.72,1381.06,1026300
VN30,2025-04-02 07:08:00,1380.96,1381.49,1380.62,1380.62,6422900
VN30,2025-04-02 07:09:00,1380.75,1381.08,1380.62,1380.84,1110900
VN30,2025-04-02 07:10:00,1380.85,1380.89,1379.99,1380.89,522100
VN30,2025-04-02 07:11:00,1380.91,1381.26,1380.57,1381.26,1189401
VN30,2025-04-02 07:12:00,1381.22,1381.9,1381.0,1381.9,3638950
VN30,2025-04-02 07:13:00,1381.71,1382.34,1381.34,1382.34,3426250
VN30,2025-04-02 07:14:00,1382.41,1382.71,1382.28,1382.54,2528460
VN30,2025-04-02 07:15:00,1382.42,1382.96,1382.02,1382.71,1191700
VN30,2025-04-02 07:16:00,1382.89,1382.89,1381.91,1382.18,1133900
VN30,2025-04-02 07:17:00,1382.16,1382.4,1381.42,1382.13,1179700
VN30,2025-04-02 07:18:00,1382.13,1382.72,1382.01,1382.17,1284900
VN30,2025-04-02 07:19:00,1382.42,1382.42,1381.79,1382.33,1801700
VN30,2025-04-02 07:20:00,1382.08,1382.91,1382.04,1382.67,11632500
VN30,2025-04-02 07:21:00,1382.67,1383.24,1382.11,1382.39,934000
VN30,2025-04-02 07:22:00,1381.81,1382.43,1381.54,1381.79,2767000
VN30,2025-04-02 07:23:00,1381.65,1382.48,1381.41,1382.48,1120100
VN30,2025-04-02 07:24:00,1382.07,1382.07,1380.03,1380.93,4803900
VN30,2025-04-02 07:25:00,1380.44,1380.74,1379.47,1379.47,2750000
VN30,2025-04-02 07:26:00,1379.48,1380.04,1378.96,1379.02,2819800
VN30,2025-04-02 07:27:00,1378.88,1379.02,1377.8,1377.8,3926100
VN30,2025-04-02 07:28:00,1377.82,1377.82,1376.83,1376.83,3800100
VN30,2025-04-02 07:29:00,1376.61,1377.62,1376.54,1377.16,5075800
VN30,2025-04-02 07:30:00,1377.61,1377.61,1377.61,1377.61,136400
VN30,2025-04-02 07:45:00,1377.43,1377.43,1376.94,1376.94,14926800
VN30,2025-04-03 02:15:00,1342.46,1342.46,1333.03,1334.75,44032600
VN30,2025-04-03 02:16:00,1334.48,1335.13,1333.06,1333.56,7286702
VN30,2025-04-03 02:17:00,1332.77,1334.81,1332.69,1333.95,6677500
VN30,2025-04-03 02:18:00,1334.27,1335.71,1334.27,1335.11,6648300
VN30,2025-04-03 02:19:00,1335.36,1336.9,1335.28,1336.9,6290500
VN30,2025-04-03 02:20:00,1336.59,1337.65,1335.97,1336.31,6062900
VN30,2025-04-03 02:21:00,1335.63,1336.51,1335.63,1336.06,7310200
VN30,2025-04-03 02:22:00,1335.81,1336.47,1335.05,1335.16,5848900
VN30,2025-04-03 02:23:00,1335.34,1335.34,1334.43,1334.43,6450700
VN30,2025-04-03 02:24:00,1334.19,1334.74,1333.31,1334.15,6308900
VN30,2025-04-03 02:25:00,1333.54,1333.54,1332.39,1332.39,4316300
VN30,2025-04-03 02:26:00,1331.51,1332.35,1330.86,1331.75,6837500
VN30,2025-04-03 02:27:00,1331.47,1331.47,1329.27,1330.17,6036800
VN30,2025-04-03 02:28:00,1330.78,1330.88,1329.17,1329.17,5381600
VN30,2025-04-03 02:29:00,1329.2,1329.57,1328.54,1328.54,6552800
VN30,2025-04-03 02:30:00,1329.0,1329.02,1327.82,1328.7,6383400
VN30,2025-04-03 02:31:00,1328.76,1329.35,1328.18,1328.5,5712400
VN30,2025-04-03 02:32:00,1328.71,1329.09,1328.12,1328.24,5666300
VN30,2025-04-03 02:33:00,1328.18,1328.75,1327.17,1327.17,9304000
VN30,2025-04-03 02:34:00,1326.9,1327.0,1326.13,1326.67,5056600
VN30,2025-04-03 02:35:00,1327.18,1327.68,1325.9,1325.9,5655800
VN30,2025-04-03 02:36:00,1327.01,1327.49,1325.85,1326.37,5785000
VN30,2025-04-03 02:37:00,1325.81,1326.34,1325.5,1325.5,7576201
VN30,2025-04-03 02:38:00,1324.95,1326.21,1323.85,1324.1,6840300
VN30,2025-04-03 02:39:00,1325.16,1325.16,1322.21,1322.84,4589400
VN30,2025-04-03 02:40:00,1322.66,1322.66,1320.4,1320.4,6716700
VN30,2025-04-03 02:41:00,1319.29,1319.39,1317.0,1317.42,10909200
VN30,2025-04-03 02:42:00,1316.94,1316.94,1313.81,1314.13,11531400
VN30,2025-04-03 02:43:00,1313.46,1313.46,1310.25,1310.47,11131000
VN30,2025-04-03 02:44:00,1310.1,1310.1,1307.16,1309.45,13120300
VN30,2025-04-03 02:45:00,1308.18,1308.31,1305.51,1307.69,9445300
VN30,2025-04-03 02:46:00,1307.68,1307.68,1305.67,1305.81,7244300
VN30,2025-04-03 02:47:00,1305.8,1307.48,1305.25,1305.84,7559000
VN30,2025-04-03 02:48:00,1305.83,1307.61,1305.5,1307.5,5425200
VN30,2025-04-03 02:49:00,1307.66,1309.1,1307.66,1309.1,4491300
VN30,2025-04-03 02:50:00,1308.85,1310.95,1308.85,1310.95,4819800
VN30,2025-04-03 02:51:00,1310.04,1312.32,1310.04,1311.94,3743900
VN30,2025-04-03 02:52:00,1312.39,1313.92,1311.92,1313.92,2616700
VN30,2025-04-03 02:53:00,1313.6,1315.6,1313.6,1314.38,4564300
VN30,2025-04-03 02:54:00,1315.55,1317.32,1315.39,1317.27,4178000
VN30,2025-04-03 02:55:00,1318.42,1319.28,1318.28,1319.15,4337100
VN30,2025-04-03 02:56:00,1320.27,1322.16,1320.27,1322.16,4116400
VN30,2025-04-03 02:57:00,1321.94,1322.35,1321.49,1321.49,2563800
VN30,2025-04-03 02:58:00,1322.05,1323.13,1321.72,1322.08,2839300
VN30,2025-04-03 02:59:00,1321.93,1321.93,1320.64,1321.01,2384400
VN30,2025-04-03 03:00:00,1320.67,1321.11,1320.19,1320.19,2635100
VN30,2025-04-03 03:01:00,1320.25,1320.3,1318.47,1318.47,2644500
VN30,2025-04-03 03:02:00,1318.21,1318.37,1317.42,1318.14,3338600
VN30,2025-04-03 03:03:00,1318.18,1319.04,1317.38,1317.61,4023000
VN30,2025-04-03 03:04:00,1317.83,1319.22,1317.24,1317.88,1787600
VN30,2025-04-03 03:05:00,1318.59,1318.86,1316.82,1316.9,2857700
VN30,2025-04-03 03:06:00,1316.93,1317.24,1316.59,1317.13,2414100
VN30,2025-04-03 03:07:00,1316.94,1317.78,1316.41,1316.41,4879600
VN30,2025-04-03 03:08:00,1316.21,1317.62,1316.21,1317.33,2603500
VN30,2025-04-03 03:09:00,1317.24,1317.4,1316.54,1317.26,1670000
VN30,2025-04-03 03:10:00,1316.94,1317.75,1316.58,1317.29,2751600
VN30,2025-04-03 03:11:00,1316.51,1317.3,1315.92,1316.63,2830700
VN30,2025-04-03 03:12:00,1316.49,1317.32,1316.49,1317.16,1230900
VN30,2025-04-03 03:13:00,1317.34,1317.52,1316.62,1317.3,1967700
VN30,2025-04-03 03:14:00,1317.09,1317.43,1316.51,1316.67,2237600
VN30,2025-04-03 03:15:00,1316.9,1317.79,1316.34,1316.77,2052100
VN30,2025-04-03 03:16:00,1318.09,1318.15,1316.48,1317.59,2812200
VN30,2025-04-03 03:17:00,1317.2,1317.86,1316.43,1316.43,2667300
VN30,2025-04-03 03:18:00,1316.23,1317.36,1316.06,1316.45,3295300
VN30,2025-04-03 03:19:00,1316.94,1317.75,1316.46,1317.75,2838800
VN30,2025-04-03 03:20:00,1317.23,1317.57,1316.0,1316.95,2179700
VN30,2025-04-03 03:21:00,1316.53,1316.96,1315.72,1315.99,2067000
VN30,2025-04-03 03:22:00,1315.99,1316.84,1314.32,1314.32,4224001
VN30,2025-04-03 03:23:00,1315.34,1316.32,1314.41,1314.41,4323000
VN30,2025-04-03 03:24:00,1314.16,1315.39,1313.99,1314.04,2930300
VN30,2025-04-03 03:25:00,1315.39,1315.39,1313.96,1314.6,3241100
VN30,2025-04-03 03:26:00,1314.17,1314.45,1313.31,1313.31,6328100
VN30,2025-04-03 03:27:00,1312.96,1314.49,1312.47,1312.47,5742200
VN30,2025-04-03 03:28:00,1312.54,1313.79,1311.78,1312.31,5674300
VN30,2025-04-03 03:29:00,1312.94,1312.94,1310.87,1311.29,4908100
VN30,2025-04-03 03:30:00,1310.56,1311.71,1310.18,1310.77,3111801
VN30,2025-04-03 03:31:00,1310.99,1311.61,1310.16,1310.16,2330500
VN30,2025-04-03 03:32:00,1309.8,1310.31,1309.5,1309.87,2737000
VN30,2025-04-03 03:33:00,1309.6,1310.0,1309.16,1309.16,2391800
VN30,2025-04-03 03:34:00,1309.37,1309.67,1308.37,1308.37,4702600
VN30,2025-04-03 03:35:00,1308.27,1309.05,1307.99,1307.99,3204900
VN30,2025-04-03 03:36:00,1308.24,1308.41,1307.02,1307.02,3210400
VN30,2025-04-03 03:37:00,1307.92,1307.92,1306.46,1306.87,3715800
VN30,2025-04-03 03:38:00,1306.61,1306.61,1305.26,1305.59,6326200
VN30,2025-04-03 03:39:00,1305.59,1305.59,1304.58,1304.83,3516400
VN30,2025-04-03 03:40:00,1304.96,1305.07,1303.79,1304.01,6822812
VN30,2025-04-03 03:41:00,1303.96,1304.61,1303.25,1303.4,4941224
VN30,2025-04-03 03:42:00,1303.12,1303.12,1301.87,1302.41,7260600
VN30,2025-04-03 03:43:00,1302.52,1302.52,1301.51,1301.83,4940700
VN30,2025-04-03 03:44:00,1302.03,1302.03,1300.82,1301.0,4458200
VN30,2025-04-03 03:45:00,1301.08,1301.22,1299.54,1299.92,7875700
VN30,2025-04-03 03:46:00,1299.66,1300.09,1298.13,1300.09,7240200
VN30,2025-04-03 03:47:00,1299.38,1299.98,1297.61,1297.61,4768800
VN30,2025-04-03 03:48:00,1297.66,1297.8,1296.47,1296.47,4286400
VN30,2025-04-03 03:49:00,1296.68,1296.98,1295.91,1295.91,5733300
VN30,2025-04-03 03:50:00,1296.21,1298.18,1295.24,1295.24,5614356
VN30,2025-04-03 03:51:00,1296.07,1296.07,1294.57,1294.57,9275176
VN30,2025-04-03 03:52:00,1294.44,1295.76,1293.55,1293.55,9555200
VN30,2025-04-03 03:53:00,1293.71,1295.95,1293.71,1294.65,5303000
VN30,2025-04-03 03:54:00,1295.08,1296.37,1294.74,1294.74,5238200
VN30,2025-04-03 03:55:00,1295.33,1297.37,1295.18,1295.66,2911400
VN30,2025-04-03 03:56:00,1296.57,1297.04,1296.36,1296.81,1921500
VN30,2025-04-03 03:57:00,1296.7,1296.86,1295.67,1296.19,1643000
VN30,2025-04-03 03:58:00,1296.1,1297.34,1296.1,1296.88,2605900
VN30,2025-04-03 03:59:00,1296.75,1297.01,1296.12,1296.82,2148300
VN30,2025-04-03 04:00:00,1296.59,1298.29,1296.26,1297.54,3804800
VN30,2025-04-03 04:01:00,1297.38,1297.98,1297.19,1297.19,3519800
VN30,2025-04-03 04:02:00,1297.23,1297.83,1297.05,1297.24,3120200
VN30,2025-04-03 04:03:00,1297.73,1297.99,1296.85,1297.77,1696628
VN30,2025-04-03 04:04:00,1297.42,1297.87,1296.89,1296.89,1493400
VN30,2025-04-03 04:05:00,1296.94,1297.44,1296.68,1297.44,1601600
VN30,2025-04-03 04:06:00,1296.68,1298.41,1296.68,1298.26,3767600
VN30,2025-04-03 04:07:00,1298.22,1298.75,1296.95,1298.73,2958185
VN30,2025-04-03 04:08:00,1298.48,1298.48,1297.3,1297.71,3027522
VN30,2025-04-03 04:09:00,1297.94,1297.94,1296.69,1297.33,4403193
VN30,2025-04-03 04:10:00,1297.11,1297.63,1297.0,1297.0,1651000
VN30,2025-04-03 04:11:00,1296.44,1296.94,1296.19,1296.2,2365300
VN30,2025-04-03 04:12:00,1296.11,1297.09,1295.85,1295.85,2517500
VN30,2025-04-03 04:13:00,1296.21,1296.84,1295.89,1296.43,2653100
VN30,2025-04-03 04:14:00,1296.34,1296.53,1295.72,1296.53,1585600
VN30,2025-04-03 04:15:00,1295.64,1296.67,1295.47,1295.81,1771400
VN30,2025-04-03 04:16:00,1295.85,1296.33,1295.3,1295.87,1433700
VN30,2025-04-03 04:17:00,1295.77,1296.03,1295.49,1295.92,4087800
VN30,2025-04-03 04:18:00,1295.74,1296.04,1295.53,1295.56,1449900
VN30,2025-04-03 04:19:00,1296.34,1296.34,1295.06,1295.22,2650896
VN30,2025-04-03 04:20:00,1295.15,1295.29,1294.47,1294.47,1820400
VN30,2025-04-03 04:21:00,1294.38,1295.04,1294.06,1294.31,1834084
VN30,2025-04-03 04:22:00,1294.56,1295.03,1293.84,1295.03,4129052
VN30,2025-04-03 04:23:00,1295.01,1295.01,1293.4,1294.22,4714700
VN30,2025-04-03 04:24:00,1294.5,1294.59,1293.11,1293.14,7367900
VN30,2025-04-03 04:25:00,1293.25,1293.53,1292.57,1292.57,5807700
VN30,2025-04-03 04:26:00,1292.96,1293.82,1292.3,1293.74,4925900
VN30,2025-04-03 04:27:00,1293.07,1293.71,1291.28,1292.62,7302600
VN30,2025-04-03 04:28:00,1291.97,1292.49,1291.7,1292.29,4578000
VN30,2025-04-03 04:29:00,1292.21,1292.83,1291.75,1292.06,2243700
VN30,2025-04-03 04:30:00,1292.02,1292.02,1291.92,1291.92,244200
VN30,2025-04-03 06:00:00,1290.47,1290.47,1288.76,1290.06,30396456
VN30,2025-04-03 06:01:00,1289.99,1290.02,1287.7,1288.5,7977700
VN30,2025-04-03 06:02:00,1288.36,1288.45,1287.75,1288.02,5827800
VN30,2025-04-03 06:03:00,1287.92,1288.65,1287.67,1287.88,4586503
VN30,2025-04-03 06:04:00,1287.71,1287.72,1287.11,1287.11,5569700
VN30,2025-04-03 06:05:00,1287.08,1287.13,1286.62,1286.62,2771100
VN30,2025-04-03 06:06:00,1286.68,1287.05,1286.57,1286.65,1348200
VN30,2025-04-03 06:07:00,1286.49,1286.88,1285.5,1285.67,3481800
VN30,2025-04-03 06:08:00,1285.5,1286.02,1285.16,1285.74,2454900
VN30,2025-04-03 06:09:00,1285.51,1285.7,1284.1,1284.23,2302700
VN30,2025-04-03 06:10:00,1284.26,1284.51,1284.05,1284.51,2724200
VN30,2025-04-03 06:11:00,1284.44,1284.5,1284.1,1284.5,1684000
VN30,2025-04-03 06:12:00,1284.58,1285.2,1284.51,1284.97,3465900
VN30,2025-04-03 06:13:00,1285.05,1285.13,1284.21,1284.91,1894800
VN30,2025-04-03 06:14:00,1284.8,1285.45,1284.8,1285.09,2292500
VN30,2025-04-03 06:15:00,1285.26,1285.81,1285.18,1285.36,1768400
VN30,2025-04-03 06:16:00,1285.66,1285.67,1285.12,1285.5,1759100
VN30,2025-04-03 06:17:00,1285.57,1285.7,1284.81,1285.33,3216100
VN30,2025-04-03 06:18:00,1284.97,1285.11,1284.54,1284.58,2806100
VN30,2025-04-03 06:19:00,1284.56,1284.74,1284.56,1284.7,3374500
VN30,2025-04-03 06:20:00,1284.7,1284.7,1283.43,1283.43,2559100
VN30,2025-04-03 06:21:00,1283.44,1284.21,1283.36,1283.85,1543900
VN30,2025-04-03 06:22:00,1283.85,1284.33,1283.62,1284.33,1002600
VN30,2025-04-03 06:23:00,1284.2,1284.41,1284.04,1284.04,1075500
VN30,2025-04-03 06:24:00,1284.05,1284.59,1284.05,1284.47,888500
VN30,2025-04-03 06:25:00,1284.61,1284.87,1284.49,1284.78,1549900
VN30,2025-04-03 06:26:00,1284.74,1284.95,1284.14,1284.68,1183900
VN30,2025-04-03 06:27:00,1284.85,1284.89,1284.59,1284.68,884300
VN30,2025-04-03 06:28:00,1284.59,1284.97,1284.59,1284.79,1121400
VN30,2025-04-03 06:29:00,1284.79,1284.88,1284.58,1284.79,1358100
VN30,2025-04-03 06:30:00,1284.84,1284.84,1284.34,1284.6,463302
VN30,2025-04-03 06:31:00,1284.78,1284.78,1284.28,1284.36,1544200
VN30,2025-04-03 06:32:00,1284.57,1284.58,1284.29,1284.58,1058300
VN30,2025-04-03 06:33:00,1284.58,1284.92,1284.57,1284.91,1851600
VN30,2025-04-03 06:34:00,1284.99,1285.08,1284.9,1284.99,828200
VN30,2025-04-03 06:35:00,1284.99,1284.99,1284.67,1284.78,1567700
VN30,2025-04-03 06:36:00,1284.85,1285.07,1284.85,1285.06,1345300
VN30,2025-04-03 06:37:00,1285.14,1285.14,1284.83,1284.9,2866100
VN30,2025-04-03 06:38:00,1284.9,1285.08,1284.9,1285.07,761100
VN30,2025-04-03 06:39:00,1285.16,1285.24,1285.07,1285.15,753100
VN30,2025-04-03 06:40:00,1285.15,1285.15,1284.69,1284.83,2003400
VN30,2025-04-03 06:41:00,1284.7,1284.92,1284.7,1284.78,1074600
VN30,2025-04-03 06:42:00,1284.78,1284.86,1284.44,1284.44,1673348
VN30,2025-04-03 06:43:00,1284.53,1284.62,1284.45,1284.53,1799936
VN30,2025-04-03 06:44:00,1284.53,1284.53,1284.24,1284.24,1701632
VN30,2025-04-03 06:45:00,1284.16,1284.3,1283.87,1283.9,1307701
VN30,2025-04-03 06:46:00,1283.81,1283.81,1282.99,1283.67,1061100
VN30,2025-04-03 06:47:00,1283.59,1283.59,1283.43,1283.51,1004200
VN30,2025-04-03 06:48:00,1283.43,1283.75,1283.43,1283.66,1103400
VN30,2025-04-03 06:49:00,1283.43,1283.67,1283.43,1283.58,670200
VN30,2025-04-03 06:50:00,1283.58,1283.73,1283.05,1283.73,689401
VN30,2025-04-03 06:51:00,1283.64,1283.79,1283.51,1283.51,2007600
VN30,2025-04-03 06:52:00,1283.51,1283.58,1283.37,1283.37,1751900
VN30,2025-04-03 06:53:00,1283.37,1283.53,1283.37,1283.37,592000
VN30,2025-04-03 06:54:00,1283.37,1283.45,1283.37,1283.37,370500
VN30,2025-04-03 06:55:00,1283.37,1283.59,1283.37,1283.59,398000
VN30,2025-04-03 06:56:00,1283.58,1283.66,1283.5,1283.5,537900
VN30,2025-04-03 06:57:00,1283.5,1283.59,1283.37,1283.5,386900
VN30,2025-04-03 06:58:00,1283.37,1283.74,1283.37,1283.53,874400
VN30,2025-04-03 06:59:00,1283.54,1283.66,1283.49,1283.66,611900
VN30,2025-04-03 07:00:00,1283.58,1283.58,1283.36,1283.45,569800
VN30,2025-04-03 07:01:00,1283.45,1283.54,1283.07,1283.44,967800
VN30,2025-04-03 07:02:00,1283.53,1283.53,1283.44,1283.44,370800
VN30,2025-04-03 07:03:00,1283.44,1283.61,1283.16,1283.61,470600
VN30,2025-04-03 07:04:00,1283.61,1283.79,1283.61,1283.7,410900
VN30,2025-04-03 07:05:00,1283.7,1283.78,1283.7,1283.7,442900
VN30,2025-04-03 07:06:00,1283.7,1283.79,1283.7,1283.7,1270200
VN30,2025-04-03 07:07:00,1283.7,1283.78,1283.69,1283.78,658700
VN30,2025-04-03 07:08:00,1283.69,1283.7,1283.54,1283.61,603200
VN30,2025-04-03 07:09:00,1283.52,1283.69,1283.28,1283.28,881700
VN30,2025-04-03 07:10:00,1283.28,1283.53,1283.28,1283.53,1991200
VN30,2025-04-03 07:11:00,1283.53,1283.6,1283.26,1283.43,854400
VN30,2025-04-03 07:12:00,1283.43,1283.44,1283.26,1283.26,392700
VN30,2025-04-03 07:13:00,1283.35,1283.43,1283.35,1283.43,796500
VN30,2025-04-03 07:14:00,1283.43,1283.43,1283.26,1283.43,448800
VN30,2025-04-03 07:15:00,1283.43,1283.51,1283.35,1283.51,548300
VN30,2025-04-03 07:16:00,1283.51,1283.51,1283.44,1283.51,571500
VN30,2025-04-03 07:17:00,1283.51,1283.67,1283.5,1283.58,2045000
VN30,2025-04-03 07:18:00,1283.5,1283.59,1283.4,1283.57,1758200
VN30,2025-04-03 07:19:00,1283.57,1283.57,1283.39,1283.48,793000
VN30,2025-04-03 07:20:00,1283.48,1283.56,1283.48,1283.48,780300
VN30,2025-04-03 07:21:00,1283.48,1283.48,1283.39,1283.48,913600
VN30,2025-04-03 07:22:00,1283.3,1283.3,1283.14,1283.14,882800
VN30,2025-04-03 07:23:00,1283.23,1283.31,1283.23,1283.31,170300
VN30,2025-04-03 07:24:00,1283.31,1283.31,1283.23,1283.31,871400
VN30,2025-04-03 07:25:00,1283.31,1283.31,1283.15,1283.23,924000
VN30,2025-04-03 07:26:00,1283.23,1283.31,1283.23,1283.31,333600
VN30,2025-04-03 07:27:00,1283.31,1283.31,1283.23,1283.23,373800
VN30,2025-04-03 07:28:00,1283.31,1283.31,1283.23,1283.31,1133200
VN30,2025-04-03 07:29:00,1283.23,1283.31,1283.15,1283.15,2506600
VN30,2025-04-03 07:45:00,1283.18,1283.18,1283.18,1283.18,7509400
VN30,2025-04-04 02:15:00,1269.06,1269.06,1208.42,1221.15,71980200
VN30,2025-04-04 02:16:00,1219.63,1221.34,1218.03,1218.03,6930302
VN30,2025-04-04 02:17:00,1218.44,1221.67,1217.61,1217.74,7528900
VN30,2025-04-04 02:18:00,1218.55,1220.59,1217.9,1217.96,11532900
VN30,2025-04-04 02:19:00,1216.99,1219.62,1216.5,1218.17,10615200
VN30,2025-04-04 02:20:00,1217.94,1219.68,1217.26,1218.39,16428300
VN30,2025-04-04 02:21:00,1219.05,1220.96,1217.01,1217.61,16880900
VN30,2025-04-04 02:22:00,1220.21,1220.21,1217.0,1218.67,9802700
VN30,2025-04-04 02:23:00,1216.83,1218.28,1215.77,1217.93,13223100
VN30,2025-04-04 02:24:00,1216.39,1217.9,1213.71,1213.71,18887900
VN30,2025-04-04 02:25:00,1214.93,1215.32,1212.77,1213.25,8810200
VN30,2025-04-04 02:26:00,1213.16,1213.19,1212.16,1212.34,10028400
VN30,2025-04-04 02:27:00,1212.51,1213.48,1209.64,1213.48,9378800
VN30,2025-04-04 02:28:00,1212.5,1213.34,1211.32,1213.34,9627200
VN30,2025-04-04 02:29:00,1213.21,1213.84,1212.18,1212.98,6741100
VN30,2025-04-04 02:30:00,1213.56,1214.38,1212.44,1214.08,6874700
VN30,2025-04-04 02:31:00,1214.1,1215.08,1213.69,1215.08,6437200
VN30,2025-04-04 02:32:00,1214.85,1215.81,1214.42,1215.55,4934400
VN30,2025-04-04 02:33:00,1215.53,1216.41,1215.19,1216.41,4542800
VN30,2025-04-04 02:34:00,1217.18,1218.36,1215.77,1218.36,7681600
VN30,2025-04-04 02:35:00,1217.92,1220.47,1217.92,1220.14,5085100
VN30,2025-04-04 02:36:00,1220.28,1220.44,1218.26,1220.31,6062400
VN30,2025-04-04 02:37:00,1219.67,1221.31,1219.17,1220.23,5878300
VN30,2025-04-04 02:38:00,1220.14,1223.16,1220.14,1223.16,5989800
VN30,2025-04-04 02:39:00,1223.57,1226.79,1223.32,1226.49,7392300
VN30,2025-04-04 02:40:00,1226.77,1229.96,1226.77,1229.96,4833300
VN30,2025-04-04 02:41:00,1230.17,1233.08,1230.17,1233.08,4682300
VN30,2025-04-04 02:42:00,1233.4,1235.89,1233.31,1235.89,5008700
VN30,2025-04-04 02:43:00,1236.23,1237.09,1235.88,1236.4,5707700
VN30,2025-04-04 02:44:00,1236.47,1238.02,1236.3,1237.29,6130900
VN30,2025-04-04 02:45:00,1235.8,1237.08,1235.8,1237.08,4736400
VN30,2025-04-04 02:46:00,1237.24,1238.16,1236.73,1238.04,8947100
VN30,2025-04-04 02:47:00,1237.88,1238.68,1237.52,1237.52,4429600
VN30,2025-04-04 02:48:00,1237.32,1238.25,1236.56,1236.56,4216300
VN30,2025-04-04 02:49:00,1237.12,1237.44,1236.52,1237.39,3101000
VN30,2025-04-04 02:50:00,1237.62,1237.62,1235.94,1235.94,3481900
VN30,2025-04-04 02:51:00,1236.48,1237.29,1236.09,1236.88,3743200
VN30,2025-04-04 02:52:00,1236.88,1237.15,1235.16,1235.16,3289800
VN30,2025-04-04 02:53:00,1234.95,1234.95,1233.79,1233.79,4340500
VN30,2025-04-04 02:54:00,1234.18,1234.71,1233.7,1233.95,2329000
VN30,2025-04-04 02:55:00,1233.85,1234.52,1233.76,1234.52,2421900
VN30,2025-04-04 02:56:00,1234.43,1234.76,1233.27,1234.02,3322900
VN30,2025-04-04 02:57:00,1234.26,1235.24,1234.04,1235.1,3634200
VN30,2025-04-04 02:58:00,1235.05,1235.88,1235.05,1235.68,2902200
VN30,2025-04-04 02:59:00,1236.2,1238.1,1235.94,1238.1,5054800
VN30,2025-04-04 03:00:00,1238.21,1240.52,1238.21,1240.4,3421300
VN30,2025-04-04 03:01:00,1240.18,1244.0,1240.18,1243.66,5321900
VN30,2025-04-04 03:02:00,1244.03,1247.41,1244.03,1247.41,3729400
VN30,2025-04-04 03:03:00,1247.63,1250.43,1247.63,1250.43,6499200
VN30,2025-04-04 03:04:00,1250.11,1252.48,1250.11,1252.41,4116100
VN30,2025-04-04 03:05:00,1253.05,1255.78,1253.05,1255.7,6202300
VN30,2025-04-04 03:06:00,1255.74,1261.73,1255.74,1261.73,6029700
VN30,2025-04-04 03:07:00,1261.2,1265.9,1261.2,1265.46,6683800
VN30,2025-04-04 03:08:00,1266.47,1266.87,1265.39,1266.87,5906600
VN30,2025-04-04 03:09:00,1266.55,1267.6,1266.55,1267.22,5818086
VN30,2025-04-04 03:10:00,1266.78,1268.67,1266.78,1268.53,8185800
VN30,2025-04-04 03:11:00,1268.54,1268.54,1266.78,1267.03,4864600
VN30,2025-04-04 03:12:00,1266.54,1266.54,1263.5,1264.08,5433100
VN30,2025-04-04 03:13:00,1263.17,1263.17,1260.16,1260.16,3887900
VN30,2025-04-04 03:14:00,1259.52,1259.52,1258.36,1258.55,3555100
VN30,2025-04-04 03:15:00,1258.57,1258.57,1257.41,1257.49,2996401
VN30,2025-04-04 03:16:00,1257.22,1257.65,1256.04,1257.07,2485900
VN30,2025-04-04 03:17:00,1256.48,1257.3,1256.12,1256.35,1927400
VN30,2025-04-04 03:18:00,1256.78,1256.78,1255.69,1255.83,2273400
VN30,2025-04-04 03:19:00,1255.63,1255.89,1255.02,1255.02,1902900
VN30,2025-04-04 03:20:00,1254.93,1255.94,1254.52,1255.25,1053600
VN30,2025-04-04 03:21:00,1255.28,1255.28,1253.93,1254.24,2533200
VN30,2025-04-04 03:22:00,1254.37,1254.69,1253.95,1253.96,1561000
VN30,2025-04-04 03:23:00,1253.71,1254.01,1253.61,1253.89,2675300
VN30,2025-04-04 03:24:00,1254.02,1254.97,1253.88,1254.22,1927300
VN30,2025-04-04 03:25:00,1253.94,1255.4,1253.71,1255.4,3737500
VN30,2025-04-04 03:26:00,1255.59,1256.51,1255.0,1256.51,1941300
VN30,2025-04-04 03:27:00,1256.12,1257.31,1256.12,1257.31,2208900
VN30,2025-04-04 03:28:00,1257.04,1258.51,1256.59,1257.9,1566000
VN30,2025-04-04 03:29:00,1257.75,1258.4,1257.64,1258.23,2145302
VN30,2025-04-04 03:30:00,1257.95,1258.3,1257.52,1258.3,1913400
VN30,2025-04-04 03:31:00,1258.14,1258.47,1257.5,1257.96,1828000
VN30,2025-04-04 03:32:00,1258.38,1258.41,1257.64,1257.92,2683100
VN30,2025-04-04 03:33:00,1258.17,1259.18,1258.02,1258.02,1503900
VN30,2025-04-04 03:34:00,1258.22,1258.85,1257.78,1258.21,1931800
VN30,2025-04-04 03:35:00,1258.74,1259.39,1258.36,1258.76,1261100
VN30,2025-04-04 03:36:00,1258.71,1259.3,1258.71,1259.3,1615700
VN30,2025-04-04 03:37:00,1259.52,1259.52,1258.92,1259.18,1509700
VN30,2025-04-04 03:38:00,1259.23,1259.49,1259.01,1259.25,1337400
VN30,2025-04-04 03:39:00,1259.56,1259.59,1258.92,1259.59,1501800
VN30,2025-04-04 03:40:00,1259.43,1259.65,1259.07,1259.34,1378000
VN30,2025-04-04 03:41:00,1260.04,1260.04,1258.93,1259.07,1403900
VN30,2025-04-04 03:42:00,1259.77,1260.01,1258.73,1259.3,1857600
VN30,2025-04-04 03:43:00,1259.49,1259.6,1258.94,1259.37,1003900
VN30,2025-04-04 03:44:00,1259.6,1260.15,1258.44,1258.44,1603600
VN30,2025-04-04 03:45:00,1258.54,1258.76,1257.98,1258.72,1736500
VN30,2025-04-04 03:46:00,1258.58,1258.58,1257.85,1258.19,1470100
VN30,2025-04-04 03:47:00,1257.85,1258.12,1257.44,1257.98,1571000
VN30,2025-04-04 03:48:00,1257.76,1257.76,1256.85,1256.93,1029000
VN30,2025-04-04 03:49:00,1257.18,1257.26,1256.65,1257.21,1054300
VN30,2025-04-04 03:50:00,1256.83,1256.83,1256.01,1256.26,1609000
VN30,2025-04-04 03:51:00,1256.22,1257.07,1255.5,1255.5,1583700
VN30,2025-04-04 03:52:00,1255.42,1255.73,1254.22,1254.44,2865800
VN30,2025-04-04 03:53:00,1254.53,1254.77,1253.79,1253.79,1406600
VN30,2025-04-04 03:54:00,1253.54,1253.54,1252.62,1252.62,1296500
VN30,2025-04-04 03:55:00,1252.7,1253.84,1252.34,1253.61,2009600
VN30,2025-04-04 03:56:00,1253.27,1253.27,1252.09,1252.14,1435100
VN30,2025-04-04 03:57:00,1252.13,1252.96,1251.87,1252.39,1616500
VN30,2025-04-04 03:58:00,1252.19,1252.42,1251.86,1252.01,1435900
VN30,2025-04-04 03:59:00,1251.83,1252.44,1250.99,1251.62,1599400
VN30,2025-04-04 04:00:00,1251.68,1251.87,1250.84,1251.24,896601
VN30,2025-04-04 04:01:00,1250.89,1250.89,1249.93,1250.42,1758800
VN30,2025-04-04 04:02:00,1250.52,1250.56,1249.46,1249.74,1557800
VN30,2025-04-04 04:03:00,1249.96,1250.19,1248.53,1248.53,2460600
VN30,2025-04-04 04:04:00,1248.73,1249.06,1248.04,1248.57,2197300
VN30,2025-04-04 04:05:00,1248.49,1248.59,1248.0,1248.09,1512000
VN30,2025-04-04 04:06:00,1248.33,1248.33,1247.18,1247.53,1591300
VN30,2025-04-04 04:07:00,1246.84,1246.88,1246.16,1246.88,2032800
VN30,2025-04-04 04:08:00,1247.12,1247.12,1246.55,1246.59,1701000
VN30,2025-04-04 04:09:00,1246.54,1247.05,1246.32,1246.45,1550400
VN30,2025-04-04 04:10:00,1246.45,1246.46,1245.6,1245.67,1743600
VN30,2025-04-04 04:11:00,1245.38,1245.61,1244.86,1245.21,4336200
VN30,2025-04-04 04:12:00,1245.7,1245.7,1244.63,1244.77,1373700
VN30,2025-04-04 04:13:00,1245.01,1245.01,1243.87,1244.34,1169200
VN30,2025-04-04 04:14:00,1244.09,1244.49,1243.95,1244.29,2543800
VN30,2025-04-04 04:15:00,1244.23,1244.62,1243.51,1244.1,1221700
VN30,2025-04-04 04:16:00,1243.64,1243.95,1242.96,1243.3,1492000
VN30,2025-04-04 04:17:00,1243.45,1243.84,1243.22,1243.84,1531000
VN30,2025-04-04 04:18:00,1243.75,1244.32,1243.75,1243.8,1259200
VN30,2025-04-04 04:19:00,1243.76,1244.43,1243.57,1243.57,772500
VN30,2025-04-04 04:20:00,1243.56,1243.99,1243.12,1243.22,950400
VN30,2025-04-04 04:21:00,1242.89,1243.57,1242.51,1243.02,1011000
VN30,2025-04-04 04:22:00,1243.25,1243.68,1242.56,1242.56,874400
VN30,2025-04-04 04:23:00,1243.02,1243.02,1241.98,1241.98,1656200
VN30,2025-04-04 04:24:00,1242.27,1242.83,1241.64,1242.0,2143900
VN30,2025-04-04 04:25:00,1242.08,1242.08,1241.26,1242.01,1533000
VN30,2025-04-04 04:26:00,1242.07,1242.07,1240.97,1241.32,2297100
VN30,2025-04-04 04:27:00,1241.6,1241.88,1240.81,1240.81,519400
VN30,2025-04-04 04:28:00,1240.66,1241.23,1240.35,1240.73,1549500
VN30,2025-04-04 04:29:00,1240.48,1241.69,1240.48,1240.61,1264600
VN30,2025-04-04 04:30:00,1240.6,1240.64,1240.6,1240.64,199900
VN30,2025-04-04 06:00:00,1240.5,1240.5,1237.44,1239.49,19911100
VN30,2025-04-04 06:01:00,1240.0,1240.0,1237.81,1237.88,10163400
VN30,2025-04-04 06:02:00,1238.15,1238.57,1236.89,1236.89,2578700
VN30,2025-04-04 06:03:00,1237.72,1238.59,1237.11,1238.25,5447305
VN30,2025-04-04 06:04:00,1237.03,1237.56,1236.45,1236.88,4529600
VN30,2025-04-04 06:05:00,1236.2,1237.44,1236.05,1237.44,3734500
VN30,2025-04-04 06:06:00,1237.26,1237.26,1236.22,1236.71,3033700
VN30,2025-04-04 06:07:00,1236.91,1237.57,1236.85,1237.21,2805400
VN30,2025-04-04 06:08:00,1237.45,1238.06,1237.45,1237.86,2030300
VN30,2025-04-04 06:09:00,1238.08,1238.63,1237.51,1237.51,2749800
VN30,2025-04-04 06:10:00,1237.91,1238.55,1237.64,1238.55,3058200
VN30,2025-04-04 06:11:00,1238.52,1240.33,1238.52,1240.19,3531100
VN30,2025-04-04 06:12:00,1240.01,1240.3,1239.52,1239.92,3128500
VN30,2025-04-04 06:13:00,1239.77,1240.54,1239.16,1240.0,1854200
VN30,2025-04-04 06:14:00,1240.02,1240.76,1239.83,1240.76,1990500
VN30,2025-04-04 06:15:00,1240.9,1243.47,1240.87,1243.39,2328700
VN30,2025-04-04 06:16:00,1243.18,1246.32,1243.18,1246.32,2364900
VN30,2025-04-04 06:17:00,1246.1,1247.37,1246.1,1247.37,3084100
VN30,2025-04-04 06:18:00,1247.54,1247.89,1247.09,1247.76,2568200
VN30,2025-04-04 06:19:00,1247.87,1248.68,1247.87,1248.68,1639200
VN30,2025-04-04 06:20:00,1248.46,1249.42,1248.18,1249.02,2183300
VN30,2025-04-04 06:21:00,1248.76,1249.59,1248.73,1249.05,2145800
VN30,2025-04-04 06:22:00,1249.01,1249.54,1248.31,1248.31,1277700
VN30,2025-04-04 06:23:00,1248.64,1249.11,1248.34,1248.34,1303800
VN30,2025-04-04 06:24:00,1248.15,1248.65,1247.62,1247.62,1096700
VN30,2025-04-04 06:25:00,1247.96,1247.96,1246.91,1247.26,2015400
VN30,2025-04-04 06:26:00,1247.33,1247.66,1246.57,1247.4,2279800
VN30,2025-04-04 06:27:00,1247.21,1247.55,1246.68,1247.17,3184100
VN30,2025-04-04 06:28:00,1246.79,1247.57,1246.16,1246.75,7104400
VN30,2025-04-04 06:29:00,1246.57,1247.5,1246.44,1246.76,3068100
VN30,2025-04-04 06:30:00,1246.8,1247.68,1246.37,1247.68,2835000
VN30,2025-04-04 06:31:00,1247.33,1247.96,1246.9,1247.96,2845900
VN30,2025-04-04 06:32:00,1247.96,1248.18,1247.18,1247.78,1252400
VN30,2025-04-04 06:33:00,1247.39,1247.39,1246.25,1246.3,5830400
VN30,2025-04-04 06:34:00,1246.56,1247.29,1246.35,1246.62,5100601
VN30,2025-04-04 06:35:00,1246.43,1246.75,1246.0,1246.75,3291300
VN30,2025-04-04 06:36:00,1245.91,1246.8,1245.9,1246.15,4691600
VN30,2025-04-04 06:37:00,1246.19,1246.76,1246.17,1246.76,2803800
VN30,2025-04-04 06:38:00,1246.48,1246.83,1246.18,1246.18,2283200
VN30,2025-04-04 06:39:00,1246.59,1247.02,1246.14,1247.02,1787000
VN30,2025-04-04 06:40:00,1246.54,1247.38,1245.67,1247.38,3288500
VN30,2025-04-04 06:41:00,1247.42,1247.42,1246.28,1247.29,2599700
VN30,2025-04-04 06:42:00,1247.09,1247.75,1246.56,1246.94,2708900
VN30,2025-04-04 06:43:00,1246.77,1247.25,1246.31,1247.25,1378500
VN30,2025-04-04 06:44:00,1247.1,1247.61,1246.54,1246.96,1973500
VN30,2025-04-04 06:45:00,1247.23,1248.19,1247.23,1247.72,1485200
VN30,2025-04-04 06:46:00,1247.77,1248.25,1247.57,1248.07,1511700
VN30,2025-04-04 06:47:00,1248.52,1248.52,1247.23,1247.88,1371600
VN30,2025-04-04 06:48:00,1247.7,1248.16,1247.38,1248.16,3156300
VN30,2025-04-04 06:49:00,1248.68,1249.92,1247.83,1248.59,3142100
VN30,2025-04-04 06:50:00,1249.2,1249.27,1248.65,1249.05,3014900
VN30,2025-04-04 06:51:00,1248.91,1249.88,1248.91,1249.38,1447500
VN30,2025-04-04 06:52:00,1249.35,1249.92,1248.64,1248.64,1451600
VN30,2025-04-04 06:53:00,1249.12,1249.75,1248.78,1249.06,4471800
VN30,2025-04-04 06:54:00,1249.51,1250.14,1249.07,1250.14,1570500
VN30,2025-04-04 06:55:00,1250.03,1250.64,1249.81,1250.3,1947000
VN30,2025-04-04 06:56:00,1250.82,1251.92,1250.78,1251.65,2604900
VN30,2025-04-04 06:57:00,1251.59,1252.5,1251.59,1252.25,1962300
VN30,2025-04-04 06:58:00,1252.63,1253.5,1252.35,1253.3,6007900
VN30,2025-04-04 06:59:00,1253.96,1254.98,1253.5,1254.93,5071501
VN30,2025-04-04 07:00:00,1255.8,1257.4,1255.37,1257.23,3419200
VN30,2025-04-04 07:01:00,1257.27,1258.94,1257.27,1258.94,2716700
VN30,2025-04-04 07:02:00,1258.95,1260.79,1258.55,1260.31,3645200
VN30,2025-04-04 07:03:00,1260.85,1261.42,1260.57,1261.0,3261700
VN30,2025-04-04 07:04:00,1261.69,1262.9,1261.34,1262.49,4668600
VN30,2025-04-04 07:05:00,1262.84,1263.16,1262.57,1262.8,2114400
VN30,2025-04-04 07:06:00,1262.59,1263.17,1262.58,1262.89,3262600
VN30,2025-04-04 07:07:00,1262.92,1263.6,1262.77,1263.2,2624300
VN30,2025-04-04 07:08:00,1262.9,1262.9,1261.23,1261.23,2613300
VN30,2025-04-04 07:09:00,1261.65,1261.65,1260.2,1260.6,2357300
VN30,2025-04-04 07:10:00,1259.92,1260.28,1259.42,1259.62,1689000
VN30,2025-04-04 07:11:00,1260.2,1260.2,1258.66,1258.66,2947000
VN30,2025-04-04 07:12:00,1259.01,1259.25,1258.25,1258.44,1762300
VN30,2025-04-04 07:13:00,1258.75,1258.75,1257.59,1258.0,2661000
VN30,2025-04-04 07:14:00,1257.98,1258.6,1257.63,1258.23,3537000
VN30,2025-04-04 07:15:00,1257.89,1258.3,1257.25,1257.64,1904500
VN30,2025-04-04 07:16:00,1257.54,1258.11,1257.02,1257.52,2589200
VN30,2025-04-04 07:17:00,1257.78,1258.68,1257.26,1258.68,2299000
VN30,2025-04-04 07:18:00,1258.7,1258.77,1257.91,1258.39,2449100
VN30,2025-04-04 07:19:00,1259.1,1259.88,1258.67,1259.81,1722800
VN30,2025-04-04 07:20:00,1260.57,1262.41,1260.56,1262.13,2252600
VN30,2025-04-04 07:21:00,1262.2,1263.32,1262.16,1263.32,3743000
VN30,2025-04-04 07:22:00,1263.59,1265.87,1263.59,1265.87,4328200
VN30,2025-04-04 07:23:00,1266.53,1269.81,1266.53,1269.81,4563300
VN30,2025-04-04 07:24:00,1270.05,1272.48,1269.24,1272.48,4229100
VN30,2025-04-04 07:25:00,1271.88,1273.52,1271.88,1273.52,4982300
VN30,2025-04-04 07:26:00,1273.86,1274.68,1273.07,1274.68,4779000
VN30,2025-04-04 07:27:00,1274.6,1276.49,1274.6,1276.46,4444500
VN30,2025-04-04 07:28:00,1276.07,1277.7,1276.07,1277.7,4815400
VN30,2025-04-04 07:29:00,1278.16,1278.65,1277.75,1278.65,4501200
VN30,2025-04-04 07:30:00,1279.34,1279.34,1279.34,1279.34,340300
VN30,2025-04-04 07:45:00,1280.33,1280.52,1280.33,1280.52,22424800
VN30,2025-04-08 02:15:00,1280.52,1280.52,1241.58,1245.51,27596600
VN30,2025-04-08 02:16:00,1243.15,1243.15,1237.39,1238.28,4076005
VN30,2025-04-08 02:17:00,1236.94,1237.19,1235.63,1235.93,3279901
VN30,2025-04-08 02:18:00,1235.67,1235.71,1232.93,1232.93,4050900
VN30,2025-04-08 02:19:00,1231.86,1232.62,1229.95,1229.95,4930100
VN30,2025-04-08 02:20:00,1230.62,1230.69,1228.76,1228.76,5322701
VN30,2025-04-08 02:21:00,1228.96,1228.98,1227.85,1228.11,4554000
VN30,2025-04-08 02:22:00,1228.1,1228.1,1225.3,1225.53,6318301
VN30,2025-04-08 02:23:00,1225.58,1226.49,1223.77,1224.5,6831600
VN30,2025-04-08 02:24:00,1225.21,1225.21,1221.33,1222.5,5177700
VN30,2025-04-08 02:25:00,1222.27,1222.27,1220.24,1220.27,5504600
VN30,2025-04-08 02:26:00,1220.68,1220.79,1219.73,1219.74,7137800
VN30,2025-04-08 02:27:00,1220.08,1220.08,1217.57,1218.07,5318000
VN30,2025-04-08 02:28:00,1217.83,1217.97,1216.23,1216.42,6346100
VN30,2025-04-08 02:29:00,1216.56,1216.8,1215.12,1216.33,5155500
VN30,2025-04-08 02:30:00,1215.73,1215.8,1213.71,1213.71,9325901
VN30,2025-04-08 02:31:00,1213.91,1213.91,1211.88,1211.88,5293300
VN30,2025-04-08 02:32:00,1211.47,1212.33,1210.54,1210.54,3548000
VN30,2025-04-08 02:33:00,1210.81,1210.81,1209.89,1210.0,4553000
VN30,2025-04-08 02:34:00,1209.78,1209.94,1209.19,1209.58,5629400
VN30,2025-04-08 02:35:00,1209.74,1211.67,1209.39,1211.67,3619900
VN30,2025-04-08 02:36:00,1211.49,1212.77,1210.86,1212.43,3879400
VN30,2025-04-08 02:37:00,1212.68,1214.01,1212.68,1214.01,3238000
VN30,2025-04-08 02:38:00,1214.22,1216.19,1213.37,1215.93,2287400
VN30,2025-04-08 02:39:00,1215.99,1217.05,1215.59,1216.73,3781400
VN30,2025-04-08 02:40:00,1216.64,1218.35,1216.44,1217.28,4754200
VN30,2025-04-08 02:41:00,1217.14,1217.49,1216.14,1216.36,6663400
VN30,2025-04-08 02:42:00,1218.01,1218.12,1216.07,1216.98,2696700
VN30,2025-04-08 02:43:00,1216.39,1217.91,1216.27,1217.44,2455500
VN30,2025-04-08 02:44:00,1217.82,1218.03,1216.78,1217.37,3008700
VN30,2025-04-08 02:45:00,1217.52,1218.3,1217.32,1218.3,2362500
VN30,2025-04-08 02:46:00,1217.7,1218.67,1217.21,1217.21,2182600
VN30,2025-04-08 02:47:00,1217.14,1217.99,1216.91,1216.91,1892600
VN30,2025-04-08 02:48:00,1217.5,1217.5,1215.69,1216.49,2299200
VN30,2025-04-08 02:49:00,1217.4,1217.4,1215.53,1215.53,1701300
VN30,2025-04-08 02:50:00,1215.53,1215.87,1214.67,1215.84,2083601
VN30,2025-04-08 02:51:00,1215.6,1215.75,1215.13,1215.16,1863200
VN30,2025-04-08 02:52:00,1215.06,1215.51,1214.58,1214.85,2939500
VN30,2025-04-08 02:53:00,1214.85,1214.89,1214.21,1214.66,1551500
VN30,2025-04-08 02:54:00,1214.61,1214.91,1213.76,1213.76,5072800
VN30,2025-04-08 02:55:00,1214.01,1214.24,1213.52,1213.54,4186900
VN30,2025-04-08 02:56:00,1213.79,1213.94,1213.33,1213.84,2414901
VN30,2025-04-08 02:57:00,1213.36,1213.72,1212.37,1212.37,8289000
VN30,2025-04-08 02:58:00,1212.57,1212.57,1210.82,1210.85,3810000
VN30,2025-04-08 02:59:00,1210.91,1210.91,1210.22,1210.75,2823200
VN30,2025-04-08 03:00:00,1210.46,1210.46,1209.03,1209.03,4204601
VN30,2025-04-08 03:01:00,1209.23,1209.39,1208.49,1209.08,3318500
VN30,2025-04-08 03:02:00,1209.1,1209.4,1208.66,1209.14,3654500
VN30,2025-04-08 03:03:00,1209.19,1209.29,1208.15,1208.15,2737100
VN30,2025-04-08 03:04:00,1208.44,1208.5,1207.87,1208.16,5488300
VN30,2025-04-08 03:05:00,1207.87,1208.5,1207.55,1207.55,5487300
VN30,2025-04-08 03:06:00,1207.75,1207.85,1207.08,1207.29,1867900
VN30,2025-04-08 03:07:00,1207.29,1207.45,1205.81,1205.81,3691002
VN30,2025-04-08 03:08:00,1206.54,1206.88,1205.36,1205.57,3407800
VN30,2025-04-08 03:09:00,1205.77,1205.98,1205.56,1205.56,4218700
VN30,2025-04-08 03:10:00,1205.44,1205.88,1204.53,1204.85,3436901
VN30,2025-04-08 03:11:00,1204.62,1205.17,1204.32,1204.42,4181500
VN30,2025-04-08 03:12:00,1204.51,1204.51,1203.36,1203.45,6021300
VN30,2025-04-08 03:13:00,1203.57,1203.98,1203.5,1203.5,3114801
VN30,2025-04-08 03:14:00,1203.21,1203.5,1202.65,1202.97,2427100
VN30,2025-04-08 03:15:00,1202.75,1203.21,1201.84,1201.84,1714701
VN30,2025-04-08 03:16:00,1202.18,1202.39,1201.37,1201.94,2903000
VN30,2025-04-08 03:17:00,1201.9,1201.9,1201.13,1201.13,2367400
VN30,2025-04-08 03:18:00,1201.09,1201.48,1200.91,1200.97,1928400
VN30,2025-04-08 03:19:00,1201.01,1201.08,1200.61,1200.7,2127300
VN30,2025-04-08 03:20:00,1200.79,1201.25,1200.68,1200.97,1558300
VN30,2025-04-08 03:21:00,1200.86,1201.14,1200.49,1200.49,3372900
VN30,2025-04-08 03:22:00,1200.49,1200.82,1200.28,1200.82,2203600
VN30,2025-04-08 03:23:00,1200.64,1200.72,1199.61,1199.67,5297200
VN30,2025-04-08 03:24:00,1199.68,1200.17,1199.2,1199.73,1378700
VN30,2025-04-08 03:25:00,1199.88,1199.96,1199.24,1199.4,1724300
VN30,2025-04-08 03:26:00,1199.49,1199.79,1199.42,1199.65,1792400
VN30,2025-04-08 03:27:00,1199.58,1199.58,1198.97,1199.13,1365000
VN30,2025-04-08 03:28:00,1199.21,1199.36,1198.82,1199.31,1499700
VN30,2025-04-08 03:29:00,1199.45,1199.48,1199.07,1199.37,2208900
VN30,2025-04-08 03:30:00,1199.41,1199.75,1199.04,1199.04,2195802
VN30,2025-04-08 03:31:00,1199.01,1199.23,1198.66,1198.66,1950800
VN30,2025-04-08 03:32:00,1198.74,1199.07,1198.57,1198.57,596000
VN30,2025-04-08 03:33:00,1198.38,1198.65,1198.05,1198.05,576400
VN30,2025-04-08 03:34:00,1198.2,1198.3,1197.82,1198.3,992900
VN30,2025-04-08 03:35:00,1198.38,1198.56,1198.0,1198.0,735600
VN30,2025-04-08 03:36:00,1198.0,1198.1,1197.67,1197.82,1276100
VN30,2025-04-08 03:37:00,1197.58,1197.94,1197.5,1197.68,1150300
VN30,2025-04-08 03:38:00,1197.86,1197.9,1197.15,1197.72,1017900
VN30,2025-04-08 03:39:00,1197.84,1197.84,1197.19,1197.46,1173600
VN30,2025-04-08 03:40:00,1197.44,1197.47,1196.89,1196.89,1343900
VN30,2025-04-08 03:41:00,1197.05,1197.15,1196.86,1197.15,2019400
VN30,2025-04-08 03:42:00,1197.43,1197.43,1197.02,1197.02,598800
VN30,2025-04-08 03:43:00,1197.21,1197.39,1196.95,1197.15,938000
VN30,2025-04-08 03:44:00,1197.18,1197.18,1196.68,1196.88,3007300
VN30,2025-04-08 03:45:00,1196.95,1197.2,1196.79,1196.79,641501
VN30,2025-04-08 03:46:00,1196.97,1196.97,1196.49,1196.72,1331501
VN30,2025-04-08 03:47:00,1196.73,1196.77,1196.42,1196.67,856600
VN30,2025-04-08 03:48:00,1196.55,1197.01,1196.55,1197.01,1377200
VN30,2025-04-08 03:49:00,1196.95,1197.47,1196.95,1197.23,1097400
VN30,2025-04-08 03:50:00,1197.1,1197.54,1197.1,1197.52,519700
VN30,2025-04-08 03:51:00,1197.39,1197.72,1197.33,1197.33,630400
VN30,2025-04-08 03:52:00,1197.47,1197.67,1197.41,1197.56,1082500
VN30,2025-04-08 03:53:00,1197.81,1197.85,1197.39,1197.85,366200
VN30,2025-04-08 03:54:00,1197.95,1197.97,1197.33,1197.42,287500
VN30,2025-04-08 03:55:00,1197.28,1198.14,1197.28,1197.72,445800
VN30,2025-04-08 03:56:00,1197.73,1197.98,1197.04,1197.56,484900
VN30,2025-04-08 03:57:00,1197.62,1198.21,1197.62,1198.21,843700
VN30,2025-04-08 03:58:00,1198.14,1198.14,1197.74,1198.08,678300
VN30,2025-04-08 03:59:00,1197.91,1198.14,1197.81,1197.99,1382300
VN30,2025-04-08 04:00:00,1197.99,1198.29,1197.93,1198.29,374501
VN30,2025-04-08 04:01:00,1198.33,1198.75,1197.87,1198.19,554000
VN30,2025-04-08 04:02:00,1197.94,1198.54,1197.94,1198.39,459600
VN30,2025-04-08 04:03:00,1198.49,1198.62,1198.15,1198.15,380300
VN30,2025-04-08 04:04:00,1198.52,1199.15,1198.51,1199.07,441900
VN30,2025-04-08 04:05:00,1199.32,1199.55,1198.6,1198.72,878601
VN30,2025-04-08 04:06:00,1198.53,1199.06,1198.3,1198.34,1273400
VN30,2025-04-08 04:07:00,1198.3,1199.07,1198.22,1199.07,364800
VN30,2025-04-08 04:08:00,1198.8,1198.93,1198.37,1198.87,381700
VN30,2025-04-08 04:09:00,1198.93,1199.56,1198.81,1199.44,427200
VN30,2025-04-08 04:10:00,1199.71,1200.32,1199.49,1200.16,1712500
VN30,2025-04-08 04:11:00,1200.38,1200.86,1200.38,1200.84,990900
VN30,2025-04-08 04:12:00,1200.54,1201.1,1200.39,1200.66,10305201
VN30,2025-04-08 04:13:00,1200.45,1201.04,1200.18,1200.88,821700
VN30,2025-04-08 04:14:00,1200.88,1201.3,1200.37,1200.57,759300
VN30,2025-04-08 04:15:00,1201.23,1201.75,1200.78,1201.75,697205
VN30,2025-04-08 04:16:00,1201.56,1201.84,1201.27,1201.64,1790500
VN30,2025-04-08 04:17:00,1201.62,1201.79,1201.21,1201.63,3862300
VN30,2025-04-08 04:18:00,1201.1,1202.19,1201.1,1201.88,1476900
VN30,2025-04-08 04:19:00,1201.81,1201.81,1201.04,1201.31,6794000
VN30,2025-04-08 04:20:00,1201.72,1202.81,1201.6,1202.81,3334000
VN30,2025-04-08 04:21:00,1202.42,1202.72,1202.08,1202.36,2166200
VN30,2025-04-08 04:22:00,1202.74,1203.32,1201.98,1202.54,1747500
VN30,2025-04-08 04:23:00,1202.94,1203.43,1202.79,1203.18,2203500
VN30,2025-04-08 04:24:00,1202.8,1203.91,1202.72,1203.12,5274400
VN30,2025-04-08 04:25:00,1203.15,1205.09,1203.15,1205.09,1926500
VN30,2025-04-08 04:26:00,1204.18,1205.3,1203.95,1204.92,1074601
VN30,2025-04-08 04:27:00,1204.11,1206.12,1204.11,1206.03,2616200
VN30,2025-04-08 04:28:00,1205.1,1206.92,1205.1,1206.92,1352800
VN30,2025-04-08 04:29:00,1206.1,1207.47,1205.98,1207.03,1705800
VN30,2025-04-08 04:30:00,1207.42,1207.42,1207.42,1207.42,171902
VN30,2025-04-08 06:00:00,1206.63,1206.91,1205.39,1206.37,24283000
VN30,2025-04-08 06:01:00,1205.71,1205.71,1203.99,1204.68,9651803
VN30,2025-04-08 06:02:00,1204.28,1204.32,1203.0,1203.35,9304899
VN30,2025-04-08 06:03:00,1202.74,1203.56,1202.67,1203.56,7135510
VN30,2025-04-08 06:04:00,1203.42,1203.56,1202.3,1202.3,2251797
VN30,2025-04-08 06:05:00,1202.47,1203.18,1202.4,1203.02,1356498
VN30,2025-04-08 06:06:00,1203.01,1203.41,1202.9,1203.38,1308798
VN30,2025-04-08 06:07:00,1203.43,1203.52,1203.14,1203.26,1448694
VN30,2025-04-08 06:08:00,1202.96,1203.98,1202.96,1203.82,1579996
VN30,2025-04-08 06:09:00,1203.91,1204.52,1203.71,1204.5,1584996
VN30,2025-04-08 06:10:00,1203.42,1203.55,1203.25,1203.47,2291596
VN30,2025-04-08 06:11:00,1203.62,1203.62,1202.57,1202.58,2854397
VN30,2025-04-08 06:12:00,1202.59,1202.84,1202.36,1202.62,1442396
VN30,2025-04-08 06:13:00,1202.28,1202.28,1201.49,1201.49,2599696
VN30,2025-04-08 06:14:00,1201.57,1201.6,1200.62,1200.89,2128897
VN30,2025-04-08 06:15:00,1200.76,1200.91,1200.18,1200.18,3114598
VN30,2025-04-08 06:16:00,1200.2,1200.99,1200.19,1200.77,2667996
VN30,2025-04-08 06:17:00,1200.64,1200.98,1199.98,1199.98,1277297
VN30,2025-04-08 06:18:00,1200.32,1201.2,1200.12,1200.74,1637697
VN30,2025-04-08 06:19:00,1200.52,1201.25,1200.46,1201.19,3290000
VN30,2025-04-08 06:20:00,1200.81,1201.03,1200.65,1200.78,1768097
VN30,2025-04-08 06:21:00,1200.96,1200.96,1200.47,1200.7,2081996
VN30,2025-04-08 06:22:00,1200.7,1200.7,1200.33,1200.33,1963598
VN30,2025-04-08 06:23:00,1200.69,1201.28,1199.51,1199.56,6335399
VN30,2025-04-08 06:24:00,1199.52,1199.85,1199.41,1199.73,531699
VN30,2025-04-08 06:25:00,1199.62,1199.7,1199.1,1199.13,1313198
VN30,2025-04-08 06:26:00,1199.09,1199.73,1199.02,1199.57,3497395
VN30,2025-04-08 06:27:00,1199.4,1199.69,1199.12,1199.12,3333099
VN30,2025-04-08 06:28:00,1199.1,1199.76,1199.1,1199.43,1796496
VN30,2025-04-08 06:29:00,1199.64,1199.76,1199.34,1199.34,1084597
VN30,2025-04-08 06:30:00,1199.34,1199.71,1199.13,1199.33,805897
VN30,2025-04-08 06:31:00,1199.21,1199.45,1198.82,1198.82,1591999
VN30,2025-04-08 06:32:00,1198.72,1199.18,1198.64,1199.13,2233198
VN30,2025-04-08 06:33:00,1199.03,1199.1,1198.56,1198.66,4325098
VN30,2025-04-08 06:34:00,1198.76,1198.89,1198.56,1198.66,1895796
VN30,2025-04-08 06:35:00,1198.27,1198.6,1198.22,1198.27,1027299
VN30,2025-04-08 06:36:00,1198.19,1198.43,1197.95,1197.97,1452299
VN30,2025-04-08 06:37:00,1198.03,1198.08,1197.82,1197.91,1323299
VN30,2025-04-08 06:38:00,1197.68,1197.98,1197.57,1197.75,1770400
VN30,2025-04-08 06:39:00,1197.57,1197.68,1197.32,1197.62,1090300
VN30,2025-04-08 06:40:00,1197.71,1197.71,1197.46,1197.58,2957500
VN30,2025-04-08 06:41:00,1197.64,1198.15,1197.64,1197.77,1598700
VN30,2025-04-08 06:42:00,1197.64,1199.23,1197.64,1199.03,3173298
VN30,2025-04-08 06:43:00,1199.19,1199.42,1198.76,1199.39,2875497
VN30,2025-04-08 06:44:00,1199.23,1200.04,1199.07,1200.04,1546099
VN30,2025-04-08 06:45:00,1200.2,1200.7,1200.2,1200.7,1218900
VN30,2025-04-08 06:46:00,1200.61,1200.71,1200.14,1200.3,1157100
VN30,2025-04-08 06:47:00,1200.32,1200.37,1199.94,1200.29,853600
VN30,2025-04-08 06:48:00,1200.37,1200.75,1200.2,1200.64,1146200
VN30,2025-04-08 06:49:00,1200.55,1200.87,1200.19,1200.86,1266500
VN30,2025-04-08 06:50:00,1200.96,1200.96,1200.59,1200.75,914801
VN30,2025-04-08 06:51:00,1200.61,1200.93,1200.27,1200.85,1137300
VN30,2025-04-08 06:52:00,1201.11,1201.32,1201.02,1201.09,829000
VN30,2025-04-08 06:53:00,1201.24,1201.43,1201.08,1201.31,782000
VN30,2025-04-08 06:54:00,1201.31,1201.56,1201.03,1201.39,1130000
VN30,2025-04-08 06:55:00,1201.54,1201.54,1201.05,1201.22,1593500
VN30,2025-04-08 06:56:00,1201.15,1201.44,1200.89,1201.25,1534900
VN30,2025-04-08 06:57:00,1201.19,1201.39,1201.11,1201.35,1672300
VN30,2025-04-08 06:58:00,1201.2,1201.2,1200.81,1201.0,1225700
VN30,2025-04-08 06:59:00,1201.07,1201.07,1200.71,1200.83,747100
VN30,2025-04-08 07:00:00,1200.74,1201.22,1200.74,1201.22,704101
VN30,2025-04-08 07:01:00,1201.29,1201.46,1201.08,1201.12,787501
VN30,2025-04-08 07:02:00,1201.03,1201.24,1200.75,1200.93,2355700
VN30,2025-04-08 07:03:00,1200.72,1200.82,1200.72,1200.72,433400
VN30,2025-04-08 07:04:00,1200.82,1201.03,1200.59,1201.03,3622700
VN30,2025-04-08 07:05:00,1200.78,1200.87,1200.15,1200.35,2156500
VN30,2025-04-08 07:06:00,1200.34,1200.38,1199.73,1199.78,1048500
VN30,2025-04-08 07:07:00,1199.77,1200.09,1199.53,1199.62,1854100
VN30,2025-04-08 07:08:00,1199.78,1199.78,1198.2,1198.2,2054300
VN30,2025-04-08 07:09:00,1198.06,1198.48,1197.97,1198.19,665700
VN30,2025-04-08 07:10:00,1197.99,1197.99,1196.93,1197.34,758500
VN30,2025-04-08 07:11:00,1195.81,1195.92,1194.85,1194.85,2732800
VN30,2025-04-08 07:12:00,1194.74,1194.87,1193.64,1193.64,1968800
VN30,2025-04-08 07:13:00,1193.64,1194.21,1193.47,1193.56,4170301
VN30,2025-04-08 07:14:00,1193.55,1193.71,1193.47,1193.47,388200
VN30,2025-04-08 07:15:00,1193.47,1194.94,1193.47,1194.74,1864300
VN30,2025-04-08 07:16:00,1194.53,1194.82,1194.52,1194.52,899900
VN30,2025-04-08 07:17:00,1194.61,1195.26,1194.61,1195.26,561900
VN30,2025-04-08 07:18:00,1195.26,1195.26,1193.89,1194.58,978400
VN30,2025-04-08 07:19:00,1194.58,1195.36,1194.58,1195.18,452400
VN30,2025-04-08 07:20:00,1195.07,1195.34,1195.07,1195.21,1381800
VN30,2025-04-08 07:21:00,1195.1,1195.85,1195.1,1195.73,1048700
VN30,2025-04-08 07:22:00,1195.83,1196.89,1195.72,1196.36,1236200
VN30,2025-04-08 07:23:00,1196.31,1196.31,1196.2,1196.2,934700
VN30,2025-04-08 07:24:00,1196.2,1196.95,1196.1,1196.35,1169800
VN30,2025-04-08 07:25:00,1196.39,1197.87,1196.39,1197.87,561500
VN30,2025-04-08 07:26:00,1197.71,1198.54,1197.66,1198.35,1404100
VN30,2025-04-08 07:27:00,1198.52,1199.24,1198.41,1199.24,1557100
VN30,2025-04-08 07:28:00,1199.19,1199.24,1198.76,1198.86,1264200
VN30,2025-04-08 07:29:00,1199.14,1199.8,1198.83,1199.8,1296600
VN30,2025-04-08 07:30:00,1199.7,1199.7,1199.7,1199.7,124500
VN30,2025-04-08 07:45:00,1199.24,1199.24,1197.51,1197.51,13937000
VN30,2025-04-09 02:15:00,1182.91,1182.91,1133.9,1141.01,57836600
VN30,2025-04-09 02:16:00,1138.59,1140.66,1137.3,1139.92,7079704
VN30,2025-04-09 02:17:00,1140.53,1140.53,1137.68,1137.68,9716100
VN30,2025-04-09 02:18:00,1138.62,1139.95,1137.72,1139.49,6601800
VN30,2025-04-09 02:19:00,1139.26,1139.76,1137.72,1138.96,6103800
VN30,2025-04-09 02:20:00,1140.27,1142.92,1140.22,1141.5,6180100
VN30,2025-04-09 02:21:00,1142.29,1145.04,1142.29,1145.04,4311300
VN30,2025-04-09 02:22:00,1144.62,1149.77,1144.62,1149.13,4621100
VN30,2025-04-09 02:23:00,1150.89,1157.59,1150.85,1157.59,5015700
VN30,2025-04-09 02:24:00,1157.4,1160.38,1157.4,1158.93,4685300
VN30,2025-04-09 02:25:00,1159.82,1161.28,1158.44,1158.84,4495000
VN30,2025-04-09 02:26:00,1159.83,1160.91,1157.26,1159.47,8146700
VN30,2025-04-09 02:27:00,1158.91,1158.91,1152.59,1152.59,4791700
VN30,2025-04-09 02:28:00,1152.63,1152.63,1150.27,1150.99,6047300
VN30,2025-04-09 02:29:00,1151.08,1151.08,1149.6,1150.27,4844500
VN30,2025-04-09 02:30:00,1149.69,1150.49,1149.36,1150.49,3015500
VN30,2025-04-09 02:31:00,1150.9,1150.98,1149.73,1150.02,2196800
VN30,2025-04-09 02:32:00,1150.17,1150.35,1149.68,1149.98,1932400
VN30,2025-04-09 02:33:00,1150.12,1151.72,1149.81,1151.72,5218500
VN30,2025-04-09 02:34:00,1151.48,1153.91,1151.35,1153.91,2784600
VN30,2025-04-09 02:35:00,1154.35,1156.63,1154.35,1156.36,4991200
VN30,2025-04-09 02:36:00,1156.46,1158.86,1156.46,1158.86,6510800
VN30,2025-04-09 02:37:00,1161.02,1166.71,1161.02,1166.71,11469200
VN30,2025-04-09 02:38:00,1167.05,1172.21,1164.49,1172.21,6842900
VN30,2025-04-09 02:39:00,1172.18,1176.91,1172.18,1176.91,5015800
VN30,2025-04-09 02:40:00,1177.53,1183.28,1177.53,1179.63,3556900
VN30,2025-04-09 02:41:00,1181.03,1187.09,1181.03,1187.09,4118100
VN30,2025-04-09 02:42:00,1187.45,1188.59,1181.7,1181.7,4761700
VN30,2025-04-09 02:43:00,1182.89,1186.21,1180.95,1182.98,2777300
VN30,2025-04-09 02:44:00,1181.46,1181.69,1174.37,1175.83,5198800
VN30,2025-04-09 02:45:00,1174.72,1177.71,1173.65,1175.17,5517000
VN30,2025-04-09 02:46:00,1174.94,1177.64,1173.13,1173.67,4348800
VN30,2025-04-09 02:47:00,1172.21,1174.32,1172.21,1173.81,6153000
VN30,2025-04-09 02:48:00,1173.54,1175.02,1173.33,1175.02,3206600
VN30,2025-04-09 02:49:00,1174.9,1177.21,1174.15,1177.21,3608000
VN30,2025-04-09 02:50:00,1177.71,1179.21,1176.97,1178.33,3266100
VN30,2025-04-09 02:51:00,1179.86,1181.99,1178.98,1181.99,1959500
VN30,2025-04-09 02:52:00,1181.9,1183.55,1179.63,1183.22,2617400
VN30,2025-04-09 02:53:00,1182.49,1183.88,1182.1,1183.11,2920100
VN30,2025-04-09 02:54:00,1181.24,1182.85,1180.39,1181.37,2523000
VN30,2025-04-09 02:55:00,1179.11,1181.25,1178.02,1180.58,1918400
VN30,2025-04-09 02:56:00,1181.27,1184.45,1181.27,1183.46,1705900
VN30,2025-04-09 02:57:00,1185.16,1188.38,1185.09,1188.38,3577200
VN30,2025-04-09 02:58:00,1188.46,1192.06,1188.46,1191.57,2989900
VN30,2025-04-09 02:59:00,1191.63,1195.96,1191.63,1195.87,4627600
VN30,2025-04-09 03:00:00,1194.93,1202.81,1194.93,1202.81,4269400
VN30,2025-04-09 03:01:00,1201.18,1205.73,1201.18,1204.6,3995300
VN30,2025-04-09 03:02:00,1205.83,1209.82,1205.83,1209.23,4400900
VN30,2025-04-09 03:03:00,1209.67,1213.39,1208.95,1213.39,3881000
VN30,2025-04-09 03:04:00,1211.57,1215.79,1211.57,1214.35,4316000
VN30,2025-04-09 03:05:00,1215.73,1217.18,1215.35,1217.18,4430200
VN30,2025-04-09 03:06:00,1217.07,1220.73,1217.07,1220.73,4223900
VN30,2025-04-09 03:07:00,1217.32,1217.75,1211.19,1211.19,5670900
VN30,2025-04-09 03:08:00,1211.97,1211.97,1205.04,1206.74,5679200
VN30,2025-04-09 03:09:00,1205.32,1206.99,1204.45,1206.15,3180200
VN30,2025-04-09 03:10:00,1206.76,1206.76,1200.67,1200.67,3067500
VN30,2025-04-09 03:11:00,1201.16,1201.16,1196.61,1196.69,3122500
VN30,2025-04-09 03:12:00,1194.49,1196.23,1191.45,1191.82,3441700
VN30,2025-04-09 03:13:00,1191.77,1191.77,1188.92,1190.21,3435100
VN30,2025-04-09 03:14:00,1188.44,1188.8,1187.54,1188.46,1920400
VN30,2025-04-09 03:15:00,1188.85,1191.68,1188.03,1191.68,1604800
VN30,2025-04-09 03:16:00,1191.16,1197.41,1191.16,1195.96,2540400
VN30,2025-04-09 03:17:00,1195.65,1196.81,1192.16,1192.16,1386700
VN30,2025-04-09 03:18:00,1192.35,1194.23,1191.68,1194.23,1665100
VN30,2025-04-09 03:19:00,1195.82,1196.75,1195.82,1196.25,1110600
VN30,2025-04-09 03:20:00,1196.43,1196.87,1193.98,1194.38,1473200
VN30,2025-04-09 03:21:00,1195.13,1195.13,1193.71,1194.8,992300
VN30,2025-04-09 03:22:00,1194.73,1196.25,1194.46,1196.12,851200
VN30,2025-04-09 03:23:00,1195.23,1196.28,1195.23,1196.13,1597400
VN30,2025-04-09 03:24:00,1196.25,1197.07,1196.23,1196.87,1332300
VN30,2025-04-09 03:25:00,1196.27,1196.62,1193.26,1195.07,2365400
VN30,2025-04-09 03:26:00,1192.88,1193.12,1191.87,1192.02,1166300
VN30,2025-04-09 03:27:00,1192.15,1193.77,1192.15,1193.77,754700
VN30,2025-04-09 03:28:00,1193.42,1193.51,1192.59,1193.19,839800
VN30,2025-04-09 03:29:00,1191.26,1191.26,1188.8,1189.01,1705001
VN30,2025-04-09 03:30:00,1190.75,1190.85,1189.77,1190.42,2340900
VN30,2025-04-09 03:31:00,1190.27,1190.27,1188.93,1190.0,1356700
VN30,2025-04-09 03:32:00,1190.03,1190.03,1189.39,1190.01,1783000
VN30,2025-04-09 03:33:00,1189.59,1189.63,1185.14,1185.14,2531700
VN30,2025-04-09 03:34:00,1185.7,1185.7,1181.64,1181.64,3585300
VN30,2025-04-09 03:35:00,1182.08,1182.08,1180.23,1180.23,2793700
VN30,2025-04-09 03:36:00,1179.93,1179.93,1178.63,1179.58,2323700
VN30,2025-04-09 03:37:00,1179.41,1179.41,1177.99,1178.11,2849700
VN30,2025-04-09 03:38:00,1178.34,1179.75,1178.06,1178.34,981000
VN30,2025-04-09 03:39:00,1178.35,1178.95,1177.45,1178.61,1504000
VN30,2025-04-09 03:40:00,1178.51,1179.42,1177.77,1178.78,1871700
VN30,2025-04-09 03:41:00,1178.91,1178.91,1178.18,1178.54,2426100
VN30,2025-04-09 03:42:00,1178.6,1178.94,1178.35,1178.58,1978600
VN30,2025-04-09 03:43:00,1178.58,1178.92,1178.35,1178.55,1593500
VN30,2025-04-09 03:44:00,1178.93,1179.93,1178.46,1179.63,2657900
VN30,2025-04-09 03:45:00,1179.83,1181.5,1179.27,1179.27,1905500
VN30,2025-04-09 03:46:00,1180.21,1181.05,1180.02,1180.97,1013300
VN30,2025-04-09 03:47:00,1180.5,1181.11,1180.11,1180.11,919100
VN30,2025-04-09 03:48:00,1180.02,1180.24,1179.85,1179.85,863400
VN30,2025-04-09 03:49:00,1179.87,1180.43,1179.52,1179.79,1000100
VN30,2025-04-09 03:50:00,1179.74,1180.53,1179.41,1180.16,578700
VN30,2025-04-09 03:51:00,1180.67,1180.72,1179.41,1179.95,1253600
VN30,2025-04-09 03:52:00,1180.04,1180.15,1179.81,1180.09,765100
VN30,2025-04-09 03:53:00,1180.18,1180.45,1179.79,1180.02,858100
VN30,2025-04-09 03:54:00,1180.22,1180.22,1179.15,1179.48,828500
VN30,2025-04-09 03:55:00,1179.08,1179.84,1178.88,1179.07,896200
VN30,2025-04-09 03:56:00,1179.14,1179.54,1178.86,1178.86,1055500
VN30,2025-04-09 03:57:00,1178.77,1178.77,1178.02,1178.09,2128200
VN30,2025-04-09 03:58:00,1178.17,1178.33,1177.36,1177.74,3034300
VN30,2025-04-09 03:59:00,1177.34,1177.47,1176.59,1176.59,1002700
VN30,2025-04-09 04:00:00,1176.81,1177.06,1176.51,1177.06,1064200
VN30,2025-04-09 04:01:00,1177.41,1177.47,1177.0,1177.24,837100
VN30,2025-04-09 04:02:00,1177.56,1177.71,1177.15,1177.33,1678500
VN30,2025-04-09 04:03:00,1177.37,1177.73,1177.15,1177.45,2646200
VN30,2025-04-09 04:04:00,1177.55,1178.37,1177.02,1178.29,1562700
VN30,2025-04-09 04:05:00,1177.76,1182.06,1177.76,1182.06,3053600
VN30,2025-04-09 04:06:00,1181.72,1186.3,1181.72,1186.3,3101900
VN30,2025-04-09 04:07:00,1187.81,1191.14,1187.81,1190.15,2985400
VN30,2025-04-09 04:08:00,1189.93,1190.78,1189.19,1189.19,1131800
VN30,2025-04-09 04:09:00,1187.93,1188.72,1187.32,1188.55,1031100
VN30,2025-04-09 04:10:00,1188.24,1188.27,1187.3,1188.15,1364800
VN30,2025-04-09 04:11:00,1188.41,1188.41,1187.17,1187.61,563900
VN30,2025-04-09 04:12:00,1187.2,1188.04,1186.8,1187.7,535800
VN30,2025-04-09 04:13:00,1187.36,1187.55,1186.68,1187.19,532600
VN30,2025-04-09 04:14:00,1186.75,1186.88,1184.96,1186.51,803301
VN30,2025-04-09 04:15:00,1186.05,1186.05,1184.92,1185.61,1128200
VN30,2025-04-09 04:16:00,1185.64,1186.23,1185.38,1185.46,712700
VN30,2025-04-09 04:17:00,1185.78,1185.78,1182.77,1182.77,672300
VN30,2025-04-09 04:18:00,1182.28,1183.27,1182.28,1183.08,1043000
VN30,2025-04-09 04:19:00,1182.55,1183.52,1182.55,1183.48,679900
VN30,2025-04-09 04:20:00,1183.47,1183.47,1182.67,1182.67,956600
VN30,2025-04-09 04:21:00,1183.22,1183.22,1182.63,1182.75,494400
VN30,2025-04-09 04:22:00,1182.97,1183.06,1180.04,1181.26,986800
VN30,2025-04-09 04:23:00,1181.19,1181.19,1177.82,1177.82,2402400
VN30,2025-04-09 04:24:00,1178.15,1178.47,1176.47,1177.57,2070200
VN30,2025-04-09 04:25:00,1175.31,1176.61,1174.31,1174.31,1369600
VN30,2025-04-09 04:26:00,1174.26,1174.26,1170.95,1173.01,2549700
VN30,2025-04-09 04:27:00,1171.39,1171.39,1169.5,1170.02,5119700
VN30,2025-04-09 04:28:00,1170.23,1170.67,1167.88,1167.95,4095400
VN30,2025-04-09 04:29:00,1168.06,1168.57,1166.24,1168.57,2316900
VN30,2025-04-09 04:30:00,1168.17,1168.17,1168.09,1168.09,112401
VN30,2025-04-09 06:00:00,1167.56,1167.56,1163.35,1164.54,10520100
VN30,2025-04-09 06:01:00,1166.05,1166.05,1163.52,1165.43,2548900
VN30,2025-04-09 06:02:00,1165.77,1171.31,1165.3,1171.31,3075100
VN30,2025-04-09 06:03:00,1170.6,1171.78,1170.37,1171.3,2174203
VN30,2025-04-09 06:04:00,1171.43,1175.04,1171.43,1174.31,2848600
VN30,2025-04-09 06:05:00,1173.68,1175.26,1173.08,1173.39,1307700
VN30,2025-04-09 06:06:00,1172.73,1174.47,1172.24,1174.47,1467100
VN30,2025-04-09 06:07:00,1174.16,1180.2,1174.16,1179.29,1793900
VN30,2025-04-09 06:08:00,1178.62,1180.18,1178.62,1179.67,1319000
VN30,2025-04-09 06:09:00,1179.3,1179.52,1178.4,1178.95,1638700
VN30,2025-04-09 06:10:00,1178.61,1179.76,1178.28,1179.7,1372900
VN30,2025-04-09 06:11:00,1179.73,1182.99,1179.73,1182.33,1377500
VN30,2025-04-09 06:12:00,1183.7,1185.03,1182.38,1184.99,2531200
VN30,2025-04-09 06:13:00,1184.46,1184.98,1184.23,1184.97,1136900
VN30,2025-04-09 06:14:00,1185.08,1185.08,1183.8,1184.83,1313000
VN30,2025-04-09 06:15:00,1184.65,1185.0,1183.93,1184.72,1931500
VN30,2025-04-09 06:16:00,1183.98,1185.34,1183.98,1184.65,1743000
VN30,2025-04-09 06:17:00,1182.84,1184.82,1182.3,1184.15,1522000
VN30,2025-04-09 06:18:00,1181.5,1183.13,1181.34,1183.13,1252500
VN30,2025-04-09 06:19:00,1182.68,1183.09,1181.99,1183.09,1359100
VN30,2025-04-09 06:20:00,1182.38,1183.06,1182.14,1182.54,1093500
VN30,2025-04-09 06:21:00,1182.6,1182.77,1181.62,1181.86,1046400
VN30,2025-04-09 06:22:00,1182.0,1182.0,1179.44,1180.98,1384600
VN30,2025-04-09 06:23:00,1181.18,1181.24,1180.66,1180.72,1410400
VN30,2025-04-09 06:24:00,1180.78,1181.16,1179.77,1179.77,1415600
VN30,2025-04-09 06:25:00,1179.65,1180.46,1179.2,1180.43,2390900
VN30,2025-04-09 06:26:00,1180.28,1180.59,1179.83,1180.25,1924800
VN30,2025-04-09 06:27:00,1179.78,1180.74,1179.78,1180.74,3032000
VN30,2025-04-09 06:28:00,1180.45,1184.13,1180.16,1184.13,3022400
VN30,2025-04-09 06:29:00,1185.2,1185.81,1184.8,1185.41,1513700
VN30,2025-04-09 06:30:00,1185.65,1187.28,1185.23,1187.28,1304300
VN30,2025-04-09 06:31:00,1188.38,1190.48,1188.25,1189.42,7849400
VN30,2025-04-09 06:32:00,1189.59,1190.71,1189.37,1190.6,1315300
VN30,2025-04-09 06:33:00,1190.9,1191.5,1190.9,1191.22,1726400
VN30,2025-04-09 06:34:00,1191.05,1192.25,1189.61,1192.25,4675800
VN30,2025-04-09 06:35:00,1191.88,1194.15,1191.66,1194.15,2464200
VN30,2025-04-09 06:36:00,1194.26,1195.37,1194.2,1195.35,1418601
VN30,2025-04-09 06:37:00,1195.28,1196.01,1194.77,1195.23,3357200
VN30,2025-04-09 06:38:00,1195.86,1196.28,1194.63,1194.69,2637600
VN30,2025-04-09 06:39:00,1195.16,1196.35,1195.16,1196.19,2383000
VN30,2025-04-09 06:40:00,1196.09,1196.6,1195.63,1196.32,1752900
VN30,2025-04-09 06:41:00,1196.09,1196.56,1194.55,1194.55,4563000
VN30,2025-04-09 06:42:00,1194.22,1194.47,1191.55,1191.55,2270201
VN30,2025-04-09 06:43:00,1191.7,1191.89,1187.6,1187.6,3969500
VN30,2025-04-09 06:44:00,1187.14,1187.29,1186.42,1186.62,2329200
VN30,2025-04-09 06:45:00,1186.8,1186.88,1185.41,1185.6,2015500
VN30,2025-04-09 06:46:00,1185.32,1185.32,1181.54,1181.54,1739600
VN30,2025-04-09 06:47:00,1181.79,1182.97,1181.0,1182.97,1739000
VN30,2025-04-09 06:48:00,1182.86,1184.5,1182.86,1183.49,2114100
VN30,2025-04-09 06:49:00,1184.03,1184.26,1182.65,1183.41,2216700
VN30,2025-04-09 06:50:00,1183.47,1183.47,1182.41,1182.41,1394500
VN30,2025-04-09 06:51:00,1183.47,1183.47,1180.37,1180.37,1712600
VN30,2025-04-09 06:52:00,1180.59,1180.95,1179.81,1180.55,1335200
VN30,2025-04-09 06:53:00,1180.93,1181.05,1180.15,1180.43,1047600
VN30,2025-04-09 06:54:00,1180.27,1184.4,1179.85,1184.4,1838600
VN30,2025-04-09 06:55:00,1184.24,1186.63,1184.09,1186.01,3084900
VN30,2025-04-09 06:56:00,1185.77,1185.77,1183.82,1184.76,789700
VN30,2025-04-09 06:57:00,1184.92,1184.92,1183.65,1184.26,1234400
VN30,2025-04-09 06:58:00,1184.36,1186.06,1183.37,1186.06,1445500
VN30,2025-04-09 06:59:00,1186.83,1187.09,1185.27,1186.03,2901900
VN30,2025-04-09 07:00:00,1185.68,1186.13,1185.18,1185.63,675700
VN30,2025-04-09 07:01:00,1185.5,1186.08,1182.62,1183.89,2557200
VN30,2025-04-09 07:02:00,1183.43,1184.04,1181.71,1183.33,2199600
VN30,2025-04-09 07:03:00,1182.57,1185.9,1182.44,1185.39,5487500
VN30,2025-04-09 07:04:00,1186.52,1186.52,1184.03,1184.16,1512900
VN30,2025-04-09 07:05:00,1183.74,1184.07,1182.48,1182.5,2188200
VN30,2025-04-09 07:06:00,1182.65,1183.19,1181.89,1181.89,2463800
VN30,2025-04-09 07:07:00,1181.77,1181.96,1181.22,1181.62,1938100
VN30,2025-04-09 07:08:00,1181.29,1181.36,1180.84,1181.29,1715800
VN30,2025-04-09 07:09:00,1180.98,1181.23,1180.43,1180.43,1636500
VN30,2025-04-09 07:10:00,1180.39,1180.41,1179.49,1179.49,2922800
VN30,2025-04-09 07:11:00,1179.68,1179.68,1173.88,1173.88,4004300
VN30,2025-04-09 07:12:00,1174.53,1174.53,1170.65,1170.85,7191700
VN30,2025-04-09 07:13:00,1170.73,1170.73,1168.93,1169.37,4890400
VN30,2025-04-09 07:14:00,1168.68,1169.67,1168.68,1169.27,3876000
VN30,2025-04-09 07:15:00,1170.64,1170.64,1169.77,1169.77,2530301
VN30,2025-04-09 07:16:00,1169.61,1170.33,1169.61,1170.33,1914300
VN30,2025-04-09 07:17:00,1170.3,1170.52,1169.83,1170.28,2807201
VN30,2025-04-09 07:18:00,1170.31,1170.4,1169.57,1170.01,3120500
VN30,2025-04-09 07:19:00,1170.36,1173.99,1170.36,1173.99,2022200
VN30,2025-04-09 07:20:00,1173.51,1177.59,1173.51,1177.58,3082000
VN30,2025-04-09 07:21:00,1178.15,1180.59,1178.15,1179.92,3810900
VN30,2025-04-09 07:22:00,1180.2,1180.64,1179.37,1179.48,1972800
VN30,2025-04-09 07:23:00,1179.99,1179.99,1176.32,1177.37,1852100
VN30,2025-04-09 07:24:00,1177.97,1178.26,1174.77,1175.24,2783300
VN30,2025-04-09 07:25:00,1175.41,1176.74,1172.72,1172.72,4345300
VN30,2025-04-09 07:26:00,1173.03,1173.76,1167.11,1167.11,5028200
VN30,2025-04-09 07:27:00,1166.7,1166.7,1163.78,1166.32,6301900
VN30,2025-04-09 07:28:00,1164.74,1166.31,1164.41,1165.8,6534500
VN30,2025-04-09 07:29:00,1166.09,1166.13,1165.28,1165.52,5594400
VN30,2025-04-09 07:30:00,1166.84,1166.84,1166.84,1166.84,508900
VN30,2025-04-09 07:45:00,1165.1,1168.68,1165.1,1168.68,32930100
VN30,2025-04-10 02:15:00,1168.68,1248.92,1168.68,1248.83,39066500
VN30,2025-04-10 02:16:00,1248.92,1249.01,1248.92,1249.01,1120402
VN30,2025-04-10 02:17:00,1249.01,1249.2,1249.01,1249.2,803700
VN30,2025-04-10 02:18:00,1249.11,1249.29,1249.11,1249.2,716500
VN30,2025-04-10 02:19:00,1249.2,1249.2,1249.19,1249.2,457200
VN30,2025-04-10 02:20:00,1249.2,1249.29,1249.2,1249.29,500100
VN30,2025-04-10 02:21:00,1249.29,1249.29,1249.2,1249.2,701900
VN30,2025-04-10 02:22:00,1249.29,1249.29,1249.2,1249.29,765100
VN30,2025-04-10 02:23:00,1249.29,1249.29,1249.2,1249.29,316600
VN30,2025-04-10 02:24:00,1249.29,1249.29,1249.29,1249.29,879300
VN30,2025-04-10 02:25:00,1249.2,1249.29,1249.2,1249.29,278400
VN30,2025-04-10 02:26:00,1249.29,1249.29,1249.29,1249.29,97600
VN30,2025-04-10 02:27:00,1249.29,1249.29,1249.29,1249.29,198401
VN30,2025-04-10 02:28:00,1249.29,1249.29,1249.29,1249.29,110500
VN30,2025-04-10 02:29:00,1249.29,1249.29,1249.29,1249.29,260700
VN30,2025-04-10 02:30:00,1249.29,1249.29,1249.29,1249.29,216601
VN30,2025-04-10 02:31:00,1249.29,1249.29,1249.2,1249.2,203501
VN30,2025-04-10 02:32:00,1249.29,1249.29,1249.2,1249.29,177601
VN30,2025-04-10 02:33:00,1249.29,1249.29,1249.29,1249.29,269400
VN30,2025-04-10 02:34:00,1249.29,1249.29,1249.29,1249.29,101400
VN30,2025-04-10 02:35:00,1249.29,1249.29,1249.29,1249.29,116100
VN30,2025-04-10 02:36:00,1249.29,1249.29,1249.29,1249.29,2214101
VN30,2025-04-10 02:37:00,1249.29,1249.29,1249.29,1249.29,1578600
VN30,2025-04-10 02:38:00,1249.29,1249.29,1249.29,1249.29,51601
VN30,2025-04-10 02:39:00,1249.29,1249.29,1249.29,1249.29,101200
VN30,2025-04-10 02:40:00,1249.29,1249.29,1249.29,1249.29,70300
VN30,2025-04-10 02:41:00,1249.29,1249.29,1249.29,1249.29,32401
VN30,2025-04-10 02:42:00,1249.29,1249.29,1249.29,1249.29,1698901
VN30,2025-04-10 02:43:00,1249.29,1249.29,1249.29,1249.29,77401
VN30,2025-04-10 02:44:00,1249.29,1249.29,1249.29,1249.29,20801
VN30,2025-04-10 02:45:00,1249.29,1249.29,1249.29,1249.29,61000
VN30,2025-04-10 02:46:00,1249.29,1249.29,1249.29,1249.29,75800
VN30,2025-04-10 02:47:00,1249.29,1249.29,1249.29,1249.29,38202
VN30,2025-04-10 02:48:00,1249.29,1249.29,1249.29,1249.29,22800
VN30,2025-04-10 02:49:00,1249.29,1249.29,1249.29,1249.29,38800
VN30,2025-04-10 02:50:00,1249.29,1249.29,1249.29,1249.29,142000
VN30,2025-04-10 02:51:00,1249.29,1249.29,1249.29,1249.29,70100
VN30,2025-04-10 02:52:00,1249.29,1249.29,1249.29,1249.29,90901
VN30,2025-04-10 02:53:00,1249.29,1249.29,1249.29,1249.29,85000
VN30,2025-04-10 02:54:00,1249.29,1249.29,1249.29,1249.29,56700
VN30,2025-04-10 02:55:00,1249.29,1249.29,1249.29,1249.29,306500
VN30,2025-04-10 02:56:00,1249.29,1249.29,1249.29,1249.29,25301
VN30,2025-04-10 02:57:00,1249.29,1249.29,1249.29,1249.29,122700
VN30,2025-04-10 02:58:00,1249.29,1249.29,1249.29,1249.29,65000
VN30,2025-04-10 02:59:00,1249.29,1249.29,1249.29,1249.29,28800
VN30,2025-04-10 03:00:00,1249.29,1249.29,1249.29,1249.29,14700
VN30,2025-04-10 03:01:00,1249.29,1249.29,1249.29,1249.29,41601
VN30,2025-04-10 03:02:00,1249.29,1249.29,1249.29,1249.29,52200
VN30,2025-04-10 03:03:00,1249.29,1249.29,1249.29,1249.29,10500
VN30,2025-04-10 03:04:00,1249.29,1249.29,1249.29,1249.29,5044901
VN30,2025-04-10 03:05:00,1249.29,1249.29,1249.29,1249.29,24700
VN30,2025-04-10 03:06:00,1249.29,1249.29,1249.29,1249.29,5213922
VN30,2025-04-10 03:07:00,1249.29,1249.29,1249.29,1249.29,1017300
VN30,2025-04-10 03:08:00,1249.29,1249.29,1249.29,1249.29,64401
VN30,2025-04-10 03:09:00,1249.29,1249.29,1249.29,1249.29,52400
VN30,2025-04-10 03:10:00,1249.29,1249.29,1249.29,1249.29,13100
VN30,2025-04-10 03:11:00,1249.29,1249.29,1249.29,1249.29,25200
VN30,2025-04-10 03:12:00,1249.29,1249.29,1249.29,1249.29,170400
VN30,2025-04-10 03:13:00,1249.29,1249.29,1249.29,1249.29,25901
VN30,2025-04-10 03:14:00,1249.29,1249.29,1249.29,1249.29,1011000
VN30,2025-04-10 03:15:00,1249.29,1249.29,1249.29,1249.29,26501
VN30,2025-04-10 03:16:00,1249.29,1249.29,1249.29,1249.29,10001
VN30,2025-04-10 03:17:00,1249.29,1249.29,1249.29,1249.29,11600
VN30,2025-04-10 03:18:00,1249.29,1249.29,1249.29,1249.29,17700
VN30,2025-04-10 03:19:00,1249.29,1249.29,1249.29,1249.29,11300
VN30,2025-04-10 03:20:00,1249.29,1249.29,1249.29,1249.29,4900
VN30,2025-04-10 03:21:00,1249.29,1249.29,1249.29,1249.29,9400
VN30,2025-04-10 03:22:00,1249.29,1249.29,1249.29,1249.29,29000
VN30,2025-04-10 03:23:00,1249.29,1249.29,1249.29,1249.29,31200
VN30,2025-04-10 03:24:00,1249.29,1249.29,1249.29,1249.29,25000
VN30,2025-04-10 03:25:00,1249.29,1249.29,1249.29,1249.29,45600
VN30,2025-04-10 03:26:00,1249.29,1249.29,1249.29,1249.29,16300
VN30,2025-04-10 03:27:00,1249.29,1249.29,1249.29,1249.29,14300
VN30,2025-04-10 03:28:00,1249.29,1249.29,1249.29,1249.29,22500
VN30,2025-04-10 03:29:00,1249.29,1249.29,1249.29,1249.29,17000
VN30,2025-04-10 03:30:00,1249.29,1249.29,1249.29,1249.29,10300
VN30,2025-04-10 03:31:00,1249.29,1249.29,1249.29,1249.29,11400
VN30,2025-04-10 03:32:00,1249.29,1249.29,1249.29,1249.29,4000
VN30,2025-04-10 03:33:00,1249.29,1249.29,1249.29,1249.29,14800
VN30,2025-04-10 03:34:00,1249.29,1249.29,1249.29,1249.29,73300
VN30,2025-04-10 03:35:00,1249.29,1249.29,1249.29,1249.29,6900
VN30,2025-04-10 03:36:00,1249.29,1249.29,1249.29,1249.29,9900
VN30,2025-04-10 03:37:00,1249.29,1249.29,1249.29,1249.29,8400
VN30,2025-04-10 03:38:00,1249.29,1249.29,1249.29,1249.29,297600
VN30,2025-04-10 03:39:00,1249.29,1249.29,1249.29,1249.29,17500
VN30,2025-04-10 03:40:00,1249.29,1249.29,1249.2,1249.2,47500
VN30,2025-04-10 03:41:00,1249.29,1249.29,1249.29,1249.29,2800
VN30,2025-04-10 03:42:00,1249.29,1249.29,1249.29,1249.29,5800
VN30,2025-04-10 03:43:00,1249.29,1249.29,1249.29,1249.29,11300
VN30,2025-04-10 03:44:00,1249.29,1249.29,1249.29,1249.29,2007800
VN30,2025-04-10 03:45:00,1249.29,1249.29,1249.29,1249.29,6901
VN30,2025-04-10 03:46:00,1249.29,1249.29,1249.29,1249.29,23900
VN30,2025-04-10 03:47:00,1249.29,1249.29,1249.29,1249.29,8600
VN30,2025-04-10 03:48:00,1249.29,1249.29,1249.29,1249.29,15800
VN30,2025-04-10 03:49:00,1249.29,1249.29,1249.29,1249.29,13500
VN30,2025-04-10 03:50:00,1249.29,1249.29,1249.29,1249.29,5300
VN30,2025-04-10 03:51:00,1249.29,1249.29,1249.29,1249.29,451400
VN30,2025-04-10 03:52:00,1249.29,1249.29,1249.29,1249.29,171800
VN30,2025-04-10 03:53:00,1249.29,1249.29,1249.29,1249.29,145700
VN30,2025-04-10 03:54:00,1249.29,1249.29,1249.29,1249.29,4400
VN30,2025-04-10 03:55:00,1249.29,1249.29,1249.29,1249.29,2900
VN30,2025-04-10 03:56:00,1249.29,1249.29,1249.29,1249.29,43300
VN30,2025-04-10 03:57:00,1249.29,1249.29,1249.29,1249.29,2500
VN30,2025-04-10 03:58:00,1249.29,1249.29,1249.29,1249.29,59600
VN30,2025-04-10 03:59:00,1249.29,1249.29,1249.29,1249.29,19700
VN30,2025-04-10 04:00:00,1249.29,1249.29,1249.29,1249.29,8900
VN30,2025-04-10 04:01:00,1249.29,1249.29,1249.29,1249.29,14400
VN30,2025-04-10 04:02:00,1249.29,1249.29,1249.29,1249.29,15401
VN30,2025-04-10 04:03:00,1249.29,1249.29,1249.29,1249.29,9101
VN30,2025-04-10 04:04:00,1249.29,1249.29,1249.29,1249.29,9400
VN30,2025-04-10 04:05:00,1249.29,1249.29,1249.29,1249.29,29900
VN30,2025-04-10 04:06:00,1249.29,1249.29,1249.29,1249.29,21800
VN30,2025-04-10 04:07:00,1249.29,1249.29,1249.29,1249.29,165800
VN30,2025-04-10 04:08:00,1249.29,1249.29,1249.29,1249.29,60200
VN30,2025-04-10 04:09:00,1249.29,1249.29,1249.29,1249.29,1039800
VN30,2025-04-10 04:10:00,1249.29,1249.29,1249.29,1249.29,2300
VN30,2025-04-10 04:11:00,1249.29,1249.29,1249.29,1249.29,65500
VN30,2025-04-10 04:12:00,1249.29,1249.29,1249.29,1249.29,11101
VN30,2025-04-10 04:13:00,1249.29,1249.29,1249.29,1249.29,106100
VN30,2025-04-10 04:14:00,1249.29,1249.29,1249.29,1249.29,17400
VN30,2025-04-10 04:15:00,1249.29,1249.29,1249.29,1249.29,12000
VN30,2025-04-10 04:16:00,1249.29,1249.29,1249.29,1249.29,5200
VN30,2025-04-10 04:17:00,1249.29,1249.29,1249.29,1249.29,4800
VN30,2025-04-10 04:18:00,1249.29,1249.29,1249.29,1249.29,305400
VN30,2025-04-10 04:19:00,1249.29,1249.29,1249.29,1249.29,21100
VN30,2025-04-10 04:20:00,1249.29,1249.29,1249.29,1249.29,10200
VN30,2025-04-10 04:21:00,1249.29,1249.29,1249.29,1249.29,42200
VN30,2025-04-10 04:22:00,1249.29,1249.29,1249.29,1249.29,22500
VN30,2025-04-10 04:23:00,1249.29,1249.29,1249.29,1249.29,29900
VN30,2025-04-10 04:24:00,1249.29,1249.29,1249.29,1249.29,43400
VN30,2025-04-10 04:25:00,1249.29,1249.29,1249.29,1249.29,4300
VN30,2025-04-10 04:26:00,1249.29,1249.29,1249.29,1249.29,46000
VN30,2025-04-10 04:27:00,1249.29,1249.29,1249.29,1249.29,28300
VN30,2025-04-10 04:28:00,1249.29,1249.29,1249.29,1249.29,3100
VN30,2025-04-10 04:29:00,1249.29,1249.29,1249.29,1249.29,8100
VN30,2025-04-10 04:30:00,1249.29,1249.29,1249.29,1249.29,100
VN30,2025-04-10 06:00:00,1249.2,1249.29,1249.2,1249.2,5724400
VN30,2025-04-10 06:01:00,1249.2,1249.2,1249.2,1249.2,19800
VN30,2025-04-10 06:02:00,1249.2,1249.29,1249.2,1249.29,30000
VN30,2025-04-10 06:03:00,1249.29,1249.29,1249.29,1249.29,22911
VN30,2025-04-10 06:04:00,1249.29,1249.29,1249.29,1249.29,15100
VN30,2025-04-10 06:05:00,1249.29,1249.29,1249.29,1249.29,72500
VN30,2025-04-10 06:06:00,1249.29,1249.29,1249.29,1249.29,35900
VN30,2025-04-10 06:07:00,1249.29,1249.29,1249.29,1249.29,22600
VN30,2025-04-10 06:08:00,1249.29,1249.29,1249.29,1249.29,901000
VN30,2025-04-10 06:09:00,1249.29,1249.29,1249.29,1249.29,14700
VN30,2025-04-10 06:10:00,1249.29,1249.29,1249.29,1249.29,50000
VN30,2025-04-10 06:11:00,1249.29,1249.29,1249.29,1249.29,119200
VN30,2025-04-10 06:12:00,1249.29,1249.29,1249.29,1249.29,10000
VN30,2025-04-10 06:13:00,1249.29,1249.29,1249.29,1249.29,667600
VN30,2025-04-10 06:14:00,1249.29,1249.29,1249.29,1249.29,610000
VN30,2025-04-10 06:15:00,1249.29,1249.29,1249.29,1249.29,5000
VN30,2025-04-10 06:16:00,1249.29,1249.29,1249.29,1249.29,13900
VN30,2025-04-10 06:17:00,1249.29,1249.29,1249.29,1249.29,27700
VN30,2025-04-10 06:18:00,1249.29,1249.29,1249.29,1249.29,76800
VN30,2025-04-10 06:19:00,1249.29,1249.29,1249.29,1249.29,407700
VN30,2025-04-10 06:20:00,1249.29,1249.29,1249.29,1249.29,2529800
VN30,2025-04-10 06:21:00,1249.29,1249.29,1249.29,1249.29,34000
VN30,2025-04-10 06:22:00,1249.29,1249.29,1249.29,1249.29,41200
VN30,2025-04-10 06:23:00,1249.29,1249.29,1249.29,1249.29,53400
VN30,2025-04-10 06:24:00,1249.29,1249.29,1249.29,1249.29,354600
VN30,2025-04-10 06:25:00,1249.29,1249.29,1249.29,1249.29,140400
VN30,2025-04-10 06:26:00,1249.29,1249.29,1249.29,1249.29,9100
VN30,2025-04-10 06:27:00,1249.29,1249.29,1249.29,1249.29,4100
VN30,2025-04-10 06:28:00,1249.29,1249.29,1249.29,1249.29,3600
VN30,2025-04-10 06:29:00,1249.29,1249.29,1249.29,1249.29,6300
VN30,2025-04-10 06:30:00,1249.29,1249.29,1249.29,1249.29,5500
VN30,2025-04-10 06:31:00,1249.29,1249.29,1249.29,1249.29,4900
VN30,2025-04-10 06:32:00,1249.29,1249.29,1249.29,1249.29,132500
VN30,2025-04-10 06:33:00,1249.29,1249.29,1249.29,1249.29,10200
VN30,2025-04-10 06:34:00,1249.29,1249.29,1249.29,1249.29,1600
VN30,2025-04-10 06:35:00,1249.29,1249.29,1249.29,1249.29,223600
VN30,2025-04-10 06:36:00,1249.29,1249.29,1249.29,1249.29,22100
VN30,2025-04-10 06:37:00,1249.29,1249.29,1249.29,1249.29,2260700
VN30,2025-04-10 06:38:00,1249.29,1249.29,1249.29,1249.29,2163100
VN30,2025-04-10 06:39:00,1249.29,1249.29,1249.29,1249.29,2583900
VN30,2025-04-10 06:40:00,1249.29,1249.29,1249.29,1249.29,2568000
VN30,2025-04-10 06:41:00,1249.29,1249.29,1249.29,1249.29,3776900
VN30,2025-04-10 06:42:00,1249.29,1249.29,1249.29,1249.29,5700
VN30,2025-04-10 06:43:00,1249.29,1249.29,1249.29,1249.29,3400
VN30,2025-04-10 06:44:00,1249.29,1249.29,1249.29,1249.29,1400
VN30,2025-04-10 06:45:00,1249.29,1249.29,1249.29,1249.29,11400
VN30,2025-04-10 06:46:00,1249.29,1249.29,1249.29,1249.29,4100
VN30,2025-04-10 06:47:00,1249.29,1249.29,1249.29,1249.29,10000
VN30,2025-04-10 06:48:00,1249.29,1249.29,1249.29,1249.29,260700
VN30,2025-04-10 06:49:00,1249.29,1249.29,1249.29,1249.29,36401
VN30,2025-04-10 06:50:00,1249.29,1249.29,1249.29,1249.29,21100
VN30,2025-04-10 06:51:00,1249.29,1249.29,1249.29,1249.29,1000
VN30,2025-04-10 06:52:00,1249.29,1249.29,1249.29,1249.29,3400
VN30,2025-04-10 06:53:00,1249.29,1249.29,1249.29,1249.29,56300
VN30,2025-04-10 06:54:00,1249.29,1249.29,1249.29,1249.29,10400
VN30,2025-04-10 06:55:00,1249.29,1249.29,1249.29,1249.29,5800
VN30,2025-04-10 06:56:00,1249.29,1249.29,1249.29,1249.29,10300
VN30,2025-04-10 06:57:00,1249.29,1249.29,1249.29,1249.29,13900
VN30,2025-04-10 06:58:00,1249.29,1249.29,1249.29,1249.29,16400
VN30,2025-04-10 06:59:00,1249.29,1249.29,1249.29,1249.29,110100
VN30,2025-04-10 07:00:00,1249.29,1249.29,1249.29,1249.29,77102
VN30,2025-04-10 07:01:00,1249.29,1249.29,1249.29,1249.29,3100
VN30,2025-04-10 07:02:00,1249.29,1249.29,1249.29,1249.29,7200
VN30,2025-04-10 07:03:00,1249.29,1249.29,1249.29,1249.29,4500
VN30,2025-04-10 07:04:00,1249.29,1249.29,1249.29,1249.29,13900
VN30,2025-04-10 07:05:00,1249.29,1249.29,1249.29,1249.29,24400
VN30,2025-04-10 07:06:00,1249.29,1249.29,1249.29,1249.29,110700
VN30,2025-04-10 07:07:00,1249.29,1249.29,1249.29,1249.29,13900
VN30,2025-04-10 07:08:00,1249.29,1249.29,1249.29,1249.29,248700
VN30,2025-04-10 07:09:00,1249.29,1249.29,1249.29,1249.29,2600
VN30,2025-04-10 07:10:00,1249.29,1249.29,1249.29,1249.29,11500
VN30,2025-04-10 07:11:00,1249.29,1249.29,1249.29,1249.29,2400
VN30,2025-04-10 07:12:00,1249.29,1249.29,1249.29,1249.29,9300
VN30,2025-04-10 07:13:00,1249.29,1249.29,1249.29,1249.29,1700
VN30,2025-04-10 07:14:00,1249.29,1249.29,1249.29,1249.29,110900
VN30,2025-04-10 07:15:00,1249.29,1249.29,1249.29,1249.29,500
VN30,2025-04-10 07:16:00,1249.29,1249.29,1249.29,1249.29,73400
VN30,2025-04-10 07:17:00,1249.29,1249.29,1249.29,1249.29,30800
VN30,2025-04-10 07:18:00,1249.29,1249.29,1249.29,1249.29,400
VN30,2025-04-10 07:19:00,1249.29,1249.29,1249.29,1249.29,4400
VN30,2025-04-10 07:20:00,1249.29,1249.29,1249.29,1249.29,5700
VN30,2025-04-10 07:21:00,1249.29,1249.29,1249.29,1249.29,28600
VN30,2025-04-10 07:22:00,1249.29,1249.29,1249.29,1249.29,11600
VN30,2025-04-10 07:23:00,1249.29,1249.29,1249.29,1249.29,12400
VN30,2025-04-10 07:24:00,1249.29,1249.29,1249.29,1249.29,5900
VN30,2025-04-10 07:25:00,1249.29,1249.29,1249.29,1249.29,21000
VN30,2025-04-10 07:26:00,1249.29,1249.29,1249.29,1249.29,2500
VN30,2025-04-10 07:27:00,1249.29,1249.29,1249.29,1249.29,11600
VN30,2025-04-10 07:28:00,1249.29,1249.29,1249.29,1249.29,5700
VN30,2025-04-10 07:29:00,1249.29,1249.29,1249.29,1249.29,19200
VN30,2025-04-10 07:30:00,1249.29,1249.29,1249.29,1249.29,2500
VN30,2025-04-10 07:45:00,1249.29,1249.29,1249.29,1249.29,2702052
VN30,2025-04-11 02:15:00,1268.12,1282.3,1268.12,1277.95,92790100
VN30,2025-04-11 02:16:00,1274.22,1274.85,1270.72,1270.72,5211003
VN30,2025-04-11 02:17:00,1271.63,1273.83,1270.74,1273.83,5019800
VN30,2025-04-11 02:18:00,1271.67,1276.27,1271.67,1274.86,5635200
VN30,2025-04-11 02:19:00,1274.38,1277.53,1274.38,1277.53,7189600
VN30,2025-04-11 02:20:00,1277.93,1279.61,1277.93,1278.69,5552900
VN30,2025-04-11 02:21:00,1279.51,1279.51,1277.27,1277.27,7883000
VN30,2025-04-11 02:22:00,1277.51,1277.82,1276.98,1277.02,7466200
VN30,2025-04-11 02:23:00,1275.75,1277.26,1275.49,1275.88,8001100
VN30,2025-04-11 02:24:00,1275.9,1275.9,1273.92,1275.57,5009500
VN30,2025-04-11 02:25:00,1275.19,1275.74,1274.29,1274.69,4781500
VN30,2025-04-11 02:26:00,1275.15,1275.56,1273.6,1275.18,5492900
VN30,2025-04-11 02:27:00,1275.27,1275.38,1274.31,1274.94,4100500
VN30,2025-04-11 02:28:00,1274.47,1275.36,1274.11,1274.23,5259800
VN30,2025-04-11 02:29:00,1273.95,1274.24,1273.02,1273.77,5193000
VN30,2025-04-11 02:30:00,1274.24,1274.24,1271.84,1271.88,3800200
VN30,2025-04-11 02:31:00,1272.12,1272.78,1271.94,1272.3,6132300
VN30,2025-04-11 02:32:00,1272.13,1272.94,1272.13,1272.25,3857100
VN30,2025-04-11 02:33:00,1272.61,1272.61,1270.77,1270.79,5586100
VN30,2025-04-11 02:34:00,1270.4,1270.94,1269.48,1269.83,4136700
VN30,2025-04-11 02:35:00,1269.73,1269.73,1267.81,1268.66,8336500
VN30,2025-04-11 02:36:00,1268.43,1268.43,1266.08,1266.08,4677100
VN30,2025-04-11 02:37:00,1265.45,1266.58,1265.45,1266.19,3343200
VN30,2025-04-11 02:38:00,1266.33,1266.33,1265.43,1265.43,3608100
VN30,2025-04-11 02:39:00,1265.59,1265.79,1265.26,1265.41,3079200
VN30,2025-04-11 02:40:00,1265.35,1266.22,1265.35,1266.22,2595500
VN30,2025-04-11 02:41:00,1266.04,1266.82,1266.04,1266.82,3548900
VN30,2025-04-11 02:42:00,1266.2,1267.52,1266.2,1266.84,2531600
VN30,2025-04-11 02:43:00,1267.28,1267.28,1266.37,1266.37,1702800
VN30,2025-04-11 02:44:00,1266.76,1267.16,1266.72,1267.06,2381600
VN30,2025-04-11 02:45:00,1267.39,1268.12,1266.87,1267.86,1960201
VN30,2025-04-11 02:46:00,1267.69,1268.05,1267.37,1267.82,1426000
VN30,2025-04-11 02:47:00,1267.19,1267.66,1266.22,1266.62,2109600
VN30,2025-04-11 02:48:00,1266.25,1267.48,1266.22,1266.95,2501900
VN30,2025-04-11 02:49:00,1267.01,1267.75,1266.91,1267.75,1724000
VN30,2025-04-11 02:50:00,1267.51,1267.91,1267.38,1267.42,1987300
VN30,2025-04-11 02:51:00,1267.58,1267.92,1266.9,1267.35,1581900
VN30,2025-04-11 02:52:00,1267.68,1268.42,1267.05,1267.86,1532900
VN30,2025-04-11 02:53:00,1268.19,1268.5,1268.05,1268.5,1336900
VN30,2025-04-11 02:54:00,1269.12,1269.88,1268.99,1269.88,1343800
VN30,2025-04-11 02:55:00,1269.41,1270.48,1269.41,1269.85,1542200
VN30,2025-04-11 02:56:00,1269.88,1271.29,1269.88,1271.26,3636700
VN30,2025-04-11 02:57:00,1271.16,1272.51,1271.16,1272.45,2106500
VN30,2025-04-11 02:58:00,1272.59,1273.46,1272.48,1273.46,1374200
VN30,2025-04-11 02:59:00,1273.3,1273.71,1272.38,1272.77,2012700
VN30,2025-04-11 03:00:00,1273.08,1275.31,1272.72,1275.31,3220800
VN30,2025-04-11 03:01:00,1275.68,1276.04,1274.0,1275.44,4006800
VN30,2025-04-11 03:02:00,1275.31,1277.81,1275.31,1277.78,3566300
VN30,2025-04-11 03:03:00,1278.26,1279.59,1277.95,1279.59,2847600
VN30,2025-04-11 03:04:00,1279.42,1281.37,1279.42,1281.37,2987200
VN30,2025-04-11 03:05:00,1281.35,1282.87,1281.35,1282.64,4998100
VN30,2025-04-11 03:06:00,1282.97,1284.83,1282.97,1284.68,5036000
VN30,2025-04-11 03:07:00,1284.98,1286.63,1284.84,1286.63,9997500
VN30,2025-04-11 03:08:00,1286.71,1289.17,1286.71,1289.17,4457200
VN30,2025-04-11 03:09:00,1289.87,1291.93,1289.87,1291.93,5976700
VN30,2025-04-11 03:10:00,1291.95,1293.57,1291.95,1293.33,5990900
VN30,2025-04-11 03:11:00,1293.87,1296.33,1293.87,1296.03,5276100
VN30,2025-04-11 03:12:00,1296.13,1298.28,1296.13,1298.28,4371600
VN30,2025-04-11 03:13:00,1298.16,1298.16,1295.04,1295.04,5838400
VN30,2025-04-11 03:14:00,1295.26,1295.26,1291.15,1291.15,3924200
VN30,2025-04-11 03:15:00,1290.51,1291.33,1289.95,1290.59,3695500
VN30,2025-04-11 03:16:00,1290.4,1290.4,1289.34,1289.86,4070700
VN30,2025-04-11 03:17:00,1289.67,1289.67,1288.48,1288.63,2895400
VN30,2025-04-11 03:18:00,1288.69,1288.69,1287.77,1287.89,1779700
VN30,2025-04-11 03:19:00,1287.34,1287.34,1285.39,1285.39,2227600
VN30,2025-04-11 03:20:00,1285.86,1286.17,1285.41,1286.14,1832500
VN30,2025-04-11 03:21:00,1285.77,1286.42,1285.36,1286.42,2779300
VN30,2025-04-11 03:22:00,1286.24,1287.31,1286.24,1287.09,2123400
VN30,2025-04-11 03:23:00,1287.34,1287.93,1287.04,1287.93,1566900
VN30,2025-04-11 03:24:00,1288.12,1288.16,1286.97,1287.52,2138500
VN30,2025-04-11 03:25:00,1287.5,1288.38,1287.34,1288.22,1501300
VN30,2025-04-11 03:26:00,1288.56,1288.56,1287.42,1287.69,1107400
VN30,2025-04-11 03:27:00,1287.85,1288.17,1287.63,1287.66,1010500
VN30,2025-04-11 03:28:00,1287.73,1287.82,1286.91,1287.62,1683300
VN30,2025-04-11 03:29:00,1287.74,1287.98,1287.19,1287.57,1192200
VN30,2025-04-11 03:30:00,1287.46,1287.98,1287.25,1287.46,1683200
VN30,2025-04-11 03:31:00,1287.69,1288.58,1287.69,1288.58,1080700
VN30,2025-04-11 03:32:00,1288.31,1288.68,1288.02,1288.28,836900
VN30,2025-04-11 03:33:00,1288.27,1289.49,1288.27,1289.43,1692900
VN30,2025-04-11 03:34:00,1289.56,1289.56,1288.99,1288.99,943800
VN30,2025-04-11 03:35:00,1288.8,1289.44,1288.8,1289.15,1427900
VN30,2025-04-11 03:36:00,1289.11,1289.65,1289.11,1289.52,964700
VN30,2025-04-11 03:37:00,1289.52,1290.14,1288.92,1289.41,1434200
VN30,2025-04-11 03:38:00,1289.47,1290.12,1289.28,1290.11,1364900
VN30,2025-04-11 03:39:00,1290.03,1290.41,1289.41,1289.92,1408000
VN30,2025-04-11 03:40:00,1289.77,1290.12,1289.71,1290.08,1419500
VN30,2025-04-11 03:41:00,1290.17,1290.59,1289.74,1290.59,1659400
VN30,2025-04-11 03:42:00,1290.44,1291.35,1290.15,1291.11,2155400
VN30,2025-04-11 03:43:00,1291.13,1291.6,1291.04,1291.2,1148900
VN30,2025-04-11 03:44:00,1291.64,1291.64,1290.71,1290.92,1378100
VN30,2025-04-11 03:45:00,1290.92,1291.62,1290.83,1291.62,1702300
VN30,2025-04-11 03:46:00,1291.38,1292.42,1291.18,1292.14,1517200
VN30,2025-04-11 03:47:00,1292.14,1293.0,1291.63,1292.57,1147100
VN30,2025-04-11 03:48:00,1292.63,1293.32,1292.41,1292.79,2549000
VN30,2025-04-11 03:49:00,1293.08,1293.45,1292.63,1293.35,1206700
VN30,2025-04-11 03:50:00,1293.05,1294.34,1293.05,1293.75,1435800
VN30,2025-04-11 03:51:00,1293.74,1295.35,1293.74,1294.93,1387100
VN30,2025-04-11 03:52:00,1294.81,1295.52,1294.58,1294.96,1924900
VN30,2025-04-11 03:53:00,1295.59,1295.59,1293.05,1293.22,3583800
VN30,2025-04-11 03:54:00,1292.28,1293.0,1290.32,1290.64,3121300
VN30,2025-04-11 03:55:00,1290.7,1291.02,1290.19,1290.58,1654300
VN30,2025-04-11 03:56:00,1290.61,1290.61,1289.42,1290.16,1275400
VN30,2025-04-11 03:57:00,1290.0,1291.49,1290.0,1291.06,1691100
VN30,2025-04-11 03:58:00,1291.02,1291.02,1290.35,1290.47,1053300
VN30,2025-04-11 03:59:00,1290.68,1291.01,1290.09,1290.09,837000
VN30,2025-04-11 04:00:00,1290.26,1290.26,1288.35,1288.93,1755800
VN30,2025-04-11 04:01:00,1288.4,1288.4,1287.63,1288.08,1725300
VN30,2025-04-11 04:02:00,1288.23,1288.6,1287.86,1288.54,1227600
VN30,2025-04-11 04:03:00,1288.17,1288.25,1287.45,1288.02,1123700
VN30,2025-04-11 04:04:00,1288.25,1288.4,1287.08,1287.31,1575900
VN30,2025-04-11 04:05:00,1287.46,1287.75,1286.91,1286.94,1472700
VN30,2025-04-11 04:06:00,1287.43,1287.66,1286.29,1286.29,1205300
VN30,2025-04-11 04:07:00,1285.48,1286.62,1285.33,1286.62,1733500
VN30,2025-04-11 04:08:00,1286.24,1286.33,1285.95,1285.99,886700
VN30,2025-04-11 04:09:00,1285.96,1286.18,1284.03,1284.03,1398600
VN30,2025-04-11 04:10:00,1284.25,1285.0,1284.25,1284.68,1249200
VN30,2025-04-11 04:11:00,1284.39,1285.06,1284.39,1285.06,1193400
VN30,2025-04-11 04:12:00,1285.54,1285.73,1284.7,1285.18,1062700
VN30,2025-04-11 04:13:00,1285.42,1287.6,1284.53,1286.7,1602100
VN30,2025-04-11 04:14:00,1286.51,1287.12,1285.71,1285.71,1023000
VN30,2025-04-11 04:15:00,1285.56,1288.03,1285.56,1286.08,913701
VN30,2025-04-11 04:16:00,1286.07,1287.86,1286.07,1287.86,1136800
VN30,2025-04-11 04:17:00,1287.1,1287.1,1285.69,1286.2,1323700
VN30,2025-04-11 04:18:00,1286.16,1286.33,1285.45,1285.63,1087200
VN30,2025-04-11 04:19:00,1285.53,1285.53,1285.12,1285.52,1324600
VN30,2025-04-11 04:20:00,1285.57,1285.99,1285.27,1285.4,1016400
VN30,2025-04-11 04:21:00,1285.39,1286.02,1285.37,1286.01,2195300
VN30,2025-04-11 04:22:00,1285.85,1286.02,1285.39,1285.46,584600
VN30,2025-04-11 04:23:00,1285.65,1285.65,1284.96,1285.41,1391400
VN30,2025-04-11 04:24:00,1285.1,1285.75,1284.92,1285.07,1023900
VN30,2025-04-11 04:25:00,1284.95,1285.51,1284.75,1285.2,826300
VN30,2025-04-11 04:26:00,1285.37,1285.57,1284.88,1285.06,2053900
VN30,2025-04-11 04:27:00,1285.05,1285.26,1284.75,1284.81,1033100
VN30,2025-04-11 04:28:00,1285.35,1285.35,1284.06,1284.06,1144400
VN30,2025-04-11 04:29:00,1284.97,1284.97,1283.6,1283.6,906700
VN30,2025-04-11 04:30:00,1284.04,1284.04,1284.04,1284.04,301000
VN30,2025-04-11 06:00:00,1284.32,1284.32,1282.4,1282.4,11226200
VN30,2025-04-11 06:01:00,1282.4,1285.96,1282.4,1285.96,4113100
VN30,2025-04-11 06:02:00,1285.24,1286.28,1284.35,1285.8,4341800
VN30,2025-04-11 06:03:00,1286.71,1286.71,1285.26,1285.52,5025400
VN30,2025-04-11 06:04:00,1285.36,1285.4,1284.04,1284.2,5347100
VN30,2025-04-11 06:05:00,1283.89,1284.64,1283.89,1284.64,2645900
VN30,2025-04-11 06:06:00,1284.54,1287.1,1284.54,1287.1,2490300
VN30,2025-04-11 06:07:00,1286.95,1287.2,1286.43,1286.8,1623300
VN30,2025-04-11 06:08:00,1286.63,1288.2,1286.63,1287.93,1867700
VN30,2025-04-11 06:09:00,1287.91,1288.48,1287.91,1288.44,2767700
VN30,2025-04-11 06:10:00,1289.03,1289.39,1288.2,1289.13,1892300
VN30,2025-04-11 06:11:00,1290.27,1292.16,1290.0,1291.77,2829000
VN30,2025-04-11 06:12:00,1292.41,1292.62,1291.65,1292.2,5586700
VN30,2025-04-11 06:13:00,1292.62,1292.74,1290.74,1291.5,3918200
VN30,2025-04-11 06:14:00,1291.73,1292.16,1290.88,1291.78,3692500
VN30,2025-04-11 06:15:00,1291.99,1292.66,1291.0,1291.0,3049300
VN30,2025-04-11 06:16:00,1291.74,1293.15,1290.81,1293.15,2871300
VN30,2025-04-11 06:17:00,1292.96,1293.79,1291.18,1292.2,3213200
VN30,2025-04-11 06:18:00,1292.62,1293.72,1292.3,1293.72,3194600
VN30,2025-04-11 06:19:00,1294.17,1295.04,1292.45,1294.08,3487600
VN30,2025-04-11 06:20:00,1294.51,1296.06,1293.08,1295.2,2812600
VN30,2025-04-11 06:21:00,1295.45,1295.71,1293.49,1295.0,3981300
VN30,2025-04-11 06:22:00,1295.06,1296.08,1294.22,1295.61,2292800
VN30,2025-04-11 06:23:00,1296.04,1296.13,1294.29,1295.26,3831400
VN30,2025-04-11 06:24:00,1295.94,1297.52,1295.62,1295.96,2712500
VN30,2025-04-11 06:25:00,1297.12,1297.53,1295.71,1297.17,4937600
VN30,2025-04-11 06:26:00,1297.32,1298.17,1297.1,1297.81,2788500
VN30,2025-04-11 06:27:00,1297.6,1299.18,1297.37,1297.78,3504200
VN30,2025-04-11 06:28:00,1297.84,1299.37,1297.57,1299.37,3987700
VN30,2025-04-11 06:29:00,1299.88,1299.88,1298.83,1299.66,2317100
VN30,2025-04-11 06:30:00,1299.89,1300.05,1298.9,1299.83,3347200
VN30,2025-04-11 06:31:00,1299.42,1300.35,1299.42,1300.17,2182700
VN30,2025-04-11 06:32:00,1299.55,1300.64,1299.03,1299.03,3417600
VN30,2025-04-11 06:33:00,1299.2,1299.34,1296.93,1297.88,2731200
VN30,2025-04-11 06:34:00,1297.05,1297.68,1295.8,1296.47,3570300
VN30,2025-04-11 06:35:00,1296.57,1296.77,1295.23,1295.79,2231800
VN30,2025-04-11 06:36:00,1295.6,1296.95,1294.84,1294.84,1608000
VN30,2025-04-11 06:37:00,1295.27,1295.75,1294.47,1294.86,2743000
VN30,2025-04-11 06:38:00,1294.91,1295.42,1294.52,1295.14,1528800
VN30,2025-04-11 06:39:00,1295.87,1296.09,1295.64,1295.78,1524600
VN30,2025-04-11 06:40:00,1295.79,1296.06,1295.26,1295.26,1364200
VN30,2025-04-11 06:41:00,1295.71,1296.14,1295.27,1295.88,1265100
VN30,2025-04-11 06:42:00,1295.97,1295.97,1294.13,1294.63,2671500
VN30,2025-04-11 06:43:00,1294.66,1295.41,1293.6,1295.41,2535700
VN30,2025-04-11 06:44:00,1295.07,1295.64,1293.54,1295.64,2089100
VN30,2025-04-11 06:45:00,1295.62,1295.62,1294.87,1294.87,1372400
VN30,2025-04-11 06:46:00,1294.78,1295.63,1294.06,1295.58,1940600
VN30,2025-04-11 06:47:00,1295.52,1296.44,1295.5,1296.08,1339200
VN30,2025-04-11 06:48:00,1296.76,1297.02,1294.29,1296.08,1666800
VN30,2025-04-11 06:49:00,1296.02,1296.6,1294.2,1295.54,1583500
VN30,2025-04-11 06:50:00,1296.13,1296.6,1294.96,1296.31,1866600
VN30,2025-04-11 06:51:00,1296.83,1296.98,1296.05,1296.98,1214000
VN30,2025-04-11 06:52:00,1296.6,1297.47,1296.31,1297.44,2495400
VN30,2025-04-11 06:53:00,1297.46,1298.12,1297.28,1297.39,2006600
VN30,2025-04-11 06:54:00,1297.58,1298.31,1297.58,1298.31,1473900
VN30,2025-04-11 06:55:00,1298.22,1298.43,1297.83,1297.83,1242900
VN30,2025-04-11 06:56:00,1298.01,1299.01,1297.68,1298.53,1602300
VN30,2025-04-11 06:57:00,1298.07,1298.85,1298.07,1298.85,1996100
VN30,2025-04-11 06:58:00,1298.74,1299.81,1298.67,1299.7,2127300
VN30,2025-04-11 06:59:00,1299.45,1300.54,1299.45,1300.54,2976100
VN30,2025-04-11 07:00:00,1300.69,1301.9,1300.27,1301.9,3590300
VN30,2025-04-11 07:01:00,1302.32,1303.01,1301.7,1302.93,4982500
VN30,2025-04-11 07:02:00,1303.31,1303.31,1302.15,1302.25,6215800
VN30,2025-04-11 07:03:00,1302.62,1303.48,1301.71,1302.46,5301900
VN30,2025-04-11 07:04:00,1302.54,1303.98,1302.02,1303.98,4008700
VN30,2025-04-11 07:05:00,1304.61,1304.69,1302.75,1303.84,4030600
VN30,2025-04-11 07:06:00,1304.17,1305.29,1303.56,1304.78,7382000
VN30,2025-04-11 07:07:00,1305.07,1305.56,1304.22,1304.34,3469700
VN30,2025-04-11 07:08:00,1304.52,1305.98,1303.75,1304.29,3401900
VN30,2025-04-11 07:09:00,1303.8,1305.67,1303.63,1304.04,4509100
VN30,2025-04-11 07:10:00,1304.03,1305.31,1303.17,1304.84,3503200
VN30,2025-04-11 07:11:00,1305.04,1305.24,1303.76,1304.44,2634500
VN30,2025-04-11 07:12:00,1303.6,1305.39,1303.6,1305.0,3850300
VN30,2025-04-11 07:13:00,1305.23,1305.31,1304.64,1305.0,1943200
VN30,2025-04-11 07:14:00,1305.07,1305.57,1304.93,1305.36,3493000
VN30,2025-04-11 07:15:00,1305.65,1305.73,1304.92,1305.25,1951300
VN30,2025-04-11 07:16:00,1304.9,1305.82,1304.9,1305.77,2257000
VN30,2025-04-11 07:17:00,1305.66,1306.16,1305.57,1306.16,1192300
VN30,2025-04-11 07:18:00,1306.4,1306.4,1305.14,1305.14,2642800
VN30,2025-04-11 07:19:00,1305.86,1306.29,1305.04,1305.86,3878100
VN30,2025-04-11 07:20:00,1306.24,1306.41,1305.86,1306.06,1835100
VN30,2025-04-11 07:21:00,1306.14,1306.87,1306.09,1306.87,2136000
VN30,2025-04-11 07:22:00,1306.84,1307.74,1306.75,1307.33,4202600
VN30,2025-04-11 07:23:00,1307.36,1308.39,1307.36,1308.24,3853200
VN30,2025-04-11 07:24:00,1308.4,1308.52,1307.52,1308.07,2819200
VN30,2025-04-11 07:25:00,1308.11,1308.73,1308.11,1308.73,2890800
VN30,2025-04-11 07:26:00,1309.0,1309.19,1308.44,1308.63,6298800
VN30,2025-04-11 07:27:00,1309.0,1309.58,1308.8,1309.09,1941500
VN30,2025-04-11 07:28:00,1309.36,1310.02,1308.6,1309.29,3379100
VN30,2025-04-11 07:29:00,1309.23,1309.52,1308.8,1309.06,3184600
VN30,2025-04-11 07:30:00,1309.33,1309.33,1309.33,1309.33,350800
VN30,2025-04-11 07:45:00,1309.44,1309.94,1309.44,1309.94,23412401
VN30,2025-04-14 02:15:00,1318.17,1318.17,1316.1,1316.95,15952000
VN30,2025-04-14 02:16:00,1317.1,1317.93,1313.86,1314.64,3008702
VN30,2025-04-14 02:17:00,1314.74,1314.74,1310.63,1310.81,3154100
VN30,2025-04-14 02:18:00,1312.48,1312.73,1310.96,1311.49,3042300
VN30,2025-04-14 02:19:00,1311.61,1312.41,1311.01,1312.29,3134400
VN30,2025-04-14 02:20:00,1312.78,1312.78,1311.88,1311.97,2720100
VN30,2025-04-14 02:21:00,1311.76,1312.58,1311.76,1311.92,3887100
VN30,2025-04-14 02:22:00,1311.98,1313.15,1311.84,1313.12,2439600
VN30,2025-04-14 02:23:00,1313.18,1314.28,1313.18,1314.1,2342000
VN30,2025-04-14 02:24:00,1314.12,1315.22,1314.12,1314.77,3770000
VN30,2025-04-14 02:25:00,1315.24,1315.4,1314.63,1315.14,3253100
VN30,2025-04-14 02:26:00,1315.64,1315.66,1314.36,1314.41,6249400
VN30,2025-04-14 02:27:00,1314.39,1316.19,1314.39,1315.43,5336800
VN30,2025-04-14 02:28:00,1316.1,1316.86,1315.82,1316.86,2708300
VN30,2025-04-14 02:29:00,1316.6,1318.07,1316.45,1318.07,2647100
VN30,2025-04-14 02:30:00,1318.6,1319.41,1318.12,1319.41,3455801
VN30,2025-04-14 02:31:00,1319.16,1320.4,1319.16,1319.9,2446700
VN30,2025-04-14 02:32:00,1320.56,1320.84,1320.04,1320.84,2092300
VN30,2025-04-14 02:33:00,1320.86,1321.09,1320.18,1320.49,2924600
VN30,2025-04-14 02:34:00,1320.26,1321.16,1319.61,1320.42,2609100
VN30,2025-04-14 02:35:00,1320.63,1321.38,1320.56,1321.11,1936100
VN30,2025-04-14 02:36:00,1320.81,1320.95,1319.82,1320.31,3647700
VN30,2025-04-14 02:37:00,1319.65,1320.46,1319.56,1319.94,1629600
VN30,2025-04-14 02:38:00,1320.03,1320.03,1319.21,1319.64,4015700
VN30,2025-04-14 02:39:00,1319.33,1320.38,1319.33,1319.54,2450400
VN30,2025-04-14 02:40:00,1320.31,1320.31,1319.71,1320.06,2953800
VN30,2025-04-14 02:41:00,1320.06,1320.45,1319.5,1319.84,3472800
VN30,2025-04-14 02:42:00,1319.54,1320.27,1319.54,1319.76,3481800
VN30,2025-04-14 02:43:00,1319.68,1320.4,1319.11,1319.54,2310600
VN30,2025-04-14 02:44:00,1319.16,1319.16,1317.78,1318.02,2111000
VN30,2025-04-14 02:45:00,1317.84,1317.96,1316.82,1316.82,1920000
VN30,2025-04-14 02:46:00,1316.88,1316.89,1315.02,1315.55,6520900
VN30,2025-04-14 02:47:00,1315.21,1315.21,1314.18,1314.18,2898300
VN30,2025-04-14 02:48:00,1314.36,1314.82,1313.73,1313.95,1486100
VN30,2025-04-14 02:49:00,1313.45,1313.78,1312.47,1312.56,1493500
VN30,2025-04-14 02:50:00,1312.29,1312.67,1311.91,1312.28,2733900
VN30,2025-04-14 02:51:00,1312.49,1312.81,1312.08,1312.81,3211900
VN30,2025-04-14 02:52:00,1311.86,1312.92,1311.86,1312.2,1909200
VN30,2025-04-14 02:53:00,1312.24,1312.47,1311.93,1312.22,1434800
VN30,2025-04-14 02:54:00,1312.37,1312.37,1311.67,1312.03,2397600
VN30,2025-04-14 02:55:00,1311.93,1312.44,1311.19,1312.32,1061300
VN30,2025-04-14 02:56:00,1312.61,1313.06,1311.98,1313.06,1813700
VN30,2025-04-14 02:57:00,1312.85,1314.02,1312.85,1313.22,1282000
VN30,2025-04-14 02:58:00,1313.4,1314.02,1312.9,1313.99,1226700
VN30,2025-04-14 02:59:00,1313.99,1314.79,1313.99,1314.35,1158500
VN30,2025-04-14 03:00:00,1314.72,1314.89,1314.02,1314.83,940901
VN30,2025-04-14 03:01:00,1314.7,1315.03,1314.29,1315.03,1368500
VN30,2025-04-14 03:02:00,1314.86,1315.73,1314.8,1315.16,1143100
VN30,2025-04-14 03:03:00,1315.64,1316.27,1315.43,1316.08,941400
VN30,2025-04-14 03:04:00,1316.08,1316.68,1315.92,1316.68,1420300
VN30,2025-04-14 03:05:00,1315.92,1316.75,1315.88,1316.56,964600
VN30,2025-04-14 03:06:00,1316.37,1316.89,1316.3,1316.89,1516000
VN30,2025-04-14 03:07:00,1316.9,1317.52,1316.88,1316.98,962500
VN30,2025-04-14 03:08:00,1317.25,1317.8,1317.24,1317.34,1414600
VN30,2025-04-14 03:09:00,1317.65,1317.76,1317.11,1317.74,763800
VN30,2025-04-14 03:10:00,1317.74,1318.29,1317.42,1318.29,833500
VN30,2025-04-14 03:11:00,1318.41,1318.77,1318.23,1318.53,729800
VN30,2025-04-14 03:12:00,1318.29,1319.76,1318.29,1319.75,1099300
VN30,2025-04-14 03:13:00,1319.66,1319.84,1319.47,1319.47,1311900
VN30,2025-04-14 03:14:00,1319.56,1319.91,1319.38,1319.54,587200
VN30,2025-04-14 03:15:00,1319.49,1319.72,1318.81,1319.16,1940300
VN30,2025-04-14 03:16:00,1318.93,1320.24,1318.79,1320.24,1559900
VN30,2025-04-14 03:17:00,1320.18,1320.55,1319.46,1319.46,1349800
VN30,2025-04-14 03:18:00,1319.61,1319.73,1318.91,1319.04,1482400
VN30,2025-04-14 03:19:00,1319.22,1319.22,1318.47,1318.47,1565200
VN30,2025-04-14 03:20:00,1318.01,1318.46,1317.89,1318.16,1315900
VN30,2025-04-14 03:21:00,1318.09,1318.09,1317.31,1317.5,1557600
VN30,2025-04-14 03:22:00,1317.49,1317.87,1316.96,1317.87,1517900
VN30,2025-04-14 03:23:00,1317.28,1318.17,1317.28,1318.02,641400
VN30,2025-04-14 03:24:00,1317.91,1318.96,1317.91,1318.96,2714300
VN30,2025-04-14 03:25:00,1318.99,1319.45,1318.75,1319.06,1903800
VN30,2025-04-14 03:26:00,1319.06,1320.5,1319.06,1319.69,2047200
VN30,2025-04-14 03:27:00,1320.24,1320.57,1320.08,1320.18,2829400
VN30,2025-04-14 03:28:00,1320.35,1320.77,1319.76,1320.36,1465400
VN30,2025-04-14 03:29:00,1320.53,1321.11,1320.33,1320.66,1591600
VN30,2025-04-14 03:30:00,1320.37,1320.58,1319.54,1319.54,1462400
VN30,2025-04-14 03:31:00,1319.65,1319.82,1319.06,1319.78,2302100
VN30,2025-04-14 03:32:00,1320.03,1320.17,1319.79,1319.96,2063500
VN30,2025-04-14 03:33:00,1319.96,1320.45,1319.53,1320.45,1334600
VN30,2025-04-14 03:34:00,1320.82,1320.82,1320.46,1320.46,1086900
VN30,2025-04-14 03:35:00,1320.57,1321.47,1320.57,1321.47,1348300
VN30,2025-04-14 03:36:00,1321.5,1321.61,1320.16,1320.42,1704000
VN30,2025-04-14 03:37:00,1321.07,1321.07,1319.08,1320.65,1283900
VN30,2025-04-14 03:38:00,1320.68,1321.13,1320.18,1320.78,1341300
VN30,2025-04-14 03:39:00,1320.55,1321.46,1320.49,1321.46,1184800
VN30,2025-04-14 03:40:00,1321.3,1321.3,1320.52,1320.52,1829600
VN30,2025-04-14 03:41:00,1320.24,1321.07,1319.12,1320.83,2473700
VN30,2025-04-14 03:42:00,1320.88,1320.88,1320.3,1320.73,1512100
VN30,2025-04-14 03:43:00,1320.68,1321.01,1320.36,1320.38,929600
VN30,2025-04-14 03:44:00,1320.3,1321.08,1320.3,1320.51,1447500
VN30,2025-04-14 03:45:00,1320.39,1321.33,1320.39,1320.74,730600
VN30,2025-04-14 03:46:00,1320.86,1321.34,1320.86,1321.09,1704200
VN30,2025-04-14 03:47:00,1321.25,1321.84,1321.25,1321.27,1313040
VN30,2025-04-14 03:48:00,1321.34,1322.08,1320.7,1322.08,1191800
VN30,2025-04-14 03:49:00,1321.85,1322.0,1321.43,1322.0,1468900
VN30,2025-04-14 03:50:00,1321.95,1322.58,1321.95,1322.39,900200
VN30,2025-04-14 03:51:00,1322.45,1322.45,1321.8,1321.8,899600
VN30,2025-04-14 03:52:00,1321.95,1321.95,1320.82,1321.57,683400
VN30,2025-04-14 03:53:00,1321.38,1322.12,1321.27,1321.33,741700
VN30,2025-04-14 03:54:00,1321.31,1321.57,1320.7,1320.83,897800
VN30,2025-04-14 03:55:00,1320.71,1320.83,1320.41,1320.6,1971300
VN30,2025-04-14 03:56:00,1320.38,1321.02,1320.3,1321.02,1587100
VN30,2025-04-14 03:57:00,1320.75,1320.9,1320.02,1320.12,1886700
VN30,2025-04-14 03:58:00,1320.44,1320.73,1320.33,1320.6,790700
VN30,2025-04-14 03:59:00,1320.69,1320.69,1319.6,1320.48,605000
VN30,2025-04-14 04:00:00,1320.32,1320.43,1320.18,1320.41,1362500
VN30,2025-04-14 04:01:00,1320.09,1320.42,1318.42,1318.76,1562400
VN30,2025-04-14 04:02:00,1318.85,1319.73,1318.85,1319.28,953900
VN30,2025-04-14 04:03:00,1319.36,1319.67,1318.94,1319.5,1389900
VN30,2025-04-14 04:04:00,1319.43,1319.43,1318.67,1319.02,2165300
VN30,2025-04-14 04:05:00,1318.9,1318.9,1318.45,1318.59,745700
VN30,2025-04-14 04:06:00,1318.33,1319.11,1318.09,1318.64,568800
VN30,2025-04-14 04:07:00,1318.31,1318.91,1318.2,1318.53,999800
VN30,2025-04-14 04:08:00,1318.31,1318.66,1317.83,1317.87,2058900
VN30,2025-04-14 04:09:00,1317.87,1318.11,1317.49,1317.66,1990500
VN30,2025-04-14 04:10:00,1317.4,1317.7,1317.12,1317.38,889100
VN30,2025-04-14 04:11:00,1317.08,1317.25,1316.33,1316.33,807000
VN30,2025-04-14 04:12:00,1316.5,1316.53,1316.09,1316.19,1615000
VN30,2025-04-14 04:13:00,1316.06,1316.38,1315.66,1316.23,2726600
VN30,2025-04-14 04:14:00,1315.85,1315.85,1315.17,1315.17,588200
VN30,2025-04-14 04:15:00,1315.32,1315.7,1315.11,1315.35,1706300
VN30,2025-04-14 04:16:00,1315.72,1316.26,1315.43,1315.54,1361208
VN30,2025-04-14 04:17:00,1315.78,1315.81,1315.35,1315.42,606000
VN30,2025-04-14 04:18:00,1315.34,1316.31,1315.34,1315.86,1119700
VN30,2025-04-14 04:19:00,1315.95,1316.16,1315.68,1315.69,796800
VN30,2025-04-14 04:20:00,1315.91,1316.33,1315.58,1316.06,905500
VN30,2025-04-14 04:21:00,1316.0,1316.34,1315.52,1316.32,964700
VN30,2025-04-14 04:22:00,1316.12,1316.3,1315.52,1316.08,473000
VN30,2025-04-14 04:23:00,1315.95,1316.45,1315.79,1316.03,410300
VN30,2025-04-14 04:24:00,1316.09,1316.28,1315.88,1316.02,761900
VN30,2025-04-14 04:25:00,1316.0,1316.55,1316.0,1316.04,714600
VN30,2025-04-14 04:26:00,1316.04,1316.47,1315.85,1316.4,858700
VN30,2025-04-14 04:27:00,1316.31,1316.53,1316.23,1316.35,528500
VN30,2025-04-14 04:28:00,1316.63,1316.69,1315.87,1316.03,374800
VN30,2025-04-14 04:29:00,1315.82,1316.64,1315.57,1316.64,1232200
VN30,2025-04-14 04:30:00,1316.64,1316.64,1316.64,1316.64,63500
VN30,2025-04-14 06:00:00,1316.29,1316.65,1315.32,1315.32,2379800
VN30,2025-04-14 06:01:00,1315.44,1315.94,1314.61,1314.61,1755100
VN30,2025-04-14 06:02:00,1314.82,1315.69,1314.82,1315.39,1256500
VN30,2025-04-14 06:03:00,1315.39,1316.06,1315.25,1315.55,1021100
VN30,2025-04-14 06:04:00,1315.23,1315.68,1315.19,1315.37,550400
VN30,2025-04-14 06:05:00,1315.73,1315.98,1315.56,1315.74,1004900
VN30,2025-04-14 06:06:00,1316.13,1316.83,1315.86,1316.83,1075600
VN30,2025-04-14 06:07:00,1316.66,1317.31,1316.29,1317.01,949300
VN30,2025-04-14 06:08:00,1317.16,1317.45,1316.87,1317.45,964300
VN30,2025-04-14 06:09:00,1317.39,1318.3,1317.39,1318.3,2452600
VN30,2025-04-14 06:10:00,1317.9,1318.26,1317.76,1318.07,1915700
VN30,2025-04-14 06:11:00,1318.24,1319.16,1318.19,1319.16,1207400
VN30,2025-04-14 06:12:00,1319.55,1319.79,1319.13,1319.7,1593000
VN30,2025-04-14 06:13:00,1319.95,1320.55,1319.87,1320.47,804500
VN30,2025-04-14 06:14:00,1320.07,1320.66,1320.07,1320.3,2310800
VN30,2025-04-14 06:15:00,1320.66,1320.77,1320.2,1320.4,1166302
VN30,2025-04-14 06:16:00,1320.35,1321.25,1320.3,1321.17,1317700
VN30,2025-04-14 06:17:00,1320.52,1320.7,1320.11,1320.11,798500
VN30,2025-04-14 06:18:00,1320.46,1320.77,1319.83,1320.18,1197500
VN30,2025-04-14 06:19:00,1320.17,1320.87,1320.1,1320.1,796200
VN30,2025-04-14 06:20:00,1320.62,1320.8,1320.01,1320.51,781700
VN30,2025-04-14 06:21:00,1320.4,1320.48,1320.03,1320.27,1077700
VN30,2025-04-14 06:22:00,1320.12,1320.44,1320.08,1320.23,926500
VN30,2025-04-14 06:23:00,1320.4,1320.49,1319.68,1319.68,1356400
VN30,2025-04-14 06:24:00,1319.63,1320.52,1319.63,1319.91,767900
VN30,2025-04-14 06:25:00,1319.99,1320.7,1319.66,1319.93,941400
VN30,2025-04-14 06:26:00,1320.12,1320.3,1319.55,1319.61,1378900
VN30,2025-04-14 06:27:00,1319.57,1320.36,1319.57,1320.36,1134900
VN30,2025-04-14 06:28:00,1319.97,1320.31,1319.76,1319.79,1060400
VN30,2025-04-14 06:29:00,1319.61,1320.15,1319.59,1319.76,1074800
VN30,2025-04-14 06:30:00,1320.11,1320.55,1319.67,1320.26,1537903
VN30,2025-04-14 06:31:00,1320.54,1320.97,1320.45,1320.72,1799500
VN30,2025-04-14 06:32:00,1320.33,1321.06,1320.33,1320.69,2620600
VN30,2025-04-14 06:33:00,1320.82,1321.13,1320.69,1321.01,1557200
VN30,2025-04-14 06:34:00,1321.38,1322.42,1321.38,1322.42,3281600
VN30,2025-04-14 06:35:00,1322.22,1322.66,1321.94,1322.52,1787100
VN30,2025-04-14 06:36:00,1322.45,1323.05,1322.43,1322.51,2229700
VN30,2025-04-14 06:37:00,1322.46,1323.16,1322.28,1323.16,2134100
VN30,2025-04-14 06:38:00,1322.83,1323.54,1322.71,1323.49,2330900
VN30,2025-04-14 06:39:00,1323.58,1323.72,1323.4,1323.51,1281700
VN30,2025-04-14 06:40:00,1323.57,1323.8,1323.07,1323.26,1765300
VN30,2025-04-14 06:41:00,1323.3,1323.3,1322.62,1322.62,1793700
VN30,2025-04-14 06:42:00,1322.42,1322.93,1322.12,1322.12,1581600
VN30,2025-04-14 06:43:00,1322.34,1322.34,1320.86,1321.53,1578200
VN30,2025-04-14 06:44:00,1321.44,1321.63,1320.32,1320.32,2524400
VN30,2025-04-14 06:45:00,1320.57,1320.76,1319.63,1319.87,2006400
VN30,2025-04-14 06:46:00,1319.79,1319.86,1319.28,1319.47,1279500
VN30,2025-04-14 06:47:00,1319.39,1320.06,1319.34,1319.61,825400
VN30,2025-04-14 06:48:00,1319.38,1320.11,1318.83,1319.4,1084200
VN30,2025-04-14 06:49:00,1319.7,1320.06,1319.3,1319.93,1649400
VN30,2025-04-14 06:50:00,1319.55,1320.19,1319.34,1320.1,1704400
VN30,2025-04-14 06:51:00,1320.09,1320.26,1319.52,1319.83,1602100
VN30,2025-04-14 06:52:00,1319.91,1320.57,1319.61,1320.02,2104000
VN30,2025-04-14 06:53:00,1319.54,1319.96,1319.42,1319.78,4205300
VN30,2025-04-14 06:54:00,1319.82,1320.15,1319.31,1319.31,4371100
VN30,2025-04-14 06:55:00,1319.75,1319.75,1319.35,1319.45,1475200
VN30,2025-04-14 06:56:00,1319.63,1320.14,1319.28,1319.79,3150600
VN30,2025-04-14 06:57:00,1319.69,1319.97,1319.2,1319.2,1582600
VN30,2025-04-14 06:58:00,1319.95,1319.95,1319.12,1319.31,1044600
VN30,2025-04-14 06:59:00,1319.74,1319.74,1319.08,1319.18,2667480
VN30,2025-04-14 07:00:00,1319.62,1320.16,1319.25,1320.0,3319457
VN30,2025-04-14 07:01:00,1320.02,1320.32,1319.38,1320.1,1788200
VN30,2025-04-14 07:02:00,1320.28,1320.72,1320.21,1320.69,1635300
VN30,2025-04-14 07:03:00,1320.61,1321.19,1320.43,1321.18,658300
VN30,2025-04-14 07:04:00,1320.93,1321.09,1320.36,1321.03,1329200
VN30,2025-04-14 07:05:00,1321.04,1321.59,1320.86,1320.86,1306300
VN30,2025-04-14 07:06:00,1321.24,1322.25,1321.24,1321.72,1152100
VN30,2025-04-14 07:07:00,1322.06,1322.47,1321.44,1322.46,2109600
VN30,2025-04-14 07:08:00,1322.54,1322.85,1322.34,1322.46,1859500
VN30,2025-04-14 07:09:00,1323.06,1323.06,1322.41,1322.86,2114500
VN30,2025-04-14 07:10:00,1323.24,1323.94,1323.11,1323.8,1530700
VN30,2025-04-14 07:11:00,1323.84,1323.93,1323.18,1323.75,1086100
VN30,2025-04-14 07:12:00,1323.53,1323.96,1323.07,1323.07,784000
VN30,2025-04-14 07:13:00,1323.35,1323.78,1323.23,1323.39,1750600
VN30,2025-04-14 07:14:00,1323.45,1323.87,1323.36,1323.65,1358700
VN30,2025-04-14 07:15:00,1323.27,1323.36,1322.95,1323.2,1675000
VN30,2025-04-14 07:16:00,1323.14,1323.85,1323.14,1323.16,1940300
VN30,2025-04-14 07:17:00,1323.35,1323.35,1322.9,1323.05,802300
VN30,2025-04-14 07:18:00,1323.16,1323.4,1322.57,1322.68,1430400
VN30,2025-04-14 07:19:00,1322.74,1324.01,1322.4,1323.99,3616800
VN30,2025-04-14 07:20:00,1323.68,1324.06,1323.38,1323.65,1998800
VN30,2025-04-14 07:21:00,1323.95,1324.43,1323.73,1323.73,3823800
VN30,2025-04-14 07:22:00,1324.35,1324.79,1324.0,1324.67,2037000
VN30,2025-04-14 07:23:00,1324.4,1325.4,1324.19,1325.03,4285400
VN30,2025-04-14 07:24:00,1324.84,1325.81,1324.67,1325.47,3177400
VN30,2025-04-14 07:25:00,1325.48,1327.01,1325.48,1327.01,3359100
VN30,2025-04-14 07:26:00,1326.49,1327.28,1326.49,1327.13,3073900
VN30,2025-04-14 07:27:00,1327.54,1328.11,1327.11,1328.11,2250900
VN30,2025-04-14 07:28:00,1327.78,1329.06,1327.78,1329.06,2503500
VN30,2025-04-14 07:29:00,1328.61,1328.61,1326.2,1327.81,3038700
VN30,2025-04-14 07:30:00,1327.48,1327.48,1327.48,1327.48,81000
VN30,2025-04-14 07:45:00,1327.53,1327.53,1325.87,1325.87,19176600
VN30,2025-04-15 02:15:00,1325.87,1325.87,1312.61,1312.61,19274100
VN30,2025-04-15 02:16:00,1313.8,1315.03,1310.87,1311.06,2610400
VN30,2025-04-15 02:17:00,1310.7,1311.03,1309.8,1309.81,2510000
VN30,2025-04-15 02:18:00,1309.91,1310.41,1309.85,1310.41,3480800
VN30,2025-04-15 02:19:00,1310.19,1312.53,1309.95,1312.53,1887700
VN30,2025-04-15 02:20:00,1312.72,1314.57,1312.4,1314.57,2474200
VN30,2025-04-15 02:21:00,1314.26,1317.17,1313.24,1316.88,2662200
VN30,2025-04-15 02:22:00,1317.62,1319.44,1316.21,1316.71,2996400
VN30,2025-04-15 02:23:00,1317.06,1318.09,1316.15,1317.36,2555400
VN30,2025-04-15 02:24:00,1315.77,1316.96,1315.71,1316.83,2606000
VN30,2025-04-15 02:25:00,1316.43,1317.5,1315.87,1317.5,2267000
VN30,2025-04-15 02:26:00,1317.83,1318.61,1317.5,1318.61,1054100
VN30,2025-04-15 02:27:00,1318.33,1319.08,1316.48,1316.66,1293800
VN30,2025-04-15 02:28:00,1317.01,1318.56,1317.01,1317.9,1153500
VN30,2025-04-15 02:29:00,1318.39,1318.91,1317.38,1318.34,1416400
VN30,2025-04-15 02:30:00,1318.49,1319.54,1317.82,1319.31,1504300
VN30,2025-04-15 02:31:00,1319.51,1320.64,1319.21,1320.64,1656100
VN30,2025-04-15 02:32:00,1320.38,1320.74,1319.37,1319.37,2007400
VN30,2025-04-15 02:33:00,1319.83,1321.1,1319.01,1319.44,1704500
VN30,2025-04-15 02:34:00,1320.42,1320.42,1319.03,1320.3,942600
VN30,2025-04-15 02:35:00,1320.43,1320.66,1319.95,1320.63,1287600
VN30,2025-04-15 02:36:00,1320.78,1321.4,1320.77,1321.03,1652000
VN30,2025-04-15 02:37:00,1321.19,1322.19,1321.13,1321.89,1134500
VN30,2025-04-15 02:38:00,1321.9,1322.31,1320.43,1321.25,1899900
VN30,2025-04-15 02:39:00,1322.35,1322.35,1320.77,1322.09,1413800
VN30,2025-04-15 02:40:00,1322.12,1322.78,1320.68,1322.78,1248000
VN30,2025-04-15 02:41:00,1322.99,1323.34,1322.73,1323.09,2251000
VN30,2025-04-15 02:42:00,1322.57,1323.74,1322.57,1323.74,1701200
VN30,2025-04-15 02:43:00,1323.72,1324.61,1323.72,1324.61,2534543
VN30,2025-04-15 02:44:00,1324.39,1324.89,1324.12,1324.44,778500
VN30,2025-04-15 02:45:00,1324.47,1324.56,1322.63,1323.69,1310601
VN30,2025-04-15 02:46:00,1323.58,1323.86,1322.91,1323.18,1397300
VN30,2025-04-15 02:47:00,1321.97,1322.39,1321.49,1322.22,2032600
VN30,2025-04-15 02:48:00,1322.41,1322.41,1321.66,1321.94,1470300
VN30,2025-04-15 02:49:00,1321.89,1322.12,1320.05,1320.68,1360000
VN30,2025-04-15 02:50:00,1320.83,1320.97,1319.4,1319.75,1050600
VN30,2025-04-15 02:51:00,1319.76,1320.16,1319.44,1319.65,863300
VN30,2025-04-15 02:52:00,1319.15,1320.02,1319.13,1319.13,785900
VN30,2025-04-15 02:53:00,1319.52,1319.52,1318.72,1318.8,900500
VN30,2025-04-15 02:54:00,1319.08,1319.43,1318.89,1319.13,2332400
VN30,2025-04-15 02:55:00,1319.1,1319.59,1319.1,1319.48,759800
VN30,2025-04-15 02:56:00,1319.28,1319.76,1318.93,1319.45,1220600
VN30,2025-04-15 02:57:00,1319.05,1319.84,1318.92,1319.84,1629400
VN30,2025-04-15 02:58:00,1319.6,1320.28,1319.6,1319.99,838800
VN30,2025-04-15 02:59:00,1319.88,1320.7,1319.88,1320.51,758000
VN30,2025-04-15 03:00:00,1320.08,1321.02,1320.07,1321.02,744000
VN30,2025-04-15 03:01:00,1321.06,1321.15,1320.59,1320.63,527300
VN30,2025-04-15 03:02:00,1320.69,1320.97,1320.18,1320.74,960800
VN30,2025-04-15 03:03:00,1320.81,1321.34,1320.73,1321.31,470100
VN30,2025-04-15 03:04:00,1320.68,1321.63,1320.68,1321.63,551600
VN30,2025-04-15 03:05:00,1319.94,1320.3,1319.94,1320.3,635300
VN30,2025-04-15 03:06:00,1320.31,1321.27,1319.9,1321.27,541700
VN30,2025-04-15 03:07:00,1320.56,1321.26,1320.38,1321.26,1907900
VN30,2025-04-15 03:08:00,1320.92,1322.52,1320.92,1322.24,1473500
VN30,2025-04-15 03:09:00,1322.09,1323.14,1322.09,1323.14,2955800
VN30,2025-04-15 03:10:00,1323.04,1323.48,1322.84,1323.09,902200
VN30,2025-04-15 03:11:00,1323.48,1324.1,1323.22,1323.94,993500
VN30,2025-04-15 03:12:00,1323.65,1324.64,1323.65,1324.63,1194000
VN30,2025-04-15 03:13:00,1324.78,1325.8,1324.78,1325.64,733800
VN30,2025-04-15 03:14:00,1325.69,1326.78,1325.69,1326.78,873700
VN30,2025-04-15 03:15:00,1326.49,1327.67,1326.37,1327.67,1533000
VN30,2025-04-15 03:16:00,1327.53,1328.25,1327.53,1328.25,1150800
VN30,2025-04-15 03:17:00,1328.11,1328.73,1327.93,1328.18,1462600
VN30,2025-04-15 03:18:00,1328.38,1329.36,1328.31,1329.36,2931700
VN30,2025-04-15 03:19:00,1329.5,1329.5,1328.77,1329.06,1098300
VN30,2025-04-15 03:20:00,1329.62,1329.99,1329.16,1329.75,1953000
VN30,2025-04-15 03:21:00,1329.36,1329.38,1327.85,1328.24,3714800
VN30,2025-04-15 03:22:00,1328.41,1328.41,1326.98,1328.39,2710900
VN30,2025-04-15 03:23:00,1328.42,1328.42,1327.99,1328.27,1183800
VN30,2025-04-15 03:24:00,1328.41,1328.41,1326.51,1327.52,2687100
VN30,2025-04-15 03:25:00,1327.34,1327.6,1326.81,1327.23,736100
VN30,2025-04-15 03:26:00,1327.93,1328.13,1327.69,1327.94,1540800
VN30,2025-04-15 03:27:00,1327.72,1328.43,1327.72,1327.93,1026300
VN30,2025-04-15 03:28:00,1326.82,1327.05,1326.02,1327.05,1669400
VN30,2025-04-15 03:29:00,1326.76,1327.04,1326.65,1326.95,777400
VN30,2025-04-15 03:30:00,1326.93,1326.93,1325.49,1326.05,1043800
VN30,2025-04-15 03:31:00,1326.09,1326.72,1325.73,1326.7,894200
VN30,2025-04-15 03:32:00,1326.7,1327.09,1326.23,1326.85,1828800
VN30,2025-04-15 03:33:00,1326.77,1326.77,1325.63,1325.63,920200
VN30,2025-04-15 03:34:00,1325.69,1325.83,1325.28,1325.74,769100
VN30,2025-04-15 03:35:00,1325.58,1326.2,1325.25,1325.25,672800
VN30,2025-04-15 03:36:00,1325.32,1325.48,1324.88,1324.88,1702700
VN30,2025-04-15 03:37:00,1324.77,1324.98,1324.31,1324.67,877900
VN30,2025-04-15 03:38:00,1324.41,1324.74,1323.73,1324.12,776400
VN30,2025-04-15 03:39:00,1324.02,1324.02,1323.34,1323.34,1141700
VN30,2025-04-15 03:40:00,1323.24,1323.58,1323.09,1323.25,982400
VN30,2025-04-15 03:41:00,1323.17,1323.43,1321.8,1322.32,1306100
VN30,2025-04-15 03:42:00,1322.87,1322.87,1321.48,1321.82,420800
VN30,2025-04-15 03:43:00,1321.82,1322.71,1321.55,1322.13,1638800
VN30,2025-04-15 03:44:00,1322.1,1323.06,1322.1,1322.49,688300
VN30,2025-04-15 03:45:00,1322.2,1322.66,1322.02,1322.66,822600
VN30,2025-04-15 03:46:00,1322.43,1322.99,1321.81,1322.33,1249400
VN30,2025-04-15 03:47:00,1322.27,1322.74,1322.11,1322.45,726400
VN30,2025-04-15 03:48:00,1322.26,1322.93,1322.26,1322.93,917800
VN30,2025-04-15 03:49:00,1322.95,1323.37,1322.76,1323.3,458500
VN30,2025-04-15 03:50:00,1322.89,1323.88,1322.89,1323.88,656600
VN30,2025-04-15 03:51:00,1323.33,1323.62,1322.63,1323.34,716800
VN30,2025-04-15 03:52:00,1322.95,1323.43,1322.81,1323.43,685700
VN30,2025-04-15 03:53:00,1323.17,1323.53,1322.78,1323.16,794000
VN30,2025-04-15 03:54:00,1323.08,1323.61,1323.04,1323.57,448100
VN30,2025-04-15 03:55:00,1323.19,1323.19,1322.52,1322.8,1381400
VN30,2025-04-15 03:56:00,1322.98,1323.48,1322.37,1323.48,533800
VN30,2025-04-15 03:57:00,1323.37,1323.37,1321.35,1322.28,1377500
VN30,2025-04-15 03:58:00,1321.94,1322.36,1319.74,1320.39,1964300
VN30,2025-04-15 03:59:00,1320.54,1320.8,1319.17,1319.17,1508700
VN30,2025-04-15 04:00:00,1319.74,1320.41,1319.06,1320.31,2400400
VN30,2025-04-15 04:01:00,1318.8,1319.86,1318.47,1319.38,1579000
VN30,2025-04-15 04:02:00,1319.31,1319.56,1318.9,1319.35,1288200
VN30,2025-04-15 04:03:00,1318.11,1319.63,1317.22,1317.22,1484100
VN30,2025-04-15 04:04:00,1317.64,1318.9,1317.58,1318.31,950400
VN30,2025-04-15 04:05:00,1318.0,1318.44,1317.66,1317.66,1214400
VN30,2025-04-15 04:06:00,1317.44,1318.14,1317.01,1317.04,962900
VN30,2025-04-15 04:07:00,1316.94,1317.32,1316.87,1317.32,1631000
VN30,2025-04-15 04:08:00,1316.86,1317.98,1316.86,1317.98,1809100
VN30,2025-04-15 04:09:00,1318.07,1318.34,1317.33,1317.89,1262300
VN30,2025-04-15 04:10:00,1318.1,1318.1,1317.23,1317.53,524400
VN30,2025-04-15 04:11:00,1317.26,1318.3,1317.26,1317.94,612900
VN30,2025-04-15 04:12:00,1318.05,1318.3,1317.56,1318.16,480500
VN30,2025-04-15 04:13:00,1318.07,1318.52,1317.74,1318.15,627900
VN30,2025-04-15 04:14:00,1318.19,1318.59,1317.8,1318.41,1142300
VN30,2025-04-15 04:15:00,1318.51,1318.59,1317.54,1318.56,1345900
VN30,2025-04-15 04:16:00,1318.1,1318.36,1317.29,1318.14,1156200
VN30,2025-04-15 04:17:00,1318.53,1318.53,1317.05,1317.87,864700
VN30,2025-04-15 04:18:00,1317.55,1317.72,1316.95,1317.07,1141400
VN30,2025-04-15 04:19:00,1317.91,1317.98,1316.54,1317.73,804400
VN30,2025-04-15 04:20:00,1317.86,1317.9,1316.72,1317.49,495100
VN30,2025-04-15 04:21:00,1317.72,1317.94,1316.6,1316.79,641600
VN30,2025-04-15 04:22:00,1316.98,1317.59,1316.42,1317.21,874900
VN30,2025-04-15 04:23:00,1317.4,1317.4,1316.19,1316.61,1726900
VN30,2025-04-15 04:24:00,1316.2,1316.57,1315.7,1316.07,991800
VN30,2025-04-15 04:25:00,1315.41,1316.28,1315.19,1315.85,993800
VN30,2025-04-15 04:26:00,1316.13,1316.13,1314.9,1314.9,1458000
VN30,2025-04-15 04:27:00,1314.47,1315.37,1313.87,1314.44,3734300
VN30,2025-04-15 04:28:00,1314.6,1314.6,1312.07,1312.07,4003800
VN30,2025-04-15 04:29:00,1312.03,1312.18,1311.33,1311.54,2430600
VN30,2025-04-15 04:30:00,1311.47,1311.47,1311.28,1311.28,232700
VN30,2025-04-15 06:00:00,1310.47,1310.47,1308.09,1308.47,12219300
VN30,2025-04-15 06:01:00,1307.65,1307.65,1305.13,1305.13,3747900
VN30,2025-04-15 06:02:00,1305.72,1305.74,1304.31,1304.34,4915400
VN30,2025-04-15 06:03:00,1304.29,1304.31,1303.29,1303.9,4233700
VN30,2025-04-15 06:04:00,1303.94,1304.02,1303.32,1304.02,3017900
VN30,2025-04-15 06:05:00,1303.97,1305.23,1303.97,1304.99,2571600
VN30,2025-04-15 06:06:00,1305.48,1306.53,1305.48,1306.53,2255500
VN30,2025-04-15 06:07:00,1306.44,1307.21,1306.09,1307.15,2664400
VN30,2025-04-15 06:08:00,1307.0,1308.51,1307.0,1308.33,2097000
VN30,2025-04-15 06:09:00,1308.78,1309.0,1307.94,1309.0,2438500
VN30,2025-04-15 06:10:00,1309.19,1309.65,1308.56,1309.06,1736100
VN30,2025-04-15 06:11:00,1309.03,1309.89,1308.88,1309.89,1928100
VN30,2025-04-15 06:12:00,1308.59,1309.93,1307.84,1309.03,3136300
VN30,2025-04-15 06:13:00,1308.87,1309.58,1307.95,1309.13,1976600
VN30,2025-04-15 06:14:00,1308.89,1309.9,1308.89,1309.48,1389900
VN30,2025-04-15 06:15:00,1309.65,1309.65,1307.76,1308.39,1579000
VN30,2025-04-15 06:16:00,1308.99,1309.08,1307.52,1308.95,4194900
VN30,2025-04-15 06:17:00,1309.62,1309.62,1308.01,1308.46,2506900
VN30,2025-04-15 06:18:00,1308.07,1308.79,1307.66,1307.93,2322000
VN30,2025-04-15 06:19:00,1308.18,1309.07,1307.58,1307.98,1207200
VN30,2025-04-15 06:20:00,1307.52,1308.39,1306.28,1306.28,3098200
VN30,2025-04-15 06:21:00,1306.56,1306.95,1305.89,1306.95,1954900
VN30,2025-04-15 06:22:00,1305.6,1308.18,1305.6,1307.34,2540900
VN30,2025-04-15 06:23:00,1306.86,1307.9,1306.86,1307.49,2531100
VN30,2025-04-15 06:24:00,1307.87,1308.57,1307.45,1308.36,1352200
VN30,2025-04-15 06:25:00,1308.51,1309.78,1308.01,1309.78,1684900
VN30,2025-04-15 06:26:00,1309.88,1311.0,1309.45,1310.34,1705800
VN30,2025-04-15 06:27:00,1310.53,1311.81,1310.25,1311.05,2017400
VN30,2025-04-15 06:28:00,1311.53,1311.53,1310.73,1311.37,1711700
VN30,2025-04-15 06:29:00,1311.11,1312.28,1311.11,1311.94,2806300
VN30,2025-04-15 06:30:00,1312.28,1312.28,1311.33,1311.94,1362900
VN30,2025-04-15 06:31:00,1311.82,1312.41,1311.73,1311.8,1198800
VN30,2025-04-15 06:32:00,1311.95,1312.11,1311.53,1311.53,1736800
VN30,2025-04-15 06:33:00,1312.22,1312.27,1311.0,1311.74,1274200
VN30,2025-04-15 06:34:00,1311.94,1311.94,1311.18,1311.55,1083700
VN30,2025-04-15 06:35:00,1311.57,1311.69,1310.46,1310.46,868100
VN30,2025-04-15 06:36:00,1310.77,1311.37,1310.65,1311.1,1200500
VN30,2025-04-15 06:37:00,1310.77,1311.67,1310.45,1311.67,1611300
VN30,2025-04-15 06:38:00,1311.32,1311.63,1310.77,1311.35,1110800
VN30,2025-04-15 06:39:00,1311.36,1311.43,1310.72,1311.28,1176100
VN30,2025-04-15 06:40:00,1310.93,1310.97,1310.37,1310.56,1477900
VN30,2025-04-15 06:41:00,1310.44,1310.44,1309.65,1310.18,1033700
VN30,2025-04-15 06:42:00,1310.02,1310.34,1309.34,1309.98,1604200
VN30,2025-04-15 06:43:00,1309.98,1310.15,1309.52,1309.7,1657700
VN30,2025-04-15 06:44:00,1309.59,1309.82,1308.83,1308.89,1164400
VN30,2025-04-15 06:45:00,1308.96,1309.56,1308.96,1309.29,806900
VN30,2025-04-15 06:46:00,1309.15,1309.94,1308.82,1309.38,953600
VN30,2025-04-15 06:47:00,1309.46,1309.46,1308.19,1308.19,1369800
VN30,2025-04-15 06:48:00,1308.76,1308.76,1307.95,1308.49,1638500
VN30,2025-04-15 06:49:00,1308.1,1308.39,1307.33,1307.35,1674000
VN30,2025-04-15 06:50:00,1307.51,1307.53,1306.01,1306.65,1907700
VN30,2025-04-15 06:51:00,1306.51,1306.76,1305.8,1306.31,3103400
VN30,2025-04-15 06:52:00,1306.09,1306.91,1305.59,1306.0,2298100
VN30,2025-04-15 06:53:00,1305.2,1305.78,1305.09,1305.09,2624100
VN30,2025-04-15 06:54:00,1304.97,1305.46,1304.89,1305.14,2819200
VN30,2025-04-15 06:55:00,1304.96,1305.91,1304.87,1305.91,1206700
VN30,2025-04-15 06:56:00,1305.69,1306.75,1305.69,1306.74,1485500
VN30,2025-04-15 06:57:00,1306.63,1308.78,1306.63,1308.48,1852200
VN30,2025-04-15 06:58:00,1308.13,1310.93,1308.13,1310.93,2783600
VN30,2025-04-15 06:59:00,1311.21,1311.5,1310.41,1311.38,1735300
VN30,2025-04-15 07:00:00,1312.17,1312.75,1311.98,1312.64,1504600
VN30,2025-04-15 07:01:00,1312.72,1314.51,1312.46,1314.34,734100
VN30,2025-04-15 07:02:00,1314.27,1314.8,1314.25,1314.62,1260600
VN30,2025-04-15 07:03:00,1314.55,1314.55,1313.41,1313.5,1657500
VN30,2025-04-15 07:04:00,1313.96,1313.96,1312.44,1313.53,1347800
VN30,2025-04-15 07:05:00,1313.29,1313.67,1312.58,1312.74,823300
VN30,2025-04-15 07:06:00,1312.55,1312.96,1311.89,1312.27,991700
VN30,2025-04-15 07:07:00,1312.18,1312.18,1310.79,1311.28,1132300
VN30,2025-04-15 07:08:00,1311.02,1311.12,1309.63,1309.97,1191600
VN30,2025-04-15 07:09:00,1309.95,1309.95,1308.95,1309.43,1147200
VN30,2025-04-15 07:10:00,1309.7,1309.7,1307.77,1308.21,2154800
VN30,2025-04-15 07:11:00,1307.98,1308.38,1307.37,1308.28,1470800
VN30,2025-04-15 07:12:00,1308.21,1308.97,1307.69,1308.97,1590600
VN30,2025-04-15 07:13:00,1308.98,1309.02,1308.48,1308.93,902500
VN30,2025-04-15 07:14:00,1309.0,1310.47,1309.0,1309.77,1320900
VN30,2025-04-15 07:15:00,1310.09,1310.54,1309.72,1310.18,1878800
VN30,2025-04-15 07:16:00,1310.5,1310.98,1310.16,1310.98,1252100
VN30,2025-04-15 07:17:00,1310.83,1311.81,1310.78,1311.27,1211700
VN30,2025-04-15 07:18:00,1311.52,1311.87,1311.04,1311.87,1541700
VN30,2025-04-15 07:19:00,1311.95,1312.56,1311.67,1312.56,2278000
VN30,2025-04-15 07:20:00,1312.5,1312.75,1312.06,1312.33,1826100
VN30,2025-04-15 07:21:00,1312.31,1313.05,1312.14,1312.48,1903300
VN30,2025-04-15 07:22:00,1312.23,1313.23,1312.23,1312.96,1471000
VN30,2025-04-15 07:23:00,1312.89,1313.36,1312.89,1313.34,1536400
VN30,2025-04-15 07:24:00,1313.45,1313.45,1312.7,1312.92,1564900
VN30,2025-04-15 07:25:00,1313.05,1313.42,1312.25,1312.51,2132400
VN30,2025-04-15 07:26:00,1312.56,1313.55,1312.56,1313.1,1552800
VN30,2025-04-15 07:27:00,1313.58,1313.59,1312.87,1313.08,1803900
VN30,2025-04-15 07:28:00,1313.25,1313.31,1312.39,1312.75,3843900
VN30,2025-04-15 07:29:00,1313.26,1313.26,1312.42,1312.59,3385900
VN30,2025-04-15 07:30:00,1312.96,1312.96,1312.96,1312.96,621800
VN30,2025-04-15 07:45:00,1312.79,1312.79,1310.76,1310.76,25433800
VN30,2025-04-16 02:15:00,1310.76,1311.82,1309.1,1311.82,5739900
VN30,2025-04-16 02:16:00,1312.58,1314.27,1312.5,1313.99,1977406
VN30,2025-04-16 02:17:00,1314.07,1315.73,1313.98,1315.6,1251900
VN30,2025-04-16 02:18:00,1315.55,1316.69,1315.49,1316.35,1125800
VN30,2025-04-16 02:19:00,1316.31,1317.38,1316.31,1316.79,913400
VN30,2025-04-16 02:20:00,1316.74,1316.76,1316.27,1316.45,821900
VN30,2025-04-16 02:21:00,1316.63,1316.76,1315.06,1315.22,1402200
VN30,2025-04-16 02:22:00,1315.21,1315.65,1314.56,1315.07,1549300
VN30,2025-04-16 02:23:00,1315.03,1315.7,1313.57,1314.46,1002700
VN30,2025-04-16 02:24:00,1314.34,1314.85,1313.72,1314.25,803800
VN30,2025-04-16 02:25:00,1314.2,1314.44,1313.79,1314.05,625000
VN30,2025-04-16 02:26:00,1314.44,1314.57,1313.72,1313.92,994100
VN30,2025-04-16 02:27:00,1314.47,1314.51,1313.8,1314.31,1510700
VN30,2025-04-16 02:28:00,1314.85,1314.85,1314.4,1314.4,1002500
VN30,2025-04-16 02:29:00,1314.48,1314.48,1313.7,1313.7,522200
VN30,2025-04-16 02:30:00,1314.0,1314.23,1313.42,1313.68,960500
VN30,2025-04-16 02:31:00,1313.58,1314.0,1312.42,1312.79,831100
VN30,2025-04-16 02:32:00,1313.04,1313.57,1312.74,1313.48,361100
VN30,2025-04-16 02:33:00,1313.19,1313.41,1312.56,1313.41,658200
VN30,2025-04-16 02:34:00,1313.28,1313.28,1312.23,1312.52,456800
VN30,2025-04-16 02:35:00,1312.52,1312.65,1311.65,1311.96,487900
VN30,2025-04-16 02:36:00,1312.17,1312.17,1311.03,1311.17,709100
VN30,2025-04-16 02:37:00,1311.17,1311.26,1310.52,1310.52,1204100
VN30,2025-04-16 02:38:00,1310.43,1310.97,1310.11,1310.11,817000
VN30,2025-04-16 02:39:00,1309.72,1309.92,1309.01,1309.01,578300
VN30,2025-04-16 02:40:00,1309.1,1309.52,1308.88,1309.19,621500
VN30,2025-04-16 02:41:00,1308.6,1309.07,1308.45,1309.0,1088900
VN30,2025-04-16 02:42:00,1308.92,1309.07,1308.67,1308.95,659700
VN30,2025-04-16 02:43:00,1308.77,1309.31,1308.77,1308.79,647200
VN30,2025-04-16 02:44:00,1308.9,1309.19,1308.82,1309.05,779600
VN30,2025-04-16 02:45:00,1309.08,1309.84,1309.08,1309.61,998600
VN30,2025-04-16 02:46:00,1309.3,1311.07,1309.3,1311.07,1360100
VN30,2025-04-16 02:47:00,1310.82,1311.3,1310.48,1310.98,829200
VN30,2025-04-16 02:48:00,1311.01,1312.14,1311.01,1312.14,1841500
VN30,2025-04-16 02:49:00,1311.72,1313.44,1311.72,1313.44,1330300
VN30,2025-04-16 02:50:00,1313.32,1314.18,1313.32,1314.01,768400
VN30,2025-04-16 02:51:00,1313.31,1314.28,1313.31,1314.28,807700
VN30,2025-04-16 02:52:00,1314.12,1315.07,1314.12,1314.78,1148300
VN30,2025-04-16 02:53:00,1314.95,1315.08,1314.52,1314.88,704300
VN30,2025-04-16 02:54:00,1314.48,1315.13,1314.4,1314.63,700600
VN30,2025-04-16 02:55:00,1315.06,1315.2,1314.68,1315.05,1302500
VN30,2025-04-16 02:56:00,1315.31,1315.49,1315.08,1315.42,1881700
VN30,2025-04-16 02:57:00,1315.58,1316.15,1315.4,1315.44,1095700
VN30,2025-04-16 02:58:00,1315.66,1316.58,1315.66,1316.58,883500
VN30,2025-04-16 02:59:00,1316.39,1316.7,1314.97,1314.97,1025800
VN30,2025-04-16 03:00:00,1315.16,1315.95,1315.16,1315.95,1106001
VN30,2025-04-16 03:01:00,1316.4,1316.8,1314.95,1315.24,1204300
VN30,2025-04-16 03:02:00,1314.75,1316.11,1314.75,1316.0,845400
VN30,2025-04-16 03:03:00,1315.62,1315.62,1314.53,1314.53,1315000
VN30,2025-04-16 03:04:00,1314.96,1315.39,1314.25,1314.92,2164500
VN30,2025-04-16 03:05:00,1314.88,1315.38,1314.62,1314.88,652600
VN30,2025-04-16 03:06:00,1315.46,1315.46,1314.79,1315.01,297700
VN30,2025-04-16 03:07:00,1315.09,1315.7,1315.09,1315.7,318600
VN30,2025-04-16 03:08:00,1315.7,1315.76,1315.27,1315.64,693100
VN30,2025-04-16 03:09:00,1315.76,1316.38,1315.6,1316.38,555900
VN30,2025-04-16 03:10:00,1316.12,1316.57,1316.03,1316.03,1393700
VN30,2025-04-16 03:11:00,1316.12,1316.84,1316.06,1316.22,562300
VN30,2025-04-16 03:12:00,1316.39,1316.88,1316.31,1316.61,565100
VN30,2025-04-16 03:13:00,1316.72,1317.19,1316.53,1317.01,570100
VN30,2025-04-16 03:14:00,1316.9,1317.22,1316.75,1316.75,462000
VN30,2025-04-16 03:15:00,1316.66,1317.0,1316.29,1316.6,1200200
VN30,2025-04-16 03:16:00,1316.67,1316.67,1315.36,1315.77,865900
VN30,2025-04-16 03:17:00,1315.96,1316.17,1315.5,1316.17,481700
VN30,2025-04-16 03:18:00,1316.16,1317.14,1315.9,1316.98,323400
VN30,2025-04-16 03:19:00,1316.94,1317.09,1316.49,1317.09,457500
VN30,2025-04-16 03:20:00,1316.97,1317.7,1316.72,1317.7,814700
VN30,2025-04-16 03:21:00,1317.19,1317.56,1316.6,1316.6,1784600
VN30,2025-04-16 03:22:00,1316.92,1317.35,1316.92,1317.03,1339100
VN30,2025-04-16 03:23:00,1317.19,1317.55,1316.63,1317.55,951100
VN30,2025-04-16 03:24:00,1317.39,1317.39,1316.84,1317.27,710300
VN30,2025-04-16 03:25:00,1317.17,1317.76,1317.09,1317.35,454400
VN30,2025-04-16 03:26:00,1317.7,1318.1,1317.35,1318.1,398300
VN30,2025-04-16 03:27:00,1318.02,1318.44,1317.73,1317.96,873100
VN30,2025-04-16 03:28:00,1317.79,1318.45,1317.71,1317.99,899800
VN30,2025-04-16 03:29:00,1318.17,1318.34,1317.76,1317.76,1737700
VN30,2025-04-16 03:30:00,1317.86,1318.86,1317.71,1318.86,842501
VN30,2025-04-16 03:31:00,1318.29,1318.3,1316.99,1316.99,676200
VN30,2025-04-16 03:32:00,1317.31,1317.95,1316.47,1316.47,718100
VN30,2025-04-16 03:33:00,1316.53,1317.47,1316.53,1317.4,1092600
VN30,2025-04-16 03:34:00,1317.02,1317.54,1316.36,1317.28,453200
VN30,2025-04-16 03:35:00,1317.04,1317.65,1316.74,1317.09,624000
VN30,2025-04-16 03:36:00,1316.54,1317.12,1316.15,1317.12,1032000
VN30,2025-04-16 03:37:00,1317.05,1317.05,1315.86,1315.86,285200
VN30,2025-04-16 03:38:00,1315.3,1316.87,1315.3,1316.39,653800
VN30,2025-04-16 03:39:00,1316.12,1316.49,1315.79,1315.79,675800
VN30,2025-04-16 03:40:00,1315.72,1316.54,1315.67,1316.07,512100
VN30,2025-04-16 03:41:00,1315.36,1316.04,1314.81,1314.81,582600
VN30,2025-04-16 03:42:00,1314.65,1315.79,1314.65,1315.04,777400
VN30,2025-04-16 03:43:00,1315.14,1315.58,1314.39,1315.08,677600
VN30,2025-04-16 03:44:00,1315.0,1315.18,1314.44,1314.58,509900
VN30,2025-04-16 03:45:00,1314.16,1314.69,1314.16,1314.47,1507000
VN30,2025-04-16 03:46:00,1314.09,1314.28,1313.7,1314.0,379800
VN30,2025-04-16 03:47:00,1313.98,1313.98,1312.36,1313.21,606800
VN30,2025-04-16 03:48:00,1313.21,1313.75,1312.78,1313.75,972700
VN30,2025-04-16 03:49:00,1313.31,1313.64,1312.32,1313.2,613200
VN30,2025-04-16 03:50:00,1313.23,1313.41,1312.29,1313.2,1089500
VN30,2025-04-16 03:51:00,1313.44,1313.44,1312.69,1312.74,880900
VN30,2025-04-16 03:52:00,1313.11,1314.09,1313.11,1313.44,1493800
VN30,2025-04-16 03:53:00,1313.48,1313.87,1313.48,1313.8,381200
VN30,2025-04-16 03:54:00,1313.41,1314.44,1313.15,1313.15,249800
VN30,2025-04-16 03:55:00,1313.52,1313.76,1312.78,1313.76,1314100
VN30,2025-04-16 03:56:00,1314.1,1314.18,1313.6,1313.74,345200
VN30,2025-04-16 03:57:00,1313.85,1314.36,1313.44,1313.88,287900
VN30,2025-04-16 03:58:00,1313.87,1314.37,1313.54,1313.84,262200
VN30,2025-04-16 03:59:00,1314.05,1314.29,1313.68,1314.09,285200
VN30,2025-04-16 04:00:00,1314.61,1314.61,1313.2,1313.69,917000
VN30,2025-04-16 04:01:00,1313.69,1313.69,1312.75,1313.37,1798900
VN30,2025-04-16 04:02:00,1313.0,1313.5,1312.72,1313.2,453100
VN30,2025-04-16 04:03:00,1313.59,1313.59,1312.89,1312.89,351500
VN30,2025-04-16 04:04:00,1313.27,1313.86,1313.2,1313.58,560800
VN30,2025-04-16 04:05:00,1313.16,1313.55,1313.16,1313.38,444300
VN30,2025-04-16 04:06:00,1313.38,1313.86,1312.95,1313.32,427600
VN30,2025-04-16 04:07:00,1312.71,1313.31,1312.71,1313.31,492900
VN30,2025-04-16 04:08:00,1313.19,1313.44,1312.24,1313.12,357000
VN30,2025-04-16 04:09:00,1313.01,1313.41,1312.58,1313.41,571300
VN30,2025-04-16 04:10:00,1313.82,1313.82,1312.58,1313.67,386200
VN30,2025-04-16 04:11:00,1313.1,1313.76,1312.89,1313.06,417000
VN30,2025-04-16 04:12:00,1313.52,1313.52,1312.42,1312.92,600200
VN30,2025-04-16 04:13:00,1313.45,1313.45,1312.25,1313.07,534900
VN30,2025-04-16 04:14:00,1313.21,1313.21,1312.49,1312.8,1314000
VN30,2025-04-16 04:15:00,1312.94,1312.94,1311.93,1311.93,520000
VN30,2025-04-16 04:16:00,1311.94,1312.92,1311.84,1312.28,973000
VN30,2025-04-16 04:17:00,1312.3,1313.03,1312.05,1312.12,461300
VN30,2025-04-16 04:18:00,1312.45,1312.81,1312.01,1312.62,352700
VN30,2025-04-16 04:19:00,1312.34,1312.88,1312.09,1312.48,718800
VN30,2025-04-16 04:20:00,1312.0,1312.71,1311.8,1312.69,1173900
VN30,2025-04-16 04:21:00,1312.79,1312.79,1311.66,1312.73,636300
VN30,2025-04-16 04:22:00,1312.83,1313.41,1312.1,1313.41,519600
VN30,2025-04-16 04:23:00,1313.38,1313.38,1312.24,1312.83,676800
VN30,2025-04-16 04:24:00,1312.46,1313.34,1312.46,1313.34,1157100
VN30,2025-04-16 04:25:00,1313.1,1313.49,1312.59,1313.06,1326200
VN30,2025-04-16 04:26:00,1312.77,1313.17,1312.77,1313.05,436800
VN30,2025-04-16 04:27:00,1313.15,1313.29,1312.53,1312.57,488500
VN30,2025-04-16 04:28:00,1312.51,1313.23,1312.48,1312.97,523000
VN30,2025-04-16 04:29:00,1312.69,1312.95,1311.99,1312.37,511100
VN30,2025-04-16 04:30:00,1312.55,1312.55,1312.55,1312.55,5300
VN30,2025-04-16 06:00:00,1312.19,1312.19,1310.86,1311.26,2631600
VN30,2025-04-16 06:01:00,1310.81,1311.19,1310.58,1310.68,984400
VN30,2025-04-16 06:02:00,1310.46,1310.77,1310.01,1310.61,1286400
VN30,2025-04-16 06:03:00,1310.42,1310.42,1309.26,1309.51,979500
VN30,2025-04-16 06:04:00,1309.75,1310.11,1309.35,1309.58,1263300
VN30,2025-04-16 06:05:00,1309.67,1309.98,1308.78,1309.96,689900
VN30,2025-04-16 06:06:00,1309.57,1309.57,1308.77,1309.09,1166600
VN30,2025-04-16 06:07:00,1309.08,1309.26,1308.21,1308.58,1125200
VN30,2025-04-16 06:08:00,1308.43,1308.67,1307.88,1308.17,1482700
VN30,2025-04-16 06:09:00,1308.53,1308.53,1307.75,1307.77,1335000
VN30,2025-04-16 06:10:00,1308.32,1308.32,1307.12,1307.17,2165400
VN30,2025-04-16 06:11:00,1307.08,1307.59,1306.64,1306.64,1221000
VN30,2025-04-16 06:12:00,1306.39,1306.85,1305.62,1306.22,2142200
VN30,2025-04-16 06:13:00,1306.19,1306.6,1305.32,1306.6,2089400
VN30,2025-04-16 06:14:00,1306.15,1306.77,1306.02,1306.62,994600
VN30,2025-04-16 06:15:00,1306.45,1306.88,1306.09,1306.09,1102300
VN30,2025-04-16 06:16:00,1306.38,1306.63,1304.68,1305.25,1369000
VN30,2025-04-16 06:17:00,1305.19,1305.37,1304.86,1305.08,1550000
VN30,2025-04-16 06:18:00,1304.85,1305.53,1304.1,1304.12,1292200
VN30,2025-04-16 06:19:00,1303.94,1304.38,1303.46,1303.96,895400
VN30,2025-04-16 06:20:00,1303.85,1304.01,1303.3,1303.71,1129500
VN30,2025-04-16 06:21:00,1303.5,1303.68,1302.63,1302.97,1602000
VN30,2025-04-16 06:22:00,1302.65,1303.06,1301.89,1302.03,1822900
VN30,2025-04-16 06:23:00,1301.63,1302.01,1301.03,1301.35,2120700
VN30,2025-04-16 06:24:00,1301.35,1301.68,1300.32,1300.32,3256200
VN30,2025-04-16 06:25:00,1300.46,1301.04,1300.05,1300.05,2077300
VN30,2025-04-16 06:26:00,1300.05,1301.38,1300.02,1300.7,1968500
VN30,2025-04-16 06:27:00,1300.1,1301.63,1300.1,1301.63,2388100
VN30,2025-04-16 06:28:00,1301.53,1302.82,1301.49,1302.65,2453600
VN30,2025-04-16 06:29:00,1302.89,1303.45,1302.15,1303.45,1442100
VN30,2025-04-16 06:30:00,1303.06,1304.16,1302.83,1303.5,1097500
VN30,2025-04-16 06:31:00,1303.87,1304.9,1303.87,1304.37,1708000
VN30,2025-04-16 06:32:00,1304.8,1305.25,1304.43,1305.25,1605900
VN30,2025-04-16 06:33:00,1304.67,1305.09,1304.57,1304.57,1664800
VN30,2025-04-16 06:34:00,1304.31,1304.84,1304.08,1304.84,1294900
VN30,2025-04-16 06:35:00,1304.64,1305.25,1304.6,1304.83,2084500
VN30,2025-04-16 06:36:00,1304.78,1305.58,1304.78,1305.27,713100
VN30,2025-04-16 06:37:00,1305.12,1305.65,1304.76,1305.65,1108600
VN30,2025-04-16 06:38:00,1305.59,1305.59,1304.88,1305.23,665000
VN30,2025-04-16 06:39:00,1305.19,1305.58,1305.11,1305.11,1269100
VN30,2025-04-16 06:40:00,1304.76,1305.68,1304.76,1305.62,586300
VN30,2025-04-16 06:41:00,1305.06,1305.06,1302.67,1302.67,1581800
VN30,2025-04-16 06:42:00,1303.11,1303.41,1300.72,1300.72,2289700
VN30,2025-04-16 06:43:00,1300.99,1302.32,1300.99,1302.32,2498800
VN30,2025-04-16 06:44:00,1301.63,1301.63,1300.85,1301.19,1094600
VN30,2025-04-16 06:45:00,1301.0,1301.16,1300.6,1300.83,1162100
VN30,2025-04-16 06:46:00,1300.55,1300.55,1298.91,1300.02,1453700
VN30,2025-04-16 06:47:00,1299.19,1299.45,1298.33,1298.59,1608300
VN30,2025-04-16 06:48:00,1298.48,1299.24,1298.21,1298.55,2193100
VN30,2025-04-16 06:49:00,1298.58,1298.82,1298.29,1298.82,1377000
VN30,2025-04-16 06:50:00,1298.99,1298.99,1297.92,1298.92,1804200
VN30,2025-04-16 06:51:00,1298.49,1299.34,1298.49,1299.34,1387700
VN30,2025-04-16 06:52:00,1298.75,1299.11,1297.91,1298.3,1562200
VN30,2025-04-16 06:53:00,1298.34,1299.24,1298.06,1299.24,976700
VN30,2025-04-16 06:54:00,1298.96,1299.41,1298.96,1299.13,1583800
VN30,2025-04-16 06:55:00,1298.99,1299.73,1298.75,1299.13,1314000
VN30,2025-04-16 06:56:00,1298.95,1299.82,1298.81,1299.56,2048900
VN30,2025-04-16 06:57:00,1299.65,1300.37,1299.52,1299.97,1056500
VN30,2025-04-16 06:58:00,1299.48,1300.62,1299.48,1300.34,1109700
VN30,2025-04-16 06:59:00,1300.22,1300.79,1300.04,1300.09,1731700
VN30,2025-04-16 07:00:00,1300.23,1300.69,1300.03,1300.03,1546600
VN30,2025-04-16 07:01:00,1300.11,1300.3,1299.69,1300.27,1061400
VN30,2025-04-16 07:02:00,1299.94,1300.26,1299.38,1300.03,1003800
VN30,2025-04-16 07:03:00,1299.35,1299.66,1298.05,1298.05,2374200
VN30,2025-04-16 07:04:00,1298.31,1298.49,1297.84,1298.48,1237600
VN30,2025-04-16 07:05:00,1298.67,1298.67,1297.69,1298.65,1051500
VN30,2025-04-16 07:06:00,1298.43,1298.91,1298.01,1298.26,1493200
VN30,2025-04-16 07:07:00,1298.42,1298.42,1297.42,1298.07,875900
VN30,2025-04-16 07:08:00,1297.72,1298.01,1296.95,1297.54,3607500
VN30,2025-04-16 07:09:00,1297.37,1297.45,1296.18,1296.18,4722400
VN30,2025-04-16 07:10:00,1295.87,1296.09,1293.73,1293.73,2894200
VN30,2025-04-16 07:11:00,1293.87,1294.37,1292.38,1292.38,4932600
VN30,2025-04-16 07:12:00,1291.8,1291.81,1290.38,1291.14,3256600
VN30,2025-04-16 07:13:00,1290.76,1290.92,1289.02,1290.41,3214100
VN30,2025-04-16 07:14:00,1288.71,1290.25,1288.38,1288.77,5605000
VN30,2025-04-16 07:15:00,1288.75,1289.38,1288.06,1288.89,3338801
VN30,2025-04-16 07:16:00,1288.57,1291.48,1288.57,1291.04,2947000
VN30,2025-04-16 07:17:00,1290.68,1292.99,1290.68,1292.99,3133200
VN30,2025-04-16 07:18:00,1293.93,1294.08,1293.48,1294.08,2488300
VN30,2025-04-16 07:19:00,1294.09,1295.52,1293.57,1295.52,3414000
VN30,2025-04-16 07:20:00,1295.41,1296.18,1295.06,1295.06,1849500
VN30,2025-04-16 07:21:00,1295.81,1295.81,1293.07,1293.07,2868500
VN30,2025-04-16 07:22:00,1293.43,1294.26,1292.09,1292.33,2924500
VN30,2025-04-16 07:23:00,1292.2,1292.86,1291.49,1292.31,2636700
VN30,2025-04-16 07:24:00,1292.02,1292.68,1290.86,1290.86,2799200
VN30,2025-04-16 07:25:00,1290.52,1291.25,1290.32,1290.92,1886400
VN30,2025-04-16 07:26:00,1291.7,1291.74,1290.39,1290.98,2637800
VN30,2025-04-16 07:27:00,1290.8,1291.37,1289.51,1291.37,2986000
VN30,2025-04-16 07:28:00,1291.62,1291.93,1290.86,1291.69,3134400
VN30,2025-04-16 07:29:00,1291.08,1291.31,1290.48,1290.88,1972900
VN30,2025-04-16 07:45:00,1290.94,1293.25,1290.94,1293.25,20740400
VN30,2025-04-17 02:15:00,1293.25,1293.25,1285.25,1290.18,9611000
VN30,2025-04-17 02:16:00,1289.61,1291.28,1289.61,1290.1,2426901
VN30,2025-04-17 02:17:00,1289.93,1290.73,1289.6,1289.6,1625300
VN30,2025-04-17 02:18:00,1289.63,1289.87,1289.01,1289.31,1175900
VN30,2025-04-17 02:19:00,1289.04,1289.33,1287.89,1287.89,1630400
VN30,2025-04-17 02:20:00,1288.02,1290.18,1287.82,1289.87,1750800
VN30,2025-04-17 02:21:00,1291.3,1291.3,1289.73,1290.61,1022600
VN30,2025-04-17 02:22:00,1290.36,1291.4,1290.21,1290.82,1267800
VN30,2025-04-17 02:23:00,1289.92,1291.63,1289.92,1290.98,1326000
VN30,2025-04-17 02:24:00,1291.68,1292.47,1291.64,1292.47,1593100
VN30,2025-04-17 02:25:00,1292.5,1294.12,1292.5,1294.12,1567000
VN30,2025-04-17 02:26:00,1293.83,1295.37,1293.76,1294.82,1062400
VN30,2025-04-17 02:27:00,1294.59,1296.18,1294.59,1296.15,2118900
VN30,2025-04-17 02:28:00,1296.35,1298.08,1296.19,1297.91,1138700
VN30,2025-04-17 02:29:00,1298.04,1299.99,1298.04,1299.99,877100
VN30,2025-04-17 02:30:00,1300.14,1300.21,1299.47,1299.47,1462602
VN30,2025-04-17 02:31:00,1299.25,1299.25,1296.5,1296.95,2299600
VN30,2025-04-17 02:32:00,1296.74,1297.22,1295.96,1296.03,880200
VN30,2025-04-17 02:33:00,1295.68,1295.68,1294.28,1294.28,1205900
VN30,2025-04-17 02:34:00,1293.96,1294.17,1292.89,1293.03,1306500
VN30,2025-04-17 02:35:00,1293.29,1293.29,1292.07,1292.21,1206800
VN30,2025-04-17 02:36:00,1291.93,1292.34,1291.5,1291.73,1236100
VN30,2025-04-17 02:37:00,1291.6,1291.7,1290.66,1290.97,1434100
VN30,2025-04-17 02:38:00,1290.32,1291.09,1289.7,1290.22,669600
VN30,2025-04-17 02:39:00,1289.72,1290.86,1289.29,1290.15,1265100
VN30,2025-04-17 02:40:00,1290.49,1290.99,1289.62,1290.25,979200
VN30,2025-04-17 02:41:00,1290.0,1291.13,1288.88,1291.13,923300
VN30,2025-04-17 02:42:00,1289.91,1290.44,1289.31,1290.08,955700
VN30,2025-04-17 02:43:00,1290.23,1290.83,1289.23,1289.45,1330400
VN30,2025-04-17 02:44:00,1289.85,1291.64,1289.85,1291.3,1106900
VN30,2025-04-17 02:45:00,1291.4,1292.12,1291.0,1291.99,751801
VN30,2025-04-17 02:46:00,1291.55,1292.48,1291.55,1291.63,838500
VN30,2025-04-17 02:47:00,1291.45,1291.96,1291.14,1291.42,261900
VN30,2025-04-17 02:48:00,1291.75,1292.26,1291.75,1292.04,611000
VN30,2025-04-17 02:49:00,1292.14,1292.67,1291.74,1292.67,669300
VN30,2025-04-17 02:50:00,1292.45,1293.1,1292.36,1292.75,532400
VN30,2025-04-17 02:51:00,1292.9,1293.7,1292.66,1292.76,774700
VN30,2025-04-17 02:52:00,1292.66,1292.89,1292.42,1292.74,509300
VN30,2025-04-17 02:53:00,1293.02,1293.23,1292.56,1292.63,483800
VN30,2025-04-17 02:54:00,1292.71,1292.76,1292.1,1292.25,1397300
VN30,2025-04-17 02:55:00,1291.83,1292.44,1291.54,1291.73,630900
VN30,2025-04-17 02:56:00,1292.34,1292.34,1291.9,1292.26,570100
VN30,2025-04-17 02:57:00,1291.56,1292.03,1291.22,1291.42,525100
VN30,2025-04-17 02:58:00,1291.46,1291.46,1290.87,1291.03,510600
VN30,2025-04-17 02:59:00,1290.85,1291.23,1290.46,1290.5,512900
VN30,2025-04-17 03:00:00,1290.89,1291.12,1290.37,1290.6,500500
VN30,2025-04-17 03:01:00,1290.4,1290.84,1290.24,1290.66,730200
VN30,2025-04-17 03:02:00,1290.33,1290.33,1289.2,1289.2,1467000
VN30,2025-04-17 03:03:00,1289.55,1289.55,1288.91,1289.29,1427000
VN30,2025-04-17 03:04:00,1289.28,1289.28,1288.03,1288.03,1794800
VN30,2025-04-17 03:05:00,1288.07,1288.33,1287.54,1287.74,1943500
VN30,2025-04-17 03:06:00,1287.91,1288.36,1287.23,1287.75,1331500
VN30,2025-04-17 03:07:00,1287.84,1288.42,1287.23,1287.67,1205100
VN30,2025-04-17 03:08:00,1288.03,1289.18,1287.0,1288.28,2115100
VN30,2025-04-17 03:09:00,1287.94,1288.5,1287.46,1288.14,1722600
VN30,2025-04-17 03:10:00,1287.66,1289.05,1287.66,1288.59,1407100
VN30,2025-04-17 03:11:00,1289.58,1290.23,1288.29,1289.31,883500
VN30,2025-04-17 03:12:00,1289.34,1291.06,1288.88,1288.88,1009400
VN30,2025-04-17 03:13:00,1289.33,1289.73,1288.74,1289.13,666300
VN30,2025-04-17 03:14:00,1288.77,1289.31,1288.4,1288.95,642300
VN30,2025-04-17 03:15:00,1289.04,1289.04,1287.81,1288.4,538300
VN30,2025-04-17 03:16:00,1288.62,1288.62,1287.28,1287.61,712500
VN30,2025-04-17 03:17:00,1287.69,1288.01,1287.2,1287.9,431100
VN30,2025-04-17 03:18:00,1288.07,1288.97,1287.4,1288.97,986700
VN30,2025-04-17 03:19:00,1288.79,1288.79,1287.17,1287.17,901500
VN30,2025-04-17 03:20:00,1287.84,1287.84,1287.17,1287.36,892400
VN30,2025-04-17 03:21:00,1287.44,1289.09,1287.44,1288.72,1824100
VN30,2025-04-17 03:22:00,1288.79,1289.35,1287.66,1287.66,905300
VN30,2025-04-17 03:23:00,1287.28,1289.94,1287.28,1289.08,1032500
VN30,2025-04-17 03:24:00,1288.82,1289.34,1288.11,1288.37,483800
VN30,2025-04-17 03:25:00,1288.43,1288.96,1287.89,1288.14,573800
VN30,2025-04-17 03:26:00,1287.82,1289.14,1287.53,1288.15,767600
VN30,2025-04-17 03:27:00,1288.18,1288.29,1287.64,1288.07,450800
VN30,2025-04-17 03:28:00,1287.86,1288.39,1287.33,1288.0,420800
VN30,2025-04-17 03:29:00,1287.65,1287.8,1287.03,1287.03,520600
VN30,2025-04-17 03:30:00,1287.3,1287.3,1286.13,1286.23,742000
VN30,2025-04-17 03:31:00,1286.36,1287.07,1285.88,1286.06,671000
VN30,2025-04-17 03:32:00,1286.15,1287.97,1285.98,1287.87,1466500
VN30,2025-04-17 03:33:00,1287.18,1287.18,1285.95,1285.95,747300
VN30,2025-04-17 03:34:00,1285.91,1286.25,1285.66,1285.66,629900
VN30,2025-04-17 03:35:00,1285.26,1287.08,1285.02,1287.08,671800
VN30,2025-04-17 03:36:00,1286.14,1286.56,1284.95,1285.94,1456200
VN30,2025-04-17 03:37:00,1285.68,1285.68,1284.96,1284.96,1246500
VN30,2025-04-17 03:38:00,1284.65,1286.53,1284.01,1286.02,1175800
VN30,2025-04-17 03:39:00,1285.79,1286.49,1284.73,1285.74,778000
VN30,2025-04-17 03:40:00,1285.27,1286.35,1283.97,1285.46,985400
VN30,2025-04-17 03:41:00,1284.46,1285.28,1283.81,1284.19,1098400
VN30,2025-04-17 03:42:00,1283.89,1284.65,1283.47,1283.51,826000
VN30,2025-04-17 03:43:00,1285.13,1286.1,1284.93,1285.99,1581800
VN30,2025-04-17 03:44:00,1286.33,1287.29,1285.73,1287.29,1548700
VN30,2025-04-17 03:45:00,1286.65,1287.9,1286.65,1286.94,766500
VN30,2025-04-17 03:46:00,1286.91,1288.15,1286.85,1287.52,476100
VN30,2025-04-17 03:47:00,1287.35,1287.49,1286.31,1286.57,440700
VN30,2025-04-17 03:48:00,1286.15,1286.8,1285.91,1286.53,592200
VN30,2025-04-17 03:49:00,1286.21,1286.83,1286.04,1286.83,384600
VN30,2025-04-17 03:50:00,1286.1,1286.6,1285.79,1285.91,467400
VN30,2025-04-17 03:51:00,1285.95,1286.49,1285.32,1285.72,398800
VN30,2025-04-17 03:52:00,1286.08,1286.19,1285.45,1285.45,585500
VN30,2025-04-17 03:53:00,1285.79,1285.89,1285.29,1285.29,523400
VN30,2025-04-17 03:54:00,1285.3,1287.03,1285.3,1286.45,686800
VN30,2025-04-17 03:55:00,1286.36,1286.36,1285.73,1286.08,628600
VN30,2025-04-17 03:56:00,1286.38,1287.83,1286.3,1287.42,1379100
VN30,2025-04-17 03:57:00,1287.12,1288.51,1286.96,1287.49,611800
VN30,2025-04-17 03:58:00,1288.38,1289.13,1287.34,1288.46,1388400
VN30,2025-04-17 03:59:00,1288.18,1289.48,1288.1,1289.45,1014800
VN30,2025-04-17 04:00:00,1289.11,1289.65,1289.11,1289.65,757900
VN30,2025-04-17 04:01:00,1289.0,1289.73,1289.0,1289.56,1219100
VN30,2025-04-17 04:02:00,1289.7,1290.46,1289.66,1290.31,449500
VN30,2025-04-17 04:03:00,1290.39,1290.77,1289.92,1290.17,601000
VN30,2025-04-17 04:04:00,1290.04,1290.82,1290.04,1290.34,597900
VN30,2025-04-17 04:05:00,1290.08,1290.36,1289.8,1289.8,511500
VN30,2025-04-17 04:06:00,1289.82,1290.08,1289.48,1289.95,440900
VN30,2025-04-17 04:07:00,1289.46,1290.09,1289.41,1289.46,657700
VN30,2025-04-17 04:08:00,1289.58,1290.26,1289.25,1289.33,486800
VN30,2025-04-17 04:09:00,1289.5,1289.6,1288.94,1289.06,1498000
VN30,2025-04-17 04:10:00,1289.15,1289.4,1288.66,1288.99,479200
VN30,2025-04-17 04:11:00,1289.0,1289.05,1288.21,1288.64,609700
VN30,2025-04-17 04:12:00,1288.27,1288.67,1288.12,1288.14,303000
VN30,2025-04-17 04:13:00,1288.39,1288.67,1287.59,1288.06,565300
VN30,2025-04-17 04:14:00,1287.85,1288.68,1287.37,1287.61,893500
VN30,2025-04-17 04:15:00,1287.85,1287.85,1286.3,1286.3,776600
VN30,2025-04-17 04:16:00,1286.59,1287.63,1286.59,1287.05,808000
VN30,2025-04-17 04:17:00,1287.14,1287.14,1286.3,1286.62,865000
VN30,2025-04-17 04:18:00,1286.71,1286.91,1286.26,1286.58,672900
VN30,2025-04-17 04:19:00,1286.28,1287.28,1286.28,1286.56,452200
VN30,2025-04-17 04:20:00,1286.72,1287.22,1286.36,1287.03,489200
VN30,2025-04-17 04:21:00,1286.65,1286.91,1286.08,1286.64,984200
VN30,2025-04-17 04:22:00,1286.36,1286.84,1286.23,1286.38,457700
VN30,2025-04-17 04:23:00,1286.98,1287.17,1286.05,1286.68,712300
VN30,2025-04-17 04:24:00,1286.37,1287.02,1286.13,1286.87,355900
VN30,2025-04-17 04:25:00,1286.84,1288.03,1286.68,1287.51,843800
VN30,2025-04-17 04:26:00,1287.43,1288.69,1286.93,1287.76,544200
VN30,2025-04-17 04:27:00,1287.88,1288.04,1287.52,1287.6,803200
VN30,2025-04-17 04:28:00,1289.74,1289.74,1288.14,1288.59,1191100
VN30,2025-04-17 04:29:00,1288.59,1288.71,1288.01,1288.15,448800
VN30,2025-04-17 04:30:00,1288.24,1288.24,1288.03,1288.03,19500
VN30,2025-04-17 06:00:00,1287.91,1288.06,1287.38,1287.38,1559500
VN30,2025-04-17 06:01:00,1287.5,1288.07,1287.03,1288.07,268100
VN30,2025-04-17 06:02:00,1287.79,1287.95,1287.21,1287.71,836700
VN30,2025-04-17 06:03:00,1288.52,1290.02,1288.38,1290.02,927401
VN30,2025-04-17 06:04:00,1289.75,1290.17,1288.93,1289.21,1004100
VN30,2025-04-17 06:05:00,1289.47,1290.32,1289.26,1290.07,559200
VN30,2025-04-17 06:06:00,1289.71,1290.16,1289.57,1289.87,1923400
VN30,2025-04-17 06:07:00,1290.47,1291.67,1290.35,1291.67,1098430
VN30,2025-04-17 06:08:00,1291.71,1293.2,1291.44,1293.2,1537600
VN30,2025-04-17 06:09:00,1293.52,1294.12,1292.93,1294.12,1280000
VN30,2025-04-17 06:10:00,1294.11,1294.49,1294.11,1294.2,1588300
VN30,2025-04-17 06:11:00,1294.3,1295.17,1294.3,1295.06,1204800
VN30,2025-04-17 06:12:00,1295.27,1295.27,1293.2,1293.2,1097100
VN30,2025-04-17 06:13:00,1293.67,1294.29,1293.1,1293.1,1032900
VN30,2025-04-17 06:14:00,1293.5,1294.26,1293.5,1293.7,597300
VN30,2025-04-17 06:15:00,1293.72,1294.54,1293.67,1294.07,551870
VN30,2025-04-17 06:16:00,1294.2,1294.6,1294.07,1294.57,668300
VN30,2025-04-17 06:17:00,1294.21,1295.44,1294.21,1295.26,592600
VN30,2025-04-17 06:18:00,1295.25,1295.85,1295.25,1295.68,1147500
VN30,2025-04-17 06:19:00,1295.68,1295.68,1294.79,1295.07,803700
VN30,2025-04-17 06:20:00,1295.19,1295.53,1294.05,1294.17,1084100
VN30,2025-04-17 06:21:00,1294.46,1295.0,1294.23,1294.74,699600
VN30,2025-04-17 06:22:00,1294.79,1295.41,1294.58,1294.59,602100
VN30,2025-04-17 06:23:00,1294.72,1295.03,1294.57,1294.92,881500
VN30,2025-04-17 06:24:00,1294.83,1295.13,1294.39,1294.85,636600
VN30,2025-04-17 06:25:00,1294.71,1294.71,1292.95,1292.95,704500
VN30,2025-04-17 06:26:00,1293.33,1293.74,1292.88,1293.55,866400
VN30,2025-04-17 06:27:00,1293.68,1293.68,1292.88,1293.1,1140900
VN30,2025-04-17 06:28:00,1293.21,1293.21,1292.54,1292.7,1902400
VN30,2025-04-17 06:29:00,1292.84,1292.84,1291.89,1291.89,1166000
VN30,2025-04-17 06:30:00,1291.89,1292.5,1291.56,1291.56,1074600
VN30,2025-04-17 06:31:00,1291.76,1291.95,1291.3,1291.53,582400
VN30,2025-04-17 06:32:00,1291.53,1291.78,1291.14,1291.14,873400
VN30,2025-04-17 06:33:00,1291.19,1291.62,1290.96,1291.5,915300
VN30,2025-04-17 06:34:00,1291.18,1291.84,1290.92,1291.6,1167400
VN30,2025-04-17 06:35:00,1291.69,1292.27,1291.69,1291.98,1062000
VN30,2025-04-17 06:36:00,1292.16,1292.7,1292.03,1292.7,926900
VN30,2025-04-17 06:37:00,1292.61,1293.08,1292.27,1292.63,499500
VN30,2025-04-17 06:38:00,1292.9,1293.81,1292.5,1293.11,954400
VN30,2025-04-17 06:39:00,1293.23,1293.67,1292.99,1293.46,1210500
VN30,2025-04-17 06:40:00,1293.01,1293.93,1293.01,1293.26,660000
VN30,2025-04-17 06:41:00,1293.3,1293.7,1292.95,1293.45,994600
VN30,2025-04-17 06:42:00,1293.81,1294.17,1293.69,1293.97,1026200
VN30,2025-04-17 06:43:00,1294.3,1294.76,1294.2,1294.76,880100
VN30,2025-04-17 06:44:00,1294.69,1295.01,1294.16,1294.48,1486600
VN30,2025-04-17 06:45:00,1294.77,1295.23,1293.91,1294.24,1009900
VN30,2025-04-17 06:46:00,1294.35,1295.28,1294.26,1295.28,1882500
VN30,2025-04-17 06:47:00,1295.57,1295.98,1295.23,1295.48,6531600
VN30,2025-04-17 06:48:00,1295.6,1296.38,1295.54,1296.3,966200
VN30,2025-04-17 06:49:00,1295.98,1297.19,1295.98,1296.97,1166100
VN30,2025-04-17 06:50:00,1296.98,1297.52,1296.0,1296.0,3173200
VN30,2025-04-17 06:51:00,1296.15,1296.5,1294.88,1295.46,2221100
VN30,2025-04-17 06:52:00,1294.62,1294.67,1293.44,1294.35,2885900
VN30,2025-04-17 06:53:00,1293.46,1293.96,1292.87,1293.38,1727900
VN30,2025-04-17 06:54:00,1293.48,1294.86,1293.48,1294.86,1016500
VN30,2025-04-17 06:55:00,1295.11,1295.11,1293.96,1294.02,611200
VN30,2025-04-17 06:56:00,1294.33,1294.45,1293.54,1293.83,683600
VN30,2025-04-17 06:57:00,1294.18,1294.51,1293.9,1294.26,566300
VN30,2025-04-17 06:58:00,1294.24,1294.54,1293.67,1294.49,474100
VN30,2025-04-17 06:59:00,1293.87,1294.1,1293.34,1293.78,1221700
VN30,2025-04-17 07:00:00,1293.86,1293.96,1293.23,1293.46,646000
VN30,2025-04-17 07:01:00,1293.72,1293.72,1293.15,1293.15,660100
VN30,2025-04-17 07:02:00,1293.31,1293.37,1292.68,1292.88,2353200
VN30,2025-04-17 07:03:00,1292.79,1293.28,1292.68,1292.77,2517700
VN30,2025-04-17 07:04:00,1292.71,1293.37,1292.48,1292.79,1787200
VN30,2025-04-17 07:05:00,1293.02,1293.06,1292.72,1292.82,821100
VN30,2025-04-17 07:06:00,1292.74,1293.17,1292.52,1292.95,697000
VN30,2025-04-17 07:07:00,1292.75,1292.92,1292.06,1292.58,1448800
VN30,2025-04-17 07:08:00,1293.83,1293.83,1292.09,1292.38,914300
VN30,2025-04-17 07:09:00,1291.87,1292.29,1291.52,1291.6,1091700
VN30,2025-04-17 07:10:00,1291.47,1291.96,1291.04,1291.17,1684200
VN30,2025-04-17 07:11:00,1291.12,1291.68,1291.02,1291.18,1002700
VN30,2025-04-17 07:12:00,1291.37,1291.66,1290.94,1291.04,840700
VN30,2025-04-17 07:13:00,1291.33,1291.42,1290.1,1290.5,1266400
VN30,2025-04-17 07:14:00,1290.55,1290.55,1288.95,1288.95,2092400
VN30,2025-04-17 07:15:00,1289.06,1289.06,1288.29,1288.8,3221400
VN30,2025-04-17 07:16:00,1288.79,1291.28,1288.38,1289.83,4582800
VN30,2025-04-17 07:17:00,1289.57,1292.28,1289.57,1291.09,4000900
VN30,2025-04-17 07:18:00,1291.48,1294.5,1291.01,1292.95,3066000
VN30,2025-04-17 07:19:00,1294.21,1296.01,1292.53,1294.38,2977900
VN30,2025-04-17 07:20:00,1295.02,1296.33,1294.75,1295.33,3330200
VN30,2025-04-17 07:21:00,1295.31,1297.2,1295.29,1296.25,3587200
VN30,2025-04-17 07:22:00,1296.57,1297.25,1295.43,1296.66,3303600
VN30,2025-04-17 07:23:00,1296.25,1297.34,1295.69,1296.74,2971100
VN30,2025-04-17 07:24:00,1296.84,1298.03,1296.79,1297.66,3086900
VN30,2025-04-17 07:25:00,1297.89,1299.59,1297.89,1299.32,4151000
VN30,2025-04-17 07:26:00,1299.25,1300.62,1299.25,1299.89,3820600
VN30,2025-04-17 07:27:00,1300.76,1301.32,1300.15,1300.84,3534300
VN30,2025-04-17 07:28:00,1301.1,1302.84,1301.1,1302.84,3026900
VN30,2025-04-17 07:29:00,1302.72,1304.47,1302.71,1302.71,3834900
VN30,2025-04-17 07:30:00,1302.68,1302.68,1302.68,1302.68,274900
VN30,2025-04-17 07:45:00,1302.73,1303.03,1302.73,1303.03,42033360
VN30,2025-04-18 02:15:00,1313.42,1314.09,1312.67,1314.09,13531400
VN30,2025-04-18 02:16:00,1314.22,1315.2,1313.49,1315.19,2977101
VN30,2025-04-18 02:17:00,1314.97,1315.73,1314.97,1315.23,4655600
VN30,2025-04-18 02:18:00,1315.82,1315.82,1314.42,1314.69,3227600
VN30,2025-04-18 02:19:00,1314.89,1314.89,1314.09,1314.18,5569900
VN30,2025-04-18 02:20:00,1314.09,1315.63,1314.09,1314.76,5677400
VN30,2025-04-18 02:21:00,1315.42,1315.42,1314.45,1314.7,4120600
VN30,2025-04-18 02:22:00,1314.76,1314.76,1313.78,1314.56,2359100
VN30,2025-04-18 02:23:00,1314.45,1314.49,1313.66,1313.68,1790700
VN30,2025-04-18 02:24:00,1313.72,1313.86,1312.67,1313.39,2420900
VN30,2025-04-18 02:25:00,1313.05,1313.05,1311.7,1312.72,2056000
VN30,2025-04-18 02:26:00,1312.77,1313.32,1312.08,1312.56,3609700
VN30,2025-04-18 02:27:00,1312.56,1312.78,1311.68,1311.68,4997300
VN30,2025-04-18 02:28:00,1311.92,1312.49,1311.83,1312.34,2426100
VN30,2025-04-18 02:29:00,1312.01,1312.54,1311.52,1311.83,3387500
VN30,2025-04-18 02:30:00,1311.93,1312.21,1311.45,1311.73,10143001
VN30,2025-04-18 02:31:00,1312.34,1313.44,1312.0,1312.4,17859800
VN30,2025-04-18 02:32:00,1312.79,1314.79,1312.79,1314.25,5217700
VN30,2025-04-18 02:33:00,1314.4,1316.18,1314.4,1315.89,4996200
VN30,2025-04-18 02:34:00,1316.41,1316.54,1315.72,1316.13,5640100
VN30,2025-04-18 02:35:00,1316.41,1316.41,1315.71,1315.71,5460400
VN30,2025-04-18 02:36:00,1316.03,1316.46,1315.64,1316.46,5153800
VN30,2025-04-18 02:37:00,1316.43,1317.46,1316.43,1317.37,3511800
VN30,2025-04-18 02:38:00,1317.34,1317.34,1316.61,1317.03,3575400
VN30,2025-04-18 02:39:00,1316.76,1317.21,1316.54,1316.67,2794000
VN30,2025-04-18 02:40:00,1316.72,1316.87,1316.49,1316.77,1340500
VN30,2025-04-18 02:41:00,1316.34,1316.69,1316.34,1316.4,1443700
VN30,2025-04-18 02:42:00,1316.31,1316.81,1316.31,1316.66,1262600
VN30,2025-04-18 02:43:00,1316.81,1317.04,1316.3,1316.48,2110900
VN30,2025-04-18 02:44:00,1316.3,1316.35,1315.14,1315.24,1741600
VN30,2025-04-18 02:45:00,1315.04,1315.41,1314.66,1314.66,1646300
VN30,2025-04-18 02:46:00,1314.67,1314.73,1314.13,1314.4,5914700
VN30,2025-04-18 02:47:00,1313.81,1314.46,1313.81,1313.99,1550400
VN30,2025-04-18 02:48:00,1313.87,1313.87,1312.53,1312.96,1622700
VN30,2025-04-18 02:49:00,1312.95,1313.19,1312.8,1312.8,1610900
VN30,2025-04-18 02:50:00,1312.5,1312.92,1312.09,1312.76,3208000
VN30,2025-04-18 02:51:00,1313.22,1313.22,1312.42,1312.8,3143600
VN30,2025-04-18 02:52:00,1313.28,1313.68,1313.21,1313.62,1265700
VN30,2025-04-18 02:53:00,1313.56,1313.99,1313.47,1313.95,532800
VN30,2025-04-18 02:54:00,1314.08,1314.68,1314.08,1314.47,792400
VN30,2025-04-18 02:55:00,1314.36,1314.43,1314.05,1314.43,594700
VN30,2025-04-18 02:56:00,1314.53,1314.55,1314.08,1314.19,489300
VN30,2025-04-18 02:57:00,1314.28,1314.54,1313.73,1313.73,583900
VN30,2025-04-18 02:58:00,1313.82,1314.1,1313.43,1313.69,686500
VN30,2025-04-18 02:59:00,1313.33,1313.61,1313.21,1313.21,706700
VN30,2025-04-18 03:00:00,1313.24,1313.44,1313.13,1313.2,1153500
VN30,2025-04-18 03:01:00,1313.44,1313.74,1313.1,1313.18,839500
VN30,2025-04-18 03:02:00,1313.32,1313.32,1312.82,1312.93,905500
VN30,2025-04-18 03:03:00,1312.83,1313.37,1312.83,1312.91,760400
VN30,2025-04-18 03:04:00,1313.07,1313.07,1312.45,1312.47,939600
VN30,2025-04-18 03:05:00,1312.53,1312.83,1312.32,1312.61,719600
VN30,2025-04-18 03:06:00,1312.69,1312.69,1312.11,1312.69,757300
VN30,2025-04-18 03:07:00,1312.63,1312.75,1312.35,1312.55,790900
VN30,2025-04-18 03:08:00,1312.76,1313.0,1312.54,1312.91,552900
VN30,2025-04-18 03:09:00,1312.88,1313.13,1312.7,1312.76,490600
VN30,2025-04-18 03:10:00,1312.82,1313.72,1312.82,1313.47,433100
VN30,2025-04-18 03:11:00,1313.4,1313.56,1312.98,1313.08,562800
VN30,2025-04-18 03:12:00,1313.5,1313.51,1313.22,1313.36,299500
VN30,2025-04-18 03:13:00,1313.25,1313.63,1313.25,1313.5,509700
VN30,2025-04-18 03:14:00,1313.41,1313.45,1313.19,1313.44,1644400
VN30,2025-04-18 03:15:00,1313.22,1313.52,1313.15,1313.2,724900
VN30,2025-04-18 03:16:00,1313.4,1313.69,1312.9,1312.96,836400
VN30,2025-04-18 03:17:00,1313.18,1313.53,1313.18,1313.53,670100
VN30,2025-04-18 03:18:00,1313.56,1313.65,1313.39,1313.52,533300
VN30,2025-04-18 03:19:00,1313.43,1313.87,1313.05,1313.05,600500
VN30,2025-04-18 03:20:00,1313.05,1313.51,1313.05,1313.15,947100
VN30,2025-04-18 03:21:00,1312.84,1313.37,1312.84,1313.16,332800
VN30,2025-04-18 03:22:00,1313.1,1313.36,1312.93,1313.09,919400
VN30,2025-04-18 03:23:00,1313.01,1313.38,1312.79,1312.79,1899700
VN30,2025-04-18 03:24:00,1313.02,1313.06,1312.53,1312.75,2233500
VN30,2025-04-18 03:25:00,1312.75,1313.02,1312.52,1312.83,1592200
VN30,2025-04-18 03:26:00,1313.03,1313.12,1312.36,1313.1,3526100
VN30,2025-04-18 03:27:00,1313.01,1313.1,1312.3,1312.35,2150600
VN30,2025-04-18 03:28:00,1312.14,1312.45,1311.75,1312.07,3466000
VN30,2025-04-18 03:29:00,1312.07,1312.3,1311.57,1311.94,846300
VN30,2025-04-18 03:30:00,1311.83,1312.15,1311.57,1311.57,497400
VN30,2025-04-18 03:31:00,1311.29,1311.79,1311.29,1311.72,797100
VN30,2025-04-18 03:32:00,1311.72,1311.81,1311.51,1311.6,611100
VN30,2025-04-18 03:33:00,1311.51,1311.79,1311.11,1311.46,394100
VN30,2025-04-18 03:34:00,1311.67,1311.84,1311.15,1311.24,942500
VN30,2025-04-18 03:35:00,1311.36,1311.52,1311.04,1311.04,829700
VN30,2025-04-18 03:36:00,1310.94,1311.19,1310.93,1311.09,451900
VN30,2025-04-18 03:37:00,1311.0,1311.36,1310.88,1311.0,263200
VN30,2025-04-18 03:38:00,1311.04,1311.34,1310.5,1310.5,1293300
VN30,2025-04-18 03:39:00,1310.55,1310.86,1310.26,1310.33,664100
VN30,2025-04-18 03:40:00,1310.22,1310.5,1310.04,1310.16,508600
VN30,2025-04-18 03:41:00,1309.98,1310.42,1309.61,1310.27,802600
VN30,2025-04-18 03:42:00,1310.17,1310.38,1309.94,1310.27,376900
VN30,2025-04-18 03:43:00,1310.09,1310.62,1310.09,1310.39,304100
VN30,2025-04-18 03:44:00,1310.59,1310.84,1310.13,1310.54,428200
VN30,2025-04-18 03:45:00,1310.74,1310.89,1310.26,1310.73,681901
VN30,2025-04-18 03:46:00,1310.66,1311.32,1310.66,1310.84,473700
VN30,2025-04-18 03:47:00,1310.84,1311.15,1310.73,1310.73,259000
VN30,2025-04-18 03:48:00,1310.65,1311.0,1310.65,1310.82,414900
VN30,2025-04-18 03:49:00,1310.76,1310.76,1310.44,1310.67,308500
VN30,2025-04-18 03:50:00,1310.66,1310.68,1309.9,1310.58,185600
VN30,2025-04-18 03:51:00,1310.43,1310.98,1310.43,1310.98,243000
VN30,2025-04-18 03:52:00,1311.05,1311.57,1310.89,1311.4,278500
VN30,2025-04-18 03:53:00,1311.33,1311.33,1310.45,1311.03,322400
VN30,2025-04-18 03:54:00,1311.24,1311.68,1311.2,1311.68,679700
VN30,2025-04-18 03:55:00,1311.43,1311.52,1311.25,1311.25,468600
VN30,2025-04-18 03:56:00,1310.88,1311.35,1310.85,1310.95,507000
VN30,2025-04-18 03:57:00,1311.22,1312.06,1311.19,1311.99,854100
VN30,2025-04-18 03:58:00,1312.18,1313.28,1312.18,1313.21,814900
VN30,2025-04-18 03:59:00,1313.3,1314.36,1312.88,1313.97,408900
VN30,2025-04-18 04:00:00,1313.98,1314.17,1313.58,1314.02,650000
VN30,2025-04-18 04:01:00,1314.06,1314.74,1313.99,1314.74,298400
VN30,2025-04-18 04:02:00,1314.61,1315.47,1314.61,1315.44,493700
VN30,2025-04-18 04:03:00,1315.54,1315.88,1315.18,1315.63,734800
VN30,2025-04-18 04:04:00,1315.89,1315.89,1315.14,1315.26,679500
VN30,2025-04-18 04:05:00,1315.26,1315.62,1314.87,1315.02,626000
VN30,2025-04-18 04:06:00,1315.35,1315.77,1314.73,1315.25,909700
VN30,2025-04-18 04:07:00,1315.3,1315.64,1315.14,1315.25,458500
VN30,2025-04-18 04:08:00,1315.47,1315.49,1315.09,1315.3,397900
VN30,2025-04-18 04:09:00,1315.32,1315.48,1314.91,1315.48,442100
VN30,2025-04-18 04:10:00,1315.34,1315.34,1315.0,1315.0,477000
VN30,2025-04-18 04:11:00,1315.0,1315.68,1315.0,1315.5,435400
VN30,2025-04-18 04:12:00,1315.28,1315.68,1314.87,1315.3,746000
VN30,2025-04-18 04:13:00,1315.25,1315.5,1314.94,1315.5,390600
VN30,2025-04-18 04:14:00,1315.7,1315.9,1314.63,1315.0,277300
VN30,2025-04-18 04:15:00,1315.12,1315.87,1315.12,1315.84,452200
VN30,2025-04-18 04:16:00,1315.95,1316.01,1315.57,1315.87,551500
VN30,2025-04-18 04:17:00,1315.88,1316.08,1315.21,1315.41,1078600
VN30,2025-04-18 04:18:00,1315.74,1315.81,1315.51,1315.72,429300
VN30,2025-04-18 04:19:00,1315.9,1316.08,1315.28,1315.48,320800
VN30,2025-04-18 04:20:00,1315.27,1315.53,1314.8,1315.31,7026500
VN30,2025-04-18 04:21:00,1315.52,1315.52,1314.85,1314.85,4186800
VN30,2025-04-18 04:22:00,1314.84,1315.59,1314.79,1314.79,2004900
VN30,2025-04-18 04:23:00,1315.41,1315.41,1314.59,1314.69,551700
VN30,2025-04-18 04:24:00,1314.59,1315.05,1314.57,1314.82,1117400
VN30,2025-04-18 04:25:00,1314.73,1314.99,1314.57,1314.76,6614400
VN30,2025-04-18 04:26:00,1314.53,1314.87,1314.53,1314.74,794100
VN30,2025-04-18 04:27:00,1314.69,1315.22,1314.5,1314.72,420300
VN30,2025-04-18 04:28:00,1314.91,1315.11,1314.6,1315.03,381700
VN30,2025-04-18 04:29:00,1314.41,1315.11,1314.41,1315.11,1031400
VN30,2025-04-18 04:30:00,1315.12,1315.12,1315.01,1315.01,30800
VN30,2025-04-18 06:00:00,1314.73,1315.09,1313.56,1313.56,7107201
VN30,2025-04-18 06:01:00,1313.69,1314.38,1313.69,1313.69,3888300
VN30,2025-04-18 06:02:00,1313.69,1313.97,1312.66,1313.76,1597500
VN30,2025-04-18 06:03:00,1313.78,1314.06,1312.59,1314.06,647001
VN30,2025-04-18 06:04:00,1313.7,1314.19,1313.6,1314.11,1680800
VN30,2025-04-18 06:05:00,1314.02,1314.02,1312.23,1313.67,565000
VN30,2025-04-18 06:06:00,1313.83,1314.18,1313.33,1313.66,1113700
VN30,2025-04-18 06:07:00,1313.51,1313.72,1313.23,1313.55,914300
VN30,2025-04-18 06:08:00,1313.69,1314.23,1313.56,1313.81,962700
VN30,2025-04-18 06:09:00,1313.64,1314.02,1313.61,1314.02,999500
VN30,2025-04-18 06:10:00,1313.66,1314.2,1313.66,1314.05,1185100
VN30,2025-04-18 06:11:00,1313.52,1314.9,1313.52,1314.8,1785000
VN30,2025-04-18 06:12:00,1314.62,1315.63,1314.06,1314.06,2164200
VN30,2025-04-18 06:13:00,1314.29,1315.88,1314.27,1315.88,752000
VN30,2025-04-18 06:14:00,1315.74,1315.87,1314.33,1314.33,1460400
VN30,2025-04-18 06:15:00,1314.92,1315.61,1314.14,1314.9,807700
VN30,2025-04-18 06:16:00,1314.89,1316.01,1314.69,1315.77,967600
VN30,2025-04-18 06:17:00,1315.79,1315.79,1315.43,1315.5,647000
VN30,2025-04-18 06:18:00,1315.78,1316.62,1315.64,1316.62,2678100
VN30,2025-04-18 06:19:00,1316.36,1317.17,1316.36,1316.91,1397800
VN30,2025-04-18 06:20:00,1317.02,1317.42,1316.55,1317.21,1926200
VN30,2025-04-18 06:21:00,1317.17,1317.83,1316.86,1317.83,1436500
VN30,2025-04-18 06:22:00,1317.82,1317.82,1317.18,1317.18,2560700
VN30,2025-04-18 06:23:00,1317.42,1317.93,1317.34,1317.62,1587300
VN30,2025-04-18 06:24:00,1318.1,1318.11,1317.58,1317.68,2232500
VN30,2025-04-18 06:25:00,1318.21,1318.41,1317.45,1317.71,1958700
VN30,2025-04-18 06:26:00,1317.53,1318.24,1317.3,1317.75,1558100
VN30,2025-04-18 06:27:00,1318.01,1318.3,1317.79,1318.3,1520600
VN30,2025-04-18 06:28:00,1318.15,1318.46,1317.66,1318.46,1344100
VN30,2025-04-18 06:29:00,1318.11,1318.27,1317.64,1318.12,1247900
VN30,2025-04-18 06:30:00,1318.11,1318.18,1317.52,1318.05,971900
VN30,2025-04-18 06:31:00,1317.59,1317.64,1316.26,1317.26,1911900
VN30,2025-04-18 06:32:00,1317.31,1317.8,1316.75,1317.45,1149300
VN30,2025-04-18 06:33:00,1317.38,1317.85,1317.28,1317.5,1225300
VN30,2025-04-18 06:34:00,1317.21,1317.75,1317.03,1317.42,1235700
VN30,2025-04-18 06:35:00,1316.95,1317.62,1316.95,1317.14,834900
VN30,2025-04-18 06:36:00,1317.12,1317.63,1316.98,1317.48,565100
VN30,2025-04-18 06:37:00,1316.99,1317.13,1316.62,1316.62,815400
VN30,2025-04-18 06:38:00,1316.78,1316.99,1316.15,1316.48,1349000
VN30,2025-04-18 06:39:00,1316.46,1316.68,1316.32,1316.32,945400
VN30,2025-04-18 06:40:00,1316.71,1316.84,1316.05,1316.46,1128200
VN30,2025-04-18 06:41:00,1316.43,1317.14,1316.43,1316.72,1104900
VN30,2025-04-18 06:42:00,1316.77,1317.5,1316.77,1316.97,1109900
VN30,2025-04-18 06:43:00,1317.35,1317.6,1317.06,1317.44,599200
VN30,2025-04-18 06:44:00,1317.19,1317.7,1316.9,1317.42,1261700
VN30,2025-04-18 06:45:00,1317.37,1317.49,1316.99,1317.25,758400
VN30,2025-04-18 06:46:00,1317.57,1318.08,1317.08,1318.08,861100
VN30,2025-04-18 06:47:00,1318.42,1318.8,1318.29,1318.65,1078400
VN30,2025-04-18 06:48:00,1318.72,1319.77,1318.52,1319.77,1498000
VN30,2025-04-18 06:49:00,1319.49,1319.94,1319.35,1319.62,2063800
VN30,2025-04-18 06:50:00,1319.92,1320.19,1319.54,1320.19,2164600
VN30,2025-04-18 06:51:00,1320.13,1320.86,1320.13,1320.59,1545100
VN30,2025-04-18 06:52:00,1320.59,1321.25,1320.52,1320.94,1940100
VN30,2025-04-18 06:53:00,1320.96,1321.62,1320.96,1321.52,1422700
VN30,2025-04-18 06:54:00,1321.75,1321.86,1321.31,1321.86,1628500
VN30,2025-04-18 06:55:00,1321.53,1321.73,1321.28,1321.65,1841800
VN30,2025-04-18 06:56:00,1321.63,1322.22,1321.59,1322.09,1888700
VN30,2025-04-18 06:57:00,1321.93,1322.21,1321.79,1321.88,1601600
VN30,2025-04-18 06:58:00,1321.21,1322.03,1321.21,1321.35,1188700
VN30,2025-04-18 06:59:00,1321.4,1322.26,1321.3,1321.49,1560000
VN30,2025-04-18 07:00:00,1321.46,1321.66,1320.86,1321.41,1037000
VN30,2025-04-18 07:01:00,1320.99,1321.36,1320.57,1320.57,1176500
VN30,2025-04-18 07:02:00,1321.16,1321.16,1320.37,1320.49,1512300
VN30,2025-04-18 07:03:00,1320.06,1320.71,1319.78,1319.9,1166900
VN30,2025-04-18 07:04:00,1320.15,1320.38,1319.74,1319.96,1189700
VN30,2025-04-18 07:05:00,1319.92,1320.39,1319.78,1320.01,1117600
VN30,2025-04-18 07:06:00,1320.0,1320.0,1319.13,1319.51,1379200
VN30,2025-04-18 07:07:00,1319.26,1320.06,1318.97,1318.97,1031200
VN30,2025-04-18 07:08:00,1319.23,1320.04,1319.23,1319.49,1339800
VN30,2025-04-18 07:09:00,1319.86,1319.91,1319.29,1319.29,857100
VN30,2025-04-18 07:10:00,1320.05,1320.52,1319.68,1320.13,848400
VN30,2025-04-18 07:11:00,1320.5,1320.51,1319.97,1319.99,807700
VN30,2025-04-18 07:12:00,1320.65,1320.68,1319.66,1320.18,942800
VN30,2025-04-18 07:13:00,1320.45,1320.84,1319.55,1319.55,762600
VN30,2025-04-18 07:14:00,1319.98,1320.13,1319.6,1319.67,825100
VN30,2025-04-18 07:15:00,1319.72,1320.1,1319.48,1319.75,1658800
VN30,2025-04-18 07:16:00,1319.74,1320.14,1319.04,1320.14,1096400
VN30,2025-04-18 07:17:00,1319.74,1319.92,1319.25,1319.33,1233400
VN30,2025-04-18 07:18:00,1319.76,1320.53,1319.01,1320.52,2420200
VN30,2025-04-18 07:19:00,1320.01,1320.24,1319.33,1319.6,1985200
VN30,2025-04-18 07:20:00,1319.49,1319.49,1318.81,1318.99,1208400
VN30,2025-04-18 07:21:00,1318.63,1318.91,1317.66,1317.66,2071000
VN30,2025-04-18 07:22:00,1318.07,1318.07,1317.0,1317.0,2616500
VN30,2025-04-18 07:23:00,1317.35,1317.35,1316.1,1317.03,1930100
VN30,2025-04-18 07:24:00,1316.54,1316.79,1315.99,1315.99,2291100
VN30,2025-04-18 07:25:00,1316.17,1316.37,1315.41,1315.55,1675900
VN30,2025-04-18 07:26:00,1314.99,1315.32,1313.14,1313.14,3180800
VN30,2025-04-18 07:27:00,1313.17,1313.17,1311.54,1312.11,5144200
VN30,2025-04-18 07:28:00,1311.29,1311.7,1310.1,1310.1,6447400
VN30,2025-04-18 07:29:00,1310.06,1310.06,1308.45,1308.46,7810100
VN30,2025-04-18 07:30:00,1308.78,1308.78,1308.78,1308.78,148700
VN30,2025-04-18 07:45:00,1308.48,1308.48,1306.24,1306.24,26682700
VN30,2025-04-21 02:15:00,1305.81,1307.74,1305.55,1306.33,9402100
VN30,2025-04-21 02:16:00,1306.28,1307.18,1306.28,1306.49,2239002
VN30,2025-04-21 02:17:00,1306.19,1307.17,1306.0,1307.17,3043200
VN30,2025-04-21 02:18:00,1307.17,1307.94,1307.12,1307.94,1815900
VN30,2025-04-21 02:19:00,1307.62,1308.36,1307.62,1307.94,3424100
VN30,2025-04-21 02:20:00,1308.28,1308.71,1308.21,1308.68,1266300
VN30,2025-04-21 02:21:00,1308.83,1308.83,1306.82,1306.82,1888100
VN30,2025-04-21 02:22:00,1306.98,1307.35,1306.66,1306.95,1787500
VN30,2025-04-21 02:23:00,1306.54,1306.54,1305.67,1305.72,1892700
VN30,2025-04-21 02:24:00,1305.94,1306.39,1304.95,1304.98,1663900
VN30,2025-04-21 02:25:00,1305.02,1305.1,1304.68,1305.01,1653100
VN30,2025-04-21 02:26:00,1305.01,1305.01,1304.01,1304.01,1533800
VN30,2025-04-21 02:27:00,1303.89,1304.28,1303.77,1304.26,844100
VN30,2025-04-21 02:28:00,1304.52,1304.94,1304.16,1304.84,930200
VN30,2025-04-21 02:29:00,1304.7,1304.7,1304.05,1304.05,944300
VN30,2025-04-21 02:30:00,1303.98,1304.41,1303.46,1303.46,676700
VN30,2025-04-21 02:31:00,1303.58,1303.81,1303.31,1303.48,830700
VN30,2025-04-21 02:32:00,1303.14,1303.74,1302.53,1303.68,2528400
VN30,2025-04-21 02:33:00,1303.35,1303.35,1302.55,1302.94,1158200
VN30,2025-04-21 02:34:00,1303.17,1303.95,1302.83,1303.09,2454300
VN30,2025-04-21 02:35:00,1303.39,1303.56,1302.69,1303.2,1081100
VN30,2025-04-21 02:36:00,1303.54,1303.54,1302.8,1302.81,1505700
VN30,2025-04-21 02:37:00,1302.72,1303.26,1302.46,1303.16,2852900
VN30,2025-04-21 02:38:00,1303.1,1303.42,1302.63,1302.63,1413900
VN30,2025-04-21 02:39:00,1302.78,1302.78,1302.16,1302.69,1311900
VN30,2025-04-21 02:40:00,1302.95,1303.58,1302.69,1303.15,1133300
VN30,2025-04-21 02:41:00,1303.41,1304.71,1303.41,1304.71,660700
VN30,2025-04-21 02:42:00,1304.38,1304.88,1304.1,1304.51,1010900
VN30,2025-04-21 02:43:00,1304.76,1305.45,1304.53,1304.91,1119664
VN30,2025-04-21 02:44:00,1305.24,1306.27,1305.24,1306.1,1093400
VN30,2025-04-21 02:45:00,1305.92,1306.64,1305.92,1306.64,1378900
VN30,2025-04-21 02:46:00,1306.42,1307.5,1306.42,1307.5,1156700
VN30,2025-04-21 02:47:00,1307.36,1307.86,1307.36,1307.85,1234600
VN30,2025-04-21 02:48:00,1308.05,1308.92,1307.85,1308.92,1585800
VN30,2025-04-21 02:49:00,1309.49,1310.59,1309.29,1309.85,1891000
VN30,2025-04-21 02:50:00,1309.51,1310.06,1309.29,1309.57,1031100
VN30,2025-04-21 02:51:00,1308.05,1309.47,1308.05,1309.19,1341000
VN30,2025-04-21 02:52:00,1309.07,1309.07,1308.16,1308.62,497200
VN30,2025-04-21 02:53:00,1308.43,1308.76,1307.98,1308.13,835900
VN30,2025-04-21 02:54:00,1308.0,1308.96,1308.0,1308.78,470500
VN30,2025-04-21 02:55:00,1308.39,1308.82,1308.17,1308.63,799900
VN30,2025-04-21 02:56:00,1308.5,1308.5,1308.06,1308.31,820600
VN30,2025-04-21 02:57:00,1307.76,1308.76,1307.76,1308.76,483400
VN30,2025-04-21 02:58:00,1308.43,1308.43,1307.13,1307.87,1492600
VN30,2025-04-21 02:59:00,1307.83,1307.83,1306.75,1306.79,201200
VN30,2025-04-21 03:00:00,1307.63,1307.63,1306.09,1306.09,2214200
VN30,2025-04-21 03:01:00,1306.28,1306.83,1305.69,1305.71,1634000
VN30,2025-04-21 03:02:00,1305.87,1306.19,1305.59,1306.07,571200
VN30,2025-04-21 03:03:00,1306.23,1306.23,1305.23,1305.23,1359100
VN30,2025-04-21 03:04:00,1305.29,1306.06,1305.21,1305.84,1417400
VN30,2025-04-21 03:05:00,1305.96,1305.96,1305.19,1305.19,561900
VN30,2025-04-21 03:06:00,1305.17,1305.24,1304.69,1305.0,516500
VN30,2025-04-21 03:07:00,1305.0,1305.08,1304.48,1305.02,1113400
VN30,2025-04-21 03:08:00,1305.08,1305.08,1304.15,1304.31,2008600
VN30,2025-04-21 03:09:00,1304.33,1304.33,1303.37,1303.57,1477500
VN30,2025-04-21 03:10:00,1303.47,1303.68,1303.08,1303.66,1058300
VN30,2025-04-21 03:11:00,1303.31,1303.43,1303.09,1303.34,632500
VN30,2025-04-21 03:12:00,1303.1,1303.1,1302.36,1302.57,2259500
VN30,2025-04-21 03:13:00,1302.58,1302.58,1301.2,1301.2,1624800
VN30,2025-04-21 03:14:00,1300.75,1301.07,1300.23,1300.24,1200200
VN30,2025-04-21 03:15:00,1300.23,1300.97,1299.46,1299.49,1294300
VN30,2025-04-21 03:16:00,1299.3,1299.36,1298.79,1298.79,2465000
VN30,2025-04-21 03:17:00,1298.37,1298.79,1298.11,1298.24,1334400
VN30,2025-04-21 03:18:00,1298.22,1298.22,1297.59,1298.1,1188400
VN30,2025-04-21 03:19:00,1298.07,1298.29,1297.64,1298.29,1164900
VN30,2025-04-21 03:20:00,1297.75,1297.88,1297.36,1297.85,856000
VN30,2025-04-21 03:21:00,1297.59,1298.08,1297.34,1297.71,1118900
VN30,2025-04-21 03:22:00,1297.95,1298.42,1297.82,1298.12,755300
VN30,2025-04-21 03:23:00,1298.22,1298.74,1297.87,1298.63,782000
VN30,2025-04-21 03:24:00,1298.73,1299.2,1298.73,1299.2,919000
VN30,2025-04-21 03:25:00,1299.2,1299.62,1298.9,1299.62,916000
VN30,2025-04-21 03:26:00,1299.9,1300.31,1299.7,1300.0,1089100
VN30,2025-04-21 03:27:00,1299.94,1300.19,1299.69,1299.73,872100
VN30,2025-04-21 03:28:00,1299.47,1300.01,1299.15,1300.01,729200
VN30,2025-04-21 03:29:00,1300.06,1300.21,1299.57,1300.12,386000
VN30,2025-04-21 03:30:00,1300.3,1300.3,1299.27,1300.15,652201
VN30,2025-04-21 03:31:00,1299.81,1300.1,1298.29,1298.29,943500
VN30,2025-04-21 03:32:00,1298.69,1298.87,1298.08,1298.08,1912100
VN30,2025-04-21 03:33:00,1297.98,1298.0,1297.17,1297.57,1558800
VN30,2025-04-21 03:34:00,1297.91,1297.91,1296.66,1296.75,1354600
VN30,2025-04-21 03:35:00,1297.08,1297.61,1295.98,1295.98,1599500
VN30,2025-04-21 03:36:00,1295.87,1296.34,1295.33,1295.33,3526800
VN30,2025-04-21 03:37:00,1295.91,1295.91,1294.8,1295.13,1783400
VN30,2025-04-21 03:38:00,1295.22,1295.61,1294.74,1295.48,1115300
VN30,2025-04-21 03:39:00,1295.49,1295.83,1295.36,1295.36,734300
VN30,2025-04-21 03:40:00,1295.5,1296.16,1294.94,1296.16,1213400
VN30,2025-04-21 03:41:00,1295.83,1296.19,1295.32,1295.68,1385200
VN30,2025-04-21 03:42:00,1295.79,1296.34,1295.39,1296.16,795900
VN30,2025-04-21 03:43:00,1296.2,1296.23,1295.52,1295.53,993700
VN30,2025-04-21 03:44:00,1295.32,1295.71,1295.24,1295.69,684900
VN30,2025-04-21 03:45:00,1295.64,1296.11,1295.44,1295.67,1435000
VN30,2025-04-21 03:46:00,1295.47,1295.9,1295.27,1295.36,648500
VN30,2025-04-21 03:47:00,1295.83,1295.83,1295.19,1295.41,847300
VN30,2025-04-21 03:48:00,1295.41,1295.79,1295.02,1295.79,717000
VN30,2025-04-21 03:49:00,1295.61,1295.93,1295.56,1295.93,659000
VN30,2025-04-21 03:50:00,1295.96,1296.48,1295.88,1296.48,416800
VN30,2025-04-21 03:51:00,1296.33,1296.64,1295.86,1296.18,418000
VN30,2025-04-21 03:52:00,1296.29,1296.76,1296.25,1296.25,332600
VN30,2025-04-21 03:53:00,1296.51,1296.92,1296.26,1296.92,711900
VN30,2025-04-21 03:54:00,1296.72,1297.3,1296.55,1297.3,549000
VN30,2025-04-21 03:55:00,1297.23,1297.23,1296.32,1296.5,567400
VN30,2025-04-21 03:56:00,1296.47,1296.91,1296.29,1296.29,1003800
VN30,2025-04-21 03:57:00,1296.83,1297.18,1296.41,1297.18,358800
VN30,2025-04-21 03:58:00,1296.98,1296.99,1296.38,1296.74,818400
VN30,2025-04-21 03:59:00,1296.64,1297.37,1296.64,1297.37,559200
VN30,2025-04-21 04:00:00,1297.23,1297.49,1296.82,1296.97,456900
VN30,2025-04-21 04:01:00,1296.85,1297.53,1296.72,1297.53,446200
VN30,2025-04-21 04:02:00,1297.51,1297.51,1296.67,1297.05,1343800
VN30,2025-04-21 04:03:00,1297.22,1297.22,1296.75,1296.8,504700
VN30,2025-04-21 04:04:00,1296.91,1297.04,1296.56,1296.91,727000
VN30,2025-04-21 04:05:00,1296.63,1297.07,1296.06,1296.07,816000
VN30,2025-04-21 04:06:00,1295.81,1296.7,1295.81,1296.4,520600
VN30,2025-04-21 04:07:00,1296.17,1296.47,1295.42,1295.42,367500
VN30,2025-04-21 04:08:00,1295.5,1295.71,1294.86,1294.92,1071200
VN30,2025-04-21 04:09:00,1294.83,1295.3,1294.83,1294.88,800700
VN30,2025-04-21 04:10:00,1294.87,1295.19,1294.64,1295.19,1025200
VN30,2025-04-21 04:11:00,1295.51,1295.51,1294.65,1295.07,1446800
VN30,2025-04-21 04:12:00,1295.16,1295.39,1294.71,1294.78,692500
VN30,2025-04-21 04:13:00,1294.83,1295.24,1294.53,1295.18,799000
VN30,2025-04-21 04:14:00,1295.13,1295.13,1294.13,1294.13,1085000
VN30,2025-04-21 04:15:00,1294.01,1294.52,1293.74,1294.3,985700
VN30,2025-04-21 04:16:00,1294.17,1294.18,1293.57,1293.76,654700
VN30,2025-04-21 04:17:00,1293.68,1293.92,1293.49,1293.58,723700
VN30,2025-04-21 04:18:00,1293.64,1293.64,1292.97,1292.97,1962300
VN30,2025-04-21 04:19:00,1292.83,1293.26,1292.54,1292.62,1044100
VN30,2025-04-21 04:20:00,1292.87,1292.87,1292.25,1292.4,1221400
VN30,2025-04-21 04:21:00,1292.07,1292.6,1291.65,1291.83,1503700
VN30,2025-04-21 04:22:00,1291.96,1292.22,1291.5,1291.5,486600
VN30,2025-04-21 04:23:00,1291.37,1291.54,1290.88,1290.88,1346100
VN30,2025-04-21 04:24:00,1290.91,1291.56,1290.68,1291.45,843800
VN30,2025-04-21 04:25:00,1291.14,1291.55,1291.01,1291.48,637100
VN30,2025-04-21 04:26:00,1290.84,1291.62,1290.84,1291.62,885400
VN30,2025-04-21 04:27:00,1292.9,1292.9,1292.03,1292.03,736900
VN30,2025-04-21 04:28:00,1291.89,1292.47,1291.5,1291.68,554500
VN30,2025-04-21 04:29:00,1291.65,1292.0,1291.15,1291.64,441800
VN30,2025-04-21 04:30:00,1291.75,1291.75,1291.73,1291.73,43000
VN30,2025-04-21 06:00:00,1290.82,1291.18,1289.73,1290.28,3416500
VN30,2025-04-21 06:01:00,1290.32,1290.5,1289.69,1289.69,5281700
VN30,2025-04-21 06:02:00,1289.94,1289.94,1289.05,1289.1,2553000
VN30,2025-04-21 06:03:00,1289.01,1289.56,1288.88,1289.38,1703306
VN30,2025-04-21 06:04:00,1289.34,1290.38,1289.13,1290.38,1379100
VN30,2025-04-21 06:05:00,1290.28,1291.79,1290.0,1291.12,1467100
VN30,2025-04-21 06:06:00,1291.14,1292.26,1291.14,1291.48,2600600
VN30,2025-04-21 06:07:00,1291.78,1292.43,1291.64,1291.83,1275100
VN30,2025-04-21 06:08:00,1291.97,1293.56,1291.97,1292.63,884000
VN30,2025-04-21 06:09:00,1293.02,1293.44,1292.71,1293.22,1079500
VN30,2025-04-21 06:10:00,1293.53,1294.19,1293.43,1293.5,1650100
VN30,2025-04-21 06:11:00,1293.19,1294.42,1293.19,1294.01,884600
VN30,2025-04-21 06:12:00,1293.99,1294.39,1293.86,1293.87,1489100
VN30,2025-04-21 06:13:00,1294.01,1294.18,1293.75,1293.86,1050200
VN30,2025-04-21 06:14:00,1293.78,1293.78,1293.03,1293.15,666900
VN30,2025-04-21 06:15:00,1293.22,1293.5,1292.87,1293.06,797000
VN30,2025-04-21 06:16:00,1292.41,1292.41,1291.71,1292.12,1017500
VN30,2025-04-21 06:17:00,1292.01,1292.35,1290.96,1291.55,2955200
VN30,2025-04-21 06:18:00,1290.95,1291.21,1290.9,1291.2,1025000
VN30,2025-04-21 06:19:00,1291.1,1291.48,1291.1,1291.36,985900
VN30,2025-04-21 06:20:00,1291.18,1291.6,1290.96,1291.26,684400
VN30,2025-04-21 06:21:00,1291.14,1291.75,1290.95,1291.53,782100
VN30,2025-04-21 06:22:00,1291.49,1292.98,1291.39,1292.26,872400
VN30,2025-04-21 06:23:00,1292.26,1292.34,1291.8,1292.05,951800
VN30,2025-04-21 06:24:00,1292.27,1292.56,1292.18,1292.55,736900
VN30,2025-04-21 06:25:00,1292.61,1293.66,1291.98,1293.37,736800
VN30,2025-04-21 06:26:00,1293.4,1293.4,1292.55,1292.55,920300
VN30,2025-04-21 06:27:00,1292.81,1293.17,1292.56,1292.65,847400
VN30,2025-04-21 06:28:00,1292.66,1292.85,1292.35,1292.75,658801
VN30,2025-04-21 06:29:00,1292.7,1292.92,1292.13,1292.75,797900
VN30,2025-04-21 06:30:00,1293.15,1293.27,1292.62,1292.62,1017700
VN30,2025-04-21 06:31:00,1292.81,1292.92,1292.4,1292.4,642801
VN30,2025-04-21 06:32:00,1292.39,1292.39,1291.5,1292.08,1232900
VN30,2025-04-21 06:33:00,1292.23,1292.23,1291.36,1291.8,804300
VN30,2025-04-21 06:34:00,1291.61,1291.81,1291.2,1291.81,2287000
VN30,2025-04-21 06:35:00,1292.31,1292.31,1291.64,1291.85,839600
VN30,2025-04-21 06:36:00,1291.93,1291.93,1291.16,1291.52,974600
VN30,2025-04-21 06:37:00,1291.49,1291.49,1290.69,1290.93,957800
VN30,2025-04-21 06:38:00,1291.27,1291.27,1290.31,1290.31,1385200
VN30,2025-04-21 06:39:00,1290.45,1290.54,1289.48,1289.48,1632700
VN30,2025-04-21 06:40:00,1289.78,1289.87,1288.62,1289.87,2638600
VN30,2025-04-21 06:41:00,1289.36,1289.36,1287.96,1288.45,2495000
VN30,2025-04-21 06:42:00,1288.37,1289.25,1287.02,1287.02,1885500
VN30,2025-04-21 06:43:00,1287.47,1289.83,1287.39,1289.82,1960200
VN30,2025-04-21 06:44:00,1290.51,1291.1,1289.68,1290.8,1568800
VN30,2025-04-21 06:45:00,1290.51,1291.84,1290.25,1291.51,1213700
VN30,2025-04-21 06:46:00,1291.26,1293.2,1291.26,1292.53,1856800
VN30,2025-04-21 06:47:00,1292.55,1292.59,1291.72,1292.59,2143600
VN30,2025-04-21 06:48:00,1292.6,1293.68,1292.6,1293.68,1279000
VN30,2025-04-21 06:49:00,1293.77,1294.15,1293.47,1293.92,1234400
VN30,2025-04-21 06:50:00,1293.78,1293.81,1293.26,1293.69,1193500
VN30,2025-04-21 06:51:00,1293.89,1294.26,1293.89,1293.91,2034700
VN30,2025-04-21 06:52:00,1293.98,1294.46,1293.87,1293.89,2148000
VN30,2025-04-21 06:53:00,1293.98,1295.08,1293.98,1295.08,2302101
VN30,2025-04-21 06:54:00,1294.85,1295.13,1294.62,1294.96,1720800
VN30,2025-04-21 06:55:00,1295.06,1295.98,1295.04,1295.98,3628000
VN30,2025-04-21 06:56:00,1296.07,1297.04,1295.83,1297.04,3605200
VN30,2025-04-21 06:57:00,1297.14,1298.94,1297.0,1298.94,3310900
VN30,2025-04-21 06:58:00,1298.74,1299.93,1298.74,1299.93,4640800
VN30,2025-04-21 06:59:00,1299.54,1299.83,1298.85,1299.44,3062000
VN30,2025-04-21 07:00:00,1299.58,1301.06,1299.51,1301.06,3931702
VN30,2025-04-21 07:01:00,1301.47,1302.65,1301.26,1301.69,6144700
VN30,2025-04-21 07:02:00,1302.52,1303.02,1301.43,1301.43,4152000
VN30,2025-04-21 07:03:00,1301.9,1302.51,1300.74,1300.79,3489400
VN30,2025-04-21 07:04:00,1301.05,1301.59,1299.24,1299.96,3883900
VN30,2025-04-21 07:05:00,1299.89,1299.89,1298.08,1298.08,1489900
VN30,2025-04-21 07:06:00,1298.61,1298.99,1297.99,1298.96,2446600
VN30,2025-04-21 07:07:00,1298.52,1298.57,1297.04,1297.75,2817800
VN30,2025-04-21 07:08:00,1297.75,1297.89,1297.3,1297.7,2019700
VN30,2025-04-21 07:09:00,1297.68,1298.12,1297.28,1297.28,1281500
VN30,2025-04-21 07:10:00,1297.35,1297.35,1296.02,1296.02,1460200
VN30,2025-04-21 07:11:00,1296.19,1296.83,1295.77,1296.78,1672300
VN30,2025-04-21 07:12:00,1296.25,1296.41,1294.72,1294.72,1808100
VN30,2025-04-21 07:13:00,1294.76,1296.18,1294.76,1296.18,1234900
VN30,2025-04-21 07:14:00,1295.65,1296.5,1295.3,1295.79,1591600
VN30,2025-04-21 07:15:00,1295.86,1296.5,1295.85,1296.02,1833900
VN30,2025-04-21 07:16:00,1296.94,1296.94,1295.57,1296.12,1317401
VN30,2025-04-21 07:17:00,1296.37,1296.77,1295.92,1295.94,1536400
VN30,2025-04-21 07:18:00,1296.15,1296.51,1295.83,1296.51,898100
VN30,2025-04-21 07:19:00,1296.06,1296.63,1295.8,1295.95,1072100
VN30,2025-04-21 07:20:00,1295.22,1296.36,1295.22,1296.1,1212500
VN30,2025-04-21 07:21:00,1295.88,1296.27,1295.66,1295.66,1011000
VN30,2025-04-21 07:22:00,1295.56,1296.09,1295.26,1295.41,1171800
VN30,2025-04-21 07:23:00,1295.81,1295.81,1295.19,1295.56,1376600
VN30,2025-04-21 07:24:00,1296.19,1296.19,1295.74,1296.16,1257500
VN30,2025-04-21 07:25:00,1295.8,1296.05,1295.38,1295.53,1463600
VN30,2025-04-21 07:26:00,1295.79,1295.84,1294.91,1295.65,2043300
VN30,2025-04-21 07:27:00,1295.69,1295.88,1295.17,1295.72,1708800
VN30,2025-04-21 07:28:00,1295.66,1295.66,1294.6,1294.71,1807300
VN30,2025-04-21 07:29:00,1294.56,1295.48,1294.39,1295.48,2017000
VN30,2025-04-21 07:30:00,1295.99,1295.99,1295.99,1295.99,1060800
VN30,2025-04-21 07:45:00,1295.85,1295.85,1294.29,1294.29,19753100
VN30,2025-04-22 02:15:00,1287.55,1289.3,1286.73,1289.3,6058400
VN30,2025-04-22 02:16:00,1288.15,1288.3,1286.74,1286.74,1554608
VN30,2025-04-22 02:17:00,1286.5,1287.1,1285.68,1286.45,1563500
VN30,2025-04-22 02:18:00,1285.97,1287.97,1285.21,1287.64,1975800
VN30,2025-04-22 02:19:00,1287.81,1288.61,1287.11,1287.11,1464200
VN30,2025-04-22 02:20:00,1286.92,1288.38,1286.92,1287.07,1855601
VN30,2025-04-22 02:21:00,1287.32,1287.49,1286.9,1286.9,795300
VN30,2025-04-22 02:22:00,1286.68,1289.51,1285.92,1288.72,1316400
VN30,2025-04-22 02:23:00,1288.14,1289.04,1288.03,1288.03,644400
VN30,2025-04-22 02:24:00,1288.11,1288.18,1286.37,1286.37,653600
VN30,2025-04-22 02:25:00,1285.86,1288.86,1285.86,1286.25,1440900
VN30,2025-04-22 02:26:00,1286.3,1286.55,1284.89,1284.89,1317000
VN30,2025-04-22 02:27:00,1284.6,1286.82,1284.6,1285.3,846700
VN30,2025-04-22 02:28:00,1285.31,1286.74,1284.94,1286.74,1138700
VN30,2025-04-22 02:29:00,1286.36,1287.55,1285.46,1286.42,2701500
VN30,2025-04-22 02:30:00,1286.49,1287.24,1286.01,1287.24,2768100
VN30,2025-04-22 02:31:00,1287.53,1287.53,1285.78,1285.78,3403100
VN30,2025-04-22 02:32:00,1285.85,1286.6,1285.85,1286.27,1249800
VN30,2025-04-22 02:33:00,1286.16,1286.56,1285.82,1285.82,1163900
VN30,2025-04-22 02:34:00,1285.49,1286.28,1285.38,1285.38,1162300
VN30,2025-04-22 02:35:00,1285.33,1285.33,1283.91,1283.91,1361800
VN30,2025-04-22 02:36:00,1283.31,1283.66,1281.57,1282.85,1940400
VN30,2025-04-22 02:37:00,1282.57,1283.1,1281.69,1281.87,1216100
VN30,2025-04-22 02:38:00,1281.58,1283.62,1281.58,1282.96,1467101
VN30,2025-04-22 02:39:00,1282.94,1284.15,1282.71,1283.54,682200
VN30,2025-04-22 02:40:00,1283.18,1283.79,1283.15,1283.74,585800
VN30,2025-04-22 02:41:00,1283.98,1284.48,1283.6,1284.43,1429400
VN30,2025-04-22 02:42:00,1284.37,1284.88,1284.25,1284.48,971500
VN30,2025-04-22 02:43:00,1284.72,1285.03,1284.2,1284.82,651200
VN30,2025-04-22 02:44:00,1285.13,1285.13,1284.56,1284.64,3650600
VN30,2025-04-22 02:45:00,1284.85,1285.84,1284.45,1285.43,1410500
VN30,2025-04-22 02:46:00,1285.43,1286.16,1285.43,1285.8,1200100
VN30,2025-04-22 02:47:00,1286.01,1286.48,1285.84,1286.36,1180800
VN30,2025-04-22 02:48:00,1286.19,1286.85,1286.19,1286.7,660000
VN30,2025-04-22 02:49:00,1287.09,1287.23,1286.37,1286.91,1152100
VN30,2025-04-22 02:50:00,1287.09,1287.47,1286.85,1287.14,1349200
VN30,2025-04-22 02:51:00,1287.3,1287.58,1287.04,1287.58,1468300
VN30,2025-04-22 02:52:00,1287.26,1287.5,1286.07,1286.07,680500
VN30,2025-04-22 02:53:00,1286.16,1286.16,1285.43,1285.73,690000
VN30,2025-04-22 02:54:00,1286.14,1286.32,1285.27,1286.32,412900
VN30,2025-04-22 02:55:00,1286.12,1286.89,1285.75,1286.62,4373700
VN30,2025-04-22 02:56:00,1286.69,1287.1,1286.34,1286.43,1127400
VN30,2025-04-22 02:57:00,1286.55,1286.85,1286.04,1286.28,813900
VN30,2025-04-22 02:58:00,1286.58,1286.58,1285.62,1285.78,1628800
VN30,2025-04-22 02:59:00,1285.85,1285.95,1285.21,1285.5,595700
VN30,2025-04-22 03:00:00,1285.41,1286.08,1285.41,1285.41,573700
VN30,2025-04-22 03:01:00,1284.95,1284.95,1284.19,1284.49,484500
VN30,2025-04-22 03:02:00,1284.38,1286.47,1284.16,1285.73,789500
VN30,2025-04-22 03:03:00,1285.37,1285.37,1284.03,1284.16,344100
VN30,2025-04-22 03:04:00,1283.65,1284.73,1283.65,1284.47,564400
VN30,2025-04-22 03:05:00,1284.48,1284.83,1284.21,1284.79,661600
VN30,2025-04-22 03:06:00,1284.82,1285.69,1284.65,1285.69,280500
VN30,2025-04-22 03:07:00,1285.37,1285.51,1284.75,1285.51,607000
VN30,2025-04-22 03:08:00,1285.46,1285.7,1284.67,1284.67,427200
VN30,2025-04-22 03:09:00,1284.54,1285.02,1284.51,1284.52,811100
VN30,2025-04-22 03:10:00,1284.32,1284.78,1284.04,1284.26,335300
VN30,2025-04-22 03:11:00,1283.97,1286.34,1283.97,1285.58,1456200
VN30,2025-04-22 03:12:00,1285.64,1285.64,1284.32,1284.63,718200
VN30,2025-04-22 03:13:00,1284.82,1284.83,1284.48,1284.51,4112000
VN30,2025-04-22 03:14:00,1284.34,1285.19,1284.34,1285.19,455300
VN30,2025-04-22 03:15:00,1284.91,1285.46,1284.57,1284.89,846800
VN30,2025-04-22 03:16:00,1285.41,1285.54,1284.65,1285.14,365900
VN30,2025-04-22 03:17:00,1285.12,1285.46,1284.55,1285.3,596100
VN30,2025-04-22 03:18:00,1285.14,1285.85,1284.32,1285.85,690300
VN30,2025-04-22 03:19:00,1285.56,1285.56,1284.91,1285.35,680900
VN30,2025-04-22 03:20:00,1285.33,1285.88,1285.33,1285.88,618000
VN30,2025-04-22 03:21:00,1285.87,1286.09,1285.05,1285.05,370200
VN30,2025-04-22 03:22:00,1285.68,1286.41,1285.57,1286.17,369800
VN30,2025-04-22 03:23:00,1286.33,1286.92,1286.25,1286.89,504600
VN30,2025-04-22 03:24:00,1287.06,1287.52,1286.96,1287.09,510800
VN30,2025-04-22 03:25:00,1287.09,1287.75,1286.76,1287.75,1481500
VN30,2025-04-22 03:26:00,1287.76,1287.9,1287.29,1287.29,462400
VN30,2025-04-22 03:27:00,1287.33,1288.1,1287.33,1287.93,744200
VN30,2025-04-22 03:28:00,1287.93,1288.21,1287.6,1288.1,2453801
VN30,2025-04-22 03:29:00,1288.05,1288.69,1287.78,1288.37,638800
VN30,2025-04-22 03:30:00,1288.83,1289.34,1288.47,1289.05,706700
VN30,2025-04-22 03:31:00,1288.96,1290.11,1288.66,1289.61,1053500
VN30,2025-04-22 03:32:00,1289.61,1290.52,1289.61,1289.67,1950200
VN30,2025-04-22 03:33:00,1289.46,1290.66,1289.46,1290.66,1411500
VN30,2025-04-22 03:34:00,1290.66,1291.07,1290.32,1291.07,705800
VN30,2025-04-22 03:35:00,1291.26,1291.89,1291.15,1291.61,1154300
VN30,2025-04-22 03:36:00,1291.59,1291.97,1291.28,1291.28,676600
VN30,2025-04-22 03:37:00,1291.32,1292.29,1291.32,1292.14,595300
VN30,2025-04-22 03:38:00,1292.54,1292.67,1292.38,1292.54,493400
VN30,2025-04-22 03:39:00,1292.13,1292.41,1292.0,1292.01,510000
VN30,2025-04-22 03:40:00,1292.02,1292.36,1291.14,1291.3,1127500
VN30,2025-04-22 03:41:00,1291.39,1291.88,1290.71,1291.42,728300
VN30,2025-04-22 03:42:00,1290.95,1291.0,1290.22,1290.65,528700
VN30,2025-04-22 03:43:00,1290.63,1290.94,1289.92,1290.26,642500
VN30,2025-04-22 03:44:00,1289.88,1290.38,1289.78,1289.78,651800
VN30,2025-04-22 03:45:00,1290.18,1290.27,1289.54,1289.54,391501
VN30,2025-04-22 03:46:00,1289.64,1290.14,1289.54,1290.14,390000
VN30,2025-04-22 03:47:00,1290.17,1290.17,1289.52,1289.55,707301
VN30,2025-04-22 03:48:00,1289.86,1290.16,1289.06,1289.78,243000
VN30,2025-04-22 03:49:00,1289.66,1290.18,1289.48,1289.66,409800
VN30,2025-04-22 03:50:00,1289.29,1290.1,1289.29,1289.55,690800
VN30,2025-04-22 03:51:00,1289.87,1289.94,1289.09,1289.89,414600
VN30,2025-04-22 03:52:00,1289.84,1289.88,1289.19,1289.57,877500
VN30,2025-04-22 03:53:00,1289.8,1290.01,1289.58,1289.74,624900
VN30,2025-04-22 03:54:00,1289.38,1289.95,1289.38,1289.39,325300
VN30,2025-04-22 03:55:00,1289.26,1289.79,1288.95,1288.95,371200
VN30,2025-04-22 03:56:00,1289.24,1289.24,1288.87,1289.0,389000
VN30,2025-04-22 03:57:00,1288.93,1289.12,1288.53,1289.11,521700
VN30,2025-04-22 03:58:00,1288.85,1288.95,1288.43,1288.74,297300
VN30,2025-04-22 03:59:00,1289.03,1289.44,1289.0,1289.17,357200
VN30,2025-04-22 04:00:00,1288.97,1288.97,1287.96,1288.58,804300
VN30,2025-04-22 04:01:00,1288.62,1288.86,1288.2,1288.2,396900
VN30,2025-04-22 04:02:00,1288.53,1288.53,1287.54,1287.71,498300
VN30,2025-04-22 04:03:00,1287.65,1288.27,1287.36,1287.84,634500
VN30,2025-04-22 04:04:00,1287.73,1287.84,1287.09,1287.09,456100
VN30,2025-04-22 04:05:00,1287.3,1287.75,1286.85,1286.89,651300
VN30,2025-04-22 04:06:00,1287.14,1287.54,1286.8,1287.54,491000
VN30,2025-04-22 04:07:00,1287.7,1287.81,1287.2,1287.31,448700
VN30,2025-04-22 04:08:00,1287.16,1287.49,1286.84,1287.03,502800
VN30,2025-04-22 04:09:00,1287.01,1287.38,1287.0,1287.38,395700
VN30,2025-04-22 04:10:00,1287.62,1287.62,1286.47,1286.57,1449600
VN30,2025-04-22 04:11:00,1286.64,1287.14,1286.34,1286.34,513700
VN30,2025-04-22 04:12:00,1286.12,1287.14,1286.12,1286.62,1067600
VN30,2025-04-22 04:13:00,1286.14,1286.32,1285.77,1285.83,1122200
VN30,2025-04-22 04:14:00,1285.95,1286.89,1285.95,1286.76,418800
VN30,2025-04-22 04:15:00,1286.87,1287.0,1285.49,1285.53,3059101
VN30,2025-04-22 04:16:00,1286.42,1287.07,1286.06,1286.26,888700
VN30,2025-04-22 04:17:00,1286.12,1286.6,1284.64,1284.81,941300
VN30,2025-04-22 04:18:00,1284.39,1284.95,1283.89,1283.91,1787300
VN30,2025-04-22 04:19:00,1283.69,1283.69,1282.94,1282.94,8346000
VN30,2025-04-22 04:20:00,1283.0,1283.0,1280.91,1280.91,4124900
VN30,2025-04-22 04:21:00,1280.67,1280.67,1279.4,1279.4,3444800
VN30,2025-04-22 04:22:00,1279.11,1279.28,1278.14,1278.17,4270400
VN30,2025-04-22 04:23:00,1278.2,1280.41,1277.73,1280.41,4173100
VN30,2025-04-22 04:24:00,1279.52,1279.79,1278.99,1278.99,2855900
VN30,2025-04-22 04:25:00,1279.2,1279.94,1279.09,1279.57,2828200
VN30,2025-04-22 04:26:00,1279.58,1279.86,1279.1,1279.1,2119700
VN30,2025-04-22 04:27:00,1278.93,1279.56,1278.77,1279.26,2078600
VN30,2025-04-22 04:28:00,1279.13,1279.55,1278.73,1279.29,948500
VN30,2025-04-22 04:29:00,1279.37,1279.37,1278.37,1278.56,1594300
VN30,2025-04-22 04:30:00,1278.63,1278.63,1278.48,1278.48,89600
VN30,2025-04-22 06:00:00,1276.79,1276.79,1273.75,1273.85,13951900
VN30,2025-04-22 06:01:00,1273.78,1273.78,1271.53,1271.9,5796100
VN30,2025-04-22 06:02:00,1271.39,1271.76,1270.28,1270.99,7374400
VN30,2025-04-22 06:03:00,1270.86,1270.86,1268.9,1269.49,7106105
VN30,2025-04-22 06:04:00,1269.64,1269.74,1266.77,1266.77,9982300
VN30,2025-04-22 06:05:00,1266.65,1266.84,1264.25,1265.55,11969900
VN30,2025-04-22 06:06:00,1265.37,1265.37,1261.87,1261.87,9476600
VN30,2025-04-22 06:07:00,1261.73,1262.57,1259.63,1261.95,13395000
VN30,2025-04-22 06:08:00,1264.23,1264.23,1260.09,1261.64,6665500
VN30,2025-04-22 06:09:00,1259.69,1260.74,1257.54,1258.08,8083700
VN30,2025-04-22 06:10:00,1256.73,1258.34,1255.06,1255.28,7741600
VN30,2025-04-22 06:11:00,1255.11,1256.84,1254.53,1254.87,8094400
VN30,2025-04-22 06:12:00,1254.68,1258.35,1254.68,1256.87,8211800
VN30,2025-04-22 06:13:00,1257.23,1258.31,1256.14,1257.6,7666500
VN30,2025-04-22 06:14:00,1256.71,1256.86,1254.87,1256.01,6759200
VN30,2025-04-22 06:15:00,1255.64,1255.81,1254.58,1254.97,6562100
VN30,2025-04-22 06:16:00,1253.7,1253.7,1249.1,1249.1,7611200
VN30,2025-04-22 06:17:00,1248.28,1248.28,1241.24,1241.24,9515400
VN30,2025-04-22 06:18:00,1240.02,1240.02,1231.36,1231.45,16270300
VN30,2025-04-22 06:19:00,1229.8,1229.8,1224.14,1224.14,18886400
VN30,2025-04-22 06:20:00,1223.93,1223.93,1219.59,1219.59,9844600
VN30,2025-04-22 06:21:00,1219.48,1219.48,1216.35,1216.63,8435200
VN30,2025-04-22 06:22:00,1216.6,1220.21,1216.49,1220.21,8607500
VN30,2025-04-22 06:23:00,1217.41,1229.3,1217.41,1229.3,9276400
VN30,2025-04-22 06:24:00,1229.24,1231.49,1229.24,1231.38,4045401
VN30,2025-04-22 06:25:00,1230.13,1234.46,1230.13,1233.05,4256800
VN30,2025-04-22 06:26:00,1233.23,1238.27,1233.23,1237.69,15616000
VN30,2025-04-22 06:27:00,1238.05,1241.36,1237.99,1240.15,3559100
VN30,2025-04-22 06:28:00,1240.6,1243.81,1240.21,1242.45,5047600
VN30,2025-04-22 06:29:00,1242.32,1242.96,1239.78,1239.78,4688100
VN30,2025-04-22 06:30:00,1241.33,1241.33,1236.93,1237.21,5261101
VN30,2025-04-22 06:31:00,1237.32,1237.32,1235.61,1236.46,5551900
VN30,2025-04-22 06:32:00,1236.69,1236.69,1234.4,1234.4,5455000
VN30,2025-04-22 06:33:00,1235.94,1235.94,1234.73,1235.4,5883600
VN30,2025-04-22 06:34:00,1234.97,1235.37,1232.97,1233.66,6595700
VN30,2025-04-22 06:35:00,1233.21,1233.37,1232.53,1232.87,3141900
VN30,2025-04-22 06:36:00,1232.59,1234.31,1232.59,1233.57,3107100
VN30,2025-04-22 06:37:00,1233.92,1235.32,1232.97,1235.18,2930300
VN30,2025-04-22 06:38:00,1235.15,1237.41,1235.15,1237.41,11545700
VN30,2025-04-22 06:39:00,1237.65,1238.75,1237.65,1238.31,1972500
VN30,2025-04-22 06:40:00,1238.71,1240.96,1238.71,1240.96,3324900
VN30,2025-04-22 06:41:00,1241.13,1243.46,1241.13,1242.81,2870900
VN30,2025-04-22 06:42:00,1243.37,1244.9,1242.61,1243.39,2205800
VN30,2025-04-22 06:43:00,1243.54,1244.61,1242.96,1243.63,2586500
VN30,2025-04-22 06:44:00,1243.84,1245.96,1243.84,1244.96,2776900
VN30,2025-04-22 06:45:00,1245.73,1246.46,1244.1,1246.26,2340700
VN30,2025-04-22 06:46:00,1246.54,1249.87,1246.54,1249.87,2969700
VN30,2025-04-22 06:47:00,1249.85,1253.95,1249.85,1253.64,3031600
VN30,2025-04-22 06:48:00,1254.75,1255.81,1254.15,1255.81,2775300
VN30,2025-04-22 06:49:00,1255.9,1255.9,1253.03,1254.1,3354500
VN30,2025-04-22 06:50:00,1254.5,1254.5,1251.47,1251.47,3143200
VN30,2025-04-22 06:51:00,1250.45,1251.51,1249.6,1249.66,4106300
VN30,2025-04-22 06:52:00,1249.63,1250.6,1248.73,1248.73,3022100
VN30,2025-04-22 06:53:00,1248.21,1248.6,1247.39,1247.39,4615500
VN30,2025-04-22 06:54:00,1247.73,1247.73,1246.65,1246.92,1809300
VN30,2025-04-22 06:55:00,1246.59,1246.91,1246.18,1246.18,3799800
VN30,2025-04-22 06:56:00,1245.69,1246.25,1245.44,1246.25,1873600
VN30,2025-04-22 06:57:00,1246.22,1247.52,1246.07,1247.52,2857300
VN30,2025-04-22 06:58:00,1247.58,1251.16,1247.36,1250.02,4375500
VN30,2025-04-22 06:59:00,1250.02,1251.8,1249.71,1251.72,2752800
VN30,2025-04-22 07:00:00,1251.54,1253.42,1251.33,1253.42,2889200
VN30,2025-04-22 07:01:00,1253.84,1255.35,1253.65,1255.35,3332400
VN30,2025-04-22 07:02:00,1255.48,1256.89,1255.37,1256.73,3271600
VN30,2025-04-22 07:03:00,1257.09,1258.69,1257.03,1258.61,7426200
VN30,2025-04-22 07:04:00,1258.51,1260.92,1258.51,1260.92,3802700
VN30,2025-04-22 07:05:00,1261.24,1263.95,1261.24,1263.8,6601700
VN30,2025-04-22 07:06:00,1264.3,1266.27,1264.3,1266.27,5930300
VN30,2025-04-22 07:07:00,1266.59,1269.45,1266.59,1269.45,3973600
VN30,2025-04-22 07:08:00,1269.94,1271.33,1269.94,1271.12,2654000
VN30,2025-04-22 07:09:00,1270.84,1271.5,1269.63,1269.63,4586600
VN30,2025-04-22 07:10:00,1268.75,1268.75,1263.72,1263.72,3840000
VN30,2025-04-22 07:11:00,1263.66,1263.97,1260.31,1260.31,4567000
VN30,2025-04-22 07:12:00,1260.14,1260.14,1257.12,1258.19,2661700
VN30,2025-04-22 07:13:00,1257.93,1258.59,1257.16,1257.4,2003600
VN30,2025-04-22 07:14:00,1257.93,1258.32,1257.74,1257.74,2187700
VN30,2025-04-22 07:15:00,1257.54,1258.88,1257.5,1258.24,5020800
VN30,2025-04-22 07:16:00,1259.07,1260.24,1258.43,1260.24,2444800
VN30,2025-04-22 07:17:00,1260.93,1262.3,1260.51,1261.62,8377700
VN30,2025-04-22 07:18:00,1262.43,1265.4,1262.24,1265.4,4965000
VN30,2025-04-22 07:19:00,1265.0,1266.99,1265.0,1266.99,7077700
VN30,2025-04-22 07:20:00,1266.31,1267.5,1266.31,1267.5,3529200
VN30,2025-04-22 07:21:00,1267.46,1268.18,1267.34,1267.99,2878100
VN30,2025-04-22 07:22:00,1268.03,1270.39,1268.03,1270.39,2645500
VN30,2025-04-22 07:23:00,1271.2,1272.1,1270.76,1271.87,3249605
VN30,2025-04-22 07:24:00,1271.7,1272.31,1271.31,1272.31,1713200
VN30,2025-04-22 07:25:00,1272.31,1278.17,1272.31,1277.87,3959900
VN30,2025-04-22 07:26:00,1280.04,1287.68,1279.88,1287.68,6182200
VN30,2025-04-22 07:27:00,1289.14,1291.85,1288.38,1291.85,5825600
VN30,2025-04-22 07:28:00,1291.45,1292.36,1290.31,1290.53,5716400
VN30,2025-04-22 07:29:00,1290.16,1290.2,1287.29,1287.29,4269500
VN30,2025-04-22 07:45:00,1289.94,1290.38,1289.94,1290.38,18220300
VN30,2025-04-23 02:15:00,1300.25,1311.32,1300.25,1310.32,41819300
VN30,2025-04-23 02:16:00,1309.33,1310.07,1308.72,1309.4,7693403
VN30,2025-04-23 02:17:00,1310.0,1311.72,1310.0,1310.82,8538200
VN30,2025-04-23 02:18:00,1311.11,1311.15,1309.23,1309.23,5703200
VN30,2025-04-23 02:19:00,1309.13,1309.13,1306.87,1308.65,4487900
VN30,2025-04-23 02:20:00,1308.86,1309.4,1307.66,1308.21,3025800
VN30,2025-04-23 02:21:00,1308.49,1309.47,1307.87,1307.91,2821700
VN30,2025-04-23 02:22:00,1307.61,1307.71,1306.22,1307.17,2072800
VN30,2025-04-23 02:23:00,1306.76,1307.07,1305.84,1306.58,2910600
VN30,2025-04-23 02:24:00,1306.52,1306.52,1304.68,1304.68,2818400
VN30,2025-04-23 02:25:00,1304.62,1304.62,1303.83,1303.83,2296500
VN30,2025-04-23 02:26:00,1303.69,1305.47,1303.51,1305.35,4348300
VN30,2025-04-23 02:27:00,1305.63,1306.06,1304.55,1305.12,2709400
VN30,2025-04-23 02:28:00,1304.83,1305.32,1304.58,1304.9,1832100
VN30,2025-04-23 02:29:00,1305.07,1305.45,1302.51,1302.51,2380300
VN30,2025-04-23 02:30:00,1302.32,1303.12,1302.15,1302.99,1342200
VN30,2025-04-23 02:31:00,1302.57,1303.51,1301.52,1301.88,2142400
VN30,2025-04-23 02:32:00,1301.63,1302.86,1301.14,1302.86,2065900
VN30,2025-04-23 02:33:00,1303.03,1304.27,1302.91,1304.27,1925601
VN30,2025-04-23 02:34:00,1303.52,1304.73,1303.52,1304.32,2747900
VN30,2025-04-23 02:35:00,1304.35,1305.19,1304.23,1304.95,1956800
VN30,2025-04-23 02:36:00,1304.97,1305.68,1304.35,1305.68,2834500
VN30,2025-04-23 02:37:00,1305.4,1306.72,1305.1,1306.71,1631900
VN30,2025-04-23 02:38:00,1306.89,1307.09,1305.78,1306.35,1103400
VN30,2025-04-23 02:39:00,1306.38,1306.38,1304.94,1304.94,1640000
VN30,2025-04-23 02:40:00,1305.12,1305.13,1303.86,1304.57,2186600
VN30,2025-04-23 02:41:00,1304.49,1304.69,1304.05,1304.24,1007200
VN30,2025-04-23 02:42:00,1304.26,1305.25,1304.22,1304.43,1975600
VN30,2025-04-23 02:43:00,1304.31,1304.31,1303.31,1303.36,1163000
VN30,2025-04-23 02:44:00,1303.74,1304.08,1303.35,1303.35,1109300
VN30,2025-04-23 02:45:00,1303.65,1303.65,1302.3,1302.33,1744100
VN30,2025-04-23 02:46:00,1302.56,1303.02,1302.13,1302.54,1209600
VN30,2025-04-23 02:47:00,1302.31,1303.48,1302.31,1303.19,894600
VN30,2025-04-23 02:48:00,1303.17,1303.7,1303.17,1303.62,1254300
VN30,2025-04-23 02:49:00,1303.43,1303.5,1303.04,1303.11,1133300
VN30,2025-04-23 02:50:00,1303.05,1303.08,1302.25,1302.25,1663700
VN30,2025-04-23 02:51:00,1302.04,1302.09,1301.54,1301.66,1170100
VN30,2025-04-23 02:52:00,1302.02,1302.02,1301.56,1301.99,1855100
VN30,2025-04-23 02:53:00,1301.79,1301.83,1300.86,1300.86,4213900
VN30,2025-04-23 02:54:00,1300.68,1301.1,1300.54,1300.83,1544300
VN30,2025-04-23 02:55:00,1300.65,1301.04,1300.01,1300.19,1351200
VN30,2025-04-23 02:56:00,1300.15,1300.81,1300.13,1300.81,874700
VN30,2025-04-23 02:57:00,1300.71,1301.02,1300.65,1300.92,1449000
VN30,2025-04-23 02:58:00,1301.12,1301.59,1300.95,1301.51,539701
VN30,2025-04-23 02:59:00,1301.34,1301.34,1300.53,1301.32,925800
VN30,2025-04-23 03:00:00,1301.53,1301.57,1301.04,1301.05,986900
VN30,2025-04-23 03:01:00,1301.02,1301.37,1300.96,1301.07,823100
VN30,2025-04-23 03:02:00,1301.02,1301.27,1300.77,1301.01,1874400
VN30,2025-04-23 03:03:00,1301.2,1301.2,1300.79,1300.9,744500
VN30,2025-04-23 03:04:00,1300.87,1300.91,1300.51,1300.68,1115100
VN30,2025-04-23 03:05:00,1300.57,1300.57,1298.72,1298.72,882300
VN30,2025-04-23 03:06:00,1298.76,1299.14,1297.37,1298.13,2287000
VN30,2025-04-23 03:07:00,1298.04,1298.21,1297.91,1298.15,638700
VN30,2025-04-23 03:08:00,1297.88,1298.21,1296.84,1296.95,1474801
VN30,2025-04-23 03:09:00,1296.75,1296.75,1296.18,1296.54,1128000
VN30,2025-04-23 03:10:00,1296.3,1296.69,1296.12,1296.12,7139000
VN30,2025-04-23 03:11:00,1295.91,1296.52,1295.83,1296.25,956500
VN30,2025-04-23 03:12:00,1296.11,1296.4,1295.87,1296.2,1217500
VN30,2025-04-23 03:13:00,1296.2,1296.2,1295.77,1295.82,1465900
VN30,2025-04-23 03:14:00,1295.77,1296.15,1295.69,1296.15,422700
VN30,2025-04-23 03:15:00,1295.93,1296.25,1295.93,1295.97,1066500
VN30,2025-04-23 03:16:00,1296.11,1297.03,1295.87,1297.03,1059800
VN30,2025-04-23 03:17:00,1297.03,1297.5,1297.03,1297.34,1181100
VN30,2025-04-23 03:18:00,1297.34,1299.23,1297.34,1299.21,1361000
VN30,2025-04-23 03:19:00,1299.25,1300.58,1299.25,1300.57,2233700
VN30,2025-04-23 03:20:00,1300.72,1300.72,1300.43,1300.43,1524900
VN30,2025-04-23 03:21:00,1300.2,1300.9,1299.9,1300.47,673300
VN30,2025-04-23 03:22:00,1300.67,1301.19,1300.42,1300.42,1661900
VN30,2025-04-23 03:23:00,1300.79,1301.17,1299.71,1300.18,430501
VN30,2025-04-23 03:24:00,1300.27,1300.65,1299.85,1300.32,483300
VN30,2025-04-23 03:25:00,1300.25,1300.72,1300.05,1300.57,3031600
VN30,2025-04-23 03:26:00,1300.62,1300.68,1299.86,1300.35,1183900
VN30,2025-04-23 03:27:00,1300.4,1300.55,1299.27,1299.27,1037300
VN30,2025-04-23 03:28:00,1299.28,1299.59,1298.67,1298.81,729600
VN30,2025-04-23 03:29:00,1298.71,1299.12,1298.24,1298.57,554500
VN30,2025-04-23 03:30:00,1298.5,1298.72,1297.92,1298.64,1120500
VN30,2025-04-23 03:31:00,1298.48,1299.2,1298.48,1298.93,559300
VN30,2025-04-23 03:32:00,1299.1,1300.88,1299.1,1300.66,957600
VN30,2025-04-23 03:33:00,1300.65,1302.29,1300.64,1302.29,2883500
VN30,2025-04-23 03:34:00,1302.09,1303.04,1302.07,1302.07,1257900
VN30,2025-04-23 03:35:00,1303.13,1303.91,1302.28,1303.11,1445000
VN30,2025-04-23 03:36:00,1302.74,1303.36,1302.02,1303.18,1394600
VN30,2025-04-23 03:37:00,1302.35,1302.35,1301.68,1301.74,620600
VN30,2025-04-23 03:38:00,1301.37,1301.44,1300.91,1301.43,663100
VN30,2025-04-23 03:39:00,1301.43,1301.43,1300.84,1301.36,546500
VN30,2025-04-23 03:40:00,1301.4,1301.43,1300.89,1300.89,576400
VN30,2025-04-23 03:41:00,1300.98,1301.35,1300.49,1301.35,253600
VN30,2025-04-23 03:42:00,1301.35,1301.64,1301.04,1301.64,480500
VN30,2025-04-23 03:43:00,1301.64,1302.18,1300.91,1302.18,633300
VN30,2025-04-23 03:44:00,1302.0,1303.16,1302.0,1303.16,1666000
VN30,2025-04-23 03:45:00,1303.41,1303.41,1302.37,1302.5,551000
VN30,2025-04-23 03:46:00,1301.84,1302.4,1301.77,1302.17,946401
VN30,2025-04-23 03:47:00,1302.13,1302.39,1301.89,1301.96,1389400
VN30,2025-04-23 03:48:00,1301.87,1302.12,1301.41,1301.41,1231800
VN30,2025-04-23 03:49:00,1301.7,1301.7,1301.13,1301.37,352100
VN30,2025-04-23 03:50:00,1301.62,1301.98,1301.39,1301.93,631500
VN30,2025-04-23 03:51:00,1301.93,1302.47,1301.84,1302.13,625400
VN30,2025-04-23 03:52:00,1302.3,1302.41,1301.7,1301.77,506700
VN30,2025-04-23 03:53:00,1301.66,1302.41,1301.37,1302.04,991000
VN30,2025-04-23 03:54:00,1302.17,1302.76,1302.17,1302.19,256001
VN30,2025-04-23 03:55:00,1301.64,1302.46,1301.54,1302.25,572800
VN30,2025-04-23 03:56:00,1302.27,1302.66,1302.1,1302.66,654400
VN30,2025-04-23 03:57:00,1302.71,1303.08,1302.22,1302.89,453900
VN30,2025-04-23 03:58:00,1302.66,1303.08,1302.58,1303.02,637700
VN30,2025-04-23 03:59:00,1303.07,1303.15,1302.74,1302.84,356600
VN30,2025-04-23 04:00:00,1302.68,1303.37,1302.65,1303.12,404001
VN30,2025-04-23 04:01:00,1302.92,1303.06,1302.64,1302.74,271200
VN30,2025-04-23 04:02:00,1302.98,1303.1,1302.78,1303.03,558600
VN30,2025-04-23 04:03:00,1302.89,1303.56,1302.89,1303.44,536700
VN30,2025-04-23 04:04:00,1303.49,1303.56,1302.77,1303.56,1408901
VN30,2025-04-23 04:05:00,1303.68,1303.68,1302.68,1302.74,834600
VN30,2025-04-23 04:06:00,1302.71,1302.71,1301.54,1301.56,1013900
VN30,2025-04-23 04:07:00,1301.67,1301.67,1301.33,1301.62,603200
VN30,2025-04-23 04:08:00,1301.35,1302.02,1301.35,1301.58,460800
VN30,2025-04-23 04:09:00,1301.58,1301.7,1301.26,1301.46,427300
VN30,2025-04-23 04:10:00,1301.55,1301.6,1299.58,1299.58,1168771
VN30,2025-04-23 04:11:00,1299.53,1299.9,1298.86,1299.9,1054729
VN30,2025-04-23 04:12:00,1300.0,1300.26,1299.27,1299.31,3158400
VN30,2025-04-23 04:13:00,1299.25,1300.15,1299.25,1300.15,336500
VN30,2025-04-23 04:14:00,1300.19,1300.77,1300.19,1300.39,723300
VN30,2025-04-23 04:15:00,1300.24,1300.83,1300.22,1300.39,396700
VN30,2025-04-23 04:16:00,1300.41,1300.67,1300.33,1300.67,594800
VN30,2025-04-23 04:17:00,1300.75,1300.79,1300.33,1300.45,543500
VN30,2025-04-23 04:18:00,1300.37,1300.44,1299.96,1300.02,275100
VN30,2025-04-23 04:19:00,1300.03,1300.26,1299.63,1300.26,237600
VN30,2025-04-23 04:20:00,1300.27,1302.05,1300.1,1302.05,1241400
VN30,2025-04-23 04:21:00,1301.93,1302.06,1301.63,1302.06,1323200
VN30,2025-04-23 04:22:00,1302.08,1302.19,1301.35,1302.19,553000
VN30,2025-04-23 04:23:00,1302.31,1304.3,1302.19,1303.92,1606800
VN30,2025-04-23 04:24:00,1304.07,1304.07,1302.98,1303.54,591900
VN30,2025-04-23 04:25:00,1303.54,1303.7,1303.02,1303.02,502300
VN30,2025-04-23 04:26:00,1303.31,1303.31,1302.5,1302.79,620400
VN30,2025-04-23 04:27:00,1302.63,1303.07,1302.35,1302.9,602000
VN30,2025-04-23 04:28:00,1302.76,1302.98,1302.4,1302.92,806800
VN30,2025-04-23 04:29:00,1302.97,1303.36,1302.97,1303.03,604900
VN30,2025-04-23 04:30:00,1303.08,1303.2,1303.08,1303.2,55300
VN30,2025-04-23 06:00:00,1301.94,1303.75,1301.94,1303.46,3200600
VN30,2025-04-23 06:01:00,1302.69,1304.02,1302.34,1304.02,1121400
VN30,2025-04-23 06:02:00,1304.37,1305.78,1304.37,1305.16,1497800
VN30,2025-04-23 06:03:00,1304.73,1304.73,1303.76,1304.08,669305
VN30,2025-04-23 06:04:00,1304.0,1305.33,1303.82,1305.12,797101
VN30,2025-04-23 06:05:00,1305.05,1305.58,1304.37,1305.28,1384400
VN30,2025-04-23 06:06:00,1305.25,1305.25,1304.5,1305.15,852300
VN30,2025-04-23 06:07:00,1304.59,1304.83,1304.26,1304.48,1372200
VN30,2025-04-23 06:08:00,1304.42,1304.5,1304.0,1304.3,736000
VN30,2025-04-23 06:09:00,1304.14,1304.3,1302.93,1302.93,933900
VN30,2025-04-23 06:10:00,1303.04,1303.31,1302.96,1303.01,1235400
VN30,2025-04-23 06:11:00,1302.92,1303.7,1302.88,1302.88,1589000
VN30,2025-04-23 06:12:00,1302.82,1303.17,1302.15,1302.15,1150700
VN30,2025-04-23 06:13:00,1302.66,1302.84,1302.22,1302.71,1550700
VN30,2025-04-23 06:14:00,1302.71,1302.86,1302.27,1302.31,839500
VN30,2025-04-23 06:15:00,1302.25,1302.83,1302.06,1302.56,1073900
VN30,2025-04-23 06:16:00,1302.73,1303.12,1302.22,1302.64,624000
VN30,2025-04-23 06:17:00,1302.52,1302.75,1302.03,1302.43,717500
VN30,2025-04-23 06:18:00,1302.51,1303.0,1302.47,1302.47,1281800
VN30,2025-04-23 06:19:00,1302.31,1303.05,1302.31,1303.05,3886500
VN30,2025-04-23 06:20:00,1303.16,1303.18,1301.91,1301.91,923900
VN30,2025-04-23 06:21:00,1301.95,1302.12,1301.29,1301.6,1050200
VN30,2025-04-23 06:22:00,1301.44,1301.44,1300.66,1301.23,807000
VN30,2025-04-23 06:23:00,1301.48,1301.94,1301.15,1301.67,541400
VN30,2025-04-23 06:24:00,1301.77,1302.07,1301.57,1301.8,518100
VN30,2025-04-23 06:25:00,1302.1,1302.49,1301.73,1302.3,627200
VN30,2025-04-23 06:26:00,1302.63,1302.79,1302.06,1302.26,440300
VN30,2025-04-23 06:27:00,1302.26,1302.7,1301.89,1302.06,680900
VN30,2025-04-23 06:28:00,1302.05,1302.76,1302.05,1302.13,422200
VN30,2025-04-23 06:29:00,1301.93,1302.82,1301.77,1301.82,2186500
VN30,2025-04-23 06:30:00,1301.96,1302.39,1301.51,1301.6,799801
VN30,2025-04-23 06:31:00,1301.7,1302.35,1301.59,1302.03,892100
VN30,2025-04-23 06:32:00,1301.89,1302.57,1301.86,1302.57,812700
VN30,2025-04-23 06:33:00,1302.59,1303.24,1302.16,1302.76,826600
VN30,2025-04-23 06:34:00,1302.53,1302.85,1302.26,1302.3,666300
VN30,2025-04-23 06:35:00,1302.48,1302.85,1302.23,1302.32,1425100
VN30,2025-04-23 06:36:00,1302.43,1302.51,1301.81,1301.98,473700
VN30,2025-04-23 06:37:00,1302.1,1302.32,1301.94,1302.08,882200
VN30,2025-04-23 06:38:00,1302.08,1302.92,1302.03,1302.73,677200
VN30,2025-04-23 06:39:00,1303.06,1303.24,1302.69,1302.87,976200
VN30,2025-04-23 06:40:00,1302.93,1303.41,1302.59,1302.82,1189900
VN30,2025-04-23 06:41:00,1302.88,1303.07,1302.18,1302.7,917400
VN30,2025-04-23 06:42:00,1302.69,1303.24,1302.58,1302.91,2157200
VN30,2025-04-23 06:43:00,1303.01,1303.74,1302.91,1303.27,1233500
VN30,2025-04-23 06:44:00,1303.26,1303.87,1303.26,1303.62,830400
VN30,2025-04-23 06:45:00,1303.62,1304.04,1303.36,1303.99,1115300
VN30,2025-04-23 06:46:00,1304.04,1304.3,1303.77,1304.12,671000
VN30,2025-04-23 06:47:00,1304.06,1304.1,1303.7,1303.7,1197400
VN30,2025-04-23 06:48:00,1303.55,1303.61,1302.87,1303.23,738900
VN30,2025-04-23 06:49:00,1303.35,1303.64,1302.94,1303.52,921100
VN30,2025-04-23 06:50:00,1303.27,1303.35,1302.94,1303.26,1111300
VN30,2025-04-23 06:51:00,1303.1,1303.37,1302.74,1303.37,1777600
VN30,2025-04-23 06:52:00,1303.31,1303.84,1303.12,1303.84,1477300
VN30,2025-04-23 06:53:00,1303.96,1303.96,1302.96,1302.96,1387600
VN30,2025-04-23 06:54:00,1303.35,1303.9,1303.3,1303.6,1054700
VN30,2025-04-23 06:55:00,1303.94,1304.25,1303.42,1303.94,632900
VN30,2025-04-23 06:56:00,1304.06,1304.51,1303.88,1304.51,700600
VN30,2025-04-23 06:57:00,1304.34,1304.56,1303.9,1303.9,860700
VN30,2025-04-23 06:58:00,1303.96,1304.74,1303.96,1304.7,794900
VN30,2025-04-23 06:59:00,1304.87,1305.09,1304.39,1304.42,1305300
VN30,2025-04-23 07:00:00,1304.81,1304.96,1304.46,1304.85,1549000
VN30,2025-04-23 07:01:00,1304.93,1305.59,1304.87,1304.87,990100
VN30,2025-04-23 07:02:00,1305.13,1305.64,1304.97,1305.43,3613300
VN30,2025-04-23 07:03:00,1305.47,1305.53,1304.57,1304.95,2032500
VN30,2025-04-23 07:04:00,1304.84,1304.98,1304.58,1304.58,1143600
VN30,2025-04-23 07:05:00,1304.72,1304.93,1304.31,1304.44,1447400
VN30,2025-04-23 07:06:00,1304.53,1304.76,1304.27,1304.49,936000
VN30,2025-04-23 07:07:00,1304.57,1304.57,1303.91,1304.15,1378300
VN30,2025-04-23 07:08:00,1303.34,1303.93,1303.34,1303.55,1415200
VN30,2025-04-23 07:09:00,1303.69,1303.69,1302.95,1303.26,2087200
VN30,2025-04-23 07:10:00,1302.99,1303.16,1301.91,1301.96,2440800
VN30,2025-04-23 07:11:00,1302.0,1302.03,1301.38,1301.84,1640400
VN30,2025-04-23 07:12:00,1301.44,1301.46,1299.55,1300.06,2713700
VN30,2025-04-23 07:13:00,1299.89,1300.78,1299.89,1300.26,2233600
VN30,2025-04-23 07:14:00,1300.31,1300.53,1299.66,1300.12,1258400
VN30,2025-04-23 07:15:00,1300.18,1300.21,1299.68,1299.93,1446800
VN30,2025-04-23 07:16:00,1299.64,1300.08,1299.58,1299.58,3068400
VN30,2025-04-23 07:17:00,1299.92,1300.28,1299.91,1300.03,1510900
VN30,2025-04-23 07:18:00,1300.24,1301.18,1300.24,1301.18,1585800
VN30,2025-04-23 07:19:00,1301.52,1302.99,1301.48,1302.36,2263400
VN30,2025-04-23 07:20:00,1303.03,1303.99,1303.03,1303.78,1781600
VN30,2025-04-23 07:21:00,1303.76,1305.18,1303.76,1305.18,2648500
VN30,2025-04-23 07:22:00,1305.48,1306.63,1305.41,1306.63,2308400
VN30,2025-04-23 07:23:00,1306.54,1307.11,1306.26,1306.29,3004600
VN30,2025-04-23 07:24:00,1306.55,1307.44,1305.87,1307.44,2534800
VN30,2025-04-23 07:25:00,1306.38,1307.59,1306.38,1307.48,2537400
VN30,2025-04-23 07:26:00,1307.36,1307.83,1306.74,1307.08,3740400
VN30,2025-04-23 07:27:00,1307.42,1307.42,1305.58,1306.28,3292000
VN30,2025-04-23 07:28:00,1306.29,1306.31,1304.6,1304.6,3006600
VN30,2025-04-23 07:29:00,1305.25,1305.25,1303.1,1303.85,3488200
VN30,2025-04-23 07:45:00,1303.65,1303.65,1303.04,1303.04,24545000
VN30,2025-04-24 02:15:00,1306.43,1306.43,1305.17,1305.22,4023000
VN30,2025-04-24 02:16:00,1305.14,1305.69,1302.63,1304.94,784302
VN30,2025-04-24 02:17:00,1304.98,1304.98,1303.14,1304.48,1123800
VN30,2025-04-24 02:18:00,1304.7,1305.9,1304.22,1305.58,885200
VN30,2025-04-24 02:19:00,1305.42,1305.99,1305.42,1305.91,837000
VN30,2025-04-24 02:20:00,1305.95,1306.15,1305.64,1305.75,1104000
VN30,2025-04-24 02:21:00,1305.77,1306.12,1304.03,1304.57,1286800
VN30,2025-04-24 02:22:00,1304.65,1304.76,1303.81,1303.94,829800
VN30,2025-04-24 02:23:00,1304.47,1305.44,1304.47,1305.28,1019800
VN30,2025-04-24 02:24:00,1305.59,1306.02,1305.23,1306.02,444000
VN30,2025-04-24 02:25:00,1305.7,1306.63,1305.7,1306.54,1208300
VN30,2025-04-24 02:26:00,1306.07,1306.88,1306.07,1306.85,1124401
VN30,2025-04-24 02:27:00,1306.75,1306.79,1306.36,1306.7,932400
VN30,2025-04-24 02:28:00,1307.16,1307.55,1307.16,1307.54,659300
VN30,2025-04-24 02:29:00,1307.63,1307.81,1306.0,1307.38,1155600
VN30,2025-04-24 02:30:00,1307.33,1307.89,1307.21,1307.71,820500
VN30,2025-04-24 02:31:00,1307.47,1307.47,1306.09,1306.45,817000
VN30,2025-04-24 02:32:00,1306.86,1307.07,1305.71,1307.05,708200
VN30,2025-04-24 02:33:00,1307.14,1307.5,1306.43,1306.78,898500
VN30,2025-04-24 02:34:00,1306.92,1307.3,1306.5,1307.3,686300
VN30,2025-04-24 02:35:00,1307.38,1307.93,1307.14,1307.93,864900
VN30,2025-04-24 02:36:00,1307.75,1307.93,1307.55,1307.82,793501
VN30,2025-04-24 02:37:00,1307.83,1308.23,1307.68,1308.07,1043600
VN30,2025-04-24 02:38:00,1308.25,1308.8,1307.93,1308.64,1080900
VN30,2025-04-24 02:39:00,1308.54,1308.91,1307.67,1307.88,1100000
VN30,2025-04-24 02:40:00,1308.26,1309.67,1308.26,1309.67,1788900
VN30,2025-04-24 02:41:00,1308.89,1309.02,1308.07,1308.73,2859600
VN30,2025-04-24 02:42:00,1309.09,1309.98,1309.09,1309.98,1174800
VN30,2025-04-24 02:43:00,1309.58,1309.7,1308.24,1308.24,1075800
VN30,2025-04-24 02:44:00,1308.38,1309.23,1308.38,1308.8,859400
VN30,2025-04-24 02:45:00,1308.88,1309.08,1308.49,1308.82,907700
VN30,2025-04-24 02:46:00,1308.61,1308.7,1308.2,1308.28,782500
VN30,2025-04-24 02:47:00,1308.37,1308.59,1307.68,1308.23,2070700
VN30,2025-04-24 02:48:00,1307.98,1308.32,1307.74,1308.08,821800
VN30,2025-04-24 02:49:00,1308.41,1308.46,1307.76,1308.08,1272600
VN30,2025-04-24 02:50:00,1307.75,1307.79,1305.95,1306.1,3779800
VN30,2025-04-24 02:51:00,1306.45,1306.45,1305.72,1306.41,1121500
VN30,2025-04-24 02:52:00,1306.26,1306.94,1306.25,1306.76,1184200
VN30,2025-04-24 02:53:00,1306.56,1306.96,1306.47,1306.52,960300
VN30,2025-04-24 02:54:00,1306.36,1306.69,1306.21,1306.66,1209300
VN30,2025-04-24 02:55:00,1306.74,1306.96,1306.17,1306.2,1052000
VN30,2025-04-24 02:56:00,1306.15,1306.15,1304.32,1304.68,1838900
VN30,2025-04-24 02:57:00,1305.1,1305.1,1303.69,1304.17,1706000
VN30,2025-04-24 02:58:00,1304.25,1304.35,1304.1,1304.15,693500
VN30,2025-04-24 02:59:00,1304.08,1304.25,1303.9,1304.07,460100
VN30,2025-04-24 03:00:00,1303.99,1304.17,1303.83,1303.84,577600
VN30,2025-04-24 03:01:00,1303.75,1303.98,1303.45,1303.92,836100
VN30,2025-04-24 03:02:00,1303.98,1304.35,1303.78,1304.05,1164300
VN30,2025-04-24 03:03:00,1303.75,1304.24,1303.75,1304.02,1581000
VN30,2025-04-24 03:04:00,1304.22,1304.44,1303.69,1304.36,784700
VN30,2025-04-24 03:05:00,1304.31,1304.31,1303.72,1303.72,808300
VN30,2025-04-24 03:06:00,1303.59,1303.9,1303.35,1303.35,436300
VN30,2025-04-24 03:07:00,1303.21,1303.6,1302.33,1302.76,629201
VN30,2025-04-24 03:08:00,1302.94,1303.35,1302.27,1302.61,789500
VN30,2025-04-24 03:09:00,1302.71,1303.26,1302.69,1303.13,355600
VN30,2025-04-24 03:10:00,1303.13,1303.6,1303.06,1303.19,483700
VN30,2025-04-24 03:11:00,1302.86,1303.65,1302.86,1303.65,385700
VN30,2025-04-24 03:12:00,1303.77,1303.88,1303.52,1303.77,884800
VN30,2025-04-24 03:13:00,1303.92,1304.32,1303.73,1304.32,560100
VN30,2025-04-24 03:14:00,1304.3,1305.09,1304.23,1304.98,483100
VN30,2025-04-24 03:15:00,1305.07,1305.11,1304.25,1304.44,520000
VN30,2025-04-24 03:16:00,1304.72,1304.89,1304.05,1304.05,277300
VN30,2025-04-24 03:17:00,1304.07,1304.34,1304.0,1304.23,336300
VN30,2025-04-24 03:18:00,1304.07,1304.6,1304.04,1304.36,244900
VN30,2025-04-24 03:19:00,1304.26,1304.35,1303.86,1303.88,1920200
VN30,2025-04-24 03:20:00,1304.2,1304.28,1303.82,1304.28,748800
VN30,2025-04-24 03:21:00,1304.01,1304.14,1303.76,1304.14,410200
VN30,2025-04-24 03:22:00,1304.03,1304.51,1303.83,1304.18,698700
VN30,2025-04-24 03:23:00,1304.12,1304.63,1303.64,1303.64,408100
VN30,2025-04-24 03:24:00,1303.92,1303.92,1303.52,1303.75,3082000
VN30,2025-04-24 03:25:00,1303.66,1303.66,1303.0,1303.26,1085100
VN30,2025-04-24 03:26:00,1303.15,1303.67,1303.1,1303.46,1575000
VN30,2025-04-24 03:27:00,1303.21,1303.51,1303.08,1303.21,3180400
VN30,2025-04-24 03:28:00,1303.13,1303.13,1301.63,1301.63,1457200
VN30,2025-04-24 03:29:00,1301.63,1301.67,1300.72,1301.48,2136200
VN30,2025-04-24 03:30:00,1301.32,1301.6,1300.65,1300.65,1107000
VN30,2025-04-24 03:31:00,1300.77,1300.95,1300.17,1300.45,1104800
VN30,2025-04-24 03:32:00,1300.4,1300.46,1299.86,1299.86,695800
VN30,2025-04-24 03:33:00,1299.94,1300.63,1299.94,1300.25,442900
VN30,2025-04-24 03:34:00,1300.05,1300.57,1300.05,1300.2,916000
VN30,2025-04-24 03:35:00,1300.72,1300.75,1299.94,1299.94,743500
VN30,2025-04-24 03:36:00,1300.53,1300.54,1300.08,1300.4,1455600
VN30,2025-04-24 03:37:00,1300.56,1300.67,1300.13,1300.14,790000
VN30,2025-04-24 03:38:00,1300.3,1300.69,1299.88,1300.69,1288400
VN30,2025-04-24 03:39:00,1300.17,1300.49,1299.7,1299.7,1126400
VN30,2025-04-24 03:40:00,1299.82,1300.16,1299.42,1300.16,402000
VN30,2025-04-24 03:41:00,1300.04,1300.04,1299.46,1299.85,397900
VN30,2025-04-24 03:42:00,1299.63,1299.89,1299.52,1299.63,555100
VN30,2025-04-24 03:43:00,1300.11,1300.11,1299.34,1299.34,877700
VN30,2025-04-24 03:44:00,1299.42,1299.53,1299.01,1299.33,641900
VN30,2025-04-24 03:45:00,1299.83,1299.95,1299.07,1299.55,542400
VN30,2025-04-24 03:46:00,1299.42,1299.42,1298.51,1298.51,489700
VN30,2025-04-24 03:47:00,1298.35,1298.91,1298.35,1298.78,548500
VN30,2025-04-24 03:48:00,1298.78,1299.09,1298.08,1298.36,557300
VN30,2025-04-24 03:49:00,1298.15,1298.88,1297.84,1298.88,637700
VN30,2025-04-24 03:50:00,1298.67,1298.72,1298.23,1298.6,422400
VN30,2025-04-24 03:51:00,1298.44,1298.58,1297.96,1298.05,689000
VN30,2025-04-24 03:52:00,1298.19,1298.27,1297.86,1298.25,808100
VN30,2025-04-24 03:53:00,1298.25,1298.36,1297.75,1298.28,736800
VN30,2025-04-24 03:54:00,1297.99,1298.43,1297.8,1297.93,861700
VN30,2025-04-24 03:55:00,1298.0,1298.27,1297.57,1297.68,1088700
VN30,2025-04-24 03:56:00,1297.76,1297.92,1297.5,1297.7,498900
VN30,2025-04-24 03:57:00,1297.57,1298.27,1297.57,1298.08,362100
VN30,2025-04-24 03:58:00,1298.17,1298.17,1297.54,1297.63,432800
VN30,2025-04-24 03:59:00,1297.39,1297.59,1297.21,1297.59,2966800
VN30,2025-04-24 04:00:00,1297.84,1297.84,1297.41,1297.58,969100
VN30,2025-04-24 04:01:00,1297.46,1300.28,1297.37,1299.25,1085100
VN30,2025-04-24 04:02:00,1299.3,1301.22,1299.3,1300.72,676000
VN30,2025-04-24 04:03:00,1300.91,1301.44,1300.62,1301.29,460900
VN30,2025-04-24 04:04:00,1301.32,1301.5,1300.23,1300.23,456900
VN30,2025-04-24 04:05:00,1300.23,1301.1,1300.23,1301.1,677000
VN30,2025-04-24 04:06:00,1300.94,1301.51,1300.84,1301.49,365900
VN30,2025-04-24 04:07:00,1301.35,1302.74,1301.35,1302.33,2175600
VN30,2025-04-24 04:08:00,1302.41,1302.76,1301.86,1301.86,916600
VN30,2025-04-24 04:09:00,1302.2,1302.36,1301.79,1301.79,410500
VN30,2025-04-24 04:10:00,1301.66,1302.36,1301.62,1301.98,351600
VN30,2025-04-24 04:11:00,1301.82,1302.51,1301.66,1302.51,478800
VN30,2025-04-24 04:12:00,1302.52,1303.09,1302.15,1302.34,341000
VN30,2025-04-24 04:13:00,1302.23,1302.42,1301.93,1302.05,450900
VN30,2025-04-24 04:14:00,1302.59,1302.59,1302.08,1302.35,196400
VN30,2025-04-24 04:15:00,1302.35,1303.5,1302.35,1303.45,492400
VN30,2025-04-24 04:16:00,1303.58,1303.58,1302.59,1302.75,425600
VN30,2025-04-24 04:17:00,1302.44,1302.7,1302.02,1302.25,905800
VN30,2025-04-24 04:18:00,1302.25,1302.56,1302.02,1302.41,312000
VN30,2025-04-24 04:19:00,1302.37,1302.56,1301.97,1302.06,228600
VN30,2025-04-24 04:20:00,1302.06,1302.1,1301.77,1302.0,536400
VN30,2025-04-24 04:21:00,1302.16,1303.03,1302.16,1302.88,738700
VN30,2025-04-24 04:22:00,1302.85,1302.96,1302.02,1302.02,266700
VN30,2025-04-24 04:23:00,1301.83,1302.56,1301.47,1302.15,692700
VN30,2025-04-24 04:24:00,1301.99,1302.2,1301.61,1301.61,599800
VN30,2025-04-24 04:25:00,1301.81,1302.58,1301.77,1301.77,336301
VN30,2025-04-24 04:26:00,1302.03,1302.03,1301.52,1301.71,401200
VN30,2025-04-24 04:27:00,1301.71,1302.02,1301.37,1301.5,320200
VN30,2025-04-24 04:28:00,1301.49,1301.98,1301.34,1301.53,526400
VN30,2025-04-24 04:29:00,1301.81,1302.16,1301.43,1301.43,985000
VN30,2025-04-24 04:30:00,1301.72,1301.72,1301.72,1301.72,48000
VN30,2025-04-24 06:00:00,1300.02,1301.21,1299.36,1299.36,6820000
VN30,2025-04-24 06:01:00,1299.69,1299.69,1298.68,1298.68,1661200
VN30,2025-04-24 06:02:00,1298.76,1299.25,1298.75,1299.14,3390500
VN30,2025-04-24 06:03:00,1298.81,1299.23,1298.38,1299.23,4255801
VN30,2025-04-24 06:04:00,1299.55,1299.84,1299.27,1299.73,1915100
VN30,2025-04-24 06:05:00,1299.73,1300.21,1299.47,1300.03,1762700
VN30,2025-04-24 06:06:00,1299.87,1301.44,1299.87,1300.97,2227900
VN30,2025-04-24 06:07:00,1301.29,1302.31,1300.92,1302.0,1617600
VN30,2025-04-24 06:08:00,1301.66,1301.75,1301.06,1301.36,1630901
VN30,2025-04-24 06:09:00,1301.05,1301.49,1301.05,1301.35,1294200
VN30,2025-04-24 06:10:00,1301.46,1302.22,1301.4,1301.75,973000
VN30,2025-04-24 06:11:00,1301.73,1302.13,1301.39,1301.94,599300
VN30,2025-04-24 06:12:00,1301.69,1302.16,1301.51,1302.16,1152801
VN30,2025-04-24 06:13:00,1301.84,1302.44,1301.75,1302.28,931900
VN30,2025-04-24 06:14:00,1302.59,1303.08,1302.33,1302.78,1186100
VN30,2025-04-24 06:15:00,1302.92,1303.49,1302.71,1303.09,1915900
VN30,2025-04-24 06:16:00,1303.29,1303.47,1302.9,1303.24,1035200
VN30,2025-04-24 06:17:00,1303.01,1304.07,1303.01,1303.82,2137800
VN30,2025-04-24 06:18:00,1303.62,1303.95,1303.48,1303.53,1027900
VN30,2025-04-24 06:19:00,1303.9,1304.32,1303.45,1303.99,2091700
VN30,2025-04-24 06:20:00,1303.66,1303.78,1302.75,1302.75,1635700
VN30,2025-04-24 06:21:00,1303.03,1303.48,1302.95,1303.29,1023600
VN30,2025-04-24 06:22:00,1303.25,1303.25,1301.77,1301.77,1214000
VN30,2025-04-24 06:23:00,1302.47,1302.95,1302.47,1302.83,910100
VN30,2025-04-24 06:24:00,1302.61,1302.93,1302.49,1302.93,1668300
VN30,2025-04-24 06:25:00,1302.81,1303.99,1302.6,1303.79,1938700
VN30,2025-04-24 06:26:00,1303.61,1303.94,1301.83,1303.23,1040500
VN30,2025-04-24 06:27:00,1303.03,1304.2,1303.03,1304.2,1158800
VN30,2025-04-24 06:28:00,1304.2,1304.75,1304.2,1304.7,1657000
VN30,2025-04-24 06:29:00,1304.79,1305.22,1304.46,1304.93,827800
VN30,2025-04-24 06:30:00,1304.93,1305.41,1304.4,1305.41,1154600
VN30,2025-04-24 06:31:00,1305.13,1305.65,1305.13,1305.65,788600
VN30,2025-04-24 06:32:00,1305.19,1305.27,1304.09,1305.27,630000
VN30,2025-04-24 06:33:00,1305.4,1305.41,1304.84,1304.84,1627100
VN30,2025-04-24 06:34:00,1305.34,1305.35,1304.9,1305.35,832400
VN30,2025-04-24 06:35:00,1305.21,1305.57,1305.08,1305.55,1531500
VN30,2025-04-24 06:36:00,1305.25,1306.33,1305.2,1305.29,830200
VN30,2025-04-24 06:37:00,1305.07,1306.17,1305.07,1305.46,914400
VN30,2025-04-24 06:38:00,1305.78,1306.22,1305.78,1306.06,1939800
VN30,2025-04-24 06:39:00,1305.89,1306.57,1305.89,1306.05,1524300
VN30,2025-04-24 06:40:00,1306.13,1306.99,1305.98,1306.45,920900
VN30,2025-04-24 06:41:00,1306.66,1306.94,1306.39,1306.94,3556100
VN30,2025-04-24 06:42:00,1306.68,1307.05,1306.38,1307.05,939800
VN30,2025-04-24 06:43:00,1307.14,1307.42,1305.78,1306.08,1313800
VN30,2025-04-24 06:44:00,1306.28,1306.29,1304.78,1305.62,1567600
VN30,2025-04-24 06:45:00,1305.69,1305.8,1305.44,1305.61,2963300
VN30,2025-04-24 06:46:00,1305.51,1305.67,1304.93,1305.51,985400
VN30,2025-04-24 06:47:00,1305.32,1305.89,1305.12,1305.29,765700
VN30,2025-04-24 06:48:00,1305.12,1305.91,1305.12,1305.88,611200
VN30,2025-04-24 06:49:00,1305.44,1306.04,1305.09,1305.29,794800
VN30,2025-04-24 06:50:00,1304.95,1306.02,1304.95,1305.95,654400
VN30,2025-04-24 06:51:00,1305.91,1306.91,1305.91,1306.21,1369700
VN30,2025-04-24 06:52:00,1306.71,1306.79,1306.12,1306.27,1146900
VN30,2025-04-24 06:53:00,1306.21,1306.5,1306.05,1306.39,869300
VN30,2025-04-24 06:54:00,1305.93,1306.47,1305.69,1305.75,682300
VN30,2025-04-24 06:55:00,1306.11,1306.11,1304.45,1305.85,1807100
VN30,2025-04-24 06:56:00,1305.7,1306.35,1305.6,1306.34,1841100
VN30,2025-04-24 06:57:00,1306.01,1306.26,1305.47,1306.18,723900
VN30,2025-04-24 06:58:00,1305.93,1306.12,1305.33,1306.12,793900
VN30,2025-04-24 06:59:00,1305.94,1305.96,1304.48,1305.24,1000800
VN30,2025-04-24 07:00:00,1305.22,1305.78,1305.03,1305.08,623800
VN30,2025-04-24 07:01:00,1305.36,1305.77,1305.26,1305.69,491000
VN30,2025-04-24 07:02:00,1305.56,1306.03,1305.47,1305.77,1656400
VN30,2025-04-24 07:03:00,1305.92,1306.67,1305.69,1306.49,1543300
VN30,2025-04-24 07:04:00,1306.29,1306.68,1306.29,1306.56,1419200
VN30,2025-04-24 07:05:00,1306.95,1307.03,1306.43,1306.63,1363000
VN30,2025-04-24 07:06:00,1306.51,1307.66,1306.51,1307.51,795500
VN30,2025-04-24 07:07:00,1307.6,1308.06,1307.5,1307.61,2157300
VN30,2025-04-24 07:08:00,1307.79,1308.35,1306.87,1307.91,1803100
VN30,2025-04-24 07:09:00,1307.99,1308.8,1307.8,1308.8,2418600
VN30,2025-04-24 07:10:00,1308.65,1309.45,1308.23,1309.17,2168900
VN30,2025-04-24 07:11:00,1309.4,1310.64,1309.4,1310.41,2028400
VN30,2025-04-24 07:12:00,1310.39,1311.09,1310.04,1310.9,1455700
VN30,2025-04-24 07:13:00,1310.91,1311.48,1310.66,1310.66,2410100
VN30,2025-04-24 07:14:00,1310.93,1311.68,1309.61,1309.61,2797500
VN30,2025-04-24 07:15:00,1310.41,1310.48,1308.3,1310.48,2275100
VN30,2025-04-24 07:16:00,1310.56,1310.98,1310.33,1310.64,2162100
VN30,2025-04-24 07:17:00,1310.92,1310.99,1310.46,1310.89,2292100
VN30,2025-04-24 07:18:00,1311.45,1311.54,1310.99,1311.1,1203400
VN30,2025-04-24 07:19:00,1311.24,1311.73,1311.15,1311.39,2044900
VN30,2025-04-24 07:20:00,1311.66,1312.43,1311.66,1312.02,1515700
VN30,2025-04-24 07:21:00,1311.95,1312.65,1311.65,1312.32,2210500
VN30,2025-04-24 07:22:00,1312.76,1313.15,1312.37,1312.87,1518900
VN30,2025-04-24 07:23:00,1313.02,1313.93,1312.81,1313.22,2358300
VN30,2025-04-24 07:24:00,1313.13,1313.59,1312.98,1313.02,3231300
VN30,2025-04-24 07:25:00,1313.1,1313.12,1311.78,1312.13,3766700
VN30,2025-04-24 07:26:00,1311.22,1312.91,1310.37,1311.59,4123700
VN30,2025-04-24 07:27:00,1311.94,1311.94,1309.57,1309.57,4088800
VN30,2025-04-24 07:28:00,1310.86,1310.86,1308.64,1309.2,4184500
VN30,2025-04-24 07:29:00,1310.06,1310.84,1309.71,1310.37,3894900
VN30,2025-04-24 07:30:00,1309.71,1309.71,1309.71,1309.71,128400
VN30,2025-04-24 07:45:00,1309.41,1311.66,1309.41,1311.66,18811300
VN30,2025-04-25 02:15:00,1312.59,1316.44,1312.59,1316.26,6951500
VN30,2025-04-25 02:16:00,1314.82,1315.22,1313.44,1315.07,2072803
VN30,2025-04-25 02:17:00,1315.05,1316.05,1312.75,1316.05,2186000
VN30,2025-04-25 02:18:00,1315.77,1315.77,1313.45,1314.19,2004100
VN30,2025-04-25 02:19:00,1314.62,1316.71,1314.62,1316.45,1295200
VN30,2025-04-25 02:20:00,1316.72,1317.11,1315.19,1316.54,1977300
VN30,2025-04-25 02:21:00,1316.49,1316.84,1315.11,1316.43,1850200
VN30,2025-04-25 02:22:00,1316.15,1316.84,1315.49,1316.33,1832701
VN30,2025-04-25 02:23:00,1316.78,1317.2,1315.35,1316.03,1418000
VN30,2025-04-25 02:24:00,1316.61,1316.73,1315.0,1316.67,1120300
VN30,2025-04-25 02:25:00,1315.54,1316.74,1315.03,1316.67,1248000
VN30,2025-04-25 02:26:00,1317.19,1317.19,1315.24,1316.96,1055000
VN30,2025-04-25 02:27:00,1317.36,1317.78,1315.9,1316.72,1537400
VN30,2025-04-25 02:28:00,1316.89,1316.89,1315.19,1316.7,1102300
VN30,2025-04-25 02:29:00,1316.35,1317.31,1315.21,1316.34,1075100
VN30,2025-04-25 02:30:00,1316.56,1316.93,1315.76,1316.93,620001
VN30,2025-04-25 02:31:00,1316.63,1316.85,1316.24,1316.85,728300
VN30,2025-04-25 02:32:00,1316.6,1317.46,1316.52,1317.46,1410400
VN30,2025-04-25 02:33:00,1317.4,1318.51,1316.68,1318.51,1633100
VN30,2025-04-25 02:34:00,1318.18,1318.66,1316.27,1316.88,1329800
VN30,2025-04-25 02:35:00,1317.63,1318.3,1316.13,1316.13,826900
VN30,2025-04-25 02:36:00,1315.79,1317.31,1315.79,1317.06,979401
VN30,2025-04-25 02:37:00,1316.5,1317.31,1316.13,1316.18,982200
VN30,2025-04-25 02:38:00,1316.29,1316.47,1315.71,1315.79,1021400
VN30,2025-04-25 02:39:00,1315.99,1316.51,1315.49,1315.49,1209800
VN30,2025-04-25 02:40:00,1315.98,1316.19,1315.36,1315.36,1119300
VN30,2025-04-25 02:41:00,1315.22,1315.67,1315.21,1315.27,1165700
VN30,2025-04-25 02:42:00,1315.06,1315.5,1314.96,1314.97,918800
VN30,2025-04-25 02:43:00,1314.84,1315.32,1314.17,1314.53,1009300
VN30,2025-04-25 02:44:00,1314.67,1315.33,1314.64,1315.17,429900
VN30,2025-04-25 02:45:00,1314.84,1315.08,1314.62,1314.84,1029500
VN30,2025-04-25 02:46:00,1314.97,1315.7,1314.86,1315.62,928200
VN30,2025-04-25 02:47:00,1315.81,1316.36,1315.74,1316.36,659500
VN30,2025-04-25 02:48:00,1316.2,1316.2,1315.52,1315.52,659900
VN30,2025-04-25 02:49:00,1315.91,1315.98,1315.37,1315.92,571700
VN30,2025-04-25 02:50:00,1316.16,1316.84,1316.04,1316.24,863900
VN30,2025-04-25 02:51:00,1316.43,1317.49,1316.15,1316.15,1112500
VN30,2025-04-25 02:52:00,1316.41,1317.04,1315.83,1316.18,1138000
VN30,2025-04-25 02:53:00,1316.6,1316.6,1315.61,1315.96,1385500
VN30,2025-04-25 02:54:00,1315.71,1316.05,1314.77,1315.75,897900
VN30,2025-04-25 02:55:00,1315.92,1316.17,1315.6,1315.99,951800
VN30,2025-04-25 02:56:00,1315.88,1316.4,1315.88,1316.26,715800
VN30,2025-04-25 02:57:00,1316.41,1316.52,1314.66,1316.19,559300
VN30,2025-04-25 02:58:00,1316.15,1316.53,1314.57,1315.32,782700
VN30,2025-04-25 02:59:00,1316.01,1316.43,1315.16,1316.02,834900
VN30,2025-04-25 03:00:00,1315.56,1315.89,1314.99,1314.99,626900
VN30,2025-04-25 03:01:00,1315.25,1315.84,1314.74,1315.08,703200
VN30,2025-04-25 03:02:00,1315.01,1315.5,1314.84,1315.05,504500
VN30,2025-04-25 03:03:00,1314.98,1315.31,1314.7,1315.31,651100
VN30,2025-04-25 03:04:00,1315.57,1315.84,1315.11,1315.84,851900
VN30,2025-04-25 03:05:00,1315.8,1315.9,1314.84,1315.2,932200
VN30,2025-04-25 03:06:00,1314.44,1315.05,1313.98,1314.89,541100
VN30,2025-04-25 03:07:00,1315.06,1315.53,1314.89,1315.45,838100
VN30,2025-04-25 03:08:00,1315.12,1315.45,1314.77,1315.22,833100
VN30,2025-04-25 03:09:00,1315.22,1315.59,1314.89,1315.22,1602000
VN30,2025-04-25 03:10:00,1315.17,1315.66,1314.5,1314.5,974900
VN30,2025-04-25 03:11:00,1314.5,1315.35,1314.42,1314.45,1301700
VN30,2025-04-25 03:12:00,1314.47,1314.95,1313.69,1314.38,2600900
VN30,2025-04-25 03:13:00,1314.62,1314.62,1313.07,1313.5,1215800
VN30,2025-04-25 03:14:00,1313.37,1313.87,1312.03,1313.31,1331300
VN30,2025-04-25 03:15:00,1312.55,1313.6,1311.73,1312.27,2010400
VN30,2025-04-25 03:16:00,1312.35,1312.71,1311.65,1311.65,1157100
VN30,2025-04-25 03:17:00,1312.05,1312.71,1311.58,1312.1,2012000
VN30,2025-04-25 03:18:00,1312.53,1312.53,1311.82,1311.85,1544900
VN30,2025-04-25 03:19:00,1312.03,1312.27,1311.69,1311.9,1286900
VN30,2025-04-25 03:20:00,1311.99,1312.29,1311.51,1311.51,1201300
VN30,2025-04-25 03:21:00,1311.81,1311.95,1311.55,1311.68,790800
VN30,2025-04-25 03:22:00,1312.28,1312.28,1311.61,1311.72,746400
VN30,2025-04-25 03:23:00,1311.77,1311.9,1311.36,1311.85,1598700
VN30,2025-04-25 03:24:00,1311.95,1312.06,1311.52,1311.77,1099400
VN30,2025-04-25 03:25:00,1311.69,1312.69,1311.55,1312.2,1186000
VN30,2025-04-25 03:26:00,1311.84,1312.52,1311.56,1312.4,892000
VN30,2025-04-25 03:27:00,1312.24,1312.92,1312.0,1312.71,788000
VN30,2025-04-25 03:28:00,1312.68,1312.83,1312.18,1312.31,1175500
VN30,2025-04-25 03:29:00,1312.22,1312.81,1312.12,1312.14,935200
VN30,2025-04-25 03:30:00,1312.16,1312.86,1312.05,1312.86,1937701
VN30,2025-04-25 03:31:00,1312.93,1312.93,1312.63,1312.74,620300
VN30,2025-04-25 03:32:00,1313.2,1313.51,1312.71,1313.51,722300
VN30,2025-04-25 03:33:00,1313.49,1313.58,1312.95,1313.58,653300
VN30,2025-04-25 03:34:00,1313.71,1313.71,1312.71,1312.99,603600
VN30,2025-04-25 03:35:00,1312.99,1313.41,1312.73,1313.03,1192400
VN30,2025-04-25 03:36:00,1313.01,1313.41,1312.25,1312.25,743700
VN30,2025-04-25 03:37:00,1312.14,1312.38,1311.29,1311.29,1179900
VN30,2025-04-25 03:38:00,1311.35,1311.64,1310.87,1311.19,1315500
VN30,2025-04-25 03:39:00,1311.07,1311.69,1310.88,1311.25,820100
VN30,2025-04-25 03:40:00,1311.43,1311.45,1310.6,1310.6,2812800
VN30,2025-04-25 03:41:00,1310.59,1310.8,1309.95,1310.51,2234900
VN30,2025-04-25 03:42:00,1310.53,1310.72,1309.99,1310.47,1077600
VN30,2025-04-25 03:43:00,1310.13,1310.34,1309.64,1309.74,612800
VN30,2025-04-25 03:44:00,1309.19,1309.38,1308.86,1308.92,1341100
VN30,2025-04-25 03:45:00,1308.56,1308.94,1308.09,1308.09,668900
VN30,2025-04-25 03:46:00,1308.89,1308.89,1308.3,1308.44,1499300
VN30,2025-04-25 03:47:00,1308.24,1308.29,1307.34,1307.93,3866800
VN30,2025-04-25 03:48:00,1307.89,1308.0,1307.14,1307.91,1143000
VN30,2025-04-25 03:49:00,1307.89,1307.93,1307.34,1307.93,3176300
VN30,2025-04-25 03:50:00,1307.25,1308.16,1306.98,1308.16,2526900
VN30,2025-04-25 03:51:00,1307.94,1308.12,1307.4,1307.66,2354500
VN30,2025-04-25 03:52:00,1307.56,1307.87,1307.04,1307.64,985400
VN30,2025-04-25 03:53:00,1307.64,1308.17,1307.24,1307.83,1409100
VN30,2025-04-25 03:54:00,1307.64,1308.23,1307.08,1307.84,749800
VN30,2025-04-25 03:55:00,1307.99,1308.69,1307.92,1307.92,1459300
VN30,2025-04-25 03:56:00,1308.15,1308.15,1307.62,1307.89,859900
VN30,2025-04-25 03:57:00,1307.81,1308.71,1307.81,1307.98,658500
VN30,2025-04-25 03:58:00,1308.42,1308.77,1308.06,1308.08,1366800
VN30,2025-04-25 03:59:00,1308.49,1308.49,1307.77,1307.77,863000
VN30,2025-04-25 04:00:00,1307.49,1308.24,1307.49,1307.63,1007000
VN30,2025-04-25 04:01:00,1307.63,1308.17,1307.46,1308.17,683200
VN30,2025-04-25 04:02:00,1308.09,1308.57,1307.26,1308.07,615800
VN30,2025-04-25 04:03:00,1308.09,1308.38,1307.69,1308.38,540800
VN30,2025-04-25 04:04:00,1308.3,1308.46,1307.68,1307.76,726600
VN30,2025-04-25 04:05:00,1308.07,1308.64,1307.71,1308.18,903900
VN30,2025-04-25 04:06:00,1308.1,1308.36,1307.68,1307.68,751209
VN30,2025-04-25 04:07:00,1307.8,1309.39,1307.4,1308.38,1840500
VN30,2025-04-25 04:08:00,1308.54,1308.63,1307.74,1307.74,959300
VN30,2025-04-25 04:09:00,1307.5,1308.09,1307.5,1308.01,957900
VN30,2025-04-25 04:10:00,1308.0,1308.0,1307.0,1307.32,781100
VN30,2025-04-25 04:11:00,1307.4,1307.58,1306.83,1306.83,1200000
VN30,2025-04-25 04:12:00,1307.16,1308.51,1306.68,1306.68,1116400
VN30,2025-04-25 04:13:00,1306.6,1307.63,1305.97,1306.53,759600
VN30,2025-04-25 04:14:00,1307.72,1307.72,1306.39,1306.51,661400
VN30,2025-04-25 04:15:00,1306.65,1307.02,1306.33,1306.52,1037000
VN30,2025-04-25 04:16:00,1306.46,1306.46,1305.91,1306.1,730400
VN30,2025-04-25 04:17:00,1306.19,1306.58,1305.77,1306.27,803900
VN30,2025-04-25 04:18:00,1305.75,1306.43,1305.16,1305.57,1317200
VN30,2025-04-25 04:19:00,1305.7,1306.62,1304.9,1306.1,1219400
VN30,2025-04-25 04:20:00,1305.66,1305.66,1305.11,1305.53,14908600
VN30,2025-04-25 04:21:00,1305.33,1306.68,1304.77,1305.55,1461600
VN30,2025-04-25 04:22:00,1305.6,1305.9,1305.13,1305.5,3337800
VN30,2025-04-25 04:23:00,1305.34,1305.6,1304.56,1304.61,1169400
VN30,2025-04-25 04:24:00,1305.15,1306.86,1304.76,1305.66,1013000
VN30,2025-04-25 04:25:00,1305.35,1307.44,1305.35,1306.1,832800
VN30,2025-04-25 04:26:00,1306.49,1307.48,1306.1,1306.64,803400
VN30,2025-04-25 04:27:00,1306.89,1308.53,1305.77,1307.05,866000
VN30,2025-04-25 04:28:00,1307.29,1307.43,1306.63,1306.94,1187100
VN30,2025-04-25 04:29:00,1306.97,1306.97,1306.22,1306.83,3502601
VN30,2025-04-25 04:30:00,1306.98,1306.98,1306.98,1306.98,1900
VN30,2025-04-25 06:00:00,1306.02,1307.69,1305.62,1307.54,3502800
VN30,2025-04-25 06:01:00,1306.47,1307.76,1306.01,1306.76,1616800
VN30,2025-04-25 06:02:00,1306.53,1306.53,1304.5,1305.9,1209200
VN30,2025-04-25 06:03:00,1305.24,1307.77,1305.24,1307.19,1142603
VN30,2025-04-25 06:04:00,1306.22,1307.53,1305.64,1306.68,1421300
VN30,2025-04-25 06:05:00,1306.42,1308.39,1305.75,1306.79,1263500
VN30,2025-04-25 06:06:00,1307.33,1308.57,1306.69,1306.83,1049400
VN30,2025-04-25 06:07:00,1306.86,1307.34,1306.66,1307.07,1487400
VN30,2025-04-25 06:08:00,1306.78,1307.46,1306.44,1307.19,1089800
VN30,2025-04-25 06:09:00,1306.69,1308.42,1306.42,1307.38,1109300
VN30,2025-04-25 06:10:00,1307.48,1308.58,1306.57,1307.41,1452000
VN30,2025-04-25 06:11:00,1307.24,1309.16,1306.81,1307.97,1297700
VN30,2025-04-25 06:12:00,1308.06,1309.73,1307.22,1309.73,1727100
VN30,2025-04-25 06:13:00,1308.7,1308.92,1307.89,1308.54,1033000
VN30,2025-04-25 06:14:00,1308.76,1309.18,1308.42,1308.85,1047100
VN30,2025-04-25 06:15:00,1308.72,1309.52,1308.69,1308.88,3886400
VN30,2025-04-25 06:16:00,1309.14,1309.8,1308.83,1309.8,1596800
VN30,2025-04-25 06:17:00,1310.26,1310.26,1308.89,1309.51,878500
VN30,2025-04-25 06:18:00,1309.44,1309.68,1308.89,1309.08,1083300
VN30,2025-04-25 06:19:00,1309.51,1309.51,1308.66,1308.85,1221700
VN30,2025-04-25 06:20:00,1308.45,1309.38,1308.45,1309.11,927600
VN30,2025-04-25 06:21:00,1309.31,1309.9,1308.75,1308.75,2813800
VN30,2025-04-25 06:22:00,1308.87,1310.12,1308.8,1308.96,1035500
VN30,2025-04-25 06:23:00,1309.06,1310.15,1309.06,1309.15,1805700
VN30,2025-04-25 06:24:00,1308.84,1310.2,1308.84,1309.7,1648600
VN30,2025-04-25 06:25:00,1309.92,1309.92,1308.76,1308.76,2435800
VN30,2025-04-25 06:26:00,1308.56,1310.48,1308.56,1309.78,1424500
VN30,2025-04-25 06:27:00,1309.96,1310.68,1309.96,1310.45,3374300
VN30,2025-04-25 06:28:00,1310.13,1310.66,1309.87,1310.26,2825000
VN30,2025-04-25 06:29:00,1310.41,1311.91,1310.41,1311.91,2362900
VN30,2025-04-25 06:30:00,1311.42,1311.97,1311.25,1311.35,1379901
VN30,2025-04-25 06:31:00,1311.59,1311.86,1310.74,1311.83,1631000
VN30,2025-04-25 06:32:00,1311.87,1311.87,1310.98,1311.54,1343300
VN30,2025-04-25 06:33:00,1311.51,1311.57,1310.5,1311.06,1999300
VN30,2025-04-25 06:34:00,1309.93,1310.72,1309.75,1309.75,997100
VN30,2025-04-25 06:35:00,1310.03,1310.33,1309.33,1309.98,1109000
VN30,2025-04-25 06:36:00,1310.05,1310.53,1309.26,1309.57,1079000
VN30,2025-04-25 06:37:00,1309.77,1309.77,1309.06,1309.09,1392000
VN30,2025-04-25 06:38:00,1308.72,1310.57,1308.54,1309.59,1119800
VN30,2025-04-25 06:39:00,1309.1,1310.75,1308.79,1310.75,2112900
VN30,2025-04-25 06:40:00,1309.92,1310.09,1308.97,1309.85,1630000
VN30,2025-04-25 06:41:00,1309.85,1310.29,1309.54,1309.83,885600
VN30,2025-04-25 06:42:00,1309.66,1310.38,1309.38,1310.08,1941000
VN30,2025-04-25 06:43:00,1310.33,1310.96,1310.13,1310.51,1285800
VN30,2025-04-25 06:44:00,1310.09,1311.42,1310.09,1311.42,2063900
VN30,2025-04-25 06:45:00,1311.37,1311.97,1311.02,1311.83,1304200
VN30,2025-04-25 06:46:00,1312.18,1312.62,1312.08,1312.4,1017200
VN30,2025-04-25 06:47:00,1312.54,1312.92,1312.28,1312.92,1272600
VN30,2025-04-25 06:48:00,1312.74,1313.29,1312.21,1313.29,2005500
VN30,2025-04-25 06:49:00,1312.66,1313.6,1312.66,1313.45,1306600
VN30,2025-04-25 06:50:00,1313.55,1313.81,1312.7,1312.7,1459300
VN30,2025-04-25 06:51:00,1313.18,1313.57,1312.66,1312.96,1079800
VN30,2025-04-25 06:52:00,1312.78,1313.03,1312.24,1312.24,1234200
VN30,2025-04-25 06:53:00,1312.82,1312.92,1312.43,1312.92,876600
VN30,2025-04-25 06:54:00,1312.62,1312.66,1311.78,1312.58,898800
VN30,2025-04-25 06:55:00,1312.24,1312.26,1311.43,1311.43,1248200
VN30,2025-04-25 06:56:00,1311.62,1312.35,1311.02,1311.02,1033500
VN30,2025-04-25 06:57:00,1311.7,1311.7,1310.89,1311.45,942900
VN30,2025-04-25 06:58:00,1310.89,1311.39,1310.38,1311.03,1222500
VN30,2025-04-25 06:59:00,1310.18,1310.63,1309.74,1310.1,1505700
VN30,2025-04-25 07:00:00,1310.19,1310.54,1309.67,1310.34,1339300
VN30,2025-04-25 07:01:00,1309.82,1310.88,1309.82,1310.28,817400
VN30,2025-04-25 07:02:00,1310.37,1310.42,1309.32,1309.64,1453200
VN30,2025-04-25 07:03:00,1310.12,1310.22,1309.15,1309.74,1467000
VN30,2025-04-25 07:04:00,1309.58,1309.58,1308.59,1308.59,1518900
VN30,2025-04-25 07:05:00,1308.64,1308.94,1308.3,1308.61,1307100
VN30,2025-04-25 07:06:00,1308.98,1309.46,1308.82,1309.04,1452300
VN30,2025-04-25 07:07:00,1308.91,1310.12,1308.91,1309.3,1405600
VN30,2025-04-25 07:08:00,1309.86,1309.89,1309.32,1309.81,1050800
VN30,2025-04-25 07:09:00,1309.79,1310.46,1309.79,1310.23,830701
VN30,2025-04-25 07:10:00,1310.46,1310.8,1310.25,1310.54,744700
VN30,2025-04-25 07:11:00,1310.27,1310.71,1310.22,1310.63,811900
VN30,2025-04-25 07:12:00,1310.58,1311.17,1310.17,1310.48,964001
VN30,2025-04-25 07:13:00,1310.33,1311.47,1310.33,1310.96,3102900
VN30,2025-04-25 07:14:00,1311.05,1311.75,1311.05,1311.59,2638200
VN30,2025-04-25 07:15:00,1311.61,1312.53,1311.61,1312.17,2499300
VN30,2025-04-25 07:16:00,1312.22,1312.22,1311.24,1311.68,1068300
VN30,2025-04-25 07:17:00,1311.74,1311.89,1310.66,1311.08,1693100
VN30,2025-04-25 07:18:00,1310.84,1310.84,1309.81,1310.43,3816000
VN30,2025-04-25 07:19:00,1310.63,1311.18,1309.97,1310.92,1532000
VN30,2025-04-25 07:20:00,1310.72,1312.44,1310.72,1312.44,4671500
VN30,2025-04-25 07:21:00,1312.37,1313.22,1312.14,1313.02,2257500
VN30,2025-04-25 07:22:00,1312.82,1313.81,1312.82,1313.62,2037700
VN30,2025-04-25 07:23:00,1313.63,1314.58,1313.44,1314.48,2480800
VN30,2025-04-25 07:24:00,1314.56,1317.33,1314.56,1317.33,4239700
VN30,2025-04-25 07:25:00,1317.3,1317.82,1315.06,1316.86,6668400
VN30,2025-04-25 07:26:00,1315.37,1317.45,1314.71,1314.71,7047400
VN30,2025-04-25 07:27:00,1315.25,1315.25,1312.74,1315.04,6440800
VN30,2025-04-25 07:28:00,1312.48,1315.35,1312.48,1312.95,5487400
VN30,2025-04-25 07:29:00,1312.77,1314.29,1311.57,1314.29,4587400
VN30,2025-04-25 07:30:00,1314.6,1314.6,1314.6,1314.6,101900
VN30,2025-04-25 07:45:00,1311.98,1317.18,1311.98,1317.18,75611100
VN30,2025-04-28 02:15:00,1318.09,1321.38,1316.83,1317.46,4036000
VN30,2025-04-28 02:16:00,1317.85,1318.09,1316.09,1316.09,964904
VN30,2025-04-28 02:17:00,1317.27,1318.2,1317.15,1318.2,1054700
VN30,2025-04-28 02:18:00,1318.28,1318.74,1317.36,1317.39,1065800
VN30,2025-04-28 02:19:00,1318.07,1318.45,1316.94,1317.43,807500
VN30,2025-04-28 02:20:00,1318.12,1318.64,1317.02,1317.8,923900
VN30,2025-04-28 02:21:00,1317.65,1317.75,1316.19,1316.22,1422300
VN30,2025-04-28 02:22:00,1316.03,1316.68,1315.0,1316.08,1092700
VN30,2025-04-28 02:23:00,1315.77,1316.11,1315.16,1315.16,1245400
VN30,2025-04-28 02:24:00,1315.32,1315.56,1313.44,1313.57,1647100
VN30,2025-04-28 02:25:00,1313.67,1314.13,1313.63,1313.63,1322000
VN30,2025-04-28 02:26:00,1313.48,1313.48,1311.29,1312.09,773600
VN30,2025-04-28 02:27:00,1312.15,1312.39,1311.97,1312.06,943900
VN30,2025-04-28 02:28:00,1312.27,1312.27,1311.03,1311.64,810800
VN30,2025-04-28 02:29:00,1312.04,1312.75,1310.59,1312.75,646700
VN30,2025-04-28 02:30:00,1312.6,1313.65,1312.6,1313.04,540900
VN30,2025-04-28 02:31:00,1313.41,1314.32,1313.37,1314.32,732200
VN30,2025-04-28 02:32:00,1313.86,1314.76,1313.24,1314.76,960900
VN30,2025-04-28 02:33:00,1314.94,1315.05,1314.01,1314.77,814100
VN30,2025-04-28 02:34:00,1314.79,1315.02,1314.55,1314.55,1040900
VN30,2025-04-28 02:35:00,1314.19,1314.68,1314.05,1314.68,565700
VN30,2025-04-28 02:36:00,1314.6,1314.6,1313.63,1313.88,1176900
VN30,2025-04-28 02:37:00,1314.13,1314.32,1313.58,1313.77,1340700
VN30,2025-04-28 02:38:00,1313.89,1313.89,1313.31,1313.31,557800
VN30,2025-04-28 02:39:00,1313.37,1313.37,1312.81,1313.36,363500
VN30,2025-04-28 02:40:00,1313.07,1313.07,1312.58,1312.64,739400
VN30,2025-04-28 02:41:00,1312.33,1313.55,1312.33,1312.82,1210600
VN30,2025-04-28 02:42:00,1312.79,1313.3,1312.58,1312.94,318500
VN30,2025-04-28 02:43:00,1312.94,1313.57,1312.79,1313.26,419900
VN30,2025-04-28 02:44:00,1313.16,1313.8,1313.16,1313.25,267100
VN30,2025-04-28 02:45:00,1313.09,1314.02,1313.09,1313.63,1614301
VN30,2025-04-28 02:46:00,1313.65,1314.22,1313.5,1313.52,598500
VN30,2025-04-28 02:47:00,1313.64,1313.81,1312.8,1312.95,592900
VN30,2025-04-28 02:48:00,1312.79,1312.79,1311.62,1311.62,742700
VN30,2025-04-28 02:49:00,1311.4,1311.7,1311.4,1311.7,453900
VN30,2025-04-28 02:50:00,1311.89,1312.25,1311.34,1311.76,463100
VN30,2025-04-28 02:51:00,1311.9,1312.54,1311.9,1312.19,730700
VN30,2025-04-28 02:52:00,1312.37,1312.5,1312.17,1312.19,285700
VN30,2025-04-28 02:53:00,1312.41,1312.84,1312.26,1312.5,441900
VN30,2025-04-28 02:54:00,1312.52,1312.87,1312.24,1312.74,666500
VN30,2025-04-28 02:55:00,1312.74,1312.93,1312.43,1312.93,494800
VN30,2025-04-28 02:56:00,1312.88,1312.88,1312.17,1312.54,362900
VN30,2025-04-28 02:57:00,1312.4,1312.4,1311.82,1311.84,315400
VN30,2025-04-28 02:58:00,1311.96,1312.45,1311.64,1312.12,445600
VN30,2025-04-28 02:59:00,1311.92,1312.41,1311.68,1311.81,412400
VN30,2025-04-28 03:00:00,1312.17,1312.5,1312.1,1312.3,293500
VN30,2025-04-28 03:01:00,1312.05,1312.72,1311.89,1312.37,246300
VN30,2025-04-28 03:02:00,1311.98,1312.6,1311.9,1311.9,252400
VN30,2025-04-28 03:03:00,1312.47,1312.47,1311.74,1311.74,743000
VN30,2025-04-28 03:04:00,1312.05,1312.05,1311.12,1311.51,1133300
VN30,2025-04-28 03:05:00,1311.22,1311.77,1310.84,1310.84,710101
VN30,2025-04-28 03:06:00,1311.11,1311.27,1310.47,1310.89,484300
VN30,2025-04-28 03:07:00,1310.72,1310.85,1310.42,1310.73,550000
VN30,2025-04-28 03:08:00,1310.53,1310.88,1310.26,1310.6,1883300
VN30,2025-04-28 03:09:00,1310.87,1310.95,1310.14,1310.87,488200
VN30,2025-04-28 03:10:00,1310.76,1311.56,1310.57,1311.2,1378100
VN30,2025-04-28 03:11:00,1311.53,1311.88,1310.91,1311.04,426600
VN30,2025-04-28 03:12:00,1311.03,1311.33,1310.65,1310.65,520700
VN30,2025-04-28 03:13:00,1310.77,1311.57,1310.77,1311.4,513900
VN30,2025-04-28 03:14:00,1311.4,1311.64,1311.09,1311.19,437500
VN30,2025-04-28 03:15:00,1311.09,1311.54,1311.03,1311.29,632800
VN30,2025-04-28 03:16:00,1311.09,1311.47,1310.8,1310.8,2009900
VN30,2025-04-28 03:17:00,1310.91,1311.5,1310.81,1311.36,733700
VN30,2025-04-28 03:18:00,1311.44,1311.48,1310.87,1311.3,826200
VN30,2025-04-28 03:19:00,1311.31,1311.59,1311.08,1311.33,180000
VN30,2025-04-28 03:20:00,1311.43,1311.94,1311.36,1311.66,678000
VN30,2025-04-28 03:21:00,1311.55,1311.94,1311.37,1311.57,388100
VN30,2025-04-28 03:22:00,1311.29,1311.75,1311.16,1311.35,798600
VN30,2025-04-28 03:23:00,1311.51,1311.7,1311.18,1311.23,579100
VN30,2025-04-28 03:24:00,1311.86,1311.86,1311.11,1311.35,658600
VN30,2025-04-28 03:25:00,1311.11,1311.58,1311.11,1311.24,495900
VN30,2025-04-28 03:26:00,1311.38,1311.76,1310.99,1311.18,332300
VN30,2025-04-28 03:27:00,1311.07,1311.5,1310.91,1310.93,479000
VN30,2025-04-28 03:28:00,1310.72,1311.35,1310.72,1310.87,254900
VN30,2025-04-28 03:29:00,1311.03,1311.45,1310.72,1311.38,387600
VN30,2025-04-28 03:30:00,1311.16,1311.73,1311.05,1311.15,648800
VN30,2025-04-28 03:31:00,1311.11,1311.65,1310.68,1311.32,763400
VN30,2025-04-28 03:32:00,1311.03,1311.75,1310.92,1311.75,298500
VN30,2025-04-28 03:33:00,1311.86,1311.89,1311.31,1311.89,334000
VN30,2025-04-28 03:34:00,1312.06,1312.09,1311.4,1311.71,214900
VN30,2025-04-28 03:35:00,1311.35,1311.76,1311.32,1311.69,320300
VN30,2025-04-28 03:36:00,1311.87,1311.87,1311.12,1311.59,238500
VN30,2025-04-28 03:37:00,1311.14,1311.84,1311.14,1311.58,433800
VN30,2025-04-28 03:38:00,1311.82,1312.2,1311.6,1312.0,768800
VN30,2025-04-28 03:39:00,1311.75,1312.52,1311.55,1312.52,488800
VN30,2025-04-28 03:40:00,1312.59,1312.59,1312.2,1312.2,442900
VN30,2025-04-28 03:41:00,1312.23,1312.23,1311.42,1311.69,847500
VN30,2025-04-28 03:42:00,1311.84,1312.15,1311.32,1311.9,530100
VN30,2025-04-28 03:43:00,1311.38,1312.15,1311.0,1311.63,340000
VN30,2025-04-28 03:44:00,1310.96,1311.89,1310.75,1311.4,479100
VN30,2025-04-28 03:45:00,1311.32,1311.57,1310.65,1310.81,519400
VN30,2025-04-28 03:46:00,1310.89,1310.89,1310.34,1310.34,381000
VN30,2025-04-28 03:47:00,1310.33,1310.53,1309.91,1309.94,438400
VN30,2025-04-28 03:48:00,1310.37,1310.37,1309.95,1310.25,265800
VN30,2025-04-28 03:49:00,1310.26,1310.49,1309.98,1310.49,533700
VN30,2025-04-28 03:50:00,1310.31,1310.46,1309.03,1309.03,1817300
VN30,2025-04-28 03:51:00,1309.57,1309.82,1309.37,1309.56,584500
VN30,2025-04-28 03:52:00,1309.81,1309.97,1308.65,1308.65,1038800
VN30,2025-04-28 03:53:00,1308.53,1308.83,1307.98,1308.75,808000
VN30,2025-04-28 03:54:00,1308.34,1308.46,1307.52,1308.09,2310300
VN30,2025-04-28 03:55:00,1308.08,1308.56,1307.73,1307.81,1135500
VN30,2025-04-28 03:56:00,1308.01,1308.01,1307.5,1307.53,558600
VN30,2025-04-28 03:57:00,1307.63,1308.07,1307.37,1307.53,465700
VN30,2025-04-28 03:58:00,1307.4,1307.81,1307.27,1307.45,290700
VN30,2025-04-28 03:59:00,1307.55,1307.55,1307.01,1307.2,909700
VN30,2025-04-28 04:00:00,1307.07,1307.08,1306.09,1306.41,845200
VN30,2025-04-28 04:01:00,1306.41,1306.41,1305.74,1305.74,666000
VN30,2025-04-28 04:02:00,1306.19,1306.34,1305.51,1306.21,1083600
VN30,2025-04-28 04:03:00,1306.38,1307.62,1306.38,1306.95,1546600
VN30,2025-04-28 04:04:00,1307.04,1307.48,1306.9,1307.13,586201
VN30,2025-04-28 04:05:00,1306.99,1307.3,1306.88,1307.15,598800
VN30,2025-04-28 04:06:00,1307.71,1307.95,1306.9,1307.02,904700
VN30,2025-04-28 04:07:00,1307.1,1307.22,1306.53,1307.02,2305200
VN30,2025-04-28 04:08:00,1306.7,1307.15,1306.7,1306.97,635600
VN30,2025-04-28 04:09:00,1307.15,1307.67,1306.89,1307.46,351400
VN30,2025-04-28 04:10:00,1307.08,1307.6,1306.97,1307.28,439400
VN30,2025-04-28 04:11:00,1307.14,1307.92,1307.14,1307.71,522400
VN30,2025-04-28 04:12:00,1307.6,1307.77,1307.07,1307.42,565600
VN30,2025-04-28 04:13:00,1307.58,1307.58,1306.83,1307.38,283500
VN30,2025-04-28 04:14:00,1307.67,1308.26,1307.32,1307.38,401000
VN30,2025-04-28 04:15:00,1307.51,1308.25,1307.5,1307.97,366600
VN30,2025-04-28 04:16:00,1308.38,1308.54,1307.82,1308.49,204800
VN30,2025-04-28 04:17:00,1308.42,1308.72,1308.18,1308.26,316900
VN30,2025-04-28 04:18:00,1308.16,1308.69,1308.02,1308.53,283600
VN30,2025-04-28 04:19:00,1308.64,1308.71,1308.29,1308.71,553900
VN30,2025-04-28 04:20:00,1308.68,1308.81,1308.39,1308.39,516600
VN30,2025-04-28 04:21:00,1308.54,1309.11,1308.38,1309.11,268200
VN30,2025-04-28 04:22:00,1309.06,1309.42,1308.76,1309.42,383100
VN30,2025-04-28 04:23:00,1309.38,1309.38,1308.79,1309.32,311200
VN30,2025-04-28 04:24:00,1309.32,1309.44,1308.94,1309.05,189600
VN30,2025-04-28 04:25:00,1308.94,1309.6,1308.94,1309.48,219700
VN30,2025-04-28 04:26:00,1309.35,1309.82,1309.02,1309.36,212400
VN30,2025-04-28 04:27:00,1309.48,1309.48,1308.97,1309.19,281400
VN30,2025-04-28 04:28:00,1309.26,1309.41,1308.85,1308.85,1194400
VN30,2025-04-28 04:29:00,1308.69,1309.72,1308.68,1309.37,268700
VN30,2025-04-28 04:30:00,1309.36,1309.36,1309.36,1309.36,84600
VN30,2025-04-28 06:00:00,1308.85,1308.99,1307.41,1307.41,2307800
VN30,2025-04-28 06:01:00,1307.61,1307.76,1307.26,1307.5,460800
VN30,2025-04-28 06:02:00,1307.38,1307.71,1307.17,1307.6,588600
VN30,2025-04-28 06:03:00,1307.47,1307.84,1307.22,1307.56,682501
VN30,2025-04-28 06:04:00,1307.6,1308.15,1307.6,1308.15,576000
VN30,2025-04-28 06:05:00,1308.17,1308.43,1307.8,1308.15,1018900
VN30,2025-04-28 06:06:00,1309.51,1309.51,1308.73,1308.97,729800
VN30,2025-04-28 06:07:00,1308.98,1309.29,1308.95,1309.28,568200
VN30,2025-04-28 06:08:00,1309.03,1309.69,1308.91,1309.59,816300
VN30,2025-04-28 06:09:00,1309.72,1310.74,1309.59,1310.61,713800
VN30,2025-04-28 06:10:00,1310.33,1310.83,1310.04,1310.73,1985300
VN30,2025-04-28 06:11:00,1310.75,1311.5,1310.75,1311.5,1347300
VN30,2025-04-28 06:12:00,1310.96,1311.14,1310.52,1310.54,993400
VN30,2025-04-28 06:13:00,1310.32,1310.53,1309.79,1309.98,625400
VN30,2025-04-28 06:14:00,1310.31,1310.92,1310.09,1310.33,442900
VN30,2025-04-28 06:15:00,1310.32,1311.23,1310.32,1310.63,747800
VN30,2025-04-28 06:16:00,1310.68,1311.28,1310.67,1311.24,690000
VN30,2025-04-28 06:17:00,1311.74,1312.01,1311.16,1311.74,1812867
VN30,2025-04-28 06:18:00,1311.25,1312.48,1311.21,1312.48,983700
VN30,2025-04-28 06:19:00,1312.8,1312.91,1312.26,1312.76,5036827
VN30,2025-04-28 06:20:00,1312.05,1312.23,1311.55,1312.23,4582201
VN30,2025-04-28 06:21:00,1312.24,1312.24,1310.85,1310.96,3153967
VN30,2025-04-28 06:22:00,1310.89,1310.9,1310.4,1310.4,5430267
VN30,2025-04-28 06:23:00,1309.63,1310.67,1309.54,1310.64,1704000
VN30,2025-04-28 06:24:00,1310.62,1310.62,1309.14,1309.91,989900
VN30,2025-04-28 06:25:00,1310.09,1310.15,1309.51,1309.51,1279800
VN30,2025-04-28 06:26:00,1310.06,1310.06,1309.47,1309.51,873600
VN30,2025-04-28 06:27:00,1309.7,1310.2,1309.38,1310.03,1937400
VN30,2025-04-28 06:28:00,1310.18,1310.83,1309.75,1310.3,15413303
VN30,2025-04-28 06:29:00,1310.47,1311.43,1310.45,1310.67,1175000
VN30,2025-04-28 06:30:00,1311.36,1311.78,1311.0,1311.78,676200
VN30,2025-04-28 06:31:00,1311.54,1311.87,1311.54,1311.65,917200
VN30,2025-04-28 06:32:00,1311.39,1311.98,1311.38,1311.38,785600
VN30,2025-04-28 06:33:00,1311.78,1312.72,1311.78,1312.15,1102800
VN30,2025-04-28 06:34:00,1312.05,1312.98,1311.99,1312.98,1112400
VN30,2025-04-28 06:35:00,1313.05,1313.18,1312.57,1313.18,1376500
VN30,2025-04-28 06:36:00,1313.14,1313.39,1312.29,1312.91,1136900
VN30,2025-04-28 06:37:00,1313.22,1313.73,1312.12,1312.77,7073900
VN30,2025-04-28 06:38:00,1312.66,1313.37,1312.62,1313.33,668900
VN30,2025-04-28 06:39:00,1313.32,1313.48,1312.55,1313.36,3693400
VN30,2025-04-28 06:40:00,1313.4,1314.21,1312.99,1314.21,852000
VN30,2025-04-28 06:41:00,1314.2,1314.56,1313.79,1313.79,1220500
VN30,2025-04-28 06:42:00,1314.2,1314.35,1313.95,1314.34,553500
VN30,2025-04-28 06:43:00,1314.18,1314.52,1313.53,1313.53,504200
VN30,2025-04-28 06:44:00,1313.35,1314.11,1313.35,1313.58,923100
VN30,2025-04-28 06:45:00,1314.04,1314.04,1313.44,1313.65,766600
VN30,2025-04-28 06:46:00,1313.43,1313.9,1312.98,1312.98,839300
VN30,2025-04-28 06:47:00,1313.33,1314.55,1313.33,1314.3,786700
VN30,2025-04-28 06:48:00,1314.32,1314.39,1313.89,1314.05,819900
VN30,2025-04-28 06:49:00,1313.93,1314.47,1313.93,1314.39,525400
VN30,2025-04-28 06:50:00,1314.38,1314.52,1313.64,1313.68,696200
VN30,2025-04-28 06:51:00,1313.88,1314.49,1313.81,1314.28,573600
VN30,2025-04-28 06:52:00,1313.83,1314.26,1313.83,1314.13,767600
VN30,2025-04-28 06:53:00,1314.05,1314.7,1314.05,1314.38,1670100
VN30,2025-04-28 06:54:00,1314.22,1314.88,1314.22,1314.36,1206900
VN30,2025-04-28 06:55:00,1315.02,1315.18,1314.77,1315.08,4410800
VN30,2025-04-28 06:56:00,1315.13,1315.19,1313.84,1314.35,1447700
VN30,2025-04-28 06:57:00,1314.72,1314.89,1313.9,1313.9,1671800
VN30,2025-04-28 06:58:00,1314.27,1314.82,1313.97,1314.82,476900
VN30,2025-04-28 06:59:00,1314.74,1314.86,1314.21,1314.41,1486200
VN30,2025-04-28 07:00:00,1315.01,1315.01,1313.95,1314.4,960100
VN30,2025-04-28 07:01:00,1314.36,1315.0,1314.24,1314.83,929100
VN30,2025-04-28 07:02:00,1314.95,1315.08,1314.28,1314.56,1551200
VN30,2025-04-28 07:03:00,1314.74,1314.74,1314.04,1314.5,1301400
VN30,2025-04-28 07:04:00,1314.24,1314.58,1313.92,1314.15,1466800
VN30,2025-04-28 07:05:00,1313.7,1313.7,1312.79,1313.4,1638200
VN30,2025-04-28 07:06:00,1313.13,1313.13,1312.25,1312.68,677800
VN30,2025-04-28 07:07:00,1312.64,1312.64,1310.92,1310.95,2580200
VN30,2025-04-28 07:08:00,1310.86,1310.86,1309.73,1309.73,2138200
VN30,2025-04-28 07:09:00,1310.01,1310.12,1308.98,1309.19,2019100
VN30,2025-04-28 07:10:00,1309.22,1309.22,1308.43,1308.7,1144500
VN30,2025-04-28 07:11:00,1308.57,1309.22,1308.4,1308.81,2561900
VN30,2025-04-28 07:12:00,1308.86,1309.01,1308.29,1308.57,1327900
VN30,2025-04-28 07:13:00,1308.46,1309.87,1308.34,1309.36,983200
VN30,2025-04-28 07:14:00,1309.14,1310.42,1309.04,1309.85,876600
VN30,2025-04-28 07:15:00,1310.5,1310.68,1309.82,1310.68,882700
VN30,2025-04-28 07:16:00,1310.52,1310.59,1310.24,1310.51,832500
VN30,2025-04-28 07:17:00,1310.25,1310.66,1310.09,1310.66,625900
VN30,2025-04-28 07:18:00,1310.51,1311.21,1310.32,1311.21,626700
VN30,2025-04-28 07:19:00,1311.32,1311.78,1310.88,1310.88,858100
VN30,2025-04-28 07:20:00,1311.38,1312.39,1311.23,1311.58,1532000
VN30,2025-04-28 07:21:00,1311.84,1312.68,1311.84,1312.55,2347800
VN30,2025-04-28 07:22:00,1311.87,1313.82,1311.87,1313.8,3557500
VN30,2025-04-28 07:23:00,1313.68,1314.21,1313.21,1314.15,2841800
VN30,2025-04-28 07:24:00,1313.48,1314.37,1313.16,1313.38,3267500
VN30,2025-04-28 07:25:00,1313.94,1313.94,1312.81,1313.28,2309300
VN30,2025-04-28 07:26:00,1313.66,1313.66,1312.73,1312.98,1617000
VN30,2025-04-28 07:27:00,1312.38,1313.04,1312.29,1312.4,2331700
VN30,2025-04-28 07:28:00,1312.69,1313.34,1312.41,1313.34,2407500
VN30,2025-04-28 07:29:00,1313.33,1313.33,1311.65,1312.02,1627800
VN30,2025-04-28 07:30:00,1311.85,1311.85,1311.85,1311.85,35300
VN30,2025-04-28 07:45:00,1311.71,1312.32,1311.71,1312.32,20719700
VN30,2025-04-29 02:15:00,1310.4,1310.82,1309.55,1310.65,3697700
VN30,2025-04-29 02:16:00,1310.46,1310.46,1308.81,1309.04,3673602
VN30,2025-04-29 02:17:00,1308.75,1309.36,1307.07,1307.54,1075400
VN30,2025-04-29 02:18:00,1307.48,1309.0,1307.22,1307.73,982000
VN30,2025-04-29 02:19:00,1307.33,1309.54,1307.33,1309.54,1597800
VN30,2025-04-29 02:20:00,1309.23,1309.23,1307.25,1307.43,940900
VN30,2025-04-29 02:21:00,1307.41,1308.98,1307.16,1308.39,909600
VN30,2025-04-29 02:22:00,1308.12,1309.82,1307.83,1309.07,537800
VN30,2025-04-29 02:23:00,1309.15,1309.74,1308.48,1309.3,512700
VN30,2025-04-29 02:24:00,1309.18,1309.18,1307.32,1307.32,635700
VN30,2025-04-29 02:25:00,1307.46,1309.12,1307.31,1307.8,808800
VN30,2025-04-29 02:26:00,1308.1,1308.1,1306.73,1306.96,1138700
VN30,2025-04-29 02:27:00,1305.71,1307.3,1305.49,1306.65,1130300
VN30,2025-04-29 02:28:00,1306.46,1306.71,1305.84,1306.66,1211800
VN30,2025-04-29 02:29:00,1306.33,1306.33,1304.9,1304.9,771200
VN30,2025-04-29 02:30:00,1305.95,1306.43,1304.74,1305.83,828400
VN30,2025-04-29 02:31:00,1305.45,1306.39,1305.33,1306.35,971400
VN30,2025-04-29 02:32:00,1306.21,1307.55,1306.05,1307.55,897000
VN30,2025-04-29 02:33:00,1308.02,1309.22,1307.76,1308.32,668900
VN30,2025-04-29 02:34:00,1308.83,1308.83,1307.12,1307.22,1113600
VN30,2025-04-29 02:35:00,1307.66,1308.16,1307.49,1308.03,840400
VN30,2025-04-29 02:36:00,1308.35,1308.96,1308.35,1308.75,439400
VN30,2025-04-29 02:37:00,1308.66,1309.31,1308.62,1309.01,475000
VN30,2025-04-29 02:38:00,1308.7,1308.7,1308.2,1308.38,486400
VN30,2025-04-29 02:39:00,1308.47,1309.04,1308.47,1309.04,233700
VN30,2025-04-29 02:40:00,1309.2,1309.63,1308.94,1308.94,860100
VN30,2025-04-29 02:41:00,1309.13,1309.13,1308.57,1308.76,512900
VN30,2025-04-29 02:42:00,1309.06,1309.06,1308.41,1308.41,447100
VN30,2025-04-29 02:43:00,1308.63,1308.83,1307.94,1307.94,1047200
VN30,2025-04-29 02:44:00,1307.89,1308.0,1306.7,1306.7,303400
VN30,2025-04-29 02:45:00,1306.69,1307.32,1306.69,1307.07,405200
VN30,2025-04-29 02:46:00,1307.03,1307.27,1306.33,1306.72,617100
VN30,2025-04-29 02:47:00,1306.95,1307.92,1306.95,1307.8,600000
VN30,2025-04-29 02:48:00,1307.42,1308.06,1307.42,1308.06,574700
VN30,2025-04-29 02:49:00,1308.15,1308.6,1307.52,1308.6,300300
VN30,2025-04-29 02:50:00,1308.34,1308.34,1306.99,1308.04,695400
VN30,2025-04-29 02:51:00,1307.71,1308.27,1307.71,1307.79,1293900
VN30,2025-04-29 02:52:00,1307.72,1308.47,1307.72,1308.47,960800
VN30,2025-04-29 02:53:00,1308.47,1309.3,1308.42,1308.61,1051900
VN30,2025-04-29 02:54:00,1308.62,1309.39,1308.36,1308.36,917100
VN30,2025-04-29 02:55:00,1308.74,1309.65,1308.74,1309.49,524600
VN30,2025-04-29 02:56:00,1309.62,1309.8,1309.5,1309.5,474800
VN30,2025-04-29 02:57:00,1309.54,1310.06,1309.54,1309.57,326100
VN30,2025-04-29 02:58:00,1309.16,1309.96,1309.16,1309.96,519800
VN30,2025-04-29 02:59:00,1309.78,1309.89,1309.47,1309.78,4474300
VN30,2025-04-29 03:00:00,1309.93,1310.68,1309.77,1310.68,1486900
VN30,2025-04-29 03:01:00,1310.68,1310.84,1310.36,1310.84,1902700
VN30,2025-04-29 03:02:00,1311.0,1311.82,1311.0,1311.74,781700
VN30,2025-04-29 03:03:00,1311.67,1311.8,1310.92,1310.92,1137400
VN30,2025-04-29 03:04:00,1311.03,1311.07,1310.3,1310.53,911100
VN30,2025-04-29 03:05:00,1310.16,1310.52,1310.16,1310.44,1812600
VN30,2025-04-29 03:06:00,1310.48,1310.62,1309.77,1309.87,817600
VN30,2025-04-29 03:07:00,1309.86,1310.03,1309.37,1309.37,1449800
VN30,2025-04-29 03:08:00,1309.49,1310.66,1309.23,1310.23,823400
VN30,2025-04-29 03:09:00,1310.2,1311.34,1310.2,1310.9,1087902
VN30,2025-04-29 03:10:00,1310.93,1311.28,1310.58,1310.58,413701
VN30,2025-04-29 03:11:00,1310.91,1311.21,1310.44,1310.93,977400
VN30,2025-04-29 03:12:00,1310.8,1311.38,1310.58,1311.12,518200
VN30,2025-04-29 03:13:00,1311.29,1311.29,1310.7,1310.7,361800
VN30,2025-04-29 03:14:00,1310.7,1311.48,1310.67,1311.15,497800
VN30,2025-04-29 03:15:00,1311.18,1311.18,1310.36,1310.83,627800
VN30,2025-04-29 03:16:00,1310.66,1310.93,1310.54,1310.93,1028100
VN30,2025-04-29 03:17:00,1311.03,1311.03,1310.27,1310.67,921200
VN30,2025-04-29 03:18:00,1310.28,1311.13,1310.28,1310.56,431900
VN30,2025-04-29 03:19:00,1310.56,1310.74,1310.16,1310.25,329400
VN30,2025-04-29 03:20:00,1310.15,1310.41,1309.32,1309.32,801500
VN30,2025-04-29 03:21:00,1309.5,1310.22,1309.32,1310.22,482200
VN30,2025-04-29 03:22:00,1309.61,1310.13,1309.42,1310.13,641000
VN30,2025-04-29 03:23:00,1310.03,1310.27,1309.62,1309.62,282900
VN30,2025-04-29 03:24:00,1309.28,1309.75,1309.14,1309.14,310200
VN30,2025-04-29 03:25:00,1308.99,1309.95,1308.99,1309.71,534400
VN30,2025-04-29 03:26:00,1309.32,1309.58,1308.9,1308.9,538100
VN30,2025-04-29 03:27:00,1309.3,1309.72,1309.25,1309.38,637400
VN30,2025-04-29 03:28:00,1309.54,1309.57,1308.95,1309.12,1977200
VN30,2025-04-29 03:29:00,1309.02,1309.27,1308.49,1308.49,288000
VN30,2025-04-29 03:30:00,1308.63,1309.2,1308.63,1309.04,223000
VN30,2025-04-29 03:31:00,1308.93,1309.12,1308.26,1308.73,469700
VN30,2025-04-29 03:32:00,1308.73,1308.73,1307.46,1307.46,257900
VN30,2025-04-29 03:33:00,1307.42,1307.98,1307.26,1307.54,446400
VN30,2025-04-29 03:34:00,1307.24,1307.61,1306.93,1307.61,326700
VN30,2025-04-29 03:35:00,1307.56,1307.86,1307.42,1307.62,232700
VN30,2025-04-29 03:36:00,1307.5,1307.93,1307.5,1307.93,556000
VN30,2025-04-29 03:37:00,1308.18,1308.2,1307.55,1307.89,492400
VN30,2025-04-29 03:38:00,1307.83,1308.37,1307.73,1307.93,240100
VN30,2025-04-29 03:39:00,1308.31,1308.34,1307.64,1307.71,391300
VN30,2025-04-29 03:40:00,1307.76,1307.92,1307.52,1307.76,799700
VN30,2025-04-29 03:41:00,1307.74,1307.93,1307.74,1307.78,367400
VN30,2025-04-29 03:42:00,1307.94,1307.99,1307.51,1307.51,359601
VN30,2025-04-29 03:43:00,1307.31,1307.49,1306.9,1307.01,275000
VN30,2025-04-29 03:44:00,1306.91,1306.91,1306.2,1306.42,839500
VN30,2025-04-29 03:45:00,1306.43,1306.74,1306.2,1306.2,449700
VN30,2025-04-29 03:46:00,1306.2,1306.46,1306.09,1306.37,280700
VN30,2025-04-29 03:47:00,1306.25,1307.44,1305.88,1307.44,418700
VN30,2025-04-29 03:48:00,1307.01,1307.48,1306.78,1307.48,276700
VN30,2025-04-29 03:49:00,1307.08,1307.31,1306.81,1306.88,386700
VN30,2025-04-29 03:50:00,1306.88,1307.04,1306.58,1306.89,191500
VN30,2025-04-29 03:51:00,1306.78,1306.93,1306.44,1306.49,207400
VN30,2025-04-29 03:52:00,1306.53,1307.0,1306.41,1306.63,322000
VN30,2025-04-29 03:53:00,1306.75,1307.08,1306.21,1306.34,200700
VN30,2025-04-29 03:54:00,1306.16,1306.23,1305.63,1306.0,327600
VN30,2025-04-29 03:55:00,1306.17,1306.77,1305.98,1306.22,253300
VN30,2025-04-29 03:56:00,1306.71,1307.69,1306.71,1307.38,757500
VN30,2025-04-29 03:57:00,1307.41,1307.51,1306.91,1307.51,173100
VN30,2025-04-29 03:58:00,1307.2,1307.2,1306.55,1306.93,183801
VN30,2025-04-29 03:59:00,1307.1,1307.68,1307.02,1307.63,228600
VN30,2025-04-29 04:00:00,1307.63,1307.63,1306.28,1306.5,640200
VN30,2025-04-29 04:01:00,1306.44,1306.44,1305.71,1305.75,3144500
VN30,2025-04-29 04:02:00,1305.7,1306.83,1305.6,1306.41,489400
VN30,2025-04-29 04:03:00,1306.4,1306.53,1305.64,1305.9,480100
VN30,2025-04-29 04:04:00,1305.79,1307.41,1305.6,1306.51,293300
VN30,2025-04-29 04:05:00,1305.99,1306.49,1305.68,1305.7,280600
VN30,2025-04-29 04:06:00,1305.48,1306.17,1305.24,1306.17,399900
VN30,2025-04-29 04:07:00,1306.3,1306.3,1305.46,1305.52,288800
VN30,2025-04-29 04:08:00,1305.86,1305.86,1305.28,1305.33,199001
VN30,2025-04-29 04:09:00,1305.39,1306.31,1305.39,1306.0,458600
VN30,2025-04-29 04:10:00,1305.97,1305.97,1305.32,1305.5,307401
VN30,2025-04-29 04:11:00,1305.46,1306.19,1305.26,1305.92,341400
VN30,2025-04-29 04:12:00,1305.93,1306.26,1305.93,1306.09,422900
VN30,2025-04-29 04:13:00,1306.21,1306.72,1306.02,1306.72,195100
VN30,2025-04-29 04:14:00,1306.55,1306.92,1306.46,1306.47,765400
VN30,2025-04-29 04:15:00,1306.48,1307.02,1306.33,1306.47,1386400
VN30,2025-04-29 04:16:00,1306.41,1307.45,1306.2,1307.45,376300
VN30,2025-04-29 04:17:00,1307.23,1307.57,1307.0,1307.42,221200
VN30,2025-04-29 04:18:00,1307.42,1307.66,1307.18,1307.3,225800
VN30,2025-04-29 04:19:00,1307.27,1307.35,1306.75,1307.16,238300
VN30,2025-04-29 04:20:00,1307.08,1307.38,1307.08,1307.32,2520800
VN30,2025-04-29 04:21:00,1307.37,1307.46,1306.91,1307.06,263800
VN30,2025-04-29 04:22:00,1306.89,1308.45,1306.75,1307.16,391700
VN30,2025-04-29 04:23:00,1307.16,1307.39,1307.09,1307.22,327000
VN30,2025-04-29 04:24:00,1307.22,1307.31,1306.64,1307.31,242600
VN30,2025-04-29 04:25:00,1307.16,1307.16,1306.78,1306.99,455200
VN30,2025-04-29 04:26:00,1307.1,1307.1,1306.56,1306.79,418700
VN30,2025-04-29 04:27:00,1306.79,1307.84,1306.72,1307.35,420000
VN30,2025-04-29 04:28:00,1307.45,1307.45,1306.7,1306.8,248100
VN30,2025-04-29 04:29:00,1306.58,1306.79,1306.38,1306.71,339200
VN30,2025-04-29 04:30:00,1306.73,1306.73,1306.73,1306.73,1500
VN30,2025-04-29 06:00:00,1306.06,1306.34,1304.95,1305.42,4046800
VN30,2025-04-29 06:01:00,1305.86,1306.88,1305.58,1305.58,823300
VN30,2025-04-29 06:02:00,1306.18,1306.9,1305.5,1306.77,778000
VN30,2025-04-29 06:03:00,1306.79,1307.25,1306.37,1306.37,679001
VN30,2025-04-29 06:04:00,1306.23,1306.72,1306.15,1306.51,1816400
VN30,2025-04-29 06:05:00,1306.49,1306.77,1306.15,1306.72,837100
VN30,2025-04-29 06:06:00,1306.4,1306.75,1306.02,1306.48,1160000
VN30,2025-04-29 06:07:00,1306.75,1307.26,1305.58,1306.41,1603100
VN30,2025-04-29 06:08:00,1306.39,1306.54,1305.81,1305.81,500100
VN30,2025-04-29 06:09:00,1305.61,1307.13,1305.61,1307.06,676200
VN30,2025-04-29 06:10:00,1307.4,1307.49,1306.94,1306.94,539800
VN30,2025-04-29 06:11:00,1307.0,1307.75,1306.86,1307.68,1430400
VN30,2025-04-29 06:12:00,1307.15,1307.76,1307.02,1307.76,548700
VN30,2025-04-29 06:13:00,1307.7,1307.81,1307.1,1307.81,4451200
VN30,2025-04-29 06:14:00,1307.74,1307.89,1307.4,1307.74,1597600
VN30,2025-04-29 06:15:00,1308.16,1308.71,1307.87,1308.46,655300
VN30,2025-04-29 06:16:00,1308.36,1308.75,1308.06,1308.2,1343500
VN30,2025-04-29 06:17:00,1308.49,1308.64,1307.86,1307.86,537600
VN30,2025-04-29 06:18:00,1308.18,1308.43,1307.24,1307.36,1524900
VN30,2025-04-29 06:19:00,1307.31,1308.24,1307.31,1307.96,2668100
VN30,2025-04-29 06:20:00,1308.03,1308.16,1306.89,1306.89,7538000
VN30,2025-04-29 06:21:00,1307.28,1307.84,1307.2,1307.59,4611700
VN30,2025-04-29 06:22:00,1307.43,1308.67,1307.32,1307.7,5272200
VN30,2025-04-29 06:23:00,1308.27,1308.99,1308.27,1308.85,6160600
VN30,2025-04-29 06:24:00,1309.22,1309.41,1308.55,1309.04,2965200
VN30,2025-04-29 06:25:00,1308.74,1309.09,1308.38,1309.09,14917100
VN30,2025-04-29 06:26:00,1308.83,1309.44,1308.62,1308.71,1420909
VN30,2025-04-29 06:27:00,1308.65,1309.04,1308.43,1309.04,927000
VN30,2025-04-29 06:28:00,1309.04,1309.26,1308.74,1308.81,1729600
VN30,2025-04-29 06:29:00,1308.65,1309.02,1308.38,1308.9,620800
VN30,2025-04-29 06:30:00,1308.98,1309.6,1308.43,1308.43,739900
VN30,2025-04-29 06:31:00,1308.29,1308.78,1308.1,1308.55,556800
VN30,2025-04-29 06:32:00,1307.95,1308.52,1307.87,1308.23,802000
VN30,2025-04-29 06:33:00,1308.58,1308.58,1307.71,1307.71,485600
VN30,2025-04-29 06:34:00,1307.73,1308.13,1307.67,1308.13,904000
VN30,2025-04-29 06:35:00,1308.03,1308.21,1308.0,1308.09,808400
VN30,2025-04-29 06:36:00,1308.15,1308.61,1307.95,1307.95,1578700
VN30,2025-04-29 06:37:00,1307.72,1308.26,1307.72,1308.05,1020700
VN30,2025-04-29 06:38:00,1308.27,1308.43,1307.99,1308.11,2628400
VN30,2025-04-29 06:39:00,1308.36,1309.06,1308.36,1308.76,2707500
VN30,2025-04-29 06:40:00,1308.83,1309.1,1308.78,1309.04,2816100
VN30,2025-04-29 06:41:00,1308.98,1309.58,1308.7,1309.29,759500
VN30,2025-04-29 06:42:00,1309.64,1310.08,1309.63,1309.95,873700
VN30,2025-04-29 06:43:00,1309.54,1310.4,1309.54,1310.4,1401500
VN30,2025-04-29 06:44:00,1310.65,1311.11,1310.65,1310.97,1630700
VN30,2025-04-29 06:45:00,1311.18,1311.36,1310.88,1310.95,1086300
VN30,2025-04-29 06:46:00,1310.46,1311.11,1310.46,1310.78,915100
VN30,2025-04-29 06:47:00,1310.86,1310.92,1310.55,1310.67,995100
VN30,2025-04-29 06:48:00,1310.56,1311.47,1310.56,1311.37,1013700
VN30,2025-04-29 06:49:00,1311.16,1311.48,1310.83,1310.97,884000
VN30,2025-04-29 06:50:00,1311.03,1311.03,1310.1,1310.52,1222400
VN30,2025-04-29 06:51:00,1310.95,1311.29,1310.45,1310.99,890600
VN30,2025-04-29 06:52:00,1310.81,1310.99,1310.3,1310.44,1180900
VN30,2025-04-29 06:53:00,1310.88,1311.1,1310.7,1311.07,1180700
VN30,2025-04-29 06:54:00,1311.43,1311.71,1311.28,1311.28,1017700
VN30,2025-04-29 06:55:00,1311.41,1312.58,1311.1,1312.43,1312300
VN30,2025-04-29 06:56:00,1312.58,1312.58,1311.54,1311.99,666000
VN30,2025-04-29 06:57:00,1311.87,1312.11,1311.4,1311.84,1578400
VN30,2025-04-29 06:58:00,1311.84,1311.85,1311.36,1311.81,1099300
VN30,2025-04-29 06:59:00,1311.49,1311.8,1311.15,1311.8,1150000
VN30,2025-04-29 07:00:00,1311.6,1312.22,1311.51,1311.99,3711600
VN30,2025-04-29 07:01:00,1311.59,1312.02,1311.4,1311.96,819000
VN30,2025-04-29 07:02:00,1311.94,1311.94,1311.44,1311.5,2435100
VN30,2025-04-29 07:03:00,1311.55,1311.71,1310.98,1311.52,1329700
VN30,2025-04-29 07:04:00,1311.43,1311.5,1310.33,1310.33,1082600
VN30,2025-04-29 07:05:00,1309.82,1310.14,1309.55,1309.91,906700
VN30,2025-04-29 07:06:00,1310.09,1311.04,1309.28,1310.37,850600
VN30,2025-04-29 07:07:00,1310.23,1310.41,1309.1,1310.28,954000
VN30,2025-04-29 07:08:00,1310.14,1310.28,1309.2,1309.7,2053200
VN30,2025-04-29 07:09:00,1309.58,1310.96,1309.58,1309.71,1989900
VN30,2025-04-29 07:10:00,1310.81,1311.19,1309.9,1310.27,1530700
VN30,2025-04-29 07:11:00,1310.29,1311.73,1310.02,1311.19,1147000
VN30,2025-04-29 07:12:00,1311.18,1311.18,1310.23,1310.64,1411000
VN30,2025-04-29 07:13:00,1310.75,1311.75,1310.71,1311.39,1069201
VN30,2025-04-29 07:14:00,1311.03,1311.16,1309.18,1309.18,995200
VN30,2025-04-29 07:15:00,1311.55,1311.55,1309.15,1310.01,1344300
VN30,2025-04-29 07:16:00,1309.99,1310.66,1309.71,1310.4,1406600
VN30,2025-04-29 07:17:00,1310.01,1310.76,1309.62,1309.79,2229800
VN30,2025-04-29 07:18:00,1309.81,1310.73,1309.41,1309.72,2273200
VN30,2025-04-29 07:19:00,1310.37,1311.08,1310.1,1310.38,1163700
VN30,2025-04-29 07:20:00,1310.54,1310.61,1309.88,1310.4,1971600
VN30,2025-04-29 07:21:00,1310.09,1310.78,1309.99,1310.67,2744900
VN30,2025-04-29 07:22:00,1310.74,1311.67,1310.41,1311.67,1445100
VN30,2025-04-29 07:23:00,1311.51,1311.61,1310.94,1311.06,2240200
VN30,2025-04-29 07:24:00,1311.04,1312.3,1311.04,1312.05,2733800
VN30,2025-04-29 07:25:00,1311.9,1312.43,1311.6,1312.41,2260800
VN30,2025-04-29 07:26:00,1312.48,1312.88,1311.84,1312.82,2545500
VN30,2025-04-29 07:27:00,1312.8,1312.81,1312.42,1312.79,2373400
VN30,2025-04-29 07:28:00,1312.76,1312.76,1311.54,1312.09,2262000
VN30,2025-04-29 07:29:00,1311.81,1312.17,1310.37,1312.17,4772600
VN30,2025-04-29 07:30:00,1311.18,1311.18,1311.18,1311.18,149700
VN30,2025-04-29 07:45:00,1310.45,1310.45,1309.73,1309.73,32254600
